path,name,ext,mime,drive_id,download_url
/.DS_Store,.DS_Store,,application/octet-stream,1ACzmULFznDkFIRTq_WBll1X7QTr39FXE,https://drive.google.com/uc?export=download&id=1ACzmULFznDkFIRTq_WBll1X7QTr39FXE
/_downloads,_downloads,,google-document,1O5pJXQjPOWXKNzteRBz6_nyDxRG5J4U9iURrtOyjN64,https://docs.google.com/document/d/1O5pJXQjPOWXKNzteRBz6_nyDxRG5J4U9iURrtOyjN64/export?format=txt
/accreditation-elections-municipales-2018/index,index,,google-document,17CkMMP7aUBod8ujk-raJ9c-4ZW4KmS34D28F-Z2gZpc,https://docs.google.com/document/d/17CkMMP7aUBod8ujk-raJ9c-4ZW4KmS34D28F-Z2gZpc/export?format=txt
/accreditation/index,index,,google-document,1TBzSK6vtqsV1xjjN_g5x9Cs6V3bZv6Oxe__RSRX1Hfg,https://docs.google.com/document/d/1TBzSK6vtqsV1xjjN_g5x9Cs6V3bZv6Oxe__RSRX1Hfg/export?format=txt
/actualites/index,index,,google-document,1vZnU1GfTdD6nnXTL9aYhrwAuLA_VkTMXC_gYwdrXXis,https://docs.google.com/document/d/1vZnU1GfTdD6nnXTL9aYhrwAuLA_VkTMXC_gYwdrXXis/export?format=txt
/appels-doffre/index,index,,google-document,1MvwBbuQeSAq5TNQRASWb5EZ1r0ZE2dsC3Yvi-ReYoU4,https://docs.google.com/document/d/1MvwBbuQeSAq5TNQRASWb5EZ1r0ZE2dsC3Yvi-ReYoU4/export?format=txt
/ar/.DS_Store,.DS_Store,,application/octet-stream,1oX1RQMWVwn62Mp3Gif8Y6X9_ZGYMiZvd,https://drive.google.com/uc?export=download&id=1oX1RQMWVwn62Mp3Gif8Y6X9_ZGYMiZvd
/ar/accreditation/index,index,,google-document,1bvodqHIEd1F0KjufZmdsJT5ejoGS8CrPEOjF4oq4ZAo,https://docs.google.com/document/d/1bvodqHIEd1F0KjufZmdsJT5ejoGS8CrPEOjF4oq4ZAo/export?format=txt
/ar/bv-elec-pres-2024/index,index,,google-document,1H3Tl6wfAX3cmHI1Ws9oEkTF_fbYRAmbfjbHEgNoOw4s,https://docs.google.com/document/d/1H3Tl6wfAX3cmHI1Ws9oEkTF_fbYRAmbfjbHEgNoOw4s/export?format=txt
/ar/communiques-ar/.DS_Store,.DS_Store,,application/octet-stream,1cfymHCBnmwZ--o6vFgeZn4bhuDOqYG0d,https://drive.google.com/uc?export=download&id=1cfymHCBnmwZ--o6vFgeZn4bhuDOqYG0d
/ar/communiques-ar/index,index,,google-document,1evo_UZJ1QO60Q-k_MlC5MBrmvJGf2VmDraPT4eae1k8,https://docs.google.com/document/d/1evo_UZJ1QO60Q-k_MlC5MBrmvJGf2VmDraPT4eae1k8/export?format=txt
/ar/egis/index,index,,google-document,1NcC4qpYmmxcQ2FdvoXWfcZR1BVDMjkkTUAZ6OXBHbZk,https://docs.google.com/document/d/1NcC4qpYmmxcQ2FdvoXWfcZR1BVDMjkkTUAZ6OXBHbZk/export?format=txt
/ar/electeurs/index,index,,google-document,1yjboR9ScXzJc3UGZgG7fpNiMFLx97P8LqkB1Wkn5z_0,https://docs.google.com/document/d/1yjboR9ScXzJc3UGZgG7fpNiMFLx97P8LqkB1Wkn5z_0/export?format=txt
/ar/election-presidentielle-2024/.DS_Store,.DS_Store,,application/octet-stream,1h1L2Hd1aoOnbqzvKrASSATQnl12mJbIY,https://drive.google.com/uc?export=download&id=1h1L2Hd1aoOnbqzvKrASSATQnl12mJbIY
/ar/election-presidentielle-2024/index,index,,google-document,1WMQSaMUuAhhJa0hPWO_BrU-tud6Z42ye_6Smcmh3ekw,https://docs.google.com/document/d/1WMQSaMUuAhhJa0hPWO_BrU-tud6Z42ye_6Smcmh3ekw/export?format=txt
/ar/elections-locales-2023-ar/index,index,,google-document,1aGfxXDSFc4B7XfdkgfgyM0dQsO67gFeyE2Un4toTdWM,https://docs.google.com/document/d/1aGfxXDSFc4B7XfdkgfgyM0dQsO67gFeyE2Un4toTdWM/export?format=txt
/ar/index,index,,google-document,1E_7C5G4z3C-JccvTN35oDSbDkR7jzHXQopjlrKSoPQc,https://docs.google.com/document/d/1E_7C5G4z3C-JccvTN35oDSbDkR7jzHXQopjlrKSoPQc/export?format=txt
/ar/liste-nominative-des-candidats-aux-elections-municipales-2018/index,index,,google-document,15ZOV1tEAnVAbx2_GbSdOv4FggZbbc0t2mX34-QItJWg,https://docs.google.com/document/d/15ZOV1tEAnVAbx2_GbSdOv4FggZbbc0t2mX34-QItJWg/export?format=txt
/ar/listes-candidates-aux-elections-municipales-2018-enregistrement-audio/index,index,,google-document,1c7rNR8GhoxFhMd6m7G7NGOtQcyhd4Ipwv5ojZi_VGAo,https://docs.google.com/document/d/1c7rNR8GhoxFhMd6m7G7NGOtQcyhd4Ipwv5ojZi_VGAo/export?format=txt
/ar/listes-candidates-aux-elections-municipales-2018/index,index,,google-document,1H4IaTMimzToAg2qXn9sMTcKa5cw_t1344LQULid8n_8,https://docs.google.com/document/d/1H4IaTMimzToAg2qXn9sMTcKa5cw_t1344LQULid8n_8/export?format=txt
/ar/modeles-de-bulletins-de-vote/index,index,,google-document,1Z-RfNHDcM7dvEbvj9DfIaTedvm8IGaCASU3CRlvJFWc,https://docs.google.com/document/d/1Z-RfNHDcM7dvEbvj9DfIaTedvm8IGaCASU3CRlvJFWc/export?format=txt
/ar/presidentielle-2024-resultat-preliminaire/index,index,,google-document,1Bolcndt2Cj-4i9J5FpjY8sUgvhD86UvqUp8E86Lh7y4,https://docs.google.com/document/d/1Bolcndt2Cj-4i9J5FpjY8sUgvhD86UvqUp8E86Lh7y4/export?format=txt
/ar/recrutement/index,index,,google-document,1fKt-BqEJie5IrT4QT066wXwPwgVwzeujfq251wDDQtM,https://docs.google.com/document/d/1fKt-BqEJie5IrT4QT066wXwPwgVwzeujfq251wDDQtM/export?format=txt
/ar/resultats-finals-ariana/index,index,,google-document,1Q5xBVvmyREjIw2xu4F5S2exconnOITbd1C-RQ5_NrQ4,https://docs.google.com/document/d/1Q5xBVvmyREjIw2xu4F5S2exconnOITbd1C-RQ5_NrQ4/export?format=txt
/ar/resultats-finals-beja/index,index,,google-document,1JgUBvQCDnxIZAVRYPxL6tmpPNuvfd7GPStOr0mi9i54,https://docs.google.com/document/d/1JgUBvQCDnxIZAVRYPxL6tmpPNuvfd7GPStOr0mi9i54/export?format=txt
/ar/resultats-finals-gabes/index,index,,google-document,1nykhSfmeUIy-1hRmOHwt1L14_s5s-2Txm_YwtYXLh5s,https://docs.google.com/document/d/1nykhSfmeUIy-1hRmOHwt1L14_s5s-2Txm_YwtYXLh5s/export?format=txt
/ar/resultats-finals-gafsa/index,index,,google-document,1wAPMgI25JSmWS3ncEW_TKO9u52qagifIb84TnlXVgn4,https://docs.google.com/document/d/1wAPMgI25JSmWS3ncEW_TKO9u52qagifIb84TnlXVgn4/export?format=txt
/ar/resultats-finals-jendouba/index,index,,google-document,19_t584ztEnjVcrcOd413iPNb6v8f9uI5UB3xb8jXmeA,https://docs.google.com/document/d/19_t584ztEnjVcrcOd413iPNb6v8f9uI5UB3xb8jXmeA/export?format=txt
/ar/resultats-finals-kasserine/index,index,,google-document,11pQcD4D8Rcw-LiSYck1fTT7-on-leRkQDdG3GWXjHVU,https://docs.google.com/document/d/11pQcD4D8Rcw-LiSYck1fTT7-on-leRkQDdG3GWXjHVU/export?format=txt
/ar/resultats-finals-kebili/index,index,,google-document,1RZGTvDSk3-yMFYScjj-TBeQVsBoG2mzRY1Z2QcNRfr8,https://docs.google.com/document/d/1RZGTvDSk3-yMFYScjj-TBeQVsBoG2mzRY1Z2QcNRfr8/export?format=txt
/ar/resultats-finals-mahdia/index,index,,google-document,1d3K4C7ne07U5hgsmCIvfe04x6K668PHbv_OU5uLERnU,https://docs.google.com/document/d/1d3K4C7ne07U5hgsmCIvfe04x6K668PHbv_OU5uLERnU/export?format=txt
/ar/resultats-finals-mannouba/index,index,,google-document,1NXdQ6--dgiUsQ3wXZ8nSPdIvp-Iw_ZN6eV_Z7DpPx5M,https://docs.google.com/document/d/1NXdQ6--dgiUsQ3wXZ8nSPdIvp-Iw_ZN6eV_Z7DpPx5M/export?format=txt
/ar/resultats-finals-nabeul-2/index,index,,google-document,1ppBnGsZgYeCBMWfNHRYZF-IST0XT_q9OjdB8AO9712M,https://docs.google.com/document/d/1ppBnGsZgYeCBMWfNHRYZF-IST0XT_q9OjdB8AO9712M/export?format=txt
/ar/resultats-finals-sfax-1/index,index,,google-document,1N91hW5xNVmA7p4BCXUWXK7KdlDwZi6PRCEffSLU0rOI,https://docs.google.com/document/d/1N91hW5xNVmA7p4BCXUWXK7KdlDwZi6PRCEffSLU0rOI/export?format=txt
/ar/resultats-finals-sfax-2/index,index,,google-document,1k5A4WyfyIdpO9uxcFwc4KBl6acjw6ej44L8pGjayxHU,https://docs.google.com/document/d/1k5A4WyfyIdpO9uxcFwc4KBl6acjw6ej44L8pGjayxHU/export?format=txt
/ar/resultats-finals-siliana/index,index,,google-document,1FyXfTpZfNu0soD5eHzj_VJZcdDEaBKkfiNWWdcK1kVw,https://docs.google.com/document/d/1FyXfTpZfNu0soD5eHzj_VJZcdDEaBKkfiNWWdcK1kVw/export?format=txt
/ar/resultats-finals-sousse/index,index,,google-document,1t5ruMdnH0x-rwRwLs2Hpt4lr5YVI9kZTbC6v7cv113E,https://docs.google.com/document/d/1t5ruMdnH0x-rwRwLs2Hpt4lr5YVI9kZTbC6v7cv113E/export?format=txt
/ar/resultats-finals-tataouine/index,index,,google-document,1I5UC4TD0Yh9EZptCG8OYyTppNgdPbFoFEoL4e6S9x8Q,https://docs.google.com/document/d/1I5UC4TD0Yh9EZptCG8OYyTppNgdPbFoFEoL4e6S9x8Q/export?format=txt
/ar/resultats-finals-tozeur/index,index,,google-document,1bfgBEiUqkZ25LZsoUSxVWM82ZcQfudyd-UzuRyv0UYY,https://docs.google.com/document/d/1bfgBEiUqkZ25LZsoUSxVWM82ZcQfudyd-UzuRyv0UYY/export?format=txt
/ar/resultats-finals-tunis-1/index,index,,google-document,1PIETCjsHsdF4QTxrs4YRVZmPWVaPAOXEX3r49bTpjFc,https://docs.google.com/document/d/1PIETCjsHsdF4QTxrs4YRVZmPWVaPAOXEX3r49bTpjFc/export?format=txt
/ar/resultats-finals-tunis-2/index,index,,google-document,1AXxDSqQ-CqxOEXoOjh_vB7PV9JCJU0MIz_Dh8b0D2xs,https://docs.google.com/document/d/1AXxDSqQ-CqxOEXoOjh_vB7PV9JCJU0MIz_Dh8b0D2xs/export?format=txt
/ar/resultats-finals-zaghouan/index,index,,google-document,1pbVC4PLM063pKKOhpYyJ7l0Lp7xa7-gy4pDoydoHUpA,https://docs.google.com/document/d/1pbVC4PLM063pKKOhpYyJ7l0Lp7xa7-gy4pDoydoHUpA/export?format=txt
/ar/resultats-preliminaires-ariana/index,index,,google-document,12QesGTIAsuK5OKVuEucq1yCM0FAp5r8i1aF8rN5Ew0A,https://docs.google.com/document/d/12QesGTIAsuK5OKVuEucq1yCM0FAp5r8i1aF8rN5Ew0A/export?format=txt
/ar/resultats-preliminaires-beja/index,index,,google-document,1OQsQYSF9mAuyKoTNr0cohOL1gpuubMQ2Iq9Kri2wr4c,https://docs.google.com/document/d/1OQsQYSF9mAuyKoTNr0cohOL1gpuubMQ2Iq9Kri2wr4c/export?format=txt
/ar/resultats-preliminaires-ben-arous/index,index,,google-document,1mOS911O-_YhAigExt9tTVRjenIqFP36QMnFEBz_75RQ,https://docs.google.com/document/d/1mOS911O-_YhAigExt9tTVRjenIqFP36QMnFEBz_75RQ/export?format=txt
/ar/resultats-preliminaires-bizerte/index,index,,google-document,1BsSuOYmMzlWVaG9ZCyM8Bu4DPC4RSsJBibCVnWtR3zQ,https://docs.google.com/document/d/1BsSuOYmMzlWVaG9ZCyM8Bu4DPC4RSsJBibCVnWtR3zQ/export?format=txt
/ar/resultats-preliminaires-el-kef/index,index,,google-document,1vXxMsIkeQBAfn3MOVvgQqdRuC0_M8KIxqnNbbR1UIfs,https://docs.google.com/document/d/1vXxMsIkeQBAfn3MOVvgQqdRuC0_M8KIxqnNbbR1UIfs/export?format=txt
/ar/resultats-preliminaires-gabes/index,index,,google-document,1fzxOj8O2zizS_FvGxaMLuphQmLgchfeCHxZTEvkpMq4,https://docs.google.com/document/d/1fzxOj8O2zizS_FvGxaMLuphQmLgchfeCHxZTEvkpMq4/export?format=txt
/ar/resultats-preliminaires-gafsa/index,index,,google-document,14HB3C6-lWqA3gmeO4mNP8aDmfKQUT8IkYfHDxDjVMGE,https://docs.google.com/document/d/14HB3C6-lWqA3gmeO4mNP8aDmfKQUT8IkYfHDxDjVMGE/export?format=txt
/ar/resultats-preliminaires-jendouba/index,index,,google-document,1L0ZTQMHeh1qyOK9m-HYBdMNptdxKp_RCblcbMsWlIEY,https://docs.google.com/document/d/1L0ZTQMHeh1qyOK9m-HYBdMNptdxKp_RCblcbMsWlIEY/export?format=txt
/ar/resultats-preliminaires-kairouan/index,index,,google-document,1PD1H2XbgeWJcopzbwXPq1AakMDfWISM-jfG2C69zxVw,https://docs.google.com/document/d/1PD1H2XbgeWJcopzbwXPq1AakMDfWISM-jfG2C69zxVw/export?format=txt
/ar/resultats-preliminaires-kebili/index,index,,google-document,1p8hHIZeEjqUOWsK1vZbiFeRx_J9K3LPYeSrqUqaz2_8,https://docs.google.com/document/d/1p8hHIZeEjqUOWsK1vZbiFeRx_J9K3LPYeSrqUqaz2_8/export?format=txt
/ar/resultats-preliminaires-mahdia/index,index,,google-document,1CpGYlnz9xCPOgvjPUCv2LJ-6naL_4H9OeJDp9gVxvII,https://docs.google.com/document/d/1CpGYlnz9xCPOgvjPUCv2LJ-6naL_4H9OeJDp9gVxvII/export?format=txt
/ar/resultats-preliminaires-mannouba/index,index,,google-document,1Lnyl0qA6v51pRCOqtfTbE36zkTVqUrNAgDGCkm8Elog,https://docs.google.com/document/d/1Lnyl0qA6v51pRCOqtfTbE36zkTVqUrNAgDGCkm8Elog/export?format=txt
/ar/resultats-preliminaires-medenine/index,index,,google-document,1HzvajEKmQOrjzig-RmU5EYpXKlM1aWtsEDkx-eadjsQ,https://docs.google.com/document/d/1HzvajEKmQOrjzig-RmU5EYpXKlM1aWtsEDkx-eadjsQ/export?format=txt
/ar/resultats-preliminaires-monastir/index,index,,google-document,1FtJ2ztMNiaBpvQOoEQd-FLFUjXFLfhcV3-lirFp2zWY,https://docs.google.com/document/d/1FtJ2ztMNiaBpvQOoEQd-FLFUjXFLfhcV3-lirFp2zWY/export?format=txt
/ar/resultats-preliminaires-nabeul-1/index,index,,google-document,1X0dHMk90JaqC-IcqYCH-gmEJBwV6bOpLd9cn41-UmDc,https://docs.google.com/document/d/1X0dHMk90JaqC-IcqYCH-gmEJBwV6bOpLd9cn41-UmDc/export?format=txt
/ar/resultats-preliminaires-nabeul-2/index,index,,google-document,1-vnVbE3nBXVkKsIYO1Yum1L22-KMZ1ZOaVmKlBJM0Xg,https://docs.google.com/document/d/1-vnVbE3nBXVkKsIYO1Yum1L22-KMZ1ZOaVmKlBJM0Xg/export?format=txt
/ar/resultats-preliminaires-sfax-1/index,index,,google-document,1VLbkctPU9auRxF6ZW-1U6JiyG20WRadz9Bn1Btx54kM,https://docs.google.com/document/d/1VLbkctPU9auRxF6ZW-1U6JiyG20WRadz9Bn1Btx54kM/export?format=txt
/ar/resultats-preliminaires-sfax-2/index,index,,google-document,1v-KQSQlRZkQpDX8Ud9q5L1paA6TJBLkqW5vergZq2cQ,https://docs.google.com/document/d/1v-KQSQlRZkQpDX8Ud9q5L1paA6TJBLkqW5vergZq2cQ/export?format=txt
/ar/resultats-preliminaires-sidi-bouzid/index,index,,google-document,1R2px52IZ1tdpQgk7v68zSE3_rkN1c0cCHjlfduBzk70,https://docs.google.com/document/d/1R2px52IZ1tdpQgk7v68zSE3_rkN1c0cCHjlfduBzk70/export?format=txt
/ar/resultats-preliminaires-siliana/index,index,,google-document,1vPLQ3VHhhZpfu3d6iJIlzTLJkb2CpkCQaeVCvP07SyQ,https://docs.google.com/document/d/1vPLQ3VHhhZpfu3d6iJIlzTLJkb2CpkCQaeVCvP07SyQ/export?format=txt
/ar/resultats-preliminaires-sousse/index,index,,google-document,1s2z_DWvOUnCn_IrY96xXCjIBFtlG_F7s8CL72zRyKlw,https://docs.google.com/document/d/1s2z_DWvOUnCn_IrY96xXCjIBFtlG_F7s8CL72zRyKlw/export?format=txt
/ar/resultats-preliminaires-tataouine/index,index,,google-document,12TWo-4kzmI71XKagxAouDIGPU_s9k3G8u9GlrOwrkA8,https://docs.google.com/document/d/12TWo-4kzmI71XKagxAouDIGPU_s9k3G8u9GlrOwrkA8/export?format=txt
/ar/resultats-preliminaires-tozeur/index,index,,google-document,16bF7WZbspkXWKRR1ogv7e7qD9_NBq3NSH1vWNZOaFNQ,https://docs.google.com/document/d/16bF7WZbspkXWKRR1ogv7e7qD9_NBq3NSH1vWNZOaFNQ/export?format=txt
/ar/resultats-preliminaires-tunis-1/index,index,,google-document,1rg-xcgZoLHqKoRhZmOMlpUHf5s81PPNZ11B1N9dmNTA,https://docs.google.com/document/d/1rg-xcgZoLHqKoRhZmOMlpUHf5s81PPNZ11B1N9dmNTA/export?format=txt
/ar/resultats-preliminaires-tunis-2/index,index,,google-document,1gZLyTFOoskjv3Sv5tgXKQoTDXe5CvxAJPoakbUX5DYI,https://docs.google.com/document/d/1gZLyTFOoskjv3Sv5tgXKQoTDXe5CvxAJPoakbUX5DYI/export?format=txt
/ar/resultats-preliminaires-zaghouan/index,index,,google-document,16ZjFOJXYOsba8PdwrH1RpaE7JuglQo_2HIhpQhm6XKM,https://docs.google.com/document/d/16ZjFOJXYOsba8PdwrH1RpaE7JuglQo_2HIhpQhm6XKM/export?format=txt
/ar/retrait-confiance/index,index,,google-document,1J1LmSF3Jjp9HMsORn8AP_766M5GuyGMDwPsYqELsyMw,https://docs.google.com/document/d/1J1LmSF3Jjp9HMsORn8AP_766M5GuyGMDwPsYqELsyMw/export?format=txt
/ar/tazkiyat2024/index,index,,google-document,1vEp6x71fElMHUyvz4BhOZdkdkuJsy9BeuB4DIfnddkg,https://docs.google.com/document/d/1vEp6x71fElMHUyvz4BhOZdkdkuJsy9BeuB4DIfnddkg/export?format=txt
/ar/wp-json/index.json,index.json,json,application/json,1Sxd5OSPt1jmPNhDYv8Pn-x2U3v0nHC1F,https://drive.google.com/uc?export=download&id=1Sxd5OSPt1jmPNhDYv8Pn-x2U3v0nHC1F
/ar/wp-json/wp/v2/pages/13646.json,13646.json,json,application/json,1-WRbunUX3Wj08ulaZo1zYyTsZnLLg2CS,https://drive.google.com/uc?export=download&id=1-WRbunUX3Wj08ulaZo1zYyTsZnLLg2CS
/ar/wp-json/wp/v2/pages/19308.json,19308.json,json,application/json,1q1uCjlLYS6d95dzzUJfzi5ca8oaeBDJb,https://drive.google.com/uc?export=download&id=1q1uCjlLYS6d95dzzUJfzi5ca8oaeBDJb
/ar/wp-json/wp/v2/pages/19444.json,19444.json,json,application/json,17j4_U-8MhyvRyRIaEFXj9sTnphvyYlrX,https://drive.google.com/uc?export=download&id=17j4_U-8MhyvRyRIaEFXj9sTnphvyYlrX
/ar/wp-json/wp/v2/pages/20516.json,20516.json,json,application/json,1zK7C0C-C90Ww7TwJb-kXKHNqlx5vkH7H,https://drive.google.com/uc?export=download&id=1zK7C0C-C90Ww7TwJb-kXKHNqlx5vkH7H
/ar/wp-json/wp/v2/posts/17870.json,17870.json,json,application/json,1pG2bHwO-_l_JM_-wuTYe11bxn7ECj0cg,https://drive.google.com/uc?export=download&id=1pG2bHwO-_l_JM_-wuTYe11bxn7ECj0cg
/ar/الانتخابات/index,index,,google-document,1mtt-OsOTK91NahTMJfAEkrJ5WYnSYN6W8b3CnEbdQUI,https://docs.google.com/document/d/1mtt-OsOTK91NahTMJfAEkrJ5WYnSYN6W8b3CnEbdQUI/export?format=txt
/ar/الإعلام/index,index,,google-document,1JdDp-WG-wUlqL_4ZihDiPJWBOFJfYHHbxjT7BnGu8ck,https://docs.google.com/document/d/1JdDp-WG-wUlqL_4ZihDiPJWBOFJfYHHbxjT7BnGu8ck/export?format=txt
/ar/النتائج-الأولية-القصرين/index,index,,google-document,1j1IEvP5ooVXL_I3q9pavujlRgxG3wY6gcEHhnlBf2R4,https://docs.google.com/document/d/1j1IEvP5ooVXL_I3q9pavujlRgxG3wY6gcEHhnlBf2R4/export?format=txt
/ar/النتائج-النهائية-القيروان/index,index,,google-document,1-4jMgYlR1kxUR10L6dTSYN8M5VIUOVnGi0iUvglEhyI,https://docs.google.com/document/d/1-4jMgYlR1kxUR10L6dTSYN8M5VIUOVnGi0iUvglEhyI/export?format=txt
/ar/النتائج-النهائية-الكاف/index,index,,google-document,1lsc1yyWUykKrSkkAxqTMnXP8OBcFh12cIKTTy_gziaQ,https://docs.google.com/document/d/1lsc1yyWUykKrSkkAxqTMnXP8OBcFh12cIKTTy_gziaQ/export?format=txt
/ar/النتائج-النهائية-المنستير/index,index,,google-document,1VrEpWkRz83G9HtMKlF5cSHu2DobkR-b1OQ2iWLAXx-U,https://docs.google.com/document/d/1VrEpWkRz83G9HtMKlF5cSHu2DobkR-b1OQ2iWLAXx-U/export?format=txt
/ar/النتائج-النهائية-بن-عروس/index,index,,google-document,1LjA2V80Ry8LcNpfawj3V8FILQDLybq2HUT2ef50RThE,https://docs.google.com/document/d/1LjA2V80Ry8LcNpfawj3V8FILQDLybq2HUT2ef50RThE/export?format=txt
/ar/النتائج-النهائية-بنزرت/index,index,,google-document,1CHj8Jh3zVmisJPUpPLKsHfDbK_-xKJEtLvSeC-ofgeM,https://docs.google.com/document/d/1CHj8Jh3zVmisJPUpPLKsHfDbK_-xKJEtLvSeC-ofgeM/export?format=txt
/ar/النتائج-النهائية-سيدي-بوزيد/index,index,,google-document,1gA9e5phX1pa8aMxW4o5iQmby0neFK63ZtH5IP6RL8eM,https://docs.google.com/document/d/1gA9e5phX1pa8aMxW4o5iQmby0neFK63ZtH5IP6RL8eM/export?format=txt
/ar/النتائج-النهائية-مدنين/index,index,,google-document,1H861s3EhY7qNSMmCuXoFUNjZ4xeMGQBW8kl6hDyM-PA,https://docs.google.com/document/d/1H861s3EhY7qNSMmCuXoFUNjZ4xeMGQBW8kl6hDyM-PA/export?format=txt
/ar/النتائج-النهائية-نابل-1/index,index,,google-document,1We8rq5ifT1w2jUgj6htAo96RSzevFP2G6D-hyidp7L8,https://docs.google.com/document/d/1We8rq5ifT1w2jUgj6htAo96RSzevFP2G6D-hyidp7L8/export?format=txt
/ar/النتائج/index,index,,google-document,1JWvH-iFfvtPZm8S9bK3d00NsUhf8mEQlLObTK41IVqA,https://docs.google.com/document/d/1JWvH-iFfvtPZm8S9bK3d00NsUhf8mEQlLObTK41IVqA/export?format=txt
/ar/الهيئة/index,index,,google-document,1rboh72RfbBpEQ6R2ZBjF-U4ud0VR-z5vkIRnPXRDRZA,https://docs.google.com/document/d/1rboh72RfbBpEQ6R2ZBjF-U4ud0VR-z5vkIRnPXRDRZA/export?format=txt
/ar/إحصائيات-لعملية-التسجيل/index,index,,google-document,1AtOBL0g9dbXCwg4ybFILA1zNj8Qha5Dv3889oFDOg_Q,https://docs.google.com/document/d/1AtOBL0g9dbXCwg4ybFILA1zNj8Qha5Dv3889oFDOg_Q/export?format=txt
/ar/إحصائيات/index,index,,google-document,1NH214WCpGZQThjQNjkRBFF7y3bWMYCBWgD3rENvl2Dc,https://docs.google.com/document/d/1NH214WCpGZQThjQNjkRBFF7y3bWMYCBWgD3rENvl2Dc/export?format=txt
/ar/إعتماد-الانتخابات-البلدية-2018/index,index,,google-document,1JVGGbe0IvJxw1uEtl6_-rgdv5J7RTm_6yDqc8p8biBw,https://docs.google.com/document/d/1JVGGbe0IvJxw1uEtl6_-rgdv5J7RTm_6yDqc8p8biBw/export?format=txt
/ar/إفتتاحية/index,index,,google-document,1P7VjV_C7-Sonj7B5byKBk-Z7XeA6k-G6WUmLh8SQ14I,https://docs.google.com/document/d/1P7VjV_C7-Sonj7B5byKBk-Z7XeA6k-G6WUmLh8SQ14I/export?format=txt
/ar/بطاقات-كشف-التشريعية/index,index,,google-document,1Mts6mb7vsPprDGsrNyZcbqKmQM8aNF-K2HV8ED1qajc,https://docs.google.com/document/d/1Mts6mb7vsPprDGsrNyZcbqKmQM8aNF-K2HV8ED1qajc/export?format=txt
/ar/دراسات-وثائق/index,index,,google-document,1J26cA_LyxoZDlWc_Kyanfsr9Agt8y4RjjS43Gf3eclU,https://docs.google.com/document/d/1J26cA_LyxoZDlWc_Kyanfsr9Agt8y4RjjS43Gf3eclU/export?format=txt
/ar/صحافة/index,index,,google-document,1aRA6u4PL2MKlrL5Y2mJYGCsM7kYRAuuJTs-fEzH8nlA,https://docs.google.com/document/d/1aRA6u4PL2MKlrL5Y2mJYGCsM7kYRAuuJTs-fEzH8nlA/export?format=txt
/ar/طلب-عروض/index,index,,google-document,1EgMPs1vkBg_YUgKRPvIRic6309Z44UOAby8BntAMOP8,https://docs.google.com/document/d/1EgMPs1vkBg_YUgKRPvIRic6309Z44UOAby8BntAMOP8/export?format=txt
/ar/عاجل/index,index,,google-document,1Oc-ilKvTjPoEY2VY6ZiMruSE3mSuqrYIH2RVpYcQrcY,https://docs.google.com/document/d/1Oc-ilKvTjPoEY2VY6ZiMruSE3mSuqrYIH2RVpYcQrcY/export?format=txt
/ar/قرار-الهيئة-العليا-المستقلة-للإنتخاب/index,index,,google-document,1HI6_OWi-QK0ZPXx3gcoDy-zP45wae8kcZaEcEjHbjUw,https://docs.google.com/document/d/1HI6_OWi-QK0ZPXx3gcoDy-zP45wae8kcZaEcEjHbjUw/export?format=txt
/ar/للإتصال/index,index,,google-document,17rcn7rM3pLv83rKlTMrDHrBEkK3-8tU7DCsJMto7KMQ,https://docs.google.com/document/d/17rcn7rM3pLv83rKlTMrDHrBEkK3-8tU7DCsJMto7KMQ/export?format=txt
/ar/محاضر-عملية-الفرز-للدورة-الثانية/index,index,,google-document,1PIKnV7-8f-6n4CEzWUdVc05Bq_jMHt_qbwEwTnMxvvE,https://docs.google.com/document/d/1PIKnV7-8f-6n4CEzWUdVc05Bq_jMHt_qbwEwTnMxvvE/export?format=txt
/ar/محاضر-مراكز-تجميع-النتائج/index,index,,google-document,1QyDLxrur_60S5eLX1YSMiQM4coTLZgPcgrOORKhI5ZE,https://docs.google.com/document/d/1QyDLxrur_60S5eLX1YSMiQM4coTLZgPcgrOORKhI5ZE/export?format=txt
/ar/مستجدات/index,index,,google-document,1AQWg_TGINhrCMaZuOnNLsS86bo0bsV3E7i_TZEaPMBY,https://docs.google.com/document/d/1AQWg_TGINhrCMaZuOnNLsS86bo0bsV3E7i_TZEaPMBY/export?format=txt
/bienvenue-sur-notre-site/index,index,,google-document,14tlI3CqpkaHauNlzSZuX6AA7KSBt_cD8iZiluVlQ1C8,https://docs.google.com/document/d/14tlI3CqpkaHauNlzSZuX6AA7KSBt_cD8iZiluVlQ1C8/export?format=txt
/bvotes/index,index,,google-document,1pHIPfeMEkIrznVfa2WqxyZBTtykC56RyJb4qsnmeZDA,https://docs.google.com/document/d/1pHIPfeMEkIrznVfa2WqxyZBTtykC56RyJb4qsnmeZDA/export?format=txt
/bvotes/js/jquery.js,jquery.js,js,unknown,1zYvXlaNQFWixf_9v75YtYSgILtHQwlti,https://drive.google.com/uc?export=download&id=1zYvXlaNQFWixf_9v75YtYSgILtHQwlti
/capture02/index,index,,google-document,10RZwaPRK010S6HpS5OtskOua7RbVEiWfKOAoZ_STKRc,https://docs.google.com/document/d/10RZwaPRK010S6HpS5OtskOua7RbVEiWfKOAoZ_STKRc/export?format=txt
/capture05/index,index,,google-document,10jyyj0nFTcthppIgofJ7xEATB3IC80JCM9Rnb-BANUc,https://docs.google.com/document/d/10jyyj0nFTcthppIgofJ7xEATB3IC80JCM9Rnb-BANUc/export?format=txt
/capture08/index,index,,google-document,1tMoBlx46ilIwEgTFGL_NKrIHVQexTW509OO7Mh1sZTM,https://docs.google.com/document/d/1tMoBlx46ilIwEgTFGL_NKrIHVQexTW509OO7Mh1sZTM/export?format=txt
/capture11/index,index,,google-document,12apwpYOk3ft3le1_Jz7kQh7CLD7sdPlCFQrqob82y5U,https://docs.google.com/document/d/12apwpYOk3ft3le1_Jz7kQh7CLD7sdPlCFQrqob82y5U/export?format=txt
/capture14/index,index,,google-document,1gwbGo_HbMBaO-j9nqwKcFBBabdKBMP96rH2u3DobdZw,https://docs.google.com/document/d/1gwbGo_HbMBaO-j9nqwKcFBBabdKBMP96rH2u3DobdZw/export?format=txt
/capture17/index,index,,google-document,1F0l-w81r1K1FZ4SA-6XgJkVTU5LVR2cDB7aguuoXrNY,https://docs.google.com/document/d/1F0l-w81r1K1FZ4SA-6XgJkVTU5LVR2cDB7aguuoXrNY/export?format=txt
/capture20/index,index,,google-document,1GJPo4mLEHX-d0jI2kOUsVwe8Dh9M7x-PL_e05P0pzCw,https://docs.google.com/document/d/1GJPo4mLEHX-d0jI2kOUsVwe8Dh9M7x-PL_e05P0pzCw/export?format=txt
/capture23/index,index,,google-document,1PMpRi_-n48XSHriqVi8bKQC81_gSHaGd9LGN2gSUqYE,https://docs.google.com/document/d/1PMpRi_-n48XSHriqVi8bKQC81_gSHaGd9LGN2gSUqYE/export?format=txt
/capture26/index,index,,google-document,11EHgcPTaZXu9T_M-8cGyEV70t3cNd0lRyI-RVPqG9Kw,https://docs.google.com/document/d/11EHgcPTaZXu9T_M-8cGyEV70t3cNd0lRyI-RVPqG9Kw/export?format=txt
/capture29/index,index,,google-document,1Vg4ZpYyxz7TxO8jgoLMMsLoUCPJn1fZJL2xddUHTTAM,https://docs.google.com/document/d/1Vg4ZpYyxz7TxO8jgoLMMsLoUCPJn1fZJL2xddUHTTAM/export?format=txt
/capture32/index,index,,google-document,11p-vGng9WJKZ8t-2veX42C6iODuc267VxIT655sc4hI,https://docs.google.com/document/d/11p-vGng9WJKZ8t-2veX42C6iODuc267VxIT655sc4hI/export?format=txt
/capture35/index,index,,google-document,1MD0H02giEzGeiCVaivXc26GZpRHaQCljII2wvT0bqfc,https://docs.google.com/document/d/1MD0H02giEzGeiCVaivXc26GZpRHaQCljII2wvT0bqfc/export?format=txt
/capture38/index,index,,google-document,1wQ3c4xQNMAjkHmQfsHfaxvPvSKZzEbot7l15dOGN7v4,https://docs.google.com/document/d/1wQ3c4xQNMAjkHmQfsHfaxvPvSKZzEbot7l15dOGN7v4/export?format=txt
/capture41/index,index,,google-document,1UtK4AWOYsv6JApXcAUO6cs9AnSJ-IqeUfw61szgy1UA,https://docs.google.com/document/d/1UtK4AWOYsv6JApXcAUO6cs9AnSJ-IqeUfw61szgy1UA/export?format=txt
/capture44/index,index,,google-document,1sZkDAUrUEfTA7_ftTOt2q9rstkKePRYWTVpACHiLmrY,https://docs.google.com/document/d/1sZkDAUrUEfTA7_ftTOt2q9rstkKePRYWTVpACHiLmrY/export?format=txt
/capture47/index,index,,google-document,1leJBJy1gn9SwSBViVMZClS2wVh4MzxLVGysfGJvyj3w,https://docs.google.com/document/d/1leJBJy1gn9SwSBViVMZClS2wVh4MzxLVGysfGJvyj3w/export?format=txt
/capture50/index,index,,google-document,12BLyodyku1Gr1hSsiHX7PntYDcdKDPMPF6LMqdTQTiw,https://docs.google.com/document/d/12BLyodyku1Gr1hSsiHX7PntYDcdKDPMPF6LMqdTQTiw/export?format=txt
/capture53/index,index,,google-document,1-F2X-t32W6TnZdM_TeKH2kJv3IfWJHK_CVFaA1x0pEI,https://docs.google.com/document/d/1-F2X-t32W6TnZdM_TeKH2kJv3IfWJHK_CVFaA1x0pEI/export?format=txt
/capture56/index,index,,google-document,1GoazcmkK89JLbAR3Fv3c6sBgIu6iY8DSJYFe-on74z4,https://docs.google.com/document/d/1GoazcmkK89JLbAR3Fv3c6sBgIu6iY8DSJYFe-on74z4/export?format=txt
/capture59/index,index,,google-document,1R3-0irEkVJOGbz-z0WKHpDFemSYL6WG0_UKbSaDc5hk,https://docs.google.com/document/d/1R3-0irEkVJOGbz-z0WKHpDFemSYL6WG0_UKbSaDc5hk/export?format=txt
/capture62/index,index,,google-document,1TNiTy2692mSLpelrmtOuepgLNUbPFsUNO977rHrqYZI,https://docs.google.com/document/d/1TNiTy2692mSLpelrmtOuepgLNUbPFsUNO977rHrqYZI/export?format=txt
/capture65/index,index,,google-document,1mNLY_g4SMiZmv86abyLdetZ9GUZnY_c9gredMyXRHpU,https://docs.google.com/document/d/1mNLY_g4SMiZmv86abyLdetZ9GUZnY_c9gredMyXRHpU/export?format=txt
/capture68/index,index,,google-document,1scY-O4l1S_H901gUHR0etcMw9d_ybipxm7FzLorGrGo,https://docs.google.com/document/d/1scY-O4l1S_H901gUHR0etcMw9d_ybipxm7FzLorGrGo/export?format=txt
/capture71/index,index,,google-document,1Z_muUzVFx9Qv9uwJpp29jFIpORd-VxZNV2FM9tAhFX8,https://docs.google.com/document/d/1Z_muUzVFx9Qv9uwJpp29jFIpORd-VxZNV2FM9tAhFX8/export?format=txt
/capture74/index,index,,google-document,1LRMsGxgkxOvqS9yMH8rB1675y7vnmsunllWHiYaMAdk,https://docs.google.com/document/d/1LRMsGxgkxOvqS9yMH8rB1675y7vnmsunllWHiYaMAdk/export?format=txt
/capture77/index,index,,google-document,1622nhZlBb9dvhd4qj28CQfClitBURN6qm_fCLJPvVKY,https://docs.google.com/document/d/1622nhZlBb9dvhd4qj28CQfClitBURN6qm_fCLJPvVKY/export?format=txt
/capture80/index,index,,google-document,1poxU2TNRP-G6BMIfKzyNifTWVJbI9jvWul-02WJomJ8,https://docs.google.com/document/d/1poxU2TNRP-G6BMIfKzyNifTWVJbI9jvWul-02WJomJ8/export?format=txt
/capture83/index,index,,google-document,1y57XnwTV04ce2qj8pAoWhFUeLoQ8bSOAXxmUehZkVjQ,https://docs.google.com/document/d/1y57XnwTV04ce2qj8pAoWhFUeLoQ8bSOAXxmUehZkVjQ/export?format=txt
/capture86/index,index,,google-document,17aN9MYXyN7LwCH4wRs85hJKKj2RDQxJo3cRsPa0th2Y,https://docs.google.com/document/d/17aN9MYXyN7LwCH4wRs85hJKKj2RDQxJo3cRsPa0th2Y/export?format=txt
/communiques/index,index,,google-document,1toXm-2f3CPQ0GC7GNVtw7t1M5bjQWqM2Q-d5Y55ThOQ,https://docs.google.com/document/d/1toXm-2f3CPQ0GC7GNVtw7t1M5bjQWqM2Q-d5Y55ThOQ/export?format=txt
/contact/index,index,,google-document,1BMUWurPlZfQxhHaSiDAm-S5-lXT1jwIG7r8koILAQyk,https://docs.google.com/document/d/1BMUWurPlZfQxhHaSiDAm-S5-lXT1jwIG7r8koILAQyk/export?format=txt
/directorylisting/php_file_tree.js,php_file_tree.js,js,unknown,1Sh44IlVIQ3hXf1Tbf-NaFuHDsjbXw-Rg,https://drive.google.com/uc?export=download&id=1Sh44IlVIQ3hXf1Tbf-NaFuHDsjbXw-Rg
/egis/index,index,,google-document,1oODmFUP-OBH6RAY9PssWQT-9JGi9bj34K-7rKJUdNM8,https://docs.google.com/document/d/1oODmFUP-OBH6RAY9PssWQT-9JGi9bj34K-7rKJUdNM8/export?format=txt
/electeurs/index,index,,google-document,1Py6-NE8PjWxB6AKyHesZVFnYl1PSyUlygbMPBzhBazA,https://docs.google.com/document/d/1Py6-NE8PjWxB6AKyHesZVFnYl1PSyUlygbMPBzhBazA/export?format=txt
/electeurs/index﹖fbclid=IwAR35Y7dW55eCi_g9b1jB3rCb5kRk2CLM5LZajVer4LW6COfakK_GTkqCvbM,index﹖fbclid=IwAR35Y7dW55eCi_g9b1jB3rCb5kRk2CLM5LZajVer4LW6COfakK_GTkqCvbM,,google-document,13sFGjejCveETNpFjjkhCAWAKU_67XdDF0wv8M49pc2M,https://docs.google.com/document/d/13sFGjejCveETNpFjjkhCAWAKU_67XdDF0wv8M49pc2M/export?format=txt
/election-presidentielle-2024/.DS_Store,.DS_Store,,application/octet-stream,1wLyKIZ-5dfoibS0RQ2R_VtIGRSbh9ddc,https://drive.google.com/uc?export=download&id=1wLyKIZ-5dfoibS0RQ2R_VtIGRSbh9ddc
/election-presidentielle-2024/candidats/index,index,,google-document,1F7noP_ue4apa9yFWPE6aY2qFDQw2WRh2l5kFSCbE5go,https://docs.google.com/document/d/1F7noP_ue4apa9yFWPE6aY2qFDQw2WRh2l5kFSCbE5go/export?format=txt
/election-presidentielle-2024/index,index,,google-document,1bVTip-hIHwEl9Yt5wTU0tFpskz58FLFckLb2MeldKOo,https://docs.google.com/document/d/1bVTip-hIHwEl9Yt5wTU0tFpskz58FLFckLb2MeldKOo/export?format=txt
/elections-locales-2023/index,index,,google-document,1mlHvxgyAQUaxONu3J1zMSk9ZcmyPH7S8925-SPP8tOk,https://docs.google.com/document/d/1mlHvxgyAQUaxONu3J1zMSk9ZcmyPH7S8925-SPP8tOk/export?format=txt
/elections-locales-exemplaire-bv-second-tour/index,index,,google-document,14FuetQ9U7UQWJeNmVe6QNYMkiBSjrQtpsnC6b013yHM,https://docs.google.com/document/d/14FuetQ9U7UQWJeNmVe6QNYMkiBSjrQtpsnC6b013yHM/export?format=txt
/elections/.DS_Store,.DS_Store,,application/octet-stream,1zo52hoWYJRfNfj7cEo6SVNt5aKIQQhOT,https://drive.google.com/uc?export=download&id=1zo52hoWYJRfNfj7cEo6SVNt5aKIQQhOT
/elections/election-2011/index,index,,google-document,1-rjxD6IlgNxvhRAkwKyz3S-WSHF9RkUYKSSFIdKAxMY,https://docs.google.com/document/d/1-rjxD6IlgNxvhRAkwKyz3S-WSHF9RkUYKSSFIdKAxMY/export?format=txt
/elections/election-conseil-superieur-de-la-magistrature-2016/index,index,,google-document,1Vipz_ITiLM5Uf8YBn-h_SQACfvcOL9uGo-KC1m9MZUk,https://docs.google.com/document/d/1Vipz_ITiLM5Uf8YBn-h_SQACfvcOL9uGo-KC1m9MZUk/export?format=txt
/elections/election-partielle-conseil-superieur-de-la-magistrature-2019/index,index,,google-document,1Gfr3kMz8NlpfjpPIGntKlYTybg-ZDgKLYwxRbClj4jU,https://docs.google.com/document/d/1Gfr3kMz8NlpfjpPIGntKlYTybg-ZDgKLYwxRbClj4jU/export?format=txt
/elections/election-presidentielle-2014/index,index,,google-document,1as06Biv-6rn3BbuQ8a--WPq4IvbtOMSX03ZdQNoMxxY,https://docs.google.com/document/d/1as06Biv-6rn3BbuQ8a--WPq4IvbtOMSX03ZdQNoMxxY/export?format=txt
/elections/election-presidentielle-2019/index,index,,google-document,1NQFjh3EOd61_iwGflteYmtHDTIskr_U4-oMeFCq3Vxw,https://docs.google.com/document/d/1NQFjh3EOd61_iwGflteYmtHDTIskr_U4-oMeFCq3Vxw/export?format=txt
/elections/elections-2011-2018/index,index,,google-document,1OUpQdJcdaC8MlAIhyTRQek7eLekBWTY5nfcU8kZttJQ,https://docs.google.com/document/d/1OUpQdJcdaC8MlAIhyTRQek7eLekBWTY5nfcU8kZttJQ/export?format=txt
/elections/elections-legislatives-2014/index,index,,google-document,1TWXx6nclYePyXLI_Ak1QiXcl0LyC-9LCQgZ8LrSVcSI,https://docs.google.com/document/d/1TWXx6nclYePyXLI_Ak1QiXcl0LyC-9LCQgZ8LrSVcSI/export?format=txt
/elections/elections-legislatives-2019/index,index,,google-document,1_7ECQtzRKdGsT8SVUxIjy_QPG6NL5SpWo29R5_9qH9o,https://docs.google.com/document/d/1_7ECQtzRKdGsT8SVUxIjy_QPG6NL5SpWo29R5_9qH9o/export?format=txt
/elections/elections-legislatives-partielles-2017/index,index,,google-document,1ChkFQ_OK-qvk8VIy6l8_Pdk094ECvtgDGVPaFX78KBk,https://docs.google.com/document/d/1ChkFQ_OK-qvk8VIy6l8_Pdk094ECvtgDGVPaFX78KBk/export?format=txt
/elections/elections-municipales-2018/index,index,,google-document,1ZZybu-SkvG97FmMQACeA3y7bxsS7hCZipDjXGf-fSdg,https://docs.google.com/document/d/1ZZybu-SkvG97FmMQACeA3y7bxsS7hCZipDjXGf-fSdg/export?format=txt
/elections/elections-municipales-partielles/index,index,,google-document,1Yv7-AX5zqpMYYELW0vPI4hcqAoHZz4C6MN1kN4FoSIg,https://docs.google.com/document/d/1Yv7-AX5zqpMYYELW0vPI4hcqAoHZz4C6MN1kN4FoSIg/export?format=txt
/elections/index,index,,google-document,1SJ7uDUNoRSBLbuahxeBRibElVorgzsSNXiNGw8NZgXk,https://docs.google.com/document/d/1SJ7uDUNoRSBLbuahxeBRibElVorgzsSNXiNGw8NZgXk/export?format=txt
/etudes-et-documents/index,index,,google-document,1sSkBWqPckOkJ3LF24af4EHz7cEQLxGmsIdaPB38M940,https://docs.google.com/document/d/1sSkBWqPckOkJ3LF24af4EHz7cEQLxGmsIdaPB38M940/export?format=txt
/home/communiques/index,index,,google-document,1keQCPDWOxqG-p7nNak05B4J3UboRcwz9kHxHbZM48Ck,https://docs.google.com/document/d/1keQCPDWOxqG-p7nNak05B4J3UboRcwz9kHxHbZM48Ck/export?format=txt
/hotnews/index,index,,google-document,1pNDBmf3pNTG3WtA2Xbto8WjWho7XS2CkYsfhEgY6AvQ,https://docs.google.com/document/d/1pNDBmf3pNTG3WtA2Xbto8WjWho7XS2CkYsfhEgY6AvQ/export?format=txt
/index,index,,google-document,1YgPEcYF3eepLyMMRpwbeftLzZqtqfR15vY7TVrOBISg,https://docs.google.com/document/d/1YgPEcYF3eepLyMMRpwbeftLzZqtqfR15vY7TVrOBISg/export?format=txt
/isie/.DS_Store,.DS_Store,,application/octet-stream,19aqkDoIzdkSl1-zhlVfd5eePtG_4uXtC,https://drive.google.com/uc?export=download&id=19aqkDoIzdkSl1-zhlVfd5eePtG_4uXtC
/isie/acces-a-linformation/index,index,,google-document,1xhUSb-N-cBKfKTCI2Hl_MhcgMlOB4z0GmFbF27G4g-4,https://docs.google.com/document/d/1xhUSb-N-cBKfKTCI2Hl_MhcgMlOB4z0GmFbF27G4g-4/export?format=txt
/isie/cadre-juridique/index,index,,google-document,1GgHIBjGy7eDZfsYL3GLjEXa5Vifp9bcY-dOiRttY1k0,https://docs.google.com/document/d/1GgHIBjGy7eDZfsYL3GLjEXa5Vifp9bcY-dOiRttY1k0/export?format=txt
/isie/creation-et-mission/index,index,,google-document,19whV5MrTfU3g7Q6f3tPvsKSiNv0T3j9g4fw7m08y_a0,https://docs.google.com/document/d/19whV5MrTfU3g7Q6f3tPvsKSiNv0T3j9g4fw7m08y_a0/export?format=txt
/isie/etudes-et-documents/index,index,,google-document,1plEW9_XSge5oSpy3-_BHs9m7_XsaN7zv85qtXj3LoBI,https://docs.google.com/document/d/1plEW9_XSge5oSpy3-_BHs9m7_XsaN7zv85qtXj3LoBI/export?format=txt
/isie/index,index,,google-document,1s3EkQcZaCAXkTYEDgIH7-Kg1LZJEXyidrTAirZSTKXs,https://docs.google.com/document/d/1s3EkQcZaCAXkTYEDgIH7-Kg1LZJEXyidrTAirZSTKXs/export?format=txt
/isie/instances-regionales-en-tunisie/index,index,,google-document,16UsDjuCgP-KlOiZVOXh-m1fdoehYrgJk-bmgQA7VeeY,https://docs.google.com/document/d/16UsDjuCgP-KlOiZVOXh-m1fdoehYrgJk-bmgQA7VeeY/export?format=txt
/isie/membres-isie/index,index,,google-document,1aJdUWZqaBrmgcNg8Ckeh_hkdHIeLAZEwx6g-RhJ6g6E,https://docs.google.com/document/d/1aJdUWZqaBrmgcNg8Ckeh_hkdHIeLAZEwx6g-RhJ6g6E/export?format=txt
/isie/resumes-des-debats-du-conseil/index,index,,google-document,13CbDnbJwPZS_WhSGt-VIExVrE7i2yFDkDrez0ie9MtA,https://docs.google.com/document/d/13CbDnbJwPZS_WhSGt-VIExVrE7i2yFDkDrez0ie9MtA/export?format=txt
/liste-nominative-des-candidats-aux-elections-municipales-2018/index,index,,google-document,1oXCFaQ49p-coHc_yKnO7_cG-G1ZVi7gMEbIiRqJ6wks,https://docs.google.com/document/d/1oXCFaQ49p-coHc_yKnO7_cG-G1ZVi7gMEbIiRqJ6wks/export?format=txt
/listes-candidates-aux-elections-municipales-2018-enregistrement-audio/index,index,,google-document,1-KHh724yon5YGAYNLIRzEENKKwlDK83bamRGevcvs3k,https://docs.google.com/document/d/1-KHh724yon5YGAYNLIRzEENKKwlDK83bamRGevcvs3k/export?format=txt
/listes-candidates-aux-elections-municipales-2018/index,index,,google-document,1aVKekKyoZt3IV9dObBUSvHuHMtrngzt_RTvCfyw16ig,https://docs.google.com/document/d/1aVKekKyoZt3IV9dObBUSvHuHMtrngzt_RTvCfyw16ig/export?format=txt
/medias/index,index,,google-document,1bqkwnPINMrJYD50Lh4wseF_lOafjSQSsxKDtmFEF-cY,https://docs.google.com/document/d/1bqkwnPINMrJYD50Lh4wseF_lOafjSQSsxKDtmFEF-cY/export?format=txt
/modeles-de-bulletins-de-vote/index,index,,google-document,1TOM4WHsYJ0g5Cdb6fJhlow3YfJ-ih9kWwPzJnwD-lTU,https://docs.google.com/document/d/1TOM4WHsYJ0g5Cdb6fJhlow3YfJ-ih9kWwPzJnwD-lTU/export?format=txt
/presses/index,index,,google-document,1qkepIsfpvQI3DuhXv_q27qThWQXCjEgjH2NoePnsDmM,https://docs.google.com/document/d/1qkepIsfpvQI3DuhXv_q27qThWQXCjEgjH2NoePnsDmM/export?format=txt
/recrutement/index,index,,google-document,13Q9xo0Lw_KALfeH8WI-78fPX7NYaNyZLY6MlPo30exs,https://docs.google.com/document/d/13Q9xo0Lw_KALfeH8WI-78fPX7NYaNyZLY6MlPo30exs/export?format=txt
/resultats-finaux-ariana/index,index,,google-document,1np6rPGKsQJLhxHJ3H21GDxLmCQmLkNkE22RaWqeg5JY,https://docs.google.com/document/d/1np6rPGKsQJLhxHJ3H21GDxLmCQmLkNkE22RaWqeg5JY/export?format=txt
/resultats-finaux-beja/index,index,,google-document,1Hai_lyS6yXY9aQP-iyO-FUrhDU304OvwFQJZujhdCt4,https://docs.google.com/document/d/1Hai_lyS6yXY9aQP-iyO-FUrhDU304OvwFQJZujhdCt4/export?format=txt
/resultats-finaux-ben-arous/index,index,,google-document,1M_Z66a8nlv291G9LLiGaOI0c6GZw_mHMpKEAArNC4uQ,https://docs.google.com/document/d/1M_Z66a8nlv291G9LLiGaOI0c6GZw_mHMpKEAArNC4uQ/export?format=txt
/resultats-finaux-bizerte/index,index,,google-document,11y4_PK3UEkCKVbeMWWA0A91dTxnzjm4hxxWG_bFKVbY,https://docs.google.com/document/d/11y4_PK3UEkCKVbeMWWA0A91dTxnzjm4hxxWG_bFKVbY/export?format=txt
/resultats-finaux-gabes/index,index,,google-document,1XKjE8WX71JMyivRnT949vSOy40vgEuEKBlDxB0Iftpg,https://docs.google.com/document/d/1XKjE8WX71JMyivRnT949vSOy40vgEuEKBlDxB0Iftpg/export?format=txt
/resultats-finaux-gafsa/index,index,,google-document,1aRcExrGtYG_rMGFwqmrHjCgMwqNIla6xrXgPmXfFlRg,https://docs.google.com/document/d/1aRcExrGtYG_rMGFwqmrHjCgMwqNIla6xrXgPmXfFlRg/export?format=txt
/resultats-finaux-jendouba/index,index,,google-document,19i_N2c0S19Iw_Ht2BVSCFH6UlUWCC4J5HOf-gGtAVxs,https://docs.google.com/document/d/19i_N2c0S19Iw_Ht2BVSCFH6UlUWCC4J5HOf-gGtAVxs/export?format=txt
/resultats-finaux-kairouan/index,index,,google-document,1bfPAW68rmS_kvDilsaWl1zENfNpogtWabby87AtgWDc,https://docs.google.com/document/d/1bfPAW68rmS_kvDilsaWl1zENfNpogtWabby87AtgWDc/export?format=txt
/resultats-finaux-kasserine/index,index,,google-document,1ejvrxep7DfT0CkjDOSxxcTZw8cS67sp65WNRYFvMUPQ,https://docs.google.com/document/d/1ejvrxep7DfT0CkjDOSxxcTZw8cS67sp65WNRYFvMUPQ/export?format=txt
/resultats-finaux-kebili/index,index,,google-document,1Vx085UTYgseP9NPvYokwK4laWj18LvW6qx4_g9FAkVk,https://docs.google.com/document/d/1Vx085UTYgseP9NPvYokwK4laWj18LvW6qx4_g9FAkVk/export?format=txt
/resultats-finaux-kef/index,index,,google-document,1g-TRRjN6pwCKp36W4b20_tW9_pwufijuEaPoNmXt62s,https://docs.google.com/document/d/1g-TRRjN6pwCKp36W4b20_tW9_pwufijuEaPoNmXt62s/export?format=txt
/resultats-finaux-mahdia/index,index,,google-document,1c-9a6KO60t4BYWalMm3cZ-4y3p2sJ-17oLBUt88sCpk,https://docs.google.com/document/d/1c-9a6KO60t4BYWalMm3cZ-4y3p2sJ-17oLBUt88sCpk/export?format=txt
/resultats-finaux-mannouba/index,index,,google-document,1B586lQl-v3rG-jZSrwkOEFAmLy9l7H-xtH1BxXCYA8w,https://docs.google.com/document/d/1B586lQl-v3rG-jZSrwkOEFAmLy9l7H-xtH1BxXCYA8w/export?format=txt
/resultats-finaux-medenine/index,index,,google-document,1Va_2wcA4ZlgAV7M7xZZKjh_g2Z3YKwhE1pmphcvV_wI,https://docs.google.com/document/d/1Va_2wcA4ZlgAV7M7xZZKjh_g2Z3YKwhE1pmphcvV_wI/export?format=txt
/resultats-finaux-monastir/index,index,,google-document,1bzfamgxSElUUHCT9kRF2k1Lr1LFuq3rXSF2nj1QF-LE,https://docs.google.com/document/d/1bzfamgxSElUUHCT9kRF2k1Lr1LFuq3rXSF2nj1QF-LE/export?format=txt
/resultats-finaux-nabeul-1/index,index,,google-document,1Vu6PNYlfKsFtafrmY8t_I2tljt4ZrSIGwT2KNnFpRY4,https://docs.google.com/document/d/1Vu6PNYlfKsFtafrmY8t_I2tljt4ZrSIGwT2KNnFpRY4/export?format=txt
/resultats-finaux-nabeul-2/index,index,,google-document,1mT-fNVxtQO0mgEHpvYPITgxqAf4jI9hRUvq3sS0oeDo,https://docs.google.com/document/d/1mT-fNVxtQO0mgEHpvYPITgxqAf4jI9hRUvq3sS0oeDo/export?format=txt
/resultats-finaux-sfax-1/index,index,,google-document,196OArxAeSko0-XT9KVfL8qbl2eDY_2-ZjefwvTLgWZA,https://docs.google.com/document/d/196OArxAeSko0-XT9KVfL8qbl2eDY_2-ZjefwvTLgWZA/export?format=txt
/resultats-finaux-sfax-2/index,index,,google-document,1e95dhzlg3ESzqZmoAhgDCL9cH8XmtRevCdl5hBshjTE,https://docs.google.com/document/d/1e95dhzlg3ESzqZmoAhgDCL9cH8XmtRevCdl5hBshjTE/export?format=txt
/resultats-finaux-sidi-bouzid/index,index,,google-document,1vUH19fhvoqs2IGgnrs5OARlNVczmKhzuo73PPKCfYyU,https://docs.google.com/document/d/1vUH19fhvoqs2IGgnrs5OARlNVczmKhzuo73PPKCfYyU/export?format=txt
/resultats-finaux-siliana/index,index,,google-document,1-67tuMMwtuwntWsdxGVh7dhOVHPWCaZF5vj9gYC4dho,https://docs.google.com/document/d/1-67tuMMwtuwntWsdxGVh7dhOVHPWCaZF5vj9gYC4dho/export?format=txt
/resultats-finaux-sousse/index,index,,google-document,1DTA_15tE-00MTObuuq1lDV4JwuPwi2Z211G5FjGY4vs,https://docs.google.com/document/d/1DTA_15tE-00MTObuuq1lDV4JwuPwi2Z211G5FjGY4vs/export?format=txt
/resultats-finaux-tataouine/index,index,,google-document,1GzhabKVGDVpzh9O-d92uIFL3zF4U_WF1ScA19JVzweI,https://docs.google.com/document/d/1GzhabKVGDVpzh9O-d92uIFL3zF4U_WF1ScA19JVzweI/export?format=txt
/resultats-finaux-tozeur/index,index,,google-document,1Uc4qrBSe_Fli-Y0Qoetm440wJbktL30Z0ssz4HoGbT4,https://docs.google.com/document/d/1Uc4qrBSe_Fli-Y0Qoetm440wJbktL30Z0ssz4HoGbT4/export?format=txt
/resultats-finaux-tunis-1/index,index,,google-document,1tTwi9RTFDRiBlYZzPed0oqw8Zvg7wf36H95OI-Qs_68,https://docs.google.com/document/d/1tTwi9RTFDRiBlYZzPed0oqw8Zvg7wf36H95OI-Qs_68/export?format=txt
/resultats-finaux-tunis-2/index,index,,google-document,12nkDaaib5xXQuH_ZR1-RtwRFf_bqFyH7woGx6dnyWDI,https://docs.google.com/document/d/12nkDaaib5xXQuH_ZR1-RtwRFf_bqFyH7woGx6dnyWDI/export?format=txt
/resultats-finaux-zaghouan/index,index,,google-document,1In215sAkW8JaJq-p7fPaEJlemU9HunKw9jm9z2aRkrM,https://docs.google.com/document/d/1In215sAkW8JaJq-p7fPaEJlemU9HunKw9jm9z2aRkrM/export?format=txt
/resultats-preliminaires-ariana/index,index,,google-document,1EFSITGOvms7iwNL0SIKLST92PZCTa2NHTpStipyuUR4,https://docs.google.com/document/d/1EFSITGOvms7iwNL0SIKLST92PZCTa2NHTpStipyuUR4/export?format=txt
/resultats-preliminaires-beja/index,index,,google-document,1uPX_xct9ncu9KLhPKv4sdaV4ekIqvNfScwMGyLOweT8,https://docs.google.com/document/d/1uPX_xct9ncu9KLhPKv4sdaV4ekIqvNfScwMGyLOweT8/export?format=txt
/resultats-preliminaires-ben-arous/index,index,,google-document,16llcEFwba92wFnNTIvI4rZ1FDRoeGvDQNbBxIJyLaFI,https://docs.google.com/document/d/16llcEFwba92wFnNTIvI4rZ1FDRoeGvDQNbBxIJyLaFI/export?format=txt
/resultats-preliminaires-bizerte/index,index,,google-document,1Amoz1prDKhyE6-1ehTmG0y70qLRYUJukiX4dc-DZqvo,https://docs.google.com/document/d/1Amoz1prDKhyE6-1ehTmG0y70qLRYUJukiX4dc-DZqvo/export?format=txt
/resultats-preliminaires-des-elections-presidentielles-de-2024/index,index,,google-document,1V_zfmByB9NDNtegPolGrOEyQcWDTwErfdikEr1Z50rU,https://docs.google.com/document/d/1V_zfmByB9NDNtegPolGrOEyQcWDTwErfdikEr1Z50rU/export?format=txt
/resultats-preliminaires-el-kef/index,index,,google-document,1SVrqAXObf-8u4RJ54WsJGXJp4MbDgqK1_flA42diY4g,https://docs.google.com/document/d/1SVrqAXObf-8u4RJ54WsJGXJp4MbDgqK1_flA42diY4g/export?format=txt
/resultats-preliminaires-gabes/index,index,,google-document,1dYpC5O-CfXsUA8nGM9WbLy1SLeEVrUScUuHSgIelWI8,https://docs.google.com/document/d/1dYpC5O-CfXsUA8nGM9WbLy1SLeEVrUScUuHSgIelWI8/export?format=txt
/resultats-preliminaires-gafsa/index,index,,google-document,10pTP6oe22FmNwI_op1XMoEoFfHu3Q-iyoyhlgAUARYE,https://docs.google.com/document/d/10pTP6oe22FmNwI_op1XMoEoFfHu3Q-iyoyhlgAUARYE/export?format=txt
/resultats-preliminaires-jendouba/index,index,,google-document,192HomB1POjqZBdJVrYYFwwgfcyfHT2LfRinYtrKbKrE,https://docs.google.com/document/d/192HomB1POjqZBdJVrYYFwwgfcyfHT2LfRinYtrKbKrE/export?format=txt
/resultats-preliminaires-kairouan/index,index,,google-document,1dQAqCRwf7v5NbGv0kRBlHgHam24ee9Y09KCWNKmqVP0,https://docs.google.com/document/d/1dQAqCRwf7v5NbGv0kRBlHgHam24ee9Y09KCWNKmqVP0/export?format=txt
/resultats-preliminaires-kasserine/index,index,,google-document,1MT_ByQITitJe2vWxCvV2zt2EUbqkQBB09Fp-bQsZq2w,https://docs.google.com/document/d/1MT_ByQITitJe2vWxCvV2zt2EUbqkQBB09Fp-bQsZq2w/export?format=txt
/resultats-preliminaires-kebili/index,index,,google-document,15vehLRBMElJpIhx9XuDmhDdp7U5zVme7u-1LGmYWRZg,https://docs.google.com/document/d/15vehLRBMElJpIhx9XuDmhDdp7U5zVme7u-1LGmYWRZg/export?format=txt
/resultats-preliminaires-mahdia/index,index,,google-document,14V50wwCe70zPh8Rte3wMsaOGm79HGo-yUOnVgaRCOTs,https://docs.google.com/document/d/14V50wwCe70zPh8Rte3wMsaOGm79HGo-yUOnVgaRCOTs/export?format=txt
/resultats-preliminaires-mannouba/index,index,,google-document,1ZiZSLoTAz5TgNkznj5XJq0OZFToCX4pa1AbJeJpdPjo,https://docs.google.com/document/d/1ZiZSLoTAz5TgNkznj5XJq0OZFToCX4pa1AbJeJpdPjo/export?format=txt
/resultats-preliminaires-medenine/index,index,,google-document,1V85d-AGLaUfsrpv3a8YxoQGUphrEwdNrhJ_rp8R43Lw,https://docs.google.com/document/d/1V85d-AGLaUfsrpv3a8YxoQGUphrEwdNrhJ_rp8R43Lw/export?format=txt
/resultats-preliminaires-monastir/index,index,,google-document,1X-HStSbrFgTTTbxuA_EY_9O7ffflhIq0UtDcf3qxto8,https://docs.google.com/document/d/1X-HStSbrFgTTTbxuA_EY_9O7ffflhIq0UtDcf3qxto8/export?format=txt
/resultats-preliminaires-nabeul-1/index,index,,google-document,1CJu3Sr-pRERT5TgNs2z9Edx5AbnxV55JyHAklpxe77k,https://docs.google.com/document/d/1CJu3Sr-pRERT5TgNs2z9Edx5AbnxV55JyHAklpxe77k/export?format=txt
/resultats-preliminaires-nabeul-2/index,index,,google-document,13uGDsOKoYPGglivkDL6fvqLex7ObFpdyNh4MaUMTdiQ,https://docs.google.com/document/d/13uGDsOKoYPGglivkDL6fvqLex7ObFpdyNh4MaUMTdiQ/export?format=txt
/resultats-preliminaires-sfax-1/index,index,,google-document,1glz-H58oMduaUFxC3DdltIHAD5xUyZbiempaOD0xR3A,https://docs.google.com/document/d/1glz-H58oMduaUFxC3DdltIHAD5xUyZbiempaOD0xR3A/export?format=txt
/resultats-preliminaires-sfax-2/index,index,,google-document,1rhGb3zkX7Kt6ZgrypGSSWMuo2UNNTv_hpKnFAZDndvw,https://docs.google.com/document/d/1rhGb3zkX7Kt6ZgrypGSSWMuo2UNNTv_hpKnFAZDndvw/export?format=txt
/resultats-preliminaires-sidi-bouzid/index,index,,google-document,17pQcICn_wXugcAkt15AjQzb7_indoLoApk24dZpUmBs,https://docs.google.com/document/d/17pQcICn_wXugcAkt15AjQzb7_indoLoApk24dZpUmBs/export?format=txt
/resultats-preliminaires-siliana/index,index,,google-document,16wVZaxmsyqeoG0mWwH42Sx6HBqz7qET1LOu6NXO8jsk,https://docs.google.com/document/d/16wVZaxmsyqeoG0mWwH42Sx6HBqz7qET1LOu6NXO8jsk/export?format=txt
/resultats-preliminaires-sousse/index,index,,google-document,1egUAp7Q-HX6joDyBTiozbqdBNrpuoTG8JHQSI0sqy1M,https://docs.google.com/document/d/1egUAp7Q-HX6joDyBTiozbqdBNrpuoTG8JHQSI0sqy1M/export?format=txt
/resultats-preliminaires-tataouine/index,index,,google-document,1lXQXk3-gKQpr3x8ALTyguspSO-l4qtS9joOk90KI4kA,https://docs.google.com/document/d/1lXQXk3-gKQpr3x8ALTyguspSO-l4qtS9joOk90KI4kA/export?format=txt
/resultats-preliminaires-tozeur/index,index,,google-document,1XEvB5kTN_lUJR8xsM_SK_ugM5PDZUMXEAYHDYeIt7vQ,https://docs.google.com/document/d/1XEvB5kTN_lUJR8xsM_SK_ugM5PDZUMXEAYHDYeIt7vQ/export?format=txt
/resultats-preliminaires-tunis-1/index,index,,google-document,1I9MVWTEHu3rlVxQtDaS3qW23nrGgXp_SDZ19YDKQNbE,https://docs.google.com/document/d/1I9MVWTEHu3rlVxQtDaS3qW23nrGgXp_SDZ19YDKQNbE/export?format=txt
/resultats-preliminaires-tunis-2/index,index,,google-document,1RdmuLtHxNAwfme1h9RtSMAPHoPRsddfCtzVALfe7ltY,https://docs.google.com/document/d/1RdmuLtHxNAwfme1h9RtSMAPHoPRsddfCtzVALfe7ltY/export?format=txt
/resultats-preliminaires-zaghouan/index,index,,google-document,1kN_Opy2PLGTcW_llddKTvStXsdXKyrXa9Ue5JqaVG_Y,https://docs.google.com/document/d/1kN_Opy2PLGTcW_llddKTvStXsdXKyrXa9Ue5JqaVG_Y/export?format=txt
/resultats/index,index,,google-document,1Xm7pu5J1ufn2yuIOlOntKyzDQV8zSMwHU_nZhn3v6YY,https://docs.google.com/document/d/1Xm7pu5J1ufn2yuIOlOntKyzDQV8zSMwHU_nZhn3v6YY/export?format=txt
/resultats/proces-verbaux-legislatives/index,index,,google-document,1kfuR21l4MLI9IhKBJzo94BLjmLpmX3TfALWh8kMgxyo,https://docs.google.com/document/d/1kfuR21l4MLI9IhKBJzo94BLjmLpmX3TfALWh8kMgxyo/export?format=txt
/resultats/resultats-presidentielles/index,index,,google-document,1rmHbf8nsAF4tPX6WEcHyEHEco_aHOTFD9N1KbSbgGEo,https://docs.google.com/document/d/1rmHbf8nsAF4tPX6WEcHyEHEco_aHOTFD9N1KbSbgGEo/export?format=txt
/robots.ssl,robots.ssl,ssl,google-document,1R6-VMrcHulGWKHt7RbftZ0S6snZ3srwodi7w07fFmxs,https://docs.google.com/document/d/1R6-VMrcHulGWKHt7RbftZ0S6snZ3srwodi7w07fFmxs/export?format=txt
/statistiques-dinscription/index,index,,google-document,1-2aGFdRCSki9S1totVXfTNGLW0vrdOYLXN98K_Vp37k,https://docs.google.com/document/d/1-2aGFdRCSki9S1totVXfTNGLW0vrdOYLXN98K_Vp37k/export?format=txt
/statistiques/index,index,,google-document,1Yr6hhfeVjLwwd5UBQZjGC7PWgGwndi9KDgy0c1B6n-c,https://docs.google.com/document/d/1Yr6hhfeVjLwwd5UBQZjGC7PWgGwndi9KDgy0c1B6n-c/export?format=txt
/statistiques/statistiques-accreditations/index,index,,google-document,1n7BOmBldIzKylh8ebsjBh_BlNNaSFtnUKozh2UuWuV4,https://docs.google.com/document/d/1n7BOmBldIzKylh8ebsjBh_BlNNaSFtnUKozh2UuWuV4/export?format=txt
/statistiques/statistiques-legislatives/index,index,,google-document,1K3-zlglIjFdcIkSxPglzhdpqPJJ_MO80CWqoUQgUONM,https://docs.google.com/document/d/1K3-zlglIjFdcIkSxPglzhdpqPJJ_MO80CWqoUQgUONM/export?format=txt
/statistiques/statistiques-presidentielles/index,index,,google-document,1MUnKs243eMMKyKEP2tcMuGdFWEciOC0hLTSrJqJh1AA,https://docs.google.com/document/d/1MUnKs243eMMKyKEP2tcMuGdFWEciOC0hLTSrJqJh1AA/export?format=txt
/wp-content/uploads/2018/02/القرار-عدد-7-لسنة-2018.pdf,القرار-عدد-7-لسنة-2018.pdf,pdf,unknown,1gcdnjw69XX9f1ZGfKH3irSIyFz8vkpsq,https://drive.google.com/uc?export=download&id=1gcdnjw69XX9f1ZGfKH3irSIyFz8vkpsq
/wp-content/uploads/2018/02/القرار-عدد-8-لسنة-2018.pdf,القرار-عدد-8-لسنة-2018.pdf,pdf,unknown,1uJvLad24bsfL9m2VUCTrFXmFP1-VMZy4,https://drive.google.com/uc?export=download&id=1uJvLad24bsfL9m2VUCTrFXmFP1-VMZy4
/wp-content/uploads/2018/02/قرار-مشترك-بين-الهيئة-العليا-المستقلّة-للانتخابات-والهيئة-العليا-المستقلّة-للاتّصال-السمعي-والبصري.pdf,قرار-مشترك-بين-الهيئة-العليا-المستقلّة-للانتخابات-والهيئة-العليا-المستقلّة-للاتّصال-السمعي-والبصري.pdf,pdf,unknown,1DZKbnR94s4qL1SbCg0OO1Au0Ik3t5W6R,https://drive.google.com/uc?export=download&id=1DZKbnR94s4qL1SbCg0OO1Au0Ik3t5W6R
/wp-content/uploads/2020/03/دليل-تمويل-الحملة-للانتخابات-البلديّة-الجزئيّة-الفوّار-حاسي-الفريد-جبنيانة.pdf,دليل-تمويل-الحملة-للانتخابات-البلديّة-الجزئيّة-الفوّار-حاسي-الفريد-جبنيانة.pdf,pdf,unknown,1Z36wxExRZIUKxslS5Iwpr6yhLdNXor-e,https://drive.google.com/uc?export=download&id=1Z36wxExRZIUKxslS5Iwpr6yhLdNXor-e
/wp-content/uploads/2020/08/دليل الاقتراع و الفرز أوت 2020.pdf,دليل الاقتراع و الفرز أوت 2020.pdf,pdf,unknown,1454pCYnkXpYhdNuS9XU4CGB0VWczMhP2,https://drive.google.com/uc?export=download&id=1454pCYnkXpYhdNuS9XU4CGB0VWczMhP2
/wp-content/uploads/2020/08/زاوية قنطش.pdf,زاوية قنطش.pdf,pdf,unknown,1bdoCjYetkdZn3J1YEorCBDyAPBDvW8Rp,https://drive.google.com/uc?export=download&id=1bdoCjYetkdZn3J1YEorCBDyAPBDvW8Rp
/wp-content/uploads/2020/08/فوسانة .pdf,فوسانة .pdf,pdf,unknown,1NKPSSpiaAuvlyS_Phh9XxtnVlwvQ2tMw,https://drive.google.com/uc?export=download&id=1NKPSSpiaAuvlyS_Phh9XxtnVlwvQ2tMw
/wp-content/uploads/2020/08/قائمة اعضاء مكاتب الاقتراع  اوت 2020.pdf,قائمة اعضاء مكاتب الاقتراع  اوت 2020.pdf,pdf,unknown,1yNffNYddOl38ZpOUYVTxssDPq65xDCXN,https://drive.google.com/uc?export=download&id=1yNffNYddOl38ZpOUYVTxssDPq65xDCXN
/wp-content/uploads/2020/08/قربة.pdf,قربة.pdf,pdf,unknown,1P9pd2OEVwdzftWRveTzM8KRBa7IxTqMA,https://drive.google.com/uc?export=download&id=1P9pd2OEVwdzftWRveTzM8KRBa7IxTqMA
/wp-content/uploads/2020/10/2P-دليل-الترشحات-للانتخابات-البلدية-الجزئية-كندار-منزل-بوزيان.pdf,2P-دليل-الترشحات-للانتخابات-البلدية-الجزئية-كندار-منزل-بوزيان.pdf,pdf,unknown,1NCj7pxlmsbzjqsp2Dmj45knyUhs68VhE,https://drive.google.com/uc?export=download&id=1NCj7pxlmsbzjqsp2Dmj45knyUhs68VhE
/wp-content/uploads/2020/10/CC-CONSOMABLES-INFORMATIQUES-2020.pdf,CC-CONSOMABLES-INFORMATIQUES-2020.pdf,pdf,unknown,19jNsDze1-rqXCjPxsgAA4q8_fNKdNJVY,https://drive.google.com/uc?export=download&id=19jNsDze1-rqXCjPxsgAA4q8_fNKdNJVY
/wp-content/uploads/2020/10/CC-NETTOYAGE-ET-DESINFECTION-2020.pdf,CC-NETTOYAGE-ET-DESINFECTION-2020.pdf,pdf,unknown,1ivwukLpvMVccv8Z6yVZouSYvbhuD7Jbs,https://drive.google.com/uc?export=download&id=1ivwukLpvMVccv8Z6yVZouSYvbhuD7Jbs
/wp-content/uploads/2020/10/القرار-عدد-30-لسنة-2020.pdf,القرار-عدد-30-لسنة-2020.pdf,pdf,unknown,1JLtykpArFaB_iXnA8WzuGt--_ZzdUZP0,https://drive.google.com/uc?export=download&id=1JLtykpArFaB_iXnA8WzuGt--_ZzdUZP0
/wp-content/uploads/2020/10/القرار-عدد-31-لسنة-2020.pdf,القرار-عدد-31-لسنة-2020.pdf,pdf,unknown,1e7o3swMoeXmIwN95JqEgzufFWcQ8pLp4,https://drive.google.com/uc?export=download&id=1e7o3swMoeXmIwN95JqEgzufFWcQ8pLp4
/wp-content/uploads/2020/10/دليل-الترشحات-للانتخابات-البلدية-الجزئية-كندار-منزل-بوزيان.pdf,دليل-الترشحات-للانتخابات-البلدية-الجزئية-كندار-منزل-بوزيان.pdf,pdf,unknown,18RhDcYpZw6CdxqGIWBceuDdUqr6NqRII,https://drive.google.com/uc?export=download&id=18RhDcYpZw6CdxqGIWBceuDdUqr6NqRII
/wp-content/uploads/2020/12/20140114502-قرار-تصحيح.pdf,20140114502-قرار-تصحيح.pdf,pdf,unknown,1qi0yh9yoVLdwoXXNrfqf0vYVpg4V7KY5,https://drive.google.com/uc?export=download&id=1qi0yh9yoVLdwoXXNrfqf0vYVpg4V7KY5
/wp-content/uploads/2020/12/CC-Hebergement-Site-ISIE.pdf,CC-Hebergement-Site-ISIE.pdf,pdf,unknown,143OVw_BKGBeenscC73cdmf6UMbJFrub-,https://drive.google.com/uc?export=download&id=143OVw_BKGBeenscC73cdmf6UMbJFrub-
/wp-content/uploads/2020/12/CCAP.pdf,CCAP.pdf,pdf,unknown,1lIyx5qtGWru2aXhZxDt2Rghn3aipeMtR,https://drive.google.com/uc?export=download&id=1lIyx5qtGWru2aXhZxDt2Rghn3aipeMtR
/wp-content/uploads/2021/01/CC-1-2021-FR.pdf,CC-1-2021-FR.pdf,pdf,unknown,1AW9UlVS8hOAGsJHOoXxnn4TGYMuiowlp,https://drive.google.com/uc?export=download&id=1AW9UlVS8hOAGsJHOoXxnn4TGYMuiowlp
/wp-content/uploads/2021/03/CC-AOS-2-2021-Inventaire-ISIE.pdf,CC-AOS-2-2021-Inventaire-ISIE.pdf,pdf,unknown,1zs08bJlW0ocBiolYJLgPu3pQeHNYZboh,https://drive.google.com/uc?export=download&id=1zs08bJlW0ocBiolYJLgPu3pQeHNYZboh
/wp-content/uploads/2021/03/دليل-الترشحات-ساقية-الداير-وعين-الصبح-الناظور-2021.pdf,دليل-الترشحات-ساقية-الداير-وعين-الصبح-الناظور-2021.pdf,pdf,unknown,1fB0LVQZQjqW6PfcFMPNQjjkJf33M7ns1,https://drive.google.com/uc?export=download&id=1fB0LVQZQjqW6PfcFMPNQjjkJf33M7ns1
/wp-content/uploads/2021/04/CC-AOS-3-2021-compressé.pdf,CC-AOS-3-2021-compressé.pdf,pdf,unknown,11jgSoSRMW3n1wCt-IgDXNv8WamBxHTyW,https://drive.google.com/uc?export=download&id=11jgSoSRMW3n1wCt-IgDXNv8WamBxHTyW
/wp-content/uploads/2021/04/دليل-الترشحات-الصخيرة-2021.pdf,دليل-الترشحات-الصخيرة-2021.pdf,pdf,unknown,1DoGIhKf9zcjI-UN2l3kn21aPxJ0uBoFU,https://drive.google.com/uc?export=download&id=1DoGIhKf9zcjI-UN2l3kn21aPxJ0uBoFU
/wp-content/uploads/2021/05/دليل-تمويل-الحملة-الانتخابية-للانتخابات-البلدية-الجزئية.pdf,دليل-تمويل-الحملة-الانتخابية-للانتخابات-البلدية-الجزئية.pdf,pdf,unknown,1THS1wjBNfi_2N4DVxl87X45_cOM9C1Jj,https://drive.google.com/uc?export=download&id=1THS1wjBNfi_2N4DVxl87X45_cOM9C1Jj
/wp-content/uploads/2021/05/دليل-قواعد-وإجراءات-الحملة-الانتخابيّة-المتعلق-بالانتخابات-البلديّة.pdf,دليل-قواعد-وإجراءات-الحملة-الانتخابيّة-المتعلق-بالانتخابات-البلديّة.pdf,pdf,unknown,144jSvmmosKevCwhE_RQyBqXER2XKwJlP,https://drive.google.com/uc?export=download&id=144jSvmmosKevCwhE_RQyBqXER2XKwJlP
/wp-content/uploads/2021/05/ملحق-دليل-الصخيرة.pdf,ملحق-دليل-الصخيرة.pdf,pdf,unknown,10vON-dtPvqgIJ78z3-v6QrUQ8qxMDXsa,https://drive.google.com/uc?export=download&id=10vON-dtPvqgIJ78z3-v6QrUQ8qxMDXsa
/wp-content/uploads/2021/05/ملحق-دليل-ساقية-الداير-عين-الصبح-الناظور.pdf,ملحق-دليل-ساقية-الداير-عين-الصبح-الناظور.pdf,pdf,unknown,1D50qtaQa6vlZFRJDvIoVBxEU8er5few5,https://drive.google.com/uc?export=download&id=1D50qtaQa6vlZFRJDvIoVBxEU8er5few5
/wp-content/uploads/2021/06/DSC0575-min.jpg,DSC0575-min.jpg,jpg,unknown,1jU9JNJITY7pesARd8BU8U1v9PXDPrNeW,https://drive.google.com/uc?export=download&id=1jU9JNJITY7pesARd8BU8U1v9PXDPrNeW
/wp-content/uploads/2021/06/DSC0664-min.jpg,DSC0664-min.jpg,jpg,unknown,1KYtIlAgGOdP9XAp935ntqEswebJ8tcz4,https://drive.google.com/uc?export=download&id=1KYtIlAgGOdP9XAp935ntqEswebJ8tcz4
/wp-content/uploads/2021/06/Décision-n°-2021-12.pdf,Décision-n°-2021-12.pdf,pdf,unknown,1P0GyTfHFriH6Vd5lf5wKWtbrlqBQkqfy,https://drive.google.com/uc?export=download&id=1P0GyTfHFriH6Vd5lf5wKWtbrlqBQkqfy
/wp-content/uploads/2021/06/Guide2021-_منزل-كامل-السبيخة.pdf,Guide2021-_منزل-كامل-السبيخة.pdf,pdf,unknown,1zVBA2PnKL4lpQXr6STYcCd1CksWMLTm2,https://drive.google.com/uc?export=download&id=1zVBA2PnKL4lpQXr6STYcCd1CksWMLTm2
/wp-content/uploads/2021/06/Résultats-Préliminaires-Skhira-2021.pdf,Résultats-Préliminaires-Skhira-2021.pdf,pdf,unknown,1HK3OmVtxkU7anxPjrpyrxPw2VYLC7mIF,https://drive.google.com/uc?export=download&id=1HK3OmVtxkU7anxPjrpyrxPw2VYLC7mIF
/wp-content/uploads/2021/07/دليل-تمويل-الحملة-الانتخابية-منزل-كامل.pdf,دليل-تمويل-الحملة-الانتخابية-منزل-كامل.pdf,pdf,unknown,1mPSmyRCrzv8covLHnc8I3pd9k81ecxB8,https://drive.google.com/uc?export=download&id=1mPSmyRCrzv8covLHnc8I3pd9k81ecxB8
/wp-content/uploads/2021/07/دليل-قواعد-وإجراءات-الحملة-الانتخابية-منزل-كامل.pdf,دليل-قواعد-وإجراءات-الحملة-الانتخابية-منزل-كامل.pdf,pdf,unknown,1C666PkpOid_yDmrVN6UPvvM39NrilVAp,https://drive.google.com/uc?export=download&id=1C666PkpOid_yDmrVN6UPvvM39NrilVAp
/wp-content/uploads/2021/07/ملحق-دليل-تمويل-الحملة-المتعلق-بالانتخابات-البلديّة-الجزئيّة-لسنة-2021-ببلديّة-منزل-كامل.pdf,ملحق-دليل-تمويل-الحملة-المتعلق-بالانتخابات-البلديّة-الجزئيّة-لسنة-2021-ببلديّة-منزل-كامل.pdf,pdf,unknown,1aVJUTUEcALMFqheonqsEIgYwvhB5qkgN,https://drive.google.com/uc?export=download&id=1aVJUTUEcALMFqheonqsEIgYwvhB5qkgN
/wp-content/uploads/2021/08/CC-C-12-2021-FR.pdf,CC-C-12-2021-FR.pdf,pdf,unknown,1Vy3CMy9D3pSJ_9dGAzTBMU6YDJfdpwzq,https://drive.google.com/uc?export=download&id=1Vy3CMy9D3pSJ_9dGAzTBMU6YDJfdpwzq
/wp-content/uploads/2021/09/كراس-الشروط-إعلان-تفويت.pdf,كراس-الشروط-إعلان-تفويت.pdf,pdf,unknown,1vgRw0u7TonQo1jVBYgjzakQdGJNryWo5,https://drive.google.com/uc?export=download&id=1vgRw0u7TonQo1jVBYgjzakQdGJNryWo5
/wp-content/uploads/2021/10/CAO.-AO-5-2021-compressé.pdf,CAO.-AO-5-2021-compressé.pdf,pdf,unknown,17HC4yJQBchKX7tfjIr8XBlDc-XWMfdkz,https://drive.google.com/uc?export=download&id=17HC4yJQBchKX7tfjIr8XBlDc-XWMfdkz
/wp-content/uploads/2021/10/CCAO6-2021.pdf,CCAO6-2021.pdf,pdf,unknown,1nBcy6AGe5BiWE7Zu_eXqrljQdqZnJIu4,https://drive.google.com/uc?export=download&id=1nBcy6AGe5BiWE7Zu_eXqrljQdqZnJIu4
/wp-content/uploads/2021/10/CCC14-2021.pdf,CCC14-2021.pdf,pdf,unknown,1G3yJx7hmFsvWW9K7YUq-cbFkcAy2FAw9,https://drive.google.com/uc?export=download&id=1G3yJx7hmFsvWW9K7YUq-cbFkcAy2FAw9
/wp-content/uploads/2021/10/القائمات-المقبولة-أوليا-السبيخة.pdf,القائمات-المقبولة-أوليا-السبيخة.pdf,pdf,unknown,1trFzy9Pmy8-67nKIDCisLwtKwn6B8e9U,https://drive.google.com/uc?export=download&id=1trFzy9Pmy8-67nKIDCisLwtKwn6B8e9U
/wp-content/uploads/2021/10/القائمات-المقبولة-أوليا-حمام-الأغزاز.pdf,القائمات-المقبولة-أوليا-حمام-الأغزاز.pdf,pdf,unknown,1R5Sdv0XTUTlSAZvzCXb7qFAkLjP71-4o,https://drive.google.com/uc?export=download&id=1R5Sdv0XTUTlSAZvzCXb7qFAkLjP71-4o
/wp-content/uploads/2022/02/ملحق-دليل-تمويل-الحملة-الشيحيّة-لسنة-2022.pdf,ملحق-دليل-تمويل-الحملة-الشيحيّة-لسنة-2022.pdf,pdf,unknown,1EsncvkiHn0Tu2wKRx0FaVnNfS1B1mVcw,https://drive.google.com/uc?export=download&id=1EsncvkiHn0Tu2wKRx0FaVnNfS1B1mVcw
/wp-content/uploads/2022/05/CC-AO-1-2022.pdf,CC-AO-1-2022.pdf,pdf,unknown,1GBEx2hL8WpP_UnfuZ3JJtPc03pFonkU5,https://drive.google.com/uc?export=download&id=1GBEx2hL8WpP_UnfuZ3JJtPc03pFonkU5
/wp-content/uploads/2022/05/IMG_3618.jpg,IMG_3618.jpg,jpg,unknown,1aEVz9y5DjfPX3qqWWpn_14u4VD6thylJ,https://drive.google.com/uc?export=download&id=1aEVz9y5DjfPX3qqWWpn_14u4VD6thylJ
/wp-content/uploads/2022/05/IMG_3662.jpg,IMG_3662.jpg,jpg,unknown,1Rr-RwItgPf1zkQT4EgAi6dE57faAaqtk,https://drive.google.com/uc?export=download&id=1Rr-RwItgPf1zkQT4EgAi6dE57faAaqtk
/wp-content/uploads/2022/05/IMG_3669.jpg,IMG_3669.jpg,jpg,unknown,1m3WzO9v368AzTT-NQmrbFy-ykfad6JfG,https://drive.google.com/uc?export=download&id=1m3WzO9v368AzTT-NQmrbFy-ykfad6JfG
/wp-content/uploads/2022/05/IMG_3672.jpg,IMG_3672.jpg,jpg,unknown,13dlUO2ddReUlWZZWzMFtswAPV5XjUK9K,https://drive.google.com/uc?export=download&id=13dlUO2ddReUlWZZWzMFtswAPV5XjUK9K
/wp-content/uploads/2022/05/IMG_3690.jpg,IMG_3690.jpg,jpg,unknown,1oKqXFTW9uiS4xwg_4tSD4f272DlkjBYn,https://drive.google.com/uc?export=download&id=1oKqXFTW9uiS4xwg_4tSD4f272DlkjBYn
/wp-content/uploads/2022/05/محضر-جلسة-13-ماي-2022.pdf,محضر-جلسة-13-ماي-2022.pdf,pdf,unknown,1difzID3kADniSY460sK__h_q1sOMNE5i,https://drive.google.com/uc?export=download&id=1difzID3kADniSY460sK__h_q1sOMNE5i
/wp-content/uploads/2022/05/محضر-جلسة-18-ماي-2022.pdf,محضر-جلسة-18-ماي-2022.pdf,pdf,unknown,1vceC_JVGheQOdYZ7Qv9VvbDII_h-AwLs,https://drive.google.com/uc?export=download&id=1vceC_JVGheQOdYZ7Qv9VvbDII_h-AwLs
/wp-content/uploads/2022/05/محضر-جلسة-20-ماي-2022.pdf,محضر-جلسة-20-ماي-2022.pdf,pdf,unknown,1v-IbNbGnphcp6ZWVyZ_FRQlg6wH7a4xd,https://drive.google.com/uc?export=download&id=1v-IbNbGnphcp6ZWVyZ_FRQlg6wH7a4xd
/wp-content/uploads/2022/05/محضر-جلسة-25-ماي-2022.pdf,محضر-جلسة-25-ماي-2022.pdf,pdf,unknown,1vIPaY2o2xAlsgtLeAsSx1jCMpRkYZY2l,https://drive.google.com/uc?export=download&id=1vIPaY2o2xAlsgtLeAsSx1jCMpRkYZY2l
/wp-content/uploads/2022/05/ملحق-دليل-تمويل-الحملة-بني-مطير.pdf,ملحق-دليل-تمويل-الحملة-بني-مطير.pdf,pdf,unknown,1uykt6rfZSidIvTHKnys81f_qsTRKWSNj,https://drive.google.com/uc?export=download&id=1uykt6rfZSidIvTHKnys81f_qsTRKWSNj
/wp-content/uploads/2022/06/Annuaire-codes-USSD-centres-de-Vote-en-Tunisie.pdf,Annuaire-codes-USSD-centres-de-Vote-en-Tunisie.pdf,pdf,unknown,1yNJPtG8Azr8hAjEff-OiVEC93NE0aHwz,https://drive.google.com/uc?export=download&id=1yNJPtG8Azr8hAjEff-OiVEC93NE0aHwz
/wp-content/uploads/2022/06/CC-AO-02-2022.pdf,CC-AO-02-2022.pdf,pdf,unknown,1DkpaChUDN0Sl1X1P5wRFJqu5Hr0mMuap,https://drive.google.com/uc?export=download&id=1DkpaChUDN0Sl1X1P5wRFJqu5Hr0mMuap
/wp-content/uploads/2022/06/CC-AOS-7-2022-FR.pdf,CC-AOS-7-2022-FR.pdf,pdf,unknown,1f-N_MEG6_dKIAf7tELNDQcCdNJB77N1Y,https://drive.google.com/uc?export=download&id=1f-N_MEG6_dKIAf7tELNDQcCdNJB77N1Y
/wp-content/uploads/2022/06/CC-BUREAUTIQUE-2022-AR.pdf,CC-BUREAUTIQUE-2022-AR.pdf,pdf,unknown,1DoF0XyghEwB2zaL9Ixj8H77DuP1nP7EG,https://drive.google.com/uc?export=download&id=1DoF0XyghEwB2zaL9Ixj8H77DuP1nP7EG
/wp-content/uploads/2022/06/CC-Consultation-n-7-2022.pdf,CC-Consultation-n-7-2022.pdf,pdf,unknown,1oHCOi19wgMaDyG18wDEBXl64Ku70c2zJ,https://drive.google.com/uc?export=download&id=1oHCOi19wgMaDyG18wDEBXl64Ku70c2zJ
/wp-content/uploads/2022/06/CC-Media-Center-2022.pdf,CC-Media-Center-2022.pdf,pdf,unknown,1k51X5IyNhcxNEAouNCR-Tbgl-P-f4y44,https://drive.google.com/uc?export=download&id=1k51X5IyNhcxNEAouNCR-Tbgl-P-f4y44
/wp-content/uploads/2022/06/Cahier-des-charges-centre-dappel-ISIE-2022.pdf,Cahier-des-charges-centre-dappel-ISIE-2022.pdf,pdf,unknown,1PneNlSNzDYALOQBR99CCwTc-sB3gz95s,https://drive.google.com/uc?export=download&id=1PneNlSNzDYALOQBR99CCwTc-sB3gz95s
/wp-content/uploads/2022/06/Decision-n°-2022-15.pdf,Decision-n°-2022-15.pdf,pdf,unknown,1d6_K_LRSP9-vFBoMyPujRw2bNeCV3CSO,https://drive.google.com/uc?export=download&id=1d6_K_LRSP9-vFBoMyPujRw2bNeCV3CSO
/wp-content/uploads/2022/06/Décision-n°-2022-14.pdf,Décision-n°-2022-14.pdf,pdf,unknown,16839at5MdYmIIxnf3kZEjpmtdH_QaEQG,https://drive.google.com/uc?export=download&id=16839at5MdYmIIxnf3kZEjpmtdH_QaEQG
/wp-content/uploads/2022/06/الخصائص-الفنيّة-للرموز-استفتاء-2022.pdf,الخصائص-الفنيّة-للرموز-استفتاء-2022.pdf,pdf,unknown,1yKZnn9-h0YBQMdpuA1kJAqY3DDrQoT02,https://drive.google.com/uc?export=download&id=1yKZnn9-h0YBQMdpuA1kJAqY3DDrQoT02
/wp-content/uploads/2022/06/القرار-عدد-14-2022.pdf,القرار-عدد-14-2022.pdf,pdf,unknown,1WSf5e7J80bQLKdahFOAzcIcTaqTCD9Id,https://drive.google.com/uc?export=download&id=1WSf5e7J80bQLKdahFOAzcIcTaqTCD9Id
/wp-content/uploads/2022/06/عناوين-مقرّات-الادارات-الفرعيّة-2022.pdf,عناوين-مقرّات-الادارات-الفرعيّة-2022.pdf,pdf,unknown,1DNmIRxxyBVJm4sHTOyUH7wDPdnWbCwom,https://drive.google.com/uc?export=download&id=1DNmIRxxyBVJm4sHTOyUH7wDPdnWbCwom
/wp-content/uploads/2022/06/قائمة-المزكّين-لتصريح-مشاركة-شخص-طبيعي-في-حملة-الاستفتاء.pdf,قائمة-المزكّين-لتصريح-مشاركة-شخص-طبيعي-في-حملة-الاستفتاء.pdf,pdf,unknown,14c5GZke1rMOyccrAEVa3A5etZw465ZxC,https://drive.google.com/uc?export=download&id=14c5GZke1rMOyccrAEVa3A5etZw465ZxC
/wp-content/uploads/2022/06/محضر-جلسة-27-ماي-2022.pdf,محضر-جلسة-27-ماي-2022.pdf,pdf,unknown,12Czd4TShGYwfUumgy3JDfBxRD1VG_lwx,https://drive.google.com/uc?export=download&id=12Czd4TShGYwfUumgy3JDfBxRD1VG_lwx
/wp-content/uploads/2022/07/CC-AOS-10-2022.pdf,CC-AOS-10-2022.pdf,pdf,unknown,1bXCisKT-ibdNcAKvk8g6rKezQtV3RbZV,https://drive.google.com/uc?export=download&id=1bXCisKT-ibdNcAKvk8g6rKezQtV3RbZV
/wp-content/uploads/2022/07/CC-AOS-11-2022-FR.pdf,CC-AOS-11-2022-FR.pdf,pdf,unknown,1gMpdaaMXrNMNhprQPJjo3F3qZcw3LtBM,https://drive.google.com/uc?export=download&id=1gMpdaaMXrNMNhprQPJjo3F3qZcw3LtBM
/wp-content/uploads/2022/07/CC-AOS-8-2022.pdf,CC-AOS-8-2022.pdf,pdf,unknown,1vLj0Sb2DrD7o64kMZqZk35W5aTb2O0Y9,https://drive.google.com/uc?export=download&id=1vLj0Sb2DrD7o64kMZqZk35W5aTb2O0Y9
/wp-content/uploads/2022/07/CC-AOS-9-2022.pdf,CC-AOS-9-2022.pdf,pdf,unknown,174SReKe9GmE4VP-bQlTCvCTiN4rE7KAK,https://drive.google.com/uc?export=download&id=174SReKe9GmE4VP-bQlTCvCTiN4rE7KAK
/wp-content/uploads/2022/07/Decision-commune-ISIE-HAICA-2022.pdf,Decision-commune-ISIE-HAICA-2022.pdf,pdf,unknown,1P82EGml4A6zn1aZSbokUhqG0-ZVka_4z,https://drive.google.com/uc?export=download&id=1P82EGml4A6zn1aZSbokUhqG0-ZVka_4z
/wp-content/uploads/2022/07/PV-Zaghouan-Referendum-2022.pdf,PV-Zaghouan-Referendum-2022.pdf,pdf,unknown,1ayLVn4p4QNQ6-43JbT7yP5ZOlR-b_ITT,https://drive.google.com/uc?export=download&id=1ayLVn4p4QNQ6-43JbT7yP5ZOlR-b_ITT
/wp-content/uploads/2022/07/القائمة-النهائية-للأطراف-المشاركة-في-حملة-استفتاء-2022.pdf,القائمة-النهائية-للأطراف-المشاركة-في-حملة-استفتاء-2022.pdf,pdf,unknown,1yTQl3dApT11pBs5EbKGtAI0vp485Rzwx,https://drive.google.com/uc?export=download&id=1yTQl3dApT11pBs5EbKGtAI0vp485Rzwx
/wp-content/uploads/2022/07/القرار-عدد-19-لسنة-2022.pdf,القرار-عدد-19-لسنة-2022.pdf,pdf,unknown,1U0AEz1CYhHk2PYrBasyn_AugrDcr5J5j,https://drive.google.com/uc?export=download&id=1U0AEz1CYhHk2PYrBasyn_AugrDcr5J5j
/wp-content/uploads/2022/07/دليل-الاقتراع-والفرز-استفتاء-2022.pdf,دليل-الاقتراع-والفرز-استفتاء-2022.pdf,pdf,unknown,1eC5suR5ksVY1rczowAi3J6eHHEveISuU,https://drive.google.com/uc?export=download&id=1eC5suR5ksVY1rczowAi3J6eHHEveISuU
/wp-content/uploads/2022/07/قائمة-في-مراكز-الاقتراع-ذات-التوقيت-الاستثنائي-جويلية-2022.pdf,قائمة-في-مراكز-الاقتراع-ذات-التوقيت-الاستثنائي-جويلية-2022.pdf,pdf,unknown,15dGyW6lN-6Bx3pXVkIl3QtXj0XY2YI7f,https://drive.google.com/uc?export=download&id=15dGyW6lN-6Bx3pXVkIl3QtXj0XY2YI7f
/wp-content/uploads/2022/07/قائمة-مراكز-اقتراع-استفتاء-2022.pdf,قائمة-مراكز-اقتراع-استفتاء-2022.pdf,pdf,unknown,17gcSqiE_7VSVCwciUgUmuz5jVzIEnhvc,https://drive.google.com/uc?export=download&id=17gcSqiE_7VSVCwciUgUmuz5jVzIEnhvc
/wp-content/uploads/2022/07/قرار-الهيئة-العليا-المستقلّة-للانتخابات-عدد-17-لسنة-2022.pdf,قرار-الهيئة-العليا-المستقلّة-للانتخابات-عدد-17-لسنة-2022.pdf,pdf,unknown,1JHtFiS1dX-VnmnDvp-mernpUa2Ptc3jZ,https://drive.google.com/uc?export=download&id=1JHtFiS1dX-VnmnDvp-mernpUa2Ptc3jZ
/wp-content/uploads/2022/07/قرار-الهيئة-عدد-21-لسنة-2022.pdf,قرار-الهيئة-عدد-21-لسنة-2022.pdf,pdf,unknown,1GSG8UqCk1f0c4D1zJZCLgtXBsmZF3D55,https://drive.google.com/uc?export=download&id=1GSG8UqCk1f0c4D1zJZCLgtXBsmZF3D55
/wp-content/uploads/2022/07/محضر-جلسة-13-جوان-2022.pdf,محضر-جلسة-13-جوان-2022.pdf,pdf,unknown,1u3bNMUYtDO71LUls8ZsUAIfdX5uuWIdv,https://drive.google.com/uc?export=download&id=1u3bNMUYtDO71LUls8ZsUAIfdX5uuWIdv
/wp-content/uploads/2022/07/محضر-جلسة-22-جوان-2022.pdf,محضر-جلسة-22-جوان-2022.pdf,pdf,unknown,1OldC_vsj2bv2BC2-tpClSuVr95nu6dQA,https://drive.google.com/uc?export=download&id=1OldC_vsj2bv2BC2-tpClSuVr95nu6dQA
/wp-content/uploads/2022/08/Decision-n°-2022-17.pdf,Decision-n°-2022-17.pdf,pdf,unknown,1dUOX9Jz9WT5eqyMQ8el_2OlepIO3aBl-,https://drive.google.com/uc?export=download&id=1dUOX9Jz9WT5eqyMQ8el_2OlepIO3aBl-
/wp-content/uploads/2022/08/محضر-جلسة-1-جويلية-2022.pdf,محضر-جلسة-1-جويلية-2022.pdf,pdf,unknown,1-OZYA92gAb7OgA-lGFKX3Y6llmJ6wPuM,https://drive.google.com/uc?export=download&id=1-OZYA92gAb7OgA-lGFKX3Y6llmJ6wPuM
/wp-content/uploads/2022/08/محضر-جلسة-11-جويلية-2022.pdf,محضر-جلسة-11-جويلية-2022.pdf,pdf,unknown,1jRYnCC3tnmA9z523ds3ElVnH5BEyMIRG,https://drive.google.com/uc?export=download&id=1jRYnCC3tnmA9z523ds3ElVnH5BEyMIRG
/wp-content/uploads/2022/08/محضر-جلسة-22-جويلية-2022.pdf,محضر-جلسة-22-جويلية-2022.pdf,pdf,unknown,1qoJDWGVS3OE3WoO8Ov-942VZ-t2oe22A,https://drive.google.com/uc?export=download&id=1qoJDWGVS3OE3WoO8Ov-942VZ-t2oe22A
/wp-content/uploads/2022/08/محضر-جلسة-26-جويلية-2022.pdf,محضر-جلسة-26-جويلية-2022.pdf,pdf,unknown,1L05lMOhz4ft2h_f1wiyJqxkhZ1sjV6Hq,https://drive.google.com/uc?export=download&id=1L05lMOhz4ft2h_f1wiyJqxkhZ1sjV6Hq
/wp-content/uploads/2022/08/محضر-جلسة-27-جوان-2022.pdf,محضر-جلسة-27-جوان-2022.pdf,pdf,unknown,1pKqz47qEJP8RCykpf6J4g7JxrcbuFacG,https://drive.google.com/uc?export=download&id=1pKqz47qEJP8RCykpf6J4g7JxrcbuFacG
/wp-content/uploads/2022/10/CAO-AO-14-2022.pdf,CAO-AO-14-2022.pdf,pdf,unknown,1D5PaVhsjICrmxJG9FqvKC_GGvJ_B6rBS,https://drive.google.com/uc?export=download&id=1D5PaVhsjICrmxJG9FqvKC_GGvJ_B6rBS
/wp-content/uploads/2022/10/CAO-AO-16-2022.pdf,CAO-AO-16-2022.pdf,pdf,unknown,1AmygaOJ__P_IFNfGV2ecUNsjzzxRr-4a,https://drive.google.com/uc?export=download&id=1AmygaOJ__P_IFNfGV2ecUNsjzzxRr-4a
/wp-content/uploads/2022/10/CC-AO-15-2022.pdf,CC-AO-15-2022.pdf,pdf,unknown,1i1_td9W_ATfkFMhsj_Ey-GGMFIg-IJsh,https://drive.google.com/uc?export=download&id=1i1_td9W_ATfkFMhsj_Ey-GGMFIg-IJsh
/wp-content/uploads/2022/10/CCAP-AO-14-2022.pdf,CCAP-AO-14-2022.pdf,pdf,unknown,1Nk0UjFvpDbLVU_U1E9_q1ZQmz3hhi2af,https://drive.google.com/uc?export=download&id=1Nk0UjFvpDbLVU_U1E9_q1ZQmz3hhi2af
/wp-content/uploads/2022/10/CCAP-AO16-2022.pdf,CCAP-AO16-2022.pdf,pdf,unknown,1wB68Qnr9t6UMeZNsAkKl4lS5DOeRSM8U,https://drive.google.com/uc?export=download&id=1wB68Qnr9t6UMeZNsAkKl4lS5DOeRSM8U
/wp-content/uploads/2022/10/CCTP-AO-14-2022.pdf,CCTP-AO-14-2022.pdf,pdf,unknown,1G_hdsBHC2dNS11jRQCBwC7AMti3_kREl,https://drive.google.com/uc?export=download&id=1G_hdsBHC2dNS11jRQCBwC7AMti3_kREl
/wp-content/uploads/2022/10/CCTP-AO16-2022.pdf,CCTP-AO16-2022.pdf,pdf,unknown,1UKC5h9sISWS6SV6qK1Rw7MsvtaxjQnqQ,https://drive.google.com/uc?export=download&id=1UKC5h9sISWS6SV6qK1Rw7MsvtaxjQnqQ
/wp-content/uploads/2022/10/Decision-n°-2022-18.pdf,Decision-n°-2022-18.pdf,pdf,unknown,1ESIC8px8mCG7P4l5Re83YvWwLW2Ipy0I,https://drive.google.com/uc?export=download&id=1ESIC8px8mCG7P4l5Re83YvWwLW2Ipy0I
/wp-content/uploads/2022/10/Decision-n°-2022-19.pdf,Decision-n°-2022-19.pdf,pdf,unknown,1a6epePObFj5kDICzNgLCGSl5OW9wlFn6,https://drive.google.com/uc?export=download&id=1a6epePObFj5kDICzNgLCGSl5OW9wlFn6
/wp-content/uploads/2022/10/التشريعية-2022__-قائمة-مكاتب-التحيين-القارة-حسب-كل-إدارة-فرعية.pdf,التشريعية-2022__-قائمة-مكاتب-التحيين-القارة-حسب-كل-إدارة-فرعية.pdf,pdf,unknown,1LnaZakkUgXuT8FFFXCJkQAJI-8OT1sqi,https://drive.google.com/uc?export=download&id=1LnaZakkUgXuT8FFFXCJkQAJI-8OT1sqi
/wp-content/uploads/2022/10/دليل-الترشحات-الخاص-بالانتخابات-التشريعيّة-2022.pdf,دليل-الترشحات-الخاص-بالانتخابات-التشريعيّة-2022.pdf,pdf,unknown,1JvyP2UhFscqkgbp-w0YvDD3MVAfsuE9R,https://drive.google.com/uc?export=download&id=1JvyP2UhFscqkgbp-w0YvDD3MVAfsuE9R
/wp-content/uploads/2022/10/روزنامة-الانتخابات-التشريعية-2022.pdf,روزنامة-الانتخابات-التشريعية-2022.pdf,pdf,unknown,1XvPPSXzuGEXVVyOHOshCMhwwfR1KyYb-,https://drive.google.com/uc?export=download&id=1XvPPSXzuGEXVVyOHOshCMhwwfR1KyYb-
/wp-content/uploads/2022/10/قرار-الهيئة-عدد-23-لسنة-2022.pdf,قرار-الهيئة-عدد-23-لسنة-2022.pdf,pdf,unknown,1RtGH66Qn_7w2YhsBhHOBarOSdG91mxLH,https://drive.google.com/uc?export=download&id=1RtGH66Qn_7w2YhsBhHOBarOSdG91mxLH
/wp-content/uploads/2022/10/قرار-الهيئة-عدد-25-لسنة-2022.pdf,قرار-الهيئة-عدد-25-لسنة-2022.pdf,pdf,unknown,1V8W4zk2OQqLCVSlTXism1JvLFK_HXdyZ,https://drive.google.com/uc?export=download&id=1V8W4zk2OQqLCVSlTXism1JvLFK_HXdyZ
/wp-content/uploads/2022/10/محضر-جلسة-20-سبتمبر-2022-1.pdf,محضر-جلسة-20-سبتمبر-2022-1.pdf,pdf,unknown,1p1vTb-tTCVrpv9O13VMrir6rCobuWxZj,https://drive.google.com/uc?export=download&id=1p1vTb-tTCVrpv9O13VMrir6rCobuWxZj
/wp-content/uploads/2022/10/محضر-جلسة-23-سبتمبر-2022-1.pdf,محضر-جلسة-23-سبتمبر-2022-1.pdf,pdf,unknown,161YArt9DR0c78sS4qVCuygIcR8SXcBRN,https://drive.google.com/uc?export=download&id=161YArt9DR0c78sS4qVCuygIcR8SXcBRN
/wp-content/uploads/2022/10/مكاتب-تحيين-التسجيل-القارة-للفترة-الثانية.pdf,مكاتب-تحيين-التسجيل-القارة-للفترة-الثانية.pdf,pdf,unknown,1Ds9OpqVQWPRYaQR3Fs_p3zcx0U4mo7pX,https://drive.google.com/uc?export=download&id=1Ds9OpqVQWPRYaQR3Fs_p3zcx0U4mo7pX
/wp-content/uploads/2022/11/CC-AO-17-2022.pdf,CC-AO-17-2022.pdf,pdf,unknown,1ooAnr8hYdfszoxy4aK7zMCHbWW6I3pqs,https://drive.google.com/uc?export=download&id=1ooAnr8hYdfszoxy4aK7zMCHbWW6I3pqs
/wp-content/uploads/2022/11/CC-AO19-2022-AR.pdf,CC-AO19-2022-AR.pdf,pdf,unknown,1_Pqer9dLix2f2hF6Jp2kU2TeCR4WPBwg,https://drive.google.com/uc?export=download&id=1_Pqer9dLix2f2hF6Jp2kU2TeCR4WPBwg
/wp-content/uploads/2022/11/Decision-n°-2022-28.pdf,Decision-n°-2022-28.pdf,pdf,unknown,1jsDoqsiCQrf4cRS0Xy1PSvhkKvZB6tLu,https://drive.google.com/uc?export=download&id=1jsDoqsiCQrf4cRS0Xy1PSvhkKvZB6tLu
/wp-content/uploads/2022/11/Decision-portant-delegation-de-signature.pdf,Decision-portant-delegation-de-signature.pdf,pdf,unknown,1V4BP9VogcVmOMy-yIBsliNiwTSj6HYpa,https://drive.google.com/uc?export=download&id=1V4BP9VogcVmOMy-yIBsliNiwTSj6HYpa
/wp-content/uploads/2022/11/القرار-عدد-30-لسنة-2022.pdf,القرار-عدد-30-لسنة-2022.pdf,pdf,unknown,1mw5Cwi6gwMt1YwnzeXr6ptPPvigMzTOu,https://drive.google.com/uc?export=download&id=1mw5Cwi6gwMt1YwnzeXr6ptPPvigMzTOu
/wp-content/uploads/2022/11/جدول-السقف-الجملي-للانفاق-على-حملة-الانتخابات-التشريعية-2022.pdf,جدول-السقف-الجملي-للانفاق-على-حملة-الانتخابات-التشريعية-2022.pdf,pdf,application/pdf,1xSAoxqlIaiHKnHiVJ5hfrf3W7lwfqGRB,https://drive.google.com/uc?export=download&id=1xSAoxqlIaiHKnHiVJ5hfrf3W7lwfqGRB
/wp-content/uploads/2022/11/دليل-المترشح-للانتخابات-التشريعية-17-ديسمبر-2022.pdf,دليل-المترشح-للانتخابات-التشريعية-17-ديسمبر-2022.pdf,pdf,unknown,1ShAJSIwQsYoV4HfnuUWOg_4W8Q_3gM4v,https://drive.google.com/uc?export=download&id=1ShAJSIwQsYoV4HfnuUWOg_4W8Q_3gM4v
/wp-content/uploads/2022/11/دليل-قواعد-وإجراءات-الحملة-الانتخابية-للانتخابات-التشريعية-لسنة-2022.pdf,دليل-قواعد-وإجراءات-الحملة-الانتخابية-للانتخابات-التشريعية-لسنة-2022.pdf,pdf,unknown,13HGONdQt6r2JOscT27_FaO1g9rd9WUAo,https://drive.google.com/uc?export=download&id=13HGONdQt6r2JOscT27_FaO1g9rd9WUAo
/wp-content/uploads/2022/11/قرار-الهيئة-عدد-28-لسنة-2022.pdf,قرار-الهيئة-عدد-28-لسنة-2022.pdf,pdf,unknown,1fUCzqOiDIuqjMFF6izEaWUvpVV1hLL2w,https://drive.google.com/uc?export=download&id=1fUCzqOiDIuqjMFF6izEaWUvpVV1hLL2w
/wp-content/uploads/2022/11/قرار-محين-عدد-8-لسنة-2018.pdf,قرار-محين-عدد-8-لسنة-2018.pdf,pdf,unknown,1pEfNnSVDFDGQqA5FEaSMAbg703QvJpRd,https://drive.google.com/uc?export=download&id=1pEfNnSVDFDGQqA5FEaSMAbg703QvJpRd
/wp-content/uploads/2022/11/محضر-جلسة-14-أكتوبر-2022.pdf,محضر-جلسة-14-أكتوبر-2022.pdf,pdf,unknown,12MYKTJ3aunA1CEyEBt6wYN9qZe0xDN-5,https://drive.google.com/uc?export=download&id=12MYKTJ3aunA1CEyEBt6wYN9qZe0xDN-5
/wp-content/uploads/2022/11/محضر-جلسة-7-أكتوبر-2022.pdf,محضر-جلسة-7-أكتوبر-2022.pdf,pdf,unknown,1fvA27YnVBCAo7AL6kraimWpyEyhNE--q,https://drive.google.com/uc?export=download&id=1fvA27YnVBCAo7AL6kraimWpyEyhNE--q
/wp-content/uploads/2022/12/CC-CONS-61-2022.pdf,CC-CONS-61-2022.pdf,pdf,unknown,1cwJTNjFUn7884JHjCGhEiI3k0bwLjvGk,https://drive.google.com/uc?export=download&id=1cwJTNjFUn7884JHjCGhEiI3k0bwLjvGk
/wp-content/uploads/2022/12/PvCompilationResulatElecLeg22/الخارج/إيطاليا.pdf,إيطاليا.pdf,pdf,unknown,1UAPp3tcgUK75Sd4Hed3ttlZsfyU6zWVL,https://drive.google.com/uc?export=download&id=1UAPp3tcgUK75Sd4Hed3ttlZsfyU6zWVL
/wp-content/uploads/2022/12/PvCompilationResulatElecLeg22/الخارج/فرنسا 2.pdf,فرنسا 2.pdf,pdf,unknown,1hPmhL3ZYDQfRIqQITmy9jxN1evfICkvE,https://drive.google.com/uc?export=download&id=1hPmhL3ZYDQfRIqQITmy9jxN1evfICkvE
/wp-content/uploads/2022/12/PvCompilationResulatElecLeg22/الخارج/فرنسا 3.pdf,فرنسا 3.pdf,pdf,unknown,1BGToLcE4efJ7_0yfrBtFQ5xmAHNnAW9r,https://drive.google.com/uc?export=download&id=1BGToLcE4efJ7_0yfrBtFQ5xmAHNnAW9r
/wp-content/uploads/2022/12/Rapport-Referendum-2022.pdf,Rapport-Referendum-2022.pdf,pdf,unknown,1nmGCYPhBMwIXXzfVoTgDjERNIgIgZ4n1,https://drive.google.com/uc?export=download&id=1nmGCYPhBMwIXXzfVoTgDjERNIgIgZ4n1
/wp-content/uploads/2022/12/دليل-اجراءات-الاقتراع-و-الفرز-الانتخابات-التشريعية-2022.pdf,دليل-اجراءات-الاقتراع-و-الفرز-الانتخابات-التشريعية-2022.pdf,pdf,unknown,1n3JuZ8omB2PSq9pd7qsBa70yaP3sVkNq,https://drive.google.com/uc?export=download&id=1n3JuZ8omB2PSq9pd7qsBa70yaP3sVkNq
/wp-content/uploads/2022/12/قائمة-مراكز-الاقتراع-ذات-التوقيت-الاستثنائي.pdf,قائمة-مراكز-الاقتراع-ذات-التوقيت-الاستثنائي.pdf,pdf,unknown,1_IZOdilzwBCLB95sMl54j8XTy6WY78QV,https://drive.google.com/uc?export=download&id=1_IZOdilzwBCLB95sMl54j8XTy6WY78QV
/wp-content/uploads/2022/12/قرار-الهيئة-العليا-المسقلة-للانتخابات-يتعلق-بالتصريح-بالنتائج-الأولية-للدورة-الأولى-للانتخابات-التشريعية-2022.pdf,قرار-الهيئة-العليا-المسقلة-للانتخابات-يتعلق-بالتصريح-بالنتائج-الأولية-للدورة-الأولى-للانتخابات-التشريعية-2022.pdf,pdf,unknown,1lXu-L21lG0CXFPqn8b_a5-EHUuo7SD3d,https://drive.google.com/uc?export=download&id=1lXu-L21lG0CXFPqn8b_a5-EHUuo7SD3d
/wp-content/uploads/2022/12/قرار-أولي-بالالغاء-الكلي-والجزئي-لنتائج-بعض-الفائزين-في-انتخابات-أعضاء-مجلس-نواب-الشعب-17-ديسمبر-2022-في-بعض-الدوائر-الانتخابية.pdf,قرار-أولي-بالالغاء-الكلي-والجزئي-لنتائج-بعض-الفائزين-في-انتخابات-أعضاء-مجلس-نواب-الشعب-17-ديسمبر-2022-في-بعض-الدوائر-الانتخابية.pdf,pdf,unknown,10VFZqbvxcxQ_sZHdIRdSGkXNNTLC4aKN,https://drive.google.com/uc?export=download&id=10VFZqbvxcxQ_sZHdIRdSGkXNNTLC4aKN
/wp-content/uploads/2023/01/CAHIER-DE-CHARGES-COURTIER.pdf,CAHIER-DE-CHARGES-COURTIER.pdf,pdf,unknown,1juZqZnYs1jdCODj_DCbTZ9KV9bR9Lge_,https://drive.google.com/uc?export=download&id=1juZqZnYs1jdCODj_DCbTZ9KV9bR9Lge_
/wp-content/uploads/2023/01/النتائج-الأولية-للدورة-الثانية-للانتخابات-التشريعية.pdf,النتائج-الأولية-للدورة-الثانية-للانتخابات-التشريعية.pdf,pdf,unknown,1xG8_69IanptMEgifmg4gZAyY0Rjxzl-y,https://drive.google.com/uc?export=download&id=1xG8_69IanptMEgifmg4gZAyY0Rjxzl-y
/wp-content/uploads/2023/01/قرار-الالغاء-الكلي-والجزئي-لنتائج-بعض-الفائزين-في-الدورة-الثانية-للانتخابات-التشريعية.pdf,قرار-الالغاء-الكلي-والجزئي-لنتائج-بعض-الفائزين-في-الدورة-الثانية-للانتخابات-التشريعية.pdf,pdf,unknown,1gTe_kk47FtXUOdO5ImUkl-uwU5tTBFWZ,https://drive.google.com/uc?export=download&id=1gTe_kk47FtXUOdO5ImUkl-uwU5tTBFWZ
/wp-content/uploads/2023/02/Cahier-des-charges-JM-12_2023.pdf,Cahier-des-charges-JM-12_2023.pdf,pdf,unknown,1O2a-BUwUOyZIIw44rRdrVCHWEXKWnbna,https://drive.google.com/uc?export=download&id=1O2a-BUwUOyZIIw44rRdrVCHWEXKWnbna
/wp-content/uploads/2023/02/قرار-عدد-6-لسنة-2023-بتاريخ-25-فيفري-2023.pdf,قرار-عدد-6-لسنة-2023-بتاريخ-25-فيفري-2023.pdf,pdf,unknown,1OVuIZ1C2O1K4N4nuXevQyMgE4E4Ob0fE,https://drive.google.com/uc?export=download&id=1OVuIZ1C2O1K4N4nuXevQyMgE4E4Ob0fE
/wp-content/uploads/2023/02/محضر-جلسة-30-جانفي-2023.pdf,محضر-جلسة-30-جانفي-2023.pdf,pdf,unknown,1BM59kfHBCTNsk_XtOjFsyg0Rgu5IixV2,https://drive.google.com/uc?export=download&id=1BM59kfHBCTNsk_XtOjFsyg0Rgu5IixV2
/wp-content/uploads/2023/05/CC-AOS-2-2023.pdf,CC-AOS-2-2023.pdf,pdf,unknown,1SbCK7ALsLlg9EtTG5XmdOuMqob34e2nj,https://drive.google.com/uc?export=download&id=1SbCK7ALsLlg9EtTG5XmdOuMqob34e2nj
/wp-content/uploads/2023/05/بلاغ-السيد-رئيس-اللجنة-المكلفة-بمتابعة-الإشكاليات-الإدارية-بالهيئة.pdf,بلاغ-السيد-رئيس-اللجنة-المكلفة-بمتابعة-الإشكاليات-الإدارية-بالهيئة.pdf,pdf,unknown,1hBC3HCmyOGYU_aErAWkGt-QNtYxE2ad8,https://drive.google.com/uc?export=download&id=1hBC3HCmyOGYU_aErAWkGt-QNtYxE2ad8
/wp-content/uploads/2023/07/CC-AOS-3-2023.pdf,CC-AOS-3-2023.pdf,pdf,unknown,1tNyHOfSU_ETaT4yyfrj2s_3gDyj6Mwj_,https://drive.google.com/uc?export=download&id=1tNyHOfSU_ETaT4yyfrj2s_3gDyj6Mwj_
/wp-content/uploads/2023/07/محضر-جلسة-20-جوان-2023.pdf,محضر-جلسة-20-جوان-2023.pdf,pdf,unknown,1KzlxInF-4klYXdfyk_qgW-EZIRRy_s9q,https://drive.google.com/uc?export=download&id=1KzlxInF-4klYXdfyk_qgW-EZIRRy_s9q
/wp-content/uploads/2023/07/محضر-جلسة-28-أفريل-2023.pdf,محضر-جلسة-28-أفريل-2023.pdf,pdf,unknown,1oKLtt1sOPhDS_10zMWn65_z7alqE2z1m,https://drive.google.com/uc?export=download&id=1oKLtt1sOPhDS_10zMWn65_z7alqE2z1m
/wp-content/uploads/2023/08/CC-41-2023.pdf,CC-41-2023.pdf,pdf,unknown,1_ZXGxqTtvb6ud1MPa-wzATuql6J69qjN,https://drive.google.com/uc?export=download&id=1_ZXGxqTtvb6ud1MPa-wzATuql6J69qjN
/wp-content/uploads/2023/08/CC-AOS-5-2023.pdf,CC-AOS-5-2023.pdf,pdf,unknown,1ZJCoN29X8CnsUlSCXt-Xp0uemLkysg3i,https://drive.google.com/uc?export=download&id=1ZJCoN29X8CnsUlSCXt-Xp0uemLkysg3i
/wp-content/uploads/2023/08/CC_A.O-06-2023.pdf,CC_A.O-06-2023.pdf,pdf,unknown,1GtQrHaQKLO7SWh_yH08aRN9BT-dvhIS-,https://drive.google.com/uc?export=download&id=1GtQrHaQKLO7SWh_yH08aRN9BT-dvhIS-
/wp-content/uploads/2023/08/Cc_A.O-04-2023.pdf,Cc_A.O-04-2023.pdf,pdf,unknown,1WjLz-h5mGl8YiAVSGGvEjCJXy1h9zvGt,https://drive.google.com/uc?export=download&id=1WjLz-h5mGl8YiAVSGGvEjCJXy1h9zvGt
/wp-content/uploads/2023/08/تقرير-الهيئة-العليا-المستقلّة-للانتخابات-حول-انتخابات-أعضاء-مجلس-نوّاب-الشعب-لسنة-2022.pdf,تقرير-الهيئة-العليا-المستقلّة-للانتخابات-حول-انتخابات-أعضاء-مجلس-نوّاب-الشعب-لسنة-2022.pdf,pdf,unknown,1s15NJCCfk4_vmw3nNKVLrWYRiastx67F,https://drive.google.com/uc?export=download&id=1s15NJCCfk4_vmw3nNKVLrWYRiastx67F
/wp-content/uploads/2023/08/معطيات-حول-الدوائر-الانتخابية-المحلية-لانتخابات-المجالس-المحلية-وعدد-المقاعد-المخصصة-لها.pdf,معطيات-حول-الدوائر-الانتخابية-المحلية-لانتخابات-المجالس-المحلية-وعدد-المقاعد-المخصصة-لها.pdf,pdf,unknown,1NNleSDfFSYsbjq9fz4y2BvKTLXKwPEOk,https://drive.google.com/uc?export=download&id=1NNleSDfFSYsbjq9fz4y2BvKTLXKwPEOk
/wp-content/uploads/2023/08/معطيات-حول-انتخابات-المجلس-الوطني-للجهات-والأقاليم.pdf,معطيات-حول-انتخابات-المجلس-الوطني-للجهات-والأقاليم.pdf,pdf,unknown,1uMrWvDLoPb0gyAf46weDrrG5XZB49SY1,https://drive.google.com/uc?export=download&id=1uMrWvDLoPb0gyAf46weDrrG5XZB49SY1
/wp-content/uploads/2023/08/معطيات-عامة-حول-الدوائر-الخاصة-بذوي-الاعاقة-بالمجالس-المحلية-وعدد-المقاعد-المخصصة-لها.pdf,معطيات-عامة-حول-الدوائر-الخاصة-بذوي-الاعاقة-بالمجالس-المحلية-وعدد-المقاعد-المخصصة-لها.pdf,pdf,unknown,1OfgpQuTENzVpBgmNMJOBkd2SQW_XoWjk,https://drive.google.com/uc?export=download&id=1OfgpQuTENzVpBgmNMJOBkd2SQW_XoWjk
/wp-content/uploads/2023/08/معطيات-عامة-حول-مشروع-التحديد-الترابي-للدوائر-الانتخابية-المحلية.pdf,معطيات-عامة-حول-مشروع-التحديد-الترابي-للدوائر-الانتخابية-المحلية.pdf,pdf,unknown,1mb3wgXt72kDIWtsCXRBvtmE-wnU0w8jG,https://drive.google.com/uc?export=download&id=1mb3wgXt72kDIWtsCXRBvtmE-wnU0w8jG
/wp-content/uploads/2023/09/CC-AO7-2023.pdf,CC-AO7-2023.pdf,pdf,unknown,1CMDBov-8By1zLGiqqViRYziAg-74djJC,https://drive.google.com/uc?export=download&id=1CMDBov-8By1zLGiqqViRYziAg-74djJC
/wp-content/uploads/2023/09/CC-AO8-2023.pdf,CC-AO8-2023.pdf,pdf,unknown,1zzqDGSpE45HebaB_y9OdK7GFAmtqqd_G,https://drive.google.com/uc?export=download&id=1zzqDGSpE45HebaB_y9OdK7GFAmtqqd_G
/wp-content/uploads/2023/09/Decret2023_590Arabe.pdf,Decret2023_590Arabe.pdf,pdf,unknown,1FPtqyui09wiIbZjO3IHcaQ564_GwCMeD,https://drive.google.com/uc?export=download&id=1FPtqyui09wiIbZjO3IHcaQ564_GwCMeD
/wp-content/uploads/2023/09/IMG_6250-scaled.jpg,IMG_6250-scaled.jpg,jpg,unknown,11W4Zz2o7CK4TstqZxEjiT3KtSu3S4__2,https://drive.google.com/uc?export=download&id=11W4Zz2o7CK4TstqZxEjiT3KtSu3S4__2
/wp-content/uploads/2023/09/IMG_6371-scaled.jpg,IMG_6371-scaled.jpg,jpg,unknown,1s7PToLfnLffbmmlzWp5F00rLHjRakbVs,https://drive.google.com/uc?export=download&id=1s7PToLfnLffbmmlzWp5F00rLHjRakbVs
/wp-content/uploads/2023/09/constitution-de-la-republique-tunisienne.pdf,constitution-de-la-republique-tunisienne.pdf,pdf,unknown,117JVms8kOmfFT6dYvINEqlbOZ2J2hiLP,https://drive.google.com/uc?export=download&id=117JVms8kOmfFT6dYvINEqlbOZ2J2hiLP
/wp-content/uploads/2023/09/محضر-جلسة-15-سبتمبر-2023.pdf,محضر-جلسة-15-سبتمبر-2023.pdf,pdf,unknown,1cHkwK5r8X32WmDg4hCVdXmfTHlk3L_Gk,https://drive.google.com/uc?export=download&id=1cHkwK5r8X32WmDg4hCVdXmfTHlk3L_Gk
/wp-content/uploads/2023/09/معطيات-حول-انتخابات-المجلس-الوطني-للجهات-والأقاليم-2023.pdf,معطيات-حول-انتخابات-المجلس-الوطني-للجهات-والأقاليم-2023.pdf,pdf,unknown,1aD9WcuX4T3Gc_4mhPT-c81VQ_GWTjS9M,https://drive.google.com/uc?export=download&id=1aD9WcuX4T3Gc_4mhPT-c81VQ_GWTjS9M
/wp-content/uploads/2023/09/معطيات-عامة-حول-مجالس-الاقاليم.pdf,معطيات-عامة-حول-مجالس-الاقاليم.pdf,pdf,unknown,1pa56nnviaummmRQR4r2HLsyYfWFc7cdk,https://drive.google.com/uc?export=download&id=1pa56nnviaummmRQR4r2HLsyYfWFc7cdk
/wp-content/uploads/2023/10/CAO-AO-11-2023.pdf,CAO-AO-11-2023.pdf,pdf,unknown,195pEXMltvquXDdAiikdqXxLNYOW-OaU5,https://drive.google.com/uc?export=download&id=195pEXMltvquXDdAiikdqXxLNYOW-OaU5
/wp-content/uploads/2023/10/CC-AO-09-2023.pdf,CC-AO-09-2023.pdf,pdf,unknown,1L883wcEHxAUkTV_VCmy8GPAusxae1GXJ,https://drive.google.com/uc?export=download&id=1L883wcEHxAUkTV_VCmy8GPAusxae1GXJ
/wp-content/uploads/2023/10/CC-AO-10-2023.pdf,CC-AO-10-2023.pdf,pdf,unknown,16Mm45-s6zhMBLLAxHz_U65x6EDSN-DUL,https://drive.google.com/uc?export=download&id=16Mm45-s6zhMBLLAxHz_U65x6EDSN-DUL
/wp-content/uploads/2023/10/CC-AO-ISIE-13-2023-VF.pdf,CC-AO-ISIE-13-2023-VF.pdf,pdf,unknown,1Czw0RHLkHLK4Xq-7CuSb_rpgoJ9LqcwF,https://drive.google.com/uc?export=download&id=1Czw0RHLkHLK4Xq-7CuSb_rpgoJ9LqcwF
/wp-content/uploads/2023/10/CC-AO13-2023.pdf,CC-AO13-2023.pdf,pdf,unknown,1sKBtOam3iIGlHQ0c152O185wh-9_vfaC,https://drive.google.com/uc?export=download&id=1sKBtOam3iIGlHQ0c152O185wh-9_vfaC
/wp-content/uploads/2023/10/CC-AVOCAT-2023.pdf,CC-AVOCAT-2023.pdf,pdf,unknown,14U3gPu5ilh6UR3HhAWmolnLBVcoozd-m,https://drive.google.com/uc?export=download&id=14U3gPu5ilh6UR3HhAWmolnLBVcoozd-m
/wp-content/uploads/2023/10/CC-CONS70-2023.pdf,CC-CONS70-2023.pdf,pdf,unknown,1eKGMwq2lWC_zTZXM8AtgsjEJGHOWruYn,https://drive.google.com/uc?export=download&id=1eKGMwq2lWC_zTZXM8AtgsjEJGHOWruYn
/wp-content/uploads/2023/10/CONS-ISIE-94-2023.pdf,CONS-ISIE-94-2023.pdf,pdf,unknown,17D0kRZGxd6dNnDBU5HXFhNZzljAxl_xV,https://drive.google.com/uc?export=download&id=17D0kRZGxd6dNnDBU5HXFhNZzljAxl_xV
/wp-content/uploads/2023/10/CV-Membre-ISIE-Mohamed-Tlili-Mnasri.pdf,CV-Membre-ISIE-Mohamed-Tlili-Mnasri.pdf,pdf,unknown,1X_ufmNjTJG1_3B_kSHpdzz-AQ7GXgH7T,https://drive.google.com/uc?export=download&id=1X_ufmNjTJG1_3B_kSHpdzz-AQ7GXgH7T
/wp-content/uploads/2023/10/إعلان-عن-فتح-مناظرة-خارجية-لانتداب-أعوان-قارين-بالهيئة-العليا-المستقلة-للانتخابات.pdf,إعلان-عن-فتح-مناظرة-خارجية-لانتداب-أعوان-قارين-بالهيئة-العليا-المستقلة-للانتخابات.pdf,pdf,unknown,1btspGR6PZSMoHLOMJcnTr8yfYfARLIzG,https://drive.google.com/uc?export=download&id=1btspGR6PZSMoHLOMJcnTr8yfYfARLIzG
/wp-content/uploads/2023/10/بلاغ-حول-تأمين-حصة-عمل-استثنائية-من-قبل-القباضات-الماليّة-والبلدية-يوم-السبت-والأحد.pdf,بلاغ-حول-تأمين-حصة-عمل-استثنائية-من-قبل-القباضات-الماليّة-والبلدية-يوم-السبت-والأحد.pdf,pdf,unknown,1FV1cV4tTJhKZsdDd39uCI_Egqv6VNliI,https://drive.google.com/uc?export=download&id=1FV1cV4tTJhKZsdDd39uCI_Egqv6VNliI
/wp-content/uploads/2023/10/بلاغ-حول-تأمين-حصة-عمل-استثنائية-من-قبل-القباضات-الماليّة-والبلدية.pdf,بلاغ-حول-تأمين-حصة-عمل-استثنائية-من-قبل-القباضات-الماليّة-والبلدية.pdf,pdf,unknown,15iGrWoEx6bAORo1rNQMj8ClDGIAsUszZ,https://drive.google.com/uc?export=download&id=15iGrWoEx6bAORo1rNQMj8ClDGIAsUszZ
/wp-content/uploads/2023/10/قرار-الهيئة-عدد-9-لسنة-2023.pdf,قرار-الهيئة-عدد-9-لسنة-2023.pdf,pdf,unknown,1Ig1vhMJRUdJYuuY7asHLo_6fuJfmy1Jo,https://drive.google.com/uc?export=download&id=1Ig1vhMJRUdJYuuY7asHLo_6fuJfmy1Jo
/wp-content/uploads/2023/10/قرار-عدد-8-لسنة-2023.pdf,قرار-عدد-8-لسنة-2023.pdf,pdf,unknown,1ZgwQoDZUYmK0a4n3oQAPBoE9aaUAkIHD,https://drive.google.com/uc?export=download&id=1ZgwQoDZUYmK0a4n3oQAPBoE9aaUAkIHD
/wp-content/uploads/2023/10/كراس-شروط-الاستشارة-عدد-77.pdf,كراس-شروط-الاستشارة-عدد-77.pdf,pdf,unknown,1KdDwoFWKNQSSX7QGe0vulzjqcnhCi6c8,https://drive.google.com/uc?export=download&id=1KdDwoFWKNQSSX7QGe0vulzjqcnhCi6c8
/wp-content/uploads/2023/10/محضر-جلسة-11-أكتوبر-2023.pdf,محضر-جلسة-11-أكتوبر-2023.pdf,pdf,unknown,1g-s3Dq5__HXPDOB-Kn8aktu49Ex326cs,https://drive.google.com/uc?export=download&id=1g-s3Dq5__HXPDOB-Kn8aktu49Ex326cs
/wp-content/uploads/2023/10/محضر-جلسة-3-أكتوبر-2023.pdf,محضر-جلسة-3-أكتوبر-2023.pdf,pdf,unknown,1mHMWbFIRLmPllYb8ZmFGQtP1YBexL-QN,https://drive.google.com/uc?export=download&id=1mHMWbFIRLmPllYb8ZmFGQtP1YBexL-QN
/wp-content/uploads/2023/11/ANNEXES-AO15-2023.pdf,ANNEXES-AO15-2023.pdf,pdf,unknown,1IvoQYUppi4MfG9GzL14nV4TbRlgX1mcU,https://drive.google.com/uc?export=download&id=1IvoQYUppi4MfG9GzL14nV4TbRlgX1mcU
/wp-content/uploads/2023/11/CAHIERS-DE-CHARGES-AO15-2023.pdf,CAHIERS-DE-CHARGES-AO15-2023.pdf,pdf,unknown,1dL_IQzXMHgMp-CG1GddC4LnkbeLIYEKr,https://drive.google.com/uc?export=download&id=1dL_IQzXMHgMp-CG1GddC4LnkbeLIYEKr
/wp-content/uploads/2023/11/CC-AO-14-2023.pdf,CC-AO-14-2023.pdf,pdf,unknown,17GLz9i9mgjjhwEciUS0Emua3z2y288dr,https://drive.google.com/uc?export=download&id=17GLz9i9mgjjhwEciUS0Emua3z2y288dr
/wp-content/uploads/2023/11/CV-Membre-ISIE-Mahmoud-El-Ouaer.pdf,CV-Membre-ISIE-Mahmoud-El-Ouaer.pdf,pdf,unknown,1NuuXhZUERu3w4KlHPKMF9TqzA6una-Lw,https://drive.google.com/uc?export=download&id=1NuuXhZUERu3w4KlHPKMF9TqzA6una-Lw
/wp-content/uploads/2023/11/CV-Membre-ISIE-Mohamed-Naoufel-Frikha.pdf,CV-Membre-ISIE-Mohamed-Naoufel-Frikha.pdf,pdf,unknown,1t5GQPZPaejy36IMGqfoXb1JHA6A27wJU,https://drive.google.com/uc?export=download&id=1t5GQPZPaejy36IMGqfoXb1JHA6A27wJU
/wp-content/uploads/2023/11/القرار-عدد-12-لسنة-2023.pdf,القرار-عدد-12-لسنة-2023.pdf,pdf,unknown,1aYwYeNxNjCHFRxjSVpQFnHDeMO61fFqp,https://drive.google.com/uc?export=download&id=1aYwYeNxNjCHFRxjSVpQFnHDeMO61fFqp
/wp-content/uploads/2023/11/بلاغ-حول-تأمين-حصة-عمل-استثنائية-من-قبل-القباضات-المالية-والبلدية-ليومي-4-و5-نوفمبر.pdf,بلاغ-حول-تأمين-حصة-عمل-استثنائية-من-قبل-القباضات-المالية-والبلدية-ليومي-4-و5-نوفمبر.pdf,pdf,unknown,1xDg5w9teWH9eWeVJMK8bk50yiHycmL0e,https://drive.google.com/uc?export=download&id=1xDg5w9teWH9eWeVJMK8bk50yiHycmL0e
/wp-content/uploads/2023/11/دليل-المترشح-لانتخابات-أعضاء-المجالس-المحلية-2023.pdf,دليل-المترشح-لانتخابات-أعضاء-المجالس-المحلية-2023.pdf,pdf,unknown,1hJh7lneY59m24yq_rFL4z8pPpUUR58-S,https://drive.google.com/uc?export=download&id=1hJh7lneY59m24yq_rFL4z8pPpUUR58-S
/wp-content/uploads/2023/11/كراس-شروط-المتعلّق-بالتفويت-في-مواد-بلاستيكية-زال-الانتفاع-بها.pdf,كراس-شروط-المتعلّق-بالتفويت-في-مواد-بلاستيكية-زال-الانتفاع-بها.pdf,pdf,unknown,1yEP15aEvCa-6rde4y5V-bpWEwfADGovk,https://drive.google.com/uc?export=download&id=1yEP15aEvCa-6rde4y5V-bpWEwfADGovk
/wp-content/uploads/2023/11/مكاتب-تحيين-تسجيل-الناخبين-القارة-الفترة-الاستثنائية-21-نوفمبر-2023.pdf,مكاتب-تحيين-تسجيل-الناخبين-القارة-الفترة-الاستثنائية-21-نوفمبر-2023.pdf,pdf,unknown,1-NYEzS038CDMQAiSIzYxTITGkuF_DR7v,https://drive.google.com/uc?export=download&id=1-NYEzS038CDMQAiSIzYxTITGkuF_DR7v
/wp-content/uploads/2023/12/CONS-123-2023-Ordinateurs-et-ecrans-TV.pdf,CONS-123-2023-Ordinateurs-et-ecrans-TV.pdf,pdf,unknown,1wYIw4BlBZzqM_Mcr3BIMN4MZq6QKYjlQ,https://drive.google.com/uc?export=download&id=1wYIw4BlBZzqM_Mcr3BIMN4MZq6QKYjlQ
/wp-content/uploads/2023/12/decision-isie-n16-2023.pdf,decision-isie-n16-2023.pdf,pdf,unknown,1wAOYqE6aAq3RRxaEUGtxW5cWzJ-9EjiW,https://drive.google.com/uc?export=download&id=1wAOYqE6aAq3RRxaEUGtxW5cWzJ-9EjiW
/wp-content/uploads/2023/12/قرار-الهيئة-العليا-المستقلة-للانتخابات-عدد-16-لسنة-2023.pdf,قرار-الهيئة-العليا-المستقلة-للانتخابات-عدد-16-لسنة-2023.pdf,pdf,unknown,1TSoxbWaBcYuyk8lPwWxyFGrfnm4MnohV,https://drive.google.com/uc?export=download&id=1TSoxbWaBcYuyk8lPwWxyFGrfnm4MnohV
/wp-content/uploads/2023/12/محضر-جلسة-7-ديسمبر-2023.pdf,محضر-جلسة-7-ديسمبر-2023.pdf,pdf,unknown,1ELD1y6tPdshS8oXLSgcLc1s_4chXBmkW,https://drive.google.com/uc?export=download&id=1ELD1y6tPdshS8oXLSgcLc1s_4chXBmkW
/wp-content/uploads/2023/12/محضر-جلسة-الهيئة-28-نوفمبر-2023.pdf,محضر-جلسة-الهيئة-28-نوفمبر-2023.pdf,pdf,unknown,1RWSS5Ht-Mz8-mhauJKcyZqxb-fqqkyzT,https://drive.google.com/uc?export=download&id=1RWSS5Ht-Mz8-mhauJKcyZqxb-fqqkyzT
/wp-content/uploads/2023/12/مراكز-الاقتراع-للانتخابات-المحلية-2023.pdf,مراكز-الاقتراع-للانتخابات-المحلية-2023.pdf,pdf,unknown,1YYDWdUDqu95DD2qFWJ645-50uyssnu4Z,https://drive.google.com/uc?export=download&id=1YYDWdUDqu95DD2qFWJ645-50uyssnu4Z
/wp-content/uploads/2023/ResultatsLocales2023/الكاف/الجريصة/قرار الهيئة لمعتمدية الجريصة__58__الكاف.PDF,قرار الهيئة لمعتمدية الجريصة__58__الكاف.PDF,pdf,unknown,178do27HT8i4YGX1yFzLTbNNQLxQHiUao,https://drive.google.com/uc?export=download&id=178do27HT8i4YGX1yFzLTbNNQLxQHiUao
/wp-content/uploads/2023/ResultatsLocales2023/الكاف/الدهماني/قرار الهيئة لمعتمدية الدهماني__59__الكاف.PDF,قرار الهيئة لمعتمدية الدهماني__59__الكاف.PDF,pdf,unknown,1xtjadNB1gjTtcLgS1jsH4wBWk4rPTtF1,https://drive.google.com/uc?export=download&id=1xtjadNB1gjTtcLgS1jsH4wBWk4rPTtF1
/wp-content/uploads/2023/ResultatsLocales2023/الكاف/السرس/قرار الهيئة لمعتمدية السرس__60__الكاف.PDF,قرار الهيئة لمعتمدية السرس__60__الكاف.PDF,pdf,unknown,1M5fSb2ENuoVi_fBnJwJo1fMfjBtC2o65,https://drive.google.com/uc?export=download&id=1M5fSb2ENuoVi_fBnJwJo1fMfjBtC2o65
/wp-content/uploads/2023/ResultatsLocales2023/الكاف/الطويرف/قرار الهيئة لمعتمدية الطويرف__69__الكاف.PDF,قرار الهيئة لمعتمدية الطويرف__69__الكاف.PDF,pdf,unknown,1ddXksd3Wv-Kv1h8kV_y-CSoKwR-LhlXD,https://drive.google.com/uc?export=download&id=1ddXksd3Wv-Kv1h8kV_y-CSoKwR-LhlXD
/wp-content/uploads/2023/ResultatsLocales2023/الكاف/القصور/قرار الهيئة لمعتمدية القصور__61__الكاف.PDF,قرار الهيئة لمعتمدية القصور__61__الكاف.PDF,pdf,unknown,160c0iFXbsfqGvTuMaf_utaHqTR-CD0Qi,https://drive.google.com/uc?export=download&id=160c0iFXbsfqGvTuMaf_utaHqTR-CD0Qi
/wp-content/uploads/2023/ResultatsLocales2023/الكاف/القلعة الخصباء/قرار الهيئة لمعتمدية القلعة الخصباء__62__الكاف.PDF,قرار الهيئة لمعتمدية القلعة الخصباء__62__الكاف.PDF,pdf,unknown,1ycgzMesJKgcnRLQY7XJ9_ETtY8fmBNVL,https://drive.google.com/uc?export=download&id=1ycgzMesJKgcnRLQY7XJ9_ETtY8fmBNVL
/wp-content/uploads/2023/ResultatsLocales2023/الكاف/الكاف الشرقية/قرار الهيئة لمعتمدية الكاف الشرقية__63__الكاف.PDF,قرار الهيئة لمعتمدية الكاف الشرقية__63__الكاف.PDF,pdf,unknown,1qNBRJ84ksU_mr9eC5ADmNCo-nFOzSSbg,https://drive.google.com/uc?export=download&id=1qNBRJ84ksU_mr9eC5ADmNCo-nFOzSSbg
/wp-content/uploads/2023/ResultatsLocales2023/الكاف/الكاف الغربية/قرار الهيئة لمعتمدية الكاف الغربية__64__الكاف.PDF,قرار الهيئة لمعتمدية الكاف الغربية__64__الكاف.PDF,pdf,unknown,1fz63zLYoubrGXS8JBs1iXmW02-mbgUoE,https://drive.google.com/uc?export=download&id=1fz63zLYoubrGXS8JBs1iXmW02-mbgUoE
/wp-content/uploads/2023/ResultatsLocales2023/الكاف/تاجروين/قرار الهيئة لمعتمدية تاجروين__65__الكاف.PDF,قرار الهيئة لمعتمدية تاجروين__65__الكاف.PDF,pdf,unknown,1hys3FK4psj8O9I1a1aAsA7-wi0a1BhLo,https://drive.google.com/uc?export=download&id=1hys3FK4psj8O9I1a1aAsA7-wi0a1BhLo
/wp-content/uploads/2023/ResultatsLocales2023/الكاف/ساقية سيدي يوسف/ساقية سيدي يوسف.PDF,ساقية سيدي يوسف.PDF,pdf,unknown,1typB7ImuS5U6zECHJswgGyUwB8tkdGJ0,https://drive.google.com/uc?export=download&id=1typB7ImuS5U6zECHJswgGyUwB8tkdGJ0
/wp-content/uploads/2023/ResultatsLocales2023/الكاف/قلعة سنان/قرار الهيئة لمعتمدية قلعة سنان__67__الكاف.PDF,قرار الهيئة لمعتمدية قلعة سنان__67__الكاف.PDF,pdf,unknown,11jdS5KgJM0OGWHLeP30Psct0dlGzexnb,https://drive.google.com/uc?export=download&id=11jdS5KgJM0OGWHLeP30Psct0dlGzexnb
/wp-content/uploads/2023/ResultatsLocales2023/الكاف/نبر/قرار الهيئة لمعتمدية نبر__68__الكاف.PDF,قرار الهيئة لمعتمدية نبر__68__الكاف.PDF,pdf,unknown,1ShOEi4Ce965h3FF2O3q8ycpfH5AzPGLN,https://drive.google.com/uc?export=download&id=1ShOEi4Ce965h3FF2O3q8ycpfH5AzPGLN
/wp-content/uploads/2023/ResultatsLocales2023/أريانة/المنيهلة/المنيهلة.PDF,المنيهلة.PDF,pdf,unknown,14AyC5LD2O1kZyCaQ2ok5_AWE8QBoCKcQ,https://drive.google.com/uc?export=download&id=14AyC5LD2O1kZyCaQ2ok5_AWE8QBoCKcQ
/wp-content/uploads/2023/ResultatsLocales2023/أريانة/أريانة المدينة/أريانة المدينة.PDF,أريانة المدينة.PDF,pdf,unknown,10f0TKLbXks4EdrK1S7nBG54fkLphh2Fr,https://drive.google.com/uc?export=download&id=10f0TKLbXks4EdrK1S7nBG54fkLphh2Fr
/wp-content/uploads/2023/ResultatsLocales2023/أريانة/حي التضامن/حي التضامن.PDF,حي التضامن.PDF,pdf,unknown,19iPoK_QC-IQosyyeeD_oggKZog2_C7NX,https://drive.google.com/uc?export=download&id=19iPoK_QC-IQosyyeeD_oggKZog2_C7NX
/wp-content/uploads/2023/ResultatsLocales2023/أريانة/رواد/رواد.PDF,رواد.PDF,pdf,unknown,1Kf5uTfRtun3JAJ1bLR9aYuyk-9beOdxj,https://drive.google.com/uc?export=download&id=1Kf5uTfRtun3JAJ1bLR9aYuyk-9beOdxj
/wp-content/uploads/2023/ResultatsLocales2023/أريانة/سكرة/سكرة.PDF,سكرة.PDF,pdf,unknown,1QglpOd5GTvKo0IVtJxbK6x6HgowAQacL,https://drive.google.com/uc?export=download&id=1QglpOd5GTvKo0IVtJxbK6x6HgowAQacL
/wp-content/uploads/2023/ResultatsLocales2023/أريانة/سيدي ثابت/سيدي ثابت.PDF,سيدي ثابت.PDF,pdf,unknown,1ocyAI2pg3cXzM0cRAxqfyl9v9ju1EaSq,https://drive.google.com/uc?export=download&id=1ocyAI2pg3cXzM0cRAxqfyl9v9ju1EaSq
/wp-content/uploads/2023/ResultatsLocales2023/أريانة/قلعة الأندلس/قلعة الأندلس.PDF,قلعة الأندلس.PDF,pdf,unknown,1x5hQh5VhqfkTb3bVgBe0pT0OzT9JKwV5,https://drive.google.com/uc?export=download&id=1x5hQh5VhqfkTb3bVgBe0pT0OzT9JKwV5
/wp-content/uploads/2023/ResultatsLocales2023/بن عروس/الزهراء/قرار الهيئة لمعتمدية الزهراء__26__بن عروس.PDF,قرار الهيئة لمعتمدية الزهراء__26__بن عروس.PDF,pdf,unknown,11_KXgXLbtRY0LnUeGb2soz4u9BJGb8Ct,https://drive.google.com/uc?export=download&id=11_KXgXLbtRY0LnUeGb2soz4u9BJGb8Ct
/wp-content/uploads/2023/ResultatsLocales2023/بن عروس/المحمدية/قرار الهيئة لمعتمدية المحمدية__22__بن عروس.PDF,قرار الهيئة لمعتمدية المحمدية__22__بن عروس.PDF,pdf,unknown,1n76iQ2vp1rl2DTipvHyq5B8v52cgvJRB,https://drive.google.com/uc?export=download&id=1n76iQ2vp1rl2DTipvHyq5B8v52cgvJRB
/wp-content/uploads/2023/ResultatsLocales2023/بن عروس/المدينة الجديدة/قرار الهيئة لمعتمدية المدينة الجديدة__24__بن عروس.PDF,قرار الهيئة لمعتمدية المدينة الجديدة__24__بن عروس.PDF,pdf,unknown,1H4GrA8xbuE2shr-qxrtgAals3XD98aAz,https://drive.google.com/uc?export=download&id=1H4GrA8xbuE2shr-qxrtgAals3XD98aAz
/wp-content/uploads/2023/ResultatsLocales2023/بن عروس/المروج/قرار الهيئة لمعتمدية المروج__23__بن عروس.PDF,قرار الهيئة لمعتمدية المروج__23__بن عروس.PDF,pdf,unknown,1R9meDY5ZmMnazjLgv-OoAYLidKGGQtU-,https://drive.google.com/uc?export=download&id=1R9meDY5ZmMnazjLgv-OoAYLidKGGQtU-
/wp-content/uploads/2023/ResultatsLocales2023/بن عروس/بن عروس/قرار الهيئة لمعتمدية بن عروس__25__بن عروس.PDF,قرار الهيئة لمعتمدية بن عروس__25__بن عروس.PDF,pdf,unknown,1WnS0a3L4L0XzM2aT839ChJHTyYdp1wQc,https://drive.google.com/uc?export=download&id=1WnS0a3L4L0XzM2aT839ChJHTyYdp1wQc
/wp-content/uploads/2023/ResultatsLocales2023/بن عروس/بومهل البساتين/قرار الهيئة لمعتمدية بومهل البساتين__27__بن عروس.PDF,قرار الهيئة لمعتمدية بومهل البساتين__27__بن عروس.PDF,pdf,unknown,1QhhqHy6aoOQt5biw1KzpuEwejGIiPPeo,https://drive.google.com/uc?export=download&id=1QhhqHy6aoOQt5biw1KzpuEwejGIiPPeo
/wp-content/uploads/2023/ResultatsLocales2023/بن عروس/حمام الأنف/قرار الهيئة لمعتمدية حمام الأنف__28__بن عروس.PDF,قرار الهيئة لمعتمدية حمام الأنف__28__بن عروس.PDF,pdf,unknown,1wQe3tfgP6o3mbFuCkZvfjrNeWYSn5e53,https://drive.google.com/uc?export=download&id=1wQe3tfgP6o3mbFuCkZvfjrNeWYSn5e53
/wp-content/uploads/2023/ResultatsLocales2023/بن عروس/حمام الشط/قرار الهيئة لمعتمدية حمام الشط__29__بن عروس.PDF,قرار الهيئة لمعتمدية حمام الشط__29__بن عروس.PDF,pdf,unknown,190sDr7FwhwN0JddshaTx0b4nI-YKx036,https://drive.google.com/uc?export=download&id=190sDr7FwhwN0JddshaTx0b4nI-YKx036
/wp-content/uploads/2023/ResultatsLocales2023/بن عروس/رادس/قرار الهيئة لمعتمدية رادس__30__بن عروس.PDF,قرار الهيئة لمعتمدية رادس__30__بن عروس.PDF,pdf,unknown,1xi_vkepgMsJbXJVXtpd7RADsd3bHAcus,https://drive.google.com/uc?export=download&id=1xi_vkepgMsJbXJVXtpd7RADsd3bHAcus
/wp-content/uploads/2023/ResultatsLocales2023/بن عروس/فوشانة/قرار الهيئة لمعتمدية فوشانة__32__بن عروس.PDF,قرار الهيئة لمعتمدية فوشانة__32__بن عروس.PDF,pdf,unknown,1gFc2XaGBB9LdYJNDzQdYFPkkqLiyQ74c,https://drive.google.com/uc?export=download&id=1gFc2XaGBB9LdYJNDzQdYFPkkqLiyQ74c
/wp-content/uploads/2023/ResultatsLocales2023/بن عروس/مرناق/قرار الهيئة لمعتمدية مرناق__33__بن عروس.PDF,قرار الهيئة لمعتمدية مرناق__33__بن عروس.PDF,pdf,unknown,1f7zr5rOVsJUsrgxcw8e18U8SyAqrw8_v,https://drive.google.com/uc?export=download&id=1f7zr5rOVsJUsrgxcw8e18U8SyAqrw8_v
/wp-content/uploads/2023/ResultatsLocales2023/بن عروس/مقرين/قرار الهيئة لمعتمدية مقرين__31__بن عروس.PDF,قرار الهيئة لمعتمدية مقرين__31__بن عروس.PDF,pdf,unknown,1Q8-dFBbzprKCKFoqCtxrZXrNOrQV3RP_,https://drive.google.com/uc?export=download&id=1Q8-dFBbzprKCKFoqCtxrZXrNOrQV3RP_
/wp-content/uploads/2023/ResultatsLocales2023/بنزرت/العالية/قرار الهيئة لمعتمدية العالية__86__بنزرت.pdf,قرار الهيئة لمعتمدية العالية__86__بنزرت.pdf,pdf,unknown,1HqsV2t5cTFCFOJR1NMRHTtAfEgBnnua7,https://drive.google.com/uc?export=download&id=1HqsV2t5cTFCFOJR1NMRHTtAfEgBnnua7
/wp-content/uploads/2023/ResultatsLocales2023/بنزرت/أوتيك/قرار الهيئة لمعتمدية أوتيك__89__بنزرت.pdf,قرار الهيئة لمعتمدية أوتيك__89__بنزرت.pdf,pdf,unknown,15Um3zSWW4nJ5OeNPxBkW6D_4IgO9qUI2,https://drive.google.com/uc?export=download&id=15Um3zSWW4nJ5OeNPxBkW6D_4IgO9qUI2
/wp-content/uploads/2023/ResultatsLocales2023/بنزرت/بنزرت الجنوبية/قرار الهيئة لمعتمدية بنزرت الجنوبية__81__بنزرت.pdf,قرار الهيئة لمعتمدية بنزرت الجنوبية__81__بنزرت.pdf,pdf,unknown,11_BaWxEOynMCz76A1acA6p17hNuv6vh-,https://drive.google.com/uc?export=download&id=11_BaWxEOynMCz76A1acA6p17hNuv6vh-
/wp-content/uploads/2023/ResultatsLocales2023/بنزرت/بنزرت الشمالية/قرار الهيئة لمعتمدية بنزرت الشمالية__82__بنزرت.pdf,قرار الهيئة لمعتمدية بنزرت الشمالية__82__بنزرت.pdf,pdf,unknown,1-7GXGzNqMnBdqhllk6DfM-zBE95BnQUc,https://drive.google.com/uc?export=download&id=1-7GXGzNqMnBdqhllk6DfM-zBE95BnQUc
/wp-content/uploads/2023/ResultatsLocales2023/بنزرت/تينجة/قرار الهيئة لمعتمدية تينجة__91__بنزرت.pdf,قرار الهيئة لمعتمدية تينجة__91__بنزرت.pdf,pdf,unknown,1z3u7jVxHtmHfC5P1vxEn0CH2NKTUN1lX,https://drive.google.com/uc?export=download&id=1z3u7jVxHtmHfC5P1vxEn0CH2NKTUN1lX
/wp-content/uploads/2023/ResultatsLocales2023/بنزرت/جرزونة/قرار الهيئة لمعتمدية جرزونة__93__بنزرت.pdf,قرار الهيئة لمعتمدية جرزونة__93__بنزرت.pdf,pdf,unknown,18doAGxqge7_XIwCRUF04xHq16WXfvmlq,https://drive.google.com/uc?export=download&id=18doAGxqge7_XIwCRUF04xHq16WXfvmlq
/wp-content/uploads/2023/ResultatsLocales2023/بنزرت/جومين/قرار الهيئة لمعتمدية جومين__83__بنزرت.pdf,قرار الهيئة لمعتمدية جومين__83__بنزرت.pdf,pdf,unknown,1wo7czGDBMsbEhT0zkiu0uFRg9CGrg_oY,https://drive.google.com/uc?export=download&id=1wo7czGDBMsbEhT0zkiu0uFRg9CGrg_oY
/wp-content/uploads/2023/ResultatsLocales2023/بنزرت/رأس الجبل/قرار الهيئة لمعتمدية رأس الجبل__87__بنزرت.pdf,قرار الهيئة لمعتمدية رأس الجبل__87__بنزرت.pdf,pdf,unknown,1vC1LJxFBbhPNYCyNyBnGXRyQ1ERDektF,https://drive.google.com/uc?export=download&id=1vC1LJxFBbhPNYCyNyBnGXRyQ1ERDektF
/wp-content/uploads/2023/ResultatsLocales2023/بنزرت/سجنان/قرار الهيئة لمعتمدية سجنان__84__بنزرت.pdf,قرار الهيئة لمعتمدية سجنان__84__بنزرت.pdf,pdf,unknown,1L_oE1w67od4NySemLaoURg5L-YuZt05X,https://drive.google.com/uc?export=download&id=1L_oE1w67od4NySemLaoURg5L-YuZt05X
/wp-content/uploads/2023/ResultatsLocales2023/بنزرت/غار الملح/قرار الهيئة لمعتمدية غار الملح__88__بنزرت.pdf,قرار الهيئة لمعتمدية غار الملح__88__بنزرت.pdf,pdf,unknown,1CCeUhTTs8JR75Bxb55vgQ9BfWImJa95S,https://drive.google.com/uc?export=download&id=1CCeUhTTs8JR75Bxb55vgQ9BfWImJa95S
/wp-content/uploads/2023/ResultatsLocales2023/بنزرت/غزالة/قرار الهيئة لمعتمدية غزالة__85__بنزرت.pdf,قرار الهيئة لمعتمدية غزالة__85__بنزرت.pdf,pdf,unknown,1xRxvnEhKFRbbQ7Er5jWgwpDph1tB6eYZ,https://drive.google.com/uc?export=download&id=1xRxvnEhKFRbbQ7Er5jWgwpDph1tB6eYZ
/wp-content/uploads/2023/ResultatsLocales2023/بنزرت/ماطر/قرار الهيئة لمعتمدية ماطر__90__بنزرت.pdf,قرار الهيئة لمعتمدية ماطر__90__بنزرت.pdf,pdf,unknown,1dSkk7bDi3Wd4DKtSn5XkDpJ-LMd0x4Qj,https://drive.google.com/uc?export=download&id=1dSkk7bDi3Wd4DKtSn5XkDpJ-LMd0x4Qj
/wp-content/uploads/2023/ResultatsLocales2023/بنزرت/منزل بورقيبة/قرار الهيئة لمعتمدية منزل بورقيبة__92__بنزرت.pdf,قرار الهيئة لمعتمدية منزل بورقيبة__92__بنزرت.pdf,pdf,unknown,1PUpJozyqpMq-rtmcAfbpttq7KMADKwaw,https://drive.google.com/uc?export=download&id=1PUpJozyqpMq-rtmcAfbpttq7KMADKwaw
/wp-content/uploads/2023/ResultatsLocales2023/بنزرت/منزل جميل/قرار الهيئة لمعتمدية منزل جميل__94__بنزرت.pdf,قرار الهيئة لمعتمدية منزل جميل__94__بنزرت.pdf,pdf,unknown,1uyG7DgDPNE5zgdysh9kTAdvecKyCNKfK,https://drive.google.com/uc?export=download&id=1uyG7DgDPNE5zgdysh9kTAdvecKyCNKfK
/wp-content/uploads/2023/ResultatsLocales2023/تطاوين/البئر الأحمر/قرار الهيئة لمعتمدية البئر الأحمر__272__تطاوين.PDF,قرار الهيئة لمعتمدية البئر الأحمر__272__تطاوين.PDF,pdf,unknown,1ljBZicHv8xGnxpktU_vgayYdG_MnBK2B,https://drive.google.com/uc?export=download&id=1ljBZicHv8xGnxpktU_vgayYdG_MnBK2B
/wp-content/uploads/2023/ResultatsLocales2023/تطاوين/الصمار/قرار الهيئة لمعتمدية الصمار__275__تطاوين.PDF,قرار الهيئة لمعتمدية الصمار__275__تطاوين.PDF,pdf,unknown,1yXnw5Qmocnz3FsQpDucUNwLaYp6M49h0,https://drive.google.com/uc?export=download&id=1yXnw5Qmocnz3FsQpDucUNwLaYp6M49h0
/wp-content/uploads/2023/ResultatsLocales2023/تطاوين/بني مهيرة/قرار الهيئة لمعتمدية بني مهيرة__277__تطاوين.PDF,قرار الهيئة لمعتمدية بني مهيرة__277__تطاوين.PDF,pdf,unknown,1dec8w-YOCCeuH4gTwgzu20GVaObai87M,https://drive.google.com/uc?export=download&id=1dec8w-YOCCeuH4gTwgzu20GVaObai87M
/wp-content/uploads/2023/ResultatsLocales2023/تطاوين/تطاوين الجنوبية/قرار الهيئة لمعتمدية تطاوين الجنوبية__273__تطاوين.PDF,قرار الهيئة لمعتمدية تطاوين الجنوبية__273__تطاوين.PDF,pdf,unknown,1sFHCi8PPZXJPSasVBDognvRAkKA3NDuk,https://drive.google.com/uc?export=download&id=1sFHCi8PPZXJPSasVBDognvRAkKA3NDuk
/wp-content/uploads/2023/ResultatsLocales2023/تطاوين/تطاوين الشمالية/قرار الهيئة لمعتمدية تطاوين الشمالية__276__تطاوين.PDF,قرار الهيئة لمعتمدية تطاوين الشمالية__276__تطاوين.PDF,pdf,unknown,169yku_ys24D0xHdN_YGpDBAFJQymaHun,https://drive.google.com/uc?export=download&id=169yku_ys24D0xHdN_YGpDBAFJQymaHun
/wp-content/uploads/2023/ResultatsLocales2023/تطاوين/ذهيبة/قرار الهيئة لمعتمدية ذهيبة__278__تطاوين.PDF,قرار الهيئة لمعتمدية ذهيبة__278__تطاوين.PDF,pdf,unknown,1j0yI2ajvb5zuhOQa7D50Lgeul2okbf-1,https://drive.google.com/uc?export=download&id=1j0yI2ajvb5zuhOQa7D50Lgeul2okbf-1
/wp-content/uploads/2023/ResultatsLocales2023/تطاوين/رمادة/قرار الهيئة لمعتمدية رمادة__279__تطاوين.PDF,قرار الهيئة لمعتمدية رمادة__279__تطاوين.PDF,pdf,unknown,17pzSeVYrIVOHu0KSDtjyIg3ZaxF9ierx,https://drive.google.com/uc?export=download&id=17pzSeVYrIVOHu0KSDtjyIg3ZaxF9ierx
/wp-content/uploads/2023/ResultatsLocales2023/تطاوين/غمراسن/قرار الهيئة لمعتمدية غمراسن__274__تطاوين.PDF,قرار الهيئة لمعتمدية غمراسن__274__تطاوين.PDF,pdf,unknown,1eKExPh2F_LEGZsL4zbJ85yQV2rm8Iw-_,https://drive.google.com/uc?export=download&id=1eKExPh2F_LEGZsL4zbJ85yQV2rm8Iw-_
/wp-content/uploads/2023/ResultatsLocales2023/توزر/تمغزة/قرار الهيئة لمعتمدية تمغزة__180__توزر.pdf,قرار الهيئة لمعتمدية تمغزة__180__توزر.pdf,pdf,unknown,1sNIHVRJ2lwv0OUZUoSKfqE-xLuiIg44p,https://drive.google.com/uc?export=download&id=1sNIHVRJ2lwv0OUZUoSKfqE-xLuiIg44p
/wp-content/uploads/2023/ResultatsLocales2023/توزر/توزر/قرار الهيئة لمعتمدية توزر__179__توزر.pdf,قرار الهيئة لمعتمدية توزر__179__توزر.pdf,pdf,unknown,1VPRC-afIWHYJ6OusLX0N2bZhB7FT9QYN,https://drive.google.com/uc?export=download&id=1VPRC-afIWHYJ6OusLX0N2bZhB7FT9QYN
/wp-content/uploads/2023/ResultatsLocales2023/توزر/حامة الجريد/قرار الهيئة لمعتمدية حامة الجريد__183__توزر.pdf,قرار الهيئة لمعتمدية حامة الجريد__183__توزر.pdf,pdf,unknown,1DwnX3L43pupvzBnblEiH6DMasxQ6BRce,https://drive.google.com/uc?export=download&id=1DwnX3L43pupvzBnblEiH6DMasxQ6BRce
/wp-content/uploads/2023/ResultatsLocales2023/توزر/حزوة/قرار الهيئة لمعتمدية حزوة__184__توزر.pdf,قرار الهيئة لمعتمدية حزوة__184__توزر.pdf,pdf,unknown,1J2TtFZbm-SkQFaItn4xtQINlj6Dy6tc8,https://drive.google.com/uc?export=download&id=1J2TtFZbm-SkQFaItn4xtQINlj6Dy6tc8
/wp-content/uploads/2023/ResultatsLocales2023/توزر/دقاش/قرار الهيئة لمعتمدية دقاش__181__توزر.pdf,قرار الهيئة لمعتمدية دقاش__181__توزر.pdf,pdf,unknown,1WAJ2bBFW_6F4_lo1iRV4zGd2ebEFN0HN,https://drive.google.com/uc?export=download&id=1WAJ2bBFW_6F4_lo1iRV4zGd2ebEFN0HN
/wp-content/uploads/2023/ResultatsLocales2023/توزر/نفطة/قرار الهيئة لمعتمدية نفطة__182__توزر.pdf,قرار الهيئة لمعتمدية نفطة__182__توزر.pdf,pdf,unknown,1T3alHltX9cF51Vf74eohjRLRyP7yMzia,https://drive.google.com/uc?export=download&id=1T3alHltX9cF51Vf74eohjRLRyP7yMzia
/wp-content/uploads/2023/ResultatsLocales2023/تونس 2/التحرير/قرار الهيئة لمعتمدية التحرير__12__تونس 2.PDF,قرار الهيئة لمعتمدية التحرير__12__تونس 2.PDF,pdf,unknown,1macGjIXVTCoJ_LGjQVPQHsC3TsRtyn3t,https://drive.google.com/uc?export=download&id=1macGjIXVTCoJ_LGjQVPQHsC3TsRtyn3t
/wp-content/uploads/2023/ResultatsLocales2023/تونس 2/العمران الاعلى/قرار الهيئة لمعتمدية العمران الاعلى__15__تونس 2 (2).PDF,قرار الهيئة لمعتمدية العمران الاعلى__15__تونس 2 (2).PDF,pdf,unknown,1RFiua711NtxSgnUTNg06AdJv4UCMfOfb,https://drive.google.com/uc?export=download&id=1RFiua711NtxSgnUTNg06AdJv4UCMfOfb
/wp-content/uploads/2023/ResultatsLocales2023/تونس 2/العمران/قرار الهيئة لمعتمدية العمران__14__تونس 2 (2).PDF,قرار الهيئة لمعتمدية العمران__14__تونس 2 (2).PDF,pdf,unknown,1OwhH-HmwQzJZWbDzgcRP2XvUZbB45nBZ,https://drive.google.com/uc?export=download&id=1OwhH-HmwQzJZWbDzgcRP2XvUZbB45nBZ
/wp-content/uploads/2023/ResultatsLocales2023/تونس 2/الكرم/قرار الهيئة لمعتمدية الكرم__16__تونس 2.PDF,قرار الهيئة لمعتمدية الكرم__16__تونس 2.PDF,pdf,unknown,11DITwAk3xgvBd2rwvm1n3xYmLoO-r6bH,https://drive.google.com/uc?export=download&id=11DITwAk3xgvBd2rwvm1n3xYmLoO-r6bH
/wp-content/uploads/2023/ResultatsLocales2023/تونس 2/المرسى/قرار الهيئة لمعتمدية المرسى__20__تونس 2.PDF,قرار الهيئة لمعتمدية المرسى__20__تونس 2.PDF,pdf,unknown,1o3xnTkUXPoIPQWaALtGT_0QgF3TE1F2u,https://drive.google.com/uc?export=download&id=1o3xnTkUXPoIPQWaALtGT_0QgF3TE1F2u
/wp-content/uploads/2023/ResultatsLocales2023/تونس 2/المنزه/قرار الهيئة لمعتمدية المنزه__18__تونس 2.PDF,قرار الهيئة لمعتمدية المنزه__18__تونس 2.PDF,pdf,unknown,1P1DSMfJ9deZ_bJqACsnQiCm1Oh0BsDOc,https://drive.google.com/uc?export=download&id=1P1DSMfJ9deZ_bJqACsnQiCm1Oh0BsDOc
/wp-content/uploads/2023/ResultatsLocales2023/تونس 2/باردو/قرار الهيئة لمعتمدية باردو__13__تونس 2.PDF,قرار الهيئة لمعتمدية باردو__13__تونس 2.PDF,pdf,unknown,1OWDxRGZ2i8cjrcLjXptFKQtf0sqaj9Bt,https://drive.google.com/uc?export=download&id=1OWDxRGZ2i8cjrcLjXptFKQtf0sqaj9Bt
/wp-content/uploads/2023/ResultatsLocales2023/تونس 2/حلق الوادي/قرار الهيئة لمعتمدية حلق الوادي__17__تونس 2.PDF,قرار الهيئة لمعتمدية حلق الوادي__17__تونس 2.PDF,pdf,unknown,1cBiUtcUvUnE2M8jA2_8A-__WjCw9PX91,https://drive.google.com/uc?export=download&id=1cBiUtcUvUnE2M8jA2_8A-__WjCw9PX91
/wp-content/uploads/2023/ResultatsLocales2023/تونس 2/حي الخضراء/قرار الهيئة لمعتمدية حي الخضراء__19__تونس 2.PDF,قرار الهيئة لمعتمدية حي الخضراء__19__تونس 2.PDF,pdf,unknown,1PFmEs67anHOp0-vIW2aXYjXalp4STXnh,https://drive.google.com/uc?export=download&id=1PFmEs67anHOp0-vIW2aXYjXalp4STXnh
/wp-content/uploads/2023/ResultatsLocales2023/تونس 2/قرطاج/قرار الهيئة لمعتمدية قرطاج__21__تونس 2.PDF,قرار الهيئة لمعتمدية قرطاج__21__تونس 2.PDF,pdf,unknown,1yvlYy_KfCHtJxkqO_3Ps-ka9Wvv-mQvg,https://drive.google.com/uc?export=download&id=1yvlYy_KfCHtJxkqO_3Ps-ka9Wvv-mQvg
/wp-content/uploads/2023/ResultatsLocales2023/جندوبة/بلطة بوعوان/قرار الهيئة لمعتمدية بلطة بوعوان__49__جندوبة.pdf,قرار الهيئة لمعتمدية بلطة بوعوان__49__جندوبة.pdf,pdf,unknown,12APc_sEz9ric7pdAnaOATF2ykkvdQin4,https://drive.google.com/uc?export=download&id=12APc_sEz9ric7pdAnaOATF2ykkvdQin4
/wp-content/uploads/2023/ResultatsLocales2023/جندوبة/بوسالم/قرار الهيئة لمعتمدية بوسالم__50__جندوبة.PDF,قرار الهيئة لمعتمدية بوسالم__50__جندوبة.PDF,pdf,unknown,1JRgbF03kKWuWcHAudH6_smPM4ablClE3,https://drive.google.com/uc?export=download&id=1JRgbF03kKWuWcHAudH6_smPM4ablClE3
/wp-content/uploads/2023/ResultatsLocales2023/جندوبة/جندوبة الشمالية/قرار الهيئة لمعتمدية جندوبة الشمالية__52__جندوبة.pdf,قرار الهيئة لمعتمدية جندوبة الشمالية__52__جندوبة.pdf,pdf,unknown,1o2VLgevArLeaeiI8p7iEiPrLsGMDpOQS,https://drive.google.com/uc?export=download&id=1o2VLgevArLeaeiI8p7iEiPrLsGMDpOQS
/wp-content/uploads/2023/ResultatsLocales2023/جندوبة/جندوبة/قرار الهيئة لمعتمدية جندوبة__51__جندوبة.pdf,قرار الهيئة لمعتمدية جندوبة__51__جندوبة.pdf,pdf,unknown,1wOF5X3NXRqkqGsu-kLxsnXdYFO0gPclL,https://drive.google.com/uc?export=download&id=1wOF5X3NXRqkqGsu-kLxsnXdYFO0gPclL
/wp-content/uploads/2023/ResultatsLocales2023/جندوبة/عين دراهم/قرار الهيئة لمعتمدية عين دراهم__55__جندوبة.pdf,قرار الهيئة لمعتمدية عين دراهم__55__جندوبة.pdf,pdf,unknown,10G3EU-QKbOYbENi7kBJyVXhUvGUuLKuB,https://drive.google.com/uc?export=download&id=10G3EU-QKbOYbENi7kBJyVXhUvGUuLKuB
/wp-content/uploads/2023/ResultatsLocales2023/جندوبة/وادي مليز/قرار الهيئة لمعتمدية وادي مليز__57__جندوبة.pdf,قرار الهيئة لمعتمدية وادي مليز__57__جندوبة.pdf,pdf,unknown,1SCWiOF7FWwGdOp1nJBN9p62dghM9ZWQu,https://drive.google.com/uc?export=download&id=1SCWiOF7FWwGdOp1nJBN9p62dghM9ZWQu
/wp-content/uploads/2023/ResultatsLocales2023/زغوان/الزريبة/قرار الهيئة لمعتمدية الزريبة__124__زغوان.PDF,قرار الهيئة لمعتمدية الزريبة__124__زغوان.PDF,pdf,unknown,1ISKBWGv0kRUFnQgSINORyJ_3PHUZvAEc,https://drive.google.com/uc?export=download&id=1ISKBWGv0kRUFnQgSINORyJ_3PHUZvAEc
/wp-content/uploads/2023/ResultatsLocales2023/زغوان/الفحص/قرار الهيئة لمعتمدية الفحص__122__زغوان.PDF,قرار الهيئة لمعتمدية الفحص__122__زغوان.PDF,pdf,unknown,11vXM-VAzv7QVSvHW0YbDRKxi1RmGgNew,https://drive.google.com/uc?export=download&id=11vXM-VAzv7QVSvHW0YbDRKxi1RmGgNew
/wp-content/uploads/2023/ResultatsLocales2023/زغوان/الناظور/قرار الهيئة لمعتمدية الناظور__120__زغوان.PDF,قرار الهيئة لمعتمدية الناظور__120__زغوان.PDF,pdf,unknown,1N1GSHEIO9WEtWAjhEwAoSnrcnBOGtIMd,https://drive.google.com/uc?export=download&id=1N1GSHEIO9WEtWAjhEwAoSnrcnBOGtIMd
/wp-content/uploads/2023/ResultatsLocales2023/زغوان/بئر مشارقة/قرار الهيئة لمعتمدية بئر مشارقة__123__زغوان.PDF,قرار الهيئة لمعتمدية بئر مشارقة__123__زغوان.PDF,pdf,unknown,1fio4hlDdEQ5r9yvftEfS-VX6G_hgaKrM,https://drive.google.com/uc?export=download&id=1fio4hlDdEQ5r9yvftEfS-VX6G_hgaKrM
/wp-content/uploads/2023/ResultatsLocales2023/زغوان/زغوان/قرار الهيئة لمعتمدية زغوان__125__زغوان.PDF,قرار الهيئة لمعتمدية زغوان__125__زغوان.PDF,pdf,unknown,1Yr-0N1mNp_hXWmbvEXex10ERuN6vLHp-,https://drive.google.com/uc?export=download&id=1Yr-0N1mNp_hXWmbvEXex10ERuN6vLHp-
/wp-content/uploads/2023/ResultatsLocales2023/زغوان/صواف/قرار الهيئة لمعتمدية صواف__121__زغوان.PDF,قرار الهيئة لمعتمدية صواف__121__زغوان.PDF,pdf,unknown,1W4ScuYW6b5JSFSbCHAPFynO7J5y4eqx_,https://drive.google.com/uc?export=download&id=1W4ScuYW6b5JSFSbCHAPFynO7J5y4eqx_
/wp-content/uploads/2023/ResultatsLocales2023/سليانة/الروحية/قرار الهيئة لمعتمدية الروحية__78__سليانة.PDF,قرار الهيئة لمعتمدية الروحية__78__سليانة.PDF,pdf,unknown,1dRgYDWyGVDh6cs4bUDJs4B7PMUG1Yecc,https://drive.google.com/uc?export=download&id=1dRgYDWyGVDh6cs4bUDJs4B7PMUG1Yecc
/wp-content/uploads/2023/ResultatsLocales2023/سليانة/العروسة/قرار الهيئة لمعتمدية العروسة__70__سليانة.PDF,قرار الهيئة لمعتمدية العروسة__70__سليانة.PDF,pdf,unknown,1UTR2wPX2XbPWg0fRxcGpdKWbKqDLHbXK,https://drive.google.com/uc?export=download&id=1UTR2wPX2XbPWg0fRxcGpdKWbKqDLHbXK
/wp-content/uploads/2023/ResultatsLocales2023/سليانة/الكريب/قرار الهيئة لمعتمدية الكريب__71__سليانة.PDF,قرار الهيئة لمعتمدية الكريب__71__سليانة.PDF,pdf,unknown,172dydyndYm4re1-6GOQ3mcYiMfTeD-XW,https://drive.google.com/uc?export=download&id=172dydyndYm4re1-6GOQ3mcYiMfTeD-XW
/wp-content/uploads/2023/ResultatsLocales2023/سليانة/برقو/قرار الهيئة لمعتمدية برقو__75__سليانة.PDF,قرار الهيئة لمعتمدية برقو__75__سليانة.PDF,pdf,unknown,1gylsk4WhJqOTBxdngGKJBUe94qOSAOhi,https://drive.google.com/uc?export=download&id=1gylsk4WhJqOTBxdngGKJBUe94qOSAOhi
/wp-content/uploads/2023/ResultatsLocales2023/سليانة/بورويس/قرار الهيئة لمعتمدية بورويس__72__سليانة.PDF,قرار الهيئة لمعتمدية بورويس__72__سليانة.PDF,pdf,unknown,17neoyF7bwxf23pNsXxTh7ejkp0WB8ypz,https://drive.google.com/uc?export=download&id=17neoyF7bwxf23pNsXxTh7ejkp0WB8ypz
/wp-content/uploads/2023/ResultatsLocales2023/سليانة/بوعرادة/قرار الهيئة لمعتمدية بوعرادة__73__سليانة.PDF,قرار الهيئة لمعتمدية بوعرادة__73__سليانة.PDF,pdf,unknown,1OCVlgRbQhMRsta6qoF16GWH_s-NEMlca,https://drive.google.com/uc?export=download&id=1OCVlgRbQhMRsta6qoF16GWH_s-NEMlca
/wp-content/uploads/2023/ResultatsLocales2023/سليانة/سليانة الجنوبية/قرار الهيئة لمعتمدية سليانة الجنوبية__76__سليانة.PDF,قرار الهيئة لمعتمدية سليانة الجنوبية__76__سليانة.PDF,pdf,unknown,1TIIc-Ga9cm2ECeLL_NzhUikerVbVUZ76,https://drive.google.com/uc?export=download&id=1TIIc-Ga9cm2ECeLL_NzhUikerVbVUZ76
/wp-content/uploads/2023/ResultatsLocales2023/سليانة/سليانة الشمالية/قرار الهيئة لمعتمدية سليانة الشمالية__77__سليانة.PDF,قرار الهيئة لمعتمدية سليانة الشمالية__77__سليانة.PDF,pdf,unknown,1Ww9F_CT1hzE4H51UTGg7XuRIIeVdV8rv,https://drive.google.com/uc?export=download&id=1Ww9F_CT1hzE4H51UTGg7XuRIIeVdV8rv
/wp-content/uploads/2023/ResultatsLocales2023/سليانة/قعفور/قرار الهيئة لمعتمدية قعفور__74__سليانة.PDF,قرار الهيئة لمعتمدية قعفور__74__سليانة.PDF,pdf,unknown,1RhFDhshE-8GBbOBOAPuGemFUNIpV-p8B,https://drive.google.com/uc?export=download&id=1RhFDhshE-8GBbOBOAPuGemFUNIpV-p8B
/wp-content/uploads/2023/ResultatsLocales2023/سليانة/كسرى/قرار الهيئة لمعتمدية كسرى__79__سليانة.PDF,قرار الهيئة لمعتمدية كسرى__79__سليانة.PDF,pdf,unknown,1j_dKMGivEkK6nFqqRkM6VGS5d7V823J8,https://drive.google.com/uc?export=download&id=1j_dKMGivEkK6nFqqRkM6VGS5d7V823J8
/wp-content/uploads/2023/ResultatsLocales2023/سليانة/مكثر/قرار الهيئة لمعتمدية مكثر__80__سليانة.PDF,قرار الهيئة لمعتمدية مكثر__80__سليانة.PDF,pdf,unknown,1dFDYcId88DS92gyDmq5LEjdWWni7LLc1,https://drive.google.com/uc?export=download&id=1dFDYcId88DS92gyDmq5LEjdWWni7LLc1
/wp-content/uploads/2023/ResultatsLocales2023/سوسة/الزاوية - القصيبة - الثريات/قرار الهيئة لمعتمدية الزاوية - القصيبة - الثريات__192__سوسة.PDF,قرار الهيئة لمعتمدية الزاوية - القصيبة - الثريات__192__سوسة.PDF,pdf,unknown,1g_7lhojG1aARQmnCjJnBy2H5MsIjJzg-,https://drive.google.com/uc?export=download&id=1g_7lhojG1aARQmnCjJnBy2H5MsIjJzg-
/wp-content/uploads/2023/ResultatsLocales2023/سوسة/القلعة الصغرى/قرار الهيئة لمعتمدية القلعة الصغرى__205__سوسة.PDF,قرار الهيئة لمعتمدية القلعة الصغرى__205__سوسة.PDF,pdf,unknown,1d91KWpcbDJf26WxEc3LBbwiaZGOQk9kX,https://drive.google.com/uc?export=download&id=1d91KWpcbDJf26WxEc3LBbwiaZGOQk9kX
/wp-content/uploads/2023/ResultatsLocales2023/سوسة/القلعة الكبرى/قرار الهيئة لمعتمدية القلعة الكبرى__193__سوسة.PDF,قرار الهيئة لمعتمدية القلعة الكبرى__193__سوسة.PDF,pdf,unknown,1T085Srj9cKlycBqNdkeHSSfifudMD4bR,https://drive.google.com/uc?export=download&id=1T085Srj9cKlycBqNdkeHSSfifudMD4bR
/wp-content/uploads/2023/ResultatsLocales2023/سوسة/النفيضة/قرار الهيئة لمعتمدية النفيضة__سوسة.PDF,قرار الهيئة لمعتمدية النفيضة__سوسة.PDF,pdf,unknown,1aL3KVmbCOiZO3Y0R72XTz6RobQ2UHDbW,https://drive.google.com/uc?export=download&id=1aL3KVmbCOiZO3Y0R72XTz6RobQ2UHDbW
/wp-content/uploads/2023/ResultatsLocales2023/سوسة/أكودة/قرار الهيئة لمعتمدية أكودة__199__سوسة.PDF,قرار الهيئة لمعتمدية أكودة__199__سوسة.PDF,pdf,unknown,1NPPhUitqUkhTLDG3PJJU0YQQ3THh8i-0,https://drive.google.com/uc?export=download&id=1NPPhUitqUkhTLDG3PJJU0YQQ3THh8i-0
/wp-content/uploads/2023/ResultatsLocales2023/سوسة/بوفيشة/قرار الهيئة لمعتمدية بوفيشة__197__سوسة.PDF,قرار الهيئة لمعتمدية بوفيشة__197__سوسة.PDF,pdf,unknown,1p8jxvqMa66A-DKR65C0P_VjzHh_dMkE6,https://drive.google.com/uc?export=download&id=1p8jxvqMa66A-DKR65C0P_VjzHh_dMkE6
/wp-content/uploads/2023/ResultatsLocales2023/سوسة/حمام سوسة/قرار الهيئة لمعتمدية حمام سوسة__200__سوسة.PDF,قرار الهيئة لمعتمدية حمام سوسة__200__سوسة.PDF,pdf,unknown,1B6CjjFHP_0eL44Pf64VVa3o23R3zXE1h,https://drive.google.com/uc?export=download&id=1B6CjjFHP_0eL44Pf64VVa3o23R3zXE1h
/wp-content/uploads/2023/ResultatsLocales2023/سوسة/سوسة الرياض/قرار الهيئة لمعتمدية سوسة الرياض__201__سوسة.PDF,قرار الهيئة لمعتمدية سوسة الرياض__201__سوسة.PDF,pdf,unknown,1mQ2cZlegKLdFeVvlHOpl0EOiXnUF891R,https://drive.google.com/uc?export=download&id=1mQ2cZlegKLdFeVvlHOpl0EOiXnUF891R
/wp-content/uploads/2023/ResultatsLocales2023/سوسة/سوسة المدينة/قرار الهيئة لمعتمدية سوسة المدينة__202__سوسة.PDF,قرار الهيئة لمعتمدية سوسة المدينة__202__سوسة.PDF,pdf,unknown,19_2Y1ce4050vdFZ1OD2KAMHE37aXG64Y,https://drive.google.com/uc?export=download&id=19_2Y1ce4050vdFZ1OD2KAMHE37aXG64Y
/wp-content/uploads/2023/ResultatsLocales2023/سوسة/سوسة جوهرة/قرار الهيئة لمعتمدية سوسة جوهرة__204__سوسة.PDF,قرار الهيئة لمعتمدية سوسة جوهرة__204__سوسة.PDF,pdf,unknown,1tFmtQI7_IL8YCGRlPrz7Ym_Nw8JzrsVv,https://drive.google.com/uc?export=download&id=1tFmtQI7_IL8YCGRlPrz7Ym_Nw8JzrsVv
/wp-content/uploads/2023/ResultatsLocales2023/سوسة/سوسة سيدي عبد الحميد/قرار الهيئة لمعتمدية سوسة سيدي عبد الحميد__203__سوسة.PDF,قرار الهيئة لمعتمدية سوسة سيدي عبد الحميد__203__سوسة.PDF,pdf,unknown,1ZSELo4ykhQlirCvVSkJcEIx0dX0WAlVH,https://drive.google.com/uc?export=download&id=1ZSELo4ykhQlirCvVSkJcEIx0dX0WAlVH
/wp-content/uploads/2023/ResultatsLocales2023/سوسة/سيدي الهاني/قرار الهيئة لمعتمدية سيدي الهاني__206__سوسة.PDF,قرار الهيئة لمعتمدية سيدي الهاني__206__سوسة.PDF,pdf,unknown,1pWvJE0jGTy8pL6x_kGWQ4kFgj5ohfq4M,https://drive.google.com/uc?export=download&id=1pWvJE0jGTy8pL6x_kGWQ4kFgj5ohfq4M
/wp-content/uploads/2023/ResultatsLocales2023/سوسة/سيدي بوعلي/قرار الهيئةالانتخابات المحليةسوسةسيدي بوعلي.PDF,قرار الهيئةالانتخابات المحليةسوسةسيدي بوعلي.PDF,pdf,unknown,1aWFB8-y-VILLBCe4oseF_ozIBManQ51Z,https://drive.google.com/uc?export=download&id=1aWFB8-y-VILLBCe4oseF_ozIBManQ51Z
/wp-content/uploads/2023/ResultatsLocales2023/سوسة/كندار/قرار الهيئة لمعتمدية كندار__195__سوسة.PDF,قرار الهيئة لمعتمدية كندار__195__سوسة.PDF,pdf,unknown,17wBUuk4hppMC0P2LFGqfgVn7IHr57Frc,https://drive.google.com/uc?export=download&id=17wBUuk4hppMC0P2LFGqfgVn7IHr57Frc
/wp-content/uploads/2023/ResultatsLocales2023/سوسة/مساكن/قرار الهيئة لمعتمدية مساكن__207__سوسة.PDF,قرار الهيئة لمعتمدية مساكن__207__سوسة.PDF,pdf,unknown,1ACeXBzkHl2T9MeKjQESDeyTcdObpF24v,https://drive.google.com/uc?export=download&id=1ACeXBzkHl2T9MeKjQESDeyTcdObpF24v
/wp-content/uploads/2023/ResultatsLocales2023/سوسة/هرقلة/قرار الهيئة لمعتمدية هرقلة__198__سوسة.PDF,قرار الهيئة لمعتمدية هرقلة__198__سوسة.PDF,pdf,unknown,1_E3P1g931wjhB0do_ZxDSZ9R4M2R-8fd,https://drive.google.com/uc?export=download&id=1_E3P1g931wjhB0do_ZxDSZ9R4M2R-8fd
/wp-content/uploads/2023/ResultatsLocales2023/صفاقس 2/الصخيرة/قرار الهيئة لمعتمدية الصخيرة__242__صفاقس 2 (2).PDF,قرار الهيئة لمعتمدية الصخيرة__242__صفاقس 2 (2).PDF,pdf,unknown,1U0DXhLB7nlPRV8F2YF8YfB61VLZDJk-7,https://drive.google.com/uc?export=download&id=1U0DXhLB7nlPRV8F2YF8YfB61VLZDJk-7
/wp-content/uploads/2023/ResultatsLocales2023/صفاقس 2/الغريبة/قرار الهيئة لمعتمدية الغريبة__243__صفاقس 2.PDF,قرار الهيئة لمعتمدية الغريبة__243__صفاقس 2.PDF,pdf,unknown,168YbREAqOxUZ5gU-UFJ2Cl_Bx2cEBuz7,https://drive.google.com/uc?export=download&id=168YbREAqOxUZ5gU-UFJ2Cl_Bx2cEBuz7
/wp-content/uploads/2023/ResultatsLocales2023/صفاقس 2/المحرس/قرار الهيئة لمعتمدية المحرس__244__صفاقس 2.PDF,قرار الهيئة لمعتمدية المحرس__244__صفاقس 2.PDF,pdf,unknown,1jQ2ZkhOFNRpZDBMTqPDajpZrsvmqAD6K,https://drive.google.com/uc?export=download&id=1jQ2ZkhOFNRpZDBMTqPDajpZrsvmqAD6K
/wp-content/uploads/2023/ResultatsLocales2023/صفاقس 2/صفاقس الجنوبية/قرار الهيئة لمعتمدية صفاقس الجنوبية__246__صفاقس 2.PDF,قرار الهيئة لمعتمدية صفاقس الجنوبية__246__صفاقس 2.PDF,pdf,unknown,1zUblZaxtZH9z95Pco3oZq7AmcC1pLa72,https://drive.google.com/uc?export=download&id=1zUblZaxtZH9z95Pco3oZq7AmcC1pLa72
/wp-content/uploads/2023/ResultatsLocales2023/صفاقس 2/صفاقس الغربية/قرار الهيئة لمعتمدية صفاقس الغربية__245__صفاقس 2.PDF,قرار الهيئة لمعتمدية صفاقس الغربية__245__صفاقس 2.PDF,pdf,unknown,1PH1W4Mnr-ylzL2CydrXCMm-5mApXtvj6,https://drive.google.com/uc?export=download&id=1PH1W4Mnr-ylzL2CydrXCMm-5mApXtvj6
/wp-content/uploads/2023/ResultatsLocales2023/صفاقس 2/صفاقس المدينة/قرار الهيئة لمعتمدية صفاقس المدينة__247__صفاقس 2.PDF,قرار الهيئة لمعتمدية صفاقس المدينة__247__صفاقس 2.PDF,pdf,unknown,1WbfaQvUKf0HmPwQlhraN1GJgShSTKIS8,https://drive.google.com/uc?export=download&id=1WbfaQvUKf0HmPwQlhraN1GJgShSTKIS8
/wp-content/uploads/2023/ResultatsLocales2023/صفاقس 2/طينة/قرار الهيئة لمعتمدية طينة__248__صفاقس 2.PDF,قرار الهيئة لمعتمدية طينة__248__صفاقس 2.PDF,pdf,unknown,1xOBlqbFzIQ21Q-v4wx7BynkRgMUZGmc2,https://drive.google.com/uc?export=download&id=1xOBlqbFzIQ21Q-v4wx7BynkRgMUZGmc2
/wp-content/uploads/2023/ResultatsLocales2023/صفاقس 2/عقارب/قرار الهيئة لمعتمدية عقارب__249__صفاقس 2.PDF,قرار الهيئة لمعتمدية عقارب__249__صفاقس 2.PDF,pdf,unknown,1eRAl47iZhNCHTwF0lwgrCCO3Mmk4pN_f,https://drive.google.com/uc?export=download&id=1eRAl47iZhNCHTwF0lwgrCCO3Mmk4pN_f
/wp-content/uploads/2023/ResultatsLocales2023/قبلي/الفوار/قرار الهيئة لمعتمدية الفوار__187__قبلي.pdf,قرار الهيئة لمعتمدية الفوار__187__قبلي.pdf,pdf,unknown,1mdX4p5314NlTRp4a_LMjnLibsDPWSiL5,https://drive.google.com/uc?export=download&id=1mdX4p5314NlTRp4a_LMjnLibsDPWSiL5
/wp-content/uploads/2023/ResultatsLocales2023/قبلي/دوز الجنوبية/قرار الهيئة لمعتمدية دوز الجنوبية__185__قبلي.pdf,قرار الهيئة لمعتمدية دوز الجنوبية__185__قبلي.pdf,pdf,unknown,1UcNlke5_chVyBBL8wZRSWZjXRAgf72Nw,https://drive.google.com/uc?export=download&id=1UcNlke5_chVyBBL8wZRSWZjXRAgf72Nw
/wp-content/uploads/2023/ResultatsLocales2023/قبلي/دوز الشمالية/قرار الهيئة لمعتمدية دوز الشمالية__186__قبلي (2).PDF,قرار الهيئة لمعتمدية دوز الشمالية__186__قبلي (2).PDF,pdf,unknown,1YcDxc54GQ4CQ7779d3re66-V4qnD5Hs-,https://drive.google.com/uc?export=download&id=1YcDxc54GQ4CQ7779d3re66-V4qnD5Hs-
/wp-content/uploads/2023/ResultatsLocales2023/قبلي/رجيم معتوق/قرار الهيئة لمعتمدية رجيم معتوق__188__قبلي.pdf,قرار الهيئة لمعتمدية رجيم معتوق__188__قبلي.pdf,pdf,unknown,1K2tO8amOAOcKjDxr7XbeJYnRNBUser4b,https://drive.google.com/uc?export=download&id=1K2tO8amOAOcKjDxr7XbeJYnRNBUser4b
/wp-content/uploads/2023/ResultatsLocales2023/قبلي/سوق الأحد/قرار الهيئة لمعتمدية سوق الأحد__189__قبلي.pdf,قرار الهيئة لمعتمدية سوق الأحد__189__قبلي.pdf,pdf,unknown,1pSAs61RrqmMDjWOhWKCb027DNwKxopLK,https://drive.google.com/uc?export=download&id=1pSAs61RrqmMDjWOhWKCb027DNwKxopLK
/wp-content/uploads/2023/ResultatsLocales2023/قبلي/قبلي الجنوبية/قرار الهيئة لمعتمدية قبلي الجنوبية__190__قبلي.pdf,قرار الهيئة لمعتمدية قبلي الجنوبية__190__قبلي.pdf,pdf,unknown,1TSR-zQaSrZ10vtLBvHEYcnTXNhz41w3h,https://drive.google.com/uc?export=download&id=1TSR-zQaSrZ10vtLBvHEYcnTXNhz41w3h
/wp-content/uploads/2023/ResultatsLocales2023/قبلي/قبلي الشمالية/قرار الهيئة لمعتمدية قبلي الشمالية__191__قبلي (2).PDF,قرار الهيئة لمعتمدية قبلي الشمالية__191__قبلي (2).PDF,pdf,unknown,17uzEa7hpXzOyjczDWv4qqlJPcPFiEATB,https://drive.google.com/uc?export=download&id=17uzEa7hpXzOyjczDWv4qqlJPcPFiEATB
/wp-content/uploads/2023/ResultatsLocales2023/قفصة/الرديف/قرار الهيئة لمعتمدية الرديف__169__قفصة.PDF,قرار الهيئة لمعتمدية الرديف__169__قفصة.PDF,pdf,unknown,10oB_nxUKMpHqgqokx6l_qXM_7WwuEd7o,https://drive.google.com/uc?export=download&id=10oB_nxUKMpHqgqokx6l_qXM_7WwuEd7o
/wp-content/uploads/2023/ResultatsLocales2023/قفصة/السند/قرار الهيئة لمعتمدية السند__166__قفصة.PDF,قرار الهيئة لمعتمدية السند__166__قفصة.PDF,pdf,unknown,17FKb3JH1KxlT6YwQYw2fet8YbkoNSiUT,https://drive.google.com/uc?export=download&id=17FKb3JH1KxlT6YwQYw2fet8YbkoNSiUT
/wp-content/uploads/2023/ResultatsLocales2023/قفصة/القصر/قرار الهيئة لمعتمدية القصر__175__قفصة.PDF,قرار الهيئة لمعتمدية القصر__175__قفصة.PDF,pdf,unknown,1ie0PcUih2pO2ftnOwWWP-6wzNn1to8xp,https://drive.google.com/uc?export=download&id=1ie0PcUih2pO2ftnOwWWP-6wzNn1to8xp
/wp-content/uploads/2023/ResultatsLocales2023/قفصة/القطار/قرار الهيئة لمعتمدية القطار__167__قفصة.PDF,قرار الهيئة لمعتمدية القطار__167__قفصة.PDF,pdf,unknown,1bJtK9pvf4tv58MUuvMHH3byexSogqs2V,https://drive.google.com/uc?export=download&id=1bJtK9pvf4tv58MUuvMHH3byexSogqs2V
/wp-content/uploads/2023/ResultatsLocales2023/قفصة/المتلوي/قرار الهيئة لمعتمدية المتلوي__170__قفصة.PDF,قرار الهيئة لمعتمدية المتلوي__170__قفصة.PDF,pdf,unknown,1ctIsWfr6M3YVVNGeHeeCXeMe11ii1CGH,https://drive.google.com/uc?export=download&id=1ctIsWfr6M3YVVNGeHeeCXeMe11ii1CGH
/wp-content/uploads/2023/ResultatsLocales2023/قفصة/المظيلة/قرار الهيئة لمعتمدية المظيلة__171__قفصة.PDF,قرار الهيئة لمعتمدية المظيلة__171__قفصة.PDF,pdf,unknown,1HcHxcjv3Fo8jCZ5LQ_FTtwWdMrhv-_UL,https://drive.google.com/uc?export=download&id=1HcHxcjv3Fo8jCZ5LQ_FTtwWdMrhv-_UL
/wp-content/uploads/2023/ResultatsLocales2023/قفصة/ام العرائس/قرار الهيئة لمعتمدية ام العرائس__172__قفصة.PDF,قرار الهيئة لمعتمدية ام العرائس__172__قفصة.PDF,pdf,unknown,1k6v6lSxVtcGk_b1p4x1u33By6rJJYCTu,https://drive.google.com/uc?export=download&id=1k6v6lSxVtcGk_b1p4x1u33By6rJJYCTu
/wp-content/uploads/2023/ResultatsLocales2023/قفصة/بلخير/قرار الهيئة لمعتمدية بلخير__168__قفصة.PDF,قرار الهيئة لمعتمدية بلخير__168__قفصة.PDF,pdf,unknown,1ukpM25Km4xZvPDjf5NnJlnMMw5kWMPJ9,https://drive.google.com/uc?export=download&id=1ukpM25Km4xZvPDjf5NnJlnMMw5kWMPJ9
/wp-content/uploads/2023/ResultatsLocales2023/قفصة/زانوش/قرار الهيئة لمعتمدية زانوش__178__قفصة.PDF,قرار الهيئة لمعتمدية زانوش__178__قفصة.PDF,pdf,unknown,1OJa63ZKibY2VwaPEKP2UbosKrLlo0qIK,https://drive.google.com/uc?export=download&id=1OJa63ZKibY2VwaPEKP2UbosKrLlo0qIK
/wp-content/uploads/2023/ResultatsLocales2023/قفصة/سيدي بوبكر/قرار الهيئة لمعتمدية سيدي بوبكر__173__قفصة.PDF,قرار الهيئة لمعتمدية سيدي بوبكر__173__قفصة.PDF,pdf,unknown,1z8OAoNQ6SguFE76b3Syb_UPpbmyoCQoo,https://drive.google.com/uc?export=download&id=1z8OAoNQ6SguFE76b3Syb_UPpbmyoCQoo
/wp-content/uploads/2023/ResultatsLocales2023/قفصة/سيدي عيش/قرار الهيئة لمعتمدية سيدي عيش__176__قفصة.PDF,قرار الهيئة لمعتمدية سيدي عيش__176__قفصة.PDF,pdf,unknown,1Ol63E0JxUllosPG30XW_IVD1c_VIddL4,https://drive.google.com/uc?export=download&id=1Ol63E0JxUllosPG30XW_IVD1c_VIddL4
/wp-content/uploads/2023/ResultatsLocales2023/قفصة/قفصة الجنوبية/قرار الهيئة لمعتمدية قفصة الجنوبية__174__قفصة.PDF,قرار الهيئة لمعتمدية قفصة الجنوبية__174__قفصة.PDF,pdf,unknown,1-fd8fUE4XarP1czW8IqWv32rC7P9V9_D,https://drive.google.com/uc?export=download&id=1-fd8fUE4XarP1czW8IqWv32rC7P9V9_D
/wp-content/uploads/2023/ResultatsLocales2023/قفصة/قفصة الشمالية/قرار الهيئة لمعتمدية قفصة الشمالية__177__قفصة.PDF,قرار الهيئة لمعتمدية قفصة الشمالية__177__قفصة.PDF,pdf,unknown,18MXDeTqzdwQCva8azkryStxwGcA5ev8y,https://drive.google.com/uc?export=download&id=18MXDeTqzdwQCva8azkryStxwGcA5ev8y
/wp-content/uploads/2023/ResultatsLocales2023/نابل 1/الميدة/قرار الهيئة لمعتمدية الميدة__111__نابل 1.PDF,قرار الهيئة لمعتمدية الميدة__111__نابل 1.PDF,pdf,unknown,1L09uMW1xuFcPBzy7Y_KaGLSyY-NWWQmj,https://drive.google.com/uc?export=download&id=1L09uMW1xuFcPBzy7Y_KaGLSyY-NWWQmj
/wp-content/uploads/2023/ResultatsLocales2023/نابل 1/الهوارية/قرار الهيئة لمعتمدية الهوارية__112__نابل 1.PDF,قرار الهيئة لمعتمدية الهوارية__112__نابل 1.PDF,pdf,unknown,1c72V00ki-ta6xlxixVrWsgLntP1sxgKB,https://drive.google.com/uc?export=download&id=1c72V00ki-ta6xlxixVrWsgLntP1sxgKB
/wp-content/uploads/2023/ResultatsLocales2023/نابل 1/بني خيار/قرار الهيئة لمعتمدية بني خيار__104__نابل 1.PDF,قرار الهيئة لمعتمدية بني خيار__104__نابل 1.PDF,pdf,unknown,1Jnr2vzdMyFptboetbb8OuhdPG-c7F2L2,https://drive.google.com/uc?export=download&id=1Jnr2vzdMyFptboetbb8OuhdPG-c7F2L2
/wp-content/uploads/2023/ResultatsLocales2023/نابل 1/حمام الغزاز/قرار الهيئة لمعتمدية حمام الغزاز__107__نابل 1.PDF,قرار الهيئة لمعتمدية حمام الغزاز__107__نابل 1.PDF,pdf,unknown,18n88xzp3UBbEscWhg1tMVbVOU4ONqk1N,https://drive.google.com/uc?export=download&id=18n88xzp3UBbEscWhg1tMVbVOU4ONqk1N
/wp-content/uploads/2023/ResultatsLocales2023/نابل 1/دار شعبان الفهري/قرار الهيئة لمعتمدية دار شعبان الفهري__105__نابل 1.PDF,قرار الهيئة لمعتمدية دار شعبان الفهري__105__نابل 1.PDF,pdf,unknown,17-AwzPMFlaqdAOh-jVmKfMW1Dj8I0XP3,https://drive.google.com/uc?export=download&id=17-AwzPMFlaqdAOh-jVmKfMW1Dj8I0XP3
/wp-content/uploads/2023/ResultatsLocales2023/نابل 1/قربة/قرار الهيئة لمعتمدية قربة__106__نابل 1.PDF,قرار الهيئة لمعتمدية قربة__106__نابل 1.PDF,pdf,unknown,1H9wGGg_U-oWT_PSkeubWidYIBY7XCfn-,https://drive.google.com/uc?export=download&id=1H9wGGg_U-oWT_PSkeubWidYIBY7XCfn-
/wp-content/uploads/2023/ResultatsLocales2023/نابل 1/قليبية/قرار الهيئة لمعتمدية قليبية__108__نابل 1.PDF,قرار الهيئة لمعتمدية قليبية__108__نابل 1.PDF,pdf,unknown,1WvmVd4j2AlegEdE4TG8eTP5LsMAI-1Tt,https://drive.google.com/uc?export=download&id=1WvmVd4j2AlegEdE4TG8eTP5LsMAI-1Tt
/wp-content/uploads/2023/ResultatsLocales2023/نابل 1/منزل تميم/قرار الهيئة لمعتمدية منزل تميم__109__نابل 1.PDF,قرار الهيئة لمعتمدية منزل تميم__109__نابل 1.PDF,pdf,unknown,1_a5nANHNLrp4capbE8M_evrDOyzROMif,https://drive.google.com/uc?export=download&id=1_a5nANHNLrp4capbE8M_evrDOyzROMif
/wp-content/uploads/2023/ResultatsLocales2023/نابل 1/نابل/قرار الهيئة لمعتمدية نابل__110__نابل 1.PDF,قرار الهيئة لمعتمدية نابل__110__نابل 1.PDF,pdf,unknown,1rWlFwHtEus9tTE8wHNYXf8vsbH0YiSVv,https://drive.google.com/uc?export=download&id=1rWlFwHtEus9tTE8wHNYXf8vsbH0YiSVv
/wp-content/uploads/2024/01/CC-AO01-2024.pdf,CC-AO01-2024.pdf,pdf,unknown,1WprZEirAdW4Jp29mCw1SZCjQf5PHNIua,https://drive.google.com/uc?export=download&id=1WprZEirAdW4Jp29mCw1SZCjQf5PHNIua
/wp-content/uploads/2024/01/CC-AO2-2024.pdf,CC-AO2-2024.pdf,pdf,unknown,1wXfv4RYKLOn0EcFKa211prsU_JscLlY0,https://drive.google.com/uc?export=download&id=1wXfv4RYKLOn0EcFKa211prsU_JscLlY0
/wp-content/uploads/2024/01/دليل-الاقتراع-والفرز-لانتخابات-أعضاء-المجالس-المحلية.pdf,دليل-الاقتراع-والفرز-لانتخابات-أعضاء-المجالس-المحلية.pdf,pdf,unknown,1fp3oR-6kG3NDBwRzHUi-s4qGIFmCa1k-,https://drive.google.com/uc?export=download&id=1fp3oR-6kG3NDBwRzHUi-s4qGIFmCa1k-
/wp-content/uploads/2024/01/دليل-قواعد-وإجراءات-الحملة-الانتخابية-لانتخابات-أعضاء-المجالس-المحلية.pdf,دليل-قواعد-وإجراءات-الحملة-الانتخابية-لانتخابات-أعضاء-المجالس-المحلية.pdf,pdf,unknown,1se-QzENMEtNZXXI7C1d1PC5QSt3yd5LQ,https://drive.google.com/uc?export=download&id=1se-QzENMEtNZXXI7C1d1PC5QSt3yd5LQ
/wp-content/uploads/2024/01/محضر-جلسة-20-جانفي-2024.pdf,محضر-جلسة-20-جانفي-2024.pdf,pdf,unknown,1P1r1XYKlR5zz8aUcBgI1S1AdAc5M001f,https://drive.google.com/uc?export=download&id=1P1r1XYKlR5zz8aUcBgI1S1AdAc5M001f
/wp-content/uploads/2024/01/مدونة-سلوك-الصحفيين-المحليين-والأجانب.pdf,مدونة-سلوك-الصحفيين-المحليين-والأجانب.pdf,pdf,unknown,106WqwaqKFWvZEmJTE2v-x5Wv2vaGUmod,https://drive.google.com/uc?export=download&id=106WqwaqKFWvZEmJTE2v-x5Wv2vaGUmod
/wp-content/uploads/2024/01/مدونة-سلوك-المترشحين-والأحزاب-وممثليهم.pdf,مدونة-سلوك-المترشحين-والأحزاب-وممثليهم.pdf,pdf,unknown,1wc2NQwR-wGtdolTGGqjIm_zPM2itlO3f,https://drive.google.com/uc?export=download&id=1wc2NQwR-wGtdolTGGqjIm_zPM2itlO3f
/wp-content/uploads/2024/01/مدونة-سلوك-الملاحظين-المحلين-والأجانب.pdf,مدونة-سلوك-الملاحظين-المحلين-والأجانب.pdf,pdf,unknown,1kDEGomj9vxY5kz9oJrOpBmS4GJkzLZ2t,https://drive.google.com/uc?export=download&id=1kDEGomj9vxY5kz9oJrOpBmS4GJkzLZ2t
/wp-content/uploads/2024/02/CAHIER-DE-CHARGES-CONS10-2024.pdf,CAHIER-DE-CHARGES-CONS10-2024.pdf,pdf,unknown,1fLQTJsOYwQZpzhcuIfJ09hQpBLoKZanz,https://drive.google.com/uc?export=download&id=1fLQTJsOYwQZpzhcuIfJ09hQpBLoKZanz
/wp-content/uploads/2024/02/JournalArabe0312024.pdf,JournalArabe0312024.pdf,pdf,unknown,1oxYus3xrXNm2TSmVIYECf5xoU6Mr3Ax0,https://drive.google.com/uc?export=download&id=1oxYus3xrXNm2TSmVIYECf5xoU6Mr3Ax0
/wp-content/uploads/2024/02/JournalArabe0322024.pdf,JournalArabe0322024.pdf,pdf,unknown,16gqX4FvR2m0cQ9bvTfxXEtjvU4kwGV_5,https://drive.google.com/uc?export=download&id=16gqX4FvR2m0cQ9bvTfxXEtjvU4kwGV_5
/wp-content/uploads/2024/02/تقرير-نشاط-الهيئة-لسنة-2022.pdf,تقرير-نشاط-الهيئة-لسنة-2022.pdf,pdf,unknown,1NGvvaxgURBNViHAfA0lLsDokkzfTM1_Y,https://drive.google.com/uc?export=download&id=1NGvvaxgURBNViHAfA0lLsDokkzfTM1_Y
/wp-content/uploads/2024/02/قرار-الهيئة-عدد-281-2024.pdf,قرار-الهيئة-عدد-281-2024.pdf,pdf,unknown,17JV-9Afe3aP6qDx_GTah0j4RfupHnove,https://drive.google.com/uc?export=download&id=17JV-9Afe3aP6qDx_GTah0j4RfupHnove
/wp-content/uploads/2024/02/قرار-الهيئة-عدد-282-2024.pdf,قرار-الهيئة-عدد-282-2024.pdf,pdf,unknown,1jcNNo6EchW1YPBM4So1bE3VoGcJNUx5v,https://drive.google.com/uc?export=download&id=1jcNNo6EchW1YPBM4So1bE3VoGcJNUx5v
/wp-content/uploads/2024/02/كراس-شروط-تفويت-في-وسائل-نقل-2024.pdf,كراس-شروط-تفويت-في-وسائل-نقل-2024.pdf,pdf,unknown,13Ya-qZzCa1GLrKawFFOEsUeB7J_BleVs,https://drive.google.com/uc?export=download&id=13Ya-qZzCa1GLrKawFFOEsUeB7J_BleVs
/wp-content/uploads/2024/03/قائمة-المترشحين-المقبولين-نهائيا-لمجالس-الأقاليم.pdf,قائمة-المترشحين-المقبولين-نهائيا-لمجالس-الأقاليم.pdf,pdf,unknown,1EG8bIHAZL7jSE2rhUv1RytXJuwNVA66r,https://drive.google.com/uc?export=download&id=1EG8bIHAZL7jSE2rhUv1RytXJuwNVA66r
/wp-content/uploads/2024/03/قائمة-المقبولين-أوليا-المجلس-الوطني-للجهات-و-الأقاليم.pdf,قائمة-المقبولين-أوليا-المجلس-الوطني-للجهات-و-الأقاليم.pdf,pdf,unknown,13zrXfthQdE20wY3QvcGAzjpjnw6JNlhX,https://drive.google.com/uc?export=download&id=13zrXfthQdE20wY3QvcGAzjpjnw6JNlhX
/wp-content/uploads/2024/03/قائمة-المقبولين-نهائيا-المجلس-الوطني-للجهات-والأقاليم.pdf,قائمة-المقبولين-نهائيا-المجلس-الوطني-للجهات-والأقاليم.pdf,pdf,unknown,1TmbSSrrS-FoVJrvry2z5eWSHckVWlffu,https://drive.google.com/uc?export=download&id=1TmbSSrrS-FoVJrvry2z5eWSHckVWlffu
/wp-content/uploads/2024/03/قائمة-أولية-في-المقبولين-مجالس-أقاليم.pdf,قائمة-أولية-في-المقبولين-مجالس-أقاليم.pdf,pdf,unknown,1R6wUXcVFzzmB5JQiwA1TGRl4yrEZvtqX,https://drive.google.com/uc?export=download&id=1R6wUXcVFzzmB5JQiwA1TGRl4yrEZvtqX
/wp-content/uploads/2024/03/قرار-الهيئة-المتعلق-بالتصريح-بالنتائج-الأولية-لانتخابات-أعضاء-مجالس-الأقاليم.pdf,قرار-الهيئة-المتعلق-بالتصريح-بالنتائج-الأولية-لانتخابات-أعضاء-مجالس-الأقاليم.pdf,pdf,unknown,1qHPj9KxnddvRmTem7Ij11ZKKaf_ragCp,https://drive.google.com/uc?export=download&id=1qHPj9KxnddvRmTem7Ij11ZKKaf_ragCp
/wp-content/uploads/2024/03/قرار-عدد-537-لسنة-2024-يتعلق-بضبط-تركيبة-المجالس-الجهوية.pdf,قرار-عدد-537-لسنة-2024-يتعلق-بضبط-تركيبة-المجالس-الجهوية.pdf,pdf,unknown,1-khNRkEmcmpF6iHUxxl1t8Qe29y1KX0g,https://drive.google.com/uc?export=download&id=1-khNRkEmcmpF6iHUxxl1t8Qe29y1KX0g
/wp-content/uploads/2024/03/قرار-عدد-538-بتاريخ-18-مارس-2024.pdf,قرار-عدد-538-بتاريخ-18-مارس-2024.pdf,pdf,unknown,1gx0bKIIkdD2GxdzJdo9LvnaEQVCr4vbN,https://drive.google.com/uc?export=download&id=1gx0bKIIkdD2GxdzJdo9LvnaEQVCr4vbN
/wp-content/uploads/2024/03/قرار-نتائج-أولية-مجلس-وطني-للجهات-و-الأقاليم.pdf,قرار-نتائج-أولية-مجلس-وطني-للجهات-و-الأقاليم.pdf,pdf,unknown,1v67rrFGWqE9Gqfo4PZVZqkmRZUxUAowI,https://drive.google.com/uc?export=download&id=1v67rrFGWqE9Gqfo4PZVZqkmRZUxUAowI
/wp-content/uploads/2024/03/محضر-جلسة-13-مارس-2024.pdf,محضر-جلسة-13-مارس-2024.pdf,pdf,unknown,1BqQKQgPOJ_xsTIPrNySA16Mm-oNAP7Lk,https://drive.google.com/uc?export=download&id=1BqQKQgPOJ_xsTIPrNySA16Mm-oNAP7Lk
/wp-content/uploads/2024/04/قرار-عدد-539-لسنة-2024.pdf,قرار-عدد-539-لسنة-2024.pdf,pdf,unknown,1KdQT-rloPG0SNXw967Mxq4loCW56pTAS,https://drive.google.com/uc?export=download&id=1KdQT-rloPG0SNXw967Mxq4loCW56pTAS
/wp-content/uploads/2024/04/محضر-جلسة-23-أفريل-2024.pdf,محضر-جلسة-23-أفريل-2024.pdf,pdf,unknown,1JCIlqwoVaZcHtI_W-5OP1rR_0l0wyd0c,https://drive.google.com/uc?export=download&id=1JCIlqwoVaZcHtI_W-5OP1rR_0l0wyd0c
/wp-content/uploads/2024/04/محضر-جلسة-28-مارس-2024.pdf,محضر-جلسة-28-مارس-2024.pdf,pdf,unknown,1kW058VYcMGbSpRIxcdN2V9a1zICoC8h3,https://drive.google.com/uc?export=download&id=1kW058VYcMGbSpRIxcdN2V9a1zICoC8h3
/wp-content/uploads/2024/04/محضر-جلسة-3-أفريل-2024.pdf,محضر-جلسة-3-أفريل-2024.pdf,pdf,unknown,1_iHh8bSFf9O0Fb1l-Zc6G1EDi5dFwPA5,https://drive.google.com/uc?export=download&id=1_iHh8bSFf9O0Fb1l-Zc6G1EDi5dFwPA5
/wp-content/uploads/2024/05/CAHIER-DE-CHARGES-AO-3-2024.pdf,CAHIER-DE-CHARGES-AO-3-2024.pdf,pdf,unknown,1pbDU_6KBd2ik1Bq8Tz_DYXEncjMIiRxy,https://drive.google.com/uc?export=download&id=1pbDU_6KBd2ik1Bq8Tz_DYXEncjMIiRxy
/wp-content/uploads/2024/05/كراس-شروط-تفويت-في-مواد-بلاستيكية-للمرة-الثانية.pdf,كراس-شروط-تفويت-في-مواد-بلاستيكية-للمرة-الثانية.pdf,pdf,unknown,1qJnAuEM5-nDit1HgBTOWI27oWbdkRMgO,https://drive.google.com/uc?export=download&id=1qJnAuEM5-nDit1HgBTOWI27oWbdkRMgO
/wp-content/uploads/2024/05/كراس-شروط-تفويت-في-وسائل-نقل-للمرة-الثانية-2024.pdf,كراس-شروط-تفويت-في-وسائل-نقل-للمرة-الثانية-2024.pdf,pdf,unknown,1vi9GKSLEvy-Ei6FV7MR2blKaODQxqFZo,https://drive.google.com/uc?export=download&id=1vi9GKSLEvy-Ei6FV7MR2blKaODQxqFZo
/wp-content/uploads/2024/05/محضر-جلسة-6-ماي-2024.pdf,محضر-جلسة-6-ماي-2024.pdf,pdf,unknown,1iYm4XgqrXxkbgPwuvbFYbugQ7zivowmK,https://drive.google.com/uc?export=download&id=1iYm4XgqrXxkbgPwuvbFYbugQ7zivowmK
/wp-content/uploads/2024/06/CONS-46-2024.pdf,CONS-46-2024.pdf,pdf,unknown,1bqFZv4oH_nGhiXVxQFKvLdNVdALERdDY,https://drive.google.com/uc?export=download&id=1bqFZv4oH_nGhiXVxQFKvLdNVdALERdDY
/wp-content/uploads/2024/06/Cahier-des-Charges-de-Consultation-n°47-2024.pdf,Cahier-des-Charges-de-Consultation-n°47-2024.pdf,pdf,unknown,113-fE5CPBZ2GrpOSkTUodBJ0YirhrSV7,https://drive.google.com/uc?export=download&id=113-fE5CPBZ2GrpOSkTUodBJ0YirhrSV7
/wp-content/uploads/2024/06/قرار-الهيئة-عدد-541-بتاريخ-3-جوان-2024.pdf,قرار-الهيئة-عدد-541-بتاريخ-3-جوان-2024.pdf,pdf,unknown,17LVroBjS4_Qz8wilC74CetTTxxYJgYO2,https://drive.google.com/uc?export=download&id=17LVroBjS4_Qz8wilC74CetTTxxYJgYO2
/wp-content/uploads/2024/07/AMMAR-BEN-ALI-FETAITI.pdf,AMMAR-BEN-ALI-FETAITI.pdf,pdf,unknown,11A7_lxYqm4KXlHLaN_NenbJePW8ln9lO,https://drive.google.com/uc?export=download&id=11A7_lxYqm4KXlHLaN_NenbJePW8ln9lO
/wp-content/uploads/2024/07/CAO-AO6-2024-ar.pdf,CAO-AO6-2024-ar.pdf,pdf,unknown,12cdacc66LNAF4kP-3LFp5UphNxjmi1bA,https://drive.google.com/uc?export=download&id=12cdacc66LNAF4kP-3LFp5UphNxjmi1bA
/wp-content/uploads/2024/07/CC-65-2024.pdf,CC-65-2024.pdf,pdf,unknown,1kCgQGTTIpxqgubNm18TA6-wV679L1PgY,https://drive.google.com/uc?export=download&id=1kCgQGTTIpxqgubNm18TA6-wV679L1PgY
/wp-content/uploads/2024/07/CC-AO-04-2024-FR.pdf,CC-AO-04-2024-FR.pdf,pdf,unknown,1o8nBwps7KDWiW7pjEhJhMY45KrCTIELg,https://drive.google.com/uc?export=download&id=1o8nBwps7KDWiW7pjEhJhMY45KrCTIELg
/wp-content/uploads/2024/07/CC-AO7-2024-ar.pdf,CC-AO7-2024-ar.pdf,pdf,unknown,1yX8-p_oB318F2y0LXiljfzkTgg3t92dX,https://drive.google.com/uc?export=download&id=1yX8-p_oB318F2y0LXiljfzkTgg3t92dX
/wp-content/uploads/2024/07/CC-AOS-5-2024.pdf,CC-AOS-5-2024.pdf,pdf,unknown,1pGLfteqKukV4VqYbu-bUVy8AjZ2Ti6EW,https://drive.google.com/uc?export=download&id=1pGLfteqKukV4VqYbu-bUVy8AjZ2Ti6EW
/wp-content/uploads/2024/07/consultation-n°50-2024.pdf,consultation-n°50-2024.pdf,pdf,unknown,1dbWEvARGBvL3KBJDwC83izuieibEFYD_,https://drive.google.com/uc?export=download&id=1dbWEvARGBvL3KBJDwC83izuieibEFYD_
/wp-content/uploads/2024/07/الاسعد-بن-الصادق-عبيد.pdf,الاسعد-بن-الصادق-عبيد.pdf,pdf,unknown,1Iu4IrUhOdcf1JdbrIaK4jw-1mm-fcUh9,https://drive.google.com/uc?export=download&id=1Iu4IrUhOdcf1JdbrIaK4jw-1mm-fcUh9
/wp-content/uploads/2024/07/الامجد-بن-صالح-عمري.pdf,الامجد-بن-صالح-عمري.pdf,pdf,unknown,1XljV9J7ALf5lCRLXsZl8xk0Z281TRUHU,https://drive.google.com/uc?export=download&id=1XljV9J7ALf5lCRLXsZl8xk0Z281TRUHU
/wp-content/uploads/2024/07/البشير-بن-ابراهيم-عبيد.pdf,البشير-بن-ابراهيم-عبيد.pdf,pdf,unknown,1RQgeLsiFb7sZ2SZaIXILtwxHVrSO3BzI,https://drive.google.com/uc?export=download&id=1RQgeLsiFb7sZ2SZaIXILtwxHVrSO3BzI
/wp-content/uploads/2024/07/الشاذلي-بن-محمد-أولاد-بالليل.pdf,الشاذلي-بن-محمد-أولاد-بالليل.pdf,pdf,unknown,1pJ8My67W00foyfKGlU0g67TUQWAPfZEk,https://drive.google.com/uc?export=download&id=1pJ8My67W00foyfKGlU0g67TUQWAPfZEk
/wp-content/uploads/2024/07/الطيب-بن-احمد-السماتي.pdf,الطيب-بن-احمد-السماتي.pdf,pdf,unknown,1hdF4YAVtdjsSQlkUsBL5EhJAy5G9-YIM,https://drive.google.com/uc?export=download&id=1hdF4YAVtdjsSQlkUsBL5EhJAy5G9-YIM
/wp-content/uploads/2024/07/العفيف-بن-يوسف-البوني.pdf,العفيف-بن-يوسف-البوني.pdf,pdf,unknown,1T95RaJdl5MIZPs4QKqQvfuwUZQYobUlj,https://drive.google.com/uc?export=download&id=1T95RaJdl5MIZPs4QKqQvfuwUZQYobUlj
/wp-content/uploads/2024/07/المنذر-بن-عز-الدين-بوهدي.pdf,المنذر-بن-عز-الدين-بوهدي.pdf,pdf,unknown,1ccfh5zcQ0j7MR6qE_MMQVb3zjXy3VhEb,https://drive.google.com/uc?export=download&id=1ccfh5zcQ0j7MR6qE_MMQVb3zjXy3VhEb
/wp-content/uploads/2024/07/أحمد-بن-فرج-بن-عبد-الجليل.pdf,أحمد-بن-فرج-بن-عبد-الجليل.pdf,pdf,unknown,10QsF7gOuhREqRAbrolncOQ420DDL9FGl,https://drive.google.com/uc?export=download&id=10QsF7gOuhREqRAbrolncOQ420DDL9FGl
/wp-content/uploads/2024/07/بشر-بن-عبد-الحكيم-الصكلي.pdf,بشر-بن-عبد-الحكيم-الصكلي.pdf,pdf,unknown,17NAAXhjyEX_rhJWFu6NXYySzWOlBvOp_,https://drive.google.com/uc?export=download&id=17NAAXhjyEX_rhJWFu6NXYySzWOlBvOp_
/wp-content/uploads/2024/07/جمال-بن-ظاهر-بنشامخ.pdf,جمال-بن-ظاهر-بنشامخ.pdf,pdf,unknown,1363jBlCfipXHw7wXtwnd9gMA9zSRsy5g,https://drive.google.com/uc?export=download&id=1363jBlCfipXHw7wXtwnd9gMA9zSRsy5g
/wp-content/uploads/2024/07/حسام-بن-محمد-بونني.pdf,حسام-بن-محمد-بونني.pdf,pdf,unknown,1kSKMARpydzVYxG2SOiDqE3ctF4AsZSOn,https://drive.google.com/uc?export=download&id=1kSKMARpydzVYxG2SOiDqE3ctF4AsZSOn
/wp-content/uploads/2024/07/حسني-بن-عبد-السلام-بوخروف.pdf,حسني-بن-عبد-السلام-بوخروف.pdf,pdf,unknown,1aJovfuo9SwbGkzzD3q7CYSxLvqfZWSGw,https://drive.google.com/uc?export=download&id=1aJovfuo9SwbGkzzD3q7CYSxLvqfZWSGw
/wp-content/uploads/2024/07/خليفة-بن-محمود-شعبوني.pdf,خليفة-بن-محمود-شعبوني.pdf,pdf,unknown,1bEWz1fQsZjojxjjhVPgSdwVGUQqa8OGR,https://drive.google.com/uc?export=download&id=1bEWz1fQsZjojxjjhVPgSdwVGUQqa8OGR
/wp-content/uploads/2024/07/دليل-الترشحات-للانتخابات-الرئاسية-لسنة-2024.pdf,دليل-الترشحات-للانتخابات-الرئاسية-لسنة-2024.pdf,pdf,unknown,1bA9RRrOe-wcRcSJB1Zzw92MN3uKr1FXk,https://drive.google.com/uc?export=download&id=1bA9RRrOe-wcRcSJB1Zzw92MN3uKr1FXk
/wp-content/uploads/2024/07/راضية-بن-محسن-السدرات.pdf,راضية-بن-محسن-السدرات.pdf,pdf,unknown,17ehcSuFjv_0upt_mU_1pWAYml1HPVboN,https://drive.google.com/uc?export=download&id=17ehcSuFjv_0upt_mU_1pWAYml1HPVboN
/wp-content/uploads/2024/07/روضة-بن-بلقاسم-الرزقي.pdf,روضة-بن-بلقاسم-الرزقي.pdf,pdf,unknown,1RabxQP8AE2Nmonq__uxGIyftOGYZsm3L,https://drive.google.com/uc?export=download&id=1RabxQP8AE2Nmonq__uxGIyftOGYZsm3L
/wp-content/uploads/2024/07/سعيد-بن-الهادي-بوعجله.pdf,سعيد-بن-الهادي-بوعجله.pdf,pdf,unknown,1gjJQpJQLSy3h2xesvnFquiGAFdDfu8ON,https://drive.google.com/uc?export=download&id=1gjJQpJQLSy3h2xesvnFquiGAFdDfu8ON
/wp-content/uploads/2024/07/سيف-الدين-بن-الحبيب-القردلي.pdf,سيف-الدين-بن-الحبيب-القردلي.pdf,pdf,unknown,1SEakZ_7WhXrp0FjT436qMr4k6Ia-PCkr,https://drive.google.com/uc?export=download&id=1SEakZ_7WhXrp0FjT436qMr4k6Ia-PCkr
/wp-content/uploads/2024/07/شرف-الدين-بن-محمد-الصالح-خميري.pdf,شرف-الدين-بن-محمد-الصالح-خميري.pdf,pdf,unknown,12g0GoEIp1UACPzhxtANqcmtrqaGqVENV,https://drive.google.com/uc?export=download&id=12g0GoEIp1UACPzhxtANqcmtrqaGqVENV
/wp-content/uploads/2024/07/صابر-بن-احمد-الصويعي-بن-عمار.pdf,صابر-بن-احمد-الصويعي-بن-عمار.pdf,pdf,unknown,1HvsRZ7SOkdHCoGaU3t7aaC-G6OQtYpqx,https://drive.google.com/uc?export=download&id=1HvsRZ7SOkdHCoGaU3t7aaC-G6OQtYpqx
/wp-content/uploads/2024/07/عبد-الحميد-بن-سالم-عمار.pdf,عبد-الحميد-بن-سالم-عمار.pdf,pdf,unknown,1x7EdXENGSoi_OVwMoAm8Fjf8ft3FAhY1,https://drive.google.com/uc?export=download&id=1x7EdXENGSoi_OVwMoAm8Fjf8ft3FAhY1
/wp-content/uploads/2024/07/عبد-الحميد-بن-علي-الزيدي.pdf,عبد-الحميد-بن-علي-الزيدي.pdf,pdf,unknown,1jgjIExZq86b64og3pxysTP4_9mIf-FMS,https://drive.google.com/uc?export=download&id=1jgjIExZq86b64og3pxysTP4_9mIf-FMS
/wp-content/uploads/2024/07/علي-بن-صالح-شحاتة.pdf,علي-بن-صالح-شحاتة.pdf,pdf,unknown,1MpEKFwwpODrg_b64Uy6YSoalCndfNVXm,https://drive.google.com/uc?export=download&id=1MpEKFwwpODrg_b64Uy6YSoalCndfNVXm
/wp-content/uploads/2024/07/عماد-بن-المختار-بوكر.pdf,عماد-بن-المختار-بوكر.pdf,pdf,unknown,1oqzFK1rOuo4usbOVARHaXGCMprxSXNPT,https://drive.google.com/uc?export=download&id=1oqzFK1rOuo4usbOVARHaXGCMprxSXNPT
/wp-content/uploads/2024/07/غسان-بن-البشير-الخذيري.pdf,غسان-بن-البشير-الخذيري.pdf,pdf,unknown,1InDQnNBambqRcrQ1tcR2OZBXgnR53Ir4,https://drive.google.com/uc?export=download&id=1InDQnNBambqRcrQ1tcR2OZBXgnR53Ir4
/wp-content/uploads/2024/07/قرار-الهيئة-عدد-543-لسنة-2024.pdf,قرار-الهيئة-عدد-543-لسنة-2024.pdf,pdf,unknown,1qb4mqHFcnhbkwy1s-39hk03QakcwePo9,https://drive.google.com/uc?export=download&id=1qb4mqHFcnhbkwy1s-39hk03QakcwePo9
/wp-content/uploads/2024/07/كريم-بن-محمد-الغربي.pdf,كريم-بن-محمد-الغربي.pdf,pdf,unknown,1-dj3M4DsP0Tf33jXSSMv5tYwwytLAhBP,https://drive.google.com/uc?export=download&id=1-dj3M4DsP0Tf33jXSSMv5tYwwytLAhBP
/wp-content/uploads/2024/07/لطفي-بن-عثمان-عاشوري.pdf,لطفي-بن-عثمان-عاشوري.pdf,pdf,unknown,1Y6au13Hwp8Yy2FVauayffo_V4vcotW22,https://drive.google.com/uc?export=download&id=1Y6au13Hwp8Yy2FVauayffo_V4vcotW22
/wp-content/uploads/2024/07/مالك-بن-الحسين-سائحي.pdf,مالك-بن-الحسين-سائحي.pdf,pdf,unknown,1wgPniO3v6LUXAnaTjVZ7k77Xw6TTUcmo,https://drive.google.com/uc?export=download&id=1wgPniO3v6LUXAnaTjVZ7k77Xw6TTUcmo
/wp-content/uploads/2024/07/محضر-جلسة-4-جويلية-2024.pdf,محضر-جلسة-4-جويلية-2024.pdf,pdf,unknown,1W4fzK7FXEw8AyggOl34n_r2BUZxJeBBg,https://drive.google.com/uc?export=download&id=1W4fzK7FXEw8AyggOl34n_r2BUZxJeBBg
/wp-content/uploads/2024/07/محمد-الشاذلي-بن-الطيب-الفقيه-أحمد.pdf,محمد-الشاذلي-بن-الطيب-الفقيه-أحمد.pdf,pdf,unknown,1Pvp6BpGGFgQ2A4GSsdIXN5svnlZw6CLi,https://drive.google.com/uc?export=download&id=1Pvp6BpGGFgQ2A4GSsdIXN5svnlZw6CLi
/wp-content/uploads/2024/07/محمد-القادري-بن-سعيد-مصابحي.pdf,محمد-القادري-بن-سعيد-مصابحي.pdf,pdf,unknown,1illOSX3JzHC3XaYq2kkw9i8PTlqsNdFR,https://drive.google.com/uc?export=download&id=1illOSX3JzHC3XaYq2kkw9i8PTlqsNdFR
/wp-content/uploads/2024/07/محمد-المنذر-بن-عبد-العزيز-الزنايدي.pdf,محمد-المنذر-بن-عبد-العزيز-الزنايدي.pdf,pdf,unknown,103yYn3GxCpqK9cD0cqsct-3hHtrtVXiP,https://drive.google.com/uc?export=download&id=103yYn3GxCpqK9cD0cqsct-3hHtrtVXiP
/wp-content/uploads/2024/07/محمد-الهادي-بن-محمد-منصوري.pdf,محمد-الهادي-بن-محمد-منصوري.pdf,pdf,unknown,1JcoG7TGRX7oY81fwUqHN2R4PmhAIWHCj,https://drive.google.com/uc?export=download&id=1JcoG7TGRX7oY81fwUqHN2R4PmhAIWHCj
/wp-content/uploads/2024/07/محمد-رياض-بن-رضا-المحجوب.pdf,محمد-رياض-بن-رضا-المحجوب.pdf,pdf,unknown,1Bu1OqdpbCaXaP7Mi9_jajwpMhuHF9-w8,https://drive.google.com/uc?export=download&id=1Bu1OqdpbCaXaP7Mi9_jajwpMhuHF9-w8
/wp-content/uploads/2024/07/محمد-علي-بن-عثمان-ونيفي.pdf,محمد-علي-بن-عثمان-ونيفي.pdf,pdf,unknown,1wGw6cJl3aFjl4vAlQ90ryMfdXfQbbOho,https://drive.google.com/uc?export=download&id=1wGw6cJl3aFjl4vAlQ90ryMfdXfQbbOho
/wp-content/uploads/2024/07/محمد-هشام-بن-البشير-المؤدب.pdf,محمد-هشام-بن-البشير-المؤدب.pdf,pdf,unknown,1y8MorMzPYoA8y1HzOAz3Gq3aIusQAZhg,https://drive.google.com/uc?export=download&id=1y8MorMzPYoA8y1HzOAz3Gq3aIusQAZhg
/wp-content/uploads/2024/07/مراد-بن-مصطفى-بن-غربية.pdf,مراد-بن-مصطفى-بن-غربية.pdf,pdf,unknown,15GB7aYmkSFVKhtWCJmue2ltXjiwT8b3y,https://drive.google.com/uc?export=download&id=15GB7aYmkSFVKhtWCJmue2ltXjiwT8b3y
/wp-content/uploads/2024/07/مصطفى-بن-علي-البرناط.pdf,مصطفى-بن-علي-البرناط.pdf,pdf,unknown,1JrRzIEAIX1JZM8ZpG8RHg_xKmH_pG0J9,https://drive.google.com/uc?export=download&id=1JrRzIEAIX1JZM8ZpG8RHg_xKmH_pG0J9
/wp-content/uploads/2024/07/مكرم-بن-عمر-الخمار-العويني.pdf,مكرم-بن-عمر-الخمار-العويني.pdf,pdf,unknown,1zwadpGfsGhE0n7Skd7yodK0NPLUBkiA0,https://drive.google.com/uc?export=download&id=1zwadpGfsGhE0n7Skd7yodK0NPLUBkiA0
/wp-content/uploads/2024/07/منصور-بن-حسين-النفزي.pdf,منصور-بن-حسين-النفزي.pdf,pdf,unknown,1i0sZjGBg3BwatUjAICerkdpmv7mKiyOY,https://drive.google.com/uc?export=download&id=1i0sZjGBg3BwatUjAICerkdpmv7mKiyOY
/wp-content/uploads/2024/07/نجوى-بن-فرج-ميلاد.pdf,نجوى-بن-فرج-ميلاد.pdf,pdf,unknown,1i2nAyimfJLWEkr2i0W2aY2IEpUYyy8Hz,https://drive.google.com/uc?export=download&id=1i2nAyimfJLWEkr2i0W2aY2IEpUYyy8Hz
/wp-content/uploads/2024/07/نشئت-بن-حموده-عزوز.pdf,نشئت-بن-حموده-عزوز.pdf,pdf,unknown,1d18O4KqAxb6kiZ9ugDkfiiJvI6ceFeUP,https://drive.google.com/uc?export=download&id=1d18O4KqAxb6kiZ9ugDkfiiJvI6ceFeUP
/wp-content/uploads/2024/07/نضال-بن-الحبيب-كريم.pdf,نضال-بن-الحبيب-كريم.pdf,pdf,unknown,1VuQIkwJDw4MUZkzm6t8p3Ispl4T7e8ff,https://drive.google.com/uc?export=download&id=1VuQIkwJDw4MUZkzm6t8p3Ispl4T7e8ff
/wp-content/uploads/2024/07/نور-الدين-بن-منصور-العيادي.pdf,نور-الدين-بن-منصور-العيادي.pdf,pdf,unknown,1sg611NS8IikmmMZgP30dhcjMo8NPPnck,https://drive.google.com/uc?export=download&id=1sg611NS8IikmmMZgP30dhcjMo8NPPnck
/wp-content/uploads/2024/07/هشام-بن-جميل-قيدارة.pdf,هشام-بن-جميل-قيدارة.pdf,pdf,unknown,1pildDmaj2w-74eVlSvCudLoqWOdbd61s,https://drive.google.com/uc?export=download&id=1pildDmaj2w-74eVlSvCudLoqWOdbd61s
/wp-content/uploads/2024/07/وجدي-بن-توفيق-العياري.pdf,وجدي-بن-توفيق-العياري.pdf,pdf,unknown,1MVPWifdfZHQgVVW0zlpxkAybpit3SnC_,https://drive.google.com/uc?export=download&id=1MVPWifdfZHQgVVW0zlpxkAybpit3SnC_
/wp-content/uploads/2024/08/CAOCCAP.pdf,CAOCCAP.pdf,pdf,unknown,1yg3GIF9GzGbaYfripXYOSKgkeAFMA9j5,https://drive.google.com/uc?export=download&id=1yg3GIF9GzGbaYfripXYOSKgkeAFMA9j5
/wp-content/uploads/2024/08/CC-AO-08-2024.pdf,CC-AO-08-2024.pdf,pdf,unknown,1BN6wDAFTQozAC7ktEsyL-7n8mcwY9749,https://drive.google.com/uc?export=download&id=1BN6wDAFTQozAC7ktEsyL-7n8mcwY9749
/wp-content/uploads/2024/08/CCAO10-2024.pdf,CCAO10-2024.pdf,pdf,unknown,1bOjlTyX5Ewdv5TcIm9SHfueT3OZHvICx,https://drive.google.com/uc?export=download&id=1bOjlTyX5Ewdv5TcIm9SHfueT3OZHvICx
/wp-content/uploads/2024/08/الرئاسية-2024-دليل-وسائل-الاعلام-في-الفترة-والحملة-الانتخابية-للانتخابات.pdf,الرئاسية-2024-دليل-وسائل-الاعلام-في-الفترة-والحملة-الانتخابية-للانتخابات.pdf,pdf,unknown,1Zu8BvBlC9VDWs6eglYunahCYIwD7zr1X,https://drive.google.com/uc?export=download&id=1Zu8BvBlC9VDWs6eglYunahCYIwD7zr1X
/wp-content/uploads/2024/08/بلاغ-حول-نشر-قائمة-المترشّحين-المقبولين-أوّليّا-لعضويّة-الهيئات-الفرعيّة-للانتخابات-بالداخل-والخارج.pdf,بلاغ-حول-نشر-قائمة-المترشّحين-المقبولين-أوّليّا-لعضويّة-الهيئات-الفرعيّة-للانتخابات-بالداخل-والخارج.pdf,pdf,unknown,15LKSlhUiqpthNMQfipu4A8mVaRNviKnz,https://drive.google.com/uc?export=download&id=15LKSlhUiqpthNMQfipu4A8mVaRNviKnz
/wp-content/uploads/2024/08/قائمة-المترشحين-المقبولين-أوليا-للانتخابات-الرئاسية-2024.pdf,قائمة-المترشحين-المقبولين-أوليا-للانتخابات-الرئاسية-2024.pdf,pdf,unknown,10YLnEn5eUEUpdW-7kH76zOfyRrgKVz_v,https://drive.google.com/uc?export=download&id=10YLnEn5eUEUpdW-7kH76zOfyRrgKVz_v
/wp-content/uploads/2024/08/ماهر-بن-علي-الأزرق.pdf,ماهر-بن-علي-الأزرق.pdf,pdf,unknown,1f_uPbqUcyMWHsfv3fa6jZ46ntrRolXb5,https://drive.google.com/uc?export=download&id=1f_uPbqUcyMWHsfv3fa6jZ46ntrRolXb5
/wp-content/uploads/2024/08/محضر-جلسة-12-أوت-2024.pdf,محضر-جلسة-12-أوت-2024.pdf,pdf,unknown,1CyTQYyAw-TTjveTHMrP4CeidS3Bv_mOt,https://drive.google.com/uc?export=download&id=1CyTQYyAw-TTjveTHMrP4CeidS3Bv_mOt
/wp-content/uploads/2024/08/محمد-وجيه-بن-عبد-الحق-دحلاب.pdf,محمد-وجيه-بن-عبد-الحق-دحلاب.pdf,pdf,unknown,13BUzi7SkYSR1NEGKr7IY20d78mlYx24J,https://drive.google.com/uc?export=download&id=13BUzi7SkYSR1NEGKr7IY20d78mlYx24J
/wp-content/uploads/2024/09/CC-79-2024.pdf,CC-79-2024.pdf,pdf,unknown,1n-tIHjom6u6bQSPgDtmkNJHGig1wJPt0,https://drive.google.com/uc?export=download&id=1n-tIHjom6u6bQSPgDtmkNJHGig1wJPt0
/wp-content/uploads/2024/09/CC-AOS11-2024.pdf,CC-AOS11-2024.pdf,pdf,unknown,1h8ATBZkYIvq95NUYpqjBNw3ls6exQACh,https://drive.google.com/uc?export=download&id=1h8ATBZkYIvq95NUYpqjBNw3ls6exQACh
/wp-content/uploads/2024/09/التوزيع-الجغرافي-وعناوين-مراكز-الاقتراع-الخاصة-بالانتخابات-الرئاسية-بالخارج.pdf,التوزيع-الجغرافي-وعناوين-مراكز-الاقتراع-الخاصة-بالانتخابات-الرئاسية-بالخارج.pdf,pdf,unknown,1Xy9GtGuGTOZUqv75FNGAbGp8urRSpVVb,https://drive.google.com/uc?export=download&id=1Xy9GtGuGTOZUqv75FNGAbGp8urRSpVVb
/wp-content/uploads/2024/09/بلاغ-حول-إجراءات-تمويل-الحملة-الانتخابيّة-للانتخابات-الرئاسية-2024.pdf,بلاغ-حول-إجراءات-تمويل-الحملة-الانتخابيّة-للانتخابات-الرئاسية-2024.pdf,pdf,unknown,1FVPv93Q7_3ufN3NOaWGHQtnGGRu8ag31,https://drive.google.com/uc?export=download&id=1FVPv93Q7_3ufN3NOaWGHQtnGGRu8ag31
/wp-content/uploads/2024/09/بلاغ-حول-ضبط-قائمة-الأسعار-المرجعية-الدنيا-للأنشطة-ذات-العلاقة-بحملة-الانتخابات-الرئاسية-2024.pdf,بلاغ-حول-ضبط-قائمة-الأسعار-المرجعية-الدنيا-للأنشطة-ذات-العلاقة-بحملة-الانتخابات-الرئاسية-2024.pdf,pdf,unknown,10bNzAOm0UNMpKEsA1hAOY-zDwLYoFImZ,https://drive.google.com/uc?export=download&id=10bNzAOm0UNMpKEsA1hAOY-zDwLYoFImZ
/wp-content/uploads/2024/09/قرار-الهيئة-عدد-545-سنة-2024.pdf,قرار-الهيئة-عدد-545-سنة-2024.pdf,pdf,unknown,1NvZFvozglyu3LYVaKahgXmTgRs7uLiIC,https://drive.google.com/uc?export=download&id=1NvZFvozglyu3LYVaKahgXmTgRs7uLiIC
/wp-content/uploads/2024/09/قرار-الهيئة-عدد-546-لسنة-2024.pdf,قرار-الهيئة-عدد-546-لسنة-2024.pdf,pdf,unknown,1ZUollrHtvR37MkVsEIASxfFlQXDqIL22,https://drive.google.com/uc?export=download&id=1ZUollrHtvR37MkVsEIASxfFlQXDqIL22
/wp-content/uploads/2024/09/قرار-الهيئة-عدد-547-لسنة-2024.pdf,قرار-الهيئة-عدد-547-لسنة-2024.pdf,pdf,unknown,178rtzLL48tmSzVCdWxEgRuzQy6eXaTcG,https://drive.google.com/uc?export=download&id=178rtzLL48tmSzVCdWxEgRuzQy6eXaTcG
/wp-content/uploads/2024/09/محضر-جلسة-21-أوت-2024.pdf,محضر-جلسة-21-أوت-2024.pdf,pdf,unknown,1tQy8pMHFTb5F9Xsw8lSVSMV7PJ9qBF_z,https://drive.google.com/uc?export=download&id=1tQy8pMHFTb5F9Xsw8lSVSMV7PJ9qBF_z
/wp-content/uploads/2024/10/قرار-عدد-548-لسنة-2024.pdf,قرار-عدد-548-لسنة-2024.pdf,pdf,unknown,1hCSph7qA3aajGkccRATPHopYTMk8r-gT,https://drive.google.com/uc?export=download&id=1hCSph7qA3aajGkccRATPHopYTMk8r-gT
/wp-content/uploads/2024/10/قرار-عدد-551-لسنة-2024.pdf,قرار-عدد-551-لسنة-2024.pdf,pdf,unknown,1xazCXUmvNu5pLw8vthpERtAaX2OKfO0g,https://drive.google.com/uc?export=download&id=1xazCXUmvNu5pLw8vthpERtAaX2OKfO0g
/wp-content/uploads/2024/ResultatsFinaux2emeTour/03_بن عروس/BA02_المحمدية/المحمدية.PDF,المحمدية.PDF,pdf,unknown,1a0eAcuuN1QWcWrhY30AmcIVUXw4pUND5,https://drive.google.com/uc?export=download&id=1a0eAcuuN1QWcWrhY30AmcIVUXw4pUND5
/wp-content/uploads/2024/ResultatsFinaux2emeTour/03_بن عروس/BA10_فوشانة/فوشانة.PDF,فوشانة.PDF,pdf,unknown,1QryzfAWV4YRCxkzlG7n0cf0Qno9fOupr,https://drive.google.com/uc?export=download&id=1QryzfAWV4YRCxkzlG7n0cf0Qno9fOupr
/wp-content/uploads/2024/ResultatsFinaux2emeTour/03_بن عروس/BA11_مرناق/مرناق.PDF,مرناق.PDF,pdf,unknown,1NImOL27VVXnhIwbi1LjjXX69RZlrzA6t,https://drive.google.com/uc?export=download&id=1NImOL27VVXnhIwbi1LjjXX69RZlrzA6t
/wp-content/uploads/2024/ResultatsFinaux2emeTour/04_أريانة/AN04_رواد/رواد.PDF,رواد.PDF,pdf,unknown,19Wu1XxYeiqF2kE18-baBbGnOE-iH4_25,https://drive.google.com/uc?export=download&id=19Wu1XxYeiqF2kE18-baBbGnOE-iH4_25
/wp-content/uploads/2024/ResultatsFinaux2emeTour/04_أريانة/AN05_سكرة/سكرة.PDF,سكرة.PDF,pdf,unknown,14ZR3SDlm55sJtePiHxjZq61azVE0IIMy,https://drive.google.com/uc?export=download&id=14ZR3SDlm55sJtePiHxjZq61azVE0IIMy
/wp-content/uploads/2024/ResultatsFinaux2emeTour/05_منوبة/MN02_الجديدة/الجديدة.PDF,الجديدة.PDF,pdf,unknown,10B0OSIos8q0ziHm2pRcGxkb0uvOiunbg,https://drive.google.com/uc?export=download&id=10B0OSIos8q0ziHm2pRcGxkb0uvOiunbg
/wp-content/uploads/2024/ResultatsFinaux2emeTour/05_منوبة/MN04_برج العامري/برج العامري.PDF,برج العامري.PDF,pdf,unknown,13RBhcIZSMKAcUHcrEnHrshBc3Kejnu8f,https://drive.google.com/uc?export=download&id=13RBhcIZSMKAcUHcrEnHrshBc3Kejnu8f
/wp-content/uploads/2024/ResultatsFinaux2emeTour/05_منوبة/MN05_دوار هيشر/دوار هيشر.PDF,دوار هيشر.PDF,pdf,unknown,1DmLm1m8DyFL0Q20NriPbc_GwK7D48H8n,https://drive.google.com/uc?export=download&id=1DmLm1m8DyFL0Q20NriPbc_GwK7D48H8n
/wp-content/uploads/2024/ResultatsFinaux2emeTour/05_منوبة/MN06_طبربة/طبربة.PDF,طبربة.PDF,pdf,unknown,1MO2GMMFLuRKSoStk6Tf7hMnMjSola8mr,https://drive.google.com/uc?export=download&id=1MO2GMMFLuRKSoStk6Tf7hMnMjSola8mr
/wp-content/uploads/2024/ResultatsFinaux2emeTour/05_منوبة/MN07_منوبة/منوبة.PDF,منوبة.PDF,pdf,unknown,106dlP2NeGhKZafKJ2iuQAwFVA8jwSWp9,https://drive.google.com/uc?export=download&id=106dlP2NeGhKZafKJ2iuQAwFVA8jwSWp9
/wp-content/uploads/2024/ResultatsFinaux2emeTour/05_منوبة/MN08_وادي الليل/وادي الليل.PDF,وادي الليل.PDF,pdf,unknown,1hXX3Bwu8kWk7IRgJApzybXEIeFpZoB8p,https://drive.google.com/uc?export=download&id=1hXX3Bwu8kWk7IRgJApzybXEIeFpZoB8p
/wp-content/uploads/2024/ResultatsFinaux2emeTour/06_جندوبة/JE07_غار الدماء/غار الدماء.PDF,غار الدماء.PDF,pdf,unknown,1zf7SYXO97lfesdbfdFz0HCs37SlJfsN6,https://drive.google.com/uc?export=download&id=1zf7SYXO97lfesdbfdFz0HCs37SlJfsN6
/wp-content/uploads/2024/ResultatsFinaux2emeTour/08_سليانة/SL01_الروحية/الروحية.PDF,الروحية.PDF,pdf,unknown,1Ajpjavrg5Zw5KoaXVch5ruOzw9tAUKx0,https://drive.google.com/uc?export=download&id=1Ajpjavrg5Zw5KoaXVch5ruOzw9tAUKx0
/wp-content/uploads/2024/ResultatsFinaux2emeTour/08_سليانة/SL02_العروسة/العروسة.PDF,العروسة.PDF,pdf,unknown,1ltMoJZ7Z7D3YPwxDC35szflKP7UfqAb6,https://drive.google.com/uc?export=download&id=1ltMoJZ7Z7D3YPwxDC35szflKP7UfqAb6
/wp-content/uploads/2024/ResultatsFinaux2emeTour/08_سليانة/SL03_الكريب/الكريب.PDF,الكريب.PDF,pdf,unknown,1oOX6OZf2LOGsUX4xUP_plTOSEuZE0Sgp,https://drive.google.com/uc?export=download&id=1oOX6OZf2LOGsUX4xUP_plTOSEuZE0Sgp
/wp-content/uploads/2024/ResultatsFinaux2emeTour/08_سليانة/SL05_بورويس/بورويس.PDF,بورويس.PDF,pdf,unknown,1RkI0hHJO1GumHi1T5jGPdRRjBlLtOHXK,https://drive.google.com/uc?export=download&id=1RkI0hHJO1GumHi1T5jGPdRRjBlLtOHXK
/wp-content/uploads/2024/ResultatsFinaux2emeTour/08_سليانة/SL06_بوعرادة/بوعرادة.PDF,بوعرادة.PDF,pdf,unknown,1p8GfEmUn9_T1bse7Zw55RI3uD9UE9x6s,https://drive.google.com/uc?export=download&id=1p8GfEmUn9_T1bse7Zw55RI3uD9UE9x6s
/wp-content/uploads/2024/ResultatsFinaux2emeTour/08_سليانة/SL07_سليانة الجنوبية/سليانة الجنوبية.PDF,سليانة الجنوبية.PDF,pdf,unknown,1Stv4_DgwRNc3ML8TgD8EUdQfAj4jWl5E,https://drive.google.com/uc?export=download&id=1Stv4_DgwRNc3ML8TgD8EUdQfAj4jWl5E
/wp-content/uploads/2024/ResultatsFinaux2emeTour/08_سليانة/SL08_سليانة الشمالية/سليانة الشمالية.PDF,سليانة الشمالية.PDF,pdf,unknown,1kn-aTCdPye8Tj9piva5AZ1HtVoWMY-qv,https://drive.google.com/uc?export=download&id=1kn-aTCdPye8Tj9piva5AZ1HtVoWMY-qv
/wp-content/uploads/2024/ResultatsFinaux2emeTour/08_سليانة/SL10_كسرى/كسرى.PDF,كسرى.PDF,pdf,unknown,1x6KbA51vFdxoHXgSFxN0HHtKJvNr2lYp,https://drive.google.com/uc?export=download&id=1x6KbA51vFdxoHXgSFxN0HHtKJvNr2lYp
/wp-content/uploads/2024/ResultatsFinaux2emeTour/08_سليانة/SL11_مكثر/مكثر.PDF,مكثر.PDF,pdf,unknown,1Sh-YKKgnjdO2EaJGRZpA9QLLA9VQe_bS,https://drive.google.com/uc?export=download&id=1Sh-YKKgnjdO2EaJGRZpA9QLLA9VQe_bS
/wp-content/uploads/2024/ResultatsFinaux2emeTour/10_باجة/BJ02_باجة الشمالية/باجة الشمالية.PDF,باجة الشمالية.PDF,pdf,unknown,1o3x0xh40cXKtTkwFG6nEcEv8a7jodn8J,https://drive.google.com/uc?export=download&id=1o3x0xh40cXKtTkwFG6nEcEv8a7jodn8J
/wp-content/uploads/2024/ResultatsFinaux2emeTour/10_باجة/BJ04_تستور/تستور.PDF,تستور.PDF,pdf,unknown,1OllkEcR2B0YuIwIAWBj1HNiaoP-i0OTf,https://drive.google.com/uc?export=download&id=1OllkEcR2B0YuIwIAWBj1HNiaoP-i0OTf
/wp-content/uploads/2024/ResultatsFinaux2emeTour/10_باجة/BJ06_عمدون/عمدون.PDF,عمدون.PDF,pdf,unknown,1Pnr9vhVgYP5SEe95p1lqHq3nkrsdTPXM,https://drive.google.com/uc?export=download&id=1Pnr9vhVgYP5SEe95p1lqHq3nkrsdTPXM
/wp-content/uploads/2024/ResultatsFinaux2emeTour/10_باجة/BJ09_نفزة/نفزة.PDF,نفزة.PDF,pdf,unknown,120xceU3Hsw69Apv4g1OmZ3gGtkFp2DEr,https://drive.google.com/uc?export=download&id=120xceU3Hsw69Apv4g1OmZ3gGtkFp2DEr
/wp-content/uploads/2024/ResultatsFinaux2emeTour/11_نابل 1/NB03_الهوارية/الهوارية.PDF,الهوارية.PDF,pdf,unknown,1UKCvLNAT8sqa9uIiJ80PosLWDyy2a4vn,https://drive.google.com/uc?export=download&id=1UKCvLNAT8sqa9uIiJ80PosLWDyy2a4vn
/wp-content/uploads/2024/ResultatsFinaux2emeTour/14_القيروان/KR01_السبيخة/السبيخة.PDF,السبيخة.PDF,pdf,unknown,1_Z5Ngds7nKYUb19xSbivoK0gWPjQ4nMH,https://drive.google.com/uc?export=download&id=1_Z5Ngds7nKYUb19xSbivoK0gWPjQ4nMH
/wp-content/uploads/2024/ResultatsFinaux2emeTour/15_القصرين/KS02_العيون/العيون.PDF,العيون.PDF,pdf,unknown,1KmlZd-oq_MnV7dsxAEnGNquGeFpbv4ge,https://drive.google.com/uc?export=download&id=1KmlZd-oq_MnV7dsxAEnGNquGeFpbv4ge
/wp-content/uploads/2024/ResultatsFinaux2emeTour/15_القصرين/KS03_القصرين الجنوبية/القصرين الجنوبية.PDF,القصرين الجنوبية.PDF,pdf,unknown,13QUiGNz5pCwkYJnShEdyU3eGF-6ljB8J,https://drive.google.com/uc?export=download&id=13QUiGNz5pCwkYJnShEdyU3eGF-6ljB8J
/wp-content/uploads/2024/ResultatsFinaux2emeTour/15_القصرين/KS04_القصرين الشمالية/القصرين الشمالية.PDF,القصرين الشمالية.PDF,pdf,unknown,1sybKFltc9-I10LAm7-JEzGguNaEL_XmF,https://drive.google.com/uc?export=download&id=1sybKFltc9-I10LAm7-JEzGguNaEL_XmF
/wp-content/uploads/2024/ResultatsFinaux2emeTour/15_القصرين/KS05_تالة/تالة.PDF,تالة.PDF,pdf,unknown,1qD8eQWDGkXDuK6e2eFB6SNeDdqIbsaW6,https://drive.google.com/uc?export=download&id=1qD8eQWDGkXDuK6e2eFB6SNeDdqIbsaW6
/wp-content/uploads/2024/ResultatsFinaux2emeTour/15_القصرين/KS09_سبيبة/سبيبة.PDF,سبيبة.PDF,pdf,unknown,1KbJBlpNhc69c-nZmwSU3Ue2UfYMdf41y,https://drive.google.com/uc?export=download&id=1KbJBlpNhc69c-nZmwSU3Ue2UfYMdf41y
/wp-content/uploads/2024/ResultatsFinaux2emeTour/15_القصرين/KS10_سبيطلة/سبيطلة.PDF,سبيطلة.PDF,pdf,unknown,1i_IYYjFkRVe2WOR-qyWfaauHGP5KILED,https://drive.google.com/uc?export=download&id=1i_IYYjFkRVe2WOR-qyWfaauHGP5KILED
/wp-content/uploads/2024/ResultatsFinaux2emeTour/15_القصرين/KS11_فريانة/فريانة.PDF,فريانة.PDF,pdf,unknown,1mMTLIaDbTt4UIGMoxBoDxbQezJz35hHn,https://drive.google.com/uc?export=download&id=1mMTLIaDbTt4UIGMoxBoDxbQezJz35hHn
/wp-content/uploads/2024/ResultatsFinaux2emeTour/15_القصرين/KS12_فوسانة/فوسانة.PDF,فوسانة.PDF,pdf,unknown,1FyXTQMXwuMm_7by0N_t2IRmbhQ_plnFq,https://drive.google.com/uc?export=download&id=1FyXTQMXwuMm_7by0N_t2IRmbhQ_plnFq
/wp-content/uploads/2024/ResultatsFinaux2emeTour/17_قفصة/GF01_الرديف/الرديف.PDF,الرديف.PDF,pdf,unknown,1cMPFdCf8S312FkxtBRRrJC4rVV1ebvyR,https://drive.google.com/uc?export=download&id=1cMPFdCf8S312FkxtBRRrJC4rVV1ebvyR
/wp-content/uploads/2024/ResultatsFinaux2emeTour/17_قفصة/GF02_السند/السند.PDF,السند.PDF,pdf,unknown,1vbazsU-sYF6H3IfY0YpUesc5YwarUAB3,https://drive.google.com/uc?export=download&id=1vbazsU-sYF6H3IfY0YpUesc5YwarUAB3
/wp-content/uploads/2024/ResultatsFinaux2emeTour/17_قفصة/GF04_القطار/القطار.PDF,القطار.PDF,pdf,unknown,14pfH8c19rtKLN3qATRssh5dXk7aC6_uK,https://drive.google.com/uc?export=download&id=14pfH8c19rtKLN3qATRssh5dXk7aC6_uK
/wp-content/uploads/2024/ResultatsFinaux2emeTour/17_قفصة/GF05_المتلوي/المتلوي.PDF,المتلوي.PDF,pdf,unknown,1LByH1mUOVx92Be_G88volfA7DOzxjJCf,https://drive.google.com/uc?export=download&id=1LByH1mUOVx92Be_G88volfA7DOzxjJCf
/wp-content/uploads/2024/ResultatsFinaux2emeTour/17_قفصة/GF06_المظيلة/المظيلة.PDF,المظيلة.PDF,pdf,unknown,1KVmM9jiDSN0Ttciz_DhxxIo5MvbcYh8W,https://drive.google.com/uc?export=download&id=1KVmM9jiDSN0Ttciz_DhxxIo5MvbcYh8W
/wp-content/uploads/2024/ResultatsFinaux2emeTour/17_قفصة/GF07_ام العرائس/ام العرائس.PDF,ام العرائس.PDF,pdf,unknown,19DJAOM3sK1kLjGu3cPLQQ08fpF-p8wxt,https://drive.google.com/uc?export=download&id=19DJAOM3sK1kLjGu3cPLQQ08fpF-p8wxt
/wp-content/uploads/2024/ResultatsFinaux2emeTour/17_قفصة/GF08_بلخير/بلخير.PDF,بلخير.PDF,pdf,unknown,1KNAk6jlJzNDXqo4EgDqmmnFFwY8XX_fC,https://drive.google.com/uc?export=download&id=1KNAk6jlJzNDXqo4EgDqmmnFFwY8XX_fC
/wp-content/uploads/2024/ResultatsFinaux2emeTour/17_قفصة/GF09_سيدي عيش/سيدي عيش.PDF,سيدي عيش.PDF,pdf,unknown,1m-DQ0TtIhXkslHDQfRvFpPjlaNEPvaDH,https://drive.google.com/uc?export=download&id=1m-DQ0TtIhXkslHDQfRvFpPjlaNEPvaDH
/wp-content/uploads/2024/ResultatsFinaux2emeTour/17_قفصة/GF10_قفصة الجنوبية/قفصة الجنوبية.PDF,قفصة الجنوبية.PDF,pdf,unknown,1qhUNKSZo9oBoGyaRi2xNhdU_Qx0j-Omk,https://drive.google.com/uc?export=download&id=1qhUNKSZo9oBoGyaRi2xNhdU_Qx0j-Omk
/wp-content/uploads/2024/ResultatsFinaux2emeTour/17_قفصة/GF12_زانوش/زانوش.PDF,زانوش.PDF,pdf,unknown,1frBNgYdI0pbSz4qh8c3EM5FMKgB8xtU5,https://drive.google.com/uc?export=download&id=1frBNgYdI0pbSz4qh8c3EM5FMKgB8xtU5
/wp-content/uploads/2024/ResultatsFinaux2emeTour/20_سوسة/SS03_القلعة الصغرى/القلعة الصغرى.PDF,القلعة الصغرى.PDF,pdf,unknown,19zI1V6pTWq8nhpeZjrRi11pwm65G6ft2,https://drive.google.com/uc?export=download&id=19zI1V6pTWq8nhpeZjrRi11pwm65G6ft2
/wp-content/uploads/2024/ResultatsFinaux2emeTour/20_سوسة/SS04_القلعة الكبرى/القلعة الكبرى.PDF,القلعة الكبرى.PDF,pdf,unknown,1IiJi12l9pCszWK9NTQ_WtPb502FXu3zf,https://drive.google.com/uc?export=download&id=1IiJi12l9pCszWK9NTQ_WtPb502FXu3zf
/wp-content/uploads/2024/ResultatsFinaux2emeTour/20_سوسة/SS05_النفيضة/النفيضة.PDF,النفيضة.PDF,pdf,unknown,1fkeoJYb80mRJBkuLhIwz3PvNjQvJo35e,https://drive.google.com/uc?export=download&id=1fkeoJYb80mRJBkuLhIwz3PvNjQvJo35e
/wp-content/uploads/2024/ResultatsFinaux2emeTour/20_سوسة/SS06_بوفيشة/بوفيشة.PDF,بوفيشة.PDF,pdf,unknown,1TDEQ91ny3VxlyUj43FqEUNhBkvJZFnrW,https://drive.google.com/uc?export=download&id=1TDEQ91ny3VxlyUj43FqEUNhBkvJZFnrW
/wp-content/uploads/2024/ResultatsFinaux2emeTour/20_سوسة/SS08_سوسة الرياض/سوسة الرياض.PDF,سوسة الرياض.PDF,pdf,unknown,1-GxaNb6zjqleTcSdD3HVgWCcR-lhZmdi,https://drive.google.com/uc?export=download&id=1-GxaNb6zjqleTcSdD3HVgWCcR-lhZmdi
/wp-content/uploads/2024/ResultatsFinaux2emeTour/20_سوسة/SS09_سوسة المدينة/سوسة المدينة.PDF,سوسة المدينة.PDF,pdf,unknown,1yMRJ-z3ANpeAs5sgyaNm6FhEgAXNXGUV,https://drive.google.com/uc?export=download&id=1yMRJ-z3ANpeAs5sgyaNm6FhEgAXNXGUV
/wp-content/uploads/2024/ResultatsFinaux2emeTour/20_سوسة/SS10_سوسة جوهرة/سوسة جوهرة.PDF,سوسة جوهرة.PDF,pdf,unknown,1xza49lGN9OdH_Upq3vZu9i-L7CGyobpi,https://drive.google.com/uc?export=download&id=1xza49lGN9OdH_Upq3vZu9i-L7CGyobpi
/wp-content/uploads/2024/ResultatsFinaux2emeTour/20_سوسة/SS13_سيدي بوعلي/سيدي بوعلي.PDF,سيدي بوعلي.PDF,pdf,unknown,1Y-K2yN9k0BRiF0K6263dO-BC5h9E7gM9,https://drive.google.com/uc?export=download&id=1Y-K2yN9k0BRiF0K6263dO-BC5h9E7gM9
/wp-content/uploads/2024/ResultatsFinaux2emeTour/20_سوسة/SS15_مساكن/مساكن.PDF,مساكن.PDF,pdf,unknown,1xQw99aHe5WigqtUluOGlHe_cOh1kSuSk,https://drive.google.com/uc?export=download&id=1xQw99aHe5WigqtUluOGlHe_cOh1kSuSk
/wp-content/uploads/2024/ResultatsFinaux2emeTour/21_المهدية/MH01_الجم/الجم.PDF,الجم.PDF,pdf,unknown,10JsIB2EuPZsAM_gkP44N3-WItqRcl9BE,https://drive.google.com/uc?export=download&id=10JsIB2EuPZsAM_gkP44N3-WItqRcl9BE
/wp-content/uploads/2024/ResultatsFinaux2emeTour/21_المهدية/MH02_السواسي/السواسي.PDF,السواسي.PDF,pdf,unknown,1jXJhFc7sPHLvBe-pUPOPXzse9j0Wp0qs,https://drive.google.com/uc?export=download&id=1jXJhFc7sPHLvBe-pUPOPXzse9j0Wp0qs
/wp-content/uploads/2024/ResultatsFinaux2emeTour/21_المهدية/MH04_المهدية/المهدية.PDF,المهدية.PDF,pdf,unknown,1LiU-BTNvPCQF9X1Nv3gp6apNpYGhMWFb,https://drive.google.com/uc?export=download&id=1LiU-BTNvPCQF9X1Nv3gp6apNpYGhMWFb
/wp-content/uploads/2024/ResultatsFinaux2emeTour/21_المهدية/MH05_أولاد الشامخ/أولاد الشامخ.PDF,أولاد الشامخ.PDF,pdf,unknown,17A4jWvJ-qt6wDY6s8QHXGst-JAViDc7h,https://drive.google.com/uc?export=download&id=17A4jWvJ-qt6wDY6s8QHXGst-JAViDc7h
/wp-content/uploads/2024/ResultatsFinaux2emeTour/21_المهدية/MH07_سيدي علوان/سيدي علوان.PDF,سيدي علوان.PDF,pdf,unknown,1sjPULv60fGY4AakDWJ6sKHrGhYp-EtPw,https://drive.google.com/uc?export=download&id=1sjPULv60fGY4AakDWJ6sKHrGhYp-EtPw
/wp-content/uploads/2024/ResultatsFinaux2emeTour/21_المهدية/MH08_شربان/شربان.PDF,شربان.PDF,pdf,unknown,1-q1eDVAqCuE86zde9zrzifR19yxcO0S_,https://drive.google.com/uc?export=download&id=1-q1eDVAqCuE86zde9zrzifR19yxcO0S_
/wp-content/uploads/2024/ResultatsFinaux2emeTour/21_المهدية/MH09_قصور الساف/قصور الساف.PDF,قصور الساف.PDF,pdf,unknown,1mbxme2GlapmZENt180UcIJ_B6YdNd0_p,https://drive.google.com/uc?export=download&id=1mbxme2GlapmZENt180UcIJ_B6YdNd0_p
/wp-content/uploads/2024/ResultatsFinaux2emeTour/22_المنستير/MS01_البقالطة/البقالطة.PDF,البقالطة.PDF,pdf,unknown,19O1JvO53zkvTTp1bQlhjfb25iFwIJlCH,https://drive.google.com/uc?export=download&id=19O1JvO53zkvTTp1bQlhjfb25iFwIJlCH
/wp-content/uploads/2024/ResultatsFinaux2emeTour/22_المنستير/MS02_الساحلين/الساحلين.PDF,الساحلين.PDF,pdf,unknown,1I96WOg9D4jjp5xlOjk0tmrCnRcSe5aHc,https://drive.google.com/uc?export=download&id=1I96WOg9D4jjp5xlOjk0tmrCnRcSe5aHc
/wp-content/uploads/2024/ResultatsFinaux2emeTour/22_المنستير/MS03_المكنين/المكنين.PDF,المكنين.PDF,pdf,unknown,1QLa14S1evEw0q-xBNiXGWBi8nCuZV6Zl,https://drive.google.com/uc?export=download&id=1QLa14S1evEw0q-xBNiXGWBi8nCuZV6Zl
/wp-content/uploads/2024/ResultatsFinaux2emeTour/22_المنستير/MS04_المنستير/المنستير.PDF,المنستير.PDF,pdf,unknown,1FR5hxmeDbeoLU1WCI4je7YpBHjAbU4eb,https://drive.google.com/uc?export=download&id=1FR5hxmeDbeoLU1WCI4je7YpBHjAbU4eb
/wp-content/uploads/2024/ResultatsFinaux2emeTour/22_المنستير/MS05_الوردانين/الوردانين.PDF,الوردانين.PDF,pdf,unknown,1jKgt0UpPJ70_bnbzI4NBIMUYm25icUkz,https://drive.google.com/uc?export=download&id=1jKgt0UpPJ70_bnbzI4NBIMUYm25icUkz
/wp-content/uploads/2024/ResultatsFinaux2emeTour/22_المنستير/MS06_بنبلة/بنبلة.PDF,بنبلة.PDF,pdf,unknown,1SROf09RsUHyDOrrgTl1tYeVaVWOTmDM8,https://drive.google.com/uc?export=download&id=1SROf09RsUHyDOrrgTl1tYeVaVWOTmDM8
/wp-content/uploads/2024/ResultatsFinaux2emeTour/22_المنستير/MS08_جمال/جمال.PDF,جمال.PDF,pdf,unknown,1NTCznIw9GkjgFWl8cZ0AiDUs3EBId57-,https://drive.google.com/uc?export=download&id=1NTCznIw9GkjgFWl8cZ0AiDUs3EBId57-
/wp-content/uploads/2024/ResultatsFinaux2emeTour/22_المنستير/MS10_صيادة - لمطة - بوحجر/صيادة - لمطة - بوحجر.PDF,صيادة - لمطة - بوحجر.PDF,pdf,unknown,1w4StdrYRrb9GMqhGgEUnDArIPJeqJtBW,https://drive.google.com/uc?export=download&id=1w4StdrYRrb9GMqhGgEUnDArIPJeqJtBW
/wp-content/uploads/2024/ResultatsFinaux2emeTour/22_المنستير/MS11_طبلبة/طبلبة.PDF,طبلبة.PDF,pdf,unknown,1GE2573PlwzbqJylOCYsUAj8ZYEddzpQf,https://drive.google.com/uc?export=download&id=1GE2573PlwzbqJylOCYsUAj8ZYEddzpQf
/wp-content/uploads/2024/ResultatsFinaux2emeTour/22_المنستير/MS13_قصيبة المديوني/قصيبة المديوني.PDF,قصيبة المديوني.PDF,pdf,unknown,1xggdG3KNGQs5ydM-X57gguf4Oz7iRa0g,https://drive.google.com/uc?export=download&id=1xggdG3KNGQs5ydM-X57gguf4Oz7iRa0g
/wp-content/uploads/2024/ResultatsFinaux2emeTour/23_صفاقس 1/SF01_الحنشة/الحنشة.PDF,الحنشة.PDF,pdf,unknown,1-wl0p96agHDalLrdItLh1bFk8vR1Fz7A,https://drive.google.com/uc?export=download&id=1-wl0p96agHDalLrdItLh1bFk8vR1Fz7A
/wp-content/uploads/2024/ResultatsFinaux2emeTour/23_صفاقس 1/SF03_العامرة/العامرة.PDF,العامرة.PDF,pdf,unknown,1fgkoOh7Yl5itVidXRJyQbMQ4cKTAiAKV,https://drive.google.com/uc?export=download&id=1fgkoOh7Yl5itVidXRJyQbMQ4cKTAiAKV
/wp-content/uploads/2024/ResultatsFinaux2emeTour/23_صفاقس 1/SF06_بئر علي بن خليفة/بئر علي بن خليفة.PDF,بئر علي بن خليفة.PDF,pdf,unknown,1TyGGH5l6eO801irvOBbZ-0N87wSZJBv1,https://drive.google.com/uc?export=download&id=1TyGGH5l6eO801irvOBbZ-0N87wSZJBv1
/wp-content/uploads/2024/ResultatsFinaux2emeTour/23_صفاقس 1/SF07_جبنيانة/جبنيانة.PDF,جبنيانة.PDF,pdf,unknown,1hiZtkYlQCUf5E0C_V6HT95vaMtQ7vKsN,https://drive.google.com/uc?export=download&id=1hiZtkYlQCUf5E0C_V6HT95vaMtQ7vKsN
/wp-content/uploads/2024/ResultatsFinaux2emeTour/23_صفاقس 1/SF09_ساقية الزيت/ساقية الزيت.PDF,ساقية الزيت.PDF,pdf,unknown,12NEpV4HfpwakHYjzO4o7ekhSM4Hu75kc,https://drive.google.com/uc?export=download&id=12NEpV4HfpwakHYjzO4o7ekhSM4Hu75kc
/wp-content/uploads/2024/ResultatsFinaux2emeTour/23_صفاقس 1/SF15_قرقنة/قرقنة.PDF,قرقنة.PDF,pdf,unknown,1iJQzs1qJh5_nLPpjOorG1HjnIyytx_2F,https://drive.google.com/uc?export=download&id=1iJQzs1qJh5_nLPpjOorG1HjnIyytx_2F
/wp-content/uploads/2024/ResultatsFinaux2emeTour/23_صفاقس 1/SF16_منزل شاكر/منزل شاكر.PDF,منزل شاكر.PDF,pdf,unknown,18Gk3ha-0_Pm3mQp8myjVTWa6KVG3RMf2,https://drive.google.com/uc?export=download&id=18Gk3ha-0_Pm3mQp8myjVTWa6KVG3RMf2
/wp-content/uploads/2024/ResultatsFinaux2emeTour/24_صفاقس 2/SF02_الصخيرة/الصخيرة.PDF,الصخيرة.PDF,pdf,unknown,1uXM7ApT__Lyw1wcOhU3r2GZvcCrb5uQZ,https://drive.google.com/uc?export=download&id=1uXM7ApT__Lyw1wcOhU3r2GZvcCrb5uQZ
/wp-content/uploads/2024/ResultatsFinaux2emeTour/24_صفاقس 2/SF05_المحرس/المحرس.PDF,المحرس.PDF,pdf,unknown,1EDRFUxWut7cbeUfQj2dmwq2LuTUA5vsU,https://drive.google.com/uc?export=download&id=1EDRFUxWut7cbeUfQj2dmwq2LuTUA5vsU
/wp-content/uploads/2024/ResultatsFinaux2emeTour/24_صفاقس 2/SF10_صفاقس الجنوبية/صفاقس الجنوبية.PDF,صفاقس الجنوبية.PDF,pdf,unknown,1El7tZbEiDSlm1e1kGld_qAAxmS5uVLpA,https://drive.google.com/uc?export=download&id=1El7tZbEiDSlm1e1kGld_qAAxmS5uVLpA
/wp-content/uploads/2024/ResultatsFinaux2emeTour/24_صفاقس 2/SF11_صفاقس الغربية/صفاقس الغربية.PDF,صفاقس الغربية.PDF,pdf,unknown,1LByrnHZ3Mc_Pq4EhW_7IrRwmIQdqIYci,https://drive.google.com/uc?export=download&id=1LByrnHZ3Mc_Pq4EhW_7IrRwmIQdqIYci
/wp-content/uploads/2024/ResultatsFinaux2emeTour/24_صفاقس 2/SF12_صفاقس المدينة/صفاقس المدينة.PDF,صفاقس المدينة.PDF,pdf,unknown,195020RkMXDWGqfCrXYflCwq9-jv_hIWz,https://drive.google.com/uc?export=download&id=195020RkMXDWGqfCrXYflCwq9-jv_hIWz
/wp-content/uploads/2024/ResultatsFinaux2emeTour/24_صفاقس 2/SF13_طينة/طينة.PDF,طينة.PDF,pdf,unknown,1A-6-rIrevx1vhBufpkboug3BKbjFYE9C,https://drive.google.com/uc?export=download&id=1A-6-rIrevx1vhBufpkboug3BKbjFYE9C
/wp-content/uploads/2024/ResultatsFinaux2emeTour/24_صفاقس 2/SF14_عقارب/عقارب.PDF,عقارب.PDF,pdf,unknown,1aZObe4q7hzVr78bW63K0S6tl_FMiIRs7,https://drive.google.com/uc?export=download&id=1aZObe4q7hzVr78bW63K0S6tl_FMiIRs7
/wp-content/uploads/2024/ResultatsFinaux2emeTour/25_قابس/GB01_الحامة/الحامة.PDF,الحامة.PDF,pdf,unknown,1toe5EHpnjz2y2jjn_3k9fcRnpUJLnGee,https://drive.google.com/uc?export=download&id=1toe5EHpnjz2y2jjn_3k9fcRnpUJLnGee
/wp-content/uploads/2024/ResultatsFinaux2emeTour/25_قابس/GB02_المطوية/المطوية.PDF,المطوية.PDF,pdf,unknown,1hP2MVgQrMrts-50cRCC687BXSyzLGCVn,https://drive.google.com/uc?export=download&id=1hP2MVgQrMrts-50cRCC687BXSyzLGCVn
/wp-content/uploads/2024/ResultatsFinaux2emeTour/25_قابس/GB03_غنوش/غنوش.PDF,غنوش.PDF,pdf,unknown,1kCH60uMvng-qspIbjpzgJz9CQLsPHB5Q,https://drive.google.com/uc?export=download&id=1kCH60uMvng-qspIbjpzgJz9CQLsPHB5Q
/wp-content/uploads/2024/ResultatsFinaux2emeTour/25_قابس/GB04_قابس الجنوبية/قابس الجنوبية.PDF,قابس الجنوبية.PDF,pdf,unknown,1x0WxycxTEo2TOhraYA_GTHCWZk6fm0wi,https://drive.google.com/uc?export=download&id=1x0WxycxTEo2TOhraYA_GTHCWZk6fm0wi
/wp-content/uploads/2024/ResultatsFinaux2emeTour/25_قابس/GB05_قابس الغربية/قابس الغربية.PDF,قابس الغربية.PDF,pdf,unknown,1lOx-le2WR8TMc_fnExZJXacoQFQk4e3t,https://drive.google.com/uc?export=download&id=1lOx-le2WR8TMc_fnExZJXacoQFQk4e3t
/wp-content/uploads/2024/ResultatsFinaux2emeTour/25_قابس/GB06_قابس المدينة/قابس المدينة.PDF,قابس المدينة.PDF,pdf,unknown,1-WsiC-r4Oxc44jqdgi33szgYD3cUAhx4,https://drive.google.com/uc?export=download&id=1-WsiC-r4Oxc44jqdgi33szgYD3cUAhx4
/wp-content/uploads/2024/ResultatsFinaux2emeTour/25_قابس/GB07_مارث/مارث.PDF,مارث.PDF,pdf,unknown,1f-pMCYULBAdAZPyFxNg1l7yHdmXC8D-7,https://drive.google.com/uc?export=download&id=1f-pMCYULBAdAZPyFxNg1l7yHdmXC8D-7
/wp-content/uploads/2024/ResultatsFinaux2emeTour/25_قابس/GB08_مطماطة/مطماطة.PDF,مطماطة.PDF,pdf,unknown,1b19zz8fOQOLTsonEh-igLiaho0wK_w4g,https://drive.google.com/uc?export=download&id=1b19zz8fOQOLTsonEh-igLiaho0wK_w4g
/wp-content/uploads/2024/ResultatsFinaux2emeTour/25_قابس/GB10_منزل الحبيب/منزل الحبيب.PDF,منزل الحبيب.PDF,pdf,unknown,1YYZnFNJo_vO137fIvvUmLso8fxY5PNdh,https://drive.google.com/uc?export=download&id=1YYZnFNJo_vO137fIvvUmLso8fxY5PNdh
/wp-content/uploads/2024/ResultatsFinaux2emeTour/25_قابس/GB11_دخيلة توجان/دخيلة توجان.PDF,دخيلة توجان.PDF,pdf,unknown,1SxpnZuqmsgwe_LHxvDGNZPpOQTwAZ7Bi,https://drive.google.com/uc?export=download&id=1SxpnZuqmsgwe_LHxvDGNZPpOQTwAZ7Bi
/wp-content/uploads/2024/ResultatsFinaux2emeTour/25_قابس/GB12_الحامة الغربية/الحامة الغربية.PDF,الحامة الغربية.PDF,pdf,unknown,1OuzvRXIw0caaE_LaAck4gD23z5VVrpeE,https://drive.google.com/uc?export=download&id=1OuzvRXIw0caaE_LaAck4gD23z5VVrpeE
/wp-content/uploads/2024/ResultatsFinaux2emeTour/26_مدنين/ME01_بنقردان/بنقردان.PDF,بنقردان.PDF,pdf,unknown,13Ja7QaNzRfHNgahJeOeOlS-52A5BvNFV,https://drive.google.com/uc?export=download&id=13Ja7QaNzRfHNgahJeOeOlS-52A5BvNFV
/wp-content/uploads/2024/ResultatsFinaux2emeTour/26_مدنين/ME02_بني خداش/بني خداش.PDF,بني خداش.PDF,pdf,unknown,1Ijg_hhRBbPgp0H8BIwP1X6KsZ6ViVzUI,https://drive.google.com/uc?export=download&id=1Ijg_hhRBbPgp0H8BIwP1X6KsZ6ViVzUI
/wp-content/uploads/2024/ResultatsFinaux2emeTour/26_مدنين/ME05_جربة ميدون/جربة ميدون.PDF,جربة ميدون.PDF,pdf,unknown,1kxItVskWBiq-Gv_9IahJLpFgYK_U_-nB,https://drive.google.com/uc?export=download&id=1kxItVskWBiq-Gv_9IahJLpFgYK_U_-nB
/wp-content/uploads/2024/ResultatsFinaux2emeTour/26_مدنين/ME06_جرجيس/جرجيس.PDF,جرجيس.PDF,pdf,unknown,1DEjjolnF2l-4XRSVu_jTpFK5kxJvVh29,https://drive.google.com/uc?export=download&id=1DEjjolnF2l-4XRSVu_jTpFK5kxJvVh29
/wp-content/uploads/2024/ResultatsFinaux2emeTour/26_مدنين/ME07_سيدي مخلوف/سيدي مخلوف.PDF,سيدي مخلوف.PDF,pdf,unknown,1gg1pNVYiqVWRf_FTv_c-AWMTYavHzR_4,https://drive.google.com/uc?export=download&id=1gg1pNVYiqVWRf_FTv_c-AWMTYavHzR_4
/wp-content/uploads/2024/ResultatsFinaux2emeTour/26_مدنين/ME08_مدنين الجنوبية/مدنين الجنوبية.PDF,مدنين الجنوبية.PDF,pdf,unknown,1M4dOaMRGBFwYONto5kGiLujNIIwfb_u1,https://drive.google.com/uc?export=download&id=1M4dOaMRGBFwYONto5kGiLujNIIwfb_u1
/wp-content/uploads/2024/ResultatsFinaux2emeTour/27_تطاوين/TA04_تطاوين الشمالية/تطاوين الشمالية.PDF,تطاوين الشمالية.PDF,pdf,unknown,1CNVpzbz-nrVPIAQ2QRX5DA2-CiOr26NO,https://drive.google.com/uc?export=download&id=1CNVpzbz-nrVPIAQ2QRX5DA2-CiOr26NO
/wp-json/index.json,index.json,json,application/json,1yJmVNqIwzKbITiI1prZeFudj8X42SOke,https://drive.google.com/uc?export=download&id=1yJmVNqIwzKbITiI1prZeFudj8X42SOke
/wp-json/wp/v2/posts/17874.json,17874.json,json,application/json,1cL4xV7kthIooM7N2ba8t-UxPr6L_L6cx,https://drive.google.com/uc?export=download&id=1cL4xV7kthIooM7N2ba8t-UxPr6L_L6cx
