governorate,constituency,imada,total_voters,sibling_cliques_count,sibling_voters_count,sibling_voters_pct,parental_ties_count,max_sibling_set_size
أريانة,حي التضامن,9أفريل,4227,433,1016,24.04,456,6
أريانة,حي التضامن,ابن خلدون,680,27,56,8.24,19,3
أريانة,حي التضامن,ابو القاسم الشابي,1743,64,135,7.75,65,3
أريانة,حي التضامن,التضامن 4,4964,384,856,17.24,288,5
أريانة,حي التضامن,المنجي سليم,4578,265,588,12.84,196,5
أريانة,حي التضامن,حي التضامن,17225,1554,3530,20.49,1016,7
أريانة,حي التضامن,خير الدين باشا,981,51,111,11.31,39,4
أريانة,روّاد 1,جعفر,16129,1529,3690,22.88,1601,9
أريانة,روّاد 2,النخيلات,13867,919,2017,14.55,712,5
أريانة,روّاد 2,برج الطويل,8136,1081,2753,33.84,1213,9
أريانة,سكرة 1,البساتين,4103,385,909,22.15,415,5
أريانة,سكرة 1,دار فضال,13734,1641,3985,29.02,1658,6
أريانة,روّاد 1,رواد,11726,1054,2703,23.05,1229,10
أريانة,روّاد 1,سيدي عمر بوخطيوة,8716,885,2151,24.68,963,7
أريانة,روّاد 2,الغزالة,13624,887,1922,14.11,988,6
أريانة,روّاد 2,المدينة الفاضلة,6815,544,1241,18.21,728,8
أريانة,أريانة المدينة,أريانة الجديدة,5209,489,1170,22.46,539,8
أريانة,أريانة المدينة,أريانة العليا,16430,1218,2783,16.94,1400,7
أريانة,أريانة المدينة,أريانة المدينة,10593,918,2124,20.05,524,6
أريانة,أريانة المدينة,التعمير,7805,709,1627,20.85,651,7
أريانة,أريانة المدينة,الياسمينة,18421,1026,2315,12.57,921,6
أريانة,المنيهلة,15 أكتوبر,4567,325,744,16.29,330,6
أريانة,المنيهلة,البساتين,11410,792,1718,15.06,594,5
أريانة,المنيهلة,الرفاهة,12830,900,2069,16.13,968,7
أريانة,أريانة المدينة,المنزه الخامس,8318,453,986,11.85,567,6
أريانة,أريانة المدينة,المنزه السادس,10524,541,1137,10.8,507,4
أريانة,أريانة المدينة,النصر 1,9874,544,1155,11.7,541,6
أريانة,أريانة المدينة,النصر 2,21598,1051,2240,10.37,1305,6
أريانة,سكرة 2,برج الوزير,8805,437,911,10.35,173,4
أريانة,قلعة الأندلس - سيدي ثابت,الحسيان,537,32,69,12.85,28,3
أريانة,قلعة الأندلس - سيدي ثابت,المنجي سليم,2969,446,1185,39.91,374,7
أريانة,قلعة الأندلس - سيدي ثابت,النحلي,1380,226,660,47.83,353,11
القصرين,القصرين الجنوبية - حاسي الفريد,الدغرة,1563,129,340,21.75,150,6
القصرين,القصرين الجنوبية - حاسي الفريد,السلوم,1768,133,340,19.23,160,6
القصرين,القصرين الجنوبية - حاسي الفريد,العويجة,2675,285,751,28.07,302,7
القصرين,القصرين الجنوبية - حاسي الفريد,الكامور,5365,362,1011,18.84,374,13
أريانة,قلعة الأندلس - سيدي ثابت,بجاوة,2194,367,1003,45.72,428,9
أريانة,قلعة الأندلس - سيدي ثابت,بوحنش,1522,269,725,47.63,282,7
أريانة,قلعة الأندلس - سيدي ثابت,سبالة بن عمار,4346,636,1683,38.73,693,7
أريانة,قلعة الأندلس - سيدي ثابت,سيدي ثابت,7118,1135,3114,43.75,1268,13
القصرين,القصرين الشمالية - الزهور,الخضراء,3451,429,1088,31.53,475,10
القصرين,القصرين الشمالية - الزهور,الزهور الشرقي 1,864,79,180,20.83,57,4
القصرين,القصرين الشمالية - الزهور,الزهور الشرقي 2,2542,313,802,31.55,236,7
القصرين,القصرين الشمالية - الزهور,الزهور الغربي 1,1317,134,311,23.61,98,5
أريانة,المنيهلة,المنيهلة,11396,898,2070,18.16,769,8
أريانة,المنيهلة,النصر,20755,1578,3495,16.84,1211,7
أريانة,حي التضامن,18جانفي,21700,1733,3809,17.55,1184,6
أريانة,حي التضامن,2مارس,6660,685,1517,22.78,331,5
القصرين,القصرين الجنوبية - حاسي الفريد,الهشيم,1522,48,117,7.69,16,6
القصرين,القصرين الجنوبية - حاسي الفريد,بوزقام,7475,850,2324,31.09,764,9
القصرين,القصرين الجنوبية - حاسي الفريد,بولهيجات,1562,115,296,18.95,102,7
القصرين,القصرين الجنوبية - حاسي الفريد,حاسي الفريد,5163,604,1691,32.75,692,8
أريانة,قلعة الأندلس - سيدي ثابت,شرفش,2528,413,1058,41.85,360,6
أريانة,قلعة الأندلس - سيدي ثابت,قلعة الاندلس الشرقية,8050,1375,3529,43.84,1230,7
أريانة,قلعة الأندلس - سيدي ثابت,قلعة الاندلس الغربية,6896,1119,2772,40.2,1095,8
أريانة,قلعة الأندلس - سيدي ثابت,قنطرة بنزرت,2290,408,1250,54.59,650,9
القصرين,تالة - حيدرة - فوسانة,أولاد محفوظ,2370,329,875,36.92,307,8
القصرين,تالة - حيدرة - فوسانة,الأجرد,597,43,116,19.43,39,6
القصرين,تالة - حيدرة - فوسانة,البريكة,1235,140,407,32.96,156,7
القصرين,تالة - حيدرة - فوسانة,الجوي,1539,126,371,24.11,170,6
القصرين,تالة - حيدرة - فوسانة,الحازة,1063,86,234,22.01,54,7
القصرين,تالة - حيدرة - فوسانة,الحماد,1007,136,360,35.75,133,7
القصرين,تالة - حيدرة - فوسانة,الدشرة,1318,190,480,36.42,170,6
القصرين,تالة - حيدرة - فوسانة,الرطيبات,1973,45,126,6.39,42,9
القصرين,تالة - حيدرة - فوسانة,الشافعي,609,100,265,43.51,94,7
القصرين,تالة - حيدرة - فوسانة,الصري,272,43,99,36.4,50,4
القصرين,تالة - حيدرة - فوسانة,الطباقة,1206,138,351,29.1,90,7
القصرين,تالة - حيدرة - فوسانة,العذيرة,1819,284,795,43.71,352,9
القصرين,تالة - حيدرة - فوسانة,المزيرعة,2184,299,836,38.28,310,12
القصرين,تالة - حيدرة - فوسانة,المكيمن,525,56,135,25.71,51,5
القصرين,تالة - حيدرة - فوسانة,برماجنة,483,86,205,42.44,74,5
القصرين,تالة - حيدرة - فوسانة,بو الاحناش,743,125,330,44.41,150,7
أريانة,سكرة 1,سكرة,19977,1626,3933,19.69,1609,9
أريانة,سكرة 1,شطرانة,8093,1156,3105,38.37,1389,12
أريانة,سكرة 2,التعمير الخامس,14675,1361,3176,21.64,1518,7
أريانة,سكرة 2,النسيم,19228,1225,2710,14.09,1212,5
القصرين,القصرين الشمالية - الزهور,الزهور الغربي 2,2800,270,682,24.36,282,7
القصرين,القصرين الشمالية - الزهور,الزهور الغربي 3,10469,1187,2987,28.53,848,12
القصرين,القصرين الشمالية - الزهور,الزهور الغربي 4,2254,245,683,30.3,285,10
القصرين,القصرين الشمالية - الزهور,العريش,2069,304,834,40.31,377,14
القصرين,القصرين الجنوبية - حاسي الفريد,خنقة الجازية,1692,111,294,17.38,110,6
القصرين,القصرين الجنوبية - حاسي الفريد,سيدي حراث,1083,93,290,26.78,130,8
القصرين,القصرين الجنوبية - حاسي الفريد,مقدودش,2601,316,853,32.8,326,8
القصرين,القصرين الشمالية - الزهور,البساتين,17398,1599,3937,22.63,1358,9
القصرين,تالة - حيدرة - فوسانة,خمودة الجنوبية,2146,101,242,11.28,62,6
القصرين,تالة - حيدرة - فوسانة,خمودة الشمالية,3856,291,765,19.84,254,7
القصرين,تالة - حيدرة - فوسانة,زلفان,2157,254,668,30.97,239,7
القصرين,تالة - حيدرة - فوسانة,سيدي محمد,668,86,214,32.04,105,6
القصرين,تالة - حيدرة - فوسانة,فوسانة الأحواز,2547,331,1016,39.89,428,10
القصرين,تالة - حيدرة - فوسانة,وادي الرشح,645,51,127,19.69,27,5
القصرين,تالة - حيدرة - فوسانة,ولجة الظل,764,95,222,29.06,85,4
القصرين,سبيبة - جدليان - العيون,إبراهيم الزهار,4168,654,1779,42.68,761,13
القصرين,تالة - حيدرة - فوسانة,عين الجديدة,2782,518,1461,52.52,612,15
القصرين,تالة - حيدرة - فوسانة,عين الجنان,1196,117,375,31.35,200,9
القصرين,تالة - حيدرة - فوسانة,عين الدفلة,767,69,190,24.77,85,7
القصرين,تالة - حيدرة - فوسانة,فوسانة,10968,1637,4597,41.91,1840,11
القصرين,سبيبة - جدليان - العيون,عين السلسلة,1048,184,512,48.85,206,8
القصرين,سبيبة - جدليان - العيون,عين زيان,3347,655,1964,58.68,928,11
القصرين,سبيبة - جدليان - العيون,فج تربح,1682,280,736,43.76,342,8
القصرين,سبيبة - جدليان - العيون,محرزة,690,93,230,33.33,90,6
القصرين,تالة - حيدرة - فوسانة,بودرياس,2259,386,1121,49.62,489,11
القصرين,تالة - حيدرة - فوسانة,تالة الشرقية,5274,601,1422,26.96,374,8
القصرين,تالة - حيدرة - فوسانة,تالة الغربية,7437,846,1983,26.66,643,7
القصرين,تالة - حيدرة - فوسانة,حيدرة,3342,512,1265,37.85,449,8
القصرين,سبيبة - جدليان - العيون,الأحواز,5674,700,1975,34.81,639,9
القصرين,سبيبة - جدليان - العيون,البرك,2631,297,767,29.15,231,9
القصرين,سبيبة - جدليان - العيون,البواجر,1445,255,660,45.67,231,9
القصرين,سبيبة - جدليان - العيون,الثماد,2441,443,1315,53.87,636,12
القصرين,سبيبة - جدليان - العيون,العيون,3486,547,1571,45.07,632,10
القصرين,سبيبة - جدليان - العيون,القرين,3427,421,1133,33.06,425,10
القصرين,سبيبة - جدليان - العيون,توشة,2722,397,1138,41.81,546,9
القصرين,سبيبة - جدليان - العيون,جدليان,5674,1079,3086,54.39,1274,10
القصرين,سبيبة - جدليان - العيون,وادي الحطب,3213,484,1325,41.24,532,10
القصرين,سبيطلة,الآثار,3419,429,1254,36.68,430,10
القصرين,سبيطلة,الخضراء,3646,605,1647,45.17,663,9
القصرين,سبيطلة,الدولاب,3350,515,1427,42.6,542,10
القصرين,سبيبة - جدليان - العيون,سبيبة,11370,1600,4120,36.24,1351,10
القصرين,سبيبة - جدليان - العيون,عين أم الجدور,1116,169,464,41.58,222,9
القصرين,سبيبة - جدليان - العيون,عين الحمادنة,920,157,465,50.54,229,11
القصرين,سبيبة - جدليان - العيون,عين الخمائسية,4702,865,2553,54.3,1023,10
القصرين,القصرين الشمالية - الزهور,النور الشرقي,26069,2755,6779,26.0,2450,10
القصرين,القصرين الشمالية - الزهور,النور الغربي,7467,1015,2648,35.46,1059,9
القصرين,القصرين الشمالية - الزهور,بولعابة,2282,365,1047,45.88,384,7
القصرين,تالة - حيدرة - فوسانة,أفران,1551,118,327,21.08,126,9
القصرين,ماجل بالعباس - فريانة,العرق,3247,583,1827,56.27,724,15
القصرين,ماجل بالعباس - فريانة,الناظور,1655,111,285,17.22,75,6
القصرين,ماجل بالعباس - فريانة,بوحية,1138,172,479,42.09,164,7
القصرين,ماجل بالعباس - فريانة,بوشبكة,1692,252,661,39.07,264,9
القصرين,سبيطلة,الرخمات,3180,258,707,22.23,280,8
القصرين,سبيطلة,الشرائع,3666,378,999,27.25,401,9
القصرين,سبيطلة,القرعة الحمراء,5614,264,636,11.33,96,10
القصرين,سبيطلة,القصر,2727,352,879,32.23,311,7
القصرين,سبيطلة,القنة,2693,447,1211,44.97,546,8
القصرين,سبيطلة,المزارة,2193,95,266,12.13,84,9
القصرين,سبيطلة,الوساعية,3424,454,1208,35.28,433,9
القصرين,سبيطلة,حي السرور,6482,1045,2682,41.38,852,9
القصرين,ماجل بالعباس - فريانة,أم علي,954,125,345,36.16,110,7
القصرين,ماجل بالعباس - فريانة,الأحواش,9743,1704,4619,47.41,1727,14
القصرين,ماجل بالعباس - فريانة,الصخيرات,1699,150,400,23.54,148,8
القصرين,ماجل بالعباس - فريانة,العرعار,743,80,196,26.38,81,7
القصرين,ماجل بالعباس - فريانة,تلابت,6047,1110,3138,51.89,1153,11
القصرين,ماجل بالعباس - فريانة,حناشي,1267,62,156,12.31,47,6
القصرين,ماجل بالعباس - فريانة,صولة,3969,577,1677,42.25,739,10
القصرين,ماجل بالعباس - فريانة,عبد العظيم,581,33,94,16.18,30,7
القيروان,السبيخة - الوسلاتية - عين جلولة,جبل الريحان,1462,164,451,30.85,197,9
القيروان,السبيخة - الوسلاتية - عين جلولة,جبل السرج,3033,334,864,28.49,350,8
القيروان,السبيخة - الوسلاتية - عين جلولة,جبل وسلات,1767,291,851,48.16,442,12
القيروان,السبيخة - الوسلاتية - عين جلولة,زغدود,2286,397,1026,44.88,412,9
القصرين,سبيطلة,سبيطلة,14012,1446,3397,24.24,1154,7
القصرين,سبيطلة,سمامة,2702,307,804,29.76,298,8
القصرين,سبيطلة,مشرق الشمس,2948,361,952,32.29,354,7
القصرين,ماجل بالعباس - فريانة,أم الاقصاب,2848,233,668,23.46,291,14
القصرين,ماجل بالعباس - فريانة,ماجل بلعباس الشمالية,6294,1054,3120,49.57,1198,16
القصرين,ماجل بالعباس - فريانة,هنشير أم الخير,506,51,146,28.85,44,7
القيروان,السبيخة - الوسلاتية - عين جلولة,البحاير,2216,228,576,25.99,203,8
القيروان,السبيخة - الوسلاتية - عين جلولة,الدخيلة,3418,637,1701,49.77,698,11
القصرين,ماجل بالعباس - فريانة,فريانة,10123,1341,3338,32.97,958,11
القصرين,ماجل بالعباس - فريانة,قارة النعام,3023,484,1329,43.96,482,8
القصرين,ماجل بالعباس - فريانة,قروع الجدرة,1056,57,175,16.57,60,7
القصرين,ماجل بالعباس - فريانة,ماجل بلعباس الجنوبية,2616,196,511,19.53,148,6
القيروان,السبيخة - الوسلاتية - عين جلولة,العلم,3825,739,2213,57.86,974,11
القيروان,السبيخة - الوسلاتية - عين جلولة,العويثة,5248,953,2743,52.27,1041,10
القيروان,السبيخة - الوسلاتية - عين جلولة,الفريوات,2594,526,1480,57.05,571,8
القيروان,السبيخة - الوسلاتية - عين جلولة,القطيفة,1349,241,792,58.71,365,9
القيروان,السبيخة - الوسلاتية - عين جلولة,القفي,3740,621,1670,44.65,615,12
القيروان,السبيخة - الوسلاتية - عين جلولة,المنزل,1501,262,698,46.5,270,9
القيروان,السبيخة - الوسلاتية - عين جلولة,الوسلاتية الشرقية,2455,290,692,28.19,277,8
القيروان,السبيخة - الوسلاتية - عين جلولة,الوسلاتية الغربية,7325,1067,2597,35.45,888,11
القيروان,السبيخة - الوسلاتية - عين جلولة,سرديانة,2378,341,965,40.58,375,11
القيروان,السبيخة - الوسلاتية - عين جلولة,سيدي مسعود,4103,815,2635,64.22,1254,16
القيروان,السبيخة - الوسلاتية - عين جلولة,سيسب,3552,705,2270,63.91,998,11
القيروان,السبيخة - الوسلاتية - عين جلولة,عين بومرة,2366,463,1341,56.68,590,9
القيروان,السبيخة - الوسلاتية - عين جلولة,عين جلولة,4403,783,2328,52.87,1117,15
القيروان,السبيخة - الوسلاتية - عين جلولة,معروف,2361,383,1018,43.12,429,9
القيروان,السبيخة - الوسلاتية - عين جلولة,وادي الخريوع,1879,398,1237,65.83,708,19
القيروان,السبيخة - الوسلاتية - عين جلولة,وادي القصب,1660,360,1174,70.72,540,12
القيروان,السبيخة - الوسلاتية - عين جلولة,الذريعات,7046,1230,3488,49.5,1254,12
القيروان,السبيخة - الوسلاتية - عين جلولة,السبيخة المركز,8990,1316,3450,38.38,1358,12
القيروان,السبيخة - الوسلاتية - عين جلولة,الشرفة,2034,359,982,48.28,308,9
القيروان,السبيخة - الوسلاتية - عين جلولة,الشقافية,2933,432,1112,37.91,334,14
القيروان,الشبيكة - حفوز,أولاد خلف اللّه,2025,245,707,34.91,275,9
القيروان,الشبيكة - حفوز,الجواودة,3659,503,1399,38.23,543,11
القيروان,الشبيكة - حفوز,الحوفية,4215,676,2061,48.9,902,12
القيروان,الشبيكة - حفوز,الرويسات,2100,290,708,33.71,190,7
القيروان,الشبيكة - حفوز,طرزة الجنوبية,2206,313,803,36.4,257,6
القيروان,الشبيكة - حفوز,عبيدة,4404,718,1882,42.73,616,11
القيروان,الشبيكة - حفوز,هماد,2338,257,708,30.28,234,11
القيروان,الشبيكة - حفوز,وادي الجباس,1971,175,450,22.83,154,6
القيروان,العلاء - حاجب العيون,القطار,3000,396,975,32.5,371,13
القيروان,العلاء - حاجب العيون,القنطرة,1706,116,394,23.09,122,9
القيروان,العلاء - حاجب العيون,المساعيد,2693,315,783,29.08,259,8
القيروان,العلاء - حاجب العيون,الهدايا,2468,380,1081,43.8,448,9
القيروان,العلاء - حاجب العيون,صيادة الجنوبية,1687,124,299,17.72,92,4
القيروان,العلاء - حاجب العيون,صيادة الشمالية,2013,149,354,17.59,110,6
القيروان,العلاء - حاجب العيون,طرزة الشمالية,2422,474,1321,54.54,487,8
القيروان,العلاء - حاجب العيون,مسيوتة النقاز,2340,383,1029,43.97,358,9
القيروان,الشبيكة - حفوز,الشبيكة,7596,1085,3011,39.64,1210,16
القيروان,الشبيكة - حفوز,الشريشيرة,3406,704,2030,59.6,906,11
القيروان,الشبيكة - حفوز,العوامرية,3244,645,1892,58.32,952,12
القيروان,الشبيكة - حفوز,العين البيضاء,6613,1225,3465,52.4,1445,13
القيروان,الشبيكة - حفوز,الكرمة,2284,382,1050,45.97,469,9
القيروان,الشبيكة - حفوز,حفوز المركز,9889,1528,4113,41.59,1665,9
القيروان,الشبيكة - حفوز,خيط الوادي,5146,288,697,13.54,211,6
القيروان,الشبيكة - حفوز,سيدي علي بن سالم,2471,360,959,38.81,290,9
القيروان,العلاء - حاجب العيون,السرجة,2905,186,507,17.45,197,9
القيروان,العلاء - حاجب العيون,الشواشي,2964,402,1151,38.83,564,11
القيروان,العلاء - حاجب العيون,العلا,6825,1055,2665,39.05,848,12
القيروان,العلاء - حاجب العيون,الغويبة,3158,371,1134,35.91,511,10
القيروان,العلاء - حاجب العيون,أحواز الحاجب,1637,117,314,19.18,99,9
القيروان,العلاء - حاجب العيون,أولاد عمر,2008,347,958,47.71,351,8
القيروان,العلاء - حاجب العيون,الحاجب المركز,9922,1629,4286,43.2,1566,12
القيروان,العلاء - حاجب العيون,الرحيمة,2291,374,1059,46.22,495,10
القيروان,العلاء - حاجب العيون,مسيوتة الهناشير,1850,367,1051,56.81,425,8
القيروان,العلاء - حاجب العيون,وادي الحجل,3334,384,1125,33.74,518,9
القيروان,القيروان الجنوبية,أولاد نهار,1956,385,1067,54.55,257,9
القيروان,القيروان الجنوبية,التبان,5664,792,2081,36.74,645,11
القيروان,القيروان الجنوبية,بريكات العرقوب,1871,113,330,17.64,268,13
القيروان,القيروان الجنوبية,رقادة,4311,835,2708,62.82,1262,15
القيروان,القيروان الجنوبية,زرود,2114,343,885,41.86,317,7
القيروان,القيروان الجنوبية,زعفرانة,3177,504,1424,44.82,394,10
القيروان,القيروان الجنوبية,الحمام,3275,452,1223,37.34,405,12
القيروان,القيروان الجنوبية,الخزازية,3742,724,1930,51.58,887,13
القيروان,القيروان الجنوبية,الخضراء,1642,101,236,14.37,54,6
القيروان,القيروان الجنوبية,القبلية الجنوبية,8839,595,1328,15.02,415,6
القيروان,القيروان الشمالية,ذراع التمار,981,184,468,47.71,140,5
القيروان,بوحجلة,أولاد عاشور,2304,67,160,6.94,48,6
القيروان,بوحجلة,أولاد فرج اللّه الشمالية,2109,194,510,24.18,284,10
القيروان,بوحجلة,الشرائطية الشمالية,5761,802,2235,38.8,953,12
القيروان,القيروان الجنوبية,مرق الليل,1501,283,791,52.7,299,10
القيروان,القيروان الشمالية,الاغالبة,9599,792,1820,18.96,722,6
القيروان,القيروان الشمالية,الانصار,564,33,75,13.3,26,3
القيروان,القيروان الشمالية,الباطن,4803,866,2480,51.63,814,18
القيروان,بوحجلة,الشوامخ,3103,570,2129,68.61,1273,20
القيروان,بوحجلة,الفتح,3463,588,1753,50.62,979,13
القيروان,بوحجلة,القطيطير,3039,261,813,26.75,752,19
القيروان,بوحجلة,المويسات,5463,1038,3062,56.05,1224,15
القيروان,بوحجلة,النصر,5710,827,2275,39.84,902,11
القيروان,بوحجلة,بئر بوساري,2119,350,1016,47.95,476,13
القيروان,بوحجلة,بئر مسيكين,2697,478,1381,51.21,671,12
القيروان,بوحجلة,بوحجلة الأحواز,4615,834,2382,51.61,1033,14
القيروان,القيروان الشمالية,الغابات,3856,377,945,24.51,209,12
القيروان,القيروان الشمالية,القبلية الشمالية,5999,479,1112,18.54,286,6
القيروان,القيروان الشمالية,المتبسطة,1939,110,270,13.92,95,7
القيروان,القيروان الشمالية,المنشية,15033,1895,4554,30.29,1171,8
الكاف,القلعة الخصباء - الجريصة - القصور - الدهماني - السرس,ابة,1179,121,281,23.83,95,6
الكاف,القلعة الخصباء - الجريصة - القصور - الدهماني - السرس,الآبار,1049,172,412,39.28,197,5
الكاف,القلعة الخصباء - الجريصة - القصور - الدهماني - السرس,الآبار الشرقية,544,53,127,23.35,72,5
الكاف,القلعة الخصباء - الجريصة - القصور - الدهماني - السرس,الاربص,1442,233,581,40.29,180,7
القيروان,نصر اللّه - منزل مهيري - الشراردة,الطويلة,3127,519,1478,47.27,750,12
القيروان,نصر اللّه - منزل مهيري - الشراردة,الفجيج,5283,880,2624,49.67,1287,15
القيروان,نصر اللّه - منزل مهيري - الشراردة,القصور,4315,364,920,21.32,243,7
القيروان,نصر اللّه - منزل مهيري - الشراردة,الكبارة,2439,269,688,28.21,246,9
القيروان,نصر اللّه - منزل مهيري - الشراردة,البريكات,3556,250,769,21.63,552,28
القيروان,نصر اللّه - منزل مهيري - الشراردة,الحميدات,2167,94,272,12.55,109,7
القيروان,نصر اللّه - منزل مهيري - الشراردة,الشرائطية الجنوبية,3355,417,1182,35.23,567,10
القيروان,نصر اللّه - منزل مهيري - الشراردة,الشراردة,8847,1031,2820,31.88,1165,14
القيروان,بوحجلة,بوحجلة المركز,12164,1724,4459,36.66,1523,12
القيروان,بوحجلة,جهينة الجنوبية,3836,572,1576,41.08,655,10
القيروان,بوحجلة,جهينة الشمالية,3304,486,1313,39.74,544,8
القيروان,نصر اللّه - منزل مهيري - الشراردة,أولاد فرج اللّه الجنوبية,2445,277,824,33.7,482,12
الكاف,القلعة الخصباء - الجريصة - القصور - الدهماني - السرس,اللواتة,715,102,258,36.08,131,7
الكاف,القلعة الخصباء - الجريصة - القصور - الدهماني - السرس,المدينة,1105,118,260,23.53,131,5
الكاف,القلعة الخصباء - الجريصة - القصور - الدهماني - السرس,المرجى,1744,314,775,44.44,317,7
الكاف,القلعة الخصباء - الجريصة - القصور - الدهماني - السرس,الناظور,500,66,159,31.8,70,5
القيروان,نصر اللّه - منزل مهيري - الشراردة,المنارة,4041,588,1597,39.52,651,14
القيروان,نصر اللّه - منزل مهيري - الشراردة,بئر الحلو,3905,304,817,20.92,321,9
القيروان,نصر اللّه - منزل مهيري - الشراردة,نصر الله الأحواز,4482,511,1364,30.43,645,12
القيروان,نصر اللّه - منزل مهيري - الشراردة,نصر اللّه المركز,5192,829,2359,45.44,1019,14
القيروان,القيروان الجنوبية,المخصومة,2512,269,778,30.97,298,10
القيروان,القيروان الجنوبية,المنصورة الجنوبية,19120,1828,4265,22.31,1558,8
القيروان,القيروان الجنوبية,المنصورة الشمالية,12889,1363,3217,24.96,1282,7
القيروان,القيروان الجنوبية,النبش,2438,220,604,24.77,225,11
القيروان,القيروان الشمالية,الجامع الجنوبية,4819,534,1265,26.25,385,8
القيروان,القيروان الشمالية,الجامع الشمالية,6536,808,1975,30.22,698,7
القيروان,القيروان الشمالية,الجبلية الجنوبية,594,18,40,6.73,8,4
القيروان,القيروان الشمالية,الجبلية الشمالية,22250,1971,4603,20.69,1690,6
الكاف,القلعة الخصباء - الجريصة - القصور - الدهماني - السرس,النعايم,262,35,83,31.68,39,4
الكاف,القلعة الخصباء - الجريصة - القصور - الدهماني - السرس,بانو,1200,208,499,41.58,213,6
الكاف,القلعة الخصباء - الجريصة - القصور - الدهماني - السرس,بسريانة,677,107,255,37.67,111,5
الكاف,القلعة الخصباء - الجريصة - القصور - الدهماني - السرس,بوصليعة,1785,289,697,39.05,263,7
الكاف,القلعة الخصباء - الجريصة - القصور - الدهماني - السرس,الدهماني الشمالية,3416,442,1014,29.68,393,6
الكاف,القلعة الخصباء - الجريصة - القصور - الدهماني - السرس,الزوارين,3322,406,971,29.23,381,7
الكاف,القلعة الخصباء - الجريصة - القصور - الدهماني - السرس,الزيتونة,1965,187,441,22.44,174,5
الكاف,القلعة الخصباء - الجريصة - القصور - الدهماني - السرس,السرس الجنوبية,3858,470,1078,27.94,399,6
الكاف,القلعة الخصباء - الجريصة - القصور - الدهماني - السرس,الجريصة الجنوبية,2270,263,601,26.48,224,5
الكاف,القلعة الخصباء - الجريصة - القصور - الدهماني - السرس,الجريصة الشمالية,1377,175,396,28.76,153,5
الكاف,القلعة الخصباء - الجريصة - القصور - الدهماني - السرس,الجريصة المركزية,2965,407,946,31.91,239,9
الكاف,القلعة الخصباء - الجريصة - القصور - الدهماني - السرس,الدهماني,9024,815,1841,20.4,532,9
الكاف,القلعة الخصباء - الجريصة - القصور - الدهماني - السرس,السرس الشمالية,1373,101,234,17.04,77,5
الكاف,القلعة الخصباء - الجريصة - القصور - الدهماني - السرس,القصور,5800,715,1714,29.55,623,7
الكاف,القلعة الخصباء - الجريصة - القصور - الدهماني - السرس,القلعة الخصباء,3210,445,1099,34.24,381,11
الكاف,القلعة الخصباء - الجريصة - القصور - الدهماني - السرس,اللاس,1148,162,398,34.67,146,5
الكاف,القلعة الخصباء - الجريصة - القصور - الدهماني - السرس,سيدي بركات الشمالية,586,83,188,32.08,96,8
الكاف,القلعة الخصباء - الجريصة - القصور - الدهماني - السرس,عبيدة,1457,261,637,43.72,296,6
الكاف,القلعة الخصباء - الجريصة - القصور - الدهماني - السرس,عين القصيبة,2417,382,951,39.35,361,9
الكاف,القلعة الخصباء - الجريصة - القصور - الدهماني - السرس,عين فضيل,1075,140,334,31.07,137,6
الكاف,نبر - الطويرف - ساقية سيدي يوسف - تاجروين - قلعة سنان,السفاية,473,51,117,24.74,68,4
الكاف,نبر - الطويرف - ساقية سيدي يوسف - تاجروين - قلعة سنان,الشتاتلة,793,118,311,39.22,96,7
الكاف,نبر - الطويرف - ساقية سيدي يوسف - تاجروين - قلعة سنان,الصفصاف,305,37,95,31.15,55,5
الكاف,نبر - الطويرف - ساقية سيدي يوسف - تاجروين - قلعة سنان,الطابية,765,106,269,35.16,111,9
الكاف,الكاف الغربية - الكاف الشرقية,وادي السواني الجنوبية,995,164,403,40.5,152,6
الكاف,نبر - الطويرف - ساقية سيدي يوسف - تاجروين - قلعة سنان,الأذياب,622,74,173,27.81,60,5
الكاف,نبر - الطويرف - ساقية سيدي يوسف - تاجروين - قلعة سنان,الحميمة,511,78,197,38.55,67,6
الكاف,نبر - الطويرف - ساقية سيدي يوسف - تاجروين - قلعة سنان,الحوض,1202,135,301,25.04,135,5
الكاف,القلعة الخصباء - الجريصة - القصور - الدهماني - السرس,ثرمدة,1669,236,589,35.29,209,8
الكاف,القلعة الخصباء - الجريصة - القصور - الدهماني - السرس,حي النور,5204,842,2043,39.26,885,7
الكاف,القلعة الخصباء - الجريصة - القصور - الدهماني - السرس,سيدي أحمد الصالح,1382,192,472,34.15,179,6
الكاف,القلعة الخصباء - الجريصة - القصور - الدهماني - السرس,سيدي بركات الجنوبية,739,73,171,23.14,72,5
الكاف,نبر - الطويرف - ساقية سيدي يوسف - تاجروين - قلعة سنان,النجاة,430,58,132,30.7,54,4
الكاف,نبر - الطويرف - ساقية سيدي يوسف - تاجروين - قلعة سنان,برج الديوانة,278,34,81,29.14,36,6
الكاف,نبر - الطويرف - ساقية سيدي يوسف - تاجروين - قلعة سنان,بهرة,2880,385,902,31.32,326,6
الكاف,نبر - الطويرف - ساقية سيدي يوسف - تاجروين - قلعة سنان,بوجابر,763,119,281,36.83,128,5
الكاف,نبر - الطويرف - ساقية سيدي يوسف - تاجروين - قلعة سنان,الطويرف,2976,433,1058,35.55,451,11
الكاف,نبر - الطويرف - ساقية سيدي يوسف - تاجروين - قلعة سنان,الفالتة,843,127,320,37.96,163,5
الكاف,نبر - الطويرف - ساقية سيدي يوسف - تاجروين - قلعة سنان,القصر,2080,274,716,34.42,242,7
الكاف,نبر - الطويرف - ساقية سيدي يوسف - تاجروين - قلعة سنان,المحجوبة,948,139,337,35.55,134,5
الكاف,الكاف الغربية - الكاف الشرقية,دير الكاف,3928,415,950,24.19,306,6
الكاف,الكاف الغربية - الكاف الشرقية,وادي الرمل الجنوبية,4620,563,1321,28.59,525,8
الكاف,الكاف الغربية - الكاف الشرقية,وادي الرمل الشمالية,1265,115,253,20.0,66,4
الكاف,الكاف الغربية - الكاف الشرقية,وادي السواني,1706,220,511,29.95,174,6
الكاف,نبر - الطويرف - ساقية سيدي يوسف - تاجروين - قلعة سنان,سركونة,311,44,111,35.69,29,5
الكاف,نبر - الطويرف - ساقية سيدي يوسف - تاجروين - قلعة سنان,سيدي خيار,1905,296,732,38.43,217,6
الكاف,نبر - الطويرف - ساقية سيدي يوسف - تاجروين - قلعة سنان,سيدي رابح,1541,67,163,10.58,72,7
الكاف,نبر - الطويرف - ساقية سيدي يوسف - تاجروين - قلعة سنان,سيدي عبد الباسط,1335,179,430,32.21,178,5
الكاف,نبر - الطويرف - ساقية سيدي يوسف - تاجروين - قلعة سنان,عين سنان,813,88,209,25.71,102,5
الكاف,نبر - الطويرف - ساقية سيدي يوسف - تاجروين - قلعة سنان,عين مازر,1270,175,431,33.94,164,7
الكاف,نبر - الطويرف - ساقية سيدي يوسف - تاجروين - قلعة سنان,فرشان,1193,138,316,26.49,120,6
الكاف,نبر - الطويرف - ساقية سيدي يوسف - تاجروين - قلعة سنان,قرن حلفاية,314,47,108,34.39,40,5
الكاف,نبر - الطويرف - ساقية سيدي يوسف - تاجروين - قلعة سنان,سيدي مدين,1070,178,438,40.93,156,6
الكاف,نبر - الطويرف - ساقية سيدي يوسف - تاجروين - قلعة سنان,سيدي مطير,1646,228,549,33.35,224,6
الكاف,نبر - الطويرف - ساقية سيدي يوسف - تاجروين - قلعة سنان,عين الآبار,3219,429,1007,31.28,427,7
الكاف,نبر - الطويرف - ساقية سيدي يوسف - تاجروين - قلعة سنان,عين الكرمة,1507,175,428,28.4,176,6
الكاف,نبر - الطويرف - ساقية سيدي يوسف - تاجروين - قلعة سنان,تاجروين الجنوبية,6006,554,1242,20.68,446,6
الكاف,نبر - الطويرف - ساقية سيدي يوسف - تاجروين - قلعة سنان,تاجروين الشمالية,796,61,138,17.34,53,4
الكاف,نبر - الطويرف - ساقية سيدي يوسف - تاجروين - قلعة سنان,تل الغزلان,1746,368,1005,57.56,408,10
الكاف,نبر - الطويرف - ساقية سيدي يوسف - تاجروين - قلعة سنان,جرادو,1685,203,485,28.78,193,5
الكاف,نبر - الطويرف - ساقية سيدي يوسف - تاجروين - قلعة سنان,جزة,1324,189,467,35.27,175,8
الكاف,نبر - الطويرف - ساقية سيدي يوسف - تاجروين - قلعة سنان,حي بورقيبة,4478,512,1166,26.04,476,7
الكاف,نبر - الطويرف - ساقية سيدي يوسف - تاجروين - قلعة سنان,ساقية سيدي يوسف,6502,946,2279,35.05,859,7
الكاف,نبر - الطويرف - ساقية سيدي يوسف - تاجروين - قلعة سنان,سد الخير,659,89,210,31.87,85,5
الكاف,نبر - الطويرف - ساقية سيدي يوسف - تاجروين - قلعة سنان,قلعة سنان,7360,906,2129,28.93,892,7
الكاف,نبر - الطويرف - ساقية سيدي يوسف - تاجروين - قلعة سنان,مزيتة,361,51,118,32.69,65,5
الكاف,نبر - الطويرف - ساقية سيدي يوسف - تاجروين - قلعة سنان,ملاق,1121,205,489,43.62,203,6
الكاف,نبر - الطويرف - ساقية سيدي يوسف - تاجروين - قلعة سنان,ملالة,990,145,349,35.25,150,6
الكاف,الكاف الغربية - الكاف الشرقية,الزعفران,3734,464,1111,29.75,471,8
الكاف,الكاف الغربية - الكاف الشرقية,الشرفيين,7500,475,1044,13.92,401,5
الكاف,الكاف الغربية - الكاف الشرقية,بنعنين,7031,644,1436,20.42,505,7
الكاف,الكاف الغربية - الكاف الشرقية,حشاد,7181,583,1302,18.13,492,4
الكاف,نبر - الطويرف - ساقية سيدي يوسف - تاجروين - قلعة سنان,منزل سالم,1442,270,698,48.4,360,8
الكاف,نبر - الطويرف - ساقية سيدي يوسف - تاجروين - قلعة سنان,نبر,4064,577,1385,34.08,516,7
الكاف,نبر - الطويرف - ساقية سيدي يوسف - تاجروين - قلعة سنان,ولجة السدرة,738,95,221,29.95,115,4
المنستير,الساحلين - الوردانين - بنبلة,الساحلين الشرقية,6171,994,2566,41.58,1063,10
المنستير,الساحلين - الوردانين - بنبلة,منزل حرب,1122,221,678,60.43,320,7
المنستير,الساحلين - الوردانين - بنبلة,منزل خير,876,167,485,55.37,217,8
المنستير,الساحلين - الوردانين - بنبلة,وادي الجبس,405,18,48,11.85,11,6
المنستير,المكنين,الشراحيل,3694,770,2194,59.39,832,11
الكاف,القلعة الخصباء - الجريصة - القصور - الدهماني - السرس,فج التمر,996,107,254,25.5,102,7
الكاف,القلعة الخصباء - الجريصة - القصور - الدهماني - السرس,هنطاية,340,46,113,33.24,57,4
الكاف,الكاف الغربية - الكاف الشرقية,الحوارث الجنوبية,21539,1852,4155,19.29,1725,7
الكاف,الكاف الغربية - الكاف الشرقية,الحوارث الشمالية,5883,610,1373,23.34,447,6
المنستير,الساحلين - الوردانين - بنبلة,الوردانين الشمالية,5282,889,2276,43.09,887,12
المنستير,الساحلين - الوردانين - بنبلة,بنبلة,6851,1267,3389,49.47,1213,9
المنستير,الساحلين - الوردانين - بنبلة,بنبلة الغربية,3256,629,1680,51.6,603,9
المنستير,الساحلين - الوردانين - بنبلة,سيدي بوعثمان,546,99,277,50.73,143,7
المنستير,الساحلين - الوردانين - بنبلة,سيدي عامر,5177,997,2918,56.36,1447,14
المنستير,الساحلين - الوردانين - بنبلة,مسجد عيسى,1451,261,754,51.96,339,9
المنستير,الساحلين - الوردانين - بنبلة,معتمر,3254,579,1568,48.19,700,7
المنستير,الساحلين - الوردانين - بنبلة,منزل النور,9174,1738,5409,58.96,3119,17
المنستير,الساحلين - الوردانين - بنبلة,الساحلين الغربية,6323,1107,2870,45.39,1176,7
المنستير,الساحلين - الوردانين - بنبلة,المصدور,2539,486,1414,55.69,703,10
المنستير,الساحلين - الوردانين - بنبلة,المنارة,1833,324,940,51.28,421,8
المنستير,الساحلين - الوردانين - بنبلة,الوردانين الجنوبية,10385,1719,4414,42.5,1870,11
المنستير,المكنين,عميرة التوازرة الجنوبية,2072,380,1127,54.39,458,7
المنستير,المكنين,عميرة الحجاج,5919,1032,3050,51.53,1371,9
المنستير,المكنين,عميرة الفحول,3934,699,2069,52.59,979,10
المنستير,المكنين,منزل فارسي,2919,560,1677,57.45,772,10
المنستير,المكنين,خير الدين,7052,1064,2673,37.9,1070,8
المنستير,المكنين,راس الوادي,10200,1817,4646,45.55,1891,8
المنستير,المكنين,سيدي بنور,3789,718,2039,53.81,732,10
المنستير,المكنين,عميرة التوازرة,2523,424,1157,45.86,495,7
المنستير,جمال,زاوية قنطش,4841,851,2358,48.71,1051,13
المنستير,جمال,منزل كامل,6731,1168,2955,43.9,1133,8
المنستير,زرمدين - بني حسان,الجنائحة,589,117,316,53.65,170,5
المنستير,زرمدين - بني حسان,الغنادة,2200,437,1454,66.09,535,14
المنستير,المنستير 2,صقانس,16870,1847,4410,26.14,2025,7
المنستير,جمال,الطيايرة,1166,229,784,67.24,390,9
المنستير,جمال,الهدادرة,822,171,522,63.5,292,8
المنستير,جمال,بئر الطيب,1103,213,634,57.48,317,8
المنستير,المكنين,المكنين الجوفية,4295,627,1503,34.99,520,7
المنستير,المكنين,المكنين الشرقية,15508,2387,5889,37.97,1694,9
المنستير,المكنين,المكنين الغربية,6485,1056,2715,41.87,1100,8
المنستير,المكنين,المكنين القبلية,1317,101,229,17.39,106,5
المنستير,المنستير 2,الحلية,7342,585,1351,18.4,514,8
المنستير,المنستير 2,الحلية 2,9743,911,2182,22.4,1003,7
المنستير,المنستير 2,خنيس,8156,1508,4110,50.39,1738,11
المنستير,المنستير 2,خنيس الشمالية,1931,233,574,29.73,263,6
المنستير,زرمدين - بني حسان,المزاوغة,1964,375,1057,53.82,435,8
المنستير,زرمدين - بني حسان,المليشات,3622,711,1967,54.31,734,9
المنستير,زرمدين - بني حسان,بني حسان الجوفية,2476,483,1272,51.37,504,10
المنستير,زرمدين - بني حسان,بني حسان القبلية,4838,1003,2879,59.51,1201,10
المنستير,طبلبة - البقالطة - صيادة - لمطة - بوحجر,البغدادي,512,97,262,51.17,69,10
المنستير,طبلبة - البقالطة - صيادة - لمطة - بوحجر,البقالطة الجنوبية,5837,927,2314,39.64,752,7
المنستير,طبلبة - البقالطة - صيادة - لمطة - بوحجر,البقالطة الشرقية,1892,281,776,41.01,345,10
المنستير,طبلبة - البقالطة - صيادة - لمطة - بوحجر,البقالطة الشمالية,6097,1110,2947,48.34,1006,10
المنستير,المنستير 1,الربط,7138,684,1607,22.51,554,6
المنستير,المنستير 1,المدينة,7686,630,1494,19.44,602,7
المنستير,المنستير 1,المدينة 2,8566,959,2408,28.11,1032,9
المنستير,المنستير 1,باب الغربي,16971,2010,4765,28.08,1709,7
المنستير,زرمدين - بني حسان,حاتم,1263,264,846,66.98,451,9
المنستير,زرمدين - بني حسان,زرمدين الجنوبية,8292,1457,3766,45.42,1226,8
المنستير,زرمدين - بني حسان,زرمدين الشمالية,6716,1197,2984,44.43,1135,8
المنستير,زرمدين - بني حسان,منزل الحياة,3831,709,1985,51.81,755,11
المنستير,طبلبة - البقالطة - صيادة - لمطة - بوحجر,السكرين,9001,1401,3654,40.6,1635,9
المنستير,طبلبة - البقالطة - صيادة - لمطة - بوحجر,العيايشة,5263,881,2353,44.71,963,8
المنستير,طبلبة - البقالطة - صيادة - لمطة - بوحجر,الفضلين,2720,427,1107,40.7,535,9
المنستير,طبلبة - البقالطة - صيادة - لمطة - بوحجر,بوحجر,4929,889,2688,54.53,1298,12
المنستير,طبلبة - البقالطة - صيادة - لمطة - بوحجر,لمطة,5087,887,2334,45.88,1004,9
المنستير,قصر هلال - قصيبة المديوني,بنان الجوفية,4828,819,2118,43.87,806,8
المنستير,قصر هلال - قصيبة المديوني,بنان القبلية,5565,1142,3338,59.98,1330,13
المنستير,قصر هلال - قصيبة المديوني,بوزويتة,4165,621,1530,36.73,598,7
المهدية,أولاد شامخ - هبيرة - شربان,أولاد الشامخ الشمالية,2727,490,1392,51.05,516,11
المهدية,أولاد شامخ - هبيرة - شربان,أولاد عمر,2382,409,1142,47.94,417,8
المهدية,أولاد شامخ - هبيرة - شربان,الرقايقة,893,180,518,58.01,255,7
المهدية,أولاد شامخ - هبيرة - شربان,السمرة,1220,235,614,50.33,240,7
المنستير,جمال,جمال الجوفية,1756,211,515,29.33,228,7
المنستير,جمال,جمال الشرقية,14018,2303,5766,41.13,2580,8
المنستير,جمال,جمال الغربية,11555,1876,4675,40.46,1960,8
المنستير,جمال,جمال القبلية,10475,1951,4913,46.9,1712,9
المهدية,أولاد شامخ - هبيرة - شربان,الشحدة الشرقية,355,67,186,52.39,78,7
المهدية,أولاد شامخ - هبيرة - شربان,الشحدة الغربية,2119,376,1061,50.07,423,7
المهدية,أولاد شامخ - هبيرة - شربان,الشحدة القبلية,1042,214,594,57.01,303,8
المهدية,أولاد شامخ - هبيرة - شربان,الشحيمات الشمالية,2175,471,1518,69.79,630,8
المهدية,أولاد شامخ - هبيرة - شربان,الشرف,1202,253,722,60.07,312,8
المهدية,أولاد شامخ - هبيرة - شربان,العجيلات,4116,810,2436,59.18,1191,9
المهدية,أولاد شامخ - هبيرة - شربان,القرادحة الشرقية,2067,405,1115,53.94,443,9
المهدية,أولاد شامخ - هبيرة - شربان,القرادحة الغربية,1069,226,657,61.46,312,7
المنستير,طبلبة - البقالطة - صيادة - لمطة - بوحجر,بودريس,4315,756,2004,46.44,847,8
المنستير,طبلبة - البقالطة - صيادة - لمطة - بوحجر,حومة السوق,9225,1754,4613,50.01,1784,10
المنستير,طبلبة - البقالطة - صيادة - لمطة - بوحجر,صيادة الشرقية,9455,1608,4440,46.96,1512,11
المنستير,طبلبة - البقالطة - صيادة - لمطة - بوحجر,صيادة الغربية,4560,835,2227,48.84,880,10
المهدية,أولاد شامخ - هبيرة - شربان,المعاطي,961,170,442,45.99,194,8
المهدية,أولاد شامخ - هبيرة - شربان,بوسليم,1040,223,634,60.96,281,6
المهدية,أولاد شامخ - هبيرة - شربان,شربان,6334,984,2582,40.76,961,7
المهدية,أولاد شامخ - هبيرة - شربان,منزل حشاد,1896,362,961,50.69,399,9
المهدية,أولاد شامخ - هبيرة - شربان,القواسم الشرقية,3618,728,2150,59.43,954,8
المهدية,أولاد شامخ - هبيرة - شربان,القواسم الغربية,3099,656,1936,62.47,815,9
المهدية,أولاد شامخ - هبيرة - شربان,المحارزة الجنوبية,2048,413,1077,52.59,384,8
المهدية,أولاد شامخ - هبيرة - شربان,المحارزة الشمالية,1719,350,1000,58.17,486,9
المهدية,الجم,الطواهرة,2379,468,1564,65.74,634,12
المهدية,الجم,العبابسة,2160,451,1397,64.68,540,9
المهدية,الجم,العشابة,3420,693,2147,62.78,757,10
المهدية,الجم,العيثة,1717,348,1180,68.72,570,10
المنستير,قصر هلال - قصيبة المديوني,بوضر,1221,244,722,59.13,372,8
المنستير,قصر هلال - قصيبة المديوني,حي الرياض,9509,1324,3265,34.34,1409,7
المنستير,قصر هلال - قصيبة المديوني,صوة,19191,2530,6150,32.05,2242,11
المنستير,قصر هلال - قصيبة المديوني,طوزة,6169,1191,3276,53.1,1535,10
المهدية,الجم,المرابطين,6103,1080,2870,47.03,979,10
المهدية,الجم,المشالات,1544,317,916,59.33,433,8
المهدية,الجم,رياض بوهلال,3083,627,1893,61.4,795,11
المهدية,الرجيش - قصور الساف - البرادعة,أولاد صالح,2347,426,1113,47.42,448,10
المنستير,قصر هلال - قصيبة المديوني,عياد,8777,1343,3335,38.0,1450,8
المنستير,قصر هلال - قصيبة المديوني,قصيبة المديوني,11496,1906,4804,41.79,1738,8
المهدية,أولاد شامخ - هبيرة - شربان,أولاد الحناشي,2079,430,1254,60.32,456,10
المهدية,أولاد شامخ - هبيرة - شربان,أولاد الشامخ الجنوبية,5330,975,2853,53.53,1116,13
المهدية,الرجيش - قصور الساف - البرادعة,البرادعة الجنوبية,3132,577,1539,49.14,562,15
المهدية,الرجيش - قصور الساف - البرادعة,البرادعة الشمالية,3440,591,1647,47.88,547,13
المهدية,الرجيش - قصور الساف - البرادعة,الحسينات,2913,580,1636,56.16,693,9
المهدية,الرجيش - قصور الساف - البرادعة,الرشارشة,3731,508,1280,34.31,423,9
المهدية,أولاد شامخ - هبيرة - شربان,هبيرة,2709,493,1289,47.58,513,8
المهدية,الجم,التلالسة,4326,863,2861,66.13,1227,9
المهدية,الجم,الزاوية,12131,2044,5238,43.18,1513,8
المهدية,الجم,الزغابنة,2201,437,1336,60.7,696,11
المهدية,الرجيش - قصور الساف - البرادعة,سلقطة,3941,556,1372,34.81,468,10
المهدية,الرجيش - قصور الساف - البرادعة,سيدي عساكر الغربية,1028,220,619,60.21,283,8
المهدية,الرجيش - قصور الساف - البرادعة,قصور الساف التقدم,1129,149,349,30.91,130,5
المهدية,الرجيش - قصور الساف - البرادعة,قصور الساف الرياض,6206,1001,2526,40.7,1059,10
المهدية,الشابة - ملولش - سيدي علوان,البساتين,1832,389,1150,62.77,524,9
المهدية,الشابة - ملولش - سيدي علوان,السعادة,4030,737,2035,50.5,640,10
المهدية,الشابة - ملولش - سيدي علوان,السعفات,1445,281,792,54.81,391,8
المهدية,الشابة - ملولش - سيدي علوان,الشابة الجنوبية,6909,933,2301,33.3,1197,8
المهدية,الشابة - ملولش - سيدي علوان,النزهة,1909,382,1035,54.22,425,8
المهدية,الشابة - ملولش - سيدي علوان,بن حسين,2854,534,1469,51.47,573,9
المهدية,الشابة - ملولش - سيدي علوان,زالبة الشرقية,1755,375,1115,63.53,561,10
المهدية,الشابة - ملولش - سيدي علوان,زالبة الغربية,2049,398,1116,54.47,490,11
المهدية,الشابة - ملولش - سيدي علوان,زردة,1927,363,1050,54.49,484,11
المهدية,الشابة - ملولش - سيدي علوان,ساقية الخادم,3214,613,1701,52.92,703,8
المهدية,الشابة - ملولش - سيدي علوان,سيدي عبد العزيز,591,88,220,37.23,80,6
المهدية,الشابة - ملولش - سيدي علوان,سيدي علوان الشرقية,4447,699,1693,38.07,504,7
المهدية,الشابة - ملولش - سيدي علوان,وادي قلات,1585,217,547,34.51,160,6
المهدية,المهدية,الجواودة,2572,493,1239,48.17,437,6
المهدية,المهدية,الحكايمة الشرقية,3479,640,1702,48.92,752,7
المهدية,المهدية,الحكايمة الغربية,1476,307,974,65.99,483,11
المهدية,الرجيش - قصور الساف - البرادعة,القصر,11735,1603,3889,33.14,1145,13
المهدية,الرجيش - قصور الساف - البرادعة,القطانين,4335,756,1915,44.18,769,7
المهدية,الرجيش - قصور الساف - البرادعة,رجيش,5371,853,2208,41.11,879,11
المهدية,الرجيش - قصور الساف - البرادعة,رجيش الجنوبية,3796,580,1491,39.28,654,11
المهدية,الشابة - ملولش - سيدي علوان,سيدي علوان الغربية,3958,581,1378,34.82,442,6
المهدية,الشابة - ملولش - سيدي علوان,ملولش,7960,1270,3346,42.04,1078,8
المهدية,الشابة - ملولش - سيدي علوان,وادي باجة الجنوبية,1787,376,1296,72.52,666,14
المهدية,الشابة - ملولش - سيدي علوان,وادي باجة الشمالية,3034,650,2027,66.81,875,11
المهدية,بومرداس - السواسي,الحوس,2475,491,1326,53.58,463,11
المهدية,بومرداس - السواسي,الرواضي,3093,660,2156,69.71,868,8
المهدية,بومرداس - السواسي,الزراطة,1338,286,875,65.4,387,8
المهدية,بومرداس - السواسي,الزعيرات,1856,345,984,53.02,451,7
المهدية,الشابة - ملولش - سيدي علوان,الشابة الشمالية,14271,2138,5153,36.11,2202,7
المهدية,الشابة - ملولش - سيدي علوان,العيثة,2852,568,1572,55.12,660,9
المهدية,الشابة - ملولش - سيدي علوان,الغضابنة,3769,632,1734,46.01,782,7
المهدية,الشابة - ملولش - سيدي علوان,المنصورة,3318,618,1811,54.58,741,9
المهدية,المهدية,المهدية,9906,986,2313,23.35,758,9
المهدية,المهدية,زويلة,5045,662,1585,31.42,594,8
المهدية,المهدية,زويلة الجنوبية,1559,161,361,23.16,146,5
المهدية,المهدية,شيبة,2022,413,1170,57.86,492,8
المهدية,المهدية,الرمل,4550,371,896,19.69,379,9
المهدية,المهدية,الزقانة,2664,375,951,35.7,369,9
المهدية,المهدية,الزهراء,13810,1685,4086,29.59,1633,11
المهدية,المهدية,السعد,3253,636,1727,53.09,710,8
المهدية,المهدية,هيبون,13058,1646,4117,31.53,1649,10
المهدية,بومرداس - السواسي,أولاد عمر السيدة,1342,300,848,63.19,350,8
المهدية,بومرداس - السواسي,أولاد مولاهم الشمالية,2932,513,1461,49.83,678,8
المهدية,بومرداس - السواسي,أولاد مولاهم الغربية,2033,450,1306,64.24,672,8
المهدية,بومرداس - السواسي,الكساسبة,4187,855,2343,55.96,1058,9
المهدية,بومرداس - السواسي,بومرداس,4562,850,2425,53.16,998,9
المهدية,بومرداس - السواسي,بوهلال العلي الجوفية,1972,401,1251,63.44,517,9
المهدية,بومرداس - السواسي,بوهلال العلي القبلية,3456,725,2321,67.16,1115,8
المهدية,بومرداس - السواسي,منزل حمزة,1694,355,1041,61.45,389,8
باجة,باجة الجنوبية - تيبار - تبرسق,المخشبية,1572,284,746,47.46,329,7
باجة,باجة الجنوبية - تيبار - تبرسق,المعقولة,6350,1070,2732,43.02,928,7
باجة,باجة الجنوبية - تيبار - تبرسق,المنشية,4157,539,1310,31.51,435,8
المهدية,بومرداس - السواسي,السواسي,10634,1481,3671,34.52,1353,8
المهدية,بومرداس - السواسي,الشحيمات القبلية,3885,734,1997,51.4,714,12
المهدية,بومرداس - السواسي,الشريشيرة,3152,607,1713,54.35,712,15
المهدية,بومرداس - السواسي,الشوارعية,1961,426,1306,66.6,601,8
باجة,باجة الجنوبية - تيبار - تبرسق,عين المليتي,1068,146,363,33.99,129,8
باجة,باجة الجنوبية - تيبار - تبرسق,عين جمالة,841,158,439,52.2,172,8
باجة,باجة الجنوبية - تيبار - تبرسق,فدان السوق,1038,195,560,53.95,249,9
باجة,باجة الجنوبية - تيبار - تبرسق,مستوتة,1257,259,741,58.95,241,9
باجة,باجة الجنوبية - تيبار - تبرسق,تيبار,3327,564,1392,41.84,484,7
باجة,باجة الجنوبية - تيبار - تبرسق,حمام سيالة,2101,341,859,40.89,303,9
باجة,باجة الجنوبية - تيبار - تبرسق,دجبة,3021,267,631,20.89,241,6
باجة,باجة الجنوبية - تيبار - تبرسق,دقة,2653,488,1287,48.51,506,7
المهدية,بومرداس - السواسي,سيدي الناصر,3462,612,1699,49.08,691,8
المهدية,بومرداس - السواسي,سيدي بوهلال,3268,646,1764,53.98,739,9
المهدية,بومرداس - السواسي,سيدي زيد,5219,920,2637,50.53,1111,9
المهدية,بومرداس - السواسي,كركر,5643,1185,3359,59.53,1410,8
باجة,باجة الجنوبية - تيبار - تبرسق,ريحانة,852,145,427,50.12,157,10
باجة,باجة الجنوبية - تيبار - تبرسق,زواغة,1434,206,522,36.4,163,6
باجة,باجة الجنوبية - تيبار - تبرسق,سيدي اسماعيل,4300,378,941,21.88,239,7
باجة,باجة الجنوبية - تيبار - تبرسق,سيدي السهيلي,1957,303,744,38.02,224,9
باجة,باجة الجنوبية - تيبار - تبرسق,سيدي فرج,4181,520,1227,29.35,368,6
باجة,باجة الجنوبية - تيبار - تبرسق,عين الحمام,296,59,164,55.41,66,6
باجة,باجة الجنوبية - تيبار - تبرسق,عين الدفالي,1118,158,384,34.35,123,6
باجة,باجة الجنوبية - تيبار - تبرسق,عين الكرمة,4017,673,1673,41.65,618,8
باجة,باجة الجنوبية - تيبار - تبرسق,النشيمة,1438,81,207,14.39,69,6
باجة,باجة الجنوبية - تيبار - تبرسق,الهواري,7909,684,1515,19.16,437,5
باجة,باجة الجنوبية - تيبار - تبرسق,بئر التوتة,1032,108,275,26.65,104,7
باجة,باجة الجنوبية - تيبار - تبرسق,تبرسق المدينة,3481,360,826,23.73,228,6
باجة,عمدون - نفزة,الطرهوني,904,161,391,43.25,161,6
باجة,عمدون - نفزة,الظهيرات,1560,282,709,45.45,356,6
باجة,عمدون - نفزة,الغرفة,689,108,251,36.43,124,5
باجة,عمدون - نفزة,الفرايجية,713,111,251,35.2,132,5
باجة,عمدون - نفزة,الحمراء,1082,109,252,23.29,66,4
باجة,عمدون - نفزة,الرماضنية,916,150,350,38.21,154,5
باجة,عمدون - نفزة,الزوارع,2862,450,1110,38.78,447,7
باجة,عمدون - نفزة,الطبابة,1556,179,410,26.35,140,6
باجة,باجة الشمالية,الزوابي,5912,499,1101,18.62,310,5
باجة,باجة الشمالية,الغرابة,1313,243,573,43.64,241,5
باجة,باجة الشمالية,الغيرية,1946,326,825,42.39,288,7
باجة,باجة الشمالية,القصبة,2667,302,710,26.62,229,6
باجة,عمدون - نفزة,القوسة,1348,212,514,38.13,174,7
باجة,عمدون - نفزة,المجالس,734,123,291,39.65,111,5
باجة,عمدون - نفزة,بالليف,1774,268,649,36.58,315,7
باجة,عمدون - نفزة,بوزنة,1848,361,967,52.33,451,6
باجة,عمدون - نفزة,صباح,853,111,248,29.07,100,5
باجة,عمدون - نفزة,غزية,1619,210,499,30.82,214,7
باجة,عمدون - نفزة,غياضة,1050,199,510,48.57,211,5
باجة,عمدون - نفزة,فطناسة,1419,264,695,48.98,327,7
باجة,عمدون - نفزة,كاف النيقرو,1809,341,863,47.71,357,6
باجة,عمدون - نفزة,مالك,1042,78,169,16.22,46,4
باجة,عمدون - نفزة,مغراوة,558,69,155,27.78,77,4
باجة,عمدون - نفزة,مقطع حديد,1193,183,481,40.32,201,8
باجة,باجة الشمالية,قصر باردو,7738,727,1651,21.34,553,8
باجة,باجة الشمالية,قصر مزوار,3188,464,1098,34.44,327,6
باجة,عمدون - نفزة,الجميلة,3332,494,1214,36.43,516,6
باجة,عمدون - نفزة,الجوزة,715,138,348,48.67,177,8
باجة,باجة الشمالية,باجة,12045,711,1507,12.51,301,5
باجة,باجة الشمالية,بوحزام,1862,241,559,30.02,146,6
باجة,باجة الشمالية,عزرة,1626,211,513,31.55,161,6
باجة,باجة الشمالية,عين سلطان,2190,318,766,34.98,242,6
باجة,عمدون - نفزة,جبل الديس,4147,609,1455,35.09,532,7
باجة,عمدون - نفزة,زاقة,2837,458,1140,40.18,464,7
باجة,عمدون - نفزة,زهرة مدين,4122,518,1215,29.48,420,6
باجة,عمدون - نفزة,زهرة مدين الجنوبية,2543,297,676,26.58,255,5
باجة,باجة الشمالية,المزارة,10097,650,1391,13.78,445,4
باجة,باجة الشمالية,المنار,6306,447,983,15.59,384,5
باجة,باجة الشمالية,المنشار,3302,403,940,28.47,341,6
باجة,باجة الشمالية,النقاشية,1669,294,719,43.08,277,6
باجة,مجاز الباب - قبلاط - تستور,أولاد سلامة,1151,89,208,18.07,53,6
باجة,مجاز الباب - قبلاط - تستور,ابن زيدون,4156,650,1613,38.81,766,12
باجة,مجاز الباب - قبلاط - تستور,السلوقية,4458,590,1790,40.15,891,16
باجة,مجاز الباب - قبلاط - تستور,الصخيرة,1049,88,229,21.83,82,8
باجة,مجاز الباب - قبلاط - تستور,الهري,2196,432,1198,54.55,393,7
باجة,مجاز الباب - قبلاط - تستور,بئر العش,1177,166,407,34.58,95,6
باجة,مجاز الباب - قبلاط - تستور,تستور,2413,295,683,28.31,237,7
باجة,مجاز الباب - قبلاط - تستور,توكابر,1062,155,383,36.06,137,7
باجة,مجاز الباب - قبلاط - تستور,القريعات,1668,273,712,42.69,216,10
باجة,مجاز الباب - قبلاط - تستور,القصر,1022,150,349,34.15,126,6
باجة,مجاز الباب - قبلاط - تستور,القمرتي,1121,41,102,9.1,18,6
باجة,مجاز الباب - قبلاط - تستور,المواطيس,6861,811,1894,27.61,526,11
باجة,مجاز الباب - قبلاط - تستور,سيدي عامر,345,63,153,44.35,63,6
باجة,مجاز الباب - قبلاط - تستور,سيدي عبد العزيز,815,134,359,44.05,127,7
باجة,مجاز الباب - قبلاط - تستور,سيدي مدين,1310,206,593,45.27,186,10
باجة,مجاز الباب - قبلاط - تستور,سيدي نصر,1731,157,382,22.07,92,6
باجة,مجاز الباب - قبلاط - تستور,حي 26 فيفري,5347,741,1847,34.54,748,13
باجة,مجاز الباب - قبلاط - تستور,حيدوس,543,111,300,55.25,90,6
باجة,مجاز الباب - قبلاط - تستور,خشاب,995,156,421,42.31,115,7
باجة,مجاز الباب - قبلاط - تستور,خنيقة الدهان,903,172,459,50.83,113,9
باجة,عمدون - نفزة,نفزة الشرقية,4398,460,1089,24.76,461,8
باجة,عمدون - نفزة,نفزة الغربية,6960,854,2083,29.93,939,9
باجة,عمدون - نفزة,وادي المعدن,1540,247,601,39.03,221,6
باجة,عمدون - نفزة,وشتاتة,4405,632,1488,33.78,515,7
باجة,مجاز الباب - قبلاط - تستور,شواش,917,61,146,15.92,38,6
باجة,مجاز الباب - قبلاط - تستور,شيخ الوديان,1288,248,740,57.45,186,8
باجة,مجاز الباب - قبلاط - تستور,عين يونس,1319,234,620,47.01,212,8
باجة,مجاز الباب - قبلاط - تستور,قبلاط,4732,622,1655,34.97,421,13
باجة,مجاز الباب - قبلاط - تستور,دور اسماعيل,1527,265,710,46.5,179,11
باجة,مجاز الباب - قبلاط - تستور,زلدو,1311,239,610,46.53,175,6
باجة,مجاز الباب - قبلاط - تستور,سيدي أحمد الجديدي,1256,232,581,46.26,214,7
باجة,مجاز الباب - قبلاط - تستور,سيدي الرائس,6349,819,1987,31.3,756,10
باجة,مجاز الباب - قبلاط - تستور,قرام,1286,219,619,48.13,188,13
باجة,مجاز الباب - قبلاط - تستور,قريش الوادي,1014,177,500,49.31,156,8
باجة,مجاز الباب - قبلاط - تستور,مجاز الباب الجنوبية,3366,508,1285,38.18,431,6
باجة,مجاز الباب - قبلاط - تستور,مجاز الباب المدينة,5598,569,1316,23.51,361,8
بن عروس,المروج - فرحات حشاد,فرحات حشاد,3775,384,914,24.21,394,6
بن عروس,بن عروس - المدينة الجديدة,الرابطة,8492,628,1435,16.9,597,7
بن عروس,بن عروس - المدينة الجديدة,المدينة الجديدة 1,7561,673,1531,20.25,483,6
بن عروس,بن عروس - المدينة الجديدة,المدينة الجديدة2,5796,490,1126,19.43,502,7
بن عروس,بن عروس - المدينة الجديدة,حي ابن عرفة,835,28,62,7.43,28,4
بن عروس,بن عروس - المدينة الجديدة,حي الاسكان,4217,275,617,14.63,191,6
بن عروس,بن عروس - المدينة الجديدة,سيدي بن عروس,7374,500,1135,15.39,425,6
بن عروس,بن عروس - المدينة الجديدة,سيدي مصباح,11044,758,1728,15.65,777,6
باجة,مجاز الباب - قبلاط - تستور,مزوغة,836,77,204,24.4,95,8
باجة,مجاز الباب - قبلاط - تستور,وادي الزرقاء,3914,672,1727,44.12,597,9
بن عروس,المحمدية,المحمدية,17175,1384,3164,18.42,1185,8
بن عروس,المحمدية,المنجي سليم,9535,1063,2561,26.86,1113,7
بن عروس,بومهل البساتين - الزهراء,برج الوزير,2602,368,956,36.74,420,11
بن عروس,بومهل البساتين - الزهراء,بومهل,11227,1052,2385,21.24,1248,7
بن عروس,بومهل البساتين - الزهراء,حي الحبيب,9941,846,1919,19.3,878,6
بن عروس,بومهل البساتين - الزهراء,شالة,5890,528,1202,20.41,376,5
بن عروس,بن عروس - المدينة الجديدة,المهيري,3842,344,828,21.55,312,6
بن عروس,بن عروس - المدينة الجديدة,الياسمينات,16974,1428,3369,19.85,1411,9
بن عروس,بن عروس - المدينة الجديدة,بن عروس الشرقية,8358,635,1455,17.41,520,9
بن عروس,بن عروس - المدينة الجديدة,بن عروس الغربية,5565,571,1339,24.06,506,7
بن عروس,المحمدية,حي السعادة,10082,1040,2425,24.05,1002,7
بن عروس,المحمدية,حي النسيم,11163,866,1982,17.76,898,7
بن عروس,المحمدية,سيدي فرج,1776,276,799,44.99,375,9
بن عروس,المروج - بئر القصعة,المروج 1,18386,1361,3003,16.33,1399,5
بن عروس,بومهل البساتين - الزهراء,18جانفي,6271,591,1322,21.08,583,5
بن عروس,بومهل البساتين - الزهراء,البساتين,12142,980,2261,18.62,1032,6
بن عروس,بومهل البساتين - الزهراء,البساتين الغربية,2393,277,672,28.08,292,5
بن عروس,بومهل البساتين - الزهراء,الزهراء المدينة,12034,1276,2924,24.3,984,7
بن عروس,حمام الأنف - حمام الشط,فرحات حشاد,899,83,184,20.47,37,4
بن عروس,رادس - مقرين,الطيب المهيري,6736,715,1693,25.13,731,6
بن عروس,رادس - مقرين,المنجي سليم,1986,138,307,15.46,141,5
بن عروس,رادس - مقرين,جوهرة,3389,402,926,27.32,351,6
بن عروس,رادس - مقرين,رادس مليان,5655,609,1411,24.95,774,8
بن عروس,رادس - مقرين,سيدي رزيق,2298,279,650,28.29,340,6
بن عروس,رادس - مقرين,سيدي رزيق 2,526,52,121,23.0,69,5
بن عروس,رادس - مقرين,مقرين الرياض,2959,394,992,33.52,430,6
بن عروس,المروج - بئر القصعة,المروج 3,20533,1548,3470,16.9,1972,6
بن عروس,المروج - بئر القصعة,المروج 4,12082,1030,2305,19.08,1243,5
بن عروس,المروج - بئر القصعة,بئر القصعة,1944,112,239,12.29,160,6
بن عروس,المروج - فرحات حشاد,المروج 5,22969,1661,3667,15.96,2049,6
بن عروس,رادس - مقرين,مقرين العليا,5284,522,1208,22.86,537,6
بن عروس,رادس - مقرين,مقرين شاكر,6968,812,1951,28.0,548,8
بن عروس,رادس - مقرين,مقرين شاكر2,3352,434,1013,30.22,337,7
بن عروس,رادس - مقرين,منزل مبروك,479,21,44,9.19,22,4
بن عروس,حمام الأنف - حمام الشط,حمام الانف الملعب,5772,654,1531,26.52,567,7
بن عروس,حمام الأنف - حمام الشط,حمام الانف بوقرنين,6627,593,1365,20.6,516,5
بن عروس,حمام الأنف - حمام الشط,حمام الشط,10773,945,2155,20.0,1026,7
بن عروس,حمام الأنف - حمام الشط,حي محمد علي,5880,630,1542,26.22,595,7
بن عروس,رادس - مقرين,نوبو,2120,277,689,32.5,260,7
بن عروس,فوشانة,المغيرة,3974,394,936,23.55,415,8
بن عروس,فوشانة,الهضاب,10211,917,2138,20.94,1117,7
بن عروس,فوشانة,حي المستقبل,7555,895,2221,29.4,959,8
بن عروس,مرناق,جبل الرصاص,2902,444,1138,39.21,448,7
بن عروس,مرناق,سيدي سالم القارصي,643,86,213,33.13,74,5
بن عروس,مرناق,سيدي سعد,3973,633,1631,41.05,594,7
بن عروس,مرناق,عين رقاد,710,134,376,52.96,168,7
بن عروس,مرناق,أوذنة,2335,405,1024,43.85,423,6
بن عروس,مرناق,الخليدية,5155,760,1868,36.24,695,8
بن عروس,مرناق,الرسالة,3118,458,1254,40.22,495,9
بن عروس,مرناق,الزاوية,4598,643,1657,36.04,677,8
بن عروس,مرناق,السلام,4384,657,1807,41.22,867,13
بن عروس,مرناق,القصيبي,1864,311,958,51.39,417,11
بن عروس,مرناق,القنة,815,177,487,59.75,187,7
بن عروس,مرناق,الكبوطي,1875,254,709,37.81,271,9
بن عروس,حمام الأنف - حمام الشط,بئر الباي,5538,531,1196,21.6,550,6
بن عروس,حمام الأنف - حمام الشط,برج السدرية,11899,1224,2978,25.03,1341,9
بن عروس,حمام الأنف - حمام الشط,حمام الانف المدينة,10420,1000,2225,21.35,549,6
بن عروس,حمام الأنف - حمام الشط,حمام الانف المدينة 2,633,31,65,10.27,28,3
بن عروس,رادس - مقرين,رادس الغابة,3309,223,492,14.87,290,5
بن عروس,رادس - مقرين,رادس المدينة,14725,1181,2694,18.3,863,7
بن عروس,رادس - مقرين,رادس الملاحة,5321,660,1691,31.78,559,8
بن عروس,رادس - مقرين,رادس رمادة,8047,743,1663,20.67,634,6
بن عروس,فوشانة,دوار الحوش,1899,248,591,31.12,249,6
بن عروس,فوشانة,شبدّة,3218,462,1150,35.74,471,6
بن عروس,فوشانة,فوشانة,15185,1410,3282,21.61,1184,7
بن عروس,فوشانة,نعسان,15821,2101,5060,31.98,1841,8
بنزرت,بنزرت الجنوبية,باب ماطر,5961,643,1571,26.35,565,8
بنزرت,بنزرت الجنوبية,تسكراية,1731,134,321,18.54,129,6
بنزرت,بنزرت الجنوبية,حي الجلاء,2482,187,435,17.53,199,6
بنزرت,بنزرت الجنوبية,سيدي احمد,4557,727,1821,39.96,721,9
بنزرت,بنزرت الجنوبية,سيدي عامر,1077,150,363,33.7,160,4
بنزرت,بنزرت الجنوبية,فرحات حشاد,9478,1266,3066,32.35,1335,11
بنزرت,بنزرت الجنوبية,مرنيصة,3033,377,1010,33.3,424,10
بنزرت,بنزرت الجنوبية,هيشر,930,183,477,51.29,185,6
بنزرت,سجنان - جومين - غزالة,أولاد الماي,722,70,163,22.58,85,4
بنزرت,سجنان - جومين - غزالة,أولاد غانم,3357,338,803,23.92,366,5
بنزرت,سجنان - جومين - غزالة,الحشاشنة,5055,372,919,18.18,349,7
بنزرت,سجنان - جومين - غزالة,الذواودة,2423,136,290,11.97,143,4
بنزرت,سجنان - جومين - غزالة,السحابنة,3667,144,333,9.08,168,7
بنزرت,سجنان - جومين - غزالة,السمان,2185,255,601,27.51,307,5
بنزرت,سجنان - جومين - غزالة,الشنانة,1904,255,593,31.14,263,6
بنزرت,سجنان - جومين - غزالة,الطواجنية,2772,273,648,23.38,311,6
بن عروس,مرناق,مرناق,14804,1536,3663,24.74,1413,10
بن عروس,مرناق,مرناق الغربية,5777,564,1349,23.35,571,7
بنزرت,بنزرت الجنوبية,اللواتة,5475,947,2682,48.99,1213,15
بنزرت,بنزرت الجنوبية,المصيدة,6588,880,2222,33.73,1112,7
بنزرت,سجنان - جومين - غزالة,تاهنت,1770,163,368,20.79,137,5
بنزرت,سجنان - جومين - غزالة,حشاد,3479,352,807,23.2,360,5
بنزرت,سجنان - جومين - غزالة,ركب,2288,268,613,26.79,305,5
بنزرت,سجنان - جومين - غزالة,رواحة,2259,302,742,32.85,423,10
بنزرت,سجنان - جومين - غزالة,العبابسة,2094,164,381,18.19,135,5
بنزرت,سجنان - جومين - غزالة,العرب,2224,206,474,21.31,214,7
بنزرت,سجنان - جومين - غزالة,المشارقة,3394,153,352,10.37,220,5
بنزرت,سجنان - جومين - غزالة,المعالية,3991,273,642,16.09,218,7
بنزرت,سجنان - جومين - غزالة,امادن,2693,234,559,20.76,163,8
بنزرت,سجنان - جومين - غزالة,بازينة,6508,780,1913,29.39,821,8
بنزرت,سجنان - جومين - غزالة,بالرايس,1051,83,186,17.7,83,5
بنزرت,سجنان - جومين - غزالة,بوجرير,1432,148,332,23.18,147,5
بنزرت,بنزرت الشمالية,15أكتوبر,3737,346,761,20.36,349,4
بنزرت,بنزرت الشمالية,الحبيب الحداد,14075,1262,2826,20.08,1274,6
بنزرت,بنزرت الشمالية,الحبيب بوقطفة,6818,436,984,14.43,351,6
بنزرت,بنزرت الشمالية,الشيخ إدريس,456,14,30,6.58,14,3
بنزرت,بنزرت الشمالية,القنال,4844,404,900,18.58,349,5
بنزرت,بنزرت الشمالية,الكرنيش,6255,530,1196,19.12,514,5
بنزرت,بنزرت الشمالية,المؤتمر,6515,660,1544,23.7,601,8
بنزرت,بنزرت الشمالية,المدينة,15055,1543,3606,23.95,856,8
بنزرت,بنزرت الشمالية,الهناء,11903,1116,2560,21.51,860,7
بنزرت,بنزرت الشمالية,بوبكر باكير,5423,489,1132,20.87,430,6
بنزرت,بنزرت الشمالية,حسن النوري,5462,648,1524,27.9,580,6
بنزرت,بنزرت الشمالية,عين مريم,8137,870,2094,25.73,572,8
بنزرت,سجنان - جومين - غزالة,سجنان,8683,1116,2821,32.49,1151,9
بنزرت,سجنان - جومين - غزالة,سيدي عيسى,2264,241,552,24.38,283,6
بنزرت,سجنان - جومين - غزالة,سيدي مشرق,2584,172,401,15.52,200,5
بنزرت,سجنان - جومين - غزالة,سيدي منصور,1492,178,453,30.36,236,6
بنزرت,سجنان - جومين - غزالة,غزالة,5902,558,1303,22.08,633,6
بنزرت,سجنان - جومين - غزالة,كاف غراب,1540,140,314,20.39,136,4
بنزرت,غار الملح - العالية - راس الجبل,الختمين,4540,650,1716,37.8,820,12
بنزرت,غار الملح - العالية - راس الجبل,الزواوين,2380,403,1082,45.46,462,7
بنزرت,ماطر - أوتيك,البسباسية,1744,235,603,34.58,260,7
بنزرت,ماطر - أوتيك,الحويض,1537,244,637,41.44,268,6
بنزرت,ماطر - أوتيك,المبطوح,805,130,362,44.97,202,6
بنزرت,ماطر - أوتيك,باش حانبة,1715,286,745,43.44,259,8
بنزرت,غار الملح - العالية - راس الجبل,غار الملح,5021,839,2190,43.62,875,9
بنزرت,ماطر - أوتيك,أحواز ماطر,3151,314,727,23.07,282,5
بنزرت,ماطر - أوتيك,أوتيك,4323,690,1783,41.24,783,10
بنزرت,ماطر - أوتيك,أوتيك الجديدة,2258,386,1062,47.03,540,8
بنزرت,ماطر - أوتيك,حي النصر,3023,376,922,30.5,430,6
بنزرت,ماطر - أوتيك,سيدي عثمان,955,160,463,48.48,186,6
بنزرت,ماطر - أوتيك,عرب ماجور,2287,218,489,21.38,218,5
بنزرت,ماطر - أوتيك,عين غلال,2030,279,684,33.69,232,6
بنزرت,ماطر - أوتيك,بهاية,2377,216,494,20.78,190,5
بنزرت,ماطر - أوتيك,بومخيلة,2095,232,542,25.87,263,5
بنزرت,ماطر - أوتيك,ترقلاش,1405,127,286,20.36,103,5
بنزرت,ماطر - أوتيك,حي الصداقة,3408,364,847,24.85,431,6
بنزرت,غار الملح - العالية - راس الجبل,رفراف,10377,1494,3844,37.04,1730,9
بنزرت,غار الملح - العالية - راس الجبل,سيدي علي الشباب,1315,186,496,37.72,296,9
بنزرت,غار الملح - العالية - راس الجبل,صونين,3077,452,1409,45.79,1027,19
بنزرت,غار الملح - العالية - راس الجبل,عوسجة,6744,999,2536,37.6,947,10
بنزرت,غار الملح - العالية - راس الجبل,العالية الجنوبية,10501,763,1694,16.13,894,6
بنزرت,غار الملح - العالية - راس الجبل,العالية الشمالية,7100,617,1447,20.38,920,7
بنزرت,غار الملح - العالية - راس الجبل,القرية,1867,243,632,33.85,397,6
بنزرت,غار الملح - العالية - راس الجبل,الماتلين,7031,675,1592,22.64,760,6
تطاوين,تطاوين الجنوبية - بئر الأحمر - غمراسن,البئر الأحمر الغربية,1153,193,497,43.1,191,6
تطاوين,تطاوين الجنوبية - بئر الأحمر - غمراسن,البساتين,807,129,373,46.22,237,8
تطاوين,تطاوين الجنوبية - بئر الأحمر - غمراسن,الدويرات,656,107,371,56.55,209,11
تطاوين,تطاوين الجنوبية - بئر الأحمر - غمراسن,الرقبة,5870,888,2496,42.52,1107,11
بنزرت,منزل بورقيبة - تينجة,تينجة,10654,1465,3375,31.68,1112,7
بنزرت,منزل بورقيبة - تينجة,حي الثورة,5668,756,1888,33.31,828,7
بنزرت,منزل بورقيبة - تينجة,حي الحدائق,1518,77,166,10.94,58,4
بنزرت,منزل بورقيبة - تينجة,قبطنة 1,1331,176,454,34.11,204,5
بنزرت,ماطر - أوتيك,ماطر,13823,1331,2961,21.42,1124,5
بنزرت,ماطر - أوتيك,ماطر الجنوبية,5423,509,1154,21.28,468,6
بنزرت,ماطر - أوتيك,نفات,2176,180,412,18.93,159,6
بنزرت,منزل بورقيبة - تينجة,الزعرور,1752,213,530,30.25,261,7
بنزرت,غار الملح - العالية - راس الجبل,الماتلين الغربية,3395,333,777,22.89,377,8
بنزرت,غار الملح - العالية - راس الجبل,باجو,3105,604,1836,59.13,934,8
بنزرت,غار الملح - العالية - راس الجبل,رأس الجبل الجنوبية,10809,1183,2792,25.83,1136,8
بنزرت,غار الملح - العالية - راس الجبل,رأس الجبل الشمالية,16211,1803,4221,26.04,1692,7
تطاوين,تطاوين الجنوبية - بئر الأحمر - غمراسن,الزهور,2316,296,689,29.75,200,6
تطاوين,تطاوين الجنوبية - بئر الأحمر - غمراسن,السند,2948,440,1096,37.18,480,8
تطاوين,تطاوين الجنوبية - بئر الأحمر - غمراسن,العرقوب,282,44,146,51.77,92,7
تطاوين,تطاوين الجنوبية - بئر الأحمر - غمراسن,الفرش,1592,274,814,51.13,363,10
تطاوين,تطاوين الجنوبية - بئر الأحمر - غمراسن,القرضاب,569,70,184,32.34,93,7
تطاوين,تطاوين الجنوبية - بئر الأحمر - غمراسن,المدينة,1010,187,515,50.99,240,8
تطاوين,تطاوين الجنوبية - بئر الأحمر - غمراسن,المدينة الجديدة,2972,390,966,32.5,346,9
تطاوين,تطاوين الجنوبية - بئر الأحمر - غمراسن,المزطورية الجنوبية,1970,389,1191,60.46,556,8
بنزرت,منزل بورقيبة - تينجة,قبطنة 2,3485,513,1303,37.39,594,8
بنزرت,منزل بورقيبة - تينجة,قنقلة,5464,591,1366,25.0,725,8
بنزرت,منزل جميل - جرزونة,العزيب,4906,801,2069,42.17,1094,8
بنزرت,منزل جميل - جرزونة,جرزونة الجنوبية,12066,1411,3281,27.19,1100,7
تطاوين,تطاوين الجنوبية - بئر الأحمر - غمراسن,المزطورية الشمالية,1126,200,596,52.93,290,8
تطاوين,تطاوين الجنوبية - بئر الأحمر - غمراسن,المسرب,3047,552,1753,57.53,1131,16
تطاوين,تطاوين الجنوبية - بئر الأحمر - غمراسن,الواحة,3349,480,1241,37.06,587,11
تطاوين,تطاوين الجنوبية - بئر الأحمر - غمراسن,بئر الثلاثين,901,193,648,71.92,326,10
تطاوين,تطاوين الجنوبية - بئر الأحمر - غمراسن,رأس الوادي,437,88,298,68.19,180,10
تطاوين,تطاوين الجنوبية - بئر الأحمر - غمراسن,شنني,530,113,330,62.26,156,9
تطاوين,تطاوين الجنوبية - بئر الأحمر - غمراسن,شنني الجديدة,281,49,137,48.75,84,6
تطاوين,تطاوين الجنوبية - بئر الأحمر - غمراسن,غرغار,2598,481,1746,67.21,1066,13
بنزرت,منزل جميل - جرزونة,جرزونة الشرقية,3820,400,924,24.19,320,5
بنزرت,منزل جميل - جرزونة,جرزونة الشمالية,3039,312,743,24.45,310,7
بنزرت,منزل جميل - جرزونة,جرزونة الغربية,2931,385,923,31.49,339,6
بنزرت,منزل جميل - جرزونة,منزل جميل الشرقية,16219,1579,3699,22.81,1328,8
تطاوين,تطاوين الجنوبية - بئر الأحمر - غمراسن,غمراسن,1906,198,464,24.34,168,5
تطاوين,تطاوين الجنوبية - بئر الأحمر - غمراسن,قراقر,318,52,159,50.0,103,7
تطاوين,تطاوين الجنوبية - بئر الأحمر - غمراسن,قرماسة,1107,225,665,60.07,317,9
تطاوين,تطاوين الجنوبية - بئر الأحمر - غمراسن,قصر الحدادة,1330,201,586,44.06,272,15
بنزرت,منزل جميل - جرزونة,منزل جميل الغربية,6278,591,1324,21.09,499,6
بنزرت,منزل جميل - جرزونة,منزل عبد الرحمان الشرقية,9367,1095,2485,26.53,816,7
بنزرت,منزل جميل - جرزونة,منزل عبد الرحمان الغربية,2901,377,881,30.37,310,5
تطاوين,تطاوين الجنوبية - بئر الأحمر - غمراسن,البئر الأحمر الشرقية,1428,191,489,34.24,232,6
تطاوين,تطاوين الجنوبية - بئر الأحمر - غمراسن,بني بركة-تونكت,1065,183,564,52.96,352,10
تطاوين,تطاوين الجنوبية - بئر الأحمر - غمراسن,تطاوين العليا,2532,233,523,20.66,106,5
تطاوين,تطاوين الجنوبية - بئر الأحمر - غمراسن,تطاوين المدينة,6606,595,1428,21.62,496,7
تطاوين,تطاوين الجنوبية - بئر الأحمر - غمراسن,حي البر,2759,383,1299,47.08,754,13
تطاوين,تطاوين الشمالية - بني مهيرة - الصمار,الغرياني,627,104,343,54.7,198,10
تطاوين,تطاوين الشمالية - بني مهيرة - الصمار,القلعة الشرقية,1902,338,1088,57.2,666,13
تطاوين,تطاوين الشمالية - بني مهيرة - الصمار,القلعة الغربية,1624,278,841,51.79,502,10
تطاوين,تطاوين الشمالية - بني مهيرة - الصمار,المرة,455,83,224,49.23,107,7
تطاوين,تطاوين الشمالية - بني مهيرة - الصمار,الرهاش,231,26,79,34.2,46,7
تطاوين,تطاوين الشمالية - بني مهيرة - الصمار,الزهراء,3530,538,1379,39.07,639,10
تطاوين,تطاوين الشمالية - بني مهيرة - الصمار,السعادة,967,157,476,49.22,280,10
تطاوين,تطاوين الشمالية - بني مهيرة - الصمار,الصمار,3634,602,1837,50.55,956,12
تطاوين,تطاوين الشمالية - بني مهيرة - الصمار,بني بلال,1102,163,465,42.2,232,8
تطاوين,تطاوين الشمالية - بني مهيرة - الصمار,بني مهيرة الشرقية,1225,193,551,44.98,285,10
تطاوين,تطاوين الشمالية - بني مهيرة - الصمار,تلالت,1368,253,794,58.04,379,10
تطاوين,تطاوين الشمالية - بني مهيرة - الصمار,خاتمة,1373,213,654,47.63,386,10
تطاوين,تطاوين الشمالية - بني مهيرة - الصمار,قصر عون,1569,290,1028,65.52,729,13
تطاوين,تطاوين الشمالية - بني مهيرة - الصمار,قصر مهيرة,2891,565,1852,64.06,1675,15
تطاوين,تطاوين الشمالية - بني مهيرة - الصمار,قطوفة,730,108,353,48.36,261,11
تطاوين,تطاوين الشمالية - بني مهيرة - الصمار,كرشاو,1708,325,1150,67.33,769,13
بنزرت,منزل بورقيبة - تينجة,الشلاغمية,4364,519,1204,27.59,490,8
بنزرت,منزل بورقيبة - تينجة,المدينة,20277,2210,4910,24.21,1290,6
بنزرت,منزل بورقيبة - تينجة,النجاح 1,7995,1128,2675,33.46,974,9
بنزرت,منزل بورقيبة - تينجة,النجاح 2,7691,772,1715,22.3,523,6
تطاوين,تطاوين الجنوبية - بئر الأحمر - غمراسن,قصر المرابطين,1438,270,773,53.76,292,19
تطاوين,تطاوين الجنوبية - بئر الأحمر - غمراسن,قصر المقابلة,2683,507,1646,61.35,802,13
تطاوين,تطاوين الجنوبية - بئر الأحمر - غمراسن,وادي الخيل,429,31,75,17.48,22,4
تطاوين,تطاوين الشمالية - بني مهيرة - الصمار,التضامن,9481,1142,2907,30.66,1209,9
تطاوين,ذهيبة - رمادة,كنبوت,533,97,288,54.03,177,12
تطاوين,ذهيبة - رمادة,مغنى,241,47,149,61.83,87,7
تطاوين,ذهيبة - رمادة,نكريف,783,151,476,60.79,263,9
توزر,توزر,الإزدهار,6374,836,2113,33.15,819,9
تطاوين,ذهيبة - رمادة,ذهيبة الشرقية,2143,306,760,35.46,317,10
تطاوين,ذهيبة - رمادة,ذهيبة الغربية,1394,186,458,32.86,181,7
تطاوين,ذهيبة - رمادة,رمادة الشرقية,2003,331,1033,51.57,629,13
تطاوين,ذهيبة - رمادة,رمادة الغربية,3077,487,1311,42.61,633,10
تطاوين,تطاوين الشمالية - بني مهيرة - الصمار,المعونة,283,51,165,58.3,90,8
تطاوين,تطاوين الشمالية - بني مهيرة - الصمار,النزهة,5843,746,1889,32.33,703,7
تطاوين,تطاوين الشمالية - بني مهيرة - الصمار,النصر,3797,405,1050,27.65,532,9
تطاوين,تطاوين الشمالية - بني مهيرة - الصمار,برورمت,5674,873,2476,43.64,1378,16
توزر,توزر,مسغونة,988,131,319,32.29,131,6
توزر,دقاش - حامة الجريد - تمغزة,الحامة,3334,578,1589,47.66,621,9
توزر,دقاش - حامة الجريد - تمغزة,الرميثة,469,88,306,65.25,194,13
توزر,دقاش - حامة الجريد - تمغزة,الشبيكة,949,163,543,57.22,299,9
توزر,دقاش - حامة الجريد - تمغزة,سندس فم الخنقة,508,101,363,71.46,203,9
توزر,دقاش - حامة الجريد - تمغزة,شاكمو,397,64,217,54.66,125,9
توزر,دقاش - حامة الجريد - تمغزة,عين الكرمة,1054,171,564,53.51,298,10
توزر,دقاش - حامة الجريد - تمغزة,ميداس,563,113,357,63.41,168,10
تطاوين,تطاوين الشمالية - بني مهيرة - الصمار,وادي الغار,6453,908,2446,37.9,1160,12
تطاوين,تطاوين الشمالية - بني مهيرة - الصمار,وادي القمح,6267,974,2614,41.71,1338,15
تطاوين,ذهيبة - رمادة,بئر عمير,455,86,291,63.96,194,9
تطاوين,ذهيبة - رمادة,برج الخضراء,3,0,0,0.0,0,0
توزر,توزر,الحضر,4969,803,2251,45.3,958,12
توزر,توزر,الزبدة,2324,266,655,28.18,239,8
توزر,توزر,الشابية,4554,507,1307,28.7,567,8
توزر,توزر,القيطنة,1,0,0,0.0,0,0
توزر,دقاش - حامة الجريد - تمغزة,المحاسن,3063,544,1551,50.64,576,12
توزر,دقاش - حامة الجريد - تمغزة,النملات,2038,363,1017,49.9,439,8
توزر,دقاش - حامة الجريد - تمغزة,بوهلال,2849,545,1678,58.9,603,12
توزر,دقاش - حامة الجريد - تمغزة,تمغزة,2059,378,1104,53.62,527,14
توزر,نفطة - حزوة,حطام,916,172,513,56.0,262,9
توزر,نفطة - حزوة,عين أولاد الغريسي,532,94,284,53.38,167,8
توزر,نفطة - حزوة,غرة جوان,1864,283,722,38.73,299,6
تونس,التحرير - باردو,إبن سيناء,1648,95,218,13.23,108,4
توزر,دقاش - حامة الجريد - تمغزة,دغومس,1622,303,916,56.47,496,10
توزر,دقاش - حامة الجريد - تمغزة,دقاش الجنوبية,4302,656,1642,38.17,570,7
توزر,دقاش - حامة الجريد - تمغزة,دقاش الشمالية,2377,293,691,29.07,241,6
توزر,دقاش - حامة الجريد - تمغزة,سبع آبار,2838,475,1277,45.0,547,8
توزر,نفطة - حزوة,الاصيل,1580,199,477,30.19,159,6
توزر,نفطة - حزوة,التحرير,1981,236,538,27.16,181,6
توزر,نفطة - حزوة,الخضر بن حسين,4216,743,2114,50.14,1103,9
توزر,نفطة - حزوة,السنى,1709,212,521,30.49,205,7
توزر,نفطة - حزوة,الشافعي الشريف,2572,438,1120,43.55,560,7
توزر,نفطة - حزوة,العيون,2315,369,929,40.13,447,10
توزر,نفطة - حزوة,الواحة,1904,319,804,42.23,380,6
توزر,نفطة - حزوة,حزوة,2558,438,1327,51.88,670,9
توزر,توزر,الهبائلة,2148,216,526,24.49,199,6
توزر,توزر,الهوادف,2936,449,1154,39.31,452,7
توزر,توزر,حي المطار,8447,977,2444,28.93,1063,11
توزر,توزر,رأس الذراع حلبة,3694,488,1500,40.61,741,10
تونس,التحرير - باردو,التحرير الثاني,2049,195,468,22.84,143,5
تونس,التحرير - باردو,التحرير العلوي,3098,326,782,25.24,374,5
تونس,التحرير - باردو,الحديقة - (التحرير),1471,67,140,9.52,56,3
تونس,التحرير - باردو,الحديقة - (باردو),1078,49,115,10.67,32,5
تونس,التحرير - باردو,الإقامة الطيبة,567,38,85,14.99,34,4
تونس,التحرير - باردو,البساتين,606,40,91,15.02,32,4
تونس,التحرير - باردو,التحرير الأول,12130,1183,2666,21.98,760,7
تونس,التحرير - باردو,التحرير الثالث,613,41,90,14.68,35,4
تونس,السيجومي - الزهور,النجاح,3785,280,651,17.2,147,7
تونس,السيجومي - الزهور,بئر عنيبة,355,11,23,6.48,8,3
تونس,السيجومي - الزهور,باش حانبة,4051,428,1003,24.76,373,6
تونس,السيجومي - الزهور,حي الشهداء,828,38,81,9.78,37,4
تونس,التحرير - باردو,السعادة,3697,370,898,24.29,332,5
تونس,التحرير - باردو,الفتح,897,36,80,8.92,36,5
تونس,التحرير - باردو,باردو,13525,1136,2544,18.81,635,8
تونس,التحرير - باردو,باردو الجنوبي,4114,318,734,17.84,289,5
تونس,السيجومي - الزهور,الزهور الرابع,3551,289,647,18.22,208,5
تونس,السيجومي - الزهور,السعادة,2164,217,516,23.84,179,6
تونس,السيجومي - الزهور,السمران,4932,646,1528,30.98,494,6
تونس,السيجومي - الزهور,الملاسين,6094,635,1461,23.97,218,7
تونس,الحرائرية,الفلة,3330,376,866,26.01,374,5
تونس,الحرائرية,طارق بن زياد,2147,212,480,22.36,230,5
تونس,الحرائرية,غدير القلة,3230,506,1287,39.85,620,7
تونس,السيجومي - الزهور,الزهور,11862,1383,3294,27.77,1006,7
تونس,التحرير - باردو,باردو الشمالي,6997,568,1294,18.49,456,5
تونس,التحرير - باردو,بوشوشة,8620,623,1438,16.68,530,5
تونس,التحرير - باردو,خزندار,14783,1257,2829,19.14,1013,7
تونس,التحرير - باردو,قصر البرطال,3699,480,1191,32.2,478,6
تونس,السيجومي - الزهور,حي الطيران,5652,549,1284,22.72,427,6
تونس,السيجومي - الزهور,حي هلال,7771,1221,3053,39.29,871,7
تونس,السيجومي - الزهور,علي البلهوان - (السيجومي),7543,774,1812,24.02,504,7
تونس,العمران - العمران الاعلى,أحمد التليلي,3833,331,730,19.05,286,5
تونس,العمران - العمران الاعلى,حي الزياتين,7993,679,1499,18.75,419,6
تونس,العمران - العمران الاعلى,حي بن خلدون الأول,5622,391,879,15.64,292,6
تونس,العمران - العمران الاعلى,حي بن خلدون الثاني,874,14,28,3.2,15,2
تونس,العمران - العمران الاعلى,حي بن خلدون السادس,778,13,28,3.6,21,3
تونس,الحرائرية,الزهور الخامس,14737,1256,2855,19.37,988,6
تونس,الحرائرية,العقبة,11303,1052,2454,21.71,845,7
تونس,الحرائرية,العقبة العليا,4470,442,1015,22.71,448,7
تونس,الحرائرية,العنتيت,3041,345,804,26.44,323,7
تونس,العمران - العمران الاعلى,الجبل الأحمر,7276,934,2166,29.77,324,6
تونس,العمران - العمران الاعلى,الرمانة,8672,1001,2392,27.58,750,8
تونس,العمران - العمران الاعلى,الصديق,1602,100,216,13.48,76,4
تونس,العمران - العمران الاعلى,العمران,10510,808,1786,16.99,494,6
تونس,العمران - العمران الاعلى,العمران الأعلى,9315,606,1345,14.44,669,5
تونس,العمران - العمران الاعلى,النسيم,2925,242,560,19.15,288,6
تونس,العمران - العمران الاعلى,بئر عتيق,3238,316,728,22.48,260,5
تونس,العمران - العمران الاعلى,حي الإنطلاقة,8845,927,2198,24.85,744,7
تونس,التحرير - باردو,قصر السعيد,3669,333,743,20.25,112,5
تونس,التحرير - باردو,قصر السعيد الثاني,5337,479,1092,20.46,426,5
تونس,الحرائرية,الحرائرية,11394,817,1831,16.07,464,7
تونس,الحرائرية,الزهروني,23457,2018,4482,19.11,1185,6
تونس,العمران - العمران الاعلى,رأس الطابية,4783,450,1067,22.31,408,7
تونس,العمران - العمران الاعلى,وادي السبعي,2727,247,562,20.61,167,5
تونس,الكبارية,إبن سينا 1,11972,1041,2337,19.52,933,10
تونس,الكبارية,إبن سينا 2,6718,483,1066,15.87,658,5
تونس,المدينة - باب سويقة,الحلفاوين,8025,607,1386,17.27,428,7
تونس,المدينة - باب سويقة,الزاوية البكرية,331,3,7,2.11,4,3
تونس,المدينة - باب سويقة,الزرارعية,596,5,10,1.68,1,2
تونس,المدينة - باب سويقة,الصباغين,670,18,37,5.52,8,3
تونس,الكرم,سيدي فرج,3739,264,597,15.97,299,6
تونس,المدينة - باب سويقة,التوفيق,5195,267,600,11.55,129,7
تونس,المدينة - باب سويقة,الحفصية,7194,635,1514,21.05,515,8
تونس,الكبارية,الكبارية 1,6978,912,2234,32.01,523,7
تونس,الكبارية,الكبارية 2,4224,472,1112,26.33,329,7
تونس,الكبارية,الكبارية 3,5648,589,1357,24.03,436,6
تونس,الكبارية,الكبارية 4,6236,539,1235,19.8,509,5
تونس,المدينة - باب سويقة,باب المنارة,5473,307,699,12.77,185,6
تونس,المدينة - باب سويقة,باب سعدون,5420,361,843,15.55,217,6
تونس,المدينة - باب سويقة,باب سيدي عبد السلام,763,4,8,1.05,3,2
تونس,المدينة - باب سويقة,برج زوارة,697,81,189,27.12,77,5
تونس,المدينة - باب سويقة,سيدي الجبالي,274,5,10,3.65,0,2
تونس,المدينة - باب سويقة,سيدي بومنديل,3860,85,178,4.61,35,3
تونس,المدينة - باب سويقة,سيدي علي عزوز,2654,112,246,9.27,82,4
تونس,الوردية - جبل الجلود,الأفران,2005,214,489,24.39,162,6
تونس,المدينة - باب سويقة,المدينة,574,25,53,9.23,7,5
تونس,المدينة - باب سويقة,باب البنات,5675,72,154,2.71,10,5
تونس,المدينة - باب سويقة,باب الخضراء,11748,431,963,8.2,275,5
تونس,المدينة - باب سويقة,باب العسل,581,9,18,3.1,2,2
تونس,الكبارية,المروج 2,11974,989,2258,18.86,1115,8
تونس,الكبارية,حي النور,6129,1011,2797,45.64,1079,11
تونس,الكرم,البئر الحلو,3066,350,846,27.59,311,9
تونس,الكرم,البحيرة,8797,681,1621,18.43,629,6
تونس,المدينة - باب سويقة,تربة الباي,5787,363,811,14.01,220,7
تونس,المدينة - باب سويقة,ترنجة,8509,571,1287,15.13,397,7
تونس,المدينة - باب سويقة,حمام الرميمي,575,31,69,12.0,4,4
تونس,المدينة - باب سويقة,سوق النحاس,589,8,16,2.72,4,2
تونس,الوردية - جبل الجلود,حي محمد علي,4778,385,877,18.35,266,5
تونس,الوردية - جبل الجلود,سيدي بلحسن,3609,469,1128,31.26,275,7
تونس,الوردية - جبل الجلود,سيدي فتح الله,2220,224,509,22.93,155,6
تونس,الوردية - جبل الجلود,علي باش حانبة,1917,158,359,18.73,97,5
تونس,الكرم,الرياض,7551,752,1727,22.87,508,6
تونس,الكرم,الكرم الشرقي,12053,978,2200,18.25,778,6
تونس,الكرم,الكرم الغربي,14619,2209,5388,36.86,1346,8
تونس,الكرم,سيدي عمر,657,14,30,4.57,15,3
تونس,باب البحر - سيدي البشير,بحيرة تونس,1738,115,263,15.13,90,5
تونس,باب البحر - سيدي البشير,سيدي البحري,5778,261,580,10.04,178,6
تونس,باب البحر - سيدي البشير,سيدي البشير,1401,88,190,13.56,37,5
تونس,باب البحر - سيدي البشير,سيدي منصور,469,18,43,9.17,21,4
تونس,الوردية - جبل الجلود,بوقطفة,3971,451,1063,26.77,375,6
تونس,الوردية - جبل الجلود,جبل الجلود,4543,532,1223,26.92,215,7
تونس,الوردية - جبل الجلود,حي الإزدهار,4069,308,692,17.01,268,5
تونس,الوردية - جبل الجلود,حي الفتح,7279,909,2145,29.47,638,9
تونس,الوردية - جبل الجلود,السبخاء,152,7,16,10.53,7,4
تونس,الوردية - جبل الجلود,الطاهر صفر,733,44,94,12.82,25,3
تونس,الوردية - جبل الجلود,القرجومة,1968,237,558,28.35,191,6
تونس,الوردية - جبل الجلود,الوردية,16608,1972,4618,27.81,971,6
تونس,باب البحر - سيدي البشير,المنجي سليم,314,7,15,4.78,0,3
تونس,باب البحر - سيدي البشير,الهادي شاكر,3494,104,225,6.44,69,4
تونس,باب البحر - سيدي البشير,باب البحر,10588,327,716,6.76,213,5
تونس,حي الخضراء - المنزه,(فرحات حشاد - (حي الخضراء,3743,302,697,18.62,254,5
تونس,حي الخضراء - المنزه,البحيرة,4383,316,685,15.63,440,5
تونس,حي الخضراء - المنزه,الشرقية,312,42,99,31.73,33,4
تونس,حي الخضراء - المنزه,الفتح,1307,54,121,9.26,54,4
تونس,باب البحر - سيدي البشير,أبو القاسم الشابي,4692,382,842,17.95,275,5
تونس,باب البحر - سيدي البشير,الحبيب ثامر,6251,311,685,10.96,231,8
تونس,باب البحر - سيدي البشير,الحدائق,5387,336,733,13.61,296,4
تونس,باب البحر - سيدي البشير,السيدة المنوبية,4283,495,1171,27.34,276,6
تونس,حلق الوادي,حلق الوادي كازينو,493,15,31,6.29,21,3
تونس,حلق الوادي,حي السلامة,1558,55,117,7.51,39,4
تونس,حلق الوادي,خير الدين,3833,367,857,22.36,305,8
تونس,حي الخضراء - المنزه,(علي البلهوان - (حي الخضراء,7768,559,1247,16.05,567,8
تونس,حي الخضراء - المنزه,حي الخضراء,7692,796,1817,23.62,333,6
تونس,حي الخضراء - المنزه,حي السلام,151,2,4,2.65,0,2
تونس,حي الخضراء - المنزه,خير الدين باشا,415,37,83,20.0,32,4
تونس,حي الخضراء - المنزه,غرة جوان,6256,340,731,11.68,356,5
تونس,قرطاج - المرسى,المرسى المنتزه,538,24,50,9.29,14,3
تونس,قرطاج - المرسى,الياسمينة,6202,820,2058,33.18,798,7
تونس,قرطاج - المرسى,حي محمد علي,2478,331,856,34.54,337,8
تونس,قرطاج - المرسى,سيدي بوسعيد,4627,496,1165,25.18,399,9
تونس,سيدي حسين,مغيرة إنزال,5434,473,1105,20.33,425,6
تونس,قرطاج - المرسى,أميلكار,2389,230,554,23.19,211,6
تونس,قرطاج - المرسى,البحر الأزرق,9311,1322,3399,36.51,1549,9
تونس,قرطاج - المرسى,الرميلة,3264,172,387,11.86,151,5
تونس,باب البحر - سيدي البشير,فرحات حشاد - (سيدي البشير),6713,567,1266,18.86,371,6
تونس,باب البحر - سيدي البشير,معقل الزعيم,301,18,39,12.96,12,5
تونس,حلق الوادي,الطيب المهيري,22782,1467,3261,14.31,1270,7
تونس,حلق الوادي,حلق الوادي,9478,1229,2927,30.88,924,8
تونس,حي الخضراء - المنزه,المنار,15703,864,1846,11.76,1076,6
تونس,حي الخضراء - المنزه,المنار1,6141,377,817,13.3,392,4
تونس,حي الخضراء - المنزه,المنزه,9452,479,1036,10.96,437,4
تونس,حي الخضراء - المنزه,حي الحدائق,3280,235,544,16.59,200,6
تونس,سيدي حسين,14 جانفي,10750,1034,2391,22.24,911,6
تونس,سيدي حسين,20مارس,5836,711,1696,29.06,758,8
تونس,سيدي حسين,25جويلية,5286,513,1183,22.38,456,6
تونس,سيدي حسين,الجيارة,9778,1174,2632,26.92,1039,5
تونس,قرطاج - المرسى,قمرت العليا,569,36,77,13.53,21,3
جندوبة,بوسالم - بلطة بوعوان,البئر الأخضر,3388,439,1024,30.22,334,5
جندوبة,بوسالم - بلطة بوعوان,البراهمي,3152,489,1153,36.58,307,6
جندوبة,بوسالم - بلطة بوعوان,البلدية,2593,463,1118,43.12,396,6
جندوبة,بوسالم - بلطة بوعوان,الروماني,1881,261,615,32.7,239,6
جندوبة,بوسالم - بلطة بوعوان,السمران,3479,539,1289,37.05,481,7
جندوبة,بوسالم - بلطة بوعوان,الشواولة,1888,218,492,26.06,132,4
جندوبة,بوسالم - بلطة بوعوان,العواوضة,2569,352,810,31.53,243,5
تونس,سيدي حسين,برج شاكير,6520,628,1488,22.82,662,6
تونس,سيدي حسين,بيرين,6384,1020,2765,43.31,1359,10
تونس,سيدي حسين,سيدي حسين,15062,1604,3641,24.17,905,6
تونس,سيدي حسين,عطار,9841,925,2183,22.18,898,8
جندوبة,بوسالم - بلطة بوعوان,بولعابة,1897,227,489,25.78,134,4
جندوبة,بوسالم - بلطة بوعوان,سيدي عبيد,2339,342,814,34.8,263,5
جندوبة,بوسالم - بلطة بوعوان,عبد الجبار,1249,197,461,36.91,189,5
جندوبة,بوسالم - بلطة بوعوان,عسيلة,3185,417,964,30.27,312,6
جندوبة,بوسالم - بلطة بوعوان,الكدية,1701,274,679,39.92,220,6
جندوبة,بوسالم - بلطة بوعوان,المرجى,3086,583,1492,48.35,460,7
جندوبة,بوسالم - بلطة بوعوان,المنقوش,3235,470,1099,33.97,392,8
جندوبة,بوسالم - بلطة بوعوان,بلطة,2965,461,1102,37.17,389,5
تونس,قرطاج - المرسى,سيدي داود,9256,893,2143,23.15,845,9
تونس,قرطاج - المرسى,قرطاج الشاطىء,3689,338,763,20.68,310,6
تونس,قرطاج - المرسى,قرطاج بيرصا,10218,913,2081,20.37,758,6
تونس,قرطاج - المرسى,قمرت,9179,1016,2466,26.87,947,10
جندوبة,بوسالم - بلطة بوعوان,غزالة,1764,216,495,28.06,156,5
جندوبة,بوسالم - بلطة بوعوان,وادي كساب,1042,129,293,28.12,132,5
جندوبة,جندوبة,التطور,7248,858,2113,29.15,776,7
جندوبة,جندوبة,الجريف,3494,399,962,27.53,331,7
جندوبة,جندوبة,عين كريمة,1503,164,388,25.82,139,6
جندوبة,جندوبة,معلة,785,145,374,47.64,160,6
جندوبة,جندوبة الشمالية - فرنانة,أولاد مفدة,2936,297,756,25.75,304,7
جندوبة,جندوبة الشمالية - فرنانة,الجواودة,2664,363,908,34.08,366,7
جندوبة,جندوبة الشمالية - فرنانة,الخضراء,2307,403,1029,44.6,373,8
جندوبة,جندوبة الشمالية - فرنانة,الدير,1872,106,250,13.35,90,5
جندوبة,جندوبة الشمالية - فرنانة,الزهور,1654,280,720,43.53,316,9
جندوبة,جندوبة الشمالية - فرنانة,السواني,2828,383,926,32.74,299,7
جندوبة,جندوبة,الزغادية,8048,874,1995,24.79,619,6
جندوبة,جندوبة,السعادة,2791,348,842,30.17,310,7
جندوبة,جندوبة,العزيمة,2761,375,888,32.16,319,8
جندوبة,جندوبة,العيثة,3571,522,1368,38.31,463,6
جندوبة,بوسالم - بلطة بوعوان,بني محمد,1417,158,364,25.69,108,5
جندوبة,بوسالم - بلطة بوعوان,بوسالم الجنوبية,2350,283,663,28.21,167,5
جندوبة,بوسالم - بلطة بوعوان,بوسالم الشمالية,13790,1226,2753,19.96,858,5
جندوبة,بوسالم - بلطة بوعوان,بوعوان,4686,563,1299,27.72,411,6
جندوبة,جندوبة الشمالية - فرنانة,بلاريجيا,3969,632,1573,39.63,619,6
جندوبة,جندوبة الشمالية - فرنانة,بني مطير,823,133,352,42.77,154,7
جندوبة,جندوبة الشمالية - فرنانة,بوهرتمة,2076,367,939,45.23,330,6
جندوبة,جندوبة الشمالية - فرنانة,حليمة,3241,340,839,25.89,268,11
جندوبة,جندوبة الشمالية - فرنانة,ربيعة,1860,277,651,35.0,198,5
جندوبة,جندوبة الشمالية - فرنانة,زطفورة,3652,506,1192,32.64,428,6
جندوبة,جندوبة الشمالية - فرنانة,سوق الجمعة,2663,236,620,23.28,228,6
جندوبة,جندوبة الشمالية - فرنانة,سيدي عمار,1677,301,750,44.72,295,6
تونس,قرطاج - المرسى,المرسى الحدائق,4089,387,952,23.28,380,10
تونس,قرطاج - المرسى,المرسى الرياض,18125,2000,4669,25.76,1447,9
تونس,قرطاج - المرسى,المرسى الشاطئ,5727,432,944,16.48,360,6
تونس,قرطاج - المرسى,المرسى المدينة,22434,1402,3013,13.43,960,5
جندوبة,جندوبة الشمالية - فرنانة,قلوب الثيران الشمالية,1939,301,747,38.53,291,8
جندوبة,جندوبة الشمالية - فرنانة,هذيل,1868,140,321,17.18,65,6
جندوبة,جندوبة الشمالية - فرنانة,وادي غريب,4213,165,394,9.35,128,5
جندوبة,طبرقة - عين دراهم,أولاد سدرة,2559,459,1207,47.17,419,9
جندوبة,جندوبة الشمالية - فرنانة,العاذر,1944,166,396,20.37,141,5
جندوبة,جندوبة الشمالية - فرنانة,الفردوس,10911,1178,2745,25.16,1042,6
جندوبة,جندوبة الشمالية - فرنانة,القوايدية,2246,392,998,44.43,358,8
جندوبة,جندوبة الشمالية - فرنانة,الهادي بن حسين,4494,514,1232,27.41,469,5
جندوبة,طبرقة - عين دراهم,التباينية,2162,412,1071,49.54,408,8
جندوبة,طبرقة - عين دراهم,الحامدية,7061,1077,2764,39.14,1072,9
جندوبة,طبرقة - عين دراهم,الحمام,2392,324,778,32.53,330,6
جندوبة,طبرقة - عين دراهم,الحمران,1062,174,429,40.4,167,5
جندوبة,جندوبة الشمالية - فرنانة,شمتو,2511,327,762,30.35,244,5
جندوبة,جندوبة الشمالية - فرنانة,عين البية,2779,390,967,34.8,362,7
جندوبة,جندوبة الشمالية - فرنانة,فرنانة,10318,1360,3348,32.45,1051,8
جندوبة,جندوبة الشمالية - فرنانة,قلوب الثيران,2393,493,1265,52.86,351,9
جندوبة,طبرقة - عين دراهم,عين سلام,1007,135,334,33.17,98,6
جندوبة,طبرقة - عين دراهم,ملولة,1001,201,551,55.04,190,6
جندوبة,طبرقة - عين دراهم,وادي الزان,825,94,240,29.09,69,6
جندوبة,غار الدماء - وادي مليز,الدخايلية,3707,636,1619,43.67,578,8
جندوبة,جندوبة,الملقى,3027,390,916,30.26,271,10
جندوبة,جندوبة,النور,14070,1215,2723,19.35,989,6
جندوبة,جندوبة,جندوبة الجنوبية,12560,761,1711,13.62,621,5
جندوبة,جندوبة,سوق السبت,4141,674,1801,43.49,702,9
جندوبة,طبرقة - عين دراهم,الخمايرية,3869,623,1699,43.91,774,10
جندوبة,طبرقة - عين دراهم,الرويعي,2578,278,707,27.42,217,11
جندوبة,طبرقة - عين دراهم,الريحان,6866,956,2390,34.81,851,7
جندوبة,طبرقة - عين دراهم,العطاطفة,2285,232,573,25.08,139,8
جندوبة,طبرقة - عين دراهم,عين السنوسي,1574,211,496,31.51,224,6
جندوبة,طبرقة - عين دراهم,عين الصبح,5615,941,2347,41.8,1010,7
جندوبة,طبرقة - عين دراهم,عين دراهم الأحواز,2028,279,697,34.37,254,7
جندوبة,طبرقة - عين دراهم,عين دراهم المدينة,8981,938,2143,23.86,641,6
جندوبة,غار الدماء - وادي مليز,المراسن,4038,617,1463,36.23,448,7
جندوبة,غار الدماء - وادي مليز,المعدن,3257,477,1157,35.52,386,7
جندوبة,غار الدماء - وادي مليز,حكيم الجنوبية,3581,603,1446,40.38,491,7
جندوبة,غار الدماء - وادي مليز,حكيم الشمالية,674,109,266,39.47,93,5
جندوبة,طبرقة - عين دراهم,الناظور,3399,490,1184,34.83,562,7
جندوبة,طبرقة - عين دراهم,تاقمة,1935,224,565,29.2,177,6
جندوبة,طبرقة - عين دراهم,سلول,2254,356,929,41.22,390,7
جندوبة,طبرقة - عين دراهم,طبرقة,14888,1508,3550,23.84,1212,8
جندوبة,غار الدماء - وادي مليز,فرقصان,2624,446,1125,42.87,460,8
جندوبة,غار الدماء - وادي مليز,وادي مليز الشرقية,6249,681,1587,25.4,533,9
جندوبة,غار الدماء - وادي مليز,وادي مليز الغربية,1444,204,489,33.86,182,5
جندوبة,غار الدماء - وادي مليز,وشتاتة,3050,534,1338,43.87,644,8
جندوبة,غار الدماء - وادي مليز,الدورة,5275,685,1610,30.52,558,6
جندوبة,غار الدماء - وادي مليز,الرخاء,2776,344,808,29.11,228,5
جندوبة,غار الدماء - وادي مليز,الصرية,4660,634,1487,31.91,620,7
جندوبة,غار الدماء - وادي مليز,القلعة,5986,865,2093,34.96,731,10
زغوان,الناظور - صواف,بئر الشاوش,4863,825,2509,51.59,1086,10
زغوان,الناظور - صواف,سوغاس,3917,732,2115,54.0,889,9
زغوان,الناظور - صواف,صوار,1561,261,676,43.31,232,8
زغوان,الناظور - صواف,صواف الشرقية,3036,423,1139,37.52,421,9
زغوان,الناظور - صواف,الحميرة,1429,252,705,49.34,306,6
زغوان,الناظور - صواف,الدغافلة الشرقية,2092,367,946,45.22,377,10
زغوان,الناظور - صواف,الدغافلة الغربية,1043,182,486,46.6,175,7
زغوان,الناظور - صواف,الناظور,10429,1560,4149,39.78,1510,10
زغوان,بئر مشارقة - الفحص,أولاد الزوابي,317,38,94,29.65,23,5
زغوان,بئر مشارقة - الفحص,الدروع,1725,271,669,38.78,244,7
زغوان,بئر مشارقة - الفحص,العمايم الجنوبية,2568,368,955,37.19,386,7
زغوان,بئر مشارقة - الفحص,العمايم الشمالية,2301,389,1030,44.76,366,7
زغوان,بئر مشارقة - الفحص,بئر مقرة,972,180,524,53.91,222,8
زغوان,بئر مشارقة - الفحص,بنت سعيدان,1601,244,593,37.04,208,6
زغوان,بئر مشارقة - الفحص,بوشة,794,147,399,50.25,157,8
زغوان,بئر مشارقة - الفحص,تليل الصالحي,930,116,287,30.86,112,7
زغوان,بئر مشارقة - الفحص,عين الصفصاف,1060,188,540,50.94,239,10
زغوان,بئر مشارقة - الفحص,عين عسكر,1544,221,608,39.38,227,7
زغوان,بئر مشارقة - الفحص,وادي الخضراء,1660,316,825,49.7,288,7
زغوان,زغوان - الزريبة,الجوف الشرقية,3769,660,1827,48.47,740,8
زغوان,بئر مشارقة - الفحص,جبل الوسط,4596,728,2021,43.97,825,11
زغوان,بئر مشارقة - الفحص,جوقار,1421,218,575,40.46,235,7
زغوان,بئر مشارقة - الفحص,دلائل العروس,713,117,292,40.95,104,5
زغوان,بئر مشارقة - الفحص,سمنجة,2652,454,1235,46.57,456,7
جندوبة,غار الدماء - وادي مليز,عين سلطان,2845,400,962,33.81,382,7
جندوبة,غار الدماء - وادي مليز,غار الدماء,19151,1821,4096,21.39,1193,6
جندوبة,غار الدماء - وادي مليز,غار الدماء الشمالية,1870,175,387,20.7,149,4
جندوبة,غار الدماء - وادي مليز,فج حسين,1355,251,650,47.97,270,8
زغوان,زغوان - الزريبة,العيثة,2217,379,974,43.93,407,7
زغوان,زغوان - الزريبة,بئر حليمة,2652,524,1450,54.68,565,7
زغوان,زغوان - الزريبة,بوعشير,1161,218,607,52.28,241,8
زغوان,زغوان - الزريبة,جرادو,1186,251,722,60.88,335,8
زغوان,زغوان - الزريبة,الجوف الغربية,1595,296,863,54.11,320,8
زغوان,زغوان - الزريبة,الزريبة الحمام الجنوبية,6176,981,2415,39.1,835,8
زغوان,زغوان - الزريبة,الزريبة الحمام الشمالية,1227,142,324,26.41,114,4
زغوان,زغوان - الزريبة,الزريبة القرية,2073,352,946,45.63,395,8
سليانة,بوعرادة - قعفور - الكريب - بورويس - العروسة,أحواز بوعرادة,1479,193,459,31.03,207,7
سليانة,بوعرادة - قعفور - الكريب - بورويس - العروسة,الأحواز الجنوبية,318,30,73,22.96,22,7
سليانة,بوعرادة - قعفور - الكريب - بورويس - العروسة,الأحواز الشمالية,294,22,52,17.69,7,4
سليانة,بوعرادة - قعفور - الكريب - بورويس - العروسة,الاخوات,1584,214,506,31.94,163,6
سليانة,بوعرادة - قعفور - الكريب - بورويس - العروسة,الاقصاب,1201,98,243,20.23,84,7
سليانة,بوعرادة - قعفور - الكريب - بورويس - العروسة,التريشة,556,86,221,39.75,68,5
سليانة,بوعرادة - قعفور - الكريب - بورويس - العروسة,الدخانية,1832,320,813,44.38,301,6
سليانة,بوعرادة - قعفور - الكريب - بورويس - العروسة,الرميل,911,168,442,48.52,145,7
زغوان,بئر مشارقة - الفحص,الغريفات,2664,396,977,36.67,343,8
زغوان,بئر مشارقة - الفحص,الفحص,9269,971,2259,24.37,687,6
زغوان,بئر مشارقة - الفحص,بئر مشارقة,5629,874,2175,38.64,708,8
زغوان,بئر مشارقة - الفحص,بئر مشارقة المحطة,1846,347,993,53.79,443,8
زغوان,الناظور - صواف,صواف الغربية,2510,443,1122,44.7,392,9
زغوان,الناظور - صواف,عين البطوم,5128,985,3045,59.38,1144,11
زغوان,بئر مشارقة - الفحص,أحواز الفحص,13201,1610,3797,28.76,1260,8
زغوان,بئر مشارقة - الفحص,أم الأبواب,1385,177,478,34.51,187,8
سليانة,بوعرادة - قعفور - الكريب - بورويس - العروسة,سيدي عبد النور,693,28,65,9.38,26,4
سليانة,بوعرادة - قعفور - الكريب - بورويس - العروسة,سيدي عياد,634,65,162,25.55,34,6
سليانة,بوعرادة - قعفور - الكريب - بورويس - العروسة,طرف الشناء,1257,163,423,33.65,182,8
سليانة,بوعرادة - قعفور - الكريب - بورويس - العروسة,عين زريق,1439,162,400,27.8,141,5
زغوان,زغوان - الزريبة,عين الباطرية,1947,362,1018,52.29,369,8
زغوان,زغوان - الزريبة,مقرن,4466,699,1889,42.3,780,9
زغوان,زغوان - الزريبة,وادي الرمل,1988,293,718,36.12,239,7
زغوان,زغوان - الزريبة,وادي الزيت,1721,297,829,48.17,359,9
سليانة,بوعرادة - قعفور - الكريب - بورويس - العروسة,محطة الكريب,789,120,284,35.99,103,5
سليانة,بوعرادة - قعفور - الكريب - بورويس - العروسة,مسراطة,406,62,159,39.16,52,6
سليانة,بوعرادة - قعفور - الكريب - بورويس - العروسة,هنشير الرومان,1023,134,329,32.16,84,6
سليانة,سليانة - برقو,أحواز برقو,480,63,154,32.08,57,5
سليانة,بوعرادة - قعفور - الكريب - بورويس - العروسة,برج المسعودي الجنوبية,1876,282,689,36.73,261,7
سليانة,بوعرادة - قعفور - الكريب - بورويس - العروسة,برج المسعودي الشمالية,1783,272,745,41.78,284,9
سليانة,بوعرادة - قعفور - الكريب - بورويس - العروسة,بوجليدة,1260,190,472,37.46,185,8
سليانة,بوعرادة - قعفور - الكريب - بورويس - العروسة,بورويس الجنوبية,974,106,235,24.13,81,4
سليانة,سليانة - برقو,أولاد زناق,1730,295,733,42.37,317,6
سليانة,سليانة - برقو,أولاد فرج,752,121,295,39.23,109,5
سليانة,سليانة - برقو,البحيرين,814,139,348,42.75,119,6
سليانة,سليانة - برقو,الجوي,1294,192,467,36.09,202,7
زغوان,زغوان - الزريبة,جيملة,1466,211,535,36.49,198,10
زغوان,زغوان - الزريبة,زغوان الجنوبية,4653,501,1187,25.51,436,6
زغوان,زغوان - الزريبة,زغوان الشمالية,10706,1229,2990,27.93,1290,8
زغوان,زغوان - الزريبة,زغوان المدينة,4637,510,1202,25.92,322,6
سليانة,سليانة - برقو,الخلصة,682,93,217,31.82,93,4
سليانة,سليانة - برقو,الدريجة,1052,116,297,28.23,95,6
سليانة,سليانة - برقو,السفينة,1688,229,537,31.81,248,5
سليانة,سليانة - برقو,العرب,2152,267,630,29.28,230,7
سليانة,بوعرادة - قعفور - الكريب - بورويس - العروسة,العباسي,1515,256,624,41.19,106,6
سليانة,بوعرادة - قعفور - الكريب - بورويس - العروسة,العروسة,4581,693,1712,37.37,655,10
سليانة,بوعرادة - قعفور - الكريب - بورويس - العروسة,الكريب الجنوبية,3547,510,1295,36.51,493,7
سليانة,بوعرادة - قعفور - الكريب - بورويس - العروسة,الكريب الشمالية,4142,549,1299,31.36,350,6
سليانة,بوعرادة - قعفور - الكريب - بورويس - العروسة,عين عاشور,2061,266,615,29.84,167,5
سليانة,بوعرادة - قعفور - الكريب - بورويس - العروسة,فطيس,622,114,306,49.2,82,6
سليانة,بوعرادة - قعفور - الكريب - بورويس - العروسة,قعفور الشرقية,4714,584,1327,28.15,340,5
سليانة,بوعرادة - قعفور - الكريب - بورويس - العروسة,قعفور الغربية,3373,618,1601,47.47,483,9
سليانة,سليانة - برقو,عين ديسة,364,54,135,37.09,70,6
سليانة,سليانة - برقو,عين فرنة,992,186,514,51.81,203,8
سليانة,سليانة - برقو,مرج مقدم,1031,184,462,44.81,198,7
سليانة,سليانة - برقو,مصوج,1005,184,521,51.84,253,6
سليانة,سليانة - برقو,القابل,3125,533,1341,42.91,582,7
سليانة,سليانة - برقو,برقو,4941,806,1941,39.28,658,7
سليانة,سليانة - برقو,جامة,1675,211,534,31.88,214,5
سليانة,سليانة - برقو,سجة,1939,323,879,45.33,405,8
سليانة,مكثر - الروحية - كسرى,الجميلات,1142,160,394,34.5,180,6
سليانة,مكثر - الروحية - كسرى,الحبابسة الجنوبية,2185,371,956,43.75,373,10
سليانة,مكثر - الروحية - كسرى,الحبابسة الشمالية,2244,374,989,44.07,361,7
سليانة,مكثر - الروحية - كسرى,الحمام,777,130,354,45.56,203,7
سليانة,سليانة - برقو,سيدي سعيد,1122,192,493,43.94,213,6
سليانة,سليانة - برقو,سيدي مرشد,4594,823,2218,48.28,901,8
سليانة,سليانة - برقو,سيدي منصور,1378,198,511,37.08,195,6
سليانة,سليانة - برقو,عين بوسعدية,760,115,285,37.5,122,6
سليانة,مكثر - الروحية - كسرى,السوالم,2089,323,822,39.35,357,7
سليانة,مكثر - الروحية - كسرى,الشوارنية,834,157,455,54.56,234,7
سليانة,مكثر - الروحية - كسرى,الفضول,1698,328,882,51.94,393,8
سليانة,مكثر - الروحية - كسرى,القرعة,1124,183,457,40.66,203,12
سليانة,بوعرادة - قعفور - الكريب - بورويس - العروسة,بورويس الشمالية,3850,575,1374,35.69,370,8
سليانة,بوعرادة - قعفور - الكريب - بورويس - العروسة,بوعرادة,11683,1664,4031,34.5,1435,9
سليانة,بوعرادة - قعفور - الكريب - بورويس - العروسة,حمام بياضة الجنوبية,1796,279,697,38.81,231,6
سليانة,بوعرادة - قعفور - الكريب - بورويس - العروسة,حمام بياضة الشمالية,766,123,295,38.51,99,5
سليانة,مكثر - الروحية - كسرى,القرية الجنوبية,1461,260,763,52.22,318,9
سليانة,مكثر - الروحية - كسرى,القرية الشمالية,1469,307,1066,72.57,574,9
سليانة,مكثر - الروحية - كسرى,اللوزة,942,182,459,48.73,163,6
سليانة,مكثر - الروحية - كسرى,المساحلة,861,167,465,54.01,212,9
سليانة,مكثر - الروحية - كسرى,المنصورة الجنوبية,1313,250,690,52.55,295,10
سليانة,مكثر - الروحية - كسرى,المنصورة الشمالية,1107,171,443,40.02,175,6
سليانة,مكثر - الروحية - كسرى,الهرية,935,139,334,35.72,137,5
سليانة,مكثر - الروحية - كسرى,باز,1530,243,576,37.65,214,7
سليانة,مكثر - الروحية - كسرى,الحميمة,1316,216,634,48.18,260,8
سليانة,مكثر - الروحية - كسرى,الروحية,8992,1167,2856,31.76,1084,7
سليانة,مكثر - الروحية - كسرى,السميرات الجنوبية,623,121,313,50.24,142,6
سليانة,مكثر - الروحية - كسرى,السميرات الشمالية,1113,194,517,46.45,215,7
سليانة,مكثر - الروحية - كسرى,بني حازم,1221,210,524,42.92,284,7
سليانة,مكثر - الروحية - كسرى,بوعبد اللّه,1292,259,735,56.89,364,8
سليانة,مكثر - الروحية - كسرى,بوعجيلة,2709,512,1494,55.15,625,10
سليانة,مكثر - الروحية - كسرى,راس الوادي,1200,210,563,46.92,238,6
سليانة,مكثر - الروحية - كسرى,سند الحداد,1582,210,547,34.58,267,7
سليانة,مكثر - الروحية - كسرى,صدّين,1409,267,719,51.03,279,8
سليانة,مكثر - الروحية - كسرى,صيار,2225,382,990,44.49,341,8
سليانة,مكثر - الروحية - كسرى,كسرى,3456,488,1183,34.23,550,9
سوسة,القلعة الكبرى - سيدي بوعلي - كندار,السد القبلي,1122,221,572,50.98,237,6
سوسة,القلعة الكبرى - سيدي بوعلي - كندار,الشويشة,656,126,336,51.22,133,8
سوسة,القلعة الكبرى - سيدي بوعلي - كندار,القماطة,514,111,304,59.14,96,5
سوسة,القلعة الكبرى - سيدي بوعلي - كندار,المهاذبة,1082,212,645,59.61,333,7
سوسة,القلعة الكبرى - سيدي بوعلي - كندار,البئر الجديد,566,117,322,56.89,146,5
سوسة,القلعة الكبرى - سيدي بوعلي - كندار,البشاشمة,1494,289,1078,72.16,546,13
سوسة,القلعة الكبرى - سيدي بوعلي - كندار,البلالمة,963,196,667,69.26,292,11
سوسة,القلعة الكبرى - سيدي بوعلي - كندار,الجرابعة,8168,1278,3272,40.06,1396,9
سوسة,القلعة الكبرى - سيدي بوعلي - كندار,وريمة,933,203,571,61.2,279,7
سوسة,النفيضة - بوفيشة - هرقلة,أولاد عبد الله,2251,464,1316,58.46,529,8
سوسة,النفيضة - بوفيشة - هرقلة,السلوم,1391,277,848,60.96,390,10
سوسة,النفيضة - بوفيشة - هرقلة,السويح,1094,227,635,58.04,323,9
سوسة,النفيضة - بوفيشة - هرقلة,الشقارنية,3303,667,1874,56.74,821,8
سوسة,النفيضة - بوفيشة - هرقلة,الصفحة,2718,551,1816,66.81,971,11
سوسة,النفيضة - بوفيشة - هرقلة,العريبات,1220,267,916,75.08,520,7
سوسة,النفيضة - بوفيشة - هرقلة,الفرادة,2093,410,1237,59.1,496,9
سوسة,الزاوية - القصيبة - الثريات,قصيبة سوسة,7798,1236,3242,41.57,1389,10
سوسة,القلعة الكبرى - سيدي بوعلي - كندار,أولاد العابد,832,155,440,52.88,98,6
سوسة,القلعة الكبرى - سيدي بوعلي - كندار,أولاد عامر,1652,359,995,60.23,400,9
سوسة,القلعة الكبرى - سيدي بوعلي - كندار,أولاد محمد,7137,1086,2761,38.69,1057,8
سوسة,النفيضة - بوفيشة - هرقلة,تكرونة,559,110,296,52.95,117,6
سوسة,النفيضة - بوفيشة - هرقلة,سيدي خليفة,1898,190,511,26.92,219,8
سوسة,النفيضة - بوفيشة - هرقلة,سيدي سعيد,2006,222,592,29.51,223,7
سوسة,النفيضة - بوفيشة - هرقلة,سيدي مطير,2170,420,1195,55.07,473,11
سليانة,سليانة - برقو,سليانة الجنوبية,10764,1108,2752,25.57,1214,8
سليانة,سليانة - برقو,سليانة الشمالية,5185,570,1349,26.02,612,6
سليانة,سليانة - برقو,سليانة المدينة,15717,1364,3204,20.39,1238,7
سليانة,سليانة - برقو,سيدي حمادة,925,120,308,33.3,140,8
سوسة,القلعة الكبرى - سيدي بوعلي - كندار,بلعوم,1894,317,870,45.93,342,9
سوسة,القلعة الكبرى - سيدي بوعلي - كندار,سيدي بوعلي,9727,1773,4746,48.79,1791,9
سوسة,القلعة الكبرى - سيدي بوعلي - كندار,كندار,4420,849,2502,56.61,905,16
سوسة,القلعة الكبرى - سيدي بوعلي - كندار,منزل المحطة,1510,296,971,64.3,486,9
سليانة,مكثر - الروحية - كسرى,مكثر الجنوبية,6934,739,1671,24.1,562,5
سليانة,مكثر - الروحية - كسرى,مكثر الشمالية,2268,288,645,28.44,244,4
سوسة,الزاوية - القصيبة - الثريات,الثريات,1934,399,1115,57.65,527,11
سوسة,الزاوية - القصيبة - الثريات,زاوية سوسة,15469,2348,6302,40.74,2702,9
سوسة,النفيضة - بوفيشة - هرقلة,مرابط حشاد,1953,341,1014,51.92,484,9
سوسة,النفيضة - بوفيشة - هرقلة,منزل دار بلواعر,2320,470,1415,60.99,644,10
سوسة,النفيضة - بوفيشة - هرقلة,منزل فاتح,1202,246,771,64.14,325,9
سوسة,النفيضة - بوفيشة - هرقلة,هرقلة,5444,935,2635,48.4,1036,9
سوسة,القلعة الكبرى - سيدي بوعلي - كندار,الزعارنة الشرقية,14513,2247,5559,38.3,2395,8
سوسة,القلعة الكبرى - سيدي بوعلي - كندار,الزعارنة الغربية,5180,914,2389,46.12,1047,9
سوسة,القلعة الكبرى - سيدي بوعلي - كندار,السد الجوفي,1265,232,650,51.38,242,8
سوسة,القلعة الكبرى - سيدي بوعلي - كندار,السد الغربي,2123,388,1035,48.75,401,8
سوسة,النفيضة - بوفيشة - هرقلة,عين الرحمة,2247,487,1391,61.9,619,9
سوسة,النفيضة - بوفيشة - هرقلة,عين مذاكر,2861,567,1953,68.26,917,12
سوسة,النفيضة - بوفيشة - هرقلة,قريميط الشرقية,1815,384,1115,61.43,471,8
سوسة,النفيضة - بوفيشة - هرقلة,قريميط الغربية,4469,687,1857,41.55,710,8
سوسة,حمام سوسة - اكودة,الطنطانة,2316,276,657,28.37,320,8
سوسة,حمام سوسة - اكودة,الغرابى,3324,404,977,29.39,429,6
سوسة,حمام سوسة - اكودة,الفقاعية,784,122,334,42.6,180,6
سوسة,حمام سوسة - اكودة,القنطاوي,3939,325,731,18.56,394,5
سوسة,النفيضة - بوفيشة - هرقلة,القارصي,1928,407,1279,66.34,548,8
سوسة,النفيضة - بوفيشة - هرقلة,المثاليث,917,186,526,57.36,269,8
سوسة,النفيضة - بوفيشة - هرقلة,النفيضة,11447,1771,4597,40.16,1762,8
سوسة,النفيضة - بوفيشة - هرقلة,بوفيشة,6878,1044,2742,39.87,1085,10
سوسة,النفيضة - بوفيشة - هرقلة,هيشر,3843,748,2145,55.82,902,11
سوسة,النفيضة - بوفيشة - هرقلة,وادي الخروب,1178,210,584,49.58,301,13
سوسة,حمام سوسة - اكودة,أكودة الشرقية,11756,1513,3642,30.98,1445,8
سوسة,حمام سوسة - اكودة,أكودة الغربية,7106,955,2250,31.66,922,7
سوسة,سيدي الهاني - القلعة الصغرى,سيدي الهاني الجنوبية,1457,284,788,54.08,311,7
سوسة,سيدي الهاني - القلعة الصغرى,سيدي الهاني الغربية,1718,327,989,57.57,441,9
سوسة,سيدي الهاني - القلعة الصغرى,سيدي الهاني المركزية,3969,757,1897,47.8,587,8
سوسة,سيدي الهاني - القلعة الصغرى,كروسية الغربية,1233,223,602,48.82,236,6
سوسة,سيدي الهاني - القلعة الصغرى,كروسية المركزية,1837,371,991,53.95,388,7
سوسة,سيدي الهاني - القلعة الصغرى,وادي لاية,468,77,227,48.5,99,6
سوسة,مساكن,البرجين,4108,792,2431,59.18,1131,10
سوسة,مساكن,التوارة الجنوبية,2000,206,481,24.05,101,6
سوسة,سوسة جوهرة,سهلول جوهرة,11775,932,2082,17.68,1252,8
سوسة,سوسة جوهرة,محمد القروي,12762,1284,3113,24.39,1336,8
سوسة,سوسة جوهرة,وادي بليبان,5024,470,1090,21.7,483,6
سوسة,سيدي الهاني - القلعة الصغرى,أولاد علي بلهاني,992,199,536,54.03,204,7
سوسة,سوسة المدينة - سوسة سيدي عبد الحميد,خزامة,15587,1397,3132,20.09,1094,8
سوسة,سوسة المدينة - سوسة سيدي عبد الحميد,سيدي عبد الحميد,4755,392,1007,21.18,458,7
سوسة,سوسة المدينة - سوسة سيدي عبد الحميد,علي البلهوان,7258,785,1887,26.0,765,8
سوسة,سوسة المدينة - سوسة سيدي عبد الحميد,قصيبة الشط,6372,858,2118,33.24,712,9
سوسة,سيدي الهاني - القلعة الصغرى,القلعة الصغرى الشرقية,5713,632,1518,26.57,719,7
سوسة,سيدي الهاني - القلعة الصغرى,القلعة الصغرى المدينة,16015,2667,6679,41.7,2073,9
سوسة,سيدي الهاني - القلعة الصغرى,القلعة الصغرى حشاد,4845,783,2052,42.35,810,9
سوسة,سيدي الهاني - القلعة الصغرى,النقر,2110,424,1293,61.28,628,9
سوسة,حمام سوسة - اكودة,المدينة,12994,1497,3573,27.5,1236,7
سوسة,حمام سوسة - اكودة,بئر موسى,13328,1424,3404,25.54,1062,8
سوسة,حمام سوسة - اكودة,سهلول,16270,1686,3950,24.28,1404,9
سوسة,حمام سوسة - اكودة,شط الرمان,1343,183,445,33.13,206,6
سوسة,سوسة المدينة - سوسة سيدي عبد الحميد,إبن خلدون,9787,1350,3519,35.96,1512,30
سوسة,سوسة المدينة - سوسة سيدي عبد الحميد,الطيب المهيري,20308,1982,4656,22.93,1456,7
سوسة,سوسة المدينة - سوسة سيدي عبد الحميد,المدينة,3821,366,839,21.96,334,6
سوسة,سوسة المدينة - سوسة سيدي عبد الحميد,بوجعفر,5005,490,1167,23.32,557,8
سوسة,سوسة المدينة - سوسة سيدي عبد الحميد,محمد معروف,5772,416,955,16.55,338,6
سوسة,سوسة جوهرة,الهادي شاكر,11407,1096,2590,22.71,1181,8
سوسة,سوسة جوهرة,بوحسينة,18458,1903,4415,23.92,1443,10
سوسة,سوسة جوهرة,حشاد,5583,358,870,15.58,384,8
سوسة,مساكن,الغربيين,3896,670,1707,43.81,729,11
سوسة,مساكن,الفرداي,1173,180,475,40.49,173,8
سوسة,مساكن,القبليين,2173,340,848,39.02,403,6
سوسة,مساكن,الكنائس,4267,860,2611,61.19,1226,13
سيدي بوزيد,الرقاب - السعيدة - أولاد حفوز,الذويبات الجنوبية,2087,139,333,15.96,92,6
سيدي بوزيد,الرقاب - السعيدة - أولاد حفوز,الذويبات الشمالية,1645,40,93,5.65,28,4
سيدي بوزيد,الرقاب - السعيدة - أولاد حفوز,الرضاع,2176,131,334,15.35,129,8
سيدي بوزيد,الرقاب - السعيدة - أولاد حفوز,الرضاع الشرقية,2173,173,438,20.16,165,7
سيدي بوزيد,الرقاب - السعيدة - أولاد حفوز,أولاد عيوني,1277,74,198,15.51,51,7
سيدي بوزيد,الرقاب - السعيدة - أولاد حفوز,الحنية,1883,245,684,36.33,365,16
سيدي بوزيد,الرقاب - السعيدة - أولاد حفوز,الخشم الشرقية,3645,142,371,10.18,176,7
سيدي بوزيد,الرقاب - السعيدة - أولاد حفوز,الخشم الغربية,2917,439,1207,41.38,454,9
سوسة,مساكن,النور,3111,405,1019,32.75,332,8
سوسة,مساكن,بني ربيعة,2398,512,1508,62.89,800,10
سوسة,مساكن,بني كلثوم,2572,476,1329,51.67,509,7
سيدي بوزيد,الرقاب - السعيدة - أولاد حفوز,أولاد حفوز,3721,335,799,21.47,272,14
سيدي بوزيد,الرقاب - السعيدة - أولاد حفوز,السكبة,1268,138,411,32.41,176,10
سيدي بوزيد,الرقاب - السعيدة - أولاد حفوز,الشواشية,899,119,286,31.81,73,5
سيدي بوزيد,الرقاب - السعيدة - أولاد حفوز,المباركية,1118,115,285,25.49,64,6
سيدي بوزيد,الرقاب - السعيدة - أولاد حفوز,بودينار,1708,283,835,48.89,287,8
سيدي بوزيد,الرقاب - السعيدة - أولاد حفوز,ريحانة,2530,454,1323,52.29,442,9
سيدي بوزيد,الرقاب - السعيدة - أولاد حفوز,سيدي اللافي,1200,190,518,43.17,187,8
سيدي بوزيد,الرقاب - السعيدة - أولاد حفوز,سيدي خليف,1533,212,560,36.53,192,10
سيدي بوزيد,الرقاب - السعيدة - أولاد حفوز,فرش غريب,2367,50,130,5.49,90,8
سيدي بوزيد,الرقاب - السعيدة - أولاد حفوز,كسودة,2306,132,316,13.7,102,7
سيدي بوزيد,بئر الحفي - سيدي علي بن عون,أولاد ابراهيم,1569,94,299,19.06,215,8
سيدي بوزيد,بئر الحفي - سيدي علي بن عون,الرابطة,3764,365,990,26.3,393,8
سيدي بوزيد,بئر الحفي - سيدي علي بن عون,الساهلة,1348,210,558,41.39,168,9
سوسة,مساكن,التوارة الشمالية,6014,910,2291,38.09,1011,16
سوسة,مساكن,الجبليين,6653,872,2144,32.23,796,8
سوسة,مساكن,الجديديين,5554,915,2400,43.21,1294,9
سوسة,مساكن,الحبيب ثامر,4175,480,1092,26.16,414,6
سيدي بوزيد,الرقاب - السعيدة - أولاد حفوز,قبرار,2224,105,280,12.59,73,7
سيدي بوزيد,الرقاب - السعيدة - أولاد حفوز,قصر الحمام الشرقية,2668,424,1167,43.74,507,10
سيدي بوزيد,الرقاب - السعيدة - أولاد حفوز,قصر الحمام الغربية,2599,315,906,34.86,361,11
سيدي بوزيد,الرقاب - السعيدة - أولاد حفوز,قولاب,2838,322,912,32.14,351,10
سوسة,مساكن,المردين,2929,566,1653,56.44,714,13
سوسة,مساكن,المسعدين,9083,1440,3787,41.69,1412,9
سوسة,مساكن,المناعمة,1572,175,414,26.34,134,7
سوسة,مساكن,النجاجرة,8689,1266,3143,36.17,1206,12
سوسة,حمام سوسة - اكودة,شط مريم,5705,899,2299,40.3,1067,9
سوسة,سوسة الرياض,الزهور,14330,1568,3815,26.62,1579,7
سوسة,سوسة الرياض,حمام معروف الرياض,16151,1210,2774,17.18,1146,5
سوسة,سوسة الرياض,حي الرياض,25906,2231,5074,19.59,2238,6
سيدي بوزيد,بئر الحفي - سيدي علي بن عون,السلامة,2198,60,159,7.23,85,6
سيدي بوزيد,بئر الحفي - سيدي علي بن عون,القصر,2713,219,567,20.9,179,7
سيدي بوزيد,بئر الحفي - سيدي علي بن عون,المحمدية,358,8,20,5.59,3,4
سيدي بوزيد,بئر الحفي - سيدي علي بن عون,المزارة,3379,343,856,25.33,314,9
سيدي بوزيد,الرقاب - السعيدة - أولاد حفوز,الرقاب,11400,1670,4488,39.37,1684,18
سيدي بوزيد,الرقاب - السعيدة - أولاد حفوز,السعيدة الجنوبية,2585,43,99,3.83,58,5
سيدي بوزيد,الرقاب - السعيدة - أولاد حفوز,السعيدة الشرقية,2997,179,521,17.38,199,10
سيدي بوزيد,الرقاب - السعيدة - أولاد حفوز,السعيدة الشمالية,6009,532,1519,25.28,701,14
سيدي بوزيد,جلمة - سبالة أولاد عسكر,زغمار,1847,295,893,48.35,357,9
سيدي بوزيد,جلمة - سبالة أولاد عسكر,سلتة,2753,446,1303,47.33,455,8
سيدي بوزيد,جلمة - سبالة أولاد عسكر,غدير الزيتون,4041,573,1542,38.16,486,9
سيدي بوزيد,جلمة - سبالة أولاد عسكر,لزيرق,1741,291,774,44.46,226,7
سيدي بوزيد,جلمة - سبالة أولاد عسكر,السد,3774,239,590,15.63,170,6
سيدي بوزيد,جلمة - سبالة أولاد عسكر,العامرة,4329,209,541,12.5,164,8
سيدي بوزيد,جلمة - سبالة أولاد عسكر,العضلة,2230,371,1018,45.65,420,9
سيدي بوزيد,جلمة - سبالة أولاد عسكر,العيون,1640,215,551,33.6,177,9
سيدي بوزيد,بئر الحفي - سيدي علي بن عون,ورغة,2085,239,701,33.62,280,9
سيدي بوزيد,جلمة - سبالة أولاد عسكر,الابيض,1966,273,790,40.18,322,10
سيدي بوزيد,جلمة - سبالة أولاد عسكر,الحميمة,3380,587,1757,51.98,709,11
سيدي بوزيد,جلمة - سبالة أولاد عسكر,السبالة,5166,699,1790,34.65,580,8
سيدي بوزيد,جلمة - سبالة أولاد عسكر,مغيلة,2648,470,1377,52.0,504,9
سيدي بوزيد,سيدي بوزيد الشرقية - سوق الجديد,أولاد الفالح,380,18,45,11.84,7,4
سيدي بوزيد,سيدي بوزيد الشرقية - سوق الجديد,الأحواز,2865,350,919,32.08,328,9
سيدي بوزيد,سيدي بوزيد الشرقية - سوق الجديد,الأسودة,6582,893,2511,38.15,1034,11
سيدي بوزيد,بئر الحفي - سيدي علي بن عون,المنصورة الشرقية,1813,98,265,14.62,94,8
سيدي بوزيد,بئر الحفي - سيدي علي بن عون,المنصورة الغربية,1615,58,151,9.35,64,5
سيدي بوزيد,بئر الحفي - سيدي علي بن عون,الواعرة,1822,142,405,22.23,223,11
سيدي بوزيد,بئر الحفي - سيدي علي بن عون,بئر الحفي,11884,1612,4067,34.22,1496,14
سيدي بوزيد,جلمة - سبالة أولاد عسكر,باطن الغزال الجنوبية,702,123,359,51.14,138,11
سيدي بوزيد,جلمة - سبالة أولاد عسكر,باطن الغزال الشمالية,1630,321,1025,62.88,470,11
سيدي بوزيد,جلمة - سبالة أولاد عسكر,جلمة الشرقية,3165,388,1018,32.16,379,9
سيدي بوزيد,جلمة - سبالة أولاد عسكر,جلمة الغربية,8348,1239,3275,39.23,1190,11
سيدي بوزيد,سيدي بوزيد الشرقية - سوق الجديد,الحنية ابازيد,2358,193,561,23.79,226,8
سيدي بوزيد,سيدي بوزيد الشرقية - سوق الجديد,الرميلية,2610,242,695,26.63,275,10
سيدي بوزيد,سيدي بوزيد الشرقية - سوق الجديد,الزفزاف,3178,398,1089,34.27,356,13
سيدي بوزيد,سيدي بوزيد الشرقية - سوق الجديد,العامرة,1656,116,294,17.75,4,7
سيدي بوزيد,بئر الحفي - سيدي علي بن عون,بئر بوصبيع,2059,65,168,8.16,71,6
سيدي بوزيد,بئر الحفي - سيدي علي بن عون,بئر عمامة,2267,149,405,17.87,136,7
سيدي بوزيد,بئر الحفي - سيدي علي بن عون,رحال,4170,189,542,13.0,330,9
سيدي بوزيد,بئر الحفي - سيدي علي بن عون,سيدي علي بن عون,9324,1222,3131,33.58,1168,11
سيدي بوزيد,سيدي بوزيد الشرقية - سوق الجديد,عين رباو,1831,190,506,27.64,247,8
سيدي بوزيد,سيدي بوزيد الشرقية - سوق الجديد,غريويس,1409,83,197,13.98,51,6
سيدي بوزيد,سيدي بوزيد الشرقية - سوق الجديد,فائض,3943,540,1620,41.09,867,21
سيدي بوزيد,سيدي بوزيد الشرقية - سوق الجديد,قارة حديد,2735,409,1167,42.67,434,9
سيدي بوزيد,سيدي بوزيد الشرقية - سوق الجديد,العقلة,3002,198,487,16.22,220,6
سيدي بوزيد,سيدي بوزيد الشرقية - سوق الجديد,القصيرة,1754,323,999,56.96,549,15
سيدي بوزيد,سيدي بوزيد الشرقية - سوق الجديد,المكارم,2886,218,584,20.24,270,9
سيدي بوزيد,سيدي بوزيد الشرقية - سوق الجديد,المكارم الشرقية,2280,138,347,15.22,135,8
سيدي بوزيد,سيدي بوزيد الشرقية - سوق الجديد,بئر بدر,2401,203,589,24.53,195,7
سيدي بوزيد,سيدي بوزيد الشرقية - سوق الجديد,بنور,3148,417,1100,34.94,431,8
سيدي بوزيد,سيدي بوزيد الشرقية - سوق الجديد,سقدال,2228,270,791,35.5,317,10
سيدي بوزيد,سيدي بوزيد الشرقية - سوق الجديد,سوق الجديد,3330,463,1228,36.88,412,10
سيدي بوزيد,سيدي بوزيد الغربية - الهيشرية,سيدي سالم,3502,373,992,28.33,300,10
سيدي بوزيد,منزل بوزيان - المكناسي - المزونة,البسباس,1532,284,925,60.38,515,8
سيدي بوزيد,منزل بوزيان - المكناسي - المزونة,الجباس,591,74,199,33.67,76,8
سيدي بوزيد,منزل بوزيان - المكناسي - المزونة,الخبنة,1426,224,678,47.55,351,10
سيدي بوزيد,سيدي بوزيد الغربية - الهيشرية,أم العظام 1,1675,219,611,36.48,201,8
سيدي بوزيد,سيدي بوزيد الغربية - الهيشرية,أم العظام 2,2604,422,1158,44.47,428,9
سيدي بوزيد,سيدي بوزيد الغربية - الهيشرية,الزيتونة,2927,73,176,6.01,59,5
سيدي بوزيد,سيدي بوزيد الغربية - الهيشرية,الصداقية,2112,319,873,41.34,290,7
سيدي بوزيد,منزل بوزيان - المكناسي - المزونة,الخرشف,2319,238,661,28.5,307,7
سيدي بوزيد,منزل بوزيان - المكناسي - المزونة,الخروبة,1702,188,497,29.2,251,7
سيدي بوزيد,منزل بوزيان - المكناسي - المزونة,الخوي,1668,286,956,57.31,524,12
سيدي بوزيد,منزل بوزيان - المكناسي - المزونة,الدوارة,1133,87,210,18.53,60,6
سيدي بوزيد,منزل بوزيان - المكناسي - المزونة,الزوارع,651,17,42,6.45,21,5
سيدي بوزيد,منزل بوزيان - المكناسي - المزونة,السد,2174,378,1134,52.16,676,11
سيدي بوزيد,منزل بوزيان - المكناسي - المزونة,العمران,1996,101,268,13.43,123,6
سيدي بوزيد,منزل بوزيان - المكناسي - المزونة,العمرية,1100,80,239,21.73,122,7
سيدي بوزيد,منزل بوزيان - المكناسي - المزونة,الغريس الشرقية,1306,215,593,45.41,265,8
سيدي بوزيد,منزل بوزيان - المكناسي - المزونة,الغريس الغربية,1875,153,391,20.85,137,6
سيدي بوزيد,منزل بوزيان - المكناسي - المزونة,الفوني,1741,332,899,51.64,413,9
سيدي بوزيد,منزل بوزيان - المكناسي - المزونة,المبروكة,735,85,247,33.61,105,8
سيدي بوزيد,منزل بوزيان - المكناسي - المزونة,مش,1190,29,61,5.13,23,3
سيدي بوزيد,منزل بوزيان - المكناسي - المزونة,منزل بوزيان,4651,813,2177,46.81,661,9
صفاقس,الحنشة,الجواودة,2353,423,1135,48.24,517,7
صفاقس,الحنشة,الحجارة,2432,514,1358,55.84,533,9
صفاقس,الصخيرة - الغريبة - المحرس,الحشيشينة الشمالية,1425,238,651,45.68,328,10
صفاقس,الصخيرة - الغريبة - المحرس,الحمادة,2805,514,1582,56.4,710,11
صفاقس,الصخيرة - الغريبة - المحرس,الخضراء,3131,513,1494,47.72,757,8
صفاقس,الصخيرة - الغريبة - المحرس,السمارة,2044,280,744,36.4,290,9
سيدي بوزيد,منزل بوزيان - المكناسي - المزونة,النصر,1398,273,751,53.72,265,7
سيدي بوزيد,منزل بوزيان - المكناسي - المزونة,النوامر,5509,824,2311,41.95,1025,10
سيدي بوزيد,منزل بوزيان - المكناسي - المزونة,بوهدمة,1921,331,966,50.29,469,12
سيدي بوزيد,منزل بوزيان - المكناسي - المزونة,قلال,4495,503,1438,31.99,599,10
صفاقس,الحنشة,دخان,1852,301,844,45.57,454,7
صفاقس,الحنشة,سيدي حسن بالحاج,4001,783,2198,54.94,878,8
صفاقس,الحنشة,مركز مصباح,3529,420,1190,33.72,568,7
صفاقس,الصخيرة - الغريبة - المحرس,الحشيشينة الجنوبية,2611,494,1437,55.04,634,10
سيدي بوزيد,سيدي بوزيد الغربية - الهيشرية,الطويلة,7500,624,1671,22.28,596,9
سيدي بوزيد,سيدي بوزيد الغربية - الهيشرية,الفريو,2959,190,461,15.58,194,5
سيدي بوزيد,سيدي بوزيد الغربية - الهيشرية,النصر,1037,139,360,34.72,111,7
سيدي بوزيد,سيدي بوزيد الغربية - الهيشرية,النور,13486,1322,3240,24.02,1065,9
سيدي بوزيد,منزل بوزيان - المكناسي - المزونة,المزونة,6609,1080,2992,45.27,1425,15
سيدي بوزيد,منزل بوزيان - المكناسي - المزونة,المكناسي الشرقية,3996,728,2092,52.35,857,10
سيدي بوزيد,منزل بوزيان - المكناسي - المزونة,المكناسي الشمالية,4665,751,1990,42.66,779,9
سيدي بوزيد,منزل بوزيان - المكناسي - المزونة,المكناسي الغربية,3594,531,1376,38.29,591,10
صفاقس,الصخيرة - الغريبة - المحرس,نوال,1586,255,726,45.78,332,8
صفاقس,بئر علي بن خليفة,الابراج,1670,264,693,41.5,279,7
صفاقس,بئر علي بن خليفة,السديرات الجنوبية,1305,224,603,46.21,255,8
صفاقس,بئر علي بن خليفة,السديرات الشمالية,4066,730,2012,49.48,1028,7
صفاقس,الحنشة,الحنشة,13055,2045,5410,41.44,2301,8
صفاقس,الحنشة,النصر,3765,658,1932,51.31,1080,17
صفاقس,الحنشة,بئر الشعبة,3705,629,1735,46.83,905,13
صفاقس,الحنشة,بئر صالح,3875,786,2346,60.54,1059,10
صفاقس,الصخيرة - الغريبة - المحرس,سيدي غريب,2575,428,1123,43.61,457,8
صفاقس,الصخيرة - الغريبة - المحرس,سيدي محمد,3279,526,1516,46.23,751,12
صفاقس,الصخيرة - الغريبة - المحرس,صبيح,3260,589,1669,51.2,746,8
صفاقس,الصخيرة - الغريبة - المحرس,عيثة الشلايا,1958,291,842,43.0,423,9
سيدي بوزيد,سيدي بوزيد الغربية - الهيشرية,الهيشرية,4607,195,463,10.05,168,8
سيدي بوزيد,سيدي بوزيد الغربية - الهيشرية,سيدي بوزيد,10708,1079,2635,24.61,926,7
سيدي بوزيد,سيدي بوزيد الغربية - الهيشرية,سيدي بوزيد الجنوبية,11874,1286,3303,27.82,1337,9
سيدي بوزيد,سيدي بوزيد الغربية - الهيشرية,سيدي بوزيد الغربية,8801,941,2374,26.97,1065,8
صفاقس,بئر علي بن خليفة,سيدي ظاهر,3619,565,1436,39.68,663,7
صفاقس,بئر علي بن خليفة,سيدي علي بلعابد,3515,681,2011,57.21,818,12
صفاقس,بئر علي بن خليفة,وادي الشيخ,3278,486,1214,37.03,518,12
صفاقس,بئر علي بن خليفة,ودران الجنوبية,3374,558,1630,48.31,817,9
صفاقس,بئر علي بن خليفة,القندول,4164,693,1879,45.12,866,8
صفاقس,بئر علي بن خليفة,الناظور,6029,1011,2727,45.23,1170,11
صفاقس,بئر علي بن خليفة,بئر علي بن خليفة,8513,948,2282,26.81,754,8
صفاقس,بئر علي بن خليفة,بوسليم,965,164,471,48.81,235,7
صفاقس,الصخيرة - الغريبة - المحرس,الشعال,999,159,432,43.24,220,8
صفاقس,الصخيرة - الغريبة - المحرس,الشفار,7659,1201,3323,43.39,1837,11
صفاقس,الصخيرة - الغريبة - المحرس,الصخيرة,11223,1626,4401,39.21,2064,8
صفاقس,الصخيرة - الغريبة - المحرس,الغريبة,3216,535,1453,45.18,737,10
صفاقس,جبنيانة - العامرة,العجانقة,5954,1066,3148,52.87,1591,18
صفاقس,جبنيانة - العامرة,القلالجة,1575,288,806,51.17,407,9
صفاقس,جبنيانة - العامرة,اللوزة,3219,608,1866,57.97,916,10
صفاقس,جبنيانة - العامرة,المساترية,4079,660,1776,43.54,742,9
صفاقس,بئر علي بن خليفة,ودران الشمالية,3908,622,1656,42.37,710,8
صفاقس,جبنيانة - العامرة,الحوض,4136,783,2252,54.45,1105,11
صفاقس,جبنيانة - العامرة,السلام,2908,529,1573,54.09,796,11
صفاقس,جبنيانة - العامرة,العامرة,5951,890,2418,40.63,1088,10
صفاقس,جبنيانة - العامرة,بطرية,4055,711,1875,46.24,705,9
صفاقس,جبنيانة - العامرة,بلتش,2283,430,1176,51.51,563,10
صفاقس,جبنيانة - العامرة,بليانة,4863,944,2619,53.86,1100,9
صفاقس,جبنيانة - العامرة,بودربالة,3514,638,1928,54.87,889,11
صفاقس,الصخيرة - الغريبة - المحرس,القنيطرة,3191,579,1837,57.57,1148,13
صفاقس,الصخيرة - الغريبة - المحرس,المحرس,13084,1588,3781,28.9,1469,9
صفاقس,الصخيرة - الغريبة - المحرس,المحرس الجنوبية,5208,685,1678,32.22,787,7
صفاقس,الصخيرة - الغريبة - المحرس,المنار,4800,746,1969,41.02,1069,9
صفاقس,جبنيانة - العامرة,جبنيانة,12506,1809,4605,36.82,1656,8
صفاقس,جبنيانة - العامرة,حزق,7222,1251,3444,47.69,1549,10
صفاقس,جبنيانة - العامرة,ذراع بني زياد,3249,635,1797,55.31,738,9
صفاقس,ساقية الدائر,البدارنة,2761,457,1347,48.79,751,10
صفاقس,ساقية الدائر,سيدي منصور,12715,1527,3741,29.42,1467,8
صفاقس,ساقية الدائر,مركز السبعي,10777,1465,3708,34.41,2173,15
صفاقس,ساقية الدائر,مركز كعنيش,10747,1321,3158,29.38,1373,7
صفاقس,ساقية الزيت,الأنس,5308,487,1110,20.91,725,5
صفاقس,ساقية الزيت,سيدي صالح,2718,485,1367,50.29,769,15
صفاقس,ساقية الزيت,مركز بوعصيدة,9585,1169,2801,29.22,1449,10
صفاقس,صفاقس الجنوبية,الأفران الشمالية,18336,2530,6131,33.44,3294,14
صفاقس,صفاقس الجنوبية,الخزانات,8146,1039,2816,34.57,1503,12
صفاقس,ساقية الدائر,الخيرية,5464,758,1911,34.97,1030,12
صفاقس,ساقية الدائر,السلطنية,15742,2059,5005,31.79,2580,14
صفاقس,ساقية الدائر,حي بورقيبة,16167,1919,4548,28.13,2279,8
صفاقس,ساقية الدائر,ساقية الداير,14868,1768,4354,29.28,2061,14
صفاقس,صفاقس الجنوبية,قرمدة,10382,1205,2973,28.64,1668,11
صفاقس,صفاقس الغربية,العالية,8861,1268,3140,35.44,1765,11
صفاقس,صفاقس الغربية,الهدى,11072,1144,2762,24.95,1460,11
صفاقس,صفاقس الغربية,حي البحري,14548,1543,3528,24.25,1605,8
صفاقس,صفاقس المدينة,15نوفمبر,8085,975,2287,28.29,975,6
صفاقس,صفاقس المدينة,البساتين,14297,1028,2269,15.87,1155,7
صفاقس,صفاقس المدينة,الحي التعويضي,2974,344,811,27.27,339,6
صفاقس,صفاقس المدينة,الحي الخيري,6999,448,1008,14.4,502,7
صفاقس,صفاقس الجنوبية,العوابد,4623,631,1691,36.58,946,13
صفاقس,صفاقس الجنوبية,العين,24622,2908,7227,29.35,3931,17
صفاقس,صفاقس الجنوبية,بوزيان,16064,1874,4523,28.16,2519,13
صفاقس,صفاقس الجنوبية,عيون المايل,8196,1319,3531,43.08,1685,9
صفاقس,صفاقس الغربية,حي الحبيب,20990,2115,4903,23.36,2421,8
صفاقس,صفاقس الغربية,سكرة,8954,1068,2540,28.37,976,6
صفاقس,صفاقس الغربية,مركز شاكر,15158,1696,4039,26.65,1949,9
صفاقس,صفاقس الغربية,وادي الرمل,7974,1012,2415,30.29,911,8
صفاقس,عقارب,الصغار,1839,329,955,51.93,522,8
صفاقس,عقارب,المحروقة,2217,336,892,40.23,477,9
صفاقس,عقارب,بن سهلون,2203,422,1212,55.02,575,9
صفاقس,عقارب,بولذياب,2653,395,1008,37.99,440,9
صفاقس,ساقية الزيت,السدرة,12255,1696,4189,34.18,2141,11
صفاقس,ساقية الزيت,الشيحية,13295,1710,4085,30.73,2080,8
صفاقس,ساقية الزيت,تنيور,17653,2173,5426,30.74,3088,14
صفاقس,ساقية الزيت,ساقية الزيت,23255,2672,6583,28.31,3380,29
صفاقس,قرقنة,القنطرة,611,101,247,40.43,77,5
صفاقس,قرقنة,الكلابين,536,67,166,30.97,80,5
صفاقس,قرقنة,النجاة,1037,191,555,53.52,280,11
صفاقس,قرقنة,سيدي فرج,720,104,269,37.36,117,6
صفاقس,صفاقس المدينة,الربض,10155,997,2335,22.99,937,6
صفاقس,صفاقس المدينة,المدينة,3881,279,659,16.98,248,6
صفاقس,صفاقس المدينة,باب البحر,7126,365,804,11.28,363,6
صفاقس,صفاقس المدينة,سيدي عباس,7606,960,2298,30.21,1203,7
صفاقس,قرقنة,الرملة,3448,562,1430,41.47,655,9
صفاقس,قرقنة,الشرقي,619,96,258,41.68,128,7
صفاقس,قرقنة,العطايا,3222,654,2093,64.96,1133,15
صفاقس,قرقنة,القراطن,1175,202,599,50.98,330,9
صفاقس,منزل شاكر,العوادنة,3001,398,1060,35.32,583,10
صفاقس,منزل شاكر,بئر الملولي,750,131,399,53.2,259,9
صفاقس,منزل شاكر,بشكة,1328,260,750,56.48,376,9
صفاقس,منزل شاكر,بوثدي,1242,222,584,47.02,221,8
صفاقس,صفاقس المدينة,عين شيخ روحو,5182,700,1688,32.57,815,11
صفاقس,صفاقس المدينة,محمد علي,11632,1298,3095,26.61,1329,8
صفاقس,صفاقس المدينة,مركز الباشا,6017,730,1687,28.04,967,8
صفاقس,صفاقس المدينة,مركز قدور,1142,87,193,16.9,82,4
قابس,الحامة - الحامة الغربية,شانشو,596,98,325,54.53,184,7
قابس,الحامة - الحامة الغربية,فرحات حشاد,300,25,59,19.67,23,4
قابس,غنوش - المطوية - وذرف - منزل الحبيب,السقي,1410,204,595,42.2,273,7
قابس,غنوش - المطوية - وذرف - منزل الحبيب,العكاريت,1578,295,867,54.94,602,17
صفاقس,قرقنة,مليتة,3506,673,2107,60.1,1114,14
صفاقس,منزل شاكر,الاعشاش,3893,316,867,22.27,382,8
صفاقس,منزل شاكر,البقعة البيضاء,1878,336,1006,53.57,604,10
صفاقس,منزل شاكر,الحاج قاسم,2372,430,1192,50.25,495,7
صفاقس,منزل شاكر,بوجربوع,3050,222,563,18.46,214,7
صفاقس,منزل شاكر,تليل العجلة,1557,183,467,29.99,168,9
صفاقس,منزل شاكر,شعلاب,2772,458,1267,45.71,669,13
صفاقس,منزل شاكر,ماجل الدرج,2585,444,1251,48.39,787,12
صفاقس,عقارب,زليانة,941,192,556,59.09,320,7
صفاقس,عقارب,عقارب,12529,2082,5301,42.31,2579,11
صفاقس,عقارب,قرقور,6010,1067,3008,50.05,1282,9
صفاقس,قرقنة,أولاد قاسم,1083,165,423,39.06,185,8
قابس,غنوش - المطوية - وذرف - منزل الحبيب,الميدة,2080,410,1355,65.14,781,10
قابس,غنوش - المطوية - وذرف - منزل الحبيب,الهيشة,1700,327,983,57.82,465,8
قابس,غنوش - المطوية - وذرف - منزل الحبيب,ربيعة والي,2114,350,1076,50.9,608,9
قابس,غنوش - المطوية - وذرف - منزل الحبيب,زقراطة,751,145,420,55.93,206,8
قابس,الحامة - الحامة الغربية,المنطقة القبلية,5475,878,2296,41.94,899,8
قابس,الحامة - الحامة الغربية,بشيمة البرج,1442,261,889,61.65,478,9
قابس,الحامة - الحامة الغربية,بشيمة القلب,2797,538,1905,68.11,1245,18
قابس,الحامة - الحامة الغربية,بوعطوش,4240,787,2646,62.41,1527,22
صفاقس,منزل شاكر,منزل شاكر,5103,601,1612,31.59,746,8
قابس,الحامة - الحامة الغربية,البحاير,1680,302,994,59.17,565,11
قابس,الحامة - الحامة الغربية,الحبيب ثامر,4735,905,2751,58.1,1235,12
قابس,الحامة - الحامة الغربية,القصر,7145,1151,3116,43.61,1332,9
قابس,غنوش - المطوية - وذرف - منزل الحبيب,الفجيج,583,115,333,57.12,134,7
قابس,غنوش - المطوية - وذرف - منزل الحبيب,المطوية الجنوبية,7526,1120,2844,37.79,1151,9
قابس,غنوش - المطوية - وذرف - منزل الحبيب,المطوية الشمالية,1853,226,556,30.01,265,5
قابس,غنوش - المطوية - وذرف - منزل الحبيب,المهاملة,1157,108,299,25.84,125,9
قابس,غنوش - المطوية - وذرف - منزل الحبيب,منزل الحبيب,2584,443,1327,51.35,635,15
قابس,غنوش - المطوية - وذرف - منزل الحبيب,وادي الزيتون,901,163,435,48.28,203,9
قابس,غنوش - المطوية - وذرف - منزل الحبيب,وذرف الجنوبية,3785,708,1859,49.11,720,8
قابس,غنوش - المطوية - وذرف - منزل الحبيب,وذرف الشمالية,4100,729,1767,43.1,679,6
صفاقس,طينة,الحاجب,14092,1860,4744,33.66,2695,12
صفاقس,طينة,سيد عبيد,6759,795,1904,28.17,906,9
صفاقس,طينة,طينة,21447,2599,6561,30.59,4105,27
صفاقس,عقارب,التربة,3713,571,1463,39.4,751,8
قابس,غنوش - المطوية - وذرف - منزل الحبيب,غنوش الجنوبية,6856,1342,3653,53.28,1161,11
قابس,غنوش - المطوية - وذرف - منزل الحبيب,غنوش الشرقية,4786,747,1853,38.72,664,6
قابس,غنوش - المطوية - وذرف - منزل الحبيب,غنوش الشمالية,2771,484,1305,47.09,597,8
قابس,غنوش - المطوية - وذرف - منزل الحبيب,غنوش الغربية,6884,1211,3515,51.06,1957,18
قابس,الحامة - الحامة الغربية,المنطقة الشرقية 1,15333,2115,5213,34.0,1518,9
قابس,الحامة - الحامة الغربية,المنطقة الشرقية 2,4450,847,2575,57.87,1390,12
قابس,الحامة - الحامة الغربية,المنطقة الشمالية,3313,520,1469,44.34,753,10
قابس,الحامة - الحامة الغربية,المنطقة الغربية,4584,908,2688,58.64,1354,9
قابس,مارث - دخيلة توجان - مطماطة - مطماطة الجديدة,الزراوة,1848,342,1016,54.98,486,8
قابس,مارث - دخيلة توجان - مطماطة - مطماطة الجديدة,الزركين,1669,271,695,41.64,337,6
قابس,مارث - دخيلة توجان - مطماطة - مطماطة الجديدة,العلاية,1794,308,868,48.38,524,7
قابس,مارث - دخيلة توجان - مطماطة - مطماطة الجديدة,بني زلطن,1341,160,395,29.46,190,6
قابس,مارث - دخيلة توجان - مطماطة - مطماطة الجديدة,بني عيسى,551,77,209,37.93,80,6
قابس,مارث - دخيلة توجان - مطماطة - مطماطة الجديدة,تشين,954,144,382,40.04,192,7
قابس,مارث - دخيلة توجان - مطماطة - مطماطة الجديدة,تمزرط,778,121,314,40.36,156,7
قابس,مارث - دخيلة توجان - مطماطة - مطماطة الجديدة,توجان,698,94,245,35.1,159,6
قابس,قابس المدينة - قابس الغربية,شنني الشرقية,4097,603,1496,36.51,696,8
قابس,قابس المدينة - قابس الغربية,شنني الشمالية,1987,288,714,35.93,297,7
قابس,قابس المدينة - قابس الغربية,شنني الغربية,3198,450,1092,34.15,482,7
قابس,مارث - دخيلة توجان - مطماطة - مطماطة الجديدة,الزارات,6370,1023,2702,42.42,1392,9
قابس,مارث - دخيلة توجان - مطماطة - مطماطة الجديدة,دخيلة توجان,4699,820,2368,50.39,1267,12
قابس,مارث - دخيلة توجان - مطماطة - مطماطة الجديدة,زريق الغندري,1899,227,688,36.23,440,10
قابس,مارث - دخيلة توجان - مطماطة - مطماطة الجديدة,زمرتن,888,158,468,52.7,308,10
قابس,مارث - دخيلة توجان - مطماطة - مطماطة الجديدة,سيدي التواتي,2219,340,957,43.13,610,9
قابس,قابس الجنوبية,زريق الدخلانية,5102,688,1792,35.12,926,9
قابس,قابس الجنوبية,سيدي بولبابة,20115,2118,5119,25.45,2531,8
قابس,قابس الجنوبية,ليماوة,515,93,266,51.65,150,6
قابس,قابس المدينة - قابس الغربية,الجواولة,1055,132,313,29.67,172,7
قابس,قابس المدينة - قابس الغربية,المنطقة الرابعة,6283,498,1187,18.89,520,5
قابس,قابس المدينة - قابس الغربية,النحال,2098,353,974,46.43,467,6
قابس,قابس المدينة - قابس الغربية,بوشمة,9660,1724,4856,50.27,2190,11
قابس,قابس المدينة - قابس الغربية,شط سيدي عبد السلام,6934,1202,3269,47.14,1324,8
قابس,مارث - دخيلة توجان - مطماطة - مطماطة الجديدة,عرام,4203,755,2358,56.1,1609,14
قابس,مارث - دخيلة توجان - مطماطة - مطماطة الجديدة,عين تونين,1887,294,843,44.67,576,14
قابس,مارث - دخيلة توجان - مطماطة - مطماطة الجديدة,عيون الزركين,2758,494,1412,51.2,1015,15
قابس,مارث - دخيلة توجان - مطماطة - مطماطة الجديدة,كتانة,4393,750,2172,49.44,1189,14
قابس,قابس الجنوبية,الأمازير,745,129,382,51.28,166,7
قابس,قابس الجنوبية,المدو,1894,305,830,43.82,349,7
قابس,قابس الجنوبية,المنطقة الخامسة,15138,1244,3015,19.92,1530,8
قابس,قابس الجنوبية,تبلبو,16033,2001,5139,32.05,2390,8
قابس,مارث - دخيلة توجان - مطماطة - مطماطة الجديدة,هداج,1898,286,723,38.09,390,8
قابس,مارث - دخيلة توجان - مطماطة - مطماطة الجديدة,واريفين,428,68,171,39.95,100,5
قبلي,دوز,العبادلة,4020,728,2111,52.51,1012,15
قبلي,دوز,العذارة,3101,601,2018,65.08,1569,17
قابس,قابس المدينة - قابس الغربية,الرماثي,1719,329,1059,61.61,528,13
قابس,قابس المدينة - قابس الغربية,المنطقة الأولى,5163,484,1162,22.51,435,8
قابس,قابس المدينة - قابس الغربية,المنطقة الثالثة,16930,1787,4384,25.89,1657,8
قابس,قابس المدينة - قابس الغربية,المنطقة الثانية,6923,817,1969,28.44,719,6
قبلي,فوار - رجيم معتوق,الصابرية الشرقية,2216,435,1234,55.69,580,8
قبلي,فوار - رجيم معتوق,الصابرية الغربية,3309,600,1818,54.94,1037,12
قبلي,فوار - رجيم معتوق,المطروحة,166,25,79,47.59,58,9
قبلي,فوار - رجيم معتوق,بشني - الدرجين,1763,304,1038,58.88,548,12
قبلي,قبلي - سوق الأحد,البليدات,2271,429,1648,72.57,1071,16
قبلي,قبلي - سوق الأحد,الرابطة,1411,276,733,51.95,305,9
قبلي,قبلي - سوق الأحد,الزوية,1560,325,1033,66.22,472,12
قبلي,قبلي - سوق الأحد,القطعاية,1175,215,830,70.64,491,10
قبلي,دوز,دوز الغربية,4744,829,2476,52.19,1357,14
قبلي,دوز,غليسية,2383,437,1598,67.06,1108,17
قبلي,دوز,نويل الجنوبية,1846,377,1218,65.98,659,10
قبلي,دوز,نويل الشمالية,1895,355,1313,69.29,988,22
قبلي,فوار - رجيم معتوق,رجيم معتوق,2547,380,1068,41.93,649,9
قبلي,فوار - رجيم معتوق,غريب,2991,530,1611,53.86,762,15
قبلي,فوار - رجيم معتوق,غيدمة,1908,357,1226,64.26,740,12
قبلي,قبلي - سوق الأحد,أم الصمعة,4474,813,2336,52.21,883,10
قبلي,قبلي - سوق الأحد,تنبيب,1574,325,1035,65.76,541,13
قبلي,قبلي - سوق الأحد,جرسين,1945,403,1227,63.08,720,13
قبلي,قبلي - سوق الأحد,جمنة الجنوبية,3020,578,1833,60.7,857,13
قبلي,قبلي - سوق الأحد,جمنة الشمالية,2405,452,1454,60.46,765,12
قبلي,قبلي - سوق الأحد,جنعورة,2901,506,1660,57.22,925,12
قبلي,قبلي - سوق الأحد,سعيدان,1035,155,457,44.15,212,7
قبلي,قبلي - سوق الأحد,طنبار,3497,640,1908,54.56,847,12
قبلي,قبلي - سوق الأحد,فطناسة,2075,419,1182,56.96,403,10
قبلي,قبلي - سوق الأحد,بشلى,3255,633,2145,65.9,1117,16
قبلي,قبلي - سوق الأحد,بني محمد,1954,324,1060,54.25,575,13
قبلي,قبلي - سوق الأحد,بو عبد الله,5877,964,2586,44.0,989,9
قبلي,قبلي - سوق الأحد,تلمين,1786,364,1099,61.53,468,10
قبلي,قبلي - سوق الأحد,المنشية,5495,986,2783,50.65,1111,13
قبلي,قبلي - سوق الأحد,المنصورة,3090,568,1569,50.78,584,9
قبلي,قبلي - سوق الأحد,بازمة,3903,726,2125,54.45,990,11
قبلي,قبلي - سوق الأحد,بشري,2847,541,1528,53.67,794,9
قبلي,دوز,العوينة الجنوبية,4407,821,2603,59.07,1237,12
قبلي,دوز,العوينة الشمالية,3655,652,2492,68.18,1606,20
قبلي,دوز,القلعة,6556,1213,3469,52.91,1682,10
قبلي,دوز,دوز الشرقية,5648,1000,3044,53.9,1464,13
قابس,مارث - دخيلة توجان - مطماطة - مطماطة الجديدة,مارث,13922,1541,3916,28.13,1724,13
قابس,مارث - دخيلة توجان - مطماطة - مطماطة الجديدة,مارث الشمالية,7015,1043,2702,38.52,1241,8
قابس,مارث - دخيلة توجان - مطماطة - مطماطة الجديدة,مطماطة,4173,405,952,22.81,309,8
قابس,مارث - دخيلة توجان - مطماطة - مطماطة الجديدة,مطماطة الجديدة,6770,932,2316,34.21,978,7
قفصة,أم العرائس - سيدي بوبكر - الرديف - المتلوي - المضيلة,الرديف المركز,3954,616,1548,39.15,496,8
قفصة,أم العرائس - سيدي بوبكر - الرديف - المتلوي - المضيلة,السقي,286,38,97,33.92,41,6
قفصة,أم العرائس - سيدي بوبكر - الرديف - المتلوي - المضيلة,السويطير,188,20,52,27.66,15,5
قفصة,أم العرائس - سيدي بوبكر - الرديف - المتلوي - المضيلة,الشنوفية,628,84,240,38.22,115,7
قفصة,أم العرائس - سيدي بوبكر - الرديف - المتلوي - المضيلة,كريشة النعام,165,22,57,34.55,6,4
قفصة,أم العرائس - سيدي بوبكر - الرديف - المتلوي - المضيلة,وادي الارطة,1795,327,1105,61.56,643,17
قفصة,القطار - بلخير - السند,أولاد الحاج,1508,288,1024,67.9,566,12
قفصة,القطار - بلخير - السند,الأرطس,1116,189,583,52.24,236,8
قبلي,قبلي - سوق الأحد,نقة,2893,544,1739,60.11,982,12
قفصة,أم العرائس - سيدي بوبكر - الرديف - المتلوي - المضيلة,أم الأقصاب,1706,282,797,46.72,303,10
قفصة,أم العرائس - سيدي بوبكر - الرديف - المتلوي - المضيلة,الثالجة,4557,719,1844,40.47,778,8
قفصة,أم العرائس - سيدي بوبكر - الرديف - المتلوي - المضيلة,الحي العمالي,5931,905,2389,40.28,846,9
قبلي,قبلي - سوق الأحد,قبلي الجنوبية,5160,607,1491,28.9,487,7
قبلي,قبلي - سوق الأحد,قبلي الشرقية,4546,603,1450,31.9,577,7
قبلي,قبلي - سوق الأحد,قبلي الشمالية,5265,633,1548,29.4,560,7
قبلي,قبلي - سوق الأحد,ليماقس-استفطيمية,1922,370,1093,56.87,485,13
قفصة,أم العرائس - سيدي بوبكر - الرديف - المتلوي - المضيلة,حي الامل الشرقي,7079,1035,2743,38.75,946,9
قفصة,أم العرائس - سيدي بوبكر - الرديف - المتلوي - المضيلة,حي الامل الغربي,2209,366,1040,47.08,499,7
قفصة,أم العرائس - سيدي بوبكر - الرديف - المتلوي - المضيلة,سيدي بوبكر,2177,360,957,43.96,437,8
قفصة,أم العرائس - سيدي بوبكر - الرديف - المتلوي - المضيلة,صهيب,1682,262,757,45.01,244,8
قفصة,القطار - بلخير - السند,الساكت,1132,226,690,60.95,309,7
قفصة,القطار - بلخير - السند,السند,7595,1055,2699,35.54,984,9
قفصة,القطار - بلخير - السند,السند الشمالية,1446,172,431,29.81,167,6
قفصة,القطار - بلخير - السند,الطلح الشرقية,1013,203,573,56.56,270,7
قفصة,القطار - بلخير - السند,الطلح الغربية,1812,322,923,50.94,401,8
قفصة,القطار - بلخير - السند,العنق,1882,352,1101,58.5,502,9
قفصة,القطار - بلخير - السند,العيايشة,2342,440,1390,59.35,742,11
قفصة,القطار - بلخير - السند,القطار الشرقية,4577,774,2212,48.33,932,9
قفصة,أم العرائس - سيدي بوبكر - الرديف - المتلوي - المضيلة,الدوارة,1744,290,924,52.98,711,15
قفصة,أم العرائس - سيدي بوبكر - الرديف - المتلوي - المضيلة,الرديف الجنوبية,5611,849,2349,41.86,1293,11
قفصة,أم العرائس - سيدي بوبكر - الرديف - المتلوي - المضيلة,الرديف الشمالية,3704,607,1698,45.84,754,15
قفصة,أم العرائس - سيدي بوبكر - الرديف - المتلوي - المضيلة,الرديف المحطة,9896,1545,4100,41.43,1586,13
قفصة,أم العرائس - سيدي بوبكر - الرديف - المتلوي - المضيلة,المتلوي المحطة,5163,841,2278,44.12,807,9
قفصة,أم العرائس - سيدي بوبكر - الرديف - المتلوي - المضيلة,المتلوي المركز,6588,896,2325,35.29,722,9
قفصة,أم العرائس - سيدي بوبكر - الرديف - المتلوي - المضيلة,المزيرعة,3634,662,2136,58.78,1014,17
قفصة,أم العرائس - سيدي بوبكر - الرديف - المتلوي - المضيلة,المظيلة المركز,4612,711,2076,45.01,913,15
قفصة,أم العرائس - سيدي بوبكر - الرديف - المتلوي - المضيلة,المقرون,909,118,305,33.55,97,10
قفصة,أم العرائس - سيدي بوبكر - الرديف - المتلوي - المضيلة,ام العرائس المحطة,13162,2112,6487,49.29,4161,21
قفصة,أم العرائس - سيدي بوبكر - الرديف - المتلوي - المضيلة,ام العرائس المركز,6446,901,2899,44.97,2101,21
قفصة,أم العرائس - سيدي بوبكر - الرديف - المتلوي - المضيلة,تابديت,932,170,487,52.25,216,11
قفصة,القطار - بلخير - السند,القطار الغربية,5835,890,2177,37.31,790,7
قفصة,القطار - بلخير - السند,بئر سعد,827,143,416,50.3,232,16
قفصة,القطار - بلخير - السند,بلخير,3864,638,1847,47.8,567,9
قفصة,القطار - بلخير - السند,جبيلة الوسط,2251,426,1169,51.93,498,8
قفصة,قفصة الشمالية - سيدي عيش - القصر - زانوش,الرحيبة الجنوبية,831,94,263,31.65,94,6
قفصة,قفصة الشمالية - سيدي عيش - القصر - زانوش,السوينية,592,82,241,40.71,85,12
قفصة,قفصة الشمالية - سيدي عيش - القصر - زانوش,العمايمية,776,123,325,41.88,115,6
قفصة,قفصة الشمالية - سيدي عيش - القصر - زانوش,الفج,1281,174,492,38.41,189,7
قفصة,قفصة الشمالية - سيدي عيش - القصر - زانوش,سيدي عيش الشرقية,971,171,469,48.3,250,7
قفصة,قفصة الشمالية - سيدي عيش - القصر - زانوش,عبد الصادق,3868,471,1273,32.91,548,8
قفصة,قفصة الشمالية - سيدي عيش - القصر - زانوش,عمرة,1324,173,468,35.35,198,7
قفصة,قفصة الشمالية - سيدي عيش - القصر - زانوش,قصور الاخوة,581,90,260,44.75,98,7
قفصة,قفصة الجنوبية,كاف دربي,1459,194,575,39.41,280,9
قفصة,قفصة الجنوبية,وادي ايلو,7126,912,2191,30.75,781,6
قفصة,قفصة الشمالية - سيدي عيش - القصر - زانوش,الجديدة,2968,416,1304,43.94,602,11
قفصة,قفصة الشمالية - سيدي عيش - القصر - زانوش,الرحيبة,1580,253,707,44.75,275,8
قفصة,قفصة الشمالية - سيدي عيش - القصر - زانوش,قطيس,1519,179,477,31.4,195,7
قفصة,قفصة الشمالية - سيدي عيش - القصر - زانوش,لالة,4525,791,2210,48.84,901,9
قفصة,قفصة الشمالية - سيدي عيش - القصر - زانوش,منزل القمودي,389,59,160,41.13,64,6
قفصة,قفصة الشمالية - سيدي عيش - القصر - زانوش,منزل ميمون,1323,213,588,44.44,251,8
قفصة,قفصة الشمالية - سيدي عيش - القصر - زانوش,المطار,4599,491,1311,28.51,605,8
قفصة,قفصة الشمالية - سيدي عيش - القصر - زانوش,حي حشاد,3578,542,1490,41.64,864,11
قفصة,قفصة الشمالية - سيدي عيش - القصر - زانوش,زانوش,5260,866,2579,49.03,1056,20
قفصة,قفصة الشمالية - سيدي عيش - القصر - زانوش,سيدي عيش,3347,530,1508,45.06,561,8
قفصة,قفصة الشمالية - سيدي عيش - القصر - زانوش,القرية,2039,214,591,28.98,269,9
قفصة,قفصة الشمالية - سيدي عيش - القصر - زانوش,القصر,13564,1532,3645,26.87,1095,9
قفصة,قفصة الشمالية - سيدي عيش - القصر - زانوش,القصر الشرقية,2471,298,776,31.4,310,8
قفصة,قفصة الشمالية - سيدي عيش - القصر - زانوش,المتكيدس,1135,207,654,57.62,299,9
قفصة,القطار - بلخير - السند,عليم,3832,528,1419,37.03,691,10
قفصة,القطار - بلخير - السند,ماجورة,4092,692,2093,51.15,929,10
قفصة,قفصة الجنوبية,العسالة,20071,1824,4311,21.48,1652,8
قفصة,قفصة الجنوبية,العقيلة,1601,248,695,43.41,314,8
قفصة,قفصة الجنوبية,حي النور,8209,853,1943,23.67,434,8
قفصة,قفصة الجنوبية,سيدي احمد زروق,5230,628,1545,29.54,719,9
قفصة,قفصة الجنوبية,قفصة الشرقية,4746,560,1376,28.99,668,6
قفصة,قفصة الجنوبية,قفصة المدينة,7159,734,1828,25.53,692,8
مدنين,بني خداش,رحالة,658,112,293,44.53,124,5
مدنين,بني خداش,زغاية,2110,397,1117,52.94,499,10
مدنين,بني خداش,زمور,773,126,336,43.47,140,6
مدنين,بني خداش,وادي الخيل,1072,197,560,52.24,305,8
مدنين,بني خداش,البحيرة,1464,261,694,47.4,304,6
مدنين,بني خداش,البنية,1999,355,1036,51.83,592,12
مدنين,بني خداش,الحميمة,2001,184,487,24.34,241,7
مدنين,بني خداش,الدخيلة,570,82,222,38.95,103,7
قفصة,قفصة الجنوبية,المولى,2405,229,506,21.04,90,5
قفصة,قفصة الجنوبية,الناظور,1303,206,609,46.74,290,8
قفصة,قفصة الجنوبية,حي السرور,12099,1564,4002,33.08,1592,7
قفصة,قفصة الجنوبية,حي الشباب,15302,1920,5108,33.38,2213,15
مدنين,بنقردان,الشهبانية,1626,257,729,44.83,269,6
مدنين,بنقردان,الصياح,5191,886,2513,48.41,1158,11
مدنين,بنقردان,الطابعي,6890,1131,3177,46.11,1417,12
مدنين,بنقردان,العامرية,5725,1034,3095,54.06,1427,11
مدنين,بنقردان,المعمرات,5135,865,2530,49.27,1171,11
مدنين,بنقردان,النفاتية,978,182,561,57.36,278,8
مدنين,بنقردان,الوراسنية,5286,943,2498,47.26,1003,8
مدنين,بنقردان,بنقردان الجنوبية,8290,1086,2707,32.65,874,10
مدنين,بني خداش,الفجيج,2003,400,1390,69.4,907,12
مدنين,بني خداش,القصر الجديد,2691,456,1255,46.64,627,10
مدنين,بني خداش,المنزلة,1060,184,515,48.58,257,7
مدنين,بني خداش,بني خداش,8065,1042,2633,32.65,1015,9
مدنين,بنقردان,بنقردان الشمالية,7498,884,2098,27.98,707,7
مدنين,بنقردان,جلال,7598,1058,2817,37.08,1086,10
مدنين,بنقردان,جميلة,5160,761,2063,39.98,785,9
مدنين,بنقردان,شارب الراجل,3057,500,1340,43.83,525,8
مدنين,بني خداش,ورجيجن,1274,229,670,52.59,368,8
مدنين,جربة حومة السوق,الجوامع,4130,462,1194,28.91,541,7
مدنين,جربة حومة السوق,الحشان,2834,492,1487,52.47,822,8
مدنين,جربة حومة السوق,الرياض,9975,1196,2988,29.95,1285,9
مدنين,جربة حومة السوق,فاطو,3903,528,1350,34.59,582,7
مدنين,جربة حومة السوق,مزراية,4237,708,1903,44.91,814,7
مدنين,جربة حومة السوق,مليتة,6510,1148,3449,52.98,1540,10
مدنين,جربة حومة السوق,والغ,3163,495,1239,39.17,549,7
مدنين,جربة ميدون - جربة أجيم,وادي الزبيب,2014,319,816,40.52,308,8
مدنين,جرجيس,2مارس,3996,306,684,17.12,229,7
مدنين,جرجيس,البساتين,3474,361,846,24.35,349,6
مدنين,جرجيس,الجدارية,496,96,284,57.26,137,8
مدنين,جربة ميدون - جربة أجيم,أجيم,10653,1539,3808,35.75,1318,13
مدنين,جربة ميدون - جربة أجيم,اركو,6618,884,2220,33.54,928,10
مدنين,جربة ميدون - جربة أجيم,الخنانسة,945,170,451,47.72,219,7
مدنين,جربة ميدون - جربة أجيم,القرع,2582,486,1422,55.07,657,8
مدنين,جربة ميدون - جربة أجيم,الماي,10950,1313,3197,29.2,1198,7
مدنين,جربة ميدون - جربة أجيم,المحبوبين,4657,806,2269,48.72,1013,13
مدنين,جربة ميدون - جربة أجيم,بني معقل,3787,615,1660,43.83,676,10
مدنين,جربة ميدون - جربة أجيم,ربانة,2136,383,991,46.4,426,8
مدنين,جرجيس,السويحل,9175,1282,3200,34.88,1401,12
مدنين,جرجيس,الطاهر صفر,2974,324,756,25.42,330,6
مدنين,جرجيس,العقلة,2575,413,1098,42.64,568,10
مدنين,جرجيس,الغرابات,1332,243,862,64.71,439,10
مدنين,مدنين الجنوبية - سيدي مخلوف,الراقوبة الشرقية,1919,326,998,52.01,600,16
مدنين,مدنين الجنوبية - سيدي مخلوف,الراقوبة الغربية,1860,306,904,48.6,541,8
مدنين,مدنين الجنوبية - سيدي مخلوف,السويطير,859,167,521,60.65,293,9
مدنين,مدنين الجنوبية - سيدي مخلوف,الغباي,1078,201,538,49.91,246,7
مدنين,جربة حومة السوق,السواني,6111,736,1902,31.12,777,10
مدنين,جربة حومة السوق,بوملال,10737,1556,3881,36.15,1711,9
مدنين,جربة حومة السوق,صدغيان,4978,798,1969,39.55,810,7
مدنين,جربة حومة السوق,طاوريت,7172,1094,2943,41.03,1393,9
مدنين,جرجيس,حمادي بو تفاحة,3846,610,1529,39.76,715,8
مدنين,جرجيس,خوى الغدير,1362,227,677,49.71,339,8
مدنين,جرجيس,شماخ,2984,482,1424,47.72,801,9
مدنين,جرجيس,هشام الحمادي,3838,471,1151,29.99,503,7
مدنين,جرجيس,وادي التياب,6522,761,1800,27.6,718,8
مدنين,مدنين الجنوبية - سيدي مخلوف,الجرف,1689,242,625,37.0,315,10
مدنين,مدنين الجنوبية - سيدي مخلوف,الدرجاوة,1382,250,714,51.66,389,8
مدنين,مدنين الجنوبية - سيدي مخلوف,الدرغولية,1828,293,878,48.03,511,10
مدنين,مدنين الجنوبية - سيدي مخلوف,القرين,877,165,550,62.71,362,13
مدنين,مدنين الجنوبية - سيدي مخلوف,القصبة,2427,479,1298,53.48,562,9
مدنين,مدنين الجنوبية - سيدي مخلوف,اللبة,3262,499,1416,43.41,739,8
مدنين,مدنين الجنوبية - سيدي مخلوف,المغراوية,1045,179,480,45.93,296,7
مدنين,مدنين الشمالية,أم التمر الشرقية,1010,146,369,36.53,192,6
مدنين,مدنين الشمالية,أم التمر الغربية,1783,281,717,40.21,353,6
مدنين,مدنين الشمالية,بني غزيل,442,72,233,52.71,141,11
مدنين,مدنين الشمالية,كوتين,1364,171,408,29.91,194,5
مدنين,مدنين الجنوبية - سيدي مخلوف,بدوي,890,162,498,55.96,279,11
مدنين,مدنين الجنوبية - سيدي مخلوف,بوغرارة,6107,937,2601,42.59,1396,9
مدنين,مدنين الجنوبية - سيدي مخلوف,حسي عمر,4013,626,1720,42.86,808,12
مدنين,مدنين الجنوبية - سيدي مخلوف,حسي مدنين,1532,270,766,50.0,407,8
مدنين,جربة ميدون - جربة أجيم,صدويكش,6945,1175,3197,46.03,1186,8
مدنين,جربة ميدون - جربة أجيم,قلالة,8289,1493,3874,46.74,1463,10
مدنين,جربة ميدون - جربة أجيم,مزران,1041,212,601,57.73,319,7
مدنين,جربة ميدون - جربة أجيم,ميدون,22107,2354,5775,26.12,2195,10
منوبة,الجديدة - طبربة - البطان,العروسية,2054,341,911,44.35,332,10
منوبة,الجديدة - طبربة - البطان,الملاحة,950,162,436,45.89,173,9
منوبة,الجديدة - طبربة - البطان,المنصورة,2488,382,1014,40.76,367,8
منوبة,الجديدة - طبربة - البطان,المهرين,2057,342,924,44.92,357,8
مدنين,مدنين الجنوبية - سيدي مخلوف,مدنين الشرقية,10329,1033,2603,25.2,1208,8
مدنين,مدنين الجنوبية - سيدي مخلوف,وادي السدر,1718,331,1105,64.32,644,9
مدنين,مدنين الشمالية,20 مارس,3266,311,752,23.03,386,7
مدنين,مدنين الشمالية,2ماي,3705,343,855,23.08,473,7
مدنين,جرجيس,القريبيس,2254,340,924,40.99,471,9
مدنين,جرجيس,جرجيس,17682,2069,4950,27.99,1613,15
مدنين,جرجيس,حسي الجربي,6009,855,2163,36.0,910,10
مدنين,جرجيس,حمادي,7236,675,1488,20.56,354,6
منوبة,الجديدة - طبربة - البطان,الدخيلة,2898,502,1453,50.14,732,12
منوبة,الجديدة - طبربة - البطان,الرجاء,7420,978,2435,32.82,779,11
منوبة,الجديدة - طبربة - البطان,الزاهرة,3890,536,1423,36.58,595,8
منوبة,الجديدة - طبربة - البطان,الشويقي,2471,429,1155,46.74,357,12
مدنين,مدنين الجنوبية - سيدي مخلوف,سيدي مخلوف,3708,559,1636,44.12,974,14
مدنين,مدنين الجنوبية - سيدي مخلوف,عمرة,2889,445,1202,41.61,536,7
مدنين,مدنين الجنوبية - سيدي مخلوف,عمرة الجديدة,2010,370,1052,52.34,580,11
مدنين,مدنين الجنوبية - سيدي مخلوف,مدنين الجنوبية,19715,1934,4884,24.77,2073,12
منوبة,الجديدة - طبربة - البطان,البطان,7954,1262,3222,40.51,1128,9
منوبة,الجديدة - طبربة - البطان,الجديدة,15769,1710,4136,26.23,1408,8
منوبة,الجديدة - طبربة - البطان,الجديدة حشاد,5265,830,2242,42.58,880,12
منوبة,الجديدة - طبربة - البطان,الحبيبية,1348,192,535,39.69,286,7
منوبة,المرناقية - برج العامري,المساعدين,2884,520,1537,53.29,736,15
منوبة,المرناقية - برج العامري,برج العامري,9007,1386,3520,39.08,1294,9
منوبة,المرناقية - برج العامري,برج النور,2160,376,1015,46.99,409,8
منوبة,المرناقية - برج العامري,بورقبة,2143,361,939,43.82,444,9
منوبة,المرناقية - برج العامري,حميم,2545,273,748,29.39,297,8
منوبة,المرناقية - برج العامري,سيدي علي الحطاب,1932,323,875,45.29,391,8
منوبة,المرناقية - برج العامري,منزل الحبيب,1767,179,484,27.39,200,7
منوبة,دوار هيشر,حي الرياض,7908,776,1813,22.93,795,6
منوبة,المرناقية - برج العامري,البساتين,3228,528,1408,43.62,545,9
منوبة,المرناقية - برج العامري,الفجة,2113,364,1048,49.6,442,8
منوبة,المرناقية - برج العامري,المرناقية,15267,1784,4291,28.11,1537,11
منوبة,المرناقية - برج العامري,المرناقية الشمالية,1835,134,299,16.29,122,4
منوبة,الجديدة - طبربة - البطان,برج التومي,3029,552,1581,52.2,613,12
منوبة,الجديدة - طبربة - البطان,شواط,5439,981,2756,50.67,1134,12
منوبة,الجديدة - طبربة - البطان,طبربة,13472,1451,3321,24.65,736,12
منوبة,المرناقية - برج العامري,20 مـارس,3443,429,1076,31.25,509,7
مدنين,مدنين الشمالية,مدنين الشمالية,22719,2306,5679,25.0,2443,9
مدنين,مدنين الشمالية,مدنين الغربية,11225,1168,2868,25.55,1276,8
منوبة,الجديدة - طبربة - البطان,أحواز طبربة,7606,1051,2608,34.29,955,7
منوبة,الجديدة - طبربة - البطان,الانصارين,1331,213,531,39.89,187,6
منوبة,منوبة,الدندان,17595,1607,3651,20.75,1136,8
منوبة,منوبة,الدندان الجنوبي,1811,142,354,19.55,119,7
منوبة,منوبة,سيدي عمر,5652,591,1436,25.41,550,9
منوبة,منوبة,قصر السعيد,5245,454,1038,19.79,560,7
نابل,الهوارية - تاكلسة,الهوارية القبلية,2815,453,1317,46.79,612,8
نابل,الهوارية - تاكلسة,بئر الزيت,4134,737,2087,50.48,920,10
نابل,الهوارية - تاكلسة,بوكريم,2890,556,1526,52.8,602,9
نابل,الهوارية - تاكلسة,تاكلسة الجوفية,3216,637,1751,54.45,756,8
نابل,الحمامات,سيدي الجديدي,6881,1054,2890,42.0,1147,16
نابل,الحمامات,ياسمين الحمامات,3235,365,932,28.81,413,7
نابل,الهوارية - تاكلسة,العريمة,3613,687,1971,54.55,869,9
نابل,الهوارية - تاكلسة,الهوارية الجوفية,11628,1817,4743,40.79,1758,11
نابل,الحمامات,الحمامات الغربية,1882,189,440,23.38,139,5
نابل,الحمامات,المرازقة,6429,714,1850,28.78,890,9
نابل,الحمامات,بئر بورقبة,9718,1323,3390,34.88,1496,9
نابل,الحمامات,براكة الساحل,10127,1127,2736,27.02,1096,9
منوبة,منوبة,منوبة,20917,1703,3924,18.76,1722,7
منوبة,منوبة,منوبة الوسطى,7736,732,1667,21.55,684,7
منوبة,وادي الليل,الرياض,1991,300,814,40.88,365,7
منوبة,وادي الليل,السعيدة,6085,841,2073,34.07,761,8
منوبة,وادي الليل,القباعة,7819,1105,2729,34.9,1201,8
منوبة,وادي الليل,النجاة,15962,1695,4033,25.27,1730,13
منوبة,وادي الليل,حي الورد,7201,739,1739,24.15,825,6
منوبة,وادي الليل,صنهاجة,5660,1002,2774,49.01,1291,8
نابل,الهوارية - تاكلسة,تاكلسة الوسطى,4733,898,2443,51.62,1121,8
نابل,الهوارية - تاكلسة,تزغران الشرقية,1796,370,1069,59.52,455,10
نابل,الهوارية - تاكلسة,تزغران الغربية,3360,673,1884,56.07,825,9
نابل,الهوارية - تاكلسة,زاوية المقايز,3435,650,1918,55.84,806,8
منوبة,دوار هيشر,حي الشباب,10483,1459,3517,33.55,1646,10
منوبة,دوار هيشر,حي النسيم,2120,109,232,10.94,124,4
منوبة,دوار هيشر,خالد بن الوليد,17809,1731,3865,21.7,1203,6
منوبة,دوار هيشر,دوار هيشر,19753,1914,4340,21.97,1388,6
نابل,الهوارية - تاكلسة,صاحب الجبل الجوفية,5043,894,2568,50.92,1158,9
نابل,الهوارية - تاكلسة,صاحب الجبل القبلية,4173,828,2315,55.48,1008,8
نابل,الهوارية - تاكلسة,وادي العبيد,2306,439,1246,54.03,522,8
نابل,بوعرقوب - بني خلاد,الخروبة,1938,378,1074,55.42,514,9
نابل,بوعرقوب - بني خلاد,القبة الكبيرة,3231,516,1326,41.04,543,8
نابل,بوعرقوب - بني خلاد,المشروحة,3928,676,1860,47.35,876,15
نابل,بوعرقوب - بني خلاد,بئر دراسن,3262,565,1538,47.15,608,8
نابل,بوعرقوب - بني خلاد,برج حفيظ,3884,663,1791,46.11,726,9
نابل,بوعرقوب - بني خلاد,بوعرقوب الجوفية,6454,902,2193,33.98,731,7
نابل,بوعرقوب - بني خلاد,بوعرقوب القبلية,1509,255,738,48.91,327,8
نابل,بوعرقوب - بني خلاد,زاوية الجديدي,5269,911,2413,45.8,972,12
نابل,بوعرقوب - بني خلاد,سيدي الظاهر,2318,402,1085,46.81,366,7
نابل,دار شعبان الفهري - بني خيار,عمرون,1356,181,500,36.87,205,11
نابل,سليمان,الشريفات,5261,926,2516,47.82,1259,20
نابل,سليمان,المريسة,2731,483,1327,48.59,546,8
نابل,سليمان,بوشراي,3224,674,1999,62.0,950,16
منوبة,وادي الليل,وادي الليل,8381,927,2229,26.6,912,7
نابل,الحمامات,الأطرش,2485,464,1285,51.71,519,8
نابل,الحمامات,الحمامات الجوفية,8545,1052,2683,31.4,984,9
نابل,الحمامات,الحمامات الشرقية,33100,3463,8258,24.95,2786,9
نابل,بوعرقوب - بني خلاد,بلي,4689,738,2061,43.95,755,9
نابل,بوعرقوب - بني خلاد,بني خلاد الجوفية,3275,281,610,18.63,218,4
نابل,بوعرقوب - بني خلاد,بني خلاد الشرقية,14254,1777,4050,28.41,977,7
نابل,بوعرقوب - بني خلاد,بني خلاد القبلية,2467,459,1226,49.7,518,7
نابل,قرمبالية,خنقة الحجاج,3125,591,1693,54.18,774,12
نابل,قرمبالية,شماس,4476,705,1856,41.47,748,9
نابل,قرمبالية,عين طبرنق,2093,414,1229,58.72,508,8
نابل,قرمبالية,فندق الجديد,9568,1310,3291,34.4,1267,10
نابل,قربة,قربة الغربية,12808,2005,5139,40.12,2130,11
نابل,قربة,قرعة ساسي,2503,450,1357,54.21,642,12
نابل,قرمبالية,تركي,3235,524,1362,42.1,548,7
نابل,قرمبالية,جبل طريف,2675,493,1343,50.21,481,7
نابل,قربة,بولدين,1963,360,1078,54.92,437,11
نابل,قربة,تازركة,8207,1368,3816,46.5,1735,19
نابل,قربة,ديار الحجاج,3120,581,1710,54.81,742,9
نابل,قربة,قربة الشرقية,13847,2012,5233,37.79,2222,15
نابل,دار شعبان الفهري - بني خيار,الصمعة,6095,1103,3073,50.42,1311,10
نابل,دار شعبان الفهري - بني خيار,الفرينين,1957,376,1038,53.04,444,12
نابل,دار شعبان الفهري - بني خيار,الفهري,26034,2670,6539,25.12,2690,25
نابل,دار شعبان الفهري - بني خيار,المعمورة,6774,1222,3809,56.23,2258,30
نابل,دار شعبان الفهري - بني خيار,بني خيار,19595,2713,7034,35.9,3124,18
نابل,دار شعبان الفهري - بني خيار,حلفاء,1049,199,614,58.53,253,10
نابل,دار شعبان الفهري - بني خيار,دار شعبان,19186,1955,4973,25.92,1993,17
نابل,دار شعبان الفهري - بني خيار,ديار بنسالم,1954,332,959,49.08,514,9
نابل,سليمان,سليمان,26635,2657,6264,23.52,2275,7
نابل,سليمان,سليمان الجنوبية,4738,578,1426,30.1,651,7
نابل,قربة,بني عياش,12058,1192,2965,24.59,840,9
نابل,قربة,بوجريدة,2454,457,1241,50.57,563,8
نابل,قرمبالية,قرنبالية الشرقية,12124,1577,3799,31.33,1606,7
نابل,قرمبالية,قرنبالية الغربية,8378,977,2381,28.42,865,8
نابل,قرمبالية,نيانو,3940,757,2157,54.75,929,10
نابل,قليببية - حمام الأغزاز,أزمور,4513,816,2301,50.99,839,11
نابل,منزل بوزلفة - الميدة,تافلون,4004,702,1988,49.65,867,9
نابل,منزل بوزلفة - الميدة,داموس الحاجة,2210,443,1336,60.45,549,10
نابل,منزل بوزلفة - الميدة,فرتونة,3299,673,1940,58.81,807,10
نابل,منزل بوزلفة - الميدة,لبنة,1977,375,1160,58.67,480,11
نابل,قليببية - حمام الأغزاز,قليبية الغربية,11177,1509,3580,32.03,1546,6
نابل,قليببية - حمام الأغزاز,ملول,1982,234,608,30.68,219,8
نابل,قليببية - حمام الأغزاز,وادي الخطف,2388,491,1511,63.27,766,12
نابل,قليببية - حمام الأغزاز,وزدرة,1096,203,561,51.19,227,7
نابل,منزل بوزلفة - الميدة,أم ذويل,2532,468,1383,54.62,583,13
نابل,منزل بوزلفة - الميدة,الرحمة,3709,535,1542,41.57,747,10
نابل,منزل بوزلفة - الميدة,القرشيين,1741,348,1002,57.55,423,9
نابل,منزل بوزلفة - الميدة,الميدة,8480,1254,3560,41.98,1501,11
نابل,منزل تميم,الصقالبة,5323,934,2545,47.81,937,9
نابل,منزل تميم,الطيب المهيري,11669,1619,3973,34.05,1312,15
نابل,منزل تميم,الوديان,3771,662,1857,49.24,825,9
نابل,منزل تميم,بني عبد العزيز,2157,428,1221,56.61,469,8
اسيا وأستراليا,اسيا وأستراليا,جاكرتا,145,0,0,0.0,0,0
اسيا وأستراليا,اسيا وأستراليا,سيدني,188,0,0,0.0,0,0
اسيا وأستراليا,اسيا وأستراليا,سيول,68,0,0,0.0,0,0
اسيا وأستراليا,اسيا وأستراليا,طهران,14,0,0,0.0,0,0
اسيا وأستراليا,اسيا وأستراليا,طوكيو,291,0,0,0.0,0,0
اسيا وأستراليا,اسيا وأستراليا,نيودلهـي,8,0,0,0.0,0,0
افريقيا,افريقيا,أبوجا,8,0,0,0.0,0,0
افريقيا,افريقيا,أبيدجان,238,0,0,0.0,0,0
افريقيا,افريقيا,أديس أبابا,13,0,0,0.0,0,0
افريقيا,افريقيا,باماكو,18,0,0,0.0,0,0
افريقيا,افريقيا,بريتوريا,121,0,0,0.0,0,0
افريقيا,افريقيا,داكار,200,2,4,2.0,0,2
افريقيا,افريقيا,كينشاسا,6,0,0,0.0,0,0
افريقيا,افريقيا,كينيا- نيروبي,18,0,0,0.0,0,0
افريقيا,افريقيا,ياوندي,77,0,0,0.0,0,0
الأمريكيتان,الأمريكيتان,برازيليا,39,0,0,0.0,0,0
نابل,قليببية - حمام الأغزاز,حارة الشعراء,1342,252,689,51.34,251,9
نابل,قليببية - حمام الأغزاز,حمام الغزاز,7745,1193,3076,39.72,706,13
نابل,قليببية - حمام الأغزاز,دار علوش,3999,691,1977,49.44,889,9
نابل,قليببية - حمام الأغزاز,قليبية الشرقية,30306,4267,10807,35.66,4385,14
نابل,منزل تميم,عصفور,2305,377,1003,43.51,427,8
نابل,منزل تميم,علي البلهوان,13162,1603,3862,29.34,1513,11
نابل,منزل تميم,لزدين,2284,423,1188,52.01,464,8
نابل,منزل تميم,منزل حر,4366,760,2113,48.4,903,11
نابل,منزل بوزلفة - الميدة,منزل بوزلفة الجوفية,3927,617,1647,41.94,714,8
نابل,منزل بوزلفة - الميدة,منزل بوزلفة الغربية,9971,1582,3891,39.02,1510,8
نابل,منزل بوزلفة - الميدة,منزل بوزلفة القبلية,11312,1361,3154,27.88,1035,7
نابل,منزل تميم,الرعينين,3174,613,1660,52.3,709,10
الدول العربية,الدول العربية,بنغازي,165,0,0,0.0,0,0
الدول العربية,الدول العربية,بيروت,909,9,21,2.31,6,4
الدول العربية,الدول العربية,تبسة,1388,19,41,2.95,8,3
نابل,نابل,الأسواق,3514,265,632,17.99,235,6
نابل,نابل,الحدائق,10275,808,1826,17.77,750,7
نابل,نابل,النور,11309,1131,2667,23.58,835,8
نابل,نابل,الهادي شاكر,2072,336,920,44.4,373,8
الدول العربية,الدول العربية,القاهـرة,1618,31,63,3.89,7,3
الدول العربية,الدول العربية,الكويت,2058,23,48,2.33,5,3
الدول العربية,الدول العربية,المنامة,430,3,6,1.4,6,2
الدول العربية,الدول العربية,أبوظبي,4852,63,134,2.76,10,4
الدول العربية,الدول العربية,الخرطوم,28,0,0,0.0,1,0
الدول العربية,الدول العربية,الدوحة,8595,182,375,4.36,54,4
الدول العربية,الدول العربية,الرباط,2055,12,24,1.17,3,2
الدول العربية,الدول العربية,الرياض,4070,49,102,2.51,18,3
الدول العربية,الدول العربية,جدة,4297,55,122,2.84,21,8
الدول العربية,الدول العربية,دبي,2736,26,54,1.97,3,3
الدول العربية,الدول العربية,دمشق,832,2,4,0.48,0,2
الدول العربية,الدول العربية,مسقط,2512,26,57,2.27,10,4
الدول العربية,الدول العربية,نواكشوط,201,4,9,4.48,4,3
باقي الدول الأوروبية,باقي الدول الأوروبية,أثينا,700,1,2,0.29,0,2
باقي الدول الأوروبية,باقي الدول الأوروبية,أنقرة,606,6,12,1.98,1,2
الدول العربية,الدول العربية,طرابلس,4695,23,51,1.09,5,4
الدول العربية,الدول العربية,عمان,355,2,4,1.13,0,2
الدول العربية,الدول العربية,عنابة,5638,110,229,4.06,17,4
إيطاليا,إيطاليا,روما,16553,513,1077,6.51,22,4
إيطاليا,إيطاليا,ميلانو,29059,294,625,2.15,5,5
إيطاليا,إيطاليا,نابولي,6381,32,68,1.07,0,3
اسيا وأستراليا,اسيا وأستراليا,بيكين,114,1,2,1.75,0,2
الأمريكيتان,الأمريكيتان,بيونس أيرس,10,0,0,0.0,0,0
الأمريكيتان,الأمريكيتان,مونتريال,13927,127,264,1.9,14,4
الأمريكيتان,الأمريكيتان,واشنطن,5410,87,179,3.31,5,3
الدول العربية,الدول العربية,الجزائر,2319,45,101,4.36,20,6
باقي الدول الأوروبية,باقي الدول الأوروبية,بلغراد,87,0,0,0.0,0,0
باقي الدول الأوروبية,باقي الدول الأوروبية,بوخارست,823,0,0,0.0,0,0
باقي الدول الأوروبية,باقي الدول الأوروبية,بودباست,337,5,10,2.97,2,2
باقي الدول الأوروبية,باقي الدول الأوروبية,ستوكهولم,6087,99,203,3.33,12,3
باقي الدول الأوروبية,باقي الدول الأوروبية,فرصوفيا,337,0,0,0.0,1,0
باقي الدول الأوروبية,باقي الدول الأوروبية,فيانا,2913,27,57,1.96,0,3
باقي الدول الأوروبية,باقي الدول الأوروبية,لافالات,242,1,2,0.83,0,2
باقي الدول الأوروبية,باقي الدول الأوروبية,لاهاي,4810,68,143,2.97,27,4
ألمانيا,ألمانيا,مونيخ,11083,164,351,3.17,29,4
ألمانيا,ألمانيا,همبورغ,10747,87,176,1.64,14,3
إيطاليا,إيطاليا,بلارمو,13026,183,396,3.04,23,4
إيطاليا,إيطاليا,جنوة,22250,428,893,4.01,12,4
باقي الدول الأوروبية,باقي الدول الأوروبية,لشبونة,177,1,2,1.13,0,2
باقي الدول الأوروبية,باقي الدول الأوروبية,لندن,5737,66,137,2.39,2,3
باقي الدول الأوروبية,باقي الدول الأوروبية,مدريد,1867,17,37,1.98,3,4
باقي الدول الأوروبية,باقي الدول الأوروبية,موسكو,328,1,2,0.61,0,2
باقي الدول الأوروبية,باقي الدول الأوروبية,أوسلو,367,4,9,2.45,4,3
باقي الدول الأوروبية,باقي الدول الأوروبية,بارن,14037,224,463,3.3,3,4
باقي الدول الأوروبية,باقي الدول الأوروبية,براغ,242,0,0,0.0,0,0
باقي الدول الأوروبية,باقي الدول الأوروبية,بروكسال,19758,432,892,4.51,21,4
نابل,نابل,بئر شلوف,25057,2334,5572,22.24,2316,13
نابل,نابل,نيابوليس,16070,1327,3147,19.58,1466,12
ألمانيا,ألمانيا,برلين,6025,105,218,3.62,14,4
ألمانيا,ألمانيا,بون,20600,363,775,3.76,27,5
فرنسا 3,فرنسا 3,مرسيليا,37411,235,488,1.3,3,4
فرنسا 3,فرنسا 3,نيس,33582,879,1924,5.73,235,6
قائمة الناخبين,افريقيا,بركينا فاسو- واغادوغو,21,0,0,0.0,0,0
فرنسا 2,فرنسا 2,تولوز,16689,325,662,3.97,2,3
فرنسا 2,فرنسا 2,قرونوبل,28594,530,1080,3.78,38,4
فرنسا 2,فرنسا 2,ليون,55519,920,1906,3.43,74,4
فرنسا 3,فرنسا 3,تولون,4439,27,56,1.26,4,3
باقي الدول الأوروبية,باقي الدول الأوروبية,هلسنكي,530,3,6,1.13,0,2
فرنسا 1,فرنسا 1,باريس,131072,1419,2936,2.24,177,6
فرنسا 1,فرنسا 1,بنتان,30726,212,443,1.44,115,4
فرنسا 1,فرنسا 1,سترازبورغ,12501,185,384,3.07,34,4
