{"type": "FeatureCollection", "features": [{"type": "Feature", "properties": {"adm3_pcode": "TN1151", "name": "Carthage", "name_ar": "قرطاج", "id_delegation": "1151", "delegation_name": "Carthage", "delegation_name_ar": "قرطاج", "governorate_name": "Tunis", "governorate_name_ar": "تونس", "region_name": "North East", "lat": "36.85703155", "lon": "10.32781661", "area_sqkm": "8.32874984", "n_stations": "25", "n_certified": "25", "registered": "27990", "voters": "9064", "valid": "9025", "blank": "168", "spoilt": "480", "turnout_stations": "24", "turnout_registered": "27990", "turnout_voters": "9064", "saied": "7093", "saied_share_pct": "78.5928", "saied_margin_pp": "60.0776", "zammel": "1671", "zammel_share_pct": "18.5152", "zammel_margin_pp": "-60.0776", "maghzaoui": "261", "maghzaoui_share_pct": "2.8920", "maghzaoui_margin_pp": "-75.7008", "candidate_sum": "9025", "winner": "saied", "runner_up": "zammel", "margin_pp": "60.0776", "turnout_pct": "32.3830", "turnout_coverage_pct": "96.0000"}, "geometry": {"type": "MultiPolygon", "coordinates": [[[[10.35459, 36.8688], [10.34601, 36.8779], [10.33303, 36.87581], [10.31552, 36.86438], [10.31588, 36.85716], [10.30576, 36.85166], [10.30719, 36.84452], [10.31594, 36.84745], [10.3265, 36.83588], [10.34136, 36.86323], [10.35459, 36.8688]]]]}}, {"type": "Feature", "properties": {"adm3_pcode": "TN1152", "name": "Médina", "name_ar": "المدينة", "id_delegation": "1152", "delegation_name": "Médina", "delegation_name_ar": "المدينة", "governorate_name": "Tunis", "governorate_name_ar": "تونس", "region_name": "North East", "lat": "36.79846664", "lon": "10.16881647", "area_sqkm": "1.50724641", "n_stations": "35", "n_certified": "35", "registered": "34131", "voters": "6230", "valid": "6405", "blank": "112", "spoilt": "271", "turnout_stations": "33", "turnout_registered": "32991", "turnout_voters": "6230", "saied": "5565", "saied_share_pct": "86.8852", "saied_margin_pp": "76.2685", "zammel": "680", "zammel_share_pct": "10.6167", "zammel_margin_pp": "-76.2685", "maghzaoui": "160", "maghzaoui_share_pct": "2.4980", "maghzaoui_margin_pp": "-84.3872", "candidate_sum": "6405", "winner": "saied", "runner_up": "zammel", "margin_pp": "76.2685", "turnout_pct": "18.8839", "turnout_coverage_pct": "94.2857"}, "geometry": {"type": "MultiPolygon", "coordinates": [[[[10.16912, 36.80537], [10.16104, 36.80033], [10.16295, 36.7935], [10.17583, 36.79233], [10.17616, 36.80127], [10.16912, 36.80537]]]]}}, {"type": "Feature", "properties": {"adm3_pcode": "TN1153", "name": "Bab Bhar", "name_ar": "باب البحر", "id_delegation": "1153", "delegation_name": "Bab Bhar", "delegation_name_ar": "باب البحر", "governorate_name": "Tunis", "governorate_name_ar": "تونس", "region_name": "North East", "lat": "36.80063754", "lon": "10.19925505", "area_sqkm": "11.03775408", "n_stations": "32", "n_certified": "32", "registered": "32387", "voters": "9169", "valid": "8722", "blank": "124", "spoilt": "323", "turnout_stations": "31", "turnout_registered": "32283", "turnout_voters": "8913", "saied": "7442", "saied_share_pct": "85.3245", "saied_margin_pp": "73.6070", "zammel": "1022", "zammel_share_pct": "11.7175", "zammel_margin_pp": "-73.6070", "maghzaoui": "258", "maghzaoui_share_pct": "2.9580", "maghzaoui_margin_pp": "-82.3664", "candidate_sum": "8722", "winner": "saied", "runner_up": "zammel", "margin_pp": "73.6070", "turnout_pct": "27.6090", "turnout_coverage_pct": "96.8750"}, "geometry": {"type": "MultiPolygon", "coordinates": [[[[10.18367, 36.81634], [10.1783, 36.82272], [10.17351, 36.80984], [10.17667, 36.79297], [10.2058, 36.77855], [10.2239, 36.80288], [10.18367, 36.81634]]]]}}, {"type": "Feature", "properties": {"adm3_pcode": "TN1154", "name": "Bab Souika", "name_ar": "باب سويقة", "id_delegation": "1154", "delegation_name": "Bab Souika", "delegation_name_ar": "باب سويقة", "governorate_name": "Tunis", "governorate_name_ar": "تونس", "region_name": "North East", "lat": "36.80623513", "lon": "10.16239327", "area_sqkm": "2.17304973", "n_stations": "35", "n_certified": "35", "registered": "35436", "voters": "7778", "valid": "7347", "blank": "119", "spoilt": "312", "turnout_stations": "35", "turnout_registered": "35436", "turnout_voters": "7778", "saied": "6450", "saied_share_pct": "87.7909", "saied_margin_pp": "77.7188", "zammel": "740", "zammel_share_pct": "10.0721", "zammel_margin_pp": "-77.7188", "maghzaoui": "157", "maghzaoui_share_pct": "2.1369", "maghzaoui_margin_pp": "-85.6540", "candidate_sum": "7347", "winner": "saied", "runner_up": "zammel", "margin_pp": "77.7188", "turnout_pct": "21.9494", "turnout_coverage_pct": "100.0000"}, "geometry": {"type": "MultiPolygon", "coordinates": [[[[10.17373, 36.80891], [10.17042, 36.81364], [10.1487, 36.80916], [10.15515, 36.79893], [10.16841, 36.80532], [10.17509, 36.80224], [10.17373, 36.80891]]]]}}, {"type": "Feature", "properties": {"adm3_pcode": "TN1155", "name": "Omrane", "name_ar": "العمران", "id_delegation": "1155", "delegation_name": "Omrane", "delegation_name_ar": "العمران", "governorate_name": "Tunis", "governorate_name_ar": "تونس", "region_name": "North East", "lat": "36.82127456", "lon": "10.15307291", "area_sqkm": "4.96174288", "n_stations": "34", "n_certified": "34", "registered": "35801", "voters": "9054", "valid": "8508", "blank": "132", "spoilt": "414", "turnout_stations": "34", "turnout_registered": "35801", "turnout_voters": "9054", "saied": "7600", "saied_share_pct": "89.3277", "saied_margin_pp": "80.7945", "zammel": "726", "zammel_share_pct": "8.5331", "zammel_margin_pp": "-80.7945", "maghzaoui": "182", "maghzaoui_share_pct": "2.1392", "maghzaoui_margin_pp": "-87.1885", "candidate_sum": "8508", "winner": "saied", "runner_up": "zammel", "margin_pp": "80.7945", "turnout_pct": "25.2898", "turnout_coverage_pct": "100.0000"}, "geometry": {"type": "MultiPolygon", "coordinates": [[[[10.15913, 36.82967], [10.15572, 36.83323], [10.13811, 36.82159], [10.15532, 36.80938], [10.17445, 36.81271], [10.16594, 36.82897], [10.15913, 36.82967]]]]}}, {"type": "Feature", "properties": {"adm3_pcode": "TN1156", "name": "Omrane Supérieur", "name_ar": "العمران الاعلى", "id_delegation": "1156", "delegation_name": "Omrane Supérieur", "delegation_name_ar": "العمران الاعلى", "governorate_name": "Tunis", "governorate_name_ar": "تونس", "region_name": "North East", "lat": "36.83489219", "lon": "10.12944936", "area_sqkm": "3.23951924", "n_stations": "38", "n_certified": "38", "registered": "41158", "voters": "13125", "valid": "12746", "blank": "147", "spoilt": "427", "turnout_stations": "36", "turnout_registered": "40092", "turnout_voters": "12753", "saied": "11456", "saied_share_pct": "89.8792", "saied_margin_pp": "81.5707", "zammel": "1059", "zammel_share_pct": "8.3085", "zammel_margin_pp": "-81.5707", "maghzaoui": "231", "maghzaoui_share_pct": "1.8123", "maghzaoui_margin_pp": "-88.0668", "candidate_sum": "12746", "winner": "saied", "runner_up": "zammel", "margin_pp": "81.5707", "turnout_pct": "31.8093", "turnout_coverage_pct": "94.7368"}, "geometry": {"type": "MultiPolygon", "coordinates": [[[[10.13114, 36.8482], [10.11656, 36.84454], [10.11742, 36.83593], [10.13811, 36.82159], [10.14616, 36.82662], [10.13114, 36.8482]]]]}}, {"type": "Feature", "properties": {"adm3_pcode": "TN1157", "name": "El Tahrir", "name_ar": "التحرير", "id_delegation": "1157", "delegation_name": "El Tahrir", "delegation_name_ar": "التحرير", "governorate_name": "Tunis", "governorate_name_ar": "تونس", "region_name": "North East", "lat": "36.82708358", "lon": "10.12682478", "area_sqkm": "1.67828361", "n_stations": "14", "n_certified": "14", "registered": "11605", "voters": "4133", "valid": "3945", "blank": "58", "spoilt": "130", "turnout_stations": "12", "turnout_registered": "11473", "turnout_voters": "3679", "saied": "3404", "saied_share_pct": "86.2864", "saied_margin_pp": "74.8542", "zammel": "451", "zammel_share_pct": "11.4322", "zammel_margin_pp": "-74.8542", "maghzaoui": "90", "maghzaoui_share_pct": "2.2814", "maghzaoui_margin_pp": "-84.0051", "candidate_sum": "3945", "winner": "saied", "runner_up": "zammel", "margin_pp": "74.8542", "turnout_pct": "32.0666", "turnout_coverage_pct": "85.7143"}, "geometry": {"type": "MultiPolygon", "coordinates": [[[[10.12183, 36.83612], [10.11776, 36.83395], [10.12549, 36.81753], [10.13811, 36.82159], [10.12183, 36.83612]]]]}}, {"type": "Feature", "properties": {"adm3_pcode": "TN1158", "name": "El Menzah", "name_ar": "المنزه", "id_delegation": "1158", "delegation_name": "El Menzah", "delegation_name_ar": "المنزه", "governorate_name": "Tunis", "governorate_name_ar": "تونس", "region_name": "North East", "lat": "36.83562303", "lon": "10.15827642", "area_sqkm": "10.01727568", "n_stations": "36", "n_certified": "36", "registered": "37379", "voters": "12496", "valid": "11709", "blank": "322", "spoilt": "465", "turnout_stations": "35", "turnout_registered": "37379", "turnout_voters": "12062", "saied": "6994", "saied_share_pct": "59.7318", "saied_margin_pp": "24.6050", "zammel": "4113", "zammel_share_pct": "35.1268", "zammel_margin_pp": "-24.6050", "maghzaoui": "602", "maghzaoui_share_pct": "5.1413", "maghzaoui_margin_pp": "-54.5905", "candidate_sum": "11709", "winner": "saied", "runner_up": "zammel", "margin_pp": "24.6050", "turnout_pct": "32.2695", "turnout_coverage_pct": "97.2222"}, "geometry": {"type": "MultiPolygon", "coordinates": [[[[10.15327, 36.85038], [10.14682, 36.8549], [10.1342, 36.85112], [10.13519, 36.83588], [10.14616, 36.82662], [10.15572, 36.83323], [10.16499, 36.82977], [10.17626, 36.81663], [10.1833, 36.84785], [10.16936, 36.8405], [10.15327, 36.85038]]]]}}, {"type": "Feature", "properties": {"adm3_pcode": "TN1159", "name": "Cité El Khadra", "name_ar": "حي الخضراء", "id_delegation": "1159", "delegation_name": "Cité El Khadra", "delegation_name_ar": "حي الخضراء", "governorate_name": "Tunis", "governorate_name_ar": "تونس", "region_name": "North East", "lat": "36.83718686", "lon": "10.21884965", "area_sqkm": "36.83867933", "n_stations": "26", "n_certified": "26", "registered": "26614", "voters": "8331", "valid": "7901", "blank": "129", "spoilt": "301", "turnout_stations": "26", "turnout_registered": "26614", "turnout_voters": "8331", "saied": "5965", "saied_share_pct": "75.4968", "saied_margin_pp": "54.3602", "zammel": "1670", "zammel_share_pct": "21.1366", "zammel_margin_pp": "-54.3602", "maghzaoui": "266", "maghzaoui_share_pct": "3.3667", "maghzaoui_margin_pp": "-72.1301", "candidate_sum": "7901", "winner": "saied", "runner_up": "zammel", "margin_pp": "54.3602", "turnout_pct": "31.3031", "turnout_coverage_pct": "100.0000"}, "geometry": {"type": "MultiPolygon", "coordinates": [[[[10.23128, 36.85786], [10.23272, 36.87149], [10.21438, 36.85979], [10.21255, 36.84836], [10.1833, 36.84785], [10.1783, 36.82272], [10.19091, 36.81168], [10.2239, 36.80288], [10.27125, 36.81057], [10.23912, 36.85778], [10.24387, 36.86141], [10.23128, 36.85786]]]]}}, {"type": "Feature", "properties": {"adm3_pcode": "TN1160", "name": "Bardo", "name_ar": "باردو", "id_delegation": "1160", "delegation_name": "Bardo", "delegation_name_ar": "باردو", "governorate_name": "Tunis", "governorate_name_ar": "تونس", "region_name": "North East", "lat": "36.8135025", "lon": "10.13206574", "area_sqkm": "6.67463712", "n_stations": "63", "n_certified": "63", "registered": "66232", "voters": "20538", "valid": "19960", "blank": "331", "spoilt": "694", "turnout_stations": "61", "turnout_registered": "66232", "turnout_voters": "20000", "saied": "16514", "saied_share_pct": "82.7355", "saied_margin_pp": "68.5521", "zammel": "2831", "zammel_share_pct": "14.1834", "zammel_margin_pp": "-68.5521", "maghzaoui": "615", "maghzaoui_share_pct": "3.0812", "maghzaoui_margin_pp": "-79.6543", "candidate_sum": "19960", "winner": "saied", "runner_up": "zammel", "margin_pp": "68.5521", "turnout_pct": "30.1969", "turnout_coverage_pct": "96.8254"}, "geometry": {"type": "MultiPolygon", "coordinates": [[[[10.12555, 36.81776], [10.11776, 36.83395], [10.11455, 36.83011], [10.11921, 36.79305], [10.13681, 36.80177], [10.1515, 36.80111], [10.1487, 36.80916], [10.15532, 36.80938], [10.13811, 36.82159], [10.12555, 36.81776]]]]}}, {"type": "Feature", "properties": {"adm3_pcode": "TN1161", "name": "Sijoumi", "name_ar": "السيجومي", "id_delegation": "1161", "delegation_name": "Sijoumi", "delegation_name_ar": "السيجومي", "governorate_name": "Tunis", "governorate_name_ar": "تونس", "region_name": "North East", "lat": "36.78647361", "lon": "10.16578422", "area_sqkm": "1.80131469", "n_stations": "22", "n_certified": "22", "registered": "26314", "voters": "5955", "valid": "5646", "blank": "93", "spoilt": "216", "turnout_stations": "22", "turnout_registered": "26314", "turnout_voters": "5955", "saied": "5316", "saied_share_pct": "94.1552", "saied_margin_pp": "89.2313", "zammel": "278", "zammel_share_pct": "4.9238", "zammel_margin_pp": "-89.2313", "maghzaoui": "52", "maghzaoui_share_pct": "0.9210", "maghzaoui_margin_pp": "-93.2341", "candidate_sum": "5646", "winner": "saied", "runner_up": "zammel", "margin_pp": "89.2313", "turnout_pct": "22.6305", "turnout_coverage_pct": "100.0000"}, "geometry": {"type": "MultiPolygon", "coordinates": [[[[10.1616, 36.79893], [10.14848, 36.79769], [10.14817, 36.79225], [10.15896, 36.79062], [10.17163, 36.77266], [10.17502, 36.77542], [10.1616, 36.79893]]]]}}, {"type": "Feature", "properties": {"adm3_pcode": "TN1162", "name": "Ezzouhour", "name_ar": "الزهور", "id_delegation": "1162", "delegation_name": "Ezzouhour", "delegation_name_ar": "الزهور", "governorate_name": "Tunis", "governorate_name_ar": "تونس", "region_name": "North East", "lat": "36.79437867", "lon": "10.13553522", "area_sqkm": "2.79981569", "n_stations": "29", "n_certified": "29", "registered": "30907", "voters": "9683", "valid": "9402", "blank": "126", "spoilt": "357", "turnout_stations": "28", "turnout_registered": "30907", "turnout_voters": "9683", "saied": "8564", "saied_share_pct": "91.0870", "saied_margin_pp": "83.8545", "zammel": "680", "zammel_share_pct": "7.2325", "zammel_margin_pp": "-83.8545", "maghzaoui": "158", "maghzaoui_share_pct": "1.6805", "maghzaoui_margin_pp": "-89.4065", "candidate_sum": "9402", "winner": "saied", "runner_up": "zammel", "margin_pp": "83.8545", "turnout_pct": "31.3295", "turnout_coverage_pct": "96.5517"}, "geometry": {"type": "MultiPolygon", "coordinates": [[[[10.14242, 36.80207], [10.12243, 36.79495], [10.12567, 36.78884], [10.14817, 36.79225], [10.1552, 36.79888], [10.14242, 36.80207]]]]}}, {"type": "Feature", "properties": {"adm3_pcode": "TN1163", "name": "Hrairia", "name_ar": "الحرائرية", "id_delegation": "1163", "delegation_name": "Hrairia", "delegation_name_ar": "الحرائرية", "governorate_name": "Tunis", "governorate_name_ar": "تونس", "region_name": "North East", "lat": "36.78190203", "lon": "10.06159255", "area_sqkm": "23.98331303", "n_stations": "68", "n_certified": "68", "registered": "76852", "voters": "22283", "valid": "21326", "blank": "302", "spoilt": "655", "turnout_stations": "68", "turnout_registered": "76852", "turnout_voters": "22283", "saied": "19538", "saied_share_pct": "91.6159", "saied_margin_pp": "84.8026", "zammel": "1453", "zammel_share_pct": "6.8133", "zammel_margin_pp": "-84.8026", "maghzaoui": "335", "maghzaoui_share_pct": "1.5709", "maghzaoui_margin_pp": "-90.0450", "candidate_sum": "21326", "winner": "saied", "runner_up": "zammel", "margin_pp": "84.8026", "turnout_pct": "28.9947", "turnout_coverage_pct": "100.0000"}, "geometry": {"type": "MultiPolygon", "coordinates": [[[[10.115, 36.796], [10.10048, 36.80201], [10.08129, 36.79587], [10.07367, 36.79959], [10.05956, 36.79687], [10.05153, 36.78665], [10.02105, 36.79858], [10.00373, 36.78701], [10.02424, 36.77543], [10.02926, 36.76189], [10.05281, 36.77316], [10.12636, 36.78683], [10.115, 36.796]]]]}}, {"type": "Feature", "properties": {"adm3_pcode": "TN1164", "name": "Sidi Hassine", "name_ar": "سيدي حسين", "id_delegation": "1164", "delegation_name": "Sidi Hassine", "delegation_name_ar": "سيدي حسين", "governorate_name": "Tunis", "governorate_name_ar": "تونس", "region_name": "North East", "lat": "36.73976979", "lon": "10.08416629", "area_sqkm": "64.46976627", "n_stations": "65", "n_certified": "65", "registered": "71237", "voters": "22229", "valid": "21374", "blank": "261", "spoilt": "594", "turnout_stations": "64", "turnout_registered": "71237", "turnout_voters": "21997", "saied": "20325", "saied_share_pct": "95.0922", "saied_margin_pp": "91.2183", "zammel": "828", "zammel_share_pct": "3.8739", "zammel_margin_pp": "-91.2183", "maghzaoui": "221", "maghzaoui_share_pct": "1.0340", "maghzaoui_margin_pp": "-94.0582", "candidate_sum": "21374", "winner": "saied", "runner_up": "zammel", "margin_pp": "91.2183", "turnout_pct": "30.8786", "turnout_coverage_pct": "98.4615"}, "geometry": {"type": "MultiPolygon", "coordinates": [[[[10.12273, 36.78021], [10.12789, 36.78744], [10.05269, 36.77313], [10.02789, 36.76137], [10.04096, 36.7453], [10.03111, 36.73968], [10.07492, 36.72411], [10.06978, 36.70648], [10.08506, 36.69535], [10.11087, 36.6921], [10.13211, 36.70228], [10.13547, 36.69902], [10.15128, 36.71172], [10.13104, 36.72538], [10.14435, 36.73585], [10.12944, 36.75507], [10.1225, 36.75559], [10.12536, 36.75866], [10.11643, 36.759], [10.12273, 36.78021]]]]}}, {"type": "Feature", "properties": {"adm3_pcode": "TN1165", "name": "El Ouardia", "name_ar": "الوردية", "id_delegation": "1165", "delegation_name": "El Ouardia", "delegation_name_ar": "الوردية", "governorate_name": "Tunis", "governorate_name_ar": "تونس", "region_name": "North East", "lat": "36.77194443", "lon": "10.18017486", "area_sqkm": "4.01768343", "n_stations": "30", "n_certified": "30", "registered": "27475", "voters": "7744", "valid": "7384", "blank": "106", "spoilt": "254", "turnout_stations": "30", "turnout_registered": "27475", "turnout_voters": "7744", "saied": "6506", "saied_share_pct": "88.1094", "saied_margin_pp": "77.9252", "zammel": "752", "zammel_share_pct": "10.1842", "zammel_margin_pp": "-77.9252", "maghzaoui": "126", "maghzaoui_share_pct": "1.7064", "maghzaoui_margin_pp": "-86.4030", "candidate_sum": "7384", "winner": "saied", "runner_up": "zammel", "margin_pp": "77.9252", "turnout_pct": "28.1856", "turnout_coverage_pct": "100.0000"}, "geometry": {"type": "MultiPolygon", "coordinates": [[[[10.19113, 36.78426], [10.18244, 36.78461], [10.18335, 36.77668], [10.17008, 36.77278], [10.16939, 36.75917], [10.19518, 36.76529], [10.19037, 36.77292], [10.19697, 36.77947], [10.19113, 36.78426]]]]}}, {"type": "Feature", "properties": {"adm3_pcode": "TN1166", "name": "Kabaria", "name_ar": "الكبارية", "id_delegation": "1166", "delegation_name": "Kabaria", "delegation_name_ar": "الكبارية", "governorate_name": "Tunis", "governorate_name_ar": "تونس", "region_name": "North East", "lat": "36.74242223", "lon": "10.19172267", "area_sqkm": "10.17936945", "n_stations": "50", "n_certified": "50", "registered": "57374", "voters": "17663", "valid": "16876", "blank": "251", "spoilt": "535", "turnout_stations": "50", "turnout_registered": "57374", "turnout_voters": "17663", "saied": "15289", "saied_share_pct": "90.5961", "saied_margin_pp": "83.2899", "zammel": "1233", "zammel_share_pct": "7.3062", "zammel_margin_pp": "-83.2899", "maghzaoui": "354", "maghzaoui_share_pct": "2.0977", "maghzaoui_margin_pp": "-88.4985", "candidate_sum": "16876", "winner": "saied", "runner_up": "zammel", "margin_pp": "83.2899", "turnout_pct": "30.7857", "turnout_coverage_pct": "100.0000"}, "geometry": {"type": "MultiPolygon", "coordinates": [[[[10.19826, 36.76141], [10.19518, 36.76529], [10.16939, 36.75917], [10.17513, 36.73607], [10.18198, 36.73298], [10.17626, 36.71994], [10.18637, 36.7211], [10.20961, 36.74657], [10.19826, 36.76141]]]]}}, {"type": "Feature", "properties": {"adm3_pcode": "TN1167", "name": "Sidi El Béchir", "name_ar": "سيدي البشير", "id_delegation": "1167", "delegation_name": "Sidi El Béchir", "delegation_name_ar": "سيدي البشير", "governorate_name": "Tunis", "governorate_name_ar": "تونس", "region_name": "North East", "lat": "36.78469382", "lon": "10.18001077", "area_sqkm": "2.70068389", "n_stations": "20", "n_certified": "20", "registered": "17895", "voters": "4835", "valid": "4611", "blank": "67", "spoilt": "157", "turnout_stations": "20", "turnout_registered": "17895", "turnout_voters": "4835", "saied": "3997", "saied_share_pct": "86.6840", "saied_margin_pp": "75.8838", "zammel": "498", "zammel_share_pct": "10.8003", "zammel_margin_pp": "-75.8838", "maghzaoui": "116", "maghzaoui_share_pct": "2.5157", "maghzaoui_margin_pp": "-84.1683", "candidate_sum": "4611", "winner": "saied", "runner_up": "zammel", "margin_pp": "75.8838", "turnout_pct": "27.0187", "turnout_coverage_pct": "100.0000"}, "geometry": {"type": "MultiPolygon", "coordinates": [[[[10.18046, 36.79187], [10.16295, 36.7935], [10.17065, 36.7851], [10.1685, 36.77916], [10.17927, 36.7745], [10.18049, 36.7835], [10.19074, 36.78474], [10.18046, 36.79187]]]]}}, {"type": "Feature", "properties": {"adm3_pcode": "TN1168", "name": "Jebel Jelloud", "name_ar": "جبل الجلود", "id_delegation": "1168", "delegation_name": "Jebel Jelloud", "delegation_name_ar": "جبل الجلود", "governorate_name": "Tunis", "governorate_name_ar": "تونس", "region_name": "North East", "lat": "36.76566139", "lon": "10.20746229", "area_sqkm": "5.27393908", "n_stations": "18", "n_certified": "18", "registered": "18094", "voters": "6296", "valid": "5980", "blank": "76", "spoilt": "240", "turnout_stations": "18", "turnout_registered": "18094", "turnout_voters": "6296", "saied": "5661", "saied_share_pct": "94.6656", "saied_margin_pp": "90.3177", "zammel": "260", "zammel_share_pct": "4.3478", "zammel_margin_pp": "-90.3177", "maghzaoui": "59", "maghzaoui_share_pct": "0.9866", "maghzaoui_margin_pp": "-93.6789", "candidate_sum": "5980", "winner": "saied", "runner_up": "zammel", "margin_pp": "90.3177", "turnout_pct": "34.7961", "turnout_coverage_pct": "100.0000"}, "geometry": {"type": "MultiPolygon", "coordinates": [[[[10.20706, 36.77775], [10.19692, 36.78254], [10.19037, 36.77292], [10.20916, 36.74869], [10.21041, 36.75625], [10.2202, 36.75872], [10.22013, 36.76631], [10.20706, 36.77775]]]]}}, {"type": "Feature", "properties": {"adm3_pcode": "TN1169", "name": "La Goulette", "name_ar": "حلق الوادي", "id_delegation": "1169", "delegation_name": "La Goulette", "delegation_name_ar": "حلق الوادي", "governorate_name": "Tunis", "governorate_name_ar": "تونس", "region_name": "North East", "lat": "36.83441533", "lon": "10.2828029", "area_sqkm": "20.09625952", "n_stations": "34", "n_certified": "34", "registered": "34845", "voters": "10803", "valid": "11179", "blank": "235", "spoilt": "423", "turnout_stations": "29", "turnout_registered": "32770", "turnout_voters": "10380", "saied": "8769", "saied_share_pct": "78.4417", "saied_margin_pp": "61.0430", "zammel": "1945", "zammel_share_pct": "17.3987", "zammel_margin_pp": "-61.0430", "maghzaoui": "465", "maghzaoui_share_pct": "4.1596", "maghzaoui_margin_pp": "-74.2821", "candidate_sum": "11179", "winner": "saied", "runner_up": "zammel", "margin_pp": "61.0430", "turnout_pct": "31.6753", "turnout_coverage_pct": "85.2941"}, "geometry": {"type": "MultiPolygon", "coordinates": [[[[10.26607, 36.85901], [10.23912, 36.85778], [10.27125, 36.81057], [10.29525, 36.81343], [10.31043, 36.80646], [10.30436, 36.81357], [10.31872, 36.8278], [10.26607, 36.85901]]]]}}, {"type": "Feature", "properties": {"adm3_pcode": "TN1170", "name": "Le Kram", "name_ar": "الكرم", "id_delegation": "1170", "delegation_name": "Le Kram", "delegation_name_ar": "الكرم", "governorate_name": "Tunis", "governorate_name_ar": "تونس", "region_name": "North East", "lat": "36.84790264", "lon": "10.29409379", "area_sqkm": "9.58765297", "n_stations": "40", "n_certified": "40", "registered": "46478", "voters": "15148", "valid": "14337", "blank": "221", "spoilt": "590", "turnout_stations": "39", "turnout_registered": "46478", "turnout_voters": "14677", "saied": "12212", "saied_share_pct": "85.1782", "saied_margin_pp": "72.9999", "zammel": "1746", "zammel_share_pct": "12.1783", "zammel_margin_pp": "-72.9999", "maghzaoui": "379", "maghzaoui_share_pct": "2.6435", "maghzaoui_margin_pp": "-82.5347", "candidate_sum": "14337", "winner": "saied", "runner_up": "zammel", "margin_pp": "72.9999", "turnout_pct": "31.5784", "turnout_coverage_pct": "97.5000"}, "geometry": {"type": "MultiPolygon", "coordinates": [[[[10.29469, 36.86481], [10.26619, 36.8587], [10.31774, 36.82869], [10.32155, 36.84053], [10.31594, 36.84745], [10.30731, 36.84441], [10.30576, 36.85166], [10.31588, 36.85716], [10.29469, 36.86481]]]]}}, {"type": "Feature", "properties": {"adm3_pcode": "TN1171", "name": "La Marsa", "name_ar": "المرسى", "id_delegation": "1171", "delegation_name": "La Marsa", "delegation_name_ar": "المرسى", "governorate_name": "Tunis", "governorate_name_ar": "تونس", "region_name": "North East", "lat": "36.90089921", "lon": "10.30135705", "area_sqkm": "31.17530039", "n_stations": "72", "n_certified": "72", "registered": "73931", "voters": "25572", "valid": "24662", "blank": "421", "spoilt": "980", "turnout_stations": "66", "turnout_registered": "73657", "turnout_voters": "23730", "saied": "20069", "saied_share_pct": "81.3762", "saied_margin_pp": "65.7570", "zammel": "3852", "zammel_share_pct": "15.6192", "zammel_margin_pp": "-65.7570", "maghzaoui": "741", "maghzaoui_share_pct": "3.0046", "maghzaoui_margin_pp": "-78.3716", "candidate_sum": "24662", "winner": "saied", "runner_up": "zammel", "margin_pp": "65.7570", "turnout_pct": "32.2169", "turnout_coverage_pct": "91.6667"}, "geometry": {"type": "MultiPolygon", "coordinates": [[[[10.28133, 36.9273], [10.2496, 36.94465], [10.24127, 36.93832], [10.28562, 36.90061], [10.27128, 36.87504], [10.31588, 36.85716], [10.31552, 36.86438], [10.34145, 36.88212], [10.32216, 36.89305], [10.31793, 36.91699], [10.28133, 36.9273]]]]}}, {"type": "Feature", "properties": {"adm3_pcode": "TN1251", "name": "Ariana Médina", "name_ar": "اريانة المدينة", "id_delegation": "1251", "delegation_name": "Ariana Médina", "delegation_name_ar": "اريانة المدينة", "governorate_name": "Ariana", "governorate_name_ar": "أريانة", "region_name": "North East", "lat": "36.86586672", "lon": "10.16997844", "area_sqkm": "18.38782425", "n_stations": "95", "n_certified": "95", "registered": "84226", "voters": "26938", "valid": "31799", "blank": "679", "spoilt": "1119", "turnout_stations": "69", "turnout_registered": "77057", "turnout_voters": "24526", "saied": "22236", "saied_share_pct": "69.9267", "saied_margin_pp": "43.8756", "zammel": "8284", "zammel_share_pct": "26.0511", "zammel_margin_pp": "-43.8756", "maghzaoui": "1279", "maghzaoui_share_pct": "4.0221", "maghzaoui_margin_pp": "-65.9046", "candidate_sum": "31799", "winner": "saied", "runner_up": "zammel", "margin_pp": "43.8756", "turnout_pct": "31.8284", "turnout_coverage_pct": "72.6316"}, "geometry": {"type": "MultiPolygon", "coordinates": [[[[10.1543, 36.89065], [10.14117, 36.86721], [10.14287, 36.85757], [10.16936, 36.8405], [10.20212, 36.85023], [10.19955, 36.86498], [10.1543, 36.89065]]]]}}, {"type": "Feature", "properties": {"adm3_pcode": "TN1252", "name": "Soukra", "name_ar": "سكرة", "id_delegation": "1252", "delegation_name": "Soukra", "delegation_name_ar": "سكرة", "governorate_name": "Ariana", "governorate_name_ar": "أريانة", "region_name": "North East", "lat": "36.8808589", "lon": "10.23093966", "area_sqkm": "28.30856325", "n_stations": "80", "n_certified": "80", "registered": "69994", "voters": "26232", "valid": "26664", "blank": "372", "spoilt": "753", "turnout_stations": "65", "turnout_registered": "69982", "turnout_voters": "22306", "saied": "22550", "saied_share_pct": "84.5710", "saied_margin_pp": "71.6659", "zammel": "3441", "zammel_share_pct": "12.9050", "zammel_margin_pp": "-71.6659", "maghzaoui": "673", "maghzaoui_share_pct": "2.5240", "maghzaoui_margin_pp": "-82.0470", "candidate_sum": "26664", "winner": "saied", "runner_up": "zammel", "margin_pp": "71.6659", "turnout_pct": "31.8739", "turnout_coverage_pct": "81.2500"}, "geometry": {"type": "MultiPolygon", "coordinates": [[[[10.19649, 36.91228], [10.1907, 36.90607], [10.21105, 36.89239], [10.18555, 36.87955], [10.18576, 36.8746], [10.20135, 36.863], [10.20212, 36.85023], [10.21255, 36.84836], [10.21438, 36.85979], [10.23272, 36.87149], [10.23099, 36.85688], [10.28874, 36.86709], [10.27128, 36.87504], [10.28037, 36.88524], [10.27646, 36.89061], [10.24602, 36.88812], [10.19649, 36.91228]]]]}}, {"type": "Feature", "properties": {"adm3_pcode": "TN1253", "name": "Raoued", "name_ar": "روّاد", "id_delegation": "1253", "delegation_name": "Raoued", "delegation_name_ar": "روّاد", "governorate_name": "Ariana", "governorate_name_ar": "أريانة", "region_name": "North East", "lat": "36.92915685", "lon": "10.15014915", "area_sqkm": "56.19258441", "n_stations": "69", "n_certified": "68", "registered": "70985", "voters": "22293", "valid": "23064", "blank": "314", "spoilt": "707", "turnout_stations": "60", "turnout_registered": "68552", "turnout_voters": "21240", "saied": "19465", "saied_share_pct": "84.3956", "saied_margin_pp": "71.5531", "zammel": "2962", "zammel_share_pct": "12.8425", "zammel_margin_pp": "-71.5531", "maghzaoui": "637", "maghzaoui_share_pct": "2.7619", "maghzaoui_margin_pp": "-81.6337", "candidate_sum": "23064", "winner": "saied", "runner_up": "zammel", "margin_pp": "71.5531", "turnout_pct": "30.9838", "turnout_coverage_pct": "86.9565"}, "geometry": {"type": "MultiPolygon", "coordinates": [[[[10.2049, 36.98267], [10.19411, 36.97822], [10.18759, 36.96294], [10.17223, 36.95182], [10.16817, 36.97133], [10.14347, 36.96493], [10.16063, 36.94954], [10.14041, 36.9463], [10.12376, 36.93509], [10.1141, 36.92484], [10.11629, 36.91496], [10.13571, 36.89707], [10.16231, 36.88999], [10.18576, 36.8746], [10.18625, 36.87998], [10.20874, 36.88773], [10.21105, 36.89239], [10.1907, 36.90607], [10.18061, 36.93774], [10.20172, 36.93967], [10.21533, 36.95021], [10.23889, 36.95131], [10.2049, 36.98267]]]]}}, {"type": "Feature", "properties": {"adm3_pcode": "TN1254", "name": "Kalaat El Andalous", "name_ar": "قلعة الأندلس", "id_delegation": "1254", "delegation_name": "Kalaat El Andalous", "delegation_name_ar": "قلعة الأندلس", "governorate_name": "Ariana", "governorate_name_ar": "أريانة", "region_name": "North East", "lat": "36.99723355", "lon": "10.12430142", "area_sqkm": "189.35317455", "n_stations": "22", "n_certified": "22", "registered": "19950", "voters": "6169", "valid": "6457", "blank": "76", "spoilt": "168", "turnout_stations": "20", "turnout_registered": "18123", "turnout_voters": "6169", "saied": "6074", "saied_share_pct": "94.0685", "saied_margin_pp": "89.4068", "zammel": "301", "zammel_share_pct": "4.6616", "zammel_margin_pp": "-89.4068", "maghzaoui": "82", "maghzaoui_share_pct": "1.2699", "maghzaoui_margin_pp": "-92.7985", "candidate_sum": "6457", "winner": "saied", "runner_up": "zammel", "margin_pp": "89.4068", "turnout_pct": "34.0396", "turnout_coverage_pct": "90.9091"}, "geometry": {"type": "MultiPolygon", "coordinates": [[[[10.15864, 37.11454], [10.13124, 37.10753], [10.12101, 37.11306], [10.09477, 37.09525], [10.08904, 37.08506], [10.0951, 37.06567], [10.07404, 37.01947], [10.06596, 37.00652], [10.03113, 36.985], [10.05636, 36.964], [10.06677, 36.97715], [10.10375, 36.91975], [10.11726, 36.88719], [10.1305, 36.88858], [10.14405, 36.87952], [10.15179, 36.89126], [10.13494, 36.89759], [10.11629, 36.91496], [10.1141, 36.92484], [10.14041, 36.9463], [10.16063, 36.94954], [10.14347, 36.96493], [10.15112, 36.97028], [10.16817, 36.97133], [10.17223, 36.95182], [10.18759, 36.96294], [10.19411, 36.97822], [10.2048, 36.98278], [10.17991, 37.03779], [10.1776, 37.06623], [10.18648, 37.08525], [10.20636, 37.1016], [10.19162, 37.09674], [10.21533, 37.11094], [10.20162, 37.08915], [10.18142, 37.07494], [10.1899, 37.07619], [10.21642, 37.11102], [10.1808, 37.10666], [10.16182, 37.10899], [10.15864, 37.11454]]]]}}, {"type": "Feature", "properties": {"adm3_pcode": "TN1255", "name": "Sidi Thabet", "name_ar": "سيدي ثابت", "id_delegation": "1255", "delegation_name": "Sidi Thabet", "delegation_name_ar": "سيدي ثابت", "governorate_name": "Ariana", "governorate_name_ar": "أريانة", "region_name": "North East", "lat": "36.91152057", "lon": "10.05613783", "area_sqkm": "97.14306288", "n_stations": "22", "n_certified": "22", "registered": "19068", "voters": "6636", "valid": "6371", "blank": "70", "spoilt": "195", "turnout_stations": "22", "turnout_registered": "19068", "turnout_voters": "6636", "saied": "5938", "saied_share_pct": "93.2036", "saied_margin_pp": "87.9140", "zammel": "337", "zammel_share_pct": "5.2896", "zammel_margin_pp": "-87.9140", "maghzaoui": "96", "maghzaoui_share_pct": "1.5068", "maghzaoui_margin_pp": "-91.6968", "candidate_sum": "6371", "winner": "saied", "runner_up": "zammel", "margin_pp": "87.9140", "turnout_pct": "34.8018", "turnout_coverage_pct": "100.0000"}, "geometry": {"type": "MultiPolygon", "coordinates": [[[[10.05358, 36.9668], [10.02908, 36.98383], [10.02818, 36.97008], [10.01844, 36.96659], [10.02375, 36.96292], [10.02185, 36.95061], [10.00609, 36.9378], [10.01616, 36.93746], [10.0269, 36.92148], [10.01579, 36.91445], [10.00807, 36.92732], [10.00045, 36.92718], [10.01119, 36.89709], [10.00505, 36.88109], [9.9969, 36.87706], [9.99093, 36.85806], [9.97545, 36.85868], [9.97893, 36.84674], [9.96583, 36.84116], [9.98094, 36.83791], [9.9893, 36.85222], [10.0252, 36.84793], [10.05295, 36.87114], [10.09221, 36.87613], [10.11727, 36.88946], [10.07687, 36.96558], [10.06677, 36.97715], [10.05358, 36.9668]]]]}}, {"type": "Feature", "properties": {"adm3_pcode": "TN1256", "name": "Ettadhamen", "name_ar": "حي التضامن", "id_delegation": "1256", "delegation_name": "Ettadhamen", "delegation_name_ar": "حي التضامن", "governorate_name": "Ariana", "governorate_name_ar": "أريانة", "region_name": "North East", "lat": "36.83337754", "lon": "10.10609275", "area_sqkm": "3.29273932", "n_stations": "56", "n_certified": "56", "registered": "60804", "voters": "17866", "valid": "17566", "blank": "227", "spoilt": "509", "turnout_stations": "54", "turnout_registered": "59724", "turnout_voters": "17434", "saied": "16647", "saied_share_pct": "94.7683", "saied_margin_pp": "90.4588", "zammel": "757", "zammel_share_pct": "4.3095", "zammel_margin_pp": "-90.4588", "maghzaoui": "162", "maghzaoui_share_pct": "0.9222", "maghzaoui_margin_pp": "-93.8461", "candidate_sum": "17566", "winner": "saied", "runner_up": "zammel", "margin_pp": "90.4588", "turnout_pct": "29.1909", "turnout_coverage_pct": "96.4286"}, "geometry": {"type": "MultiPolygon", "coordinates": [[[[10.10673, 36.84241], [10.09274, 36.83886], [10.10488, 36.822], [10.11776, 36.83395], [10.11667, 36.83999], [10.10673, 36.84241]]]]}}, {"type": "Feature", "properties": {"adm3_pcode": "TN1257", "name": "Mnihla", "name_ar": "المنيهلة", "id_delegation": "1257", "delegation_name": "Mnihla", "delegation_name_ar": "المنيهلة", "governorate_name": "Ariana", "governorate_name_ar": "أريانة", "region_name": "North East", "lat": "36.86373541", "lon": "10.10901203", "area_sqkm": "23.56950222", "n_stations": "57", "n_certified": "57", "registered": "47538", "voters": "15785", "valid": "19079", "blank": "249", "spoilt": "483", "turnout_stations": "39", "turnout_registered": "40890", "turnout_voters": "13028", "saied": "17860", "saied_share_pct": "93.6108", "saied_margin_pp": "88.4690", "zammel": "981", "zammel_share_pct": "5.1418", "zammel_margin_pp": "-88.4690", "maghzaoui": "238", "maghzaoui_share_pct": "1.2474", "maghzaoui_margin_pp": "-92.3633", "candidate_sum": "19079", "winner": "saied", "runner_up": "zammel", "margin_pp": "88.4690", "turnout_pct": "31.8611", "turnout_coverage_pct": "68.4211"}, "geometry": {"type": "MultiPolygon", "coordinates": [[[[10.11726, 36.88809], [10.07583, 36.87238], [10.07498, 36.86442], [10.09388, 36.83982], [10.10449, 36.84478], [10.11175, 36.83822], [10.1461, 36.85488], [10.14114, 36.86707], [10.14851, 36.88051], [10.11726, 36.88809]]]]}}, {"type": "Feature", "properties": {"adm3_pcode": "TN1351", "name": "Ben Arous", "name_ar": "بن عروس", "id_delegation": "1351", "delegation_name": "Ben Arous", "delegation_name_ar": "بن عروس", "governorate_name": "Ben Arous", "governorate_name_ar": "بن عروس", "region_name": "North East", "lat": "36.74884674", "lon": "10.22458655", "area_sqkm": "6.47964011", "n_stations": "28", "n_certified": "28", "registered": "28552", "voters": "8803", "valid": "8380", "blank": "99", "spoilt": "324", "turnout_stations": "27", "turnout_registered": "28552", "turnout_voters": "8507", "saied": "7371", "saied_share_pct": "87.9594", "saied_margin_pp": "78.1026", "zammel": "826", "zammel_share_pct": "9.8568", "zammel_margin_pp": "-78.1026", "maghzaoui": "183", "maghzaoui_share_pct": "2.1838", "maghzaoui_margin_pp": "-85.7757", "candidate_sum": "8380", "winner": "saied", "runner_up": "zammel", "margin_pp": "78.1026", "turnout_pct": "29.7948", "turnout_coverage_pct": "96.4286"}, "geometry": {"type": "MultiPolygon", "coordinates": [[[[10.2422, 36.75745], [10.22009, 36.76669], [10.2202, 36.75872], [10.21041, 36.75625], [10.20769, 36.74864], [10.23247, 36.73111], [10.22726, 36.74423], [10.24258, 36.75108], [10.24681, 36.75551], [10.2422, 36.75745]]]]}}, {"type": "Feature", "properties": {"adm3_pcode": "TN1352", "name": "Nouvelle Médina", "name_ar": "المدينة الجديدة", "id_delegation": "1352", "delegation_name": "Nouvelle Médina", "delegation_name_ar": "المدينة الجديدة", "governorate_name": "Ben Arous", "governorate_name_ar": "بن عروس", "region_name": "North East", "lat": "36.7341232", "lon": "10.24342925", "area_sqkm": "8.08262215", "n_stations": "44", "n_certified": "44", "registered": "45103", "voters": "13601", "valid": "13227", "blank": "208", "spoilt": "435", "turnout_stations": "40", "turnout_registered": "43855", "turnout_voters": "12388", "saied": "11455", "saied_share_pct": "86.6032", "saied_margin_pp": "75.6634", "zammel": "1447", "zammel_share_pct": "10.9397", "zammel_margin_pp": "-75.6634", "maghzaoui": "325", "maghzaoui_share_pct": "2.4571", "maghzaoui_margin_pp": "-84.1461", "candidate_sum": "13227", "winner": "saied", "runner_up": "zammel", "margin_pp": "75.6634", "turnout_pct": "28.2476", "turnout_coverage_pct": "90.9091"}, "geometry": {"type": "MultiPolygon", "coordinates": [[[[10.26844, 36.74323], [10.24681, 36.75551], [10.22726, 36.74423], [10.24717, 36.71274], [10.25634, 36.73585], [10.27474, 36.74085], [10.26844, 36.74323]]]]}}, {"type": "Feature", "properties": {"adm3_pcode": "TN1353", "name": "El Mourouj", "name_ar": "المروج", "id_delegation": "1353", "delegation_name": "El Mourouj", "delegation_name_ar": "المروج", "governorate_name": "Ben Arous", "governorate_name_ar": "بن عروس", "region_name": "North East", "lat": "36.71982547", "lon": "10.21923666", "area_sqkm": "16.00333257", "n_stations": "72", "n_certified": "72", "registered": "70782", "voters": "23935", "valid": "22938", "blank": "346", "spoilt": "650", "turnout_stations": "65", "turnout_registered": "70782", "turnout_voters": "21750", "saied": "19268", "saied_share_pct": "84.0003", "saied_margin_pp": "70.8693", "zammel": "3012", "zammel_share_pct": "13.1310", "zammel_margin_pp": "-70.8693", "maghzaoui": "658", "maghzaoui_share_pct": "2.8686", "maghzaoui_margin_pp": "-81.1317", "candidate_sum": "22938", "winner": "saied", "runner_up": "zammel", "margin_pp": "70.8693", "turnout_pct": "30.7282", "turnout_coverage_pct": "90.2778"}, "geometry": {"type": "MultiPolygon", "coordinates": [[[[10.23777, 36.72279], [10.20961, 36.74657], [10.18775, 36.7232], [10.19795, 36.7224], [10.20484, 36.693], [10.24911, 36.71094], [10.23777, 36.72279]]]]}}, {"type": "Feature", "properties": {"adm3_pcode": "TN1354", "name": "Hammam Lif", "name_ar": "حمام الأنف", "id_delegation": "1354", "delegation_name": "Hammam Lif", "delegation_name_ar": "حمام الأنف", "governorate_name": "Ben Arous", "governorate_name_ar": "بن عروس", "region_name": "North East", "lat": "36.71880141", "lon": "10.33778717", "area_sqkm": "11.34495848", "n_stations": "35", "n_certified": "35", "registered": "34410", "voters": "11488", "valid": "10887", "blank": "144", "spoilt": "457", "turnout_stations": "32", "turnout_registered": "34410", "turnout_voters": "10421", "saied": "9609", "saied_share_pct": "88.2612", "saied_margin_pp": "78.5891", "zammel": "1053", "zammel_share_pct": "9.6721", "zammel_margin_pp": "-78.5891", "maghzaoui": "225", "maghzaoui_share_pct": "2.0667", "maghzaoui_margin_pp": "-86.1945", "candidate_sum": "10887", "winner": "saied", "runner_up": "zammel", "margin_pp": "78.5891", "turnout_pct": "30.2848", "turnout_coverage_pct": "91.4286"}, "geometry": {"type": "MultiPolygon", "coordinates": [[[[10.33408, 36.73557], [10.32606, 36.7403], [10.32305, 36.7331], [10.3165, 36.73337], [10.32034, 36.70063], [10.33551, 36.70522], [10.35982, 36.69721], [10.35176, 36.71451], [10.35976, 36.72406], [10.33408, 36.73557]]]]}}, {"type": "Feature", "properties": {"adm3_pcode": "TN1355", "name": "Hammam Chott", "name_ar": "حمام الشط", "id_delegation": "1355", "delegation_name": "Hammam Chott", "delegation_name_ar": "حمام الشط", "governorate_name": "Ben Arous", "governorate_name_ar": "بن عروس", "region_name": "North East", "lat": "36.68351027", "lon": "10.38056869", "area_sqkm": "26.71619993", "n_stations": "25", "n_certified": "25", "registered": "27174", "voters": "9555", "valid": "9111", "blank": "123", "spoilt": "321", "turnout_stations": "24", "turnout_registered": "27174", "turnout_voters": "9149", "saied": "7990", "saied_share_pct": "87.6962", "saied_margin_pp": "78.2241", "zammel": "863", "zammel_share_pct": "9.4721", "zammel_margin_pp": "-78.2241", "maghzaoui": "258", "maghzaoui_share_pct": "2.8317", "maghzaoui_margin_pp": "-84.8644", "candidate_sum": "9111", "winner": "saied", "runner_up": "zammel", "margin_pp": "78.2241", "turnout_pct": "33.6682", "turnout_coverage_pct": "96.0000"}, "geometry": {"type": "MultiPolygon", "coordinates": [[[[10.36839, 36.72128], [10.35976, 36.72406], [10.35176, 36.71451], [10.36412, 36.68811], [10.3683, 36.6565], [10.36116, 36.64693], [10.38672, 36.64283], [10.38879, 36.66061], [10.40317, 36.67544], [10.39511, 36.68517], [10.39608, 36.69515], [10.41861, 36.71497], [10.36839, 36.72128]]]]}}, {"type": "Feature", "properties": {"adm3_pcode": "TN1356", "name": "Boumhel", "name_ar": "بومهل البساتين", "id_delegation": "1356", "delegation_name": "Boumhel", "delegation_name_ar": "بومهل البساتين", "governorate_name": "Ben Arous", "governorate_name_ar": "بن عروس", "region_name": "North East", "lat": "36.71551902", "lon": "10.2963154", "area_sqkm": "20.17221781", "n_stations": "28", "n_certified": "28", "registered": "28187", "voters": "9957", "valid": "9909", "blank": "161", "spoilt": "277", "turnout_stations": "25", "turnout_registered": "28187", "turnout_voters": "9157", "saied": "8330", "saied_share_pct": "84.0650", "saied_margin_pp": "70.6328", "zammel": "1331", "zammel_share_pct": "13.4322", "zammel_margin_pp": "-70.6328", "maghzaoui": "248", "maghzaoui_share_pct": "2.5028", "maghzaoui_margin_pp": "-81.5622", "candidate_sum": "9909", "winner": "saied", "runner_up": "zammel", "margin_pp": "70.6328", "turnout_pct": "32.4866", "turnout_coverage_pct": "89.2857"}, "geometry": {"type": "MultiPolygon", "coordinates": [[[[10.27681, 36.74025], [10.25658, 36.73605], [10.25324, 36.72501], [10.26419, 36.71479], [10.28271, 36.71189], [10.29021, 36.69006], [10.32034, 36.70063], [10.3166, 36.73358], [10.27681, 36.74025]]]]}}, {"type": "Feature", "properties": {"adm3_pcode": "TN1357", "name": "Ezzahra", "name_ar": "الزهراء", "id_delegation": "1357", "delegation_name": "Ezzahra", "delegation_name_ar": "الزهراء", "governorate_name": "Ben Arous", "governorate_name_ar": "بن عروس", "region_name": "North East", "lat": "36.74737277", "lon": "10.29866945", "area_sqkm": "7.00143456", "n_stations": "28", "n_certified": "28", "registered": "29759", "voters": "9810", "valid": "9313", "blank": "161", "spoilt": "336", "turnout_stations": "27", "turnout_registered": "29759", "turnout_voters": "9324", "saied": "7711", "saied_share_pct": "82.7982", "saied_margin_pp": "68.6245", "zammel": "1320", "zammel_share_pct": "14.1737", "zammel_margin_pp": "-68.6245", "maghzaoui": "282", "maghzaoui_share_pct": "3.0280", "maghzaoui_margin_pp": "-79.7702", "candidate_sum": "9313", "winner": "saied", "runner_up": "zammel", "margin_pp": "68.6245", "turnout_pct": "31.3317", "turnout_coverage_pct": "96.4286"}, "geometry": {"type": "MultiPolygon", "coordinates": [[[[10.30966, 36.75271], [10.30086, 36.76194], [10.28266, 36.75251], [10.27961, 36.74009], [10.32305, 36.7331], [10.32606, 36.7403], [10.30966, 36.75271]]]]}}, {"type": "Feature", "properties": {"adm3_pcode": "TN1358", "name": "Radès", "name_ar": "رادس", "id_delegation": "1358", "delegation_name": "Radès", "delegation_name_ar": "رادس", "governorate_name": "Ben Arous", "governorate_name_ar": "بن عروس", "region_name": "North East", "lat": "36.77614073", "lon": "10.28021496", "area_sqkm": "19.74220279", "n_stations": "44", "n_certified": "44", "registered": "44246", "voters": "14575", "valid": "13880", "blank": "225", "spoilt": "468", "turnout_stations": "42", "turnout_registered": "44246", "turnout_voters": "14007", "saied": "11809", "saied_share_pct": "85.0793", "saied_margin_pp": "72.7089", "zammel": "1717", "zammel_share_pct": "12.3703", "zammel_margin_pp": "-72.7089", "maghzaoui": "354", "maghzaoui_share_pct": "2.5504", "maghzaoui_margin_pp": "-82.5288", "candidate_sum": "13880", "winner": "saied", "runner_up": "zammel", "margin_pp": "72.7089", "turnout_pct": "31.6571", "turnout_coverage_pct": "95.4545"}, "geometry": {"type": "MultiPolygon", "coordinates": [[[[10.28844, 36.8128], [10.25997, 36.80872], [10.26266, 36.79986], [10.27039, 36.80083], [10.27018, 36.77756], [10.24681, 36.75551], [10.28022, 36.73958], [10.28266, 36.75251], [10.30086, 36.76194], [10.28424, 36.78952], [10.29202, 36.80422], [10.30136, 36.80632], [10.28844, 36.8128]]]]}}, {"type": "Feature", "properties": {"adm3_pcode": "TN1359", "name": "Mégrine", "name_ar": "مقرين", "id_delegation": "1359", "delegation_name": "Mégrine", "delegation_name_ar": "مقرين", "governorate_name": "Ben Arous", "governorate_name_ar": "بن عروس", "region_name": "North East", "lat": "36.77165002", "lon": "10.23867873", "area_sqkm": "10.67819522", "n_stations": "23", "n_certified": "21", "registered": "16706", "voters": "6509", "valid": "7008", "blank": "142", "spoilt": "221", "turnout_stations": "16", "turnout_registered": "15653", "turnout_voters": "5699", "saied": "5823", "saied_share_pct": "83.0908", "saied_margin_pp": "68.8071", "zammel": "1001", "zammel_share_pct": "14.2837", "zammel_margin_pp": "-68.8071", "maghzaoui": "184", "maghzaoui_share_pct": "2.6256", "maghzaoui_margin_pp": "-80.4652", "candidate_sum": "7008", "winner": "saied", "runner_up": "zammel", "margin_pp": "68.8071", "turnout_pct": "36.4084", "turnout_coverage_pct": "69.5652"}, "geometry": {"type": "MultiPolygon", "coordinates": [[[[10.23263, 36.78766], [10.2058, 36.77855], [10.24681, 36.75551], [10.26402, 36.77222], [10.25004, 36.78699], [10.23263, 36.78766]]]]}}, {"type": "Feature", "properties": {"adm3_pcode": "TN1360", "name": "M'Hamdia", "name_ar": "المحمدية", "id_delegation": "1360", "delegation_name": "M'Hamdia", "delegation_name_ar": "المحمدية", "governorate_name": "Ben Arous", "governorate_name_ar": "بن عروس", "region_name": "North East", "lat": "36.64530811", "lon": "10.11454557", "area_sqkm": "98.38290589", "n_stations": "51", "n_certified": "51", "registered": "46153", "voters": "14845", "valid": "15187", "blank": "174", "spoilt": "431", "turnout_stations": "46", "turnout_registered": "44114", "turnout_voters": "14233", "saied": "14163", "saied_share_pct": "93.2574", "saied_margin_pp": "87.9107", "zammel": "812", "zammel_share_pct": "5.3467", "zammel_margin_pp": "-87.9107", "maghzaoui": "212", "maghzaoui_share_pct": "1.3959", "maghzaoui_margin_pp": "-91.8615", "candidate_sum": "15187", "winner": "saied", "runner_up": "zammel", "margin_pp": "87.9107", "turnout_pct": "32.2641", "turnout_coverage_pct": "90.1961"}, "geometry": {"type": "MultiPolygon", "coordinates": [[[[10.14585, 36.69933], [10.15152, 36.70587], [10.14717, 36.70867], [10.12479, 36.69446], [10.09304, 36.6956], [10.08171, 36.66742], [10.04308, 36.62286], [10.04879, 36.60347], [10.05266, 36.60038], [10.05881, 36.6095], [10.08659, 36.5987], [10.10833, 36.58197], [10.14021, 36.60155], [10.12649, 36.62732], [10.13004, 36.64034], [10.16222, 36.64047], [10.17338, 36.6508], [10.19242, 36.65231], [10.18602, 36.65792], [10.21349, 36.67767], [10.21013, 36.68752], [10.17783, 36.6778], [10.14585, 36.69933]]]]}}, {"type": "Feature", "properties": {"adm3_pcode": "TN1361", "name": "Fouchana", "name_ar": "فوشانة", "id_delegation": "1361", "delegation_name": "Fouchana", "delegation_name_ar": "فوشانة", "governorate_name": "Ben Arous", "governorate_name_ar": "بن عروس", "region_name": "North East", "lat": "36.69370937", "lon": "10.17962846", "area_sqkm": "38.80286809", "n_stations": "55", "n_certified": "55", "registered": "51280", "voters": "18393", "valid": "18557", "blank": "203", "spoilt": "584", "turnout_stations": "49", "turnout_registered": "51280", "turnout_voters": "17109", "saied": "17316", "saied_share_pct": "93.3125", "saied_margin_pp": "87.7890", "zammel": "1025", "zammel_share_pct": "5.5235", "zammel_margin_pp": "-87.7890", "maghzaoui": "216", "maghzaoui_share_pct": "1.1640", "maghzaoui_margin_pp": "-92.1485", "candidate_sum": "18557", "winner": "saied", "runner_up": "zammel", "margin_pp": "87.7890", "turnout_pct": "33.3639", "turnout_coverage_pct": "89.0909"}, "geometry": {"type": "MultiPolygon", "coordinates": [[[[10.14863, 36.73577], [10.13104, 36.72538], [10.15128, 36.71172], [10.14683, 36.69761], [10.17783, 36.6778], [10.20275, 36.68448], [10.20392, 36.68945], [10.21208, 36.68479], [10.21226, 36.67627], [10.18602, 36.65792], [10.19242, 36.65231], [10.22114, 36.65564], [10.23813, 36.6736], [10.23164, 36.68327], [10.24426, 36.69347], [10.24911, 36.71094], [10.20484, 36.693], [10.19795, 36.7224], [10.17626, 36.71994], [10.16692, 36.73164], [10.14863, 36.73577]]]]}}, {"type": "Feature", "properties": {"adm3_pcode": "TN1362", "name": "Mornag", "name_ar": "مرناق", "id_delegation": "1362", "delegation_name": "Mornag", "delegation_name_ar": "مرناق", "governorate_name": "Ben Arous", "governorate_name_ar": "بن عروس", "region_name": "North East", "lat": "36.58568423", "lon": "10.24428338", "area_sqkm": "397.70297537", "n_stations": "52", "n_certified": "52", "registered": "45967", "voters": "16723", "valid": "16286", "blank": "210", "spoilt": "518", "turnout_stations": "46", "turnout_registered": "45967", "turnout_voters": "14569", "saied": "15222", "saied_share_pct": "93.4668", "saied_margin_pp": "88.1186", "zammel": "871", "zammel_share_pct": "5.3482", "zammel_margin_pp": "-88.1186", "maghzaoui": "193", "maghzaoui_share_pct": "1.1851", "maghzaoui_margin_pp": "-92.2817", "candidate_sum": "16286", "winner": "saied", "runner_up": "zammel", "margin_pp": "88.1186", "turnout_pct": "31.6945", "turnout_coverage_pct": "88.4615"}, "geometry": {"type": "MultiPolygon", "coordinates": [[[[10.25666, 36.72298], [10.24734, 36.72182], [10.25047, 36.70508], [10.2316, 36.68315], [10.23818, 36.6737], [10.22143, 36.65584], [10.1737, 36.65091], [10.16215, 36.64046], [10.13004, 36.64034], [10.12649, 36.62732], [10.13985, 36.60085], [10.14656, 36.5989], [10.14393, 36.56671], [10.15123, 36.56968], [10.15487, 36.55038], [10.16622, 36.54647], [10.16908, 36.53333], [10.1931, 36.51872], [10.20627, 36.52539], [10.24284, 36.50659], [10.27082, 36.50341], [10.24641, 36.4547], [10.25274, 36.4483], [10.26445, 36.45412], [10.27961, 36.44615], [10.27751, 36.45834], [10.28731, 36.46473], [10.35163, 36.48862], [10.34236, 36.50458], [10.34479, 36.5137], [10.35452, 36.51648], [10.34976, 36.53029], [10.37817, 36.54974], [10.38131, 36.56056], [10.36232, 36.58246], [10.33574, 36.57772], [10.3686, 36.61246], [10.37703, 36.63951], [10.36116, 36.64693], [10.3683, 36.6565], [10.36264, 36.69573], [10.33509, 36.70523], [10.29024, 36.69005], [10.28271, 36.71189], [10.26419, 36.71479], [10.25666, 36.72298]]]]}}, {"type": "Feature", "properties": {"adm3_pcode": "TN1451", "name": "Manouba", "name_ar": "منوبة", "id_delegation": "1451", "delegation_name": "Manouba", "delegation_name_ar": "منوبة", "governorate_name": "Manubah", "governorate_name_ar": "منوبة", "region_name": "North East", "lat": "36.81171581", "lon": "10.08612267", "area_sqkm": "12.16741506", "n_stations": "52", "n_certified": "52", "registered": "51170", "voters": "15994", "valid": "16849", "blank": "269", "spoilt": "577", "turnout_stations": "42", "turnout_registered": "46022", "turnout_voters": "14497", "saied": "14165", "saied_share_pct": "84.0703", "saied_margin_pp": "71.2386", "zammel": "2162", "zammel_share_pct": "12.8316", "zammel_margin_pp": "-71.2386", "maghzaoui": "522", "maghzaoui_share_pct": "3.0981", "maghzaoui_margin_pp": "-80.9722", "candidate_sum": "16849", "winner": "saied", "runner_up": "zammel", "margin_pp": "71.2386", "turnout_pct": "31.5002", "turnout_coverage_pct": "80.7692"}, "geometry": {"type": "MultiPolygon", "coordinates": [[[[10.11708, 36.81603], [10.11487, 36.8277], [10.10412, 36.82166], [10.1042, 36.81564], [10.06721, 36.82483], [10.0753, 36.81623], [10.04786, 36.81726], [10.08129, 36.79587], [10.10048, 36.80201], [10.11912, 36.79749], [10.11708, 36.81603]]]]}}, {"type": "Feature", "properties": {"adm3_pcode": "TN1452", "name": "Douar Hicher", "name_ar": "دوار هيشر", "id_delegation": "1452", "delegation_name": "Douar Hicher", "delegation_name_ar": "دوار هيشر", "governorate_name": "Manubah", "governorate_name_ar": "منوبة", "region_name": "North East", "lat": "36.83626606", "lon": "10.08003051", "area_sqkm": "9.08885764", "n_stations": "51", "n_certified": "51", "registered": "52239", "voters": "14878", "valid": "16591", "blank": "168", "spoilt": "732", "turnout_stations": "40", "turnout_registered": "44042", "turnout_voters": "13861", "saied": "15766", "saied_share_pct": "95.0274", "saied_margin_pp": "90.9590", "zammel": "675", "zammel_share_pct": "4.0685", "zammel_margin_pp": "-90.9590", "maghzaoui": "150", "maghzaoui_share_pct": "0.9041", "maghzaoui_margin_pp": "-94.1233", "candidate_sum": "16591", "winner": "saied", "runner_up": "zammel", "margin_pp": "90.9590", "turnout_pct": "31.4722", "turnout_coverage_pct": "78.4314"}, "geometry": {"type": "MultiPolygon", "coordinates": [[[[10.08146, 36.85498], [10.07602, 36.8552], [10.06712, 36.83324], [10.06057, 36.83115], [10.1042, 36.81564], [10.10242, 36.82729], [10.08146, 36.85498]]]]}}, {"type": "Feature", "properties": {"adm3_pcode": "TN1453", "name": "Oued Ellil", "name_ar": "وادي الليل", "id_delegation": "1453", "delegation_name": "Oued Ellil", "delegation_name_ar": "وادي الليل", "governorate_name": "Manubah", "governorate_name_ar": "منوبة", "region_name": "North East", "lat": "36.82980222", "lon": "10.01340073", "area_sqkm": "57.78983676", "n_stations": "48", "n_certified": "48", "registered": "49719", "voters": "16020", "valid": "16642", "blank": "205", "spoilt": "718", "turnout_stations": "42", "turnout_registered": "45872", "turnout_voters": "15299", "saied": "15432", "saied_share_pct": "92.7292", "saied_margin_pp": "87.0148", "zammel": "951", "zammel_share_pct": "5.7145", "zammel_margin_pp": "-87.0148", "maghzaoui": "259", "maghzaoui_share_pct": "1.5563", "maghzaoui_margin_pp": "-91.1729", "candidate_sum": "16642", "winner": "saied", "runner_up": "zammel", "margin_pp": "87.0148", "turnout_pct": "33.3515", "turnout_coverage_pct": "87.5000"}, "geometry": {"type": "MultiPolygon", "coordinates": [[[[10.07174, 36.87254], [10.04143, 36.86555], [10.0252, 36.84793], [9.9893, 36.85222], [9.98094, 36.83791], [9.96583, 36.84116], [9.96754, 36.81184], [9.98117, 36.81158], [9.9736, 36.80522], [9.9813, 36.80277], [9.98941, 36.80696], [10.00373, 36.78701], [10.02078, 36.79856], [10.05153, 36.78665], [10.05956, 36.79687], [10.06896, 36.79652], [10.07367, 36.79959], [10.04786, 36.81726], [10.0753, 36.81623], [10.06054, 36.83125], [10.06712, 36.83324], [10.07602, 36.8552], [10.08241, 36.85604], [10.07174, 36.87254]]]]}}, {"type": "Feature", "properties": {"adm3_pcode": "TN1454", "name": "Mornaguia", "name_ar": "المرناقية", "id_delegation": "1454", "delegation_name": "Mornaguia", "delegation_name_ar": "المرناقية", "governorate_name": "Manubah", "governorate_name_ar": "منوبة", "region_name": "North East", "lat": "36.67651945", "lon": "9.99855715", "area_sqkm": "260.51598117", "n_stations": "32", "n_certified": "32", "registered": "31860", "voters": "9324", "valid": "10504", "blank": "166", "spoilt": "470", "turnout_stations": "27", "turnout_registered": "27323", "turnout_voters": "9324", "saied": "9675", "saied_share_pct": "92.1078", "saied_margin_pp": "85.3865", "zammel": "706", "zammel_share_pct": "6.7212", "zammel_margin_pp": "-85.3865", "maghzaoui": "123", "maghzaoui_share_pct": "1.1710", "maghzaoui_margin_pp": "-90.9368", "candidate_sum": "10504", "winner": "saied", "runner_up": "zammel", "margin_pp": "85.3865", "turnout_pct": "34.1251", "turnout_coverage_pct": "84.3750"}, "geometry": {"type": "MultiPolygon", "coordinates": [[[[9.97761, 36.79725], [9.92546, 36.79212], [9.926, 36.76387], [9.90097, 36.76496], [9.92469, 36.72637], [9.9019, 36.7108], [9.91568, 36.70562], [9.88656, 36.69647], [9.90731, 36.68308], [9.92912, 36.64617], [9.89654, 36.62184], [9.88294, 36.59123], [9.86062, 36.58944], [9.86395, 36.57498], [9.89304, 36.57207], [9.90467, 36.5548], [9.95552, 36.61131], [9.98062, 36.61742], [10.01745, 36.66311], [10.02872, 36.65467], [10.02406, 36.64773], [10.03544, 36.63973], [10.04308, 36.62286], [10.0814, 36.66697], [10.09332, 36.6931], [10.0699, 36.70617], [10.07492, 36.72411], [10.03111, 36.73968], [10.04096, 36.7453], [10.02005, 36.77941], [10.00092, 36.78738], [9.9928, 36.78042], [9.97761, 36.79725]]]]}}, {"type": "Feature", "properties": {"adm3_pcode": "TN1455", "name": "Borj El Amri", "name_ar": "برج العامري", "id_delegation": "1455", "delegation_name": "Borj El Amri", "delegation_name_ar": "برج العامري", "governorate_name": "Manubah", "governorate_name_ar": "منوبة", "region_name": "North East", "lat": "36.67676519", "lon": "9.84484015", "area_sqkm": "175.84816523", "n_stations": "18", "n_certified": "18", "registered": "14247", "voters": "4834", "valid": "5324", "blank": "44", "spoilt": "271", "turnout_stations": "15", "turnout_registered": "13178", "turnout_voters": "4631", "saied": "5118", "saied_share_pct": "96.1307", "saied_margin_pp": "93.5011", "zammel": "140", "zammel_share_pct": "2.6296", "zammel_margin_pp": "-93.5011", "maghzaoui": "66", "maghzaoui_share_pct": "1.2397", "maghzaoui_margin_pp": "-94.8911", "candidate_sum": "5324", "winner": "saied", "runner_up": "zammel", "margin_pp": "93.5011", "turnout_pct": "35.1419", "turnout_coverage_pct": "83.3333"}, "geometry": {"type": "MultiPolygon", "coordinates": [[[[9.90097, 36.76496], [9.87914, 36.76345], [9.87597, 36.74965], [9.8405, 36.74091], [9.79698, 36.74762], [9.76851, 36.72178], [9.78785, 36.71029], [9.77719, 36.69431], [9.77884, 36.67708], [9.79924, 36.66045], [9.78386, 36.64777], [9.79673, 36.63511], [9.81138, 36.64047], [9.80876, 36.62377], [9.81748, 36.60775], [9.84802, 36.60896], [9.8665, 36.58811], [9.88294, 36.59123], [9.89654, 36.62184], [9.92912, 36.64617], [9.90731, 36.68308], [9.88656, 36.69647], [9.91568, 36.70562], [9.9019, 36.7108], [9.92469, 36.72637], [9.90097, 36.76496]]]]}}, {"type": "Feature", "properties": {"adm3_pcode": "TN1456", "name": "Jedaida", "name_ar": "الجديدة", "id_delegation": "1456", "delegation_name": "Jedaida", "delegation_name_ar": "الجديدة", "governorate_name": "Manubah", "governorate_name_ar": "منوبة", "region_name": "North East", "lat": "36.85413432", "lon": "9.92761596", "area_sqkm": "182.90945316", "n_stations": "34", "n_certified": "34", "registered": "34143", "voters": "10295", "valid": "10795", "blank": "118", "spoilt": "550", "turnout_stations": "31", "turnout_registered": "30706", "turnout_voters": "10295", "saied": "10245", "saied_share_pct": "94.9050", "saied_margin_pp": "90.9310", "zammel": "429", "zammel_share_pct": "3.9741", "zammel_margin_pp": "-90.9310", "maghzaoui": "121", "maghzaoui_share_pct": "1.1209", "maghzaoui_margin_pp": "-93.7842", "candidate_sum": "10795", "winner": "saied", "runner_up": "zammel", "margin_pp": "90.9310", "turnout_pct": "33.5276", "turnout_coverage_pct": "91.1765"}, "geometry": {"type": "MultiPolygon", "coordinates": [[[[9.86422, 36.95661], [9.84979, 36.95863], [9.85757, 36.9349], [9.88431, 36.91701], [9.85991, 36.87037], [9.8982, 36.83542], [9.88839, 36.82169], [9.8669, 36.81726], [9.87181, 36.79595], [9.88022, 36.7897], [9.86727, 36.77241], [9.85714, 36.76927], [9.86581, 36.74942], [9.87597, 36.74965], [9.87914, 36.76345], [9.926, 36.76387], [9.92546, 36.79212], [9.98081, 36.79813], [9.9928, 36.78042], [10.00373, 36.78701], [9.98941, 36.80696], [9.9813, 36.80277], [9.9736, 36.80522], [9.98117, 36.81158], [9.96754, 36.81184], [9.96392, 36.83205], [9.96862, 36.83217], [9.96718, 36.84308], [9.97893, 36.84674], [9.97504, 36.85829], [9.99049, 36.85773], [9.9969, 36.87706], [10.00505, 36.88109], [10.01101, 36.89839], [10.00005, 36.91816], [9.97996, 36.92646], [9.94361, 36.91469], [9.92663, 36.95251], [9.86422, 36.95661]]]]}}, {"type": "Feature", "properties": {"adm3_pcode": "TN1457", "name": "Tebourba", "name_ar": "طبربة", "id_delegation": "1457", "delegation_name": "Tebourba", "delegation_name_ar": "طبربة", "governorate_name": "Manubah", "governorate_name_ar": "منوبة", "region_name": "North East", "lat": "36.87532976", "lon": "9.76209748", "area_sqkm": "287.47007895", "n_stations": "34", "n_certified": "34", "registered": "31804", "voters": "10501", "valid": "11300", "blank": "119", "spoilt": "477", "turnout_stations": "29", "turnout_registered": "30577", "turnout_voters": "10133", "saied": "10743", "saied_share_pct": "95.0708", "saied_margin_pp": "91.4159", "zammel": "413", "zammel_share_pct": "3.6549", "zammel_margin_pp": "-91.4159", "maghzaoui": "144", "maghzaoui_share_pct": "1.2743", "maghzaoui_margin_pp": "-93.7965", "candidate_sum": "11300", "winner": "saied", "runner_up": "zammel", "margin_pp": "91.4159", "turnout_pct": "33.1393", "turnout_coverage_pct": "85.2941"}, "geometry": {"type": "MultiPolygon", "coordinates": [[[[9.8229, 36.97687], [9.81319, 36.96263], [9.81784, 36.94223], [9.79129, 36.93638], [9.77628, 36.91643], [9.7682, 36.89115], [9.73847, 36.88872], [9.71233, 36.90166], [9.70142, 36.88934], [9.67681, 36.88382], [9.6348, 36.85697], [9.6255, 36.86768], [9.57529, 36.85155], [9.56582, 36.84114], [9.57163, 36.8265], [9.59892, 36.79039], [9.60925, 36.7852], [9.61058, 36.77412], [9.62747, 36.7812], [9.63025, 36.7947], [9.64637, 36.80461], [9.64968, 36.78794], [9.65814, 36.78075], [9.71264, 36.79383], [9.71722, 36.80803], [9.77538, 36.82433], [9.8061, 36.81507], [9.81054, 36.82876], [9.83192, 36.82872], [9.82631, 36.81706], [9.84849, 36.80835], [9.85324, 36.81785], [9.86626, 36.81173], [9.86726, 36.81766], [9.88821, 36.8216], [9.89692, 36.82935], [9.89554, 36.83986], [9.85991, 36.87037], [9.88431, 36.91701], [9.85757, 36.9349], [9.85157, 36.95805], [9.8229, 36.97687]]]]}}, {"type": "Feature", "properties": {"adm3_pcode": "TN1458", "name": "El Battan", "name_ar": "البطان", "id_delegation": "1458", "delegation_name": "El Battan", "delegation_name_ar": "البطان", "governorate_name": "Manubah", "governorate_name_ar": "منوبة", "region_name": "North East", "lat": "36.77059057", "lon": "9.73668832", "area_sqkm": "156.85580468", "n_stations": "15", "n_certified": "15", "registered": "15027", "voters": "4499", "valid": "5013", "blank": "52", "spoilt": "283", "turnout_stations": "13", "turnout_registered": "12819", "turnout_voters": "4499", "saied": "4847", "saied_share_pct": "96.6886", "saied_margin_pp": "94.2150", "zammel": "124", "zammel_share_pct": "2.4736", "zammel_margin_pp": "-94.2150", "maghzaoui": "42", "maghzaoui_share_pct": "0.8378", "maghzaoui_margin_pp": "-95.8508", "candidate_sum": "5013", "winner": "saied", "runner_up": "zammel", "margin_pp": "94.2150", "turnout_pct": "35.0963", "turnout_coverage_pct": "86.6667"}, "geometry": {"type": "MultiPolygon", "coordinates": [[[[9.81861, 36.8266], [9.81004, 36.8284], [9.8061, 36.81507], [9.77598, 36.82445], [9.75882, 36.82044], [9.71722, 36.80803], [9.71264, 36.79383], [9.66429, 36.78152], [9.65169, 36.78552], [9.64637, 36.80461], [9.64125, 36.80338], [9.6292, 36.79325], [9.62808, 36.7818], [9.61032, 36.77221], [9.70854, 36.74362], [9.71267, 36.73389], [9.73806, 36.72263], [9.73649, 36.7148], [9.74179, 36.71212], [9.76266, 36.73064], [9.78994, 36.73619], [9.79698, 36.74762], [9.8405, 36.74091], [9.86581, 36.74942], [9.85714, 36.76927], [9.86727, 36.77241], [9.88022, 36.7897], [9.87205, 36.79546], [9.86767, 36.81262], [9.85385, 36.81796], [9.85048, 36.8087], [9.83989, 36.81039], [9.82607, 36.81743], [9.83261, 36.82838], [9.81861, 36.8266]]]]}}, {"type": "Feature", "properties": {"adm3_pcode": "TN1551", "name": "Nabeul", "name_ar": "نابل", "id_delegation": "1551", "delegation_name": "Nabeul", "delegation_name_ar": "نابل", "governorate_name": "Nabeul", "governorate_name_ar": "نابل", "region_name": "North East", "lat": "36.48243457", "lon": "10.67070376", "area_sqkm": "72.66016171", "n_stations": "58", "n_certified": "58", "registered": "58739", "voters": "20074", "valid": "20420", "blank": "291", "spoilt": "629", "turnout_stations": "48", "turnout_registered": "56049", "turnout_voters": "17579", "saied": "18211", "saied_share_pct": "89.1822", "saied_margin_pp": "80.6709", "zammel": "1738", "zammel_share_pct": "8.5113", "zammel_margin_pp": "-80.6709", "maghzaoui": "471", "maghzaoui_share_pct": "2.3066", "maghzaoui_margin_pp": "-86.8756", "candidate_sum": "20420", "winner": "saied", "runner_up": "zammel", "margin_pp": "80.6709", "turnout_pct": "31.3636", "turnout_coverage_pct": "82.7586"}, "geometry": {"type": "MultiPolygon", "coordinates": [[[[10.67821, 36.53799], [10.6516, 36.51743], [10.643, 36.52403], [10.63255, 36.49494], [10.612, 36.47692], [10.61252, 36.46993], [10.62833, 36.46172], [10.63829, 36.46979], [10.64917, 36.46785], [10.67714, 36.44339], [10.67434, 36.43929], [10.6856, 36.42619], [10.75218, 36.44391], [10.71788, 36.48744], [10.69096, 36.50423], [10.69434, 36.51348], [10.68961, 36.52202], [10.695, 36.527], [10.67821, 36.53799]]]]}}, {"type": "Feature", "properties": {"adm3_pcode": "TN1552", "name": "Dar Chaabane El Fehri", "name_ar": "دار شعبان الفهري", "id_delegation": "1552", "delegation_name": "Dar Chaabane El Fehri", "delegation_name_ar": "دار شعبان الفهري", "governorate_name": "Nabeul", "governorate_name_ar": "نابل", "region_name": "North East", "lat": "36.51808715", "lon": "10.71547098", "area_sqkm": "69.35076615", "n_stations": "43", "n_certified": "43", "registered": "46422", "voters": "12951", "valid": "12563", "blank": "151", "spoilt": "325", "turnout_stations": "41", "turnout_registered": "46422", "turnout_voters": "12500", "saied": "11279", "saied_share_pct": "89.7795", "saied_margin_pp": "81.5092", "zammel": "1039", "zammel_share_pct": "8.2703", "zammel_margin_pp": "-81.5092", "maghzaoui": "245", "maghzaoui_share_pct": "1.9502", "maghzaoui_margin_pp": "-87.8293", "candidate_sum": "12563", "winner": "saied", "runner_up": "zammel", "margin_pp": "81.5092", "turnout_pct": "26.9269", "turnout_coverage_pct": "95.3488"}, "geometry": {"type": "MultiPolygon", "coordinates": [[[[10.65767, 36.59181], [10.64611, 36.58993], [10.66082, 36.57235], [10.62218, 36.54423], [10.6516, 36.51743], [10.67625, 36.53845], [10.69071, 36.53348], [10.695, 36.527], [10.68961, 36.52202], [10.69434, 36.51348], [10.69096, 36.50423], [10.71788, 36.48744], [10.75259, 36.44426], [10.77085, 36.45025], [10.76302, 36.47347], [10.75448, 36.47468], [10.76436, 36.49976], [10.7159, 36.53469], [10.70476, 36.55542], [10.69439, 36.55729], [10.69611, 36.5723], [10.68543, 36.57875], [10.68579, 36.58495], [10.65767, 36.59181]]]]}}, {"type": "Feature", "properties": {"adm3_pcode": "TN1553", "name": "Beni Khiar", "name_ar": "بني خيار", "id_delegation": "1553", "delegation_name": "Beni Khiar", "delegation_name_ar": "بني خيار", "governorate_name": "Nabeul", "governorate_name_ar": "نابل", "region_name": "North East", "lat": "36.52323326", "lon": "10.77420178", "area_sqkm": "106.34131733", "n_stations": "33", "n_certified": "33", "registered": "30329", "voters": "12116", "valid": "12414", "blank": "162", "spoilt": "346", "turnout_stations": "29", "turnout_registered": "29224", "turnout_voters": "11277", "saied": "11266", "saied_share_pct": "90.7524", "saied_margin_pp": "83.2447", "zammel": "932", "zammel_share_pct": "7.5077", "zammel_margin_pp": "-83.2447", "maghzaoui": "216", "maghzaoui_share_pct": "1.7400", "maghzaoui_margin_pp": "-89.0124", "candidate_sum": "12414", "winner": "saied", "runner_up": "zammel", "margin_pp": "83.2447", "turnout_pct": "38.5881", "turnout_coverage_pct": "87.8788"}, "geometry": {"type": "MultiPolygon", "coordinates": [[[[10.7006, 36.58783], [10.69475, 36.59659], [10.68579, 36.58495], [10.68543, 36.57875], [10.69611, 36.5723], [10.69439, 36.55729], [10.70476, 36.55542], [10.7159, 36.53469], [10.76436, 36.49976], [10.75448, 36.47468], [10.76302, 36.47347], [10.77085, 36.45025], [10.79301, 36.45138], [10.79866, 36.45511], [10.79411, 36.46475], [10.80211, 36.45494], [10.80972, 36.45823], [10.83577, 36.50851], [10.80427, 36.53172], [10.80398, 36.55517], [10.82133, 36.56683], [10.79589, 36.59046], [10.7911, 36.58501], [10.79572, 36.57677], [10.76188, 36.58415], [10.74793, 36.57106], [10.72829, 36.58431], [10.7006, 36.58783]]]]}}, {"type": "Feature", "properties": {"adm3_pcode": "TN1554", "name": "Korba", "name_ar": "قربة", "id_delegation": "1554", "delegation_name": "Korba", "delegation_name_ar": "قربة", "governorate_name": "Nabeul", "governorate_name_ar": "نابل", "region_name": "North East", "lat": "36.60597286", "lon": "10.79840676", "area_sqkm": "205.92117184", "n_stations": "55", "n_certified": "55", "registered": "48655", "voters": "17248", "valid": "17924", "blank": "166", "spoilt": "525", "turnout_stations": "47", "turnout_registered": "46193", "turnout_voters": "15081", "saied": "16692", "saied_share_pct": "93.1265", "saied_margin_pp": "87.9491", "zammel": "928", "zammel_share_pct": "5.1774", "zammel_margin_pp": "-87.9491", "maghzaoui": "304", "maghzaoui_share_pct": "1.6960", "maghzaoui_margin_pp": "-91.4305", "candidate_sum": "17924", "winner": "saied", "runner_up": "zammel", "margin_pp": "87.9491", "turnout_pct": "32.6478", "turnout_coverage_pct": "85.4545"}, "geometry": {"type": "MultiPolygon", "coordinates": [[[[10.78114, 36.70273], [10.72688, 36.66422], [10.74128, 36.65434], [10.73765, 36.64518], [10.74293, 36.63791], [10.72434, 36.63554], [10.71493, 36.6235], [10.69879, 36.62067], [10.70037, 36.61115], [10.7112, 36.60893], [10.69475, 36.59659], [10.70117, 36.58698], [10.70365, 36.5908], [10.72829, 36.58431], [10.74793, 36.57106], [10.76188, 36.58415], [10.79572, 36.57677], [10.7911, 36.58501], [10.79589, 36.59046], [10.82133, 36.56683], [10.80398, 36.55517], [10.80427, 36.53172], [10.81966, 36.51557], [10.83581, 36.50914], [10.86232, 36.5667], [10.91749, 36.64869], [10.90514, 36.65857], [10.88121, 36.65805], [10.86824, 36.66875], [10.83805, 36.67418], [10.83341, 36.68369], [10.81086, 36.69801], [10.78114, 36.70273]]]]}}, {"type": "Feature", "properties": {"adm3_pcode": "TN1555", "name": "Menzel Temime", "name_ar": "منزل تميم", "id_delegation": "1555", "delegation_name": "Menzel Temime", "delegation_name_ar": "منزل تميم", "governorate_name": "Nabeul", "governorate_name_ar": "نابل", "region_name": "North East", "lat": "36.8075042", "lon": "10.88955083", "area_sqkm": "259.90661403", "n_stations": "52", "n_certified": "52", "registered": "44782", "voters": "15190", "valid": "14922", "blank": "156", "spoilt": "451", "turnout_stations": "48", "turnout_registered": "44782", "turnout_voters": "14031", "saied": "14222", "saied_share_pct": "95.3089", "saied_margin_pp": "91.9247", "zammel": "505", "zammel_share_pct": "3.3843", "zammel_margin_pp": "-91.9247", "maghzaoui": "195", "maghzaoui_share_pct": "1.3068", "maghzaoui_margin_pp": "-94.0021", "candidate_sum": "14922", "winner": "saied", "runner_up": "zammel", "margin_pp": "91.9247", "turnout_pct": "31.3318", "turnout_coverage_pct": "92.3077"}, "geometry": {"type": "MultiPolygon", "coordinates": [[[[10.95898, 36.87325], [10.94158, 36.89879], [10.93032, 36.90253], [10.90716, 36.88326], [10.87992, 36.83644], [10.86448, 36.84383], [10.86027, 36.82044], [10.83852, 36.8276], [10.835, 36.84967], [10.8099, 36.84071], [10.77723, 36.84592], [10.77053, 36.83554], [10.77475, 36.8309], [10.76615, 36.82522], [10.77366, 36.81638], [10.7719, 36.80436], [10.75811, 36.79393], [10.8239, 36.76438], [10.83852, 36.77888], [10.88142, 36.74286], [10.91854, 36.73857], [10.96341, 36.71242], [11.03304, 36.79672], [11.02871, 36.80281], [11.02075, 36.79664], [11.00633, 36.80645], [11.01639, 36.85188], [11.00981, 36.86527], [10.98768, 36.87853], [10.96521, 36.86266], [10.96537, 36.87252], [10.95898, 36.87325]]]]}}, {"type": "Feature", "properties": {"adm3_pcode": "TN1556", "name": "El Mida", "name_ar": "الميدة", "id_delegation": "1556", "delegation_name": "El Mida", "delegation_name_ar": "الميدة", "governorate_name": "Nabeul", "governorate_name_ar": "نابل", "region_name": "North East", "lat": "36.72063068", "lon": "10.8584158", "area_sqkm": "155.20936919", "n_stations": "24", "n_certified": "23", "registered": "19887", "voters": "6748", "valid": "7339", "blank": "76", "spoilt": "197", "turnout_stations": "19", "turnout_registered": "17236", "turnout_voters": "6252", "saied": "6788", "saied_share_pct": "96.8884", "saied_margin_pp": "94.7331", "zammel": "151", "zammel_share_pct": "2.1553", "zammel_margin_pp": "-94.7331", "maghzaoui": "67", "maghzaoui_share_pct": "0.9563", "maghzaoui_margin_pp": "-95.9321", "candidate_sum": "7006", "winner": "saied", "runner_up": "zammel", "margin_pp": "94.7331", "turnout_pct": "36.2729", "turnout_coverage_pct": "79.1667"}, "geometry": {"type": "MultiPolygon", "coordinates": [[[[10.75876, 36.79265], [10.73504, 36.77032], [10.77043, 36.74046], [10.76681, 36.71924], [10.77202, 36.69485], [10.77913, 36.70273], [10.81086, 36.69801], [10.83341, 36.68369], [10.83805, 36.67418], [10.86824, 36.66875], [10.88121, 36.65805], [10.90514, 36.65857], [10.91749, 36.64869], [10.96341, 36.71242], [10.91854, 36.73857], [10.88142, 36.74286], [10.83852, 36.77888], [10.8239, 36.76438], [10.75876, 36.79265]]]]}}, {"type": "Feature", "properties": {"adm3_pcode": "TN1557", "name": "Kelibia", "name_ar": "قليبية", "id_delegation": "1557", "delegation_name": "Kelibia", "delegation_name_ar": "قليبية", "governorate_name": "Nabeul", "governorate_name_ar": "نابل", "region_name": "North East", "lat": "36.87935765", "lon": "11.00535266", "area_sqkm": "125.35452247", "n_stations": "47", "n_certified": "47", "registered": "47047", "voters": "15711", "valid": "15572", "blank": "144", "spoilt": "383", "turnout_stations": "45", "turnout_registered": "47047", "turnout_voters": "15305", "saied": "14603", "saied_share_pct": "93.7773", "saied_margin_pp": "88.8389", "zammel": "769", "zammel_share_pct": "4.9384", "zammel_margin_pp": "-88.8389", "maghzaoui": "200", "maghzaoui_share_pct": "1.2844", "maghzaoui_margin_pp": "-92.4929", "candidate_sum": "15572", "winner": "saied", "runner_up": "zammel", "margin_pp": "88.8389", "turnout_pct": "32.5313", "turnout_coverage_pct": "95.7447"}, "geometry": {"type": "MultiPolygon", "coordinates": [[[[11.01282, 36.95278], [11.00163, 36.96211], [10.98265, 36.95253], [10.97979, 36.94324], [10.94259, 36.91982], [10.93032, 36.90253], [10.94158, 36.89879], [10.95842, 36.8737], [10.96537, 36.87252], [10.96521, 36.86266], [10.98729, 36.87853], [11.00981, 36.86527], [11.01639, 36.85188], [11.00633, 36.80645], [11.02075, 36.79664], [11.02871, 36.80281], [11.03304, 36.79672], [11.09743, 36.83598], [11.11631, 36.8333], [11.12919, 36.85682], [11.09973, 36.85505], [11.08891, 36.86364], [11.08359, 36.88062], [11.07326, 36.88137], [11.06185, 36.86629], [11.03561, 36.89889], [11.04566, 36.92547], [11.03283, 36.93456], [11.03559, 36.94122], [11.01282, 36.95278]]]]}}, {"type": "Feature", "properties": {"adm3_pcode": "TN1558", "name": "Hammam Ghezaz", "name_ar": "حمام الأغزاز", "id_delegation": "1558", "delegation_name": "Hammam Ghezaz", "delegation_name_ar": "حمام الأغزاز", "governorate_name": "Nabeul", "governorate_name_ar": "نابل", "region_name": "North East", "lat": "36.93326404", "lon": "11.06813832", "area_sqkm": "93.73836598", "n_stations": "15", "n_certified": "15", "registered": "11034", "voters": "4703", "valid": "4503", "blank": "44", "spoilt": "156", "turnout_stations": "12", "turnout_registered": "11027", "turnout_voters": "3546", "saied": "4344", "saied_share_pct": "96.4690", "saied_margin_pp": "94.0928", "zammel": "107", "zammel_share_pct": "2.3762", "zammel_margin_pp": "-94.0928", "maghzaoui": "52", "maghzaoui_share_pct": "1.1548", "maghzaoui_margin_pp": "-95.3142", "candidate_sum": "4503", "winner": "saied", "runner_up": "zammel", "margin_pp": "94.0928", "turnout_pct": "32.1574", "turnout_coverage_pct": "80.0000"}, "geometry": {"type": "MultiPolygon", "coordinates": [[[[11.0525, 37.00794], [11.0348, 37.01261], [11.01284, 36.99208], [11.03011, 36.9714], [11.00854, 36.95562], [11.03559, 36.94122], [11.03283, 36.93456], [11.04627, 36.92372], [11.03659, 36.89592], [11.06185, 36.86629], [11.07326, 36.88137], [11.08359, 36.88062], [11.08891, 36.86364], [11.09973, 36.85505], [11.12982, 36.85585], [11.13623, 36.87489], [11.10656, 36.90376], [11.09783, 36.9574], [11.05749, 37.00852], [11.0525, 37.00794]]]]}}, {"type": "Feature", "properties": {"adm3_pcode": "TN1559", "name": "Haouaria", "name_ar": "الهوارية", "id_delegation": "1559", "delegation_name": "Haouaria", "delegation_name_ar": "الهوارية", "governorate_name": "Nabeul", "governorate_name_ar": "نابل", "region_name": "North East", "lat": "36.9545203", "lon": "10.91316317", "area_sqkm": "309.97085484", "n_stations": "38", "n_certified": "38", "registered": "29837", "voters": "10572", "valid": "11943", "blank": "112", "spoilt": "290", "turnout_stations": "33", "turnout_registered": "29177", "turnout_voters": "10572", "saied": "11563", "saied_share_pct": "96.8182", "saied_margin_pp": "94.6663", "zammel": "257", "zammel_share_pct": "2.1519", "zammel_margin_pp": "-94.6663", "maghzaoui": "123", "maghzaoui_share_pct": "1.0299", "maghzaoui_margin_pp": "-95.7883", "candidate_sum": "11943", "winner": "saied", "runner_up": "zammel", "margin_pp": "94.6663", "turnout_pct": "36.2340", "turnout_coverage_pct": "86.8421"}, "geometry": {"type": "MultiPolygon", "coordinates": [[[[11.03526, 37.0886], [11.03671, 37.07697], [10.97448, 37.0497], [10.96198, 37.05481], [10.92381, 37.0461], [10.90759, 37.04936], [10.90403, 37.04382], [10.90993, 37.04003], [10.90405, 37.03726], [10.90979, 37.03291], [10.90452, 37.02799], [10.91115, 37.02366], [10.90703, 37.01922], [10.91488, 37.01845], [10.91221, 37.00713], [10.89903, 37.01075], [10.89277, 36.99429], [10.87421, 36.97719], [10.79688, 36.93607], [10.76597, 36.9105], [10.80305, 36.88898], [10.80843, 36.87792], [10.80696, 36.86719], [10.79928, 36.86875], [10.7979, 36.8593], [10.7834, 36.85694], [10.77723, 36.84592], [10.8099, 36.84071], [10.835, 36.84967], [10.83852, 36.8276], [10.86209, 36.82098], [10.86448, 36.84383], [10.87992, 36.83644], [10.90716, 36.88326], [10.94225, 36.91954], [10.97979, 36.94324], [10.98265, 36.95253], [11.00163, 36.96211], [11.00854, 36.95562], [11.02982, 36.97089], [11.01327, 36.993], [11.0348, 37.01261], [11.05935, 37.00961], [11.06049, 37.03677], [11.07503, 37.04422], [11.05806, 37.07309], [11.03526, 37.0886]]]]}}, {"type": "Feature", "properties": {"adm3_pcode": "TN1560", "name": "Takelsa", "name_ar": "تاكلسة", "id_delegation": "1560", "delegation_name": "Takelsa", "delegation_name_ar": "تاكلسة", "governorate_name": "Nabeul", "governorate_name_ar": "نابل", "region_name": "North East", "lat": "36.79357242", "lon": "10.67518744", "area_sqkm": "278.43156977", "n_stations": "21", "n_certified": "21", "registered": "15971", "voters": "7526", "valid": "7246", "blank": "63", "spoilt": "217", "turnout_stations": "20", "turnout_registered": "15971", "turnout_voters": "7152", "saied": "6975", "saied_share_pct": "96.2600", "saied_margin_pp": "93.8311", "zammel": "176", "zammel_share_pct": "2.4289", "zammel_margin_pp": "-93.8311", "maghzaoui": "95", "maghzaoui_share_pct": "1.3111", "maghzaoui_margin_pp": "-94.9489", "candidate_sum": "7246", "winner": "saied", "runner_up": "zammel", "margin_pp": "93.8311", "turnout_pct": "44.7812", "turnout_coverage_pct": "95.2381"}, "geometry": {"type": "MultiPolygon", "coordinates": [[[[10.76889, 36.90893], [10.69201, 36.87819], [10.65809, 36.88423], [10.62379, 36.87604], [10.60903, 36.88217], [10.61259, 36.87408], [10.58907, 36.86446], [10.58194, 36.83856], [10.59528, 36.8357], [10.59419, 36.81192], [10.58857, 36.80591], [10.60537, 36.77021], [10.59182, 36.75516], [10.59414, 36.74878], [10.61262, 36.74478], [10.61286, 36.7226], [10.64598, 36.70784], [10.67715, 36.67749], [10.68201, 36.67684], [10.68705, 36.69521], [10.68241, 36.7056], [10.69401, 36.71802], [10.69754, 36.73332], [10.77093, 36.80286], [10.77366, 36.81638], [10.76615, 36.82522], [10.77475, 36.8309], [10.77058, 36.83585], [10.78101, 36.85486], [10.79626, 36.85825], [10.80262, 36.86446], [10.79928, 36.86875], [10.80872, 36.87], [10.80305, 36.88898], [10.76889, 36.90893]]]]}}, {"type": "Feature", "properties": {"adm3_pcode": "TN1561", "name": "Soliman", "name_ar": "سليمان", "id_delegation": "1561", "delegation_name": "Soliman", "delegation_name_ar": "سليمان", "governorate_name": "Nabeul", "governorate_name_ar": "نابل", "region_name": "North East", "lat": "36.74959488", "lon": "10.55682039", "area_sqkm": "142.28627011", "n_stations": "41", "n_certified": "41", "registered": "38309", "voters": "13815", "valid": "14110", "blank": "189", "spoilt": "432", "turnout_stations": "36", "turnout_registered": "38309", "turnout_voters": "13143", "saied": "12980", "saied_share_pct": "91.9915", "saied_margin_pp": "85.8257", "zammel": "870", "zammel_share_pct": "6.1658", "zammel_margin_pp": "-85.8257", "maghzaoui": "260", "maghzaoui_share_pct": "1.8427", "maghzaoui_margin_pp": "-90.1488", "candidate_sum": "14110", "winner": "saied", "runner_up": "zammel", "margin_pp": "85.8257", "turnout_pct": "34.3079", "turnout_coverage_pct": "87.8049"}, "geometry": {"type": "MultiPolygon", "coordinates": [[[[10.58907, 36.86446], [10.57852, 36.84611], [10.56948, 36.84308], [10.56254, 36.79895], [10.53882, 36.75744], [10.41724, 36.71642], [10.40417, 36.70211], [10.43419, 36.69547], [10.4376, 36.68806], [10.46294, 36.68789], [10.50469, 36.65743], [10.52336, 36.63475], [10.55029, 36.64846], [10.54266, 36.65248], [10.5548, 36.6609], [10.5408, 36.66887], [10.56487, 36.68167], [10.5489, 36.70851], [10.5623, 36.71994], [10.56134, 36.7298], [10.57384, 36.72364], [10.61134, 36.73005], [10.61262, 36.74478], [10.59731, 36.74504], [10.59182, 36.75516], [10.60537, 36.77021], [10.58857, 36.80591], [10.59419, 36.81192], [10.59528, 36.8357], [10.58194, 36.83856], [10.58907, 36.86446]]]]}}, {"type": "Feature", "properties": {"adm3_pcode": "TN1562", "name": "Menzel Bouzelfa", "name_ar": "منزل بوزلفة", "id_delegation": "1562", "delegation_name": "Menzel Bouzelfa", "delegation_name_ar": "منزل بوزلفة", "governorate_name": "Nabeul", "governorate_name_ar": "نابل", "region_name": "North East", "lat": "36.70450814", "lon": "10.60013568", "area_sqkm": "132.38911291", "n_stations": "31", "n_certified": "31", "registered": "28462", "voters": "9496", "valid": "10444", "blank": "101", "spoilt": "283", "turnout_stations": "24", "turnout_registered": "23690", "turnout_voters": "8379", "saied": "9994", "saied_share_pct": "95.6913", "saied_margin_pp": "92.5412", "zammel": "329", "zammel_share_pct": "3.1501", "zammel_margin_pp": "-92.5412", "maghzaoui": "121", "maghzaoui_share_pct": "1.1586", "maghzaoui_margin_pp": "-94.5327", "candidate_sum": "10444", "winner": "saied", "runner_up": "zammel", "margin_pp": "92.5412", "turnout_pct": "35.3694", "turnout_coverage_pct": "77.4194"}, "geometry": {"type": "MultiPolygon", "coordinates": [[[[10.7422, 36.76256], [10.73336, 36.76808], [10.72035, 36.75121], [10.70866, 36.74684], [10.71258, 36.74234], [10.69754, 36.73332], [10.69401, 36.71802], [10.68241, 36.7056], [10.68705, 36.69521], [10.6819, 36.67675], [10.66272, 36.68617], [10.66388, 36.6917], [10.64598, 36.70784], [10.60625, 36.72862], [10.57384, 36.72364], [10.5625, 36.73041], [10.5623, 36.71994], [10.5489, 36.70851], [10.56487, 36.68167], [10.5408, 36.66887], [10.55387, 36.66148], [10.58294, 36.67183], [10.6285, 36.66536], [10.67146, 36.64264], [10.68816, 36.64061], [10.69678, 36.66376], [10.72661, 36.66118], [10.77079, 36.69668], [10.77043, 36.74046], [10.76126, 36.75315], [10.7422, 36.76256]]]]}}, {"type": "Feature", "properties": {"adm3_pcode": "TN1563", "name": "Beni Khalled", "name_ar": "بني خلاد", "id_delegation": "1563", "delegation_name": "Beni Khalled", "delegation_name_ar": "بني خلاد", "governorate_name": "Nabeul", "governorate_name_ar": "نابل", "region_name": "North East", "lat": "36.62490183", "lon": "10.63492693", "area_sqkm": "114.6323248", "n_stations": "32", "n_certified": "32", "registered": "30791", "voters": "10533", "valid": "10418", "blank": "103", "spoilt": "342", "turnout_stations": "31", "turnout_registered": "30791", "turnout_voters": "10533", "saied": "9943", "saied_share_pct": "95.4406", "saied_margin_pp": "91.9754", "zammel": "361", "zammel_share_pct": "3.4652", "zammel_margin_pp": "-91.9754", "maghzaoui": "114", "maghzaoui_share_pct": "1.0943", "maghzaoui_margin_pp": "-94.3463", "candidate_sum": "10418", "winner": "saied", "runner_up": "zammel", "margin_pp": "91.9754", "turnout_pct": "34.2080", "turnout_coverage_pct": "96.8750"}, "geometry": {"type": "MultiPolygon", "coordinates": [[[[10.61502, 36.66521], [10.58294, 36.67183], [10.57092, 36.66399], [10.56064, 36.66802], [10.54266, 36.65248], [10.55029, 36.64846], [10.52336, 36.63475], [10.53378, 36.61591], [10.55302, 36.62651], [10.58179, 36.60284], [10.57951, 36.5866], [10.56826, 36.58241], [10.57295, 36.57885], [10.58256, 36.57825], [10.61354, 36.59747], [10.68579, 36.58495], [10.7112, 36.60893], [10.70037, 36.61115], [10.69879, 36.62067], [10.71493, 36.6235], [10.72434, 36.63554], [10.74293, 36.63791], [10.73765, 36.64518], [10.74128, 36.65434], [10.72787, 36.66112], [10.69678, 36.66376], [10.68969, 36.64188], [10.68099, 36.63938], [10.64566, 36.66002], [10.61502, 36.66521]]]]}}, {"type": "Feature", "properties": {"adm3_pcode": "TN1564", "name": "Grombalia", "name_ar": "قرمبالية", "id_delegation": "1564", "delegation_name": "Grombalia", "delegation_name_ar": "قرمبالية", "governorate_name": "Nabeul", "governorate_name_ar": "نابل", "region_name": "North East", "lat": "36.5933146", "lon": "10.46316342", "area_sqkm": "297.27077334", "n_stations": "50", "n_certified": "50", "registered": "41918", "voters": "17251", "valid": "18036", "blank": "192", "spoilt": "507", "turnout_stations": "42", "turnout_registered": "40743", "turnout_voters": "15453", "saied": "16956", "saied_share_pct": "94.0120", "saied_margin_pp": "89.2936", "zammel": "851", "zammel_share_pct": "4.7183", "zammel_margin_pp": "-89.2936", "maghzaoui": "229", "maghzaoui_share_pct": "1.2697", "maghzaoui_margin_pp": "-92.7423", "candidate_sum": "18036", "winner": "saied", "runner_up": "zammel", "margin_pp": "89.2936", "turnout_pct": "37.9280", "turnout_coverage_pct": "84.0000"}, "geometry": {"type": "MultiPolygon", "coordinates": [[[[10.40417, 36.70211], [10.39608, 36.69515], [10.39511, 36.68517], [10.40317, 36.67544], [10.38879, 36.66061], [10.38897, 36.64508], [10.36597, 36.64615], [10.37703, 36.63951], [10.3745, 36.62286], [10.33574, 36.57772], [10.36232, 36.58246], [10.38131, 36.56056], [10.37817, 36.54974], [10.34976, 36.53029], [10.35452, 36.51648], [10.34479, 36.5137], [10.34236, 36.50458], [10.35163, 36.48862], [10.38443, 36.49291], [10.40685, 36.48466], [10.46969, 36.5109], [10.48337, 36.51021], [10.49572, 36.52284], [10.49246, 36.54087], [10.52118, 36.5465], [10.5489, 36.56695], [10.55177, 36.57654], [10.57959, 36.58692], [10.57849, 36.60579], [10.55302, 36.62651], [10.53378, 36.61591], [10.50469, 36.65743], [10.46294, 36.68789], [10.4376, 36.68806], [10.43419, 36.69547], [10.40417, 36.70211]]]]}}, {"type": "Feature", "properties": {"adm3_pcode": "TN1565", "name": "Bou Argoub", "name_ar": "بوعرقوب", "id_delegation": "1565", "delegation_name": "Bou Argoub", "delegation_name_ar": "بوعرقوب", "governorate_name": "Nabeul", "governorate_name_ar": "نابل", "region_name": "North East", "lat": "36.52836071", "lon": "10.57017213", "area_sqkm": "131.5710453", "n_stations": "28", "n_certified": "28", "registered": "21074", "voters": "9577", "valid": "9259", "blank": "73", "spoilt": "245", "turnout_stations": "25", "turnout_registered": "21074", "turnout_voters": "8494", "saied": "8885", "saied_share_pct": "95.9607", "saied_margin_pp": "92.9582", "zammel": "278", "zammel_share_pct": "3.0025", "zammel_margin_pp": "-92.9582", "maghzaoui": "96", "maghzaoui_share_pct": "1.0368", "maghzaoui_margin_pp": "-94.9239", "candidate_sum": "9259", "winner": "saied", "runner_up": "zammel", "margin_pp": "92.9582", "turnout_pct": "40.3056", "turnout_coverage_pct": "89.2857"}, "geometry": {"type": "MultiPolygon", "coordinates": [[[[10.61614, 36.59751], [10.58256, 36.57825], [10.56826, 36.58241], [10.55177, 36.57654], [10.5489, 36.56695], [10.52231, 36.54717], [10.49246, 36.54087], [10.49572, 36.52284], [10.48337, 36.51021], [10.51539, 36.49132], [10.53434, 36.49672], [10.53947, 36.48051], [10.55455, 36.47861], [10.5787, 36.49163], [10.5825, 36.4791], [10.57045, 36.4592], [10.59037, 36.47017], [10.60123, 36.46], [10.62833, 36.46172], [10.61658, 36.46524], [10.612, 36.47692], [10.63239, 36.49465], [10.643, 36.52403], [10.65076, 36.52149], [10.62064, 36.54633], [10.66082, 36.57235], [10.64521, 36.59246], [10.62913, 36.59076], [10.61614, 36.59751]]]]}}, {"type": "Feature", "properties": {"adm3_pcode": "TN1566", "name": "Hammamet", "name_ar": "الحمامات", "id_delegation": "1566", "delegation_name": "Hammamet", "delegation_name_ar": "الحمامات", "governorate_name": "Nabeul", "governorate_name_ar": "نابل", "region_name": "North East", "lat": "36.40855103", "lon": "10.50852043", "area_sqkm": "322.20994466", "n_stations": "77", "n_certified": "77", "registered": "76129", "voters": "23458", "valid": "25424", "blank": "266", "spoilt": "780", "turnout_stations": "64", "turnout_registered": "67691", "turnout_voters": "22323", "saied": "23368", "saied_share_pct": "91.9132", "saied_margin_pp": "85.4429", "zammel": "1645", "zammel_share_pct": "6.4703", "zammel_margin_pp": "-85.4429", "maghzaoui": "411", "maghzaoui_share_pct": "1.6166", "maghzaoui_margin_pp": "-90.2966", "candidate_sum": "25424", "winner": "saied", "runner_up": "zammel", "margin_pp": "85.4429", "turnout_pct": "32.9778", "turnout_coverage_pct": "83.1169"}, "geometry": {"type": "MultiPolygon", "coordinates": [[[[10.51516, 36.49148], [10.47441, 36.51142], [10.40685, 36.48466], [10.38507, 36.49286], [10.35602, 36.49009], [10.35165, 36.45244], [10.3573, 36.44573], [10.35171, 36.42042], [10.35985, 36.39646], [10.36591, 36.39425], [10.35842, 36.38763], [10.37108, 36.38009], [10.37243, 36.36705], [10.38118, 36.383], [10.45714, 36.36632], [10.46567, 36.37025], [10.48031, 36.35988], [10.50635, 36.39172], [10.53179, 36.37035], [10.48982, 36.31461], [10.50427, 36.30571], [10.52658, 36.3483], [10.54818, 36.37144], [10.54653, 36.37694], [10.56584, 36.39295], [10.60005, 36.40469], [10.61682, 36.39234], [10.65558, 36.40573], [10.6856, 36.42619], [10.67434, 36.43929], [10.67714, 36.44339], [10.64917, 36.46785], [10.60123, 36.46], [10.58998, 36.47013], [10.57045, 36.4592], [10.5825, 36.4791], [10.5787, 36.49163], [10.55455, 36.47861], [10.53947, 36.48051], [10.53434, 36.49672], [10.51516, 36.49148]]]]}}, {"type": "Feature", "properties": {"adm3_pcode": "TN1651", "name": "Zaghouan", "name_ar": "زغوان", "id_delegation": "1651", "delegation_name": "Zaghouan", "delegation_name_ar": "زغوان", "governorate_name": "Zaghouan", "governorate_name_ar": "زغوان", "region_name": "North East", "lat": "36.41433327", "lon": "10.2027051", "area_sqkm": "420.1027271", "n_stations": "37", "n_certified": "37", "registered": "31895", "voters": "11812", "valid": "11321", "blank": "159", "spoilt": "332", "turnout_stations": "35", "turnout_registered": "31895", "turnout_voters": "10985", "saied": "10536", "saied_share_pct": "93.0660", "saied_margin_pp": "87.6071", "zammel": "618", "zammel_share_pct": "5.4589", "zammel_margin_pp": "-87.6071", "maghzaoui": "167", "maghzaoui_share_pct": "1.4751", "maghzaoui_margin_pp": "-91.5908", "candidate_sum": "11321", "winner": "saied", "runner_up": "zammel", "margin_pp": "87.6071", "turnout_pct": "34.4411", "turnout_coverage_pct": "94.5946"}, "geometry": {"type": "MultiPolygon", "coordinates": [[[[10.20627, 36.52539], [10.18335, 36.51231], [10.18351, 36.50215], [10.14163, 36.48134], [10.0836, 36.48696], [10.0634, 36.44874], [10.06772, 36.43822], [10.04733, 36.40895], [10.00911, 36.40858], [10.00403, 36.39863], [10.01581, 36.35482], [10.00077, 36.33032], [10.01108, 36.31504], [10.03629, 36.30445], [10.05742, 36.30602], [10.10384, 36.34098], [10.11745, 36.35835], [10.16695, 36.39098], [10.18519, 36.38151], [10.19045, 36.36547], [10.23409, 36.3872], [10.23812, 36.40065], [10.24362, 36.40111], [10.25435, 36.40038], [10.27162, 36.37156], [10.30361, 36.36269], [10.317, 36.36507], [10.34916, 36.35275], [10.35189, 36.33761], [10.36912, 36.32296], [10.38559, 36.32429], [10.36908, 36.34067], [10.38012, 36.35913], [10.37279, 36.36391], [10.37108, 36.38009], [10.35842, 36.38763], [10.36591, 36.39425], [10.35985, 36.39646], [10.35171, 36.42042], [10.3573, 36.44573], [10.35165, 36.45244], [10.35602, 36.49009], [10.28731, 36.46473], [10.27751, 36.45834], [10.27961, 36.44615], [10.26445, 36.45412], [10.25274, 36.4483], [10.2466, 36.46256], [10.27082, 36.50341], [10.24284, 36.50659], [10.20627, 36.52539]]]]}}, {"type": "Feature", "properties": {"adm3_pcode": "TN1652", "name": "Zriba", "name_ar": "الزريبة", "id_delegation": "1652", "delegation_name": "Zriba", "delegation_name_ar": "الزريبة", "governorate_name": "Zaghouan", "governorate_name_ar": "زغوان", "region_name": "North East", "lat": "36.31414904", "lon": "10.22297504", "area_sqkm": "339.42691661", "n_stations": "19", "n_certified": "19", "registered": "18090", "voters": "8042", "valid": "7764", "blank": "88", "spoilt": "190", "turnout_stations": "18", "turnout_registered": "17879", "turnout_voters": "7435", "saied": "7461", "saied_share_pct": "96.0974", "saied_margin_pp": "93.1350", "zammel": "230", "zammel_share_pct": "2.9624", "zammel_margin_pp": "-93.1350", "maghzaoui": "73", "maghzaoui_share_pct": "0.9402", "maghzaoui_margin_pp": "-95.1571", "candidate_sum": "7764", "winner": "saied", "runner_up": "zammel", "margin_pp": "93.1350", "turnout_pct": "41.5851", "turnout_coverage_pct": "94.7368"}, "geometry": {"type": "MultiPolygon", "coordinates": [[[[10.25169, 36.40123], [10.23812, 36.40065], [10.23409, 36.3872], [10.19045, 36.36547], [10.18519, 36.38151], [10.16695, 36.39098], [10.11745, 36.35835], [10.10384, 36.34098], [10.05742, 36.30602], [10.05462, 36.28997], [10.0621, 36.2652], [10.08926, 36.25834], [10.08989, 36.24449], [10.11302, 36.24659], [10.11501, 36.26592], [10.10048, 36.28091], [10.12228, 36.29415], [10.18632, 36.26985], [10.18511, 36.28642], [10.19543, 36.28977], [10.21396, 36.26647], [10.24209, 36.25023], [10.2615, 36.22668], [10.27927, 36.23409], [10.28159, 36.24393], [10.29124, 36.23609], [10.33742, 36.22691], [10.38595, 36.24803], [10.38527, 36.26435], [10.36556, 36.2688], [10.35796, 36.2811], [10.37612, 36.28239], [10.3743, 36.29625], [10.382, 36.30077], [10.37738, 36.31304], [10.38559, 36.32429], [10.36912, 36.32296], [10.35189, 36.33761], [10.34916, 36.35275], [10.317, 36.36507], [10.30361, 36.36269], [10.27162, 36.37156], [10.25169, 36.40123]]]]}}, {"type": "Feature", "properties": {"adm3_pcode": "TN1653", "name": "Bir Mchergua", "name_ar": "بئر مشارقة", "id_delegation": "1653", "delegation_name": "Bir Mchergua", "delegation_name_ar": "بئر مشارقة", "governorate_name": "Zaghouan", "governorate_name_ar": "زغوان", "region_name": "North East", "lat": "36.52811289", "lon": "9.99805805", "area_sqkm": "534.82514288", "n_stations": "22", "n_certified": "20", "registered": "16751", "voters": "6347", "valid": "6110", "blank": "55", "spoilt": "182", "turnout_stations": "20", "turnout_registered": "16474", "turnout_voters": "5923", "saied": "5583", "saied_share_pct": "95.5666", "saied_margin_pp": "92.0575", "zammel": "205", "zammel_share_pct": "3.5091", "zammel_margin_pp": "-92.0575", "maghzaoui": "54", "maghzaoui_share_pct": "0.9243", "maghzaoui_margin_pp": "-94.6422", "candidate_sum": "5842", "winner": "saied", "runner_up": "zammel", "margin_pp": "92.0575", "turnout_pct": "35.9536", "turnout_coverage_pct": "90.9091"}, "geometry": {"type": "MultiPolygon", "coordinates": [[[[10.0349, 36.64024], [10.02441, 36.64702], [10.02872, 36.65467], [10.01745, 36.66311], [9.98062, 36.61742], [9.95552, 36.61131], [9.90467, 36.5548], [9.89304, 36.57207], [9.87396, 36.57558], [9.82336, 36.56343], [9.8195, 36.5218], [9.7879, 36.50299], [9.7757, 36.48741], [9.75937, 36.48885], [9.7517, 36.47781], [9.73293, 36.46962], [9.73993, 36.46576], [9.73566, 36.46165], [9.73934, 36.45042], [9.74887, 36.45031], [9.74424, 36.44744], [9.75073, 36.44482], [9.76411, 36.44928], [9.78558, 36.4746], [9.80805, 36.48403], [9.86706, 36.44868], [9.88453, 36.44687], [9.89774, 36.43405], [9.91609, 36.44509], [9.91642, 36.46285], [9.93207, 36.47275], [9.94601, 36.46723], [9.94428, 36.45874], [9.95729, 36.45941], [9.95618, 36.44443], [9.97084, 36.42674], [9.95926, 36.41733], [9.94387, 36.42366], [9.93398, 36.41261], [9.93549, 36.39895], [9.94945, 36.3933], [9.97456, 36.40519], [10.00776, 36.40171], [10.01278, 36.41014], [10.04733, 36.40895], [10.06772, 36.43822], [10.0634, 36.44874], [10.0836, 36.48696], [10.14163, 36.48134], [10.18351, 36.50215], [10.18335, 36.51231], [10.19372, 36.51874], [10.16908, 36.53333], [10.16622, 36.54647], [10.15487, 36.55038], [10.15123, 36.56968], [10.14393, 36.56671], [10.14289, 36.60234], [10.10833, 36.58197], [10.08659, 36.5987], [10.05881, 36.6095], [10.05249, 36.60043], [10.0349, 36.64024]]]]}}, {"type": "Feature", "properties": {"adm3_pcode": "TN1654", "name": "Fahs", "name_ar": "الفحص", "id_delegation": "1654", "delegation_name": "Fahs", "delegation_name_ar": "الفحص", "governorate_name": "Zaghouan", "governorate_name_ar": "زغوان", "region_name": "North East", "lat": "36.27018181", "lon": "9.83275369", "area_sqkm": "926.58824848", "n_stations": "48", "n_certified": "44", "registered": "32097", "voters": "11089", "valid": "10661", "blank": "126", "spoilt": "302", "turnout_stations": "42", "turnout_registered": "32097", "turnout_voters": "10743", "saied": "10221", "saied_share_pct": "95.8728", "saied_margin_pp": "92.8994", "zammel": "317", "zammel_share_pct": "2.9735", "zammel_margin_pp": "-92.8994", "maghzaoui": "123", "maghzaoui_share_pct": "1.1537", "maghzaoui_margin_pp": "-94.7191", "candidate_sum": "10661", "winner": "saied", "runner_up": "zammel", "margin_pp": "92.8994", "turnout_pct": "33.4704", "turnout_coverage_pct": "87.5000"}, "geometry": {"type": "MultiPolygon", "coordinates": [[[[9.8219, 36.4773], [9.79751, 36.48258], [9.76411, 36.44928], [9.75073, 36.44482], [9.74424, 36.44744], [9.74887, 36.45031], [9.73934, 36.45042], [9.74458, 36.41745], [9.75753, 36.38773], [9.76627, 36.38103], [9.75431, 36.37428], [9.75436, 36.35559], [9.72146, 36.34344], [9.71515, 36.32986], [9.72239, 36.32294], [9.71996, 36.31212], [9.67145, 36.28939], [9.63798, 36.29097], [9.59335, 36.26334], [9.59654, 36.25203], [9.61475, 36.24341], [9.64869, 36.2414], [9.64822, 36.21515], [9.67438, 36.22753], [9.69965, 36.21599], [9.69926, 36.21032], [9.71234, 36.2022], [9.72605, 36.20644], [9.74368, 36.18992], [9.74324, 36.17361], [9.73691, 36.16695], [9.76962, 36.14437], [9.75827, 36.11292], [9.7913, 36.10044], [9.81015, 36.10829], [9.82828, 36.05613], [9.84343, 36.07394], [9.87209, 36.07553], [9.86588, 36.08125], [9.87122, 36.08826], [9.84352, 36.1124], [9.84782, 36.12632], [9.83876, 36.12928], [9.84432, 36.13886], [9.87508, 36.15695], [9.89661, 36.16095], [9.89861, 36.19565], [9.9205, 36.20462], [9.94959, 36.20453], [9.96255, 36.21795], [9.98189, 36.22296], [9.99641, 36.22245], [10.01547, 36.20889], [10.04029, 36.20735], [10.04411, 36.24065], [10.05052, 36.24964], [10.06406, 36.23348], [10.0767, 36.24403], [10.08989, 36.24449], [10.08926, 36.25834], [10.0621, 36.2652], [10.05462, 36.28997], [10.05742, 36.30602], [10.03629, 36.30445], [10.01154, 36.31462], [10.00119, 36.32588], [10.01581, 36.35482], [10.00516, 36.40195], [9.97456, 36.40519], [9.94945, 36.3933], [9.93501, 36.39957], [9.93398, 36.41261], [9.94387, 36.42366], [9.95926, 36.41733], [9.97054, 36.4256], [9.95618, 36.44443], [9.9567, 36.46009], [9.94428, 36.45874], [9.94601, 36.46723], [9.93207, 36.47275], [9.91642, 36.46285], [9.91609, 36.44509], [9.89774, 36.43405], [9.88453, 36.44687], [9.86706, 36.44868], [9.8219, 36.4773]]]]}}, {"type": "Feature", "properties": {"adm3_pcode": "TN1655", "name": "Nadhour", "name_ar": "الناظور", "id_delegation": "1655", "delegation_name": "Nadhour", "delegation_name_ar": "الناظور", "governorate_name": "Zaghouan", "governorate_name_ar": "زغوان", "region_name": "North East", "lat": "36.11174591", "lon": "9.98726581", "area_sqkm": "355.63888104", "n_stations": "29", "n_certified": "29", "registered": "24367", "voters": "8708", "valid": "8452", "blank": "104", "spoilt": "152", "turnout_stations": "29", "turnout_registered": "24367", "turnout_voters": "8708", "saied": "8004", "saied_share_pct": "94.6995", "saied_margin_pp": "90.7951", "zammel": "330", "zammel_share_pct": "3.9044", "zammel_margin_pp": "-90.7951", "maghzaoui": "118", "maghzaoui_share_pct": "1.3961", "maghzaoui_margin_pp": "-93.3034", "candidate_sum": "8452", "winner": "saied", "runner_up": "zammel", "margin_pp": "90.7951", "turnout_pct": "35.7369", "turnout_coverage_pct": "100.0000"}, "geometry": {"type": "MultiPolygon", "coordinates": [[[[9.98308, 36.22296], [9.96255, 36.21795], [9.94959, 36.20453], [9.92035, 36.2046], [9.89758, 36.19485], [9.89741, 36.16189], [9.87508, 36.15695], [9.84432, 36.13886], [9.83876, 36.12928], [9.84782, 36.12632], [9.84298, 36.1137], [9.87122, 36.08826], [9.86605, 36.08095], [9.89605, 36.06281], [9.8945, 36.04736], [9.9013, 36.04258], [9.93622, 36.04733], [9.95545, 36.03866], [9.97325, 36.04984], [9.97549, 36.03892], [9.98913, 36.0381], [10.00518, 36.02668], [10.01083, 36.01232], [10.02027, 36.01589], [10.04433, 36.00057], [10.06502, 36.0433], [10.0582, 36.1061], [10.06489, 36.08708], [10.07918, 36.07472], [10.1375, 36.08106], [10.1263, 36.11143], [10.14978, 36.13028], [10.17408, 36.13817], [10.11437, 36.13672], [10.10281, 36.15648], [10.06863, 36.14305], [10.05788, 36.14513], [10.05157, 36.15669], [10.00991, 36.15246], [9.99933, 36.16312], [10.04236, 36.19194], [10.04029, 36.20735], [10.01547, 36.20889], [9.99641, 36.22245], [9.98308, 36.22296]]]]}}, {"type": "Feature", "properties": {"adm3_pcode": "TN1656", "name": "Saouaf", "name_ar": "صواف", "id_delegation": "1656", "delegation_name": "Saouaf", "delegation_name_ar": "صواف", "governorate_name": "Zaghouan", "governorate_name_ar": "زغوان", "region_name": "North East", "lat": "36.21554523", "lon": "10.15004468", "area_sqkm": "260.99377931", "n_stations": "15", "n_certified": "12", "registered": "6975", "voters": "2816", "valid": "2684", "blank": "45", "spoilt": "87", "turnout_stations": "12", "turnout_registered": "6975", "turnout_voters": "2816", "saied": "2615", "saied_share_pct": "97.4292", "saied_margin_pp": "96.0134", "zammel": "38", "zammel_share_pct": "1.4158", "zammel_margin_pp": "-96.0134", "maghzaoui": "31", "maghzaoui_share_pct": "1.1550", "maghzaoui_margin_pp": "-96.2742", "candidate_sum": "2684", "winner": "saied", "runner_up": "zammel", "margin_pp": "96.0134", "turnout_pct": "40.3728", "turnout_coverage_pct": "80.0000"}, "geometry": {"type": "MultiPolygon", "coordinates": [[[[10.14904, 36.28175], [10.11932, 36.29415], [10.10048, 36.28091], [10.11501, 36.26592], [10.11302, 36.24659], [10.0767, 36.24403], [10.06406, 36.23348], [10.05052, 36.24964], [10.03906, 36.21196], [10.04309, 36.19321], [10.00982, 36.1734], [10.00037, 36.15789], [10.01485, 36.15064], [10.05157, 36.15669], [10.06169, 36.14292], [10.10281, 36.15648], [10.11264, 36.13823], [10.12506, 36.13586], [10.1819, 36.13796], [10.18635, 36.15843], [10.20076, 36.15643], [10.23299, 36.16684], [10.24247, 36.15368], [10.25861, 36.16082], [10.26752, 36.17302], [10.25564, 36.19605], [10.26731, 36.2116], [10.25525, 36.22104], [10.2615, 36.22668], [10.24209, 36.25023], [10.21396, 36.26647], [10.19543, 36.28977], [10.18511, 36.28642], [10.18632, 36.26985], [10.14904, 36.28175]]]]}}, {"type": "Feature", "properties": {"adm3_pcode": "TN1751", "name": "Bizerte Nord", "name_ar": "بنزرت الشمالية", "id_delegation": "1751", "delegation_name": "Bizerte Nord", "delegation_name_ar": "بنزرت الشمالية", "governorate_name": "Bizerte", "governorate_name_ar": "بنزرت", "region_name": "North East", "lat": "37.30096604", "lon": "9.82578078", "area_sqkm": "54.46742304", "n_stations": "74", "n_certified": "73", "registered": "71833", "voters": "17792", "valid": "17728", "blank": "349", "spoilt": "780", "turnout_stations": "65", "turnout_registered": "69396", "turnout_voters": "17231", "saied": "14870", "saied_share_pct": "83.8786", "saied_margin_pp": "70.6002", "zammel": "2354", "zammel_share_pct": "13.2784", "zammel_margin_pp": "-70.6002", "maghzaoui": "504", "maghzaoui_share_pct": "2.8430", "maghzaoui_margin_pp": "-81.0356", "candidate_sum": "17728", "winner": "saied", "runner_up": "zammel", "margin_pp": "70.6002", "turnout_pct": "24.8300", "turnout_coverage_pct": "87.8378"}, "geometry": {"type": "MultiPolygon", "coordinates": [[[[9.8371, 37.33832], [9.80201, 37.32735], [9.77056, 37.33144], [9.75861, 37.32139], [9.76014, 37.3125], [9.76849, 37.30264], [9.82471, 37.291], [9.83718, 37.28549], [9.83514, 37.27941], [9.85544, 37.2782], [9.85331, 37.26349], [9.86752, 37.26496], [9.87952, 37.27241], [9.87859, 37.27915], [9.88566, 37.27912], [9.86783, 37.30367], [9.86386, 37.33273], [9.84282, 37.33278], [9.8371, 37.33832]]], [[[8.88138, 37.49601], [8.87821, 37.49296], [8.88452, 37.4931], [8.88138, 37.49601]]], [[[8.87348, 37.50009], [8.86994, 37.49627], [8.8782, 37.49586], [8.87348, 37.50009]]], [[[8.94515, 37.54185], [8.93614, 37.53238], [8.91148, 37.52994], [8.89887, 37.51855], [8.91284, 37.51412], [8.93944, 37.52425], [8.95113, 37.51652], [8.95828, 37.52791], [8.94515, 37.54185]]], [[[8.94951, 37.55259], [8.94937, 37.5526], [8.94926, 37.55261], [8.94914, 37.55264], [8.94907, 37.55267], [8.94899, 37.55271], [8.94893, 37.55275], [8.9488, 37.55279], [8.94853, 37.5529], [8.94833, 37.55297], [8.94819, 37.55297], [8.94806, 37.55295], [8.94797, 37.55288], [8.94786, 37.55282], [8.94777, 37.55274], [8.94775, 37.55266], [8.94782, 37.55259], [8.94787, 37.55254], [8.94809, 37.55244], [8.94823, 37.5524], [8.94824, 37.55238], [8.94817, 37.55231], [8.9481, 37.55224], [8.948, 37.55222], [8.94791, 37.55218], [8.94778, 37.55216], [8.94757, 37.55213], [8.94751, 37.5521], [8.94752, 37.55203], [8.94765, 37.55199], [8.94776, 37.55193], [8.94784, 37.55185], [8.94794, 37.55184], [8.94807, 37.55188], [8.94818, 37.55188], [8.94829, 37.55186], [8.94839, 37.55183], [8.9484, 37.55171], [8.94849, 37.55165], [8.94855, 37.55161], [8.9486, 37.55154], [8.94861, 37.55143], [8.94859, 37.55138], [8.94857, 37.55134], [8.94864, 37.5513], [8.94874, 37.55127], [8.9489, 37.55127], [8.94908, 37.5513], [8.94919, 37.55131], [8.94931, 37.55135], [8.94939, 37.5514], [8.94946, 37.55149], [8.94951, 37.55156], [8.94961, 37.55169], [8.94975, 37.55174], [8.94986, 37.55177], [8.9501, 37.55179], [8.95023, 37.55182], [8.95034, 37.55186], [8.95041, 37.55189], [8.95046, 37.55196], [8.95046, 37.55205], [8.95042, 37.55211], [8.95038, 37.55215], [8.95041, 37.55223], [8.95046, 37.55233], [8.95047, 37.55241], [8.95046, 37.55248], [8.95041, 37.55254], [8.95033, 37.55258], [8.95019, 37.55262], [8.95007, 37.55262], [8.94987, 37.55261], [8.94968, 37.55259], [8.94951, 37.55259]]], [[[8.95352, 37.55479], [8.95349, 37.55482], [8.95344, 37.55489], [8.9534, 37.55499], [8.95334, 37.55511], [8.9533, 37.55518], [8.95323, 37.5552], [8.95319, 37.55519], [8.95319, 37.55511], [8.95321, 37.55501], [8.95322, 37.55491], [8.95321, 37.55478], [8.95318, 37.55469], [8.95314, 37.55456], [8.95314, 37.55444], [8.95315, 37.55435], [8.95323, 37.55428], [8.95332, 37.55425], [8.95342, 37.55425], [8.95349, 37.55428], [8.9536, 37.55431], [8.95371, 37.55434], [8.95378, 37.55441], [8.95381, 37.55452], [8.9538, 37.55457], [8.9538, 37.55466], [8.95377, 37.55475], [8.95375, 37.55484], [8.95373, 37.55496], [8.95373, 37.55509], [8.95369, 37.55515], [8.95365, 37.55514], [8.95363, 37.55508], [8.95364, 37.555], [8.95365, 37.55491], [8.95363, 37.55481], [8.95358, 37.55478], [8.95352, 37.55479]]], [[[8.95598, 37.55853], [8.95597, 37.55856], [8.95598, 37.55865], [8.95606, 37.55886], [8.95609, 37.55896], [8.95608, 37.55903], [8.95601, 37.55906], [8.95597, 37.55909], [8.95596, 37.55917], [8.95596, 37.55928], [8.95594, 37.55942], [8.95593, 37.55951], [8.95593, 37.55966], [8.95593, 37.55981], [8.95591, 37.55984], [8.95587, 37.55984], [8.95582, 37.55983], [8.95572, 37.55979], [8.9556, 37.55975], [8.95548, 37.5597], [8.95532, 37.55963], [8.95519, 37.55955], [8.95504, 37.55947], [8.95492, 37.55939], [8.95483, 37.55937], [8.95477, 37.55932], [8.9547, 37.55924], [8.9547, 37.55915], [8.95475, 37.5591], [8.95475, 37.55905], [8.95473, 37.55897], [8.95468, 37.55889], [8.95461, 37.55882], [8.95451, 37.55872], [8.95441, 37.55865], [8.95434, 37.55853], [8.95431, 37.55838], [8.95431, 37.55827], [8.95431, 37.55818], [8.95431, 37.55805], [8.9543, 37.55791], [8.95438, 37.55781], [8.95447, 37.55779], [8.95454, 37.55778], [8.95461, 37.55778], [8.9547, 37.5578], [8.95478, 37.5578], [8.95489, 37.55783], [8.95497, 37.55783], [8.95501, 37.55781], [8.95504, 37.55777], [8.95506, 37.55769], [8.95506, 37.55762], [8.95504, 37.55753], [8.95497, 37.55737], [8.95498, 37.5573], [8.95503, 37.55726], [8.95508, 37.55724], [8.95516, 37.55724], [8.95527, 37.55722], [8.95535, 37.5572], [8.95543, 37.55715], [8.95548, 37.55707], [8.95555, 37.55697], [8.95566, 37.55689], [8.95575, 37.55678], [8.95583, 37.55666], [8.95594, 37.55657], [8.95601, 37.5565], [8.9561, 37.55643], [8.95615, 37.55641], [8.95622, 37.55641], [8.95629, 37.55644], [8.95637, 37.55644], [8.95643, 37.55639], [8.95645, 37.55633], [8.95649, 37.55631], [8.95656, 37.5563], [8.9566, 37.55632], [8.95664, 37.55637], [8.95666, 37.55641], [8.95674, 37.55643], [8.95679, 37.55639], [8.95683, 37.55633], [8.95689, 37.55629], [8.95696, 37.55628], [8.9571, 37.55627], [8.95719, 37.55625], [8.95724, 37.55623], [8.95732, 37.55621], [8.95738, 37.55623], [8.95745, 37.55627], [8.9575, 37.55631], [8.95753, 37.55636], [8.95756, 37.55644], [8.95761, 37.55648], [8.95763, 37.55651], [8.95764, 37.55664], [8.95769, 37.55674], [8.95774, 37.55682], [8.9578, 37.55689], [8.95784, 37.55697], [8.95784, 37.55703], [8.95788, 37.55733], [8.95791, 37.55746], [8.95794, 37.55754], [8.95798, 37.55756], [8.9581, 37.55759], [8.95817, 37.55762], [8.95824, 37.55771], [8.95832, 37.55815], [8.9583, 37.55823], [8.95825, 37.55828], [8.95815, 37.55828], [8.95806, 37.55825], [8.95799, 37.55823], [8.95789, 37.5582], [8.95779, 37.5582], [8.95769, 37.55821], [8.95758, 37.55823], [8.95747, 37.55827], [8.95738, 37.55829], [8.95732, 37.55832], [8.95725, 37.55835], [8.95719, 37.55836], [8.95714, 37.55835], [8.95684, 37.55832], [8.95673, 37.55833], [8.9567, 37.55836], [8.95686, 37.55877], [8.95686, 37.55887], [8.95684, 37.55893], [8.9568, 37.559], [8.95677, 37.55904], [8.9567, 37.55907], [8.95666, 37.55907], [8.9566, 37.55907], [8.95657, 37.5591], [8.95647, 37.55909], [8.95641, 37.55906], [8.95632, 37.55901], [8.95626, 37.55895], [8.95622, 37.55887], [8.95606, 37.55857], [8.95602, 37.55852], [8.95598, 37.55853]]]]}}, {"type": "Feature", "properties": {"adm3_pcode": "TN1752", "name": "Jarzouna", "name_ar": "جرزونة", "id_delegation": "1752", "delegation_name": "Jarzouna", "delegation_name_ar": "جرزونة", "governorate_name": "Bizerte", "governorate_name_ar": "بنزرت", "region_name": "North East", "lat": "37.25783517", "lon": "9.88542248", "area_sqkm": "5.53885403", "n_stations": "20", "n_certified": "20", "registered": "19337", "voters": "5859", "valid": "5855", "blank": "76", "spoilt": "299", "turnout_stations": "18", "turnout_registered": "19337", "turnout_voters": "5577", "saied": "5427", "saied_share_pct": "92.6900", "saied_margin_pp": "86.9001", "zammel": "339", "zammel_share_pct": "5.7899", "zammel_margin_pp": "-86.9001", "maghzaoui": "89", "maghzaoui_share_pct": "1.5201", "maghzaoui_margin_pp": "-91.1699", "candidate_sum": "5855", "winner": "saied", "runner_up": "zammel", "margin_pp": "86.9001", "turnout_pct": "28.8411", "turnout_coverage_pct": "90.0000"}, "geometry": {"type": "MultiPolygon", "coordinates": [[[[9.88764, 37.26507], [9.88002, 37.26881], [9.86854, 37.2542], [9.88668, 37.24602], [9.90959, 37.24823], [9.91242, 37.25376], [9.89248, 37.2617], [9.89096, 37.26864], [9.88764, 37.26507]]]]}}, {"type": "Feature", "properties": {"adm3_pcode": "TN1753", "name": "Bizerte Sud", "name_ar": "بنزرت الجنوبية", "id_delegation": "1753", "delegation_name": "Bizerte Sud", "delegation_name_ar": "بنزرت الجنوبية", "governorate_name": "Bizerte", "governorate_name_ar": "بنزرت", "region_name": "North East", "lat": "37.25837604", "lon": "9.66796043", "area_sqkm": "406.17535643", "n_stations": "42", "n_certified": "42", "registered": "39762", "voters": "12018", "valid": "11196", "blank": "142", "spoilt": "680", "turnout_stations": "40", "turnout_registered": "39575", "turnout_voters": "11354", "saied": "10721", "saied_share_pct": "95.7574", "saied_margin_pp": "92.5330", "zammel": "361", "zammel_share_pct": "3.2244", "zammel_margin_pp": "-92.5330", "maghzaoui": "114", "maghzaoui_share_pct": "1.0182", "maghzaoui_margin_pp": "-94.7392", "candidate_sum": "11196", "winner": "saied", "runner_up": "zammel", "margin_pp": "92.5330", "turnout_pct": "28.6898", "turnout_coverage_pct": "95.2381"}, "geometry": {"type": "MultiPolygon", "coordinates": [[[[9.74508, 37.34723], [9.70408, 37.33433], [9.66955, 37.34039], [9.58866, 37.29635], [9.57381, 37.29441], [9.56111, 37.30595], [9.53631, 37.29958], [9.47406, 37.26815], [9.47534, 37.22781], [9.50815, 37.19563], [9.52662, 37.20671], [9.54192, 37.19829], [9.55306, 37.20502], [9.58465, 37.1879], [9.60804, 37.18386], [9.61357, 37.17089], [9.61819, 37.1708], [9.61876, 37.18548], [9.63583, 37.18729], [9.63711, 37.19557], [9.6562, 37.20135], [9.67898, 37.18438], [9.71293, 37.18226], [9.72192, 37.17516], [9.75247, 37.16952], [9.76653, 37.17297], [9.77549, 37.18017], [9.77135, 37.1847], [9.78207, 37.18708], [9.78736, 37.20232], [9.78556, 37.20965], [9.77661, 37.20282], [9.76934, 37.22167], [9.78416, 37.2145], [9.79863, 37.21785], [9.80973, 37.23345], [9.80202, 37.23734], [9.8093, 37.24317], [9.82417, 37.23708], [9.81986, 37.24321], [9.85939, 37.25859], [9.84992, 37.26128], [9.85739, 37.26637], [9.85544, 37.2782], [9.83514, 37.27941], [9.83718, 37.28549], [9.82471, 37.291], [9.76849, 37.30264], [9.7582, 37.32029], [9.77056, 37.33144], [9.7596, 37.33713], [9.75579, 37.34697], [9.74508, 37.34723]]]]}}, {"type": "Feature", "properties": {"adm3_pcode": "TN1754", "name": "Sejnane", "name_ar": "سجنان", "id_delegation": "1754", "delegation_name": "Sejnane", "delegation_name_ar": "سجنان", "governorate_name": "Bizerte", "governorate_name_ar": "بنزرت", "region_name": "North East", "lat": "37.13705026", "lon": "9.23608518", "area_sqkm": "626.83871136", "n_stations": "40", "n_certified": "40", "registered": "30268", "voters": "9036", "valid": "8607", "blank": "101", "spoilt": "475", "turnout_stations": "36", "turnout_registered": "29424", "turnout_voters": "8473", "saied": "8326", "saied_share_pct": "96.7352", "saied_margin_pp": "94.7252", "zammel": "173", "zammel_share_pct": "2.0100", "zammel_margin_pp": "-94.7252", "maghzaoui": "108", "maghzaoui_share_pct": "1.2548", "maghzaoui_margin_pp": "-95.4804", "candidate_sum": "8607", "winner": "saied", "runner_up": "zammel", "margin_pp": "94.7252", "turnout_pct": "28.7962", "turnout_coverage_pct": "90.0000"}, "geometry": {"type": "MultiPolygon", "coordinates": [[[[9.41462, 37.27022], [9.38889, 37.26481], [9.37329, 37.24846], [9.33584, 37.23305], [9.29736, 37.23187], [9.25692, 37.21619], [9.22544, 37.219], [9.21822, 37.24035], [9.20623, 37.23497], [9.1782, 37.21264], [9.16254, 37.19118], [9.12449, 37.16401], [9.08379, 37.15757], [9.08893, 37.14128], [9.07891, 37.1392], [9.08052, 37.1277], [9.10021, 37.12007], [9.10975, 37.12312], [9.09161, 37.11246], [9.0745, 37.08251], [9.0969, 37.06882], [9.10748, 37.04766], [9.17002, 37.05527], [9.1873, 37.05049], [9.2066, 37.02785], [9.2045, 37.01122], [9.21208, 37.00442], [9.23972, 37.01266], [9.24589, 37.02067], [9.25886, 37.01433], [9.26297, 37.02053], [9.28655, 37.02131], [9.28709, 37.01689], [9.29032, 37.02361], [9.3053, 37.02708], [9.35924, 37.03281], [9.35536, 37.04784], [9.36215, 37.05436], [9.34812, 37.06178], [9.35474, 37.0684], [9.36873, 37.06877], [9.36429, 37.07557], [9.39416, 37.09531], [9.39153, 37.13708], [9.40676, 37.13644], [9.44409, 37.16618], [9.4574, 37.16664], [9.45627, 37.17266], [9.4801, 37.17806], [9.50662, 37.19649], [9.47534, 37.22781], [9.47406, 37.26815], [9.45474, 37.26288], [9.41462, 37.27022]]]]}}, {"type": "Feature", "properties": {"adm3_pcode": "TN1755", "name": "Joumine", "name_ar": "جومين", "id_delegation": "1755", "delegation_name": "Joumine", "delegation_name_ar": "جومين", "governorate_name": "Bizerte", "governorate_name_ar": "بنزرت", "region_name": "North East", "lat": "36.87807766", "lon": "9.44760978", "area_sqkm": "552.12554169", "n_stations": "32", "n_certified": "32", "registered": "22902", "voters": "7355", "valid": "6806", "blank": "92", "spoilt": "457", "turnout_stations": "31", "turnout_registered": "22902", "turnout_voters": "7269", "saied": "6636", "saied_share_pct": "97.5022", "saied_margin_pp": "95.8419", "zammel": "113", "zammel_share_pct": "1.6603", "zammel_margin_pp": "-95.8419", "maghzaoui": "57", "maghzaoui_share_pct": "0.8375", "maghzaoui_margin_pp": "-96.6647", "candidate_sum": "6806", "winner": "saied", "runner_up": "zammel", "margin_pp": "95.8419", "turnout_pct": "31.7396", "turnout_coverage_pct": "96.8750"}, "geometry": {"type": "MultiPolygon", "coordinates": [[[[9.3593, 37.03052], [9.3053, 37.02708], [9.29032, 37.02361], [9.28709, 37.01689], [9.28655, 37.02131], [9.26297, 37.02053], [9.25886, 37.01433], [9.24589, 37.02067], [9.23972, 37.01266], [9.21497, 37.00395], [9.2142, 36.97795], [9.20355, 36.97022], [9.23164, 36.95734], [9.26032, 36.92848], [9.2459, 36.91423], [9.24767, 36.9061], [9.2678, 36.89506], [9.29409, 36.89225], [9.29762, 36.8801], [9.31737, 36.87245], [9.31923, 36.8818], [9.32783, 36.88544], [9.3842, 36.84952], [9.38197, 36.84359], [9.38995, 36.83814], [9.3795, 36.83364], [9.35873, 36.80557], [9.35709, 36.78405], [9.34486, 36.76645], [9.35523, 36.754], [9.38605, 36.74159], [9.401, 36.72333], [9.42737, 36.73292], [9.44866, 36.75943], [9.5164, 36.78724], [9.51697, 36.80092], [9.52903, 36.81866], [9.58706, 36.85642], [9.55306, 36.88123], [9.55162, 36.89034], [9.53548, 36.89632], [9.52644, 36.91657], [9.51301, 36.91896], [9.50998, 36.93299], [9.49596, 36.93724], [9.52101, 36.95183], [9.51655, 36.96224], [9.45777, 36.95435], [9.45462, 36.96263], [9.42864, 36.97236], [9.44751, 37.00102], [9.44367, 37.00495], [9.43121, 37.00788], [9.37483, 36.99402], [9.34903, 37.01596], [9.3593, 37.03052]]]]}}, {"type": "Feature", "properties": {"adm3_pcode": "TN1756", "name": "Mateur", "name_ar": "ماطر", "id_delegation": "1756", "delegation_name": "Mateur", "delegation_name_ar": "ماطر", "governorate_name": "Bizerte", "governorate_name_ar": "بنزرت", "region_name": "North East", "lat": "36.98609659", "lon": "9.67091596", "area_sqkm": "564.40204392", "n_stations": "40", "n_certified": "40", "registered": "33906", "voters": "11245", "valid": "10970", "blank": "118", "spoilt": "517", "turnout_stations": "35", "turnout_registered": "32614", "turnout_voters": "10372", "saied": "10541", "saied_share_pct": "96.0893", "saied_margin_pp": "93.2543", "zammel": "311", "zammel_share_pct": "2.8350", "zammel_margin_pp": "-93.2543", "maghzaoui": "118", "maghzaoui_share_pct": "1.0757", "maghzaoui_margin_pp": "-95.0137", "candidate_sum": "10970", "winner": "saied", "runner_up": "zammel", "margin_pp": "93.2543", "turnout_pct": "31.8023", "turnout_coverage_pct": "87.5000"}, "geometry": {"type": "MultiPolygon", "coordinates": [[[[9.663, 37.11366], [9.63023, 37.11114], [9.5956, 37.07732], [9.60551, 37.06618], [9.59964, 37.05527], [9.54259, 37.02277], [9.51113, 36.99452], [9.50959, 36.97582], [9.51529, 36.9778], [9.52035, 36.97086], [9.52101, 36.95183], [9.49596, 36.93724], [9.50998, 36.93299], [9.51301, 36.91896], [9.52644, 36.91657], [9.53548, 36.89632], [9.55162, 36.89034], [9.55306, 36.88123], [9.58706, 36.85642], [9.6255, 36.86768], [9.6348, 36.85697], [9.67681, 36.88382], [9.70142, 36.88934], [9.71233, 36.90166], [9.73847, 36.88872], [9.7682, 36.89115], [9.77628, 36.91643], [9.79129, 36.93638], [9.81784, 36.94223], [9.81388, 36.9649], [9.8229, 36.98054], [9.83244, 36.97948], [9.83049, 37.02346], [9.84722, 37.02146], [9.83822, 37.04328], [9.82951, 37.04779], [9.82405, 37.03979], [9.78678, 37.06571], [9.77855, 37.08894], [9.75528, 37.07676], [9.74637, 37.08379], [9.71727, 37.07203], [9.72045, 37.11314], [9.663, 37.11366]]]]}}, {"type": "Feature", "properties": {"adm3_pcode": "TN1757", "name": "Ghazala", "name_ar": "غزالة", "id_delegation": "1757", "delegation_name": "Ghazala", "delegation_name_ar": "غزالة", "governorate_name": "Bizerte", "governorate_name_ar": "بنزرت", "region_name": "North East", "lat": "37.07913556", "lon": "9.48563124", "area_sqkm": "409.79317859", "n_stations": "29", "n_certified": "29", "registered": "19049", "voters": "5934", "valid": "5584", "blank": "86", "spoilt": "396", "turnout_stations": "26", "turnout_registered": "18353", "turnout_voters": "5288", "saied": "5455", "saied_share_pct": "97.6898", "saied_margin_pp": "96.3467", "zammel": "75", "zammel_share_pct": "1.3431", "zammel_margin_pp": "-96.3467", "maghzaoui": "54", "maghzaoui_share_pct": "0.9670", "maghzaoui_margin_pp": "-96.7228", "candidate_sum": "5584", "winner": "saied", "runner_up": "zammel", "margin_pp": "96.3467", "turnout_pct": "28.8127", "turnout_coverage_pct": "89.6552"}, "geometry": {"type": "MultiPolygon", "coordinates": [[[[9.52762, 37.20663], [9.4801, 37.17806], [9.45985, 37.17473], [9.4574, 37.16664], [9.44409, 37.16618], [9.40676, 37.13644], [9.39137, 37.1369], [9.39416, 37.09531], [9.36429, 37.07557], [9.36873, 37.06877], [9.35474, 37.0684], [9.34812, 37.06178], [9.36215, 37.05436], [9.35536, 37.04784], [9.35924, 37.02972], [9.34878, 37.01685], [9.35907, 37.00243], [9.3753, 36.99404], [9.43761, 37.00726], [9.44751, 37.00102], [9.42876, 36.97419], [9.4385, 36.96466], [9.45462, 36.96263], [9.46419, 36.95197], [9.49469, 36.96239], [9.51881, 36.96013], [9.51977, 36.97203], [9.50948, 36.97671], [9.51598, 37.00161], [9.60035, 37.056], [9.60551, 37.06618], [9.5956, 37.07732], [9.63023, 37.11114], [9.61616, 37.11886], [9.62126, 37.12574], [9.60484, 37.14259], [9.59261, 37.14535], [9.58658, 37.1563], [9.5922, 37.16725], [9.60946, 37.1754], [9.61357, 37.17089], [9.61376, 37.17539], [9.60804, 37.18386], [9.58465, 37.1879], [9.55766, 37.20381], [9.53733, 37.1986], [9.52762, 37.20663]]]]}}, {"type": "Feature", "properties": {"adm3_pcode": "TN1758", "name": "Menzel Bourguiba", "name_ar": "منزل بورقيبة", "id_delegation": "1758", "delegation_name": "Menzel Bourguiba", "delegation_name_ar": "منزل بورقيبة", "governorate_name": "Bizerte", "governorate_name_ar": "بنزرت", "region_name": "North East", "lat": "37.10670497", "lon": "9.85806737", "area_sqkm": "128.49862656", "n_stations": "47", "n_certified": "47", "registered": "45900", "voters": "13530", "valid": "13707", "blank": "151", "spoilt": "670", "turnout_stations": "44", "turnout_registered": "45704", "turnout_voters": "13233", "saied": "13011", "saied_share_pct": "94.9223", "saied_margin_pp": "90.9535", "zammel": "544", "zammel_share_pct": "3.9688", "zammel_margin_pp": "-90.9535", "maghzaoui": "152", "maghzaoui_share_pct": "1.1089", "maghzaoui_margin_pp": "-93.8134", "candidate_sum": "13707", "winner": "saied", "runner_up": "zammel", "margin_pp": "90.9535", "turnout_pct": "28.9537", "turnout_coverage_pct": "93.6170"}, "geometry": {"type": "MultiPolygon", "coordinates": [[[[9.79966, 37.17071], [9.78271, 37.16985], [9.77118, 37.14945], [9.76991, 37.13305], [9.77954, 37.11228], [9.77753, 37.09203], [9.78678, 37.06571], [9.82405, 37.03979], [9.83533, 37.04999], [9.86157, 37.04771], [9.8709, 37.07482], [9.90326, 37.08409], [9.90754, 37.0923], [9.94282, 37.10851], [9.92498, 37.11227], [9.91389, 37.12423], [9.93359, 37.14397], [9.91792, 37.16616], [9.91002, 37.15723], [9.85986, 37.13508], [9.81454, 37.14207], [9.80864, 37.14772], [9.816, 37.15089], [9.81656, 37.15971], [9.79966, 37.17071]]]]}}, {"type": "Feature", "properties": {"adm3_pcode": "TN1759", "name": "Tinja", "name_ar": "تينجة", "id_delegation": "1759", "delegation_name": "Tinja", "delegation_name_ar": "تينجة", "governorate_name": "Bizerte", "governorate_name_ar": "بنزرت", "region_name": "North East", "lat": "37.12975971", "lon": "9.66529718", "area_sqkm": "60.82918998", "n_stations": "17", "n_certified": "17", "registered": "16595", "voters": "5465", "valid": "5170", "blank": "85", "spoilt": "210", "turnout_stations": "16", "turnout_registered": "16595", "turnout_voters": "5026", "saied": "4862", "saied_share_pct": "94.0426", "saied_margin_pp": "89.1296", "zammel": "254", "zammel_share_pct": "4.9130", "zammel_margin_pp": "-89.1296", "maghzaoui": "54", "maghzaoui_share_pct": "1.0445", "maghzaoui_margin_pp": "-92.9981", "candidate_sum": "5170", "winner": "saied", "runner_up": "zammel", "margin_pp": "89.1296", "turnout_pct": "30.2862", "turnout_coverage_pct": "94.1176"}, "geometry": {"type": "MultiPolygon", "coordinates": [[[[9.78207, 37.18708], [9.75657, 37.17035], [9.75072, 37.14232], [9.73153, 37.12138], [9.71639, 37.119], [9.69727, 37.14289], [9.681, 37.13696], [9.66999, 37.1438], [9.66041, 37.13506], [9.62833, 37.13172], [9.61552, 37.11967], [9.62931, 37.11097], [9.72045, 37.11314], [9.71438, 37.07316], [9.74637, 37.08379], [9.75528, 37.07676], [9.77855, 37.08894], [9.77948, 37.11275], [9.76978, 37.13637], [9.77128, 37.14965], [9.78977, 37.1739], [9.78207, 37.18708]]]]}}, {"type": "Feature", "properties": {"adm3_pcode": "TN1760", "name": "Utique", "name_ar": "أوتيك", "id_delegation": "1760", "delegation_name": "Utique", "delegation_name_ar": "أوتيك", "governorate_name": "Bizerte", "governorate_name_ar": "بنزرت", "region_name": "North East", "lat": "37.03454052", "lon": "9.95989981", "area_sqkm": "381.34889498", "n_stations": "19", "n_certified": "19", "registered": "13433", "voters": "4880", "valid": "4569", "blank": "52", "spoilt": "235", "turnout_stations": "16", "turnout_registered": "13433", "turnout_voters": "4217", "saied": "4374", "saied_share_pct": "95.7321", "saied_margin_pp": "92.6461", "zammel": "141", "zammel_share_pct": "3.0860", "zammel_margin_pp": "-92.6461", "maghzaoui": "54", "maghzaoui_share_pct": "1.1819", "maghzaoui_margin_pp": "-94.5502", "candidate_sum": "4569", "winner": "saied", "runner_up": "zammel", "margin_pp": "92.6461", "turnout_pct": "31.3928", "turnout_coverage_pct": "84.2105"}, "geometry": {"type": "MultiPolygon", "coordinates": [[[[10.21584, 37.11376], [10.21066, 37.13794], [10.22029, 37.15293], [10.21544, 37.15524], [10.2027, 37.14351], [10.20796, 37.11833], [10.20376, 37.11433], [10.18351, 37.12057], [10.19077, 37.13203], [10.18403, 37.13552], [10.16166, 37.12755], [10.12828, 37.14307], [10.10541, 37.13784], [10.09866, 37.12533], [10.05831, 37.12165], [10.02837, 37.10872], [10.0041, 37.07535], [9.99416, 37.11023], [9.98568, 37.10126], [9.96698, 37.11494], [9.94282, 37.10851], [9.90754, 37.0923], [9.90326, 37.08409], [9.8709, 37.07482], [9.86157, 37.04771], [9.82951, 37.04779], [9.83822, 37.04328], [9.84722, 37.02146], [9.83049, 37.02346], [9.83244, 36.97948], [9.82206, 36.97661], [9.84979, 36.95863], [9.92663, 36.95251], [9.94361, 36.91469], [9.97996, 36.92646], [10.00005, 36.91816], [10.00511, 36.92859], [10.01675, 36.91452], [10.02686, 36.92229], [10.01616, 36.93746], [10.00609, 36.9378], [10.02185, 36.95061], [10.02375, 36.96292], [10.01849, 36.96674], [10.02818, 36.97008], [10.02927, 36.98404], [10.0669, 37.0073], [10.09058, 37.05109], [10.09544, 37.06718], [10.08904, 37.08506], [10.09477, 37.09525], [10.12179, 37.11329], [10.13165, 37.10755], [10.15742, 37.11512], [10.16182, 37.10899], [10.18437, 37.10657], [10.21584, 37.11376]]]]}}, {"type": "Feature", "properties": {"adm3_pcode": "TN1761", "name": "Ghar El Melh", "name_ar": "غار الملح", "id_delegation": "1761", "delegation_name": "Ghar El Melh", "delegation_name_ar": "غار الملح", "governorate_name": "Bizerte", "governorate_name_ar": "بنزرت", "region_name": "North East", "lat": "37.14481391", "lon": "10.09282519", "area_sqkm": "92.32732974", "n_stations": "18", "n_certified": "18", "registered": "14421", "voters": "4745", "valid": "4491", "blank": "67", "spoilt": "187", "turnout_stations": "15", "turnout_registered": "14297", "turnout_voters": "3913", "saied": "4089", "saied_share_pct": "91.0488", "saied_margin_pp": "83.2554", "zammel": "350", "zammel_share_pct": "7.7934", "zammel_margin_pp": "-83.2554", "maghzaoui": "52", "maghzaoui_share_pct": "1.1579", "maghzaoui_margin_pp": "-89.8909", "candidate_sum": "4491", "winner": "saied", "runner_up": "zammel", "margin_pp": "83.2554", "turnout_pct": "27.3694", "turnout_coverage_pct": "83.3333"}, "geometry": {"type": "MultiPolygon", "coordinates": [[[[10.08747, 37.20924], [10.07974, 37.21511], [10.06471, 37.20186], [10.04702, 37.16698], [10.04844, 37.14228], [10.01294, 37.12868], [10.01251, 37.11696], [9.99489, 37.10657], [10.0041, 37.07535], [10.02837, 37.10872], [10.05831, 37.12165], [10.09866, 37.12533], [10.10541, 37.13784], [10.13709, 37.14232], [10.15486, 37.16647], [10.21956, 37.16957], [10.22154, 37.15635], [10.23195, 37.15004], [10.25614, 37.1726], [10.28142, 37.17761], [10.13988, 37.18494], [10.09909, 37.19737], [10.08747, 37.20924]]]]}}, {"type": "Feature", "properties": {"adm3_pcode": "TN1762", "name": "Menzel Jemil", "name_ar": "منزل جميل", "id_delegation": "1762", "delegation_name": "Menzel Jemil", "delegation_name_ar": "منزل جميل", "governorate_name": "Bizerte", "governorate_name_ar": "بنزرت", "region_name": "North East", "lat": "37.203524", "lon": "9.98220405", "area_sqkm": "82.51266613", "n_stations": "40", "n_certified": "40", "registered": "35675", "voters": "9667", "valid": "10492", "blank": "99", "spoilt": "476", "turnout_stations": "34", "turnout_registered": "35675", "turnout_voters": "9085", "saied": "9702", "saied_share_pct": "92.4705", "saied_margin_pp": "86.4278", "zammel": "634", "zammel_share_pct": "6.0427", "zammel_margin_pp": "-86.4278", "maghzaoui": "156", "maghzaoui_share_pct": "1.4868", "maghzaoui_margin_pp": "-90.9836", "candidate_sum": "10492", "winner": "saied", "runner_up": "zammel", "margin_pp": "86.4278", "turnout_pct": "25.4660", "turnout_coverage_pct": "85.0000"}, "geometry": {"type": "MultiPolygon", "coordinates": [[[[9.91408, 37.25612], [9.90731, 37.24686], [9.88668, 37.24602], [9.86809, 37.25432], [9.83742, 37.24188], [9.83823, 37.23489], [9.82057, 37.22621], [9.83563, 37.22245], [9.84207, 37.2294], [9.84985, 37.22506], [9.86152, 37.23244], [9.92943, 37.22291], [9.9343, 37.20815], [9.91792, 37.16616], [9.92906, 37.15043], [9.95797, 37.16189], [9.95957, 37.17916], [9.97039, 37.191], [9.98099, 37.18554], [9.99002, 37.20189], [10.0143, 37.18512], [10.031, 37.20323], [10.00855, 37.21427], [10.01108, 37.22981], [10.01699, 37.22991], [10.00933, 37.23503], [10.00794, 37.25085], [9.97663, 37.24709], [9.91408, 37.25612]]]]}}, {"type": "Feature", "properties": {"adm3_pcode": "TN1763", "name": "El Alia", "name_ar": "العالية", "id_delegation": "1763", "delegation_name": "El Alia", "delegation_name_ar": "العالية", "governorate_name": "Bizerte", "governorate_name_ar": "بنزرت", "region_name": "North East", "lat": "37.15822259", "lon": "9.9992804", "area_sqkm": "84.94324263", "n_stations": "24", "n_certified": "23", "registered": "18823", "voters": "5020", "valid": "4841", "blank": "86", "spoilt": "207", "turnout_stations": "20", "turnout_registered": "18183", "turnout_voters": "4581", "saied": "4249", "saied_share_pct": "87.7711", "saied_margin_pp": "77.6079", "zammel": "492", "zammel_share_pct": "10.1632", "zammel_margin_pp": "-77.6079", "maghzaoui": "100", "maghzaoui_share_pct": "2.0657", "maghzaoui_margin_pp": "-85.7054", "candidate_sum": "4841", "winner": "saied", "runner_up": "zammel", "margin_pp": "77.6079", "turnout_pct": "25.1939", "turnout_coverage_pct": "83.3333"}, "geometry": {"type": "MultiPolygon", "coordinates": [[[[10.06431, 37.20741], [10.04754, 37.21529], [10.03952, 37.2019], [10.03111, 37.20381], [10.0143, 37.18512], [9.99002, 37.20189], [9.98099, 37.18554], [9.97039, 37.191], [9.95957, 37.17916], [9.95797, 37.16189], [9.92906, 37.15043], [9.93276, 37.141], [9.91389, 37.12423], [9.91649, 37.11904], [9.94092, 37.10861], [9.96698, 37.11494], [9.98568, 37.10126], [9.98933, 37.10834], [10.00092, 37.10815], [10.01445, 37.11962], [10.01294, 37.12868], [10.04844, 37.14228], [10.04702, 37.16698], [10.05506, 37.17431], [10.0691, 37.20917], [10.06431, 37.20741]]]]}}, {"type": "Feature", "properties": {"adm3_pcode": "TN1764", "name": "Ras Jebel", "name_ar": "راس الجبل", "id_delegation": "1764", "delegation_name": "Ras Jebel", "delegation_name_ar": "راس الجبل", "governorate_name": "Bizerte", "governorate_name_ar": "بنزرت", "region_name": "North East", "lat": "37.2225953", "lon": "10.08563187", "area_sqkm": "84.11798391", "n_stations": "51", "n_certified": "51", "registered": "46872", "voters": "14398", "valid": "13879", "blank": "166", "spoilt": "552", "turnout_stations": "46", "turnout_registered": "46872", "turnout_voters": "13125", "saied": "12655", "saied_share_pct": "91.1809", "saied_margin_pp": "84.0767", "zammel": "986", "zammel_share_pct": "7.1043", "zammel_margin_pp": "-84.0767", "maghzaoui": "238", "maghzaoui_share_pct": "1.7148", "maghzaoui_margin_pp": "-89.4661", "candidate_sum": "13879", "winner": "saied", "runner_up": "zammel", "margin_pp": "84.0767", "turnout_pct": "28.0018", "turnout_coverage_pct": "90.1961"}, "geometry": {"type": "MultiPolygon", "coordinates": [[[[10.06934, 37.26874], [10.00854, 37.25053], [10.00933, 37.23503], [10.01699, 37.22991], [10.01108, 37.22981], [10.00855, 37.21427], [10.03111, 37.20381], [10.03952, 37.2019], [10.04754, 37.21529], [10.06444, 37.20737], [10.07974, 37.21511], [10.09909, 37.19737], [10.13988, 37.18494], [10.22388, 37.17661], [10.28066, 37.17929], [10.21503, 37.18609], [10.19415, 37.2066], [10.15108, 37.22721], [10.12337, 37.23751], [10.08542, 37.24166], [10.06775, 37.26292], [10.06934, 37.26874]]]]}}, {"type": "Feature", "properties": {"adm3_pcode": "TN2151", "name": "Béja Nord", "name_ar": "باجة الشمالية", "id_delegation": "2151", "delegation_name": "Béja Nord", "delegation_name_ar": "باجة الشمالية", "governorate_name": "Béja", "governorate_name_ar": "باجة", "region_name": "North West", "lat": "36.80427185", "lon": "9.24308319", "area_sqkm": "427.80458594", "n_stations": "62", "n_certified": "62", "registered": "59563", "voters": "18017", "valid": "17434", "blank": "271", "spoilt": "713", "turnout_stations": "60", "turnout_registered": "58678", "turnout_voters": "17897", "saied": "16443", "saied_share_pct": "94.3157", "saied_margin_pp": "89.7786", "zammel": "791", "zammel_share_pct": "4.5371", "zammel_margin_pp": "-89.7786", "maghzaoui": "200", "maghzaoui_share_pct": "1.1472", "maghzaoui_margin_pp": "-93.1685", "candidate_sum": "17434", "winner": "saied", "runner_up": "zammel", "margin_pp": "89.7786", "turnout_pct": "30.5004", "turnout_coverage_pct": "96.7742"}, "geometry": {"type": "MultiPolygon", "coordinates": [[[[9.22179, 36.92061], [9.21558, 36.91612], [9.18084, 36.91821], [9.16985, 36.90379], [9.14282, 36.89081], [9.14867, 36.88194], [9.16255, 36.88177], [9.18038, 36.86692], [9.14867, 36.85128], [9.12679, 36.8275], [9.12644, 36.79803], [9.13255, 36.78221], [9.13994, 36.7799], [9.13557, 36.76998], [9.08177, 36.7344], [9.06358, 36.71331], [9.08237, 36.68653], [9.13856, 36.70915], [9.16376, 36.72604], [9.17154, 36.72639], [9.17609, 36.71517], [9.18829, 36.72686], [9.22071, 36.73654], [9.26018, 36.73162], [9.29348, 36.70638], [9.31418, 36.70094], [9.33643, 36.70673], [9.34645, 36.6984], [9.34172, 36.70778], [9.3674, 36.72494], [9.3759, 36.74678], [9.35523, 36.754], [9.34484, 36.76671], [9.35709, 36.78405], [9.36008, 36.8077], [9.3795, 36.83364], [9.38995, 36.83814], [9.38197, 36.84359], [9.3842, 36.84952], [9.32783, 36.88544], [9.31645, 36.87271], [9.29762, 36.8801], [9.29409, 36.89225], [9.2678, 36.89506], [9.22179, 36.92061]]]]}}, {"type": "Feature", "properties": {"adm3_pcode": "TN2152", "name": "Béja Sud", "name_ar": "باجة الجنوبية", "id_delegation": "2152", "delegation_name": "Béja Sud", "delegation_name_ar": "باجة الجنوبية", "governorate_name": "Béja", "governorate_name_ar": "باجة", "region_name": "North West", "lat": "36.63597585", "lon": "9.17643322", "area_sqkm": "364.56110333", "n_stations": "31", "n_certified": "31", "registered": "29961", "voters": "10007", "valid": "9411", "blank": "137", "spoilt": "459", "turnout_stations": "30", "turnout_registered": "29961", "turnout_voters": "9716", "saied": "8815", "saied_share_pct": "93.6670", "saied_margin_pp": "88.6835", "zammel": "469", "zammel_share_pct": "4.9835", "zammel_margin_pp": "-88.6835", "maghzaoui": "127", "maghzaoui_share_pct": "1.3495", "maghzaoui_margin_pp": "-92.3175", "candidate_sum": "9411", "winner": "saied", "runner_up": "zammel", "margin_pp": "88.6835", "turnout_pct": "32.4288", "turnout_coverage_pct": "96.7742"}, "geometry": {"type": "MultiPolygon", "coordinates": [[[[9.22948, 36.7348], [9.18829, 36.72686], [9.17609, 36.71517], [9.17154, 36.72639], [9.16376, 36.72604], [9.13856, 36.70915], [9.07229, 36.6832], [9.0445, 36.66337], [9.02043, 36.65925], [9.03112, 36.64373], [9.04172, 36.64148], [9.06899, 36.59971], [9.08289, 36.60173], [9.09248, 36.59289], [9.09671, 36.59802], [9.10438, 36.56961], [9.11788, 36.5606], [9.12903, 36.53773], [9.20005, 36.53908], [9.2283, 36.56659], [9.23665, 36.58736], [9.25028, 36.59421], [9.26582, 36.62539], [9.27614, 36.61886], [9.28979, 36.62771], [9.29807, 36.61729], [9.30644, 36.63552], [9.32281, 36.63905], [9.32955, 36.65511], [9.32315, 36.66663], [9.33047, 36.68141], [9.34866, 36.69453], [9.33681, 36.70665], [9.32231, 36.70096], [9.30111, 36.70389], [9.26072, 36.73141], [9.22948, 36.7348]]]]}}, {"type": "Feature", "properties": {"adm3_pcode": "TN2153", "name": "Amdoun", "name_ar": "عمدون", "id_delegation": "2153", "delegation_name": "Amdoun", "delegation_name_ar": "عمدون", "governorate_name": "Béja", "governorate_name_ar": "باجة", "region_name": "North West", "lat": "36.77729656", "lon": "9.028602", "area_sqkm": "238.3557492", "n_stations": "23", "n_certified": "23", "registered": "16789", "voters": "5916", "valid": "5494", "blank": "61", "spoilt": "361", "turnout_stations": "22", "turnout_registered": "16720", "turnout_voters": "5589", "saied": "5281", "saied_share_pct": "96.1230", "saied_margin_pp": "93.5930", "zammel": "139", "zammel_share_pct": "2.5300", "zammel_margin_pp": "-93.5930", "maghzaoui": "74", "maghzaoui_share_pct": "1.3469", "maghzaoui_margin_pp": "-94.7761", "candidate_sum": "5494", "winner": "saied", "runner_up": "zammel", "margin_pp": "93.5930", "turnout_pct": "33.4270", "turnout_coverage_pct": "95.6522"}, "geometry": {"type": "MultiPolygon", "coordinates": [[[[9.03121, 36.89205], [9.02474, 36.89658], [9.01247, 36.88537], [9.00099, 36.88581], [8.9995, 36.8757], [8.98932, 36.87521], [8.99415, 36.8589], [8.9847, 36.8479], [8.94191, 36.83837], [8.93221, 36.82603], [8.93598, 36.81534], [8.92548, 36.80329], [8.9334, 36.78994], [8.91928, 36.78558], [8.91864, 36.77679], [8.93705, 36.77537], [8.94448, 36.7649], [8.99566, 36.76578], [9.02876, 36.75028], [9.0307, 36.7299], [9.0368, 36.72507], [9.02729, 36.70635], [9.03253, 36.68397], [9.02716, 36.68413], [9.02305, 36.66831], [9.01605, 36.6675], [9.02664, 36.65817], [9.08096, 36.68461], [9.06358, 36.71331], [9.06921, 36.72363], [9.13557, 36.76998], [9.13994, 36.7799], [9.13255, 36.78221], [9.12644, 36.79803], [9.12679, 36.8275], [9.14378, 36.84634], [9.11411, 36.85512], [9.1151, 36.84681], [9.09939, 36.83473], [9.10256, 36.82961], [9.08709, 36.81885], [9.07689, 36.83455], [9.06347, 36.83971], [9.07617, 36.85244], [9.07336, 36.86023], [9.06042, 36.86654], [9.06111, 36.87506], [9.05268, 36.88397], [9.03121, 36.89205]]]]}}, {"type": "Feature", "properties": {"adm3_pcode": "TN2154", "name": "Nefza", "name_ar": "نفزة", "id_delegation": "2154", "delegation_name": "Nefza", "delegation_name_ar": "نفزة", "governorate_name": "Béja", "governorate_name_ar": "باجة", "region_name": "North West", "lat": "36.98823737", "lon": "9.06923051", "area_sqkm": "592.92172065", "n_stations": "47", "n_certified": "47", "registered": "42378", "voters": "12637", "valid": "11880", "blank": "164", "spoilt": "593", "turnout_stations": "47", "turnout_registered": "42378", "turnout_voters": "12637", "saied": "11259", "saied_share_pct": "94.7727", "saied_margin_pp": "91.9865", "zammel": "331", "zammel_share_pct": "2.7862", "zammel_margin_pp": "-91.9865", "maghzaoui": "290", "maghzaoui_share_pct": "2.4411", "maghzaoui_margin_pp": "-92.3316", "candidate_sum": "11880", "winner": "saied", "runner_up": "zammel", "margin_pp": "91.9865", "turnout_pct": "29.8197", "turnout_coverage_pct": "100.0000"}, "geometry": {"type": "MultiPolygon", "coordinates": [[[[9.08402, 37.1573], [9.02806, 37.13835], [9.00891, 37.11882], [8.97953, 37.10452], [8.98418, 37.09814], [8.95589, 37.0644], [8.8894, 37.01218], [8.92467, 36.98797], [8.9258, 36.97335], [8.94383, 36.95037], [8.9328, 36.9443], [8.92761, 36.92367], [8.95654, 36.91648], [8.99908, 36.88509], [9.01247, 36.88537], [9.02474, 36.89658], [9.04302, 36.89076], [9.05997, 36.87711], [9.06042, 36.86654], [9.07336, 36.86023], [9.07617, 36.85244], [9.06347, 36.83971], [9.07689, 36.83455], [9.08709, 36.81885], [9.10256, 36.82961], [9.09939, 36.83473], [9.1151, 36.84681], [9.11411, 36.85512], [9.14378, 36.84634], [9.18038, 36.86692], [9.16255, 36.88177], [9.14867, 36.88194], [9.14282, 36.89081], [9.16985, 36.90379], [9.18084, 36.91821], [9.21558, 36.91612], [9.22058, 36.92198], [9.23274, 36.91173], [9.24525, 36.91154], [9.26032, 36.92848], [9.23164, 36.95734], [9.20355, 36.97022], [9.2142, 36.97795], [9.21683, 36.99948], [9.2048, 37.01031], [9.2066, 37.02785], [9.18934, 37.04881], [9.17002, 37.05527], [9.10748, 37.04766], [9.0969, 37.06882], [9.07468, 37.08222], [9.09161, 37.11246], [9.10975, 37.12312], [9.10021, 37.12007], [9.08052, 37.1277], [9.07891, 37.1392], [9.08893, 37.14128], [9.08402, 37.1573]]]]}}, {"type": "Feature", "properties": {"adm3_pcode": "TN2155", "name": "Téboursouk", "name_ar": "تبرسق", "id_delegation": "2155", "delegation_name": "Téboursouk", "delegation_name_ar": "تبرسق", "governorate_name": "Béja", "governorate_name_ar": "باجة", "region_name": "North West", "lat": "36.45975879", "lon": "9.23495187", "area_sqkm": "395.45059172", "n_stations": "24", "n_certified": "24", "registered": "19347", "voters": "5675", "valid": "5329", "blank": "89", "spoilt": "257", "turnout_stations": "24", "turnout_registered": "19347", "turnout_voters": "5675", "saied": "5135", "saied_share_pct": "96.3595", "saied_margin_pp": "93.6573", "zammel": "144", "zammel_share_pct": "2.7022", "zammel_margin_pp": "-93.6573", "maghzaoui": "50", "maghzaoui_share_pct": "0.9383", "maghzaoui_margin_pp": "-95.4213", "candidate_sum": "5329", "winner": "saied", "runner_up": "zammel", "margin_pp": "93.6573", "turnout_pct": "29.3327", "turnout_coverage_pct": "100.0000"}, "geometry": {"type": "MultiPolygon", "coordinates": [[[[9.23463, 36.57543], [9.23215, 36.58147], [9.2283, 36.56659], [9.20005, 36.53908], [9.16947, 36.53637], [9.17006, 36.52852], [9.15284, 36.51425], [9.16046, 36.49796], [9.14622, 36.48592], [9.14334, 36.47416], [9.12147, 36.45827], [9.08147, 36.45188], [9.06809, 36.43484], [9.09013, 36.41759], [9.08176, 36.4068], [9.08522, 36.4036], [9.11317, 36.39509], [9.11569, 36.36607], [9.13273, 36.36392], [9.17355, 36.38451], [9.1937, 36.3716], [9.243, 36.36965], [9.24573, 36.37433], [9.25753, 36.36678], [9.26511, 36.33904], [9.27266, 36.33698], [9.28626, 36.35985], [9.32955, 36.37826], [9.33401, 36.39124], [9.3576, 36.41325], [9.36133, 36.43922], [9.34155, 36.46469], [9.34973, 36.47464], [9.34781, 36.4877], [9.33417, 36.49164], [9.32576, 36.5053], [9.33707, 36.53631], [9.3038, 36.54087], [9.29041, 36.563], [9.26043, 36.56465], [9.24905, 36.5567], [9.23643, 36.56405], [9.23463, 36.57543]]]]}}, {"type": "Feature", "properties": {"adm3_pcode": "TN2156", "name": "Thibar", "name_ar": "تيبار", "id_delegation": "2156", "delegation_name": "Thibar", "delegation_name_ar": "تيبار", "governorate_name": "Béja", "governorate_name_ar": "باجة", "region_name": "North West", "lat": "36.51865164", "lon": "9.10885056", "area_sqkm": "114.42067392", "n_stations": "10", "n_certified": "10", "registered": "8858", "voters": "3033", "valid": "2834", "blank": "32", "spoilt": "167", "turnout_stations": "10", "turnout_registered": "8858", "turnout_voters": "3033", "saied": "2755", "saied_share_pct": "97.2124", "saied_margin_pp": "95.3423", "zammel": "53", "zammel_share_pct": "1.8701", "zammel_margin_pp": "-95.3423", "maghzaoui": "26", "maghzaoui_share_pct": "0.9174", "maghzaoui_margin_pp": "-96.2950", "candidate_sum": "2834", "winner": "saied", "runner_up": "zammel", "margin_pp": "95.3423", "turnout_pct": "34.2402", "turnout_coverage_pct": "100.0000"}, "geometry": {"type": "MultiPolygon", "coordinates": [[[[9.09199, 36.59308], [9.07853, 36.6025], [9.06781, 36.59021], [9.0768, 36.5508], [9.06779, 36.53774], [9.07428, 36.52793], [9.04001, 36.50503], [9.04958, 36.50147], [9.04079, 36.48809], [9.04947, 36.48556], [9.05198, 36.47743], [9.04006, 36.46143], [9.01619, 36.46341], [9.03135, 36.44489], [9.05645, 36.43628], [9.06809, 36.43484], [9.08147, 36.45188], [9.12907, 36.46251], [9.15923, 36.49517], [9.16092, 36.5052], [9.15135, 36.50875], [9.15284, 36.51425], [9.17017, 36.52893], [9.16947, 36.53637], [9.15852, 36.54199], [9.12826, 36.53835], [9.11926, 36.55882], [9.10438, 36.56961], [9.09671, 36.59802], [9.09199, 36.59308]]]]}}, {"type": "Feature", "properties": {"adm3_pcode": "TN2157", "name": "Testour", "name_ar": "تستور", "id_delegation": "2157", "delegation_name": "Testour", "delegation_name_ar": "تستور", "governorate_name": "Béja", "governorate_name_ar": "باجة", "region_name": "North West", "lat": "36.5932285", "lon": "9.41087402", "area_sqkm": "642.6782112", "n_stations": "36", "n_certified": "36", "registered": "26018", "voters": "9783", "valid": "9331", "blank": "131", "spoilt": "321", "turnout_stations": "35", "turnout_registered": "26018", "turnout_voters": "9475", "saied": "8894", "saied_share_pct": "95.3167", "saied_margin_pp": "92.1552", "zammel": "295", "zammel_share_pct": "3.1615", "zammel_margin_pp": "-92.1552", "maghzaoui": "142", "maghzaoui_share_pct": "1.5218", "maghzaoui_margin_pp": "-93.7949", "candidate_sum": "9331", "winner": "saied", "runner_up": "zammel", "margin_pp": "92.1552", "turnout_pct": "36.4171", "turnout_coverage_pct": "97.2222"}, "geometry": {"type": "MultiPolygon", "coordinates": [[[[9.38486, 36.7417], [9.3759, 36.74678], [9.3674, 36.72494], [9.34172, 36.70778], [9.34866, 36.69453], [9.33047, 36.68141], [9.32315, 36.66663], [9.32955, 36.65511], [9.32281, 36.63905], [9.30644, 36.63552], [9.29807, 36.61729], [9.28979, 36.62771], [9.27614, 36.61886], [9.26582, 36.62539], [9.25028, 36.59421], [9.23215, 36.58147], [9.23643, 36.56405], [9.24905, 36.5567], [9.26043, 36.56465], [9.29041, 36.563], [9.3038, 36.54087], [9.33707, 36.53631], [9.32576, 36.5053], [9.33417, 36.49164], [9.34781, 36.4877], [9.34973, 36.47464], [9.34155, 36.46469], [9.36133, 36.43922], [9.39408, 36.44364], [9.43027, 36.46239], [9.45608, 36.45909], [9.46314, 36.44961], [9.5114, 36.46391], [9.53745, 36.4495], [9.55161, 36.48351], [9.52594, 36.50017], [9.5533, 36.5191], [9.55693, 36.53802], [9.56817, 36.53486], [9.59263, 36.54187], [9.62302, 36.56558], [9.62794, 36.57675], [9.57439, 36.59022], [9.57286, 36.59854], [9.54823, 36.61053], [9.5435, 36.63537], [9.5308, 36.65579], [9.50535, 36.66027], [9.48145, 36.73227], [9.47136, 36.7258], [9.41945, 36.73319], [9.401, 36.72333], [9.38486, 36.7417]]]]}}, {"type": "Feature", "properties": {"adm3_pcode": "TN2158", "name": "Goubellat", "name_ar": "قبلاط", "id_delegation": "2158", "delegation_name": "Goubellat", "delegation_name_ar": "قبلاط", "governorate_name": "Béja", "governorate_name_ar": "باجة", "region_name": "North West", "lat": "36.52830567", "lon": "9.68761683", "area_sqkm": "415.57994341", "n_stations": "17", "n_certified": "17", "registered": "13097", "voters": "3150", "valid": "2969", "blank": "59", "spoilt": "122", "turnout_stations": "17", "turnout_registered": "13097", "turnout_voters": "3150", "saied": "2889", "saied_share_pct": "97.3055", "saied_margin_pp": "95.6551", "zammel": "49", "zammel_share_pct": "1.6504", "zammel_margin_pp": "-95.6551", "maghzaoui": "31", "maghzaoui_share_pct": "1.0441", "maghzaoui_margin_pp": "-96.2614", "candidate_sum": "2969", "winner": "saied", "runner_up": "zammel", "margin_pp": "95.6551", "turnout_pct": "24.0513", "turnout_coverage_pct": "100.0000"}, "geometry": {"type": "MultiPolygon", "coordinates": [[[[9.6989, 36.63856], [9.68921, 36.64666], [9.68094, 36.63645], [9.67119, 36.63799], [9.67163, 36.62653], [9.65315, 36.61319], [9.66449, 36.60164], [9.64036, 36.58902], [9.60462, 36.54851], [9.56817, 36.53486], [9.55693, 36.53802], [9.5533, 36.5191], [9.52594, 36.50017], [9.55161, 36.48351], [9.53776, 36.44334], [9.56372, 36.4376], [9.5694, 36.42595], [9.62266, 36.42612], [9.62211, 36.42196], [9.62804, 36.42596], [9.65248, 36.41086], [9.65564, 36.42733], [9.68229, 36.44094], [9.69812, 36.44601], [9.7113, 36.44032], [9.73934, 36.45042], [9.73566, 36.46165], [9.73993, 36.46576], [9.73293, 36.46962], [9.7517, 36.47781], [9.75937, 36.48885], [9.7757, 36.48741], [9.7879, 36.50299], [9.8195, 36.5218], [9.8209, 36.56098], [9.86395, 36.57498], [9.86052, 36.59423], [9.8485, 36.60876], [9.81748, 36.60775], [9.80876, 36.62377], [9.81059, 36.64092], [9.75815, 36.61235], [9.6989, 36.63856]]]]}}, {"type": "Feature", "properties": {"adm3_pcode": "TN2159", "name": "Mejez El Bab", "name_ar": "مجاز الباب", "id_delegation": "2159", "delegation_name": "Mejez El Bab", "delegation_name_ar": "مجاز الباب", "governorate_name": "Béja", "governorate_name_ar": "باجة", "region_name": "North West", "lat": "36.7089281", "lon": "9.63854093", "area_sqkm": "460.07015205", "n_stations": "39", "n_certified": "39", "registered": "34761", "voters": "11196", "valid": "10724", "blank": "144", "spoilt": "328", "turnout_stations": "39", "turnout_registered": "34761", "turnout_voters": "11196", "saied": "10103", "saied_share_pct": "94.2093", "saied_margin_pp": "89.6960", "zammel": "484", "zammel_share_pct": "4.5132", "zammel_margin_pp": "-89.6960", "maghzaoui": "137", "maghzaoui_share_pct": "1.2775", "maghzaoui_margin_pp": "-92.9317", "candidate_sum": "10724", "winner": "saied", "runner_up": "zammel", "margin_pp": "89.6960", "turnout_pct": "32.2085", "turnout_coverage_pct": "100.0000"}, "geometry": {"type": "MultiPolygon", "coordinates": [[[[9.56582, 36.84114], [9.52903, 36.81866], [9.51697, 36.80092], [9.5164, 36.78724], [9.44866, 36.75943], [9.42737, 36.73292], [9.47136, 36.7258], [9.48145, 36.73227], [9.50535, 36.66027], [9.5308, 36.65579], [9.5435, 36.63537], [9.54823, 36.61053], [9.57286, 36.59854], [9.57439, 36.59022], [9.62794, 36.57675], [9.66449, 36.60164], [9.65315, 36.61319], [9.67163, 36.62653], [9.67119, 36.63799], [9.68094, 36.63645], [9.68898, 36.64663], [9.68946, 36.64149], [9.70281, 36.64069], [9.75786, 36.61237], [9.80529, 36.63828], [9.79673, 36.63511], [9.78386, 36.64777], [9.79924, 36.66045], [9.77884, 36.67708], [9.77719, 36.69431], [9.78797, 36.71005], [9.76852, 36.72161], [9.77488, 36.72953], [9.76266, 36.73064], [9.74179, 36.71212], [9.73649, 36.7148], [9.73806, 36.72263], [9.71267, 36.73389], [9.70854, 36.74362], [9.61354, 36.76926], [9.60925, 36.7852], [9.58558, 36.80739], [9.56582, 36.84114]]]]}}, {"type": "Feature", "properties": {"adm3_pcode": "TN2251", "name": "Jendouba Sud", "name_ar": "جندوبة", "id_delegation": "2251", "delegation_name": "Jendouba Sud", "delegation_name_ar": "جندوبة", "governorate_name": "Jendouba", "governorate_name_ar": "جندوبة", "region_name": "North West", "lat": "36.48449651", "lon": "8.83024459", "area_sqkm": "254.29033679", "n_stations": "65", "n_certified": "65", "registered": "52595", "voters": "17098", "valid": "17448", "blank": "227", "spoilt": "571", "turnout_stations": "53", "turnout_registered": "51389", "turnout_voters": "14458", "saied": "16369", "saied_share_pct": "93.8159", "saied_margin_pp": "89.3398", "zammel": "781", "zammel_share_pct": "4.4762", "zammel_margin_pp": "-89.3398", "maghzaoui": "298", "maghzaoui_share_pct": "1.7079", "maghzaoui_margin_pp": "-92.1080", "candidate_sum": "17448", "winner": "saied", "runner_up": "zammel", "margin_pp": "89.3398", "turnout_pct": "28.1344", "turnout_coverage_pct": "81.5385"}, "geometry": {"type": "MultiPolygon", "coordinates": [[[[8.89387, 36.57359], [8.87596, 36.57611], [8.86844, 36.57229], [8.86813, 36.56417], [8.85763, 36.56606], [8.8549, 36.5595], [8.86673, 36.56041], [8.86798, 36.55329], [8.84217, 36.55457], [8.84972, 36.54973], [8.84513, 36.53423], [8.83496, 36.53576], [8.82812, 36.52871], [8.81882, 36.53987], [8.81661, 36.52616], [8.80521, 36.52684], [8.81061, 36.53189], [8.80724, 36.53813], [8.80122, 36.5361], [8.80603, 36.53162], [8.80008, 36.52652], [8.78751, 36.5309], [8.77855, 36.50557], [8.7711, 36.51174], [8.7665, 36.49921], [8.74584, 36.49773], [8.75668, 36.49134], [8.75173, 36.48582], [8.74627, 36.49049], [8.74783, 36.48584], [8.73855, 36.48698], [8.74659, 36.48313], [8.74668, 36.47393], [8.74099, 36.48127], [8.73127, 36.48153], [8.73888, 36.4702], [8.72945, 36.47626], [8.72125, 36.47251], [8.73036, 36.47251], [8.73181, 36.46165], [8.7141, 36.46858], [8.71768, 36.45858], [8.71056, 36.45326], [8.70471, 36.46026], [8.68559, 36.45594], [8.68315, 36.46351], [8.678, 36.45537], [8.67308, 36.46447], [8.66758, 36.45858], [8.6597, 36.46684], [8.65939, 36.45565], [8.69141, 36.44263], [8.66161, 36.41921], [8.69377, 36.40838], [8.71591, 36.39325], [8.74958, 36.40475], [8.75458, 36.39677], [8.76955, 36.3927], [8.81573, 36.40065], [8.84696, 36.41766], [8.86974, 36.414], [8.9007, 36.42566], [8.9206, 36.45054], [8.94052, 36.45166], [8.9294, 36.46076], [8.92737, 36.47727], [8.91836, 36.483], [8.92269, 36.4861], [8.90151, 36.49939], [8.89164, 36.53269], [8.90345, 36.53498], [8.8918, 36.54684], [8.89872, 36.54884], [8.8918, 36.55157], [8.89691, 36.55599], [8.89387, 36.57359]]]]}}, {"type": "Feature", "properties": {"adm3_pcode": "TN2252", "name": "Jendouba Nord", "name_ar": "جندوبة الشمالية", "id_delegation": "2252", "delegation_name": "Jendouba Nord", "delegation_name_ar": "جندوبة الشمالية", "governorate_name": "Jendouba", "governorate_name_ar": "جندوبة", "region_name": "North West", "lat": "36.53415211", "lon": "8.67366659", "area_sqkm": "289.44910725", "n_stations": "39", "n_certified": "38", "registered": "31233", "voters": "9567", "valid": "9742", "blank": "105", "spoilt": "335", "turnout_stations": "32", "turnout_registered": "30467", "turnout_voters": "8445", "saied": "9440", "saied_share_pct": "96.9000", "saied_margin_pp": "94.7855", "zammel": "206", "zammel_share_pct": "2.1146", "zammel_margin_pp": "-94.7855", "maghzaoui": "96", "maghzaoui_share_pct": "0.9854", "maghzaoui_margin_pp": "-95.9146", "candidate_sum": "9742", "winner": "saied", "runner_up": "zammel", "margin_pp": "94.7855", "turnout_pct": "27.7185", "turnout_coverage_pct": "82.0513"}, "geometry": {"type": "MultiPolygon", "coordinates": [[[[8.83159, 36.61445], [8.80811, 36.60782], [8.80757, 36.59759], [8.79536, 36.59392], [8.80527, 36.58261], [8.77653, 36.5723], [8.73244, 36.57107], [8.72453, 36.55819], [8.71805, 36.59859], [8.71369, 36.59346], [8.69642, 36.59375], [8.69341, 36.58692], [8.64832, 36.58954], [8.63166, 36.57598], [8.62014, 36.58253], [8.6064, 36.60479], [8.57279, 36.60363], [8.5626, 36.59288], [8.56161, 36.60521], [8.55109, 36.61059], [8.53483, 36.60574], [8.53002, 36.59843], [8.53326, 36.58902], [8.52123, 36.57615], [8.53117, 36.56967], [8.52679, 36.56617], [8.53305, 36.55923], [8.54474, 36.55451], [8.54387, 36.53454], [8.55765, 36.52822], [8.55526, 36.49729], [8.58459, 36.4831], [8.62119, 36.51673], [8.64058, 36.51869], [8.65455, 36.51114], [8.64697, 36.50245], [8.66723, 36.47878], [8.66708, 36.45883], [8.67244, 36.46464], [8.67319, 36.45651], [8.68042, 36.45558], [8.68538, 36.46326], [8.68542, 36.45601], [8.70471, 36.46026], [8.70992, 36.45314], [8.71768, 36.45858], [8.71383, 36.46853], [8.72912, 36.46083], [8.73291, 36.46892], [8.72143, 36.4727], [8.72945, 36.47626], [8.73888, 36.4702], [8.73066, 36.48131], [8.74099, 36.48127], [8.74668, 36.47393], [8.74659, 36.48313], [8.73855, 36.48698], [8.74783, 36.48584], [8.74627, 36.49049], [8.75173, 36.48582], [8.75668, 36.49134], [8.74623, 36.49811], [8.7665, 36.49921], [8.7711, 36.51174], [8.77906, 36.50604], [8.78751, 36.5309], [8.80008, 36.52652], [8.80603, 36.53162], [8.80122, 36.5361], [8.80724, 36.53813], [8.81061, 36.53189], [8.80521, 36.52684], [8.81661, 36.52616], [8.81882, 36.53987], [8.82936, 36.52879], [8.83496, 36.53576], [8.84594, 36.53466], [8.84905, 36.54459], [8.84463, 36.54613], [8.84972, 36.54973], [8.84071, 36.55105], [8.84257, 36.55482], [8.86903, 36.55417], [8.86673, 36.56041], [8.85474, 36.56173], [8.861, 36.56758], [8.86859, 36.56443], [8.87379, 36.5738], [8.85967, 36.58787], [8.84705, 36.59016], [8.83884, 36.61311], [8.83159, 36.61445]]]]}}, {"type": "Feature", "properties": {"adm3_pcode": "TN2253", "name": "Bousalem", "name_ar": "بوسالم", "id_delegation": "2253", "delegation_name": "Bousalem", "delegation_name_ar": "بوسالم", "governorate_name": "Jendouba", "governorate_name_ar": "جندوبة", "region_name": "North West", "lat": "36.55837835", "lon": "8.9843135", "area_sqkm": "296.5558523", "n_stations": "35", "n_certified": "35", "registered": "34911", "voters": "10372", "valid": "9881", "blank": "108", "spoilt": "383", "turnout_stations": "34", "turnout_registered": "34911", "turnout_voters": "10171", "saied": "9391", "saied_share_pct": "95.0410", "saied_margin_pp": "91.1750", "zammel": "382", "zammel_share_pct": "3.8660", "zammel_margin_pp": "-91.1750", "maghzaoui": "108", "maghzaoui_share_pct": "1.0930", "maghzaoui_margin_pp": "-93.9480", "candidate_sum": "9881", "winner": "saied", "runner_up": "zammel", "margin_pp": "91.1750", "turnout_pct": "29.1341", "turnout_coverage_pct": "97.1429"}, "geometry": {"type": "MultiPolygon", "coordinates": [[[[9.01822, 36.66231], [9.01105, 36.66113], [9.00591, 36.64769], [9.00499, 36.62608], [8.97646, 36.612], [8.96097, 36.61083], [8.95791, 36.61817], [8.92314, 36.61443], [8.92793, 36.6212], [8.92138, 36.62735], [8.93287, 36.63278], [8.91614, 36.63948], [8.92206, 36.64579], [8.91638, 36.64736], [8.83594, 36.61688], [8.84295, 36.61475], [8.83776, 36.6107], [8.84705, 36.59016], [8.85967, 36.58787], [8.87185, 36.57411], [8.89375, 36.57646], [8.89796, 36.56979], [8.8918, 36.55157], [8.89864, 36.54845], [8.8918, 36.54684], [8.90345, 36.53498], [8.89225, 36.53394], [8.89243, 36.52579], [8.89839, 36.5218], [8.90537, 36.49295], [8.92288, 36.48582], [8.91836, 36.483], [8.92715, 36.47768], [8.93364, 36.45397], [9.01822, 36.46417], [9.04006, 36.46143], [9.05201, 36.47848], [9.04079, 36.48809], [9.04958, 36.50147], [9.04001, 36.50503], [9.07428, 36.52793], [9.06779, 36.53774], [9.0768, 36.5508], [9.06781, 36.59021], [9.07585, 36.59819], [9.06139, 36.60612], [9.04172, 36.64148], [9.03112, 36.64373], [9.01822, 36.66231]]]]}}, {"type": "Feature", "properties": {"adm3_pcode": "TN2254", "name": "Tabarka", "name_ar": "طبرقة", "id_delegation": "2254", "delegation_name": "Tabarka", "delegation_name_ar": "طبرقة", "governorate_name": "Jendouba", "governorate_name_ar": "جندوبة", "region_name": "North West", "lat": "36.90686981", "lon": "8.82277942", "area_sqkm": "376.35373628", "n_stations": "47", "n_certified": "46", "registered": "35825", "voters": "12109", "valid": "11514", "blank": "144", "spoilt": "451", "turnout_stations": "40", "turnout_registered": "35762", "turnout_voters": "10452", "saied": "11028", "saied_share_pct": "95.7791", "saied_margin_pp": "92.8522", "zammel": "337", "zammel_share_pct": "2.9269", "zammel_margin_pp": "-92.8522", "maghzaoui": "149", "maghzaoui_share_pct": "1.2941", "maghzaoui_margin_pp": "-94.4850", "candidate_sum": "11514", "winner": "saied", "runner_up": "zammel", "margin_pp": "92.8522", "turnout_pct": "29.2266", "turnout_coverage_pct": "85.1064"}, "geometry": {"type": "MultiPolygon", "coordinates": [[[[8.9258, 36.97335], [8.92467, 36.98797], [8.8894, 37.01218], [8.83766, 36.97656], [8.78562, 36.95433], [8.76358, 36.95391], [8.75837, 36.95776], [8.76005, 36.9668], [8.75606, 36.95767], [8.7423, 36.96594], [8.71448, 36.96222], [8.71138, 36.96749], [8.6528, 36.94754], [8.64208, 36.94099], [8.64277, 36.92917], [8.65577, 36.91519], [8.65138, 36.91407], [8.67075, 36.91238], [8.6844, 36.90034], [8.69417, 36.905], [8.69248, 36.90028], [8.70725, 36.8979], [8.6908, 36.86097], [8.71881, 36.85389], [8.72529, 36.85818], [8.74929, 36.84116], [8.78644, 36.84602], [8.79726, 36.83882], [8.85219, 36.86794], [8.87437, 36.85538], [8.86985, 36.82545], [8.87504, 36.81504], [8.92131, 36.8018], [8.93598, 36.81534], [8.93221, 36.82603], [8.94191, 36.83837], [8.98825, 36.85117], [8.99415, 36.8589], [8.98932, 36.87521], [8.9995, 36.8757], [9.00099, 36.88581], [8.95395, 36.91783], [8.92761, 36.92367], [8.9328, 36.9443], [8.94383, 36.95037], [8.9258, 36.97335]]]]}}, {"type": "Feature", "properties": {"adm3_pcode": "TN2255", "name": "Aïn Draham", "name_ar": "عين دراهم", "id_delegation": "2255", "delegation_name": "Aïn Draham", "delegation_name_ar": "عين دراهم", "governorate_name": "Jendouba", "governorate_name_ar": "جندوبة", "region_name": "North West", "lat": "36.79361203", "lon": "8.77474646", "area_sqkm": "489.29784102", "n_stations": "41", "n_certified": "41", "registered": "28299", "voters": "9131", "valid": "8821", "blank": "101", "spoilt": "434", "turnout_stations": "39", "turnout_registered": "28299", "turnout_voters": "8999", "saied": "8465", "saied_share_pct": "95.9642", "saied_margin_pp": "93.5268", "zammel": "215", "zammel_share_pct": "2.4374", "zammel_margin_pp": "-93.5268", "maghzaoui": "141", "maghzaoui_share_pct": "1.5985", "maghzaoui_margin_pp": "-94.3657", "candidate_sum": "8821", "winner": "saied", "runner_up": "zammel", "margin_pp": "93.5268", "turnout_pct": "31.7997", "turnout_coverage_pct": "95.1220"}, "geometry": {"type": "MultiPolygon", "coordinates": [[[[8.65909, 36.91433], [8.64604, 36.91339], [8.63148, 36.89731], [8.62512, 36.8545], [8.65573, 36.84917], [8.66254, 36.85299], [8.68133, 36.83914], [8.6722, 36.81946], [8.61196, 36.79063], [8.59913, 36.79784], [8.57239, 36.77269], [8.55494, 36.77756], [8.53287, 36.77373], [8.52576, 36.78128], [8.48056, 36.77913], [8.47578, 36.77286], [8.42946, 36.75887], [8.43042, 36.74933], [8.44488, 36.74605], [8.45915, 36.75137], [8.46831, 36.7431], [8.46277, 36.7242], [8.48478, 36.69281], [8.49828, 36.70179], [8.5241, 36.69568], [8.56651, 36.70409], [8.60617, 36.74239], [8.6088, 36.73105], [8.60255, 36.72618], [8.61953, 36.71048], [8.61275, 36.70449], [8.61589, 36.69511], [8.6358, 36.67766], [8.65286, 36.67338], [8.6587, 36.70124], [8.67894, 36.71681], [8.68027, 36.73055], [8.69926, 36.72353], [8.73681, 36.74709], [8.74719, 36.72877], [8.77518, 36.7098], [8.84276, 36.72528], [8.86074, 36.72139], [8.87458, 36.74029], [8.86116, 36.73679], [8.89474, 36.76724], [8.89684, 36.7797], [8.9334, 36.78994], [8.92913, 36.80177], [8.87504, 36.81504], [8.86985, 36.82545], [8.87437, 36.85538], [8.85219, 36.86794], [8.80318, 36.83948], [8.78333, 36.84613], [8.74929, 36.84116], [8.72529, 36.85818], [8.71881, 36.85389], [8.6908, 36.86097], [8.70725, 36.8979], [8.69248, 36.90028], [8.69417, 36.905], [8.68383, 36.90052], [8.67239, 36.91158], [8.65909, 36.91433]]]]}}, {"type": "Feature", "properties": {"adm3_pcode": "TN2256", "name": "Fernana", "name_ar": "فرنانة", "id_delegation": "2256", "delegation_name": "Fernana", "delegation_name_ar": "فرنانة", "governorate_name": "Jendouba", "governorate_name_ar": "جندوبة", "region_name": "North West", "lat": "36.65266441", "lon": "8.62153808", "area_sqkm": "397.89110773", "n_stations": "49", "n_certified": "49", "registered": "37621", "voters": "10406", "valid": "10613", "blank": "133", "spoilt": "703", "turnout_stations": "43", "turnout_registered": "37621", "turnout_voters": "9752", "saied": "10364", "saied_share_pct": "97.6538", "saied_margin_pp": "96.1933", "zammel": "155", "zammel_share_pct": "1.4605", "zammel_margin_pp": "-96.1933", "maghzaoui": "94", "maghzaoui_share_pct": "0.8857", "maghzaoui_margin_pp": "-96.7681", "candidate_sum": "10613", "winner": "saied", "runner_up": "zammel", "margin_pp": "96.1933", "turnout_pct": "25.9217", "turnout_coverage_pct": "87.7551"}, "geometry": {"type": "MultiPolygon", "coordinates": [[[[8.73797, 36.74639], [8.72305, 36.74312], [8.69926, 36.72353], [8.67949, 36.72992], [8.67894, 36.71681], [8.6587, 36.70124], [8.65286, 36.67338], [8.6358, 36.67766], [8.61589, 36.69511], [8.61275, 36.70449], [8.61953, 36.71048], [8.60255, 36.72618], [8.6088, 36.73105], [8.60617, 36.74239], [8.56626, 36.70399], [8.5241, 36.69568], [8.49604, 36.70111], [8.48709, 36.69703], [8.48193, 36.68204], [8.46595, 36.6654], [8.4491, 36.6594], [8.45737, 36.65406], [8.44611, 36.61786], [8.47394, 36.61683], [8.48615, 36.60284], [8.50088, 36.6105], [8.51972, 36.59826], [8.51298, 36.59191], [8.52123, 36.57615], [8.53326, 36.58902], [8.53002, 36.59843], [8.53483, 36.60574], [8.55375, 36.61069], [8.56173, 36.605], [8.5626, 36.59288], [8.57279, 36.60363], [8.6064, 36.60479], [8.62014, 36.58253], [8.63166, 36.57598], [8.64832, 36.58954], [8.69341, 36.58692], [8.69642, 36.59375], [8.71369, 36.59346], [8.71805, 36.59859], [8.72453, 36.55819], [8.73244, 36.57107], [8.77653, 36.5723], [8.80527, 36.58261], [8.79536, 36.59392], [8.80757, 36.59759], [8.80044, 36.60339], [8.80223, 36.61989], [8.78729, 36.62921], [8.7737, 36.64886], [8.78975, 36.65121], [8.79057, 36.6643], [8.79663, 36.66521], [8.78883, 36.67115], [8.79016, 36.67797], [8.80393, 36.68045], [8.80198, 36.69454], [8.82347, 36.69713], [8.81822, 36.70662], [8.82327, 36.71505], [8.77518, 36.7098], [8.74719, 36.72877], [8.73797, 36.74639]]]]}}, {"type": "Feature", "properties": {"adm3_pcode": "TN2257", "name": "Ghardimaou", "name_ar": "غار الدماء", "id_delegation": "2257", "delegation_name": "Ghardimaou", "delegation_name_ar": "غار الدماء", "governorate_name": "Jendouba", "governorate_name_ar": "جندوبة", "region_name": "North West", "lat": "36.48459855", "lon": "8.33952213", "area_sqkm": "518.53997332", "n_stations": "62", "n_certified": "62", "registered": "48356", "voters": "13440", "valid": "13114", "blank": "160", "spoilt": "486", "turnout_stations": "54", "turnout_registered": "46939", "turnout_voters": "11935", "saied": "12639", "saied_share_pct": "96.3779", "saied_margin_pp": "93.6861", "zammel": "353", "zammel_share_pct": "2.6918", "zammel_margin_pp": "-93.6861", "maghzaoui": "122", "maghzaoui_share_pct": "0.9303", "maghzaoui_margin_pp": "-95.4476", "candidate_sum": "13114", "winner": "saied", "runner_up": "zammel", "margin_pp": "93.6861", "turnout_pct": "25.4266", "turnout_coverage_pct": "87.0968"}, "geometry": {"type": "MultiPolygon", "coordinates": [[[[8.42069, 36.61911], [8.40159, 36.61523], [8.39158, 36.59522], [8.36568, 36.591], [8.32195, 36.56747], [8.31837, 36.55722], [8.28952, 36.53994], [8.25545, 36.53709], [8.23186, 36.5206], [8.19635, 36.50734], [8.17554, 36.51263], [8.16978, 36.50172], [8.14898, 36.49415], [8.15692, 36.48956], [8.1548, 36.47783], [8.16996, 36.45957], [8.19159, 36.45958], [8.21211, 36.44523], [8.24901, 36.44568], [8.26131, 36.43731], [8.28068, 36.44532], [8.29836, 36.44346], [8.31695, 36.42714], [8.34599, 36.43652], [8.35243, 36.44477], [8.37207, 36.4285], [8.40445, 36.4224], [8.41159, 36.41242], [8.38668, 36.38565], [8.39201, 36.36585], [8.37693, 36.34962], [8.44971, 36.34803], [8.46351, 36.36697], [8.48158, 36.37575], [8.51742, 36.38011], [8.54464, 36.39852], [8.52412, 36.39672], [8.4884, 36.41023], [8.49642, 36.4224], [8.48775, 36.43533], [8.48939, 36.46549], [8.50535, 36.46651], [8.50855, 36.47646], [8.523, 36.4679], [8.52181, 36.48758], [8.50972, 36.49136], [8.47891, 36.52157], [8.48775, 36.53574], [8.50273, 36.53607], [8.49921, 36.54917], [8.5062, 36.56762], [8.52123, 36.57615], [8.51298, 36.59191], [8.51972, 36.59826], [8.50081, 36.61054], [8.48501, 36.60304], [8.47124, 36.6176], [8.42069, 36.61911]]]]}}, {"type": "Feature", "properties": {"adm3_pcode": "TN2258", "name": "Oued Mliz", "name_ar": "وادي مليز", "id_delegation": "2258", "delegation_name": "Oued Mliz", "delegation_name_ar": "وادي مليز", "governorate_name": "Jendouba", "governorate_name_ar": "جندوبة", "region_name": "North West", "lat": "36.48525515", "lon": "8.62310544", "area_sqkm": "198.35942495", "n_stations": "18", "n_certified": "18", "registered": "14017", "voters": "4278", "valid": "4423", "blank": "55", "spoilt": "132", "turnout_stations": "16", "turnout_registered": "13175", "turnout_voters": "3913", "saied": "4316", "saied_share_pct": "97.5808", "saied_margin_pp": "95.9982", "zammel": "70", "zammel_share_pct": "1.5826", "zammel_margin_pp": "-95.9982", "maghzaoui": "37", "maghzaoui_share_pct": "0.8365", "maghzaoui_margin_pp": "-96.7443", "candidate_sum": "4423", "winner": "saied", "runner_up": "zammel", "margin_pp": "95.9982", "turnout_pct": "29.7002", "turnout_coverage_pct": "88.8889"}, "geometry": {"type": "MultiPolygon", "coordinates": [[[[8.52152, 36.5761], [8.5062, 36.56762], [8.49921, 36.54917], [8.50273, 36.53607], [8.48775, 36.53574], [8.47891, 36.52157], [8.50972, 36.49136], [8.52065, 36.48911], [8.52335, 36.47132], [8.51743, 36.4683], [8.51714, 36.47504], [8.51244, 36.47055], [8.50855, 36.47646], [8.50535, 36.46651], [8.48939, 36.46549], [8.48774, 36.43498], [8.49642, 36.4224], [8.48809, 36.41044], [8.52412, 36.39672], [8.53994, 36.40081], [8.55274, 36.39501], [8.57116, 36.4047], [8.59916, 36.39436], [8.60664, 36.3957], [8.61128, 36.40662], [8.66161, 36.41921], [8.69106, 36.44157], [8.65939, 36.45565], [8.6596, 36.46674], [8.66567, 36.46432], [8.66924, 36.46986], [8.66723, 36.47878], [8.64743, 36.50086], [8.65455, 36.51114], [8.64058, 36.51869], [8.62119, 36.51673], [8.58459, 36.4831], [8.5533, 36.49881], [8.55765, 36.52822], [8.54387, 36.53454], [8.54474, 36.55451], [8.53305, 36.55923], [8.52679, 36.56617], [8.53117, 36.56967], [8.52152, 36.5761]]]]}}, {"type": "Feature", "properties": {"adm3_pcode": "TN2259", "name": "Balta Bou Aouane", "name_ar": "بلطة بوعوان", "id_delegation": "2259", "delegation_name": "Balta Bou Aouane", "delegation_name_ar": "بلطة بوعوان", "governorate_name": "Jendouba", "governorate_name_ar": "جندوبة", "region_name": "North West", "lat": "36.69214744", "lon": "8.91535547", "area_sqkm": "289.14350985", "n_stations": "33", "n_certified": "32", "registered": "23445", "voters": "7186", "valid": "6866", "blank": "100", "spoilt": "310", "turnout_stations": "29", "turnout_registered": "22499", "turnout_voters": "6465", "saied": "6654", "saied_share_pct": "96.9123", "saied_margin_pp": "95.0918", "zammel": "125", "zammel_share_pct": "1.8206", "zammel_margin_pp": "-95.0918", "maghzaoui": "87", "maghzaoui_share_pct": "1.2671", "maghzaoui_margin_pp": "-95.6452", "candidate_sum": "6866", "winner": "saied", "runner_up": "zammel", "margin_pp": "95.0918", "turnout_pct": "28.7346", "turnout_coverage_pct": "87.8788"}, "geometry": {"type": "MultiPolygon", "coordinates": [[[[8.91776, 36.78588], [8.89684, 36.7797], [8.89474, 36.76724], [8.86116, 36.73679], [8.87449, 36.74062], [8.86688, 36.72393], [8.82287, 36.71921], [8.81822, 36.70662], [8.82347, 36.69713], [8.80198, 36.69454], [8.80393, 36.68045], [8.79016, 36.67797], [8.78883, 36.67115], [8.79663, 36.66521], [8.79057, 36.6643], [8.78975, 36.65121], [8.7737, 36.64886], [8.78729, 36.62921], [8.80223, 36.61989], [8.80044, 36.60339], [8.80757, 36.59759], [8.80811, 36.60782], [8.83154, 36.61517], [8.84058, 36.61192], [8.83717, 36.61818], [8.91494, 36.64737], [8.92206, 36.64579], [8.91614, 36.63948], [8.93287, 36.63278], [8.92138, 36.62735], [8.92793, 36.6212], [8.92392, 36.61411], [8.95791, 36.61817], [8.96097, 36.61083], [8.97646, 36.612], [9.00499, 36.62608], [9.01094, 36.66098], [9.02622, 36.67189], [9.02716, 36.68413], [9.03253, 36.68397], [9.02729, 36.70635], [9.0368, 36.72507], [9.0307, 36.7299], [9.02876, 36.75028], [8.99566, 36.76578], [8.94974, 36.76434], [8.93621, 36.77564], [8.9197, 36.77284], [8.91776, 36.78588]]]]}}, {"type": "Feature", "properties": {"adm3_pcode": "TN2351", "name": "Kef Ouest", "name_ar": "الكاف الغربية", "id_delegation": "2351", "delegation_name": "Kef Ouest", "delegation_name_ar": "الكاف الغربية", "governorate_name": "Le Kef", "governorate_name_ar": "الكاف", "region_name": "North West", "lat": "36.15363991", "lon": "8.60819629", "area_sqkm": "210.70937888", "n_stations": "27", "n_certified": "27", "registered": "22135", "voters": "8462", "valid": "8454", "blank": "83", "spoilt": "284", "turnout_stations": "23", "turnout_registered": "22135", "turnout_voters": "7249", "saied": "8044", "saied_share_pct": "95.1502", "saied_margin_pp": "91.5425", "zammel": "305", "zammel_share_pct": "3.6078", "zammel_margin_pp": "-91.5425", "maghzaoui": "105", "maghzaoui_share_pct": "1.2420", "maghzaoui_margin_pp": "-93.9082", "candidate_sum": "8454", "winner": "saied", "runner_up": "zammel", "margin_pp": "91.5425", "turnout_pct": "32.7490", "turnout_coverage_pct": "85.1852"}, "geometry": {"type": "MultiPolygon", "coordinates": [[[[8.63898, 36.23735], [8.62482, 36.23427], [8.62835, 36.2288], [8.61767, 36.21963], [8.62598, 36.21459], [8.62054, 36.20355], [8.61177, 36.20419], [8.61322, 36.2139], [8.59979, 36.21621], [8.60368, 36.20291], [8.5925, 36.18939], [8.562, 36.18275], [8.55845, 36.16958], [8.54111, 36.17504], [8.54597, 36.16824], [8.53693, 36.1602], [8.53089, 36.15902], [8.52602, 36.1666], [8.51558, 36.16227], [8.52314, 36.14653], [8.51645, 36.14175], [8.51803, 36.13487], [8.52465, 36.13111], [8.49986, 36.12943], [8.50841, 36.12472], [8.49986, 36.11697], [8.50518, 36.1093], [8.54422, 36.10476], [8.54906, 36.09513], [8.55982, 36.09677], [8.56991, 36.08631], [8.58992, 36.09619], [8.59337, 36.09277], [8.60904, 36.10559], [8.66867, 36.0992], [8.69204, 36.0847], [8.69227, 36.07173], [8.70037, 36.06949], [8.73603, 36.08531], [8.72549, 36.09415], [8.69767, 36.15663], [8.71777, 36.15987], [8.70107, 36.16692], [8.70102, 36.17642], [8.69008, 36.17605], [8.69881, 36.1855], [8.71204, 36.18811], [8.72522, 36.20797], [8.68783, 36.21151], [8.63898, 36.23735]]]]}}, {"type": "Feature", "properties": {"adm3_pcode": "TN2352", "name": "Kef Est", "name_ar": "الكاف الشرقية", "id_delegation": "2352", "delegation_name": "Kef Est", "delegation_name_ar": "الكاف الشرقية", "governorate_name": "Le Kef", "governorate_name_ar": "الكاف", "region_name": "North West", "lat": "36.18385246", "lon": "8.86582506", "area_sqkm": "395.47236262", "n_stations": "39", "n_certified": "39", "registered": "34924", "voters": "10478", "valid": "10359", "blank": "152", "spoilt": "360", "turnout_stations": "37", "turnout_registered": "34888", "turnout_voters": "10360", "saied": "9711", "saied_share_pct": "93.7446", "saied_margin_pp": "88.9951", "zammel": "492", "zammel_share_pct": "4.7495", "zammel_margin_pp": "-88.9951", "maghzaoui": "156", "maghzaoui_share_pct": "1.5059", "maghzaoui_margin_pp": "-92.2386", "candidate_sum": "10359", "winner": "saied", "runner_up": "zammel", "margin_pp": "88.9951", "turnout_pct": "29.6950", "turnout_coverage_pct": "94.8718"}, "geometry": {"type": "MultiPolygon", "coordinates": [[[[8.97357, 36.28078], [8.93138, 36.25243], [8.89312, 36.2421], [8.85152, 36.2182], [8.82551, 36.25234], [8.80408, 36.26809], [8.79907, 36.24555], [8.78188, 36.22615], [8.76879, 36.22858], [8.72522, 36.20797], [8.71204, 36.18811], [8.69881, 36.1855], [8.69008, 36.17605], [8.70102, 36.17642], [8.70107, 36.16692], [8.71777, 36.15987], [8.69767, 36.15663], [8.72812, 36.09043], [8.73603, 36.08531], [8.74588, 36.09741], [8.76805, 36.09808], [8.77202, 36.10712], [8.76772, 36.11695], [8.79128, 36.10459], [8.82138, 36.11235], [8.83645, 36.10889], [8.89301, 36.15215], [8.90539, 36.12115], [8.9447, 36.09728], [8.98254, 36.1246], [9.01373, 36.17052], [9.05609, 36.20269], [9.0342, 36.21664], [9.04876, 36.23294], [9.02955, 36.24149], [9.00001, 36.23989], [8.97357, 36.28078]]]]}}, {"type": "Feature", "properties": {"adm3_pcode": "TN2353", "name": "Nebeur", "name_ar": "نبر", "id_delegation": "2353", "delegation_name": "Nebeur", "delegation_name_ar": "نبر", "governorate_name": "Le Kef", "governorate_name_ar": "الكاف", "region_name": "North West", "lat": "36.3293719", "lon": "8.7421409", "area_sqkm": "719.41569011", "n_stations": "33", "n_certified": "33", "registered": "20231", "voters": "7216", "valid": "6764", "blank": "110", "spoilt": "342", "turnout_stations": "32", "turnout_registered": "20231", "turnout_voters": "7145", "saied": "6589", "saied_share_pct": "97.4128", "saied_margin_pp": "95.6978", "zammel": "116", "zammel_share_pct": "1.7150", "zammel_margin_pp": "-95.6978", "maghzaoui": "59", "maghzaoui_share_pct": "0.8723", "maghzaoui_margin_pp": "-96.5405", "candidate_sum": "6764", "winner": "saied", "runner_up": "zammel", "margin_pp": "95.6978", "turnout_pct": "35.3171", "turnout_coverage_pct": "96.9697"}, "geometry": {"type": "MultiPolygon", "coordinates": [[[[8.93555, 36.45114], [8.91708, 36.44856], [8.9007, 36.42566], [8.86974, 36.414], [8.84696, 36.41766], [8.81573, 36.40065], [8.76955, 36.3927], [8.75458, 36.39677], [8.74958, 36.40475], [8.71591, 36.39325], [8.69377, 36.40838], [8.66161, 36.41921], [8.61128, 36.40662], [8.60664, 36.3957], [8.59916, 36.39436], [8.58243, 36.40385], [8.56642, 36.4045], [8.51778, 36.38295], [8.51756, 36.37082], [8.54061, 36.35387], [8.52258, 36.31823], [8.55746, 36.29879], [8.56216, 36.28736], [8.60232, 36.25219], [8.61555, 36.25145], [8.62426, 36.24411], [8.62482, 36.23427], [8.65016, 36.23474], [8.68783, 36.21151], [8.73132, 36.20673], [8.76842, 36.22846], [8.78159, 36.226], [8.79581, 36.23942], [8.80408, 36.26809], [8.82551, 36.25234], [8.85152, 36.2182], [8.89312, 36.2421], [8.93138, 36.25243], [8.97337, 36.28248], [8.95544, 36.29538], [8.96222, 36.30372], [8.9514, 36.30365], [8.94385, 36.31394], [8.95302, 36.31537], [8.94662, 36.32002], [8.9616, 36.33104], [8.96012, 36.33681], [8.9667, 36.33285], [8.96454, 36.34051], [8.97716, 36.33662], [8.97398, 36.34184], [8.98184, 36.3393], [8.98053, 36.34576], [8.9875, 36.34786], [8.97276, 36.36479], [8.97777, 36.3766], [8.96671, 36.38433], [8.96128, 36.40371], [8.93115, 36.42262], [8.92483, 36.44102], [8.93555, 36.45114]]]]}}, {"type": "Feature", "properties": {"adm3_pcode": "TN2354", "name": "Sakiet Sidi Youssef", "name_ar": "ساقية سيدي يوسف", "id_delegation": "2354", "delegation_name": "Sakiet Sidi Youssef", "delegation_name_ar": "ساقية سيدي يوسف", "governorate_name": "Le Kef", "governorate_name_ar": "الكاف", "region_name": "North West", "lat": "36.1686435", "lon": "8.42624578", "area_sqkm": "730.72679573", "n_stations": "23", "n_certified": "23", "registered": "12915", "voters": "3875", "valid": "3665", "blank": "40", "spoilt": "170", "turnout_stations": "23", "turnout_registered": "12915", "turnout_voters": "3875", "saied": "3525", "saied_share_pct": "96.1801", "saied_margin_pp": "93.4789", "zammel": "99", "zammel_share_pct": "2.7012", "zammel_margin_pp": "-93.4789", "maghzaoui": "41", "maghzaoui_share_pct": "1.1187", "maghzaoui_margin_pp": "-95.0614", "candidate_sum": "3665", "winner": "saied", "runner_up": "zammel", "margin_pp": "93.4789", "turnout_pct": "30.0039", "turnout_coverage_pct": "100.0000"}, "geometry": {"type": "MultiPolygon", "coordinates": [[[[8.50694, 36.38075], [8.46351, 36.36697], [8.44971, 36.34803], [8.37578, 36.35006], [8.37477, 36.32172], [8.39051, 36.30403], [8.35349, 36.28494], [8.33712, 36.26527], [8.34886, 36.26222], [8.35374, 36.25377], [8.35486, 36.23289], [8.3295, 36.19144], [8.30649, 36.17259], [8.31, 36.15936], [8.3361, 36.13729], [8.34371, 36.10129], [8.32269, 36.08771], [8.29652, 36.03911], [8.30001, 36.01073], [8.29144, 35.95694], [8.30796, 35.96591], [8.31292, 35.96239], [8.32516, 35.97621], [8.33767, 35.96719], [8.36132, 35.97694], [8.38578, 35.97854], [8.39822, 35.98967], [8.40905, 35.98768], [8.41209, 35.99606], [8.44354, 36.00902], [8.45947, 36.03357], [8.47523, 36.04185], [8.47489, 36.04808], [8.46734, 36.0476], [8.46859, 36.05729], [8.48144, 36.06056], [8.46741, 36.06301], [8.47089, 36.07073], [8.46236, 36.07395], [8.4635, 36.08093], [8.48522, 36.08932], [8.47749, 36.09827], [8.48923, 36.10186], [8.48995, 36.11234], [8.5079, 36.12243], [8.49986, 36.12943], [8.52444, 36.1303], [8.51803, 36.13487], [8.51645, 36.14175], [8.52314, 36.14653], [8.51558, 36.16227], [8.52602, 36.1666], [8.53089, 36.15902], [8.53693, 36.1602], [8.54597, 36.16824], [8.54111, 36.17504], [8.55845, 36.16958], [8.562, 36.18275], [8.5925, 36.18939], [8.60368, 36.20291], [8.59979, 36.21621], [8.61322, 36.2139], [8.61271, 36.20354], [8.62573, 36.20869], [8.61764, 36.21901], [8.62835, 36.2288], [8.62426, 36.24411], [8.60232, 36.25219], [8.56216, 36.28736], [8.55746, 36.29879], [8.5229, 36.31761], [8.54043, 36.35545], [8.51756, 36.37082], [8.5171, 36.38014], [8.50694, 36.38075]]]]}}, {"type": "Feature", "properties": {"adm3_pcode": "TN2355", "name": "Tajerouine", "name_ar": "تاجروين", "id_delegation": "2355", "delegation_name": "Tajerouine", "delegation_name_ar": "تاجروين", "governorate_name": "Le Kef", "governorate_name_ar": "الكاف", "region_name": "North West", "lat": "35.96573229", "lon": "8.54661801", "area_sqkm": "722.28107243", "n_stations": "34", "n_certified": "34", "registered": "21350", "voters": "7296", "valid": "6899", "blank": "82", "spoilt": "314", "turnout_stations": "34", "turnout_registered": "21350", "turnout_voters": "7296", "saied": "6541", "saied_share_pct": "94.8108", "saied_margin_pp": "91.0132", "zammel": "262", "zammel_share_pct": "3.7977", "zammel_margin_pp": "-91.0132", "maghzaoui": "96", "maghzaoui_share_pct": "1.3915", "maghzaoui_margin_pp": "-93.4193", "candidate_sum": "6899", "winner": "saied", "runner_up": "zammel", "margin_pp": "91.0132", "turnout_pct": "34.1733", "turnout_coverage_pct": "100.0000"}, "geometry": {"type": "MultiPolygon", "coordinates": [[[[8.49954, 36.11508], [8.48995, 36.11234], [8.48923, 36.10186], [8.47749, 36.09827], [8.48328, 36.08735], [8.46224, 36.07867], [8.47089, 36.07073], [8.46741, 36.06301], [8.48142, 36.06082], [8.4671, 36.05496], [8.47478, 36.04129], [8.45947, 36.03357], [8.44354, 36.00902], [8.41209, 35.99606], [8.40905, 35.98768], [8.40006, 35.99063], [8.38921, 35.97989], [8.37787, 35.97849], [8.37431, 35.96259], [8.36403, 35.95397], [8.37023, 35.94203], [8.38588, 35.93476], [8.39292, 35.91432], [8.38665, 35.89957], [8.38947, 35.87584], [8.38134, 35.87229], [8.39698, 35.86185], [8.39728, 35.85315], [8.44993, 35.82937], [8.47509, 35.83213], [8.50323, 35.81824], [8.53873, 35.81652], [8.53719, 35.84099], [8.54281, 35.85232], [8.58007, 35.85203], [8.6041, 35.84409], [8.61392, 35.8599], [8.60168, 35.86662], [8.64335, 35.89045], [8.64701, 35.88365], [8.66901, 35.88694], [8.67392, 35.88243], [8.73015, 35.88941], [8.72578, 35.9021], [8.73738, 35.92258], [8.7346, 35.93551], [8.71493, 35.97205], [8.69652, 35.98383], [8.68627, 36.00734], [8.70106, 36.02039], [8.69597, 36.02367], [8.70018, 36.03852], [8.69218, 36.04931], [8.69302, 36.06832], [8.69811, 36.06987], [8.69227, 36.07173], [8.69204, 36.0847], [8.66928, 36.09906], [8.60904, 36.10559], [8.59337, 36.09277], [8.58992, 36.09619], [8.56991, 36.08631], [8.55982, 36.09677], [8.54906, 36.09513], [8.54422, 36.10476], [8.51203, 36.10601], [8.49954, 36.11508]]]]}}, {"type": "Feature", "properties": {"adm3_pcode": "TN2356", "name": "Kalaat Senan", "name_ar": "قلعة سنان", "id_delegation": "2356", "delegation_name": "Kalaat Senan", "delegation_name_ar": "قلعة سنان", "governorate_name": "Le Kef", "governorate_name_ar": "الكاف", "region_name": "North West", "lat": "35.79732089", "lon": "8.40778806", "area_sqkm": "515.50015128", "n_stations": "22", "n_certified": "22", "registered": "11261", "voters": "3547", "valid": "3384", "blank": "52", "spoilt": "111", "turnout_stations": "20", "turnout_registered": "11261", "turnout_voters": "3267", "saied": "3258", "saied_share_pct": "96.2766", "saied_margin_pp": "93.8830", "zammel": "81", "zammel_share_pct": "2.3936", "zammel_margin_pp": "-93.8830", "maghzaoui": "45", "maghzaoui_share_pct": "1.3298", "maghzaoui_margin_pp": "-94.9468", "candidate_sum": "3384", "winner": "saied", "runner_up": "zammel", "margin_pp": "93.8830", "turnout_pct": "29.0116", "turnout_coverage_pct": "90.9091"}, "geometry": {"type": "MultiPolygon", "coordinates": [[[[8.37756, 35.97662], [8.36132, 35.97694], [8.33767, 35.96719], [8.32516, 35.97621], [8.31292, 35.96239], [8.30796, 35.96591], [8.27013, 35.94593], [8.25739, 35.92846], [8.25293, 35.89719], [8.26828, 35.8909], [8.25289, 35.87062], [8.26928, 35.86337], [8.27297, 35.82345], [8.25991, 35.76653], [8.2647, 35.73056], [8.27938, 35.72331], [8.30839, 35.69162], [8.33475, 35.68433], [8.356, 35.67003], [8.36021, 35.64599], [8.35537, 35.61711], [8.38929, 35.61601], [8.38469, 35.64038], [8.40163, 35.64227], [8.41719, 35.66434], [8.44362, 35.67014], [8.43207, 35.67398], [8.41262, 35.70215], [8.43031, 35.6992], [8.43516, 35.70492], [8.41169, 35.73196], [8.4223, 35.73609], [8.43019, 35.74921], [8.42734, 35.7645], [8.48986, 35.74594], [8.51396, 35.74619], [8.54647, 35.75932], [8.56076, 35.78586], [8.53659, 35.81788], [8.50323, 35.81824], [8.47509, 35.83213], [8.44993, 35.82937], [8.39728, 35.85315], [8.39698, 35.86185], [8.38134, 35.87229], [8.38896, 35.87447], [8.38538, 35.87943], [8.39122, 35.88315], [8.38665, 35.89957], [8.39292, 35.91432], [8.38588, 35.93476], [8.36391, 35.94877], [8.37756, 35.97662]]]]}}, {"type": "Feature", "properties": {"adm3_pcode": "TN2357", "name": "Kalaa Khesba", "name_ar": "القلعة الخصباء", "id_delegation": "2357", "delegation_name": "Kalaa Khesba", "delegation_name_ar": "القلعة الخصباء", "governorate_name": "Le Kef", "governorate_name_ar": "الكاف", "region_name": "North West", "lat": "35.72742577", "lon": "8.51853062", "area_sqkm": "206.47911466", "n_stations": "8", "n_certified": "8", "registered": "5045", "voters": "1725", "valid": "1651", "blank": "21", "spoilt": "53", "turnout_stations": "8", "turnout_registered": "5045", "turnout_voters": "1725", "saied": "1573", "saied_share_pct": "95.2756", "saied_margin_pp": "92.1260", "zammel": "52", "zammel_share_pct": "3.1496", "zammel_margin_pp": "-92.1260", "maghzaoui": "26", "maghzaoui_share_pct": "1.5748", "maghzaoui_margin_pp": "-93.7008", "candidate_sum": "1651", "winner": "saied", "runner_up": "zammel", "margin_pp": "92.1260", "turnout_pct": "34.1923", "turnout_coverage_pct": "100.0000"}, "geometry": {"type": "MultiPolygon", "coordinates": [[[[8.53873, 35.81652], [8.56076, 35.78586], [8.54647, 35.75932], [8.51994, 35.74729], [8.493, 35.74537], [8.42734, 35.7645], [8.43019, 35.74921], [8.4223, 35.73609], [8.41169, 35.73196], [8.43516, 35.70492], [8.43031, 35.6992], [8.41262, 35.70215], [8.4369, 35.67151], [8.54365, 35.66728], [8.54821, 35.66556], [8.54346, 35.65727], [8.5688, 35.63758], [8.61536, 35.66043], [8.6179, 35.67558], [8.63031, 35.68566], [8.62267, 35.70198], [8.6267, 35.72436], [8.61906, 35.73049], [8.61695, 35.74911], [8.60314, 35.76382], [8.59062, 35.79701], [8.5546, 35.81635], [8.53873, 35.81652]]]]}}, {"type": "Feature", "properties": {"adm3_pcode": "TN2358", "name": "Jerissa", "name_ar": "الجريصة", "id_delegation": "2358", "delegation_name": "Jerissa", "delegation_name_ar": "الجريصة", "governorate_name": "Le Kef", "governorate_name_ar": "الكاف", "region_name": "North West", "lat": "35.81677081", "lon": "8.64351944", "area_sqkm": "176.37869524", "n_stations": "14", "n_certified": "14", "registered": "7894", "voters": "2847", "valid": "2642", "blank": "31", "spoilt": "174", "turnout_stations": "13", "turnout_registered": "7894", "turnout_voters": "2400", "saied": "2541", "saied_share_pct": "96.1771", "saied_margin_pp": "94.2468", "zammel": "50", "zammel_share_pct": "1.8925", "zammel_margin_pp": "-94.2846", "maghzaoui": "51", "maghzaoui_share_pct": "1.9304", "maghzaoui_margin_pp": "-94.2468", "candidate_sum": "2642", "winner": "saied", "runner_up": "maghzaoui", "margin_pp": "94.2468", "turnout_pct": "30.4028", "turnout_coverage_pct": "92.8571"}, "geometry": {"type": "MultiPolygon", "coordinates": [[[[8.64701, 35.88365], [8.64335, 35.89045], [8.60168, 35.86662], [8.61392, 35.8599], [8.6041, 35.84409], [8.58007, 35.85203], [8.54281, 35.85232], [8.53785, 35.84571], [8.53873, 35.81652], [8.5546, 35.81635], [8.59062, 35.79701], [8.60314, 35.76382], [8.62359, 35.74344], [8.63278, 35.7436], [8.63636, 35.755], [8.65023, 35.75063], [8.66649, 35.75943], [8.6673, 35.78778], [8.68465, 35.78338], [8.70056, 35.7909], [8.73011, 35.78864], [8.75448, 35.80753], [8.7202, 35.85932], [8.71913, 35.87371], [8.71198, 35.88125], [8.71655, 35.88666], [8.64701, 35.88365]]]]}}, {"type": "Feature", "properties": {"adm3_pcode": "TN2359", "name": "Ksour", "name_ar": "القصور", "id_delegation": "2359", "delegation_name": "Ksour", "delegation_name_ar": "القصور", "governorate_name": "Le Kef", "governorate_name_ar": "الكاف", "region_name": "North West", "lat": "35.83013578", "lon": "8.94159024", "area_sqkm": "450.40123114", "n_stations": "20", "n_certified": "20", "registered": "13156", "voters": "4018", "valid": "3775", "blank": "72", "spoilt": "171", "turnout_stations": "20", "turnout_registered": "13156", "turnout_voters": "4018", "saied": "3609", "saied_share_pct": "95.6026", "saied_margin_pp": "92.9536", "zammel": "100", "zammel_share_pct": "2.6490", "zammel_margin_pp": "-92.9536", "maghzaoui": "66", "maghzaoui_share_pct": "1.7483", "maghzaoui_margin_pp": "-93.8543", "candidate_sum": "3775", "winner": "saied", "runner_up": "zammel", "margin_pp": "92.9536", "turnout_pct": "30.5412", "turnout_coverage_pct": "100.0000"}, "geometry": {"type": "MultiPolygon", "coordinates": [[[[8.99666, 35.96801], [8.97996, 35.97519], [8.92952, 35.94362], [8.94518, 35.9279], [8.96537, 35.88207], [8.96057, 35.87742], [8.93644, 35.89974], [8.92975, 35.89747], [8.8952, 35.92124], [8.88946, 35.91676], [8.88253, 35.93763], [8.85843, 35.9424], [8.85151, 35.93001], [8.87759, 35.90544], [8.88283, 35.88576], [8.88979, 35.88565], [8.88477, 35.8669], [8.86421, 35.85714], [8.86773, 35.85009], [8.86267, 35.83557], [8.83806, 35.81299], [8.81236, 35.79967], [8.79753, 35.77614], [8.84606, 35.74191], [8.96547, 35.70548], [8.9941, 35.70834], [9.03327, 35.68803], [9.04181, 35.69075], [9.03438, 35.73019], [9.01765, 35.76245], [9.0384, 35.78403], [9.02726, 35.80576], [9.03983, 35.81719], [9.01845, 35.83668], [9.04213, 35.84131], [9.04971, 35.85305], [9.02552, 35.85273], [9.05483, 35.8972], [9.08183, 35.90944], [9.09871, 35.92574], [9.09822, 35.94588], [9.08553, 35.94352], [9.0704, 35.95568], [9.06887, 35.96684], [9.04048, 35.96107], [8.99666, 35.96801]]]]}}, {"type": "Feature", "properties": {"adm3_pcode": "TN2360", "name": "Dahmani", "name_ar": "الدهماني", "id_delegation": "2360", "delegation_name": "Dahmani", "delegation_name_ar": "الدهماني", "governorate_name": "Le Kef", "governorate_name_ar": "الكاف", "region_name": "North West", "lat": "35.93529065", "lon": "8.79479725", "area_sqkm": "550.38448582", "n_stations": "33", "n_certified": "33", "registered": "20692", "voters": "6546", "valid": "6213", "blank": "85", "spoilt": "248", "turnout_stations": "32", "turnout_registered": "20692", "turnout_voters": "6288", "saied": "5963", "saied_share_pct": "95.9762", "saied_margin_pp": "93.1273", "zammel": "177", "zammel_share_pct": "2.8489", "zammel_margin_pp": "-93.1273", "maghzaoui": "73", "maghzaoui_share_pct": "1.1750", "maghzaoui_margin_pp": "-94.8012", "candidate_sum": "6213", "winner": "saied", "runner_up": "zammel", "margin_pp": "93.1273", "turnout_pct": "30.3886", "turnout_coverage_pct": "96.9697"}, "geometry": {"type": "MultiPolygon", "coordinates": [[[[8.75693, 36.10014], [8.7179, 36.07494], [8.69302, 36.06832], [8.69218, 36.04931], [8.70018, 36.03852], [8.69604, 36.02312], [8.70106, 36.02039], [8.68627, 36.00734], [8.69652, 35.98383], [8.71493, 35.97205], [8.73738, 35.92258], [8.72588, 35.90281], [8.73015, 35.88941], [8.71198, 35.88125], [8.75448, 35.80753], [8.73011, 35.78864], [8.71185, 35.78727], [8.71413, 35.77226], [8.75857, 35.77446], [8.77094, 35.78398], [8.79753, 35.77614], [8.81236, 35.79967], [8.83806, 35.81299], [8.86267, 35.83557], [8.86773, 35.85009], [8.86421, 35.85714], [8.88358, 35.86489], [8.89005, 35.88451], [8.88283, 35.88576], [8.87759, 35.90544], [8.85151, 35.93001], [8.85843, 35.9424], [8.88253, 35.93763], [8.88946, 35.91676], [8.8952, 35.92124], [8.96498, 35.87941], [8.94518, 35.9279], [8.92951, 35.94358], [8.98398, 35.97707], [8.97133, 35.98962], [8.97214, 36.00722], [8.9455, 36.0298], [8.93569, 36.06707], [8.94269, 36.0705], [8.91766, 36.079], [8.87465, 36.04922], [8.85042, 36.06713], [8.83677, 36.04097], [8.80754, 36.03861], [8.77732, 36.09217], [8.75693, 36.10014]]]]}}, {"type": "Feature", "properties": {"adm3_pcode": "TN2361", "name": "Es Sers", "name_ar": "السرس", "id_delegation": "2361", "delegation_name": "Es Sers", "delegation_name_ar": "السرس", "governorate_name": "Le Kef", "governorate_name_ar": "الكاف", "region_name": "North West", "lat": "36.06278794", "lon": "9.04856927", "area_sqkm": "430.76650484", "n_stations": "23", "n_certified": "23", "registered": "17518", "voters": "6113", "valid": "5800", "blank": "67", "spoilt": "246", "turnout_stations": "23", "turnout_registered": "17518", "turnout_voters": "6113", "saied": "5567", "saied_share_pct": "95.9828", "saied_margin_pp": "93.2241", "zammel": "160", "zammel_share_pct": "2.7586", "zammel_margin_pp": "-93.2241", "maghzaoui": "73", "maghzaoui_share_pct": "1.2586", "maghzaoui_margin_pp": "-94.7241", "candidate_sum": "5800", "winner": "saied", "runner_up": "zammel", "margin_pp": "93.2241", "turnout_pct": "34.8955", "turnout_coverage_pct": "100.0000"}, "geometry": {"type": "MultiPolygon", "coordinates": [[[[9.03224, 36.16125], [9.02753, 36.18149], [9.00177, 36.15598], [8.98306, 36.12503], [8.9447, 36.09728], [8.90539, 36.12115], [8.89301, 36.15215], [8.83645, 36.10889], [8.82138, 36.11235], [8.79128, 36.10459], [8.76772, 36.11695], [8.77202, 36.10712], [8.76701, 36.10063], [8.77732, 36.09217], [8.80754, 36.03861], [8.83677, 36.04097], [8.85042, 36.06713], [8.87465, 36.04922], [8.91766, 36.079], [8.94269, 36.0705], [8.93569, 36.06707], [8.9455, 36.0298], [8.97214, 36.00722], [8.96998, 35.99451], [8.97677, 35.97954], [8.98398, 35.97707], [8.97996, 35.97519], [9.00678, 35.96464], [9.04048, 35.96107], [9.06887, 35.96684], [9.0704, 35.95568], [9.09379, 35.94309], [9.11258, 35.96234], [9.11607, 35.97725], [9.16915, 36.00569], [9.15747, 36.01195], [9.17077, 36.02326], [9.16184, 36.03321], [9.15501, 36.03144], [9.15178, 36.04064], [9.16307, 36.0572], [9.15504, 36.06908], [9.16108, 36.07903], [9.13424, 36.10097], [9.12143, 36.10249], [9.11066, 36.11964], [9.08882, 36.11041], [9.08116, 36.11754], [9.08455, 36.13047], [9.07812, 36.13769], [9.05237, 36.13586], [9.03224, 36.16125]]]]}}, {"type": "Feature", "properties": {"adm3_pcode": "TN2451", "name": "Siliana Nord", "name_ar": "سليانة الشمالية", "id_delegation": "2451", "delegation_name": "Siliana Nord", "delegation_name_ar": "سليانة الشمالية", "governorate_name": "Siliana", "governorate_name_ar": "سليانـــة", "region_name": "North West", "lat": "36.03059878", "lon": "9.22358875", "area_sqkm": "386.3263561", "n_stations": "35", "n_certified": "34", "registered": "25461", "voters": "7396", "valid": "7949", "blank": "114", "spoilt": "209", "turnout_stations": "29", "turnout_registered": "22734", "turnout_voters": "7286", "saied": "7299", "saied_share_pct": "91.8229", "saied_margin_pp": "84.7402", "zammel": "563", "zammel_share_pct": "7.0827", "zammel_margin_pp": "-84.7402", "maghzaoui": "87", "maghzaoui_share_pct": "1.0945", "maghzaoui_margin_pp": "-90.7284", "candidate_sum": "7949", "winner": "saied", "runner_up": "zammel", "margin_pp": "84.7402", "turnout_pct": "32.0489", "turnout_coverage_pct": "82.8571"}, "geometry": {"type": "MultiPolygon", "coordinates": [[[[9.3609, 36.15809], [9.3308, 36.14003], [9.32028, 36.14103], [9.31559, 36.15322], [9.29132, 36.13433], [9.27618, 36.1338], [9.27922, 36.14088], [9.24595, 36.13583], [9.24059, 36.13373], [9.2457, 36.12803], [9.21724, 36.11241], [9.1931, 36.11929], [9.18556, 36.10666], [9.17898, 36.10715], [9.1784, 36.09727], [9.1601, 36.09123], [9.15504, 36.06908], [9.16307, 36.0572], [9.15178, 36.04064], [9.15501, 36.03144], [9.16184, 36.03321], [9.17077, 36.02326], [9.15747, 36.01195], [9.16923, 36.00591], [9.14408, 35.99143], [9.14436, 35.96104], [9.17145, 35.92835], [9.18367, 35.92467], [9.18818, 35.92935], [9.22275, 35.92995], [9.23746, 35.91621], [9.23328, 35.91167], [9.24433, 35.913], [9.25416, 35.90211], [9.2547, 35.91525], [9.26192, 35.92282], [9.25747, 35.94009], [9.27418, 35.95905], [9.26214, 35.97311], [9.24394, 35.97796], [9.24243, 35.98904], [9.25601, 36.0072], [9.27221, 36.00001], [9.28707, 36.01527], [9.29289, 36.02434], [9.28309, 36.02963], [9.28635, 36.03606], [9.31968, 36.05602], [9.34414, 36.05884], [9.35768, 36.06996], [9.36256, 36.07775], [9.35181, 36.08375], [9.37436, 36.08466], [9.39117, 36.0759], [9.46971, 36.09233], [9.50703, 36.08781], [9.4959, 36.10836], [9.50171, 36.11175], [9.49881, 36.12848], [9.48461, 36.14498], [9.43321, 36.13936], [9.41566, 36.15769], [9.37676, 36.15102], [9.3609, 36.15809]]]]}}, {"type": "Feature", "properties": {"adm3_pcode": "TN2452", "name": "Siliana Sud", "name_ar": "سليانة الجنوبية", "id_delegation": "2452", "delegation_name": "Siliana Sud", "delegation_name_ar": "سليانة الجنوبية", "governorate_name": "Siliana", "governorate_name_ar": "سليانـــة", "region_name": "North West", "lat": "35.96968988", "lon": "9.42981161", "area_sqkm": "493.17727843", "n_stations": "38", "n_certified": "38", "registered": "26771", "voters": "8306", "valid": "8167", "blank": "101", "spoilt": "260", "turnout_stations": "36", "turnout_registered": "26771", "turnout_voters": "8306", "saied": "7530", "saied_share_pct": "92.2003", "saied_margin_pp": "85.2577", "zammel": "567", "zammel_share_pct": "6.9426", "zammel_margin_pp": "-85.2577", "maghzaoui": "70", "maghzaoui_share_pct": "0.8571", "maghzaoui_margin_pp": "-91.3432", "candidate_sum": "8167", "winner": "saied", "runner_up": "zammel", "margin_pp": "85.2577", "turnout_pct": "31.0261", "turnout_coverage_pct": "94.7368"}, "geometry": {"type": "MultiPolygon", "coordinates": [[[[9.47884, 36.08966], [9.46971, 36.09233], [9.39117, 36.0759], [9.37436, 36.08466], [9.35502, 36.08478], [9.36167, 36.07545], [9.34414, 36.05884], [9.31968, 36.05602], [9.28635, 36.03606], [9.28309, 36.02963], [9.29289, 36.02434], [9.28707, 36.01527], [9.27221, 36.00001], [9.25601, 36.0072], [9.24076, 35.98543], [9.27418, 35.95905], [9.25747, 35.94009], [9.26192, 35.92282], [9.2547, 35.91525], [9.25416, 35.90211], [9.30854, 35.88675], [9.29871, 35.87835], [9.31782, 35.84805], [9.32632, 35.85123], [9.35112, 35.88525], [9.36179, 35.86951], [9.39369, 35.85672], [9.3995, 35.8805], [9.39302, 35.90238], [9.42361, 35.91754], [9.43266, 35.91091], [9.43393, 35.89008], [9.45442, 35.89278], [9.49072, 35.87287], [9.48862, 35.91169], [9.51818, 35.91392], [9.52323, 35.92285], [9.60517, 35.974], [9.58922, 35.97256], [9.58569, 35.98473], [9.56459, 35.99731], [9.52554, 35.9851], [9.53157, 36.01046], [9.52197, 36.01932], [9.47569, 36.02254], [9.49674, 36.06526], [9.51137, 36.0749], [9.50703, 36.08781], [9.47884, 36.08966]]]]}}, {"type": "Feature", "properties": {"adm3_pcode": "TN2453", "name": "Bouarada", "name_ar": "بوعرادة", "id_delegation": "2453", "delegation_name": "Bouarada", "delegation_name_ar": "بوعرادة", "governorate_name": "Siliana", "governorate_name_ar": "سليانـــة", "region_name": "North West", "lat": "36.31348704", "lon": "9.63153076", "area_sqkm": "376.76092567", "n_stations": "21", "n_certified": "21", "registered": "16093", "voters": "5480", "valid": "5259", "blank": "42", "spoilt": "179", "turnout_stations": "21", "turnout_registered": "16093", "turnout_voters": "5480", "saied": "4982", "saied_share_pct": "94.7328", "saied_margin_pp": "90.3594", "zammel": "230", "zammel_share_pct": "4.3735", "zammel_margin_pp": "-90.3594", "maghzaoui": "47", "maghzaoui_share_pct": "0.8937", "maghzaoui_margin_pp": "-93.8391", "candidate_sum": "5259", "winner": "saied", "runner_up": "zammel", "margin_pp": "90.3594", "turnout_pct": "34.0521", "turnout_coverage_pct": "100.0000"}, "geometry": {"type": "MultiPolygon", "coordinates": [[[[9.74288, 36.44083], [9.73934, 36.45042], [9.7113, 36.44032], [9.69812, 36.44601], [9.68229, 36.44094], [9.65564, 36.42733], [9.65248, 36.41086], [9.62804, 36.42596], [9.62211, 36.42196], [9.62266, 36.42612], [9.56887, 36.42643], [9.57562, 36.41765], [9.56058, 36.40798], [9.54656, 36.38208], [9.5297, 36.37094], [9.55114, 36.3701], [9.57171, 36.35007], [9.59472, 36.34201], [9.57507, 36.33446], [9.57168, 36.32369], [9.55876, 36.31539], [9.54637, 36.31945], [9.52267, 36.29585], [9.53655, 36.27899], [9.55078, 36.27797], [9.5244, 36.26548], [9.51049, 36.24352], [9.49326, 36.25154], [9.48902, 36.26126], [9.49232, 36.25668], [9.48572, 36.25419], [9.48041, 36.23951], [9.50226, 36.19976], [9.52145, 36.18076], [9.56238, 36.17641], [9.59584, 36.18251], [9.64822, 36.21515], [9.64869, 36.2414], [9.61475, 36.24341], [9.59654, 36.25203], [9.59335, 36.26334], [9.63798, 36.29097], [9.67145, 36.28939], [9.72106, 36.31327], [9.72239, 36.32294], [9.71515, 36.32986], [9.72146, 36.34344], [9.75436, 36.35559], [9.75431, 36.37428], [9.76627, 36.38103], [9.75753, 36.38773], [9.74458, 36.41745], [9.74288, 36.44083]]]]}}, {"type": "Feature", "properties": {"adm3_pcode": "TN2454", "name": "Gaafour", "name_ar": "قعفور", "id_delegation": "2454", "delegation_name": "Gaafour", "delegation_name_ar": "قعفور", "governorate_name": "Siliana", "governorate_name_ar": "سليانـــة", "region_name": "North West", "lat": "36.25215736", "lon": "9.33247916", "area_sqkm": "461.11133925", "n_stations": "18", "n_certified": "18", "registered": "11743", "voters": "4224", "valid": "4741", "blank": "66", "spoilt": "162", "turnout_stations": "15", "turnout_registered": "10962", "turnout_voters": "3803", "saied": "4500", "saied_share_pct": "94.9167", "saied_margin_pp": "91.3099", "zammel": "171", "zammel_share_pct": "3.6068", "zammel_margin_pp": "-91.3099", "maghzaoui": "70", "maghzaoui_share_pct": "1.4765", "maghzaoui_margin_pp": "-93.4402", "candidate_sum": "4741", "winner": "saied", "runner_up": "zammel", "margin_pp": "91.3099", "turnout_pct": "34.6926", "turnout_coverage_pct": "83.3333"}, "geometry": {"type": "MultiPolygon", "coordinates": [[[[9.31445, 36.37164], [9.28626, 36.35985], [9.2567, 36.31705], [9.23759, 36.30415], [9.23585, 36.29459], [9.24079, 36.29151], [9.22917, 36.28719], [9.22934, 36.27874], [9.21941, 36.27843], [9.2183, 36.26637], [9.20193, 36.26739], [9.19255, 36.25437], [9.20052, 36.24869], [9.20167, 36.23307], [9.2346, 36.2081], [9.21662, 36.17767], [9.23969, 36.13425], [9.27258, 36.14106], [9.27984, 36.14055], [9.27807, 36.13298], [9.29132, 36.13433], [9.31559, 36.15322], [9.32028, 36.14103], [9.3308, 36.14003], [9.36164, 36.15912], [9.36292, 36.15457], [9.36769, 36.15822], [9.36445, 36.15265], [9.37087, 36.15606], [9.36739, 36.15235], [9.37676, 36.15102], [9.41566, 36.15769], [9.43321, 36.13936], [9.46965, 36.1415], [9.47212, 36.14662], [9.49395, 36.14064], [9.47822, 36.17128], [9.5055, 36.16696], [9.52743, 36.17836], [9.50226, 36.19976], [9.49938, 36.21321], [9.48216, 36.23491], [9.48258, 36.24734], [9.4319, 36.26821], [9.41152, 36.30227], [9.39403, 36.30948], [9.39301, 36.32532], [9.37547, 36.3335], [9.37212, 36.32955], [9.36337, 36.33791], [9.34642, 36.33344], [9.33969, 36.3478], [9.31711, 36.36107], [9.31445, 36.37164]]]]}}, {"type": "Feature", "properties": {"adm3_pcode": "TN2455", "name": "El Krib", "name_ar": "الكريب", "id_delegation": "2455", "delegation_name": "El Krib", "delegation_name_ar": "الكريب", "governorate_name": "Siliana", "governorate_name_ar": "سليانـــة", "region_name": "North West", "lat": "36.34814834", "lon": "9.12632324", "area_sqkm": "424.34574993", "n_stations": "21", "n_certified": "21", "registered": "14587", "voters": "5119", "valid": "5068", "blank": "50", "spoilt": "167", "turnout_stations": "20", "turnout_registered": "14100", "turnout_voters": "5119", "saied": "4883", "saied_share_pct": "96.3496", "saied_margin_pp": "93.5478", "zammel": "142", "zammel_share_pct": "2.8019", "zammel_margin_pp": "-93.5478", "maghzaoui": "43", "maghzaoui_share_pct": "0.8485", "maghzaoui_margin_pp": "-95.5012", "candidate_sum": "5068", "winner": "saied", "runner_up": "zammel", "margin_pp": "93.5478", "turnout_pct": "36.3050", "turnout_coverage_pct": "95.2381"}, "geometry": {"type": "MultiPolygon", "coordinates": [[[[9.017, 36.45898], [9.01619, 36.46341], [8.96238, 36.4585], [8.93022, 36.45019], [8.92483, 36.44102], [8.93281, 36.42038], [8.96128, 36.40371], [8.96671, 36.38433], [8.97777, 36.3766], [8.97276, 36.36479], [8.9875, 36.34786], [8.98053, 36.34576], [8.98184, 36.3393], [8.97398, 36.34184], [8.97716, 36.33662], [8.96611, 36.3414], [8.9667, 36.33285], [8.96012, 36.33681], [8.9616, 36.33104], [8.94662, 36.32002], [8.95302, 36.31537], [8.94392, 36.31415], [8.94484, 36.30986], [8.96222, 36.30372], [8.95544, 36.29538], [8.97772, 36.27973], [9.00001, 36.23989], [9.02955, 36.24149], [9.04971, 36.23313], [9.06701, 36.25876], [9.09069, 36.26613], [9.11393, 36.29227], [9.12318, 36.2903], [9.12589, 36.28063], [9.14614, 36.26419], [9.16348, 36.26061], [9.16296, 36.27297], [9.17871, 36.26818], [9.19255, 36.25437], [9.20193, 36.26739], [9.2183, 36.26637], [9.21941, 36.27843], [9.22934, 36.27874], [9.22917, 36.28719], [9.24079, 36.29151], [9.23585, 36.29459], [9.23759, 36.30415], [9.27266, 36.33698], [9.26511, 36.33904], [9.25753, 36.36678], [9.24573, 36.37433], [9.243, 36.36965], [9.1937, 36.3716], [9.17355, 36.38451], [9.13273, 36.36392], [9.11569, 36.36607], [9.11228, 36.39634], [9.08176, 36.4068], [9.09096, 36.41383], [9.08891, 36.41948], [9.0671, 36.43532], [9.03135, 36.44489], [9.017, 36.45898]]]]}}, {"type": "Feature", "properties": {"adm3_pcode": "TN2456", "name": "Bourouis", "name_ar": "بورويس", "id_delegation": "2456", "delegation_name": "Bourouis", "delegation_name_ar": "بورويس", "governorate_name": "Siliana", "governorate_name_ar": "سليانـــة", "region_name": "North West", "lat": "36.1884572", "lon": "9.13198962", "area_sqkm": "274.41894678", "n_stations": "15", "n_certified": "15", "registered": "7314", "voters": "2170", "valid": "3140", "blank": "33", "spoilt": "86", "turnout_stations": "10", "turnout_registered": "5487", "turnout_voters": "1707", "saied": "2955", "saied_share_pct": "94.1083", "saied_margin_pp": "89.2038", "zammel": "154", "zammel_share_pct": "4.9045", "zammel_margin_pp": "-89.2038", "maghzaoui": "31", "maghzaoui_share_pct": "0.9873", "maghzaoui_margin_pp": "-93.1210", "candidate_sum": "3140", "winner": "saied", "runner_up": "zammel", "margin_pp": "89.2038", "turnout_pct": "31.1099", "turnout_coverage_pct": "66.6667"}, "geometry": {"type": "MultiPolygon", "coordinates": [[[[9.11842, 36.29], [9.11175, 36.29141], [9.10409, 36.27628], [9.08866, 36.26486], [9.06701, 36.25876], [9.04971, 36.23313], [9.03894, 36.22725], [9.0342, 36.21664], [9.05609, 36.20269], [9.03127, 36.18245], [9.03036, 36.16363], [9.05237, 36.13586], [9.08276, 36.1335], [9.08116, 36.11754], [9.08882, 36.11041], [9.11066, 36.11964], [9.12143, 36.10249], [9.13424, 36.10097], [9.15779, 36.08474], [9.1601, 36.09123], [9.1784, 36.09727], [9.17898, 36.10715], [9.18556, 36.10666], [9.1931, 36.11929], [9.21724, 36.11241], [9.24583, 36.12822], [9.21662, 36.17767], [9.2346, 36.2081], [9.20167, 36.23307], [9.1985, 36.25185], [9.18771, 36.25519], [9.17871, 36.26818], [9.16145, 36.2728], [9.16348, 36.26061], [9.15324, 36.26099], [9.11842, 36.29]]]]}}, {"type": "Feature", "properties": {"adm3_pcode": "TN2457", "name": "Makthar", "name_ar": "مكثر", "id_delegation": "2457", "delegation_name": "Makthar", "delegation_name_ar": "مكثر", "governorate_name": "Siliana", "governorate_name_ar": "سليانـــة", "region_name": "North West", "lat": "35.87022672", "lon": "9.16367859", "area_sqkm": "347.30971736", "n_stations": "31", "n_certified": "31", "registered": "17069", "voters": "6049", "valid": "7475", "blank": "109", "spoilt": "200", "turnout_stations": "27", "turnout_registered": "17069", "turnout_voters": "6049", "saied": "6809", "saied_share_pct": "91.0903", "saied_margin_pp": "83.0502", "zammel": "601", "zammel_share_pct": "8.0401", "zammel_margin_pp": "-83.0502", "maghzaoui": "65", "maghzaoui_share_pct": "0.8696", "maghzaoui_margin_pp": "-90.2207", "candidate_sum": "7475", "winner": "saied", "runner_up": "zammel", "margin_pp": "83.0502", "turnout_pct": "35.4385", "turnout_coverage_pct": "87.0968"}, "geometry": {"type": "MultiPolygon", "coordinates": [[[[9.14619, 35.96406], [9.14336, 35.98884], [9.11607, 35.97725], [9.11258, 35.96234], [9.09822, 35.94588], [9.09871, 35.92574], [9.08183, 35.90944], [9.05483, 35.8972], [9.02552, 35.85273], [9.04971, 35.85305], [9.03947, 35.83925], [9.01845, 35.83668], [9.03983, 35.81719], [9.02726, 35.80576], [9.04366, 35.76453], [9.07724, 35.78349], [9.09194, 35.80388], [9.09408, 35.81837], [9.12519, 35.83618], [9.12919, 35.8199], [9.12222, 35.8193], [9.13132, 35.80643], [9.1289, 35.78878], [9.1596, 35.79378], [9.19267, 35.75478], [9.20401, 35.75168], [9.23466, 35.76796], [9.22683, 35.77322], [9.2457, 35.78812], [9.27932, 35.80363], [9.27138, 35.82305], [9.29582, 35.82774], [9.28832, 35.83934], [9.26596, 35.85006], [9.30854, 35.88675], [9.25575, 35.90115], [9.24433, 35.913], [9.23328, 35.91167], [9.23746, 35.91621], [9.22275, 35.92995], [9.1728, 35.92728], [9.14584, 35.95658], [9.14619, 35.96406]]]]}}, {"type": "Feature", "properties": {"adm3_pcode": "TN2458", "name": "Rouhia", "name_ar": "الروحية", "id_delegation": "2458", "delegation_name": "Rouhia", "delegation_name_ar": "الروحية", "governorate_name": "Siliana", "governorate_name_ar": "سليانـــة", "region_name": "North West", "lat": "35.65717545", "lon": "9.1480848", "area_sqkm": "662.06496428", "n_stations": "32", "n_certified": "32", "registered": "21399", "voters": "6340", "valid": "6415", "blank": "59", "spoilt": "194", "turnout_stations": "30", "turnout_registered": "20358", "turnout_voters": "6073", "saied": "6151", "saied_share_pct": "95.8846", "saied_margin_pp": "93.4684", "zammel": "155", "zammel_share_pct": "2.4162", "zammel_margin_pp": "-93.4684", "maghzaoui": "109", "maghzaoui_share_pct": "1.6991", "maghzaoui_margin_pp": "-94.1855", "candidate_sum": "6415", "winner": "saied", "runner_up": "zammel", "margin_pp": "93.4684", "turnout_pct": "29.8310", "turnout_coverage_pct": "93.7500"}, "geometry": {"type": "MultiPolygon", "coordinates": [[[[9.12601, 35.83582], [9.09408, 35.81837], [9.09194, 35.80388], [9.07683, 35.78316], [9.04366, 35.76453], [9.0384, 35.78403], [9.01765, 35.76245], [9.03438, 35.73019], [9.04181, 35.69075], [9.03122, 35.6887], [9.01243, 35.70111], [8.96401, 35.6771], [8.98745, 35.6751], [9.0, 35.66631], [8.9863, 35.66292], [8.99416, 35.63298], [9.02366, 35.6284], [9.04848, 35.63444], [9.0565, 35.62115], [9.07978, 35.61269], [9.08689, 35.60034], [9.10192, 35.62459], [9.11465, 35.62757], [9.13215, 35.61012], [9.15071, 35.61941], [9.16684, 35.61203], [9.17449, 35.61698], [9.1706, 35.6055], [9.19246, 35.59431], [9.18377, 35.58477], [9.18106, 35.56262], [9.20518, 35.5558], [9.2143, 35.54275], [9.26806, 35.55346], [9.2741, 35.54566], [9.27024, 35.53232], [9.29299, 35.5353], [9.30871, 35.51378], [9.32356, 35.50617], [9.33018, 35.49249], [9.32303, 35.48847], [9.33312, 35.47764], [9.36369, 35.47925], [9.39525, 35.49524], [9.44528, 35.48448], [9.46405, 35.49309], [9.44141, 35.49932], [9.43515, 35.53149], [9.42821, 35.53898], [9.43062, 35.56975], [9.42612, 35.57706], [9.40414, 35.57538], [9.39208, 35.58218], [9.38514, 35.60635], [9.33005, 35.6274], [9.30409, 35.66256], [9.26655, 35.69823], [9.25333, 35.69909], [9.25528, 35.7076], [9.22925, 35.72185], [9.2236, 35.73826], [9.19267, 35.75478], [9.1596, 35.79378], [9.1289, 35.78878], [9.13132, 35.80643], [9.12222, 35.8193], [9.12919, 35.8199], [9.12601, 35.83582]]]]}}, {"type": "Feature", "properties": {"adm3_pcode": "TN2459", "name": "Kesra", "name_ar": "كسرى", "id_delegation": "2459", "delegation_name": "Kesra", "delegation_name_ar": "كسرى", "governorate_name": "Siliana", "governorate_name_ar": "سليانـــة", "region_name": "North West", "lat": "35.80336615", "lon": "9.39187393", "area_sqkm": "439.48168526", "n_stations": "19", "n_certified": "19", "registered": "11370", "voters": "4518", "valid": "4843", "blank": "43", "spoilt": "119", "turnout_stations": "15", "turnout_registered": "10570", "turnout_voters": "3928", "saied": "3943", "saied_share_pct": "81.4165", "saied_margin_pp": "63.5350", "zammel": "866", "zammel_share_pct": "17.8815", "zammel_margin_pp": "-63.5350", "maghzaoui": "34", "maghzaoui_share_pct": "0.7020", "maghzaoui_margin_pp": "-80.7144", "candidate_sum": "4843", "winner": "saied", "runner_up": "zammel", "margin_pp": "63.5350", "turnout_pct": "37.1618", "turnout_coverage_pct": "78.9474"}, "geometry": {"type": "MultiPolygon", "coordinates": [[[[9.43415, 35.89937], [9.43266, 35.91091], [9.42361, 35.91754], [9.39302, 35.90238], [9.3995, 35.8805], [9.39369, 35.85672], [9.36179, 35.86951], [9.35112, 35.88525], [9.32632, 35.85123], [9.31782, 35.84805], [9.29969, 35.87788], [9.28991, 35.87392], [9.2812, 35.859], [9.26596, 35.85006], [9.28832, 35.83934], [9.29582, 35.82774], [9.27115, 35.82285], [9.27932, 35.80363], [9.2457, 35.78812], [9.22683, 35.77322], [9.23466, 35.76796], [9.20401, 35.75168], [9.2236, 35.73826], [9.22925, 35.72185], [9.25528, 35.7076], [9.25333, 35.69909], [9.27089, 35.69362], [9.29765, 35.72535], [9.33567, 35.70143], [9.37705, 35.70349], [9.39785, 35.68869], [9.40821, 35.69073], [9.43311, 35.71214], [9.44202, 35.70813], [9.45686, 35.71331], [9.45428, 35.71965], [9.46999, 35.72491], [9.46796, 35.72934], [9.51536, 35.73385], [9.52221, 35.72974], [9.52135, 35.73767], [9.53763, 35.74562], [9.53415, 35.75218], [9.50367, 35.76348], [9.49268, 35.78871], [9.50929, 35.81038], [9.50884, 35.82004], [9.52259, 35.83103], [9.53402, 35.83166], [9.5333, 35.8535], [9.51822, 35.85452], [9.51479, 35.86366], [9.47624, 35.87655], [9.45442, 35.89278], [9.43393, 35.89008], [9.43415, 35.89937]]]]}}, {"type": "Feature", "properties": {"adm3_pcode": "TN2460", "name": "Bargou", "name_ar": "برقو", "id_delegation": "2460", "delegation_name": "Bargou", "delegation_name_ar": "برقو", "governorate_name": "Siliana", "governorate_name_ar": "سليانـــة", "region_name": "North West", "lat": "36.1002164", "lon": "9.62313788", "area_sqkm": "457.88224477", "n_stations": "18", "n_certified": "18", "registered": "9151", "voters": "3993", "valid": "3883", "blank": "42", "spoilt": "137", "turnout_stations": "16", "turnout_registered": "9151", "turnout_voters": "3628", "saied": "3656", "saied_share_pct": "94.1540", "saied_margin_pp": "89.3896", "zammel": "185", "zammel_share_pct": "4.7644", "zammel_margin_pp": "-89.3896", "maghzaoui": "42", "maghzaoui_share_pct": "1.0816", "maghzaoui_margin_pp": "-93.0724", "candidate_sum": "3883", "winner": "saied", "runner_up": "zammel", "margin_pp": "89.3896", "turnout_pct": "39.6459", "turnout_coverage_pct": "88.8889"}, "geometry": {"type": "MultiPolygon", "coordinates": [[[[9.67981, 36.22518], [9.66192, 36.22347], [9.59584, 36.18251], [9.56238, 36.17641], [9.5375, 36.18103], [9.5055, 36.16696], [9.47822, 36.17128], [9.49472, 36.14145], [9.50222, 36.11852], [9.4959, 36.10836], [9.51137, 36.0749], [9.49674, 36.06526], [9.47569, 36.02254], [9.52197, 36.01932], [9.53157, 36.01046], [9.52554, 35.9851], [9.56459, 35.99731], [9.59492, 35.97243], [9.60517, 35.974], [9.71142, 36.05748], [9.76032, 36.11757], [9.76962, 36.14437], [9.73691, 36.16695], [9.74324, 36.17361], [9.74368, 36.18992], [9.72605, 36.20644], [9.71234, 36.2022], [9.67981, 36.22518]]]]}}, {"type": "Feature", "properties": {"adm3_pcode": "TN2461", "name": "Laroussa", "name_ar": "العروسة", "id_delegation": "2461", "delegation_name": "Laroussa", "delegation_name_ar": "العروسة", "governorate_name": "Siliana", "governorate_name_ar": "سليانـــة", "region_name": "North West", "lat": "36.35383202", "lon": "9.44913357", "area_sqkm": "360.60947566", "n_stations": "11", "n_certified": "10", "registered": "6154", "voters": "2061", "valid": "2361", "blank": "27", "spoilt": "88", "turnout_stations": "9", "turnout_registered": "6154", "turnout_voters": "2061", "saied": "2250", "saied_share_pct": "95.2986", "saied_margin_pp": "91.5290", "zammel": "89", "zammel_share_pct": "3.7696", "zammel_margin_pp": "-91.5290", "maghzaoui": "22", "maghzaoui_share_pct": "0.9318", "maghzaoui_margin_pp": "-94.3668", "candidate_sum": "2361", "winner": "saied", "runner_up": "zammel", "margin_pp": "91.5290", "turnout_pct": "33.4904", "turnout_coverage_pct": "81.8182"}, "geometry": {"type": "MultiPolygon", "coordinates": [[[[9.52226, 36.45846], [9.50935, 36.46361], [9.46314, 36.44961], [9.45608, 36.45909], [9.43027, 36.46239], [9.39408, 36.44364], [9.36495, 36.44136], [9.3576, 36.41325], [9.33401, 36.39124], [9.32955, 36.37826], [9.31513, 36.37264], [9.31711, 36.36107], [9.33969, 36.3478], [9.34642, 36.33344], [9.36337, 36.33791], [9.37212, 36.32955], [9.37547, 36.3335], [9.39301, 36.32532], [9.39403, 36.30948], [9.41152, 36.30227], [9.42755, 36.27315], [9.44181, 36.26202], [9.48258, 36.24734], [9.49232, 36.25668], [9.49052, 36.26173], [9.49315, 36.25163], [9.51049, 36.24352], [9.5244, 36.26548], [9.55078, 36.27797], [9.53655, 36.27899], [9.52267, 36.29585], [9.54637, 36.31945], [9.55876, 36.31539], [9.57168, 36.32369], [9.57507, 36.33446], [9.59472, 36.34201], [9.57171, 36.35007], [9.55114, 36.3701], [9.5297, 36.37094], [9.54656, 36.38208], [9.56058, 36.40798], [9.57608, 36.41855], [9.56808, 36.42248], [9.56481, 36.4368], [9.53776, 36.44334], [9.53711, 36.4507], [9.52226, 36.45846]]]]}}, {"type": "Feature", "properties": {"adm3_pcode": "TN3151", "name": "Sousse Médina", "name_ar": "سوسة المدينة", "id_delegation": "3151", "delegation_name": "Sousse Médina", "delegation_name_ar": "سوسة المدينة", "governorate_name": "Sousse", "governorate_name_ar": "سوسة", "region_name": "Centre East", "lat": "35.83648301", "lon": "10.63198215", "area_sqkm": "6.66062497", "n_stations": "31", "n_certified": "31", "registered": "30914", "voters": "9390", "valid": "9593", "blank": "146", "spoilt": "392", "turnout_stations": "27", "turnout_registered": "30914", "turnout_voters": "8889", "saied": "8243", "saied_share_pct": "85.9272", "saied_margin_pp": "74.1791", "zammel": "1127", "zammel_share_pct": "11.7481", "zammel_margin_pp": "-74.1791", "maghzaoui": "223", "maghzaoui_share_pct": "2.3246", "maghzaoui_margin_pp": "-83.6026", "candidate_sum": "9593", "winner": "saied", "runner_up": "zammel", "margin_pp": "74.1791", "turnout_pct": "28.7540", "turnout_coverage_pct": "87.0968"}, "geometry": {"type": "MultiPolygon", "coordinates": [[[[10.64027, 35.83447], [10.61323, 35.86587], [10.60233, 35.85539], [10.63083, 35.8326], [10.63618, 35.81872], [10.64971, 35.80734], [10.64694, 35.8225], [10.65233, 35.82651], [10.64027, 35.83447]]]]}}, {"type": "Feature", "properties": {"adm3_pcode": "TN3152", "name": "Sousse Riadh", "name_ar": "سوسة الرياض", "id_delegation": "3152", "delegation_name": "Sousse Riadh", "delegation_name_ar": "سوسة الرياض", "governorate_name": "Sousse", "governorate_name_ar": "سوسة", "region_name": "Centre East", "lat": "35.80479345", "lon": "10.59675987", "area_sqkm": "10.08914116", "n_stations": "49", "n_certified": "49", "registered": "51722", "voters": "15065", "valid": "14695", "blank": "177", "spoilt": "412", "turnout_stations": "46", "turnout_registered": "51722", "turnout_voters": "14477", "saied": "13446", "saied_share_pct": "91.5005", "saied_margin_pp": "84.5662", "zammel": "1019", "zammel_share_pct": "6.9343", "zammel_margin_pp": "-84.5662", "maghzaoui": "230", "maghzaoui_share_pct": "1.5652", "maghzaoui_margin_pp": "-89.9354", "candidate_sum": "14695", "winner": "saied", "runner_up": "zammel", "margin_pp": "84.5662", "turnout_pct": "27.9900", "turnout_coverage_pct": "93.8776"}, "geometry": {"type": "MultiPolygon", "coordinates": [[[[10.58946, 35.82575], [10.58077, 35.80442], [10.54954, 35.78945], [10.57468, 35.7839], [10.61449, 35.8032], [10.58946, 35.82575]]]]}}, {"type": "Feature", "properties": {"adm3_pcode": "TN3153", "name": "Sousse Jaouhara", "name_ar": "سوسة جوهرة", "id_delegation": "3153", "delegation_name": "Sousse Jaouhara", "delegation_name_ar": "سوسة جوهرة", "governorate_name": "Sousse", "governorate_name_ar": "سوسة", "region_name": "Centre East", "lat": "35.82876075", "lon": "10.61194751", "area_sqkm": "13.84949061", "n_stations": "57", "n_certified": "57", "registered": "53478", "voters": "15405", "valid": "16262", "blank": "243", "spoilt": "580", "turnout_stations": "44", "turnout_registered": "47889", "turnout_voters": "13301", "saied": "13937", "saied_share_pct": "85.7029", "saied_margin_pp": "74.0930", "zammel": "1888", "zammel_share_pct": "11.6099", "zammel_margin_pp": "-74.0930", "maghzaoui": "437", "maghzaoui_share_pct": "2.6872", "maghzaoui_margin_pp": "-83.0156", "candidate_sum": "16262", "winner": "saied", "runner_up": "zammel", "margin_pp": "74.0930", "turnout_pct": "27.7746", "turnout_coverage_pct": "77.1930"}, "geometry": {"type": "MultiPolygon", "coordinates": [[[[10.60419, 35.85359], [10.58365, 35.8402], [10.61449, 35.8032], [10.62968, 35.81393], [10.63447, 35.82588], [10.60419, 35.85359]]]]}}, {"type": "Feature", "properties": {"adm3_pcode": "TN3154", "name": "Sousse Sidi Abdelhamid", "name_ar": "سوسة سيدي عبد الحميد", "id_delegation": "3154", "delegation_name": "Sousse Sidi Abdelhamid", "delegation_name_ar": "سوسة سيدي عبد الحميد", "governorate_name": "Sousse", "governorate_name_ar": "سوسة", "region_name": "Centre East", "lat": "35.79614679", "lon": "10.66088157", "area_sqkm": "12.41659161", "n_stations": "35", "n_certified": "35", "registered": "37180", "voters": "9992", "valid": "9520", "blank": "119", "spoilt": "353", "turnout_stations": "33", "turnout_registered": "37180", "turnout_voters": "9420", "saied": "9109", "saied_share_pct": "95.6828", "saied_margin_pp": "92.3214", "zammel": "320", "zammel_share_pct": "3.3613", "zammel_margin_pp": "-92.3214", "maghzaoui": "91", "maghzaoui_share_pct": "0.9559", "maghzaoui_margin_pp": "-94.7269", "candidate_sum": "9520", "winner": "saied", "runner_up": "zammel", "margin_pp": "92.3214", "turnout_pct": "25.3362", "turnout_coverage_pct": "94.2857"}, "geometry": {"type": "MultiPolygon", "coordinates": [[[[10.64868, 35.80802], [10.63472, 35.82225], [10.61449, 35.8032], [10.64303, 35.79281], [10.65171, 35.79546], [10.65874, 35.77011], [10.67988, 35.78009], [10.68335, 35.79203], [10.64868, 35.80802]]]]}}, {"type": "Feature", "properties": {"adm3_pcode": "TN3155", "name": "Hammam Sousse", "name_ar": "حمام سوسة", "id_delegation": "3155", "delegation_name": "Hammam Sousse", "delegation_name_ar": "حمام سوسة", "governorate_name": "Sousse", "governorate_name_ar": "سوسة", "region_name": "Centre East", "lat": "35.874696", "lon": "10.59389321", "area_sqkm": "17.9956384", "n_stations": "43", "n_certified": "43", "registered": "45275", "voters": "11268", "valid": "11220", "blank": "219", "spoilt": "428", "turnout_stations": "40", "turnout_registered": "45101", "turnout_voters": "10972", "saied": "9543", "saied_share_pct": "85.0535", "saied_margin_pp": "73.1016", "zammel": "1341", "zammel_share_pct": "11.9519", "zammel_margin_pp": "-73.1016", "maghzaoui": "336", "maghzaoui_share_pct": "2.9947", "maghzaoui_margin_pp": "-82.0588", "candidate_sum": "11220", "winner": "saied", "runner_up": "zammel", "margin_pp": "73.1016", "turnout_pct": "24.3276", "turnout_coverage_pct": "93.0233"}, "geometry": {"type": "MultiPolygon", "coordinates": [[[[10.59733, 35.89618], [10.58125, 35.91558], [10.57597, 35.91246], [10.58391, 35.90178], [10.56933, 35.89234], [10.58977, 35.86641], [10.56831, 35.85932], [10.56319, 35.84691], [10.56727, 35.83358], [10.59525, 35.84716], [10.61323, 35.86587], [10.59733, 35.89618]]]]}}, {"type": "Feature", "properties": {"adm3_pcode": "TN3156", "name": "Akouda", "name_ar": "اكودة", "id_delegation": "3156", "delegation_name": "Akouda", "delegation_name_ar": "اكودة", "governorate_name": "Sousse", "governorate_name_ar": "سوسة", "region_name": "Centre East", "lat": "35.90522496", "lon": "10.56218201", "area_sqkm": "44.76255132", "n_stations": "28", "n_certified": "28", "registered": "25787", "voters": "8458", "valid": "8446", "blank": "121", "spoilt": "274", "turnout_stations": "24", "turnout_registered": "24694", "turnout_voters": "7446", "saied": "7667", "saied_share_pct": "90.7767", "saied_margin_pp": "83.5543", "zammel": "610", "zammel_share_pct": "7.2224", "zammel_margin_pp": "-83.5543", "maghzaoui": "169", "maghzaoui_share_pct": "2.0009", "maghzaoui_margin_pp": "-88.7758", "candidate_sum": "8446", "winner": "saied", "runner_up": "zammel", "margin_pp": "83.5543", "turnout_pct": "30.1531", "turnout_coverage_pct": "85.7143"}, "geometry": {"type": "MultiPolygon", "coordinates": [[[[10.5373, 35.96346], [10.52791, 35.96959], [10.50452, 35.9535], [10.51125, 35.93043], [10.54882, 35.90001], [10.54765, 35.8807], [10.55963, 35.86646], [10.52176, 35.84739], [10.52668, 35.84095], [10.56721, 35.84842], [10.569, 35.86028], [10.58977, 35.86641], [10.56933, 35.89234], [10.58391, 35.90178], [10.57597, 35.91246], [10.58125, 35.91579], [10.5373, 35.96346]]]]}}, {"type": "Feature", "properties": {"adm3_pcode": "TN3157", "name": "Kalaa Kebira", "name_ar": "القلعة الكبرى", "id_delegation": "3157", "delegation_name": "Kalaa Kebira", "delegation_name_ar": "القلعة الكبرى", "governorate_name": "Sousse", "governorate_name_ar": "سوسة", "region_name": "Centre East", "lat": "35.86843854", "lon": "10.45277894", "area_sqkm": "238.38553272", "n_stations": "37", "n_certified": "37", "registered": "35608", "voters": "10601", "valid": "10970", "blank": "129", "spoilt": "335", "turnout_stations": "32", "turnout_registered": "33838", "turnout_voters": "9813", "saied": "10240", "saied_share_pct": "93.3455", "saied_margin_pp": "88.2771", "zammel": "556", "zammel_share_pct": "5.0684", "zammel_margin_pp": "-88.2771", "maghzaoui": "174", "maghzaoui_share_pct": "1.5861", "maghzaoui_margin_pp": "-91.7593", "candidate_sum": "10970", "winner": "saied", "runner_up": "zammel", "margin_pp": "88.2771", "turnout_pct": "28.9999", "turnout_coverage_pct": "86.4865"}, "geometry": {"type": "MultiPolygon", "coordinates": [[[[10.42894, 35.91589], [10.35714, 35.94755], [10.33865, 35.93757], [10.33644, 35.9278], [10.34799, 35.92622], [10.33058, 35.90764], [10.349, 35.86541], [10.32307, 35.8393], [10.30724, 35.80696], [10.33511, 35.80939], [10.36732, 35.78899], [10.37781, 35.80439], [10.41577, 35.80222], [10.40371, 35.8079], [10.43469, 35.82738], [10.45893, 35.81158], [10.49118, 35.81489], [10.50517, 35.82103], [10.49689, 35.82956], [10.51577, 35.83572], [10.51676, 35.85078], [10.52176, 35.84739], [10.56015, 35.86344], [10.54765, 35.8807], [10.54882, 35.90001], [10.49889, 35.9415], [10.44909, 35.90715], [10.42894, 35.91589]]]]}}, {"type": "Feature", "properties": {"adm3_pcode": "TN3158", "name": "Sidi Bou Ali", "name_ar": "سيدي بوعلي", "id_delegation": "3158", "delegation_name": "Sidi Bou Ali", "delegation_name_ar": "سيدي بوعلي", "governorate_name": "Sousse", "governorate_name_ar": "سوسة", "region_name": "Centre East", "lat": "35.96929495", "lon": "10.42554516", "area_sqkm": "129.51880447", "n_stations": "16", "n_certified": "16", "registered": "15922", "voters": "5047", "valid": "5288", "blank": "53", "spoilt": "182", "turnout_stations": "14", "turnout_registered": "14540", "turnout_voters": "4680", "saied": "5047", "saied_share_pct": "95.4425", "saied_margin_pp": "92.5113", "zammel": "155", "zammel_share_pct": "2.9312", "zammel_margin_pp": "-92.5113", "maghzaoui": "86", "maghzaoui_share_pct": "1.6263", "maghzaoui_margin_pp": "-93.8162", "candidate_sum": "5288", "winner": "saied", "runner_up": "zammel", "margin_pp": "92.5113", "turnout_pct": "32.1871", "turnout_coverage_pct": "87.5000"}, "geometry": {"type": "MultiPolygon", "coordinates": [[[[10.36163, 36.03135], [10.35949, 36.01644], [10.36465, 36.0119], [10.31978, 36.01867], [10.31398, 35.99348], [10.32257, 35.99214], [10.32086, 35.9854], [10.36645, 35.97882], [10.35053, 35.97108], [10.35641, 35.96785], [10.35053, 35.9591], [10.35714, 35.94755], [10.44909, 35.90715], [10.49822, 35.94177], [10.50804, 35.93515], [10.51063, 35.94471], [10.50452, 35.9535], [10.51251, 35.96181], [10.52791, 35.96959], [10.54062, 35.96379], [10.53296, 35.97576], [10.49378, 35.97072], [10.47407, 35.98469], [10.49282, 35.99195], [10.4807, 35.99999], [10.46751, 35.99483], [10.45534, 36.00188], [10.45714, 36.01007], [10.43801, 35.99505], [10.4208, 36.01363], [10.40612, 36.00621], [10.41012, 36.00196], [10.40556, 35.99891], [10.38095, 36.02482], [10.36163, 36.03135]]]]}}, {"type": "Feature", "properties": {"adm3_pcode": "TN3159", "name": "Hergla", "name_ar": "هرقلة", "id_delegation": "3159", "delegation_name": "Hergla", "delegation_name_ar": "هرقلة", "governorate_name": "Sousse", "governorate_name_ar": "سوسة", "region_name": "Centre East", "lat": "36.02827808", "lon": "10.44593077", "area_sqkm": "95.46069802", "n_stations": "8", "n_certified": "8", "registered": "6744", "voters": "2558", "valid": "2387", "blank": "32", "spoilt": "139", "turnout_stations": "7", "turnout_registered": "6528", "turnout_voters": "2065", "saied": "2241", "saied_share_pct": "93.8835", "saied_margin_pp": "89.3590", "zammel": "108", "zammel_share_pct": "4.5245", "zammel_margin_pp": "-89.3590", "maghzaoui": "38", "maghzaoui_share_pct": "1.5920", "maghzaoui_margin_pp": "-92.2916", "candidate_sum": "2387", "winner": "saied", "runner_up": "zammel", "margin_pp": "89.3590", "turnout_pct": "31.6330", "turnout_coverage_pct": "87.5000"}, "geometry": {"type": "MultiPolygon", "coordinates": [[[[10.47365, 36.08728], [10.45251, 36.0839], [10.45119, 36.07017], [10.43908, 36.06], [10.38094, 36.06488], [10.37782, 36.0542], [10.36942, 36.05591], [10.36567, 36.02979], [10.38095, 36.02482], [10.40556, 35.99891], [10.41012, 36.00196], [10.40612, 36.00621], [10.4208, 36.01363], [10.43801, 35.99505], [10.45714, 36.01007], [10.45534, 36.00188], [10.46751, 35.99483], [10.4807, 35.99999], [10.49282, 35.99195], [10.47407, 35.98469], [10.49378, 35.97072], [10.52342, 35.97092], [10.53296, 35.97576], [10.51694, 36.02862], [10.48799, 36.04639], [10.47365, 36.08728]]]]}}, {"type": "Feature", "properties": {"adm3_pcode": "TN3160", "name": "Enfidha", "name_ar": "النفيضة", "id_delegation": "3160", "delegation_name": "Enfidha", "delegation_name_ar": "النفيضة", "governorate_name": "Sousse", "governorate_name_ar": "سوسة", "region_name": "Centre East", "lat": "36.12779542", "lon": "10.33587033", "area_sqkm": "377.86781458", "n_stations": "42", "n_certified": "42", "registered": "33841", "voters": "13241", "valid": "13925", "blank": "138", "spoilt": "431", "turnout_stations": "35", "turnout_registered": "32745", "turnout_voters": "11604", "saied": "13443", "saied_share_pct": "96.5386", "saied_margin_pp": "93.9892", "zammel": "355", "zammel_share_pct": "2.5494", "zammel_margin_pp": "-93.9892", "maghzaoui": "127", "maghzaoui_share_pct": "0.9120", "maghzaoui_margin_pp": "-95.6266", "candidate_sum": "13925", "winner": "saied", "runner_up": "zammel", "margin_pp": "93.9892", "turnout_pct": "35.4375", "turnout_coverage_pct": "83.3333"}, "geometry": {"type": "MultiPolygon", "coordinates": [[[[10.29124, 36.23609], [10.28159, 36.24393], [10.27927, 36.23409], [10.25489, 36.2229], [10.26731, 36.2116], [10.25564, 36.19605], [10.26752, 36.17302], [10.25652, 36.15918], [10.24247, 36.15368], [10.23299, 36.16684], [10.18236, 36.15636], [10.1819, 36.13796], [10.20734, 36.1352], [10.20272, 36.13303], [10.20213, 36.10411], [10.21034, 36.09569], [10.2072, 36.09082], [10.21683, 36.0869], [10.20357, 36.05713], [10.22243, 36.05472], [10.2771, 36.02523], [10.36465, 36.0119], [10.3598, 36.031], [10.36568, 36.0306], [10.36942, 36.05591], [10.37782, 36.0542], [10.38094, 36.06488], [10.43908, 36.06], [10.45119, 36.07017], [10.45251, 36.0839], [10.47365, 36.08728], [10.46734, 36.16956], [10.38508, 36.19071], [10.37333, 36.18528], [10.37487, 36.15798], [10.3477, 36.1633], [10.3195, 36.19119], [10.31485, 36.2128], [10.32702, 36.22789], [10.31004, 36.23593], [10.29124, 36.23609]]]]}}, {"type": "Feature", "properties": {"adm3_pcode": "TN3161", "name": "Bouficha", "name_ar": "بوفيشة", "id_delegation": "3161", "delegation_name": "Bouficha", "delegation_name_ar": "بوفيشة", "governorate_name": "Sousse", "governorate_name_ar": "سوسة", "region_name": "Centre East", "lat": "36.27436497", "lon": "10.42620837", "area_sqkm": "261.2003376", "n_stations": "23", "n_certified": "23", "registered": "18390", "voters": "7405", "valid": "7408", "blank": "87", "spoilt": "261", "turnout_stations": "20", "turnout_registered": "18390", "turnout_voters": "6811", "saied": "7052", "saied_share_pct": "95.1944", "saied_margin_pp": "91.8602", "zammel": "247", "zammel_share_pct": "3.3342", "zammel_margin_pp": "-91.8602", "maghzaoui": "109", "maghzaoui_share_pct": "1.4714", "maghzaoui_margin_pp": "-93.7230", "candidate_sum": "7408", "winner": "saied", "runner_up": "zammel", "margin_pp": "91.8602", "turnout_pct": "37.0364", "turnout_coverage_pct": "86.9565"}, "geometry": {"type": "MultiPolygon", "coordinates": [[[[10.52481, 36.36003], [10.53179, 36.37035], [10.50635, 36.39172], [10.48031, 36.35988], [10.46567, 36.37025], [10.45714, 36.36632], [10.4163, 36.37936], [10.37881, 36.38266], [10.38138, 36.37714], [10.37231, 36.36639], [10.38009, 36.35898], [10.36908, 36.34067], [10.38559, 36.32429], [10.37738, 36.31304], [10.382, 36.30077], [10.3743, 36.29625], [10.37507, 36.28153], [10.35796, 36.2811], [10.36556, 36.2688], [10.38527, 36.26435], [10.38595, 36.24803], [10.32196, 36.22574], [10.31651, 36.20267], [10.33219, 36.17543], [10.34527, 36.17119], [10.3477, 36.1633], [10.37487, 36.15798], [10.37333, 36.18528], [10.3893, 36.19079], [10.46734, 36.16956], [10.47879, 36.23877], [10.50427, 36.30571], [10.48982, 36.31461], [10.52481, 36.36003]]]]}}, {"type": "Feature", "properties": {"adm3_pcode": "TN3162", "name": "Kondar", "name_ar": "كندار", "id_delegation": "3162", "delegation_name": "Kondar", "delegation_name_ar": "كندار", "governorate_name": "Sousse", "governorate_name_ar": "سوسة", "region_name": "Centre East", "lat": "35.90446809", "lon": "10.24502975", "area_sqkm": "178.32285752", "n_stations": "12", "n_certified": "12", "registered": "7723", "voters": "3089", "valid": "3208", "blank": "23", "spoilt": "98", "turnout_stations": "10", "turnout_registered": "7723", "turnout_voters": "2736", "saied": "3083", "saied_share_pct": "96.1035", "saied_margin_pp": "93.1421", "zammel": "95", "zammel_share_pct": "2.9613", "zammel_margin_pp": "-93.1421", "maghzaoui": "30", "maghzaoui_share_pct": "0.9352", "maghzaoui_margin_pp": "-95.1683", "candidate_sum": "3208", "winner": "saied", "runner_up": "zammel", "margin_pp": "93.1421", "turnout_pct": "35.4266", "turnout_coverage_pct": "83.3333"}, "geometry": {"type": "MultiPolygon", "coordinates": [[[[10.35483, 35.97976], [10.32086, 35.9854], [10.32257, 35.99214], [10.31398, 35.99348], [10.31978, 36.01867], [10.2771, 36.02523], [10.25567, 36.03556], [10.25684, 36.00041], [10.22874, 35.92909], [10.21423, 35.90621], [10.20219, 35.90358], [10.19499, 35.89003], [10.18144, 35.88142], [10.17536, 35.86772], [10.17939, 35.85285], [10.16892, 35.84408], [10.17154, 35.84027], [10.16003, 35.83599], [10.15799, 35.82508], [10.16597, 35.82182], [10.1589, 35.81348], [10.17239, 35.79125], [10.18373, 35.78881], [10.19484, 35.77294], [10.21387, 35.77738], [10.22773, 35.79574], [10.23205, 35.81525], [10.19295, 35.83058], [10.19348, 35.83492], [10.24552, 35.88342], [10.28445, 35.90377], [10.29071, 35.91657], [10.30231, 35.91201], [10.30558, 35.91783], [10.32601, 35.91611], [10.33058, 35.90764], [10.33974, 35.91512], [10.34799, 35.92622], [10.33644, 35.9278], [10.33865, 35.93757], [10.35714, 35.94755], [10.35053, 35.9591], [10.35641, 35.96785], [10.35053, 35.97108], [10.36645, 35.97882], [10.35483, 35.97976]]]]}}, {"type": "Feature", "properties": {"adm3_pcode": "TN3163", "name": "Sidi El Heni", "name_ar": "سيدي الهاني", "id_delegation": "3163", "delegation_name": "Sidi El Heni", "delegation_name_ar": "سيدي الهاني", "governorate_name": "Sousse", "governorate_name_ar": "سوسة", "region_name": "Centre East", "lat": "35.69931118", "lon": "10.31891555", "area_sqkm": "320.90729538", "n_stations": "15", "n_certified": "15", "registered": "10706", "voters": "3010", "valid": "2868", "blank": "40", "spoilt": "102", "turnout_stations": "14", "turnout_registered": "10706", "turnout_voters": "2843", "saied": "2752", "saied_share_pct": "95.9554", "saied_margin_pp": "92.9219", "zammel": "87", "zammel_share_pct": "3.0335", "zammel_margin_pp": "-92.9219", "maghzaoui": "29", "maghzaoui_share_pct": "1.0112", "maghzaoui_margin_pp": "-94.9442", "candidate_sum": "2868", "winner": "saied", "runner_up": "zammel", "margin_pp": "92.9219", "turnout_pct": "26.5552", "turnout_coverage_pct": "93.3333"}, "geometry": {"type": "MultiPolygon", "coordinates": [[[[10.26465, 35.81905], [10.23205, 35.81525], [10.22773, 35.79574], [10.21559, 35.7793], [10.19484, 35.77294], [10.21262, 35.73958], [10.21127, 35.71526], [10.23141, 35.70518], [10.2769, 35.64951], [10.27234, 35.63301], [10.2954, 35.59432], [10.29338, 35.57927], [10.31636, 35.58551], [10.32122, 35.5911], [10.31845, 35.60361], [10.32721, 35.61529], [10.35021, 35.61812], [10.37009, 35.63397], [10.38172, 35.63125], [10.38105, 35.63617], [10.40513, 35.645], [10.44264, 35.63904], [10.42365, 35.65653], [10.43598, 35.66147], [10.43131, 35.67334], [10.41206, 35.69299], [10.40196, 35.69318], [10.40084, 35.70515], [10.38097, 35.72807], [10.40891, 35.7425], [10.44559, 35.74244], [10.43819, 35.75175], [10.43096, 35.75727], [10.41558, 35.74691], [10.39549, 35.74644], [10.39699, 35.75915], [10.37413, 35.76958], [10.36964, 35.78746], [10.33511, 35.80939], [10.29868, 35.80198], [10.26465, 35.81905]]]]}}, {"type": "Feature", "properties": {"adm3_pcode": "TN3164", "name": "M'Saken", "name_ar": "مساكن", "id_delegation": "3164", "delegation_name": "M'Saken", "delegation_name_ar": "مساكن", "governorate_name": "Sousse", "governorate_name_ar": "سوسة", "region_name": "Centre East", "lat": "35.67310176", "lon": "10.53876788", "area_sqkm": "334.23815292", "n_stations": "65", "n_certified": "65", "registered": "64390", "voters": "17795", "valid": "17698", "blank": "257", "spoilt": "522", "turnout_stations": "58", "turnout_registered": "61537", "turnout_voters": "17143", "saied": "15498", "saied_share_pct": "87.5692", "saied_margin_pp": "76.9918", "zammel": "1872", "zammel_share_pct": "10.5775", "zammel_margin_pp": "-76.9918", "maghzaoui": "328", "maghzaoui_share_pct": "1.8533", "maghzaoui_margin_pp": "-85.7159", "candidate_sum": "17698", "winner": "saied", "runner_up": "zammel", "margin_pp": "76.9918", "turnout_pct": "27.8580", "turnout_coverage_pct": "89.2308"}, "geometry": {"type": "MultiPolygon", "coordinates": [[[[10.54074, 35.79053], [10.45492, 35.77307], [10.43096, 35.75727], [10.44559, 35.74244], [10.40891, 35.7425], [10.381, 35.72855], [10.40084, 35.70515], [10.40196, 35.69318], [10.41206, 35.69299], [10.43261, 35.67145], [10.43598, 35.66147], [10.42365, 35.65653], [10.44215, 35.63936], [10.46671, 35.63373], [10.47725, 35.61731], [10.48758, 35.61544], [10.49776, 35.58159], [10.49157, 35.56602], [10.4996, 35.55485], [10.53582, 35.56887], [10.52053, 35.58985], [10.531, 35.60934], [10.55918, 35.62821], [10.56905, 35.65027], [10.5778, 35.64162], [10.59169, 35.64889], [10.61888, 35.63637], [10.64843, 35.66732], [10.6251, 35.68562], [10.63815, 35.69339], [10.63358, 35.69989], [10.64151, 35.71442], [10.60398, 35.75716], [10.61519, 35.75306], [10.6227, 35.76546], [10.60333, 35.7668], [10.60453, 35.77931], [10.58153, 35.76852], [10.57289, 35.78811], [10.54074, 35.79053]]]]}}, {"type": "Feature", "properties": {"adm3_pcode": "TN3165", "name": "Kalaa Sghira", "name_ar": "القلعة الصغرى", "id_delegation": "3165", "delegation_name": "Kalaa Sghira", "delegation_name_ar": "القلعة الصغرى", "governorate_name": "Sousse", "governorate_name_ar": "سوسة", "region_name": "Centre East", "lat": "35.79798875", "lon": "10.47091273", "area_sqkm": "102.52871571", "n_stations": "28", "n_certified": "28", "registered": "27756", "voters": "8952", "valid": "8932", "blank": "93", "spoilt": "317", "turnout_stations": "27", "turnout_registered": "27756", "turnout_voters": "8952", "saied": "8297", "saied_share_pct": "92.8907", "saied_margin_pp": "87.1585", "zammel": "512", "zammel_share_pct": "5.7322", "zammel_margin_pp": "-87.1585", "maghzaoui": "123", "maghzaoui_share_pct": "1.3771", "maghzaoui_margin_pp": "-91.5137", "candidate_sum": "8932", "winner": "saied", "runner_up": "zammel", "margin_pp": "87.1585", "turnout_pct": "32.2525", "turnout_coverage_pct": "96.4286"}, "geometry": {"type": "MultiPolygon", "coordinates": [[[[10.52176, 35.84739], [10.51253, 35.84631], [10.51577, 35.83572], [10.49689, 35.82956], [10.50517, 35.82103], [10.49282, 35.81532], [10.45893, 35.81158], [10.43469, 35.82738], [10.40371, 35.8079], [10.41577, 35.80222], [10.37662, 35.80393], [10.36732, 35.78899], [10.37493, 35.7794], [10.36977, 35.77361], [10.39699, 35.75915], [10.39549, 35.74644], [10.41558, 35.74691], [10.45492, 35.77307], [10.4817, 35.78202], [10.52694, 35.78515], [10.56598, 35.79658], [10.58077, 35.80442], [10.5917, 35.82561], [10.58876, 35.83464], [10.58365, 35.8402], [10.56727, 35.83358], [10.56226, 35.84892], [10.52668, 35.84095], [10.52176, 35.84739]]]]}}, {"type": "Feature", "properties": {"adm3_pcode": "TN3166", "name": "Zaouia Ksiba Thraya", "name_ar": "الزاوية - القصيبة - الثريات", "id_delegation": "3166", "delegation_name": "Zaouia Ksiba Thraya", "delegation_name_ar": "الزاوية - القصيبة - الثريات", "governorate_name": "Sousse", "governorate_name_ar": "سوسة", "region_name": "Centre East", "lat": "35.76801713", "lon": "10.63817848", "area_sqkm": "37.03676266", "n_stations": "24", "n_certified": "24", "registered": "22247", "voters": "8974", "valid": "8775", "blank": "95", "spoilt": "312", "turnout_stations": "21", "turnout_registered": "21409", "turnout_voters": "8121", "saied": "8270", "saied_share_pct": "94.2450", "saied_margin_pp": "89.4701", "zammel": "419", "zammel_share_pct": "4.7749", "zammel_margin_pp": "-89.4701", "maghzaoui": "86", "maghzaoui_share_pct": "0.9801", "maghzaoui_margin_pp": "-93.2650", "candidate_sum": "8775", "winner": "saied", "runner_up": "zammel", "margin_pp": "89.4701", "turnout_pct": "37.9326", "turnout_coverage_pct": "87.5000"}, "geometry": {"type": "MultiPolygon", "coordinates": [[[[10.63245, 35.79641], [10.61449, 35.8032], [10.57468, 35.7839], [10.58153, 35.76852], [10.60453, 35.77931], [10.60333, 35.7668], [10.6227, 35.76546], [10.61519, 35.75306], [10.60398, 35.75716], [10.62315, 35.73283], [10.64525, 35.74333], [10.66873, 35.74004], [10.67617, 35.75711], [10.6705, 35.77076], [10.67875, 35.779], [10.65874, 35.77011], [10.65171, 35.79546], [10.63245, 35.79641]]]]}}, {"type": "Feature", "properties": {"adm3_pcode": "TN3251", "name": "Monastir", "name_ar": "المنستير", "id_delegation": "3251", "delegation_name": "Monastir", "delegation_name_ar": "المنستير", "governorate_name": "Monastir", "governorate_name_ar": "المنستير", "region_name": "Centre East", "lat": "35.73950189", "lon": "10.79882403", "area_sqkm": "60.60367128", "n_stations": "77", "n_certified": "77", "registered": "79689", "voters": "24212", "valid": "23792", "blank": "345", "spoilt": "731", "turnout_stations": "73", "turnout_registered": "78558", "turnout_voters": "23522", "saied": "21104", "saied_share_pct": "88.7021", "saied_margin_pp": "79.6318", "zammel": "2158", "zammel_share_pct": "9.0703", "zammel_margin_pp": "-79.6318", "maghzaoui": "530", "maghzaoui_share_pct": "2.2276", "maghzaoui_margin_pp": "-86.4744", "candidate_sum": "23792", "winner": "saied", "runner_up": "zammel", "margin_pp": "79.6318", "turnout_pct": "29.9422", "turnout_coverage_pct": "94.8052"}, "geometry": {"type": "MultiPolygon", "coordinates": [[[[10.73969, 35.76513], [10.68501, 35.78752], [10.68047, 35.78095], [10.70126, 35.76048], [10.75502, 35.74479], [10.77825, 35.74396], [10.75253, 35.71366], [10.75747, 35.709], [10.76552, 35.70375], [10.79981, 35.71318], [10.82081, 35.69153], [10.8335, 35.69715], [10.81655, 35.72035], [10.82422, 35.74823], [10.8302, 35.75696], [10.83936, 35.75635], [10.84284, 35.76788], [10.83335, 35.78202], [10.80636, 35.78507], [10.73969, 35.76513]]]]}}, {"type": "Feature", "properties": {"adm3_pcode": "TN3252", "name": "Ouerdanine", "name_ar": "الوردانين", "id_delegation": "3252", "delegation_name": "Ouerdanine", "delegation_name_ar": "الوردانين", "governorate_name": "Monastir", "governorate_name_ar": "المنستير", "region_name": "Centre East", "lat": "35.70105815", "lon": "10.6771591", "area_sqkm": "51.31668602", "n_stations": "18", "n_certified": "18", "registered": "15190", "voters": "5517", "valid": "5832", "blank": "62", "spoilt": "165", "turnout_stations": "16", "turnout_registered": "15190", "turnout_voters": "5127", "saied": "5580", "saied_share_pct": "95.6790", "saied_margin_pp": "92.3525", "zammel": "194", "zammel_share_pct": "3.3265", "zammel_margin_pp": "-92.3525", "maghzaoui": "58", "maghzaoui_share_pct": "0.9945", "maghzaoui_margin_pp": "-94.6845", "candidate_sum": "5832", "winner": "saied", "runner_up": "zammel", "margin_pp": "92.3525", "turnout_pct": "33.7525", "turnout_coverage_pct": "88.8889"}, "geometry": {"type": "MultiPolygon", "coordinates": [[[[10.66326, 35.74032], [10.64525, 35.74333], [10.62325, 35.733], [10.64151, 35.71442], [10.63358, 35.69989], [10.63815, 35.69339], [10.6251, 35.68562], [10.65096, 35.66629], [10.68672, 35.66734], [10.69178, 35.65819], [10.69377, 35.6634], [10.69778, 35.66001], [10.71333, 35.67254], [10.71434, 35.6891], [10.72396, 35.6945], [10.72139, 35.70172], [10.71231, 35.709], [10.70091, 35.7074], [10.68869, 35.72959], [10.68184, 35.72047], [10.67462, 35.72256], [10.67281, 35.73637], [10.66326, 35.74032]]]]}}, {"type": "Feature", "properties": {"adm3_pcode": "TN3253", "name": "Sahline", "name_ar": "الساحلين", "id_delegation": "3253", "delegation_name": "Sahline", "delegation_name_ar": "الساحلين", "governorate_name": "Monastir", "governorate_name_ar": "المنستير", "region_name": "Centre East", "lat": "35.74194675", "lon": "10.7225846", "area_sqkm": "42.28398251", "n_stations": "21", "n_certified": "21", "registered": "21864", "voters": "8494", "valid": "8134", "blank": "75", "spoilt": "285", "turnout_stations": "20", "turnout_registered": "21864", "turnout_voters": "8015", "saied": "7497", "saied_share_pct": "92.1687", "saied_margin_pp": "85.4807", "zammel": "544", "zammel_share_pct": "6.6880", "zammel_margin_pp": "-85.4807", "maghzaoui": "93", "maghzaoui_share_pct": "1.1433", "maghzaoui_margin_pp": "-91.0253", "candidate_sum": "8134", "winner": "saied", "runner_up": "zammel", "margin_pp": "85.4807", "turnout_pct": "36.6584", "turnout_coverage_pct": "95.2381"}, "geometry": {"type": "MultiPolygon", "coordinates": [[[[10.72478, 35.7535], [10.70126, 35.76048], [10.68047, 35.78095], [10.67076, 35.77166], [10.67617, 35.75711], [10.66814, 35.74819], [10.67462, 35.72256], [10.68184, 35.72047], [10.68869, 35.72959], [10.70091, 35.7074], [10.71231, 35.709], [10.72139, 35.70172], [10.74394, 35.7148], [10.75253, 35.71366], [10.77825, 35.74396], [10.72478, 35.7535]]]]}}, {"type": "Feature", "properties": {"adm3_pcode": "TN3254", "name": "Zeramdine", "name_ar": "زرمدين", "id_delegation": "3254", "delegation_name": "Zeramdine", "delegation_name_ar": "زرمدين", "governorate_name": "Monastir", "governorate_name_ar": "المنستير", "region_name": "Centre East", "lat": "35.56441494", "lon": "10.69497274", "area_sqkm": "248.74362868", "n_stations": "25", "n_certified": "25", "registered": "22038", "voters": "5719", "valid": "5768", "blank": "50", "spoilt": "138", "turnout_stations": "22", "turnout_registered": "21144", "turnout_voters": "5242", "saied": "5351", "saied_share_pct": "92.7705", "saied_margin_pp": "87.3093", "zammel": "315", "zammel_share_pct": "5.4612", "zammel_margin_pp": "-87.3093", "maghzaoui": "102", "maghzaoui_share_pct": "1.7684", "maghzaoui_margin_pp": "-91.0021", "candidate_sum": "5768", "winner": "saied", "runner_up": "zammel", "margin_pp": "87.3093", "turnout_pct": "24.7919", "turnout_coverage_pct": "88.0000"}, "geometry": {"type": "MultiPolygon", "coordinates": [[[[10.59717, 35.61103], [10.59086, 35.62791], [10.56905, 35.65027], [10.55918, 35.62821], [10.531, 35.60934], [10.52053, 35.58985], [10.53582, 35.56887], [10.4996, 35.55485], [10.49294, 35.53881], [10.49413, 35.49538], [10.49945, 35.48177], [10.50809, 35.47846], [10.55061, 35.48789], [10.55962, 35.5031], [10.59126, 35.50625], [10.59497, 35.49797], [10.61467, 35.4942], [10.61239, 35.48958], [10.6211, 35.48555], [10.63992, 35.50269], [10.67684, 35.50278], [10.68231, 35.50413], [10.67626, 35.5084], [10.67989, 35.51338], [10.69666, 35.51104], [10.71676, 35.52428], [10.72425, 35.52123], [10.73729, 35.53281], [10.7408, 35.55141], [10.75578, 35.56359], [10.75291, 35.56974], [10.76136, 35.58655], [10.74454, 35.58586], [10.72512, 35.60312], [10.71793, 35.62365], [10.6972, 35.62604], [10.68676, 35.61357], [10.66007, 35.60501], [10.66134, 35.57822], [10.61813, 35.55557], [10.59717, 35.61103]]]]}}, {"type": "Feature", "properties": {"adm3_pcode": "TN3255", "name": "Beni Hassen", "name_ar": "بني حسان", "id_delegation": "3255", "delegation_name": "Beni Hassen", "delegation_name_ar": "بني حسان", "governorate_name": "Monastir", "governorate_name_ar": "المنستير", "region_name": "Centre East", "lat": "35.53502935", "lon": "10.77838073", "area_sqkm": "86.31287931", "n_stations": "11", "n_certified": "11", "registered": "9795", "voters": "4123", "valid": "3988", "blank": "40", "spoilt": "95", "turnout_stations": "9", "turnout_registered": "9795", "turnout_voters": "3404", "saied": "3837", "saied_share_pct": "96.2136", "saied_margin_pp": "93.4303", "zammel": "111", "zammel_share_pct": "2.7834", "zammel_margin_pp": "-93.4303", "maghzaoui": "40", "maghzaoui_share_pct": "1.0030", "maghzaoui_margin_pp": "-95.2106", "candidate_sum": "3988", "winner": "saied", "runner_up": "zammel", "margin_pp": "93.4303", "turnout_pct": "34.7524", "turnout_coverage_pct": "81.8182"}, "geometry": {"type": "MultiPolygon", "coordinates": [[[[10.82638, 35.59289], [10.82229, 35.59836], [10.80757, 35.59112], [10.79984, 35.5953], [10.79131, 35.59004], [10.79886, 35.58451], [10.79204, 35.58083], [10.80163, 35.57531], [10.78771, 35.55586], [10.74013, 35.54155], [10.72425, 35.52123], [10.71676, 35.52428], [10.69666, 35.51104], [10.67989, 35.51338], [10.67626, 35.5084], [10.68231, 35.50413], [10.63889, 35.50224], [10.64016, 35.48591], [10.66095, 35.47728], [10.67233, 35.48474], [10.68421, 35.47755], [10.68367, 35.47165], [10.69732, 35.47349], [10.69792, 35.4795], [10.71209, 35.47518], [10.71804, 35.48931], [10.7355, 35.48731], [10.73905, 35.50317], [10.75455, 35.49547], [10.75949, 35.5017], [10.78228, 35.4975], [10.78815, 35.50625], [10.8001, 35.5079], [10.80431, 35.52898], [10.84558, 35.54584], [10.84366, 35.55143], [10.85177, 35.55471], [10.83327, 35.57011], [10.83494, 35.58157], [10.82638, 35.59289]]]]}}, {"type": "Feature", "properties": {"adm3_pcode": "TN3256", "name": "Jammel", "name_ar": "جمال", "id_delegation": "3256", "delegation_name": "Jammel", "delegation_name_ar": "جمال", "governorate_name": "Monastir", "governorate_name_ar": "المنستير", "region_name": "Centre East", "lat": "35.60671711", "lon": "10.77325531", "area_sqkm": "156.56427281", "n_stations": "50", "n_certified": "50", "registered": "45080", "voters": "15206", "valid": "14735", "blank": "124", "spoilt": "347", "turnout_stations": "45", "turnout_registered": "45080", "turnout_voters": "13467", "saied": "13886", "saied_share_pct": "94.2382", "saied_margin_pp": "89.6980", "zammel": "669", "zammel_share_pct": "4.5402", "zammel_margin_pp": "-89.6980", "maghzaoui": "180", "maghzaoui_share_pct": "1.2216", "maghzaoui_margin_pp": "-93.0166", "candidate_sum": "14735", "winner": "saied", "runner_up": "zammel", "margin_pp": "89.6980", "turnout_pct": "29.8736", "turnout_coverage_pct": "90.0000"}, "geometry": {"type": "MultiPolygon", "coordinates": [[[[10.72495, 35.66024], [10.71331, 35.67252], [10.69178, 35.65819], [10.68672, 35.66734], [10.65096, 35.66629], [10.64745, 35.67167], [10.64691, 35.66418], [10.61888, 35.63637], [10.59169, 35.64889], [10.5778, 35.64162], [10.59341, 35.62342], [10.61813, 35.55557], [10.66134, 35.57822], [10.66007, 35.60501], [10.68676, 35.61357], [10.70091, 35.62625], [10.71793, 35.62365], [10.72512, 35.60312], [10.74454, 35.58586], [10.76136, 35.58655], [10.75291, 35.56974], [10.75603, 35.56402], [10.73835, 35.54291], [10.78944, 35.55724], [10.80167, 35.57573], [10.79268, 35.57984], [10.79886, 35.58451], [10.79131, 35.59004], [10.82229, 35.59836], [10.82425, 35.61043], [10.8125, 35.634], [10.79272, 35.64905], [10.75907, 35.65103], [10.76374, 35.66573], [10.73993, 35.64864], [10.72495, 35.66024]]]]}}, {"type": "Feature", "properties": {"adm3_pcode": "TN3257", "name": "Bembla", "name_ar": "بنبلة", "id_delegation": "3257", "delegation_name": "Bembla", "delegation_name_ar": "بنبلة", "governorate_name": "Monastir", "governorate_name_ar": "المنستير", "region_name": "Centre East", "lat": "35.68150803", "lon": "10.7585481", "area_sqkm": "48.91967258", "n_stations": "25", "n_certified": "25", "registered": "23732", "voters": "7667", "valid": "7627", "blank": "113", "spoilt": "237", "turnout_stations": "24", "turnout_registered": "23732", "turnout_voters": "7667", "saied": "7052", "saied_share_pct": "92.4610", "saied_margin_pp": "86.0758", "zammel": "487", "zammel_share_pct": "6.3852", "zammel_margin_pp": "-86.0758", "maghzaoui": "88", "maghzaoui_share_pct": "1.1538", "maghzaoui_margin_pp": "-91.3072", "candidate_sum": "7627", "winner": "saied", "runner_up": "zammel", "margin_pp": "86.0758", "turnout_pct": "32.3066", "turnout_coverage_pct": "96.0000"}, "geometry": {"type": "MultiPolygon", "coordinates": [[[[10.74744, 35.71465], [10.71985, 35.70075], [10.72396, 35.6945], [10.71434, 35.6891], [10.71393, 35.6715], [10.73993, 35.64864], [10.76374, 35.66573], [10.75907, 35.65103], [10.79439, 35.65153], [10.80772, 35.66982], [10.80345, 35.68478], [10.81886, 35.69388], [10.79981, 35.71318], [10.76552, 35.70375], [10.74744, 35.71465]]]]}}, {"type": "Feature", "properties": {"adm3_pcode": "TN3258", "name": "Moknine", "name_ar": "المكنين", "id_delegation": "3258", "delegation_name": "Moknine", "delegation_name_ar": "المكنين", "governorate_name": "Monastir", "governorate_name_ar": "المنستير", "region_name": "Centre East", "lat": "35.53680325", "lon": "10.87785753", "area_sqkm": "197.28033251", "n_stations": "81", "n_certified": "81", "registered": "66427", "voters": "22858", "valid": "22842", "blank": "196", "spoilt": "385", "turnout_stations": "77", "turnout_registered": "65889", "turnout_voters": "22629", "saied": "21888", "saied_share_pct": "95.8235", "saied_margin_pp": "92.6670", "zammel": "721", "zammel_share_pct": "3.1565", "zammel_margin_pp": "-92.6670", "maghzaoui": "233", "maghzaoui_share_pct": "1.0201", "maghzaoui_margin_pp": "-94.8034", "candidate_sum": "22842", "winner": "saied", "runner_up": "zammel", "margin_pp": "92.6670", "turnout_pct": "34.3441", "turnout_coverage_pct": "95.0617"}, "geometry": {"type": "MultiPolygon", "coordinates": [[[[10.92194, 35.6463], [10.91087, 35.65107], [10.90774, 35.64426], [10.87658, 35.63296], [10.87168, 35.63008], [10.87388, 35.61638], [10.84898, 35.61128], [10.83316, 35.59711], [10.83327, 35.57011], [10.85177, 35.55471], [10.84366, 35.55143], [10.84558, 35.54584], [10.80431, 35.52898], [10.79992, 35.50766], [10.78815, 35.50625], [10.78228, 35.4975], [10.75949, 35.5017], [10.75455, 35.49547], [10.73905, 35.50317], [10.73081, 35.4745], [10.75355, 35.46374], [10.75955, 35.44984], [10.77754, 35.44017], [10.78108, 35.42707], [10.79711, 35.42895], [10.79973, 35.42307], [10.80852, 35.42302], [10.81531, 35.43321], [10.82517, 35.43019], [10.82575, 35.43526], [10.84286, 35.43731], [10.84687, 35.45124], [10.83724, 35.45628], [10.84734, 35.48368], [10.86716, 35.48685], [10.87338, 35.49891], [10.89341, 35.5067], [10.92479, 35.50816], [10.9159, 35.51802], [10.9215, 35.52971], [10.94724, 35.54354], [10.93006, 35.56066], [10.93439, 35.57678], [10.90642, 35.5932], [10.91285, 35.59355], [10.90983, 35.6032], [10.93353, 35.61272], [10.93447, 35.6465], [10.92498, 35.65068], [10.92194, 35.6463]]]]}}, {"type": "Feature", "properties": {"adm3_pcode": "TN3259", "name": "Bekalta", "name_ar": "البقالطة", "id_delegation": "3259", "delegation_name": "Bekalta", "delegation_name_ar": "البقالطة", "governorate_name": "Monastir", "governorate_name_ar": "المنستير", "region_name": "Centre East", "lat": "35.5966003", "lon": "11.00993816", "area_sqkm": "43.99039503", "n_stations": "15", "n_certified": "15", "registered": "13156", "voters": "3542", "valid": "3971", "blank": "57", "spoilt": "86", "turnout_stations": "13", "turnout_registered": "11304", "turnout_voters": "3542", "saied": "3729", "saied_share_pct": "93.9058", "saied_margin_pp": "89.1967", "zammel": "187", "zammel_share_pct": "4.7091", "zammel_margin_pp": "-89.1967", "maghzaoui": "55", "maghzaoui_share_pct": "1.3850", "maghzaoui_margin_pp": "-92.5208", "candidate_sum": "3971", "winner": "saied", "runner_up": "zammel", "margin_pp": "89.1967", "turnout_pct": "31.3340", "turnout_coverage_pct": "86.6667"}, "geometry": {"type": "MultiPolygon", "coordinates": [[[[10.99684, 35.63794], [10.97485, 35.63519], [10.97912, 35.62593], [10.97261, 35.61784], [10.98339, 35.61204], [10.97989, 35.59723], [10.98914, 35.57094], [11.0038, 35.55358], [11.03042, 35.5573], [11.04798, 35.62438], [11.03396, 35.63276], [10.99684, 35.63794]]]]}}, {"type": "Feature", "properties": {"adm3_pcode": "TN3260", "name": "Teboulba", "name_ar": "طبلبة", "id_delegation": "3260", "delegation_name": "Teboulba", "delegation_name_ar": "طبلبة", "governorate_name": "Monastir", "governorate_name_ar": "المنستير", "region_name": "Centre East", "lat": "35.63980231", "lon": "10.96125119", "area_sqkm": "19.47028279", "n_stations": "27", "n_certified": "26", "registered": "27078", "voters": "10800", "valid": "10484", "blank": "109", "spoilt": "205", "turnout_stations": "25", "turnout_registered": "26950", "turnout_voters": "10261", "saied": "9818", "saied_share_pct": "93.6475", "saied_margin_pp": "88.4109", "zammel": "549", "zammel_share_pct": "5.2366", "zammel_margin_pp": "-88.4109", "maghzaoui": "117", "maghzaoui_share_pct": "1.1160", "maghzaoui_margin_pp": "-92.5315", "candidate_sum": "10484", "winner": "saied", "runner_up": "zammel", "margin_pp": "88.4109", "turnout_pct": "38.0742", "turnout_coverage_pct": "92.5926"}, "geometry": {"type": "MultiPolygon", "coordinates": [[[[10.93124, 35.66395], [10.93539, 35.65875], [10.92498, 35.65068], [10.93447, 35.6465], [10.93408, 35.62339], [10.95554, 35.61575], [10.97261, 35.61784], [10.98049, 35.63889], [10.99956, 35.63978], [10.98082, 35.65386], [10.93124, 35.66395]]]]}}, {"type": "Feature", "properties": {"adm3_pcode": "TN3261", "name": "Ksar Hellal", "name_ar": "قصر هلال", "id_delegation": "3261", "delegation_name": "Ksar Hellal", "delegation_name_ar": "قصر هلال", "governorate_name": "Monastir", "governorate_name_ar": "المنستير", "region_name": "Centre East", "lat": "35.6374095", "lon": "10.86979348", "area_sqkm": "22.01455758", "n_stations": "41", "n_certified": "41", "registered": "38254", "voters": "13847", "valid": "13311", "blank": "160", "spoilt": "376", "turnout_stations": "38", "turnout_registered": "38254", "turnout_voters": "12750", "saied": "12413", "saied_share_pct": "93.2537", "saied_margin_pp": "87.7395", "zammel": "734", "zammel_share_pct": "5.5142", "zammel_margin_pp": "-87.7395", "maghzaoui": "164", "maghzaoui_share_pct": "1.2321", "maghzaoui_margin_pp": "-92.0216", "candidate_sum": "13311", "winner": "saied", "runner_up": "zammel", "margin_pp": "87.7395", "turnout_pct": "33.3298", "turnout_coverage_pct": "92.6829"}, "geometry": {"type": "MultiPolygon", "coordinates": [[[[10.89895, 35.65603], [10.88151, 35.66473], [10.86007, 35.65938], [10.85704, 35.65335], [10.83743, 35.65746], [10.83064, 35.64251], [10.84764, 35.64039], [10.85059, 35.63351], [10.84212, 35.62408], [10.84726, 35.61213], [10.85627, 35.61001], [10.87388, 35.61638], [10.87168, 35.63008], [10.87658, 35.63296], [10.90774, 35.64426], [10.91087, 35.65107], [10.92343, 35.64602], [10.92192, 35.65235], [10.89895, 35.65603]]]]}}, {"type": "Feature", "properties": {"adm3_pcode": "TN3262", "name": "Ksibet El Mediouni", "name_ar": "قصيبة المديوني", "id_delegation": "3262", "delegation_name": "Ksibet El Mediouni", "delegation_name_ar": "قصيبة المديوني", "governorate_name": "Monastir", "governorate_name_ar": "المنستير", "region_name": "Centre East", "lat": "35.64458546", "lon": "10.81614473", "area_sqkm": "37.12382847", "n_stations": "27", "n_certified": "27", "registered": "24981", "voters": "10243", "valid": "9897", "blank": "104", "spoilt": "242", "turnout_stations": "23", "turnout_registered": "24981", "turnout_voters": "8699", "saied": "9223", "saied_share_pct": "93.1899", "saied_margin_pp": "87.8044", "zammel": "533", "zammel_share_pct": "5.3855", "zammel_margin_pp": "-87.8044", "maghzaoui": "141", "maghzaoui_share_pct": "1.4247", "maghzaoui_margin_pp": "-91.7652", "candidate_sum": "9897", "winner": "saied", "runner_up": "zammel", "margin_pp": "87.8044", "turnout_pct": "34.8225", "turnout_coverage_pct": "85.1852"}, "geometry": {"type": "MultiPolygon", "coordinates": [[[[10.83523, 35.69631], [10.80946, 35.69206], [10.81246, 35.68645], [10.80345, 35.68478], [10.80772, 35.66982], [10.79599, 35.65285], [10.78437, 35.64964], [10.809, 35.63958], [10.82768, 35.59171], [10.84898, 35.61128], [10.84212, 35.62408], [10.85059, 35.63351], [10.84243, 35.64327], [10.83051, 35.64411], [10.83743, 35.65746], [10.85704, 35.65335], [10.85096, 35.67585], [10.86586, 35.6731], [10.86749, 35.68343], [10.83523, 35.69631]]]]}}, {"type": "Feature", "properties": {"adm3_pcode": "TN3263", "name": "Sayada-Lamta-Bou Hjar", "name_ar": "صيادة - لمطة - بوحجر", "id_delegation": "3263", "delegation_name": "Sayada-Lamta-Bou Hjar", "delegation_name_ar": "صيادة - لمطة - بوحجر", "governorate_name": "Monastir", "governorate_name_ar": "المنستير", "region_name": "Centre East", "lat": "35.6672541", "lon": "10.88621845", "area_sqkm": "12.78186636", "n_stations": "23", "n_certified": "23", "registered": "20534", "voters": "7352", "valid": "7134", "blank": "81", "spoilt": "137", "turnout_stations": "20", "turnout_registered": "20534", "turnout_voters": "6496", "saied": "6567", "saied_share_pct": "92.0521", "saied_margin_pp": "85.8424", "zammel": "443", "zammel_share_pct": "6.2097", "zammel_margin_pp": "-85.8424", "maghzaoui": "124", "maghzaoui_share_pct": "1.7382", "maghzaoui_margin_pp": "-90.3140", "candidate_sum": "7134", "winner": "saied", "runner_up": "zammel", "margin_pp": "85.8424", "turnout_pct": "31.6353", "turnout_coverage_pct": "86.9565"}, "geometry": {"type": "MultiPolygon", "coordinates": [[[[10.87082, 35.68322], [10.86253, 35.67739], [10.86586, 35.6731], [10.85096, 35.67585], [10.85691, 35.65477], [10.88151, 35.66473], [10.92498, 35.65068], [10.93539, 35.65875], [10.87082, 35.68322]]]]}}, {"type": "Feature", "properties": {"adm3_pcode": "TN3351", "name": "Mahdia", "name_ar": "المهدية", "id_delegation": "3351", "delegation_name": "Mahdia", "delegation_name_ar": "المهدية", "governorate_name": "Mahdia", "governorate_name_ar": "المهدية", "region_name": "Centre East", "lat": "35.48768806", "lon": "10.96268589", "area_sqkm": "165.97474201", "n_stations": "69", "n_certified": "68", "registered": "69729", "voters": "19955", "valid": "19195", "blank": "317", "spoilt": "443", "turnout_stations": "67", "turnout_registered": "69729", "turnout_voters": "19638", "saied": "17523", "saied_share_pct": "91.2894", "saied_margin_pp": "84.6523", "zammel": "1274", "zammel_share_pct": "6.6371", "zammel_margin_pp": "-84.6523", "maghzaoui": "398", "maghzaoui_share_pct": "2.0735", "maghzaoui_margin_pp": "-89.2159", "candidate_sum": "19195", "winner": "saied", "runner_up": "zammel", "margin_pp": "84.6523", "turnout_pct": "28.1633", "turnout_coverage_pct": "97.1014"}, "geometry": {"type": "MultiPolygon", "coordinates": [[[[11.02924, 35.55719], [11.01278, 35.55238], [10.99537, 35.55586], [10.98874, 35.54345], [10.95822, 35.5409], [10.95624, 35.53495], [10.95026, 35.5435], [10.93731, 35.54256], [10.9159, 35.51802], [10.92479, 35.50816], [10.89341, 35.5067], [10.87338, 35.49891], [10.86716, 35.48685], [10.85031, 35.48619], [10.83724, 35.45628], [10.84687, 35.45124], [10.84286, 35.43731], [10.85137, 35.43918], [10.85029, 35.41822], [10.88332, 35.45099], [10.91862, 35.4612], [10.93642, 35.44505], [10.95945, 35.46409], [10.97473, 35.44265], [11.00476, 35.45481], [11.01305, 35.45447], [11.01404, 35.44316], [11.02417, 35.44045], [11.0347, 35.44834], [11.04289, 35.44213], [11.05955, 35.49362], [11.08205, 35.50765], [11.06808, 35.50527], [11.0486, 35.51491], [11.03657, 35.53105], [11.02924, 35.55719]]]]}}, {"type": "Feature", "properties": {"adm3_pcode": "TN3352", "name": "Boumerdès", "name_ar": "بومرداس", "id_delegation": "3352", "delegation_name": "Boumerdès", "delegation_name_ar": "بومرداس", "governorate_name": "Mahdia", "governorate_name_ar": "المهدية", "region_name": "Centre East", "lat": "35.42431899", "lon": "10.69654898", "area_sqkm": "191.0238934", "n_stations": "28", "n_certified": "28", "registered": "23842", "voters": "8543", "valid": "8692", "blank": "101", "spoilt": "243", "turnout_stations": "25", "turnout_registered": "23066", "turnout_voters": "8251", "saied": "8295", "saied_share_pct": "95.4326", "saied_margin_pp": "92.0387", "zammel": "295", "zammel_share_pct": "3.3939", "zammel_margin_pp": "-92.0387", "maghzaoui": "102", "maghzaoui_share_pct": "1.1735", "maghzaoui_margin_pp": "-94.2591", "candidate_sum": "8692", "winner": "saied", "runner_up": "zammel", "margin_pp": "92.0387", "turnout_pct": "35.7713", "turnout_coverage_pct": "89.2857"}, "geometry": {"type": "MultiPolygon", "coordinates": [[[[10.64791, 35.48225], [10.64016, 35.48591], [10.63807, 35.50022], [10.6211, 35.48555], [10.61233, 35.46567], [10.57156, 35.44859], [10.57462, 35.43696], [10.56756, 35.41959], [10.58501, 35.41374], [10.58899, 35.43017], [10.59843, 35.41953], [10.61784, 35.4169], [10.61916, 35.39323], [10.6273, 35.39778], [10.63459, 35.38491], [10.65643, 35.38373], [10.66441, 35.37766], [10.6758, 35.34813], [10.71219, 35.36642], [10.71627, 35.38318], [10.75024, 35.39085], [10.74413, 35.40418], [10.731, 35.40964], [10.75987, 35.41293], [10.77128, 35.40133], [10.77991, 35.40235], [10.79518, 35.37861], [10.79867, 35.38785], [10.82236, 35.39782], [10.82644, 35.40985], [10.85029, 35.41822], [10.85137, 35.43918], [10.82575, 35.43526], [10.82517, 35.43019], [10.81531, 35.43321], [10.80852, 35.42302], [10.79973, 35.42307], [10.79711, 35.42895], [10.78108, 35.42707], [10.77754, 35.44017], [10.75955, 35.44984], [10.75355, 35.46374], [10.73081, 35.4745], [10.7355, 35.48731], [10.71804, 35.48931], [10.71209, 35.47518], [10.69792, 35.4795], [10.69732, 35.47349], [10.68367, 35.47165], [10.68421, 35.47755], [10.67233, 35.48474], [10.66095, 35.47728], [10.64791, 35.48225]]]]}}, {"type": "Feature", "properties": {"adm3_pcode": "TN3353", "name": "Ouled Chamekh", "name_ar": "أولاد شامخ", "id_delegation": "3353", "delegation_name": "Ouled Chamekh", "delegation_name_ar": "أولاد شامخ", "governorate_name": "Mahdia", "governorate_name_ar": "المهدية", "region_name": "Centre East", "lat": "35.47809665", "lon": "10.33924434", "area_sqkm": "357.75482849", "n_stations": "23", "n_certified": "23", "registered": "18253", "voters": "5483", "valid": "5314", "blank": "52", "spoilt": "117", "turnout_stations": "21", "turnout_registered": "18253", "turnout_voters": "4871", "saied": "5128", "saied_share_pct": "96.4998", "saied_margin_pp": "94.1852", "zammel": "123", "zammel_share_pct": "2.3146", "zammel_margin_pp": "-94.1852", "maghzaoui": "63", "maghzaoui_share_pct": "1.1855", "maghzaoui_margin_pp": "-95.3143", "candidate_sum": "5314", "winner": "saied", "runner_up": "zammel", "margin_pp": "94.1852", "turnout_pct": "26.6860", "turnout_coverage_pct": "91.3043"}, "geometry": {"type": "MultiPolygon", "coordinates": [[[[10.31891, 35.5856], [10.32122, 35.5911], [10.30156, 35.58052], [10.27407, 35.5805], [10.2073, 35.55366], [10.25735, 35.49873], [10.2201, 35.47537], [10.22492, 35.45655], [10.21652, 35.43783], [10.19359, 35.43292], [10.18593, 35.42467], [10.2278, 35.36779], [10.28663, 35.38352], [10.30229, 35.37154], [10.3233, 35.38602], [10.34387, 35.38426], [10.35913, 35.36682], [10.38496, 35.36492], [10.39128, 35.37404], [10.41045, 35.369], [10.41208, 35.37501], [10.3979, 35.38867], [10.42666, 35.41848], [10.41538, 35.42766], [10.41419, 35.4387], [10.42466, 35.45232], [10.46558, 35.45286], [10.45056, 35.46986], [10.45801, 35.47474], [10.41813, 35.50885], [10.3859, 35.51255], [10.38319, 35.50532], [10.37443, 35.50478], [10.33318, 35.52826], [10.32651, 35.53993], [10.32891, 35.56267], [10.31943, 35.56295], [10.30689, 35.57578], [10.31891, 35.5856]]]]}}, {"type": "Feature", "properties": {"adm3_pcode": "TN3354", "name": "Chorbane", "name_ar": "شربان", "id_delegation": "3354", "delegation_name": "Chorbane", "delegation_name_ar": "شربان", "governorate_name": "Mahdia", "governorate_name_ar": "المهدية", "region_name": "Centre East", "lat": "35.22691807", "lon": "10.43534304", "area_sqkm": "444.48624656", "n_stations": "26", "n_certified": "26", "registered": "20641", "voters": "7420", "valid": "7084", "blank": "109", "spoilt": "227", "turnout_stations": "25", "turnout_registered": "20641", "turnout_voters": "6943", "saied": "6718", "saied_share_pct": "94.8334", "saied_margin_pp": "91.3185", "zammel": "249", "zammel_share_pct": "3.5150", "zammel_margin_pp": "-91.3185", "maghzaoui": "117", "maghzaoui_share_pct": "1.6516", "maghzaoui_margin_pp": "-93.1818", "candidate_sum": "7084", "winner": "saied", "runner_up": "zammel", "margin_pp": "91.3185", "turnout_pct": "33.6369", "turnout_coverage_pct": "96.1538"}, "geometry": {"type": "MultiPolygon", "coordinates": [[[[10.35589, 35.35093], [10.34878, 35.36461], [10.34905, 35.33214], [10.34333, 35.34146], [10.33538, 35.32175], [10.32618, 35.32911], [10.32081, 35.32006], [10.30231, 35.31405], [10.27884, 35.29446], [10.26946, 35.27788], [10.28614, 35.26347], [10.29281, 35.23347], [10.29838, 35.23706], [10.30511, 35.22835], [10.32687, 35.22125], [10.36099, 35.19288], [10.34278, 35.16204], [10.31866, 35.14621], [10.33321, 35.1327], [10.36409, 35.13234], [10.39412, 35.10041], [10.41076, 35.09011], [10.42739, 35.08892], [10.47635, 35.13148], [10.5292, 35.1427], [10.55583, 35.15601], [10.59199, 35.18611], [10.55788, 35.2319], [10.53188, 35.23574], [10.50357, 35.26096], [10.47947, 35.26079], [10.4745, 35.26911], [10.47852, 35.27361], [10.46844, 35.28208], [10.47978, 35.30081], [10.46469, 35.3093], [10.48214, 35.31783], [10.47655, 35.34059], [10.42695, 35.31063], [10.43727, 35.303], [10.42947, 35.3012], [10.43805, 35.28944], [10.4238, 35.28156], [10.41408, 35.29171], [10.41844, 35.29814], [10.40421, 35.2981], [10.41026, 35.3026], [10.38158, 35.32718], [10.38716, 35.34108], [10.35589, 35.35093]]]]}}, {"type": "Feature", "properties": {"adm3_pcode": "TN3355", "name": "Hbira", "name_ar": "هبيرة", "id_delegation": "3355", "delegation_name": "Hbira", "delegation_name_ar": "هبيرة", "governorate_name": "Mahdia", "governorate_name_ar": "المهدية", "region_name": "Centre East", "lat": "35.2775832", "lon": "10.22640718", "area_sqkm": "315.81617663", "n_stations": "12", "n_certified": "12", "registered": "8831", "voters": "2834", "valid": "2687", "blank": "35", "spoilt": "112", "turnout_stations": "12", "turnout_registered": "8831", "turnout_voters": "2834", "saied": "2563", "saied_share_pct": "95.3852", "saied_margin_pp": "91.7752", "zammel": "97", "zammel_share_pct": "3.6100", "zammel_margin_pp": "-91.7752", "maghzaoui": "27", "maghzaoui_share_pct": "1.0048", "maghzaoui_margin_pp": "-94.3803", "candidate_sum": "2687", "winner": "saied", "runner_up": "zammel", "margin_pp": "91.7752", "turnout_pct": "32.0915", "turnout_coverage_pct": "100.0000"}, "geometry": {"type": "MultiPolygon", "coordinates": [[[[10.20103, 35.40156], [10.18923, 35.42412], [10.182, 35.42145], [10.1764, 35.38755], [10.16057, 35.35701], [10.1672, 35.34525], [10.1919, 35.3355], [10.20512, 35.32054], [10.17437, 35.26661], [10.22055, 35.19755], [10.21063, 35.18681], [10.22303, 35.15237], [10.29094, 35.13058], [10.32029, 35.14313], [10.34278, 35.16204], [10.36161, 35.18932], [10.32687, 35.22125], [10.30511, 35.22835], [10.29838, 35.23706], [10.29281, 35.23347], [10.28614, 35.26347], [10.26946, 35.27788], [10.27884, 35.29446], [10.30231, 35.31405], [10.32081, 35.32006], [10.32618, 35.32911], [10.33538, 35.32175], [10.34333, 35.34146], [10.34905, 35.33214], [10.34878, 35.36461], [10.35589, 35.35093], [10.37127, 35.34497], [10.3768, 35.36456], [10.35246, 35.36905], [10.35155, 35.37884], [10.34387, 35.38426], [10.3233, 35.38602], [10.30229, 35.37154], [10.28663, 35.38352], [10.2278, 35.36779], [10.20103, 35.40156]]]]}}, {"type": "Feature", "properties": {"adm3_pcode": "TN3356", "name": "Souassi", "name_ar": "السواسي", "id_delegation": "3356", "delegation_name": "Souassi", "delegation_name_ar": "السواسي", "governorate_name": "Mahdia", "governorate_name_ar": "المهدية", "region_name": "Centre East", "lat": "35.34081133", "lon": "10.50319365", "area_sqkm": "343.10951094", "n_stations": "48", "n_certified": "48", "registered": "40739", "voters": "11798", "valid": "11545", "blank": "172", "spoilt": "347", "turnout_stations": "47", "turnout_registered": "39547", "turnout_voters": "11798", "saied": "10950", "saied_share_pct": "94.8463", "saied_margin_pp": "91.0437", "zammel": "439", "zammel_share_pct": "3.8025", "zammel_margin_pp": "-91.0437", "maghzaoui": "156", "maghzaoui_share_pct": "1.3512", "maghzaoui_margin_pp": "-93.4950", "candidate_sum": "11545", "winner": "saied", "runner_up": "zammel", "margin_pp": "91.0437", "turnout_pct": "29.8329", "turnout_coverage_pct": "97.9167"}, "geometry": {"type": "MultiPolygon", "coordinates": [[[[10.43698, 35.4519], [10.42349, 35.45173], [10.41419, 35.4387], [10.41538, 35.42766], [10.42666, 35.41848], [10.3979, 35.38867], [10.41276, 35.3718], [10.39128, 35.37404], [10.38638, 35.36542], [10.37606, 35.3634], [10.37127, 35.34497], [10.38716, 35.34108], [10.38158, 35.32718], [10.41026, 35.3026], [10.40421, 35.2981], [10.41844, 35.29814], [10.41408, 35.29171], [10.4238, 35.28156], [10.43805, 35.28944], [10.42947, 35.3012], [10.43727, 35.303], [10.42695, 35.31063], [10.47655, 35.34059], [10.48214, 35.31783], [10.46469, 35.3093], [10.47978, 35.30081], [10.46844, 35.28208], [10.47852, 35.27361], [10.4745, 35.26911], [10.47947, 35.26079], [10.50357, 35.26096], [10.53188, 35.23574], [10.54765, 35.23685], [10.56178, 35.22803], [10.5942, 35.24198], [10.58428, 35.28742], [10.5967, 35.29663], [10.60362, 35.29055], [10.6142, 35.29903], [10.61655, 35.31294], [10.63045, 35.31649], [10.61633, 35.32299], [10.61974, 35.34433], [10.63312, 35.34049], [10.63544, 35.35187], [10.6474, 35.34445], [10.67213, 35.3573], [10.66441, 35.37766], [10.65643, 35.38373], [10.63459, 35.38491], [10.6273, 35.39778], [10.61916, 35.39323], [10.61954, 35.41542], [10.59843, 35.41953], [10.58899, 35.43017], [10.58501, 35.41374], [10.56756, 35.41959], [10.56437, 35.38464], [10.55085, 35.393], [10.56534, 35.3785], [10.55126, 35.38131], [10.55189, 35.38873], [10.53999, 35.39512], [10.52655, 35.38677], [10.53218, 35.39561], [10.52419, 35.40376], [10.49793, 35.40611], [10.47934, 35.42124], [10.47739, 35.4301], [10.48601, 35.43294], [10.47931, 35.43908], [10.46069, 35.43493], [10.46702, 35.45242], [10.43698, 35.4519]]]]}}, {"type": "Feature", "properties": {"adm3_pcode": "TN3357", "name": "El Jem", "name_ar": "الجم", "id_delegation": "3357", "delegation_name": "El Jem", "delegation_name_ar": "الجم", "governorate_name": "Mahdia", "governorate_name_ar": "المهدية", "region_name": "Centre East", "lat": "35.31584753", "lon": "10.72427929", "area_sqkm": "286.43385667", "n_stations": "40", "n_certified": "40", "registered": "35929", "voters": "9607", "valid": "9400", "blank": "181", "spoilt": "210", "turnout_stations": "37", "turnout_registered": "35929", "turnout_voters": "8851", "saied": "8757", "saied_share_pct": "93.1596", "saied_margin_pp": "87.4043", "zammel": "541", "zammel_share_pct": "5.7553", "zammel_margin_pp": "-87.4043", "maghzaoui": "102", "maghzaoui_share_pct": "1.0851", "maghzaoui_margin_pp": "-92.0745", "candidate_sum": "9400", "winner": "saied", "runner_up": "zammel", "margin_pp": "87.4043", "turnout_pct": "24.6347", "turnout_coverage_pct": "92.5000"}, "geometry": {"type": "MultiPolygon", "coordinates": [[[[10.76406, 35.40947], [10.731, 35.40964], [10.74413, 35.40418], [10.75024, 35.39085], [10.71627, 35.38318], [10.71219, 35.36642], [10.67698, 35.34828], [10.67213, 35.3573], [10.6474, 35.34445], [10.63544, 35.35187], [10.63312, 35.34049], [10.61974, 35.34433], [10.61633, 35.32299], [10.63045, 35.31649], [10.61655, 35.31294], [10.61046, 35.29519], [10.60326, 35.29033], [10.5967, 35.29663], [10.58184, 35.28154], [10.5942, 35.24198], [10.62893, 35.25759], [10.66086, 35.22993], [10.68721, 35.21867], [10.7109, 35.22193], [10.75785, 35.24197], [10.75057, 35.2488], [10.76393, 35.27894], [10.79144, 35.27384], [10.79584, 35.25488], [10.80472, 35.24594], [10.85776, 35.25788], [10.8555, 35.27487], [10.8151, 35.30702], [10.82852, 35.31446], [10.81556, 35.32522], [10.82779, 35.32752], [10.81088, 35.34204], [10.81506, 35.34733], [10.80922, 35.3484], [10.77991, 35.40235], [10.77128, 35.40133], [10.76406, 35.40947]]]]}}, {"type": "Feature", "properties": {"adm3_pcode": "TN3358", "name": "Chebba", "name_ar": "الشابة", "id_delegation": "3358", "delegation_name": "Chebba", "delegation_name_ar": "الشابة", "governorate_name": "Mahdia", "governorate_name_ar": "المهدية", "region_name": "Centre East", "lat": "35.224897", "lon": "11.06111603", "area_sqkm": "116.48201848", "n_stations": "26", "n_certified": "26", "registered": "26089", "voters": "8288", "valid": "7957", "blank": "173", "spoilt": "158", "turnout_stations": "26", "turnout_registered": "26089", "turnout_voters": "8288", "saied": "7365", "saied_share_pct": "92.5600", "saied_margin_pp": "86.9423", "zammel": "447", "zammel_share_pct": "5.6177", "zammel_margin_pp": "-86.9423", "maghzaoui": "145", "maghzaoui_share_pct": "1.8223", "maghzaoui_margin_pp": "-90.7377", "candidate_sum": "7957", "winner": "saied", "runner_up": "zammel", "margin_pp": "86.9423", "turnout_pct": "31.7682", "turnout_coverage_pct": "100.0000"}, "geometry": {"type": "MultiPolygon", "coordinates": [[[[11.08149, 35.28328], [11.07539, 35.28888], [11.06045, 35.27643], [11.04744, 35.28377], [11.02591, 35.27498], [11.01621, 35.2848], [10.99124, 35.28114], [10.97882, 35.26191], [10.9929, 35.24852], [11.00604, 35.20657], [11.08622, 35.16086], [11.08209, 35.16946], [11.09753, 35.18398], [11.11748, 35.22321], [11.13442, 35.23027], [11.15089, 35.22334], [11.16262, 35.23305], [11.12776, 35.24734], [11.08149, 35.28328]]]]}}, {"type": "Feature", "properties": {"adm3_pcode": "TN3359", "name": "Melloulech", "name_ar": "ملولش", "id_delegation": "3359", "delegation_name": "Melloulech", "delegation_name_ar": "ملولش", "governorate_name": "Mahdia", "governorate_name_ar": "المهدية", "region_name": "Centre East", "lat": "35.18003874", "lon": "10.98821703", "area_sqkm": "160.31186872", "n_stations": "19", "n_certified": "19", "registered": "16597", "voters": "4505", "valid": "4836", "blank": "103", "spoilt": "104", "turnout_stations": "17", "turnout_registered": "15538", "turnout_voters": "4505", "saied": "4642", "saied_share_pct": "95.9884", "saied_margin_pp": "93.3002", "zammel": "130", "zammel_share_pct": "2.6882", "zammel_margin_pp": "-93.3002", "maghzaoui": "64", "maghzaoui_share_pct": "1.3234", "maghzaoui_margin_pp": "-94.6650", "candidate_sum": "4836", "winner": "saied", "runner_up": "zammel", "margin_pp": "93.3002", "turnout_pct": "28.9934", "turnout_coverage_pct": "89.4737"}, "geometry": {"type": "MultiPolygon", "coordinates": [[[[10.96745, 35.259], [10.95986, 35.27108], [10.95107, 35.26221], [10.90732, 35.18864], [10.94036, 35.15385], [10.91998, 35.13675], [10.95754, 35.09699], [11.02025, 35.08951], [11.0266, 35.11714], [11.05229, 35.15409], [11.0606, 35.16012], [11.08622, 35.16086], [11.06408, 35.17802], [11.01649, 35.19735], [11.00077, 35.21584], [10.9929, 35.24852], [10.97789, 35.26501], [10.96745, 35.259]]]]}}, {"type": "Feature", "properties": {"adm3_pcode": "TN3360", "name": "Sidi Alouane", "name_ar": "سيدي علوان", "id_delegation": "3360", "delegation_name": "Sidi Alouane", "delegation_name_ar": "سيدي علوان", "governorate_name": "Mahdia", "governorate_name_ar": "المهدية", "region_name": "Centre East", "lat": "35.28774526", "lon": "10.89055667", "area_sqkm": "288.90772779", "n_stations": "36", "n_certified": "36", "registered": "31376", "voters": "8844", "valid": "8473", "blank": "102", "spoilt": "269", "turnout_stations": "36", "turnout_registered": "31376", "turnout_voters": "8844", "saied": "8143", "saied_share_pct": "96.1053", "saied_margin_pp": "93.1665", "zammel": "249", "zammel_share_pct": "2.9387", "zammel_margin_pp": "-93.1665", "maghzaoui": "81", "maghzaoui_share_pct": "0.9560", "maghzaoui_margin_pp": "-95.1493", "candidate_sum": "8473", "winner": "saied", "runner_up": "zammel", "margin_pp": "93.1665", "turnout_pct": "28.1871", "turnout_coverage_pct": "100.0000"}, "geometry": {"type": "MultiPolygon", "coordinates": [[[[10.86696, 35.42738], [10.8326, 35.41404], [10.82236, 35.39782], [10.79392, 35.3832], [10.80922, 35.3484], [10.81506, 35.34733], [10.81088, 35.34204], [10.82779, 35.32752], [10.81556, 35.32522], [10.82852, 35.31446], [10.8151, 35.30702], [10.8564, 35.2703], [10.85776, 35.25788], [10.80472, 35.24594], [10.80237, 35.21673], [10.8367, 35.1614], [10.83376, 35.1449], [10.88786, 35.16248], [10.92386, 35.2127], [10.94239, 35.24895], [10.92997, 35.26203], [10.94708, 35.29337], [10.94873, 35.31146], [10.94695, 35.32273], [10.91531, 35.3269], [10.93756, 35.34533], [10.94945, 35.33537], [10.95795, 35.34439], [10.95987, 35.37836], [10.95256, 35.38534], [10.9314, 35.38483], [10.92747, 35.39458], [10.91651, 35.38808], [10.90968, 35.39819], [10.89253, 35.39344], [10.88927, 35.40328], [10.87851, 35.40508], [10.86696, 35.42738]]]]}}, {"type": "Feature", "properties": {"adm3_pcode": "TN3361", "name": "Ksour Essef", "name_ar": "قصور الساف", "id_delegation": "3361", "delegation_name": "Ksour Essef", "delegation_name_ar": "قصور الساف", "governorate_name": "Mahdia", "governorate_name_ar": "المهدية", "region_name": "Centre East", "lat": "35.35635043", "lon": "10.99511969", "area_sqkm": "220.48409822", "n_stations": "46", "n_certified": "46", "registered": "39620", "voters": "11493", "valid": "11282", "blank": "199", "spoilt": "214", "turnout_stations": "43", "turnout_registered": "38637", "turnout_voters": "11085", "saied": "10591", "saied_share_pct": "93.8752", "saied_margin_pp": "89.1952", "zammel": "528", "zammel_share_pct": "4.6800", "zammel_margin_pp": "-89.1952", "maghzaoui": "163", "maghzaoui_share_pct": "1.4448", "maghzaoui_margin_pp": "-92.4304", "candidate_sum": "11282", "winner": "saied", "runner_up": "zammel", "margin_pp": "89.1952", "turnout_pct": "28.6901", "turnout_coverage_pct": "93.4783"}, "geometry": {"type": "MultiPolygon", "coordinates": [[[[10.97264, 35.44536], [10.95945, 35.46409], [10.93642, 35.44505], [10.91862, 35.4612], [10.88332, 35.45099], [10.86633, 35.43083], [10.86669, 35.42129], [10.88188, 35.40133], [10.88927, 35.40328], [10.89253, 35.39344], [10.90968, 35.39819], [10.91651, 35.38808], [10.92747, 35.39458], [10.9314, 35.38483], [10.95256, 35.38534], [10.95987, 35.37836], [10.95674, 35.34123], [10.94945, 35.33537], [10.93756, 35.34533], [10.91531, 35.3269], [10.94695, 35.32273], [10.94821, 35.29736], [10.92997, 35.26203], [10.94239, 35.24895], [10.95986, 35.27108], [10.96759, 35.25841], [10.97969, 35.26355], [10.99124, 35.28114], [11.01621, 35.2848], [11.02615, 35.27499], [11.04744, 35.28377], [11.06045, 35.27643], [11.07503, 35.28643], [11.04189, 35.32377], [11.03358, 35.34803], [11.03372, 35.38339], [11.04935, 35.39094], [11.04041, 35.41766], [11.04289, 35.44213], [11.0347, 35.44834], [11.02417, 35.44045], [11.01404, 35.44316], [11.01305, 35.45447], [10.97264, 35.44536]]]]}}, {"type": "Feature", "properties": {"adm3_pcode": "TN3451", "name": "Sfax Médina", "name_ar": "صفاقس المدينة", "id_delegation": "3451", "delegation_name": "Sfax Médina", "delegation_name_ar": "صفاقس المدينة", "governorate_name": "Sfax", "governorate_name_ar": "صفاقس", "region_name": "Centre East", "lat": "34.7331952", "lon": "10.76344228", "area_sqkm": "27.826265", "n_stations": "76", "n_certified": "76", "registered": "78305", "voters": "28320", "valid": "28653", "blank": "317", "spoilt": "838", "turnout_stations": "70", "turnout_registered": "78302", "turnout_voters": "27319", "saied": "24458", "saied_share_pct": "85.3593", "saied_margin_pp": "73.2140", "zammel": "3480", "zammel_share_pct": "12.1453", "zammel_margin_pp": "-73.2140", "maghzaoui": "715", "maghzaoui_share_pct": "2.4954", "maghzaoui_margin_pp": "-82.8639", "candidate_sum": "28653", "winner": "saied", "runner_up": "zammel", "margin_pp": "73.2140", "turnout_pct": "34.8893", "turnout_coverage_pct": "92.1053"}, "geometry": {"type": "MultiPolygon", "coordinates": [[[[10.76579, 34.77734], [10.71818, 34.76116], [10.75233, 34.74117], [10.72375, 34.70952], [10.74791, 34.68916], [10.75429, 34.69922], [10.75376, 34.72412], [10.76476, 34.7112], [10.76123, 34.72163], [10.76852, 34.71391], [10.78409, 34.72773], [10.77951, 34.74076], [10.7674, 34.74152], [10.78504, 34.75513], [10.76579, 34.77734]]]]}}, {"type": "Feature", "properties": {"adm3_pcode": "TN3452", "name": "Sfax Ouest", "name_ar": "صفاقس الغريبة", "id_delegation": "3452", "delegation_name": "Sfax Ouest", "delegation_name_ar": "صفاقس الغريبة", "governorate_name": "Sfax", "governorate_name_ar": "صفاقس", "region_name": "Centre East", "lat": "34.73515586", "lon": "10.72175679", "area_sqkm": "16.19578994", "n_stations": "77", "n_certified": "77", "registered": "81230", "voters": "28271", "valid": "28410", "blank": "342", "spoilt": "743", "turnout_stations": "72", "turnout_registered": "80085", "turnout_voters": "27521", "saied": "24737", "saied_share_pct": "87.0715", "saied_margin_pp": "76.5048", "zammel": "3002", "zammel_share_pct": "10.5667", "zammel_margin_pp": "-76.5048", "maghzaoui": "671", "maghzaoui_share_pct": "2.3618", "maghzaoui_margin_pp": "-84.7096", "candidate_sum": "28410", "winner": "saied", "runner_up": "zammel", "margin_pp": "76.5048", "turnout_pct": "34.3647", "turnout_coverage_pct": "93.5065"}, "geometry": {"type": "MultiPolygon", "coordinates": [[[[10.75214, 34.7411], [10.71818, 34.76116], [10.69292, 34.74023], [10.70009, 34.72593], [10.72375, 34.70952], [10.75214, 34.7411]]]]}}, {"type": "Feature", "properties": {"adm3_pcode": "TN3453", "name": "Sakiet Ezzit", "name_ar": "ساقية الزيت", "id_delegation": "3453", "delegation_name": "Sakiet Ezzit", "delegation_name_ar": "ساقية الزيت", "governorate_name": "Sfax", "governorate_name_ar": "صفاقس", "region_name": "Centre East", "lat": "34.86032463", "lon": "10.73997151", "area_sqkm": "92.76021166", "n_stations": "78", "n_certified": "78", "registered": "79454", "voters": "28647", "valid": "28336", "blank": "342", "spoilt": "727", "turnout_stations": "74", "turnout_registered": "78235", "turnout_voters": "27837", "saied": "23433", "saied_share_pct": "82.6969", "saied_margin_pp": "67.9277", "zammel": "4185", "zammel_share_pct": "14.7692", "zammel_margin_pp": "-67.9277", "maghzaoui": "718", "maghzaoui_share_pct": "2.5339", "maghzaoui_margin_pp": "-80.1630", "candidate_sum": "28336", "winner": "saied", "runner_up": "zammel", "margin_pp": "67.9277", "turnout_pct": "35.5813", "turnout_coverage_pct": "94.8718"}, "geometry": {"type": "MultiPolygon", "coordinates": [[[[10.69902, 34.94575], [10.69335, 34.9509], [10.67731, 34.93906], [10.68036, 34.92385], [10.70801, 34.88092], [10.68809, 34.88074], [10.71746, 34.8562], [10.73514, 34.81473], [10.71665, 34.81617], [10.75008, 34.76953], [10.76997, 34.77466], [10.76841, 34.78844], [10.77737, 34.79944], [10.78212, 34.83048], [10.76672, 34.84855], [10.77208, 34.8727], [10.76764, 34.9107], [10.75985, 34.90234], [10.74728, 34.92072], [10.69902, 34.94575]]]]}}, {"type": "Feature", "properties": {"adm3_pcode": "TN3454", "name": "Sakiet Eddaier", "name_ar": "ساقية الدائر", "id_delegation": "3454", "delegation_name": "Sakiet Eddaier", "delegation_name_ar": "ساقية الدائر", "governorate_name": "Sfax", "governorate_name_ar": "صفاقس", "region_name": "Centre East", "lat": "34.83648386", "lon": "10.82974727", "area_sqkm": "113.15858097", "n_stations": "81", "n_certified": "81", "registered": "84284", "voters": "28746", "valid": "28122", "blank": "311", "spoilt": "690", "turnout_stations": "76", "turnout_registered": "83217", "turnout_voters": "27221", "saied": "23953", "saied_share_pct": "85.1753", "saied_margin_pp": "72.4593", "zammel": "3576", "zammel_share_pct": "12.7160", "zammel_margin_pp": "-72.4593", "maghzaoui": "593", "maghzaoui_share_pct": "2.1087", "maghzaoui_margin_pp": "-83.0666", "candidate_sum": "28122", "winner": "saied", "runner_up": "zammel", "margin_pp": "72.4593", "turnout_pct": "32.7109", "turnout_coverage_pct": "93.8272"}, "geometry": {"type": "MultiPolygon", "coordinates": [[[[10.78202, 34.91138], [10.77477, 34.91804], [10.76764, 34.9107], [10.77208, 34.8727], [10.76672, 34.84855], [10.78213, 34.83002], [10.77737, 34.79944], [10.76841, 34.78844], [10.77213, 34.77572], [10.76619, 34.77215], [10.78695, 34.75497], [10.81439, 34.7697], [10.82572, 34.78451], [10.87146, 34.7989], [10.86448, 34.82401], [10.88387, 34.83868], [10.86034, 34.85881], [10.86558, 34.86869], [10.84571, 34.88513], [10.84359, 34.87806], [10.83298, 34.88602], [10.8259, 34.88104], [10.81162, 34.89992], [10.78202, 34.91138]]]]}}, {"type": "Feature", "properties": {"adm3_pcode": "TN3455", "name": "Sfax Sud", "name_ar": "صفاقس الجنوبية", "id_delegation": "3455", "delegation_name": "Sfax Sud", "delegation_name_ar": "صفاقس الجنوبية", "governorate_name": "Sfax", "governorate_name_ar": "صفاقس", "region_name": "Centre East", "lat": "34.83368276", "lon": "10.65911936", "area_sqkm": "196.08770685", "n_stations": "87", "n_certified": "87", "registered": "82414", "voters": "33297", "valid": "31965", "blank": "419", "spoilt": "913", "turnout_stations": "79", "turnout_registered": "82373", "turnout_voters": "29578", "saied": "26606", "saied_share_pct": "83.2348", "saied_margin_pp": "68.9348", "zammel": "4571", "zammel_share_pct": "14.3000", "zammel_margin_pp": "-68.9348", "maghzaoui": "788", "maghzaoui_share_pct": "2.4652", "maghzaoui_margin_pp": "-80.7696", "candidate_sum": "31965", "winner": "saied", "runner_up": "zammel", "margin_pp": "68.9348", "turnout_pct": "35.9074", "turnout_coverage_pct": "90.8046"}, "geometry": {"type": "MultiPolygon", "coordinates": [[[[10.67731, 34.93906], [10.66049, 34.92588], [10.66221, 34.91853], [10.64082, 34.89664], [10.63695, 34.90438], [10.61629, 34.89364], [10.63229, 34.88093], [10.58023, 34.84499], [10.59754, 34.83053], [10.58451, 34.8163], [10.61095, 34.80379], [10.61523, 34.79344], [10.60751, 34.78798], [10.61841, 34.77204], [10.60868, 34.76988], [10.62165, 34.75618], [10.61674, 34.74133], [10.64342, 34.74072], [10.64125, 34.73006], [10.69512, 34.73494], [10.69292, 34.74023], [10.72002, 34.76293], [10.74902, 34.77159], [10.71665, 34.81617], [10.73514, 34.81473], [10.71746, 34.8562], [10.68809, 34.88074], [10.70801, 34.88092], [10.68036, 34.92385], [10.67731, 34.93906]]]]}}, {"type": "Feature", "properties": {"adm3_pcode": "TN3456", "name": "Thyna", "name_ar": "طينة", "id_delegation": "3456", "delegation_name": "Thyna", "delegation_name_ar": "طينة", "governorate_name": "Sfax", "governorate_name_ar": "صفاقس", "region_name": "Centre East", "lat": "34.6817095", "lon": "10.68336588", "area_sqkm": "102.37106053", "n_stations": "40", "n_certified": "40", "registered": "42117", "voters": "15660", "valid": "15080", "blank": "134", "spoilt": "446", "turnout_stations": "39", "turnout_registered": "42117", "turnout_voters": "15178", "saied": "14118", "saied_share_pct": "93.6207", "saied_margin_pp": "88.7931", "zammel": "728", "zammel_share_pct": "4.8276", "zammel_margin_pp": "-88.7931", "maghzaoui": "234", "maghzaoui_share_pct": "1.5517", "maghzaoui_margin_pp": "-92.0690", "candidate_sum": "15080", "winner": "saied", "runner_up": "zammel", "margin_pp": "88.7931", "turnout_pct": "36.0377", "turnout_coverage_pct": "97.5000"}, "geometry": {"type": "MultiPolygon", "coordinates": [[[[10.69797, 34.73059], [10.69271, 34.73491], [10.62821, 34.72897], [10.61556, 34.71734], [10.61819, 34.70274], [10.58686, 34.69746], [10.61957, 34.68473], [10.62622, 34.66636], [10.67272, 34.6289], [10.69995, 34.63447], [10.73111, 34.65292], [10.73534, 34.65751], [10.73017, 34.66095], [10.74937, 34.68455], [10.73559, 34.70316], [10.69797, 34.73059]]]]}}, {"type": "Feature", "properties": {"adm3_pcode": "TN3457", "name": "Agareb", "name_ar": "عقارب", "id_delegation": "3457", "delegation_name": "Agareb", "delegation_name_ar": "عقارب", "governorate_name": "Sfax", "governorate_name_ar": "صفاقس", "region_name": "Centre East", "lat": "34.74480888", "lon": "10.46034943", "area_sqkm": "735.43585798", "n_stations": "40", "n_certified": "40", "registered": "29555", "voters": "11826", "valid": "11370", "blank": "129", "spoilt": "327", "turnout_stations": "38", "turnout_registered": "29462", "turnout_voters": "10927", "saied": "10361", "saied_share_pct": "91.1258", "saied_margin_pp": "83.9578", "zammel": "815", "zammel_share_pct": "7.1680", "zammel_margin_pp": "-83.9578", "maghzaoui": "194", "maghzaoui_share_pct": "1.7062", "maghzaoui_margin_pp": "-89.4195", "candidate_sum": "11370", "winner": "saied", "runner_up": "zammel", "margin_pp": "83.9578", "turnout_pct": "37.0885", "turnout_coverage_pct": "95.0000"}, "geometry": {"type": "MultiPolygon", "coordinates": [[[[10.32961, 34.89253], [10.30938, 34.89965], [10.28022, 34.85461], [10.28948, 34.84684], [10.2731, 34.83438], [10.26794, 34.82237], [10.29202, 34.77113], [10.30585, 34.75857], [10.30314, 34.74232], [10.32498, 34.69789], [10.31139, 34.70015], [10.29024, 34.68871], [10.30958, 34.66245], [10.30664, 34.6341], [10.32697, 34.61866], [10.33105, 34.60778], [10.36114, 34.59817], [10.36681, 34.60279], [10.36699, 34.62753], [10.40175, 34.63431], [10.42344, 34.65973], [10.42726, 34.65475], [10.4651, 34.66405], [10.48082, 34.66064], [10.4785, 34.65298], [10.49669, 34.6422], [10.50456, 34.66045], [10.51286, 34.66195], [10.55814, 34.6239], [10.58233, 34.61678], [10.61772, 34.59273], [10.629, 34.61457], [10.64069, 34.61807], [10.64065, 34.62706], [10.65057, 34.63519], [10.66077, 34.63497], [10.6631, 34.62706], [10.67272, 34.6289], [10.62622, 34.66636], [10.61957, 34.68473], [10.58686, 34.69746], [10.61819, 34.70274], [10.61556, 34.71734], [10.64205, 34.73318], [10.64342, 34.74072], [10.61674, 34.74133], [10.62165, 34.75618], [10.60868, 34.76988], [10.61841, 34.77204], [10.60751, 34.78798], [10.61523, 34.79344], [10.61095, 34.80379], [10.51815, 34.84424], [10.42585, 34.85932], [10.32961, 34.89253]]]]}}, {"type": "Feature", "properties": {"adm3_pcode": "TN3458", "name": "Jebeniana", "name_ar": "جبنيانة", "id_delegation": "3458", "delegation_name": "Jebeniana", "delegation_name_ar": "جبنيانة", "governorate_name": "Sfax", "governorate_name_ar": "صفاقس", "region_name": "Centre East", "lat": "35.09400799", "lon": "10.88963308", "area_sqkm": "253.32381366", "n_stations": "42", "n_certified": "42", "registered": "39575", "voters": "9993", "valid": "9574", "blank": "150", "spoilt": "267", "turnout_stations": "41", "turnout_registered": "39575", "turnout_voters": "9688", "saied": "8677", "saied_share_pct": "90.6309", "saied_margin_pp": "83.2672", "zammel": "705", "zammel_share_pct": "7.3637", "zammel_margin_pp": "-83.2672", "maghzaoui": "192", "maghzaoui_share_pct": "2.0054", "maghzaoui_margin_pp": "-88.6254", "candidate_sum": "9574", "winner": "saied", "runner_up": "zammel", "margin_pp": "83.2672", "turnout_pct": "24.4801", "turnout_coverage_pct": "97.6190"}, "geometry": {"type": "MultiPolygon", "coordinates": [[[[10.91641, 35.18036], [10.90732, 35.18864], [10.88527, 35.16075], [10.81987, 35.141], [10.78539, 35.07781], [10.79585, 35.06034], [10.8442, 35.01618], [10.84228, 35.0216], [10.86, 35.01362], [10.86003, 35.02649], [10.87178, 35.0341], [10.9203, 35.00863], [10.92698, 35.01], [10.92101, 35.01355], [10.92354, 35.01847], [10.93378, 35.01118], [10.94408, 35.01581], [10.97084, 34.99936], [10.97846, 35.00109], [11.0063, 35.01456], [11.02323, 35.04445], [11.02706, 35.07953], [11.02144, 35.08983], [10.95626, 35.0978], [10.91998, 35.13675], [10.94046, 35.15301], [10.91641, 35.18036]]]]}}, {"type": "Feature", "properties": {"adm3_pcode": "TN3459", "name": "El Amra", "name_ar": "العامرة", "id_delegation": "3459", "delegation_name": "El Amra", "delegation_name_ar": "العامرة", "governorate_name": "Sfax", "governorate_name_ar": "صفاقس", "region_name": "Centre East", "lat": "34.93615941", "lon": "10.86073695", "area_sqkm": "180.26191149", "n_stations": "26", "n_certified": "26", "registered": "21816", "voters": "5743", "valid": "5521", "blank": "74", "spoilt": "148", "turnout_stations": "25", "turnout_registered": "21816", "turnout_voters": "5324", "saied": "4884", "saied_share_pct": "88.4622", "saied_margin_pp": "79.8768", "zammel": "474", "zammel_share_pct": "8.5854", "zammel_margin_pp": "-79.8768", "maghzaoui": "163", "maghzaoui_share_pct": "2.9524", "maghzaoui_margin_pp": "-85.5099", "candidate_sum": "5521", "winner": "saied", "runner_up": "zammel", "margin_pp": "79.8768", "turnout_pct": "24.4041", "turnout_coverage_pct": "96.1538"}, "geometry": {"type": "MultiPolygon", "coordinates": [[[[10.87822, 35.03116], [10.87178, 35.0341], [10.86139, 35.02787], [10.86, 35.01362], [10.84228, 35.0216], [10.84364, 35.01269], [10.85958, 35.00535], [10.85825, 34.98825], [10.84491, 34.99434], [10.83687, 34.98616], [10.80753, 34.99752], [10.79444, 34.97434], [10.80094, 34.92753], [10.81512, 34.90546], [10.81487, 34.8924], [10.8259, 34.88104], [10.83298, 34.88602], [10.84359, 34.87806], [10.84571, 34.88513], [10.86558, 34.86869], [10.86034, 34.85881], [10.88387, 34.83868], [10.88746, 34.85126], [10.92172, 34.88656], [10.92566, 34.95887], [10.91975, 34.96039], [10.97084, 34.99936], [10.94408, 35.01581], [10.93378, 35.01118], [10.92354, 35.01847], [10.92101, 35.01355], [10.92698, 35.01], [10.9203, 35.00863], [10.87822, 35.03116]]]]}}, {"type": "Feature", "properties": {"adm3_pcode": "TN3460", "name": "Hencha", "name_ar": "الحنشة", "id_delegation": "3460", "delegation_name": "Hencha", "delegation_name_ar": "الحنشة", "governorate_name": "Sfax", "governorate_name_ar": "صفاقس", "region_name": "Centre East", "lat": "35.08732284", "lon": "10.71489345", "area_sqkm": "526.76367495", "n_stations": "45", "n_certified": "45", "registered": "39559", "voters": "12531", "valid": "12164", "blank": "105", "spoilt": "262", "turnout_stations": "44", "turnout_registered": "39559", "turnout_voters": "12268", "saied": "11527", "saied_share_pct": "94.7632", "saied_margin_pp": "90.6116", "zammel": "505", "zammel_share_pct": "4.1516", "zammel_margin_pp": "-90.6116", "maghzaoui": "132", "maghzaoui_share_pct": "1.0852", "maghzaoui_margin_pp": "-93.6781", "candidate_sum": "12164", "winner": "saied", "runner_up": "zammel", "margin_pp": "90.6116", "turnout_pct": "31.0119", "turnout_coverage_pct": "97.7778"}, "geometry": {"type": "MultiPolygon", "coordinates": [[[[10.80426, 35.24175], [10.79144, 35.27384], [10.76393, 35.27894], [10.75057, 35.2488], [10.75785, 35.24197], [10.70674, 35.22101], [10.67484, 35.22176], [10.62893, 35.25759], [10.5942, 35.24198], [10.60043, 35.20111], [10.61544, 35.16863], [10.61792, 35.14036], [10.63999, 35.07216], [10.71136, 35.02095], [10.70289, 35.00198], [10.70139, 34.97643], [10.67944, 34.96561], [10.68311, 34.95747], [10.74728, 34.92072], [10.75985, 34.90234], [10.77498, 34.91803], [10.81583, 34.89609], [10.80094, 34.92753], [10.79444, 34.97434], [10.80753, 34.99752], [10.83687, 34.98616], [10.84491, 34.99434], [10.85825, 34.98825], [10.85958, 35.00535], [10.84364, 35.01269], [10.78539, 35.07781], [10.81849, 35.13946], [10.83693, 35.15116], [10.83248, 35.17018], [10.80445, 35.21021], [10.80426, 35.24175]]]]}}, {"type": "Feature", "properties": {"adm3_pcode": "TN3461", "name": "Menzel Chaker", "name_ar": "منزل شاكر", "id_delegation": "3461", "delegation_name": "Menzel Chaker", "delegation_name_ar": "منزل شاكر", "governorate_name": "Sfax", "governorate_name_ar": "صفاقس", "region_name": "Centre East", "lat": "35.02909922", "lon": "10.38337903", "area_sqkm": "1636.28387674", "n_stations": "39", "n_certified": "39", "registered": "28440", "voters": "9172", "valid": "8846", "blank": "79", "spoilt": "247", "turnout_stations": "39", "turnout_registered": "28440", "turnout_voters": "9172", "saied": "8377", "saied_share_pct": "94.6982", "saied_margin_pp": "90.8207", "zammel": "343", "zammel_share_pct": "3.8775", "zammel_margin_pp": "-90.8207", "maghzaoui": "126", "maghzaoui_share_pct": "1.4244", "maghzaoui_margin_pp": "-93.2738", "candidate_sum": "8846", "winner": "saied", "runner_up": "zammel", "margin_pp": "90.8207", "turnout_pct": "32.2504", "turnout_coverage_pct": "100.0000"}, "geometry": {"type": "MultiPolygon", "coordinates": [[[[10.63575, 35.08897], [10.61792, 35.14036], [10.61544, 35.16863], [10.60043, 35.20111], [10.5942, 35.24198], [10.56178, 35.22803], [10.59199, 35.18611], [10.5855, 35.17921], [10.5292, 35.1427], [10.47635, 35.13148], [10.42739, 35.08892], [10.41076, 35.09011], [10.39412, 35.10041], [10.36409, 35.13234], [10.33521, 35.1322], [10.31687, 35.14361], [10.28153, 35.13044], [10.22855, 35.15349], [10.17293, 35.13735], [10.15291, 35.13805], [10.14291, 35.11667], [10.13488, 35.11924], [10.10952, 35.09471], [10.06591, 35.06758], [10.05223, 35.04658], [10.06369, 35.00439], [10.11026, 34.98125], [10.09655, 34.97305], [10.08138, 34.94476], [10.1225, 34.87621], [10.12271, 34.86512], [10.15964, 34.83698], [10.18068, 34.83582], [10.19422, 34.84655], [10.22551, 34.84561], [10.2724, 34.83342], [10.28948, 34.84684], [10.28022, 34.85461], [10.30938, 34.89965], [10.42585, 34.85932], [10.51815, 34.84424], [10.58451, 34.8163], [10.59754, 34.83053], [10.58023, 34.84499], [10.63229, 34.88093], [10.61629, 34.89364], [10.63695, 34.90438], [10.64082, 34.89664], [10.66221, 34.91853], [10.66049, 34.92588], [10.67097, 34.93691], [10.69183, 34.94718], [10.67944, 34.96561], [10.70139, 34.97643], [10.7031, 35.00283], [10.71084, 35.01033], [10.70661, 35.02916], [10.63999, 35.07216], [10.63575, 35.08897]]]]}}, {"type": "Feature", "properties": {"adm3_pcode": "TN3462", "name": "El Ghraiba", "name_ar": "الغريبة", "id_delegation": "3462", "delegation_name": "El Ghraiba", "delegation_name_ar": "الغريبة", "governorate_name": "Sfax", "governorate_name_ar": "صفاقس", "region_name": "Centre East", "lat": "34.48491901", "lon": "10.20076365", "area_sqkm": "431.48054635", "n_stations": "15", "n_certified": "15", "registered": "12863", "voters": "3484", "valid": "3332", "blank": "47", "spoilt": "105", "turnout_stations": "15", "turnout_registered": "12863", "turnout_voters": "3484", "saied": "3090", "saied_share_pct": "92.7371", "saied_margin_pp": "87.5150", "zammel": "174", "zammel_share_pct": "5.2221", "zammel_margin_pp": "-87.5150", "maghzaoui": "68", "maghzaoui_share_pct": "2.0408", "maghzaoui_margin_pp": "-90.6963", "candidate_sum": "3332", "winner": "saied", "runner_up": "zammel", "margin_pp": "87.5150", "turnout_pct": "27.0854", "turnout_coverage_pct": "100.0000"}, "geometry": {"type": "MultiPolygon", "coordinates": [[[[10.24456, 34.61792], [10.23669, 34.6206], [10.2416, 34.6156], [10.2254, 34.61226], [10.19843, 34.6203], [10.19218, 34.6057], [10.17941, 34.60083], [10.15117, 34.57264], [10.14537, 34.57398], [10.11755, 34.55379], [10.09306, 34.55217], [10.06857, 34.53935], [10.07322, 34.52225], [10.09862, 34.50872], [10.11083, 34.48135], [10.10859, 34.4671], [10.11962, 34.43417], [10.12827, 34.42455], [10.15345, 34.42122], [10.19302, 34.39227], [10.20222, 34.35694], [10.20985, 34.34874], [10.23326, 34.36304], [10.27165, 34.37169], [10.27804, 34.3897], [10.27418, 34.39606], [10.28675, 34.40611], [10.28023, 34.41371], [10.28462, 34.41269], [10.28344, 34.42384], [10.27493, 34.43183], [10.27351, 34.46693], [10.28263, 34.46882], [10.30514, 34.49897], [10.31825, 34.50414], [10.30435, 34.51266], [10.36263, 34.51625], [10.35437, 34.53252], [10.36178, 34.59778], [10.34239, 34.60183], [10.29549, 34.56849], [10.27647, 34.5817], [10.25339, 34.616], [10.24456, 34.61792]]]]}}, {"type": "Feature", "properties": {"adm3_pcode": "TN3463", "name": "Bir Ali Ben Khélifa", "name_ar": "بئر علي بن خليفة", "id_delegation": "3463", "delegation_name": "Bir Ali Ben Khélifa", "delegation_name_ar": "بئر علي بن خليفة", "governorate_name": "Sfax", "governorate_name_ar": "صفاقس", "region_name": "Centre East", "lat": "34.76329638", "lon": "10.11976176", "area_sqkm": "1208.06652612", "n_stations": "66", "n_certified": "66", "registered": "44132", "voters": "11719", "valid": "11376", "blank": "110", "spoilt": "233", "turnout_stations": "66", "turnout_registered": "44132", "turnout_voters": "11719", "saied": "10672", "saied_share_pct": "93.8115", "saied_margin_pp": "89.3460", "zammel": "508", "zammel_share_pct": "4.4655", "zammel_margin_pp": "-89.3460", "maghzaoui": "196", "maghzaoui_share_pct": "1.7229", "maghzaoui_margin_pp": "-92.0886", "candidate_sum": "11376", "winner": "saied", "runner_up": "zammel", "margin_pp": "89.3460", "turnout_pct": "26.5544", "turnout_coverage_pct": "100.0000"}, "geometry": {"type": "MultiPolygon", "coordinates": [[[[10.10933, 34.98065], [10.06369, 35.00439], [10.04953, 34.989], [10.00681, 34.89972], [9.9869, 34.8827], [9.95463, 34.83099], [9.96066, 34.82805], [9.9414, 34.77788], [9.93927, 34.75609], [9.91311, 34.75115], [9.91831, 34.72065], [9.89943, 34.67944], [9.90848, 34.66525], [9.88726, 34.66118], [9.87932, 34.64372], [9.90107, 34.63273], [9.87286, 34.60723], [9.8825, 34.59255], [9.90336, 34.59751], [9.97079, 34.56735], [9.98083, 34.54692], [9.96892, 34.53801], [10.02235, 34.53521], [10.07322, 34.52225], [10.07054, 34.54437], [10.11755, 34.55379], [10.14537, 34.57398], [10.15117, 34.57264], [10.17941, 34.60083], [10.19218, 34.6057], [10.19843, 34.6203], [10.2254, 34.61226], [10.2416, 34.6156], [10.23669, 34.6206], [10.25339, 34.616], [10.27647, 34.5817], [10.29549, 34.56849], [10.34239, 34.60183], [10.30664, 34.6341], [10.30958, 34.66245], [10.29024, 34.68871], [10.31139, 34.70015], [10.32498, 34.69789], [10.30314, 34.74232], [10.30585, 34.75857], [10.29268, 34.77005], [10.26849, 34.81781], [10.27286, 34.83369], [10.22629, 34.84553], [10.19422, 34.84655], [10.18068, 34.83582], [10.15964, 34.83698], [10.13603, 34.84995], [10.08138, 34.94476], [10.09655, 34.97305], [10.10933, 34.98065]]]]}}, {"type": "Feature", "properties": {"adm3_pcode": "TN3464", "name": "Skhira", "name_ar": "الصخيرة", "id_delegation": "3464", "delegation_name": "Skhira", "delegation_name_ar": "الصخيرة", "governorate_name": "Sfax", "governorate_name_ar": "صفاقس", "region_name": "Centre East", "lat": "34.34530262", "lon": "9.97053351", "area_sqkm": "909.30629044", "n_stations": "43", "n_certified": "43", "registered": "25573", "voters": "9886", "valid": "9564", "blank": "87", "spoilt": "235", "turnout_stations": "40", "turnout_registered": "25377", "turnout_voters": "8872", "saied": "8376", "saied_share_pct": "87.5784", "saied_margin_pp": "79.2033", "zammel": "801", "zammel_share_pct": "8.3752", "zammel_margin_pp": "-79.2033", "maghzaoui": "387", "maghzaoui_share_pct": "4.0464", "maghzaoui_margin_pp": "-83.5320", "candidate_sum": "9564", "winner": "saied", "runner_up": "zammel", "margin_pp": "79.2033", "turnout_pct": "34.9608", "turnout_coverage_pct": "93.0233"}, "geometry": {"type": "MultiPolygon", "coordinates": [[[[10.05695, 34.52261], [10.04984, 34.52244], [10.00933, 34.48744], [9.99717, 34.49072], [9.99035, 34.4801], [9.94158, 34.44742], [9.92437, 34.46772], [9.91682, 34.45944], [9.92075, 34.43168], [9.89836, 34.42056], [9.88746, 34.39682], [9.85533, 34.36782], [9.83064, 34.36155], [9.80085, 34.36387], [9.76441, 34.34607], [9.72293, 34.33678], [9.72068, 34.33218], [9.74147, 34.31598], [9.76148, 34.27442], [9.71093, 34.28147], [9.75545, 34.22012], [9.81889, 34.22033], [9.81727, 34.22936], [9.82555, 34.23807], [9.85149, 34.22826], [9.85499, 34.21498], [9.86511, 34.20675], [9.86383, 34.19844], [9.89171, 34.17895], [9.8962, 34.16829], [9.92195, 34.17836], [9.91787, 34.18533], [9.92533, 34.20067], [9.96593, 34.21108], [10.00121, 34.18753], [10.01089, 34.19327], [10.02281, 34.18186], [10.03062, 34.18332], [10.02798, 34.17637], [10.03709, 34.18372], [10.02776, 34.17351], [10.03852, 34.18017], [10.0329, 34.16785], [10.04234, 34.18749], [10.04284, 34.20724], [10.06473, 34.2317], [10.09837, 34.29373], [10.12246, 34.31748], [10.15239, 34.32903], [10.17035, 34.32596], [10.17151, 34.33622], [10.18337, 34.34177], [10.18967, 34.36448], [10.21162, 34.34855], [10.20222, 34.35694], [10.19302, 34.39227], [10.15345, 34.42122], [10.12827, 34.42455], [10.11962, 34.43417], [10.10859, 34.4671], [10.11083, 34.48135], [10.09755, 34.51054], [10.08353, 34.51452], [10.0805, 34.52153], [10.05695, 34.52261]]]]}}, {"type": "Feature", "properties": {"adm3_pcode": "TN3465", "name": "Mahres", "name_ar": "المحرس", "id_delegation": "3465", "delegation_name": "Mahres", "delegation_name_ar": "المحرس", "governorate_name": "Sfax", "governorate_name_ar": "صفاقس", "region_name": "Centre East", "lat": "34.52832744", "lon": "10.46421443", "area_sqkm": "435.907112", "n_stations": "33", "n_certified": "33", "registered": "30220", "voters": "9307", "valid": "9199", "blank": "78", "spoilt": "246", "turnout_stations": "30", "turnout_registered": "29277", "turnout_voters": "8476", "saied": "8717", "saied_share_pct": "94.7603", "saied_margin_pp": "91.2708", "zammel": "321", "zammel_share_pct": "3.4895", "zammel_margin_pp": "-91.2708", "maghzaoui": "161", "maghzaoui_share_pct": "1.7502", "maghzaoui_margin_pp": "-93.0101", "candidate_sum": "9199", "winner": "saied", "runner_up": "zammel", "margin_pp": "91.2708", "turnout_pct": "28.9511", "turnout_coverage_pct": "90.9091"}, "geometry": {"type": "MultiPolygon", "coordinates": [[[[10.46605, 34.66293], [10.42726, 34.65475], [10.42344, 34.65973], [10.40175, 34.63431], [10.36699, 34.62753], [10.36681, 34.60279], [10.35693, 34.58753], [10.35437, 34.53252], [10.36263, 34.51625], [10.30435, 34.51266], [10.31825, 34.50414], [10.30514, 34.49897], [10.28263, 34.46882], [10.27351, 34.46693], [10.27616, 34.42643], [10.28344, 34.42384], [10.28825, 34.40969], [10.29492, 34.41162], [10.29049, 34.40779], [10.32876, 34.39736], [10.32165, 34.3926], [10.34785, 34.40237], [10.35244, 34.41772], [10.34109, 34.41081], [10.33067, 34.41783], [10.32947, 34.40927], [10.32471, 34.41118], [10.32934, 34.41816], [10.33953, 34.41393], [10.33647, 34.41928], [10.35212, 34.42793], [10.36131, 34.42625], [10.35966, 34.4188], [10.37341, 34.42011], [10.43365, 34.48614], [10.42749, 34.49205], [10.43416, 34.48792], [10.45981, 34.50773], [10.49737, 34.52008], [10.49895, 34.51178], [10.49853, 34.52065], [10.50511, 34.52342], [10.52333, 34.52576], [10.5282, 34.52055], [10.56059, 34.5274], [10.53585, 34.5191], [10.54562, 34.51918], [10.58698, 34.5352], [10.60291, 34.54966], [10.60385, 34.55799], [10.59682, 34.54546], [10.60117, 34.57868], [10.61772, 34.59273], [10.58233, 34.61678], [10.55814, 34.6239], [10.51286, 34.66195], [10.50456, 34.66045], [10.49669, 34.6422], [10.4785, 34.65298], [10.48082, 34.66064], [10.46605, 34.66293]]]]}}, {"type": "Feature", "properties": {"adm3_pcode": "TN3466", "name": "Kerkennah", "name_ar": "قرقنة", "id_delegation": "3466", "delegation_name": "Kerkennah", "delegation_name_ar": "قرقنة", "governorate_name": "Sfax", "governorate_name_ar": "صفاقس", "region_name": "Centre East", "lat": "34.643407", "lon": "11.03777065", "area_sqkm": "152.16641536", "n_stations": "18", "n_certified": "18", "registered": "15742", "voters": "4674", "valid": "4502", "blank": "51", "spoilt": "121", "turnout_stations": "18", "turnout_registered": "15742", "turnout_voters": "4674", "saied": "4139", "saied_share_pct": "91.9369", "saied_margin_pp": "86.4283", "zammel": "248", "zammel_share_pct": "5.5087", "zammel_margin_pp": "-86.4283", "maghzaoui": "115", "maghzaoui_share_pct": "2.5544", "maghzaoui_margin_pp": "-89.3825", "candidate_sum": "4502", "winner": "saied", "runner_up": "zammel", "margin_pp": "86.4283", "turnout_pct": "29.6913", "turnout_coverage_pct": "100.0000"}, "geometry": {"type": "MultiPolygon", "coordinates": [[[[11.25792, 34.82909], [11.24617, 34.83038], [11.25055, 34.82677], [11.24445, 34.81704], [11.25637, 34.8039], [11.24134, 34.80776], [11.24909, 34.79164], [11.23204, 34.7901], [11.22686, 34.78186], [11.21608, 34.78437], [11.23266, 34.76587], [11.2288, 34.74958], [11.22377, 34.74956], [11.22888, 34.73859], [11.19909, 34.74077], [11.18432, 34.74852], [11.17972, 34.76172], [11.17047, 34.76264], [11.18033, 34.74045], [11.168, 34.74034], [11.1736, 34.72821], [11.15663, 34.7216], [11.14815, 34.70488], [11.13314, 34.69982], [11.1328, 34.68421], [11.12174, 34.67992], [11.12556, 34.66304], [11.20286, 34.7027], [11.24683, 34.71039], [11.25101, 34.72382], [11.26208, 34.72031], [11.28856, 34.73312], [11.29659, 34.73071], [11.29692, 34.72331], [11.30156, 34.72622], [11.29692, 34.73113], [11.30469, 34.73536], [11.30457, 34.7424], [11.27734, 34.76456], [11.27851, 34.77396], [11.27218, 34.77876], [11.27902, 34.78148], [11.30746, 34.76022], [11.28631, 34.78927], [11.29366, 34.79548], [11.28543, 34.80245], [11.29888, 34.80643], [11.31543, 34.79765], [11.31818, 34.80135], [11.27617, 34.81935], [11.28269, 34.80645], [11.27793, 34.80394], [11.25792, 34.82909]]], [[[11.09093, 34.67165], [10.99276, 34.67225], [10.97179, 34.655], [11.04815, 34.61289], [11.04795, 34.62069], [11.05949, 34.62276], [11.0826, 34.64301], [11.12183, 34.65871], [11.11397, 34.66725], [11.09093, 34.67165]]], [[[11.34321, 34.75721], [11.31498, 34.75813], [11.30623, 34.74601], [11.34321, 34.75721]]], [[[11.3221, 34.8199], [11.30535, 34.82955], [11.31188, 34.81779], [11.33484, 34.81439], [11.3221, 34.8199]]]]}}, {"type": "Feature", "properties": {"adm3_pcode": "TN4151", "name": "Kairouan Nord", "name_ar": "القيروان الشمالية", "id_delegation": "4151", "delegation_name": "Kairouan Nord", "delegation_name_ar": "القيروان الشمالية", "governorate_name": "Kairouan", "governorate_name_ar": "القيروان", "region_name": "Centre West", "lat": "35.74265368", "lon": "10.09261841", "area_sqkm": "250.85850481", "n_stations": "29", "n_certified": "28", "registered": "25943", "voters": "6564", "valid": "6331", "blank": "71", "spoilt": "162", "turnout_stations": "27", "turnout_registered": "25943", "turnout_voters": "6442", "saied": "5801", "saied_share_pct": "91.6285", "saied_margin_pp": "84.2205", "zammel": "469", "zammel_share_pct": "7.4080", "zammel_margin_pp": "-84.2205", "maghzaoui": "61", "maghzaoui_share_pct": "0.9635", "maghzaoui_margin_pp": "-90.6650", "candidate_sum": "6331", "winner": "saied", "runner_up": "zammel", "margin_pp": "84.2205", "turnout_pct": "24.8314", "turnout_coverage_pct": "93.1034"}, "geometry": {"type": "MultiPolygon", "coordinates": [[[[10.17194, 35.79218], [10.15755, 35.81921], [10.1454, 35.79173], [10.12407, 35.77905], [10.1057, 35.78471], [10.0882, 35.80373], [10.07629, 35.8075], [10.02926, 35.8028], [9.98115, 35.76606], [9.98643, 35.75689], [9.97574, 35.73889], [9.97069, 35.70576], [10.00665, 35.69778], [9.99859, 35.68116], [10.07039, 35.68032], [10.07094, 35.66648], [10.08973, 35.67238], [10.09636, 35.66602], [10.10303, 35.67571], [10.12895, 35.67622], [10.11704, 35.67644], [10.11389, 35.68594], [10.17678, 35.70799], [10.19228, 35.69936], [10.18771, 35.68062], [10.25292, 35.68117], [10.23022, 35.70623], [10.21127, 35.71526], [10.21262, 35.73958], [10.20337, 35.7639], [10.18373, 35.78881], [10.17194, 35.79218]]]]}}, {"type": "Feature", "properties": {"adm3_pcode": "TN4152", "name": "Kairouan Sud", "name_ar": "القيروان الجنوبية", "id_delegation": "4152", "delegation_name": "Kairouan Sud", "delegation_name_ar": "القيروان الجنوبية", "governorate_name": "Kairouan", "governorate_name_ar": "القيروان", "region_name": "Centre West", "lat": "35.57633803", "lon": "10.15938702", "area_sqkm": "519.02787779", "n_stations": "37", "n_certified": "37", "registered": "35007", "voters": "8925", "valid": "8586", "blank": "98", "spoilt": "241", "turnout_stations": "35", "turnout_registered": "35007", "turnout_voters": "8478", "saied": "8081", "saied_share_pct": "94.1183", "saied_margin_pp": "89.1801", "zammel": "424", "zammel_share_pct": "4.9383", "zammel_margin_pp": "-89.1801", "maghzaoui": "81", "maghzaoui_share_pct": "0.9434", "maghzaoui_margin_pp": "-93.1749", "candidate_sum": "8586", "winner": "saied", "runner_up": "zammel", "margin_pp": "89.1801", "turnout_pct": "24.2180", "turnout_coverage_pct": "94.5946"}, "geometry": {"type": "MultiPolygon", "coordinates": [[[[10.18208, 35.70729], [10.1294, 35.69459], [10.11389, 35.68594], [10.11704, 35.67644], [10.12895, 35.67622], [10.10303, 35.67571], [10.09636, 35.66602], [10.08973, 35.67238], [10.07094, 35.66648], [10.07039, 35.68032], [10.01641, 35.6817], [10.01012, 35.66255], [9.96188, 35.63919], [9.98014, 35.63623], [9.98895, 35.62793], [9.98963, 35.61567], [10.04066, 35.61763], [10.0129, 35.59398], [10.02854, 35.58216], [10.05851, 35.58201], [10.05599, 35.57003], [10.04092, 35.54019], [10.01171, 35.52835], [9.99518, 35.52813], [9.98245, 35.54008], [9.95992, 35.54435], [9.93069, 35.51604], [9.93091, 35.50731], [9.9164, 35.49207], [9.87911, 35.47411], [9.88361, 35.46772], [9.91433, 35.44693], [9.93443, 35.44831], [9.94495, 35.45588], [9.96404, 35.44403], [9.98036, 35.4728], [9.99884, 35.47835], [10.01494, 35.49381], [10.01979, 35.48683], [10.04947, 35.49092], [10.06747, 35.49471], [10.06806, 35.50387], [10.09521, 35.50772], [10.09616, 35.50185], [10.14109, 35.51353], [10.13339, 35.54432], [10.16273, 35.56696], [10.17086, 35.50969], [10.18034, 35.49663], [10.18546, 35.49972], [10.19314, 35.49415], [10.18469, 35.47415], [10.21108, 35.46696], [10.25215, 35.49446], [10.25688, 35.49938], [10.2073, 35.55366], [10.27407, 35.5805], [10.2922, 35.57848], [10.2954, 35.59432], [10.27234, 35.63301], [10.2769, 35.64951], [10.25363, 35.68055], [10.18771, 35.68062], [10.19228, 35.69936], [10.18208, 35.70729]]]]}}, {"type": "Feature", "properties": {"adm3_pcode": "TN4153", "name": "Chebika", "name_ar": "الشبيكة", "id_delegation": "4153", "delegation_name": "Chebika", "delegation_name_ar": "الشبيكة", "governorate_name": "Kairouan", "governorate_name_ar": "القيروان", "region_name": "Centre West", "lat": "35.65887244", "lon": "9.92764933", "area_sqkm": "512.62957308", "n_stations": "26", "n_certified": "26", "registered": "18285", "voters": "6144", "valid": "5928", "blank": "41", "spoilt": "175", "turnout_stations": "24", "turnout_registered": "18285", "turnout_voters": "5789", "saied": "5743", "saied_share_pct": "96.8792", "saied_margin_pp": "94.7368", "zammel": "127", "zammel_share_pct": "2.1424", "zammel_margin_pp": "-94.7368", "maghzaoui": "58", "maghzaoui_share_pct": "0.9784", "maghzaoui_margin_pp": "-95.9008", "candidate_sum": "5928", "winner": "saied", "runner_up": "zammel", "margin_pp": "94.7368", "turnout_pct": "31.6598", "turnout_coverage_pct": "92.3077"}, "geometry": {"type": "MultiPolygon", "coordinates": [[[[9.8649, 35.82813], [9.86789, 35.82034], [9.84424, 35.79203], [9.83862, 35.75678], [9.83952, 35.74351], [9.86502, 35.71718], [9.85423, 35.70165], [9.864, 35.69264], [9.86214, 35.66289], [9.84476, 35.65367], [9.84107, 35.6417], [9.81993, 35.63475], [9.82598, 35.62738], [9.82937, 35.59118], [9.76982, 35.58361], [9.75679, 35.57756], [9.75607, 35.56748], [9.80021, 35.5339], [9.81983, 35.49017], [9.88523, 35.50865], [9.91215, 35.4902], [9.95992, 35.54435], [9.98245, 35.54008], [9.98504, 35.53367], [10.00388, 35.52659], [10.03668, 35.53708], [10.059, 35.58035], [10.02854, 35.58216], [10.0129, 35.59398], [10.04066, 35.61763], [9.98963, 35.61567], [9.98895, 35.62793], [9.98014, 35.63623], [9.96188, 35.63919], [10.01012, 35.66255], [10.01641, 35.6817], [9.99859, 35.68116], [10.00665, 35.69778], [9.97069, 35.70576], [9.97574, 35.73889], [9.98643, 35.75689], [9.96802, 35.78368], [9.92475, 35.81882], [9.90525, 35.81183], [9.8649, 35.82813]]]]}}, {"type": "Feature", "properties": {"adm3_pcode": "TN4154", "name": "Sbikha", "name_ar": "السبيخة", "id_delegation": "4154", "delegation_name": "Sbikha", "delegation_name_ar": "السبيخة", "governorate_name": "Kairouan", "governorate_name_ar": "القيروان", "region_name": "Centre West", "lat": "35.95098906", "lon": "10.02598148", "area_sqkm": "1058.21705885", "n_stations": "39", "n_certified": "39", "registered": "33324", "voters": "9342", "valid": "9110", "blank": "92", "spoilt": "228", "turnout_stations": "38", "turnout_registered": "33324", "turnout_voters": "9342", "saied": "8825", "saied_share_pct": "96.8716", "saied_margin_pp": "94.5664", "zammel": "210", "zammel_share_pct": "2.3052", "zammel_margin_pp": "-94.5664", "maghzaoui": "75", "maghzaoui_share_pct": "0.8233", "maghzaoui_margin_pp": "-96.0483", "candidate_sum": "9110", "winner": "saied", "runner_up": "zammel", "margin_pp": "94.5664", "turnout_pct": "28.0338", "turnout_coverage_pct": "97.4359"}, "geometry": {"type": "MultiPolygon", "coordinates": [[[[10.19658, 36.13784], [10.17408, 36.13817], [10.13764, 36.12323], [10.12579, 36.10743], [10.13494, 36.09709], [10.1375, 36.08106], [10.07918, 36.07472], [10.06489, 36.08708], [10.0582, 36.1061], [10.06502, 36.0433], [10.04433, 36.00057], [10.02027, 36.01589], [10.01083, 36.01232], [10.00518, 36.02668], [9.98913, 36.0381], [9.97549, 36.03892], [9.97325, 36.04984], [9.95545, 36.03866], [9.93622, 36.04733], [9.9013, 36.04258], [9.8945, 36.04736], [9.89155, 36.0679], [9.87789, 36.0753], [9.84343, 36.07394], [9.81178, 36.02826], [9.82776, 36.00884], [9.81273, 35.97276], [9.81929, 35.9367], [9.79391, 35.90808], [9.77162, 35.89845], [9.77102, 35.8708], [9.79181, 35.87613], [9.81797, 35.85481], [9.83854, 35.84937], [9.85765, 35.82652], [9.86867, 35.82813], [9.90525, 35.81183], [9.92449, 35.81889], [9.93591, 35.81365], [9.98115, 35.76606], [10.02919, 35.80276], [10.04682, 35.80662], [10.08575, 35.80478], [10.1057, 35.78471], [10.12407, 35.77905], [10.13859, 35.78417], [10.15021, 35.81062], [10.16578, 35.82096], [10.15799, 35.82508], [10.16003, 35.83599], [10.17154, 35.84027], [10.16892, 35.84408], [10.17939, 35.85285], [10.17536, 35.86772], [10.18006, 35.87949], [10.20219, 35.90358], [10.21423, 35.90621], [10.22874, 35.92909], [10.25684, 36.00041], [10.25567, 36.03556], [10.22197, 36.05492], [10.20357, 36.05713], [10.21683, 36.0869], [10.2072, 36.09082], [10.21034, 36.09569], [10.20213, 36.10411], [10.20272, 36.13303], [10.20734, 36.1352], [10.19658, 36.13784]]]]}}, {"type": "Feature", "properties": {"adm3_pcode": "TN4155", "name": "Oueslatia", "name_ar": "الوسلاتية", "id_delegation": "4155", "delegation_name": "Oueslatia", "delegation_name_ar": "الوسلاتية", "governorate_name": "Kairouan", "governorate_name_ar": "القيروان", "region_name": "Centre West", "lat": "35.89336582", "lon": "9.63111328", "area_sqkm": "912.46411075", "n_stations": "34", "n_certified": "34", "registered": "20843", "voters": "6985", "valid": "6977", "blank": "53", "spoilt": "254", "turnout_stations": "32", "turnout_registered": "20843", "turnout_voters": "6843", "saied": "6729", "saied_share_pct": "96.4455", "saied_margin_pp": "93.6649", "zammel": "194", "zammel_share_pct": "2.7806", "zammel_margin_pp": "-93.6649", "maghzaoui": "54", "maghzaoui_share_pct": "0.7740", "maghzaoui_margin_pp": "-95.6715", "candidate_sum": "6977", "winner": "saied", "runner_up": "zammel", "margin_pp": "93.6649", "turnout_pct": "32.8312", "turnout_coverage_pct": "94.1176"}, "geometry": {"type": "MultiPolygon", "coordinates": [[[[9.77659, 36.10312], [9.75777, 36.11523], [9.71142, 36.05748], [9.60517, 35.974], [9.52323, 35.92285], [9.51818, 35.91392], [9.48975, 35.91221], [9.48568, 35.9069], [9.49072, 35.87287], [9.51786, 35.86165], [9.51822, 35.85452], [9.53244, 35.85498], [9.53554, 35.84796], [9.53402, 35.83166], [9.52259, 35.83103], [9.50884, 35.82004], [9.50929, 35.81038], [9.49268, 35.78871], [9.50367, 35.76348], [9.54282, 35.7433], [9.54532, 35.73147], [9.53778, 35.72205], [9.53683, 35.69954], [9.55522, 35.67409], [9.56146, 35.67611], [9.55766, 35.70115], [9.58408, 35.7224], [9.59831, 35.72531], [9.59612, 35.74147], [9.62688, 35.79111], [9.64901, 35.78536], [9.64811, 35.76788], [9.63704, 35.75709], [9.65062, 35.74505], [9.65733, 35.75378], [9.66195, 35.73038], [9.67368, 35.73363], [9.67947, 35.71212], [9.72991, 35.72465], [9.76426, 35.72614], [9.77009, 35.7208], [9.79976, 35.73786], [9.83952, 35.74351], [9.84424, 35.79203], [9.86712, 35.82278], [9.83854, 35.84937], [9.81797, 35.85481], [9.79181, 35.87613], [9.77102, 35.8708], [9.77162, 35.89845], [9.79391, 35.90808], [9.81929, 35.9367], [9.81273, 35.97276], [9.82776, 36.00884], [9.81178, 36.02826], [9.82144, 36.0455], [9.83035, 36.04922], [9.81015, 36.10829], [9.79533, 36.10048], [9.7853, 36.10661], [9.77659, 36.10312]]]]}}, {"type": "Feature", "properties": {"adm3_pcode": "TN4156", "name": "Haffouz", "name_ar": "حفوز", "id_delegation": "4156", "delegation_name": "Haffouz", "delegation_name_ar": "حفوز", "governorate_name": "Kairouan", "governorate_name_ar": "القيروان", "region_name": "Centre West", "lat": "35.61649856", "lon": "9.73591571", "area_sqkm": "611.3089221", "n_stations": "26", "n_certified": "26", "registered": "19258", "voters": "6634", "valid": "6607", "blank": "81", "spoilt": "232", "turnout_stations": "24", "turnout_registered": "18719", "turnout_voters": "6422", "saied": "6405", "saied_share_pct": "96.9426", "saied_margin_pp": "94.3999", "zammel": "168", "zammel_share_pct": "2.5428", "zammel_margin_pp": "-94.3999", "maghzaoui": "34", "maghzaoui_share_pct": "0.5146", "maghzaoui_margin_pp": "-96.4280", "candidate_sum": "6607", "winner": "saied", "runner_up": "zammel", "margin_pp": "94.3999", "turnout_pct": "34.3074", "turnout_coverage_pct": "92.3077"}, "geometry": {"type": "MultiPolygon", "coordinates": [[[[9.62964, 35.79149], [9.59612, 35.74147], [9.59831, 35.72531], [9.58408, 35.7224], [9.55766, 35.70115], [9.56462, 35.66386], [9.5427, 35.65558], [9.55449, 35.63786], [9.57639, 35.64263], [9.59893, 35.63611], [9.63068, 35.6387], [9.64728, 35.61828], [9.61143, 35.60927], [9.62592, 35.60305], [9.63026, 35.58802], [9.60833, 35.57782], [9.60958, 35.56915], [9.58884, 35.55699], [9.57579, 35.5387], [9.57231, 35.51508], [9.58178, 35.50976], [9.58772, 35.48386], [9.58314, 35.47184], [9.6014, 35.47539], [9.61524, 35.50986], [9.60419, 35.51745], [9.62297, 35.52422], [9.6324, 35.50877], [9.65913, 35.50123], [9.67315, 35.48648], [9.68596, 35.49037], [9.6962, 35.47356], [9.70347, 35.47985], [9.7123, 35.46597], [9.70414, 35.45183], [9.73067, 35.44157], [9.73899, 35.46167], [9.77519, 35.46574], [9.7907, 35.48314], [9.79806, 35.47858], [9.81983, 35.49017], [9.80021, 35.5339], [9.76104, 35.56269], [9.75533, 35.57505], [9.76982, 35.58361], [9.83095, 35.5927], [9.81993, 35.63475], [9.84107, 35.6417], [9.84476, 35.65367], [9.86214, 35.66289], [9.864, 35.69264], [9.85423, 35.70165], [9.86502, 35.71718], [9.83485, 35.74407], [9.79976, 35.73786], [9.77009, 35.7208], [9.76426, 35.72614], [9.72991, 35.72465], [9.67947, 35.71212], [9.67368, 35.73363], [9.66195, 35.73038], [9.65733, 35.75378], [9.65062, 35.74505], [9.63704, 35.75709], [9.64811, 35.76788], [9.64901, 35.78536], [9.62964, 35.79149]]]]}}, {"type": "Feature", "properties": {"adm3_pcode": "TN4157", "name": "Alaa", "name_ar": "العلاء", "id_delegation": "4157", "delegation_name": "Alaa", "delegation_name_ar": "العلاء", "governorate_name": "Kairouan", "governorate_name_ar": "القيروان", "region_name": "Centre West", "lat": "35.62919793", "lon": "9.48259407", "area_sqkm": "361.29397153", "n_stations": "31", "n_certified": "31", "registered": "19629", "voters": "6600", "valid": "6249", "blank": "92", "spoilt": "259", "turnout_stations": "29", "turnout_registered": "19629", "turnout_voters": "6112", "saied": "6080", "saied_share_pct": "97.2956", "saied_margin_pp": "95.5993", "zammel": "106", "zammel_share_pct": "1.6963", "zammel_margin_pp": "-95.5993", "maghzaoui": "63", "maghzaoui_share_pct": "1.0082", "maghzaoui_margin_pp": "-96.2874", "candidate_sum": "6249", "winner": "saied", "runner_up": "zammel", "margin_pp": "95.5993", "turnout_pct": "31.1376", "turnout_coverage_pct": "93.5484"}, "geometry": {"type": "MultiPolygon", "coordinates": [[[[9.54282, 35.7433], [9.52198, 35.73817], [9.52068, 35.72906], [9.51536, 35.73385], [9.46796, 35.72934], [9.46999, 35.72491], [9.45428, 35.71965], [9.45686, 35.71331], [9.44202, 35.70813], [9.43311, 35.71214], [9.40514, 35.68953], [9.39409, 35.6901], [9.37705, 35.70349], [9.3382, 35.70053], [9.29765, 35.72535], [9.27089, 35.69362], [9.32499, 35.64059], [9.33005, 35.6274], [9.38592, 35.60567], [9.39208, 35.58218], [9.40414, 35.57538], [9.45186, 35.58683], [9.4535, 35.59789], [9.46748, 35.6028], [9.47784, 35.59298], [9.50361, 35.59647], [9.5438, 35.5746], [9.55404, 35.53823], [9.57231, 35.51508], [9.57579, 35.5387], [9.58508, 35.55307], [9.60958, 35.56915], [9.60833, 35.57782], [9.63026, 35.58802], [9.62592, 35.60305], [9.61143, 35.60927], [9.64728, 35.61828], [9.63006, 35.63889], [9.59893, 35.63611], [9.57639, 35.64263], [9.55513, 35.63776], [9.54846, 35.64321], [9.5427, 35.65558], [9.56509, 35.66719], [9.56137, 35.67528], [9.54683, 35.6798], [9.53686, 35.69941], [9.53778, 35.72205], [9.54532, 35.73147], [9.54282, 35.7433]]]]}}, {"type": "Feature", "properties": {"adm3_pcode": "TN4158", "name": "Hajeb El Ayoun", "name_ar": "حاجب العيون", "id_delegation": "4158", "delegation_name": "Hajeb El Ayoun", "delegation_name_ar": "حاجب العيون", "governorate_name": "Kairouan", "governorate_name_ar": "القيروان", "region_name": "Centre West", "lat": "35.41660296", "lon": "9.59947577", "area_sqkm": "582.93813888", "n_stations": "39", "n_certified": "39", "registered": "28946", "voters": "10018", "valid": "9554", "blank": "126", "spoilt": "338", "turnout_stations": "38", "turnout_registered": "28946", "turnout_voters": "9789", "saied": "9247", "saied_share_pct": "96.7867", "saied_margin_pp": "94.7771", "zammel": "192", "zammel_share_pct": "2.0096", "zammel_margin_pp": "-94.7771", "maghzaoui": "115", "maghzaoui_share_pct": "1.2037", "maghzaoui_margin_pp": "-95.5830", "candidate_sum": "9554", "winner": "saied", "runner_up": "zammel", "margin_pp": "94.7771", "turnout_pct": "33.8181", "turnout_coverage_pct": "97.4359"}, "geometry": {"type": "MultiPolygon", "coordinates": [[[[9.46828, 35.60217], [9.4535, 35.59789], [9.45186, 35.58683], [9.42612, 35.57706], [9.43062, 35.56975], [9.42803, 35.53992], [9.43515, 35.53149], [9.44141, 35.49932], [9.46405, 35.49309], [9.46617, 35.47715], [9.48915, 35.46561], [9.4883, 35.42939], [9.50513, 35.4141], [9.50028, 35.41158], [9.5052, 35.40524], [9.47444, 35.38843], [9.45914, 35.36355], [9.52708, 35.3443], [9.52728, 35.33328], [9.53661, 35.3222], [9.53367, 35.31391], [9.55452, 35.2749], [9.56616, 35.26972], [9.58701, 35.28476], [9.60003, 35.2796], [9.60946, 35.26668], [9.64173, 35.26069], [9.65841, 35.24254], [9.69161, 35.23074], [9.70415, 35.27514], [9.69402, 35.29916], [9.70256, 35.33291], [9.69656, 35.34495], [9.70455, 35.35278], [9.68127, 35.36584], [9.69995, 35.40838], [9.69823, 35.41811], [9.71118, 35.43641], [9.72817, 35.44116], [9.70414, 35.45183], [9.7123, 35.46597], [9.70481, 35.47156], [9.70863, 35.47386], [9.70347, 35.47985], [9.6962, 35.47356], [9.68596, 35.49037], [9.67315, 35.48648], [9.65913, 35.50123], [9.6324, 35.50877], [9.62297, 35.52422], [9.60419, 35.51745], [9.61524, 35.50986], [9.6014, 35.47539], [9.58314, 35.47184], [9.58772, 35.48386], [9.58178, 35.50976], [9.55404, 35.53823], [9.54934, 35.56952], [9.50361, 35.59647], [9.47784, 35.59298], [9.46828, 35.60217]]]]}}, {"type": "Feature", "properties": {"adm3_pcode": "TN4159", "name": "Nasrallah", "name_ar": "نصر اللّه", "id_delegation": "4159", "delegation_name": "Nasrallah", "delegation_name_ar": "نصر اللّه", "governorate_name": "Kairouan", "governorate_name_ar": "القيروان", "region_name": "Centre West", "lat": "35.33767325", "lon": "9.81266761", "area_sqkm": "685.09858898", "n_stations": "33", "n_certified": "33", "registered": "24848", "voters": "7431", "valid": "7344", "blank": "60", "spoilt": "180", "turnout_stations": "31", "turnout_registered": "23896", "turnout_voters": "7263", "saied": "7131", "saied_share_pct": "97.0997", "saied_margin_pp": "95.1117", "zammel": "146", "zammel_share_pct": "1.9880", "zammel_margin_pp": "-95.1117", "maghzaoui": "67", "maghzaoui_share_pct": "0.9123", "maghzaoui_margin_pp": "-96.1874", "candidate_sum": "7344", "winner": "saied", "runner_up": "zammel", "margin_pp": "95.1117", "turnout_pct": "30.3942", "turnout_coverage_pct": "93.9394"}, "geometry": {"type": "MultiPolygon", "coordinates": [[[[9.88523, 35.50865], [9.824, 35.49377], [9.79806, 35.47858], [9.7907, 35.48314], [9.77519, 35.46574], [9.73899, 35.46167], [9.73067, 35.44157], [9.71118, 35.43641], [9.69823, 35.41811], [9.69995, 35.40838], [9.68127, 35.36584], [9.70455, 35.35278], [9.69656, 35.34495], [9.70256, 35.33291], [9.69402, 35.29916], [9.70415, 35.27514], [9.69046, 35.2212], [9.69882, 35.20065], [9.74779, 35.18044], [9.79406, 35.18156], [9.82171, 35.17146], [9.8732, 35.16611], [9.88389, 35.17], [9.8884, 35.18489], [9.94264, 35.19894], [9.96327, 35.21189], [9.96193, 35.25275], [9.95613, 35.26062], [9.95992, 35.27268], [9.92369, 35.29009], [9.93985, 35.31493], [9.93048, 35.31788], [9.92298, 35.3302], [9.92658, 35.33914], [9.9121, 35.36073], [9.91125, 35.39324], [9.90103, 35.38844], [9.89817, 35.40088], [9.91394, 35.41005], [9.88711, 35.41591], [9.90701, 35.45017], [9.90067, 35.45302], [9.90697, 35.45645], [9.88935, 35.46149], [9.89136, 35.46591], [9.87911, 35.47411], [9.89905, 35.4798], [9.90934, 35.48989], [9.88523, 35.50865]]]]}}, {"type": "Feature", "properties": {"adm3_pcode": "TN4160", "name": "Chrarda", "name_ar": "الشراردة", "id_delegation": "4160", "delegation_name": "Chrarda", "delegation_name_ar": "الشراردة", "governorate_name": "Kairouan", "governorate_name_ar": "القيروان", "region_name": "Centre West", "lat": "35.15057191", "lon": "10.1051927", "area_sqkm": "329.89130678", "n_stations": "27", "n_certified": "27", "registered": "15970", "voters": "4455", "valid": "4329", "blank": "43", "spoilt": "84", "turnout_stations": "26", "turnout_registered": "15970", "turnout_voters": "4276", "saied": "4126", "saied_share_pct": "95.3107", "saied_margin_pp": "91.7302", "zammel": "155", "zammel_share_pct": "3.5805", "zammel_margin_pp": "-91.7302", "maghzaoui": "48", "maghzaoui_share_pct": "1.1088", "maghzaoui_margin_pp": "-94.2019", "candidate_sum": "4329", "winner": "saied", "runner_up": "zammel", "margin_pp": "91.7302", "turnout_pct": "26.7752", "turnout_coverage_pct": "96.2963"}, "geometry": {"type": "MultiPolygon", "coordinates": [[[[9.99484, 35.28113], [9.96496, 35.28189], [9.96076, 35.27456], [9.95613, 35.26062], [9.96193, 35.25275], [9.96492, 35.21586], [9.95933, 35.20545], [9.9676, 35.20244], [9.97358, 35.18183], [10.00149, 35.16453], [9.99476, 35.15515], [9.99711, 35.1265], [9.99211, 35.12081], [10.00235, 35.10288], [9.99409, 35.08419], [10.0129, 35.06608], [10.00582, 35.05244], [10.01739, 35.05058], [10.00773, 35.04245], [10.06322, 35.02025], [10.05223, 35.04658], [10.06591, 35.06758], [10.10952, 35.09471], [10.13488, 35.11924], [10.14291, 35.11667], [10.15291, 35.13805], [10.17293, 35.13735], [10.22303, 35.15237], [10.21063, 35.18681], [10.22055, 35.19755], [10.20367, 35.22057], [10.18059, 35.21557], [10.1705, 35.21927], [10.1487, 35.20335], [10.09621, 35.24245], [10.07081, 35.23382], [10.07173, 35.21383], [10.05903, 35.19755], [10.0346, 35.21194], [10.03156, 35.23705], [10.0391, 35.23791], [10.0422, 35.25241], [10.03011, 35.25893], [10.03046, 35.25203], [10.01456, 35.25199], [9.99484, 35.28113]]]]}}, {"type": "Feature", "properties": {"adm3_pcode": "TN4161", "name": "Bouhajla", "name_ar": "بوحجلة", "id_delegation": "4161", "delegation_name": "Bouhajla", "delegation_name_ar": "بوحجلة", "governorate_name": "Kairouan", "governorate_name_ar": "القيروان", "region_name": "Centre West", "lat": "35.38307695", "lon": "10.04219578", "area_sqkm": "689.45800584", "n_stations": "44", "n_certified": "44", "registered": "34859", "voters": "8612", "valid": "8294", "blank": "60", "spoilt": "258", "turnout_stations": "42", "turnout_registered": "34859", "turnout_voters": "8259", "saied": "8005", "saied_share_pct": "96.5156", "saied_margin_pp": "94.0318", "zammel": "206", "zammel_share_pct": "2.4837", "zammel_margin_pp": "-94.0318", "maghzaoui": "83", "maghzaoui_share_pct": "1.0007", "maghzaoui_margin_pp": "-95.5148", "candidate_sum": "8294", "winner": "saied", "runner_up": "zammel", "margin_pp": "94.0318", "turnout_pct": "23.6926", "turnout_coverage_pct": "95.4545"}, "geometry": {"type": "MultiPolygon", "coordinates": [[[[10.17569, 35.50308], [10.16685, 35.5251], [10.16273, 35.56696], [10.13339, 35.54432], [10.14109, 35.51353], [10.09616, 35.50185], [10.09521, 35.50772], [10.06806, 35.50387], [10.06747, 35.49471], [10.04947, 35.49092], [10.01979, 35.48683], [10.01494, 35.49381], [9.99884, 35.47835], [9.98036, 35.4728], [9.96404, 35.44403], [9.94495, 35.45588], [9.93443, 35.44831], [9.90701, 35.45017], [9.88711, 35.41591], [9.91394, 35.41005], [9.89817, 35.40088], [9.90103, 35.38844], [9.91125, 35.39324], [9.9121, 35.36073], [9.92658, 35.33914], [9.92498, 35.32573], [9.93985, 35.31493], [9.92369, 35.29009], [9.92871, 35.28408], [9.95992, 35.27268], [9.96496, 35.28189], [9.99305, 35.28243], [10.0032, 35.27588], [10.01456, 35.25199], [10.03046, 35.25203], [10.03011, 35.25893], [10.0422, 35.25241], [10.0391, 35.23791], [10.03156, 35.23705], [10.0346, 35.21194], [10.05903, 35.19755], [10.07173, 35.21383], [10.07081, 35.23382], [10.08763, 35.24143], [10.09621, 35.24245], [10.1487, 35.20335], [10.1705, 35.21927], [10.18059, 35.21557], [10.20367, 35.22057], [10.17437, 35.26661], [10.20512, 35.32054], [10.1919, 35.3355], [10.1672, 35.34525], [10.16057, 35.35701], [10.1764, 35.38755], [10.182, 35.42145], [10.19359, 35.43292], [10.21652, 35.43783], [10.22492, 35.45655], [10.21976, 35.47156], [10.21108, 35.46696], [10.18203, 35.47653], [10.19314, 35.49415], [10.17569, 35.50308]]]]}}, {"type": "Feature", "properties": {"adm3_pcode": "TN4251", "name": "Kasserine Nord", "name_ar": "القصرين الشمالية", "id_delegation": "4251", "delegation_name": "Kasserine Nord", "delegation_name_ar": "القصرين الشمالية", "governorate_name": "Kassérine", "governorate_name_ar": "القصرين", "region_name": "Centre West", "lat": "35.21578591", "lon": "8.76988714", "area_sqkm": "97.77942176", "n_stations": "56", "n_certified": "56", "registered": "43259", "voters": "15498", "valid": "18664", "blank": "206", "spoilt": "500", "turnout_stations": "38", "turnout_registered": "39581", "turnout_voters": "13396", "saied": "17329", "saied_share_pct": "92.8472", "saied_margin_pp": "87.6929", "zammel": "962", "zammel_share_pct": "5.1543", "zammel_margin_pp": "-87.6929", "maghzaoui": "373", "maghzaoui_share_pct": "1.9985", "maghzaoui_margin_pp": "-90.8487", "candidate_sum": "18664", "winner": "saied", "runner_up": "zammel", "margin_pp": "87.6929", "turnout_pct": "33.8445", "turnout_coverage_pct": "67.8571"}, "geometry": {"type": "MultiPolygon", "coordinates": [[[[8.75099, 35.28181], [8.73091, 35.27746], [8.72777, 35.26999], [8.74254, 35.25977], [8.72053, 35.25525], [8.72269, 35.24583], [8.70043, 35.2201], [8.71574, 35.21057], [8.72672, 35.19206], [8.75241, 35.19957], [8.77855, 35.16478], [8.80097, 35.16356], [8.80669, 35.15799], [8.83684, 35.16845], [8.84646, 35.14985], [8.85221, 35.15387], [8.86348, 35.16751], [8.86024, 35.18376], [8.87672, 35.19904], [8.86639, 35.20705], [8.85035, 35.20284], [8.8149, 35.23019], [8.79376, 35.22869], [8.76283, 35.24184], [8.75946, 35.2383], [8.75099, 35.28181]]]]}}, {"type": "Feature", "properties": {"adm3_pcode": "TN4252", "name": "Kasserine Sud", "name_ar": "القصرين الجنوبية", "id_delegation": "4252", "delegation_name": "Kasserine Sud", "delegation_name_ar": "القصرين الجنوبية", "governorate_name": "Kassérine", "governorate_name_ar": "القصرين", "region_name": "Centre West", "lat": "35.09786841", "lon": "8.79065127", "area_sqkm": "865.48082244", "n_stations": "18", "n_certified": "18", "registered": "8765", "voters": "4233", "valid": "5389", "blank": "77", "spoilt": "127", "turnout_stations": "13", "turnout_registered": "8765", "turnout_voters": "3846", "saied": "5148", "saied_share_pct": "95.5279", "saied_margin_pp": "92.3919", "zammel": "169", "zammel_share_pct": "3.1360", "zammel_margin_pp": "-92.3919", "maghzaoui": "72", "maghzaoui_share_pct": "1.3361", "maghzaoui_margin_pp": "-94.1919", "candidate_sum": "5389", "winner": "saied", "runner_up": "zammel", "margin_pp": "92.3919", "turnout_pct": "43.8791", "turnout_coverage_pct": "72.2222"}, "geometry": {"type": "MultiPolygon", "coordinates": [[[[8.85002, 35.3061], [8.84087, 35.31003], [8.77599, 35.30488], [8.75099, 35.28181], [8.75946, 35.2383], [8.76283, 35.24184], [8.79376, 35.22869], [8.8149, 35.23019], [8.85035, 35.20284], [8.86639, 35.20705], [8.87672, 35.19904], [8.86038, 35.18402], [8.86344, 35.16737], [8.84646, 35.14985], [8.77855, 35.16478], [8.75241, 35.19957], [8.72672, 35.19206], [8.71574, 35.21057], [8.70043, 35.2201], [8.68041, 35.20532], [8.63419, 35.19548], [8.6411, 35.18612], [8.59719, 35.1556], [8.63652, 35.11507], [8.61789, 35.08505], [8.56123, 35.06407], [8.58242, 35.00882], [8.5956, 35.01393], [8.62517, 34.97894], [8.59971, 34.96303], [8.59983, 34.93973], [8.5918, 34.92599], [8.59579, 34.92122], [8.60359, 34.92274], [8.66787, 34.88614], [8.7002, 34.89826], [8.71571, 34.92602], [8.75621, 34.95449], [8.73453, 34.97021], [8.76635, 34.9859], [8.76911, 34.99872], [8.7605, 35.0233], [8.79195, 35.03584], [8.80944, 35.02981], [8.89151, 35.05392], [8.9082, 35.07544], [8.96072, 35.1028], [8.99226, 35.12896], [8.98781, 35.15542], [8.99723, 35.15108], [9.00495, 35.15702], [9.00952, 35.1506], [9.02383, 35.15511], [9.03042, 35.1689], [9.01603, 35.17704], [8.99004, 35.17924], [8.94788, 35.21675], [8.95222, 35.21845], [8.94823, 35.22383], [8.90475, 35.23957], [8.89018, 35.27611], [8.85002, 35.3061]]]]}}, {"type": "Feature", "properties": {"adm3_pcode": "TN4253", "name": "Ezzouhour", "name_ar": "الزهور", "id_delegation": "4253", "delegation_name": "Ezzouhour", "delegation_name_ar": "الزهور", "governorate_name": "Kassérine", "governorate_name_ar": "القصرين", "region_name": "Centre West", "lat": "35.15881205", "lon": "8.83077981", "area_sqkm": "3.17056637", "n_stations": "22", "n_certified": "22", "registered": "15102", "voters": "6993", "valid": "6740", "blank": "76", "spoilt": "177", "turnout_stations": "18", "turnout_registered": "15019", "turnout_voters": "5439", "saied": "6415", "saied_share_pct": "95.1780", "saied_margin_pp": "91.5134", "zammel": "247", "zammel_share_pct": "3.6647", "zammel_margin_pp": "-91.5134", "maghzaoui": "78", "maghzaoui_share_pct": "1.1573", "maghzaoui_margin_pp": "-94.0208", "candidate_sum": "6740", "winner": "saied", "runner_up": "zammel", "margin_pp": "91.5134", "turnout_pct": "36.2141", "turnout_coverage_pct": "81.8182"}, "geometry": {"type": "MultiPolygon", "coordinates": [[[[8.83856, 35.16481], [8.81292, 35.16091], [8.83042, 35.15008], [8.84632, 35.14982], [8.83856, 35.16481]]]]}}, {"type": "Feature", "properties": {"adm3_pcode": "TN4254", "name": "Hassi El Ferid", "name_ar": "حاسي الفريد", "id_delegation": "4254", "delegation_name": "Hassi El Ferid", "delegation_name_ar": "حاسي الفريد", "governorate_name": "Kassérine", "governorate_name_ar": "القصرين", "region_name": "Centre West", "lat": "34.96267984", "lon": "8.91025045", "area_sqkm": "969.11277235", "n_stations": "25", "n_certified": "25", "registered": "9198", "voters": "4372", "valid": "4584", "blank": "47", "spoilt": "108", "turnout_stations": "19", "turnout_registered": "9198", "turnout_voters": "3086", "saied": "4370", "saied_share_pct": "95.3316", "saied_margin_pp": "92.0593", "zammel": "150", "zammel_share_pct": "3.2723", "zammel_margin_pp": "-92.0593", "maghzaoui": "64", "maghzaoui_share_pct": "1.3962", "maghzaoui_margin_pp": "-93.9354", "candidate_sum": "4584", "winner": "saied", "runner_up": "zammel", "margin_pp": "92.0593", "turnout_pct": "33.5508", "turnout_coverage_pct": "76.0000"}, "geometry": {"type": "MultiPolygon", "coordinates": [[[[9.00851, 35.1511], [9.00495, 35.15702], [8.99723, 35.15108], [8.98781, 35.15542], [8.99226, 35.12896], [8.96072, 35.1028], [8.9082, 35.07544], [8.89151, 35.05392], [8.80944, 35.02981], [8.79195, 35.03584], [8.75912, 35.02202], [8.76911, 34.99872], [8.76635, 34.9859], [8.73453, 34.97021], [8.75621, 34.95449], [8.71571, 34.92602], [8.7002, 34.89826], [8.74153, 34.81351], [8.79171, 34.82317], [8.80681, 34.79459], [8.83064, 34.76873], [8.94015, 34.82265], [8.97149, 34.82546], [9.03925, 34.85796], [9.06446, 34.87777], [9.0584, 34.89035], [9.02726, 34.88889], [9.03124, 34.89916], [9.02592, 34.91409], [9.03802, 34.92275], [9.0353, 34.94038], [9.04986, 34.93703], [9.06035, 34.95553], [9.10629, 34.96759], [9.12207, 34.99532], [9.15071, 34.99456], [9.16356, 35.00016], [9.17041, 35.01073], [9.15186, 35.03861], [9.14813, 35.06149], [9.13334, 35.07123], [9.12711, 35.09126], [9.11475, 35.09076], [9.11463, 35.09815], [9.09348, 35.10972], [9.08859, 35.11897], [9.09285, 35.12811], [9.07197, 35.1286], [9.06173, 35.13974], [9.00851, 35.1511]]]]}}, {"type": "Feature", "properties": {"adm3_pcode": "TN4255", "name": "Sbeitla", "name_ar": "سبيطلة", "id_delegation": "4255", "delegation_name": "Sbeitla", "delegation_name_ar": "سبيطلة", "governorate_name": "Kassérine", "governorate_name_ar": "القصرين", "region_name": "Centre West", "lat": "35.24214293", "lon": "9.05779248", "area_sqkm": "1115.30091584", "n_stations": "75", "n_certified": "75", "registered": "51618", "voters": "15726", "valid": "16477", "blank": "159", "spoilt": "433", "turnout_stations": "63", "turnout_registered": "48713", "turnout_voters": "14284", "saied": "15750", "saied_share_pct": "95.5878", "saied_margin_pp": "92.1527", "zammel": "566", "zammel_share_pct": "3.4351", "zammel_margin_pp": "-92.1527", "maghzaoui": "161", "maghzaoui_share_pct": "0.9771", "maghzaoui_margin_pp": "-94.6107", "candidate_sum": "16477", "winner": "saied", "runner_up": "zammel", "margin_pp": "92.1527", "turnout_pct": "29.3228", "turnout_coverage_pct": "84.0000"}, "geometry": {"type": "MultiPolygon", "coordinates": [[[[9.0613, 35.46958], [9.03455, 35.4754], [9.00697, 35.4634], [8.99032, 35.46401], [8.94161, 35.42836], [8.91588, 35.42837], [8.87017, 35.3983], [8.8694, 35.38873], [8.8567, 35.38115], [8.85985, 35.37767], [8.82252, 35.35187], [8.80201, 35.32712], [8.80042, 35.30824], [8.84619, 35.30924], [8.89018, 35.27611], [8.90475, 35.23957], [8.94823, 35.22383], [8.95222, 35.21845], [8.94788, 35.21675], [8.99004, 35.17924], [9.01603, 35.17704], [9.03042, 35.1689], [9.0205, 35.15158], [9.02383, 35.14705], [9.06173, 35.13974], [9.07197, 35.1286], [9.09285, 35.12811], [9.08859, 35.11897], [9.09348, 35.10972], [9.11463, 35.09815], [9.11475, 35.09076], [9.12711, 35.09126], [9.13334, 35.07123], [9.14813, 35.06149], [9.15186, 35.03861], [9.16754, 35.0121], [9.18574, 35.01555], [9.20442, 35.00885], [9.23839, 35.02317], [9.2716, 35.02077], [9.32388, 35.08274], [9.30304, 35.10193], [9.26346, 35.11754], [9.24283, 35.13765], [9.25377, 35.16705], [9.25232, 35.17906], [9.23813, 35.19809], [9.27489, 35.21516], [9.24894, 35.23122], [9.20342, 35.24506], [9.19611, 35.25848], [9.15019, 35.28829], [9.15636, 35.31023], [9.19213, 35.36442], [9.16859, 35.38032], [9.13614, 35.42312], [9.12033, 35.43147], [9.09798, 35.4324], [9.0969, 35.4461], [9.07581, 35.47012], [9.0613, 35.46958]]]]}}, {"type": "Feature", "properties": {"adm3_pcode": "TN4256", "name": "Sbiba", "name_ar": "سبيبة", "id_delegation": "4256", "delegation_name": "Sbiba", "delegation_name_ar": "سبيبة", "governorate_name": "Kassérine", "governorate_name_ar": "القصرين", "region_name": "Centre West", "lat": "35.49605282", "lon": "9.16933877", "area_sqkm": "447.46984355", "n_stations": "44", "n_certified": "44", "registered": "25022", "voters": "8747", "valid": "9216", "blank": "96", "spoilt": "232", "turnout_stations": "34", "turnout_registered": "25022", "turnout_voters": "7628", "saied": "8782", "saied_share_pct": "95.2908", "saied_margin_pp": "91.4822", "zammel": "351", "zammel_share_pct": "3.8086", "zammel_margin_pp": "-91.4822", "maghzaoui": "83", "maghzaoui_share_pct": "0.9006", "maghzaoui_margin_pp": "-94.3902", "candidate_sum": "9216", "winner": "saied", "runner_up": "zammel", "margin_pp": "91.4822", "turnout_pct": "30.4852", "turnout_coverage_pct": "77.2727"}, "geometry": {"type": "MultiPolygon", "coordinates": [[[[9.11498, 35.62693], [9.10192, 35.62459], [9.08675, 35.60272], [9.09118, 35.5732], [9.01633, 35.56969], [8.9814, 35.54871], [8.9797, 35.54236], [8.99952, 35.5362], [9.00687, 35.50684], [9.01776, 35.50055], [9.01216, 35.50052], [9.01179, 35.46547], [9.03455, 35.4754], [9.07581, 35.47012], [9.0969, 35.4461], [9.09798, 35.4324], [9.12033, 35.43147], [9.13614, 35.42312], [9.16859, 35.38032], [9.19213, 35.36442], [9.23183, 35.41242], [9.3391, 35.47859], [9.32683, 35.483], [9.3231, 35.48929], [9.33007, 35.49336], [9.32356, 35.50617], [9.30871, 35.51378], [9.29299, 35.5353], [9.27024, 35.53232], [9.2741, 35.54566], [9.2679, 35.55354], [9.2143, 35.54275], [9.20518, 35.5558], [9.18106, 35.56262], [9.18377, 35.58477], [9.19246, 35.59431], [9.1706, 35.6055], [9.17449, 35.61698], [9.16684, 35.61203], [9.15071, 35.61941], [9.13215, 35.61012], [9.11498, 35.62693]]]]}}, {"type": "Feature", "properties": {"adm3_pcode": "TN4257", "name": "Jedeliane", "name_ar": "جدليان", "id_delegation": "4257", "delegation_name": "Jedeliane", "delegation_name_ar": "جدليان", "governorate_name": "Kassérine", "governorate_name_ar": "القصرين", "region_name": "Centre West", "lat": "35.65703618", "lon": "8.8863631", "area_sqkm": "275.10332083", "n_stations": "17", "n_certified": "17", "registered": "7909", "voters": "2840", "valid": "3743", "blank": "32", "spoilt": "87", "turnout_stations": "14", "turnout_registered": "6747", "turnout_voters": "2561", "saied": "3574", "saied_share_pct": "95.4849", "saied_margin_pp": "92.1186", "zammel": "126", "zammel_share_pct": "3.3663", "zammel_margin_pp": "-92.1186", "maghzaoui": "43", "maghzaoui_share_pct": "1.1488", "maghzaoui_margin_pp": "-94.3361", "candidate_sum": "3743", "winner": "saied", "runner_up": "zammel", "margin_pp": "92.1186", "turnout_pct": "37.9576", "turnout_coverage_pct": "82.3529"}, "geometry": {"type": "MultiPolygon", "coordinates": [[[[8.86204, 35.73855], [8.82901, 35.75296], [8.82517, 35.73562], [8.83523, 35.73236], [8.82587, 35.70572], [8.83962, 35.6992], [8.83658, 35.68376], [8.79184, 35.67804], [8.78184, 35.63897], [8.78186, 35.6106], [8.79828, 35.60575], [8.83227, 35.61458], [8.86263, 35.61066], [8.86801, 35.59627], [8.8599, 35.58606], [8.87385, 35.58353], [8.89539, 35.59025], [8.90129, 35.6037], [8.8979, 35.61652], [8.92859, 35.61652], [8.94866, 35.60918], [8.95549, 35.61379], [8.98846, 35.59032], [9.0036, 35.58847], [9.00489, 35.56057], [9.01829, 35.57], [9.09118, 35.5732], [9.09051, 35.59371], [9.07999, 35.61254], [9.05918, 35.61917], [9.04848, 35.63444], [9.02366, 35.6284], [8.99416, 35.63298], [8.9863, 35.66292], [9.0, 35.66631], [8.98745, 35.6751], [8.96401, 35.67686], [9.01243, 35.70111], [8.9941, 35.70834], [8.96547, 35.70548], [8.95093, 35.7136], [8.92513, 35.71544], [8.86204, 35.73855]]]]}}, {"type": "Feature", "properties": {"adm3_pcode": "TN4258", "name": "Ayoun", "name_ar": "العيون", "id_delegation": "4258", "delegation_name": "Ayoun", "delegation_name_ar": "العيون", "governorate_name": "Kassérine", "governorate_name_ar": "القصرين", "region_name": "Centre West", "lat": "35.48989943", "lon": "8.90936122", "area_sqkm": "411.57670123", "n_stations": "22", "n_certified": "22", "registered": "8893", "voters": "3874", "valid": "4442", "blank": "37", "spoilt": "136", "turnout_stations": "15", "turnout_registered": "8893", "turnout_voters": "2917", "saied": "4257", "saied_share_pct": "95.8352", "saied_margin_pp": "93.0212", "zammel": "125", "zammel_share_pct": "2.8140", "zammel_margin_pp": "-93.0212", "maghzaoui": "60", "maghzaoui_share_pct": "1.3507", "maghzaoui_margin_pp": "-94.4845", "candidate_sum": "4442", "winner": "saied", "runner_up": "zammel", "margin_pp": "93.0212", "turnout_pct": "32.8011", "turnout_coverage_pct": "68.1818"}, "geometry": {"type": "MultiPolygon", "coordinates": [[[[8.91098, 35.61753], [8.89689, 35.61576], [8.90129, 35.6037], [8.89539, 35.59025], [8.87385, 35.58353], [8.8599, 35.58606], [8.86801, 35.59627], [8.86263, 35.61066], [8.83227, 35.61458], [8.80076, 35.60597], [8.78541, 35.60945], [8.75839, 35.56857], [8.80657, 35.5042], [8.80887, 35.47214], [8.80048, 35.45617], [8.80704, 35.44758], [8.80334, 35.41624], [8.82117, 35.36246], [8.85985, 35.37767], [8.8567, 35.38115], [8.8694, 35.38873], [8.86658, 35.3951], [8.91588, 35.42837], [8.94161, 35.42836], [8.98955, 35.46365], [9.00697, 35.4634], [9.01373, 35.46967], [9.01216, 35.50052], [9.01776, 35.50055], [9.00687, 35.50684], [8.99952, 35.5362], [8.9797, 35.54236], [8.9826, 35.5496], [9.00489, 35.56057], [9.0036, 35.58847], [8.98846, 35.59032], [8.9578, 35.61338], [8.94866, 35.60918], [8.91098, 35.61753]]]]}}, {"type": "Feature", "properties": {"adm3_pcode": "TN4259", "name": "Thala", "name_ar": "تالة", "id_delegation": "4259", "delegation_name": "Thala", "delegation_name_ar": "تالة", "governorate_name": "Kassérine", "governorate_name_ar": "القصرين", "region_name": "Centre West", "lat": "35.57671385", "lon": "8.66070548", "area_sqkm": "716.65673253", "n_stations": "35", "n_certified": "35", "registered": "20866", "voters": "7435", "valid": "7950", "blank": "101", "spoilt": "238", "turnout_stations": "28", "turnout_registered": "20259", "turnout_voters": "6825", "saied": "7667", "saied_share_pct": "96.4403", "saied_margin_pp": "93.9874", "zammel": "195", "zammel_share_pct": "2.4528", "zammel_margin_pp": "-93.9874", "maghzaoui": "88", "maghzaoui_share_pct": "1.1069", "maghzaoui_margin_pp": "-95.3333", "candidate_sum": "7950", "winner": "saied", "runner_up": "zammel", "margin_pp": "93.9874", "turnout_pct": "33.6887", "turnout_coverage_pct": "80.0000"}, "geometry": {"type": "MultiPolygon", "coordinates": [[[[8.70109, 35.79051], [8.68465, 35.78338], [8.6673, 35.78778], [8.66649, 35.75943], [8.65023, 35.75063], [8.63636, 35.755], [8.63195, 35.74314], [8.61711, 35.74778], [8.61881, 35.73101], [8.6267, 35.72436], [8.62267, 35.70198], [8.63031, 35.68566], [8.6179, 35.67558], [8.61497, 35.66002], [8.58729, 35.6492], [8.60546, 35.63869], [8.60193, 35.62671], [8.58959, 35.61853], [8.60017, 35.60752], [8.59788, 35.59804], [8.55791, 35.6047], [8.55372, 35.59158], [8.57104, 35.54934], [8.56414, 35.50877], [8.59295, 35.50197], [8.63845, 35.47933], [8.64577, 35.43997], [8.66679, 35.41366], [8.69038, 35.41241], [8.70038, 35.42852], [8.73882, 35.40611], [8.73316, 35.38315], [8.75648, 35.38827], [8.76185, 35.38171], [8.81164, 35.37337], [8.82117, 35.36246], [8.80334, 35.41624], [8.80704, 35.44758], [8.80048, 35.45617], [8.80887, 35.47214], [8.80657, 35.5042], [8.75839, 35.56857], [8.78541, 35.60945], [8.78184, 35.63897], [8.79184, 35.67804], [8.83658, 35.68376], [8.83962, 35.6992], [8.82587, 35.70572], [8.83523, 35.73236], [8.82517, 35.73562], [8.82901, 35.75296], [8.80404, 35.7742], [8.77094, 35.78398], [8.75857, 35.77446], [8.71413, 35.77226], [8.71185, 35.78727], [8.70109, 35.79051]]]]}}, {"type": "Feature", "properties": {"adm3_pcode": "TN4260", "name": "Hidra", "name_ar": "حيدرة", "id_delegation": "4260", "delegation_name": "Hidra", "delegation_name_ar": "حيدرة", "governorate_name": "Kassérine", "governorate_name_ar": "القصرين", "region_name": "Centre West", "lat": "35.54079882", "lon": "8.46685708", "area_sqkm": "496.0466956", "n_stations": "12", "n_certified": "12", "registered": "6161", "voters": "2479", "valid": "2495", "blank": "24", "spoilt": "74", "turnout_stations": "11", "turnout_registered": "6161", "turnout_voters": "2479", "saied": "2380", "saied_share_pct": "95.3908", "saied_margin_pp": "92.7856", "zammel": "65", "zammel_share_pct": "2.6052", "zammel_margin_pp": "-92.7856", "maghzaoui": "50", "maghzaoui_share_pct": "2.0040", "maghzaoui_margin_pp": "-93.3868", "candidate_sum": "2495", "winner": "saied", "runner_up": "zammel", "margin_pp": "92.7856", "turnout_pct": "40.2370", "turnout_coverage_pct": "91.6667"}, "geometry": {"type": "MultiPolygon", "coordinates": [[[[8.46443, 35.67072], [8.41719, 35.66434], [8.40163, 35.64227], [8.38469, 35.64038], [8.38929, 35.61601], [8.37082, 35.61961], [8.35144, 35.61428], [8.36387, 35.5357], [8.36075, 35.5265], [8.37562, 35.49435], [8.38566, 35.48687], [8.38434, 35.46688], [8.40818, 35.46388], [8.47312, 35.48634], [8.48013, 35.46406], [8.47528, 35.44562], [8.48405, 35.41678], [8.49304, 35.4087], [8.51516, 35.41983], [8.54623, 35.42327], [8.54442, 35.41693], [8.57819, 35.42359], [8.59723, 35.40648], [8.61445, 35.41237], [8.6457, 35.44086], [8.64173, 35.47558], [8.59295, 35.50197], [8.56414, 35.50877], [8.57104, 35.54934], [8.55372, 35.59158], [8.55791, 35.6047], [8.59788, 35.59804], [8.60017, 35.60752], [8.58959, 35.61853], [8.60193, 35.62671], [8.60546, 35.63869], [8.58718, 35.64642], [8.56824, 35.63764], [8.54346, 35.65727], [8.54821, 35.66556], [8.54365, 35.66728], [8.46443, 35.67072]]]]}}, {"type": "Feature", "properties": {"adm3_pcode": "TN4261", "name": "Foussana", "name_ar": "فوسانة", "id_delegation": "4261", "delegation_name": "Foussana", "delegation_name_ar": "فوسانة", "governorate_name": "Kassérine", "governorate_name_ar": "القصرين", "region_name": "Centre West", "lat": "35.34079749", "lon": "8.56584108", "area_sqkm": "913.11931304", "n_stations": "44", "n_certified": "44", "registered": "29212", "voters": "9872", "valid": "10245", "blank": "84", "spoilt": "286", "turnout_stations": "40", "turnout_registered": "28315", "turnout_voters": "9464", "saied": "9786", "saied_share_pct": "95.5198", "saied_margin_pp": "92.3865", "zammel": "321", "zammel_share_pct": "3.1332", "zammel_margin_pp": "-92.3865", "maghzaoui": "138", "maghzaoui_share_pct": "1.3470", "maghzaoui_margin_pp": "-94.1728", "candidate_sum": "10245", "winner": "saied", "runner_up": "zammel", "margin_pp": "92.3865", "turnout_pct": "33.4240", "turnout_coverage_pct": "90.9091"}, "geometry": {"type": "MultiPolygon", "coordinates": [[[[8.47312, 35.48634], [8.40818, 35.46388], [8.37648, 35.46781], [8.35396, 35.46259], [8.33055, 35.42201], [8.31597, 35.41386], [8.32547, 35.41348], [8.33037, 35.40568], [8.31362, 35.37103], [8.31786, 35.34019], [8.31229, 35.31557], [8.32516, 35.2905], [8.33502, 35.2805], [8.35942, 35.27604], [8.40914, 35.24547], [8.4466, 35.23725], [8.47673, 35.24014], [8.43862, 35.19845], [8.46849, 35.19939], [8.50561, 35.21263], [8.55155, 35.25583], [8.63419, 35.19548], [8.68041, 35.20532], [8.72269, 35.24583], [8.72053, 35.25525], [8.74254, 35.25977], [8.72777, 35.26999], [8.73091, 35.27746], [8.75756, 35.28353], [8.77333, 35.30399], [8.80223, 35.30547], [8.79915, 35.31362], [8.80749, 35.33608], [8.84741, 35.36883], [8.82117, 35.36246], [8.81164, 35.37337], [8.76185, 35.38171], [8.75648, 35.38827], [8.73316, 35.38315], [8.73882, 35.40611], [8.70038, 35.42852], [8.69038, 35.41241], [8.66679, 35.41366], [8.6457, 35.44086], [8.60188, 35.40724], [8.57819, 35.42359], [8.57056, 35.41811], [8.54442, 35.41693], [8.54623, 35.42327], [8.51516, 35.41983], [8.49304, 35.4087], [8.48405, 35.41678], [8.47528, 35.44562], [8.48013, 35.46406], [8.47312, 35.48634]]]]}}, {"type": "Feature", "properties": {"adm3_pcode": "TN4262", "name": "Feriana", "name_ar": "فريانة", "id_delegation": "4262", "delegation_name": "Feriana", "delegation_name_ar": "فريانة", "governorate_name": "Kassérine", "governorate_name_ar": "القصرين", "region_name": "Centre West", "lat": "35.03021087", "lon": "8.44992289", "area_sqkm": "1005.98627422", "n_stations": "55", "n_certified": "55", "registered": "33415", "voters": "9312", "valid": "10401", "blank": "82", "spoilt": "269", "turnout_stations": "45", "turnout_registered": "30784", "turnout_voters": "8988", "saied": "9940", "saied_share_pct": "95.5677", "saied_margin_pp": "92.1354", "zammel": "357", "zammel_share_pct": "3.4324", "zammel_margin_pp": "-92.1354", "maghzaoui": "104", "maghzaoui_share_pct": "0.9999", "maghzaoui_margin_pp": "-94.5678", "candidate_sum": "10401", "winner": "saied", "runner_up": "zammel", "margin_pp": "92.1354", "turnout_pct": "29.1970", "turnout_coverage_pct": "81.8182"}, "geometry": {"type": "MultiPolygon", "coordinates": [[[[8.63279, 35.19776], [8.55155, 35.25583], [8.50561, 35.21263], [8.46849, 35.19939], [8.43862, 35.19845], [8.42248, 35.17881], [8.41726, 35.15202], [8.40603, 35.13469], [8.36155, 35.10329], [8.34302, 35.07162], [8.31582, 35.00995], [8.31398, 34.94873], [8.28569, 34.94459], [8.24628, 34.92389], [8.26035, 34.89564], [8.26106, 34.87665], [8.27076, 34.86306], [8.28443, 34.80525], [8.2986, 34.81113], [8.32516, 34.80593], [8.35527, 34.81431], [8.3505, 34.83404], [8.35437, 34.84351], [8.45008, 34.88349], [8.47031, 34.89761], [8.48108, 34.89238], [8.51411, 34.90018], [8.51224, 34.88511], [8.55295, 34.85022], [8.66721, 34.88519], [8.64305, 34.90306], [8.59287, 34.92402], [8.59983, 34.93973], [8.59971, 34.96303], [8.62517, 34.97894], [8.5956, 35.01393], [8.58242, 35.00882], [8.56123, 35.06407], [8.61009, 35.08032], [8.62896, 35.09692], [8.63652, 35.11507], [8.59719, 35.1556], [8.64168, 35.18674], [8.63279, 35.19776]]]]}}, {"type": "Feature", "properties": {"adm3_pcode": "TN4263", "name": "Majel Belabbes", "name_ar": "ماجل بلعباس", "id_delegation": "4263", "delegation_name": "Majel Belabbes", "delegation_name_ar": "ماجل بلعباس", "governorate_name": "Kassérine", "governorate_name_ar": "القصرين", "region_name": "Centre West", "lat": "34.76401021", "lon": "8.55077207", "area_sqkm": "887.23282073", "n_stations": "29", "n_certified": "29", "registered": "14038", "voters": "5677", "valid": "6706", "blank": "72", "spoilt": "120", "turnout_stations": "21", "turnout_registered": "14038", "turnout_voters": "5092", "saied": "6453", "saied_share_pct": "96.2273", "saied_margin_pp": "93.9457", "zammel": "153", "zammel_share_pct": "2.2815", "zammel_margin_pp": "-93.9457", "maghzaoui": "100", "maghzaoui_share_pct": "1.4912", "maghzaoui_margin_pp": "-94.7361", "candidate_sum": "6706", "winner": "saied", "runner_up": "zammel", "margin_pp": "93.9457", "turnout_pct": "36.2730", "turnout_coverage_pct": "72.4138"}, "geometry": {"type": "MultiPolygon", "coordinates": [[[[8.50743, 34.89983], [8.48108, 34.89238], [8.47031, 34.89761], [8.45008, 34.88349], [8.36189, 34.84785], [8.3505, 34.83404], [8.35527, 34.81431], [8.32516, 34.80593], [8.2954, 34.81083], [8.28443, 34.80525], [8.28215, 34.78971], [8.28233, 34.76812], [8.30084, 34.74081], [8.36279, 34.71157], [8.44268, 34.68534], [8.48267, 34.66421], [8.50845, 34.64061], [8.5399, 34.6302], [8.58557, 34.62741], [8.65089, 34.67698], [8.73033, 34.72487], [8.7506, 34.72505], [8.78902, 34.75331], [8.83064, 34.76873], [8.80681, 34.79459], [8.79171, 34.82317], [8.74153, 34.81351], [8.7002, 34.89826], [8.674, 34.89118], [8.65898, 34.87873], [8.55295, 34.85022], [8.51497, 34.88203], [8.51411, 34.90018], [8.50743, 34.89983]]]]}}, {"type": "Feature", "properties": {"adm3_pcode": "TN4351", "name": "Sidi Bouzid Ouest", "name_ar": "سيدي بوزيد الغربية", "id_delegation": "4351", "delegation_name": "Sidi Bouzid Ouest", "delegation_name_ar": "سيدي بوزيد الغربية", "governorate_name": "Sidi Bou Zid", "governorate_name_ar": "سيدي بوزيد", "region_name": "Centre West", "lat": "34.98576128", "lon": "9.41296118", "area_sqkm": "423.28965067", "n_stations": "69", "n_certified": "69", "registered": "68385", "voters": "18442", "valid": "17926", "blank": "144", "spoilt": "372", "turnout_stations": "68", "turnout_registered": "68385", "turnout_voters": "18036", "saied": "16840", "saied_share_pct": "93.9418", "saied_margin_pp": "89.8695", "zammel": "730", "zammel_share_pct": "4.0723", "zammel_margin_pp": "-89.8695", "maghzaoui": "356", "maghzaoui_share_pct": "1.9859", "maghzaoui_margin_pp": "-91.9558", "candidate_sum": "17926", "winner": "saied", "runner_up": "zammel", "margin_pp": "89.8695", "turnout_pct": "26.3742", "turnout_coverage_pct": "98.5507"}, "geometry": {"type": "MultiPolygon", "coordinates": [[[[9.41444, 35.18458], [9.39902, 35.18442], [9.39543, 35.16331], [9.36973, 35.16871], [9.36244, 35.12781], [9.26947, 35.02033], [9.30046, 35.01402], [9.3246, 35.02003], [9.3343, 35.02873], [9.36107, 35.00202], [9.36836, 34.96091], [9.39551, 34.93256], [9.38599, 34.92359], [9.33417, 34.90873], [9.32727, 34.88319], [9.39474, 34.84558], [9.40602, 34.81431], [9.40542, 34.78833], [9.42066, 34.78474], [9.44182, 34.79389], [9.44545, 34.81776], [9.46099, 34.84829], [9.44478, 34.93903], [9.4292, 34.94835], [9.4661, 34.97029], [9.46025, 35.02986], [9.4845, 35.02709], [9.50769, 35.038], [9.49401, 35.04312], [9.5036, 35.05269], [9.48651, 35.06366], [9.48071, 35.05554], [9.47439, 35.06567], [9.45504, 35.06175], [9.44919, 35.06654], [9.47117, 35.07082], [9.51293, 35.14788], [9.45896, 35.14979], [9.45607, 35.16146], [9.44488, 35.14853], [9.41916, 35.1459], [9.41705, 35.17082], [9.42359, 35.18317], [9.41444, 35.18458]]]]}}, {"type": "Feature", "properties": {"adm3_pcode": "TN4352", "name": "Sidi Bouzid Est", "name_ar": "سيدي بوزيد الشرقية", "id_delegation": "4352", "delegation_name": "Sidi Bouzid Est", "delegation_name_ar": "سيدي بوزيد الشرقية", "governorate_name": "Sidi Bou Zid", "governorate_name_ar": "سيدي بوزيد", "region_name": "Centre West", "lat": "35.07232939", "lon": "9.60452269", "area_sqkm": "795.20309555", "n_stations": "47", "n_certified": "47", "registered": "32852", "voters": "9795", "valid": "9492", "blank": "67", "spoilt": "236", "turnout_stations": "44", "turnout_registered": "32852", "turnout_voters": "9080", "saied": "9160", "saied_share_pct": "96.5023", "saied_margin_pp": "94.3953", "zammel": "200", "zammel_share_pct": "2.1070", "zammel_margin_pp": "-94.3953", "maghzaoui": "132", "maghzaoui_share_pct": "1.3906", "maghzaoui_margin_pp": "-95.1117", "candidate_sum": "9492", "winner": "saied", "runner_up": "zammel", "margin_pp": "94.3953", "turnout_pct": "27.6391", "turnout_coverage_pct": "93.6170"}, "geometry": {"type": "MultiPolygon", "coordinates": [[[[9.59516, 35.28052], [9.58701, 35.28476], [9.56128, 35.26804], [9.55779, 35.25964], [9.52396, 35.25343], [9.49738, 35.23451], [9.47485, 35.17116], [9.43974, 35.16396], [9.41734, 35.17253], [9.41916, 35.1459], [9.44488, 35.14853], [9.45607, 35.16146], [9.45896, 35.14979], [9.51293, 35.14788], [9.47117, 35.07082], [9.44919, 35.06654], [9.45504, 35.06175], [9.47439, 35.06567], [9.48071, 35.05554], [9.48651, 35.06366], [9.5036, 35.05269], [9.49401, 35.04312], [9.50769, 35.038], [9.4845, 35.02709], [9.46025, 35.02986], [9.4661, 34.97029], [9.4292, 34.94835], [9.44478, 34.93903], [9.46149, 34.86001], [9.5008, 34.9029], [9.54543, 34.92042], [9.54098, 34.92747], [9.55502, 34.96318], [9.51522, 34.96783], [9.55374, 34.97473], [9.57825, 34.96423], [9.604, 34.98895], [9.6138, 34.98017], [9.61903, 34.98392], [9.64112, 34.97586], [9.65984, 34.97678], [9.70699, 34.95166], [9.71134, 34.95799], [9.73708, 34.96264], [9.76548, 34.9847], [9.79241, 34.99219], [9.7885, 35.02015], [9.76611, 35.05149], [9.72137, 35.08199], [9.71817, 35.09793], [9.73128, 35.1086], [9.69612, 35.11842], [9.70872, 35.1415], [9.69882, 35.20065], [9.69116, 35.21159], [9.69161, 35.23074], [9.65841, 35.24254], [9.64173, 35.26069], [9.60946, 35.26668], [9.59516, 35.28052]]]]}}, {"type": "Feature", "properties": {"adm3_pcode": "TN4353", "name": "Jelma", "name_ar": "جلمة", "id_delegation": "4353", "delegation_name": "Jelma", "delegation_name_ar": "جلمة", "governorate_name": "Sidi Bou Zid", "governorate_name_ar": "سيدي بوزيد", "region_name": "Centre West", "lat": "35.32942675", "lon": "9.39451025", "area_sqkm": "669.24612064", "n_stations": "37", "n_certified": "37", "registered": "31666", "voters": "8786", "valid": "8468", "blank": "76", "spoilt": "242", "turnout_stations": "37", "turnout_registered": "31666", "turnout_voters": "8786", "saied": "8193", "saied_share_pct": "96.7525", "saied_margin_pp": "94.5324", "zammel": "188", "zammel_share_pct": "2.2201", "zammel_margin_pp": "-94.5324", "maghzaoui": "87", "maghzaoui_share_pct": "1.0274", "maghzaoui_margin_pp": "-95.7251", "candidate_sum": "8468", "winner": "saied", "runner_up": "zammel", "margin_pp": "94.5324", "turnout_pct": "27.7458", "turnout_coverage_pct": "100.0000"}, "geometry": {"type": "MultiPolygon", "coordinates": [[[[9.4032, 35.49564], [9.36369, 35.47925], [9.33176, 35.47611], [9.32527, 35.4673], [9.29383, 35.4541], [9.23183, 35.41242], [9.19783, 35.37389], [9.21091, 35.36126], [9.23853, 35.35328], [9.27475, 35.30543], [9.29635, 35.29256], [9.32224, 35.24989], [9.35345, 35.24378], [9.38197, 35.2235], [9.36973, 35.16871], [9.39543, 35.16331], [9.39902, 35.18442], [9.41219, 35.1863], [9.42299, 35.18493], [9.41734, 35.17253], [9.42142, 35.16948], [9.45255, 35.16466], [9.47622, 35.17262], [9.49738, 35.23451], [9.52396, 35.25343], [9.55779, 35.25964], [9.56616, 35.26972], [9.54961, 35.28116], [9.53227, 35.31769], [9.53661, 35.3222], [9.52728, 35.33328], [9.52708, 35.3443], [9.45914, 35.36355], [9.47444, 35.38843], [9.5052, 35.40524], [9.50028, 35.41158], [9.50513, 35.4141], [9.4883, 35.42939], [9.48915, 35.46561], [9.46617, 35.47715], [9.46405, 35.49309], [9.44528, 35.48448], [9.41297, 35.48886], [9.4032, 35.49564]]]]}}, {"type": "Feature", "properties": {"adm3_pcode": "TN4354", "name": "Sabalat Ouled Asker", "name_ar": "سبالة أولاد عسكر", "id_delegation": "4354", "delegation_name": "Sabalat Ouled Asker", "delegation_name_ar": "سبالة أولاد عسكر", "governorate_name": "Sidi Bou Zid", "governorate_name_ar": "سيدي بوزيد", "region_name": "Centre West", "lat": "35.22836674", "lon": "9.31273826", "area_sqkm": "295.56236047", "n_stations": "21", "n_certified": "21", "registered": "17568", "voters": "4269", "valid": "4274", "blank": "32", "spoilt": "110", "turnout_stations": "20", "turnout_registered": "16843", "turnout_voters": "4269", "saied": "4157", "saied_share_pct": "97.2625", "saied_margin_pp": "95.6715", "zammel": "68", "zammel_share_pct": "1.5910", "zammel_margin_pp": "-95.6715", "maghzaoui": "49", "maghzaoui_share_pct": "1.1465", "maghzaoui_margin_pp": "-96.1161", "candidate_sum": "4274", "winner": "saied", "runner_up": "zammel", "margin_pp": "95.6715", "turnout_pct": "25.3458", "turnout_coverage_pct": "95.2381"}, "geometry": {"type": "MultiPolygon", "coordinates": [[[[9.20574, 35.36542], [9.19688, 35.37324], [9.15636, 35.31023], [9.14964, 35.28922], [9.19611, 35.25848], [9.20342, 35.24506], [9.24894, 35.23122], [9.27489, 35.21516], [9.23813, 35.19809], [9.25232, 35.17906], [9.25377, 35.16705], [9.24283, 35.13765], [9.26346, 35.11754], [9.30304, 35.10193], [9.32388, 35.08274], [9.36441, 35.13146], [9.3611, 35.13923], [9.38197, 35.2235], [9.35345, 35.24378], [9.32224, 35.24989], [9.29635, 35.29256], [9.27475, 35.30543], [9.23853, 35.35328], [9.20574, 35.36542]]]]}}, {"type": "Feature", "properties": {"adm3_pcode": "TN4355", "name": "Bir El Hfay", "name_ar": "بئر الحفي", "id_delegation": "4355", "delegation_name": "Bir El Hfay", "delegation_name_ar": "بئر الحفي", "governorate_name": "Sidi Bou Zid", "governorate_name_ar": "سيدي بوزيد", "region_name": "Centre West", "lat": "34.87419259", "lon": "9.28437663", "area_sqkm": "515.09440178", "n_stations": "36", "n_certified": "36", "registered": "31054", "voters": "9545", "valid": "9284", "blank": "68", "spoilt": "193", "turnout_stations": "36", "turnout_registered": "31054", "turnout_voters": "9545", "saied": "9003", "saied_share_pct": "96.9733", "saied_margin_pp": "95.3037", "zammel": "155", "zammel_share_pct": "1.6695", "zammel_margin_pp": "-95.3037", "maghzaoui": "126", "maghzaoui_share_pct": "1.3572", "maghzaoui_margin_pp": "-95.6161", "candidate_sum": "9284", "winner": "saied", "runner_up": "zammel", "margin_pp": "95.3037", "turnout_pct": "30.7368", "turnout_coverage_pct": "100.0000"}, "geometry": {"type": "MultiPolygon", "coordinates": [[[[9.34772, 35.01508], [9.3343, 35.02873], [9.3246, 35.02003], [9.30046, 35.01402], [9.23839, 35.02317], [9.20442, 35.00885], [9.18302, 35.01521], [9.16795, 35.01037], [9.16356, 35.00016], [9.15071, 34.99456], [9.12207, 34.99532], [9.10029, 34.95425], [9.1038, 34.93256], [9.11778, 34.92938], [9.1197, 34.90821], [9.17249, 34.8945], [9.23253, 34.89748], [9.22474, 34.89121], [9.23447, 34.87981], [9.21663, 34.86356], [9.21747, 34.83501], [9.24371, 34.83804], [9.26555, 34.81575], [9.28646, 34.77564], [9.2891, 34.75123], [9.32026, 34.71969], [9.42229, 34.76043], [9.4042, 34.77953], [9.40611, 34.81375], [9.39474, 34.84558], [9.32727, 34.88319], [9.33417, 34.90873], [9.38599, 34.92359], [9.39551, 34.93256], [9.36836, 34.96091], [9.36099, 34.99212], [9.36569, 34.99405], [9.34772, 35.01508]]]]}}, {"type": "Feature", "properties": {"adm3_pcode": "TN4356", "name": "Sidi Ali Ben Aoun", "name_ar": "سيدي علي بن عون", "id_delegation": "4356", "delegation_name": "Sidi Ali Ben Aoun", "delegation_name_ar": "سيدي علي بن عون", "governorate_name": "Sidi Bou Zid", "governorate_name_ar": "سيدي بوزيد", "region_name": "Centre West", "lat": "34.82336654", "lon": "9.09979232", "area_sqkm": "614.60876497", "n_stations": "26", "n_certified": "26", "registered": "19646", "voters": "6455", "valid": "6269", "blank": "32", "spoilt": "154", "turnout_stations": "25", "turnout_registered": "19646", "turnout_voters": "6258", "saied": "6076", "saied_share_pct": "96.9214", "saied_margin_pp": "94.7679", "zammel": "135", "zammel_share_pct": "2.1535", "zammel_margin_pp": "-94.7679", "maghzaoui": "58", "maghzaoui_share_pct": "0.9252", "maghzaoui_margin_pp": "-95.9962", "candidate_sum": "6269", "winner": "saied", "runner_up": "zammel", "margin_pp": "94.7679", "turnout_pct": "31.8538", "turnout_coverage_pct": "96.1538"}, "geometry": {"type": "MultiPolygon", "coordinates": [[[[9.10304, 34.96132], [9.10629, 34.96759], [9.08218, 34.96375], [9.06035, 34.95553], [9.04986, 34.93703], [9.0353, 34.94038], [9.03802, 34.92275], [9.02592, 34.91409], [9.03124, 34.89916], [9.02726, 34.88889], [9.0584, 34.89035], [9.06498, 34.88027], [9.05895, 34.87025], [8.97149, 34.82546], [8.94417, 34.8239], [8.92088, 34.81023], [8.95213, 34.75398], [9.00331, 34.7096], [9.02612, 34.70619], [9.04101, 34.6937], [9.06341, 34.6881], [9.06776, 34.67982], [9.09003, 34.70556], [9.1015, 34.70915], [9.11809, 34.7037], [9.15619, 34.71706], [9.15261, 34.70629], [9.19055, 34.69297], [9.19618, 34.70611], [9.22263, 34.7084], [9.2632, 34.68384], [9.29786, 34.69367], [9.31761, 34.72113], [9.2891, 34.75123], [9.27608, 34.80335], [9.24371, 34.83804], [9.21747, 34.83501], [9.21663, 34.86356], [9.23447, 34.87981], [9.22474, 34.89121], [9.23253, 34.89748], [9.17249, 34.8945], [9.1197, 34.90821], [9.11778, 34.92938], [9.1038, 34.93256], [9.10304, 34.96132]]]]}}, {"type": "Feature", "properties": {"adm3_pcode": "TN4357", "name": "Menzel Bouzaiene", "name_ar": "منزل بوزيان", "id_delegation": "4357", "delegation_name": "Menzel Bouzaiene", "delegation_name_ar": "منزل بوزيان", "governorate_name": "Sidi Bou Zid", "governorate_name_ar": "سيدي بوزيد", "region_name": "Centre West", "lat": "34.6285044", "lon": "9.38720972", "area_sqkm": "554.93176084", "n_stations": "35", "n_certified": "35", "registered": "21591", "voters": "7856", "valid": "7646", "blank": "69", "spoilt": "141", "turnout_stations": "35", "turnout_registered": "21591", "turnout_voters": "7856", "saied": "7207", "saied_share_pct": "94.2584", "saied_margin_pp": "91.0803", "zammel": "196", "zammel_share_pct": "2.5634", "zammel_margin_pp": "-91.6950", "maghzaoui": "243", "maghzaoui_share_pct": "3.1781", "maghzaoui_margin_pp": "-91.0803", "candidate_sum": "7646", "winner": "saied", "runner_up": "maghzaoui", "margin_pp": "91.0803", "turnout_pct": "36.3855", "turnout_coverage_pct": "100.0000"}, "geometry": {"type": "MultiPolygon", "coordinates": [[[[9.447, 34.7768], [9.41495, 34.77042], [9.42229, 34.76043], [9.33413, 34.72131], [9.31761, 34.72113], [9.29786, 34.69367], [9.2632, 34.68384], [9.26828, 34.67066], [9.28191, 34.66024], [9.27174, 34.64546], [9.27759, 34.62472], [9.2548, 34.57867], [9.27029, 34.5684], [9.29306, 34.58039], [9.29649, 34.56627], [9.31286, 34.56529], [9.30608, 34.55768], [9.31424, 34.55227], [9.34782, 34.56748], [9.35023, 34.56295], [9.33469, 34.54315], [9.33807, 34.52941], [9.31016, 34.50158], [9.33512, 34.49406], [9.34243, 34.50393], [9.35781, 34.50673], [9.40473, 34.49957], [9.40354, 34.4934], [9.41748, 34.48261], [9.45309, 34.48144], [9.45695, 34.48653], [9.43947, 34.5013], [9.43424, 34.51471], [9.44191, 34.52709], [9.46338, 34.52426], [9.48309, 34.53164], [9.47704, 34.57677], [9.52457, 34.58154], [9.51692, 34.60123], [9.50308, 34.59912], [9.49716, 34.64336], [9.4913, 34.65107], [9.52991, 34.655], [9.56405, 34.67479], [9.55304, 34.68441], [9.54514, 34.71052], [9.52097, 34.73597], [9.51819, 34.74815], [9.52611, 34.75353], [9.5273, 34.76519], [9.447, 34.7768]]]]}}, {"type": "Feature", "properties": {"adm3_pcode": "TN4358", "name": "Meknassi", "name_ar": "المكناسي", "id_delegation": "4358", "delegation_name": "Meknassi", "delegation_name_ar": "المكناسي", "governorate_name": "Sidi Bou Zid", "governorate_name_ar": "سيدي بوزيد", "region_name": "Centre West", "lat": "34.63557401", "lon": "9.66263792", "area_sqkm": "623.74662642", "n_stations": "24", "n_certified": "24", "registered": "18522", "voters": "6401", "valid": "6169", "blank": "49", "spoilt": "182", "turnout_stations": "24", "turnout_registered": "18522", "turnout_voters": "6401", "saied": "5743", "saied_share_pct": "93.0945", "saied_margin_pp": "89.2041", "zammel": "186", "zammel_share_pct": "3.0151", "zammel_margin_pp": "-90.0794", "maghzaoui": "240", "maghzaoui_share_pct": "3.8904", "maghzaoui_margin_pp": "-89.2041", "candidate_sum": "6169", "winner": "saied", "runner_up": "maghzaoui", "margin_pp": "89.2041", "turnout_pct": "34.5589", "turnout_coverage_pct": "100.0000"}, "geometry": {"type": "MultiPolygon", "coordinates": [[[[9.63811, 34.78628], [9.62593, 34.78296], [9.61212, 34.7611], [9.57448, 34.74583], [9.55935, 34.75648], [9.55224, 34.77498], [9.5273, 34.76519], [9.52611, 34.75353], [9.51819, 34.74815], [9.52097, 34.73597], [9.54514, 34.71052], [9.55304, 34.68441], [9.56405, 34.67479], [9.52991, 34.655], [9.4913, 34.65107], [9.49716, 34.64336], [9.50308, 34.59912], [9.51692, 34.60123], [9.52457, 34.58154], [9.47704, 34.57677], [9.48309, 34.53164], [9.46338, 34.52426], [9.44191, 34.52709], [9.43424, 34.51471], [9.43947, 34.5013], [9.45695, 34.48653], [9.46024, 34.49081], [9.51178, 34.48254], [9.63308, 34.49808], [9.65714, 34.51501], [9.6548, 34.52493], [9.66833, 34.5331], [9.67944, 34.56105], [9.70761, 34.59147], [9.69902, 34.60174], [9.72554, 34.61733], [9.74844, 34.60873], [9.78252, 34.62198], [9.78992, 34.63046], [9.80056, 34.62668], [9.82176, 34.63127], [9.84126, 34.646], [9.813, 34.66371], [9.79664, 34.69207], [9.77748, 34.69085], [9.76264, 34.67932], [9.75645, 34.68861], [9.718, 34.70565], [9.72486, 34.73954], [9.69671, 34.7685], [9.63811, 34.78628]]]]}}, {"type": "Feature", "properties": {"adm3_pcode": "TN4359", "name": "Souk Jedid", "name_ar": "سوق الجديد", "id_delegation": "4359", "delegation_name": "Souk Jedid", "delegation_name_ar": "سوق الجديد", "governorate_name": "Sidi Bou Zid", "governorate_name_ar": "سيدي بوزيد", "region_name": "Centre West", "lat": "34.86709245", "lon": "9.54903339", "area_sqkm": "346.34914589", "n_stations": "25", "n_certified": "25", "registered": "16611", "voters": "6085", "valid": "5894", "blank": "50", "spoilt": "141", "turnout_stations": "24", "turnout_registered": "16611", "turnout_voters": "5873", "saied": "5749", "saied_share_pct": "97.5399", "saied_margin_pp": "95.9790", "zammel": "92", "zammel_share_pct": "1.5609", "zammel_margin_pp": "-95.9790", "maghzaoui": "53", "maghzaoui_share_pct": "0.8992", "maghzaoui_margin_pp": "-96.6407", "candidate_sum": "5894", "winner": "saied", "runner_up": "zammel", "margin_pp": "95.9790", "turnout_pct": "35.3561", "turnout_coverage_pct": "96.0000"}, "geometry": {"type": "MultiPolygon", "coordinates": [[[[9.61067, 34.98384], [9.604, 34.98895], [9.57825, 34.96423], [9.55374, 34.97473], [9.51522, 34.96783], [9.55502, 34.96318], [9.54098, 34.92747], [9.54543, 34.92042], [9.5008, 34.9029], [9.46149, 34.86001], [9.44182, 34.79389], [9.42066, 34.78474], [9.40542, 34.78833], [9.4042, 34.77953], [9.41495, 34.77042], [9.45245, 34.7768], [9.5273, 34.76519], [9.55224, 34.77498], [9.55935, 34.75648], [9.57448, 34.74583], [9.61212, 34.7611], [9.63136, 34.78572], [9.62646, 34.82157], [9.63781, 34.82974], [9.6311, 34.85112], [9.63935, 34.8603], [9.62868, 34.86936], [9.64525, 34.87801], [9.63765, 34.88792], [9.64711, 34.89634], [9.66136, 34.93039], [9.703, 34.9522], [9.65984, 34.97678], [9.61067, 34.98384]]]]}}, {"type": "Feature", "properties": {"adm3_pcode": "TN4360", "name": "Mazzouna", "name_ar": "المزونة", "id_delegation": "4360", "delegation_name": "Mazzouna", "delegation_name_ar": "المزونة", "governorate_name": "Sidi Bou Zid", "governorate_name_ar": "سيدي بوزيد", "region_name": "Centre West", "lat": "34.46276272", "lon": "9.68983465", "area_sqkm": "1137.71566281", "n_stations": "28", "n_certified": "28", "registered": "17490", "voters": "7248", "valid": "7262", "blank": "51", "spoilt": "118", "turnout_stations": "25", "turnout_registered": "17490", "turnout_voters": "6580", "saied": "6981", "saied_share_pct": "96.1305", "saied_margin_pp": "93.3903", "zammel": "199", "zammel_share_pct": "2.7403", "zammel_margin_pp": "-93.3903", "maghzaoui": "82", "maghzaoui_share_pct": "1.1292", "maghzaoui_margin_pp": "-95.0014", "candidate_sum": "7262", "winner": "saied", "runner_up": "zammel", "margin_pp": "93.3903", "turnout_pct": "37.6215", "turnout_coverage_pct": "89.2857"}, "geometry": {"type": "MultiPolygon", "coordinates": [[[[9.88214, 34.65039], [9.88613, 34.65927], [9.87816, 34.66064], [9.83702, 34.6439], [9.82176, 34.63127], [9.80056, 34.62668], [9.78992, 34.63046], [9.78252, 34.62198], [9.74844, 34.60873], [9.72554, 34.61733], [9.70406, 34.60523], [9.69757, 34.59976], [9.70817, 34.59293], [9.69638, 34.58404], [9.69577, 34.57305], [9.67944, 34.56105], [9.66833, 34.5331], [9.6548, 34.52493], [9.65786, 34.5166], [9.6502, 34.50649], [9.63308, 34.49808], [9.51178, 34.48254], [9.45863, 34.48977], [9.4535, 34.47366], [9.48865, 34.44604], [9.50732, 34.38175], [9.56073, 34.36954], [9.53848, 34.3517], [9.55035, 34.3151], [9.54489, 34.29346], [9.55191, 34.2778], [9.54859, 34.26473], [9.69554, 34.28261], [9.76148, 34.27442], [9.74147, 34.31598], [9.72006, 34.33308], [9.72383, 34.33757], [9.76441, 34.34607], [9.80085, 34.36387], [9.83064, 34.36155], [9.85533, 34.36782], [9.88746, 34.39682], [9.89836, 34.42056], [9.92075, 34.43168], [9.91682, 34.45944], [9.92437, 34.46772], [9.94158, 34.44742], [9.99035, 34.4801], [9.99717, 34.49072], [10.00933, 34.48744], [10.04984, 34.52244], [10.07206, 34.51887], [10.02235, 34.53521], [9.96892, 34.53801], [9.98083, 34.54692], [9.97079, 34.56735], [9.90336, 34.59751], [9.8825, 34.59255], [9.87286, 34.60723], [9.90107, 34.63273], [9.87932, 34.64372], [9.88214, 34.65039]]]]}}, {"type": "Feature", "properties": {"adm3_pcode": "TN4361", "name": "Regueb", "name_ar": "الرقاب", "id_delegation": "4361", "delegation_name": "Regueb", "delegation_name_ar": "الرقاب", "governorate_name": "Sidi Bou Zid", "governorate_name_ar": "سيدي بوزيد", "region_name": "Centre West", "lat": "34.85419178", "lon": "9.80156282", "area_sqkm": "1035.10905908", "n_stations": "66", "n_certified": "66", "registered": "50483", "voters": "16154", "valid": "15698", "blank": "146", "spoilt": "310", "turnout_stations": "64", "turnout_registered": "50483", "turnout_voters": "15799", "saied": "15034", "saied_share_pct": "95.7702", "saied_margin_pp": "92.6105", "zammel": "496", "zammel_share_pct": "3.1596", "zammel_margin_pp": "-92.6105", "maghzaoui": "168", "maghzaoui_share_pct": "1.0702", "maghzaoui_margin_pp": "-94.7000", "candidate_sum": "15698", "winner": "saied", "runner_up": "zammel", "margin_pp": "92.6105", "turnout_pct": "31.2957", "turnout_coverage_pct": "96.9697"}, "geometry": {"type": "MultiPolygon", "coordinates": [[[[9.93808, 35.05669], [9.91952, 35.06327], [9.8767, 35.01863], [9.76548, 34.9847], [9.73708, 34.96264], [9.71134, 34.95799], [9.66215, 34.93091], [9.64711, 34.89634], [9.63765, 34.88792], [9.64525, 34.87801], [9.62868, 34.86936], [9.63935, 34.8603], [9.6311, 34.85112], [9.63781, 34.82974], [9.62646, 34.82157], [9.63136, 34.78572], [9.68945, 34.77397], [9.72486, 34.73954], [9.718, 34.70565], [9.75645, 34.68861], [9.76264, 34.67932], [9.77748, 34.69085], [9.79664, 34.69207], [9.813, 34.66371], [9.84328, 34.64524], [9.87568, 34.65996], [9.90793, 34.66405], [9.89943, 34.67944], [9.91831, 34.72065], [9.91311, 34.75115], [9.93927, 34.75609], [9.9414, 34.77788], [9.96066, 34.82805], [9.95463, 34.83099], [9.9869, 34.8827], [10.00681, 34.89972], [10.02894, 34.9511], [10.06369, 35.00439], [10.06322, 35.02025], [9.97641, 35.05432], [9.96953, 35.0489], [9.95022, 35.05827], [9.93808, 35.05669]]]]}}, {"type": "Feature", "properties": {"adm3_pcode": "TN4362", "name": "Ouled Haffouz", "name_ar": "أولاد حفوز", "id_delegation": "4362", "delegation_name": "Ouled Haffouz", "delegation_name_ar": "أولاد حفوز", "governorate_name": "Sidi Bou Zid", "governorate_name_ar": "سيدي بوزيد", "region_name": "Centre West", "lat": "35.09971112", "lon": "9.86073322", "area_sqkm": "422.36123651", "n_stations": "26", "n_certified": "26", "registered": "16346", "voters": "5751", "valid": "5502", "blank": "48", "spoilt": "201", "turnout_stations": "26", "turnout_registered": "16346", "turnout_voters": "5751", "saied": "5301", "saied_share_pct": "96.3468", "saied_margin_pp": "93.9658", "zammel": "131", "zammel_share_pct": "2.3810", "zammel_margin_pp": "-93.9658", "maghzaoui": "70", "maghzaoui_share_pct": "1.2723", "maghzaoui_margin_pp": "-95.0745", "candidate_sum": "5502", "winner": "saied", "runner_up": "zammel", "margin_pp": "93.9658", "turnout_pct": "35.1829", "turnout_coverage_pct": "100.0000"}, "geometry": {"type": "MultiPolygon", "coordinates": [[[[9.95454, 35.20681], [9.8884, 35.18489], [9.88389, 35.17], [9.8732, 35.16611], [9.82171, 35.17146], [9.79406, 35.18156], [9.74779, 35.18044], [9.69882, 35.20065], [9.70872, 35.1415], [9.69612, 35.11842], [9.73128, 35.1086], [9.71817, 35.09793], [9.72137, 35.08199], [9.76611, 35.05149], [9.7885, 35.02015], [9.79241, 34.99219], [9.8767, 35.01863], [9.91952, 35.06327], [10.01154, 35.04326], [10.01739, 35.05058], [10.00582, 35.05244], [10.0129, 35.06608], [9.99409, 35.08419], [10.00233, 35.10233], [9.99211, 35.12081], [9.99711, 35.1265], [9.99476, 35.15515], [10.00149, 35.16453], [9.98255, 35.17342], [9.97302, 35.18249], [9.9676, 35.20244], [9.95454, 35.20681]]]]}}, {"type": "Feature", "properties": {"adm3_pcode": "TN5151", "name": "Gabès Médina", "name_ar": "قابس المدينة", "id_delegation": "5151", "delegation_name": "Gabès Médina", "delegation_name_ar": "قابس المدينة", "governorate_name": "Gabès", "governorate_name_ar": "قابس", "region_name": "South East", "lat": "33.90385931", "lon": "10.09519438", "area_sqkm": "16.51543832", "n_stations": "37", "n_certified": "37", "registered": "39121", "voters": "11523", "valid": "11116", "blank": "91", "spoilt": "316", "turnout_stations": "35", "turnout_registered": "38892", "turnout_voters": "10864", "saied": "9786", "saied_share_pct": "88.0353", "saied_margin_pp": "78.1036", "zammel": "1104", "zammel_share_pct": "9.9316", "zammel_margin_pp": "-78.1036", "maghzaoui": "226", "maghzaoui_share_pct": "2.0331", "maghzaoui_margin_pp": "-86.0022", "candidate_sum": "11116", "winner": "saied", "runner_up": "zammel", "margin_pp": "78.1036", "turnout_pct": "27.9338", "turnout_coverage_pct": "94.5946"}, "geometry": {"type": "MultiPolygon", "coordinates": [[[[10.08353, 33.93469], [10.07263, 33.93038], [10.08382, 33.90504], [10.0774, 33.89356], [10.08632, 33.87176], [10.12196, 33.88316], [10.11898, 33.89493], [10.11179, 33.89366], [10.12054, 33.89526], [10.11308, 33.89525], [10.10092, 33.9134], [10.10928, 33.92197], [10.09654, 33.9191], [10.09518, 33.92439], [10.11296, 33.92474], [10.08353, 33.93469]]]]}}, {"type": "Feature", "properties": {"adm3_pcode": "TN5152", "name": "Gabès Ouest", "name_ar": "قابس الغربية", "id_delegation": "5152", "delegation_name": "Gabès Ouest", "delegation_name_ar": "قابس الغربية", "governorate_name": "Gabès", "governorate_name_ar": "قابس", "region_name": "South East", "lat": "33.87804328", "lon": "9.99809613", "area_sqkm": "154.37095686", "n_stations": "25", "n_certified": "25", "registered": "22140", "voters": "7635", "valid": "7342", "blank": "79", "spoilt": "214", "turnout_stations": "24", "turnout_registered": "22140", "turnout_voters": "7343", "saied": "6525", "saied_share_pct": "88.8722", "saied_margin_pp": "79.7603", "zammel": "669", "zammel_share_pct": "9.1120", "zammel_margin_pp": "-79.7603", "maghzaoui": "148", "maghzaoui_share_pct": "2.0158", "maghzaoui_margin_pp": "-86.8564", "candidate_sum": "7342", "winner": "saied", "runner_up": "zammel", "margin_pp": "79.7603", "turnout_pct": "33.1662", "turnout_coverage_pct": "96.0000"}, "geometry": {"type": "MultiPolygon", "coordinates": [[[[10.03264, 33.93256], [10.02631, 33.94081], [10.00408, 33.92741], [9.96928, 33.9197], [9.96617, 33.93574], [9.9362, 33.91378], [9.91095, 33.91193], [9.90859, 33.85411], [9.92486, 33.82729], [9.93888, 33.81543], [9.9595, 33.81749], [10.03272, 33.85404], [10.04854, 33.84158], [10.0622, 33.84041], [10.08164, 33.85643], [10.08068, 33.86787], [10.08632, 33.87176], [10.0774, 33.89356], [10.08382, 33.90504], [10.07516, 33.92854], [10.04989, 33.91369], [10.03264, 33.93256]]]]}}, {"type": "Feature", "properties": {"adm3_pcode": "TN5153", "name": "Gabès Sud", "name_ar": "قابس الجنوبية", "id_delegation": "5153", "delegation_name": "Gabès Sud", "delegation_name_ar": "قابس الجنوبية", "governorate_name": "Gabès", "governorate_name_ar": "قابس", "region_name": "South East", "lat": "33.77953621", "lon": "10.0525453", "area_sqkm": "293.43532876", "n_stations": "56", "n_certified": "56", "registered": "56218", "voters": "15487", "valid": "15564", "blank": "162", "spoilt": "401", "turnout_stations": "53", "turnout_registered": "55212", "turnout_voters": "15114", "saied": "13352", "saied_share_pct": "85.7877", "saied_margin_pp": "74.6916", "zammel": "1727", "zammel_share_pct": "11.0961", "zammel_margin_pp": "-74.6916", "maghzaoui": "485", "maghzaoui_share_pct": "3.1162", "maghzaoui_margin_pp": "-82.6715", "candidate_sum": "15564", "winner": "saied", "runner_up": "zammel", "margin_pp": "74.6916", "turnout_pct": "27.3745", "turnout_coverage_pct": "94.6429"}, "geometry": {"type": "MultiPolygon", "coordinates": [[[[10.12247, 33.88313], [10.08207, 33.8695], [10.08181, 33.85661], [10.0622, 33.84041], [10.04854, 33.84158], [10.03272, 33.85404], [10.01864, 33.84338], [9.98123, 33.83117], [9.97792, 33.8248], [9.93919, 33.81612], [9.9341, 33.79225], [9.94879, 33.77375], [9.96615, 33.76571], [9.93805, 33.74904], [9.97737, 33.71801], [9.9914, 33.71426], [10.02227, 33.72519], [10.02928, 33.7226], [10.05592, 33.73758], [10.06161, 33.72369], [10.04376, 33.6957], [10.04108, 33.67588], [10.07062, 33.6908], [10.09523, 33.69268], [10.10941, 33.71415], [10.13305, 33.72266], [10.12449, 33.75666], [10.15525, 33.77414], [10.16358, 33.78945], [10.17845, 33.79564], [10.18136, 33.80614], [10.18238, 33.82457], [10.12247, 33.88313]]]]}}, {"type": "Feature", "properties": {"adm3_pcode": "TN5154", "name": "Ghannouch", "name_ar": "غنوش", "id_delegation": "5154", "delegation_name": "Ghannouch", "delegation_name_ar": "غنوش", "governorate_name": "Gabès", "governorate_name_ar": "قابس", "region_name": "South East", "lat": "33.94781641", "lon": "10.05442872", "area_sqkm": "20.05707203", "n_stations": "22", "n_certified": "22", "registered": "18769", "voters": "4812", "valid": "4641", "blank": "32", "spoilt": "139", "turnout_stations": "21", "turnout_registered": "18769", "turnout_voters": "4449", "saied": "4183", "saied_share_pct": "90.1314", "saied_margin_pp": "81.5772", "zammel": "397", "zammel_share_pct": "8.5542", "zammel_margin_pp": "-81.5772", "maghzaoui": "61", "maghzaoui_share_pct": "1.3144", "maghzaoui_margin_pp": "-88.8171", "candidate_sum": "4641", "winner": "saied", "runner_up": "zammel", "margin_pp": "81.5772", "turnout_pct": "23.7040", "turnout_coverage_pct": "95.4545"}, "geometry": {"type": "MultiPolygon", "coordinates": [[[[10.05554, 33.98071], [10.04309, 33.97824], [10.04654, 33.96263], [10.02631, 33.94081], [10.04989, 33.91369], [10.08233, 33.93595], [10.05554, 33.98071]]]]}}, {"type": "Feature", "properties": {"adm3_pcode": "TN5155", "name": "Metouia", "name_ar": "المطوية", "id_delegation": "5155", "delegation_name": "Metouia", "delegation_name_ar": "المطوية", "governorate_name": "Gabès", "governorate_name_ar": "قابس", "region_name": "South East", "lat": "34.06137965", "lon": "9.95185115", "area_sqkm": "412.33412882", "n_stations": "26", "n_certified": "26", "registered": "21865", "voters": "7544", "valid": "7326", "blank": "43", "spoilt": "175", "turnout_stations": "26", "turnout_registered": "21865", "turnout_voters": "7544", "saied": "6621", "saied_share_pct": "90.3767", "saied_margin_pp": "82.6508", "zammel": "566", "zammel_share_pct": "7.7259", "zammel_margin_pp": "-82.6508", "maghzaoui": "139", "maghzaoui_share_pct": "1.8974", "maghzaoui_margin_pp": "-88.4794", "candidate_sum": "7326", "winner": "saied", "runner_up": "zammel", "margin_pp": "82.6508", "turnout_pct": "34.5026", "turnout_coverage_pct": "100.0000"}, "geometry": {"type": "MultiPolygon", "coordinates": [[[[9.96735, 34.20989], [9.9345, 34.20626], [9.92312, 34.19877], [9.91787, 34.18533], [9.92371, 34.18133], [9.90909, 34.15677], [9.90548, 34.12289], [9.91011, 34.10918], [9.88467, 34.11268], [9.87565, 34.10403], [9.873, 34.09888], [9.88212, 34.09234], [9.88321, 34.08088], [9.87691, 34.06735], [9.85386, 34.04997], [9.79389, 34.02577], [9.79099, 34.01681], [9.85696, 34.01265], [9.87497, 33.99795], [9.90766, 33.99658], [9.90354, 33.95511], [9.91269, 33.93996], [9.91095, 33.91193], [9.9362, 33.91378], [9.96617, 33.93574], [9.96928, 33.9197], [10.01413, 33.93174], [10.04546, 33.96064], [10.04345, 33.97871], [10.0572, 33.98135], [10.03756, 34.03211], [10.02501, 34.10879], [10.03088, 34.11222], [10.02193, 34.12254], [10.03095, 34.15072], [10.02635, 34.1615], [10.0329, 34.16785], [10.01893, 34.17075], [10.01652, 34.19085], [10.00121, 34.18753], [9.96735, 34.20989]]]]}}, {"type": "Feature", "properties": {"adm3_pcode": "TN5156", "name": "Menzel Habib", "name_ar": "منزل الحبيب", "id_delegation": "5156", "delegation_name": "Menzel Habib", "delegation_name_ar": "منزل الحبيب", "governorate_name": "Gabès", "governorate_name_ar": "قابس", "region_name": "South East", "lat": "34.15372612", "lon": "9.58828403", "area_sqkm": "952.09536712", "n_stations": "20", "n_certified": "20", "registered": "8525", "voters": "2293", "valid": "2404", "blank": "24", "spoilt": "70", "turnout_stations": "18", "turnout_registered": "8056", "turnout_voters": "2211", "saied": "2240", "saied_share_pct": "93.1780", "saied_margin_pp": "88.9767", "zammel": "101", "zammel_share_pct": "4.2013", "zammel_margin_pp": "-88.9767", "maghzaoui": "63", "maghzaoui_share_pct": "2.6206", "maghzaoui_margin_pp": "-90.5574", "candidate_sum": "2404", "winner": "saied", "runner_up": "zammel", "margin_pp": "88.9767", "turnout_pct": "27.4454", "turnout_coverage_pct": "90.0000"}, "geometry": {"type": "MultiPolygon", "coordinates": [[[[9.71093, 34.28147], [9.54859, 34.26473], [9.53949, 34.25266], [9.54478, 34.24061], [9.53932, 34.2352], [9.50167, 34.22479], [9.47939, 34.22778], [9.47028, 34.21633], [9.45502, 34.21755], [9.44873, 34.21168], [9.3814, 34.22229], [9.37799, 34.22918], [9.36633, 34.22193], [9.31841, 34.22055], [9.25893, 34.19562], [9.24747, 34.18536], [9.27572, 34.14098], [9.30324, 34.13316], [9.30756, 34.12482], [9.34309, 34.11964], [9.35655, 34.09672], [9.3825, 34.08197], [9.40426, 34.08172], [9.47116, 34.09791], [9.47392, 34.1039], [9.52085, 34.12242], [9.57421, 34.12851], [9.62422, 34.12618], [9.63546, 34.12186], [9.65149, 34.0964], [9.71386, 34.0385], [9.72337, 34.03351], [9.73527, 34.04041], [9.78409, 34.03731], [9.79603, 34.0256], [9.85386, 34.04997], [9.87691, 34.06735], [9.88321, 34.08088], [9.88212, 34.09234], [9.873, 34.09888], [9.87565, 34.10403], [9.88467, 34.11268], [9.91011, 34.10918], [9.90548, 34.12289], [9.90879, 34.1543], [9.91769, 34.17568], [9.8962, 34.16829], [9.89171, 34.17895], [9.86383, 34.19844], [9.86511, 34.20675], [9.85499, 34.21498], [9.85149, 34.22826], [9.82555, 34.23807], [9.81727, 34.22936], [9.81889, 34.22033], [9.75545, 34.22012], [9.71093, 34.28147]]]]}}, {"type": "Feature", "properties": {"adm3_pcode": "TN5157", "name": "Hamma", "name_ar": "الحامة", "id_delegation": "5157", "delegation_name": "Hamma", "delegation_name_ar": "الحامة", "governorate_name": "Gabès", "governorate_name_ar": "قابس", "region_name": "South East", "lat": "33.86020252", "lon": "9.59308365", "area_sqkm": "2641.99458731", "n_stations": "58", "n_certified": "58", "registered": "49243", "voters": "11809", "valid": "11702", "blank": "166", "spoilt": "433", "turnout_stations": "53", "turnout_registered": "47982", "turnout_voters": "11206", "saied": "10081", "saied_share_pct": "86.1477", "saied_margin_pp": "76.8928", "zammel": "1083", "zammel_share_pct": "9.2548", "zammel_margin_pp": "-76.8928", "maghzaoui": "538", "maghzaoui_share_pct": "4.5975", "maghzaoui_margin_pp": "-81.5502", "candidate_sum": "11702", "winner": "saied", "runner_up": "zammel", "margin_pp": "76.8928", "turnout_pct": "23.3546", "turnout_coverage_pct": "91.3793"}, "geometry": {"type": "MultiPolygon", "coordinates": [[[[9.64383, 34.10967], [9.62422, 34.12618], [9.57421, 34.12851], [9.52085, 34.12242], [9.47392, 34.1039], [9.47116, 34.09791], [9.38938, 34.0808], [9.36094, 34.09301], [9.34642, 34.11344], [9.32753, 34.10651], [9.31818, 34.09124], [9.30052, 34.09161], [9.27206, 34.0732], [9.27622, 34.06598], [9.26274, 34.05926], [9.25284, 34.03841], [9.24823, 33.92934], [9.27218, 33.87028], [9.33378, 33.77276], [9.33962, 33.73586], [9.35219, 33.70935], [9.44275, 33.68454], [9.46378, 33.62442], [9.53894, 33.63517], [9.53396, 33.61641], [9.54058, 33.6018], [9.60777, 33.63902], [9.71846, 33.68404], [9.74195, 33.68056], [9.76029, 33.65645], [9.80102, 33.66229], [9.88513, 33.70779], [9.96615, 33.76571], [9.94879, 33.77375], [9.9341, 33.79225], [9.93965, 33.8143], [9.90859, 33.85411], [9.91398, 33.92043], [9.91269, 33.93996], [9.90354, 33.95511], [9.90766, 33.99658], [9.87497, 33.99795], [9.85696, 34.01265], [9.79099, 34.01681], [9.79389, 34.02577], [9.78409, 34.03731], [9.73527, 34.04041], [9.72337, 34.03351], [9.67381, 34.07288], [9.64383, 34.10967]]]]}}, {"type": "Feature", "properties": {"adm3_pcode": "TN5158", "name": "Matmata", "name_ar": "مطماطة", "id_delegation": "5158", "delegation_name": "Matmata", "delegation_name_ar": "مطماطة", "governorate_name": "Gabès", "governorate_name_ar": "قابس", "region_name": "South East", "lat": "33.46631229", "lon": "9.80770432", "area_sqkm": "1241.66676361", "n_stations": "11", "n_certified": "11", "registered": "5837", "voters": "1270", "valid": "1193", "blank": "28", "spoilt": "49", "turnout_stations": "11", "turnout_registered": "5837", "turnout_voters": "1270", "saied": "1115", "saied_share_pct": "93.4619", "saied_margin_pp": "90.1090", "zammel": "38", "zammel_share_pct": "3.1852", "zammel_margin_pp": "-90.2766", "maghzaoui": "40", "maghzaoui_share_pct": "3.3529", "maghzaoui_margin_pp": "-90.1090", "candidate_sum": "1193", "winner": "saied", "runner_up": "maghzaoui", "margin_pp": "90.1090", "turnout_pct": "21.7578", "turnout_coverage_pct": "100.0000"}, "geometry": {"type": "MultiPolygon", "coordinates": [[[[9.87363, 33.61104], [9.81201, 33.66287], [9.85024, 33.56535], [9.83016, 33.54506], [9.81451, 33.54929], [9.81263, 33.5413], [9.79822, 33.5393], [9.77332, 33.55487], [9.73934, 33.55795], [9.64116, 33.58932], [9.61673, 33.59062], [9.59088, 33.58393], [9.58007, 33.56602], [9.56133, 33.55525], [9.54619, 33.52276], [9.54714, 33.5114], [9.53418, 33.49828], [9.50321, 33.50166], [9.48962, 33.49522], [9.50689, 33.49299], [9.53775, 33.46772], [9.55582, 33.46125], [9.57311, 33.44105], [9.62357, 33.42144], [9.64812, 33.35046], [9.70968, 33.28401], [9.72705, 33.28625], [9.79134, 33.26972], [9.82826, 33.28468], [9.89347, 33.28735], [9.91654, 33.29682], [9.92042, 33.31686], [9.93673, 33.32309], [9.94281, 33.33369], [9.99341, 33.35126], [10.0281, 33.37593], [10.02732, 33.38928], [10.03495, 33.40242], [10.03132, 33.40783], [10.04286, 33.41661], [10.03999, 33.44227], [10.06668, 33.45638], [10.07874, 33.47671], [10.04269, 33.50382], [10.03861, 33.51838], [10.01969, 33.53246], [10.01454, 33.5297], [10.0094, 33.55166], [9.98992, 33.57347], [9.95237, 33.57228], [9.93567, 33.58434], [9.90133, 33.59198], [9.89471, 33.60012], [9.88216, 33.59939], [9.87363, 33.61104]]]]}}, {"type": "Feature", "properties": {"adm3_pcode": "TN5159", "name": "Matmata Nouvelle", "name_ar": "مطماطة الجديدة", "id_delegation": "5159", "delegation_name": "Matmata Nouvelle", "delegation_name_ar": "مطماطة الجديدة", "governorate_name": "Gabès", "governorate_name_ar": "قابس", "region_name": "South East", "lat": "33.61714535", "lon": "10.00948301", "area_sqkm": "752.39570915", "n_stations": "17", "n_certified": "17", "registered": "12382", "voters": "2479", "valid": "2352", "blank": "40", "spoilt": "113", "turnout_stations": "16", "turnout_registered": "12259", "turnout_voters": "2479", "saied": "2127", "saied_share_pct": "90.4337", "saied_margin_pp": "83.9286", "zammel": "153", "zammel_share_pct": "6.5051", "zammel_margin_pp": "-83.9286", "maghzaoui": "72", "maghzaoui_share_pct": "3.0612", "maghzaoui_margin_pp": "-87.3724", "candidate_sum": "2352", "winner": "saied", "runner_up": "zammel", "margin_pp": "83.9286", "turnout_pct": "20.2219", "turnout_coverage_pct": "94.1176"}, "geometry": {"type": "MultiPolygon", "coordinates": [[[[9.93805, 33.74904], [9.93515, 33.73937], [9.80102, 33.66229], [9.76029, 33.65645], [9.74195, 33.68056], [9.71846, 33.68404], [9.60777, 33.63902], [9.54058, 33.6018], [9.56537, 33.58544], [9.58199, 33.59343], [9.64018, 33.58957], [9.73934, 33.55795], [9.77429, 33.55458], [9.79822, 33.5393], [9.81263, 33.5413], [9.81451, 33.54929], [9.83016, 33.54506], [9.85024, 33.56535], [9.81201, 33.66287], [9.82588, 33.65607], [9.84343, 33.63126], [9.87816, 33.61065], [9.88216, 33.59939], [9.89471, 33.60012], [9.90133, 33.59198], [9.93567, 33.58434], [9.95237, 33.57228], [9.98992, 33.57347], [10.0094, 33.55166], [10.01454, 33.5297], [10.01969, 33.53246], [10.03861, 33.51838], [10.05213, 33.4954], [10.07055, 33.48587], [10.09325, 33.48667], [10.10165, 33.49417], [10.10046, 33.51041], [10.11463, 33.51606], [10.12981, 33.51171], [10.12519, 33.51616], [10.14292, 33.54909], [10.15107, 33.58565], [10.14694, 33.58904], [10.15699, 33.59767], [10.14248, 33.65469], [10.13983, 33.71197], [10.13305, 33.72266], [10.11403, 33.71593], [10.09433, 33.69212], [10.07062, 33.6908], [10.04108, 33.67588], [10.04376, 33.6957], [10.06161, 33.72369], [10.05592, 33.73758], [10.02928, 33.7226], [10.02227, 33.72519], [9.9914, 33.71426], [9.97737, 33.71801], [9.93805, 33.74904]]]]}}, {"type": "Feature", "properties": {"adm3_pcode": "TN5160", "name": "Mareth", "name_ar": "مارث", "id_delegation": "5160", "delegation_name": "Mareth", "delegation_name_ar": "مارث", "governorate_name": "Gabès", "governorate_name_ar": "قابس", "region_name": "South East", "lat": "33.55876581", "lon": "10.25460717", "area_sqkm": "1005.19626352", "n_stations": "65", "n_certified": "64", "registered": "48378", "voters": "13113", "valid": "12662", "blank": "127", "spoilt": "332", "turnout_stations": "60", "turnout_registered": "48378", "turnout_voters": "11915", "saied": "11727", "saied_share_pct": "92.6157", "saied_margin_pp": "87.4348", "zammel": "656", "zammel_share_pct": "5.1809", "zammel_margin_pp": "-87.4348", "maghzaoui": "279", "maghzaoui_share_pct": "2.2034", "maghzaoui_margin_pp": "-90.4123", "candidate_sum": "12662", "winner": "saied", "runner_up": "zammel", "margin_pp": "87.4348", "turnout_pct": "24.6290", "turnout_coverage_pct": "92.3077"}, "geometry": {"type": "MultiPolygon", "coordinates": [[[[10.18238, 33.82457], [10.17845, 33.79564], [10.16358, 33.78945], [10.1486, 33.76858], [10.12449, 33.75666], [10.13983, 33.71197], [10.14248, 33.65469], [10.15782, 33.60659], [10.14694, 33.58904], [10.15107, 33.58565], [10.14292, 33.54909], [10.13369, 33.53828], [10.13742, 33.53233], [10.12519, 33.51616], [10.12981, 33.51171], [10.10491, 33.51322], [10.09768, 33.50502], [10.10165, 33.49417], [10.09369, 33.48687], [10.07126, 33.48616], [10.07737, 33.47068], [10.03712, 33.43654], [10.04286, 33.41661], [10.03132, 33.40783], [10.03495, 33.40242], [10.02732, 33.38928], [10.0281, 33.37593], [9.99341, 33.35126], [9.94281, 33.33369], [9.93673, 33.32309], [9.92042, 33.31686], [9.91654, 33.29682], [10.00038, 33.29307], [10.02448, 33.31267], [10.03615, 33.30939], [10.05339, 33.31637], [10.10626, 33.34591], [10.09295, 33.3611], [10.09896, 33.37229], [10.12009, 33.37225], [10.14475, 33.38737], [10.13337, 33.39439], [10.1572, 33.40858], [10.21613, 33.42338], [10.23521, 33.41729], [10.27683, 33.42883], [10.29686, 33.46954], [10.33244, 33.48966], [10.33978, 33.51232], [10.35967, 33.53411], [10.35989, 33.55449], [10.37141, 33.57496], [10.39186, 33.59317], [10.40607, 33.59137], [10.41239, 33.6054], [10.41796, 33.60588], [10.41572, 33.63099], [10.43683, 33.63493], [10.44255, 33.6295], [10.4466, 33.63497], [10.46102, 33.63351], [10.46516, 33.64829], [10.48141, 33.64469], [10.47032, 33.65648], [10.37792, 33.68301], [10.35655, 33.69485], [10.36393, 33.7021], [10.35277, 33.69764], [10.33424, 33.70727], [10.24873, 33.78239], [10.18238, 33.82457]]]]}}, {"type": "Feature", "properties": {"adm3_pcode": "TN5251", "name": "Médenine Nord", "name_ar": "مدنين الشمالية", "id_delegation": "5251", "delegation_name": "Médenine Nord", "delegation_name_ar": "مدنين الشمالية", "governorate_name": "Médenine", "governorate_name_ar": "مدنين", "region_name": "South East", "lat": "33.36360782", "lon": "10.39271425", "area_sqkm": "334.2903792", "n_stations": "50", "n_certified": "50", "registered": "35282", "voters": "512", "valid": "7905", "blank": "115", "spoilt": "219", "turnout_stations": "3", "turnout_registered": "2669", "turnout_voters": "512", "saied": "6866", "saied_share_pct": "86.8564", "saied_margin_pp": "76.2935", "zammel": "835", "zammel_share_pct": "10.5629", "zammel_margin_pp": "-76.2935", "maghzaoui": "204", "maghzaoui_share_pct": "2.5806", "maghzaoui_margin_pp": "-84.2758", "candidate_sum": "7905", "winner": "saied", "runner_up": "zammel", "margin_pp": "76.2935", "turnout_pct": "19.1832", "turnout_coverage_pct": "6.0000"}, "geometry": {"type": "MultiPolygon", "coordinates": [[[[10.35413, 33.4802], [10.34124, 33.49163], [10.34049, 33.51342], [10.33244, 33.48966], [10.29686, 33.46954], [10.27722, 33.42913], [10.2506, 33.42087], [10.25215, 33.41602], [10.2961, 33.33271], [10.32184, 33.33927], [10.36653, 33.31012], [10.40821, 33.27034], [10.44699, 33.21346], [10.48566, 33.33672], [10.51807, 33.38326], [10.48989, 33.38833], [10.4592, 33.37404], [10.4547, 33.39487], [10.43343, 33.42606], [10.42242, 33.43377], [10.40698, 33.42523], [10.37838, 33.4468], [10.35413, 33.4802]]]]}}, {"type": "Feature", "properties": {"adm3_pcode": "TN5252", "name": "Médenine Sud", "name_ar": "مدنين الجنوبية", "id_delegation": "5252", "delegation_name": "Médenine Sud", "delegation_name_ar": "مدنين الجنوبية", "governorate_name": "Médenine", "governorate_name_ar": "مدنين", "region_name": "South East", "lat": "33.41907932", "lon": "10.65401647", "area_sqkm": "734.54600562", "n_stations": "62", "n_certified": "61", "registered": "36693", "voters": "2454", "valid": "9204", "blank": "148", "spoilt": "277", "turnout_stations": "9", "turnout_registered": "7031", "turnout_voters": "1318", "saied": "7739", "saied_share_pct": "84.0830", "saied_margin_pp": "71.3820", "zammel": "1169", "zammel_share_pct": "12.7010", "zammel_margin_pp": "-71.3820", "maghzaoui": "296", "maghzaoui_share_pct": "3.2160", "maghzaoui_margin_pp": "-80.8670", "candidate_sum": "9204", "winner": "saied", "runner_up": "zammel", "margin_pp": "71.3820", "turnout_pct": "18.7456", "turnout_coverage_pct": "14.5161"}, "geometry": {"type": "MultiPolygon", "coordinates": [[[[10.71673, 33.64002], [10.69819, 33.62513], [10.70033, 33.62113], [10.64337, 33.59465], [10.58602, 33.52618], [10.63971, 33.49297], [10.52424, 33.39568], [10.48566, 33.33672], [10.44539, 33.20694], [10.49055, 33.23459], [10.49028, 33.21455], [10.61362, 33.20355], [10.64708, 33.23254], [10.65477, 33.25601], [10.71458, 33.26514], [10.7322, 33.28134], [10.74069, 33.32795], [10.77495, 33.38083], [10.74971, 33.40022], [10.75903, 33.42684], [10.75731, 33.44535], [10.76734, 33.45551], [10.7665, 33.47488], [10.74919, 33.47293], [10.72404, 33.4909], [10.69745, 33.48974], [10.70272, 33.51924], [10.68066, 33.53395], [10.68772, 33.55775], [10.72068, 33.5755], [10.72591, 33.59476], [10.73497, 33.60236], [10.73043, 33.63811], [10.71673, 33.64002]]]]}}, {"type": "Feature", "properties": {"adm3_pcode": "TN5253", "name": "Beni Khedache", "name_ar": "بني خداش", "id_delegation": "5253", "delegation_name": "Beni Khedache", "delegation_name_ar": "بني خداش", "governorate_name": "Médenine", "governorate_name_ar": "مدنين", "region_name": "South East", "lat": "33.24049565", "lon": "10.09646008", "area_sqkm": "1359.46119414", "n_stations": "40", "n_certified": "40", "registered": "25483", "voters": "4919", "valid": "4647", "blank": "71", "spoilt": "200", "turnout_stations": "40", "turnout_registered": "25483", "turnout_voters": "4919", "saied": "4301", "saied_share_pct": "92.5543", "saied_margin_pp": "87.0884", "zammel": "254", "zammel_share_pct": "5.4659", "zammel_margin_pp": "-87.0884", "maghzaoui": "92", "maghzaoui_share_pct": "1.9798", "maghzaoui_margin_pp": "-90.5746", "candidate_sum": "4647", "winner": "saied", "runner_up": "zammel", "margin_pp": "87.0884", "turnout_pct": "19.3031", "turnout_coverage_pct": "100.0000"}, "geometry": {"type": "MultiPolygon", "coordinates": [[[[10.21777, 33.42343], [10.17641, 33.41567], [10.13337, 33.39439], [10.14475, 33.38737], [10.12009, 33.37225], [10.09896, 33.37229], [10.09295, 33.3611], [10.10626, 33.34591], [10.05339, 33.31637], [10.03615, 33.30939], [10.02448, 33.31267], [10.00038, 33.29307], [9.92878, 33.29943], [9.89347, 33.28735], [9.82826, 33.28468], [9.79134, 33.26972], [9.72705, 33.28625], [9.70968, 33.28401], [9.78992, 33.21993], [9.85724, 33.20341], [9.89905, 33.21173], [9.90978, 33.20597], [9.91631, 33.19828], [9.91325, 33.1703], [9.91858, 33.14684], [9.90976, 33.08855], [9.91508, 33.07233], [9.90651, 33.06632], [9.9201, 33.06184], [9.92286, 33.05254], [9.94743, 33.0476], [9.95988, 33.0664], [10.08414, 33.05964], [10.09969, 33.08046], [10.13521, 33.08833], [10.14403, 33.08118], [10.16018, 33.08082], [10.25105, 33.1393], [10.30645, 33.15386], [10.32283, 33.16599], [10.36599, 33.16807], [10.40073, 33.19173], [10.44539, 33.20694], [10.44699, 33.21346], [10.42578, 33.24728], [10.37872, 33.29948], [10.32822, 33.33721], [10.2961, 33.33271], [10.26422, 33.38527], [10.25172, 33.41973], [10.23458, 33.41725], [10.21777, 33.42343]]]]}}, {"type": "Feature", "properties": {"adm3_pcode": "TN5254", "name": "Ben Guerdane", "name_ar": "بنقردان", "id_delegation": "5254", "delegation_name": "Ben Guerdane", "delegation_name_ar": "بنقردان", "governorate_name": "Médenine", "governorate_name_ar": "مدنين", "region_name": "South East", "lat": "32.82211509", "lon": "11.30293377", "area_sqkm": "4798.07536072", "n_stations": "70", "n_certified": "70", "registered": "60245", "voters": "11307", "valid": "10745", "blank": "157", "spoilt": "405", "turnout_stations": "69", "turnout_registered": "60245", "turnout_voters": "11140", "saied": "9267", "saied_share_pct": "86.2448", "saied_margin_pp": "75.4584", "zammel": "1159", "zammel_share_pct": "10.7864", "zammel_margin_pp": "-75.4584", "maghzaoui": "319", "maghzaoui_share_pct": "2.9688", "maghzaoui_margin_pp": "-83.2759", "candidate_sum": "10745", "winner": "saied", "runner_up": "zammel", "margin_pp": "75.4584", "turnout_pct": "18.4912", "turnout_coverage_pct": "98.5714"}, "geometry": {"type": "MultiPolygon", "coordinates": [[[[10.85011, 33.34535], [10.80168, 33.36998], [10.77214, 33.37418], [10.74069, 33.32795], [10.73501, 33.28711], [10.725, 33.27294], [10.71312, 33.26474], [10.65477, 33.25601], [10.64708, 33.23254], [10.63735, 33.22854], [10.63227, 33.21505], [10.57179, 33.17323], [10.56607, 33.15942], [10.52324, 33.1487], [10.55875, 33.11202], [10.7017, 33.096], [10.72848, 33.0956], [10.74178, 33.10206], [10.75823, 33.09522], [10.85487, 33.08881], [10.86826, 33.08256], [10.89733, 33.09312], [11.0056, 33.07885], [11.016, 33.08965], [11.03605, 33.09491], [11.03325, 33.05333], [11.02128, 33.03435], [11.03765, 33.02222], [11.03955, 32.9962], [11.09228, 32.91309], [11.11496, 32.86572], [11.10941, 32.81482], [11.12139, 32.77515], [11.12639, 32.7175], [11.08453, 32.67545], [11.0961, 32.65852], [11.14416, 32.53285], [11.20198, 32.40797], [11.22544, 32.37658], [11.32524, 32.39833], [11.34169, 32.3874], [11.33507, 32.37288], [11.30838, 32.35634], [11.28758, 32.35199], [11.25637, 32.32983], [11.18124, 32.30618], [11.16363, 32.27027], [11.35502, 32.32225], [11.4286, 32.36409], [11.46615, 32.37468], [11.51343, 32.40414], [11.5526, 32.41276], [11.57775, 32.44285], [11.60814, 32.46619], [11.60538, 32.51379], [11.57278, 32.56242], [11.54618, 32.58927], [11.50079, 32.61993], [11.48372, 32.65822], [11.49432, 32.7215], [11.4881, 32.78819], [11.50081, 32.86255], [11.48634, 32.89887], [11.52161, 32.98867], [11.52742, 32.99064], [11.52181, 33.07002], [11.55124, 33.12829], [11.5596, 33.16685], [11.5243, 33.16906], [11.48326, 33.18228], [11.32507, 33.26693], [11.44123, 33.19606], [11.44574, 33.18655], [11.4386, 33.18264], [11.44465, 33.17899], [11.41545, 33.17706], [11.39107, 33.18888], [11.36723, 33.18012], [11.26384, 33.20568], [11.21259, 33.20921], [11.18605, 33.2022], [11.16844, 33.21873], [11.15967, 33.25244], [11.13603, 33.26768], [11.11394, 33.29287], [11.05706, 33.28987], [11.05129, 33.2991], [11.00487, 33.31712], [10.98623, 33.3067], [10.96263, 33.32196], [10.92735, 33.31635], [10.88967, 33.33477], [10.85011, 33.34535]]]]}}, {"type": "Feature", "properties": {"adm3_pcode": "TN5255", "name": "Zarzis", "name_ar": "جرجيس", "id_delegation": "5255", "delegation_name": "Zarzis", "delegation_name_ar": "جرجيس", "governorate_name": "Médenine", "governorate_name_ar": "مدنين", "region_name": "South East", "lat": "33.46437018", "lon": "10.93521386", "area_sqkm": "885.14803164", "n_stations": "81", "n_certified": "80", "registered": "45784", "voters": "1857", "valid": "13636", "blank": "128", "spoilt": "409", "turnout_stations": "5", "turnout_registered": "5001", "turnout_voters": "841", "saied": "12400", "saied_share_pct": "90.9358", "saied_margin_pp": "85.2963", "zammel": "769", "zammel_share_pct": "5.6395", "zammel_margin_pp": "-85.2963", "maghzaoui": "467", "maghzaoui_share_pct": "3.4248", "maghzaoui_margin_pp": "-87.5110", "candidate_sum": "13636", "winner": "saied", "runner_up": "zammel", "margin_pp": "85.2963", "turnout_pct": "16.8166", "turnout_coverage_pct": "6.1728"}, "geometry": {"type": "MultiPolygon", "coordinates": [[[[10.99405, 33.65018], [11.00454, 33.63856], [10.98858, 33.63885], [10.98939, 33.63404], [10.99535, 33.6361], [10.99319, 33.6253], [10.97249, 33.6222], [10.94902, 33.62962], [10.91089, 33.61159], [10.91271, 33.60363], [10.92705, 33.5994], [10.94867, 33.56723], [10.92499, 33.52875], [10.85183, 33.50971], [10.8277, 33.49657], [10.8068, 33.4951], [10.80047, 33.4839], [10.78628, 33.48183], [10.78238, 33.47268], [10.78208, 33.47703], [10.78016, 33.47253], [10.7665, 33.47488], [10.76734, 33.45551], [10.75731, 33.44535], [10.75964, 33.43108], [10.75078, 33.39845], [10.76604, 33.38265], [10.77438, 33.38213], [10.77491, 33.37219], [10.80168, 33.36998], [10.92735, 33.31635], [10.96263, 33.32196], [10.98623, 33.3067], [11.00487, 33.31712], [11.05129, 33.2991], [11.05706, 33.28987], [11.08484, 33.28918], [11.11856, 33.29093], [11.12915, 33.31515], [11.15942, 33.31905], [11.29517, 33.27714], [11.23999, 33.30668], [11.183, 33.32433], [11.17413, 33.32957], [11.16815, 33.34696], [11.13572, 33.36998], [11.11626, 33.35745], [11.09268, 33.35581], [11.09954, 33.36544], [11.11166, 33.36341], [11.12288, 33.37429], [11.12365, 33.38229], [11.10577, 33.4044], [11.09249, 33.43519], [11.10673, 33.47599], [11.12035, 33.48182], [11.1139, 33.48672], [11.12244, 33.49139], [11.11523, 33.53757], [11.10545, 33.56123], [11.06681, 33.60786], [11.04841, 33.62412], [11.0265, 33.62549], [10.99405, 33.65018]]]]}}, {"type": "Feature", "properties": {"adm3_pcode": "TN5256", "name": "Houmt Souk", "name_ar": "جربة حومة السوق", "id_delegation": "5256", "delegation_name": "Houmt Souk", "delegation_name_ar": "جربة حومة السوق", "governorate_name": "Médenine", "governorate_name_ar": "مدنين", "region_name": "South East", "lat": "33.85030144", "lon": "10.86718616", "area_sqkm": "162.28227953", "n_stations": "62", "n_certified": "61", "registered": "47940", "voters": "513", "valid": "14469", "blank": "162", "spoilt": "260", "turnout_stations": "3", "turnout_registered": "2964", "turnout_voters": "513", "saied": "12677", "saied_share_pct": "87.6149", "saied_margin_pp": "77.8008", "zammel": "1420", "zammel_share_pct": "9.8141", "zammel_margin_pp": "-77.8008", "maghzaoui": "372", "maghzaoui_share_pct": "2.5710", "maghzaoui_margin_pp": "-85.0439", "candidate_sum": "14469", "winner": "saied", "runner_up": "zammel", "margin_pp": "77.8008", "turnout_pct": "17.3077", "turnout_coverage_pct": "4.8387"}, "geometry": {"type": "MultiPolygon", "coordinates": [[[[10.9229, 33.90158], [10.89012, 33.91251], [10.92506, 33.89825], [10.93552, 33.88436], [10.93488, 33.87179], [10.87494, 33.87748], [10.85679, 33.89038], [10.85403, 33.88619], [10.80704, 33.90016], [10.75145, 33.89084], [10.74192, 33.87953], [10.74737, 33.8802], [10.75124, 33.86024], [10.74301, 33.8547], [10.74914, 33.84058], [10.77113, 33.84503], [10.77274, 33.8382], [10.80341, 33.82289], [10.84323, 33.81929], [10.85077, 33.81307], [10.84649, 33.78602], [10.88321, 33.8011], [10.89838, 33.8165], [10.9057, 33.80801], [10.91991, 33.81339], [10.93644, 33.80762], [10.94923, 33.81178], [10.94768, 33.81809], [10.96622, 33.82617], [10.97276, 33.83968], [10.9915, 33.85117], [10.9229, 33.90158]]]]}}, {"type": "Feature", "properties": {"adm3_pcode": "TN5257", "name": "Djerba Midoun", "name_ar": "جربة ميدون", "id_delegation": "5257", "delegation_name": "Djerba Midoun", "delegation_name_ar": "جربة ميدون", "governorate_name": "Médenine", "governorate_name_ar": "مدنين", "region_name": "South East", "lat": "33.76462773", "lon": "10.9513388", "area_sqkm": "176.69219957", "n_stations": "55", "n_certified": "55", "registered": "55306", "voters": "11260", "valid": "10741", "blank": "120", "spoilt": "277", "turnout_stations": "53", "turnout_registered": "54519", "turnout_voters": "11059", "saied": "9618", "saied_share_pct": "89.5447", "saied_margin_pp": "81.7615", "zammel": "836", "zammel_share_pct": "7.7833", "zammel_margin_pp": "-81.7615", "maghzaoui": "287", "maghzaoui_share_pct": "2.6720", "maghzaoui_margin_pp": "-86.8727", "candidate_sum": "10741", "winner": "saied", "runner_up": "zammel", "margin_pp": "81.7615", "turnout_pct": "20.2847", "turnout_coverage_pct": "96.3636"}, "geometry": {"type": "MultiPolygon", "coordinates": [[[[10.9928, 33.84973], [10.98341, 33.84842], [10.96622, 33.82617], [10.94768, 33.81809], [10.94923, 33.81178], [10.92853, 33.80747], [10.91991, 33.81339], [10.9057, 33.80801], [10.89838, 33.8165], [10.88321, 33.8011], [10.8612, 33.79192], [10.87774, 33.77072], [10.86632, 33.73784], [10.91571, 33.67807], [10.93845, 33.6931], [10.95217, 33.72317], [10.97153, 33.7405], [10.98596, 33.74971], [10.99289, 33.74513], [11.00718, 33.7567], [11.01308, 33.75368], [11.03104, 33.76977], [11.0602, 33.78231], [11.05609, 33.82488], [11.01903, 33.8312], [10.9928, 33.84973]]]]}}, {"type": "Feature", "properties": {"adm3_pcode": "TN5258", "name": "Djerba Ajim", "name_ar": "جربة أجيم", "id_delegation": "5258", "delegation_name": "Djerba Ajim", "delegation_name_ar": "جربة أجيم", "governorate_name": "Médenine", "governorate_name_ar": "مدنين", "region_name": "South East", "lat": "33.73946699", "lon": "10.80130431", "area_sqkm": "158.02892321", "n_stations": "25", "n_certified": "24", "registered": "12790", "voters": "435", "valid": "3034", "blank": "39", "spoilt": "60", "turnout_stations": "3", "turnout_registered": "2156", "turnout_voters": "335", "saied": "2748", "saied_share_pct": "90.5735", "saied_margin_pp": "83.8497", "zammel": "204", "zammel_share_pct": "6.7238", "zammel_margin_pp": "-83.8497", "maghzaoui": "82", "maghzaoui_share_pct": "2.7027", "maghzaoui_margin_pp": "-87.8708", "candidate_sum": "3034", "winner": "saied", "runner_up": "zammel", "margin_pp": "83.8497", "turnout_pct": "15.5380", "turnout_coverage_pct": "12.0000"}, "geometry": {"type": "MultiPolygon", "coordinates": [[[[10.77118, 33.84344], [10.74914, 33.84058], [10.74909, 33.79813], [10.72748, 33.76362], [10.74109, 33.71603], [10.74944, 33.71669], [10.7593, 33.70404], [10.77958, 33.70585], [10.78987, 33.69683], [10.7912, 33.7226], [10.81439, 33.73616], [10.82888, 33.73757], [10.87734, 33.69015], [10.87975, 33.67832], [10.86878, 33.65443], [10.87357, 33.63865], [10.8857, 33.63387], [10.89171, 33.66773], [10.9149, 33.68043], [10.86632, 33.73784], [10.87774, 33.77072], [10.8612, 33.79192], [10.84512, 33.78739], [10.85077, 33.81307], [10.84323, 33.81929], [10.80341, 33.82289], [10.77118, 33.84344]]]]}}, {"type": "Feature", "properties": {"adm3_pcode": "TN5259", "name": "Sidi Makhlouf", "name_ar": "سيدي مخلوف", "id_delegation": "5259", "delegation_name": "Sidi Makhlouf", "delegation_name_ar": "سيدي مخلوف", "governorate_name": "Médenine", "governorate_name_ar": "مدنين", "region_name": "South East", "lat": "33.54086346", "lon": "10.47963487", "area_sqkm": "669.1997368", "n_stations": "31", "n_certified": "31", "registered": "19433", "voters": "5059", "valid": "4841", "blank": "46", "spoilt": "172", "turnout_stations": "31", "turnout_registered": "19433", "turnout_voters": "5059", "saied": "4519", "saied_share_pct": "93.3485", "saied_margin_pp": "88.5148", "zammel": "234", "zammel_share_pct": "4.8337", "zammel_margin_pp": "-88.5148", "maghzaoui": "88", "maghzaoui_share_pct": "1.8178", "maghzaoui_margin_pp": "-91.5307", "candidate_sum": "4841", "winner": "saied", "runner_up": "zammel", "margin_pp": "88.5148", "turnout_pct": "26.0330", "turnout_coverage_pct": "100.0000"}, "geometry": {"type": "MultiPolygon", "coordinates": [[[[10.71943, 33.70787], [10.69724, 33.70543], [10.64814, 33.67653], [10.60968, 33.66916], [10.59526, 33.6593], [10.54904, 33.64886], [10.52191, 33.652], [10.49619, 33.64373], [10.46516, 33.64829], [10.46102, 33.63351], [10.41704, 33.63201], [10.41796, 33.60588], [10.41239, 33.6054], [10.40607, 33.59137], [10.38722, 33.5894], [10.36051, 33.55577], [10.35967, 33.53411], [10.34111, 33.51359], [10.3416, 33.49081], [10.37888, 33.44628], [10.40698, 33.42523], [10.42242, 33.43377], [10.43343, 33.42606], [10.4547, 33.39487], [10.4592, 33.37404], [10.48989, 33.38833], [10.51807, 33.38326], [10.52609, 33.3979], [10.63971, 33.49297], [10.58545, 33.5228], [10.62899, 33.57915], [10.65232, 33.60104], [10.70033, 33.62113], [10.69819, 33.62513], [10.71536, 33.63977], [10.73043, 33.63811], [10.74516, 33.67733], [10.73588, 33.69794], [10.71943, 33.70787]]]]}}, {"type": "Feature", "properties": {"adm3_pcode": "TN5351", "name": "Tataouine Nord", "name_ar": "تطاوين الشمالية", "id_delegation": "5351", "delegation_name": "Tataouine Nord", "delegation_name_ar": "تطاوين الشمالية", "governorate_name": "Tataouine", "governorate_name_ar": "تطاوين", "region_name": "South East", "lat": "32.70343721", "lon": "10.62324471", "area_sqkm": "2838.4674754", "n_stations": "65", "n_certified": "65", "registered": "45934", "voters": "6779", "valid": "6662", "blank": "116", "spoilt": "185", "turnout_stations": "62", "turnout_registered": "45606", "turnout_voters": "6631", "saied": "5842", "saied_share_pct": "87.6914", "saied_margin_pp": "78.2348", "zammel": "630", "zammel_share_pct": "9.4566", "zammel_margin_pp": "-78.2348", "maghzaoui": "190", "maghzaoui_share_pct": "2.8520", "maghzaoui_margin_pp": "-84.8394", "candidate_sum": "6662", "winner": "saied", "runner_up": "zammel", "margin_pp": "78.2348", "turnout_pct": "14.5398", "turnout_coverage_pct": "95.3846"}, "geometry": {"type": "MultiPolygon", "coordinates": [[[[10.7017, 33.096], [10.60703, 33.10859], [10.60569, 33.08047], [10.55612, 33.0826], [10.54, 33.07492], [10.52172, 33.07976], [10.51143, 33.07474], [10.50972, 33.06208], [10.47755, 33.05107], [10.44491, 33.02211], [10.44817, 33.01313], [10.4267, 33.00615], [10.42665, 33.01109], [10.40831, 33.01884], [10.36237, 32.99576], [10.34305, 32.99398], [10.34172, 32.98468], [10.35254, 32.98646], [10.37661, 32.95822], [10.36882, 32.95369], [10.393, 32.92313], [10.42015, 32.9186], [10.42856, 32.93361], [10.43739, 32.92625], [10.4531, 32.944], [10.44968, 32.92878], [10.46309, 32.91223], [10.47481, 32.9145], [10.51994, 32.89781], [10.52128, 32.8654], [10.505, 32.85242], [10.50242, 32.82866], [10.45301, 32.82598], [10.4513, 32.78199], [10.43738, 32.76324], [10.42804, 32.72692], [10.41201, 32.71379], [10.41309, 32.67493], [10.40036, 32.58144], [10.43601, 32.58585], [10.47308, 32.56679], [10.56239, 32.50319], [10.57862, 32.48225], [10.5912, 32.4787], [10.6402, 32.48726], [10.80202, 32.49514], [10.78086, 32.4627], [10.78823, 32.445], [10.8307, 32.36743], [10.90003, 32.30644], [10.974, 32.29642], [11.08683, 32.30921], [11.15217, 32.31199], [11.18124, 32.30618], [11.15036, 32.34859], [11.09919, 32.38667], [11.08615, 32.4109], [11.04596, 32.45549], [11.01531, 32.50947], [10.9562, 32.57229], [10.89475, 32.67708], [10.81688, 32.70967], [10.78613, 32.74063], [10.68375, 32.79737], [10.73475, 32.82927], [10.75592, 32.87168], [10.80584, 32.87602], [10.77198, 32.88931], [10.75838, 32.91257], [10.74815, 32.95014], [10.75697, 32.95584], [10.85254, 32.96098], [10.84609, 32.97799], [10.82877, 32.99042], [10.78096, 32.98309], [10.74755, 32.96743], [10.75097, 32.97805], [10.71411, 33.00027], [10.7117, 33.03288], [10.73824, 33.05876], [10.68321, 33.07004], [10.7197, 33.09785], [10.7017, 33.096]]]]}}, {"type": "Feature", "properties": {"adm3_pcode": "TN5352", "name": "Tataouine Sud", "name_ar": "تطاوين الجنوبية", "id_delegation": "5352", "delegation_name": "Tataouine Sud", "delegation_name_ar": "تطاوين الجنوبية", "governorate_name": "Tataouine", "governorate_name_ar": "تطاوين", "region_name": "South East", "lat": "32.77869378", "lon": "10.18712275", "area_sqkm": "1899.85048165", "n_stations": "40", "n_certified": "40", "registered": "30100", "voters": "4797", "valid": "4689", "blank": "106", "spoilt": "209", "turnout_stations": "37", "turnout_registered": "30012", "turnout_voters": "4797", "saied": "3942", "saied_share_pct": "84.0691", "saied_margin_pp": "70.8467", "zammel": "620", "zammel_share_pct": "13.2224", "zammel_margin_pp": "-70.8467", "maghzaoui": "127", "maghzaoui_share_pct": "2.7085", "maghzaoui_margin_pp": "-81.3606", "candidate_sum": "4689", "winner": "saied", "runner_up": "zammel", "margin_pp": "70.8467", "turnout_pct": "15.9836", "turnout_coverage_pct": "92.5000"}, "geometry": {"type": "MultiPolygon", "coordinates": [[[[10.31296, 32.96401], [10.28017, 32.97656], [10.26622, 32.95937], [10.20908, 32.96855], [10.00908, 32.97376], [9.99876, 32.9633], [9.94712, 32.95947], [9.93942, 32.95404], [9.92981, 32.94176], [9.93627, 32.93718], [9.93266, 32.92372], [9.9425, 32.91046], [9.93775, 32.89666], [9.9447, 32.87852], [9.96854, 32.85441], [9.94515, 32.81545], [9.91023, 32.81497], [9.92686, 32.77071], [9.8949, 32.74005], [9.88066, 32.73565], [9.89374, 32.73042], [9.91354, 32.70642], [9.96355, 32.68222], [9.96284, 32.65495], [9.94962, 32.64536], [9.98829, 32.62064], [9.96574, 32.58698], [9.99067, 32.57586], [10.00467, 32.58418], [10.02346, 32.57784], [10.04293, 32.57862], [10.05781, 32.58807], [10.08646, 32.5835], [10.14493, 32.60787], [10.17198, 32.60596], [10.19295, 32.61243], [10.23118, 32.60879], [10.2486, 32.61735], [10.27454, 32.61661], [10.28934, 32.6278], [10.34293, 32.61891], [10.35376, 32.59242], [10.37002, 32.58025], [10.40036, 32.58144], [10.41309, 32.67493], [10.41201, 32.71379], [10.42804, 32.72692], [10.43738, 32.76324], [10.4513, 32.78199], [10.45301, 32.82598], [10.50242, 32.82866], [10.505, 32.85242], [10.52128, 32.8654], [10.51994, 32.89781], [10.47481, 32.9145], [10.46309, 32.91223], [10.44968, 32.92878], [10.4531, 32.944], [10.43739, 32.92625], [10.42856, 32.93361], [10.41913, 32.91845], [10.388, 32.92423], [10.31296, 32.96401]]]]}}, {"type": "Feature", "properties": {"adm3_pcode": "TN5353", "name": "Samar", "name_ar": "الصمار", "id_delegation": "5353", "delegation_name": "Samar", "delegation_name_ar": "الصمار", "governorate_name": "Tataouine", "governorate_name_ar": "تطاوين", "region_name": "South East", "lat": "32.70343721", "lon": "10.97329387", "area_sqkm": "1989.94172269", "n_stations": "22", "n_certified": "22", "registered": "11552", "voters": "2725", "valid": "2582", "blank": "56", "spoilt": "87", "turnout_stations": "21", "turnout_registered": "11552", "turnout_voters": "2556", "saied": "2267", "saied_share_pct": "87.8002", "saied_margin_pp": "77.8854", "zammel": "256", "zammel_share_pct": "9.9148", "zammel_margin_pp": "-77.8854", "maghzaoui": "59", "maghzaoui_share_pct": "2.2851", "maghzaoui_margin_pp": "-85.5151", "candidate_sum": "2582", "winner": "saied", "runner_up": "zammel", "margin_pp": "77.8854", "turnout_pct": "22.1260", "turnout_coverage_pct": "95.4545"}, "geometry": {"type": "MultiPolygon", "coordinates": [[[[10.75528, 33.09628], [10.74178, 33.10206], [10.7197, 33.09785], [10.68321, 33.07004], [10.73824, 33.05876], [10.7117, 33.03288], [10.71411, 33.00027], [10.75097, 32.97805], [10.74755, 32.96743], [10.78096, 32.98309], [10.82877, 32.99042], [10.84609, 32.97799], [10.85254, 32.96098], [10.75697, 32.95584], [10.74815, 32.95014], [10.75838, 32.91257], [10.77198, 32.88931], [10.80584, 32.87602], [10.75592, 32.87168], [10.73475, 32.82927], [10.68375, 32.79737], [10.78613, 32.74063], [10.81688, 32.70967], [10.89475, 32.67708], [10.9562, 32.57229], [11.01531, 32.50947], [11.04596, 32.45549], [11.08615, 32.4109], [11.09919, 32.38667], [11.15036, 32.34859], [11.18124, 32.30618], [11.25637, 32.32983], [11.28758, 32.35199], [11.30838, 32.35634], [11.33507, 32.37288], [11.34156, 32.38798], [11.32524, 32.39833], [11.22544, 32.37658], [11.20198, 32.40797], [11.08453, 32.67545], [11.12639, 32.7175], [11.12139, 32.77515], [11.10941, 32.81482], [11.11496, 32.86572], [11.09228, 32.91309], [11.03955, 32.9962], [11.03765, 33.02222], [11.02128, 33.03435], [11.03325, 33.05333], [11.03605, 33.09491], [11.016, 33.08965], [11.0056, 33.07885], [10.89733, 33.09312], [10.87189, 33.0824], [10.85487, 33.08881], [10.75528, 33.09628]]]]}}, {"type": "Feature", "properties": {"adm3_pcode": "TN5354", "name": "Bir Lahmar", "name_ar": "بئر الأحمر", "id_delegation": "5354", "delegation_name": "Bir Lahmar", "delegation_name_ar": "بئر الأحمر", "governorate_name": "Tataouine", "governorate_name_ar": "تطاوين", "region_name": "South East", "lat": "33.14441082", "lon": "10.43927359", "area_sqkm": "244.35004986", "n_stations": "12", "n_certified": "12", "registered": "7896", "voters": "1707", "valid": "1616", "blank": "39", "spoilt": "52", "turnout_stations": "12", "turnout_registered": "7896", "turnout_voters": "1707", "saied": "1412", "saied_share_pct": "87.3762", "saied_margin_pp": "77.3515", "zammel": "162", "zammel_share_pct": "10.0248", "zammel_margin_pp": "-77.3515", "maghzaoui": "42", "maghzaoui_share_pct": "2.5990", "maghzaoui_margin_pp": "-84.7772", "candidate_sum": "1616", "winner": "saied", "runner_up": "zammel", "margin_pp": "77.3515", "turnout_pct": "21.6185", "turnout_coverage_pct": "100.0000"}, "geometry": {"type": "MultiPolygon", "coordinates": [[[[10.4904, 33.22531], [10.49055, 33.23459], [10.45235, 33.20958], [10.37637, 33.17884], [10.36599, 33.16807], [10.34181, 33.16623], [10.35386, 33.13652], [10.33426, 33.13031], [10.34842, 33.10851], [10.33229, 33.10309], [10.33989, 33.06166], [10.37174, 33.07388], [10.41015, 33.06815], [10.41939, 33.09155], [10.49634, 33.10443], [10.53234, 33.13811], [10.52584, 33.15132], [10.54682, 33.15096], [10.56607, 33.15942], [10.57018, 33.17182], [10.6102, 33.19807], [10.61362, 33.20355], [10.49028, 33.21455], [10.4904, 33.22531]]]]}}, {"type": "Feature", "properties": {"adm3_pcode": "TN5355", "name": "Ghomrassen", "name_ar": "غمراسن", "id_delegation": "5355", "delegation_name": "Ghomrassen", "delegation_name_ar": "غمراسن", "governorate_name": "Tataouine", "governorate_name_ar": "تطاوين", "region_name": "South East", "lat": "33.04624207", "lon": "10.20875685", "area_sqkm": "692.42511168", "n_stations": "23", "n_certified": "23", "registered": "15204", "voters": "2398", "valid": "2261", "blank": "76", "spoilt": "61", "turnout_stations": "22", "turnout_registered": "15204", "turnout_voters": "2101", "saied": "1952", "saied_share_pct": "86.3335", "saied_margin_pp": "75.8514", "zammel": "237", "zammel_share_pct": "10.4821", "zammel_margin_pp": "-75.8514", "maghzaoui": "72", "maghzaoui_share_pct": "3.1844", "maghzaoui_margin_pp": "-83.1490", "candidate_sum": "2261", "winner": "saied", "runner_up": "zammel", "margin_pp": "75.8514", "turnout_pct": "13.8187", "turnout_coverage_pct": "95.6522"}, "geometry": {"type": "MultiPolygon", "coordinates": [[[[10.34181, 33.16623], [10.32283, 33.16599], [10.30645, 33.15386], [10.28961, 33.15337], [10.23666, 33.13257], [10.18631, 33.09342], [10.16018, 33.08082], [10.14403, 33.08118], [10.13521, 33.08833], [10.09903, 33.08019], [10.08414, 33.05964], [9.95988, 33.0664], [9.9417, 33.04615], [9.90651, 33.06632], [9.89218, 33.05135], [9.9094, 33.0499], [9.92031, 33.03975], [9.93063, 33.00784], [9.94152, 32.99865], [9.96217, 32.99139], [9.97479, 32.99525], [9.99659, 32.99089], [10.00908, 32.97376], [10.20908, 32.96855], [10.26622, 32.95937], [10.28017, 32.97656], [10.33616, 32.95577], [10.393, 32.92313], [10.36882, 32.95369], [10.37661, 32.95822], [10.35254, 32.98646], [10.34172, 32.98468], [10.34305, 32.99398], [10.36237, 32.99576], [10.40831, 33.01884], [10.42665, 33.01109], [10.4267, 33.00615], [10.44817, 33.01313], [10.44491, 33.02211], [10.47755, 33.05107], [10.50972, 33.06208], [10.51143, 33.07474], [10.52172, 33.07976], [10.54, 33.07492], [10.55612, 33.0826], [10.60569, 33.08047], [10.60703, 33.10859], [10.55875, 33.11202], [10.53234, 33.13811], [10.49634, 33.10443], [10.41939, 33.09155], [10.41015, 33.06815], [10.37174, 33.07388], [10.34021, 33.06144], [10.33444, 33.06963], [10.33229, 33.10309], [10.34842, 33.10851], [10.33426, 33.13031], [10.35386, 33.13652], [10.34181, 33.16623]]]]}}, {"type": "Feature", "properties": {"adm3_pcode": "TN5356", "name": "Dhiba", "name_ar": "ذهيبة", "id_delegation": "5356", "delegation_name": "Dhiba", "delegation_name_ar": "ذهيبة", "governorate_name": "Tataouine", "governorate_name_ar": "تطاوين", "region_name": "South East", "lat": "31.97009", "lon": "10.47039035", "area_sqkm": "3103.81534272", "n_stations": "8", "n_certified": "8", "registered": "2707", "voters": "961", "valid": "898", "blank": "20", "spoilt": "37", "turnout_stations": "7", "turnout_registered": "2707", "turnout_voters": "846", "saied": "826", "saied_share_pct": "91.9822", "saied_margin_pp": "86.3029", "zammel": "51", "zammel_share_pct": "5.6793", "zammel_margin_pp": "-86.3029", "maghzaoui": "21", "maghzaoui_share_pct": "2.3385", "maghzaoui_margin_pp": "-89.6437", "candidate_sum": "898", "winner": "saied", "runner_up": "zammel", "margin_pp": "86.3029", "turnout_pct": "31.2523", "turnout_coverage_pct": "87.5000"}, "geometry": {"type": "MultiPolygon", "coordinates": [[[[10.91854, 32.30201], [10.90003, 32.30644], [10.8307, 32.36743], [10.78086, 32.4627], [10.72337, 32.38502], [10.71683, 32.33642], [10.70911, 32.32049], [10.71979, 32.31462], [10.727, 32.29199], [10.71834, 32.27378], [10.72043, 32.26516], [10.68032, 32.22275], [10.68061, 32.20001], [10.66566, 32.20214], [10.6595, 32.18895], [10.59031, 32.16929], [10.556, 32.15149], [10.49737, 32.07795], [10.48875, 32.0328], [10.47308, 32.01841], [10.47485, 32.00112], [10.42701, 32.00698], [10.41328, 31.9986], [10.35853, 32.00468], [10.28374, 31.96022], [10.26321, 31.94032], [10.24107, 31.93785], [10.21076, 31.91543], [10.15609, 31.91992], [10.10497, 31.89643], [10.08705, 31.8736], [10.09551, 31.85471], [10.08268, 31.82097], [10.02289, 31.77678], [9.98162, 31.70167], [10.12514, 31.48183], [10.20057, 31.56644], [10.29904, 31.70541], [10.38251, 31.74776], [10.45242, 31.73791], [10.49899, 31.75061], [10.52207, 31.74685], [10.5314, 31.75111], [10.55674, 31.78229], [10.56227, 31.80882], [10.61545, 31.85843], [10.63109, 31.88239], [10.63226, 31.89487], [10.61292, 31.91951], [10.62016, 31.92559], [10.61271, 31.92655], [10.62556, 31.93441], [10.62324, 31.94328], [10.63202, 31.94209], [10.62929, 31.96526], [10.63925, 31.97723], [10.66463, 31.98614], [10.71901, 31.97669], [10.74211, 31.99581], [10.75539, 31.99163], [10.7883, 32.00523], [10.85592, 32.09323], [10.85479, 32.11094], [10.97404, 32.18368], [11.01051, 32.19537], [11.0618, 32.22506], [11.16363, 32.27027], [11.18124, 32.30618], [11.15217, 32.31199], [10.974, 32.29642], [10.91854, 32.30201]]]]}}, {"type": "Feature", "properties": {"adm3_pcode": "TN5357", "name": "Remada", "name_ar": "رمادة", "id_delegation": "5357", "delegation_name": "Remada", "delegation_name_ar": "رمادة", "governorate_name": "Tataouine", "governorate_name_ar": "تطاوين", "region_name": "South East", "lat": "31.54837644", "lon": "9.65261911", "area_sqkm": "27171.68952364", "n_stations": "16", "n_certified": "16", "registered": "7308", "voters": "1990", "valid": "1907", "blank": "25", "spoilt": "57", "turnout_stations": "16", "turnout_registered": "7308", "turnout_voters": "1990", "saied": "1733", "saied_share_pct": "90.8757", "saied_margin_pp": "84.2160", "zammel": "127", "zammel_share_pct": "6.6597", "zammel_margin_pp": "-84.2160", "maghzaoui": "47", "maghzaoui_share_pct": "2.4646", "maghzaoui_margin_pp": "-88.4111", "candidate_sum": "1907", "winner": "saied", "runner_up": "zammel", "margin_pp": "84.2160", "turnout_pct": "27.2304", "turnout_coverage_pct": "100.0000"}, "geometry": {"type": "MultiPolygon", "coordinates": [[[[9.71569, 32.79377], [9.70186, 32.79927], [9.69568, 32.79293], [9.67975, 32.79219], [9.67897, 32.78255], [9.65739, 32.77987], [9.65157, 32.77341], [9.64116, 32.77662], [9.59932, 32.75558], [9.58984, 32.7605], [9.56058, 32.75459], [9.51969, 32.72493], [9.47691, 32.70545], [9.01836, 32.60571], [8.35953, 32.50888], [9.07683, 32.09638], [9.27712, 31.34487], [9.55989, 30.24158], [9.6063, 30.2543], [9.64122, 30.26944], [9.66221, 30.28651], [9.80359, 30.34421], [9.82365, 30.35065], [9.87372, 30.35092], [9.93833, 30.39089], [9.99963, 30.46638], [10.03062, 30.51497], [10.08376, 30.56575], [10.14306, 30.65352], [10.21256, 30.72125], [10.26394, 30.80604], [10.28706, 30.8877], [10.30203, 30.9037], [10.27168, 31.03472], [10.28326, 31.091], [10.25718, 31.13333], [10.24928, 31.16868], [10.25397, 31.18967], [10.23377, 31.20505], [10.15129, 31.40146], [10.14293, 31.45066], [9.98162, 31.70167], [10.02289, 31.77678], [10.08268, 31.82097], [10.09551, 31.85471], [10.08705, 31.8736], [10.10497, 31.89643], [10.15609, 31.91992], [10.21076, 31.91543], [10.24107, 31.93785], [10.26321, 31.94032], [10.28374, 31.96022], [10.35853, 32.00468], [10.41328, 31.9986], [10.42701, 32.00698], [10.47485, 32.00112], [10.47308, 32.01841], [10.48875, 32.0328], [10.49737, 32.07795], [10.556, 32.15149], [10.59031, 32.16929], [10.6595, 32.18895], [10.66566, 32.20214], [10.67878, 32.19786], [10.68032, 32.22275], [10.72043, 32.26516], [10.71834, 32.27378], [10.727, 32.29199], [10.71979, 32.31462], [10.70911, 32.32049], [10.71683, 32.33642], [10.72337, 32.38502], [10.80202, 32.49514], [10.6402, 32.48726], [10.5912, 32.4787], [10.57862, 32.48225], [10.56239, 32.50319], [10.50764, 32.54366], [10.43601, 32.58585], [10.37002, 32.58025], [10.35376, 32.59242], [10.34293, 32.61891], [10.28934, 32.6278], [10.27454, 32.61661], [10.2486, 32.61735], [10.23118, 32.60879], [10.19295, 32.61243], [10.17198, 32.60596], [10.14493, 32.60787], [10.08901, 32.58391], [10.05781, 32.58807], [10.04293, 32.57862], [10.02346, 32.57784], [10.00467, 32.58418], [9.9893, 32.57604], [9.96574, 32.58698], [9.98829, 32.62064], [9.94962, 32.64536], [9.93802, 32.64481], [9.91658, 32.65576], [9.90319, 32.66746], [9.90163, 32.68098], [9.87294, 32.69023], [9.86248, 32.70006], [9.84454, 32.70066], [9.84058, 32.71456], [9.82739, 32.72643], [9.80644, 32.72246], [9.79196, 32.75635], [9.77341, 32.77004], [9.77028, 32.78646], [9.74919, 32.78786], [9.74256, 32.79606], [9.71569, 32.79377]]]]}}, {"type": "Feature", "properties": {"adm3_pcode": "TN6151", "name": "Gafsa Nord", "name_ar": "قفصة الشمالية", "id_delegation": "6151", "delegation_name": "Gafsa Nord", "delegation_name_ar": "قفصة الشمالية", "governorate_name": "Gafsa", "governorate_name_ar": "قفصة", "region_name": "South West", "lat": "34.57708505", "lon": "8.8632766", "area_sqkm": "534.81323811", "n_stations": "15", "n_certified": "15", "registered": "8244", "voters": "2315", "valid": "2261", "blank": "18", "spoilt": "36", "turnout_stations": "15", "turnout_registered": "8244", "turnout_voters": "2315", "saied": "2150", "saied_share_pct": "95.0907", "saied_margin_pp": "91.6409", "zammel": "78", "zammel_share_pct": "3.4498", "zammel_margin_pp": "-91.6409", "maghzaoui": "33", "maghzaoui_share_pct": "1.4595", "maghzaoui_margin_pp": "-93.6311", "candidate_sum": "2261", "winner": "saied", "runner_up": "zammel", "margin_pp": "91.6409", "turnout_pct": "28.0810", "turnout_coverage_pct": "100.0000"}, "geometry": {"type": "MultiPolygon", "coordinates": [[[[9.0076, 34.7074], [8.98957, 34.72121], [8.94061, 34.66889], [8.93811, 34.64904], [8.91742, 34.61714], [8.93825, 34.59532], [8.95375, 34.59093], [8.94545, 34.57837], [8.91415, 34.5809], [8.90138, 34.59124], [8.89529, 34.58573], [8.79124, 34.63595], [8.74458, 34.60485], [8.72533, 34.61288], [8.69477, 34.59264], [8.69616, 34.58632], [8.75108, 34.52012], [8.7761, 34.51321], [8.79801, 34.45021], [8.82089, 34.43698], [8.83386, 34.45662], [8.84247, 34.45362], [8.83521, 34.43241], [8.86099, 34.43592], [8.88571, 34.44686], [8.87187, 34.48524], [8.88155, 34.49662], [8.91806, 34.48541], [8.96415, 34.50209], [8.97031, 34.49859], [9.01715, 34.57546], [9.05403, 34.60811], [9.05289, 34.62447], [9.09511, 34.61239], [9.09925, 34.62456], [9.11105, 34.63265], [9.10597, 34.64076], [9.11999, 34.66892], [9.15115, 34.70051], [9.15619, 34.71706], [9.11809, 34.7037], [9.09987, 34.70908], [9.08394, 34.70257], [9.06776, 34.67982], [9.06341, 34.6881], [9.04101, 34.6937], [9.02612, 34.70619], [9.0076, 34.7074]]]]}}, {"type": "Feature", "properties": {"adm3_pcode": "TN6152", "name": "Sidi Aich", "name_ar": "سيدي عيش", "id_delegation": "6152", "delegation_name": "Sidi Aich", "delegation_name_ar": "سيدي عيش", "governorate_name": "Gafsa", "governorate_name_ar": "قفصة", "region_name": "South West", "lat": "34.6940748", "lon": "8.82109051", "area_sqkm": "442.91887031", "n_stations": "14", "n_certified": "14", "registered": "7710", "voters": "2735", "valid": "2666", "blank": "17", "spoilt": "52", "turnout_stations": "14", "turnout_registered": "7710", "turnout_voters": "2735", "saied": "2526", "saied_share_pct": "94.7487", "saied_margin_pp": "91.0353", "zammel": "99", "zammel_share_pct": "3.7134", "zammel_margin_pp": "-91.0353", "maghzaoui": "41", "maghzaoui_share_pct": "1.5379", "maghzaoui_margin_pp": "-93.2108", "candidate_sum": "2666", "winner": "saied", "runner_up": "zammel", "margin_pp": "91.0353", "turnout_pct": "35.4734", "turnout_coverage_pct": "100.0000"}, "geometry": {"type": "MultiPolygon", "coordinates": [[[[8.9838, 34.72538], [8.95213, 34.75398], [8.92088, 34.81023], [8.83919, 34.77056], [8.78902, 34.75331], [8.7506, 34.72505], [8.73033, 34.72487], [8.62478, 34.6582], [8.6646, 34.62282], [8.67604, 34.60019], [8.69245, 34.59308], [8.72533, 34.61288], [8.74458, 34.60485], [8.79124, 34.63595], [8.89529, 34.58573], [8.90138, 34.59124], [8.91415, 34.5809], [8.94545, 34.57837], [8.95375, 34.59093], [8.93825, 34.59532], [8.91742, 34.61714], [8.93811, 34.64904], [8.94169, 34.67112], [8.98957, 34.72121], [8.9838, 34.72538]]]]}}, {"type": "Feature", "properties": {"adm3_pcode": "TN6153", "name": "Ksar", "name_ar": "القصر", "id_delegation": "6153", "delegation_name": "Ksar", "delegation_name_ar": "القصر", "governorate_name": "Gafsa", "governorate_name_ar": "قفصة", "region_name": "South West", "lat": "34.41212051", "lon": "8.91860157", "area_sqkm": "281.83515403", "n_stations": "30", "n_certified": "30", "registered": "26461", "voters": "6892", "valid": "8004", "blank": "69", "spoilt": "230", "turnout_stations": "25", "turnout_registered": "25180", "turnout_voters": "6892", "saied": "7355", "saied_share_pct": "91.8916", "saied_margin_pp": "86.5067", "zammel": "431", "zammel_share_pct": "5.3848", "zammel_margin_pp": "-86.5067", "maghzaoui": "218", "maghzaoui_share_pct": "2.7236", "maghzaoui_margin_pp": "-89.1679", "candidate_sum": "8004", "winner": "saied", "runner_up": "zammel", "margin_pp": "86.5067", "turnout_pct": "27.3709", "turnout_coverage_pct": "83.3333"}, "geometry": {"type": "MultiPolygon", "coordinates": [[[[8.98522, 34.486], [8.96415, 34.50209], [8.91806, 34.48541], [8.88155, 34.49662], [8.87187, 34.48524], [8.88571, 34.44686], [8.83521, 34.43241], [8.84247, 34.45362], [8.83386, 34.45662], [8.80454, 34.41044], [8.78463, 34.40739], [8.7837, 34.38191], [8.76816, 34.38489], [8.7482, 34.40831], [8.73478, 34.40254], [8.73217, 34.38842], [8.74384, 34.36629], [8.71881, 34.33684], [8.7201, 34.32432], [8.80549, 34.32496], [8.8421, 34.34115], [8.87452, 34.34349], [8.90597, 34.36957], [8.98065, 34.39831], [9.00042, 34.39977], [9.05531, 34.3812], [9.02859, 34.42022], [9.00896, 34.4371], [9.00625, 34.45209], [8.98522, 34.486]]]]}}, {"type": "Feature", "properties": {"adm3_pcode": "TN6154", "name": "Gafsa Sud", "name_ar": "قفصة الجنوبية", "id_delegation": "6154", "delegation_name": "Gafsa Sud", "delegation_name_ar": "قفصة الجنوبية", "governorate_name": "Gafsa", "governorate_name_ar": "قفصة", "region_name": "South West", "lat": "34.44377161", "lon": "8.67669942", "area_sqkm": "750.42676505", "n_stations": "85", "n_certified": "85", "registered": "78714", "voters": "20442", "valid": "21689", "blank": "201", "spoilt": "518", "turnout_stations": "77", "turnout_registered": "77583", "turnout_voters": "20123", "saied": "19859", "saied_share_pct": "91.5625", "saied_margin_pp": "85.5872", "zammel": "1296", "zammel_share_pct": "5.9754", "zammel_margin_pp": "-85.5872", "maghzaoui": "534", "maghzaoui_share_pct": "2.4621", "maghzaoui_margin_pp": "-89.1005", "candidate_sum": "21689", "winner": "saied", "runner_up": "zammel", "margin_pp": "85.5872", "turnout_pct": "25.9374", "turnout_coverage_pct": "90.5882"}, "geometry": {"type": "MultiPolygon", "coordinates": [[[[8.6271, 34.65648], [8.58557, 34.62741], [8.5399, 34.6302], [8.51698, 34.6411], [8.50731, 34.60893], [8.50285, 34.61025], [8.5164, 34.56833], [8.54102, 34.54725], [8.54348, 34.52516], [8.57025, 34.5154], [8.61529, 34.51169], [8.63713, 34.50007], [8.63301, 34.48345], [8.59354, 34.47728], [8.54871, 34.44938], [8.51772, 34.40157], [8.48861, 34.38252], [8.49148, 34.36361], [8.50575, 34.36056], [8.50763, 34.35453], [8.47619, 34.33812], [8.48009, 34.32346], [8.47463, 34.31507], [8.47877, 34.29756], [8.47337, 34.25277], [8.48033, 34.24407], [8.47532, 34.23978], [8.48014, 34.23044], [8.49074, 34.24093], [8.51243, 34.2374], [8.53216, 34.24953], [8.54475, 34.26871], [8.54773, 34.28746], [8.58706, 34.31289], [8.61546, 34.32167], [8.65538, 34.31434], [8.68965, 34.32457], [8.69946, 34.31982], [8.7201, 34.32432], [8.71881, 34.33684], [8.74384, 34.36629], [8.73217, 34.38842], [8.73478, 34.40254], [8.7482, 34.40831], [8.76816, 34.38489], [8.7837, 34.38191], [8.78463, 34.40739], [8.80454, 34.41044], [8.82089, 34.43698], [8.79801, 34.45021], [8.7761, 34.51321], [8.75108, 34.52012], [8.69477, 34.59264], [8.67604, 34.60019], [8.6646, 34.62282], [8.6271, 34.65648]]]]}}, {"type": "Feature", "properties": {"adm3_pcode": "TN6155", "name": "Oum Larais", "name_ar": "أم العرائس", "id_delegation": "6155", "delegation_name": "Oum Larais", "delegation_name_ar": "أم العرائس", "governorate_name": "Gafsa", "governorate_name_ar": "قفصة", "region_name": "South West", "lat": "34.56678158", "lon": "8.344887", "area_sqkm": "976.5760265", "n_stations": "34", "n_certified": "34", "registered": "24211", "voters": "7534", "valid": "7525", "blank": "52", "spoilt": "210", "turnout_stations": "32", "turnout_registered": "24211", "turnout_voters": "7138", "saied": "7018", "saied_share_pct": "93.2625", "saied_margin_pp": "88.9568", "zammel": "324", "zammel_share_pct": "4.3056", "zammel_margin_pp": "-88.9568", "maghzaoui": "183", "maghzaoui_share_pct": "2.4319", "maghzaoui_margin_pp": "-90.8306", "candidate_sum": "7525", "winner": "saied", "runner_up": "zammel", "margin_pp": "88.9568", "turnout_pct": "29.4825", "turnout_coverage_pct": "94.1176"}, "geometry": {"type": "MultiPolygon", "coordinates": [[[[8.32709, 34.73118], [8.29315, 34.73009], [8.26536, 34.69181], [8.23888, 34.68597], [8.23591, 34.67614], [8.24058, 34.67017], [8.25918, 34.66008], [8.27793, 34.65954], [8.27889, 34.65249], [8.24192, 34.63206], [8.24984, 34.61487], [8.22893, 34.61435], [8.22999, 34.60935], [8.21161, 34.60295], [8.20367, 34.58803], [8.22203, 34.57885], [8.18531, 34.57104], [8.17391, 34.57645], [8.16873, 34.57421], [8.17146, 34.5656], [8.16065, 34.56897], [8.16553, 34.55344], [8.15756, 34.55276], [8.14768, 34.53577], [8.13669, 34.53147], [8.11818, 34.48593], [8.17185, 34.46885], [8.18511, 34.45242], [8.22237, 34.44936], [8.24165, 34.46558], [8.28797, 34.43536], [8.30972, 34.40856], [8.33994, 34.39895], [8.37184, 34.40894], [8.39436, 34.40413], [8.41914, 34.41481], [8.48517, 34.41772], [8.51354, 34.39865], [8.54871, 34.44938], [8.59354, 34.47728], [8.63301, 34.48345], [8.63468, 34.50241], [8.61529, 34.51169], [8.56329, 34.51683], [8.54005, 34.52831], [8.54102, 34.54725], [8.5164, 34.56833], [8.50284, 34.60717], [8.51698, 34.6411], [8.5055, 34.64214], [8.48267, 34.66421], [8.44268, 34.68534], [8.36279, 34.71157], [8.32709, 34.73118]]]]}}, {"type": "Feature", "properties": {"adm3_pcode": "TN6156", "name": "Redeyef", "name_ar": "الرديف", "id_delegation": "6156", "delegation_name": "Redeyef", "delegation_name_ar": "الرديف", "governorate_name": "Gafsa", "governorate_name_ar": "قفصة", "region_name": "South West", "lat": "34.35324686", "lon": "8.13309149", "area_sqkm": "403.77020829", "n_stations": "25", "n_certified": "25", "registered": "23112", "voters": "6009", "valid": "5889", "blank": "41", "spoilt": "283", "turnout_stations": "24", "turnout_registered": "23112", "turnout_voters": "6009", "saied": "5533", "saied_share_pct": "93.9548", "saied_margin_pp": "89.7266", "zammel": "249", "zammel_share_pct": "4.2282", "zammel_margin_pp": "-89.7266", "maghzaoui": "107", "maghzaoui_share_pct": "1.8169", "maghzaoui_margin_pp": "-92.1379", "candidate_sum": "5889", "winner": "saied", "runner_up": "zammel", "margin_pp": "89.7266", "turnout_pct": "25.9995", "turnout_coverage_pct": "96.0000"}, "geometry": {"type": "MultiPolygon", "coordinates": [[[[8.12207, 34.48546], [8.07792, 34.41665], [8.09519, 34.39885], [8.04168, 34.32855], [8.06218, 34.30405], [8.12199, 34.26163], [8.15162, 34.2201], [8.1492, 34.25306], [8.19033, 34.25429], [8.2463, 34.28007], [8.24421, 34.29099], [8.21258, 34.32409], [8.20993, 34.35486], [8.21432, 34.36184], [8.22763, 34.36708], [8.33249, 34.34845], [8.34795, 34.36389], [8.34308, 34.37329], [8.3473, 34.38007], [8.3359, 34.38592], [8.33902, 34.40005], [8.30972, 34.40856], [8.28797, 34.43536], [8.24165, 34.46558], [8.22237, 34.44936], [8.18511, 34.45242], [8.17343, 34.46803], [8.12207, 34.48546]]]]}}, {"type": "Feature", "properties": {"adm3_pcode": "TN6157", "name": "Metlaoui", "name_ar": "المتلوي", "id_delegation": "6157", "delegation_name": "Metlaoui", "delegation_name_ar": "المتلوي", "governorate_name": "Gafsa", "governorate_name_ar": "قفصة", "region_name": "South West", "lat": "34.23497726", "lon": "8.31197228", "area_sqkm": "973.29751557", "n_stations": "33", "n_certified": "33", "registered": "28029", "voters": "8886", "valid": "8882", "blank": "48", "spoilt": "209", "turnout_stations": "29", "turnout_registered": "27788", "turnout_voters": "7692", "saied": "8206", "saied_share_pct": "92.3891", "saied_margin_pp": "86.8048", "zammel": "496", "zammel_share_pct": "5.5843", "zammel_margin_pp": "-86.8048", "maghzaoui": "180", "maghzaoui_share_pct": "2.0266", "maghzaoui_margin_pp": "-90.3625", "candidate_sum": "8882", "winner": "saied", "runner_up": "zammel", "margin_pp": "86.8048", "turnout_pct": "27.6810", "turnout_coverage_pct": "87.8788"}, "geometry": {"type": "MultiPolygon", "coordinates": [[[[8.49249, 34.41281], [8.48517, 34.41772], [8.41914, 34.41481], [8.40835, 34.40641], [8.37695, 34.40941], [8.34256, 34.40175], [8.33585, 34.38623], [8.34725, 34.3804], [8.34308, 34.37329], [8.34795, 34.36389], [8.33249, 34.34845], [8.22763, 34.36708], [8.21432, 34.36184], [8.20993, 34.35486], [8.21258, 34.32409], [8.24421, 34.29099], [8.2463, 34.28007], [8.19033, 34.25429], [8.1492, 34.25306], [8.14651, 34.23564], [8.15413, 34.20264], [8.29026, 34.15028], [8.32839, 34.15706], [8.32773, 34.12228], [8.3437, 34.10758], [8.33375, 34.08336], [8.34888, 34.05308], [8.38709, 34.05286], [8.41184, 34.06316], [8.47159, 34.0677], [8.53702, 34.061], [8.5924, 34.06385], [8.58863, 34.09343], [8.59434, 34.13036], [8.58647, 34.1556], [8.59298, 34.16107], [8.60301, 34.20219], [8.5906, 34.1956], [8.54544, 34.19812], [8.53313, 34.22298], [8.52048, 34.22494], [8.50957, 34.23797], [8.49119, 34.24109], [8.48014, 34.23044], [8.47532, 34.23932], [8.48033, 34.24407], [8.47337, 34.25277], [8.47877, 34.29756], [8.47463, 34.31507], [8.48009, 34.32346], [8.47619, 34.33812], [8.50725, 34.35332], [8.50581, 34.36052], [8.49148, 34.36361], [8.48832, 34.38151], [8.51354, 34.39865], [8.49249, 34.41281]]]]}}, {"type": "Feature", "properties": {"adm3_pcode": "TN6158", "name": "Mdhilla", "name_ar": "المضيلة", "id_delegation": "6158", "delegation_name": "Mdhilla", "delegation_name_ar": "المضيلة", "governorate_name": "Gafsa", "governorate_name_ar": "قفصة", "region_name": "South West", "lat": "34.20099882", "lon": "8.69715667", "area_sqkm": "644.4462355", "n_stations": "14", "n_certified": "14", "registered": "10638", "voters": "2830", "valid": "3117", "blank": "25", "spoilt": "98", "turnout_stations": "11", "turnout_registered": "9780", "turnout_voters": "2553", "saied": "2800", "saied_share_pct": "89.8300", "saied_margin_pp": "81.6169", "zammel": "256", "zammel_share_pct": "8.2130", "zammel_margin_pp": "-81.6169", "maghzaoui": "61", "maghzaoui_share_pct": "1.9570", "maghzaoui_margin_pp": "-87.8730", "candidate_sum": "3117", "winner": "saied", "runner_up": "zammel", "margin_pp": "81.6169", "turnout_pct": "26.1043", "turnout_coverage_pct": "78.5714"}, "geometry": {"type": "MultiPolygon", "coordinates": [[[[8.84478, 34.33519], [8.8421, 34.34115], [8.80549, 34.32496], [8.72526, 34.32578], [8.69946, 34.31982], [8.68965, 34.32457], [8.65538, 34.31434], [8.61546, 34.32167], [8.58527, 34.31214], [8.54773, 34.28746], [8.53751, 34.25509], [8.50961, 34.23694], [8.52048, 34.22494], [8.53313, 34.22298], [8.54544, 34.19812], [8.5906, 34.1956], [8.60301, 34.20219], [8.59298, 34.16107], [8.58647, 34.1556], [8.59434, 34.13036], [8.58863, 34.09343], [8.5924, 34.06385], [8.63218, 34.06742], [8.64696, 34.06046], [8.65362, 34.07856], [8.67882, 34.08876], [8.69621, 34.08628], [8.76033, 34.0969], [8.80141, 34.09188], [8.85464, 34.09938], [8.85506, 34.1197], [8.8734, 34.1282], [8.87106, 34.15444], [8.88518, 34.16768], [8.87631, 34.1728], [8.86408, 34.20617], [8.82384, 34.19252], [8.82998, 34.1887], [8.81586, 34.1869], [8.81876, 34.18313], [8.80937, 34.18115], [8.80653, 34.16838], [8.77102, 34.15595], [8.79002, 34.19352], [8.80264, 34.24008], [8.79645, 34.25671], [8.77738, 34.27253], [8.83166, 34.28839], [8.8467, 34.3208], [8.84478, 34.33519]]]]}}, {"type": "Feature", "properties": {"adm3_pcode": "TN6159", "name": "Guetar", "name_ar": "القطار", "id_delegation": "6159", "delegation_name": "Guetar", "delegation_name_ar": "القطار", "governorate_name": "Gafsa", "governorate_name_ar": "قفصة", "region_name": "South West", "lat": "34.27165863", "lon": "8.965877", "area_sqkm": "933.39116148", "n_stations": "18", "n_certified": "18", "registered": "15188", "voters": "4803", "valid": "4591", "blank": "58", "spoilt": "154", "turnout_stations": "17", "turnout_registered": "15188", "turnout_voters": "4752", "saied": "4394", "saied_share_pct": "95.7090", "saied_margin_pp": "93.0734", "zammel": "121", "zammel_share_pct": "2.6356", "zammel_margin_pp": "-93.0734", "maghzaoui": "76", "maghzaoui_share_pct": "1.6554", "maghzaoui_margin_pp": "-94.0536", "candidate_sum": "4591", "winner": "saied", "runner_up": "zammel", "margin_pp": "93.0734", "turnout_pct": "31.2879", "turnout_coverage_pct": "94.4444"}, "geometry": {"type": "MultiPolygon", "coordinates": [[[[9.25351, 34.42918], [9.23566, 34.42394], [9.20561, 34.40012], [9.13756, 34.39393], [9.09235, 34.37956], [9.04085, 34.38233], [9.00042, 34.39977], [8.97755, 34.39764], [8.90597, 34.36957], [8.87452, 34.34349], [8.84586, 34.34123], [8.8467, 34.3208], [8.83166, 34.28839], [8.77738, 34.27253], [8.79645, 34.25671], [8.80264, 34.24008], [8.79002, 34.19352], [8.77102, 34.15595], [8.80653, 34.16838], [8.80937, 34.18115], [8.81876, 34.18313], [8.81586, 34.1869], [8.82998, 34.1887], [8.82384, 34.19252], [8.862, 34.20616], [8.8757, 34.1858], [8.87631, 34.1728], [8.88518, 34.16768], [8.87106, 34.15444], [8.8744, 34.13051], [8.86623, 34.12098], [8.95754, 34.11586], [9.01767, 34.12235], [9.12875, 34.16503], [9.16069, 34.16536], [9.14706, 34.23746], [9.17083, 34.22305], [9.15703, 34.25179], [9.15173, 34.28712], [9.16919, 34.31757], [9.20234, 34.33407], [9.27225, 34.32163], [9.30898, 34.34152], [9.30131, 34.36243], [9.3099, 34.37232], [9.27647, 34.38071], [9.25351, 34.42918]]]]}}, {"type": "Feature", "properties": {"adm3_pcode": "TN6160", "name": "Belkhir", "name_ar": "بلخير", "id_delegation": "6160", "delegation_name": "Belkhir", "delegation_name_ar": "بلخير", "governorate_name": "Gafsa", "governorate_name_ar": "قفصة", "region_name": "South West", "lat": "34.33522583", "lon": "9.41814542", "area_sqkm": "840.85401465", "n_stations": "20", "n_certified": "20", "registered": "12656", "voters": "2819", "valid": "2742", "blank": "32", "spoilt": "74", "turnout_stations": "19", "turnout_registered": "12656", "turnout_voters": "2819", "saied": "2586", "saied_share_pct": "94.3107", "saied_margin_pp": "90.6273", "zammel": "101", "zammel_share_pct": "3.6834", "zammel_margin_pp": "-90.6273", "maghzaoui": "55", "maghzaoui_share_pct": "2.0058", "maghzaoui_margin_pp": "-92.3049", "candidate_sum": "2742", "winner": "saied", "runner_up": "zammel", "margin_pp": "90.6273", "turnout_pct": "22.2740", "turnout_coverage_pct": "95.0000"}, "geometry": {"type": "MultiPolygon", "coordinates": [[[[9.40311, 34.49517], [9.40473, 34.49957], [9.35311, 34.50706], [9.33512, 34.49406], [9.32365, 34.4992], [9.31715, 34.48951], [9.31742, 34.46557], [9.30086, 34.45546], [9.27531, 34.45563], [9.25351, 34.42918], [9.27647, 34.38071], [9.3099, 34.37232], [9.30131, 34.36243], [9.30898, 34.34152], [9.27225, 34.32163], [9.20234, 34.33407], [9.16919, 34.31757], [9.15173, 34.28712], [9.15703, 34.25179], [9.17083, 34.22305], [9.14706, 34.23746], [9.16069, 34.16536], [9.22999, 34.17635], [9.25893, 34.19562], [9.31841, 34.22055], [9.36633, 34.22193], [9.37799, 34.22918], [9.3814, 34.22229], [9.43807, 34.21034], [9.47028, 34.21633], [9.47939, 34.22778], [9.52228, 34.22791], [9.54445, 34.23947], [9.53918, 34.25159], [9.54906, 34.26085], [9.55191, 34.2778], [9.54485, 34.29224], [9.55035, 34.3151], [9.53848, 34.3517], [9.56073, 34.36954], [9.50732, 34.38175], [9.48808, 34.44681], [9.45944, 34.46396], [9.45309, 34.48144], [9.41748, 34.48261], [9.40311, 34.49517]]]]}}, {"type": "Feature", "properties": {"adm3_pcode": "TN6161", "name": "Sened", "name_ar": "السند", "id_delegation": "6161", "delegation_name": "Sened", "delegation_name_ar": "السند", "governorate_name": "Gafsa", "governorate_name_ar": "قفصة", "region_name": "South West", "lat": "34.54331736", "lon": "9.16763564", "area_sqkm": "768.39135777", "n_stations": "39", "n_certified": "39", "registered": "24019", "voters": "7426", "valid": "7989", "blank": "71", "spoilt": "164", "turnout_stations": "32", "turnout_registered": "22952", "turnout_voters": "6551", "saied": "7378", "saied_share_pct": "92.3520", "saied_margin_pp": "88.0210", "zammel": "346", "zammel_share_pct": "4.3310", "zammel_margin_pp": "-88.0210", "maghzaoui": "265", "maghzaoui_share_pct": "3.3171", "maghzaoui_margin_pp": "-89.0349", "candidate_sum": "7989", "winner": "saied", "runner_up": "zammel", "margin_pp": "88.0210", "turnout_pct": "28.5422", "turnout_coverage_pct": "82.0513"}, "geometry": {"type": "MultiPolygon", "coordinates": [[[[9.22263, 34.7084], [9.19618, 34.70611], [9.19055, 34.69297], [9.15375, 34.70578], [9.11999, 34.66892], [9.10597, 34.64076], [9.11105, 34.63265], [9.09925, 34.62456], [9.09511, 34.61239], [9.05289, 34.62447], [9.05403, 34.60811], [9.01715, 34.57546], [8.97031, 34.49859], [9.00363, 34.45688], [9.00896, 34.4371], [9.02859, 34.42022], [9.05531, 34.3812], [9.09235, 34.37956], [9.13756, 34.39393], [9.20561, 34.40012], [9.23566, 34.42394], [9.25351, 34.42918], [9.27531, 34.45563], [9.30086, 34.45546], [9.31742, 34.46557], [9.31715, 34.48951], [9.32365, 34.4992], [9.31016, 34.50158], [9.33807, 34.52941], [9.33469, 34.54315], [9.35023, 34.56295], [9.34782, 34.56748], [9.31424, 34.55227], [9.30608, 34.55768], [9.31286, 34.56529], [9.29649, 34.56627], [9.29306, 34.58039], [9.27029, 34.5684], [9.2548, 34.57867], [9.27759, 34.62472], [9.27174, 34.64546], [9.28191, 34.66024], [9.25852, 34.68778], [9.22263, 34.7084]]]]}}, {"type": "Feature", "properties": {"adm3_pcode": "TN6251", "name": "Tozeur", "name_ar": "توزر", "id_delegation": "6251", "delegation_name": "Tozeur", "delegation_name_ar": "توزر", "governorate_name": "Tozeur", "governorate_name_ar": "توزر", "region_name": "South West", "lat": "33.91348287", "lon": "8.11182516", "area_sqkm": "817.54671177", "n_stations": "36", "n_certified": "35", "registered": "34714", "voters": "12140", "valid": "11697", "blank": "119", "spoilt": "324", "turnout_stations": "33", "turnout_registered": "34514", "turnout_voters": "11262", "saied": "10872", "saied_share_pct": "92.9469", "saied_margin_pp": "87.6806", "zammel": "616", "zammel_share_pct": "5.2663", "zammel_margin_pp": "-87.6806", "maghzaoui": "209", "maghzaoui_share_pct": "1.7868", "maghzaoui_margin_pp": "-91.1601", "candidate_sum": "11697", "winner": "saied", "runner_up": "zammel", "margin_pp": "87.6806", "turnout_pct": "32.6302", "turnout_coverage_pct": "91.6667"}, "geometry": {"type": "MultiPolygon", "coordinates": [[[[8.13224, 33.99371], [8.09768, 34.03488], [8.08549, 34.0896], [8.02802, 34.16607], [8.0114, 34.14421], [7.97791, 34.12837], [7.97498, 33.97534], [7.96335, 33.94107], [7.96612, 33.93119], [7.96052, 33.93014], [7.96178, 33.92519], [8.00725, 33.93515], [8.02317, 33.88668], [8.00787, 33.86656], [8.01059, 33.85562], [8.0533, 33.80161], [8.09035, 33.7358], [8.14478, 33.66013], [8.23589, 33.72598], [8.31776, 33.75676], [8.21369, 33.90959], [8.19418, 33.96354], [8.18684, 33.95789], [8.17897, 33.97472], [8.15623, 33.97766], [8.14997, 33.99292], [8.13905, 33.98736], [8.13224, 33.99371]]]]}}, {"type": "Feature", "properties": {"adm3_pcode": "TN6252", "name": "Degueche", "name_ar": "دقاش", "id_delegation": "6252", "delegation_name": "Degueche", "delegation_name_ar": "دقاش", "governorate_name": "Tozeur", "governorate_name_ar": "توزر", "region_name": "South West", "lat": "34.03386544", "lon": "8.36671028", "area_sqkm": "1408.22528641", "n_stations": "29", "n_certified": "29", "registered": "22754", "voters": "8212", "valid": "7909", "blank": "85", "spoilt": "217", "turnout_stations": "29", "turnout_registered": "22754", "turnout_voters": "8212", "saied": "7508", "saied_share_pct": "94.9298", "saied_margin_pp": "91.9712", "zammel": "234", "zammel_share_pct": "2.9587", "zammel_margin_pp": "-91.9712", "maghzaoui": "167", "maghzaoui_share_pct": "2.1115", "maghzaoui_margin_pp": "-92.8183", "candidate_sum": "7909", "winner": "saied", "runner_up": "zammel", "margin_pp": "91.9712", "turnout_pct": "36.0904", "turnout_coverage_pct": "100.0000"}, "geometry": {"type": "MultiPolygon", "coordinates": [[[[7.97715, 34.28995], [7.9413, 34.31091], [7.94573, 34.29841], [8.00477, 34.21842], [8.03133, 34.19981], [8.03122, 34.18685], [8.04066, 34.18763], [8.04826, 34.18041], [8.02802, 34.16607], [8.08549, 34.0896], [8.09768, 34.03488], [8.13905, 33.98736], [8.14997, 33.99292], [8.15623, 33.97766], [8.17897, 33.97472], [8.18684, 33.95789], [8.19418, 33.96354], [8.21369, 33.90959], [8.31776, 33.75676], [8.52304, 33.91127], [8.63269, 34.0254], [8.64039, 34.06099], [8.63218, 34.06742], [8.55834, 34.06044], [8.47159, 34.0677], [8.41184, 34.06316], [8.38709, 34.05286], [8.34888, 34.05308], [8.33375, 34.08336], [8.3437, 34.10758], [8.32773, 34.12228], [8.32694, 34.15817], [8.29026, 34.15028], [8.15476, 34.20219], [8.15162, 34.2201], [8.12199, 34.26163], [8.06492, 34.30211], [7.97715, 34.28995]]]]}}, {"type": "Feature", "properties": {"adm3_pcode": "TN6253", "name": "Tamaghza", "name_ar": "تمغزة", "id_delegation": "6253", "delegation_name": "Tamaghza", "delegation_name_ar": "تمغزة", "governorate_name": "Tozeur", "governorate_name_ar": "توزر", "region_name": "South West", "lat": "34.29030034", "lon": "7.89113982", "area_sqkm": "939.14640736", "n_stations": "11", "n_certified": "11", "registered": "5592", "voters": "2138", "valid": "2033", "blank": "31", "spoilt": "74", "turnout_stations": "11", "turnout_registered": "5592", "turnout_voters": "2138", "saied": "1909", "saied_share_pct": "93.9006", "saied_margin_pp": "89.9164", "zammel": "81", "zammel_share_pct": "3.9843", "zammel_margin_pp": "-89.9164", "maghzaoui": "43", "maghzaoui_share_pct": "2.1151", "maghzaoui_margin_pp": "-91.7855", "candidate_sum": "2033", "winner": "saied", "runner_up": "zammel", "margin_pp": "89.9164", "turnout_pct": "38.2332", "turnout_coverage_pct": "100.0000"}, "geometry": {"type": "MultiPolygon", "coordinates": [[[[8.13422, 34.5272], [8.11225, 34.51552], [8.08427, 34.51696], [8.07334, 34.49929], [8.04397, 34.4957], [8.01002, 34.46202], [7.95902, 34.44806], [7.93825, 34.43332], [7.93398, 34.42263], [7.8552, 34.4051], [7.85146, 34.34432], [7.79919, 34.21579], [7.63949, 34.20574], [7.60602, 34.11057], [7.5869, 34.10249], [7.54616, 34.06847], [7.53997, 34.05406], [7.75177, 34.10768], [7.82962, 34.11455], [7.86433, 34.13323], [7.88653, 34.11976], [7.97791, 34.12837], [8.0114, 34.14421], [8.04826, 34.18041], [8.04066, 34.18763], [8.03122, 34.18685], [8.03133, 34.19981], [8.00477, 34.21842], [7.9413, 34.31091], [7.97807, 34.28987], [8.06492, 34.30211], [8.04168, 34.32855], [8.09519, 34.39885], [8.07792, 34.41665], [8.10117, 34.44771], [8.13422, 34.5272]]]]}}, {"type": "Feature", "properties": {"adm3_pcode": "TN6254", "name": "Nefta", "name_ar": "نفطة", "id_delegation": "6254", "delegation_name": "Nefta", "delegation_name_ar": "نفطة", "governorate_name": "Tozeur", "governorate_name_ar": "توزر", "region_name": "South West", "lat": "33.82049163", "lon": "7.87245171", "area_sqkm": "1637.1473571", "n_stations": "19", "n_certified": "19", "registered": "18065", "voters": "5242", "valid": "5671", "blank": "89", "spoilt": "158", "turnout_stations": "17", "turnout_registered": "16069", "turnout_voters": "5242", "saied": "5236", "saied_share_pct": "92.3294", "saied_margin_pp": "86.3692", "zammel": "338", "zammel_share_pct": "5.9601", "zammel_margin_pp": "-86.3692", "maghzaoui": "97", "maghzaoui_share_pct": "1.7105", "maghzaoui_margin_pp": "-90.6189", "candidate_sum": "5671", "winner": "saied", "runner_up": "zammel", "margin_pp": "86.3692", "turnout_pct": "32.6218", "turnout_coverage_pct": "89.4737"}, "geometry": {"type": "MultiPolygon", "coordinates": [[[[7.86433, 34.13323], [7.82962, 34.11455], [7.75177, 34.10768], [7.73974, 33.97723], [7.75697, 33.91251], [7.73028, 33.84896], [7.7001, 33.82407], [7.72665, 33.79444], [7.71904, 33.74691], [7.7426, 33.69447], [7.92897, 33.50729], [8.14478, 33.66013], [8.09035, 33.7358], [8.0533, 33.80161], [8.01059, 33.85562], [8.00787, 33.86656], [8.02317, 33.88668], [8.00725, 33.93515], [7.96178, 33.92519], [7.97498, 33.97534], [7.97791, 34.12837], [7.88653, 34.11976], [7.86433, 34.13323]]]]}}, {"type": "Feature", "properties": {"adm3_pcode": "TN6255", "name": "Hazoua", "name_ar": "حزوة", "id_delegation": "6255", "delegation_name": "Hazoua", "delegation_name_ar": "حزوة", "governorate_name": "Tozeur", "governorate_name_ar": "توزر", "region_name": "South West", "lat": "33.76641627", "lon": "7.64937208", "area_sqkm": "1256.24525608", "n_stations": "6", "n_certified": "6", "registered": "4027", "voters": "1610", "valid": "1536", "blank": "30", "spoilt": "44", "turnout_stations": "6", "turnout_registered": "4027", "turnout_voters": "1610", "saied": "1370", "saied_share_pct": "89.1927", "saied_margin_pp": "80.9896", "zammel": "126", "zammel_share_pct": "8.2031", "zammel_margin_pp": "-80.9896", "maghzaoui": "40", "maghzaoui_share_pct": "2.6042", "maghzaoui_margin_pp": "-86.5885", "candidate_sum": "1536", "winner": "saied", "runner_up": "zammel", "margin_pp": "80.9896", "turnout_pct": "39.9801", "turnout_coverage_pct": "100.0000"}, "geometry": {"type": "MultiPolygon", "coordinates": [[[[7.76888, 33.43437], [7.85856, 33.46254], [7.92897, 33.50729], [7.7426, 33.69447], [7.71904, 33.74691], [7.72665, 33.79444], [7.7001, 33.82407], [7.73028, 33.84896], [7.75697, 33.91251], [7.73974, 33.97723], [7.75177, 34.10768], [7.53997, 34.05406], [7.55375, 34.02769], [7.55363, 34.00221], [7.54217, 33.97697], [7.54705, 33.93799], [7.52253, 33.91093], [7.54861, 33.83565], [7.52893, 33.804], [7.59022, 33.75522], [7.56727, 33.73991], [7.60069, 33.69241], [7.5984, 33.64833], [7.63514, 33.57365], [7.74409, 33.42915], [7.76888, 33.43437]]]]}}, {"type": "Feature", "properties": {"adm3_pcode": "TN6351", "name": "Kebili Sud", "name_ar": "قبلي الجنوبية", "id_delegation": "6351", "delegation_name": "Kebili Sud", "delegation_name_ar": "قبلي الجنوبية", "governorate_name": "Kebili", "governorate_name_ar": "قبلي", "region_name": "South West", "lat": "33.61797056", "lon": "9.21173126", "area_sqkm": "1142.04338055", "n_stations": "28", "n_certified": "28", "registered": "25715", "voters": "7518", "valid": "7349", "blank": "89", "spoilt": "219", "turnout_stations": "26", "turnout_registered": "25349", "turnout_voters": "7192", "saied": "6306", "saied_share_pct": "85.8076", "saied_margin_pp": "76.6091", "zammel": "676", "zammel_share_pct": "9.1985", "zammel_margin_pp": "-76.6091", "maghzaoui": "367", "maghzaoui_share_pct": "4.9939", "maghzaoui_margin_pp": "-80.8137", "candidate_sum": "7349", "winner": "saied", "runner_up": "zammel", "margin_pp": "76.6091", "turnout_pct": "28.3719", "turnout_coverage_pct": "92.8571"}, "geometry": {"type": "MultiPolygon", "coordinates": [[[[8.59559, 33.72796], [8.77575, 33.5241], [8.802, 33.51022], [8.83199, 33.50827], [8.90525, 33.53148], [8.92608, 33.51964], [9.02298, 33.5133], [9.28655, 33.51991], [9.37189, 33.57386], [9.47875, 33.56116], [9.52484, 33.59757], [9.54058, 33.6018], [9.53396, 33.61641], [9.53894, 33.63517], [9.46378, 33.62442], [9.45192, 33.66905], [9.44275, 33.68454], [9.42661, 33.69311], [9.41046, 33.69659], [9.41308, 33.66041], [9.37142, 33.6378], [9.31809, 33.64794], [9.27213, 33.64875], [9.22659, 33.66078], [9.1767, 33.676], [9.12966, 33.71168], [9.07566, 33.72668], [9.0415, 33.72725], [8.98852, 33.70122], [8.98414, 33.71026], [8.96968, 33.70234], [8.95236, 33.68587], [8.95009, 33.66662], [8.93797, 33.65248], [8.94461, 33.64656], [8.93829, 33.62772], [8.89644, 33.62327], [8.87253, 33.60589], [8.85064, 33.60409], [8.82784, 33.58442], [8.8223, 33.56053], [8.81437, 33.55236], [8.7926, 33.56902], [8.80866, 33.59285], [8.79043, 33.61376], [8.80623, 33.62852], [8.81586, 33.62561], [8.83173, 33.64138], [8.84606, 33.64474], [8.70411, 33.68719], [8.67382, 33.70533], [8.6732, 33.7143], [8.62761, 33.71205], [8.61722, 33.71881], [8.6206, 33.7265], [8.59559, 33.72796]]]]}}, {"type": "Feature", "properties": {"adm3_pcode": "TN6352", "name": "Kebili Nord", "name_ar": "قبلي الشمالية", "id_delegation": "6352", "delegation_name": "Kebili Nord", "delegation_name_ar": "قبلي الشمالية", "governorate_name": "Kebili", "governorate_name_ar": "قبلي", "region_name": "South West", "lat": "33.86905628", "lon": "9.16919538", "area_sqkm": "1205.2916062", "n_stations": "29", "n_certified": "29", "registered": "23640", "voters": "7388", "valid": "7516", "blank": "93", "spoilt": "234", "turnout_stations": "27", "turnout_registered": "23640", "turnout_voters": "7265", "saied": "6736", "saied_share_pct": "89.6221", "saied_margin_pp": "84.4199", "zammel": "389", "zammel_share_pct": "5.1756", "zammel_margin_pp": "-84.4465", "maghzaoui": "391", "maghzaoui_share_pct": "5.2022", "maghzaoui_margin_pp": "-84.4199", "candidate_sum": "7516", "winner": "saied", "runner_up": "maghzaoui", "margin_pp": "84.4199", "turnout_pct": "30.7318", "turnout_coverage_pct": "93.1034"}, "geometry": {"type": "MultiPolygon", "coordinates": [[[[9.24747, 34.18536], [9.22999, 34.17635], [9.16069, 34.16536], [9.15975, 34.14684], [9.17233, 34.13603], [9.16195, 34.1218], [9.17853, 34.09391], [9.14766, 34.05312], [9.12954, 33.98875], [9.08816, 33.90483], [9.06288, 33.86507], [9.00198, 33.79826], [9.00429, 33.77475], [8.9932, 33.75042], [8.9523, 33.75273], [8.88065, 33.74134], [8.88465, 33.71912], [8.87571, 33.70691], [8.87475, 33.68467], [8.86626, 33.67779], [8.87338, 33.66462], [8.86568, 33.6472], [8.83173, 33.64138], [8.82362, 33.63045], [8.80623, 33.62852], [8.79043, 33.61376], [8.80866, 33.59285], [8.7926, 33.56902], [8.81437, 33.55236], [8.8223, 33.56053], [8.82784, 33.58442], [8.85064, 33.60409], [8.87253, 33.60589], [8.89644, 33.62327], [8.93829, 33.62772], [8.94461, 33.64656], [8.93797, 33.65248], [8.95009, 33.66662], [8.95236, 33.68587], [8.96968, 33.70234], [8.98414, 33.71026], [8.98852, 33.70122], [9.0415, 33.72725], [9.07566, 33.72668], [9.12966, 33.71168], [9.1767, 33.676], [9.27213, 33.64875], [9.31809, 33.64794], [9.37142, 33.6378], [9.41308, 33.66041], [9.41046, 33.69659], [9.35219, 33.70935], [9.33962, 33.73586], [9.33378, 33.77276], [9.27218, 33.87028], [9.24823, 33.92934], [9.25284, 34.03841], [9.26251, 34.05897], [9.276, 34.0657], [9.27206, 34.0732], [9.29204, 34.08739], [9.31818, 34.09124], [9.32753, 34.10651], [9.35083, 34.11308], [9.34309, 34.11964], [9.30756, 34.12482], [9.30324, 34.13316], [9.27572, 34.14098], [9.24747, 34.18536]]]]}}, {"type": "Feature", "properties": {"adm3_pcode": "TN6353", "name": "Souk El Ahed", "name_ar": "سوق الأحد", "id_delegation": "6353", "delegation_name": "Souk El Ahed", "delegation_name_ar": "سوق الأحد", "governorate_name": "Kebili", "governorate_name_ar": "قبلي", "region_name": "South West", "lat": "33.90598889", "lon": "8.80244863", "area_sqkm": "2280.83813444", "n_stations": "32", "n_certified": "32", "registered": "22939", "voters": "7392", "valid": "7332", "blank": "82", "spoilt": "196", "turnout_stations": "30", "turnout_registered": "22939", "turnout_voters": "7059", "saied": "5902", "saied_share_pct": "80.4965", "saied_margin_pp": "65.2209", "zammel": "310", "zammel_share_pct": "4.2280", "zammel_margin_pp": "-76.2684", "maghzaoui": "1120", "maghzaoui_share_pct": "15.2755", "maghzaoui_margin_pp": "-65.2209", "candidate_sum": "7332", "winner": "saied", "runner_up": "maghzaoui", "margin_pp": "65.2209", "turnout_pct": "30.7729", "turnout_coverage_pct": "93.7500"}, "geometry": {"type": "MultiPolygon", "coordinates": [[[[9.15091, 34.16668], [9.1115, 34.15941], [9.01767, 34.12235], [8.95754, 34.11586], [8.91339, 34.12213], [8.85607, 34.12099], [8.85464, 34.09938], [8.84533, 34.0952], [8.72348, 34.09479], [8.65975, 34.0824], [8.64696, 34.06046], [8.63656, 34.0564], [8.62931, 34.01949], [8.52304, 33.91127], [8.38485, 33.80486], [8.50391, 33.76268], [8.50858, 33.75624], [8.60689, 33.72469], [8.6206, 33.7265], [8.61645, 33.72049], [8.62556, 33.71244], [8.6732, 33.7143], [8.67382, 33.70533], [8.70411, 33.68719], [8.84606, 33.64474], [8.86568, 33.6472], [8.87338, 33.66462], [8.86626, 33.67779], [8.87475, 33.68467], [8.87571, 33.70691], [8.88465, 33.71912], [8.88065, 33.74134], [8.9523, 33.75273], [8.9932, 33.75042], [9.00429, 33.77475], [9.00198, 33.79826], [9.06288, 33.86507], [9.08816, 33.90483], [9.12954, 33.98875], [9.14766, 34.05312], [9.17853, 34.09391], [9.16193, 34.12189], [9.17217, 34.13751], [9.15975, 34.14684], [9.16069, 34.16536], [9.15091, 34.16668]]]]}}, {"type": "Feature", "properties": {"adm3_pcode": "TN6354", "name": "Douz Nord", "name_ar": "دوز الشمالية", "id_delegation": "6354", "delegation_name": "Douz Nord", "delegation_name_ar": "دوز الشمالية", "governorate_name": "Kebili", "governorate_name_ar": "قبلي", "region_name": "South West", "lat": "33.20279283", "lon": "9.59921421", "area_sqkm": "3458.05509078", "n_stations": "26", "n_certified": "26", "registered": "22492", "voters": "5938", "valid": "6009", "blank": "59", "spoilt": "161", "turnout_stations": "24", "turnout_registered": "22492", "turnout_voters": "5787", "saied": "5147", "saied_share_pct": "85.6549", "saied_margin_pp": "75.1706", "zammel": "630", "zammel_share_pct": "10.4843", "zammel_margin_pp": "-75.1706", "maghzaoui": "232", "maghzaoui_share_pct": "3.8609", "maghzaoui_margin_pp": "-81.7940", "candidate_sum": "6009", "winner": "saied", "runner_up": "zammel", "margin_pp": "75.1706", "turnout_pct": "25.7291", "turnout_coverage_pct": "92.3077"}, "geometry": {"type": "MultiPolygon", "coordinates": [[[[9.55568, 33.58903], [9.54058, 33.6018], [9.52899, 33.59947], [9.47875, 33.56116], [9.37189, 33.57386], [9.28655, 33.51991], [9.02298, 33.5133], [8.92492, 33.5192], [8.96072, 33.47204], [8.97533, 33.46], [8.99355, 33.45579], [8.99209, 33.44516], [9.01797, 33.44286], [9.06135, 33.39457], [9.09249, 33.37898], [9.10281, 33.38236], [9.11921, 33.37492], [9.19617, 33.31114], [9.2534, 33.25504], [9.27781, 33.21448], [9.33061, 33.15345], [9.34029, 33.13211], [9.40324, 33.07233], [9.53672, 32.99673], [9.61567, 32.9624], [9.91257, 32.80488], [9.91023, 32.81497], [9.94057, 32.81303], [9.96842, 32.8562], [9.94297, 32.88134], [9.93775, 32.89666], [9.9425, 32.91046], [9.93266, 32.92372], [9.93627, 32.93718], [9.92981, 32.94176], [9.94712, 32.95947], [9.99876, 32.9633], [10.00908, 32.97376], [9.99659, 32.99089], [9.97479, 32.99525], [9.96217, 32.99139], [9.94152, 32.99865], [9.93063, 33.00784], [9.92031, 33.03975], [9.9094, 33.0499], [9.89218, 33.05135], [9.91508, 33.07233], [9.90976, 33.08855], [9.91858, 33.14684], [9.91325, 33.1703], [9.91631, 33.19828], [9.89905, 33.21173], [9.85724, 33.20341], [9.78992, 33.21993], [9.70624, 33.28675], [9.67491, 33.32706], [9.64812, 33.35046], [9.62357, 33.42144], [9.57311, 33.44105], [9.55582, 33.46125], [9.53775, 33.46772], [9.50689, 33.49299], [9.48962, 33.49522], [9.50321, 33.50166], [9.53418, 33.49828], [9.54714, 33.5114], [9.54619, 33.52276], [9.56133, 33.55525], [9.58007, 33.56602], [9.59088, 33.58393], [9.61673, 33.59062], [9.55568, 33.58903]]]]}}, {"type": "Feature", "properties": {"adm3_pcode": "TN6355", "name": "Douz Sud", "name_ar": "دوز الجنوبية", "id_delegation": "6355", "delegation_name": "Douz Sud", "delegation_name_ar": "دوز الجنوبية", "governorate_name": "Kebili", "governorate_name_ar": "قبلي", "region_name": "South West", "lat": "33.07044601", "lon": "9.14556174", "area_sqkm": "4588.10155415", "n_stations": "16", "n_certified": "16", "registered": "14006", "voters": "4425", "valid": "4282", "blank": "43", "spoilt": "100", "turnout_stations": "16", "turnout_registered": "14006", "turnout_voters": "4425", "saied": "3905", "saied_share_pct": "91.1957", "saied_margin_pp": "86.4783", "zammel": "175", "zammel_share_pct": "4.0869", "zammel_margin_pp": "-87.1088", "maghzaoui": "202", "maghzaoui_share_pct": "4.7174", "maghzaoui_margin_pp": "-86.4783", "candidate_sum": "4282", "winner": "saied", "runner_up": "maghzaoui", "margin_pp": "86.4783", "turnout_pct": "31.5936", "turnout_coverage_pct": "100.0000"}, "geometry": {"type": "MultiPolygon", "coordinates": [[[[8.90735, 33.52882], [8.83199, 33.50827], [8.81909, 33.51058], [8.84152, 33.46738], [8.82611, 33.44486], [8.84586, 33.42401], [8.83035, 33.34605], [8.84165, 33.28949], [8.83805, 33.26108], [8.85602, 33.22977], [8.85319, 33.21516], [8.88491, 33.06856], [8.90229, 33.00046], [8.91313, 32.99782], [8.90604, 32.98842], [8.9132, 32.98133], [8.91344, 32.95656], [8.92707, 32.9393], [8.92983, 32.91014], [8.95582, 32.85853], [8.95651, 32.83881], [8.96693, 32.82158], [8.96492, 32.8063], [8.97699, 32.80281], [8.97304, 32.78101], [8.98272, 32.77956], [8.98087, 32.76339], [8.99263, 32.75873], [8.99166, 32.73475], [9.01682, 32.71737], [9.02023, 32.69811], [9.00184, 32.65935], [9.02478, 32.66037], [9.03171, 32.65417], [9.03068, 32.61316], [9.04091, 32.61077], [9.47691, 32.70545], [9.51969, 32.72493], [9.56058, 32.75459], [9.58984, 32.7605], [9.59932, 32.75558], [9.64116, 32.77662], [9.65157, 32.77341], [9.65739, 32.77987], [9.67897, 32.78255], [9.67975, 32.79219], [9.70524, 32.79984], [9.77028, 32.78646], [9.77341, 32.77004], [9.79196, 32.75635], [9.80644, 32.72246], [9.82739, 32.72643], [9.84058, 32.71456], [9.84356, 32.70132], [9.86248, 32.70006], [9.87294, 32.69023], [9.90163, 32.68098], [9.90319, 32.66746], [9.92476, 32.65064], [9.9418, 32.64473], [9.96127, 32.65081], [9.96213, 32.68374], [9.91354, 32.70642], [9.89374, 32.73042], [9.88066, 32.73565], [9.8949, 32.74005], [9.92686, 32.77071], [9.91257, 32.80488], [9.61567, 32.9624], [9.53672, 32.99673], [9.40324, 33.07233], [9.34029, 33.13211], [9.33061, 33.15345], [9.27781, 33.21448], [9.2534, 33.25504], [9.19617, 33.31114], [9.11921, 33.37492], [9.10281, 33.38236], [9.09249, 33.37898], [9.06135, 33.39457], [9.01797, 33.44286], [8.99209, 33.44516], [8.99355, 33.45579], [8.97533, 33.46], [8.96072, 33.47204], [8.9246, 33.51997], [8.90735, 33.52882]]]]}}, {"type": "Feature", "properties": {"adm3_pcode": "TN6356", "name": "Faouar", "name_ar": "فوار", "id_delegation": "6356", "delegation_name": "Faouar", "delegation_name_ar": "فوار", "governorate_name": "Kebili", "governorate_name_ar": "قبلي", "region_name": "South West", "lat": "33.14507346", "lon": "8.41668431", "area_sqkm": "9789.88769209", "n_stations": "21", "n_certified": "21", "registered": "14906", "voters": "6098", "valid": "5849", "blank": "91", "spoilt": "158", "turnout_stations": "21", "turnout_registered": "14906", "turnout_voters": "6098", "saied": "5317", "saied_share_pct": "90.9044", "saied_margin_pp": "84.9889", "zammel": "346", "zammel_share_pct": "5.9155", "zammel_margin_pp": "-84.9889", "maghzaoui": "186", "maghzaoui_share_pct": "3.1800", "maghzaoui_margin_pp": "-87.7244", "candidate_sum": "5849", "winner": "saied", "runner_up": "zammel", "margin_pp": "84.9889", "turnout_pct": "40.9097", "turnout_coverage_pct": "100.0000"}, "geometry": {"type": "MultiPolygon", "coordinates": [[[[8.42575, 33.78996], [8.38485, 33.80486], [8.32769, 33.76072], [8.23589, 33.72598], [7.87878, 33.47383], [7.85856, 33.46254], [7.74409, 33.42915], [7.74377, 33.25652], [7.79246, 33.20005], [7.82227, 33.17773], [7.89395, 33.18287], [8.05558, 33.10059], [8.11092, 33.10028], [8.07582, 33.06598], [8.32346, 32.82599], [8.35953, 32.50888], [9.04091, 32.61077], [9.02893, 32.616], [9.03171, 32.65417], [9.02478, 32.66037], [9.00184, 32.65935], [9.02023, 32.69811], [9.01682, 32.71737], [8.99166, 32.73475], [8.99263, 32.75873], [8.98087, 32.76339], [8.98272, 32.77956], [8.97304, 32.78101], [8.97699, 32.80281], [8.96492, 32.8063], [8.96693, 32.82158], [8.95651, 32.83881], [8.95582, 32.85853], [8.92983, 32.91014], [8.92707, 32.9393], [8.91344, 32.95656], [8.9132, 32.98133], [8.90604, 32.98842], [8.91313, 32.99782], [8.90229, 33.00046], [8.88491, 33.06856], [8.85319, 33.21516], [8.85602, 33.22977], [8.83805, 33.26108], [8.84165, 33.28949], [8.83035, 33.34605], [8.84586, 33.42401], [8.82611, 33.44486], [8.84152, 33.46738], [8.82585, 33.49951], [8.81909, 33.51058], [8.79202, 33.51302], [8.77575, 33.5241], [8.59559, 33.72796], [8.42575, 33.78996]]]]}}]}