pdf_path,filename,governorate,constituency,imada,pages,official_count,extracted_count,completeness_pct,is_diaspora
/Users/mohameddhiahammami/iCloud Drive (Archive)/www.isie.tn/wp-content/uploads/2024/ListesElecteurs06Juillet2024/الداخل/أريانة/0401_أريانة المدينة/أريانة الجديدة.pdf,أريانة الجديدة.pdf,أريانة,أريانة المدينة,أريانة الجديدة,120,5209,5209,100.0,0
/Users/mohameddhiahammami/iCloud Drive (Archive)/www.isie.tn/wp-content/uploads/2024/ListesElecteurs06Juillet2024/الداخل/أريانة/0401_أريانة المدينة/أريانة العليا.pdf,أريانة العليا.pdf,أريانة,أريانة المدينة,أريانة العليا,375,16430,16430,100.0,0
/Users/mohameddhiahammami/iCloud Drive (Archive)/www.isie.tn/wp-content/uploads/2024/ListesElecteurs06Juillet2024/الداخل/أريانة/0401_أريانة المدينة/أريانة المدينة.pdf,أريانة المدينة.pdf,أريانة,أريانة المدينة,أريانة المدينة,242,10593,10593,100.0,0
/Users/mohameddhiahammami/iCloud Drive (Archive)/www.isie.tn/wp-content/uploads/2024/ListesElecteurs06Juillet2024/الداخل/أريانة/0401_أريانة المدينة/التعمير.pdf,التعمير.pdf,أريانة,أريانة المدينة,التعمير,179,7805,7805,100.0,0
/Users/mohameddhiahammami/iCloud Drive (Archive)/www.isie.tn/wp-content/uploads/2024/ListesElecteurs06Juillet2024/الداخل/أريانة/0401_أريانة المدينة/المنزه الخامس.pdf,المنزه الخامس.pdf,أريانة,أريانة المدينة,المنزه الخامس,191,8318,8318,100.0,0
/Users/mohameddhiahammami/iCloud Drive (Archive)/www.isie.tn/wp-content/uploads/2024/ListesElecteurs06Juillet2024/الداخل/أريانة/0401_أريانة المدينة/المنزه السادس.pdf,المنزه السادس.pdf,أريانة,أريانة المدينة,المنزه السادس,241,10524,10524,100.0,0
/Users/mohameddhiahammami/iCloud Drive (Archive)/www.isie.tn/wp-content/uploads/2024/ListesElecteurs06Juillet2024/الداخل/أريانة/0401_أريانة المدينة/النصر 1.pdf,النصر 1.pdf,أريانة,أريانة المدينة,النصر 1,226,9874,9874,100.0,0
/Users/mohameddhiahammami/iCloud Drive (Archive)/www.isie.tn/wp-content/uploads/2024/ListesElecteurs06Juillet2024/الداخل/أريانة/0401_أريانة المدينة/النصر 2.pdf,النصر 2.pdf,أريانة,أريانة المدينة,النصر 2,492,21598,21598,100.0,0
/Users/mohameddhiahammami/iCloud Drive (Archive)/www.isie.tn/wp-content/uploads/2024/ListesElecteurs06Juillet2024/الداخل/أريانة/0401_أريانة المدينة/الياسمينة.pdf,الياسمينة.pdf,أريانة,أريانة المدينة,الياسمينة,420,18421,18421,100.0,0
/Users/mohameddhiahammami/iCloud Drive (Archive)/www.isie.tn/wp-content/uploads/2024/ListesElecteurs06Juillet2024/الداخل/أريانة/0402_المنيهلة/15 أكتوبر.pdf,15 أكتوبر.pdf,أريانة,المنيهلة,15 أكتوبر,105,4567,4567,100.0,0
/Users/mohameddhiahammami/iCloud Drive (Archive)/www.isie.tn/wp-content/uploads/2024/ListesElecteurs06Juillet2024/الداخل/أريانة/0402_المنيهلة/البساتين.pdf,البساتين.pdf,أريانة,المنيهلة,البساتين,261,11410,11410,100.0,0
/Users/mohameddhiahammami/iCloud Drive (Archive)/www.isie.tn/wp-content/uploads/2024/ListesElecteurs06Juillet2024/الداخل/أريانة/0402_المنيهلة/الرفاهة.pdf,الرفاهة.pdf,أريانة,المنيهلة,الرفاهة,293,12830,12830,100.0,0
/Users/mohameddhiahammami/iCloud Drive (Archive)/www.isie.tn/wp-content/uploads/2024/ListesElecteurs06Juillet2024/الداخل/أريانة/0402_المنيهلة/المنيهلة.pdf,المنيهلة.pdf,أريانة,المنيهلة,المنيهلة,260,11396,11396,100.0,0
/Users/mohameddhiahammami/iCloud Drive (Archive)/www.isie.tn/wp-content/uploads/2024/ListesElecteurs06Juillet2024/الداخل/أريانة/0402_المنيهلة/النصر.pdf,النصر.pdf,أريانة,المنيهلة,النصر,473,20755,20755,100.0,0
/Users/mohameddhiahammami/iCloud Drive (Archive)/www.isie.tn/wp-content/uploads/2024/ListesElecteurs06Juillet2024/الداخل/أريانة/0403_حي التضامن/18جانفي.pdf,18جانفي.pdf,أريانة,حي التضامن,18جانفي,495,21700,21700,100.0,0
/Users/mohameddhiahammami/iCloud Drive (Archive)/www.isie.tn/wp-content/uploads/2024/ListesElecteurs06Juillet2024/الداخل/أريانة/0403_حي التضامن/2مارس.pdf,2مارس.pdf,أريانة,حي التضامن,2مارس,153,6660,6660,100.0,0
/Users/mohameddhiahammami/iCloud Drive (Archive)/www.isie.tn/wp-content/uploads/2024/ListesElecteurs06Juillet2024/الداخل/أريانة/0403_حي التضامن/9أفريل.pdf,9أفريل.pdf,أريانة,حي التضامن,9أفريل,98,4227,4227,100.0,0
/Users/mohameddhiahammami/iCloud Drive (Archive)/www.isie.tn/wp-content/uploads/2024/ListesElecteurs06Juillet2024/الداخل/أريانة/0403_حي التضامن/ابن خلدون.pdf,ابن خلدون.pdf,أريانة,حي التضامن,ابن خلدون,17,680,680,100.0,0
/Users/mohameddhiahammami/iCloud Drive (Archive)/www.isie.tn/wp-content/uploads/2024/ListesElecteurs06Juillet2024/الداخل/أريانة/0403_حي التضامن/ابو القاسم الشابي.pdf,ابو القاسم الشابي.pdf,أريانة,حي التضامن,ابو القاسم الشابي,41,1743,1743,100.0,0
/Users/mohameddhiahammami/iCloud Drive (Archive)/www.isie.tn/wp-content/uploads/2024/ListesElecteurs06Juillet2024/الداخل/أريانة/0403_حي التضامن/التضامن 4.pdf,التضامن 4.pdf,أريانة,حي التضامن,التضامن 4,114,4964,4964,100.0,0
/Users/mohameddhiahammami/iCloud Drive (Archive)/www.isie.tn/wp-content/uploads/2024/ListesElecteurs06Juillet2024/الداخل/أريانة/0403_حي التضامن/المنجي سليم.pdf,المنجي سليم.pdf,أريانة,حي التضامن,المنجي سليم,106,4578,4578,100.0,0
/Users/mohameddhiahammami/iCloud Drive (Archive)/www.isie.tn/wp-content/uploads/2024/ListesElecteurs06Juillet2024/الداخل/أريانة/0403_حي التضامن/حي التضامن.pdf,حي التضامن.pdf,أريانة,حي التضامن,حي التضامن,393,17225,17225,100.0,0
/Users/mohameddhiahammami/iCloud Drive (Archive)/www.isie.tn/wp-content/uploads/2024/ListesElecteurs06Juillet2024/الداخل/أريانة/0403_حي التضامن/خير الدين باشا.pdf,خير الدين باشا.pdf,أريانة,حي التضامن,خير الدين باشا,24,981,981,100.0,0
/Users/mohameddhiahammami/iCloud Drive (Archive)/www.isie.tn/wp-content/uploads/2024/ListesElecteurs06Juillet2024/الداخل/أريانة/0404_روّاد 1/جعفر.pdf,جعفر.pdf,أريانة,روّاد 1,جعفر,368,16129,16129,100.0,0
/Users/mohameddhiahammami/iCloud Drive (Archive)/www.isie.tn/wp-content/uploads/2024/ListesElecteurs06Juillet2024/الداخل/أريانة/0404_روّاد 1/رواد.pdf,رواد.pdf,أريانة,روّاد 1,رواد,268,11726,11726,100.0,0
/Users/mohameddhiahammami/iCloud Drive (Archive)/www.isie.tn/wp-content/uploads/2024/ListesElecteurs06Juillet2024/الداخل/أريانة/0404_روّاد 1/سيدي عمر بوخطيوة.pdf,سيدي عمر بوخطيوة.pdf,أريانة,روّاد 1,سيدي عمر بوخطيوة,200,8716,8716,100.0,0
/Users/mohameddhiahammami/iCloud Drive (Archive)/www.isie.tn/wp-content/uploads/2024/ListesElecteurs06Juillet2024/الداخل/أريانة/0405_روّاد 2/الغزالة.pdf,الغزالة.pdf,أريانة,روّاد 2,الغزالة,311,13624,13624,100.0,0
/Users/mohameddhiahammami/iCloud Drive (Archive)/www.isie.tn/wp-content/uploads/2024/ListesElecteurs06Juillet2024/الداخل/أريانة/0405_روّاد 2/المدينة الفاضلة.pdf,المدينة الفاضلة.pdf,أريانة,روّاد 2,المدينة الفاضلة,156,6815,6815,100.0,0
/Users/mohameddhiahammami/iCloud Drive (Archive)/www.isie.tn/wp-content/uploads/2024/ListesElecteurs06Juillet2024/الداخل/أريانة/0405_روّاد 2/النخيلات.pdf,النخيلات.pdf,أريانة,روّاد 2,النخيلات,317,13867,13867,100.0,0
/Users/mohameddhiahammami/iCloud Drive (Archive)/www.isie.tn/wp-content/uploads/2024/ListesElecteurs06Juillet2024/الداخل/أريانة/0405_روّاد 2/برج الطويل.pdf,برج الطويل.pdf,أريانة,روّاد 2,برج الطويل,186,8136,8136,100.0,0
/Users/mohameddhiahammami/iCloud Drive (Archive)/www.isie.tn/wp-content/uploads/2024/ListesElecteurs06Juillet2024/الداخل/أريانة/0406_سكرة 1/البساتين.pdf,البساتين.pdf,أريانة,سكرة 1,البساتين,95,4103,4103,100.0,0
/Users/mohameddhiahammami/iCloud Drive (Archive)/www.isie.tn/wp-content/uploads/2024/ListesElecteurs06Juillet2024/الداخل/أريانة/0406_سكرة 1/دار فضال.pdf,دار فضال.pdf,أريانة,سكرة 1,دار فضال,314,13734,13734,100.0,0
/Users/mohameddhiahammami/iCloud Drive (Archive)/www.isie.tn/wp-content/uploads/2024/ListesElecteurs06Juillet2024/الداخل/أريانة/0406_سكرة 1/سكرة.pdf,سكرة.pdf,أريانة,سكرة 1,سكرة,456,19977,19977,100.0,0
/Users/mohameddhiahammami/iCloud Drive (Archive)/www.isie.tn/wp-content/uploads/2024/ListesElecteurs06Juillet2024/الداخل/أريانة/0406_سكرة 1/شطرانة.pdf,شطرانة.pdf,أريانة,سكرة 1,شطرانة,185,8093,8093,100.0,0
/Users/mohameddhiahammami/iCloud Drive (Archive)/www.isie.tn/wp-content/uploads/2024/ListesElecteurs06Juillet2024/الداخل/أريانة/0407_سكرة 2/التعمير الخامس.pdf,التعمير الخامس.pdf,أريانة,سكرة 2,التعمير الخامس,335,14675,14675,100.0,0
/Users/mohameddhiahammami/iCloud Drive (Archive)/www.isie.tn/wp-content/uploads/2024/ListesElecteurs06Juillet2024/الداخل/أريانة/0407_سكرة 2/النسيم.pdf,النسيم.pdf,أريانة,سكرة 2,النسيم,438,19228,19228,100.0,0
/Users/mohameddhiahammami/iCloud Drive (Archive)/www.isie.tn/wp-content/uploads/2024/ListesElecteurs06Juillet2024/الداخل/أريانة/0407_سكرة 2/برج الوزير.pdf,برج الوزير.pdf,أريانة,سكرة 2,برج الوزير,202,8805,8805,100.0,0
/Users/mohameddhiahammami/iCloud Drive (Archive)/www.isie.tn/wp-content/uploads/2024/ListesElecteurs06Juillet2024/الداخل/أريانة/0408_قلعة الأندلس - سيدي ثابت/الحسيان.pdf,الحسيان.pdf,أريانة,قلعة الأندلس - سيدي ثابت,الحسيان,14,537,537,100.0,0
/Users/mohameddhiahammami/iCloud Drive (Archive)/www.isie.tn/wp-content/uploads/2024/ListesElecteurs06Juillet2024/الداخل/أريانة/0408_قلعة الأندلس - سيدي ثابت/المنجي سليم.pdf,المنجي سليم.pdf,أريانة,قلعة الأندلس - سيدي ثابت,المنجي سليم,69,2969,2969,100.0,0
/Users/mohameddhiahammami/iCloud Drive (Archive)/www.isie.tn/wp-content/uploads/2024/ListesElecteurs06Juillet2024/الداخل/أريانة/0408_قلعة الأندلس - سيدي ثابت/النحلي.pdf,النحلي.pdf,أريانة,قلعة الأندلس - سيدي ثابت,النحلي,33,1380,1380,100.0,0
/Users/mohameddhiahammami/iCloud Drive (Archive)/www.isie.tn/wp-content/uploads/2024/ListesElecteurs06Juillet2024/الداخل/أريانة/0408_قلعة الأندلس - سيدي ثابت/بجاوة.pdf,بجاوة.pdf,أريانة,قلعة الأندلس - سيدي ثابت,بجاوة,51,2194,2194,100.0,0
/Users/mohameddhiahammami/iCloud Drive (Archive)/www.isie.tn/wp-content/uploads/2024/ListesElecteurs06Juillet2024/الداخل/أريانة/0408_قلعة الأندلس - سيدي ثابت/بوحنش.pdf,بوحنش.pdf,أريانة,قلعة الأندلس - سيدي ثابت,بوحنش,36,1522,1522,100.0,0
/Users/mohameddhiahammami/iCloud Drive (Archive)/www.isie.tn/wp-content/uploads/2024/ListesElecteurs06Juillet2024/الداخل/أريانة/0408_قلعة الأندلس - سيدي ثابت/سبالة بن عمار.pdf,سبالة بن عمار.pdf,أريانة,قلعة الأندلس - سيدي ثابت,سبالة بن عمار,100,4346,4346,100.0,0
/Users/mohameddhiahammami/iCloud Drive (Archive)/www.isie.tn/wp-content/uploads/2024/ListesElecteurs06Juillet2024/الداخل/أريانة/0408_قلعة الأندلس - سيدي ثابت/سيدي ثابت.pdf,سيدي ثابت.pdf,أريانة,قلعة الأندلس - سيدي ثابت,سيدي ثابت,163,7118,7118,100.0,0
/Users/mohameddhiahammami/iCloud Drive (Archive)/www.isie.tn/wp-content/uploads/2024/ListesElecteurs06Juillet2024/الداخل/أريانة/0408_قلعة الأندلس - سيدي ثابت/شرفش.pdf,شرفش.pdf,أريانة,قلعة الأندلس - سيدي ثابت,شرفش,59,2528,2528,100.0,0
/Users/mohameddhiahammami/iCloud Drive (Archive)/www.isie.tn/wp-content/uploads/2024/ListesElecteurs06Juillet2024/الداخل/أريانة/0408_قلعة الأندلس - سيدي ثابت/قلعة الاندلس  الشرقية.pdf,قلعة الاندلس  الشرقية.pdf,أريانة,قلعة الأندلس - سيدي ثابت,قلعة الاندلس الشرقية,184,8050,8050,100.0,0
/Users/mohameddhiahammami/iCloud Drive (Archive)/www.isie.tn/wp-content/uploads/2024/ListesElecteurs06Juillet2024/الداخل/أريانة/0408_قلعة الأندلس - سيدي ثابت/قلعة الاندلس الغربية.pdf,قلعة الاندلس الغربية.pdf,أريانة,قلعة الأندلس - سيدي ثابت,قلعة الاندلس الغربية,158,6896,6896,100.0,0
/Users/mohameddhiahammami/iCloud Drive (Archive)/www.isie.tn/wp-content/uploads/2024/ListesElecteurs06Juillet2024/الداخل/أريانة/0408_قلعة الأندلس - سيدي ثابت/قنطرة بنزرت.pdf,قنطرة بنزرت.pdf,أريانة,قلعة الأندلس - سيدي ثابت,قنطرة بنزرت,54,2290,2290,100.0,0
/Users/mohameddhiahammami/iCloud Drive (Archive)/www.isie.tn/wp-content/uploads/2024/ListesElecteurs06Juillet2024/الداخل/القصرين/1501_القصرين الجنوبية - حاسي الفريد/الدغرة.pdf,الدغرة.pdf,القصرين,القصرين الجنوبية - حاسي الفريد,الدغرة,37,1563,1563,100.0,0
/Users/mohameddhiahammami/iCloud Drive (Archive)/www.isie.tn/wp-content/uploads/2024/ListesElecteurs06Juillet2024/الداخل/القصرين/1501_القصرين الجنوبية - حاسي الفريد/السلوم.pdf,السلوم.pdf,القصرين,القصرين الجنوبية - حاسي الفريد,السلوم,42,1768,1768,100.0,0
/Users/mohameddhiahammami/iCloud Drive (Archive)/www.isie.tn/wp-content/uploads/2024/ListesElecteurs06Juillet2024/الداخل/القصرين/1501_القصرين الجنوبية - حاسي الفريد/العويجة.pdf,العويجة.pdf,القصرين,القصرين الجنوبية - حاسي الفريد,العويجة,62,2675,2675,100.0,0
/Users/mohameddhiahammami/iCloud Drive (Archive)/www.isie.tn/wp-content/uploads/2024/ListesElecteurs06Juillet2024/الداخل/القصرين/1501_القصرين الجنوبية - حاسي الفريد/الكامور.pdf,الكامور.pdf,القصرين,القصرين الجنوبية - حاسي الفريد,الكامور,123,5365,5365,100.0,0
/Users/mohameddhiahammami/iCloud Drive (Archive)/www.isie.tn/wp-content/uploads/2024/ListesElecteurs06Juillet2024/الداخل/القصرين/1501_القصرين الجنوبية - حاسي الفريد/الهشيم.pdf,الهشيم.pdf,القصرين,القصرين الجنوبية - حاسي الفريد,الهشيم,36,1522,1522,100.0,0
/Users/mohameddhiahammami/iCloud Drive (Archive)/www.isie.tn/wp-content/uploads/2024/ListesElecteurs06Juillet2024/الداخل/القصرين/1501_القصرين الجنوبية - حاسي الفريد/بوزقام.pdf,بوزقام.pdf,القصرين,القصرين الجنوبية - حاسي الفريد,بوزقام,171,7475,7475,100.0,0
/Users/mohameddhiahammami/iCloud Drive (Archive)/www.isie.tn/wp-content/uploads/2024/ListesElecteurs06Juillet2024/الداخل/القصرين/1501_القصرين الجنوبية - حاسي الفريد/بولهيجات.pdf,بولهيجات.pdf,القصرين,القصرين الجنوبية - حاسي الفريد,بولهيجات,37,1562,1562,100.0,0
/Users/mohameddhiahammami/iCloud Drive (Archive)/www.isie.tn/wp-content/uploads/2024/ListesElecteurs06Juillet2024/الداخل/القصرين/1501_القصرين الجنوبية - حاسي الفريد/حاسي الفريد.pdf,حاسي الفريد.pdf,القصرين,القصرين الجنوبية - حاسي الفريد,حاسي الفريد,119,5163,5163,100.0,0
/Users/mohameddhiahammami/iCloud Drive (Archive)/www.isie.tn/wp-content/uploads/2024/ListesElecteurs06Juillet2024/الداخل/القصرين/1501_القصرين الجنوبية - حاسي الفريد/خنقة الجازية.pdf,خنقة الجازية.pdf,القصرين,القصرين الجنوبية - حاسي الفريد,خنقة الجازية,40,1692,1692,100.0,0
/Users/mohameddhiahammami/iCloud Drive (Archive)/www.isie.tn/wp-content/uploads/2024/ListesElecteurs06Juillet2024/الداخل/القصرين/1501_القصرين الجنوبية - حاسي الفريد/سيدي حراث.pdf,سيدي حراث.pdf,القصرين,القصرين الجنوبية - حاسي الفريد,سيدي حراث,26,1083,1083,100.0,0
/Users/mohameddhiahammami/iCloud Drive (Archive)/www.isie.tn/wp-content/uploads/2024/ListesElecteurs06Juillet2024/الداخل/القصرين/1501_القصرين الجنوبية - حاسي الفريد/مقدودش.pdf,مقدودش.pdf,القصرين,القصرين الجنوبية - حاسي الفريد,مقدودش,61,2601,2601,100.0,0
/Users/mohameddhiahammami/iCloud Drive (Archive)/www.isie.tn/wp-content/uploads/2024/ListesElecteurs06Juillet2024/الداخل/القصرين/1502_القصرين الشمالية - الزهور/البساتين.pdf,البساتين.pdf,القصرين,القصرين الشمالية - الزهور,البساتين,397,17398,17398,100.0,0
/Users/mohameddhiahammami/iCloud Drive (Archive)/www.isie.tn/wp-content/uploads/2024/ListesElecteurs06Juillet2024/الداخل/القصرين/1502_القصرين الشمالية - الزهور/الخضراء.pdf,الخضراء.pdf,القصرين,القصرين الشمالية - الزهور,الخضراء,80,3451,3451,100.0,0
/Users/mohameddhiahammami/iCloud Drive (Archive)/www.isie.tn/wp-content/uploads/2024/ListesElecteurs06Juillet2024/الداخل/القصرين/1502_القصرين الشمالية - الزهور/الزهور الشرقي 1.pdf,الزهور الشرقي 1.pdf,القصرين,القصرين الشمالية - الزهور,الزهور الشرقي 1,21,864,864,100.0,0
/Users/mohameddhiahammami/iCloud Drive (Archive)/www.isie.tn/wp-content/uploads/2024/ListesElecteurs06Juillet2024/الداخل/القصرين/1502_القصرين الشمالية - الزهور/الزهور الشرقي 2.pdf,الزهور الشرقي 2.pdf,القصرين,القصرين الشمالية - الزهور,الزهور الشرقي 2,59,2542,2542,100.0,0
/Users/mohameddhiahammami/iCloud Drive (Archive)/www.isie.tn/wp-content/uploads/2024/ListesElecteurs06Juillet2024/الداخل/القصرين/1502_القصرين الشمالية - الزهور/الزهور الغربي 1.pdf,الزهور الغربي 1.pdf,القصرين,القصرين الشمالية - الزهور,الزهور الغربي 1,31,1317,1317,100.0,0
/Users/mohameddhiahammami/iCloud Drive (Archive)/www.isie.tn/wp-content/uploads/2024/ListesElecteurs06Juillet2024/الداخل/القصرين/1502_القصرين الشمالية - الزهور/الزهور الغربي 2.pdf,الزهور الغربي 2.pdf,القصرين,القصرين الشمالية - الزهور,الزهور الغربي 2,65,2800,2800,100.0,0
/Users/mohameddhiahammami/iCloud Drive (Archive)/www.isie.tn/wp-content/uploads/2024/ListesElecteurs06Juillet2024/الداخل/القصرين/1502_القصرين الشمالية - الزهور/الزهور الغربي 3.pdf,الزهور الغربي 3.pdf,القصرين,القصرين الشمالية - الزهور,الزهور الغربي 3,239,10469,10469,100.0,0
/Users/mohameddhiahammami/iCloud Drive (Archive)/www.isie.tn/wp-content/uploads/2024/ListesElecteurs06Juillet2024/الداخل/القصرين/1502_القصرين الشمالية - الزهور/الزهور الغربي 4.pdf,الزهور الغربي 4.pdf,القصرين,القصرين الشمالية - الزهور,الزهور الغربي 4,53,2254,2254,100.0,0
/Users/mohameddhiahammami/iCloud Drive (Archive)/www.isie.tn/wp-content/uploads/2024/ListesElecteurs06Juillet2024/الداخل/القصرين/1502_القصرين الشمالية - الزهور/العريش.pdf,العريش.pdf,القصرين,القصرين الشمالية - الزهور,العريش,49,2069,2069,100.0,0
/Users/mohameddhiahammami/iCloud Drive (Archive)/www.isie.tn/wp-content/uploads/2024/ListesElecteurs06Juillet2024/الداخل/القصرين/1502_القصرين الشمالية - الزهور/النور الشرقي.pdf,النور الشرقي.pdf,القصرين,القصرين الشمالية - الزهور,النور الشرقي,594,26069,26069,100.0,0
/Users/mohameddhiahammami/iCloud Drive (Archive)/www.isie.tn/wp-content/uploads/2024/ListesElecteurs06Juillet2024/الداخل/القصرين/1502_القصرين الشمالية - الزهور/النور الغربي.pdf,النور الغربي.pdf,القصرين,القصرين الشمالية - الزهور,النور الغربي,171,7467,7467,100.0,0
/Users/mohameddhiahammami/iCloud Drive (Archive)/www.isie.tn/wp-content/uploads/2024/ListesElecteurs06Juillet2024/الداخل/القصرين/1502_القصرين الشمالية - الزهور/بولعابة.pdf,بولعابة.pdf,القصرين,القصرين الشمالية - الزهور,بولعابة,53,2282,2282,100.0,0
/Users/mohameddhiahammami/iCloud Drive (Archive)/www.isie.tn/wp-content/uploads/2024/ListesElecteurs06Juillet2024/الداخل/القصرين/1503_تالة - حيدرة - فوسانة/أفران.pdf,أفران.pdf,القصرين,تالة - حيدرة - فوسانة,أفران,37,1551,1551,100.0,0
/Users/mohameddhiahammami/iCloud Drive (Archive)/www.isie.tn/wp-content/uploads/2024/ListesElecteurs06Juillet2024/الداخل/القصرين/1503_تالة - حيدرة - فوسانة/أولاد محفوظ.pdf,أولاد محفوظ.pdf,القصرين,تالة - حيدرة - فوسانة,أولاد محفوظ,55,2370,2370,100.0,0
/Users/mohameddhiahammami/iCloud Drive (Archive)/www.isie.tn/wp-content/uploads/2024/ListesElecteurs06Juillet2024/الداخل/القصرين/1503_تالة - حيدرة - فوسانة/الأجرد.pdf,الأجرد.pdf,القصرين,تالة - حيدرة - فوسانة,الأجرد,15,597,597,100.0,0
/Users/mohameddhiahammami/iCloud Drive (Archive)/www.isie.tn/wp-content/uploads/2024/ListesElecteurs06Juillet2024/الداخل/القصرين/1503_تالة - حيدرة - فوسانة/البريكة.pdf,البريكة.pdf,القصرين,تالة - حيدرة - فوسانة,البريكة,30,1235,1235,100.0,0
/Users/mohameddhiahammami/iCloud Drive (Archive)/www.isie.tn/wp-content/uploads/2024/ListesElecteurs06Juillet2024/الداخل/القصرين/1503_تالة - حيدرة - فوسانة/الجوي.pdf,الجوي.pdf,القصرين,تالة - حيدرة - فوسانة,الجوي,36,1539,1539,100.0,0
/Users/mohameddhiahammami/iCloud Drive (Archive)/www.isie.tn/wp-content/uploads/2024/ListesElecteurs06Juillet2024/الداخل/القصرين/1503_تالة - حيدرة - فوسانة/الحازة.pdf,الحازة.pdf,القصرين,تالة - حيدرة - فوسانة,الحازة,26,1063,1063,100.0,0
/Users/mohameddhiahammami/iCloud Drive (Archive)/www.isie.tn/wp-content/uploads/2024/ListesElecteurs06Juillet2024/الداخل/القصرين/1503_تالة - حيدرة - فوسانة/الحماد.pdf,الحماد.pdf,القصرين,تالة - حيدرة - فوسانة,الحماد,24,1007,1007,100.0,0
/Users/mohameddhiahammami/iCloud Drive (Archive)/www.isie.tn/wp-content/uploads/2024/ListesElecteurs06Juillet2024/الداخل/القصرين/1503_تالة - حيدرة - فوسانة/الدشرة.pdf,الدشرة.pdf,القصرين,تالة - حيدرة - فوسانة,الدشرة,31,1318,1318,100.0,0
/Users/mohameddhiahammami/iCloud Drive (Archive)/www.isie.tn/wp-content/uploads/2024/ListesElecteurs06Juillet2024/الداخل/القصرين/1503_تالة - حيدرة - فوسانة/الرطيبات.pdf,الرطيبات.pdf,القصرين,تالة - حيدرة - فوسانة,الرطيبات,46,1973,1973,100.0,0
/Users/mohameddhiahammami/iCloud Drive (Archive)/www.isie.tn/wp-content/uploads/2024/ListesElecteurs06Juillet2024/الداخل/القصرين/1503_تالة - حيدرة - فوسانة/الشافعي.pdf,الشافعي.pdf,القصرين,تالة - حيدرة - فوسانة,الشافعي,15,609,609,100.0,0
/Users/mohameddhiahammami/iCloud Drive (Archive)/www.isie.tn/wp-content/uploads/2024/ListesElecteurs06Juillet2024/الداخل/القصرين/1503_تالة - حيدرة - فوسانة/الصري.pdf,الصري.pdf,القصرين,تالة - حيدرة - فوسانة,الصري,8,272,272,100.0,0
/Users/mohameddhiahammami/iCloud Drive (Archive)/www.isie.tn/wp-content/uploads/2024/ListesElecteurs06Juillet2024/الداخل/القصرين/1503_تالة - حيدرة - فوسانة/الطباقة.pdf,الطباقة.pdf,القصرين,تالة - حيدرة - فوسانة,الطباقة,29,1206,1206,100.0,0
/Users/mohameddhiahammami/iCloud Drive (Archive)/www.isie.tn/wp-content/uploads/2024/ListesElecteurs06Juillet2024/الداخل/القصرين/1503_تالة - حيدرة - فوسانة/العذيرة.pdf,العذيرة.pdf,القصرين,تالة - حيدرة - فوسانة,العذيرة,43,1819,1819,100.0,0
/Users/mohameddhiahammami/iCloud Drive (Archive)/www.isie.tn/wp-content/uploads/2024/ListesElecteurs06Juillet2024/الداخل/القصرين/1503_تالة - حيدرة - فوسانة/المزيرعة.pdf,المزيرعة.pdf,القصرين,تالة - حيدرة - فوسانة,المزيرعة,51,2184,2184,100.0,0
/Users/mohameddhiahammami/iCloud Drive (Archive)/www.isie.tn/wp-content/uploads/2024/ListesElecteurs06Juillet2024/الداخل/القصرين/1503_تالة - حيدرة - فوسانة/المكيمن.pdf,المكيمن.pdf,القصرين,تالة - حيدرة - فوسانة,المكيمن,13,525,525,100.0,0
/Users/mohameddhiahammami/iCloud Drive (Archive)/www.isie.tn/wp-content/uploads/2024/ListesElecteurs06Juillet2024/الداخل/القصرين/1503_تالة - حيدرة - فوسانة/برماجنة.pdf,برماجنة.pdf,القصرين,تالة - حيدرة - فوسانة,برماجنة,12,483,483,100.0,0
/Users/mohameddhiahammami/iCloud Drive (Archive)/www.isie.tn/wp-content/uploads/2024/ListesElecteurs06Juillet2024/الداخل/القصرين/1503_تالة - حيدرة - فوسانة/بو الاحناش.pdf,بو الاحناش.pdf,القصرين,تالة - حيدرة - فوسانة,بو الاحناش,18,743,743,100.0,0
/Users/mohameddhiahammami/iCloud Drive (Archive)/www.isie.tn/wp-content/uploads/2024/ListesElecteurs06Juillet2024/الداخل/القصرين/1503_تالة - حيدرة - فوسانة/بودرياس.pdf,بودرياس.pdf,القصرين,تالة - حيدرة - فوسانة,بودرياس,53,2259,2259,100.0,0
/Users/mohameddhiahammami/iCloud Drive (Archive)/www.isie.tn/wp-content/uploads/2024/ListesElecteurs06Juillet2024/الداخل/القصرين/1503_تالة - حيدرة - فوسانة/تالة الشرقية.pdf,تالة الشرقية.pdf,القصرين,تالة - حيدرة - فوسانة,تالة الشرقية,121,5274,5274,100.0,0
/Users/mohameddhiahammami/iCloud Drive (Archive)/www.isie.tn/wp-content/uploads/2024/ListesElecteurs06Juillet2024/الداخل/القصرين/1503_تالة - حيدرة - فوسانة/تالة الغربية.pdf,تالة الغربية.pdf,القصرين,تالة - حيدرة - فوسانة,تالة الغربية,171,7437,7437,100.0,0
/Users/mohameddhiahammami/iCloud Drive (Archive)/www.isie.tn/wp-content/uploads/2024/ListesElecteurs06Juillet2024/الداخل/القصرين/1503_تالة - حيدرة - فوسانة/حيدرة.pdf,حيدرة.pdf,القصرين,تالة - حيدرة - فوسانة,حيدرة,77,3342,3342,100.0,0
/Users/mohameddhiahammami/iCloud Drive (Archive)/www.isie.tn/wp-content/uploads/2024/ListesElecteurs06Juillet2024/الداخل/القصرين/1503_تالة - حيدرة - فوسانة/خمودة الجنوبية.pdf,خمودة الجنوبية.pdf,القصرين,تالة - حيدرة - فوسانة,خمودة الجنوبية,50,2146,2146,100.0,0
/Users/mohameddhiahammami/iCloud Drive (Archive)/www.isie.tn/wp-content/uploads/2024/ListesElecteurs06Juillet2024/الداخل/القصرين/1503_تالة - حيدرة - فوسانة/خمودة الشمالية.pdf,خمودة الشمالية.pdf,القصرين,تالة - حيدرة - فوسانة,خمودة الشمالية,89,3856,3856,100.0,0
/Users/mohameddhiahammami/iCloud Drive (Archive)/www.isie.tn/wp-content/uploads/2024/ListesElecteurs06Juillet2024/الداخل/القصرين/1503_تالة - حيدرة - فوسانة/زلفان.pdf,زلفان.pdf,القصرين,تالة - حيدرة - فوسانة,زلفان,51,2157,2157,100.0,0
/Users/mohameddhiahammami/iCloud Drive (Archive)/www.isie.tn/wp-content/uploads/2024/ListesElecteurs06Juillet2024/الداخل/القصرين/1503_تالة - حيدرة - فوسانة/سيدي محمد.pdf,سيدي محمد.pdf,القصرين,تالة - حيدرة - فوسانة,سيدي محمد,17,668,668,100.0,0
/Users/mohameddhiahammami/iCloud Drive (Archive)/www.isie.tn/wp-content/uploads/2024/ListesElecteurs06Juillet2024/الداخل/القصرين/1503_تالة - حيدرة - فوسانة/عين الجديدة.pdf,عين الجديدة.pdf,القصرين,تالة - حيدرة - فوسانة,عين الجديدة,65,2782,2782,100.0,0
/Users/mohameddhiahammami/iCloud Drive (Archive)/www.isie.tn/wp-content/uploads/2024/ListesElecteurs06Juillet2024/الداخل/القصرين/1503_تالة - حيدرة - فوسانة/عين الجنان.pdf,عين الجنان.pdf,القصرين,تالة - حيدرة - فوسانة,عين الجنان,29,1196,1196,100.0,0
/Users/mohameddhiahammami/iCloud Drive (Archive)/www.isie.tn/wp-content/uploads/2024/ListesElecteurs06Juillet2024/الداخل/القصرين/1503_تالة - حيدرة - فوسانة/عين الدفلة.pdf,عين الدفلة.pdf,القصرين,تالة - حيدرة - فوسانة,عين الدفلة,19,767,767,100.0,0
/Users/mohameddhiahammami/iCloud Drive (Archive)/www.isie.tn/wp-content/uploads/2024/ListesElecteurs06Juillet2024/الداخل/القصرين/1503_تالة - حيدرة - فوسانة/فوسانة.pdf,فوسانة.pdf,القصرين,تالة - حيدرة - فوسانة,فوسانة,251,10968,10968,100.0,0
/Users/mohameddhiahammami/iCloud Drive (Archive)/www.isie.tn/wp-content/uploads/2024/ListesElecteurs06Juillet2024/الداخل/القصرين/1503_تالة - حيدرة - فوسانة/فوسانة الأحواز.pdf,فوسانة الأحواز.pdf,القصرين,تالة - حيدرة - فوسانة,فوسانة الأحواز,59,2547,2547,100.0,0
/Users/mohameddhiahammami/iCloud Drive (Archive)/www.isie.tn/wp-content/uploads/2024/ListesElecteurs06Juillet2024/الداخل/القصرين/1503_تالة - حيدرة - فوسانة/وادي الرشح.pdf,وادي الرشح.pdf,القصرين,تالة - حيدرة - فوسانة,وادي الرشح,16,645,645,100.0,0
/Users/mohameddhiahammami/iCloud Drive (Archive)/www.isie.tn/wp-content/uploads/2024/ListesElecteurs06Juillet2024/الداخل/القصرين/1503_تالة - حيدرة - فوسانة/ولجة الظل.pdf,ولجة الظل.pdf,القصرين,تالة - حيدرة - فوسانة,ولجة الظل,19,764,764,100.0,0
/Users/mohameddhiahammami/iCloud Drive (Archive)/www.isie.tn/wp-content/uploads/2024/ListesElecteurs06Juillet2024/الداخل/القصرين/1504_سبيبة - جدليان - العيون/إبراهيم الزهار.pdf,إبراهيم الزهار.pdf,القصرين,سبيبة - جدليان - العيون,إبراهيم الزهار,96,4168,4168,100.0,0
/Users/mohameddhiahammami/iCloud Drive (Archive)/www.isie.tn/wp-content/uploads/2024/ListesElecteurs06Juillet2024/الداخل/القصرين/1504_سبيبة - جدليان - العيون/الأحواز.pdf,الأحواز.pdf,القصرين,سبيبة - جدليان - العيون,الأحواز,130,5674,5674,100.0,0
/Users/mohameddhiahammami/iCloud Drive (Archive)/www.isie.tn/wp-content/uploads/2024/ListesElecteurs06Juillet2024/الداخل/القصرين/1504_سبيبة - جدليان - العيون/البرك.pdf,البرك.pdf,القصرين,سبيبة - جدليان - العيون,البرك,61,2631,2631,100.0,0
/Users/mohameddhiahammami/iCloud Drive (Archive)/www.isie.tn/wp-content/uploads/2024/ListesElecteurs06Juillet2024/الداخل/القصرين/1504_سبيبة - جدليان - العيون/البواجر.pdf,البواجر.pdf,القصرين,سبيبة - جدليان - العيون,البواجر,34,1445,1445,100.0,0
/Users/mohameddhiahammami/iCloud Drive (Archive)/www.isie.tn/wp-content/uploads/2024/ListesElecteurs06Juillet2024/الداخل/القصرين/1504_سبيبة - جدليان - العيون/الثماد.pdf,الثماد.pdf,القصرين,سبيبة - جدليان - العيون,الثماد,57,2441,2441,100.0,0
/Users/mohameddhiahammami/iCloud Drive (Archive)/www.isie.tn/wp-content/uploads/2024/ListesElecteurs06Juillet2024/الداخل/القصرين/1504_سبيبة - جدليان - العيون/العيون.pdf,العيون.pdf,القصرين,سبيبة - جدليان - العيون,العيون,81,3486,3486,100.0,0
/Users/mohameddhiahammami/iCloud Drive (Archive)/www.isie.tn/wp-content/uploads/2024/ListesElecteurs06Juillet2024/الداخل/القصرين/1504_سبيبة - جدليان - العيون/القرين.pdf,القرين.pdf,القصرين,سبيبة - جدليان - العيون,القرين,79,3427,3427,100.0,0
/Users/mohameddhiahammami/iCloud Drive (Archive)/www.isie.tn/wp-content/uploads/2024/ListesElecteurs06Juillet2024/الداخل/القصرين/1504_سبيبة - جدليان - العيون/توشة.pdf,توشة.pdf,القصرين,سبيبة - جدليان - العيون,توشة,63,2722,2722,100.0,0
/Users/mohameddhiahammami/iCloud Drive (Archive)/www.isie.tn/wp-content/uploads/2024/ListesElecteurs06Juillet2024/الداخل/القصرين/1504_سبيبة - جدليان - العيون/جدليان.pdf,جدليان.pdf,القصرين,سبيبة - جدليان - العيون,جدليان,130,5674,5674,100.0,0
/Users/mohameddhiahammami/iCloud Drive (Archive)/www.isie.tn/wp-content/uploads/2024/ListesElecteurs06Juillet2024/الداخل/القصرين/1504_سبيبة - جدليان - العيون/سبيبة.pdf,سبيبة.pdf,القصرين,سبيبة - جدليان - العيون,سبيبة,260,11370,11370,100.0,0
/Users/mohameddhiahammami/iCloud Drive (Archive)/www.isie.tn/wp-content/uploads/2024/ListesElecteurs06Juillet2024/الداخل/القصرين/1504_سبيبة - جدليان - العيون/عين أم الجدور.pdf,عين أم الجدور.pdf,القصرين,سبيبة - جدليان - العيون,عين أم الجدور,27,1116,1116,100.0,0
/Users/mohameddhiahammami/iCloud Drive (Archive)/www.isie.tn/wp-content/uploads/2024/ListesElecteurs06Juillet2024/الداخل/القصرين/1504_سبيبة - جدليان - العيون/عين الحمادنة.pdf,عين الحمادنة.pdf,القصرين,سبيبة - جدليان - العيون,عين الحمادنة,22,920,920,100.0,0
/Users/mohameddhiahammami/iCloud Drive (Archive)/www.isie.tn/wp-content/uploads/2024/ListesElecteurs06Juillet2024/الداخل/القصرين/1504_سبيبة - جدليان - العيون/عين الخمائسية.pdf,عين الخمائسية.pdf,القصرين,سبيبة - جدليان - العيون,عين الخمائسية,108,4702,4702,100.0,0
/Users/mohameddhiahammami/iCloud Drive (Archive)/www.isie.tn/wp-content/uploads/2024/ListesElecteurs06Juillet2024/الداخل/القصرين/1504_سبيبة - جدليان - العيون/عين السلسلة.pdf,عين السلسلة.pdf,القصرين,سبيبة - جدليان - العيون,عين السلسلة,25,1048,1048,100.0,0
/Users/mohameddhiahammami/iCloud Drive (Archive)/www.isie.tn/wp-content/uploads/2024/ListesElecteurs06Juillet2024/الداخل/القصرين/1504_سبيبة - جدليان - العيون/عين زيان.pdf,عين زيان.pdf,القصرين,سبيبة - جدليان - العيون,عين زيان,78,3347,3347,100.0,0
/Users/mohameddhiahammami/iCloud Drive (Archive)/www.isie.tn/wp-content/uploads/2024/ListesElecteurs06Juillet2024/الداخل/القصرين/1504_سبيبة - جدليان - العيون/فج تربح.pdf,فج تربح.pdf,القصرين,سبيبة - جدليان - العيون,فج تربح,40,1682,1682,100.0,0
/Users/mohameddhiahammami/iCloud Drive (Archive)/www.isie.tn/wp-content/uploads/2024/ListesElecteurs06Juillet2024/الداخل/القصرين/1504_سبيبة - جدليان - العيون/محرزة.pdf,محرزة.pdf,القصرين,سبيبة - جدليان - العيون,محرزة,17,690,690,100.0,0
/Users/mohameddhiahammami/iCloud Drive (Archive)/www.isie.tn/wp-content/uploads/2024/ListesElecteurs06Juillet2024/الداخل/القصرين/1504_سبيبة - جدليان - العيون/وادي الحطب.pdf,وادي الحطب.pdf,القصرين,سبيبة - جدليان - العيون,وادي الحطب,75,3213,3213,100.0,0
/Users/mohameddhiahammami/iCloud Drive (Archive)/www.isie.tn/wp-content/uploads/2024/ListesElecteurs06Juillet2024/الداخل/القصرين/1505_سبيطلة/الآثار.pdf,الآثار.pdf,القصرين,سبيطلة,الآثار,79,3419,3419,100.0,0
/Users/mohameddhiahammami/iCloud Drive (Archive)/www.isie.tn/wp-content/uploads/2024/ListesElecteurs06Juillet2024/الداخل/القصرين/1505_سبيطلة/الخضراء.pdf,الخضراء.pdf,القصرين,سبيطلة,الخضراء,84,3646,3646,100.0,0
/Users/mohameddhiahammami/iCloud Drive (Archive)/www.isie.tn/wp-content/uploads/2024/ListesElecteurs06Juillet2024/الداخل/القصرين/1505_سبيطلة/الدولاب.pdf,الدولاب.pdf,القصرين,سبيطلة,الدولاب,78,3350,3350,100.0,0
/Users/mohameddhiahammami/iCloud Drive (Archive)/www.isie.tn/wp-content/uploads/2024/ListesElecteurs06Juillet2024/الداخل/القصرين/1505_سبيطلة/الرخمات.pdf,الرخمات.pdf,القصرين,سبيطلة,الرخمات,74,3180,3180,100.0,0
/Users/mohameddhiahammami/iCloud Drive (Archive)/www.isie.tn/wp-content/uploads/2024/ListesElecteurs06Juillet2024/الداخل/القصرين/1505_سبيطلة/الشرائع.pdf,الشرائع.pdf,القصرين,سبيطلة,الشرائع,85,3666,3666,100.0,0
/Users/mohameddhiahammami/iCloud Drive (Archive)/www.isie.tn/wp-content/uploads/2024/ListesElecteurs06Juillet2024/الداخل/القصرين/1505_سبيطلة/القرعة الحمراء.pdf,القرعة الحمراء.pdf,القصرين,سبيطلة,القرعة الحمراء,129,5614,5614,100.0,0
/Users/mohameddhiahammami/iCloud Drive (Archive)/www.isie.tn/wp-content/uploads/2024/ListesElecteurs06Juillet2024/الداخل/القصرين/1505_سبيطلة/القصر.pdf,القصر.pdf,القصرين,سبيطلة,القصر,63,2727,2727,100.0,0
/Users/mohameddhiahammami/iCloud Drive (Archive)/www.isie.tn/wp-content/uploads/2024/ListesElecteurs06Juillet2024/الداخل/القصرين/1505_سبيطلة/القنة.pdf,القنة.pdf,القصرين,سبيطلة,القنة,63,2693,2693,100.0,0
/Users/mohameddhiahammami/iCloud Drive (Archive)/www.isie.tn/wp-content/uploads/2024/ListesElecteurs06Juillet2024/الداخل/القصرين/1505_سبيطلة/المزارة.pdf,المزارة.pdf,القصرين,سبيطلة,المزارة,51,2193,2193,100.0,0
/Users/mohameddhiahammami/iCloud Drive (Archive)/www.isie.tn/wp-content/uploads/2024/ListesElecteurs06Juillet2024/الداخل/القصرين/1505_سبيطلة/الوساعية.pdf,الوساعية.pdf,القصرين,سبيطلة,الوساعية,79,3424,3424,100.0,0
/Users/mohameddhiahammami/iCloud Drive (Archive)/www.isie.tn/wp-content/uploads/2024/ListesElecteurs06Juillet2024/الداخل/القصرين/1505_سبيطلة/حي السرور.pdf,حي السرور.pdf,القصرين,سبيطلة,حي السرور,149,6482,6482,100.0,0
/Users/mohameddhiahammami/iCloud Drive (Archive)/www.isie.tn/wp-content/uploads/2024/ListesElecteurs06Juillet2024/الداخل/القصرين/1505_سبيطلة/سبيطلة.pdf,سبيطلة.pdf,القصرين,سبيطلة,سبيطلة,320,14012,14012,100.0,0
/Users/mohameddhiahammami/iCloud Drive (Archive)/www.isie.tn/wp-content/uploads/2024/ListesElecteurs06Juillet2024/الداخل/القصرين/1505_سبيطلة/سمامة.pdf,سمامة.pdf,القصرين,سبيطلة,سمامة,63,2702,2702,100.0,0
/Users/mohameddhiahammami/iCloud Drive (Archive)/www.isie.tn/wp-content/uploads/2024/ListesElecteurs06Juillet2024/الداخل/القصرين/1505_سبيطلة/مشرق الشمس.pdf,مشرق الشمس.pdf,القصرين,سبيطلة,مشرق الشمس,68,2948,2948,100.0,0
/Users/mohameddhiahammami/iCloud Drive (Archive)/www.isie.tn/wp-content/uploads/2024/ListesElecteurs06Juillet2024/الداخل/القصرين/1506_ماجل بالعباس - فريانة/أم الاقصاب.pdf,أم الاقصاب.pdf,القصرين,ماجل بالعباس - فريانة,أم الاقصاب,66,2848,2848,100.0,0
/Users/mohameddhiahammami/iCloud Drive (Archive)/www.isie.tn/wp-content/uploads/2024/ListesElecteurs06Juillet2024/الداخل/القصرين/1506_ماجل بالعباس - فريانة/أم علي.pdf,أم علي.pdf,القصرين,ماجل بالعباس - فريانة,أم علي,23,954,954,100.0,0
/Users/mohameddhiahammami/iCloud Drive (Archive)/www.isie.tn/wp-content/uploads/2024/ListesElecteurs06Juillet2024/الداخل/القصرين/1506_ماجل بالعباس - فريانة/الأحواش.pdf,الأحواش.pdf,القصرين,ماجل بالعباس - فريانة,الأحواش,223,9743,9743,100.0,0
/Users/mohameddhiahammami/iCloud Drive (Archive)/www.isie.tn/wp-content/uploads/2024/ListesElecteurs06Juillet2024/الداخل/القصرين/1506_ماجل بالعباس - فريانة/الصخيرات.pdf,الصخيرات.pdf,القصرين,ماجل بالعباس - فريانة,الصخيرات,40,1699,1699,100.0,0
/Users/mohameddhiahammami/iCloud Drive (Archive)/www.isie.tn/wp-content/uploads/2024/ListesElecteurs06Juillet2024/الداخل/القصرين/1506_ماجل بالعباس - فريانة/العرعار.pdf,العرعار.pdf,القصرين,ماجل بالعباس - فريانة,العرعار,18,743,743,100.0,0
/Users/mohameddhiahammami/iCloud Drive (Archive)/www.isie.tn/wp-content/uploads/2024/ListesElecteurs06Juillet2024/الداخل/القصرين/1506_ماجل بالعباس - فريانة/العرق.pdf,العرق.pdf,القصرين,ماجل بالعباس - فريانة,العرق,75,3247,3247,100.0,0
/Users/mohameddhiahammami/iCloud Drive (Archive)/www.isie.tn/wp-content/uploads/2024/ListesElecteurs06Juillet2024/الداخل/القصرين/1506_ماجل بالعباس - فريانة/الناظور.pdf,الناظور.pdf,القصرين,ماجل بالعباس - فريانة,الناظور,39,1655,1655,100.0,0
/Users/mohameddhiahammami/iCloud Drive (Archive)/www.isie.tn/wp-content/uploads/2024/ListesElecteurs06Juillet2024/الداخل/القصرين/1506_ماجل بالعباس - فريانة/بوحية.pdf,بوحية.pdf,القصرين,ماجل بالعباس - فريانة,بوحية,27,1138,1138,100.0,0
/Users/mohameddhiahammami/iCloud Drive (Archive)/www.isie.tn/wp-content/uploads/2024/ListesElecteurs06Juillet2024/الداخل/القصرين/1506_ماجل بالعباس - فريانة/بوشبكة.pdf,بوشبكة.pdf,القصرين,ماجل بالعباس - فريانة,بوشبكة,40,1692,1692,100.0,0
/Users/mohameddhiahammami/iCloud Drive (Archive)/www.isie.tn/wp-content/uploads/2024/ListesElecteurs06Juillet2024/الداخل/القصرين/1506_ماجل بالعباس - فريانة/تلابت.pdf,تلابت.pdf,القصرين,ماجل بالعباس - فريانة,تلابت,139,6047,6047,100.0,0
/Users/mohameddhiahammami/iCloud Drive (Archive)/www.isie.tn/wp-content/uploads/2024/ListesElecteurs06Juillet2024/الداخل/القصرين/1506_ماجل بالعباس - فريانة/حناشي.pdf,حناشي.pdf,القصرين,ماجل بالعباس - فريانة,حناشي,30,1267,1267,100.0,0
/Users/mohameddhiahammami/iCloud Drive (Archive)/www.isie.tn/wp-content/uploads/2024/ListesElecteurs06Juillet2024/الداخل/القصرين/1506_ماجل بالعباس - فريانة/صولة.pdf,صولة.pdf,القصرين,ماجل بالعباس - فريانة,صولة,92,3969,3969,100.0,0
/Users/mohameddhiahammami/iCloud Drive (Archive)/www.isie.tn/wp-content/uploads/2024/ListesElecteurs06Juillet2024/الداخل/القصرين/1506_ماجل بالعباس - فريانة/عبد العظيم.pdf,عبد العظيم.pdf,القصرين,ماجل بالعباس - فريانة,عبد العظيم,15,581,581,100.0,0
/Users/mohameddhiahammami/iCloud Drive (Archive)/www.isie.tn/wp-content/uploads/2024/ListesElecteurs06Juillet2024/الداخل/القصرين/1506_ماجل بالعباس - فريانة/فريانة.pdf,فريانة.pdf,القصرين,ماجل بالعباس - فريانة,فريانة,232,10123,10123,100.0,0
/Users/mohameddhiahammami/iCloud Drive (Archive)/www.isie.tn/wp-content/uploads/2024/ListesElecteurs06Juillet2024/الداخل/القصرين/1506_ماجل بالعباس - فريانة/قارة النعام.pdf,قارة النعام.pdf,القصرين,ماجل بالعباس - فريانة,قارة النعام,70,3023,3023,100.0,0
/Users/mohameddhiahammami/iCloud Drive (Archive)/www.isie.tn/wp-content/uploads/2024/ListesElecteurs06Juillet2024/الداخل/القصرين/1506_ماجل بالعباس - فريانة/قروع الجدرة.pdf,قروع الجدرة.pdf,القصرين,ماجل بالعباس - فريانة,قروع الجدرة,25,1056,1056,100.0,0
/Users/mohameddhiahammami/iCloud Drive (Archive)/www.isie.tn/wp-content/uploads/2024/ListesElecteurs06Juillet2024/الداخل/القصرين/1506_ماجل بالعباس - فريانة/ماجل بلعباس الجنوبية.pdf,ماجل بلعباس الجنوبية.pdf,القصرين,ماجل بالعباس - فريانة,ماجل بلعباس الجنوبية,61,2616,2616,100.0,0
/Users/mohameddhiahammami/iCloud Drive (Archive)/www.isie.tn/wp-content/uploads/2024/ListesElecteurs06Juillet2024/الداخل/القصرين/1506_ماجل بالعباس - فريانة/ماجل بلعباس الشمالية.pdf,ماجل بلعباس الشمالية.pdf,القصرين,ماجل بالعباس - فريانة,ماجل بلعباس الشمالية,145,6294,6294,100.0,0
/Users/mohameddhiahammami/iCloud Drive (Archive)/www.isie.tn/wp-content/uploads/2024/ListesElecteurs06Juillet2024/الداخل/القصرين/1506_ماجل بالعباس - فريانة/هنشير أم الخير.pdf,هنشير أم الخير.pdf,القصرين,ماجل بالعباس - فريانة,هنشير أم الخير,13,506,506,100.0,0
/Users/mohameddhiahammami/iCloud Drive (Archive)/www.isie.tn/wp-content/uploads/2024/ListesElecteurs06Juillet2024/الداخل/القيروان/1401_السبيخة - الوسلاتية - عين جلولة/البحاير.pdf,البحاير.pdf,القيروان,السبيخة - الوسلاتية - عين جلولة,البحاير,52,2216,2216,100.0,0
/Users/mohameddhiahammami/iCloud Drive (Archive)/www.isie.tn/wp-content/uploads/2024/ListesElecteurs06Juillet2024/الداخل/القيروان/1401_السبيخة - الوسلاتية - عين جلولة/الدخيلة.pdf,الدخيلة.pdf,القيروان,السبيخة - الوسلاتية - عين جلولة,الدخيلة,79,3418,3418,100.0,0
/Users/mohameddhiahammami/iCloud Drive (Archive)/www.isie.tn/wp-content/uploads/2024/ListesElecteurs06Juillet2024/الداخل/القيروان/1401_السبيخة - الوسلاتية - عين جلولة/الذريعات.pdf,الذريعات.pdf,القيروان,السبيخة - الوسلاتية - عين جلولة,الذريعات,162,7046,7046,100.0,0
/Users/mohameddhiahammami/iCloud Drive (Archive)/www.isie.tn/wp-content/uploads/2024/ListesElecteurs06Juillet2024/الداخل/القيروان/1401_السبيخة - الوسلاتية - عين جلولة/السبيخة المركز.pdf,السبيخة المركز.pdf,القيروان,السبيخة - الوسلاتية - عين جلولة,السبيخة المركز,206,8990,8990,100.0,0
/Users/mohameddhiahammami/iCloud Drive (Archive)/www.isie.tn/wp-content/uploads/2024/ListesElecteurs06Juillet2024/الداخل/القيروان/1401_السبيخة - الوسلاتية - عين جلولة/الشرفة.pdf,الشرفة.pdf,القيروان,السبيخة - الوسلاتية - عين جلولة,الشرفة,48,2034,2034,100.0,0
/Users/mohameddhiahammami/iCloud Drive (Archive)/www.isie.tn/wp-content/uploads/2024/ListesElecteurs06Juillet2024/الداخل/القيروان/1401_السبيخة - الوسلاتية - عين جلولة/الشقافية.pdf,الشقافية.pdf,القيروان,السبيخة - الوسلاتية - عين جلولة,الشقافية,68,2933,2933,100.0,0
/Users/mohameddhiahammami/iCloud Drive (Archive)/www.isie.tn/wp-content/uploads/2024/ListesElecteurs06Juillet2024/الداخل/القيروان/1401_السبيخة - الوسلاتية - عين جلولة/العلم.pdf,العلم.pdf,القيروان,السبيخة - الوسلاتية - عين جلولة,العلم,88,3825,3825,100.0,0
/Users/mohameddhiahammami/iCloud Drive (Archive)/www.isie.tn/wp-content/uploads/2024/ListesElecteurs06Juillet2024/الداخل/القيروان/1401_السبيخة - الوسلاتية - عين جلولة/العويثة.pdf,العويثة.pdf,القيروان,السبيخة - الوسلاتية - عين جلولة,العويثة,121,5248,5248,100.0,0
/Users/mohameddhiahammami/iCloud Drive (Archive)/www.isie.tn/wp-content/uploads/2024/ListesElecteurs06Juillet2024/الداخل/القيروان/1401_السبيخة - الوسلاتية - عين جلولة/الفريوات.pdf,الفريوات.pdf,القيروان,السبيخة - الوسلاتية - عين جلولة,الفريوات,60,2594,2594,100.0,0
/Users/mohameddhiahammami/iCloud Drive (Archive)/www.isie.tn/wp-content/uploads/2024/ListesElecteurs06Juillet2024/الداخل/القيروان/1401_السبيخة - الوسلاتية - عين جلولة/القطيفة.pdf,القطيفة.pdf,القيروان,السبيخة - الوسلاتية - عين جلولة,القطيفة,32,1349,1349,100.0,0
/Users/mohameddhiahammami/iCloud Drive (Archive)/www.isie.tn/wp-content/uploads/2024/ListesElecteurs06Juillet2024/الداخل/القيروان/1401_السبيخة - الوسلاتية - عين جلولة/القفي.pdf,القفي.pdf,القيروان,السبيخة - الوسلاتية - عين جلولة,القفي,86,3740,3740,100.0,0
/Users/mohameddhiahammami/iCloud Drive (Archive)/www.isie.tn/wp-content/uploads/2024/ListesElecteurs06Juillet2024/الداخل/القيروان/1401_السبيخة - الوسلاتية - عين جلولة/المنزل.pdf,المنزل.pdf,القيروان,السبيخة - الوسلاتية - عين جلولة,المنزل,36,1501,1501,100.0,0
/Users/mohameddhiahammami/iCloud Drive (Archive)/www.isie.tn/wp-content/uploads/2024/ListesElecteurs06Juillet2024/الداخل/القيروان/1401_السبيخة - الوسلاتية - عين جلولة/الوسلاتية الشرقية.pdf,الوسلاتية الشرقية.pdf,القيروان,السبيخة - الوسلاتية - عين جلولة,الوسلاتية الشرقية,57,2455,2455,100.0,0
/Users/mohameddhiahammami/iCloud Drive (Archive)/www.isie.tn/wp-content/uploads/2024/ListesElecteurs06Juillet2024/الداخل/القيروان/1401_السبيخة - الوسلاتية - عين جلولة/الوسلاتية الغربية.pdf,الوسلاتية الغربية.pdf,القيروان,السبيخة - الوسلاتية - عين جلولة,الوسلاتية الغربية,168,7325,7325,100.0,0
/Users/mohameddhiahammami/iCloud Drive (Archive)/www.isie.tn/wp-content/uploads/2024/ListesElecteurs06Juillet2024/الداخل/القيروان/1401_السبيخة - الوسلاتية - عين جلولة/جبل الريحان.pdf,جبل الريحان.pdf,القيروان,السبيخة - الوسلاتية - عين جلولة,جبل الريحان,35,1462,1462,100.0,0
/Users/mohameddhiahammami/iCloud Drive (Archive)/www.isie.tn/wp-content/uploads/2024/ListesElecteurs06Juillet2024/الداخل/القيروان/1401_السبيخة - الوسلاتية - عين جلولة/جبل السرج.pdf,جبل السرج.pdf,القيروان,السبيخة - الوسلاتية - عين جلولة,جبل السرج,70,3033,3033,100.0,0
/Users/mohameddhiahammami/iCloud Drive (Archive)/www.isie.tn/wp-content/uploads/2024/ListesElecteurs06Juillet2024/الداخل/القيروان/1401_السبيخة - الوسلاتية - عين جلولة/جبل وسلات.pdf,جبل وسلات.pdf,القيروان,السبيخة - الوسلاتية - عين جلولة,جبل وسلات,42,1767,1767,100.0,0
/Users/mohameddhiahammami/iCloud Drive (Archive)/www.isie.tn/wp-content/uploads/2024/ListesElecteurs06Juillet2024/الداخل/القيروان/1401_السبيخة - الوسلاتية - عين جلولة/زغدود.pdf,زغدود.pdf,القيروان,السبيخة - الوسلاتية - عين جلولة,زغدود,53,2286,2286,100.0,0
/Users/mohameddhiahammami/iCloud Drive (Archive)/www.isie.tn/wp-content/uploads/2024/ListesElecteurs06Juillet2024/الداخل/القيروان/1401_السبيخة - الوسلاتية - عين جلولة/سرديانة.pdf,سرديانة.pdf,القيروان,السبيخة - الوسلاتية - عين جلولة,سرديانة,56,2378,2378,100.0,0
/Users/mohameddhiahammami/iCloud Drive (Archive)/www.isie.tn/wp-content/uploads/2024/ListesElecteurs06Juillet2024/الداخل/القيروان/1401_السبيخة - الوسلاتية - عين جلولة/سيدي مسعود.pdf,سيدي مسعود.pdf,القيروان,السبيخة - الوسلاتية - عين جلولة,سيدي مسعود,95,4103,4103,100.0,0
/Users/mohameddhiahammami/iCloud Drive (Archive)/www.isie.tn/wp-content/uploads/2024/ListesElecteurs06Juillet2024/الداخل/القيروان/1401_السبيخة - الوسلاتية - عين جلولة/سيسب.pdf,سيسب.pdf,القيروان,السبيخة - الوسلاتية - عين جلولة,سيسب,82,3552,3552,100.0,0
/Users/mohameddhiahammami/iCloud Drive (Archive)/www.isie.tn/wp-content/uploads/2024/ListesElecteurs06Juillet2024/الداخل/القيروان/1401_السبيخة - الوسلاتية - عين جلولة/عين بومرة.pdf,عين بومرة.pdf,القيروان,السبيخة - الوسلاتية - عين جلولة,عين بومرة,55,2366,2366,100.0,0
/Users/mohameddhiahammami/iCloud Drive (Archive)/www.isie.tn/wp-content/uploads/2024/ListesElecteurs06Juillet2024/الداخل/القيروان/1401_السبيخة - الوسلاتية - عين جلولة/عين جلولة.pdf,عين جلولة.pdf,القيروان,السبيخة - الوسلاتية - عين جلولة,عين جلولة,102,4403,4403,100.0,0
/Users/mohameddhiahammami/iCloud Drive (Archive)/www.isie.tn/wp-content/uploads/2024/ListesElecteurs06Juillet2024/الداخل/القيروان/1401_السبيخة - الوسلاتية - عين جلولة/معروف.pdf,معروف.pdf,القيروان,السبيخة - الوسلاتية - عين جلولة,معروف,55,2361,2361,100.0,0
/Users/mohameddhiahammami/iCloud Drive (Archive)/www.isie.tn/wp-content/uploads/2024/ListesElecteurs06Juillet2024/الداخل/القيروان/1401_السبيخة - الوسلاتية - عين جلولة/وادي الخريوع.pdf,وادي الخريوع.pdf,القيروان,السبيخة - الوسلاتية - عين جلولة,وادي الخريوع,44,1879,1879,100.0,0
/Users/mohameddhiahammami/iCloud Drive (Archive)/www.isie.tn/wp-content/uploads/2024/ListesElecteurs06Juillet2024/الداخل/القيروان/1401_السبيخة - الوسلاتية - عين جلولة/وادي القصب.pdf,وادي القصب.pdf,القيروان,السبيخة - الوسلاتية - عين جلولة,وادي القصب,39,1660,1660,100.0,0
/Users/mohameddhiahammami/iCloud Drive (Archive)/www.isie.tn/wp-content/uploads/2024/ListesElecteurs06Juillet2024/الداخل/القيروان/1402_الشبيكة - حفوز/أولاد خلف اللّه.pdf,أولاد خلف اللّه.pdf,القيروان,الشبيكة - حفوز,أولاد خلف اللّه,48,2025,2025,100.0,0
/Users/mohameddhiahammami/iCloud Drive (Archive)/www.isie.tn/wp-content/uploads/2024/ListesElecteurs06Juillet2024/الداخل/القيروان/1402_الشبيكة - حفوز/الجواودة.pdf,الجواودة.pdf,القيروان,الشبيكة - حفوز,الجواودة,85,3659,3659,100.0,0
/Users/mohameddhiahammami/iCloud Drive (Archive)/www.isie.tn/wp-content/uploads/2024/ListesElecteurs06Juillet2024/الداخل/القيروان/1402_الشبيكة - حفوز/الحوفية.pdf,الحوفية.pdf,القيروان,الشبيكة - حفوز,الحوفية,97,4215,4215,100.0,0
/Users/mohameddhiahammami/iCloud Drive (Archive)/www.isie.tn/wp-content/uploads/2024/ListesElecteurs06Juillet2024/الداخل/القيروان/1402_الشبيكة - حفوز/الرويسات.pdf,الرويسات.pdf,القيروان,الشبيكة - حفوز,الرويسات,49,2100,2100,100.0,0
/Users/mohameddhiahammami/iCloud Drive (Archive)/www.isie.tn/wp-content/uploads/2024/ListesElecteurs06Juillet2024/الداخل/القيروان/1402_الشبيكة - حفوز/الشبيكة.pdf,الشبيكة.pdf,القيروان,الشبيكة - حفوز,الشبيكة,174,7596,7596,100.0,0
/Users/mohameddhiahammami/iCloud Drive (Archive)/www.isie.tn/wp-content/uploads/2024/ListesElecteurs06Juillet2024/الداخل/القيروان/1402_الشبيكة - حفوز/الشريشيرة.pdf,الشريشيرة.pdf,القيروان,الشبيكة - حفوز,الشريشيرة,79,3406,3406,100.0,0
/Users/mohameddhiahammami/iCloud Drive (Archive)/www.isie.tn/wp-content/uploads/2024/ListesElecteurs06Juillet2024/الداخل/القيروان/1402_الشبيكة - حفوز/العوامرية.pdf,العوامرية.pdf,القيروان,الشبيكة - حفوز,العوامرية,75,3244,3244,100.0,0
/Users/mohameddhiahammami/iCloud Drive (Archive)/www.isie.tn/wp-content/uploads/2024/ListesElecteurs06Juillet2024/الداخل/القيروان/1402_الشبيكة - حفوز/العين البيضاء.pdf,العين البيضاء.pdf,القيروان,الشبيكة - حفوز,العين البيضاء,152,6613,6613,100.0,0
/Users/mohameddhiahammami/iCloud Drive (Archive)/www.isie.tn/wp-content/uploads/2024/ListesElecteurs06Juillet2024/الداخل/القيروان/1402_الشبيكة - حفوز/الكرمة.pdf,الكرمة.pdf,القيروان,الشبيكة - حفوز,الكرمة,53,2284,2284,100.0,0
/Users/mohameddhiahammami/iCloud Drive (Archive)/www.isie.tn/wp-content/uploads/2024/ListesElecteurs06Juillet2024/الداخل/القيروان/1402_الشبيكة - حفوز/حفوز المركز.pdf,حفوز المركز.pdf,القيروان,الشبيكة - حفوز,حفوز المركز,226,9889,9889,100.0,0
/Users/mohameddhiahammami/iCloud Drive (Archive)/www.isie.tn/wp-content/uploads/2024/ListesElecteurs06Juillet2024/الداخل/القيروان/1402_الشبيكة - حفوز/خيط الوادي.pdf,خيط الوادي.pdf,القيروان,الشبيكة - حفوز,خيط الوادي,118,5146,5146,100.0,0
/Users/mohameddhiahammami/iCloud Drive (Archive)/www.isie.tn/wp-content/uploads/2024/ListesElecteurs06Juillet2024/الداخل/القيروان/1402_الشبيكة - حفوز/سيدي علي بن سالم.pdf,سيدي علي بن سالم.pdf,القيروان,الشبيكة - حفوز,سيدي علي بن سالم,58,2471,2471,100.0,0
/Users/mohameddhiahammami/iCloud Drive (Archive)/www.isie.tn/wp-content/uploads/2024/ListesElecteurs06Juillet2024/الداخل/القيروان/1402_الشبيكة - حفوز/طرزة الجنوبية.pdf,طرزة الجنوبية.pdf,القيروان,الشبيكة - حفوز,طرزة الجنوبية,52,2206,2206,100.0,0
/Users/mohameddhiahammami/iCloud Drive (Archive)/www.isie.tn/wp-content/uploads/2024/ListesElecteurs06Juillet2024/الداخل/القيروان/1402_الشبيكة - حفوز/عبيدة.pdf,عبيدة.pdf,القيروان,الشبيكة - حفوز,عبيدة,102,4404,4404,100.0,0
/Users/mohameddhiahammami/iCloud Drive (Archive)/www.isie.tn/wp-content/uploads/2024/ListesElecteurs06Juillet2024/الداخل/القيروان/1402_الشبيكة - حفوز/هماد.pdf,هماد.pdf,القيروان,الشبيكة - حفوز,هماد,55,2338,2338,100.0,0
/Users/mohameddhiahammami/iCloud Drive (Archive)/www.isie.tn/wp-content/uploads/2024/ListesElecteurs06Juillet2024/الداخل/القيروان/1402_الشبيكة - حفوز/وادي الجباس.pdf,وادي الجباس.pdf,القيروان,الشبيكة - حفوز,وادي الجباس,46,1971,1971,100.0,0
/Users/mohameddhiahammami/iCloud Drive (Archive)/www.isie.tn/wp-content/uploads/2024/ListesElecteurs06Juillet2024/الداخل/القيروان/1403_العلاء - حاجب العيون/أحواز الحاجب.pdf,أحواز الحاجب.pdf,القيروان,العلاء - حاجب العيون,أحواز الحاجب,39,1637,1637,100.0,0
/Users/mohameddhiahammami/iCloud Drive (Archive)/www.isie.tn/wp-content/uploads/2024/ListesElecteurs06Juillet2024/الداخل/القيروان/1403_العلاء - حاجب العيون/أولاد عمر.pdf,أولاد عمر.pdf,القيروان,العلاء - حاجب العيون,أولاد عمر,47,2008,2008,100.0,0
/Users/mohameddhiahammami/iCloud Drive (Archive)/www.isie.tn/wp-content/uploads/2024/ListesElecteurs06Juillet2024/الداخل/القيروان/1403_العلاء - حاجب العيون/الحاجب المركز.pdf,الحاجب المركز.pdf,القيروان,العلاء - حاجب العيون,الحاجب المركز,227,9922,9922,100.0,0
/Users/mohameddhiahammami/iCloud Drive (Archive)/www.isie.tn/wp-content/uploads/2024/ListesElecteurs06Juillet2024/الداخل/القيروان/1403_العلاء - حاجب العيون/الرحيمة.pdf,الرحيمة.pdf,القيروان,العلاء - حاجب العيون,الرحيمة,54,2291,2291,100.0,0
/Users/mohameddhiahammami/iCloud Drive (Archive)/www.isie.tn/wp-content/uploads/2024/ListesElecteurs06Juillet2024/الداخل/القيروان/1403_العلاء - حاجب العيون/السرجة.pdf,السرجة.pdf,القيروان,العلاء - حاجب العيون,السرجة,68,2905,2905,100.0,0
/Users/mohameddhiahammami/iCloud Drive (Archive)/www.isie.tn/wp-content/uploads/2024/ListesElecteurs06Juillet2024/الداخل/القيروان/1403_العلاء - حاجب العيون/الشواشي.pdf,الشواشي.pdf,القيروان,العلاء - حاجب العيون,الشواشي,69,2964,2964,100.0,0
/Users/mohameddhiahammami/iCloud Drive (Archive)/www.isie.tn/wp-content/uploads/2024/ListesElecteurs06Juillet2024/الداخل/القيروان/1403_العلاء - حاجب العيون/العلا.pdf,العلا.pdf,القيروان,العلاء - حاجب العيون,العلا,157,6825,6825,100.0,0
/Users/mohameddhiahammami/iCloud Drive (Archive)/www.isie.tn/wp-content/uploads/2024/ListesElecteurs06Juillet2024/الداخل/القيروان/1403_العلاء - حاجب العيون/الغويبة.pdf,الغويبة.pdf,القيروان,العلاء - حاجب العيون,الغويبة,73,3158,3158,100.0,0
/Users/mohameddhiahammami/iCloud Drive (Archive)/www.isie.tn/wp-content/uploads/2024/ListesElecteurs06Juillet2024/الداخل/القيروان/1403_العلاء - حاجب العيون/القطار.pdf,القطار.pdf,القيروان,العلاء - حاجب العيون,القطار,70,3000,3000,100.0,0
/Users/mohameddhiahammami/iCloud Drive (Archive)/www.isie.tn/wp-content/uploads/2024/ListesElecteurs06Juillet2024/الداخل/القيروان/1403_العلاء - حاجب العيون/القنطرة.pdf,القنطرة.pdf,القيروان,العلاء - حاجب العيون,القنطرة,40,1706,1706,100.0,0
/Users/mohameddhiahammami/iCloud Drive (Archive)/www.isie.tn/wp-content/uploads/2024/ListesElecteurs06Juillet2024/الداخل/القيروان/1403_العلاء - حاجب العيون/المساعيد.pdf,المساعيد.pdf,القيروان,العلاء - حاجب العيون,المساعيد,63,2693,2693,100.0,0
/Users/mohameddhiahammami/iCloud Drive (Archive)/www.isie.tn/wp-content/uploads/2024/ListesElecteurs06Juillet2024/الداخل/القيروان/1403_العلاء - حاجب العيون/الهدايا.pdf,الهدايا.pdf,القيروان,العلاء - حاجب العيون,الهدايا,58,2468,2468,100.0,0
/Users/mohameddhiahammami/iCloud Drive (Archive)/www.isie.tn/wp-content/uploads/2024/ListesElecteurs06Juillet2024/الداخل/القيروان/1403_العلاء - حاجب العيون/صيادة الجنوبية.pdf,صيادة الجنوبية.pdf,القيروان,العلاء - حاجب العيون,صيادة الجنوبية,40,1687,1687,100.0,0
/Users/mohameddhiahammami/iCloud Drive (Archive)/www.isie.tn/wp-content/uploads/2024/ListesElecteurs06Juillet2024/الداخل/القيروان/1403_العلاء - حاجب العيون/صيادة الشمالية.pdf,صيادة الشمالية.pdf,القيروان,العلاء - حاجب العيون,صيادة الشمالية,47,2013,2013,100.0,0
/Users/mohameddhiahammami/iCloud Drive (Archive)/www.isie.tn/wp-content/uploads/2024/ListesElecteurs06Juillet2024/الداخل/القيروان/1403_العلاء - حاجب العيون/طرزة الشمالية.pdf,طرزة الشمالية.pdf,القيروان,العلاء - حاجب العيون,طرزة الشمالية,57,2422,2422,100.0,0
/Users/mohameddhiahammami/iCloud Drive (Archive)/www.isie.tn/wp-content/uploads/2024/ListesElecteurs06Juillet2024/الداخل/القيروان/1403_العلاء - حاجب العيون/مسيوتة النقاز.pdf,مسيوتة النقاز.pdf,القيروان,العلاء - حاجب العيون,مسيوتة النقاز,55,2340,2340,100.0,0
/Users/mohameddhiahammami/iCloud Drive (Archive)/www.isie.tn/wp-content/uploads/2024/ListesElecteurs06Juillet2024/الداخل/القيروان/1403_العلاء - حاجب العيون/مسيوتة الهناشير.pdf,مسيوتة الهناشير.pdf,القيروان,العلاء - حاجب العيون,مسيوتة الهناشير,44,1850,1850,100.0,0
/Users/mohameddhiahammami/iCloud Drive (Archive)/www.isie.tn/wp-content/uploads/2024/ListesElecteurs06Juillet2024/الداخل/القيروان/1403_العلاء - حاجب العيون/وادي الحجل.pdf,وادي الحجل.pdf,القيروان,العلاء - حاجب العيون,وادي الحجل,77,3334,3334,100.0,0
/Users/mohameddhiahammami/iCloud Drive (Archive)/www.isie.tn/wp-content/uploads/2024/ListesElecteurs06Juillet2024/الداخل/القيروان/1404_القيروان الجنوبية/أولاد نهار.pdf,أولاد نهار.pdf,القيروان,القيروان الجنوبية,أولاد نهار,46,1956,1956,100.0,0
/Users/mohameddhiahammami/iCloud Drive (Archive)/www.isie.tn/wp-content/uploads/2024/ListesElecteurs06Juillet2024/الداخل/القيروان/1404_القيروان الجنوبية/التبان.pdf,التبان.pdf,القيروان,القيروان الجنوبية,التبان,130,5664,5664,100.0,0
/Users/mohameddhiahammami/iCloud Drive (Archive)/www.isie.tn/wp-content/uploads/2024/ListesElecteurs06Juillet2024/الداخل/القيروان/1404_القيروان الجنوبية/الحمام.pdf,الحمام.pdf,القيروان,القيروان الجنوبية,الحمام,76,3275,3275,100.0,0
/Users/mohameddhiahammami/iCloud Drive (Archive)/www.isie.tn/wp-content/uploads/2024/ListesElecteurs06Juillet2024/الداخل/القيروان/1404_القيروان الجنوبية/الخزازية.pdf,الخزازية.pdf,القيروان,القيروان الجنوبية,الخزازية,87,3742,3742,100.0,0
/Users/mohameddhiahammami/iCloud Drive (Archive)/www.isie.tn/wp-content/uploads/2024/ListesElecteurs06Juillet2024/الداخل/القيروان/1404_القيروان الجنوبية/الخضراء.pdf,الخضراء.pdf,القيروان,القيروان الجنوبية,الخضراء,39,1642,1642,100.0,0
/Users/mohameddhiahammami/iCloud Drive (Archive)/www.isie.tn/wp-content/uploads/2024/ListesElecteurs06Juillet2024/الداخل/القيروان/1404_القيروان الجنوبية/القبلية الجنوبية.pdf,القبلية الجنوبية.pdf,القيروان,القيروان الجنوبية,القبلية الجنوبية,202,8839,8839,100.0,0
/Users/mohameddhiahammami/iCloud Drive (Archive)/www.isie.tn/wp-content/uploads/2024/ListesElecteurs06Juillet2024/الداخل/القيروان/1404_القيروان الجنوبية/المخصومة.pdf,المخصومة.pdf,القيروان,القيروان الجنوبية,المخصومة,59,2512,2512,100.0,0
/Users/mohameddhiahammami/iCloud Drive (Archive)/www.isie.tn/wp-content/uploads/2024/ListesElecteurs06Juillet2024/الداخل/القيروان/1404_القيروان الجنوبية/المنصورة الجنوبية.pdf,المنصورة الجنوبية.pdf,القيروان,القيروان الجنوبية,المنصورة الجنوبية,436,19120,19120,100.0,0
/Users/mohameddhiahammami/iCloud Drive (Archive)/www.isie.tn/wp-content/uploads/2024/ListesElecteurs06Juillet2024/الداخل/القيروان/1404_القيروان الجنوبية/المنصورة الشمالية.pdf,المنصورة الشمالية.pdf,القيروان,القيروان الجنوبية,المنصورة الشمالية,294,12889,12889,100.0,0
/Users/mohameddhiahammami/iCloud Drive (Archive)/www.isie.tn/wp-content/uploads/2024/ListesElecteurs06Juillet2024/الداخل/القيروان/1404_القيروان الجنوبية/النبش.pdf,النبش.pdf,القيروان,القيروان الجنوبية,النبش,57,2438,2438,100.0,0
/Users/mohameddhiahammami/iCloud Drive (Archive)/www.isie.tn/wp-content/uploads/2024/ListesElecteurs06Juillet2024/الداخل/القيروان/1404_القيروان الجنوبية/بريكات العرقوب.pdf,بريكات العرقوب.pdf,القيروان,القيروان الجنوبية,بريكات العرقوب,44,1871,1871,100.0,0
/Users/mohameddhiahammami/iCloud Drive (Archive)/www.isie.tn/wp-content/uploads/2024/ListesElecteurs06Juillet2024/الداخل/القيروان/1404_القيروان الجنوبية/رقادة.pdf,رقادة.pdf,القيروان,القيروان الجنوبية,رقادة,99,4311,4311,100.0,0
/Users/mohameddhiahammami/iCloud Drive (Archive)/www.isie.tn/wp-content/uploads/2024/ListesElecteurs06Juillet2024/الداخل/القيروان/1404_القيروان الجنوبية/زرود.pdf,زرود.pdf,القيروان,القيروان الجنوبية,زرود,50,2114,2114,100.0,0
/Users/mohameddhiahammami/iCloud Drive (Archive)/www.isie.tn/wp-content/uploads/2024/ListesElecteurs06Juillet2024/الداخل/القيروان/1404_القيروان الجنوبية/زعفرانة.pdf,زعفرانة.pdf,القيروان,القيروان الجنوبية,زعفرانة,74,3177,3177,100.0,0
/Users/mohameddhiahammami/iCloud Drive (Archive)/www.isie.tn/wp-content/uploads/2024/ListesElecteurs06Juillet2024/الداخل/القيروان/1404_القيروان الجنوبية/مرق الليل.pdf,مرق الليل.pdf,القيروان,القيروان الجنوبية,مرق الليل,36,1501,1501,100.0,0
/Users/mohameddhiahammami/iCloud Drive (Archive)/www.isie.tn/wp-content/uploads/2024/ListesElecteurs06Juillet2024/الداخل/القيروان/1405_القيروان الشمالية/الاغالبة.pdf,الاغالبة.pdf,القيروان,القيروان الشمالية,الاغالبة,220,9599,9599,100.0,0
/Users/mohameddhiahammami/iCloud Drive (Archive)/www.isie.tn/wp-content/uploads/2024/ListesElecteurs06Juillet2024/الداخل/القيروان/1405_القيروان الشمالية/الانصار.pdf,الانصار.pdf,القيروان,القيروان الشمالية,الانصار,14,564,564,100.0,0
/Users/mohameddhiahammami/iCloud Drive (Archive)/www.isie.tn/wp-content/uploads/2024/ListesElecteurs06Juillet2024/الداخل/القيروان/1405_القيروان الشمالية/الباطن.pdf,الباطن.pdf,القيروان,القيروان الشمالية,الباطن,111,4803,4803,100.0,0
/Users/mohameddhiahammami/iCloud Drive (Archive)/www.isie.tn/wp-content/uploads/2024/ListesElecteurs06Juillet2024/الداخل/القيروان/1405_القيروان الشمالية/الجامع الجنوبية.pdf,الجامع الجنوبية.pdf,القيروان,القيروان الشمالية,الجامع الجنوبية,111,4819,4819,100.0,0
/Users/mohameddhiahammami/iCloud Drive (Archive)/www.isie.tn/wp-content/uploads/2024/ListesElecteurs06Juillet2024/الداخل/القيروان/1405_القيروان الشمالية/الجامع الشمالية.pdf,الجامع الشمالية.pdf,القيروان,القيروان الشمالية,الجامع الشمالية,150,6536,6536,100.0,0
/Users/mohameddhiahammami/iCloud Drive (Archive)/www.isie.tn/wp-content/uploads/2024/ListesElecteurs06Juillet2024/الداخل/القيروان/1405_القيروان الشمالية/الجبلية الجنوبية.pdf,الجبلية الجنوبية.pdf,القيروان,القيروان الشمالية,الجبلية الجنوبية,15,594,594,100.0,0
/Users/mohameddhiahammami/iCloud Drive (Archive)/www.isie.tn/wp-content/uploads/2024/ListesElecteurs06Juillet2024/الداخل/القيروان/1405_القيروان الشمالية/الجبلية الشمالية.pdf,الجبلية الشمالية.pdf,القيروان,القيروان الشمالية,الجبلية الشمالية,507,22250,22250,100.0,0
/Users/mohameddhiahammami/iCloud Drive (Archive)/www.isie.tn/wp-content/uploads/2024/ListesElecteurs06Juillet2024/الداخل/القيروان/1405_القيروان الشمالية/الغابات.pdf,الغابات.pdf,القيروان,القيروان الشمالية,الغابات,89,3856,3856,100.0,0
/Users/mohameddhiahammami/iCloud Drive (Archive)/www.isie.tn/wp-content/uploads/2024/ListesElecteurs06Juillet2024/الداخل/القيروان/1405_القيروان الشمالية/القبلية الشمالية.pdf,القبلية الشمالية.pdf,القيروان,القيروان الشمالية,القبلية الشمالية,138,5999,5999,100.0,0
/Users/mohameddhiahammami/iCloud Drive (Archive)/www.isie.tn/wp-content/uploads/2024/ListesElecteurs06Juillet2024/الداخل/القيروان/1405_القيروان الشمالية/المتبسطة.pdf,المتبسطة.pdf,القيروان,القيروان الشمالية,المتبسطة,46,1939,1939,100.0,0
/Users/mohameddhiahammami/iCloud Drive (Archive)/www.isie.tn/wp-content/uploads/2024/ListesElecteurs06Juillet2024/الداخل/القيروان/1405_القيروان الشمالية/المنشية.pdf,المنشية.pdf,القيروان,القيروان الشمالية,المنشية,343,15033,15033,100.0,0
/Users/mohameddhiahammami/iCloud Drive (Archive)/www.isie.tn/wp-content/uploads/2024/ListesElecteurs06Juillet2024/الداخل/القيروان/1405_القيروان الشمالية/ذراع التمار.pdf,ذراع التمار.pdf,القيروان,القيروان الشمالية,ذراع التمار,24,981,981,100.0,0
/Users/mohameddhiahammami/iCloud Drive (Archive)/www.isie.tn/wp-content/uploads/2024/ListesElecteurs06Juillet2024/الداخل/القيروان/1406_بوحجلة/أولاد عاشور.pdf,أولاد عاشور.pdf,القيروان,بوحجلة,أولاد عاشور,54,2304,2304,100.0,0
/Users/mohameddhiahammami/iCloud Drive (Archive)/www.isie.tn/wp-content/uploads/2024/ListesElecteurs06Juillet2024/الداخل/القيروان/1406_بوحجلة/أولاد فرج اللّه الشمالية.pdf,أولاد فرج اللّه الشمالية.pdf,القيروان,بوحجلة,أولاد فرج اللّه الشمالية,49,2109,2109,100.0,0
/Users/mohameddhiahammami/iCloud Drive (Archive)/www.isie.tn/wp-content/uploads/2024/ListesElecteurs06Juillet2024/الداخل/القيروان/1406_بوحجلة/الشرائطية الشمالية.pdf,الشرائطية الشمالية.pdf,القيروان,بوحجلة,الشرائطية الشمالية,132,5761,5761,100.0,0
/Users/mohameddhiahammami/iCloud Drive (Archive)/www.isie.tn/wp-content/uploads/2024/ListesElecteurs06Juillet2024/الداخل/القيروان/1406_بوحجلة/الشوامخ.pdf,الشوامخ.pdf,القيروان,بوحجلة,الشوامخ,72,3103,3103,100.0,0
/Users/mohameddhiahammami/iCloud Drive (Archive)/www.isie.tn/wp-content/uploads/2024/ListesElecteurs06Juillet2024/الداخل/القيروان/1406_بوحجلة/الفتح.pdf,الفتح.pdf,القيروان,بوحجلة,الفتح,80,3463,3463,100.0,0
/Users/mohameddhiahammami/iCloud Drive (Archive)/www.isie.tn/wp-content/uploads/2024/ListesElecteurs06Juillet2024/الداخل/القيروان/1406_بوحجلة/القطيطير.pdf,القطيطير.pdf,القيروان,بوحجلة,القطيطير,71,3039,3039,100.0,0
/Users/mohameddhiahammami/iCloud Drive (Archive)/www.isie.tn/wp-content/uploads/2024/ListesElecteurs06Juillet2024/الداخل/القيروان/1406_بوحجلة/المويسات.pdf,المويسات.pdf,القيروان,بوحجلة,المويسات,126,5463,5463,100.0,0
/Users/mohameddhiahammami/iCloud Drive (Archive)/www.isie.tn/wp-content/uploads/2024/ListesElecteurs06Juillet2024/الداخل/القيروان/1406_بوحجلة/النصر.pdf,النصر.pdf,القيروان,بوحجلة,النصر,131,5710,5710,100.0,0
/Users/mohameddhiahammami/iCloud Drive (Archive)/www.isie.tn/wp-content/uploads/2024/ListesElecteurs06Juillet2024/الداخل/القيروان/1406_بوحجلة/بئر بوساري.pdf,بئر بوساري.pdf,القيروان,بوحجلة,بئر بوساري,50,2119,2119,100.0,0
/Users/mohameddhiahammami/iCloud Drive (Archive)/www.isie.tn/wp-content/uploads/2024/ListesElecteurs06Juillet2024/الداخل/القيروان/1406_بوحجلة/بئر مسيكين.pdf,بئر مسيكين.pdf,القيروان,بوحجلة,بئر مسيكين,63,2697,2697,100.0,0
/Users/mohameddhiahammami/iCloud Drive (Archive)/www.isie.tn/wp-content/uploads/2024/ListesElecteurs06Juillet2024/الداخل/القيروان/1406_بوحجلة/بوحجلة الأحواز.pdf,بوحجلة الأحواز.pdf,القيروان,بوحجلة,بوحجلة الأحواز,106,4615,4615,100.0,0
/Users/mohameddhiahammami/iCloud Drive (Archive)/www.isie.tn/wp-content/uploads/2024/ListesElecteurs06Juillet2024/الداخل/القيروان/1406_بوحجلة/بوحجلة المركز.pdf,بوحجلة المركز.pdf,القيروان,بوحجلة,بوحجلة المركز,278,12164,12164,100.0,0
/Users/mohameddhiahammami/iCloud Drive (Archive)/www.isie.tn/wp-content/uploads/2024/ListesElecteurs06Juillet2024/الداخل/القيروان/1406_بوحجلة/جهينة الجنوبية.pdf,جهينة الجنوبية.pdf,القيروان,بوحجلة,جهينة الجنوبية,89,3836,3836,100.0,0
/Users/mohameddhiahammami/iCloud Drive (Archive)/www.isie.tn/wp-content/uploads/2024/ListesElecteurs06Juillet2024/الداخل/القيروان/1406_بوحجلة/جهينة الشمالية.pdf,جهينة الشمالية.pdf,القيروان,بوحجلة,جهينة الشمالية,77,3304,3304,100.0,0
/Users/mohameddhiahammami/iCloud Drive (Archive)/www.isie.tn/wp-content/uploads/2024/ListesElecteurs06Juillet2024/الداخل/القيروان/1407_نصر اللّه - منزل مهيري - الشراردة/أولاد فرج اللّه الجنوبية.pdf,أولاد فرج اللّه الجنوبية.pdf,القيروان,نصر اللّه - منزل مهيري - الشراردة,أولاد فرج اللّه الجنوبية,57,2445,2445,100.0,0
/Users/mohameddhiahammami/iCloud Drive (Archive)/www.isie.tn/wp-content/uploads/2024/ListesElecteurs06Juillet2024/الداخل/القيروان/1407_نصر اللّه - منزل مهيري - الشراردة/البريكات.pdf,البريكات.pdf,القيروان,نصر اللّه - منزل مهيري - الشراردة,البريكات,82,3556,3556,100.0,0
/Users/mohameddhiahammami/iCloud Drive (Archive)/www.isie.tn/wp-content/uploads/2024/ListesElecteurs06Juillet2024/الداخل/القيروان/1407_نصر اللّه - منزل مهيري - الشراردة/الحميدات.pdf,الحميدات.pdf,القيروان,نصر اللّه - منزل مهيري - الشراردة,الحميدات,51,2167,2167,100.0,0
/Users/mohameddhiahammami/iCloud Drive (Archive)/www.isie.tn/wp-content/uploads/2024/ListesElecteurs06Juillet2024/الداخل/القيروان/1407_نصر اللّه - منزل مهيري - الشراردة/الشرائطية الجنوبية.pdf,الشرائطية الجنوبية.pdf,القيروان,نصر اللّه - منزل مهيري - الشراردة,الشرائطية الجنوبية,78,3355,3355,100.0,0
/Users/mohameddhiahammami/iCloud Drive (Archive)/www.isie.tn/wp-content/uploads/2024/ListesElecteurs06Juillet2024/الداخل/القيروان/1407_نصر اللّه - منزل مهيري - الشراردة/الشراردة.pdf,الشراردة.pdf,القيروان,نصر اللّه - منزل مهيري - الشراردة,الشراردة,203,8847,8847,100.0,0
/Users/mohameddhiahammami/iCloud Drive (Archive)/www.isie.tn/wp-content/uploads/2024/ListesElecteurs06Juillet2024/الداخل/القيروان/1407_نصر اللّه - منزل مهيري - الشراردة/الطويلة.pdf,الطويلة.pdf,القيروان,نصر اللّه - منزل مهيري - الشراردة,الطويلة,73,3127,3127,100.0,0
/Users/mohameddhiahammami/iCloud Drive (Archive)/www.isie.tn/wp-content/uploads/2024/ListesElecteurs06Juillet2024/الداخل/القيروان/1407_نصر اللّه - منزل مهيري - الشراردة/الفجيج.pdf,الفجيج.pdf,القيروان,نصر اللّه - منزل مهيري - الشراردة,الفجيج,122,5283,5283,100.0,0
/Users/mohameddhiahammami/iCloud Drive (Archive)/www.isie.tn/wp-content/uploads/2024/ListesElecteurs06Juillet2024/الداخل/القيروان/1407_نصر اللّه - منزل مهيري - الشراردة/القصور.pdf,القصور.pdf,القيروان,نصر اللّه - منزل مهيري - الشراردة,القصور,100,4315,4315,100.0,0
/Users/mohameddhiahammami/iCloud Drive (Archive)/www.isie.tn/wp-content/uploads/2024/ListesElecteurs06Juillet2024/الداخل/القيروان/1407_نصر اللّه - منزل مهيري - الشراردة/الكبارة.pdf,الكبارة.pdf,القيروان,نصر اللّه - منزل مهيري - الشراردة,الكبارة,57,2439,2439,100.0,0
/Users/mohameddhiahammami/iCloud Drive (Archive)/www.isie.tn/wp-content/uploads/2024/ListesElecteurs06Juillet2024/الداخل/القيروان/1407_نصر اللّه - منزل مهيري - الشراردة/المنارة.pdf,المنارة.pdf,القيروان,نصر اللّه - منزل مهيري - الشراردة,المنارة,93,4041,4041,100.0,0
/Users/mohameddhiahammami/iCloud Drive (Archive)/www.isie.tn/wp-content/uploads/2024/ListesElecteurs06Juillet2024/الداخل/القيروان/1407_نصر اللّه - منزل مهيري - الشراردة/بئر الحلو.pdf,بئر الحلو.pdf,القيروان,نصر اللّه - منزل مهيري - الشراردة,بئر الحلو,90,3905,3905,100.0,0
/Users/mohameddhiahammami/iCloud Drive (Archive)/www.isie.tn/wp-content/uploads/2024/ListesElecteurs06Juillet2024/الداخل/القيروان/1407_نصر اللّه - منزل مهيري - الشراردة/نصر الله الأحواز.pdf,نصر الله الأحواز.pdf,القيروان,نصر اللّه - منزل مهيري - الشراردة,نصر الله الأحواز,103,4482,4482,100.0,0
/Users/mohameddhiahammami/iCloud Drive (Archive)/www.isie.tn/wp-content/uploads/2024/ListesElecteurs06Juillet2024/الداخل/القيروان/1407_نصر اللّه - منزل مهيري - الشراردة/نصر اللّه المركز.pdf,نصر اللّه المركز.pdf,القيروان,نصر اللّه - منزل مهيري - الشراردة,نصر اللّه المركز,119,5192,5192,100.0,0
/Users/mohameddhiahammami/iCloud Drive (Archive)/www.isie.tn/wp-content/uploads/2024/ListesElecteurs06Juillet2024/الداخل/الكاف/0701_القلعة الخصباء - الجريصة - القصور - الدهماني - السرس/ابة.pdf,ابة.pdf,الكاف,القلعة الخصباء - الجريصة - القصور - الدهماني - السرس,ابة,28,1179,1179,100.0,0
/Users/mohameddhiahammami/iCloud Drive (Archive)/www.isie.tn/wp-content/uploads/2024/ListesElecteurs06Juillet2024/الداخل/الكاف/0701_القلعة الخصباء - الجريصة - القصور - الدهماني - السرس/الآبار.pdf,الآبار.pdf,الكاف,القلعة الخصباء - الجريصة - القصور - الدهماني - السرس,الآبار,25,1049,1049,100.0,0
/Users/mohameddhiahammami/iCloud Drive (Archive)/www.isie.tn/wp-content/uploads/2024/ListesElecteurs06Juillet2024/الداخل/الكاف/0701_القلعة الخصباء - الجريصة - القصور - الدهماني - السرس/الآبار الشرقية.pdf,الآبار الشرقية.pdf,الكاف,القلعة الخصباء - الجريصة - القصور - الدهماني - السرس,الآبار الشرقية,14,544,544,100.0,0
/Users/mohameddhiahammami/iCloud Drive (Archive)/www.isie.tn/wp-content/uploads/2024/ListesElecteurs06Juillet2024/الداخل/الكاف/0701_القلعة الخصباء - الجريصة - القصور - الدهماني - السرس/الاربص.pdf,الاربص.pdf,الكاف,القلعة الخصباء - الجريصة - القصور - الدهماني - السرس,الاربص,34,1442,1442,100.0,0
/Users/mohameddhiahammami/iCloud Drive (Archive)/www.isie.tn/wp-content/uploads/2024/ListesElecteurs06Juillet2024/الداخل/الكاف/0701_القلعة الخصباء - الجريصة - القصور - الدهماني - السرس/الجريصة الجنوبية.pdf,الجريصة الجنوبية.pdf,الكاف,القلعة الخصباء - الجريصة - القصور - الدهماني - السرس,الجريصة الجنوبية,53,2270,2270,100.0,0
/Users/mohameddhiahammami/iCloud Drive (Archive)/www.isie.tn/wp-content/uploads/2024/ListesElecteurs06Juillet2024/الداخل/الكاف/0701_القلعة الخصباء - الجريصة - القصور - الدهماني - السرس/الجريصة الشمالية.pdf,الجريصة الشمالية.pdf,الكاف,القلعة الخصباء - الجريصة - القصور - الدهماني - السرس,الجريصة الشمالية,33,1377,1377,100.0,0
/Users/mohameddhiahammami/iCloud Drive (Archive)/www.isie.tn/wp-content/uploads/2024/ListesElecteurs06Juillet2024/الداخل/الكاف/0701_القلعة الخصباء - الجريصة - القصور - الدهماني - السرس/الجريصة المركزية.pdf,الجريصة المركزية.pdf,الكاف,القلعة الخصباء - الجريصة - القصور - الدهماني - السرس,الجريصة المركزية,69,2965,2965,100.0,0
/Users/mohameddhiahammami/iCloud Drive (Archive)/www.isie.tn/wp-content/uploads/2024/ListesElecteurs06Juillet2024/الداخل/الكاف/0701_القلعة الخصباء - الجريصة - القصور - الدهماني - السرس/الدهماني.pdf,الدهماني.pdf,الكاف,القلعة الخصباء - الجريصة - القصور - الدهماني - السرس,الدهماني,207,9024,9024,100.0,0
/Users/mohameddhiahammami/iCloud Drive (Archive)/www.isie.tn/wp-content/uploads/2024/ListesElecteurs06Juillet2024/الداخل/الكاف/0701_القلعة الخصباء - الجريصة - القصور - الدهماني - السرس/الدهماني الشمالية.pdf,الدهماني الشمالية.pdf,الكاف,القلعة الخصباء - الجريصة - القصور - الدهماني - السرس,الدهماني الشمالية,79,3416,3416,100.0,0
/Users/mohameddhiahammami/iCloud Drive (Archive)/www.isie.tn/wp-content/uploads/2024/ListesElecteurs06Juillet2024/الداخل/الكاف/0701_القلعة الخصباء - الجريصة - القصور - الدهماني - السرس/الزوارين.pdf,الزوارين.pdf,الكاف,القلعة الخصباء - الجريصة - القصور - الدهماني - السرس,الزوارين,77,3322,3322,100.0,0
/Users/mohameddhiahammami/iCloud Drive (Archive)/www.isie.tn/wp-content/uploads/2024/ListesElecteurs06Juillet2024/الداخل/الكاف/0701_القلعة الخصباء - الجريصة - القصور - الدهماني - السرس/الزيتونة.pdf,الزيتونة.pdf,الكاف,القلعة الخصباء - الجريصة - القصور - الدهماني - السرس,الزيتونة,46,1965,1965,100.0,0
/Users/mohameddhiahammami/iCloud Drive (Archive)/www.isie.tn/wp-content/uploads/2024/ListesElecteurs06Juillet2024/الداخل/الكاف/0701_القلعة الخصباء - الجريصة - القصور - الدهماني - السرس/السرس الجنوبية.pdf,السرس الجنوبية.pdf,الكاف,القلعة الخصباء - الجريصة - القصور - الدهماني - السرس,السرس الجنوبية,89,3858,3858,100.0,0
/Users/mohameddhiahammami/iCloud Drive (Archive)/www.isie.tn/wp-content/uploads/2024/ListesElecteurs06Juillet2024/الداخل/الكاف/0701_القلعة الخصباء - الجريصة - القصور - الدهماني - السرس/السرس الشمالية.pdf,السرس الشمالية.pdf,الكاف,القلعة الخصباء - الجريصة - القصور - الدهماني - السرس,السرس الشمالية,33,1373,1373,100.0,0
/Users/mohameddhiahammami/iCloud Drive (Archive)/www.isie.tn/wp-content/uploads/2024/ListesElecteurs06Juillet2024/الداخل/الكاف/0701_القلعة الخصباء - الجريصة - القصور - الدهماني - السرس/القصور.pdf,القصور.pdf,الكاف,القلعة الخصباء - الجريصة - القصور - الدهماني - السرس,القصور,133,5800,5800,100.0,0
/Users/mohameddhiahammami/iCloud Drive (Archive)/www.isie.tn/wp-content/uploads/2024/ListesElecteurs06Juillet2024/الداخل/الكاف/0701_القلعة الخصباء - الجريصة - القصور - الدهماني - السرس/القلعة الخصباء.pdf,القلعة الخصباء.pdf,الكاف,القلعة الخصباء - الجريصة - القصور - الدهماني - السرس,القلعة الخصباء,74,3210,3210,100.0,0
/Users/mohameddhiahammami/iCloud Drive (Archive)/www.isie.tn/wp-content/uploads/2024/ListesElecteurs06Juillet2024/الداخل/الكاف/0701_القلعة الخصباء - الجريصة - القصور - الدهماني - السرس/اللاس.pdf,اللاس.pdf,الكاف,القلعة الخصباء - الجريصة - القصور - الدهماني - السرس,اللاس,28,1148,1148,100.0,0
/Users/mohameddhiahammami/iCloud Drive (Archive)/www.isie.tn/wp-content/uploads/2024/ListesElecteurs06Juillet2024/الداخل/الكاف/0701_القلعة الخصباء - الجريصة - القصور - الدهماني - السرس/اللواتة.pdf,اللواتة.pdf,الكاف,القلعة الخصباء - الجريصة - القصور - الدهماني - السرس,اللواتة,18,715,715,100.0,0
/Users/mohameddhiahammami/iCloud Drive (Archive)/www.isie.tn/wp-content/uploads/2024/ListesElecteurs06Juillet2024/الداخل/الكاف/0701_القلعة الخصباء - الجريصة - القصور - الدهماني - السرس/المدينة.pdf,المدينة.pdf,الكاف,القلعة الخصباء - الجريصة - القصور - الدهماني - السرس,المدينة,27,1105,1105,100.0,0
/Users/mohameddhiahammami/iCloud Drive (Archive)/www.isie.tn/wp-content/uploads/2024/ListesElecteurs06Juillet2024/الداخل/الكاف/0701_القلعة الخصباء - الجريصة - القصور - الدهماني - السرس/المرجى.pdf,المرجى.pdf,الكاف,القلعة الخصباء - الجريصة - القصور - الدهماني - السرس,المرجى,41,1744,1744,100.0,0
/Users/mohameddhiahammami/iCloud Drive (Archive)/www.isie.tn/wp-content/uploads/2024/ListesElecteurs06Juillet2024/الداخل/الكاف/0701_القلعة الخصباء - الجريصة - القصور - الدهماني - السرس/الناظور.pdf,الناظور.pdf,الكاف,القلعة الخصباء - الجريصة - القصور - الدهماني - السرس,الناظور,13,500,500,100.0,0
/Users/mohameddhiahammami/iCloud Drive (Archive)/www.isie.tn/wp-content/uploads/2024/ListesElecteurs06Juillet2024/الداخل/الكاف/0701_القلعة الخصباء - الجريصة - القصور - الدهماني - السرس/النعايم.pdf,النعايم.pdf,الكاف,القلعة الخصباء - الجريصة - القصور - الدهماني - السرس,النعايم,7,262,262,100.0,0
/Users/mohameddhiahammami/iCloud Drive (Archive)/www.isie.tn/wp-content/uploads/2024/ListesElecteurs06Juillet2024/الداخل/الكاف/0701_القلعة الخصباء - الجريصة - القصور - الدهماني - السرس/بانو.pdf,بانو.pdf,الكاف,القلعة الخصباء - الجريصة - القصور - الدهماني - السرس,بانو,29,1200,1200,100.0,0
/Users/mohameddhiahammami/iCloud Drive (Archive)/www.isie.tn/wp-content/uploads/2024/ListesElecteurs06Juillet2024/الداخل/الكاف/0701_القلعة الخصباء - الجريصة - القصور - الدهماني - السرس/بسريانة.pdf,بسريانة.pdf,الكاف,القلعة الخصباء - الجريصة - القصور - الدهماني - السرس,بسريانة,17,677,677,100.0,0
/Users/mohameddhiahammami/iCloud Drive (Archive)/www.isie.tn/wp-content/uploads/2024/ListesElecteurs06Juillet2024/الداخل/الكاف/0701_القلعة الخصباء - الجريصة - القصور - الدهماني - السرس/بوصليعة.pdf,بوصليعة.pdf,الكاف,القلعة الخصباء - الجريصة - القصور - الدهماني - السرس,بوصليعة,42,1785,1785,100.0,0
/Users/mohameddhiahammami/iCloud Drive (Archive)/www.isie.tn/wp-content/uploads/2024/ListesElecteurs06Juillet2024/الداخل/الكاف/0701_القلعة الخصباء - الجريصة - القصور - الدهماني - السرس/ثرمدة.pdf,ثرمدة.pdf,الكاف,القلعة الخصباء - الجريصة - القصور - الدهماني - السرس,ثرمدة,39,1669,1669,100.0,0
/Users/mohameddhiahammami/iCloud Drive (Archive)/www.isie.tn/wp-content/uploads/2024/ListesElecteurs06Juillet2024/الداخل/الكاف/0701_القلعة الخصباء - الجريصة - القصور - الدهماني - السرس/حي النور.pdf,حي النور.pdf,الكاف,القلعة الخصباء - الجريصة - القصور - الدهماني - السرس,حي النور,120,5204,5204,100.0,0
/Users/mohameddhiahammami/iCloud Drive (Archive)/www.isie.tn/wp-content/uploads/2024/ListesElecteurs06Juillet2024/الداخل/الكاف/0701_القلعة الخصباء - الجريصة - القصور - الدهماني - السرس/سيدي أحمد الصالح.pdf,سيدي أحمد الصالح.pdf,الكاف,القلعة الخصباء - الجريصة - القصور - الدهماني - السرس,سيدي أحمد الصالح,33,1382,1382,100.0,0
/Users/mohameddhiahammami/iCloud Drive (Archive)/www.isie.tn/wp-content/uploads/2024/ListesElecteurs06Juillet2024/الداخل/الكاف/0701_القلعة الخصباء - الجريصة - القصور - الدهماني - السرس/سيدي بركات الجنوبية.pdf,سيدي بركات الجنوبية.pdf,الكاف,القلعة الخصباء - الجريصة - القصور - الدهماني - السرس,سيدي بركات الجنوبية,18,739,739,100.0,0
/Users/mohameddhiahammami/iCloud Drive (Archive)/www.isie.tn/wp-content/uploads/2024/ListesElecteurs06Juillet2024/الداخل/الكاف/0701_القلعة الخصباء - الجريصة - القصور - الدهماني - السرس/سيدي بركات الشمالية.pdf,سيدي بركات الشمالية.pdf,الكاف,القلعة الخصباء - الجريصة - القصور - الدهماني - السرس,سيدي بركات الشمالية,15,586,586,100.0,0
/Users/mohameddhiahammami/iCloud Drive (Archive)/www.isie.tn/wp-content/uploads/2024/ListesElecteurs06Juillet2024/الداخل/الكاف/0701_القلعة الخصباء - الجريصة - القصور - الدهماني - السرس/عبيدة.pdf,عبيدة.pdf,الكاف,القلعة الخصباء - الجريصة - القصور - الدهماني - السرس,عبيدة,35,1457,1457,100.0,0
/Users/mohameddhiahammami/iCloud Drive (Archive)/www.isie.tn/wp-content/uploads/2024/ListesElecteurs06Juillet2024/الداخل/الكاف/0701_القلعة الخصباء - الجريصة - القصور - الدهماني - السرس/عين القصيبة.pdf,عين القصيبة.pdf,الكاف,القلعة الخصباء - الجريصة - القصور - الدهماني - السرس,عين القصيبة,56,2417,2417,100.0,0
/Users/mohameddhiahammami/iCloud Drive (Archive)/www.isie.tn/wp-content/uploads/2024/ListesElecteurs06Juillet2024/الداخل/الكاف/0701_القلعة الخصباء - الجريصة - القصور - الدهماني - السرس/عين فضيل.pdf,عين فضيل.pdf,الكاف,القلعة الخصباء - الجريصة - القصور - الدهماني - السرس,عين فضيل,26,1075,1075,100.0,0
/Users/mohameddhiahammami/iCloud Drive (Archive)/www.isie.tn/wp-content/uploads/2024/ListesElecteurs06Juillet2024/الداخل/الكاف/0701_القلعة الخصباء - الجريصة - القصور - الدهماني - السرس/فج التمر.pdf,فج التمر.pdf,الكاف,القلعة الخصباء - الجريصة - القصور - الدهماني - السرس,فج التمر,24,996,996,100.0,0
/Users/mohameddhiahammami/iCloud Drive (Archive)/www.isie.tn/wp-content/uploads/2024/ListesElecteurs06Juillet2024/الداخل/الكاف/0701_القلعة الخصباء - الجريصة - القصور - الدهماني - السرس/هنطاية.pdf,هنطاية.pdf,الكاف,القلعة الخصباء - الجريصة - القصور - الدهماني - السرس,هنطاية,9,340,340,100.0,0
/Users/mohameddhiahammami/iCloud Drive (Archive)/www.isie.tn/wp-content/uploads/2024/ListesElecteurs06Juillet2024/الداخل/الكاف/0702_الكاف الغربية - الكاف الشرقية/الحوارث الجنوبية.pdf,الحوارث الجنوبية.pdf,الكاف,الكاف الغربية - الكاف الشرقية,الحوارث الجنوبية,491,21539,21539,100.0,0
/Users/mohameddhiahammami/iCloud Drive (Archive)/www.isie.tn/wp-content/uploads/2024/ListesElecteurs06Juillet2024/الداخل/الكاف/0702_الكاف الغربية - الكاف الشرقية/الحوارث الشمالية.pdf,الحوارث الشمالية.pdf,الكاف,الكاف الغربية - الكاف الشرقية,الحوارث الشمالية,135,5883,5883,100.0,0
/Users/mohameddhiahammami/iCloud Drive (Archive)/www.isie.tn/wp-content/uploads/2024/ListesElecteurs06Juillet2024/الداخل/الكاف/0702_الكاف الغربية - الكاف الشرقية/الزعفران.pdf,الزعفران.pdf,الكاف,الكاف الغربية - الكاف الشرقية,الزعفران,86,3734,3734,100.0,0
/Users/mohameddhiahammami/iCloud Drive (Archive)/www.isie.tn/wp-content/uploads/2024/ListesElecteurs06Juillet2024/الداخل/الكاف/0702_الكاف الغربية - الكاف الشرقية/الشرفيين.pdf,الشرفيين.pdf,الكاف,الكاف الغربية - الكاف الشرقية,الشرفيين,172,7500,7500,100.0,0
/Users/mohameddhiahammami/iCloud Drive (Archive)/www.isie.tn/wp-content/uploads/2024/ListesElecteurs06Juillet2024/الداخل/الكاف/0702_الكاف الغربية - الكاف الشرقية/بنعنين.pdf,بنعنين.pdf,الكاف,الكاف الغربية - الكاف الشرقية,بنعنين,161,7031,7031,100.0,0
/Users/mohameddhiahammami/iCloud Drive (Archive)/www.isie.tn/wp-content/uploads/2024/ListesElecteurs06Juillet2024/الداخل/الكاف/0702_الكاف الغربية - الكاف الشرقية/حشاد.pdf,حشاد.pdf,الكاف,الكاف الغربية - الكاف الشرقية,حشاد,165,7181,7181,100.0,0
/Users/mohameddhiahammami/iCloud Drive (Archive)/www.isie.tn/wp-content/uploads/2024/ListesElecteurs06Juillet2024/الداخل/الكاف/0702_الكاف الغربية - الكاف الشرقية/دير الكاف.pdf,دير الكاف.pdf,الكاف,الكاف الغربية - الكاف الشرقية,دير الكاف,91,3928,3928,100.0,0
/Users/mohameddhiahammami/iCloud Drive (Archive)/www.isie.tn/wp-content/uploads/2024/ListesElecteurs06Juillet2024/الداخل/الكاف/0702_الكاف الغربية - الكاف الشرقية/وادي الرمل الجنوبية.pdf,وادي الرمل الجنوبية.pdf,الكاف,الكاف الغربية - الكاف الشرقية,وادي الرمل الجنوبية,106,4620,4620,100.0,0
/Users/mohameddhiahammami/iCloud Drive (Archive)/www.isie.tn/wp-content/uploads/2024/ListesElecteurs06Juillet2024/الداخل/الكاف/0702_الكاف الغربية - الكاف الشرقية/وادي الرمل الشمالية.pdf,وادي الرمل الشمالية.pdf,الكاف,الكاف الغربية - الكاف الشرقية,وادي الرمل الشمالية,30,1265,1265,100.0,0
/Users/mohameddhiahammami/iCloud Drive (Archive)/www.isie.tn/wp-content/uploads/2024/ListesElecteurs06Juillet2024/الداخل/الكاف/0702_الكاف الغربية - الكاف الشرقية/وادي السواني.pdf,وادي السواني.pdf,الكاف,الكاف الغربية - الكاف الشرقية,وادي السواني,40,1706,1706,100.0,0
/Users/mohameddhiahammami/iCloud Drive (Archive)/www.isie.tn/wp-content/uploads/2024/ListesElecteurs06Juillet2024/الداخل/الكاف/0702_الكاف الغربية - الكاف الشرقية/وادي السواني الجنوبية.pdf,وادي السواني الجنوبية.pdf,الكاف,الكاف الغربية - الكاف الشرقية,وادي السواني الجنوبية,24,995,995,100.0,0
/Users/mohameddhiahammami/iCloud Drive (Archive)/www.isie.tn/wp-content/uploads/2024/ListesElecteurs06Juillet2024/الداخل/الكاف/0703_نبر - الطويرف - ساقية سيدي يوسف - تاجروين - قلعة سنان/الأذياب.pdf,الأذياب.pdf,الكاف,نبر - الطويرف - ساقية سيدي يوسف - تاجروين - قلعة سنان,الأذياب,16,622,622,100.0,0
/Users/mohameddhiahammami/iCloud Drive (Archive)/www.isie.tn/wp-content/uploads/2024/ListesElecteurs06Juillet2024/الداخل/الكاف/0703_نبر - الطويرف - ساقية سيدي يوسف - تاجروين - قلعة سنان/الحميمة.pdf,الحميمة.pdf,الكاف,نبر - الطويرف - ساقية سيدي يوسف - تاجروين - قلعة سنان,الحميمة,13,511,511,100.0,0
/Users/mohameddhiahammami/iCloud Drive (Archive)/www.isie.tn/wp-content/uploads/2024/ListesElecteurs06Juillet2024/الداخل/الكاف/0703_نبر - الطويرف - ساقية سيدي يوسف - تاجروين - قلعة سنان/الحوض.pdf,الحوض.pdf,الكاف,نبر - الطويرف - ساقية سيدي يوسف - تاجروين - قلعة سنان,الحوض,29,1202,1202,100.0,0
/Users/mohameddhiahammami/iCloud Drive (Archive)/www.isie.tn/wp-content/uploads/2024/ListesElecteurs06Juillet2024/الداخل/الكاف/0703_نبر - الطويرف - ساقية سيدي يوسف - تاجروين - قلعة سنان/السفاية.pdf,السفاية.pdf,الكاف,نبر - الطويرف - ساقية سيدي يوسف - تاجروين - قلعة سنان,السفاية,12,473,473,100.0,0
/Users/mohameddhiahammami/iCloud Drive (Archive)/www.isie.tn/wp-content/uploads/2024/ListesElecteurs06Juillet2024/الداخل/الكاف/0703_نبر - الطويرف - ساقية سيدي يوسف - تاجروين - قلعة سنان/الشتاتلة.pdf,الشتاتلة.pdf,الكاف,نبر - الطويرف - ساقية سيدي يوسف - تاجروين - قلعة سنان,الشتاتلة,20,793,793,100.0,0
/Users/mohameddhiahammami/iCloud Drive (Archive)/www.isie.tn/wp-content/uploads/2024/ListesElecteurs06Juillet2024/الداخل/الكاف/0703_نبر - الطويرف - ساقية سيدي يوسف - تاجروين - قلعة سنان/الصفصاف.pdf,الصفصاف.pdf,الكاف,نبر - الطويرف - ساقية سيدي يوسف - تاجروين - قلعة سنان,الصفصاف,8,305,305,100.0,0
/Users/mohameddhiahammami/iCloud Drive (Archive)/www.isie.tn/wp-content/uploads/2024/ListesElecteurs06Juillet2024/الداخل/الكاف/0703_نبر - الطويرف - ساقية سيدي يوسف - تاجروين - قلعة سنان/الطابية.pdf,الطابية.pdf,الكاف,نبر - الطويرف - ساقية سيدي يوسف - تاجروين - قلعة سنان,الطابية,19,765,765,100.0,0
/Users/mohameddhiahammami/iCloud Drive (Archive)/www.isie.tn/wp-content/uploads/2024/ListesElecteurs06Juillet2024/الداخل/الكاف/0703_نبر - الطويرف - ساقية سيدي يوسف - تاجروين - قلعة سنان/الطويرف.pdf,الطويرف.pdf,الكاف,نبر - الطويرف - ساقية سيدي يوسف - تاجروين - قلعة سنان,الطويرف,69,2976,2976,100.0,0
/Users/mohameddhiahammami/iCloud Drive (Archive)/www.isie.tn/wp-content/uploads/2024/ListesElecteurs06Juillet2024/الداخل/الكاف/0703_نبر - الطويرف - ساقية سيدي يوسف - تاجروين - قلعة سنان/الفالتة.pdf,الفالتة.pdf,الكاف,نبر - الطويرف - ساقية سيدي يوسف - تاجروين - قلعة سنان,الفالتة,21,843,843,100.0,0
/Users/mohameddhiahammami/iCloud Drive (Archive)/www.isie.tn/wp-content/uploads/2024/ListesElecteurs06Juillet2024/الداخل/الكاف/0703_نبر - الطويرف - ساقية سيدي يوسف - تاجروين - قلعة سنان/القصر.pdf,القصر.pdf,الكاف,نبر - الطويرف - ساقية سيدي يوسف - تاجروين - قلعة سنان,القصر,49,2080,2080,100.0,0
/Users/mohameddhiahammami/iCloud Drive (Archive)/www.isie.tn/wp-content/uploads/2024/ListesElecteurs06Juillet2024/الداخل/الكاف/0703_نبر - الطويرف - ساقية سيدي يوسف - تاجروين - قلعة سنان/المحجوبة.pdf,المحجوبة.pdf,الكاف,نبر - الطويرف - ساقية سيدي يوسف - تاجروين - قلعة سنان,المحجوبة,23,948,948,100.0,0
/Users/mohameddhiahammami/iCloud Drive (Archive)/www.isie.tn/wp-content/uploads/2024/ListesElecteurs06Juillet2024/الداخل/الكاف/0703_نبر - الطويرف - ساقية سيدي يوسف - تاجروين - قلعة سنان/النجاة.pdf,النجاة.pdf,الكاف,نبر - الطويرف - ساقية سيدي يوسف - تاجروين - قلعة سنان,النجاة,11,430,430,100.0,0
/Users/mohameddhiahammami/iCloud Drive (Archive)/www.isie.tn/wp-content/uploads/2024/ListesElecteurs06Juillet2024/الداخل/الكاف/0703_نبر - الطويرف - ساقية سيدي يوسف - تاجروين - قلعة سنان/برج الديوانة.pdf,برج الديوانة.pdf,الكاف,نبر - الطويرف - ساقية سيدي يوسف - تاجروين - قلعة سنان,برج الديوانة,8,278,278,100.0,0
/Users/mohameddhiahammami/iCloud Drive (Archive)/www.isie.tn/wp-content/uploads/2024/ListesElecteurs06Juillet2024/الداخل/الكاف/0703_نبر - الطويرف - ساقية سيدي يوسف - تاجروين - قلعة سنان/بهرة.pdf,بهرة.pdf,الكاف,نبر - الطويرف - ساقية سيدي يوسف - تاجروين - قلعة سنان,بهرة,67,2880,2880,100.0,0
/Users/mohameddhiahammami/iCloud Drive (Archive)/www.isie.tn/wp-content/uploads/2024/ListesElecteurs06Juillet2024/الداخل/الكاف/0703_نبر - الطويرف - ساقية سيدي يوسف - تاجروين - قلعة سنان/بوجابر.pdf,بوجابر.pdf,الكاف,نبر - الطويرف - ساقية سيدي يوسف - تاجروين - قلعة سنان,بوجابر,19,763,763,100.0,0
/Users/mohameddhiahammami/iCloud Drive (Archive)/www.isie.tn/wp-content/uploads/2024/ListesElecteurs06Juillet2024/الداخل/الكاف/0703_نبر - الطويرف - ساقية سيدي يوسف - تاجروين - قلعة سنان/تاجروين الجنوبية.pdf,تاجروين الجنوبية.pdf,الكاف,نبر - الطويرف - ساقية سيدي يوسف - تاجروين - قلعة سنان,تاجروين الجنوبية,138,6006,6006,100.0,0
/Users/mohameddhiahammami/iCloud Drive (Archive)/www.isie.tn/wp-content/uploads/2024/ListesElecteurs06Juillet2024/الداخل/الكاف/0703_نبر - الطويرف - ساقية سيدي يوسف - تاجروين - قلعة سنان/تاجروين الشمالية.pdf,تاجروين الشمالية.pdf,الكاف,نبر - الطويرف - ساقية سيدي يوسف - تاجروين - قلعة سنان,تاجروين الشمالية,20,796,796,100.0,0
/Users/mohameddhiahammami/iCloud Drive (Archive)/www.isie.tn/wp-content/uploads/2024/ListesElecteurs06Juillet2024/الداخل/الكاف/0703_نبر - الطويرف - ساقية سيدي يوسف - تاجروين - قلعة سنان/تل الغزلان.pdf,تل الغزلان.pdf,الكاف,نبر - الطويرف - ساقية سيدي يوسف - تاجروين - قلعة سنان,تل الغزلان,41,1746,1746,100.0,0
/Users/mohameddhiahammami/iCloud Drive (Archive)/www.isie.tn/wp-content/uploads/2024/ListesElecteurs06Juillet2024/الداخل/الكاف/0703_نبر - الطويرف - ساقية سيدي يوسف - تاجروين - قلعة سنان/جرادو.pdf,جرادو.pdf,الكاف,نبر - الطويرف - ساقية سيدي يوسف - تاجروين - قلعة سنان,جرادو,40,1685,1685,100.0,0
/Users/mohameddhiahammami/iCloud Drive (Archive)/www.isie.tn/wp-content/uploads/2024/ListesElecteurs06Juillet2024/الداخل/الكاف/0703_نبر - الطويرف - ساقية سيدي يوسف - تاجروين - قلعة سنان/جزة.pdf,جزة.pdf,الكاف,نبر - الطويرف - ساقية سيدي يوسف - تاجروين - قلعة سنان,جزة,32,1324,1324,100.0,0
/Users/mohameddhiahammami/iCloud Drive (Archive)/www.isie.tn/wp-content/uploads/2024/ListesElecteurs06Juillet2024/الداخل/الكاف/0703_نبر - الطويرف - ساقية سيدي يوسف - تاجروين - قلعة سنان/حي بورقيبة.pdf,حي بورقيبة.pdf,الكاف,نبر - الطويرف - ساقية سيدي يوسف - تاجروين - قلعة سنان,حي بورقيبة,103,4478,4478,100.0,0
/Users/mohameddhiahammami/iCloud Drive (Archive)/www.isie.tn/wp-content/uploads/2024/ListesElecteurs06Juillet2024/الداخل/الكاف/0703_نبر - الطويرف - ساقية سيدي يوسف - تاجروين - قلعة سنان/ساقية سيدي يوسف.pdf,ساقية سيدي يوسف.pdf,الكاف,نبر - الطويرف - ساقية سيدي يوسف - تاجروين - قلعة سنان,ساقية سيدي يوسف,149,6502,6502,100.0,0
/Users/mohameddhiahammami/iCloud Drive (Archive)/www.isie.tn/wp-content/uploads/2024/ListesElecteurs06Juillet2024/الداخل/الكاف/0703_نبر - الطويرف - ساقية سيدي يوسف - تاجروين - قلعة سنان/سد الخير.pdf,سد الخير.pdf,الكاف,نبر - الطويرف - ساقية سيدي يوسف - تاجروين - قلعة سنان,سد الخير,16,659,659,100.0,0
/Users/mohameddhiahammami/iCloud Drive (Archive)/www.isie.tn/wp-content/uploads/2024/ListesElecteurs06Juillet2024/الداخل/الكاف/0703_نبر - الطويرف - ساقية سيدي يوسف - تاجروين - قلعة سنان/سركونة.pdf,سركونة.pdf,الكاف,نبر - الطويرف - ساقية سيدي يوسف - تاجروين - قلعة سنان,سركونة,9,311,311,100.0,0
/Users/mohameddhiahammami/iCloud Drive (Archive)/www.isie.tn/wp-content/uploads/2024/ListesElecteurs06Juillet2024/الداخل/الكاف/0703_نبر - الطويرف - ساقية سيدي يوسف - تاجروين - قلعة سنان/سيدي خيار.pdf,سيدي خيار.pdf,الكاف,نبر - الطويرف - ساقية سيدي يوسف - تاجروين - قلعة سنان,سيدي خيار,45,1905,1905,100.0,0
/Users/mohameddhiahammami/iCloud Drive (Archive)/www.isie.tn/wp-content/uploads/2024/ListesElecteurs06Juillet2024/الداخل/الكاف/0703_نبر - الطويرف - ساقية سيدي يوسف - تاجروين - قلعة سنان/سيدي رابح.pdf,سيدي رابح.pdf,الكاف,نبر - الطويرف - ساقية سيدي يوسف - تاجروين - قلعة سنان,سيدي رابح,37,1541,1541,100.0,0
/Users/mohameddhiahammami/iCloud Drive (Archive)/www.isie.tn/wp-content/uploads/2024/ListesElecteurs06Juillet2024/الداخل/الكاف/0703_نبر - الطويرف - ساقية سيدي يوسف - تاجروين - قلعة سنان/سيدي عبد الباسط.pdf,سيدي عبد الباسط.pdf,الكاف,نبر - الطويرف - ساقية سيدي يوسف - تاجروين - قلعة سنان,سيدي عبد الباسط,32,1335,1335,100.0,0
/Users/mohameddhiahammami/iCloud Drive (Archive)/www.isie.tn/wp-content/uploads/2024/ListesElecteurs06Juillet2024/الداخل/الكاف/0703_نبر - الطويرف - ساقية سيدي يوسف - تاجروين - قلعة سنان/سيدي مدين.pdf,سيدي مدين.pdf,الكاف,نبر - الطويرف - ساقية سيدي يوسف - تاجروين - قلعة سنان,سيدي مدين,26,1070,1070,100.0,0
/Users/mohameddhiahammami/iCloud Drive (Archive)/www.isie.tn/wp-content/uploads/2024/ListesElecteurs06Juillet2024/الداخل/الكاف/0703_نبر - الطويرف - ساقية سيدي يوسف - تاجروين - قلعة سنان/سيدي مطير.pdf,سيدي مطير.pdf,الكاف,نبر - الطويرف - ساقية سيدي يوسف - تاجروين - قلعة سنان,سيدي مطير,39,1646,1646,100.0,0
/Users/mohameddhiahammami/iCloud Drive (Archive)/www.isie.tn/wp-content/uploads/2024/ListesElecteurs06Juillet2024/الداخل/الكاف/0703_نبر - الطويرف - ساقية سيدي يوسف - تاجروين - قلعة سنان/عين الآبار.pdf,عين الآبار.pdf,الكاف,نبر - الطويرف - ساقية سيدي يوسف - تاجروين - قلعة سنان,عين الآبار,75,3219,3219,100.0,0
/Users/mohameddhiahammami/iCloud Drive (Archive)/www.isie.tn/wp-content/uploads/2024/ListesElecteurs06Juillet2024/الداخل/الكاف/0703_نبر - الطويرف - ساقية سيدي يوسف - تاجروين - قلعة سنان/عين الكرمة.pdf,عين الكرمة.pdf,الكاف,نبر - الطويرف - ساقية سيدي يوسف - تاجروين - قلعة سنان,عين الكرمة,36,1507,1507,100.0,0
/Users/mohameddhiahammami/iCloud Drive (Archive)/www.isie.tn/wp-content/uploads/2024/ListesElecteurs06Juillet2024/الداخل/الكاف/0703_نبر - الطويرف - ساقية سيدي يوسف - تاجروين - قلعة سنان/عين سنان.pdf,عين سنان.pdf,الكاف,نبر - الطويرف - ساقية سيدي يوسف - تاجروين - قلعة سنان,عين سنان,20,813,813,100.0,0
/Users/mohameddhiahammami/iCloud Drive (Archive)/www.isie.tn/wp-content/uploads/2024/ListesElecteurs06Juillet2024/الداخل/الكاف/0703_نبر - الطويرف - ساقية سيدي يوسف - تاجروين - قلعة سنان/عين مازر.pdf,عين مازر.pdf,الكاف,نبر - الطويرف - ساقية سيدي يوسف - تاجروين - قلعة سنان,عين مازر,30,1270,1270,100.0,0
/Users/mohameddhiahammami/iCloud Drive (Archive)/www.isie.tn/wp-content/uploads/2024/ListesElecteurs06Juillet2024/الداخل/الكاف/0703_نبر - الطويرف - ساقية سيدي يوسف - تاجروين - قلعة سنان/فرشان.pdf,فرشان.pdf,الكاف,نبر - الطويرف - ساقية سيدي يوسف - تاجروين - قلعة سنان,فرشان,29,1193,1193,100.0,0
/Users/mohameddhiahammami/iCloud Drive (Archive)/www.isie.tn/wp-content/uploads/2024/ListesElecteurs06Juillet2024/الداخل/الكاف/0703_نبر - الطويرف - ساقية سيدي يوسف - تاجروين - قلعة سنان/قرن حلفاية.pdf,قرن حلفاية.pdf,الكاف,نبر - الطويرف - ساقية سيدي يوسف - تاجروين - قلعة سنان,قرن حلفاية,9,314,314,100.0,0
/Users/mohameddhiahammami/iCloud Drive (Archive)/www.isie.tn/wp-content/uploads/2024/ListesElecteurs06Juillet2024/الداخل/الكاف/0703_نبر - الطويرف - ساقية سيدي يوسف - تاجروين - قلعة سنان/قلعة سنان.pdf,قلعة سنان.pdf,الكاف,نبر - الطويرف - ساقية سيدي يوسف - تاجروين - قلعة سنان,قلعة سنان,169,7360,7360,100.0,0
/Users/mohameddhiahammami/iCloud Drive (Archive)/www.isie.tn/wp-content/uploads/2024/ListesElecteurs06Juillet2024/الداخل/الكاف/0703_نبر - الطويرف - ساقية سيدي يوسف - تاجروين - قلعة سنان/مزيتة.pdf,مزيتة.pdf,الكاف,نبر - الطويرف - ساقية سيدي يوسف - تاجروين - قلعة سنان,مزيتة,10,361,361,100.0,0
/Users/mohameddhiahammami/iCloud Drive (Archive)/www.isie.tn/wp-content/uploads/2024/ListesElecteurs06Juillet2024/الداخل/الكاف/0703_نبر - الطويرف - ساقية سيدي يوسف - تاجروين - قلعة سنان/ملاق.pdf,ملاق.pdf,الكاف,نبر - الطويرف - ساقية سيدي يوسف - تاجروين - قلعة سنان,ملاق,27,1121,1121,100.0,0
/Users/mohameddhiahammami/iCloud Drive (Archive)/www.isie.tn/wp-content/uploads/2024/ListesElecteurs06Juillet2024/الداخل/الكاف/0703_نبر - الطويرف - ساقية سيدي يوسف - تاجروين - قلعة سنان/ملالة.pdf,ملالة.pdf,الكاف,نبر - الطويرف - ساقية سيدي يوسف - تاجروين - قلعة سنان,ملالة,24,990,990,100.0,0
/Users/mohameddhiahammami/iCloud Drive (Archive)/www.isie.tn/wp-content/uploads/2024/ListesElecteurs06Juillet2024/الداخل/الكاف/0703_نبر - الطويرف - ساقية سيدي يوسف - تاجروين - قلعة سنان/منزل سالم.pdf,منزل سالم.pdf,الكاف,نبر - الطويرف - ساقية سيدي يوسف - تاجروين - قلعة سنان,منزل سالم,34,1442,1442,100.0,0
/Users/mohameddhiahammami/iCloud Drive (Archive)/www.isie.tn/wp-content/uploads/2024/ListesElecteurs06Juillet2024/الداخل/الكاف/0703_نبر - الطويرف - ساقية سيدي يوسف - تاجروين - قلعة سنان/نبر.pdf,نبر.pdf,الكاف,نبر - الطويرف - ساقية سيدي يوسف - تاجروين - قلعة سنان,نبر,94,4064,4064,100.0,0
/Users/mohameddhiahammami/iCloud Drive (Archive)/www.isie.tn/wp-content/uploads/2024/ListesElecteurs06Juillet2024/الداخل/الكاف/0703_نبر - الطويرف - ساقية سيدي يوسف - تاجروين - قلعة سنان/ولجة السدرة.pdf,ولجة السدرة.pdf,الكاف,نبر - الطويرف - ساقية سيدي يوسف - تاجروين - قلعة سنان,ولجة السدرة,18,738,738,100.0,0
/Users/mohameddhiahammami/iCloud Drive (Archive)/www.isie.tn/wp-content/uploads/2024/ListesElecteurs06Juillet2024/الداخل/المنستير/2201_الساحلين - الوردانين - بنبلة/الساحلين الشرقية.pdf,الساحلين الشرقية.pdf,المنستير,الساحلين - الوردانين - بنبلة,الساحلين الشرقية,142,6171,6171,100.0,0
/Users/mohameddhiahammami/iCloud Drive (Archive)/www.isie.tn/wp-content/uploads/2024/ListesElecteurs06Juillet2024/الداخل/المنستير/2201_الساحلين - الوردانين - بنبلة/الساحلين الغربية.pdf,الساحلين الغربية.pdf,المنستير,الساحلين - الوردانين - بنبلة,الساحلين الغربية,145,6323,6323,100.0,0
/Users/mohameddhiahammami/iCloud Drive (Archive)/www.isie.tn/wp-content/uploads/2024/ListesElecteurs06Juillet2024/الداخل/المنستير/2201_الساحلين - الوردانين - بنبلة/المصدور.pdf,المصدور.pdf,المنستير,الساحلين - الوردانين - بنبلة,المصدور,59,2539,2539,100.0,0
/Users/mohameddhiahammami/iCloud Drive (Archive)/www.isie.tn/wp-content/uploads/2024/ListesElecteurs06Juillet2024/الداخل/المنستير/2201_الساحلين - الوردانين - بنبلة/المنارة.pdf,المنارة.pdf,المنستير,الساحلين - الوردانين - بنبلة,المنارة,43,1833,1833,100.0,0
/Users/mohameddhiahammami/iCloud Drive (Archive)/www.isie.tn/wp-content/uploads/2024/ListesElecteurs06Juillet2024/الداخل/المنستير/2201_الساحلين - الوردانين - بنبلة/الوردانين الجنوبية.pdf,الوردانين الجنوبية.pdf,المنستير,الساحلين - الوردانين - بنبلة,الوردانين الجنوبية,238,10385,10385,100.0,0
/Users/mohameddhiahammami/iCloud Drive (Archive)/www.isie.tn/wp-content/uploads/2024/ListesElecteurs06Juillet2024/الداخل/المنستير/2201_الساحلين - الوردانين - بنبلة/الوردانين الشمالية.pdf,الوردانين الشمالية.pdf,المنستير,الساحلين - الوردانين - بنبلة,الوردانين الشمالية,122,5282,5282,100.0,0
/Users/mohameddhiahammami/iCloud Drive (Archive)/www.isie.tn/wp-content/uploads/2024/ListesElecteurs06Juillet2024/الداخل/المنستير/2201_الساحلين - الوردانين - بنبلة/بنبلة.pdf,بنبلة.pdf,المنستير,الساحلين - الوردانين - بنبلة,بنبلة,157,6851,6851,100.0,0
/Users/mohameddhiahammami/iCloud Drive (Archive)/www.isie.tn/wp-content/uploads/2024/ListesElecteurs06Juillet2024/الداخل/المنستير/2201_الساحلين - الوردانين - بنبلة/بنبلة الغربية.pdf,بنبلة الغربية.pdf,المنستير,الساحلين - الوردانين - بنبلة,بنبلة الغربية,75,3256,3256,100.0,0
/Users/mohameddhiahammami/iCloud Drive (Archive)/www.isie.tn/wp-content/uploads/2024/ListesElecteurs06Juillet2024/الداخل/المنستير/2201_الساحلين - الوردانين - بنبلة/سيدي بوعثمان.pdf,سيدي بوعثمان.pdf,المنستير,الساحلين - الوردانين - بنبلة,سيدي بوعثمان,14,546,546,100.0,0
/Users/mohameddhiahammami/iCloud Drive (Archive)/www.isie.tn/wp-content/uploads/2024/ListesElecteurs06Juillet2024/الداخل/المنستير/2201_الساحلين - الوردانين - بنبلة/سيدي عامر.pdf,سيدي عامر.pdf,المنستير,الساحلين - الوردانين - بنبلة,سيدي عامر,119,5177,5177,100.0,0
/Users/mohameddhiahammami/iCloud Drive (Archive)/www.isie.tn/wp-content/uploads/2024/ListesElecteurs06Juillet2024/الداخل/المنستير/2201_الساحلين - الوردانين - بنبلة/مسجد عيسى.pdf,مسجد عيسى.pdf,المنستير,الساحلين - الوردانين - بنبلة,مسجد عيسى,34,1451,1451,100.0,0
/Users/mohameddhiahammami/iCloud Drive (Archive)/www.isie.tn/wp-content/uploads/2024/ListesElecteurs06Juillet2024/الداخل/المنستير/2201_الساحلين - الوردانين - بنبلة/معتمر.pdf,معتمر.pdf,المنستير,الساحلين - الوردانين - بنبلة,معتمر,75,3254,3254,100.0,0
/Users/mohameddhiahammami/iCloud Drive (Archive)/www.isie.tn/wp-content/uploads/2024/ListesElecteurs06Juillet2024/الداخل/المنستير/2201_الساحلين - الوردانين - بنبلة/منزل النور.pdf,منزل النور.pdf,المنستير,الساحلين - الوردانين - بنبلة,منزل النور,210,9174,9174,100.0,0
/Users/mohameddhiahammami/iCloud Drive (Archive)/www.isie.tn/wp-content/uploads/2024/ListesElecteurs06Juillet2024/الداخل/المنستير/2201_الساحلين - الوردانين - بنبلة/منزل حرب.pdf,منزل حرب.pdf,المنستير,الساحلين - الوردانين - بنبلة,منزل حرب,27,1122,1122,100.0,0
/Users/mohameddhiahammami/iCloud Drive (Archive)/www.isie.tn/wp-content/uploads/2024/ListesElecteurs06Juillet2024/الداخل/المنستير/2201_الساحلين - الوردانين - بنبلة/منزل خير.pdf,منزل خير.pdf,المنستير,الساحلين - الوردانين - بنبلة,منزل خير,21,876,876,100.0,0
/Users/mohameddhiahammami/iCloud Drive (Archive)/www.isie.tn/wp-content/uploads/2024/ListesElecteurs06Juillet2024/الداخل/المنستير/2201_الساحلين - الوردانين - بنبلة/وادي الجبس.pdf,وادي الجبس.pdf,المنستير,الساحلين - الوردانين - بنبلة,وادي الجبس,11,405,405,100.0,0
/Users/mohameddhiahammami/iCloud Drive (Archive)/www.isie.tn/wp-content/uploads/2024/ListesElecteurs06Juillet2024/الداخل/المنستير/2202_المكنين/الشراحيل.pdf,الشراحيل.pdf,المنستير,المكنين,الشراحيل,85,3694,3694,100.0,0
/Users/mohameddhiahammami/iCloud Drive (Archive)/www.isie.tn/wp-content/uploads/2024/ListesElecteurs06Juillet2024/الداخل/المنستير/2202_المكنين/المكنين الجوفية.pdf,المكنين الجوفية.pdf,المنستير,المكنين,المكنين الجوفية,99,4295,4295,100.0,0
/Users/mohameddhiahammami/iCloud Drive (Archive)/www.isie.tn/wp-content/uploads/2024/ListesElecteurs06Juillet2024/الداخل/المنستير/2202_المكنين/المكنين الشرقية.pdf,المكنين الشرقية.pdf,المنستير,المكنين,المكنين الشرقية,354,15508,15508,100.0,0
/Users/mohameddhiahammami/iCloud Drive (Archive)/www.isie.tn/wp-content/uploads/2024/ListesElecteurs06Juillet2024/الداخل/المنستير/2202_المكنين/المكنين الغربية.pdf,المكنين الغربية.pdf,المنستير,المكنين,المكنين الغربية,149,6485,6485,100.0,0
/Users/mohameddhiahammami/iCloud Drive (Archive)/www.isie.tn/wp-content/uploads/2024/ListesElecteurs06Juillet2024/الداخل/المنستير/2202_المكنين/المكنين القبلية.pdf,المكنين القبلية.pdf,المنستير,المكنين,المكنين القبلية,31,1317,1317,100.0,0
/Users/mohameddhiahammami/iCloud Drive (Archive)/www.isie.tn/wp-content/uploads/2024/ListesElecteurs06Juillet2024/الداخل/المنستير/2202_المكنين/خير الدين.pdf,خير الدين.pdf,المنستير,المكنين,خير الدين,162,7052,7052,100.0,0
/Users/mohameddhiahammami/iCloud Drive (Archive)/www.isie.tn/wp-content/uploads/2024/ListesElecteurs06Juillet2024/الداخل/المنستير/2202_المكنين/راس الوادي.pdf,راس الوادي.pdf,المنستير,المكنين,راس الوادي,233,10200,10200,100.0,0
/Users/mohameddhiahammami/iCloud Drive (Archive)/www.isie.tn/wp-content/uploads/2024/ListesElecteurs06Juillet2024/الداخل/المنستير/2202_المكنين/سيدي بنور.pdf,سيدي بنور.pdf,المنستير,المكنين,سيدي بنور,88,3789,3789,100.0,0
/Users/mohameddhiahammami/iCloud Drive (Archive)/www.isie.tn/wp-content/uploads/2024/ListesElecteurs06Juillet2024/الداخل/المنستير/2202_المكنين/عميرة التوازرة.pdf,عميرة التوازرة.pdf,المنستير,المكنين,عميرة التوازرة,59,2523,2523,100.0,0
/Users/mohameddhiahammami/iCloud Drive (Archive)/www.isie.tn/wp-content/uploads/2024/ListesElecteurs06Juillet2024/الداخل/المنستير/2202_المكنين/عميرة التوازرة الجنوبية.pdf,عميرة التوازرة الجنوبية.pdf,المنستير,المكنين,عميرة التوازرة الجنوبية,49,2072,2072,100.0,0
/Users/mohameddhiahammami/iCloud Drive (Archive)/www.isie.tn/wp-content/uploads/2024/ListesElecteurs06Juillet2024/الداخل/المنستير/2202_المكنين/عميرة الحجاج.pdf,عميرة الحجاج.pdf,المنستير,المكنين,عميرة الحجاج,136,5919,5919,100.0,0
/Users/mohameddhiahammami/iCloud Drive (Archive)/www.isie.tn/wp-content/uploads/2024/ListesElecteurs06Juillet2024/الداخل/المنستير/2202_المكنين/عميرة الفحول.pdf,عميرة الفحول.pdf,المنستير,المكنين,عميرة الفحول,91,3934,3934,100.0,0
/Users/mohameddhiahammami/iCloud Drive (Archive)/www.isie.tn/wp-content/uploads/2024/ListesElecteurs06Juillet2024/الداخل/المنستير/2202_المكنين/منزل فارسي.pdf,منزل فارسي.pdf,المنستير,المكنين,منزل فارسي,68,2919,2919,100.0,0
/Users/mohameddhiahammami/iCloud Drive (Archive)/www.isie.tn/wp-content/uploads/2024/ListesElecteurs06Juillet2024/الداخل/المنستير/2203_المنستير 1/الربط.pdf,الربط.pdf,المنستير,المنستير 1,الربط,164,7138,7138,100.0,0
/Users/mohameddhiahammami/iCloud Drive (Archive)/www.isie.tn/wp-content/uploads/2024/ListesElecteurs06Juillet2024/الداخل/المنستير/2203_المنستير 1/المدينة.pdf,المدينة.pdf,المنستير,المنستير 1,المدينة,176,7686,7686,100.0,0
/Users/mohameddhiahammami/iCloud Drive (Archive)/www.isie.tn/wp-content/uploads/2024/ListesElecteurs06Juillet2024/الداخل/المنستير/2203_المنستير 1/المدينة 2.pdf,المدينة 2.pdf,المنستير,المنستير 1,المدينة 2,196,8566,8566,100.0,0
/Users/mohameddhiahammami/iCloud Drive (Archive)/www.isie.tn/wp-content/uploads/2024/ListesElecteurs06Juillet2024/الداخل/المنستير/2203_المنستير 1/باب الغربي.pdf,باب الغربي.pdf,المنستير,المنستير 1,باب الغربي,387,16971,16971,100.0,0
/Users/mohameddhiahammami/iCloud Drive (Archive)/www.isie.tn/wp-content/uploads/2024/ListesElecteurs06Juillet2024/الداخل/المنستير/2204_المنستير 2/الحلية.pdf,الحلية.pdf,المنستير,المنستير 2,الحلية,168,7342,7342,100.0,0
/Users/mohameddhiahammami/iCloud Drive (Archive)/www.isie.tn/wp-content/uploads/2024/ListesElecteurs06Juillet2024/الداخل/المنستير/2204_المنستير 2/الحلية 2.pdf,الحلية 2.pdf,المنستير,المنستير 2,الحلية 2,223,9743,9743,100.0,0
/Users/mohameddhiahammami/iCloud Drive (Archive)/www.isie.tn/wp-content/uploads/2024/ListesElecteurs06Juillet2024/الداخل/المنستير/2204_المنستير 2/خنيس.pdf,خنيس.pdf,المنستير,المنستير 2,خنيس,187,8156,8156,100.0,0
/Users/mohameddhiahammami/iCloud Drive (Archive)/www.isie.tn/wp-content/uploads/2024/ListesElecteurs06Juillet2024/الداخل/المنستير/2204_المنستير 2/خنيس الشمالية.pdf,خنيس الشمالية.pdf,المنستير,المنستير 2,خنيس الشمالية,45,1931,1931,100.0,0
/Users/mohameddhiahammami/iCloud Drive (Archive)/www.isie.tn/wp-content/uploads/2024/ListesElecteurs06Juillet2024/الداخل/المنستير/2204_المنستير 2/صقانس.pdf,صقانس.pdf,المنستير,المنستير 2,صقانس,385,16870,16870,100.0,0
/Users/mohameddhiahammami/iCloud Drive (Archive)/www.isie.tn/wp-content/uploads/2024/ListesElecteurs06Juillet2024/الداخل/المنستير/2205_جمال/الطيايرة.pdf,الطيايرة.pdf,المنستير,جمال,الطيايرة,28,1166,1166,100.0,0
/Users/mohameddhiahammami/iCloud Drive (Archive)/www.isie.tn/wp-content/uploads/2024/ListesElecteurs06Juillet2024/الداخل/المنستير/2205_جمال/الهدادرة.pdf,الهدادرة.pdf,المنستير,جمال,الهدادرة,20,822,822,100.0,0
/Users/mohameddhiahammami/iCloud Drive (Archive)/www.isie.tn/wp-content/uploads/2024/ListesElecteurs06Juillet2024/الداخل/المنستير/2205_جمال/بئر الطيب.pdf,بئر الطيب.pdf,المنستير,جمال,بئر الطيب,27,1103,1103,100.0,0
/Users/mohameddhiahammami/iCloud Drive (Archive)/www.isie.tn/wp-content/uploads/2024/ListesElecteurs06Juillet2024/الداخل/المنستير/2205_جمال/جمال الجوفية.pdf,جمال الجوفية.pdf,المنستير,جمال,جمال الجوفية,41,1756,1756,100.0,0
/Users/mohameddhiahammami/iCloud Drive (Archive)/www.isie.tn/wp-content/uploads/2024/ListesElecteurs06Juillet2024/الداخل/المنستير/2205_جمال/جمال الشرقية.pdf,جمال الشرقية.pdf,المنستير,جمال,جمال الشرقية,320,14018,14018,100.0,0
/Users/mohameddhiahammami/iCloud Drive (Archive)/www.isie.tn/wp-content/uploads/2024/ListesElecteurs06Juillet2024/الداخل/المنستير/2205_جمال/جمال الغربية.pdf,جمال الغربية.pdf,المنستير,جمال,جمال الغربية,264,11555,11555,100.0,0
/Users/mohameddhiahammami/iCloud Drive (Archive)/www.isie.tn/wp-content/uploads/2024/ListesElecteurs06Juillet2024/الداخل/المنستير/2205_جمال/جمال القبلية.pdf,جمال القبلية.pdf,المنستير,جمال,جمال القبلية,240,10475,10475,100.0,0
/Users/mohameddhiahammami/iCloud Drive (Archive)/www.isie.tn/wp-content/uploads/2024/ListesElecteurs06Juillet2024/الداخل/المنستير/2205_جمال/زاوية قنطش.pdf,زاوية قنطش.pdf,المنستير,جمال,زاوية قنطش,112,4841,4841,100.0,0
/Users/mohameddhiahammami/iCloud Drive (Archive)/www.isie.tn/wp-content/uploads/2024/ListesElecteurs06Juillet2024/الداخل/المنستير/2205_جمال/منزل كامل.pdf,منزل كامل.pdf,المنستير,جمال,منزل كامل,154,6731,6731,100.0,0
/Users/mohameddhiahammami/iCloud Drive (Archive)/www.isie.tn/wp-content/uploads/2024/ListesElecteurs06Juillet2024/الداخل/المنستير/2206_زرمدين - بني حسان/الجنائحة.pdf,الجنائحة.pdf,المنستير,زرمدين - بني حسان,الجنائحة,15,589,589,100.0,0
/Users/mohameddhiahammami/iCloud Drive (Archive)/www.isie.tn/wp-content/uploads/2024/ListesElecteurs06Juillet2024/الداخل/المنستير/2206_زرمدين - بني حسان/الغنادة.pdf,الغنادة.pdf,المنستير,زرمدين - بني حسان,الغنادة,51,2200,2200,100.0,0
/Users/mohameddhiahammami/iCloud Drive (Archive)/www.isie.tn/wp-content/uploads/2024/ListesElecteurs06Juillet2024/الداخل/المنستير/2206_زرمدين - بني حسان/المزاوغة.pdf,المزاوغة.pdf,المنستير,زرمدين - بني حسان,المزاوغة,46,1964,1964,100.0,0
/Users/mohameddhiahammami/iCloud Drive (Archive)/www.isie.tn/wp-content/uploads/2024/ListesElecteurs06Juillet2024/الداخل/المنستير/2206_زرمدين - بني حسان/المليشات.pdf,المليشات.pdf,المنستير,زرمدين - بني حسان,المليشات,84,3622,3622,100.0,0
/Users/mohameddhiahammami/iCloud Drive (Archive)/www.isie.tn/wp-content/uploads/2024/ListesElecteurs06Juillet2024/الداخل/المنستير/2206_زرمدين - بني حسان/بني حسان الجوفية.pdf,بني حسان الجوفية.pdf,المنستير,زرمدين - بني حسان,بني حسان الجوفية,58,2476,2476,100.0,0
/Users/mohameddhiahammami/iCloud Drive (Archive)/www.isie.tn/wp-content/uploads/2024/ListesElecteurs06Juillet2024/الداخل/المنستير/2206_زرمدين - بني حسان/بني حسان القبلية.pdf,بني حسان القبلية.pdf,المنستير,زرمدين - بني حسان,بني حسان القبلية,111,4838,4838,100.0,0
/Users/mohameddhiahammami/iCloud Drive (Archive)/www.isie.tn/wp-content/uploads/2024/ListesElecteurs06Juillet2024/الداخل/المنستير/2206_زرمدين - بني حسان/حاتم.pdf,حاتم.pdf,المنستير,زرمدين - بني حسان,حاتم,30,1263,1263,100.0,0
/Users/mohameddhiahammami/iCloud Drive (Archive)/www.isie.tn/wp-content/uploads/2024/ListesElecteurs06Juillet2024/الداخل/المنستير/2206_زرمدين - بني حسان/زرمدين الجنوبية.pdf,زرمدين الجنوبية.pdf,المنستير,زرمدين - بني حسان,زرمدين الجنوبية,190,8292,8292,100.0,0
/Users/mohameddhiahammami/iCloud Drive (Archive)/www.isie.tn/wp-content/uploads/2024/ListesElecteurs06Juillet2024/الداخل/المنستير/2206_زرمدين - بني حسان/زرمدين الشمالية.pdf,زرمدين الشمالية.pdf,المنستير,زرمدين - بني حسان,زرمدين الشمالية,154,6716,6716,100.0,0
/Users/mohameddhiahammami/iCloud Drive (Archive)/www.isie.tn/wp-content/uploads/2024/ListesElecteurs06Juillet2024/الداخل/المنستير/2206_زرمدين - بني حسان/منزل الحياة.pdf,منزل الحياة.pdf,المنستير,زرمدين - بني حسان,منزل الحياة,89,3831,3831,100.0,0
/Users/mohameddhiahammami/iCloud Drive (Archive)/www.isie.tn/wp-content/uploads/2024/ListesElecteurs06Juillet2024/الداخل/المنستير/2207_طبلبة - البقالطة - صيادة - لمطة - بوحجر/البغدادي.pdf,البغدادي.pdf,المنستير,طبلبة - البقالطة - صيادة - لمطة - بوحجر,البغدادي,13,512,512,100.0,0
/Users/mohameddhiahammami/iCloud Drive (Archive)/www.isie.tn/wp-content/uploads/2024/ListesElecteurs06Juillet2024/الداخل/المنستير/2207_طبلبة - البقالطة - صيادة - لمطة - بوحجر/البقالطة الجنوبية.pdf,البقالطة الجنوبية.pdf,المنستير,طبلبة - البقالطة - صيادة - لمطة - بوحجر,البقالطة الجنوبية,134,5837,5837,100.0,0
/Users/mohameddhiahammami/iCloud Drive (Archive)/www.isie.tn/wp-content/uploads/2024/ListesElecteurs06Juillet2024/الداخل/المنستير/2207_طبلبة - البقالطة - صيادة - لمطة - بوحجر/البقالطة الشرقية.pdf,البقالطة الشرقية.pdf,المنستير,طبلبة - البقالطة - صيادة - لمطة - بوحجر,البقالطة الشرقية,44,1892,1892,100.0,0
/Users/mohameddhiahammami/iCloud Drive (Archive)/www.isie.tn/wp-content/uploads/2024/ListesElecteurs06Juillet2024/الداخل/المنستير/2207_طبلبة - البقالطة - صيادة - لمطة - بوحجر/البقالطة الشمالية.pdf,البقالطة الشمالية.pdf,المنستير,طبلبة - البقالطة - صيادة - لمطة - بوحجر,البقالطة الشمالية,140,6097,6097,100.0,0
/Users/mohameddhiahammami/iCloud Drive (Archive)/www.isie.tn/wp-content/uploads/2024/ListesElecteurs06Juillet2024/الداخل/المنستير/2207_طبلبة - البقالطة - صيادة - لمطة - بوحجر/السكرين.pdf,السكرين.pdf,المنستير,طبلبة - البقالطة - صيادة - لمطة - بوحجر,السكرين,206,9001,9001,100.0,0
/Users/mohameddhiahammami/iCloud Drive (Archive)/www.isie.tn/wp-content/uploads/2024/ListesElecteurs06Juillet2024/الداخل/المنستير/2207_طبلبة - البقالطة - صيادة - لمطة - بوحجر/العيايشة.pdf,العيايشة.pdf,المنستير,طبلبة - البقالطة - صيادة - لمطة - بوحجر,العيايشة,121,5263,5263,100.0,0
/Users/mohameddhiahammami/iCloud Drive (Archive)/www.isie.tn/wp-content/uploads/2024/ListesElecteurs06Juillet2024/الداخل/المنستير/2207_طبلبة - البقالطة - صيادة - لمطة - بوحجر/الفضلين.pdf,الفضلين.pdf,المنستير,طبلبة - البقالطة - صيادة - لمطة - بوحجر,الفضلين,63,2720,2720,100.0,0
/Users/mohameddhiahammami/iCloud Drive (Archive)/www.isie.tn/wp-content/uploads/2024/ListesElecteurs06Juillet2024/الداخل/المنستير/2207_طبلبة - البقالطة - صيادة - لمطة - بوحجر/بوحجر.pdf,بوحجر.pdf,المنستير,طبلبة - البقالطة - صيادة - لمطة - بوحجر,بوحجر,114,4929,4929,100.0,0
/Users/mohameddhiahammami/iCloud Drive (Archive)/www.isie.tn/wp-content/uploads/2024/ListesElecteurs06Juillet2024/الداخل/المنستير/2207_طبلبة - البقالطة - صيادة - لمطة - بوحجر/بودريس.pdf,بودريس.pdf,المنستير,طبلبة - البقالطة - صيادة - لمطة - بوحجر,بودريس,100,4315,4315,100.0,0
/Users/mohameddhiahammami/iCloud Drive (Archive)/www.isie.tn/wp-content/uploads/2024/ListesElecteurs06Juillet2024/الداخل/المنستير/2207_طبلبة - البقالطة - صيادة - لمطة - بوحجر/حومة السوق.pdf,حومة السوق.pdf,المنستير,طبلبة - البقالطة - صيادة - لمطة - بوحجر,حومة السوق,211,9225,9225,100.0,0
/Users/mohameddhiahammami/iCloud Drive (Archive)/www.isie.tn/wp-content/uploads/2024/ListesElecteurs06Juillet2024/الداخل/المنستير/2207_طبلبة - البقالطة - صيادة - لمطة - بوحجر/صيادة الشرقية.pdf,صيادة الشرقية.pdf,المنستير,طبلبة - البقالطة - صيادة - لمطة - بوحجر,صيادة الشرقية,216,9455,9455,100.0,0
/Users/mohameddhiahammami/iCloud Drive (Archive)/www.isie.tn/wp-content/uploads/2024/ListesElecteurs06Juillet2024/الداخل/المنستير/2207_طبلبة - البقالطة - صيادة - لمطة - بوحجر/صيادة الغربية.pdf,صيادة الغربية.pdf,المنستير,طبلبة - البقالطة - صيادة - لمطة - بوحجر,صيادة الغربية,105,4560,4560,100.0,0
/Users/mohameddhiahammami/iCloud Drive (Archive)/www.isie.tn/wp-content/uploads/2024/ListesElecteurs06Juillet2024/الداخل/المنستير/2207_طبلبة - البقالطة - صيادة - لمطة - بوحجر/لمطة.pdf,لمطة.pdf,المنستير,طبلبة - البقالطة - صيادة - لمطة - بوحجر,لمطة,117,5087,5087,100.0,0
/Users/mohameddhiahammami/iCloud Drive (Archive)/www.isie.tn/wp-content/uploads/2024/ListesElecteurs06Juillet2024/الداخل/المنستير/2208_قصر هلال - قصيبة المديوني/بنان الجوفية.pdf,بنان الجوفية.pdf,المنستير,قصر هلال - قصيبة المديوني,بنان الجوفية,111,4828,4828,100.0,0
/Users/mohameddhiahammami/iCloud Drive (Archive)/www.isie.tn/wp-content/uploads/2024/ListesElecteurs06Juillet2024/الداخل/المنستير/2208_قصر هلال - قصيبة المديوني/بنان القبلية.pdf,بنان القبلية.pdf,المنستير,قصر هلال - قصيبة المديوني,بنان القبلية,128,5565,5565,100.0,0
/Users/mohameddhiahammami/iCloud Drive (Archive)/www.isie.tn/wp-content/uploads/2024/ListesElecteurs06Juillet2024/الداخل/المنستير/2208_قصر هلال - قصيبة المديوني/بوزويتة.pdf,بوزويتة.pdf,المنستير,قصر هلال - قصيبة المديوني,بوزويتة,96,4165,4165,100.0,0
/Users/mohameddhiahammami/iCloud Drive (Archive)/www.isie.tn/wp-content/uploads/2024/ListesElecteurs06Juillet2024/الداخل/المنستير/2208_قصر هلال - قصيبة المديوني/بوضر.pdf,بوضر.pdf,المنستير,قصر هلال - قصيبة المديوني,بوضر,29,1221,1221,100.0,0
/Users/mohameddhiahammami/iCloud Drive (Archive)/www.isie.tn/wp-content/uploads/2024/ListesElecteurs06Juillet2024/الداخل/المنستير/2208_قصر هلال - قصيبة المديوني/حي الرياض.pdf,حي الرياض.pdf,المنستير,قصر هلال - قصيبة المديوني,حي الرياض,218,9509,9509,100.0,0
/Users/mohameddhiahammami/iCloud Drive (Archive)/www.isie.tn/wp-content/uploads/2024/ListesElecteurs06Juillet2024/الداخل/المنستير/2208_قصر هلال - قصيبة المديوني/صوة.pdf,صوة.pdf,المنستير,قصر هلال - قصيبة المديوني,صوة,438,19191,19191,100.0,0
/Users/mohameddhiahammami/iCloud Drive (Archive)/www.isie.tn/wp-content/uploads/2024/ListesElecteurs06Juillet2024/الداخل/المنستير/2208_قصر هلال - قصيبة المديوني/طوزة.pdf,طوزة.pdf,المنستير,قصر هلال - قصيبة المديوني,طوزة,142,6169,6169,100.0,0
/Users/mohameddhiahammami/iCloud Drive (Archive)/www.isie.tn/wp-content/uploads/2024/ListesElecteurs06Juillet2024/الداخل/المنستير/2208_قصر هلال - قصيبة المديوني/عياد.pdf,عياد.pdf,المنستير,قصر هلال - قصيبة المديوني,عياد,201,8777,8777,100.0,0
/Users/mohameddhiahammami/iCloud Drive (Archive)/www.isie.tn/wp-content/uploads/2024/ListesElecteurs06Juillet2024/الداخل/المنستير/2208_قصر هلال - قصيبة المديوني/قصيبة المديوني.pdf,قصيبة المديوني.pdf,المنستير,قصر هلال - قصيبة المديوني,قصيبة المديوني,263,11496,11496,100.0,0
/Users/mohameddhiahammami/iCloud Drive (Archive)/www.isie.tn/wp-content/uploads/2024/ListesElecteurs06Juillet2024/الداخل/المهدية/2105_أولاد شامخ - هبيرة - شربان/أولاد الحناشي.pdf,أولاد الحناشي.pdf,المهدية,أولاد شامخ - هبيرة - شربان,أولاد الحناشي,49,2079,2079,100.0,0
/Users/mohameddhiahammami/iCloud Drive (Archive)/www.isie.tn/wp-content/uploads/2024/ListesElecteurs06Juillet2024/الداخل/المهدية/2105_أولاد شامخ - هبيرة - شربان/أولاد الشامخ الجنوبية.pdf,أولاد الشامخ الجنوبية.pdf,المهدية,أولاد شامخ - هبيرة - شربان,أولاد الشامخ الجنوبية,123,5330,5330,100.0,0
/Users/mohameddhiahammami/iCloud Drive (Archive)/www.isie.tn/wp-content/uploads/2024/ListesElecteurs06Juillet2024/الداخل/المهدية/2105_أولاد شامخ - هبيرة - شربان/أولاد الشامخ الشمالية.pdf,أولاد الشامخ الشمالية.pdf,المهدية,أولاد شامخ - هبيرة - شربان,أولاد الشامخ الشمالية,63,2727,2727,100.0,0
/Users/mohameddhiahammami/iCloud Drive (Archive)/www.isie.tn/wp-content/uploads/2024/ListesElecteurs06Juillet2024/الداخل/المهدية/2105_أولاد شامخ - هبيرة - شربان/أولاد عمر.pdf,أولاد عمر.pdf,المهدية,أولاد شامخ - هبيرة - شربان,أولاد عمر,56,2382,2382,100.0,0
/Users/mohameddhiahammami/iCloud Drive (Archive)/www.isie.tn/wp-content/uploads/2024/ListesElecteurs06Juillet2024/الداخل/المهدية/2105_أولاد شامخ - هبيرة - شربان/الرقايقة.pdf,الرقايقة.pdf,المهدية,أولاد شامخ - هبيرة - شربان,الرقايقة,22,893,893,100.0,0
/Users/mohameddhiahammami/iCloud Drive (Archive)/www.isie.tn/wp-content/uploads/2024/ListesElecteurs06Juillet2024/الداخل/المهدية/2105_أولاد شامخ - هبيرة - شربان/السمرة.pdf,السمرة.pdf,المهدية,أولاد شامخ - هبيرة - شربان,السمرة,29,1220,1220,100.0,0
/Users/mohameddhiahammami/iCloud Drive (Archive)/www.isie.tn/wp-content/uploads/2024/ListesElecteurs06Juillet2024/الداخل/المهدية/2105_أولاد شامخ - هبيرة - شربان/الشحدة الشرقية.pdf,الشحدة الشرقية.pdf,المهدية,أولاد شامخ - هبيرة - شربان,الشحدة الشرقية,10,355,355,100.0,0
/Users/mohameddhiahammami/iCloud Drive (Archive)/www.isie.tn/wp-content/uploads/2024/ListesElecteurs06Juillet2024/الداخل/المهدية/2105_أولاد شامخ - هبيرة - شربان/الشحدة الغربية.pdf,الشحدة الغربية.pdf,المهدية,أولاد شامخ - هبيرة - شربان,الشحدة الغربية,50,2119,2119,100.0,0
/Users/mohameddhiahammami/iCloud Drive (Archive)/www.isie.tn/wp-content/uploads/2024/ListesElecteurs06Juillet2024/الداخل/المهدية/2105_أولاد شامخ - هبيرة - شربان/الشحدة القبلية.pdf,الشحدة القبلية.pdf,المهدية,أولاد شامخ - هبيرة - شربان,الشحدة القبلية,25,1042,1042,100.0,0
/Users/mohameddhiahammami/iCloud Drive (Archive)/www.isie.tn/wp-content/uploads/2024/ListesElecteurs06Juillet2024/الداخل/المهدية/2105_أولاد شامخ - هبيرة - شربان/الشحيمات الشمالية.pdf,الشحيمات الشمالية.pdf,المهدية,أولاد شامخ - هبيرة - شربان,الشحيمات الشمالية,51,2175,2175,100.0,0
/Users/mohameddhiahammami/iCloud Drive (Archive)/www.isie.tn/wp-content/uploads/2024/ListesElecteurs06Juillet2024/الداخل/المهدية/2105_أولاد شامخ - هبيرة - شربان/الشرف.pdf,الشرف.pdf,المهدية,أولاد شامخ - هبيرة - شربان,الشرف,29,1202,1202,100.0,0
/Users/mohameddhiahammami/iCloud Drive (Archive)/www.isie.tn/wp-content/uploads/2024/ListesElecteurs06Juillet2024/الداخل/المهدية/2105_أولاد شامخ - هبيرة - شربان/العجيلات.pdf,العجيلات.pdf,المهدية,أولاد شامخ - هبيرة - شربان,العجيلات,95,4116,4116,100.0,0
/Users/mohameddhiahammami/iCloud Drive (Archive)/www.isie.tn/wp-content/uploads/2024/ListesElecteurs06Juillet2024/الداخل/المهدية/2105_أولاد شامخ - هبيرة - شربان/القرادحة الشرقية.pdf,القرادحة الشرقية.pdf,المهدية,أولاد شامخ - هبيرة - شربان,القرادحة الشرقية,48,2067,2067,100.0,0
/Users/mohameddhiahammami/iCloud Drive (Archive)/www.isie.tn/wp-content/uploads/2024/ListesElecteurs06Juillet2024/الداخل/المهدية/2105_أولاد شامخ - هبيرة - شربان/القرادحة الغربية.pdf,القرادحة الغربية.pdf,المهدية,أولاد شامخ - هبيرة - شربان,القرادحة الغربية,26,1069,1069,100.0,0
/Users/mohameddhiahammami/iCloud Drive (Archive)/www.isie.tn/wp-content/uploads/2024/ListesElecteurs06Juillet2024/الداخل/المهدية/2105_أولاد شامخ - هبيرة - شربان/القواسم الشرقية.pdf,القواسم الشرقية.pdf,المهدية,أولاد شامخ - هبيرة - شربان,القواسم الشرقية,84,3618,3618,100.0,0
/Users/mohameddhiahammami/iCloud Drive (Archive)/www.isie.tn/wp-content/uploads/2024/ListesElecteurs06Juillet2024/الداخل/المهدية/2105_أولاد شامخ - هبيرة - شربان/القواسم الغربية.pdf,القواسم الغربية.pdf,المهدية,أولاد شامخ - هبيرة - شربان,القواسم الغربية,72,3099,3099,100.0,0
/Users/mohameddhiahammami/iCloud Drive (Archive)/www.isie.tn/wp-content/uploads/2024/ListesElecteurs06Juillet2024/الداخل/المهدية/2105_أولاد شامخ - هبيرة - شربان/المحارزة الجنوبية.pdf,المحارزة الجنوبية.pdf,المهدية,أولاد شامخ - هبيرة - شربان,المحارزة الجنوبية,48,2048,2048,100.0,0
/Users/mohameddhiahammami/iCloud Drive (Archive)/www.isie.tn/wp-content/uploads/2024/ListesElecteurs06Juillet2024/الداخل/المهدية/2105_أولاد شامخ - هبيرة - شربان/المحارزة الشمالية.pdf,المحارزة الشمالية.pdf,المهدية,أولاد شامخ - هبيرة - شربان,المحارزة الشمالية,41,1719,1719,100.0,0
/Users/mohameddhiahammami/iCloud Drive (Archive)/www.isie.tn/wp-content/uploads/2024/ListesElecteurs06Juillet2024/الداخل/المهدية/2105_أولاد شامخ - هبيرة - شربان/المعاطي.pdf,المعاطي.pdf,المهدية,أولاد شامخ - هبيرة - شربان,المعاطي,23,961,961,100.0,0
/Users/mohameddhiahammami/iCloud Drive (Archive)/www.isie.tn/wp-content/uploads/2024/ListesElecteurs06Juillet2024/الداخل/المهدية/2105_أولاد شامخ - هبيرة - شربان/بوسليم.pdf,بوسليم.pdf,المهدية,أولاد شامخ - هبيرة - شربان,بوسليم,25,1040,1040,100.0,0
/Users/mohameddhiahammami/iCloud Drive (Archive)/www.isie.tn/wp-content/uploads/2024/ListesElecteurs06Juillet2024/الداخل/المهدية/2105_أولاد شامخ - هبيرة - شربان/شربان.pdf,شربان.pdf,المهدية,أولاد شامخ - هبيرة - شربان,شربان,145,6334,6334,100.0,0
/Users/mohameddhiahammami/iCloud Drive (Archive)/www.isie.tn/wp-content/uploads/2024/ListesElecteurs06Juillet2024/الداخل/المهدية/2105_أولاد شامخ - هبيرة - شربان/منزل حشاد.pdf,منزل حشاد.pdf,المهدية,أولاد شامخ - هبيرة - شربان,منزل حشاد,45,1896,1896,100.0,0
/Users/mohameddhiahammami/iCloud Drive (Archive)/www.isie.tn/wp-content/uploads/2024/ListesElecteurs06Juillet2024/الداخل/المهدية/2105_أولاد شامخ - هبيرة - شربان/هبيرة.pdf,هبيرة.pdf,المهدية,أولاد شامخ - هبيرة - شربان,هبيرة,63,2709,2709,100.0,0
/Users/mohameddhiahammami/iCloud Drive (Archive)/www.isie.tn/wp-content/uploads/2024/ListesElecteurs06Juillet2024/الداخل/المهدية/2101_الجم/التلالسة.pdf,التلالسة.pdf,المهدية,الجم,التلالسة,100,4326,4326,100.0,0
/Users/mohameddhiahammami/iCloud Drive (Archive)/www.isie.tn/wp-content/uploads/2024/ListesElecteurs06Juillet2024/الداخل/المهدية/2101_الجم/الزاوية.pdf,الزاوية.pdf,المهدية,الجم,الزاوية,277,12131,12131,100.0,0
/Users/mohameddhiahammami/iCloud Drive (Archive)/www.isie.tn/wp-content/uploads/2024/ListesElecteurs06Juillet2024/الداخل/المهدية/2101_الجم/الزغابنة.pdf,الزغابنة.pdf,المهدية,الجم,الزغابنة,52,2201,2201,100.0,0
/Users/mohameddhiahammami/iCloud Drive (Archive)/www.isie.tn/wp-content/uploads/2024/ListesElecteurs06Juillet2024/الداخل/المهدية/2101_الجم/الطواهرة.pdf,الطواهرة.pdf,المهدية,الجم,الطواهرة,56,2379,2379,100.0,0
/Users/mohameddhiahammami/iCloud Drive (Archive)/www.isie.tn/wp-content/uploads/2024/ListesElecteurs06Juillet2024/الداخل/المهدية/2101_الجم/العبابسة.pdf,العبابسة.pdf,المهدية,الجم,العبابسة,51,2160,2160,100.0,0
/Users/mohameddhiahammami/iCloud Drive (Archive)/www.isie.tn/wp-content/uploads/2024/ListesElecteurs06Juillet2024/الداخل/المهدية/2101_الجم/العشابة.pdf,العشابة.pdf,المهدية,الجم,العشابة,79,3420,3420,100.0,0
/Users/mohameddhiahammami/iCloud Drive (Archive)/www.isie.tn/wp-content/uploads/2024/ListesElecteurs06Juillet2024/الداخل/المهدية/2101_الجم/العيثة.pdf,العيثة.pdf,المهدية,الجم,العيثة,41,1717,1717,100.0,0
/Users/mohameddhiahammami/iCloud Drive (Archive)/www.isie.tn/wp-content/uploads/2024/ListesElecteurs06Juillet2024/الداخل/المهدية/2101_الجم/المرابطين.pdf,المرابطين.pdf,المهدية,الجم,المرابطين,140,6103,6103,100.0,0
/Users/mohameddhiahammami/iCloud Drive (Archive)/www.isie.tn/wp-content/uploads/2024/ListesElecteurs06Juillet2024/الداخل/المهدية/2101_الجم/المشالات.pdf,المشالات.pdf,المهدية,الجم,المشالات,37,1544,1544,100.0,0
/Users/mohameddhiahammami/iCloud Drive (Archive)/www.isie.tn/wp-content/uploads/2024/ListesElecteurs06Juillet2024/الداخل/المهدية/2101_الجم/رياض بوهلال.pdf,رياض بوهلال.pdf,المهدية,الجم,رياض بوهلال,72,3083,3083,100.0,0
/Users/mohameddhiahammami/iCloud Drive (Archive)/www.isie.tn/wp-content/uploads/2024/ListesElecteurs06Juillet2024/الداخل/المهدية/2102_الرجيش _ قصور الساف _ البرادعة/أولاد صالح.pdf,أولاد صالح.pdf,المهدية,الرجيش - قصور الساف - البرادعة,أولاد صالح,55,2347,2347,100.0,0
/Users/mohameddhiahammami/iCloud Drive (Archive)/www.isie.tn/wp-content/uploads/2024/ListesElecteurs06Juillet2024/الداخل/المهدية/2102_الرجيش _ قصور الساف _ البرادعة/البرادعة الجنوبية.pdf,البرادعة الجنوبية.pdf,المهدية,الرجيش - قصور الساف - البرادعة,البرادعة الجنوبية,73,3132,3132,100.0,0
/Users/mohameddhiahammami/iCloud Drive (Archive)/www.isie.tn/wp-content/uploads/2024/ListesElecteurs06Juillet2024/الداخل/المهدية/2102_الرجيش _ قصور الساف _ البرادعة/البرادعة الشمالية.pdf,البرادعة الشمالية.pdf,المهدية,الرجيش - قصور الساف - البرادعة,البرادعة الشمالية,80,3440,3440,100.0,0
/Users/mohameddhiahammami/iCloud Drive (Archive)/www.isie.tn/wp-content/uploads/2024/ListesElecteurs06Juillet2024/الداخل/المهدية/2102_الرجيش _ قصور الساف _ البرادعة/الحسينات.pdf,الحسينات.pdf,المهدية,الرجيش - قصور الساف - البرادعة,الحسينات,68,2913,2913,100.0,0
/Users/mohameddhiahammami/iCloud Drive (Archive)/www.isie.tn/wp-content/uploads/2024/ListesElecteurs06Juillet2024/الداخل/المهدية/2102_الرجيش _ قصور الساف _ البرادعة/الرشارشة.pdf,الرشارشة.pdf,المهدية,الرجيش - قصور الساف - البرادعة,الرشارشة,86,3731,3731,100.0,0
/Users/mohameddhiahammami/iCloud Drive (Archive)/www.isie.tn/wp-content/uploads/2024/ListesElecteurs06Juillet2024/الداخل/المهدية/2102_الرجيش _ قصور الساف _ البرادعة/القصر.pdf,القصر.pdf,المهدية,الرجيش - قصور الساف - البرادعة,القصر,268,11735,11735,100.0,0
/Users/mohameddhiahammami/iCloud Drive (Archive)/www.isie.tn/wp-content/uploads/2024/ListesElecteurs06Juillet2024/الداخل/المهدية/2102_الرجيش _ قصور الساف _ البرادعة/القطانين.pdf,القطانين.pdf,المهدية,الرجيش - قصور الساف - البرادعة,القطانين,100,4335,4335,100.0,0
/Users/mohameddhiahammami/iCloud Drive (Archive)/www.isie.tn/wp-content/uploads/2024/ListesElecteurs06Juillet2024/الداخل/المهدية/2102_الرجيش _ قصور الساف _ البرادعة/رجيش.pdf,رجيش.pdf,المهدية,الرجيش - قصور الساف - البرادعة,رجيش,124,5371,5371,100.0,0
/Users/mohameddhiahammami/iCloud Drive (Archive)/www.isie.tn/wp-content/uploads/2024/ListesElecteurs06Juillet2024/الداخل/المهدية/2102_الرجيش _ قصور الساف _ البرادعة/رجيش الجنوبية.pdf,رجيش الجنوبية.pdf,المهدية,الرجيش - قصور الساف - البرادعة,رجيش الجنوبية,88,3796,3796,100.0,0
/Users/mohameddhiahammami/iCloud Drive (Archive)/www.isie.tn/wp-content/uploads/2024/ListesElecteurs06Juillet2024/الداخل/المهدية/2102_الرجيش _ قصور الساف _ البرادعة/سلقطة.pdf,سلقطة.pdf,المهدية,الرجيش - قصور الساف - البرادعة,سلقطة,91,3941,3941,100.0,0
/Users/mohameddhiahammami/iCloud Drive (Archive)/www.isie.tn/wp-content/uploads/2024/ListesElecteurs06Juillet2024/الداخل/المهدية/2102_الرجيش _ قصور الساف _ البرادعة/سيدي عساكر الغربية.pdf,سيدي عساكر الغربية.pdf,المهدية,الرجيش - قصور الساف - البرادعة,سيدي عساكر الغربية,25,1028,1028,100.0,0
/Users/mohameddhiahammami/iCloud Drive (Archive)/www.isie.tn/wp-content/uploads/2024/ListesElecteurs06Juillet2024/الداخل/المهدية/2102_الرجيش _ قصور الساف _ البرادعة/قصور الساف التقدم.pdf,قصور الساف التقدم.pdf,المهدية,الرجيش - قصور الساف - البرادعة,قصور الساف التقدم,27,1129,1129,100.0,0
/Users/mohameddhiahammami/iCloud Drive (Archive)/www.isie.tn/wp-content/uploads/2024/ListesElecteurs06Juillet2024/الداخل/المهدية/2102_الرجيش _ قصور الساف _ البرادعة/قصور الساف الرياض.pdf,قصور الساف الرياض.pdf,المهدية,الرجيش - قصور الساف - البرادعة,قصور الساف الرياض,143,6206,6206,100.0,0
/Users/mohameddhiahammami/iCloud Drive (Archive)/www.isie.tn/wp-content/uploads/2024/ListesElecteurs06Juillet2024/الداخل/المهدية/2103_الشابة - ملولش - سيدي علوان/البساتين.pdf,البساتين.pdf,المهدية,الشابة - ملولش - سيدي علوان,البساتين,43,1832,1832,100.0,0
/Users/mohameddhiahammami/iCloud Drive (Archive)/www.isie.tn/wp-content/uploads/2024/ListesElecteurs06Juillet2024/الداخل/المهدية/2103_الشابة - ملولش - سيدي علوان/السعادة.pdf,السعادة.pdf,المهدية,الشابة - ملولش - سيدي علوان,السعادة,93,4030,4030,100.0,0
/Users/mohameddhiahammami/iCloud Drive (Archive)/www.isie.tn/wp-content/uploads/2024/ListesElecteurs06Juillet2024/الداخل/المهدية/2103_الشابة - ملولش - سيدي علوان/السعفات.pdf,السعفات.pdf,المهدية,الشابة - ملولش - سيدي علوان,السعفات,34,1445,1445,100.0,0
/Users/mohameddhiahammami/iCloud Drive (Archive)/www.isie.tn/wp-content/uploads/2024/ListesElecteurs06Juillet2024/الداخل/المهدية/2103_الشابة - ملولش - سيدي علوان/الشابة الجنوبية.pdf,الشابة الجنوبية.pdf,المهدية,الشابة - ملولش - سيدي علوان,الشابة الجنوبية,159,6909,6909,100.0,0
/Users/mohameddhiahammami/iCloud Drive (Archive)/www.isie.tn/wp-content/uploads/2024/ListesElecteurs06Juillet2024/الداخل/المهدية/2103_الشابة - ملولش - سيدي علوان/الشابة الشمالية.pdf,الشابة الشمالية.pdf,المهدية,الشابة - ملولش - سيدي علوان,الشابة الشمالية,326,14271,14271,100.0,0
/Users/mohameddhiahammami/iCloud Drive (Archive)/www.isie.tn/wp-content/uploads/2024/ListesElecteurs06Juillet2024/الداخل/المهدية/2103_الشابة - ملولش - سيدي علوان/العيثة.pdf,العيثة.pdf,المهدية,الشابة - ملولش - سيدي علوان,العيثة,66,2852,2852,100.0,0
/Users/mohameddhiahammami/iCloud Drive (Archive)/www.isie.tn/wp-content/uploads/2024/ListesElecteurs06Juillet2024/الداخل/المهدية/2103_الشابة - ملولش - سيدي علوان/الغضابنة.pdf,الغضابنة.pdf,المهدية,الشابة - ملولش - سيدي علوان,الغضابنة,87,3769,3769,100.0,0
/Users/mohameddhiahammami/iCloud Drive (Archive)/www.isie.tn/wp-content/uploads/2024/ListesElecteurs06Juillet2024/الداخل/المهدية/2103_الشابة - ملولش - سيدي علوان/المنصورة.pdf,المنصورة.pdf,المهدية,الشابة - ملولش - سيدي علوان,المنصورة,77,3318,3318,100.0,0
/Users/mohameddhiahammami/iCloud Drive (Archive)/www.isie.tn/wp-content/uploads/2024/ListesElecteurs06Juillet2024/الداخل/المهدية/2103_الشابة - ملولش - سيدي علوان/النزهة.pdf,النزهة.pdf,المهدية,الشابة - ملولش - سيدي علوان,النزهة,45,1909,1909,100.0,0
/Users/mohameddhiahammami/iCloud Drive (Archive)/www.isie.tn/wp-content/uploads/2024/ListesElecteurs06Juillet2024/الداخل/المهدية/2103_الشابة - ملولش - سيدي علوان/بن حسين.pdf,بن حسين.pdf,المهدية,الشابة - ملولش - سيدي علوان,بن حسين,66,2854,2854,100.0,0
/Users/mohameddhiahammami/iCloud Drive (Archive)/www.isie.tn/wp-content/uploads/2024/ListesElecteurs06Juillet2024/الداخل/المهدية/2103_الشابة - ملولش - سيدي علوان/زالبة الشرقية.pdf,زالبة الشرقية.pdf,المهدية,الشابة - ملولش - سيدي علوان,زالبة الشرقية,41,1755,1755,100.0,0
/Users/mohameddhiahammami/iCloud Drive (Archive)/www.isie.tn/wp-content/uploads/2024/ListesElecteurs06Juillet2024/الداخل/المهدية/2103_الشابة - ملولش - سيدي علوان/زالبة الغربية.pdf,زالبة الغربية.pdf,المهدية,الشابة - ملولش - سيدي علوان,زالبة الغربية,48,2049,2049,100.0,0
/Users/mohameddhiahammami/iCloud Drive (Archive)/www.isie.tn/wp-content/uploads/2024/ListesElecteurs06Juillet2024/الداخل/المهدية/2103_الشابة - ملولش - سيدي علوان/زردة.pdf,زردة.pdf,المهدية,الشابة - ملولش - سيدي علوان,زردة,45,1927,1927,100.0,0
/Users/mohameddhiahammami/iCloud Drive (Archive)/www.isie.tn/wp-content/uploads/2024/ListesElecteurs06Juillet2024/الداخل/المهدية/2103_الشابة - ملولش - سيدي علوان/ساقية الخادم.pdf,ساقية الخادم.pdf,المهدية,الشابة - ملولش - سيدي علوان,ساقية الخادم,75,3214,3214,100.0,0
/Users/mohameddhiahammami/iCloud Drive (Archive)/www.isie.tn/wp-content/uploads/2024/ListesElecteurs06Juillet2024/الداخل/المهدية/2103_الشابة - ملولش - سيدي علوان/سيدي عبد العزيز.pdf,سيدي عبد العزيز.pdf,المهدية,الشابة - ملولش - سيدي علوان,سيدي عبد العزيز,15,591,591,100.0,0
/Users/mohameddhiahammami/iCloud Drive (Archive)/www.isie.tn/wp-content/uploads/2024/ListesElecteurs06Juillet2024/الداخل/المهدية/2103_الشابة - ملولش - سيدي علوان/سيدي علوان الشرقية.pdf,سيدي علوان الشرقية.pdf,المهدية,الشابة - ملولش - سيدي علوان,سيدي علوان الشرقية,103,4447,4447,100.0,0
/Users/mohameddhiahammami/iCloud Drive (Archive)/www.isie.tn/wp-content/uploads/2024/ListesElecteurs06Juillet2024/الداخل/المهدية/2103_الشابة - ملولش - سيدي علوان/سيدي علوان الغربية.pdf,سيدي علوان الغربية.pdf,المهدية,الشابة - ملولش - سيدي علوان,سيدي علوان الغربية,91,3958,3958,100.0,0
/Users/mohameddhiahammami/iCloud Drive (Archive)/www.isie.tn/wp-content/uploads/2024/ListesElecteurs06Juillet2024/الداخل/المهدية/2103_الشابة - ملولش - سيدي علوان/ملولش.pdf,ملولش.pdf,المهدية,الشابة - ملولش - سيدي علوان,ملولش,182,7960,7960,100.0,0
/Users/mohameddhiahammami/iCloud Drive (Archive)/www.isie.tn/wp-content/uploads/2024/ListesElecteurs06Juillet2024/الداخل/المهدية/2103_الشابة - ملولش - سيدي علوان/وادي باجة الجنوبية.pdf,وادي باجة الجنوبية.pdf,المهدية,الشابة - ملولش - سيدي علوان,وادي باجة الجنوبية,42,1787,1787,100.0,0
/Users/mohameddhiahammami/iCloud Drive (Archive)/www.isie.tn/wp-content/uploads/2024/ListesElecteurs06Juillet2024/الداخل/المهدية/2103_الشابة - ملولش - سيدي علوان/وادي باجة الشمالية.pdf,وادي باجة الشمالية.pdf,المهدية,الشابة - ملولش - سيدي علوان,وادي باجة الشمالية,70,3034,3034,100.0,0
/Users/mohameddhiahammami/iCloud Drive (Archive)/www.isie.tn/wp-content/uploads/2024/ListesElecteurs06Juillet2024/الداخل/المهدية/2103_الشابة - ملولش - سيدي علوان/وادي قلات.pdf,وادي قلات.pdf,المهدية,الشابة - ملولش - سيدي علوان,وادي قلات,38,1585,1585,100.0,0
/Users/mohameddhiahammami/iCloud Drive (Archive)/www.isie.tn/wp-content/uploads/2024/ListesElecteurs06Juillet2024/الداخل/المهدية/2104_المهدية/الجواودة.pdf,الجواودة.pdf,المهدية,المهدية,الجواودة,60,2572,2572,100.0,0
/Users/mohameddhiahammami/iCloud Drive (Archive)/www.isie.tn/wp-content/uploads/2024/ListesElecteurs06Juillet2024/الداخل/المهدية/2104_المهدية/الحكايمة الشرقية.pdf,الحكايمة الشرقية.pdf,المهدية,المهدية,الحكايمة الشرقية,81,3479,3479,100.0,0
/Users/mohameddhiahammami/iCloud Drive (Archive)/www.isie.tn/wp-content/uploads/2024/ListesElecteurs06Juillet2024/الداخل/المهدية/2104_المهدية/الحكايمة الغربية.pdf,الحكايمة الغربية.pdf,المهدية,المهدية,الحكايمة الغربية,35,1476,1476,100.0,0
/Users/mohameddhiahammami/iCloud Drive (Archive)/www.isie.tn/wp-content/uploads/2024/ListesElecteurs06Juillet2024/الداخل/المهدية/2104_المهدية/الرمل.pdf,الرمل.pdf,المهدية,المهدية,الرمل,105,4550,4550,100.0,0
/Users/mohameddhiahammami/iCloud Drive (Archive)/www.isie.tn/wp-content/uploads/2024/ListesElecteurs06Juillet2024/الداخل/المهدية/2104_المهدية/الزقانة.pdf,الزقانة.pdf,المهدية,المهدية,الزقانة,62,2664,2664,100.0,0
/Users/mohameddhiahammami/iCloud Drive (Archive)/www.isie.tn/wp-content/uploads/2024/ListesElecteurs06Juillet2024/الداخل/المهدية/2104_المهدية/الزهراء.pdf,الزهراء.pdf,المهدية,المهدية,الزهراء,315,13810,13810,100.0,0
/Users/mohameddhiahammami/iCloud Drive (Archive)/www.isie.tn/wp-content/uploads/2024/ListesElecteurs06Juillet2024/الداخل/المهدية/2104_المهدية/السعد.pdf,السعد.pdf,المهدية,المهدية,السعد,75,3253,3253,100.0,0
/Users/mohameddhiahammami/iCloud Drive (Archive)/www.isie.tn/wp-content/uploads/2024/ListesElecteurs06Juillet2024/الداخل/المهدية/2104_المهدية/المهدية.pdf,المهدية.pdf,المهدية,المهدية,المهدية,227,9906,9906,100.0,0
/Users/mohameddhiahammami/iCloud Drive (Archive)/www.isie.tn/wp-content/uploads/2024/ListesElecteurs06Juillet2024/الداخل/المهدية/2104_المهدية/زويلة.pdf,زويلة.pdf,المهدية,المهدية,زويلة,116,5045,5045,100.0,0
/Users/mohameddhiahammami/iCloud Drive (Archive)/www.isie.tn/wp-content/uploads/2024/ListesElecteurs06Juillet2024/الداخل/المهدية/2104_المهدية/زويلة الجنوبية.pdf,زويلة الجنوبية.pdf,المهدية,المهدية,زويلة الجنوبية,37,1559,1559,100.0,0
/Users/mohameddhiahammami/iCloud Drive (Archive)/www.isie.tn/wp-content/uploads/2024/ListesElecteurs06Juillet2024/الداخل/المهدية/2104_المهدية/شيبة.pdf,شيبة.pdf,المهدية,المهدية,شيبة,47,2022,2022,100.0,0
/Users/mohameddhiahammami/iCloud Drive (Archive)/www.isie.tn/wp-content/uploads/2024/ListesElecteurs06Juillet2024/الداخل/المهدية/2104_المهدية/هيبون.pdf,هيبون.pdf,المهدية,المهدية,هيبون,298,13058,13058,100.0,0
/Users/mohameddhiahammami/iCloud Drive (Archive)/www.isie.tn/wp-content/uploads/2024/ListesElecteurs06Juillet2024/الداخل/المهدية/2106_بومرداس - السواسي/أولاد عمر السيدة .pdf,أولاد عمر السيدة .pdf,المهدية,بومرداس - السواسي,أولاد عمر السيدة,32,1342,1342,100.0,0
/Users/mohameddhiahammami/iCloud Drive (Archive)/www.isie.tn/wp-content/uploads/2024/ListesElecteurs06Juillet2024/الداخل/المهدية/2106_بومرداس - السواسي/أولاد مولاهم الشمالية.pdf,أولاد مولاهم الشمالية.pdf,المهدية,بومرداس - السواسي,أولاد مولاهم الشمالية,68,2932,2932,100.0,0
/Users/mohameddhiahammami/iCloud Drive (Archive)/www.isie.tn/wp-content/uploads/2024/ListesElecteurs06Juillet2024/الداخل/المهدية/2106_بومرداس - السواسي/أولاد مولاهم الغربية.pdf,أولاد مولاهم الغربية.pdf,المهدية,بومرداس - السواسي,أولاد مولاهم الغربية,48,2033,2033,100.0,0
/Users/mohameddhiahammami/iCloud Drive (Archive)/www.isie.tn/wp-content/uploads/2024/ListesElecteurs06Juillet2024/الداخل/المهدية/2106_بومرداس - السواسي/الحوس.pdf,الحوس.pdf,المهدية,بومرداس - السواسي,الحوس,58,2475,2475,100.0,0
/Users/mohameddhiahammami/iCloud Drive (Archive)/www.isie.tn/wp-content/uploads/2024/ListesElecteurs06Juillet2024/الداخل/المهدية/2106_بومرداس - السواسي/الرواضي.pdf,الرواضي.pdf,المهدية,بومرداس - السواسي,الرواضي,72,3093,3093,100.0,0
/Users/mohameddhiahammami/iCloud Drive (Archive)/www.isie.tn/wp-content/uploads/2024/ListesElecteurs06Juillet2024/الداخل/المهدية/2106_بومرداس - السواسي/الزراطة.pdf,الزراطة.pdf,المهدية,بومرداس - السواسي,الزراطة,32,1338,1338,100.0,0
/Users/mohameddhiahammami/iCloud Drive (Archive)/www.isie.tn/wp-content/uploads/2024/ListesElecteurs06Juillet2024/الداخل/المهدية/2106_بومرداس - السواسي/الزعيرات.pdf,الزعيرات.pdf,المهدية,بومرداس - السواسي,الزعيرات,44,1856,1856,100.0,0
/Users/mohameddhiahammami/iCloud Drive (Archive)/www.isie.tn/wp-content/uploads/2024/ListesElecteurs06Juillet2024/الداخل/المهدية/2106_بومرداس - السواسي/السواسي.pdf,السواسي.pdf,المهدية,بومرداس - السواسي,السواسي,243,10634,10634,100.0,0
/Users/mohameddhiahammami/iCloud Drive (Archive)/www.isie.tn/wp-content/uploads/2024/ListesElecteurs06Juillet2024/الداخل/المهدية/2106_بومرداس - السواسي/الشحيمات القبلية.pdf,الشحيمات القبلية.pdf,المهدية,بومرداس - السواسي,الشحيمات القبلية,90,3885,3885,100.0,0
/Users/mohameddhiahammami/iCloud Drive (Archive)/www.isie.tn/wp-content/uploads/2024/ListesElecteurs06Juillet2024/الداخل/المهدية/2106_بومرداس - السواسي/الشريشيرة.pdf,الشريشيرة.pdf,المهدية,بومرداس - السواسي,الشريشيرة,73,3152,3152,100.0,0
/Users/mohameddhiahammami/iCloud Drive (Archive)/www.isie.tn/wp-content/uploads/2024/ListesElecteurs06Juillet2024/الداخل/المهدية/2106_بومرداس - السواسي/الشوارعية.pdf,الشوارعية.pdf,المهدية,بومرداس - السواسي,الشوارعية,46,1961,1961,100.0,0
/Users/mohameddhiahammami/iCloud Drive (Archive)/www.isie.tn/wp-content/uploads/2024/ListesElecteurs06Juillet2024/الداخل/المهدية/2106_بومرداس - السواسي/الكساسبة.pdf,الكساسبة.pdf,المهدية,بومرداس - السواسي,الكساسبة,97,4187,4187,100.0,0
/Users/mohameddhiahammami/iCloud Drive (Archive)/www.isie.tn/wp-content/uploads/2024/ListesElecteurs06Juillet2024/الداخل/المهدية/2106_بومرداس - السواسي/بومرداس.pdf,بومرداس.pdf,المهدية,بومرداس - السواسي,بومرداس,105,4562,4562,100.0,0
/Users/mohameddhiahammami/iCloud Drive (Archive)/www.isie.tn/wp-content/uploads/2024/ListesElecteurs06Juillet2024/الداخل/المهدية/2106_بومرداس - السواسي/بوهلال العلي الجوفية.pdf,بوهلال العلي الجوفية.pdf,المهدية,بومرداس - السواسي,بوهلال العلي الجوفية,46,1972,1972,100.0,0
/Users/mohameddhiahammami/iCloud Drive (Archive)/www.isie.tn/wp-content/uploads/2024/ListesElecteurs06Juillet2024/الداخل/المهدية/2106_بومرداس - السواسي/بوهلال العلي القبلية.pdf,بوهلال العلي القبلية.pdf,المهدية,بومرداس - السواسي,بوهلال العلي القبلية,80,3456,3456,100.0,0
/Users/mohameddhiahammami/iCloud Drive (Archive)/www.isie.tn/wp-content/uploads/2024/ListesElecteurs06Juillet2024/الداخل/المهدية/2106_بومرداس - السواسي/سيدي الناصر.pdf,سيدي الناصر.pdf,المهدية,بومرداس - السواسي,سيدي الناصر,80,3462,3462,100.0,0
/Users/mohameddhiahammami/iCloud Drive (Archive)/www.isie.tn/wp-content/uploads/2024/ListesElecteurs06Juillet2024/الداخل/المهدية/2106_بومرداس - السواسي/سيدي بوهلال.pdf,سيدي بوهلال.pdf,المهدية,بومرداس - السواسي,سيدي بوهلال,76,3268,3268,100.0,0
/Users/mohameddhiahammami/iCloud Drive (Archive)/www.isie.tn/wp-content/uploads/2024/ListesElecteurs06Juillet2024/الداخل/المهدية/2106_بومرداس - السواسي/سيدي زيد.pdf,سيدي زيد.pdf,المهدية,بومرداس - السواسي,سيدي زيد,120,5219,5219,100.0,0
/Users/mohameddhiahammami/iCloud Drive (Archive)/www.isie.tn/wp-content/uploads/2024/ListesElecteurs06Juillet2024/الداخل/المهدية/2106_بومرداس - السواسي/كركر.pdf,كركر.pdf,المهدية,بومرداس - السواسي,كركر,130,5643,5643,100.0,0
/Users/mohameddhiahammami/iCloud Drive (Archive)/www.isie.tn/wp-content/uploads/2024/ListesElecteurs06Juillet2024/الداخل/المهدية/2106_بومرداس - السواسي/منزل حمزة.pdf,منزل حمزة.pdf,المهدية,بومرداس - السواسي,منزل حمزة,40,1694,1694,100.0,0
/Users/mohameddhiahammami/iCloud Drive (Archive)/www.isie.tn/wp-content/uploads/2024/ListesElecteurs06Juillet2024/الداخل/باجة/1001_باجة الجنوبية - تيبار - تبرسق/المخشبية.pdf,المخشبية.pdf,باجة,باجة الجنوبية - تيبار - تبرسق,المخشبية,37,1572,1572,100.0,0
/Users/mohameddhiahammami/iCloud Drive (Archive)/www.isie.tn/wp-content/uploads/2024/ListesElecteurs06Juillet2024/الداخل/باجة/1001_باجة الجنوبية - تيبار - تبرسق/المعقولة.pdf,المعقولة.pdf,باجة,باجة الجنوبية - تيبار - تبرسق,المعقولة,146,6350,6350,100.0,0
/Users/mohameddhiahammami/iCloud Drive (Archive)/www.isie.tn/wp-content/uploads/2024/ListesElecteurs06Juillet2024/الداخل/باجة/1001_باجة الجنوبية - تيبار - تبرسق/المنشية.pdf,المنشية.pdf,باجة,باجة الجنوبية - تيبار - تبرسق,المنشية,96,4157,4157,100.0,0
/Users/mohameddhiahammami/iCloud Drive (Archive)/www.isie.tn/wp-content/uploads/2024/ListesElecteurs06Juillet2024/الداخل/باجة/1001_باجة الجنوبية - تيبار - تبرسق/النشيمة.pdf,النشيمة.pdf,باجة,باجة الجنوبية - تيبار - تبرسق,النشيمة,34,1438,1438,100.0,0
/Users/mohameddhiahammami/iCloud Drive (Archive)/www.isie.tn/wp-content/uploads/2024/ListesElecteurs06Juillet2024/الداخل/باجة/1001_باجة الجنوبية - تيبار - تبرسق/الهواري.pdf,الهواري.pdf,باجة,باجة الجنوبية - تيبار - تبرسق,الهواري,181,7909,7909,100.0,0
/Users/mohameddhiahammami/iCloud Drive (Archive)/www.isie.tn/wp-content/uploads/2024/ListesElecteurs06Juillet2024/الداخل/باجة/1001_باجة الجنوبية - تيبار - تبرسق/بئر التوتة.pdf,بئر التوتة.pdf,باجة,باجة الجنوبية - تيبار - تبرسق,بئر التوتة,25,1032,1032,100.0,0
/Users/mohameddhiahammami/iCloud Drive (Archive)/www.isie.tn/wp-content/uploads/2024/ListesElecteurs06Juillet2024/الداخل/باجة/1001_باجة الجنوبية - تيبار - تبرسق/تبرسق المدينة.pdf,تبرسق المدينة.pdf,باجة,باجة الجنوبية - تيبار - تبرسق,تبرسق المدينة,81,3481,3481,100.0,0
/Users/mohameddhiahammami/iCloud Drive (Archive)/www.isie.tn/wp-content/uploads/2024/ListesElecteurs06Juillet2024/الداخل/باجة/1001_باجة الجنوبية - تيبار - تبرسق/تيبار.pdf,تيبار.pdf,باجة,باجة الجنوبية - تيبار - تبرسق,تيبار,77,3327,3327,100.0,0
/Users/mohameddhiahammami/iCloud Drive (Archive)/www.isie.tn/wp-content/uploads/2024/ListesElecteurs06Juillet2024/الداخل/باجة/1001_باجة الجنوبية - تيبار - تبرسق/حمام سيالة.pdf,حمام سيالة.pdf,باجة,باجة الجنوبية - تيبار - تبرسق,حمام سيالة,49,2101,2101,100.0,0
/Users/mohameddhiahammami/iCloud Drive (Archive)/www.isie.tn/wp-content/uploads/2024/ListesElecteurs06Juillet2024/الداخل/باجة/1001_باجة الجنوبية - تيبار - تبرسق/دجبة.pdf,دجبة.pdf,باجة,باجة الجنوبية - تيبار - تبرسق,دجبة,70,3021,3021,100.0,0
/Users/mohameddhiahammami/iCloud Drive (Archive)/www.isie.tn/wp-content/uploads/2024/ListesElecteurs06Juillet2024/الداخل/باجة/1001_باجة الجنوبية - تيبار - تبرسق/دقة.pdf,دقة.pdf,باجة,باجة الجنوبية - تيبار - تبرسق,دقة,62,2653,2653,100.0,0
/Users/mohameddhiahammami/iCloud Drive (Archive)/www.isie.tn/wp-content/uploads/2024/ListesElecteurs06Juillet2024/الداخل/باجة/1001_باجة الجنوبية - تيبار - تبرسق/ريحانة.pdf,ريحانة.pdf,باجة,باجة الجنوبية - تيبار - تبرسق,ريحانة,21,852,852,100.0,0
/Users/mohameddhiahammami/iCloud Drive (Archive)/www.isie.tn/wp-content/uploads/2024/ListesElecteurs06Juillet2024/الداخل/باجة/1001_باجة الجنوبية - تيبار - تبرسق/زواغة.pdf,زواغة.pdf,باجة,باجة الجنوبية - تيبار - تبرسق,زواغة,34,1434,1434,100.0,0
/Users/mohameddhiahammami/iCloud Drive (Archive)/www.isie.tn/wp-content/uploads/2024/ListesElecteurs06Juillet2024/الداخل/باجة/1001_باجة الجنوبية - تيبار - تبرسق/سيدي اسماعيل.pdf,سيدي اسماعيل.pdf,باجة,باجة الجنوبية - تيبار - تبرسق,سيدي اسماعيل,99,4300,4300,100.0,0
/Users/mohameddhiahammami/iCloud Drive (Archive)/www.isie.tn/wp-content/uploads/2024/ListesElecteurs06Juillet2024/الداخل/باجة/1001_باجة الجنوبية - تيبار - تبرسق/سيدي السهيلي.pdf,سيدي السهيلي.pdf,باجة,باجة الجنوبية - تيبار - تبرسق,سيدي السهيلي,46,1957,1957,100.0,0
/Users/mohameddhiahammami/iCloud Drive (Archive)/www.isie.tn/wp-content/uploads/2024/ListesElecteurs06Juillet2024/الداخل/باجة/1001_باجة الجنوبية - تيبار - تبرسق/سيدي فرج.pdf,سيدي فرج.pdf,باجة,باجة الجنوبية - تيبار - تبرسق,سيدي فرج,97,4181,4181,100.0,0
/Users/mohameddhiahammami/iCloud Drive (Archive)/www.isie.tn/wp-content/uploads/2024/ListesElecteurs06Juillet2024/الداخل/باجة/1001_باجة الجنوبية - تيبار - تبرسق/عين الحمام.pdf,عين الحمام.pdf,باجة,باجة الجنوبية - تيبار - تبرسق,عين الحمام,8,296,296,100.0,0
/Users/mohameddhiahammami/iCloud Drive (Archive)/www.isie.tn/wp-content/uploads/2024/ListesElecteurs06Juillet2024/الداخل/باجة/1001_باجة الجنوبية - تيبار - تبرسق/عين الدفالي.pdf,عين الدفالي.pdf,باجة,باجة الجنوبية - تيبار - تبرسق,عين الدفالي,27,1118,1118,100.0,0
/Users/mohameddhiahammami/iCloud Drive (Archive)/www.isie.tn/wp-content/uploads/2024/ListesElecteurs06Juillet2024/الداخل/باجة/1001_باجة الجنوبية - تيبار - تبرسق/عين الكرمة.pdf,عين الكرمة.pdf,باجة,باجة الجنوبية - تيبار - تبرسق,عين الكرمة,93,4017,4017,100.0,0
/Users/mohameddhiahammami/iCloud Drive (Archive)/www.isie.tn/wp-content/uploads/2024/ListesElecteurs06Juillet2024/الداخل/باجة/1001_باجة الجنوبية - تيبار - تبرسق/عين المليتي.pdf,عين المليتي.pdf,باجة,باجة الجنوبية - تيبار - تبرسق,عين المليتي,26,1068,1068,100.0,0
/Users/mohameddhiahammami/iCloud Drive (Archive)/www.isie.tn/wp-content/uploads/2024/ListesElecteurs06Juillet2024/الداخل/باجة/1001_باجة الجنوبية - تيبار - تبرسق/عين جمالة.pdf,عين جمالة.pdf,باجة,باجة الجنوبية - تيبار - تبرسق,عين جمالة,21,841,841,100.0,0
/Users/mohameddhiahammami/iCloud Drive (Archive)/www.isie.tn/wp-content/uploads/2024/ListesElecteurs06Juillet2024/الداخل/باجة/1001_باجة الجنوبية - تيبار - تبرسق/فدان السوق.pdf,فدان السوق.pdf,باجة,باجة الجنوبية - تيبار - تبرسق,فدان السوق,25,1038,1038,100.0,0
/Users/mohameddhiahammami/iCloud Drive (Archive)/www.isie.tn/wp-content/uploads/2024/ListesElecteurs06Juillet2024/الداخل/باجة/1001_باجة الجنوبية - تيبار - تبرسق/مستوتة.pdf,مستوتة.pdf,باجة,باجة الجنوبية - تيبار - تبرسق,مستوتة,30,1257,1257,100.0,0
/Users/mohameddhiahammami/iCloud Drive (Archive)/www.isie.tn/wp-content/uploads/2024/ListesElecteurs06Juillet2024/الداخل/باجة/1002_باجة الشمالية/الزوابي.pdf,الزوابي.pdf,باجة,باجة الشمالية,الزوابي,136,5912,5912,100.0,0
/Users/mohameddhiahammami/iCloud Drive (Archive)/www.isie.tn/wp-content/uploads/2024/ListesElecteurs06Juillet2024/الداخل/باجة/1002_باجة الشمالية/الغرابة.pdf,الغرابة.pdf,باجة,باجة الشمالية,الغرابة,31,1313,1313,100.0,0
/Users/mohameddhiahammami/iCloud Drive (Archive)/www.isie.tn/wp-content/uploads/2024/ListesElecteurs06Juillet2024/الداخل/باجة/1002_باجة الشمالية/الغيرية.pdf,الغيرية.pdf,باجة,باجة الشمالية,الغيرية,46,1946,1946,100.0,0
/Users/mohameddhiahammami/iCloud Drive (Archive)/www.isie.tn/wp-content/uploads/2024/ListesElecteurs06Juillet2024/الداخل/باجة/1002_باجة الشمالية/القصبة.pdf,القصبة.pdf,باجة,باجة الشمالية,القصبة,62,2667,2667,100.0,0
/Users/mohameddhiahammami/iCloud Drive (Archive)/www.isie.tn/wp-content/uploads/2024/ListesElecteurs06Juillet2024/الداخل/باجة/1002_باجة الشمالية/المزارة.pdf,المزارة.pdf,باجة,باجة الشمالية,المزارة,231,10097,10097,100.0,0
/Users/mohameddhiahammami/iCloud Drive (Archive)/www.isie.tn/wp-content/uploads/2024/ListesElecteurs06Juillet2024/الداخل/باجة/1002_باجة الشمالية/المنار.pdf,المنار.pdf,باجة,باجة الشمالية,المنار,145,6306,6306,100.0,0
/Users/mohameddhiahammami/iCloud Drive (Archive)/www.isie.tn/wp-content/uploads/2024/ListesElecteurs06Juillet2024/الداخل/باجة/1002_باجة الشمالية/المنشار.pdf,المنشار.pdf,باجة,باجة الشمالية,المنشار,77,3302,3302,100.0,0
/Users/mohameddhiahammami/iCloud Drive (Archive)/www.isie.tn/wp-content/uploads/2024/ListesElecteurs06Juillet2024/الداخل/باجة/1002_باجة الشمالية/النقاشية.pdf,النقاشية.pdf,باجة,باجة الشمالية,النقاشية,39,1669,1669,100.0,0
/Users/mohameddhiahammami/iCloud Drive (Archive)/www.isie.tn/wp-content/uploads/2024/ListesElecteurs06Juillet2024/الداخل/باجة/1002_باجة الشمالية/باجة.pdf,باجة.pdf,باجة,باجة الشمالية,باجة,275,12045,12045,100.0,0
/Users/mohameddhiahammami/iCloud Drive (Archive)/www.isie.tn/wp-content/uploads/2024/ListesElecteurs06Juillet2024/الداخل/باجة/1002_باجة الشمالية/بوحزام.pdf,بوحزام.pdf,باجة,باجة الشمالية,بوحزام,44,1862,1862,100.0,0
/Users/mohameddhiahammami/iCloud Drive (Archive)/www.isie.tn/wp-content/uploads/2024/ListesElecteurs06Juillet2024/الداخل/باجة/1002_باجة الشمالية/عزرة.pdf,عزرة.pdf,باجة,باجة الشمالية,عزرة,38,1626,1626,100.0,0
/Users/mohameddhiahammami/iCloud Drive (Archive)/www.isie.tn/wp-content/uploads/2024/ListesElecteurs06Juillet2024/الداخل/باجة/1002_باجة الشمالية/عين سلطان.pdf,عين سلطان.pdf,باجة,باجة الشمالية,عين سلطان,51,2190,2190,100.0,0
/Users/mohameddhiahammami/iCloud Drive (Archive)/www.isie.tn/wp-content/uploads/2024/ListesElecteurs06Juillet2024/الداخل/باجة/1002_باجة الشمالية/قصر باردو.pdf,قصر باردو.pdf,باجة,باجة الشمالية,قصر باردو,177,7738,7738,100.0,0
/Users/mohameddhiahammami/iCloud Drive (Archive)/www.isie.tn/wp-content/uploads/2024/ListesElecteurs06Juillet2024/الداخل/باجة/1002_باجة الشمالية/قصر مزوار.pdf,قصر مزوار.pdf,باجة,باجة الشمالية,قصر مزوار,74,3188,3188,100.0,0
/Users/mohameddhiahammami/iCloud Drive (Archive)/www.isie.tn/wp-content/uploads/2024/ListesElecteurs06Juillet2024/الداخل/باجة/1003_عمدون - نفزة/الجميلة.pdf,الجميلة.pdf,باجة,عمدون - نفزة,الجميلة,77,3332,3332,100.0,0
/Users/mohameddhiahammami/iCloud Drive (Archive)/www.isie.tn/wp-content/uploads/2024/ListesElecteurs06Juillet2024/الداخل/باجة/1003_عمدون - نفزة/الجوزة.pdf,الجوزة.pdf,باجة,عمدون - نفزة,الجوزة,18,715,715,100.0,0
/Users/mohameddhiahammami/iCloud Drive (Archive)/www.isie.tn/wp-content/uploads/2024/ListesElecteurs06Juillet2024/الداخل/باجة/1003_عمدون - نفزة/الحمراء.pdf,الحمراء.pdf,باجة,عمدون - نفزة,الحمراء,26,1082,1082,100.0,0
/Users/mohameddhiahammami/iCloud Drive (Archive)/www.isie.tn/wp-content/uploads/2024/ListesElecteurs06Juillet2024/الداخل/باجة/1003_عمدون - نفزة/الرماضنية.pdf,الرماضنية.pdf,باجة,عمدون - نفزة,الرماضنية,22,916,916,100.0,0
/Users/mohameddhiahammami/iCloud Drive (Archive)/www.isie.tn/wp-content/uploads/2024/ListesElecteurs06Juillet2024/الداخل/باجة/1003_عمدون - نفزة/الزوارع.pdf,الزوارع.pdf,باجة,عمدون - نفزة,الزوارع,67,2862,2862,100.0,0
/Users/mohameddhiahammami/iCloud Drive (Archive)/www.isie.tn/wp-content/uploads/2024/ListesElecteurs06Juillet2024/الداخل/باجة/1003_عمدون - نفزة/الطبابة.pdf,الطبابة.pdf,باجة,عمدون - نفزة,الطبابة,37,1556,1556,100.0,0
/Users/mohameddhiahammami/iCloud Drive (Archive)/www.isie.tn/wp-content/uploads/2024/ListesElecteurs06Juillet2024/الداخل/باجة/1003_عمدون - نفزة/الطرهوني.pdf,الطرهوني.pdf,باجة,عمدون - نفزة,الطرهوني,22,904,904,100.0,0
/Users/mohameddhiahammami/iCloud Drive (Archive)/www.isie.tn/wp-content/uploads/2024/ListesElecteurs06Juillet2024/الداخل/باجة/1003_عمدون - نفزة/الظهيرات.pdf,الظهيرات.pdf,باجة,عمدون - نفزة,الظهيرات,37,1560,1560,100.0,0
/Users/mohameddhiahammami/iCloud Drive (Archive)/www.isie.tn/wp-content/uploads/2024/ListesElecteurs06Juillet2024/الداخل/باجة/1003_عمدون - نفزة/الغرفة.pdf,الغرفة.pdf,باجة,عمدون - نفزة,الغرفة,17,689,689,100.0,0
/Users/mohameddhiahammami/iCloud Drive (Archive)/www.isie.tn/wp-content/uploads/2024/ListesElecteurs06Juillet2024/الداخل/باجة/1003_عمدون - نفزة/الفرايجية.pdf,الفرايجية.pdf,باجة,عمدون - نفزة,الفرايجية,18,713,713,100.0,0
/Users/mohameddhiahammami/iCloud Drive (Archive)/www.isie.tn/wp-content/uploads/2024/ListesElecteurs06Juillet2024/الداخل/باجة/1003_عمدون - نفزة/القوسة.pdf,القوسة.pdf,باجة,عمدون - نفزة,القوسة,32,1348,1348,100.0,0
/Users/mohameddhiahammami/iCloud Drive (Archive)/www.isie.tn/wp-content/uploads/2024/ListesElecteurs06Juillet2024/الداخل/باجة/1003_عمدون - نفزة/المجالس.pdf,المجالس.pdf,باجة,عمدون - نفزة,المجالس,18,734,734,100.0,0
/Users/mohameddhiahammami/iCloud Drive (Archive)/www.isie.tn/wp-content/uploads/2024/ListesElecteurs06Juillet2024/الداخل/باجة/1003_عمدون - نفزة/بالليف.pdf,بالليف.pdf,باجة,عمدون - نفزة,بالليف,42,1774,1774,100.0,0
/Users/mohameddhiahammami/iCloud Drive (Archive)/www.isie.tn/wp-content/uploads/2024/ListesElecteurs06Juillet2024/الداخل/باجة/1003_عمدون - نفزة/بوزنة.pdf,بوزنة.pdf,باجة,عمدون - نفزة,بوزنة,43,1848,1848,100.0,0
/Users/mohameddhiahammami/iCloud Drive (Archive)/www.isie.tn/wp-content/uploads/2024/ListesElecteurs06Juillet2024/الداخل/باجة/1003_عمدون - نفزة/جبل الديس.pdf,جبل الديس.pdf,باجة,عمدون - نفزة,جبل الديس,96,4147,4147,100.0,0
/Users/mohameddhiahammami/iCloud Drive (Archive)/www.isie.tn/wp-content/uploads/2024/ListesElecteurs06Juillet2024/الداخل/باجة/1003_عمدون - نفزة/زاقة.pdf,زاقة.pdf,باجة,عمدون - نفزة,زاقة,66,2837,2837,100.0,0
/Users/mohameddhiahammami/iCloud Drive (Archive)/www.isie.tn/wp-content/uploads/2024/ListesElecteurs06Juillet2024/الداخل/باجة/1003_عمدون - نفزة/زهرة مدين.pdf,زهرة مدين.pdf,باجة,عمدون - نفزة,زهرة مدين,95,4122,4122,100.0,0
/Users/mohameddhiahammami/iCloud Drive (Archive)/www.isie.tn/wp-content/uploads/2024/ListesElecteurs06Juillet2024/الداخل/باجة/1003_عمدون - نفزة/زهرة مدين الجنوبية.pdf,زهرة مدين الجنوبية.pdf,باجة,عمدون - نفزة,زهرة مدين الجنوبية,59,2543,2543,100.0,0
/Users/mohameddhiahammami/iCloud Drive (Archive)/www.isie.tn/wp-content/uploads/2024/ListesElecteurs06Juillet2024/الداخل/باجة/1003_عمدون - نفزة/صباح.pdf,صباح.pdf,باجة,عمدون - نفزة,صباح,21,853,853,100.0,0
/Users/mohameddhiahammami/iCloud Drive (Archive)/www.isie.tn/wp-content/uploads/2024/ListesElecteurs06Juillet2024/الداخل/باجة/1003_عمدون - نفزة/غزية.pdf,غزية.pdf,باجة,عمدون - نفزة,غزية,38,1619,1619,100.0,0
/Users/mohameddhiahammami/iCloud Drive (Archive)/www.isie.tn/wp-content/uploads/2024/ListesElecteurs06Juillet2024/الداخل/باجة/1003_عمدون - نفزة/غياضة.pdf,غياضة.pdf,باجة,عمدون - نفزة,غياضة,25,1050,1050,100.0,0
/Users/mohameddhiahammami/iCloud Drive (Archive)/www.isie.tn/wp-content/uploads/2024/ListesElecteurs06Juillet2024/الداخل/باجة/1003_عمدون - نفزة/فطناسة.pdf,فطناسة.pdf,باجة,عمدون - نفزة,فطناسة,34,1419,1419,100.0,0
/Users/mohameddhiahammami/iCloud Drive (Archive)/www.isie.tn/wp-content/uploads/2024/ListesElecteurs06Juillet2024/الداخل/باجة/1003_عمدون - نفزة/كاف النيقرو.pdf,كاف النيقرو.pdf,باجة,عمدون - نفزة,كاف النيقرو,43,1809,1809,100.0,0
/Users/mohameddhiahammami/iCloud Drive (Archive)/www.isie.tn/wp-content/uploads/2024/ListesElecteurs06Juillet2024/الداخل/باجة/1003_عمدون - نفزة/مالك.pdf,مالك.pdf,باجة,عمدون - نفزة,مالك,25,1042,1042,100.0,0
/Users/mohameddhiahammami/iCloud Drive (Archive)/www.isie.tn/wp-content/uploads/2024/ListesElecteurs06Juillet2024/الداخل/باجة/1003_عمدون - نفزة/مغراوة.pdf,مغراوة.pdf,باجة,عمدون - نفزة,مغراوة,14,558,558,100.0,0
/Users/mohameddhiahammami/iCloud Drive (Archive)/www.isie.tn/wp-content/uploads/2024/ListesElecteurs06Juillet2024/الداخل/باجة/1003_عمدون - نفزة/مقطع حديد.pdf,مقطع حديد.pdf,باجة,عمدون - نفزة,مقطع حديد,29,1193,1193,100.0,0
/Users/mohameddhiahammami/iCloud Drive (Archive)/www.isie.tn/wp-content/uploads/2024/ListesElecteurs06Juillet2024/الداخل/باجة/1003_عمدون - نفزة/نفزة الشرقية.pdf,نفزة الشرقية.pdf,باجة,عمدون - نفزة,نفزة الشرقية,101,4398,4398,100.0,0
/Users/mohameddhiahammami/iCloud Drive (Archive)/www.isie.tn/wp-content/uploads/2024/ListesElecteurs06Juillet2024/الداخل/باجة/1003_عمدون - نفزة/نفزة الغربية.pdf,نفزة الغربية.pdf,باجة,عمدون - نفزة,نفزة الغربية,160,6960,6960,100.0,0
/Users/mohameddhiahammami/iCloud Drive (Archive)/www.isie.tn/wp-content/uploads/2024/ListesElecteurs06Juillet2024/الداخل/باجة/1003_عمدون - نفزة/وادي المعدن.pdf,وادي المعدن.pdf,باجة,عمدون - نفزة,وادي المعدن,36,1540,1540,100.0,0
/Users/mohameddhiahammami/iCloud Drive (Archive)/www.isie.tn/wp-content/uploads/2024/ListesElecteurs06Juillet2024/الداخل/باجة/1003_عمدون - نفزة/وشتاتة.pdf,وشتاتة.pdf,باجة,عمدون - نفزة,وشتاتة,102,4405,4405,100.0,0
/Users/mohameddhiahammami/iCloud Drive (Archive)/www.isie.tn/wp-content/uploads/2024/ListesElecteurs06Juillet2024/الداخل/باجة/1004_مجاز الباب - قبلاط - تستور/أولاد سلامة.pdf,أولاد سلامة.pdf,باجة,مجاز الباب - قبلاط - تستور,أولاد سلامة,28,1151,1151,100.0,0
/Users/mohameddhiahammami/iCloud Drive (Archive)/www.isie.tn/wp-content/uploads/2024/ListesElecteurs06Juillet2024/الداخل/باجة/1004_مجاز الباب - قبلاط - تستور/ابن زيدون.pdf,ابن زيدون.pdf,باجة,مجاز الباب - قبلاط - تستور,ابن زيدون,96,4156,4156,100.0,0
/Users/mohameddhiahammami/iCloud Drive (Archive)/www.isie.tn/wp-content/uploads/2024/ListesElecteurs06Juillet2024/الداخل/باجة/1004_مجاز الباب - قبلاط - تستور/السلوقية.pdf,السلوقية.pdf,باجة,مجاز الباب - قبلاط - تستور,السلوقية,103,4458,4458,100.0,0
/Users/mohameddhiahammami/iCloud Drive (Archive)/www.isie.tn/wp-content/uploads/2024/ListesElecteurs06Juillet2024/الداخل/باجة/1004_مجاز الباب - قبلاط - تستور/الصخيرة.pdf,الصخيرة.pdf,باجة,مجاز الباب - قبلاط - تستور,الصخيرة,25,1049,1049,100.0,0
/Users/mohameddhiahammami/iCloud Drive (Archive)/www.isie.tn/wp-content/uploads/2024/ListesElecteurs06Juillet2024/الداخل/باجة/1004_مجاز الباب - قبلاط - تستور/القريعات.pdf,القريعات.pdf,باجة,مجاز الباب - قبلاط - تستور,القريعات,39,1668,1668,100.0,0
/Users/mohameddhiahammami/iCloud Drive (Archive)/www.isie.tn/wp-content/uploads/2024/ListesElecteurs06Juillet2024/الداخل/باجة/1004_مجاز الباب - قبلاط - تستور/القصر.pdf,القصر.pdf,باجة,مجاز الباب - قبلاط - تستور,القصر,25,1022,1022,100.0,0
/Users/mohameddhiahammami/iCloud Drive (Archive)/www.isie.tn/wp-content/uploads/2024/ListesElecteurs06Juillet2024/الداخل/باجة/1004_مجاز الباب - قبلاط - تستور/القمرتي.pdf,القمرتي.pdf,باجة,مجاز الباب - قبلاط - تستور,القمرتي,27,1121,1121,100.0,0
/Users/mohameddhiahammami/iCloud Drive (Archive)/www.isie.tn/wp-content/uploads/2024/ListesElecteurs06Juillet2024/الداخل/باجة/1004_مجاز الباب - قبلاط - تستور/المواطيس.pdf,المواطيس.pdf,باجة,مجاز الباب - قبلاط - تستور,المواطيس,157,6861,6861,100.0,0
/Users/mohameddhiahammami/iCloud Drive (Archive)/www.isie.tn/wp-content/uploads/2024/ListesElecteurs06Juillet2024/الداخل/باجة/1004_مجاز الباب - قبلاط - تستور/الهري.pdf,الهري.pdf,باجة,مجاز الباب - قبلاط - تستور,الهري,51,2196,2196,100.0,0
/Users/mohameddhiahammami/iCloud Drive (Archive)/www.isie.tn/wp-content/uploads/2024/ListesElecteurs06Juillet2024/الداخل/باجة/1004_مجاز الباب - قبلاط - تستور/بئر العش.pdf,بئر العش.pdf,باجة,مجاز الباب - قبلاط - تستور,بئر العش,28,1177,1177,100.0,0
/Users/mohameddhiahammami/iCloud Drive (Archive)/www.isie.tn/wp-content/uploads/2024/ListesElecteurs06Juillet2024/الداخل/باجة/1004_مجاز الباب - قبلاط - تستور/تستور.pdf,تستور.pdf,باجة,مجاز الباب - قبلاط - تستور,تستور,56,2413,2413,100.0,0
/Users/mohameddhiahammami/iCloud Drive (Archive)/www.isie.tn/wp-content/uploads/2024/ListesElecteurs06Juillet2024/الداخل/باجة/1004_مجاز الباب - قبلاط - تستور/توكابر.pdf,توكابر.pdf,باجة,مجاز الباب - قبلاط - تستور,توكابر,26,1062,1062,100.0,0
/Users/mohameddhiahammami/iCloud Drive (Archive)/www.isie.tn/wp-content/uploads/2024/ListesElecteurs06Juillet2024/الداخل/باجة/1004_مجاز الباب - قبلاط - تستور/حي 26 فيفري.pdf,حي 26 فيفري.pdf,باجة,مجاز الباب - قبلاط - تستور,حي 26 فيفري,123,5347,5347,100.0,0
/Users/mohameddhiahammami/iCloud Drive (Archive)/www.isie.tn/wp-content/uploads/2024/ListesElecteurs06Juillet2024/الداخل/باجة/1004_مجاز الباب - قبلاط - تستور/حيدوس.pdf,حيدوس.pdf,باجة,مجاز الباب - قبلاط - تستور,حيدوس,14,543,543,100.0,0
/Users/mohameddhiahammami/iCloud Drive (Archive)/www.isie.tn/wp-content/uploads/2024/ListesElecteurs06Juillet2024/الداخل/باجة/1004_مجاز الباب - قبلاط - تستور/خشاب.pdf,خشاب.pdf,باجة,مجاز الباب - قبلاط - تستور,خشاب,24,995,995,100.0,0
/Users/mohameddhiahammami/iCloud Drive (Archive)/www.isie.tn/wp-content/uploads/2024/ListesElecteurs06Juillet2024/الداخل/باجة/1004_مجاز الباب - قبلاط - تستور/خنيقة الدهان.pdf,خنيقة الدهان.pdf,باجة,مجاز الباب - قبلاط - تستور,خنيقة الدهان,22,903,903,100.0,0
/Users/mohameddhiahammami/iCloud Drive (Archive)/www.isie.tn/wp-content/uploads/2024/ListesElecteurs06Juillet2024/الداخل/باجة/1004_مجاز الباب - قبلاط - تستور/دور اسماعيل.pdf,دور اسماعيل.pdf,باجة,مجاز الباب - قبلاط - تستور,دور اسماعيل,36,1527,1527,100.0,0
/Users/mohameddhiahammami/iCloud Drive (Archive)/www.isie.tn/wp-content/uploads/2024/ListesElecteurs06Juillet2024/الداخل/باجة/1004_مجاز الباب - قبلاط - تستور/زلدو.pdf,زلدو.pdf,باجة,مجاز الباب - قبلاط - تستور,زلدو,31,1311,1311,100.0,0
/Users/mohameddhiahammami/iCloud Drive (Archive)/www.isie.tn/wp-content/uploads/2024/ListesElecteurs06Juillet2024/الداخل/باجة/1004_مجاز الباب - قبلاط - تستور/سيدي أحمد الجديدي.pdf,سيدي أحمد الجديدي.pdf,باجة,مجاز الباب - قبلاط - تستور,سيدي أحمد الجديدي,30,1256,1256,100.0,0
/Users/mohameddhiahammami/iCloud Drive (Archive)/www.isie.tn/wp-content/uploads/2024/ListesElecteurs06Juillet2024/الداخل/باجة/1004_مجاز الباب - قبلاط - تستور/سيدي الرائس.pdf,سيدي الرائس.pdf,باجة,مجاز الباب - قبلاط - تستور,سيدي الرائس,146,6349,6349,100.0,0
/Users/mohameddhiahammami/iCloud Drive (Archive)/www.isie.tn/wp-content/uploads/2024/ListesElecteurs06Juillet2024/الداخل/باجة/1004_مجاز الباب - قبلاط - تستور/سيدي عامر.pdf,سيدي عامر.pdf,باجة,مجاز الباب - قبلاط - تستور,سيدي عامر,9,345,345,100.0,0
/Users/mohameddhiahammami/iCloud Drive (Archive)/www.isie.tn/wp-content/uploads/2024/ListesElecteurs06Juillet2024/الداخل/باجة/1004_مجاز الباب - قبلاط - تستور/سيدي عبد العزيز.pdf,سيدي عبد العزيز.pdf,باجة,مجاز الباب - قبلاط - تستور,سيدي عبد العزيز,20,815,815,100.0,0
/Users/mohameddhiahammami/iCloud Drive (Archive)/www.isie.tn/wp-content/uploads/2024/ListesElecteurs06Juillet2024/الداخل/باجة/1004_مجاز الباب - قبلاط - تستور/سيدي مدين.pdf,سيدي مدين.pdf,باجة,مجاز الباب - قبلاط - تستور,سيدي مدين,31,1310,1310,100.0,0
/Users/mohameddhiahammami/iCloud Drive (Archive)/www.isie.tn/wp-content/uploads/2024/ListesElecteurs06Juillet2024/الداخل/باجة/1004_مجاز الباب - قبلاط - تستور/سيدي نصر.pdf,سيدي نصر.pdf,باجة,مجاز الباب - قبلاط - تستور,سيدي نصر,41,1731,1731,100.0,0
/Users/mohameddhiahammami/iCloud Drive (Archive)/www.isie.tn/wp-content/uploads/2024/ListesElecteurs06Juillet2024/الداخل/باجة/1004_مجاز الباب - قبلاط - تستور/شواش.pdf,شواش.pdf,باجة,مجاز الباب - قبلاط - تستور,شواش,22,917,917,100.0,0
/Users/mohameddhiahammami/iCloud Drive (Archive)/www.isie.tn/wp-content/uploads/2024/ListesElecteurs06Juillet2024/الداخل/باجة/1004_مجاز الباب - قبلاط - تستور/شيخ الوديان.pdf,شيخ الوديان.pdf,باجة,مجاز الباب - قبلاط - تستور,شيخ الوديان,31,1288,1288,100.0,0
/Users/mohameddhiahammami/iCloud Drive (Archive)/www.isie.tn/wp-content/uploads/2024/ListesElecteurs06Juillet2024/الداخل/باجة/1004_مجاز الباب - قبلاط - تستور/عين يونس.pdf,عين يونس.pdf,باجة,مجاز الباب - قبلاط - تستور,عين يونس,31,1319,1319,100.0,0
/Users/mohameddhiahammami/iCloud Drive (Archive)/www.isie.tn/wp-content/uploads/2024/ListesElecteurs06Juillet2024/الداخل/باجة/1004_مجاز الباب - قبلاط - تستور/قبلاط.pdf,قبلاط.pdf,باجة,مجاز الباب - قبلاط - تستور,قبلاط,109,4732,4732,100.0,0
/Users/mohameddhiahammami/iCloud Drive (Archive)/www.isie.tn/wp-content/uploads/2024/ListesElecteurs06Juillet2024/الداخل/باجة/1004_مجاز الباب - قبلاط - تستور/قرام.pdf,قرام.pdf,باجة,مجاز الباب - قبلاط - تستور,قرام,31,1286,1286,100.0,0
/Users/mohameddhiahammami/iCloud Drive (Archive)/www.isie.tn/wp-content/uploads/2024/ListesElecteurs06Juillet2024/الداخل/باجة/1004_مجاز الباب - قبلاط - تستور/قريش الوادي.pdf,قريش الوادي.pdf,باجة,مجاز الباب - قبلاط - تستور,قريش الوادي,25,1014,1014,100.0,0
/Users/mohameddhiahammami/iCloud Drive (Archive)/www.isie.tn/wp-content/uploads/2024/ListesElecteurs06Juillet2024/الداخل/باجة/1004_مجاز الباب - قبلاط - تستور/مجاز الباب الجنوبية.pdf,مجاز الباب الجنوبية.pdf,باجة,مجاز الباب - قبلاط - تستور,مجاز الباب الجنوبية,78,3366,3366,100.0,0
/Users/mohameddhiahammami/iCloud Drive (Archive)/www.isie.tn/wp-content/uploads/2024/ListesElecteurs06Juillet2024/الداخل/باجة/1004_مجاز الباب - قبلاط - تستور/مجاز الباب المدينة.pdf,مجاز الباب المدينة.pdf,باجة,مجاز الباب - قبلاط - تستور,مجاز الباب المدينة,129,5598,5598,100.0,0
/Users/mohameddhiahammami/iCloud Drive (Archive)/www.isie.tn/wp-content/uploads/2024/ListesElecteurs06Juillet2024/الداخل/باجة/1004_مجاز الباب - قبلاط - تستور/مزوغة.pdf,مزوغة.pdf,باجة,مجاز الباب - قبلاط - تستور,مزوغة,20,836,836,100.0,0
/Users/mohameddhiahammami/iCloud Drive (Archive)/www.isie.tn/wp-content/uploads/2024/ListesElecteurs06Juillet2024/الداخل/باجة/1004_مجاز الباب - قبلاط - تستور/وادي الزرقاء.pdf,وادي الزرقاء.pdf,باجة,مجاز الباب - قبلاط - تستور,وادي الزرقاء,90,3914,3914,100.0,0
/Users/mohameddhiahammami/iCloud Drive (Archive)/www.isie.tn/wp-content/uploads/2024/ListesElecteurs06Juillet2024/الداخل/بن عروس/0301_المحمدية/المحمدية.pdf,المحمدية.pdf,بن عروس,المحمدية,المحمدية,392,17175,17175,100.0,0
/Users/mohameddhiahammami/iCloud Drive (Archive)/www.isie.tn/wp-content/uploads/2024/ListesElecteurs06Juillet2024/الداخل/بن عروس/0301_المحمدية/المنجي سليم.pdf,المنجي سليم.pdf,بن عروس,المحمدية,المنجي سليم,218,9535,9535,100.0,0
/Users/mohameddhiahammami/iCloud Drive (Archive)/www.isie.tn/wp-content/uploads/2024/ListesElecteurs06Juillet2024/الداخل/بن عروس/0301_المحمدية/حي السعادة.pdf,حي السعادة.pdf,بن عروس,المحمدية,حي السعادة,231,10082,10082,100.0,0
/Users/mohameddhiahammami/iCloud Drive (Archive)/www.isie.tn/wp-content/uploads/2024/ListesElecteurs06Juillet2024/الداخل/بن عروس/0301_المحمدية/حي النسيم.pdf,حي النسيم.pdf,بن عروس,المحمدية,حي النسيم,255,11163,11163,100.0,0
/Users/mohameddhiahammami/iCloud Drive (Archive)/www.isie.tn/wp-content/uploads/2024/ListesElecteurs06Juillet2024/الداخل/بن عروس/0301_المحمدية/سيدي فرج.pdf,سيدي فرج.pdf,بن عروس,المحمدية,سيدي فرج,42,1776,1776,100.0,0
/Users/mohameddhiahammami/iCloud Drive (Archive)/www.isie.tn/wp-content/uploads/2024/ListesElecteurs06Juillet2024/الداخل/بن عروس/0302_المروج - بئر القصعة/المروج 1.pdf,المروج 1.pdf,بن عروس,المروج - بئر القصعة,المروج 1,419,18386,18386,100.0,0
/Users/mohameddhiahammami/iCloud Drive (Archive)/www.isie.tn/wp-content/uploads/2024/ListesElecteurs06Juillet2024/الداخل/بن عروس/0302_المروج - بئر القصعة/المروج 3.pdf,المروج 3.pdf,بن عروس,المروج - بئر القصعة,المروج 3,468,20533,20533,100.0,0
/Users/mohameddhiahammami/iCloud Drive (Archive)/www.isie.tn/wp-content/uploads/2024/ListesElecteurs06Juillet2024/الداخل/بن عروس/0302_المروج - بئر القصعة/المروج 4.pdf,المروج 4.pdf,بن عروس,المروج - بئر القصعة,المروج 4,276,12082,12082,100.0,0
/Users/mohameddhiahammami/iCloud Drive (Archive)/www.isie.tn/wp-content/uploads/2024/ListesElecteurs06Juillet2024/الداخل/بن عروس/0302_المروج - بئر القصعة/بئر القصعة.pdf,بئر القصعة.pdf,بن عروس,المروج - بئر القصعة,بئر القصعة,46,1944,1944,100.0,0
/Users/mohameddhiahammami/iCloud Drive (Archive)/www.isie.tn/wp-content/uploads/2024/ListesElecteurs06Juillet2024/الداخل/بن عروس/0303_المروج - فرحات حشاد/المروج 5.pdf,المروج 5.pdf,بن عروس,المروج - فرحات حشاد,المروج 5,524,22969,22969,100.0,0
/Users/mohameddhiahammami/iCloud Drive (Archive)/www.isie.tn/wp-content/uploads/2024/ListesElecteurs06Juillet2024/الداخل/بن عروس/0303_المروج - فرحات حشاد/فرحات حشاد.pdf,فرحات حشاد.pdf,بن عروس,المروج - فرحات حشاد,فرحات حشاد,87,3775,3775,100.0,0
/Users/mohameddhiahammami/iCloud Drive (Archive)/www.isie.tn/wp-content/uploads/2024/ListesElecteurs06Juillet2024/الداخل/بن عروس/0304_بن عروس - المدينة الجديدة/الرابطة.pdf,الرابطة.pdf,بن عروس,بن عروس - المدينة الجديدة,الرابطة,194,8492,8492,100.0,0
/Users/mohameddhiahammami/iCloud Drive (Archive)/www.isie.tn/wp-content/uploads/2024/ListesElecteurs06Juillet2024/الداخل/بن عروس/0304_بن عروس - المدينة الجديدة/المدينة الجديدة 1.pdf,المدينة الجديدة 1.pdf,بن عروس,بن عروس - المدينة الجديدة,المدينة الجديدة 1,173,7561,7561,100.0,0
/Users/mohameddhiahammami/iCloud Drive (Archive)/www.isie.tn/wp-content/uploads/2024/ListesElecteurs06Juillet2024/الداخل/بن عروس/0304_بن عروس - المدينة الجديدة/المدينة الجديدة2.pdf,المدينة الجديدة2.pdf,بن عروس,بن عروس - المدينة الجديدة,المدينة الجديدة2,133,5796,5796,100.0,0
/Users/mohameddhiahammami/iCloud Drive (Archive)/www.isie.tn/wp-content/uploads/2024/ListesElecteurs06Juillet2024/الداخل/بن عروس/0304_بن عروس - المدينة الجديدة/المهيري.pdf,المهيري.pdf,بن عروس,بن عروس - المدينة الجديدة,المهيري,89,3842,3842,100.0,0
/Users/mohameddhiahammami/iCloud Drive (Archive)/www.isie.tn/wp-content/uploads/2024/ListesElecteurs06Juillet2024/الداخل/بن عروس/0304_بن عروس - المدينة الجديدة/الياسمينات.pdf,الياسمينات.pdf,بن عروس,بن عروس - المدينة الجديدة,الياسمينات,387,16974,16974,100.0,0
/Users/mohameddhiahammami/iCloud Drive (Archive)/www.isie.tn/wp-content/uploads/2024/ListesElecteurs06Juillet2024/الداخل/بن عروس/0304_بن عروس - المدينة الجديدة/بن عروس الشرقية.pdf,بن عروس الشرقية.pdf,بن عروس,بن عروس - المدينة الجديدة,بن عروس الشرقية,191,8358,8358,100.0,0
/Users/mohameddhiahammami/iCloud Drive (Archive)/www.isie.tn/wp-content/uploads/2024/ListesElecteurs06Juillet2024/الداخل/بن عروس/0304_بن عروس - المدينة الجديدة/بن عروس الغربية.pdf,بن عروس الغربية.pdf,بن عروس,بن عروس - المدينة الجديدة,بن عروس الغربية,128,5565,5565,100.0,0
/Users/mohameddhiahammami/iCloud Drive (Archive)/www.isie.tn/wp-content/uploads/2024/ListesElecteurs06Juillet2024/الداخل/بن عروس/0304_بن عروس - المدينة الجديدة/حي ابن عرفة.pdf,حي ابن عرفة.pdf,بن عروس,بن عروس - المدينة الجديدة,حي ابن عرفة,20,835,835,100.0,0
/Users/mohameddhiahammami/iCloud Drive (Archive)/www.isie.tn/wp-content/uploads/2024/ListesElecteurs06Juillet2024/الداخل/بن عروس/0304_بن عروس - المدينة الجديدة/حي الاسكان.pdf,حي الاسكان.pdf,بن عروس,بن عروس - المدينة الجديدة,حي الاسكان,97,4217,4217,100.0,0
/Users/mohameddhiahammami/iCloud Drive (Archive)/www.isie.tn/wp-content/uploads/2024/ListesElecteurs06Juillet2024/الداخل/بن عروس/0304_بن عروس - المدينة الجديدة/سيدي بن عروس.pdf,سيدي بن عروس.pdf,بن عروس,بن عروس - المدينة الجديدة,سيدي بن عروس,169,7374,7374,100.0,0
/Users/mohameddhiahammami/iCloud Drive (Archive)/www.isie.tn/wp-content/uploads/2024/ListesElecteurs06Juillet2024/الداخل/بن عروس/0304_بن عروس - المدينة الجديدة/سيدي مصباح.pdf,سيدي مصباح.pdf,بن عروس,بن عروس - المدينة الجديدة,سيدي مصباح,252,11044,11044,100.0,0
/Users/mohameddhiahammami/iCloud Drive (Archive)/www.isie.tn/wp-content/uploads/2024/ListesElecteurs06Juillet2024/الداخل/بن عروس/0305_بومهل البساتين - الزهراء/18جانفي.pdf,18جانفي.pdf,بن عروس,بومهل البساتين - الزهراء,18جانفي,144,6271,6271,100.0,0
/Users/mohameddhiahammami/iCloud Drive (Archive)/www.isie.tn/wp-content/uploads/2024/ListesElecteurs06Juillet2024/الداخل/بن عروس/0305_بومهل البساتين - الزهراء/البساتين.pdf,البساتين.pdf,بن عروس,بومهل البساتين - الزهراء,البساتين,277,12142,12142,100.0,0
/Users/mohameddhiahammami/iCloud Drive (Archive)/www.isie.tn/wp-content/uploads/2024/ListesElecteurs06Juillet2024/الداخل/بن عروس/0305_بومهل البساتين - الزهراء/البساتين الغربية.pdf,البساتين الغربية.pdf,بن عروس,بومهل البساتين - الزهراء,البساتين الغربية,56,2393,2393,100.0,0
/Users/mohameddhiahammami/iCloud Drive (Archive)/www.isie.tn/wp-content/uploads/2024/ListesElecteurs06Juillet2024/الداخل/بن عروس/0305_بومهل البساتين - الزهراء/الزهراء المدينة.pdf,الزهراء المدينة.pdf,بن عروس,بومهل البساتين - الزهراء,الزهراء المدينة,275,12034,12034,100.0,0
/Users/mohameddhiahammami/iCloud Drive (Archive)/www.isie.tn/wp-content/uploads/2024/ListesElecteurs06Juillet2024/الداخل/بن عروس/0305_بومهل البساتين - الزهراء/برج الوزير.pdf,برج الوزير.pdf,بن عروس,بومهل البساتين - الزهراء,برج الوزير,61,2602,2602,100.0,0
/Users/mohameddhiahammami/iCloud Drive (Archive)/www.isie.tn/wp-content/uploads/2024/ListesElecteurs06Juillet2024/الداخل/بن عروس/0305_بومهل البساتين - الزهراء/بومهل.pdf,بومهل.pdf,بن عروس,بومهل البساتين - الزهراء,بومهل,257,11227,11227,100.0,0
/Users/mohameddhiahammami/iCloud Drive (Archive)/www.isie.tn/wp-content/uploads/2024/ListesElecteurs06Juillet2024/الداخل/بن عروس/0305_بومهل البساتين - الزهراء/حي الحبيب.pdf,حي الحبيب.pdf,بن عروس,بومهل البساتين - الزهراء,حي الحبيب,227,9941,9941,100.0,0
/Users/mohameddhiahammami/iCloud Drive (Archive)/www.isie.tn/wp-content/uploads/2024/ListesElecteurs06Juillet2024/الداخل/بن عروس/0305_بومهل البساتين - الزهراء/شالة.pdf,شالة.pdf,بن عروس,بومهل البساتين - الزهراء,شالة,135,5890,5890,100.0,0
/Users/mohameddhiahammami/iCloud Drive (Archive)/www.isie.tn/wp-content/uploads/2024/ListesElecteurs06Juillet2024/الداخل/بن عروس/0306_حمام  الأنف - حمام الشط/بئر الباي.pdf,بئر الباي.pdf,بن عروس,حمام الأنف - حمام الشط,بئر الباي,127,5538,5538,100.0,0
/Users/mohameddhiahammami/iCloud Drive (Archive)/www.isie.tn/wp-content/uploads/2024/ListesElecteurs06Juillet2024/الداخل/بن عروس/0306_حمام  الأنف - حمام الشط/برج السدرية.pdf,برج السدرية.pdf,بن عروس,حمام الأنف - حمام الشط,برج السدرية,272,11899,11899,100.0,0
/Users/mohameddhiahammami/iCloud Drive (Archive)/www.isie.tn/wp-content/uploads/2024/ListesElecteurs06Juillet2024/الداخل/بن عروس/0306_حمام  الأنف - حمام الشط/حمام الانف المدينة.pdf,حمام الانف المدينة.pdf,بن عروس,حمام الأنف - حمام الشط,حمام الانف المدينة,419,18363,10420,56.74454065239885,0
/Users/mohameddhiahammami/iCloud Drive (Archive)/www.isie.tn/wp-content/uploads/2024/ListesElecteurs06Juillet2024/الداخل/بن عروس/0306_حمام  الأنف - حمام الشط/حمام الانف المدينة 2.pdf,حمام الانف المدينة 2.pdf,بن عروس,حمام الأنف - حمام الشط,حمام الانف المدينة 2,16,633,633,100.0,0
/Users/mohameddhiahammami/iCloud Drive (Archive)/www.isie.tn/wp-content/uploads/2024/ListesElecteurs06Juillet2024/الداخل/بن عروس/0306_حمام  الأنف - حمام الشط/حمام الانف الملعب.pdf,حمام الانف الملعب.pdf,بن عروس,حمام الأنف - حمام الشط,حمام الانف الملعب,133,5772,5772,100.0,0
/Users/mohameddhiahammami/iCloud Drive (Archive)/www.isie.tn/wp-content/uploads/2024/ListesElecteurs06Juillet2024/الداخل/بن عروس/0306_حمام  الأنف - حمام الشط/حمام الانف بوقرنين.pdf,حمام الانف بوقرنين.pdf,بن عروس,حمام الأنف - حمام الشط,حمام الانف بوقرنين,152,6627,6627,100.0,0
/Users/mohameddhiahammami/iCloud Drive (Archive)/www.isie.tn/wp-content/uploads/2024/ListesElecteurs06Juillet2024/الداخل/بن عروس/0306_حمام  الأنف - حمام الشط/حمام الشط.pdf,حمام الشط.pdf,بن عروس,حمام الأنف - حمام الشط,حمام الشط,246,10773,10773,100.0,0
/Users/mohameddhiahammami/iCloud Drive (Archive)/www.isie.tn/wp-content/uploads/2024/ListesElecteurs06Juillet2024/الداخل/بن عروس/0306_حمام  الأنف - حمام الشط/حي محمد علي.pdf,حي محمد علي.pdf,بن عروس,حمام الأنف - حمام الشط,حي محمد علي,135,5880,5880,100.0,0
/Users/mohameddhiahammami/iCloud Drive (Archive)/www.isie.tn/wp-content/uploads/2024/ListesElecteurs06Juillet2024/الداخل/بن عروس/0306_حمام  الأنف - حمام الشط/فرحات حشاد.pdf,فرحات حشاد.pdf,بن عروس,حمام الأنف - حمام الشط,فرحات حشاد,22,899,899,100.0,0
/Users/mohameddhiahammami/iCloud Drive (Archive)/www.isie.tn/wp-content/uploads/2024/ListesElecteurs06Juillet2024/الداخل/بن عروس/0307_رادس - مقرين/الطيب المهيري.pdf,الطيب المهيري.pdf,بن عروس,رادس - مقرين,الطيب المهيري,155,6736,6736,100.0,0
/Users/mohameddhiahammami/iCloud Drive (Archive)/www.isie.tn/wp-content/uploads/2024/ListesElecteurs06Juillet2024/الداخل/بن عروس/0307_رادس - مقرين/المنجي سليم.pdf,المنجي سليم.pdf,بن عروس,رادس - مقرين,المنجي سليم,47,1986,1986,100.0,0
/Users/mohameddhiahammami/iCloud Drive (Archive)/www.isie.tn/wp-content/uploads/2024/ListesElecteurs06Juillet2024/الداخل/بن عروس/0307_رادس - مقرين/جوهرة.pdf,جوهرة.pdf,بن عروس,رادس - مقرين,جوهرة,79,3389,3389,100.0,0
/Users/mohameddhiahammami/iCloud Drive (Archive)/www.isie.tn/wp-content/uploads/2024/ListesElecteurs06Juillet2024/الداخل/بن عروس/0307_رادس - مقرين/رادس الغابة.pdf,رادس الغابة.pdf,بن عروس,رادس - مقرين,رادس الغابة,77,3309,3309,100.0,0
/Users/mohameddhiahammami/iCloud Drive (Archive)/www.isie.tn/wp-content/uploads/2024/ListesElecteurs06Juillet2024/الداخل/بن عروس/0307_رادس - مقرين/رادس المدينة.pdf,رادس المدينة.pdf,بن عروس,رادس - مقرين,رادس المدينة,336,14725,14725,100.0,0
/Users/mohameddhiahammami/iCloud Drive (Archive)/www.isie.tn/wp-content/uploads/2024/ListesElecteurs06Juillet2024/الداخل/بن عروس/0307_رادس - مقرين/رادس الملاحة.pdf,رادس الملاحة.pdf,بن عروس,رادس - مقرين,رادس الملاحة,122,5321,5321,100.0,0
/Users/mohameddhiahammami/iCloud Drive (Archive)/www.isie.tn/wp-content/uploads/2024/ListesElecteurs06Juillet2024/الداخل/بن عروس/0307_رادس - مقرين/رادس رمادة.pdf,رادس رمادة.pdf,بن عروس,رادس - مقرين,رادس رمادة,184,8047,8047,100.0,0
/Users/mohameddhiahammami/iCloud Drive (Archive)/www.isie.tn/wp-content/uploads/2024/ListesElecteurs06Juillet2024/الداخل/بن عروس/0307_رادس - مقرين/رادس مليان.pdf,رادس مليان.pdf,بن عروس,رادس - مقرين,رادس مليان,130,5655,5655,100.0,0
/Users/mohameddhiahammami/iCloud Drive (Archive)/www.isie.tn/wp-content/uploads/2024/ListesElecteurs06Juillet2024/الداخل/بن عروس/0307_رادس - مقرين/سيدي رزيق.pdf,سيدي رزيق.pdf,بن عروس,رادس - مقرين,سيدي رزيق,54,2298,2298,100.0,0
/Users/mohameddhiahammami/iCloud Drive (Archive)/www.isie.tn/wp-content/uploads/2024/ListesElecteurs06Juillet2024/الداخل/بن عروس/0307_رادس - مقرين/سيدي رزيق 2.pdf,سيدي رزيق 2.pdf,بن عروس,رادس - مقرين,سيدي رزيق 2,13,526,526,100.0,0
/Users/mohameddhiahammami/iCloud Drive (Archive)/www.isie.tn/wp-content/uploads/2024/ListesElecteurs06Juillet2024/الداخل/بن عروس/0307_رادس - مقرين/مقرين الرياض.pdf,مقرين الرياض.pdf,بن عروس,رادس - مقرين,مقرين الرياض,69,2959,2959,100.0,0
/Users/mohameddhiahammami/iCloud Drive (Archive)/www.isie.tn/wp-content/uploads/2024/ListesElecteurs06Juillet2024/الداخل/بن عروس/0307_رادس - مقرين/مقرين العليا.pdf,مقرين العليا.pdf,بن عروس,رادس - مقرين,مقرين العليا,122,5284,5284,100.0,0
/Users/mohameddhiahammami/iCloud Drive (Archive)/www.isie.tn/wp-content/uploads/2024/ListesElecteurs06Juillet2024/الداخل/بن عروس/0307_رادس - مقرين/مقرين شاكر.pdf,مقرين شاكر.pdf,بن عروس,رادس - مقرين,مقرين شاكر,160,6968,6968,100.0,0
/Users/mohameddhiahammami/iCloud Drive (Archive)/www.isie.tn/wp-content/uploads/2024/ListesElecteurs06Juillet2024/الداخل/بن عروس/0307_رادس - مقرين/مقرين شاكر2.pdf,مقرين شاكر2.pdf,بن عروس,رادس - مقرين,مقرين شاكر2,78,3352,3352,100.0,0
/Users/mohameddhiahammami/iCloud Drive (Archive)/www.isie.tn/wp-content/uploads/2024/ListesElecteurs06Juillet2024/الداخل/بن عروس/0307_رادس - مقرين/منزل مبروك.pdf,منزل مبروك.pdf,بن عروس,رادس - مقرين,منزل مبروك,12,479,479,100.0,0
/Users/mohameddhiahammami/iCloud Drive (Archive)/www.isie.tn/wp-content/uploads/2024/ListesElecteurs06Juillet2024/الداخل/بن عروس/0307_رادس - مقرين/نوبو.pdf,نوبو.pdf,بن عروس,رادس - مقرين,نوبو,50,2120,2120,100.0,0
/Users/mohameddhiahammami/iCloud Drive (Archive)/www.isie.tn/wp-content/uploads/2024/ListesElecteurs06Juillet2024/الداخل/بن عروس/0308_فوشانة/المغيرة.pdf,المغيرة.pdf,بن عروس,فوشانة,المغيرة,92,3974,3974,100.0,0
/Users/mohameddhiahammami/iCloud Drive (Archive)/www.isie.tn/wp-content/uploads/2024/ListesElecteurs06Juillet2024/الداخل/بن عروس/0308_فوشانة/الهضاب.pdf,الهضاب.pdf,بن عروس,فوشانة,الهضاب,234,10211,10211,100.0,0
/Users/mohameddhiahammami/iCloud Drive (Archive)/www.isie.tn/wp-content/uploads/2024/ListesElecteurs06Juillet2024/الداخل/بن عروس/0308_فوشانة/حي المستقبل.pdf,حي المستقبل.pdf,بن عروس,فوشانة,حي المستقبل,173,7555,7555,100.0,0
/Users/mohameddhiahammami/iCloud Drive (Archive)/www.isie.tn/wp-content/uploads/2024/ListesElecteurs06Juillet2024/الداخل/بن عروس/0308_فوشانة/دوار الحوش.pdf,دوار الحوش.pdf,بن عروس,فوشانة,دوار الحوش,45,1899,1899,100.0,0
/Users/mohameddhiahammami/iCloud Drive (Archive)/www.isie.tn/wp-content/uploads/2024/ListesElecteurs06Juillet2024/الداخل/بن عروس/0308_فوشانة/شبدّة.pdf,شبدّة.pdf,بن عروس,فوشانة,شبدّة,75,3218,3218,100.0,0
/Users/mohameddhiahammami/iCloud Drive (Archive)/www.isie.tn/wp-content/uploads/2024/ListesElecteurs06Juillet2024/الداخل/بن عروس/0308_فوشانة/فوشانة.pdf,فوشانة.pdf,بن عروس,فوشانة,فوشانة,347,15185,15185,100.0,0
/Users/mohameddhiahammami/iCloud Drive (Archive)/www.isie.tn/wp-content/uploads/2024/ListesElecteurs06Juillet2024/الداخل/بن عروس/0308_فوشانة/نعسان.pdf,نعسان.pdf,بن عروس,فوشانة,نعسان,361,15821,15821,100.0,0
/Users/mohameddhiahammami/iCloud Drive (Archive)/www.isie.tn/wp-content/uploads/2024/ListesElecteurs06Juillet2024/الداخل/بن عروس/0309_مرناق/أوذنة.pdf,أوذنة.pdf,بن عروس,مرناق,أوذنة,55,2335,2335,100.0,0
/Users/mohameddhiahammami/iCloud Drive (Archive)/www.isie.tn/wp-content/uploads/2024/ListesElecteurs06Juillet2024/الداخل/بن عروس/0309_مرناق/الخليدية.pdf,الخليدية.pdf,بن عروس,مرناق,الخليدية,119,5155,5155,100.0,0
/Users/mohameddhiahammami/iCloud Drive (Archive)/www.isie.tn/wp-content/uploads/2024/ListesElecteurs06Juillet2024/الداخل/بن عروس/0309_مرناق/الرسالة.pdf,الرسالة.pdf,بن عروس,مرناق,الرسالة,72,3118,3118,100.0,0
/Users/mohameddhiahammami/iCloud Drive (Archive)/www.isie.tn/wp-content/uploads/2024/ListesElecteurs06Juillet2024/الداخل/بن عروس/0309_مرناق/الزاوية.pdf,الزاوية.pdf,بن عروس,مرناق,الزاوية,106,4598,4598,100.0,0
/Users/mohameddhiahammami/iCloud Drive (Archive)/www.isie.tn/wp-content/uploads/2024/ListesElecteurs06Juillet2024/الداخل/بن عروس/0309_مرناق/السلام.pdf,السلام.pdf,بن عروس,مرناق,السلام,101,4384,4384,100.0,0
/Users/mohameddhiahammami/iCloud Drive (Archive)/www.isie.tn/wp-content/uploads/2024/ListesElecteurs06Juillet2024/الداخل/بن عروس/0309_مرناق/القصيبي.pdf,القصيبي.pdf,بن عروس,مرناق,القصيبي,44,1864,1864,100.0,0
/Users/mohameddhiahammami/iCloud Drive (Archive)/www.isie.tn/wp-content/uploads/2024/ListesElecteurs06Juillet2024/الداخل/بن عروس/0309_مرناق/القنة.pdf,القنة.pdf,بن عروس,مرناق,القنة,20,815,815,100.0,0
/Users/mohameddhiahammami/iCloud Drive (Archive)/www.isie.tn/wp-content/uploads/2024/ListesElecteurs06Juillet2024/الداخل/بن عروس/0309_مرناق/الكبوطي.pdf,الكبوطي.pdf,بن عروس,مرناق,الكبوطي,44,1875,1875,100.0,0
/Users/mohameddhiahammami/iCloud Drive (Archive)/www.isie.tn/wp-content/uploads/2024/ListesElecteurs06Juillet2024/الداخل/بن عروس/0309_مرناق/جبل الرصاص.pdf,جبل الرصاص.pdf,بن عروس,مرناق,جبل الرصاص,67,2902,2902,100.0,0
/Users/mohameddhiahammami/iCloud Drive (Archive)/www.isie.tn/wp-content/uploads/2024/ListesElecteurs06Juillet2024/الداخل/بن عروس/0309_مرناق/سيدي سالم القارصي.pdf,سيدي سالم القارصي.pdf,بن عروس,مرناق,سيدي سالم القارصي,16,643,643,100.0,0
/Users/mohameddhiahammami/iCloud Drive (Archive)/www.isie.tn/wp-content/uploads/2024/ListesElecteurs06Juillet2024/الداخل/بن عروس/0309_مرناق/سيدي سعد.pdf,سيدي سعد.pdf,بن عروس,مرناق,سيدي سعد,92,3973,3973,100.0,0
/Users/mohameddhiahammami/iCloud Drive (Archive)/www.isie.tn/wp-content/uploads/2024/ListesElecteurs06Juillet2024/الداخل/بن عروس/0309_مرناق/عين رقاد.pdf,عين رقاد.pdf,بن عروس,مرناق,عين رقاد,18,710,710,100.0,0
/Users/mohameddhiahammami/iCloud Drive (Archive)/www.isie.tn/wp-content/uploads/2024/ListesElecteurs06Juillet2024/الداخل/بن عروس/0309_مرناق/مرناق.pdf,مرناق.pdf,بن عروس,مرناق,مرناق,338,14804,14804,100.0,0
/Users/mohameddhiahammami/iCloud Drive (Archive)/www.isie.tn/wp-content/uploads/2024/ListesElecteurs06Juillet2024/الداخل/بن عروس/0309_مرناق/مرناق الغربية.pdf,مرناق الغربية.pdf,بن عروس,مرناق,مرناق الغربية,133,5777,5777,100.0,0
/Users/mohameddhiahammami/iCloud Drive (Archive)/www.isie.tn/wp-content/uploads/2024/ListesElecteurs06Juillet2024/الداخل/بنزرت/0901_بنزرت الجنوبية/اللواتة.pdf,اللواتة.pdf,بنزرت,بنزرت الجنوبية,اللواتة,126,5475,5475,100.0,0
/Users/mohameddhiahammami/iCloud Drive (Archive)/www.isie.tn/wp-content/uploads/2024/ListesElecteurs06Juillet2024/الداخل/بنزرت/0901_بنزرت الجنوبية/المصيدة.pdf,المصيدة.pdf,بنزرت,بنزرت الجنوبية,المصيدة,151,6588,6588,100.0,0
/Users/mohameddhiahammami/iCloud Drive (Archive)/www.isie.tn/wp-content/uploads/2024/ListesElecteurs06Juillet2024/الداخل/بنزرت/0901_بنزرت الجنوبية/باب ماطر.pdf,باب ماطر.pdf,بنزرت,بنزرت الجنوبية,باب ماطر,137,5961,5961,100.0,0
/Users/mohameddhiahammami/iCloud Drive (Archive)/www.isie.tn/wp-content/uploads/2024/ListesElecteurs06Juillet2024/الداخل/بنزرت/0901_بنزرت الجنوبية/تسكراية.pdf,تسكراية.pdf,بنزرت,بنزرت الجنوبية,تسكراية,41,1731,1731,100.0,0
/Users/mohameddhiahammami/iCloud Drive (Archive)/www.isie.tn/wp-content/uploads/2024/ListesElecteurs06Juillet2024/الداخل/بنزرت/0901_بنزرت الجنوبية/حي الجلاء.pdf,حي الجلاء.pdf,بنزرت,بنزرت الجنوبية,حي الجلاء,58,2482,2482,100.0,0
/Users/mohameddhiahammami/iCloud Drive (Archive)/www.isie.tn/wp-content/uploads/2024/ListesElecteurs06Juillet2024/الداخل/بنزرت/0901_بنزرت الجنوبية/سيدي احمد.pdf,سيدي احمد.pdf,بنزرت,بنزرت الجنوبية,سيدي احمد,105,4557,4557,100.0,0
/Users/mohameddhiahammami/iCloud Drive (Archive)/www.isie.tn/wp-content/uploads/2024/ListesElecteurs06Juillet2024/الداخل/بنزرت/0901_بنزرت الجنوبية/سيدي عامر.pdf,سيدي عامر.pdf,بنزرت,بنزرت الجنوبية,سيدي عامر,26,1077,1077,100.0,0
/Users/mohameddhiahammami/iCloud Drive (Archive)/www.isie.tn/wp-content/uploads/2024/ListesElecteurs06Juillet2024/الداخل/بنزرت/0901_بنزرت الجنوبية/فرحات حشاد.pdf,فرحات حشاد.pdf,بنزرت,بنزرت الجنوبية,فرحات حشاد,217,9478,9478,100.0,0
/Users/mohameddhiahammami/iCloud Drive (Archive)/www.isie.tn/wp-content/uploads/2024/ListesElecteurs06Juillet2024/الداخل/بنزرت/0901_بنزرت الجنوبية/مرنيصة.pdf,مرنيصة.pdf,بنزرت,بنزرت الجنوبية,مرنيصة,70,3033,3033,100.0,0
/Users/mohameddhiahammami/iCloud Drive (Archive)/www.isie.tn/wp-content/uploads/2024/ListesElecteurs06Juillet2024/الداخل/بنزرت/0901_بنزرت الجنوبية/هيشر.pdf,هيشر.pdf,بنزرت,بنزرت الجنوبية,هيشر,23,930,930,100.0,0
/Users/mohameddhiahammami/iCloud Drive (Archive)/www.isie.tn/wp-content/uploads/2024/ListesElecteurs06Juillet2024/الداخل/بنزرت/0902_بنزرت الشمالية/15أكتوبر.pdf,15أكتوبر.pdf,بنزرت,بنزرت الشمالية,15أكتوبر,86,3737,3737,100.0,0
/Users/mohameddhiahammami/iCloud Drive (Archive)/www.isie.tn/wp-content/uploads/2024/ListesElecteurs06Juillet2024/الداخل/بنزرت/0902_بنزرت الشمالية/الحبيب الحداد.pdf,الحبيب الحداد.pdf,بنزرت,بنزرت الشمالية,الحبيب الحداد,321,14075,14075,100.0,0
/Users/mohameddhiahammami/iCloud Drive (Archive)/www.isie.tn/wp-content/uploads/2024/ListesElecteurs06Juillet2024/الداخل/بنزرت/0902_بنزرت الشمالية/الحبيب بوقطفة.pdf,الحبيب بوقطفة.pdf,بنزرت,بنزرت الشمالية,الحبيب بوقطفة,156,6818,6818,100.0,0
/Users/mohameddhiahammami/iCloud Drive (Archive)/www.isie.tn/wp-content/uploads/2024/ListesElecteurs06Juillet2024/الداخل/بنزرت/0902_بنزرت الشمالية/الشيخ إدريس.pdf,الشيخ إدريس.pdf,بنزرت,بنزرت الشمالية,الشيخ إدريس,12,456,456,100.0,0
/Users/mohameddhiahammami/iCloud Drive (Archive)/www.isie.tn/wp-content/uploads/2024/ListesElecteurs06Juillet2024/الداخل/بنزرت/0902_بنزرت الشمالية/القنال.pdf,القنال.pdf,بنزرت,بنزرت الشمالية,القنال,112,4844,4844,100.0,0
/Users/mohameddhiahammami/iCloud Drive (Archive)/www.isie.tn/wp-content/uploads/2024/ListesElecteurs06Juillet2024/الداخل/بنزرت/0902_بنزرت الشمالية/الكرنيش.pdf,الكرنيش.pdf,بنزرت,بنزرت الشمالية,الكرنيش,144,6255,6255,100.0,0
/Users/mohameddhiahammami/iCloud Drive (Archive)/www.isie.tn/wp-content/uploads/2024/ListesElecteurs06Juillet2024/الداخل/بنزرت/0902_بنزرت الشمالية/المؤتمر.pdf,المؤتمر.pdf,بنزرت,بنزرت الشمالية,المؤتمر,150,6515,6515,100.0,0
/Users/mohameddhiahammami/iCloud Drive (Archive)/www.isie.tn/wp-content/uploads/2024/ListesElecteurs06Juillet2024/الداخل/بنزرت/0902_بنزرت الشمالية/المدينة.pdf,المدينة.pdf,بنزرت,بنزرت الشمالية,المدينة,344,15055,15055,100.0,0
/Users/mohameddhiahammami/iCloud Drive (Archive)/www.isie.tn/wp-content/uploads/2024/ListesElecteurs06Juillet2024/الداخل/بنزرت/0902_بنزرت الشمالية/الهناء.pdf,الهناء.pdf,بنزرت,بنزرت الشمالية,الهناء,272,11903,11903,100.0,0
/Users/mohameddhiahammami/iCloud Drive (Archive)/www.isie.tn/wp-content/uploads/2024/ListesElecteurs06Juillet2024/الداخل/بنزرت/0902_بنزرت الشمالية/بوبكر باكير.pdf,بوبكر باكير.pdf,بنزرت,بنزرت الشمالية,بوبكر باكير,125,5423,5423,100.0,0
/Users/mohameddhiahammami/iCloud Drive (Archive)/www.isie.tn/wp-content/uploads/2024/ListesElecteurs06Juillet2024/الداخل/بنزرت/0902_بنزرت الشمالية/حسن النوري.pdf,حسن النوري.pdf,بنزرت,بنزرت الشمالية,حسن النوري,126,5462,5462,100.0,0
/Users/mohameddhiahammami/iCloud Drive (Archive)/www.isie.tn/wp-content/uploads/2024/ListesElecteurs06Juillet2024/الداخل/بنزرت/0902_بنزرت الشمالية/عين مريم.pdf,عين مريم.pdf,بنزرت,بنزرت الشمالية,عين مريم,186,8137,8137,100.0,0
/Users/mohameddhiahammami/iCloud Drive (Archive)/www.isie.tn/wp-content/uploads/2024/ListesElecteurs06Juillet2024/الداخل/بنزرت/0903_سجنان - جومين - غزالة/أولاد الماي.pdf,أولاد الماي.pdf,بنزرت,سجنان - جومين - غزالة,أولاد الماي,18,722,722,100.0,0
/Users/mohameddhiahammami/iCloud Drive (Archive)/www.isie.tn/wp-content/uploads/2024/ListesElecteurs06Juillet2024/الداخل/بنزرت/0903_سجنان - جومين - غزالة/أولاد غانم.pdf,أولاد غانم.pdf,بنزرت,سجنان - جومين - غزالة,أولاد غانم,78,3357,3357,100.0,0
/Users/mohameddhiahammami/iCloud Drive (Archive)/www.isie.tn/wp-content/uploads/2024/ListesElecteurs06Juillet2024/الداخل/بنزرت/0903_سجنان - جومين - غزالة/الحشاشنة.pdf,الحشاشنة.pdf,بنزرت,سجنان - جومين - غزالة,الحشاشنة,116,5055,5055,100.0,0
/Users/mohameddhiahammami/iCloud Drive (Archive)/www.isie.tn/wp-content/uploads/2024/ListesElecteurs06Juillet2024/الداخل/بنزرت/0903_سجنان - جومين - غزالة/الذواودة.pdf,الذواودة.pdf,بنزرت,سجنان - جومين - غزالة,الذواودة,57,2423,2423,100.0,0
/Users/mohameddhiahammami/iCloud Drive (Archive)/www.isie.tn/wp-content/uploads/2024/ListesElecteurs06Juillet2024/الداخل/بنزرت/0903_سجنان - جومين - غزالة/السحابنة.pdf,السحابنة.pdf,بنزرت,سجنان - جومين - غزالة,السحابنة,85,3667,3667,100.0,0
/Users/mohameddhiahammami/iCloud Drive (Archive)/www.isie.tn/wp-content/uploads/2024/ListesElecteurs06Juillet2024/الداخل/بنزرت/0903_سجنان - جومين - غزالة/السمان.pdf,السمان.pdf,بنزرت,سجنان - جومين - غزالة,السمان,51,2185,2185,100.0,0
/Users/mohameddhiahammami/iCloud Drive (Archive)/www.isie.tn/wp-content/uploads/2024/ListesElecteurs06Juillet2024/الداخل/بنزرت/0903_سجنان - جومين - غزالة/الشنانة.pdf,الشنانة.pdf,بنزرت,سجنان - جومين - غزالة,الشنانة,45,1904,1904,100.0,0
/Users/mohameddhiahammami/iCloud Drive (Archive)/www.isie.tn/wp-content/uploads/2024/ListesElecteurs06Juillet2024/الداخل/بنزرت/0903_سجنان - جومين - غزالة/الطواجنية.pdf,الطواجنية.pdf,بنزرت,سجنان - جومين - غزالة,الطواجنية,64,2772,2772,100.0,0
/Users/mohameddhiahammami/iCloud Drive (Archive)/www.isie.tn/wp-content/uploads/2024/ListesElecteurs06Juillet2024/الداخل/بنزرت/0903_سجنان - جومين - غزالة/العبابسة.pdf,العبابسة.pdf,بنزرت,سجنان - جومين - غزالة,العبابسة,49,2094,2094,100.0,0
/Users/mohameddhiahammami/iCloud Drive (Archive)/www.isie.tn/wp-content/uploads/2024/ListesElecteurs06Juillet2024/الداخل/بنزرت/0903_سجنان - جومين - غزالة/العرب.pdf,العرب.pdf,بنزرت,سجنان - جومين - غزالة,العرب,52,2224,2224,100.0,0
/Users/mohameddhiahammami/iCloud Drive (Archive)/www.isie.tn/wp-content/uploads/2024/ListesElecteurs06Juillet2024/الداخل/بنزرت/0903_سجنان - جومين - غزالة/المشارقة.pdf,المشارقة.pdf,بنزرت,سجنان - جومين - غزالة,المشارقة,79,3394,3394,100.0,0
/Users/mohameddhiahammami/iCloud Drive (Archive)/www.isie.tn/wp-content/uploads/2024/ListesElecteurs06Juillet2024/الداخل/بنزرت/0903_سجنان - جومين - غزالة/المعالية.pdf,المعالية.pdf,بنزرت,سجنان - جومين - غزالة,المعالية,92,3991,3991,100.0,0
/Users/mohameddhiahammami/iCloud Drive (Archive)/www.isie.tn/wp-content/uploads/2024/ListesElecteurs06Juillet2024/الداخل/بنزرت/0903_سجنان - جومين - غزالة/امادن.pdf,امادن.pdf,بنزرت,سجنان - جومين - غزالة,امادن,63,2693,2693,100.0,0
/Users/mohameddhiahammami/iCloud Drive (Archive)/www.isie.tn/wp-content/uploads/2024/ListesElecteurs06Juillet2024/الداخل/بنزرت/0903_سجنان - جومين - غزالة/بازينة.pdf,بازينة.pdf,بنزرت,سجنان - جومين - غزالة,بازينة,149,6508,6508,100.0,0
/Users/mohameddhiahammami/iCloud Drive (Archive)/www.isie.tn/wp-content/uploads/2024/ListesElecteurs06Juillet2024/الداخل/بنزرت/0903_سجنان - جومين - غزالة/بالرايس.pdf,بالرايس.pdf,بنزرت,سجنان - جومين - غزالة,بالرايس,25,1051,1051,100.0,0
/Users/mohameddhiahammami/iCloud Drive (Archive)/www.isie.tn/wp-content/uploads/2024/ListesElecteurs06Juillet2024/الداخل/بنزرت/0903_سجنان - جومين - غزالة/بوجرير.pdf,بوجرير.pdf,بنزرت,سجنان - جومين - غزالة,بوجرير,34,1432,1432,100.0,0
/Users/mohameddhiahammami/iCloud Drive (Archive)/www.isie.tn/wp-content/uploads/2024/ListesElecteurs06Juillet2024/الداخل/بنزرت/0903_سجنان - جومين - غزالة/تاهنت.pdf,تاهنت.pdf,بنزرت,سجنان - جومين - غزالة,تاهنت,42,1770,1770,100.0,0
/Users/mohameddhiahammami/iCloud Drive (Archive)/www.isie.tn/wp-content/uploads/2024/ListesElecteurs06Juillet2024/الداخل/بنزرت/0903_سجنان - جومين - غزالة/حشاد.pdf,حشاد.pdf,بنزرت,سجنان - جومين - غزالة,حشاد,81,3479,3479,100.0,0
/Users/mohameddhiahammami/iCloud Drive (Archive)/www.isie.tn/wp-content/uploads/2024/ListesElecteurs06Juillet2024/الداخل/بنزرت/0903_سجنان - جومين - غزالة/ركب.pdf,ركب.pdf,بنزرت,سجنان - جومين - غزالة,ركب,53,2288,2288,100.0,0
/Users/mohameddhiahammami/iCloud Drive (Archive)/www.isie.tn/wp-content/uploads/2024/ListesElecteurs06Juillet2024/الداخل/بنزرت/0903_سجنان - جومين - غزالة/رواحة.pdf,رواحة.pdf,بنزرت,سجنان - جومين - غزالة,رواحة,53,2259,2259,100.0,0
/Users/mohameddhiahammami/iCloud Drive (Archive)/www.isie.tn/wp-content/uploads/2024/ListesElecteurs06Juillet2024/الداخل/بنزرت/0903_سجنان - جومين - غزالة/سجنان.pdf,سجنان.pdf,بنزرت,سجنان - جومين - غزالة,سجنان,199,8683,8683,100.0,0
/Users/mohameddhiahammami/iCloud Drive (Archive)/www.isie.tn/wp-content/uploads/2024/ListesElecteurs06Juillet2024/الداخل/بنزرت/0903_سجنان - جومين - غزالة/سيدي عيسى.pdf,سيدي عيسى.pdf,بنزرت,سجنان - جومين - غزالة,سيدي عيسى,53,2264,2264,100.0,0
/Users/mohameddhiahammami/iCloud Drive (Archive)/www.isie.tn/wp-content/uploads/2024/ListesElecteurs06Juillet2024/الداخل/بنزرت/0903_سجنان - جومين - غزالة/سيدي مشرق.pdf,سيدي مشرق.pdf,بنزرت,سجنان - جومين - غزالة,سيدي مشرق,60,2584,2584,100.0,0
/Users/mohameddhiahammami/iCloud Drive (Archive)/www.isie.tn/wp-content/uploads/2024/ListesElecteurs06Juillet2024/الداخل/بنزرت/0903_سجنان - جومين - غزالة/سيدي منصور.pdf,سيدي منصور.pdf,بنزرت,سجنان - جومين - غزالة,سيدي منصور,35,1492,1492,100.0,0
/Users/mohameddhiahammami/iCloud Drive (Archive)/www.isie.tn/wp-content/uploads/2024/ListesElecteurs06Juillet2024/الداخل/بنزرت/0903_سجنان - جومين - غزالة/غزالة.pdf,غزالة.pdf,بنزرت,سجنان - جومين - غزالة,غزالة,136,5902,5902,100.0,0
/Users/mohameddhiahammami/iCloud Drive (Archive)/www.isie.tn/wp-content/uploads/2024/ListesElecteurs06Juillet2024/الداخل/بنزرت/0903_سجنان - جومين - غزالة/كاف غراب.pdf,كاف غراب.pdf,بنزرت,سجنان - جومين - غزالة,كاف غراب,36,1540,1540,100.0,0
/Users/mohameddhiahammami/iCloud Drive (Archive)/www.isie.tn/wp-content/uploads/2024/ListesElecteurs06Juillet2024/الداخل/بنزرت/0904_غار الملح - العالية - راس الجبل/الختمين.pdf,الختمين.pdf,بنزرت,غار الملح - العالية - راس الجبل,الختمين,105,4540,4540,100.0,0
/Users/mohameddhiahammami/iCloud Drive (Archive)/www.isie.tn/wp-content/uploads/2024/ListesElecteurs06Juillet2024/الداخل/بنزرت/0904_غار الملح - العالية - راس الجبل/الزواوين.pdf,الزواوين.pdf,بنزرت,غار الملح - العالية - راس الجبل,الزواوين,56,2380,2380,100.0,0
/Users/mohameddhiahammami/iCloud Drive (Archive)/www.isie.tn/wp-content/uploads/2024/ListesElecteurs06Juillet2024/الداخل/بنزرت/0904_غار الملح - العالية - راس الجبل/العالية الجنوبية.pdf,العالية الجنوبية.pdf,بنزرت,غار الملح - العالية - راس الجبل,العالية الجنوبية,240,10501,10501,100.0,0
/Users/mohameddhiahammami/iCloud Drive (Archive)/www.isie.tn/wp-content/uploads/2024/ListesElecteurs06Juillet2024/الداخل/بنزرت/0904_غار الملح - العالية - راس الجبل/العالية الشمالية.pdf,العالية الشمالية.pdf,بنزرت,غار الملح - العالية - راس الجبل,العالية الشمالية,163,7100,7100,100.0,0
/Users/mohameddhiahammami/iCloud Drive (Archive)/www.isie.tn/wp-content/uploads/2024/ListesElecteurs06Juillet2024/الداخل/بنزرت/0904_غار الملح - العالية - راس الجبل/القرية.pdf,القرية.pdf,بنزرت,غار الملح - العالية - راس الجبل,القرية,44,1867,1867,100.0,0
/Users/mohameddhiahammami/iCloud Drive (Archive)/www.isie.tn/wp-content/uploads/2024/ListesElecteurs06Juillet2024/الداخل/بنزرت/0904_غار الملح - العالية - راس الجبل/الماتلين.pdf,الماتلين.pdf,بنزرت,غار الملح - العالية - راس الجبل,الماتلين,161,7031,7031,100.0,0
/Users/mohameddhiahammami/iCloud Drive (Archive)/www.isie.tn/wp-content/uploads/2024/ListesElecteurs06Juillet2024/الداخل/بنزرت/0904_غار الملح - العالية - راس الجبل/الماتلين الغربية.pdf,الماتلين الغربية.pdf,بنزرت,غار الملح - العالية - راس الجبل,الماتلين الغربية,79,3395,3395,100.0,0
/Users/mohameddhiahammami/iCloud Drive (Archive)/www.isie.tn/wp-content/uploads/2024/ListesElecteurs06Juillet2024/الداخل/بنزرت/0904_غار الملح - العالية - راس الجبل/باجو.pdf,باجو.pdf,بنزرت,غار الملح - العالية - راس الجبل,باجو,72,3105,3105,100.0,0
/Users/mohameddhiahammami/iCloud Drive (Archive)/www.isie.tn/wp-content/uploads/2024/ListesElecteurs06Juillet2024/الداخل/بنزرت/0904_غار الملح - العالية - راس الجبل/رأس الجبل الجنوبية.pdf,رأس الجبل الجنوبية.pdf,بنزرت,غار الملح - العالية - راس الجبل,رأس الجبل الجنوبية,247,10809,10809,100.0,0
/Users/mohameddhiahammami/iCloud Drive (Archive)/www.isie.tn/wp-content/uploads/2024/ListesElecteurs06Juillet2024/الداخل/بنزرت/0904_غار الملح - العالية - راس الجبل/رأس الجبل الشمالية.pdf,رأس الجبل الشمالية.pdf,بنزرت,غار الملح - العالية - راس الجبل,رأس الجبل الشمالية,370,16211,16211,100.0,0
/Users/mohameddhiahammami/iCloud Drive (Archive)/www.isie.tn/wp-content/uploads/2024/ListesElecteurs06Juillet2024/الداخل/بنزرت/0904_غار الملح - العالية - راس الجبل/رفراف.pdf,رفراف.pdf,بنزرت,غار الملح - العالية - راس الجبل,رفراف,237,10377,10377,100.0,0
/Users/mohameddhiahammami/iCloud Drive (Archive)/www.isie.tn/wp-content/uploads/2024/ListesElecteurs06Juillet2024/الداخل/بنزرت/0904_غار الملح - العالية - راس الجبل/سيدي علي الشباب.pdf,سيدي علي الشباب.pdf,بنزرت,غار الملح - العالية - راس الجبل,سيدي علي الشباب,31,1315,1315,100.0,0
/Users/mohameddhiahammami/iCloud Drive (Archive)/www.isie.tn/wp-content/uploads/2024/ListesElecteurs06Juillet2024/الداخل/بنزرت/0904_غار الملح - العالية - راس الجبل/صونين.pdf,صونين.pdf,بنزرت,غار الملح - العالية - راس الجبل,صونين,71,3077,3077,100.0,0
/Users/mohameddhiahammami/iCloud Drive (Archive)/www.isie.tn/wp-content/uploads/2024/ListesElecteurs06Juillet2024/الداخل/بنزرت/0904_غار الملح - العالية - راس الجبل/عوسجة.pdf,عوسجة.pdf,بنزرت,غار الملح - العالية - راس الجبل,عوسجة,155,6744,6744,100.0,0
/Users/mohameddhiahammami/iCloud Drive (Archive)/www.isie.tn/wp-content/uploads/2024/ListesElecteurs06Juillet2024/الداخل/بنزرت/0904_غار الملح - العالية - راس الجبل/غار الملح.pdf,غار الملح.pdf,بنزرت,غار الملح - العالية - راس الجبل,غار الملح,116,5021,5021,100.0,0
/Users/mohameddhiahammami/iCloud Drive (Archive)/www.isie.tn/wp-content/uploads/2024/ListesElecteurs06Juillet2024/الداخل/بنزرت/0905_ماطر - أوتيك/أحواز ماطر.pdf,أحواز ماطر.pdf,بنزرت,ماطر - أوتيك,أحواز ماطر,73,3151,3151,100.0,0
/Users/mohameddhiahammami/iCloud Drive (Archive)/www.isie.tn/wp-content/uploads/2024/ListesElecteurs06Juillet2024/الداخل/بنزرت/0905_ماطر - أوتيك/أوتيك.pdf,أوتيك.pdf,بنزرت,ماطر - أوتيك,أوتيك,100,4323,4323,100.0,0
/Users/mohameddhiahammami/iCloud Drive (Archive)/www.isie.tn/wp-content/uploads/2024/ListesElecteurs06Juillet2024/الداخل/بنزرت/0905_ماطر - أوتيك/أوتيك الجديدة.pdf,أوتيك الجديدة.pdf,بنزرت,ماطر - أوتيك,أوتيك الجديدة,53,2258,2258,100.0,0
/Users/mohameddhiahammami/iCloud Drive (Archive)/www.isie.tn/wp-content/uploads/2024/ListesElecteurs06Juillet2024/الداخل/بنزرت/0905_ماطر - أوتيك/البسباسية.pdf,البسباسية.pdf,بنزرت,ماطر - أوتيك,البسباسية,41,1744,1744,100.0,0
/Users/mohameddhiahammami/iCloud Drive (Archive)/www.isie.tn/wp-content/uploads/2024/ListesElecteurs06Juillet2024/الداخل/بنزرت/0905_ماطر - أوتيك/الحويض.pdf,الحويض.pdf,بنزرت,ماطر - أوتيك,الحويض,36,1537,1537,100.0,0
/Users/mohameddhiahammami/iCloud Drive (Archive)/www.isie.tn/wp-content/uploads/2024/ListesElecteurs06Juillet2024/الداخل/بنزرت/0905_ماطر - أوتيك/المبطوح.pdf,المبطوح.pdf,بنزرت,ماطر - أوتيك,المبطوح,20,805,805,100.0,0
/Users/mohameddhiahammami/iCloud Drive (Archive)/www.isie.tn/wp-content/uploads/2024/ListesElecteurs06Juillet2024/الداخل/بنزرت/0905_ماطر - أوتيك/باش حانبة.pdf,باش حانبة.pdf,بنزرت,ماطر - أوتيك,باش حانبة,40,1715,1715,100.0,0
/Users/mohameddhiahammami/iCloud Drive (Archive)/www.isie.tn/wp-content/uploads/2024/ListesElecteurs06Juillet2024/الداخل/بنزرت/0905_ماطر - أوتيك/بهاية.pdf,بهاية.pdf,بنزرت,ماطر - أوتيك,بهاية,56,2377,2377,100.0,0
/Users/mohameddhiahammami/iCloud Drive (Archive)/www.isie.tn/wp-content/uploads/2024/ListesElecteurs06Juillet2024/الداخل/بنزرت/0905_ماطر - أوتيك/بومخيلة.pdf,بومخيلة.pdf,بنزرت,ماطر - أوتيك,بومخيلة,49,2095,2095,100.0,0
/Users/mohameddhiahammami/iCloud Drive (Archive)/www.isie.tn/wp-content/uploads/2024/ListesElecteurs06Juillet2024/الداخل/بنزرت/0905_ماطر - أوتيك/ترقلاش.pdf,ترقلاش.pdf,بنزرت,ماطر - أوتيك,ترقلاش,33,1405,1405,100.0,0
/Users/mohameddhiahammami/iCloud Drive (Archive)/www.isie.tn/wp-content/uploads/2024/ListesElecteurs06Juillet2024/الداخل/بنزرت/0905_ماطر - أوتيك/حي الصداقة.pdf,حي الصداقة.pdf,بنزرت,ماطر - أوتيك,حي الصداقة,79,3408,3408,100.0,0
/Users/mohameddhiahammami/iCloud Drive (Archive)/www.isie.tn/wp-content/uploads/2024/ListesElecteurs06Juillet2024/الداخل/بنزرت/0905_ماطر - أوتيك/حي النصر.pdf,حي النصر.pdf,بنزرت,ماطر - أوتيك,حي النصر,70,3023,3023,100.0,0
/Users/mohameddhiahammami/iCloud Drive (Archive)/www.isie.tn/wp-content/uploads/2024/ListesElecteurs06Juillet2024/الداخل/بنزرت/0905_ماطر - أوتيك/سيدي عثمان.pdf,سيدي عثمان.pdf,بنزرت,ماطر - أوتيك,سيدي عثمان,23,955,955,100.0,0
/Users/mohameddhiahammami/iCloud Drive (Archive)/www.isie.tn/wp-content/uploads/2024/ListesElecteurs06Juillet2024/الداخل/بنزرت/0905_ماطر - أوتيك/عرب ماجور.pdf,عرب ماجور.pdf,بنزرت,ماطر - أوتيك,عرب ماجور,53,2287,2287,100.0,0
/Users/mohameddhiahammami/iCloud Drive (Archive)/www.isie.tn/wp-content/uploads/2024/ListesElecteurs06Juillet2024/الداخل/بنزرت/0905_ماطر - أوتيك/عين غلال.pdf,عين غلال.pdf,بنزرت,ماطر - أوتيك,عين غلال,48,2030,2030,100.0,0
/Users/mohameddhiahammami/iCloud Drive (Archive)/www.isie.tn/wp-content/uploads/2024/ListesElecteurs06Juillet2024/الداخل/بنزرت/0905_ماطر - أوتيك/ماطر .pdf,ماطر .pdf,بنزرت,ماطر - أوتيك,ماطر,316,13823,13823,100.0,0
/Users/mohameddhiahammami/iCloud Drive (Archive)/www.isie.tn/wp-content/uploads/2024/ListesElecteurs06Juillet2024/الداخل/بنزرت/0905_ماطر - أوتيك/ماطر الجنوبية.pdf,ماطر الجنوبية.pdf,بنزرت,ماطر - أوتيك,ماطر الجنوبية,125,5423,5423,100.0,0
/Users/mohameddhiahammami/iCloud Drive (Archive)/www.isie.tn/wp-content/uploads/2024/ListesElecteurs06Juillet2024/الداخل/بنزرت/0905_ماطر - أوتيك/نفات.pdf,نفات.pdf,بنزرت,ماطر - أوتيك,نفات,51,2176,2176,100.0,0
/Users/mohameddhiahammami/iCloud Drive (Archive)/www.isie.tn/wp-content/uploads/2024/ListesElecteurs06Juillet2024/الداخل/بنزرت/0906_منزل بورقيبة - تينجة/الزعرور.pdf,الزعرور.pdf,بنزرت,منزل بورقيبة - تينجة,الزعرور,41,1752,1752,100.0,0
/Users/mohameddhiahammami/iCloud Drive (Archive)/www.isie.tn/wp-content/uploads/2024/ListesElecteurs06Juillet2024/الداخل/بنزرت/0906_منزل بورقيبة - تينجة/الشلاغمية.pdf,الشلاغمية.pdf,بنزرت,منزل بورقيبة - تينجة,الشلاغمية,101,4364,4364,100.0,0
/Users/mohameddhiahammami/iCloud Drive (Archive)/www.isie.tn/wp-content/uploads/2024/ListesElecteurs06Juillet2024/الداخل/بنزرت/0906_منزل بورقيبة - تينجة/المدينة.pdf,المدينة.pdf,بنزرت,منزل بورقيبة - تينجة,المدينة,462,20277,20277,100.0,0
/Users/mohameddhiahammami/iCloud Drive (Archive)/www.isie.tn/wp-content/uploads/2024/ListesElecteurs06Juillet2024/الداخل/بنزرت/0906_منزل بورقيبة - تينجة/النجاح 1.pdf,النجاح 1.pdf,بنزرت,منزل بورقيبة - تينجة,النجاح 1,183,7995,7995,100.0,0
/Users/mohameddhiahammami/iCloud Drive (Archive)/www.isie.tn/wp-content/uploads/2024/ListesElecteurs06Juillet2024/الداخل/بنزرت/0906_منزل بورقيبة - تينجة/النجاح 2.pdf,النجاح 2.pdf,بنزرت,منزل بورقيبة - تينجة,النجاح 2,176,7691,7691,100.0,0
/Users/mohameddhiahammami/iCloud Drive (Archive)/www.isie.tn/wp-content/uploads/2024/ListesElecteurs06Juillet2024/الداخل/بنزرت/0906_منزل بورقيبة - تينجة/تينجة.pdf,تينجة.pdf,بنزرت,منزل بورقيبة - تينجة,تينجة,244,10654,10654,100.0,0
/Users/mohameddhiahammami/iCloud Drive (Archive)/www.isie.tn/wp-content/uploads/2024/ListesElecteurs06Juillet2024/الداخل/بنزرت/0906_منزل بورقيبة - تينجة/حي الثورة.pdf,حي الثورة.pdf,بنزرت,منزل بورقيبة - تينجة,حي الثورة,130,5668,5668,100.0,0
/Users/mohameddhiahammami/iCloud Drive (Archive)/www.isie.tn/wp-content/uploads/2024/ListesElecteurs06Juillet2024/الداخل/بنزرت/0906_منزل بورقيبة - تينجة/حي الحدائق.pdf,حي الحدائق.pdf,بنزرت,منزل بورقيبة - تينجة,حي الحدائق,36,1518,1518,100.0,0
/Users/mohameddhiahammami/iCloud Drive (Archive)/www.isie.tn/wp-content/uploads/2024/ListesElecteurs06Juillet2024/الداخل/بنزرت/0906_منزل بورقيبة - تينجة/قبطنة 1.pdf,قبطنة 1.pdf,بنزرت,منزل بورقيبة - تينجة,قبطنة 1,32,1331,1331,100.0,0
/Users/mohameddhiahammami/iCloud Drive (Archive)/www.isie.tn/wp-content/uploads/2024/ListesElecteurs06Juillet2024/الداخل/بنزرت/0906_منزل بورقيبة - تينجة/قبطنة 2.pdf,قبطنة 2.pdf,بنزرت,منزل بورقيبة - تينجة,قبطنة 2,81,3485,3485,100.0,0
/Users/mohameddhiahammami/iCloud Drive (Archive)/www.isie.tn/wp-content/uploads/2024/ListesElecteurs06Juillet2024/الداخل/بنزرت/0906_منزل بورقيبة - تينجة/قنقلة.pdf,قنقلة.pdf,بنزرت,منزل بورقيبة - تينجة,قنقلة,126,5464,5464,100.0,0
/Users/mohameddhiahammami/iCloud Drive (Archive)/www.isie.tn/wp-content/uploads/2024/ListesElecteurs06Juillet2024/الداخل/بنزرت/0907_منزل جميل - جرزونة/العزيب.pdf,العزيب.pdf,بنزرت,منزل جميل - جرزونة,العزيب,113,4906,4906,100.0,0
/Users/mohameddhiahammami/iCloud Drive (Archive)/www.isie.tn/wp-content/uploads/2024/ListesElecteurs06Juillet2024/الداخل/بنزرت/0907_منزل جميل - جرزونة/جرزونة الجنوبية.pdf,جرزونة الجنوبية.pdf,بنزرت,منزل جميل - جرزونة,جرزونة الجنوبية,276,12066,12066,100.0,0
/Users/mohameddhiahammami/iCloud Drive (Archive)/www.isie.tn/wp-content/uploads/2024/ListesElecteurs06Juillet2024/الداخل/بنزرت/0907_منزل جميل - جرزونة/جرزونة الشرقية.pdf,جرزونة الشرقية.pdf,بنزرت,منزل جميل - جرزونة,جرزونة الشرقية,88,3820,3820,100.0,0
/Users/mohameddhiahammami/iCloud Drive (Archive)/www.isie.tn/wp-content/uploads/2024/ListesElecteurs06Juillet2024/الداخل/بنزرت/0907_منزل جميل - جرزونة/جرزونة الشمالية.pdf,جرزونة الشمالية.pdf,بنزرت,منزل جميل - جرزونة,جرزونة الشمالية,71,3039,3039,100.0,0
/Users/mohameddhiahammami/iCloud Drive (Archive)/www.isie.tn/wp-content/uploads/2024/ListesElecteurs06Juillet2024/الداخل/بنزرت/0907_منزل جميل - جرزونة/جرزونة الغربية.pdf,جرزونة الغربية.pdf,بنزرت,منزل جميل - جرزونة,جرزونة الغربية,68,2931,2931,100.0,0
/Users/mohameddhiahammami/iCloud Drive (Archive)/www.isie.tn/wp-content/uploads/2024/ListesElecteurs06Juillet2024/الداخل/بنزرت/0907_منزل جميل - جرزونة/منزل جميل الشرقية.pdf,منزل جميل الشرقية.pdf,بنزرت,منزل جميل - جرزونة,منزل جميل الشرقية,370,16219,16219,100.0,0
/Users/mohameddhiahammami/iCloud Drive (Archive)/www.isie.tn/wp-content/uploads/2024/ListesElecteurs06Juillet2024/الداخل/بنزرت/0907_منزل جميل - جرزونة/منزل جميل الغربية.pdf,منزل جميل الغربية.pdf,بنزرت,منزل جميل - جرزونة,منزل جميل الغربية,144,6278,6278,100.0,0
/Users/mohameddhiahammami/iCloud Drive (Archive)/www.isie.tn/wp-content/uploads/2024/ListesElecteurs06Juillet2024/الداخل/بنزرت/0907_منزل جميل - جرزونة/منزل عبد الرحمان الشرقية.pdf,منزل عبد الرحمان الشرقية.pdf,بنزرت,منزل جميل - جرزونة,منزل عبد الرحمان الشرقية,214,9367,9367,100.0,0
/Users/mohameddhiahammami/iCloud Drive (Archive)/www.isie.tn/wp-content/uploads/2024/ListesElecteurs06Juillet2024/الداخل/بنزرت/0907_منزل جميل - جرزونة/منزل عبد الرحمان الغربية.pdf,منزل عبد الرحمان الغربية.pdf,بنزرت,منزل جميل - جرزونة,منزل عبد الرحمان الغربية,153,6679,2901,43.434645905075605,0
/Users/mohameddhiahammami/iCloud Drive (Archive)/www.isie.tn/wp-content/uploads/2024/ListesElecteurs06Juillet2024/الداخل/تطاوين/2701_تطاوين الجنوبية - بئر الأحمر - غمراسن/البئر الأحمر الشرقية.pdf,البئر الأحمر الشرقية.pdf,تطاوين,تطاوين الجنوبية - بئر الأحمر - غمراسن,البئر الأحمر الشرقية,34,1428,1428,100.0,0
/Users/mohameddhiahammami/iCloud Drive (Archive)/www.isie.tn/wp-content/uploads/2024/ListesElecteurs06Juillet2024/الداخل/تطاوين/2701_تطاوين الجنوبية - بئر الأحمر - غمراسن/البئر الأحمر الغربية.pdf,البئر الأحمر الغربية.pdf,تطاوين,تطاوين الجنوبية - بئر الأحمر - غمراسن,البئر الأحمر الغربية,28,1153,1153,100.0,0
/Users/mohameddhiahammami/iCloud Drive (Archive)/www.isie.tn/wp-content/uploads/2024/ListesElecteurs06Juillet2024/الداخل/تطاوين/2701_تطاوين الجنوبية - بئر الأحمر - غمراسن/البساتين.pdf,البساتين.pdf,تطاوين,تطاوين الجنوبية - بئر الأحمر - غمراسن,البساتين,20,807,807,100.0,0
/Users/mohameddhiahammami/iCloud Drive (Archive)/www.isie.tn/wp-content/uploads/2024/ListesElecteurs06Juillet2024/الداخل/تطاوين/2701_تطاوين الجنوبية - بئر الأحمر - غمراسن/الدويرات.pdf,الدويرات.pdf,تطاوين,تطاوين الجنوبية - بئر الأحمر - غمراسن,الدويرات,16,656,656,100.0,0
/Users/mohameddhiahammami/iCloud Drive (Archive)/www.isie.tn/wp-content/uploads/2024/ListesElecteurs06Juillet2024/الداخل/تطاوين/2701_تطاوين الجنوبية - بئر الأحمر - غمراسن/الرقبة.pdf,الرقبة.pdf,تطاوين,تطاوين الجنوبية - بئر الأحمر - غمراسن,الرقبة,135,5870,5870,100.0,0
/Users/mohameddhiahammami/iCloud Drive (Archive)/www.isie.tn/wp-content/uploads/2024/ListesElecteurs06Juillet2024/الداخل/تطاوين/2701_تطاوين الجنوبية - بئر الأحمر - غمراسن/الزهور.pdf,الزهور.pdf,تطاوين,تطاوين الجنوبية - بئر الأحمر - غمراسن,الزهور,54,2316,2316,100.0,0
/Users/mohameddhiahammami/iCloud Drive (Archive)/www.isie.tn/wp-content/uploads/2024/ListesElecteurs06Juillet2024/الداخل/تطاوين/2701_تطاوين الجنوبية - بئر الأحمر - غمراسن/السند.pdf,السند.pdf,تطاوين,تطاوين الجنوبية - بئر الأحمر - غمراسن,السند,68,2948,2948,100.0,0
/Users/mohameddhiahammami/iCloud Drive (Archive)/www.isie.tn/wp-content/uploads/2024/ListesElecteurs06Juillet2024/الداخل/تطاوين/2701_تطاوين الجنوبية - بئر الأحمر - غمراسن/العرقوب.pdf,العرقوب.pdf,تطاوين,تطاوين الجنوبية - بئر الأحمر - غمراسن,العرقوب,8,282,282,100.0,0
/Users/mohameddhiahammami/iCloud Drive (Archive)/www.isie.tn/wp-content/uploads/2024/ListesElecteurs06Juillet2024/الداخل/تطاوين/2701_تطاوين الجنوبية - بئر الأحمر - غمراسن/الفرش.pdf,الفرش.pdf,تطاوين,تطاوين الجنوبية - بئر الأحمر - غمراسن,الفرش,38,1592,1592,100.0,0
/Users/mohameddhiahammami/iCloud Drive (Archive)/www.isie.tn/wp-content/uploads/2024/ListesElecteurs06Juillet2024/الداخل/تطاوين/2701_تطاوين الجنوبية - بئر الأحمر - غمراسن/القرضاب.pdf,القرضاب.pdf,تطاوين,تطاوين الجنوبية - بئر الأحمر - غمراسن,القرضاب,14,569,569,100.0,0
/Users/mohameddhiahammami/iCloud Drive (Archive)/www.isie.tn/wp-content/uploads/2024/ListesElecteurs06Juillet2024/الداخل/تطاوين/2701_تطاوين الجنوبية - بئر الأحمر - غمراسن/المدينة.pdf,المدينة.pdf,تطاوين,تطاوين الجنوبية - بئر الأحمر - غمراسن,المدينة,24,1010,1010,100.0,0
/Users/mohameddhiahammami/iCloud Drive (Archive)/www.isie.tn/wp-content/uploads/2024/ListesElecteurs06Juillet2024/الداخل/تطاوين/2701_تطاوين الجنوبية - بئر الأحمر - غمراسن/المدينة الجديدة.pdf,المدينة الجديدة.pdf,تطاوين,تطاوين الجنوبية - بئر الأحمر - غمراسن,المدينة الجديدة,69,2972,2972,100.0,0
/Users/mohameddhiahammami/iCloud Drive (Archive)/www.isie.tn/wp-content/uploads/2024/ListesElecteurs06Juillet2024/الداخل/تطاوين/2701_تطاوين الجنوبية - بئر الأحمر - غمراسن/المزطورية الجنوبية.pdf,المزطورية الجنوبية.pdf,تطاوين,تطاوين الجنوبية - بئر الأحمر - غمراسن,المزطورية الجنوبية,46,1970,1970,100.0,0
/Users/mohameddhiahammami/iCloud Drive (Archive)/www.isie.tn/wp-content/uploads/2024/ListesElecteurs06Juillet2024/الداخل/تطاوين/2701_تطاوين الجنوبية - بئر الأحمر - غمراسن/المزطورية الشمالية.pdf,المزطورية الشمالية.pdf,تطاوين,تطاوين الجنوبية - بئر الأحمر - غمراسن,المزطورية الشمالية,27,1126,1126,100.0,0
/Users/mohameddhiahammami/iCloud Drive (Archive)/www.isie.tn/wp-content/uploads/2024/ListesElecteurs06Juillet2024/الداخل/تطاوين/2701_تطاوين الجنوبية - بئر الأحمر - غمراسن/المسرب.pdf,المسرب.pdf,تطاوين,تطاوين الجنوبية - بئر الأحمر - غمراسن,المسرب,71,3047,3047,100.0,0
/Users/mohameddhiahammami/iCloud Drive (Archive)/www.isie.tn/wp-content/uploads/2024/ListesElecteurs06Juillet2024/الداخل/تطاوين/2701_تطاوين الجنوبية - بئر الأحمر - غمراسن/الواحة.pdf,الواحة.pdf,تطاوين,تطاوين الجنوبية - بئر الأحمر - غمراسن,الواحة,78,3349,3349,100.0,0
/Users/mohameddhiahammami/iCloud Drive (Archive)/www.isie.tn/wp-content/uploads/2024/ListesElecteurs06Juillet2024/الداخل/تطاوين/2701_تطاوين الجنوبية - بئر الأحمر - غمراسن/بئر الثلاثين.pdf,بئر الثلاثين.pdf,تطاوين,تطاوين الجنوبية - بئر الأحمر - غمراسن,بئر الثلاثين,22,901,901,100.0,0
/Users/mohameddhiahammami/iCloud Drive (Archive)/www.isie.tn/wp-content/uploads/2024/ListesElecteurs06Juillet2024/الداخل/تطاوين/2701_تطاوين الجنوبية - بئر الأحمر - غمراسن/بني بركة-تونكت.pdf,بني بركة-تونكت.pdf,تطاوين,تطاوين الجنوبية - بئر الأحمر - غمراسن,بني بركة-تونكت,26,1065,1065,100.0,0
/Users/mohameddhiahammami/iCloud Drive (Archive)/www.isie.tn/wp-content/uploads/2024/ListesElecteurs06Juillet2024/الداخل/تطاوين/2701_تطاوين الجنوبية - بئر الأحمر - غمراسن/تطاوين العليا.pdf,تطاوين العليا.pdf,تطاوين,تطاوين الجنوبية - بئر الأحمر - غمراسن,تطاوين العليا,59,2532,2532,100.0,0
/Users/mohameddhiahammami/iCloud Drive (Archive)/www.isie.tn/wp-content/uploads/2024/ListesElecteurs06Juillet2024/الداخل/تطاوين/2701_تطاوين الجنوبية - بئر الأحمر - غمراسن/تطاوين المدينة.pdf,تطاوين المدينة.pdf,تطاوين,تطاوين الجنوبية - بئر الأحمر - غمراسن,تطاوين المدينة,152,6606,6606,100.0,0
/Users/mohameddhiahammami/iCloud Drive (Archive)/www.isie.tn/wp-content/uploads/2024/ListesElecteurs06Juillet2024/الداخل/تطاوين/2701_تطاوين الجنوبية - بئر الأحمر - غمراسن/حي البر.pdf,حي البر.pdf,تطاوين,تطاوين الجنوبية - بئر الأحمر - غمراسن,حي البر,64,2759,2759,100.0,0
/Users/mohameddhiahammami/iCloud Drive (Archive)/www.isie.tn/wp-content/uploads/2024/ListesElecteurs06Juillet2024/الداخل/تطاوين/2701_تطاوين الجنوبية - بئر الأحمر - غمراسن/رأس الوادي.pdf,رأس الوادي.pdf,تطاوين,تطاوين الجنوبية - بئر الأحمر - غمراسن,رأس الوادي,11,437,437,100.0,0
/Users/mohameddhiahammami/iCloud Drive (Archive)/www.isie.tn/wp-content/uploads/2024/ListesElecteurs06Juillet2024/الداخل/تطاوين/2701_تطاوين الجنوبية - بئر الأحمر - غمراسن/شنني.pdf,شنني.pdf,تطاوين,تطاوين الجنوبية - بئر الأحمر - غمراسن,شنني,14,530,530,100.0,0
/Users/mohameddhiahammami/iCloud Drive (Archive)/www.isie.tn/wp-content/uploads/2024/ListesElecteurs06Juillet2024/الداخل/تطاوين/2701_تطاوين الجنوبية - بئر الأحمر - غمراسن/شنني الجديدة.pdf,شنني الجديدة.pdf,تطاوين,تطاوين الجنوبية - بئر الأحمر - غمراسن,شنني الجديدة,8,281,281,100.0,0
/Users/mohameddhiahammami/iCloud Drive (Archive)/www.isie.tn/wp-content/uploads/2024/ListesElecteurs06Juillet2024/الداخل/تطاوين/2701_تطاوين الجنوبية - بئر الأحمر - غمراسن/غرغار.pdf,غرغار.pdf,تطاوين,تطاوين الجنوبية - بئر الأحمر - غمراسن,غرغار,61,2598,2598,100.0,0
/Users/mohameddhiahammami/iCloud Drive (Archive)/www.isie.tn/wp-content/uploads/2024/ListesElecteurs06Juillet2024/الداخل/تطاوين/2701_تطاوين الجنوبية - بئر الأحمر - غمراسن/غمراسن.pdf,غمراسن.pdf,تطاوين,تطاوين الجنوبية - بئر الأحمر - غمراسن,غمراسن,45,1906,1906,100.0,0
/Users/mohameddhiahammami/iCloud Drive (Archive)/www.isie.tn/wp-content/uploads/2024/ListesElecteurs06Juillet2024/الداخل/تطاوين/2701_تطاوين الجنوبية - بئر الأحمر - غمراسن/قراقر.pdf,قراقر.pdf,تطاوين,تطاوين الجنوبية - بئر الأحمر - غمراسن,قراقر,9,318,318,100.0,0
/Users/mohameddhiahammami/iCloud Drive (Archive)/www.isie.tn/wp-content/uploads/2024/ListesElecteurs06Juillet2024/الداخل/تطاوين/2701_تطاوين الجنوبية - بئر الأحمر - غمراسن/قرماسة.pdf,قرماسة.pdf,تطاوين,تطاوين الجنوبية - بئر الأحمر - غمراسن,قرماسة,27,1107,1107,100.0,0
/Users/mohameddhiahammami/iCloud Drive (Archive)/www.isie.tn/wp-content/uploads/2024/ListesElecteurs06Juillet2024/الداخل/تطاوين/2701_تطاوين الجنوبية - بئر الأحمر - غمراسن/قصر الحدادة.pdf,قصر الحدادة.pdf,تطاوين,تطاوين الجنوبية - بئر الأحمر - غمراسن,قصر الحدادة,32,1330,1330,100.0,0
/Users/mohameddhiahammami/iCloud Drive (Archive)/www.isie.tn/wp-content/uploads/2024/ListesElecteurs06Juillet2024/الداخل/تطاوين/2701_تطاوين الجنوبية - بئر الأحمر - غمراسن/قصر المرابطين.pdf,قصر المرابطين.pdf,تطاوين,تطاوين الجنوبية - بئر الأحمر - غمراسن,قصر المرابطين,34,1438,1438,100.0,0
/Users/mohameddhiahammami/iCloud Drive (Archive)/www.isie.tn/wp-content/uploads/2024/ListesElecteurs06Juillet2024/الداخل/تطاوين/2701_تطاوين الجنوبية - بئر الأحمر - غمراسن/قصر المقابلة.pdf,قصر المقابلة.pdf,تطاوين,تطاوين الجنوبية - بئر الأحمر - غمراسن,قصر المقابلة,62,2683,2683,100.0,0
/Users/mohameddhiahammami/iCloud Drive (Archive)/www.isie.tn/wp-content/uploads/2024/ListesElecteurs06Juillet2024/الداخل/تطاوين/2701_تطاوين الجنوبية - بئر الأحمر - غمراسن/وادي الخيل.pdf,وادي الخيل.pdf,تطاوين,تطاوين الجنوبية - بئر الأحمر - غمراسن,وادي الخيل,11,429,429,100.0,0
/Users/mohameddhiahammami/iCloud Drive (Archive)/www.isie.tn/wp-content/uploads/2024/ListesElecteurs06Juillet2024/الداخل/تطاوين/2702_تطاوين الشمالية - بني مهيرة - الصمار/التضامن.pdf,التضامن.pdf,تطاوين,تطاوين الشمالية - بني مهيرة - الصمار,التضامن,217,9481,9481,100.0,0
/Users/mohameddhiahammami/iCloud Drive (Archive)/www.isie.tn/wp-content/uploads/2024/ListesElecteurs06Juillet2024/الداخل/تطاوين/2702_تطاوين الشمالية - بني مهيرة - الصمار/الرهاش.pdf,الرهاش.pdf,تطاوين,تطاوين الشمالية - بني مهيرة - الصمار,الرهاش,7,231,231,100.0,0
/Users/mohameddhiahammami/iCloud Drive (Archive)/www.isie.tn/wp-content/uploads/2024/ListesElecteurs06Juillet2024/الداخل/تطاوين/2702_تطاوين الشمالية - بني مهيرة - الصمار/الزهراء.pdf,الزهراء.pdf,تطاوين,تطاوين الشمالية - بني مهيرة - الصمار,الزهراء,82,3530,3530,100.0,0
/Users/mohameddhiahammami/iCloud Drive (Archive)/www.isie.tn/wp-content/uploads/2024/ListesElecteurs06Juillet2024/الداخل/تطاوين/2702_تطاوين الشمالية - بني مهيرة - الصمار/السعادة.pdf,السعادة.pdf,تطاوين,تطاوين الشمالية - بني مهيرة - الصمار,السعادة,23,967,967,100.0,0
/Users/mohameddhiahammami/iCloud Drive (Archive)/www.isie.tn/wp-content/uploads/2024/ListesElecteurs06Juillet2024/الداخل/تطاوين/2702_تطاوين الشمالية - بني مهيرة - الصمار/الصمار.pdf,الصمار.pdf,تطاوين,تطاوين الشمالية - بني مهيرة - الصمار,الصمار,84,3634,3634,100.0,0
/Users/mohameddhiahammami/iCloud Drive (Archive)/www.isie.tn/wp-content/uploads/2024/ListesElecteurs06Juillet2024/الداخل/تطاوين/2702_تطاوين الشمالية - بني مهيرة - الصمار/الغرياني.pdf,الغرياني.pdf,تطاوين,تطاوين الشمالية - بني مهيرة - الصمار,الغرياني,16,627,627,100.0,0
/Users/mohameddhiahammami/iCloud Drive (Archive)/www.isie.tn/wp-content/uploads/2024/ListesElecteurs06Juillet2024/الداخل/تطاوين/2702_تطاوين الشمالية - بني مهيرة - الصمار/القلعة الشرقية.pdf,القلعة الشرقية.pdf,تطاوين,تطاوين الشمالية - بني مهيرة - الصمار,القلعة الشرقية,45,1902,1902,100.0,0
/Users/mohameddhiahammami/iCloud Drive (Archive)/www.isie.tn/wp-content/uploads/2024/ListesElecteurs06Juillet2024/الداخل/تطاوين/2702_تطاوين الشمالية - بني مهيرة - الصمار/القلعة الغربية.pdf,القلعة الغربية.pdf,تطاوين,تطاوين الشمالية - بني مهيرة - الصمار,القلعة الغربية,38,1624,1624,100.0,0
/Users/mohameddhiahammami/iCloud Drive (Archive)/www.isie.tn/wp-content/uploads/2024/ListesElecteurs06Juillet2024/الداخل/تطاوين/2702_تطاوين الشمالية - بني مهيرة - الصمار/المرة.pdf,المرة.pdf,تطاوين,تطاوين الشمالية - بني مهيرة - الصمار,المرة,12,455,455,100.0,0
/Users/mohameddhiahammami/iCloud Drive (Archive)/www.isie.tn/wp-content/uploads/2024/ListesElecteurs06Juillet2024/الداخل/تطاوين/2702_تطاوين الشمالية - بني مهيرة - الصمار/المعونة.pdf,المعونة.pdf,تطاوين,تطاوين الشمالية - بني مهيرة - الصمار,المعونة,8,283,283,100.0,0
/Users/mohameddhiahammami/iCloud Drive (Archive)/www.isie.tn/wp-content/uploads/2024/ListesElecteurs06Juillet2024/الداخل/تطاوين/2702_تطاوين الشمالية - بني مهيرة - الصمار/النزهة.pdf,النزهة.pdf,تطاوين,تطاوين الشمالية - بني مهيرة - الصمار,النزهة,134,5843,5843,100.0,0
/Users/mohameddhiahammami/iCloud Drive (Archive)/www.isie.tn/wp-content/uploads/2024/ListesElecteurs06Juillet2024/الداخل/تطاوين/2702_تطاوين الشمالية - بني مهيرة - الصمار/النصر.pdf,النصر.pdf,تطاوين,تطاوين الشمالية - بني مهيرة - الصمار,النصر,88,3797,3797,100.0,0
/Users/mohameddhiahammami/iCloud Drive (Archive)/www.isie.tn/wp-content/uploads/2024/ListesElecteurs06Juillet2024/الداخل/تطاوين/2702_تطاوين الشمالية - بني مهيرة - الصمار/برورمت.pdf,برورمت.pdf,تطاوين,تطاوين الشمالية - بني مهيرة - الصمار,برورمت,130,5674,5674,100.0,0
/Users/mohameddhiahammami/iCloud Drive (Archive)/www.isie.tn/wp-content/uploads/2024/ListesElecteurs06Juillet2024/الداخل/تطاوين/2702_تطاوين الشمالية - بني مهيرة - الصمار/بني بلال.pdf,بني بلال.pdf,تطاوين,تطاوين الشمالية - بني مهيرة - الصمار,بني بلال,27,1102,1102,100.0,0
/Users/mohameddhiahammami/iCloud Drive (Archive)/www.isie.tn/wp-content/uploads/2024/ListesElecteurs06Juillet2024/الداخل/تطاوين/2702_تطاوين الشمالية - بني مهيرة - الصمار/بني مهيرة الشرقية.pdf,بني مهيرة الشرقية.pdf,تطاوين,تطاوين الشمالية - بني مهيرة - الصمار,بني مهيرة الشرقية,29,1225,1225,100.0,0
/Users/mohameddhiahammami/iCloud Drive (Archive)/www.isie.tn/wp-content/uploads/2024/ListesElecteurs06Juillet2024/الداخل/تطاوين/2702_تطاوين الشمالية - بني مهيرة - الصمار/تلالت.pdf,تلالت.pdf,تطاوين,تطاوين الشمالية - بني مهيرة - الصمار,تلالت,33,1368,1368,100.0,0
/Users/mohameddhiahammami/iCloud Drive (Archive)/www.isie.tn/wp-content/uploads/2024/ListesElecteurs06Juillet2024/الداخل/تطاوين/2702_تطاوين الشمالية - بني مهيرة - الصمار/خاتمة.pdf,خاتمة.pdf,تطاوين,تطاوين الشمالية - بني مهيرة - الصمار,خاتمة,33,1373,1373,100.0,0
/Users/mohameddhiahammami/iCloud Drive (Archive)/www.isie.tn/wp-content/uploads/2024/ListesElecteurs06Juillet2024/الداخل/تطاوين/2702_تطاوين الشمالية - بني مهيرة - الصمار/قصر عون.pdf,قصر عون.pdf,تطاوين,تطاوين الشمالية - بني مهيرة - الصمار,قصر عون,37,1569,1569,100.0,0
/Users/mohameddhiahammami/iCloud Drive (Archive)/www.isie.tn/wp-content/uploads/2024/ListesElecteurs06Juillet2024/الداخل/تطاوين/2702_تطاوين الشمالية - بني مهيرة - الصمار/قصر مهيرة.pdf,قصر مهيرة.pdf,تطاوين,تطاوين الشمالية - بني مهيرة - الصمار,قصر مهيرة,67,2891,2891,100.0,0
/Users/mohameddhiahammami/iCloud Drive (Archive)/www.isie.tn/wp-content/uploads/2024/ListesElecteurs06Juillet2024/الداخل/تطاوين/2702_تطاوين الشمالية - بني مهيرة - الصمار/قطوفة.pdf,قطوفة.pdf,تطاوين,تطاوين الشمالية - بني مهيرة - الصمار,قطوفة,18,730,730,100.0,0
/Users/mohameddhiahammami/iCloud Drive (Archive)/www.isie.tn/wp-content/uploads/2024/ListesElecteurs06Juillet2024/الداخل/تطاوين/2702_تطاوين الشمالية - بني مهيرة - الصمار/كرشاو.pdf,كرشاو.pdf,تطاوين,تطاوين الشمالية - بني مهيرة - الصمار,كرشاو,40,1708,1708,100.0,0
/Users/mohameddhiahammami/iCloud Drive (Archive)/www.isie.tn/wp-content/uploads/2024/ListesElecteurs06Juillet2024/الداخل/تطاوين/2702_تطاوين الشمالية - بني مهيرة - الصمار/وادي الغار.pdf,وادي الغار.pdf,تطاوين,تطاوين الشمالية - بني مهيرة - الصمار,وادي الغار,148,6453,6453,100.0,0
/Users/mohameddhiahammami/iCloud Drive (Archive)/www.isie.tn/wp-content/uploads/2024/ListesElecteurs06Juillet2024/الداخل/تطاوين/2702_تطاوين الشمالية - بني مهيرة - الصمار/وادي القمح.pdf,وادي القمح.pdf,تطاوين,تطاوين الشمالية - بني مهيرة - الصمار,وادي القمح,144,6267,6267,100.0,0
/Users/mohameddhiahammami/iCloud Drive (Archive)/www.isie.tn/wp-content/uploads/2024/ListesElecteurs06Juillet2024/الداخل/تطاوين/2703_ذهيبة - رمادة/بئر عمير.pdf,بئر عمير.pdf,تطاوين,ذهيبة - رمادة,بئر عمير,12,455,455,100.0,0
/Users/mohameddhiahammami/iCloud Drive (Archive)/www.isie.tn/wp-content/uploads/2024/ListesElecteurs06Juillet2024/الداخل/تطاوين/2703_ذهيبة - رمادة/برج الخضراء.pdf,برج الخضراء.pdf,تطاوين,ذهيبة - رمادة,برج الخضراء,2,3,3,100.0,0
/Users/mohameddhiahammami/iCloud Drive (Archive)/www.isie.tn/wp-content/uploads/2024/ListesElecteurs06Juillet2024/الداخل/تطاوين/2703_ذهيبة - رمادة/ذهيبة الشرقية.pdf,ذهيبة الشرقية.pdf,تطاوين,ذهيبة - رمادة,ذهيبة الشرقية,50,2143,2143,100.0,0
/Users/mohameddhiahammami/iCloud Drive (Archive)/www.isie.tn/wp-content/uploads/2024/ListesElecteurs06Juillet2024/الداخل/تطاوين/2703_ذهيبة - رمادة/ذهيبة الغربية.pdf,ذهيبة الغربية.pdf,تطاوين,ذهيبة - رمادة,ذهيبة الغربية,33,1394,1394,100.0,0
/Users/mohameddhiahammami/iCloud Drive (Archive)/www.isie.tn/wp-content/uploads/2024/ListesElecteurs06Juillet2024/الداخل/تطاوين/2703_ذهيبة - رمادة/رمادة الشرقية.pdf,رمادة الشرقية.pdf,تطاوين,ذهيبة - رمادة,رمادة الشرقية,47,2003,2003,100.0,0
/Users/mohameddhiahammami/iCloud Drive (Archive)/www.isie.tn/wp-content/uploads/2024/ListesElecteurs06Juillet2024/الداخل/تطاوين/2703_ذهيبة - رمادة/رمادة الغربية.pdf,رمادة الغربية.pdf,تطاوين,ذهيبة - رمادة,رمادة الغربية,71,3077,3077,100.0,0
/Users/mohameddhiahammami/iCloud Drive (Archive)/www.isie.tn/wp-content/uploads/2024/ListesElecteurs06Juillet2024/الداخل/تطاوين/2703_ذهيبة - رمادة/كنبوت.pdf,كنبوت.pdf,تطاوين,ذهيبة - رمادة,كنبوت,14,533,533,100.0,0
/Users/mohameddhiahammami/iCloud Drive (Archive)/www.isie.tn/wp-content/uploads/2024/ListesElecteurs06Juillet2024/الداخل/تطاوين/2703_ذهيبة - رمادة/مغنى.pdf,مغنى.pdf,تطاوين,ذهيبة - رمادة,مغنى,7,241,241,100.0,0
/Users/mohameddhiahammami/iCloud Drive (Archive)/www.isie.tn/wp-content/uploads/2024/ListesElecteurs06Juillet2024/الداخل/تطاوين/2703_ذهيبة - رمادة/نكريف.pdf,نكريف.pdf,تطاوين,ذهيبة - رمادة,نكريف,19,783,783,100.0,0
/Users/mohameddhiahammami/iCloud Drive (Archive)/www.isie.tn/wp-content/uploads/2024/ListesElecteurs06Juillet2024/الداخل/توزر/1801_توزر/الإزدهار.pdf,الإزدهار.pdf,توزر,توزر,الإزدهار,146,6374,6374,100.0,0
/Users/mohameddhiahammami/iCloud Drive (Archive)/www.isie.tn/wp-content/uploads/2024/ListesElecteurs06Juillet2024/الداخل/توزر/1801_توزر/الحضر.pdf,الحضر.pdf,توزر,توزر,الحضر,114,4969,4969,100.0,0
/Users/mohameddhiahammami/iCloud Drive (Archive)/www.isie.tn/wp-content/uploads/2024/ListesElecteurs06Juillet2024/الداخل/توزر/1801_توزر/الزبدة.pdf,الزبدة.pdf,توزر,توزر,الزبدة,54,2324,2324,100.0,0
/Users/mohameddhiahammami/iCloud Drive (Archive)/www.isie.tn/wp-content/uploads/2024/ListesElecteurs06Juillet2024/الداخل/توزر/1801_توزر/الشابية.pdf,الشابية.pdf,توزر,توزر,الشابية,105,4554,4554,100.0,0
/Users/mohameddhiahammami/iCloud Drive (Archive)/www.isie.tn/wp-content/uploads/2024/ListesElecteurs06Juillet2024/الداخل/توزر/1801_توزر/القيطنة.pdf,القيطنة.pdf,توزر,توزر,القيطنة,30,1258,1,0.0794912559618442,0
/Users/mohameddhiahammami/iCloud Drive (Archive)/www.isie.tn/wp-content/uploads/2024/ListesElecteurs06Juillet2024/الداخل/توزر/1801_توزر/الهبائلة.pdf,الهبائلة.pdf,توزر,توزر,الهبائلة,50,2148,2148,100.0,0
/Users/mohameddhiahammami/iCloud Drive (Archive)/www.isie.tn/wp-content/uploads/2024/ListesElecteurs06Juillet2024/الداخل/توزر/1801_توزر/الهوادف.pdf,الهوادف.pdf,توزر,توزر,الهوادف,68,2936,2936,100.0,0
/Users/mohameddhiahammami/iCloud Drive (Archive)/www.isie.tn/wp-content/uploads/2024/ListesElecteurs06Juillet2024/الداخل/توزر/1801_توزر/حي المطار.pdf,حي المطار.pdf,توزر,توزر,حي المطار,193,8447,8447,100.0,0
/Users/mohameddhiahammami/iCloud Drive (Archive)/www.isie.tn/wp-content/uploads/2024/ListesElecteurs06Juillet2024/الداخل/توزر/1801_توزر/رأس الذراع حلبة.pdf,رأس الذراع حلبة.pdf,توزر,توزر,رأس الذراع حلبة,85,3694,3694,100.0,0
/Users/mohameddhiahammami/iCloud Drive (Archive)/www.isie.tn/wp-content/uploads/2024/ListesElecteurs06Juillet2024/الداخل/توزر/1801_توزر/مسغونة.pdf,مسغونة.pdf,توزر,توزر,مسغونة,24,988,988,100.0,0
/Users/mohameddhiahammami/iCloud Drive (Archive)/www.isie.tn/wp-content/uploads/2024/ListesElecteurs06Juillet2024/الداخل/توزر/1802_دقاش - حامة الجريد - تمغزة/الحامة.pdf,الحامة.pdf,توزر,دقاش - حامة الجريد - تمغزة,الحامة,77,3334,3334,100.0,0
/Users/mohameddhiahammami/iCloud Drive (Archive)/www.isie.tn/wp-content/uploads/2024/ListesElecteurs06Juillet2024/الداخل/توزر/1802_دقاش - حامة الجريد - تمغزة/الرميثة.pdf,الرميثة.pdf,توزر,دقاش - حامة الجريد - تمغزة,الرميثة,12,469,469,100.0,0
/Users/mohameddhiahammami/iCloud Drive (Archive)/www.isie.tn/wp-content/uploads/2024/ListesElecteurs06Juillet2024/الداخل/توزر/1802_دقاش - حامة الجريد - تمغزة/الشبيكة.pdf,الشبيكة.pdf,توزر,دقاش - حامة الجريد - تمغزة,الشبيكة,23,949,949,100.0,0
/Users/mohameddhiahammami/iCloud Drive (Archive)/www.isie.tn/wp-content/uploads/2024/ListesElecteurs06Juillet2024/الداخل/توزر/1802_دقاش - حامة الجريد - تمغزة/المحاسن.pdf,المحاسن.pdf,توزر,دقاش - حامة الجريد - تمغزة,المحاسن,71,3063,3063,100.0,0
/Users/mohameddhiahammami/iCloud Drive (Archive)/www.isie.tn/wp-content/uploads/2024/ListesElecteurs06Juillet2024/الداخل/توزر/1802_دقاش - حامة الجريد - تمغزة/النملات.pdf,النملات.pdf,توزر,دقاش - حامة الجريد - تمغزة,النملات,48,2038,2038,100.0,0
/Users/mohameddhiahammami/iCloud Drive (Archive)/www.isie.tn/wp-content/uploads/2024/ListesElecteurs06Juillet2024/الداخل/توزر/1802_دقاش - حامة الجريد - تمغزة/بوهلال.pdf,بوهلال.pdf,توزر,دقاش - حامة الجريد - تمغزة,بوهلال,66,2849,2849,100.0,0
/Users/mohameddhiahammami/iCloud Drive (Archive)/www.isie.tn/wp-content/uploads/2024/ListesElecteurs06Juillet2024/الداخل/توزر/1802_دقاش - حامة الجريد - تمغزة/تمغزة.pdf,تمغزة.pdf,توزر,دقاش - حامة الجريد - تمغزة,تمغزة,48,2059,2059,100.0,0
/Users/mohameddhiahammami/iCloud Drive (Archive)/www.isie.tn/wp-content/uploads/2024/ListesElecteurs06Juillet2024/الداخل/توزر/1802_دقاش - حامة الجريد - تمغزة/دغومس.pdf,دغومس.pdf,توزر,دقاش - حامة الجريد - تمغزة,دغومس,38,1622,1622,100.0,0
/Users/mohameddhiahammami/iCloud Drive (Archive)/www.isie.tn/wp-content/uploads/2024/ListesElecteurs06Juillet2024/الداخل/توزر/1802_دقاش - حامة الجريد - تمغزة/دقاش الجنوبية.pdf,دقاش الجنوبية.pdf,توزر,دقاش - حامة الجريد - تمغزة,دقاش الجنوبية,99,4302,4302,100.0,0
/Users/mohameddhiahammami/iCloud Drive (Archive)/www.isie.tn/wp-content/uploads/2024/ListesElecteurs06Juillet2024/الداخل/توزر/1802_دقاش - حامة الجريد - تمغزة/دقاش الشمالية.pdf,دقاش الشمالية.pdf,توزر,دقاش - حامة الجريد - تمغزة,دقاش الشمالية,56,2377,2377,100.0,0
/Users/mohameddhiahammami/iCloud Drive (Archive)/www.isie.tn/wp-content/uploads/2024/ListesElecteurs06Juillet2024/الداخل/توزر/1802_دقاش - حامة الجريد - تمغزة/سبع آبار.pdf,سبع آبار.pdf,توزر,دقاش - حامة الجريد - تمغزة,سبع آبار,66,2838,2838,100.0,0
/Users/mohameddhiahammami/iCloud Drive (Archive)/www.isie.tn/wp-content/uploads/2024/ListesElecteurs06Juillet2024/الداخل/توزر/1802_دقاش - حامة الجريد - تمغزة/سندس فم الخنقة.pdf,سندس فم الخنقة.pdf,توزر,دقاش - حامة الجريد - تمغزة,سندس فم الخنقة,13,508,508,100.0,0
/Users/mohameddhiahammami/iCloud Drive (Archive)/www.isie.tn/wp-content/uploads/2024/ListesElecteurs06Juillet2024/الداخل/توزر/1802_دقاش - حامة الجريد - تمغزة/شاكمو.pdf,شاكمو.pdf,توزر,دقاش - حامة الجريد - تمغزة,شاكمو,11,397,397,100.0,0
/Users/mohameddhiahammami/iCloud Drive (Archive)/www.isie.tn/wp-content/uploads/2024/ListesElecteurs06Juillet2024/الداخل/توزر/1802_دقاش - حامة الجريد - تمغزة/عين الكرمة.pdf,عين الكرمة.pdf,توزر,دقاش - حامة الجريد - تمغزة,عين الكرمة,25,1054,1054,100.0,0
/Users/mohameddhiahammami/iCloud Drive (Archive)/www.isie.tn/wp-content/uploads/2024/ListesElecteurs06Juillet2024/الداخل/توزر/1802_دقاش - حامة الجريد - تمغزة/ميداس.pdf,ميداس.pdf,توزر,دقاش - حامة الجريد - تمغزة,ميداس,14,563,563,100.0,0
/Users/mohameddhiahammami/iCloud Drive (Archive)/www.isie.tn/wp-content/uploads/2024/ListesElecteurs06Juillet2024/الداخل/توزر/1803_نفطة - حزوة/الاصيل.pdf,الاصيل.pdf,توزر,نفطة - حزوة,الاصيل,37,1580,1580,100.0,0
/Users/mohameddhiahammami/iCloud Drive (Archive)/www.isie.tn/wp-content/uploads/2024/ListesElecteurs06Juillet2024/الداخل/توزر/1803_نفطة - حزوة/التحرير.pdf,التحرير.pdf,توزر,نفطة - حزوة,التحرير,47,1981,1981,100.0,0
/Users/mohameddhiahammami/iCloud Drive (Archive)/www.isie.tn/wp-content/uploads/2024/ListesElecteurs06Juillet2024/الداخل/توزر/1803_نفطة - حزوة/الخضر بن حسين.pdf,الخضر بن حسين.pdf,توزر,نفطة - حزوة,الخضر بن حسين,97,4216,4216,100.0,0
/Users/mohameddhiahammami/iCloud Drive (Archive)/www.isie.tn/wp-content/uploads/2024/ListesElecteurs06Juillet2024/الداخل/توزر/1803_نفطة - حزوة/السنى.pdf,السنى.pdf,توزر,نفطة - حزوة,السنى,40,1709,1709,100.0,0
/Users/mohameddhiahammami/iCloud Drive (Archive)/www.isie.tn/wp-content/uploads/2024/ListesElecteurs06Juillet2024/الداخل/توزر/1803_نفطة - حزوة/الشافعي الشريف.pdf,الشافعي الشريف.pdf,توزر,نفطة - حزوة,الشافعي الشريف,60,2572,2572,100.0,0
/Users/mohameddhiahammami/iCloud Drive (Archive)/www.isie.tn/wp-content/uploads/2024/ListesElecteurs06Juillet2024/الداخل/توزر/1803_نفطة - حزوة/العيون.pdf,العيون.pdf,توزر,نفطة - حزوة,العيون,54,2315,2315,100.0,0
/Users/mohameddhiahammami/iCloud Drive (Archive)/www.isie.tn/wp-content/uploads/2024/ListesElecteurs06Juillet2024/الداخل/توزر/1803_نفطة - حزوة/الواحة.pdf,الواحة.pdf,توزر,نفطة - حزوة,الواحة,45,1904,1904,100.0,0
/Users/mohameddhiahammami/iCloud Drive (Archive)/www.isie.tn/wp-content/uploads/2024/ListesElecteurs06Juillet2024/الداخل/توزر/1803_نفطة - حزوة/حزوة.pdf,حزوة.pdf,توزر,نفطة - حزوة,حزوة,60,2558,2558,100.0,0
/Users/mohameddhiahammami/iCloud Drive (Archive)/www.isie.tn/wp-content/uploads/2024/ListesElecteurs06Juillet2024/الداخل/توزر/1803_نفطة - حزوة/حطام.pdf,حطام.pdf,توزر,نفطة - حزوة,حطام,22,916,916,100.0,0
/Users/mohameddhiahammami/iCloud Drive (Archive)/www.isie.tn/wp-content/uploads/2024/ListesElecteurs06Juillet2024/الداخل/توزر/1803_نفطة - حزوة/عين أولاد الغريسي.pdf,عين أولاد الغريسي.pdf,توزر,نفطة - حزوة,عين أولاد الغريسي,14,532,532,100.0,0
/Users/mohameddhiahammami/iCloud Drive (Archive)/www.isie.tn/wp-content/uploads/2024/ListesElecteurs06Juillet2024/الداخل/توزر/1803_نفطة - حزوة/غرة جوان.pdf,غرة جوان.pdf,توزر,نفطة - حزوة,غرة جوان,44,1864,1864,100.0,0
/Users/mohameddhiahammami/iCloud Drive (Archive)/www.isie.tn/wp-content/uploads/2024/ListesElecteurs06Juillet2024/الداخل/تونس/0208_التحرير - باردو/إبن سيناء.pdf,إبن سيناء.pdf,تونس,التحرير - باردو,إبن سيناء,39,1648,1648,100.0,0
/Users/mohameddhiahammami/iCloud Drive (Archive)/www.isie.tn/wp-content/uploads/2024/ListesElecteurs06Juillet2024/الداخل/تونس/0208_التحرير - باردو/الإقامة الطيبة.pdf,الإقامة الطيبة.pdf,تونس,التحرير - باردو,الإقامة الطيبة,14,567,567,100.0,0
/Users/mohameddhiahammami/iCloud Drive (Archive)/www.isie.tn/wp-content/uploads/2024/ListesElecteurs06Juillet2024/الداخل/تونس/0208_التحرير - باردو/البساتين.pdf,البساتين.pdf,تونس,التحرير - باردو,البساتين,15,606,606,100.0,0
/Users/mohameddhiahammami/iCloud Drive (Archive)/www.isie.tn/wp-content/uploads/2024/ListesElecteurs06Juillet2024/الداخل/تونس/0208_التحرير - باردو/التحرير الأول.pdf,التحرير الأول.pdf,تونس,التحرير - باردو,التحرير الأول,277,12130,12130,100.0,0
/Users/mohameddhiahammami/iCloud Drive (Archive)/www.isie.tn/wp-content/uploads/2024/ListesElecteurs06Juillet2024/الداخل/تونس/0208_التحرير - باردو/التحرير الثالث.pdf,التحرير الثالث.pdf,تونس,التحرير - باردو,التحرير الثالث,15,613,613,100.0,0
/Users/mohameddhiahammami/iCloud Drive (Archive)/www.isie.tn/wp-content/uploads/2024/ListesElecteurs06Juillet2024/الداخل/تونس/0208_التحرير - باردو/التحرير الثاني.pdf,التحرير الثاني.pdf,تونس,التحرير - باردو,التحرير الثاني,48,2049,2049,100.0,0
/Users/mohameddhiahammami/iCloud Drive (Archive)/www.isie.tn/wp-content/uploads/2024/ListesElecteurs06Juillet2024/الداخل/تونس/0208_التحرير - باردو/التحرير العلوي.pdf,التحرير العلوي.pdf,تونس,التحرير - باردو,التحرير العلوي,72,3098,3098,100.0,0
/Users/mohameddhiahammami/iCloud Drive (Archive)/www.isie.tn/wp-content/uploads/2024/ListesElecteurs06Juillet2024/الداخل/تونس/0208_التحرير - باردو/الحديقة - (التحرير).pdf,الحديقة - (التحرير).pdf,تونس,التحرير - باردو,الحديقة - (التحرير),35,1471,1471,100.0,0
/Users/mohameddhiahammami/iCloud Drive (Archive)/www.isie.tn/wp-content/uploads/2024/ListesElecteurs06Juillet2024/الداخل/تونس/0208_التحرير - باردو/الحديقة - (باردو).pdf,الحديقة - (باردو).pdf,تونس,التحرير - باردو,الحديقة - (باردو),26,1078,1078,100.0,0
/Users/mohameddhiahammami/iCloud Drive (Archive)/www.isie.tn/wp-content/uploads/2024/ListesElecteurs06Juillet2024/الداخل/تونس/0208_التحرير - باردو/السعادة.pdf,السعادة.pdf,تونس,التحرير - باردو,السعادة,86,3697,3697,100.0,0
/Users/mohameddhiahammami/iCloud Drive (Archive)/www.isie.tn/wp-content/uploads/2024/ListesElecteurs06Juillet2024/الداخل/تونس/0208_التحرير - باردو/الفتح.pdf,الفتح.pdf,تونس,التحرير - باردو,الفتح,22,897,897,100.0,0
/Users/mohameddhiahammami/iCloud Drive (Archive)/www.isie.tn/wp-content/uploads/2024/ListesElecteurs06Juillet2024/الداخل/تونس/0208_التحرير - باردو/باردو.pdf,باردو.pdf,تونس,التحرير - باردو,باردو,309,13525,13525,100.0,0
/Users/mohameddhiahammami/iCloud Drive (Archive)/www.isie.tn/wp-content/uploads/2024/ListesElecteurs06Juillet2024/الداخل/تونس/0208_التحرير - باردو/باردو الجنوبي.pdf,باردو الجنوبي.pdf,تونس,التحرير - باردو,باردو الجنوبي,95,4114,4114,100.0,0
/Users/mohameddhiahammami/iCloud Drive (Archive)/www.isie.tn/wp-content/uploads/2024/ListesElecteurs06Juillet2024/الداخل/تونس/0208_التحرير - باردو/باردو الشمالي.pdf,باردو الشمالي.pdf,تونس,التحرير - باردو,باردو الشمالي,161,6997,6997,100.0,0
/Users/mohameddhiahammami/iCloud Drive (Archive)/www.isie.tn/wp-content/uploads/2024/ListesElecteurs06Juillet2024/الداخل/تونس/0208_التحرير - باردو/بوشوشة.pdf,بوشوشة.pdf,تونس,التحرير - باردو,بوشوشة,197,8620,8620,100.0,0
/Users/mohameddhiahammami/iCloud Drive (Archive)/www.isie.tn/wp-content/uploads/2024/ListesElecteurs06Juillet2024/الداخل/تونس/0208_التحرير - باردو/خزندار.pdf,خزندار.pdf,تونس,التحرير - باردو,خزندار,337,14783,14783,100.0,0
/Users/mohameddhiahammami/iCloud Drive (Archive)/www.isie.tn/wp-content/uploads/2024/ListesElecteurs06Juillet2024/الداخل/تونس/0208_التحرير - باردو/قصر البرطال.pdf,قصر البرطال.pdf,تونس,التحرير - باردو,قصر البرطال,86,3699,3699,100.0,0
/Users/mohameddhiahammami/iCloud Drive (Archive)/www.isie.tn/wp-content/uploads/2024/ListesElecteurs06Juillet2024/الداخل/تونس/0208_التحرير - باردو/قصر السعيد.pdf,قصر السعيد.pdf,تونس,التحرير - باردو,قصر السعيد,85,3669,3669,100.0,0
/Users/mohameddhiahammami/iCloud Drive (Archive)/www.isie.tn/wp-content/uploads/2024/ListesElecteurs06Juillet2024/الداخل/تونس/0208_التحرير - باردو/قصر السعيد الثاني.pdf,قصر السعيد الثاني.pdf,تونس,التحرير - باردو,قصر السعيد الثاني,123,5337,5337,100.0,0
/Users/mohameddhiahammami/iCloud Drive (Archive)/www.isie.tn/wp-content/uploads/2024/ListesElecteurs06Juillet2024/الداخل/تونس/0101_الحرائرية/الحرائرية.pdf,الحرائرية.pdf,تونس,الحرائرية,الحرائرية,260,11394,11394,100.0,0
/Users/mohameddhiahammami/iCloud Drive (Archive)/www.isie.tn/wp-content/uploads/2024/ListesElecteurs06Juillet2024/الداخل/تونس/0101_الحرائرية/الزهروني.pdf,الزهروني.pdf,تونس,الحرائرية,الزهروني,535,23457,23457,100.0,0
/Users/mohameddhiahammami/iCloud Drive (Archive)/www.isie.tn/wp-content/uploads/2024/ListesElecteurs06Juillet2024/الداخل/تونس/0101_الحرائرية/الزهور الخامس.pdf,الزهور الخامس.pdf,تونس,الحرائرية,الزهور الخامس,336,14737,14737,100.0,0
/Users/mohameddhiahammami/iCloud Drive (Archive)/www.isie.tn/wp-content/uploads/2024/ListesElecteurs06Juillet2024/الداخل/تونس/0101_الحرائرية/العقبة.pdf,العقبة.pdf,تونس,الحرائرية,العقبة,258,11303,11303,100.0,0
/Users/mohameddhiahammami/iCloud Drive (Archive)/www.isie.tn/wp-content/uploads/2024/ListesElecteurs06Juillet2024/الداخل/تونس/0101_الحرائرية/العقبة العليا.pdf,العقبة العليا.pdf,تونس,الحرائرية,العقبة العليا,103,4470,4470,100.0,0
/Users/mohameddhiahammami/iCloud Drive (Archive)/www.isie.tn/wp-content/uploads/2024/ListesElecteurs06Juillet2024/الداخل/تونس/0101_الحرائرية/العنتيت.pdf,العنتيت.pdf,تونس,الحرائرية,العنتيت,71,3041,3041,100.0,0
/Users/mohameddhiahammami/iCloud Drive (Archive)/www.isie.tn/wp-content/uploads/2024/ListesElecteurs06Juillet2024/الداخل/تونس/0101_الحرائرية/الفلة.pdf,الفلة.pdf,تونس,الحرائرية,الفلة,77,3330,3330,100.0,0
/Users/mohameddhiahammami/iCloud Drive (Archive)/www.isie.tn/wp-content/uploads/2024/ListesElecteurs06Juillet2024/الداخل/تونس/0101_الحرائرية/طارق بن زياد.pdf,طارق بن زياد.pdf,تونس,الحرائرية,طارق بن زياد,50,2147,2147,100.0,0
/Users/mohameddhiahammami/iCloud Drive (Archive)/www.isie.tn/wp-content/uploads/2024/ListesElecteurs06Juillet2024/الداخل/تونس/0101_الحرائرية/غدير القلة.pdf,غدير القلة.pdf,تونس,الحرائرية,غدير القلة,75,3230,3230,100.0,0
/Users/mohameddhiahammami/iCloud Drive (Archive)/www.isie.tn/wp-content/uploads/2024/ListesElecteurs06Juillet2024/الداخل/تونس/0102_السيجومي - الزهور/الزهور.pdf,الزهور.pdf,تونس,السيجومي - الزهور,الزهور,271,11862,11862,100.0,0
/Users/mohameddhiahammami/iCloud Drive (Archive)/www.isie.tn/wp-content/uploads/2024/ListesElecteurs06Juillet2024/الداخل/تونس/0102_السيجومي - الزهور/الزهور الرابع.pdf,الزهور الرابع.pdf,تونس,السيجومي - الزهور,الزهور الرابع,82,3551,3551,100.0,0
/Users/mohameddhiahammami/iCloud Drive (Archive)/www.isie.tn/wp-content/uploads/2024/ListesElecteurs06Juillet2024/الداخل/تونس/0102_السيجومي - الزهور/السعادة.pdf,السعادة.pdf,تونس,السيجومي - الزهور,السعادة,51,2164,2164,100.0,0
/Users/mohameddhiahammami/iCloud Drive (Archive)/www.isie.tn/wp-content/uploads/2024/ListesElecteurs06Juillet2024/الداخل/تونس/0102_السيجومي - الزهور/السمران.pdf,السمران.pdf,تونس,السيجومي - الزهور,السمران,114,4932,4932,100.0,0
/Users/mohameddhiahammami/iCloud Drive (Archive)/www.isie.tn/wp-content/uploads/2024/ListesElecteurs06Juillet2024/الداخل/تونس/0102_السيجومي - الزهور/الملاسين.pdf,الملاسين.pdf,تونس,السيجومي - الزهور,الملاسين,140,6094,6094,100.0,0
/Users/mohameddhiahammami/iCloud Drive (Archive)/www.isie.tn/wp-content/uploads/2024/ListesElecteurs06Juillet2024/الداخل/تونس/0102_السيجومي - الزهور/النجاح.pdf,النجاح.pdf,تونس,السيجومي - الزهور,النجاح,88,3785,3785,100.0,0
/Users/mohameddhiahammami/iCloud Drive (Archive)/www.isie.tn/wp-content/uploads/2024/ListesElecteurs06Juillet2024/الداخل/تونس/0102_السيجومي - الزهور/بئر عنيبة.pdf,بئر عنيبة.pdf,تونس,السيجومي - الزهور,بئر عنيبة,10,355,355,100.0,0
/Users/mohameddhiahammami/iCloud Drive (Archive)/www.isie.tn/wp-content/uploads/2024/ListesElecteurs06Juillet2024/الداخل/تونس/0102_السيجومي - الزهور/باش حانبة.pdf,باش حانبة.pdf,تونس,السيجومي - الزهور,باش حانبة,94,4051,4051,100.0,0
/Users/mohameddhiahammami/iCloud Drive (Archive)/www.isie.tn/wp-content/uploads/2024/ListesElecteurs06Juillet2024/الداخل/تونس/0102_السيجومي - الزهور/حي الشهداء.pdf,حي الشهداء.pdf,تونس,السيجومي - الزهور,حي الشهداء,20,828,828,100.0,0
/Users/mohameddhiahammami/iCloud Drive (Archive)/www.isie.tn/wp-content/uploads/2024/ListesElecteurs06Juillet2024/الداخل/تونس/0102_السيجومي - الزهور/حي الطيران.pdf,حي الطيران.pdf,تونس,السيجومي - الزهور,حي الطيران,130,5652,5652,100.0,0
/Users/mohameddhiahammami/iCloud Drive (Archive)/www.isie.tn/wp-content/uploads/2024/ListesElecteurs06Juillet2024/الداخل/تونس/0102_السيجومي - الزهور/حي هلال.pdf,حي هلال.pdf,تونس,السيجومي - الزهور,حي هلال,178,7771,7771,100.0,0
/Users/mohameddhiahammami/iCloud Drive (Archive)/www.isie.tn/wp-content/uploads/2024/ListesElecteurs06Juillet2024/الداخل/تونس/0102_السيجومي - الزهور/علي البلهوان - (السيجومي).pdf,علي البلهوان - (السيجومي).pdf,تونس,السيجومي - الزهور,علي البلهوان - (السيجومي),173,7543,7543,100.0,0
/Users/mohameddhiahammami/iCloud Drive (Archive)/www.isie.tn/wp-content/uploads/2024/ListesElecteurs06Juillet2024/الداخل/تونس/0209_العمران - العمران الاعلى/أحمد التليلي.pdf,أحمد التليلي.pdf,تونس,العمران - العمران الاعلى,أحمد التليلي,89,3833,3833,100.0,0
/Users/mohameddhiahammami/iCloud Drive (Archive)/www.isie.tn/wp-content/uploads/2024/ListesElecteurs06Juillet2024/الداخل/تونس/0209_العمران - العمران الاعلى/الجبل الأحمر.pdf,الجبل الأحمر.pdf,تونس,العمران - العمران الاعلى,الجبل الأحمر,167,7276,7276,100.0,0
/Users/mohameddhiahammami/iCloud Drive (Archive)/www.isie.tn/wp-content/uploads/2024/ListesElecteurs06Juillet2024/الداخل/تونس/0209_العمران - العمران الاعلى/الرمانة.pdf,الرمانة.pdf,تونس,العمران - العمران الاعلى,الرمانة,199,8672,8672,100.0,0
/Users/mohameddhiahammami/iCloud Drive (Archive)/www.isie.tn/wp-content/uploads/2024/ListesElecteurs06Juillet2024/الداخل/تونس/0209_العمران - العمران الاعلى/الصديق.pdf,الصديق.pdf,تونس,العمران - العمران الاعلى,الصديق,38,1602,1602,100.0,0
/Users/mohameddhiahammami/iCloud Drive (Archive)/www.isie.tn/wp-content/uploads/2024/ListesElecteurs06Juillet2024/الداخل/تونس/0209_العمران - العمران الاعلى/العمران.pdf,العمران.pdf,تونس,العمران - العمران الاعلى,العمران,240,10510,10510,100.0,0
/Users/mohameddhiahammami/iCloud Drive (Archive)/www.isie.tn/wp-content/uploads/2024/ListesElecteurs06Juillet2024/الداخل/تونس/0209_العمران - العمران الاعلى/العمران الأعلى.pdf,العمران الأعلى.pdf,تونس,العمران - العمران الاعلى,العمران الأعلى,213,9315,9315,100.0,0
/Users/mohameddhiahammami/iCloud Drive (Archive)/www.isie.tn/wp-content/uploads/2024/ListesElecteurs06Juillet2024/الداخل/تونس/0209_العمران - العمران الاعلى/النسيم.pdf,النسيم.pdf,تونس,العمران - العمران الاعلى,النسيم,68,2925,2925,100.0,0
/Users/mohameddhiahammami/iCloud Drive (Archive)/www.isie.tn/wp-content/uploads/2024/ListesElecteurs06Juillet2024/الداخل/تونس/0209_العمران - العمران الاعلى/بئر عتيق.pdf,بئر عتيق.pdf,تونس,العمران - العمران الاعلى,بئر عتيق,75,3238,3238,100.0,0
/Users/mohameddhiahammami/iCloud Drive (Archive)/www.isie.tn/wp-content/uploads/2024/ListesElecteurs06Juillet2024/الداخل/تونس/0209_العمران - العمران الاعلى/حي الإنطلاقة.pdf,حي الإنطلاقة.pdf,تونس,العمران - العمران الاعلى,حي الإنطلاقة,203,8845,8845,100.0,0
/Users/mohameddhiahammami/iCloud Drive (Archive)/www.isie.tn/wp-content/uploads/2024/ListesElecteurs06Juillet2024/الداخل/تونس/0209_العمران - العمران الاعلى/حي الزياتين.pdf,حي الزياتين.pdf,تونس,العمران - العمران الاعلى,حي الزياتين,183,7993,7993,100.0,0
/Users/mohameddhiahammami/iCloud Drive (Archive)/www.isie.tn/wp-content/uploads/2024/ListesElecteurs06Juillet2024/الداخل/تونس/0209_العمران - العمران الاعلى/حي بن خلدون الأول.pdf,حي بن خلدون الأول.pdf,تونس,العمران - العمران الاعلى,حي بن خلدون الأول,129,5622,5622,100.0,0
/Users/mohameddhiahammami/iCloud Drive (Archive)/www.isie.tn/wp-content/uploads/2024/ListesElecteurs06Juillet2024/الداخل/تونس/0209_العمران - العمران الاعلى/حي بن خلدون الثاني.pdf,حي بن خلدون الثاني.pdf,تونس,العمران - العمران الاعلى,حي بن خلدون الثاني,21,874,874,100.0,0
/Users/mohameddhiahammami/iCloud Drive (Archive)/www.isie.tn/wp-content/uploads/2024/ListesElecteurs06Juillet2024/الداخل/تونس/0209_العمران - العمران الاعلى/حي بن خلدون السادس.pdf,حي بن خلدون السادس.pdf,تونس,العمران - العمران الاعلى,حي بن خلدون السادس,19,778,778,100.0,0
/Users/mohameddhiahammami/iCloud Drive (Archive)/www.isie.tn/wp-content/uploads/2024/ListesElecteurs06Juillet2024/الداخل/تونس/0209_العمران - العمران الاعلى/رأس الطابية.pdf,رأس الطابية.pdf,تونس,العمران - العمران الاعلى,رأس الطابية,110,4783,4783,100.0,0
/Users/mohameddhiahammami/iCloud Drive (Archive)/www.isie.tn/wp-content/uploads/2024/ListesElecteurs06Juillet2024/الداخل/تونس/0209_العمران - العمران الاعلى/وادي السبعي.pdf,وادي السبعي.pdf,تونس,العمران - العمران الاعلى,وادي السبعي,63,2727,2727,100.0,0
/Users/mohameddhiahammami/iCloud Drive (Archive)/www.isie.tn/wp-content/uploads/2024/ListesElecteurs06Juillet2024/الداخل/تونس/0103_الكبارية/إبن سينا 1.pdf,إبن سينا 1.pdf,تونس,الكبارية,إبن سينا 1,274,11972,11972,100.0,0
/Users/mohameddhiahammami/iCloud Drive (Archive)/www.isie.tn/wp-content/uploads/2024/ListesElecteurs06Juillet2024/الداخل/تونس/0103_الكبارية/إبن سينا 2.pdf,إبن سينا 2.pdf,تونس,الكبارية,إبن سينا 2,154,6718,6718,100.0,0
/Users/mohameddhiahammami/iCloud Drive (Archive)/www.isie.tn/wp-content/uploads/2024/ListesElecteurs06Juillet2024/الداخل/تونس/0103_الكبارية/الكبارية 1.pdf,الكبارية 1.pdf,تونس,الكبارية,الكبارية 1,160,6978,6978,100.0,0
/Users/mohameddhiahammami/iCloud Drive (Archive)/www.isie.tn/wp-content/uploads/2024/ListesElecteurs06Juillet2024/الداخل/تونس/0103_الكبارية/الكبارية 2.pdf,الكبارية 2.pdf,تونس,الكبارية,الكبارية 2,97,4224,4224,100.0,0
/Users/mohameddhiahammami/iCloud Drive (Archive)/www.isie.tn/wp-content/uploads/2024/ListesElecteurs06Juillet2024/الداخل/تونس/0103_الكبارية/الكبارية 3.pdf,الكبارية 3.pdf,تونس,الكبارية,الكبارية 3,130,5648,5648,100.0,0
/Users/mohameddhiahammami/iCloud Drive (Archive)/www.isie.tn/wp-content/uploads/2024/ListesElecteurs06Juillet2024/الداخل/تونس/0103_الكبارية/الكبارية 4.pdf,الكبارية 4.pdf,تونس,الكبارية,الكبارية 4,143,6236,6236,100.0,0
/Users/mohameddhiahammami/iCloud Drive (Archive)/www.isie.tn/wp-content/uploads/2024/ListesElecteurs06Juillet2024/الداخل/تونس/0103_الكبارية/المروج 2.pdf,المروج 2.pdf,تونس,الكبارية,المروج 2,274,11974,11974,100.0,0
/Users/mohameddhiahammami/iCloud Drive (Archive)/www.isie.tn/wp-content/uploads/2024/ListesElecteurs06Juillet2024/الداخل/تونس/0103_الكبارية/حي النور.pdf,حي النور.pdf,تونس,الكبارية,حي النور,141,6129,6129,100.0,0
/Users/mohameddhiahammami/iCloud Drive (Archive)/www.isie.tn/wp-content/uploads/2024/ListesElecteurs06Juillet2024/الداخل/تونس/0210_الكرم/البئر الحلو.pdf,البئر الحلو.pdf,تونس,الكرم,البئر الحلو,71,3066,3066,100.0,0
/Users/mohameddhiahammami/iCloud Drive (Archive)/www.isie.tn/wp-content/uploads/2024/ListesElecteurs06Juillet2024/الداخل/تونس/0210_الكرم/البحيرة.pdf,البحيرة.pdf,تونس,الكرم,البحيرة,201,8797,8797,100.0,0
/Users/mohameddhiahammami/iCloud Drive (Archive)/www.isie.tn/wp-content/uploads/2024/ListesElecteurs06Juillet2024/الداخل/تونس/0210_الكرم/الرياض.pdf,الرياض.pdf,تونس,الكرم,الرياض,173,7551,7551,100.0,0
/Users/mohameddhiahammami/iCloud Drive (Archive)/www.isie.tn/wp-content/uploads/2024/ListesElecteurs06Juillet2024/الداخل/تونس/0210_الكرم/الكرم الشرقي.pdf,الكرم الشرقي.pdf,تونس,الكرم,الكرم الشرقي,275,12053,12053,100.0,0
/Users/mohameddhiahammami/iCloud Drive (Archive)/www.isie.tn/wp-content/uploads/2024/ListesElecteurs06Juillet2024/الداخل/تونس/0210_الكرم/الكرم الغربي.pdf,الكرم الغربي.pdf,تونس,الكرم,الكرم الغربي,334,14619,14619,100.0,0
/Users/mohameddhiahammami/iCloud Drive (Archive)/www.isie.tn/wp-content/uploads/2024/ListesElecteurs06Juillet2024/الداخل/تونس/0210_الكرم/سيدي عمر.pdf,سيدي عمر.pdf,تونس,الكرم,سيدي عمر,16,657,657,100.0,0
/Users/mohameddhiahammami/iCloud Drive (Archive)/www.isie.tn/wp-content/uploads/2024/ListesElecteurs06Juillet2024/الداخل/تونس/0210_الكرم/سيدي فرج.pdf,سيدي فرج.pdf,تونس,الكرم,سيدي فرج,86,3739,3739,100.0,0
/Users/mohameddhiahammami/iCloud Drive (Archive)/www.isie.tn/wp-content/uploads/2024/ListesElecteurs06Juillet2024/الداخل/تونس/0104_المدينة - باب سويقة/الأسواق.pdf,الأسواق.pdf,تونس,المدينة - باب سويقة,الأسواق,7,221,0,0.0,0
/Users/mohameddhiahammami/iCloud Drive (Archive)/www.isie.tn/wp-content/uploads/2024/ListesElecteurs06Juillet2024/الداخل/تونس/0104_المدينة - باب سويقة/التوفيق.pdf,التوفيق.pdf,تونس,المدينة - باب سويقة,التوفيق,120,5195,5195,100.0,0
/Users/mohameddhiahammami/iCloud Drive (Archive)/www.isie.tn/wp-content/uploads/2024/ListesElecteurs06Juillet2024/الداخل/تونس/0104_المدينة - باب سويقة/الحفصية.pdf,الحفصية.pdf,تونس,المدينة - باب سويقة,الحفصية,165,7194,7194,100.0,0
/Users/mohameddhiahammami/iCloud Drive (Archive)/www.isie.tn/wp-content/uploads/2024/ListesElecteurs06Juillet2024/الداخل/تونس/0104_المدينة - باب سويقة/الحلفاوين.pdf,الحلفاوين.pdf,تونس,المدينة - باب سويقة,الحلفاوين,184,8025,8025,100.0,0
/Users/mohameddhiahammami/iCloud Drive (Archive)/www.isie.tn/wp-content/uploads/2024/ListesElecteurs06Juillet2024/الداخل/تونس/0104_المدينة - باب سويقة/الزاوية البكرية.pdf,الزاوية البكرية.pdf,تونس,المدينة - باب سويقة,الزاوية البكرية,9,331,331,100.0,0
/Users/mohameddhiahammami/iCloud Drive (Archive)/www.isie.tn/wp-content/uploads/2024/ListesElecteurs06Juillet2024/الداخل/تونس/0104_المدينة - باب سويقة/الزرارعية.pdf,الزرارعية.pdf,تونس,المدينة - باب سويقة,الزرارعية,15,596,596,100.0,0
/Users/mohameddhiahammami/iCloud Drive (Archive)/www.isie.tn/wp-content/uploads/2024/ListesElecteurs06Juillet2024/الداخل/تونس/0104_المدينة - باب سويقة/الصباغين.pdf,الصباغين.pdf,تونس,المدينة - باب سويقة,الصباغين,17,670,670,100.0,0
/Users/mohameddhiahammami/iCloud Drive (Archive)/www.isie.tn/wp-content/uploads/2024/ListesElecteurs06Juillet2024/الداخل/تونس/0104_المدينة - باب سويقة/المدينة.pdf,المدينة.pdf,تونس,المدينة - باب سويقة,المدينة,15,574,574,100.0,0
/Users/mohameddhiahammami/iCloud Drive (Archive)/www.isie.tn/wp-content/uploads/2024/ListesElecteurs06Juillet2024/الداخل/تونس/0104_المدينة - باب سويقة/باب البنات.pdf,باب البنات.pdf,تونس,المدينة - باب سويقة,باب البنات,130,5675,5675,100.0,0
/Users/mohameddhiahammami/iCloud Drive (Archive)/www.isie.tn/wp-content/uploads/2024/ListesElecteurs06Juillet2024/الداخل/تونس/0104_المدينة - باب سويقة/باب الخضراء.pdf,باب الخضراء.pdf,تونس,المدينة - باب سويقة,باب الخضراء,268,11748,11748,100.0,0
/Users/mohameddhiahammami/iCloud Drive (Archive)/www.isie.tn/wp-content/uploads/2024/ListesElecteurs06Juillet2024/الداخل/تونس/0104_المدينة - باب سويقة/باب العسل.pdf,باب العسل.pdf,تونس,المدينة - باب سويقة,باب العسل,15,581,581,100.0,0
/Users/mohameddhiahammami/iCloud Drive (Archive)/www.isie.tn/wp-content/uploads/2024/ListesElecteurs06Juillet2024/الداخل/تونس/0104_المدينة - باب سويقة/باب المنارة.pdf,باب المنارة.pdf,تونس,المدينة - باب سويقة,باب المنارة,126,5473,5473,100.0,0
/Users/mohameddhiahammami/iCloud Drive (Archive)/www.isie.tn/wp-content/uploads/2024/ListesElecteurs06Juillet2024/الداخل/تونس/0104_المدينة - باب سويقة/باب سعدون.pdf,باب سعدون.pdf,تونس,المدينة - باب سويقة,باب سعدون,125,5420,5420,100.0,0
/Users/mohameddhiahammami/iCloud Drive (Archive)/www.isie.tn/wp-content/uploads/2024/ListesElecteurs06Juillet2024/الداخل/تونس/0104_المدينة - باب سويقة/باب سيدي عبد السلام.pdf,باب سيدي عبد السلام.pdf,تونس,المدينة - باب سويقة,باب سيدي عبد السلام,19,763,763,100.0,0
/Users/mohameddhiahammami/iCloud Drive (Archive)/www.isie.tn/wp-content/uploads/2024/ListesElecteurs06Juillet2024/الداخل/تونس/0104_المدينة - باب سويقة/برج زوارة.pdf,برج زوارة.pdf,تونس,المدينة - باب سويقة,برج زوارة,17,697,697,100.0,0
/Users/mohameddhiahammami/iCloud Drive (Archive)/www.isie.tn/wp-content/uploads/2024/ListesElecteurs06Juillet2024/الداخل/تونس/0104_المدينة - باب سويقة/تربة الباي.pdf,تربة الباي.pdf,تونس,المدينة - باب سويقة,تربة الباي,133,5787,5787,100.0,0
/Users/mohameddhiahammami/iCloud Drive (Archive)/www.isie.tn/wp-content/uploads/2024/ListesElecteurs06Juillet2024/الداخل/تونس/0104_المدينة - باب سويقة/ترنجة.pdf,ترنجة.pdf,تونس,المدينة - باب سويقة,ترنجة,195,8509,8509,100.0,0
/Users/mohameddhiahammami/iCloud Drive (Archive)/www.isie.tn/wp-content/uploads/2024/ListesElecteurs06Juillet2024/الداخل/تونس/0104_المدينة - باب سويقة/حمام الرميمي.pdf,حمام الرميمي.pdf,تونس,المدينة - باب سويقة,حمام الرميمي,15,575,575,100.0,0
/Users/mohameddhiahammami/iCloud Drive (Archive)/www.isie.tn/wp-content/uploads/2024/ListesElecteurs06Juillet2024/الداخل/تونس/0104_المدينة - باب سويقة/سوق النحاس.pdf,سوق النحاس.pdf,تونس,المدينة - باب سويقة,سوق النحاس,15,589,589,100.0,0
/Users/mohameddhiahammami/iCloud Drive (Archive)/www.isie.tn/wp-content/uploads/2024/ListesElecteurs06Juillet2024/الداخل/تونس/0104_المدينة - باب سويقة/سيدي الجبالي.pdf,سيدي الجبالي.pdf,تونس,المدينة - باب سويقة,سيدي الجبالي,8,274,274,100.0,0
/Users/mohameddhiahammami/iCloud Drive (Archive)/www.isie.tn/wp-content/uploads/2024/ListesElecteurs06Juillet2024/الداخل/تونس/0104_المدينة - باب سويقة/سيدي بومنديل.pdf,سيدي بومنديل.pdf,تونس,المدينة - باب سويقة,سيدي بومنديل,89,3860,3860,100.0,0
/Users/mohameddhiahammami/iCloud Drive (Archive)/www.isie.tn/wp-content/uploads/2024/ListesElecteurs06Juillet2024/الداخل/تونس/0104_المدينة - باب سويقة/سيدي علي عزوز.pdf,سيدي علي عزوز.pdf,تونس,المدينة - باب سويقة,سيدي علي عزوز,62,2654,2654,100.0,0
/Users/mohameddhiahammami/iCloud Drive (Archive)/www.isie.tn/wp-content/uploads/2024/ListesElecteurs06Juillet2024/الداخل/تونس/0105_الوردية - جبل الجلود/الأفران.pdf,الأفران.pdf,تونس,الوردية - جبل الجلود,الأفران,47,2005,2005,100.0,0
/Users/mohameddhiahammami/iCloud Drive (Archive)/www.isie.tn/wp-content/uploads/2024/ListesElecteurs06Juillet2024/الداخل/تونس/0105_الوردية - جبل الجلود/السبخاء.pdf,السبخاء.pdf,تونس,الوردية - جبل الجلود,السبخاء,5,152,152,100.0,0
/Users/mohameddhiahammami/iCloud Drive (Archive)/www.isie.tn/wp-content/uploads/2024/ListesElecteurs06Juillet2024/الداخل/تونس/0105_الوردية - جبل الجلود/الطاهر صفر.pdf,الطاهر صفر.pdf,تونس,الوردية - جبل الجلود,الطاهر صفر,18,733,733,100.0,0
/Users/mohameddhiahammami/iCloud Drive (Archive)/www.isie.tn/wp-content/uploads/2024/ListesElecteurs06Juillet2024/الداخل/تونس/0105_الوردية - جبل الجلود/القرجومة.pdf,القرجومة.pdf,تونس,الوردية - جبل الجلود,القرجومة,46,1968,1968,100.0,0
/Users/mohameddhiahammami/iCloud Drive (Archive)/www.isie.tn/wp-content/uploads/2024/ListesElecteurs06Juillet2024/الداخل/تونس/0105_الوردية - جبل الجلود/الوردية.pdf,الوردية.pdf,تونس,الوردية - جبل الجلود,الوردية,379,16608,16608,100.0,0
/Users/mohameddhiahammami/iCloud Drive (Archive)/www.isie.tn/wp-content/uploads/2024/ListesElecteurs06Juillet2024/الداخل/تونس/0105_الوردية - جبل الجلود/بوقطفة.pdf,بوقطفة.pdf,تونس,الوردية - جبل الجلود,بوقطفة,92,3971,3971,100.0,0
/Users/mohameddhiahammami/iCloud Drive (Archive)/www.isie.tn/wp-content/uploads/2024/ListesElecteurs06Juillet2024/الداخل/تونس/0105_الوردية - جبل الجلود/جبل الجلود.pdf,جبل الجلود.pdf,تونس,الوردية - جبل الجلود,جبل الجلود,105,4543,4543,100.0,0
/Users/mohameddhiahammami/iCloud Drive (Archive)/www.isie.tn/wp-content/uploads/2024/ListesElecteurs06Juillet2024/الداخل/تونس/0105_الوردية - جبل الجلود/حي الإزدهار.pdf,حي الإزدهار.pdf,تونس,الوردية - جبل الجلود,حي الإزدهار,94,4069,4069,100.0,0
/Users/mohameddhiahammami/iCloud Drive (Archive)/www.isie.tn/wp-content/uploads/2024/ListesElecteurs06Juillet2024/الداخل/تونس/0105_الوردية - جبل الجلود/حي الفتح.pdf,حي الفتح.pdf,تونس,الوردية - جبل الجلود,حي الفتح,167,7279,7279,100.0,0
/Users/mohameddhiahammami/iCloud Drive (Archive)/www.isie.tn/wp-content/uploads/2024/ListesElecteurs06Juillet2024/الداخل/تونس/0105_الوردية - جبل الجلود/حي محمد علي.pdf,حي محمد علي.pdf,تونس,الوردية - جبل الجلود,حي محمد علي,110,4778,4778,100.0,0
/Users/mohameddhiahammami/iCloud Drive (Archive)/www.isie.tn/wp-content/uploads/2024/ListesElecteurs06Juillet2024/الداخل/تونس/0105_الوردية - جبل الجلود/سيدي بلحسن.pdf,سيدي بلحسن.pdf,تونس,الوردية - جبل الجلود,سيدي بلحسن,84,3609,3609,100.0,0
/Users/mohameddhiahammami/iCloud Drive (Archive)/www.isie.tn/wp-content/uploads/2024/ListesElecteurs06Juillet2024/الداخل/تونس/0105_الوردية - جبل الجلود/سيدي فتح الله.pdf,سيدي فتح الله.pdf,تونس,الوردية - جبل الجلود,سيدي فتح الله,52,2220,2220,100.0,0
/Users/mohameddhiahammami/iCloud Drive (Archive)/www.isie.tn/wp-content/uploads/2024/ListesElecteurs06Juillet2024/الداخل/تونس/0105_الوردية - جبل الجلود/علي باش حانبة.pdf,علي باش حانبة.pdf,تونس,الوردية - جبل الجلود,علي باش حانبة,45,1917,1917,100.0,0
/Users/mohameddhiahammami/iCloud Drive (Archive)/www.isie.tn/wp-content/uploads/2024/ListesElecteurs06Juillet2024/الداخل/تونس/0106_باب البحر - سيدي البشير/أبو القاسم الشابي.pdf,أبو القاسم الشابي.pdf,تونس,باب البحر - سيدي البشير,أبو القاسم الشابي,108,4692,4692,100.0,0
/Users/mohameddhiahammami/iCloud Drive (Archive)/www.isie.tn/wp-content/uploads/2024/ListesElecteurs06Juillet2024/الداخل/تونس/0106_باب البحر - سيدي البشير/الحبيب ثامر.pdf,الحبيب ثامر.pdf,تونس,باب البحر - سيدي البشير,الحبيب ثامر,144,6251,6251,100.0,0
/Users/mohameddhiahammami/iCloud Drive (Archive)/www.isie.tn/wp-content/uploads/2024/ListesElecteurs06Juillet2024/الداخل/تونس/0106_باب البحر - سيدي البشير/الحدائق.pdf,الحدائق.pdf,تونس,باب البحر - سيدي البشير,الحدائق,124,5387,5387,100.0,0
/Users/mohameddhiahammami/iCloud Drive (Archive)/www.isie.tn/wp-content/uploads/2024/ListesElecteurs06Juillet2024/الداخل/تونس/0106_باب البحر - سيدي البشير/السيدة المنوبية.pdf,السيدة المنوبية.pdf,تونس,باب البحر - سيدي البشير,السيدة المنوبية,99,4283,4283,100.0,0
/Users/mohameddhiahammami/iCloud Drive (Archive)/www.isie.tn/wp-content/uploads/2024/ListesElecteurs06Juillet2024/الداخل/تونس/0106_باب البحر - سيدي البشير/الطيب المهيري.pdf,الطيب المهيري.pdf,تونس,باب البحر - سيدي البشير,الطيب المهيري,4,115,0,0.0,0
/Users/mohameddhiahammami/iCloud Drive (Archive)/www.isie.tn/wp-content/uploads/2024/ListesElecteurs06Juillet2024/الداخل/تونس/0106_باب البحر - سيدي البشير/المنجي سليم.pdf,المنجي سليم.pdf,تونس,باب البحر - سيدي البشير,المنجي سليم,9,314,314,100.0,0
/Users/mohameddhiahammami/iCloud Drive (Archive)/www.isie.tn/wp-content/uploads/2024/ListesElecteurs06Juillet2024/الداخل/تونس/0106_باب البحر - سيدي البشير/الهادي شاكر.pdf,الهادي شاكر.pdf,تونس,باب البحر - سيدي البشير,الهادي شاكر,81,3494,3494,100.0,0
/Users/mohameddhiahammami/iCloud Drive (Archive)/www.isie.tn/wp-content/uploads/2024/ListesElecteurs06Juillet2024/الداخل/تونس/0106_باب البحر - سيدي البشير/باب البحر.pdf,باب البحر.pdf,تونس,باب البحر - سيدي البشير,باب البحر,242,10588,10588,100.0,0
/Users/mohameddhiahammami/iCloud Drive (Archive)/www.isie.tn/wp-content/uploads/2024/ListesElecteurs06Juillet2024/الداخل/تونس/0106_باب البحر - سيدي البشير/بحيرة تونس.pdf,بحيرة تونس.pdf,تونس,باب البحر - سيدي البشير,بحيرة تونس,41,1738,1738,100.0,0
/Users/mohameddhiahammami/iCloud Drive (Archive)/www.isie.tn/wp-content/uploads/2024/ListesElecteurs06Juillet2024/الداخل/تونس/0106_باب البحر - سيدي البشير/سيدي البحري.pdf,سيدي البحري.pdf,تونس,باب البحر - سيدي البشير,سيدي البحري,133,5778,5778,100.0,0
/Users/mohameddhiahammami/iCloud Drive (Archive)/www.isie.tn/wp-content/uploads/2024/ListesElecteurs06Juillet2024/الداخل/تونس/0106_باب البحر - سيدي البشير/سيدي البشير.pdf,سيدي البشير.pdf,تونس,باب البحر - سيدي البشير,سيدي البشير,33,1401,1401,100.0,0
/Users/mohameddhiahammami/iCloud Drive (Archive)/www.isie.tn/wp-content/uploads/2024/ListesElecteurs06Juillet2024/الداخل/تونس/0106_باب البحر - سيدي البشير/سيدي منصور.pdf,سيدي منصور.pdf,تونس,باب البحر - سيدي البشير,سيدي منصور,12,469,469,100.0,0
/Users/mohameddhiahammami/iCloud Drive (Archive)/www.isie.tn/wp-content/uploads/2024/ListesElecteurs06Juillet2024/الداخل/تونس/0106_باب البحر - سيدي البشير/فرحات حشاد - (سيدي البشير).pdf,فرحات حشاد - (سيدي البشير).pdf,تونس,باب البحر - سيدي البشير,فرحات حشاد - (سيدي البشير),154,6713,6713,100.0,0
/Users/mohameddhiahammami/iCloud Drive (Archive)/www.isie.tn/wp-content/uploads/2024/ListesElecteurs06Juillet2024/الداخل/تونس/0106_باب البحر - سيدي البشير/معقل الزعيم.pdf,معقل الزعيم.pdf,تونس,باب البحر - سيدي البشير,معقل الزعيم,8,301,301,100.0,0
/Users/mohameddhiahammami/iCloud Drive (Archive)/www.isie.tn/wp-content/uploads/2024/ListesElecteurs06Juillet2024/الداخل/تونس/0211_حلق الوادي/الطيب المهيري.pdf,الطيب المهيري.pdf,تونس,حلق الوادي,الطيب المهيري,519,22782,22782,100.0,0
/Users/mohameddhiahammami/iCloud Drive (Archive)/www.isie.tn/wp-content/uploads/2024/ListesElecteurs06Juillet2024/الداخل/تونس/0211_حلق الوادي/حلق الوادي.pdf,حلق الوادي.pdf,تونس,حلق الوادي,حلق الوادي,217,9478,9478,100.0,0
/Users/mohameddhiahammami/iCloud Drive (Archive)/www.isie.tn/wp-content/uploads/2024/ListesElecteurs06Juillet2024/الداخل/تونس/0211_حلق الوادي/حلق الوادي كازينو.pdf,حلق الوادي كازينو.pdf,تونس,حلق الوادي,حلق الوادي كازينو,13,493,493,100.0,0
/Users/mohameddhiahammami/iCloud Drive (Archive)/www.isie.tn/wp-content/uploads/2024/ListesElecteurs06Juillet2024/الداخل/تونس/0211_حلق الوادي/حي السلامة.pdf,حي السلامة.pdf,تونس,حلق الوادي,حي السلامة,37,1558,1558,100.0,0
/Users/mohameddhiahammami/iCloud Drive (Archive)/www.isie.tn/wp-content/uploads/2024/ListesElecteurs06Juillet2024/الداخل/تونس/0211_حلق الوادي/خير الدين.pdf,خير الدين.pdf,تونس,حلق الوادي,خير الدين,89,3833,3833,100.0,0
/Users/mohameddhiahammami/iCloud Drive (Archive)/www.isie.tn/wp-content/uploads/2024/ListesElecteurs06Juillet2024/الداخل/تونس/0212_حي الخضراء - المنزه/(علي البلهوان - (حي الخضراء.pdf,(علي البلهوان - (حي الخضراء.pdf,تونس,حي الخضراء - المنزه,(علي البلهوان - (حي الخضراء,178,7768,7768,100.0,0
/Users/mohameddhiahammami/iCloud Drive (Archive)/www.isie.tn/wp-content/uploads/2024/ListesElecteurs06Juillet2024/الداخل/تونس/0212_حي الخضراء - المنزه/(فرحات حشاد - (حي الخضراء.pdf,(فرحات حشاد - (حي الخضراء.pdf,تونس,حي الخضراء - المنزه,(فرحات حشاد - (حي الخضراء,87,3743,3743,100.0,0
/Users/mohameddhiahammami/iCloud Drive (Archive)/www.isie.tn/wp-content/uploads/2024/ListesElecteurs06Juillet2024/الداخل/تونس/0212_حي الخضراء - المنزه/البحيرة.pdf,البحيرة.pdf,تونس,حي الخضراء - المنزه,البحيرة,101,4383,4383,100.0,0
/Users/mohameddhiahammami/iCloud Drive (Archive)/www.isie.tn/wp-content/uploads/2024/ListesElecteurs06Juillet2024/الداخل/تونس/0212_حي الخضراء - المنزه/الشرقية.pdf,الشرقية.pdf,تونس,حي الخضراء - المنزه,الشرقية,9,312,312,100.0,0
/Users/mohameddhiahammami/iCloud Drive (Archive)/www.isie.tn/wp-content/uploads/2024/ListesElecteurs06Juillet2024/الداخل/تونس/0212_حي الخضراء - المنزه/الفتح.pdf,الفتح.pdf,تونس,حي الخضراء - المنزه,الفتح,31,1307,1307,100.0,0
/Users/mohameddhiahammami/iCloud Drive (Archive)/www.isie.tn/wp-content/uploads/2024/ListesElecteurs06Juillet2024/الداخل/تونس/0212_حي الخضراء - المنزه/المنار.pdf,المنار.pdf,تونس,حي الخضراء - المنزه,المنار,358,15703,15703,100.0,0
/Users/mohameddhiahammami/iCloud Drive (Archive)/www.isie.tn/wp-content/uploads/2024/ListesElecteurs06Juillet2024/الداخل/تونس/0212_حي الخضراء - المنزه/المنار1.pdf,المنار1.pdf,تونس,حي الخضراء - المنزه,المنار1,141,6141,6141,100.0,0
/Users/mohameddhiahammami/iCloud Drive (Archive)/www.isie.tn/wp-content/uploads/2024/ListesElecteurs06Juillet2024/الداخل/تونس/0212_حي الخضراء - المنزه/المنزه.pdf,المنزه.pdf,تونس,حي الخضراء - المنزه,المنزه,216,9452,9452,100.0,0
/Users/mohameddhiahammami/iCloud Drive (Archive)/www.isie.tn/wp-content/uploads/2024/ListesElecteurs06Juillet2024/الداخل/تونس/0212_حي الخضراء - المنزه/حي الحدائق.pdf,حي الحدائق.pdf,تونس,حي الخضراء - المنزه,حي الحدائق,76,3280,3280,100.0,0
/Users/mohameddhiahammami/iCloud Drive (Archive)/www.isie.tn/wp-content/uploads/2024/ListesElecteurs06Juillet2024/الداخل/تونس/0212_حي الخضراء - المنزه/حي الخضراء.pdf,حي الخضراء.pdf,تونس,حي الخضراء - المنزه,حي الخضراء,176,7692,7692,100.0,0
/Users/mohameddhiahammami/iCloud Drive (Archive)/www.isie.tn/wp-content/uploads/2024/ListesElecteurs06Juillet2024/الداخل/تونس/0212_حي الخضراء - المنزه/حي السلام.pdf,حي السلام.pdf,تونس,حي الخضراء - المنزه,حي السلام,5,151,151,100.0,0
/Users/mohameddhiahammami/iCloud Drive (Archive)/www.isie.tn/wp-content/uploads/2024/ListesElecteurs06Juillet2024/الداخل/تونس/0212_حي الخضراء - المنزه/خير الدين باشا.pdf,خير الدين باشا.pdf,تونس,حي الخضراء - المنزه,خير الدين باشا,11,415,415,100.0,0
/Users/mohameddhiahammami/iCloud Drive (Archive)/www.isie.tn/wp-content/uploads/2024/ListesElecteurs06Juillet2024/الداخل/تونس/0212_حي الخضراء - المنزه/غرة جوان.pdf,غرة جوان.pdf,تونس,حي الخضراء - المنزه,غرة جوان,144,6256,6256,100.0,0
/Users/mohameddhiahammami/iCloud Drive (Archive)/www.isie.tn/wp-content/uploads/2024/ListesElecteurs06Juillet2024/الداخل/تونس/0107_سيدي حسين/14 جانفي.pdf,14 جانفي.pdf,تونس,سيدي حسين,14 جانفي,246,10750,10750,100.0,0
/Users/mohameddhiahammami/iCloud Drive (Archive)/www.isie.tn/wp-content/uploads/2024/ListesElecteurs06Juillet2024/الداخل/تونس/0107_سيدي حسين/20مارس.pdf,20مارس.pdf,تونس,سيدي حسين,20مارس,134,5836,5836,100.0,0
/Users/mohameddhiahammami/iCloud Drive (Archive)/www.isie.tn/wp-content/uploads/2024/ListesElecteurs06Juillet2024/الداخل/تونس/0107_سيدي حسين/25جويلية.pdf,25جويلية.pdf,تونس,سيدي حسين,25جويلية,122,5286,5286,100.0,0
/Users/mohameddhiahammami/iCloud Drive (Archive)/www.isie.tn/wp-content/uploads/2024/ListesElecteurs06Juillet2024/الداخل/تونس/0107_سيدي حسين/الجيارة.pdf,الجيارة.pdf,تونس,سيدي حسين,الجيارة,224,9778,9778,100.0,0
/Users/mohameddhiahammami/iCloud Drive (Archive)/www.isie.tn/wp-content/uploads/2024/ListesElecteurs06Juillet2024/الداخل/تونس/0107_سيدي حسين/برج شاكير.pdf,برج شاكير.pdf,تونس,سيدي حسين,برج شاكير,150,6520,6520,100.0,0
/Users/mohameddhiahammami/iCloud Drive (Archive)/www.isie.tn/wp-content/uploads/2024/ListesElecteurs06Juillet2024/الداخل/تونس/0107_سيدي حسين/بيرين.pdf,بيرين.pdf,تونس,سيدي حسين,بيرين,147,6384,6384,100.0,0
/Users/mohameddhiahammami/iCloud Drive (Archive)/www.isie.tn/wp-content/uploads/2024/ListesElecteurs06Juillet2024/الداخل/تونس/0107_سيدي حسين/سيدي حسين.pdf,سيدي حسين.pdf,تونس,سيدي حسين,سيدي حسين,344,15062,15062,100.0,0
/Users/mohameddhiahammami/iCloud Drive (Archive)/www.isie.tn/wp-content/uploads/2024/ListesElecteurs06Juillet2024/الداخل/تونس/0107_سيدي حسين/عطار.pdf,عطار.pdf,تونس,سيدي حسين,عطار,225,9841,9841,100.0,0
/Users/mohameddhiahammami/iCloud Drive (Archive)/www.isie.tn/wp-content/uploads/2024/ListesElecteurs06Juillet2024/الداخل/تونس/0107_سيدي حسين/مغيرة إنزال.pdf,مغيرة إنزال.pdf,تونس,سيدي حسين,مغيرة إنزال,125,5434,5434,100.0,0
/Users/mohameddhiahammami/iCloud Drive (Archive)/www.isie.tn/wp-content/uploads/2024/ListesElecteurs06Juillet2024/الداخل/تونس/0213_قرطاج - المرسى/أميلكار.pdf,أميلكار.pdf,تونس,قرطاج - المرسى,أميلكار,56,2389,2389,100.0,0
/Users/mohameddhiahammami/iCloud Drive (Archive)/www.isie.tn/wp-content/uploads/2024/ListesElecteurs06Juillet2024/الداخل/تونس/0213_قرطاج - المرسى/البحر الأزرق.pdf,البحر الأزرق.pdf,تونس,قرطاج - المرسى,البحر الأزرق,213,9311,9311,100.0,0
/Users/mohameddhiahammami/iCloud Drive (Archive)/www.isie.tn/wp-content/uploads/2024/ListesElecteurs06Juillet2024/الداخل/تونس/0213_قرطاج - المرسى/الرميلة.pdf,الرميلة.pdf,تونس,قرطاج - المرسى,الرميلة,76,3264,3264,100.0,0
/Users/mohameddhiahammami/iCloud Drive (Archive)/www.isie.tn/wp-content/uploads/2024/ListesElecteurs06Juillet2024/الداخل/تونس/0213_قرطاج - المرسى/المرسى الحدائق.pdf,المرسى الحدائق.pdf,تونس,قرطاج - المرسى,المرسى الحدائق,94,4089,4089,100.0,0
/Users/mohameddhiahammami/iCloud Drive (Archive)/www.isie.tn/wp-content/uploads/2024/ListesElecteurs06Juillet2024/الداخل/تونس/0213_قرطاج - المرسى/المرسى الرياض.pdf,المرسى الرياض.pdf,تونس,قرطاج - المرسى,المرسى الرياض,413,18125,18125,100.0,0
/Users/mohameddhiahammami/iCloud Drive (Archive)/www.isie.tn/wp-content/uploads/2024/ListesElecteurs06Juillet2024/الداخل/تونس/0213_قرطاج - المرسى/المرسى الشاطئ.pdf,المرسى الشاطئ.pdf,تونس,قرطاج - المرسى,المرسى الشاطئ,132,5727,5727,100.0,0
/Users/mohameddhiahammami/iCloud Drive (Archive)/www.isie.tn/wp-content/uploads/2024/ListesElecteurs06Juillet2024/الداخل/تونس/0213_قرطاج - المرسى/المرسى المدينة.pdf,المرسى المدينة.pdf,تونس,قرطاج - المرسى,المرسى المدينة,511,22434,22434,100.0,0
/Users/mohameddhiahammami/iCloud Drive (Archive)/www.isie.tn/wp-content/uploads/2024/ListesElecteurs06Juillet2024/الداخل/تونس/0213_قرطاج - المرسى/المرسى المنتزه.pdf,المرسى المنتزه.pdf,تونس,قرطاج - المرسى,المرسى المنتزه,14,538,538,100.0,0
/Users/mohameddhiahammami/iCloud Drive (Archive)/www.isie.tn/wp-content/uploads/2024/ListesElecteurs06Juillet2024/الداخل/تونس/0213_قرطاج - المرسى/الياسمينة.pdf,الياسمينة.pdf,تونس,قرطاج - المرسى,الياسمينة,142,6202,6202,100.0,0
/Users/mohameddhiahammami/iCloud Drive (Archive)/www.isie.tn/wp-content/uploads/2024/ListesElecteurs06Juillet2024/الداخل/تونس/0213_قرطاج - المرسى/حي محمد علي.pdf,حي محمد علي.pdf,تونس,قرطاج - المرسى,حي محمد علي,58,2478,2478,100.0,0
/Users/mohameddhiahammami/iCloud Drive (Archive)/www.isie.tn/wp-content/uploads/2024/ListesElecteurs06Juillet2024/الداخل/تونس/0213_قرطاج - المرسى/سيدي بوسعيد.pdf,سيدي بوسعيد.pdf,تونس,قرطاج - المرسى,سيدي بوسعيد,107,4627,4627,100.0,0
/Users/mohameddhiahammami/iCloud Drive (Archive)/www.isie.tn/wp-content/uploads/2024/ListesElecteurs06Juillet2024/الداخل/تونس/0213_قرطاج - المرسى/سيدي داود.pdf,سيدي داود.pdf,تونس,قرطاج - المرسى,سيدي داود,212,9256,9256,100.0,0
/Users/mohameddhiahammami/iCloud Drive (Archive)/www.isie.tn/wp-content/uploads/2024/ListesElecteurs06Juillet2024/الداخل/تونس/0213_قرطاج - المرسى/قرطاج الشاطىء.pdf,قرطاج الشاطىء.pdf,تونس,قرطاج - المرسى,قرطاج الشاطىء,85,3689,3689,100.0,0
/Users/mohameddhiahammami/iCloud Drive (Archive)/www.isie.tn/wp-content/uploads/2024/ListesElecteurs06Juillet2024/الداخل/تونس/0213_قرطاج - المرسى/قرطاج بيرصا.pdf,قرطاج بيرصا.pdf,تونس,قرطاج - المرسى,قرطاج بيرصا,234,10218,10218,100.0,0
/Users/mohameddhiahammami/iCloud Drive (Archive)/www.isie.tn/wp-content/uploads/2024/ListesElecteurs06Juillet2024/الداخل/تونس/0213_قرطاج - المرسى/قمرت.pdf,قمرت.pdf,تونس,قرطاج - المرسى,قمرت,210,9179,9179,100.0,0
/Users/mohameddhiahammami/iCloud Drive (Archive)/www.isie.tn/wp-content/uploads/2024/ListesElecteurs06Juillet2024/الداخل/تونس/0213_قرطاج - المرسى/قمرت العليا.pdf,قمرت العليا.pdf,تونس,قرطاج - المرسى,قمرت العليا,14,569,569,100.0,0
/Users/mohameddhiahammami/iCloud Drive (Archive)/www.isie.tn/wp-content/uploads/2024/ListesElecteurs06Juillet2024/الداخل/جندوبة/0601_بوسالم - بلطة بوعوان/البئر الأخضر.pdf,البئر الأخضر.pdf,جندوبة,بوسالم - بلطة بوعوان,البئر الأخضر,78,3388,3388,100.0,0
/Users/mohameddhiahammami/iCloud Drive (Archive)/www.isie.tn/wp-content/uploads/2024/ListesElecteurs06Juillet2024/الداخل/جندوبة/0601_بوسالم - بلطة بوعوان/البراهمي.pdf,البراهمي.pdf,جندوبة,بوسالم - بلطة بوعوان,البراهمي,73,3152,3152,100.0,0
/Users/mohameddhiahammami/iCloud Drive (Archive)/www.isie.tn/wp-content/uploads/2024/ListesElecteurs06Juillet2024/الداخل/جندوبة/0601_بوسالم - بلطة بوعوان/البلدية.pdf,البلدية.pdf,جندوبة,بوسالم - بلطة بوعوان,البلدية,60,2593,2593,100.0,0
/Users/mohameddhiahammami/iCloud Drive (Archive)/www.isie.tn/wp-content/uploads/2024/ListesElecteurs06Juillet2024/الداخل/جندوبة/0601_بوسالم - بلطة بوعوان/الروماني.pdf,الروماني.pdf,جندوبة,بوسالم - بلطة بوعوان,الروماني,44,1881,1881,100.0,0
/Users/mohameddhiahammami/iCloud Drive (Archive)/www.isie.tn/wp-content/uploads/2024/ListesElecteurs06Juillet2024/الداخل/جندوبة/0601_بوسالم - بلطة بوعوان/السمران.pdf,السمران.pdf,جندوبة,بوسالم - بلطة بوعوان,السمران,81,3479,3479,100.0,0
/Users/mohameddhiahammami/iCloud Drive (Archive)/www.isie.tn/wp-content/uploads/2024/ListesElecteurs06Juillet2024/الداخل/جندوبة/0601_بوسالم - بلطة بوعوان/الشواولة.pdf,الشواولة.pdf,جندوبة,بوسالم - بلطة بوعوان,الشواولة,44,1888,1888,100.0,0
/Users/mohameddhiahammami/iCloud Drive (Archive)/www.isie.tn/wp-content/uploads/2024/ListesElecteurs06Juillet2024/الداخل/جندوبة/0601_بوسالم - بلطة بوعوان/العواوضة.pdf,العواوضة.pdf,جندوبة,بوسالم - بلطة بوعوان,العواوضة,60,2569,2569,100.0,0
/Users/mohameddhiahammami/iCloud Drive (Archive)/www.isie.tn/wp-content/uploads/2024/ListesElecteurs06Juillet2024/الداخل/جندوبة/0601_بوسالم - بلطة بوعوان/الكدية.pdf,الكدية.pdf,جندوبة,بوسالم - بلطة بوعوان,الكدية,40,1701,1701,100.0,0
/Users/mohameddhiahammami/iCloud Drive (Archive)/www.isie.tn/wp-content/uploads/2024/ListesElecteurs06Juillet2024/الداخل/جندوبة/0601_بوسالم - بلطة بوعوان/المرجى.pdf,المرجى.pdf,جندوبة,بوسالم - بلطة بوعوان,المرجى,72,3086,3086,100.0,0
/Users/mohameddhiahammami/iCloud Drive (Archive)/www.isie.tn/wp-content/uploads/2024/ListesElecteurs06Juillet2024/الداخل/جندوبة/0601_بوسالم - بلطة بوعوان/المنقوش.pdf,المنقوش.pdf,جندوبة,بوسالم - بلطة بوعوان,المنقوش,75,3235,3235,100.0,0
/Users/mohameddhiahammami/iCloud Drive (Archive)/www.isie.tn/wp-content/uploads/2024/ListesElecteurs06Juillet2024/الداخل/جندوبة/0601_بوسالم - بلطة بوعوان/بلطة.pdf,بلطة.pdf,جندوبة,بوسالم - بلطة بوعوان,بلطة,69,2965,2965,100.0,0
/Users/mohameddhiahammami/iCloud Drive (Archive)/www.isie.tn/wp-content/uploads/2024/ListesElecteurs06Juillet2024/الداخل/جندوبة/0601_بوسالم - بلطة بوعوان/بني محمد.pdf,بني محمد.pdf,جندوبة,بوسالم - بلطة بوعوان,بني محمد,34,1417,1417,100.0,0
/Users/mohameddhiahammami/iCloud Drive (Archive)/www.isie.tn/wp-content/uploads/2024/ListesElecteurs06Juillet2024/الداخل/جندوبة/0601_بوسالم - بلطة بوعوان/بوسالم الجنوبية.pdf,بوسالم الجنوبية.pdf,جندوبة,بوسالم - بلطة بوعوان,بوسالم الجنوبية,55,2350,2350,100.0,0
/Users/mohameddhiahammami/iCloud Drive (Archive)/www.isie.tn/wp-content/uploads/2024/ListesElecteurs06Juillet2024/الداخل/جندوبة/0601_بوسالم - بلطة بوعوان/بوسالم الشمالية.pdf,بوسالم الشمالية.pdf,جندوبة,بوسالم - بلطة بوعوان,بوسالم الشمالية,315,13790,13790,100.0,0
/Users/mohameddhiahammami/iCloud Drive (Archive)/www.isie.tn/wp-content/uploads/2024/ListesElecteurs06Juillet2024/الداخل/جندوبة/0601_بوسالم - بلطة بوعوان/بوعوان.pdf,بوعوان.pdf,جندوبة,بوسالم - بلطة بوعوان,بوعوان,108,4686,4686,100.0,0
/Users/mohameddhiahammami/iCloud Drive (Archive)/www.isie.tn/wp-content/uploads/2024/ListesElecteurs06Juillet2024/الداخل/جندوبة/0601_بوسالم - بلطة بوعوان/بولعابة.pdf,بولعابة.pdf,جندوبة,بوسالم - بلطة بوعوان,بولعابة,45,1897,1897,100.0,0
/Users/mohameddhiahammami/iCloud Drive (Archive)/www.isie.tn/wp-content/uploads/2024/ListesElecteurs06Juillet2024/الداخل/جندوبة/0601_بوسالم - بلطة بوعوان/سيدي عبيد.pdf,سيدي عبيد.pdf,جندوبة,بوسالم - بلطة بوعوان,سيدي عبيد,55,2339,2339,100.0,0
/Users/mohameddhiahammami/iCloud Drive (Archive)/www.isie.tn/wp-content/uploads/2024/ListesElecteurs06Juillet2024/الداخل/جندوبة/0601_بوسالم - بلطة بوعوان/عبد الجبار.pdf,عبد الجبار.pdf,جندوبة,بوسالم - بلطة بوعوان,عبد الجبار,30,1249,1249,100.0,0
/Users/mohameddhiahammami/iCloud Drive (Archive)/www.isie.tn/wp-content/uploads/2024/ListesElecteurs06Juillet2024/الداخل/جندوبة/0601_بوسالم - بلطة بوعوان/عسيلة.pdf,عسيلة.pdf,جندوبة,بوسالم - بلطة بوعوان,عسيلة,74,3185,3185,100.0,0
/Users/mohameddhiahammami/iCloud Drive (Archive)/www.isie.tn/wp-content/uploads/2024/ListesElecteurs06Juillet2024/الداخل/جندوبة/0601_بوسالم - بلطة بوعوان/غزالة.pdf,غزالة.pdf,جندوبة,بوسالم - بلطة بوعوان,غزالة,42,1764,1764,100.0,0
/Users/mohameddhiahammami/iCloud Drive (Archive)/www.isie.tn/wp-content/uploads/2024/ListesElecteurs06Juillet2024/الداخل/جندوبة/0601_بوسالم - بلطة بوعوان/وادي كساب.pdf,وادي كساب.pdf,جندوبة,بوسالم - بلطة بوعوان,وادي كساب,25,1042,1042,100.0,0
/Users/mohameddhiahammami/iCloud Drive (Archive)/www.isie.tn/wp-content/uploads/2024/ListesElecteurs06Juillet2024/الداخل/جندوبة/0602_جندوبة/التطور.pdf,التطور.pdf,جندوبة,جندوبة,التطور,166,7248,7248,100.0,0
/Users/mohameddhiahammami/iCloud Drive (Archive)/www.isie.tn/wp-content/uploads/2024/ListesElecteurs06Juillet2024/الداخل/جندوبة/0602_جندوبة/الجريف.pdf,الجريف.pdf,جندوبة,جندوبة,الجريف,81,3494,3494,100.0,0
/Users/mohameddhiahammami/iCloud Drive (Archive)/www.isie.tn/wp-content/uploads/2024/ListesElecteurs06Juillet2024/الداخل/جندوبة/0602_جندوبة/الزغادية.pdf,الزغادية.pdf,جندوبة,جندوبة,الزغادية,184,8048,8048,100.0,0
/Users/mohameddhiahammami/iCloud Drive (Archive)/www.isie.tn/wp-content/uploads/2024/ListesElecteurs06Juillet2024/الداخل/جندوبة/0602_جندوبة/السعادة.pdf,السعادة.pdf,جندوبة,جندوبة,السعادة,65,2791,2791,100.0,0
/Users/mohameddhiahammami/iCloud Drive (Archive)/www.isie.tn/wp-content/uploads/2024/ListesElecteurs06Juillet2024/الداخل/جندوبة/0602_جندوبة/العزيمة.pdf,العزيمة.pdf,جندوبة,جندوبة,العزيمة,64,2761,2761,100.0,0
/Users/mohameddhiahammami/iCloud Drive (Archive)/www.isie.tn/wp-content/uploads/2024/ListesElecteurs06Juillet2024/الداخل/جندوبة/0602_جندوبة/العيثة.pdf,العيثة.pdf,جندوبة,جندوبة,العيثة,83,3571,3571,100.0,0
/Users/mohameddhiahammami/iCloud Drive (Archive)/www.isie.tn/wp-content/uploads/2024/ListesElecteurs06Juillet2024/الداخل/جندوبة/0602_جندوبة/الملقى.pdf,الملقى.pdf,جندوبة,جندوبة,الملقى,70,3027,3027,100.0,0
/Users/mohameddhiahammami/iCloud Drive (Archive)/www.isie.tn/wp-content/uploads/2024/ListesElecteurs06Juillet2024/الداخل/جندوبة/0602_جندوبة/النور.pdf,النور.pdf,جندوبة,جندوبة,النور,321,14070,14070,100.0,0
/Users/mohameddhiahammami/iCloud Drive (Archive)/www.isie.tn/wp-content/uploads/2024/ListesElecteurs06Juillet2024/الداخل/جندوبة/0602_جندوبة/جندوبة الجنوبية.pdf,جندوبة الجنوبية.pdf,جندوبة,جندوبة,جندوبة الجنوبية,287,12560,12560,100.0,0
/Users/mohameddhiahammami/iCloud Drive (Archive)/www.isie.tn/wp-content/uploads/2024/ListesElecteurs06Juillet2024/الداخل/جندوبة/0602_جندوبة/سوق السبت.pdf,سوق السبت.pdf,جندوبة,جندوبة,سوق السبت,96,4141,4141,100.0,0
/Users/mohameddhiahammami/iCloud Drive (Archive)/www.isie.tn/wp-content/uploads/2024/ListesElecteurs06Juillet2024/الداخل/جندوبة/0602_جندوبة/عين كريمة.pdf,عين كريمة.pdf,جندوبة,جندوبة,عين كريمة,36,1503,1503,100.0,0
/Users/mohameddhiahammami/iCloud Drive (Archive)/www.isie.tn/wp-content/uploads/2024/ListesElecteurs06Juillet2024/الداخل/جندوبة/0602_جندوبة/معلة.pdf,معلة.pdf,جندوبة,جندوبة,معلة,19,785,785,100.0,0
/Users/mohameddhiahammami/iCloud Drive (Archive)/www.isie.tn/wp-content/uploads/2024/ListesElecteurs06Juillet2024/الداخل/جندوبة/0603_جندوبة الشمالية - فرنانة/أولاد مفدة.pdf,أولاد مفدة.pdf,جندوبة,جندوبة الشمالية - فرنانة,أولاد مفدة,68,2936,2936,100.0,0
/Users/mohameddhiahammami/iCloud Drive (Archive)/www.isie.tn/wp-content/uploads/2024/ListesElecteurs06Juillet2024/الداخل/جندوبة/0603_جندوبة الشمالية - فرنانة/الجواودة.pdf,الجواودة.pdf,جندوبة,جندوبة الشمالية - فرنانة,الجواودة,62,2664,2664,100.0,0
/Users/mohameddhiahammami/iCloud Drive (Archive)/www.isie.tn/wp-content/uploads/2024/ListesElecteurs06Juillet2024/الداخل/جندوبة/0603_جندوبة الشمالية - فرنانة/الخضراء.pdf,الخضراء.pdf,جندوبة,جندوبة الشمالية - فرنانة,الخضراء,54,2307,2307,100.0,0
/Users/mohameddhiahammami/iCloud Drive (Archive)/www.isie.tn/wp-content/uploads/2024/ListesElecteurs06Juillet2024/الداخل/جندوبة/0603_جندوبة الشمالية - فرنانة/الدير.pdf,الدير.pdf,جندوبة,جندوبة الشمالية - فرنانة,الدير,44,1872,1872,100.0,0
/Users/mohameddhiahammami/iCloud Drive (Archive)/www.isie.tn/wp-content/uploads/2024/ListesElecteurs06Juillet2024/الداخل/جندوبة/0603_جندوبة الشمالية - فرنانة/الزهور.pdf,الزهور.pdf,جندوبة,جندوبة الشمالية - فرنانة,الزهور,39,1654,1654,100.0,0
/Users/mohameddhiahammami/iCloud Drive (Archive)/www.isie.tn/wp-content/uploads/2024/ListesElecteurs06Juillet2024/الداخل/جندوبة/0603_جندوبة الشمالية - فرنانة/السواني.pdf,السواني.pdf,جندوبة,جندوبة الشمالية - فرنانة,السواني,66,2828,2828,100.0,0
/Users/mohameddhiahammami/iCloud Drive (Archive)/www.isie.tn/wp-content/uploads/2024/ListesElecteurs06Juillet2024/الداخل/جندوبة/0603_جندوبة الشمالية - فرنانة/العاذر.pdf,العاذر.pdf,جندوبة,جندوبة الشمالية - فرنانة,العاذر,46,1944,1944,100.0,0
/Users/mohameddhiahammami/iCloud Drive (Archive)/www.isie.tn/wp-content/uploads/2024/ListesElecteurs06Juillet2024/الداخل/جندوبة/0603_جندوبة الشمالية - فرنانة/الفردوس.pdf,الفردوس.pdf,جندوبة,جندوبة الشمالية - فرنانة,الفردوس,249,10911,10911,100.0,0
/Users/mohameddhiahammami/iCloud Drive (Archive)/www.isie.tn/wp-content/uploads/2024/ListesElecteurs06Juillet2024/الداخل/جندوبة/0603_جندوبة الشمالية - فرنانة/القوايدية.pdf,القوايدية.pdf,جندوبة,جندوبة الشمالية - فرنانة,القوايدية,53,2246,2246,100.0,0
/Users/mohameddhiahammami/iCloud Drive (Archive)/www.isie.tn/wp-content/uploads/2024/ListesElecteurs06Juillet2024/الداخل/جندوبة/0603_جندوبة الشمالية - فرنانة/الهادي بن حسين.pdf,الهادي بن حسين.pdf,جندوبة,جندوبة الشمالية - فرنانة,الهادي بن حسين,104,4494,4494,100.0,0
/Users/mohameddhiahammami/iCloud Drive (Archive)/www.isie.tn/wp-content/uploads/2024/ListesElecteurs06Juillet2024/الداخل/جندوبة/0603_جندوبة الشمالية - فرنانة/بلاريجيا.pdf,بلاريجيا.pdf,جندوبة,جندوبة الشمالية - فرنانة,بلاريجيا,92,3969,3969,100.0,0
/Users/mohameddhiahammami/iCloud Drive (Archive)/www.isie.tn/wp-content/uploads/2024/ListesElecteurs06Juillet2024/الداخل/جندوبة/0603_جندوبة الشمالية - فرنانة/بني مطير.pdf,بني مطير.pdf,جندوبة,جندوبة الشمالية - فرنانة,بني مطير,20,823,823,100.0,0
/Users/mohameddhiahammami/iCloud Drive (Archive)/www.isie.tn/wp-content/uploads/2024/ListesElecteurs06Juillet2024/الداخل/جندوبة/0603_جندوبة الشمالية - فرنانة/بوهرتمة.pdf,بوهرتمة.pdf,جندوبة,جندوبة الشمالية - فرنانة,بوهرتمة,49,2076,2076,100.0,0
/Users/mohameddhiahammami/iCloud Drive (Archive)/www.isie.tn/wp-content/uploads/2024/ListesElecteurs06Juillet2024/الداخل/جندوبة/0603_جندوبة الشمالية - فرنانة/حليمة.pdf,حليمة.pdf,جندوبة,جندوبة الشمالية - فرنانة,حليمة,75,3241,3241,100.0,0
/Users/mohameddhiahammami/iCloud Drive (Archive)/www.isie.tn/wp-content/uploads/2024/ListesElecteurs06Juillet2024/الداخل/جندوبة/0603_جندوبة الشمالية - فرنانة/ربيعة.pdf,ربيعة.pdf,جندوبة,جندوبة الشمالية - فرنانة,ربيعة,44,1860,1860,100.0,0
/Users/mohameddhiahammami/iCloud Drive (Archive)/www.isie.tn/wp-content/uploads/2024/ListesElecteurs06Juillet2024/الداخل/جندوبة/0603_جندوبة الشمالية - فرنانة/زطفورة.pdf,زطفورة.pdf,جندوبة,جندوبة الشمالية - فرنانة,زطفورة,84,3652,3652,100.0,0
/Users/mohameddhiahammami/iCloud Drive (Archive)/www.isie.tn/wp-content/uploads/2024/ListesElecteurs06Juillet2024/الداخل/جندوبة/0603_جندوبة الشمالية - فرنانة/سوق الجمعة.pdf,سوق الجمعة.pdf,جندوبة,جندوبة الشمالية - فرنانة,سوق الجمعة,62,2663,2663,100.0,0
/Users/mohameddhiahammami/iCloud Drive (Archive)/www.isie.tn/wp-content/uploads/2024/ListesElecteurs06Juillet2024/الداخل/جندوبة/0603_جندوبة الشمالية - فرنانة/سيدي عمار.pdf,سيدي عمار.pdf,جندوبة,جندوبة الشمالية - فرنانة,سيدي عمار,40,1677,1677,100.0,0
/Users/mohameddhiahammami/iCloud Drive (Archive)/www.isie.tn/wp-content/uploads/2024/ListesElecteurs06Juillet2024/الداخل/جندوبة/0603_جندوبة الشمالية - فرنانة/شمتو.pdf,شمتو.pdf,جندوبة,جندوبة الشمالية - فرنانة,شمتو,59,2511,2511,100.0,0
/Users/mohameddhiahammami/iCloud Drive (Archive)/www.isie.tn/wp-content/uploads/2024/ListesElecteurs06Juillet2024/الداخل/جندوبة/0603_جندوبة الشمالية - فرنانة/عين البية.pdf,عين البية.pdf,جندوبة,جندوبة الشمالية - فرنانة,عين البية,65,2779,2779,100.0,0
/Users/mohameddhiahammami/iCloud Drive (Archive)/www.isie.tn/wp-content/uploads/2024/ListesElecteurs06Juillet2024/الداخل/جندوبة/0603_جندوبة الشمالية - فرنانة/فرنانة.pdf,فرنانة.pdf,جندوبة,جندوبة الشمالية - فرنانة,فرنانة,236,10318,10318,100.0,0
/Users/mohameddhiahammami/iCloud Drive (Archive)/www.isie.tn/wp-content/uploads/2024/ListesElecteurs06Juillet2024/الداخل/جندوبة/0603_جندوبة الشمالية - فرنانة/قلوب الثيران.pdf,قلوب الثيران.pdf,جندوبة,جندوبة الشمالية - فرنانة,قلوب الثيران,56,2393,2393,100.0,0
/Users/mohameddhiahammami/iCloud Drive (Archive)/www.isie.tn/wp-content/uploads/2024/ListesElecteurs06Juillet2024/الداخل/جندوبة/0603_جندوبة الشمالية - فرنانة/قلوب الثيران الشمالية.pdf,قلوب الثيران الشمالية.pdf,جندوبة,جندوبة الشمالية - فرنانة,قلوب الثيران الشمالية,46,1939,1939,100.0,0
/Users/mohameddhiahammami/iCloud Drive (Archive)/www.isie.tn/wp-content/uploads/2024/ListesElecteurs06Juillet2024/الداخل/جندوبة/0603_جندوبة الشمالية - فرنانة/هذيل.pdf,هذيل.pdf,جندوبة,جندوبة الشمالية - فرنانة,هذيل,44,1868,1868,100.0,0
/Users/mohameddhiahammami/iCloud Drive (Archive)/www.isie.tn/wp-content/uploads/2024/ListesElecteurs06Juillet2024/الداخل/جندوبة/0603_جندوبة الشمالية - فرنانة/وادي غريب.pdf,وادي غريب.pdf,جندوبة,جندوبة الشمالية - فرنانة,وادي غريب,97,4213,4213,100.0,0
/Users/mohameddhiahammami/iCloud Drive (Archive)/www.isie.tn/wp-content/uploads/2024/ListesElecteurs06Juillet2024/الداخل/جندوبة/0604_طبرقة - عين دراهم/أولاد سدرة.pdf,أولاد سدرة.pdf,جندوبة,طبرقة - عين دراهم,أولاد سدرة,60,2559,2559,100.0,0
/Users/mohameddhiahammami/iCloud Drive (Archive)/www.isie.tn/wp-content/uploads/2024/ListesElecteurs06Juillet2024/الداخل/جندوبة/0604_طبرقة - عين دراهم/التباينية.pdf,التباينية.pdf,جندوبة,طبرقة - عين دراهم,التباينية,51,2162,2162,100.0,0
/Users/mohameddhiahammami/iCloud Drive (Archive)/www.isie.tn/wp-content/uploads/2024/ListesElecteurs06Juillet2024/الداخل/جندوبة/0604_طبرقة - عين دراهم/الحامدية.pdf,الحامدية.pdf,جندوبة,طبرقة - عين دراهم,الحامدية,162,7061,7061,100.0,0
/Users/mohameddhiahammami/iCloud Drive (Archive)/www.isie.tn/wp-content/uploads/2024/ListesElecteurs06Juillet2024/الداخل/جندوبة/0604_طبرقة - عين دراهم/الحمام.pdf,الحمام.pdf,جندوبة,طبرقة - عين دراهم,الحمام,56,2392,2392,100.0,0
/Users/mohameddhiahammami/iCloud Drive (Archive)/www.isie.tn/wp-content/uploads/2024/ListesElecteurs06Juillet2024/الداخل/جندوبة/0604_طبرقة - عين دراهم/الحمران.pdf,الحمران.pdf,جندوبة,طبرقة - عين دراهم,الحمران,26,1062,1062,100.0,0
/Users/mohameddhiahammami/iCloud Drive (Archive)/www.isie.tn/wp-content/uploads/2024/ListesElecteurs06Juillet2024/الداخل/جندوبة/0604_طبرقة - عين دراهم/الخمايرية.pdf,الخمايرية.pdf,جندوبة,طبرقة - عين دراهم,الخمايرية,89,3869,3869,100.0,0
/Users/mohameddhiahammami/iCloud Drive (Archive)/www.isie.tn/wp-content/uploads/2024/ListesElecteurs06Juillet2024/الداخل/جندوبة/0604_طبرقة - عين دراهم/الرويعي.pdf,الرويعي.pdf,جندوبة,طبرقة - عين دراهم,الرويعي,60,2578,2578,100.0,0
/Users/mohameddhiahammami/iCloud Drive (Archive)/www.isie.tn/wp-content/uploads/2024/ListesElecteurs06Juillet2024/الداخل/جندوبة/0604_طبرقة - عين دراهم/الريحان.pdf,الريحان.pdf,جندوبة,طبرقة - عين دراهم,الريحان,158,6866,6866,100.0,0
/Users/mohameddhiahammami/iCloud Drive (Archive)/www.isie.tn/wp-content/uploads/2024/ListesElecteurs06Juillet2024/الداخل/جندوبة/0604_طبرقة - عين دراهم/العطاطفة.pdf,العطاطفة.pdf,جندوبة,طبرقة - عين دراهم,العطاطفة,53,2285,2285,100.0,0
/Users/mohameddhiahammami/iCloud Drive (Archive)/www.isie.tn/wp-content/uploads/2024/ListesElecteurs06Juillet2024/الداخل/جندوبة/0604_طبرقة - عين دراهم/الناظور.pdf,الناظور.pdf,جندوبة,طبرقة - عين دراهم,الناظور,79,3399,3399,100.0,0
/Users/mohameddhiahammami/iCloud Drive (Archive)/www.isie.tn/wp-content/uploads/2024/ListesElecteurs06Juillet2024/الداخل/جندوبة/0604_طبرقة - عين دراهم/تاقمة.pdf,تاقمة.pdf,جندوبة,طبرقة - عين دراهم,تاقمة,45,1935,1935,100.0,0
/Users/mohameddhiahammami/iCloud Drive (Archive)/www.isie.tn/wp-content/uploads/2024/ListesElecteurs06Juillet2024/الداخل/جندوبة/0604_طبرقة - عين دراهم/سلول.pdf,سلول.pdf,جندوبة,طبرقة - عين دراهم,سلول,53,2254,2254,100.0,0
/Users/mohameddhiahammami/iCloud Drive (Archive)/www.isie.tn/wp-content/uploads/2024/ListesElecteurs06Juillet2024/الداخل/جندوبة/0604_طبرقة - عين دراهم/طبرقة.pdf,طبرقة.pdf,جندوبة,طبرقة - عين دراهم,طبرقة,340,14888,14888,100.0,0
/Users/mohameddhiahammami/iCloud Drive (Archive)/www.isie.tn/wp-content/uploads/2024/ListesElecteurs06Juillet2024/الداخل/جندوبة/0604_طبرقة - عين دراهم/عين السنوسي.pdf,عين السنوسي.pdf,جندوبة,طبرقة - عين دراهم,عين السنوسي,37,1574,1574,100.0,0
/Users/mohameddhiahammami/iCloud Drive (Archive)/www.isie.tn/wp-content/uploads/2024/ListesElecteurs06Juillet2024/الداخل/جندوبة/0604_طبرقة - عين دراهم/عين الصبح.pdf,عين الصبح.pdf,جندوبة,طبرقة - عين دراهم,عين الصبح,129,5615,5615,100.0,0
/Users/mohameddhiahammami/iCloud Drive (Archive)/www.isie.tn/wp-content/uploads/2024/ListesElecteurs06Juillet2024/الداخل/جندوبة/0604_طبرقة - عين دراهم/عين دراهم الأحواز.pdf,عين دراهم الأحواز.pdf,جندوبة,طبرقة - عين دراهم,عين دراهم الأحواز,48,2028,2028,100.0,0
/Users/mohameddhiahammami/iCloud Drive (Archive)/www.isie.tn/wp-content/uploads/2024/ListesElecteurs06Juillet2024/الداخل/جندوبة/0604_طبرقة - عين دراهم/عين دراهم المدينة.pdf,عين دراهم المدينة.pdf,جندوبة,طبرقة - عين دراهم,عين دراهم المدينة,206,8981,8981,100.0,0
/Users/mohameddhiahammami/iCloud Drive (Archive)/www.isie.tn/wp-content/uploads/2024/ListesElecteurs06Juillet2024/الداخل/جندوبة/0604_طبرقة - عين دراهم/عين سلام.pdf,عين سلام.pdf,جندوبة,طبرقة - عين دراهم,عين سلام,24,1007,1007,100.0,0
/Users/mohameddhiahammami/iCloud Drive (Archive)/www.isie.tn/wp-content/uploads/2024/ListesElecteurs06Juillet2024/الداخل/جندوبة/0604_طبرقة - عين دراهم/ملولة.pdf,ملولة.pdf,جندوبة,طبرقة - عين دراهم,ملولة,24,1001,1001,100.0,0
/Users/mohameddhiahammami/iCloud Drive (Archive)/www.isie.tn/wp-content/uploads/2024/ListesElecteurs06Juillet2024/الداخل/جندوبة/0604_طبرقة - عين دراهم/وادي الزان.pdf,وادي الزان.pdf,جندوبة,طبرقة - عين دراهم,وادي الزان,20,825,825,100.0,0
/Users/mohameddhiahammami/iCloud Drive (Archive)/www.isie.tn/wp-content/uploads/2024/ListesElecteurs06Juillet2024/الداخل/جندوبة/0605_غار الدماء - وادي مليز/الدخايلية.pdf,الدخايلية.pdf,جندوبة,غار الدماء - وادي مليز,الدخايلية,86,3707,3707,100.0,0
/Users/mohameddhiahammami/iCloud Drive (Archive)/www.isie.tn/wp-content/uploads/2024/ListesElecteurs06Juillet2024/الداخل/جندوبة/0605_غار الدماء - وادي مليز/الدورة.pdf,الدورة.pdf,جندوبة,غار الدماء - وادي مليز,الدورة,121,5275,5275,100.0,0
/Users/mohameddhiahammami/iCloud Drive (Archive)/www.isie.tn/wp-content/uploads/2024/ListesElecteurs06Juillet2024/الداخل/جندوبة/0605_غار الدماء - وادي مليز/الرخاء.pdf,الرخاء.pdf,جندوبة,غار الدماء - وادي مليز,الرخاء,65,2776,2776,100.0,0
/Users/mohameddhiahammami/iCloud Drive (Archive)/www.isie.tn/wp-content/uploads/2024/ListesElecteurs06Juillet2024/الداخل/جندوبة/0605_غار الدماء - وادي مليز/الصرية.pdf,الصرية.pdf,جندوبة,غار الدماء - وادي مليز,الصرية,107,4660,4660,100.0,0
/Users/mohameddhiahammami/iCloud Drive (Archive)/www.isie.tn/wp-content/uploads/2024/ListesElecteurs06Juillet2024/الداخل/جندوبة/0605_غار الدماء - وادي مليز/القلعة.pdf,القلعة.pdf,جندوبة,غار الدماء - وادي مليز,القلعة,138,5986,5986,100.0,0
/Users/mohameddhiahammami/iCloud Drive (Archive)/www.isie.tn/wp-content/uploads/2024/ListesElecteurs06Juillet2024/الداخل/جندوبة/0605_غار الدماء - وادي مليز/المراسن.pdf,المراسن.pdf,جندوبة,غار الدماء - وادي مليز,المراسن,93,4038,4038,100.0,0
/Users/mohameddhiahammami/iCloud Drive (Archive)/www.isie.tn/wp-content/uploads/2024/ListesElecteurs06Juillet2024/الداخل/جندوبة/0605_غار الدماء - وادي مليز/المعدن.pdf,المعدن.pdf,جندوبة,غار الدماء - وادي مليز,المعدن,76,3257,3257,100.0,0
/Users/mohameddhiahammami/iCloud Drive (Archive)/www.isie.tn/wp-content/uploads/2024/ListesElecteurs06Juillet2024/الداخل/جندوبة/0605_غار الدماء - وادي مليز/حكيم الجنوبية.pdf,حكيم الجنوبية.pdf,جندوبة,غار الدماء - وادي مليز,حكيم الجنوبية,83,3581,3581,100.0,0
/Users/mohameddhiahammami/iCloud Drive (Archive)/www.isie.tn/wp-content/uploads/2024/ListesElecteurs06Juillet2024/الداخل/جندوبة/0605_غار الدماء - وادي مليز/حكيم الشمالية.pdf,حكيم الشمالية.pdf,جندوبة,غار الدماء - وادي مليز,حكيم الشمالية,17,674,674,100.0,0
/Users/mohameddhiahammami/iCloud Drive (Archive)/www.isie.tn/wp-content/uploads/2024/ListesElecteurs06Juillet2024/الداخل/جندوبة/0605_غار الدماء - وادي مليز/عين سلطان.pdf,عين سلطان.pdf,جندوبة,غار الدماء - وادي مليز,عين سلطان,66,2845,2845,100.0,0
/Users/mohameddhiahammami/iCloud Drive (Archive)/www.isie.tn/wp-content/uploads/2024/ListesElecteurs06Juillet2024/الداخل/جندوبة/0605_غار الدماء - وادي مليز/غار الدماء.pdf,غار الدماء.pdf,جندوبة,غار الدماء - وادي مليز,غار الدماء,437,19151,19151,100.0,0
/Users/mohameddhiahammami/iCloud Drive (Archive)/www.isie.tn/wp-content/uploads/2024/ListesElecteurs06Juillet2024/الداخل/جندوبة/0605_غار الدماء - وادي مليز/غار الدماء الشمالية.pdf,غار الدماء الشمالية.pdf,جندوبة,غار الدماء - وادي مليز,غار الدماء الشمالية,44,1870,1870,100.0,0
/Users/mohameddhiahammami/iCloud Drive (Archive)/www.isie.tn/wp-content/uploads/2024/ListesElecteurs06Juillet2024/الداخل/جندوبة/0605_غار الدماء - وادي مليز/فج حسين.pdf,فج حسين.pdf,جندوبة,غار الدماء - وادي مليز,فج حسين,32,1355,1355,100.0,0
/Users/mohameddhiahammami/iCloud Drive (Archive)/www.isie.tn/wp-content/uploads/2024/ListesElecteurs06Juillet2024/الداخل/جندوبة/0605_غار الدماء - وادي مليز/فرقصان.pdf,فرقصان.pdf,جندوبة,غار الدماء - وادي مليز,فرقصان,61,2624,2624,100.0,0
/Users/mohameddhiahammami/iCloud Drive (Archive)/www.isie.tn/wp-content/uploads/2024/ListesElecteurs06Juillet2024/الداخل/جندوبة/0605_غار الدماء - وادي مليز/وادي مليز الشرقية.pdf,وادي مليز الشرقية.pdf,جندوبة,غار الدماء - وادي مليز,وادي مليز الشرقية,144,6249,6249,100.0,0
/Users/mohameddhiahammami/iCloud Drive (Archive)/www.isie.tn/wp-content/uploads/2024/ListesElecteurs06Juillet2024/الداخل/جندوبة/0605_غار الدماء - وادي مليز/وادي مليز الغربية.pdf,وادي مليز الغربية.pdf,جندوبة,غار الدماء - وادي مليز,وادي مليز الغربية,34,1444,1444,100.0,0
/Users/mohameddhiahammami/iCloud Drive (Archive)/www.isie.tn/wp-content/uploads/2024/ListesElecteurs06Juillet2024/الداخل/جندوبة/0605_غار الدماء - وادي مليز/وشتاتة.pdf,وشتاتة.pdf,جندوبة,غار الدماء - وادي مليز,وشتاتة,71,3050,3050,100.0,0
/Users/mohameddhiahammami/iCloud Drive (Archive)/www.isie.tn/wp-content/uploads/2024/ListesElecteurs06Juillet2024/الداخل/زغوان/1301_الناظور - صواف/الحميرة.pdf,الحميرة.pdf,زغوان,الناظور - صواف,الحميرة,34,1429,1429,100.0,0
/Users/mohameddhiahammami/iCloud Drive (Archive)/www.isie.tn/wp-content/uploads/2024/ListesElecteurs06Juillet2024/الداخل/زغوان/1301_الناظور - صواف/الدغافلة الشرقية.pdf,الدغافلة الشرقية.pdf,زغوان,الناظور - صواف,الدغافلة الشرقية,49,2092,2092,100.0,0
/Users/mohameddhiahammami/iCloud Drive (Archive)/www.isie.tn/wp-content/uploads/2024/ListesElecteurs06Juillet2024/الداخل/زغوان/1301_الناظور - صواف/الدغافلة الغربية.pdf,الدغافلة الغربية.pdf,زغوان,الناظور - صواف,الدغافلة الغربية,25,1043,1043,100.0,0
/Users/mohameddhiahammami/iCloud Drive (Archive)/www.isie.tn/wp-content/uploads/2024/ListesElecteurs06Juillet2024/الداخل/زغوان/1301_الناظور - صواف/الناظور.pdf,الناظور.pdf,زغوان,الناظور - صواف,الناظور,239,10429,10429,100.0,0
/Users/mohameddhiahammami/iCloud Drive (Archive)/www.isie.tn/wp-content/uploads/2024/ListesElecteurs06Juillet2024/الداخل/زغوان/1301_الناظور - صواف/بئر الشاوش.pdf,بئر الشاوش.pdf,زغوان,الناظور - صواف,بئر الشاوش,112,4863,4863,100.0,0
/Users/mohameddhiahammami/iCloud Drive (Archive)/www.isie.tn/wp-content/uploads/2024/ListesElecteurs06Juillet2024/الداخل/زغوان/1301_الناظور - صواف/سوغاس.pdf,سوغاس.pdf,زغوان,الناظور - صواف,سوغاس,91,3917,3917,100.0,0
/Users/mohameddhiahammami/iCloud Drive (Archive)/www.isie.tn/wp-content/uploads/2024/ListesElecteurs06Juillet2024/الداخل/زغوان/1301_الناظور - صواف/صوار.pdf,صوار.pdf,زغوان,الناظور - صواف,صوار,37,1561,1561,100.0,0
/Users/mohameddhiahammami/iCloud Drive (Archive)/www.isie.tn/wp-content/uploads/2024/ListesElecteurs06Juillet2024/الداخل/زغوان/1301_الناظور - صواف/صواف الشرقية.pdf,صواف الشرقية.pdf,زغوان,الناظور - صواف,صواف الشرقية,70,3036,3036,100.0,0
/Users/mohameddhiahammami/iCloud Drive (Archive)/www.isie.tn/wp-content/uploads/2024/ListesElecteurs06Juillet2024/الداخل/زغوان/1301_الناظور - صواف/صواف الغربية.pdf,صواف الغربية.pdf,زغوان,الناظور - صواف,صواف الغربية,59,2510,2510,100.0,0
/Users/mohameddhiahammami/iCloud Drive (Archive)/www.isie.tn/wp-content/uploads/2024/ListesElecteurs06Juillet2024/الداخل/زغوان/1301_الناظور - صواف/عين البطوم.pdf,عين البطوم.pdf,زغوان,الناظور - صواف,عين البطوم,118,5128,5128,100.0,0
/Users/mohameddhiahammami/iCloud Drive (Archive)/www.isie.tn/wp-content/uploads/2024/ListesElecteurs06Juillet2024/الداخل/زغوان/1302_بئر مشارقة - الفحص/أحواز الفحص.pdf,أحواز الفحص.pdf,زغوان,بئر مشارقة - الفحص,أحواز الفحص,302,13201,13201,100.0,0
/Users/mohameddhiahammami/iCloud Drive (Archive)/www.isie.tn/wp-content/uploads/2024/ListesElecteurs06Juillet2024/الداخل/زغوان/1302_بئر مشارقة - الفحص/أم الأبواب.pdf,أم الأبواب.pdf,زغوان,بئر مشارقة - الفحص,أم الأبواب,33,1385,1385,100.0,0
/Users/mohameddhiahammami/iCloud Drive (Archive)/www.isie.tn/wp-content/uploads/2024/ListesElecteurs06Juillet2024/الداخل/زغوان/1302_بئر مشارقة - الفحص/أولاد الزوابي.pdf,أولاد الزوابي.pdf,زغوان,بئر مشارقة - الفحص,أولاد الزوابي,9,317,317,100.0,0
/Users/mohameddhiahammami/iCloud Drive (Archive)/www.isie.tn/wp-content/uploads/2024/ListesElecteurs06Juillet2024/الداخل/زغوان/1302_بئر مشارقة - الفحص/الدروع.pdf,الدروع.pdf,زغوان,بئر مشارقة - الفحص,الدروع,41,1725,1725,100.0,0
/Users/mohameddhiahammami/iCloud Drive (Archive)/www.isie.tn/wp-content/uploads/2024/ListesElecteurs06Juillet2024/الداخل/زغوان/1302_بئر مشارقة - الفحص/العمايم الجنوبية.pdf,العمايم الجنوبية.pdf,زغوان,بئر مشارقة - الفحص,العمايم الجنوبية,60,2568,2568,100.0,0
/Users/mohameddhiahammami/iCloud Drive (Archive)/www.isie.tn/wp-content/uploads/2024/ListesElecteurs06Juillet2024/الداخل/زغوان/1302_بئر مشارقة - الفحص/العمايم الشمالية.pdf,العمايم الشمالية.pdf,زغوان,بئر مشارقة - الفحص,العمايم الشمالية,54,2301,2301,100.0,0
/Users/mohameddhiahammami/iCloud Drive (Archive)/www.isie.tn/wp-content/uploads/2024/ListesElecteurs06Juillet2024/الداخل/زغوان/1302_بئر مشارقة - الفحص/الغريفات.pdf,الغريفات.pdf,زغوان,بئر مشارقة - الفحص,الغريفات,62,2664,2664,100.0,0
/Users/mohameddhiahammami/iCloud Drive (Archive)/www.isie.tn/wp-content/uploads/2024/ListesElecteurs06Juillet2024/الداخل/زغوان/1302_بئر مشارقة - الفحص/الفحص.pdf,الفحص.pdf,زغوان,بئر مشارقة - الفحص,الفحص,212,9269,9269,100.0,0
/Users/mohameddhiahammami/iCloud Drive (Archive)/www.isie.tn/wp-content/uploads/2024/ListesElecteurs06Juillet2024/الداخل/زغوان/1302_بئر مشارقة - الفحص/بئر مشارقة.pdf,بئر مشارقة.pdf,زغوان,بئر مشارقة - الفحص,بئر مشارقة,129,5629,5629,100.0,0
/Users/mohameddhiahammami/iCloud Drive (Archive)/www.isie.tn/wp-content/uploads/2024/ListesElecteurs06Juillet2024/الداخل/زغوان/1302_بئر مشارقة - الفحص/بئر مشارقة المحطة.pdf,بئر مشارقة المحطة.pdf,زغوان,بئر مشارقة - الفحص,بئر مشارقة المحطة,43,1846,1846,100.0,0
/Users/mohameddhiahammami/iCloud Drive (Archive)/www.isie.tn/wp-content/uploads/2024/ListesElecteurs06Juillet2024/الداخل/زغوان/1302_بئر مشارقة - الفحص/بئر مقرة.pdf,بئر مقرة.pdf,زغوان,بئر مشارقة - الفحص,بئر مقرة,24,972,972,100.0,0
/Users/mohameddhiahammami/iCloud Drive (Archive)/www.isie.tn/wp-content/uploads/2024/ListesElecteurs06Juillet2024/الداخل/زغوان/1302_بئر مشارقة - الفحص/بنت سعيدان.pdf,بنت سعيدان.pdf,زغوان,بئر مشارقة - الفحص,بنت سعيدان,38,1601,1601,100.0,0
/Users/mohameddhiahammami/iCloud Drive (Archive)/www.isie.tn/wp-content/uploads/2024/ListesElecteurs06Juillet2024/الداخل/زغوان/1302_بئر مشارقة - الفحص/بوشة.pdf,بوشة.pdf,زغوان,بئر مشارقة - الفحص,بوشة,20,794,794,100.0,0
/Users/mohameddhiahammami/iCloud Drive (Archive)/www.isie.tn/wp-content/uploads/2024/ListesElecteurs06Juillet2024/الداخل/زغوان/1302_بئر مشارقة - الفحص/تليل الصالحي.pdf,تليل الصالحي.pdf,زغوان,بئر مشارقة - الفحص,تليل الصالحي,23,930,930,100.0,0
/Users/mohameddhiahammami/iCloud Drive (Archive)/www.isie.tn/wp-content/uploads/2024/ListesElecteurs06Juillet2024/الداخل/زغوان/1302_بئر مشارقة - الفحص/جبل الوسط.pdf,جبل الوسط.pdf,زغوان,بئر مشارقة - الفحص,جبل الوسط,106,4596,4596,100.0,0
/Users/mohameddhiahammami/iCloud Drive (Archive)/www.isie.tn/wp-content/uploads/2024/ListesElecteurs06Juillet2024/الداخل/زغوان/1302_بئر مشارقة - الفحص/جوقار.pdf,جوقار.pdf,زغوان,بئر مشارقة - الفحص,جوقار,34,1421,1421,100.0,0
/Users/mohameddhiahammami/iCloud Drive (Archive)/www.isie.tn/wp-content/uploads/2024/ListesElecteurs06Juillet2024/الداخل/زغوان/1302_بئر مشارقة - الفحص/دلائل العروس.pdf,دلائل العروس.pdf,زغوان,بئر مشارقة - الفحص,دلائل العروس,18,713,713,100.0,0
/Users/mohameddhiahammami/iCloud Drive (Archive)/www.isie.tn/wp-content/uploads/2024/ListesElecteurs06Juillet2024/الداخل/زغوان/1302_بئر مشارقة - الفحص/سمنجة.pdf,سمنجة.pdf,زغوان,بئر مشارقة - الفحص,سمنجة,62,2652,2652,100.0,0
/Users/mohameddhiahammami/iCloud Drive (Archive)/www.isie.tn/wp-content/uploads/2024/ListesElecteurs06Juillet2024/الداخل/زغوان/1302_بئر مشارقة - الفحص/عين الصفصاف.pdf,عين الصفصاف.pdf,زغوان,بئر مشارقة - الفحص,عين الصفصاف,26,1060,1060,100.0,0
/Users/mohameddhiahammami/iCloud Drive (Archive)/www.isie.tn/wp-content/uploads/2024/ListesElecteurs06Juillet2024/الداخل/زغوان/1302_بئر مشارقة - الفحص/عين عسكر.pdf,عين عسكر.pdf,زغوان,بئر مشارقة - الفحص,عين عسكر,37,1544,1544,100.0,0
/Users/mohameddhiahammami/iCloud Drive (Archive)/www.isie.tn/wp-content/uploads/2024/ListesElecteurs06Juillet2024/الداخل/زغوان/1302_بئر مشارقة - الفحص/وادي الخضراء.pdf,وادي الخضراء.pdf,زغوان,بئر مشارقة - الفحص,وادي الخضراء,39,1660,1660,100.0,0
/Users/mohameddhiahammami/iCloud Drive (Archive)/www.isie.tn/wp-content/uploads/2024/ListesElecteurs06Juillet2024/الداخل/زغوان/1303_زغوان - الزريبة/الجوف الشرقية.pdf,الجوف الشرقية.pdf,زغوان,زغوان - الزريبة,الجوف الشرقية,87,3769,3769,100.0,0
/Users/mohameddhiahammami/iCloud Drive (Archive)/www.isie.tn/wp-content/uploads/2024/ListesElecteurs06Juillet2024/الداخل/زغوان/1303_زغوان - الزريبة/الجوف الغربية.pdf,الجوف الغربية.pdf,زغوان,زغوان - الزريبة,الجوف الغربية,38,1595,1595,100.0,0
/Users/mohameddhiahammami/iCloud Drive (Archive)/www.isie.tn/wp-content/uploads/2024/ListesElecteurs06Juillet2024/الداخل/زغوان/1303_زغوان - الزريبة/الزريبة الحمام الجنوبية.pdf,الزريبة الحمام الجنوبية.pdf,زغوان,زغوان - الزريبة,الزريبة الحمام الجنوبية,142,6176,6176,100.0,0
/Users/mohameddhiahammami/iCloud Drive (Archive)/www.isie.tn/wp-content/uploads/2024/ListesElecteurs06Juillet2024/الداخل/زغوان/1303_زغوان - الزريبة/الزريبة الحمام الشمالية.pdf,الزريبة الحمام الشمالية.pdf,زغوان,زغوان - الزريبة,الزريبة الحمام الشمالية,29,1227,1227,100.0,0
/Users/mohameddhiahammami/iCloud Drive (Archive)/www.isie.tn/wp-content/uploads/2024/ListesElecteurs06Juillet2024/الداخل/زغوان/1303_زغوان - الزريبة/الزريبة القرية.pdf,الزريبة القرية.pdf,زغوان,زغوان - الزريبة,الزريبة القرية,49,2073,2073,100.0,0
/Users/mohameddhiahammami/iCloud Drive (Archive)/www.isie.tn/wp-content/uploads/2024/ListesElecteurs06Juillet2024/الداخل/زغوان/1303_زغوان - الزريبة/العيثة.pdf,العيثة.pdf,زغوان,زغوان - الزريبة,العيثة,52,2217,2217,100.0,0
/Users/mohameddhiahammami/iCloud Drive (Archive)/www.isie.tn/wp-content/uploads/2024/ListesElecteurs06Juillet2024/الداخل/زغوان/1303_زغوان - الزريبة/بئر حليمة.pdf,بئر حليمة.pdf,زغوان,زغوان - الزريبة,بئر حليمة,62,2652,2652,100.0,0
/Users/mohameddhiahammami/iCloud Drive (Archive)/www.isie.tn/wp-content/uploads/2024/ListesElecteurs06Juillet2024/الداخل/زغوان/1303_زغوان - الزريبة/بوعشير.pdf,بوعشير.pdf,زغوان,زغوان - الزريبة,بوعشير,28,1161,1161,100.0,0
/Users/mohameddhiahammami/iCloud Drive (Archive)/www.isie.tn/wp-content/uploads/2024/ListesElecteurs06Juillet2024/الداخل/زغوان/1303_زغوان - الزريبة/جرادو.pdf,جرادو.pdf,زغوان,زغوان - الزريبة,جرادو,28,1186,1186,100.0,0
/Users/mohameddhiahammami/iCloud Drive (Archive)/www.isie.tn/wp-content/uploads/2024/ListesElecteurs06Juillet2024/الداخل/زغوان/1303_زغوان - الزريبة/جيملة.pdf,جيملة.pdf,زغوان,زغوان - الزريبة,جيملة,35,1466,1466,100.0,0
/Users/mohameddhiahammami/iCloud Drive (Archive)/www.isie.tn/wp-content/uploads/2024/ListesElecteurs06Juillet2024/الداخل/زغوان/1303_زغوان - الزريبة/زغوان الجنوبية.pdf,زغوان الجنوبية.pdf,زغوان,زغوان - الزريبة,زغوان الجنوبية,107,4653,4653,100.0,0
/Users/mohameddhiahammami/iCloud Drive (Archive)/www.isie.tn/wp-content/uploads/2024/ListesElecteurs06Juillet2024/الداخل/زغوان/1303_زغوان - الزريبة/زغوان الشمالية.pdf,زغوان الشمالية.pdf,زغوان,زغوان - الزريبة,زغوان الشمالية,245,10706,10706,100.0,0
/Users/mohameddhiahammami/iCloud Drive (Archive)/www.isie.tn/wp-content/uploads/2024/ListesElecteurs06Juillet2024/الداخل/زغوان/1303_زغوان - الزريبة/زغوان المدينة.pdf,زغوان المدينة.pdf,زغوان,زغوان - الزريبة,زغوان المدينة,107,4637,4637,100.0,0
/Users/mohameddhiahammami/iCloud Drive (Archive)/www.isie.tn/wp-content/uploads/2024/ListesElecteurs06Juillet2024/الداخل/زغوان/1303_زغوان - الزريبة/عين الباطرية.pdf,عين الباطرية.pdf,زغوان,زغوان - الزريبة,عين الباطرية,46,1947,1947,100.0,0
/Users/mohameddhiahammami/iCloud Drive (Archive)/www.isie.tn/wp-content/uploads/2024/ListesElecteurs06Juillet2024/الداخل/زغوان/1303_زغوان - الزريبة/مقرن.pdf,مقرن.pdf,زغوان,زغوان - الزريبة,مقرن,103,4466,4466,100.0,0
/Users/mohameddhiahammami/iCloud Drive (Archive)/www.isie.tn/wp-content/uploads/2024/ListesElecteurs06Juillet2024/الداخل/زغوان/1303_زغوان - الزريبة/وادي الرمل.pdf,وادي الرمل.pdf,زغوان,زغوان - الزريبة,وادي الرمل,47,1988,1988,100.0,0
/Users/mohameddhiahammami/iCloud Drive (Archive)/www.isie.tn/wp-content/uploads/2024/ListesElecteurs06Juillet2024/الداخل/زغوان/1303_زغوان - الزريبة/وادي الزيت.pdf,وادي الزيت.pdf,زغوان,زغوان - الزريبة,وادي الزيت,41,1721,1721,100.0,0
/Users/mohameddhiahammami/iCloud Drive (Archive)/www.isie.tn/wp-content/uploads/2024/ListesElecteurs06Juillet2024/الداخل/سليانة/0801_بوعرادة - قعفور - الكريب - بورويس - العروسة/أحواز بوعرادة.pdf,أحواز بوعرادة.pdf,سليانة,بوعرادة - قعفور - الكريب - بورويس - العروسة,أحواز بوعرادة,35,1479,1479,100.0,0
/Users/mohameddhiahammami/iCloud Drive (Archive)/www.isie.tn/wp-content/uploads/2024/ListesElecteurs06Juillet2024/الداخل/سليانة/0801_بوعرادة - قعفور - الكريب - بورويس - العروسة/الأحواز الجنوبية.pdf,الأحواز الجنوبية.pdf,سليانة,بوعرادة - قعفور - الكريب - بورويس - العروسة,الأحواز الجنوبية,9,318,318,100.0,0
/Users/mohameddhiahammami/iCloud Drive (Archive)/www.isie.tn/wp-content/uploads/2024/ListesElecteurs06Juillet2024/الداخل/سليانة/0801_بوعرادة - قعفور - الكريب - بورويس - العروسة/الأحواز الشمالية.pdf,الأحواز الشمالية.pdf,سليانة,بوعرادة - قعفور - الكريب - بورويس - العروسة,الأحواز الشمالية,8,294,294,100.0,0
/Users/mohameddhiahammami/iCloud Drive (Archive)/www.isie.tn/wp-content/uploads/2024/ListesElecteurs06Juillet2024/الداخل/سليانة/0801_بوعرادة - قعفور - الكريب - بورويس - العروسة/الاخوات.pdf,الاخوات.pdf,سليانة,بوعرادة - قعفور - الكريب - بورويس - العروسة,الاخوات,37,1584,1584,100.0,0
/Users/mohameddhiahammami/iCloud Drive (Archive)/www.isie.tn/wp-content/uploads/2024/ListesElecteurs06Juillet2024/الداخل/سليانة/0801_بوعرادة - قعفور - الكريب - بورويس - العروسة/الاقصاب.pdf,الاقصاب.pdf,سليانة,بوعرادة - قعفور - الكريب - بورويس - العروسة,الاقصاب,29,1201,1201,100.0,0
/Users/mohameddhiahammami/iCloud Drive (Archive)/www.isie.tn/wp-content/uploads/2024/ListesElecteurs06Juillet2024/الداخل/سليانة/0801_بوعرادة - قعفور - الكريب - بورويس - العروسة/التريشة.pdf,التريشة.pdf,سليانة,بوعرادة - قعفور - الكريب - بورويس - العروسة,التريشة,14,556,556,100.0,0
/Users/mohameddhiahammami/iCloud Drive (Archive)/www.isie.tn/wp-content/uploads/2024/ListesElecteurs06Juillet2024/الداخل/سليانة/0801_بوعرادة - قعفور - الكريب - بورويس - العروسة/الدخانية.pdf,الدخانية.pdf,سليانة,بوعرادة - قعفور - الكريب - بورويس - العروسة,الدخانية,43,1832,1832,100.0,0
/Users/mohameddhiahammami/iCloud Drive (Archive)/www.isie.tn/wp-content/uploads/2024/ListesElecteurs06Juillet2024/الداخل/سليانة/0801_بوعرادة - قعفور - الكريب - بورويس - العروسة/الرميل.pdf,الرميل.pdf,سليانة,بوعرادة - قعفور - الكريب - بورويس - العروسة,الرميل,22,911,911,100.0,0
/Users/mohameddhiahammami/iCloud Drive (Archive)/www.isie.tn/wp-content/uploads/2024/ListesElecteurs06Juillet2024/الداخل/سليانة/0801_بوعرادة - قعفور - الكريب - بورويس - العروسة/العباسي.pdf,العباسي.pdf,سليانة,بوعرادة - قعفور - الكريب - بورويس - العروسة,العباسي,36,1515,1515,100.0,0
/Users/mohameddhiahammami/iCloud Drive (Archive)/www.isie.tn/wp-content/uploads/2024/ListesElecteurs06Juillet2024/الداخل/سليانة/0801_بوعرادة - قعفور - الكريب - بورويس - العروسة/العروسة.pdf,العروسة.pdf,سليانة,بوعرادة - قعفور - الكريب - بورويس - العروسة,العروسة,106,4581,4581,100.0,0
/Users/mohameddhiahammami/iCloud Drive (Archive)/www.isie.tn/wp-content/uploads/2024/ListesElecteurs06Juillet2024/الداخل/سليانة/0801_بوعرادة - قعفور - الكريب - بورويس - العروسة/الكريب الجنوبية.pdf,الكريب الجنوبية.pdf,سليانة,بوعرادة - قعفور - الكريب - بورويس - العروسة,الكريب الجنوبية,82,3547,3547,100.0,0
/Users/mohameddhiahammami/iCloud Drive (Archive)/www.isie.tn/wp-content/uploads/2024/ListesElecteurs06Juillet2024/الداخل/سليانة/0801_بوعرادة - قعفور - الكريب - بورويس - العروسة/الكريب الشمالية.pdf,الكريب الشمالية.pdf,سليانة,بوعرادة - قعفور - الكريب - بورويس - العروسة,الكريب الشمالية,96,4142,4142,100.0,0
/Users/mohameddhiahammami/iCloud Drive (Archive)/www.isie.tn/wp-content/uploads/2024/ListesElecteurs06Juillet2024/الداخل/سليانة/0801_بوعرادة - قعفور - الكريب - بورويس - العروسة/برج المسعودي الجنوبية.pdf,برج المسعودي الجنوبية.pdf,سليانة,بوعرادة - قعفور - الكريب - بورويس - العروسة,برج المسعودي الجنوبية,44,1876,1876,100.0,0
/Users/mohameddhiahammami/iCloud Drive (Archive)/www.isie.tn/wp-content/uploads/2024/ListesElecteurs06Juillet2024/الداخل/سليانة/0801_بوعرادة - قعفور - الكريب - بورويس - العروسة/برج المسعودي الشمالية.pdf,برج المسعودي الشمالية.pdf,سليانة,بوعرادة - قعفور - الكريب - بورويس - العروسة,برج المسعودي الشمالية,42,1783,1783,100.0,0
/Users/mohameddhiahammami/iCloud Drive (Archive)/www.isie.tn/wp-content/uploads/2024/ListesElecteurs06Juillet2024/الداخل/سليانة/0801_بوعرادة - قعفور - الكريب - بورويس - العروسة/بوجليدة.pdf,بوجليدة.pdf,سليانة,بوعرادة - قعفور - الكريب - بورويس - العروسة,بوجليدة,30,1260,1260,100.0,0
/Users/mohameddhiahammami/iCloud Drive (Archive)/www.isie.tn/wp-content/uploads/2024/ListesElecteurs06Juillet2024/الداخل/سليانة/0801_بوعرادة - قعفور - الكريب - بورويس - العروسة/بورويس الجنوبية.pdf,بورويس الجنوبية.pdf,سليانة,بوعرادة - قعفور - الكريب - بورويس - العروسة,بورويس الجنوبية,24,974,974,100.0,0
/Users/mohameddhiahammami/iCloud Drive (Archive)/www.isie.tn/wp-content/uploads/2024/ListesElecteurs06Juillet2024/الداخل/سليانة/0801_بوعرادة - قعفور - الكريب - بورويس - العروسة/بورويس الشمالية.pdf,بورويس الشمالية.pdf,سليانة,بوعرادة - قعفور - الكريب - بورويس - العروسة,بورويس الشمالية,89,3850,3850,100.0,0
/Users/mohameddhiahammami/iCloud Drive (Archive)/www.isie.tn/wp-content/uploads/2024/ListesElecteurs06Juillet2024/الداخل/سليانة/0801_بوعرادة - قعفور - الكريب - بورويس - العروسة/بوعرادة.pdf,بوعرادة.pdf,سليانة,بوعرادة - قعفور - الكريب - بورويس - العروسة,بوعرادة,267,11683,11683,100.0,0
/Users/mohameddhiahammami/iCloud Drive (Archive)/www.isie.tn/wp-content/uploads/2024/ListesElecteurs06Juillet2024/الداخل/سليانة/0801_بوعرادة - قعفور - الكريب - بورويس - العروسة/حمام بياضة الجنوبية.pdf,حمام بياضة الجنوبية.pdf,سليانة,بوعرادة - قعفور - الكريب - بورويس - العروسة,حمام بياضة الجنوبية,42,1796,1796,100.0,0
/Users/mohameddhiahammami/iCloud Drive (Archive)/www.isie.tn/wp-content/uploads/2024/ListesElecteurs06Juillet2024/الداخل/سليانة/0801_بوعرادة - قعفور - الكريب - بورويس - العروسة/حمام بياضة الشمالية.pdf,حمام بياضة الشمالية.pdf,سليانة,بوعرادة - قعفور - الكريب - بورويس - العروسة,حمام بياضة الشمالية,19,766,766,100.0,0
/Users/mohameddhiahammami/iCloud Drive (Archive)/www.isie.tn/wp-content/uploads/2024/ListesElecteurs06Juillet2024/الداخل/سليانة/0801_بوعرادة - قعفور - الكريب - بورويس - العروسة/سيدي عبد النور.pdf,سيدي عبد النور.pdf,سليانة,بوعرادة - قعفور - الكريب - بورويس - العروسة,سيدي عبد النور,17,693,693,100.0,0
/Users/mohameddhiahammami/iCloud Drive (Archive)/www.isie.tn/wp-content/uploads/2024/ListesElecteurs06Juillet2024/الداخل/سليانة/0801_بوعرادة - قعفور - الكريب - بورويس - العروسة/سيدي عياد.pdf,سيدي عياد.pdf,سليانة,بوعرادة - قعفور - الكريب - بورويس - العروسة,سيدي عياد,16,634,634,100.0,0
/Users/mohameddhiahammami/iCloud Drive (Archive)/www.isie.tn/wp-content/uploads/2024/ListesElecteurs06Juillet2024/الداخل/سليانة/0801_بوعرادة - قعفور - الكريب - بورويس - العروسة/طرف الشناء.pdf,طرف الشناء.pdf,سليانة,بوعرادة - قعفور - الكريب - بورويس - العروسة,طرف الشناء,30,1257,1257,100.0,0
/Users/mohameddhiahammami/iCloud Drive (Archive)/www.isie.tn/wp-content/uploads/2024/ListesElecteurs06Juillet2024/الداخل/سليانة/0801_بوعرادة - قعفور - الكريب - بورويس - العروسة/عين زريق.pdf,عين زريق.pdf,سليانة,بوعرادة - قعفور - الكريب - بورويس - العروسة,عين زريق,34,1439,1439,100.0,0
/Users/mohameddhiahammami/iCloud Drive (Archive)/www.isie.tn/wp-content/uploads/2024/ListesElecteurs06Juillet2024/الداخل/سليانة/0801_بوعرادة - قعفور - الكريب - بورويس - العروسة/عين عاشور.pdf,عين عاشور.pdf,سليانة,بوعرادة - قعفور - الكريب - بورويس - العروسة,عين عاشور,48,2061,2061,100.0,0
/Users/mohameddhiahammami/iCloud Drive (Archive)/www.isie.tn/wp-content/uploads/2024/ListesElecteurs06Juillet2024/الداخل/سليانة/0801_بوعرادة - قعفور - الكريب - بورويس - العروسة/فطيس.pdf,فطيس.pdf,سليانة,بوعرادة - قعفور - الكريب - بورويس - العروسة,فطيس,16,622,622,100.0,0
/Users/mohameddhiahammami/iCloud Drive (Archive)/www.isie.tn/wp-content/uploads/2024/ListesElecteurs06Juillet2024/الداخل/سليانة/0801_بوعرادة - قعفور - الكريب - بورويس - العروسة/قعفور الشرقية.pdf,قعفور الشرقية.pdf,سليانة,بوعرادة - قعفور - الكريب - بورويس - العروسة,قعفور الشرقية,109,4714,4714,100.0,0
/Users/mohameddhiahammami/iCloud Drive (Archive)/www.isie.tn/wp-content/uploads/2024/ListesElecteurs06Juillet2024/الداخل/سليانة/0801_بوعرادة - قعفور - الكريب - بورويس - العروسة/قعفور الغربية.pdf,قعفور الغربية.pdf,سليانة,بوعرادة - قعفور - الكريب - بورويس - العروسة,قعفور الغربية,78,3373,3373,100.0,0
/Users/mohameddhiahammami/iCloud Drive (Archive)/www.isie.tn/wp-content/uploads/2024/ListesElecteurs06Juillet2024/الداخل/سليانة/0801_بوعرادة - قعفور - الكريب - بورويس - العروسة/محطة الكريب.pdf,محطة الكريب.pdf,سليانة,بوعرادة - قعفور - الكريب - بورويس - العروسة,محطة الكريب,19,789,789,100.0,0
/Users/mohameddhiahammami/iCloud Drive (Archive)/www.isie.tn/wp-content/uploads/2024/ListesElecteurs06Juillet2024/الداخل/سليانة/0801_بوعرادة - قعفور - الكريب - بورويس - العروسة/مسراطة.pdf,مسراطة.pdf,سليانة,بوعرادة - قعفور - الكريب - بورويس - العروسة,مسراطة,11,406,406,100.0,0
/Users/mohameddhiahammami/iCloud Drive (Archive)/www.isie.tn/wp-content/uploads/2024/ListesElecteurs06Juillet2024/الداخل/سليانة/0801_بوعرادة - قعفور - الكريب - بورويس - العروسة/هنشير الرومان.pdf,هنشير الرومان.pdf,سليانة,بوعرادة - قعفور - الكريب - بورويس - العروسة,هنشير الرومان,25,1023,1023,100.0,0
/Users/mohameddhiahammami/iCloud Drive (Archive)/www.isie.tn/wp-content/uploads/2024/ListesElecteurs06Juillet2024/الداخل/سليانة/0802_سليانة - برقو/أحواز برقو.pdf,أحواز برقو.pdf,سليانة,سليانة - برقو,أحواز برقو,12,480,480,100.0,0
/Users/mohameddhiahammami/iCloud Drive (Archive)/www.isie.tn/wp-content/uploads/2024/ListesElecteurs06Juillet2024/الداخل/سليانة/0802_سليانة - برقو/أولاد زناق.pdf,أولاد زناق.pdf,سليانة,سليانة - برقو,أولاد زناق,41,1730,1730,100.0,0
/Users/mohameddhiahammami/iCloud Drive (Archive)/www.isie.tn/wp-content/uploads/2024/ListesElecteurs06Juillet2024/الداخل/سليانة/0802_سليانة - برقو/أولاد فرج.pdf,أولاد فرج.pdf,سليانة,سليانة - برقو,أولاد فرج,19,752,752,100.0,0
/Users/mohameddhiahammami/iCloud Drive (Archive)/www.isie.tn/wp-content/uploads/2024/ListesElecteurs06Juillet2024/الداخل/سليانة/0802_سليانة - برقو/البحيرين.pdf,البحيرين.pdf,سليانة,سليانة - برقو,البحيرين,20,814,814,100.0,0
/Users/mohameddhiahammami/iCloud Drive (Archive)/www.isie.tn/wp-content/uploads/2024/ListesElecteurs06Juillet2024/الداخل/سليانة/0802_سليانة - برقو/الجوي.pdf,الجوي.pdf,سليانة,سليانة - برقو,الجوي,31,1294,1294,100.0,0
/Users/mohameddhiahammami/iCloud Drive (Archive)/www.isie.tn/wp-content/uploads/2024/ListesElecteurs06Juillet2024/الداخل/سليانة/0802_سليانة - برقو/الخلصة.pdf,الخلصة.pdf,سليانة,سليانة - برقو,الخلصة,17,682,682,100.0,0
/Users/mohameddhiahammami/iCloud Drive (Archive)/www.isie.tn/wp-content/uploads/2024/ListesElecteurs06Juillet2024/الداخل/سليانة/0802_سليانة - برقو/الدريجة.pdf,الدريجة.pdf,سليانة,سليانة - برقو,الدريجة,25,1052,1052,100.0,0
/Users/mohameddhiahammami/iCloud Drive (Archive)/www.isie.tn/wp-content/uploads/2024/ListesElecteurs06Juillet2024/الداخل/سليانة/0802_سليانة - برقو/السفينة.pdf,السفينة.pdf,سليانة,سليانة - برقو,السفينة,40,1688,1688,100.0,0
/Users/mohameddhiahammami/iCloud Drive (Archive)/www.isie.tn/wp-content/uploads/2024/ListesElecteurs06Juillet2024/الداخل/سليانة/0802_سليانة - برقو/العرب.pdf,العرب.pdf,سليانة,سليانة - برقو,العرب,50,2152,2152,100.0,0
/Users/mohameddhiahammami/iCloud Drive (Archive)/www.isie.tn/wp-content/uploads/2024/ListesElecteurs06Juillet2024/الداخل/سليانة/0802_سليانة - برقو/القابل.pdf,القابل.pdf,سليانة,سليانة - برقو,القابل,73,3125,3125,100.0,0
/Users/mohameddhiahammami/iCloud Drive (Archive)/www.isie.tn/wp-content/uploads/2024/ListesElecteurs06Juillet2024/الداخل/سليانة/0802_سليانة - برقو/برقو.pdf,برقو.pdf,سليانة,سليانة - برقو,برقو,114,4941,4941,100.0,0
/Users/mohameddhiahammami/iCloud Drive (Archive)/www.isie.tn/wp-content/uploads/2024/ListesElecteurs06Juillet2024/الداخل/سليانة/0802_سليانة - برقو/جامة.pdf,جامة.pdf,سليانة,سليانة - برقو,جامة,40,1675,1675,100.0,0
/Users/mohameddhiahammami/iCloud Drive (Archive)/www.isie.tn/wp-content/uploads/2024/ListesElecteurs06Juillet2024/الداخل/سليانة/0802_سليانة - برقو/سجة.pdf,سجة.pdf,سليانة,سليانة - برقو,سجة,46,1939,1939,100.0,0
/Users/mohameddhiahammami/iCloud Drive (Archive)/www.isie.tn/wp-content/uploads/2024/ListesElecteurs06Juillet2024/الداخل/سليانة/0802_سليانة - برقو/سليانة الجنوبية.pdf,سليانة الجنوبية.pdf,سليانة,سليانة - برقو,سليانة الجنوبية,246,10764,10764,100.0,0
/Users/mohameddhiahammami/iCloud Drive (Archive)/www.isie.tn/wp-content/uploads/2024/ListesElecteurs06Juillet2024/الداخل/سليانة/0802_سليانة - برقو/سليانة الشمالية.pdf,سليانة الشمالية.pdf,سليانة,سليانة - برقو,سليانة الشمالية,119,5185,5185,100.0,0
/Users/mohameddhiahammami/iCloud Drive (Archive)/www.isie.tn/wp-content/uploads/2024/ListesElecteurs06Juillet2024/الداخل/سليانة/0802_سليانة - برقو/سليانة المدينة.pdf,سليانة المدينة.pdf,سليانة,سليانة - برقو,سليانة المدينة,359,15717,15717,100.0,0
/Users/mohameddhiahammami/iCloud Drive (Archive)/www.isie.tn/wp-content/uploads/2024/ListesElecteurs06Juillet2024/الداخل/سليانة/0802_سليانة - برقو/سيدي حمادة.pdf,سيدي حمادة.pdf,سليانة,سليانة - برقو,سيدي حمادة,23,925,925,100.0,0
/Users/mohameddhiahammami/iCloud Drive (Archive)/www.isie.tn/wp-content/uploads/2024/ListesElecteurs06Juillet2024/الداخل/سليانة/0802_سليانة - برقو/سيدي سعيد.pdf,سيدي سعيد.pdf,سليانة,سليانة - برقو,سيدي سعيد,27,1122,1122,100.0,0
/Users/mohameddhiahammami/iCloud Drive (Archive)/www.isie.tn/wp-content/uploads/2024/ListesElecteurs06Juillet2024/الداخل/سليانة/0802_سليانة - برقو/سيدي مرشد.pdf,سيدي مرشد.pdf,سليانة,سليانة - برقو,سيدي مرشد,106,4594,4594,100.0,0
/Users/mohameddhiahammami/iCloud Drive (Archive)/www.isie.tn/wp-content/uploads/2024/ListesElecteurs06Juillet2024/الداخل/سليانة/0802_سليانة - برقو/سيدي منصور.pdf,سيدي منصور.pdf,سليانة,سليانة - برقو,سيدي منصور,33,1378,1378,100.0,0
/Users/mohameddhiahammami/iCloud Drive (Archive)/www.isie.tn/wp-content/uploads/2024/ListesElecteurs06Juillet2024/الداخل/سليانة/0802_سليانة - برقو/عين بوسعدية.pdf,عين بوسعدية.pdf,سليانة,سليانة - برقو,عين بوسعدية,19,760,760,100.0,0
/Users/mohameddhiahammami/iCloud Drive (Archive)/www.isie.tn/wp-content/uploads/2024/ListesElecteurs06Juillet2024/الداخل/سليانة/0802_سليانة - برقو/عين ديسة.pdf,عين ديسة.pdf,سليانة,سليانة - برقو,عين ديسة,10,364,364,100.0,0
/Users/mohameddhiahammami/iCloud Drive (Archive)/www.isie.tn/wp-content/uploads/2024/ListesElecteurs06Juillet2024/الداخل/سليانة/0802_سليانة - برقو/عين فرنة.pdf,عين فرنة.pdf,سليانة,سليانة - برقو,عين فرنة,24,992,992,100.0,0
/Users/mohameddhiahammami/iCloud Drive (Archive)/www.isie.tn/wp-content/uploads/2024/ListesElecteurs06Juillet2024/الداخل/سليانة/0802_سليانة - برقو/مرج مقدم.pdf,مرج مقدم.pdf,سليانة,سليانة - برقو,مرج مقدم,25,1031,1031,100.0,0
/Users/mohameddhiahammami/iCloud Drive (Archive)/www.isie.tn/wp-content/uploads/2024/ListesElecteurs06Juillet2024/الداخل/سليانة/0802_سليانة - برقو/مصوج.pdf,مصوج.pdf,سليانة,سليانة - برقو,مصوج,24,1005,1005,100.0,0
/Users/mohameddhiahammami/iCloud Drive (Archive)/www.isie.tn/wp-content/uploads/2024/ListesElecteurs06Juillet2024/الداخل/سليانة/0803_مكثر - الروحية - كسرى/الجميلات.pdf,الجميلات.pdf,سليانة,مكثر - الروحية - كسرى,الجميلات,27,1142,1142,100.0,0
/Users/mohameddhiahammami/iCloud Drive (Archive)/www.isie.tn/wp-content/uploads/2024/ListesElecteurs06Juillet2024/الداخل/سليانة/0803_مكثر - الروحية - كسرى/الحبابسة الجنوبية.pdf,الحبابسة الجنوبية.pdf,سليانة,مكثر - الروحية - كسرى,الحبابسة الجنوبية,51,2185,2185,100.0,0
/Users/mohameddhiahammami/iCloud Drive (Archive)/www.isie.tn/wp-content/uploads/2024/ListesElecteurs06Juillet2024/الداخل/سليانة/0803_مكثر - الروحية - كسرى/الحبابسة الشمالية.pdf,الحبابسة الشمالية.pdf,سليانة,مكثر - الروحية - كسرى,الحبابسة الشمالية,52,2244,2244,100.0,0
/Users/mohameddhiahammami/iCloud Drive (Archive)/www.isie.tn/wp-content/uploads/2024/ListesElecteurs06Juillet2024/الداخل/سليانة/0803_مكثر - الروحية - كسرى/الحمام.pdf,الحمام.pdf,سليانة,مكثر - الروحية - كسرى,الحمام,19,777,777,100.0,0
/Users/mohameddhiahammami/iCloud Drive (Archive)/www.isie.tn/wp-content/uploads/2024/ListesElecteurs06Juillet2024/الداخل/سليانة/0803_مكثر - الروحية - كسرى/الحميمة.pdf,الحميمة.pdf,سليانة,مكثر - الروحية - كسرى,الحميمة,31,1316,1316,100.0,0
/Users/mohameddhiahammami/iCloud Drive (Archive)/www.isie.tn/wp-content/uploads/2024/ListesElecteurs06Juillet2024/الداخل/سليانة/0803_مكثر - الروحية - كسرى/الروحية.pdf,الروحية.pdf,سليانة,مكثر - الروحية - كسرى,الروحية,206,8992,8992,100.0,0
/Users/mohameddhiahammami/iCloud Drive (Archive)/www.isie.tn/wp-content/uploads/2024/ListesElecteurs06Juillet2024/الداخل/سليانة/0803_مكثر - الروحية - كسرى/السميرات الجنوبية.pdf,السميرات الجنوبية.pdf,سليانة,مكثر - الروحية - كسرى,السميرات الجنوبية,16,623,623,100.0,0
/Users/mohameddhiahammami/iCloud Drive (Archive)/www.isie.tn/wp-content/uploads/2024/ListesElecteurs06Juillet2024/الداخل/سليانة/0803_مكثر - الروحية - كسرى/السميرات الشمالية.pdf,السميرات الشمالية.pdf,سليانة,مكثر - الروحية - كسرى,السميرات الشمالية,27,1113,1113,100.0,0
/Users/mohameddhiahammami/iCloud Drive (Archive)/www.isie.tn/wp-content/uploads/2024/ListesElecteurs06Juillet2024/الداخل/سليانة/0803_مكثر - الروحية - كسرى/السوالم.pdf,السوالم.pdf,سليانة,مكثر - الروحية - كسرى,السوالم,49,2089,2089,100.0,0
/Users/mohameddhiahammami/iCloud Drive (Archive)/www.isie.tn/wp-content/uploads/2024/ListesElecteurs06Juillet2024/الداخل/سليانة/0803_مكثر - الروحية - كسرى/الشوارنية.pdf,الشوارنية.pdf,سليانة,مكثر - الروحية - كسرى,الشوارنية,20,834,834,100.0,0
/Users/mohameddhiahammami/iCloud Drive (Archive)/www.isie.tn/wp-content/uploads/2024/ListesElecteurs06Juillet2024/الداخل/سليانة/0803_مكثر - الروحية - كسرى/الفضول.pdf,الفضول.pdf,سليانة,مكثر - الروحية - كسرى,الفضول,40,1698,1698,100.0,0
/Users/mohameddhiahammami/iCloud Drive (Archive)/www.isie.tn/wp-content/uploads/2024/ListesElecteurs06Juillet2024/الداخل/سليانة/0803_مكثر - الروحية - كسرى/القرعة.pdf,القرعة.pdf,سليانة,مكثر - الروحية - كسرى,القرعة,27,1124,1124,100.0,0
/Users/mohameddhiahammami/iCloud Drive (Archive)/www.isie.tn/wp-content/uploads/2024/ListesElecteurs06Juillet2024/الداخل/سليانة/0803_مكثر - الروحية - كسرى/القرية الجنوبية.pdf,القرية الجنوبية.pdf,سليانة,مكثر - الروحية - كسرى,القرية الجنوبية,35,1461,1461,100.0,0
/Users/mohameddhiahammami/iCloud Drive (Archive)/www.isie.tn/wp-content/uploads/2024/ListesElecteurs06Juillet2024/الداخل/سليانة/0803_مكثر - الروحية - كسرى/القرية الشمالية.pdf,القرية الشمالية.pdf,سليانة,مكثر - الروحية - كسرى,القرية الشمالية,35,1469,1469,100.0,0
/Users/mohameddhiahammami/iCloud Drive (Archive)/www.isie.tn/wp-content/uploads/2024/ListesElecteurs06Juillet2024/الداخل/سليانة/0803_مكثر - الروحية - كسرى/اللوزة.pdf,اللوزة.pdf,سليانة,مكثر - الروحية - كسرى,اللوزة,23,942,942,100.0,0
/Users/mohameddhiahammami/iCloud Drive (Archive)/www.isie.tn/wp-content/uploads/2024/ListesElecteurs06Juillet2024/الداخل/سليانة/0803_مكثر - الروحية - كسرى/المساحلة.pdf,المساحلة.pdf,سليانة,مكثر - الروحية - كسرى,المساحلة,21,861,861,100.0,0
/Users/mohameddhiahammami/iCloud Drive (Archive)/www.isie.tn/wp-content/uploads/2024/ListesElecteurs06Juillet2024/الداخل/سليانة/0803_مكثر - الروحية - كسرى/المنصورة الجنوبية.pdf,المنصورة الجنوبية.pdf,سليانة,مكثر - الروحية - كسرى,المنصورة الجنوبية,31,1313,1313,100.0,0
/Users/mohameddhiahammami/iCloud Drive (Archive)/www.isie.tn/wp-content/uploads/2024/ListesElecteurs06Juillet2024/الداخل/سليانة/0803_مكثر - الروحية - كسرى/المنصورة الشمالية.pdf,المنصورة الشمالية.pdf,سليانة,مكثر - الروحية - كسرى,المنصورة الشمالية,27,1107,1107,100.0,0
/Users/mohameddhiahammami/iCloud Drive (Archive)/www.isie.tn/wp-content/uploads/2024/ListesElecteurs06Juillet2024/الداخل/سليانة/0803_مكثر - الروحية - كسرى/الهرية.pdf,الهرية.pdf,سليانة,مكثر - الروحية - كسرى,الهرية,23,935,935,100.0,0
/Users/mohameddhiahammami/iCloud Drive (Archive)/www.isie.tn/wp-content/uploads/2024/ListesElecteurs06Juillet2024/الداخل/سليانة/0803_مكثر - الروحية - كسرى/باز.pdf,باز.pdf,سليانة,مكثر - الروحية - كسرى,باز,36,1530,1530,100.0,0
/Users/mohameddhiahammami/iCloud Drive (Archive)/www.isie.tn/wp-content/uploads/2024/ListesElecteurs06Juillet2024/الداخل/سليانة/0803_مكثر - الروحية - كسرى/بني حازم.pdf,بني حازم.pdf,سليانة,مكثر - الروحية - كسرى,بني حازم,29,1221,1221,100.0,0
/Users/mohameddhiahammami/iCloud Drive (Archive)/www.isie.tn/wp-content/uploads/2024/ListesElecteurs06Juillet2024/الداخل/سليانة/0803_مكثر - الروحية - كسرى/بوعبد اللّه.pdf,بوعبد اللّه.pdf,سليانة,مكثر - الروحية - كسرى,بوعبد اللّه,31,1292,1292,100.0,0
/Users/mohameddhiahammami/iCloud Drive (Archive)/www.isie.tn/wp-content/uploads/2024/ListesElecteurs06Juillet2024/الداخل/سليانة/0803_مكثر - الروحية - كسرى/بوعجيلة.pdf,بوعجيلة.pdf,سليانة,مكثر - الروحية - كسرى,بوعجيلة,63,2709,2709,100.0,0
/Users/mohameddhiahammami/iCloud Drive (Archive)/www.isie.tn/wp-content/uploads/2024/ListesElecteurs06Juillet2024/الداخل/سليانة/0803_مكثر - الروحية - كسرى/راس الوادي.pdf,راس الوادي.pdf,سليانة,مكثر - الروحية - كسرى,راس الوادي,29,1200,1200,100.0,0
/Users/mohameddhiahammami/iCloud Drive (Archive)/www.isie.tn/wp-content/uploads/2024/ListesElecteurs06Juillet2024/الداخل/سليانة/0803_مكثر - الروحية - كسرى/سند الحداد.pdf,سند الحداد.pdf,سليانة,مكثر - الروحية - كسرى,سند الحداد,37,1582,1582,100.0,0
/Users/mohameddhiahammami/iCloud Drive (Archive)/www.isie.tn/wp-content/uploads/2024/ListesElecteurs06Juillet2024/الداخل/سليانة/0803_مكثر - الروحية - كسرى/صدّين.pdf,صدّين.pdf,سليانة,مكثر - الروحية - كسرى,صدّين,34,1409,1409,100.0,0
/Users/mohameddhiahammami/iCloud Drive (Archive)/www.isie.tn/wp-content/uploads/2024/ListesElecteurs06Juillet2024/الداخل/سليانة/0803_مكثر - الروحية - كسرى/صيار.pdf,صيار.pdf,سليانة,مكثر - الروحية - كسرى,صيار,52,2225,2225,100.0,0
/Users/mohameddhiahammami/iCloud Drive (Archive)/www.isie.tn/wp-content/uploads/2024/ListesElecteurs06Juillet2024/الداخل/سليانة/0803_مكثر - الروحية - كسرى/كسرى.pdf,كسرى.pdf,سليانة,مكثر - الروحية - كسرى,كسرى,80,3456,3456,100.0,0
/Users/mohameddhiahammami/iCloud Drive (Archive)/www.isie.tn/wp-content/uploads/2024/ListesElecteurs06Juillet2024/الداخل/سليانة/0803_مكثر - الروحية - كسرى/مكثر الجنوبية.pdf,مكثر الجنوبية.pdf,سليانة,مكثر - الروحية - كسرى,مكثر الجنوبية,159,6934,6934,100.0,0
/Users/mohameddhiahammami/iCloud Drive (Archive)/www.isie.tn/wp-content/uploads/2024/ListesElecteurs06Juillet2024/الداخل/سليانة/0803_مكثر - الروحية - كسرى/مكثر الشمالية.pdf,مكثر الشمالية.pdf,سليانة,مكثر - الروحية - كسرى,مكثر الشمالية,53,2268,2268,100.0,0
/Users/mohameddhiahammami/iCloud Drive (Archive)/www.isie.tn/wp-content/uploads/2024/ListesElecteurs06Juillet2024/الداخل/سوسة/2001_الزاوية - القصيبة - الثريات/الثريات.pdf,الثريات.pdf,سوسة,الزاوية - القصيبة - الثريات,الثريات,45,1934,1934,100.0,0
/Users/mohameddhiahammami/iCloud Drive (Archive)/www.isie.tn/wp-content/uploads/2024/ListesElecteurs06Juillet2024/الداخل/سوسة/2001_الزاوية - القصيبة - الثريات/زاوية سوسة.pdf,زاوية سوسة.pdf,سوسة,الزاوية - القصيبة - الثريات,زاوية سوسة,353,15469,15469,100.0,0
/Users/mohameddhiahammami/iCloud Drive (Archive)/www.isie.tn/wp-content/uploads/2024/ListesElecteurs06Juillet2024/الداخل/سوسة/2001_الزاوية - القصيبة - الثريات/قصيبة سوسة.pdf,قصيبة سوسة.pdf,سوسة,الزاوية - القصيبة - الثريات,قصيبة سوسة,179,7798,7798,100.0,0
/Users/mohameddhiahammami/iCloud Drive (Archive)/www.isie.tn/wp-content/uploads/2024/ListesElecteurs06Juillet2024/الداخل/سوسة/2002_القلعة الكبرى - سيدي بوعلي - كندار/أولاد العابد.pdf,أولاد العابد.pdf,سوسة,القلعة الكبرى - سيدي بوعلي - كندار,أولاد العابد,20,832,832,100.0,0
/Users/mohameddhiahammami/iCloud Drive (Archive)/www.isie.tn/wp-content/uploads/2024/ListesElecteurs06Juillet2024/الداخل/سوسة/2002_القلعة الكبرى - سيدي بوعلي - كندار/أولاد عامر.pdf,أولاد عامر.pdf,سوسة,القلعة الكبرى - سيدي بوعلي - كندار,أولاد عامر,39,1652,1652,100.0,0
/Users/mohameddhiahammami/iCloud Drive (Archive)/www.isie.tn/wp-content/uploads/2024/ListesElecteurs06Juillet2024/الداخل/سوسة/2002_القلعة الكبرى - سيدي بوعلي - كندار/أولاد محمد.pdf,أولاد محمد.pdf,سوسة,القلعة الكبرى - سيدي بوعلي - كندار,أولاد محمد,164,7137,7137,100.0,0
/Users/mohameddhiahammami/iCloud Drive (Archive)/www.isie.tn/wp-content/uploads/2024/ListesElecteurs06Juillet2024/الداخل/سوسة/2002_القلعة الكبرى - سيدي بوعلي - كندار/البئر الجديد.pdf,البئر الجديد.pdf,سوسة,القلعة الكبرى - سيدي بوعلي - كندار,البئر الجديد,14,566,566,100.0,0
/Users/mohameddhiahammami/iCloud Drive (Archive)/www.isie.tn/wp-content/uploads/2024/ListesElecteurs06Juillet2024/الداخل/سوسة/2002_القلعة الكبرى - سيدي بوعلي - كندار/البشاشمة.pdf,البشاشمة.pdf,سوسة,القلعة الكبرى - سيدي بوعلي - كندار,البشاشمة,35,1494,1494,100.0,0
/Users/mohameddhiahammami/iCloud Drive (Archive)/www.isie.tn/wp-content/uploads/2024/ListesElecteurs06Juillet2024/الداخل/سوسة/2002_القلعة الكبرى - سيدي بوعلي - كندار/البلالمة.pdf,البلالمة.pdf,سوسة,القلعة الكبرى - سيدي بوعلي - كندار,البلالمة,23,963,963,100.0,0
/Users/mohameddhiahammami/iCloud Drive (Archive)/www.isie.tn/wp-content/uploads/2024/ListesElecteurs06Juillet2024/الداخل/سوسة/2002_القلعة الكبرى - سيدي بوعلي - كندار/الجرابعة.pdf,الجرابعة.pdf,سوسة,القلعة الكبرى - سيدي بوعلي - كندار,الجرابعة,187,8168,8168,100.0,0
/Users/mohameddhiahammami/iCloud Drive (Archive)/www.isie.tn/wp-content/uploads/2024/ListesElecteurs06Juillet2024/الداخل/سوسة/2002_القلعة الكبرى - سيدي بوعلي - كندار/الزعارنة الشرقية.pdf,الزعارنة الشرقية.pdf,سوسة,القلعة الكبرى - سيدي بوعلي - كندار,الزعارنة الشرقية,331,14513,14513,100.0,0
/Users/mohameddhiahammami/iCloud Drive (Archive)/www.isie.tn/wp-content/uploads/2024/ListesElecteurs06Juillet2024/الداخل/سوسة/2002_القلعة الكبرى - سيدي بوعلي - كندار/الزعارنة الغربية.pdf,الزعارنة الغربية.pdf,سوسة,القلعة الكبرى - سيدي بوعلي - كندار,الزعارنة الغربية,119,5180,5180,100.0,0
/Users/mohameddhiahammami/iCloud Drive (Archive)/www.isie.tn/wp-content/uploads/2024/ListesElecteurs06Juillet2024/الداخل/سوسة/2002_القلعة الكبرى - سيدي بوعلي - كندار/السد الجوفي.pdf,السد الجوفي.pdf,سوسة,القلعة الكبرى - سيدي بوعلي - كندار,السد الجوفي,30,1265,1265,100.0,0
/Users/mohameddhiahammami/iCloud Drive (Archive)/www.isie.tn/wp-content/uploads/2024/ListesElecteurs06Juillet2024/الداخل/سوسة/2002_القلعة الكبرى - سيدي بوعلي - كندار/السد الغربي.pdf,السد الغربي.pdf,سوسة,القلعة الكبرى - سيدي بوعلي - كندار,السد الغربي,50,2123,2123,100.0,0
/Users/mohameddhiahammami/iCloud Drive (Archive)/www.isie.tn/wp-content/uploads/2024/ListesElecteurs06Juillet2024/الداخل/سوسة/2002_القلعة الكبرى - سيدي بوعلي - كندار/السد القبلي.pdf,السد القبلي.pdf,سوسة,القلعة الكبرى - سيدي بوعلي - كندار,السد القبلي,27,1122,1122,100.0,0
/Users/mohameddhiahammami/iCloud Drive (Archive)/www.isie.tn/wp-content/uploads/2024/ListesElecteurs06Juillet2024/الداخل/سوسة/2002_القلعة الكبرى - سيدي بوعلي - كندار/الشويشة.pdf,الشويشة.pdf,سوسة,القلعة الكبرى - سيدي بوعلي - كندار,الشويشة,16,656,656,100.0,0
/Users/mohameddhiahammami/iCloud Drive (Archive)/www.isie.tn/wp-content/uploads/2024/ListesElecteurs06Juillet2024/الداخل/سوسة/2002_القلعة الكبرى - سيدي بوعلي - كندار/القماطة.pdf,القماطة.pdf,سوسة,القلعة الكبرى - سيدي بوعلي - كندار,القماطة,13,514,514,100.0,0
/Users/mohameddhiahammami/iCloud Drive (Archive)/www.isie.tn/wp-content/uploads/2024/ListesElecteurs06Juillet2024/الداخل/سوسة/2002_القلعة الكبرى - سيدي بوعلي - كندار/المهاذبة.pdf,المهاذبة.pdf,سوسة,القلعة الكبرى - سيدي بوعلي - كندار,المهاذبة,26,1082,1082,100.0,0
/Users/mohameddhiahammami/iCloud Drive (Archive)/www.isie.tn/wp-content/uploads/2024/ListesElecteurs06Juillet2024/الداخل/سوسة/2002_القلعة الكبرى - سيدي بوعلي - كندار/بلعوم.pdf,بلعوم.pdf,سوسة,القلعة الكبرى - سيدي بوعلي - كندار,بلعوم,45,1894,1894,100.0,0
/Users/mohameddhiahammami/iCloud Drive (Archive)/www.isie.tn/wp-content/uploads/2024/ListesElecteurs06Juillet2024/الداخل/سوسة/2002_القلعة الكبرى - سيدي بوعلي - كندار/سيدي بوعلي.pdf,سيدي بوعلي.pdf,سوسة,القلعة الكبرى - سيدي بوعلي - كندار,سيدي بوعلي,223,9727,9727,100.0,0
/Users/mohameddhiahammami/iCloud Drive (Archive)/www.isie.tn/wp-content/uploads/2024/ListesElecteurs06Juillet2024/الداخل/سوسة/2002_القلعة الكبرى - سيدي بوعلي - كندار/كندار.pdf,كندار.pdf,سوسة,القلعة الكبرى - سيدي بوعلي - كندار,كندار,102,4420,4420,100.0,0
/Users/mohameddhiahammami/iCloud Drive (Archive)/www.isie.tn/wp-content/uploads/2024/ListesElecteurs06Juillet2024/الداخل/سوسة/2002_القلعة الكبرى - سيدي بوعلي - كندار/منزل المحطة.pdf,منزل المحطة.pdf,سوسة,القلعة الكبرى - سيدي بوعلي - كندار,منزل المحطة,36,1510,1510,100.0,0
/Users/mohameddhiahammami/iCloud Drive (Archive)/www.isie.tn/wp-content/uploads/2024/ListesElecteurs06Juillet2024/الداخل/سوسة/2002_القلعة الكبرى - سيدي بوعلي - كندار/وريمة.pdf,وريمة.pdf,سوسة,القلعة الكبرى - سيدي بوعلي - كندار,وريمة,23,933,933,100.0,0
/Users/mohameddhiahammami/iCloud Drive (Archive)/www.isie.tn/wp-content/uploads/2024/ListesElecteurs06Juillet2024/الداخل/سوسة/2003_النفيضة - بوفيشة - هرقلة/أولاد عبد الله.pdf,أولاد عبد الله.pdf,سوسة,النفيضة - بوفيشة - هرقلة,أولاد عبد الله,53,2251,2251,100.0,0
/Users/mohameddhiahammami/iCloud Drive (Archive)/www.isie.tn/wp-content/uploads/2024/ListesElecteurs06Juillet2024/الداخل/سوسة/2003_النفيضة - بوفيشة - هرقلة/السلوم.pdf,السلوم.pdf,سوسة,النفيضة - بوفيشة - هرقلة,السلوم,33,1391,1391,100.0,0
/Users/mohameddhiahammami/iCloud Drive (Archive)/www.isie.tn/wp-content/uploads/2024/ListesElecteurs06Juillet2024/الداخل/سوسة/2003_النفيضة - بوفيشة - هرقلة/السويح.pdf,السويح.pdf,سوسة,النفيضة - بوفيشة - هرقلة,السويح,26,1094,1094,100.0,0
/Users/mohameddhiahammami/iCloud Drive (Archive)/www.isie.tn/wp-content/uploads/2024/ListesElecteurs06Juillet2024/الداخل/سوسة/2003_النفيضة - بوفيشة - هرقلة/الشقارنية.pdf,الشقارنية.pdf,سوسة,النفيضة - بوفيشة - هرقلة,الشقارنية,77,3303,3303,100.0,0
/Users/mohameddhiahammami/iCloud Drive (Archive)/www.isie.tn/wp-content/uploads/2024/ListesElecteurs06Juillet2024/الداخل/سوسة/2003_النفيضة - بوفيشة - هرقلة/الصفحة.pdf,الصفحة.pdf,سوسة,النفيضة - بوفيشة - هرقلة,الصفحة,63,2718,2718,100.0,0
/Users/mohameddhiahammami/iCloud Drive (Archive)/www.isie.tn/wp-content/uploads/2024/ListesElecteurs06Juillet2024/الداخل/سوسة/2003_النفيضة - بوفيشة - هرقلة/العريبات.pdf,العريبات.pdf,سوسة,النفيضة - بوفيشة - هرقلة,العريبات,29,1220,1220,100.0,0
/Users/mohameddhiahammami/iCloud Drive (Archive)/www.isie.tn/wp-content/uploads/2024/ListesElecteurs06Juillet2024/الداخل/سوسة/2003_النفيضة - بوفيشة - هرقلة/الفرادة.pdf,الفرادة.pdf,سوسة,النفيضة - بوفيشة - هرقلة,الفرادة,49,2093,2093,100.0,0
/Users/mohameddhiahammami/iCloud Drive (Archive)/www.isie.tn/wp-content/uploads/2024/ListesElecteurs06Juillet2024/الداخل/سوسة/2003_النفيضة - بوفيشة - هرقلة/القارصي.pdf,القارصي.pdf,سوسة,النفيضة - بوفيشة - هرقلة,القارصي,45,1928,1928,100.0,0
/Users/mohameddhiahammami/iCloud Drive (Archive)/www.isie.tn/wp-content/uploads/2024/ListesElecteurs06Juillet2024/الداخل/سوسة/2003_النفيضة - بوفيشة - هرقلة/المثاليث.pdf,المثاليث.pdf,سوسة,النفيضة - بوفيشة - هرقلة,المثاليث,22,917,917,100.0,0
/Users/mohameddhiahammami/iCloud Drive (Archive)/www.isie.tn/wp-content/uploads/2024/ListesElecteurs06Juillet2024/الداخل/سوسة/2003_النفيضة - بوفيشة - هرقلة/النفيضة.pdf,النفيضة.pdf,سوسة,النفيضة - بوفيشة - هرقلة,النفيضة,262,11447,11447,100.0,0
/Users/mohameddhiahammami/iCloud Drive (Archive)/www.isie.tn/wp-content/uploads/2024/ListesElecteurs06Juillet2024/الداخل/سوسة/2003_النفيضة - بوفيشة - هرقلة/بوفيشة.pdf,بوفيشة.pdf,سوسة,النفيضة - بوفيشة - هرقلة,بوفيشة,158,6878,6878,100.0,0
/Users/mohameddhiahammami/iCloud Drive (Archive)/www.isie.tn/wp-content/uploads/2024/ListesElecteurs06Juillet2024/الداخل/سوسة/2003_النفيضة - بوفيشة - هرقلة/تكرونة.pdf,تكرونة.pdf,سوسة,النفيضة - بوفيشة - هرقلة,تكرونة,14,559,559,100.0,0
/Users/mohameddhiahammami/iCloud Drive (Archive)/www.isie.tn/wp-content/uploads/2024/ListesElecteurs06Juillet2024/الداخل/سوسة/2003_النفيضة - بوفيشة - هرقلة/سيدي خليفة.pdf,سيدي خليفة.pdf,سوسة,النفيضة - بوفيشة - هرقلة,سيدي خليفة,45,1898,1898,100.0,0
/Users/mohameddhiahammami/iCloud Drive (Archive)/www.isie.tn/wp-content/uploads/2024/ListesElecteurs06Juillet2024/الداخل/سوسة/2003_النفيضة - بوفيشة - هرقلة/سيدي سعيد.pdf,سيدي سعيد.pdf,سوسة,النفيضة - بوفيشة - هرقلة,سيدي سعيد,47,2006,2006,100.0,0
/Users/mohameddhiahammami/iCloud Drive (Archive)/www.isie.tn/wp-content/uploads/2024/ListesElecteurs06Juillet2024/الداخل/سوسة/2003_النفيضة - بوفيشة - هرقلة/سيدي مطير.pdf,سيدي مطير.pdf,سوسة,النفيضة - بوفيشة - هرقلة,سيدي مطير,51,2170,2170,100.0,0
/Users/mohameddhiahammami/iCloud Drive (Archive)/www.isie.tn/wp-content/uploads/2024/ListesElecteurs06Juillet2024/الداخل/سوسة/2003_النفيضة - بوفيشة - هرقلة/عين الرحمة.pdf,عين الرحمة.pdf,سوسة,النفيضة - بوفيشة - هرقلة,عين الرحمة,53,2247,2247,100.0,0
/Users/mohameddhiahammami/iCloud Drive (Archive)/www.isie.tn/wp-content/uploads/2024/ListesElecteurs06Juillet2024/الداخل/سوسة/2003_النفيضة - بوفيشة - هرقلة/عين مذاكر.pdf,عين مذاكر.pdf,سوسة,النفيضة - بوفيشة - هرقلة,عين مذاكر,67,2861,2861,100.0,0
/Users/mohameddhiahammami/iCloud Drive (Archive)/www.isie.tn/wp-content/uploads/2024/ListesElecteurs06Juillet2024/الداخل/سوسة/2003_النفيضة - بوفيشة - هرقلة/قريميط الشرقية.pdf,قريميط الشرقية.pdf,سوسة,النفيضة - بوفيشة - هرقلة,قريميط الشرقية,43,1815,1815,100.0,0
/Users/mohameddhiahammami/iCloud Drive (Archive)/www.isie.tn/wp-content/uploads/2024/ListesElecteurs06Juillet2024/الداخل/سوسة/2003_النفيضة - بوفيشة - هرقلة/قريميط الغربية.pdf,قريميط الغربية.pdf,سوسة,النفيضة - بوفيشة - هرقلة,قريميط الغربية,103,4469,4469,100.0,0
/Users/mohameddhiahammami/iCloud Drive (Archive)/www.isie.tn/wp-content/uploads/2024/ListesElecteurs06Juillet2024/الداخل/سوسة/2003_النفيضة - بوفيشة - هرقلة/مرابط حشاد.pdf,مرابط حشاد.pdf,سوسة,النفيضة - بوفيشة - هرقلة,مرابط حشاد,46,1953,1953,100.0,0
/Users/mohameddhiahammami/iCloud Drive (Archive)/www.isie.tn/wp-content/uploads/2024/ListesElecteurs06Juillet2024/الداخل/سوسة/2003_النفيضة - بوفيشة - هرقلة/منزل دار بلواعر.pdf,منزل دار بلواعر.pdf,سوسة,النفيضة - بوفيشة - هرقلة,منزل دار بلواعر,54,2320,2320,100.0,0
/Users/mohameddhiahammami/iCloud Drive (Archive)/www.isie.tn/wp-content/uploads/2024/ListesElecteurs06Juillet2024/الداخل/سوسة/2003_النفيضة - بوفيشة - هرقلة/منزل فاتح.pdf,منزل فاتح.pdf,سوسة,النفيضة - بوفيشة - هرقلة,منزل فاتح,29,1202,1202,100.0,0
/Users/mohameddhiahammami/iCloud Drive (Archive)/www.isie.tn/wp-content/uploads/2024/ListesElecteurs06Juillet2024/الداخل/سوسة/2003_النفيضة - بوفيشة - هرقلة/هرقلة.pdf,هرقلة.pdf,سوسة,النفيضة - بوفيشة - هرقلة,هرقلة,125,5444,5444,100.0,0
/Users/mohameddhiahammami/iCloud Drive (Archive)/www.isie.tn/wp-content/uploads/2024/ListesElecteurs06Juillet2024/الداخل/سوسة/2003_النفيضة - بوفيشة - هرقلة/هيشر.pdf,هيشر.pdf,سوسة,النفيضة - بوفيشة - هرقلة,هيشر,89,3843,3843,100.0,0
/Users/mohameddhiahammami/iCloud Drive (Archive)/www.isie.tn/wp-content/uploads/2024/ListesElecteurs06Juillet2024/الداخل/سوسة/2003_النفيضة - بوفيشة - هرقلة/وادي الخروب.pdf,وادي الخروب.pdf,سوسة,النفيضة - بوفيشة - هرقلة,وادي الخروب,28,1178,1178,100.0,0
/Users/mohameddhiahammami/iCloud Drive (Archive)/www.isie.tn/wp-content/uploads/2024/ListesElecteurs06Juillet2024/الداخل/سوسة/2004_حمام سوسة - اكودة/أكودة الشرقية.pdf,أكودة الشرقية.pdf,سوسة,حمام سوسة - اكودة,أكودة الشرقية,269,11756,11756,100.0,0
/Users/mohameddhiahammami/iCloud Drive (Archive)/www.isie.tn/wp-content/uploads/2024/ListesElecteurs06Juillet2024/الداخل/سوسة/2004_حمام سوسة - اكودة/أكودة الغربية.pdf,أكودة الغربية.pdf,سوسة,حمام سوسة - اكودة,أكودة الغربية,163,7106,7106,100.0,0
/Users/mohameddhiahammami/iCloud Drive (Archive)/www.isie.tn/wp-content/uploads/2024/ListesElecteurs06Juillet2024/الداخل/سوسة/2004_حمام سوسة - اكودة/الطنطانة.pdf,الطنطانة.pdf,سوسة,حمام سوسة - اكودة,الطنطانة,54,2316,2316,100.0,0
/Users/mohameddhiahammami/iCloud Drive (Archive)/www.isie.tn/wp-content/uploads/2024/ListesElecteurs06Juillet2024/الداخل/سوسة/2004_حمام سوسة - اكودة/الغرابى.pdf,الغرابى.pdf,سوسة,حمام سوسة - اكودة,الغرابى,77,3324,3324,100.0,0
/Users/mohameddhiahammami/iCloud Drive (Archive)/www.isie.tn/wp-content/uploads/2024/ListesElecteurs06Juillet2024/الداخل/سوسة/2004_حمام سوسة - اكودة/الفقاعية.pdf,الفقاعية.pdf,سوسة,حمام سوسة - اكودة,الفقاعية,19,784,784,100.0,0
/Users/mohameddhiahammami/iCloud Drive (Archive)/www.isie.tn/wp-content/uploads/2024/ListesElecteurs06Juillet2024/الداخل/سوسة/2004_حمام سوسة - اكودة/القنطاوي.pdf,القنطاوي.pdf,سوسة,حمام سوسة - اكودة,القنطاوي,91,3939,3939,100.0,0
/Users/mohameddhiahammami/iCloud Drive (Archive)/www.isie.tn/wp-content/uploads/2024/ListesElecteurs06Juillet2024/الداخل/سوسة/2004_حمام سوسة - اكودة/المدينة.pdf,المدينة.pdf,سوسة,حمام سوسة - اكودة,المدينة,297,12994,12994,100.0,0
/Users/mohameddhiahammami/iCloud Drive (Archive)/www.isie.tn/wp-content/uploads/2024/ListesElecteurs06Juillet2024/الداخل/سوسة/2004_حمام سوسة - اكودة/بئر موسى.pdf,بئر موسى.pdf,سوسة,حمام سوسة - اكودة,بئر موسى,304,13328,13328,100.0,0
/Users/mohameddhiahammami/iCloud Drive (Archive)/www.isie.tn/wp-content/uploads/2024/ListesElecteurs06Juillet2024/الداخل/سوسة/2004_حمام سوسة - اكودة/سهلول.pdf,سهلول.pdf,سوسة,حمام سوسة - اكودة,سهلول,371,16270,16270,100.0,0
/Users/mohameddhiahammami/iCloud Drive (Archive)/www.isie.tn/wp-content/uploads/2024/ListesElecteurs06Juillet2024/الداخل/سوسة/2004_حمام سوسة - اكودة/شط الرمان.pdf,شط الرمان.pdf,سوسة,حمام سوسة - اكودة,شط الرمان,32,1343,1343,100.0,0
/Users/mohameddhiahammami/iCloud Drive (Archive)/www.isie.tn/wp-content/uploads/2024/ListesElecteurs06Juillet2024/الداخل/سوسة/2004_حمام سوسة - اكودة/شط مريم.pdf,شط مريم.pdf,سوسة,حمام سوسة - اكودة,شط مريم,131,5705,5705,100.0,0
/Users/mohameddhiahammami/iCloud Drive (Archive)/www.isie.tn/wp-content/uploads/2024/ListesElecteurs06Juillet2024/الداخل/سوسة/2005_سوسة الرياض/الزهور.pdf,الزهور.pdf,سوسة,سوسة الرياض,الزهور,327,14330,14330,100.0,0
/Users/mohameddhiahammami/iCloud Drive (Archive)/www.isie.tn/wp-content/uploads/2024/ListesElecteurs06Juillet2024/الداخل/سوسة/2005_سوسة الرياض/حمام معروف الرياض.pdf,حمام معروف الرياض.pdf,سوسة,سوسة الرياض,حمام معروف الرياض,369,16151,16151,100.0,0
/Users/mohameddhiahammami/iCloud Drive (Archive)/www.isie.tn/wp-content/uploads/2024/ListesElecteurs06Juillet2024/الداخل/سوسة/2005_سوسة الرياض/حي الرياض.pdf,حي الرياض.pdf,سوسة,سوسة الرياض,حي الرياض,590,25906,25906,100.0,0
/Users/mohameddhiahammami/iCloud Drive (Archive)/www.isie.tn/wp-content/uploads/2024/ListesElecteurs06Juillet2024/الداخل/سوسة/2006_سوسة المدينة - سوسة سيدي عبد الحميد/إبن خلدون.pdf,إبن خلدون.pdf,سوسة,سوسة المدينة - سوسة سيدي عبد الحميد,إبن خلدون,224,9787,9787,100.0,0
/Users/mohameddhiahammami/iCloud Drive (Archive)/www.isie.tn/wp-content/uploads/2024/ListesElecteurs06Juillet2024/الداخل/سوسة/2006_سوسة المدينة - سوسة سيدي عبد الحميد/الطيب المهيري.pdf,الطيب المهيري.pdf,سوسة,سوسة المدينة - سوسة سيدي عبد الحميد,الطيب المهيري,463,20308,20308,100.0,0
/Users/mohameddhiahammami/iCloud Drive (Archive)/www.isie.tn/wp-content/uploads/2024/ListesElecteurs06Juillet2024/الداخل/سوسة/2006_سوسة المدينة - سوسة سيدي عبد الحميد/المدينة.pdf,المدينة.pdf,سوسة,سوسة المدينة - سوسة سيدي عبد الحميد,المدينة,88,3821,3821,100.0,0
/Users/mohameddhiahammami/iCloud Drive (Archive)/www.isie.tn/wp-content/uploads/2024/ListesElecteurs06Juillet2024/الداخل/سوسة/2006_سوسة المدينة - سوسة سيدي عبد الحميد/بوجعفر.pdf,بوجعفر.pdf,سوسة,سوسة المدينة - سوسة سيدي عبد الحميد,بوجعفر,115,5005,5005,100.0,0
/Users/mohameddhiahammami/iCloud Drive (Archive)/www.isie.tn/wp-content/uploads/2024/ListesElecteurs06Juillet2024/الداخل/سوسة/2006_سوسة المدينة - سوسة سيدي عبد الحميد/خزامة.pdf,خزامة.pdf,سوسة,سوسة المدينة - سوسة سيدي عبد الحميد,خزامة,356,15587,15587,100.0,0
/Users/mohameddhiahammami/iCloud Drive (Archive)/www.isie.tn/wp-content/uploads/2024/ListesElecteurs06Juillet2024/الداخل/سوسة/2006_سوسة المدينة - سوسة سيدي عبد الحميد/سيدي عبد الحميد.pdf,سيدي عبد الحميد.pdf,سوسة,سوسة المدينة - سوسة سيدي عبد الحميد,سيدي عبد الحميد,110,4755,4755,100.0,0
/Users/mohameddhiahammami/iCloud Drive (Archive)/www.isie.tn/wp-content/uploads/2024/ListesElecteurs06Juillet2024/الداخل/سوسة/2006_سوسة المدينة - سوسة سيدي عبد الحميد/علي البلهوان.pdf,علي البلهوان.pdf,سوسة,سوسة المدينة - سوسة سيدي عبد الحميد,علي البلهوان,166,7258,7258,100.0,0
/Users/mohameddhiahammami/iCloud Drive (Archive)/www.isie.tn/wp-content/uploads/2024/ListesElecteurs06Juillet2024/الداخل/سوسة/2006_سوسة المدينة - سوسة سيدي عبد الحميد/قصيبة الشط.pdf,قصيبة الشط.pdf,سوسة,سوسة المدينة - سوسة سيدي عبد الحميد,قصيبة الشط,146,6372,6372,100.0,0
/Users/mohameddhiahammami/iCloud Drive (Archive)/www.isie.tn/wp-content/uploads/2024/ListesElecteurs06Juillet2024/الداخل/سوسة/2006_سوسة المدينة - سوسة سيدي عبد الحميد/محمد معروف.pdf,محمد معروف.pdf,سوسة,سوسة المدينة - سوسة سيدي عبد الحميد,محمد معروف,133,5772,5772,100.0,0
/Users/mohameddhiahammami/iCloud Drive (Archive)/www.isie.tn/wp-content/uploads/2024/ListesElecteurs06Juillet2024/الداخل/سوسة/2007_سوسة جوهرة/الهادي شاكر.pdf,الهادي شاكر.pdf,سوسة,سوسة جوهرة,الهادي شاكر,261,11407,11407,100.0,0
/Users/mohameddhiahammami/iCloud Drive (Archive)/www.isie.tn/wp-content/uploads/2024/ListesElecteurs06Juillet2024/الداخل/سوسة/2007_سوسة جوهرة/بوحسينة.pdf,بوحسينة.pdf,سوسة,سوسة جوهرة,بوحسينة,421,18458,18458,100.0,0
/Users/mohameddhiahammami/iCloud Drive (Archive)/www.isie.tn/wp-content/uploads/2024/ListesElecteurs06Juillet2024/الداخل/سوسة/2007_سوسة جوهرة/حشاد.pdf,حشاد.pdf,سوسة,سوسة جوهرة,حشاد,128,5583,5583,100.0,0
/Users/mohameddhiahammami/iCloud Drive (Archive)/www.isie.tn/wp-content/uploads/2024/ListesElecteurs06Juillet2024/الداخل/سوسة/2007_سوسة جوهرة/سهلول جوهرة.pdf,سهلول جوهرة.pdf,سوسة,سوسة جوهرة,سهلول جوهرة,269,11775,11775,100.0,0
/Users/mohameddhiahammami/iCloud Drive (Archive)/www.isie.tn/wp-content/uploads/2024/ListesElecteurs06Juillet2024/الداخل/سوسة/2007_سوسة جوهرة/محمد القروي.pdf,محمد القروي.pdf,سوسة,سوسة جوهرة,محمد القروي,292,12762,12762,100.0,0
/Users/mohameddhiahammami/iCloud Drive (Archive)/www.isie.tn/wp-content/uploads/2024/ListesElecteurs06Juillet2024/الداخل/سوسة/2007_سوسة جوهرة/وادي بليبان.pdf,وادي بليبان.pdf,سوسة,سوسة جوهرة,وادي بليبان,116,5024,5024,100.0,0
/Users/mohameddhiahammami/iCloud Drive (Archive)/www.isie.tn/wp-content/uploads/2024/ListesElecteurs06Juillet2024/الداخل/سوسة/2008_سيدي الهاني - القلعة الصغرى/أولاد علي بلهاني.pdf,أولاد علي بلهاني.pdf,سوسة,سيدي الهاني - القلعة الصغرى,أولاد علي بلهاني,24,992,992,100.0,0
/Users/mohameddhiahammami/iCloud Drive (Archive)/www.isie.tn/wp-content/uploads/2024/ListesElecteurs06Juillet2024/الداخل/سوسة/2008_سيدي الهاني - القلعة الصغرى/القلعة الصغرى الشرقية.pdf,القلعة الصغرى الشرقية.pdf,سوسة,سيدي الهاني - القلعة الصغرى,القلعة الصغرى الشرقية,131,5713,5713,100.0,0
/Users/mohameddhiahammami/iCloud Drive (Archive)/www.isie.tn/wp-content/uploads/2024/ListesElecteurs06Juillet2024/الداخل/سوسة/2008_سيدي الهاني - القلعة الصغرى/القلعة الصغرى المدينة.pdf,القلعة الصغرى المدينة.pdf,سوسة,سيدي الهاني - القلعة الصغرى,القلعة الصغرى المدينة,365,16015,16015,100.0,0
/Users/mohameddhiahammami/iCloud Drive (Archive)/www.isie.tn/wp-content/uploads/2024/ListesElecteurs06Juillet2024/الداخل/سوسة/2008_سيدي الهاني - القلعة الصغرى/القلعة الصغرى حشاد.pdf,القلعة الصغرى حشاد.pdf,سوسة,سيدي الهاني - القلعة الصغرى,القلعة الصغرى حشاد,112,4845,4845,100.0,0
/Users/mohameddhiahammami/iCloud Drive (Archive)/www.isie.tn/wp-content/uploads/2024/ListesElecteurs06Juillet2024/الداخل/سوسة/2008_سيدي الهاني - القلعة الصغرى/النقر.pdf,النقر.pdf,سوسة,سيدي الهاني - القلعة الصغرى,النقر,49,2110,2110,100.0,0
/Users/mohameddhiahammami/iCloud Drive (Archive)/www.isie.tn/wp-content/uploads/2024/ListesElecteurs06Juillet2024/الداخل/سوسة/2008_سيدي الهاني - القلعة الصغرى/سيدي الهاني الجنوبية.pdf,سيدي الهاني الجنوبية.pdf,سوسة,سيدي الهاني - القلعة الصغرى,سيدي الهاني الجنوبية,35,1457,1457,100.0,0
/Users/mohameddhiahammami/iCloud Drive (Archive)/www.isie.tn/wp-content/uploads/2024/ListesElecteurs06Juillet2024/الداخل/سوسة/2008_سيدي الهاني - القلعة الصغرى/سيدي الهاني الغربية.pdf,سيدي الهاني الغربية.pdf,سوسة,سيدي الهاني - القلعة الصغرى,سيدي الهاني الغربية,41,1718,1718,100.0,0
/Users/mohameddhiahammami/iCloud Drive (Archive)/www.isie.tn/wp-content/uploads/2024/ListesElecteurs06Juillet2024/الداخل/سوسة/2008_سيدي الهاني - القلعة الصغرى/سيدي الهاني المركزية.pdf,سيدي الهاني المركزية.pdf,سوسة,سيدي الهاني - القلعة الصغرى,سيدي الهاني المركزية,92,3969,3969,100.0,0
/Users/mohameddhiahammami/iCloud Drive (Archive)/www.isie.tn/wp-content/uploads/2024/ListesElecteurs06Juillet2024/الداخل/سوسة/2008_سيدي الهاني - القلعة الصغرى/كروسية الغربية.pdf,كروسية الغربية.pdf,سوسة,سيدي الهاني - القلعة الصغرى,كروسية الغربية,30,1233,1233,100.0,0
/Users/mohameddhiahammami/iCloud Drive (Archive)/www.isie.tn/wp-content/uploads/2024/ListesElecteurs06Juillet2024/الداخل/سوسة/2008_سيدي الهاني - القلعة الصغرى/كروسية المركزية.pdf,كروسية المركزية.pdf,سوسة,سيدي الهاني - القلعة الصغرى,كروسية المركزية,43,1837,1837,100.0,0
/Users/mohameddhiahammami/iCloud Drive (Archive)/www.isie.tn/wp-content/uploads/2024/ListesElecteurs06Juillet2024/الداخل/سوسة/2008_سيدي الهاني - القلعة الصغرى/وادي لاية.pdf,وادي لاية.pdf,سوسة,سيدي الهاني - القلعة الصغرى,وادي لاية,12,468,468,100.0,0
/Users/mohameddhiahammami/iCloud Drive (Archive)/www.isie.tn/wp-content/uploads/2024/ListesElecteurs06Juillet2024/الداخل/سوسة/2009_مساكن/البرجين.pdf,البرجين.pdf,سوسة,مساكن,البرجين,95,4108,4108,100.0,0
/Users/mohameddhiahammami/iCloud Drive (Archive)/www.isie.tn/wp-content/uploads/2024/ListesElecteurs06Juillet2024/الداخل/سوسة/2009_مساكن/التوارة الجنوبية.pdf,التوارة الجنوبية.pdf,سوسة,مساكن,التوارة الجنوبية,47,2000,2000,100.0,0
/Users/mohameddhiahammami/iCloud Drive (Archive)/www.isie.tn/wp-content/uploads/2024/ListesElecteurs06Juillet2024/الداخل/سوسة/2009_مساكن/التوارة الشمالية.pdf,التوارة الشمالية.pdf,سوسة,مساكن,التوارة الشمالية,138,6014,6014,100.0,0
/Users/mohameddhiahammami/iCloud Drive (Archive)/www.isie.tn/wp-content/uploads/2024/ListesElecteurs06Juillet2024/الداخل/سوسة/2009_مساكن/الجبليين.pdf,الجبليين.pdf,سوسة,مساكن,الجبليين,153,6653,6653,100.0,0
/Users/mohameddhiahammami/iCloud Drive (Archive)/www.isie.tn/wp-content/uploads/2024/ListesElecteurs06Juillet2024/الداخل/سوسة/2009_مساكن/الجديديين.pdf,الجديديين.pdf,سوسة,مساكن,الجديديين,128,5554,5554,100.0,0
/Users/mohameddhiahammami/iCloud Drive (Archive)/www.isie.tn/wp-content/uploads/2024/ListesElecteurs06Juillet2024/الداخل/سوسة/2009_مساكن/الحبيب ثامر.pdf,الحبيب ثامر.pdf,سوسة,مساكن,الحبيب ثامر,96,4175,4175,100.0,0
/Users/mohameddhiahammami/iCloud Drive (Archive)/www.isie.tn/wp-content/uploads/2024/ListesElecteurs06Juillet2024/الداخل/سوسة/2009_مساكن/الغربيين.pdf,الغربيين.pdf,سوسة,مساكن,الغربيين,90,3896,3896,100.0,0
/Users/mohameddhiahammami/iCloud Drive (Archive)/www.isie.tn/wp-content/uploads/2024/ListesElecteurs06Juillet2024/الداخل/سوسة/2009_مساكن/الفرداي.pdf,الفرداي.pdf,سوسة,مساكن,الفرداي,28,1173,1173,100.0,0
/Users/mohameddhiahammami/iCloud Drive (Archive)/www.isie.tn/wp-content/uploads/2024/ListesElecteurs06Juillet2024/الداخل/سوسة/2009_مساكن/القبليين.pdf,القبليين.pdf,سوسة,مساكن,القبليين,51,2173,2173,100.0,0
/Users/mohameddhiahammami/iCloud Drive (Archive)/www.isie.tn/wp-content/uploads/2024/ListesElecteurs06Juillet2024/الداخل/سوسة/2009_مساكن/الكنائس.pdf,الكنائس.pdf,سوسة,مساكن,الكنائس,98,4267,4267,100.0,0
/Users/mohameddhiahammami/iCloud Drive (Archive)/www.isie.tn/wp-content/uploads/2024/ListesElecteurs06Juillet2024/الداخل/سوسة/2009_مساكن/المردين.pdf,المردين.pdf,سوسة,مساكن,المردين,68,2929,2929,100.0,0
/Users/mohameddhiahammami/iCloud Drive (Archive)/www.isie.tn/wp-content/uploads/2024/ListesElecteurs06Juillet2024/الداخل/سوسة/2009_مساكن/المسعدين.pdf,المسعدين.pdf,سوسة,مساكن,المسعدين,208,9083,9083,100.0,0
/Users/mohameddhiahammami/iCloud Drive (Archive)/www.isie.tn/wp-content/uploads/2024/ListesElecteurs06Juillet2024/الداخل/سوسة/2009_مساكن/المناعمة.pdf,المناعمة.pdf,سوسة,مساكن,المناعمة,37,1572,1572,100.0,0
/Users/mohameddhiahammami/iCloud Drive (Archive)/www.isie.tn/wp-content/uploads/2024/ListesElecteurs06Juillet2024/الداخل/سوسة/2009_مساكن/النجاجرة.pdf,النجاجرة.pdf,سوسة,مساكن,النجاجرة,199,8689,8689,100.0,0
/Users/mohameddhiahammami/iCloud Drive (Archive)/www.isie.tn/wp-content/uploads/2024/ListesElecteurs06Juillet2024/الداخل/سوسة/2009_مساكن/النور.pdf,النور.pdf,سوسة,مساكن,النور,72,3111,3111,100.0,0
/Users/mohameddhiahammami/iCloud Drive (Archive)/www.isie.tn/wp-content/uploads/2024/ListesElecteurs06Juillet2024/الداخل/سوسة/2009_مساكن/بني ربيعة.pdf,بني ربيعة.pdf,سوسة,مساكن,بني ربيعة,56,2398,2398,100.0,0
/Users/mohameddhiahammami/iCloud Drive (Archive)/www.isie.tn/wp-content/uploads/2024/ListesElecteurs06Juillet2024/الداخل/سوسة/2009_مساكن/بني كلثوم.pdf,بني كلثوم.pdf,سوسة,مساكن,بني كلثوم,60,2572,2572,100.0,0
/Users/mohameddhiahammami/iCloud Drive (Archive)/www.isie.tn/wp-content/uploads/2024/ListesElecteurs06Juillet2024/الداخل/سيدي بوزيد/1601_الرقاب - السعيدة - أولاد حفوز/أولاد حفوز.pdf,أولاد حفوز.pdf,سيدي بوزيد,الرقاب - السعيدة - أولاد حفوز,أولاد حفوز,86,3721,3721,100.0,0
/Users/mohameddhiahammami/iCloud Drive (Archive)/www.isie.tn/wp-content/uploads/2024/ListesElecteurs06Juillet2024/الداخل/سيدي بوزيد/1601_الرقاب - السعيدة - أولاد حفوز/أولاد عيوني.pdf,أولاد عيوني.pdf,سيدي بوزيد,الرقاب - السعيدة - أولاد حفوز,أولاد عيوني,31,1277,1277,100.0,0
/Users/mohameddhiahammami/iCloud Drive (Archive)/www.isie.tn/wp-content/uploads/2024/ListesElecteurs06Juillet2024/الداخل/سيدي بوزيد/1601_الرقاب - السعيدة - أولاد حفوز/الحنية.pdf,الحنية.pdf,سيدي بوزيد,الرقاب - السعيدة - أولاد حفوز,الحنية,44,1883,1883,100.0,0
/Users/mohameddhiahammami/iCloud Drive (Archive)/www.isie.tn/wp-content/uploads/2024/ListesElecteurs06Juillet2024/الداخل/سيدي بوزيد/1601_الرقاب - السعيدة - أولاد حفوز/الخشم الشرقية.pdf,الخشم الشرقية.pdf,سيدي بوزيد,الرقاب - السعيدة - أولاد حفوز,الخشم الشرقية,84,3645,3645,100.0,0
/Users/mohameddhiahammami/iCloud Drive (Archive)/www.isie.tn/wp-content/uploads/2024/ListesElecteurs06Juillet2024/الداخل/سيدي بوزيد/1601_الرقاب - السعيدة - أولاد حفوز/الخشم الغربية.pdf,الخشم الغربية.pdf,سيدي بوزيد,الرقاب - السعيدة - أولاد حفوز,الخشم الغربية,68,2917,2917,100.0,0
/Users/mohameddhiahammami/iCloud Drive (Archive)/www.isie.tn/wp-content/uploads/2024/ListesElecteurs06Juillet2024/الداخل/سيدي بوزيد/1601_الرقاب - السعيدة - أولاد حفوز/الذويبات الجنوبية.pdf,الذويبات الجنوبية.pdf,سيدي بوزيد,الرقاب - السعيدة - أولاد حفوز,الذويبات الجنوبية,49,2087,2087,100.0,0
/Users/mohameddhiahammami/iCloud Drive (Archive)/www.isie.tn/wp-content/uploads/2024/ListesElecteurs06Juillet2024/الداخل/سيدي بوزيد/1601_الرقاب - السعيدة - أولاد حفوز/الذويبات الشمالية.pdf,الذويبات الشمالية.pdf,سيدي بوزيد,الرقاب - السعيدة - أولاد حفوز,الذويبات الشمالية,39,1645,1645,100.0,0
/Users/mohameddhiahammami/iCloud Drive (Archive)/www.isie.tn/wp-content/uploads/2024/ListesElecteurs06Juillet2024/الداخل/سيدي بوزيد/1601_الرقاب - السعيدة - أولاد حفوز/الرضاع.pdf,الرضاع.pdf,سيدي بوزيد,الرقاب - السعيدة - أولاد حفوز,الرضاع,51,2176,2176,100.0,0
/Users/mohameddhiahammami/iCloud Drive (Archive)/www.isie.tn/wp-content/uploads/2024/ListesElecteurs06Juillet2024/الداخل/سيدي بوزيد/1601_الرقاب - السعيدة - أولاد حفوز/الرضاع الشرقية.pdf,الرضاع الشرقية.pdf,سيدي بوزيد,الرقاب - السعيدة - أولاد حفوز,الرضاع الشرقية,51,2173,2173,100.0,0
/Users/mohameddhiahammami/iCloud Drive (Archive)/www.isie.tn/wp-content/uploads/2024/ListesElecteurs06Juillet2024/الداخل/سيدي بوزيد/1601_الرقاب - السعيدة - أولاد حفوز/الرقاب.pdf,الرقاب.pdf,سيدي بوزيد,الرقاب - السعيدة - أولاد حفوز,الرقاب,261,11400,11400,100.0,0
/Users/mohameddhiahammami/iCloud Drive (Archive)/www.isie.tn/wp-content/uploads/2024/ListesElecteurs06Juillet2024/الداخل/سيدي بوزيد/1601_الرقاب - السعيدة - أولاد حفوز/السعيدة الجنوبية.pdf,السعيدة الجنوبية.pdf,سيدي بوزيد,الرقاب - السعيدة - أولاد حفوز,السعيدة الجنوبية,60,2585,2585,100.0,0
/Users/mohameddhiahammami/iCloud Drive (Archive)/www.isie.tn/wp-content/uploads/2024/ListesElecteurs06Juillet2024/الداخل/سيدي بوزيد/1601_الرقاب - السعيدة - أولاد حفوز/السعيدة الشرقية.pdf,السعيدة الشرقية.pdf,سيدي بوزيد,الرقاب - السعيدة - أولاد حفوز,السعيدة الشرقية,70,2997,2997,100.0,0
/Users/mohameddhiahammami/iCloud Drive (Archive)/www.isie.tn/wp-content/uploads/2024/ListesElecteurs06Juillet2024/الداخل/سيدي بوزيد/1601_الرقاب - السعيدة - أولاد حفوز/السعيدة الشمالية.pdf,السعيدة الشمالية.pdf,سيدي بوزيد,الرقاب - السعيدة - أولاد حفوز,السعيدة الشمالية,138,6009,6009,100.0,0
/Users/mohameddhiahammami/iCloud Drive (Archive)/www.isie.tn/wp-content/uploads/2024/ListesElecteurs06Juillet2024/الداخل/سيدي بوزيد/1601_الرقاب - السعيدة - أولاد حفوز/السكبة.pdf,السكبة.pdf,سيدي بوزيد,الرقاب - السعيدة - أولاد حفوز,السكبة,30,1268,1268,100.0,0
/Users/mohameddhiahammami/iCloud Drive (Archive)/www.isie.tn/wp-content/uploads/2024/ListesElecteurs06Juillet2024/الداخل/سيدي بوزيد/1601_الرقاب - السعيدة - أولاد حفوز/الشواشية.pdf,الشواشية.pdf,سيدي بوزيد,الرقاب - السعيدة - أولاد حفوز,الشواشية,22,899,899,100.0,0
/Users/mohameddhiahammami/iCloud Drive (Archive)/www.isie.tn/wp-content/uploads/2024/ListesElecteurs06Juillet2024/الداخل/سيدي بوزيد/1601_الرقاب - السعيدة - أولاد حفوز/المباركية.pdf,المباركية.pdf,سيدي بوزيد,الرقاب - السعيدة - أولاد حفوز,المباركية,27,1118,1118,100.0,0
/Users/mohameddhiahammami/iCloud Drive (Archive)/www.isie.tn/wp-content/uploads/2024/ListesElecteurs06Juillet2024/الداخل/سيدي بوزيد/1601_الرقاب - السعيدة - أولاد حفوز/بودينار.pdf,بودينار.pdf,سيدي بوزيد,الرقاب - السعيدة - أولاد حفوز,بودينار,40,1708,1708,100.0,0
/Users/mohameddhiahammami/iCloud Drive (Archive)/www.isie.tn/wp-content/uploads/2024/ListesElecteurs06Juillet2024/الداخل/سيدي بوزيد/1601_الرقاب - السعيدة - أولاد حفوز/ريحانة.pdf,ريحانة.pdf,سيدي بوزيد,الرقاب - السعيدة - أولاد حفوز,ريحانة,59,2530,2530,100.0,0
/Users/mohameddhiahammami/iCloud Drive (Archive)/www.isie.tn/wp-content/uploads/2024/ListesElecteurs06Juillet2024/الداخل/سيدي بوزيد/1601_الرقاب - السعيدة - أولاد حفوز/سيدي اللافي.pdf,سيدي اللافي.pdf,سيدي بوزيد,الرقاب - السعيدة - أولاد حفوز,سيدي اللافي,29,1200,1200,100.0,0
/Users/mohameddhiahammami/iCloud Drive (Archive)/www.isie.tn/wp-content/uploads/2024/ListesElecteurs06Juillet2024/الداخل/سيدي بوزيد/1601_الرقاب - السعيدة - أولاد حفوز/سيدي خليف.pdf,سيدي خليف.pdf,سيدي بوزيد,الرقاب - السعيدة - أولاد حفوز,سيدي خليف,36,1533,1533,100.0,0
/Users/mohameddhiahammami/iCloud Drive (Archive)/www.isie.tn/wp-content/uploads/2024/ListesElecteurs06Juillet2024/الداخل/سيدي بوزيد/1601_الرقاب - السعيدة - أولاد حفوز/فرش غريب.pdf,فرش غريب.pdf,سيدي بوزيد,الرقاب - السعيدة - أولاد حفوز,فرش غريب,55,2367,2367,100.0,0
/Users/mohameddhiahammami/iCloud Drive (Archive)/www.isie.tn/wp-content/uploads/2024/ListesElecteurs06Juillet2024/الداخل/سيدي بوزيد/1601_الرقاب - السعيدة - أولاد حفوز/قبرار.pdf,قبرار.pdf,سيدي بوزيد,الرقاب - السعيدة - أولاد حفوز,قبرار,52,2224,2224,100.0,0
/Users/mohameddhiahammami/iCloud Drive (Archive)/www.isie.tn/wp-content/uploads/2024/ListesElecteurs06Juillet2024/الداخل/سيدي بوزيد/1601_الرقاب - السعيدة - أولاد حفوز/قصر الحمام الشرقية.pdf,قصر الحمام الشرقية.pdf,سيدي بوزيد,الرقاب - السعيدة - أولاد حفوز,قصر الحمام الشرقية,62,2668,2668,100.0,0
/Users/mohameddhiahammami/iCloud Drive (Archive)/www.isie.tn/wp-content/uploads/2024/ListesElecteurs06Juillet2024/الداخل/سيدي بوزيد/1601_الرقاب - السعيدة - أولاد حفوز/قصر الحمام الغربية.pdf,قصر الحمام الغربية.pdf,سيدي بوزيد,الرقاب - السعيدة - أولاد حفوز,قصر الحمام الغربية,61,2599,2599,100.0,0
/Users/mohameddhiahammami/iCloud Drive (Archive)/www.isie.tn/wp-content/uploads/2024/ListesElecteurs06Juillet2024/الداخل/سيدي بوزيد/1601_الرقاب - السعيدة - أولاد حفوز/قولاب.pdf,قولاب.pdf,سيدي بوزيد,الرقاب - السعيدة - أولاد حفوز,قولاب,66,2838,2838,100.0,0
/Users/mohameddhiahammami/iCloud Drive (Archive)/www.isie.tn/wp-content/uploads/2024/ListesElecteurs06Juillet2024/الداخل/سيدي بوزيد/1601_الرقاب - السعيدة - أولاد حفوز/كسودة.pdf,كسودة.pdf,سيدي بوزيد,الرقاب - السعيدة - أولاد حفوز,كسودة,54,2306,2306,100.0,0
/Users/mohameddhiahammami/iCloud Drive (Archive)/www.isie.tn/wp-content/uploads/2024/ListesElecteurs06Juillet2024/الداخل/سيدي بوزيد/1602_بئر الحفي - سيدي علي بن عون/أولاد ابراهيم.pdf,أولاد ابراهيم.pdf,سيدي بوزيد,بئر الحفي - سيدي علي بن عون,أولاد ابراهيم,37,1569,1569,100.0,0
/Users/mohameddhiahammami/iCloud Drive (Archive)/www.isie.tn/wp-content/uploads/2024/ListesElecteurs06Juillet2024/الداخل/سيدي بوزيد/1602_بئر الحفي - سيدي علي بن عون/الرابطة.pdf,الرابطة.pdf,سيدي بوزيد,بئر الحفي - سيدي علي بن عون,الرابطة,87,3764,3764,100.0,0
/Users/mohameddhiahammami/iCloud Drive (Archive)/www.isie.tn/wp-content/uploads/2024/ListesElecteurs06Juillet2024/الداخل/سيدي بوزيد/1602_بئر الحفي - سيدي علي بن عون/الساهلة.pdf,الساهلة.pdf,سيدي بوزيد,بئر الحفي - سيدي علي بن عون,الساهلة,32,1348,1348,100.0,0
/Users/mohameddhiahammami/iCloud Drive (Archive)/www.isie.tn/wp-content/uploads/2024/ListesElecteurs06Juillet2024/الداخل/سيدي بوزيد/1602_بئر الحفي - سيدي علي بن عون/السلامة.pdf,السلامة.pdf,سيدي بوزيد,بئر الحفي - سيدي علي بن عون,السلامة,51,2198,2198,100.0,0
/Users/mohameddhiahammami/iCloud Drive (Archive)/www.isie.tn/wp-content/uploads/2024/ListesElecteurs06Juillet2024/الداخل/سيدي بوزيد/1602_بئر الحفي - سيدي علي بن عون/القصر.pdf,القصر.pdf,سيدي بوزيد,بئر الحفي - سيدي علي بن عون,القصر,63,2713,2713,100.0,0
/Users/mohameddhiahammami/iCloud Drive (Archive)/www.isie.tn/wp-content/uploads/2024/ListesElecteurs06Juillet2024/الداخل/سيدي بوزيد/1602_بئر الحفي - سيدي علي بن عون/المحمدية.pdf,المحمدية.pdf,سيدي بوزيد,بئر الحفي - سيدي علي بن عون,المحمدية,10,358,358,100.0,0
/Users/mohameddhiahammami/iCloud Drive (Archive)/www.isie.tn/wp-content/uploads/2024/ListesElecteurs06Juillet2024/الداخل/سيدي بوزيد/1602_بئر الحفي - سيدي علي بن عون/المزارة.pdf,المزارة.pdf,سيدي بوزيد,بئر الحفي - سيدي علي بن عون,المزارة,78,3379,3379,100.0,0
/Users/mohameddhiahammami/iCloud Drive (Archive)/www.isie.tn/wp-content/uploads/2024/ListesElecteurs06Juillet2024/الداخل/سيدي بوزيد/1602_بئر الحفي - سيدي علي بن عون/المنصورة الشرقية.pdf,المنصورة الشرقية.pdf,سيدي بوزيد,بئر الحفي - سيدي علي بن عون,المنصورة الشرقية,43,1813,1813,100.0,0
/Users/mohameddhiahammami/iCloud Drive (Archive)/www.isie.tn/wp-content/uploads/2024/ListesElecteurs06Juillet2024/الداخل/سيدي بوزيد/1602_بئر الحفي - سيدي علي بن عون/المنصورة الغربية.pdf,المنصورة الغربية.pdf,سيدي بوزيد,بئر الحفي - سيدي علي بن عون,المنصورة الغربية,38,1615,1615,100.0,0
/Users/mohameddhiahammami/iCloud Drive (Archive)/www.isie.tn/wp-content/uploads/2024/ListesElecteurs06Juillet2024/الداخل/سيدي بوزيد/1602_بئر الحفي - سيدي علي بن عون/الواعرة.pdf,الواعرة.pdf,سيدي بوزيد,بئر الحفي - سيدي علي بن عون,الواعرة,43,1822,1822,100.0,0
/Users/mohameddhiahammami/iCloud Drive (Archive)/www.isie.tn/wp-content/uploads/2024/ListesElecteurs06Juillet2024/الداخل/سيدي بوزيد/1602_بئر الحفي - سيدي علي بن عون/بئر الحفي.pdf,بئر الحفي.pdf,سيدي بوزيد,بئر الحفي - سيدي علي بن عون,بئر الحفي,272,11884,11884,100.0,0
/Users/mohameddhiahammami/iCloud Drive (Archive)/www.isie.tn/wp-content/uploads/2024/ListesElecteurs06Juillet2024/الداخل/سيدي بوزيد/1602_بئر الحفي - سيدي علي بن عون/بئر بوصبيع.pdf,بئر بوصبيع.pdf,سيدي بوزيد,بئر الحفي - سيدي علي بن عون,بئر بوصبيع,48,2059,2059,100.0,0
/Users/mohameddhiahammami/iCloud Drive (Archive)/www.isie.tn/wp-content/uploads/2024/ListesElecteurs06Juillet2024/الداخل/سيدي بوزيد/1602_بئر الحفي - سيدي علي بن عون/بئر عمامة.pdf,بئر عمامة.pdf,سيدي بوزيد,بئر الحفي - سيدي علي بن عون,بئر عمامة,53,2267,2267,100.0,0
/Users/mohameddhiahammami/iCloud Drive (Archive)/www.isie.tn/wp-content/uploads/2024/ListesElecteurs06Juillet2024/الداخل/سيدي بوزيد/1602_بئر الحفي - سيدي علي بن عون/رحال.pdf,رحال.pdf,سيدي بوزيد,بئر الحفي - سيدي علي بن عون,رحال,96,4170,4170,100.0,0
/Users/mohameddhiahammami/iCloud Drive (Archive)/www.isie.tn/wp-content/uploads/2024/ListesElecteurs06Juillet2024/الداخل/سيدي بوزيد/1602_بئر الحفي - سيدي علي بن عون/سيدي علي بن عون.pdf,سيدي علي بن عون.pdf,سيدي بوزيد,بئر الحفي - سيدي علي بن عون,سيدي علي بن عون,213,9324,9324,100.0,0
/Users/mohameddhiahammami/iCloud Drive (Archive)/www.isie.tn/wp-content/uploads/2024/ListesElecteurs06Juillet2024/الداخل/سيدي بوزيد/1602_بئر الحفي - سيدي علي بن عون/ورغة.pdf,ورغة.pdf,سيدي بوزيد,بئر الحفي - سيدي علي بن عون,ورغة,49,2085,2085,100.0,0
/Users/mohameddhiahammami/iCloud Drive (Archive)/www.isie.tn/wp-content/uploads/2024/ListesElecteurs06Juillet2024/الداخل/سيدي بوزيد/1603_جلمة - سبالة أولاد عسكر/الابيض.pdf,الابيض.pdf,سيدي بوزيد,جلمة - سبالة أولاد عسكر,الابيض,46,1966,1966,100.0,0
/Users/mohameddhiahammami/iCloud Drive (Archive)/www.isie.tn/wp-content/uploads/2024/ListesElecteurs06Juillet2024/الداخل/سيدي بوزيد/1603_جلمة - سبالة أولاد عسكر/الحميمة.pdf,الحميمة.pdf,سيدي بوزيد,جلمة - سبالة أولاد عسكر,الحميمة,78,3380,3380,100.0,0
/Users/mohameddhiahammami/iCloud Drive (Archive)/www.isie.tn/wp-content/uploads/2024/ListesElecteurs06Juillet2024/الداخل/سيدي بوزيد/1603_جلمة - سبالة أولاد عسكر/السبالة.pdf,السبالة.pdf,سيدي بوزيد,جلمة - سبالة أولاد عسكر,السبالة,119,5166,5166,100.0,0
/Users/mohameddhiahammami/iCloud Drive (Archive)/www.isie.tn/wp-content/uploads/2024/ListesElecteurs06Juillet2024/الداخل/سيدي بوزيد/1603_جلمة - سبالة أولاد عسكر/السد.pdf,السد.pdf,سيدي بوزيد,جلمة - سبالة أولاد عسكر,السد,87,3774,3774,100.0,0
/Users/mohameddhiahammami/iCloud Drive (Archive)/www.isie.tn/wp-content/uploads/2024/ListesElecteurs06Juillet2024/الداخل/سيدي بوزيد/1603_جلمة - سبالة أولاد عسكر/العامرة.pdf,العامرة.pdf,سيدي بوزيد,جلمة - سبالة أولاد عسكر,العامرة,100,4329,4329,100.0,0
/Users/mohameddhiahammami/iCloud Drive (Archive)/www.isie.tn/wp-content/uploads/2024/ListesElecteurs06Juillet2024/الداخل/سيدي بوزيد/1603_جلمة - سبالة أولاد عسكر/العضلة.pdf,العضلة.pdf,سيدي بوزيد,جلمة - سبالة أولاد عسكر,العضلة,52,2230,2230,100.0,0
/Users/mohameddhiahammami/iCloud Drive (Archive)/www.isie.tn/wp-content/uploads/2024/ListesElecteurs06Juillet2024/الداخل/سيدي بوزيد/1603_جلمة - سبالة أولاد عسكر/العيون.pdf,العيون.pdf,سيدي بوزيد,جلمة - سبالة أولاد عسكر,العيون,39,1640,1640,100.0,0
/Users/mohameddhiahammami/iCloud Drive (Archive)/www.isie.tn/wp-content/uploads/2024/ListesElecteurs06Juillet2024/الداخل/سيدي بوزيد/1603_جلمة - سبالة أولاد عسكر/باطن الغزال الجنوبية.pdf,باطن الغزال الجنوبية.pdf,سيدي بوزيد,جلمة - سبالة أولاد عسكر,باطن الغزال الجنوبية,17,702,702,100.0,0
/Users/mohameddhiahammami/iCloud Drive (Archive)/www.isie.tn/wp-content/uploads/2024/ListesElecteurs06Juillet2024/الداخل/سيدي بوزيد/1603_جلمة - سبالة أولاد عسكر/باطن الغزال الشمالية.pdf,باطن الغزال الشمالية.pdf,سيدي بوزيد,جلمة - سبالة أولاد عسكر,باطن الغزال الشمالية,39,1630,1630,100.0,0
/Users/mohameddhiahammami/iCloud Drive (Archive)/www.isie.tn/wp-content/uploads/2024/ListesElecteurs06Juillet2024/الداخل/سيدي بوزيد/1603_جلمة - سبالة أولاد عسكر/جلمة الشرقية.pdf,جلمة الشرقية.pdf,سيدي بوزيد,جلمة - سبالة أولاد عسكر,جلمة الشرقية,73,3165,3165,100.0,0
/Users/mohameddhiahammami/iCloud Drive (Archive)/www.isie.tn/wp-content/uploads/2024/ListesElecteurs06Juillet2024/الداخل/سيدي بوزيد/1603_جلمة - سبالة أولاد عسكر/جلمة الغربية.pdf,جلمة الغربية.pdf,سيدي بوزيد,جلمة - سبالة أولاد عسكر,جلمة الغربية,191,8348,8348,100.0,0
/Users/mohameddhiahammami/iCloud Drive (Archive)/www.isie.tn/wp-content/uploads/2024/ListesElecteurs06Juillet2024/الداخل/سيدي بوزيد/1603_جلمة - سبالة أولاد عسكر/زغمار.pdf,زغمار.pdf,سيدي بوزيد,جلمة - سبالة أولاد عسكر,زغمار,43,1847,1847,100.0,0
/Users/mohameddhiahammami/iCloud Drive (Archive)/www.isie.tn/wp-content/uploads/2024/ListesElecteurs06Juillet2024/الداخل/سيدي بوزيد/1603_جلمة - سبالة أولاد عسكر/سلتة.pdf,سلتة.pdf,سيدي بوزيد,جلمة - سبالة أولاد عسكر,سلتة,64,2753,2753,100.0,0
/Users/mohameddhiahammami/iCloud Drive (Archive)/www.isie.tn/wp-content/uploads/2024/ListesElecteurs06Juillet2024/الداخل/سيدي بوزيد/1603_جلمة - سبالة أولاد عسكر/غدير الزيتون.pdf,غدير الزيتون.pdf,سيدي بوزيد,جلمة - سبالة أولاد عسكر,غدير الزيتون,93,4041,4041,100.0,0
/Users/mohameddhiahammami/iCloud Drive (Archive)/www.isie.tn/wp-content/uploads/2024/ListesElecteurs06Juillet2024/الداخل/سيدي بوزيد/1603_جلمة - سبالة أولاد عسكر/لزيرق.pdf,لزيرق.pdf,سيدي بوزيد,جلمة - سبالة أولاد عسكر,لزيرق,41,1741,1741,100.0,0
/Users/mohameddhiahammami/iCloud Drive (Archive)/www.isie.tn/wp-content/uploads/2024/ListesElecteurs06Juillet2024/الداخل/سيدي بوزيد/1603_جلمة - سبالة أولاد عسكر/مغيلة.pdf,مغيلة.pdf,سيدي بوزيد,جلمة - سبالة أولاد عسكر,مغيلة,62,2648,2648,100.0,0
/Users/mohameddhiahammami/iCloud Drive (Archive)/www.isie.tn/wp-content/uploads/2024/ListesElecteurs06Juillet2024/الداخل/سيدي بوزيد/1604_سيدي بوزيد الشرقية - سوق الجديد/أولاد الفالح.pdf,أولاد الفالح.pdf,سيدي بوزيد,سيدي بوزيد الشرقية - سوق الجديد,أولاد الفالح,10,380,380,100.0,0
/Users/mohameddhiahammami/iCloud Drive (Archive)/www.isie.tn/wp-content/uploads/2024/ListesElecteurs06Juillet2024/الداخل/سيدي بوزيد/1604_سيدي بوزيد الشرقية - سوق الجديد/الأحواز.pdf,الأحواز.pdf,سيدي بوزيد,سيدي بوزيد الشرقية - سوق الجديد,الأحواز,67,2865,2865,100.0,0
/Users/mohameddhiahammami/iCloud Drive (Archive)/www.isie.tn/wp-content/uploads/2024/ListesElecteurs06Juillet2024/الداخل/سيدي بوزيد/1604_سيدي بوزيد الشرقية - سوق الجديد/الأسودة.pdf,الأسودة.pdf,سيدي بوزيد,سيدي بوزيد الشرقية - سوق الجديد,الأسودة,151,6582,6582,100.0,0
/Users/mohameddhiahammami/iCloud Drive (Archive)/www.isie.tn/wp-content/uploads/2024/ListesElecteurs06Juillet2024/الداخل/سيدي بوزيد/1604_سيدي بوزيد الشرقية - سوق الجديد/الحنية ابازيد.pdf,الحنية ابازيد.pdf,سيدي بوزيد,سيدي بوزيد الشرقية - سوق الجديد,الحنية ابازيد,55,2358,2358,100.0,0
/Users/mohameddhiahammami/iCloud Drive (Archive)/www.isie.tn/wp-content/uploads/2024/ListesElecteurs06Juillet2024/الداخل/سيدي بوزيد/1604_سيدي بوزيد الشرقية - سوق الجديد/الرميلية.pdf,الرميلية.pdf,سيدي بوزيد,سيدي بوزيد الشرقية - سوق الجديد,الرميلية,61,2610,2610,100.0,0
/Users/mohameddhiahammami/iCloud Drive (Archive)/www.isie.tn/wp-content/uploads/2024/ListesElecteurs06Juillet2024/الداخل/سيدي بوزيد/1604_سيدي بوزيد الشرقية - سوق الجديد/الزفزاف.pdf,الزفزاف.pdf,سيدي بوزيد,سيدي بوزيد الشرقية - سوق الجديد,الزفزاف,74,3178,3178,100.0,0
/Users/mohameddhiahammami/iCloud Drive (Archive)/www.isie.tn/wp-content/uploads/2024/ListesElecteurs06Juillet2024/الداخل/سيدي بوزيد/1604_سيدي بوزيد الشرقية - سوق الجديد/العامرة.pdf,العامرة.pdf,سيدي بوزيد,سيدي بوزيد الشرقية - سوق الجديد,العامرة,39,1656,1656,100.0,0
/Users/mohameddhiahammami/iCloud Drive (Archive)/www.isie.tn/wp-content/uploads/2024/ListesElecteurs06Juillet2024/الداخل/سيدي بوزيد/1604_سيدي بوزيد الشرقية - سوق الجديد/العقلة.pdf,العقلة.pdf,سيدي بوزيد,سيدي بوزيد الشرقية - سوق الجديد,العقلة,70,3002,3002,100.0,0
/Users/mohameddhiahammami/iCloud Drive (Archive)/www.isie.tn/wp-content/uploads/2024/ListesElecteurs06Juillet2024/الداخل/سيدي بوزيد/1604_سيدي بوزيد الشرقية - سوق الجديد/القصيرة.pdf,القصيرة.pdf,سيدي بوزيد,سيدي بوزيد الشرقية - سوق الجديد,القصيرة,41,1754,1754,100.0,0
/Users/mohameddhiahammami/iCloud Drive (Archive)/www.isie.tn/wp-content/uploads/2024/ListesElecteurs06Juillet2024/الداخل/سيدي بوزيد/1604_سيدي بوزيد الشرقية - سوق الجديد/المكارم.pdf,المكارم.pdf,سيدي بوزيد,سيدي بوزيد الشرقية - سوق الجديد,المكارم,67,2886,2886,100.0,0
/Users/mohameddhiahammami/iCloud Drive (Archive)/www.isie.tn/wp-content/uploads/2024/ListesElecteurs06Juillet2024/الداخل/سيدي بوزيد/1604_سيدي بوزيد الشرقية - سوق الجديد/المكارم الشرقية.pdf,المكارم الشرقية.pdf,سيدي بوزيد,سيدي بوزيد الشرقية - سوق الجديد,المكارم الشرقية,53,2280,2280,100.0,0
/Users/mohameddhiahammami/iCloud Drive (Archive)/www.isie.tn/wp-content/uploads/2024/ListesElecteurs06Juillet2024/الداخل/سيدي بوزيد/1604_سيدي بوزيد الشرقية - سوق الجديد/بئر بدر.pdf,بئر بدر.pdf,سيدي بوزيد,سيدي بوزيد الشرقية - سوق الجديد,بئر بدر,56,2401,2401,100.0,0
/Users/mohameddhiahammami/iCloud Drive (Archive)/www.isie.tn/wp-content/uploads/2024/ListesElecteurs06Juillet2024/الداخل/سيدي بوزيد/1604_سيدي بوزيد الشرقية - سوق الجديد/بنور.pdf,بنور.pdf,سيدي بوزيد,سيدي بوزيد الشرقية - سوق الجديد,بنور,73,3148,3148,100.0,0
/Users/mohameddhiahammami/iCloud Drive (Archive)/www.isie.tn/wp-content/uploads/2024/ListesElecteurs06Juillet2024/الداخل/سيدي بوزيد/1604_سيدي بوزيد الشرقية - سوق الجديد/سقدال.pdf,سقدال.pdf,سيدي بوزيد,سيدي بوزيد الشرقية - سوق الجديد,سقدال,52,2228,2228,100.0,0
/Users/mohameddhiahammami/iCloud Drive (Archive)/www.isie.tn/wp-content/uploads/2024/ListesElecteurs06Juillet2024/الداخل/سيدي بوزيد/1604_سيدي بوزيد الشرقية - سوق الجديد/سوق الجديد.pdf,سوق الجديد.pdf,سيدي بوزيد,سيدي بوزيد الشرقية - سوق الجديد,سوق الجديد,77,3330,3330,100.0,0
/Users/mohameddhiahammami/iCloud Drive (Archive)/www.isie.tn/wp-content/uploads/2024/ListesElecteurs06Juillet2024/الداخل/سيدي بوزيد/1604_سيدي بوزيد الشرقية - سوق الجديد/عين رباو.pdf,عين رباو.pdf,سيدي بوزيد,سيدي بوزيد الشرقية - سوق الجديد,عين رباو,43,1831,1831,100.0,0
/Users/mohameddhiahammami/iCloud Drive (Archive)/www.isie.tn/wp-content/uploads/2024/ListesElecteurs06Juillet2024/الداخل/سيدي بوزيد/1604_سيدي بوزيد الشرقية - سوق الجديد/غريويس.pdf,غريويس.pdf,سيدي بوزيد,سيدي بوزيد الشرقية - سوق الجديد,غريويس,34,1409,1409,100.0,0
/Users/mohameddhiahammami/iCloud Drive (Archive)/www.isie.tn/wp-content/uploads/2024/ListesElecteurs06Juillet2024/الداخل/سيدي بوزيد/1604_سيدي بوزيد الشرقية - سوق الجديد/فائض.pdf,فائض.pdf,سيدي بوزيد,سيدي بوزيد الشرقية - سوق الجديد,فائض,91,3943,3943,100.0,0
/Users/mohameddhiahammami/iCloud Drive (Archive)/www.isie.tn/wp-content/uploads/2024/ListesElecteurs06Juillet2024/الداخل/سيدي بوزيد/1604_سيدي بوزيد الشرقية - سوق الجديد/قارة حديد.pdf,قارة حديد.pdf,سيدي بوزيد,سيدي بوزيد الشرقية - سوق الجديد,قارة حديد,64,2735,2735,100.0,0
/Users/mohameddhiahammami/iCloud Drive (Archive)/www.isie.tn/wp-content/uploads/2024/ListesElecteurs06Juillet2024/الداخل/سيدي بوزيد/1605_سيدي بوزيد الغربية - الهيشرية/أم العظام 1.pdf,أم العظام 1.pdf,سيدي بوزيد,سيدي بوزيد الغربية - الهيشرية,أم العظام 1,40,1675,1675,100.0,0
/Users/mohameddhiahammami/iCloud Drive (Archive)/www.isie.tn/wp-content/uploads/2024/ListesElecteurs06Juillet2024/الداخل/سيدي بوزيد/1605_سيدي بوزيد الغربية - الهيشرية/أم العظام 2.pdf,أم العظام 2.pdf,سيدي بوزيد,سيدي بوزيد الغربية - الهيشرية,أم العظام 2,61,2604,2604,100.0,0
/Users/mohameddhiahammami/iCloud Drive (Archive)/www.isie.tn/wp-content/uploads/2024/ListesElecteurs06Juillet2024/الداخل/سيدي بوزيد/1605_سيدي بوزيد الغربية - الهيشرية/الزيتونة.pdf,الزيتونة.pdf,سيدي بوزيد,سيدي بوزيد الغربية - الهيشرية,الزيتونة,68,2927,2927,100.0,0
/Users/mohameddhiahammami/iCloud Drive (Archive)/www.isie.tn/wp-content/uploads/2024/ListesElecteurs06Juillet2024/الداخل/سيدي بوزيد/1605_سيدي بوزيد الغربية - الهيشرية/الصداقية.pdf,الصداقية.pdf,سيدي بوزيد,سيدي بوزيد الغربية - الهيشرية,الصداقية,49,2112,2112,100.0,0
/Users/mohameddhiahammami/iCloud Drive (Archive)/www.isie.tn/wp-content/uploads/2024/ListesElecteurs06Juillet2024/الداخل/سيدي بوزيد/1605_سيدي بوزيد الغربية - الهيشرية/الطويلة.pdf,الطويلة.pdf,سيدي بوزيد,سيدي بوزيد الغربية - الهيشرية,الطويلة,172,7500,7500,100.0,0
/Users/mohameddhiahammami/iCloud Drive (Archive)/www.isie.tn/wp-content/uploads/2024/ListesElecteurs06Juillet2024/الداخل/سيدي بوزيد/1605_سيدي بوزيد الغربية - الهيشرية/الفريو.pdf,الفريو.pdf,سيدي بوزيد,سيدي بوزيد الغربية - الهيشرية,الفريو,69,2959,2959,100.0,0
/Users/mohameddhiahammami/iCloud Drive (Archive)/www.isie.tn/wp-content/uploads/2024/ListesElecteurs06Juillet2024/الداخل/سيدي بوزيد/1605_سيدي بوزيد الغربية - الهيشرية/النصر.pdf,النصر.pdf,سيدي بوزيد,سيدي بوزيد الغربية - الهيشرية,النصر,25,1037,1037,100.0,0
/Users/mohameddhiahammami/iCloud Drive (Archive)/www.isie.tn/wp-content/uploads/2024/ListesElecteurs06Juillet2024/الداخل/سيدي بوزيد/1605_سيدي بوزيد الغربية - الهيشرية/النور.pdf,النور.pdf,سيدي بوزيد,سيدي بوزيد الغربية - الهيشرية,النور,308,13486,13486,100.0,0
/Users/mohameddhiahammami/iCloud Drive (Archive)/www.isie.tn/wp-content/uploads/2024/ListesElecteurs06Juillet2024/الداخل/سيدي بوزيد/1605_سيدي بوزيد الغربية - الهيشرية/الهيشرية.pdf,الهيشرية.pdf,سيدي بوزيد,سيدي بوزيد الغربية - الهيشرية,الهيشرية,106,4607,4607,100.0,0
/Users/mohameddhiahammami/iCloud Drive (Archive)/www.isie.tn/wp-content/uploads/2024/ListesElecteurs06Juillet2024/الداخل/سيدي بوزيد/1605_سيدي بوزيد الغربية - الهيشرية/سيدي بوزيد.pdf,سيدي بوزيد.pdf,سيدي بوزيد,سيدي بوزيد الغربية - الهيشرية,سيدي بوزيد,245,10708,10708,100.0,0
/Users/mohameddhiahammami/iCloud Drive (Archive)/www.isie.tn/wp-content/uploads/2024/ListesElecteurs06Juillet2024/الداخل/سيدي بوزيد/1605_سيدي بوزيد الغربية - الهيشرية/سيدي بوزيد الجنوبية.pdf,سيدي بوزيد الجنوبية.pdf,سيدي بوزيد,سيدي بوزيد الغربية - الهيشرية,سيدي بوزيد الجنوبية,271,11874,11874,100.0,0
/Users/mohameddhiahammami/iCloud Drive (Archive)/www.isie.tn/wp-content/uploads/2024/ListesElecteurs06Juillet2024/الداخل/سيدي بوزيد/1605_سيدي بوزيد الغربية - الهيشرية/سيدي بوزيد الغربية.pdf,سيدي بوزيد الغربية.pdf,سيدي بوزيد,سيدي بوزيد الغربية - الهيشرية,سيدي بوزيد الغربية,202,8801,8801,100.0,0
/Users/mohameddhiahammami/iCloud Drive (Archive)/www.isie.tn/wp-content/uploads/2024/ListesElecteurs06Juillet2024/الداخل/سيدي بوزيد/1605_سيدي بوزيد الغربية - الهيشرية/سيدي سالم.pdf,سيدي سالم.pdf,سيدي بوزيد,سيدي بوزيد الغربية - الهيشرية,سيدي سالم,81,3502,3502,100.0,0
/Users/mohameddhiahammami/iCloud Drive (Archive)/www.isie.tn/wp-content/uploads/2024/ListesElecteurs06Juillet2024/الداخل/سيدي بوزيد/1606_منزل بوزيان - المكناسي - المزونة/البسباس.pdf,البسباس.pdf,سيدي بوزيد,منزل بوزيان - المكناسي - المزونة,البسباس,36,1532,1532,100.0,0
/Users/mohameddhiahammami/iCloud Drive (Archive)/www.isie.tn/wp-content/uploads/2024/ListesElecteurs06Juillet2024/الداخل/سيدي بوزيد/1606_منزل بوزيان - المكناسي - المزونة/الجباس.pdf,الجباس.pdf,سيدي بوزيد,منزل بوزيان - المكناسي - المزونة,الجباس,15,591,591,100.0,0
/Users/mohameddhiahammami/iCloud Drive (Archive)/www.isie.tn/wp-content/uploads/2024/ListesElecteurs06Juillet2024/الداخل/سيدي بوزيد/1606_منزل بوزيان - المكناسي - المزونة/الخبنة.pdf,الخبنة.pdf,سيدي بوزيد,منزل بوزيان - المكناسي - المزونة,الخبنة,34,1426,1426,100.0,0
/Users/mohameddhiahammami/iCloud Drive (Archive)/www.isie.tn/wp-content/uploads/2024/ListesElecteurs06Juillet2024/الداخل/سيدي بوزيد/1606_منزل بوزيان - المكناسي - المزونة/الخرشف.pdf,الخرشف.pdf,سيدي بوزيد,منزل بوزيان - المكناسي - المزونة,الخرشف,54,2319,2319,100.0,0
/Users/mohameddhiahammami/iCloud Drive (Archive)/www.isie.tn/wp-content/uploads/2024/ListesElecteurs06Juillet2024/الداخل/سيدي بوزيد/1606_منزل بوزيان - المكناسي - المزونة/الخروبة.pdf,الخروبة.pdf,سيدي بوزيد,منزل بوزيان - المكناسي - المزونة,الخروبة,40,1702,1702,100.0,0
/Users/mohameddhiahammami/iCloud Drive (Archive)/www.isie.tn/wp-content/uploads/2024/ListesElecteurs06Juillet2024/الداخل/سيدي بوزيد/1606_منزل بوزيان - المكناسي - المزونة/الخوي.pdf,الخوي.pdf,سيدي بوزيد,منزل بوزيان - المكناسي - المزونة,الخوي,39,1668,1668,100.0,0
/Users/mohameddhiahammami/iCloud Drive (Archive)/www.isie.tn/wp-content/uploads/2024/ListesElecteurs06Juillet2024/الداخل/سيدي بوزيد/1606_منزل بوزيان - المكناسي - المزونة/الدوارة.pdf,الدوارة.pdf,سيدي بوزيد,منزل بوزيان - المكناسي - المزونة,الدوارة,27,1133,1133,100.0,0
/Users/mohameddhiahammami/iCloud Drive (Archive)/www.isie.tn/wp-content/uploads/2024/ListesElecteurs06Juillet2024/الداخل/سيدي بوزيد/1606_منزل بوزيان - المكناسي - المزونة/الزوارع.pdf,الزوارع.pdf,سيدي بوزيد,منزل بوزيان - المكناسي - المزونة,الزوارع,16,651,651,100.0,0
/Users/mohameddhiahammami/iCloud Drive (Archive)/www.isie.tn/wp-content/uploads/2024/ListesElecteurs06Juillet2024/الداخل/سيدي بوزيد/1606_منزل بوزيان - المكناسي - المزونة/السد.pdf,السد.pdf,سيدي بوزيد,منزل بوزيان - المكناسي - المزونة,السد,51,2174,2174,100.0,0
/Users/mohameddhiahammami/iCloud Drive (Archive)/www.isie.tn/wp-content/uploads/2024/ListesElecteurs06Juillet2024/الداخل/سيدي بوزيد/1606_منزل بوزيان - المكناسي - المزونة/العمران.pdf,العمران.pdf,سيدي بوزيد,منزل بوزيان - المكناسي - المزونة,العمران,47,1996,1996,100.0,0
/Users/mohameddhiahammami/iCloud Drive (Archive)/www.isie.tn/wp-content/uploads/2024/ListesElecteurs06Juillet2024/الداخل/سيدي بوزيد/1606_منزل بوزيان - المكناسي - المزونة/العمرية.pdf,العمرية.pdf,سيدي بوزيد,منزل بوزيان - المكناسي - المزونة,العمرية,26,1100,1100,100.0,0
/Users/mohameddhiahammami/iCloud Drive (Archive)/www.isie.tn/wp-content/uploads/2024/ListesElecteurs06Juillet2024/الداخل/سيدي بوزيد/1606_منزل بوزيان - المكناسي - المزونة/الغريس الشرقية.pdf,الغريس الشرقية.pdf,سيدي بوزيد,منزل بوزيان - المكناسي - المزونة,الغريس الشرقية,31,1306,1306,100.0,0
/Users/mohameddhiahammami/iCloud Drive (Archive)/www.isie.tn/wp-content/uploads/2024/ListesElecteurs06Juillet2024/الداخل/سيدي بوزيد/1606_منزل بوزيان - المكناسي - المزونة/الغريس الغربية.pdf,الغريس الغربية.pdf,سيدي بوزيد,منزل بوزيان - المكناسي - المزونة,الغريس الغربية,44,1875,1875,100.0,0
/Users/mohameddhiahammami/iCloud Drive (Archive)/www.isie.tn/wp-content/uploads/2024/ListesElecteurs06Juillet2024/الداخل/سيدي بوزيد/1606_منزل بوزيان - المكناسي - المزونة/الفوني.pdf,الفوني.pdf,سيدي بوزيد,منزل بوزيان - المكناسي - المزونة,الفوني,41,1741,1741,100.0,0
/Users/mohameddhiahammami/iCloud Drive (Archive)/www.isie.tn/wp-content/uploads/2024/ListesElecteurs06Juillet2024/الداخل/سيدي بوزيد/1606_منزل بوزيان - المكناسي - المزونة/المبروكة.pdf,المبروكة.pdf,سيدي بوزيد,منزل بوزيان - المكناسي - المزونة,المبروكة,18,735,735,100.0,0
/Users/mohameddhiahammami/iCloud Drive (Archive)/www.isie.tn/wp-content/uploads/2024/ListesElecteurs06Juillet2024/الداخل/سيدي بوزيد/1606_منزل بوزيان - المكناسي - المزونة/المزونة.pdf,المزونة.pdf,سيدي بوزيد,منزل بوزيان - المكناسي - المزونة,المزونة,152,6609,6609,100.0,0
/Users/mohameddhiahammami/iCloud Drive (Archive)/www.isie.tn/wp-content/uploads/2024/ListesElecteurs06Juillet2024/الداخل/سيدي بوزيد/1606_منزل بوزيان - المكناسي - المزونة/المكناسي الشرقية.pdf,المكناسي الشرقية.pdf,سيدي بوزيد,منزل بوزيان - المكناسي - المزونة,المكناسي الشرقية,92,3996,3996,100.0,0
/Users/mohameddhiahammami/iCloud Drive (Archive)/www.isie.tn/wp-content/uploads/2024/ListesElecteurs06Juillet2024/الداخل/سيدي بوزيد/1606_منزل بوزيان - المكناسي - المزونة/المكناسي الشمالية.pdf,المكناسي الشمالية.pdf,سيدي بوزيد,منزل بوزيان - المكناسي - المزونة,المكناسي الشمالية,108,4665,4665,100.0,0
/Users/mohameddhiahammami/iCloud Drive (Archive)/www.isie.tn/wp-content/uploads/2024/ListesElecteurs06Juillet2024/الداخل/سيدي بوزيد/1606_منزل بوزيان - المكناسي - المزونة/المكناسي الغربية.pdf,المكناسي الغربية.pdf,سيدي بوزيد,منزل بوزيان - المكناسي - المزونة,المكناسي الغربية,83,3594,3594,100.0,0
/Users/mohameddhiahammami/iCloud Drive (Archive)/www.isie.tn/wp-content/uploads/2024/ListesElecteurs06Juillet2024/الداخل/سيدي بوزيد/1606_منزل بوزيان - المكناسي - المزونة/النصر.pdf,النصر.pdf,سيدي بوزيد,منزل بوزيان - المكناسي - المزونة,النصر,33,1398,1398,100.0,0
/Users/mohameddhiahammami/iCloud Drive (Archive)/www.isie.tn/wp-content/uploads/2024/ListesElecteurs06Juillet2024/الداخل/سيدي بوزيد/1606_منزل بوزيان - المكناسي - المزونة/النوامر.pdf,النوامر.pdf,سيدي بوزيد,منزل بوزيان - المكناسي - المزونة,النوامر,127,5509,5509,100.0,0
/Users/mohameddhiahammami/iCloud Drive (Archive)/www.isie.tn/wp-content/uploads/2024/ListesElecteurs06Juillet2024/الداخل/سيدي بوزيد/1606_منزل بوزيان - المكناسي - المزونة/بوهدمة.pdf,بوهدمة.pdf,سيدي بوزيد,منزل بوزيان - المكناسي - المزونة,بوهدمة,45,1921,1921,100.0,0
/Users/mohameddhiahammami/iCloud Drive (Archive)/www.isie.tn/wp-content/uploads/2024/ListesElecteurs06Juillet2024/الداخل/سيدي بوزيد/1606_منزل بوزيان - المكناسي - المزونة/قلال.pdf,قلال.pdf,سيدي بوزيد,منزل بوزيان - المكناسي - المزونة,قلال,104,4495,4495,100.0,0
/Users/mohameddhiahammami/iCloud Drive (Archive)/www.isie.tn/wp-content/uploads/2024/ListesElecteurs06Juillet2024/الداخل/سيدي بوزيد/1606_منزل بوزيان - المكناسي - المزونة/مش.pdf,مش.pdf,سيدي بوزيد,منزل بوزيان - المكناسي - المزونة,مش,29,1190,1190,100.0,0
/Users/mohameddhiahammami/iCloud Drive (Archive)/www.isie.tn/wp-content/uploads/2024/ListesElecteurs06Juillet2024/الداخل/سيدي بوزيد/1606_منزل بوزيان - المكناسي - المزونة/منزل بوزيان.pdf,منزل بوزيان.pdf,سيدي بوزيد,منزل بوزيان - المكناسي - المزونة,منزل بوزيان,107,4651,4651,100.0,0
/Users/mohameddhiahammami/iCloud Drive (Archive)/www.isie.tn/wp-content/uploads/2024/ListesElecteurs06Juillet2024/الداخل/صفاقس/2301_الحنشة/الجواودة.pdf,الجواودة.pdf,صفاقس,الحنشة,الجواودة,55,2353,2353,100.0,0
/Users/mohameddhiahammami/iCloud Drive (Archive)/www.isie.tn/wp-content/uploads/2024/ListesElecteurs06Juillet2024/الداخل/صفاقس/2301_الحنشة/الحجارة.pdf,الحجارة.pdf,صفاقس,الحنشة,الحجارة,57,2432,2432,100.0,0
/Users/mohameddhiahammami/iCloud Drive (Archive)/www.isie.tn/wp-content/uploads/2024/ListesElecteurs06Juillet2024/الداخل/صفاقس/2301_الحنشة/الحنشة.pdf,الحنشة.pdf,صفاقس,الحنشة,الحنشة,298,13055,13055,100.0,0
/Users/mohameddhiahammami/iCloud Drive (Archive)/www.isie.tn/wp-content/uploads/2024/ListesElecteurs06Juillet2024/الداخل/صفاقس/2301_الحنشة/النصر.pdf,النصر.pdf,صفاقس,الحنشة,النصر,87,3765,3765,100.0,0
/Users/mohameddhiahammami/iCloud Drive (Archive)/www.isie.tn/wp-content/uploads/2024/ListesElecteurs06Juillet2024/الداخل/صفاقس/2301_الحنشة/بئر الشعبة.pdf,بئر الشعبة.pdf,صفاقس,الحنشة,بئر الشعبة,86,3705,3705,100.0,0
/Users/mohameddhiahammami/iCloud Drive (Archive)/www.isie.tn/wp-content/uploads/2024/ListesElecteurs06Juillet2024/الداخل/صفاقس/2301_الحنشة/بئر صالح.pdf,بئر صالح.pdf,صفاقس,الحنشة,بئر صالح,90,3875,3875,100.0,0
/Users/mohameddhiahammami/iCloud Drive (Archive)/www.isie.tn/wp-content/uploads/2024/ListesElecteurs06Juillet2024/الداخل/صفاقس/2301_الحنشة/دخان.pdf,دخان.pdf,صفاقس,الحنشة,دخان,44,1852,1852,100.0,0
/Users/mohameddhiahammami/iCloud Drive (Archive)/www.isie.tn/wp-content/uploads/2024/ListesElecteurs06Juillet2024/الداخل/صفاقس/2301_الحنشة/سيدي حسن بالحاج.pdf,سيدي حسن بالحاج.pdf,صفاقس,الحنشة,سيدي حسن بالحاج,92,4001,4001,100.0,0
/Users/mohameddhiahammami/iCloud Drive (Archive)/www.isie.tn/wp-content/uploads/2024/ListesElecteurs06Juillet2024/الداخل/صفاقس/2301_الحنشة/مركز مصباح.pdf,مركز مصباح.pdf,صفاقس,الحنشة,مركز مصباح,82,3529,3529,100.0,0
/Users/mohameddhiahammami/iCloud Drive (Archive)/www.isie.tn/wp-content/uploads/2024/ListesElecteurs06Juillet2024/الداخل/صفاقس/2408_الصخيرة - الغريبة - المحرس/الحشيشينة الجنوبية.pdf,الحشيشينة الجنوبية.pdf,صفاقس,الصخيرة - الغريبة - المحرس,الحشيشينة الجنوبية,61,2611,2611,100.0,0
/Users/mohameddhiahammami/iCloud Drive (Archive)/www.isie.tn/wp-content/uploads/2024/ListesElecteurs06Juillet2024/الداخل/صفاقس/2408_الصخيرة - الغريبة - المحرس/الحشيشينة الشمالية.pdf,الحشيشينة الشمالية.pdf,صفاقس,الصخيرة - الغريبة - المحرس,الحشيشينة الشمالية,34,1425,1425,100.0,0
/Users/mohameddhiahammami/iCloud Drive (Archive)/www.isie.tn/wp-content/uploads/2024/ListesElecteurs06Juillet2024/الداخل/صفاقس/2408_الصخيرة - الغريبة - المحرس/الحمادة.pdf,الحمادة.pdf,صفاقس,الصخيرة - الغريبة - المحرس,الحمادة,65,2805,2805,100.0,0
/Users/mohameddhiahammami/iCloud Drive (Archive)/www.isie.tn/wp-content/uploads/2024/ListesElecteurs06Juillet2024/الداخل/صفاقس/2408_الصخيرة - الغريبة - المحرس/الخضراء.pdf,الخضراء.pdf,صفاقس,الصخيرة - الغريبة - المحرس,الخضراء,73,3131,3131,100.0,0
/Users/mohameddhiahammami/iCloud Drive (Archive)/www.isie.tn/wp-content/uploads/2024/ListesElecteurs06Juillet2024/الداخل/صفاقس/2408_الصخيرة - الغريبة - المحرس/السمارة.pdf,السمارة.pdf,صفاقس,الصخيرة - الغريبة - المحرس,السمارة,48,2044,2044,100.0,0
/Users/mohameddhiahammami/iCloud Drive (Archive)/www.isie.tn/wp-content/uploads/2024/ListesElecteurs06Juillet2024/الداخل/صفاقس/2408_الصخيرة - الغريبة - المحرس/الشعال.pdf,الشعال.pdf,صفاقس,الصخيرة - الغريبة - المحرس,الشعال,24,999,999,100.0,0
/Users/mohameddhiahammami/iCloud Drive (Archive)/www.isie.tn/wp-content/uploads/2024/ListesElecteurs06Juillet2024/الداخل/صفاقس/2408_الصخيرة - الغريبة - المحرس/الشفار.pdf,الشفار.pdf,صفاقس,الصخيرة - الغريبة - المحرس,الشفار,176,7659,7659,100.0,0
/Users/mohameddhiahammami/iCloud Drive (Archive)/www.isie.tn/wp-content/uploads/2024/ListesElecteurs06Juillet2024/الداخل/صفاقس/2408_الصخيرة - الغريبة - المحرس/الصخيرة.pdf,الصخيرة.pdf,صفاقس,الصخيرة - الغريبة - المحرس,الصخيرة,257,11223,11223,100.0,0
/Users/mohameddhiahammami/iCloud Drive (Archive)/www.isie.tn/wp-content/uploads/2024/ListesElecteurs06Juillet2024/الداخل/صفاقس/2408_الصخيرة - الغريبة - المحرس/الغريبة.pdf,الغريبة.pdf,صفاقس,الصخيرة - الغريبة - المحرس,الغريبة,75,3216,3216,100.0,0
/Users/mohameddhiahammami/iCloud Drive (Archive)/www.isie.tn/wp-content/uploads/2024/ListesElecteurs06Juillet2024/الداخل/صفاقس/2408_الصخيرة - الغريبة - المحرس/القنيطرة.pdf,القنيطرة.pdf,صفاقس,الصخيرة - الغريبة - المحرس,القنيطرة,74,3191,3191,100.0,0
/Users/mohameddhiahammami/iCloud Drive (Archive)/www.isie.tn/wp-content/uploads/2024/ListesElecteurs06Juillet2024/الداخل/صفاقس/2408_الصخيرة - الغريبة - المحرس/المحرس.pdf,المحرس.pdf,صفاقس,الصخيرة - الغريبة - المحرس,المحرس,299,13084,13084,100.0,0
/Users/mohameddhiahammami/iCloud Drive (Archive)/www.isie.tn/wp-content/uploads/2024/ListesElecteurs06Juillet2024/الداخل/صفاقس/2408_الصخيرة - الغريبة - المحرس/المحرس الجنوبية.pdf,المحرس الجنوبية.pdf,صفاقس,الصخيرة - الغريبة - المحرس,المحرس الجنوبية,120,5208,5208,100.0,0
/Users/mohameddhiahammami/iCloud Drive (Archive)/www.isie.tn/wp-content/uploads/2024/ListesElecteurs06Juillet2024/الداخل/صفاقس/2408_الصخيرة - الغريبة - المحرس/المنار.pdf,المنار.pdf,صفاقس,الصخيرة - الغريبة - المحرس,المنار,111,4800,4800,100.0,0
/Users/mohameddhiahammami/iCloud Drive (Archive)/www.isie.tn/wp-content/uploads/2024/ListesElecteurs06Juillet2024/الداخل/صفاقس/2408_الصخيرة - الغريبة - المحرس/سيدي غريب.pdf,سيدي غريب.pdf,صفاقس,الصخيرة - الغريبة - المحرس,سيدي غريب,60,2575,2575,100.0,0
/Users/mohameddhiahammami/iCloud Drive (Archive)/www.isie.tn/wp-content/uploads/2024/ListesElecteurs06Juillet2024/الداخل/صفاقس/2408_الصخيرة - الغريبة - المحرس/سيدي محمد.pdf,سيدي محمد.pdf,صفاقس,الصخيرة - الغريبة - المحرس,سيدي محمد,76,3279,3279,100.0,0
/Users/mohameddhiahammami/iCloud Drive (Archive)/www.isie.tn/wp-content/uploads/2024/ListesElecteurs06Juillet2024/الداخل/صفاقس/2408_الصخيرة - الغريبة - المحرس/صبيح.pdf,صبيح.pdf,صفاقس,الصخيرة - الغريبة - المحرس,صبيح,76,3260,3260,100.0,0
/Users/mohameddhiahammami/iCloud Drive (Archive)/www.isie.tn/wp-content/uploads/2024/ListesElecteurs06Juillet2024/الداخل/صفاقس/2408_الصخيرة - الغريبة - المحرس/عيثة الشلايا.pdf,عيثة الشلايا.pdf,صفاقس,الصخيرة - الغريبة - المحرس,عيثة الشلايا,46,1958,1958,100.0,0
/Users/mohameddhiahammami/iCloud Drive (Archive)/www.isie.tn/wp-content/uploads/2024/ListesElecteurs06Juillet2024/الداخل/صفاقس/2408_الصخيرة - الغريبة - المحرس/نوال.pdf,نوال.pdf,صفاقس,الصخيرة - الغريبة - المحرس,نوال,38,1586,1586,100.0,0
/Users/mohameddhiahammami/iCloud Drive (Archive)/www.isie.tn/wp-content/uploads/2024/ListesElecteurs06Juillet2024/الداخل/صفاقس/2302_بئر علي بن خليفة/الابراج.pdf,الابراج.pdf,صفاقس,بئر علي بن خليفة,الابراج,39,1670,1670,100.0,0
/Users/mohameddhiahammami/iCloud Drive (Archive)/www.isie.tn/wp-content/uploads/2024/ListesElecteurs06Juillet2024/الداخل/صفاقس/2302_بئر علي بن خليفة/السديرات الجنوبية.pdf,السديرات الجنوبية.pdf,صفاقس,بئر علي بن خليفة,السديرات الجنوبية,31,1305,1305,100.0,0
/Users/mohameddhiahammami/iCloud Drive (Archive)/www.isie.tn/wp-content/uploads/2024/ListesElecteurs06Juillet2024/الداخل/صفاقس/2302_بئر علي بن خليفة/السديرات الشمالية.pdf,السديرات الشمالية.pdf,صفاقس,بئر علي بن خليفة,السديرات الشمالية,94,4066,4066,100.0,0
/Users/mohameddhiahammami/iCloud Drive (Archive)/www.isie.tn/wp-content/uploads/2024/ListesElecteurs06Juillet2024/الداخل/صفاقس/2302_بئر علي بن خليفة/القندول.pdf,القندول.pdf,صفاقس,بئر علي بن خليفة,القندول,96,4164,4164,100.0,0
/Users/mohameddhiahammami/iCloud Drive (Archive)/www.isie.tn/wp-content/uploads/2024/ListesElecteurs06Juillet2024/الداخل/صفاقس/2302_بئر علي بن خليفة/الناظور.pdf,الناظور.pdf,صفاقس,بئر علي بن خليفة,الناظور,139,6029,6029,100.0,0
/Users/mohameddhiahammami/iCloud Drive (Archive)/www.isie.tn/wp-content/uploads/2024/ListesElecteurs06Juillet2024/الداخل/صفاقس/2302_بئر علي بن خليفة/بئر علي بن خليفة.pdf,بئر علي بن خليفة.pdf,صفاقس,بئر علي بن خليفة,بئر علي بن خليفة,195,8513,8513,100.0,0
/Users/mohameddhiahammami/iCloud Drive (Archive)/www.isie.tn/wp-content/uploads/2024/ListesElecteurs06Juillet2024/الداخل/صفاقس/2302_بئر علي بن خليفة/بوسليم.pdf,بوسليم.pdf,صفاقس,بئر علي بن خليفة,بوسليم,23,965,965,100.0,0
/Users/mohameddhiahammami/iCloud Drive (Archive)/www.isie.tn/wp-content/uploads/2024/ListesElecteurs06Juillet2024/الداخل/صفاقس/2302_بئر علي بن خليفة/سيدي ظاهر.pdf,سيدي ظاهر.pdf,صفاقس,بئر علي بن خليفة,سيدي ظاهر,84,3619,3619,100.0,0
/Users/mohameddhiahammami/iCloud Drive (Archive)/www.isie.tn/wp-content/uploads/2024/ListesElecteurs06Juillet2024/الداخل/صفاقس/2302_بئر علي بن خليفة/سيدي علي بلعابد.pdf,سيدي علي بلعابد.pdf,صفاقس,بئر علي بن خليفة,سيدي علي بلعابد,81,3515,3515,100.0,0
/Users/mohameddhiahammami/iCloud Drive (Archive)/www.isie.tn/wp-content/uploads/2024/ListesElecteurs06Juillet2024/الداخل/صفاقس/2302_بئر علي بن خليفة/وادي الشيخ.pdf,وادي الشيخ.pdf,صفاقس,بئر علي بن خليفة,وادي الشيخ,76,3278,3278,100.0,0
/Users/mohameddhiahammami/iCloud Drive (Archive)/www.isie.tn/wp-content/uploads/2024/ListesElecteurs06Juillet2024/الداخل/صفاقس/2302_بئر علي بن خليفة/ودران الجنوبية.pdf,ودران الجنوبية.pdf,صفاقس,بئر علي بن خليفة,ودران الجنوبية,78,3374,3374,100.0,0
/Users/mohameddhiahammami/iCloud Drive (Archive)/www.isie.tn/wp-content/uploads/2024/ListesElecteurs06Juillet2024/الداخل/صفاقس/2302_بئر علي بن خليفة/ودران الشمالية.pdf,ودران الشمالية.pdf,صفاقس,بئر علي بن خليفة,ودران الشمالية,90,3908,3908,100.0,0
/Users/mohameddhiahammami/iCloud Drive (Archive)/www.isie.tn/wp-content/uploads/2024/ListesElecteurs06Juillet2024/الداخل/صفاقس/2303_جبنيانة - العامرة/الحوض.pdf,الحوض.pdf,صفاقس,جبنيانة - العامرة,الحوض,95,4136,4136,100.0,0
/Users/mohameddhiahammami/iCloud Drive (Archive)/www.isie.tn/wp-content/uploads/2024/ListesElecteurs06Juillet2024/الداخل/صفاقس/2303_جبنيانة - العامرة/السلام.pdf,السلام.pdf,صفاقس,جبنيانة - العامرة,السلام,68,2908,2908,100.0,0
/Users/mohameddhiahammami/iCloud Drive (Archive)/www.isie.tn/wp-content/uploads/2024/ListesElecteurs06Juillet2024/الداخل/صفاقس/2303_جبنيانة - العامرة/العامرة.pdf,العامرة.pdf,صفاقس,جبنيانة - العامرة,العامرة,137,5951,5951,100.0,0
/Users/mohameddhiahammami/iCloud Drive (Archive)/www.isie.tn/wp-content/uploads/2024/ListesElecteurs06Juillet2024/الداخل/صفاقس/2303_جبنيانة - العامرة/العجانقة.pdf,العجانقة.pdf,صفاقس,جبنيانة - العامرة,العجانقة,137,5954,5954,100.0,0
/Users/mohameddhiahammami/iCloud Drive (Archive)/www.isie.tn/wp-content/uploads/2024/ListesElecteurs06Juillet2024/الداخل/صفاقس/2303_جبنيانة - العامرة/القلالجة.pdf,القلالجة.pdf,صفاقس,جبنيانة - العامرة,القلالجة,37,1575,1575,100.0,0
/Users/mohameddhiahammami/iCloud Drive (Archive)/www.isie.tn/wp-content/uploads/2024/ListesElecteurs06Juillet2024/الداخل/صفاقس/2303_جبنيانة - العامرة/اللوزة.pdf,اللوزة.pdf,صفاقس,جبنيانة - العامرة,اللوزة,75,3219,3219,100.0,0
/Users/mohameddhiahammami/iCloud Drive (Archive)/www.isie.tn/wp-content/uploads/2024/ListesElecteurs06Juillet2024/الداخل/صفاقس/2303_جبنيانة - العامرة/المساترية.pdf,المساترية.pdf,صفاقس,جبنيانة - العامرة,المساترية,94,4079,4079,100.0,0
/Users/mohameddhiahammami/iCloud Drive (Archive)/www.isie.tn/wp-content/uploads/2024/ListesElecteurs06Juillet2024/الداخل/صفاقس/2303_جبنيانة - العامرة/بطرية.pdf,بطرية.pdf,صفاقس,جبنيانة - العامرة,بطرية,94,4055,4055,100.0,0
/Users/mohameddhiahammami/iCloud Drive (Archive)/www.isie.tn/wp-content/uploads/2024/ListesElecteurs06Juillet2024/الداخل/صفاقس/2303_جبنيانة - العامرة/بلتش.pdf,بلتش.pdf,صفاقس,جبنيانة - العامرة,بلتش,53,2283,2283,100.0,0
/Users/mohameddhiahammami/iCloud Drive (Archive)/www.isie.tn/wp-content/uploads/2024/ListesElecteurs06Juillet2024/الداخل/صفاقس/2303_جبنيانة - العامرة/بليانة.pdf,بليانة.pdf,صفاقس,جبنيانة - العامرة,بليانة,112,4863,4863,100.0,0
/Users/mohameddhiahammami/iCloud Drive (Archive)/www.isie.tn/wp-content/uploads/2024/ListesElecteurs06Juillet2024/الداخل/صفاقس/2303_جبنيانة - العامرة/بودربالة.pdf,بودربالة.pdf,صفاقس,جبنيانة - العامرة,بودربالة,81,3514,3514,100.0,0
/Users/mohameddhiahammami/iCloud Drive (Archive)/www.isie.tn/wp-content/uploads/2024/ListesElecteurs06Juillet2024/الداخل/صفاقس/2303_جبنيانة - العامرة/جبنيانة.pdf,جبنيانة.pdf,صفاقس,جبنيانة - العامرة,جبنيانة,286,12506,12506,100.0,0
/Users/mohameddhiahammami/iCloud Drive (Archive)/www.isie.tn/wp-content/uploads/2024/ListesElecteurs06Juillet2024/الداخل/صفاقس/2303_جبنيانة - العامرة/حزق.pdf,حزق.pdf,صفاقس,جبنيانة - العامرة,حزق,166,7222,7222,100.0,0
/Users/mohameddhiahammami/iCloud Drive (Archive)/www.isie.tn/wp-content/uploads/2024/ListesElecteurs06Juillet2024/الداخل/صفاقس/2303_جبنيانة - العامرة/ذراع بني زياد.pdf,ذراع بني زياد.pdf,صفاقس,جبنيانة - العامرة,ذراع بني زياد,75,3249,3249,100.0,0
/Users/mohameddhiahammami/iCloud Drive (Archive)/www.isie.tn/wp-content/uploads/2024/ListesElecteurs06Juillet2024/الداخل/صفاقس/2304_ساقية الدائر/البدارنة.pdf,البدارنة.pdf,صفاقس,ساقية الدائر,البدارنة,64,2761,2761,100.0,0
/Users/mohameddhiahammami/iCloud Drive (Archive)/www.isie.tn/wp-content/uploads/2024/ListesElecteurs06Juillet2024/الداخل/صفاقس/2304_ساقية الدائر/الخيرية.pdf,الخيرية.pdf,صفاقس,ساقية الدائر,الخيرية,126,5464,5464,100.0,0
/Users/mohameddhiahammami/iCloud Drive (Archive)/www.isie.tn/wp-content/uploads/2024/ListesElecteurs06Juillet2024/الداخل/صفاقس/2304_ساقية الدائر/السلطنية.pdf,السلطنية.pdf,صفاقس,ساقية الدائر,السلطنية,359,15742,15742,100.0,0
/Users/mohameddhiahammami/iCloud Drive (Archive)/www.isie.tn/wp-content/uploads/2024/ListesElecteurs06Juillet2024/الداخل/صفاقس/2304_ساقية الدائر/حي بورقيبة.pdf,حي بورقيبة.pdf,صفاقس,ساقية الدائر,حي بورقيبة,369,16167,16167,100.0,0
/Users/mohameddhiahammami/iCloud Drive (Archive)/www.isie.tn/wp-content/uploads/2024/ListesElecteurs06Juillet2024/الداخل/صفاقس/2304_ساقية الدائر/ساقية الداير.pdf,ساقية الداير.pdf,صفاقس,ساقية الدائر,ساقية الداير,339,14868,14868,100.0,0
/Users/mohameddhiahammami/iCloud Drive (Archive)/www.isie.tn/wp-content/uploads/2024/ListesElecteurs06Juillet2024/الداخل/صفاقس/2304_ساقية الدائر/سيدي منصور.pdf,سيدي منصور.pdf,صفاقس,ساقية الدائر,سيدي منصور,290,12715,12715,100.0,0
/Users/mohameddhiahammami/iCloud Drive (Archive)/www.isie.tn/wp-content/uploads/2024/ListesElecteurs06Juillet2024/الداخل/صفاقس/2304_ساقية الدائر/مركز السبعي.pdf,مركز السبعي.pdf,صفاقس,ساقية الدائر,مركز السبعي,246,10777,10777,100.0,0
/Users/mohameddhiahammami/iCloud Drive (Archive)/www.isie.tn/wp-content/uploads/2024/ListesElecteurs06Juillet2024/الداخل/صفاقس/2304_ساقية الدائر/مركز كعنيش.pdf,مركز كعنيش.pdf,صفاقس,ساقية الدائر,مركز كعنيش,246,10747,10747,100.0,0
/Users/mohameddhiahammami/iCloud Drive (Archive)/www.isie.tn/wp-content/uploads/2024/ListesElecteurs06Juillet2024/الداخل/صفاقس/2305_ساقية الزيت/الأنس.pdf,الأنس.pdf,صفاقس,ساقية الزيت,الأنس,122,5308,5308,100.0,0
/Users/mohameddhiahammami/iCloud Drive (Archive)/www.isie.tn/wp-content/uploads/2024/ListesElecteurs06Juillet2024/الداخل/صفاقس/2305_ساقية الزيت/السدرة.pdf,السدرة.pdf,صفاقس,ساقية الزيت,السدرة,280,12255,12255,100.0,0
/Users/mohameddhiahammami/iCloud Drive (Archive)/www.isie.tn/wp-content/uploads/2024/ListesElecteurs06Juillet2024/الداخل/صفاقس/2305_ساقية الزيت/الشيحية.pdf,الشيحية.pdf,صفاقس,ساقية الزيت,الشيحية,304,13295,13295,100.0,0
/Users/mohameddhiahammami/iCloud Drive (Archive)/www.isie.tn/wp-content/uploads/2024/ListesElecteurs06Juillet2024/الداخل/صفاقس/2305_ساقية الزيت/تنيور.pdf,تنيور.pdf,صفاقس,ساقية الزيت,تنيور,403,17653,17653,100.0,0
/Users/mohameddhiahammami/iCloud Drive (Archive)/www.isie.tn/wp-content/uploads/2024/ListesElecteurs06Juillet2024/الداخل/صفاقس/2305_ساقية الزيت/ساقية الزيت.pdf,ساقية الزيت.pdf,صفاقس,ساقية الزيت,ساقية الزيت,530,23255,23255,100.0,0
/Users/mohameddhiahammami/iCloud Drive (Archive)/www.isie.tn/wp-content/uploads/2024/ListesElecteurs06Juillet2024/الداخل/صفاقس/2305_ساقية الزيت/سيدي صالح.pdf,سيدي صالح.pdf,صفاقس,ساقية الزيت,سيدي صالح,63,2718,2718,100.0,0
/Users/mohameddhiahammami/iCloud Drive (Archive)/www.isie.tn/wp-content/uploads/2024/ListesElecteurs06Juillet2024/الداخل/صفاقس/2305_ساقية الزيت/مركز بوعصيدة.pdf,مركز بوعصيدة.pdf,صفاقس,ساقية الزيت,مركز بوعصيدة,219,9585,9585,100.0,0
/Users/mohameddhiahammami/iCloud Drive (Archive)/www.isie.tn/wp-content/uploads/2024/ListesElecteurs06Juillet2024/الداخل/صفاقس/2410_صفاقس الجنوبية/الأفران الشمالية.pdf,الأفران الشمالية.pdf,صفاقس,صفاقس الجنوبية,الأفران الشمالية,418,18336,18336,100.0,0
/Users/mohameddhiahammami/iCloud Drive (Archive)/www.isie.tn/wp-content/uploads/2024/ListesElecteurs06Juillet2024/الداخل/صفاقس/2410_صفاقس الجنوبية/الخزانات.pdf,الخزانات.pdf,صفاقس,صفاقس الجنوبية,الخزانات,187,8146,8146,100.0,0
/Users/mohameddhiahammami/iCloud Drive (Archive)/www.isie.tn/wp-content/uploads/2024/ListesElecteurs06Juillet2024/الداخل/صفاقس/2410_صفاقس الجنوبية/العوابد.pdf,العوابد.pdf,صفاقس,صفاقس الجنوبية,العوابد,107,4623,4623,100.0,0
/Users/mohameddhiahammami/iCloud Drive (Archive)/www.isie.tn/wp-content/uploads/2024/ListesElecteurs06Juillet2024/الداخل/صفاقس/2410_صفاقس الجنوبية/العين.pdf,العين.pdf,صفاقس,صفاقس الجنوبية,العين,561,24622,24622,100.0,0
/Users/mohameddhiahammami/iCloud Drive (Archive)/www.isie.tn/wp-content/uploads/2024/ListesElecteurs06Juillet2024/الداخل/صفاقس/2410_صفاقس الجنوبية/بوزيان.pdf,بوزيان.pdf,صفاقس,صفاقس الجنوبية,بوزيان,367,16064,16064,100.0,0
/Users/mohameddhiahammami/iCloud Drive (Archive)/www.isie.tn/wp-content/uploads/2024/ListesElecteurs06Juillet2024/الداخل/صفاقس/2410_صفاقس الجنوبية/عيون المايل.pdf,عيون المايل.pdf,صفاقس,صفاقس الجنوبية,عيون المايل,188,8196,8196,100.0,0
/Users/mohameddhiahammami/iCloud Drive (Archive)/www.isie.tn/wp-content/uploads/2024/ListesElecteurs06Juillet2024/الداخل/صفاقس/2410_صفاقس الجنوبية/قرمدة.pdf,قرمدة.pdf,صفاقس,صفاقس الجنوبية,قرمدة,237,10382,10382,100.0,0
/Users/mohameddhiahammami/iCloud Drive (Archive)/www.isie.tn/wp-content/uploads/2024/ListesElecteurs06Juillet2024/الداخل/صفاقس/2409_صفاقس الغربية/العالية.pdf,العالية.pdf,صفاقس,صفاقس الغربية,العالية,203,8861,8861,100.0,0
/Users/mohameddhiahammami/iCloud Drive (Archive)/www.isie.tn/wp-content/uploads/2024/ListesElecteurs06Juillet2024/الداخل/صفاقس/2409_صفاقس الغربية/الهدى.pdf,الهدى.pdf,صفاقس,صفاقس الغربية,الهدى,253,11072,11072,100.0,0
/Users/mohameddhiahammami/iCloud Drive (Archive)/www.isie.tn/wp-content/uploads/2024/ListesElecteurs06Juillet2024/الداخل/صفاقس/2409_صفاقس الغربية/حي البحري.pdf,حي البحري.pdf,صفاقس,صفاقس الغربية,حي البحري,332,14548,14548,100.0,0
/Users/mohameddhiahammami/iCloud Drive (Archive)/www.isie.tn/wp-content/uploads/2024/ListesElecteurs06Juillet2024/الداخل/صفاقس/2409_صفاقس الغربية/حي الحبيب.pdf,حي الحبيب.pdf,صفاقس,صفاقس الغربية,حي الحبيب,479,20990,20990,100.0,0
/Users/mohameddhiahammami/iCloud Drive (Archive)/www.isie.tn/wp-content/uploads/2024/ListesElecteurs06Juillet2024/الداخل/صفاقس/2409_صفاقس الغربية/سكرة.pdf,سكرة.pdf,صفاقس,صفاقس الغربية,سكرة,205,8954,8954,100.0,0
/Users/mohameddhiahammami/iCloud Drive (Archive)/www.isie.tn/wp-content/uploads/2024/ListesElecteurs06Juillet2024/الداخل/صفاقس/2409_صفاقس الغربية/مركز شاكر.pdf,مركز شاكر.pdf,صفاقس,صفاقس الغربية,مركز شاكر,346,15158,15158,100.0,0
/Users/mohameddhiahammami/iCloud Drive (Archive)/www.isie.tn/wp-content/uploads/2024/ListesElecteurs06Juillet2024/الداخل/صفاقس/2409_صفاقس الغربية/وادي الرمل.pdf,وادي الرمل.pdf,صفاقس,صفاقس الغربية,وادي الرمل,183,7974,7974,100.0,0
/Users/mohameddhiahammami/iCloud Drive (Archive)/www.isie.tn/wp-content/uploads/2024/ListesElecteurs06Juillet2024/الداخل/صفاقس/2411_صفاقس المدينة/15نوفمبر.pdf,15نوفمبر.pdf,صفاقس,صفاقس المدينة,15نوفمبر,185,8085,8085,100.0,0
/Users/mohameddhiahammami/iCloud Drive (Archive)/www.isie.tn/wp-content/uploads/2024/ListesElecteurs06Juillet2024/الداخل/صفاقس/2411_صفاقس المدينة/البساتين.pdf,البساتين.pdf,صفاقس,صفاقس المدينة,البساتين,326,14297,14297,100.0,0
/Users/mohameddhiahammami/iCloud Drive (Archive)/www.isie.tn/wp-content/uploads/2024/ListesElecteurs06Juillet2024/الداخل/صفاقس/2411_صفاقس المدينة/الحي التعويضي.pdf,الحي التعويضي.pdf,صفاقس,صفاقس المدينة,الحي التعويضي,69,2974,2974,100.0,0
/Users/mohameddhiahammami/iCloud Drive (Archive)/www.isie.tn/wp-content/uploads/2024/ListesElecteurs06Juillet2024/الداخل/صفاقس/2411_صفاقس المدينة/الحي الخيري.pdf,الحي الخيري.pdf,صفاقس,صفاقس المدينة,الحي الخيري,161,6999,6999,100.0,0
/Users/mohameddhiahammami/iCloud Drive (Archive)/www.isie.tn/wp-content/uploads/2024/ListesElecteurs06Juillet2024/الداخل/صفاقس/2411_صفاقس المدينة/الربض.pdf,الربض.pdf,صفاقس,صفاقس المدينة,الربض,232,10155,10155,100.0,0
/Users/mohameddhiahammami/iCloud Drive (Archive)/www.isie.tn/wp-content/uploads/2024/ListesElecteurs06Juillet2024/الداخل/صفاقس/2411_صفاقس المدينة/المدينة.pdf,المدينة.pdf,صفاقس,صفاقس المدينة,المدينة,90,3881,3881,100.0,0
/Users/mohameddhiahammami/iCloud Drive (Archive)/www.isie.tn/wp-content/uploads/2024/ListesElecteurs06Juillet2024/الداخل/صفاقس/2411_صفاقس المدينة/باب البحر.pdf,باب البحر.pdf,صفاقس,صفاقس المدينة,باب البحر,163,7126,7126,100.0,0
/Users/mohameddhiahammami/iCloud Drive (Archive)/www.isie.tn/wp-content/uploads/2024/ListesElecteurs06Juillet2024/الداخل/صفاقس/2411_صفاقس المدينة/سيدي عباس.pdf,سيدي عباس.pdf,صفاقس,صفاقس المدينة,سيدي عباس,174,7606,7606,100.0,0
/Users/mohameddhiahammami/iCloud Drive (Archive)/www.isie.tn/wp-content/uploads/2024/ListesElecteurs06Juillet2024/الداخل/صفاقس/2411_صفاقس المدينة/عين شيخ روحو.pdf,عين شيخ روحو.pdf,صفاقس,صفاقس المدينة,عين شيخ روحو,119,5182,5182,100.0,0
/Users/mohameddhiahammami/iCloud Drive (Archive)/www.isie.tn/wp-content/uploads/2024/ListesElecteurs06Juillet2024/الداخل/صفاقس/2411_صفاقس المدينة/محمد علي.pdf,محمد علي.pdf,صفاقس,صفاقس المدينة,محمد علي,266,11632,11632,100.0,0
/Users/mohameddhiahammami/iCloud Drive (Archive)/www.isie.tn/wp-content/uploads/2024/ListesElecteurs06Juillet2024/الداخل/صفاقس/2411_صفاقس المدينة/مركز الباشا.pdf,مركز الباشا.pdf,صفاقس,صفاقس المدينة,مركز الباشا,138,6017,6017,100.0,0
/Users/mohameddhiahammami/iCloud Drive (Archive)/www.isie.tn/wp-content/uploads/2024/ListesElecteurs06Juillet2024/الداخل/صفاقس/2411_صفاقس المدينة/مركز قدور.pdf,مركز قدور.pdf,صفاقس,صفاقس المدينة,مركز قدور,27,1142,1142,100.0,0
/Users/mohameddhiahammami/iCloud Drive (Archive)/www.isie.tn/wp-content/uploads/2024/ListesElecteurs06Juillet2024/الداخل/صفاقس/2412_طينة/الحاجب.pdf,الحاجب.pdf,صفاقس,طينة,الحاجب,322,14092,14092,100.0,0
/Users/mohameddhiahammami/iCloud Drive (Archive)/www.isie.tn/wp-content/uploads/2024/ListesElecteurs06Juillet2024/الداخل/صفاقس/2412_طينة/سيد عبيد.pdf,سيد عبيد.pdf,صفاقس,طينة,سيد عبيد,155,6759,6759,100.0,0
/Users/mohameddhiahammami/iCloud Drive (Archive)/www.isie.tn/wp-content/uploads/2024/ListesElecteurs06Juillet2024/الداخل/صفاقس/2412_طينة/طينة.pdf,طينة.pdf,صفاقس,طينة,طينة,489,21447,21447,100.0,0
/Users/mohameddhiahammami/iCloud Drive (Archive)/www.isie.tn/wp-content/uploads/2024/ListesElecteurs06Juillet2024/الداخل/صفاقس/2413_عقارب/التربة.pdf,التربة.pdf,صفاقس,عقارب,التربة,86,3713,3713,100.0,0
/Users/mohameddhiahammami/iCloud Drive (Archive)/www.isie.tn/wp-content/uploads/2024/ListesElecteurs06Juillet2024/الداخل/صفاقس/2413_عقارب/الصغار.pdf,الصغار.pdf,صفاقس,عقارب,الصغار,43,1839,1839,100.0,0
/Users/mohameddhiahammami/iCloud Drive (Archive)/www.isie.tn/wp-content/uploads/2024/ListesElecteurs06Juillet2024/الداخل/صفاقس/2413_عقارب/المحروقة.pdf,المحروقة.pdf,صفاقس,عقارب,المحروقة,52,2217,2217,100.0,0
/Users/mohameddhiahammami/iCloud Drive (Archive)/www.isie.tn/wp-content/uploads/2024/ListesElecteurs06Juillet2024/الداخل/صفاقس/2413_عقارب/بن سهلون.pdf,بن سهلون.pdf,صفاقس,عقارب,بن سهلون,52,2203,2203,100.0,0
/Users/mohameddhiahammami/iCloud Drive (Archive)/www.isie.tn/wp-content/uploads/2024/ListesElecteurs06Juillet2024/الداخل/صفاقس/2413_عقارب/بولذياب.pdf,بولذياب.pdf,صفاقس,عقارب,بولذياب,62,2653,2653,100.0,0
/Users/mohameddhiahammami/iCloud Drive (Archive)/www.isie.tn/wp-content/uploads/2024/ListesElecteurs06Juillet2024/الداخل/صفاقس/2413_عقارب/زليانة.pdf,زليانة.pdf,صفاقس,عقارب,زليانة,23,941,941,100.0,0
/Users/mohameddhiahammami/iCloud Drive (Archive)/www.isie.tn/wp-content/uploads/2024/ListesElecteurs06Juillet2024/الداخل/صفاقس/2413_عقارب/عقارب.pdf,عقارب.pdf,صفاقس,عقارب,عقارب,286,12529,12529,100.0,0
/Users/mohameddhiahammami/iCloud Drive (Archive)/www.isie.tn/wp-content/uploads/2024/ListesElecteurs06Juillet2024/الداخل/صفاقس/2413_عقارب/قرقور.pdf,قرقور.pdf,صفاقس,عقارب,قرقور,138,6010,6010,100.0,0
/Users/mohameddhiahammami/iCloud Drive (Archive)/www.isie.tn/wp-content/uploads/2024/ListesElecteurs06Juillet2024/الداخل/صفاقس/2306_قرقنة/أولاد قاسم.pdf,أولاد قاسم.pdf,صفاقس,قرقنة,أولاد قاسم,26,1083,1083,100.0,0
/Users/mohameddhiahammami/iCloud Drive (Archive)/www.isie.tn/wp-content/uploads/2024/ListesElecteurs06Juillet2024/الداخل/صفاقس/2306_قرقنة/الرملة.pdf,الرملة.pdf,صفاقس,قرقنة,الرملة,80,3448,3448,100.0,0
/Users/mohameddhiahammami/iCloud Drive (Archive)/www.isie.tn/wp-content/uploads/2024/ListesElecteurs06Juillet2024/الداخل/صفاقس/2306_قرقنة/الشرقي.pdf,الشرقي.pdf,صفاقس,قرقنة,الشرقي,16,619,619,100.0,0
/Users/mohameddhiahammami/iCloud Drive (Archive)/www.isie.tn/wp-content/uploads/2024/ListesElecteurs06Juillet2024/الداخل/صفاقس/2306_قرقنة/العطايا.pdf,العطايا.pdf,صفاقس,قرقنة,العطايا,75,3222,3222,100.0,0
/Users/mohameddhiahammami/iCloud Drive (Archive)/www.isie.tn/wp-content/uploads/2024/ListesElecteurs06Juillet2024/الداخل/صفاقس/2306_قرقنة/القراطن.pdf,القراطن.pdf,صفاقس,قرقنة,القراطن,28,1175,1175,100.0,0
/Users/mohameddhiahammami/iCloud Drive (Archive)/www.isie.tn/wp-content/uploads/2024/ListesElecteurs06Juillet2024/الداخل/صفاقس/2306_قرقنة/القنطرة.pdf,القنطرة.pdf,صفاقس,قرقنة,القنطرة,15,611,611,100.0,0
/Users/mohameddhiahammami/iCloud Drive (Archive)/www.isie.tn/wp-content/uploads/2024/ListesElecteurs06Juillet2024/الداخل/صفاقس/2306_قرقنة/الكلابين.pdf,الكلابين.pdf,صفاقس,قرقنة,الكلابين,14,536,536,100.0,0
/Users/mohameddhiahammami/iCloud Drive (Archive)/www.isie.tn/wp-content/uploads/2024/ListesElecteurs06Juillet2024/الداخل/صفاقس/2306_قرقنة/النجاة.pdf,النجاة.pdf,صفاقس,قرقنة,النجاة,25,1037,1037,100.0,0
/Users/mohameddhiahammami/iCloud Drive (Archive)/www.isie.tn/wp-content/uploads/2024/ListesElecteurs06Juillet2024/الداخل/صفاقس/2306_قرقنة/سيدي فرج.pdf,سيدي فرج.pdf,صفاقس,قرقنة,سيدي فرج,18,720,720,100.0,0
/Users/mohameddhiahammami/iCloud Drive (Archive)/www.isie.tn/wp-content/uploads/2024/ListesElecteurs06Juillet2024/الداخل/صفاقس/2306_قرقنة/مليتة.pdf,مليتة.pdf,صفاقس,قرقنة,مليتة,81,3506,3506,100.0,0
/Users/mohameddhiahammami/iCloud Drive (Archive)/www.isie.tn/wp-content/uploads/2024/ListesElecteurs06Juillet2024/الداخل/صفاقس/2307_منزل شاكر/الاعشاش.pdf,الاعشاش.pdf,صفاقس,منزل شاكر,الاعشاش,90,3893,3893,100.0,0
/Users/mohameddhiahammami/iCloud Drive (Archive)/www.isie.tn/wp-content/uploads/2024/ListesElecteurs06Juillet2024/الداخل/صفاقس/2307_منزل شاكر/البقعة البيضاء.pdf,البقعة البيضاء.pdf,صفاقس,منزل شاكر,البقعة البيضاء,44,1878,1878,100.0,0
/Users/mohameddhiahammami/iCloud Drive (Archive)/www.isie.tn/wp-content/uploads/2024/ListesElecteurs06Juillet2024/الداخل/صفاقس/2307_منزل شاكر/الحاج قاسم.pdf,الحاج قاسم.pdf,صفاقس,منزل شاكر,الحاج قاسم,55,2372,2372,100.0,0
/Users/mohameddhiahammami/iCloud Drive (Archive)/www.isie.tn/wp-content/uploads/2024/ListesElecteurs06Juillet2024/الداخل/صفاقس/2307_منزل شاكر/العوادنة.pdf,العوادنة.pdf,صفاقس,منزل شاكر,العوادنة,70,3001,3001,100.0,0
/Users/mohameddhiahammami/iCloud Drive (Archive)/www.isie.tn/wp-content/uploads/2024/ListesElecteurs06Juillet2024/الداخل/صفاقس/2307_منزل شاكر/بئر الملولي.pdf,بئر الملولي.pdf,صفاقس,منزل شاكر,بئر الملولي,19,750,750,100.0,0
/Users/mohameddhiahammami/iCloud Drive (Archive)/www.isie.tn/wp-content/uploads/2024/ListesElecteurs06Juillet2024/الداخل/صفاقس/2307_منزل شاكر/بشكة.pdf,بشكة.pdf,صفاقس,منزل شاكر,بشكة,32,1328,1328,100.0,0
/Users/mohameddhiahammami/iCloud Drive (Archive)/www.isie.tn/wp-content/uploads/2024/ListesElecteurs06Juillet2024/الداخل/صفاقس/2307_منزل شاكر/بوثدي.pdf,بوثدي.pdf,صفاقس,منزل شاكر,بوثدي,30,1242,1242,100.0,0
/Users/mohameddhiahammami/iCloud Drive (Archive)/www.isie.tn/wp-content/uploads/2024/ListesElecteurs06Juillet2024/الداخل/صفاقس/2307_منزل شاكر/بوجربوع.pdf,بوجربوع.pdf,صفاقس,منزل شاكر,بوجربوع,71,3050,3050,100.0,0
/Users/mohameddhiahammami/iCloud Drive (Archive)/www.isie.tn/wp-content/uploads/2024/ListesElecteurs06Juillet2024/الداخل/صفاقس/2307_منزل شاكر/تليل العجلة.pdf,تليل العجلة.pdf,صفاقس,منزل شاكر,تليل العجلة,37,1557,1557,100.0,0
/Users/mohameddhiahammami/iCloud Drive (Archive)/www.isie.tn/wp-content/uploads/2024/ListesElecteurs06Juillet2024/الداخل/صفاقس/2307_منزل شاكر/شعلاب.pdf,شعلاب.pdf,صفاقس,منزل شاكر,شعلاب,64,2772,2772,100.0,0
/Users/mohameddhiahammami/iCloud Drive (Archive)/www.isie.tn/wp-content/uploads/2024/ListesElecteurs06Juillet2024/الداخل/صفاقس/2307_منزل شاكر/ماجل الدرج.pdf,ماجل الدرج.pdf,صفاقس,منزل شاكر,ماجل الدرج,60,2585,2585,100.0,0
/Users/mohameddhiahammami/iCloud Drive (Archive)/www.isie.tn/wp-content/uploads/2024/ListesElecteurs06Juillet2024/الداخل/صفاقس/2307_منزل شاكر/منزل شاكر.pdf,منزل شاكر.pdf,صفاقس,منزل شاكر,منزل شاكر,117,5103,5103,100.0,0
/Users/mohameddhiahammami/iCloud Drive (Archive)/www.isie.tn/wp-content/uploads/2024/ListesElecteurs06Juillet2024/الداخل/قابس/2501_الحامة - الحامة الغربية/البحاير.pdf,البحاير.pdf,قابس,الحامة - الحامة الغربية,البحاير,40,1680,1680,100.0,0
/Users/mohameddhiahammami/iCloud Drive (Archive)/www.isie.tn/wp-content/uploads/2024/ListesElecteurs06Juillet2024/الداخل/قابس/2501_الحامة - الحامة الغربية/الحبيب ثامر.pdf,الحبيب ثامر.pdf,قابس,الحامة - الحامة الغربية,الحبيب ثامر,109,4735,4735,100.0,0
/Users/mohameddhiahammami/iCloud Drive (Archive)/www.isie.tn/wp-content/uploads/2024/ListesElecteurs06Juillet2024/الداخل/قابس/2501_الحامة - الحامة الغربية/القصر.pdf,القصر.pdf,قابس,الحامة - الحامة الغربية,القصر,164,7145,7145,100.0,0
/Users/mohameddhiahammami/iCloud Drive (Archive)/www.isie.tn/wp-content/uploads/2024/ListesElecteurs06Juillet2024/الداخل/قابس/2501_الحامة - الحامة الغربية/المنطقة الشرقية 1.pdf,المنطقة الشرقية 1.pdf,قابس,الحامة - الحامة الغربية,المنطقة الشرقية 1,350,15333,15333,100.0,0
/Users/mohameddhiahammami/iCloud Drive (Archive)/www.isie.tn/wp-content/uploads/2024/ListesElecteurs06Juillet2024/الداخل/قابس/2501_الحامة - الحامة الغربية/المنطقة الشرقية 2.pdf,المنطقة الشرقية 2.pdf,قابس,الحامة - الحامة الغربية,المنطقة الشرقية 2,103,4450,4450,100.0,0
/Users/mohameddhiahammami/iCloud Drive (Archive)/www.isie.tn/wp-content/uploads/2024/ListesElecteurs06Juillet2024/الداخل/قابس/2501_الحامة - الحامة الغربية/المنطقة الشمالية.pdf,المنطقة الشمالية.pdf,قابس,الحامة - الحامة الغربية,المنطقة الشمالية,77,3313,3313,100.0,0
/Users/mohameddhiahammami/iCloud Drive (Archive)/www.isie.tn/wp-content/uploads/2024/ListesElecteurs06Juillet2024/الداخل/قابس/2501_الحامة - الحامة الغربية/المنطقة الغربية.pdf,المنطقة الغربية.pdf,قابس,الحامة - الحامة الغربية,المنطقة الغربية,106,4584,4584,100.0,0
/Users/mohameddhiahammami/iCloud Drive (Archive)/www.isie.tn/wp-content/uploads/2024/ListesElecteurs06Juillet2024/الداخل/قابس/2501_الحامة - الحامة الغربية/المنطقة القبلية.pdf,المنطقة القبلية.pdf,قابس,الحامة - الحامة الغربية,المنطقة القبلية,126,5475,5475,100.0,0
/Users/mohameddhiahammami/iCloud Drive (Archive)/www.isie.tn/wp-content/uploads/2024/ListesElecteurs06Juillet2024/الداخل/قابس/2501_الحامة - الحامة الغربية/بشيمة البرج.pdf,بشيمة البرج.pdf,قابس,الحامة - الحامة الغربية,بشيمة البرج,34,1442,1442,100.0,0
/Users/mohameddhiahammami/iCloud Drive (Archive)/www.isie.tn/wp-content/uploads/2024/ListesElecteurs06Juillet2024/الداخل/قابس/2501_الحامة - الحامة الغربية/بشيمة القلب.pdf,بشيمة القلب.pdf,قابس,الحامة - الحامة الغربية,بشيمة القلب,65,2797,2797,100.0,0
/Users/mohameddhiahammami/iCloud Drive (Archive)/www.isie.tn/wp-content/uploads/2024/ListesElecteurs06Juillet2024/الداخل/قابس/2501_الحامة - الحامة الغربية/بوعطوش.pdf,بوعطوش.pdf,قابس,الحامة - الحامة الغربية,بوعطوش,98,4240,4240,100.0,0
/Users/mohameddhiahammami/iCloud Drive (Archive)/www.isie.tn/wp-content/uploads/2024/ListesElecteurs06Juillet2024/الداخل/قابس/2501_الحامة - الحامة الغربية/شانشو.pdf,شانشو.pdf,قابس,الحامة - الحامة الغربية,شانشو,15,596,596,100.0,0
/Users/mohameddhiahammami/iCloud Drive (Archive)/www.isie.tn/wp-content/uploads/2024/ListesElecteurs06Juillet2024/الداخل/قابس/2501_الحامة - الحامة الغربية/فرحات حشاد.pdf,فرحات حشاد.pdf,قابس,الحامة - الحامة الغربية,فرحات حشاد,8,300,300,100.0,0
/Users/mohameddhiahammami/iCloud Drive (Archive)/www.isie.tn/wp-content/uploads/2024/ListesElecteurs06Juillet2024/الداخل/قابس/2502_غنوش - المطوية - وذرف - منزل الحبيب/السقي.pdf,السقي.pdf,قابس,غنوش - المطوية - وذرف - منزل الحبيب,السقي,34,1410,1410,100.0,0
/Users/mohameddhiahammami/iCloud Drive (Archive)/www.isie.tn/wp-content/uploads/2024/ListesElecteurs06Juillet2024/الداخل/قابس/2502_غنوش - المطوية - وذرف - منزل الحبيب/العكاريت.pdf,العكاريت.pdf,قابس,غنوش - المطوية - وذرف - منزل الحبيب,العكاريت,37,1578,1578,100.0,0
/Users/mohameddhiahammami/iCloud Drive (Archive)/www.isie.tn/wp-content/uploads/2024/ListesElecteurs06Juillet2024/الداخل/قابس/2502_غنوش - المطوية - وذرف - منزل الحبيب/الفجيج.pdf,الفجيج.pdf,قابس,غنوش - المطوية - وذرف - منزل الحبيب,الفجيج,15,583,583,100.0,0
/Users/mohameddhiahammami/iCloud Drive (Archive)/www.isie.tn/wp-content/uploads/2024/ListesElecteurs06Juillet2024/الداخل/قابس/2502_غنوش - المطوية - وذرف - منزل الحبيب/المطوية الجنوبية.pdf,المطوية الجنوبية.pdf,قابس,غنوش - المطوية - وذرف - منزل الحبيب,المطوية الجنوبية,173,7526,7526,100.0,0
/Users/mohameddhiahammami/iCloud Drive (Archive)/www.isie.tn/wp-content/uploads/2024/ListesElecteurs06Juillet2024/الداخل/قابس/2502_غنوش - المطوية - وذرف - منزل الحبيب/المطوية الشمالية.pdf,المطوية الشمالية.pdf,قابس,غنوش - المطوية - وذرف - منزل الحبيب,المطوية الشمالية,44,1853,1853,100.0,0
/Users/mohameddhiahammami/iCloud Drive (Archive)/www.isie.tn/wp-content/uploads/2024/ListesElecteurs06Juillet2024/الداخل/قابس/2502_غنوش - المطوية - وذرف - منزل الحبيب/المهاملة.pdf,المهاملة.pdf,قابس,غنوش - المطوية - وذرف - منزل الحبيب,المهاملة,28,1157,1157,100.0,0
/Users/mohameddhiahammami/iCloud Drive (Archive)/www.isie.tn/wp-content/uploads/2024/ListesElecteurs06Juillet2024/الداخل/قابس/2502_غنوش - المطوية - وذرف - منزل الحبيب/الميدة.pdf,الميدة.pdf,قابس,غنوش - المطوية - وذرف - منزل الحبيب,الميدة,49,2080,2080,100.0,0
/Users/mohameddhiahammami/iCloud Drive (Archive)/www.isie.tn/wp-content/uploads/2024/ListesElecteurs06Juillet2024/الداخل/قابس/2502_غنوش - المطوية - وذرف - منزل الحبيب/الهيشة.pdf,الهيشة.pdf,قابس,غنوش - المطوية - وذرف - منزل الحبيب,الهيشة,40,1700,1700,100.0,0
/Users/mohameddhiahammami/iCloud Drive (Archive)/www.isie.tn/wp-content/uploads/2024/ListesElecteurs06Juillet2024/الداخل/قابس/2502_غنوش - المطوية - وذرف - منزل الحبيب/ربيعة والي.pdf,ربيعة والي.pdf,قابس,غنوش - المطوية - وذرف - منزل الحبيب,ربيعة والي,50,2114,2114,100.0,0
/Users/mohameddhiahammami/iCloud Drive (Archive)/www.isie.tn/wp-content/uploads/2024/ListesElecteurs06Juillet2024/الداخل/قابس/2502_غنوش - المطوية - وذرف - منزل الحبيب/زقراطة.pdf,زقراطة.pdf,قابس,غنوش - المطوية - وذرف - منزل الحبيب,زقراطة,19,751,751,100.0,0
/Users/mohameddhiahammami/iCloud Drive (Archive)/www.isie.tn/wp-content/uploads/2024/ListesElecteurs06Juillet2024/الداخل/قابس/2502_غنوش - المطوية - وذرف - منزل الحبيب/غنوش الجنوبية.pdf,غنوش الجنوبية.pdf,قابس,غنوش - المطوية - وذرف - منزل الحبيب,غنوش الجنوبية,157,6856,6856,100.0,0
/Users/mohameddhiahammami/iCloud Drive (Archive)/www.isie.tn/wp-content/uploads/2024/ListesElecteurs06Juillet2024/الداخل/قابس/2502_غنوش - المطوية - وذرف - منزل الحبيب/غنوش الشرقية.pdf,غنوش الشرقية.pdf,قابس,غنوش - المطوية - وذرف - منزل الحبيب,غنوش الشرقية,110,4786,4786,100.0,0
/Users/mohameddhiahammami/iCloud Drive (Archive)/www.isie.tn/wp-content/uploads/2024/ListesElecteurs06Juillet2024/الداخل/قابس/2502_غنوش - المطوية - وذرف - منزل الحبيب/غنوش الشمالية.pdf,غنوش الشمالية.pdf,قابس,غنوش - المطوية - وذرف - منزل الحبيب,غنوش الشمالية,64,2771,2771,100.0,0
/Users/mohameddhiahammami/iCloud Drive (Archive)/www.isie.tn/wp-content/uploads/2024/ListesElecteurs06Juillet2024/الداخل/قابس/2502_غنوش - المطوية - وذرف - منزل الحبيب/غنوش الغربية.pdf,غنوش الغربية.pdf,قابس,غنوش - المطوية - وذرف - منزل الحبيب,غنوش الغربية,158,6884,6884,100.0,0
/Users/mohameddhiahammami/iCloud Drive (Archive)/www.isie.tn/wp-content/uploads/2024/ListesElecteurs06Juillet2024/الداخل/قابس/2502_غنوش - المطوية - وذرف - منزل الحبيب/منزل الحبيب.pdf,منزل الحبيب.pdf,قابس,غنوش - المطوية - وذرف - منزل الحبيب,منزل الحبيب,60,2584,2584,100.0,0
/Users/mohameddhiahammami/iCloud Drive (Archive)/www.isie.tn/wp-content/uploads/2024/ListesElecteurs06Juillet2024/الداخل/قابس/2502_غنوش - المطوية - وذرف - منزل الحبيب/وادي الزيتون.pdf,وادي الزيتون.pdf,قابس,غنوش - المطوية - وذرف - منزل الحبيب,وادي الزيتون,22,901,901,100.0,0
/Users/mohameddhiahammami/iCloud Drive (Archive)/www.isie.tn/wp-content/uploads/2024/ListesElecteurs06Juillet2024/الداخل/قابس/2502_غنوش - المطوية - وذرف - منزل الحبيب/وذرف الجنوبية.pdf,وذرف الجنوبية.pdf,قابس,غنوش - المطوية - وذرف - منزل الحبيب,وذرف الجنوبية,88,3785,3785,100.0,0
/Users/mohameddhiahammami/iCloud Drive (Archive)/www.isie.tn/wp-content/uploads/2024/ListesElecteurs06Juillet2024/الداخل/قابس/2502_غنوش - المطوية - وذرف - منزل الحبيب/وذرف الشمالية.pdf,وذرف الشمالية.pdf,قابس,غنوش - المطوية - وذرف - منزل الحبيب,وذرف الشمالية,95,4100,4100,100.0,0
/Users/mohameddhiahammami/iCloud Drive (Archive)/www.isie.tn/wp-content/uploads/2024/ListesElecteurs06Juillet2024/الداخل/قابس/2503_قابس الجنوبية/الأمازير.pdf,الأمازير.pdf,قابس,قابس الجنوبية,الأمازير,18,745,745,100.0,0
/Users/mohameddhiahammami/iCloud Drive (Archive)/www.isie.tn/wp-content/uploads/2024/ListesElecteurs06Juillet2024/الداخل/قابس/2503_قابس الجنوبية/المدو.pdf,المدو.pdf,قابس,قابس الجنوبية,المدو,45,1894,1894,100.0,0
/Users/mohameddhiahammami/iCloud Drive (Archive)/www.isie.tn/wp-content/uploads/2024/ListesElecteurs06Juillet2024/الداخل/قابس/2503_قابس الجنوبية/المنطقة الخامسة.pdf,المنطقة الخامسة.pdf,قابس,قابس الجنوبية,المنطقة الخامسة,346,15138,15138,100.0,0
/Users/mohameddhiahammami/iCloud Drive (Archive)/www.isie.tn/wp-content/uploads/2024/ListesElecteurs06Juillet2024/الداخل/قابس/2503_قابس الجنوبية/تبلبو.pdf,تبلبو.pdf,قابس,قابس الجنوبية,تبلبو,366,16033,16033,100.0,0
/Users/mohameddhiahammami/iCloud Drive (Archive)/www.isie.tn/wp-content/uploads/2024/ListesElecteurs06Juillet2024/الداخل/قابس/2503_قابس الجنوبية/زريق الدخلانية.pdf,زريق الدخلانية.pdf,قابس,قابس الجنوبية,زريق الدخلانية,117,5102,5102,100.0,0
/Users/mohameddhiahammami/iCloud Drive (Archive)/www.isie.tn/wp-content/uploads/2024/ListesElecteurs06Juillet2024/الداخل/قابس/2503_قابس الجنوبية/سيدي بولبابة.pdf,سيدي بولبابة.pdf,قابس,قابس الجنوبية,سيدي بولبابة,459,20115,20115,100.0,0
/Users/mohameddhiahammami/iCloud Drive (Archive)/www.isie.tn/wp-content/uploads/2024/ListesElecteurs06Juillet2024/الداخل/قابس/2503_قابس الجنوبية/ليماوة.pdf,ليماوة.pdf,قابس,قابس الجنوبية,ليماوة,13,515,515,100.0,0
/Users/mohameddhiahammami/iCloud Drive (Archive)/www.isie.tn/wp-content/uploads/2024/ListesElecteurs06Juillet2024/الداخل/قابس/2504_قابس المدينة - قابس الغربية/الجواولة.pdf,الجواولة.pdf,قابس,قابس المدينة - قابس الغربية,الجواولة,25,1055,1055,100.0,0
/Users/mohameddhiahammami/iCloud Drive (Archive)/www.isie.tn/wp-content/uploads/2024/ListesElecteurs06Juillet2024/الداخل/قابس/2504_قابس المدينة - قابس الغربية/الرماثي.pdf,الرماثي.pdf,قابس,قابس المدينة - قابس الغربية,الرماثي,41,1719,1719,100.0,0
/Users/mohameddhiahammami/iCloud Drive (Archive)/www.isie.tn/wp-content/uploads/2024/ListesElecteurs06Juillet2024/الداخل/قابس/2504_قابس المدينة - قابس الغربية/المنطقة الأولى.pdf,المنطقة الأولى.pdf,قابس,قابس المدينة - قابس الغربية,المنطقة الأولى,119,5163,5163,100.0,0
/Users/mohameddhiahammami/iCloud Drive (Archive)/www.isie.tn/wp-content/uploads/2024/ListesElecteurs06Juillet2024/الداخل/قابس/2504_قابس المدينة - قابس الغربية/المنطقة الثالثة.pdf,المنطقة الثالثة.pdf,قابس,قابس المدينة - قابس الغربية,المنطقة الثالثة,386,16930,16930,100.0,0
/Users/mohameddhiahammami/iCloud Drive (Archive)/www.isie.tn/wp-content/uploads/2024/ListesElecteurs06Juillet2024/الداخل/قابس/2504_قابس المدينة - قابس الغربية/المنطقة الثانية.pdf,المنطقة الثانية.pdf,قابس,قابس المدينة - قابس الغربية,المنطقة الثانية,159,6923,6923,100.0,0
/Users/mohameddhiahammami/iCloud Drive (Archive)/www.isie.tn/wp-content/uploads/2024/ListesElecteurs06Juillet2024/الداخل/قابس/2504_قابس المدينة - قابس الغربية/المنطقة الرابعة.pdf,المنطقة الرابعة.pdf,قابس,قابس المدينة - قابس الغربية,المنطقة الرابعة,144,6283,6283,100.0,0
/Users/mohameddhiahammami/iCloud Drive (Archive)/www.isie.tn/wp-content/uploads/2024/ListesElecteurs06Juillet2024/الداخل/قابس/2504_قابس المدينة - قابس الغربية/النحال.pdf,النحال.pdf,قابس,قابس المدينة - قابس الغربية,النحال,49,2098,2098,100.0,0
/Users/mohameddhiahammami/iCloud Drive (Archive)/www.isie.tn/wp-content/uploads/2024/ListesElecteurs06Juillet2024/الداخل/قابس/2504_قابس المدينة - قابس الغربية/بوشمة.pdf,بوشمة.pdf,قابس,قابس المدينة - قابس الغربية,بوشمة,221,9660,9660,100.0,0
/Users/mohameddhiahammami/iCloud Drive (Archive)/www.isie.tn/wp-content/uploads/2024/ListesElecteurs06Juillet2024/الداخل/قابس/2504_قابس المدينة - قابس الغربية/شط سيدي عبد السلام.pdf,شط سيدي عبد السلام.pdf,قابس,قابس المدينة - قابس الغربية,شط سيدي عبد السلام,159,6934,6934,100.0,0
/Users/mohameddhiahammami/iCloud Drive (Archive)/www.isie.tn/wp-content/uploads/2024/ListesElecteurs06Juillet2024/الداخل/قابس/2504_قابس المدينة - قابس الغربية/شنني الشرقية.pdf,شنني الشرقية.pdf,قابس,قابس المدينة - قابس الغربية,شنني الشرقية,95,4097,4097,100.0,0
/Users/mohameddhiahammami/iCloud Drive (Archive)/www.isie.tn/wp-content/uploads/2024/ListesElecteurs06Juillet2024/الداخل/قابس/2504_قابس المدينة - قابس الغربية/شنني الشمالية.pdf,شنني الشمالية.pdf,قابس,قابس المدينة - قابس الغربية,شنني الشمالية,47,1987,1987,100.0,0
/Users/mohameddhiahammami/iCloud Drive (Archive)/www.isie.tn/wp-content/uploads/2024/ListesElecteurs06Juillet2024/الداخل/قابس/2504_قابس المدينة - قابس الغربية/شنني الغربية.pdf,شنني الغربية.pdf,قابس,قابس المدينة - قابس الغربية,شنني الغربية,74,3198,3198,100.0,0
/Users/mohameddhiahammami/iCloud Drive (Archive)/www.isie.tn/wp-content/uploads/2024/ListesElecteurs06Juillet2024/الداخل/قابس/2505_مارث - دخيلة توجان  - مطماطة - مطماطة الجديدة/الزارات.pdf,الزارات.pdf,قابس,مارث - دخيلة توجان - مطماطة - مطماطة الجديدة,الزارات,146,6370,6370,100.0,0
/Users/mohameddhiahammami/iCloud Drive (Archive)/www.isie.tn/wp-content/uploads/2024/ListesElecteurs06Juillet2024/الداخل/قابس/2505_مارث - دخيلة توجان  - مطماطة - مطماطة الجديدة/الزراوة.pdf,الزراوة.pdf,قابس,مارث - دخيلة توجان - مطماطة - مطماطة الجديدة,الزراوة,43,1848,1848,100.0,0
/Users/mohameddhiahammami/iCloud Drive (Archive)/www.isie.tn/wp-content/uploads/2024/ListesElecteurs06Juillet2024/الداخل/قابس/2505_مارث - دخيلة توجان  - مطماطة - مطماطة الجديدة/الزركين.pdf,الزركين.pdf,قابس,مارث - دخيلة توجان - مطماطة - مطماطة الجديدة,الزركين,39,1669,1669,100.0,0
/Users/mohameddhiahammami/iCloud Drive (Archive)/www.isie.tn/wp-content/uploads/2024/ListesElecteurs06Juillet2024/الداخل/قابس/2505_مارث - دخيلة توجان  - مطماطة - مطماطة الجديدة/العلاية.pdf,العلاية.pdf,قابس,مارث - دخيلة توجان - مطماطة - مطماطة الجديدة,العلاية,42,1794,1794,100.0,0
/Users/mohameddhiahammami/iCloud Drive (Archive)/www.isie.tn/wp-content/uploads/2024/ListesElecteurs06Juillet2024/الداخل/قابس/2505_مارث - دخيلة توجان  - مطماطة - مطماطة الجديدة/بني زلطن.pdf,بني زلطن.pdf,قابس,مارث - دخيلة توجان - مطماطة - مطماطة الجديدة,بني زلطن,32,1341,1341,100.0,0
/Users/mohameddhiahammami/iCloud Drive (Archive)/www.isie.tn/wp-content/uploads/2024/ListesElecteurs06Juillet2024/الداخل/قابس/2505_مارث - دخيلة توجان  - مطماطة - مطماطة الجديدة/بني عيسى.pdf,بني عيسى.pdf,قابس,مارث - دخيلة توجان - مطماطة - مطماطة الجديدة,بني عيسى,14,551,551,100.0,0
/Users/mohameddhiahammami/iCloud Drive (Archive)/www.isie.tn/wp-content/uploads/2024/ListesElecteurs06Juillet2024/الداخل/قابس/2505_مارث - دخيلة توجان  - مطماطة - مطماطة الجديدة/تشين.pdf,تشين.pdf,قابس,مارث - دخيلة توجان - مطماطة - مطماطة الجديدة,تشين,23,954,954,100.0,0
/Users/mohameddhiahammami/iCloud Drive (Archive)/www.isie.tn/wp-content/uploads/2024/ListesElecteurs06Juillet2024/الداخل/قابس/2505_مارث - دخيلة توجان  - مطماطة - مطماطة الجديدة/تمزرط.pdf,تمزرط.pdf,قابس,مارث - دخيلة توجان - مطماطة - مطماطة الجديدة,تمزرط,19,778,778,100.0,0
/Users/mohameddhiahammami/iCloud Drive (Archive)/www.isie.tn/wp-content/uploads/2024/ListesElecteurs06Juillet2024/الداخل/قابس/2505_مارث - دخيلة توجان  - مطماطة - مطماطة الجديدة/توجان.pdf,توجان.pdf,قابس,مارث - دخيلة توجان - مطماطة - مطماطة الجديدة,توجان,17,698,698,100.0,0
/Users/mohameddhiahammami/iCloud Drive (Archive)/www.isie.tn/wp-content/uploads/2024/ListesElecteurs06Juillet2024/الداخل/قابس/2505_مارث - دخيلة توجان  - مطماطة - مطماطة الجديدة/دخيلة توجان.pdf,دخيلة توجان.pdf,قابس,مارث - دخيلة توجان - مطماطة - مطماطة الجديدة,دخيلة توجان,108,4699,4699,100.0,0
/Users/mohameddhiahammami/iCloud Drive (Archive)/www.isie.tn/wp-content/uploads/2024/ListesElecteurs06Juillet2024/الداخل/قابس/2505_مارث - دخيلة توجان  - مطماطة - مطماطة الجديدة/زريق الغندري.pdf,زريق الغندري.pdf,قابس,مارث - دخيلة توجان - مطماطة - مطماطة الجديدة,زريق الغندري,45,1899,1899,100.0,0
/Users/mohameddhiahammami/iCloud Drive (Archive)/www.isie.tn/wp-content/uploads/2024/ListesElecteurs06Juillet2024/الداخل/قابس/2505_مارث - دخيلة توجان  - مطماطة - مطماطة الجديدة/زمرتن.pdf,زمرتن.pdf,قابس,مارث - دخيلة توجان - مطماطة - مطماطة الجديدة,زمرتن,22,888,888,100.0,0
/Users/mohameddhiahammami/iCloud Drive (Archive)/www.isie.tn/wp-content/uploads/2024/ListesElecteurs06Juillet2024/الداخل/قابس/2505_مارث - دخيلة توجان  - مطماطة - مطماطة الجديدة/سيدي التواتي.pdf,سيدي التواتي.pdf,قابس,مارث - دخيلة توجان - مطماطة - مطماطة الجديدة,سيدي التواتي,52,2219,2219,100.0,0
/Users/mohameddhiahammami/iCloud Drive (Archive)/www.isie.tn/wp-content/uploads/2024/ListesElecteurs06Juillet2024/الداخل/قابس/2505_مارث - دخيلة توجان  - مطماطة - مطماطة الجديدة/عرام.pdf,عرام.pdf,قابس,مارث - دخيلة توجان - مطماطة - مطماطة الجديدة,عرام,97,4203,4203,100.0,0
/Users/mohameddhiahammami/iCloud Drive (Archive)/www.isie.tn/wp-content/uploads/2024/ListesElecteurs06Juillet2024/الداخل/قابس/2505_مارث - دخيلة توجان  - مطماطة - مطماطة الجديدة/عين تونين.pdf,عين تونين.pdf,قابس,مارث - دخيلة توجان - مطماطة - مطماطة الجديدة,عين تونين,44,1887,1887,100.0,0
/Users/mohameddhiahammami/iCloud Drive (Archive)/www.isie.tn/wp-content/uploads/2024/ListesElecteurs06Juillet2024/الداخل/قابس/2505_مارث - دخيلة توجان  - مطماطة - مطماطة الجديدة/عيون الزركين.pdf,عيون الزركين.pdf,قابس,مارث - دخيلة توجان - مطماطة - مطماطة الجديدة,عيون الزركين,64,2758,2758,100.0,0
/Users/mohameddhiahammami/iCloud Drive (Archive)/www.isie.tn/wp-content/uploads/2024/ListesElecteurs06Juillet2024/الداخل/قابس/2505_مارث - دخيلة توجان  - مطماطة - مطماطة الجديدة/كتانة.pdf,كتانة.pdf,قابس,مارث - دخيلة توجان - مطماطة - مطماطة الجديدة,كتانة,101,4393,4393,100.0,0
/Users/mohameddhiahammami/iCloud Drive (Archive)/www.isie.tn/wp-content/uploads/2024/ListesElecteurs06Juillet2024/الداخل/قابس/2505_مارث - دخيلة توجان  - مطماطة - مطماطة الجديدة/مارث.pdf,مارث.pdf,قابس,مارث - دخيلة توجان - مطماطة - مطماطة الجديدة,مارث,318,13922,13922,100.0,0
/Users/mohameddhiahammami/iCloud Drive (Archive)/www.isie.tn/wp-content/uploads/2024/ListesElecteurs06Juillet2024/الداخل/قابس/2505_مارث - دخيلة توجان  - مطماطة - مطماطة الجديدة/مارث الشمالية.pdf,مارث الشمالية.pdf,قابس,مارث - دخيلة توجان - مطماطة - مطماطة الجديدة,مارث الشمالية,161,7015,7015,100.0,0
/Users/mohameddhiahammami/iCloud Drive (Archive)/www.isie.tn/wp-content/uploads/2024/ListesElecteurs06Juillet2024/الداخل/قابس/2505_مارث - دخيلة توجان  - مطماطة - مطماطة الجديدة/مطماطة.pdf,مطماطة.pdf,قابس,مارث - دخيلة توجان - مطماطة - مطماطة الجديدة,مطماطة,96,4173,4173,100.0,0
/Users/mohameddhiahammami/iCloud Drive (Archive)/www.isie.tn/wp-content/uploads/2024/ListesElecteurs06Juillet2024/الداخل/قابس/2505_مارث - دخيلة توجان  - مطماطة - مطماطة الجديدة/مطماطة الجديدة.pdf,مطماطة الجديدة.pdf,قابس,مارث - دخيلة توجان - مطماطة - مطماطة الجديدة,مطماطة الجديدة,155,6770,6770,100.0,0
/Users/mohameddhiahammami/iCloud Drive (Archive)/www.isie.tn/wp-content/uploads/2024/ListesElecteurs06Juillet2024/الداخل/قابس/2505_مارث - دخيلة توجان  - مطماطة - مطماطة الجديدة/هداج.pdf,هداج.pdf,قابس,مارث - دخيلة توجان - مطماطة - مطماطة الجديدة,هداج,45,1898,1898,100.0,0
/Users/mohameddhiahammami/iCloud Drive (Archive)/www.isie.tn/wp-content/uploads/2024/ListesElecteurs06Juillet2024/الداخل/قابس/2505_مارث - دخيلة توجان  - مطماطة - مطماطة الجديدة/واريفين.pdf,واريفين.pdf,قابس,مارث - دخيلة توجان - مطماطة - مطماطة الجديدة,واريفين,11,428,428,100.0,0
/Users/mohameddhiahammami/iCloud Drive (Archive)/www.isie.tn/wp-content/uploads/2024/ListesElecteurs06Juillet2024/الداخل/قبلي/1901_دوز/العبادلة.pdf,العبادلة.pdf,قبلي,دوز,العبادلة,93,4020,4020,100.0,0
/Users/mohameddhiahammami/iCloud Drive (Archive)/www.isie.tn/wp-content/uploads/2024/ListesElecteurs06Juillet2024/الداخل/قبلي/1901_دوز/العذارة.pdf,العذارة.pdf,قبلي,دوز,العذارة,72,3101,3101,100.0,0
/Users/mohameddhiahammami/iCloud Drive (Archive)/www.isie.tn/wp-content/uploads/2024/ListesElecteurs06Juillet2024/الداخل/قبلي/1901_دوز/العوينة الجنوبية.pdf,العوينة الجنوبية.pdf,قبلي,دوز,العوينة الجنوبية,102,4407,4407,100.0,0
/Users/mohameddhiahammami/iCloud Drive (Archive)/www.isie.tn/wp-content/uploads/2024/ListesElecteurs06Juillet2024/الداخل/قبلي/1901_دوز/العوينة الشمالية.pdf,العوينة الشمالية.pdf,قبلي,دوز,العوينة الشمالية,85,3655,3655,100.0,0
/Users/mohameddhiahammami/iCloud Drive (Archive)/www.isie.tn/wp-content/uploads/2024/ListesElecteurs06Juillet2024/الداخل/قبلي/1901_دوز/القلعة.pdf,القلعة.pdf,قبلي,دوز,القلعة,150,6556,6556,100.0,0
/Users/mohameddhiahammami/iCloud Drive (Archive)/www.isie.tn/wp-content/uploads/2024/ListesElecteurs06Juillet2024/الداخل/قبلي/1901_دوز/دوز الشرقية.pdf,دوز الشرقية.pdf,قبلي,دوز,دوز الشرقية,130,5648,5648,100.0,0
/Users/mohameddhiahammami/iCloud Drive (Archive)/www.isie.tn/wp-content/uploads/2024/ListesElecteurs06Juillet2024/الداخل/قبلي/1901_دوز/دوز الغربية.pdf,دوز الغربية.pdf,قبلي,دوز,دوز الغربية,109,4744,4744,100.0,0
/Users/mohameddhiahammami/iCloud Drive (Archive)/www.isie.tn/wp-content/uploads/2024/ListesElecteurs06Juillet2024/الداخل/قبلي/1901_دوز/غليسية.pdf,غليسية.pdf,قبلي,دوز,غليسية,56,2383,2383,100.0,0
/Users/mohameddhiahammami/iCloud Drive (Archive)/www.isie.tn/wp-content/uploads/2024/ListesElecteurs06Juillet2024/الداخل/قبلي/1901_دوز/نويل الجنوبية.pdf,نويل الجنوبية.pdf,قبلي,دوز,نويل الجنوبية,43,1846,1846,100.0,0
/Users/mohameddhiahammami/iCloud Drive (Archive)/www.isie.tn/wp-content/uploads/2024/ListesElecteurs06Juillet2024/الداخل/قبلي/1901_دوز/نويل الشمالية.pdf,نويل الشمالية.pdf,قبلي,دوز,نويل الشمالية,45,1895,1895,100.0,0
/Users/mohameddhiahammami/iCloud Drive (Archive)/www.isie.tn/wp-content/uploads/2024/ListesElecteurs06Juillet2024/الداخل/قبلي/1902_فوار - رجيم معتوق/الصابرية الشرقية.pdf,الصابرية الشرقية.pdf,قبلي,فوار - رجيم معتوق,الصابرية الشرقية,52,2216,2216,100.0,0
/Users/mohameddhiahammami/iCloud Drive (Archive)/www.isie.tn/wp-content/uploads/2024/ListesElecteurs06Juillet2024/الداخل/قبلي/1902_فوار - رجيم معتوق/الصابرية الغربية.pdf,الصابرية الغربية.pdf,قبلي,فوار - رجيم معتوق,الصابرية الغربية,77,3309,3309,100.0,0
/Users/mohameddhiahammami/iCloud Drive (Archive)/www.isie.tn/wp-content/uploads/2024/ListesElecteurs06Juillet2024/الداخل/قبلي/1902_فوار - رجيم معتوق/المطروحة.pdf,المطروحة.pdf,قبلي,فوار - رجيم معتوق,المطروحة,5,166,166,100.0,0
/Users/mohameddhiahammami/iCloud Drive (Archive)/www.isie.tn/wp-content/uploads/2024/ListesElecteurs06Juillet2024/الداخل/قبلي/1902_فوار - رجيم معتوق/بشني - الدرجين.pdf,بشني - الدرجين.pdf,قبلي,فوار - رجيم معتوق,بشني - الدرجين,42,1763,1763,100.0,0
/Users/mohameddhiahammami/iCloud Drive (Archive)/www.isie.tn/wp-content/uploads/2024/ListesElecteurs06Juillet2024/الداخل/قبلي/1902_فوار - رجيم معتوق/رجيم معتوق.pdf,رجيم معتوق.pdf,قبلي,فوار - رجيم معتوق,رجيم معتوق,59,2547,2547,100.0,0
/Users/mohameddhiahammami/iCloud Drive (Archive)/www.isie.tn/wp-content/uploads/2024/ListesElecteurs06Juillet2024/الداخل/قبلي/1902_فوار - رجيم معتوق/غريب.pdf,غريب.pdf,قبلي,فوار - رجيم معتوق,غريب,69,2991,2991,100.0,0
/Users/mohameddhiahammami/iCloud Drive (Archive)/www.isie.tn/wp-content/uploads/2024/ListesElecteurs06Juillet2024/الداخل/قبلي/1902_فوار - رجيم معتوق/غيدمة.pdf,غيدمة.pdf,قبلي,فوار - رجيم معتوق,غيدمة,45,1908,1908,100.0,0
/Users/mohameddhiahammami/iCloud Drive (Archive)/www.isie.tn/wp-content/uploads/2024/ListesElecteurs06Juillet2024/الداخل/قبلي/1903_قبلي - سوق الأحد/أم الصمعة.pdf,أم الصمعة.pdf,قبلي,قبلي - سوق الأحد,أم الصمعة,103,4474,4474,100.0,0
/Users/mohameddhiahammami/iCloud Drive (Archive)/www.isie.tn/wp-content/uploads/2024/ListesElecteurs06Juillet2024/الداخل/قبلي/1903_قبلي - سوق الأحد/البليدات.pdf,البليدات.pdf,قبلي,قبلي - سوق الأحد,البليدات,53,2271,2271,100.0,0
/Users/mohameddhiahammami/iCloud Drive (Archive)/www.isie.tn/wp-content/uploads/2024/ListesElecteurs06Juillet2024/الداخل/قبلي/1903_قبلي - سوق الأحد/الرابطة.pdf,الرابطة.pdf,قبلي,قبلي - سوق الأحد,الرابطة,34,1411,1411,100.0,0
/Users/mohameddhiahammami/iCloud Drive (Archive)/www.isie.tn/wp-content/uploads/2024/ListesElecteurs06Juillet2024/الداخل/قبلي/1903_قبلي - سوق الأحد/الزوية.pdf,الزوية.pdf,قبلي,قبلي - سوق الأحد,الزوية,37,1560,1560,100.0,0
/Users/mohameddhiahammami/iCloud Drive (Archive)/www.isie.tn/wp-content/uploads/2024/ListesElecteurs06Juillet2024/الداخل/قبلي/1903_قبلي - سوق الأحد/القطعاية.pdf,القطعاية.pdf,قبلي,قبلي - سوق الأحد,القطعاية,28,1175,1175,100.0,0
/Users/mohameddhiahammami/iCloud Drive (Archive)/www.isie.tn/wp-content/uploads/2024/ListesElecteurs06Juillet2024/الداخل/قبلي/1903_قبلي - سوق الأحد/المنشية.pdf,المنشية.pdf,قبلي,قبلي - سوق الأحد,المنشية,126,5495,5495,100.0,0
/Users/mohameddhiahammami/iCloud Drive (Archive)/www.isie.tn/wp-content/uploads/2024/ListesElecteurs06Juillet2024/الداخل/قبلي/1903_قبلي - سوق الأحد/المنصورة.pdf,المنصورة.pdf,قبلي,قبلي - سوق الأحد,المنصورة,72,3090,3090,100.0,0
/Users/mohameddhiahammami/iCloud Drive (Archive)/www.isie.tn/wp-content/uploads/2024/ListesElecteurs06Juillet2024/الداخل/قبلي/1903_قبلي - سوق الأحد/بازمة.pdf,بازمة.pdf,قبلي,قبلي - سوق الأحد,بازمة,90,3903,3903,100.0,0
/Users/mohameddhiahammami/iCloud Drive (Archive)/www.isie.tn/wp-content/uploads/2024/ListesElecteurs06Juillet2024/الداخل/قبلي/1903_قبلي - سوق الأحد/بشري.pdf,بشري.pdf,قبلي,قبلي - سوق الأحد,بشري,66,2847,2847,100.0,0
/Users/mohameddhiahammami/iCloud Drive (Archive)/www.isie.tn/wp-content/uploads/2024/ListesElecteurs06Juillet2024/الداخل/قبلي/1903_قبلي - سوق الأحد/بشلى.pdf,بشلى.pdf,قبلي,قبلي - سوق الأحد,بشلى,75,3255,3255,100.0,0
/Users/mohameddhiahammami/iCloud Drive (Archive)/www.isie.tn/wp-content/uploads/2024/ListesElecteurs06Juillet2024/الداخل/قبلي/1903_قبلي - سوق الأحد/بني محمد.pdf,بني محمد.pdf,قبلي,قبلي - سوق الأحد,بني محمد,46,1954,1954,100.0,0
/Users/mohameddhiahammami/iCloud Drive (Archive)/www.isie.tn/wp-content/uploads/2024/ListesElecteurs06Juillet2024/الداخل/قبلي/1903_قبلي - سوق الأحد/بو عبد الله.pdf,بو عبد الله.pdf,قبلي,قبلي - سوق الأحد,بو عبد الله,135,5877,5877,100.0,0
/Users/mohameddhiahammami/iCloud Drive (Archive)/www.isie.tn/wp-content/uploads/2024/ListesElecteurs06Juillet2024/الداخل/قبلي/1903_قبلي - سوق الأحد/تلمين.pdf,تلمين.pdf,قبلي,قبلي - سوق الأحد,تلمين,42,1786,1786,100.0,0
/Users/mohameddhiahammami/iCloud Drive (Archive)/www.isie.tn/wp-content/uploads/2024/ListesElecteurs06Juillet2024/الداخل/قبلي/1903_قبلي - سوق الأحد/تنبيب.pdf,تنبيب.pdf,قبلي,قبلي - سوق الأحد,تنبيب,37,1574,1574,100.0,0
/Users/mohameddhiahammami/iCloud Drive (Archive)/www.isie.tn/wp-content/uploads/2024/ListesElecteurs06Juillet2024/الداخل/قبلي/1903_قبلي - سوق الأحد/جرسين.pdf,جرسين.pdf,قبلي,قبلي - سوق الأحد,جرسين,46,1945,1945,100.0,0
/Users/mohameddhiahammami/iCloud Drive (Archive)/www.isie.tn/wp-content/uploads/2024/ListesElecteurs06Juillet2024/الداخل/قبلي/1903_قبلي - سوق الأحد/جمنة الجنوبية.pdf,جمنة الجنوبية.pdf,قبلي,قبلي - سوق الأحد,جمنة الجنوبية,70,3020,3020,100.0,0
/Users/mohameddhiahammami/iCloud Drive (Archive)/www.isie.tn/wp-content/uploads/2024/ListesElecteurs06Juillet2024/الداخل/قبلي/1903_قبلي - سوق الأحد/جمنة الشمالية.pdf,جمنة الشمالية.pdf,قبلي,قبلي - سوق الأحد,جمنة الشمالية,56,2405,2405,100.0,0
/Users/mohameddhiahammami/iCloud Drive (Archive)/www.isie.tn/wp-content/uploads/2024/ListesElecteurs06Juillet2024/الداخل/قبلي/1903_قبلي - سوق الأحد/جنعورة.pdf,جنعورة.pdf,قبلي,قبلي - سوق الأحد,جنعورة,67,2901,2901,100.0,0
/Users/mohameddhiahammami/iCloud Drive (Archive)/www.isie.tn/wp-content/uploads/2024/ListesElecteurs06Juillet2024/الداخل/قبلي/1903_قبلي - سوق الأحد/سعيدان.pdf,سعيدان.pdf,قبلي,قبلي - سوق الأحد,سعيدان,25,1035,1035,100.0,0
/Users/mohameddhiahammami/iCloud Drive (Archive)/www.isie.tn/wp-content/uploads/2024/ListesElecteurs06Juillet2024/الداخل/قبلي/1903_قبلي - سوق الأحد/طنبار.pdf,طنبار.pdf,قبلي,قبلي - سوق الأحد,طنبار,81,3497,3497,100.0,0
/Users/mohameddhiahammami/iCloud Drive (Archive)/www.isie.tn/wp-content/uploads/2024/ListesElecteurs06Juillet2024/الداخل/قبلي/1903_قبلي - سوق الأحد/فطناسة.pdf,فطناسة.pdf,قبلي,قبلي - سوق الأحد,فطناسة,49,2075,2075,100.0,0
/Users/mohameddhiahammami/iCloud Drive (Archive)/www.isie.tn/wp-content/uploads/2024/ListesElecteurs06Juillet2024/الداخل/قبلي/1903_قبلي - سوق الأحد/قبلي الجنوبية.pdf,قبلي الجنوبية.pdf,قبلي,قبلي - سوق الأحد,قبلي الجنوبية,119,5160,5160,100.0,0
/Users/mohameddhiahammami/iCloud Drive (Archive)/www.isie.tn/wp-content/uploads/2024/ListesElecteurs06Juillet2024/الداخل/قبلي/1903_قبلي - سوق الأحد/قبلي الشرقية.pdf,قبلي الشرقية.pdf,قبلي,قبلي - سوق الأحد,قبلي الشرقية,105,4546,4546,100.0,0
/Users/mohameddhiahammami/iCloud Drive (Archive)/www.isie.tn/wp-content/uploads/2024/ListesElecteurs06Juillet2024/الداخل/قبلي/1903_قبلي - سوق الأحد/قبلي الشمالية.pdf,قبلي الشمالية.pdf,قبلي,قبلي - سوق الأحد,قبلي الشمالية,121,5265,5265,100.0,0
/Users/mohameddhiahammami/iCloud Drive (Archive)/www.isie.tn/wp-content/uploads/2024/ListesElecteurs06Juillet2024/الداخل/قبلي/1903_قبلي - سوق الأحد/ليماقس-استفطيمية.pdf,ليماقس-استفطيمية.pdf,قبلي,قبلي - سوق الأحد,ليماقس-استفطيمية,45,1922,1922,100.0,0
/Users/mohameddhiahammami/iCloud Drive (Archive)/www.isie.tn/wp-content/uploads/2024/ListesElecteurs06Juillet2024/الداخل/قبلي/1903_قبلي - سوق الأحد/نقة.pdf,نقة.pdf,قبلي,قبلي - سوق الأحد,نقة,67,2893,2893,100.0,0
/Users/mohameddhiahammami/iCloud Drive (Archive)/www.isie.tn/wp-content/uploads/2024/ListesElecteurs06Juillet2024/الداخل/قفصة/1702_أم العرائس - سيدي بوبكر - الرديف - المتلوي - المضيلة/أم الأقصاب.pdf,أم الأقصاب.pdf,قفصة,أم العرائس - سيدي بوبكر - الرديف - المتلوي - المضيلة,أم الأقصاب,40,1706,1706,100.0,0
/Users/mohameddhiahammami/iCloud Drive (Archive)/www.isie.tn/wp-content/uploads/2024/ListesElecteurs06Juillet2024/الداخل/قفصة/1702_أم العرائس - سيدي بوبكر - الرديف - المتلوي - المضيلة/الثالجة.pdf,الثالجة.pdf,قفصة,أم العرائس - سيدي بوبكر - الرديف - المتلوي - المضيلة,الثالجة,105,4557,4557,100.0,0
/Users/mohameddhiahammami/iCloud Drive (Archive)/www.isie.tn/wp-content/uploads/2024/ListesElecteurs06Juillet2024/الداخل/قفصة/1702_أم العرائس - سيدي بوبكر - الرديف - المتلوي - المضيلة/الحي العمالي.pdf,الحي العمالي.pdf,قفصة,أم العرائس - سيدي بوبكر - الرديف - المتلوي - المضيلة,الحي العمالي,136,5931,5931,100.0,0
/Users/mohameddhiahammami/iCloud Drive (Archive)/www.isie.tn/wp-content/uploads/2024/ListesElecteurs06Juillet2024/الداخل/قفصة/1702_أم العرائس - سيدي بوبكر - الرديف - المتلوي - المضيلة/الدوارة.pdf,الدوارة.pdf,قفصة,أم العرائس - سيدي بوبكر - الرديف - المتلوي - المضيلة,الدوارة,41,1744,1744,100.0,0
/Users/mohameddhiahammami/iCloud Drive (Archive)/www.isie.tn/wp-content/uploads/2024/ListesElecteurs06Juillet2024/الداخل/قفصة/1702_أم العرائس - سيدي بوبكر - الرديف - المتلوي - المضيلة/الرديف الجنوبية.pdf,الرديف الجنوبية.pdf,قفصة,أم العرائس - سيدي بوبكر - الرديف - المتلوي - المضيلة,الرديف الجنوبية,129,5611,5611,100.0,0
/Users/mohameddhiahammami/iCloud Drive (Archive)/www.isie.tn/wp-content/uploads/2024/ListesElecteurs06Juillet2024/الداخل/قفصة/1702_أم العرائس - سيدي بوبكر - الرديف - المتلوي - المضيلة/الرديف الشمالية.pdf,الرديف الشمالية.pdf,قفصة,أم العرائس - سيدي بوبكر - الرديف - المتلوي - المضيلة,الرديف الشمالية,86,3704,3704,100.0,0
/Users/mohameddhiahammami/iCloud Drive (Archive)/www.isie.tn/wp-content/uploads/2024/ListesElecteurs06Juillet2024/الداخل/قفصة/1702_أم العرائس - سيدي بوبكر - الرديف - المتلوي - المضيلة/الرديف المحطة.pdf,الرديف المحطة.pdf,قفصة,أم العرائس - سيدي بوبكر - الرديف - المتلوي - المضيلة,الرديف المحطة,226,9896,9896,100.0,0
/Users/mohameddhiahammami/iCloud Drive (Archive)/www.isie.tn/wp-content/uploads/2024/ListesElecteurs06Juillet2024/الداخل/قفصة/1702_أم العرائس - سيدي بوبكر - الرديف - المتلوي - المضيلة/الرديف المركز.pdf,الرديف المركز.pdf,قفصة,أم العرائس - سيدي بوبكر - الرديف - المتلوي - المضيلة,الرديف المركز,91,3954,3954,100.0,0
/Users/mohameddhiahammami/iCloud Drive (Archive)/www.isie.tn/wp-content/uploads/2024/ListesElecteurs06Juillet2024/الداخل/قفصة/1702_أم العرائس - سيدي بوبكر - الرديف - المتلوي - المضيلة/السقي.pdf,السقي.pdf,قفصة,أم العرائس - سيدي بوبكر - الرديف - المتلوي - المضيلة,السقي,8,286,286,100.0,0
/Users/mohameddhiahammami/iCloud Drive (Archive)/www.isie.tn/wp-content/uploads/2024/ListesElecteurs06Juillet2024/الداخل/قفصة/1702_أم العرائس - سيدي بوبكر - الرديف - المتلوي - المضيلة/السويطير.pdf,السويطير.pdf,قفصة,أم العرائس - سيدي بوبكر - الرديف - المتلوي - المضيلة,السويطير,6,188,188,100.0,0
/Users/mohameddhiahammami/iCloud Drive (Archive)/www.isie.tn/wp-content/uploads/2024/ListesElecteurs06Juillet2024/الداخل/قفصة/1702_أم العرائس - سيدي بوبكر - الرديف - المتلوي - المضيلة/الشنوفية.pdf,الشنوفية.pdf,قفصة,أم العرائس - سيدي بوبكر - الرديف - المتلوي - المضيلة,الشنوفية,16,628,628,100.0,0
/Users/mohameddhiahammami/iCloud Drive (Archive)/www.isie.tn/wp-content/uploads/2024/ListesElecteurs06Juillet2024/الداخل/قفصة/1702_أم العرائس - سيدي بوبكر - الرديف - المتلوي - المضيلة/المتلوي المحطة.pdf,المتلوي المحطة.pdf,قفصة,أم العرائس - سيدي بوبكر - الرديف - المتلوي - المضيلة,المتلوي المحطة,119,5163,5163,100.0,0
/Users/mohameddhiahammami/iCloud Drive (Archive)/www.isie.tn/wp-content/uploads/2024/ListesElecteurs06Juillet2024/الداخل/قفصة/1702_أم العرائس - سيدي بوبكر - الرديف - المتلوي - المضيلة/المتلوي المركز.pdf,المتلوي المركز.pdf,قفصة,أم العرائس - سيدي بوبكر - الرديف - المتلوي - المضيلة,المتلوي المركز,151,6588,6588,100.0,0
/Users/mohameddhiahammami/iCloud Drive (Archive)/www.isie.tn/wp-content/uploads/2024/ListesElecteurs06Juillet2024/الداخل/قفصة/1702_أم العرائس - سيدي بوبكر - الرديف - المتلوي - المضيلة/المزيرعة.pdf,المزيرعة.pdf,قفصة,أم العرائس - سيدي بوبكر - الرديف - المتلوي - المضيلة,المزيرعة,84,3634,3634,100.0,0
/Users/mohameddhiahammami/iCloud Drive (Archive)/www.isie.tn/wp-content/uploads/2024/ListesElecteurs06Juillet2024/الداخل/قفصة/1702_أم العرائس - سيدي بوبكر - الرديف - المتلوي - المضيلة/المظيلة المركز.pdf,المظيلة المركز.pdf,قفصة,أم العرائس - سيدي بوبكر - الرديف - المتلوي - المضيلة,المظيلة المركز,106,4612,4612,100.0,0
/Users/mohameddhiahammami/iCloud Drive (Archive)/www.isie.tn/wp-content/uploads/2024/ListesElecteurs06Juillet2024/الداخل/قفصة/1702_أم العرائس - سيدي بوبكر - الرديف - المتلوي - المضيلة/المقرون.pdf,المقرون.pdf,قفصة,أم العرائس - سيدي بوبكر - الرديف - المتلوي - المضيلة,المقرون,22,909,909,100.0,0
/Users/mohameddhiahammami/iCloud Drive (Archive)/www.isie.tn/wp-content/uploads/2024/ListesElecteurs06Juillet2024/الداخل/قفصة/1702_أم العرائس - سيدي بوبكر - الرديف - المتلوي - المضيلة/ام العرائس المحطة.pdf,ام العرائس المحطة.pdf,قفصة,أم العرائس - سيدي بوبكر - الرديف - المتلوي - المضيلة,ام العرائس المحطة,301,13162,13162,100.0,0
/Users/mohameddhiahammami/iCloud Drive (Archive)/www.isie.tn/wp-content/uploads/2024/ListesElecteurs06Juillet2024/الداخل/قفصة/1702_أم العرائس - سيدي بوبكر - الرديف - المتلوي - المضيلة/ام العرائس المركز.pdf,ام العرائس المركز.pdf,قفصة,أم العرائس - سيدي بوبكر - الرديف - المتلوي - المضيلة,ام العرائس المركز,148,6446,6446,100.0,0
/Users/mohameddhiahammami/iCloud Drive (Archive)/www.isie.tn/wp-content/uploads/2024/ListesElecteurs06Juillet2024/الداخل/قفصة/1702_أم العرائس - سيدي بوبكر - الرديف - المتلوي - المضيلة/تابديت.pdf,تابديت.pdf,قفصة,أم العرائس - سيدي بوبكر - الرديف - المتلوي - المضيلة,تابديت,23,932,932,100.0,0
/Users/mohameddhiahammami/iCloud Drive (Archive)/www.isie.tn/wp-content/uploads/2024/ListesElecteurs06Juillet2024/الداخل/قفصة/1702_أم العرائس - سيدي بوبكر - الرديف - المتلوي - المضيلة/حي الامل الشرقي.pdf,حي الامل الشرقي.pdf,قفصة,أم العرائس - سيدي بوبكر - الرديف - المتلوي - المضيلة,حي الامل الشرقي,162,7079,7079,100.0,0
/Users/mohameddhiahammami/iCloud Drive (Archive)/www.isie.tn/wp-content/uploads/2024/ListesElecteurs06Juillet2024/الداخل/قفصة/1702_أم العرائس - سيدي بوبكر - الرديف - المتلوي - المضيلة/حي الامل الغربي.pdf,حي الامل الغربي.pdf,قفصة,أم العرائس - سيدي بوبكر - الرديف - المتلوي - المضيلة,حي الامل الغربي,52,2209,2209,100.0,0
/Users/mohameddhiahammami/iCloud Drive (Archive)/www.isie.tn/wp-content/uploads/2024/ListesElecteurs06Juillet2024/الداخل/قفصة/1702_أم العرائس - سيدي بوبكر - الرديف - المتلوي - المضيلة/سيدي بوبكر.pdf,سيدي بوبكر.pdf,قفصة,أم العرائس - سيدي بوبكر - الرديف - المتلوي - المضيلة,سيدي بوبكر,51,2177,2177,100.0,0
/Users/mohameddhiahammami/iCloud Drive (Archive)/www.isie.tn/wp-content/uploads/2024/ListesElecteurs06Juillet2024/الداخل/قفصة/1702_أم العرائس - سيدي بوبكر - الرديف - المتلوي - المضيلة/صهيب.pdf,صهيب.pdf,قفصة,أم العرائس - سيدي بوبكر - الرديف - المتلوي - المضيلة,صهيب,40,1682,1682,100.0,0
/Users/mohameddhiahammami/iCloud Drive (Archive)/www.isie.tn/wp-content/uploads/2024/ListesElecteurs06Juillet2024/الداخل/قفصة/1702_أم العرائس - سيدي بوبكر - الرديف - المتلوي - المضيلة/كريشة النعام.pdf,كريشة النعام.pdf,قفصة,أم العرائس - سيدي بوبكر - الرديف - المتلوي - المضيلة,كريشة النعام,5,165,165,100.0,0
/Users/mohameddhiahammami/iCloud Drive (Archive)/www.isie.tn/wp-content/uploads/2024/ListesElecteurs06Juillet2024/الداخل/قفصة/1702_أم العرائس - سيدي بوبكر - الرديف - المتلوي - المضيلة/وادي الارطة.pdf,وادي الارطة.pdf,قفصة,أم العرائس - سيدي بوبكر - الرديف - المتلوي - المضيلة,وادي الارطة,42,1795,1795,100.0,0
/Users/mohameddhiahammami/iCloud Drive (Archive)/www.isie.tn/wp-content/uploads/2024/ListesElecteurs06Juillet2024/الداخل/قفصة/1701_القطار - بلخير - السند/أولاد الحاج.pdf,أولاد الحاج.pdf,قفصة,القطار - بلخير - السند,أولاد الحاج,36,1508,1508,100.0,0
/Users/mohameddhiahammami/iCloud Drive (Archive)/www.isie.tn/wp-content/uploads/2024/ListesElecteurs06Juillet2024/الداخل/قفصة/1701_القطار - بلخير - السند/الأرطس.pdf,الأرطس.pdf,قفصة,القطار - بلخير - السند,الأرطس,27,1116,1116,100.0,0
/Users/mohameddhiahammami/iCloud Drive (Archive)/www.isie.tn/wp-content/uploads/2024/ListesElecteurs06Juillet2024/الداخل/قفصة/1701_القطار - بلخير - السند/الساكت.pdf,الساكت.pdf,قفصة,القطار - بلخير - السند,الساكت,27,1132,1132,100.0,0
/Users/mohameddhiahammami/iCloud Drive (Archive)/www.isie.tn/wp-content/uploads/2024/ListesElecteurs06Juillet2024/الداخل/قفصة/1701_القطار - بلخير - السند/السند.pdf,السند.pdf,قفصة,القطار - بلخير - السند,السند,174,7595,7595,100.0,0
/Users/mohameddhiahammami/iCloud Drive (Archive)/www.isie.tn/wp-content/uploads/2024/ListesElecteurs06Juillet2024/الداخل/قفصة/1701_القطار - بلخير - السند/السند الشمالية.pdf,السند الشمالية.pdf,قفصة,القطار - بلخير - السند,السند الشمالية,34,1446,1446,100.0,0
/Users/mohameddhiahammami/iCloud Drive (Archive)/www.isie.tn/wp-content/uploads/2024/ListesElecteurs06Juillet2024/الداخل/قفصة/1701_القطار - بلخير - السند/الطلح الشرقية.pdf,الطلح الشرقية.pdf,قفصة,القطار - بلخير - السند,الطلح الشرقية,25,1013,1013,100.0,0
/Users/mohameddhiahammami/iCloud Drive (Archive)/www.isie.tn/wp-content/uploads/2024/ListesElecteurs06Juillet2024/الداخل/قفصة/1701_القطار - بلخير - السند/الطلح الغربية.pdf,الطلح الغربية.pdf,قفصة,القطار - بلخير - السند,الطلح الغربية,43,1812,1812,100.0,0
/Users/mohameddhiahammami/iCloud Drive (Archive)/www.isie.tn/wp-content/uploads/2024/ListesElecteurs06Juillet2024/الداخل/قفصة/1701_القطار - بلخير - السند/العنق.pdf,العنق.pdf,قفصة,القطار - بلخير - السند,العنق,44,1882,1882,100.0,0
/Users/mohameddhiahammami/iCloud Drive (Archive)/www.isie.tn/wp-content/uploads/2024/ListesElecteurs06Juillet2024/الداخل/قفصة/1701_القطار - بلخير - السند/العيايشة.pdf,العيايشة.pdf,قفصة,القطار - بلخير - السند,العيايشة,55,2342,2342,100.0,0
/Users/mohameddhiahammami/iCloud Drive (Archive)/www.isie.tn/wp-content/uploads/2024/ListesElecteurs06Juillet2024/الداخل/قفصة/1701_القطار - بلخير - السند/القطار الشرقية.pdf,القطار الشرقية.pdf,قفصة,القطار - بلخير - السند,القطار الشرقية,106,4577,4577,100.0,0
/Users/mohameddhiahammami/iCloud Drive (Archive)/www.isie.tn/wp-content/uploads/2024/ListesElecteurs06Juillet2024/الداخل/قفصة/1701_القطار - بلخير - السند/القطار الغربية.pdf,القطار الغربية.pdf,قفصة,القطار - بلخير - السند,القطار الغربية,134,5835,5835,100.0,0
/Users/mohameddhiahammami/iCloud Drive (Archive)/www.isie.tn/wp-content/uploads/2024/ListesElecteurs06Juillet2024/الداخل/قفصة/1701_القطار - بلخير - السند/بئر سعد.pdf,بئر سعد.pdf,قفصة,القطار - بلخير - السند,بئر سعد,20,827,827,100.0,0
/Users/mohameddhiahammami/iCloud Drive (Archive)/www.isie.tn/wp-content/uploads/2024/ListesElecteurs06Juillet2024/الداخل/قفصة/1701_القطار - بلخير - السند/بلخير.pdf,بلخير.pdf,قفصة,القطار - بلخير - السند,بلخير,89,3864,3864,100.0,0
/Users/mohameddhiahammami/iCloud Drive (Archive)/www.isie.tn/wp-content/uploads/2024/ListesElecteurs06Juillet2024/الداخل/قفصة/1701_القطار - بلخير - السند/جبيلة الوسط.pdf,جبيلة الوسط.pdf,قفصة,القطار - بلخير - السند,جبيلة الوسط,53,2251,2251,100.0,0
/Users/mohameddhiahammami/iCloud Drive (Archive)/www.isie.tn/wp-content/uploads/2024/ListesElecteurs06Juillet2024/الداخل/قفصة/1701_القطار - بلخير - السند/عليم.pdf,عليم.pdf,قفصة,القطار - بلخير - السند,عليم,89,3832,3832,100.0,0
/Users/mohameddhiahammami/iCloud Drive (Archive)/www.isie.tn/wp-content/uploads/2024/ListesElecteurs06Juillet2024/الداخل/قفصة/1701_القطار - بلخير - السند/ماجورة.pdf,ماجورة.pdf,قفصة,القطار - بلخير - السند,ماجورة,94,4092,4092,100.0,0
/Users/mohameddhiahammami/iCloud Drive (Archive)/www.isie.tn/wp-content/uploads/2024/ListesElecteurs06Juillet2024/الداخل/قفصة/1703_قفصة الجنوبية/العسالة.pdf,العسالة.pdf,قفصة,قفصة الجنوبية,العسالة,458,20071,20071,100.0,0
/Users/mohameddhiahammami/iCloud Drive (Archive)/www.isie.tn/wp-content/uploads/2024/ListesElecteurs06Juillet2024/الداخل/قفصة/1703_قفصة الجنوبية/العقيلة.pdf,العقيلة.pdf,قفصة,قفصة الجنوبية,العقيلة,38,1601,1601,100.0,0
/Users/mohameddhiahammami/iCloud Drive (Archive)/www.isie.tn/wp-content/uploads/2024/ListesElecteurs06Juillet2024/الداخل/قفصة/1703_قفصة الجنوبية/المولى.pdf,المولى.pdf,قفصة,قفصة الجنوبية,المولى,56,2405,2405,100.0,0
/Users/mohameddhiahammami/iCloud Drive (Archive)/www.isie.tn/wp-content/uploads/2024/ListesElecteurs06Juillet2024/الداخل/قفصة/1703_قفصة الجنوبية/الناظور.pdf,الناظور.pdf,قفصة,قفصة الجنوبية,الناظور,31,1303,1303,100.0,0
/Users/mohameddhiahammami/iCloud Drive (Archive)/www.isie.tn/wp-content/uploads/2024/ListesElecteurs06Juillet2024/الداخل/قفصة/1703_قفصة الجنوبية/حي السرور.pdf,حي السرور.pdf,قفصة,قفصة الجنوبية,حي السرور,276,12099,12099,100.0,0
/Users/mohameddhiahammami/iCloud Drive (Archive)/www.isie.tn/wp-content/uploads/2024/ListesElecteurs06Juillet2024/الداخل/قفصة/1703_قفصة الجنوبية/حي الشباب.pdf,حي الشباب.pdf,قفصة,قفصة الجنوبية,حي الشباب,349,15302,15302,100.0,0
/Users/mohameddhiahammami/iCloud Drive (Archive)/www.isie.tn/wp-content/uploads/2024/ListesElecteurs06Juillet2024/الداخل/قفصة/1703_قفصة الجنوبية/حي النور.pdf,حي النور.pdf,قفصة,قفصة الجنوبية,حي النور,188,8209,8209,100.0,0
/Users/mohameddhiahammami/iCloud Drive (Archive)/www.isie.tn/wp-content/uploads/2024/ListesElecteurs06Juillet2024/الداخل/قفصة/1703_قفصة الجنوبية/سيدي احمد زروق.pdf,سيدي احمد زروق.pdf,قفصة,قفصة الجنوبية,سيدي احمد زروق,120,5230,5230,100.0,0
/Users/mohameddhiahammami/iCloud Drive (Archive)/www.isie.tn/wp-content/uploads/2024/ListesElecteurs06Juillet2024/الداخل/قفصة/1703_قفصة الجنوبية/قفصة الشرقية.pdf,قفصة الشرقية.pdf,قفصة,قفصة الجنوبية,قفصة الشرقية,109,4746,4746,100.0,0
/Users/mohameddhiahammami/iCloud Drive (Archive)/www.isie.tn/wp-content/uploads/2024/ListesElecteurs06Juillet2024/الداخل/قفصة/1703_قفصة الجنوبية/قفصة المدينة.pdf,قفصة المدينة.pdf,قفصة,قفصة الجنوبية,قفصة المدينة,164,7159,7159,100.0,0
/Users/mohameddhiahammami/iCloud Drive (Archive)/www.isie.tn/wp-content/uploads/2024/ListesElecteurs06Juillet2024/الداخل/قفصة/1703_قفصة الجنوبية/كاف دربي.pdf,كاف دربي.pdf,قفصة,قفصة الجنوبية,كاف دربي,35,1459,1459,100.0,0
/Users/mohameddhiahammami/iCloud Drive (Archive)/www.isie.tn/wp-content/uploads/2024/ListesElecteurs06Juillet2024/الداخل/قفصة/1703_قفصة الجنوبية/وادي ايلو.pdf,وادي ايلو.pdf,قفصة,قفصة الجنوبية,وادي ايلو,163,7126,7126,100.0,0
/Users/mohameddhiahammami/iCloud Drive (Archive)/www.isie.tn/wp-content/uploads/2024/ListesElecteurs06Juillet2024/الداخل/قفصة/1704_قفصة الشمالية - سيدي عيش - القصر - زانوش/الجديدة.pdf,الجديدة.pdf,قفصة,قفصة الشمالية - سيدي عيش - القصر - زانوش,الجديدة,69,2968,2968,100.0,0
/Users/mohameddhiahammami/iCloud Drive (Archive)/www.isie.tn/wp-content/uploads/2024/ListesElecteurs06Juillet2024/الداخل/قفصة/1704_قفصة الشمالية - سيدي عيش - القصر - زانوش/الرحيبة.pdf,الرحيبة.pdf,قفصة,قفصة الشمالية - سيدي عيش - القصر - زانوش,الرحيبة,37,1580,1580,100.0,0
/Users/mohameddhiahammami/iCloud Drive (Archive)/www.isie.tn/wp-content/uploads/2024/ListesElecteurs06Juillet2024/الداخل/قفصة/1704_قفصة الشمالية - سيدي عيش - القصر - زانوش/الرحيبة الجنوبية.pdf,الرحيبة الجنوبية.pdf,قفصة,قفصة الشمالية - سيدي عيش - القصر - زانوش,الرحيبة الجنوبية,20,831,831,100.0,0
/Users/mohameddhiahammami/iCloud Drive (Archive)/www.isie.tn/wp-content/uploads/2024/ListesElecteurs06Juillet2024/الداخل/قفصة/1704_قفصة الشمالية - سيدي عيش - القصر - زانوش/السوينية.pdf,السوينية.pdf,قفصة,قفصة الشمالية - سيدي عيش - القصر - زانوش,السوينية,15,592,592,100.0,0
/Users/mohameddhiahammami/iCloud Drive (Archive)/www.isie.tn/wp-content/uploads/2024/ListesElecteurs06Juillet2024/الداخل/قفصة/1704_قفصة الشمالية - سيدي عيش - القصر - زانوش/العمايمية.pdf,العمايمية.pdf,قفصة,قفصة الشمالية - سيدي عيش - القصر - زانوش,العمايمية,19,776,776,100.0,0
/Users/mohameddhiahammami/iCloud Drive (Archive)/www.isie.tn/wp-content/uploads/2024/ListesElecteurs06Juillet2024/الداخل/قفصة/1704_قفصة الشمالية - سيدي عيش - القصر - زانوش/الفج.pdf,الفج.pdf,قفصة,قفصة الشمالية - سيدي عيش - القصر - زانوش,الفج,31,1281,1281,100.0,0
/Users/mohameddhiahammami/iCloud Drive (Archive)/www.isie.tn/wp-content/uploads/2024/ListesElecteurs06Juillet2024/الداخل/قفصة/1704_قفصة الشمالية - سيدي عيش - القصر - زانوش/القرية.pdf,القرية.pdf,قفصة,قفصة الشمالية - سيدي عيش - القصر - زانوش,القرية,48,2039,2039,100.0,0
/Users/mohameddhiahammami/iCloud Drive (Archive)/www.isie.tn/wp-content/uploads/2024/ListesElecteurs06Juillet2024/الداخل/قفصة/1704_قفصة الشمالية - سيدي عيش - القصر - زانوش/القصر.pdf,القصر.pdf,قفصة,قفصة الشمالية - سيدي عيش - القصر - زانوش,القصر,310,13564,13564,100.0,0
/Users/mohameddhiahammami/iCloud Drive (Archive)/www.isie.tn/wp-content/uploads/2024/ListesElecteurs06Juillet2024/الداخل/قفصة/1704_قفصة الشمالية - سيدي عيش - القصر - زانوش/القصر الشرقية.pdf,القصر الشرقية.pdf,قفصة,قفصة الشمالية - سيدي عيش - القصر - زانوش,القصر الشرقية,58,2471,2471,100.0,0
/Users/mohameddhiahammami/iCloud Drive (Archive)/www.isie.tn/wp-content/uploads/2024/ListesElecteurs06Juillet2024/الداخل/قفصة/1704_قفصة الشمالية - سيدي عيش - القصر - زانوش/المتكيدس.pdf,المتكيدس.pdf,قفصة,قفصة الشمالية - سيدي عيش - القصر - زانوش,المتكيدس,27,1135,1135,100.0,0
/Users/mohameddhiahammami/iCloud Drive (Archive)/www.isie.tn/wp-content/uploads/2024/ListesElecteurs06Juillet2024/الداخل/قفصة/1704_قفصة الشمالية - سيدي عيش - القصر - زانوش/المطار.pdf,المطار.pdf,قفصة,قفصة الشمالية - سيدي عيش - القصر - زانوش,المطار,106,4599,4599,100.0,0
/Users/mohameddhiahammami/iCloud Drive (Archive)/www.isie.tn/wp-content/uploads/2024/ListesElecteurs06Juillet2024/الداخل/قفصة/1704_قفصة الشمالية - سيدي عيش - القصر - زانوش/حي حشاد.pdf,حي حشاد.pdf,قفصة,قفصة الشمالية - سيدي عيش - القصر - زانوش,حي حشاد,83,3578,3578,100.0,0
/Users/mohameddhiahammami/iCloud Drive (Archive)/www.isie.tn/wp-content/uploads/2024/ListesElecteurs06Juillet2024/الداخل/قفصة/1704_قفصة الشمالية - سيدي عيش - القصر - زانوش/زانوش.pdf,زانوش.pdf,قفصة,قفصة الشمالية - سيدي عيش - القصر - زانوش,زانوش,121,5260,5260,100.0,0
/Users/mohameddhiahammami/iCloud Drive (Archive)/www.isie.tn/wp-content/uploads/2024/ListesElecteurs06Juillet2024/الداخل/قفصة/1704_قفصة الشمالية - سيدي عيش - القصر - زانوش/سيدي عيش.pdf,سيدي عيش.pdf,قفصة,قفصة الشمالية - سيدي عيش - القصر - زانوش,سيدي عيش,78,3347,3347,100.0,0
/Users/mohameddhiahammami/iCloud Drive (Archive)/www.isie.tn/wp-content/uploads/2024/ListesElecteurs06Juillet2024/الداخل/قفصة/1704_قفصة الشمالية - سيدي عيش - القصر - زانوش/سيدي عيش الشرقية.pdf,سيدي عيش الشرقية.pdf,قفصة,قفصة الشمالية - سيدي عيش - القصر - زانوش,سيدي عيش الشرقية,24,971,971,100.0,0
/Users/mohameddhiahammami/iCloud Drive (Archive)/www.isie.tn/wp-content/uploads/2024/ListesElecteurs06Juillet2024/الداخل/قفصة/1704_قفصة الشمالية - سيدي عيش - القصر - زانوش/عبد الصادق.pdf,عبد الصادق.pdf,قفصة,قفصة الشمالية - سيدي عيش - القصر - زانوش,عبد الصادق,89,3868,3868,100.0,0
/Users/mohameddhiahammami/iCloud Drive (Archive)/www.isie.tn/wp-content/uploads/2024/ListesElecteurs06Juillet2024/الداخل/قفصة/1704_قفصة الشمالية - سيدي عيش - القصر - زانوش/عمرة.pdf,عمرة.pdf,قفصة,قفصة الشمالية - سيدي عيش - القصر - زانوش,عمرة,32,1324,1324,100.0,0
/Users/mohameddhiahammami/iCloud Drive (Archive)/www.isie.tn/wp-content/uploads/2024/ListesElecteurs06Juillet2024/الداخل/قفصة/1704_قفصة الشمالية - سيدي عيش - القصر - زانوش/قصور الاخوة.pdf,قصور الاخوة.pdf,قفصة,قفصة الشمالية - سيدي عيش - القصر - زانوش,قصور الاخوة,15,581,581,100.0,0
/Users/mohameddhiahammami/iCloud Drive (Archive)/www.isie.tn/wp-content/uploads/2024/ListesElecteurs06Juillet2024/الداخل/قفصة/1704_قفصة الشمالية - سيدي عيش - القصر - زانوش/قطيس.pdf,قطيس.pdf,قفصة,قفصة الشمالية - سيدي عيش - القصر - زانوش,قطيس,36,1519,1519,100.0,0
/Users/mohameddhiahammami/iCloud Drive (Archive)/www.isie.tn/wp-content/uploads/2024/ListesElecteurs06Juillet2024/الداخل/قفصة/1704_قفصة الشمالية - سيدي عيش - القصر - زانوش/لالة.pdf,لالة.pdf,قفصة,قفصة الشمالية - سيدي عيش - القصر - زانوش,لالة,104,4525,4525,100.0,0
/Users/mohameddhiahammami/iCloud Drive (Archive)/www.isie.tn/wp-content/uploads/2024/ListesElecteurs06Juillet2024/الداخل/قفصة/1704_قفصة الشمالية - سيدي عيش - القصر - زانوش/منزل القمودي.pdf,منزل القمودي.pdf,قفصة,قفصة الشمالية - سيدي عيش - القصر - زانوش,منزل القمودي,10,389,389,100.0,0
/Users/mohameddhiahammami/iCloud Drive (Archive)/www.isie.tn/wp-content/uploads/2024/ListesElecteurs06Juillet2024/الداخل/قفصة/1704_قفصة الشمالية - سيدي عيش - القصر - زانوش/منزل ميمون.pdf,منزل ميمون.pdf,قفصة,قفصة الشمالية - سيدي عيش - القصر - زانوش,منزل ميمون,32,1323,1323,100.0,0
/Users/mohameddhiahammami/iCloud Drive (Archive)/www.isie.tn/wp-content/uploads/2024/ListesElecteurs06Juillet2024/الداخل/مدنين/2601_بنقردان/الشهبانية.pdf,الشهبانية.pdf,مدنين,بنقردان,الشهبانية,38,1626,1626,100.0,0
/Users/mohameddhiahammami/iCloud Drive (Archive)/www.isie.tn/wp-content/uploads/2024/ListesElecteurs06Juillet2024/الداخل/مدنين/2601_بنقردان/الصياح.pdf,الصياح.pdf,مدنين,بنقردان,الصياح,119,5191,5191,100.0,0
/Users/mohameddhiahammami/iCloud Drive (Archive)/www.isie.tn/wp-content/uploads/2024/ListesElecteurs06Juillet2024/الداخل/مدنين/2601_بنقردان/الطابعي.pdf,الطابعي.pdf,مدنين,بنقردان,الطابعي,158,6890,6890,100.0,0
/Users/mohameddhiahammami/iCloud Drive (Archive)/www.isie.tn/wp-content/uploads/2024/ListesElecteurs06Juillet2024/الداخل/مدنين/2601_بنقردان/العامرية.pdf,العامرية.pdf,مدنين,بنقردان,العامرية,132,5725,5725,100.0,0
/Users/mohameddhiahammami/iCloud Drive (Archive)/www.isie.tn/wp-content/uploads/2024/ListesElecteurs06Juillet2024/الداخل/مدنين/2601_بنقردان/المعمرات.pdf,المعمرات.pdf,مدنين,بنقردان,المعمرات,118,5135,5135,100.0,0
/Users/mohameddhiahammami/iCloud Drive (Archive)/www.isie.tn/wp-content/uploads/2024/ListesElecteurs06Juillet2024/الداخل/مدنين/2601_بنقردان/النفاتية.pdf,النفاتية.pdf,مدنين,بنقردان,النفاتية,24,978,978,100.0,0
/Users/mohameddhiahammami/iCloud Drive (Archive)/www.isie.tn/wp-content/uploads/2024/ListesElecteurs06Juillet2024/الداخل/مدنين/2601_بنقردان/الوراسنية.pdf,الوراسنية.pdf,مدنين,بنقردان,الوراسنية,122,5286,5286,100.0,0
/Users/mohameddhiahammami/iCloud Drive (Archive)/www.isie.tn/wp-content/uploads/2024/ListesElecteurs06Juillet2024/الداخل/مدنين/2601_بنقردان/بنقردان الجنوبية.pdf,بنقردان الجنوبية.pdf,مدنين,بنقردان,بنقردان الجنوبية,190,8290,8290,100.0,0
/Users/mohameddhiahammami/iCloud Drive (Archive)/www.isie.tn/wp-content/uploads/2024/ListesElecteurs06Juillet2024/الداخل/مدنين/2601_بنقردان/بنقردان الشمالية.pdf,بنقردان الشمالية.pdf,مدنين,بنقردان,بنقردان الشمالية,172,7498,7498,100.0,0
/Users/mohameddhiahammami/iCloud Drive (Archive)/www.isie.tn/wp-content/uploads/2024/ListesElecteurs06Juillet2024/الداخل/مدنين/2601_بنقردان/جلال.pdf,جلال.pdf,مدنين,بنقردان,جلال,174,7598,7598,100.0,0
/Users/mohameddhiahammami/iCloud Drive (Archive)/www.isie.tn/wp-content/uploads/2024/ListesElecteurs06Juillet2024/الداخل/مدنين/2601_بنقردان/جميلة.pdf,جميلة.pdf,مدنين,بنقردان,جميلة,119,5160,5160,100.0,0
/Users/mohameddhiahammami/iCloud Drive (Archive)/www.isie.tn/wp-content/uploads/2024/ListesElecteurs06Juillet2024/الداخل/مدنين/2601_بنقردان/شارب الراجل.pdf,شارب الراجل.pdf,مدنين,بنقردان,شارب الراجل,71,3057,3057,100.0,0
/Users/mohameddhiahammami/iCloud Drive (Archive)/www.isie.tn/wp-content/uploads/2024/ListesElecteurs06Juillet2024/الداخل/مدنين/2602_بني خداش/البحيرة.pdf,البحيرة.pdf,مدنين,بني خداش,البحيرة,35,1464,1464,100.0,0
/Users/mohameddhiahammami/iCloud Drive (Archive)/www.isie.tn/wp-content/uploads/2024/ListesElecteurs06Juillet2024/الداخل/مدنين/2602_بني خداش/البنية.pdf,البنية.pdf,مدنين,بني خداش,البنية,47,1999,1999,100.0,0
/Users/mohameddhiahammami/iCloud Drive (Archive)/www.isie.tn/wp-content/uploads/2024/ListesElecteurs06Juillet2024/الداخل/مدنين/2602_بني خداش/الحميمة.pdf,الحميمة.pdf,مدنين,بني خداش,الحميمة,47,2001,2001,100.0,0
/Users/mohameddhiahammami/iCloud Drive (Archive)/www.isie.tn/wp-content/uploads/2024/ListesElecteurs06Juillet2024/الداخل/مدنين/2602_بني خداش/الدخيلة.pdf,الدخيلة.pdf,مدنين,بني خداش,الدخيلة,14,570,570,100.0,0
/Users/mohameddhiahammami/iCloud Drive (Archive)/www.isie.tn/wp-content/uploads/2024/ListesElecteurs06Juillet2024/الداخل/مدنين/2602_بني خداش/الفجيج.pdf,الفجيج.pdf,مدنين,بني خداش,الفجيج,47,2003,2003,100.0,0
/Users/mohameddhiahammami/iCloud Drive (Archive)/www.isie.tn/wp-content/uploads/2024/ListesElecteurs06Juillet2024/الداخل/مدنين/2602_بني خداش/القصر الجديد.pdf,القصر الجديد.pdf,مدنين,بني خداش,القصر الجديد,63,2691,2691,100.0,0
/Users/mohameddhiahammami/iCloud Drive (Archive)/www.isie.tn/wp-content/uploads/2024/ListesElecteurs06Juillet2024/الداخل/مدنين/2602_بني خداش/المنزلة.pdf,المنزلة.pdf,مدنين,بني خداش,المنزلة,26,1060,1060,100.0,0
/Users/mohameddhiahammami/iCloud Drive (Archive)/www.isie.tn/wp-content/uploads/2024/ListesElecteurs06Juillet2024/الداخل/مدنين/2602_بني خداش/بني خداش.pdf,بني خداش.pdf,مدنين,بني خداش,بني خداش,185,8065,8065,100.0,0
/Users/mohameddhiahammami/iCloud Drive (Archive)/www.isie.tn/wp-content/uploads/2024/ListesElecteurs06Juillet2024/الداخل/مدنين/2602_بني خداش/رحالة.pdf,رحالة.pdf,مدنين,بني خداش,رحالة,16,658,658,100.0,0
/Users/mohameddhiahammami/iCloud Drive (Archive)/www.isie.tn/wp-content/uploads/2024/ListesElecteurs06Juillet2024/الداخل/مدنين/2602_بني خداش/زغاية.pdf,زغاية.pdf,مدنين,بني خداش,زغاية,49,2110,2110,100.0,0
/Users/mohameddhiahammami/iCloud Drive (Archive)/www.isie.tn/wp-content/uploads/2024/ListesElecteurs06Juillet2024/الداخل/مدنين/2602_بني خداش/زمور.pdf,زمور.pdf,مدنين,بني خداش,زمور,19,773,773,100.0,0
/Users/mohameddhiahammami/iCloud Drive (Archive)/www.isie.tn/wp-content/uploads/2024/ListesElecteurs06Juillet2024/الداخل/مدنين/2602_بني خداش/وادي الخيل.pdf,وادي الخيل.pdf,مدنين,بني خداش,وادي الخيل,26,1072,1072,100.0,0
/Users/mohameddhiahammami/iCloud Drive (Archive)/www.isie.tn/wp-content/uploads/2024/ListesElecteurs06Juillet2024/الداخل/مدنين/2602_بني خداش/ورجيجن.pdf,ورجيجن.pdf,مدنين,بني خداش,ورجيجن,30,1274,1274,100.0,0
/Users/mohameddhiahammami/iCloud Drive (Archive)/www.isie.tn/wp-content/uploads/2024/ListesElecteurs06Juillet2024/الداخل/مدنين/2603_جربة حومة السوق/الجوامع.pdf,الجوامع.pdf,مدنين,جربة حومة السوق,الجوامع,95,4130,4130,100.0,0
/Users/mohameddhiahammami/iCloud Drive (Archive)/www.isie.tn/wp-content/uploads/2024/ListesElecteurs06Juillet2024/الداخل/مدنين/2603_جربة حومة السوق/الحشان.pdf,الحشان.pdf,مدنين,جربة حومة السوق,الحشان,66,2834,2834,100.0,0
/Users/mohameddhiahammami/iCloud Drive (Archive)/www.isie.tn/wp-content/uploads/2024/ListesElecteurs06Juillet2024/الداخل/مدنين/2603_جربة حومة السوق/الرياض.pdf,الرياض.pdf,مدنين,جربة حومة السوق,الرياض,228,9975,9975,100.0,0
/Users/mohameddhiahammami/iCloud Drive (Archive)/www.isie.tn/wp-content/uploads/2024/ListesElecteurs06Juillet2024/الداخل/مدنين/2603_جربة حومة السوق/السواني.pdf,السواني.pdf,مدنين,جربة حومة السوق,السواني,140,6111,6111,100.0,0
/Users/mohameddhiahammami/iCloud Drive (Archive)/www.isie.tn/wp-content/uploads/2024/ListesElecteurs06Juillet2024/الداخل/مدنين/2603_جربة حومة السوق/بوملال.pdf,بوملال.pdf,مدنين,جربة حومة السوق,بوملال,246,10737,10737,100.0,0
/Users/mohameddhiahammami/iCloud Drive (Archive)/www.isie.tn/wp-content/uploads/2024/ListesElecteurs06Juillet2024/الداخل/مدنين/2603_جربة حومة السوق/صدغيان.pdf,صدغيان.pdf,مدنين,جربة حومة السوق,صدغيان,115,4978,4978,100.0,0
/Users/mohameddhiahammami/iCloud Drive (Archive)/www.isie.tn/wp-content/uploads/2024/ListesElecteurs06Juillet2024/الداخل/مدنين/2603_جربة حومة السوق/طاوريت.pdf,طاوريت.pdf,مدنين,جربة حومة السوق,طاوريت,164,7172,7172,100.0,0
/Users/mohameddhiahammami/iCloud Drive (Archive)/www.isie.tn/wp-content/uploads/2024/ListesElecteurs06Juillet2024/الداخل/مدنين/2603_جربة حومة السوق/فاطو.pdf,فاطو.pdf,مدنين,جربة حومة السوق,فاطو,90,3903,3903,100.0,0
/Users/mohameddhiahammami/iCloud Drive (Archive)/www.isie.tn/wp-content/uploads/2024/ListesElecteurs06Juillet2024/الداخل/مدنين/2603_جربة حومة السوق/مزراية.pdf,مزراية.pdf,مدنين,جربة حومة السوق,مزراية,98,4237,4237,100.0,0
/Users/mohameddhiahammami/iCloud Drive (Archive)/www.isie.tn/wp-content/uploads/2024/ListesElecteurs06Juillet2024/الداخل/مدنين/2603_جربة حومة السوق/مليتة.pdf,مليتة.pdf,مدنين,جربة حومة السوق,مليتة,149,6510,6510,100.0,0
/Users/mohameddhiahammami/iCloud Drive (Archive)/www.isie.tn/wp-content/uploads/2024/ListesElecteurs06Juillet2024/الداخل/مدنين/2603_جربة حومة السوق/والغ.pdf,والغ.pdf,مدنين,جربة حومة السوق,والغ,73,3163,3163,100.0,0
/Users/mohameddhiahammami/iCloud Drive (Archive)/www.isie.tn/wp-content/uploads/2024/ListesElecteurs06Juillet2024/الداخل/مدنين/2604_جربة ميدون - جربة أجيم/أجيم.pdf,أجيم.pdf,مدنين,جربة ميدون - جربة أجيم,أجيم,244,10653,10653,100.0,0
/Users/mohameddhiahammami/iCloud Drive (Archive)/www.isie.tn/wp-content/uploads/2024/ListesElecteurs06Juillet2024/الداخل/مدنين/2604_جربة ميدون - جربة أجيم/اركو.pdf,اركو.pdf,مدنين,جربة ميدون - جربة أجيم,اركو,152,6618,6618,100.0,0
/Users/mohameddhiahammami/iCloud Drive (Archive)/www.isie.tn/wp-content/uploads/2024/ListesElecteurs06Juillet2024/الداخل/مدنين/2604_جربة ميدون - جربة أجيم/الخنانسة.pdf,الخنانسة.pdf,مدنين,جربة ميدون - جربة أجيم,الخنانسة,23,945,945,100.0,0
/Users/mohameddhiahammami/iCloud Drive (Archive)/www.isie.tn/wp-content/uploads/2024/ListesElecteurs06Juillet2024/الداخل/مدنين/2604_جربة ميدون - جربة أجيم/القرع.pdf,القرع.pdf,مدنين,جربة ميدون - جربة أجيم,القرع,60,2582,2582,100.0,0
/Users/mohameddhiahammami/iCloud Drive (Archive)/www.isie.tn/wp-content/uploads/2024/ListesElecteurs06Juillet2024/الداخل/مدنين/2604_جربة ميدون - جربة أجيم/الماي.pdf,الماي.pdf,مدنين,جربة ميدون - جربة أجيم,الماي,250,10950,10950,100.0,0
/Users/mohameddhiahammami/iCloud Drive (Archive)/www.isie.tn/wp-content/uploads/2024/ListesElecteurs06Juillet2024/الداخل/مدنين/2604_جربة ميدون - جربة أجيم/المحبوبين.pdf,المحبوبين.pdf,مدنين,جربة ميدون - جربة أجيم,المحبوبين,107,4657,4657,100.0,0
/Users/mohameddhiahammami/iCloud Drive (Archive)/www.isie.tn/wp-content/uploads/2024/ListesElecteurs06Juillet2024/الداخل/مدنين/2604_جربة ميدون - جربة أجيم/بني معقل.pdf,بني معقل.pdf,مدنين,جربة ميدون - جربة أجيم,بني معقل,88,3787,3787,100.0,0
/Users/mohameddhiahammami/iCloud Drive (Archive)/www.isie.tn/wp-content/uploads/2024/ListesElecteurs06Juillet2024/الداخل/مدنين/2604_جربة ميدون - جربة أجيم/ربانة.pdf,ربانة.pdf,مدنين,جربة ميدون - جربة أجيم,ربانة,50,2136,2136,100.0,0
/Users/mohameddhiahammami/iCloud Drive (Archive)/www.isie.tn/wp-content/uploads/2024/ListesElecteurs06Juillet2024/الداخل/مدنين/2604_جربة ميدون - جربة أجيم/صدويكش.pdf,صدويكش.pdf,مدنين,جربة ميدون - جربة أجيم,صدويكش,159,6945,6945,100.0,0
/Users/mohameddhiahammami/iCloud Drive (Archive)/www.isie.tn/wp-content/uploads/2024/ListesElecteurs06Juillet2024/الداخل/مدنين/2604_جربة ميدون - جربة أجيم/قلالة.pdf,قلالة.pdf,مدنين,جربة ميدون - جربة أجيم,قلالة,190,8289,8289,100.0,0
/Users/mohameddhiahammami/iCloud Drive (Archive)/www.isie.tn/wp-content/uploads/2024/ListesElecteurs06Juillet2024/الداخل/مدنين/2604_جربة ميدون - جربة أجيم/مزران.pdf,مزران.pdf,مدنين,جربة ميدون - جربة أجيم,مزران,25,1041,1041,100.0,0
/Users/mohameddhiahammami/iCloud Drive (Archive)/www.isie.tn/wp-content/uploads/2024/ListesElecteurs06Juillet2024/الداخل/مدنين/2604_جربة ميدون - جربة أجيم/ميدون.pdf,ميدون.pdf,مدنين,جربة ميدون - جربة أجيم,ميدون,504,22107,22107,100.0,0
/Users/mohameddhiahammami/iCloud Drive (Archive)/www.isie.tn/wp-content/uploads/2024/ListesElecteurs06Juillet2024/الداخل/مدنين/2604_جربة ميدون - جربة أجيم/وادي الزبيب.pdf,وادي الزبيب.pdf,مدنين,جربة ميدون - جربة أجيم,وادي الزبيب,47,2014,2014,100.0,0
/Users/mohameddhiahammami/iCloud Drive (Archive)/www.isie.tn/wp-content/uploads/2024/ListesElecteurs06Juillet2024/الداخل/مدنين/2605_جرجيس/2مارس.pdf,2مارس.pdf,مدنين,جرجيس,2مارس,92,3996,3996,100.0,0
/Users/mohameddhiahammami/iCloud Drive (Archive)/www.isie.tn/wp-content/uploads/2024/ListesElecteurs06Juillet2024/الداخل/مدنين/2605_جرجيس/البساتين.pdf,البساتين.pdf,مدنين,جرجيس,البساتين,80,3474,3474,100.0,0
/Users/mohameddhiahammami/iCloud Drive (Archive)/www.isie.tn/wp-content/uploads/2024/ListesElecteurs06Juillet2024/الداخل/مدنين/2605_جرجيس/الجدارية.pdf,الجدارية.pdf,مدنين,جرجيس,الجدارية,13,496,496,100.0,0
/Users/mohameddhiahammami/iCloud Drive (Archive)/www.isie.tn/wp-content/uploads/2024/ListesElecteurs06Juillet2024/الداخل/مدنين/2605_جرجيس/السويحل.pdf,السويحل.pdf,مدنين,جرجيس,السويحل,210,9175,9175,100.0,0
/Users/mohameddhiahammami/iCloud Drive (Archive)/www.isie.tn/wp-content/uploads/2024/ListesElecteurs06Juillet2024/الداخل/مدنين/2605_جرجيس/الطاهر صفر.pdf,الطاهر صفر.pdf,مدنين,جرجيس,الطاهر صفر,69,2974,2974,100.0,0
/Users/mohameddhiahammami/iCloud Drive (Archive)/www.isie.tn/wp-content/uploads/2024/ListesElecteurs06Juillet2024/الداخل/مدنين/2605_جرجيس/العقلة.pdf,العقلة.pdf,مدنين,جرجيس,العقلة,60,2575,2575,100.0,0
/Users/mohameddhiahammami/iCloud Drive (Archive)/www.isie.tn/wp-content/uploads/2024/ListesElecteurs06Juillet2024/الداخل/مدنين/2605_جرجيس/الغرابات.pdf,الغرابات.pdf,مدنين,جرجيس,الغرابات,32,1332,1332,100.0,0
/Users/mohameddhiahammami/iCloud Drive (Archive)/www.isie.tn/wp-content/uploads/2024/ListesElecteurs06Juillet2024/الداخل/مدنين/2605_جرجيس/القريبيس.pdf,القريبيس.pdf,مدنين,جرجيس,القريبيس,53,2254,2254,100.0,0
/Users/mohameddhiahammami/iCloud Drive (Archive)/www.isie.tn/wp-content/uploads/2024/ListesElecteurs06Juillet2024/الداخل/مدنين/2605_جرجيس/جرجيس.pdf,جرجيس.pdf,مدنين,جرجيس,جرجيس,403,17682,17682,100.0,0
/Users/mohameddhiahammami/iCloud Drive (Archive)/www.isie.tn/wp-content/uploads/2024/ListesElecteurs06Juillet2024/الداخل/مدنين/2605_جرجيس/حسي الجربي.pdf,حسي الجربي.pdf,مدنين,جرجيس,حسي الجربي,138,6009,6009,100.0,0
/Users/mohameddhiahammami/iCloud Drive (Archive)/www.isie.tn/wp-content/uploads/2024/ListesElecteurs06Juillet2024/الداخل/مدنين/2605_جرجيس/حمادي.pdf,حمادي.pdf,مدنين,جرجيس,حمادي,166,7236,7236,100.0,0
/Users/mohameddhiahammami/iCloud Drive (Archive)/www.isie.tn/wp-content/uploads/2024/ListesElecteurs06Juillet2024/الداخل/مدنين/2605_جرجيس/حمادي بو تفاحة.pdf,حمادي بو تفاحة.pdf,مدنين,جرجيس,حمادي بو تفاحة,89,3846,3846,100.0,0
/Users/mohameddhiahammami/iCloud Drive (Archive)/www.isie.tn/wp-content/uploads/2024/ListesElecteurs06Juillet2024/الداخل/مدنين/2605_جرجيس/خوى الغدير.pdf,خوى الغدير.pdf,مدنين,جرجيس,خوى الغدير,32,1362,1362,100.0,0
/Users/mohameddhiahammami/iCloud Drive (Archive)/www.isie.tn/wp-content/uploads/2024/ListesElecteurs06Juillet2024/الداخل/مدنين/2605_جرجيس/شماخ.pdf,شماخ.pdf,مدنين,جرجيس,شماخ,69,2984,2984,100.0,0
/Users/mohameddhiahammami/iCloud Drive (Archive)/www.isie.tn/wp-content/uploads/2024/ListesElecteurs06Juillet2024/الداخل/مدنين/2605_جرجيس/هشام الحمادي.pdf,هشام الحمادي.pdf,مدنين,جرجيس,هشام الحمادي,89,3838,3838,100.0,0
/Users/mohameddhiahammami/iCloud Drive (Archive)/www.isie.tn/wp-content/uploads/2024/ListesElecteurs06Juillet2024/الداخل/مدنين/2605_جرجيس/وادي التياب.pdf,وادي التياب.pdf,مدنين,جرجيس,وادي التياب,150,6522,6522,100.0,0
/Users/mohameddhiahammami/iCloud Drive (Archive)/www.isie.tn/wp-content/uploads/2024/ListesElecteurs06Juillet2024/الداخل/مدنين/2606_مدنين الجنوبية - سيدي مخلوف/الجرف.pdf,الجرف.pdf,مدنين,مدنين الجنوبية - سيدي مخلوف,الجرف,40,1689,1689,100.0,0
/Users/mohameddhiahammami/iCloud Drive (Archive)/www.isie.tn/wp-content/uploads/2024/ListesElecteurs06Juillet2024/الداخل/مدنين/2606_مدنين الجنوبية - سيدي مخلوف/الدرجاوة.pdf,الدرجاوة.pdf,مدنين,مدنين الجنوبية - سيدي مخلوف,الدرجاوة,33,1382,1382,100.0,0
/Users/mohameddhiahammami/iCloud Drive (Archive)/www.isie.tn/wp-content/uploads/2024/ListesElecteurs06Juillet2024/الداخل/مدنين/2606_مدنين الجنوبية - سيدي مخلوف/الدرغولية.pdf,الدرغولية.pdf,مدنين,مدنين الجنوبية - سيدي مخلوف,الدرغولية,43,1828,1828,100.0,0
/Users/mohameddhiahammami/iCloud Drive (Archive)/www.isie.tn/wp-content/uploads/2024/ListesElecteurs06Juillet2024/الداخل/مدنين/2606_مدنين الجنوبية - سيدي مخلوف/الراقوبة الشرقية.pdf,الراقوبة الشرقية.pdf,مدنين,مدنين الجنوبية - سيدي مخلوف,الراقوبة الشرقية,45,1919,1919,100.0,0
/Users/mohameddhiahammami/iCloud Drive (Archive)/www.isie.tn/wp-content/uploads/2024/ListesElecteurs06Juillet2024/الداخل/مدنين/2606_مدنين الجنوبية - سيدي مخلوف/الراقوبة الغربية.pdf,الراقوبة الغربية.pdf,مدنين,مدنين الجنوبية - سيدي مخلوف,الراقوبة الغربية,44,1860,1860,100.0,0
/Users/mohameddhiahammami/iCloud Drive (Archive)/www.isie.tn/wp-content/uploads/2024/ListesElecteurs06Juillet2024/الداخل/مدنين/2606_مدنين الجنوبية - سيدي مخلوف/السويطير.pdf,السويطير.pdf,مدنين,مدنين الجنوبية - سيدي مخلوف,السويطير,21,859,859,100.0,0
/Users/mohameddhiahammami/iCloud Drive (Archive)/www.isie.tn/wp-content/uploads/2024/ListesElecteurs06Juillet2024/الداخل/مدنين/2606_مدنين الجنوبية - سيدي مخلوف/الغباي.pdf,الغباي.pdf,مدنين,مدنين الجنوبية - سيدي مخلوف,الغباي,26,1078,1078,100.0,0
/Users/mohameddhiahammami/iCloud Drive (Archive)/www.isie.tn/wp-content/uploads/2024/ListesElecteurs06Juillet2024/الداخل/مدنين/2606_مدنين الجنوبية - سيدي مخلوف/القرين.pdf,القرين.pdf,مدنين,مدنين الجنوبية - سيدي مخلوف,القرين,21,877,877,100.0,0
/Users/mohameddhiahammami/iCloud Drive (Archive)/www.isie.tn/wp-content/uploads/2024/ListesElecteurs06Juillet2024/الداخل/مدنين/2606_مدنين الجنوبية - سيدي مخلوف/القصبة.pdf,القصبة.pdf,مدنين,مدنين الجنوبية - سيدي مخلوف,القصبة,57,2427,2427,100.0,0
/Users/mohameddhiahammami/iCloud Drive (Archive)/www.isie.tn/wp-content/uploads/2024/ListesElecteurs06Juillet2024/الداخل/مدنين/2606_مدنين الجنوبية - سيدي مخلوف/اللبة.pdf,اللبة.pdf,مدنين,مدنين الجنوبية - سيدي مخلوف,اللبة,76,3262,3262,100.0,0
/Users/mohameddhiahammami/iCloud Drive (Archive)/www.isie.tn/wp-content/uploads/2024/ListesElecteurs06Juillet2024/الداخل/مدنين/2606_مدنين الجنوبية - سيدي مخلوف/المغراوية.pdf,المغراوية.pdf,مدنين,مدنين الجنوبية - سيدي مخلوف,المغراوية,25,1045,1045,100.0,0
/Users/mohameddhiahammami/iCloud Drive (Archive)/www.isie.tn/wp-content/uploads/2024/ListesElecteurs06Juillet2024/الداخل/مدنين/2606_مدنين الجنوبية - سيدي مخلوف/بدوي.pdf,بدوي.pdf,مدنين,مدنين الجنوبية - سيدي مخلوف,بدوي,22,890,890,100.0,0
/Users/mohameddhiahammami/iCloud Drive (Archive)/www.isie.tn/wp-content/uploads/2024/ListesElecteurs06Juillet2024/الداخل/مدنين/2606_مدنين الجنوبية - سيدي مخلوف/بوغرارة.pdf,بوغرارة.pdf,مدنين,مدنين الجنوبية - سيدي مخلوف,بوغرارة,140,6107,6107,100.0,0
/Users/mohameddhiahammami/iCloud Drive (Archive)/www.isie.tn/wp-content/uploads/2024/ListesElecteurs06Juillet2024/الداخل/مدنين/2606_مدنين الجنوبية - سيدي مخلوف/حسي عمر.pdf,حسي عمر.pdf,مدنين,مدنين الجنوبية - سيدي مخلوف,حسي عمر,93,4013,4013,100.0,0
/Users/mohameddhiahammami/iCloud Drive (Archive)/www.isie.tn/wp-content/uploads/2024/ListesElecteurs06Juillet2024/الداخل/مدنين/2606_مدنين الجنوبية - سيدي مخلوف/حسي مدنين.pdf,حسي مدنين.pdf,مدنين,مدنين الجنوبية - سيدي مخلوف,حسي مدنين,36,1532,1532,100.0,0
/Users/mohameddhiahammami/iCloud Drive (Archive)/www.isie.tn/wp-content/uploads/2024/ListesElecteurs06Juillet2024/الداخل/مدنين/2606_مدنين الجنوبية - سيدي مخلوف/سيدي مخلوف.pdf,سيدي مخلوف.pdf,مدنين,مدنين الجنوبية - سيدي مخلوف,سيدي مخلوف,86,3708,3708,100.0,0
/Users/mohameddhiahammami/iCloud Drive (Archive)/www.isie.tn/wp-content/uploads/2024/ListesElecteurs06Juillet2024/الداخل/مدنين/2606_مدنين الجنوبية - سيدي مخلوف/عمرة.pdf,عمرة.pdf,مدنين,مدنين الجنوبية - سيدي مخلوف,عمرة,67,2889,2889,100.0,0
/Users/mohameddhiahammami/iCloud Drive (Archive)/www.isie.tn/wp-content/uploads/2024/ListesElecteurs06Juillet2024/الداخل/مدنين/2606_مدنين الجنوبية - سيدي مخلوف/عمرة الجديدة.pdf,عمرة الجديدة.pdf,مدنين,مدنين الجنوبية - سيدي مخلوف,عمرة الجديدة,47,2010,2010,100.0,0
/Users/mohameddhiahammami/iCloud Drive (Archive)/www.isie.tn/wp-content/uploads/2024/ListesElecteurs06Juillet2024/الداخل/مدنين/2606_مدنين الجنوبية - سيدي مخلوف/مدنين الجنوبية.pdf,مدنين الجنوبية.pdf,مدنين,مدنين الجنوبية - سيدي مخلوف,مدنين الجنوبية,450,19715,19715,100.0,0
/Users/mohameddhiahammami/iCloud Drive (Archive)/www.isie.tn/wp-content/uploads/2024/ListesElecteurs06Juillet2024/الداخل/مدنين/2606_مدنين الجنوبية - سيدي مخلوف/مدنين الشرقية.pdf,مدنين الشرقية.pdf,مدنين,مدنين الجنوبية - سيدي مخلوف,مدنين الشرقية,236,10329,10329,100.0,0
/Users/mohameddhiahammami/iCloud Drive (Archive)/www.isie.tn/wp-content/uploads/2024/ListesElecteurs06Juillet2024/الداخل/مدنين/2606_مدنين الجنوبية - سيدي مخلوف/وادي السدر.pdf,وادي السدر.pdf,مدنين,مدنين الجنوبية - سيدي مخلوف,وادي السدر,41,1718,1718,100.0,0
/Users/mohameddhiahammami/iCloud Drive (Archive)/www.isie.tn/wp-content/uploads/2024/ListesElecteurs06Juillet2024/الداخل/مدنين/2607_مدنين الشمالية/20 مارس.pdf,20 مارس.pdf,مدنين,مدنين الشمالية,20 مارس,76,3266,3266,100.0,0
/Users/mohameddhiahammami/iCloud Drive (Archive)/www.isie.tn/wp-content/uploads/2024/ListesElecteurs06Juillet2024/الداخل/مدنين/2607_مدنين الشمالية/2ماي.pdf,2ماي.pdf,مدنين,مدنين الشمالية,2ماي,86,3705,3705,100.0,0
/Users/mohameddhiahammami/iCloud Drive (Archive)/www.isie.tn/wp-content/uploads/2024/ListesElecteurs06Juillet2024/الداخل/مدنين/2607_مدنين الشمالية/أم التمر الشرقية.pdf,أم التمر الشرقية.pdf,مدنين,مدنين الشمالية,أم التمر الشرقية,24,1010,1010,100.0,0
/Users/mohameddhiahammami/iCloud Drive (Archive)/www.isie.tn/wp-content/uploads/2024/ListesElecteurs06Juillet2024/الداخل/مدنين/2607_مدنين الشمالية/أم التمر الغربية.pdf,أم التمر الغربية.pdf,مدنين,مدنين الشمالية,أم التمر الغربية,42,1783,1783,100.0,0
/Users/mohameddhiahammami/iCloud Drive (Archive)/www.isie.tn/wp-content/uploads/2024/ListesElecteurs06Juillet2024/الداخل/مدنين/2607_مدنين الشمالية/بني غزيل.pdf,بني غزيل.pdf,مدنين,مدنين الشمالية,بني غزيل,12,442,442,100.0,0
/Users/mohameddhiahammami/iCloud Drive (Archive)/www.isie.tn/wp-content/uploads/2024/ListesElecteurs06Juillet2024/الداخل/مدنين/2607_مدنين الشمالية/كوتين.pdf,كوتين.pdf,مدنين,مدنين الشمالية,كوتين,32,1364,1364,100.0,0
/Users/mohameddhiahammami/iCloud Drive (Archive)/www.isie.tn/wp-content/uploads/2024/ListesElecteurs06Juillet2024/الداخل/مدنين/2607_مدنين الشمالية/مدنين الشمالية.pdf,مدنين الشمالية.pdf,مدنين,مدنين الشمالية,مدنين الشمالية,518,22719,22719,100.0,0
/Users/mohameddhiahammami/iCloud Drive (Archive)/www.isie.tn/wp-content/uploads/2024/ListesElecteurs06Juillet2024/الداخل/مدنين/2607_مدنين الشمالية/مدنين الغربية.pdf,مدنين الغربية.pdf,مدنين,مدنين الشمالية,مدنين الغربية,257,11225,11225,100.0,0
/Users/mohameddhiahammami/iCloud Drive (Archive)/www.isie.tn/wp-content/uploads/2024/ListesElecteurs06Juillet2024/الداخل/منوبة/0501_الجديدة - طبربة - البطان/أحواز طبربة.pdf,أحواز طبربة.pdf,منوبة,الجديدة - طبربة - البطان,أحواز طبربة,174,7606,7606,100.0,0
/Users/mohameddhiahammami/iCloud Drive (Archive)/www.isie.tn/wp-content/uploads/2024/ListesElecteurs06Juillet2024/الداخل/منوبة/0501_الجديدة - طبربة - البطان/الانصارين.pdf,الانصارين.pdf,منوبة,الجديدة - طبربة - البطان,الانصارين,32,1331,1331,100.0,0
/Users/mohameddhiahammami/iCloud Drive (Archive)/www.isie.tn/wp-content/uploads/2024/ListesElecteurs06Juillet2024/الداخل/منوبة/0501_الجديدة - طبربة - البطان/البطان.pdf,البطان.pdf,منوبة,الجديدة - طبربة - البطان,البطان,182,7954,7954,100.0,0
/Users/mohameddhiahammami/iCloud Drive (Archive)/www.isie.tn/wp-content/uploads/2024/ListesElecteurs06Juillet2024/الداخل/منوبة/0501_الجديدة - طبربة - البطان/الجديدة.pdf,الجديدة.pdf,منوبة,الجديدة - طبربة - البطان,الجديدة,360,15769,15769,100.0,0
/Users/mohameddhiahammami/iCloud Drive (Archive)/www.isie.tn/wp-content/uploads/2024/ListesElecteurs06Juillet2024/الداخل/منوبة/0501_الجديدة - طبربة - البطان/الجديدة حشاد.pdf,الجديدة حشاد.pdf,منوبة,الجديدة - طبربة - البطان,الجديدة حشاد,121,5265,5265,100.0,0
/Users/mohameddhiahammami/iCloud Drive (Archive)/www.isie.tn/wp-content/uploads/2024/ListesElecteurs06Juillet2024/الداخل/منوبة/0501_الجديدة - طبربة - البطان/الحبيبية.pdf,الحبيبية.pdf,منوبة,الجديدة - طبربة - البطان,الحبيبية,32,1348,1348,100.0,0
/Users/mohameddhiahammami/iCloud Drive (Archive)/www.isie.tn/wp-content/uploads/2024/ListesElecteurs06Juillet2024/الداخل/منوبة/0501_الجديدة - طبربة - البطان/الدخيلة.pdf,الدخيلة.pdf,منوبة,الجديدة - طبربة - البطان,الدخيلة,67,2898,2898,100.0,0
/Users/mohameddhiahammami/iCloud Drive (Archive)/www.isie.tn/wp-content/uploads/2024/ListesElecteurs06Juillet2024/الداخل/منوبة/0501_الجديدة - طبربة - البطان/الرجاء.pdf,الرجاء.pdf,منوبة,الجديدة - طبربة - البطان,الرجاء,170,7420,7420,100.0,0
/Users/mohameddhiahammami/iCloud Drive (Archive)/www.isie.tn/wp-content/uploads/2024/ListesElecteurs06Juillet2024/الداخل/منوبة/0501_الجديدة - طبربة - البطان/الزاهرة.pdf,الزاهرة.pdf,منوبة,الجديدة - طبربة - البطان,الزاهرة,90,3890,3890,100.0,0
/Users/mohameddhiahammami/iCloud Drive (Archive)/www.isie.tn/wp-content/uploads/2024/ListesElecteurs06Juillet2024/الداخل/منوبة/0501_الجديدة - طبربة - البطان/الشويقي.pdf,الشويقي.pdf,منوبة,الجديدة - طبربة - البطان,الشويقي,58,2471,2471,100.0,0
/Users/mohameddhiahammami/iCloud Drive (Archive)/www.isie.tn/wp-content/uploads/2024/ListesElecteurs06Juillet2024/الداخل/منوبة/0501_الجديدة - طبربة - البطان/العروسية.pdf,العروسية.pdf,منوبة,الجديدة - طبربة - البطان,العروسية,48,2054,2054,100.0,0
/Users/mohameddhiahammami/iCloud Drive (Archive)/www.isie.tn/wp-content/uploads/2024/ListesElecteurs06Juillet2024/الداخل/منوبة/0501_الجديدة - طبربة - البطان/الملاحة.pdf,الملاحة.pdf,منوبة,الجديدة - طبربة - البطان,الملاحة,23,950,950,100.0,0
/Users/mohameddhiahammami/iCloud Drive (Archive)/www.isie.tn/wp-content/uploads/2024/ListesElecteurs06Juillet2024/الداخل/منوبة/0501_الجديدة - طبربة - البطان/المنصورة.pdf,المنصورة.pdf,منوبة,الجديدة - طبربة - البطان,المنصورة,58,2488,2488,100.0,0
/Users/mohameddhiahammami/iCloud Drive (Archive)/www.isie.tn/wp-content/uploads/2024/ListesElecteurs06Juillet2024/الداخل/منوبة/0501_الجديدة - طبربة - البطان/المهرين.pdf,المهرين.pdf,منوبة,الجديدة - طبربة - البطان,المهرين,48,2057,2057,100.0,0
/Users/mohameddhiahammami/iCloud Drive (Archive)/www.isie.tn/wp-content/uploads/2024/ListesElecteurs06Juillet2024/الداخل/منوبة/0501_الجديدة - طبربة - البطان/برج التومي.pdf,برج التومي.pdf,منوبة,الجديدة - طبربة - البطان,برج التومي,70,3029,3029,100.0,0
/Users/mohameddhiahammami/iCloud Drive (Archive)/www.isie.tn/wp-content/uploads/2024/ListesElecteurs06Juillet2024/الداخل/منوبة/0501_الجديدة - طبربة - البطان/شواط.pdf,شواط.pdf,منوبة,الجديدة - طبربة - البطان,شواط,125,5439,5439,100.0,0
/Users/mohameddhiahammami/iCloud Drive (Archive)/www.isie.tn/wp-content/uploads/2024/ListesElecteurs06Juillet2024/الداخل/منوبة/0501_الجديدة - طبربة - البطان/طبربة.pdf,طبربة.pdf,منوبة,الجديدة - طبربة - البطان,طبربة,308,13472,13472,100.0,0
/Users/mohameddhiahammami/iCloud Drive (Archive)/www.isie.tn/wp-content/uploads/2024/ListesElecteurs06Juillet2024/الداخل/منوبة/0502_المرناقية - برج العامري/20 مـارس.pdf,20 مـارس.pdf,منوبة,المرناقية - برج العامري,20 مـارس,80,3443,3443,100.0,0
/Users/mohameddhiahammami/iCloud Drive (Archive)/www.isie.tn/wp-content/uploads/2024/ListesElecteurs06Juillet2024/الداخل/منوبة/0502_المرناقية - برج العامري/البساتين.pdf,البساتين.pdf,منوبة,المرناقية - برج العامري,البساتين,75,3228,3228,100.0,0
/Users/mohameddhiahammami/iCloud Drive (Archive)/www.isie.tn/wp-content/uploads/2024/ListesElecteurs06Juillet2024/الداخل/منوبة/0502_المرناقية - برج العامري/الفجة.pdf,الفجة.pdf,منوبة,المرناقية - برج العامري,الفجة,50,2113,2113,100.0,0
/Users/mohameddhiahammami/iCloud Drive (Archive)/www.isie.tn/wp-content/uploads/2024/ListesElecteurs06Juillet2024/الداخل/منوبة/0502_المرناقية - برج العامري/المرناقية.pdf,المرناقية.pdf,منوبة,المرناقية - برج العامري,المرناقية,348,15267,15267,100.0,0
/Users/mohameddhiahammami/iCloud Drive (Archive)/www.isie.tn/wp-content/uploads/2024/ListesElecteurs06Juillet2024/الداخل/منوبة/0502_المرناقية - برج العامري/المرناقية الشمالية.pdf,المرناقية الشمالية.pdf,منوبة,المرناقية - برج العامري,المرناقية الشمالية,43,1835,1835,100.0,0
/Users/mohameddhiahammami/iCloud Drive (Archive)/www.isie.tn/wp-content/uploads/2024/ListesElecteurs06Juillet2024/الداخل/منوبة/0502_المرناقية - برج العامري/المساعدين.pdf,المساعدين.pdf,منوبة,المرناقية - برج العامري,المساعدين,67,2884,2884,100.0,0
/Users/mohameddhiahammami/iCloud Drive (Archive)/www.isie.tn/wp-content/uploads/2024/ListesElecteurs06Juillet2024/الداخل/منوبة/0502_المرناقية - برج العامري/برج العامري.pdf,برج العامري.pdf,منوبة,المرناقية - برج العامري,برج العامري,206,9007,9007,100.0,0
/Users/mohameddhiahammami/iCloud Drive (Archive)/www.isie.tn/wp-content/uploads/2024/ListesElecteurs06Juillet2024/الداخل/منوبة/0502_المرناقية - برج العامري/برج النور.pdf,برج النور.pdf,منوبة,المرناقية - برج العامري,برج النور,51,2160,2160,100.0,0
/Users/mohameddhiahammami/iCloud Drive (Archive)/www.isie.tn/wp-content/uploads/2024/ListesElecteurs06Juillet2024/الداخل/منوبة/0502_المرناقية - برج العامري/بورقبة.pdf,بورقبة.pdf,منوبة,المرناقية - برج العامري,بورقبة,50,2143,2143,100.0,0
/Users/mohameddhiahammami/iCloud Drive (Archive)/www.isie.tn/wp-content/uploads/2024/ListesElecteurs06Juillet2024/الداخل/منوبة/0502_المرناقية - برج العامري/حميم.pdf,حميم.pdf,منوبة,المرناقية - برج العامري,حميم,59,2545,2545,100.0,0
/Users/mohameddhiahammami/iCloud Drive (Archive)/www.isie.tn/wp-content/uploads/2024/ListesElecteurs06Juillet2024/الداخل/منوبة/0502_المرناقية - برج العامري/سيدي علي الحطاب.pdf,سيدي علي الحطاب.pdf,منوبة,المرناقية - برج العامري,سيدي علي الحطاب,45,1932,1932,100.0,0
/Users/mohameddhiahammami/iCloud Drive (Archive)/www.isie.tn/wp-content/uploads/2024/ListesElecteurs06Juillet2024/الداخل/منوبة/0502_المرناقية - برج العامري/منزل الحبيب.pdf,منزل الحبيب.pdf,منوبة,المرناقية - برج العامري,منزل الحبيب,42,1767,1767,100.0,0
/Users/mohameddhiahammami/iCloud Drive (Archive)/www.isie.tn/wp-content/uploads/2024/ListesElecteurs06Juillet2024/الداخل/منوبة/0503_دوار هيشر/حي الرياض.pdf,حي الرياض.pdf,منوبة,دوار هيشر,حي الرياض,181,7908,7908,100.0,0
/Users/mohameddhiahammami/iCloud Drive (Archive)/www.isie.tn/wp-content/uploads/2024/ListesElecteurs06Juillet2024/الداخل/منوبة/0503_دوار هيشر/حي الشباب.pdf,حي الشباب.pdf,منوبة,دوار هيشر,حي الشباب,240,10483,10483,100.0,0
/Users/mohameddhiahammami/iCloud Drive (Archive)/www.isie.tn/wp-content/uploads/2024/ListesElecteurs06Juillet2024/الداخل/منوبة/0503_دوار هيشر/حي النسيم.pdf,حي النسيم.pdf,منوبة,دوار هيشر,حي النسيم,50,2120,2120,100.0,0
/Users/mohameddhiahammami/iCloud Drive (Archive)/www.isie.tn/wp-content/uploads/2024/ListesElecteurs06Juillet2024/الداخل/منوبة/0503_دوار هيشر/خالد بن الوليد.pdf,خالد بن الوليد.pdf,منوبة,دوار هيشر,خالد بن الوليد,406,17809,17809,100.0,0
/Users/mohameddhiahammami/iCloud Drive (Archive)/www.isie.tn/wp-content/uploads/2024/ListesElecteurs06Juillet2024/الداخل/منوبة/0503_دوار هيشر/دوار هيشر.pdf,دوار هيشر.pdf,منوبة,دوار هيشر,دوار هيشر,450,19753,19753,100.0,0
/Users/mohameddhiahammami/iCloud Drive (Archive)/www.isie.tn/wp-content/uploads/2024/ListesElecteurs06Juillet2024/الداخل/منوبة/0504_منوبة/الدندان.pdf,الدندان.pdf,منوبة,منوبة,الدندان,401,17595,17595,100.0,0
/Users/mohameddhiahammami/iCloud Drive (Archive)/www.isie.tn/wp-content/uploads/2024/ListesElecteurs06Juillet2024/الداخل/منوبة/0504_منوبة/الدندان الجنوبي.pdf,الدندان الجنوبي.pdf,منوبة,منوبة,الدندان الجنوبي,43,1811,1811,100.0,0
/Users/mohameddhiahammami/iCloud Drive (Archive)/www.isie.tn/wp-content/uploads/2024/ListesElecteurs06Juillet2024/الداخل/منوبة/0504_منوبة/سيدي عمر.pdf,سيدي عمر.pdf,منوبة,منوبة,سيدي عمر,130,5652,5652,100.0,0
/Users/mohameddhiahammami/iCloud Drive (Archive)/www.isie.tn/wp-content/uploads/2024/ListesElecteurs06Juillet2024/الداخل/منوبة/0504_منوبة/قصر السعيد.pdf,قصر السعيد.pdf,منوبة,منوبة,قصر السعيد,121,5245,5245,100.0,0
/Users/mohameddhiahammami/iCloud Drive (Archive)/www.isie.tn/wp-content/uploads/2024/ListesElecteurs06Juillet2024/الداخل/منوبة/0504_منوبة/منوبة.pdf,منوبة.pdf,منوبة,منوبة,منوبة,477,20917,20917,100.0,0
/Users/mohameddhiahammami/iCloud Drive (Archive)/www.isie.tn/wp-content/uploads/2024/ListesElecteurs06Juillet2024/الداخل/منوبة/0504_منوبة/منوبة الوسطى.pdf,منوبة الوسطى.pdf,منوبة,منوبة,منوبة الوسطى,177,7736,7736,100.0,0
/Users/mohameddhiahammami/iCloud Drive (Archive)/www.isie.tn/wp-content/uploads/2024/ListesElecteurs06Juillet2024/الداخل/منوبة/0505_وادي الليل/الرياض.pdf,الرياض.pdf,منوبة,وادي الليل,الرياض,47,1991,1991,100.0,0
/Users/mohameddhiahammami/iCloud Drive (Archive)/www.isie.tn/wp-content/uploads/2024/ListesElecteurs06Juillet2024/الداخل/منوبة/0505_وادي الليل/السعيدة.pdf,السعيدة.pdf,منوبة,وادي الليل,السعيدة,140,6085,6085,100.0,0
/Users/mohameddhiahammami/iCloud Drive (Archive)/www.isie.tn/wp-content/uploads/2024/ListesElecteurs06Juillet2024/الداخل/منوبة/0505_وادي الليل/القباعة.pdf,القباعة.pdf,منوبة,وادي الليل,القباعة,179,7819,7819,100.0,0
/Users/mohameddhiahammami/iCloud Drive (Archive)/www.isie.tn/wp-content/uploads/2024/ListesElecteurs06Juillet2024/الداخل/منوبة/0505_وادي الليل/النجاة.pdf,النجاة.pdf,منوبة,وادي الليل,النجاة,364,15962,15962,100.0,0
/Users/mohameddhiahammami/iCloud Drive (Archive)/www.isie.tn/wp-content/uploads/2024/ListesElecteurs06Juillet2024/الداخل/منوبة/0505_وادي الليل/حي الورد.pdf,حي الورد.pdf,منوبة,وادي الليل,حي الورد,165,7201,7201,100.0,0
/Users/mohameddhiahammami/iCloud Drive (Archive)/www.isie.tn/wp-content/uploads/2024/ListesElecteurs06Juillet2024/الداخل/منوبة/0505_وادي الليل/صنهاجة.pdf,صنهاجة.pdf,منوبة,وادي الليل,صنهاجة,130,5660,5660,100.0,0
/Users/mohameddhiahammami/iCloud Drive (Archive)/www.isie.tn/wp-content/uploads/2024/ListesElecteurs06Juillet2024/الداخل/منوبة/0505_وادي الليل/وادي الليل.pdf,وادي الليل.pdf,منوبة,وادي الليل,وادي الليل,192,8381,8381,100.0,0
/Users/mohameddhiahammami/iCloud Drive (Archive)/www.isie.tn/wp-content/uploads/2024/ListesElecteurs06Juillet2024/الداخل/نابل/1207_الحمامات/الأطرش.pdf,الأطرش.pdf,نابل,الحمامات,الأطرش,58,2485,2485,100.0,0
/Users/mohameddhiahammami/iCloud Drive (Archive)/www.isie.tn/wp-content/uploads/2024/ListesElecteurs06Juillet2024/الداخل/نابل/1207_الحمامات/الحمامات الجوفية.pdf,الحمامات الجوفية.pdf,نابل,الحمامات,الحمامات الجوفية,196,8545,8545,100.0,0
/Users/mohameddhiahammami/iCloud Drive (Archive)/www.isie.tn/wp-content/uploads/2024/ListesElecteurs06Juillet2024/الداخل/نابل/1207_الحمامات/الحمامات الشرقية.pdf,الحمامات الشرقية.pdf,نابل,الحمامات,الحمامات الشرقية,754,33100,33100,100.0,0
/Users/mohameddhiahammami/iCloud Drive (Archive)/www.isie.tn/wp-content/uploads/2024/ListesElecteurs06Juillet2024/الداخل/نابل/1207_الحمامات/الحمامات الغربية.pdf,الحمامات الغربية.pdf,نابل,الحمامات,الحمامات الغربية,44,1882,1882,100.0,0
/Users/mohameddhiahammami/iCloud Drive (Archive)/www.isie.tn/wp-content/uploads/2024/ListesElecteurs06Juillet2024/الداخل/نابل/1207_الحمامات/المرازقة.pdf,المرازقة.pdf,نابل,الحمامات,المرازقة,148,6429,6429,100.0,0
/Users/mohameddhiahammami/iCloud Drive (Archive)/www.isie.tn/wp-content/uploads/2024/ListesElecteurs06Juillet2024/الداخل/نابل/1207_الحمامات/بئر بورقبة.pdf,بئر بورقبة.pdf,نابل,الحمامات,بئر بورقبة,222,9718,9718,100.0,0
/Users/mohameddhiahammami/iCloud Drive (Archive)/www.isie.tn/wp-content/uploads/2024/ListesElecteurs06Juillet2024/الداخل/نابل/1207_الحمامات/براكة الساحل.pdf,براكة الساحل.pdf,نابل,الحمامات,براكة الساحل,232,10127,10127,100.0,0
/Users/mohameddhiahammami/iCloud Drive (Archive)/www.isie.tn/wp-content/uploads/2024/ListesElecteurs06Juillet2024/الداخل/نابل/1207_الحمامات/سيدي الجديدي.pdf,سيدي الجديدي.pdf,نابل,الحمامات,سيدي الجديدي,158,6881,6881,100.0,0
/Users/mohameddhiahammami/iCloud Drive (Archive)/www.isie.tn/wp-content/uploads/2024/ListesElecteurs06Juillet2024/الداخل/نابل/1207_الحمامات/ياسمين الحمامات.pdf,ياسمين الحمامات.pdf,نابل,الحمامات,ياسمين الحمامات,75,3235,3235,100.0,0
/Users/mohameddhiahammami/iCloud Drive (Archive)/www.isie.tn/wp-content/uploads/2024/ListesElecteurs06Juillet2024/الداخل/نابل/1201_الهوارية - تاكلسة/العريمة.pdf,العريمة.pdf,نابل,الهوارية - تاكلسة,العريمة,84,3613,3613,100.0,0
/Users/mohameddhiahammami/iCloud Drive (Archive)/www.isie.tn/wp-content/uploads/2024/ListesElecteurs06Juillet2024/الداخل/نابل/1201_الهوارية - تاكلسة/الهوارية الجوفية.pdf,الهوارية الجوفية.pdf,نابل,الهوارية - تاكلسة,الهوارية الجوفية,266,11628,11628,100.0,0
/Users/mohameddhiahammami/iCloud Drive (Archive)/www.isie.tn/wp-content/uploads/2024/ListesElecteurs06Juillet2024/الداخل/نابل/1201_الهوارية - تاكلسة/الهوارية القبلية.pdf,الهوارية القبلية.pdf,نابل,الهوارية - تاكلسة,الهوارية القبلية,65,2815,2815,100.0,0
/Users/mohameddhiahammami/iCloud Drive (Archive)/www.isie.tn/wp-content/uploads/2024/ListesElecteurs06Juillet2024/الداخل/نابل/1201_الهوارية - تاكلسة/بئر الزيت.pdf,بئر الزيت.pdf,نابل,الهوارية - تاكلسة,بئر الزيت,95,4134,4134,100.0,0
/Users/mohameddhiahammami/iCloud Drive (Archive)/www.isie.tn/wp-content/uploads/2024/ListesElecteurs06Juillet2024/الداخل/نابل/1201_الهوارية - تاكلسة/بوكريم.pdf,بوكريم.pdf,نابل,الهوارية - تاكلسة,بوكريم,67,2890,2890,100.0,0
/Users/mohameddhiahammami/iCloud Drive (Archive)/www.isie.tn/wp-content/uploads/2024/ListesElecteurs06Juillet2024/الداخل/نابل/1201_الهوارية - تاكلسة/تاكلسة الجوفية.pdf,تاكلسة الجوفية.pdf,نابل,الهوارية - تاكلسة,تاكلسة الجوفية,75,3216,3216,100.0,0
/Users/mohameddhiahammami/iCloud Drive (Archive)/www.isie.tn/wp-content/uploads/2024/ListesElecteurs06Juillet2024/الداخل/نابل/1201_الهوارية - تاكلسة/تاكلسة الوسطى.pdf,تاكلسة الوسطى.pdf,نابل,الهوارية - تاكلسة,تاكلسة الوسطى,109,4733,4733,100.0,0
/Users/mohameddhiahammami/iCloud Drive (Archive)/www.isie.tn/wp-content/uploads/2024/ListesElecteurs06Juillet2024/الداخل/نابل/1201_الهوارية - تاكلسة/تزغران الشرقية.pdf,تزغران الشرقية.pdf,نابل,الهوارية - تاكلسة,تزغران الشرقية,42,1796,1796,100.0,0
/Users/mohameddhiahammami/iCloud Drive (Archive)/www.isie.tn/wp-content/uploads/2024/ListesElecteurs06Juillet2024/الداخل/نابل/1201_الهوارية - تاكلسة/تزغران الغربية.pdf,تزغران الغربية.pdf,نابل,الهوارية - تاكلسة,تزغران الغربية,78,3360,3360,100.0,0
/Users/mohameddhiahammami/iCloud Drive (Archive)/www.isie.tn/wp-content/uploads/2024/ListesElecteurs06Juillet2024/الداخل/نابل/1201_الهوارية - تاكلسة/زاوية المقايز.pdf,زاوية المقايز.pdf,نابل,الهوارية - تاكلسة,زاوية المقايز,80,3435,3435,100.0,0
/Users/mohameddhiahammami/iCloud Drive (Archive)/www.isie.tn/wp-content/uploads/2024/ListesElecteurs06Juillet2024/الداخل/نابل/1201_الهوارية - تاكلسة/صاحب الجبل الجوفية.pdf,صاحب الجبل الجوفية.pdf,نابل,الهوارية - تاكلسة,صاحب الجبل الجوفية,116,5043,5043,100.0,0
/Users/mohameddhiahammami/iCloud Drive (Archive)/www.isie.tn/wp-content/uploads/2024/ListesElecteurs06Juillet2024/الداخل/نابل/1201_الهوارية - تاكلسة/صاحب الجبل القبلية.pdf,صاحب الجبل القبلية.pdf,نابل,الهوارية - تاكلسة,صاحب الجبل القبلية,96,4173,4173,100.0,0
/Users/mohameddhiahammami/iCloud Drive (Archive)/www.isie.tn/wp-content/uploads/2024/ListesElecteurs06Juillet2024/الداخل/نابل/1201_الهوارية - تاكلسة/وادي العبيد.pdf,وادي العبيد.pdf,نابل,الهوارية - تاكلسة,وادي العبيد,54,2306,2306,100.0,0
/Users/mohameddhiahammami/iCloud Drive (Archive)/www.isie.tn/wp-content/uploads/2024/ListesElecteurs06Juillet2024/الداخل/نابل/1208_بوعرقوب - بني خلاد/الخروبة.pdf,الخروبة.pdf,نابل,بوعرقوب - بني خلاد,الخروبة,46,1938,1938,100.0,0
/Users/mohameddhiahammami/iCloud Drive (Archive)/www.isie.tn/wp-content/uploads/2024/ListesElecteurs06Juillet2024/الداخل/نابل/1208_بوعرقوب - بني خلاد/القبة الكبيرة.pdf,القبة الكبيرة.pdf,نابل,بوعرقوب - بني خلاد,القبة الكبيرة,75,3231,3231,100.0,0
/Users/mohameddhiahammami/iCloud Drive (Archive)/www.isie.tn/wp-content/uploads/2024/ListesElecteurs06Juillet2024/الداخل/نابل/1208_بوعرقوب - بني خلاد/المشروحة.pdf,المشروحة.pdf,نابل,بوعرقوب - بني خلاد,المشروحة,91,3928,3928,100.0,0
/Users/mohameddhiahammami/iCloud Drive (Archive)/www.isie.tn/wp-content/uploads/2024/ListesElecteurs06Juillet2024/الداخل/نابل/1208_بوعرقوب - بني خلاد/بئر دراسن.pdf,بئر دراسن.pdf,نابل,بوعرقوب - بني خلاد,بئر دراسن,76,3262,3262,100.0,0
/Users/mohameddhiahammami/iCloud Drive (Archive)/www.isie.tn/wp-content/uploads/2024/ListesElecteurs06Juillet2024/الداخل/نابل/1208_بوعرقوب - بني خلاد/برج حفيظ.pdf,برج حفيظ.pdf,نابل,بوعرقوب - بني خلاد,برج حفيظ,90,3884,3884,100.0,0
/Users/mohameddhiahammami/iCloud Drive (Archive)/www.isie.tn/wp-content/uploads/2024/ListesElecteurs06Juillet2024/الداخل/نابل/1208_بوعرقوب - بني خلاد/بلي.pdf,بلي.pdf,نابل,بوعرقوب - بني خلاد,بلي,108,4689,4689,100.0,0
/Users/mohameddhiahammami/iCloud Drive (Archive)/www.isie.tn/wp-content/uploads/2024/ListesElecteurs06Juillet2024/الداخل/نابل/1208_بوعرقوب - بني خلاد/بني خلاد الجوفية.pdf,بني خلاد الجوفية.pdf,نابل,بوعرقوب - بني خلاد,بني خلاد الجوفية,76,3275,3275,100.0,0
/Users/mohameddhiahammami/iCloud Drive (Archive)/www.isie.tn/wp-content/uploads/2024/ListesElecteurs06Juillet2024/الداخل/نابل/1208_بوعرقوب - بني خلاد/بني خلاد الشرقية.pdf,بني خلاد الشرقية.pdf,نابل,بوعرقوب - بني خلاد,بني خلاد الشرقية,325,14254,14254,100.0,0
/Users/mohameddhiahammami/iCloud Drive (Archive)/www.isie.tn/wp-content/uploads/2024/ListesElecteurs06Juillet2024/الداخل/نابل/1208_بوعرقوب - بني خلاد/بني خلاد القبلية.pdf,بني خلاد القبلية.pdf,نابل,بوعرقوب - بني خلاد,بني خلاد القبلية,58,2467,2467,100.0,0
/Users/mohameddhiahammami/iCloud Drive (Archive)/www.isie.tn/wp-content/uploads/2024/ListesElecteurs06Juillet2024/الداخل/نابل/1208_بوعرقوب - بني خلاد/بوعرقوب الجوفية.pdf,بوعرقوب الجوفية.pdf,نابل,بوعرقوب - بني خلاد,بوعرقوب الجوفية,148,6454,6454,100.0,0
/Users/mohameddhiahammami/iCloud Drive (Archive)/www.isie.tn/wp-content/uploads/2024/ListesElecteurs06Juillet2024/الداخل/نابل/1208_بوعرقوب - بني خلاد/بوعرقوب القبلية.pdf,بوعرقوب القبلية.pdf,نابل,بوعرقوب - بني خلاد,بوعرقوب القبلية,36,1509,1509,100.0,0
/Users/mohameddhiahammami/iCloud Drive (Archive)/www.isie.tn/wp-content/uploads/2024/ListesElecteurs06Juillet2024/الداخل/نابل/1208_بوعرقوب - بني خلاد/زاوية الجديدي.pdf,زاوية الجديدي.pdf,نابل,بوعرقوب - بني خلاد,زاوية الجديدي,121,5269,5269,100.0,0
/Users/mohameddhiahammami/iCloud Drive (Archive)/www.isie.tn/wp-content/uploads/2024/ListesElecteurs06Juillet2024/الداخل/نابل/1208_بوعرقوب - بني خلاد/سيدي الظاهر.pdf,سيدي الظاهر.pdf,نابل,بوعرقوب - بني خلاد,سيدي الظاهر,54,2318,2318,100.0,0
/Users/mohameddhiahammami/iCloud Drive (Archive)/www.isie.tn/wp-content/uploads/2024/ListesElecteurs06Juillet2024/الداخل/نابل/1102_دار شعبان الفهري - بني خيار/الصمعة.pdf,الصمعة.pdf,نابل,دار شعبان الفهري - بني خيار,الصمعة,140,6095,6095,100.0,0
/Users/mohameddhiahammami/iCloud Drive (Archive)/www.isie.tn/wp-content/uploads/2024/ListesElecteurs06Juillet2024/الداخل/نابل/1102_دار شعبان الفهري - بني خيار/الفرينين.pdf,الفرينين.pdf,نابل,دار شعبان الفهري - بني خيار,الفرينين,46,1957,1957,100.0,0
/Users/mohameddhiahammami/iCloud Drive (Archive)/www.isie.tn/wp-content/uploads/2024/ListesElecteurs06Juillet2024/الداخل/نابل/1102_دار شعبان الفهري - بني خيار/الفهري.pdf,الفهري.pdf,نابل,دار شعبان الفهري - بني خيار,الفهري,593,26034,26034,100.0,0
/Users/mohameddhiahammami/iCloud Drive (Archive)/www.isie.tn/wp-content/uploads/2024/ListesElecteurs06Juillet2024/الداخل/نابل/1102_دار شعبان الفهري - بني خيار/المعمورة.pdf,المعمورة.pdf,نابل,دار شعبان الفهري - بني خيار,المعمورة,155,6774,6774,100.0,0
/Users/mohameddhiahammami/iCloud Drive (Archive)/www.isie.tn/wp-content/uploads/2024/ListesElecteurs06Juillet2024/الداخل/نابل/1102_دار شعبان الفهري - بني خيار/بني خيار.pdf,بني خيار.pdf,نابل,دار شعبان الفهري - بني خيار,بني خيار,447,19595,19595,100.0,0
/Users/mohameddhiahammami/iCloud Drive (Archive)/www.isie.tn/wp-content/uploads/2024/ListesElecteurs06Juillet2024/الداخل/نابل/1102_دار شعبان الفهري - بني خيار/حلفاء.pdf,حلفاء.pdf,نابل,دار شعبان الفهري - بني خيار,حلفاء,25,1049,1049,100.0,0
/Users/mohameddhiahammami/iCloud Drive (Archive)/www.isie.tn/wp-content/uploads/2024/ListesElecteurs06Juillet2024/الداخل/نابل/1102_دار شعبان الفهري - بني خيار/دار شعبان.pdf,دار شعبان.pdf,نابل,دار شعبان الفهري - بني خيار,دار شعبان,438,19186,19186,100.0,0
/Users/mohameddhiahammami/iCloud Drive (Archive)/www.isie.tn/wp-content/uploads/2024/ListesElecteurs06Juillet2024/الداخل/نابل/1102_دار شعبان الفهري - بني خيار/ديار بنسالم.pdf,ديار بنسالم.pdf,نابل,دار شعبان الفهري - بني خيار,ديار بنسالم,46,1954,1954,100.0,0
/Users/mohameddhiahammami/iCloud Drive (Archive)/www.isie.tn/wp-content/uploads/2024/ListesElecteurs06Juillet2024/الداخل/نابل/1102_دار شعبان الفهري - بني خيار/عمرون.pdf,عمرون.pdf,نابل,دار شعبان الفهري - بني خيار,عمرون,32,1356,1356,100.0,0
/Users/mohameddhiahammami/iCloud Drive (Archive)/www.isie.tn/wp-content/uploads/2024/ListesElecteurs06Juillet2024/الداخل/نابل/1209_سليمان/الشريفات.pdf,الشريفات.pdf,نابل,سليمان,الشريفات,121,5261,5261,100.0,0
/Users/mohameddhiahammami/iCloud Drive (Archive)/www.isie.tn/wp-content/uploads/2024/ListesElecteurs06Juillet2024/الداخل/نابل/1209_سليمان/المريسة.pdf,المريسة.pdf,نابل,سليمان,المريسة,64,2731,2731,100.0,0
/Users/mohameddhiahammami/iCloud Drive (Archive)/www.isie.tn/wp-content/uploads/2024/ListesElecteurs06Juillet2024/الداخل/نابل/1209_سليمان/بوشراي.pdf,بوشراي.pdf,نابل,سليمان,بوشراي,75,3224,3224,100.0,0
/Users/mohameddhiahammami/iCloud Drive (Archive)/www.isie.tn/wp-content/uploads/2024/ListesElecteurs06Juillet2024/الداخل/نابل/1209_سليمان/سليمان.pdf,سليمان.pdf,نابل,سليمان,سليمان,607,26635,26635,100.0,0
/Users/mohameddhiahammami/iCloud Drive (Archive)/www.isie.tn/wp-content/uploads/2024/ListesElecteurs06Juillet2024/الداخل/نابل/1209_سليمان/سليمان الجنوبية.pdf,سليمان الجنوبية.pdf,نابل,سليمان,سليمان الجنوبية,109,4738,4738,100.0,0
/Users/mohameddhiahammami/iCloud Drive (Archive)/www.isie.tn/wp-content/uploads/2024/ListesElecteurs06Juillet2024/الداخل/نابل/1103_قربة/بني عياش.pdf,بني عياش.pdf,نابل,قربة,بني عياش,276,12058,12058,100.0,0
/Users/mohameddhiahammami/iCloud Drive (Archive)/www.isie.tn/wp-content/uploads/2024/ListesElecteurs06Juillet2024/الداخل/نابل/1103_قربة/بوجريدة.pdf,بوجريدة.pdf,نابل,قربة,بوجريدة,57,2454,2454,100.0,0
/Users/mohameddhiahammami/iCloud Drive (Archive)/www.isie.tn/wp-content/uploads/2024/ListesElecteurs06Juillet2024/الداخل/نابل/1103_قربة/بولدين.pdf,بولدين.pdf,نابل,قربة,بولدين,46,1963,1963,100.0,0
/Users/mohameddhiahammami/iCloud Drive (Archive)/www.isie.tn/wp-content/uploads/2024/ListesElecteurs06Juillet2024/الداخل/نابل/1103_قربة/تازركة.pdf,تازركة.pdf,نابل,قربة,تازركة,188,8207,8207,100.0,0
/Users/mohameddhiahammami/iCloud Drive (Archive)/www.isie.tn/wp-content/uploads/2024/ListesElecteurs06Juillet2024/الداخل/نابل/1103_قربة/ديار الحجاج.pdf,ديار الحجاج.pdf,نابل,قربة,ديار الحجاج,72,3120,3120,100.0,0
/Users/mohameddhiahammami/iCloud Drive (Archive)/www.isie.tn/wp-content/uploads/2024/ListesElecteurs06Juillet2024/الداخل/نابل/1103_قربة/قربة الشرقية.pdf,قربة الشرقية.pdf,نابل,قربة,قربة الشرقية,316,13847,13847,100.0,0
/Users/mohameddhiahammami/iCloud Drive (Archive)/www.isie.tn/wp-content/uploads/2024/ListesElecteurs06Juillet2024/الداخل/نابل/1103_قربة/قربة الغربية.pdf,قربة الغربية.pdf,نابل,قربة,قربة الغربية,293,12808,12808,100.0,0
/Users/mohameddhiahammami/iCloud Drive (Archive)/www.isie.tn/wp-content/uploads/2024/ListesElecteurs06Juillet2024/الداخل/نابل/1103_قربة/قرعة ساسي.pdf,قرعة ساسي.pdf,نابل,قربة,قرعة ساسي,58,2503,2503,100.0,0
/Users/mohameddhiahammami/iCloud Drive (Archive)/www.isie.tn/wp-content/uploads/2024/ListesElecteurs06Juillet2024/الداخل/نابل/1210_قرمبالية/تركي.pdf,تركي.pdf,نابل,قرمبالية,تركي,75,3235,3235,100.0,0
/Users/mohameddhiahammami/iCloud Drive (Archive)/www.isie.tn/wp-content/uploads/2024/ListesElecteurs06Juillet2024/الداخل/نابل/1210_قرمبالية/جبل طريف.pdf,جبل طريف.pdf,نابل,قرمبالية,جبل طريف,62,2675,2675,100.0,0
/Users/mohameddhiahammami/iCloud Drive (Archive)/www.isie.tn/wp-content/uploads/2024/ListesElecteurs06Juillet2024/الداخل/نابل/1210_قرمبالية/خنقة الحجاج.pdf,خنقة الحجاج.pdf,نابل,قرمبالية,خنقة الحجاج,73,3125,3125,100.0,0
/Users/mohameddhiahammami/iCloud Drive (Archive)/www.isie.tn/wp-content/uploads/2024/ListesElecteurs06Juillet2024/الداخل/نابل/1210_قرمبالية/شماس.pdf,شماس.pdf,نابل,قرمبالية,شماس,103,4476,4476,100.0,0
/Users/mohameddhiahammami/iCloud Drive (Archive)/www.isie.tn/wp-content/uploads/2024/ListesElecteurs06Juillet2024/الداخل/نابل/1210_قرمبالية/عين طبرنق.pdf,عين طبرنق.pdf,نابل,قرمبالية,عين طبرنق,49,2093,2093,100.0,0
/Users/mohameddhiahammami/iCloud Drive (Archive)/www.isie.tn/wp-content/uploads/2024/ListesElecteurs06Juillet2024/الداخل/نابل/1210_قرمبالية/فندق الجديد.pdf,فندق الجديد.pdf,نابل,قرمبالية,فندق الجديد,219,9568,9568,100.0,0
/Users/mohameddhiahammami/iCloud Drive (Archive)/www.isie.tn/wp-content/uploads/2024/ListesElecteurs06Juillet2024/الداخل/نابل/1210_قرمبالية/قرنبالية الشرقية.pdf,قرنبالية الشرقية.pdf,نابل,قرمبالية,قرنبالية الشرقية,277,12124,12124,100.0,0
/Users/mohameddhiahammami/iCloud Drive (Archive)/www.isie.tn/wp-content/uploads/2024/ListesElecteurs06Juillet2024/الداخل/نابل/1210_قرمبالية/قرنبالية الغربية.pdf,قرنبالية الغربية.pdf,نابل,قرمبالية,قرنبالية الغربية,192,8378,8378,100.0,0
/Users/mohameddhiahammami/iCloud Drive (Archive)/www.isie.tn/wp-content/uploads/2024/ListesElecteurs06Juillet2024/الداخل/نابل/1210_قرمبالية/نيانو.pdf,نيانو.pdf,نابل,قرمبالية,نيانو,91,3940,3940,100.0,0
/Users/mohameddhiahammami/iCloud Drive (Archive)/www.isie.tn/wp-content/uploads/2024/ListesElecteurs06Juillet2024/الداخل/نابل/1104_قليببية - حمام الأغزاز/أزمور.pdf,أزمور.pdf,نابل,قليببية - حمام الأغزاز,أزمور,104,4513,4513,100.0,0
/Users/mohameddhiahammami/iCloud Drive (Archive)/www.isie.tn/wp-content/uploads/2024/ListesElecteurs06Juillet2024/الداخل/نابل/1104_قليببية - حمام الأغزاز/حارة الشعراء.pdf,حارة الشعراء.pdf,نابل,قليببية - حمام الأغزاز,حارة الشعراء,32,1342,1342,100.0,0
/Users/mohameddhiahammami/iCloud Drive (Archive)/www.isie.tn/wp-content/uploads/2024/ListesElecteurs06Juillet2024/الداخل/نابل/1104_قليببية - حمام الأغزاز/حمام الغزاز.pdf,حمام الغزاز.pdf,نابل,قليببية - حمام الأغزاز,حمام الغزاز,178,7745,7745,100.0,0
/Users/mohameddhiahammami/iCloud Drive (Archive)/www.isie.tn/wp-content/uploads/2024/ListesElecteurs06Juillet2024/الداخل/نابل/1104_قليببية - حمام الأغزاز/دار علوش.pdf,دار علوش.pdf,نابل,قليببية - حمام الأغزاز,دار علوش,92,3999,3999,100.0,0
/Users/mohameddhiahammami/iCloud Drive (Archive)/www.isie.tn/wp-content/uploads/2024/ListesElecteurs06Juillet2024/الداخل/نابل/1104_قليببية - حمام الأغزاز/قليبية الشرقية.pdf,قليبية الشرقية.pdf,نابل,قليببية - حمام الأغزاز,قليبية الشرقية,690,30306,30306,100.0,0
/Users/mohameddhiahammami/iCloud Drive (Archive)/www.isie.tn/wp-content/uploads/2024/ListesElecteurs06Juillet2024/الداخل/نابل/1104_قليببية - حمام الأغزاز/قليبية الغربية.pdf,قليبية الغربية.pdf,نابل,قليببية - حمام الأغزاز,قليبية الغربية,256,11177,11177,100.0,0
/Users/mohameddhiahammami/iCloud Drive (Archive)/www.isie.tn/wp-content/uploads/2024/ListesElecteurs06Juillet2024/الداخل/نابل/1104_قليببية - حمام الأغزاز/ملول.pdf,ملول.pdf,نابل,قليببية - حمام الأغزاز,ملول,47,1982,1982,100.0,0
/Users/mohameddhiahammami/iCloud Drive (Archive)/www.isie.tn/wp-content/uploads/2024/ListesElecteurs06Juillet2024/الداخل/نابل/1104_قليببية - حمام الأغزاز/وادي الخطف.pdf,وادي الخطف.pdf,نابل,قليببية - حمام الأغزاز,وادي الخطف,56,2388,2388,100.0,0
/Users/mohameddhiahammami/iCloud Drive (Archive)/www.isie.tn/wp-content/uploads/2024/ListesElecteurs06Juillet2024/الداخل/نابل/1104_قليببية - حمام الأغزاز/وزدرة.pdf,وزدرة.pdf,نابل,قليببية - حمام الأغزاز,وزدرة,26,1096,1096,100.0,0
/Users/mohameddhiahammami/iCloud Drive (Archive)/www.isie.tn/wp-content/uploads/2024/ListesElecteurs06Juillet2024/الداخل/نابل/1111_منزل بوزلفة - الميدة/أم ذويل.pdf,أم ذويل.pdf,نابل,منزل بوزلفة - الميدة,أم ذويل,59,2532,2532,100.0,0
/Users/mohameddhiahammami/iCloud Drive (Archive)/www.isie.tn/wp-content/uploads/2024/ListesElecteurs06Juillet2024/الداخل/نابل/1111_منزل بوزلفة - الميدة/الرحمة.pdf,الرحمة.pdf,نابل,منزل بوزلفة - الميدة,الرحمة,86,3709,3709,100.0,0
/Users/mohameddhiahammami/iCloud Drive (Archive)/www.isie.tn/wp-content/uploads/2024/ListesElecteurs06Juillet2024/الداخل/نابل/1111_منزل بوزلفة - الميدة/القرشيين.pdf,القرشيين.pdf,نابل,منزل بوزلفة - الميدة,القرشيين,41,1741,1741,100.0,0
/Users/mohameddhiahammami/iCloud Drive (Archive)/www.isie.tn/wp-content/uploads/2024/ListesElecteurs06Juillet2024/الداخل/نابل/1111_منزل بوزلفة - الميدة/الميدة.pdf,الميدة.pdf,نابل,منزل بوزلفة - الميدة,الميدة,194,8480,8480,100.0,0
/Users/mohameddhiahammami/iCloud Drive (Archive)/www.isie.tn/wp-content/uploads/2024/ListesElecteurs06Juillet2024/الداخل/نابل/1111_منزل بوزلفة - الميدة/تافلون.pdf,تافلون.pdf,نابل,منزل بوزلفة - الميدة,تافلون,92,4004,4004,100.0,0
/Users/mohameddhiahammami/iCloud Drive (Archive)/www.isie.tn/wp-content/uploads/2024/ListesElecteurs06Juillet2024/الداخل/نابل/1111_منزل بوزلفة - الميدة/داموس الحاجة.pdf,داموس الحاجة.pdf,نابل,منزل بوزلفة - الميدة,داموس الحاجة,52,2210,2210,100.0,0
/Users/mohameddhiahammami/iCloud Drive (Archive)/www.isie.tn/wp-content/uploads/2024/ListesElecteurs06Juillet2024/الداخل/نابل/1111_منزل بوزلفة - الميدة/فرتونة.pdf,فرتونة.pdf,نابل,منزل بوزلفة - الميدة,فرتونة,76,3299,3299,100.0,0
/Users/mohameddhiahammami/iCloud Drive (Archive)/www.isie.tn/wp-content/uploads/2024/ListesElecteurs06Juillet2024/الداخل/نابل/1111_منزل بوزلفة - الميدة/لبنة.pdf,لبنة.pdf,نابل,منزل بوزلفة - الميدة,لبنة,46,1977,1977,100.0,0
/Users/mohameddhiahammami/iCloud Drive (Archive)/www.isie.tn/wp-content/uploads/2024/ListesElecteurs06Juillet2024/الداخل/نابل/1111_منزل بوزلفة - الميدة/منزل بوزلفة الجوفية.pdf,منزل بوزلفة الجوفية.pdf,نابل,منزل بوزلفة - الميدة,منزل بوزلفة الجوفية,91,3927,3927,100.0,0
/Users/mohameddhiahammami/iCloud Drive (Archive)/www.isie.tn/wp-content/uploads/2024/ListesElecteurs06Juillet2024/الداخل/نابل/1111_منزل بوزلفة - الميدة/منزل بوزلفة الغربية.pdf,منزل بوزلفة الغربية.pdf,نابل,منزل بوزلفة - الميدة,منزل بوزلفة الغربية,228,9971,9971,100.0,0
/Users/mohameddhiahammami/iCloud Drive (Archive)/www.isie.tn/wp-content/uploads/2024/ListesElecteurs06Juillet2024/الداخل/نابل/1111_منزل بوزلفة - الميدة/منزل بوزلفة القبلية.pdf,منزل بوزلفة القبلية.pdf,نابل,منزل بوزلفة - الميدة,منزل بوزلفة القبلية,259,11312,11312,100.0,0
/Users/mohameddhiahammami/iCloud Drive (Archive)/www.isie.tn/wp-content/uploads/2024/ListesElecteurs06Juillet2024/الداخل/نابل/1105_منزل تميم/الرعينين.pdf,الرعينين.pdf,نابل,منزل تميم,الرعينين,74,3174,3174,100.0,0
/Users/mohameddhiahammami/iCloud Drive (Archive)/www.isie.tn/wp-content/uploads/2024/ListesElecteurs06Juillet2024/الداخل/نابل/1105_منزل تميم/الصقالبة.pdf,الصقالبة.pdf,نابل,منزل تميم,الصقالبة,122,5323,5323,100.0,0
/Users/mohameddhiahammami/iCloud Drive (Archive)/www.isie.tn/wp-content/uploads/2024/ListesElecteurs06Juillet2024/الداخل/نابل/1105_منزل تميم/الطيب المهيري.pdf,الطيب المهيري.pdf,نابل,منزل تميم,الطيب المهيري,267,11669,11669,100.0,0
/Users/mohameddhiahammami/iCloud Drive (Archive)/www.isie.tn/wp-content/uploads/2024/ListesElecteurs06Juillet2024/الداخل/نابل/1105_منزل تميم/الوديان.pdf,الوديان.pdf,نابل,منزل تميم,الوديان,87,3771,3771,100.0,0
/Users/mohameddhiahammami/iCloud Drive (Archive)/www.isie.tn/wp-content/uploads/2024/ListesElecteurs06Juillet2024/الداخل/نابل/1105_منزل تميم/بني عبد العزيز.pdf,بني عبد العزيز.pdf,نابل,منزل تميم,بني عبد العزيز,51,2157,2157,100.0,0
/Users/mohameddhiahammami/iCloud Drive (Archive)/www.isie.tn/wp-content/uploads/2024/ListesElecteurs06Juillet2024/الداخل/نابل/1105_منزل تميم/عصفور.pdf,عصفور.pdf,نابل,منزل تميم,عصفور,54,2305,2305,100.0,0
/Users/mohameddhiahammami/iCloud Drive (Archive)/www.isie.tn/wp-content/uploads/2024/ListesElecteurs06Juillet2024/الداخل/نابل/1105_منزل تميم/علي البلهوان.pdf,علي البلهوان.pdf,نابل,منزل تميم,علي البلهوان,301,13162,13162,100.0,0
/Users/mohameddhiahammami/iCloud Drive (Archive)/www.isie.tn/wp-content/uploads/2024/ListesElecteurs06Juillet2024/الداخل/نابل/1105_منزل تميم/لزدين.pdf,لزدين.pdf,نابل,منزل تميم,لزدين,53,2284,2284,100.0,0
/Users/mohameddhiahammami/iCloud Drive (Archive)/www.isie.tn/wp-content/uploads/2024/ListesElecteurs06Juillet2024/الداخل/نابل/1105_منزل تميم/منزل حر.pdf,منزل حر.pdf,نابل,منزل تميم,منزل حر,101,4366,4366,100.0,0
/Users/mohameddhiahammami/iCloud Drive (Archive)/www.isie.tn/wp-content/uploads/2024/ListesElecteurs06Juillet2024/الداخل/نابل/1106_نابل/الأسواق.pdf,الأسواق.pdf,نابل,نابل,الأسواق,81,3514,3514,100.0,0
/Users/mohameddhiahammami/iCloud Drive (Archive)/www.isie.tn/wp-content/uploads/2024/ListesElecteurs06Juillet2024/الداخل/نابل/1106_نابل/الحدائق.pdf,الحدائق.pdf,نابل,نابل,الحدائق,235,10275,10275,100.0,0
/Users/mohameddhiahammami/iCloud Drive (Archive)/www.isie.tn/wp-content/uploads/2024/ListesElecteurs06Juillet2024/الداخل/نابل/1106_نابل/النور.pdf,النور.pdf,نابل,نابل,النور,259,11309,11309,100.0,0
/Users/mohameddhiahammami/iCloud Drive (Archive)/www.isie.tn/wp-content/uploads/2024/ListesElecteurs06Juillet2024/الداخل/نابل/1106_نابل/الهادي شاكر.pdf,الهادي شاكر.pdf,نابل,نابل,الهادي شاكر,49,2072,2072,100.0,0
/Users/mohameddhiahammami/iCloud Drive (Archive)/www.isie.tn/wp-content/uploads/2024/ListesElecteurs06Juillet2024/الداخل/نابل/1106_نابل/بئر شلوف.pdf,بئر شلوف.pdf,نابل,نابل,بئر شلوف,571,25057,25057,100.0,0
/Users/mohameddhiahammami/iCloud Drive (Archive)/www.isie.tn/wp-content/uploads/2024/ListesElecteurs06Juillet2024/الداخل/نابل/1106_نابل/نيابوليس.pdf,نيابوليس.pdf,نابل,نابل,نيابوليس,367,16070,16070,100.0,0
/Users/mohameddhiahammami/iCloud Drive (Archive)/www.isie.tn/wp-content/uploads/2024/ListesElecteurs06Juillet2024/الخارج/ألمانيا/برلين.pdf,برلين.pdf,ألمانيا,ألمانيا,برلين,132,6025,6025,100.0,1
/Users/mohameddhiahammami/iCloud Drive (Archive)/www.isie.tn/wp-content/uploads/2024/ListesElecteurs06Juillet2024/الخارج/ألمانيا/بون.pdf,بون.pdf,ألمانيا,ألمانيا,بون,449,20600,20600,100.0,1
/Users/mohameddhiahammami/iCloud Drive (Archive)/www.isie.tn/wp-content/uploads/2024/ListesElecteurs06Juillet2024/الخارج/ألمانيا/مونيخ.pdf,مونيخ.pdf,ألمانيا,ألمانيا,مونيخ,242,11083,11083,100.0,1
/Users/mohameddhiahammami/iCloud Drive (Archive)/www.isie.tn/wp-content/uploads/2024/ListesElecteurs06Juillet2024/الخارج/ألمانيا/همبورغ.pdf,همبورغ.pdf,ألمانيا,ألمانيا,همبورغ,235,10747,10747,100.0,1
/Users/mohameddhiahammami/iCloud Drive (Archive)/www.isie.tn/wp-content/uploads/2024/ListesElecteurs06Juillet2024/الخارج/إيطاليا/بلارمو.pdf,بلارمو.pdf,إيطاليا,إيطاليا,بلارمو,285,13026,13026,100.0,1
/Users/mohameddhiahammami/iCloud Drive (Archive)/www.isie.tn/wp-content/uploads/2024/ListesElecteurs06Juillet2024/الخارج/إيطاليا/جنوة.pdf,جنوة.pdf,إيطاليا,إيطاليا,جنوة,485,22250,22250,100.0,1
/Users/mohameddhiahammami/iCloud Drive (Archive)/www.isie.tn/wp-content/uploads/2024/ListesElecteurs06Juillet2024/الخارج/إيطاليا/روما.pdf,روما.pdf,إيطاليا,إيطاليا,روما,361,16553,16553,100.0,1
/Users/mohameddhiahammami/iCloud Drive (Archive)/www.isie.tn/wp-content/uploads/2024/ListesElecteurs06Juillet2024/الخارج/إيطاليا/ميلانو.pdf,ميلانو.pdf,إيطاليا,إيطاليا,ميلانو,633,29059,29059,100.0,1
/Users/mohameddhiahammami/iCloud Drive (Archive)/www.isie.tn/wp-content/uploads/2024/ListesElecteurs06Juillet2024/الخارج/إيطاليا/نابولي.pdf,نابولي.pdf,إيطاليا,إيطاليا,نابولي,140,6381,6381,100.0,1
/Users/mohameddhiahammami/iCloud Drive (Archive)/www.isie.tn/wp-content/uploads/2024/ListesElecteurs06Juillet2024/الخارج/اسيا وأستراليا/بيكين.pdf,بيكين.pdf,اسيا وأستراليا,اسيا وأستراليا,بيكين,4,114,114,100.0,1
/Users/mohameddhiahammami/iCloud Drive (Archive)/www.isie.tn/wp-content/uploads/2024/ListesElecteurs06Juillet2024/الخارج/اسيا وأستراليا/جاكرتا.pdf,جاكرتا.pdf,اسيا وأستراليا,اسيا وأستراليا,جاكرتا,5,145,145,100.0,1
/Users/mohameddhiahammami/iCloud Drive (Archive)/www.isie.tn/wp-content/uploads/2024/ListesElecteurs06Juillet2024/الخارج/اسيا وأستراليا/سيدني.pdf,سيدني.pdf,اسيا وأستراليا,اسيا وأستراليا,سيدني,6,188,188,100.0,1
/Users/mohameddhiahammami/iCloud Drive (Archive)/www.isie.tn/wp-content/uploads/2024/ListesElecteurs06Juillet2024/الخارج/اسيا وأستراليا/سيول.pdf,سيول.pdf,اسيا وأستراليا,اسيا وأستراليا,سيول,3,68,68,100.0,1
/Users/mohameddhiahammami/iCloud Drive (Archive)/www.isie.tn/wp-content/uploads/2024/ListesElecteurs06Juillet2024/الخارج/اسيا وأستراليا/طهران.pdf,طهران.pdf,اسيا وأستراليا,اسيا وأستراليا,طهران,2,14,14,100.0,1
/Users/mohameddhiahammami/iCloud Drive (Archive)/www.isie.tn/wp-content/uploads/2024/ListesElecteurs06Juillet2024/الخارج/اسيا وأستراليا/طوكيو.pdf,طوكيو.pdf,اسيا وأستراليا,اسيا وأستراليا,طوكيو,8,291,291,100.0,1
/Users/mohameddhiahammami/iCloud Drive (Archive)/www.isie.tn/wp-content/uploads/2024/ListesElecteurs06Juillet2024/الخارج/اسيا وأستراليا/نيودلهـي.pdf,نيودلهـي.pdf,اسيا وأستراليا,اسيا وأستراليا,نيودلهـي,2,8,8,100.0,1
/Users/mohameddhiahammami/iCloud Drive (Archive)/www.isie.tn/wp-content/uploads/2024/ListesElecteurs06Juillet2024/الخارج/افريقيا/أبوجا.pdf,أبوجا.pdf,افريقيا,افريقيا,أبوجا,2,8,8,100.0,1
/Users/mohameddhiahammami/iCloud Drive (Archive)/www.isie.tn/wp-content/uploads/2024/ListesElecteurs06Juillet2024/الخارج/افريقيا/أبيدجان.pdf,أبيدجان.pdf,افريقيا,افريقيا,أبيدجان,7,238,238,100.0,1
/Users/mohameddhiahammami/iCloud Drive (Archive)/www.isie.tn/wp-content/uploads/2024/ListesElecteurs06Juillet2024/الخارج/افريقيا/أديس أبابا.pdf,أديس أبابا.pdf,افريقيا,افريقيا,أديس أبابا,2,13,13,100.0,1
/Users/mohameddhiahammami/iCloud Drive (Archive)/www.isie.tn/wp-content/uploads/2024/ListesElecteurs06Juillet2024/الخارج/افريقيا/باماكو.pdf,باماكو.pdf,افريقيا,افريقيا,باماكو,2,18,18,100.0,1
/Users/mohameddhiahammami/iCloud Drive (Archive)/www.isie.tn/wp-content/uploads/2024/ListesElecteurs06Juillet2024/الخارج/افريقيا/بريتوريا.pdf,بريتوريا.pdf,افريقيا,افريقيا,بريتوريا,4,121,121,100.0,1
/Users/mohameddhiahammami/iCloud Drive (Archive)/www.isie.tn/wp-content/uploads/2024/ListesElecteurs06Juillet2024/الخارج/افريقيا/داكار.pdf,داكار.pdf,افريقيا,افريقيا,داكار,6,200,200,100.0,1
/Users/mohameddhiahammami/iCloud Drive (Archive)/www.isie.tn/wp-content/uploads/2024/ListesElecteurs06Juillet2024/الخارج/افريقيا/كينشاسا.pdf,كينشاسا.pdf,افريقيا,افريقيا,كينشاسا,2,6,6,100.0,1
/Users/mohameddhiahammami/iCloud Drive (Archive)/www.isie.tn/wp-content/uploads/2024/ListesElecteurs06Juillet2024/الخارج/افريقيا/كينيا- نيروبي.pdf,كينيا- نيروبي.pdf,افريقيا,افريقيا,كينيا- نيروبي,2,18,18,100.0,1
/Users/mohameddhiahammami/iCloud Drive (Archive)/www.isie.tn/wp-content/uploads/2024/ListesElecteurs06Juillet2024/الخارج/افريقيا/ياوندي.pdf,ياوندي.pdf,افريقيا,افريقيا,ياوندي,3,77,77,100.0,1
/Users/mohameddhiahammami/iCloud Drive (Archive)/www.isie.tn/wp-content/uploads/2024/ListesElecteurs06Juillet2024/الخارج/الأمريكيتان/برازيليا.pdf,برازيليا.pdf,الأمريكيتان,الأمريكيتان,برازيليا,2,39,39,100.0,1
/Users/mohameddhiahammami/iCloud Drive (Archive)/www.isie.tn/wp-content/uploads/2024/ListesElecteurs06Juillet2024/الخارج/الأمريكيتان/بيونس أيرس.pdf,بيونس أيرس.pdf,الأمريكيتان,الأمريكيتان,بيونس أيرس,2,10,10,100.0,1
/Users/mohameddhiahammami/iCloud Drive (Archive)/www.isie.tn/wp-content/uploads/2024/ListesElecteurs06Juillet2024/الخارج/الأمريكيتان/مونتريال.pdf,مونتريال.pdf,الأمريكيتان,الأمريكيتان,مونتريال,336,15369,13927,90.61747673888996,1
/Users/mohameddhiahammami/iCloud Drive (Archive)/www.isie.tn/wp-content/uploads/2024/ListesElecteurs06Juillet2024/الخارج/الأمريكيتان/واشنطن.pdf,واشنطن.pdf,الأمريكيتان,الأمريكيتان,واشنطن,121,5476,5410,98.79474068663258,1
/Users/mohameddhiahammami/iCloud Drive (Archive)/www.isie.tn/wp-content/uploads/2024/ListesElecteurs06Juillet2024/الخارج/الدول العربية/الجزائر.pdf,الجزائر.pdf,الدول العربية,الدول العربية,الجزائر,52,2319,2319,100.0,1
/Users/mohameddhiahammami/iCloud Drive (Archive)/www.isie.tn/wp-content/uploads/2024/ListesElecteurs06Juillet2024/الخارج/الدول العربية/الخرطوم.pdf,الخرطوم.pdf,الدول العربية,الدول العربية,الخرطوم,2,28,28,100.0,1
/Users/mohameddhiahammami/iCloud Drive (Archive)/www.isie.tn/wp-content/uploads/2024/ListesElecteurs06Juillet2024/الخارج/الدول العربية/الدوحة.pdf,الدوحة.pdf,الدول العربية,الدول العربية,الدوحة,188,8595,8595,100.0,1
/Users/mohameddhiahammami/iCloud Drive (Archive)/www.isie.tn/wp-content/uploads/2024/ListesElecteurs06Juillet2024/الخارج/الدول العربية/الرباط.pdf,الرباط.pdf,الدول العربية,الدول العربية,الرباط,46,2055,2055,100.0,1
/Users/mohameddhiahammami/iCloud Drive (Archive)/www.isie.tn/wp-content/uploads/2024/ListesElecteurs06Juillet2024/الخارج/الدول العربية/الرياض.pdf,الرياض.pdf,الدول العربية,الدول العربية,الرياض,90,4070,4070,100.0,1
/Users/mohameddhiahammami/iCloud Drive (Archive)/www.isie.tn/wp-content/uploads/2024/ListesElecteurs06Juillet2024/الخارج/الدول العربية/القاهـرة.pdf,القاهـرة.pdf,الدول العربية,الدول العربية,القاهـرة,37,1618,1618,100.0,1
/Users/mohameddhiahammami/iCloud Drive (Archive)/www.isie.tn/wp-content/uploads/2024/ListesElecteurs06Juillet2024/الخارج/الدول العربية/الكويت.pdf,الكويت.pdf,الدول العربية,الدول العربية,الكويت,46,2058,2058,100.0,1
/Users/mohameddhiahammami/iCloud Drive (Archive)/www.isie.tn/wp-content/uploads/2024/ListesElecteurs06Juillet2024/الخارج/الدول العربية/المنامة.pdf,المنامة.pdf,الدول العربية,الدول العربية,المنامة,11,430,430,100.0,1
/Users/mohameddhiahammami/iCloud Drive (Archive)/www.isie.tn/wp-content/uploads/2024/ListesElecteurs06Juillet2024/الخارج/الدول العربية/أبوظبي.pdf,أبوظبي.pdf,الدول العربية,الدول العربية,أبوظبي,107,4852,4852,100.0,1
/Users/mohameddhiahammami/iCloud Drive (Archive)/www.isie.tn/wp-content/uploads/2024/ListesElecteurs06Juillet2024/الخارج/الدول العربية/بغداد.pdf,بغداد.pdf,الدول العربية,الدول العربية,بغداد,2,0,0,100.0,1
/Users/mohameddhiahammami/iCloud Drive (Archive)/www.isie.tn/wp-content/uploads/2024/ListesElecteurs06Juillet2024/الخارج/الدول العربية/بنغازي.pdf,بنغازي.pdf,الدول العربية,الدول العربية,بنغازي,5,165,165,100.0,1
/Users/mohameddhiahammami/iCloud Drive (Archive)/www.isie.tn/wp-content/uploads/2024/ListesElecteurs06Juillet2024/الخارج/الدول العربية/بيروت.pdf,بيروت.pdf,الدول العربية,الدول العربية,بيروت,21,909,909,100.0,1
/Users/mohameddhiahammami/iCloud Drive (Archive)/www.isie.tn/wp-content/uploads/2024/ListesElecteurs06Juillet2024/الخارج/الدول العربية/تبسة.pdf,تبسة.pdf,الدول العربية,الدول العربية,تبسة,32,1415,1388,98.09187279151944,1
/Users/mohameddhiahammami/iCloud Drive (Archive)/www.isie.tn/wp-content/uploads/2024/ListesElecteurs06Juillet2024/الخارج/الدول العربية/جدة.pdf,جدة.pdf,الدول العربية,الدول العربية,جدة,95,4297,4297,100.0,1
/Users/mohameddhiahammami/iCloud Drive (Archive)/www.isie.tn/wp-content/uploads/2024/ListesElecteurs06Juillet2024/الخارج/الدول العربية/دبي.pdf,دبي.pdf,الدول العربية,الدول العربية,دبي,61,2736,2736,100.0,1
/Users/mohameddhiahammami/iCloud Drive (Archive)/www.isie.tn/wp-content/uploads/2024/ListesElecteurs06Juillet2024/الخارج/الدول العربية/دمشق.pdf,دمشق.pdf,الدول العربية,الدول العربية,دمشق,20,832,832,100.0,1
/Users/mohameddhiahammami/iCloud Drive (Archive)/www.isie.tn/wp-content/uploads/2024/ListesElecteurs06Juillet2024/الخارج/الدول العربية/رام الله.pdf,رام الله.pdf,الدول العربية,الدول العربية,رام الله,2,0,0,100.0,1
/Users/mohameddhiahammami/iCloud Drive (Archive)/www.isie.tn/wp-content/uploads/2024/ListesElecteurs06Juillet2024/الخارج/الدول العربية/صنعاء.pdf,صنعاء.pdf,الدول العربية,الدول العربية,صنعاء,2,0,0,100.0,1
/Users/mohameddhiahammami/iCloud Drive (Archive)/www.isie.tn/wp-content/uploads/2024/ListesElecteurs06Juillet2024/الخارج/الدول العربية/طرابلس.pdf,طرابلس.pdf,الدول العربية,الدول العربية,طرابلس,104,4695,4695,100.0,1
/Users/mohameddhiahammami/iCloud Drive (Archive)/www.isie.tn/wp-content/uploads/2024/ListesElecteurs06Juillet2024/الخارج/الدول العربية/عمان.pdf,عمان.pdf,الدول العربية,الدول العربية,عمان,9,355,355,100.0,1
/Users/mohameddhiahammami/iCloud Drive (Archive)/www.isie.tn/wp-content/uploads/2024/ListesElecteurs06Juillet2024/الخارج/الدول العربية/عنابة.pdf,عنابة.pdf,الدول العربية,الدول العربية,عنابة,121,5520,5577,101.03260869565219,1
/Users/mohameddhiahammami/iCloud Drive (Archive)/www.isie.tn/wp-content/uploads/2024/ListesElecteurs06Juillet2024/الخارج/الدول العربية/مسقط.pdf,مسقط.pdf,الدول العربية,الدول العربية,مسقط,56,2512,2512,100.0,1
/Users/mohameddhiahammami/iCloud Drive (Archive)/www.isie.tn/wp-content/uploads/2024/ListesElecteurs06Juillet2024/الخارج/الدول العربية/نواكشوط.pdf,نواكشوط.pdf,الدول العربية,الدول العربية,نواكشوط,6,201,201,100.0,1
/Users/mohameddhiahammami/iCloud Drive (Archive)/www.isie.tn/wp-content/uploads/2024/ListesElecteurs06Juillet2024/الخارج/باقي الدول الأوروبية/أثينا.pdf,أثينا.pdf,باقي الدول الأوروبية,باقي الدول الأوروبية,أثينا,17,700,700,100.0,1
/Users/mohameddhiahammami/iCloud Drive (Archive)/www.isie.tn/wp-content/uploads/2024/ListesElecteurs06Juillet2024/الخارج/باقي الدول الأوروبية/أنقرة.pdf,أنقرة.pdf,باقي الدول الأوروبية,باقي الدول الأوروبية,أنقرة,15,606,606,100.0,1
/Users/mohameddhiahammami/iCloud Drive (Archive)/www.isie.tn/wp-content/uploads/2024/ListesElecteurs06Juillet2024/الخارج/باقي الدول الأوروبية/أوسلو.pdf,أوسلو.pdf,باقي الدول الأوروبية,باقي الدول الأوروبية,أوسلو,9,367,367,100.0,1
/Users/mohameddhiahammami/iCloud Drive (Archive)/www.isie.tn/wp-content/uploads/2024/ListesElecteurs06Juillet2024/الخارج/باقي الدول الأوروبية/بارن.pdf,بارن.pdf,باقي الدول الأوروبية,باقي الدول الأوروبية,بارن,307,14037,14037,100.0,1
/Users/mohameddhiahammami/iCloud Drive (Archive)/www.isie.tn/wp-content/uploads/2024/ListesElecteurs06Juillet2024/الخارج/باقي الدول الأوروبية/براغ.pdf,براغ.pdf,باقي الدول الأوروبية,باقي الدول الأوروبية,براغ,7,242,242,100.0,1
/Users/mohameddhiahammami/iCloud Drive (Archive)/www.isie.tn/wp-content/uploads/2024/ListesElecteurs06Juillet2024/الخارج/باقي الدول الأوروبية/بروكسال.pdf,بروكسال.pdf,باقي الدول الأوروبية,باقي الدول الأوروبية,بروكسال,431,19758,19758,100.0,1
/Users/mohameddhiahammami/iCloud Drive (Archive)/www.isie.tn/wp-content/uploads/2024/ListesElecteurs06Juillet2024/الخارج/باقي الدول الأوروبية/بلغراد.pdf,بلغراد.pdf,باقي الدول الأوروبية,باقي الدول الأوروبية,بلغراد,3,87,87,100.0,1
/Users/mohameddhiahammami/iCloud Drive (Archive)/www.isie.tn/wp-content/uploads/2024/ListesElecteurs06Juillet2024/الخارج/باقي الدول الأوروبية/بوخارست.pdf,بوخارست.pdf,باقي الدول الأوروبية,باقي الدول الأوروبية,بوخارست,20,830,823,99.1566265060241,1
/Users/mohameddhiahammami/iCloud Drive (Archive)/www.isie.tn/wp-content/uploads/2024/ListesElecteurs06Juillet2024/الخارج/باقي الدول الأوروبية/بودباست.pdf,بودباست.pdf,باقي الدول الأوروبية,باقي الدول الأوروبية,بودباست,9,337,337,100.0,1
/Users/mohameddhiahammami/iCloud Drive (Archive)/www.isie.tn/wp-content/uploads/2024/ListesElecteurs06Juillet2024/الخارج/باقي الدول الأوروبية/ستوكهولم.pdf,ستوكهولم.pdf,باقي الدول الأوروبية,باقي الدول الأوروبية,ستوكهولم,134,6087,6087,100.0,1
/Users/mohameddhiahammami/iCloud Drive (Archive)/www.isie.tn/wp-content/uploads/2024/ListesElecteurs06Juillet2024/الخارج/باقي الدول الأوروبية/فرصوفيا.pdf,فرصوفيا.pdf,باقي الدول الأوروبية,باقي الدول الأوروبية,فرصوفيا,9,337,337,100.0,1
/Users/mohameddhiahammami/iCloud Drive (Archive)/www.isie.tn/wp-content/uploads/2024/ListesElecteurs06Juillet2024/الخارج/باقي الدول الأوروبية/فيانا.pdf,فيانا.pdf,باقي الدول الأوروبية,باقي الدول الأوروبية,فيانا,65,2913,2913,100.0,1
/Users/mohameddhiahammami/iCloud Drive (Archive)/www.isie.tn/wp-content/uploads/2024/ListesElecteurs06Juillet2024/الخارج/باقي الدول الأوروبية/لافالات.pdf,لافالات.pdf,باقي الدول الأوروبية,باقي الدول الأوروبية,لافالات,7,242,242,100.0,1
/Users/mohameddhiahammami/iCloud Drive (Archive)/www.isie.tn/wp-content/uploads/2024/ListesElecteurs06Juillet2024/الخارج/باقي الدول الأوروبية/لاهاي.pdf,لاهاي.pdf,باقي الدول الأوروبية,باقي الدول الأوروبية,لاهاي,106,4810,4810,100.0,1
/Users/mohameddhiahammami/iCloud Drive (Archive)/www.isie.tn/wp-content/uploads/2024/ListesElecteurs06Juillet2024/الخارج/باقي الدول الأوروبية/لشبونة.pdf,لشبونة.pdf,باقي الدول الأوروبية,باقي الدول الأوروبية,لشبونة,5,177,177,100.0,1
/Users/mohameddhiahammami/iCloud Drive (Archive)/www.isie.tn/wp-content/uploads/2024/ListesElecteurs06Juillet2024/الخارج/باقي الدول الأوروبية/لندن.pdf,لندن.pdf,باقي الدول الأوروبية,باقي الدول الأوروبية,لندن,126,5737,5737,100.0,1
/Users/mohameddhiahammami/iCloud Drive (Archive)/www.isie.tn/wp-content/uploads/2024/ListesElecteurs06Juillet2024/الخارج/باقي الدول الأوروبية/مدريد.pdf,مدريد.pdf,باقي الدول الأوروبية,باقي الدول الأوروبية,مدريد,42,1867,1867,100.0,1
/Users/mohameddhiahammami/iCloud Drive (Archive)/www.isie.tn/wp-content/uploads/2024/ListesElecteurs06Juillet2024/الخارج/باقي الدول الأوروبية/موسكو.pdf,موسكو.pdf,باقي الدول الأوروبية,باقي الدول الأوروبية,موسكو,9,328,328,100.0,1
/Users/mohameddhiahammami/iCloud Drive (Archive)/www.isie.tn/wp-content/uploads/2024/ListesElecteurs06Juillet2024/الخارج/باقي الدول الأوروبية/هلسنكي.pdf,هلسنكي.pdf,باقي الدول الأوروبية,باقي الدول الأوروبية,هلسنكي,13,530,530,100.0,1
/Users/mohameddhiahammami/iCloud Drive (Archive)/www.isie.tn/wp-content/uploads/2024/ListesElecteurs06Juillet2024/الخارج/فرنسا 1/باريس.pdf,باريس.pdf,فرنسا 1,فرنسا 1,باريس,2851,131072,131072,100.0,1
/Users/mohameddhiahammami/iCloud Drive (Archive)/www.isie.tn/wp-content/uploads/2024/ListesElecteurs06Juillet2024/الخارج/فرنسا 1/بنتان.pdf,بنتان.pdf,فرنسا 1,فرنسا 1,بنتان,669,30726,30726,100.0,1
/Users/mohameddhiahammami/iCloud Drive (Archive)/www.isie.tn/wp-content/uploads/2024/ListesElecteurs06Juillet2024/الخارج/فرنسا 1/سترازبورغ.pdf,سترازبورغ.pdf,فرنسا 1,فرنسا 1,سترازبورغ,273,12501,12501,100.0,1
/Users/mohameddhiahammami/iCloud Drive (Archive)/www.isie.tn/wp-content/uploads/2024/ListesElecteurs06Juillet2024/الخارج/فرنسا 2/تولوز.pdf,تولوز.pdf,فرنسا 2,فرنسا 2,تولوز,364,16689,16689,100.0,1
/Users/mohameddhiahammami/iCloud Drive (Archive)/www.isie.tn/wp-content/uploads/2024/ListesElecteurs06Juillet2024/الخارج/فرنسا 2/قرونوبل.pdf,قرونوبل.pdf,فرنسا 2,فرنسا 2,قرونوبل,623,28594,28594,100.0,1
/Users/mohameddhiahammami/iCloud Drive (Archive)/www.isie.tn/wp-content/uploads/2024/ListesElecteurs06Juillet2024/الخارج/فرنسا 2/ليون.pdf,ليون.pdf,فرنسا 2,فرنسا 2,ليون,1208,55519,55519,100.0,1
/Users/mohameddhiahammami/iCloud Drive (Archive)/www.isie.tn/wp-content/uploads/2024/ListesElecteurs06Juillet2024/الخارج/فرنسا 3/تولون.pdf,تولون.pdf,فرنسا 3,فرنسا 3,تولون,98,4439,4439,100.0,1
/Users/mohameddhiahammami/iCloud Drive (Archive)/www.isie.tn/wp-content/uploads/2024/ListesElecteurs06Juillet2024/الخارج/فرنسا 3/مرسيليا.pdf,مرسيليا.pdf,فرنسا 3,فرنسا 3,مرسيليا,815,37411,37411,100.0,1
/Users/mohameddhiahammami/iCloud Drive (Archive)/www.isie.tn/wp-content/uploads/2024/ListesElecteurs06Juillet2024/الخارج/فرنسا 3/نيس.pdf,نيس.pdf,فرنسا 3,فرنسا 3,نيس,732,33582,33582,100.0,1
/Users/mohameddhiahammami/iCloud Drive (Archive)/www.isie.tn/wp-content/uploads/2024/ListesElecteurs06Juillet2024/الخارج/افريقيا/بركينا فاسو- واغادوغو.pdf,بركينا فاسو- واغادوغو.pdf,قائمة الناخبين,افريقيا,بركينا فاسو- واغادوغو,2,21,21,100.0,1
