id_2024,id_census,city_name_sources,city_name,id_geonames,caidat_1926,caidat_1931,controle_civil_1931,delegation_1956,lat,lon,sources_lat_lon,comments,geo_precision,name_key,id_delegation,delegation_name,governorate_name,region_name,match_method,match_score,match_km,match_margin_km
1,educ_1,Agareb,Agareb,6,,,,,34.741726,10.526864,Google Maps,,1,agareb,3457,Agareb,Sfax,Centre Est,name_and_centroid,1.0000,0.137,17.240
2,educ_10,Armand-Colin,El M'nagha,54,,,,,36.55536,9.944775,Google Maps,,1,el mnagha,1653,Bir Mchergua,Zaghouan,Nord Est,centroid,,4.700,15.851
3,educ_100,Enfidaville,Enfidaville,506,,,Sousse,,36.134153,10.375055,Google Maps,,1,enfidaville,3160,Enfidha,Sousse,Centre Est,centroid,,0.218,16.401
4,educ_101,Fedj El-Khemakhem,Fedj El-Khemakhem,514,,,Tunis,,,,,,,fedj el khemakhem,,,Tunis,Nord Est,hist_unit_governorate,,,
5,educ_106,Fondouk-Hafaied,Fondouk-Hafaied,529,,,,,36.475003,10.608637,Google Maps,Borj Hfaiedh. JORT (2 Avril 1957) qui parle de la piste de Fondouk Hafaïedh reliant la piste de Beni Khalled à Hammamet.,1,fondouk hafaied,1566,Hammamet,Nabeul,Nord Est,centroid,,7.716,0.231
6,educ_108,Foum-Tataouine,Foum-Tataouine,531,,,,,32.930227,10.453397,Google Maps,,1,foum tataouine,5351,Tataouine Nord,Tataouine,Sud Est,centroid,,0.202,1.167
7,educ_110,Gabes,Gabès,537,,,Gabès,,33.8857096933919,10.0996046929066,Google Maps,,1,gabes,5151,Gabes Medina,Gabès,Sud Est,centroid,,0.390,2.649
8,educ_111,Gafour,Gafour,540,Téboursouk,Téboursouk,Téboursouk,,36.323129,9.32117,Google Maps,,1,gafour,2454,Gaafour,Siliana,Nord Ouest,centroid,,0.251,12.952
9,educ_115,Gamart,Gamart,543,,,,,36.910101,10.286288,Google Maps,,1,gamart,1171,La Marsa,Tunis,Nord Est,centroid,,3.619,0.346
10,educ_116,Garn-Alfaya,Garn-Alfaya,545,,,,,36.025211,8.517282,Mindat,Mine.,1,garn alfaya,2355,Tajerouine,Kef,Nord Ouest,centroid,,15.201,2.370
11,educ_117,Ghardimaou,Ghardimaou,547,Souk-el-Arba,Souk-el-Arba,Souk-el-Arba,,36.447103544526,8.43827133348973,Google Maps,,1,ghardimaou,2257,Ghardimaou,Jendouba,Nord Ouest,name_and_centroid,1.0000,7.366,5.180
12,educ_119,Ghomrassen,Ghomrassen,553,Tatahouine,Tatahouine,Cercle militaire de Tatahouine,,33.060144,10.33998,Google Maps,,1,ghomrassen,5355,Ghomrassen,Tataouine,Sud Est,name_and_centroid,1.0000,0.323,17.280
13,educ_12,Attar,Attar,56,,,,,36.733332,10.083161,Google Maps,,1,attar,1164,Sidi Hassine,Tunis,Nord Est,centroid,,2.783,3.828
14,educ_121,Goulette,La Goulette,679,,,,,36.820138,10.304205,Google Maps,,1,la goulette,1169,La Goulette,Tunis,Nord Est,name_and_centroid,1.0000,0.385,1.415
15,educ_124,Hamma de Gabes,Hamma de Gabes,572,,,,,33.878581,9.75173,Google Maps,,1,hamma de gabes,5157,El Hamma,Gabès,Sud Est,centroid,,15.305,10.199
16,educ_125,Hammaim,Hammaim,573,,,,,,,,,,hammaim,,,,,unresolved,,,
17,educ_127,Hammam-Lif,Hammam-Lif,576,,,,,36.723072,10.344176,Google Maps,,1,hammam lif,1354,Hammam Lif,Ben Arous,Nord Est,name_and_centroid,1.0000,1.052,1.390
18,educ_13,Azib,El-Azib,57,,,,,37.201979,9.951135,Google Maps,,1,el azib,1762,Menzel Djemil,Bizerte,Nord Est,centroid,,2.504,2.540
19,educ_130,Hergla,Hergla,600,Sousse,Sousse,Sousse,,36.030038,10.507693,Google Maps,,1,hergla,3159,Hergla,Sousse,Centre Est,name_and_centroid,1.0000,0.042,8.799
20,educ_131,Hiboun,Hiboun,601,,,,,35.52268,11.031582,Google Maps,,1,hiboun,3351,Mahdia,Mahdia,Centre Est,centroid,,3.288,7.991
21,educ_133,Jama,Jema (Siliana),612,,,,,36.1123814873654,9.2848002252173,Google Maps,,1,jema siliana,2452,Siliana Sud,Siliana,Nord Ouest,centroid,,8.118,0.292
22,educ_134,Kairouan,Kairouan,625,Kairouan,Kairouan,Kairouan,,35.675914,10.091924,Google Maps,,1,kairouan,4151,Kairouan Nord,Kairouan,Centre Ouest,centroid,,0.694,0.536
23,educ_136,Kalaa-Kebira,Kalaa-Kebira,628,Sousse,Sousse,Sousse,,35.869824,10.535237,Google Maps,,1,kalaa kebira,3157,Kalaâ Kebira,Sousse,Centre Est,name_and_centroid,1.0000,0.029,3.217
24,educ_138,Kalaat-el-Andleus,Kalaat-El-Andalous,630,Tunis Banlieue,Tunis Banlieue,Tunis,,37.061832,10.119917,Google Maps,,1,kalaat el andalous,1254,Kalaât El Andalous,Ariana,Nord Est,name_and_centroid,1.0000,0.000,11.917
25,educ_14,Baie Ponty,Baie Ponty,66,,,,,37.25702,9.835388,Google Maps,Pêcherie.,1,baie ponty,1752,Zarzouna,Bizerte,Nord Est,centroid,,4.237,1.355
26,educ_143,Kebili,Kebili,633,Nefzaoua,Nefzaoua,Kebili,,33.7029352692366,8.96913732215862,Google Maps,,1,kebili,6351,Kebili Sud,Kébili,Sud Ouest,centroid,,0.354,0.000
27,educ_15,Bani-Hassen,Beni-Hassen,68,,,,,35.567307,10.808129,Google Maps,,1,beni hassen,3255,Beni Hassen,Monastir,Centre Est,name_and_centroid,1.0000,0.000,6.879
28,educ_156,Khledia,Khledia,652,,,,,36.644301,10.193304,Google Maps,,1,khledia,1360,Mohamedia,Ben Arous,Nord Est,centroid,,4.892,2.510
29,educ_157,Korba,Korba,658,Nabeul,Nabeul,Grombalia,,36.57277,10.857826,Google Maps,,1,korba,1554,Korba,Nabeul,Nord Est,name_and_centroid,1.0000,0.283,13.520
30,educ_16,Bardo,Le Bardo,688,,,,,36.813457,10.14071,Google Maps,,1,le bardo,1160,Le Bardo,Tunis,Nord Est,name_and_centroid,1.0000,0.392,1.366
31,educ_162,Ksar,Ksar,666,,,,,,,,,,ksar,,,,,unresolved,,,
32,educ_163,Ksar-Hellal,Ksar-Hellal,669,Monastir,Monastir,Sousse,,35.647952,10.875709,Google Maps,,1,ksar hellal,3261,Ksar Helal,Monastir,Centre Est,centroid,,1.271,1.267
33,educ_164,Ksar-Lahmar,Ksar-Lahmar,670,,,,,,,,,,ksar lahmar,,,,,unresolved,,,
34,educ_165,Ksiba-Sousse,Ksibet,672,,,,,,,,,,ksibet,,,,,unresolved,,,
35,educ_167,Ksour-Essaf,Ksour-Essaf,676,Mahdia,Mahdia,Sousse,,35.4167923124299,10.9961352983127,Google Maps,,1,ksour essaf,3361,Ksour Essef,Mahdia,Centre Est,centroid,,0.727,6.272
36,educ_17,Bathan,El-Bathan,347,,,,,36.803965,9.845121,Google Maps,,1,el bathan,1457,Tebourba,Mannouba,Nord Est,centroid,,3.163,5.395
37,educ_172,La Laverie (Djebel-Recas),La Laverie (Djebel-Recas),681,,,,,36.609871,10.319313,Google Maps,,1,la laverie djebel recas,1362,Mornag,Ben Arous,Nord Est,centroid,,8.244,2.012
38,educ_177,Le Kef,Le Kef,689,,,,,36.169628,8.707127,Google Maps,,1,le kef,2351,Kef Ouest,Kef,Nord Ouest,centroid,,7.337,7.473
39,educ_178,Le Krib,Krib,663,,,Kef,,36.329189,9.133385,Google Maps,,1,krib,2455,El Krib,Siliana,Nord Ouest,centroid,,4.029,12.716
40,educ_179,Maareth,Mareth,704,,,,,33.618174,10.286115,Google Maps,,1,mareth,5160,Mareth,Gabès,Sud Est,name_and_centroid,1.0000,0.056,21.757
41,educ_18,Bazina,Bazina,79,,,,,36.96384,9.299734,Google Maps,,1,bazina,1755,Djoumine,Bizerte,Nord Est,centroid,,10.702,6.790
42,educ_181,Maharine,Maharine,711,,,,,,,,,,maharine,,,,,unresolved,,,
43,educ_182,Mahdia,Mahdia,713,,,,,35.503843,11.062875,Google Maps,,1,mahdia,3351,Mahdia,Mahdia,Centre Est,name_and_centroid,1.0000,0.313,10.412
44,educ_184,Maktar,Maktar,720,,,,,35.855891,9.205556,Google Maps,,1,maktar,2457,Makthar,Siliana,Nord Ouest,centroid,,0.015,15.098
45,educ_185,Manouba,Manouba,721,Tunis Banlieue,Tunis Banlieue,Tunis,,36.809328,10.086327,Google Maps,,1,manouba,1451,Mannouba,Mannouba,Nord Est,centroid,,0.272,1.555
46,educ_187,Marsa,La Marsa,725,Tunis Banlieue,Tunis Banlieue,Tunis,,36.894009,10.312697,Google Maps,,1,la marsa,1171,La Marsa,Tunis,Nord Est,name_and_centroid,1.0000,1.013,3.161
47,educ_188,Masdour,Masdour,726,,,,,35.680924,10.728863,Google Maps,,1,masdour,3252,Ouerdanine,Monastir,Centre Est,centroid,,5.501,0.528
48,educ_189,Massicault (Borj-el-Amri),Massicault (Borj-el-Amri),727,,,Tunis,,36.713153,9.8835,Google Maps,,1,massicault borj el amri,1455,Borj Amri,Mannouba,Nord Est,centroid,,5.062,7.652
49,educ_19,Béja,Béja,86,Béja,Béja,Béja,,36.7250612934603,9.18327240560908,Google Maps,,1,beja,2152,Béja Sud,Béja,Nord Ouest,centroid,,7.324,3.667
50,educ_190,Mateur,Mateur,729,,Mateur,Bizerte,,37.038887,9.664764,Google Maps,,1,mateur,1756,Mateur,Bizerte,Nord Est,name_and_centroid,1.0000,4.484,11.618
51,educ_192,Maxula-Rades,Maxula-Rades,731,,,,,36.771457,10.280813,Google Maps,,1,maxula rades,1358,Radès,Ben Arous,Nord Est,centroid,,0.000,3.810
52,educ_193,Medjez-elBab,Medjez-El-Bab,735,Medjez-el-Bab,Medjez-el-Bab,Medjez-el-Bab,,36.647829,9.612908,Google Maps,,1,medjez el bab,2159,Medjez El Bab,Béja,Nord Ouest,name_and_centroid,1.0000,7.104,6.173
53,educ_195,Megrine,Megrine,739,,,,,36.769903,10.232833,Google Maps,,1,megrine,1359,Megrine,Ben Arous,Nord Est,name_and_centroid,1.0000,0.355,1.798
54,educ_197,Meheri-Zehbeus,Meheri-Zehbeus,741,,,Gafsa,,34.678734,9.593478,Google Maps,,1,meheri zehbeus,4358,Meknassy,Sidi Bouzid,Centre Ouest,centroid,,4.810,14.355
55,educ_20,Bekalta,Bekalta,88,,,,,35.615685,10.990684,Google Maps,,1,bekalta,3259,Bekalta,Monastir,Centre Est,name_and_centroid,1.0000,0.504,3.185
56,educ_201,Menzel-Djemil,Menzel-Djemil,759,Bizerte,Bizerte,Bizerte,,37.237477,9.916086,Google Maps,,1,menzel djemil,1762,Menzel Djemil,Bizerte,Nord Est,name_and_centroid,1.0000,2.750,1.124
57,educ_211,Michaud,Michaud,786,,,,,37.063356,9.597683,Google Maps,,1,michaud,1756,Mateur,Bizerte,Nord Est,centroid,,8.613,2.543
58,educ_212,Moghrane,Moghrane,794,,,Zaghouan,,36.4221103901326,10.0904015798556,Google Maps,Mograne.,1,moghrane,1651,Zaghouan,Zaghouan,Nord Est,centroid,,5.291,10.364
59,educ_213,Moknine,Moknine,796,Monastir,Monastir,Sousse,,35.62915752625,10.8997464194273,Google Maps,,1,moknine,3258,Moknine,Monastir,Centre Est,name_and_centroid,1.0000,0.017,1.931
60,educ_214,Monastir,Monastir,797,Monastir,Monastir,Sousse,,35.7693905804844,10.8195665940049,Google Maps,,1,monastir,3251,Monastir,Monastir,Centre Est,name_and_centroid,1.0000,1.248,7.266
61,educ_217,Msaken,Msaken,809,,,Sousse,,35.725724,10.580434,Google Maps,,1,msaken,3164,M’saken,Sousse,Centre Est,name_and_centroid,1.0000,0.206,6.910
62,educ_218,Munchar,El-Munchar,810,,,,,36.72956,9.316515,Google Maps,,1,el munchar,2151,Béja Nord,Béja,Nord Ouest,centroid,,11.939,1.880
63,educ_219,Nabeul,Nabeul,811,Nabeul,Nabeul,Grombalia,,36.4512808841432,10.735593849038,Google Maps,,1,nabeul,1551,Nabeul,Nabeul,Nord Est,name_and_centroid,1.0000,0.018,1.948
64,educ_22,Belli,Belli,91,,,,,36.567494,10.554707,Google Maps,,1,belli,1565,Bou Argoub,Nabeul,Nord Est,centroid,,4.109,5.584
65,educ_221,Nebeur,Nebeur,818,,,Kef,,36.298741,8.768777,Google Maps,,1,nebeur,2353,Nebeur,Kef,Nord Ouest,name_and_centroid,1.0000,4.027,11.111
66,educ_227,Oued-Zerga,Oued-Zarga,850,,,,,36.666128,9.441974,Google Maps,,1,oued zarga,2157,Testour,Béja,Nord Ouest,centroid,,7.482,8.308
67,educ_229,Ourdiane,Ourdiane,978,,,,,,,,,,ourdiane,,,,,unresolved,,,
68,educ_233,Pont-du Fahs,Pont du Fahs,984,,,Zaghouan,,36.375261,9.906328,Google Maps,,1,pont du fahs,1654,El Fahs,Zaghouan,Nord Est,centroid,,0.354,15.755
69,educ_235,Potinville,Bordj-Cédria,142,,,,,36.695423,10.387659,Google Maps,,1,bordj cedria,1355,Hammam Chôtt,Ben Arous,Nord Est,centroid,,2.628,3.355
70,educ_242,Reyville,Reyville,1007,,,,,36.282834,10.475758,Geonames,,1,reyville,3161,Bouficha,Sousse,Centre Est,centroid,,2.902,15.424
72,educ_247,Saint-Germain,Saint-Germain,1023,,,Tunis,,36.74594,10.3078,Google Maps,"Maintenant appelé Ez Zhara. Dans les années 1950, il y avait une école primaire, un casino et proximité avec la plage.",1,saint germain,1357,Ezzahra,Ben Arous,Nord Est,centroid,,0.125,2.319
73,educ_25,Ben-Attar,Ben-Attar,98,,,,,,,,,,ben attar,,,,,unresolved,,,
74,educ_251,Sakiet-Mine,Sakiet-Mine,1027,,,,,36.221203,8.358202,Google Maps,Sakiet Sidi Youssef (mines).,1,sakiet mine,2354,Sakiet Sidi Youssef,Kef,Nord Ouest,centroid,,8.127,16.990
75,educ_253,Salammbo,Salammbo,1029,,,,,36.838061,10.320945,Google Maps,,1,salammbo,1170,Le Kram,Tunis,Nord Est,centroid,,0.685,1.454
76,educ_256,Sebbala-du-Mornag,Sebbala-du-Mornag,1038,,,,,36.67931,10.29195,Geonames,,1,sebbala du mornag,1362,Mornag,Ben Arous,Nord Est,centroid,,0.263,4.830
77,educ_258,Sekarna,Sekarna,1046,,,,,,,,,,sekarna,,,,,unresolved,,,
78,educ_259,Sened,Sened,1053,Gafsa,Gafsa,Gafsa,,34.540061,9.254983,Google Maps,,1,sened,6161,Sned,Gafsa,Sud Ouest,centroid,,0.301,15.884
79,educ_26,Ben-Gardane,Ben-Gardane,100,,,,,33.1398106305503,11.2162781205863,Google Maps,,1,ben gardane,5254,Ben Guerdane,Medenine,Sud Est,centroid,,0.091,39.839
80,educ_262,Sfax,Sfax,1056,,,,,34.73309867816,10.7583704515768,Google Maps,,1,sfax,3451,Sfax Ville,Sfax,Centre Est,centroid,,0.822,0.760
81,educ_265,Sidi-Abbes,Sidi-Abbes,1058,,,,,34.76094,10.73096,Google Maps,,1,sidi abbes,3455,Sfax Sud,Sfax,Centre Est,centroid,,2.590,0.356
82,educ_27,Beni-Khalled,Beni-Khalled,106,,,,,36.647836,10.591507,Google Maps,,1,beni khalled,1563,Beni Khalled,Nabeul,Nord Est,name_and_centroid,1.0000,0.198,3.762
83,educ_271,Sidi-bou-Aouane,Sidi-Bou-Aouane,1074,,,,,36.69299,9.00924,Google Maps,,1,sidi bou aouane,2259,Balta - Bou Aouane,Jendouba,Nord Ouest,centroid,,8.101,5.120
84,educ_272,Sidi-Bou-Said,Sidi-Bou-Said,1078,,,,,36.870357,10.34204,Google Maps,,1,sidi bou said,1151,Carthage,Tunis,Nord Est,centroid,,2.246,0.860
85,educ_28,Beni-Khiar,Beni-Khiar,107,,,,,36.459844,10.783682,Google Maps,,1,beni khiar,1553,Beni Khiar,Nabeul,Nord Est,name_and_centroid,1.0000,0.460,2.766
86,educ_280,Smala-dEl-Souassi,Smala-des-Souassi,1111,,,,,35.35083,10.54525,Google Maps,,1,smala des souassi,3356,Essouassi,Mahdia,Centre Est,centroid,,0.766,15.167
87,educ_283,Souk El-Arba,Souk El-Arba (Jendouba),1117,,,,,36.4969326358885,8.77643419432405,Google Maps,,1,souk el arba jendouba,2251,Jendouba,Jendouba,Nord Ouest,centroid,,5.119,2.809
88,educ_284,Souk El-Khemis,Souk El-Khemis (Bou Salem),1118,,,,,36.6075297328957,8.96956890839965,Google Maps,,1,souk el khemis bou salem,2253,Bou Salem,Jendouba,Nord Ouest,centroid,,4.138,7.615
89,educ_286,Sousse,Sousse,1124,Sousse,Sousse,Sousse,,35.8246122656788,10.6351825862153,Google Maps,,1,sousse,3151,Sousse Medina,Sousse,Centre Est,centroid,,0.410,0.660
90,educ_289,Teboulba,Teboulba,1145,,,Sousse,,35.641863053178,10.9658633597544,Google Maps,,1,teboulba,3260,Teboulba,Monastir,Centre Est,name_and_centroid,1.0000,0.021,3.510
91,educ_29,Besbessia,Besbessia,118,,,,,36.398653,10.526932,Google Maps,,1,besbessia,1566,Hammamet,Nabeul,Nord Est,centroid,,7.705,4.895
92,educ_292,Teboursouk,Téboursouk,1148,Téboursouk,Téboursouk,Téboursouk,,36.4578701666472,9.24907540240675,Google Maps,,1,teboursouk,2155,Teboursouk,Béja,Nord Ouest,name_and_centroid,1.0000,2.192,12.375
93,educ_294,Thala,Thala,1156,,,,,35.583106,8.666934,Google Maps,,1,thala,4259,Thala,Kasserine,Centre Ouest,name_and_centroid,1.0000,0.817,10.204
94,educ_296,Touireuf,Touireuf,1164,,,,,36.339293,8.581352,Google Maps,,1,touireuf,2258,Oued Meliz,Jendouba,Nord Ouest,centroid,,14.730,1.307
95,educ_297,Toukabeur,Toukabeur,1165,,,,,36.708481,9.520848,Google Maps,,1,toukabeur,2159,Medjez El Bab,Béja,Nord Ouest,centroid,,7.936,6.614
96,educ_298,Tozeur,Tozeur,1167,,,,,33.918534,8.122933,Google Maps,,1,tozeur,6251,Tozeur,Tozeur,Sud Ouest,name_and_centroid,1.0000,0.972,11.769
97,educ_3,Ain El-Asker,Aïn-El-Asker,17,,,,,36.573955,9.993222,Google Maps,Ain el Asker.,1,ain el asker,1653,Bir Mchergua,Zaghouan,Nord Est,centroid,,7.332,10.969
98,educ_30,Bir Mcherga,Bir-Mcherga,123,,,,,36.516241,9.95827,Google Maps,,1,bir mcherga,1653,Bir Mchergua,Zaghouan,Nord Est,centroid,,0.215,16.398
99,educ_302,Utique,Utique,1177,,,Bizerte,,37.05038,9.97594,Geonames,,1,utique,1760,Utique,Bizerte,Nord Est,name_and_centroid,1.0000,3.335,9.483
100,educ_303,Villejacques,Villejacques,1178,,,Tunis,,36.863058,10.111336,Google Maps,,1,villejacques,1257,El Mnihla,Ariana,Nord Est,centroid,,1.611,1.829
101,educ_304,Zaghouan,Zaghouan,1182,,,,,36.4031395193389,10.1420536107131,Google Maps,,1,zaghouan,1651,Zaghouan,Zaghouan,Nord Est,name_and_centroid,1.0000,0.259,15.787
102,educ_306,Zarzis,Zarzis,1191,,,,,33.5033032662621,11.1109307269972,Google Maps,,1,zarzis,5255,Zarzis,Medenine,Sud Est,name_and_centroid,1.0000,0.497,31.506
103,educ_31,Bir M'roua,Bir-M'roua,124,,,,,36.793189,10.625039,Google Maps,,1,bir mroua,1560,Takelsa,Nabeul,Nord Est,centroid,,0.088,12.659
104,educ_32,Bir Touil,Bir-Touil,125,,,,,36.687055,9.843434,Google Maps,,1,bir touil,1455,Borj Amri,Mannouba,Nord Est,centroid,,4.692,10.607
105,educ_33,Bir-bou-Rekba,Bir-Bou-Rekba,126,,,,,36.429586,10.574679,Google Maps,,1,bir bou rekba,1566,Hammamet,Nabeul,Nord Est,centroid,,4.320,7.059
106,educ_34,Bir-Chaaba,Bir-Chaaba,127,,,,,,,,,,bir chaaba,,,,,unresolved,,,
107,educ_35,Bir-Halima,Bir-Halima,131,,,Zaghouan,,36.395754,10.04325,Google Maps,,1,bir halima,1651,Zaghouan,Zaghouan,Nord Est,centroid,,8.987,3.767
108,educ_36,Birine,Birine,132,,,,,36.717609,10.107189,Google Maps,,1,birine,1164,Sidi Hassine,Tunis,Nord Est,centroid,,5.320,0.635
109,educ_37,Bizerte,Bizerte,140,,,,,37.274767,9.863165,Google Maps,,1,bizerte,1752,Zarzouna,Bizerte,Nord Est,centroid,,2.371,2.276
110,educ_39,Bou-Arada,Bou-Arada,156,,,,,36.351026,9.624131,Google Maps,,1,bou arada,2453,Bou Arada,Siliana,Nord Ouest,name_and_centroid,1.0000,0.004,15.733
111,educ_40,Bou-Arkoub,Bou-Argoub,157,,,,,36.530964,10.551338,Google Maps,,1,bou argoub,1565,Bou Argoub,Nabeul,Nord Est,name_and_centroid,1.0000,0.108,12.900
112,educ_41,Bou-Ficha,Bou-Ficha,164,,,,,36.299035,10.453706,Google Maps,,1,bou ficha,3161,Bouficha,Sousse,Centre Est,centroid,,0.306,16.423
113,educ_42,Bou-Jaber,Bou-Jaber,168,,,,,35.741712,8.299264,Google Maps,,1,bou jaber,2356,Kalaat Snan,Kef,Nord Ouest,centroid,,4.848,18.822
114,educ_44,Bou-Thadi,Bou-Thadi,178,,,,,35.098354,10.269289,Google Maps,,1,bou thadi,3355,Hebira,Mahdia,Centre Est,centroid,,8.130,8.872
115,educ_46,Carthage,Carthage,186,,,,,36.850797,10.330343,Google Maps,,1,carthage,1151,Carthage,Tunis,Nord Est,name_and_centroid,1.0000,0.986,1.337
116,educ_47,Chahal,Chaal,189,,,,,34.557985,10.310195,Google Maps,À priori Chaal.,3,chaal,3462,Ghraiba,Sfax,Centre Est,centroid,,11.290,6.296
117,educ_49,Chebaou,Chebaou,201,,,,,36.844812,10.03241,Google Maps,,1,chebaou,1453,Oued Ellil,Mannouba,Nord Est,centroid,,0.831,5.169
118,educ_50,Chebba,Chebba,202,,,,,35.23369,11.110785,Google Maps,,1,chebba,3358,Chebba,Mahdia,Centre Est,name_and_centroid,1.0000,0.000,10.107
119,educ_52,Chuiggui,Chouigui,220,,,,,36.8789035454845,9.80268817896235,Google Maps,,1,chouigui,1457,Tebourba,Mannouba,Nord Est,centroid,,6.092,4.766
120,educ_53,Creteville,Creteville,223,,,Tunis,,36.66188,10.32442,Geonames,,1,creteville,1362,Mornag,Ben Arous,Nord Est,centroid,,3.734,3.272
121,educ_55,De Carnieres,De Carnieres,232,,,Bizerte,,36.952127,9.984937,Geonames,,1,de carnieres,1255,Sidi Thabet,Ariana,Nord Est,centroid,,7.143,3.318
122,educ_57,Depienne,Depienne,240,,,,,36.456393,10.024742,Google Maps,Sminja.,1,depienne,1653,Bir Mchergua,Zaghouan,Nord Est,centroid,,8.779,3.476
123,educ_58,Djebel-Abiod,Djebel-Abiod,248,,,,,36.9749257194446,9.07494146384493,Google Maps,Ancien nom de Nefza.,1,djebel abiod,2154,Nefza,Béja,Nord Ouest,centroid,,2.100,16.532
124,educ_59,Djebel-Hallouf,Djebel-Hallouf,255,,,,,36.73333,8.91667,Mindat,Plusieurs lieux portent le même nom. Choix d’une mine où il y avait une mine française pendant la période coloniale.,3,djebel hallouf,2259,Balta - Bou Aouane,Jendouba,Nord Ouest,centroid,,3.098,10.883
125,educ_6,Akouda,Akouda,36,,,,,35.8731356324848,10.565715689794,Google Maps,,1,akouda,3156,Akouda,Sousse,Centre Est,name_and_centroid,1.0000,0.923,1.870
126,educ_60,Djebel-Mdilla,Djebel-Mdilla,258,,,Gafsa,,34.287598,8.749657,Google Maps,,1,djebel mdilla,6158,Mdhila,Gafsa,Sud Ouest,centroid,,0.538,12.670
127,educ_61,Djebel-Trozza,Djebel-Trozza,261,,,,,35.542355,9.580693,Google Maps,,1,djebel trozza,4157,El Alaa,Kairouan,Centre Ouest,centroid,,8.174,5.242
128,educ_64,Djemmal,Jemmel,619,Monastir,Monastir,Sousse,,35.622038,10.771803,Google Maps,,1,jemmel,3256,Jammel,Monastir,Centre Est,centroid,,1.223,5.226
129,educ_7,Alia,El-Alia,317,,,,,37.171665,10.03251,Google Maps,,1,el alia,1763,El Alia,Bizerte,Nord Est,name_and_centroid,1.0000,3.874,2.683
130,educ_74,Djerba Melita,Melita,1243,,,,,33.86279,10.800583,Google Maps,,1,melita,5256,Djerba Houmet Souk,Medenine,Sud Est,centroid,,5.487,9.826
131,educ_77,Djerissa,Djerissa,276,,,Kef,,35.84663,8.63531,Google Maps,,1,djerissa,2358,Djerissa,Kef,Nord Ouest,name_and_centroid,1.0000,1.994,6.885
132,educ_78,Djouggar,Djouggar,281,,,,,36.2672503111265,9.94300807639639,Google Maps,Jougar.,1,djouggar,1654,El Fahs,Zaghouan,Nord Est,centroid,,12.291,8.533
133,educ_79,Douaria,Douaria,282,,,,,37.039625,9.21063,Google Maps,Mine. Localisation d’après la carte des mines de 1922 (Wikipedia: https://upload.wikimedia.org/wikipedia/commons/4/40/Tunisie_mines_1922.jpg).,1,douaria,1754,Sedjnane,Bizerte,Nord Est,centroid,,13.145,0.147
134,educ_8,Aousdja,Aousdja,49,Bizerte,Bizerte,Bizerte,,37.14169,10.101721,Google Maps,,1,aousdja,1761,Ghar El Meleh,Bizerte,Nord Est,centroid,,3.024,5.200
135,educ_80,Douz,Douz,289,Nefzaoua,Nefzaoua,Kebili,,33.4571656103363,9.02502023425873,Google Maps,,1,douz,6354,Douz Nord,Kébili,Sud Ouest,centroid,,0.628,0.000
136,educ_81,Dra ben Djouder,Draa Ben Djouder,290,,,,,36.273409,10.020848,Google Maps,,1,draa ben djouder,1656,Saouaf,Zaghouan,Nord Est,centroid,,14.506,0.776
137,educ_82,Dubosville,Dubosville,295,,,,,36.7800456445957,10.1923712831916,Google Maps,,1,dubosville,1165,El Ouardia,Tunis,Nord Est,centroid,,1.367,0.364
138,educ_83,Ebba-Ksour,Ebba-Ksour,297,Le Kef,Kef,Kef,,35.946201894084,8.83074324008434,Google Maps,Ebba Ksoui.,1,ebba ksour,2360,Dahmani,Kef,Nord Ouest,centroid,,0.076,7.525
139,educ_84,Eddekhila,Eddekhila,299,,,Tunis,,36.86343,9.710727,Google Maps,,1,eddekhila,1458,El Battane,Mannouba,Nord Est,centroid,,7.877,3.965
140,educ_86,El-Aouareb,Haouareb,1230,,,,,35.5684557913378,9.77034732578002,Google Maps,,1,haouareb,4156,Haffouz,Kairouan,Centre Ouest,centroid,,11.287,3.855
141,educ_87,El-Aouina,El-Aouina,326,,,Tunis,,36.853093,10.257077,Google Maps,,1,el aouina,1252,Soukra,Ariana,Nord Est,centroid,,2.924,2.774
142,educ_89,El-Aroussa,El-Aroussa,335,,,Medjez-el-Bab,,36.376872,9.452703,Google Maps,Siliana.,1,el aroussa,2461,El Aroussa,Siliana,Nord Ouest,name_and_centroid,1.0000,0.252,12.697
143,educ_9,Ariana,Ariana,52,,,,,36.858639,10.187773,Google Maps,,1,ariana,1158,El Menzah,Tunis,Nord Est,centroid,,2.509,0.543
144,educ_90,El-Azib,El-Azib,343,,,,,37.201677,9.95,Google Maps,,1,el azib,1762,Menzel Djemil,Bizerte,Nord Est,centroid,,2.503,2.583
145,educ_92,El-Guetar,El-Guetar,388,Gafsa,Gafsa,Gafsa,,34.339324,8.950145,Google Maps,,1,el guetar,6159,El Guetar,Gafsa,Sud Ouest,name_and_centroid,1.0000,0.097,14.750
146,educ_93,El-Imma du Djerid,El-Imma du Djerid,416,,,,,33.997919,8.165588,Google Maps,,1,el imma du djerid,6252,Degach,Tozeur,Sud Ouest,centroid,,5.835,3.091
147,educ_96,El-Alem,El-Alem,316,Kairouan,Kairouan,Kairouan,,35.909873,10.057267,Google Maps,,1,el alem,4154,Sbikha,Kairouan,Centre Ouest,centroid,,4.027,17.950
148,educ_97,El-Djem,El-Jem,418,,,,,35.2964650075559,10.7068982120322,Google Maps,,1,el jem,3357,El Djem,Mahdia,Centre Est,centroid,,0.118,15.162
149,pop_eur_10,El-Ghelia (Graïba),El-Ghelia (Graïba),368,,,Béja,,,,,,,el ghelia graiba,,,Béja,Nord Ouest,hist_unit_governorate,,,
150,pop_eur_102,Oued-Melah,Oued-Melah,840,,,Gabès,,,,,,,oued melah,,,Gabès,Sud Est,hist_unit_governorate,,,
151,pop_eur_105,Territoires non érigés en communes,,1228,,,Gabès,,,,,,,,,,Gabès,Sud Est,hist_unit_governorate,,,
152,pop_eur_108,Aghir,Aghir,7,,,Djerba,,33.763479,11.017629,Google Maps,,1,aghir,5257,Djerba Midoun,Medenine,Sud Est,centroid,,9.293,10.087
153,pop_eur_11,Khanguet-Kef-Tout (mine),Khanguet-Kef-Tout,644,,,Béja,,36.9,9.11667,Geonames,,1,khanguet kef tout,2154,Nefza,Béja,Nord Ouest,centroid,,11.129,0.932
154,pop_eur_110,Barbouk,Barbouk,70,,,Djerba,,33.853809,10.854063,Google Maps,Barkouk.,1,barbouk,5256,Djerba Houmet Souk,Medenine,Sud Est,centroid,,2.560,11.095
155,pop_eur_111,Bordj-Djellidj,Bordj-Djellidj,144,,,Djerba,,33.886893,10.746657,Google Maps,,1,bordj djellidj,5256,Djerba Houmet Souk,Medenine,Sud Est,centroid,,10.296,7.216
156,pop_eur_112,El-Kantara,El-Kantara,421,,,Djerba,,33.684519,10.918133,Google Maps,,1,el kantara,5257,Djerba Midoun,Medenine,Sud Est,centroid,,6.557,9.036
157,pop_eur_115,Oued-Zebib,Oued-Zebib,848,,,Djerba,,33.782558,10.836434,Google Maps,Oued Zbib.,1,oued zebib,5257,Djerba Midoun,Medenine,Sud Est,centroid,,8.826,0.498
158,pop_eur_118,Taguermest,Taguermest,1129,,,Djerba,,33.812608,11.032004,Google Maps,Taguermess.,1,taguermest,5257,Djerba Midoun,Medenine,Sud Est,centroid,,12.876,4.701
159,pop_eur_12,Kedâa (Ksar Mezouar-Rouiguiba),Kedâa (Ksar Mezouar-Rouiguiba),634,,,Béja,,36.82404,9.3287,Geonames,Ksar Mezouar.,1,kedaa ksar mezouar rouiguiba,2151,Béja Nord,Béja,Nord Ouest,centroid,,8.387,2.034
160,pop_eur_121,Arkou,Arkou,53,,,Djerba,,33.783663,11.019857,Geonames,,1,arkou,5257,Djerba Midoun,Medenine,Sud Est,centroid,,10.247,7.928
161,pop_eur_122,Gafsa (commune),Gafsa,541,Gafsa,Gafsa,Gafsa,,34.423705,8.782501,Google Maps,,1,gafsa,6151,Gafsa Nord,Gafsa,Sud Ouest,centroid,,0.111,0.000
162,pop_eur_124,Zanouch,Zanouch,1185,,,Gafsa,,34.46951,9.051721,Google Maps,,1,zanouch,6159,El Guetar,Gafsa,Sud Ouest,centroid,,17.201,2.714
163,pop_eur_125,Henchir-Souatir et Aïn-Moularès,Aïn-Moularès,26,,,Gafsa,,34.488889,8.271315,Google Maps,,1,ain moulares,6155,Oum El Araies,Gafsa,Sud Ouest,centroid,,0.327,14.910
164,pop_eur_125,Henchir-Souatir et Aïn-Moularès,Henchir-Souatir,597,,,Gafsa,,34.53262,8.3714,Geonames,,1,henchir souatir,6155,Oum El Araies,Gafsa,Sud Ouest,centroid,,10.134,14.080
165,pop_eur_126,Maknassy,Maknassy,719,,,Gafsa,,34.606659,9.607053,Google Maps,,1,maknassy,4358,Meknassy,Sidi Bouzid,Centre Ouest,centroid,,3.615,13.216
166,pop_eur_127,Metlaoui,Metlaoui,781,,,Gafsa,,34.326044,8.40181,Google Maps,,1,metlaoui,6157,Metlaoui,Gafsa,Sud Ouest,name_and_centroid,1.0000,1.124,20.297
167,pop_eur_128,Redeyef,Redeyef,1003,,,Gafsa,,34.38193,8.14707,Google Maps,,1,redeyef,6156,Redeyef,Gafsa,Sud Ouest,name_and_centroid,1.0000,1.371,15.222
168,pop_eur_130,Ras-el-Aïoun et Tabedit,Ras El-Aïoun,996,,,Gafsa,,34.427623,8.289105,Google Maps,El Ayoun (station à Tabeddit).,1,ras el aioun,6155,Oum El Araies,Gafsa,Sud Ouest,centroid,,6.829,5.761
169,pop_eur_130,Ras-el-Aïoun et Tabedit,Tabedit,1126,,,Gafsa,,34.435838,8.259622,Google Maps,"E.P. OUED JEMEL ERDAIEF TABDIT - (Instance Supérieure pour les Élections (ISIE), Annuaire des centres de votes, 2022).",1,tabedit,6155,Oum El Araies,Gafsa,Sud Ouest,centroid,,5.951,4.625
170,pop_eur_132,Maghroun,Maghroun,709,,,Gafsa,,34.32494,8.39608,Geonames,,1,maghroun,6157,Metlaoui,Gafsa,Sud Ouest,centroid,,1.130,20.114
171,pop_eur_133,Sidi-bou-Zid,Sidi-Bouzid,1079,,,Gafsa,,35.0356729310449,9.48608998863544,Google Maps,,1,sidi bouzid,4351,Sidi Bouzid Ouest,Sidi Bouzid,Centre Ouest,centroid,,0.832,0.000
172,pop_eur_134,Sebbala-Lessouda,Sebbala-Lessouda,1039,,,Gafsa,,,,,,,sebbala lessouda,,,Gafsa,Sud Ouest,hist_unit_governorate,,,
173,pop_eur_136,Faïd,Faïd,508,,,Gafsa,,35.057428,9.653148,Google Maps,,1,faid,4351,Sidi Bouzid Ouest,Sidi Bouzid,Centre Ouest,centroid,,14.611,0.000
174,pop_eur_137,Maisonnettes isolées du chemin de fer,Maisonnettes isolées du chemin de fer,1237,,,Gafsa,,,,,,,maisonnettes isolees du chemin de fer,,,Gafsa,Sud Ouest,hist_unit_governorate,,,
175,pop_eur_139,Oum El-Ksar et Sidi-Boubaker,Oum El-Ksar,973,,,Gafsa,,,,,,,oum el ksar,,,Gafsa,Sud Ouest,hist_unit_governorate,,,
176,pop_eur_139,Oum El-Ksar et Sidi-Boubaker,Sidi-Boubaker,1075,,,Gafsa,,34.666411,8.462101,Google Maps,,1,sidi boubaker,4263,Majel Bel Abbes,Kasserine,Centre Ouest,centroid,,10.775,15.395
177,pop_eur_14,Nefzas (campagne) et Sidi-Ahmed (mine),Sidi-Ahmed,1062,,,Béja,,36.942036,9.11982,Geonames,Djebel Sidi Ahmed.,1,sidi ahmed,2154,Nefza,Béja,Nord Ouest,centroid,,7.129,9.152
178,pop_eur_140,Djebel-M'dilla et Djebel-Ank,Djebel-Ank,250,,,Gafsa,,34.33333,9.06667,Geonames,Djebel el Ank.,1,djebel ank,6159,El Guetar,Gafsa,Sud Ouest,centroid,,10.794,14.286
179,pop_eur_142,El-Hamma,El-Hamma du Djerid,402,Djerid,Djerid,Tozeur,,33.9974860897746,8.17062268988454,Google Maps,,1,el hamma du djerid,6252,Degach,Tozeur,Sud Ouest,centroid,,5.369,3.682
180,pop_eur_143,Deggache,Degache,233,,,Tozeur,,33.9880067188828,8.22202793871273,Google Maps,,1,degache,6252,Degach,Tozeur,Sud Ouest,centroid,,0.791,10.214
181,pop_eur_144,Nefta (commune),Nefta,820,,,Tozeur,,33.871243,7.879161,Google Maps,,1,nefta,6254,Nefta,Tozeur,Sud Ouest,name_and_centroid,1.0000,0.036,23.985
182,pop_eur_147,Khanguet-Semech,Khanguet-Semech,645,,,Grombalia,,36.624396,10.460424,Google Maps,"Khanguet, mosquée de Samech, école primaire de Samech.",1,khanguet semech,1564,Grombalia,Nabeul,Nord Est,centroid,,3.572,4.633
183,pop_eur_149,Khanguet-el-Hadjadj,Khanguet-El-Hadjadj,643,,,Grombalia,,36.617603,10.406839,Google Maps,Khanguet El Hojjej.,1,khanguet el hadjadj,1564,Grombalia,Nabeul,Nord Est,centroid,,3.073,8.126
184,pop_eur_15,Nefzas (chantier des),Nefza,821,,,Béja,,36.9865440869283,9.07963103225535,Google Maps,,1,nefza,2154,Nefza,Béja,Nord Ouest,name_and_centroid,1.0000,1.039,18.932
185,pop_eur_152,Zayana et Mesratia,Mesratya,772,,,Grombalia,,36.680301,10.436437,Google Maps,"Mouusratia, autour de la gare de Fondouk Djedid (https://gallica.bnf.fr/ark:/12148/bpt6k579515z).",1,mesratya,1561,Soliman,Nabeul,Nord Est,centroid,,5.186,1.871
186,pop_eur_152,Zayana et Mesratia,Zayana,1193,,,Grombalia,,36.662541,10.451164,Google Maps,"E.P. ZAYANA (Instance Supérieure pour les Élections (ISIE), Annuaire des centres de votes, 2022).",1,zayana,1561,Soliman,Nabeul,Nord Est,centroid,,5.038,2.038
187,pop_eur_153,Fondouk-Djedid,Fondouk-Djedid,528,,,Grombalia,,36.65455,10.452888,Google Maps,,1,fondouk djedid,1561,Soliman,Nabeul,Nord Est,centroid,,5.588,0.666
188,pop_eur_154,Camp-Servière,Camp Serviere,183,,,Grombalia,,36.64639,10.44278,Geonames,,1,camp serviere,1564,Grombalia,Nabeul,Nord Est,centroid,,5.174,1.685
189,pop_eur_157,"Belli, Turki, Henchir Gouiss",Henchir Gouiss,593,,,Grombalia,,36.568942,10.553613,Google Maps,Belli.,1,henchir gouiss,1565,Bou Argoub,Nabeul,Nord Est,centroid,,4.266,5.311
190,pop_eur_157,"Belli, Turki, Henchir Gouiss",Turki,1176,,,Grombalia,,36.575238,10.514759,Google Maps,,1,turki,1565,Bou Argoub,Nabeul,Nord Est,centroid,,5.992,1.744
191,pop_eur_159,Kouba-Kebira,Kouba-Kebira,660,,,Grombalia,,36.60228,10.58419,Geonames,Kobba El Kebira.,1,kouba kebira,1563,Beni Khalled,Nabeul,Nord Est,centroid,,5.296,3.157
192,pop_eur_160,Korbous,Korbous,659,,,Grombalia,,36.816613,10.568155,Google Maps,,1,korbous,1560,Takelsa,Nabeul,Nord Est,centroid,,5.741,9.155
193,pop_eur_161,Batrou,Batrou,76,,,Grombalia,,36.582676,10.570701,Google Maps,Mosquai batrou.,1,batrou,1565,Bou Argoub,Nabeul,Nord Est,centroid,,6.014,1.648
194,pop_eur_164,Henchir Soltane,Henchir Soltane,596,,,Grombalia,,,,,,,henchir soltane,1564,Grombalia,Nabeul,Nord Est,hist_unit_delegation,,,
195,pop_eur_17,Sidi-Zehili (chantiers),Sidi-Zehlil,1103,,,Béja,,36.6173,9.12959,Geonames,,1,sidi zehlil,2152,Béja Sud,Béja,Nord Ouest,centroid,,7.004,5.327
196,pop_eur_170,Menzel-Horr et Lebna (région),Lebna,691,,,Grombalia,,36.702921,10.94287,Google Maps,,1,lebna,1555,Menzel Temime,Nabeul,Nord Est,centroid,,9.764,0.141
197,pop_eur_172,Beni-Khalled et Bir-Drassen,Bir-Drassen,128,,,Grombalia,,36.615704,10.714036,Google Maps,,1,bir drassen,1563,Beni Khalled,Nabeul,Nord Est,centroid,,11.532,2.141
198,pop_eur_173,Bou-Cherik et Henchir-Magra,Bou-Cherik,160,,,Grombalia,,36.621439,10.546103,Google Maps,,1,bou cherik,1563,Beni Khalled,Nabeul,Nord Est,centroid,,5.126,2.518
199,pop_eur_173,Bou-Cherik et Henchir-Magra,Henchir Magra,594,,,Grombalia,,36.621439,10.546103,Google Maps,Boucherik.,1,henchir magra,1563,Beni Khalled,Nabeul,Nord Est,centroid,,5.126,2.518
200,pop_eur_176,Bou-Jerida,Bou-Jerida,169,,,Grombalia,,36.604029,10.757885,Google Maps,Boujrida.,1,bou jerida,1554,Korba,Nabeul,Nord Est,centroid,,9.559,5.654
201,pop_eur_178,"Sidi-Daoud, Cap Bon, Haouaria, etc",Haouaria,580,,,Grombalia,,37.0497825586771,11.0115295196622,Google Maps,Sidi Daouad (port).,1,haouaria,1559,El Haouaria,Nabeul,Nord Est,centroid,,0.071,21.046
202,pop_eur_178,"Sidi-Daoud, Cap Bon, Haouaria, etc",Sidi-Daouad,1081,,,Grombalia,,37.0214438157149,10.9135237484295,Google Maps,,1,sidi daouad,1559,El Haouaria,Nabeul,Nord Est,centroid,,9.305,14.343
203,pop_eur_179,"Hammna, Djedidi (mine)","Hammna, Djedidi (mine)",578,,,Grombalia,,36.39452,10.381896,Google Maps,Hammam Bent Djedidi.,1,hammna djedidi mine,3161,Bouficha,Sousse,Centre Est,centroid,,12.116,2.656
204,pop_eur_18,El-Aouaria et Aïn-Zebda,Aïn-Zebda,32,,,Béja,,,,,,,ain zebda,,,Béja,Nord Ouest,hist_unit_governorate,,,
205,pop_eur_18,El-Aouaria et Aïn-Zebda,El-Aouaria,323,,,Béja,,,,,,,el aouaria,1559,El Haouaria,Nabeul,Nord Est,name_fuzzy,0.9524,,
206,pop_eur_184,"Pavillier, Sidi-Ali-ben-Nasr Allah et Rechine",Nasrallah,814,,,Kairouan,,35.35678,9.829333,Google Maps,,1,nasrallah,4159,Nasrallah,Kairouan,Centre Ouest,name_and_centroid,1.0000,0.459,19.988
207,pop_eur_184,"Pavillier, Sidi-Ali-ben-Nasr Allah et Rechine",Pavillier,982,,,Kairouan,,35.42488,9.85464,Geonames,,1,pavillier,4159,Nasrallah,Kairouan,Centre Ouest,centroid,,8.355,9.586
208,pop_eur_184,"Pavillier, Sidi-Ali-ben-Nasr Allah et Rechine",Rechine,1002,,,Kairouan,,,,,,,rechine,,,Kairouan,Centre Ouest,hist_unit_governorate,,,
209,pop_eur_185,Pichon,Pichon,983,,,Kairouan,,35.633494,9.677498,Geonames,Haffouz.,1,pichon,4156,Haffouz,Kairouan,Centre Ouest,centroid,,0.227,10.353
210,pop_eur_187,Hadjeb-el-Aïoun (banlieue),Hadjeb El Aioun,566,,,Kairouan,,35.393639,9.542921,Google Maps,,1,hadjeb el aioun,4158,Hajeb el Ayoun,Kairouan,Centre Ouest,centroid,,0.183,17.188
211,pop_eur_19,Ouled-Ghozza,Ouled-Ghozza,915,,,Béja,,36.799254,9.112292,Google Maps,"Recensement 1956, Ouled Ghozzia.",1,ouled ghozza,2153,Amdoun,Béja,Nord Ouest,centroid,,6.327,4.718
212,pop_eur_190,Aïn-Ghrasésia,Aïn-Ghrasésia,21,,,Kairouan,,35.65333,10.22694,Geonames,,1,ain ghrasesia,3163,Sidi El Héni,Sousse,Centre Est,centroid,,8.440,2.779
213,pop_eur_191,Sidi-Amor-el-Kénani et Zaafrana,Sidi-Amor-El-Kénani,1067,,,Kairouan,,35.58444,10.11528,Geonames,,1,sidi amor el kenani,4152,Kairouan Sud,Kairouan,Centre Ouest,centroid,,9.769,1.047
214,pop_eur_191,Sidi-Amor-el-Kénani et Zaafrana,Zaafrana,1179,,,Kairouan,,35.54208,10.075021,Google Maps,,1,zaafrana,4152,Kairouan Sud,Kairouan,Centre Ouest,centroid,,14.672,0.844
215,pop_eur_192,"Saâdia, El-Alem et Sbikha",Saâdia,1012,,,Kairouan,,35.82889,10.09333,Geonames,,1,saadia,4154,Sbikha,Kairouan,Centre Ouest,centroid,,13.020,3.430
216,pop_eur_193,Ousseltia,Ousseltia,981,,,Kairouan,,35.849438,9.586498,Google Maps,,1,ousseltia,4155,El Ouslatia,Kairouan,Centre Ouest,centroid,,9.638,10.661
217,pop_eur_194,Djebel-Touila (mine),Djebel-Touila (mine),260,,,Kairouan,,35.44389,9.71222,Geonames,,1,djebel touila mine,4159,Nasrallah,Kairouan,Centre Ouest,centroid,,14.506,1.708
218,pop_eur_195,Sidi-Saad,Sidi-Saad,1098,,,Kairouan,,35.387892,9.758919,Google Maps,,1,sidi saad,4159,Nasrallah,Kairouan,Centre Ouest,centroid,,7.312,12.231
220,pop_eur_199,Bir-Zina,Bir-Zina,139,,,Kairouan,,35.51667,10.01667,Geonames,Bir Ben Zina.,1,bir zina,4153,Echebika,Kairouan,Centre Ouest,centroid,,13.668,0.011
221,pop_eur_2,Béja (banlieue) et Sidi-Fredj,Sidi-Fredj,1085,,,Béja,,36.7201418266884,9.19396849912945,Google Maps,,1,sidi fredj,2152,Béja Sud,Béja,Nord Ouest,centroid,,6.782,4.361
222,pop_eur_200,Chelika,Chelika,204,,,Kairouan,,35.6190668920515,9.9270817083425,Google Maps,Chebika.,1,chelika,4153,Echebika,Kairouan,Centre Ouest,centroid,,0.328,16.449
223,pop_eur_201,Oued-Zéroud (chantiers),Oued-Zéroud (chantiers),851,,,Kairouan,,,,,,,oued zeroud chantiers,,,Kairouan,Centre Ouest,hist_unit_governorate,,,
224,pop_eur_207,Aïn-Mesria,Aïn-Mesria,25,,,Kef,,35.906838,8.742449,Google Maps,,1,ain mesria,2360,Dahmani,Kef,Nord Ouest,centroid,,9.075,3.348
225,pop_eur_208,Bir-Lafou,Bir-Lafou,134,,,Kef,,35.82384,8.44207,Geonames,Bir El Afou.,1,bir lafou,2356,Kalaat Snan,Kef,Nord Ouest,centroid,,10.920,1.612
226,pop_eur_21,Mastouta,Mastouta,728,,,Béja,,36.6239,9.19952,Geonames,,1,mastouta,2152,Béja Sud,Béja,Nord Ouest,centroid,,4.043,11.552
227,pop_eur_210,Charren,Charren,199,,,Kef,,,,,,,charren,,,Kef,Nord Ouest,hist_unit_governorate,,,
228,pop_eur_216,Fedj El-Tameur,Fedj El-Tameur,515,,,Kef,,35.8781062775882,8.70921944588991,Google Maps,,1,fedj el tameur,2358,Djerissa,Kef,Nord Ouest,centroid,,8.065,5.229
229,pop_eur_218,Gouraïa,Gouraïa,556,,,Kef,,35.859031,8.684757,Google Maps,,1,gouraia,2358,Djerissa,Kef,Nord Ouest,centroid,,5.016,7.322
230,pop_eur_219,Kalaa-Djerda,Kalaa-Djerda,626,,,Kef,,35.6633492337049,8.58598584079496,Geonames,Vérifier le contrôle civil en 1931.,1,kalaa djerda,2357,Kalaat Khasbah,Kef,Nord Ouest,centroid,,0.578,11.691
231,pop_eur_22,Semech,Semech,1050,,,Béja,,36.68914,9.0484,Geonames,Henchir Semmech.,1,semech,2259,Balta - Bou Aouane,Jendouba,Nord Ouest,centroid,,11.610,1.284
232,pop_eur_221,Kalaâ-El-Senam (gare),Kalaâ-El-Senam,627,Tadjerouine,Tadjerouine,Kef,,35.755627,8.352656,Google Maps,,1,kalaa el senam,2356,Kalaat Snan,Kef,Nord Ouest,centroid,,1.730,21.058
233,pop_eur_222,Djebel-Kebouch,Djebel-Kebouch,256,,,Kef,,36.22277,8.93387,Geonames,,1,djebel kebouch,2352,Kef Est,Kef,Nord Ouest,centroid,,6.753,11.181
234,pop_eur_223,"Saline (monopoles), Lorbeus",Saline (monopoles),1030,,,Kef,,36.081395,8.964295,Google Maps,,1,saline monopoles,2361,Es-Sers,Kef,Nord Ouest,centroid,,5.386,9.294
235,pop_eur_224,El-Akouat,El-Akouat,314,,,Kef,,36.27692,9.23823,Geonames,Akhouat.,1,el akouat,2454,Gaafour,Siliana,Nord Ouest,centroid,,9.241,5.576
236,pop_eur_225,Majouba,Majouba,717,,,Kef,,35.81145,8.501342,Google Maps,,1,majouba,2355,Tajerouine,Kef,Nord Ouest,centroid,,10.048,2.812
237,pop_eur_226,Mellègue et Dyr,Dyr,296,,,Kef,,36.20575,8.78467,Geonames,,1,dyr,2352,Kef Est,Kef,Nord Ouest,centroid,,7.891,6.553
238,pop_eur_226,Mellègue et Dyr,Mellègue,746,,,Kef,,36.315038,8.70093,Google Maps,,1,mellegue,2353,Nebeur,Kef,Nord Ouest,centroid,,5.755,13.063
239,pop_eur_227,Oued-Sarrath,Oued-Sarrath,843,,,Kef,,35.975184,8.37681,Google Maps,,1,oued sarrath,2355,Tajerouine,Kef,Nord Ouest,centroid,,18.399,4.760
240,pop_eur_228,Rebiba,Rebiba,1000,,,Kef,,35.80175,8.37899,Geonames,,1,rebiba,2356,Kalaat Snan,Kef,Nord Ouest,centroid,,4.986,13.619
241,pop_eur_230,Les Salines (village),Les Salines (village),696,,,Kef,,36.081395,8.964295,Google Maps,,1,les salines village,2361,Es-Sers,Kef,Nord Ouest,centroid,,5.386,9.294
242,pop_eur_231,Le Sers et ses environs,Sers,1054,,,Kef,,36.077579,9.021234,Google Maps,,1,sers,2361,Es-Sers,Kef,Nord Ouest,centroid,,0.326,14.318
243,pop_eur_232,Sidi-Armor-ben-Salem,Sidi-Armor-Ben-Salem,1068,,,Kef,,35.85,8.48333,Geonames,,1,sidi armor ben salem,2355,Tajerouine,Kef,Nord Ouest,centroid,,7.817,6.675
244,pop_eur_233,Mine de Majembia,Mine de Majembia,788,,,Kef,,,,,,,mine de majembia,,,Kef,Nord Ouest,hist_unit_governorate,,,
245,pop_eur_235,Mine d'Oudiba,Mine d'Oudiba,790,,,Kef,,36.100739,8.937869,Mindat,,1,mine doudiba,2361,Es-Sers,Kef,Nord Ouest,centroid,,8.205,3.377
246,pop_eur_237,Djebel-Bougrine,Djebel-Bougrine,252,,,Kef,,,,,,,djebel bougrine,,,Kef,Nord Ouest,hist_unit_governorate,,,
247,pop_eur_238,Sidi-Bou-Rouis,Sidi-Bou-Rouis,1077,,,Kef,,36.177737,9.125122,Google Maps,,1,sidi bou rouis,2456,Bourouis,Siliana,Nord Ouest,centroid,,0.143,14.377
248,pop_eur_239,Mine du Dejebl-Bellout,Mine du Dejebl-Bellout,791,,,Kef,,,,,,,mine du dejebl bellout,,,Kef,Nord Ouest,hist_unit_governorate,,,
249,pop_eur_242,Zafrane,Zafrane,1181,,,Kef,,36.14557,8.79654,Geonames,,1,zafrane,2352,Kef Est,Kef,Nord Ouest,centroid,,8.248,7.003
250,pop_eur_243,Aïn-Taga (gare),Aïn-Taga,30,,,Kef,,35.76667,8.35,Geonames,,1,ain taga,2356,Kalaat Snan,Kef,Nord Ouest,centroid,,0.767,22.211
251,pop_eur_244,Les Zouarines,Les Zouarines,698,,,Kef,,36.01667,8.91667,Geonames,,1,les zouarines,2360,Dahmani,Kef,Nord Ouest,centroid,,10.995,0.643
252,pop_eur_245,Mine du Djebel-Lorbeuss,Mine du Djebel-Lorbeuss,792,,,Kef,,36.06246,8.89535,Mindat,,1,mine du djebel lorbeuss,2361,Es-Sers,Kef,Nord Ouest,centroid,,11.626,2.556
253,pop_eur_246,Aïn-Ameg,Aïn-Ameg,11,,,Kef,,,,,,,ain ameg,,,Kef,Nord Ouest,hist_unit_governorate,,,
254,pop_eur_247,Aïn-Touiref,Aïn-Touiref,31,,,Kef,,36.339293,8.581352,Google Maps,Touiref.,1,ain touiref,2258,Oued Meliz,Jendouba,Nord Ouest,centroid,,14.730,1.307
255,pop_eur_248,Henchir-Chebout,Henchir Chebout,592,,,Kef,,,,,,,henchir chebout,,,Kef,Nord Ouest,hist_unit_governorate,,,
256,pop_eur_249,Felta et Hameina,Hameina,571,,,Kef,,,,,,,hameina,,,Kef,Nord Ouest,hist_unit_governorate,,,
257,pop_eur_250,Ouled-Boughanem,Ouled-Boughanem,882,,,Kef,,35.83049,8.44345,Geonames,Oulad Bou Rhanem.,1,ouled boughanem,2356,Kalaat Snan,Kef,Nord Ouest,centroid,,11.450,0.550
258,pop_eur_251,Trika,Trika,1172,,,Kef,,36.132295,9.11295,Geonames,,1,trika,2456,Bourouis,Siliana,Nord Ouest,centroid,,5.263,4.904
259,pop_eur_253,Fedj-Hassen,Fedj Hassen,516,,,Kef,,36.38248,8.44596,Geonames,Vérifier le contrôle civil en 1931.,1,fedj hassen,2257,Ghardimaou,Jendouba,Nord Ouest,centroid,,13.769,1.471
260,pop_eur_254,Centres non dénommés,,1214,,,Kef,,,,,,,,,,Kef,Nord Ouest,hist_unit_governorate,,,
261,pop_eur_255,"Sidi-Ahmed-Salah, Aïn-Kerma, Oued-Souane, Zoulian, KhanguEl-Guebline, Bou-Khadra, Mellalis",,1234,,,Kef,,,,,,,,,,Kef,Nord Ouest,hist_unit_governorate,,,
262,pop_eur_258,Fedj El-Addoum,Fedj El-Addoum,513,,,Téboursouk,,,,,,,fedj el addoum,2155,Teboursouk,Béja,Nord Ouest,hist_unit_delegation,,,
263,pop_eur_262,Thibar (banlieue),Thibar,1157,,,Téboursouk,,36.522949,9.104555,Google Maps,,1,thibar,2156,Tibar,Béja,Nord Ouest,centroid,,1.632,10.641
264,pop_eur_263,Djebba (mine),Djebba (mine),247,,,Téboursouk,,36.48,9.1,Google Maps,,1,djebba mine,2156,Tibar,Béja,Nord Ouest,centroid,,3.220,9.540
265,pop_eur_264,El-Akhouat,El-Akhouat,313,,,Téboursouk,,36.255615,9.255199,Google Maps,,1,el akhouat,2454,Gaafour,Siliana,Nord Ouest,centroid,,9.715,4.644
266,pop_eur_266,El-Aksab,El-Aksab,315,,,Téboursouk,,36.172815,9.33198,Geonames,"E.P. BANNOURIA KARFOUR AKSSABE, bureau de vote (Instance Supérieure pour les Élections (ISIE), Annuaire des centres de votes, 2022).",1,el aksab,2451,Siliana Nord,Siliana,Nord Ouest,centroid,,10.182,0.384
267,pop_eur_267,Sidi-Smaïl,Sidi-Smaïl,1101,,,Téboursouk,,36.5965160723065,9.10889309873989,Google Maps,,1,sidi smail,2156,Tibar,Béja,Nord Ouest,centroid,,9.756,0.172
268,pop_eur_269,Djebel-Balouka (centres et chantiers divers),Djebel-Balouka,251,,,Maktar,,,,,,,djebel balouka,2457,Makthar,Siliana,Nord Ouest,hist_unit_delegation,,,
269,pop_eur_27,Kheniguet-ed-Dehan,Kheniguet-El-Dehan,649,,,Medjez-el-Bab,,36.46301,9.69332,Geonames,,1,kheniguet el dehan,2158,Goubellat,Béja,Nord Ouest,centroid,,8.835,5.041
270,pop_eur_272,Rohia,Rohia,1010,,,Maktar,,35.649464,9.061282,Google Maps,,1,rohia,2458,Er-Rouhia,Siliana,Nord Ouest,centroid,,0.580,5.763
271,pop_eur_273,Siliana,Siliana,1105,,,Maktar,,36.0876356470366,9.37312446299586,Google Maps,,1,siliana,2451,Siliana Nord,Siliana,Nord Ouest,centroid,,0.034,0.796
272,pop_eur_275,Robâa,Robâa,1009,,,Maktar,,36.09399,9.56736,Geonames,Bargou.,1,robaa,2460,Bargou,Siliana,Nord Ouest,centroid,,4.426,12.993
273,pop_eur_276,Les Massouges,Les Massouges,694,,,Maktar,,36.062678,9.21166,Geonames,,1,les massouges,2452,Siliana Sud,Siliana,Nord Ouest,centroid,,14.112,0.651
274,pop_eur_277,Oum-el-Abouab,Oum-El-Abouab,975,,,Maktar,,36.17724,9.82942,Geonames,,1,oum el abouab,2460,Bargou,Siliana,Nord Ouest,centroid,,20.825,1.915
275,pop_eur_281,Chaffar et Thyna,Chaffar,192,,,Sfax,,34.537245,10.575199,Google Maps,,1,chaffar,3465,Mahres,Sfax,Centre Est,centroid,,7.242,12.978
276,pop_eur_281,Chaffar et Thyna,Thyna,1158,,,Sfax,,34.666284,10.69571,Google Maps,,1,thyna,3456,Tina,Sfax,Centre Est,centroid,,2.231,6.540
277,pop_eur_282,Founi,Founi,532,,,Sfax,,34.505216,10.025722,Google Maps,,1,founi,3462,Ghraiba,Sfax,Centre Est,centroid,,17.094,1.543
278,pop_eur_286,La Skira,Skhira,1245,,,Sfax,,34.298556,10.076657,Google Maps,,1,skhira,3464,Skhira,Sfax,Centre Est,name_and_centroid,1.0000,0.182,25.018
279,pop_eur_288,Mezzouna,Mezzouna,785,,,Sfax,,34.577636,9.842697,Google Maps,,1,mezzouna,4360,Mezzouna,Sidi Bouzid,Centre Ouest,name_and_centroid,1.0000,0.079,21.913
280,pop_eur_289,Triaga,Triaga,1171,,,Sfax,,34.966791,10.369416,Google Maps,Ancien nom de Menzel Chaker.,1,triaga,3461,Menzel Chaker,Sfax,Centre Est,centroid,,0.411,24.876
281,pop_eur_293,Gautheronville,Gautheronville,546,,,Sfax,,34.731154,10.7414,Google Maps,http://www.sfax1881-1956.com/Picville/pic39.htm.,1,gautheronville,3452,Sfax Ouest,Sfax,Centre Est,centroid,,0.517,1.357
282,pop_eur_294,Moulinville,Moulinville,804,,,Sfax,,34.751969,10.761395,Google Maps,,1,moulinville,3451,Sfax Ville,Sfax,Centre Est,centroid,,1.299,1.262
283,pop_eur_295,Route de Grenda,"Route de Grenda, Sfax",1225,,,Sfax,,34.776203,10.727698,Google Maps,,2,route de grenda sfax,3455,Sfax Sud,Sfax,Centre Est,centroid,,0.908,3.369
284,pop_eur_297,Secteur de la Brigade Mobile,Secteur de la Brigade Mobile,1040,,,Sfax,,,,,,,secteur de la brigade mobile,,,Sfax,Centre Est,hist_unit_governorate,,,
285,pop_eur_3,Amdouns et ZaouiEl-Medien,Amdoun,46,,,Béja,,36.7734,9.085012,Google Maps,,1,amdoun,2153,Amdoun,Béja,Nord Ouest,name_and_centroid,1.0000,5.498,8.613
286,pop_eur_30,Ksar-bou-Kris,Ksar-Bou-Kris,668,,,Medjez-el-Bab,,36.230282,9.603476,Google Maps,"E.P. KSAR BOUKHRISS HINCHIR ROUMAINE (Instance Supérieure pour les Élections (ISIE), Annuaire des centres de votes, 2022).",1,ksar bou kris,2453,Bou Arada,Siliana,Nord Ouest,centroid,,13.533,0.310
287,pop_eur_305,Tabarka (commune),Tabarka,1125,,,Tabarka,,36.9501862203016,8.75421451089274,Google Maps,,1,tabarka,2254,Tabarka,Jendouba,Nord Ouest,name_and_centroid,1.0000,8.276,10.423
288,pop_eur_307,Ile de Tabarka,Ile de Tabarka,611,,,Tabarka,,36.9501862203016,8.75421451089274,Google Maps,,1,ile de tabarka,2254,Tabarka,Jendouba,Nord Ouest,centroid,,8.276,10.423
289,pop_eur_308,"Aïn-Senoussi, Agarda, et Ghouhben",Agarda,5,,,Tabarka,,36.8475,8.92413,Geonames,,1,agarda,2254,Tabarka,Jendouba,Nord Ouest,centroid,,10.839,0.479
290,pop_eur_308,"Aïn-Senoussi, Agarda, et Ghouhben",Aïn-Senoussi,29,,,Tabarka,,36.8475,8.92413,Geonames,,1,ain senoussi,2254,Tabarka,Jendouba,Nord Ouest,centroid,,10.839,0.479
291,pop_eur_308,"Aïn-Senoussi, Agarda, et Ghouhben",Ghouhben,554,,,Tabarka,,36.8475,8.92413,Geonames,,1,ghouhben,2254,Tabarka,Jendouba,Nord Ouest,centroid,,10.839,0.479
292,pop_eur_309,Fernana et Djebel-Diss,Djebel-Diss,253,,,Tabarka,,36.62882,8.53638,Geonames,,1,djebel diss,2256,Fernana,Jendouba,Nord Ouest,centroid,,10.473,7.286
293,pop_eur_31,Bou-Djlida,Bou-Djlida,162,,,Medjez-el-Bab,,36.413678,9.504464,Google Maps,,1,bou djlida,2461,El Aroussa,Siliana,Nord Ouest,centroid,,6.100,6.654
294,pop_eur_311,Aïn-Draham (banlieue),Aïn-Draham,16,,,Tabarka,,36.77716,8.689778,Google Maps,,1,ain draham,2255,Ain Draham,Jendouba,Nord Ouest,name_and_centroid,1.0000,1.612,12.196
295,pop_eur_312,Babouch,Babouch,64,,,Tabarka,,36.799608,8.677285,Google Maps,,1,babouch,2255,Ain Draham,Jendouba,Nord Ouest,centroid,,2.736,13.273
296,pop_eur_313,Ben M'Tir-Tébaïssa et Oued-Zeen,Ben M'Tir,94,,,Tabarka,,36.910083,8.741639,Google Maps,,1,ben mtir,2254,Tabarka,Jendouba,Nord Ouest,centroid,,8.497,5.614
297,pop_eur_314,"Bordj-Hammam, Khémaïria, Heddils",Bordj-Hammam,151,,,Tabarka,,36.776838,8.631665,Google Maps,"E.P. ARDH EL KEF - KHMAIRIYA (Instance Supérieure pour les Élections (ISIE), Annuaire des centres de votes, 2022).",1,bordj hammam,2255,Ain Draham,Jendouba,Nord Ouest,centroid,,6.478,6.882
298,pop_eur_314,"Bordj-Hammam, Khémaïria, Heddils",Heddils,588,,,Tabarka,,36.776838,8.631665,Google Maps,"E.P. ARDH EL KEF - KHMAIRIYA (Instance Supérieure pour les Élections (ISIE), Annuaire des centres de votes, 2022).",1,heddils,2255,Ain Draham,Jendouba,Nord Ouest,centroid,,6.478,6.882
299,pop_eur_315,Les Chênes,Les Chênes,693,,,Tabarka,,,,,,,les chenes,2254,Tabarka,Jendouba,Nord Ouest,hist_unit_delegation,,,
300,pop_eur_316,Mekna (plaine),Mekna (plaine),743,,,Tabarka,,36.96528,8.89278,Geonames,,1,mekna plaine,2254,Tabarka,Jendouba,Nord Ouest,centroid,,7.373,8.839
301,pop_eur_317,Oued-Zeen,Oued-Zeen,849,,,Tabarka,,36.824,8.833705,Geonames,,1,oued zeen,2254,Tabarka,Jendouba,Nord Ouest,centroid,,10.211,2.079
302,pop_eur_318,Aïn-Sebaa (Oulad-Yaya),Aïn-Sebaa,28,,,Tabarka,,36.955379,8.923259,Google Maps,,1,ain sebaa,2254,Tabarka,Jendouba,Nord Ouest,centroid,,8.807,5.062
303,pop_eur_319,Sidi-Rhouine,Sidi-Rhouine,1097,,,Tabarka,,,,,,,sidi rhouine,2254,Tabarka,Jendouba,Nord Ouest,hist_unit_delegation,,,
304,pop_eur_32,Montarneaud,Montarneaud,799,,,Medjez-el-Bab,,36.684399,9.750129,Google Maps,Montarnaud.,1,montarneaud,1455,Borj Amri,Mannouba,Nord Est,centroid,,8.567,3.857
305,pop_eur_327,Benane,Benane,95,,,Sousse,,35.676153,10.834957,Google Maps,,1,benane,3262,Ksibet El Mediouni,Monastir,Centre Est,centroid,,1.355,2.373
306,pop_eur_333,Menzel-Dar-bel-Ouar,Menzel-Dar-bel-Ouar,758,,,Sousse,,36.039999,10.324091,Google Maps,Dar Belouuaer.,1,menzel dar bel ouar,3160,Enfidha,Sousse,Centre Est,centroid,,11.463,0.650
307,pop_eur_337,Saouaf,Saouaf,1031,,,Sousse,,36.226717,10.173137,Google Maps,,1,saouaf,1656,Saouaf,Zaghouan,Nord Est,name_and_centroid,1.0000,0.084,11.521
308,pop_eur_343,Ouardenine,Ouardenine,826,,,Sousse,,35.710094,10.677519,Google Maps,,1,ouardenine,3252,Ouerdanine,Monastir,Centre Est,centroid,,0.160,5.150
309,pop_eur_345,Sidi-el-Hani,Sidi-El-Hani,1082,,,Sousse,,35.67926,10.32296,Google Maps,,1,sidi el hani,3163,Sidi El Héni,Sousse,Centre Est,centroid,,0.839,18.857
310,pop_eur_349,Bou Goubrine-Zeramdine,Bou-Goubrine,165,,,Sousse,,35.575934,10.735108,Google Maps,,1,bou goubrine,3254,Zermadine,Monastir,Centre Est,centroid,,0.360,5.439
311,pop_eur_35,Le Goubellat (village),Goubellat,555,,,Medjez-el-Bab,,36.5397119046798,9.66120413773614,Google Maps,,1,goubellat,2158,Goubellat,Béja,Nord Ouest,name_and_centroid,1.0000,1.939,17.701
312,pop_eur_350,Menzel-Bir-Taïeb,Menzel-Bir-Taïeb,755,,,Sousse,,35.651111,10.694693,Google Maps,Bir Etayeb.,1,menzel bir taieb,3256,Jammel,Monastir,Centre Est,centroid,,6.475,0.103
313,pop_eur_353,Centres non dénommés en 1921,,1215,,,Sousse,,,,,,,,,,Sousse,Centre Est,hist_unit_governorate,,,
314,pop_eur_36,Bordj Cherif-Kouridja,Bordj-Cherif-Kouridja,143,,,Medjez-el-Bab,,,,,,,bordj cherif kouridja,2159,Medjez El Bab,Béja,Nord Ouest,hist_unit_delegation,,,
315,pop_eur_361,"Thélepte, Maâgen, Bel-Abbès et autres",Thélepte,1246,,,Thala,,34.9767133627851,8.59267460839986,Google Maps,,1,thelepte,4262,Feriana,Kasserine,Centre Ouest,centroid,,4.079,21.916
316,pop_eur_362,Maagen-bel-Abbès,Majel Bel Abbes,716,,,Thala,,34.749087,8.522301,Google Maps,,1,majel bel abbes,4263,Majel Bel Abbes,Kasserine,Centre Ouest,name_and_centroid,1.0000,0.080,22.234
317,pop_eur_363,Bou-Chebka et ses environs,Bou-Chebka,158,,,Thala,,35.165838,8.421163,Google Maps,,1,bou chebka,4261,Foussana,Kasserine,Centre Ouest,centroid,,27.525,0.144
318,pop_eur_365,Djilma,Jilma,621,,,Thala,,35.27162,9.422235,Google Maps,,1,jilma,4353,Jilma,Sidi Bouzid,Centre Ouest,name_and_centroid,1.0000,0.028,16.507
319,pop_eur_366,Mekdoudèche,Mekdoudèche,742,,,Thala,,35.08315,8.726449,Google Maps,,1,mekdoudeche,4253,Ezzouhour,Kasserine,Centre Ouest,centroid,,12.728,0.870
320,pop_eur_367,Dernaïa,Dernaïa,241,,,Thala,,,,,,,dernaia,4259,Thala,Kasserine,Centre Ouest,hist_unit_delegation,,,
321,pop_eur_368,Haïdra et environs,Haïdra,567,,,Thala,,35.565431,8.444066,Google Maps,,1,haidra,4260,Hidra,Kasserine,Centre Ouest,centroid,,0.178,16.340
322,pop_eur_369,Oued-Soulah,Oued-Soulah,846,,,Thala,,34.85,8.53333,Geonames,Koudiat Soulah.,1,oued soulah,4262,Feriana,Kasserine,Centre Ouest,centroid,,11.164,0.020
323,pop_eur_37,Briouigh et plaines du Goubellat,Briouigh,180,,,Medjez-el-Bab,,36.5397119046798,9.66120413773614,Google Maps,Autour de Goubellat (https://gallica.bnf.fr/ark:/12148/btv1b531972761).,1,briouigh,2158,Goubellat,Béja,Nord Ouest,centroid,,1.939,17.701
324,pop_eur_370,Bir-Oum-Ali et ses environs,Bir-Oum-Ali,136,,,Thala,,35.040568,8.373259,Google Maps,"E.P. OUM ALI (Instance Supérieure pour les Élections (ISIE), Annuaire des centres de votes, 2022).",1,bir oum ali,4262,Feriana,Kasserine,Centre Ouest,centroid,,20.429,14.613
325,pop_eur_371,Tunis (commune),Tunis,1175,,,Tunis,,36.799257,10.176146,Google Maps,,1,tunis,1152,La Medina,Tunis,Nord Est,centroid,,0.369,0.411
326,pop_eur_38,Ksar-Tyr,Ksar-Tyr,671,,,Medjez-el-Bab,,36.60154,9.79419,Geonames,,1,ksar tyr,2158,Goubellat,Béja,Nord Ouest,centroid,,11.921,2.452
327,pop_eur_383,BorgEl-et Route de la Goulette,Borgel,154,,,Tunis,,36.799257,10.176146,Google Maps,,1,borgel,1152,La Medina,Tunis,Nord Est,centroid,,0.369,0.411
328,pop_eur_384,Ferme Alsacienne,Le Bardo,1239,,,Tunis,,36.813457,10.14071,Google Maps,,1,le bardo,1160,Le Bardo,Tunis,Nord Est,name_and_centroid,1.0000,0.392,1.366
329,pop_eur_385,Cité-Jardins et environs,Cité-Jardins,221,,,Tunis,,36.826408,10.186157,Google Maps,,1,cite jardins,1159,Cité El Khadhra,Tunis,Nord Est,centroid,,0.996,0.739
330,pop_eur_388,Route de la Soukra et El-Khaara,,1226,,,Tunis,,,,,,,,,,Tunis,Nord Est,hist_unit_governorate,,,
331,pop_eur_389,Sidi-Mahmoud,Sidi-Mahmoud,1088,,,Tunis,,,,,,,sidi mahmoud,,,Tunis,Nord Est,hist_unit_governorate,,,
332,pop_eur_390,Nahli,Nahli,813,,,Tunis,,36.892831,10.13293,Google Maps,,1,nahli,1251,L’Ariana Ville,Ariana,Nord Est,centroid,,3.187,0.961
333,pop_eur_391,Djaffar,Djaffar,244,,,Tunis,,36.8875,10.19528,Geonames,,1,djaffar,1251,L’Ariana Ville,Ariana,Nord Est,centroid,,3.733,1.670
334,pop_eur_394,Ras-Tabia,Ras-Tabia,997,,,Tunis,,36.819494,10.150498,Google Maps,,1,ras tabia,1155,El Omrane,Tunis,Nord Est,centroid,,1.262,0.192
335,pop_eur_395,Saint-Henri,Saint-Henri,1024,,,Tunis,,36.8133127565276,10.1401763419838,Google Maps,Aujourd'hui un quartier du Bardo.,1,saint henri,1160,Le Bardo,Tunis,Nord Est,centroid,,0.343,1.395
336,pop_eur_396,Portal-Haïder,Portal-Haïder,985,,,Tunis,,,,,,,portal haider,,,Tunis,Nord Est,hist_unit_governorate,,,
337,pop_eur_397,Khaznadar,Khaznadar,646,,,Tunis,,36.803804,10.123226,Google Maps,,1,khaznadar,1160,Le Bardo,Tunis,Nord Est,centroid,,1.544,0.064
338,pop_eur_398,Oued-Gariana-Joffre-Ville,Oued-Gariana-Joffre-Ville,838,,,Tunis,,,,,,,oued gariana joffre ville,,,Tunis,Nord Est,hist_unit_governorate,,,
339,pop_eur_399,El-Haraïra,El-Haraïra,408,,,Tunis,,36.78286,10.072,Google Maps,,1,el haraira,1163,El Hrairia,Tunis,Nord Est,centroid,,2.404,0.452
340,pop_eur_403,"La Zouia, La Madelaine, Daoulatli, Bou-Zergua, Kriba-Sidi-bou-MEl-et Gradahi",,1232,,,Tunis,,,,,,,,,,Tunis,Nord Est,hist_unit_governorate,,,
341,pop_eur_404,"Douémis, Douemsi, Nouali, La Platrière, Ben Aïssa",Ben Aïssa,93,,,Tunis,,36.58417,10.29444,Geonames,,1,ben aissa,1362,Mornag,Ben Arous,Nord Est,centroid,,10.657,1.893
342,pop_eur_404,"Douémis, Douemsi, Nouali, La Platrière, Ben Aïssa",Douemis,283,,,Tunis,,,,,,,douemis,,,Tunis,Nord Est,hist_unit_governorate,,,
343,pop_eur_404,"Douémis, Douemsi, Nouali, La Platrière, Ben Aïssa",Douemsi,284,,,Tunis,,,,,,,douemsi,,,Tunis,Nord Est,hist_unit_governorate,,,
344,pop_eur_404,"Douémis, Douemsi, Nouali, La Platrière, Ben Aïssa",La Platrière,683,,,Tunis,,,,,,,la platriere,,,Tunis,Nord Est,hist_unit_governorate,,,
345,pop_eur_404,"Douémis, Douemsi, Nouali, La Platrière, Ben Aïssa",Nouali,823,,,Tunis,,36.56278,10.27861,Google Maps,,,nouali,1362,Mornag,Ben Arous,Nord Est,centroid,,13.054,1.396
346,pop_eur_405,"Cèbala-du-Mornag, Sidi Saâd et Chela",,1213,,,Tunis,,,,,,,,,,Tunis,Nord Est,hist_unit_governorate,,,
347,pop_eur_406,Ahmed-Zaïd et environs,Ahmed-Zaïd,8,,,Tunis,,36.6331,10.2836,Geonames,,1,ahmed zaid,1362,Mornag,Ben Arous,Nord Est,centroid,,5.238,5.037
348,pop_eur_407,La Laverie,La Laverie,680,,,Tunis,,36.61,10.31942,Geonames,,1,la laverie,1362,Mornag,Ben Arous,Nord Est,centroid,,8.233,2.014
349,pop_eur_408,Crétéville et Haut-Mornag,Haut-Mornag,584,,,Tunis,,36.675676,10.276976,Google Maps,,1,haut mornag,1362,Mornag,Ben Arous,Nord Est,centroid,,1.190,4.647
350,pop_eur_41,Sidi-Ayed,Sidi-Ayed,1071,,,Medjez-el-Bab,,36.352139,9.391437,Google Maps,,1,sidi ayed,2461,El Aroussa,Siliana,Nord Ouest,centroid,,6.142,0.685
351,pop_eur_411,Saïda,Saïda,1019,,,Tunis,,36.8283,9.96963,Geonames,,1,saida,1456,Djedeida,Mannouba,Nord Est,centroid,,3.911,2.454
352,pop_eur_412,Revoil,Revoil,1006,,,Tunis,,,,,,,revoil,,,Tunis,Nord Est,hist_unit_governorate,,,
353,pop_eur_413,Menzel-Amor,Menzel-Amor,754,,,Tunis,,,,,,,menzel amor,,,Tunis,Nord Est,hist_unit_governorate,,,
354,pop_eur_415,Chaouat,Chaouat,195,,,Tunis,,36.88928,9.94512,Geonames,,1,chaouat,1456,Djedeida,Mannouba,Nord Est,centroid,,4.355,4.964
355,pop_eur_416,Sidi-Athman,Sidi-Athman,1070,,,Tunis,,36.966622,9.921459,Google Maps,,1,sidi athman,1760,Utique,Bizerte,Nord Est,centroid,,8.273,4.441
356,pop_eur_417,Chouggafa,Chouggafa,217,,,Tunis,,36.89611,9.92139,Google Maps,,,chouggafa,1456,Djedeida,Mannouba,Nord Est,centroid,,5.191,5.077
357,pop_eur_419,Le Kram (banlieue),Le Kram,690,,,Tunis,,36.834315,10.316352,Google Maps,,1,le kram,1170,Le Kram,Tunis,Nord Est,name_and_centroid,1.0000,0.125,2.135
358,pop_eur_42,Teriaka-Rigalville,Teriaka-Rigalville,1153,,,Medjez-el-Bab,,,,,,,teriaka rigalville,2159,Medjez El Bab,Béja,Nord Ouest,hist_unit_delegation,,,
359,pop_eur_421,Dejbel-Amar,Djebel-Amar,249,,,Tunis,,36.87528,10.05889,Geonames,,1,djebel amar,1255,Sidi Thabet,Ariana,Nord Est,centroid,,4.084,0.170
360,pop_eur_422,Oued-Ellil,Oued-Ellil,836,,,Tunis,,36.842942,10.041607,Google Maps,,1,oued ellil,1453,Oued Ellil,Mannouba,Nord Est,name_and_centroid,1.0000,0.352,4.815
361,pop_eur_423,Chebairi,Chebairi,200,,,Tunis,,,,,,,chebairi,,,Tunis,Nord Est,hist_unit_governorate,,,
362,pop_eur_424,Sidi-Salah,Sidi-Salah,1099,,,Tunis,,36.75194,10.06278,Geonames,,1,sidi salah,1164,Sidi Hassine,Tunis,Nord Est,centroid,,1.108,3.165
363,pop_eur_425,Djaïra,Djaïra,245,,,Tunis,,,,,,,djaira,,,Tunis,Nord Est,hist_unit_governorate,,,
364,pop_eur_426,Béjaoua,Béjaoua,87,,,Tunis,,36.86204,10.00822,Geonames,,1,bejaoua,1453,Oued Ellil,Mannouba,Nord Est,centroid,,3.706,2.685
365,pop_eur_427,Furna,Furna,536,,,Tunis,,36.693868,9.829282,Google Maps,,1,furna,1455,Borj Amri,Mannouba,Nord Est,centroid,,3.773,10.166
366,pop_eur_428,Bir-Touil et Ed-Drijat,Bir-Touil,138,,,Tunis,,36.73333,9.86667,Geonames,,1,bir touil,1455,Borj Amri,Mannouba,Nord Est,centroid,,3.348,7.885
367,pop_eur_428,Bir-Touil et Ed-Drijat,Ed-Drijat,302,,,Tunis,,,,,,,ed drijat,,,Tunis,Nord Est,hist_unit_governorate,,,
368,pop_eur_430,Mengoub,Mengoub,751,,,Tunis,,36.64139,9.90778,Geonames,,,mengoub,1455,Borj Amri,Mannouba,Nord Est,centroid,,11.855,2.935
369,pop_eur_431,Bordj-Frendj et Mahtoura,Bordj-Frendj,149,,,Tunis,,36.69078,9.81001,Geonames,,1,bordj frendj,1455,Borj Amri,Mannouba,Nord Est,centroid,,4.472,8.841
370,pop_eur_431,Bordj-Frendj et Mahtoura,Mahtoura,714,,,Tunis,,,,,,,mahtoura,,,Tunis,Nord Est,hist_unit_governorate,,,
371,pop_eur_432,El-Hafsia,El-Hafsia,398,,,Tunis,,36.802944,10.169428,Google Maps,,1,el hafsia,1154,Bab Souika,Tunis,Nord Est,centroid,,0.528,0.095
372,pop_eur_435,La Mornaghia,Mornaguia,801,,,Tunis,,36.757159,10.015531,Google Maps,,1,mornaguia,1454,Mornaguia,Mannouba,Nord Est,name_and_centroid,1.0000,0.046,5.101
373,pop_eur_437,Joville-Daounia,Joville-Daounia,623,,,Tunis,,,,,,,joville daounia,,,Tunis,Nord Est,hist_unit_governorate,,,
374,pop_eur_439,Damous,Damous,225,,,Tunis,,36.76389,10.00583,Geonames,,1,damous,1454,Mornaguia,Mannouba,Nord Est,centroid,,1.097,4.959
375,pop_eur_440,Saint-Cyprien,Saint-Cyprien,1021,,,Tunis,,36.75389,9.97611,Geonames,,1,saint cyprien,1454,Mornaguia,Mannouba,Nord Est,centroid,,3.503,5.158
376,pop_eur_441,Bir-Terras-Mongil-Radès,Bir-Ettarraz,130,,,Tunis,,36.76065,10.274027,Google Maps,Café Bir Ettarraz Rades.,1,bir ettarraz,1358,Radès,Ben Arous,Nord Est,centroid,,1.343,2.140
377,pop_eur_441,Bir-Terras-Mongil-Radès,Mongil,798,,,Tunis,,,,,,,mongil,,,Tunis,Nord Est,hist_unit_governorate,,,
378,pop_eur_442,Fondouk-Choucha,Fondouk-Choucha,527,,,Tunis,,36.75778,10.24806,Geonames,,1,fondouk choucha,1352,La Nouvelle Medina,Ben Arous,Nord Est,centroid,,1.995,0.202
379,pop_eur_445,Bordj-Gorbel,Bordj-Gorbel,150,,,Tunis,,36.726077,10.239741,Google Maps,,1,bordj gorbel,1352,La Nouvelle Medina,Ben Arous,Nord Est,centroid,,1.638,1.665
380,pop_eur_446,"Bir-Kassa, La Bâtie, Nassen, Bordj-Gorbel",Bir-Kassa,133,,,Tunis,,36.728962855019,10.2147821358783,Google Maps,,1,bir kassa,1353,El Mourouj,Ben Arous,Nord Est,centroid,,1.089,1.501
381,pop_eur_446,"Bir-Kassa, La Bâtie, Nassen, Bordj-Gorbel",La Batie,678,,,Tunis,,36.7454522309238,10.2230339885079,Google Maps,,1,la batie,1351,Ben Arous,Ben Arous,Nord Est,centroid,,0.869,0.777
382,pop_eur_446,"Bir-Kassa, La Bâtie, Nassen, Bordj-Gorbel",Nassen,815,,,Tunis,,36.703106,10.233807,Google Maps,,1,nassen,1352,La Nouvelle Medina,Ben Arous,Nord Est,centroid,,4.230,0.040
383,pop_eur_447,La Batie,La Batie,677,,,Tunis,,36.7473,10.22316,Geonames,,1,la batie,1351,Ben Arous,Ben Arous,Nord Est,centroid,,0.709,1.002
384,pop_eur_448,Ben-Arous,Ben-Arous,97,,,Tunis,,36.753622,10.22472,Google Maps,,1,ben arous,1351,Ben Arous,Ben Arous,Nord Est,name_and_centroid,1.0000,0.620,1.384
385,pop_eur_449,Sidi-Fathallah,Sidi-Fathallah,1084,,,Tunis,,36.76552,10.20821,Geonames,,1,sidi fathallah,1168,Djebel Djelloud,Tunis,Nord Est,centroid,,0.672,0.742
386,pop_eur_45,Aïn-Ksil,Aïn-Ksil,23,,,Medjez-el-Bab,,36.21667,9.53333,Geonames,,1,ain ksil,2460,Bargou,Siliana,Nord Ouest,centroid,,14.283,2.708
387,pop_eur_450,Oued-Chaïr,Oued-Chaïr,834,,,Tunis,,,,,,,oued chair,,,Tunis,Nord Est,hist_unit_governorate,,,
388,pop_eur_451,Nassen et Hassen-Bey,Hassen-Bey,583,,,Tunis,,,,,,,hassen bey,,,Tunis,Nord Est,hist_unit_governorate,,,
389,pop_eur_452,Bir-Drouj,Bir-Drouj,129,,,Tunis,,,,,,,bir drouj,,,Tunis,Nord Est,hist_unit_governorate,,,
390,pop_eur_453,Fochville,Fochville,525,,,Tunis,,36.75833,10.22389,Geonames,,1,fochville,1351,Ben Arous,Ben Arous,Nord Est,centroid,,0.863,0.941
391,pop_eur_454,La Soukra,La Soukra,684,,,Tunis,,36.879188,10.263228,Google Maps,,1,la soukra,1252,Soukra,Ariana,Nord Est,centroid,,0.180,4.210
392,pop_eur_457,Jardins de Miliane,Jardins de Miliane,613,,,Tunis,,,,,,,jardins de miliane,,,Tunis,Nord Est,hist_unit_governorate,,,
393,pop_eur_458,Tergdelache,Tergdelache,1152,,,Tunis,,,,,,,tergdelache,,,Tunis,Nord Est,hist_unit_governorate,,,
394,pop_eur_459,El-Mahrine,El-Mahrine,449,,,Tunis,,36.76225,9.85601,Geonames,,1,el mahrine,1455,Borj Amri,Mannouba,Nord Est,centroid,,4.479,3.415
395,pop_eur_46,Henchir Sidi-Abdelaziz et Khader,Henchir Sidi-Abdelaziz,595,,,Medjez-el-Bab,,36.63946,9.49125,Geonames,Sidi Abdelaziz.,1,henchir sidi abdelaziz,2157,Testour,Béja,Nord Ouest,centroid,,7.025,6.249
396,pop_eur_46,Henchir Sidi-Abdelaziz et Khader,Khader,641,,,Medjez-el-Bab,,36.59665,9.52524,Geonames,,1,khader,2157,Testour,Béja,Nord Ouest,centroid,,8.474,6.368
397,pop_eur_460,"El-Bathan, Zouitina",Zouitina,1208,,,Tunis,,36.79335,9.76334,Geonames,,1,zouitina,1458,El Battane,Mannouba,Nord Est,centroid,,2.272,5.635
398,pop_eur_461,Bordj-el-Khalsi,Bordj-El-Khalsi,147,,,Tunis,,36.725209,9.922439,Google Maps,,1,bordj el khalsi,1455,Borj Amri,Mannouba,Nord Est,centroid,,8.260,0.741
399,pop_eur_462,Québar-Labiod,Québar-Labiod,989,,,Tunis,,,,,,,quebar labiod,,,Tunis,Nord Est,hist_unit_governorate,,,
400,pop_eur_463,Bou-Ksira,Bou-Ksira,171,,,Tunis,,36.83083,9.87778,Geonames,,1,bou ksira,1457,Tebourba,Mannouba,Nord Est,centroid,,3.525,2.079
401,pop_eur_464,"Eddekila, El-Goussa",El-Goussa,381,,,Tunis,,36.86343,9.710727,Google Maps,,1,el goussa,1458,El Battane,Mannouba,Nord Est,centroid,,7.877,3.965
402,pop_eur_466,El-Hattermine,El-Hattermine,411,,,Tunis,,,,,,,el hattermine,,,Tunis,Nord Est,hist_unit_governorate,,,
403,pop_eur_467,"Schuiggui, Oued-Chahir",Oued-Chahir,833,,,Tunis,,36.8789035454845,9.80268817896235,Google Maps,,1,oued chahir,1457,Tebourba,Mannouba,Nord Est,centroid,,6.092,4.766
404,pop_eur_468,Mafrine,Mafrine,708,,,Tunis,,36.66667,10.05167,Geonames,,1,mafrine,1360,Mohamedia,Ben Arous,Nord Est,centroid,,9.234,0.995
405,pop_eur_469,Bordj-Touta,Bordj-Touta,153,,,Tunis,,36.882442,9.51667,Geonames,,1,bordj touta,1755,Djoumine,Bizerte,Nord Est,centroid,,11.212,6.557
406,pop_eur_47,Henchir Bed et Douirat,Douirat,287,,,Medjez-el-Bab,,,,,,,douirat,2159,Medjez El Bab,Béja,Nord Ouest,hist_unit_delegation,,,
407,pop_eur_47,Henchir Bed et Douirat,Henchir Bed,591,,,Medjez-el-Bab,,36.79579,9.57849,Geonames,Douar bed.,1,henchir bed,2159,Medjez El Bab,Béja,Nord Ouest,centroid,,9.735,4.442
408,pop_eur_472,Khelij,Khelij,648,,,Tunis,,36.95278,10.17472,Geonames,,1,khelij,1253,Raoued,Ariana,Nord Est,centroid,,1.300,7.771
409,pop_eur_474,Ed-Derijah,Ed-Derijah,301,,,Tunis,,36.61389,9.8425,Geonames,,1,ed derijah,1455,Borj Amri,Mannouba,Nord Est,centroid,,12.702,2.386
410,pop_eur_475,Oudna,Oudna,830,,,Tunis,,36.59948,10.18305,Geonames,,1,oudna,1360,Mohamedia,Ben Arous,Nord Est,centroid,,8.829,3.362
411,pop_eur_476,La Mohomédia,Mohamedia,795,,,Tunis,,36.675664,10.153402,Google Maps,,1,mohamedia,1360,Mohamedia,Ben Arous,Nord Est,name_and_centroid,1.0000,0.121,3.982
412,pop_eur_477,Cheylus,Cheylus,213,,,Tunis,,36.5552387478333,10.0613523043133,Google Maps,,1,cheylus,1653,Bir Mchergua,Zaghouan,Nord Est,centroid,,10.289,5.466
413,pop_eur_478,Sidi-Fredj-Bou-Touta,Sidi-Fredj-Bou-Touta,1086,,,Tunis,,36.64096,10.10131,Geonames,,1,sidi fredj bou touta,1360,Mohamedia,Ben Arous,Nord Est,centroid,,6.127,3.779
414,pop_eur_479,Bou-El-Rebia et Oudna,Bou-El-Rebia,163,,,Tunis,,36.59833,10.12111,Geonames,,1,bou el rebia,1360,Mohamedia,Ben Arous,Nord Est,centroid,,9.098,4.039
415,pop_eur_479,Bou-El-Rebia et Oudna,Oudna,829,,,Tunis,,,,,,,oudna,,,Tunis,Nord Est,hist_unit_governorate,,,
416,pop_eur_48,Propriétés isolées de la rive gauche de la Medjerdah,,1224,,,Medjez-el-Bab,,,,,,,,2159,Medjez El Bab,Béja,Nord Ouest,hist_unit_delegation,,,
417,pop_eur_482,Fourchana,Fouchana,530,,,Tunis,,36.699714,10.167437,Google Maps,,1,fouchana,1361,Fouchana,Ben Arous,Nord Est,name_and_centroid,1.0000,1.156,1.738
418,pop_eur_483,M'Rira,M'Rira,808,,,Tunis,,36.71877,10.15907,Geonames,,1,mrira,1361,Fouchana,Ben Arous,Nord Est,centroid,,1.662,2.606
419,pop_eur_484,Sidi-Tabet,Sidi-Thabet,1102,,,Tunis,,36.926323,10.045836,Google Maps,,1,sidi thabet,1255,Sidi Thabet,Ariana,Nord Est,name_and_centroid,1.0000,1.731,7.849
420,pop_eur_485,Sedjoumi et Mehou,Sijoumi,1104,,,Tunis,,36.793849,10.156739,Google Maps,,1,sijoumi,1161,Sijoumi,Tunis,Nord Est,name_and_centroid,1.0000,0.202,1.258
421,pop_eur_487,Djebel-Djelloud,Djebel-Djelloud,254,,,Tunis,,36.772788,10.209442,Google Maps,,1,djebel djelloud,1168,Djebel Djelloud,Tunis,Nord Est,name_and_centroid,1.0000,0.152,1.853
422,pop_eur_489,Contrôle de Zaghouan et autres centres non dénommées en 1921,,1236,,,Tunis,,,,,,,,,,Tunis,Nord Est,hist_unit_governorate,,,
423,pop_eur_493,"Sainte-Marie-du-Zit (Ksar-Soudan, Farshine, Oued-Ramel) (région)",Sainte-Marie-du-Zit,1022,,,Zaghouan,,36.4183438699199,10.3041731960309,Google Maps,,1,sainte marie du zit,1652,Ez-Zeriba,Zaghouan,Nord Est,centroid,,13.657,0.811
424,pop_eur_494,Moghrane et Aïn-Djour (région),Aïn-Djour,15,,,Zaghouan,,36.426464,10.091274,Google Maps,Mograne.,1,ain djour,1651,Zaghouan,Zaghouan,Nord Est,centroid,,5.453,9.950
425,pop_eur_498,Zriba-Battaria (région),Battaria,77,,,Zaghouan,,36.32695,10.21286,Geonames,,1,battaria,1652,Ez-Zeriba,Zaghouan,Nord Est,centroid,,5.724,4.582
426,pop_eur_50,Route de Mateur,,1227,,,Bizerte,,,,,,,,,,Bizerte,Nord Est,hist_unit_governorate,,,
427,pop_eur_504,"Plaines de Smindja, Beui-Draj, Les Souiennettes, Djima, Moghrane, Bir-Halima, El-Aouja, Mine de Sidi-Taya, Aïn-Djour, Oued-Sebahia",Beui-Draj,121,,,Zaghouan,,,,,,,beui draj,,,Zaghouan,Nord Est,hist_unit_governorate,,,
428,pop_eur_504,"Plaines de Smindja, Beui-Draj, Les Souiennettes, Djima, Moghrane, Bir-Halima, El-Aouja, Mine de Sidi-Taya, Aïn-Djour, Oued-Sebahia",Djima,279,,,Zaghouan,,,,,,,djima,,,Zaghouan,Nord Est,hist_unit_governorate,,,
429,pop_eur_504,"Plaines de Smindja, Beui-Draj, Les Souiennettes, Djima, Moghrane, Bir-Halima, El-Aouja, Mine de Sidi-Taya, Aïn-Djour, Oued-Sebahia",El-Aouja,328,,,Zaghouan,,36.41833,9.98083,Geonames,,1,el aouja,1654,El Fahs,Zaghouan,Nord Est,centroid,,8.547,2.307
430,pop_eur_504,"Plaines de Smindja, Beui-Draj, Les Souiennettes, Djima, Moghrane, Bir-Halima, El-Aouja, Mine de Sidi-Taya, Aïn-Djour, Oued-Sebahia",Les Souiennettes,697,,,Zaghouan,,,,,,,les souiennettes,,,Zaghouan,Nord Est,hist_unit_governorate,,,
431,pop_eur_504,"Plaines de Smindja, Beui-Draj, Les Souiennettes, Djima, Moghrane, Bir-Halima, El-Aouja, Mine de Sidi-Taya, Aïn-Djour, Oued-Sebahia",Mine de Sidi-Taya,789,,,Zaghouan,,,,,,,mine de sidi taya,,,Zaghouan,Nord Est,hist_unit_governorate,,,
432,pop_eur_504,"Plaines de Smindja, Beui-Draj, Les Souiennettes, Djima, Moghrane, Bir-Halima, El-Aouja, Mine de Sidi-Taya, Aïn-Djour, Oued-Sebahia",Oued-Sebahia,844,,,Zaghouan,,36.400839,10.213031,Geonames,,1,oued sebahia,1651,Zaghouan,Zaghouan,Nord Est,centroid,,6.202,6.071
433,pop_eur_507,Ségermès (région),Ségermès,1044,,,Zaghouan,,36.337381,10.319099,Google Maps,,1,segermes,1652,Ez-Zeriba,Zaghouan,Nord Est,centroid,,6.328,6.315
434,pop_eur_509,Djebel-Mansour I (région),Djebel-Mansour,257,,,Zaghouan,,36.26388,9.70255,Geonames,,1,djebel mansour,2453,Bou Arada,Siliana,Nord Ouest,centroid,,11.952,7.276
435,pop_eur_51,La Pêcherie,La Pêcherie,682,,,Bizerte,,37.256652,9.837251,Google Maps,,1,la pecherie,1752,Zarzouna,Bizerte,Nord Est,centroid,,4.077,1.572
436,pop_eur_511,Aïn-Zeress (région),Aïn-Zeress,33,,,Zaghouan,,,,,,,ain zeress,,,Zaghouan,Nord Est,hist_unit_governorate,,,
437,pop_eur_513,"Région de Saouaf-Djebebina, et Souar-Mines du DjebEl-Zaghouan et du Djebel-Kohol",,1233,,,Zaghouan,,,,,,,,,,Zaghouan,Nord Est,hist_unit_governorate,,,
438,pop_eur_516,Matmata,Matmata,730,,,Territoires du Sud,,33.544142,9.967566,Google Maps,,1,matmata,5158,Matmata,Gabès,Sud Est,name_and_centroid,1.0000,0.161,14.082
439,pop_eur_518,Bou-Sabah,Bou-Sabah,176,,,Territoires du Sud,,,,,,,bou sabah,,,,,unresolved,,,
440,pop_eur_52,Tindja,Tindja,1159,,,Bizerte,,37.160191,9.764415,Google Maps,,1,tindja,1759,Tinja,Bizerte,Nord Est,centroid,,0.000,7.185
441,pop_eur_520,Métameur,Metameur,779,,,Territoires du Sud,,33.372689,10.441974,Google Maps,,1,metameur,5251,Medenine Nord,Medenine,Sud Est,centroid,,5.211,0.606
442,pop_eur_525,Bordj-el-Boeuf,Bordj-El-Boeuf,146,,,Territoires du Sud,,32.2052,10.0302,Google Maps,Mapcarta.,1,bordj el boeuf,5357,Remada,Tataouine,Sud Est,centroid,,36.652,29.876
443,pop_eur_53,Corniche,Corniche,222,,,Bizerte,,37.295951,9.868143,Google Maps,,1,corniche,1751,Bizerte Nord,Bizerte,Nord Est,centroid,,3.598,0.553
444,pop_eur_54,Transvaal,Transvaal,1170,,,Bizerte,,37.141853,9.782831,Google Maps,http://menzelbourguiba-ex-ferryville.over-blog.fr/article-du-faubourg-des-maraichers-au-transvaal-retour-sur-un-quartier-61268303.html.,1,transvaal,1759,Tinja,Bizerte,Nord Est,centroid,,2.607,2.068
445,pop_eur_55,"Tachoun, El-Aouana, Briqueterie",Briqueterie,181,,,Bizerte,,37.148079,9.777638,Google Maps,http://menzelbourguiba-ex-ferryville.over-blog.fr/article-du-faubourg-des-maraichers-au-transvaal-retour-sur-un-quartier-61268303.html.,1,briqueterie,1759,Tinja,Bizerte,Nord Est,centroid,,1.782,3.659
446,pop_eur_55,"Tachoun, El-Aouana, Briqueterie",Taachoun,1127,,,Bizerte,,37.125932,9.807937,Geonames,,1,taachoun,1758,Menzel Bourguiba,Bizerte,Nord Est,centroid,,1.886,3.526
447,pop_eur_56,"Aïn-Faroua, Béchioua",Aïn-Faroua,19,,,Bizerte,,37.1936,9.762069,Google Maps,Cimetière de Ain Faroua.,1,ain faroua,1759,Tinja,Bizerte,Nord Est,centroid,,3.714,6.340
448,pop_eur_56,"Aïn-Faroua, Béchioua",Béchioua,83,,,Bizerte,,,,,,,bechioua,,,Bizerte,Nord Est,hist_unit_governorate,,,
449,pop_eur_58,"Fretissa, Metthareni",Fretissa,535,,,Bizerte,,36.92399,9.61415,Geonames,,1,fretissa,1756,Mateur,Bizerte,Nord Est,centroid,,9.075,8.895
450,pop_eur_58,"Fretissa, Metthareni",Metthareni,783,,,Bizerte,,,,,,,metthareni,,,Bizerte,Nord Est,hist_unit_governorate,,,
451,pop_eur_59,"Aïn-Rhelal, Mateur (environs)",Aïn-Ghellal,20,,,Bizerte,,37.03,9.874,Google Maps,,1,ain ghellal,1760,Utique,Bizerte,Nord Est,centroid,,6.016,4.747
452,pop_eur_6,Dejbel-Ben-Amar (Fraidjia),Fraijia,534,,,Béja,,36.82369,8.98346,Geonames,Fraijia.,1,fraijia,2153,Amdoun,Béja,Nord Ouest,centroid,,5.463,8.830
453,pop_eur_60,Ferryville (commune),Ferryville,521,,,Bizerte,,37.153727,9.788891,Google Maps,,1,ferryville,1759,Tinja,Bizerte,Nord Est,centroid,,2.281,2.829
454,pop_eur_62,Sedjenane,Sedjenane,1042,,,Bizerte,,37.0576560512723,9.23990483816083,Google Maps,,1,sedjenane,1754,Sedjnane,Bizerte,Nord Est,centroid,,10.278,6.196
455,pop_eur_63,"Tamera, Sidi-Mecherig, Cap-Serrat",Cap-Serrat,184,,,Bizerte,,37.220659,9.209368,Google Maps,,1,cap serrat,1754,Sedjnane,Bizerte,Nord Est,centroid,,10.360,17.193
456,pop_eur_63,"Tamera, Sidi-Mecherig, Cap-Serrat",Sidi-Mecherig,1090,,,Bizerte,,37.164451,9.134574,Google Maps,,1,sidi mecherig,1754,Sedjnane,Bizerte,Nord Est,centroid,,12.880,6.863
457,pop_eur_63,"Tamera, Sidi-Mecherig, Cap-Serrat",Tamera,1135,,,Bizerte,,37.07477,9.140494,Google Maps,Tamra.,1,tamera,2154,Nefza,Béja,Nord Ouest,centroid,,10.848,3.626
458,pop_eur_64,"Aïn-Berda, Aïn-Mériem, Nador, Béchateur et Sfaiat",Aïn-Mériem,24,,,Bizerte,,37.300559,9.854081,Google Maps,,1,ain meriem,1751,Bizerte Nord,Bizerte,Nord Est,centroid,,2.257,2.876
459,pop_eur_64,"Aïn-Berda, Aïn-Mériem, Nador, Béchateur et Sfaiat",Béchateur,80,,,Bizerte,,37.305071,9.740485,Geonames,,1,bechateur,1751,Bizerte Nord,Bizerte,Nord Est,centroid,,7.901,0.754
460,pop_eur_64,"Aïn-Berda, Aïn-Mériem, Nador, Béchateur et Sfaiat",Sfaiat,1055,,,Bizerte,,,,,,,sfaiat,,,Bizerte,Nord Est,hist_unit_governorate,,,
461,pop_eur_65,"Corniche, Nador, Aïn-Berdah, Sidi-Ahmed, Sidi-bou-Hadid",Aïn-Berdah,12,,,Bizerte,,37.302908,9.831814,Google Maps,Ain-Berda.,1,ain berdah,1751,Bizerte Nord,Bizerte,Nord Est,centroid,,0.506,6.028
462,pop_eur_65,"Corniche, Nador, Aïn-Berdah, Sidi-Ahmed, Sidi-bou-Hadid",Nador,812,,,Bizerte,,37.32984,9.83584,Geonames,,1,nador,1751,Bizerte Nord,Bizerte,Nord Est,centroid,,2.565,6.190
463,pop_eur_67,"Djalta, Djefna",Jefna,266,,,Bizerte,,37.038487,9.441189,Geonames,Jefna.,1,jefna,1757,Ghezala,Bizerte,Nord Est,centroid,,7.054,8.624
464,pop_eur_67,"Djalta, Djefna",Jalta,1244,,,Bizerte,,37.07417,9.53222,Geonames,,1,jalta,1757,Ghezala,Bizerte,Nord Est,centroid,,5.316,8.216
465,pop_eur_68,El-Aouna,El-Aouna,329,,,Bizerte,,37.03671038353,9.35656450225608,Google Maps,"Dénombré en 1926 avec les centres de Sedjenane, Tamera, Sidi-Mecherig.",1,el aouna,1757,Ghezala,Bizerte,Nord Est,centroid,,12.549,1.343
466,pop_eur_69,"Michaud, Kholjane, Ras-el-Aïn",Kholjane,654,,,Bizerte,,37.09852,9.69214,Geonames,,1,kholjane,1759,Tinja,Bizerte,Nord Est,centroid,,9.370,2.143
467,pop_eur_69,"Michaud, Kholjane, Ras-el-Aïn",Ras El-Aïn,995,,,Bizerte,,37.067001,9.670396,Google Maps,,1,ras el ain,1756,Mateur,Bizerte,Nord Est,centroid,,7.639,5.641
468,pop_eur_7,Bou-Azam (Sidi-Mimech-Rebahine),Bou-Hazem,167,,,Béja,,36.80094,9.23085,Geonames,,1,bou hazem,2151,Béja Nord,Béja,Nord Ouest,centroid,,1.603,14.577
469,pop_eur_70,"Sidi-bou-Hadid, Sidi-Ahemd, El-Hamila",El-Hamila,400,,,Bizerte,,37.28432,9.70908,Geonames,,1,el hamila,1753,Bizerte Sud,Bizerte,Nord Est,centroid,,5.052,5.919
470,pop_eur_70,"Sidi-bou-Hadid, Sidi-Ahemd, El-Hamila",Sidi-Ahmed,1061,,,Bizerte,,37.247682,9.779529,Google Maps,,1,sidi ahmed,1751,Bizerte Nord,Bizerte,Nord Est,centroid,,7.968,1.297
471,pop_eur_70,"Sidi-bou-Hadid, Sidi-Ahemd, El-Hamila",Sidi-Bou-Hadid,1076,,,Bizerte,,37.2469,9.7192,Google Maps,https://mapcarta.com/fr/17517860.,1,sidi bou hadid,1753,Bizerte Sud,Bizerte,Nord Est,centroid,,4.984,5.437
472,pop_eur_72,"Menzel-Djemil, Aïn-Bittar, Chara",Aïn-Bittar,13,,,Bizerte,,37.247827,9.909697,Google Maps,,1,ain bittar,1752,Zarzouna,Bizerte,Nord Est,centroid,,2.736,1.186
473,pop_eur_72,"Menzel-Djemil, Aïn-Bittar, Chara",Chara,197,,,Bizerte,,,,,,,chara,,,Bizerte,Nord Est,hist_unit_governorate,,,
474,pop_eur_73,"Jalta, Sidi-Salem, Zouggaba, Bou-M'Khila",Bou-M'Khila,174,,,Bizerte,,37.00466,9.579906,Google Maps,Boumkhila.,1,bou mkhila,1756,Mateur,Bizerte,Nord Est,centroid,,6.511,6.967
475,pop_eur_73,"Jalta, Sidi-Salem, Zouggaba, Bou-M'Khila",Sidi-Salem,1100,,,Bizerte,,37.10942,9.54376,Geonames,,1,sidi salem,1757,Ghezala,Bizerte,Nord Est,centroid,,6.038,9.528
476,pop_eur_73,"Jalta, Sidi-Salem, Zouggaba, Bou-M'Khila",Zouggaba,1206,,,Bizerte,,,,,,,zouggaba,,,Bizerte,Nord Est,hist_unit_governorate,,,
477,pop_eur_74,"Sidi-Salem, Zebbous, Zouggaba, Teskraia",Teskraia,1154,,,Bizerte,,37.211113,9.553846,Google Maps,,1,teskraia,1753,Bizerte Sud,Bizerte,Nord Est,centroid,,10.955,3.589
478,pop_eur_74,"Sidi-Salem, Zebbous, Zouggaba, Teskraia",Zebbous,1194,,,Bizerte,,,,,,,zebbous,,,Bizerte,Nord Est,hist_unit_governorate,,,
479,pop_eur_75,"Raf-Raf, Ras-el-Djebel, Metline, Cap-Zebib",Cap-Zebib,185,,,Bizerte,,37.251525,10.072768,Google Maps,,1,cap zebib,1764,Ras Djebel,Bizerte,Nord Est,centroid,,6.099,3.571
480,pop_eur_76,"Porto-Farina, Ras-Djebel",Ras-Djebel,993,,,Bizerte,,37.21572,10.1253,Geonames,,1,ras djebel,1764,Ras Djebel,Bizerte,Nord Est,name_and_centroid,1.0000,0.294,5.186
481,pop_eur_77,"Mabtouha, El-Hadjerine, Bessazia, Protville, Tahouna, et de Carnières",Bessazia,119,,,Bizerte,,,,,,,bessazia,,,Bizerte,Nord Est,hist_unit_governorate,,,
482,pop_eur_77,"Mabtouha, El-Hadjerine, Bessazia, Protville, Tahouna, et de Carnières",El-Hadjerine,396,,,Bizerte,,36.95861,10.01639,Geonames,,1,el hadjerine,1255,Sidi Thabet,Ariana,Nord Est,centroid,,5.951,5.255
483,pop_eur_77,"Mabtouha, El-Hadjerine, Bessazia, Protville, Tahouna, et de Carnières",Mabtouha,706,,,Bizerte,,36.977486,9.956678,Google Maps,Mabtouh.,1,mabtouha,1760,Utique,Bizerte,Nord Est,centroid,,7.029,3.856
484,pop_eur_77,"Mabtouha, El-Hadjerine, Bessazia, Protville, Tahouna, et de Carnières",Protville,987,,,Bizerte,,36.992086,10.06452,Google Maps,,1,protville,1254,Kalaât El Andalous,Ariana,Nord Est,centroid,,9.168,0.000
485,pop_eur_78,"Besbessia, El-Bridji, TallEl-el-Baghia",El-Bridji,351,,,Bizerte,,37.037555,9.895941,Google Maps,"E.P. EL BRIJ + MANAR AIN GHELAL (Instance Supérieure pour les Élections (ISIE), Annuaire des centres de votes, 2022).",1,el bridji,1760,Utique,Bizerte,Nord Est,centroid,,3.983,6.951
486,pop_eur_78,"Besbessia, El-Bridji, TallEl-el-Baghia",Tallet-El-Baghia,1134,,,Bizerte,,,,,,,tallet el baghia,,,Bizerte,Nord Est,hist_unit_governorate,,,
487,pop_eur_79,"De Carnières, Tahouna, Menzel-Amor",Menzel-Amor,753,,,Bizerte,,,,,,,menzel amor,,,Bizerte,Nord Est,hist_unit_governorate,,,
488,pop_eur_79,"De Carnières, Tahouna, Menzel-Amor",Tahouna,1131,,,Bizerte,,37.0475,9.965,Geonames,,1,tahouna,1760,Utique,Bizerte,Nord Est,centroid,,2.317,11.222
489,pop_eur_80,Ile de la Galite,Ile de la Galite,610,,,Bizerte,,37.5303,8.933494,Google Maps,,1,ile de la galite,1754,Sedjnane,Bizerte,Nord Est,centroid,,52.428,8.370
490,pop_eur_82,Sidi-N'eir,Sidi-NSir,1096,,,Bizerte,,36.765991,9.369708,Google Maps,"E.P. SIDI NSIR KEF GRAB (Instance Supérieure pour les Élections (ISIE), Annuaire des centres de votes, 2022).",1,sidi nsir,2151,Béja Nord,Béja,Nord Ouest,centroid,,13.156,2.147
491,pop_eur_83,"Sidi-N'eir, Bou-M'Kila, El-Arima",El-Arima,333,,,Bizerte,,36.994592,9.608764,Google Maps,"E.P. EL ARIMA (Instance Supérieure pour les Élections (ISIE), Annuaire des centres de votes, 2022).",1,el arima,1756,Mateur,Bizerte,Nord Est,centroid,,3.968,12.095
492,pop_eur_84,"Besbessia, Fartoute, Bridje et Teltelbagala",Fartoute,510,,,Bizerte,,37.080824,9.956632,Geonames,,1,fartoute,1760,Utique,Bizerte,Nord Est,centroid,,4.793,5.295
493,pop_eur_86,Menzel-Abderrahman,Menzel-Abderrahman,752,Bizerte,Bizerte,Bizerte,,37.236276,9.855015,Google Maps,,1,menzel abderrahman,1752,Zarzouna,Bizerte,Nord Est,centroid,,3.663,4.118
494,pop_eur_87,Ile Cani,Ile Cani,609,,,Bizerte,,37.355316,10.123625,Google Maps,,1,ile cani,1764,Ras Djebel,Bizerte,Nord Est,centroid,,15.706,5.067
495,pop_eur_88,"Transvaal, Bellevue",Bellevue,90,,,Bizerte,,,,,,,bellevue,,,Bizerte,Nord Est,hist_unit_governorate,,,
496,pop_eur_89,Zarzouna,Zarzouna,1192,,,Bizerte,,37.260509,9.883146,Google Maps,,1,zarzouna,1752,Zarzouna,Bizerte,Nord Est,name_and_centroid,1.0000,0.000,6.614
497,pop_eur_9,El-Ghodor (Ouled Begrat),El-Ghodor (Ouled Begrat),374,,,Béja,,,,,,,el ghodor ouled begrat,,,Béja,Nord Ouest,hist_unit_governorate,,,
498,pop_eur_90,"El-Azib, El-Ariza, Aïn-Bouras, El-Alia",Aïn-Bouras,14,,,Bizerte,,37.210843,9.966029,Google Maps,,1,ain bouras,1762,Menzel Djemil,Bizerte,Nord Est,centroid,,2.564,2.609
499,pop_eur_90,"El-Azib, El-Ariza, Aïn-Bouras, El-Alia",El-Ariza,334,,,Bizerte,,,,,,,el ariza,,,Bizerte,Nord Est,hist_unit_governorate,,,
500,pop_eur_92,Zana et Utique,Zana,1184,,,Bizerte,,37.040551,10.038027,Google Maps,,1,zana,1254,Kalaât El Andalous,Ariana,Nord Est,centroid,,7.630,0.982
501,pop_eur_93,"El-Haouied, Gournata, Fartout",El-Haouied,407,,,Bizerte,,,,,,,el haouied,,,Bizerte,Nord Est,hist_unit_governorate,,,
502,pop_eur_93,"El-Haouied, Gournata, Fartout",Gournata,557,,,Bizerte,,37.09861,9.99972,Geonames,,1,gournata,1763,El Alia,Bizerte,Nord Est,centroid,,7.757,0.621
503,pop_eur_94,Autres centres non dénomés en 1911,,1212,,,Bizerte,,,,,,,,,,Bizerte,Nord Est,hist_unit_governorate,,,
504,pop_eur_95,Guengla,Guengla,561,,,Bizerte,,37.176427,9.78339,Google Maps,,1,guengla,1759,Tinja,Bizerte,Nord Est,centroid,,2.463,4.960
505,pop_eur_97,Chenini,Chenini,208,Aradh,Aradh,Gabès,,33.872785,10.062594,Google Maps,,1,chenini,5152,Gabes Ouest,Gabès,Sud Est,centroid,,0.598,3.489
506,pop_eur_98,El-Aouinet,El-Aouinet,327,,,Gabès,,33.984888,10.004186,Google Maps,,1,el aouinet,5155,El Metouia,Gabès,Sud Est,centroid,,3.289,4.178
507,pop_eur_99,El-Hamma (commune),El-Hamma,401,,,Gabès,,33.8841,9.79184,Google Maps,,1,el hamma,5157,El Hamma,Gabès,Sud Est,name_and_centroid,1.0000,19.000,2.827
508,pop_tun_1,Seloul et Oulad-Helal,Oulad-Helal,852,Ain-Draham,Ain-Draham,Tabarka,,36.716139,8.634492,Geonames,,1,oulad helal,2256,Fernana,Jendouba,Nord Ouest,centroid,,6.655,3.294
509,pop_tun_1,Seloul et Oulad-Helal,Seloul,1047,Ain-Draham,Ain-Draham,Tabarka,,36.716139,8.634492,Geonames,,1,seloul,2256,Fernana,Jendouba,Nord Ouest,centroid,,6.655,3.294
510,pop_tun_10,El-Ajarda et El-Ghouanem,El-Ajarda,312,Ain-Draham,Ain-Draham,Tabarka,,36.8682,8.946085,Google Maps,Recensement 1956.,1,el ajarda,2153,Amdoun,Béja,Nord Ouest,centroid,,10.762,0.273
511,pop_tun_10,El-Ajarda et El-Ghouanem,El-Ghouanem,376,Ain-Draham,Ain-Draham,Tabarka,,36.8682,8.946085,Google Maps,Recensement 1956.,2,el ghouanem,2153,Amdoun,Béja,Nord Ouest,centroid,,10.762,0.273
512,pop_tun_100,Porto-Farina,Porto-Farina,986,Bizerte,Bizerte,Bizerte,,37.156795,10.232743,Google Maps,,1,porto farina,1761,Ghar El Meleh,Bizerte,Nord Est,centroid,,11.241,0.350
513,pop_tun_102,Trabelsia,Trabelsia,1168,Bizerte,Bizerte,Bizerte,,37.073924,9.892811,Google Maps,Recensement 1956.,1,trabelsia,1760,Utique,Bizerte,Nord Est,centroid,,5.715,1.965
514,pop_tun_103,Troud,Troud,1174,Bizerte,Bizerte,Bizerte,,36.978998,9.929139,Google Maps,Recensement 1956.,1,troud,1760,Utique,Bizerte,Nord Est,centroid,,6.798,6.082
515,pop_tun_104,Raf-Raf,Raf-Raf,991,Bizerte,Bizerte,Bizerte,,37.1900824717558,10.1832343878014,Google Maps,,1,raf raf,1764,Ras Djebel,Bizerte,Nord Est,centroid,,5.944,1.242
516,pop_tun_105,Marnissa,Marnissa,723,Bizerte,Bizerte,Bizerte,,37.31554,9.72344,Geonames,,1,marnissa,1753,Bizerte Sud,Bizerte,Nord Est,centroid,,8.413,1.033
517,pop_tun_106,Hicher,Hicher,602,Bizerte,Bizerte,Bizerte,,37.28314,9.6409,Geonames,,1,hicher,1753,Bizerte Sud,Bizerte,Nord Est,centroid,,3.615,13.292
518,pop_tun_107,Louata,Louata,700,Bizerte,Bizerte,Bizerte,,37.21,9.747532,Google Maps,,1,louata,1759,Tinja,Bizerte,Nord Est,centroid,,5.727,3.266
519,pop_tun_108,Ababsa,Ababsa,1,,Mateur,Bizerte,,37.181225,9.377826,Google Maps,Recensement 1956.,1,ababsa,1754,Sedjnane,Bizerte,Nord Est,centroid,,9.686,3.374
520,pop_tun_109,Arab-Majour,Arab-Majour,50,,Mateur,Bizerte,,36.94827,9.67243,Geonames,,1,arab majour,1756,Mateur,Bizerte,Nord Est,centroid,,5.949,11.936
521,pop_tun_11,El-Tebaïnia et El-Rekhaïsia,El-Rekhaïsia,486,Ain-Draham,Ain-Draham,Tabarka,,36.775638,8.767468,Google Maps,Recensement 1956.,2,el rekhaisia,2255,Ain Draham,Jendouba,Nord Ouest,centroid,,5.819,9.784
522,pop_tun_11,El-Tebaïnia et El-Rekhaïsia,El-Tebaïnia,494,Ain-Draham,Ain-Draham,Tabarka,,36.775638,8.767468,Google Maps,Tbainia.,1,el tebainia,2255,Ain Draham,Jendouba,Nord Ouest,centroid,,5.819,9.784
523,pop_tun_110,Behaia,Behaia,85,,Mateur,Bizerte,,36.943381,9.605161,Google Maps,"E.P. BAHAYA (Instance Supérieure pour les Élections (ISIE), Annuaire des centres de votes, 2022).",1,behaia,1756,Mateur,Bizerte,Nord Est,centroid,,7.550,11.816
524,pop_tun_111,Berrais,Berrais,117,,Mateur,Bizerte,,36.925113,9.42058,Google Maps,"E.P. DEMNET ERREBH - BERRAES (Instance Supérieure pour les Élections (ISIE), Annuaire des centres de votes, 2022).",1,berrais,1755,Djoumine,Bizerte,Nord Est,centroid,,3.503,16.012
525,pop_tun_112,Chenana,Chenana,207,,Mateur,Bizerte,,36.9351816378852,9.33844004263527,Google Maps,,1,chenana,1755,Djoumine,Bizerte,Nord Est,centroid,,6.037,10.156
526,pop_tun_113,Dhouaouda,Dhouaouda,242,,Mateur,Bizerte,,37.022,9.40433,Geonames,,1,dhouaouda,1757,Ghezala,Bizerte,Nord Est,centroid,,10.393,2.899
527,pop_tun_114,El-Arab,El-Arab,330,,Mateur,Bizerte,,37.15434,9.54629,Geonames,,1,el arab,1757,Ghezala,Bizerte,Nord Est,centroid,,8.949,6.430
528,pop_tun_115,Ghezala,Ghezala,552,,Mateur,Bizerte,,37.07,9.54,Google Maps,,1,ghezala,1757,Ghezala,Bizerte,Nord Est,name_and_centroid,1.0000,6.139,6.566
529,pop_tun_116,Hechachna,Hechachna,587,,Mateur,Bizerte,,37.12982,9.28741,Geonames,Hachachna.,1,hechachna,1754,Sedjnane,Bizerte,Nord Est,centroid,,1.882,15.431
530,pop_tun_117,Kef-Gherab,Kef-Gherab,635,,Mateur,Bizerte,,36.8639,9.45733,Geonames,,1,kef gherab,1755,Djoumine,Bizerte,Nord Est,centroid,,7.153,13.325
531,pop_tun_118,Maalia,Maalia,703,,Mateur,Bizerte,,37.06762,9.31786,Geonames,,1,maalia,1754,Sedjnane,Bizerte,Nord Est,centroid,,9.290,5.216
532,pop_tun_12,Oulad-Amor et Zouaoua,Ouled-Amor et Zouaoua,867,Ain-Draham,Ain-Draham,Tabarka,,36.941612,8.674471,Google Maps,Recensement 1956.,1,ouled amor et zouaoua,2254,Tabarka,Jendouba,Nord Ouest,centroid,,14.706,2.684
533,pop_tun_121,Neffat,Neffat,819,,Mateur,Bizerte,,37.0434967390811,9.75583985677135,Geonames,Nefat.,1,neffat,1756,Mateur,Bizerte,Nord Est,centroid,,10.327,0.259
534,pop_tun_122,Oulad-El-May,Ouled-El-May,902,,Mateur,Bizerte,,37.14704,9.45931,Geonames,,1,ouled el may,1757,Ghezala,Bizerte,Nord Est,centroid,,6.030,10.002
535,pop_tun_123,Oulad-Ghanem,Ouled-Ghanem,911,,Mateur,Bizerte,,36.99196,9.35422,Geonames,,1,ouled ghanem,1755,Djoumine,Bizerte,Nord Est,centroid,,10.496,5.343
536,pop_tun_124,Sehabna,Sehabna,1045,,Mateur,Bizerte,,37.0958776664766,9.15665583182453,Google Maps,,1,sehabna,1754,Sedjnane,Bizerte,Nord Est,centroid,,12.063,1.528
537,pop_tun_125,Semmane,Semmane,1052,,Mateur,Bizerte,,36.834271,9.464332,Google Maps,"E.P. SAYAH - SEMMAN (Instance Supérieure pour les Élections (ISIE), Annuaire des centres de votes, 2022).",1,semmane,1755,Djoumine,Bizerte,Nord Est,centroid,,9.888,8.879
538,pop_tun_126,Tahint,Tahint,1130,,Mateur,Bizerte,,36.9005564641922,9.48963160575569,Google Maps,,1,tahint,1755,Djoumine,Bizerte,Nord Est,centroid,,8.587,9.615
539,pop_tun_127,Touajnia,Touajnia,1160,,Mateur,Bizerte,,36.9797946778213,9.25226812725864,Geonames,,1,touajnia,1755,Djoumine,Bizerte,Nord Est,centroid,,15.132,0.920
540,pop_tun_128,Djebeniana,Djebeniana,262,Djebeniana,Djebeniana,Sfax,,35.04,10.91,Google Maps,,1,djebeniana,3458,Djebeniana,Sfax,Centre Est,name_and_centroid,1.0000,0.542,11.314
541,pop_tun_129,Sidi-Hassem-Bel-Hadj,Sidi-Hassen-Bel-Hadj,1087,Djebeniana,Djebeniana,Sfax,,35.18632,10.795192,Google Maps,,1,sidi hassen bel hadj,3460,El Hencha,Sfax,Centre Est,centroid,,8.547,5.952
542,pop_tun_13,El-Touajnia et El-Hasaïnia,El-Hasaïnia,410,Ain-Draham,Ain-Draham,Tabarka,,36.918447,8.892698,Google Maps,Recensement 1956.,2,el hasainia,2254,Tabarka,Jendouba,Nord Ouest,centroid,,4.942,13.036
543,pop_tun_13,El-Touajnia et El-Hasaïnia,El-Touajnia,496,Ain-Draham,Ain-Draham,Tabarka,,36.918447,8.892698,Google Maps,Recensement 1956.,1,el touajnia,2254,Tabarka,Jendouba,Nord Ouest,centroid,,4.942,13.036
544,pop_tun_130,Mellouleche,Mellouleche,748,Djebeniana,Djebeniana,Sfax,,35.166053,11.035101,Google Maps,,1,mellouleche,3359,Melloulech,Mahdia,Centre Est,centroid,,0.172,10.003
545,pop_tun_131,Oulad-Hadj,Ouled-Hadj,916,Djebeniana,Djebeniana,Sfax,,35.204574,11.000469,Google Maps,Recensement 1956.,1,ouled hadj,3359,Melloulech,Mahdia,Centre Est,centroid,,5.137,5.378
546,pop_tun_132,Oulad-el-Massekhe et Oulad-Bou-Semir,Ouled-El-Massekhe et Ouled-Bou-Semir,901,Djebeniana,Djebeniana,Sfax,,35.084039,10.973176,Google Maps,Ouled Bousmir.,1,ouled el massekhe et ouled bou semir,3458,Djebeniana,Sfax,Centre Est,centroid,,7.961,2.834
547,pop_tun_134,El-Gheraba,El-Gheraba,370,Djebeniana,Djebeniana,Sfax,,34.942699,10.745073,Google Maps,Al Ghraba.,1,el gheraba,3459,El Amra,Sfax,Centre Est,centroid,,10.741,4.815
548,pop_tun_135,El-Kheriba,El-Kheriba,436,Djebeniana,Djebeniana,Sfax,,34.983057,10.895782,Google Maps,Autre nom de El Amra.,1,el kheriba,3459,El Amra,Sfax,Centre Est,centroid,,5.598,0.312
549,pop_tun_136,Ahzeg et Louza,Ahzeg,9,Djebeniana,Djebeniana,Sfax,,35.02806,10.96051,Google Maps,Hazeg.,1,ahzeg,3458,Djebeniana,Sfax,Centre Est,centroid,,4.748,8.414
550,pop_tun_136,Ahzeg et Louza,Louza,702,Djebeniana,Djebeniana,Sfax,,35.03,11,Google Maps,,1,louza,3458,Djebeniana,Sfax,Centre Est,centroid,,8.291,7.281
551,pop_tun_137,El-Ketatna,El-Ketatna,427,Djebeniana,Djebeniana,Sfax,,34.938009,10.86866,Google Maps,Ktetna.,1,el ketatna,3459,El Amra,Sfax,Centre Est,centroid,,0.569,10.825
552,pop_tun_138,El-Toualbia,El-Toualbia,497,Djebeniana,Djebeniana,Sfax,,34.93361,10.84028,Geonames,,1,el toualbia,3459,El Amra,Sfax,Centre Est,centroid,,2.205,10.688
553,pop_tun_139,El-Khecharma,El-Khecharma,430,Djebeniana,Djebeniana,Sfax,,35.01667,10.78333,Geonames,Khecherma.,1,el khecharma,3459,El Amra,Sfax,Centre Est,centroid,,11.152,0.456
554,pop_tun_14,Oulad-ben-Saïd,Ouled-Ben-Saïd,874,Ain-Draham,Ain-Draham,Tabarka,,36.891243,8.746054,Google Maps,Recensement 1956.,1,ouled ben said,2254,Tabarka,Jendouba,Nord Ouest,centroid,,8.535,3.672
555,pop_tun_140,El-Messatria et Oulad-Hassen,El-Messatria,471,Djebeniana,Djebeniana,Sfax,,35.01,10.9,Google Maps,Msetria.,1,el messatria,3458,Djebeniana,Sfax,Centre Est,centroid,,2.913,5.517
556,pop_tun_140,El-Messatria et Oulad-Hassen,Ouled-Hassen,921,Djebeniana,Djebeniana,Sfax,,34.99,10.92639,Geonames,,1,ouled hassen,3458,Djebeniana,Sfax,Centre Est,centroid,,5.259,2.712
557,pop_tun_141,El-Adjenga,El-Adjenga,308,Djebeniana,Djebeniana,Sfax,,35.125646,10.887619,Google Maps,Aajanka.,1,el adjenga,3458,Djebeniana,Sfax,Centre Est,centroid,,10.227,3.050
558,pop_tun_142,El-Djemal,El-Djemal,356,Djebeniana,Djebeniana,Sfax,,35.047451,10.712056,Google Maps,"Recensement 1956, Ouled Amor Djemmal.",2,el djemal,3460,El Hencha,Sfax,Centre Est,centroid,,8.811,9.138
559,pop_tun_143,El-Hencha,El-Hencha,413,Djebeniana,Djebeniana,Sfax,,35.119239,10.740723,Google Maps,,1,el hencha,3460,El Hencha,Sfax,Centre Est,name_and_centroid,1.0000,0.434,17.469
560,pop_tun_144,Zelba,Zelba,1198,Djebeniana,Djebeniana,Sfax,El Jem,35.200313,10.846139,Google Maps,,1,zelba,3460,El Hencha,Sfax,Centre Est,centroid,,12.794,3.625
561,pop_tun_145,El-Hadaia,El-Hadaia,392,Djelass,Djelass,Kairouan,,35.42869,9.64691,Geonames,Hadaya.,1,el hadaia,4158,Hajeb el Ayoun,Kairouan,Centre Ouest,centroid,,10.092,8.272
562,pop_tun_146,Zeurg et El-Ayaicha,El-Ayaicha,342,Djelass,Djelass,Kairouan,,35.682675,9.759121,Google Maps,"Recensement 1956, Zorg-el-Aichi.",1,el ayaicha,4156,Haffouz,Kairouan,Centre Ouest,centroid,,9.173,7.708
563,pop_tun_146,Zeurg et El-Ayaicha,Zeurg,1202,Djelass,Djelass,Kairouan,,35.682675,9.759121,Google Maps,"Recensement 1956, Zorg-el-Aichi.",1,zeurg,4156,Haffouz,Kairouan,Centre Ouest,centroid,,9.173,7.708
564,pop_tun_147,Toual et Fedhoul,Toual et Fedhoul,1161,Djelass,Djelass,Kairouan,,35.678752,9.376327,Google Maps,"E.P. TOUAL - EL ALA (Instance Supérieure pour les Élections (ISIE), Annuaire des centres de votes, 2022).",1,toual et fedhoul,2459,Kesra,Siliana,Nord Ouest,centroid,,15.007,3.238
565,pop_tun_148,Djerirat,Djerirat,275,Djelass,Djelass,Kairouan,,35.969382,10.097838,Google Maps,"Recensement 1956, Dherairat.",2,djerirat,4154,Sbikha,Kairouan,Centre Ouest,centroid,,8.247,8.909
566,pop_tun_149,Oulad Zaid,Ouled-Zaid,971,Djelass,Djelass,Kairouan,,35.51306,9.56778,Geonames,,1,ouled zaid,4157,El Alaa,Kairouan,Centre Ouest,centroid,,11.270,1.992
567,pop_tun_15,Oulad Yahia,Ouled-Yahia,965,Ain-Draham,Ain-Draham,Tabarka,,36.910083,8.741639,Google Maps,,1,ouled yahia,2254,Tabarka,Jendouba,Nord Ouest,centroid,,8.497,5.614
568,pop_tun_150,Messaid,Messaid,774,Djelass,Djelass,Kairouan,,35.705027,9.510749,Google Maps,"E.P. MESSAID (Instance Supérieure pour les Élections (ISIE), Annuaire des centres de votes, 2022).",1,messaid,4157,El Alaa,Kairouan,Centre Ouest,centroid,,11.081,5.710
569,pop_tun_151,Oulad Chehib,Ouled-Chehib,887,Djelass,Djelass,Kairouan,,36,9.75,Geonames,,1,ouled chehib,4155,El Ouslatia,Kairouan,Centre Ouest,centroid,,13.400,3.520
570,pop_tun_152,Dhouibat,Dhouibat,243,Djelass,Djelass,Kairouan,,35.27889,9.96333,Geonames,,1,dhouibat,4159,Nasrallah,Kairouan,Centre Ouest,centroid,,14.807,0.417
571,pop_tun_153,El-Ghouiba-Essouda,El-Ghouiba-Essouda,377,Djelass,Djelass,Kairouan,,35.3725,9.58022,Geonames,Ghouiba.,1,el ghouiba essouda,4158,Hajeb el Ayoun,Kairouan,Centre Ouest,centroid,,4.202,13.933
572,pop_tun_154,Oulad El-Hadj Kaoub,Ouled-El-Hadj Kaoub,897,Djelass,Djelass,Kairouan,,35.826301,9.578018,Google Maps,Recensement 1956.,1,ouled el hadj kaoub,4155,El Ouslatia,Kairouan,Centre Ouest,centroid,,11.755,7.445
573,pop_tun_155,El-Brikat,El-Brikat,352,Djelass,Djelass,Kairouan,,35.253397,9.939045,Geonames,"E.P. BRIKETTE - NASRALLAH (Instance Supérieure pour les Élections (ISIE), Annuaire des centres de votes, 2022).",1,el brikat,4159,Nasrallah,Kairouan,Centre Ouest,centroid,,14.983,2.246
574,pop_tun_156,Chott,Chott,215,Djelass,Djelass,Kairouan,,35.65068,9.99041,Geonames,Henchir El chott.,1,chott,4153,Echebika,Kairouan,Centre Ouest,centroid,,6.851,3.312
575,pop_tun_157,Cherarda,Cherarda,211,Djelass,Djelass,Kairouan,,35.119241,10.03026,Google Maps,,1,cherarda,4160,Echrarda,Kairouan,Centre Ouest,centroid,,0.326,14.677
576,pop_tun_158,El-Kantra,El-Kantra,422,Djelass,Djelass,Kairouan,,35.4218025808277,9.50420159587667,Google Maps,,1,el kantra,4158,Hajeb el Ayoun,Kairouan,Centre Ouest,centroid,,4.591,13.628
577,pop_tun_159,Cheraitia,Cheraitia,210,Djelass,Djelass,Kairouan,,35.1779714943159,10.059929696052,Google Maps,,1,cheraitia,4160,Echrarda,Kairouan,Centre Ouest,centroid,,6.976,8.804
578,pop_tun_16,El-Haouamdia,El-Haouamdia,405,Ain-Draham,Ain-Draham,Tabarka,,36.93139,8.78528,Geonames,,1,el haouamdia,2254,Tabarka,Jendouba,Nord Ouest,centroid,,4.907,12.720
579,pop_tun_160,Chouamekh-el-Djehinat,Chouamekh-El-Djehinat,216,Djelass,Djelass,Kairouan,,35.308063,9.958006,Geonames,Jhina.,1,chouamekh el djehinat,4159,Nasrallah,Kairouan,Centre Ouest,centroid,,12.835,0.029
580,pop_tun_161,Oulad Ferdjallah,Ouled-Ferdjallah,906,Djelass,Djelass,Kairouan,,35.189057,10.189176,Google Maps,"E.P. EL MANARA OULED FRAJ ALLAH (Instance Supérieure pour les Élections (ISIE), Annuaire des centres de votes, 2022).",1,ouled ferdjallah,3355,Hebira,Mahdia,Centre Est,centroid,,4.780,11.324
581,pop_tun_162,El-Mouissat,El-Mouissat,475,Djelass,Djelass,Kairouan,,35.375,9.95444,Geonames,,1,el mouissat,4161,Bouhajla,Kairouan,Centre Ouest,centroid,,8.961,2.793
582,pop_tun_163,Oulad M'Barek et Achour,Ouled-M'Barek et Achour,936,Djelass,Djelass,Kairouan,,35.33028,10.05833,Geonames,,1,ouled mbarek et achour,4161,Bouhajla,Kairouan,Centre Ouest,centroid,,7.383,13.679
583,pop_tun_164,Saanine,Saanine,1014,Djelass,Djelass,Kairouan,,35.917369,9.648868,Google Maps,"E.P. SAANINE - ZAGHDOUD (Instance Supérieure pour les Élections (ISIE), Annuaire des centres de votes, 2022).",1,saanine,4155,El Ouslatia,Kairouan,Centre Ouest,centroid,,3.701,17.452
584,pop_tun_165,Bin-El-Adjbel,Bin-El-Adjbel,122,Djelass,Djelass,Kairouan,,35.21778,9.8125,Google Maps,Bin el Jebeel.,1,bin el adjbel,4159,Nasrallah,Kairouan,Centre Ouest,centroid,,15.065,0.910
585,pop_tun_166,Fejij,Fejij,517,Djelass,Djelass,Kairouan,,35.41359,9.85181,Geonames,Gabès.,1,fejij,4159,Nasrallah,Kairouan,Centre Ouest,centroid,,7.083,10.937
586,pop_tun_167,Djebel-Ouslat,Djebel-Ouslat,259,Djelass,Djelass,Kairouan,,35.74,9.73,Google Maps,,1,djebel ouslat,4156,Haffouz,Kairouan,Centre Ouest,centroid,,12.622,5.105
587,pop_tun_168,Oulad-Neggez,Ouled-Neggez,948,Djelass,Djelass,Kairouan,,35.6,9.48333,Geonames,Sidi Mohamed en Neggaz.,1,ouled neggez,4157,El Alaa,Kairouan,Centre Ouest,centroid,,7.331,10.484
588,pop_tun_169,Ouled-El-Djabas,Ouled-El-Djabas,893,Djelass,Djelass,Kairouan,,35.64663,9.59476,Geonames,Oued el Jabbes.,1,ouled el djabas,4157,El Alaa,Kairouan,Centre Ouest,centroid,,4.599,2.834
589,pop_tun_17,Oulad-M'Sellem,Ouled-M'Sellem,946,Ain-Draham,Ain-Draham,Tabarka,,36.747056,8.598667,Google Maps,,1,ouled msellem,2255,Ain Draham,Jendouba,Nord Ouest,centroid,,10.308,0.602
590,pop_tun_170,Oulad Sidi-Khelif,Ouled-Sidi-Khelif,960,Djelass,Djelass,Kairouan,,35.142598,9.720091,Geonames,Sidi Khlif Sidi Bouzid.,1,ouled sidi khelif,4362,Ouled Haffouz,Sidi Bouzid,Centre Ouest,centroid,,15.283,8.218
591,pop_tun_171,Khit-El-Oued,Khit-El-Oued,651,Djelass,Djelass,Kairouan,,35.70938,9.63449,Geonames,,1,khit el oued,4156,Haffouz,Kairouan,Centre Ouest,centroid,,9.052,3.315
592,pop_tun_172,Oulad El-Hadj et Necir,Ouled-El-Hadj et Necir,896,Djelass,Djelass,Kairouan,,35.428493,10.11981,Google Maps,Recensement 1956.,2,ouled el hadj et necir,4161,Bouhajla,Kairouan,Centre Ouest,centroid,,7.256,11.862
593,pop_tun_173,Houmet El-Souk,Houmet El-Souk,606,Djerba,Djerba,Djerba,,33.87576,10.85745,Geonames,,1,houmet el souk,5256,Djerba Houmet Souk,Medenine,Sud Est,centroid,,0.104,15.654
594,pop_tun_174,Hara-Kebira,Hara-Kebira,581,Djerba,Djerba,Djerba,,33.865056,10.866151,Google Maps,,1,hara kebira,5256,Djerba Houmet Souk,Medenine,Sud Est,centroid,,1.505,12.858
595,pop_tun_175,Hara-Sghira,Hara-Sghira,582,Djerba,Djerba,Djerba,,33.819638,10.854957,Google Maps,Erriadh.,1,hara sghira,5256,Djerba Houmet Souk,Medenine,Sud Est,centroid,,6.335,4.011
596,pop_tun_176,Offar,Offar,824,Djerba,Djerba,Djerba,,33.786283,11.053336,Google Maps,,1,offar,5257,Djerba Midoun,Medenine,Sud Est,centroid,,13.199,7.449
597,pop_tun_177,Adjim,Adjim,4,Djerba,Djerba,Djerba,,33.73,10.76,Google Maps,,1,adjim,5258,Djerba Ajim,Medenine,Sud Est,centroid,,0.181,14.648
598,pop_tun_178,Sedhhiane,Sedhhiane,1041,Djerba,Djerba,Djerba,,33.825401,10.920644,Google Maps,Sedghiane.,1,sedhhiane,5256,Djerba Houmet Souk,Medenine,Sud Est,centroid,,8.127,0.956
599,pop_tun_179,Beni-Disse,Beni-Disse,103,Djerba,Djerba,Djerba,,33.85,10.78333,Geonames,,1,beni disse,5256,Djerba Houmet Souk,Medenine,Sud Est,centroid,,7.469,6.116
600,pop_tun_18,Kloub-El-Tiran,Kloub-El-Tiran,655,Ain-Draham,Ain-Draham,Tabarka,,36.629872,8.572654,Google Maps,Recensement 1956.,2,kloub el tiran,2256,Fernana,Jendouba,Nord Ouest,centroid,,7.407,8.093
601,pop_tun_180,Taourit,Taourit,1138,Djerba,Djerba,Djerba,,33.87671,10.86403,Geonames,,1,taourit,5256,Djerba Houmet Souk,Medenine,Sud Est,centroid,,0.582,15.065
602,pop_tun_181,El-May,El-May,457,Djerba,Djerba,Djerba,,33.802401,10.88272,Google Maps,,1,el may,5257,Djerba Midoun,Medenine,Sud Est,centroid,,7.372,1.189
603,pop_tun_182,Guellala,Guellala,560,Djerba,Djerba,Djerba,,33.73,10.86,Google Maps,,1,guellala,5257,Djerba Midoun,Medenine,Sud Est,centroid,,5.723,3.678
604,pop_tun_183,Sedouikeche,Sedouikeche,1043,Djerba,Djerba,Djerba,,33.74323,10.920475,Google Maps,,1,sedouikeche,5257,Djerba Midoun,Medenine,Sud Est,centroid,,0.072,14.987
605,pop_tun_184,Mahboubine,Mahboubine,712,Djerba,Djerba,Djerba,,33.8,10.96,Google Maps,,1,mahboubine,5257,Djerba Midoun,Medenine,Sud Est,centroid,,7.278,5.427
606,pop_tun_185,Beni-Maguel,Beni-Maguel,108,Djerba,Djerba,Djerba,,33.761165,10.954564,Google Maps,,1,beni maguel,5257,Djerba Midoun,Medenine,Sud Est,centroid,,3.755,11.873
607,pop_tun_186,Zefafra,Zefafra,1197,Djerba,Djerba,Djerba,,33.814971,10.996585,Google Maps,https://archive.org/stream/revuetunisienne15tuni/revuetunisienne15tuni_djvu.txt.,1,zefafra,5257,Djerba Midoun,Medenine,Sud Est,centroid,,10.628,3.896
608,pop_tun_187,Oualagh,Oualagh,825,Djerba,Djerba,Djerba,,33.83,10.8814,Google Maps,,1,oualagh,5256,Djerba Houmet Souk,Medenine,Sud Est,centroid,,5.622,4.604
609,pop_tun_189,Midoun,Midoun,787,Djerba,Djerba,Djerba,,33.807084,10.991436,Google Maps,,1,midoun,5257,Djerba Midoun,Medenine,Sud Est,centroid,,9.661,4.891
610,pop_tun_190,Zebda (Commune de Tozeur),Zebda (Commune de Tozeur),1196,Djerid,Djerid,Tozeur,,33.918534,8.122933,Google Maps,,1,zebda commune de tozeur,6251,Tozeur,Tozeur,Sud Ouest,centroid,,0.972,11.769
611,pop_tun_191,Hebaila (Commune de Tozeur),Hebaila (Commune de Tozeur),585,Djerid,Djerid,Tozeur,,33.918534,8.122933,Google Maps,,1,hebaila commune de tozeur,6251,Tozeur,Tozeur,Sud Ouest,centroid,,0.972,11.769
612,pop_tun_192,Messghouna (Commune de Tozeur),Messghouna (Commune de Tozeur),777,Djerid,Djerid,Tozeur,,33.918534,8.122933,Google Maps,,1,messghouna commune de tozeur,6251,Tozeur,Tozeur,Sud Ouest,centroid,,0.972,11.769
613,pop_tun_193,Chabbia (Commune de Tozeur),Chabbia (Commune de Tozeur),191,Djerid,Djerid,Tozeur,,33.918534,8.122933,Google Maps,,1,chabbia commune de tozeur,6251,Tozeur,Tozeur,Sud Ouest,centroid,,0.972,11.769
614,pop_tun_194,Oulad-el-Hadef (Commune de Tozeur),Ouled-El-Hadef (Commune de Tozeur),894,Djerid,Djerid,Tozeur,,33.918534,8.122933,Google Maps,,1,ouled el hadef commune de tozeur,6251,Tozeur,Tozeur,Sud Ouest,centroid,,0.972,11.769
615,pop_tun_195,Guitna (Commune de Tozeur),Guitna (Commune de Tozeur),565,Djerid,Djerid,Tozeur,,33.918534,8.122933,Google Maps,,1,guitna commune de tozeur,6251,Tozeur,Tozeur,Sud Ouest,centroid,,0.972,11.769
616,pop_tun_196,En-Nouasra (Commune de Nefta),El-Nouasra (Commune de Nefta),480,Djerid,Djerid,Tozeur,,33.871243,7.879161,Google Maps,Commune de Nefta.,1,el nouasra commune de nefta,6254,Nefta,Tozeur,Sud Ouest,centroid,,0.036,23.985
617,pop_tun_197,Zebda (Commune de Nefta),Zebda (Commune de Nefta),1195,Djerid,Djerid,Tozeur,,33.871243,7.879161,Google Maps,Commune de Nefta.,1,zebda commune de nefta,6254,Nefta,Tozeur,Sud Ouest,centroid,,0.036,23.985
618,pop_tun_198,Zaibine (Commune de Nefta),Zaibine (Commune de Nefta),1183,Djerid,Djerid,Tozeur,,33.871243,7.879161,Google Maps,Commune de Nefta.,1,zaibine commune de nefta,6254,Nefta,Tozeur,Sud Ouest,centroid,,0.036,23.985
619,pop_tun_199,Oulad-Aissa (Commune de Nefta),Ouled-Aissa (Commune de Nefta),858,Djerid,Djerid,Tozeur,,33.871243,7.879161,Google Maps,Commune de Nefta.,1,ouled aissa commune de nefta,6254,Nefta,Tozeur,Sud Ouest,centroid,,0.036,23.985
620,pop_tun_2,El-Khemaïria et El-Kheraïsia,El-Khemaïria,434,Ain-Draham,Ain-Draham,Tabarka,,36.76063,8.59832,Geonames,,1,el khemairia,2255,Ain Draham,Jendouba,Nord Ouest,centroid,,9.788,2.525
621,pop_tun_2,El-Khemaïria et El-Kheraïsia,El-Kheraïsia,435,Ain-Draham,Ain-Draham,Tabarka,,36.76063,8.59832,Geonames,,1,el kheraisia,2255,Ain Draham,Jendouba,Nord Ouest,centroid,,9.788,2.525
622,pop_tun_200,Mouada (Commune de Nefta),Mouada (Commune de Nefta),802,Djerid,Djerid,Tozeur,,33.871243,7.879161,Google Maps,Commune de Nefta.,1,mouada commune de nefta,6254,Nefta,Tozeur,Sud Ouest,centroid,,0.036,23.985
623,pop_tun_201,Beni-Ali (Commune de Nefta),Beni-Ali (Commune de Nefta),102,Djerid,Djerid,Tozeur,,33.871243,7.879161,Google Maps,Commune de Nefta.,1,beni ali commune de nefta,6254,Nefta,Tozeur,Sud Ouest,centroid,,0.036,23.985
624,pop_tun_202,Brahmia (Commune de Nefta),Brahmia (Commune de Nefta),179,Djerid,Djerid,Tozeur,,33.871243,7.879161,Google Maps,Commune de Nefta.,1,brahmia commune de nefta,6254,Nefta,Tozeur,Sud Ouest,centroid,,0.036,23.985
625,pop_tun_203,Beni-Yazid (Commune de Nefta),Beni-Yazid (Commune de Nefta),113,Djerid,Djerid,Tozeur,,33.871243,7.879161,Google Maps,Commune de Nefta.,1,beni yazid commune de nefta,6254,Nefta,Tozeur,Sud Ouest,centroid,,0.036,23.985
626,pop_tun_204,Tamerza,Tamerza,1136,Djerid,Djerid,Tozeur,,34.38676,7.935494,Google Maps,,1,tamerza,6253,Tameghza,Tozeur,Sud Ouest,centroid,,0.062,20.619
627,pop_tun_205,Oulad Bou-Baker,Ouled-Bou-Baker,881,Djerid,Djerid,Tozeur,,34.342601,7.911918,Google Maps,"Recensement 1956, délégation de Tamerza.",2,ouled bou baker,6253,Tameghza,Tozeur,Sud Ouest,centroid,,5.412,17.939
628,pop_tun_206,Hemaida,Hemaida,590,Djerid,Djerid,Tozeur,,34.342601,7.911918,Google Maps,"Recensement 1956, délégation de Tamerza.",2,hemaida,6253,Tameghza,Tozeur,Sud Ouest,centroid,,5.412,17.939
629,pop_tun_207,El-Rekarka,El-Rekarka,485,Djerid,Djerid,Tozeur,,33.932177,8.128129,Google Maps,Quartier de Tozeur (http://www.mehat.gov.tn/fileadmin/user_upload/HabitatInformelRapportIntermEdiaireProvisoireHKahlounOct2014.pdf).,1,el rekarka,6251,Tozeur,Tozeur,Sud Ouest,centroid,,1.160,10.269
630,pop_tun_208,Oulad-Amor (Degache),Oulad-Amor (Degache),866,Djerid,Djerid,Tozeur,,33.9880067188828,8.22202793871273,Google Maps,,1,oulad amor degache,6252,Degach,Tozeur,Sud Ouest,centroid,,0.791,10.214
631,pop_tun_209,Messatra (Degache),Messatra (Degache),778,Djerid,Djerid,Tozeur,,33.9880067188828,8.22202793871273,Google Maps,,1,messatra degache,6252,Degach,Tozeur,Sud Ouest,centroid,,0.791,10.214
632,pop_tun_210,Oulad-Majed,Ouled-Majed,933,Djerid,Djerid,Tozeur,,33.998076,8.246262,Google Maps,Awlad Majid (mosquée).,1,ouled majed,6252,Degach,Tozeur,Sud Ouest,centroid,,1.733,11.698
633,pop_tun_211,Kriz,Kriz,664,Djerid,Djerid,Tozeur,,34.036762,8.340696,Google Maps,Kriz el Mahassen.,1,kriz,6252,Degach,Tozeur,Sud Ouest,centroid,,11.415,11.570
634,pop_tun_212,Cedada,Cedada,188,Djerid,Djerid,Tozeur,,34.0177,8.2711,Google Maps,Bouhlel ddada.,1,cedada,6252,Degach,Tozeur,Sud Ouest,centroid,,4.801,11.776
635,pop_tun_214,Bled-el-Hader,Bled-El-Hader,141,Djerid,Djerid,Tozeur,,33.91175,8.133053,Google Maps,,1,bled el hader,6251,Tozeur,Tozeur,Sud Ouest,centroid,,1.178,11.391
636,pop_tun_217,Ouled El-Hadj,Ouled-El-Hadj,895,Fraichiches,Fraichiches,Thala,,34.76667,8.88333,Geonames,,1,ouled el hadj,6152,Sidi Aïch,Gafsa,Sud Ouest,centroid,,9.949,14.214
637,pop_tun_218,El-Guemata,El-Guemata,386,Fraichiches,Fraichiches,Thala,,35.381359,8.664304,Google Maps,Recensement 1956.,1,el guemata,4261,Foussana,Kasserine,Centre Ouest,centroid,,5.016,16.596
638,pop_tun_219,El-Houafedh,El-Houafedh,414,Fraichiches,Fraichiches,Thala,,35.566206,8.444106,Google Maps,Recensement 1956.,1,el houafedh,4260,Hidra,Kasserine,Centre Ouest,centroid,,0.225,16.237
639,pop_tun_220,Foussana,Foussana,533,Fraichiches,Fraichiches,Thala,,35.350258,8.628184,Google Maps,,1,foussana,4261,Foussana,Kasserine,Centre Ouest,name_and_centroid,1.0000,0.290,25.045
640,pop_tun_221,Herakta,Herakta,599,Fraichiches,Fraichiches,Thala,,35.582304,8.667964,Google Maps,"JORT (5 Février 1960), délégation de Thala.",2,herakta,4259,Thala,Kasserine,Centre Ouest,centroid,,0.709,10.440
641,pop_tun_222,Houadetch,Houadetch,603,Fraichiches,Fraichiches,Thala,,35.422601,8.395611,Google Maps,Recensement 1956.,1,houadetch,4260,Hidra,Kasserine,Centre Ouest,centroid,,16.422,5.879
642,pop_tun_223,Semala,Semala,1049,Fraichiches,Fraichiches,Thala,,35.435784,8.776828,Google Maps,Recensement 1956.,2,semala,4258,El Ayoun,Kasserine,Centre Ouest,centroid,,15.081,1.657
643,pop_tun_224,Bou-Lahneche,Bou-Lahneche,172,Fraichiches,Fraichiches,Thala,,35.68973,8.72825,Geonames,,1,bou lahneche,2357,Kalaat Khasbah,Kef,Nord Ouest,centroid,,13.198,0.495
644,pop_tun_225,Ouled-Ali,Ouled-Ali,861,Fraichiches,Fraichiches,Thala,,35.7,8.73333,Geonames,Douar Oulad Ali Ben Naceur.,1,ouled ali,2357,Kalaat Khasbah,Kef,Nord Ouest,centroid,,13.974,0.947
645,pop_tun_226,Ouled Ed-Dhol,Ouled-El-Dhol,892,Fraichiches,Fraichiches,Thala,,35.728683,8.64216,Google Maps,Recensement 1956.,2,ouled el dhol,2357,Kalaat Khasbah,Kef,Nord Ouest,centroid,,9.263,1.941
646,pop_tun_227,Ain El-Hemadna,Aïn-El-Hemadna,18,Fraichiches,Fraichiches,Thala,,35.67,8.83,Google Maps,,1,ain el hemadna,4258,El Ayoun,Kasserine,Centre Ouest,centroid,,15.205,2.645
647,pop_tun_228,El-Kasrine,Kasserine,632,Fraichiches,Madjeur,Thala,,35.17,8.84,Google Maps,,1,kasserine,4251,Kasserine Nord,Kasserine,Centre Ouest,centroid,,0.572,0.000
648,pop_tun_229,El-Baassa,El-Baassa,345,Fraichiches,Madjeur,Thala,,35.13333,8.61667,Geonames,,1,el baassa,4253,Ezzouhour,Kasserine,Centre Ouest,centroid,,19.616,0.495
649,pop_tun_230,Feriana,Feriana,518,Fraichiches,Madjeur,Thala,,34.9430540101271,8.56531927971463,Google Maps,,1,feriana,4262,Feriana,Kasserine,Centre Ouest,name_and_centroid,1.0000,0.431,21.384
650,pop_tun_231,Oulad-Sidi-Tlil,Ouled Sidi-Tlil,961,Fraichiches,Madjeur,Thala,,34.749875112792,8.52307883386953,Google Maps,"Recensement 1956. Ouled sidi Abbes d'après la Nomenclature et répartition des tribus de Tunisie (1900, p. 246 : https://gallica.bnf.fr/ark:/12148/bpt6k6212793n/f264).",1,ouled sidi tlil,4263,Majel Bel Abbes,Kasserine,Centre Ouest,centroid,,0.033,22.182
651,pop_tun_232,El-Afial,El-Afial,311,Fraichiches,Madjeur,Thala,,35.07,8.67,Google Maps,"JORT (26 Octobre 1984), délégation de Kasserine Sud.",1,el afial,4262,Feriana,Kasserine,Centre Ouest,centroid,,16.589,1.078
652,pop_tun_233,Zaba et Farda,Zaba et Farda,1180,Fraichiches,Madjeur,Thala,,35.029792,8.40398,Google Maps,Recensement 1956.,2,zaba et farda,4262,Feriana,Kasserine,Centre Ouest,centroid,,17.423,15.501
653,pop_tun_234,Djeima,Djeima,267,,Madjeur,Thala,,35.26938,9.415113,Google Maps,Jilma.,1,djeima,4353,Jilma,Sidi Bouzid,Centre Ouest,centroid,,0.717,15.161
654,pop_tun_235,Djedliane,Djedliane,265,,Madjeur,Thala,,35.59,9.06,Google Maps,,1,djedliane,4257,Djedeliane,Kasserine,Centre Ouest,centroid,,0.442,4.518
655,pop_tun_236,El-Abaidh,El-Abaidh,305,,Madjeur,Thala,,35.427387,9.389449,Google Maps,Recensement 1956.,2,el abaidh,4158,Hajeb el Ayoun,Kairouan,Centre Ouest,centroid,,14.351,3.175
656,pop_tun_237,El-Bouajer,El-Bouajer,350,,Madjeur,Thala,,35.593347,8.83342,Google Maps,"E.P. EL BOUAJER (Instance Supérieure pour les Élections (ISIE), Annuaire des centres de votes, 2022).",1,el bouajer,4258,El Ayoun,Kasserine,Centre Ouest,centroid,,7.445,7.487
657,pop_tun_238,El-Goraa,El-Goraa,378,,Madjeur,Thala,,35.498709,9.140003,Google Maps,Recensement 1956.,2,el goraa,4256,Sbiba,Kasserine,Centre Ouest,centroid,,8.041,4.832
658,pop_tun_239,Meghila,Meghila,738,,Madjeur,Thala,,35.291447,9.284303,Google Maps,,1,meghila,4354,Cebalet Ouled Asker,Sidi Bouzid,Centre Ouest,centroid,,12.574,0.130
659,pop_tun_24,Djara-Chargui banlieue,Djara,246,Aradh,Aradh,Gabès,,33.89,10.093513,Geonames,,1,djara,5151,Gabes Medina,Gabès,Sud Est,centroid,,0.937,2.712
660,pop_tun_240,Oued-El-Hatab,Oued-El-Hatab,835,,Madjeur,Thala,,35.58284,9.13471,Geonames,,1,oued el hatab,4256,Sbiba,Kasserine,Centre Ouest,centroid,,6.847,0.324
661,pop_tun_241,Ouled-Asker,Ouled-Asker,869,,Madjeur,Thala,,35.178285,9.278502,Google Maps,,1,ouled asker,4354,Cebalet Ouled Asker,Sidi Bouzid,Centre Ouest,centroid,,0.145,14.414
662,pop_tun_242,Ouled Ghilane,Ouled-Ghilane,914,,Madjeur,Thala,,35.4,8.88333,Geonames,,1,ouled ghilane,4258,El Ayoun,Kasserine,Centre Ouest,centroid,,15.555,8.118
663,pop_tun_243,Ouled Moussa,Ouled-Moussa,945,,Madjeur,Thala,,35.0493895810646,8.91831674165626,Geonames,,1,ouled moussa,4254,Hassi Ferid,Kasserine,Centre Ouest,centroid,,8.513,6.158
664,pop_tun_244,Sbiba,Sbiba,1034,,Madjeur,Thala,,35.5420985498429,9.07379104412885,Google Maps,,1,sbiba,4256,Sbiba,Kasserine,Centre Ouest,name_and_centroid,1.0000,0.507,5.306
665,pop_tun_245,Sbeitla,Sbeitla,1033,,Madjeur,Thala,,35.2293172832342,9.12985405406912,Google Maps,,1,sbeitla,4255,Sbeitla,Kasserine,Centre Ouest,name_and_centroid,1.0000,0.155,14.602
666,pop_tun_246,Semmama,Semmama,1051,,Madjeur,Thala,,35.35,8.89,Google Maps,,1,semmama,4251,Kasserine Nord,Kasserine,Centre Ouest,centroid,,20.793,0.000
667,pop_tun_249,Oulad Naceur,Ouled-Naceur,947,Gafsa,Gafsa,Gafsa,,34.384515,8.175234,Google Maps,"Recensement 1956, délégation de Reddeyef.",2,ouled naceur,6156,Redeyef,Gafsa,Sud Ouest,centroid,,1.288,13.374
668,pop_tun_250,Oulad Bou Amrane,Ouled-Bou Amrane,876,Gafsa,Gafsa,Gafsa,,34.352989,9.103633,Google Maps,Bou Omrane.,1,ouled bou amrane,6159,El Guetar,Gafsa,Sud Ouest,centroid,,14.233,10.593
669,pop_tun_251,Oulad Ali,Ouled-Ali,860,Gafsa,Gafsa,Gafsa,,34.48904,9.0234,Geonames,Bir Oulad Ali.,1,ouled ali,6159,El Guetar,Gafsa,Sud Ouest,centroid,,17.920,3.728
670,pop_tun_252,El-Ksar,El-Ksar,442,Gafsa,Gafsa,Gafsa,,34.4,8.81,Google Maps,,1,el ksar,6153,El Ksar,Gafsa,Sud Ouest,name_and_centroid,1.0000,0.576,2.981
671,pop_tun_253,Oulad Redhouane,Ouled-Redhouane,950,Gafsa,Gafsa,Gafsa,,,,,,,ouled redhouane,,,Gafsa,Sud Ouest,hist_unit_governorate,,,
672,pop_tun_254,Oulad Mabrouk,Ouled-Mabrouk,931,Gafsa,Gafsa,Gafsa,,34.332365,8.384661,Google Maps,"Recensement 1956, délégation de Metlaoui.",2,ouled mabrouk,6157,Metlaoui,Gafsa,Sud Ouest,centroid,,2.408,17.591
673,pop_tun_258,Alim,Alim,45,Gafsa,Gafsa,Gafsa,,34.62842,9.12533,Geonames,,1,alim,6161,Sned,Gafsa,Sud Ouest,centroid,,15.131,9.647
674,pop_tun_259,El-Khemaila,El-Khemaila,433,Gafsa,Gafsa,Gafsa,,34.15,8.6,Geonames,,1,el khemaila,6158,Mdhila,Gafsa,Sud Ouest,centroid,,21.086,4.812
675,pop_tun_26,Menzel-Chargui banlieue,Menzel-Chargui,757,Aradh,Aradh,Gabès,,33.8816702857946,10.0859578558487,Geonames,Manzil.,,menzel chargui,5151,Gabes Medina,Gabès,Sud Est,centroid,,1.719,1.245
676,pop_tun_260,Oulad Bou-Saad,Ouled-Bou-Saad,885,Gafsa,Gafsa,Gafsa,,34.36667,9.25,Geonames,Bordj Bou Saad.,1,ouled bou saad,6160,Belkhir,Gafsa,Sud Ouest,centroid,,16.524,2.747
677,pop_tun_261,Lala,Lala,685,Gafsa,Gafsa,Gafsa,,34.39,8.82,Google Maps,Lalla.,1,lala,6153,El Ksar,Gafsa,Sud Ouest,centroid,,1.665,3.330
678,pop_tun_262,Majoura,Majoura,718,Gafsa,Gafsa,Gafsa,,34.66,9.24,Google Maps,,1,majoura,6161,Sned,Gafsa,Sud Ouest,centroid,,13.331,6.309
679,pop_tun_263,El-Ayaicha,El-Ayaicha,341,Gafsa,Gafsa,Gafsa,,34.247694,9.250047,Google Maps,El Ayaycha.,1,el ayaicha,6160,Belkhir,Gafsa,Sud Ouest,centroid,,13.299,16.135
680,pop_tun_264,Oulad M'Bbarek et Oulad Bou-Yahia,Oulad M'Barek et Ouled-Bou-Yahia,937,Gafsa,Gafsa,Gafsa,,34.332365,8.384661,Google Maps,"Recensement 1956, délégation de Metlaoui.",2,oulad mbarek et ouled bou yahia,6157,Metlaoui,Gafsa,Sud Ouest,centroid,,2.408,17.591
681,pop_tun_265,Oulad Belhassen,Ouled-Belhassen,873,Gafsa,Gafsa,Gafsa,,34.43,8.5,Geonames,Oulad Ben Hassen.,1,ouled belhassen,6157,Metlaoui,Gafsa,Sud Ouest,centroid,,15.530,6.076
682,pop_tun_266,Oulad Ouceif,Ouled-Ouceif,949,Gafsa,Gafsa,Gafsa,,34.332365,8.384661,Google Maps,"Recensement 1956, délégation de Metlaoui.",2,ouled ouceif,6157,Metlaoui,Gafsa,Sud Ouest,centroid,,2.408,17.591
683,pop_tun_267,Oulad Cherit,Ouled-Cherit,888,Gafsa,Gafsa,Gafsa,,34.45774,8.95175,Geonames,Ouled Cherait.,1,ouled cherit,6159,El Guetar,Gafsa,Sud Ouest,centroid,,13.111,1.935
684,pop_tun_268,Oulad Ali ben Aissa,Ouled-Ali Ben Aissa,862,Gafsa,Gafsa,Gafsa,,,,,,,ouled ali ben aissa,,,Gafsa,Sud Ouest,hist_unit_governorate,,,
685,pop_tun_269,El-Oudhainia,El-Oudhainia,481,Gafsa,Gafsa,Gafsa,,34.537866,9.251604,Google Maps,"Délégation de Essned, décret n° 79-115 du 17 Janvier 1979.",2,el oudhainia,6161,Sned,Gafsa,Sud Ouest,centroid,,0.268,16.274
686,pop_tun_27,Menzel-Gharbi banlieue,Menzel-Gharbi,760,Aradh,Aradh,Gabès,,33.8816702857946,10.0859578558487,Geonames,Manzil.,,menzel gharbi,5151,Gabes Medina,Gabès,Sud Est,centroid,,1.719,1.245
687,pop_tun_270,Oulad Mansour,Ouled-Mansour,934,Gafsa,Gafsa,Gafsa,,34.27432,9.390392,Google Maps,"E.P. OULED MANSOUR BELKHIR (Instance Supérieure pour les Élections (ISIE), Annuaire des centres de votes, 2022).",1,ouled mansour,6160,Belkhir,Gafsa,Sud Ouest,centroid,,0.092,19.408
688,pop_tun_271,Oulad-Ahmed,Ouled-Ahmed,856,Hammama,Hammama,Gafsa,,34.858244,9.769462,Google Maps,"Recensement 1956, délégation Rgueb.",2,ouled ahmed,4361,Regueb,Sidi Bouzid,Centre Ouest,centroid,,1.578,19.264
689,pop_tun_272,El-M'Satria,El-M'Satria,477,Hammama,Hammama,Gafsa,,34.95,9.59,Google Maps,,1,el msatria,4359,Souk Jedid,Sidi Bouzid,Centre Ouest,centroid,,2.857,10.399
690,pop_tun_273,Oulad-bel-Hadi,Ouled-Bel-Hadi,872,Hammama,Hammama,Gafsa,,34.82,9.48,Geonames,Oulad Bel Hadi.,1,ouled bel hadi,4359,Souk Jedid,Sidi Bouzid,Centre Ouest,centroid,,15.084,8.440
691,pop_tun_274,Oulad-Khalifa,Ouled-Khalifa,926,Hammama,Hammama,Gafsa,,34.985451,9.17838,Google Maps,"E.P. OULED KHELIFA MHAMDIA (Instance Supérieure pour les Élections (ISIE), Annuaire des centres de votes, 2022).",1,ouled khalifa,4355,Bir El Hafey,Sidi Bouzid,Centre Ouest,centroid,,6.552,8.688
692,pop_tun_275,Ouled-Amor,Ouled-Amor,865,Hammama,Hammama,Gafsa,,34.568595,9.756766,Google Maps,"E.P. OULED AMOR DAWARA (Instance Supérieure pour les Élections (ISIE), Annuaire des centres de votes, 2022).",1,ouled amor,4360,Mezzouna,Sidi Bouzid,Centre Ouest,centroid,,7.839,7.374
693,pop_tun_276,Ed-Douali,El-Douali,359,Hammama,Hammama,Gafsa,,34.704846,8.839058,Google Maps,http://www.onagri.nat.tn/uploads/jortagri/Arr%3F%3Ft%3F%3F2017_3035.pdf - Sidi Bouzid dans 1956.,2,el douali,6152,Sidi Aïch,Gafsa,Sud Ouest,centroid,,5.892,23.383
694,pop_tun_277,El-Khedma,El-Khedma,431,Hammama,Hammama,Gafsa,,35.13333,9.66667,Geonames,Oulad Douali.,1,el khedma,4351,Sidi Bouzid Ouest,Sidi Bouzid,Centre Ouest,centroid,,18.822,0.000
695,pop_tun_278,Oulad-M'Hammed,Ouled-M'Hammed,941,Hammama,Hammama,Gafsa,,34.473215,8.973357,Google Maps,"E.P. OULED MHAMED El Ksar Omra (Instance Supérieure pour les Élections (ISIE), Annuaire des centres de votes, 2022).",1,ouled mhammed,6159,El Guetar,Gafsa,Sud Ouest,centroid,,14.991,2.599
696,pop_tun_279,Henia,Henia,598,Hammama,Hammama,Gafsa,,35.072135,9.782055,Google Maps,Al Hania.,1,henia,4362,Ouled Haffouz,Sidi Bouzid,Centre Ouest,centroid,,8.189,15.263
697,pop_tun_28,Ksar El-Hamma,Ksar El-Hamma,667,Aradh,Aradh,Gabès,,33.90193,9.83349,Geonames,,1,ksar el hamma,5155,El Metouia,Gabès,Sud Est,centroid,,17.533,3.348
698,pop_tun_280,Oulad Ferhane,Ouled-Ferhane,907,Hammama,Hammama,Gafsa,,35.255226,9.590942,Google Maps,"E.P. OULED FARHANE GRAA BENN (Instance Supérieure pour les Élections (ISIE), Annuaire des centres de votes, 2022).",1,ouled ferhane,4353,Jilma,Sidi Bouzid,Centre Ouest,centroid,,15.383,0.755
699,pop_tun_281,Oulad Bou-Aziz,Ouled-Bou-Aziz,880,Hammama,Hammama,Gafsa,,35.18,9.58,Geonames,Horchane Oulad Bbou Aziz.,1,ouled bou aziz,4351,Sidi Bouzid Ouest,Sidi Bouzid,Centre Ouest,centroid,,17.426,0.000
700,pop_tun_282,Oulad Beya,Ouled-Beya,875,Hammama,Hammama,Gafsa,,35.105987,9.537648,Google Maps,"E.P. OULED BEYA LOUSSOUADA (Instance Supérieure pour les Élections (ISIE), Annuaire des centres de votes, 2022).",1,ouled beya,4351,Sidi Bouzid Ouest,Sidi Bouzid,Centre Ouest,centroid,,8.366,0.000
701,pop_tun_283,Ed-Douadnia,El-Douadnia,358,Hammama,Hammama,Gafsa,,34.599311,9.613233,Google Maps,"Recensement 1956, délégation de Meknassy.",2,el douadnia,4358,Meknassy,Sidi Bouzid,Centre Ouest,centroid,,4.378,12.849
702,pop_tun_284,Oulad Youssef,Ouled-Youssef,968,Hammama,Hammama,Gafsa,,34.982224,9.697117,Google Maps,"E.P. OULED YOUSSEF MAKAREM (Instance Supérieure pour les Élections (ISIE), Annuaire des centres de votes, 2022).",1,ouled youssef,4359,Souk Jedid,Sidi Bouzid,Centre Ouest,centroid,,13.213,2.679
703,pop_tun_285,Oulad M'barek (Maknassy),Ouled-M'barek (Maknassy),935,Hammama,Hammama,Gafsa,,34.71667,9.56667,Geonames,,1,ouled mbarek maknassy,4358,Meknassy,Sidi Bouzid,Centre Ouest,centroid,,9.659,10.723
704,pop_tun_286,El-Guemamdia,El-Guemamdia,384,Hammama,Hammama,Gafsa,,35.0356729310449,9.48608998863544,Google Maps,"Dans ce cheikhat est situé le centre de Sidi-Bouzid, siège du caïdat.",1,el guemamdia,4351,Sidi Bouzid Ouest,Sidi Bouzid,Centre Ouest,centroid,,0.832,0.000
705,pop_tun_287,El-Zaafria,El-Zaafria,499,Hammama,Hammama,Gafsa,,35.03,9.33,Geonames,,1,el zaafria,4351,Sidi Bouzid Ouest,Sidi Bouzid,Centre Ouest,centroid,,14.928,0.000
706,pop_tun_288,Oulad Sidi-Ali-ben-Aoun,Ouled-Sidi-Ali-ben-Aoun,957,Hammama,Hammama,Gafsa,,34.85,9.14,Google Maps,Sidi Ali Ben Aoun.,1,ouled sidi ali ben aoun,4356,Sidi Ali Ben Aoun,Sidi Bouzid,Centre Ouest,centroid,,0.350,9.483
707,pop_tun_289,Oulad Bou-Allag,Ouled-Bou-Allag,879,Hammama,Hammama,Gafsa,,34.909352,9.788898,Google Maps,"E.P. BOUALLEGUE KSAR HAMEM (Instance Supérieure pour les Élections (ISIE), Annuaire des centres de votes, 2022).",1,ouled bou allag,4361,Regueb,Sidi Bouzid,Centre Ouest,centroid,,5.558,15.038
708,pop_tun_29,Dabdaba,Dabdaba,224,Aradh,Aradh,Gabès,,33.878463,9.79418,Google Maps,"E.P. HAMMA DABDABA HAMA (Instance Supérieure pour les Élections (ISIE), Annuaire des centres de votes, 2022).",1,dabdaba,5157,El Hamma,Gabès,Sud Est,centroid,,19.217,2.649
709,pop_tun_290,Ouled Sidi-Tlil,Ouled Sidi-Tlil,853,Hammama,Hammama,Gafsa,,,,,,,ouled sidi tlil,,,Gafsa,Sud Ouest,hist_unit_governorate,,,
710,pop_tun_291,Fatnassa,Fatnassa,511,Hammama,Hammama,Gafsa,,33.79,8.75,Google Maps,,1,fatnassa,6353,Souk El Ahed,Kébili,Sud Ouest,centroid,,8.926,13.769
711,pop_tun_292,Akerma,Akerma,35,Hammama,Hammama,Gafsa,,34.78333,9.46667,Geonames,Localisé vers Sidi Bouzid puisque le caidat reporté est Hammama.,1,akerma,4359,Souk Jedid,Sidi Bouzid,Centre Ouest,centroid,,19.246,1.669
712,pop_tun_293,Oulad El-Hdj,Ouled-El-Hadj,899,Hammama,Hammama,Gafsa,,34.27259,9.34253,Geonames,,1,ouled el hadj,6160,Belkhir,Gafsa,Sud Ouest,centroid,,4.485,19.255
713,pop_tun_294,El-Melikate,El-Melikate,465,Hammama,Hammama,Gafsa,,34.94,9.52,Geonames,,1,el melikate,4359,Souk Jedid,Sidi Bouzid,Centre Ouest,centroid,,3.853,7.468
714,pop_tun_295,El-Harchane,El-Harchane,409,Hammama,Hammama,Gafsa,,,,,,,el harchane,,,Gafsa,Sud Ouest,hist_unit_governorate,,,
715,pop_tun_3,Ouled-Sedra,Ouled-Sedra,956,Ain-Draham,Ain-Draham,Tabarka,,36.85218,8.67323,Geonames,,1,ouled sedra,2255,Ain Draham,Jendouba,Nord Ouest,centroid,,7.752,8.433
716,pop_tun_305,Khazzazia,Khazzazia,647,Kairouan,Kairouan,Kairouan,,35.61023,10.24296,Geonames,,1,khazzazia,3163,Sidi El Héni,Sousse,Centre Est,centroid,,10.159,4.079
717,pop_tun_306,Driat,Driat,293,Kairouan,Kairouan,Kairouan,,36.006434,10.156265,Google Maps,Sisseb-Dhriaat.,1,driat,1655,En-Nadhour,Zaghouan,Nord Est,centroid,,14.218,0.671
718,pop_tun_307,Sisseb,Sisseb,1106,Kairouan,Kairouan,Kairouan,,35.99388,10.17597,Geonames,,1,sisseb,3162,Kondar,Sousse,Centre Est,centroid,,13.058,2.642
719,pop_tun_308,El-Guetifa,El-Guetifa,389,Kairouan,Kairouan,Kairouan,,35.415038,9.937141,Google Maps,"E.P. GATIFA - BOUSARI (Instance Supérieure pour les Élections (ISIE), Annuaire des centres de votes, 2022).",1,el guetifa,4161,Bouhajla,Kairouan,Centre Ouest,centroid,,10.407,1.677
720,pop_tun_309,Guerimit,Guerimit,562,Kairouan,Kairouan,Kairouan,,36.085279,10.149421,Google Maps,Recensement 1956.,2,guerimit,1655,En-Nadhour,Zaghouan,Nord Est,centroid,,6.625,9.272
721,pop_tun_31,Chiab,Chiab,214,Aradh,Aradh,Gabès,,34.111154,9.632802,Google Maps,Recensement 1956.,1,chiab,5156,Menzel El Habib,Gabès,Sud Est,centroid,,13.713,12.161
722,pop_tun_310,El-Guefai,El-Guefai,383,Kairouan,Kairouan,Kairouan,,36.062623,10.140534,Google Maps,"E.P. GUEFAI (Instance Supérieure pour les Élections (ISIE), Annuaire des centres de votes, 2022).",1,el guefai,1655,En-Nadhour,Zaghouan,Nord Est,centroid,,8.023,10.244
723,pop_tun_311,Maarouf,Maarouf,705,Kairouan,Kairouan,Kairouan,,35.99849,9.73038,Geonames,,1,maarouf,4155,El Ouslatia,Kairouan,Centre Ouest,centroid,,12.494,3.333
724,pop_tun_312,Dekhila,Dekhila,238,Kairouan,Kairouan,Kairouan,,35.891056,9.986972,Google Maps,Recensement 1956.,1,dekhila,4154,Sbikha,Kairouan,Centre Ouest,centroid,,5.245,20.107
725,pop_tun_313,Chouggafia,Chouggafia,218,Kairouan,Kairouan,Kairouan,,35.90358,9.84533,Geonames,,1,chouggafia,4155,El Ouslatia,Kairouan,Centre Ouest,centroid,,15.049,0.927
726,pop_tun_315,Sbikha,Sbikha,1035,Kairouan,Kairouan,Kairouan,,35.93,10.02,Google Maps,,1,sbikha,4154,Sbikha,Kairouan,Centre Ouest,name_and_centroid,1.0000,0.000,22.503
727,pop_tun_316,Djeouaouda,Djeouaouda,270,Kairouan,Kairouan,Kairouan,,36.059075,10.187226,Google Maps,"E.P. JOUAOUDA GUEFFAY (Instance Supérieure pour les Élections (ISIE), Annuaire des centres de votes, 2022).",1,djeouaouda,1655,En-Nadhour,Zaghouan,Nord Est,centroid,,11.095,6.214
728,pop_tun_317,El-Metbasseta,El-Metbasseta,472,Kairouan,Kairouan,Kairouan,,35.82,10.15,Google Maps,,1,el metbasseta,4151,Kairouan Nord,Kairouan,Centre Ouest,centroid,,16.183,0.728
729,pop_tun_318,El-Khadhera,El-Khadhera,428,Kairouan,Kairouan,Kairouan,,35.48121,9.95631,Geonames,El Khadra.,1,el khadhera,4161,Bouhajla,Kairouan,Centre Ouest,centroid,,12.653,2.548
730,pop_tun_32,El-zouaia,El-Zouaia,504,Aradh,Aradh,Gabès,,33.894275,9.843602,Google Maps,Recensement 1956.,1,el zouaia,5155,El Metouia,Gabès,Sud Est,centroid,,16.987,2.846
731,pop_tun_320,Abida Charguia,Abida,2,Kairouan,Kairouan,Kairouan,,35.5775769554493,10.0033671975235,Google Maps,,1,abida,4153,Echebika,Kairouan,Centre Ouest,centroid,,8.078,5.837
732,pop_tun_321,Rouisset,Rouisset,1011,Kairouan,Kairouan,Kairouan,,35.765718,9.91777,Google Maps,"E.P. ROUISSAT (Instance Supérieure pour les Élections (ISIE), Annuaire des centres de votes, 2022).",1,rouisset,4153,Echebika,Kairouan,Centre Ouest,centroid,,16.628,2.058
733,pop_tun_322,El-Makhhsouma,El-Makhhsouma,450,Kairouan,Kairouan,Kairouan,,35.590481,10.191561,Google Maps,"E.P. MAKHSOUMA (Instance Supérieure pour les Élections (ISIE), Annuaire des centres de votes, 2022).",1,el makhhsouma,4152,Kairouan Sud,Kairouan,Centre Ouest,centroid,,11.975,1.194
734,pop_tun_323,Mahares,Al-Maharas,710,Skhira,Skhira,Sfax,,34.5276354727116,10.4970924885485,Google Maps,,1,al maharas,3465,Mahres,Sfax,Centre Est,centroid,,0.500,23.375
735,pop_tun_324,El-Hadara,El-Hadara,393,Skhira,Skhira,Sfax,,34.284443,10.066922,Google Maps,Recensement 1956.,2,el hadara,3464,Skhira,Sfax,Centre Est,centroid,,1.681,25.323
736,pop_tun_325,Dekhaila,Dekhaila,236,Skhira,Skhira,Sfax,,34.578377,9.833598,Google Maps,Recensement 1956.,1,dekhaila,4360,Mezzouna,Sidi Bouzid,Centre Ouest,centroid,,0.759,20.418
737,pop_tun_326,El-Krata,El-Krata,441,Skhira,Skhira,Sfax,,34.61667,10.11667,Geonames,,1,el krata,3463,Bir ali Ben Kelifa,Sfax,Centre Est,centroid,,13.441,2.547
738,pop_tun_327,Gheraiba,Gheraiba,550,Skhira,Skhira,Sfax,,34.49613,10.210988,Google Maps,Graïba.,1,gheraiba,3462,Ghraiba,Sfax,Centre Est,centroid,,0.117,25.148
739,pop_tun_328,Semaala,Semaala,1048,Skhira,Skhira,Sfax,,34.380978,10.208456,Google Maps,Recensement 1956.,2,semaala,3462,Ghraiba,Sfax,Centre Est,centroid,,12.774,2.543
740,pop_tun_329,Oulad-Hadj-Moussa,Ouled-Hadj-Moussa,917,Skhira,Skhira,Sfax,,34.417411,10.10119,Google Maps,"E.P. HAMADA OULED HAJ MOUSSA (Instance Supérieure pour les Élections (ISIE), Annuaire des centres de votes, 2022).",1,ouled hadj moussa,3462,Ghraiba,Sfax,Centre Est,centroid,,13.401,0.059
741,pop_tun_33,Matmata et Fatnassa,Fatnassa,512,Aradh,Aradh,Gabès,,,,,,,fatnassa,,,Gabès,Sud Est,hist_unit_governorate,,,
742,pop_tun_330,El-Keraima,El-Keraima,425,Skhira,Skhira,Sfax,,34.691116,10.067619,Google Maps,"E.P. BIR KRAIMA OUED ECHIKH (Instance Supérieure pour les Élections (ISIE), Annuaire des centres de votes, 2022).",1,el keraima,3463,Bir ali Ben Kelifa,Sfax,Centre Est,centroid,,5.519,18.639
743,pop_tun_331,Oulad-Hamed,Ouled-Hamed,918,Skhira,Skhira,Sfax,,34.708165,10.062766,Google Maps,Recensement 1956.,1,ouled hamed,3463,Bir ali Ben Kelifa,Sfax,Centre Est,centroid,,4.165,20.667
744,pop_tun_332,El-Rebaia,El-Rebaia,484,Skhira,Skhira,Sfax,,34.68,10.2,Geonames,,1,el rebaia,3463,Bir ali Ben Kelifa,Sfax,Centre Est,centroid,,11.581,8.872
745,pop_tun_333,El-Letaifa,El-Letaifa,445,Skhira,Skhira,Sfax,,34.754834,10.180128,Google Maps,,1,el letaifa,3463,Bir ali Ben Kelifa,Sfax,Centre Est,centroid,,8.201,20.677
746,pop_tun_334,El-Atayat,El-Atayat,338,Skhira,Skhira,Sfax,,34.741709,9.937061,Google Maps,Recensement 1956.,1,el atayat,3463,Bir ali Ben Kelifa,Sfax,Centre Est,centroid,,14.247,4.685
747,pop_tun_335,Oulad-M'Hammed,Ouled-M'Hammed,942,Skhira,Skhira,Sfax,,34.83,9.5,Geonames,À Sidi Bouzid mais à Mezouna qui était une délégation de Sfax (JORT 8 Octobre 1957).,1,ouled mhammed,4359,Souk Jedid,Sidi Bouzid,Centre Ouest,centroid,,13.255,10.029
748,pop_tun_336,Chematra,Chematra,206,Skhira,Skhira,Sfax,,34.54778,10.47111,Geonames,"JORT (9 Août 1960), Oued Ez Zir est à Chematra.",1,chematra,3465,Mahres,Sfax,Centre Est,centroid,,3.667,18.428
749,pop_tun_337,Oulad Ghida,Ouled-Ghida,913,Skhira,Skhira,Sfax,,34.53806,10.34111,Geonames,Ouled Gheda.,1,ouled ghida,3462,Ghraiba,Sfax,Centre Est,centroid,,12.672,1.756
750,pop_tun_338,Aouin,Aouin,47,Skhira,Skhira,Sfax,,34.576187,9.840465,Google Maps,"Délégation de Mezouna, JORT (8 Octobre 1957).",2,aouin,4360,Mezzouna,Sidi Bouzid,Centre Ouest,centroid,,0.195,21.655
751,pop_tun_339,Charfine (Kef-Ville),Charfine,198,Le Kef,Kef,Kef,,36.1814214158106,8.71697283151857,Google Maps,El-Kef.,1,charfine,2351,Kef Ouest,Kef,Nord Ouest,centroid,,8.535,5.253
752,pop_tun_34,El-Khardja,El-Khardja,429,Aradh,Aradh,Gabès,,34.032094,9.741978,Google Maps,Recensement 1956.,1,el khardja,5157,El Hamma,Gabès,Sud Est,centroid,,22.062,3.757
753,pop_tun_340,Ben-Anine (Kef-Ville),Ben-Anine,96,Le Kef,Kef,Kef,,36.1788354198069,8.71304797423739,Google Maps,El-Kef.,1,ben anine,2351,Kef Ouest,Kef,Nord Ouest,centroid,,8.111,6.050
754,pop_tun_345,Mellala,Mellala,745,Le Kef,Kef,Kef,,36.34795,8.651,Geonames,,1,mellala,2353,Nebeur,Kef,Nord Ouest,centroid,,9.914,5.418
755,pop_tun_346,Sidi-Amor,Sidi-Amor,1066,Le Kef,Kef,Kef,,36.22,8.79889,Geonames,,1,sidi amor,2352,Kef Est,Kef,Nord Ouest,centroid,,7.239,5.915
756,pop_tun_347,El-Sra,El-Sra,492,Le Kef,Kef,Kef,,36.4,8.51667,Geonames,Djebel Es Sra.,1,el sra,2258,Oued Meliz,Jendouba,Nord Ouest,centroid,,9.550,6.504
757,pop_tun_348,El-Ksar,El-Ksar,443,Le Kef,Kef,Kef,,36.36954,8.84468,Geonames,,1,el ksar,2353,Nebeur,Kef,Nord Ouest,centroid_name_rejected,,8.465,3.076
758,pop_tun_349,Maiza,Maiza,715,Le Kef,Kef,Kef,,36.114659,9.033916,Geonames,,1,maiza,2361,Es-Sers,Kef,Nord Ouest,centroid,,4.429,6.479
759,pop_tun_35,El-Boghela,El-Boghela,349,Aradh,Aradh,Gabès,,33.835816,9.451665,Google Maps,Recensement 1956.,1,el boghela,5157,El Hamma,Gabès,Sud Est,centroid,,13.349,32.497
760,pop_tun_350,Sebaa-Biar,Sebaa-Biar,1037,Le Kef,Kef,Kef,,35.99722,9.15389,Geonames,,1,sebaa biar,2361,Es-Sers,Kef,Nord Ouest,centroid,,14.558,1.802
761,pop_tun_351,Djeradou,Djeradou,273,Le Kef,Kef,Kef,,36.26144,8.52309,Geonames,,1,djeradou,2354,Sakiet Sidi Youssef,Kef,Nord Ouest,centroid,,11.157,3.757
762,pop_tun_352,Lorbeus,Lorbeus,699,Le Kef,Kef,Kef,,36.08982,8.85424,Geonames,,1,lorbeus,2352,Kef Est,Kef,Nord Ouest,centroid,,11.190,4.110
763,pop_tun_353,El-Mardja,El-Mardja,454,Le Kef,Kef,Kef,,36.03499,9.06836,Geonames,Marja.,1,el mardja,2361,Es-Sers,Kef,Nord Ouest,centroid,,6.020,10.735
764,pop_tun_354,Elleus,Elleus,446,Le Kef,Kef,Kef,,35.948681,9.096841,Google Maps,Elles.,1,elleus,2457,Makthar,Siliana,Nord Ouest,centroid,,14.204,1.333
765,pop_tun_355,El-Touabaa,El-Touabaa,495,Le Kef,Kef,Kef,,35.949883,8.916584,Geonames,,1,el touabaa,2359,El Ksour,Kef,Nord Ouest,centroid,,6.773,0.907
766,pop_tun_356,Bahra,Bahra,65,Le Kef,Kef,Kef,,36.249051,8.91243,Google Maps,,1,bahra,2352,Kef Est,Kef,Nord Ouest,centroid,,7.575,8.992
767,pop_tun_357,Oued-Souani,Oued-Souani,845,Le Kef,Kef,Kef,,36.21543,8.98348,Geonames,,1,oued souani,2352,Kef Est,Kef,Nord Ouest,centroid,,10.510,2.937
768,pop_tun_359,Firchane,Firchane,524,Le Kef,Kef,Kef,,36.18715,8.47564,Geonames,Forchane.,1,firchane,2354,Sakiet Sidi Youssef,Kef,Nord Ouest,centroid,,3.307,10.670
769,pop_tun_36,Oulad-Amor,Ouled-Amor,864,Aradh,Aradh,Gabès,,33.769362,9.818196,Google Maps,Recensement 1956.,1,ouled amor,5159,Nouvelle Matmata,Gabès,Sud Est,centroid,,21.642,3.065
770,pop_tun_360,Tarmda,Tarmda,1140,Le Kef,Kef,Kef,,36.04224,8.8557,Geonames,Thermda.,1,tarmda,2360,Dahmani,Kef,Nord Ouest,centroid,,10.942,4.602
771,pop_tun_361,Bou-Seliaa,Bou-Seliaa,177,Le Kef,Kef,Kef,,36.029626,8.841954,Geonames,Bou Sliaa.,1,bou seliaa,2360,Dahmani,Kef,Nord Ouest,centroid,,9.369,6.170
772,pop_tun_362,Sakiet-Sidi-Youssef,Sakiet-Sidi-Youssef,1028,Le Kef,Kef,Kef,,36.22,8.355395,Google Maps,,1,sakiet sidi youssef,2354,Sakiet Sidi Youssef,Kef,Nord Ouest,name_and_centroid,1.0000,8.292,17.029
773,pop_tun_363,El-Morr,El-Morr,474,Le Kef,Kef,Kef,,36.399052,8.912434,Google Maps,Recensement 1956.,1,el morr,2251,Jendouba,Jendouba,Nord Ouest,centroid,,11.279,4.066
774,pop_tun_364,Oued-Remel,Oued-Remel,842,Le Kef,Kef,Kef,,36.19179,8.65015,Geonames,,1,oued remel,2351,Kef Ouest,Kef,Nord Ouest,centroid,,4.451,14.219
775,pop_tun_366,El-Ghorfa (nord),El-Ghorfa,375,Le Kef,Kef,Kef,,36.195056,9.062651,Google Maps,Recensement 1956.,1,el ghorfa,2456,Bourouis,Siliana,Nord Ouest,centroid,,6.006,7.702
776,pop_tun_368,Aiaicha,Aiaicha,10,Mahdia,Mahdia,Sousse,,35.631230370562,10.9629002140947,Google Maps,Téboulba.,1,aiaicha,3260,Teboulba,Monastir,Centre Est,centroid,,1.220,1.849
777,pop_tun_369,Merabtine (El-Djem),Merabtine (El-Djem),766,Mahdia,Mahdia,Sousse,,35.2964650075559,10.7068982120322,Google Maps,,1,merabtine el djem,3357,El Djem,Mahdia,Centre Est,centroid,,0.118,15.162
778,pop_tun_37,Oulad-Khalifa,Ouled-Khalifa,925,Aradh,Aradh,Gabès,,33.769362,9.818196,Google Maps,Recensement 1956.,1,ouled khalifa,5159,Nouvelle Matmata,Gabès,Sud Est,centroid,,21.642,3.065
779,pop_tun_370,Zaouia (El-Djem),Zaouia (El-Djem),1186,Mahdia,Mahdia,Sousse,,35.2964650075559,10.7068982120322,Google Maps,,1,zaouia el djem,3357,El Djem,Mahdia,Centre Est,centroid,,0.118,15.162
780,pop_tun_371,Karkar,Kerker,638,Mahdia,Mahdia,Sousse,,35.469196,10.655964,Google Maps,,1,kerker,3352,Bou Merdes,Mahdia,Centre Est,centroid,,6.731,6.759
781,pop_tun_372,Raoudha,Raoudha,992,Mahdia,Mahdia,Sousse,,35.507251,11.038307,Google Maps,"E.P. RAOUDHA - HIBOUN, (Instance Supérieure pour les Élections (ISIE), Annuaire des centres de votes, 2022).",1,raoudha,3351,Mahdia,Mahdia,Centre Est,centroid,,1.950,8.079
782,pop_tun_373,Telalsa,Telalsa,1149,Mahdia,Mahdia,Sousse,,35.351311,10.789399,Google Maps,Tlelsa.,1,telalsa,3357,El Djem,Mahdia,Centre Est,centroid,,9.637,3.322
783,pop_tun_374,Bou-Merdas,Bou-Merdas,173,Mahdia,Mahdia,Sousse,,35.457134,10.728938,Google Maps,,1,bou merdas,3352,Bou Merdes,Mahdia,Centre Est,centroid,,0.000,12.932
784,pop_tun_376,Rejich,Rejich,1004,Mahdia,Mahdia,Sousse,,35.46661,11.042531,Google Maps,,1,rejich,3351,Mahdia,Mahdia,Centre Est,centroid,,4.381,1.929
785,pop_tun_377,Sidi-Assaker,Sidi-Assaker,1069,Mahdia,Mahdia,Sousse,,35.41676,10.88955,Geonames,,1,sidi assaker,3360,Sidi Alouane,Mahdia,Centre Est,centroid,,6.269,3.513
786,pop_tun_378,Oued-Béja,Oued-Béja,832,Mahdia,Mahdia,Sousse,,35.345298,10.878595,Google Maps,"E.P. OUED BEJA NORD (Instance Supérieure pour les Élections (ISIE), Annuaire des centres de votes, 2022).",1,oued beja,3360,Sidi Alouane,Mahdia,Centre Est,centroid,,6.305,7.500
787,pop_tun_379,Hakaima,Hakaima,568,Mahdia,Mahdia,Sousse,,35.47,10.887296,Google Maps,Hkaima.,1,hakaima,3361,Ksour Essef,Mahdia,Centre Est,centroid,,11.223,0.165
788,pop_tun_38,Chaâl,Chaal,190,Aradh,Aradh,Gabès,,33.91667,9.41667,Geonames,,1,chaal,5157,El Hamma,Gabès,Sud Est,centroid,,16.054,22.561
789,pop_tun_380,Recharcha,Recharcha,1001,Mahdia,Mahdia,Sousse,,35.28156,10.96588,Geonames,,1,recharcha,3360,Sidi Alouane,Mahdia,Centre Est,centroid,,10.780,3.321
790,pop_tun_381,Beradaa,Beradaa,115,Mahdia,Mahdia,Sousse,,35.300589,11.003902,Google Maps,Bir Bradaa.,1,beradaa,3360,Sidi Alouane,Mahdia,Centre Est,centroid,,10.303,1.899
791,pop_tun_382,Sidi-Allouane,Sidi-Allouane,1064,Mahdia,Mahdia,Sousse,,35.371567,10.937811,Google Maps,,1,sidi allouane,3360,Sidi Alouane,Mahdia,Centre Est,centroid,,0.476,7.398
792,pop_tun_385,Sidi-Messaoud (Ksour-Essaf),Sidi-Messaoud (Ksour-Essaf),1092,Mahdia,Mahdia,Sousse,,35.4167923124299,10.9961352983127,Google Maps,,1,sidi messaoud ksour essaf,3361,Ksour Essef,Mahdia,Centre Est,centroid,,0.727,6.272
793,pop_tun_386,Zeraraa (Ksour-Essaf),Zeraraa (Ksour-Essaf),1201,Mahdia,Mahdia,Sousse,,35.4167923124299,10.9961352983127,Google Maps,,1,zeraraa ksour essaf,3361,Ksour Essef,Mahdia,Centre Est,centroid,,0.727,6.272
794,pop_tun_387,Tamezret,Tamezret,1137,Matmata,Matmata,Matmata,,33.5372087797527,9.86486338982921,Google Maps,,1,tamezret,5158,Matmata,Gabès,Sud Est,centroid,,9.513,10.516
795,pop_tun_388,Zraoua,Zraoua,1210,Matmata,Matmata,Matmata,,33.573594,9.823606,Google Maps,Zeraoua.,1,zraoua,5158,Matmata,Gabès,Sud Est,centroid,,13.639,6.950
796,pop_tun_389,Beni-Zelten,Beni-Zelten,114,Matmata,Matmata,Matmata,,33.5472398994148,10.0941118831629,Google Maps,,1,beni zelten,5158,Matmata,Gabès,Sud Est,centroid,,11.743,3.224
797,pop_tun_39,Zarat,Zarat,1189,Aradh,Aradh,Gabès,,33.67,10.352662,Google Maps,,1,zarat,5160,Mareth,Gabès,Sud Est,centroid,,8.457,13.214
798,pop_tun_390,Beni-Aissa,Beni-Aissa,101,Matmata,Matmata,Matmata,,33.6004200639301,9.89478041529441,Google Maps,,1,beni aissa,5158,Matmata,Gabès,Sud Est,centroid,,9.050,4.361
799,pop_tun_391,Toudjane,Toudjane,1163,Matmata,Matmata,Matmata,,33.466013,10.131121,Google Maps,,1,toudjane,5158,Matmata,Gabès,Sud Est,centroid,,17.560,4.561
800,pop_tun_392,Achaches,Achaches,3,Matmata,Matmata,Matmata,,33.5457225898706,9.96732528439603,Google Maps,"Dans ce cheikat est situé Matmata, siège du caidat.",1,achaches,5158,Matmata,Gabès,Sud Est,centroid,,0.022,14.062
801,pop_tun_393,Oulad-Slimane,Ouled-Slimane,963,Matmata,Matmata,Matmata,,33.395564,9.992454,Google Maps,http://excerpts.numilog.com/books/9782222037873.pdf.,1,ouled slimane,5158,Matmata,Gabès,Sud Est,centroid,,16.813,8.181
802,pop_tun_396,Testour,Testour,1155,Medjez-el-Bab,Medjez-el-Bab,Medjez-el-Bab,,36.55,9.441998,Google Maps,,1,testour,2157,Testour,Béja,Nord Ouest,name_and_centroid,1.0000,5.582,13.425
803,pop_tun_397,Messaid,Messaid,775,Medjez-el-Bab,Medjez-el-Bab,Medjez-el-Bab,,36.284723,9.535296,Google Maps,Recensement 1956.,2,messaid,2453,Bou Arada,Siliana,Nord Ouest,centroid,,10.837,2.029
804,pop_tun_398,Sloughia,Sloughia,1110,Medjez-el-Bab,Medjez-el-Bab,Medjez-el-Bab,,36.579621,9.512139,Google Maps,,1,sloughia,2157,Testour,Béja,Nord Ouest,centroid,,7.625,8.139
805,pop_tun_399,Oulad-Menaa,Ouled-Menaa,938,Medjez-el-Bab,Medjez-el-Bab,Medjez-el-Bab,,36.378898,9.707472,Google Maps,Recensement 1956.,2,ouled menaa,2453,Bou Arada,Siliana,Nord Ouest,centroid,,8.061,9.448
806,pop_tun_4,El-Atatfa,El-Atatfa,337,Ain-Draham,Ain-Draham,Tabarka,,36.81877,8.74065,Geonames,,1,el atatfa,2255,Ain Draham,Jendouba,Nord Ouest,centroid,,4.858,8.919
807,pop_tun_40,Aram,Aram,51,Aradh,Aradh,Gabès,,33.583574,10.318444,Google Maps,,1,aram,5160,Mareth,Gabès,Sud Est,centroid,,4.823,12.409
808,pop_tun_400,Oulad-Lamir,Ouled-Lamir,930,Medjez-el-Bab,Medjez-el-Bab,Medjez-el-Bab,,36.545696,9.662842,Google Maps,Recensement 1956.,1,ouled lamir,2158,Goubellat,Béja,Nord Ouest,centroid,,1.817,17.213
809,pop_tun_401,Sidi-Median,Sidi-Median,1091,Medjez-el-Bab,Medjez-el-Bab,Medjez-el-Bab,,36.64028,9.7502,Geonames,,1,sidi median,1455,Borj Amri,Mannouba,Nord Est,centroid,,12.025,0.416
810,pop_tun_402,Oulad-Akrim,Ouled-Akrim,859,Medjez-el-Bab,Medjez-el-Bab,Medjez-el-Bab,,36.498517,9.61615,Google Maps,Recensement 1956.,2,ouled akrim,2158,Goubellat,Béja,Nord Ouest,centroid,,7.665,8.719
811,pop_tun_403,Oued-Zarga,Oued-Zarga,847,Medjez-el-Bab,Medjez-el-Bab,Medjez-el-Bab,,36.666902,9.442015,Google Maps,,1,oued zarga,2157,Testour,Béja,Nord Ouest,centroid,,7.568,8.191
812,pop_tun_404,Oulad-Hezam,Ouled-Hezam,922,Medjez-el-Bab,Medjez-el-Bab,Medjez-el-Bab,,36.728004,9.665846,Google Maps,Recensement 1956.,1,ouled hezam,2159,Medjez El Bab,Béja,Nord Ouest,centroid,,5.290,4.609
813,pop_tun_405,Oulad-Slama,Ouled-Slama,962,Medjez-el-Bab,Medjez-el-Bab,Medjez-el-Bab,,36.515659,9.492695,Google Maps,"E.P. OULED SLAMA (Instance Supérieure pour les Élections (ISIE), Annuaire des centres de votes, 2022).",1,ouled slama,2157,Testour,Béja,Nord Ouest,centroid,,10.837,4.776
814,pop_tun_406,Chaouache,Chaouache,193,Medjez-el-Bab,Medjez-el-Bab,Medjez-el-Bab,,36.71,9.54066,Google Maps,,1,chaouache,2159,Medjez El Bab,Béja,Nord Ouest,centroid,,6.168,9.560
815,pop_tun_407,Ed-Droua,Ed-Droua,303,Medjez-el-Bab,Medjez-el-Bab,Medjez-el-Bab,,36.247205,9.756077,Geonames,"E.P. SIDI NAOUI - EDROUAA (Instance Supérieure pour les Élections (ISIE), Annuaire des centres de votes, 2022) - Zaghouan mais pas loin de Bouu Arada.",1,ed droua,2453,Bou Arada,Siliana,Nord Ouest,centroid,,16.502,2.717
816,pop_tun_408,Oulad-Abd-Ennour,Ouled-Abd-Ennour,855,Medjez-el-Bab,Medjez-el-Bab,Medjez-el-Bab,,36.298207,9.603701,Geonames,"E.P. SIDI ABDENNOUR (Instance Supérieure pour les Élections (ISIE), Annuaire des centres de votes, 2022).",1,ouled abd ennour,2453,Bou Arada,Siliana,Nord Ouest,centroid,,6.145,10.152
817,pop_tun_409,Oussaltia,Oussaltia,980,Medjez-el-Bab,Medjez-el-Bab,Medjez-el-Bab,,36.26443,9.32108,Geonames,Douar Ousseltia.,1,oussaltia,2454,Gaafour,Siliana,Nord Ouest,centroid,,6.542,10.718
818,pop_tun_41,Mareth,Mareth,722,Aradh,Aradh,Gabès,,33.62,10.2828,Google Maps,,1,mareth,5160,Mareth,Gabès,Sud Est,name_and_centroid,1.0000,0.401,21.779
819,pop_tun_418,Zarmedine Beldia,Zeramdine,1200,Monastir,Monastir,Sousse,,35.575462,10.735922,Google Maps,,1,zeramdine,3254,Zermadine,Monastir,Centre Est,centroid,,0.384,5.438
820,pop_tun_419,Touza Beldia,Touza,1166,Monastir,Monastir,Sousse,,35.6320931507089,10.8277401977649,Geonames,,1,touza,3261,Ksar Helal,Monastir,Centre Est,centroid,,5.704,0.399
821,pop_tun_42,Zarkin,Zarkin,1190,Aradh,Aradh,Gabès,,33.67,10.228828,Google Maps,,1,zarkin,5160,Mareth,Gabès,Sud Est,centroid,,7.858,11.731
822,pop_tun_421,Beni-Hassen,Beni-Hassen,104,Monastir,Monastir,Sousse,,35.566893,10.808155,Google Maps,,1,beni hassen,3255,Beni Hassen,Monastir,Centre Est,name_and_centroid,1.0000,0.046,6.840
823,pop_tun_422,Masdour et Menzel-Harb,Menzel-Harb,761,Monastir,Monastir,Sousse,,35.701949,10.742805,Google Maps,,1,menzel harb,3257,Bembla,Monastir,Centre Est,centroid,,4.595,1.253
824,pop_tun_423,Menzel-Khir et Bou-Othman,Bou-Othman,175,Monastir,Monastir,Sousse,,35.67757,10.697122,Google Maps,Sidi Bou Othman.,1,bou othman,3252,Ouerdanine,Monastir,Centre Est,centroid,,3.861,4.223
825,pop_tun_423,Menzel-Khir et Bou-Othman,Menzel-Khir,764,Monastir,Monastir,Sousse,,35.696796,10.711245,Google Maps,,1,menzel khir,3252,Ouerdanine,Monastir,Centre Est,centroid,,3.243,2.663
826,pop_tun_424,Mesjed-Aissa,Mesjed-Aissa,771,Monastir,Monastir,Sousse,,35.724094,10.714614,Google Maps,,1,mesjed aissa,3253,Sahline,Monastir,Centre Est,centroid,,2.905,0.761
827,pop_tun_425,Djenaiha et El-Gheraiba (Amira),Amiret Jnayha,269,Monastir,Monastir,Sousse,,35.5279892700769,10.7750311297545,Google Maps,,1,amiret jnayha,3255,Beni Hassen,Monastir,Centre Est,centroid,,5.290,1.075
828,pop_tun_425,Djenaiha et El-Gheraiba (Amira),Amiret El-Gheraiba,372,Monastir,Monastir,Sousse,,35.5279892700769,10.7750311297545,Google Maps,"JORT (8 Octobre 1957), délégation de Jammel.",1,amiret el gheraiba,3255,Beni Hassen,Monastir,Centre Est,centroid,,5.290,1.075
829,pop_tun_426,El-Hadjaj (Amira),Amiret El Hojjaj,394,Monastir,Monastir,Sousse,,35.5014867942005,10.8204970163584,Google Maps,,1,amiret el hojjaj,3255,Beni Hassen,Monastir,Centre Est,centroid,,7.391,2.237
830,pop_tun_427,El-Fehoul (Amira),Amiret El Fhoul,362,Monastir,Monastir,Sousse,,35.4441808656406,10.8274989561875,Google Maps,,1,amiret el fhoul,3352,Bou Merdes,Mahdia,Centre Est,centroid,,9.028,3.468
831,pop_tun_428,Touazra (Amira),Amiret Touazra,1162,Monastir,Monastir,Sousse,,35.4885396169006,10.761601737463,Google Maps,,1,amiret touazra,3352,Bou Merdes,Mahdia,Centre Est,centroid,,4.568,5.134
832,pop_tun_429,Beni-Rabia,Beni-Rabia,111,Monastir,Monastir,Sousse,,35.672525,10.568485,Google Maps,"E.P. BENI RABIAA MSAKEN (Instance Supérieure pour les Élections (ISIE), Annuaire des centres de votes, 2022).",1,beni rabia,3164,M’saken,Sousse,Centre Est,centroid,,6.167,4.543
833,pop_tun_43,Ketana,Ketana,640,Aradh,Aradh,Gabès,,33.76,10.20837,Google Maps,Kettena.,1,ketana,5153,Gabes Sud,Gabès,Sud Est,centroid,,14.460,2.701
834,pop_tun_430,Menzel-Kamel,Menzel-Kamel,763,Monastir,Monastir,Sousse,,35.624047,10.667211,Google Maps,,1,menzel kamel,3254,Zermadine,Monastir,Centre Est,centroid,,8.116,0.130
835,pop_tun_431,Djemia de Cherahil,Djemia de Cherahil,268,Monastir,Monastir,Sousse,,35.508192,10.854063,Google Maps,Chrahil.,1,djemia de cherahil,3255,Beni Hassen,Monastir,Centre Est,centroid,,7.764,4.883
836,pop_tun_432,Bembela et Menara,Bembla,92,Monastir,Monastir,Sousse,,35.695591,10.793047,Google Maps,,1,bembla,3257,Bembla,Monastir,Centre Est,name_and_centroid,1.0000,0.021,4.522
837,pop_tun_432,Bembela et Menara,Menara,749,Monastir,Monastir,Sousse,,35.695469,10.793304,Google Maps,,1,menara,3257,Bembla,Monastir,Centre Est,centroid,,0.030,4.486
838,pop_tun_433,Boudher,Boudher,161,Monastir,Monastir,Sousse,,35.66,10.82902,Google Maps,,1,boudher,3262,Ksibet El Mediouni,Monastir,Centre Est,centroid,,3.208,1.176
839,pop_tun_434,Zaouit Gonteche,Zaouiet-Gonteche,1188,Monastir,Monastir,Sousse,,35.6400889859661,10.7656371177773,Google Maps,Zaouiet. Qontech.,1,zaouiet gonteche,3256,Jammel,Monastir,Centre Est,centroid,,1.837,4.821
840,pop_tun_435,Bir-Taieb,Bir-Taieb,137,Monastir,Monastir,Sousse,,35.651259,10.695194,Google Maps,,1,bir taieb,3256,Jammel,Monastir,Centre Est,centroid,,6.442,0.130
841,pop_tun_436,Bordjine,Bordjine,152,Monastir,Monastir,Sousse,,35.67,10.581464,Google Maps,,1,bordjine,3164,M’saken,Sousse,Centre Est,centroid,,6.323,3.433
842,pop_tun_437,Bou-Hadjar,Bou-Hadjar,166,Monastir,Monastir,Sousse,,35.67,10.861169,Google Maps,,1,bou hadjar,3263,Sayada-Lamta Bou-Hjar,Monastir,Centre Est,centroid,,1.320,1.208
843,pop_tun_439,Damous,Damous,226,Monastir,Monastir,Sousse,,35.668068,10.77733,Google Maps,"Menzel Nourr (Wikipedia, ancien nom).",1,damous,3257,Bembla,Monastir,Centre Est,centroid,,3.388,1.729
844,pop_tun_44,El-Gheraira,El-Gheraira,373,Aradh,Aradh,Gabès,,34.170221,9.942375,Google Maps,"E.P. EL GHRAIRA EL HICHA (Instance Supérieure pour les Élections (ISIE), Annuaire des centres de votes, 2022).",1,el gheraira,3464,Skhira,Sfax,Centre Est,centroid,,18.692,5.936
845,pop_tun_440,Khenis,Khenis,650,Monastir,Monastir,Sousse,,35.71,10.815102,Google Maps,,1,khenis,3257,Bembla,Monastir,Centre Est,centroid,,2.531,1.020
846,pop_tun_443,Ksibet-el-Médiouni,Ksibet-El-Médiouni,673,Monastir,Monastir,Sousse,,35.69,10.844557,Google Maps,,1,ksibet el mediouni,3262,Ksibet El Mediouni,Monastir,Centre Est,name_and_centroid,1.0000,0.409,3.120
847,pop_tun_444,Lamta,Lamta,686,Monastir,Monastir,Sousse,,35.675369,10.880429,Google Maps,,1,lamta,3263,Sayada-Lamta Bou-Hjar,Monastir,Centre Est,centroid,,0.657,2.865
848,pop_tun_447,Saiada,Saiada,1018,Monastir,Monastir,Sousse,,35.66,10.899901,Google Maps,,1,saiada,3261,Ksar Helal,Monastir,Centre Est,centroid,,1.983,0.502
849,pop_tun_448,Sidi-Naidja,Sidi-Naidja,1095,Monastir,Monastir,Sousse,,35.55,10.868096,Google Maps,Menzel Fersi (ancien nom Sidi Naidja).,1,sidi naidja,3255,Beni Hassen,Monastir,Centre Est,centroid,,5.746,3.488
850,pop_tun_45,Oudref,Oudref,831,Aradh,Aradh,Gabès,,33.98,9.967346,Google Maps,,1,oudref,5155,El Metouia,Gabès,Sud Est,centroid,,4.919,5.082
851,pop_tun_451,Zaouit El-Fehri,Zaouiet-El-Fehri,1187,Nabeul,Nabeul,Grombalia,,36.449627,10.755929,Google Maps,Recensement 1956.,1,zaouiet el fehri,1551,Nabeul,Nabeul,Nord Est,centroid,,1.843,0.072
852,pop_tun_452,Dar-Chaabane,Dar-Chaabane,229,Nabeul,Nabeul,Grombalia,,36.463378,10.747529,Google Maps,,1,dar chaabane,1552,Dar Chaabane El Fehri,Nabeul,Nord Est,centroid,,0.272,1.448
853,pop_tun_454,El-Maamoura,El-Maamoura,447,Nabeul,Nabeul,Grombalia,,36.46,10.806427,Google Maps,,1,el maamoura,1553,Beni Khiar,Nabeul,Nord Est,centroid,,2.143,3.084
854,pop_tun_455,Tazerka,Tazerka,1143,Nabeul,Nabeul,Grombalia,,36.55,10.8329,Google Maps,,1,tazerka,1554,Korba,Nabeul,Nord Est,centroid,,3.632,6.909
855,pop_tun_456,Somaa,Somaa,1114,Nabeul,Nabeul,Grombalia,,36.54,10.780334,Google Maps,,1,somaa,1554,Korba,Nabeul,Nord Est,centroid,,8.024,0.422
856,pop_tun_458,Hammamet,Hammamet,575,Nabeul,Nabeul,Grombalia,,36.41,10.622471,Google Maps,,1,hammamet,1566,Hammamet,Nabeul,Nord Est,name_and_centroid,1.0000,0.998,10.084
857,pop_tun_459,M'Rada et Ferjane,Ferjane,519,Nabeul,Nabeul,Grombalia,,36.416389,10.460325,Google Maps,"Sidi Jedidi - Aneti (Mrada Ferjane Sidi jedidi, codde postale 8032).",1,ferjane,3161,Bouficha,Sousse,Centre Est,centroid,,12.736,0.932
858,pop_tun_459,M'Rada et Ferjane,M'Rada,806,Nabeul,Nabeul,Grombalia,,36.416389,10.460325,Google Maps,"Sidi Jedidi - Aneti (Mrada Ferjane Sidi jedidi, codde postale 8032).",1,mrada,3161,Bouficha,Sousse,Centre Est,centroid,,12.736,0.932
859,pop_tun_46,Methouia,Methouia,780,Aradh,Aradh,Gabès,,33.96,10.004755,Google Maps,,1,methouia,5155,El Metouia,Gabès,Sud Est,centroid,,0.822,5.129
860,pop_tun_460,Menzel-Temime,Menzel-Temime,765,Nabeul,Nabeul,Grombalia,,36.78,10.98853,Google Maps,,1,menzel temime,1555,Menzel Temime,Nabeul,Nord Est,name_and_centroid,1.0000,0.482,11.368
861,pop_tun_461,Slkalba,Slkalba,1109,Nabeul,Nabeul,Grombalia,,36.818486,10.890637,Google Maps,Skalba.,1,slkalba,1555,Menzel Temime,Nabeul,Nord Est,centroid,,10.080,1.285
862,pop_tun_462,El-Medaissa,El-Medaissa,458,Nabeul,Nabeul,Grombalia,,36.805469,10.874203,Google Maps,Recensement 1956.,1,el medaissa,1556,El Mida,Nabeul,Nord Est,centroid,,9.456,1.524
863,pop_tun_463,Kelibia,Kelibia,636,Nabeul,Nabeul,Grombalia,,36.8455913215579,11.094512414525,Google Maps,,1,kelibia,1557,Kelibia,Nabeul,Nord Est,name_and_centroid,1.0000,0.077,3.518
864,pop_tun_464,El-Haouaria et Brodj Kelib,Brodj-Kelib,182,Nabeul,Nabeul,Grombalia,,37.038915,11.059476,Google Maps,Haouaria vers fort (Est).,1,brodj kelib,1559,El Haouaria,Nabeul,Nord Est,centroid,,4.376,14.223
865,pop_tun_465,Zaouit-Bou-Krim,Boukrim,170,Nabeul,Nabeul,Grombalia,,36.9208980048332,10.9331547868581,Google Maps,,1,boukrim,1559,El Haouaria,Nabeul,Nord Est,centroid,,15.972,0.366
866,pop_tun_466,Tazeghrane,Tazeghrane,1142,Nabeul,Nabeul,Grombalia,,36.893973,10.869376,Google Maps,,1,tazeghrane,1555,Menzel Temime,Nabeul,Nord Est,centroid,,16.729,2.143
867,pop_tun_467,Menzel-Horr,Menzel-Horr,762,Nabeul,Nabeul,Grombalia,,36.727424,10.955501,Google Maps,,1,menzel horr,1555,Menzel Temime,Nabeul,Nord Est,centroid,,6.838,3.848
868,pop_tun_468,Drada,Drada,292,Nabeul,Nabeul,Grombalia,,,,,,,drada,1564,Grombalia,Nabeul,Nord Est,hist_unit_delegation,,,
869,pop_tun_469,Oum-Dhouil,Oum-Dhouil,974,Nabeul,Nabeul,Grombalia,,36.71,10.830714,Google Maps,,1,oum dhouil,1556,El Mida,Nabeul,Nord Est,centroid,,1.840,13.338
870,pop_tun_47,Ghennouche,Ghennouche,549,Aradh,Aradh,Gabès,,33.94,10.0646,Google Maps,Ghannouche.,1,ghennouche,5154,Ghanouch,Gabès,Sud Est,centroid,,0.028,5.107
871,pop_tun_470,Fartouna,Fartouna,509,Nabeul,Nabeul,Grombalia,,36.75,10.780321,Google Maps,,1,fartouna,1556,El Mida,Nabeul,Nord Est,centroid,,5.568,8.986
872,pop_tun_471,El-Menchia,El-Menchia,468,Nefzaoua,Nefzaoua,Kebili,,33.7828,8.8558,Google Maps,,1,el menchia,6353,Souk El Ahed,Kébili,Sud Ouest,centroid,,1.041,12.895
873,pop_tun_472,El-Kalaa,El-Kalaa,420,Nefzaoua,Nefzaoua,Kebili,,33.484854,9.007165,Google Maps,El Golâa.,1,el kalaa,6354,Douz Nord,Kébili,Sud Ouest,centroid,,3.320,0.000
874,pop_tun_473,El-Mansoura,El-Mansoura,453,Nefzaoua,Nefzaoua,Kebili,,33.7261,8.9386,Google Maps,,1,el mansoura,6351,Kebili Sud,Kébili,Sud Ouest,centroid,,4.040,0.000
875,pop_tun_474,Telmine,Telmine,1150,Nefzaoua,Nefzaoua,Kebili,,33.716877,8.919184,Google Maps,,1,telmine,6351,Kebili Sud,Kébili,Sud Ouest,centroid,,5.178,0.000
876,pop_tun_476,Gherib,Gherib,551,Nefzaoua,Nefzaoua,Kebili,,33.368538,8.673538,Google Maps,"Faouar, E.P. EL HOUDA - GHRIB (Instance Supérieure pour les Élections (ISIE), Annuaire des centres de votes, 2022).",1,gherib,6356,Faouar,Kébili,Sud Ouest,centroid,,1.343,33.227
877,pop_tun_477,Sabria,Sabria,1016,Nefzaoua,Nefzaoua,Kebili,,33.354274,8.74764,Google Maps,Es Sabria.,1,sabria,6356,Faouar,Kébili,Sud Ouest,centroid,,6.969,21.742
878,pop_tun_478,Al-Aouina,El-Aouina,325,Nefzaoua,Nefzaoua,Kebili,,33.449203,9.041363,Google Maps,E.P LAOUINA.,1,el aouina,6354,Douz Nord,Kébili,Sud Ouest,centroid,,1.748,0.000
879,pop_tun_479,Bechelli,Bechelli,81,Nefzaoua,Nefzaoua,Kebili,,33.61824,8.917286,Google Maps,Bchelli.,1,bechelli,6351,Kebili Sud,Kébili,Sud Ouest,centroid,,10.771,0.000
880,pop_tun_48,El-Kouatna,El-Kouatna,438,Aradh,Aradh,Gabès,,33.807026,9.998097,Google Maps,Recensement 1956.,1,el kouatna,5152,Gabes Ouest,Gabès,Sud Est,centroid,,8.866,2.665
881,pop_tun_480,Bechri,Bechri,84,Nefzaoua,Nefzaoua,Kebili,,33.79,8.772937,Google Maps,,1,bechri,6353,Souk El Ahed,Kébili,Sud Ouest,centroid,,6.838,13.958
882,pop_tun_481,Bou-Abdallah,Bou-Abdallah,155,Nefzaoua,Nefzaoua,Kebili,,33.716,8.9,Mindat,,1,bou abdallah,6351,Kebili Sud,Kébili,Sud Ouest,centroid,,6.873,0.000
883,pop_tun_482,Djemmna,Jemna,620,Nefzaoua,Nefzaoua,Kebili,,33.57,9.017629,Google Maps,,1,jemna,6354,Douz Nord,Kébili,Sud Ouest,centroid,,12.100,0.000
884,pop_tun_483,Djersine,Djersine,277,Nefzaoua,Nefzaoua,Kebili,,33.54,8.823094,Google Maps,Zarsin.,1,djersine,6354,Douz Nord,Kébili,Sud Ouest,centroid,,20.991,0.000
885,pop_tun_486,El-Adara,El-Adara,306,Nefzaoua,Nefzaoua,Kebili,,33.436437,9.009324,Mindat,Ghlissia.,1,el adara,6354,Douz Nord,Kébili,Sud Ouest,centroid,,3.344,0.000
886,pop_tun_487,Oulad-Yacoub,Ouled-Yacoub,964,Nefzaoua,Nefzaoua,Kebili,,33.713403,8.966311,Google Maps,"Cimetière Oulad Yacoub., mais peut aussi être Koudiat Oulad Yakoub à Douz.",3,ouled yacoub,6351,Kebili Sud,Kébili,Sud Ouest,centroid,,1.256,0.000
887,pop_tun_488,Oum-Somaa,Oum-Somaa,976,Nefzaoua,Nefzaoua,Kebili,,33.7852,8.8155,Google Maps,Mosqué de Oum Somaa.,1,oum somaa,6353,Souk El Ahed,Kébili,Sud Ouest,centroid,,2.889,14.232
888,pop_tun_489,Oulad-Youssef (Cercle de Medenine),Ouled-Youssef (Cercle de Medenine),970,Ouerghemma,Ouerghemma,"Medenine, Ben-Gardane, Zarzis",,33.34,10.49143,Google Maps,,2,ouled youssef cercle de medenine,5252,Medenine Sud,Medenine,Sud Est,centroid,,0.410,0.374
889,pop_tun_49,Somta,Somta,1115,Aradh,Aradh,Gabès,,33.792761,10.086674,Google Maps,Recensement 1956.,1,somta,5153,Gabes Sud,Gabès,Sud Est,centroid,,7.566,1.461
890,pop_tun_490,Oulad-Abdallah et Chouachin (Cercle de Medenine),Ouled-Abdallah et Chouachin (Cercle de Medenine),854,Ouerghemma,Ouerghemma,"Medenine, Ben-Gardane, Zarzis",,33.34,10.49143,Google Maps,,2,ouled abdallah et chouachin cercle de medenine,5252,Medenine Sud,Medenine,Sud Est,centroid,,0.410,0.374
891,pop_tun_491,Choua-El-Oula (Cercle de Medenine),Chaoua-Oula,194,Ouerghemma,Ouerghemma,"Medenine, Ben-Gardane, Zarzis",,33.34,10.49143,Google Maps,,2,chaoua oula,5252,Medenine Sud,Medenine,Sud Est,centroid,,0.410,0.374
892,pop_tun_492,Chaoua-Thania (Cercle de Medenine),Chaoua-Thania,196,Ouerghemma,Ouerghemma,"Medenine, Ben-Gardane, Zarzis",,33.34,10.49143,Google Maps,,2,chaoua thania,5252,Medenine Sud,Medenine,Sud Est,centroid,,0.410,0.374
893,pop_tun_493,Temmara (Cercle de Medenine),Temmara (Cercle de Medenine),1151,Ouerghemma,Ouerghemma,"Medenine, Ben-Gardane, Zarzis",,33.34,10.49143,Google Maps,,2,temmara cercle de medenine,5252,Medenine Sud,Medenine,Sud Est,centroid,,0.410,0.374
894,pop_tun_494,El-Mekazra (Cercle de Medenine),El-Mekazra,462,Ouerghemma,Ouerghemma,"Medenine, Ben-Gardane, Zarzis",,33.34,10.49143,Google Maps,,2,el mekazra,5252,Medenine Sud,Medenine,Sud Est,centroid,,0.410,0.374
895,pop_tun_495,Jouamaa (Cercle de Medenine),Jouamaa,622,Ouerghemma,Ouerghemma,"Medenine, Ben-Gardane, Zarzis",,33.34,10.49143,Google Maps,,2,jouamaa,5252,Medenine Sud,Medenine,Sud Est,centroid,,0.410,0.374
896,pop_tun_496,El-Mehadha,El-Mehadha,460,Ouerghemma,Ouerghemma,"Medenine, Ben-Gardane, Zarzis",,33.210739,10.186257,Google Maps,Ksar Mhadha - Beni Khedache.,1,el mehadha,5253,Beni Khedech,Medenine,Sud Est,centroid,,4.678,17.206
897,pop_tun_497,Jebbah,Jebbah,614,Ouerghemma,Ouerghemma,"Medenine, Ben-Gardane, Zarzis",,33.24031,10.201735,Google Maps,"Recensement 1956, Beni Khedache.",2,jebbah,5253,Beni Khedech,Medenine,Sud Est,centroid,,1.244,22.462
898,pop_tun_498,Ghebenten,Ghebenten,548,Ouerghemma,Ouerghemma,"Medenine, Ben-Gardane, Zarzis",,,,,,,ghebenten,,,,,unresolved,,,
899,pop_tun_499,Lemalma,Lemalma,692,Ouerghemma,Ouerghemma,"Medenine, Ben-Gardane, Zarzis",,33.279783,10.217083,Google Maps,https://en.wikipedia.org/wiki/List_of_ksour_in_Tunisia.,1,lemalma,5253,Beni Khedech,Medenine,Sud Est,centroid,,3.546,22.421
900,pop_tun_5,Hedil et Ej-Jouada,El-Jouada,419,Ain-Draham,Ain-Draham,Tabarka,,36.67343,8.63875,Geonames,Hedhil.,1,el jouada,2256,Fernana,Jendouba,Nord Ouest,centroid,,1.995,11.833
901,pop_tun_5,Hedil et Ej-Jouada,Hedil,589,Ain-Draham,Ain-Draham,Tabarka,,36.67,8.64,Geonames,,1,hedil,2256,Fernana,Jendouba,Nord Ouest,centroid,,1.605,12.525
902,pop_tun_50,Teboulbou,Teboulbou,1146,Aradh,Aradh,Gabès,,33.84246,10.130017,Google Maps,,1,teboulbou,5153,Gabes Sud,Gabès,Sud Est,centroid,,2.842,2.737
903,pop_tun_500,Medenine,Medenine,734,Ouerghemma,Ouerghemma,"Medenine, Ben-Gardane, Zarzis",,33.34,10.49,Google Maps,,1,medenine,5252,Medenine Sud,Medenine,Sud Est,centroid,,0.494,0.260
904,pop_tun_501,Oulad-Belgacem,Ouled-Belgacem,871,Ouerghemma,Ouerghemma,"Medenine, Ben-Gardane, Zarzis",,33.347478,10.470657,Google Maps,"Recensement 1956, Medenine.",2,ouled belgacem,5251,Medenine Nord,Medenine,Sud Est,centroid,,1.684,0.514
905,pop_tun_502,Oulad-Mahdi,Ouled-Mahdi,932,Ouerghemma,Ouerghemma,"Medenine, Ben-Gardane, Zarzis",,33.24031,10.201735,Google Maps,"Recensement 1956, Beni Khedache.",2,ouled mahdi,5253,Beni Khedech,Medenine,Sud Est,centroid,,1.244,22.462
906,pop_tun_503,Zemamra,Zemamra,1199,Ouerghemma,Ouerghemma,"Medenine, Ben-Gardane, Zarzis",,33.24031,10.201735,Google Maps,"Recensement 1956, Beni Khedache.",2,zemamra,5253,Beni Khedech,Medenine,Sud Est,centroid,,1.244,22.462
907,pop_tun_504,Barrania de Médenine,Barrania de Médenine,74,Ouerghemma,Ouerghemma,"Medenine, Ben-Gardane, Zarzis",,33.34,10.49143,Google Maps,,2,barrania de medenine,5252,Medenine Sud,Medenine,Sud Est,centroid,,0.410,0.374
908,pop_tun_505,El-MehabbEl-(Cercle de Medenine),El-Mehabbel,459,Ouerghemma,Ouerghemma,"Medenine, Ben-Gardane, Zarzis",,33.660246,10.668531,Google Maps,Page 9/56 (https://octaviana.fr/document/FJDNM032).,1,el mehabbel,5258,Djerba Ajim,Medenine,Sud Est,centroid,,11.293,13.149
909,pop_tun_506,Ek-Kraina (Cercle de Ben-Gardane),El-Kraina (Cercle de Ben-Gardane),440,Ouerghemma,Ouerghemma,"Medenine, Ben-Gardane, Zarzis",,33.1398106305503,11.2162781205863,Google Maps,,2,el kraina cercle de ben gardane,5254,Ben Guerdane,Medenine,Sud Est,centroid,,0.091,39.839
910,pop_tun_507,Nebahna (Cercle de Ben-Gardane),Nebahna (Cercle de Ben-Gardane),817,Ouerghemma,Ouerghemma,"Medenine, Ben-Gardane, Zarzis",,33.1398106305503,11.2162781205863,Google Maps,,2,nebahna cercle de ben gardane,5254,Ben Guerdane,Medenine,Sud Est,centroid,,0.091,39.839
911,pop_tun_508,El-Melalha (Cercle de Ben-Gardane),El-Melalha,463,Ouerghemma,Ouerghemma,"Medenine, Ben-Gardane, Zarzis",,33.1398106305503,11.2162781205863,Google Maps,,2,el melalha,5254,Ben Guerdane,Medenine,Sud Est,centroid,,0.091,39.839
912,pop_tun_509,Maztoura (Cercle de Ben-Gardane),Maztoura (Cercle de Ben-Gardane),732,Ouerghemma,Ouerghemma,"Medenine, Ben-Gardane, Zarzis",,33.1398106305503,11.2162781205863,Google Maps,,2,maztoura cercle de ben gardane,5254,Ben Guerdane,Medenine,Sud Est,centroid,,0.091,39.839
913,pop_tun_51,Bou-Chemma,Bou-Chemma,159,Aradh,Aradh,Gabès,,33.905024,10.061352,Google Maps,Bouchamma.,1,bou chemma,5152,Gabes Ouest,Gabès,Sud Est,centroid,,3.885,0.030
914,pop_tun_510,Oulad-Khelifa Djerah (Cercle de Ben-Gardane),Ouled-Khelifa Djerah (Cercle de Ben-Gardane),927,Ouerghemma,Ouerghemma,"Medenine, Ben-Gardane, Zarzis",,33.1398106305503,11.2162781205863,Google Maps,,2,ouled khelifa djerah cercle de ben gardane,5254,Ben Guerdane,Medenine,Sud Est,centroid,,0.091,39.839
915,pop_tun_511,Rebaya (Cercle de Ben-Gardane),Rebaya (Cercle de Ben-Gardane),998,Ouerghemma,Ouerghemma,"Medenine, Ben-Gardane, Zarzis",,33.1398106305503,11.2162781205863,Google Maps,,2,rebaya cercle de ben gardane,5254,Ben Guerdane,Medenine,Sud Est,centroid,,0.091,39.839
916,pop_tun_512,Oulad-Hamed (Cercle de Ben-Gardane),Ouled-Hamed (Cercle de Ben-Gardane),919,Ouerghemma,Ouerghemma,"Medenine, Ben-Gardane, Zarzis",,33.1398106305503,11.2162781205863,Google Maps,,2,ouled hamed cercle de ben gardane,5254,Ben Guerdane,Medenine,Sud Est,centroid,,0.091,39.839
917,pop_tun_513,Barrania de Ben-Gardane (Cercle de Ben-Gardane),Barrania de Ben-Gardane,73,Ouerghemma,Ouerghemma,"Medenine, Ben-Gardane, Zarzis",,33.1398106305503,11.2162781205863,Google Maps,,2,barrania de ben gardane,5254,Ben Guerdane,Medenine,Sud Est,centroid,,0.091,39.839
918,pop_tun_514,Oulad Khelifa-Chougman (Cercle de Ben-Gardane),Ouled-Khelifa-Chougman (Cercle de Ben-Gardane),928,Ouerghemma,Ouerghemma,"Medenine, Ben-Gardane, Zarzis",,33.1398106305503,11.2162781205863,Google Maps,,2,ouled khelifa chougman cercle de ben gardane,5254,Ben Guerdane,Medenine,Sud Est,centroid,,0.091,39.839
919,pop_tun_515,Oulad-Aounallah (Cercle de Ben-Gardane),Ouled-Aounallah (Cercle de Ben-Gardane),868,Ouerghemma,Ouerghemma,"Medenine, Ben-Gardane, Zarzis",,33.1398106305503,11.2162781205863,Google Maps,,2,ouled aounallah cercle de ben gardane,5254,Ben Guerdane,Medenine,Sud Est,centroid,,0.091,39.839
920,pop_tun_516,Zliten (Cercle de Ben-Gardane),Zliten (Cercle de Ben-Gardane),1203,Ouerghemma,Ouerghemma,"Medenine, Ben-Gardane, Zarzis",,33.1398106305503,11.2162781205863,Google Maps,,2,zliten cercle de ben gardane,5254,Ben Guerdane,Medenine,Sud Est,centroid,,0.091,39.839
921,pop_tun_517,Jelalta (Cercle de Ben-Gardane),Jelalta,616,Ouerghemma,Ouerghemma,"Medenine, Ben-Gardane, Zarzis",,33.1398106305503,11.2162781205863,Google Maps,,2,jelalta,5254,Ben Guerdane,Medenine,Sud Est,centroid,,0.091,39.839
922,pop_tun_518,Aouine (Cercle de Ben-Gardane),Aouine,48,Ouerghemma,Ouerghemma,"Medenine, Ben-Gardane, Zarzis",,33.1398106305503,11.2162781205863,Google Maps,,2,aouine,5254,Ben Guerdane,Medenine,Sud Est,centroid,,0.091,39.839
923,pop_tun_52,Bechima,Bechima,82,Aradh,Aradh,Gabès,,33.857506,9.789724,Google Maps,,1,bechima,5157,El Hamma,Gabès,Sud Est,centroid,,18.993,4.255
924,pop_tun_520,Oulad-Bou-Ali (Cercle de Zarzis),Ouled-Bou-Ali (Cercle de Zarzis),878,Ouerghemma,Ouerghemma,"Medenine, Ben-Gardane, Zarzis",,33.5033032662621,11.1109307269972,Google Maps,"Page 4/54: ""Dans un rayon de 5km de l'agglomération de Zarzis"" (https://octaviana.fr/document/FJDNM029).",1,ouled bou ali cercle de zarzis,5255,Zarzis,Medenine,Sud Est,centroid,,0.497,31.506
925,pop_tun_521,El-Khelaifa (Cercle de Zarzis),El-Khelaifa,432,Ouerghemma,Ouerghemma,"Medenine, Ben-Gardane, Zarzis",,33.5033032662621,11.1109307269972,Google Maps,,,el khelaifa,5255,Zarzis,Medenine,Sud Est,centroid,,0.497,31.506
926,pop_tun_522,Oulad-Said (Cercle de Zarzis),Ouled-Said (Cercle de Zarzis),952,Ouerghemma,Ouerghemma,"Medenine, Ben-Gardane, Zarzis",,33.5033032662621,11.1109307269972,Google Maps,"Page 4/54: ""Dans un rayon de 5km de l'agglomération de Zarzis"" (https://octaviana.fr/document/FJDNM029).",1,ouled said cercle de zarzis,5255,Zarzis,Medenine,Sud Est,centroid,,0.497,31.506
927,pop_tun_523,El-Youansa (Cercle de Zarzis),El-Youansa,498,Ouerghemma,Ouerghemma,"Medenine, Ben-Gardane, Zarzis",,33.502678,11.016371,Google Maps,Zarzis.,2,el youansa,5255,Zarzis,Medenine,Sud Est,centroid,,8.290,19.904
928,pop_tun_524,El-Zaouia (Cercle de Zarzis),El-Zaouia (Cercle de Zarzis),500,Ouerghemma,Ouerghemma,"Medenine, Ben-Gardane, Zarzis",,33.5033032662621,11.1109307269972,Google Maps,"Page 4/54: ""Dans un rayon de 5km de l'agglomération de Zarzis"" (https://octaviana.fr/document/FJDNM029).",1,el zaouia cercle de zarzis,5255,Zarzis,Medenine,Sud Est,centroid,,0.497,31.506
929,pop_tun_525,Oulad-M'hamed (Cercle de Zarzis),Ouled-M'hamed (Cercle de Zarzis),940,Ouerghemma,Ouerghemma,"Medenine, Ben-Gardane, Zarzis",,33.5033032662621,11.1109307269972,Google Maps,"Page 4/54: ""Dans un rayon de 5km de l'agglomération de Zarzis"" (https://octaviana.fr/document/FJDNM029).",1,ouled mhamed cercle de zarzis,5255,Zarzis,Medenine,Sud Est,centroid,,0.497,31.506
930,pop_tun_526,El-Arab,El-Arab,331,Oulad-Aoun,Oulad-Aoun,Maktar,,36.122448,9.43233,Geonames,,1,el arab,2451,Siliana Nord,Siliana,Nord Ouest,centroid,,6.569,0.807
931,pop_tun_527,Oulad El-Ouaer,Ouled-El-Ouaer,904,Oulad-Aoun,Oulad-Aoun,Maktar,,35.911261,9.222421,Google Maps,Recensement 1956.,1,ouled el ouaer,2457,Makthar,Siliana,Nord Ouest,centroid,,6.324,10.477
932,pop_tun_528,Oulad Fredj,Ouled-Fredj,908,Oulad-Aoun,Oulad-Aoun,Maktar,,36.05975,9.57272,Geonames,,1,ouled fredj,2460,Bargou,Siliana,Nord Ouest,centroid,,6.345,11.808
933,pop_tun_529,Oulad El-Manesse,Ouled-El-Manesse,900,Oulad-Aoun,Oulad-Aoun,Maktar,,,,,,,ouled el manesse,2457,Makthar,Siliana,Nord Ouest,hist_unit_delegation,,,
934,pop_tun_530,Megharba,Megharba,737,Oulad-Aoun,Oulad-Aoun,Maktar,,35.967411,9.284906,Google Maps,Recensement 1956.,1,megharba,2457,Makthar,Siliana,Nord Ouest,centroid,,14.275,0.428
935,pop_tun_531,El-Bahirine,El-Bahirine,346,Oulad-Aoun,Oulad-Aoun,Maktar,,36.03333,9.6,Geonames,,1,el bahirine,2460,Bargou,Siliana,Nord Ouest,centroid,,8.158,8.822
936,pop_tun_532,Bargou,Bargou,71,Oulad-Aoun,Oulad-Aoun,Maktar,,36.09,9.5658,Google Maps,,1,bargou,2460,Bargou,Siliana,Nord Ouest,name_and_centroid,1.0000,4.708,12.560
937,pop_tun_533,Madiouna,Madiouna,707,Oulad-Aoun,Oulad-Aoun,Maktar,,35.92694,9.24333,Geonames,Mediouna.,1,madiouna,2457,Makthar,Siliana,Nord Ouest,centroid,,8.578,8.103
938,pop_tun_534,El-Ghar,El-Ghar,366,Oulad-Aoun,Oulad-Aoun,Maktar,,36.05,9.65,Google Maps,http://www.maplandia.com/tunisia/region-3/siliana/dashrat-al-ghar/register/.,1,el ghar,2460,Bargou,Siliana,Nord Ouest,centroid,,6.976,10.515
939,pop_tun_535,Sidi-Abid,Sidi-Abid,1060,Oulad-Aoun,Oulad-Aoun,Maktar,,,,,,,sidi abid,2457,Makthar,Siliana,Nord Ouest,hist_unit_delegation,,,
940,pop_tun_536,Oulad Sidi-Hamada,Ouled-Sidi-Hamada,959,Oulad-Aoun,Oulad-Aoun,Maktar,,35.96,9.55,Google Maps,,1,ouled sidi hamada,4155,El Ouslatia,Kairouan,Centre Ouest,centroid,,13.657,3.542
941,pop_tun_537,Oulad Zanak,Ouled-Zanak,972,Oulad-Aoun,Oulad-Aoun,Maktar,,35.955116,9.433973,Google Maps,Recensement 1956.,2,ouled zanak,2452,Siliana Sud,Siliana,Nord Ouest,centroid,,15.306,0.353
942,pop_tun_538,R'hamna,R'hamna,1008,Oulad-Aoun,Oulad-Aoun,Maktar,,36.041845,9.340525,Google Maps,Recensement 1956.,1,rhamna,2452,Siliana Sud,Siliana,Nord Ouest,centroid,,5.051,0.798
943,pop_tun_539,Zriba,Zriba,1216,Oulad-Aoun,Oulad-Aoun,Maktar,,35.942331,9.502637,Google Maps,Recensement 1956.,2,zriba,4155,El Ouslatia,Kairouan,Centre Ouest,centroid,,16.674,2.206
944,pop_tun_540,Oulad Ayar,Ouled-Ayar,870,Oulad-Aoun,Oulad-Aoun,Maktar,,35.61556,9.21389,Geonames,,1,ouled ayar,4257,Djedeliane,Kasserine,Centre Ouest,centroid,,14.462,0.352
945,pop_tun_541,Oulad Samet,Ouled-Samet,955,Oulad-Aoun,Oulad-Aoun,Maktar,,36.008457,9.40376,Google Maps,Recensement 1956.,2,ouled samet,2452,Siliana Sud,Siliana,Nord Ouest,centroid,,8.796,0.380
946,pop_tun_542,Alaouna,Alaouna,37,Oulad-Aoun,Oulad-Aoun,Maktar,,36.0876356470366,9.37312446299586,Google Maps,"Dans ce cheikat est situé le centre du Siliana, siège du caïdat.",1,alaouna,2451,Siliana Nord,Siliana,Nord Ouest,centroid,,0.034,0.796
947,pop_tun_543,El-Assakra,El-Assakra,336,Oulad-Aoun,Oulad-Aoun,Maktar,,36.001791,9.251325,Google Maps,Recensement 1956.,2,el assakra,2452,Siliana Sud,Siliana,Nord Ouest,centroid,,13.685,0.815
948,pop_tun_544,Sfina,Sfina,1057,Oulad-Aoun,Oulad-Aoun,Maktar,,35.895688,9.300699,Google Maps,Recensement 1956.,1,sfina,2457,Makthar,Siliana,Nord Ouest,centroid,,9.614,1.185
949,pop_tun_545,Khalsa,Khalsa,642,Oulad-Aoun,Oulad-Aoun,Maktar,,35.9681,9.18594,Geonames,,1,khalsa,2457,Makthar,Siliana,Nord Ouest,centroid,,12.578,6.244
950,pop_tun_547,Sayar,Sayar,1032,Oulad-Ayar,Oulad-Ayar,Maktar,,35.8559850962336,9.2048910591243,Google Maps,"Dans ce cheikat est situé Maktar, siège du caïdat.",1,sayar,2457,Makthar,Siliana,Nord Ouest,centroid,,0.075,15.098
951,pop_tun_548,Soualem,Soualem,1116,Oulad-Ayar,Oulad-Ayar,Maktar,,35.8019,9.19435,Geonames,,1,soualem,2457,Makthar,Siliana,Nord Ouest,centroid,,6.083,9.358
952,pop_tun_549,Baze,Baze,78,Oulad-Ayar,Oulad-Ayar,Maktar,,35.89201,9.13877,Geonames,Bez.,1,baze,2457,Makthar,Siliana,Nord Ouest,centroid,,7.231,14.915
953,pop_tun_550,Oulad Salah,Ouled-Salah,953,Oulad-Ayar,Oulad-Ayar,Maktar,,35.83,9.07,Geonames,Kef Ouled Salah.,1,ouled salah,2457,Makthar,Siliana,Nord Ouest,centroid,,12.548,5.498
954,pop_tun_551,Louata,Louata,701,Oulad-Ayar,Oulad-Ayar,Maktar,,35.832816,9.002664,Geonames,Louata Kef.,3,louata,2359,El Ksour,Kef,Nord Ouest,centroid,,12.533,5.919
955,pop_tun_552,El-Garia,El-Garia,365,Oulad-Ayar,Oulad-Ayar,Maktar,,35.77,9.48,Google Maps,Dechret el Garia.,1,el garia,2459,Kesra,Siliana,Nord Ouest,centroid,,11.414,7.381
956,pop_tun_553,Oulad Ahmed ben Ali,Ouled-Ahmed Ben Ali,857,Oulad-Ayar,Oulad-Ayar,Maktar,,35.85306,9.14111,Geonames,,1,ouled ahmed ben ali,2457,Makthar,Siliana,Nord Ouest,centroid,,5.821,14.814
957,pop_tun_554,Kesra,Kesra,639,Oulad-Ayar,Oulad-Ayar,Maktar,,35.813811,9.365255,Google Maps,,1,kesra,2459,Kesra,Siliana,Nord Ouest,name_and_centroid,1.0000,0.018,15.084
958,pop_tun_555,El-Mansoura,El-Mansoura,452,Oulad-Ayar,Oulad-Ayar,Maktar,,35.795485,9.486382,Geonames,,1,el mansoura,2459,Kesra,Siliana,Nord Ouest,centroid,,11.090,9.368
959,pop_tun_556,Oulad Khezam,Ouled-Khezam,929,Oulad-Ayar,Oulad-Ayar,Maktar,,35.864811,9.227571,Google Maps,Recensement 1956.,1,ouled khezam,2457,Makthar,Siliana,Nord Ouest,centroid,,2.200,11.425
960,pop_tun_557,Oulad El-Mouellah,Ouled-El-Mouellah,903,Oulad-Ayar,Oulad-Ayar,Maktar,,35.731706,9.056253,Google Maps,Recensement 1956.,1,ouled el mouellah,2458,Er-Rouhia,Siliana,Nord Ouest,centroid,,8.804,6.651
961,pop_tun_558,El-Graoua,El-Graoua,382,Oulad-Ayar,Oulad-Ayar,Maktar,,35.61667,9.28333,Geonames,Vérifier le contrôle civil en 1931.,1,el graoua,4256,Sbiba,Kasserine,Centre Ouest,centroid,,20.484,0.190
962,pop_tun_559,El-Msahla,El-Msahla,476,Oulad-Ayar,Oulad-Ayar,Maktar,,35.78106,9.08164,Geonames,El Messahla.,1,el msahla,2457,Makthar,Siliana,Nord Ouest,centroid,,13.924,0.544
963,pop_tun_560,Skarna,Skarna,1107,Oulad-Ayar,Oulad-Ayar,Maktar,,35.74738,9.09729,Mindat,Jbel Skarna (montagne).,1,skarna,2458,Er-Rouhia,Siliana,Nord Ouest,centroid,,11.182,4.328
964,pop_tun_561,Oulad Said,Ouled-Said,951,Oulad-Ayar,Oulad-Ayar,Maktar,,35.938978,9.063721,Google Maps,Recensement 1956.,1,ouled said,2361,Es-Sers,Kef,Nord Ouest,centroid,,15.580,0.163
965,pop_tun_562,El-Hababsa,El-Hababsa,390,Oulad-Ayar,Oulad-Ayar,Maktar,,35.576441,9.345438,Google Maps,"E.P. EL HABABSA EL HABABSA NORD (Instance Supérieure pour les Élections (ISIE), Annuaire des centres de votes, 2022).",1,el hababsa,4157,El Alaa,Kairouan,Centre Ouest,centroid,,20.053,4.738
966,pop_tun_563,Saadna,Saadna,1013,Oulad-Ayar,Oulad-Ayar,Maktar,,,,,,,saadna,2457,Makthar,Siliana,Nord Ouest,hist_unit_delegation,,,
967,pop_tun_568,Barrania (partie rurale),Barrania,72,Sfax,Sfax,Sfax,,34.765464,10.784423,Google Maps,Recensement 1956.,1,barrania,3451,Sfax Ville,Sfax,Centre Est,centroid,,3.641,0.246
968,pop_tun_569,Merkez Demak,Merkez Demak,769,Sfax,Sfax,Sfax,,34.752211,10.714763,Google Maps,"E.P. MARKEZ DAMMAK EL ALIA (Instance Supérieure pour les Élections (ISIE), Annuaire des centres de votes, 2022).",1,merkez demak,3452,Sfax Ouest,Sfax,Centre Est,centroid,,3.031,0.488
969,pop_tun_570,Merkez Kammoun,Merkez Kammoun,770,Sfax,Sfax,Sfax,,34.7857514334368,10.7207143043238,Google Maps,,1,merkez kammoun,3455,Sfax Sud,Sfax,Centre Est,centroid,,0.329,3.837
970,pop_tun_571,Merkez Ben Halima,Merkez Ben Halima,768,Sfax,Sfax,Sfax,,34.7673009058808,10.7090073866663,Google Maps,,1,merkez ben halima,3455,Sfax Sud,Sfax,Centre Est,centroid,,2.164,2.409
971,pop_tun_572,SakiEl-ed-Dair,Sakiet-El-Dair,1025,Sfax,Sfax,Sfax,,34.78,10.795,Google Maps,,1,sakiet el dair,3454,Sakiet Eddaier,Sfax,Centre Est,centroid,,2.495,1.520
972,pop_tun_573,Demak,Demak,239,Sfax,Sfax,Sfax,,34.739936,10.716273,Google Maps,Recensement 1956.,1,demak,3452,Sfax Ouest,Sfax,Centre Est,centroid,,2.332,1.521
973,pop_tun_575,Sakiet El-Zit,Sakiet-El-Zit,1026,Sfax,Sfax,Sfax,,34.8,10.76,Google Maps,,1,sakiet el zit,3453,Sakiet Ezzit,Sfax,Centre Est,centroid,,0.369,1.792
974,pop_tun_576,El-Aouabed,El-Aouabed,319,Sfax,Sfax,Sfax,,34.84665,10.64653,Geonames,,1,el aouabed,3455,Sfax Sud,Sfax,Centre Est,centroid,,9.880,1.626
975,pop_tun_577,El-Soualah,El-Soualah,491,Sfax,Sfax,Sfax,,34.61694,10.57472,Geonames,,1,el soualah,3465,Mahres,Sfax,Centre Est,centroid,,12.555,1.502
976,pop_tun_578,El-Bedarna,El-Bedarna,348,Sfax,Sfax,Sfax,,34.87,10.83,Google Maps,,1,el bedarna,3459,El Amra,Sfax,Centre Est,centroid,,8.368,0.426
977,pop_tun_579,Oulad Youssef,Ouled-Youssef,969,Sfax,Sfax,Sfax,,34.944359,10.516006,Google Maps,"E.P. OULED YOUSSEF NORD (Instance Supérieure pour les Élections (ISIE), Annuaire des centres de votes, 2022).",1,ouled youssef,3461,Menzel Chaker,Sfax,Centre Est,centroid,,13.449,9.129
978,pop_tun_58,El-Rabtine partie rurale,El-Rabtine,483,Béja,Béja,Béja,,36.7250612934603,9.18327240560908,Google Maps,El-Rabtine partie ville appartient à Béjà.,,el rabtine,2152,Béja Sud,Béja,Nord Ouest,centroid,,7.324,3.667
979,pop_tun_580,El-Aouiet,El-Aouiet,324,Sfax,Sfax,Sfax,,34.960509,10.363188,Google Maps,"Délégation de Menzel Chaker, JORT (8 Octobre 1957).",2,el aouiet,3461,Menzel Chaker,Sfax,Centre Est,centroid,,1.305,24.327
980,pop_tun_581,Oulad-Ameur,Ouled-Ameur,863,Sfax,Sfax,Sfax,,34.68278,10.685,Google Maps,,1,ouled ameur,3456,Tina,Sfax,Centre Est,centroid,,1.793,6.024
981,pop_tun_582,Oulad-Feeda,Ouled-Feeda,905,Sfax,Sfax,Sfax,,34.85,10.85,Geonames,Ouled Fodda.,1,ouled feeda,3454,Sakiet Eddaier,Sfax,Centre Est,centroid,,8.166,1.449
982,pop_tun_583,El-Araba,El-Araba,332,Sfax,Sfax,Sfax,,34.83389,10.35583,Geonames,,1,el araba,3461,Menzel Chaker,Sfax,Centre Est,centroid,,15.182,3.594
983,pop_tun_584,El-Attaet,El-Attaet,339,Sfax,Sfax,Sfax,,34.777354,10.365948,Google Maps,"E.P. ATTAYET - MAHROUGA (Instance Supérieure pour les Élections (ISIE), Annuaire des centres de votes, 2022).",1,el attaet,3457,Agareb,Sfax,Centre Est,centroid,,15.329,6.067
984,pop_tun_585,Traka,Traka,1169,Sfax,Sfax,Sfax,,34.76861,10.53139,Geonames,,1,traka,3457,Agareb,Sfax,Centre Est,centroid,,3.057,14.458
985,pop_tun_586,Djeouaouda,Djeouaouda,271,Sfax,Sfax,Sfax,,34.71389,10.45528,Geonames,,1,djeouaouda,3457,Agareb,Sfax,Centre Est,centroid,,7.313,14.211
986,pop_tun_587,Ez Zouaed,El-Zouaed,503,Sfax,Sfax,Sfax,,34.960509,10.363188,Google Maps,"Délégation de Menzel Chaker, JORT (8 Octobre 1957).",2,el zouaed,3461,Menzel Chaker,Sfax,Centre Est,centroid,,1.305,24.327
987,pop_tun_588,El-Aouadna,El-Aouadna,321,Sfax,Sfax,Sfax,,35.05,10.61667,Geonames,,1,el aouadna,3460,El Hencha,Sfax,Centre Est,centroid,,13.940,10.036
988,pop_tun_589,El-Attia (iles de Kerkennah),El-Attia (iles de Kerkennah),340,Sfax,Sfax,Sfax,,34.743445,11.297046,Google Maps,"E.P. EL ATAYA. (Instance Supérieure pour les Élections (ISIE), Annuaire des centres de votes, 2022).",1,el attia iles de kerkennah,3466,Kerkenah,Sfax,Centre Est,centroid,,6.283,38.931
989,pop_tun_59,El-Munchar,El-Munchar,478,Béja,Béja,Béja,,36.729817,9.316252,Google Maps,,1,el munchar,2151,Béja Nord,Béja,Nord Ouest,centroid,,11.902,1.914
990,pop_tun_590,Oulad-Yanegue (iles de Kerkennah),Ouled-Yanegue (iles de Kerkennah),967,Sfax,Sfax,Sfax,,34.673386,11.139784,Google Maps,"E.P. OULED YENEK SIDI FREJ (Instance Supérieure pour les Élections (ISIE), Annuaire des centres de votes, 2022).",1,ouled yanegue iles de kerkennah,3466,Kerkenah,Sfax,Centre Est,centroid,,11.248,24.187
991,pop_tun_591,Mellita (iles de Kerkennah),Mellita (iles de Kerkennah),747,Sfax,Sfax,Sfax,,34.6518392853989,11.0315051854521,Google Maps,"École primaire, 2 Mars Melita.",1,mellita iles de kerkennah,3466,Kerkenah,Sfax,Centre Est,centroid,,20.666,6.135
992,pop_tun_592,Oulad-Gacem (iles de Kerkennah),Ouled-Gacem (iles de Kerkennah),909,Sfax,Sfax,Sfax,,34.684752,11.168437,Google Maps,"E.P. OULED KASSEM (Instance Supérieure pour les Élections (ISIE), Annuaire des centres de votes, 2022).",1,ouled gacem iles de kerkennah,3466,Kerkenah,Sfax,Centre Est,centroid,,8.541,28.851
993,pop_tun_593,Chergui (iles de Kerkennah),Chergui (iles de Kerkennah),212,Sfax,Sfax,Sfax,,34.7547457381053,11.2466406944528,Google Maps,,1,chergui iles de kerkennah,3466,Kerkenah,Sfax,Centre Est,centroid,,2.065,38.529
994,pop_tun_594,Kellabine (iles de Kerkennah),Kerkennah,637,Sfax,Sfax,Sfax,,34.70895593939,11.2116844556884,Google Maps,,1,kerkennah,3466,Kerkenah,Sfax,Centre Est,centroid,,4.169,36.183
995,pop_tun_595,El-Remla (iles de Kerkennah),El-Remla (iles de Kerkennah),487,Sfax,Sfax,Sfax,,34.705573,11.203727,Google Maps,,1,el remla iles de kerkennah,3466,Kerkenah,Sfax,Centre Est,centroid,,4.812,34.937
996,pop_tun_596,Ouled-boulAli (iles de Kerkennah),Ouled-Bou-Ali (iles de Kerkennah),884,Sfax,Sfax,Sfax,,34.701682,11.191635,Google Maps,,1,ouled bou ali iles de kerkennah,3466,Kerkenah,Sfax,Centre Est,centroid,,5.759,33.049
997,pop_tun_598,Soliman,Soliman,1113,Soliman,Soliman,Soliman,,36.7,10.49,Google Maps,,1,soliman,1561,Soliman,Nabeul,Nord Est,name_and_centroid,1.0000,0.719,7.893
998,pop_tun_599,Menzel-Bou-Zelfa,Menzel-Bou-Zelfa,756,Soliman,Soliman,Soliman,,36.683053,10.58443,Google Maps,,1,menzel bou zelfa,1562,Menzel Bouzelfa,Nabeul,Nord Est,centroid,,0.000,3.768
999,pop_tun_6,El-Hamran et Ed-Debabsa,El-Debabsa,353,Ain-Draham,Ain-Draham,Tabarka,,36.81417,8.79194,Geonames,,1,el debabsa,2255,Ain Draham,Jendouba,Nord Ouest,centroid,,8.433,3.557
1000,pop_tun_6,El-Hamran et Ed-Debabsa,El-Hamran,404,Ain-Draham,Ain-Draham,Tabarka,,36.81417,8.79194,Geonames,,1,el hamran,2255,Ain Draham,Jendouba,Nord Ouest,centroid,,8.433,3.557
1001,pop_tun_60,El-Gheraba,El-Gheraba,369,Béja,Béja,Béja,,36.89239,9.20567,Geonames,,1,el gheraba,2151,Béja Nord,Béja,Nord Ouest,centroid,,8.977,7.367
1002,pop_tun_600,Takelsa,Takelsa,1132,Soliman,Soliman,Soliman,,36.793189,10.625039,Google Maps,,1,takelsa,1560,Takelsa,Nabeul,Nord Est,name_and_centroid,1.0000,0.088,12.659
1003,pop_tun_601,Grombalia,Grombalia,559,Soliman,Soliman,Soliman,,36.6,10.5,Google Maps,,1,grombalia,1564,Grombalia,Nabeul,Nord Est,name_and_centroid,1.0000,5.900,3.117
1004,pop_tun_603,Nianou,Nianou,822,Soliman,Soliman,Soliman,,36.604223,10.552403,Google Maps,Niano.,1,nianou,1563,Beni Khalled,Nabeul,Nord Est,centroid,,6.135,2.045
1005,pop_tun_605,Ech-Chahda,Ech-Chahda,298,Souassi,Souassi,Sousse,,35.25682,10.325655,Google Maps,"E.P. CHAHDA KEBLIA (Instance Supérieure pour les Élections (ISIE), Annuaire des centres de votes, 2022).",1,ech chahda,3354,Chorbane,Mahdia,Centre Est,centroid,,6.523,6.640
1006,pop_tun_606,El-Frada,El-Frada,363,Souassi,Souassi,Sousse,,35.576016,10.518947,Google Maps,,1,el frada,3164,M’saken,Sousse,Centre Est,centroid,,17.700,1.567
1007,pop_tun_607,El-Maata,El-Maata,448,Souassi,Souassi,Sousse,,35.340672,10.541235,Google Maps,"Souassi, JORT (17 Mars 1964).",1,el maata,3356,Essouassi,Mahdia,Centre Est,centroid,,0.817,14.332
1008,pop_tun_608,El-Gueradha,El-Gueradha,387,Souassi,Souassi,Sousse,,35.250499,10.484925,Google Maps,,1,el gueradha,3354,Chorbane,Mahdia,Centre Est,centroid,,9.726,2.219
1009,pop_tun_609,Sidi-Naceur,Sidi-Naceur,1094,Souassi,Souassi,Sousse,,35.3445236293819,10.5489458674756,Google Maps,"Dans ce cheikhat est situé la petite agglomération de la Smala, siège du caïdat.",1,sidi naceur,3356,Essouassi,Mahdia,Centre Est,centroid,,0.010,15.356
1010,pop_tun_61,Zouagha,Zouagha,1204,Béja,Béja,Béja,,36.6582872411376,9.07345926391095,Google Maps,,1,zouagha,2152,Béja Sud,Béja,Nord Ouest,centroid,,10.233,2.459
1011,pop_tun_610,Hebira,Hebira,586,Souassi,Souassi,Sousse,,35.168614,10.228499,Google Maps,,1,hebira,3355,Hebira,Mahdia,Centre Est,name_and_centroid,1.0000,0.556,17.952
1012,pop_tun_611,El-Menadela,El-Menadela,467,Souassi,Souassi,Sousse,,35.342714,10.548248,Google Maps,"JORT (8 Octobre 1957), délégation de Souassi (M'nadla).",2,el menadela,3356,Essouassi,Mahdia,Centre Est,centroid,,0.216,15.140
1013,pop_tun_612,El-Semra,El-Semra,490,Souassi,Souassi,Sousse,,35.432877,10.275135,Google Maps,Soumra.,1,el semra,3353,Ouled Chamekh,Mahdia,Centre Est,centroid,,7.490,11.620
1014,pop_tun_613,Oulad-Hannachi,Ouled-Hannachi,920,Souassi,Souassi,Sousse,,35.30373,10.455794,Google Maps,,1,ouled hannachi,3354,Chorbane,Mahdia,Centre Est,centroid,,6.468,3.107
1015,pop_tun_614,Oulad-Sidi-Bou-Helal,Ouled-Sidi-Bou-Helal,958,Souassi,Souassi,Sousse,,35.26331,10.55039,Geonames,,1,ouled sidi bou helal,3356,Essouassi,Mahdia,Centre Est,centroid,,9.023,5.681
1016,pop_tun_615,El-Melichate,El-Melichate,464,Souassi,Souassi,Sousse,,35.509989,10.532713,Google Maps,Mlichette.,1,el melichate,3356,Essouassi,Mahdia,Centre Est,centroid,,18.417,0.258
1017,pop_tun_616,El-Adjilat,El-Adjilat,310,Souassi,Souassi,Sousse,,35.41845,10.36116,Geonames,,1,el adjilat,3353,Ouled Chamekh,Mahdia,Centre Est,centroid,,9.031,5.750
1018,pop_tun_617,Oulad Bou-Helal-Ali,Ouled-Bou-Helal-Ali,883,Souassi,Souassi,Sousse,,35.26331,10.55039,Geonames,,1,ouled bou helal ali,3356,Essouassi,Mahdia,Centre Est,centroid,,9.023,5.681
1019,pop_tun_618,Oulad Chamakh,Ouled-Chamakh,886,Souassi,Souassi,Sousse,,35.491272,10.316639,Google Maps,,1,ouled chamakh,3353,Ouled Chamekh,Mahdia,Centre Est,centroid,,0.000,21.088
1020,pop_tun_619,El-Gouassem,El-Gouassem,380,Souassi,Souassi,Sousse,,35.210732,10.473275,Google Maps,Gouessem.,1,el gouassem,3354,Chorbane,Mahdia,Centre Est,centroid,,11.505,4.859
1021,pop_tun_62,Meatkia,Meatkia,733,Béja,Béja,Béja,,,,,,,meatkia,,,Béja,Nord Ouest,hist_unit_governorate,,,
1022,pop_tun_620,Chehimate,Chehimate,203,Souassi,Souassi,Sousse,,35.435328,10.393837,Google Maps,Echhimet.,1,chehimate,3353,Ouled Chamekh,Mahdia,Centre Est,centroid,,9.344,7.129
1023,pop_tun_621,Oulad Moulahem,Ouled-Moulahem,943,Souassi,Souassi,Sousse,,35.357233,10.410192,Google Maps,Ouled Moulhem.,1,ouled moulahem,3354,Chorbane,Mahdia,Centre Est,centroid,,8.062,4.570
1024,pop_tun_622,El-Meharza,El-Meharza,461,Souassi,Souassi,Sousse,,35.39505,10.26776,Geonames,,1,el meharza,3353,Ouled Chamekh,Mahdia,Centre Est,centroid,,11.560,4.595
1025,pop_tun_623,El-Kessasba,El-Kessasba,426,Souassi,Souassi,Sousse,,35.43013,10.44571,Google Maps,Code Postal (http://fr.postcode.info/tunisie/souassi/ksesba).,1,el kessasba,3356,Essouassi,Mahdia,Centre Est,centroid,,13.312,0.191
1026,pop_tun_626,El-Djereif,El-Djereif,357,Souk-el-Arba,Souk-el-Arba,Souk-el-Arba,,36.42921,8.70858,Geonames,El Jerif.,1,el djereif,2251,Jendouba,Jendouba,Nord Ouest,centroid,,11.437,0.065
1027,pop_tun_627,El-Maleh,El-Maleh,451,Souk-el-Arba,Souk-el-Arba,Souk-el-Arba,,36.55,8.71667,Geonames,Malah.,1,el maleh,2252,Jendouba Nord,Jendouba,Nord Ouest,centroid,,0.690,12.256
1028,pop_tun_628,Souk-El-Sebt,Souk-El-Sebt,1121,Souk-el-Arba,Souk-el-Arba,Souk-el-Arba,,36.551805,8.882848,Google Maps,,1,souk el sebt,2253,Bou Salem,Jendouba,Nord Ouest,centroid,,9.005,1.222
1029,pop_tun_629,Berdai,Berdai,116,Souk-el-Arba,Souk-el-Arba,Souk-el-Arba,,36.501768,8.774772,Google Maps,"Délégation de Jendouba, JORT (8 Octobre 1957).",2,berdai,2251,Jendouba,Jendouba,Nord Ouest,centroid,,5.543,1.916
1030,pop_tun_63,Chemasse,Chemasse,205,Béja,Béja,Béja,,,,,,,chemasse,,,Béja,Nord Ouest,hist_unit_governorate,,,
1031,pop_tun_630,Oued-Ghrib,Oued-Ghrib,839,Souk-el-Arba,Souk-el-Arba,Souk-el-Arba,,36.61132,8.66892,Geonames,,1,oued ghrib,2256,Fernana,Jendouba,Nord Ouest,centroid,,5.413,2.811
1032,pop_tun_631,Draa En-Nefikh,Draa En-Nefikh,291,Souk-el-Arba,Souk-el-Arba,Souk-el-Arba,,36.501768,8.774772,Google Maps,"Délégation de Jendouba, JORT (8 Octobre 1957). Dheraa Ben Nfikh.",2,draa en nefikh,2251,Jendouba,Jendouba,Nord Ouest,centroid,,5.543,1.916
1033,pop_tun_632,Ben-Bechir,Ben-Bechir,99,Souk-el-Arba,Souk-el-Arba,Souk-el-Arba,,36.568387,8.856261,Google Maps,,1,ben bechir,2251,Jendouba,Jendouba,Nord Ouest,centroid,,11.027,0.085
1034,pop_tun_633,Rebia,Rebia,999,Souk-el-Arba,Souk-el-Arba,Souk-el-Arba,,36.574227,8.794101,Geonames,,1,rebia,2252,Jendouba Nord,Jendouba,Nord Ouest,centroid,,8.038,3.606
1035,pop_tun_634,Ouchtata,Ouchtata,828,Souk-el-Arba,Souk-el-Arba,Souk-el-Arba,,36.50301,8.24892,Geonames,,1,ouchtata,2257,Ghardimaou,Jendouba,Nord Ouest,centroid,,11.839,17.491
1036,pop_tun_637,Oued-Meliz,Oued-Meliz,841,Souk-el-Arba,Souk-el-Arba,Souk-el-Arba,,36.47,8.55,Google Maps,,1,oued meliz,2258,Oued Meliz,Jendouba,Nord Ouest,name_and_centroid,1.0000,2.273,13.046
1037,pop_tun_638,Hakim,Hakim,569,Souk-el-Arba,Souk-el-Arba,Souk-el-Arba,,36.4391,8.62271,Geonames,,1,hakim,2258,Oued Meliz,Jendouba,Nord Ouest,centroid,,5.581,8.636
1038,pop_tun_639,Mrassen et Oulad-Kahla,Mrassen,807,Souk-el-Arba,Souk-el-Arba,Souk-el-Arba,,36.48624,8.39675,Geonames,,1,mrassen,2257,Ghardimaou,Jendouba,Nord Ouest,centroid,,1.695,14.323
1039,pop_tun_639,Mrassen et Oulad-Kahla,Ouled-Kahla,924,Souk-el-Arba,Souk-el-Arba,Souk-el-Arba,,36.486417,8.382182,Google Maps,Recensement 1956.,1,ouled kahla,2257,Ghardimaou,Jendouba,Nord Ouest,centroid,,0.962,16.352
1040,pop_tun_64,Fetnassa,Fetnassa,522,Béja,Béja,Béja,,36.92804,9.19839,Mindat,,1,fetnassa,2151,Béja Nord,Béja,Nord Ouest,centroid,,12.962,0.407
1041,pop_tun_640,Oulad-M'Fedda,Ouled-M'Fedda,939,Souk-el-Arba,Souk-el-Arba,Souk-el-Arba,,36.638895,8.521135,Google Maps,"E.P. CHIBA OULED MFADDA (Instance Supérieure pour les Élections (ISIE), Annuaire des centres de votes, 2022).",1,ouled mfedda,2256,Fernana,Jendouba,Nord Ouest,centroid,,11.525,7.629
1042,pop_tun_641,Fokra-Fezouna-Dekhailia,Dekhailia,237,Souk-el-Arba,Souk-el-Arba,Souk-el-Arba,,36.513221,8.517318,Google Maps,,1,dekhailia,2258,Oued Meliz,Jendouba,Nord Ouest,centroid,,6.916,5.391
1043,pop_tun_641,Fokra-Fezouna-Dekhailia,Fezouna,523,Souk-el-Arba,Souk-el-Arba,Souk-el-Arba,,36.513221,8.517318,Google Maps,,1,fezouna,2258,Oued Meliz,Jendouba,Nord Ouest,centroid,,6.916,5.391
1044,pop_tun_641,Fokra-Fezouna-Dekhailia,Fokra,526,Souk-el-Arba,Souk-el-Arba,Souk-el-Arba,,36.513221,8.517318,Google Maps,,1,fokra,2258,Oued Meliz,Jendouba,Nord Ouest,centroid,,6.916,5.391
1045,pop_tun_642,Chouichia,Chouichia,219,Souk-el-Arba,Souk-el-Arba,Souk-el-Arba,,36.53333,8.61667,Geonames,Djebel Chouichia.,1,chouichia,2258,Oued Meliz,Jendouba,Nord Ouest,centroid,,7.750,0.800
1046,pop_tun_645,Balta,Balta,67,Souk-el-Khemis,Souk-el-Khemis,Souk-el-Arba,,36.705901,8.946417,Google Maps,,1,balta,2259,Balta - Bou Aouane,Jendouba,Nord Ouest,centroid,,2.389,11.891
1047,pop_tun_646,Meganine,Meganine,736,Souk-el-Khemis,Souk-el-Khemis,Souk-el-Arba,,36.64556,8.7625,Geonames,,1,meganine,2256,Fernana,Jendouba,Nord Ouest,centroid,,10.236,1.768
1048,pop_tun_647,Beldia,Beldia,89,Souk-el-Khemis,Souk-el-Khemis,Souk-el-Arba,,36.68149,8.85633,Geonames,Al Baldia.,1,beldia,2259,Balta - Bou Aouane,Jendouba,Nord Ouest,centroid,,6.230,10.272
1049,pop_tun_648,El-Mardja,El-Mardja,455,Souk-el-Khemis,Souk-el-Khemis,Souk-el-Arba,,36.52715,8.92945,Geonames,Marja.,1,el mardja,2253,Bou Salem,Jendouba,Nord Ouest,centroid,,6.716,4.420
1050,pop_tun_649,El-Guemamza,El-Guemamza,385,Souk-el-Khemis,Souk-el-Khemis,Souk-el-Arba,,36.610082,8.968623,Google Maps,"Délégation de Souk el Khemis, JORT (8 Octobre 1957). Djemamza.",2,el guemamza,2253,Bou Salem,Jendouba,Nord Ouest,centroid,,4.434,7.026
1051,pop_tun_650,Bir-Lkhdar,Bir-Lkhdar,135,Souk-el-Khemis,Souk-el-Khemis,Souk-el-Arba,,36.594297,8.958996,Google Maps,"E.P. EL BIR LAKHDAR BOUSSELEM (Instance Supérieure pour les Élections (ISIE), Annuaire des centres de votes, 2022).",1,bir lkhdar,2253,Bou Salem,Jendouba,Nord Ouest,centroid,,3.205,9.630
1052,pop_tun_651,Oulad-el-Abed,Ouled-El-Abed,891,Souk-el-Khemis,Souk-el-Khemis,Souk-el-Arba,,36.610082,8.968623,Google Maps,"Délégation de Souk el Khemis, JORT (8 Octobre 1957).",2,ouled el abed,2253,Bou Salem,Jendouba,Nord Ouest,centroid,,4.434,7.026
1053,pop_tun_652,El-Aouada,El-Aouada,320,Souk-el-Khemis,Souk-el-Khemis,Souk-el-Arba,,36.724541,8.872447,Google Maps,Recensement 1956.,2,el aouada,2259,Balta - Bou Aouane,Jendouba,Nord Ouest,centroid,,4.695,11.844
1054,pop_tun_653,Beni-M'hammed,Beni-M'hammed,110,Souk-el-Khemis,Souk-el-Khemis,Souk-el-Arba,,36.75576,8.91133,Geonames,,1,beni mhammed,2259,Balta - Bou Aouane,Jendouba,Nord Ouest,centroid,,5.625,7.434
1055,pop_tun_656,El-M'naama (M'Skaken),El-M'naama (M'Skaken),473,Sousse,Sousse,Sousse,,35.73,10.58,Google Maps,"Msaken, décret loi n° 2002-1868 du 12 Août 2002.",1,el mnaama mskaken,3164,M’saken,Sousse,Centre Est,centroid,,0.388,6.368
1056,pop_tun_657,El-Kebline,El-Kebline,423,Sousse,Sousse,Sousse,,35.7124590182982,10.6121826293326,Google Maps,,1,el kebline,3164,M’saken,Sousse,Centre Est,centroid,,3.150,2.839
1057,pop_tun_658,En-Nejajera,El-Nejajera,479,Sousse,Sousse,Sousse,,35.746442,10.60944,Google Maps,Recensement 1956.,1,el nejajera,3164,M’saken,Sousse,Centre Est,centroid,,3.275,0.551
1058,pop_tun_659,El-Djebline,El-Djebline,354,Sousse,Sousse,Sousse,,35.72935,10.57505,Geonames,Jebline.,1,el djebline,3164,M’saken,Sousse,Centre Est,centroid,,0.691,6.400
1059,pop_tun_660,El-Djedidine,El-Djedidine,355,Sousse,Sousse,Sousse,,35.76,10.57,Google Maps,"Délégation de Msaken, JORT (6 Juin 1997).",1,el djedidine,3164,M’saken,Sousse,Centre Est,centroid,,3.826,1.488
1060,pop_tun_661,Sidi-Bou-Ali,Sidi-Bou-Ali,1073,Sousse,Sousse,Sousse,,35.956844,10.473347,Google Maps,,1,sidi bou ali,3158,Sidi Bou Ali,Sousse,Centre Est,name_and_centroid,1.0000,0.261,8.432
1061,pop_tun_662,Oulad-el-Hani,Ouled-El-Hani,898,Sousse,Sousse,Sousse,,35.71,10.34,Google Maps,Sidi Ali Belhani.,1,ouled el hani,3163,Sidi El Héni,Sousse,Centre Est,centroid,,3.961,17.661
1062,pop_tun_663,Kroussia,Kroussia,665,Sousse,Sousse,Sousse,,35.7561746252678,10.3196658026157,Google Maps,,1,kroussia,3163,Sidi El Héni,Sousse,Centre Est,centroid,,8.334,11.331
1063,pop_tun_664,El-Messadine,El-Messadine,470,Sousse,Sousse,Sousse,,35.761503,10.595108,Google Maps,,1,el messadine,3166,Zaouia - Ksiba - Thrayet,Sousse,Centre Est,centroid,,3.321,0.687
1064,pop_tun_665,Sidi-Ameur,Sidi-Ameur,1065,Sousse,Sousse,Sousse,,35.739443,10.705365,Google Maps,,1,sidi ameur,3253,Sahline,Monastir,Centre Est,centroid,,1.244,2.923
1065,pop_tun_666,Ksibet-Sousse,Ksibet-Sousse,674,Sousse,Sousse,Sousse,,35.773105,10.625366,Google Maps,,1,ksibet sousse,3166,Zaouia - Ksiba - Thrayet,Sousse,Centre Est,centroid,,0.578,3.392
1066,pop_tun_667,Zajouiet-Sousse,Zaouiet Sousse,1248,Sousse,Sousse,Sousse,,35.782542,10.635011,Google Maps,,1,zaouiet sousse,3166,Zaouia - Ksiba - Thrayet,Sousse,Centre Est,centroid,,0.968,2.105
1067,pop_tun_668,Moureddine,Moureddine,805,Sousse,Sousse,Sousse,,35.76,10.54,Google Maps,,1,moureddine,3164,M’saken,Sousse,Centre Est,centroid,,5.277,1.767
1068,pop_tun_669,El-Friet,El-Friet,364,Sousse,Sousse,Sousse,,35.77,10.63,Google Maps,Zaouia- Ksibet-Thriet.,1,el friet,3166,Zaouia - Ksiba - Thrayet,Sousse,Centre Est,centroid,,1.004,3.494
1069,pop_tun_67,Tebaba,Tebaba,1144,Béja,Béja,Béja,,36.89626,9.08629,Geonames,,1,tebaba,2153,Amdoun,Béja,Nord Ouest,centroid,,10.434,0.455
1070,pop_tun_670,Beni-Kaltoum,Beni-Kaltoum,105,Sousse,Sousse,Sousse,,35.700351,10.590838,Google Maps,,1,beni kaltoum,3164,M’saken,Sousse,Centre Est,centroid,,3.057,4.902
1071,pop_tun_671,Saheline,Saheline,1017,Sousse,Sousse,Sousse,,35.75,10.71,Google Maps,,1,saheline,3253,Sahline,Monastir,Centre Est,centroid,,0.000,5.374
1072,pop_tun_672,Knaïs,Knaïs,656,Sousse,Sousse,Sousse,,35.68,10.51,Google Maps,,1,knais,3164,M’saken,Sousse,Centre Est,centroid,,8.336,6.755
1073,pop_tun_673,Moatamer,Moatamer,793,Sousse,Sousse,Sousse,,35.75,10.69,Google Maps,,1,moatamer,3253,Sahline,Monastir,Centre Est,centroid,,1.802,2.877
1074,pop_tun_675,El-Zearna (Kalaa Kebira),El-Zearna (Kalaa Kebira),502,Sousse,Sousse,Sousse,,35.87,10.54,Google Maps,,1,el zearna kalaa kebira,3157,Kalaâ Kebira,Sousse,Centre Est,centroid,,0.457,2.368
1075,pop_tun_676,Djerabaa,Djerabaa,272,Sousse,Sousse,Sousse,,35.87,10.54,Google Maps,"Kalaa Kebira, JORT (30 Mai 1972).",1,djerabaa,3157,Kalaâ Kebira,Sousse,Centre Est,centroid,,0.457,2.368
1076,pop_tun_678,Hammam-Sousse,Hammam-Sousse,577,Sousse,Sousse,Sousse,,35.856807,10.595364,Google Maps,,1,hammam sousse,3155,Hammam Sousse,Sousse,Centre Est,name_over_centroid,1.0000,3.698,1.281
1077,pop_tun_679,Kalaa-Seghira,Kalaa-Seghira,629,Sousse,Sousse,Sousse,,35.821903894416,10.566678108306,Google Maps,,1,kalaa seghira,3165,Kalaâ Seghira,Sousse,Centre Est,name_and_centroid,1.0000,0.221,3.445
1078,pop_tun_68,El-Hebaba,El-Hebaba,412,Béja,Béja,Béja,,36.960256,9.126104,Google Maps,Recensement 1956.,2,el hebaba,2154,Nefza,Béja,Nord Ouest,centroid,,6.061,12.291
1079,pop_tun_681,Essed,Essed,507,Sousse,Sousse,Sousse,,35.959779,10.431476,Google Maps,Essed-Nord.,1,essed,3158,Sidi Bou Ali,Sousse,Centre Est,centroid,,3.530,6.865
1080,pop_tun_682,Mehadba,Mehadba,740,Sousse,Sousse,Sousse,,35.993527,10.4388,Google Maps,Mhadhba Charkia.,1,mehadba,3158,Sidi Bou Ali,Sousse,Centre Est,centroid,,5.021,2.401
1081,pop_tun_683,Ourima-Trabelsia,Ourima-Trabelsia,979,Sousse,Sousse,Sousse,,35.92778,10.46028,Geonames,Ourima.,1,ourima trabelsia,3158,Sidi Bou Ali,Sousse,Centre Est,centroid,,3.295,5.996
1082,pop_tun_684,Dar-el-Bey (Enfidaville),Dar-El-Bey (Enfidaville),230,Sousse,Sousse,Sousse,,36.127106,10.363617,Google Maps,,1,dar el bey enfidaville,3160,Enfidha,Sousse,Centre Est,centroid,,1.447,15.413
1083,pop_tun_685,Kondar,Kondar,657,Sousse,Sousse,Sousse,,35.931937,10.303505,Google Maps,,1,kondar,3162,Kondar,Sousse,Centre Est,name_and_centroid,1.0000,0.315,14.938
1084,pop_tun_686,El-Menzel,El-Menzel,469,Sousse,Sousse,Sousse,,36.012206,10.379658,Google Maps,Menzel EL Mahata.,1,el menzel,3158,Sidi Bou Ali,Sousse,Centre Est,centroid,,10.252,1.109
1085,pop_tun_688,Takrouna,Takrouna,1133,Sousse,Sousse,Sousse,,36.152406,10.338113,Google Maps,,1,takrouna,3160,Enfidha,Sousse,Centre Est,centroid,,4.085,12.926
1086,pop_tun_69,Beni-Malek,Beni-Malek,109,Béja,Béja,Béja,,36.780266,9.077146,Google Maps,Recensement 1956.,1,beni malek,2153,Amdoun,Béja,Nord Ouest,centroid,,4.464,10.089
1087,pop_tun_690,El-Gheraiba,El-Gheraiba,371,Sousse,Sousse,Sousse,,35.485464,10.797565,Google Maps,Recensement 1956.,1,el gheraiba,3352,Bou Merdes,Mahdia,Centre Est,centroid,,6.954,2.180
1088,pop_tun_691,Tadjerouine,Tadjerouine,1128,Tadjerouine,Tadjerouine,Kef,,35.89,8.55,Google Maps,,1,tadjerouine,2355,Tajerouine,Kef,Nord Ouest,centroid,,0.359,10.318
1089,pop_tun_692,El-Adjerda,El-Adjerda,309,Tadjerouine,Tadjerouine,Kef,,35.700887,8.401411,Google Maps,Recensement 1956.,1,el adjerda,2356,Kalaat Snan,Kef,Nord Ouest,centroid,,9.229,6.403
1090,pop_tun_693,El-Falta,El-Falta,361,Tadjerouine,Tadjerouine,Kef,,35.901782,8.305045,Geonames,,1,el falta,2356,Kalaat Snan,Kef,Nord Ouest,centroid,,15.161,7.214
1091,pop_tun_694,Banu,Banu,69,Tadjerouine,Tadjerouine,Kef,,35.79139,8.92228,Geonames,Banou.,1,banu,2359,El Ksour,Kef,Nord Ouest,centroid,,11.875,7.109
1092,pop_tun_695,Sidi-Barkat,Sidi-Barkat,1072,Tadjerouine,Tadjerouine,Kef,,35.832961,8.769837,Google Maps,Recensement 1956.,1,sidi barkat,2358,Djerissa,Kef,Nord Ouest,centroid,,11.471,0.980
1093,pop_tun_696,El-Zouarine,El-Zouarine,505,Tadjerouine,Tadjerouine,Kef,,35.97629,8.91497,Geonames,,1,el zouarine,2360,Dahmani,Kef,Nord Ouest,centroid,,8.251,1.232
1094,pop_tun_697,Koudiat-Echair,Koudiat-Echair,661,Tadjerouine,Tadjerouine,Kef,,35.72028,9.00417,Geonames,montagne.,1,koudiat echair,2458,Er-Rouhia,Siliana,Nord Ouest,centroid,,8.864,6.077
1095,pop_tun_698,Ain-Kessiba,Ain-Kessiba,22,Tadjerouine,Tadjerouine,Kef,,35.78316,8.86322,Geonames,,1,ain kessiba,2359,El Ksour,Kef,Nord Ouest,centroid,,12.491,5.775
1096,pop_tun_699,El-Ksour,El-Ksour,444,Tadjerouine,Tadjerouine,Kef,,35.89487,8.88403,Google Maps,,1,el ksour,2359,El Ksour,Kef,Nord Ouest,name_and_centroid,1.0000,0.173,7.195
1097,pop_tun_7,El-Gouaïdia,El-Gouaïdia,379,Ain-Draham,Ain-Draham,Tabarka,,36.6874,8.7275,Geonames,,1,el gouaidia,2256,Fernana,Jendouba,Nord Ouest,centroid,,7.789,3.436
1098,pop_tun_70,Azra,Azra,58,Béja,Béja,Béja,,36.764293,9.157796,Geonames,,1,azra,2151,Béja Nord,Béja,Nord Ouest,centroid,,8.876,2.545
1099,pop_tun_700,Mezita,Mezita,784,Tadjerouine,Tadjerouine,Kef,,35.783927,8.484495,Google Maps,Recensement 1956.,1,mezita,2356,Kalaat Snan,Kef,Nord Ouest,centroid,,12.965,0.494
1100,pop_tun_702,Djezza,Djezza,278,Tadjerouine,Tadjerouine,Kef,,35.97313,8.62982,Geonames,Jezza.,1,djezza,2355,Tajerouine,Kef,Nord Ouest,centroid,,11.363,4.607
1101,pop_tun_703,Slata,Slata,1108,Tadjerouine,Tadjerouine,Kef,,35.8684,8.43274,Geonames,,1,slata,2355,Tajerouine,Kef,Nord Ouest,centroid,,11.166,2.617
1102,pop_tun_704,Sidi-Abdel-Basset,Sidi-Abdel-Basset,1059,Tadjerouine,Tadjerouine,Kef,,36.05376,8.53594,Geonames,,1,sidi abdel basset,2351,Kef Ouest,Kef,Nord Ouest,centroid,,14.011,3.202
1103,pop_tun_705,Djerda,Djerda,274,Tadjerouine,Tadjerouine,Kef,,35.663458,8.585413,Google Maps,Kalaat Djerda.,1,djerda,2357,Kalaat Khasbah,Kef,Nord Ouest,centroid,,0.601,11.710
1104,pop_tun_706,Guern-Alfaya,Guern-Alfaya,563,Tadjerouine,Tadjerouine,Kef,,35.9955,8.47796,Geonames,Garn Halfaia.,1,guern alfaya,2355,Tajerouine,Kef,Nord Ouest,centroid,,13.398,8.196
1105,pop_tun_707,Besseriana,Besseriana,120,Tadjerouine,Tadjerouine,Kef,,35.83549,8.55994,Geonames,,1,besseriana,2355,Tajerouine,Kef,Nord Ouest,centroid,,6.238,1.214
1106,pop_tun_708,Sidi-Ahmed Ed-Salah,Sidi-Ahmed Ed-Salah,1063,Tadjerouine,Tadjerouine,Kef,,35.74121,8.57906,Geonames,,1,sidi ahmed ed salah,2357,Kalaat Khasbah,Kef,Nord Ouest,centroid,,9.240,2.113
1107,pop_tun_709,El-Houdh,El-Houdh,415,Tadjerouine,Tadjerouine,Kef,,35.91661,8.67045,Geonames,,1,el houdh,2358,Djerissa,Kef,Nord Ouest,centroid,,9.979,0.892
1108,pop_tun_71,Oulad-Houimel,Ouled-Houimel,923,Béja,Béja,Béja,,36.98,9.10993,Google Maps,http://www.codepostalpro.com/tunisie/beja/nefza/ouled-houimel.html.,1,ouled houimel,2154,Nefza,Béja,Nord Ouest,centroid,,3.685,16.211
1109,pop_tun_710,El-Maskhia,El-Maskhia,456,Tadjerouine,Tadjerouine,Kef,,35.913229,8.740854,Google Maps,"E.P. MESKHIA GARE (Instance Supérieure pour les Élections (ISIE), Annuaire des centres de votes, 2022).",1,el maskhia,2360,Dahmani,Kef,Nord Ouest,centroid,,8.891,3.932
1110,pop_tun_711,Sidi-Mmetir,Sidi-Mmetir,1093,Tadjerouine,Tadjerouine,Kef,,36.055969,8.60539,Google Maps,,1,sidi mmetir,2351,Kef Ouest,Kef,Nord Ouest,centroid,,11.308,7.537
1111,pop_tun_712,Tatahouine ville,Tataouine,1141,Tatahouine,Tatahouine,Cercle militaire de Tatahouine,,32.933613,10.452658,Google Maps,,1,tataouine,5351,Tataouine Nord,Tataouine,Sud Est,centroid,,0.250,1.249
1112,pop_tun_713,Mouassi et Zouakher,Mouassi,803,Tatahouine,Tatahouine,Cercle militaire de Tatahouine,,32.785019,10.257756,Google Maps,"Tataouine Nord, décret n° 95-1444 du 10 août 1995 (https://www.pist.tn/jort/1995/1995F/Jo06795.pdf).",2,mouassi,5352,Tataouine Sud,Tataouine,Sud Est,centroid,,23.059,1.482
1113,pop_tun_713,Mouassi et Zouakher,Zouakher,1205,Tatahouine,Tatahouine,Cercle militaire de Tatahouine,,,,,,,zouakher,,,Tataouine,Sud Est,hist_unit_governorate,,,
1114,pop_tun_714,Douirat,Douirat,286,Tatahouine,Tatahouine,Cercle militaire de Tatahouine,,32.856297,10.288776,Google Maps,Douiret.,1,douirat,5352,Tataouine Sud,Tataouine,Sud Est,centroid,,16.042,1.529
1115,pop_tun_715,El-Hamidia,El-Hamidia,399,Tatahouine,Tatahouine,Cercle militaire de Tatahouine,,,,,,,el hamidia,,,Tataouine,Sud Est,hist_unit_governorate,,,
1116,pop_tun_716,Chenini,Chenini,209,Tatahouine,Tatahouine,Cercle militaire de Tatahouine,,32.914882,10.268837,Google Maps,,1,chenini,5352,Tataouine Sud,Tataouine,Sud Est,centroid,,15.978,1.230
1117,pop_tun_717,Zourgane,Zourgane,1209,Tatahouine,Tatahouine,Cercle militaire de Tatahouine,,32.81667,10.78333,Geonames,Kasbet ez Zourgane.,1,zourgane,5353,Smâr,Tataouine,Sud Est,centroid,,20.307,12.939
1118,pop_tun_718,El-Adjarda,El-Adjarda,307,Tatahouine,Tatahouine,Cercle militaire de Tatahouine,,,,,,,el adjarda,,,Tataouine,Sud Est,hist_unit_governorate,,,
1119,pop_tun_719,El-Hadada et Hamdoun,El-Hadada,391,Tatahouine,Tatahouine,Cercle militaire de Tatahouine,,33.1,10.31,Google Maps,Ksar Hadada.,1,el hadada,5355,Ghomrassen,Tataouine,Sud Est,centroid,,5.183,14.507
1120,pop_tun_719,El-Hadada et Hamdoun,Hamdoun,570,Tatahouine,Tatahouine,Cercle militaire de Tatahouine,,33.1,10.31,Google Maps,Ksar Hadada.,1,hamdoun,5355,Ghomrassen,Tataouine,Sud Est,centroid,,5.183,14.507
1121,pop_tun_72,Oulad-Salem,Ouled-Salem,954,Béja,Béja,Béja,,37.01,8.97047,Google Maps,http://www.codepostalpro.com/tunisie/beja/nefza/ouled-salem.html.,1,ouled salem,2154,Nefza,Béja,Nord Ouest,centroid,,9.186,6.585
1122,pop_tun_720,Jelidet-Tatahouine,Jelidet-Tatahouine,618,Tatahouine,Tatahouine,Cercle militaire de Tatahouine,,32.901791,10.52508,Google Maps,Ksour Jlidet.,1,jelidet tatahouine,5351,Tataouine Nord,Tataouine,Sud Est,centroid,,7.389,0.977
1123,pop_tun_721,Jelidet-Beni-Belal,Jelidet-Beni-Belal,617,Tatahouine,Tatahouine,Cercle militaire de Tatahouine,,32.888275,10.532354,Google Maps,"E.P. BENI BILEL EL JEDIDA (Instance Supérieure pour les Élections (ISIE), Annuaire des centres de votes, 2022).",1,jelidet beni belal,5351,Tataouine Nord,Tataouine,Sud Est,centroid,,8.733,0.826
1124,pop_tun_722,El-Ababsa,El-Ababsa,304,Tatahouine,Tatahouine,Cercle militaire de Tatahouine,,33.148805,10.3673,Geonames,,1,el ababsa,5355,Ghomrassen,Tataouine,Sud Est,centroid,,10.360,3.083
1125,pop_tun_723,Garmassa,Garmassa,544,Tatahouine,Tatahouine,Cercle militaire de Tatahouine,,32.981353,10.265546,Google Maps,Al Karashiwah.,1,garmassa,5355,Ghomrassen,Tataouine,Sud Est,centroid,,10.878,6.497
1126,pop_tun_724,Deghaghra,Deghaghra,234,Tatahouine,Tatahouine,Cercle militaire de Tatahouine,,33.06,10.73,Geonames,,1,deghaghra,5353,Smâr,Tataouine,Sud Est,centroid,,11.084,17.493
1127,pop_tun_725,Oulad-Chihida,Ouled-Chihida,889,Tatahouine,Tatahouine,Cercle militaire de Tatahouine,,32.793817,10.47267,Google Maps,Ksar Chehida (https://fr.wikipedia.org/wiki/Liste_des_ksour_en_Tunisie).,2,ouled chihida,5352,Tataouine Sud,Tataouine,Sud Est,centroid,,14.928,0.490
1128,pop_tun_726,Dehibat,Dehibat,235,Tatahouine,Tatahouine,Cercle militaire de Tatahouine,,32.009904,10.697422,Google Maps,Dhehiba.,1,dehibat,5356,Dhehiba,Tataouine,Sud Est,centroid,,0.256,43.913
1129,pop_tun_727,El-Krachoua,El-Krachoua,439,Tatahouine,Tatahouine,Cercle militaire de Tatahouine,,32.82,10.57,Google Maps,,1,el krachoua,5351,Tataouine Nord,Tataouine,Sud Est,centroid,,16.449,0.415
1130,pop_tun_728,Oulad-Dabbab,Ouled-Dabbab,890,Tatahouine,Tatahouine,Cercle militaire de Tatahouine,,32.87,10.38,Google Maps,Ksar Ouled Debbab.,1,ouled dabbab,5352,Tataouine Sud,Tataouine,Sud Est,centroid,,8.307,1.450
1131,pop_tun_729,El-Amarna,El-Amarna,318,Tatahouine,Tatahouine,Cercle militaire de Tatahouine,,32.865824,10.869765,Google Maps,Ksar Amerna - Smar (https://fr.wikipedia.org/wiki/Ksar_El_Amerna).,1,el amarna,5353,Smâr,Tataouine,Sud Est,centroid,,15.190,24.229
1132,pop_tun_73,Oulad-Ghezia,Ouled-Ghezia,912,Béja,Béja,Béja,,36.830296,9.130361,Google Maps,"Recensement 1956, Ouled Ghozzia.",1,ouled ghezia,2153,Amdoun,Béja,Nord Ouest,centroid,,8.179,1.271
1133,pop_tun_730,Guetoufa,Guetoufa,564,Tatahouine,Tatahouine,Cercle militaire de Tatahouine,,32.906791,10.527125,Google Maps,Gattoufa.,1,guetoufa,5351,Tataouine Nord,Tataouine,Sud Est,centroid,,7.331,1.062
1134,pop_tun_735,Dougga,Dougga,285,Téboursouk,Téboursouk,Téboursouk,,36.42,9.22,Google Maps,,1,dougga,2155,Teboursouk,Béja,Nord Ouest,centroid,,6.649,6.166
1135,pop_tun_738,El-Kelkh (y compris commune du Krib),El-Kelkh,424,Téboursouk,Téboursouk,Téboursouk,,36.287671,9.065692,Google Maps,"Borj Massoudi (Krib). JORT (6 Mai 1958), parle de Kalkh et de Borj Massoudi.",1,el kelkh,2455,El Krib,Siliana,Nord Ouest,centroid,,8.120,5.169
1136,pop_tun_739,El-Hammamet,El-Hammamet,403,Téboursouk,Téboursouk,Téboursouk,,36.460113,9.149271,Google Maps,Recensement 1956.,1,el hammamet,2156,Tibar,Béja,Nord Ouest,centroid,,7.053,1.514
1137,pop_tun_74,Oulad-Moussa,Ouled-Moussa,944,Béja,Béja,Béja,,36.827548,9.167783,Google Maps,Recensement 1956.,1,ouled moussa,2151,Béja Nord,Béja,Nord Ouest,centroid,,6.132,5.213
1138,pop_tun_740,Djouaouda,Djouaouda,280,Téboursouk,Téboursouk,Téboursouk,,36.40806,8.93389,Google Maps,Bled Jouaouda.,1,djouaouda,2251,Jendouba,Jendouba,Nord Ouest,centroid,,12.066,4.032
1139,pop_tun_741,Kouka,Kouka,662,Téboursouk,Téboursouk,Téboursouk,,36.596754,9.111068,Google Maps,"E.P. Kouka Gare Sidi Smail (Instance Supérieure pour les Élections (ISIE), Annuaire des centres de votes, 2022).",1,kouka,2152,Béja Sud,Béja,Nord Ouest,centroid,,9.773,0.030
1140,pop_tun_742,Oulad-Yahia,Ouled-Yahia,966,Téboursouk,Téboursouk,Téboursouk,,36.347232,9.227308,Google Maps,Recensement 1956.,1,ouled yahia,2454,Gaafour,Siliana,Nord Ouest,centroid,,9.040,2.236
1141,pop_tun_743,Rades et Hammam-Lif,Rades,990,Tunis Banlieue,Tunis Banlieue,Tunis,,36.771457,10.280813,Google Maps,,1,rades,1358,Radès,Ben Arous,Nord Est,name_and_centroid,1.0000,0.000,3.810
1142,pop_tun_748,Mornag,Mornag,800,Tunis Banlieue,Tunis Banlieue,Tunis,,36.69,10.3,Google Maps,,1,mornag,1362,Mornag,Ben Arous,Nord Est,name_and_centroid,1.0000,1.464,2.380
1143,pop_tun_75,Oulad-Ghacem,Ouled-Ghacem,910,Béja,Béja,Béja,,37.060048,9.05126,Google Maps,Recensement 1956.,1,ouled ghacem,2154,Nefza,Béja,Nord Ouest,centroid,,7.592,14.611
1144,pop_tun_751,Lansarine,Lansarine,687,Tunis Banlieue,Tunis Banlieue,Tunis,,36.821739,9.775109,Google Maps,,1,lansarine,1458,El Battane,Mannouba,Nord Est,centroid,,4.372,1.340
1145,pop_tun_752,El-Mellassine,El-Mellassine,466,Tunis Banlieue,Tunis Banlieue,Tunis,,36.797294,10.15956,Google Maps,,1,el mellassine,1161,Sijoumi,Tunis,Nord Est,centroid,,0.346,0.778
1146,pop_tun_753,Tebourba,Tebourba,1147,Tunis Banlieue,Tunis Banlieue,Tunis,,36.84,9.85,Google Maps,,1,tebourba,1457,Tebourba,Mannouba,Nord Est,name_and_centroid,1.0000,1.386,6.323
1147,pop_tun_755,Cebala,Cebala,187,Tunis Banlieue,Tunis Banlieue,Tunis,,36.896285,10.127607,Geonames,,1,cebala,1251,L’Ariana Ville,Ariana,Nord Est,centroid,,3.791,0.706
1148,pop_tun_756,Bordj-El-Ameri,Bordj-El-Ameri,145,Tunis Banlieue,Tunis Banlieue,Tunis,,36.713153,9.8835,Google Maps,,1,bordj el ameri,1455,Borj Amri,Mannouba,Nord Est,centroid,,5.062,7.652
1149,pop_tun_758,Bordj El-Toumi,Bordj-El-Toumi,148,Tunis Banlieue,Tunis Banlieue,Tunis,,36.75518,9.7179,Geonames,,1,bordj el toumi,1458,El Battane,Mannouba,Nord Est,centroid,,4.860,5.532
1150,pop_tun_759,Djedeida,Djedeida,264,Tunis Banlieue,Tunis Banlieue,Tunis,,36.85,9.929745,Google Maps,,1,djedeida,1456,Djedeida,Mannouba,Nord Est,name_and_centroid,1.0000,0.538,7.844
1151,pop_tun_76,Oulad-Bou-Ali,Ouled-Bou-Ali,877,Béja,Béja,Béja,,36.948184,9.071173,Google Maps,Recensement 1956.,1,ouled bou ali,2154,Nefza,Béja,Nord Ouest,centroid,,5.053,10.595
1152,pop_tun_760,Houmet El-Asli,Houmet El-Asli,604,Tunis Ville,Tunis Ville,Tunis,,36.81,10.1787,Google Maps,,1,houmet el asli,1153,Bab El Bhar,Tunis,Nord Est,centroid,,0.340,0.923
1153,pop_tun_761,Sabat-Adjam,Sabat-Adjam,1015,Tunis Ville,Tunis Ville,Tunis,,36.81,10.1787,Google Maps,,1,sabat adjam,1153,Bab El Bhar,Tunis,Nord Est,centroid,,0.340,0.923
1154,pop_tun_762,El-Sebaghine,El-Sebaghine,488,Tunis Ville,Tunis Ville,Tunis,,36.81,10.1787,Google Maps,,1,el sebaghine,1153,Bab El Bhar,Tunis,Nord Est,centroid,,0.340,0.923
1155,pop_tun_763,Souk-el-Belat,Souk-el-Belat,1120,Tunis Ville,Tunis Ville,Tunis,,36.81,10.1787,Google Maps,,1,souk el belat,1153,Bab El Bhar,Tunis,Nord Est,centroid,,0.340,0.923
1156,pop_tun_764,El-Azzafine,El-Azzafine,344,Tunis Ville,Tunis Ville,Tunis,,36.81,10.1787,Google Maps,,1,el azzafine,1153,Bab El Bhar,Tunis,Nord Est,centroid,,0.340,0.923
1157,pop_tun_765,Dar-El-Bacha,Dar-El-Bacha,231,Tunis Ville,Tunis Ville,Tunis,,36.81,10.1787,Google Maps,,1,dar el bacha,1153,Bab El Bhar,Tunis,Nord Est,centroid,,0.340,0.923
1158,pop_tun_766,HaouanEl-Achour,Haouanet Achour,579,Tunis Ville,Tunis Ville,Tunis,,36.81,10.1787,Google Maps,,1,haouanet achour,1153,Bab El Bhar,Tunis,Nord Est,centroid,,0.340,0.923
1159,pop_tun_767,El-Hadjamine,El-Hadjamine,395,Tunis Ville,Tunis Ville,Tunis,,36.81,10.1787,Google Maps,,1,el hadjamine,1153,Bab El Bhar,Tunis,Nord Est,centroid,,0.340,0.923
1160,pop_tun_768,Bab-Menara,Bab-Menara,63,Tunis Ville,Tunis Ville,Tunis,,36.81,10.1787,Google Maps,,1,bab menara,1153,Bab El Bhar,Tunis,Nord Est,centroid,,0.340,0.923
1161,pop_tun_769,Ras-Ed-Djerb,Ras-Ed-Djerb,994,Tunis Ville,Tunis Ville,Tunis,,36.81,10.1787,Google Maps,,1,ras ed djerb,1153,Bab El Bhar,Tunis,Nord Est,centroid,,0.340,0.923
1162,pop_tun_77,Messaadia,Messaadia,773,Béja,Béja,Béja,,37.007152,9.189619,Google Maps,Recensement 1956.,1,messaadia,2154,Nefza,Béja,Nord Ouest,centroid,,10.525,6.679
1163,pop_tun_770,Sidi-Mansour,Sidi-Mansour,1089,Tunis Ville,Tunis Ville,Tunis,,36.81,10.1787,Google Maps,,1,sidi mansour,1153,Bab El Bhar,Tunis,Nord Est,centroid,,0.340,0.923
1164,pop_tun_771,El-Jayara,El-Jayara,417,Tunis Ville,Tunis Ville,Tunis,,36.81,10.1787,Google Maps,,1,el jayara,1153,Bab El Bhar,Tunis,Nord Est,centroid,,0.340,0.923
1165,pop_tun_772,Sidi-Chali,Sidi-Chali,1080,Tunis Ville,Tunis Ville,Tunis,,36.81,10.1787,Google Maps,,1,sidi chali,1153,Bab El Bhar,Tunis,Nord Est,centroid,,0.340,0.923
1166,pop_tun_773,El-Sebkha,El-Sebkha,489,Tunis Ville,Tunis Ville,Tunis,,36.81,10.1787,Google Maps,,1,el sebkha,1153,Bab El Bhar,Tunis,Nord Est,centroid,,0.340,0.923
1167,pop_tun_774,El-Tabanine,El-Tabanine,493,Tunis Ville,Tunis Ville,Tunis,,36.81,10.1787,Google Maps,,1,el tabanine,1153,Bab El Bhar,Tunis,Nord Est,centroid,,0.340,0.923
1168,pop_tun_775,Darb-el-Assel,Darb-El-Assel,227,Tunis Ville,Tunis Ville,Tunis,,36.81,10.1787,Google Maps,,1,darb el assel,1153,Bab El Bhar,Tunis,Nord Est,centroid,,0.340,0.923
1169,pop_tun_776,Darb-El-Zitoun,Darb-El-Zitoun,228,Tunis Ville,Tunis Ville,Tunis,,36.81,10.1787,Google Maps,,1,darb el zitoun,1153,Bab El Bhar,Tunis,Nord Est,centroid,,0.340,0.923
1170,pop_tun_777,El-Ghasroune,El-Ghasroune,367,Tunis Ville,Tunis Ville,Tunis,,36.81,10.1787,Google Maps,,1,el ghasroune,1153,Bab El Bhar,Tunis,Nord Est,centroid,,0.340,0.923
1171,pop_tun_778,Bathat-Essolli,Bathat-Essolli,75,Tunis Ville,Tunis Ville,Tunis,,36.81,10.1787,Google Maps,,1,bathat essolli,1153,Bab El Bhar,Tunis,Nord Est,centroid,,0.340,0.923
1172,pop_tun_779,Souki-Belkhir,Souki-Belkhir,1122,Tunis Ville,Tunis Ville,Tunis,,36.81,10.1787,Google Maps,,1,souki belkhir,1153,Bab El Bhar,Tunis,Nord Est,centroid,,0.340,0.923
1173,pop_tun_78,Messatria,Messatria,776,Béja,Béja,Béja,,37.05539,9.159407,Google Maps,Recensement 1956.,1,messatria,2154,Nefza,Béja,Nord Ouest,centroid,,10.331,4.151
1174,pop_tun_780,El-Hafir,El-Hafir,397,Tunis Ville,Tunis Ville,Tunis,,36.81,10.1787,Google Maps,,1,el hafir,1153,Bab El Bhar,Tunis,Nord Est,centroid,,0.340,0.923
1175,pop_tun_781,Bab-El-Khadra,Bab-El-Khadra,61,Tunis Ville,Tunis Ville,Tunis,,36.81,10.1787,Google Maps,,1,bab el khadra,1153,Bab El Bhar,Tunis,Nord Est,centroid,,0.340,0.923
1176,pop_tun_782,El-Sebkha et Tronja,Tronja,1173,Tunis Ville,Tunis Ville,Tunis,,36.81,10.1787,Google Maps,,1,tronja,1153,Bab El Bhar,Tunis,Nord Est,centroid,,0.340,0.923
1177,pop_tun_783,Ed-Deraieb er En-Nouael,Ed-Deraieb er En-Nouael,300,Tunis Ville,Tunis Ville,Tunis,,36.81,10.1787,Google Maps,,1,ed deraieb er en nouael,1153,Bab El Bhar,Tunis,Nord Est,centroid,,0.340,0.923
1178,pop_tun_784,Houmet Landlouss,Houmet Landlouss,608,Tunis Ville,Tunis Ville,Tunis,,36.81,10.1787,Google Maps,,1,houmet landlouss,1153,Bab El Bhar,Tunis,Nord Est,centroid,,0.340,0.923
1179,pop_tun_785,Hammam-El-Remimi,Hammam-El-Remimi,574,Tunis Ville,Tunis Ville,Tunis,,36.81,10.1787,Google Maps,,1,hammam el remimi,1153,Bab El Bhar,Tunis,Nord Est,centroid,,0.340,0.923
1180,pop_tun_786,Bab-Benat,Bab-Benat,60,Tunis Ville,Tunis Ville,Tunis,,36.81,10.1787,Google Maps,,1,bab benat,1153,Bab El Bhar,Tunis,Nord Est,centroid,,0.340,0.923
1181,pop_tun_787,Bab-Lakouass,Bab-Lakouass,62,Tunis Ville,Tunis Ville,Tunis,,36.81,10.1787,Google Maps,,1,bab lakouass,1153,Bab El Bhar,Tunis,Nord Est,centroid,,0.340,0.923
1182,pop_tun_788,Souk Oulad-bou-Zid,Souk Oulad-bou-Zid,1119,Tunis Ville,Tunis Ville,Tunis,,36.81,10.1787,Google Maps,,1,souk oulad bou zid,1153,Bab El Bhar,Tunis,Nord Est,centroid,,0.340,0.923
1183,pop_tun_789,El-Zaouia-el-Bokria,El-Zaouia-El-Bokria,501,Tunis Ville,Tunis Ville,Tunis,,36.81,10.1787,Google Maps,,1,el zaouia el bokria,1153,Bab El Bhar,Tunis,Nord Est,centroid,,0.340,0.923
1184,pop_tun_79,Ouchtata,Ouchtata,827,Béja,Béja,Béja,,36.950954,8.995702,Google Maps,,1,ouchtata,2154,Nefza,Béja,Nord Ouest,centroid,,8.272,6.324
1185,pop_tun_790,Bab Sidi-Adesselam,Bab Sidi-Adesselam,59,Tunis Ville,Tunis Ville,Tunis,,36.81,10.1787,Google Maps,,1,bab sidi adesselam,1153,Bab El Bhar,Tunis,Nord Est,centroid,,0.340,0.923
1186,pop_tun_791,Houmet El-Souahel,Houmet El-Souahel,605,Tunis Ville,Tunis Ville,Tunis,,36.81,10.1787,Google Maps,,1,houmet el souahel,1153,Bab El Bhar,Tunis,Nord Est,centroid,,0.340,0.923
1187,pop_tun_8,El-Ourahnia,El-Ourahnia,482,Ain-Draham,Ain-Draham,Tabarka,,36.897712,8.829616,Google Maps,"E.P. JEBAL ABIADH/OURAHNIA ELHMEM (Instance Supérieure pour les Élections (ISIE), Annuaire des centres de votes, 2022) / Jebal el Abied.",1,el ourahnia,2254,Tabarka,Jendouba,Nord Ouest,centroid,,2.131,14.521
1188,pop_tun_80,Khodhaa,Khodhaa,653,Béja,Béja,Béja,,36.850903,9.339445,Google Maps,"Recensement 1956, Kedhaa.",1,khodhaa,1755,Djoumine,Bizerte,Nord Est,centroid,,7.449,2.649
1189,pop_tun_805,Dour-El-Hara,Dour-El-Hara,288,Tunis Ville,Tunis Ville,Tunis,,36.81,10.1787,Google Maps,,1,dour el hara,1153,Bab El Bhar,Tunis,Nord Est,centroid,,0.340,0.923
1190,pop_tun_808,Zriba,Zriba,1211,Zaghouan,Zaghouan,Zaghouan,,36.317036,10.169349,Google Maps,,1,zriba,1652,Ez-Zeriba,Zaghouan,Nord Est,centroid,,8.933,0.686
1191,pop_tun_809,Oued-El-Remel,Oued-El-Remel,837,Zaghouan,Zaghouan,Zaghouan,,36.427662,10.20629,Google Maps,Recensement 1956.,1,oued el remel,1651,Zaghouan,Zaghouan,Nord Est,centroid,,6.323,8.938
1192,pop_tun_81,Gram Kouka,Gram Kouka,558,Béja,Béja,Béja,,36.8542,9.018781,Google Maps,Recensement 1956.,1,gram kouka,2153,Amdoun,Béja,Nord Ouest,centroid,,5.418,10.775
1193,pop_tun_810,Ain-Safsaf,Ain-Safsaf,27,Zaghouan,Zaghouan,Zaghouan,,36.536733,10.155955,Google Maps,,1,ain safsaf,1651,Zaghouan,Zaghouan,Nord Est,centroid,,15.087,0.340
1194,pop_tun_811,Smindja,Smindja,1112,Zaghouan,Zaghouan,Zaghouan,,36.451467,10.023204,Google Maps,,1,smindja,1653,Bir Mchergua,Zaghouan,Nord Est,centroid,,9.099,3.015
1195,pop_tun_813,Ourazla,Ourazla,977,Zaghouan,Zaghouan,Zaghouan,,36.08333,10,Geonames,,1,ourazla,1655,En-Nadhour,Zaghouan,Nord Est,centroid,,9.488,7.626
1196,pop_tun_814,El-Korzia,El-Korzia,437,Zaghouan,Zaghouan,Zaghouan,,36.447541,9.801439,Google Maps,Kourzia.,1,el korzia,1654,El Fahs,Zaghouan,Nord Est,centroid,,12.275,2.645
1197,pop_tun_815,Droua,Droua,294,Zaghouan,Zaghouan,Zaghouan,,36.23443,9.77119,Geonames,,1,droua,2453,Bou Arada,Siliana,Nord Ouest,centroid,,18.462,0.961
1198,pop_tun_816,El-Fahs,El-Fahs,360,Zaghouan,Zaghouan,Zaghouan,,36.38,9.909839,Google Maps,,1,el fahs,1654,El Fahs,Zaghouan,Nord Est,name_and_centroid,1.0000,0.953,14.563
1199,pop_tun_817,Djebibina,Djebibina,263,Zaghouan,Zaghouan,Zaghouan,,36.12,10.1,Geonames,,1,djebibina,1655,En-Nadhour,Zaghouan,Nord Est,centroid,,0.755,12.813
1200,pop_tun_818,Djeradou,Jradou,624,Zaghouan,Zaghouan,Zaghouan,,36.271026,10.327211,Google Maps,,1,jradou,1652,Ez-Zeriba,Zaghouan,Nord Est,centroid,,6.245,5.554
1201,pop_tun_819,Bizerte-Sud,Bizerte-Sud,1252,,,,,37.260679,9.844523,Google Maps,,1,bizerte sud,1753,Bizerte Sud,Bizerte,Nord Est,name_over_centroid,1.0000,15.953,1.911
1202,pop_tun_82,Zouiet-Medien,Zouiet-Medien,1207,Béja,Béja,Béja,,36.77929,9.08335,Geonames,,1,zouiet medien,2153,Amdoun,Béja,Nord Ouest,centroid,,4.936,9.116
1203,pop_tun_820,Ghar-El-Melah,Ghar-El-Melah,1253,,,,,37.168998,10.190455,Google Maps,,1,ghar el melah,1761,Ghar El Meleh,Bizerte,Nord Est,centroid,,7.422,0.348
1204,pop_tun_821,Menzel-Bourguiba Est,Menzel-Bourguiba Est,1254,,,,,37.155832,9.805641,Google Maps,,1,menzel bourguiba est,1759,Tinja,Bizerte,Nord Est,centroid,,3.679,0.787
1205,pop_tun_822,Menzel-Bourguiba Ouest,Menzel-Bourguiba Ouest,1255,,,,,37.153916,9.757404,Google Maps,,1,menzel bourguiba ouest,1759,Tinja,Bizerte,Nord Est,centroid,,0.933,6.360
1206,pop_tun_823,Hadjeb El Aioun,Hadjeb El Aioun,1256,,,,Hadjeb El Aioun,35.395337,9.542592,Google Maps,,1,hadjeb el aioun,4158,Hajeb el Ayoun,Kairouan,Centre Ouest,centroid,,0.050,17.449
1207,pop_tun_824,Ksour,Ksour,1257,,,,Sidi Amor Bou Hadjela,35.208895,9.983902,Google Maps,,1,ksour,4160,Echrarda,Kairouan,Centre Ouest,centroid,,10.972,6.410
1208,pop_tun_825,Sidi Amor Bou Hadjla,Sidi Amor Bou Hadjla,1258,,,,Sidi Amor Bou Hadjela,35.39757,10.049461,Google Maps,,1,sidi amor bou hadjla,4161,Bouhajla,Kairouan,Centre Ouest,centroid,,0.132,20.560
1209,pop_tun_826,Hanadra,Hanadra,1259,,,,Thala,35.255195,8.620585,Google Maps,,1,hanadra,4261,Foussana,Kasserine,Centre Ouest,centroid,,10.459,11.160
1210,pop_tun_827,Oulad Mahfoudh,Oulad Mahfoudh,1260,,,,Thala,35.382935,8.503856,Google Maps,,1,oulad mahfoudh,4261,Foussana,Kasserine,Centre Ouest,centroid,,11.596,9.258
1211,pop_tun_828,Mafhoura,Mafhoura,1261,,,,Gafsa,34.478992,8.706392,Google Maps,,2,mafhoura,6151,Gafsa Nord,Gafsa,Sud Ouest,centroid,,9.374,0.000
1212,pop_tun_829,Oulad Aissa,Oulad Aissa,1262,,,,Redeyaf,34.360279,8.168204,Google Maps,,2,oulad aissa,6156,Redeyef,Gafsa,Sud Ouest,centroid,,2.909,14.302
1213,pop_tun_83,Remadhnia,Remadhnia,1005,Béja,Béja,Béja,,36.77,9.04757,Google Maps,http://www.codepostalpro.com/tunisie/beja/amdoun/remadhnia.html.,1,remadhnia,2153,Amdoun,Béja,Nord Ouest,centroid,,4.370,9.075
1214,pop_tun_830,Draa Tammar,Draa Tammar,1263,,,,Kairouan,35.69722,10.182551,Google Maps,,1,draa tammar,4152,Kairouan Sud,Kairouan,Centre Ouest,centroid,,7.554,0.386
1215,pop_tun_831,Marguelil,Marguelil,1264,,,,Kairouan,35.754078,9.993036,Google Maps,,1,marguelil,4151,Kairouan Nord,Kairouan,Centre Ouest,centroid,,12.399,1.170
1216,pop_tun_832,Sidi Messaoud,Sidi Messaoud,1265,,,,Sbikha,36.054347,9.735782,Google Maps,,1,sidi messaoud,2460,Bargou,Siliana,Nord Ouest,centroid,,12.299,6.220
1217,pop_tun_833,Fordha,Fordha,1266,,,,Feriana,35.069578,8.459695,Google Maps,,1,fordha,4262,Feriana,Kasserine,Centre Ouest,centroid,,16.740,17.762
1218,pop_tun_834,Gounna,Gounna,1267,,,,Sbeitla,35.403835,9.043344,Google Maps,,1,gounna,4256,Sbiba,Kasserine,Centre Ouest,centroid,,16.082,4.762
1219,pop_tun_835,Hanadra,Hanadra,1268,,,,Kasserine,35.135856,8.73121,Google Maps,,1,hanadra,4253,Ezzouhour,Kasserine,Centre Ouest,centroid,,9.387,0.619
1220,pop_tun_836,Ouled Msahel,Ouled Msahel,1269,,,,Sbeitla,35.344478,9.313485,Google Maps,,1,ouled msahel,4353,Jilma,Sidi Bouzid,Centre Ouest,centroid,,12.744,5.957
1221,pop_tun_837,Ouled Zid,Ouled Zid,1270,,,,Kasserine,35.226213,8.82116,Google Maps,,1,ouled zid,4251,Kasserine Nord,Kasserine,Centre Ouest,centroid,,6.532,0.000
1222,pop_tun_838,Ababsa,Ababsa,1271,,,,El Jem,35.388448,10.770443,Google Maps,,1,ababsa,3352,Bou Merdes,Mahdia,Centre Est,centroid,,8.499,3.263
1223,pop_tun_839,Chiba,Chiba,1272,,,,Mahdia,35.524158,10.938284,Google Maps,,1,chiba,3351,Mahdia,Mahdia,Centre Est,centroid,,11.179,0.529
1224,pop_tun_84,Beni-Said,Beni-Said,112,Béja,Béja,Béja,,36.98461,9.10993,Google Maps,,1,beni said,2154,Nefza,Béja,Nord Ouest,centroid,,3.504,16.879
1225,pop_tun_840,El-Mendra,El-Mendra,1273,,,,Mahdia,35.585583,10.997638,Google Maps,,1,el mendra,3259,Bekalta,Monastir,Centre Est,centroid,,3.782,3.111
1226,pop_tun_841,Oued-Guelat,Oued-Guelat,1274,,,,Ksour-Essaf,35.39665,10.8435,Google Maps,,1,oued guelat,3360,Sidi Alouane,Mahdia,Centre Est,centroid,,8.797,3.554
1227,pop_tun_842,Sidi-Said,Sidi-Said,1275,,,,Mahdia,35.612062,11.02675,Google Maps,,1,sidi said,3259,Bekalta,Monastir,Centre Est,centroid,,3.094,3.340
1228,pop_tun_843,Zelba,Zelba,1276,,,,El Jem,35.200313,10.846139,Google Maps,,1,zelba,3460,El Hencha,Sfax,Centre Est,centroid,,12.794,3.625
1229,pop_tun_844,Haddege,Haddege,1277,,,,Matmata,33.568414,9.997516,Google Maps,,1,haddege,5158,Matmata,Gabès,Sud Est,centroid,,3.781,7.165
1230,pop_tun_845,Techine,Techine,1278,,,,Matmata,33.476277,10.000219,Google Maps,,1,techine,5158,Matmata,Gabès,Sud Est,centroid,,8.276,12.807
1231,pop_tun_846,M'zaougha,M'zaougha,1279,,,,Djemmal,35.542736,10.573525,Google Maps,,1,mzaougha,3254,Zermadine,Monastir,Centre Est,centroid,,14.747,2.203
1232,pop_tun_847,Sidi-Bennour,Sidi-Bennour,1280,,,,Moknine,35.524803,10.909788,Google Maps,,1,sidi bennour,3255,Beni Hassen,Monastir,Centre Est,centroid,,10.325,1.295
1233,pop_tun_848,Sidi-Bou-Gabrine,Sidi-Bou-Gabrine,1281,,,,Djemmal,35.530688,10.68784,Google Maps,,1,sidi bou gabrine,3254,Zermadine,Monastir,Centre Est,centroid,,6.233,2.736
1234,pop_tun_849,Bir-Bou-Rekba,Bir-Bou-Rekba,1282,,,,Hammamet,36.429513,10.575347,Google Maps,,1,bir bou rekba,1566,Hammamet,Nabeul,Nord Est,centroid,,4.268,7.129
1235,pop_tun_85,Tarhouni,Tarhouni,1139,Béja,Béja,Béja,,36.69383,9.04844,Geonames,,1,tarhouni,2259,Balta - Bou Aouane,Jendouba,Nord Ouest,centroid,,11.542,1.268
1236,pop_tun_850,Bou-Arkoub,Bou-Arkoub,1283,,,,Grombalia,36.530331,10.549466,Google Maps,,1,bou arkoub,1565,Bou Argoub,Nabeul,Nord Est,centroid,,0.264,12.652
1237,pop_tun_851,Djebel-Trif,Djebel-Trif,1284,,,,Grombalia,36.521914,10.44089,Google Maps,,1,djebel trif,1564,Grombalia,Nabeul,Nord Est,centroid,,8.728,1.267
1238,pop_tun_852,Hofra,Hofra,1285,,,,Menzel Bou Zelfa,36.712266,10.733391,Google Maps,,1,hofra,1556,El Mida,Nabeul,Nord Est,centroid,,9.207,3.936
1239,pop_tun_853,Mida,Mida,1286,,,,Menzel Temim,36.726453,10.853701,Google Maps,,1,mida,1556,El Mida,Nabeul,Nord Est,centroid,,1.629,12.223
1240,pop_tun_854,Deguach,Degache,1287,,,,Tozeur,33.992917,8.229272,Google Maps,,1,degache,6252,Degach,Tozeur,Sud Ouest,centroid,,0.070,11.795
1241,pop_tun_855,Khouzour,Khouzour,1288,,,,Medenine,33.362089,10.480096,Google Maps,,2,khouzour,5251,Medenine Nord,Medenine,Sud Est,centroid,,1.887,0.570
1242,pop_tun_856,Moensa,Moensa,1289,,,,Zarzis,33.502821,11.084625,Google Maps,,1,moensa,5255,Zarzis,Medenine,Sud Est,centroid,,1.982,28.789
1243,pop_tun_857,Oulad-Bouzid,Oulad-Bouzid,1290,,,,Medenine,33.362089,10.480096,Google Maps,,2,oulad bouzid,5251,Medenine Nord,Medenine,Sud Est,centroid,,1.887,0.570
1244,pop_tun_858,Oulad-Mahmoud,Oulad-Mahmoud,1291,,,,Medenine,33.362089,10.480096,Google Maps,,2,oulad mahmoud,5251,Medenine Nord,Medenine,Sud Est,centroid,,1.887,0.570
1245,pop_tun_859,Rohia,Rohia,1292,,,,Maktar,35.65046,9.055932,Google Maps,,1,rohia,2458,Er-Rouhia,Siliana,Nord Ouest,centroid,,0.214,6.223
1246,pop_tun_86,Sidi-El-Sehili,Sidi-El-Sehili,1083,Béja,Béja,Béja,,36.6246,9.11623,Geonames,,1,sidi el sehili,2152,Béja Sud,Béja,Nord Ouest,centroid,,7.487,5.439
1247,pop_tun_860,Merkez Bouassida,Merkez Bouassida,1293,,,,Sfax,34.771854,10.760616,Google Maps,,1,merkez bouassida,3453,Sakiet Ezzit,Sfax,Centre Est,centroid,,3.477,0.008
1248,pop_tun_861,Fondouk-Djedid,Fondouk-Djedid,1294,,,,Soliman,36.666668,10.446322,Google Maps,,1,fondouk djedid,1561,Soliman,Nabeul,Nord Est,centroid,,5.075,2.372
1249,pop_tun_862,Oulad M'hamed,Oulad M'hamed,1295,,,,Kalaa Kebira,35.854095,10.550598,Google Maps,,1,oulad mhamed,3157,Kalaâ Kebira,Sousse,Centre Est,centroid,,2.249,0.015
1250,pop_tun_863,Riah,Riah,1296,,,,Enfidha,36.158168,10.337974,Google Maps,,1,riah,3160,Enfidha,Sousse,Centre Est,centroid,,4.453,12.243
1251,pop_tun_864,Remada,Remada,1297,,,,Dehibat,32.316291,10.395254,Google Maps,,1,remada,5357,Remada,Tataouine,Sud Est,name_and_centroid,1.0000,0.236,44.155
1252,pop_tun_865,Fourna,Fourna,1298,,,,Gafour,36.167683,9.537014,Google Maps,,2,fourna,2460,Bargou,Siliana,Nord Ouest,centroid,,9.757,7.407
1253,pop_tun_866,Medina,Medina,1299,,,,Tunis,36.79923,10.17255,Google Maps,,1,medina,1152,La Medina,Tunis,Nord Est,centroid,,0.153,0.705
1254,pop_tun_867,Ville européenne,,1300,,,,Tunis,36.79923,10.17255,Google Maps,,1,,1152,La Medina,Tunis,Nord Est,centroid,,0.153,0.705
1255,pop_tun_868,Cherifat El Bey,Cherifat El Bey,1301,,,,Fahs,36.411815,9.815442,Google Maps,,1,cherifat el bey,1654,El Fahs,Zaghouan,Nord Est,centroid,,8.938,8.128
1256,pop_tun_869,Deghafla,Deghafla,1302,,,,Fahs,36.227029,10.066926,Google Maps,,2,deghafla,1656,Saouaf,Zaghouan,Nord Est,centroid,,9.454,2.231
1257,pop_tun_870,Saouaf,Saouaf,1303,,,,Fahs,36.22686,10.173125,Google Maps,,1,saouaf,1656,Saouaf,Zaghouan,Nord Est,name_and_centroid,1.0000,0.072,11.522
1258,pop_tun_9,Fernana,Fernana,520,Ain-Draham,Ain-Draham,Tabarka,,36.66,8.692997,Google Maps,,1,fernana,2256,Fernana,Jendouba,Nord Ouest,name_and_centroid,1.0000,3.975,8.837
1259,pop_tun_93,Gabtna-el-Oula,Gabtna 1,538,Bizerte,Bizerte,Bizerte,,37.11892,9.89138,Geonames,,1,gabtna 1,1758,Menzel Bourguiba,Bizerte,Nord Est,centroid,,5.633,4.207
1260,pop_tun_94,Gabtna-El-Thania,Gabtna 2,539,Bizerte,Bizerte,Bizerte,,37.08687,9.82345,Geonames,,1,gabtna 2,1758,Menzel Bourguiba,Bizerte,Nord Est,centroid,,3.659,6.013
1261,pop_tun_96,Metline,Metline,782,Bizerte,Bizerte,Bizerte,,37.2440276709603,10.0454114589679,Google Maps,,1,metline,1764,Ras Djebel,Bizerte,Nord Est,centroid,,7.630,1.837
1262,pop_tun_98,Akara,Akara,34,Bizerte,Bizerte,Bizerte,,37.05959,10.036942,Google Maps,"Délégation de Menzel Bourguiba, JORT (8 Octobre 1957).",1,akara,1254,Kalaât El Andalous,Ariana,Nord Est,centroid,,7.354,1.446
1263,,Picville,Picville,1235,Sfax,Sfax,Sfax,,34.73375,10.75123,Google Maps,,1,picville,3452,Sfax Ouest,Sfax,Centre Est,centroid,,0.931,0.071
1264,,El Afrane,El Afrane,1247,,,,,,,,,,el afrane,,,,,unresolved,,,
1265,,Djerba (station météorologique),Djerba (station météorologique),1249,Djerba,Djerba,Djerba,,33.87,10.78,Google Maps,station météorologique de Djerba.,1,djerba station meteorologique,5256,Djerba Houmet Souk,Medenine,Sud Est,centroid,,7.201,8.534
1266,,El Feidja,Feija,1250,,,,,36.486107,8.309115,Google Maps,Feija.,1,feija,2257,Ghardimaou,Jendouba,Nord Ouest,centroid,,6.512,17.300
1267,,Zaouem,Zaouem,1251,,,,,36.58333,8.92528,Geonames,,1,zaouem,2253,Bou Salem,Jendouba,Nord Ouest,centroid,,5.129,8.444
1268,,,Souk El-Djemaa,1304,,,,,35.8791920023891,9.13577474040477,Google Maps,,1,souk el djemaa,2457,Makthar,Siliana,Nord Ouest,centroid,,6.800,15.083
1269,,,El-Alaa,1305,,,,,35.6135961592138,9.56334476398153,Google Maps,,1,el alaa,4157,El Alaa,Kairouan,Centre Ouest,name_and_centroid,1.0000,0.122,10.314
1270,,,El-Haouid,1306,,,,,37.0840269307432,9.98654329920046,Google Maps,,1,el haouid,1760,Utique,Bizerte,Nord Est,centroid,,6.386,2.934
1271,,,Ksar-El-Hadid,1307,,,,,36.6596681723146,9.09206198963549,Google Maps,,1,ksar el hadid,2152,Béja Sud,Béja,Nord Ouest,centroid,,8.576,5.357
1272,,,Mrissa,1308,,,,,36.7542308199783,10.5549546766877,Google Maps,,1,mrissa,1560,Takelsa,Nabeul,Nord Est,centroid,,7.672,0.652
1273,,,Ras El-Oued,1309,,,,,33.86647,10.045091,Google Maps,,,ras el oued,5152,Gabes Ouest,Gabès,Sud Est,centroid,,1.165,4.549
1274,,,Zaouiet-Mgaiez,1310,,,,,36.933963098801,10.8675002527802,Google Maps,,1,zaouiet mgaiez,1559,El Haouaria,Nabeul,Nord Est,centroid,,18.198,2.165
1275,,,Ghormane,1311,,,,,37.0211053716844,10.9511790665691,Google Maps,,1,ghormane,1559,El Haouaria,Nabeul,Nord Est,centroid,,6.295,15.009
1276,,,Bir-El-Haffey,1312,,,,,34.9276071799432,9.19210152846083,Google Maps,,1,bir el haffey,4355,Bir El Hafey,Sidi Bouzid,Centre Ouest,centroid,,0.016,9.552
1277,pop_eur_387,Mutuelleville-Belvédère supérieur,Mutuelleville,1313,,,Tunis,,36.8320335425145,10.1716791126975,Google Maps,,1,mutuelleville,1158,El Menzah,Tunis,Nord Est,centroid,,1.589,0.366
1278,pop_tun_872,Aïn-Bbou-Deries,Aïn-Bbou-Deries,1327,,Madjeur,Thala,,35.2431184528652,8.48020703531707,Google Maps,,1,ain bbou deries,4261,Foussana,Kasserine,Centre Ouest,centroid,,17.657,15.386
