adm4_pcode,imada_name,imada_name_ar,adm3_pcode,delegation_name,governorate_name,region_name,lat,lon,area_sqkm,n_stations,n_certified,registered,voters,valid,blank,spoilt,turnout_stations,turnout_registered,turnout_voters,saied,saied_share_pct,saied_margin_pp,zammel,zammel_share_pct,zammel_margin_pp,maghzaoui,maghzaoui_share_pct,maghzaoui_margin_pp,candidate_sum,winner,runner_up,margin_pp,turnout_pct,turnout_coverage_pct
TN115151,Sidi Bou Said,سيدي بوسعيد,TN1151,Carthage,Tunis,North East,36.87105783,10.34800908,1.49006425,4,4,4698,1460,1359,21,80,4,4698,1460,968,71.2288,46.0633,342,25.1656,-46.0633,49,3.6056,-67.6233,1359,saied,zammel,46.0633,31.0771,100.0000
TN115152,Amilcar,أميلكار,TN1151,Carthage,Tunis,North East,36.87175355,10.33733156,0.68582983,2,2,2415,860,816,14,30,2,2415,860,625,76.5931,56.4951,164,20.0980,-56.4951,27,3.3088,-73.2843,816,saied,zammel,56.4951,35.6108,100.0000
TN115153,Carthage Byrsa,قرطاج بيرصا,TN1151,Carthage,Tunis,North East,36.85664353,10.32411789,3.45129988,9,9,9975,2878,2683,60,135,9,9975,2878,1955,72.8662,49.4223,629,23.4439,-49.4223,99,3.6899,-69.1763,2683,saied,zammel,49.4223,28.8521,100.0000
TN115154,Carthage Plage,قرطاج الشاطىء,TN1151,Carthage,Tunis,North East,36.85140788,10.32957575,1.87397404,3,3,3678,1301,1207,22,72,3,3678,1301,850,70.4225,44.0762,318,26.3463,-44.0762,39,3.2312,-67.1914,1207,saied,zammel,44.0762,35.3725,100.0000
TN115155,Le Jasmin,الياسمينة,TN1151,Carthage,Tunis,North East,36.84717816,10.30964126,0.15575331,5,5,5981,2046,1938,39,69,5,5981,2046,1757,90.6605,83.3333,142,7.3271,-83.3333,39,2.0124,-88.6481,1938,saied,zammel,83.3333,34.2083,100.0000
TN115156,Cite Mohamed Ali,حي محمد علي,TN1151,Carthage,Tunis,North East,36.85193072,10.31096595,0.67182854,2,2,1243,519,1022,12,94,1,1243,519,938,91.7808,84.3444,76,7.4364,-84.3444,8,0.7828,-90.9980,1022,saied,zammel,84.3444,41.7538,50.0000
TN115251,La Medina,المدينة,TN1152,Médina,Tunis,North East,36.80288704,10.16803723,0.09698158,1,1,716,147,140,3,4,1,716,147,130,92.8571,87.8571,7,5.0000,-87.8571,3,2.1429,-90.7143,140,saied,zammel,87.8571,20.5307,100.0000
TN115252,El Hafsia,الحفصية,TN1152,Médina,Tunis,North East,36.8032077,10.17137056,0.11070243,6,6,6975,1622,1531,23,68,6,6975,1622,1325,86.5447,75.2449,173,11.2998,-75.2449,33,2.1555,-84.3893,1531,saied,zammel,75.2449,23.2545,100.0000
TN115253,Bab Benat,باب البنات,TN1152,Médina,Tunis,North East,36.80064962,10.1670208,0.09926431,5,5,5684,308,286,11,11,5,5684,308,234,81.8182,66.4336,44,15.3846,-66.4336,8,2.7972,-79.0210,286,saied,zammel,66.4336,5.4187,100.0000
TN115254,Souk El Nhes,سوق النحاس,TN1152,Médina,Tunis,North East,36.79986102,10.17054125,0.08203141,1,1,628,141,128,3,10,1,628,141,120,93.7500,88.2812,7,5.4688,-88.2812,1,0.7812,-92.9688,128,saied,zammel,88.2812,22.4522,100.0000
TN115255,El Assouak,الأسواق,TN1152,Médina,Tunis,North East,36.79707346,10.17014858,0.1342246,1,1,239,77,70,3,4,1,239,77,66,94.2857,90.0000,3,4.2857,-90.0000,1,1.4286,-92.8571,70,saied,zammel,90.0000,32.2176,100.0000
TN115256,Bab Mnara,باب المنارة,TN1152,Médina,Tunis,North East,36.79498618,10.16630487,0.2962697,4,4,4184,923,870,16,37,4,4184,923,750,86.2069,75.7471,91,10.4598,-75.7471,29,3.3333,-82.8736,870,saied,zammel,75.7471,22.0602,100.0000
TN115257,Tourbet El Bey,تربة الباي,TN1152,Médina,Tunis,North East,36.79407106,10.17114975,0.1105996,5,5,4558,899,1390,23,44,3,3418,899,1247,89.7122,81.7986,110,7.9137,-81.7986,33,2.3741,-87.3381,1390,saied,zammel,81.7986,26.3019,60.0000
TN115258,El Zraria,الزرارعية,TN1152,Médina,Tunis,North East,36.80114305,10.17384587,0.12674511,1,1,612,99,96,0,3,1,612,99,85,88.5417,81.2500,7,7.2917,-81.2500,4,4.1667,-84.3750,96,saied,zammel,81.2500,16.1765,100.0000
TN115259,Sidi Ali Azouz,سيدي علي عزوز,TN1152,Médina,Tunis,North East,36.79724849,10.17391168,0.07855641,3,3,2032,486,449,11,26,3,2032,486,400,89.0869,79.9555,41,9.1314,-79.9555,8,1.7817,-87.3051,449,saied,zammel,79.9555,23.9173,100.0000
TN115260,El Taoufik,التوفيق,TN1152,Médina,Tunis,North East,36.79954644,10.16429981,0.232796,4,4,4060,851,803,9,39,4,4060,851,645,80.3238,64.5081,127,15.8157,-64.5081,31,3.8605,-76.4633,803,saied,zammel,64.5081,20.9606,100.0000
TN115261,El Sabaghine,الصباغين,TN1152,Médina,Tunis,North East,36.79435858,10.17350018,0.07952597,1,1,656,39,36,0,3,1,656,39,31,86.1111,72.2222,5,13.8889,-72.2222,0,0.0000,-86.1111,36,saied,zammel,72.2222,5.9451,100.0000
TN115262,Sidi Boumendil,سيدي بومنديل,TN1152,Médina,Tunis,North East,36.79451385,10.17531797,0.05954929,3,3,3787,638,606,10,22,3,3787,638,532,87.7888,77.0627,65,10.7261,-77.0627,9,1.4851,-86.3036,606,saied,zammel,77.0627,16.8471,100.0000
TN115351,Bab El Bhar,باب البحر,TN1153,Bab Bhar,Tunis,North East,36.79414983,10.17750126,0.44096327,10,10,9521,2313,2214,30,69,9,9417,2057,1903,85.9530,74.4806,254,11.4724,-74.4806,57,2.5745,-83.3785,2214,saied,zammel,74.4806,21.8435,90.0000
TN115352,Les Jardins,الحدائق,TN1153,Bab Bhar,Tunis,North East,36.80938034,10.18959731,1.74266285,5,5,5371,1946,1859,27,60,5,5371,1946,1536,82.6251,68.6928,259,13.9322,-68.6928,64,3.4427,-79.1824,1859,saied,zammel,68.6928,36.2316,100.0000
TN115353,Lac De Tunis,بحيرة تونس,TN1153,Bab Bhar,Tunis,North East,36.79090043,10.19886569,5.82431509,2,2,1736,651,616,12,23,2,1736,651,526,85.3896,73.0519,76,12.3377,-73.0519,14,2.2727,-83.1169,616,saied,zammel,73.0519,37.5000,100.0000
TN115354,Mongi Slim,المنجي سليم,TN1153,Bab Bhar,Tunis,North East,36.80254119,10.17800491,0.33248996,1,1,310,91,87,0,4,1,310,91,80,91.9540,85.0575,6,6.8966,-85.0575,1,1.1494,-90.8046,87,saied,zammel,85.0575,29.3548,100.0000
TN115355,Habib Thameur,الحبيب ثامر,TN1153,Bab Bhar,Tunis,North East,36.80334805,10.20034657,1.86795391,5,5,6214,2008,1900,30,78,5,6214,2008,1604,84.4211,72.4211,228,12.0000,-72.4211,68,3.5789,-80.8421,1900,saied,zammel,72.4211,32.3141,100.0000
TN115356,Taieb El M'Hiri,الطيب المهيري,TN1153,Bab Bhar,Tunis,North East,36.8189981,10.17989078,0.32764006,1,1,120,59,58,0,1,1,120,59,46,79.3103,62.0690,10,17.2414,-62.0690,2,3.4483,-75.8621,58,saied,zammel,62.0690,49.1667,100.0000
TN115357,Hedi Chaker,الهادي شاكر,TN1153,Bab Bhar,Tunis,North East,36.81151734,10.17697164,0.3691944,3,3,3434,739,714,6,19,3,3434,739,630,88.2353,78.9916,66,9.2437,-78.9916,18,2.5210,-85.7143,714,saied,zammel,78.9916,21.5201,100.0000
TN115358,Sidi El Bahri,سيدي البحري,TN1153,Bab Bhar,Tunis,North East,36.80760816,10.17612119,0.13253454,5,5,5681,1362,1274,19,69,5,5681,1362,1117,87.6766,78.0220,123,9.6546,-78.0220,34,2.6688,-85.0078,1274,saied,zammel,78.0220,23.9747,100.0000
TN115451,Tronja,ترنجة,TN1154,Bab Souika,Tunis,North East,36.80400639,10.1739197,0.10705854,7,7,8407,2086,1967,27,92,7,8407,2086,1730,87.9512,77.7834,200,10.1678,-77.7834,37,1.8810,-86.0702,1967,saied,zammel,77.7834,24.8127,100.0000
TN115452,Bab El Khadra,باب الخضراء,TN1154,Bab Souika,Tunis,North East,36.81035211,10.17128434,0.1780003,10,10,10529,2022,1919,29,74,10,10529,2022,1684,87.7540,77.8530,190,9.9010,-77.8530,45,2.3450,-85.4091,1919,saied,zammel,77.8530,19.2041,100.0000
TN115453,Bab Saadoun,باب سعدون,TN1154,Bab Souika,Tunis,North East,36.80636125,10.16298983,0.0972189,5,5,5369,1251,1195,15,41,5,5369,1251,1068,89.3724,80.8368,102,8.5356,-80.8368,25,2.0921,-87.2803,1195,saied,zammel,80.8368,23.3004,100.0000
TN115454,Borj Zouara,برج زوارة,TN1154,Bab Souika,Tunis,North East,36.8042863,10.15660951,1.07320465,1,1,683,200,186,3,11,1,683,200,171,91.9355,86.5591,10,5.3763,-86.5591,5,2.6882,-89.2473,186,saied,zammel,86.5591,29.2826,100.0000
TN115455,Bab El Assel,باب العسل,TN1154,Bab Souika,Tunis,North East,36.81125229,10.16693041,0.18038845,1,1,576,58,57,0,1,1,576,58,50,87.7193,77.1930,6,10.5263,-77.1930,1,1.7544,-85.9649,57,saied,zammel,77.1930,10.0694,100.0000
TN115456,El Halfaouine,الحلفاوين,TN1154,Bab Souika,Tunis,North East,36.80739392,10.1656311,0.12365031,7,7,7967,1943,1817,39,87,7,7967,1943,1560,85.8558,73.9681,216,11.8877,-73.9681,41,2.2565,-83.5993,1817,saied,zammel,73.9681,24.3881,100.0000
TN115458,Bab Sidi Abdessalem,باب سيدي عبد السلام,TN1154,Bab Souika,Tunis,North East,36.80936072,10.16487347,0.07799977,1,1,730,40,37,1,2,1,730,40,32,86.4865,72.9730,5,13.5135,-72.9730,0,0.0000,-86.4865,37,saied,zammel,72.9730,5.4795,100.0000
TN115459,Zaouiet El Bekria,الزاوية البكرية,TN1154,Bab Souika,Tunis,North East,36.80835493,10.16147958,0.07478217,1,1,332,74,70,2,2,1,332,74,63,90.0000,81.4286,6,8.5714,-81.4286,1,1.4286,-88.5714,70,saied,zammel,81.4286,22.2892,100.0000
TN115460,Hammam El Rmimi,حمام الرميمي,TN1154,Bab Souika,Tunis,North East,36.80694269,10.17252143,0.09437518,1,1,575,49,47,2,0,1,575,49,45,95.7447,93.6170,1,2.1277,-93.6170,1,2.1277,-93.6170,47,saied,maghzaoui,93.6170,8.5217,100.0000
TN115461,Sidi Djebali,سيدي الجبالي,TN1154,Bab Souika,Tunis,North East,36.80447103,10.16558483,0.08788388,1,1,268,55,52,1,2,1,268,55,47,90.3846,82.6923,4,7.6923,-82.6923,1,1.9231,-88.4615,52,saied,zammel,82.6923,20.5224,100.0000
TN115551,El Omrane,العمران,TN1155,Omrane,Tunis,North East,36.81500293,10.16763181,1.43792419,10,10,10434,1730,1630,30,70,10,10434,1730,1309,80.3067,63.1902,279,17.1166,-63.1902,42,2.5767,-77.7301,1630,saied,zammel,63.1902,16.5804,100.0000
TN115552,Djebel El Ahmar,الجبل الأحمر,TN1155,Omrane,Tunis,North East,36.8217571,10.1607387,0.08527928,6,6,7175,735,687,8,40,6,7175,735,659,95.9243,93.4498,17,2.4745,-93.4498,11,1.6012,-94.3231,687,saied,zammel,93.4498,10.2439,100.0000
TN115553,Cite Des Oliviers,حي الزياتين,TN1155,Omrane,Tunis,North East,36.82391336,10.15740818,1.09466706,7,7,7976,2633,2452,41,140,7,7976,2633,2324,94.7798,90.8646,96,3.9152,-90.8646,32,1.3051,-93.4747,2452,saied,zammel,90.8646,33.0115,100.0000
TN115554,Ras Tabia,رأس الطابية,TN1155,Omrane,Tunis,North East,36.82003785,10.14523757,1.02576609,5,5,4775,1591,1502,32,57,5,4775,1591,1206,80.2929,64.4474,238,15.8455,-64.4474,58,3.8615,-76.4314,1502,saied,zammel,64.4474,33.3194,100.0000
TN115555,Bir Atig,بئر عتيق,TN1155,Omrane,Tunis,North East,36.81902236,10.15401277,0.71252278,3,3,2725,1223,1170,13,40,3,2725,1223,1097,93.7607,89.2308,53,4.5299,-89.2308,20,1.7094,-92.0513,1170,saied,zammel,89.2308,44.8807,100.0000
TN115556,Oued El Sebai,وادي السبعي,TN1155,Omrane,Tunis,North East,36.82487603,10.16464096,0.60558349,3,3,2716,1142,1067,8,67,3,2716,1142,1005,94.1893,90.1593,43,4.0300,-90.1593,19,1.7807,-92.4086,1067,saied,zammel,90.1593,42.0471,100.0000
TN115651,Cite Ibn Khaldoun I,حي بن خلدون الأول,TN1156,Omrane Supérieur,Tunis,North East,36.82802848,10.13993893,0.3493791,5,5,5619,1753,1664,25,64,5,5619,1753,1516,91.1058,83.7740,122,7.3317,-83.7740,26,1.5625,-89.5433,1664,saied,zammel,83.7740,31.1977,100.0000
TN115652,El Romana,الرمانة,TN1156,Omrane Supérieur,Tunis,North East,36.82480533,10.14153678,0.22359809,7,7,8576,2058,1968,20,70,7,8576,2058,1773,90.0915,81.9614,160,8.1301,-81.9614,35,1.7785,-88.3130,1968,saied,zammel,81.9614,23.9972,100.0000
TN115653,Cite Ibn Khaldoun II,حي بن خلدون الثاني,TN1156,Omrane Supérieur,Tunis,North East,36.83139898,10.13753781,0.34696291,1,1,923,394,382,2,10,1,923,394,350,91.6230,84.8168,26,6.8063,-84.8168,6,1.5707,-90.0524,382,saied,zammel,84.8168,42.6869,100.0000
TN115654,Cite Ibn Khaldoun VI,حي بن خلدون السادس,TN1156,Omrane Supérieur,Tunis,North East,36.83602709,10.12542616,0.19057141,1,1,772,278,263,6,9,1,772,278,242,92.0152,85.5513,17,6.4639,-85.5513,4,1.5209,-90.4943,263,saied,zammel,85.5513,36.0104,100.0000
TN115655,Cite El Intilaka,حي الإنطلاقة,TN1156,Omrane Supérieur,Tunis,North East,36.84029697,10.12024397,0.51313878,8,8,8831,2374,2465,25,79,7,7765,2374,2275,92.2921,86.0446,154,6.2475,-86.0446,36,1.4604,-90.8316,2465,saied,zammel,86.0446,30.5731,87.5000
TN115656,El Omrane Superieur,العمران الأعلى,TN1156,Omrane Supérieur,Tunis,North East,36.84161408,10.13018813,0.54771492,8,8,8163,3145,3010,38,97,7,8163,2773,2618,86.9767,76.6445,311,10.3322,-76.6445,81,2.6910,-84.2857,3010,saied,zammel,76.6445,33.9704,87.5000
TN115657,El Nassim,النسيم,TN1156,Omrane Supérieur,Tunis,North East,36.84164868,10.12537483,0.3813824,3,3,2898,1222,1168,11,43,3,2898,1222,1034,88.5274,78.0822,122,10.4452,-78.0822,12,1.0274,-87.5000,1168,saied,zammel,78.0822,42.1670,100.0000
TN115658,Ahmed Tlili,أحمد التليلي,TN1156,Omrane Supérieur,Tunis,North East,36.83212114,10.1325525,0.2902065,3,3,3769,1347,1290,13,44,3,3769,1347,1170,90.6977,82.9457,100,7.7519,-82.9457,20,1.5504,-89.1473,1290,saied,zammel,82.9457,35.7389,100.0000
TN115659,Es-Sadique,الصديق,TN1156,Omrane Supérieur,Tunis,North East,36.83134745,10.12687083,0.39656512,2,2,1607,554,536,7,11,2,1607,554,478,89.1791,80.4104,47,8.7687,-80.4104,11,2.0522,-87.1269,536,saied,zammel,80.4104,34.4742,100.0000
TN115751,Ettahrir (1),التحرير الأول,TN1157,El Tahrir,Tunis,North East,36.82358794,10.12425026,0.25343213,6,6,4400,1579,1513,22,44,4,4268,1125,1300,85.9220,73.7607,184,12.1613,-73.7607,29,1.9167,-84.0053,1513,saied,zammel,73.7607,26.3590,66.6667
TN115752,Ettahrir (2),التحرير الثاني,TN1157,El Tahrir,Tunis,North East,36.82945233,10.12317104,0.37822677,2,2,2053,837,785,17,35,2,2053,837,668,85.0955,73.6306,90,11.4650,-73.6306,27,3.4395,-81.6561,785,saied,zammel,73.6306,40.7696,100.0000
TN115753,Ettahrir (3),التحرير الثالث,TN1157,El Tahrir,Tunis,North East,36.82417508,10.12921491,0.31650545,1,1,600,283,281,0,2,1,600,283,248,88.2562,77.5801,30,10.6762,-77.5801,3,1.0676,-87.1886,281,saied,zammel,77.5801,47.1667,100.0000
TN115754,Ettahrir Superieur,التحرير العلوي,TN1157,El Tahrir,Tunis,North East,36.83363443,10.12076768,0.23288008,3,3,3071,1054,1000,17,37,3,3071,1054,872,87.2000,76.4000,108,10.8000,-76.4000,20,2.0000,-85.2000,1000,saied,zammel,76.4000,34.3211,100.0000
TN115755,El Hadika,الحديقة,TN1157,El Tahrir,Tunis,North East,36.82248869,10.13340117,0.49723918,2,2,1481,380,366,2,12,2,1481,380,316,86.3388,75.6831,39,10.6557,-75.6831,11,3.0055,-83.3333,366,saied,zammel,75.6831,25.6583,100.0000
TN115852,El Menzah,المنزه,TN1158,El Menzah,Tunis,North East,36.84044567,10.17568488,1.00907567,9,9,9395,2648,2482,78,88,9,9395,2648,1407,56.6882,18.4932,948,38.1950,-18.4932,127,5.1168,-51.5713,2482,saied,zammel,18.4932,28.1852,100.0000
TN115853,El Fath,الفتح,TN1158,El Menzah,Tunis,North East,36.84591329,10.13718597,1.49402603,1,1,1294,474,447,8,19,1,1294,474,384,85.9060,72.4832,60,13.4228,-72.4832,3,0.6711,-85.2349,447,saied,zammel,72.4832,36.6306,100.0000
TN115854,El Manar,المنار,TN1158,El Menzah,Tunis,North East,36.84406614,10.15389817,3.03986708,15,15,15630,5313,4991,119,203,15,15630,5313,2970,59.5071,24.6644,1739,34.8427,-24.6644,282,5.6502,-53.8569,4991,saied,zammel,24.6644,33.9923,100.0000
TN115855,El Manar (1),المنار1,TN1158,El Menzah,Tunis,North East,36.83355572,10.1470849,1.55944313,5,5,4873,1940,1818,55,67,4,4873,1506,1190,65.4565,36.0836,534,29.3729,-36.0836,94,5.1705,-60.2860,1818,saied,zammel,36.0836,30.9050,80.0000
TN115951,Cite El Khadra,حي الخضراء,TN1159,Cité El Khadra,Tunis,North East,36.83219421,10.19273699,0.29060954,13,13,14494,4118,3896,50,172,13,14494,4118,3133,80.4158,64.1940,632,16.2218,-64.1940,131,3.3624,-77.0534,3896,saied,zammel,64.1940,28.4118,100.0000
TN115952,Cite Jardin,حي الحدائق,TN1159,Cité El Khadra,Tunis,North East,36.82639368,10.183997,0.90367531,3,3,3229,1232,1168,31,33,3,3229,1232,909,77.8253,58.3048,228,19.5205,-58.3048,31,2.6541,-75.1712,1168,saied,zammel,58.3048,38.1542,100.0000
TN115953,Ech-Charguia,الشرقية,TN1159,Cité El Khadra,Tunis,North East,36.84785783,10.22514763,10.54715723,1,1,331,85,84,0,1,1,331,85,79,94.0476,90.4762,3,3.5714,-90.4762,2,2.3810,-91.6667,84,saied,zammel,90.4762,25.6798,100.0000
TN115954,Khereiddine Pacha,خير الدين باشا,TN1159,Cité El Khadra,Tunis,North East,36.82083727,10.18978401,1.20461256,1,1,416,179,173,3,3,1,416,179,153,88.4393,77.4566,19,10.9827,-77.4566,1,0.5780,-87.8613,173,saied,zammel,77.4566,43.0288,100.0000
TN115956,Farhat Hached,فرحات حشاد,TN1159,Cité El Khadra,Tunis,North East,36.82998436,10.19712417,0.6713179,3,3,3673,1292,1230,14,48,3,3673,1292,1060,86.1789,74.3089,146,11.8699,-74.3089,24,1.9512,-84.2276,1230,saied,zammel,74.3089,35.1756,100.0000
TN115957,El Bouhaira,البحيرة,TN1159,Cité El Khadra,Tunis,North East,36.82341429,10.23153519,19.92424718,4,4,4316,1385,1311,31,43,4,4316,1385,602,45.9191,-2.5934,636,48.5126,2.5934,73,5.5683,-42.9443,1311,zammel,saied,2.5934,32.0899,100.0000
TN115958,Hay Es Salem,حي السلام,TN1159,Cité El Khadra,Tunis,North East,36.84033399,10.19168481,2.7717883,1,1,155,40,39,0,1,1,155,40,29,74.3590,58.9744,6,15.3846,-58.9744,4,10.2564,-64.1026,39,saied,zammel,58.9744,25.8065,100.0000
TN116051,Le Bardo,باردو,TN1160,Bardo,Tunis,North East,36.81242336,10.14054593,0.50905623,11,11,13564,2734,2589,44,101,11,13564,2734,2046,79.0267,62.2248,435,16.8019,-62.2248,108,4.1715,-74.8552,2589,saied,zammel,62.2248,20.1563,100.0000
TN116052,Le Bardo Nord,باردو الشمالي,TN1160,Bardo,Tunis,North East,36.81364704,10.13285363,0.64969112,6,6,5781,2650,2514,46,90,5,5781,2112,2057,81.8218,66.6667,381,15.1551,-66.6667,76,3.0231,-78.7987,2514,saied,zammel,66.6667,36.5335,83.3333
TN116053,Le Bardo Sud,باردو الجنوبي,TN1160,Bardo,Tunis,North East,36.80317427,10.13520734,0.32494077,4,4,3584,1549,1473,21,55,4,3584,1549,1225,83.1636,69.1785,206,13.9851,-69.1785,42,2.8513,-80.3123,1473,saied,zammel,69.1785,43.2199,100.0000
TN116054,El Hadika,الحديقة,TN1160,Bardo,Tunis,North East,36.80386323,10.14143279,0.29315626,1,1,1054,444,421,8,15,1,1054,444,372,88.3610,78.3848,42,9.9762,-78.3848,7,1.6627,-86.6983,421,saied,zammel,78.3848,42.1252,100.0000
TN116055,Bou-Choucha,بوشوشة,TN1160,Bardo,Tunis,North East,36.8106137,10.14677365,0.46529431,7,7,7378,2637,2937,49,98,6,7378,2637,2337,79.5710,62.8873,490,16.6837,-62.8873,110,3.7453,-75.8257,2937,saied,zammel,62.8873,35.7414,85.7143
TN116056,Bonne Residence,الإقامة الطيبة,TN1160,Bardo,Tunis,North East,36.80528276,10.14593583,0.49679328,2,2,708,301,288,4,9,2,708,301,244,84.7222,70.8333,40,13.8889,-70.8333,4,1.3889,-83.3333,288,saied,zammel,70.8333,42.5141,100.0000
TN116057,Khaznadar,خزندار,TN1160,Bardo,Tunis,North East,36.80601592,10.12720275,0.97546091,13,13,14671,3670,3490,74,106,13,14671,3670,2653,76.0172,56.3897,685,19.6275,-56.3897,152,4.3553,-71.6619,3490,saied,zammel,56.3897,25.0153,100.0000
TN116058,El Fath,الفتح,TN1160,Bardo,Tunis,North East,36.80049607,10.12694806,0.3779541,1,1,880,366,348,3,15,1,880,366,297,85.3448,73.2759,42,12.0690,-73.2759,9,2.5862,-82.7586,348,saied,zammel,73.2759,41.5909,100.0000
TN116059,Ksar-Said,قصر السعيد,TN1160,Bardo,Tunis,North East,36.81246357,10.12628801,0.76403194,3,3,3647,370,354,9,7,3,3647,370,311,87.8531,78.2486,34,9.6045,-78.2486,9,2.5424,-85.3107,354,saied,zammel,78.2486,10.1453,100.0000
TN116060,Ksar-Said II,قصر السعيد الثاني,TN1160,Bardo,Tunis,North East,36.82304523,10.11921962,0.33031488,5,5,5311,2102,1995,21,86,5,5311,2102,1789,89.6742,80.9524,174,8.7218,-80.9524,32,1.6040,-88.0702,1995,saied,zammel,80.9524,39.5782,100.0000
TN116061,El Bassatine,البساتين,TN1160,Bardo,Tunis,North East,36.81800621,10.13801446,0.33606749,1,1,610,260,247,3,10,1,610,260,208,84.2105,72.0648,30,12.1457,-72.0648,9,3.6437,-80.5668,247,saied,zammel,72.0648,42.6230,100.0000
TN116062,Es-Saada,السعادة,TN1160,Bardo,Tunis,North East,36.79845406,10.12140415,0.3687689,4,4,3768,1525,1459,20,46,4,3768,1525,1318,90.3358,82.4537,115,7.8821,-82.4537,26,1.7820,-88.5538,1459,saied,zammel,82.4537,40.4724,100.0000
TN116063,Ksar-El Bortal,قصر البرطال,TN1160,Bardo,Tunis,North East,36.81623103,10.11972402,0.50749852,3,3,3676,1483,1414,25,44,3,3676,1483,1275,90.1697,82.0368,115,8.1330,-82.0368,24,1.6973,-88.4724,1414,saied,zammel,82.0368,40.3428,100.0000
TN116064,Ibn Sina,إبن سيناء,TN1160,Bardo,Tunis,North East,36.82976038,10.11684408,0.27560841,2,2,1600,447,431,4,12,2,1600,447,382,88.6311,78.8863,42,9.7448,-78.8863,7,1.6241,-87.0070,431,saied,zammel,78.8863,27.9375,100.0000
TN116151,Cite Helel,حي هلال,TN1161,Sijoumi,Tunis,North East,36.78518462,10.16512679,0.31527138,5,5,7752,1795,1686,36,73,5,7752,1795,1592,94.4247,89.6797,80,4.7450,-89.6797,14,0.8304,-93.5943,1686,saied,zammel,89.6797,23.1553,100.0000
TN116152,Ali Belhouane,علي البلهوان,TN1161,Sijoumi,Tunis,North East,36.79692316,10.16016613,0.25096447,6,6,7515,1960,1880,27,53,6,7515,1960,1753,93.2447,87.5000,108,5.7447,-87.5000,19,1.0106,-92.2340,1880,saied,zammel,87.5000,26.0812,100.0000
TN116153,En-Najah,النجاح,TN1161,Sijoumi,Tunis,North East,36.7935633,10.15829054,0.47415358,4,4,3788,1159,1106,20,33,4,3788,1159,1036,93.6709,88.4268,58,5.2441,-88.4268,12,1.0850,-92.5859,1106,saied,zammel,88.4268,30.5966,100.0000
TN116154,Cite Des Martyrs,حي الشهداء,TN1161,Sijoumi,Tunis,North East,36.77709989,10.17009696,0.29270093,1,1,831,350,324,2,24,1,831,350,314,96.9136,94.4444,8,2.4691,-94.4444,2,0.6173,-96.2963,324,saied,zammel,94.4444,42.1179,100.0000
TN116155,Bir Anniba,بئر عنيبة,TN1161,Sijoumi,Tunis,North East,36.78854822,10.16522245,0.19523209,1,1,370,128,123,1,4,1,370,128,117,95.1220,91.0569,5,4.0650,-91.0569,1,0.8130,-94.3089,123,saied,zammel,91.0569,34.5946,100.0000
TN116156,Mellassine,الملاسين,TN1161,Sijoumi,Tunis,North East,36.79515014,10.15160312,0.27299223,5,5,6058,563,527,7,29,5,6058,563,504,95.6357,92.0304,19,3.6053,-92.0304,4,0.7590,-94.8767,527,saied,zammel,92.0304,9.2935,100.0000
TN116251,Ezzouhour,الزهور,TN1162,Ezzouhour,Tunis,North East,36.79742649,10.13409957,0.33271617,10,10,10593,2387,2456,29,104,9,10593,2387,2208,89.9023,81.7590,200,8.1433,-81.7590,48,1.9544,-87.9479,2456,saied,zammel,81.7590,22.5337,90.0000
TN116252,Ezzouhour IV,الزهور الرابع,TN1162,Ezzouhour,Tunis,North East,36.79530108,10.12681521,0.3128797,3,3,3555,1244,1197,18,29,3,3555,1244,1073,89.6408,80.5347,109,9.1061,-80.5347,15,1.2531,-88.3876,1197,saied,zammel,80.5347,34.9930,100.0000
TN116253,Es-Saada,السعادة,TN1162,Ezzouhour,Tunis,North East,36.79946315,10.14907518,0.39620352,2,2,2172,852,807,3,42,2,2172,852,699,86.6171,76.0843,85,10.5328,-76.0843,23,2.8501,-83.7670,807,saied,zammel,76.0843,39.2265,100.0000
TN116254,Es-Soumrane,السمران,TN1162,Ezzouhour,Tunis,North East,36.79915856,10.14025787,0.39293195,4,4,4890,1361,1313,12,36,4,4890,1361,1219,92.8408,86.9002,78,5.9406,-86.9002,16,1.2186,-91.6222,1313,saied,zammel,86.9002,27.8323,100.0000
TN116255,Cite Tayarane,حي الطيران,TN1162,Ezzouhour,Tunis,North East,36.79398952,10.14394836,0.42882942,6,6,5644,2055,1934,22,99,6,5644,2055,1794,92.7611,87.2802,106,5.4809,-87.2802,34,1.7580,-91.0031,1934,saied,zammel,87.2802,36.4103,100.0000
TN116256,Bach-Hamba,باش حانبة,TN1162,Ezzouhour,Tunis,North East,36.79107592,10.13273882,0.93625494,4,4,4053,1784,1695,42,47,4,4053,1784,1571,92.6844,86.6667,102,6.0177,-86.6667,22,1.2979,-91.3864,1695,saied,zammel,86.6667,44.0168,100.0000
TN116351,El-Hrairia,الحرايرية,TN1163,Hrairia,Tunis,North East,36.78982543,10.12223568,0.47418443,10,10,11260,2278,2202,29,47,10,11260,2278,2029,92.1435,85.7402,141,6.4033,-85.7402,32,1.4532,-90.6903,2202,saied,zammel,85.7402,20.2309,100.0000
TN116352,Ezzouhour V,الزهور الخامس,TN1163,Hrairia,Tunis,North East,36.78844256,10.10456372,0.55472441,13,13,14660,5733,5454,90,189,13,14660,5733,5027,92.1709,85.9553,339,6.2156,-85.9553,88,1.6135,-90.5574,5454,saied,zammel,85.9553,39.1064,100.0000
TN116353,El Akba,العقبة,TN1163,Hrairia,Tunis,North East,36.79529497,10.09739134,0.91475798,10,10,11621,3524,3370,43,111,10,11621,3524,3018,89.5549,80.6825,299,8.8724,-80.6825,53,1.5727,-87.9822,3370,saied,zammel,80.6825,30.3244,100.0000
TN116354,El Akba Superieur,العقبة العليا,TN1163,Hrairia,Tunis,North East,36.78804261,10.09185915,2.82770735,4,4,4360,1388,1328,19,41,4,4360,1388,1109,83.5090,70.4066,174,13.1024,-70.4066,45,3.3886,-80.1205,1328,saied,zammel,70.4066,31.8349,100.0000
TN116355,Ghedir El Golla,غدير القلة,TN1163,Hrairia,Tunis,North East,36.78076284,10.04915614,16.63741483,3,3,3146,1056,985,15,56,3,3146,1056,931,94.5178,90.1523,43,4.3655,-90.1523,11,1.1168,-93.4010,985,saied,zammel,90.1523,33.5664,100.0000
TN116356,El Antit,العنتيت,TN1163,Hrairia,Tunis,North East,36.79574507,10.11124118,0.22545363,3,3,3028,1316,1262,17,37,3,3028,1316,1173,92.9477,87.3217,71,5.6260,-87.3217,18,1.4263,-91.5214,1262,saied,zammel,87.3217,43.4610,100.0000
TN116357,El Foula,الفلة,TN1163,Hrairia,Tunis,North East,36.79408262,10.10511585,0.4762145,3,3,3304,1329,1277,17,35,3,3304,1329,1160,90.8379,83.6335,92,7.2044,-83.6335,25,1.9577,-88.8802,1277,saied,zammel,83.6335,40.2240,100.0000
TN116358,Tarak Ibn Ziad,طارق بن زياد,TN1163,Hrairia,Tunis,North East,36.79268939,10.11347018,0.63768885,2,2,2133,940,901,11,28,2,2133,940,839,93.1188,88.0133,46,5.1054,-88.0133,16,1.7758,-91.3430,901,saied,zammel,88.0133,44.0694,100.0000
TN116359,Ezzahrouni,الزهروني,TN1163,Hrairia,Tunis,North East,36.78364156,10.1086464,1.23516703,20,20,23340,4719,4547,61,111,20,23340,4719,4252,93.5122,88.0581,248,5.4541,-88.0581,47,1.0336,-92.4786,4547,saied,zammel,88.0581,20.2185,100.0000
TN116451,Borj-Chakir,برج شاكير,TN1164,Sidi Hassine,Tunis,North East,36.75290626,10.06803855,24.50172518,6,6,6492,2511,2426,37,48,6,6492,2511,2336,96.2902,93.4048,70,2.8854,-93.4048,20,0.8244,-95.4658,2426,saied,zammel,93.4048,38.6784,100.0000
TN116452,Sidi Hassine,سيدي حسين,TN1164,Sidi Hassine,Tunis,North East,36.77788128,10.11680746,1.34434461,11,11,12979,2218,2113,38,67,11,12979,2218,2033,96.2139,93.3270,61,2.8869,-93.3270,19,0.8992,-95.3147,2113,saied,zammel,93.3270,17.0891,100.0000
TN116453,El Jaiara,الجيارة,TN1164,Sidi Hassine,Tunis,North East,36.77601193,10.10783876,1.13983581,8,8,9703,2270,2205,13,52,8,9703,2270,2064,93.6054,88.0726,122,5.5329,-88.0726,19,0.8617,-92.7438,2205,saied,zammel,88.0726,23.3948,100.0000
TN116454,Attar,عطار,TN1164,Sidi Hassine,Tunis,North East,36.76314622,10.11331011,0.9637639,9,9,9892,3655,3523,49,83,9,9892,3655,3356,95.2597,91.5129,132,3.7468,-91.5129,35,0.9935,-94.2663,3523,saied,zammel,91.5129,36.9490,100.0000
TN116455,20 Mars,20مارس,TN1164,Sidi Hassine,Tunis,North East,36.74476228,10.10540404,3.7050434,5,5,5557,2170,2079,34,57,5,5557,2170,1941,93.3622,87.7826,116,5.5796,-87.7826,22,1.0582,-92.3040,2079,saied,zammel,87.7826,39.0498,100.0000
TN116456,Byrine,بيرين,TN1164,Sidi Hassine,Tunis,North East,36.71895601,10.09670404,20.37697415,5,5,5116,1720,1640,13,67,4,5116,1488,1567,95.5488,92.0122,58,3.5366,-92.0122,15,0.9146,-94.6341,1640,saied,zammel,92.0122,29.0852,80.0000
TN116457,Meghiret Inzel,المغيرة إنزال,TN1164,Sidi Hassine,Tunis,North East,36.72553606,10.12292836,9.67459328,6,6,5421,1946,1872,12,62,6,5421,1946,1788,95.5128,92.1474,63,3.3654,-92.1474,21,1.1218,-94.3910,1872,saied,zammel,92.1474,35.8974,100.0000
TN116458,25 Juillet,25جويلية,TN1164,Sidi Hassine,Tunis,North East,36.75071051,10.12037442,1.35640275,5,5,5296,1675,1606,13,56,5,5296,1675,1520,94.6451,90.7846,62,3.8605,-90.7846,24,1.4944,-93.1507,1606,saied,zammel,90.7846,31.6276,100.0000
TN116459,14 Janvier,14جانفي,TN1164,Sidi Hassine,Tunis,North East,36.76564666,10.10321196,1.40708318,10,10,10781,4064,3910,52,102,10,10781,4064,3720,95.1407,91.4578,144,3.6829,-91.4578,46,1.1765,-93.9642,3910,saied,zammel,91.4578,37.6959,100.0000
TN116551,El Ouardia,الوردية,TN1165,El Ouardia,Tunis,North East,36.76549483,10.17778461,1.36329633,13,13,10364,1976,1902,17,57,13,10364,1976,1729,90.9043,82.9127,152,7.9916,-82.9127,21,1.1041,-89.8002,1902,saied,zammel,82.9127,19.0660,100.0000
TN116552,Bou-Gatfa,بوقطفة,TN1165,El Ouardia,Tunis,North East,36.77505136,10.19020918,0.4632398,4,4,3956,1337,1292,17,28,4,3956,1337,1089,84.2879,70.7430,175,13.5449,-70.7430,28,2.1672,-82.1207,1292,saied,zammel,70.7430,33.7968,100.0000
TN116553,Tahar Sfar,الطاهر صفر,TN1165,El Ouardia,Tunis,North East,36.77165668,10.17453487,0.47117442,1,1,735,289,276,3,10,1,735,289,257,93.1159,88.4058,13,4.7101,-88.4058,6,2.1739,-90.9420,276,saied,zammel,88.4058,39.3197,100.0000
TN116554,Cite El Izdihar,حي الإزدهار,TN1165,El Ouardia,Tunis,North East,36.77252536,10.18390397,0.43292388,4,4,4016,1296,1234,23,39,4,4016,1296,1003,81.2804,65.7212,192,15.5592,-65.7212,39,3.1605,-78.1199,1234,saied,zammel,65.7212,32.2709,100.0000
TN116555,Cite Mohamed Ali,حي محمد علي,TN1165,El Ouardia,Tunis,North East,36.76644661,10.18938982,0.50002651,5,5,4789,1646,1534,29,83,5,4789,1646,1380,89.9609,81.0952,136,8.8657,-81.0952,18,1.1734,-88.7875,1534,saied,zammel,81.0952,34.3704,100.0000
TN116556,Sidi Belhassen,سيدي بلحسن,TN1165,El Ouardia,Tunis,North East,36.77897941,10.18657223,0.78702249,3,3,3615,1200,1146,17,37,3,3615,1200,1048,91.4485,84.1187,84,7.3298,-84.1187,14,1.2216,-90.2269,1146,saied,zammel,84.1187,33.1950,100.0000
TN116651,El Kabaria (1),الكبارية 1,TN1166,Kabaria,Tunis,North East,36.76135798,10.19383332,0.43343145,6,6,6906,1290,1243,16,30,6,6906,1290,1183,95.1730,91.4722,46,3.7007,-91.4722,14,1.1263,-94.0467,1243,saied,zammel,91.4722,18.6794,100.0000
TN116652,El Kabaria (2),الكبارية 2,TN1166,Kabaria,Tunis,North East,36.75903001,10.18908,0.20228935,4,4,4266,1651,1556,27,68,4,4266,1651,1466,94.2159,89.7172,70,4.4987,-89.7172,20,1.2853,-92.9306,1556,saied,zammel,89.7172,38.7014,100.0000
TN116653,El Kabaria (3),الكبارية 3,TN1166,Kabaria,Tunis,North East,36.75625149,10.19675556,0.49789147,5,5,5641,2098,2005,33,60,5,5641,2098,1871,93.3167,88.4289,98,4.8878,-88.4289,36,1.7955,-91.5212,2005,saied,zammel,88.4289,37.1920,100.0000
TN116654,El Kabaria (4),الكبارية 4,TN1166,Kabaria,Tunis,North East,36.75166181,10.19193672,0.63144354,5,5,6201,2328,2195,32,101,5,6201,2328,2019,91.9818,85.7403,137,6.2415,-85.7403,39,1.7768,-90.2050,2195,saied,zammel,85.7403,37.5423,100.0000
TN116655,Cite Ennour,حي النور,TN1166,Kabaria,Tunis,North East,36.749327,10.20172285,0.87819166,5,5,5392,1814,1754,20,40,5,5392,1814,1691,96.4082,93.8997,44,2.5086,-93.8997,19,1.0832,-95.3250,1754,saied,zammel,93.8997,33.6424,100.0000
TN116656,Ibn Sina 1,إبن سينا 1,TN1166,Kabaria,Tunis,North East,36.75691514,10.18272573,0.81713304,6,6,7179,1687,1612,31,44,6,7179,1687,1428,88.5856,79.8387,141,8.7469,-79.8387,43,2.6675,-85.9181,1612,saied,zammel,79.8387,23.4991,100.0000
TN116657,Ibn Sina 2,إبن سينا 2,TN1166,Kabaria,Tunis,North East,36.74019579,10.18490621,5.31801639,9,9,9961,3196,3086,34,76,9,9961,3196,2681,86.8762,76.6040,317,10.2722,-76.6040,88,2.8516,-84.0246,3086,saied,zammel,76.6040,32.0851,100.0000
TN116658,El Mourouj (2),المروج 2,TN1166,Kabaria,Tunis,North East,36.74032095,10.19920926,1.40097255,10,10,11828,3599,3425,58,116,10,11828,3599,2950,86.1314,75.0365,380,11.0949,-75.0365,95,2.7737,-83.3577,3425,saied,zammel,75.0365,30.4278,100.0000
TN116751,Sidi El Bechir,سيدي البشير,TN1167,Sidi El Béchir,Tunis,North East,36.78819571,10.18253279,0.71754481,2,2,1571,271,265,3,3,2,1571,271,242,91.3208,84.9057,17,6.4151,-84.9057,6,2.2642,-89.0566,265,saied,zammel,84.9057,17.2502,100.0000
TN116752,Sidi Mansour,سيدي منصور,TN1167,Sidi El Béchir,Tunis,North East,36.79009799,10.17491346,0.16248676,1,1,490,180,175,1,4,1,490,180,162,92.5714,86.2857,11,6.2857,-86.2857,2,1.1429,-91.4286,175,saied,zammel,86.2857,36.7347,100.0000
TN116753,Maakel Ezzaim,معقل الزعيم,TN1167,Sidi El Béchir,Tunis,North East,36.79085888,10.16874276,0.30723023,1,1,324,107,102,1,4,1,324,107,89,87.2549,75.4902,12,11.7647,-75.4902,1,0.9804,-86.2745,102,saied,zammel,75.4902,33.0247,100.0000
TN116754,Farhat Hached,فرحات حشاد,TN1167,Sidi El Béchir,Tunis,North East,36.78009546,10.17699512,0.68708622,7,7,6650,1720,1634,20,66,7,6650,1720,1384,84.7001,72.3990,201,12.3011,-72.3990,49,2.9988,-81.7013,1634,saied,zammel,72.3990,25.8647,100.0000
TN116755,Abulkacem Ech-Chebbi,أبو القاسم الشابي,TN1167,Sidi El Béchir,Tunis,North East,36.7872093,10.17351679,0.41382444,5,5,4611,1550,1466,27,57,5,4611,1550,1204,82.1282,67.3943,216,14.7340,-67.3943,46,3.1378,-78.9905,1466,saied,zammel,67.3943,33.6153,100.0000
TN116756,Saida Manoubia,السيدة المنوبية,TN1167,Sidi El Béchir,Tunis,North East,36.78010821,10.17021298,0.41251142,4,4,4249,1007,969,15,23,4,4249,1007,916,94.5304,90.2993,41,4.2312,-90.2993,12,1.2384,-93.2921,969,saied,zammel,90.2993,23.6997,100.0000
TN116851,Sidi Fathallah,سيدي فتح الله,TN1168,Jebel Jelloud,Tunis,North East,36.76306433,10.21049982,0.40862881,1,1,605,283,269,3,11,1,605,283,238,88.4758,78.8104,26,9.6654,-78.8104,5,1.8587,-86.6171,269,saied,zammel,78.8104,46.7769,100.0000
TN116852,Ali Bach-Hamba,علي باش حانبة,TN1168,Jebel Jelloud,Tunis,North East,36.77017014,10.19904068,0.16762327,3,3,1909,765,723,11,31,3,1909,765,695,96.1272,92.8077,24,3.3195,-92.8077,4,0.5533,-95.5740,723,saied,zammel,92.8077,40.0733,100.0000
TN116853,El Garjouma,القرجومة,TN1168,Jebel Jelloud,Tunis,North East,36.76590732,10.19838502,0.36172317,2,2,1952,841,809,11,21,2,1952,841,774,95.6737,91.8418,31,3.8319,-91.8418,4,0.4944,-95.1792,809,saied,zammel,91.8418,43.0840,100.0000
TN116854,Cite El Fath,حي الفتح,TN1168,Jebel Jelloud,Tunis,North East,36.75706512,10.20637989,1.40600303,6,6,7298,2644,2500,31,113,6,7298,2644,2358,94.3200,89.8800,111,4.4400,-89.8800,31,1.2400,-93.0800,2500,saied,zammel,89.8800,36.2291,100.0000
TN116855,Es-Sebkha,السبخاء,TN1168,Jebel Jelloud,Tunis,North East,36.76998231,10.21107678,1.93373659,1,1,149,28,26,1,1,1,149,28,24,92.3077,84.6154,2,7.6923,-84.6154,0,0.0000,-92.3077,26,saied,zammel,84.6154,18.7919,100.0000
TN116856,El Afrane,الأفران,TN1168,Jebel Jelloud,Tunis,North East,36.77351802,10.19725223,0.72245629,2,2,1990,818,777,14,27,2,1990,818,746,96.0103,92.5354,27,3.4749,-92.5354,4,0.5148,-95.4955,777,saied,zammel,92.5354,41.1055,100.0000
TN116857,Djebel Djeloud,جبل الجلود,TN1168,Jebel Jelloud,Tunis,North East,36.76860848,10.20422357,0.27376792,3,3,4191,917,876,5,36,3,4191,917,826,94.2922,89.8402,39,4.4521,-89.8402,11,1.2557,-93.0365,876,saied,zammel,89.8402,21.8802,100.0000
TN116951,La Goulette,حلق الوادي,TN1169,La Goulette,Tunis,North East,36.81337641,10.28767489,1.69108256,8,8,8388,2470,2334,41,95,7,8214,2166,1978,84.7472,72.9649,275,11.7823,-72.9649,81,3.4704,-81.2768,2334,saied,zammel,72.9649,26.3696,87.5000
TN116952,La Goulette Casino,حلق الوادي كازينو,TN1169,La Goulette,Tunis,North East,36.82215211,10.30747708,0.4114646,1,1,532,273,256,5,12,1,532,273,236,92.1875,85.9375,16,6.2500,-85.9375,4,1.5625,-90.6250,256,saied,zammel,85.9375,51.3158,100.0000
TN116953,Kheireddine,خير الدين,TN1169,La Goulette,Tunis,North East,36.82971357,10.30896959,0.95093025,3,3,3824,1448,1343,32,73,3,3824,1448,1101,81.9806,67.3864,196,14.5942,-67.3864,46,3.4252,-78.5555,1343,saied,zammel,67.3864,37.8661,100.0000
TN116954,Taieb Mhiri,الطيب المهيري,TN1169,La Goulette,Tunis,North East,36.83670185,10.2794346,16.8307456,20,20,20387,6346,6678,144,221,17,19343,6227,4988,74.6930,54.0581,1378,20.6349,-54.0581,312,4.6721,-70.0210,6678,saied,zammel,54.0581,32.1925,85.0000
TN116955,Cite Essalama,حي السلامة,TN1169,La Goulette,Tunis,North East,36.8553189,10.27013963,0.21203652,2,2,1714,266,568,13,22,1,857,266,466,82.0423,67.9577,80,14.0845,-67.9577,22,3.8732,-78.1690,568,saied,zammel,67.9577,31.0385,50.0000
TN117051,Le Kram Est,الكرم الشرقي,TN1170,Le Kram,Tunis,North East,36.83494312,10.31843204,0.57240336,11,11,11131,3919,3729,46,144,11,11131,3919,3129,83.9099,70.9574,483,12.9525,-70.9574,117,3.1376,-80.7723,3729,saied,zammel,70.9574,35.2080,100.0000
TN117052,Erriadh,الرياض,TN1170,Le Kram,Tunis,North East,36.8370433,10.30986665,0.90217143,6,6,7497,2881,2709,46,126,6,7497,2881,2523,93.1340,87.8553,143,5.2787,-87.8553,43,1.5873,-91.5467,2709,saied,zammel,87.8553,38.4287,100.0000
TN117053,El Bouhaira,البحيرة,TN1170,Le Kram,Tunis,North East,36.8543722,10.29299205,4.05605919,8,8,6903,2757,2642,44,71,7,6903,2286,1909,72.2559,48.7509,621,23.5049,-48.7509,112,4.2392,-68.0167,2642,saied,zammel,48.7509,33.1160,87.5000
TN117054,Sidi Fredj,سيدي فرج,TN1170,Le Kram,Tunis,North East,36.85992887,10.27757458,1.82448036,3,3,3700,1410,1320,29,61,3,3700,1410,1010,76.5152,56.5152,264,20.0000,-56.5152,46,3.4848,-73.0303,1320,saied,zammel,56.5152,38.1081,100.0000
TN117055,Le Kram Ouest,الكرم الغربي,TN1170,Le Kram,Tunis,North East,36.84088113,10.30557154,0.5094115,8,8,13525,2647,2494,34,119,8,13525,2647,2319,92.9832,87.0890,147,5.8941,-87.0890,28,1.1227,-91.8605,2494,saied,zammel,87.0890,19.5712,100.0000
TN117056,Sidi Amor,سيدي عمر,TN1170,Le Kram,Tunis,North East,36.8466639,10.29964167,1.362496,1,1,671,274,251,5,18,1,671,274,232,92.4303,88.0478,11,4.3825,-88.0478,8,3.1873,-89.2430,251,saied,zammel,88.0478,40.8346,100.0000
TN117057,Bir El Helou,بئر الحلو,TN1170,Le Kram,Tunis,North East,36.84389879,10.31217226,0.36063113,3,3,3051,1260,1192,17,51,3,3051,1260,1090,91.4430,84.9832,77,6.4597,-84.9832,25,2.0973,-89.3456,1192,saied,zammel,84.9832,41.2979,100.0000
TN117151,La Marsa Plage,المرسى الشاطيء,TN1171,La Marsa,Tunis,North East,36.91110776,10.31601024,8.65767185,5,5,4669,1869,2199,44,125,4,4669,1869,1464,66.5757,38.1082,626,28.4675,-38.1082,109,4.9568,-61.6189,2199,saied,zammel,38.1082,40.0300,80.0000
TN117152,La Marsa Medina,المرسى المدينة,TN1171,La Marsa,Tunis,North East,36.88047069,10.32051953,1.2657869,18,18,18722,6271,5892,128,251,16,18722,5404,4195,71.1982,46.5886,1450,24.6096,-46.5886,247,4.1921,-67.0061,5892,saied,zammel,46.5886,28.8644,88.8889
TN117153,La Marsa Hadayek,المرسى الحدائق,TN1171,La Marsa,Tunis,North East,36.8776843,10.31160358,1.00448045,4,4,4087,1666,1592,18,56,4,4087,1666,1387,87.1231,76.9472,162,10.1759,-76.9472,43,2.7010,-84.4221,1592,saied,zammel,76.9472,40.7634,100.0000
TN117154,La Marsa Erriadh,المرسى الرياض,TN1171,La Marsa,Tunis,North East,36.88809961,10.31349471,0.41047534,15,15,18073,5141,4884,77,180,15,18073,5141,4415,90.3972,82.8215,370,7.5758,-82.8215,99,2.0270,-88.3702,4884,saied,zammel,82.8215,28.4457,100.0000
TN117155,Er-Rmila,الرميلة,TN1171,La Marsa,Tunis,North East,36.89113594,10.30135073,1.34810445,4,4,3261,1230,1163,13,54,4,3261,1230,1055,90.7137,83.7489,81,6.9647,-83.7489,27,2.3216,-88.3921,1163,saied,zammel,83.7489,37.7185,100.0000
TN117156,La Marsa El Montazeh,المرسى المنتزه,TN1171,La Marsa,Tunis,North East,36.87377094,10.32599619,1.76848035,1,1,560,249,229,6,14,1,560,249,175,76.4192,57.2052,44,19.2140,-57.2052,10,4.3668,-72.0524,229,saied,zammel,57.2052,44.4643,100.0000
TN117157,Gammarth,قمرت,TN1171,La Marsa,Tunis,North East,36.90720426,10.29351153,6.8457071,8,8,7222,2780,2612,57,103,6,6948,2268,2086,79.8622,62.4809,454,17.3813,-62.4809,72,2.7565,-77.1057,2612,saied,zammel,62.4809,32.6425,75.0000
TN117158,Gammarth Superieur,قمرت العليا,TN1171,La Marsa,Tunis,North East,36.89179665,10.31023579,1.19356451,1,1,554,259,247,5,7,1,554,259,202,81.7814,65.1822,41,16.5992,-65.1822,4,1.6194,-80.1619,247,saied,zammel,65.1822,46.7509,100.0000
TN117159,Sidi Daoued,سيدي داود,TN1171,La Marsa,Tunis,North East,36.86373352,10.30768332,1.04592567,8,8,9295,2961,2819,47,95,8,9295,2961,2242,79.5317,62.5754,478,16.9564,-62.5754,99,3.5119,-76.0199,2819,saied,zammel,62.5754,31.8558,100.0000
TN117160,El Bahr El Azrak,البحر الأزرق,TN1171,La Marsa,Tunis,North East,36.88106119,10.28923947,7.63510376,8,8,7488,3146,3025,26,95,7,7488,2683,2848,94.1488,89.3223,146,4.8264,-89.3223,31,1.0248,-93.1240,3025,saied,zammel,89.3223,35.8307,87.5000
TN125151,La Nouvelle Ariana,اريانة الجديدة,TN1251,Ariana Médina,Ariana,North East,36.85376897,10.18236318,0.53522417,5,5,4142,1389,1648,25,76,4,4142,1389,1252,75.9709,55.1578,343,20.8131,-55.1578,53,3.2160,-72.7549,1648,saied,zammel,55.1578,33.5345,80.0000
TN125152,Ariana Superieur,أريانة العليا,TN1251,Ariana Médina,Ariana,North East,36.87339252,10.16711195,6.20226126,14,14,13728,3758,5220,92,159,9,10007,3381,3936,75.4023,54.5019,1091,20.9004,-54.5019,193,3.6973,-71.7050,5220,saied,zammel,54.5019,33.7863,64.2857
TN125153,L'Ariana Ville,اريانة المدينة,TN1251,Ariana Médina,Ariana,North East,36.86879905,10.1844887,0.889464,10,10,3859,1259,1948,37,66,4,3859,842,1679,86.1910,74.3840,230,11.8070,-74.3840,39,2.0021,-84.1889,1948,saied,zammel,74.3840,21.8191,40.0000
TN125154,El Menzah V,المنزه الخامس,TN1251,Ariana Médina,Ariana,North East,36.84802069,10.17592466,1.35113234,7,7,6874,2659,2480,57,122,6,6874,2318,1480,59.6774,23.5081,897,36.1694,-23.5081,103,4.1532,-55.5242,2480,saied,zammel,23.5081,33.7213,85.7143
TN125155,El Menzah VI,المنزه السادس,TN1251,Ariana Médina,Ariana,North East,36.84837817,10.16339437,0.83647181,9,9,8060,2156,3124,81,95,5,5728,1805,1910,61.1396,27.5608,1049,33.5787,-27.5608,165,5.2817,-55.8579,3124,saied,zammel,27.5608,31.5119,55.5556
TN125156,Etaamir,التعمير,TN1251,Ariana Médina,Ariana,North East,36.86687855,10.19242055,1.13926613,7,7,7782,2765,2647,29,89,7,7782,2765,2233,84.3597,71.9683,328,12.3914,-71.9683,86,3.2490,-81.1107,2647,saied,zammel,71.9683,35.5307,100.0000
TN125157,El Yasmina,الياسمينة,TN1251,Ariana Médina,Ariana,North East,36.85363432,10.19406671,1.32383633,16,16,16894,4901,5090,91,157,15,16894,4901,4145,81.4342,66.1297,779,15.3045,-66.1297,166,3.2613,-78.1729,5090,saied,zammel,66.1297,29.0103,93.7500
TN125158,Ennasr 1,النصر 1,TN1251,Ariana Médina,Ariana,North East,36.85924518,10.17001653,2.22172506,9,9,7575,2206,2645,75,106,7,7575,2206,1625,61.4367,27.7883,890,33.6484,-27.7883,130,4.9149,-56.5217,2645,saied,zammel,27.7883,29.1221,77.7778
TN125159,Ennasr 2,النصر 2,TN1251,Ariana Médina,Ariana,North East,36.86587929,10.15528512,3.88844315,18,18,15312,5845,6997,192,249,12,14196,4919,3976,56.8244,18.5651,2677,38.2593,-18.5651,344,4.9164,-51.9080,6997,saied,zammel,18.5651,34.6506,66.6667
TN125251,Soukra,سكرة,TN1252,Soukra,Ariana,North East,36.87619251,10.25821522,8.42608403,17,17,16357,5171,5311,99,176,14,16357,4599,3990,75.1271,53.3986,1154,21.7285,-53.3986,167,3.1444,-71.9827,5311,saied,zammel,53.3986,28.1164,82.3529
TN125252,Dar Fadhal,دار فضال,TN1252,Soukra,Ariana,North East,36.86588751,10.2425333,2.37575549,12,12,13806,4787,4613,71,103,12,13806,4787,4189,90.8086,83.2864,347,7.5222,-83.2864,77,1.6692,-89.1394,4613,saied,zammel,83.2864,34.6733,100.0000
TN125253,El Bessatine,البساتين,TN1252,Soukra,Ariana,North East,36.87648539,10.2310301,3.09504238,5,5,3195,1524,1476,20,28,4,3195,1135,1260,85.3659,73.3062,178,12.0596,-73.3062,38,2.5745,-82.7913,1476,saied,zammel,73.3062,35.5243,80.0000
TN125254,Chotrana,شطرانة,TN1252,Soukra,Ariana,North East,36.89526013,10.21943831,6.68059632,8,8,7193,2572,2444,33,95,7,7193,2168,2089,85.4746,73.7316,287,11.7430,-73.7316,68,2.7823,-82.6923,2444,saied,zammel,73.7316,30.1404,87.5000
TN125255,Borj El Ouzir,برج الوزير,TN1252,Soukra,Ariana,North East,36.86071727,10.20930641,3.0102676,8,8,5476,772,904,15,23,6,5476,696,707,78.2080,59.5133,169,18.6947,-59.5133,28,3.0973,-75.1106,904,saied,zammel,59.5133,12.7100,75.0000
TN125256,Ennasim,النسيم,TN1252,Soukra,Ariana,North East,36.87628642,10.19506466,2.71411065,17,17,14981,5874,6145,62,162,14,14981,5197,5363,87.2742,77.0382,629,10.2360,-77.0382,153,2.4898,-84.7844,6145,saied,zammel,77.0382,34.6906,82.3529
TN125257,Ettaamir,التعمير,TN1252,Soukra,Ariana,North East,36.87474335,10.21097287,2.0067068,13,13,8986,5532,5771,72,166,8,8974,3724,4952,85.8084,74.0773,677,11.7311,-74.0773,142,2.4606,-83.3478,5771,saied,zammel,74.0773,41.4977,61.5385
TN125351,Jaafer,جعفر,TN1253,Raoued,Ariana,North East,36.91682335,10.18253604,2.47710474,13,13,14939,4376,4594,48,139,11,13692,4009,4085,88.9203,79.8433,417,9.0771,-79.8433,92,2.0026,-86.9177,4594,saied,zammel,79.8433,29.2799,84.6154
TN125352,Enkhilet,النخيلات,TN1253,Raoued,Ariana,North East,36.89268659,10.19604731,4.05013344,12,12,11653,3852,3967,62,97,10,11653,3554,3202,80.7159,64.4820,644,16.2339,-64.4820,121,3.0502,-77.6657,3967,saied,zammel,64.4820,30.4986,83.3333
TN125353,El Medina El Fadhila,المدينة الفاضلة,TN1253,Raoued,Ariana,North East,36.89758175,10.16401146,6.56912901,7,7,5840,2286,2581,54,93,6,5840,2286,1918,74.3123,53.5839,535,20.7284,-53.5839,128,4.9593,-69.3530,2581,saied,zammel,53.5839,39.1438,85.7143
TN125354,El Ghazala,الغزالة,TN1253,Raoued,Ariana,North East,36.88258552,10.17916892,1.22327327,11,10,11239,3786,3564,72,150,9,11239,3398,2550,71.5488,48.0079,839,23.5410,-48.0079,175,4.9102,-66.6386,3564,saied,zammel,48.0079,30.2340,81.8182
TN125355,Raoued,روّاد,TN1253,Raoued,Ariana,North East,36.96013903,10.20523359,14.43718713,11,11,10297,2764,2962,20,101,10,10297,2764,2725,91.9986,85.2802,199,6.7184,-85.2802,38,1.2829,-90.7157,2962,saied,zammel,85.2802,26.8428,90.9091
TN125356,Bourj Ettouil,برج الطويل,TN1253,Raoued,Ariana,North East,36.92307769,10.13944987,17.79015823,7,7,8169,2073,2340,28,57,6,6983,2073,2139,91.4103,84.3162,166,7.0940,-84.3162,35,1.4957,-89.9145,2340,saied,zammel,84.3162,29.6864,85.7143
TN125357,Sidi Amor Bou Khtioua,سيدي عمر بوخطيوة,TN1253,Raoued,Ariana,North East,36.94026433,10.173564,9.6455986,8,8,8848,3156,3056,30,70,8,8848,3156,2846,93.1283,87.8272,162,5.3010,-87.8272,48,1.5707,-91.5576,3056,saied,zammel,87.8272,35.6691,100.0000
TN125451,Kalaat El Andalous Est,قلعة الاندلس الشرقية,TN1254,Kalaat El Andalous,Ariana,North East,37.06357054,10.14772051,60.23365238,7,7,7133,2034,1964,25,45,7,7133,2034,1842,93.7882,89.0020,94,4.7862,-89.0020,28,1.4257,-92.3625,1964,saied,zammel,89.0020,28.5154,100.0000
TN125452,Kalaat El Andalous Ouest,قلعة الاندلس الغربية,TN1254,Kalaat El Andalous,Ariana,North East,37.05756168,10.10519395,23.35052513,7,7,6874,2083,2254,20,57,6,5842,2083,2143,95.0754,91.5705,79,3.5049,-91.5705,32,1.4197,-93.6557,2254,saied,zammel,91.5705,35.6556,85.7143
TN125453,Pont De Bizerte,قنطرة بنزرت,TN1254,Kalaat El Andalous,Ariana,North East,36.99081845,10.07653244,29.42076148,2,2,2283,852,821,6,25,2,2283,852,776,94.5189,90.0122,37,4.5067,-90.0122,8,0.9744,-93.5445,821,saied,zammel,90.0122,37.3193,100.0000
TN125454,Bou Hanach,بوحنش,TN1254,Kalaat El Andalous,Ariana,North East,36.96121024,10.11713982,39.19534139,2,2,1528,290,552,10,12,1,733,290,486,88.0435,76.6304,63,11.4130,-76.6304,3,0.5435,-87.5000,552,saied,zammel,76.6304,39.5634,50.0000
TN125455,El Hessiane,الحسيان,TN1254,Kalaat El Andalous,Ariana,North East,36.98827072,10.18219721,29.19586706,2,2,748,348,325,6,17,2,748,348,319,98.1538,96.6154,5,1.5385,-96.6154,1,0.3077,-97.8462,325,saied,zammel,96.6154,46.5241,100.0000
TN125456,Ennahli,النحلي,TN1254,Kalaat El Andalous,Ariana,North East,36.90217702,10.12179226,7.9570271,2,2,1384,562,541,9,12,2,1384,562,508,93.9002,89.6488,23,4.2514,-89.6488,10,1.8484,-92.0518,541,saied,zammel,89.6488,40.6069,100.0000
TN125551,Sidi Thabet,سيدي ثابت,TN1255,Sidi Thabet,Ariana,North East,36.90201174,10.05866472,13.42915395,8,8,7227,2063,1987,26,50,8,7227,2063,1792,90.1862,82.5868,151,7.5994,-82.5868,44,2.2144,-87.9718,1987,saied,zammel,82.5868,28.5457,100.0000
TN125552,Bejaoua,بجاوة,TN1255,Sidi Thabet,Ariana,North East,36.86218009,10.01523459,13.46485245,2,2,2197,729,700,10,19,2,2197,729,653,93.2857,89.4286,27,3.8571,-89.4286,20,2.8571,-90.4286,700,saied,zammel,89.4286,33.1816,100.0000
TN125553,Mongi Slim,المنجي سليم,TN1255,Sidi Thabet,Ariana,North East,36.8950478,10.02586213,16.78854171,4,4,2841,1236,1176,10,50,4,2841,1236,1116,94.8980,90.3061,54,4.5918,-90.3061,6,0.5102,-94.3878,1176,saied,zammel,90.3061,43.5058,100.0000
TN125554,Cebalet Ben Ammar,سبالة بن عمار,TN1255,Sidi Thabet,Ariana,North East,36.91055471,10.09785342,20.21463293,5,5,4292,1743,1680,19,44,5,4292,1743,1575,93.7500,88.3333,91,5.4167,-88.3333,14,0.8333,-92.9167,1680,saied,zammel,88.3333,40.6104,100.0000
TN125555,Chorfech,شرفش,TN1255,Sidi Thabet,Ariana,North East,36.94902387,10.04994379,33.24588183,3,3,2511,865,828,5,32,3,2511,865,802,96.8599,95.1691,14,1.6908,-95.1691,12,1.4493,-95.4106,828,saied,zammel,95.1691,34.4484,100.0000
TN125651,Cite Ettadhamen,حي التضامن,TN1256,Ettadhamen,Ariana,North East,36.83262089,10.11310238,0.45467106,19,19,21547,6014,6165,88,197,18,20467,6014,5850,94.8905,90.9327,244,3.9578,-90.9327,71,1.1517,-93.7388,6165,saied,zammel,90.9327,29.3839,94.7368
TN125652,Ibn Khaldoun,ابن خلدون,TN1256,Ettadhamen,Ariana,North East,36.83692012,10.11224653,0.24334097,1,1,683,225,220,1,4,1,683,225,208,94.5455,90.0000,10,4.5455,-90.0000,2,0.9091,-93.6364,220,saied,zammel,90.0000,32.9429,100.0000
TN125654,18 Janvier,18جانفي,TN1256,Ettadhamen,Ariana,North East,36.83150334,10.10299281,0.47200235,18,18,20378,5884,5658,65,161,17,20378,5452,5330,94.2029,89.2542,280,4.9487,-89.2542,48,0.8484,-93.3545,5658,saied,zammel,89.2542,26.7543,94.4444
TN125655,20 Mars,20مارس,TN1256,Ettadhamen,Ariana,North East,36.8376046,10.10128182,0.36613573,6,6,6669,1445,1399,13,33,6,6669,1445,1339,95.7112,92.4232,46,3.2881,-92.4232,14,1.0007,-94.7105,1399,saied,zammel,92.4232,21.6674,100.0000
TN125656,Mongi Slim,منجي سليم,TN1256,Ettadhamen,Ariana,North East,36.84081907,10.09802486,0.18421188,5,5,4595,1810,1741,9,60,5,4595,1810,1668,95.8070,92.2458,62,3.5612,-92.2458,11,0.6318,-95.1752,1741,saied,zammel,92.2458,39.3906,100.0000
TN125658,Abulkassem Ech-Chebbi,ابو القاسم الشابي,TN1256,Ettadhamen,Ariana,North East,36.83872158,10.10785871,0.27806224,2,2,1724,445,424,11,10,2,1724,445,407,95.9906,92.4528,15,3.5377,-92.4528,2,0.4717,-95.5189,424,saied,zammel,92.4528,25.8121,100.0000
TN125659,Khaireddine Pacha,خير الدين باشا,TN1256,Ettadhamen,Ariana,North East,36.84217024,10.10421142,0.21381023,1,1,957,417,403,4,10,1,957,417,392,97.2705,94.7891,10,2.4814,-94.7891,1,0.2481,-97.0223,403,saied,zammel,94.7891,43.5737,100.0000
TN125751,El Mnihla,المنيهلة,TN1257,Mnihla,Ariana,North East,36.8674103,10.09970448,8.89234574,10,10,9472,2580,2467,42,71,9,9472,2285,2291,92.8658,87.0288,144,5.8370,-87.0288,32,1.2971,-91.5687,2467,saied,zammel,87.0288,24.1237,90.0000
TN125752,Errafaha,الرفاهة,TN1257,Mnihla,Ariana,North East,36.86663215,10.12920635,10.0476684,13,13,10802,4294,4152,47,95,11,10802,3591,3700,89.1137,80.1782,371,8.9355,-80.1782,81,1.9509,-87.1628,4152,saied,zammel,80.1782,33.2438,84.6154
TN125753,En-Nasr,النصر,TN1257,Mnihla,Ariana,North East,36.84218631,10.11189315,0.56769016,19,19,13318,3303,7081,91,157,6,6670,2257,6660,94.0545,89.3094,336,4.7451,-89.3094,85,1.2004,-92.8541,7081,saied,zammel,89.3094,33.8381,31.5789
TN125754,El-Bassatine,البساتين,TN1257,Mnihla,Ariana,North East,36.84568768,10.10101022,0.94958685,11,11,9263,3930,3766,60,104,9,9263,3217,3627,96.3091,93.4148,109,2.8943,-93.4148,30,0.7966,-95.5125,3766,saied,zammel,93.4148,34.7296,81.8182
TN125755,15 Octobre,15أكتوبر,TN1257,Mnihla,Ariana,North East,36.85660943,10.09115066,3.11221107,4,4,4683,1678,1613,9,56,4,4683,1678,1582,98.0781,96.7762,21,1.3019,-96.7762,10,0.6200,-97.4582,1613,saied,zammel,96.7762,35.8317,100.0000
TN135151,Ben Arous Est,بن عروس الشرقية,TN1351,Ben Arous,Ben Arous,North East,36.75773695,10.22464172,0.618739,8,8,7258,2447,2311,24,112,7,7258,2151,1994,86.2830,75.2055,256,11.0775,-75.2055,61,2.6395,-83.6434,2311,saied,zammel,75.2055,29.6363,87.5000
TN135152,Cite Ibn Arafa,حي ابن عرفة,TN1351,Ben Arous,Ben Arous,North East,36.76156038,10.22243975,0.36190302,1,1,839,217,210,1,6,1,839,217,195,92.8571,86.1905,14,6.6667,-86.1905,1,0.4762,-92.3810,210,saied,zammel,86.1905,25.8641,100.0000
TN135153,El Mehiri,المهيري,TN1351,Ben Arous,Ben Arous,North East,36.7524952,10.23547766,2.410353,3,3,3829,1150,1098,15,37,3,3829,1150,1012,92.1676,85.7923,70,6.3752,-85.7923,16,1.4572,-90.7104,1098,saied,zammel,85.7923,30.0340,100.0000
TN135154,Ben Arous Ouest,بن عروس الغربية,TN1351,Ben Arous,Ben Arous,North East,36.74698815,10.21745269,1.08429357,5,5,5591,2024,1908,28,88,5,5591,2024,1688,88.4696,79.0881,179,9.3816,-79.0881,41,2.1488,-86.3208,1908,saied,zammel,79.0881,36.2010,100.0000
TN135155,Sidi Ben Arous,سيدي بن عروس,TN1351,Ben Arous,Ben Arous,North East,36.75368576,10.21710229,0.81001217,7,7,6865,2049,1963,23,63,7,6865,2049,1676,85.3795,73.1024,241,12.2771,-73.1024,46,2.3434,-83.0362,1963,saied,zammel,73.1024,29.8471,100.0000
TN135156,Cite El Iskane,حي الاسكان,TN1351,Ben Arous,Ben Arous,North East,36.73773853,10.22397332,1.19433935,4,4,4170,916,890,8,18,4,4170,916,806,90.5618,83.1461,66,7.4157,-83.1461,18,2.0225,-88.5393,890,saied,zammel,83.1461,21.9664,100.0000
TN135251,La Nouvelle Medina (1),المدينة الجديدة 1,TN1352,Nouvelle Médina,Ben Arous,North East,36.75105572,10.24739131,0.40877267,6,6,7483,1206,1426,17,37,5,6235,1206,1243,87.1669,76.0870,158,11.0799,-76.0870,25,1.7532,-85.4137,1426,saied,zammel,76.0870,19.3424,83.3333
TN135252,La Nouvelle Medina (2),المدينة الجديدة 2,TN1352,Nouvelle Médina,Ben Arous,North East,36.74372207,10.26071047,1.43330848,5,5,5070,1967,1874,33,60,5,5070,1967,1473,78.6019,61.0459,329,17.5560,-61.0459,72,3.8420,-74.7599,1874,saied,zammel,61.0459,38.7968,100.0000
TN135253,Sidi Mosbah,سيدي مصباح,TN1352,Nouvelle Médina,Ben Arous,North East,36.74362308,10.23917437,0.52988565,10,10,9693,3085,2931,43,107,9,9693,2639,2597,88.6046,79.5292,266,9.0754,-79.5292,68,2.3200,-86.2845,2931,saied,zammel,79.5292,27.2258,90.0000
TN135254,El Yasminet,الياسمينات,TN1352,Nouvelle Médina,Ben Arous,North East,36.72855998,10.24228527,3.39133243,16,16,14356,4630,4430,73,126,14,14356,3863,3950,89.1648,80.2257,396,8.9391,-80.2257,84,1.8962,-87.2686,4430,saied,zammel,80.2257,26.9086,87.5000
TN135255,Errabta,الرابطة,TN1352,Nouvelle Médina,Ben Arous,North East,36.73818314,10.24896068,2.31932293,7,7,8501,2713,2566,42,105,7,8501,2713,2192,85.4248,73.8114,298,11.6134,-73.8114,76,2.9618,-82.4630,2566,saied,zammel,73.8114,31.9139,100.0000
TN135351,El Mourouj (1),المروج 1,TN1353,El Mourouj,Ben Arous,North East,36.73071734,10.19890641,1.63122644,16,16,17033,5175,4943,92,140,15,17033,4887,4025,81.4283,66.2958,748,15.1325,-66.2958,170,3.4392,-77.9891,4943,saied,zammel,66.2958,28.6914,93.7500
TN135352,El Mourouj (3),المروج 3,TN1353,El Mourouj,Ben Arous,North East,36.72719977,10.20964371,2.87021336,20,20,18421,5855,5612,85,158,18,18421,5324,4576,81.5396,66.1974,861,15.3421,-66.1974,175,3.1183,-78.4212,5612,saied,zammel,66.1974,28.9018,90.0000
TN135353,El Mourouj (4),المروج 4,TN1353,El Mourouj,Ben Arous,North East,36.71660009,10.20486897,1.11801487,10,10,10805,3340,3218,38,84,9,10805,3079,2638,81.9764,67.2467,474,14.7296,-67.2467,106,3.2940,-78.6824,3218,saied,zammel,67.2467,28.4961,90.0000
TN135354,El Mourouj (5),المروج 5,TN1353,El Mourouj,Ben Arous,North East,36.70488242,10.21615526,5.11272393,19,19,17533,6885,6620,99,166,16,17533,5780,5721,86.4199,75.0906,750,11.3293,-75.0906,149,2.2508,-84.1692,6620,saied,zammel,75.0906,32.9664,84.2105
TN135355,Bir Kassaa,بئر القصعة,TN1353,El Mourouj,Ben Arous,North East,36.73909117,10.21121384,0.88074242,2,2,1924,789,748,13,27,2,1924,789,650,86.8984,77.4064,71,9.4920,-77.4064,27,3.6096,-83.2888,748,saied,zammel,77.4064,41.0083,100.0000
TN135356,Farhat Hached,فرحات حشاد,TN1353,El Mourouj,Ben Arous,North East,36.72119576,10.23109317,4.39041155,5,5,5066,1891,1797,19,75,5,5066,1891,1658,92.2649,86.2549,108,6.0100,-86.2549,31,1.7251,-90.5398,1797,saied,zammel,86.2549,37.3273,100.0000
TN135451,Hammam Lif Ville,حمام الانف المدينة,TN1354,Hammam Lif,Ben Arous,North East,36.72718988,10.33171449,1.13547337,16,16,15894,4115,3890,54,171,14,15894,3540,3385,87.0180,76.4010,413,10.6170,-76.4010,92,2.3650,-84.6530,3890,saied,zammel,76.4010,22.2726,87.5000
TN135452,Hammem Lif Ville 2,حمام الانف المدينة 2,TN1354,Hammam Lif,Ben Arous,North East,36.72944129,10.34219353,0.3190657,1,1,643,272,256,5,11,1,643,272,221,86.3281,76.5625,25,9.7656,-76.5625,10,3.9062,-82.4219,256,saied,zammel,76.5625,42.3017,100.0000
TN135453,Hammem Lif Bou Kornine,حمام الانف بوقرنين,TN1354,Hammam Lif,Ben Arous,North East,36.73542141,10.32880221,0.64573989,6,6,6537,2144,2034,38,72,6,6537,2144,1793,88.1514,78.4169,198,9.7345,-78.4169,43,2.1141,-86.0374,2034,saied,zammel,78.4169,32.7979,100.0000
TN135454,Farhat Hached,فرحات حشاد,TN1354,Hammam Lif,Ben Arous,North East,36.72587034,10.32128543,1.39162804,1,1,900,226,208,1,17,1,900,226,193,92.7885,86.5385,13,6.2500,-86.5385,2,0.9615,-91.8269,208,saied,zammel,86.5385,25.1111,100.0000
TN135455,Hammam Lif El Malaab,حمام الانف الملعب,TN1354,Hammam Lif,Ben Arous,North East,36.7246596,10.35154296,0.79359374,5,5,4553,2407,2283,26,98,4,4553,1915,2033,89.0495,80.1139,204,8.9356,-80.1139,46,2.0149,-87.0346,2283,saied,zammel,80.1139,42.0602,80.0000
TN135456,Cite Mohamed Ali,حي محمد علي,TN1354,Hammam Lif,Ben Arous,North East,36.71183094,10.3359033,7.05945774,6,6,5883,2324,2216,20,88,6,5883,2324,1984,89.5307,80.5054,200,9.0253,-80.5054,32,1.4440,-88.0866,2216,saied,zammel,80.5054,39.5037,100.0000
TN135551,Bir El Bey,بئر الباي,TN1355,Hammam Chott,Ben Arous,North East,36.70271486,10.37001478,6.20312267,6,6,5517,2094,1995,24,75,6,5517,2094,1842,92.3308,86.0652,125,6.2657,-86.0652,28,1.4035,-90.9273,1995,saied,zammel,86.0652,37.9554,100.0000
TN135552,Borj Cedria,برج السدرية,TN1355,Hammam Chott,Ben Arous,North East,36.68012817,10.38117342,18.91323191,10,10,10836,4058,3872,54,132,9,10836,3652,3427,88.5072,79.2872,357,9.2200,-79.2872,88,2.2727,-86.2345,3872,saied,zammel,79.2872,33.7025,90.0000
TN135553,Hammem Chatt,حمام الشط,TN1355,Hammam Chott,Ben Arous,North East,36.71653959,10.36527581,1.59984535,9,9,10821,3403,3244,45,114,9,10821,3403,2721,83.8779,72.1332,381,11.7448,-72.1332,142,4.3773,-79.5006,3244,saied,zammel,72.1332,31.4481,100.0000
TN135651,Bou Mhel,بومهل,TN1356,Boumhel,Ben Arous,North East,36.71444089,10.31127879,4.40052377,9,9,9877,3714,3561,59,94,8,9877,3271,2772,77.8433,59.0003,671,18.8430,-59.0003,118,3.3137,-74.5296,3561,saied,zammel,59.0003,33.1173,88.8889
TN135652,El Bassatine,البساتين,TN1356,Boumhel,Ben Arous,North East,36.72820659,10.29314892,5.1139157,11,11,11136,3691,3531,48,112,10,11136,3334,2945,83.4041,69.5270,490,13.8771,-69.5270,96,2.7188,-80.6854,3531,saied,zammel,69.5270,29.9389,90.9091
TN135653,Chela,شالة,TN1356,Boumhel,Ben Arous,North East,36.70537385,10.29824506,5.58554124,6,6,4794,1541,1867,24,42,5,4794,1541,1700,91.0552,83.6636,138,7.3915,-83.6636,29,1.5533,-89.5019,1867,saied,zammel,83.6636,32.1443,83.3333
TN135654,El Bassatine El Gharbya,البساتين الغربية,TN1356,Boumhel,Ben Arous,North East,36.72755112,10.26821032,5.0722371,2,2,2380,1011,950,30,29,2,2380,1011,913,96.1053,92.7368,32,3.3684,-92.7368,5,0.5263,-95.5789,950,saied,zammel,92.7368,42.4790,100.0000
TN135751,Ez-Zahra Ville,الزهراء المدينة,TN1357,Ezzahra,Ben Arous,North East,36.74915353,10.30829523,2.12810452,10,10,11891,2787,2646,57,84,10,11891,2787,2037,76.9841,58.0121,502,18.9720,-58.0121,107,4.0438,-72.9403,2646,saied,zammel,58.0121,23.4379,100.0000
TN135752,Cite El Habib,حي الحبيب,TN1357,Ezzahra,Ben Arous,North East,36.73953091,10.30949366,1.42823256,10,10,10138,3502,3329,56,117,10,10138,3502,2781,83.5386,69.8408,456,13.6978,-69.8408,92,2.7636,-80.7750,3329,saied,zammel,69.8408,34.5433,100.0000
TN135753,18 Janvier,18جانفي,TN1357,Ezzahra,Ben Arous,North East,36.74581674,10.30038561,0.86460154,6,6,5137,2560,2403,43,114,5,5137,2074,2002,83.3125,69.5381,331,13.7744,-69.5381,70,2.9130,-80.3995,2403,saied,zammel,69.5381,40.3738,83.3333
TN135754,Borj El Louzir,برج الوزير,TN1357,Ezzahra,Ben Arous,North East,36.74633558,10.28747016,2.58049594,2,2,2593,961,935,5,21,2,2593,961,891,95.2941,91.9786,31,3.3155,-91.9786,13,1.3904,-93.9037,935,saied,zammel,91.9786,37.0613,100.0000
TN135851,Rades Ville,رادس المدينة,TN1358,Radès,Ben Arous,North East,36.76364237,10.26667423,1.59051513,13,13,12322,3142,2985,52,103,11,12322,2574,2446,81.9430,67.1357,442,14.8074,-67.1357,97,3.2496,-78.6935,2985,saied,zammel,67.1357,20.8895,84.6154
TN135852,Rades Mellaha,رادس الملاحة,TN1358,Radès,Ben Arous,North East,36.78975207,10.2720367,6.37454445,5,5,5290,1286,1239,16,31,5,5290,1286,1184,95.5609,92.0904,43,3.4705,-92.0904,12,0.9685,-94.5924,1239,saied,zammel,92.0904,24.3100,100.0000
TN135853,Taieb Mehiri,الطيب المهيري,TN1358,Radès,Ben Arous,North East,36.78308904,10.27990318,2.02718758,6,6,6368,2504,2393,26,85,6,6368,2504,2203,92.0602,85.1233,166,6.9369,-85.1233,24,1.0029,-91.0573,2393,saied,zammel,85.1233,39.3216,100.0000
TN135854,Rades Remada,رادس رمادة,TN1358,Radès,Ben Arous,North East,36.7747284,10.27789745,1.07103702,9,9,8252,3317,3156,54,107,9,8252,3317,2689,85.2028,72.8771,389,12.3257,-72.8771,78,2.4715,-82.7313,3156,saied,zammel,72.8771,40.1963,100.0000
TN135855,Mongi Slim,المنجي سليم,TN1358,Radès,Ben Arous,North East,36.77089335,10.26965316,0.43248532,1,1,995,390,368,3,19,1,995,390,317,86.1413,73.9130,45,12.2283,-73.9130,6,1.6304,-84.5109,368,saied,zammel,73.9130,39.1960,100.0000
TN135856,Rades Foret,رادس الغابة,TN1358,Radès,Ben Arous,North East,36.7530329,10.2657049,4.91887103,3,3,3311,1196,1149,26,21,3,3311,1196,891,77.5457,59.2689,210,18.2768,-59.2689,48,4.1775,-73.3681,1149,saied,zammel,59.2689,36.1220,100.0000
TN135857,Rades Meliane,رادس مليان,TN1358,Radès,Ben Arous,North East,36.76481693,10.28787589,2.90859075,5,5,5645,1952,1855,38,59,5,5645,1952,1419,76.4960,56.9811,362,19.5148,-56.9811,74,3.9892,-72.5067,1855,saied,zammel,56.9811,34.5793,100.0000
TN135858,Noubou,نوبو,TN1358,Radès,Ben Arous,North East,36.7577637,10.27917588,0.41897151,2,2,2063,788,735,10,43,2,2063,788,660,89.7959,81.6327,60,8.1633,-81.6327,15,2.0408,-87.7551,735,saied,zammel,81.6327,38.1968,100.0000
TN135951,Megrine Superieure,مقرين العليا,TN1359,Mégrine,Ben Arous,North East,36.77583731,10.25184874,3.29882347,5,5,3127,1687,1996,49,88,2,2074,877,1500,75.1503,54.0080,422,21.1423,-54.0080,74,3.7074,-71.4429,1996,saied,zammel,54.0080,42.2854,40.0000
TN135952,Megrine Riadh,مقرين الرياض,TN1359,Mégrine,Ben Arous,North East,36.77046329,10.22326114,1.16757216,3,3,2291,959,894,20,19,3,2291,959,778,87.0246,76.2864,96,10.7383,-76.2864,20,2.2371,-84.7875,894,saied,zammel,76.2864,41.8595,100.0000
TN135953,Jawhara,جوهرة,TN1359,Mégrine,Ben Arous,North East,36.7786472,10.22015185,1.50495008,3,3,3428,1203,1134,31,38,3,3428,1203,949,83.6861,69.7531,158,13.9330,-69.7531,27,2.3810,-81.3051,1134,saied,zammel,69.7531,35.0933,100.0000
TN135954,Menzel Mabrouk,منزل مبروك,TN1359,Mégrine,Ben Arous,North East,36.77630996,10.23257415,0.38358166,1,1,503,229,219,2,8,1,503,229,185,84.4749,75.3425,20,9.1324,-75.3425,14,6.3927,-78.0822,219,saied,zammel,75.3425,45.5268,100.0000
TN135955,Megrine Chaker,مقرين شاكر,TN1359,Mégrine,Ben Arous,North East,36.78078238,10.23923834,1.84928012,5,3,1150,261,689,8,6,1,1150,261,643,93.3237,87.8084,38,5.5152,-87.8084,8,1.1611,-92.1626,689,saied,zammel,87.8084,22.6957,20.0000
TN135956,Megrine Chaker (2),مقرين شاكر2,TN1359,Mégrine,Ben Arous,North East,36.78274668,10.22750686,0.53344582,3,3,3383,1167,1112,21,34,3,3383,1167,1057,95.0540,90.9173,46,4.1367,-90.9173,9,0.8094,-94.2446,1112,saied,zammel,90.9173,34.4960,100.0000
TN135957,Sidi Rezig,سيدي رزيق,TN1359,Mégrine,Ben Arous,North East,36.76361928,10.24857717,0.45127969,2,2,2278,778,745,9,24,2,2278,778,537,72.0805,47.2483,185,24.8322,-47.2483,23,3.0872,-68.9933,745,saied,zammel,47.2483,34.1528,100.0000
TN135958,Sidi Rezig (2),سيدي رزيق 2,TN1359,Mégrine,Ben Arous,North East,36.76222993,10.2388118,1.48926223,1,1,546,225,219,2,4,1,546,225,174,79.4521,63.0137,36,16.4384,-63.0137,9,4.1096,-75.3425,219,saied,zammel,63.0137,41.2088,100.0000
TN136051,Mohamedia,المحمدية,TN1360,M'Hamdia,Ben Arous,North East,36.67475086,10.14644394,4.1438008,17,17,16104,3719,4162,50,126,15,15050,3719,3851,92.5276,86.2566,261,6.2710,-86.2566,50,1.2013,-91.3263,4162,saied,zammel,86.2566,24.7110,88.2353
TN136052,Mongi Selim,المنجي سليم,TN1360,M'Hamdia,Ben Arous,North East,36.69078051,10.15087749,0.76844004,10,10,8067,3399,3276,33,90,9,8067,3025,3135,95.6960,92.2466,113,3.4493,-92.2466,28,0.8547,-94.8413,3276,saied,zammel,92.2466,37.4985,90.0000
TN136053,Cite Es-Saada,حي السعادة,TN1360,M'Hamdia,Ben Arous,North East,36.65575823,10.16398614,10.95850554,11,11,10195,3245,3431,38,104,10,9210,3245,3205,93.4130,88.2833,176,5.1297,-88.2833,50,1.4573,-91.9557,3431,saied,zammel,88.2833,35.2334,90.9091
TN136054,Cite El Nassim,حي النسيم,TN1360,M'Hamdia,Ben Arous,North East,36.67366532,10.18168455,9.87115272,11,11,10011,3813,3672,45,96,10,10011,3575,3351,91.2582,84.5316,247,6.7266,-84.5316,74,2.0153,-89.2429,3672,saied,zammel,84.5316,35.7107,90.9091
TN136055,Sidi Frej,سيدي فرج,TN1360,M'Hamdia,Ben Arous,North East,36.64530469,10.09548984,72.64100681,2,2,1776,669,646,8,15,2,1776,669,621,96.1300,93.8080,15,2.3220,-93.8080,10,1.5480,-94.5820,646,saied,zammel,93.8080,37.6689,100.0000
TN136151,Fouchana,فوشانة,TN1361,Fouchana,Ben Arous,North East,36.69470867,10.17247775,4.92634248,12,12,13295,4202,4031,39,132,11,13295,3752,3733,92.6073,86.1821,259,6.4252,-86.1821,39,0.9675,-91.6398,4031,saied,zammel,86.1821,28.2211,91.6667
TN136152,Cite El Mostakbel,حي المستقبل,TN1361,Fouchana,Ben Arous,North East,36.69624304,10.15871846,1.27290847,7,7,6609,2290,2452,21,88,6,6609,2290,2258,92.0881,85.6036,159,6.4845,-85.6036,35,1.4274,-90.6607,2452,saied,zammel,85.6036,34.6497,85.7143
TN136153,El Hidhab,الهضاب,TN1361,Fouchana,Ben Arous,North East,36.70373128,10.18049154,8.97594094,11,11,9640,3667,3797,43,123,10,9640,3667,3390,89.2810,80.5109,333,8.7701,-80.5109,74,1.9489,-87.3321,3797,saied,zammel,80.5109,38.0394,90.9091
TN136154,El Mghira,المغيرة,TN1361,Fouchana,Ben Arous,North East,36.72115029,10.15609085,8.51363926,5,5,4211,1592,1522,20,50,5,4211,1592,1400,91.9842,85.3482,101,6.6360,-85.3482,21,1.3798,-90.6045,1522,saied,zammel,85.3482,37.8057,100.0000
TN136155,Naassen,نعسان,TN1361,Fouchana,Ben Arous,North East,36.69710922,10.23534346,3.77184549,14,14,13451,4301,4507,48,130,12,13451,4001,4372,97.0047,94.6306,107,2.3741,-94.6306,28,0.6213,-96.3834,4507,saied,zammel,94.6306,29.7450,85.7143
TN136156,Chebeda,شبدّة,TN1361,Fouchana,Ben Arous,North East,36.67350082,10.21830363,8.29708781,3,3,1995,1434,1374,21,39,2,1995,900,1320,96.0699,92.7948,45,3.2751,-92.7948,9,0.6550,-95.4148,1374,saied,zammel,92.7948,45.1128,66.6667
TN136157,Douar Elhouch,دوار الحوش,TN1361,Fouchana,Ben Arous,North East,36.68413409,10.22639722,3.04510364,3,3,2079,907,874,11,22,3,2079,907,843,96.4531,94.0503,21,2.4027,-94.0503,10,1.1442,-95.3089,874,saied,zammel,94.0503,43.6267,100.0000
TN136251,Mornag,مرناق,TN1362,Mornag,Ben Arous,North East,36.66721303,10.29794079,10.04535827,13,13,14740,3505,3350,54,101,13,14740,3505,2930,87.4627,76.8358,356,10.6269,-76.8358,64,1.9104,-85.5522,3350,saied,zammel,76.8358,23.7788,100.0000
TN136252,Mornag Ouest,مرناق الغربية,TN1362,Mornag,Ben Arous,North East,36.66386866,10.2849312,7.0470984,5,5,5627,2091,2005,19,67,5,5627,2091,1846,92.0698,85.5362,131,6.5337,-85.5362,28,1.3965,-90.6733,2005,saied,zammel,85.5362,37.1601,100.0000
TN136253,Khelidia,الخليلدية,TN1362,Mornag,Ben Arous,North East,36.62673485,10.15499788,23.40792011,4,4,4195,1037,996,14,27,4,4195,1037,945,94.8795,90.3614,45,4.5181,-90.3614,6,0.6024,-94.2771,996,saied,zammel,90.3614,24.7199,100.0000
TN136254,Ez-Zaouia,الزاوية,TN1362,Mornag,Ben Arous,North East,36.70586959,10.27309705,6.95155719,4,4,3422,1735,1665,22,48,3,3422,1274,1578,94.7748,90.6306,69,4.1441,-90.6306,18,1.0811,-93.6937,1665,saied,zammel,90.6306,37.2297,75.0000
TN136255,Djebel Ressas,جبل الرصاص,TN1362,Mornag,Ben Arous,North East,36.60315426,10.33016771,31.02864241,3,3,2907,1232,1173,20,39,3,2907,1232,1141,97.2720,95.2259,24,2.0460,-95.2259,8,0.6820,-96.5899,1173,saied,zammel,95.2259,42.3805,100.0000
TN136256,Sidi Salem El Garsi,سيدي سالم القارصي,TN1362,Mornag,Ben Arous,North East,36.49460492,10.30489395,54.86790072,2,2,1297,454,423,5,26,2,1297,454,395,93.3806,87.7069,24,5.6738,-87.7069,4,0.9456,-92.4350,423,saied,zammel,87.7069,35.0039,100.0000
TN136257,Kabouti,الكبوطي,TN1362,Mornag,Ben Arous,North East,36.56241464,10.32832218,44.81640619,2,2,1885,704,671,5,28,2,1885,704,658,98.0626,96.8703,8,1.1923,-96.8703,5,0.7452,-97.3174,671,saied,zammel,96.8703,37.3475,100.0000
TN136258,Ain Rekad,عين رقاد,TN1362,Mornag,Ben Arous,North East,36.53003376,10.22580274,36.21047368,2,2,165,566,545,9,12,1,165,64,516,94.6789,90.0917,25,4.5872,-90.0917,4,0.7339,-93.9450,545,saied,zammel,90.0917,38.7879,50.0000
TN136259,El Gounna,القنة,TN1362,Mornag,Ben Arous,North East,36.5633484,10.18947899,23.69549777,1,1,818,306,288,10,8,1,818,306,281,97.5694,95.8333,5,1.7361,-95.8333,2,0.6944,-96.8750,288,saied,zammel,95.8333,37.4083,100.0000
TN136260,Sidi Saad,سيدي سعد,TN1362,Mornag,Ben Arous,North East,36.67557914,10.24921124,23.42494757,4,4,1998,1445,1393,9,43,2,1998,621,1338,96.0517,92.6777,47,3.3740,-92.6777,8,0.5743,-95.4774,1393,saied,zammel,92.6777,31.0811,50.0000
TN136261,Essalem,السلام,TN1362,Mornag,Ben Arous,North East,36.61968546,10.23377145,26.86792139,4,4,2114,963,1197,7,51,2,2114,596,1148,95.9064,92.8989,36,3.0075,-92.8989,13,1.0860,-94.8204,1197,saied,zammel,92.8989,28.1930,50.0000
TN136262,Errisala,الرسالة,TN1362,Mornag,Ben Arous,North East,36.66276079,10.33805188,39.81796932,3,3,3126,1051,1006,21,23,3,3126,1051,920,91.4513,85.2883,62,6.1630,-85.2883,24,2.3857,-89.0656,1006,saied,zammel,85.2883,33.6212,100.0000
TN136263,Oudna,أوذنة,TN1362,Mornag,Ben Arous,North East,36.60005327,10.18214428,31.72443143,3,3,2320,1063,1021,8,34,3,2320,1063,992,97.1596,94.7111,25,2.4486,-94.7111,4,0.3918,-96.7679,1021,saied,zammel,94.7111,45.8190,100.0000
TN136264,El Kessibi,القصيبي,TN1362,Mornag,Ben Arous,North East,36.59464681,10.27564457,37.79685093,2,2,1353,571,553,7,11,2,1353,571,534,96.5642,94.0325,14,2.5316,-94.0325,5,0.9042,-95.6600,553,saied,zammel,94.0325,42.2025,100.0000
TN145151,Manouba,منوبة,TN1451,Manouba,Manubah,North East,36.8131516,10.09174526,1.69920548,17,17,18509,5769,5804,96,215,14,17227,5085,4701,80.9959,65.3515,908,15.6444,-65.3515,195,3.3598,-77.6361,5804,saied,zammel,65.3515,29.5176,82.3529
TN145152,Manouba Centre,منوبة الوسطى,TN1451,Manouba,Manubah,North East,36.80804641,10.10251569,0.89020183,6,6,6380,1834,2103,32,74,4,5104,1513,1728,82.1683,68.4736,288,13.6947,-68.4736,87,4.1369,-78.0314,2103,saied,zammel,68.4736,29.6434,66.6667
TN145153,Sidi Amor,سيدي عمر,TN1451,Manouba,Manubah,North East,36.81018003,10.07325696,6.10064672,6,6,5738,2227,2130,32,65,6,5738,2227,1851,86.9014,76.5728,220,10.3286,-76.5728,59,2.7700,-84.1315,2130,saied,zammel,76.5728,38.8114,100.0000
TN145154,Den-Den,الدندان,TN1451,Manouba,Manubah,North East,36.80533397,10.11307348,0.61770977,15,15,13650,3605,4397,67,121,10,11060,3113,3794,86.2861,75.0967,492,11.1894,-75.0967,111,2.5244,-83.7617,4397,saied,zammel,75.0967,28.1465,66.6667
TN145155,Ksar-Said,قصر سعيد,TN1451,Manouba,Manubah,North East,36.81666397,10.11081,2.14587779,5,5,5216,1840,1731,32,77,5,5216,1840,1453,83.9399,71.1727,221,12.7672,-71.1727,57,3.2929,-80.6470,1731,saied,zammel,71.1727,35.2761,100.0000
TN145156,Den-Den Sud,الدندان الجنوبي,TN1451,Manouba,Manubah,North East,36.79956449,10.11161305,0.71377347,3,3,1677,719,684,10,25,3,1677,719,638,93.2749,88.4503,33,4.8246,-88.4503,13,1.9006,-91.3743,684,saied,zammel,88.4503,42.8742,100.0000
TN145251,Douar Hicher,دوار هيشر,TN1452,Douar Hicher,Manubah,North East,36.82161245,10.09695495,1.51758377,17,17,18661,3864,5174,48,191,12,12865,3864,4902,94.7429,90.2010,235,4.5419,-90.2010,37,0.7151,-94.0278,5174,saied,zammel,90.2010,30.0350,70.5882
TN145252,Khaled Ibn El Oualid,خالد بن الوليد,TN1452,Douar Hicher,Manubah,North East,36.82673507,10.08219745,0.45254174,15,15,15365,4271,4702,46,232,12,13974,3937,4468,95.0234,91.1314,183,3.8920,-91.1314,51,1.0846,-93.9387,4702,saied,zammel,91.1314,28.1738,80.0000
TN145253,Cite Er-Riadh,حي الرياض,TN1452,Douar Hicher,Manubah,North East,36.82601871,10.07298921,1.61550749,8,8,6991,3023,2851,34,138,7,6991,2613,2677,93.8969,88.9162,142,4.9807,-88.9162,32,1.1224,-92.7745,2851,saied,zammel,88.9162,37.3766,87.5000
TN145254,Cite Ennassim,حي النسيم,TN1452,Douar Hicher,Manubah,North East,36.83011679,10.09162489,0.97668676,2,2,2021,448,732,15,56,1,1011,448,711,97.1311,94.9454,16,2.1858,-94.9454,5,0.6831,-96.4481,732,saied,zammel,94.9454,44.3126,50.0000
TN145255,Cite Ech-Chabeb,حي الشباب,TN1452,Douar Hicher,Manubah,North East,36.84292779,10.08048883,4.52653788,9,9,9201,3272,3132,25,115,8,9201,2999,3008,96.0409,92.8799,99,3.1609,-92.8799,25,0.7982,-95.2427,3132,saied,zammel,92.8799,32.5943,88.8889
TN145351,Oued Ellil,وادي الليل,TN1453,Oued Ellil,Manubah,North East,36.83253622,10.04022431,5.67569049,7,7,8355,2458,2342,30,86,7,8355,2458,2067,88.2579,78.8642,220,9.3937,-78.8642,55,2.3484,-85.9095,2342,saied,zammel,78.8642,29.4195,100.0000
TN145352,Es Saida,السعيدة,TN1453,Oued Ellil,Manubah,North East,36.82189684,9.97331773,4.15359961,6,6,5894,1865,1768,30,67,6,5894,1865,1676,94.7964,90.2149,81,4.5814,-90.2149,11,0.6222,-94.1742,1768,saied,zammel,90.2149,31.6423,100.0000
TN145353,Er Riadh,الرياض,TN1453,Oued Ellil,Manubah,North East,36.82526665,9.99058879,6.04989485,2,2,2056,946,907,10,29,2,2056,946,848,93.4950,88.6439,44,4.8512,-88.6439,15,1.6538,-91.8412,907,saied,zammel,88.6439,46.0117,100.0000
TN145354,Cite El Ouerd,حي الورد,TN1453,Oued Ellil,Manubah,North East,36.84403196,10.00934386,6.75877548,8,8,6362,2885,2744,29,112,7,6362,2562,2544,92.7114,87.3178,148,5.3936,-87.3178,52,1.8950,-90.8163,2744,saied,zammel,87.3178,40.2704,87.5000
TN145355,Ennajet,النجاة,TN1453,Oued Ellil,Manubah,North East,36.85311837,10.05361416,12.5884566,13,13,16179,3978,4552,55,183,11,13481,3978,4179,91.8058,85.4569,289,6.3489,-85.4569,84,1.8453,-89.9605,4552,saied,zammel,85.4569,29.5082,84.6154
TN145356,Sanhaja,صنهاجة,TN1453,Oued Ellil,Manubah,North East,36.81163507,10.02417067,21.0437523,5,5,4084,1386,1625,12,91,4,4084,1386,1542,94.8923,91.0769,62,3.8154,-91.0769,21,1.2923,-93.6000,1625,saied,zammel,91.0769,33.9373,80.0000
TN145357,El Kobbaa,القباعة,TN1453,Oued Ellil,Manubah,North East,36.82086281,10.06023932,1.51966742,7,7,6789,2502,2704,39,150,5,5640,2104,2576,95.2663,91.3092,107,3.9571,-91.3092,21,0.7766,-94.4896,2704,saied,zammel,91.3092,37.3050,71.4286
TN145451,Mornaguia,المرناقية,TN1454,Mornaguia,Manubah,North East,36.77077916,10.01255562,6.76103066,14,14,15159,3418,3765,66,169,12,12934,3418,3328,88.3931,78.2205,383,10.1726,-78.2205,54,1.4343,-86.9588,3765,saied,zammel,78.2205,26.4265,85.7143
TN145452,20 Mars,20مارس,TN1454,Mornaguia,Manubah,North East,36.76152129,9.99503471,5.49692708,3,3,3468,502,1403,19,74,1,1156,502,1278,91.0905,83.0364,113,8.0542,-83.0364,12,0.8553,-90.2352,1403,saied,zammel,83.0364,43.4256,33.3333
TN145453,Bouragba,بورقبة,TN1454,Mornaguia,Manubah,North East,36.73272875,10.02392311,16.46120678,2,2,2119,1010,967,19,24,2,2119,1010,944,97.6215,96.0703,15,1.5512,-96.0703,8,0.8273,-96.7942,967,saied,zammel,96.0703,47.6640,100.0000
TN145454,El Fejja,الفجة,TN1454,Mornaguia,Manubah,North East,36.6494269,9.96593716,124.2847643,2,2,2122,822,752,9,61,2,2122,822,720,95.7447,91.8883,29,3.8564,-91.8883,3,0.3989,-95.3457,752,saied,zammel,91.8883,38.7370,100.0000
TN145455,Sidi Ali El Hattab,سيدي علي الحطاب,TN1454,Mornaguia,Manubah,North East,36.74615748,9.97712139,20.05383761,2,2,1930,680,649,6,25,2,1930,680,604,93.0663,87.0570,39,6.0092,-87.0570,6,0.9245,-92.1418,649,saied,zammel,87.0570,35.2332,100.0000
TN145456,Hmaiem,حميم,TN1454,Mornaguia,Manubah,North East,36.67480382,10.04939165,58.20192203,3,3,2544,1065,1014,17,34,3,2544,1065,988,97.4359,95.9566,11,1.0848,-96.3511,15,1.4793,-95.9566,1014,saied,maghzaoui,95.9566,41.8632,100.0000
TN145457,El Bassatine,البساتين,TN1454,Mornaguia,Manubah,North East,36.76218049,9.92445528,27.82847891,4,4,2653,1125,1281,20,64,3,2653,1125,1215,94.8478,90.7884,52,4.0593,-90.7884,14,1.0929,-93.7549,1281,saied,zammel,90.7884,42.4048,75.0000
TN145458,Mornaguia Nord,المرناقية الشمالية,TN1454,Mornaguia,Manubah,North East,36.7544,10.02471826,1.4278138,2,2,1865,702,673,10,19,2,1865,702,598,88.8559,79.3462,64,9.5097,-79.3462,11,1.6345,-87.2214,673,saied,zammel,79.3462,37.6408,100.0000
TN145551,Borj El Amri,برج العامري,TN1455,Borj El Amri,Manubah,North East,36.73024029,9.88589477,33.81985639,9,9,7962,2250,2854,22,179,7,6893,2250,2714,95.0946,91.6258,99,3.4688,-91.6258,41,1.4366,-93.6580,2854,saied,zammel,91.6258,32.6418,77.7778
TN145552,Menzel Habib,منزل الحبيب,TN1455,Borj El Amri,Manubah,North East,36.64317571,9.87312517,68.43092504,3,3,1244,698,660,5,33,2,1244,495,652,98.7879,97.8788,6,0.9091,-97.8788,2,0.3030,-98.4848,660,saied,zammel,97.8788,39.7910,66.6667
TN145553,Borj Ennour,برج النور,TN1455,Borj El Amri,Manubah,North East,36.69158813,9.80290031,38.40013061,3,3,2185,879,850,3,26,3,2185,879,831,97.7647,96.5882,10,1.1765,-96.5882,9,1.0588,-96.7059,850,saied,zammel,96.5882,40.2288,100.0000
TN145554,El Moussadine,المساعدين,TN1455,Borj El Amri,Manubah,North East,36.7029372,9.83825816,35.19725319,3,3,2856,1007,960,14,33,3,2856,1007,921,95.9375,93.3333,25,2.6042,-93.3333,14,1.4583,-94.4792,960,saied,zammel,93.3333,35.2591,100.0000
TN145651,Djedaida,الجديدة,TN1456,Jedaida,Manubah,North East,36.84490228,9.90616748,9.71242918,14,14,15357,4709,4430,45,234,14,15357,4709,4219,95.2370,91.5576,163,3.6795,-91.5576,48,1.0835,-94.1535,4430,saied,zammel,91.5576,30.6635,100.0000
TN145652,Djedaida Hached,الجديدة حشاد,TN1456,Jedaida,Manubah,North East,36.86721334,9.89192814,31.23630289,5,5,5248,1208,1962,23,98,3,2766,1208,1811,92.3038,85.7798,128,6.5240,-85.7798,23,1.1723,-91.1315,1962,saied,zammel,85.7798,43.6732,60.0000
TN145653,Chaouat,شواط,TN1456,Jedaida,Manubah,North East,36.90626165,9.94335706,81.95066046,5,5,5414,1668,1587,12,69,5,5414,1668,1527,96.2193,93.2577,47,2.9616,-93.2577,13,0.8192,-95.4001,1587,saied,zammel,93.2577,30.8090,100.0000
TN145654,El Mansoura,المنصورة,TN1456,Jedaida,Manubah,North East,36.78597462,9.8999681,28.45221789,3,3,2562,557,806,9,35,2,1607,557,770,95.5335,92.5558,24,2.9777,-92.5558,12,1.4888,-94.0447,806,saied,zammel,92.5558,34.6609,66.6667
TN145655,Ez-Zahra,الزاهرة,TN1456,Jedaida,Manubah,North East,36.82541568,9.91475199,14.66502478,5,5,4227,1662,1533,24,105,5,4227,1662,1468,95.7599,92.8898,44,2.8702,-92.8898,21,1.3699,-94.3901,1533,saied,zammel,92.8898,39.3187,100.0000
TN145656,El Habibia,الحبيبية,TN1456,Jedaida,Manubah,North East,36.81062162,9.95738825,16.89281797,2,2,1335,491,477,5,9,2,1335,491,450,94.3396,89.5178,23,4.8218,-89.5178,4,0.8386,-93.5010,477,saied,zammel,89.5178,36.7790,100.0000
TN145751,Tebourba,طبربة,TN1457,Tebourba,Manubah,North East,36.82225723,9.85901027,5.81049138,12,12,12234,3053,3178,40,86,11,12234,3053,2927,92.1020,86.2807,185,5.8213,-86.2807,66,2.0768,-90.0252,3178,saied,zammel,86.2807,24.9550,91.6667
TN145752,El Ansarine,الانصارين,TN1457,Tebourba,Manubah,North East,36.81410463,9.69286092,48.88366305,2,2,1329,392,370,3,19,2,1329,392,366,98.9189,98.1081,1,0.2703,-98.6486,3,0.8108,-98.1081,370,saied,maghzaoui,98.1081,29.4959,100.0000
TN145753,Edkhila,الدخيلة,TN1457,Tebourba,Manubah,North East,36.86752763,9.69960358,41.5123794,3,3,2894,1117,1076,12,29,3,2894,1117,1043,96.9331,94.5167,26,2.4164,-94.5167,7,0.6506,-96.2825,1076,saied,zammel,94.5167,38.5971,100.0000
TN145754,El Mellaha,الملاحة,TN1457,Tebourba,Manubah,North East,36.82073379,9.60946828,42.59214028,1,1,943,313,298,1,14,1,943,313,289,96.9799,95.3020,4,1.3423,-95.6376,5,1.6779,-95.3020,298,saied,maghzaoui,95.3020,33.1919,100.0000
TN145755,Banlieue De Tebourba,أحواز طبربة,TN1457,Tebourba,Manubah,North East,36.83041553,9.82144316,7.69674115,7,7,5522,2664,2927,26,167,5,5522,2296,2843,97.1302,94.9778,63,2.1524,-94.9778,21,0.7175,-96.4127,2927,saied,zammel,94.9778,41.5791,71.4286
TN145756,Er-Raja,الرجاء,TN1457,Tebourba,Manubah,North East,36.84910919,9.85468903,18.7711147,7,7,6427,2559,2779,33,116,6,6427,2559,2623,94.3865,90.0684,120,4.3181,-90.0684,36,1.2954,-93.0910,2779,saied,zammel,90.0684,39.8164,85.7143
TN145757,Ech-Chouigui,الشويقي,TN1457,Tebourba,Manubah,North East,36.89598011,9.81906715,122.20354899,2,2,2455,403,672,4,46,1,1228,403,652,97.0238,94.9405,14,2.0833,-94.9405,6,0.8929,-96.1310,672,saied,zammel,94.9405,32.8176,50.0000
TN145851,El Battane,البطان,TN1458,El Battan,Manubah,North East,36.7986603,9.82183724,36.99119002,8,8,7925,1969,2639,24,155,6,5717,1969,2522,95.5665,92.1561,90,3.4104,-92.1561,27,1.0231,-94.5434,2639,saied,zammel,92.1561,34.4411,75.0000
TN145852,Borj Ettoumi,برج التومي,TN1458,El Battan,Manubah,North East,36.75835349,9.71167193,60.81904185,3,3,3018,1038,972,8,58,3,3018,1038,954,98.1481,96.7078,14,1.4403,-96.7078,4,0.4115,-97.7366,972,saied,zammel,96.7078,34.3936,100.0000
TN145853,Mehrine,المهرين,TN1458,El Battan,Manubah,North East,36.76522862,9.80573156,33.07617098,2,2,2031,676,646,11,19,2,2031,676,633,97.9876,96.2848,11,1.7028,-96.2848,2,0.3096,-97.6780,646,saied,zammel,96.2848,33.2841,100.0000
TN145854,El Aroussia,العروسية,TN1458,El Battan,Manubah,North East,36.79179662,9.74518821,25.96940184,2,2,2053,816,756,9,51,2,2053,816,738,97.6190,96.4286,9,1.1905,-96.4286,9,1.1905,-96.4286,756,saied,maghzaoui,96.4286,39.7467,100.0000
TN155151,El Asouak,الأسواق,TN1551,Nabeul,Nabeul,North East,36.45784465,10.73362503,0.70142341,3,3,3499,1102,1046,15,41,3,3499,1102,979,93.5946,89.2925,45,4.3021,-89.2925,22,2.1033,-91.4914,1046,saied,zammel,89.2925,31.4947,100.0000
TN155152,Ennour,النور,TN1551,Nabeul,Nabeul,North East,36.47550977,10.71548581,5.97305041,10,10,10152,3396,3296,32,68,9,10152,2985,3097,93.9624,89.1990,157,4.7633,-89.1990,42,1.2743,-92.6881,3296,saied,zammel,89.1990,29.4031,90.0000
TN155153,Bir Challouf,بئر شلوف,TN1551,Nabeul,Nabeul,North East,36.46553779,10.7066494,9.62483124,21,21,22712,8030,7784,104,258,18,21534,7267,7075,90.8916,83.9414,541,6.9502,-83.9414,168,2.1583,-88.7333,7784,saied,zammel,83.9414,33.7466,85.7143
TN155154,Niapolis,نيابوليس,TN1551,Nabeul,Nabeul,North East,36.43981093,10.6999139,8.72094089,13,13,12417,4536,4659,87,158,10,12128,3749,3886,83.4085,70.0150,624,13.3934,-70.0150,149,3.1981,-80.2103,4659,saied,zammel,70.0150,30.9119,76.9231
TN155155,El Hadayek,الحدائق,TN1551,Nabeul,Nabeul,North East,36.44962632,10.74173013,1.89470983,9,9,9143,2203,2864,40,81,7,7920,2203,2414,84.2877,71.5433,365,12.7444,-71.5433,85,2.9679,-81.3198,2864,saied,zammel,71.5433,27.8157,77.7778
TN155156,Hedi Chaker,الهادي شاكر,TN1551,Nabeul,Nabeul,North East,36.49305194,10.66755163,45.74520593,2,2,816,807,771,13,23,1,816,273,760,98.5733,97.7951,6,0.7782,-97.7951,5,0.6485,-97.9248,771,saied,zammel,97.7951,33.4559,50.0000
TN155251,Dar Chaabane,دار شعبان,TN1552,Dar Chaabane El Fehri,Nabeul,North East,36.47285407,10.75025542,3.85620645,16,16,18861,4066,3920,44,102,16,18861,4066,3642,92.9082,87.2959,220,5.6122,-87.2959,58,1.4796,-91.4286,3920,saied,zammel,87.2959,21.5577,100.0000
TN155252,El Fehri,الفهري,TN1552,Dar Chaabane El Fehri,Nabeul,North East,36.45672335,10.75742735,4.7516566,22,22,24506,7661,7358,100,203,21,24506,7210,6392,86.8714,76.0261,798,10.8453,-76.0261,168,2.2832,-84.5882,7358,saied,zammel,76.0261,29.4214,95.4545
TN155253,El Frinine,الفرينين,TN1552,Dar Chaabane El Fehri,Nabeul,North East,36.55480603,10.66200553,27.9403265,2,2,1978,872,856,3,13,2,1978,872,833,97.3131,95.7944,10,1.1682,-96.1449,13,1.5187,-95.7944,856,saied,maghzaoui,95.7944,44.0849,100.0000
TN155254,Amroun,عمرون,TN1552,Dar Chaabane El Fehri,Nabeul,North East,36.51407761,10.71898511,32.8025766,3,3,1077,352,429,4,7,2,1077,352,412,96.0373,93.4732,11,2.5641,-93.4732,6,1.3986,-94.6387,429,saied,zammel,93.4732,32.6834,66.6667
TN155351,Beni Khiar,بني خيار,TN1553,Beni Khiar,Nabeul,North East,36.50789302,10.75980178,32.77990483,19,19,16912,6623,6777,95,210,17,15807,6208,6102,90.0398,81.8356,556,8.2042,-81.8356,119,1.7559,-88.2839,6777,saied,zammel,81.8356,39.2737,89.4737
TN155352,Diar Ben Salem,ديار بن سالم,TN1553,Beni Khiar,Nabeul,North East,36.50448575,10.79844348,11.48964966,2,2,1947,788,760,8,20,2,1947,788,753,99.0789,98.4211,5,0.6579,-98.4211,2,0.2632,-98.8158,760,saied,zammel,98.4211,40.4725,100.0000
TN155353,El Maamoura,المعمورة,TN1553,Beni Khiar,Nabeul,North East,36.48488413,10.80839034,11.6932436,6,6,6693,2674,2588,25,61,6,6693,2674,2263,87.4420,77.2411,264,10.2009,-77.2411,61,2.3570,-85.0850,2588,saied,zammel,77.2411,39.9522,100.0000
TN155354,Somaa,الصمعة,TN1553,Beni Khiar,Nabeul,North East,36.5524511,10.77073495,38.72334324,5,5,4777,2031,1957,26,48,4,4777,1607,1825,93.2550,88.1451,100,5.1099,-88.1451,32,1.6352,-91.6198,1957,saied,zammel,88.1451,33.6404,80.0000
TN155355,Halfa,حلفاء,TN1553,Beni Khiar,Nabeul,North East,36.57708474,10.71362977,11.655176,1,1,0,0,332,8,7,0,0,0,323,97.2892,95.1807,7,2.1084,-95.1807,2,0.6024,-96.6867,332,saied,zammel,95.1807,,0.0000
TN155451,Beni Ayache,بني عياش,TN1554,Korba,Nabeul,North East,36.66225331,10.78082336,60.43351888,12,12,10309,1111,1062,10,39,11,10309,980,1022,96.2335,93.8795,25,2.3540,-93.8795,15,1.4124,-94.8211,1062,saied,zammel,93.8795,9.5063,91.6667
TN155452,Garaet Sassi,قرعة ساسي,TN1554,Korba,Nabeul,North East,36.64811273,10.85760972,16.53672917,4,4,2504,1049,1015,7,27,4,2504,1049,972,95.7635,93.2020,26,2.5616,-93.2020,17,1.6749,-94.0887,1015,saied,zammel,93.2020,41.8930,100.0000
TN155453,Diar El Hojaj,ديار الحجاج,TN1554,Korba,Nabeul,North East,36.62895945,10.88203735,22.9317068,3,3,3118,861,1276,18,24,2,1918,861,1246,97.6489,96.4734,15,1.1755,-96.4734,15,1.1755,-96.4734,1276,saied,maghzaoui,96.4734,44.8905,66.6667
TN155454,Korba Est,قربة الشرقية,TN1554,Korba,Nabeul,North East,36.59820562,10.85661466,14.65082275,13,13,12926,4707,4906,43,121,12,12926,4707,4494,91.6021,85.3241,308,6.2780,-85.3241,104,2.1199,-89.4823,4906,saied,zammel,85.3241,36.4150,92.3077
TN155455,Korba Ouest,قربة الغربية,TN1554,Korba,Nabeul,North East,36.57772226,10.83260468,11.96409788,11,11,9589,4638,4988,46,151,8,8440,3636,4616,92.5421,86.8484,284,5.6937,-86.8484,88,1.7642,-90.7779,4988,saied,zammel,86.8484,43.0806,72.7273
TN155456,Tazerka,تازركة,TN1554,Korba,Nabeul,North East,36.53819444,10.82739191,19.49706723,7,7,6903,3035,2905,25,105,6,6903,2547,2607,89.7418,81.2392,247,8.5026,-81.2392,51,1.7556,-87.9862,2905,saied,zammel,81.2392,36.8970,85.7143
TN155457,Bou-Jerida,بوجريدة,TN1554,Korba,Nabeul,North East,36.60430985,10.74215074,36.10706422,3,3,1340,1095,1044,11,40,2,1227,549,1022,97.8927,96.3602,16,1.5326,-96.3602,6,0.5747,-97.3180,1044,saied,zammel,96.3602,44.7433,66.6667
TN155458,Boulidine,بولدين,TN1554,Korba,Nabeul,North East,36.60671109,10.80068797,23.80016489,2,2,1966,752,728,6,18,2,1966,752,713,97.9396,96.8407,7,0.9615,-96.9780,8,1.0989,-96.8407,728,saied,maghzaoui,96.8407,38.2503,100.0000
TN155551,El Ouediane,الوديان,TN1555,Menzel Temime,Nabeul,North East,36.80683173,10.82427414,63.52814809,5,5,3770,1175,1143,8,24,5,3770,1175,1122,98.1627,96.7629,16,1.3998,-96.7629,5,0.4374,-97.7253,1143,saied,zammel,96.7629,31.1671,100.0000
TN155552,Erainine,الرعينين,TN1555,Menzel Temime,Nabeul,North East,36.86057617,10.9183394,31.51010456,4,4,2230,875,1178,6,30,3,2230,875,1147,97.3684,95.8404,18,1.5280,-95.8404,13,1.1036,-96.2649,1178,saied,zammel,95.8404,39.2377,75.0000
TN155553,Beni-Abdelaziz,بني عبد العزيز,TN1555,Menzel Temime,Nabeul,North East,36.83422709,10.97299738,44.96607137,3,3,2157,790,766,8,16,3,2157,790,740,96.6057,93.9948,20,2.6110,-93.9948,6,0.7833,-95.8225,766,saied,zammel,93.9948,36.6249,100.0000
TN155554,Skalba,الصقالبة,TN1555,Menzel Temime,Nabeul,North East,36.79300123,10.93309988,38.64753113,5,5,5291,1450,1395,12,43,5,5291,1450,1338,95.9140,92.9749,41,2.9391,-92.9749,16,1.1470,-94.7670,1395,saied,zammel,92.9749,27.4050,100.0000
TN155555,Ali Belhaouene,علي البلهوان,TN1555,Menzel Temime,Nabeul,North East,36.79022343,10.99803884,7.20613541,13,13,12255,4267,4076,49,142,12,12255,3944,3825,93.8420,89.2787,186,4.5633,-89.2787,65,1.5947,-92.2473,4076,saied,zammel,89.2787,32.1828,92.3077
TN155556,Taieb Mehiri,الطيب المهيري,TN1555,Menzel Temime,Nabeul,North East,36.77800761,10.99927744,8.03094528,11,11,10231,4003,3827,51,125,9,10231,3167,3604,94.1730,90.0183,159,4.1547,-90.0183,64,1.6723,-92.5007,3827,saied,zammel,90.0183,30.9549,81.8182
TN155557,Menzel Horr,منزل حر,TN1555,Menzel Temime,Nabeul,North East,36.74234087,10.96994549,14.57233607,4,4,4211,997,961,10,26,4,4211,997,909,94.5890,90.4266,40,4.1623,-90.4266,12,1.2487,-93.3403,961,saied,zammel,90.4266,23.6761,100.0000
TN155558,El Asfour,عصفور,TN1555,Menzel Temime,Nabeul,North East,36.75806323,10.91236689,36.51976777,4,4,2313,667,637,7,23,4,2313,667,629,98.7441,97.9592,3,0.4710,-98.2732,5,0.7849,-97.9592,637,saied,maghzaoui,97.9592,28.8370,100.0000
TN155559,Lezdine,لزيدين,TN1555,Menzel Temime,Nabeul,North East,36.81726954,10.89437411,14.92557434,3,3,2324,966,939,5,22,3,2324,966,908,96.6986,94.3557,22,2.3429,-94.3557,9,0.9585,-95.7401,939,saied,zammel,94.3557,41.5663,100.0000
TN155651,Tafelloum,تافلون,TN1556,El Mida,Nabeul,North East,36.68514817,10.90989591,29.7545173,4,4,3974,1371,1331,18,22,4,3974,1371,1303,97.8963,96.5440,18,1.3524,-96.5440,10,0.7513,-97.1450,1331,saied,zammel,96.5440,34.4992,100.0000
TN155652,El Mida,الميدة,TN1556,El Mida,Nabeul,North East,36.74038503,10.84946784,35.89628333,8,7,7955,1656,2184,24,59,5,5304,1444,1758,94.9757,90.8158,77,4.1599,-90.8158,16,0.8644,-94.1113,1851,saied,zammel,90.8158,27.2247,62.5000
TN155653,Fartouna,فرتونة,TN1556,El Mida,Nabeul,North East,36.76066443,10.77698151,29.21682372,4,4,2482,1374,1304,11,59,3,2482,1090,1258,96.4724,94.3252,28,2.1472,-94.3252,18,1.3804,-95.0920,1304,saied,zammel,94.3252,43.9162,75.0000
TN155654,Oum Dhouil,أم ذويل,TN1556,El Mida,Nabeul,North East,36.71705581,10.80390697,27.22213319,4,4,1750,783,1014,3,19,3,1750,783,1002,98.8166,98.2249,6,0.5917,-98.2249,6,0.5917,-98.2249,1014,saied,maghzaoui,98.2249,44.7429,75.0000
TN155655,Lebna,لبنة,TN1556,El Mida,Nabeul,North East,36.71279032,10.93731487,16.94741596,2,2,1970,658,629,11,18,2,1970,658,608,96.6614,94.7536,12,1.9078,-94.7536,9,1.4308,-95.2305,629,saied,zammel,94.7536,33.4010,100.0000
TN155656,Korchine,القرشيين,TN1556,El Mida,Nabeul,North East,36.6855176,10.85382624,16.17219569,2,2,1756,906,877,9,20,2,1756,906,859,97.9475,96.8073,10,1.1403,-96.8073,8,0.9122,-97.0353,877,saied,zammel,96.8073,51.5945,100.0000
TN155751,Oued El Khatf,وادي الخطف,TN1557,Kelibia,Nabeul,North East,36.84860907,11.03384575,30.19710081,2,2,2376,866,829,8,29,2,2376,866,817,98.5525,97.8287,6,0.7238,-97.8287,6,0.7238,-97.8287,829,saied,maghzaoui,97.8287,36.4478,100.0000
TN155752,Melloul,ملول,TN1557,Kelibia,Nabeul,North East,36.89895242,10.97242015,27.5110161,3,3,2009,522,504,7,11,3,2009,522,500,99.2063,98.8095,2,0.3968,-98.8095,2,0.3968,-98.8095,504,saied,maghzaoui,98.8095,25.9831,100.0000
TN155753,Azmour,أزمور,TN1557,Kelibia,Nabeul,North East,36.92233791,11.01204649,33.32105431,5,5,4457,1398,1341,16,41,5,4457,1398,1276,95.1529,91.7226,46,3.4303,-91.7226,19,1.4169,-93.7360,1341,saied,zammel,91.7226,31.3664,100.0000
TN155754,Kelibia Est,قليبية الشرقية,TN1557,Kelibia,Nabeul,North East,36.85736548,11.09066674,10.76543206,27,27,29480,8985,8683,80,221,27,29480,8985,8059,92.8135,86.9630,508,5.8505,-86.9630,116,1.3359,-91.4776,8683,saied,zammel,86.9630,30.4783,100.0000
TN155755,Kelibia Ouest,قليبية الغربية,TN1557,Kelibia,Nabeul,North East,36.82857517,11.05635803,23.55991919,10,10,8725,3940,4215,33,81,8,8725,3534,3951,93.7367,88.8256,207,4.9110,-88.8256,57,1.3523,-92.3843,4215,saied,zammel,88.8256,40.5043,80.0000
TN155851,Hammam El Guezaz,حمام الغزاز,TN1558,Hammam Ghezaz,Nabeul,North East,36.88926407,11.06711528,28.11571502,8,8,6676,2096,2024,13,59,7,6676,1815,1933,95.5040,92.1937,67,3.3103,-92.1937,24,1.1858,-94.3182,2024,saied,zammel,92.1937,27.1869,87.5000
TN155852,Dar Allouch,دار علوش,TN1558,Hammam Ghezaz,Nabeul,North East,36.9577366,11.06462615,57.00978731,4,4,1826,1450,1369,22,59,2,1819,574,1327,96.9321,95.3251,22,1.6070,-95.3251,20,1.4609,-95.4711,1369,saied,zammel,95.3251,31.5558,50.0000
TN155853,Harat Ech-Choara,حارة الشعراء,TN1558,Hammam Ghezaz,Nabeul,North East,36.9598169,11.02411088,3.15601247,2,2,1413,599,581,4,14,2,1413,599,564,97.0740,95.3528,10,1.7212,-95.3528,7,1.2048,-95.8692,581,saied,zammel,95.3528,42.3921,100.0000
TN155854,Ouezdra,وزدرة,TN1558,Hammam Ghezaz,Nabeul,North East,36.89513585,11.09850819,5.45685118,1,1,1119,558,529,5,24,1,1119,558,520,98.2987,96.7864,8,1.5123,-96.7864,1,0.1890,-98.1096,529,saied,zammel,96.7864,49.8660,100.0000
TN155951,El Haouaria Nord,الهوارية الجوفية,TN1559,Haouaria,Nabeul,North East,37.04680174,11.02556042,44.09156528,10,10,9157,2669,3287,27,66,8,9157,2669,3148,95.7712,92.6681,102,3.1031,-92.6681,37,1.1256,-94.6456,3287,saied,zammel,92.6681,29.1471,80.0000
TN155952,El Haouaria Sud,الهوارية القبلية,TN1559,Haouaria,Nabeul,North East,36.99667371,11.00788466,13.70995688,4,4,2784,1119,1093,7,19,4,2784,1119,1071,97.9872,96.7063,14,1.2809,-96.7063,8,0.7319,-97.2553,1093,saied,zammel,96.7063,40.1940,100.0000
TN155954,Saheb El Jebel Sud,صاحب الجبل القبلية,TN1559,Haouaria,Nabeul,North East,36.96795547,10.96900512,39.96789406,5,5,3926,1182,1133,14,35,5,3926,1182,1094,96.5578,94.1748,27,2.3831,-94.1748,12,1.0591,-95.4987,1133,saied,zammel,94.1748,30.1070,100.0000
TN155955,Bou Krim,بوكريم,TN1559,Haouaria,Nabeul,North East,36.95150221,10.91642463,48.08009448,3,3,1770,566,949,2,14,2,1770,566,930,97.9979,96.7334,12,1.2645,-96.7334,7,0.7376,-97.2603,949,saied,zammel,96.7334,31.9774,66.6667
TN155956,Tazaghrane Est,تزغران الشرقية,TN1559,Haouaria,Nabeul,North East,36.90566904,10.89241392,25.30388969,2,2,1762,894,861,2,31,2,1762,894,846,98.2578,97.3287,8,0.9292,-97.3287,7,0.8130,-97.4448,861,saied,zammel,97.3287,50.7378,100.0000
TN155957,Tazaghrane Ouest,تزغران الغربية,TN1559,Haouaria,Nabeul,North East,36.87944318,10.83578904,71.80916845,5,5,3443,1508,1467,22,19,5,3443,1508,1433,97.6823,96.1827,22,1.4997,-96.1827,12,0.8180,-96.8643,1467,saied,zammel,96.1827,43.7990,100.0000
TN155958,Zaouiet El Megaiez,زاوية المقايز,TN1559,Haouaria,Nabeul,North East,36.93668773,10.84690435,28.46103688,4,4,3349,1508,1446,20,42,4,3349,1508,1390,96.1272,93.4993,38,2.6279,-93.4993,18,1.2448,-94.8824,1446,saied,zammel,93.4993,45.0284,100.0000
TN156051,Oued El Abid,وادي العبيد,TN1560,Takelsa,Nabeul,North East,36.8566415,10.72291813,97.88514951,3,3,1347,1068,1035,8,25,2,1347,694,1005,97.1014,95.0725,21,2.0290,-95.0725,9,0.8696,-96.2319,1035,saied,zammel,95.0725,51.5219,66.6667
TN156052,Bir Ezzit,بئر الزيت,TN1560,Takelsa,Nabeul,North East,36.78563276,10.69481887,47.26225472,6,6,3543,1817,1763,10,44,6,3543,1817,1711,97.0505,95.5190,25,1.4180,-95.6324,27,1.5315,-95.5190,1763,saied,maghzaoui,95.5190,51.2842,100.0000
TN156053,El Arima,العريمة,TN1560,Takelsa,Nabeul,North East,36.72920994,10.65347002,59.39204462,3,3,3611,1525,1475,12,38,3,3611,1525,1431,97.0169,95.3220,25,1.6949,-95.3220,19,1.2881,-95.7288,1475,saied,zammel,95.3220,42.2321,100.0000
TN156054,Takelsa Nord,تاكلسة الجوفية,TN1560,Takelsa,Nabeul,North East,36.83854441,10.62235745,44.85649231,4,4,2785,1274,1213,7,54,4,2785,1274,1145,94.3941,90.2721,50,4.1220,-90.2721,18,1.4839,-92.9101,1213,saied,zammel,90.2721,45.7451,100.0000
TN156055,Takelsa Centre,تاكلسة الوسطى,TN1560,Takelsa,Nabeul,North East,36.78937523,10.61513742,29.03562861,5,5,4685,1842,1760,26,56,5,4685,1842,1683,95.6250,92.5000,55,3.1250,-92.5000,22,1.2500,-94.3750,1760,saied,zammel,92.5000,39.3170,100.0000
TN156151,El Mraissa,المريسة,TN1561,Soliman,Nabeul,North East,36.79402224,10.57416163,49.15994803,3,3,2198,940,1010,15,29,2,2198,940,973,96.3366,93.8614,25,2.4752,-93.8614,12,1.1881,-95.1485,1010,saied,zammel,93.8614,42.7662,66.6667
TN156152,Ech-Cherifet,الشريفات,TN1561,Soliman,Nabeul,North East,36.71268261,10.53321685,18.60096062,5,5,5264,1965,1911,18,36,5,5264,1965,1864,97.5406,96.1800,26,1.3605,-96.1800,21,1.0989,-96.4417,1911,saied,zammel,96.1800,37.3290,100.0000
TN156153,Bou Charray,بوشراي,TN1561,Soliman,Nabeul,North East,36.66273734,10.52404355,25.50011815,3,3,2140,1293,1243,11,40,2,2140,893,1194,96.0579,93.7249,29,2.3331,-93.7249,20,1.6090,-94.4489,1243,saied,zammel,93.7249,41.7290,66.6667
TN156154,Soliman,سليمان,TN1561,Soliman,Nabeul,North East,36.71972899,10.48065228,42.31850261,25,25,24694,7749,8173,126,251,23,24694,7749,7251,88.7190,79.6403,742,9.0787,-79.6403,180,2.2024,-86.5166,8173,saied,zammel,79.6403,31.3801,92.0000
TN156155,Soliman Sud,سليمان الجنوبية,TN1561,Soliman,Nabeul,North East,36.69442421,10.49783904,6.70674071,5,5,4013,1868,1773,19,76,4,4013,1596,1698,95.7699,93.0626,48,2.7073,-93.0626,27,1.5228,-94.2470,1773,saied,zammel,93.0626,39.7707,80.0000
TN156251,Damous El Hajja,داموس الحاجة,TN1562,Menzel Bouzelfa,Nabeul,North East,36.74113268,10.73930153,23.47320818,3,3,2207,836,806,9,21,3,2207,836,793,98.3871,97.5186,6,0.7444,-97.6427,7,0.8685,-97.5186,806,saied,maghzaoui,97.5186,37.8795,100.0000
TN156252,Errahma,الرحمة,TN1562,Menzel Bouzelfa,Nabeul,North East,36.69795846,10.72830646,39.51603638,5,5,2884,1449,1376,14,59,4,2884,1100,1357,98.6192,97.6744,13,0.9448,-97.6744,6,0.4360,-98.1831,1376,saied,zammel,97.6744,38.1415,80.0000
TN156253,Menzel Bou Zelfa Nord,منزل بوزلفة الجوفية,TN1562,Menzel Bouzelfa,Nabeul,North East,36.68309465,10.63057842,41.99500474,4,4,3054,1135,1101,2,32,3,3054,913,1087,98.7284,98.0926,7,0.6358,-98.0926,7,0.6358,-98.0926,1101,saied,maghzaoui,98.0926,29.8952,75.0000
TN156254,Menzel Bou Zelfa Sud,منزل بوزلفة القبلية,TN1562,Menzel Bouzelfa,Nabeul,North East,36.67657649,10.58333539,10.43962084,10,10,10175,2542,3310,33,67,6,6703,1996,3083,93.1420,87.7946,177,5.3474,-87.7946,50,1.5106,-91.6314,3310,saied,zammel,87.7946,29.7777,60.0000
TN156255,Menzel Bou Zelfa Ouest,منزل بوزلفة الغربية,TN1562,Menzel Bouzelfa,Nabeul,North East,36.70603491,10.5735506,16.96524276,9,9,10142,3534,3851,43,104,8,8842,3534,3674,95.4038,92.1319,126,3.2719,-92.1319,51,1.3243,-94.0795,3851,saied,zammel,92.1319,39.9683,88.8889
TN156351,Beni Khalled Nord,بني خلاد الجوفية,TN1563,Beni Khalled,Nabeul,North East,36.64942152,10.58520041,6.86934404,4,4,3142,1327,1246,18,63,4,3142,1327,1196,95.9872,93.0177,37,2.9695,-93.0177,13,1.0433,-94.9438,1246,saied,zammel,93.0177,42.2342,100.0000
TN156352,Beni Khalled Sud (Toumi),بني خلاد القبلية تومي,TN1563,Beni Khalled,Nabeul,North East,36.62571357,10.61476484,38.89044161,2,2,2463,778,742,3,33,2,2463,778,723,97.4394,96.0916,9,1.2129,-96.2264,10,1.3477,-96.0916,742,saied,maghzaoui,96.0916,31.5875,100.0000
TN156353,Zaouiet Djedidi,زاوية الجديدي,TN1563,Beni Khalled,Nabeul,North East,36.64286007,10.56656447,4.11553147,5,5,5249,1767,1703,15,49,5,5249,1767,1621,95.1850,91.5443,62,3.6406,-91.5443,20,1.1744,-94.0106,1703,saied,zammel,91.5443,33.6636,100.0000
TN156354,Kobba El Kebira,القبة الكبيرة,TN1563,Beni Khalled,Nabeul,North East,36.60347017,10.5922356,10.36123696,4,4,3238,1259,1208,6,45,4,3238,1259,1188,98.3444,97.0199,16,1.3245,-97.0199,4,0.3311,-98.0132,1208,saied,zammel,97.0199,38.8820,100.0000
TN156355,Bir Drassen,بئر دراسن,TN1563,Beni Khalled,Nabeul,North East,36.62426368,10.68645383,36.14905602,4,4,2471,928,1213,13,32,3,2471,928,1191,98.1863,97.0322,14,1.1542,-97.0322,8,0.6595,-97.5268,1213,saied,zammel,97.0322,37.5556,75.0000
TN156356,Bni Khaled Echarkya,بني خلاد الشرقية,TN1563,Beni Khalled,Nabeul,North East,36.65123575,10.62463596,18.2467147,13,13,14228,4474,4306,48,120,13,14228,4474,4024,93.4510,88.2722,223,5.1788,-88.2722,59,1.3702,-92.0808,4306,saied,zammel,88.2722,31.4450,100.0000
TN156451,Fondouk Djedid,فندق الجديد,TN1564,Grombalia,Nabeul,North East,36.66715719,10.43452566,40.00318823,10,10,8306,3494,3372,26,96,9,8306,3097,3235,95.9371,92.7046,109,3.2325,-92.7046,28,0.8304,-95.1068,3372,saied,zammel,92.7046,37.2863,90.0000
TN156452,Chammes,شماس,TN1564,Grombalia,Nabeul,North East,36.64150394,10.46801234,25.71129555,5,5,4467,1341,1624,17,28,4,3524,1341,1549,95.3818,92.0567,54,3.3251,-92.0567,21,1.2931,-94.0887,1624,saied,zammel,92.0567,38.0533,80.0000
TN156453,Nianou,نيانو,TN1564,Grombalia,Nabeul,North East,36.60112361,10.56384976,12.60648761,4,4,3930,1491,1420,25,46,4,3930,1491,1351,95.1408,91.4789,52,3.6620,-91.4789,17,1.1972,-93.9437,1420,saied,zammel,91.4789,37.9389,100.0000
TN156454,Turki,تركي,TN1564,Grombalia,Nabeul,North East,36.5728744,10.51256312,30.80260726,3,3,2232,1314,1281,11,22,2,2000,818,1202,93.8329,89.0710,61,4.7619,-89.0710,18,1.4052,-92.4278,1281,saied,zammel,89.0710,40.9000,66.6667
TN156455,Khanguet El Hojjej,خنقة الحجاج,TN1564,Grombalia,Nabeul,North East,36.59862115,10.39775273,58.00733793,3,3,2094,1259,1193,23,43,2,2094,829,1142,95.7251,92.8751,34,2.8500,-92.8751,17,1.4250,-94.3001,1193,saied,zammel,92.8751,39.5893,66.6667
TN156456,Grombalia Est,قرنبالية الشرقية,TN1564,Grombalia,Nabeul,North East,36.6257473,10.51284803,20.77226691,11,11,9910,3823,4488,44,131,9,9910,3823,4039,89.9955,81.6176,376,8.3779,-81.6176,73,1.6266,-88.3690,4488,saied,zammel,81.6176,38.5772,81.8182
TN156457,Grombalia Ouest,قرنبالية الغربية,TN1564,Grombalia,Nabeul,North East,36.59315969,10.47114233,20.44911663,9,9,6222,2930,3156,31,59,7,6222,2455,2953,93.5678,88.5932,157,4.9747,-88.5932,46,1.4575,-92.1103,3156,saied,zammel,88.5932,39.4568,77.7778
TN156458,Djebel Terif,جبل طريف,TN1564,Grombalia,Nabeul,North East,36.51711038,10.39775336,39.87098543,3,3,2669,743,702,5,36,3,2669,743,696,99.1453,98.5755,4,0.5698,-98.5755,2,0.2849,-98.8604,702,saied,zammel,98.5755,27.8381,100.0000
TN156459,Ain Tebournouk,عين طبرنق,TN1564,Grombalia,Nabeul,North East,36.53321598,10.44526097,49.04748779,2,2,2088,856,800,10,46,2,2088,856,789,98.6250,97.7500,4,0.5000,-98.1250,7,0.8750,-97.7500,800,saied,maghzaoui,97.7500,40.9962,100.0000
TN156551,Sidi Dhaher,سيدي الظاهر,TN1565,Bou Argoub,Nabeul,North East,36.55252986,10.55800332,8.10908492,2,2,2267,882,851,6,25,2,2267,882,793,93.1845,88.7192,38,4.4653,-88.7192,20,2.3502,-90.8343,851,saied,zammel,88.7192,38.9060,100.0000
TN156552,El Machrouha,المشروحة,TN1565,Bou Argoub,Nabeul,North East,36.53115846,10.59950049,20.90817954,5,5,3392,1479,1439,9,31,5,3392,1479,1368,95.0660,91.1049,57,3.9611,-91.1049,14,0.9729,-94.0931,1439,saied,zammel,91.1049,43.6026,100.0000
TN156553,Borj Hefaied,برج حفيظ,TN1565,Bou Argoub,Nabeul,North East,36.49594849,10.6051972,24.66028442,5,5,2761,1391,1331,12,48,4,2761,1045,1296,97.3704,95.3418,27,2.0285,-95.3418,8,0.6011,-96.7693,1331,saied,zammel,95.3418,37.8486,80.0000
TN156554,Bou Argoub Nord,بوعرقوب الجوفية,TN1565,Bou Argoub,Nabeul,North East,36.53155576,10.53400436,26.30420842,7,7,5634,2766,2690,18,58,6,5634,2435,2560,95.1673,91.6357,95,3.5316,-91.6357,35,1.3011,-93.8662,2690,saied,zammel,91.6357,43.2197,85.7143
TN156555,Bou Argoub Sud,بوعرقوب القبلية,TN1565,Bou Argoub,Nabeul,North East,36.50189186,10.5337448,18.59429392,2,2,1496,613,584,7,22,2,1496,613,574,98.2877,97.0890,7,1.1986,-97.0890,3,0.5137,-97.7740,584,saied,zammel,97.0890,40.9759,100.0000
TN156556,Belli,بلي,TN1565,Bou Argoub,Nabeul,North East,36.5514001,10.60822628,13.00766288,4,4,3567,1653,1593,17,43,3,3567,1247,1537,96.4846,93.8481,42,2.6365,-93.8481,14,0.8788,-95.6058,1593,saied,zammel,93.8481,34.9593,75.0000
TN156557,El Kharrouba,الخروبة,TN1565,Bou Argoub,Nabeul,North East,36.5719703,10.62652537,19.9873312,3,3,1957,793,771,4,18,3,1957,793,757,98.1842,96.6278,12,1.5564,-96.6278,2,0.2594,-97.9248,771,saied,zammel,96.6278,40.5212,100.0000
TN156651,Sidi Djedidi,سيدي الجديدي,TN1566,Hammamet,Nabeul,North East,36.42636343,10.42743448,146.70861689,8,8,5078,1238,1946,12,68,4,3675,960,1895,97.3792,95.3751,39,2.0041,-95.3751,12,0.6166,-96.7626,1946,saied,zammel,95.3751,26.1224,50.0000
TN156652,Latrach,الأطرش,TN1566,Hammamet,Nabeul,North East,36.47366521,10.48461973,43.71050306,3,3,2476,810,770,4,36,3,2476,810,736,95.5844,92.8571,21,2.7273,-92.8571,13,1.6883,-93.8961,770,saied,zammel,92.8571,32.7141,100.0000
TN156653,Bir Bou Regba,بئر بورقبة,TN1566,Hammamet,Nabeul,North East,36.4549955,10.5590718,47.11176797,10,10,9711,2832,3048,23,83,9,8636,2832,2914,95.6037,92.1260,106,3.4777,-92.1260,28,0.9186,-94.6850,3048,saied,zammel,92.1260,32.7930,90.0000
TN156654,Baraket Es-Sahel,براكة الساحل,TN1566,Hammamet,Nabeul,North East,36.40409706,10.55494266,26.87395034,10,10,9966,3375,3626,34,123,8,8988,3375,3399,93.7397,88.9410,174,4.7987,-88.9410,53,1.4617,-92.2780,3626,saied,zammel,88.9410,37.5501,80.0000
TN156655,Hammamet Nord,الحمامات الجوفية,TN1566,Hammamet,Nabeul,North East,36.43637229,10.63344233,35.60620515,8,8,8637,2793,2986,27,64,7,7490,2793,2775,92.9337,87.1735,172,5.7602,-87.1735,39,1.3061,-91.6276,2986,saied,zammel,87.1735,37.2897,87.5000
TN156656,Hammamet Est,الحمامات الشرقية,TN1566,Hammamet,Nabeul,North East,36.40077084,10.6229359,2.69234087,27,27,28913,8538,9310,126,312,22,25078,7681,8240,88.5070,79.1515,871,9.3555,-79.1515,199,2.1375,-86.3695,9310,saied,zammel,79.1515,30.6284,81.4815
TN156657,Hammamet Ouest,الحمامات الغربية,TN1566,Hammamet,Nabeul,North East,36.41199775,10.58233322,6.64992342,2,2,1892,825,789,6,30,2,1892,825,698,88.4664,78.9607,75,9.5057,-78.9607,16,2.0279,-86.4385,789,saied,zammel,78.9607,43.6047,100.0000
TN156658,Mrezga,المرازقة,TN1566,Hammamet,Nabeul,North East,36.42203675,10.66200079,5.34069676,5,5,6286,1915,1842,22,51,5,6286,1915,1659,90.0651,82.2476,144,7.8176,-82.2476,39,2.1173,-87.9479,1842,saied,zammel,82.2476,30.4645,100.0000
TN156659,Yasmin Hammamet,ياسمين الحمامات,TN1566,Hammamet,Nabeul,North East,36.33895618,10.51596606,7.51594021,4,4,3170,1132,1107,12,13,4,3170,1132,1052,95.0316,91.1472,43,3.8844,-91.1472,12,1.0840,-93.9476,1107,saied,zammel,91.1472,35.7098,100.0000
TN165151,Zaghouan Ville,زغوان المدينة,TN1651,Zaghouan,Zaghouan,North East,36.39765789,10.14388406,1.25655452,4,4,4554,1188,1136,13,39,4,4554,1188,1017,89.5246,81.4261,92,8.0986,-81.4261,27,2.3768,-87.1479,1136,saied,zammel,81.4261,26.0870,100.0000
TN165152,Zaghouan Nord,زغوان الشمالية,TN1651,Zaghouan,Zaghouan,North East,36.41060202,10.14025672,5.6335907,11,11,10759,3514,3370,62,82,11,10759,3514,3020,89.6142,81.0682,288,8.5460,-81.0682,62,1.8398,-87.7745,3370,saied,zammel,81.0682,32.6610,100.0000
TN165153,Zaghouan Sud,زغوان الجنوبية,TN1651,Zaghouan,Zaghouan,North East,36.39850905,10.1615288,14.82516362,5,5,3592,1662,1588,23,51,4,3592,1273,1478,93.0730,87.1537,94,5.9194,-87.1537,16,1.0076,-92.0655,1588,saied,zammel,87.1537,35.4399,80.0000
TN165154,Bir Halima,بئر حليمة,TN1651,Zaghouan,Zaghouan,North East,36.36088598,10.06827499,84.31842564,3,3,2639,1222,1170,14,38,3,2639,1222,1151,98.3761,97.0940,15,1.2821,-97.0940,4,0.3419,-98.0342,1170,saied,zammel,97.0940,46.3054,100.0000
TN165155,Mograne,مقرن,TN1651,Zaghouan,Zaghouan,North East,36.42413339,10.09721531,73.09587822,5,5,3399,1527,1457,19,51,4,3399,1089,1347,92.4502,87.4399,73,5.0103,-87.4399,37,2.5395,-89.9108,1457,saied,zammel,87.4399,32.0388,80.0000
TN165156,Jimla,جيملة,TN1651,Zaghouan,Zaghouan,North East,36.47397934,10.19670589,75.97333865,2,2,1458,345,333,5,7,2,1458,345,328,98.4985,96.9970,5,1.5015,-96.9970,0,0.0000,-98.4985,333,saied,zammel,96.9970,23.6626,100.0000
TN165157,El Aitha,العيثة,TN1651,Zaghouan,Zaghouan,North East,36.40878116,10.19453314,24.07679193,2,2,1819,897,873,10,14,2,1819,897,849,97.2509,95.5326,15,1.7182,-95.5326,9,1.0309,-96.2199,873,saied,zammel,95.5326,49.3128,100.0000
TN165158,Oued Erremel,وادي الرمل,TN1651,Zaghouan,Zaghouan,North East,36.41045607,10.25346182,62.81214004,3,3,1973,783,750,6,27,3,1973,783,722,96.2667,93.2000,23,3.0667,-93.2000,5,0.6667,-95.6000,750,saied,zammel,93.2000,39.6858,100.0000
TN165159,Oued Ezzit,وادي الزيت,TN1651,Zaghouan,Zaghouan,North East,36.40595896,10.32877309,78.11084378,2,2,1702,674,644,7,23,2,1702,674,624,96.8944,94.8758,13,2.0186,-94.8758,7,1.0870,-95.8075,644,saied,zammel,94.8758,39.6005,100.0000
TN165251,El Jouf Est,الجوف الشرقية,TN1652,Zriba,Zaghouan,North East,36.33297721,10.14848524,42.65696109,4,4,3759,1489,1434,7,48,4,3759,1489,1406,98.0474,96.9317,16,1.1158,-96.9317,12,0.8368,-97.2106,1434,saied,zammel,96.9317,39.6116,100.0000
TN165252,El Jouf Ouest,الجوف الغربية,TN1652,Zriba,Zaghouan,North East,36.2976722,10.10437797,53.00702001,2,2,550,753,734,5,14,1,339,146,718,97.8202,96.5940,9,1.2262,-96.5940,7,0.9537,-96.8665,734,saied,zammel,96.5940,43.0678,50.0000
TN165253,Ez-Zeriba Hammam Sud,الزريبة الحمام الجنوبية,TN1652,Zriba,Zaghouan,North East,36.31512221,10.20291469,27.13088088,6,6,6244,2455,2365,29,61,6,6244,2455,2225,94.0803,89.2178,115,4.8626,-89.2178,25,1.0571,-93.0233,2365,saied,zammel,89.2178,39.3177,100.0000
TN165254,Ez-Zriba Hammam Nord,الزريبة الحمام الشمالية,TN1652,Zriba,Zaghouan,North East,36.35712268,10.2532255,39.39158375,1,1,1195,560,539,11,10,1,1195,560,510,94.6197,90.5380,22,4.0816,-90.5380,7,1.2987,-93.3210,539,saied,zammel,90.5380,46.8619,100.0000
TN165255,Ez-Zeriba Village,الزريبة القرية,TN1652,Zriba,Zaghouan,North East,36.32846794,10.25842349,29.4338477,2,2,2043,917,889,13,15,2,2043,917,866,97.4128,95.9505,13,1.4623,-95.9505,10,1.1249,-96.2880,889,saied,zammel,95.9505,44.8850,100.0000
TN165256,Bou Achir,بوعشير,TN1652,Zriba,Zaghouan,North East,36.32896443,10.32732073,39.39943623,1,1,1160,580,565,5,10,1,1160,580,552,97.6991,96.4602,7,1.2389,-96.4602,6,1.0619,-96.6372,565,saied,zammel,96.4602,50.0000,100.0000
TN165257,Jeradou,جرادو,TN1652,Zriba,Zaghouan,North East,36.26910713,10.32919974,59.35690682,1,1,1181,401,384,4,13,1,1181,401,353,91.9271,84.6354,28,7.2917,-84.6354,3,0.7812,-91.1458,384,saied,zammel,84.6354,33.9543,100.0000
TN165258,Ain El Batria,عين الباطريية,TN1652,Zriba,Zaghouan,North East,36.26798313,10.25353574,49.05028013,2,2,1958,887,854,14,19,2,1958,887,831,97.3068,94.9649,20,2.3419,-94.9649,3,0.3513,-96.9555,854,saied,zammel,94.9649,45.3013,100.0000
TN165351,Bir M'Chergua,بئر مشارقة,TN1653,Bir Mchergua,Zaghouan,North East,36.50442274,9.9612483,49.49646428,6,6,5704,1894,1829,21,44,6,5704,1894,1677,91.6894,84.5271,131,7.1624,-84.5271,21,1.1482,-90.5413,1829,saied,zammel,84.5271,33.2048,100.0000
TN165352,Bir M'Chergua Gare,بئر مشارقة المحطة,TN1653,Bir Mchergua,Zaghouan,North East,36.49498051,10.05478463,43.70423915,2,1,923,395,375,3,17,1,923,395,366,97.6000,95.4667,8,2.1333,-95.4667,1,0.2667,-97.3333,375,saied,zammel,95.4667,42.7952,50.0000
TN165353,Daleil El Arous,دلائل العروس,TN1653,Bir Mchergua,Zaghouan,North East,36.50493463,9.89601156,75.25544972,2,2,717,265,253,0,12,2,717,265,244,96.4427,93.6759,7,2.7668,-93.6759,2,0.7905,-95.6522,253,saied,zammel,93.6759,36.9596,100.0000
TN165354,Smenja,سمنجة,TN1653,Bir Mchergua,Zaghouan,North East,36.44780365,10.01008484,75.73472565,3,2,2648,909,881,6,22,3,2648,909,592,96.5742,93.6378,18,2.9364,-93.6378,3,0.4894,-96.0848,613,saied,zammel,93.6378,34.3278,100.0000
TN165355,Jebel Oust,جبل الوسط,TN1653,Bir Mchergua,Zaghouan,North East,36.5672876,10.0666766,118.09466369,4,4,3354,1721,1657,11,53,3,3077,1297,1618,97.6463,95.8358,30,1.8105,-95.8358,9,0.5432,-97.1032,1657,saied,zammel,95.8358,42.1514,75.0000
TN165356,Ain Essafsaf,عين الصفصاف,TN1653,Bir Mchergua,Zaghouan,North East,36.52487897,10.1581404,37.55524494,2,2,1054,371,354,5,12,2,1054,371,350,98.8701,98.3051,2,0.5650,-98.3051,2,0.5650,-98.3051,354,saied,maghzaoui,98.3051,35.1992,100.0000
TN165357,Boucha,بوشة,TN1653,Bir Mchergua,Zaghouan,North East,36.51103945,9.83599229,61.09640701,1,1,788,205,197,2,6,1,788,205,192,97.4619,95.4315,1,0.5076,-96.9543,4,2.0305,-95.4315,197,saied,maghzaoui,95.4315,26.0152,100.0000
TN165358,Ain Asker,عين عسكر,TN1653,Bir Mchergua,Zaghouan,North East,36.59847629,9.98246693,73.88794843,2,2,1563,587,564,7,16,2,1563,587,544,96.4539,94.3262,8,1.4184,-95.0355,12,2.1277,-94.3262,564,saied,maghzaoui,94.3262,37.5560,100.0000
TN165451,Banlieu D'El Fahs,أحواز الفحص,TN1654,Fahs,Zaghouan,North East,36.37673298,9.91624539,9.5594179,12,9,9526,3814,3671,43,100,9,9526,3814,3498,95.2874,91.7189,131,3.5685,-91.7189,42,1.1441,-94.1433,3671,saied,zammel,91.7189,40.0378,75.0000
TN165452,Jouguar,جوقار,TN1654,Fahs,Zaghouan,North East,36.26032013,10.02953875,58.31891064,2,2,1418,540,521,4,15,2,1418,540,500,95.9693,92.8983,16,3.0710,-92.8983,5,0.9597,-95.0096,521,saied,zammel,92.8983,38.0818,100.0000
TN165453,Bir Magra,بئر مقرة,TN1654,Fahs,Zaghouan,North East,36.33256228,9.75796656,69.2059391,2,2,973,309,298,4,7,2,973,309,291,97.6510,95.6376,6,2.0134,-95.6376,1,0.3356,-97.3154,298,saied,zammel,95.6376,31.7575,100.0000
TN165454,Oum El Abouab,أم الأبواب,TN1654,Fahs,Zaghouan,North East,36.18170416,9.82109152,142.76909057,3,3,820,565,545,7,13,2,820,324,526,96.5138,94.1284,13,2.3853,-94.1284,6,1.1009,-95.4128,545,saied,zammel,94.1284,39.5122,66.6667
TN165455,Ouled Ezzouabi,أولاد الزوابي,TN1654,Fahs,Zaghouan,North East,36.09236379,9.84005309,20.52356382,1,1,307,117,112,3,2,1,307,117,110,98.2143,96.4286,2,1.7857,-96.4286,0,0.0000,-98.2143,112,saied,zammel,96.4286,38.1107,100.0000
TN165456,El Fahs,الفحص,TN1654,Fahs,Zaghouan,North East,36.36317533,9.89984163,19.07036303,9,8,8206,1957,1874,24,59,8,8206,1957,1782,95.0907,91.4088,69,3.6820,-91.4088,23,1.2273,-93.8634,1874,saied,zammel,91.4088,23.8484,88.8889
TN165457,Ed-Droua,الدروع,TN1654,Fahs,Zaghouan,North East,36.23640062,9.75476547,97.79804772,4,4,1207,579,553,4,22,4,1207,579,526,95.1175,92.0434,17,3.0741,-92.0434,10,1.8083,-93.3092,553,saied,zammel,92.0434,47.9702,100.0000
TN165458,El Ghrifet,الغريفات,TN1654,Fahs,Zaghouan,North East,36.42471089,9.85677484,165.01015256,3,3,2644,658,640,3,15,3,2644,658,627,97.9688,96.5625,9,1.4062,-96.5625,4,0.6250,-97.3438,640,saied,zammel,96.5625,24.8865,100.0000
TN165459,Bent Saidane,بنت سعيدان,TN1654,Fahs,Zaghouan,North East,36.27670315,9.95185668,79.83362408,2,2,1571,521,490,10,21,2,1571,521,472,96.3265,93.8776,12,2.4490,-93.8776,6,1.2245,-95.1020,490,saied,zammel,93.8776,33.1636,100.0000
TN165460,El Amiem Nord,العمايم الشمالية,TN1654,Fahs,Zaghouan,North East,36.32971224,9.86882648,67.45927876,3,3,2131,912,885,12,15,3,2131,912,858,96.9492,94.8023,19,2.1469,-94.8023,8,0.9040,-96.0452,885,saied,zammel,94.8023,42.7968,100.0000
TN165461,El Amiem Sud,العمايم الجنوبية,TN1654,Fahs,Zaghouan,North East,36.27901756,9.86615087,46.28746883,3,3,1870,598,576,8,14,3,1870,598,556,96.5278,94.7917,10,1.7361,-94.7917,10,1.7361,-94.7917,576,saied,maghzaoui,94.7917,31.9786,100.0000
TN165462,Oued El Khadhra,وادي الخضراء,TN1654,Fahs,Zaghouan,North East,36.34833029,9.97733518,67.50018964,1,1,819,210,200,2,8,1,819,210,189,94.5000,91.5000,6,3.0000,-91.5000,5,2.5000,-92.0000,200,saied,zammel,91.5000,25.6410,100.0000
TN165463,Telil Essalhi,تليل الصالحي,TN1654,Fahs,Zaghouan,North East,36.26081517,9.66773982,83.25220183,3,3,605,309,296,2,11,2,605,204,286,96.6216,94.2568,7,2.3649,-94.2568,3,1.0135,-95.6081,296,saied,zammel,94.2568,33.7190,66.6667
TN165551,En Nadhour,الناظور,TN1655,Nadhour,Zaghouan,North East,36.11560359,10.08889454,59.84807017,11,11,9381,2942,2862,32,48,11,9381,2942,2680,93.6408,88.7491,140,4.8917,-88.7491,42,1.4675,-92.1733,2862,saied,zammel,88.7491,31.3613,100.0000
TN165552,Ain El Batthoum,عين البطوم,TN1655,Nadhour,Zaghouan,North East,36.06287901,10.00621923,42.54461621,5,5,5151,2146,2079,23,44,5,5151,2146,1986,95.5267,92.1597,70,3.3670,-92.1597,23,1.1063,-94.4204,2079,saied,zammel,92.1597,41.6618,100.0000
TN165553,Saouar,صوار,TN1655,Nadhour,Zaghouan,North East,36.16833151,9.96486205,77.18942601,3,3,1526,452,444,3,5,3,1526,452,427,96.1712,94.1441,8,1.8018,-94.3694,9,2.0270,-94.1441,444,saied,maghzaoui,94.1441,29.6199,100.0000
TN165554,Bir Chaouch,بئر الشاوش,TN1655,Nadhour,Zaghouan,North East,36.0792899,10.04295272,57.92031272,5,5,4809,1907,1847,27,33,5,4809,1907,1732,93.7737,89.2799,83,4.4938,-89.2799,32,1.7325,-92.0411,1847,saied,zammel,89.2799,39.6548,100.0000
TN165555,Sougas,سوغاس,TN1655,Nadhour,Zaghouan,North East,36.10604954,9.91261936,118.13645594,5,5,3500,1261,1220,19,22,5,3500,1261,1179,96.6393,94.2623,29,2.3770,-94.2623,12,0.9836,-95.6557,1220,saied,zammel,94.2623,36.0286,100.0000
TN165651,Saouef Est,صواف الشرقية,TN1656,Saouaf,Zaghouan,North East,36.25089559,10.16392215,51.06503762,5,4,1903,700,656,8,36,4,1903,700,638,97.2561,95.1220,14,2.1341,-95.1220,4,0.6098,-96.6463,656,saied,zammel,95.1220,36.7840,80.0000
TN165652,Saouef Ouest,صواف الغربية,TN1656,Saouaf,Zaghouan,North East,36.19460672,10.15794251,61.26372831,3,2,1350,595,566,13,16,2,1350,595,554,97.8799,96.2898,3,0.5300,-97.3498,9,1.5901,-96.2898,566,saied,maghzaoui,96.2898,44.0741,66.6667
TN165653,El Hamira,الحميرة,TN1656,Saouaf,Zaghouan,North East,36.20986157,10.23260565,60.92497435,2,1,579,165,156,3,6,1,579,165,146,93.5897,89.7436,4,2.5641,-91.0256,6,3.8462,-89.7436,156,saied,maghzaoui,89.7436,28.4974,50.0000
TN165654,Deghafla Est,الدغافلة الشرقية,TN1656,Saouaf,Zaghouan,North East,36.19124628,10.11478677,30.55811364,2,2,2072,838,817,9,12,2,2072,838,799,97.7968,96.3280,12,1.4688,-96.3280,6,0.7344,-97.0624,817,saied,zammel,96.3280,40.4440,100.0000
TN165655,Deghafla Ouest,الدغافلة الغربية,TN1656,Saouaf,Zaghouan,North East,36.19643801,10.07198235,57.18192539,3,3,1071,518,489,12,17,3,1071,518,478,97.7505,96.5235,5,1.0225,-96.7280,6,1.2270,-96.5235,489,saied,maghzaoui,96.5235,48.3660,100.0000
TN175151,Hassen Nouri,حسن النوري,TN1751,Bizerte Nord,Bizerte,North East,37.28414043,9.87485345,0.86968654,4,4,5325,957,1188,27,66,3,3993,957,990,83.3333,68.6869,174,14.6465,-68.6869,24,2.0202,-81.3131,1188,saied,zammel,68.6869,23.9669,75.0000
TN175152,Habib Bouguatfa,الحبيب بوقطفة,TN1751,Bizerte Nord,Bizerte,North East,37.27275542,9.8653965,0.71917717,6,6,6751,1244,1451,21,62,5,5646,1244,1233,84.9759,71.9504,189,13.0255,-71.9504,29,1.9986,-82.9773,1451,saied,zammel,71.9504,22.0333,83.3333
TN175153,El Korniche,الكرنيش,TN1751,Bizerte Nord,Bizerte,North East,37.31096047,9.86539439,4.88015266,5,5,6286,1740,1646,33,61,5,6286,1740,1201,72.9648,49.6355,384,23.3293,-49.6355,61,3.7060,-69.2588,1646,saied,zammel,49.6355,27.6806,100.0000
TN175154,La Medina,المدينة,TN1751,Bizerte Nord,Bizerte,North East,37.27737319,9.87457049,0.48046413,8,8,2208,998,1087,20,52,4,2208,597,961,88.4085,79.5768,96,8.8316,-79.5768,30,2.7599,-85.6486,1087,saied,zammel,79.5768,27.0380,50.0000
TN175155,Cheik Driss,الشيخ إدريس,TN1751,Bizerte Nord,Bizerte,North East,37.27438289,9.87147381,0.0902187,1,1,435,153,143,4,6,1,435,153,126,88.1119,81.8182,9,6.2937,-81.8182,8,5.5944,-82.5175,143,saied,zammel,81.8182,35.1724,100.0000
TN175156,El Canal,القنال,TN1751,Bizerte Nord,Bizerte,North East,37.27287976,9.87563483,0.23083216,4,4,4764,1396,1316,26,54,4,4764,1396,1037,78.7994,61.3222,230,17.4772,-61.3222,49,3.7234,-75.0760,1316,saied,zammel,61.3222,29.3031,100.0000
TN175157,Bou Baker Bakir,بوبكر باكير,TN1751,Bizerte Nord,Bizerte,North East,37.26813176,9.86762695,0.8311939,5,5,5322,1536,1437,30,69,5,5322,1536,1138,79.1928,62.1434,245,17.0494,-62.1434,54,3.7578,-75.4349,1437,saied,zammel,62.1434,28.8613,100.0000
TN175158,Ain Mariam,عين مريم,TN1751,Bizerte Nord,Bizerte,North East,37.30895481,9.81263251,34.28328259,8,8,6970,715,668,10,37,7,6970,555,629,94.1617,90.1198,27,4.0419,-90.1198,12,1.7964,-92.3653,668,saied,zammel,90.1198,7.9627,87.5000
TN175159,Habib Haddad,الحبيب الحداد,TN1751,Bizerte Nord,Bizerte,North East,37.2874713,9.85909882,1.45211865,14,13,12900,4115,3884,80,169,13,12900,4115,3233,83.2389,69.6189,529,13.6200,-69.6189,122,3.1411,-80.0978,3884,saied,zammel,69.6189,31.8992,92.8571
TN175160,El Motamar,المؤتمر,TN1751,Bizerte Nord,Bizerte,North East,37.27474993,9.85901928,0.98770603,6,6,5387,1627,1784,27,85,5,5387,1627,1595,89.4058,80.7175,155,8.6883,-80.7175,34,1.9058,-87.5000,1784,saied,zammel,80.7175,30.2023,83.3333
TN175161,El Hana,الهناء,TN1751,Bizerte Nord,Bizerte,North East,37.28425388,9.86606176,0.53999933,10,10,11786,2127,1996,51,83,10,11786,2127,1684,84.3687,71.9439,248,12.4248,-71.9439,64,3.2064,-81.1623,1996,saied,zammel,71.9439,18.0468,100.0000
TN175162,15 Octobre,15أكتوبر,TN1751,Bizerte Nord,Bizerte,North East,37.28485532,9.84799575,1.21089276,3,3,3699,1184,1128,20,36,3,3699,1184,1043,92.4645,86.4362,68,6.0284,-86.4362,17,1.5071,-90.9574,1128,saied,zammel,86.4362,32.0087,100.0000
TN175251,Zarzouna Ouest,جرزونة الغربية,TN1752,Jarzouna,Bizerte,North East,37.25776472,9.87357451,0.42927482,3,3,1919,612,915,12,56,2,1919,612,864,94.4262,90.2732,38,4.1530,-90.2732,13,1.4208,-93.0055,915,saied,zammel,90.2732,31.8916,66.6667
TN175252,Zarzouna Est,جرزونة الشرقية,TN1752,Jarzouna,Bizerte,North East,37.25784254,9.89026645,4.03202907,4,4,3869,1291,1234,10,47,4,3869,1291,1139,92.3015,86.2237,75,6.0778,-86.2237,20,1.6207,-90.6807,1234,saied,zammel,86.2237,33.3678,100.0000
TN175253,Zarzouna Nord,جرزونة الشمالية,TN1752,Jarzouna,Bizerte,North East,37.26207974,9.87589947,0.34802221,3,3,2044,956,916,8,32,2,2044,674,815,88.9738,79.1485,90,9.8253,-79.1485,11,1.2009,-87.7729,916,saied,zammel,79.1485,32.9746,66.6667
TN175254,Zarzouna Sud,جرزونة الجنوبية,TN1752,Jarzouna,Bizerte,North East,37.2524267,9.87871868,0.72952792,10,10,11505,3000,2790,46,164,10,11505,3000,2609,93.5125,88.6380,136,4.8746,-88.6380,45,1.6129,-91.8996,2790,saied,zammel,88.6380,26.0756,100.0000
TN175351,Teskraia,تسكراية,TN1753,Bizerte Sud,Bizerte,North East,37.24943935,9.51887248,77.57664628,3,3,1780,524,475,1,48,3,1780,524,462,97.2632,95.5789,8,1.6842,-95.5789,5,1.0526,-96.2105,475,saied,zammel,95.5789,29.4382,100.0000
TN175352,Farhat Hached,فرحات حشاد,TN1753,Bizerte Sud,Bizerte,North East,37.28005179,9.79259367,23.86939236,9,9,9104,3043,2794,38,211,8,8917,2610,2694,96.4209,93.6650,77,2.7559,-93.6650,23,0.8232,-95.5977,2794,saied,zammel,93.6650,29.2699,88.8889
TN175353,Marnissa,مرنيصة,TN1753,Bizerte Sud,Bizerte,North East,37.31133029,9.72654084,40.91877291,3,3,3017,804,761,8,35,3,3017,804,739,97.1091,94.8752,17,2.2339,-94.8752,5,0.6570,-96.4520,761,saied,zammel,94.8752,26.6490,100.0000
TN175354,Hicher,هيشر,TN1753,Bizerte Sud,Bizerte,North East,37.28561339,9.64350712,77.88044908,1,1,908,294,274,0,20,1,908,294,270,98.5401,97.8102,2,0.7299,-97.8102,2,0.7299,-97.8102,274,saied,maghzaoui,97.8102,32.3789,100.0000
TN175355,Sidi Ameur,سيدي عامر,TN1753,Bizerte Sud,Bizerte,North East,37.21655377,9.61511645,59.33771775,2,2,1004,285,271,1,13,2,1004,285,261,96.3100,93.3579,8,2.9520,-93.3579,2,0.7380,-95.5720,271,saied,zammel,93.3579,28.3865,100.0000
TN175356,Louata,اللواتة,TN1753,Bizerte Sud,Bizerte,North East,37.21442198,9.71975002,65.32016614,6,6,5487,1662,1531,24,107,6,5487,1662,1470,96.0157,93.0111,46,3.0046,-93.0111,15,0.9798,-95.0359,1531,saied,zammel,93.0111,30.2898,100.0000
TN175357,Bab Mateur,باب ماطر,TN1753,Bizerte Sud,Bizerte,North East,37.26848735,9.84212682,0.87316354,5,5,5917,1344,1265,27,52,5,5917,1344,1209,95.5731,92.0158,45,3.5573,-92.0158,11,0.8696,-94.7036,1265,saied,zammel,92.0158,22.7142,100.0000
TN175358,Cite El Jala,حي الجلاء,TN1753,Bizerte Sud,Bizerte,North East,37.27232484,9.84926731,1.97859183,3,3,1714,903,853,11,39,2,1714,672,776,90.9730,84.0563,59,6.9168,-84.0563,18,2.1102,-88.8628,853,saied,zammel,84.0563,39.2065,66.6667
TN175359,El Massida,المصيدة,TN1753,Bizerte Sud,Bizerte,North East,37.25516383,9.82575875,7.88167186,5,5,6305,1882,1778,17,87,5,6305,1882,1692,95.1631,91.4511,66,3.7120,-91.4511,20,1.1249,-94.0382,1778,saied,zammel,91.4511,29.8493,100.0000
TN175360,Sidi Ahmed,سيدي أحمد,TN1753,Bizerte Sud,Bizerte,North East,37.25138866,9.74940085,50.53878469,5,5,4526,1277,1194,15,68,5,4526,1277,1148,96.1474,93.3836,33,2.7638,-93.3836,13,1.0888,-95.0586,1194,saied,zammel,93.3836,28.2148,100.0000
TN175451,Sedjnane,سجنان,TN1754,Sejnane,Bizerte,North East,37.04595777,9.24034803,54.05915072,9,9,8244,2485,2351,27,107,8,8244,2363,2237,95.1510,91.4504,87,3.7006,-91.4504,27,1.1484,-94.0026,2351,saied,zammel,91.4504,28.6633,88.8889
TN175452,El Maalia,المعالية,TN1754,Sejnane,Bizerte,North East,37.06588215,9.3123545,59.90655765,5,5,2850,1004,924,13,67,4,2850,732,908,98.2684,97.1861,10,1.0823,-97.1861,6,0.6494,-97.6190,924,saied,zammel,97.1861,25.6842,80.0000
TN175453,El Ababssa,العبابسة,TN1754,Sejnane,Bizerte,North East,37.15372282,9.374739,103.16346663,3,3,2001,445,413,5,27,3,2001,445,404,97.8208,96.6102,4,0.9685,-96.8523,5,1.2107,-96.6102,413,saied,maghzaoui,96.6102,22.2389,100.0000
TN175454,El Hachachna,الحشاشنة,TN1754,Sejnane,Bizerte,North East,37.12935842,9.28578788,56.29876697,5,5,5088,1099,1168,17,61,4,4244,1099,1139,97.5171,95.9760,11,0.9418,-96.5753,18,1.5411,-95.9760,1168,saied,maghzaoui,95.9760,25.8954,80.0000
TN175455,Sehabna,السحابنة,TN1754,Sejnane,Bizerte,North East,37.09392281,9.14108632,81.10907922,6,6,3466,1250,1172,15,63,5,3466,1081,1124,95.9044,93.7713,25,2.1331,-93.7713,23,1.9625,-93.9420,1172,saied,zammel,93.7713,31.1887,83.3333
TN175456,Sidi Mechrek,سيدي مشرق,TN1754,Sejnane,Bizerte,North East,37.16287083,9.15525045,77.37283789,3,3,2486,932,868,6,58,3,2486,932,847,97.5806,96.3134,10,1.1521,-96.4286,11,1.2673,-96.3134,868,saied,maghzaoui,96.3134,37.4899,100.0000
TN175457,Amaden,أمادن,TN1754,Sejnane,Bizerte,North East,37.21220809,9.35376604,145.75827548,5,5,2858,907,858,8,41,5,2858,907,834,97.2028,95.2214,17,1.9814,-95.2214,7,0.8159,-96.3869,858,saied,zammel,95.2214,31.7355,100.0000
TN175458,Mechargua,المشارقة,TN1754,Sejnane,Bizerte,North East,37.13602868,9.20881851,49.17057682,4,4,3275,914,853,10,51,4,3275,914,833,97.6553,96.3658,9,1.0551,-96.6002,11,1.2896,-96.3658,853,saied,maghzaoui,96.3658,27.9084,100.0000
TN175551,Ouled Ghanem,أولاد غانم,TN1755,Joumine,Bizerte,North East,36.99000841,9.36518074,63.20184148,3,3,3346,1236,1120,15,101,3,3346,1236,1102,98.3929,97.2321,13,1.1607,-97.2321,5,0.4464,-97.9464,1120,saied,zammel,97.2321,36.9396,100.0000
TN175552,Essemman,السمان,TN1755,Joumine,Bizerte,North East,36.91365167,9.37900997,67.83519883,4,4,2158,673,624,7,42,4,2158,673,602,96.4744,93.9103,16,2.5641,-93.9103,6,0.9615,-95.5128,624,saied,zammel,93.9103,31.1863,100.0000
TN175553,Chenana,الشنانة,TN1755,Joumine,Bizerte,North East,36.93663609,9.33135539,17.97331541,2,2,1901,788,687,7,94,2,1901,788,672,97.8166,96.2154,11,1.6012,-96.2154,4,0.5822,-97.2344,687,saied,zammel,96.2154,41.4519,100.0000
TN175554,Tahent,تاهنت,TN1755,Joumine,Bizerte,North East,36.89733405,9.50014401,84.22129735,3,3,1759,564,525,5,34,3,1759,564,513,97.7143,96.3810,7,1.3333,-96.3810,5,0.9524,-96.7619,525,saied,zammel,96.3810,32.0637,100.0000
TN175555,Kef Ghrab,كاف غراب,TN1755,Joumine,Bizerte,North East,36.86912657,9.44264876,98.69130602,3,3,1528,532,502,4,26,3,1528,532,483,96.2151,93.2271,15,2.9880,-93.2271,4,0.7968,-95.4183,502,saied,zammel,93.2271,34.8168,100.0000
TN175556,Berraies,بالرايس,TN1755,Joumine,Bizerte,North East,36.79183846,9.43622102,113.55099618,3,3,701,264,244,5,15,2,701,178,242,99.1803,98.7705,1,0.4098,-98.7705,1,0.4098,-98.7705,244,saied,maghzaoui,98.7705,25.3923,66.6667
TN175557,Touajnia,الطواجنية,TN1755,Joumine,Bizerte,North East,36.97493279,9.24007695,47.75341596,5,5,2775,1034,979,15,40,5,2775,1034,962,98.2635,97.3442,9,0.9193,-97.3442,8,0.8172,-97.4464,979,saied,zammel,97.3442,37.2613,100.0000
TN175558,Bazina,بازينة,TN1755,Joumine,Bizerte,North East,36.95821075,9.29869171,17.47456206,6,6,6429,1523,1417,22,84,6,6429,1523,1366,96.4008,94.1426,32,2.2583,-94.1426,19,1.3409,-95.0600,1417,saied,zammel,94.1426,23.6895,100.0000
TN175559,Rouaha,رواحة,TN1755,Joumine,Bizerte,North East,36.90656308,9.3000742,41.4236084,3,3,2305,741,708,12,21,3,2305,741,694,98.0226,96.7514,9,1.2712,-96.7514,5,0.7062,-97.3164,708,saied,zammel,96.7514,32.1475,100.0000
TN175651,Mateur,ماطر,TN1756,Mateur,Bizerte,North East,37.03706206,9.68122493,8.34027328,11,11,9675,2797,2931,28,110,8,8383,2185,2792,95.2576,91.4023,113,3.8553,-91.4023,26,0.8871,-94.3705,2931,saied,zammel,91.4023,26.0647,72.7273
TN175652,Banlieue De Mateur,أحواز ماطر,TN1756,Mateur,Bizerte,North East,37.07826852,9.6726091,47.10433596,3,3,3167,1281,1192,19,70,3,3167,1281,1158,97.1477,95.5537,19,1.5940,-95.5537,15,1.2584,-95.8893,1192,saied,zammel,95.5537,40.4484,100.0000
TN175653,Mateur Sud,ماطر الجنوبية,TN1756,Mateur,Bizerte,North East,37.03962384,9.660135,0.26230117,5,5,5432,1998,1882,24,92,5,5432,1998,1791,95.1647,91.4984,69,3.6663,-91.4984,22,1.1690,-93.9957,1882,saied,zammel,91.4984,36.7820,100.0000
TN175654,Cite En Nasr,حي النصر,TN1756,Mateur,Bizerte,North East,37.05337463,9.61950769,26.8282725,3,3,3008,1018,947,12,59,3,3008,1018,915,96.6209,94.5090,20,2.1119,-94.5090,12,1.2672,-95.3537,947,saied,zammel,94.5090,33.8431,100.0000
TN175655,Nefat,نفات,TN1756,Mateur,Bizerte,North East,37.04771264,9.74935895,76.55238174,4,4,2207,699,654,8,37,4,2207,699,639,97.7064,96.1774,10,1.5291,-96.1774,5,0.7645,-96.9419,654,saied,zammel,96.1774,31.6720,100.0000
TN175656,Cite Essadaka,حي الصداقة,TN1756,Mateur,Bizerte,North East,37.04527763,9.65316779,0.98223873,3,3,3463,1299,1229,11,59,3,3463,1299,1152,93.7347,89.3409,54,4.3938,-89.3409,23,1.8714,-91.8633,1229,saied,zammel,89.3409,37.5108,100.0000
TN175657,Targuellache,ترقلاش,TN1756,Mateur,Bizerte,North East,36.95589289,9.76252937,105.27196952,3,3,1025,336,406,2,16,2,1025,336,395,97.2906,95.8128,6,1.4778,-95.8128,5,1.2315,-96.0591,406,saied,zammel,95.8128,32.7805,66.6667
TN175658,Arab Majour,عرب ماجور,TN1756,Mateur,Bizerte,North East,36.95408124,9.67225697,122.99806867,3,3,1476,688,648,8,32,2,1476,427,631,97.3765,95.3704,13,2.0062,-95.3704,4,0.6173,-96.7593,648,saied,zammel,95.3704,28.9295,66.6667
TN175659,Behaya,بهاية,TN1756,Mateur,Bizerte,North East,36.94364405,9.56743022,118.98939521,2,2,2362,499,477,3,19,2,2362,499,471,98.7421,97.9036,4,0.8386,-97.9036,2,0.4193,-98.3229,477,saied,zammel,97.9036,21.1262,100.0000
TN175660,Boumkhila,بومخيلة,TN1756,Mateur,Bizerte,North East,37.00427371,9.56701746,57.07280716,3,3,2091,630,604,3,23,3,2091,630,597,98.8411,98.1788,3,0.4967,-98.3444,4,0.6623,-98.1788,604,saied,maghzaoui,98.1788,30.1291,100.0000
TN175751,Ghezala,غزالة,TN1757,Ghazala,Bizerte,North East,37.10645557,9.5838744,61.75039615,6,6,3914,1775,1675,10,90,4,3914,1129,1649,98.4478,97.5522,15,0.8955,-97.5522,11,0.6567,-97.7910,1675,saied,zammel,97.5522,28.8452,66.6667
TN175752,El Arab,العرب,TN1757,Ghazala,Bizerte,North East,37.15582771,9.54808834,52.76635208,3,3,2128,472,439,5,28,3,2128,472,426,97.0387,95.2164,8,1.8223,-95.2164,5,1.1390,-95.8998,439,saied,zammel,95.2164,22.1805,100.0000
TN175753,Dheouaouda,الذواودة,TN1757,Ghazala,Bizerte,North East,37.02088409,9.402942,42.43383946,4,4,2454,451,538,5,40,3,1758,451,516,95.9108,93.3086,14,2.6022,-93.3086,8,1.4870,-94.4238,538,saied,zammel,93.3086,25.6542,75.0000
TN175754,Hached,حشاد,TN1757,Ghazala,Bizerte,North East,37.05711639,9.57443825,32.29174934,4,4,3447,991,910,16,65,4,3447,991,890,97.8022,96.2637,14,1.5385,-96.2637,6,0.6593,-97.1429,910,saied,zammel,96.2637,28.7496,100.0000
TN175755,Ouled El May,أولاد الماي,TN1757,Ghazala,Bizerte,North East,37.14162691,9.43404664,62.20451001,1,1,675,229,213,0,16,1,675,229,206,96.7136,94.8357,3,1.4085,-95.3052,4,1.8779,-94.8357,213,saied,maghzaoui,94.8357,33.9259,100.0000
TN175756,Sidi Aissa,سيدي عيسى,TN1757,Ghazala,Bizerte,North East,37.11291121,9.48265166,39.12453298,4,4,1930,778,674,23,81,4,1930,778,663,98.3680,97.4777,5,0.7418,-97.6261,6,0.8902,-97.4777,674,saied,maghzaoui,97.4777,40.3109,100.0000
TN175757,Rakb,ركب,TN1757,Ghazala,Bizerte,North East,37.04272416,9.49041879,48.08484181,3,3,1620,622,578,11,33,3,1620,622,567,98.0969,97.0588,6,1.0381,-97.0588,5,0.8651,-97.2318,578,saied,zammel,97.0588,38.3951,100.0000
TN175758,Bou Jerir,بوجرير,TN1757,Ghazala,Bizerte,North East,37.06406071,9.38095317,24.86334193,2,2,1422,300,269,4,27,2,1422,300,255,94.7955,91.8216,8,2.9740,-91.8216,6,2.2305,-92.5651,269,saied,zammel,91.8216,21.0970,100.0000
TN175759,Sidi Mansour,سيدي منصور,TN1757,Ghazala,Bizerte,North East,36.99305585,9.47561812,46.27361484,2,2,1459,316,288,12,16,2,1459,316,283,98.2639,97.2222,2,0.6944,-97.5694,3,1.0417,-97.2222,288,saied,maghzaoui,97.2222,21.6587,100.0000
TN175851,En-Najah (1),النجاح 1,TN1758,Menzel Bourguiba,Bizerte,North East,37.15207219,9.77885198,0.9541092,6,6,6256,1947,1849,14,84,6,6256,1947,1759,95.1325,91.4008,69,3.7317,-91.4008,21,1.1357,-93.9968,1849,saied,zammel,91.4008,31.1221,100.0000
TN175852,Gabtna (1),قبطنة 1,TN1758,Menzel Bourguiba,Bizerte,North East,37.12000286,9.88004973,47.25808828,2,2,1017,375,341,2,32,2,1017,375,326,95.6012,92.3754,11,3.2258,-92.3754,4,1.1730,-94.4282,341,saied,zammel,92.3754,36.8732,100.0000
TN175853,Gabtna (2),قبطنة 2,TN1758,Menzel Bourguiba,Bizerte,North East,37.08552845,9.82388559,60.09557557,4,4,3517,1149,1067,18,64,4,3517,1149,1039,97.3758,95.5951,19,1.7807,-95.5951,9,0.8435,-96.5323,1067,saied,zammel,95.5951,32.6699,100.0000
TN175854,Cite Etthaoura,حي الثورة,TN1758,Menzel Bourguiba,Bizerte,North East,37.14637912,9.79422322,0.54241256,5,5,5429,1903,1791,31,81,5,5429,1903,1722,96.1474,93.2998,51,2.8476,-93.2998,18,1.0050,-95.1424,1791,saied,zammel,93.2998,35.0525,100.0000
TN175855,En-Najah (2),النجاح 2,TN1758,Menzel Bourguiba,Bizerte,North East,37.14212921,9.77712276,1.9852213,7,7,5372,2085,2912,30,141,5,5372,2085,2806,96.3599,93.4409,85,2.9190,-93.4409,21,0.7212,-95.6387,2912,saied,zammel,93.4409,38.8124,71.4286
TN175856,El Medina,المدينة,TN1758,Menzel Bourguiba,Bizerte,North East,37.14981121,9.80264485,8.32865413,17,17,18582,4125,3885,36,204,16,18386,3828,3566,91.7889,85.2510,254,6.5380,-85.2510,65,1.6731,-90.1158,3885,saied,zammel,85.2510,20.8202,94.1176
TN175857,Chelagmia,الشلاغمية,TN1758,Menzel Bourguiba,Bizerte,North East,37.13483394,9.79291031,7.05568867,4,4,4227,1320,1263,16,41,4,4227,1320,1221,96.6746,93.9826,34,2.6920,-93.9826,8,0.6334,-96.0412,1263,saied,zammel,93.9826,31.2278,100.0000
TN175858,Cite Jardins,حي الحدائق,TN1758,Menzel Bourguiba,Bizerte,North East,37.16298825,9.78750725,2.27887687,2,2,1500,626,599,4,23,2,1500,626,572,95.4925,91.9866,21,3.5058,-91.9866,6,1.0017,-94.4908,599,saied,zammel,91.9866,41.7333,100.0000
TN175951,Tinja,تينجة,TN1759,Tinja,Bizerte,North East,37.14847483,9.76198217,6.95755968,9,9,10536,2856,2718,38,100,9,10536,2856,2532,93.1567,87.4540,155,5.7027,-87.4540,31,1.1405,-92.0162,2718,saied,zammel,87.4540,27.1071,100.0000
TN175952,Guengla,قنقلة,TN1759,Tinja,Bizerte,North East,37.17308089,9.77787433,4.07930305,5,5,4298,1988,1878,33,77,4,4298,1549,1765,93.9830,88.9244,95,5.0586,-88.9244,18,0.9585,-93.0245,1878,saied,zammel,88.9244,36.0400,80.0000
TN175953,Ez-Zarour,الزعرور,TN1759,Tinja,Bizerte,North East,37.10789306,9.74716611,49.79232725,3,3,1761,621,574,14,33,3,1761,621,565,98.4321,97.5610,4,0.6969,-97.7352,5,0.8711,-97.5610,574,saied,maghzaoui,97.5610,35.2641,100.0000
TN176051,Utique,أوتيك,TN1760,Utique,Bizerte,North East,37.05821447,10.05492746,53.73976752,5,5,4591,1301,1222,16,63,5,4591,1301,1161,95.0082,91.4894,43,3.5188,-91.4894,18,1.4730,-93.5352,1222,saied,zammel,91.4894,28.3381,100.0000
TN176052,Nouvelle Utique,أوتيك الجديدة,TN1760,Utique,Bizerte,North East,37.11601917,10.11786189,42.0507958,2,2,2248,693,642,4,47,2,2248,693,604,94.0810,89.5639,29,4.5171,-89.5639,9,1.4019,-92.6791,642,saied,zammel,89.5639,30.8274,100.0000
TN176053,Besbassia,البسباسية,TN1760,Utique,Bizerte,North East,37.06778741,9.92594035,32.19021607,2,2,1743,507,480,5,22,2,1743,507,467,97.2917,95.4167,9,1.8750,-95.4167,4,0.8333,-96.4583,480,saied,zammel,95.4167,29.0878,100.0000
TN176054,El Houidh,الحويض,TN1760,Utique,Bizerte,North East,37.07311886,9.97668558,43.25714831,2,2,0,459,418,5,12,0,0,0,411,98.3254,97.3684,4,0.9569,-97.3684,3,0.7177,-97.6077,418,saied,zammel,97.3684,,0.0000
TN176055,El Mabtouh,المطبوح,TN1760,Utique,Bizerte,North East,36.97890098,9.93786819,99.21747761,1,1,807,299,285,5,9,1,807,299,268,94.0351,89.1228,14,4.9123,-89.1228,3,1.0526,-92.9825,285,saied,zammel,89.1228,37.0508,100.0000
TN176056,Ain Ghelal,عين غلال,TN1760,Utique,Bizerte,North East,37.03217782,9.86478504,45.06985216,3,3,1366,608,568,8,32,2,1366,404,555,97.7113,96.3028,5,0.8803,-96.8310,8,1.4085,-96.3028,568,saied,maghzaoui,96.3028,29.5754,66.6667
TN176057,Sidi Othman,سيدي عثمان,TN1760,Utique,Bizerte,North East,36.97271921,9.87174314,26.67067378,1,1,958,355,325,5,25,1,958,355,306,94.1538,89.5385,15,4.6154,-89.5385,4,1.2308,-92.9231,325,saied,zammel,89.5385,37.0564,100.0000
TN176058,Bach Hamba,باش حانبة,TN1760,Utique,Bizerte,North East,36.95823207,9.98611186,39.15296372,3,3,1720,658,629,4,25,3,1720,658,602,95.7075,92.2099,22,3.4976,-92.2099,5,0.7949,-94.9126,629,saied,zammel,92.2099,38.2558,100.0000
TN176151,Ghar El Meleh,غار الملح,TN1761,Ghar El Melh,Bizerte,North East,37.16775046,10.23719928,14.04598886,5,5,4095,1300,1231,21,48,4,3971,1013,1060,86.1089,73.7612,152,12.3477,-73.7612,19,1.5435,-84.5654,1231,saied,zammel,73.7612,25.5099,80.0000
TN176152,Bajou,باجو,TN1761,Ghar El Melh,Bizerte,North East,37.16451242,10.13022546,17.12727215,3,3,3158,848,812,6,30,3,3158,848,779,95.9360,92.7340,26,3.2020,-92.7340,7,0.8621,-95.0739,812,saied,zammel,92.7340,26.8524,100.0000
TN176153,Ousja,عوسجة,TN1761,Ghar El Melh,Bizerte,North East,37.16881354,10.07853868,39.57004003,7,7,5690,1604,1514,24,66,6,5690,1399,1392,91.9419,84.9406,106,7.0013,-84.9406,16,1.0568,-90.8851,1514,saied,zammel,84.9406,24.5870,85.7143
TN176154,Zouaouine,الزواوين,TN1761,Ghar El Melh,Bizerte,North East,37.11580826,10.02719355,21.58402869,3,3,1478,993,934,16,43,2,1478,653,858,91.8630,84.7966,66,7.0664,-84.7966,10,1.0707,-90.7923,934,saied,zammel,84.7966,44.1813,66.6667
TN176251,Menzel Djemil Est,منزل جميل الشرقية,TN1762,Menzel Jemil,Bizerte,North East,37.22094563,9.98570838,39.62178927,14,14,13754,2692,3071,33,127,12,13754,2692,2774,90.3289,82.1231,252,8.2058,-82.1231,45,1.4653,-88.8636,3071,saied,zammel,82.1231,19.5725,85.7143
TN176252,Menzel Djemil Ouest,منزل جميل الغربية,TN1762,Menzel Jemil,Bizerte,North East,37.23453839,9.90162796,7.27393315,7,7,3578,1928,1851,11,66,5,3578,1346,1714,92.5986,86.4398,114,6.1588,-86.4398,23,1.2426,-91.3560,1851,saied,zammel,86.4398,37.6188,71.4286
TN176253,Menzel Abderrahmen Est,منزل عبد الرحمان الشرقية,TN1762,Menzel Jemil,Bizerte,North East,37.24342438,9.8700406,3.43940283,8,8,9228,1985,1900,20,65,8,9228,1985,1772,93.2632,88.0000,100,5.2632,-88.0000,28,1.4737,-91.7895,1900,saied,zammel,88.0000,21.5106,100.0000
TN176254,Menzel Abderrahmen Ouest,منزل عبد الرحمان الغربية,TN1762,Menzel Jemil,Bizerte,North East,37.23841838,9.85021432,6.23154971,6,6,5225,1883,2268,25,142,5,5225,1883,2071,91.3139,84.5238,154,6.7901,-84.5238,43,1.8959,-89.4180,2268,saied,zammel,84.5238,36.0383,83.3333
TN176255,El Azib,العزيب,TN1762,Menzel Jemil,Bizerte,North East,37.18679508,9.9475419,25.94599117,5,5,3890,1179,1402,10,76,4,3890,1179,1371,97.7889,96.5763,14,0.9986,-96.7903,17,1.2126,-96.5763,1402,saied,maghzaoui,96.5763,30.3085,80.0000
TN176351,Sidi Ali Chabab,سيدي علي الشباب,TN1763,El Alia,Bizerte,North East,37.19810104,10.04562364,8.8384362,2,1,655,183,178,0,5,1,655,183,167,93.8202,89.8876,7,3.9326,-89.8876,4,2.2472,-91.5730,178,saied,zammel,89.8876,27.9389,50.0000
TN176352,El Alia Nord,العالية الشمالية,TN1763,El Alia,Bizerte,North East,37.17592851,10.0018036,21.76663531,7,7,5392,2100,1991,37,72,6,5392,1845,1659,83.3250,68.9101,287,14.4149,-68.9101,45,2.2602,-81.0648,1991,saied,zammel,68.9101,34.2174,85.7143
TN176353,El Alia Sud,العالية الجنوبية,TN1763,El Alia,Bizerte,North East,37.16023142,10.03340294,12.20783218,10,10,8835,1892,1779,40,72,9,8835,1708,1559,87.6335,77.5155,180,10.1180,-77.5155,40,2.2485,-85.3850,1779,saied,zammel,77.5155,19.3322,90.0000
TN176354,El Khetmine,الختمين,TN1763,El Alia,Bizerte,North East,37.13817703,9.97184567,42.13033895,5,5,3941,845,893,9,58,4,3301,845,864,96.7525,94.7368,18,2.0157,-94.7368,11,1.2318,-95.5207,893,saied,zammel,94.7368,25.5983,80.0000
TN176451,Ras El Djebel Nord,رأس الجبل الشمالية,TN1764,Ras Jebel,Bizerte,North East,37.21658756,10.14453814,15.13593575,15,15,14862,5711,5442,64,205,14,14862,5248,4858,89.2687,80.4300,481,8.8387,-80.4300,103,1.8927,-87.3760,5442,saied,zammel,80.4300,35.3115,93.3333
TN176452,Ras El Djebel Sud,رأس الجبل الجنوبية,TN1764,Ras Jebel,Bizerte,North East,37.21200672,10.10538785,14.75305204,10,10,9796,3043,2887,32,124,9,9796,2752,2694,93.3149,88.0152,153,5.2996,-88.0152,40,1.3855,-91.9293,2887,saied,zammel,88.0152,28.0931,90.0000
TN176453,Metline,الماتلين,TN1764,Ras Jebel,Bizerte,North East,37.2422061,10.06773968,11.93573963,8,8,5658,1565,1485,21,59,7,5658,1282,1346,90.6397,84.1077,97,6.5320,-84.1077,42,2.8283,-87.8114,1485,saied,zammel,84.1077,22.6582,87.5000
TN176454,Metline Ouest,الماتلين الغربية,TN1764,Ras Jebel,Bizerte,North East,37.24021032,10.03117293,9.76165271,3,3,3288,1097,1031,11,55,3,3288,1097,918,89.0398,80.6014,87,8.4384,-80.6014,26,2.5218,-86.5179,1031,saied,zammel,80.6014,33.3637,100.0000
TN176455,Sounine,صونين,TN1764,Ras Jebel,Bizerte,North East,37.20470494,10.16298594,5.06955858,3,3,2044,518,677,10,30,2,2044,518,651,96.1595,92.9099,22,3.2496,-92.9099,4,0.5908,-95.5687,677,saied,zammel,92.9099,25.3425,66.6667
TN176456,Rafraf,رفراف,TN1764,Ras Jebel,Bizerte,North East,37.19238495,10.16939789,17.14124252,10,10,10295,2070,1990,23,57,10,10295,2070,1851,93.0151,86.8342,123,6.1809,-86.8342,16,0.8040,-92.2111,1990,saied,zammel,86.8342,20.1068,100.0000
TN176457,El Garia,القرية,TN1764,Ras Jebel,Bizerte,North East,37.21877288,10.03459974,10.32080267,2,2,929,394,367,5,22,1,929,158,337,91.8256,85.5586,23,6.2670,-85.5586,7,1.9074,-89.9183,367,saied,zammel,85.5586,17.0075,50.0000
TN215151,Beja,باجة,TN2151,Béja Nord,Béja,North West,36.72578038,9.18282886,0.57822498,11,11,11022,2337,2226,35,76,11,11022,2337,2047,91.9587,85.3549,147,6.6038,-85.3549,32,1.4376,-90.5211,2226,saied,zammel,85.3549,21.2030,100.0000
TN215152,El Mzara,المزارة,TN2151,Béja Nord,Béja,North West,36.73618531,9.19019379,3.91620233,10,10,10049,3077,2943,25,109,10,10049,3077,2659,90.3500,82.7047,225,7.6453,-82.7047,59,2.0048,-88.3452,2943,saied,zammel,82.7047,30.6200,100.0000
TN215153,Ksar Bardo,قصر باردو,TN2151,Béja Nord,Béja,North West,36.73510877,9.17520877,0.58175433,7,7,7476,2653,2511,45,97,7,7476,2653,2316,92.2342,85.8622,160,6.3720,-85.8622,35,1.3939,-90.8403,2511,saied,zammel,85.8622,35.4869,100.0000
TN215154,Zouabi,الزوابي,TN2151,Béja Nord,Béja,North West,36.72787939,9.17458904,0.30414927,5,5,5827,2121,1984,49,88,5,5827,2121,1874,94.4556,89.7177,94,4.7379,-89.7177,16,0.8065,-93.6492,1984,saied,zammel,89.7177,36.3995,100.0000
TN215155,El Manar,المنار,TN2151,Béja Nord,Béja,North West,36.7338835,9.16961819,0.57917782,6,6,6585,2531,2383,51,97,6,6585,2531,2276,95.5099,91.9849,84,3.5250,-91.9849,23,0.9652,-94.5447,2383,saied,zammel,91.9849,38.4358,100.0000
TN215156,El Kasba,القصبة,TN2151,Béja Nord,Béja,North West,36.7207632,9.17563535,0.66743391,3,3,2653,651,1011,12,38,2,1768,651,964,95.3511,91.5925,38,3.7587,-91.5925,9,0.8902,-94.4609,1011,saied,zammel,91.5925,36.8213,66.6667
TN215157,Azra,عزرة,TN2151,Béja Nord,Béja,North West,36.75223373,9.15608094,27.71309816,2,2,977,278,253,6,10,1,977,158,250,98.8142,98.0237,1,0.3953,-98.4190,2,0.7905,-98.0237,253,saied,maghzaoui,98.0237,16.1720,50.0000
TN215158,El Ghriria,الغيرية,TN2151,Béja Nord,Béja,North West,36.71803953,9.10905518,31.81342076,2,2,1947,597,562,3,32,2,1947,597,553,98.3986,97.5089,5,0.8897,-97.5089,4,0.7117,-97.6868,562,saied,zammel,97.5089,30.6626,100.0000
TN215159,El Mounchar,المنشار,TN2151,Béja Nord,Béja,North West,36.74037416,9.28698924,84.23195403,4,4,3407,1077,1025,16,36,4,3407,1077,1013,98.8293,97.6585,12,1.1707,-97.6585,0,0.0000,-98.8293,1025,saied,zammel,97.6585,31.6114,100.0000
TN215160,Ksar Mezouar,قصر مزوار,TN2151,Béja Nord,Béja,North West,36.82826643,9.33540159,75.22761264,4,4,3155,935,896,15,24,4,3155,935,879,98.1027,96.9866,7,0.7812,-97.3214,10,1.1161,-96.9866,896,saied,maghzaoui,96.9866,29.6355,100.0000
TN215161,Bou Hzam,بوحزام,TN2151,Béja Nord,Béja,North West,36.79578698,9.23253943,66.54015061,2,2,1845,433,400,6,27,2,1845,433,397,99.2500,98.5000,3,0.7500,-98.5000,0,0.0000,-99.2500,400,saied,zammel,98.5000,23.4688,100.0000
TN215162,En-Nakachia,النقاشية,TN2151,Béja Nord,Béja,North West,36.85785204,9.25417644,43.69233145,2,2,1091,432,386,5,41,2,1091,432,380,98.4456,97.1503,5,1.2953,-97.1503,1,0.2591,-98.1865,386,saied,zammel,97.1503,39.5967,100.0000
TN215163,El Ghraba,الغرابة,TN2151,Béja Nord,Béja,North West,36.89208907,9.20634023,41.68392352,2,2,1471,391,372,1,18,2,1471,391,361,97.0430,95.4301,6,1.6129,-95.4301,5,1.3441,-95.6989,372,saied,zammel,95.4301,26.5806,100.0000
TN215164,Ain Soltane,عين سلطان,TN2151,Béja Nord,Béja,North West,36.81429448,9.15680349,50.27515213,2,2,2058,504,482,2,20,2,2058,504,474,98.3402,97.5104,4,0.8299,-97.5104,4,0.8299,-97.5104,482,saied,maghzaoui,97.5104,24.4898,100.0000
TN215251,Sidi Fredj,سيدي فرج,TN2152,Béja Sud,Béja,North West,36.72203792,9.19605448,1.83026239,4,4,4126,1526,1443,18,65,4,4126,1526,1321,91.5454,84.3382,104,7.2072,-84.3382,18,1.2474,-90.2980,1443,saied,zammel,84.3382,36.9850,100.0000
TN215252,El Haouari,الهواري,TN2152,Béja Sud,Béja,North West,36.71837219,9.18524791,0.67606801,7,7,7828,2656,2536,38,82,7,7828,2656,2243,88.4464,79.4953,227,8.9511,-79.4953,66,2.6025,-85.8438,2536,saied,zammel,79.4953,33.9295,100.0000
TN215253,El Maagoula,المعقولة,TN2152,Béja Sud,Béja,North West,36.7073778,9.20302964,21.15805848,6,6,6521,2299,2178,26,95,6,6521,2299,2106,96.6942,94.3526,51,2.3416,-94.3526,21,0.9642,-95.7300,2178,saied,zammel,94.3526,35.2553,100.0000
TN215254,Hammam Siala,حمام سيالة,TN2152,Béja Sud,Béja,North West,36.67751609,9.16609269,67.11950398,2,2,2085,735,683,23,29,2,2085,735,656,96.0469,92.9722,21,3.0747,-92.9722,6,0.8785,-95.1684,683,saied,zammel,92.9722,35.2518,100.0000
TN215255,Sidi Smail,سيدي إسماعيل,TN2152,Béja Sud,Béja,North West,36.5784013,9.15188225,62.94144264,5,5,3315,1230,1131,10,89,4,3315,939,1091,96.4633,93.7224,31,2.7409,-93.7224,9,0.7958,-95.6676,1131,saied,zammel,93.7224,28.3258,80.0000
TN215256,Mekhachbia,المخشبية,TN2152,Béja Sud,Béja,North West,36.67662045,9.28126102,92.38714908,2,2,1489,361,336,11,14,2,1489,361,327,97.3214,94.9405,8,2.3810,-94.9405,1,0.2976,-97.0238,336,saied,zammel,94.9405,24.2445,100.0000
TN215257,Sidi Es-Shili,سيدي السهيلي,TN2152,Béja Sud,Béja,North West,36.62533146,9.11270199,45.64837133,2,2,1930,488,451,6,31,2,1930,488,439,97.3392,95.3437,9,1.9956,-95.3437,3,0.6652,-96.6741,451,saied,zammel,95.3437,25.2850,100.0000
TN215258,Zouagha,زواغة,TN2152,Béja Sud,Béja,North West,36.65787858,9.07470589,33.11331249,2,2,1417,385,366,2,17,2,1417,385,350,95.6284,91.8033,14,3.8251,-91.8033,2,0.5464,-95.0820,366,saied,zammel,91.8033,27.1701,100.0000
TN215259,Mestouta,مستوتة,TN2152,Béja Sud,Béja,North West,36.60467014,9.21758024,39.68693492,1,1,1250,327,287,3,37,1,1250,327,282,98.2578,96.8641,4,1.3937,-96.8641,1,0.3484,-97.9094,287,saied,zammel,96.8641,26.1600,100.0000
TN215351,Zahret Medien,زهرة مدين,TN2153,Amdoun,Béja,North West,36.78193976,9.08896788,9.54020545,5,5,3474,1551,1460,10,81,4,3405,1224,1370,93.8356,88.8356,73,5.0000,-88.8356,17,1.1644,-92.6712,1460,saied,zammel,88.8356,35.9471,80.0000
TN215352,Zahret Medien Sud,زهرة مدين الجنوبية,TN2153,Amdoun,Béja,North West,36.76025852,9.0877087,18.66859946,2,2,2366,810,747,9,54,2,2366,810,711,95.1807,91.1647,30,4.0161,-91.1647,6,0.8032,-94.3775,747,saied,zammel,91.1647,34.2350,100.0000
TN215353,El Fraijia,الفرايجية,TN2153,Amdoun,Béja,North West,36.82260387,8.98306965,13.1630698,1,1,704,241,218,2,21,1,704,241,212,97.2477,95.8716,3,1.3761,-95.8716,3,1.3761,-95.8716,218,saied,maghzaoui,95.8716,34.2330,100.0000
TN215354,El Ghorfa,الغرفة,TN2153,Amdoun,Béja,North West,36.81657894,8.95721926,18.25857839,1,1,688,138,129,2,7,1,688,138,124,96.1240,92.2481,0,0.0000,-96.1240,5,3.8760,-92.2481,129,saied,maghzaoui,92.2481,20.0581,100.0000
TN215355,Romadhnia,الرماضنية,TN2153,Amdoun,Béja,North West,36.77939441,8.99947984,15.21333613,1,1,921,242,219,2,21,1,921,242,215,98.1735,96.8037,3,1.3699,-96.8037,1,0.4566,-97.7169,219,saied,zammel,96.8037,26.2758,100.0000
TN215356,Maghraoua,مغراوة,TN2153,Amdoun,Béja,North West,36.77865142,8.94870795,10.73464264,1,1,547,144,124,7,13,1,547,144,119,95.9677,93.5484,2,1.6129,-94.3548,3,2.4194,-93.5484,124,saied,maghzaoui,93.5484,26.3254,100.0000
TN215357,Sabah,صباح,TN2153,Amdoun,Béja,North West,36.80032151,9.07665098,10.33734795,1,1,845,382,357,6,19,1,845,382,342,95.7983,92.7171,4,1.1204,-94.6779,11,3.0812,-92.7171,357,saied,maghzaoui,92.7171,45.2071,100.0000
TN215358,El Mejaless,المجالس,TN2153,Amdoun,Béja,North West,36.81946901,9.05789577,13.08394266,2,2,792,337,306,4,27,2,792,337,301,98.3660,97.3856,2,0.6536,-97.7124,3,0.9804,-97.3856,306,saied,maghzaoui,97.3856,42.5505,100.0000
TN215359,El Hamra,الحمراء,TN2153,Amdoun,Béja,North West,36.86642573,9.04066092,20.54856266,2,2,1076,226,203,5,18,2,1076,226,198,97.5369,96.0591,2,0.9852,-96.5517,3,1.4778,-96.0591,203,saied,maghzaoui,96.0591,21.0037,100.0000
TN215360,Ghazia,غزية,TN2153,Amdoun,Béja,North West,36.81666265,9.10799652,18.19231537,2,2,1608,580,546,2,32,2,1608,580,530,97.0696,95.4212,9,1.6484,-95.4212,7,1.2821,-95.7875,546,saied,zammel,95.4212,36.0697,100.0000
TN215361,Malek,مالك,TN2153,Amdoun,Béja,North West,36.79724057,9.03794991,19.71707983,1,1,861,250,233,0,17,1,861,250,221,94.8498,91.8455,7,3.0043,-91.8455,5,2.1459,-92.7039,233,saied,zammel,91.8455,29.0360,100.0000
TN215362,Tarhouni,الطرهوني,TN2153,Amdoun,Béja,North West,36.6934043,9.05337638,25.47038395,1,1,904,336,312,2,22,1,904,336,306,98.0769,96.4744,1,0.3205,-97.7564,5,1.6026,-96.4744,312,saied,maghzaoui,96.4744,37.1681,100.0000
TN215363,El Goussa,القوسة,TN2153,Amdoun,Béja,North West,36.75367229,9.04009043,23.84213427,2,2,1301,438,408,9,21,2,1301,438,401,98.2843,97.0588,2,0.4902,-97.7941,5,1.2255,-97.0588,408,saied,maghzaoui,97.0588,33.6664,100.0000
TN215364,El Djouza,الجوزة,TN2153,Amdoun,Béja,North West,36.85044981,9.01245442,21.58555064,1,1,702,241,232,1,8,1,702,241,231,99.5690,99.1379,1,0.4310,-99.1379,0,0.0000,-99.5690,232,saied,zammel,99.1379,34.3305,100.0000
TN215451,Nefza Est,نفزة الشرقية,TN2154,Nefza,Béja,North West,36.98889181,9.08343128,10.90803474,5,5,4428,1453,1389,10,54,5,4428,1453,1270,91.4327,86.8970,63,4.5356,-86.8970,56,4.0317,-87.4010,1389,saied,zammel,86.8970,32.8139,100.0000
TN215452,Nefza Ouest,نفزة الغربية,TN2154,Nefza,Béja,North West,36.98212704,9.04811473,27.21554409,7,7,6970,2148,2054,22,72,7,6970,2148,1845,89.8247,82.9601,141,6.8647,-82.9601,68,3.3106,-86.5141,2054,saied,zammel,82.9601,30.8178,100.0000
TN215453,Ouachtata,وشتاتة,TN2154,Nefza,Béja,North West,36.93530098,8.95794271,27.6718507,4,4,4403,1607,1534,28,45,4,4403,1607,1456,94.9153,91.7210,29,1.8905,-93.0248,49,3.1943,-91.7210,1534,saied,maghzaoui,91.7210,36.4978,100.0000
TN215454,Kap Negro,كاب النيقرو,TN2154,Nefza,Béja,North West,37.09036414,9.03176508,81.71321155,2,2,1782,488,461,7,20,2,1782,488,445,96.5293,94.1432,5,1.0846,-95.4447,11,2.3861,-94.1432,461,saied,maghzaoui,94.1432,27.3850,100.0000
TN215455,Ezzouaraa,الزوارع,TN2154,Nefza,Béja,North West,36.99584566,8.96061628,61.00306107,3,3,2848,966,907,16,43,3,2848,966,872,96.1411,94.1566,18,1.9846,-94.1566,17,1.8743,-94.2668,907,saied,zammel,94.1566,33.9185,100.0000
TN215456,Bou-Zenna,بوزنة,TN2154,Nefza,Béja,North West,36.98293569,9.16863212,29.29940011,2,2,1816,420,361,9,50,2,1816,420,351,97.2299,95.8449,5,1.3850,-95.8449,5,1.3850,-95.8449,361,saied,maghzaoui,95.8449,23.1278,100.0000
TN215457,Maktaa Hadid,مقطع حديد,TN2154,Nefza,Béja,North West,37.05191248,8.99547765,63.33700932,1,1,1179,330,303,0,27,1,1179,330,293,96.6997,95.0495,5,1.6502,-95.0495,5,1.6502,-95.0495,303,saied,maghzaoui,95.0495,27.9898,100.0000
TN215458,Bellif,بالليف,TN2154,Nefza,Béja,North West,37.02396109,9.06917979,24.31499385,2,2,1761,629,578,6,45,2,1761,629,562,97.2318,95.8478,8,1.3841,-95.8478,8,1.3841,-95.8478,578,saied,maghzaoui,95.8478,35.7183,100.0000
TN215459,Djebel Ediss,جبل الديس,TN2154,Nefza,Béja,North West,37.02018555,9.15508298,49.03243287,5,5,4110,1041,990,10,41,5,4110,1041,954,96.3636,94.5455,18,1.8182,-94.5455,18,1.8182,-94.5455,990,saied,maghzaoui,94.5455,25.3285,100.0000
TN215460,Fatnassa,فطناسة,TN2154,Nefza,Béja,North West,36.94000034,9.21521809,26.03350405,2,2,1393,414,380,20,14,2,1393,414,369,97.1053,95.2632,4,1.0526,-96.0526,7,1.8421,-95.2632,380,saied,maghzaoui,95.2632,29.7200,100.0000
TN215461,Ghayadha,غياضة,TN2154,Nefza,Béja,North West,36.93581961,9.15363051,31.09098816,1,1,1016,242,217,4,21,1,1016,242,215,99.0783,98.6175,1,0.4608,-98.6175,1,0.4608,-98.6175,217,saied,maghzaoui,98.6175,23.8189,100.0000
TN215462,Zaga,زاقة,TN2154,Nefza,Béja,North West,36.92420369,9.02606942,34.15888984,3,3,2813,770,717,11,42,3,2813,770,695,96.9317,95.3975,11,1.5342,-95.3975,11,1.5342,-95.3975,717,saied,maghzaoui,95.3975,27.3729,100.0000
TN215463,Tebaba,الطبابة,TN2154,Nefza,Béja,North West,36.88852812,9.07640104,44.82712017,2,2,1575,380,362,1,17,2,1575,380,346,95.5801,92.5414,11,3.0387,-92.5414,5,1.3812,-94.1989,362,saied,zammel,92.5414,24.1270,100.0000
TN215464,Oued El Maaden,وادي المعدن,TN2154,Nefza,Béja,North West,36.85611163,9.11922843,35.07576184,2,2,1497,322,306,1,15,2,1497,322,294,96.0784,92.4837,1,0.3268,-95.7516,11,3.5948,-92.4837,306,saied,maghzaoui,92.4837,21.5097,100.0000
TN215465,Djamila,الجميلة,TN2154,Nefza,Béja,North West,36.9442963,9.07196435,26.93199431,4,4,3256,971,916,13,42,4,3256,971,901,98.3624,97.3799,6,0.6550,-97.7074,9,0.9825,-97.3799,916,saied,maghzaoui,97.3799,29.8219,100.0000
TN215466,Dehiret,الظهيرات,TN2154,Nefza,Béja,North West,36.94310055,9.11958757,20.307924,2,2,1531,456,405,6,45,2,1531,456,391,96.5432,94.3210,5,1.2346,-95.3086,9,2.2222,-94.3210,405,saied,maghzaoui,94.3210,29.7845,100.0000
TN215551,Teboursouk Ville,تبرسق المدينة,TN2155,Téboursouk,Béja,North West,36.456397,9.25855367,3.08686186,3,3,3386,663,630,5,28,3,3386,663,604,95.8730,92.6984,20,3.1746,-92.6984,6,0.9524,-94.9206,630,saied,zammel,92.6984,19.5806,100.0000
TN215552,Ain El Karma,عين الكرمة,TN2155,Téboursouk,Béja,North West,36.46810498,9.25171307,8.70512804,4,4,3941,1251,1181,23,47,4,3941,1251,1109,93.9035,88.7384,61,5.1651,-88.7384,11,0.9314,-92.9721,1181,saied,zammel,88.7384,31.7432,100.0000
TN215553,El Menchia,المنشية,TN2155,Téboursouk,Béja,North West,36.45377896,9.2033133,17.95528428,4,4,4108,1124,1043,20,61,4,4108,1124,997,95.5896,92.6174,31,2.9722,-92.6174,15,1.4382,-94.1515,1043,saied,zammel,92.6174,27.3612,100.0000
TN215554,Dougga,دقة,TN2155,Téboursouk,Béja,North West,36.39060297,9.24582908,71.0686238,3,3,2643,859,801,12,46,3,2643,859,774,96.6292,94.0075,21,2.6217,-94.0075,6,0.7491,-95.8801,801,saied,zammel,94.0075,32.5009,100.0000
TN215555,Rihana,ريحانة,TN2155,Téboursouk,Béja,North West,36.42733372,9.13116851,49.64930409,1,1,841,221,206,4,11,1,841,221,205,99.5146,99.0291,0,0.0000,-99.5146,1,0.4854,-99.0291,206,saied,maghzaoui,99.0291,26.2782,100.0000
TN215556,Ain El Melliti,عين المليتي,TN2155,Téboursouk,Béja,North West,36.50430682,9.19340781,48.76472642,2,2,1070,370,348,6,16,2,1070,370,344,98.8506,97.9885,1,0.2874,-98.5632,3,0.8621,-97.9885,348,saied,maghzaoui,97.9885,34.5794,100.0000
TN215557,Fadden Es-Souk,فدان السوق,TN2155,Téboursouk,Béja,North West,36.4128479,9.31651844,43.29596789,2,2,1094,380,352,7,21,2,1094,380,346,98.2955,96.8750,5,1.4205,-96.8750,1,0.2841,-98.0114,352,saied,zammel,96.8750,34.7349,100.0000
TN215558,Ain El Hammam,عين الحمام,TN2155,Téboursouk,Béja,North West,36.40138051,9.15665606,31.76873857,1,1,293,130,127,2,1,1,293,130,125,98.4252,96.8504,0,0.0000,-98.4252,2,1.5748,-96.8504,127,saied,maghzaoui,96.8504,44.3686,100.0000
TN215559,Ain Djammala,عين جمالة,TN2155,Téboursouk,Béja,North West,36.48305389,9.29890697,61.91698247,2,2,940,293,277,4,12,2,940,293,272,98.1949,96.7509,4,1.4440,-96.7509,1,0.3610,-97.8339,277,saied,zammel,96.7509,31.1702,100.0000
TN215560,Bir Ettouta,بئر التوتة,TN2155,Téboursouk,Béja,North West,36.52583432,9.25896143,59.23897429,2,2,1031,384,364,6,14,2,1031,384,359,98.6264,97.5275,1,0.2747,-98.3516,4,1.0989,-97.5275,364,saied,maghzaoui,97.5275,37.2454,100.0000
TN215651,Tibar,تيبار,TN2156,Thibar,Béja,North West,36.52822238,9.12192431,30.90460241,3,3,3325,1208,1150,9,49,3,3325,1208,1118,97.2174,95.4783,20,1.7391,-95.4783,12,1.0435,-96.1739,1150,saied,zammel,95.4783,36.3308,100.0000
TN215652,Djebba,دجبة,TN2156,Thibar,Béja,North West,36.48099404,9.11503722,34.25356434,3,3,3011,1013,942,10,61,3,3011,1013,906,96.1783,93.3121,27,2.8662,-93.3121,9,0.9554,-95.2229,942,saied,zammel,93.3121,33.6433,100.0000
TN215653,Ain Ed-Defali,عين الدفالي,TN2156,Thibar,Béja,North West,36.47510164,9.06637809,30.17907768,2,2,1088,304,267,4,33,2,1088,304,262,98.1273,96.6292,1,0.3745,-97.7528,4,1.4981,-96.6292,267,saied,maghzaoui,96.6292,27.9412,100.0000
TN215654,En-Nechima,النشيمة,TN2156,Thibar,Béja,North West,36.5724926,9.08743267,19.0834295,2,2,1434,508,475,9,24,2,1434,508,469,98.7368,97.6842,5,1.0526,-97.6842,1,0.2105,-98.5263,475,saied,zammel,97.6842,35.4254,100.0000
TN215751,Testour,تستور,TN2157,Testour,Béja,North West,36.54657215,9.45967794,18.57040186,2,2,2385,687,651,15,21,2,2385,687,600,92.1659,85.5607,43,6.6052,-85.5607,8,1.2289,-90.9370,651,saied,zammel,85.5607,28.8050,100.0000
TN215752,Ibn Zeydoun,إبن زيدون,TN2157,Testour,Béja,North West,36.54041125,9.42359795,11.42797039,4,4,3078,1468,1395,22,51,3,3078,1160,1262,90.4659,83.7276,94,6.7384,-83.7276,39,2.7957,-87.6703,1395,saied,zammel,83.7276,37.6868,75.0000
TN215753,Cite 26 Fevrier,حي 26 فيفري,TN2157,Testour,Béja,North West,36.54657029,9.44475984,1.027138,6,6,5310,1711,1600,25,86,6,5310,1711,1534,95.8750,93.0625,45,2.8125,-93.0625,21,1.3125,-94.5625,1600,saied,zammel,93.0625,32.2222,100.0000
TN215754,Mezougha,مزوغة,TN2157,Testour,Béja,North West,36.6089611,9.33822533,51.18978775,2,2,850,345,326,7,12,2,850,345,314,96.3190,93.5583,9,2.7607,-93.5583,3,0.9202,-95.3988,326,saied,zammel,93.5583,40.5882,100.0000
TN215755,Zeldou,زلدو,TN2157,Testour,Béja,North West,36.58147971,9.29583984,72.97025193,3,3,1284,412,387,5,20,3,1284,412,373,96.3824,94.3152,8,2.0672,-94.3152,6,1.5504,-94.8320,387,saied,zammel,94.3152,32.0872,100.0000
TN215756,Ouled Salama,أولاد سلامة,TN2157,Testour,Béja,North West,36.49282622,9.51131508,51.7551626,2,2,1144,494,478,8,8,2,1144,494,469,98.1172,96.8619,6,1.2552,-96.8619,3,0.6276,-97.4895,478,saied,zammel,96.8619,43.1818,100.0000
TN215757,Es-Slouguia,السلوقية,TN2157,Testour,Béja,North West,36.56372664,9.5420567,83.93886089,6,6,4444,1577,1515,15,47,6,4444,1577,1451,95.7756,93.3333,37,2.4422,-93.3333,27,1.7822,-93.9934,1515,saied,zammel,93.3333,35.4860,100.0000
TN215758,Ain Younes,عين يونس,TN2157,Testour,Béja,North West,36.49989093,9.40405376,111.52354997,3,3,1413,432,405,9,18,3,1413,432,396,97.7778,96.0494,7,1.7284,-96.0494,2,0.4938,-97.2840,405,saied,zammel,96.0494,30.5732,100.0000
TN215759,Es-Sekhira,الصخيرة,TN2157,Testour,Béja,North West,36.59806594,9.43014504,28.58630337,2,2,1063,424,417,2,5,2,1063,424,407,97.6019,96.1631,4,0.9592,-96.6427,6,1.4388,-96.1631,417,saied,maghzaoui,96.1631,39.8871,100.0000
TN215760,Oued Ezzargua,وادي الزرقاء,TN2157,Testour,Béja,North West,36.64995177,9.43353173,28.16823602,4,4,3902,1651,1588,18,45,4,3902,1651,1533,96.5365,94.1436,38,2.3929,-94.1436,17,1.0705,-95.4660,1588,saied,zammel,94.1436,42.3116,100.0000
TN215761,Sidi Abdelaziz,سيدي عبد العزيز,TN2157,Testour,Béja,North West,36.64920362,9.49702661,86.87159267,1,1,801,388,380,2,6,1,801,388,371,97.6316,95.5263,1,0.2632,-97.3684,8,2.1053,-95.5263,380,saied,maghzaoui,95.5263,48.4395,100.0000
TN215762,Sidi Ameur,سيدي عامر,TN2157,Testour,Béja,North West,36.68628961,9.39445941,96.64895575,1,1,344,194,189,3,2,1,344,194,184,97.3545,95.7672,3,1.5873,-95.7672,2,1.0582,-96.2963,189,saied,zammel,95.7672,56.3953,100.0000
TN215851,Goubellat,قبلاط,TN2158,Goubellat,Béja,North West,36.54635434,9.68537299,30.40631564,6,6,4974,929,890,15,24,6,4974,929,854,95.9551,92.9213,27,3.0337,-92.9213,9,1.0112,-94.9438,890,saied,zammel,92.9213,18.6771,100.0000
TN215852,El Gammarthi,القمرتي,TN2158,Goubellat,Béja,North West,36.54552049,9.63789146,24.29980698,1,1,956,158,149,3,6,1,956,158,148,99.3289,98.6577,1,0.6711,-98.6577,0,0.0000,-99.3289,149,saied,zammel,98.6577,16.5272,100.0000
TN215853,Guerram,قرام,TN2158,Goubellat,Béja,North West,36.49645593,9.58058901,74.47723239,1,1,1243,426,377,21,28,1,1243,426,371,98.4085,97.0822,1,0.2653,-98.1432,5,1.3263,-97.0822,377,saied,maghzaoui,97.0822,34.2719,100.0000
TN215854,Dour Esmail,دور إسماعيل,TN2158,Goubellat,Béja,North West,36.54747286,9.78180548,86.5508584,2,2,1497,342,324,7,11,2,1497,342,316,97.5309,96.2963,4,1.2346,-96.2963,4,1.2346,-96.2963,324,saied,maghzaoui,96.2963,22.8457,100.0000
TN215855,Bir El Euch,بئر العش,TN2158,Goubellat,Béja,North West,36.45958653,9.62993101,51.89401381,2,2,1015,261,247,4,10,2,1015,261,240,97.1660,95.5466,3,1.2146,-95.9514,4,1.6194,-95.5466,247,saied,maghzaoui,95.5466,25.7143,100.0000
TN215856,Kheniguet Ed-Dahane,خنقية الدهان,TN2158,Goubellat,Béja,North West,36.46333138,9.69985465,33.53187177,1,1,942,292,271,2,19,1,942,292,268,98.8930,97.7860,3,1.1070,-97.7860,0,0.0000,-98.8930,271,saied,zammel,97.7860,30.9979,100.0000
TN215857,Khacheb,خشاب,TN2158,Goubellat,Béja,North West,36.59172605,9.71421764,84.55755239,2,2,1030,311,298,2,11,2,1030,311,291,97.6510,95.9732,5,1.6779,-95.9732,2,0.6711,-96.9799,298,saied,zammel,95.9732,30.1942,100.0000
TN215858,Cheikh El Ouediane,شيخ الوديان,TN2158,Goubellat,Béja,North West,36.50237336,9.71426215,29.86229203,2,2,1440,431,413,5,13,2,1440,431,401,97.0944,95.3995,5,1.2107,-95.8838,7,1.6949,-95.3995,413,saied,maghzaoui,95.3995,29.9306,100.0000
TN215951,Medjez El Bab Ville,مجاز الباب المدينة,TN2159,Mejez El Bab,Béja,North West,36.61686152,9.58943792,14.38075434,5,5,5484,1049,1014,11,24,5,5484,1049,938,92.5049,86.1933,64,6.3116,-86.1933,12,1.1834,-91.3215,1014,saied,zammel,86.1933,19.1284,100.0000
TN215952,Medjez El Bab Sud,مجاز الباب الجنوبية,TN2159,Mejez El Bab,Béja,North West,36.63337558,9.57985116,18.02306693,4,4,3405,1298,1236,20,42,4,3405,1298,1158,93.6893,88.8350,60,4.8544,-88.8350,18,1.4563,-92.2330,1236,saied,zammel,88.8350,38.1204,100.0000
TN215953,Sidi Medien,سيدي مدين,TN2159,Mejez El Bab,Béja,North West,36.63957563,9.74821321,32.54382039,2,2,1328,456,436,2,18,2,1328,456,414,94.9541,90.8257,18,4.1284,-90.8257,4,0.9174,-94.0367,436,saied,zammel,90.8257,34.3373,100.0000
TN215954,El Ksar,القصر,TN2159,Mejez El Bab,Béja,North West,36.78357461,9.52916208,64.91960303,2,2,1009,309,291,0,18,2,1009,309,281,96.5636,94.5017,6,2.0619,-94.5017,4,1.3746,-95.1890,291,saied,zammel,94.5017,30.6244,100.0000
TN215955,El Heri,الهري,TN2159,Mejez El Bab,Béja,North West,36.7167902,9.64336883,46.29196812,2,2,2090,583,541,14,28,2,2090,583,523,96.6728,94.0850,14,2.5878,-94.0850,4,0.7394,-95.9335,541,saied,zammel,94.0850,27.8947,100.0000
TN215956,Tokaber,توكابر,TN2159,Mejez El Bab,Béja,North West,36.70586949,9.51407844,27.90516693,2,2,1080,340,318,7,15,2,1080,340,290,91.1950,84.2767,22,6.9182,-84.2767,6,1.8868,-89.3082,318,saied,zammel,84.2767,31.4815,100.0000
TN215957,Chaouach,شواش,TN2159,Mejez El Bab,Béja,North West,36.71907513,9.56074733,21.79351523,1,1,906,290,270,6,14,1,906,290,258,95.5556,91.8519,10,3.7037,-91.8519,2,0.7407,-94.8148,270,saied,zammel,91.8519,32.0088,100.0000
TN215958,Sidi Nasr,سيدي نصر,TN2159,Mejez El Bab,Béja,North West,36.6933028,9.58565393,29.0000852,3,3,1793,596,566,5,25,3,1793,596,552,97.5265,96.1131,8,1.4134,-96.1131,6,1.0601,-96.4664,566,saied,zammel,96.1131,33.2404,100.0000
TN215959,Sidi Ahmed El Jedidi,سيدي أحمد الجديدي,TN2159,Mejez El Bab,Béja,North West,36.65820696,9.54603227,21.51863964,1,1,1284,480,461,10,9,1,1284,480,439,95.2278,91.3232,18,3.9046,-91.3232,4,0.8677,-94.3601,461,saied,zammel,91.3232,37.3832,100.0000
TN215960,El Gueriaat,القريعات,TN2159,Mejez El Bab,Béja,North West,36.69120387,9.75215905,35.04479943,2,2,1638,648,612,15,21,2,1638,648,593,96.8954,95.0980,8,1.3072,-95.5882,11,1.7974,-95.0980,612,saied,maghzaoui,95.0980,39.5604,100.0000
TN215961,Hidouss,حيدوس,TN2159,Mejez El Bab,Béja,North West,36.75720942,9.57409988,49.3763311,1,1,536,102,100,1,1,1,536,102,95,95.0000,91.0000,4,4.0000,-91.0000,1,1.0000,-94.0000,100,saied,zammel,91.0000,19.0299,100.0000
TN215962,El Mouatiss,المواطيس,TN2159,Mejez El Bab,Béja,North West,36.66491738,9.64914936,19.91618887,7,7,6788,2415,2339,22,54,7,6788,2415,2162,92.4327,86.4900,139,5.9427,-86.4900,38,1.6246,-90.8080,2339,saied,zammel,86.4900,35.5775,100.0000
TN215963,Guerich El Ouedi,قريش الوادي,TN2159,Mejez El Bab,Béja,North West,36.69474426,9.70396954,42.88395746,1,1,1014,311,300,3,8,1,1014,311,295,98.3333,97.3333,3,1.0000,-97.3333,2,0.6667,-97.6667,300,saied,zammel,97.3333,30.6706,100.0000
TN215964,Sidi Erraies,سيدي الرايس,TN2159,Mejez El Bab,Béja,North West,36.61337259,9.63134093,36.47225537,6,6,6406,2319,2240,28,51,6,6406,2319,2105,93.9732,89.0625,110,4.9107,-89.0625,25,1.1161,-92.8571,2240,saied,zammel,89.0625,36.2004,100.0000
TN225151,Ezzeghaida,الزغايدة,TN2251,Jendouba Sud,Jendouba,North West,36.50341454,8.77408286,1.80813964,8,8,6876,2774,2653,17,104,7,6876,2433,2541,95.7784,92.8383,78,2.9401,-92.8383,34,1.2816,-94.4968,2653,saied,zammel,92.8383,35.3839,87.5000
TN225152,Jendouba Sud,جندوبة الجنوبية,TN2251,Jendouba Sud,Jendouba,North West,36.49691992,8.78222189,2.19954977,12,12,9396,2944,3208,43,74,9,9396,2403,2835,88.3728,78.6783,311,9.6945,-78.6783,62,1.9327,-86.4401,3208,saied,zammel,78.6783,25.5747,75.0000
TN225153,En-Nour,النور,TN2251,Jendouba Sud,Jendouba,North West,36.50826436,8.78750464,0.92446727,13,13,10918,4140,4183,73,146,10,10918,3340,3857,92.2066,87.0906,214,5.1159,-87.0906,112,2.6775,-89.5290,4183,saied,zammel,87.0906,30.5917,76.9231
TN225154,Es-Saada,السعادة,TN2251,Jendouba Sud,Jendouba,North West,36.45352692,8.76111797,37.77778763,3,3,2772,817,778,12,27,3,2772,817,750,96.4010,93.9589,19,2.4422,-93.9589,9,1.1568,-95.2442,778,saied,zammel,93.9589,29.4733,100.0000
TN225155,El Malga,الملقى,TN2251,Jendouba Sud,Jendouba,North West,36.50301335,8.82944948,32.11374511,4,4,3053,595,575,3,17,4,3053,595,555,96.5217,94.0870,14,2.4348,-94.0870,6,1.0435,-95.4783,575,saied,zammel,94.0870,19.4890,100.0000
TN225156,Ettataouer,التطور,TN2251,Jendouba Sud,Jendouba,North West,36.47353833,8.80146121,16.34350711,7,7,6093,2180,2094,28,58,6,6093,1735,2009,95.9408,93.0277,61,2.9131,-93.0277,24,1.1461,-94.7947,2094,saied,zammel,93.0277,28.4753,85.7143
TN225157,Souk Es-Sebt,سوق السبت,TN2251,Jendouba Sud,Jendouba,North West,36.47982946,8.89992151,28.22842681,4,4,3048,730,809,4,35,3,3048,730,779,96.2917,94.3140,14,1.7305,-94.5612,16,1.9778,-94.3140,809,saied,maghzaoui,94.3140,23.9501,75.0000
TN225158,El Aitha,العيثة,TN2251,Jendouba Sud,Jendouba,North West,36.46998543,8.87797153,16.08782854,4,4,3608,625,954,19,39,3,2402,625,915,95.9119,93.0818,27,2.8302,-93.0818,12,1.2579,-94.6541,954,saied,zammel,93.0818,26.0200,75.0000
TN225159,Ain Karima,عين الكريمة,TN2251,Jendouba Sud,Jendouba,North West,36.4472094,8.85929706,25.53493399,2,2,843,589,566,3,20,1,843,367,552,97.5265,96.2898,7,1.2367,-96.2898,7,1.2367,-96.2898,566,saied,maghzaoui,96.2898,43.5350,50.0000
TN225160,Maalla,معلة,TN2251,Jendouba Sud,Jendouba,North West,36.42270622,8.80638568,34.03141662,1,1,774,215,199,6,10,1,774,215,197,98.9950,97.9899,2,1.0050,-97.9899,0,0.0000,-98.9950,199,saied,zammel,97.9899,27.7778,100.0000
TN225161,El-Jerif,الجريف,TN2251,Jendouba Sud,Jendouba,North West,36.43078399,8.71276692,38.53026619,4,4,3371,756,731,11,14,4,3371,756,721,98.6320,97.8112,6,0.8208,-97.8112,4,0.5472,-98.0848,731,saied,zammel,97.8112,22.4266,100.0000
TN225162,El Azima,العزيمة,TN2251,Jendouba Sud,Jendouba,North West,36.54464419,8.87241106,20.71026809,3,3,1843,733,698,8,27,2,1843,442,658,94.2693,90.2579,28,4.0115,-90.2579,12,1.7192,-92.5501,698,saied,zammel,90.2579,23.9826,66.6667
TN225251,El Ferdous,الفردوس,TN2252,Jendouba Nord,Jendouba,North West,36.51150282,8.72491008,20.81013007,10,10,8628,3386,3274,39,73,8,8628,2809,3174,96.9456,94.7770,71,2.1686,-94.7770,29,0.8858,-96.0599,3274,saied,zammel,94.7770,32.5568,80.0000
TN225252,El Hedi Ben Hassine,الهادي بن حسين,TN2252,Jendouba Nord,Jendouba,North West,36.52046878,8.76955908,5.39103188,4,4,4597,1231,1181,11,39,4,4597,1231,1134,96.0203,93.3954,31,2.6249,-93.3954,16,1.3548,-94.6655,1181,saied,zammel,93.3954,26.7783,100.0000
TN225253,Ezzouhour,الزهور,TN2252,Jendouba Nord,Jendouba,North West,36.57196285,8.83833476,34.10695119,2,2,824,540,518,2,20,1,824,215,498,96.1390,93.6293,13,2.5097,-93.6293,7,1.3514,-94.7876,518,saied,zammel,93.6293,26.0922,50.0000
TN225254,El Khadhra,الخضراء,TN2252,Jendouba Nord,Jendouba,North West,36.48223464,8.70495856,31.48922347,3,3,2360,664,631,4,29,3,2360,664,620,98.2567,97.3059,6,0.9509,-97.3059,5,0.7924,-97.4643,631,saied,zammel,97.3059,28.1356,100.0000
TN225255,Es-Souani,السواني,TN2252,Jendouba Nord,Jendouba,North West,36.52827516,8.66932975,38.87616464,3,3,3346,447,690,2,17,2,2580,447,681,98.6957,97.9710,5,0.7246,-97.9710,4,0.5797,-98.1159,690,saied,zammel,97.9710,17.3256,66.6667
TN225256,Bulla-Regja,بلاريجيا,TN2252,Jendouba Nord,Jendouba,North West,36.55216012,8.7737946,37.00897554,4,4,2685,726,1037,12,30,3,2685,726,1005,96.9142,94.6962,23,2.2179,-94.6962,9,0.8679,-96.0463,1037,saied,zammel,94.6962,27.0391,75.0000
TN225257,Zatfoura,زطفورة,TN2252,Jendouba Nord,Jendouba,North West,36.57096677,8.68095648,36.09684246,4,4,3628,967,908,14,45,4,3628,967,885,97.4670,95.5947,17,1.8722,-95.5947,6,0.6608,-96.8062,908,saied,zammel,95.5947,26.6538,100.0000
TN225258,Chemtou,شمتو,TN2252,Jendouba Nord,Jendouba,North West,36.52451408,8.58322048,37.14448496,3,3,1676,689,658,13,18,2,1676,469,639,97.1125,94.9848,14,2.1277,-94.9848,5,0.7599,-96.3526,658,saied,zammel,94.9848,27.9833,66.6667
TN225259,Ed-Dir,الدير,TN2252,Jendouba Nord,Jendouba,North West,36.57626007,8.54295814,23.90683206,3,2,835,165,148,1,16,2,835,165,148,100.0000,100.0000,0,0.0000,-100.0000,0,0.0000,-100.0000,148,saied,maghzaoui,100.0000,19.7605,66.6667
TN225260,Souk Djemaa,سوق الجمعة,TN2252,Jendouba Nord,Jendouba,North West,36.57955164,8.59404591,24.61847098,3,3,2654,752,697,7,48,3,2654,752,656,94.1176,90.3874,26,3.7303,-90.3874,15,2.1521,-91.9656,697,saied,zammel,90.3874,28.3346,100.0000
TN225351,Bou Salem Nord,بوسالم الشمالية,TN2253,Bousalem,Jendouba,North West,36.60466935,8.95329124,6.49430523,13,13,13437,4113,3952,49,112,13,13437,4113,3643,92.1812,85.5010,264,6.6802,-85.5010,45,1.1387,-91.0425,3952,saied,zammel,85.5010,30.6095,100.0000
TN225352,Bou Salem Sud,بوسالم الجنوبية,TN2253,Bousalem,Jendouba,North West,36.60842433,8.98008741,1.65480026,2,2,2356,991,941,10,40,2,2356,991,909,96.5994,94.0489,24,2.5505,-94.0489,8,0.8502,-95.7492,941,saied,zammel,94.0489,42.0628,100.0000
TN225353,Erroumani,الروماني,TN2253,Bousalem,Jendouba,North West,36.62455081,9.02722779,29.69511429,2,2,1883,632,591,8,33,2,1883,632,570,96.4467,94.4162,12,2.0305,-94.4162,9,1.5228,-94.9239,591,saied,zammel,94.4162,33.5635,100.0000
TN225354,El Brahmi,البراهمي,TN2253,Bousalem,Jendouba,North West,36.61029416,8.88284309,46.75637459,3,3,3134,797,753,6,38,3,3134,797,733,97.3440,95.6175,13,1.7264,-95.6175,7,0.9296,-96.4143,753,saied,zammel,95.6175,25.4308,100.0000
TN225355,El Marja,المرجى,TN2253,Bousalem,Jendouba,North West,36.53069186,8.93029955,49.81171184,3,3,3057,658,631,9,18,3,3057,658,619,98.0983,96.9889,7,1.1094,-96.9889,5,0.7924,-97.3059,631,saied,zammel,96.9889,21.5244,100.0000
TN225356,Bir Lakhdar,البئر الأخضر,TN2253,Bousalem,Jendouba,North West,36.56819832,8.95023745,28.52404604,4,4,4556,1096,1052,7,37,4,4556,1096,1007,95.7224,92.6806,32,3.0418,-92.6806,13,1.2357,-94.4867,1052,saied,zammel,92.6806,24.0562,100.0000
TN225357,El Koudia,الكدية,TN2253,Bousalem,Jendouba,North West,36.5479692,8.9962027,42.31556472,2,2,1654,506,476,5,25,2,1654,506,456,95.7983,93.2773,12,2.5210,-93.2773,8,1.6807,-94.1176,476,saied,zammel,93.2773,30.5925,100.0000
TN225358,El Msanghouche,المنقوش,TN2253,Bousalem,Jendouba,North West,36.55545484,9.04639033,44.42663009,4,4,2507,967,903,13,51,3,2507,766,888,98.3389,97.3422,9,0.9967,-97.3422,6,0.6645,-97.6744,903,saied,zammel,97.3422,30.5544,75.0000
TN225359,Sidi Abid,سيدي عبيد,TN2253,Bousalem,Jendouba,North West,36.48447235,8.98700865,46.87730524,2,2,2327,612,582,1,29,2,2327,612,566,97.2509,95.7045,9,1.5464,-95.7045,7,1.2027,-96.0481,582,saied,zammel,95.7045,26.3000,100.0000
TN225451,Tabarka,طبرقة,TN2254,Tabarka,Jendouba,North West,36.94396764,8.74363889,14.36451604,13,13,13898,3961,3817,39,105,12,13835,3703,3559,93.2408,88.1582,194,5.0825,-88.1582,64,1.6767,-91.5641,3817,saied,zammel,88.1582,26.7654,92.3077
TN225452,Raihane,الريحان,TN2254,Tabarka,Jendouba,North West,36.88712849,8.74360907,50.0191778,7,7,5817,1567,1483,18,66,6,5817,1288,1432,96.5610,94.1335,36,2.4275,-94.1335,15,1.0115,-95.5496,1483,saied,zammel,94.1335,22.1420,85.7143
TN225453,El Hamdia,الحامدية,TN2254,Tabarka,Jendouba,North West,36.91782758,8.78391361,31.0673397,8,8,5541,2372,2273,21,78,7,5541,2046,2200,96.7884,94.5886,50,2.1997,-94.5886,23,1.0119,-95.7765,2273,saied,zammel,94.5886,36.9247,87.5000
TN225454,El Hammam,الحمام,TN2254,Tabarka,Jendouba,North West,36.88714289,8.83745324,48.95781382,3,3,1555,585,535,6,44,2,1555,402,528,98.6916,97.7570,5,0.9346,-97.7570,2,0.3738,-98.3178,535,saied,zammel,97.7570,25.8521,66.6667
TN225455,Ain Es-Sobh,عين الصبح,TN2254,Tabarka,Jendouba,North West,36.96913009,8.87356824,69.64722505,6,5,4761,1664,1578,28,58,5,4761,1664,1531,97.0215,95.0570,31,1.9645,-95.0570,16,1.0139,-96.0076,1578,saied,zammel,95.0570,34.9506,83.3333
TN225456,Nadhour,الناظور,TN2254,Tabarka,Jendouba,North West,36.89618773,8.92198268,63.7036106,5,5,2656,1073,1003,21,49,4,2656,874,978,97.5075,95.7129,7,0.6979,-96.8096,18,1.7946,-95.7129,1003,saied,maghzaoui,95.7129,32.9066,80.0000
TN225457,Melloula,ملولة,TN2254,Tabarka,Jendouba,North West,36.93281666,8.68177542,39.30150283,1,1,0,412,389,4,19,0,0,0,375,96.4010,93.8303,10,2.5707,-93.8303,4,1.0283,-95.3728,389,saied,zammel,93.8303,,0.0000
TN225458,Ain Es-Snoussi,عين السنوسي,TN2254,Tabarka,Jendouba,North West,36.84423212,8.92442009,59.29255044,4,4,1597,475,436,7,32,4,1597,475,425,97.4771,95.8716,4,0.9174,-96.5596,7,1.6055,-95.8716,436,saied,maghzaoui,95.8716,29.7433,100.0000
TN225551,Ain Drahem Ville,عين دراهم المدينة,TN2255,Aïn Draham,Jendouba,North West,36.77335783,8.68762711,2.89188401,10,10,8791,2843,2714,24,105,10,8791,2843,2552,94.0310,89.9410,111,4.0899,-89.9410,51,1.8791,-92.1518,2714,saied,zammel,89.9410,32.3399,100.0000
TN225552,Ain Draham Banlieue,عين دراهم الأحواز,TN2255,Aïn Draham,Jendouba,North West,36.77095108,8.70757732,16.83645984,3,3,1456,771,728,4,39,3,1456,771,697,95.7418,92.7198,22,3.0220,-92.7198,9,1.2363,-94.5055,728,saied,zammel,92.7198,52.9533,100.0000
TN225553,Ouled Sedra,أولاد سدرة,TN2255,Aïn Draham,Jendouba,North West,36.84484666,8.69320321,69.35151433,3,3,2542,946,865,23,58,3,2542,946,824,95.2601,92.4855,24,2.7746,-92.4855,17,1.9653,-93.2948,865,saied,zammel,92.4855,37.2148,100.0000
TN225554,El Atatfa,العطاطفة,TN2255,Aïn Draham,Jendouba,North West,36.8176132,8.74297576,37.23685588,3,3,2285,728,687,5,36,3,2285,728,665,96.7977,94.9054,13,1.8923,-94.9054,9,1.3100,-95.4876,687,saied,zammel,94.9054,31.8600,100.0000
TN225555,El Homrane,الحمران,TN2255,Aïn Draham,Jendouba,North West,36.78457776,8.85660425,57.60375559,2,2,1057,256,245,0,11,2,1057,256,232,94.6939,90.2041,2,0.8163,-93.8776,11,4.4898,-90.2041,245,saied,maghzaoui,90.2041,24.2195,100.0000
TN225556,Etbainia,التباينية,TN2255,Aïn Draham,Jendouba,North West,36.76851232,8.74998653,44.14841911,3,3,1244,437,411,6,20,2,1244,305,403,98.0535,96.5937,6,1.4599,-96.5937,2,0.4866,-97.5669,411,saied,zammel,96.5937,24.5177,66.6667
TN225557,Khemairia,الخمايرية,TN2255,Aïn Draham,Jendouba,North West,36.75138269,8.58655821,58.15336361,6,6,3245,1115,1286,5,49,5,3245,1115,1233,95.8787,93.6236,29,2.2551,-93.6236,24,1.8663,-94.0124,1286,saied,zammel,93.6236,34.3606,83.3333
TN225558,Selloul,سلول,TN2255,Aïn Draham,Jendouba,North West,36.71656123,8.64692661,39.72636318,3,3,2176,724,671,20,33,3,2176,724,661,98.5097,97.6155,4,0.5961,-97.9136,6,0.8942,-97.6155,671,saied,maghzaoui,97.6155,33.2721,100.0000
TN225559,Er-Rouii,الرويعي,TN2255,Aïn Draham,Jendouba,North West,36.74423097,8.53910798,39.85895008,3,3,2512,504,457,6,41,3,2512,504,450,98.4683,97.5930,3,0.6565,-97.8118,4,0.8753,-97.5930,457,saied,maghzaoui,97.5930,20.0637,100.0000
TN225560,Tegma,تاقمة,TN2255,Aïn Draham,Jendouba,North West,36.72122848,8.50189814,31.5866573,2,2,1187,457,425,7,25,2,1187,457,416,97.8824,96.0000,1,0.2353,-97.6471,8,1.8824,-96.0000,425,saied,maghzaoui,96.0000,38.5004,100.0000
TN225561,Ain Salam,عين سلام,TN2255,Aïn Draham,Jendouba,North West,36.73660521,8.80114369,42.33635808,2,2,993,198,191,1,6,2,993,198,191,100.0000,100.0000,0,0.0000,-100.0000,0,0.0000,-100.0000,191,saied,maghzaoui,100.0000,19.9396,100.0000
TN225562,Oued Ezzan,وادي الزان,TN2255,Aïn Draham,Jendouba,North West,36.81096944,8.80553875,49.56726,1,1,811,152,141,0,11,1,811,152,141,100.0000,100.0000,0,0.0000,-100.0000,0,0.0000,-100.0000,141,saied,maghzaoui,100.0000,18.7423,100.0000
TN225651,Fernana,فرنانة,TN2256,Fernana,Jendouba,North West,36.67401127,8.69155945,33.60743096,10,10,10276,2811,2656,46,109,10,10276,2811,2557,96.2726,93.6370,70,2.6355,-93.6370,29,1.0919,-95.1807,2656,saied,zammel,93.6370,27.3550,100.0000
TN225652,Oued Ghrib,وادي غريب,TN2256,Fernana,Jendouba,North West,36.61084198,8.67169386,38.43283006,5,5,2226,809,1069,13,82,3,2226,610,1052,98.4097,97.5678,8,0.7484,-97.6614,9,0.8419,-97.5678,1069,saied,maghzaoui,97.5678,27.4034,60.0000
TN225653,Rabiaa,ربيعة,TN2256,Fernana,Jendouba,North West,36.59398962,8.7577482,33.35124753,2,2,953,223,504,6,22,1,953,223,492,97.6190,95.8333,9,1.7857,-95.8333,3,0.5952,-97.0238,504,saied,zammel,95.8333,23.3998,50.0000
TN225654,Ouled Mefada,أولاد مفدة,TN2256,Fernana,Jendouba,North West,36.65527098,8.486346,24.07280982,3,3,2825,675,623,4,48,3,2825,675,618,99.1974,98.5554,1,0.1605,-99.0369,4,0.6421,-98.5554,623,saied,maghzaoui,98.5554,23.8938,100.0000
TN225655,El Gouaidia,القوايدية,TN2256,Fernana,Jendouba,North West,36.68620056,8.72042456,33.27949646,3,3,2226,687,648,6,33,3,2226,687,631,97.3765,95.8333,7,1.0802,-96.2963,10,1.5432,-95.8333,648,saied,maghzaoui,95.8333,30.8625,100.0000
TN225656,Beni M'Tir,بني مطير,TN2256,Fernana,Jendouba,North West,36.73095283,8.72593296,7.8413632,1,1,823,300,283,6,11,1,823,300,257,90.8127,82.6855,23,8.1272,-82.6855,3,1.0601,-89.7527,283,saied,zammel,82.6855,36.4520,100.0000
TN225657,Gloub Ethirane,قلوب الثيران,TN2256,Fernana,Jendouba,North West,36.63794528,8.60865544,20.04512025,2,2,2272,326,308,9,9,2,2272,326,305,99.0260,98.3766,2,0.6494,-98.3766,1,0.3247,-98.7013,308,saied,zammel,98.3766,14.3486,100.0000
TN225658,Gloub Ethirane Nord,قلوب الثيران الشمالية,TN2256,Fernana,Jendouba,North West,36.62885143,8.56349381,36.00260987,2,2,902,566,509,4,53,1,902,191,498,97.8389,96.6601,6,1.1788,-96.6601,5,0.9823,-96.8566,509,saied,zammel,96.6601,21.1752,50.0000
TN225659,Hedhil,هذيل,TN2256,Fernana,Jendouba,North West,36.6762664,8.62015228,12.11240623,2,2,1922,494,450,7,37,2,1922,494,446,99.1111,98.2222,4,0.8889,-98.2222,0,0.0000,-99.1111,450,saied,zammel,98.2222,25.7024,100.0000
TN225660,El Adhar,العاذر,TN2256,Fernana,Jendouba,North West,36.70301925,8.58475439,29.87374401,3,3,1927,578,518,4,56,3,1927,578,513,99.0347,98.4556,2,0.3861,-98.6486,3,0.5792,-98.4556,518,saied,maghzaoui,98.4556,29.9948,100.0000
TN225661,Jaouaouada,الجواودة,TN2256,Fernana,Jendouba,North West,36.67988183,8.52169641,16.11439571,4,4,2670,673,621,11,41,4,2670,673,613,98.7118,97.7456,2,0.3221,-98.3897,6,0.9662,-97.7456,621,saied,maghzaoui,97.7456,25.2060,100.0000
TN225662,Ain El Beya,عين البية,TN2256,Fernana,Jendouba,North West,36.65532478,8.62741378,18.7145135,4,4,1657,603,891,13,78,2,1657,523,875,98.2043,97.1942,7,0.7856,-97.4186,9,1.0101,-97.1942,891,saied,maghzaoui,97.1942,31.5631,50.0000
TN225663,Bou Hertma,بوهرتمة,TN2256,Fernana,Jendouba,North West,36.70183677,8.77707288,33.61801608,2,2,2085,470,423,2,45,2,2085,470,416,98.3452,97.1631,5,1.1820,-97.1631,2,0.4728,-97.8723,423,saied,zammel,97.1631,22.5420,100.0000
TN225664,Halima,حليمة,TN2256,Fernana,Jendouba,North West,36.60984874,8.52492553,32.29773184,4,4,3246,829,775,2,52,4,3246,829,764,98.5806,97.5484,3,0.3871,-98.1935,8,1.0323,-97.5484,775,saied,maghzaoui,97.5484,25.5391,100.0000
TN225665,Sidi Ammar,سيدي عمار,TN2256,Fernana,Jendouba,North West,36.62368981,8.73887919,28.52739222,2,2,1611,362,335,0,27,2,1611,362,327,97.6119,95.8209,6,1.7910,-95.8209,2,0.5970,-97.0149,335,saied,zammel,95.8209,22.4705,100.0000
TN225751,Ghardimaou,غار الدماء,TN2257,Ghardimaou,Jendouba,North West,36.44677365,8.44454779,1.85868607,16,16,16703,4867,4832,63,179,13,15406,3997,4599,95.1780,91.4735,179,3.7045,-91.4735,54,1.1175,-94.0604,4832,saied,zammel,91.4735,25.9444,81.2500
TN225752,Ghardimaou Nord,غار الدماء الشمالية,TN2257,Ghardimaou,Jendouba,North West,36.45121628,8.43465567,2.26451963,2,2,1989,815,780,12,23,2,1989,815,754,96.6667,94.2308,19,2.4359,-94.2308,7,0.8974,-95.7692,780,saied,zammel,94.2308,40.9754,100.0000
TN225753,El Maaden,المعدن,TN2257,Ghardimaou,Jendouba,North West,36.58947391,8.433102,34.34336715,4,4,3185,549,527,9,13,4,3185,549,507,96.2049,93.1689,16,3.0361,-93.1689,4,0.7590,-95.4459,527,saied,zammel,93.1689,17.2370,100.0000
TN225754,Er-Rakha,الرخاء,TN2257,Ghardimaou,Jendouba,North West,36.43345835,8.42815925,54.98539544,4,4,1686,543,526,8,9,3,1686,458,517,98.2890,97.3384,4,0.7605,-97.5285,5,0.9506,-97.3384,526,saied,maghzaoui,97.3384,27.1649,75.0000
TN225755,Ain Soltane,عين سلطان,TN2257,Ghardimaou,Jendouba,North West,36.52582785,8.33503005,59.12650767,4,4,2343,692,788,4,15,3,2343,692,775,98.3503,97.2081,9,1.1421,-97.2081,4,0.5076,-97.8426,788,saied,zammel,97.2081,29.5348,75.0000
TN225756,Ouechtata,وشتاتة,TN2257,Ghardimaou,Jendouba,North West,36.50547069,8.24994227,61.0553108,3,3,1832,608,588,5,15,2,1712,387,573,97.4490,95.9184,6,1.0204,-96.4286,9,1.5306,-95.9184,588,saied,maghzaoui,95.9184,22.6051,66.6667
TN225757,Ed-Daoura,الدورة,TN2257,Ghardimaou,Jendouba,North West,36.47232203,8.4584066,32.57512944,5,5,5141,1108,1067,5,36,5,5141,1108,1042,97.6570,96.3449,14,1.3121,-96.3449,11,1.0309,-96.6261,1067,saied,zammel,96.3449,21.5522,100.0000
TN225758,Es-Sraia,الصرية,TN2257,Ghardimaou,Jendouba,North West,36.4606542,8.24963076,66.07241941,6,6,3763,940,900,12,28,6,3763,940,872,96.8889,94.6667,20,2.2222,-94.6667,8,0.8889,-96.0000,900,saied,zammel,94.6667,24.9801,100.0000
TN225759,Forgassen,فرقصان,TN2257,Ghardimaou,Jendouba,North West,36.54880693,8.4184285,44.06069052,3,3,1892,589,555,7,26,2,1892,465,543,97.8378,96.0360,10,1.8018,-96.0360,2,0.3604,-97.4775,555,saied,zammel,96.0360,24.5772,66.6667
TN225760,Fej Hassine,فج حسين,TN2257,Ghardimaou,Jendouba,North West,36.3833626,8.4522339,62.64342718,3,3,1352,314,297,1,16,3,1352,314,292,98.3165,96.9697,4,1.3468,-96.9697,1,0.3367,-97.9798,297,saied,zammel,96.9697,23.2249,100.0000
TN225761,Mrassen,المراسن,TN2257,Ghardimaou,Jendouba,North West,36.49047325,8.41333241,39.00345202,4,4,3960,949,889,12,48,4,3960,949,865,97.3003,95.5006,16,1.7998,-95.5006,8,0.8999,-96.4004,889,saied,zammel,95.5006,23.9646,100.0000
TN225762,El Galaa,القلعة,TN2257,Ghardimaou,Jendouba,North West,36.54977349,8.47398713,60.55106799,8,8,4510,1466,1365,22,78,7,4510,1261,1300,95.2381,91.1355,56,4.1026,-91.1355,9,0.6593,-94.5788,1365,saied,zammel,91.1355,27.9601,87.5000
TN225851,Oued Meliz Est,واد مليز الشرقية,TN2258,Oued Mliz,Jendouba,North West,36.44373272,8.56525609,41.74877817,7,7,6328,1526,1785,26,47,6,5486,1526,1728,96.8067,94.4538,42,2.3529,-94.4538,15,0.8403,-95.9664,1785,saied,zammel,94.4538,27.8163,85.7143
TN225852,Oued Meliz Ouest,واد مليز الغريبة,TN2258,Oued Mliz,Jendouba,North West,36.43676144,8.51591586,33.06331144,2,2,1325,399,390,2,7,2,1325,399,380,97.4359,95.3846,2,0.5128,-96.9231,8,2.0513,-95.3846,390,saied,maghzaoui,95.3846,30.1132,100.0000
TN225853,Dkhailia,الدخايلية,TN2258,Oued Mliz,Jendouba,North West,36.52958722,8.51948645,43.30504579,4,4,2991,967,921,6,40,4,2991,967,905,98.2628,97.2856,9,0.9772,-97.2856,7,0.7600,-97.5027,921,saied,zammel,97.2856,32.3303,100.0000
TN225854,Hakim Nord,حكيم الشمالية,TN2258,Oued Mliz,Jendouba,North West,36.48660092,8.64334134,21.92041432,1,1,654,199,188,4,7,1,654,199,183,97.3404,95.7447,3,1.5957,-95.7447,2,1.0638,-96.2766,188,saied,zammel,95.7447,30.4281,100.0000
TN225855,Hakim Sud,حكيم الجنوبية,TN2258,Oued Mliz,Jendouba,North West,36.44213688,8.63763092,58.32187523,4,4,2719,1187,1139,17,31,3,2719,822,1120,98.3319,97.1027,14,1.2291,-97.1027,5,0.4390,-97.8929,1139,saied,zammel,97.1027,30.2317,75.0000
TN225951,Assila,عسيلة,TN2259,Balta Bou Aouane,Jendouba,North West,36.63933242,8.9916014,22.73753637,3,3,2541,1126,1079,12,35,3,2541,1126,1026,95.0880,91.7516,36,3.3364,-91.7516,17,1.5755,-93.5125,1079,saied,zammel,91.7516,44.3133,100.0000
TN225952,Ghezala,غزالة,TN2259,Balta Bou Aouane,Jendouba,North West,36.65647037,8.86335018,29.03762054,3,2,1208,285,266,7,12,2,1208,285,249,93.6090,88.3459,14,5.2632,-88.3459,3,1.1278,-92.4812,266,saied,zammel,88.3459,23.5927,66.6667
TN225953,El Aouaoudha,العواوضة,TN2259,Balta Bou Aouane,Jendouba,North West,36.69186686,8.90834,35.74492224,3,3,2172,689,653,11,25,3,2172,689,634,97.0904,95.4058,8,1.2251,-95.8652,11,1.6845,-95.4058,653,saied,maghzaoui,95.4058,31.7219,100.0000
TN225954,El Baldia,البلدية,TN2259,Balta Bou Aouane,Jendouba,North West,36.6811893,8.85735323,21.49619665,1,1,1296,394,363,8,23,1,1296,394,354,97.5207,95.8678,6,1.6529,-95.8678,3,0.8264,-96.6942,363,saied,zammel,95.8678,30.4012,100.0000
TN225955,Cheouaoula,الشواولة,TN2259,Balta Bou Aouane,Jendouba,North West,36.7099634,8.84871582,17.95839113,3,3,1918,531,502,9,20,3,1918,531,497,99.0040,98.4064,2,0.3984,-98.6056,3,0.5976,-98.4064,502,saied,maghzaoui,98.4064,27.6851,100.0000
TN225956,Beni M'Hamed,بني محمد,TN2259,Balta Bou Aouane,Jendouba,North West,36.75899547,8.91258954,24.3411968,3,3,1399,287,271,1,15,3,1399,287,267,98.5240,97.7860,2,0.7380,-97.7860,2,0.7380,-97.7860,271,saied,maghzaoui,97.7860,20.5147,100.0000
TN225957,Somrane,السمران,TN2259,Balta Bou Aouane,Jendouba,North West,36.66596445,8.95985991,29.41078645,3,3,3162,1050,994,11,45,3,3162,1050,969,97.4849,95.7746,8,0.8048,-96.6801,17,1.7103,-95.7746,994,saied,maghzaoui,95.7746,33.2068,100.0000
TN225958,Balta,بلطة,TN2259,Balta Bou Aouane,Jendouba,North West,36.70341933,8.95446852,12.23749829,3,3,954,985,931,18,36,1,954,264,900,96.6702,94.8443,17,1.8260,-94.8443,14,1.5038,-95.1665,931,saied,zammel,94.8443,27.6730,33.3333
TN225959,Abdeljaber,عبد الجبار,TN2259,Balta Bou Aouane,Jendouba,North West,36.70075734,8.97864075,11.89638229,1,1,1240,393,377,2,14,1,1240,393,359,95.2255,91.2467,15,3.9788,-91.2467,3,0.7958,-94.4297,377,saied,zammel,91.2467,31.6935,100.0000
TN225960,Bou Aouane,بوعوان,TN2259,Balta Bou Aouane,Jendouba,North West,36.69463171,9.0059999,22.20610409,4,4,3924,742,692,9,41,4,3924,742,671,96.9653,95.2312,12,1.7341,-95.2312,9,1.3006,-95.6647,692,saied,zammel,95.2312,18.9093,100.0000
TN225961,Oued Kesseb,وادي كساب,TN2259,Balta Bou Aouane,Jendouba,North West,36.74442233,8.98220706,31.05816084,3,3,1713,295,355,6,24,2,767,295,348,98.0282,96.9014,4,1.1268,-96.9014,3,0.8451,-97.1831,355,saied,zammel,96.9014,38.4615,66.6667
TN225962,Boulaaba,بولعابة,TN2259,Balta Bou Aouane,Jendouba,North West,36.63565333,8.82659202,31.01871416,3,3,1918,409,383,6,20,3,1918,409,380,99.2167,98.6945,1,0.2611,-98.9556,2,0.5222,-98.6945,383,saied,maghzaoui,98.6945,21.3243,100.0000
TN235151,Oued Remel Nord,وادي الرمل الشمالية,TN2351,Kef Ouest,Le Kef,North West,36.19559193,8.65539432,66.4408333,2,2,1290,615,582,0,33,2,1290,615,568,97.5945,96.3918,7,1.2027,-96.3918,7,1.2027,-96.3918,582,saied,maghzaoui,96.3918,47.6744,100.0000
TN235152,Oued Remel Sud,وادي الرمل الجنوبية,TN2351,Kef Ouest,Le Kef,North West,36.12715305,8.60597469,141.16103855,6,6,3694,1237,1186,18,33,6,3694,1237,1160,97.8078,96.3744,17,1.4334,-96.3744,9,0.7589,-97.0489,1186,saied,zammel,96.3744,33.4867,100.0000
TN235153,Haouareth Sud,الحوارث الجنوبية,TN2351,Kef Ouest,Le Kef,North West,36.16616128,8.6996986,3.10750703,19,19,17151,6610,6686,65,218,15,17151,5397,6316,94.4660,90.2632,281,4.2028,-90.2632,89,1.3311,-93.1349,6686,saied,zammel,90.2632,31.4676,78.9474
TN235251,Charfine,الشرفين,TN2352,Kef Est,Le Kef,North West,36.18192944,8.718757,1.00686537,8,8,7522,2341,2241,29,71,8,7522,2341,2054,91.6555,85.4083,140,6.2472,-85.4083,47,2.0973,-89.5582,2241,saied,zammel,85.4083,31.1220,100.0000
TN235252,Ben Ainine,بنعنين,TN2352,Kef Est,Le Kef,North West,36.17086934,8.71832031,3.97750818,6,6,6831,2027,1931,22,74,6,6831,2027,1813,93.8892,89.4873,85,4.4019,-89.4873,33,1.7090,-92.1802,1931,saied,zammel,89.4873,29.6735,100.0000
TN235253,Haouareth Nord,الحوارث الشمالية,TN2352,Kef Est,Le Kef,North West,36.18183201,8.70342649,1.33741158,5,5,5864,1883,1789,23,70,5,5864,1883,1676,93.6836,88.4293,94,5.2543,-88.4293,19,1.0620,-92.6216,1789,saied,zammel,88.4293,32.1112,100.0000
TN235254,Zaafrane,الزعفران,TN2352,Kef Est,Le Kef,North West,36.15165497,8.79599459,117.75237292,5,5,2267,790,1141,9,37,3,2231,672,1118,97.9842,96.4943,17,1.4899,-96.4943,6,0.5259,-97.4584,1141,saied,zammel,96.4943,30.1210,60.0000
TN235255,Oued Souani,وادي السواني,TN2352,Kef Est,Le Kef,North West,36.21211604,8.9854206,95.00108458,2,2,1664,345,336,2,7,2,1664,345,323,96.1310,92.5595,12,3.5714,-92.5595,1,0.2976,-95.8333,336,saied,zammel,92.5595,20.7332,100.0000
TN235256,Oued Souani Sud,وادي السواني الجنوبي,TN2352,Kef Est,Le Kef,North West,36.17293492,8.92097625,107.31096972,2,2,958,398,380,8,10,2,958,398,371,97.6316,96.3158,5,1.3158,-96.3158,4,1.0526,-96.5789,380,saied,zammel,96.3158,41.5449,100.0000
TN235257,Dyr El Kef,دير الكاف,TN2352,Kef Est,Le Kef,North West,36.214279,8.79307886,68.58178529,6,6,3862,1041,985,35,21,6,3862,1041,966,98.0711,96.9543,8,0.8122,-97.2589,11,1.1168,-96.9543,985,saied,maghzaoui,96.9543,26.9549,100.0000
TN235258,Hached,حشاد,TN2352,Kef Est,Le Kef,North West,36.17268765,8.70308336,0.50436498,5,5,5956,1653,1556,24,70,5,5956,1653,1390,89.3316,80.9126,131,8.4190,-80.9126,35,2.2494,-87.0823,1556,saied,zammel,80.9126,27.7535,100.0000
TN235351,Nebeur,نبر,TN2353,Nebeur,Le Kef,North West,36.27782952,8.75871692,49.91534991,4,4,3454,1548,1492,23,33,4,3454,1548,1418,95.0402,90.8177,63,4.2225,-90.8177,11,0.7373,-94.3029,1492,saied,zammel,90.8177,44.8176,100.0000
TN235352,Sarkaouna,سركونة,TN2353,Nebeur,Le Kef,North West,36.25825927,8.67870627,93.80914167,2,2,350,124,119,0,5,2,350,124,113,94.9580,89.9160,0,0.0000,-94.9580,6,5.0420,-89.9160,119,saied,maghzaoui,89.9160,35.4286,100.0000
TN235353,Tel El Ghozlane,تل الغزلان,TN2353,Nebeur,Le Kef,North West,36.39547761,8.89554901,53.49616901,2,2,1736,445,398,9,38,2,1736,445,392,98.4925,97.4874,4,1.0050,-97.4874,2,0.5025,-97.9899,398,saied,zammel,97.4874,25.6336,100.0000
TN235354,Sidi Khiar,سيدي خيار,TN2353,Nebeur,Le Kef,North West,36.35552527,8.78126349,68.08518037,3,3,1920,667,613,11,43,3,1920,667,598,97.5530,95.9217,10,1.6313,-95.9217,5,0.8157,-96.7374,613,saied,zammel,95.9217,34.7396,100.0000
TN235355,Mellala,ملالة,TN2353,Nebeur,Le Kef,North West,36.35215963,8.64829335,70.2281272,2,2,1025,409,398,4,7,2,1025,409,396,99.4975,99.2462,1,0.2513,-99.2462,1,0.2513,-99.2462,398,saied,maghzaoui,99.2462,39.9024,100.0000
TN235356,Ledhieb,الأذياب,TN2353,Nebeur,Le Kef,North West,36.3705205,8.71452082,43.59617211,3,3,660,239,207,14,18,3,660,239,203,98.0676,96.6184,1,0.4831,-97.5845,3,1.4493,-96.6184,207,saied,maghzaoui,96.6184,36.2121,100.0000
TN235357,Touiref,الطويرف,TN2353,Nebeur,Le Kef,North West,36.31304577,8.56826114,73.33342505,3,3,2965,1017,931,16,70,3,2965,1017,903,96.9925,95.3813,15,1.6112,-95.3813,13,1.3963,-95.5961,931,saied,zammel,95.3813,34.3002,100.0000
TN235358,Mellegue,ملاق,TN2353,Nebeur,Le Kef,North West,36.32792917,8.7385543,19.0165967,2,2,1124,502,482,3,17,2,1124,502,475,98.5477,97.7178,4,0.8299,-97.7178,3,0.6224,-97.9253,482,saied,zammel,97.7178,44.6619,100.0000
TN235359,Bahra,بهرة,TN2353,Nebeur,Le Kef,North West,36.27787098,8.84897693,85.12218676,4,4,2368,798,751,16,31,3,2368,727,742,98.8016,97.8695,7,0.9321,-97.8695,2,0.2663,-98.5353,751,saied,zammel,97.8695,30.7010,75.0000
TN235360,Sidi Medien,سيدي مدنين,TN2353,Nebeur,Le Kef,North West,36.2993254,8.93191819,47.20582099,2,2,1103,425,398,6,21,2,1103,425,391,98.2412,97.2362,4,1.0050,-97.2362,3,0.7538,-97.4874,398,saied,zammel,97.2362,38.5313,100.0000
TN235361,El Ksar,القصر,TN2353,Nebeur,Le Kef,North West,36.37267171,8.84093792,39.40503915,2,2,2056,561,528,5,28,2,2056,561,520,98.4848,97.7273,4,0.7576,-97.7273,4,0.7576,-97.7273,528,saied,maghzaoui,97.7273,27.2860,100.0000
TN235362,Chetatla,الشتاتلة,TN2353,Nebeur,Le Kef,North West,36.36916855,8.94567819,34.65837927,2,2,790,222,212,0,10,2,790,222,208,98.1132,97.1698,2,0.9434,-97.1698,2,0.9434,-97.1698,212,saied,maghzaoui,97.1698,28.1013,100.0000
TN235363,Oueljet Essedra,ولجة السدرة,TN2353,Nebeur,Le Kef,North West,36.36472363,8.563772,41.54410192,2,2,680,259,235,3,21,2,680,259,230,97.8723,96.1702,1,0.4255,-97.4468,4,1.7021,-96.1702,235,saied,maghzaoui,96.1702,38.0882,100.0000
TN235451,Sakiet Sidi Youssef,ساقية سيدي يوسف,TN2354,Sakiet Sidi Youssef,Le Kef,North West,36.2215813,8.36748757,12.03345583,5,5,4537,1505,1425,14,66,5,4537,1505,1343,94.2456,89.4035,69,4.8421,-89.4035,13,0.9123,-93.3333,1425,saied,zammel,89.4035,33.1717,100.0000
TN235452,Es-Sefeia,السفاية,TN2354,Sakiet Sidi Youssef,Le Kef,North West,36.25282897,8.39387811,43.06616313,2,2,496,141,131,5,5,2,496,141,127,96.9466,94.6565,3,2.2901,-94.6565,1,0.7634,-96.1832,131,saied,zammel,94.6565,28.4274,100.0000
TN235453,Ain Mazer,عين مازر,TN2354,Sakiet Sidi Youssef,Le Kef,North West,36.33287204,8.45215472,89.42090741,3,3,1260,332,317,2,13,3,1260,332,313,98.7382,97.7918,1,0.3155,-98.4227,3,0.9464,-97.7918,317,saied,maghzaoui,97.7918,26.3492,100.0000
TN235454,Djeradou,جرادو,TN2354,Sakiet Sidi Youssef,Le Kef,North West,36.25498527,8.51293266,137.16382873,3,3,1677,493,461,6,26,3,1677,493,452,98.0477,96.7462,3,0.6508,-97.3970,6,1.3015,-96.7462,461,saied,maghzaoui,96.7462,29.3977,100.0000
TN235455,Forchane,فرشان,TN2354,Sakiet Sidi Youssef,Le Kef,North West,36.18418912,8.47539909,160.09371813,4,4,1246,368,348,3,17,4,1246,368,338,97.1264,95.4023,6,1.7241,-95.4023,4,1.1494,-95.9770,348,saied,zammel,95.4023,29.5345,100.0000
TN235456,Ain El Karma,عين الكرمة,TN2354,Sakiet Sidi Youssef,Le Kef,North West,36.15522932,8.36330443,105.92001287,3,3,1419,440,414,4,22,3,1419,440,396,95.6522,92.7536,12,2.8986,-92.7536,6,1.4493,-94.2029,414,saied,zammel,92.7536,31.0078,100.0000
TN235457,Sidi Rabeh,سيدي رابح,TN2354,Sakiet Sidi Youssef,Le Kef,North West,36.06104124,8.35979443,74.72722704,2,2,1539,396,377,4,15,2,1539,396,372,98.6737,97.3475,0,0.0000,-98.6737,5,1.3263,-97.3475,377,saied,maghzaoui,97.3475,25.7310,100.0000
TN235458,Et-Tabia,الطابية,TN2354,Sakiet Sidi Youssef,Le Kef,North West,36.02177054,8.38658257,108.30148259,1,1,741,200,192,2,6,1,741,200,184,95.8333,93.2292,5,2.6042,-93.2292,3,1.5625,-94.2708,192,saied,zammel,93.2292,26.9906,100.0000
TN235551,Tajerouine Nord,تاجروين الشمالية,TN2355,Tajerouine,Le Kef,North West,35.91954059,8.57917902,27.61173718,2,2,763,279,268,5,6,2,763,279,252,94.0299,90.6716,7,2.6119,-91.4179,9,3.3582,-90.6716,268,saied,maghzaoui,90.6716,36.5662,100.0000
TN235552,Tajerouine Sud,تاجروين الجنوبية,TN2355,Tajerouine,Le Kef,North West,35.87140475,8.57291138,22.49676303,7,7,5630,2195,2065,18,112,7,5630,2195,1942,94.0436,89.5400,93,4.5036,-89.5400,30,1.4528,-92.5908,2065,saied,zammel,89.5400,38.9876,100.0000
TN235553,Ain El Abar,عين الأبار,TN2355,Tajerouine,Le Kef,North West,35.85510631,8.43183119,75.47044548,3,3,2964,1013,973,14,25,3,2964,1013,928,95.3751,91.9836,33,3.3916,-91.9836,12,1.2333,-94.1418,973,saied,zammel,91.9836,34.1768,100.0000
TN235554,Cite Bourguiba,حي بورقيبة,TN2355,Tajerouine,Le Kef,North West,35.93980503,8.4850453,74.83668611,6,6,4630,1639,1535,28,76,6,4630,1639,1419,92.4430,86.2541,95,6.1889,-86.2541,21,1.3681,-91.0749,1535,saied,zammel,86.2541,35.3996,100.0000
TN235555,Sidi M'Tir,سيد مطير,TN2355,Tajerouine,Le Kef,North West,36.04983449,8.62082378,64.16185519,2,2,1639,426,403,0,23,2,1639,426,393,97.5186,95.2854,9,2.2333,-95.2854,1,0.2481,-97.2705,403,saied,zammel,95.2854,25.9915,100.0000
TN235556,Ennajet,النجاة,TN2355,Tajerouine,Le Kef,North West,36.06273867,8.66889102,37.02822844,1,1,425,137,132,1,4,1,425,137,131,99.2424,98.4848,1,0.7576,-98.4848,0,0.0000,-99.2424,132,saied,zammel,98.4848,32.2353,100.0000
TN235557,Sidi Abdelbasset,سيدي عبد الباسط,TN2355,Tajerouine,Le Kef,North West,36.04780915,8.53408877,92.30359391,3,3,1341,409,376,7,26,3,1341,409,368,97.8723,96.2766,2,0.5319,-97.3404,6,1.5957,-96.2766,376,saied,maghzaoui,96.2766,30.4996,100.0000
TN235558,Jezza,جزة,TN2355,Tajerouine,Le Kef,North West,35.97359949,8.63823396,77.61489579,2,2,610,277,266,2,9,2,610,277,258,96.9925,95.4887,4,1.5038,-95.4887,4,1.5038,-95.4887,266,saied,maghzaoui,95.4887,45.4098,100.0000
TN235559,El Houdh,الحوض,TN2355,Tajerouine,Le Kef,North West,35.92128636,8.67427611,87.20218483,3,3,1193,321,309,2,10,3,1193,321,298,96.4401,93.8511,8,2.5890,-93.8511,3,0.9709,-95.4693,309,saied,zammel,93.8511,26.9070,100.0000
TN235560,Menzel Salem,منزل سالم,TN2355,Tajerouine,Le Kef,North West,35.851366,8.47521891,2.47604175,2,2,1076,369,348,4,17,2,1076,369,332,95.4023,92.5287,10,2.8736,-92.5287,6,1.7241,-93.6782,348,saied,zammel,92.5287,34.2937,100.0000
TN235561,Borj Eddiouana,برج الديوانة,TN2355,Tajerouine,Le Kef,North West,35.92211726,8.4167508,70.17392973,2,2,762,103,102,0,1,2,762,103,100,98.0392,96.0784,0,0.0000,-98.0392,2,1.9608,-96.0784,102,saied,maghzaoui,96.0784,13.5171,100.0000
TN235562,Garn Halfaia,قرن حلفاية,TN2355,Tajerouine,Le Kef,North West,35.9943641,8.47261703,90.90471099,1,1,317,128,122,1,5,1,317,128,120,98.3607,96.7213,0,0.0000,-98.3607,2,1.6393,-96.7213,122,saied,maghzaoui,96.7213,40.3785,100.0000
TN235651,Kalaat Snan,قلعة سنان,TN2356,Kalaat Senan,Le Kef,North West,35.769628,8.347015,30.45886505,9,9,6348,2018,1921,36,61,8,6348,1805,1830,95.2629,92.0354,62,3.2275,-92.0354,29,1.5096,-93.7533,1921,saied,zammel,92.0354,28.4342,88.8889
TN235652,Bou Jabeur,بوجابر,TN2356,Kalaat Senan,Le Kef,North West,35.74013703,8.29352326,45.04791662,3,3,843,233,222,0,11,3,843,233,221,99.5495,99.0991,1,0.4505,-99.0991,0,0.0000,-99.5495,222,saied,zammel,99.0991,27.6394,100.0000
TN235653,Safsaf,الصفصاف,TN2356,Kalaat Senan,Le Kef,North West,35.67404724,8.39194233,69.23309899,1,1,292,81,78,1,2,1,292,81,76,97.4359,94.8718,2,2.5641,-94.8718,0,0.0000,-97.4359,78,saied,zammel,94.8718,27.7397,100.0000
TN235654,Mzita,مزيتة,TN2356,Kalaat Senan,Le Kef,North West,35.79979854,8.44627391,50.02910528,1,1,0,67,59,3,5,0,0,0,59,100.0000,100.0000,0,0.0000,-100.0000,0,0.0000,-100.0000,59,saied,maghzaoui,100.0000,,0.0000
TN235655,El Falta,الفالتة,TN2356,Kalaat Senan,Le Kef,North West,35.91703935,8.28509791,51.8998441,1,1,865,257,248,6,3,1,865,257,242,97.5806,95.5645,5,2.0161,-95.5645,1,0.4032,-97.1774,248,saied,zammel,95.5645,29.7110,100.0000
TN235656,Sed El Khir,سد الخير,TN2356,Kalaat Senan,Le Kef,North West,35.83046834,8.34356559,104.32710666,2,2,623,169,163,0,6,2,623,169,157,96.3190,93.2515,1,0.6135,-95.7055,5,3.0675,-93.2515,163,saied,maghzaoui,93.2515,27.1268,100.0000
TN235657,Ain Snan,عين سنان,TN2356,Kalaat Senan,Le Kef,North West,35.75920963,8.40079654,48.27028639,2,2,829,234,231,0,3,2,829,234,226,97.8355,96.5368,3,1.2987,-96.5368,2,0.8658,-96.9697,231,saied,zammel,96.5368,28.2268,100.0000
TN235658,El Hamaima,الحميمة,TN2356,Kalaat Senan,Le Kef,North West,35.9199911,8.35180622,68.23020209,1,1,440,115,110,1,4,1,440,115,107,97.2727,95.4545,1,0.9091,-96.3636,2,1.8182,-95.4545,110,saied,maghzaoui,95.4545,26.1364,100.0000
TN235659,El Mahjouba,المحجوبة,TN2356,Kalaat Senan,Le Kef,North West,35.78330052,8.51879363,48.0037261,2,2,1021,373,352,5,16,2,1021,373,340,96.5909,94.8864,6,1.7045,-94.8864,6,1.7045,-94.8864,352,saied,maghzaoui,94.8864,36.5328,100.0000
TN235751,Kalaat Khasba,القلعة الخصباء,TN2357,Kalaa Khesba,Le Kef,North West,35.6614208,8.58392095,19.71538637,4,4,3164,1080,1029,12,39,4,3164,1080,977,94.9466,91.6424,34,3.3042,-91.6424,18,1.7493,-93.1973,1029,saied,zammel,91.6424,34.1340,100.0000
TN235753,Sidi Ahmed Essalah,سيدي أحمد الصالح,TN2357,Kalaa Khesba,Le Kef,North West,35.74839205,8.56916731,78.83025759,2,2,1383,535,515,9,11,2,1383,535,493,95.7282,92.6214,16,3.1068,-92.6214,6,1.1650,-94.5631,515,saied,zammel,92.6214,38.6840,100.0000
TN235754,En-Nadhour,الناظور,TN2357,Kalaa Khesba,Le Kef,North West,35.71640805,8.48237519,85.14215671,2,2,498,110,107,0,3,2,498,110,103,96.2617,94.3925,2,1.8692,-94.3925,2,1.8692,-94.3925,107,saied,maghzaoui,94.3925,22.0884,100.0000
TN235851,Djerissa Centre,الجريصة المركزية,TN2358,Jerissa,Le Kef,North West,35.84439676,8.61982398,1.77444567,3,3,2891,688,616,6,66,3,2891,688,586,95.1299,92.3701,13,2.1104,-93.0195,17,2.7597,-92.3701,616,saied,maghzaoui,92.3701,23.7980,100.0000
TN235852,Djerissa Nord,الجريصة الشمالية,TN2358,Jerissa,Le Kef,North West,35.84431676,8.64501818,1.85352415,2,2,1338,540,499,5,36,2,1338,540,482,96.5932,94.7896,8,1.6032,-94.9900,9,1.8036,-94.7896,499,saied,maghzaoui,94.7896,40.3587,100.0000
TN235853,Djerissa Sud,الجريصة الجنوبية,TN2358,Jerissa,Le Kef,North West,35.83788355,8.62333085,1.67857852,3,3,1063,891,837,14,40,2,1063,444,798,95.3405,92.8315,21,2.5090,-92.8315,18,2.1505,-93.1900,837,saied,zammel,92.8315,41.7686,66.6667
TN235854,Besseriana,بسريانة,TN2358,Jerissa,Le Kef,North West,35.82109239,8.58531255,35.90510633,1,1,667,295,269,2,24,1,667,295,264,98.1413,96.6543,4,1.4870,-96.6543,1,0.3717,-97.7695,269,saied,zammel,96.6543,44.2279,100.0000
TN235855,Fej Ettameur,فج التمر,TN2358,Jerissa,Le Kef,North West,35.83685072,8.68391659,99.53846271,4,4,1687,345,336,4,5,4,1687,345,330,98.2143,97.3214,3,0.8929,-97.3214,3,0.8929,-97.3214,336,saied,maghzaoui,97.3214,20.4505,100.0000
TN235856,Enneayem,النعايم,TN2358,Jerissa,Le Kef,North West,35.78159147,8.63469478,35.62857787,1,1,248,88,85,0,3,1,248,88,81,95.2941,91.7647,1,1.1765,-94.1176,3,3.5294,-91.7647,85,saied,maghzaoui,91.7647,35.4839,100.0000
TN235951,El Ksour,القصور,TN2359,Ksour,Le Kef,North West,35.90779817,8.8939457,25.59181858,7,7,5829,1986,1876,39,71,7,5829,1986,1758,93.7100,89.6588,76,4.0512,-89.6588,42,2.2388,-91.4712,1876,saied,zammel,89.6588,34.0710,100.0000
TN235952,Ain El Ksiba,عين القصيبة,TN2359,Ksour,Le Kef,North West,35.78890906,8.85767224,80.97676605,4,4,2488,695,635,12,48,4,2488,695,625,98.4252,97.4803,4,0.6299,-97.7953,6,0.9449,-97.4803,635,saied,maghzaoui,97.4803,27.9341,100.0000
TN235953,Banou,بانو,TN2359,Ksour,Le Kef,North West,35.79795023,8.91878745,73.16283742,1,1,1138,267,247,2,18,1,1138,267,233,94.3320,90.2834,10,4.0486,-90.2834,4,1.6194,-92.7126,247,saied,zammel,90.2834,23.4622,100.0000
TN235954,Louata,اللواتة,TN2359,Ksour,Le Kef,North West,35.80784567,9.01151674,34.61678602,1,1,685,273,257,9,7,1,685,273,249,96.8872,95.3307,4,1.5564,-95.3307,4,1.5564,-95.3307,257,saied,maghzaoui,95.3307,39.8540,100.0000
TN235955,Ain Fedhil,عين فضيل,TN2359,Ksour,Le Kef,North West,35.91000285,9.01658304,136.00773667,3,3,1068,247,235,4,8,3,1068,247,228,97.0213,95.3191,3,1.2766,-95.7447,4,1.7021,-95.3191,235,saied,maghzaoui,95.3191,23.1273,100.0000
TN235956,Ezzitouna,الزيتونة,TN2359,Ksour,Le Kef,North West,35.78339323,8.97310435,100.04528641,4,4,1948,550,525,6,19,4,1948,550,516,98.2857,97.1429,3,0.5714,-97.7143,6,1.1429,-97.1429,525,saied,maghzaoui,97.1429,28.2341,100.0000
TN236051,Dahmani,الدهماني,TN2360,Dahmani,Le Kef,North West,35.94124232,8.84042161,3.71397311,9,9,7640,2273,2168,36,69,8,7640,2015,2042,94.1882,89.8985,93,4.2897,-89.8985,33,1.5221,-92.6661,2168,saied,zammel,89.8985,26.3743,88.8889
TN236052,Dahmani Nord,الدهماني الشمالية,TN2360,Dahmani,Le Kef,North West,35.94446222,8.82599189,1.80127053,4,4,3375,1425,1331,24,70,4,3375,1425,1257,94.4403,90.6837,50,3.7566,-90.6837,24,1.8032,-92.6371,1331,saied,zammel,90.6837,42.2222,100.0000
TN236053,Zouarine,الزوارين,TN2360,Dahmani,Le Kef,North West,35.9722521,8.91317442,117.12680955,5,5,3320,866,828,5,33,5,3320,866,814,98.3092,97.1014,10,1.2077,-97.1014,4,0.4831,-97.8261,828,saied,zammel,97.1014,26.0843,100.0000
TN236054,Thermda,ثرمدة,TN2360,Dahmani,Le Kef,North West,36.04463946,8.87703201,82.44410495,3,3,1704,518,497,5,16,3,1704,518,489,98.3903,97.1831,6,1.2072,-97.1831,2,0.4024,-97.9879,497,saied,zammel,97.1831,30.3991,100.0000
TN236055,Abida,عبيدة,TN2360,Dahmani,Le Kef,North West,36.02711546,8.73830431,82.30017495,2,2,1396,360,352,2,6,2,1396,360,343,97.4432,95.4545,7,1.9886,-95.4545,2,0.5682,-96.8750,352,saied,zammel,95.4545,25.7880,100.0000
TN236056,Ebba,أبة,TN2360,Dahmani,Le Kef,North West,35.93510585,8.77646596,103.26129227,4,4,1185,418,393,7,18,4,1185,418,381,96.9466,95.4198,6,1.5267,-95.4198,6,1.5267,-95.4198,393,saied,maghzaoui,95.4198,35.2743,100.0000
TN236057,El Medeina,المداينة,TN2360,Dahmani,Le Kef,North West,35.88678561,8.82944716,71.23356751,2,2,869,282,263,5,14,2,869,282,260,98.8593,98.0989,2,0.7605,-98.0989,1,0.3802,-98.4791,263,saied,zammel,98.0989,32.4511,100.0000
TN236058,Sidi Baraket Nord,سيدي بركات الشمالية,TN2360,Dahmani,Le Kef,North West,35.82440899,8.76251789,46.24719714,1,1,459,163,155,1,7,1,459,163,153,98.7097,97.4194,2,1.2903,-97.4194,0,0.0000,-98.7097,155,saied,zammel,97.4194,35.5120,100.0000
TN236059,Sidi Baraket Sud,سيدي بركات الجنوبية,TN2360,Dahmani,Le Kef,North West,35.82162142,8.80651371,42.25609581,3,3,744,241,226,0,15,3,744,241,224,99.1150,98.6726,1,0.4425,-98.6726,1,0.4425,-98.6726,226,saied,maghzaoui,98.6726,32.3925,100.0000
TN236151,Es-Sers Nord,السرس الشمالية,TN2361,Es Sers,Le Kef,North West,36.13053062,9.0349778,70.22152343,2,2,1335,388,372,3,13,2,1335,388,354,95.1613,91.6667,13,3.4946,-91.6667,5,1.3441,-93.8172,372,saied,zammel,91.6667,29.0637,100.0000
TN236152,Es-Sers Sud,السرس الجنوبية,TN2361,Es Sers,Le Kef,North West,36.08496467,9.08696766,37.61098152,6,6,4125,1546,1466,16,64,6,4125,1546,1392,94.9523,91.1323,56,3.8199,-91.1323,18,1.2278,-93.7244,1466,saied,zammel,91.1323,37.4788,100.0000
TN236153,Cite Ennour,حي النور,TN2361,Es Sers,Le Kef,North West,36.08485219,9.00887132,6.13529411,4,4,4979,1892,1809,32,51,4,4979,1892,1723,95.2460,91.8187,62,3.4273,-91.8187,24,1.3267,-93.9193,1809,saied,zammel,91.8187,37.9996,100.0000
TN236154,Bousliaa,بوصليعة,TN2361,Es Sers,Le Kef,North West,36.03715903,8.98536339,72.11125164,2,2,1251,454,417,7,30,2,1251,454,407,97.6019,95.9233,3,0.7194,-96.8825,7,1.6787,-95.9233,417,saied,maghzaoui,95.9233,36.2910,100.0000
TN236155,Lorbeus,الأربص,TN2361,Es Sers,Le Kef,North West,36.0953013,8.85776553,96.93071878,2,2,1368,416,398,3,15,2,1368,416,386,96.9849,95.4774,6,1.5075,-95.4774,6,1.5075,-95.4774,398,saied,maghzaoui,95.4774,30.4094,100.0000
TN236156,El Marja,المرجى,TN2361,Es Sers,Le Kef,North West,36.0332525,9.0694447,39.91643318,2,2,1724,543,513,4,26,2,1724,543,502,97.8558,95.9064,10,1.9493,-95.9064,1,0.1949,-97.6608,513,saied,zammel,95.9064,31.4965,100.0000
TN236157,El Abar,الأبار,TN2361,Es Sers,Le Kef,North West,36.01475955,9.1298657,27.26399471,1,1,1041,312,296,0,16,1,1041,312,284,95.9459,93.2432,8,2.7027,-93.2432,4,1.3514,-94.5946,296,saied,zammel,93.2432,29.9712,100.0000
TN236158,El Abar Est,الأبار الشرقية,TN2361,Es Sers,Le Kef,North West,36.06609707,9.13328608,24.00657397,2,2,547,242,224,0,18,2,547,242,219,97.7679,96.4286,2,0.8929,-96.8750,3,1.3393,-96.4286,224,saied,maghzaoui,96.4286,44.2413,100.0000
TN236159,Elles,الآس,TN2361,Es Sers,Le Kef,North West,35.98485671,9.0600345,56.56973351,2,2,1148,320,305,2,13,2,1148,320,300,98.3607,96.7213,0,0.0000,-98.3607,5,1.6393,-96.7213,305,saied,maghzaoui,96.7213,27.8746,100.0000
TN245151,Siliana Ville,سليانة المدينة,TN2451,Siliana Nord,Siliana,North West,36.08946337,9.36179365,1.99307689,15,14,14548,4149,4293,50,103,13,13560,4149,3880,90.3797,82.0405,358,8.3392,-82.0405,55,1.2812,-89.0985,4293,saied,zammel,82.0405,30.5973,86.6667
TN245152,Siliana Nord,سليانة الشمالية,TN2451,Siliana Nord,Siliana,North West,36.09804615,9.37658922,9.54271482,5,5,5159,1666,1609,27,30,5,5159,1666,1440,89.4966,80.2983,148,9.1983,-80.2983,21,1.3052,-88.1914,1609,saied,zammel,80.2983,32.2931,100.0000
TN245153,El Arab,العرب,TN2451,Siliana Nord,Siliana,North West,36.11731895,9.44137252,76.87056718,4,4,2086,324,568,4,28,3,1260,324,550,96.8310,93.8380,17,2.9930,-93.8380,1,0.1761,-96.6549,568,saied,zammel,93.8380,25.7143,75.0000
TN245154,Jema,جامة,TN2451,Siliana Nord,Siliana,North West,36.09279796,9.30533863,113.29252782,3,3,1118,470,450,5,15,3,1118,470,439,97.5556,95.5556,9,2.0000,-95.5556,2,0.4444,-97.1111,450,saied,zammel,95.5556,42.0394,100.0000
TN245155,Massouj,مصوج,TN2451,Siliana Nord,Siliana,North West,36.01044669,9.24226376,42.20611405,2,2,991,47,232,10,13,1,78,47,228,98.2759,96.9828,3,1.2931,-96.9828,1,0.4310,-97.8448,232,saied,zammel,96.9828,60.2564,50.0000
TN245156,El Jouii,الجوي,TN2451,Siliana Nord,Siliana,North West,36.06317967,9.19854557,67.33500467,3,3,536,358,433,6,14,1,536,248,421,97.2286,95.1501,9,2.0785,-95.1501,3,0.6928,-96.5358,433,saied,zammel,95.1501,46.2687,33.3333
TN245157,El Khalsa,الخلصة,TN2451,Siliana Nord,Siliana,North West,35.96908161,9.18261307,53.25548214,2,2,672,229,217,9,3,2,672,229,203,93.5484,88.4793,11,5.0691,-88.4793,3,1.3825,-92.1659,217,saied,zammel,88.4793,34.0774,100.0000
TN245158,Ain Ed-Dissa,عين ديسة,TN2451,Siliana Nord,Siliana,North West,35.94060194,9.24365805,21.83086852,1,1,351,153,147,3,3,1,351,153,138,93.8776,88.4354,8,5.4422,-88.4354,1,0.6803,-93.1973,147,saied,zammel,88.4354,43.5897,100.0000
TN245251,Siliana Sud,سليانة الجنوبية,TN2452,Siliana Sud,Siliana,North West,36.0784249,9.37089424,2.1889337,9,9,11279,3174,3065,39,70,9,11279,3174,2624,85.6117,72.2675,409,13.3442,-72.2675,32,1.0440,-84.5677,3065,saied,zammel,72.2675,28.1408,100.0000
TN245252,Marj Mokaddem,مرج مقدم,TN2452,Siliana Sud,Siliana,North West,35.97843783,9.27857235,39.898602,2,2,1020,304,295,1,8,2,1020,304,285,96.6102,94.9153,5,1.6949,-94.9153,5,1.6949,-94.9153,295,saied,maghzaoui,94.9153,29.8039,100.0000
TN245253,Es-Sefina,السفينة,TN2452,Siliana Sud,Siliana,North West,35.90269423,9.32385789,99.95043045,5,5,1417,405,458,8,6,4,1417,405,451,98.4716,97.3799,5,1.0917,-97.3799,2,0.4367,-98.0349,458,saied,zammel,97.3799,28.5815,80.0000
TN245254,Sidi Morched,سيدي مرشد,TN2452,Siliana Sud,Siliana,North West,35.9404351,9.51265168,63.17543751,6,6,4530,1336,1242,26,68,6,4530,1336,1201,96.6989,94.3639,29,2.3349,-94.3639,12,0.9662,-95.7327,1242,saied,zammel,94.3639,29.4923,100.0000
TN245255,Sidi Mansour,سيدي منصور,TN2452,Siliana Sud,Siliana,North West,36.01915337,9.32766168,59.16266555,3,3,903,352,484,6,17,2,903,352,473,97.7273,95.6612,10,2.0661,-95.6612,1,0.2066,-97.5207,484,saied,zammel,95.6612,38.9812,66.6667
TN245256,Sidi Hmada,سيدي حمادة,TN2452,Siliana Sud,Siliana,North West,35.98055994,9.54845267,39.80763516,2,2,898,332,316,3,13,2,898,332,292,92.4051,85.7595,21,6.6456,-85.7595,3,0.9494,-91.4557,316,saied,zammel,85.7595,36.9710,100.0000
TN245257,Sejja,سجة,TN2452,Siliana Sud,Siliana,North West,36.05033543,9.4483319,58.86916509,3,3,1910,716,685,1,30,3,1910,716,668,97.5182,95.4745,14,2.0438,-95.4745,3,0.4380,-97.0803,685,saied,zammel,95.4745,37.4869,100.0000
TN245258,Ouled Zenag,أولاد زناق,TN2452,Siliana Sud,Siliana,North West,35.94297208,9.42752188,58.40481821,3,3,1728,544,525,6,13,3,1728,544,512,97.5238,95.8095,9,1.7143,-95.8095,4,0.7619,-96.7619,525,saied,zammel,95.8095,31.4815,100.0000
TN245259,El Kabel,القابل,TN2452,Siliana Sud,Siliana,North West,36.00206118,9.41882299,71.71959077,5,5,3086,1143,1097,11,35,5,3086,1143,1024,93.3455,87.4202,65,5.9253,-87.4202,8,0.7293,-92.6162,1097,saied,zammel,87.4202,37.0382,100.0000
TN245351,Banlieue De Bouarada,أحواز بوعرادة,TN2453,Bouarada,Siliana,North West,36.38467496,9.59773674,66.20856693,3,3,1320,578,563,4,11,3,1320,578,549,97.5133,95.5595,11,1.9538,-95.5595,3,0.5329,-96.9805,563,saied,zammel,95.5595,43.7879,100.0000
TN245352,Bouarada,بوعرادة,TN2453,Bouarada,Siliana,North West,36.34793513,9.63642923,5.49666518,11,11,11254,3653,3504,32,117,11,11254,3653,3289,93.8642,88.7272,180,5.1370,-88.7272,35,0.9989,-92.8653,3504,saied,zammel,88.7272,32.4596,100.0000
TN245353,Fatis,فطيس,TN2453,Bouarada,Siliana,North West,36.402598,9.70324825,88.4238775,1,1,634,190,177,0,13,1,634,190,162,91.5254,84.7458,12,6.7797,-84.7458,3,1.6949,-89.8305,177,saied,zammel,84.7458,29.9685,100.0000
TN245354,Henchir Er-Roman,هنشير الرومان,TN2453,Bouarada,Siliana,North West,36.22718308,9.52839994,89.96747789,3,3,976,361,350,2,9,3,976,361,337,96.2857,93.1429,11,3.1429,-93.1429,2,0.5714,-95.7143,350,saied,zammel,93.1429,36.9877,100.0000
TN245355,Sidi Abdennour,سيدي عبد النور,TN2453,Bouarada,Siliana,North West,36.28677984,9.58315501,67.56157256,1,1,681,249,230,2,17,1,681,249,228,99.1304,98.2609,2,0.8696,-98.2609,0,0.0000,-99.1304,230,saied,zammel,98.2609,36.5639,100.0000
TN245356,Tarf Ech-Chena,طرف الشناء,TN2453,Bouarada,Siliana,North West,36.32249613,9.66825917,59.10276562,2,2,1228,449,435,2,12,2,1228,449,417,95.8621,92.6437,14,3.2184,-92.6437,4,0.9195,-94.9425,435,saied,zammel,92.6437,36.5635,100.0000
TN245451,Gaafour Est,قعفور الشرقية,TN2454,Gaafour,Siliana,North West,36.343493,9.32088691,14.19894596,6,6,3057,1489,1779,18,55,4,3057,1068,1634,91.8494,85.9472,105,5.9022,-85.9472,40,2.2485,-89.6009,1779,saied,zammel,85.9472,34.9362,66.6667
TN245452,Gaafour Ouest,قعفور الغربية,TN2454,Gaafour,Siliana,North West,36.33276668,9.28882361,22.9923297,3,3,3239,1285,1231,22,32,3,3239,1285,1189,96.5881,93.9886,32,2.5995,-93.9886,10,0.8123,-95.7758,1231,saied,zammel,93.9886,39.6727,100.0000
TN245453,El Khouat,الأخوات,TN2454,Gaafour,Siliana,North West,36.25001915,9.23062429,32.30012881,2,2,1557,511,489,6,16,2,1557,511,465,95.0920,91.6155,17,3.4765,-91.6155,7,1.4315,-93.6605,489,saied,zammel,91.6155,32.8195,100.0000
TN245454,Ain Zerig,عين زريق,TN2454,Gaafour,Siliana,North West,36.19377755,9.40972775,142.97250225,3,3,1492,580,548,17,15,3,1492,580,535,97.6277,96.1679,8,1.4599,-96.1679,5,0.9124,-96.7153,548,saied,zammel,96.1679,38.8740,100.0000
TN245455,El Ahouez Nord,الأحواز الشمالية,TN2454,Gaafour,Siliana,North West,36.28248802,9.36385979,84.72486343,1,1,413,164,150,1,13,1,413,164,145,96.6667,94.6667,3,2.0000,-94.6667,2,1.3333,-95.3333,150,saied,zammel,94.6667,39.7094,100.0000
TN245456,El Ahouez Sud,الأحواز الجنوبية,TN2454,Gaafour,Siliana,North West,36.25781688,9.30483862,81.82320364,1,1,793,55,51,0,4,1,793,55,45,88.2353,80.3922,4,7.8431,-80.3922,2,3.9216,-84.3137,51,saied,zammel,80.3922,6.9357,100.0000
TN245457,El Aksab,الأقصاب,TN2454,Gaafour,Siliana,North West,36.19200805,9.26792579,82.09936546,2,2,1192,140,493,2,27,1,411,140,487,98.7830,97.9716,2,0.4057,-98.3773,4,0.8114,-97.9716,493,saied,maghzaoui,97.9716,34.0633,50.0000
TN245551,El Krib Nord,الكريب الشمالية,TN2455,El Krib,Siliana,North West,36.33560507,9.10935783,27.13105117,6,6,4275,1554,1480,21,53,6,4275,1554,1408,95.1351,91.0135,61,4.1216,-91.0135,11,0.7432,-94.3919,1480,saied,zammel,91.0135,36.3509,100.0000
TN245552,El Krib Sud,الكريب الجنوبية,TN2455,El Krib,Siliana,North West,36.29949039,9.15740216,67.25827708,2,2,2321,997,961,7,29,2,2321,997,930,96.7742,93.8606,28,2.9136,-93.8606,3,0.3122,-96.4620,961,saied,zammel,93.8606,42.9556,100.0000
TN245553,Dokhania,الدخانية,TN2455,El Krib,Siliana,North West,36.33854677,9.21865053,64.48554183,3,3,1816,449,592,2,21,2,1329,449,579,97.8041,96.6216,6,1.0135,-96.7905,7,1.1824,-96.6216,592,saied,maghzaoui,96.6216,33.7848,66.6667
TN245554,Hammam Biadha Nord,حمام بياضة الشمالية,TN2455,El Krib,Siliana,North West,36.429318,8.98826004,54.44398059,1,1,757,223,218,0,5,1,757,223,207,94.9541,92.2018,6,2.7523,-92.2018,5,2.2936,-92.6606,218,saied,zammel,92.2018,29.4584,100.0000
TN245555,Hammam Biadha Sud,حمام بياضة الجنوبية,TN2455,El Krib,Siliana,North West,36.38476528,9.04125396,79.39303818,3,3,1799,494,471,8,15,3,1799,494,456,96.8153,94.0552,13,2.7601,-94.0552,2,0.4246,-96.3907,471,saied,zammel,94.0552,27.4597,100.0000
TN245556,Borj El Messaoudi Nord,برج المسعودي الشمالية,TN2455,El Krib,Siliana,North West,36.32076322,9.0515621,71.5623579,3,3,1773,921,880,9,32,3,1773,921,858,97.5000,95.6818,16,1.8182,-95.6818,6,0.6818,-96.8182,880,saied,zammel,95.6818,51.9459,100.0000
TN245557,Borj El Messaoudi Sud,برج المسعودي الجنوبية,TN2455,El Krib,Siliana,North West,36.29311148,8.98827554,60.07150318,3,3,1846,481,466,3,12,3,1846,481,445,95.4936,92.9185,12,2.5751,-92.9185,9,1.9313,-93.5622,466,saied,zammel,92.9185,26.0563,100.0000
TN245651,Bourouis Nord,بورويس الشمالية,TN2456,Bourouis,Siliana,North West,36.17737009,9.12783596,6.55277217,5,5,1996,567,1413,11,37,2,979,297,1274,90.1628,81.5287,122,8.6341,-81.5287,17,1.2031,-88.9597,1413,saied,zammel,81.5287,30.3371,40.0000
TN245652,Bourouis Sud,بورويس الجنوبية,TN2456,Bourouis,Siliana,North West,36.16992483,9.17967259,79.37799592,2,2,1015,400,389,2,9,2,1015,400,372,95.6298,92.8021,11,2.8278,-92.8021,6,1.5424,-94.0874,389,saied,zammel,92.8021,39.4089,100.0000
TN245653,Ettricha,التريشة,TN2456,Bourouis,Siliana,North West,36.12470024,9.14420817,37.69980445,1,1,0,193,184,0,0,0,0,0,179,97.2826,95.1087,4,2.1739,-95.1087,1,0.5435,-96.7391,184,saied,zammel,95.1087,,0.0000
TN245654,El Abbassi,العباسي,TN2456,Bourouis,Siliana,North West,36.23717036,9.10583784,60.80828806,2,2,1476,308,301,0,7,2,1476,308,296,98.3389,97.3422,2,0.6645,-97.6744,3,0.9967,-97.3422,301,saied,maghzaoui,97.3422,20.8672,100.0000
TN245655,Ain Achour,عين عاشور,TN2456,Bourouis,Siliana,North West,36.17817393,9.07154292,66.92071327,3,3,2030,287,461,11,19,2,1220,287,451,97.8308,96.0954,8,1.7354,-96.0954,2,0.4338,-97.3970,461,saied,zammel,96.0954,23.5246,66.6667
TN245656,El Krib Gare,محطة الكريب,TN2456,Bourouis,Siliana,North West,36.23907011,9.16988708,23.05937291,2,2,797,415,392,9,14,2,797,415,383,97.7041,95.9184,7,1.7857,-95.9184,2,0.5102,-97.1939,392,saied,zammel,95.9184,52.0703,100.0000
TN245751,Makthar Nord,مكثر الشمالية,TN2457,Makthar,Siliana,North West,35.86074398,9.18857048,4.6820109,2,2,0,0,908,16,26,0,0,0,808,88.9868,79.0749,90,9.9119,-79.0749,10,1.1013,-87.8855,908,saied,zammel,79.0749,,0.0000
TN245752,Makthar Sud,مكثر الجنوبية,TN2457,Makthar,Siliana,North West,35.85228634,9.20039539,2.80778554,9,9,6002,2338,2770,32,78,8,6002,2338,2426,87.5812,76.1733,316,11.4079,-76.1733,28,1.0108,-86.5704,2770,saied,zammel,76.1733,38.9537,88.8889
TN245753,Sayar,صيار,TN2457,Makthar,Siliana,North West,35.84318272,9.22170968,38.99636529,3,3,1690,660,643,9,8,3,1690,660,608,94.5568,90.2022,28,4.3546,-90.2022,7,1.0886,-93.4681,643,saied,zammel,90.2022,39.0533,100.0000
TN245754,El Garaa,القرعة,TN2457,Makthar,Siliana,North West,35.8812663,9.25771751,35.58781558,2,2,200,116,348,5,6,1,200,116,289,83.0460,67.2414,55,15.8046,-67.2414,4,1.1494,-81.8966,348,saied,zammel,67.2414,58.0000,50.0000
TN245755,Bez,باز,TN2457,Makthar,Siliana,North West,35.8931041,9.14078388,56.32446213,3,3,1498,422,404,8,10,3,1498,422,393,97.2772,94.8020,10,2.4752,-94.8020,1,0.2475,-97.0297,404,saied,zammel,94.8020,28.1709,100.0000
TN245756,Beni Hazem,بني حازم,TN2457,Makthar,Siliana,North West,35.86103937,9.06623558,33.68181209,2,2,1219,394,383,2,9,2,1219,394,369,96.3446,93.2115,12,3.1332,-93.2115,2,0.5222,-95.8225,383,saied,zammel,93.2115,32.3216,100.0000
TN245757,Ras El Ouedi,رأس الوادي,TN2457,Makthar,Siliana,North West,35.85101625,9.13337313,18.96405911,2,2,1187,320,313,3,4,2,1187,320,302,96.4856,93.2907,10,3.1949,-93.2907,1,0.3195,-96.1661,313,saied,zammel,93.2907,26.9587,100.0000
TN245758,Saddine,الصدّين,TN2457,Makthar,Siliana,North West,35.80882346,9.06129778,37.13027588,2,2,1391,340,305,16,19,2,1391,340,292,95.7377,92.4590,10,3.2787,-92.4590,3,0.9836,-94.7541,305,saied,zammel,92.4590,24.4428,100.0000
TN245759,Chouarnia,الشوارنية,TN2457,Makthar,Siliana,North West,35.95510978,9.12690414,27.29270717,1,1,832,256,245,7,4,1,832,256,233,95.1020,91.0204,10,4.0816,-91.0204,2,0.8163,-94.2857,245,saied,zammel,91.0204,30.7692,100.0000
TN245760,Sened El Haddad,سند الحداد,TN2457,Makthar,Siliana,North West,35.91684766,9.19407009,20.80708875,2,2,1549,507,487,4,16,2,1549,507,450,92.4025,85.2156,35,7.1869,-85.2156,2,0.4107,-91.9918,487,saied,zammel,85.2156,32.7308,100.0000
TN245761,Soualem,السوالم,TN2457,Makthar,Siliana,North West,35.79772162,9.20104411,71.03533491,3,3,1501,696,669,7,20,3,1501,696,639,95.5157,91.7788,25,3.7369,-91.7788,5,0.7474,-94.7683,669,saied,zammel,91.7788,46.3691,100.0000
TN245851,El Hababsa Nord,الحبابسةالشمالية,TN2458,Rouhia,Siliana,North West,35.57481141,9.27632971,138.10790569,3,3,2261,578,548,8,22,3,2261,578,540,98.5401,97.2628,7,1.2774,-97.2628,1,0.1825,-98.3577,548,saied,zammel,97.2628,25.5639,100.0000
TN245852,El Hababsa Sud,الحبابسة الجنوبية,TN2458,Rouhia,Siliana,North West,35.54083337,9.37912455,98.97502754,3,3,2182,560,547,4,9,3,2182,560,535,97.8062,96.3437,8,1.4625,-96.3437,4,0.7313,-97.0750,547,saied,zammel,96.3437,25.6645,100.0000
TN245853,El Jamilet,الجميلات,TN2458,Rouhia,Siliana,North West,35.658627,9.25943441,77.42835679,5,5,1136,361,346,1,14,5,1136,361,339,97.9769,96.5318,5,1.4451,-96.5318,2,0.5780,-97.3988,346,saied,zammel,96.5318,31.7782,100.0000
TN245854,Es-Semiret Nord,السميرات الشمالية,TN2458,Rouhia,Siliana,North West,35.74431127,9.13799275,60.10177915,3,3,1196,515,504,5,6,3,1196,515,497,98.6111,97.6190,2,0.3968,-98.2143,5,0.9921,-97.6190,504,saied,maghzaoui,97.6190,43.0602,100.0000
TN245855,Es-Semirat Sud,السميرات الجنوبية,TN2458,Rouhia,Siliana,North West,35.71719742,9.20345466,35.25702653,2,2,1013,199,186,4,9,2,1013,199,180,96.7742,94.6237,4,2.1505,-94.6237,2,1.0753,-95.6989,186,saied,zammel,94.6237,19.6446,100.0000
TN245856,El Messahla,المساحلة,TN2458,Rouhia,Siliana,North West,35.78195868,9.09377831,41.77183055,1,1,835,309,301,3,5,1,835,309,296,98.3389,96.6777,5,1.6611,-96.6777,0,0.0000,-98.3389,301,saied,zammel,96.6777,37.0060,100.0000
TN245857,El Haria,الهرية,TN2458,Rouhia,Siliana,North West,35.71954756,9.04905155,27.94001802,2,2,944,318,305,3,10,2,944,318,290,95.0820,91.4754,4,1.3115,-93.7705,11,3.6066,-91.4754,305,saied,maghzaoui,91.4754,33.6864,100.0000
TN245858,Er-Rouhia,الروحية,TN2458,Rouhia,Siliana,North West,35.66993832,9.09121371,79.43007196,9,9,7947,2365,2584,19,90,7,6906,2098,2422,93.7307,90.0155,96,3.7152,-90.0155,66,2.5542,-91.1765,2584,saied,zammel,90.0155,30.3794,77.7778
TN245859,El Hamaima,الحميمة,TN2458,Rouhia,Siliana,North West,35.66491262,9.02538557,37.4368758,1,1,1221,279,267,4,8,1,1221,279,249,93.2584,89.5131,8,2.9963,-90.2622,10,3.7453,-89.5131,267,saied,maghzaoui,89.5131,22.8501,100.0000
TN245860,Bou-Ajila,بوعجيلة,TN2458,Rouhia,Siliana,North West,35.65369278,9.16920039,65.61607227,3,3,2664,856,827,8,21,3,2664,856,803,97.0979,95.1632,16,1.9347,-95.1632,8,0.9674,-96.1306,827,saied,zammel,95.1632,32.1321,100.0000
TN245951,Kesra,كسرى,TN2459,Kesra,Siliana,North West,35.79651648,9.3665484,75.98228096,4,4,3377,1153,1134,7,12,4,3377,1153,932,82.1869,64.9030,196,17.2840,-64.9030,6,0.5291,-81.6578,1134,saied,zammel,64.9030,34.1427,100.0000
TN245952,El Hammam,الحمام,TN2459,Kesra,Siliana,North West,35.82417687,9.30261411,58.54423057,1,1,768,0,316,0,6,0,0,0,266,84.1772,68.9873,48,15.1899,-68.9873,2,0.6329,-83.5443,316,saied,zammel,68.9873,,0.0000
TN245953,El Mansoura Nord,المنصورة الشمالية,TN2459,Kesra,Siliana,North West,35.8378739,9.48261997,36.79418397,2,2,1132,480,466,5,9,2,1132,480,377,80.9013,62.0172,88,18.8841,-62.0172,1,0.2146,-80.6867,466,saied,zammel,62.0172,42.4028,100.0000
TN245954,El Mansoura Sud,المنصورة الجنوبية,TN2459,Kesra,Siliana,North West,35.80363038,9.47225202,19.52641325,2,2,1301,621,600,4,17,2,1301,621,264,44.0000,-10.8333,329,54.8333,10.8333,7,1.1667,-53.6667,600,zammel,saied,10.8333,47.7325,100.0000
TN245955,Bou Abdallah,بوعبد اللّه,TN2459,Kesra,Siliana,North West,35.8761185,9.43776088,47.26261862,2,2,308,581,544,16,21,1,276,219,519,95.4044,91.7279,20,3.6765,-91.7279,5,0.9191,-94.4853,544,saied,zammel,91.7279,79.3478,50.0000
TN245956,El Karia Nord,القرية الشمالية,TN2459,Kesra,Siliana,North West,35.77195534,9.4337968,33.33029303,2,2,1445,474,459,0,15,2,1445,474,394,85.8388,72.5490,61,13.2898,-72.5490,4,0.8715,-84.9673,459,saied,zammel,72.5490,32.8028,100.0000
TN245957,El Karia Sud,القرية الجنوبية,TN2459,Kesra,Siliana,North West,35.75892454,9.48540249,28.18136686,2,2,825,451,429,5,17,1,825,223,349,81.3520,63.4033,77,17.9487,-63.4033,3,0.6993,-80.6527,429,saied,zammel,63.4033,27.0303,50.0000
TN245958,El Foudhoul,الفضول,TN2459,Kesra,Siliana,North West,35.72669587,9.40368589,56.24728074,2,2,1677,526,508,3,15,2,1677,526,487,95.8661,92.5197,17,3.3465,-92.5197,4,0.7874,-95.0787,508,saied,zammel,92.5197,31.3655,100.0000
TN245959,El Louza,اللوزة,TN2459,Kesra,Siliana,North West,35.74862264,9.27893738,83.61301725,2,2,537,232,387,3,7,1,537,232,355,91.7313,83.9793,30,7.7519,-83.9793,2,0.5168,-91.2145,387,saied,zammel,83.9793,43.2030,50.0000
TN246051,Bargou,برقو,TN2460,Bargou,Siliana,North West,36.09236733,9.56604724,1.1660696,5,5,4445,2035,1962,18,54,5,4445,2035,1811,92.3038,85.8308,127,6.4730,-85.8308,24,1.2232,-91.0805,1962,saied,zammel,85.8308,45.7818,100.0000
TN246052,Banlieue Bargou,أحواز برقو,TN2460,Bargou,Siliana,North West,36.09638498,9.53191651,86.94486779,2,2,454,160,152,2,6,2,454,160,143,94.0789,89.4737,7,4.6053,-89.4737,2,1.3158,-92.7632,152,saied,zammel,89.4737,35.2423,100.0000
TN246053,Ouled Fredj,أولاد فرج,TN2460,Bargou,Siliana,North West,36.05376509,9.56924951,66.58779043,1,1,740,200,261,0,9,1,740,200,252,96.5517,93.8697,7,2.6820,-93.8697,2,0.7663,-95.7854,261,saied,zammel,93.8697,27.0270,100.0000
TN246054,Sidi Said,سيدي سعيد,TN2460,Bargou,Siliana,North West,36.17706837,9.68683077,71.07060816,2,2,1127,382,357,7,18,2,1127,382,342,95.7983,92.7171,11,3.0812,-92.7171,4,1.1204,-94.6779,357,saied,zammel,92.7171,33.8953,100.0000
TN246055,Ain Fourna,عين فرنة,TN2460,Bargou,Siliana,North West,36.15358186,9.5950713,58.30386803,1,1,986,366,340,6,20,1,986,366,329,96.7647,94.4118,8,2.3529,-94.4118,3,0.8824,-95.8824,340,saied,zammel,94.4118,37.1197,100.0000
TN246056,Ain Bous Saadia,عين بوسعدية,TN2460,Bargou,Siliana,North West,36.0560453,9.65688779,56.30334205,2,2,130,264,259,1,4,1,130,81,244,94.2085,89.5753,12,4.6332,-89.5753,3,1.1583,-93.0502,259,saied,zammel,89.5753,62.3077,50.0000
TN246057,Ed-Derija,الدريجة,TN2460,Bargou,Siliana,North West,36.11328918,9.70019663,74.43906606,3,3,460,301,285,5,11,2,460,119,276,96.8421,94.7368,6,2.1053,-94.7368,3,1.0526,-95.7895,285,saied,zammel,94.7368,25.8696,66.6667
TN246058,El Behirin,البحيرين,TN2460,Bargou,Siliana,North West,36.01354226,9.6075158,43.06663264,2,2,809,285,267,3,15,2,809,285,259,97.0037,94.3820,7,2.6217,-94.3820,1,0.3745,-96.6292,267,saied,zammel,94.3820,35.2287,100.0000
TN246151,El Aroussa,العروسة,TN2461,Laroussa,Siliana,North West,36.39255268,9.44565248,110.16547981,6,5,3076,1094,1442,17,50,4,3076,1094,1361,94.3828,89.8058,66,4.5770,-89.8058,15,1.0402,-93.3426,1442,saied,zammel,89.8058,35.5657,66.6667
TN246152,Bou Jlida,بوجليدة,TN2461,Laroussa,Siliana,North West,36.41745385,9.51947045,66.33464293,1,1,1231,435,404,7,24,1,1231,435,390,96.5347,93.8119,11,2.7228,-93.8119,3,0.7426,-95.7921,404,saied,zammel,93.8119,35.3371,100.0000
TN246153,Er Remil,الرميل,TN2461,Laroussa,Siliana,North West,36.30826074,9.50692503,89.4098802,2,2,824,163,156,2,5,2,824,163,150,96.1538,92.9487,5,3.2051,-92.9487,1,0.6410,-95.5128,156,saied,zammel,92.9487,19.7816,100.0000
TN246154,Mousrata,مسراطة,TN2461,Laroussa,Siliana,North West,36.31455421,9.4350642,42.8029346,1,1,374,128,127,0,1,1,374,128,126,99.2126,98.4252,1,0.7874,-98.4252,0,0.0000,-99.2126,127,saied,zammel,98.4252,34.2246,100.0000
TN246155,Sidi Ayed,سيد عياد,TN2461,Laroussa,Siliana,North West,36.36671795,9.3705874,51.89653813,1,1,649,241,232,1,8,1,649,241,223,96.1207,93.5345,6,2.5862,-93.5345,3,1.2931,-94.8276,232,saied,zammel,93.5345,37.1341,100.0000
TN315151,Bou Jaafer,بوجعفر,TN3151,Sousse Médina,Sousse,Centre East,35.83910278,10.62881405,1.27658774,4,4,3740,1152,1525,25,49,3,3740,1152,1331,87.2787,77.1148,155,10.1639,-77.1148,39,2.5574,-84.7213,1525,saied,zammel,77.1148,30.8021,75.0000
TN315152,El Medina,المدينة,TN3151,Sousse Médina,Sousse,Centre East,35.82398636,10.63747781,0.42764319,3,3,3775,1222,1139,19,64,3,3775,1222,1028,90.2546,81.8262,96,8.4284,-81.8262,15,1.3169,-88.9377,1139,saied,zammel,81.8262,32.3709,100.0000
TN315153,Ali Belhouan,علي البلهوان,TN3151,Sousse Médina,Sousse,Centre East,35.81627985,10.64296244,1.05572135,6,6,6109,2137,2035,23,79,5,6109,1832,1883,92.5307,86.3882,125,6.1425,-86.3882,27,1.3268,-91.2039,2035,saied,zammel,86.3882,29.9885,83.3333
TN315154,Mohamed Maarouf,محمد معروف,TN3151,Sousse Médina,Sousse,Centre East,35.82807016,10.64419637,1.12949008,5,5,4608,1300,1510,17,67,4,4608,1300,1345,89.0728,79.2715,148,9.8013,-79.2715,17,1.1258,-87.9470,1510,saied,zammel,79.2715,28.2118,80.0000
TN315155,Khezama,خزامة,TN3151,Sousse Médina,Sousse,Centre East,35.85370385,10.61263015,2.77118262,13,13,12682,3579,3384,62,133,12,12682,3383,2656,78.4870,60.6678,603,17.8191,-60.6678,125,3.6939,-74.7931,3384,saied,zammel,60.6678,26.6756,92.3077
TN315254,Ezzouhour,الزهور,TN3152,Sousse Riadh,Sousse,Centre East,35.79350077,10.57612522,3.70853502,13,13,12877,4365,4178,49,138,12,12877,3926,3950,94.5428,90.0910,186,4.4519,-90.0910,42,1.0053,-93.5376,4178,saied,zammel,90.0910,30.4885,92.3077
TN315255,Cite Er-Riadh,حي الرياض,TN3152,Sousse Riadh,Sousse,Centre East,35.79952304,10.59325985,2.19733515,23,23,23807,6438,6400,85,172,21,23807,6289,5793,90.5156,82.7656,496,7.7500,-82.7656,111,1.7344,-88.7812,6400,saied,zammel,82.7656,26.4166,91.3043
TN315351,Oued Blibane,وادي بليبان,TN3153,Sousse Jaouhara,Sousse,Centre East,35.8439648,10.60512299,2.39726753,4,4,3744,1527,1452,14,60,3,3744,1182,1256,86.5014,75.5510,159,10.9504,-75.5510,37,2.5482,-83.9532,1452,saied,zammel,75.5510,31.5705,75.0000
TN315352,Hached,حشاد,TN3153,Sousse Jaouhara,Sousse,Centre East,35.82909096,10.6177997,2.06948717,6,6,6007,1141,1097,11,33,6,6007,1141,1002,91.3400,84.9590,70,6.3810,-84.9590,25,2.2789,-89.0611,1097,saied,zammel,84.9590,18.9945,100.0000
TN315353,Hedi Chaker,الهادي شاكر,TN3153,Sousse Jaouhara,Sousse,Centre East,35.81311208,10.61893946,2.30134256,9,9,9545,2537,2979,36,115,7,7371,2537,2548,85.5321,73.5482,357,11.9839,-73.5482,74,2.4841,-83.0480,2979,saied,zammel,73.5482,34.4187,77.7778
TN315354,Bou Hassina,بوحسينة,TN3153,Sousse Jaouhara,Sousse,Centre East,35.81885313,10.60946938,2.88608149,15,15,16019,3024,3324,45,119,12,13813,3024,2969,89.3201,81.2575,268,8.0626,-81.2575,87,2.6173,-86.7028,3324,saied,zammel,81.2575,21.8924,80.0000
TN315355,Mohamed El Karoui,محمد القروي,TN3153,Sousse Jaouhara,Sousse,Centre East,35.83355486,10.62413592,0.86501656,12,12,7312,3278,3730,59,113,6,6214,1961,3243,86.9437,76.3003,397,10.6434,-76.3003,90,2.4129,-84.5308,3730,saied,zammel,76.3003,31.5578,50.0000
TN315356,Sahloul,سهلول,TN3153,Sousse Jaouhara,Sousse,Centre East,35.83563625,10.60011415,3.3302953,11,11,10851,3898,3680,78,140,10,10740,3456,2919,79.3207,62.0109,637,17.3098,-62.0109,124,3.3696,-75.9511,3680,saied,zammel,62.0109,32.1788,90.9091
TN315451,Taieb M'Hiri,الطيب المهيري,TN3154,Sousse Sidi Abdelhamid,Sousse,Centre East,35.8093772,10.62949025,2.7242214,16,16,17898,4462,4258,41,163,15,17898,4283,4033,94.7158,90.4885,180,4.2273,-90.4885,45,1.0568,-93.6590,4258,saied,zammel,90.4885,23.9300,93.7500
TN315452,Ibn Khaldoun,إبن خلدون,TN3154,Sousse Sidi Abdelhamid,Sousse,Centre East,35.80768555,10.6423963,1.72609438,8,8,9249,2760,2621,44,95,8,9249,2760,2545,97.1003,94.7348,62,2.3655,-94.7348,14,0.5341,-96.5662,2621,saied,zammel,94.7348,29.8411,100.0000
TN315453,Ksibet Ech-Chatt,قصيبة الشط,TN3154,Sousse Sidi Abdelhamid,Sousse,Centre East,35.78873403,10.66276141,5.52500021,6,6,5168,1790,1687,24,79,5,5168,1397,1631,96.6805,94.4873,37,2.1932,-94.4873,19,1.1263,-95.5542,1687,saied,zammel,94.4873,27.0317,83.3333
TN315454,Sidi Abdelhamid,سيدي عبد الحميد,TN3154,Sousse Sidi Abdelhamid,Sousse,Centre East,35.79494572,10.6695973,2.44127561,5,5,4865,980,954,10,16,5,4865,980,900,94.3396,90.0419,41,4.2977,-90.0419,13,1.3627,-92.9769,954,saied,zammel,90.0419,20.1439,100.0000
TN315551,El Medina,المدينة,TN3155,Hammam Sousse,Sousse,Centre East,35.86029539,10.59043672,1.05084924,12,12,12882,3560,3367,60,133,12,12882,3560,3079,91.4464,84.9718,218,6.4746,-84.9718,70,2.0790,-89.3674,3367,saied,zammel,84.9718,27.6355,100.0000
TN315552,El Kantaoui,القنطاوي,TN3155,Hammam Sousse,Sousse,Centre East,35.89101422,10.58549972,8.21850783,3,3,2495,732,1038,20,41,2,2495,732,644,62.0424,27.7457,356,34.2967,-27.7457,38,3.6609,-58.3815,1038,saied,zammel,27.7457,29.3387,66.6667
TN315553,Bir Moussa,بئر موسى,TN3155,Hammam Sousse,Sousse,Centre East,35.86433107,10.60198416,2.44581415,11,11,13442,2180,2059,43,78,11,13442,2180,1702,82.6615,69.5483,270,13.1132,-69.5483,87,4.2254,-78.4361,2059,saied,zammel,69.5483,16.2178,100.0000
TN315554,Sahloul,سهلول,TN3155,Hammam Sousse,Sousse,Centre East,35.84761103,10.58014986,5.22556995,14,14,13132,3882,3893,83,138,12,12958,3586,3333,85.6152,74.3899,437,11.2253,-74.3899,123,3.1595,-82.4557,3893,saied,zammel,74.3899,27.6740,85.7143
TN315555,El Gharabi,الغرابي,TN3155,Hammam Sousse,Sousse,Centre East,35.85549714,10.58469398,1.05489723,3,3,3324,914,863,13,38,3,3324,914,785,90.9618,84.0093,60,6.9525,-84.0093,18,2.0857,-88.8760,863,saied,zammel,84.0093,27.4970,100.0000
TN315651,Akouda Est,أكودة الشرقية,TN3156,Akouda,Sousse,Centre East,35.87910634,10.57343847,2.9701048,11,11,11712,2597,2852,35,93,10,10619,2597,2559,89.7265,81.5568,233,8.1697,-81.5568,60,2.1038,-87.6227,2852,saied,zammel,81.5568,24.4562,90.9091
TN315652,Akouda Ouest,أكودة الغربية,TN3156,Akouda,Sousse,Centre East,35.88241962,10.55757884,5.13214828,7,7,6275,2573,2450,29,94,6,6275,2265,2256,92.0816,85.8776,152,6.2041,-85.8776,42,1.7143,-90.3673,2450,saied,zammel,85.8776,36.0956,85.7143
TN315653,Chott Meriam,شط مريم,TN3156,Akouda,Sousse,Centre East,35.93792485,10.54928888,10.2966997,5,5,3370,1691,1602,36,53,3,3370,987,1448,90.3870,82.9588,119,7.4282,-82.9588,35,2.1848,-88.2022,1602,saied,zammel,82.9588,29.2878,60.0000
TN315654,Chott Er-Romane,شط الرمان,TN3156,Akouda,Sousse,Centre East,35.8554452,10.55356977,6.68621564,2,2,1327,512,494,7,11,2,1327,512,463,93.7247,88.4615,26,5.2632,-88.4615,5,1.0121,-92.7126,494,saied,zammel,88.4615,38.5833,100.0000
TN315655,El Fokaia,الفقاعية,TN3156,Akouda,Sousse,Centre East,35.94248762,10.52395122,11.33529755,1,1,775,306,294,5,7,1,775,306,268,91.1565,84.3537,20,6.8027,-84.3537,6,2.0408,-89.1156,294,saied,zammel,84.3537,39.4839,100.0000
TN315656,Ettantana,الطنطانة,TN3156,Akouda,Sousse,Centre East,35.91102232,10.56266328,8.34208536,2,2,2328,779,754,9,16,2,2328,779,673,89.2573,81.2997,60,7.9576,-81.2997,21,2.7851,-86.4721,754,saied,zammel,81.2997,33.4622,100.0000
TN315751,El Jarabaa,الجرابعة,TN3157,Kalaa Kebira,Sousse,Centre East,35.84110623,10.48932732,24.35148968,7,7,7066,2127,2307,23,68,6,7066,2127,2104,91.2007,84.5687,153,6.6320,-84.5687,50,2.1673,-89.0334,2307,saied,zammel,84.5687,30.1019,85.7143
TN315752,Zearna Ouest,الزعارنةالغربية,TN3157,Kalaa Kebira,Sousse,Centre East,35.89292769,10.45549102,36.03738476,4,4,3883,1415,1326,20,69,3,3883,1115,1249,94.1931,89.2157,66,4.9774,-89.2157,11,0.8296,-93.3635,1326,saied,zammel,89.2157,28.7149,75.0000
TN315753,Zearna Est,الزعارنة الشرقية,TN3157,Kalaa Kebira,Sousse,Centre East,35.90273302,10.51576861,30.79633406,13,13,13340,3995,3860,45,90,12,13340,3507,3567,92.4093,86.7098,220,5.6995,-86.7098,73,1.8912,-90.5181,3860,saied,zammel,86.7098,26.2894,92.3077
TN315754,Ouled Mhamed,أولاد محمد,TN3157,Kalaa Kebira,Sousse,Centre East,35.85183041,10.45379697,33.04334017,7,7,7122,1703,2160,29,76,5,5352,1703,2054,95.0926,91.3889,80,3.7037,-91.3889,26,1.2037,-93.8889,2160,saied,zammel,91.3889,31.8199,71.4286
TN315755,Essed Ouest,السد الغربي,TN3157,Kalaa Kebira,Sousse,Centre East,35.92150184,10.38619652,22.14407972,4,4,2310,1000,966,9,25,4,2310,1000,932,96.4803,93.9959,24,2.4845,-93.9959,10,1.0352,-95.4451,966,saied,zammel,93.9959,43.2900,100.0000
TN315756,Balaoum,بلعوم,TN3157,Kalaa Kebira,Sousse,Centre East,35.85740662,10.3759023,92.01290433,2,2,1887,361,351,3,7,2,1887,361,334,95.1567,91.4530,13,3.7037,-91.4530,4,1.1396,-94.0171,351,saied,zammel,91.4530,19.1309,100.0000
TN315851,Sidi Bou Ali,سيدي بوعلي,TN3158,Sidi Bou Ali,Sousse,Centre East,35.95935613,10.48006128,20.98193704,8,8,9311,2848,2731,36,81,7,9040,2481,2568,94.0315,90.4064,99,3.6250,-90.4064,64,2.3435,-91.6880,2731,saied,zammel,90.4064,27.4447,87.5000
TN315852,Essed Sud,السد القبلي,TN3158,Sidi Bou Ali,Sousse,Centre East,35.93217179,10.4223817,13.70718502,1,1,1111,0,460,1,15,0,0,0,440,95.6522,91.9565,17,3.6957,-91.9565,3,0.6522,-95.0000,460,saied,zammel,91.9565,,0.0000
TN315853,Essed Nord (Essateh),السد الجوفي - السطح,TN3158,Sidi Bou Ali,Sousse,Centre East,35.95471971,10.41639959,16.23869668,2,2,1264,463,445,3,15,2,1264,463,419,94.1573,89.8876,19,4.2697,-89.8876,7,1.5730,-92.5843,445,saied,zammel,89.8876,36.6297,100.0000
TN315854,Ech-Chouicha,الشويشة,TN3158,Sidi Bou Ali,Sousse,Centre East,35.96609159,10.37086165,17.38973327,1,1,661,305,295,4,6,1,661,305,285,96.6102,94.9153,5,1.6949,-94.9153,5,1.6949,-94.9153,295,saied,maghzaoui,94.9153,46.1422,100.0000
TN315855,Ouriemma,وريمة,TN3158,Sidi Bou Ali,Sousse,Centre East,35.92572267,10.45618284,8.08901466,1,1,924,435,406,1,28,1,924,435,403,99.2611,98.7685,1,0.2463,-99.0148,2,0.4926,-98.7685,406,saied,maghzaoui,98.7685,47.0779,100.0000
TN315856,Menzel El Mahatta,منزل المحطة,TN3158,Sidi Bou Ali,Sousse,Centre East,36.00513926,10.3561771,28.0880594,2,2,1547,538,515,4,19,2,1547,538,503,97.6699,95.7282,10,1.9417,-95.7282,2,0.3883,-97.2816,515,saied,zammel,95.7282,34.7770,100.0000
TN315857,Mehadhba,المهاذبة,TN3158,Sidi Bou Ali,Sousse,Centre East,35.98523394,10.43886295,25.02417839,1,1,1104,458,436,4,18,1,1104,458,429,98.3945,97.4771,4,0.9174,-97.4771,3,0.6881,-97.7064,436,saied,zammel,97.4771,41.4855,100.0000
TN315951,Hergla,هرقلة,TN3159,Hergla,Sousse,Centre East,36.02829798,10.49771499,34.19850106,6,6,5428,1566,1502,25,39,6,5428,1566,1384,92.1438,86.1518,90,5.9920,-86.1518,28,1.8642,-90.2796,1502,saied,zammel,86.1518,28.8504,100.0000
TN315952,El Aribet,العريبات,TN3159,Hergla,Sousse,Centre East,36.02997345,10.45605673,26.1480724,1,1,216,493,430,6,57,0,0,0,421,97.9070,96.5116,6,1.3953,-96.5116,3,0.6977,-97.2093,430,saied,zammel,96.5116,,0.0000
TN315953,Essouieh,السويح,TN3159,Hergla,Sousse,Centre East,36.03022044,10.39966969,35.11412456,1,1,1100,499,455,1,43,1,1100,499,436,95.8242,93.1868,12,2.6374,-93.1868,7,1.5385,-94.2857,455,saied,zammel,93.1868,45.3636,100.0000
TN316051,Enfidha,النفيضة,TN3160,Enfidha,Sousse,Centre East,36.09366934,10.4151891,83.98521756,10,10,6830,2823,3442,37,117,6,6830,1850,3246,94.3056,89.7153,158,4.5904,-89.7153,38,1.1040,-93.2016,3442,saied,zammel,89.7153,27.0864,60.0000
TN316052,El Frada,الفرادة,TN3160,Enfidha,Sousse,Centre East,36.08814796,10.32231815,36.32105871,2,2,2088,808,782,8,18,2,2088,808,753,96.2916,93.4783,22,2.8133,-93.4783,7,0.8951,-95.3964,782,saied,zammel,93.4783,38.6973,100.0000
TN316053,Gerimet Est,قريميط الشرقية,TN3160,Enfidha,Sousse,Centre East,36.09413954,10.26961345,17.59976473,3,3,1117,691,669,11,11,2,1117,374,648,96.8610,95.0673,12,1.7937,-95.0673,9,1.3453,-95.5157,669,saied,zammel,95.0673,33.4825,66.6667
TN316054,Gerimet Ouest,قريميط الغربية,TN3160,Enfidha,Sousse,Centre East,36.06667883,10.23124773,21.17355649,5,5,3541,1368,1334,9,25,4,3541,1021,1311,98.2759,97.3763,11,0.8246,-97.4513,12,0.8996,-97.3763,1334,saied,maghzaoui,97.3763,28.8337,80.0000
TN316055,Chegarnia,الشقارنية,TN3160,Enfidha,Sousse,Centre East,36.16223099,10.42108891,44.62016273,3,3,3287,709,1142,18,29,2,2191,709,1100,96.3222,94.1331,25,2.1891,-94.1331,17,1.4886,-94.8336,1142,saied,zammel,94.1331,32.3597,66.6667
TN316056,Ouled Abdellah,أولاد عبد الله,TN3160,Enfidha,Sousse,Centre East,36.15107741,10.35422284,14.9482112,2,2,2261,962,932,7,23,2,2261,962,899,96.4592,93.4549,28,3.0043,-93.4549,5,0.5365,-95.9227,932,saied,zammel,93.4549,42.5475,100.0000
TN316057,Takrouna,تكرونة,TN3160,Enfidha,Sousse,Centre East,36.14964829,10.32709153,2.34948481,1,1,566,211,202,1,8,1,566,211,195,96.5347,94.0594,5,2.4752,-94.0594,2,0.9901,-95.5446,202,saied,zammel,94.0594,37.2792,100.0000
TN316058,Menzel Fateh,منزل فاتح,TN3160,Enfidha,Sousse,Centre East,36.13481404,10.30614127,10.76354862,1,1,1198,546,530,5,11,1,1198,546,520,98.1132,96.6038,8,1.5094,-96.6038,2,0.3774,-97.7358,530,saied,zammel,96.6038,45.5760,100.0000
TN316059,El Garci,القارصي,TN3160,Enfidha,Sousse,Centre East,36.14572943,10.25187493,19.06800507,2,2,1931,856,814,3,39,2,1931,856,795,97.6658,95.8231,15,1.8428,-95.8231,4,0.4914,-97.1744,814,saied,zammel,95.8231,44.3294,100.0000
TN316060,Ain Medhaker,عين مذاكر,TN3160,Enfidha,Sousse,Centre East,36.19330512,10.2885663,50.34032603,3,3,2866,959,898,7,54,3,2866,959,872,97.1047,94.8775,20,2.2272,-94.8775,6,0.6682,-96.4365,898,saied,zammel,94.8775,33.4613,100.0000
TN316061,Hicher,هيشر,TN3160,Enfidha,Sousse,Centre East,36.12411178,10.22953184,30.58634105,5,5,3902,1633,1563,9,61,5,3902,1633,1535,98.2086,96.9290,20,1.2796,-96.9290,8,0.5118,-97.6967,1563,saied,zammel,96.9290,41.8503,100.0000
TN316062,Menzel Dar Belouar,منزل دار بلواعر,TN3160,Enfidha,Sousse,Centre East,36.03454737,10.32744492,23.86471875,2,2,2307,838,800,11,27,2,2307,838,764,95.5000,92.2500,26,3.2500,-92.2500,10,1.2500,-94.2500,800,saied,zammel,92.2500,36.3242,100.0000
TN316063,M'Rabet Hached,مرابط حشاد,TN3160,Enfidha,Sousse,Centre East,36.05854825,10.29288733,22.24741882,3,3,1947,837,817,12,8,3,1947,837,805,98.5312,97.6744,5,0.6120,-97.9192,7,0.8568,-97.6744,817,saied,maghzaoui,97.6744,42.9892,100.0000
TN316151,Bouficha,بوفيشة,TN3161,Bouficha,Sousse,Centre East,36.30740792,10.44692778,15.6154647,7,7,6010,2452,2314,26,81,6,6010,2140,2138,92.3941,86.6465,133,5.7476,-86.6465,43,1.8583,-90.5359,2314,saied,zammel,86.6465,35.6073,85.7143
TN316152,Oued El Kharroub,وادي الخروب,TN3161,Bouficha,Sousse,Centre East,36.29604448,10.38737296,17.89989,1,1,0,282,272,2,8,0,0,0,265,97.4265,95.9559,4,1.4706,-95.9559,3,1.1029,-96.3235,272,saied,zammel,95.9559,,0.0000
TN316153,Sidi Khalifa,سيدي خليفة,TN3161,Bouficha,Sousse,Centre East,36.26620829,10.41492123,31.65172817,2,2,1898,793,772,5,16,2,1898,793,755,97.7979,96.6321,8,1.0363,-96.7617,9,1.1658,-96.6321,772,saied,maghzaoui,96.6321,41.7808,100.0000
TN316154,Essafha,الصفحة,TN3161,Bouficha,Sousse,Centre East,36.19814791,10.35798412,40.00690333,3,3,2708,637,579,12,46,3,2708,637,566,97.7547,96.0276,3,0.5181,-97.2366,10,1.7271,-96.0276,579,saied,maghzaoui,96.0276,23.5229,100.0000
TN316155,Sidi Said,سيدي سعيد,TN3161,Bouficha,Sousse,Centre East,36.34907798,10.41703772,45.53677657,2,2,2000,828,797,9,22,2,2000,828,749,93.9774,89.3350,37,4.6424,-89.3350,11,1.3802,-92.5972,797,saied,zammel,89.3350,41.4000,100.0000
TN316156,Ain Errahma,عين الرحمة,TN3161,Bouficha,Sousse,Centre East,36.22250237,10.42565827,50.94366105,2,2,2226,1061,1002,13,46,2,2226,1061,969,96.7066,94.6108,21,2.0958,-94.6108,12,1.1976,-95.5090,1002,saied,zammel,94.6108,47.6640,100.0000
TN316157,El Methalit,المثاليت,TN3161,Bouficha,Sousse,Centre East,36.19052133,10.41386615,10.07789147,1,1,0,0,370,3,9,0,0,0,356,96.2162,94.0541,8,2.1622,-94.0541,6,1.6216,-94.5946,370,saied,zammel,94.0541,,0.0000
TN316158,Esselloum,السلوم,TN3161,Bouficha,Sousse,Centre East,36.28881596,10.47600212,21.37263907,2,2,1385,556,543,4,9,2,1385,556,523,96.3168,93.7385,14,2.5783,-93.7385,6,1.1050,-95.2118,543,saied,zammel,93.7385,40.1444,100.0000
TN316159,Sidi M'Tir,سيدي مطير,TN3161,Bouficha,Sousse,Centre East,36.35795354,10.48565321,28.09538325,3,3,2163,796,759,13,24,3,2163,796,731,96.3109,93.8076,19,2.5033,-93.8076,9,1.1858,-95.1252,759,saied,zammel,93.8076,36.8007,100.0000
TN316251,Kondar,كندار,TN3162,Kondar,Sousse,Centre East,35.93810911,10.28522345,33.04559115,4,4,2179,814,1022,10,22,2,2179,461,968,94.7162,89.8239,50,4.8924,-89.8239,4,0.3914,-94.3249,1022,saied,zammel,89.8239,21.1565,50.0000
TN316252,Bir El Jedid,البئر الجديد,TN3162,Kondar,Sousse,Centre East,35.86898062,10.20344533,22.37265449,1,1,570,222,213,2,7,1,570,222,202,94.8357,91.0798,8,3.7559,-91.0798,3,1.4085,-93.4272,213,saied,zammel,91.0798,38.9474,100.0000
TN316253,Belalma,البلالمة,TN3162,Kondar,Sousse,Centre East,35.90872294,10.24865038,24.26555773,1,1,460,387,379,4,4,1,460,387,371,97.8892,96.5699,3,0.7916,-97.0976,5,1.3193,-96.5699,379,saied,maghzaoui,96.5699,84.1304,100.0000
TN316254,Bechachma,البشاشمة,TN3162,Kondar,Sousse,Centre East,35.8128826,10.19548749,33.79442328,2,2,1484,481,456,1,24,2,1484,481,447,98.0263,96.9298,5,1.0965,-96.9298,4,0.8772,-97.1491,456,saied,zammel,96.9298,32.4124,100.0000
TN316255,Ouled El Abed,أولاد العابد,TN3162,Kondar,Sousse,Centre East,35.97666839,10.27718416,31.02640511,1,1,853,324,299,5,20,1,853,324,284,94.9833,91.3043,11,3.6789,-91.3043,4,1.3378,-93.6455,299,saied,zammel,91.3043,37.9836,100.0000
TN316256,Gmata,القماطة,TN3162,Kondar,Sousse,Centre East,35.96173494,10.32864928,19.81032016,1,1,521,233,233,0,0,1,521,233,224,96.1373,93.5622,6,2.5751,-93.5622,3,1.2876,-94.8498,233,saied,zammel,93.5622,44.7217,100.0000
TN316257,Ouled Ameur,أولاد عامر,TN3162,Kondar,Sousse,Centre East,36.01670113,10.28749407,14.00790562,2,2,1656,628,606,1,21,2,1656,628,587,96.8647,94.8845,12,1.9802,-94.8845,7,1.1551,-95.7096,606,saied,zammel,94.8845,37.9227,100.0000
TN316351,Sidi El Heni Centre,سيدي الهاني المركزية,TN3163,Sidi El Heni,Sousse,Centre East,35.70535444,10.29078169,19.1985549,4,4,4040,716,677,7,32,4,4040,716,660,97.4889,96.1595,9,1.3294,-96.1595,8,1.1817,-96.3072,677,saied,zammel,96.1595,17.7228,100.0000
TN316352,Sidi El Heni Ouest,سيدي الهاني الغربية,TN3163,Sidi El Heni,Sousse,Centre East,35.70681827,10.24361228,18.61606755,3,3,1236,592,568,13,11,2,1236,425,544,95.7746,92.2535,20,3.5211,-92.2535,4,0.7042,-95.0704,568,saied,zammel,92.2535,34.3851,66.6667
TN316353,Sidi El Heni Sud,سيدي الهاني الجنوبية,TN3163,Sidi El Heni,Sousse,Centre East,35.63720583,10.32836587,106.98069548,2,2,1383,464,458,2,4,2,1383,464,433,94.5415,90.3930,19,4.1485,-90.3930,6,1.3100,-93.2314,458,saied,zammel,90.3930,33.5503,100.0000
TN316354,Ouled Ali Belhani,أولاد علي بلهاني,TN3163,Sidi El Heni,Sousse,Centre East,35.70721248,10.359746,27.91015038,1,1,965,322,310,4,8,1,965,322,307,99.0323,98.3871,1,0.3226,-98.7097,2,0.6452,-98.3871,310,saied,maghzaoui,98.3871,33.3679,100.0000
TN316355,Kroussia Ouest,كروسية الغربية,TN3163,Sidi El Heni,Sousse,Centre East,35.76721627,10.25661016,97.76608585,2,2,1263,415,376,8,31,2,1263,415,354,94.1489,89.3617,18,4.7872,-89.3617,4,1.0638,-93.0851,376,saied,zammel,89.3617,32.8583,100.0000
TN316356,Kroussia Centrale,كروسية المركزية,TN3163,Sidi El Heni,Sousse,Centre East,35.752263,10.34578987,50.43574121,3,3,1819,501,479,6,16,3,1819,501,454,94.7808,90.6054,20,4.1754,-90.6054,5,1.0438,-93.7370,479,saied,zammel,90.6054,27.5426,100.0000
TN316451,Ettouara Nord,التوارة الشمالية,TN3164,M'Saken,Sousse,Centre East,35.74394752,10.5900003,2.08040651,5,5,5557,1783,1724,20,39,5,5557,1783,1472,85.3828,72.6218,220,12.7610,-72.6218,32,1.8561,-83.5267,1724,saied,zammel,72.6218,32.0857,100.0000
TN316452,Ettouara Sud,التوارة الجنوبية,TN3164,M'Saken,Sousse,Centre East,35.73231058,10.57885286,0.24563804,2,2,1370,118,204,3,4,1,385,118,179,87.7451,76.4706,23,11.2745,-76.4706,2,0.9804,-86.7647,204,saied,zammel,76.4706,30.6494,50.0000
TN316453,Jedidine,الجديدين,TN3164,M'Saken,Sousse,Centre East,35.75880694,10.5728798,10.8459901,5,5,5571,1917,1825,32,60,5,5571,1917,1410,77.2603,57.3699,363,19.8904,-57.3699,52,2.8493,-74.4110,1825,saied,zammel,57.3699,34.4103,100.0000
TN316454,Jebline,الجبليين,TN3164,M'Saken,Sousse,Centre East,35.72931743,10.57525551,0.32703393,6,6,5422,1574,1807,25,51,4,4129,1318,1570,86.8843,75.7056,202,11.1787,-75.7056,35,1.9369,-84.9474,1807,saied,zammel,75.7056,31.9206,66.6667
TN316455,Habib Thameur,الحبيب ثامر,TN3164,M'Saken,Sousse,Centre East,35.73668204,10.48611125,82.11131567,4,4,3135,882,833,21,28,3,3135,730,715,85.8343,74.1897,97,11.6447,-74.1897,21,2.5210,-83.3133,833,saied,zammel,74.1897,23.2855,75.0000
TN316456,Mouredine,المردين,TN3164,M'Saken,Sousse,Centre East,35.77002109,10.52139775,27.88440623,3,3,2918,772,749,11,12,3,2918,772,716,95.5941,92.2563,25,3.3378,-92.2563,8,1.0681,-94.5260,749,saied,zammel,92.2563,26.4565,100.0000
TN316457,Mneaema,المناعمة,TN3164,M'Saken,Sousse,Centre East,35.70098024,10.52986906,22.63306,2,2,1563,322,302,8,12,2,1563,322,270,89.4040,81.4570,24,7.9470,-81.4570,8,2.6490,-86.7550,302,saied,zammel,81.4570,20.6014,100.0000
TN316458,El Gharbine,الغربيين,TN3164,M'Saken,Sousse,Centre East,35.72396554,10.57535299,0.49386282,3,3,3880,1092,1034,17,41,3,3880,1092,935,90.4255,83.0754,76,7.3501,-83.0754,23,2.2244,-88.2012,1034,saied,zammel,83.0754,28.1443,100.0000
TN316459,El Kenaies,الكنائس,TN3164,M'Saken,Sousse,Centre East,35.64773474,10.48134178,69.43336372,4,4,4263,1197,1156,11,30,4,4263,1197,1108,95.8478,92.6471,37,3.2007,-92.6471,11,0.9516,-94.8962,1156,saied,zammel,92.6471,28.0788,100.0000
TN316460,El Kebline,القبليين,TN3164,M'Saken,Sousse,Centre East,35.7091134,10.6212915,12.8929364,2,2,2084,588,567,11,10,2,2084,588,521,91.8871,84.8325,40,7.0547,-84.8325,6,1.0582,-90.8289,567,saied,zammel,84.8325,28.2150,100.0000
TN316461,Ennour,النور,TN3164,M'Saken,Sousse,Centre East,35.73881973,10.60562391,5.6816264,3,3,3075,401,389,4,8,3,3075,401,333,85.6041,74.0360,45,11.5681,-74.0360,11,2.8278,-82.7763,389,saied,zammel,74.0360,13.0407,100.0000
TN316462,El Frady,الفرادي,TN3164,M'Saken,Sousse,Centre East,35.58628982,10.51077186,13.77056694,2,2,1175,154,252,7,9,1,600,154,237,94.0476,89.6825,11,4.3651,-89.6825,4,1.5873,-92.4603,252,saied,zammel,89.6825,25.6667,50.0000
TN316463,Borgine,البرجين,TN3164,M'Saken,Sousse,Centre East,35.63409265,10.53558447,36.80767699,4,4,3066,574,704,8,28,3,3066,574,647,91.9034,86.2216,40,5.6818,-86.2216,17,2.4148,-89.4886,704,saied,zammel,86.2216,18.7215,75.0000
TN316464,Beni Rabiaa,بني ربيعة,TN3164,M'Saken,Sousse,Centre East,35.67602302,10.56821368,12.05661371,2,2,2408,838,823,4,11,2,2408,838,756,91.8591,84.2041,63,7.6549,-84.2041,4,0.4860,-91.3730,823,saied,zammel,84.2041,34.8007,100.0000
TN316465,Beni Khalthoum,بني كلثوم,TN3164,M'Saken,Sousse,Centre East,35.67565917,10.60952838,16.6876589,2,2,2569,516,493,10,13,2,2569,516,476,96.5517,93.9148,13,2.6369,-93.9148,4,0.8114,-95.7404,493,saied,zammel,93.9148,20.0856,100.0000
TN316466,Nejajra,النجاجرة,TN3164,M'Saken,Sousse,Centre East,35.69233209,10.56383648,14.59452111,8,8,7692,2520,2400,37,83,7,7692,2276,2069,86.2083,75.0833,267,11.1250,-75.0833,64,2.6667,-83.5417,2400,saied,zammel,75.0833,29.5892,87.5000
TN316467,Messadine,المسعدين,TN3164,M'Saken,Sousse,Centre East,35.76600084,10.60210279,5.69147543,8,8,8642,2547,2436,28,83,8,8642,2547,2084,85.5501,72.1675,326,13.3826,-72.1675,26,1.0673,-84.4828,2436,saied,zammel,72.1675,29.4723,100.0000
TN316551,Kalaa Seghira Est,القلعة الصغرى الشرقية,TN3165,Kalaa Sghira,Sousse,Centre East,35.82155186,10.57709262,9.77302731,6,6,4408,2021,2307,26,78,5,4408,2021,2183,94.6251,90.2037,102,4.4213,-90.2037,22,0.9536,-93.6714,2307,saied,zammel,90.2037,45.8485,83.3333
TN316552,Kalaa Seghira Hached,القلعة الصغرى حشاد,TN3165,Kalaa Sghira,Sousse,Centre East,35.83158187,10.53220497,14.73256229,6,6,4994,1955,1846,24,85,6,4994,1955,1725,93.4453,87.8657,103,5.5796,-87.8657,18,0.9751,-92.4702,1846,saied,zammel,87.8657,39.1470,100.0000
TN316553,Kalaa Seghira Ville,القلعة الصغرى المدينة,TN3165,Kalaa Sghira,Sousse,Centre East,35.8089246,10.54559447,9.79084518,13,13,15791,4224,4046,37,141,13,15791,4224,3679,90.9293,83.6876,293,7.2417,-83.6876,74,1.8290,-89.1003,4046,saied,zammel,83.6876,26.7494,100.0000
TN316554,En-Nagr,النقر,TN3165,Kalaa Sghira,Sousse,Centre East,35.80192347,10.49775423,16.47639233,2,2,2101,632,617,3,12,2,2101,632,596,96.5964,94.4895,13,2.1070,-94.4895,8,1.2966,-95.2998,617,saied,zammel,94.4895,30.0809,100.0000
TN316555,Oued Leya,وادي لاية,TN3165,Kalaa Sghira,Sousse,Centre East,35.78636974,10.42657721,51.75588859,1,1,462,120,116,3,1,1,462,120,114,98.2759,97.4138,1,0.8621,-97.4138,1,0.8621,-97.4138,116,saied,maghzaoui,97.4138,25.9740,100.0000
TN316651,Zaouit Sousse,زاوية سوسة,TN3166,Zaouia Ksiba Thraya,Sousse,Centre East,35.78588976,10.61730446,16.1811427,14,14,12301,5281,5259,52,178,11,11463,4428,4968,94.4666,89.7889,246,4.6777,-89.7889,45,0.8557,-93.6110,5259,saied,zammel,89.7889,38.6286,78.5714
TN316652,Ksibet Sousse,قصيبة سوسة,TN3166,Zaouia Ksiba Thraya,Sousse,Centre East,35.75578948,10.62764412,11.80161607,8,8,8015,2952,2807,39,106,8,8015,2952,2648,94.3356,89.5618,134,4.7738,-89.5618,25,0.8906,-93.4450,2807,saied,zammel,89.5618,36.8309,100.0000
TN316653,Thrayet,الثريّات,TN3166,Zaouia Ksiba Thraya,Sousse,Centre East,35.75901392,10.65967126,9.05400389,2,2,1931,741,709,4,28,2,1931,741,654,92.2426,86.7419,39,5.5007,-86.7419,16,2.2567,-89.9859,709,saied,zammel,86.7419,38.3739,100.0000
TN325151,El Medina,المدينة,TN3251,Monastir,Monastir,Centre East,35.76940437,10.83264592,0.67567103,7,7,7589,2178,2082,27,69,7,7589,2178,1821,87.4640,77.3295,211,10.1345,-77.3295,50,2.4015,-85.0624,2082,saied,zammel,77.3295,28.6994,100.0000
TN325152,El Medina 2,المدينة 2,TN3251,Monastir,Monastir,Centre East,35.7596276,10.83352858,1.88343686,7,7,8463,2458,2341,40,77,7,8463,2458,2107,90.0043,82.3152,180,7.6890,-82.3152,54,2.3067,-87.6976,2341,saied,zammel,82.3152,29.0441,100.0000
TN325153,Bab El Gharbi,باب الغربي,TN3251,Monastir,Monastir,Centre East,35.77037509,10.81946942,1.46773622,15,15,16791,4512,4683,59,136,14,15660,4512,4245,90.6470,83.1945,349,7.4525,-83.1945,89,1.9005,-88.7465,4683,saied,zammel,83.1945,28.8123,93.3333
TN325154,Er-Rbat,الربط,TN3251,Monastir,Monastir,Centre East,35.77739127,10.82411658,1.17402424,7,7,6042,2004,1910,32,62,6,6042,1663,1761,92.1990,85.9162,120,6.2827,-85.9162,29,1.5183,-90.6806,1910,saied,zammel,85.9162,27.5240,85.7143
TN325155,El Helia,الحلية,TN3251,Monastir,Monastir,Centre East,35.74407305,10.81882975,4.47061927,7,7,5978,1785,2017,15,44,6,5978,1785,1899,94.1497,89.6877,90,4.4621,-89.6877,28,1.3882,-92.7615,2017,saied,zammel,89.6877,29.8595,85.7143
TN325156,El Halia 2,الحلية 2,TN3251,Monastir,Monastir,Centre East,35.74767545,10.79316003,8.54768866,10,10,9815,3015,2893,39,83,10,9815,3015,2608,90.1486,82.4058,224,7.7428,-82.4058,61,2.1085,-88.0401,2893,saied,zammel,82.4058,30.7183,100.0000
TN325157,Skanes,صقانص,TN3251,Monastir,Monastir,Centre East,35.76590508,10.77701691,24.73632912,14,14,15769,5218,4932,103,182,13,15769,4869,4050,82.1168,67.6196,715,14.4972,-67.6196,167,3.3861,-78.7307,4932,saied,zammel,67.6196,30.8770,92.8571
TN325158,Khenis Sud,خنيس الجنوبية,TN3251,Monastir,Monastir,Centre East,35.70328937,10.81787564,2.840957,7,7,7339,2332,2249,25,58,7,7339,2332,1994,88.6616,79.1018,215,9.5598,-79.1018,40,1.7786,-86.8831,2249,saied,zammel,79.1018,31.7754,100.0000
TN325159,Khenis Nord,خنيس الشمالية,TN3251,Monastir,Monastir,Centre East,35.7236475,10.78614864,14.80720889,3,3,1903,710,685,5,20,3,1903,710,619,90.3650,82.4818,54,7.8832,-82.4818,12,1.7518,-88.6131,685,saied,zammel,82.4818,37.3095,100.0000
TN325251,Ouerdanine Nord,الوردانين الشمالية,TN3252,Ouerdanine,Monastir,Centre East,35.7236765,10.65203745,15.77494675,5,5,4134,1552,2021,18,55,4,4134,1552,1926,95.2994,91.4399,78,3.8595,-91.4399,17,0.8412,-94.4582,2021,saied,zammel,91.4399,37.5423,80.0000
TN325252,Ouerdaninie Sud,الوردانين الجنوبية,TN3252,Ouerdanine,Monastir,Centre East,35.69382292,10.65665106,17.78791113,10,10,9229,3133,3015,37,81,9,9229,2743,2894,95.9867,93.1012,87,2.8856,-93.1012,34,1.1277,-94.8590,3015,saied,zammel,93.1012,29.7215,90.0000
TN325253,Menzel Khair,منزل خير,TN3252,Ouerdanine,Monastir,Centre East,35.6907293,10.70591755,5.27766012,1,1,874,365,339,4,22,1,874,365,309,91.1504,83.4808,26,7.6696,-83.4808,4,1.1799,-89.9705,339,saied,zammel,83.4808,41.7620,100.0000
TN325254,Sidi Bou Othman,سيدي بوعثمان,TN3252,Ouerdanine,Monastir,Centre East,35.67710635,10.69774163,6.2493356,1,1,542,243,241,1,1,1,542,243,239,99.1701,98.3402,0,0.0000,-99.1701,2,0.8299,-98.3402,241,saied,maghzaoui,98.3402,44.8339,100.0000
TN325255,Oued El Jebs,وادي الجبس,TN3252,Ouerdanine,Monastir,Centre East,35.67979046,10.67507902,6.22683242,1,1,411,224,216,2,6,1,411,224,212,98.1481,96.7593,3,1.3889,-96.7593,1,0.4630,-97.6852,216,saied,zammel,96.7593,54.5012,100.0000
TN325351,Sahline Est,الساحلين الشرقية,TN3253,Sahline,Monastir,Centre East,35.73567099,10.74891647,14.68647623,6,6,6777,2535,2429,20,86,6,6777,2535,2220,91.3956,83.9028,182,7.4928,-83.9028,27,1.1116,-90.2841,2429,saied,zammel,83.9028,37.4059,100.0000
TN325352,Sahline Ouest,الساحلين الغربية,TN3253,Sahline,Monastir,Centre East,35.74883261,10.70744412,7.86667475,5,5,6397,2035,1945,19,71,5,6397,2035,1742,89.5630,80.1028,184,9.4602,-80.1028,19,0.9769,-88.5861,1945,saied,zammel,80.1028,31.8118,100.0000
TN325353,Sidi Ameur,سيدي عامر,TN3253,Sahline,Monastir,Centre East,35.73319057,10.69834206,5.66291038,5,5,3963,1957,1882,17,58,4,3963,1478,1756,93.3050,88.1509,97,5.1541,-88.1509,29,1.5409,-91.7641,1882,saied,zammel,88.1509,37.2950,80.0000
TN325354,Mootmar,معتمر,TN3253,Sahline,Monastir,Centre East,35.7406659,10.68027509,6.46628495,3,3,3273,1352,1287,16,49,3,3273,1352,1223,95.0272,90.9091,53,4.1181,-90.9091,11,0.8547,-94.1725,1287,saied,zammel,90.9091,41.3077,100.0000
TN325355,Masjed Aissa,مسجد عيسى,TN3253,Sahline,Monastir,Centre East,35.71845289,10.71737593,7.60163621,2,2,1454,615,591,3,21,2,1454,615,556,94.0778,89.3401,28,4.7377,-89.3401,7,1.1844,-92.8934,591,saied,zammel,89.3401,42.2971,100.0000
TN325451,Mezaougha,المزاوغة,TN3254,Zeramdine,Monastir,Centre East,35.59527372,10.5633297,61.37850633,3,3,1177,573,553,8,12,2,1177,396,523,94.5750,89.8734,26,4.7016,-89.8734,4,0.7233,-93.8517,553,saied,zammel,89.8734,33.6449,66.6667
TN325452,Menzel Hayet,منزل الحياة,TN3254,Zeramdine,Monastir,Centre East,35.52579904,10.62739001,27.08635963,4,4,2217,1104,1073,7,24,3,2217,804,1006,93.7558,89.2824,48,4.4734,-89.2824,19,1.7707,-91.9851,1073,saied,zammel,89.2824,36.2652,75.0000
TN325453,Melichet,المليشات,TN3254,Zeramdine,Monastir,Centre East,35.5238765,10.55019122,66.43004296,4,4,3604,874,1077,17,18,3,2710,874,1032,95.8217,93.5933,21,1.9499,-93.8719,24,2.2284,-93.5933,1077,saied,maghzaoui,93.5933,32.2509,75.0000
TN325454,Zeramdine Nord,زرمدين الشمالية,TN3254,Zeramdine,Monastir,Centre East,35.58074525,10.70002199,46.31010869,6,6,6799,1835,1780,12,43,6,6799,1835,1622,91.1236,83.7640,131,7.3596,-83.7640,27,1.5169,-89.6067,1780,saied,zammel,83.7640,26.9893,100.0000
TN325455,Zeramdine Sud,زرميدين الجنوبية,TN3254,Zeramdine,Monastir,Centre East,35.54521406,10.69844303,47.53861107,8,8,8241,1333,1285,6,41,8,8241,1333,1168,90.8949,83.9689,89,6.9261,-83.9689,28,2.1790,-88.7160,1285,saied,zammel,83.9689,16.1752,100.0000
TN325551,Beni Hassen Sud,بني حسان القبلية,TN3255,Beni Hassen,Monastir,Centre East,35.55364834,10.82409536,22.61930066,4,4,4715,1523,1494,10,19,4,4715,1523,1432,95.8501,92.9719,43,2.8782,-92.9719,19,1.2718,-94.5783,1494,saied,zammel,92.9719,32.3012,100.0000
TN325552,Beni Hassen Nord,بني حسان الجوفية,TN3255,Beni Hassen,Monastir,Centre East,35.5759324,10.80721503,7.35974058,2,2,2581,998,964,12,22,2,2581,998,925,95.9544,92.4274,34,3.5270,-92.4274,5,0.5187,-95.4357,964,saied,zammel,92.4274,38.6672,100.0000
TN325553,Hatem,حاتم,TN3255,Beni Hassen,Monastir,Centre East,35.51858727,10.74128819,15.23429144,1,1,1264,459,431,3,25,1,1264,459,420,97.4478,95.8237,7,1.6241,-95.8237,4,0.9281,-96.5197,431,saied,zammel,95.8237,36.3133,100.0000
TN325554,El Jnaiha,الجنائحة,TN3255,Beni Hassen,Monastir,Centre East,35.52610476,10.7724926,16.68960182,1,1,0,257,251,3,3,0,0,0,245,97.6096,95.6175,5,1.9920,-95.6175,1,0.3984,-97.2112,251,saied,zammel,95.6175,,0.0000
TN325555,Ghnada,الغنادة,TN3255,Beni Hassen,Monastir,Centre East,35.49764813,10.67938804,24.4099448,3,3,1235,886,848,12,26,2,1235,424,815,96.1085,93.5142,22,2.5943,-93.5142,11,1.2972,-94.8113,848,saied,zammel,93.5142,34.3320,66.6667
TN325651,Jamel Sud,جمال القبلية,TN3256,Jammel,Monastir,Centre East,35.60770317,10.76863115,6.04406098,8,8,7816,1578,1531,19,28,7,7816,1418,1446,94.4481,90.2678,64,4.1803,-90.2678,21,1.3717,-93.0764,1531,saied,zammel,90.2678,18.1423,87.5000
TN325652,Jamel Nord,جمال الجوفية,TN3256,Jammel,Monastir,Centre East,35.63251854,10.72373895,9.86729754,2,2,1712,471,462,3,6,2,1712,471,451,97.6190,96.1039,7,1.5152,-96.1039,4,0.8658,-96.7532,462,saied,zammel,96.1039,27.5117,100.0000
TN325653,Jamel Est,جمال الشرقية,TN3256,Jammel,Monastir,Centre East,35.61663888,10.79627827,19.78759408,14,14,12155,4936,4773,42,121,12,12155,4167,4473,93.7146,88.8121,234,4.9026,-88.8121,66,1.3828,-92.3319,4773,saied,zammel,88.8121,34.2822,85.7143
TN325654,Jamel Ouest,جمال الغربية,TN3256,Jammel,Monastir,Centre East,35.60416719,10.74296291,11.64925835,12,12,10831,3965,3857,25,83,11,10831,3694,3633,94.1924,89.5515,179,4.6409,-89.5515,45,1.1667,-93.0257,3857,saied,zammel,89.5515,34.1058,91.6667
TN325655,Zaouiet Kontoch,زاوية قنطش,TN3256,Jammel,Monastir,Centre East,35.64674073,10.76186869,12.1854799,4,4,2774,1789,1734,17,38,3,2774,1250,1621,93.4833,88.5236,86,4.9596,-88.5236,27,1.5571,-91.9262,1734,saied,zammel,88.5236,45.0613,75.0000
TN325656,Bir Taieb,بئر الطيب,TN3256,Jammel,Monastir,Centre East,35.65767316,10.67737187,12.23507835,1,1,1101,477,462,1,14,1,1101,477,452,97.8355,96.5368,6,1.2987,-96.5368,4,0.8658,-96.9697,462,saied,zammel,96.5368,43.3243,100.0000
TN325657,Menzel Kamel,منزل كامل,TN3256,Jammel,Monastir,Centre East,35.6359205,10.6617855,25.90396751,7,7,6714,1400,1355,15,30,7,6714,1400,1269,93.6531,88.0443,76,5.6089,-88.0443,10,0.7380,-92.9151,1355,saied,zammel,88.0443,20.8520,100.0000
TN325658,El Hdadra,الهدادرة,TN3256,Jammel,Monastir,Centre East,35.60223404,10.63025652,42.22552543,1,1,825,315,299,0,16,1,825,315,287,95.9866,92.6421,10,3.3445,-92.6421,2,0.6689,-95.3177,299,saied,zammel,92.6421,38.1818,100.0000
TN325659,Et-Teyaira,الطيايرة,TN3256,Jammel,Monastir,Centre East,35.56845866,10.77584128,16.66601067,1,1,1152,275,262,2,11,1,1152,275,254,96.9466,94.2748,7,2.6718,-94.2748,1,0.3817,-96.5649,262,saied,zammel,94.2748,23.8715,100.0000
TN325751,Bembla,بنبلة,TN3257,Bembla,Monastir,Centre East,35.7026841,10.77610123,5.57273964,6,6,6662,1801,1722,24,55,6,6662,1801,1619,94.0186,89.2567,82,4.7619,-89.2567,21,1.2195,-92.7991,1722,saied,zammel,89.2567,27.0339,100.0000
TN325752,Bembla Ouest,بنبلة الغربية,TN3257,Bembla,Monastir,Centre East,35.679983,10.79035015,10.87686582,4,4,2422,809,1146,10,43,3,2422,809,1079,94.1536,89.4415,54,4.7120,-89.4415,13,1.1344,-93.0192,1146,saied,zammel,89.4415,33.4021,75.0000
TN325753,El Manara,المنارة,TN3257,Bembla,Monastir,Centre East,35.6885313,10.76369513,4.84255049,3,3,1839,643,617,9,17,3,1839,643,609,98.7034,97.7310,6,0.9724,-97.7310,2,0.3241,-98.3793,617,saied,zammel,97.7310,34.9647,100.0000
TN325754,Menzel En-Nour,منزل النور,TN3257,Bembla,Monastir,Centre East,35.66496537,10.7747612,8.96921282,9,9,9148,2865,2652,56,77,9,9148,2865,2335,88.0468,77.2247,287,10.8220,-77.2247,30,1.1312,-86.9155,2652,saied,zammel,77.2247,31.3183,100.0000
TN325755,El Masdour,المصدور,TN3257,Bembla,Monastir,Centre East,35.67070437,10.730273,11.17594689,2,2,2532,969,926,13,30,2,2532,969,893,96.4363,94.0605,22,2.3758,-94.0605,11,1.1879,-95.2484,926,saied,zammel,94.0605,38.2701,100.0000
TN325756,Menzel Harb,منزل حرب,TN3257,Bembla,Monastir,Centre East,35.70207385,10.74310467,7.48235692,1,1,1129,580,564,1,15,1,1129,580,517,91.6667,85.2837,36,6.3830,-85.2837,11,1.9504,-89.7163,564,saied,zammel,85.2837,51.3729,100.0000
TN325851,Moknine Est,المكنين الشرقية,TN3258,Moknine,Monastir,Centre East,35.62575291,10.92062258,6.07806762,13,13,14122,2979,2903,24,52,12,14122,2750,2805,96.6242,94.1440,72,2.4802,-94.1440,26,0.8956,-95.7286,2903,saied,zammel,94.1440,19.4732,92.3077
TN325852,Moknine Sud,المكنين القبلية,TN3258,Moknine,Monastir,Centre East,35.58408516,10.90498594,26.43362048,2,2,1302,531,522,4,5,2,1302,531,502,96.1686,93.6782,13,2.4904,-93.6782,7,1.3410,-94.8276,522,saied,zammel,93.6782,40.7834,100.0000
TN325853,Moknine Nord,المكنين الجوفية,TN3258,Moknine,Monastir,Centre East,35.63395823,10.90048315,0.31116685,4,4,4250,1400,1348,17,35,4,4250,1400,1245,92.3591,86.6469,77,5.7122,-86.6469,26,1.9288,-90.4303,1348,saied,zammel,86.6469,32.9412,100.0000
TN325854,Ras El Ouad,رأس الوادي,TN3258,Moknine,Monastir,Centre East,35.6410372,10.91379872,4.07071291,11,11,10152,4297,4195,33,69,11,10152,4297,4005,95.4708,92.1097,141,3.3611,-92.1097,49,1.1681,-94.3027,4195,saied,zammel,92.1097,42.3266,100.0000
TN325855,Moknine Ouest,المكنين الغربية,TN3258,Moknine,Monastir,Centre East,35.63296629,10.88785929,1.38698548,6,6,6450,2572,2504,28,38,6,6450,2572,2348,93.7700,88.5783,130,5.1917,-88.5783,26,1.0383,-92.7316,2504,saied,zammel,88.5783,39.8760,100.0000
TN325856,Kheredine,خير الدين,TN3258,Moknine,Monastir,Centre East,35.60089278,10.86366221,18.33187783,8,8,6656,2545,2497,17,31,8,6656,2545,2393,95.8350,92.4309,85,3.4041,-92.4309,19,0.7609,-95.0741,2497,saied,zammel,92.4309,38.2362,100.0000
TN325857,Sidi Bennour,سيدي بنور,TN3258,Moknine,Monastir,Centre East,35.5281671,10.90038849,19.42470036,6,6,3559,1112,1076,15,21,6,3559,1112,1029,95.6320,92.1933,37,3.4387,-92.1933,10,0.9294,-94.7026,1076,saied,zammel,92.1933,31.2447,100.0000
TN325858,Menzel Farsi,منزل فارسي,TN3258,Moknine,Monastir,Centre East,35.56050941,10.8655294,26.09555862,3,3,2513,859,959,7,22,2,2513,859,933,97.2888,95.7247,15,1.5641,-95.7247,11,1.1470,-96.1418,959,saied,zammel,95.7247,34.1823,66.6667
TN325859,Cherahil,الشراحيل,TN3258,Moknine,Monastir,Centre East,35.51185305,10.85661445,15.49374391,5,5,3065,1183,1145,19,19,5,3065,1183,1112,97.1179,94.9345,25,2.1834,-94.9345,8,0.6987,-96.4192,1145,saied,zammel,94.9345,38.5971,100.0000
TN325860,Amiret El Fehoul,عميرة الفحول,TN3258,Moknine,Monastir,Centre East,35.4657236,10.81291512,29.94042774,7,7,3323,1354,1571,8,30,6,3323,1354,1513,96.3081,93.8256,39,2.4825,-93.8256,19,1.2094,-95.0987,1571,saied,zammel,93.8256,40.7463,85.7143
TN325861,Amiret El Hojjaj,عميرة الحجاج,TN3258,Moknine,Monastir,Centre East,35.50445138,10.80937512,26.30057075,9,9,6273,2119,2250,12,40,8,5735,2119,2189,97.2889,95.2889,45,2.0000,-95.2889,16,0.7111,-96.5778,2250,saied,zammel,95.2889,36.9486,88.8889
TN325862,Amiret Touazra,عميرة التوازرة,TN3258,Moknine,Monastir,Centre East,35.46901579,10.75105435,19.22124421,4,4,2721,1061,1045,5,11,4,2721,1061,1014,97.0335,95.0239,21,2.0096,-95.0239,10,0.9569,-96.0766,1045,saied,zammel,95.0239,38.9930,100.0000
TN325863,Amiret Touazra Sud,عميرة التوزارةالجنوبية,TN3258,Moknine,Monastir,Centre East,35.47248078,10.76976105,4.19165575,3,3,2041,846,827,7,12,3,2041,846,800,96.7352,94.1959,21,2.5393,-94.1959,6,0.7255,-96.0097,827,saied,zammel,94.1959,41.4503,100.0000
TN325951,Bekalta Nord,البقالطة الشمالية,TN3259,Bekalta,Monastir,Centre East,35.62743682,11.00427716,10.05768542,6,6,5796,1947,1880,25,42,6,5796,1947,1754,93.2979,87.5532,108,5.7447,-87.5532,18,0.9574,-92.3404,1880,saied,zammel,87.5532,33.5921,100.0000
TN325952,Beklta Sud,البقالطة الجنوبية,TN3259,Bekalta,Monastir,Centre East,35.59735077,10.99701965,12.18390229,6,6,5023,1081,1303,17,32,5,4042,1081,1218,93.4766,89.1788,56,4.2978,-89.1788,29,2.2256,-91.2510,1303,saied,zammel,89.1788,26.7442,83.3333
TN325953,El Baghdadi,البغدادي,TN3259,Bekalta,Monastir,Centre East,35.57149594,11.00997254,10.79136173,1,1,510,169,159,6,4,1,510,169,147,92.4528,86.1635,10,6.2893,-86.1635,2,1.2579,-91.1950,159,saied,zammel,86.1635,33.1373,100.0000
TN325954,Beklta Est,البقالطة الشرقية,TN3259,Bekalta,Monastir,Centre East,35.61038767,11.02881364,10.95744559,2,2,1827,345,629,9,8,1,956,345,610,96.9793,94.9126,13,2.0668,-94.9126,6,0.9539,-96.0254,629,saied,zammel,94.9126,36.0879,50.0000
TN326051,Houmet Essouk,حومة السوق,TN3260,Teboulba,Monastir,Centre East,35.64336303,10.97394997,0.97133581,7,7,8779,2867,2796,23,47,7,8779,2867,2623,93.8126,88.9127,137,4.8999,-88.9127,36,1.2876,-92.5250,2796,saied,zammel,88.9127,32.6575,100.0000
TN326052,El Fadhline,الفضلين,TN3260,Teboulba,Monastir,Centre East,35.63890846,10.98628914,1.72115046,3,3,2745,1092,1068,9,14,3,2745,1092,1007,94.2884,89.7940,48,4.4944,-89.7940,13,1.2172,-93.0712,1068,saied,zammel,89.7940,39.7814,100.0000
TN326053,El Aiaicha,العيايشة,TN3260,Teboulba,Monastir,Centre East,35.62891737,10.95556324,7.0455584,5,5,5290,2280,2217,26,37,5,5290,2280,2086,94.0911,88.8588,116,5.2323,-88.8588,15,0.6766,-93.4145,2217,saied,zammel,88.8588,43.1002,100.0000
TN326054,Sokrine,السكرين,TN3260,Teboulba,Monastir,Centre East,35.65292743,10.96484204,4.07519728,8,7,6552,2952,2856,29,67,6,6424,2413,2668,93.4174,87.9552,156,5.4622,-87.9552,32,1.1204,-92.2969,2856,saied,zammel,87.9552,37.5623,75.0000
TN326055,Bou-Driss,بودريس,TN3260,Teboulba,Monastir,Centre East,35.64481447,10.94743444,5.65704084,4,4,3712,1609,1547,22,40,4,3712,1609,1434,92.6955,86.7485,92,5.9470,-86.7485,21,1.3575,-91.3381,1547,saied,zammel,86.7485,43.3459,100.0000
TN326151,Ayed,عياد,TN3261,Ksar Hellal,Monastir,Centre East,35.6516,10.90618842,4.88752095,8,8,7779,3347,3221,28,98,7,7779,3038,2939,91.2450,83.8559,238,7.3890,-83.8559,44,1.3660,-89.8789,3221,saied,zammel,83.8559,39.0539,87.5000
TN326152,Soua,صوة,TN3261,Ksar Hellal,Monastir,Centre East,35.64140317,10.86445354,6.60231677,18,18,16793,5470,5221,89,160,16,16793,4682,4821,92.3386,85.9414,334,6.3972,-85.9414,66,1.2641,-91.0745,5221,saied,zammel,85.9414,27.8807,88.8889
TN326153,Bouzouita,بوزويتة,TN3261,Ksar Hellal,Monastir,Centre East,35.62090649,10.85868916,6.49709117,5,5,4259,1630,1581,10,39,5,4259,1630,1525,96.4579,94.1809,36,2.2770,-94.1809,20,1.2650,-95.1929,1581,saied,zammel,94.1809,38.2719,100.0000
TN326154,Cite Erriadh,حي الرياض,TN3261,Ksar Hellal,Monastir,Centre East,35.6531528,10.85882066,4.0276287,10,10,9423,3400,3288,33,79,10,9423,3400,3128,95.1338,91.3017,126,3.8321,-91.3017,34,1.0341,-94.0998,3288,saied,zammel,91.3017,36.0819,100.0000
TN326251,Ksibet El Mediouni,قصيبةالمديوني,TN3262,Ksibet El Mediouni,Monastir,Centre East,35.68513609,10.83719168,5.73940626,10,10,10458,3560,3400,54,106,9,10458,3297,3028,89.0588,79.9412,310,9.1176,-79.9412,62,1.8235,-87.2353,3400,saied,zammel,79.9412,31.5261,90.0000
TN326252,Touza,طوزة,TN3262,Ksibet El Mediouni,Monastir,Centre East,35.61714616,10.83150836,12.89211961,6,6,6152,2186,2136,18,32,6,6152,2186,2083,97.5187,95.9738,33,1.5449,-95.9738,20,0.9363,-96.5824,2136,saied,zammel,95.9738,35.5332,100.0000
TN326253,Benen Sud,بنان القبلية,TN3262,Ksibet El Mediouni,Monastir,Centre East,35.66712516,10.84496223,4.49003436,5,5,4420,1901,1837,11,53,4,4420,1556,1717,93.4676,88.1328,98,5.3348,-88.1328,22,1.1976,-92.2700,1837,saied,zammel,88.1328,35.2036,80.0000
TN326254,Benen Nord,بنان الجوفية,TN3262,Ksibet El Mediouni,Monastir,Centre East,35.67550362,10.82086437,4.16181751,5,5,3951,2107,2047,18,42,4,3951,1660,1949,95.2125,91.7440,71,3.4685,-91.7440,27,1.3190,-93.8935,2047,saied,zammel,91.7440,42.0147,80.0000
TN326255,Bodher,بوضر,TN3262,Ksibet El Mediouni,Monastir,Centre East,35.65800917,10.81810843,9.84045074,1,1,0,489,477,3,9,0,0,0,446,93.5010,89.0985,21,4.4025,-89.0985,10,2.0964,-91.4046,477,saied,zammel,89.0985,,0.0000
TN326351,Sayada Est,صيادة الشرقية,TN3263,Sayada-Lamta-Bou Hjar,Monastir,Centre East,35.66640917,10.90845388,2.68632099,8,8,6934,2193,2140,17,36,6,6934,1614,1969,92.0093,85.9813,129,6.0280,-85.9813,42,1.9626,-90.0467,2140,saied,zammel,85.9813,23.2766,75.0000
TN326352,Sayada Ouest,صيادة الغربية,TN3263,Sayada-Lamta-Bou Hjar,Monastir,Centre East,35.66058638,10.90542726,3.95854238,5,5,4622,1865,1811,15,39,5,4622,1865,1633,90.1712,82.3302,142,7.8410,-82.3302,36,1.9879,-88.1833,1811,saied,zammel,82.3302,40.3505,100.0000
TN326353,Lamta,لمطة,TN3263,Sayada-Lamta-Bou Hjar,Monastir,Centre East,35.66960647,10.87900272,1.80985491,5,5,4029,1485,1439,19,27,4,4029,1208,1369,95.1355,91.5219,52,3.6136,-91.5219,18,1.2509,-93.8846,1439,saied,zammel,91.5219,29.9826,80.0000
TN326354,Bou-Hjar,بوحجر,TN3263,Sayada-Lamta-Bou Hjar,Monastir,Centre East,35.66929081,10.86246112,4.32714808,5,5,4949,1809,1744,30,35,5,4949,1809,1596,91.5138,84.6330,120,6.8807,-84.6330,28,1.6055,-89.9083,1744,saied,zammel,84.6330,36.5528,100.0000
TN335151,Mahdia,المهدية,TN3351,Mahdia,Mahdia,Centre East,35.50440978,11.07104356,0.64913784,9,8,8039,1879,1803,34,42,7,8039,1562,1599,88.6855,79.7005,162,8.9850,-79.7005,42,2.3295,-86.3561,1803,saied,zammel,79.7005,19.4303,77.7778
TN335152,Zouila,زويلة,TN3351,Mahdia,Mahdia,Centre East,35.50667013,11.0580265,0.64058412,4,4,4985,1609,1538,29,42,4,4985,1609,1351,87.8414,78.6086,142,9.2328,-78.6086,45,2.9259,-84.9155,1538,saied,zammel,78.6086,32.2768,100.0000
TN335153,Zouila Sud,زويلة الجنوبية,TN3351,Mahdia,Mahdia,Centre East,35.49311635,11.05462119,2.3196721,2,2,1543,790,758,11,21,2,1543,790,705,93.0079,88.3905,35,4.6174,-88.3905,18,2.3747,-90.6332,758,saied,zammel,88.3905,51.1990,100.0000
TN335154,Rejiche,رجيش,TN3351,Mahdia,Mahdia,Centre East,35.46219062,11.01346584,8.37923438,5,5,5432,1373,1317,22,34,5,5432,1373,1169,88.7623,80.0304,115,8.7320,-80.0304,33,2.5057,-86.2566,1317,saied,zammel,80.0304,25.2761,100.0000
TN335155,Rejiche Sud,رجيش الجنوبية,TN3351,Mahdia,Mahdia,Centre East,35.46088306,11.03648021,7.04307252,5,5,3863,1464,1405,24,35,5,3863,1464,1209,86.0498,74.5907,161,11.4591,-74.5907,35,2.4911,-83.5587,1405,saied,zammel,74.5907,37.8980,100.0000
TN335156,Chiba,شيبة,TN3351,Mahdia,Mahdia,Centre East,35.51736583,10.94227521,19.25408714,2,2,2014,568,555,4,9,2,2014,568,544,98.0180,96.3964,9,1.6216,-96.3964,2,0.3604,-97.6577,555,saied,zammel,96.3964,28.2026,100.0000
TN335157,Es-Saad,السعد,TN3351,Mahdia,Mahdia,Centre East,35.47663293,10.93689588,25.49795026,3,3,2641,800,769,19,12,3,2641,800,743,96.6190,93.4980,24,3.1209,-93.4980,2,0.2601,-96.3589,769,saied,zammel,93.4980,30.2916,100.0000
TN335158,Jaouaouda,الجواودة,TN3351,Mahdia,Mahdia,Centre East,35.48384966,10.88563245,15.16788269,3,3,2531,503,488,5,10,3,2531,503,477,97.7459,96.5164,5,1.0246,-96.7213,6,1.2295,-96.5164,488,saied,maghzaoui,96.5164,19.8736,100.0000
TN335159,Ez-Zahra,الزهراء,TN3351,Mahdia,Mahdia,Centre East,35.50012758,11.01149616,18.21527012,12,12,13709,3776,3656,48,72,12,13709,3776,3408,93.2166,88.0470,189,5.1696,-88.0470,59,1.6138,-91.6028,3656,saied,zammel,88.0470,27.5439,100.0000
TN335160,Zegana,الزقانة,TN3351,Mahdia,Mahdia,Centre East,35.47411846,10.99706565,17.67462394,3,3,2559,976,920,28,28,3,2559,976,835,90.7609,84.0217,62,6.7391,-84.0217,23,2.5000,-88.2609,920,saied,zammel,84.0217,38.1399,100.0000
TN335161,Hiboun,هيبون,TN3351,Mahdia,Mahdia,Centre East,35.53143077,10.99701612,28.15814261,12,12,12973,3682,3547,54,81,12,12973,3682,3185,89.7942,82.3795,263,7.4147,-82.3795,99,2.7911,-87.0031,3547,saied,zammel,82.3795,28.3820,100.0000
TN335162,Er-Remal,الرمل,TN3351,Mahdia,Mahdia,Centre East,35.50934325,11.04147758,1.00367726,4,4,4467,1289,1242,16,31,4,4467,1289,1117,89.9356,82.2061,96,7.7295,-82.2061,29,2.3349,-87.6006,1242,saied,zammel,82.2061,28.8561,100.0000
TN335163,El Hekaima Est,الحكايمة الشرقية,TN3351,Mahdia,Mahdia,Centre East,35.45375035,10.88213709,10.79282,3,3,3471,875,834,20,21,3,3471,875,821,98.4412,97.4820,8,0.9592,-97.4820,5,0.5995,-97.8417,834,saied,zammel,97.4820,25.2089,100.0000
TN335164,Hekaima Ouest,الحكايمة الغربية,TN3351,Mahdia,Mahdia,Centre East,35.45249987,10.84926132,11.17858702,2,2,1502,371,363,3,5,2,1502,371,360,99.1736,98.3471,3,0.8264,-98.3471,0,0.0000,-99.1736,363,saied,zammel,98.3471,24.7004,100.0000
TN335251,Bou Merdes,بومرداس,TN3352,Boumerdès,Mahdia,Centre East,35.46100688,10.70910969,18.92459669,4,4,3506,1461,1408,22,31,3,3396,1169,1310,93.0398,87.3580,80,5.6818,-87.3580,18,1.2784,-91.7614,1408,saied,zammel,87.3580,34.4229,75.0000
TN335252,El Houes,الحوس,TN3352,Boumerdès,Mahdia,Centre East,35.4497133,10.74166952,7.24172767,3,3,2498,783,743,9,31,3,2498,783,691,93.0013,87.6178,40,5.3836,-87.6178,12,1.6151,-91.3863,743,saied,zammel,87.6178,31.3451,100.0000
TN335253,Kerker,كركر,TN3352,Boumerdès,Mahdia,Centre East,35.47500812,10.65069169,17.06275444,6,6,5595,2067,1987,24,56,6,5595,2067,1881,94.6653,90.6895,79,3.9758,-90.6895,27,1.3588,-93.3065,1987,saied,zammel,90.6895,36.9437,100.0000
TN335254,Zerata,الزراطة,TN3352,Boumerdès,Mahdia,Centre East,35.43648014,10.68045039,17.77986593,2,2,1333,301,489,10,21,1,667,301,477,97.5460,95.5010,10,2.0450,-95.5010,2,0.4090,-97.1370,489,saied,zammel,95.5010,45.1274,50.0000
TN335255,Er-Rouadhi,الرواضي,TN3352,Boumerdès,Mahdia,Centre East,35.40771777,10.70544016,21.30564382,3,3,3039,1190,1142,10,38,3,3039,1190,1107,96.9352,95.1839,20,1.7513,-95.1839,15,1.3135,-95.6217,1142,saied,zammel,95.1839,39.1576,100.0000
TN335256,Ech-Chouariaa,الشوارعية,TN3352,Boumerdès,Mahdia,Centre East,35.4322881,10.75787802,19.37953141,2,2,1920,746,723,3,20,2,1920,746,715,98.8935,98.2019,3,0.4149,-98.4786,5,0.6916,-98.2019,723,saied,maghzaoui,98.2019,38.8542,100.0000
TN335257,Bouhlale El Ali Sud,بوهلال العلي القبلية,TN3352,Boumerdès,Mahdia,Centre East,35.3854702,10.67170497,29.89806854,4,4,3425,1049,1015,11,23,4,3425,1049,964,94.9754,90.9360,41,4.0394,-90.9360,10,0.9852,-93.9901,1015,saied,zammel,90.9360,30.6277,100.0000
TN335258,Bouhlale El Ali Nord,بوهلال العلي الجوفية,TN3352,Boumerdès,Mahdia,Centre East,35.43425174,10.61503436,38.58428944,2,2,1963,783,758,9,16,2,1963,783,733,96.7018,94.7230,15,1.9789,-94.7230,10,1.3193,-95.3826,758,saied,zammel,94.7230,39.8879,100.0000
TN335259,Menzel Hamza,منزل حمزة,TN3352,Boumerdès,Mahdia,Centre East,35.40890966,10.80243654,20.84741547,2,2,563,163,427,3,7,1,563,163,417,97.6581,96.0187,7,1.6393,-96.0187,3,0.7026,-96.9555,427,saied,zammel,96.0187,28.9520,50.0000
TN335351,Ouled Chamekh Sud,أولاد الشامخ الجنوبية,TN3353,Ouled Chamekh,Mahdia,Centre East,35.49931797,10.32179722,61.39260759,6,6,4272,1330,1288,16,26,5,4272,1014,1248,96.8944,94.4876,31,2.4068,-94.4876,9,0.6988,-96.1957,1288,saied,zammel,94.4876,23.7360,83.3333
TN335352,Ouled Chamekh Nord,أولاد الشامخ الشمالية,TN3353,Ouled Chamekh,Mahdia,Centre East,35.53363694,10.25519673,56.91281853,3,3,2694,638,614,5,19,3,2694,638,598,97.3941,95.9283,9,1.4658,-95.9283,7,1.1401,-96.2541,614,saied,zammel,95.9283,23.6823,100.0000
TN335353,Ouled Amor,أولاد عمر,TN3353,Ouled Chamekh,Mahdia,Centre East,35.47661025,10.41127744,42.04978858,3,3,2358,579,568,5,6,3,2358,579,543,95.5986,93.3099,12,2.1127,-93.4859,13,2.2887,-93.3099,568,saied,maghzaoui,93.3099,24.5547,100.0000
TN335354,Chehimet Nord,الشحيمات الشمالية,TN3353,Ouled Chamekh,Mahdia,Centre East,35.4306917,10.39037079,27.13154338,2,2,2155,526,508,4,14,2,2155,526,484,95.2756,91.7323,18,3.5433,-91.7323,6,1.1811,-94.0945,508,saied,zammel,91.7323,24.4084,100.0000
TN335355,El Ajilet,العجيلات,TN3353,Ouled Chamekh,Mahdia,Centre East,35.42948868,10.35271409,52.99222266,4,4,4108,1150,1113,10,27,4,4108,1150,1062,95.4178,92.2731,35,3.1447,-92.2731,16,1.4376,-93.9802,1113,saied,zammel,92.2731,27.9942,100.0000
TN335356,Es-Somra,السمرة,TN3353,Ouled Chamekh,Mahdia,Centre East,35.44041893,10.27930375,36.29892293,2,2,953,300,287,4,9,2,953,300,279,97.2125,95.1220,6,2.0906,-95.1220,2,0.6969,-96.5157,287,saied,zammel,95.1220,31.4795,100.0000
TN335357,Bou Slim,بوسليم,TN3353,Ouled Chamekh,Mahdia,Centre East,35.45542551,10.2363338,32.22726826,1,1,0,296,285,3,8,0,0,0,272,95.4386,92.6316,8,2.8070,-92.6316,5,1.7544,-93.6842,285,saied,zammel,92.6316,,0.0000
TN335358,Meharza Nord,المحارزة الشمالية,TN3353,Ouled Chamekh,Mahdia,Centre East,35.39260018,10.27942115,48.74965656,2,2,1713,664,651,5,8,2,1713,664,642,98.6175,97.8495,4,0.6144,-98.0031,5,0.7680,-97.8495,651,saied,maghzaoui,97.8495,38.7624,100.0000
TN335451,Chorbane,شربان,TN3354,Chorbane,Mahdia,Centre East,35.26255851,10.40818687,58.1393409,6,6,6383,1399,1334,15,50,6,6383,1399,1252,93.8531,89.5052,58,4.3478,-89.5052,24,1.7991,-92.0540,1334,saied,zammel,89.5052,21.9176,100.0000
TN335452,El Maati,المعاطي,TN3354,Chorbane,Mahdia,Centre East,35.18589275,10.36823478,26.58816667,1,1,921,320,311,5,4,1,921,320,295,94.8553,91.3183,11,3.5370,-91.3183,5,1.6077,-93.2476,311,saied,zammel,91.3183,34.7448,100.0000
TN335453,Ech-Chahda Sud,الشحدة القبلية,TN3354,Chorbane,Mahdia,Centre East,35.25695416,10.31965762,54.04286965,1,1,1032,479,461,8,10,1,1032,479,436,94.5770,90.8894,17,3.6876,-90.8894,8,1.7354,-92.8416,461,saied,zammel,90.8894,46.4147,100.0000
TN335454,Ech-Chahda Est,الشحدة الشرقية,TN3354,Chorbane,Mahdia,Centre East,35.30784326,10.34563668,38.79992096,1,1,359,182,177,3,2,1,359,182,160,90.3955,83.0508,13,7.3446,-83.0508,4,2.2599,-88.1356,177,saied,zammel,83.0508,50.6964,100.0000
TN335455,El Gouacem Ouest,القواسم الغربية,TN3354,Chorbane,Mahdia,Centre East,35.13852838,10.41803349,51.19968727,4,4,2289,1378,1288,23,67,3,2289,901,1232,95.6522,92.8571,36,2.7950,-92.8571,20,1.5528,-94.0994,1288,saied,zammel,92.8571,39.3622,75.0000
TN335456,El Gouacem Est,القواسم الشرقية,TN3354,Chorbane,Mahdia,Centre East,35.17488263,10.52600149,78.80270595,5,5,3311,1426,1364,21,41,5,3311,1426,1282,93.9883,90.1760,52,3.8123,-90.1760,30,2.1994,-91.7889,1364,saied,zammel,90.1760,43.0686,100.0000
TN335457,Ech-Charaf,الشرف,TN3354,Chorbane,Mahdia,Centre East,35.17946237,10.39609905,46.92396484,1,1,1097,334,322,6,6,1,1097,334,303,94.0994,89.7516,14,4.3478,-89.7516,5,1.5528,-92.5466,322,saied,zammel,89.7516,30.4467,100.0000
TN335458,El Gradha Ouest,القرادحة الغربية,TN3354,Chorbane,Mahdia,Centre East,35.21988257,10.46151605,26.66524619,1,1,1010,339,319,13,7,1,1010,339,297,93.1034,87.7743,17,5.3292,-87.7743,5,1.5674,-91.5361,319,saied,zammel,87.7743,33.5644,100.0000
TN335459,El Gradha Est,القرادحةالشرقية,TN3354,Chorbane,Mahdia,Centre East,35.22249494,10.50990295,34.83011334,3,3,2155,746,717,6,23,3,2155,746,699,97.4895,96.0948,8,1.1158,-96.3738,10,1.3947,-96.0948,717,saied,maghzaoui,96.0948,34.6172,100.0000
TN335460,Ouled El Hannachi,أولاد الحناشي,TN3354,Chorbane,Mahdia,Centre East,35.29709575,10.4553128,28.49423079,3,3,2084,817,791,9,17,3,2084,817,762,96.3338,93.4260,23,2.9077,-93.4260,6,0.7585,-95.5752,791,saied,zammel,93.4260,39.2035,100.0000
TN335551,Hebira,هبيرة,TN3355,Hbira,Mahdia,Centre East,35.19680459,10.24924449,51.65508409,3,3,2286,631,592,8,31,3,2286,631,559,94.4257,89.6959,28,4.7297,-89.6959,5,0.8446,-93.5811,592,saied,zammel,89.6959,27.6028,100.0000
TN335552,Menzel Hached,منزل حشاد,TN3355,Hbira,Mahdia,Centre East,35.16420722,10.30770066,38.02069019,3,3,1507,589,549,10,30,3,1507,589,510,92.8962,86.5209,35,6.3752,-86.5209,4,0.7286,-92.1676,549,saied,zammel,86.5209,39.0843,100.0000
TN335553,Regaigua,الرقايقة,TN3355,Hbira,Mahdia,Centre East,35.22555441,10.29188408,29.26770533,1,1,871,316,298,3,15,1,871,316,286,95.9732,93.9597,6,2.0134,-93.9597,6,2.0134,-93.9597,298,saied,maghzaoui,93.9597,36.2801,100.0000
TN335554,Ech-Chahda Ouest,الشحدة الغربية,TN3355,Hbira,Mahdia,Centre East,35.26627855,10.22886491,65.78866649,3,3,2186,571,543,9,19,3,2186,571,509,93.7385,88.7661,27,4.9724,-88.7661,7,1.2891,-92.4494,543,saied,zammel,88.7661,26.1208,100.0000
TN335555,El Maherza Sud,المحارزة الجنوبية,TN3355,Hbira,Mahdia,Centre East,35.34761791,10.25654713,131.08403052,2,2,1981,727,705,5,17,2,1981,727,699,99.1489,98.4397,1,0.1418,-99.0071,5,0.7092,-98.4397,705,saied,maghzaoui,98.4397,36.6986,100.0000
TN335651,Essouassi,السواسي,TN3356,Souassi,Mahdia,Centre East,35.32961951,10.55079488,36.50314071,11,11,9801,2378,2269,50,59,11,9801,2378,2095,92.3314,85.9409,145,6.3905,-85.9409,29,1.2781,-91.0533,2269,saied,zammel,85.9409,24.2628,100.0000
TN335652,Es-Saida,السيدة,TN3356,Souassi,Mahdia,Centre East,35.36614536,10.5760936,19.10709818,2,2,1340,419,403,5,11,2,1340,419,392,97.2705,95.2854,8,1.9851,-95.2854,3,0.7444,-96.5261,403,saied,zammel,95.2854,31.2687,100.0000
TN335653,Sidi Naceur,سيدي الناصر,TN3356,Souassi,Mahdia,Centre East,35.31781286,10.60043393,20.66420576,3,3,3450,932,879,21,32,3,3450,932,851,96.8146,94.4255,21,2.3891,-94.4255,7,0.7964,-96.0182,879,saied,zammel,94.4255,27.0145,100.0000
TN335654,Sidi Zid,سيدي زيد,TN3356,Souassi,Mahdia,Centre East,35.35684894,10.49485191,22.74594182,6,6,5306,1857,1782,24,51,6,5306,1857,1708,95.8474,92.4242,61,3.4231,-92.4242,13,0.7295,-95.1178,1782,saied,zammel,92.4242,34.9981,100.0000
TN335655,Bou Helal,بوهلال,TN3356,Souassi,Mahdia,Centre East,35.26164567,10.54627831,41.15176082,4,4,3222,1054,1016,10,28,4,3222,1054,998,98.2283,97.1457,11,1.0827,-97.1457,7,0.6890,-97.5394,1016,saied,zammel,97.1457,32.7126,100.0000
TN335656,Cherichira,الشريشيرة,TN3356,Souassi,Mahdia,Centre East,35.29815356,10.5064397,32.67935859,4,4,3151,909,876,6,27,4,3151,909,834,95.2055,92.1233,27,3.0822,-92.1233,15,1.7123,-93.4932,876,saied,zammel,92.1233,28.8480,100.0000
TN335657,El Kesasba,الكساسبة,TN3356,Souassi,Mahdia,Centre East,35.3854702,10.61170795,44.68858586,5,5,4312,1199,1403,10,52,4,3120,1199,1329,94.7256,91.5895,44,3.1361,-91.5895,30,2.1383,-92.5873,1403,saied,zammel,91.5895,38.4295,80.0000
TN335658,Ez-Zairat,الزعيرات,TN3356,Souassi,Mahdia,Centre East,35.30528646,10.42083199,11.88974518,2,2,1783,510,486,8,16,2,1783,510,441,90.7407,84.5679,30,6.1728,-84.5679,15,3.0864,-87.6543,486,saied,zammel,84.5679,28.6035,100.0000
TN335659,Ouled Moulahem Nord,أولاد مولاهم الشمالية,TN3356,Souassi,Mahdia,Centre East,35.35487691,10.44754891,27.37215693,3,3,3082,1011,970,5,36,3,3082,1011,898,92.5773,86.9072,55,5.6701,-86.9072,17,1.7526,-90.8247,970,saied,zammel,86.9072,32.8034,100.0000
TN335660,Ouled Moulahem Ouest,أولاد مولاهم الغربية,TN3356,Souassi,Mahdia,Centre East,35.34603881,10.40044556,23.17007725,3,3,1898,582,562,8,12,3,1898,582,543,96.6192,94.1281,14,2.4911,-94.1281,5,0.8897,-95.7295,562,saied,zammel,94.1281,30.6639,100.0000
TN335661,Ech-Chahimet Sud,الشحيمات القبلية,TN3356,Souassi,Mahdia,Centre East,35.40926756,10.45427867,63.13743984,5,5,3394,947,899,25,23,5,3394,947,861,95.7731,93.2147,23,2.5584,-93.2147,15,1.6685,-94.1046,899,saied,zammel,93.2147,27.9022,100.0000
TN335751,Es-Zaouia,الزاوية,TN3357,El Jem,Mahdia,Centre East,35.30182464,10.71575717,12.11425305,11,11,12088,2452,2360,51,41,11,12088,2452,2100,88.9831,79.1949,231,9.7881,-79.1949,29,1.2288,-87.7542,2360,saied,zammel,79.1949,20.2846,100.0000
TN335752,El Mourabitine,المرابطين,TN3357,El Jem,Mahdia,Centre East,35.30167441,10.69127888,8.79748628,6,6,4990,2037,1968,31,38,5,4990,1769,1773,90.0915,81.7581,164,8.3333,-81.7581,31,1.5752,-88.5163,1968,saied,zammel,81.7581,35.4509,83.3333
TN335753,Riadh Bou Helal,رياض بوهلال,TN3357,El Jem,Mahdia,Centre East,35.26937937,10.60279497,15.03754485,3,3,1176,724,862,23,23,1,1176,236,816,94.6636,90.1392,39,4.5244,-90.1392,7,0.8121,-93.8515,862,saied,zammel,90.1392,20.0680,33.3333
TN335754,El Aitha,العيثة,TN3357,El Jem,Mahdia,Centre East,35.2743509,10.65351846,43.96525035,2,2,1716,392,363,9,20,2,1716,392,343,94.4904,90.0826,16,4.4077,-90.0826,4,1.1019,-93.3884,363,saied,zammel,90.0826,22.8438,100.0000
TN335755,El Mechalet,المشالات,TN3357,El Jem,Mahdia,Centre East,35.33779936,10.68305453,48.42343721,2,2,1547,468,452,4,12,2,1547,468,444,98.2301,97.1239,5,1.1062,-97.1239,3,0.6637,-97.5664,452,saied,zammel,97.1239,30.2521,100.0000
TN335756,Zeghabna,الزغابنة,TN3357,El Jem,Mahdia,Centre East,35.25425577,10.71334426,46.56393235,3,3,2193,524,501,17,6,3,2193,524,492,98.2036,96.8064,7,1.3972,-96.8064,2,0.3992,-97.8044,501,saied,zammel,96.8064,23.8942,100.0000
TN335757,Touahria,الطواهرية,TN3357,El Jem,Mahdia,Centre East,35.32133929,10.79589434,13.47122783,2,2,2334,693,664,14,15,2,2334,693,638,96.0843,92.9217,21,3.1627,-92.9217,5,0.7530,-95.3313,664,saied,zammel,92.9217,29.6915,100.0000
TN335758,El Ababsa,العبابسة,TN3357,El Jem,Mahdia,Centre East,35.36953548,10.75656522,38.95991924,2,2,2141,442,424,4,14,2,2141,442,415,97.8774,96.4623,6,1.4151,-96.4623,3,0.7075,-97.1698,424,saied,zammel,96.4623,20.6446,100.0000
TN335759,Talalsa,التلالسة,TN3357,El Jem,Mahdia,Centre East,35.33161293,10.77880101,12.58345727,5,5,4357,1042,1008,12,22,5,4357,1042,962,95.4365,91.9643,35,3.4722,-91.9643,11,1.0913,-94.3452,1008,saied,zammel,91.9643,23.9155,100.0000
TN335760,El Achaba,العشابة,TN3357,El Jem,Mahdia,Centre East,35.28222928,10.79846761,46.51734824,4,4,3387,833,798,16,19,4,3387,833,774,96.9925,94.8622,17,2.1303,-94.8622,7,0.8772,-96.1153,798,saied,zammel,94.8622,24.5940,100.0000
TN335851,Chebba Nord,الشابة الشمالية,TN3358,Chebba,Mahdia,Centre East,35.24016086,11.06782428,39.79138624,13,13,14096,4024,3862,78,84,13,14096,4024,3601,93.2418,87.9337,205,5.3081,-87.9337,56,1.4500,-91.7918,3862,saied,zammel,87.9337,28.5471,100.0000
TN335852,Chebba Sud,الشابة الجنوبية,TN3358,Chebba,Mahdia,Centre East,35.1996425,11.06065996,48.79291965,7,7,6830,2762,2651,55,56,7,6830,2762,2407,90.7959,83.8929,183,6.9031,-83.8929,61,2.3010,-88.4949,2651,saied,zammel,83.8929,40.4392,100.0000
TN335853,Es-Saafet,السعفات,TN3358,Chebba,Mahdia,Centre East,35.26760757,11.03711628,27.89771259,2,2,1438,502,488,12,2,2,1438,502,466,95.4918,92.8279,13,2.6639,-92.8279,9,1.8443,-93.6475,488,saied,zammel,92.8279,34.9096,100.0000
TN335951,Melloulech,ملولش,TN3359,Melloulech,Mahdia,Centre East,35.14243345,11.00751408,44.13806993,8,8,7750,1744,2015,35,44,7,6691,1744,1917,95.1365,91.9603,64,3.1762,-91.9603,34,1.6873,-93.4491,2015,saied,zammel,91.9603,26.0649,87.5000
TN335952,El Aitha,العيثة,TN3359,Melloulech,Mahdia,Centre East,35.18549088,11.01142936,21.5350116,3,3,2663,814,791,11,12,3,2663,814,764,96.5866,94.3110,18,2.2756,-94.3110,9,1.1378,-95.4488,791,saied,zammel,94.3110,30.5670,100.0000
TN335953,El Mansoura,المنصورة,TN3359,Melloulech,Mahdia,Centre East,35.15909718,10.95332953,34.39550323,3,3,3307,900,839,33,28,3,3307,900,810,96.5435,94.0405,21,2.5030,-94.0405,8,0.9535,-95.5900,839,saied,zammel,94.0405,27.2150,100.0000
TN335954,Ben Hssine,بن حسين,TN3359,Melloulech,Mahdia,Centre East,35.22785547,10.96397674,41.91221826,4,4,2281,844,998,19,15,3,2281,844,960,96.1924,93.5872,26,2.6052,-93.5872,12,1.2024,-94.9900,998,saied,zammel,93.5872,37.0013,75.0000
TN335955,Sidi Abdellaziz,سيدي عبد العزيز,TN3359,Melloulech,Mahdia,Centre East,35.11099606,10.97347989,18.3310657,1,1,596,203,193,5,5,1,596,203,191,98.9637,98.4456,1,0.5181,-98.4456,1,0.5181,-98.4456,193,saied,maghzaoui,98.4456,34.0604,100.0000
TN336051,Sidi Alouane Ouest,سيدي علوان الغربية,TN3360,Sidi Alouane,Mahdia,Centre East,35.36373187,10.91794303,17.41358461,4,4,3939,1065,1021,17,27,4,3939,1065,932,91.2831,83.5455,79,7.7375,-83.5455,10,0.9794,-90.3036,1021,saied,zammel,83.5455,27.0373,100.0000
TN336052,Sidi Alouane Est,سيدي علوان الشرقية,TN3360,Sidi Alouane,Mahdia,Centre East,35.36086242,10.95055512,9.030593,4,4,4412,1068,1030,11,27,4,4412,1068,988,95.9223,92.2330,38,3.6893,-92.2330,4,0.3883,-95.5340,1030,saied,zammel,92.2330,24.2067,100.0000
TN336053,Zorda,زردة,TN3360,Sidi Alouane,Mahdia,Centre East,35.29286843,10.91794217,32.71897988,3,3,1963,571,552,8,11,3,1963,571,526,95.2899,92.3913,16,2.8986,-92.3913,10,1.8116,-93.4783,552,saied,zammel,92.3913,29.0881,100.0000
TN336054,Sakiet El Khadem,ساقيةالخادم,TN3360,Sidi Alouane,Mahdia,Centre East,35.37882755,10.88033091,15.23344919,3,3,3271,1213,1173,9,31,3,3271,1213,1145,97.6130,96.3342,13,1.1083,-96.5047,15,1.2788,-96.3342,1173,saied,maghzaoui,96.3342,37.0835,100.0000
TN336055,El Bassatine,البساتين,TN3360,Sidi Alouane,Mahdia,Centre East,35.39472838,10.904064,7.40008532,2,2,1777,507,485,0,22,2,1777,507,476,98.1443,96.7010,7,1.4433,-96.7010,2,0.4124,-97.7320,485,saied,zammel,96.7010,28.5312,100.0000
TN336056,Oued Beja Nord,وادي باجة الشمالية,TN3360,Sidi Alouane,Mahdia,Centre East,35.35549109,10.86375155,18.0192058,3,3,3003,929,888,10,31,3,3003,929,862,97.0721,94.9324,19,2.1396,-94.9324,7,0.7883,-96.2838,888,saied,zammel,94.9324,30.9357,100.0000
TN336057,Oued Beja Sud,وادي باجة الجنوبية,TN3360,Sidi Alouane,Mahdia,Centre East,35.30151856,10.85685923,34.7320024,2,2,1730,250,242,1,7,2,1730,250,228,94.2149,89.6694,11,4.5455,-89.6694,3,1.2397,-92.9752,242,saied,zammel,89.6694,14.4509,100.0000
TN336058,Zalba Est,زالبة الشرقية,TN3360,Sidi Alouane,Mahdia,Centre East,35.22804894,10.89202442,56.14918631,2,2,1737,516,483,4,29,2,1737,516,463,95.8592,92.5466,16,3.3126,-92.5466,4,0.8282,-95.0311,483,saied,zammel,92.5466,29.7064,100.0000
TN336059,Zalba Ouest,زالبة الغربية,TN3360,Sidi Alouane,Mahdia,Centre East,35.21687126,10.82960468,37.54699536,3,3,2045,563,536,3,24,3,2045,563,524,97.7612,96.4552,7,1.3060,-96.4552,5,0.9328,-96.8284,536,saied,zammel,96.4552,27.5306,100.0000
TN336060,En-Nozha,النزهة,TN3360,Sidi Alouane,Mahdia,Centre East,35.17308057,10.86111104,22.67034138,2,2,1902,488,469,3,16,2,1902,488,455,97.0149,95.5224,7,1.4925,-95.5224,7,1.4925,-95.5224,469,saied,maghzaoui,95.5224,25.6572,100.0000
TN336061,Oued Guellat,وادي قلات,TN3360,Sidi Alouane,Mahdia,Centre East,35.39917922,10.84249557,15.19557432,3,3,1594,539,510,11,18,3,1594,539,494,96.8627,94.9020,10,1.9608,-94.9020,6,1.1765,-95.6863,510,saied,zammel,94.9020,33.8143,100.0000
TN336062,Es-Saada,السعادة,TN3360,Sidi Alouane,Mahdia,Centre East,35.36196484,10.82442872,22.79773021,5,5,4003,1135,1084,25,26,5,4003,1135,1050,96.8635,94.4649,26,2.3985,-94.4649,8,0.7380,-96.1255,1084,saied,zammel,94.4649,28.3537,100.0000
TN336151,El Ksar,القصر,TN3361,Ksour Essef,Mahdia,Centre East,35.43475138,10.99326092,7.9110553,9,9,10460,2217,2166,24,27,9,10460,2217,2039,94.1367,90.2585,84,3.8781,-90.2585,43,1.9852,-92.1514,2166,saied,zammel,90.2585,21.1950,100.0000
TN336152,Ksour Essaf Riadh,قصور الساف الرياض,TN3361,Ksour Essef,Mahdia,Centre East,35.41656985,11.00410238,2.91628807,6,6,6335,1983,1934,33,16,6,6335,1983,1762,91.1065,84.1779,134,6.9286,-84.1779,38,1.9648,-89.1417,1934,saied,zammel,84.1779,31.3023,100.0000
TN336153,El Ktanine,القطاتين,TN3361,Ksour Essef,Mahdia,Centre East,35.39255389,10.96124361,21.15955334,5,5,3732,1580,1530,22,28,5,3732,1580,1397,91.3072,83.9869,112,7.3203,-83.9869,21,1.3725,-89.9346,1530,saied,zammel,83.9869,42.3365,100.0000
TN336154,Ksour Essaf Ettakaddoum,قصور الساف التقدم,TN3361,Ksour Essef,Mahdia,Centre East,35.43206115,10.95518854,25.44322644,1,1,1110,457,445,5,7,1,1110,457,420,94.3820,89.6629,21,4.7191,-89.6629,4,0.8989,-93.4831,445,saied,zammel,89.6629,41.1712,100.0000
TN336155,Salakta,سلقطة,TN3361,Ksour Essef,Mahdia,Centre East,35.40797384,11.02638764,25.87304176,5,5,3962,1271,1232,18,21,5,3962,1271,1145,92.9383,87.4188,68,5.5195,-87.4188,19,1.5422,-91.3961,1232,saied,zammel,87.4188,32.0798,100.0000
TN336157,Ouled Salah,أولاد صالح,TN3361,Ksour Essef,Mahdia,Centre East,35.4360708,10.90790255,15.52399961,3,3,1861,931,889,21,21,3,1861,931,853,95.9505,92.0135,35,3.9370,-92.0135,1,0.1125,-95.8380,889,saied,zammel,92.0135,50.0269,100.0000
TN336158,Sidi Assaker Ouest,سيدي عساكر الغربية,TN3361,Ksour Essef,Mahdia,Centre East,35.42048756,10.88365033,12.64182203,1,1,1041,325,294,9,22,1,1041,325,292,99.3197,98.9796,1,0.3401,-98.9796,1,0.3401,-98.9796,294,saied,maghzaoui,98.9796,31.2200,100.0000
TN336159,Recharcha,الرشارشة,TN3361,Ksour Essef,Mahdia,Centre East,35.28072692,10.96549284,21.96325044,5,5,3737,812,778,17,17,5,3737,812,749,96.2725,94.2159,13,1.6710,-94.6015,16,2.0566,-94.2159,778,saied,maghzaoui,94.2159,21.7287,100.0000
TN336160,El Hessinet,الحسينات,TN3361,Ksour Essef,Mahdia,Centre East,35.30583824,11.0002189,14.26370114,3,3,2884,436,605,19,14,2,1901,436,584,96.5289,94.2149,14,2.3140,-94.2149,7,1.1570,-95.3719,605,saied,zammel,94.2149,22.9353,66.6667
TN336161,El Bradaa Sud,البرادعة الجنوبية,TN3361,Ksour Essef,Mahdia,Centre East,35.32980289,11.0212071,29.07319291,4,4,2273,638,610,9,19,3,2273,525,586,96.0656,92.9508,19,3.1148,-92.9508,5,0.8197,-95.2459,610,saied,zammel,92.9508,23.0972,75.0000
TN336162,El Bradaa Nord,البرادعة الشمالية,TN3361,Ksour Essef,Mahdia,Centre East,35.3508267,10.96798197,22.07149884,4,4,2225,843,799,22,22,3,2225,548,764,95.6195,92.2403,27,3.3792,-92.2403,8,1.0013,-94.6183,799,saied,zammel,92.2403,24.6292,75.0000
TN345151,La Medina,المدينة,TN3451,Sfax Médina,Sfax,Centre East,34.73897355,10.75904532,0.83000543,3,3,3853,1401,1340,12,49,3,3853,1401,1192,88.9552,79.7015,124,9.2537,-79.7015,24,1.7910,-87.1642,1340,saied,zammel,79.7015,36.3613,100.0000
TN345152,Bab El Bhar,باب البحر,TN3451,Sfax Médina,Sfax,Centre East,34.73143363,10.76951278,3.60807446,6,6,7113,1692,1621,22,49,6,7113,1692,1348,83.1585,69.8334,216,13.3251,-69.8334,57,3.5163,-79.6422,1621,saied,zammel,69.8334,23.7874,100.0000
TN345153,Cite El Khiari,الحي الخيري,TN3451,Sfax Médina,Sfax,Centre East,34.7151728,10.74071212,9.6311896,7,7,5906,2373,2296,24,53,6,5903,1979,1954,85.1045,73.7369,261,11.3676,-73.7369,81,3.5279,-81.5767,2296,saied,zammel,73.7369,33.5253,85.7143
TN345154,El Bassatine,البساتين,TN3451,Sfax Médina,Sfax,Centre East,34.74883785,10.7684094,2.52956799,14,14,13153,5005,4832,50,121,13,13153,4721,4064,84.1060,70.6126,652,13.4934,-70.6126,116,2.4007,-81.7053,4832,saied,zammel,70.6126,35.8930,92.8571
TN345155,Er-Rbadh,الربض,TN3451,Sfax Médina,Sfax,Centre East,34.749434,10.75457157,0.83577622,8,8,10107,3310,3158,32,120,8,10107,3310,2826,89.4870,80.8106,274,8.6764,-80.8106,58,1.8366,-87.6504,3158,saied,zammel,80.8106,32.7496,100.0000
TN345156,15 Novembre,15نوفمبر,TN3451,Sfax Médina,Sfax,Centre East,34.74698111,10.74602884,0.92925136,8,8,7053,2661,2986,26,82,7,7053,2661,2542,85.1306,72.3711,381,12.7595,-72.3711,63,2.1098,-83.0208,2986,saied,zammel,72.3711,37.7286,87.5000
TN345157,Ain Chaikh Rouhou,عين شيخ روحو,TN3451,Sfax Médina,Sfax,Centre East,34.75674306,10.74368628,2.09640449,4,4,5185,2146,2048,28,70,4,5185,2146,1773,86.5723,75.4883,227,11.0840,-75.4883,48,2.3438,-84.2285,2048,saied,zammel,75.4883,41.3886,100.0000
TN345158,Cite Ettaouidhi,حي التعويضي,TN3451,Sfax Médina,Sfax,Centre East,34.76124877,10.77694312,1.08735936,3,3,3000,1130,1066,13,51,3,3000,1130,988,92.6829,86.4916,66,6.1914,-86.4916,12,1.1257,-91.5572,1066,saied,zammel,86.4916,37.6667,100.0000
TN345159,Merkez Kaddour,مركز قدور,TN3451,Sfax Médina,Sfax,Centre East,34.76354435,10.75863335,1.17063136,1,1,1149,463,451,4,8,1,1149,463,390,86.4745,76.9401,43,9.5344,-76.9401,18,3.9911,-82.4834,451,saied,zammel,76.9401,40.2959,100.0000
TN345160,Merkez El Pacha,مركز الباشا,TN3451,Sfax Médina,Sfax,Centre East,34.76291717,10.75102072,1.18883043,5,5,6020,2453,2322,57,74,5,6020,2453,1813,78.0792,59.9053,422,18.1740,-59.9053,87,3.7468,-74.3325,2322,saied,zammel,59.9053,40.7475,100.0000
TN345161,Sidi Abbes,سيدي عباس,TN3451,Sfax Médina,Sfax,Centre East,34.76031972,10.72855415,2.20352167,7,7,5109,1878,2842,27,66,5,5109,1878,2294,80.7178,63.8635,479,16.8543,-63.8635,69,2.4279,-78.2899,2842,saied,zammel,63.8635,36.7587,71.4286
TN345162,Mohamed Ali,محمد علي,TN3451,Sfax Médina,Sfax,Centre East,34.76640803,10.76697393,1.71565264,10,10,10657,3808,3691,22,95,9,10657,3485,3274,88.7022,79.6261,335,9.0761,-79.6261,82,2.2216,-86.4806,3691,saied,zammel,79.6261,32.7015,90.0000
TN345251,Merkez Chaker,مركز شاكر,TN3452,Sfax Ouest,Sfax,Centre East,34.73981865,10.74139447,2.2086909,13,13,15068,4962,5246,61,138,12,13923,4962,4349,82.9013,68.6237,749,14.2775,-68.6237,148,2.8212,-80.0801,5246,saied,zammel,68.6237,35.6389,92.3077
TN345252,Cite El Habib,حي الحبيب,TN3452,Sfax Ouest,Sfax,Centre East,34.72150727,10.72188601,2.52488715,17,17,19337,6886,6627,73,186,17,19337,6886,5874,88.6374,79.6288,597,9.0086,-79.6288,156,2.3540,-86.2834,6627,saied,zammel,79.6288,35.6105,100.0000
TN345253,Soukra,سكرة,TN3452,Sfax Ouest,Sfax,Centre East,34.72512339,10.73298647,2.11200949,8,8,8536,2366,2285,30,51,8,8536,2366,1973,86.3457,75.4923,248,10.8534,-75.4923,64,2.8009,-83.5449,2285,saied,zammel,75.4923,27.7179,100.0000
TN345254,El Alia,العالية,TN3452,Sfax Ouest,Sfax,Centre East,34.75211952,10.72190683,1.88298413,8,8,8896,3494,3338,59,97,8,8896,3494,2722,81.5458,65.9077,522,15.6381,-65.9077,94,2.8161,-78.7298,3338,saied,zammel,65.9077,39.2761,100.0000
TN345255,Oued Er-Rmel,وادي الرمل,TN3452,Sfax Ouest,Sfax,Centre East,34.73934442,10.72552027,1.43270204,8,8,6813,2228,2518,20,64,7,6813,2228,2236,88.8006,79.7458,228,9.0548,-79.7458,54,2.1446,-86.6561,2518,saied,zammel,79.7458,32.7022,87.5000
TN345256,El Houda,الهدى,TN3452,Sfax Ouest,Sfax,Centre East,34.7436539,10.71094133,4.10339138,10,10,9159,3603,3461,53,88,8,9159,2853,3040,87.8359,77.4921,358,10.3438,-77.4921,63,1.8203,-86.0156,3461,saied,zammel,77.4921,31.1497,80.0000
TN345257,Cite El Bahri,حي البحري,TN3452,Sfax Ouest,Sfax,Centre East,34.72753673,10.70721829,1.93112484,13,13,13421,4732,4935,46,119,12,13421,4732,4543,92.0567,85.9777,300,6.0790,-85.9777,92,1.8642,-90.1925,4935,saied,zammel,85.9777,35.2582,92.3077
TN345351,Sakiet Ezzit,ساقية الزيت,TN3453,Sakiet Ezzit,Sfax,Centre East,34.8052763,10.76591457,4.55294142,21,21,21478,6920,6665,84,171,20,21478,6676,5434,81.5304,65.5214,1067,16.0090,-65.5214,164,2.4606,-79.0698,6665,saied,zammel,65.5214,31.0830,95.2381
TN345352,Merkez Bouassida,مركز بوعصيدة,TN3453,Sakiet Ezzit,Sfax,Centre East,34.78376675,10.76301427,3.19284434,8,8,7813,3189,3525,30,97,6,6594,2623,2965,84.1135,70.9504,464,13.1631,-70.9504,96,2.7234,-81.3901,3525,saied,zammel,70.9504,39.7786,75.0000
TN345353,Es-Sedra,السدرة,TN3453,Sakiet Ezzit,Sfax,Centre East,34.82959525,10.77316503,11.94138034,12,12,12243,5039,4856,58,125,12,12243,5039,4008,82.5371,67.3600,737,15.1771,-67.3600,111,2.2858,-80.2512,4856,saied,zammel,67.3600,41.1582,100.0000
TN345354,Chihia,الشيحية,TN3453,Sakiet Ezzit,Sfax,Centre East,34.78324793,10.74771243,2.900653,12,12,12182,4304,4410,67,122,11,12182,4304,3512,79.6372,62.4943,756,17.1429,-62.4943,142,3.2200,-76.4172,4410,saied,zammel,62.4943,35.3308,91.6667
TN345355,Teniour,تنيور,TN3453,Sakiet Ezzit,Sfax,Centre East,34.8036879,10.73737165,4.63007554,17,17,17623,6239,6023,67,149,17,17623,6239,4963,82.4008,67.3917,904,15.0091,-67.3917,156,2.5901,-79.8107,6023,saied,zammel,67.3917,35.4026,100.0000
TN345356,Sidi Salah,سيدي صالح,TN3453,Sakiet Ezzit,Sfax,Centre East,34.88630537,10.73808118,63.44473912,3,3,2708,936,910,5,21,3,2708,936,875,96.1538,92.8571,30,3.2967,-92.8571,5,0.5495,-95.6044,910,saied,zammel,92.8571,34.5643,100.0000
TN345357,El Ons,الأنس,TN3453,Sakiet Ezzit,Sfax,Centre East,34.83202921,10.75654773,2.09757792,5,5,5407,2020,1947,31,42,5,5407,2020,1676,86.0812,74.4222,227,11.6590,-74.4222,44,2.2599,-83.8213,1947,saied,zammel,74.4222,37.3590,100.0000
TN345451,Sakiet Eddaier,ساقية الدائر,TN3454,Sakiet Eddaier,Sfax,Centre East,34.79306449,10.78560415,2.95477042,13,13,13734,4126,3982,38,106,12,13734,3715,3228,81.0648,64.2893,668,16.7755,-64.2893,86,2.1597,-78.9051,3982,saied,zammel,64.2893,27.0497,92.3077
TN345452,Khiria,الخيرية,TN3454,Sakiet Eddaier,Sfax,Centre East,34.78357598,10.7781227,2.22991949,5,5,4297,2222,2125,28,69,4,4297,1810,1689,79.4824,61.2235,388,18.2588,-61.2235,48,2.2588,-77.2235,2125,saied,zammel,61.2235,42.1224,80.0000
TN345453,Merkez Es-Sebai,مركز السبعي,TN3454,Sakiet Eddaier,Sfax,Centre East,34.81409962,10.79377379,8.59895679,11,11,9976,4235,4071,65,99,10,9976,3923,3409,83.7386,69.9337,562,13.8050,-69.9337,100,2.4564,-81.2822,4071,saied,zammel,69.9337,39.3244,90.9091
TN345454,Bedarna,البدارنة,TN3454,Sakiet Eddaier,Sfax,Centre East,34.85938164,10.81413364,76.30542544,3,3,2797,971,938,13,20,3,2797,971,871,92.8571,86.4606,60,6.3966,-86.4606,7,0.7463,-92.1109,938,saied,zammel,86.4606,34.7158,100.0000
TN345455,Sidi Mansour,سيدي منصور,TN3454,Sakiet Eddaier,Sfax,Centre East,34.79585745,10.84518788,8.12367456,11,11,12665,2993,2873,36,84,11,12665,2993,2506,87.2259,76.5402,307,10.6857,-76.5402,60,2.0884,-85.1375,2873,saied,zammel,76.5402,23.6321,100.0000
TN345456,Cite Bourguiba,حي بورقيبة,TN3454,Sakiet Eddaier,Sfax,Centre East,34.7670213,10.7946041,3.75430974,15,15,15375,5885,6100,55,107,14,14308,5885,5395,88.4426,78.8525,585,9.5902,-78.8525,120,1.9672,-86.4754,6100,saied,zammel,78.8525,41.1308,93.3333
TN345457,Saltnia,السلطينة,TN3454,Sakiet Eddaier,Sfax,Centre East,34.79265259,10.81171503,8.93787402,13,13,14648,4750,4591,44,115,12,14648,4360,3894,84.8181,71.9015,593,12.9166,-71.9015,104,2.2653,-82.5528,4591,saied,zammel,71.9015,29.7652,92.3077
TN345458,Merkez Kaaniche,مركز كعنيش,TN3454,Sakiet Eddaier,Sfax,Centre East,34.77098468,10.77787284,2.25365051,10,10,10792,3564,3442,32,90,10,10792,3564,2961,86.0256,74.0267,413,11.9988,-74.0267,68,1.9756,-84.0500,3442,saied,zammel,74.0267,33.0245,100.0000
TN345551,El Ain,العين,TN3455,Sfax Sud,Sfax,Centre East,34.76724655,10.6936229,10.7609561,21,21,23017,7677,7376,102,199,20,22982,7257,6092,82.5922,67.7603,1094,14.8319,-67.7603,190,2.5759,-80.0163,7376,saied,zammel,67.7603,31.5769,95.2381
TN345552,Gremda,قرمدة,TN3455,Sfax Sud,Sfax,Centre East,34.7841912,10.71369993,5.90613038,11,11,10884,3919,3745,56,118,11,10884,3919,2986,79.7330,62.4566,647,17.2764,-62.4566,112,2.9907,-76.7423,3745,saied,zammel,62.4566,36.0070,100.0000
TN345553,Bouzaiane,بوزيان,TN3455,Sfax Sud,Sfax,Centre East,34.79121178,10.72632517,8.21605335,16,16,16294,6686,6417,87,182,15,16294,6442,5079,79.1491,60.9007,1171,18.2484,-60.9007,167,2.6025,-76.5467,6417,saied,zammel,60.9007,39.5360,93.7500
TN345554,El Afrane Nord,الأفران الشمالية,TN3455,Sfax Sud,Sfax,Centre East,34.77988369,10.70352601,4.1617249,15,15,14939,7122,6799,104,219,13,14933,6118,5389,79.2617,61.1855,1229,18.0762,-61.1855,181,2.6622,-76.5995,6799,saied,zammel,61.1855,40.9697,86.6667
TN345555,Khazanet,الخزانات,TN3455,Sfax Sud,Sfax,Centre East,34.79483826,10.64791064,72.69416954,10,10,8278,3031,2957,9,65,10,8278,3031,2823,95.4684,92.0189,102,3.4494,-92.0189,32,1.0822,-94.3862,2957,saied,zammel,92.0189,36.6151,100.0000
TN345556,El Aouabed,العوابد,TN3455,Sfax Sud,Sfax,Centre East,34.8485392,10.63389577,33.06264139,5,5,4216,1499,1440,17,42,4,4216,1008,1317,91.4583,85.9028,80,5.5556,-85.9028,43,2.9861,-88.4722,1440,saied,zammel,85.9028,23.9089,80.0000
TN345557,Ayoun El Mayel,عيون المايل,TN3455,Sfax Sud,Sfax,Centre East,34.87247026,10.67368422,61.28603118,9,9,4786,3363,3231,44,88,6,4786,1803,2920,90.3745,82.6989,248,7.6756,-82.6989,63,1.9499,-88.4246,3231,saied,zammel,82.6989,37.6724,66.6667
TN345651,Tina,طينة,TN3456,Thyna,Sfax,Centre East,34.66919238,10.71068662,35.03098613,18,18,20197,7651,7404,51,196,17,20197,7169,6936,93.6791,89.1680,334,4.5111,-89.1680,134,1.8098,-91.8693,7404,saied,zammel,89.1680,35.4954,94.4444
TN345652,Sidi Abid,سيد عبيد,TN3456,Thyna,Sfax,Centre East,34.68014758,10.68098446,20.90710854,8,8,6933,2866,2729,26,111,8,6933,2866,2590,94.9066,91.1689,102,3.7376,-91.1689,37,1.3558,-93.5508,2729,saied,zammel,91.1689,41.3385,100.0000
TN345653,El Hajeb,الحاجب,TN3456,Thyna,Sfax,Centre East,34.69763892,10.63697906,46.43296585,14,14,14987,5143,4947,57,139,14,14987,5143,4592,92.8239,86.9214,292,5.9026,-86.9214,63,1.2735,-91.5504,4947,saied,zammel,86.9214,34.3164,100.0000
TN345751,Agareb,عقارب,TN3457,Agareb,Sfax,Centre East,34.72586614,10.5428156,40.03375272,12,12,11512,4983,4772,57,154,11,11512,4500,4218,88.3906,78.4577,474,9.9329,-78.4577,80,1.6764,-86.7142,4772,saied,zammel,78.4577,39.0896,91.6667
TN345752,Gargour,قرقور,TN3457,Agareb,Sfax,Centre East,34.64891371,10.58752129,91.11814675,8,8,5427,1732,1655,21,56,8,5427,1732,1561,94.3202,91.1782,52,3.1420,-91.1782,42,2.5378,-91.7825,1655,saied,zammel,91.1782,31.9145,100.0000
TN345753,Bouledhieb,بولذياب,TN3457,Agareb,Sfax,Centre East,34.70876105,10.3857778,85.87751467,5,5,2651,974,947,8,19,5,2651,974,867,91.5523,84.1605,70,7.3918,-84.1605,10,1.0560,-90.4963,947,saied,zammel,84.1605,36.7409,100.0000
TN345754,El Mahrouka,المحروقة,TN3457,Agareb,Sfax,Centre East,34.77630411,10.3683739,115.10412409,4,4,2161,742,731,2,9,4,2161,742,697,95.3488,91.9289,25,3.4200,-91.9289,9,1.2312,-94.1176,731,saied,zammel,91.9289,34.3360,100.0000
TN345755,Ettorba,التربة,TN3457,Agareb,Sfax,Centre East,34.80345867,10.45691875,134.07548474,5,5,3678,1358,1299,22,37,5,3678,1358,1161,89.3764,80.5235,115,8.8530,-80.5235,23,1.7706,-87.6059,1299,saied,zammel,80.5235,36.9222,100.0000
TN345756,Ben Sahloun,بن سهلون,TN3457,Agareb,Sfax,Centre East,34.66397073,10.40387764,118.01922372,3,3,2202,843,804,12,27,3,2202,843,762,94.7761,91.1692,29,3.6070,-91.1692,13,1.6169,-93.1592,804,saied,zammel,91.1692,38.2834,100.0000
TN345757,Zeliana,زلبانة,TN3457,Agareb,Sfax,Centre East,34.84860768,10.35033968,76.22307992,1,1,93,416,400,5,11,0,0,0,384,96.0000,93.5000,10,2.5000,-93.5000,6,1.5000,-94.5000,400,saied,zammel,93.5000,,0.0000
TN345758,Es-Soghar,الصغار,TN3457,Agareb,Sfax,Centre East,34.76346885,10.5748144,74.98453137,2,2,1831,778,762,2,14,2,1831,778,711,93.3071,88.0577,40,5.2493,-88.0577,11,1.4436,-91.8635,762,saied,zammel,88.0577,42.4904,100.0000
TN345851,Djebeniana,جبنيانة,TN3458,Jebeniana,Sfax,Centre East,35.0339191,10.90314568,19.6761053,13,13,11266,2863,2727,54,82,12,11266,2558,2375,87.0920,77.5211,261,9.5710,-77.5211,91,3.3370,-83.7550,2727,saied,zammel,77.5211,22.7055,92.3077
TN345852,Batria,بطرية,TN3458,Jebeniana,Sfax,Centre East,35.0833182,10.99156239,26.94707081,5,5,4060,795,775,12,8,5,4060,795,720,92.9032,87.2258,44,5.6774,-87.2258,11,1.4194,-91.4839,775,saied,zammel,87.2258,19.5813,100.0000
TN345853,Baltech,بلتش,TN3458,Jebeniana,Sfax,Centre East,35.10882969,10.84195575,39.17787513,2,2,2293,578,557,7,14,2,2293,578,527,94.6140,90.8438,21,3.7702,-90.8438,9,1.6158,-92.9982,557,saied,zammel,90.8438,25.2072,100.0000
TN345854,Hazeg,حزق,TN3458,Jebeniana,Sfax,Centre East,35.03100836,10.95779793,21.98034678,7,7,7220,1819,1744,36,39,7,7220,1819,1529,87.6720,76.9495,187,10.7225,-76.9495,28,1.6055,-86.0665,1744,saied,zammel,76.9495,25.1939,100.0000
TN345855,El Kalelja,القلالجة,TN3458,Jebeniana,Sfax,Centre East,35.07443686,10.90906101,40.9104956,2,2,1551,350,334,3,13,2,1551,350,286,85.6287,72.1557,45,13.4731,-72.1557,3,0.8982,-84.7305,334,saied,zammel,72.1557,22.5661,100.0000
TN345856,El Ajengna,العجانقة,TN3458,Jebeniana,Sfax,Centre East,35.13467313,10.89366007,46.71682329,6,6,5838,1461,1411,12,36,6,5838,1461,1354,95.9603,92.9837,42,2.9766,-92.9837,15,1.0631,-94.8972,1411,saied,zammel,92.9837,25.0257,100.0000
TN345857,El Louza,اللوزة,TN3458,Jebeniana,Sfax,Centre East,35.03979305,11.00176623,14.97985482,3,3,3239,1205,1145,20,40,3,3239,1205,1070,93.4498,88.5590,56,4.8908,-88.5590,19,1.6594,-91.7904,1145,saied,zammel,88.5590,37.2028,100.0000
TN345858,El Houdh,الحوض,TN3458,Jebeniana,Sfax,Centre East,35.05787187,10.83050451,42.93524192,4,4,4108,922,881,6,35,4,4108,922,816,92.6220,87.0602,49,5.5619,-87.0602,16,1.8161,-90.8059,881,saied,zammel,87.0602,22.4440,100.0000
TN345951,El Amra,العامرة,TN3459,El Amra,Sfax,Centre East,34.97241159,10.89771253,20.48505895,7,7,6000,1546,1474,21,51,7,6000,1546,1307,88.6703,80.4613,121,8.2090,-80.4613,46,3.1208,-85.5495,1474,saied,zammel,80.4613,25.7667,100.0000
TN345952,Beliana,بليانة,TN3459,El Amra,Sfax,Centre East,34.99398967,10.93450093,16.33411581,5,5,4134,901,858,19,24,5,4134,901,707,82.4009,69.1142,114,13.2867,-69.1142,37,4.3124,-78.0886,858,saied,zammel,69.1142,21.7949,100.0000
TN345953,El Mesatria,المسائرية,TN3459,El Amra,Sfax,Centre East,35.00786569,10.88566809,20.39292785,4,4,4088,787,753,9,25,4,4088,787,639,84.8606,73.1740,88,11.6866,-73.1740,26,3.4529,-81.4077,753,saied,zammel,73.1740,19.2515,100.0000
TN345954,Es Salam,السلام,TN3459,El Amra,Sfax,Centre East,34.97257277,10.83421743,23.87702679,3,3,2920,1009,988,8,13,3,2920,1009,945,95.6478,92.8138,28,2.8340,-92.8138,15,1.5182,-94.1296,988,saied,zammel,92.8138,34.5548,100.0000
TN345955,Dherra Beni Ziad,ذراع بن زياد,TN3459,El Amra,Sfax,Centre East,34.91936844,10.88759098,49.5408086,4,4,3250,751,733,3,15,4,3250,751,631,86.0846,74.6248,84,11.4598,-74.6248,18,2.4557,-83.6289,733,saied,zammel,74.6248,23.1077,100.0000
TN345956,Bou Derbala,بودربالة,TN3459,El Amra,Sfax,Centre East,34.89195403,10.8593344,49.63197348,3,3,1424,749,715,14,20,2,1424,330,655,91.6084,86.1538,39,5.4545,-86.1538,21,2.9371,-88.6713,715,saied,zammel,86.1538,23.1742,66.6667
TN346051,El Hencha,الحنشة,TN3460,Hencha,Sfax,Centre East,35.12164156,10.76122759,105.90201987,12,12,12237,3969,3840,44,85,11,12237,3706,3637,94.7135,90.5208,161,4.1927,-90.5208,42,1.0938,-93.6198,3840,saied,zammel,90.5208,30.2852,91.6667
TN346052,En-Nasr,النصر,TN3460,Hencha,Sfax,Centre East,34.9661928,10.73878361,83.76429144,4,4,3780,1485,1444,12,29,4,3780,1485,1276,88.3657,77.5623,156,10.8033,-77.5623,12,0.8310,-87.5346,1444,saied,zammel,77.5623,39.2857,100.0000
TN346053,Sidi Hassen Belhaj,سيدي حسن بالحاج,TN3460,Hencha,Sfax,Centre East,35.20715104,10.7708183,94.51281843,5,5,4004,1244,1211,13,20,5,4004,1244,1179,97.3576,95.4583,23,1.8993,-95.4583,9,0.7432,-96.6144,1211,saied,zammel,95.4583,31.0689,100.0000
TN346054,Dokhane,دخان,TN3460,Hencha,Sfax,Centre East,35.00434698,10.80485359,34.19824619,3,3,1826,476,460,1,15,3,1826,476,434,94.3478,89.5652,22,4.7826,-89.5652,4,0.8696,-93.4783,460,saied,zammel,89.5652,26.0679,100.0000
TN346055,Bir Chaaba,بئر الشعبة,TN3460,Hencha,Sfax,Centre East,35.05258769,10.71505523,27.62831036,5,5,3737,1364,1319,7,38,5,3737,1364,1299,98.4837,97.5739,12,0.9098,-97.5739,8,0.6065,-97.8772,1319,saied,zammel,97.5739,36.4999,100.0000
TN346056,Merkez Mosbah,مركز مصباح,TN3460,Hencha,Sfax,Centre East,35.11213888,10.66702049,71.46826888,5,5,4575,1489,1446,11,32,5,4575,1489,1395,96.4730,94.1909,33,2.2822,-94.1909,18,1.2448,-95.2282,1446,saied,zammel,94.1909,32.5464,100.0000
TN346057,Bir Salah,بئر صالح,TN3460,Hencha,Sfax,Centre East,35.19493093,10.70005745,37.95471061,4,4,3865,944,913,10,21,4,3865,944,836,91.5663,84.8850,61,6.6813,-84.8850,16,1.7525,-89.8138,913,saied,zammel,84.8850,24.4243,100.0000
TN346058,El Hajjara,الحجارة,TN3460,Hencha,Sfax,Centre East,35.21145009,10.61946564,41.99721167,3,3,2462,707,692,2,13,3,2462,707,668,96.5318,94.5087,14,2.0231,-94.5087,10,1.4451,-95.0867,692,saied,zammel,94.5087,28.7165,100.0000
TN346059,Jouaouda,الجواودة,TN3460,Hencha,Sfax,Centre East,35.03314518,10.78372703,29.33779751,4,4,3073,853,839,5,9,4,3073,853,803,95.7092,92.9678,23,2.7414,-92.9678,13,1.5495,-94.1597,839,saied,zammel,92.9678,27.7579,100.0000
TN346151,Menzel Chaker,منزل شاكر,TN3461,Menzel Chaker,Sfax,Centre East,34.98431814,10.34191923,165.41728532,5,5,4997,1074,1023,12,39,5,4997,1074,950,92.8641,87.1945,58,5.6696,-87.1945,15,1.4663,-91.3978,1023,saied,zammel,87.1945,21.4929,100.0000
TN346152,Bou Jarboue,بوجوبوع,TN3461,Menzel Chaker,Sfax,Centre East,35.00953989,10.67743855,110.30849602,4,4,3045,1101,1073,8,20,4,3045,1101,987,91.9851,85.4613,70,6.5238,-85.4613,16,1.4911,-90.4939,1073,saied,zammel,85.4613,36.1576,100.0000
TN346153,Majel Edarj,ماجل الدرج,TN3461,Menzel Chaker,Sfax,Centre East,34.96175516,10.62986419,70.43201369,4,4,2600,1066,1007,11,48,4,2600,1066,954,94.7368,90.9633,38,3.7736,-90.9633,15,1.4896,-93.2473,1007,saied,zammel,90.9633,41.0000,100.0000
TN346154,Bir Mellouli,بئر الملولي,TN3461,Menzel Chaker,Sfax,Centre East,34.88507359,10.53307115,102.37280382,1,1,762,287,278,1,8,1,762,287,266,95.6835,92.8058,8,2.8777,-92.8058,4,1.4388,-94.2446,278,saied,zammel,92.8058,37.6640,100.0000
TN346155,Bechka,بشكة,TN3461,Menzel Chaker,Sfax,Centre East,34.91637918,10.38984756,146.71778666,2,2,1317,397,384,4,9,2,1317,397,369,96.0938,93.4896,5,1.3021,-94.7917,10,2.6042,-93.4896,384,saied,maghzaoui,93.4896,30.1443,100.0000
TN346156,Bou-Thadi,بوثدي,TN3461,Menzel Chaker,Sfax,Centre East,35.08739398,10.24380377,173.18953875,2,2,1434,428,418,4,6,2,1434,428,393,94.0191,89.9522,17,4.0670,-89.9522,8,1.9139,-92.1053,418,saied,zammel,89.9522,29.8466,100.0000
TN346157,El Bokaa El Bidha,البقعة البيضاء,TN3461,Menzel Chaker,Sfax,Centre East,34.9491823,10.55389784,123.37229218,3,3,1876,521,499,10,12,3,1876,521,471,94.3888,91.1824,16,3.2064,-91.1824,12,2.4048,-91.9840,499,saied,zammel,91.1824,27.7719,100.0000
TN346158,El Aouadhna,العوادنة,TN3461,Menzel Chaker,Sfax,Centre East,35.08973511,10.55323994,96.0354528,4,4,3002,827,795,9,23,4,3002,827,761,95.7233,93.0818,21,2.6415,-93.0818,13,1.6352,-94.0881,795,saied,zammel,93.0818,27.5483,100.0000
TN346159,Telil El Ajla,تليل العجلة,TN3461,Menzel Chaker,Sfax,Centre East,35.04847295,10.1391437,156.28652626,2,2,1555,449,435,4,10,2,1555,449,422,97.0115,94.4828,11,2.5287,-94.4828,2,0.4598,-96.5517,435,saied,zammel,94.4828,28.8746,100.0000
TN346160,El Achech,الأعشاش,TN3461,Menzel Chaker,Sfax,Centre East,35.17082322,10.59500958,63.55684835,5,5,3848,1460,1424,5,31,5,3848,1460,1362,95.6461,92.4860,45,3.1601,-92.4860,17,1.1938,-94.4522,1424,saied,zammel,92.4860,37.9418,100.0000
TN346161,El Hadj Kacem,الحاج قاسم,TN3461,Menzel Chaker,Sfax,Centre East,34.91114739,10.20939412,256.81860793,2,2,1294,617,596,4,17,2,1294,617,575,96.4765,93.9597,15,2.5168,-93.9597,6,1.0067,-95.4698,596,saied,zammel,93.9597,47.6816,100.0000
TN346162,Chaleb,شعلاب,TN3461,Menzel Chaker,Sfax,Centre East,35.05762196,10.39934465,171.77622496,5,5,2710,945,914,7,24,5,2710,945,867,94.8578,90.5908,39,4.2670,-90.5908,8,0.8753,-93.9825,914,saied,zammel,90.5908,34.8708,100.0000
TN346251,El Ghraiba,الغريبة,TN3462,El Ghraiba,Sfax,Centre East,34.55935434,10.25475548,111.29128345,4,4,3217,664,628,12,24,4,3217,664,586,93.3121,88.6943,29,4.6178,-88.6943,13,2.0701,-91.2420,628,saied,zammel,88.6943,20.6403,100.0000
TN346252,El Manar,المنار,TN3462,El Ghraiba,Sfax,Centre East,34.45573913,10.23395908,91.4995466,5,5,4637,1348,1297,17,34,5,4637,1348,1191,91.8273,85.2737,85,6.5536,-85.2737,21,1.6191,-90.2082,1297,saied,zammel,85.2737,29.0705,100.0000
TN346253,El Hchichina Sud,الحشيشينة الجنوبية,TN3462,El Ghraiba,Sfax,Centre East,34.43503154,10.16813566,115.17964339,3,3,2622,865,827,12,26,3,2622,865,769,92.9867,88.8755,34,4.1112,-88.8755,24,2.9021,-90.0846,827,saied,zammel,88.8755,32.9901,100.0000
TN346254,Hchichina Nord,الحشيشينة الشمالية,TN3462,El Ghraiba,Sfax,Centre East,34.54969755,10.14387274,80.86635788,2,2,1401,316,302,3,11,2,1401,316,277,91.7219,85.4305,19,6.2914,-85.4305,6,1.9868,-89.7351,302,saied,zammel,85.4305,22.5553,100.0000
TN346255,El Chaal,الشعال,TN3462,El Ghraiba,Sfax,Centre East,34.55881261,10.33350517,32.64371502,1,1,986,291,278,3,10,1,986,291,267,96.0432,93.5252,7,2.5180,-93.5252,4,1.4388,-94.6043,278,saied,zammel,93.5252,29.5132,100.0000
TN346351,Bir Ali Ben Khelifa,بئر علي بن خليفة,TN3463,Bir Ali Ben Khélifa,Sfax,Centre East,34.72730931,10.10133684,9.43935319,9,9,8469,1772,1726,21,25,9,8469,1772,1568,90.8459,83.7775,122,7.0684,-83.7775,36,2.0857,-88.7601,1726,saied,zammel,83.7775,20.9234,100.0000
TN346352,Sidi Dhaher,سيدي ظاهر,TN3463,Bir Ali Ben Khélifa,Sfax,Centre East,34.91906805,10.05597895,129.14469054,5,5,3315,859,823,7,29,5,3315,859,768,93.3171,89.0644,35,4.2527,-89.0644,20,2.4301,-90.8870,823,saied,zammel,89.0644,25.9125,100.0000
TN346353,Sidi Ali Belabed,سيدي علي بالعابد,TN3463,Bir Ali Ben Khélifa,Sfax,Centre East,34.78457868,10.17145586,133.2131544,5,5,3510,1189,1156,15,18,5,3510,1189,992,85.8131,73.7024,140,12.1107,-73.7024,24,2.0761,-83.7370,1156,saied,zammel,73.7024,33.8746,100.0000
TN346354,Bou Slim,بوسليم,TN3463,Bir Ali Ben Khélifa,Sfax,Centre East,34.74911979,10.25295137,140.37149661,2,2,961,304,295,1,8,2,961,304,286,96.9492,95.2542,5,1.6949,-95.2542,4,1.3559,-95.5932,295,saied,zammel,95.2542,31.6337,100.0000
TN346355,El Abraj,الأبراج,TN3463,Bir Ali Ben Khélifa,Sfax,Centre East,34.62271063,10.25964596,83.98557726,4,4,1668,516,492,6,18,4,1668,516,476,96.7480,94.5122,11,2.2358,-94.5122,5,1.0163,-95.7317,492,saied,zammel,94.5122,30.9353,100.0000
TN346356,Sdiret Sud,السديرات الجنوبية,TN3463,Bir Ali Ben Khélifa,Sfax,Centre East,34.5777256,10.10728105,71.47421698,2,2,1299,450,427,7,16,2,1299,450,388,90.8665,82.6698,35,8.1967,-82.6698,4,0.9368,-89.9297,427,saied,zammel,82.6698,34.6420,100.0000
TN346357,Sdiret Nord,السديرات الشمالية,TN3463,Bir Ali Ben Khélifa,Sfax,Centre East,34.67440206,10.17172407,91.06315203,6,6,4029,1062,1040,6,16,6,4029,1062,988,95.0000,91.8269,33,3.1731,-91.8269,19,1.8269,-93.1731,1040,saied,zammel,91.8269,26.3589,100.0000
TN346358,El Gandoul,القندول,TN3463,Bir Ali Ben Khélifa,Sfax,Centre East,34.65112313,10.03807697,74.2534715,6,6,4117,904,882,7,15,6,4117,904,850,96.3719,94.4444,17,1.9274,-94.4444,15,1.7007,-94.6712,882,saied,zammel,94.4444,21.9577,100.0000
TN346359,Oued Ech-Cheikh,وادي الشيخ,TN3463,Bir Ali Ben Khélifa,Sfax,Centre East,34.68353728,10.0807917,74.29691711,5,5,3299,738,714,9,15,5,3299,738,668,93.5574,89.6359,28,3.9216,-89.6359,18,2.5210,-91.0364,714,saied,zammel,89.6359,22.3704,100.0000
TN346360,Ouadrane Sud,ودران الجنوبية,TN3463,Bir Ali Ben Khélifa,Sfax,Centre East,34.59891006,9.9548014,136.56220578,7,7,3629,1032,987,12,33,7,3629,1032,954,96.6565,94.6302,20,2.0263,-94.6302,13,1.3171,-95.3394,987,saied,zammel,94.6302,28.4376,100.0000
TN346361,Ouadrane Nord,ودران الشمالية,TN3463,Bir Ali Ben Khélifa,Sfax,Centre East,34.71722776,9.96334562,88.50823392,6,6,3885,1010,991,8,11,6,3885,1010,952,96.0646,93.0373,30,3.0272,-93.0373,9,0.9082,-95.1564,991,saied,zammel,93.0373,25.9974,100.0000
TN346362,En-Nadhour,الناظور,TN3463,Bir Ali Ben Khélifa,Sfax,Centre East,34.8041599,10.02905038,175.75405681,9,9,5951,1883,1843,11,29,9,5951,1883,1782,96.6902,94.9539,32,1.7363,-94.9539,29,1.5735,-95.1167,1843,saied,zammel,94.9539,31.6417,100.0000
TN346451,Sbih,صبيح,TN3464,Skhira,Sfax,Centre East,34.27568852,9.90354226,53.38912548,3,3,1999,754,725,11,18,2,1999,307,659,90.8966,84.9655,43,5.9310,-84.9655,23,3.1724,-87.7241,725,saied,zammel,84.9655,15.3577,66.6667
TN346452,El Khadhra,الخضراء,TN3464,Skhira,Sfax,Centre East,34.23707663,9.87523783,148.70323769,6,6,3101,773,743,11,19,6,3101,773,646,86.9448,78.8694,60,8.0754,-78.8694,37,4.9798,-81.9650,743,saied,zammel,78.8694,24.9274,100.0000
TN346453,Naoual,نوال,TN3464,Skhira,Sfax,Centre East,34.37896287,9.92220958,168.97802347,5,5,1471,440,433,5,2,5,1471,440,411,94.9192,92.3788,11,2.5404,-92.3788,11,2.5404,-92.3788,433,saied,maghzaoui,92.3788,29.9116,100.0000
TN346454,Skhira,الصخيرة,TN3464,Skhira,Sfax,Centre East,34.28825722,10.03160496,201.05401453,14,14,10288,4190,4053,29,108,13,10288,3875,3436,84.7767,74.9075,400,9.8692,-74.9075,217,5.3541,-79.4226,4053,saied,zammel,74.9075,37.6652,92.8571
TN346455,El Kenitra,القنيطرة,TN3464,Skhira,Sfax,Centre East,34.27248606,9.9568396,68.07313391,5,5,3191,1303,1258,13,32,5,3191,1303,1114,88.5533,80.1272,106,8.4261,-80.1272,38,3.0207,-85.5326,1258,saied,zammel,80.1272,40.8336,100.0000
TN346456,Sidi Mohamed,سيدي محمد,TN3464,Skhira,Sfax,Centre East,34.44620709,10.0019153,126.66704077,6,6,3333,1425,1385,12,28,6,3333,1425,1290,93.1408,88.1588,69,4.9819,-88.1588,26,1.8773,-91.2635,1385,saied,zammel,88.1588,42.7543,100.0000
TN346457,El Hammada,الحمادة,TN3464,Skhira,Sfax,Centre East,34.42241459,10.10715498,142.44171459,4,4,2190,1001,967,6,28,3,1994,749,820,84.7983,73.2161,112,11.5822,-73.2161,35,3.6194,-81.1789,967,saied,zammel,73.2161,37.5627,75.0000
TN346551,Mahres,المحرس,TN3465,Mahres,Sfax,Centre East,34.54660517,10.51646568,24.61458731,11,11,11664,2834,2745,16,73,10,11664,2555,2582,94.0619,89.7632,118,4.2987,-89.7632,45,1.6393,-92.4226,2745,saied,zammel,89.7632,21.9050,90.9091
TN346552,Mahres Sud,المحرس الجنوبية,TN3465,Mahres,Sfax,Centre East,34.5675739,10.42286736,119.62353487,6,6,4051,2117,2020,24,73,5,4051,1565,1887,93.4158,89.6040,77,3.8119,-89.6040,56,2.7723,-90.6436,2020,saied,zammel,89.6040,38.6324,83.3333
TN346553,Chaffar,الشفار,TN3465,Mahres,Sfax,Centre East,34.57472344,10.55610463,62.24955068,8,8,7967,2527,2458,20,49,8,7967,2527,2371,96.4605,94.0195,60,2.4410,-94.0195,27,1.0985,-95.3621,2458,saied,zammel,94.0195,31.7183,100.0000
TN346554,Sidi Ghrib,سيدي غريب,TN3465,Mahres,Sfax,Centre East,34.50204795,10.37288197,73.61698647,3,3,2511,658,638,6,14,3,2511,658,601,94.2006,91.2226,18,2.8213,-91.3793,19,2.9781,-91.2226,638,saied,maghzaoui,91.2226,26.2047,100.0000
TN346555,Aithet Chelaia,عيثة الشلايا,TN3465,Mahres,Sfax,Centre East,34.61182617,10.48132212,86.41496514,3,3,1949,390,586,7,13,2,1006,390,570,97.2696,94.5392,16,2.7304,-94.5392,0,0.0000,-97.2696,586,saied,zammel,94.5392,38.7674,66.6667
TN346556,Es-Smara,السمارة,TN3465,Mahres,Sfax,Centre East,34.44930861,10.31418059,69.38748753,2,2,2078,781,752,5,24,2,2078,781,706,93.8830,89.6277,32,4.2553,-89.6277,14,1.8617,-92.0213,752,saied,zammel,89.6277,37.5842,100.0000
TN346651,El Ataya,العطايا,TN3466,Kerkennah,Sfax,Centre East,34.74032866,11.27987462,11.6210906,3,3,3184,571,541,10,20,3,3184,571,445,82.2551,68.0222,77,14.2329,-68.0222,19,3.5120,-78.7431,541,saied,zammel,68.0222,17.9334,100.0000
TN346652,El Ramla,الرملة,TN3466,Kerkennah,Sfax,Centre East,34.73151699,11.19536243,15.48638857,3,3,3361,1085,1050,10,25,3,3361,1085,971,92.4762,86.8571,59,5.6190,-86.8571,20,1.9048,-90.5714,1050,saied,zammel,86.8571,32.2821,100.0000
TN346653,Sidi Frej,سيدي فرج,TN3466,Kerkennah,Sfax,Centre East,34.69873837,11.15007138,9.21809501,1,1,695,303,292,5,6,1,695,303,265,90.7534,84.5890,18,6.1644,-84.5890,9,3.0822,-87.6712,292,saied,zammel,84.5890,43.5971,100.0000
TN346654,Melita,مليتة,TN3466,Kerkennah,Sfax,Centre East,34.643407,11.03777065,48.11527905,4,4,3481,724,706,7,11,4,3481,724,653,92.4929,87.9603,21,2.9745,-89.5184,32,4.5326,-87.9603,706,saied,maghzaoui,87.9603,20.7986,100.0000
TN346655,El Kalabine,الكلابين,TN3466,Kerkennah,Sfax,Centre East,34.72446113,11.23757569,13.34533775,1,1,541,243,232,1,10,1,541,243,224,96.5517,93.9655,6,2.5862,-93.9655,2,0.8621,-95.6897,232,saied,zammel,93.9655,44.9168,100.0000
TN346656,En-Najet,النجا ة,TN3466,Kerkennah,Sfax,Centre East,34.77939869,11.2504726,23.66458904,2,2,1053,419,399,7,13,2,1053,419,363,90.9774,84.9624,24,6.0150,-84.9624,12,3.0075,-87.9699,399,saied,zammel,84.9624,39.7911,100.0000
TN346657,El Chargui,الشرقي,TN3466,Kerkennah,Sfax,Centre East,34.75558802,11.24276726,10.24892716,1,1,600,236,225,3,8,1,600,236,215,95.5556,92.4444,7,3.1111,-92.4444,3,1.3333,-94.2222,225,saied,zammel,92.4444,39.3333,100.0000
TN346658,El Kantra,القنطرة,TN3466,Kerkennah,Sfax,Centre East,34.67458982,11.13684514,3.27340447,1,1,593,255,243,4,8,1,593,255,235,96.7078,94.2387,6,2.4691,-94.2387,2,0.8230,-95.8848,243,saied,zammel,94.2387,43.0017,100.0000
TN346659,El Kraten,القراطن,TN3466,Kerkennah,Sfax,Centre East,34.81453556,11.25835733,9.45831982,1,1,1158,437,421,1,15,1,1158,437,403,95.7245,92.8741,6,1.4252,-94.2993,12,2.8504,-92.8741,421,saied,maghzaoui,92.8741,37.7375,100.0000
TN346660,Ouled Kacem,أولاد قاسم,TN3466,Kerkennah,Sfax,Centre East,34.70650279,11.17939642,7.73498389,1,1,1076,401,393,3,5,1,1076,401,365,92.8753,86.7684,24,6.1069,-86.7684,4,1.0178,-91.8575,393,saied,zammel,86.7684,37.2677,100.0000
TN415151,Al Ansar,الأنصار,TN4151,Kairouan Nord,Kairouan,Centre West,35.67560255,10.09912085,0.11040208,1,1,561,162,157,3,2,1,561,162,143,91.0828,84.7134,10,6.3694,-84.7134,4,2.5478,-88.5350,157,saied,zammel,84.7134,28.8770,100.0000
TN415152,El Jemaa Nord,الجامع الشمالية,TN4151,Kairouan Nord,Kairouan,Centre West,35.6872698,10.10952851,1.46735725,1,1,1091,302,292,0,10,1,1091,302,258,88.3562,77.3973,32,10.9589,-77.3973,2,0.6849,-87.6712,292,saied,zammel,77.3973,27.6810,100.0000
TN415153,El Jemaa Sud,الجامع الجنوبية,TN4151,Kairouan Nord,Kairouan,Centre West,35.68011139,10.10952414,1.17133,2,1,1189,427,404,5,18,1,1189,427,333,82.4257,67.0792,62,15.3465,-67.0792,9,2.2277,-80.1980,404,saied,zammel,67.0792,35.9125,50.0000
TN415154,Kebilia Nord,القبلية الشمالية,TN4151,Kairouan Nord,Kairouan,Centre West,35.67152419,10.09491789,0.78141117,2,2,1896,384,364,9,11,2,1896,384,318,87.3626,76.0989,41,11.2637,-76.0989,5,1.3736,-85.9890,364,saied,zammel,76.0989,20.2532,100.0000
TN415155,Jeblia Nord,الجبلية الشمالية,TN4151,Kairouan Nord,Kairouan,Centre West,35.69123598,10.08796351,5.08792386,8,8,8364,2143,2070,27,46,8,8364,2143,1864,90.0483,81.1594,184,8.8889,-81.1594,22,1.0628,-88.9855,2070,saied,zammel,81.1594,25.6217,100.0000
TN415156,Jeblia Sud,الجبلية الجنوبية,TN4151,Kairouan Nord,Kairouan,Centre West,35.67545129,10.09146799,0.34878297,1,1,585,148,147,0,1,1,585,148,134,91.1565,82.3129,13,8.8435,-82.3129,0,0.0000,-91.1565,147,saied,zammel,82.3129,25.2991,100.0000
TN415157,El Menchia,المنشية,TN4151,Kairouan Nord,Kairouan,Centre West,35.67982254,10.07826388,1.17321529,3,3,3409,766,740,7,19,3,3409,766,709,95.8108,92.2973,26,3.5135,-92.2973,5,0.6757,-95.1351,740,saied,zammel,92.2973,22.4699,100.0000
TN415158,Al Aghalba,الأغالبة,TN4151,Kairouan Nord,Kairouan,Centre West,35.67318798,10.07978996,1.18207847,3,3,3119,871,834,10,27,3,3119,871,753,90.2878,81.1751,76,9.1127,-81.1751,5,0.5995,-89.6882,834,saied,zammel,81.1751,27.9256,100.0000
TN415159,Elbaten,الباطن,TN4151,Kairouan Nord,Kairouan,Centre West,35.74306749,10.02909985,110.09334409,2,2,1855,461,447,4,10,2,1855,461,425,95.0783,91.2752,17,3.8031,-91.2752,5,1.1186,-93.9597,447,saied,zammel,91.2752,24.8518,100.0000
TN415160,Dheraa Ettammar,ذراع التمار,TN4151,Kairouan Nord,Kairouan,Centre West,35.74495835,10.10111553,53.99908015,2,2,988,326,322,1,3,2,988,326,315,97.8261,96.2733,5,1.5528,-96.2733,2,0.6211,-97.2050,322,saied,zammel,96.2733,32.9960,100.0000
TN415161,Metbasta,المتبسطة,TN4151,Kairouan Nord,Kairouan,Centre West,35.77833972,10.16209645,30.46306809,1,1,975,190,185,1,4,1,975,190,184,99.4595,98.9189,0,0.0000,-99.4595,1,0.5405,-98.9189,185,saied,maghzaoui,98.9189,19.4872,100.0000
TN415162,El Ghabet,الغابات,TN4151,Kairouan Nord,Kairouan,Centre West,35.72143128,10.18003971,44.98051139,3,3,1911,384,369,4,11,2,1911,262,365,98.9160,98.1030,3,0.8130,-98.1030,1,0.2710,-98.6450,369,saied,zammel,98.1030,13.7101,66.6667
TN415251,Elmansoura Nord,المنصورة الشمالية,TN4152,Kairouan Sud,Kairouan,Centre West,35.66028619,10.0820453,2.63845551,3,3,3494,911,883,11,17,3,3494,911,801,90.7135,82.7860,70,7.9275,-82.7860,12,1.3590,-89.3545,883,saied,zammel,82.7860,26.0733,100.0000
TN415252,Elmansoura Sud,المنصورة الجنوبية,TN4152,Kairouan Sud,Kairouan,Centre West,35.65501841,10.09244925,2.05802788,4,4,4708,1220,1172,15,33,4,4708,1220,1023,87.2867,76.3652,128,10.9215,-76.3652,21,1.7918,-85.4949,1172,saied,zammel,76.3652,25.9133,100.0000
TN415253,Keblia Sud,القبلية الجنوبية,TN4152,Kairouan Sud,Kairouan,Centre West,35.65880576,10.10220115,2.73566765,3,3,3201,703,667,10,26,3,3201,703,566,84.8576,71.2144,91,13.6432,-71.2144,10,1.4993,-83.3583,667,saied,zammel,71.2144,21.9619,100.0000
TN415254,Merguellil,مرق الليل,TN4152,Kairouan Sud,Kairouan,Centre West,35.64759886,10.02294873,46.89189068,1,1,721,191,184,4,3,1,721,191,175,95.1087,92.3913,5,2.7174,-92.3913,4,2.1739,-92.9348,184,saied,zammel,92.3913,26.4910,100.0000
TN415255,Rakada,رقادة,TN4152,Kairouan Sud,Kairouan,Centre West,35.61793004,10.06423496,28.94087134,1,1,1074,233,228,0,5,1,1074,233,221,96.9298,94.2982,6,2.6316,-94.2982,1,0.4386,-96.4912,228,saied,zammel,94.2982,21.6946,100.0000
TN415256,Zroud,زرود,TN4152,Kairouan Sud,Kairouan,Centre West,35.65876069,10.15456197,57.74391608,2,2,787,314,301,4,9,1,787,120,294,97.6744,95.6811,6,1.9934,-95.6811,1,0.3322,-97.3422,301,saied,zammel,95.6811,15.2478,50.0000
TN415257,Ettaen,التبان,TN4152,Kairouan Sud,Kairouan,Centre West,35.65991099,10.11480612,4.25266795,2,2,2297,676,640,6,30,2,2297,676,609,95.1562,90.4688,30,4.6875,-90.4688,1,0.1562,-95.0000,640,saied,zammel,90.4688,29.4297,100.0000
TN415258,Ouled Nhar,أولاد نهار,TN4152,Kairouan Sud,Kairouan,Centre West,35.64455865,10.22402026,50.73224551,2,2,1944,261,251,0,10,2,1944,261,243,96.8127,94.8207,5,1.9920,-94.8207,3,1.1952,-95.6175,251,saied,zammel,94.8207,13.4259,100.0000
TN415259,Khazazia,الخزازية,TN4152,Kairouan Sud,Kairouan,Centre West,35.61300257,10.22771105,42.92993675,4,4,3717,977,933,12,32,4,3717,977,913,97.8564,96.0343,17,1.8221,-96.0343,3,0.3215,-97.5348,933,saied,zammel,96.0343,26.2846,100.0000
TN415260,El Makhsouma,المخصومة,TN4152,Kairouan Sud,Kairouan,Centre West,35.57282797,10.20622613,42.41847244,2,2,2526,742,720,8,14,2,2526,742,688,95.5556,92.2222,24,3.3333,-92.2222,8,1.1111,-94.4444,720,saied,zammel,92.2222,29.3745,100.0000
TN415261,El Nebech,النبش,TN4152,Kairouan Sud,Kairouan,Centre West,35.51059722,10.20775141,44.64301166,2,2,665,339,330,1,8,1,665,86,329,99.6970,99.3939,0,0.0000,-99.6970,1,0.3030,-99.3939,330,saied,maghzaoui,99.3939,12.9323,50.0000
TN415262,Zaafrana,زعفرانة,TN4152,Kairouan Sud,Kairouan,Centre West,35.55502658,10.09736677,113.57344143,3,3,3148,749,722,10,17,3,3148,749,700,96.9529,94.4598,18,2.4931,-94.4598,4,0.5540,-96.3989,722,saied,zammel,94.4598,23.7929,100.0000
TN415263,El Khadra,الخضراء,TN4152,Kairouan Sud,Kairouan,Centre West,35.47911197,9.96718598,22.51419129,2,2,1643,364,351,2,11,2,1643,364,342,97.4359,95.4416,7,1.9943,-95.4416,2,0.5698,-96.8661,351,saied,zammel,95.4416,22.1546,100.0000
TN415264,El Hammam,الحمام,TN4152,Kairouan Sud,Kairouan,Centre West,35.51114991,9.98666476,37.13135108,4,4,3227,786,766,4,16,4,3227,786,747,97.5196,95.6919,14,1.8277,-95.6919,5,0.6527,-96.8668,766,saied,zammel,95.6919,24.3570,100.0000
TN415265,Beriket El Argoub,بريكات العرقوب,TN4152,Kairouan Sud,Kairouan,Centre West,35.47048135,9.91210242,19.82373056,2,2,1855,459,438,11,10,2,1855,459,430,98.1735,97.0320,3,0.6849,-97.4886,5,1.1416,-97.0320,438,saied,maghzaoui,97.0320,24.7439,100.0000
TN415351,Echbika,الشبيكة,TN4153,Chebika,Kairouan,Centre West,35.62494939,9.90639061,85.40802297,4,4,3340,1227,1195,6,26,4,3340,1227,1150,96.2343,92.9707,39,3.2636,-92.9707,6,0.5021,-95.7322,1195,saied,zammel,92.9707,36.7365,100.0000
TN415352,Jaouaouda,الجواودة,TN4153,Chebika,Kairouan,Centre West,35.68858162,9.91270628,64.904096,4,4,2715,683,657,9,17,4,2715,683,628,95.5860,92.8463,18,2.7397,-92.8463,11,1.6743,-93.9117,657,saied,zammel,92.8463,25.1565,100.0000
TN415353,El Aouamria,العوامرية,TN4153,Chebika,Kairouan,Centre West,35.67431906,9.98486254,25.76755821,2,2,1414,452,422,1,29,2,1414,452,411,97.3934,95.7346,7,1.6588,-95.7346,4,0.9479,-96.4455,422,saied,zammel,95.7346,31.9661,100.0000
TN415354,Errouisset,الرويسات,TN4153,Chebika,Kairouan,Centre West,35.7672213,9.9106064,119.43273616,3,3,2070,412,401,3,8,3,2070,412,386,96.2594,93.7656,5,1.2469,-95.0125,10,2.4938,-93.7656,401,saied,maghzaoui,93.7656,19.9034,100.0000
TN415355,Abida,عبيدة,TN4153,Chebika,Kairouan,Centre West,35.57402616,10.00199148,73.14960451,4,4,2430,790,765,5,20,3,2430,486,740,96.7320,93.7255,23,3.0065,-93.7255,2,0.2614,-96.4706,765,saied,zammel,93.7255,20.0000,75.0000
TN415356,Sidi Ali Ben Salem,سيدي علي بن سالم,TN4153,Chebika,Kairouan,Centre West,35.57761477,9.89499838,30.31847384,4,4,1716,885,878,3,4,3,1716,834,861,98.0638,96.3554,15,1.7084,-96.3554,2,0.2278,-97.8360,878,saied,zammel,96.3554,48.6014,75.0000
TN415357,Hammed,هماد,TN4153,Chebika,Kairouan,Centre West,35.52716641,9.90205412,44.80011678,2,2,2315,706,663,9,34,2,2315,706,648,97.7376,96.3801,9,1.3575,-96.3801,6,0.9050,-96.8326,663,saied,zammel,96.3801,30.4968,100.0000
TN415358,El Karma,الكرمة,TN4153,Chebika,Kairouan,Centre West,35.54237668,9.82048972,68.84896462,3,3,2285,989,947,5,37,3,2285,989,919,97.0433,95.2482,11,1.1616,-95.8817,17,1.7951,-95.2482,947,saied,maghzaoui,95.2482,43.2823,100.0000
TN415451,Sbikha Centre,السبيخة المركز,TN4154,Sbikha,Kairouan,Centre West,35.95113469,10.01868644,24.4523846,4,4,4509,1386,1342,21,23,4,4509,1386,1277,95.1565,91.3562,51,3.8003,-91.3562,14,1.0432,-94.1133,1342,saied,zammel,91.3562,30.7385,100.0000
TN415452,Ain Bou Morra,عين بومرة,TN4154,Sbikha,Kairouan,Centre West,35.96766339,9.93618321,32.23685993,2,2,1101,446,441,1,4,2,1101,446,435,98.6395,97.9592,3,0.6803,-97.9592,3,0.6803,-97.9592,441,saied,maghzaoui,97.9592,40.5086,100.0000
TN415453,El Friouet,الفريوات,TN4154,Sbikha,Kairouan,Centre West,35.99204137,9.98002858,53.13564472,2,2,1892,641,619,2,20,2,1892,641,606,97.8998,96.2843,10,1.6155,-96.2843,3,0.4847,-97.4152,619,saied,zammel,96.2843,33.8795,100.0000
TN415454,Sidi Messaoud,سيدي مسعود,TN4154,Sbikha,Kairouan,Centre West,36.01035646,9.88178685,116.15059135,3,3,3020,604,552,10,42,3,3020,604,540,97.8261,96.5580,7,1.2681,-96.5580,5,0.9058,-96.9203,552,saied,zammel,96.5580,20.0000,100.0000
TN415455,Ed-Dekhila,الدخيلة,TN4154,Sbikha,Kairouan,Centre West,35.85473304,9.99092315,91.68858329,4,4,3647,1096,1069,14,13,4,3647,1096,1058,98.9710,98.3162,7,0.6548,-98.3162,4,0.3742,-98.5968,1069,saied,zammel,98.3162,30.0521,100.0000
TN415456,Ed-Dheriaat,الدريعات,TN4154,Sbikha,Kairouan,Centre West,35.96685243,10.12809702,106.95484425,5,5,4220,858,837,4,17,5,4220,858,822,98.2079,96.8937,11,1.3142,-96.8937,4,0.4779,-97.7300,837,saied,zammel,96.8937,20.3318,100.0000
TN415457,El Gfi,القفى,TN4154,Sbikha,Kairouan,Centre West,36.08672967,10.1769227,64.75234034,4,4,2201,470,546,2,10,3,2201,470,533,97.6190,96.3370,7,1.2821,-96.3370,6,1.0989,-96.5201,546,saied,zammel,96.3370,21.3539,75.0000
TN415458,El Alam,العلم,TN4154,Sbikha,Kairouan,Centre West,35.86837382,10.09689929,144.08618173,2,2,1905,784,760,8,16,2,1905,784,727,95.6579,91.8421,29,3.8158,-91.8421,4,0.5263,-95.1316,760,saied,zammel,91.8421,41.1549,100.0000
TN415459,El Katifa,القطيفة,TN4154,Sbikha,Kairouan,Centre West,35.91967381,10.12548586,57.29610437,1,1,667,164,161,0,3,1,667,164,157,97.5155,95.0311,0,0.0000,-97.5155,4,2.4845,-95.0311,161,saied,maghzaoui,95.0311,24.5877,100.0000
TN415460,El Aouitha,العويثة,TN4154,Sbikha,Kairouan,Centre West,36.0046823,10.2289253,52.99224745,3,3,2462,893,865,7,21,3,2462,893,829,95.8382,92.2543,31,3.5838,-92.2543,5,0.5780,-95.2601,865,saied,zammel,92.2543,36.2713,100.0000
TN415461,Sisseb,سيسب,TN4154,Sbikha,Kairouan,Centre West,35.98895217,10.18101396,53.61346173,1,1,1183,183,182,1,0,1,1183,183,178,97.8022,95.6044,4,2.1978,-95.6044,0,0.0000,-97.8022,182,saied,zammel,95.6044,15.4691,100.0000
TN415462,Ech-Chorfa,الشرفة,TN4154,Sbikha,Kairouan,Centre West,35.83624151,9.89733411,85.44296336,2,2,1142,275,274,0,1,2,1142,275,264,96.3504,94.5255,5,1.8248,-94.5255,5,1.8248,-94.5255,274,saied,maghzaoui,94.5255,24.0806,100.0000
TN415463,Chogafia,الشقافية,TN4154,Sbikha,Kairouan,Centre West,35.90374039,9.85132444,90.40376683,3,3,2850,628,590,5,33,3,2850,628,575,97.4576,96.1017,8,1.3559,-96.1017,7,1.1864,-96.2712,590,saied,zammel,96.1017,22.0351,100.0000
TN415464,Serdiania,سرديانة,TN4154,Sbikha,Kairouan,Centre West,35.92920393,9.95194066,51.61973354,2,2,1605,569,553,11,5,2,1605,569,520,94.0325,89.5118,25,4.5208,-89.5118,8,1.4467,-92.5859,553,saied,zammel,89.5118,35.4517,100.0000
TN415465,Oued El Khraouia,واد الخريوع,TN4154,Sbikha,Kairouan,Centre West,36.06225644,10.09158269,33.39135138,1,1,920,345,319,6,20,1,920,345,304,95.2978,91.5361,12,3.7618,-91.5361,3,0.9404,-94.3574,319,saied,zammel,91.5361,37.5000,100.0000
TN415551,Maarouf,معروف,TN4155,Oueslatia,Kairouan,Centre West,36.00571178,9.7000147,103.99027457,3,3,1625,374,356,3,15,3,1625,374,345,96.9101,94.1011,10,2.8090,-94.1011,1,0.2809,-96.6292,356,saied,zammel,94.1011,23.0154,100.0000
TN415552,El Ooueslatia Est,الوسلاتية الشرقية,TN4155,Oueslatia,Kairouan,Centre West,35.85330899,9.60666079,11.26581329,2,2,1647,730,699,2,29,2,1647,730,656,93.8484,88.6981,36,5.1502,-88.6981,7,1.0014,-92.8469,699,saied,zammel,88.6981,44.3230,100.0000
TN415553,El Ooueslatia Ouest,الوسلاتية الغربية,TN4155,Oueslatia,Kairouan,Centre West,35.84962984,9.58655846,0.69484393,3,3,3117,882,846,10,26,3,3117,882,811,95.8629,92.5532,28,3.3097,-92.5532,7,0.8274,-95.0355,846,saied,zammel,92.5532,28.2964,100.0000
TN415554,El Menzel,المنزل,TN4155,Oueslatia,Kairouan,Centre West,35.75907626,9.56063116,103.9240962,3,3,1184,453,434,1,18,3,1184,453,414,95.3917,91.0138,19,4.3779,-91.0138,1,0.2304,-95.1613,434,saied,zammel,91.0138,38.2601,100.0000
TN415555,Djebel Essarj,جبل السرج,TN4155,Oueslatia,Kairouan,Centre West,35.93414173,9.6019042,91.76211097,3,3,2109,649,623,5,21,3,2109,649,609,97.7528,96.3082,9,1.4446,-96.3082,5,0.8026,-96.9502,623,saied,zammel,96.3082,30.7729,100.0000
TN415556,Zaghdoud,زغدود,TN4155,Oueslatia,Kairouan,Centre West,35.91390074,9.717356,176.327437,3,3,1134,294,564,6,23,2,1134,294,539,95.5674,91.8440,21,3.7234,-91.8440,4,0.7092,-94.8582,564,saied,zammel,91.8440,25.9259,66.6667
TN415557,Djebel Oouestat,جبل وسلات,TN4155,Oueslatia,Kairouan,Centre West,35.78525592,9.73041837,100.43702174,3,3,1745,641,613,7,21,3,1745,641,602,98.2055,96.9005,8,1.3051,-96.9005,3,0.4894,-97.7162,613,saied,zammel,96.9005,36.7335,100.0000
TN415558,Djebel Erreihane,جبل الريحان,TN4155,Oueslatia,Kairouan,Centre West,35.79749709,9.65771264,71.93886437,4,4,1110,471,443,6,22,3,1110,329,431,97.2912,95.0339,10,2.2573,-95.0339,2,0.4515,-96.8397,443,saied,zammel,95.0339,29.6396,75.0000
TN415559,Ain Djeloula,عين جلولة,TN4155,Oueslatia,Kairouan,Centre West,35.79865818,9.80281336,95.29567824,5,5,4369,1640,1568,11,61,5,4369,1640,1511,96.3648,94.0051,37,2.3597,-94.0051,20,1.2755,-95.0893,1568,saied,zammel,94.0051,37.5372,100.0000
TN415560,Oued El Ksab,وادي القصب,TN4155,Oueslatia,Kairouan,Centre West,36.05818669,9.76979175,81.78637888,1,1,821,202,196,0,6,1,821,202,191,97.4490,94.8980,5,2.5510,-94.8980,0,0.0000,-97.4490,196,saied,zammel,94.8980,24.6041,100.0000
TN415561,El Behair,البحاير,TN4155,Oueslatia,Kairouan,Centre West,35.85590626,9.55120682,75.04159156,4,4,1982,649,635,2,12,4,1982,649,620,97.6378,95.9055,11,1.7323,-95.9055,4,0.6299,-97.0079,635,saied,zammel,95.9055,32.7447,100.0000
TN415651,Hafouz Centre,حفوز المركز,TN4156,Haffouz,Kairouan,Centre West,35.6344636,9.68558555,27.09101846,3,3,2429,785,753,10,22,3,2429,785,679,90.1726,80.8765,70,9.2961,-80.8765,4,0.5312,-89.6414,753,saied,zammel,80.8765,32.3178,100.0000
TN415652,Khit El Oued,خيط الوادي,TN4156,Haffouz,Kairouan,Centre West,35.7176511,9.63027093,103.70265588,6,6,4993,1540,1485,17,38,6,4993,1540,1439,96.9024,94.2761,39,2.6263,-94.2761,7,0.4714,-96.4310,1485,saied,zammel,94.2761,30.8432,100.0000
TN415653,Oued El Jabbes,وادي الجباس,TN4156,Haffouz,Kairouan,Centre West,35.62976439,9.64672435,57.05931861,3,3,1909,438,692,5,27,2,1370,438,681,98.4104,97.2543,8,1.1561,-97.2543,3,0.4335,-97.9769,692,saied,zammel,97.2543,31.9708,66.6667
TN415654,El Ain El Beidha,العين البيضاء,TN4156,Haffouz,Kairouan,Centre West,35.49918958,9.71214232,74.97803034,4,4,3316,1466,1392,25,49,4,3316,1466,1375,98.7787,97.9167,12,0.8621,-97.9167,5,0.3592,-98.4195,1392,saied,zammel,97.9167,44.2099,100.0000
TN415655,El Houfia,الحوفية,TN4156,Haffouz,Kairouan,Centre West,35.62163061,9.76724213,95.05968624,3,3,2332,594,564,7,23,3,2332,594,547,96.9858,94.6809,13,2.3050,-94.6809,4,0.7092,-96.2766,564,saied,zammel,94.6809,25.4717,100.0000
TN415656,Cherichira,الشريشيرة,TN4156,Haffouz,Kairouan,Centre West,35.69011632,9.78006605,120.59660314,2,2,1666,517,498,5,14,2,1666,517,476,95.5823,92.1687,17,3.4137,-92.1687,5,1.0040,-94.5783,498,saied,zammel,92.1687,31.0324,100.0000
TN415657,Traza Sud,طرزة الجنوبية,TN4156,Haffouz,Kairouan,Centre West,35.53806195,9.63332214,77.55091793,3,3,1260,624,605,4,15,2,1260,412,600,99.1736,98.5124,4,0.6612,-98.5124,1,0.1653,-99.0083,605,saied,zammel,98.5124,32.6984,66.6667
TN415658,Ouled Khalfallah,أولاد خلف الله,TN4156,Haffouz,Kairouan,Centre West,35.51668697,9.78323236,55.27069149,2,2,1353,670,618,8,44,2,1353,670,608,98.3819,97.5728,5,0.8091,-97.5728,5,0.8091,-97.5728,618,saied,maghzaoui,97.5728,49.5196,100.0000
TN415751,El Alaa,العلا,TN4157,Alaa,Kairouan,Centre West,35.62522866,9.59111209,23.68475993,5,5,3798,1174,1135,9,30,5,3798,1174,1107,97.5330,95.7709,20,1.7621,-95.7709,8,0.7048,-96.8282,1135,saied,zammel,95.7709,30.9110,100.0000
TN415752,El Messaid,المساعيد,TN4157,Alaa,Kairouan,Centre West,35.70882097,9.49091816,49.33618098,4,4,2726,866,821,7,38,4,2726,866,796,96.9549,95.2497,11,1.3398,-95.6151,14,1.7052,-95.2497,821,saied,maghzaoui,95.2497,31.7682,100.0000
TN415753,El Guettar,القطار,TN4157,Alaa,Kairouan,Centre West,35.61953852,9.52111591,19.38341412,3,3,2299,818,769,20,29,3,2299,818,754,98.0494,97.0091,7,0.9103,-97.1391,8,1.0403,-97.0091,769,saied,maghzaoui,97.0091,35.5807,100.0000
TN415754,Messiouta El Hanachir,مسيوتة الهناشير,TN4157,Alaa,Kairouan,Centre West,35.66415449,9.42530323,33.76743308,4,4,1191,890,834,6,50,3,1191,554,817,97.9616,96.6427,11,1.3189,-96.6427,6,0.7194,-97.2422,834,saied,zammel,96.6427,46.5155,75.0000
TN415755,Messiouta Ennaguaz,مسيوتة النقاز,TN4157,Alaa,Kairouan,Centre West,35.63498167,9.47578095,43.07562852,3,3,1916,621,590,6,25,2,1916,469,574,97.2881,95.2542,12,2.0339,-95.2542,4,0.6780,-96.6102,590,saied,zammel,95.2542,24.4781,66.6667
TN415756,Sayada Nord,صيادة الشمالية,TN4157,Alaa,Kairouan,Centre West,35.67304144,9.34292666,60.0069994,4,4,1719,480,450,9,21,4,1719,480,428,95.1111,91.7778,15,3.3333,-91.7778,7,1.5556,-93.5556,450,saied,zammel,91.7778,27.9232,100.0000
TN415757,Sayada Sud,صيادة الجنوبية,TN4157,Alaa,Kairouan,Centre West,35.61900096,9.39210689,52.8433722,3,3,1672,351,322,9,20,3,1672,351,312,96.8944,95.0311,6,1.8634,-95.0311,4,1.2422,-95.6522,322,saied,zammel,95.0311,20.9928,100.0000
TN415758,Ouled Amor,أولاد عمر,TN4157,Alaa,Kairouan,Centre West,35.67052917,9.52185493,25.32856374,3,3,1938,727,687,12,28,3,1938,727,657,95.6332,92.7220,20,2.9112,-92.7220,10,1.4556,-94.1776,687,saied,zammel,92.7220,37.5129,100.0000
TN415759,Tarza Nord,طرزة الشمالية,TN4157,Alaa,Kairouan,Centre West,35.56506983,9.57493169,53.86761954,2,2,2370,673,641,14,18,2,2370,673,635,99.0640,98.4399,4,0.6240,-98.4399,2,0.3120,-98.7520,641,saied,zammel,98.4399,28.3966,100.0000
TN415851,El Hajeb Centre,الحاجب المركز,TN4158,Hajeb El Ayoun,Kairouan,Centre West,35.39810434,9.53538783,14.17267259,11,11,9919,3264,3118,46,100,11,9919,3264,2975,95.4137,92.4952,91,2.9185,-92.4952,52,1.6677,-93.7460,3118,saied,zammel,92.4952,32.9065,100.0000
TN415852,Ahouaz El Hajeb,أحواز الحاجب,TN4158,Hajeb El Ayoun,Kairouan,Centre West,35.3487982,9.52804883,46.04863832,3,3,1652,486,478,4,4,3,1652,486,470,98.3264,97.0711,6,1.2552,-97.0711,2,0.4184,-97.9079,478,saied,zammel,97.0711,29.4189,100.0000
TN415853,Chaouachi,الشواشي,TN4158,Hajeb El Ayoun,Kairouan,Centre West,35.53212814,9.52328962,87.59166212,4,4,2779,644,599,16,29,4,2779,644,591,98.6644,97.8297,3,0.5008,-98.1636,5,0.8347,-97.8297,599,saied,maghzaoui,97.8297,23.1738,100.0000
TN415854,Esserja,السرجة,TN4158,Hajeb El Ayoun,Kairouan,Centre West,35.53854269,9.45615038,50.901799,4,4,2979,1095,1015,23,57,4,2979,1095,988,97.3399,95.9606,14,1.3793,-95.9606,13,1.2808,-96.0591,1015,saied,zammel,95.9606,36.7573,100.0000
TN415855,El Kantra,القنطرة,TN4158,Hajeb El Ayoun,Kairouan,Centre West,35.44792536,9.51207126,39.15634266,2,2,1697,540,522,2,16,2,1697,540,517,99.0421,98.4674,3,0.5747,-98.4674,2,0.3831,-98.6590,522,saied,zammel,98.4674,31.8209,100.0000
TN415856,El Hadaya,الهدايا,TN4158,Hajeb El Ayoun,Kairouan,Centre West,35.42780072,9.63872747,106.49882484,3,3,2456,862,825,18,19,3,2456,862,784,95.0303,91.6364,28,3.3939,-91.6364,13,1.5758,-93.4545,825,saied,zammel,91.6364,35.0977,100.0000
TN415857,El Ghouiba,الغويبة,TN4158,Hajeb El Ayoun,Kairouan,Centre West,35.37181898,9.57932285,37.42011322,4,4,3083,1347,1304,5,38,4,3083,1347,1274,97.6994,96.5491,15,1.1503,-96.5491,15,1.1503,-96.5491,1304,saied,maghzaoui,96.5491,43.6912,100.0000
TN415858,Oued El Hajel,وادي الحجل,TN4158,Hajeb El Ayoun,Kairouan,Centre West,35.31385728,9.63448364,148.8863949,5,5,3023,1069,1027,11,31,5,3023,1069,1002,97.5657,95.8130,18,1.7527,-95.8130,7,0.6816,-96.8841,1027,saied,zammel,95.8130,35.3622,100.0000
TN415859,Errehima,الرحيمة,TN4158,Hajeb El Ayoun,Kairouan,Centre West,35.47563193,9.62944115,52.26169122,3,3,1358,711,666,1,44,2,1358,482,646,96.9970,94.8949,14,2.1021,-94.8949,6,0.9009,-96.0961,666,saied,zammel,94.8949,35.4934,66.6667
TN415951,Nasrallah Centre,نصر اللّه المركز,TN4159,Nasrallah,Kairouan,Centre West,35.36204447,9.82984528,25.48104195,3,3,3371,1028,995,8,25,3,3371,1028,959,96.3819,94.0704,23,2.3116,-94.0704,13,1.3065,-95.0754,995,saied,zammel,94.0704,30.4954,100.0000
TN415952,Nasrallah Banlieue,نصر الله الأحواز,TN4159,Nasrallah,Kairouan,Centre West,35.26647424,9.86676183,133.74358491,6,6,4391,1316,1279,12,25,6,4391,1316,1255,98.1235,96.7162,18,1.4073,-96.7162,6,0.4691,-97.6544,1279,saied,zammel,96.7162,29.9704,100.0000
TN415953,El Hmidet,الحميدات,TN4159,Nasrallah,Kairouan,Centre West,35.48304781,9.85415472,34.95472717,3,3,2158,913,892,5,16,3,2158,913,879,98.5426,97.5336,9,1.0090,-97.5336,4,0.4484,-98.0942,892,saied,zammel,97.5336,42.3077,100.0000
TN415954,El Fejij,الفجيج,TN4159,Nasrallah,Kairouan,Centre West,35.40193846,9.84276667,114.21311499,7,7,4573,1538,1485,11,42,7,4573,1538,1419,95.5556,92.5926,44,2.9630,-92.5926,22,1.4815,-94.0741,1485,saied,zammel,92.5926,33.6322,100.0000
TN415955,Ettouila,الطويلة,TN4159,Nasrallah,Kairouan,Centre West,35.39966542,9.74009702,113.51341528,3,3,2291,772,755,3,14,3,2291,772,741,98.1457,96.8212,10,1.3245,-96.8212,4,0.5298,-97.6159,755,saied,zammel,96.8212,33.6971,100.0000
TN415956,El Manara,المنارة,TN4159,Nasrallah,Kairouan,Centre West,35.27732676,9.76646313,143.12688518,5,5,3277,760,885,5,23,3,2325,592,866,97.8531,96.3842,13,1.4689,-96.3842,6,0.6780,-97.1751,885,saied,zammel,96.3842,25.4624,60.0000
TN415957,El Kabbara,الكبارة,TN4159,Nasrallah,Kairouan,Centre West,35.19806537,9.77253865,62.74319073,4,4,2405,578,545,8,25,4,2405,578,514,94.3119,90.4587,21,3.8532,-90.4587,10,1.8349,-92.4771,545,saied,zammel,90.4587,24.0333,100.0000
TN415958,El Briket,البريكات,TN4159,Nasrallah,Kairouan,Centre West,35.22395434,9.92944392,57.32262878,2,2,2382,526,508,8,10,2,2382,526,498,98.0315,96.4567,8,1.5748,-96.4567,2,0.3937,-97.6378,508,saied,zammel,96.4567,22.0823,100.0000
TN416051,Echrarda,الشراردة,TN4160,Chrarda,Kairouan,Centre West,35.09714989,10.02783044,74.47120631,6,6,4742,1047,1022,9,16,6,4742,1047,950,92.9550,87.3777,57,5.5773,-87.3777,15,1.4677,-91.4873,1022,saied,zammel,87.3777,22.0793,100.0000
TN416052,Bir El Helou,بئر الحلو,TN4160,Chrarda,Kairouan,Centre West,35.12436801,10.09720639,63.14932184,6,6,3146,575,551,5,19,6,3146,575,510,92.5590,87.4773,28,5.0817,-87.4773,13,2.3593,-90.1996,551,saied,zammel,87.4773,18.2772,100.0000
TN416053,Ouled Farjallah Sud,أولاد فرج اللّه الجنوبية,TN4160,Chrarda,Kairouan,Centre West,35.17861429,10.18205196,53.60868123,3,3,1662,648,630,6,12,3,1662,648,605,96.0317,93.6508,15,2.3810,-93.6508,10,1.5873,-94.4444,630,saied,zammel,93.6508,38.9892,100.0000
TN416054,Cheraitia Sud,الشرائطية الجنوبية,TN4160,Chrarda,Kairouan,Centre West,35.18235805,10.07819382,72.83672384,6,6,2781,1201,1163,17,22,5,2781,1022,1119,96.2167,93.0353,37,3.1814,-93.0353,7,0.6019,-95.6148,1163,saied,zammel,93.0353,36.7494,83.3333
TN416055,El Ksour,القصور,TN4160,Chrarda,Kairouan,Centre West,35.22678767,9.9976061,65.82537357,6,6,3639,984,963,6,15,6,3639,984,942,97.8193,95.9502,18,1.8692,-95.9502,3,0.3115,-97.5078,963,saied,zammel,95.9502,27.0404,100.0000
TN416151,Bouhajla Centre,بوحجلة المركز,TN4161,Bouhajla,Kairouan,Centre West,35.39311823,10.04449189,32.18309099,5,5,4398,836,813,8,15,5,4398,836,769,94.5879,90.4059,34,4.1820,-90.4059,10,1.2300,-93.3579,813,saied,zammel,90.4059,19.0086,100.0000
TN416152,Bouhajla El Ahouez,بوحجلة الأحواز,TN4161,Bouhajla,Kairouan,Centre West,35.38206667,10.00205558,33.068856,3,3,3370,521,494,5,22,3,3370,521,475,96.1538,94.1296,10,2.0243,-94.1296,9,1.8219,-94.3320,494,saied,zammel,94.1296,15.4599,100.0000
TN416153,Jehina Sud,جهينة الجنوبية,TN4161,Bouhajla,Kairouan,Centre West,35.30098856,10.0086877,29.94142441,4,4,3160,760,739,6,15,4,3160,760,713,96.4817,93.7754,20,2.7064,-93.7754,6,0.8119,-95.6698,739,saied,zammel,93.7754,24.0506,100.0000
TN416154,Jehina Nord,جهينة الشمالية,TN4161,Bouhajla,Kairouan,Centre West,35.32117878,9.95408943,45.24452666,3,3,2316,664,641,6,17,3,2316,664,621,96.8799,94.6958,14,2.1841,-94.6958,6,0.9360,-95.9438,641,saied,zammel,94.6958,28.6701,100.0000
TN416155,El Ketitir,القطيطير,TN4161,Bouhajla,Kairouan,Centre West,35.33058612,10.09511829,48.84144724,2,2,1506,403,391,3,9,2,1506,403,383,97.9540,96.1637,7,1.7903,-96.1637,1,0.2558,-97.6982,391,saied,zammel,96.1637,26.7596,100.0000
TN416156,Ouled Achour,أولاد عاشور,TN4161,Bouhajla,Kairouan,Centre West,35.32534996,10.165219,55.34510392,2,2,2305,756,730,3,23,2,2305,756,715,97.9452,96.4384,11,1.5068,-96.4384,4,0.5479,-97.3973,730,saied,zammel,96.4384,32.7983,100.0000
TN416157,El Fatah,الفتح,TN4161,Bouhajla,Kairouan,Centre West,35.39444811,10.12478555,56.29679498,3,3,1954,402,375,3,24,2,1954,314,361,96.2667,93.6000,10,2.6667,-93.6000,4,1.0667,-95.2000,375,saied,zammel,93.6000,16.0696,66.6667
TN416158,Ouled Fardjallah Nord,أولاد فرج اللّه الشمالية,TN4161,Bouhajla,Kairouan,Centre West,35.24610333,10.14158828,55.97717132,5,5,2007,737,711,3,23,5,2007,737,687,96.6245,93.8115,20,2.8129,-93.8115,4,0.5626,-96.0619,711,saied,zammel,93.8115,36.7215,100.0000
TN416159,Ennasr,النصر,TN4161,Bouhajla,Kairouan,Centre West,35.48532389,10.13845161,111.54419869,3,3,3461,387,372,4,11,3,3461,387,358,96.2366,93.0108,12,3.2258,-93.0108,2,0.5376,-95.6989,372,saied,zammel,93.0108,11.1817,100.0000
TN416160,Bir Msikine,بئر مسكين,TN4161,Bouhajla,Kairouan,Centre West,35.45476312,10.06223777,40.81899576,3,3,1837,576,557,3,16,3,1837,576,532,95.5117,91.9210,20,3.5907,-91.9210,5,0.8977,-94.6140,557,saied,zammel,91.9210,31.3555,100.0000
TN416161,El Mouisset,المويسات,TN4161,Bouhajla,Kairouan,Centre West,35.41454775,9.96119869,37.20530215,3,3,3372,966,939,3,24,3,3372,966,904,96.2726,93.9297,22,2.3429,-93.9297,13,1.3845,-94.8882,939,saied,zammel,93.9297,28.6477,100.0000
TN416162,Bir Bousari,بئر بوساري,TN4161,Bouhajla,Kairouan,Centre West,35.38895636,9.934377,36.77754916,2,2,1459,285,279,4,2,2,1459,285,271,97.1326,95.6989,4,1.4337,-95.6989,4,1.4337,-95.6989,279,saied,maghzaoui,95.6989,19.5339,100.0000
TN416163,Cheraitia Nord,الشرايطية الشمالية,TN4161,Bouhajla,Kairouan,Centre West,35.28155556,10.05637074,71.57803768,4,4,2577,928,882,6,40,3,2577,663,858,97.2789,95.9184,12,1.3605,-95.9184,12,1.3605,-95.9184,882,saied,maghzaoui,95.9184,25.7276,75.0000
TN416164,Chouamekh,الشوامخ,TN4161,Bouhajla,Kairouan,Centre West,35.45783065,10.00284402,34.63550689,2,2,1137,391,371,3,17,2,1137,391,358,96.4960,93.8005,10,2.6954,-93.8005,3,0.8086,-95.6873,371,saied,zammel,93.8005,34.3887,100.0000
TN425151,Ennour Est,النور الشرقي,TN4251,Kasserine Nord,Kassérine,Centre West,35.17246856,8.85338994,2.73584673,23,23,17597,5868,8265,79,217,14,15161,4962,7601,91.9661,86.3400,465,5.6261,-86.3400,199,2.4077,-89.5584,8265,saied,zammel,86.3400,32.7287,60.8696
TN425152,Ennour Ouest,النور الغربي,TN4251,Kasserine Nord,Kassérine,Centre West,35.15913063,8.84698488,1.84654741,7,7,7262,2890,2794,30,66,7,7262,2890,2715,97.1725,95.3472,51,1.8253,-95.3472,28,1.0021,-96.1704,2794,saied,zammel,95.3472,39.7962,100.0000
TN425153,El Bassatine,البساتين,TN4251,Kasserine Nord,Kassérine,Centre West,35.17577709,8.83872162,2.96574466,16,16,11663,4632,5015,62,143,10,11099,3436,4574,91.2064,84.3270,345,6.8794,-84.3270,96,1.9143,-89.2921,5015,saied,zammel,84.3270,30.9577,62.5000
TN425154,El Khadhra,الخضراء,TN4251,Kasserine Nord,Kassérine,Centre West,35.16799589,8.81173447,3.38211529,3,3,3364,1166,1117,17,32,3,3364,1166,1021,91.4056,84.8702,73,6.5354,-84.8702,23,2.0591,-89.3465,1117,saied,zammel,84.8702,34.6611,100.0000
TN425155,El Arich,العريش,TN4251,Kasserine Nord,Kassérine,Centre West,35.20825403,8.80823441,41.40264659,2,2,1013,349,565,7,20,1,1013,349,539,95.3982,93.0973,13,2.3009,-93.0973,13,2.3009,-93.0973,565,saied,maghzaoui,93.0973,34.4521,50.0000
TN425156,Boulaaba,بولعابة,TN4251,Kasserine Nord,Kassérine,Centre West,35.22283047,8.73407549,45.44652109,5,5,2360,593,908,11,22,3,1682,593,879,96.8062,95.1542,15,1.6520,-95.1542,14,1.5419,-95.2643,908,saied,zammel,95.1542,35.2556,60.0000
TN425251,El Aouija,العويجة,TN4252,Kasserine Sud,Kassérine,Centre West,35.11531359,8.88485381,212.87515851,4,4,2050,915,889,16,10,4,2050,915,855,96.1755,93.0259,28,3.1496,-93.0259,6,0.6749,-95.5006,889,saied,zammel,93.0259,44.6341,100.0000
TN425252,Boulhijet,بولهيجات,TN4252,Kasserine Sud,Kassérine,Centre West,35.06601504,8.63581247,149.5423982,3,3,726,370,355,0,9,2,726,251,335,94.3662,89.8592,16,4.5070,-89.8592,4,1.1268,-93.2394,355,saied,zammel,89.8592,34.5730,66.6667
TN425253,Meghdoudech,مقدودش,TN4252,Kasserine Sud,Kassérine,Centre West,35.00503436,8.69741268,232.34955937,1,1,0,268,260,5,3,0,0,0,250,96.1538,94.2308,5,1.9231,-94.2308,5,1.9231,-94.2308,260,saied,maghzaoui,94.2308,,0.0000
TN425254,Bouzguam,بوزقام,TN4252,Kasserine Sud,Kassérine,Centre West,35.2253937,8.8936493,83.66537664,7,7,4458,2080,2844,42,74,5,4458,2080,2726,95.8509,93.1786,76,2.6723,-93.1786,42,1.4768,-94.3741,2844,saied,zammel,93.1786,46.6577,71.4286
TN425255,Eddoghra,الدغرة,TN4252,Kasserine Sud,Kassérine,Centre West,35.17399838,8.69796749,107.39312654,2,2,1531,600,575,11,14,2,1531,600,561,97.5652,96.1739,6,1.0435,-96.5217,8,1.3913,-96.1739,575,saied,maghzaoui,96.1739,39.1901,100.0000
TN425256,Sidi Harreth,سيدي حراث,TN4252,Kasserine Sud,Kassérine,Centre West,35.25925167,8.80924336,79.65520318,1,1,0,0,466,3,17,0,0,0,421,90.3433,82.1888,38,8.1545,-82.1888,7,1.5021,-88.8412,466,saied,zammel,82.1888,,0.0000
TN425351,Ezzouhour Est (1),الزهور الشرقي 1,TN4253,Ezzouhour,Kassérine,Centre West,35.16496511,8.83516627,0.27660739,1,1,820,370,358,3,9,1,820,370,339,94.6927,90.7821,14,3.9106,-90.7821,5,1.3966,-93.2961,358,saied,zammel,90.7821,45.1220,100.0000
TN425352,Ezzouhour Est (2),الزهور الشرقي 2,TN4253,Ezzouhour,Kassérine,Centre West,35.15679188,8.83948823,0.52185396,3,3,1395,979,947,10,22,2,1395,439,923,97.4657,95.4593,19,2.0063,-95.4593,5,0.5280,-96.9377,947,saied,zammel,95.4593,31.4695,66.6667
TN425353,Ezzouhour Ouest (1),الزهور الغربي 1,TN4253,Ezzouhour,Kassérine,Centre West,35.158823,8.83462708,0.16198832,2,2,544,639,610,10,19,1,544,273,594,97.3770,96.0656,8,1.3115,-96.0656,8,1.3115,-96.0656,610,saied,maghzaoui,96.0656,50.1838,50.0000
TN425354,Ezzouhour Ouest (2),الزهور الغربي 2,TN4253,Ezzouhour,Kassérine,Centre West,35.15427271,8.83530785,0.5786103,3,3,2703,971,918,13,40,3,2703,971,893,97.2767,95.8606,12,1.3072,-95.9695,13,1.4161,-95.8606,918,saied,maghzaoui,95.8606,35.9230,100.0000
TN425355,Ezzouhour Ouest (3),الزهور الغربي 3,TN4253,Ezzouhour,Kassérine,Centre West,35.15669773,8.82747925,0.74521156,10,10,7433,3235,3125,29,81,8,7350,2587,2916,93.3120,87.9680,167,5.3440,-87.9680,42,1.3440,-91.9680,3125,saied,zammel,87.9680,35.1973,80.0000
TN425356,Ezzouhour Ouest (4),الزهور الغربي 4,TN4253,Ezzouhour,Kassérine,Centre West,35.16125415,8.8186406,0.88629483,3,3,2207,799,782,11,6,3,2207,799,750,95.9079,92.4552,27,3.4527,-92.4552,5,0.6394,-95.2685,782,saied,zammel,92.4552,36.2030,100.0000
TN425451,Hassi El Ferid,حاسي الفريد,TN4254,Hassi El Ferid,Kassérine,Centre West,34.94185729,8.93829902,257.82510136,9,9,2745,1468,1651,28,27,7,2745,975,1603,97.0927,94.6699,40,2.4228,-94.6699,8,0.4846,-96.6081,1651,saied,zammel,94.6699,35.5191,77.7778
TN425452,El Hechim,الهشيم,TN4254,Hassi El Ferid,Kassérine,Centre West,34.99734997,9.00673623,150.16048248,3,3,1082,536,522,2,12,2,1082,333,510,97.7011,96.5517,6,1.1494,-96.5517,6,1.1494,-96.5517,522,saied,maghzaoui,96.5517,30.7763,66.6667
TN425453,Khanguet Jezia,خنقة الجازية,TN4254,Hassi El Ferid,Kassérine,Centre West,35.06737428,9.09771898,134.82574456,3,3,1706,527,502,7,18,3,1706,527,493,98.2072,97.2112,5,0.9960,-97.2112,4,0.7968,-97.4104,502,saied,zammel,97.2112,30.8910,100.0000
TN425454,Essalloum,السلوم,TN4254,Hassi El Ferid,Kassérine,Centre West,35.08887966,8.98242476,85.03763079,3,3,486,665,652,4,9,2,486,265,648,99.3865,99.0798,2,0.3067,-99.0798,2,0.3067,-99.0798,652,saied,maghzaoui,99.0798,54.5267,66.6667
TN425455,El Kamour,الكامور,TN4254,Hassi El Ferid,Kassérine,Centre West,34.87416579,8.83473279,341.26381316,7,7,3179,1176,1257,6,42,5,3179,986,1116,88.7828,81.0660,97,7.7168,-81.0660,44,3.5004,-85.2824,1257,saied,zammel,81.0660,31.0160,71.4286
TN425551,Sbeitla,سبيطلة,TN4255,Sbeitla,Kassérine,Centre West,35.2405708,9.1116576,6.57432512,12,12,11576,3307,3439,38,82,10,11576,3061,3200,93.0503,87.4382,193,5.6121,-87.4382,46,1.3376,-91.7127,3439,saied,zammel,87.4382,26.4426,83.3333
TN425552,Cite Essourour,حي السرور,TN4255,Sbeitla,Kassérine,Centre West,35.22020152,9.13630528,2.39491394,6,6,6452,1999,1936,21,42,6,6452,1999,1865,96.3326,93.5434,54,2.7893,-93.5434,17,0.8781,-95.4545,1936,saied,zammel,93.5434,30.9826,100.0000
TN425553,Semama,سمامة,TN4255,Sbeitla,Kassérine,Centre West,35.37360162,8.91695099,118.53712579,3,3,2612,644,839,12,32,2,1984,644,818,97.4970,95.8284,14,1.6687,-95.8284,7,0.8343,-96.6627,839,saied,zammel,95.8284,32.4597,66.6667
TN425554,Errakhmet,الرخمات,TN4255,Sbeitla,Kassérine,Centre West,35.07081856,9.22510307,64.55716996,5,5,3196,762,736,8,18,5,3196,762,660,89.6739,80.9783,64,8.6957,-80.9783,12,1.6304,-88.0435,736,saied,zammel,80.9783,23.8423,100.0000
TN425555,El Gounna,الفنة,TN4255,Sbeitla,Kassérine,Centre West,35.40394569,9.10393596,103.18206695,4,4,2693,856,822,14,20,4,2693,856,771,93.7956,89.2944,37,4.5012,-89.2944,14,1.7032,-92.0925,822,saied,zammel,89.2944,31.7861,100.0000
TN425556,Eddouleb,الدولاب,TN4255,Sbeitla,Kassérine,Centre West,35.37663762,9.05774181,104.65875953,6,6,1846,771,902,5,52,3,1195,311,871,96.5632,93.2373,30,3.3259,-93.2373,1,0.1109,-96.4523,902,saied,zammel,93.2373,26.0251,50.0000
TN425557,Ech-Charaya,الشرائع,TN4255,Sbeitla,Kassérine,Centre West,35.21487504,9.01435305,69.1381955,4,4,2454,723,696,3,6,3,2454,524,680,97.7011,96.1207,11,1.5805,-96.1207,5,0.7184,-96.9828,696,saied,zammel,96.1207,21.3529,75.0000
TN425558,Machrek Ech-Chams,مشرق الشمس,TN4255,Sbeitla,Kassérine,Centre West,35.32353323,9.03201409,103.032695,5,5,1975,784,752,1,31,4,1975,527,716,95.2128,91.2234,30,3.9894,-91.2234,6,0.7979,-94.4149,752,saied,zammel,91.2234,26.6835,80.0000
TN425559,Ouassaia,الوساعية,TN4255,Sbeitla,Kassérine,Centre West,35.29324321,8.93198681,142.25225526,5,5,2809,1199,1136,8,55,4,2809,919,1095,96.3908,93.7500,30,2.6408,-93.7500,11,0.9683,-95.4225,1136,saied,zammel,93.7500,32.7163,80.0000
TN425560,El Khadhra,الخضراء,TN4255,Sbeitla,Kassérine,Centre West,35.246606,9.16003358,84.64544888,5,5,3381,983,1135,10,23,4,2925,983,1111,97.8855,96.3877,17,1.4978,-96.3877,7,0.6167,-97.2687,1135,saied,zammel,96.3877,33.6068,80.0000
TN425561,El Athar,الأثار,TN4255,Sbeitla,Kassérine,Centre West,35.16352758,9.0988336,117.46325599,4,4,3357,1634,1590,23,21,4,3357,1634,1558,97.9874,96.4780,24,1.5094,-96.4780,8,0.5031,-97.4843,1590,saied,zammel,96.4780,48.6744,100.0000
TN425562,El Mezara,المزارة,TN4255,Sbeitla,Kassérine,Centre West,35.07432825,9.17068375,62.99341149,3,3,2187,628,616,3,9,3,2187,628,592,96.1039,93.0195,19,3.0844,-93.0195,5,0.8117,-95.2922,616,saied,zammel,93.0195,28.7151,100.0000
TN425563,El Garaa El Hamra,القرعة الحمراء,TN4255,Sbeitla,Kassérine,Centre West,35.12130365,9.1726705,108.72451966,8,8,4238,694,1155,12,24,6,3068,694,1106,95.7576,92.7273,35,3.0303,-92.7273,14,1.2121,-94.5455,1155,saied,zammel,92.7273,22.6206,75.0000
TN425564,El Ksar,القصر,TN4255,Sbeitla,Kassérine,Centre West,35.25501009,9.07044804,27.14677276,5,5,2842,742,723,1,18,5,2842,742,707,97.7870,96.6805,8,1.1065,-96.6805,8,1.1065,-96.6805,723,saied,maghzaoui,96.6805,26.1084,100.0000
TN425651,Sbiba,سبيبة,TN4256,Sbiba,Kassérine,Centre West,35.54476458,9.04579273,50.16919651,11,11,7327,2735,2889,30,56,8,7327,2227,2681,92.8003,86.6044,179,6.1959,-86.6044,29,1.0038,-91.7965,2889,saied,zammel,86.6044,30.3944,72.7273
TN425652,El Ahouaz,الأحواز,TN4256,Sbiba,Kassérine,Centre West,35.50773205,9.06668557,63.41976363,7,7,4238,1245,1416,7,20,6,4238,1245,1350,95.3390,91.2429,58,4.0960,-91.2429,8,0.5650,-94.7740,1416,saied,zammel,91.2429,29.3771,85.7143
TN425653,Oued El Hatab,وادي الحطب,TN4256,Sbiba,Kassérine,Centre West,35.58277418,9.12504102,55.35710426,4,4,1000,329,573,9,21,1,1000,90,541,94.4154,91.2740,18,3.1414,-91.2740,14,2.4433,-91.9721,573,saied,zammel,91.2740,9.0000,25.0000
TN425654,Brahim Ezzahhar,إبراهيم الزهار,TN4256,Sbiba,Kassérine,Centre West,35.54073501,9.22986733,83.27908391,8,8,2084,1007,1028,17,47,5,2084,635,980,95.3307,91.7315,37,3.5992,-91.7315,11,1.0700,-94.2607,1028,saied,zammel,91.7315,30.4702,62.5000
TN425655,Ain Zaiene,عين زيان,TN4256,Sbiba,Kassérine,Centre West,35.4136987,9.18710126,47.4772314,5,5,3290,1362,1327,9,26,5,3290,1362,1293,97.4378,95.3278,28,2.1100,-95.3278,6,0.4521,-96.9857,1327,saied,zammel,95.3278,41.3982,100.0000
TN425656,Etthamed,الثماد,TN4256,Sbiba,Kassérine,Centre West,35.45808891,9.23203821,85.94708426,4,4,2424,830,795,9,26,4,2424,830,786,98.8679,98.2390,5,0.6289,-98.2390,4,0.5031,-98.3648,795,saied,zammel,98.2390,34.2409,100.0000
TN425657,Ain El Khemaissia,عين الخمائسية,TN4256,Sbiba,Kassérine,Centre West,35.47050288,9.12822814,61.82037958,5,5,4659,1239,1188,15,36,5,4659,1239,1151,96.8855,94.6970,26,2.1886,-94.6970,11,0.9259,-95.9596,1188,saied,zammel,94.6970,26.5937,100.0000
TN425751,Djedliane,جدليان,TN4257,Jedeliane,Kassérine,Centre West,35.59756254,9.04405225,46.87495117,7,7,4430,1252,2210,19,45,5,3268,1252,2092,94.6606,90.1357,100,4.5249,-90.1357,18,0.8145,-93.8462,2210,saied,zammel,90.1357,38.3109,71.4286
TN425752,Fej Terbah,فج تربح,TN4257,Jedeliane,Kassérine,Centre West,35.6984991,8.92441003,85.58182855,3,3,852,594,579,5,10,2,852,315,565,97.5820,96.2003,6,1.0363,-96.5458,8,1.3817,-96.2003,579,saied,maghzaoui,96.2003,36.9718,66.6667
TN425753,Ain El Hamadna,عين الحمادنة,TN4257,Jedeliane,Kassérine,Centre West,35.65654252,8.83020381,44.53089303,1,1,893,311,303,3,5,1,893,311,283,93.3993,88.4488,15,4.9505,-88.4488,5,1.6502,-91.7492,303,saied,zammel,88.4488,34.8264,100.0000
TN425754,Mehrza,محرزة,TN4257,Jedeliane,Kassérine,Centre West,35.61513425,8.83981816,35.25465355,2,2,625,249,232,2,15,2,625,249,223,96.1207,93.1034,2,0.8621,-95.2586,7,3.0172,-93.1034,232,saied,maghzaoui,93.1034,39.8400,100.0000
TN425755,Ain Oum El Jedour,عين أم الجدور,TN4257,Jedeliane,Kassérine,Centre West,35.63351551,8.93681449,62.86099455,4,4,1109,434,419,3,12,4,1109,434,411,98.0907,96.8974,3,0.7160,-97.3747,5,1.1933,-96.8974,419,saied,maghzaoui,96.8974,39.1344,100.0000
TN425851,El Ayoun,العيون,TN4258,Ayoun,Kassérine,Centre West,35.53483241,8.85792677,70.45407544,5,5,1359,775,1019,18,18,3,1359,371,966,94.7988,90.5790,43,4.2198,-90.5790,10,0.9814,-93.8175,1019,saied,zammel,90.5790,27.2995,60.0000
TN425852,El Grine,القرين,TN4258,Ayoun,Kassérine,Centre West,35.41019308,8.84797319,56.16221825,5,5,2693,1090,1043,1,46,4,2693,890,995,95.3979,92.6174,29,2.7804,-92.6174,19,1.8217,-93.5762,1043,saied,zammel,92.6174,33.0486,80.0000
TN425853,El Brek,البرك,TN4258,Ayoun,Kassérine,Centre West,35.47146069,8.84121536,41.31023219,4,4,1132,776,743,2,31,2,1132,423,718,96.6353,94.7510,11,1.4805,-95.1548,14,1.8843,-94.7510,743,saied,maghzaoui,94.7510,37.3675,50.0000
TN425854,El Baouajer,البواجر,TN4258,Ayoun,Kassérine,Centre West,35.57767875,8.8413069,69.23410926,2,2,1418,486,470,3,13,2,1418,486,453,96.3830,93.6170,13,2.7660,-93.6170,4,0.8511,-95.5319,470,saied,zammel,93.6170,34.2736,100.0000
TN425855,Tiwicha,توشة,TN4258,Ayoun,Kassérine,Centre West,35.48390995,8.94793178,116.087333,4,4,1470,473,772,8,21,3,1470,473,739,95.7254,92.6166,24,3.1088,-92.6166,9,1.1658,-94.5596,772,saied,zammel,92.6166,32.1769,75.0000
TN425856,Ain Esselsela,عين السلسلة,TN4258,Ayoun,Kassérine,Centre West,35.57265658,8.96302059,58.32873309,2,2,821,274,395,5,7,1,821,274,386,97.7215,96.4557,5,1.2658,-96.4557,4,1.0127,-96.7089,395,saied,zammel,96.4557,33.3739,50.0000
TN425951,Thala Est,تالة الشرقية,TN4259,Thala,Kassérine,Centre West,35.5776253,8.67090233,1.44288628,6,6,4324,1334,1281,17,36,5,4324,1292,1238,96.6432,94.3794,29,2.2639,-94.3794,14,1.0929,-95.5504,1281,saied,zammel,94.3794,29.8797,83.3333
TN425952,Thala Ouest,تالة الغربية,TN4259,Thala,Kassérine,Centre West,35.57715928,8.66712026,1.34418159,8,8,6735,2467,2714,37,105,7,6735,2467,2572,94.7679,90.6780,111,4.0899,-90.6780,31,1.1422,-93.6256,2714,saied,zammel,90.6780,36.6295,87.5000
TN425953,Eddachra,الدشرة,TN4259,Thala,Kassérine,Centre West,35.64180276,8.63152241,70.07144557,3,3,1183,227,460,1,6,2,1183,227,446,96.9565,95.2174,8,1.7391,-95.2174,6,1.3043,-95.6522,460,saied,zammel,95.2174,19.1885,66.6667
TN425954,Ain Aj-Jadeida,عين الجديدة,TN4259,Thala,Kassérine,Centre West,35.63644138,8.75005009,41.75853485,3,3,1565,677,649,9,19,2,1565,439,617,95.0693,91.5254,23,3.5439,-91.5254,9,1.3867,-93.6826,649,saied,zammel,91.5254,28.0511,66.6667
TN425955,Barmajna,برماجنة,TN4259,Thala,Kassérine,Centre West,35.6313915,8.69830293,66.18802173,1,1,165,106,100,0,6,1,165,106,95,95.0000,92.0000,3,3.0000,-92.0000,2,2.0000,-93.0000,100,saied,zammel,92.0000,64.2424,100.0000
TN425956,Oued Errachech,وادي الرشح,TN4259,Thala,Kassérine,Centre West,35.43097625,8.72724233,17.28604779,1,1,0,330,320,5,2,0,0,0,314,98.1250,96.8750,2,0.6250,-97.5000,4,1.2500,-96.8750,320,saied,maghzaoui,96.8750,,0.0000
TN425957,El Joua,الجوى,TN4259,Thala,Kassérine,Centre West,35.5142927,8.75415642,93.35733238,2,2,1519,598,569,10,19,2,1519,598,565,99.2970,98.7698,1,0.1757,-99.1213,3,0.5272,-98.7698,569,saied,maghzaoui,98.7698,39.3680,100.0000
TN425958,El Hamed,الحماد,TN4259,Thala,Kassérine,Centre West,35.48883247,8.68777807,108.04432413,3,3,996,367,355,2,10,3,996,367,349,98.3099,96.9014,1,0.2817,-98.0282,5,1.4085,-96.9014,355,saied,maghzaoui,96.9014,36.8474,100.0000
TN425959,Zelfane,زلفان,TN4259,Thala,Kassérine,Centre West,35.41921269,8.77465779,50.97416899,2,2,2127,741,723,12,6,2,2127,741,713,98.6169,97.6487,3,0.4149,-98.2019,7,0.9682,-97.6487,723,saied,maghzaoui,97.6487,34.8378,100.0000
TN425960,Boulahnech,بو الأحناش,TN4259,Thala,Kassérine,Centre West,35.68702342,8.72689751,36.0483682,1,1,744,263,255,1,7,1,744,263,244,95.6863,92.5490,8,3.1373,-92.5490,3,1.1765,-94.5098,255,saied,zammel,92.5490,35.3495,100.0000
TN425961,Sidi M'Hammed,سيدي محمد,TN4259,Thala,Kassérine,Centre West,35.72607231,8.77806606,72.28678966,2,2,417,203,190,3,10,2,417,203,184,96.8421,95.2632,3,1.5789,-95.2632,3,1.5789,-95.2632,190,saied,maghzaoui,95.2632,48.6811,100.0000
TN425962,Ouljet Edhel,ولجة الظل,TN4259,Thala,Kassérine,Centre West,35.73737007,8.67738435,82.62783447,2,2,484,122,157,4,6,1,484,122,155,98.7261,98.0892,1,0.6369,-98.0892,1,0.6369,-98.0892,157,saied,maghzaoui,98.0892,25.2066,50.0000
TN425963,Ech-Chaffai,الشافعي,TN4259,Thala,Kassérine,Centre West,35.5450509,8.60285364,75.22679689,1,1,607,0,177,0,6,0,0,0,175,98.8701,97.7401,2,1.1299,-97.7401,0,0.0000,-98.8701,177,saied,zammel,97.7401,,0.0000
TN426051,Hidra,حيدرة,TN4260,Hidra,Kassérine,Centre West,35.55780706,8.50114601,106.84563421,4,4,2943,1197,1141,12,44,4,2943,1197,1065,93.3392,89.5706,43,3.7686,-89.5706,33,2.8922,-90.4470,1141,saied,zammel,89.5706,40.6728,100.0000
TN426052,T'Baga,الطباقة,TN4260,Hidra,Kassérine,Centre West,35.50482107,8.45804797,74.1323015,2,2,1342,460,436,9,15,2,1342,460,422,96.7890,94.9541,8,1.8349,-94.9541,6,1.3761,-95.4128,436,saied,zammel,94.9541,34.2772,100.0000
TN426053,El Mekimen,المكيمن,TN4260,Hidra,Kassérine,Centre West,35.63196239,8.47302308,97.16231221,2,2,509,187,184,0,3,2,509,187,177,96.1957,94.0217,3,1.6304,-94.5652,4,2.1739,-94.0217,184,saied,maghzaoui,94.0217,36.7387,100.0000
TN426054,Lajrad,الأجرد,TN4260,Hidra,Kassérine,Centre West,35.45757745,8.56171299,120.72439596,2,2,365,200,312,1,1,1,365,200,306,98.0769,96.7949,2,0.6410,-97.4359,4,1.2821,-96.7949,312,saied,maghzaoui,96.7949,54.7945,50.0000
TN426055,Es-Sray,الصري,TN4260,Hidra,Kassérine,Centre West,35.55698955,8.39731002,71.8481898,1,1,252,113,108,2,3,1,252,113,105,97.2222,95.3704,1,0.9259,-96.2963,2,1.8519,-95.3704,108,saied,maghzaoui,95.3704,44.8413,100.0000
TN426056,Ain Eddefla,عين الدفلة,TN4260,Hidra,Kassérine,Centre West,35.60680435,8.57044298,25.33386192,1,1,750,322,314,0,8,1,750,322,305,97.1338,94.5860,8,2.5478,-94.5860,1,0.3185,-96.8153,314,saied,zammel,94.5860,42.9333,100.0000
TN426151,Foussana,فوسانة,TN4261,Foussana,Kassérine,Centre West,35.35110798,8.62223816,21.96132337,10,10,8728,2323,2452,22,80,9,8728,2323,2296,93.6378,88.7031,121,4.9347,-88.7031,35,1.4274,-92.2104,2452,saied,zammel,88.7031,26.6155,90.0000
TN426152,Foussana Lahouaz,فوسانة الأحواز,TN4261,Foussana,Kassérine,Centre West,35.35541997,8.6758045,81.49933965,4,4,2523,782,768,1,13,4,2523,782,743,96.7448,94.9219,11,1.4323,-95.3125,14,1.8229,-94.9219,768,saied,maghzaoui,94.9219,30.9948,100.0000
TN426153,Khmouda Nord,خمودة الشمالية,TN4261,Foussana,Kassérine,Centre West,35.32256369,8.71912553,53.07107522,5,5,3088,2012,1918,22,72,4,3088,1604,1812,94.4734,90.4067,78,4.0667,-90.4067,28,1.4599,-93.0136,1918,saied,zammel,90.4067,51.9430,80.0000
TN426154,Khmouda Sud,خمودةالجنوبية,TN4261,Foussana,Kassérine,Centre West,35.34754183,8.78148766,52.11849426,3,3,2114,812,786,4,22,3,2114,812,764,97.2010,95.5471,13,1.6539,-95.5471,9,1.1450,-96.0560,786,saied,zammel,95.5471,38.4106,100.0000
TN426155,Ouled Mahfoudh,أولاد محفوظ,TN4261,Foussana,Kassérine,Centre West,35.34725039,8.56241325,98.7812988,3,3,2205,755,741,1,13,3,2205,755,721,97.3009,95.5466,13,1.7544,-95.5466,7,0.9447,-96.3563,741,saied,zammel,95.5466,34.2404,100.0000
TN426156,Afrane,أفران,TN4261,Foussana,Kassérine,Centre West,35.42789827,8.40685895,104.20118924,2,2,1491,465,441,14,10,2,1491,465,422,95.6916,93.4240,9,2.0408,-93.6508,10,2.2676,-93.4240,441,saied,maghzaoui,93.4240,31.1871,100.0000
TN426157,El Meziraa,المزيرعة,TN4261,Foussana,Kassérine,Centre West,35.29284335,8.62080427,72.15039043,4,4,1648,406,397,1,8,4,1648,406,393,98.9924,98.2368,1,0.2519,-98.7406,3,0.7557,-98.2368,397,saied,maghzaoui,98.2368,24.6359,100.0000
TN426158,El Aadhira,العذيرة,TN4261,Foussana,Kassérine,Centre West,35.3188334,8.48900719,65.30932556,1,1,891,324,317,1,6,1,891,324,303,95.5836,93.0599,8,2.5237,-93.0599,6,1.8927,-93.6909,317,saied,zammel,93.0599,36.3636,100.0000
TN426159,El Hazza,الحازة,TN4261,Foussana,Kassérine,Centre West,35.36905195,8.39109912,102.649947,3,3,1070,396,389,4,3,3,1070,396,371,95.3728,92.0308,13,3.3419,-92.0308,5,1.2853,-94.0874,389,saied,zammel,92.0308,37.0093,100.0000
TN426160,El Brika,البريكة,TN4261,Foussana,Kassérine,Centre West,35.24260133,8.66541221,78.92797519,3,3,1193,451,433,1,17,3,1193,451,418,96.5358,93.5335,13,3.0023,-93.5335,2,0.4619,-96.0739,433,saied,zammel,93.5335,37.8039,100.0000
TN426161,Bouderiass,بودرياس,TN4261,Foussana,Kassérine,Centre West,35.25029986,8.47334447,81.08874832,3,3,1743,179,667,1,23,1,846,179,636,95.3523,92.0540,22,3.2984,-92.0540,9,1.3493,-94.0030,667,saied,zammel,92.0540,21.1584,33.3333
TN426162,Ain El Jinene,عين الجنان,TN4261,Foussana,Kassérine,Centre West,35.29433944,8.37830895,71.59839224,1,1,1201,476,463,1,12,1,1201,476,439,94.8164,91.1447,17,3.6717,-91.1447,7,1.5119,-93.3045,463,saied,zammel,91.1447,39.6336,100.0000
TN426163,Er-Rtibet,الرطيبات,TN4261,Foussana,Kassérine,Centre West,35.40128342,8.7054859,29.76181376,2,2,1317,491,473,11,7,2,1317,491,468,98.9429,98.3087,2,0.4228,-98.5201,3,0.6342,-98.3087,473,saied,maghzaoui,98.3087,37.2817,100.0000
TN426251,Feriana,فريانة,TN4262,Feriana,Kassérine,Centre West,34.96014709,8.58660015,11.35122558,10,10,7395,1760,2179,20,53,7,6865,1760,2058,94.4470,90.1331,94,4.3139,-90.1331,27,1.2391,-93.2079,2179,saied,zammel,90.1331,25.6373,70.0000
TN426252,El Erg,العرق,TN4262,Feriana,Kassérine,Centre West,34.90529333,8.59663802,52.84973739,5,5,2362,571,1056,1,17,3,1360,571,1022,96.7803,94.5076,24,2.2727,-94.5076,10,0.9470,-95.8333,1056,saied,zammel,94.5076,41.9853,60.0000
TN426253,El Ahouach,الأحواش,TN4262,Feriana,Kassérine,Centre West,34.91500385,8.53059572,63.77195326,10,10,8767,2838,2990,25,99,8,7668,2626,2796,93.5117,88.2274,158,5.2843,-88.2274,36,1.2040,-92.3077,2990,saied,zammel,88.2274,34.2462,80.0000
TN426254,Es-Skhirat,الصخيرات,TN4262,Feriana,Kassérine,Centre West,34.8753388,8.31592218,112.17441882,4,4,1460,269,298,5,16,3,1460,269,275,92.2819,86.2416,18,6.0403,-86.2416,5,1.6779,-90.6040,298,saied,zammel,86.2416,18.4247,75.0000
TN426255,El Araar,العرعار,TN4262,Feriana,Kassérine,Centre West,34.92008974,8.35939685,81.8110668,2,2,647,204,196,1,7,2,647,204,189,96.4286,94.3878,4,2.0408,-94.3878,3,1.5306,-94.8980,196,saied,zammel,94.3878,31.5301,100.0000
TN426256,Hanachi,حناشي,TN4262,Feriana,Kassérine,Centre West,34.9311478,8.4562066,92.88694012,4,4,795,225,335,1,8,3,795,225,332,99.1045,98.2090,0,0.0000,-99.1045,3,0.8955,-98.2090,335,saied,maghzaoui,98.2090,28.3019,75.0000
TN426257,Garet En-Naam,قارة النعام,TN4262,Feriana,Kassérine,Centre West,35.03449593,8.52997814,120.21176369,4,4,2635,736,715,1,20,3,2635,624,709,99.1608,98.6014,2,0.2797,-98.8811,4,0.5594,-98.6014,715,saied,maghzaoui,98.6014,23.6812,75.0000
TN426258,Bouchebka,بوشبكة,TN4262,Feriana,Kassérine,Centre West,35.11007555,8.45123933,128.5572416,3,3,1632,527,505,9,13,3,1632,527,495,98.0198,96.8317,6,1.1881,-96.8317,4,0.7921,-97.2277,505,saied,zammel,96.8317,32.2917,100.0000
TN426259,Om Ali,أم علي,TN4262,Feriana,Kassérine,Centre West,35.03936806,8.39391339,127.69429398,3,3,939,243,239,0,4,3,939,243,236,98.7448,97.4895,3,1.2552,-97.4895,0,0.0000,-98.7448,239,saied,zammel,97.4895,25.8786,100.0000
TN426260,Bouhaya,بوحية,TN4262,Feriana,Kassérine,Centre West,35.11007555,8.56735747,76.37446024,2,2,1106,355,346,3,6,2,1106,355,338,97.6879,95.9538,6,1.7341,-95.9538,2,0.5780,-97.1098,346,saied,zammel,95.9538,32.0976,100.0000
TN426261,Telept,تلابت,TN4262,Feriana,Kassérine,Centre West,34.98907296,8.59454586,18.63757699,6,6,5136,1384,1346,14,24,6,5136,1384,1298,96.4339,93.3878,41,3.0461,-93.3878,7,0.5201,-95.9138,1346,saied,zammel,93.3878,26.9470,100.0000
TN426262,Abdeladhim,عبد العظيم,TN4262,Feriana,Kassérine,Centre West,35.19116945,8.56025941,119.66559575,2,2,541,200,196,2,2,2,541,200,192,97.9592,96.4286,1,0.5102,-97.4490,3,1.5306,-96.4286,196,saied,maghzaoui,96.4286,36.9686,100.0000
TN426351,Majel Bel Abbes Nord,ماجل بالعباس الشمالية,TN4263,Majel Belabbes,Kassérine,Centre West,34.80411803,8.55542272,80.68981928,6,6,5122,1935,1866,34,35,5,5122,1494,1779,95.3376,92.3901,55,2.9475,-92.3901,32,1.7149,-93.6227,1866,saied,zammel,92.3901,29.1683,83.3333
TN426352,Majel Bel Abbes Sud,ماجل بالعباس الجنوبية,TN4263,Majel Belabbes,Kassérine,Centre West,34.68801343,8.56452766,155.64560033,5,5,825,271,898,2,27,2,825,271,859,95.6570,92.5390,28,3.1180,-92.5390,11,1.2249,-94.4321,898,saied,zammel,92.5390,32.8485,40.0000
TN426353,Oum Laksab,أم الأقصاب,TN4263,Majel Belabbes,Kassérine,Centre West,34.74286815,8.40767292,210.01320345,7,7,2211,1191,1315,11,27,5,2211,1047,1291,98.1749,97.0342,9,0.6844,-97.4905,15,1.1407,-97.0342,1315,saied,maghzaoui,97.0342,47.3541,71.4286
TN426354,Ennadhour,الناظور,TN4263,Majel Belabbes,Kassérine,Centre West,34.72860902,8.69891587,74.40801792,2,2,1029,288,442,4,4,1,1029,288,413,93.4389,88.2353,23,5.2036,-88.2353,6,1.3575,-92.0814,442,saied,zammel,88.2353,27.9883,50.0000
TN426355,Henchir Oum El Khir,هنشير أم الخير,TN4263,Majel Belabbes,Kassérine,Centre West,34.77641268,8.75206114,73.7596083,1,1,495,232,226,4,2,1,495,232,217,96.0177,92.9204,2,0.8850,-95.1327,7,3.0973,-92.9204,226,saied,maghzaoui,92.9204,46.8687,100.0000
TN426356,Soula,صولة,TN4263,Majel Belabbes,Kassérine,Centre West,34.82409144,8.43583092,143.77502924,5,5,3970,1598,1558,17,23,5,3970,1598,1502,96.4056,94.0950,36,2.3107,-94.0950,20,1.2837,-95.1220,1558,saied,zammel,94.0950,40.2519,100.0000
TN426357,Groua El Jedra,قروع الجدرة,TN4263,Majel Belabbes,Kassérine,Centre West,34.82088894,8.66534491,148.94154221,3,3,386,162,401,0,2,2,386,162,392,97.7556,95.5112,0,0.0000,-97.7556,9,2.2444,-95.5112,401,saied,maghzaoui,95.5112,41.9689,66.6667
TN435151,Sidi Bouzid,سيدي بوزيد,TN4351,Sidi Bouzid Ouest,Sidi Bou Zid,Centre West,35.03484659,9.49283518,1.1851507,9,9,10572,2313,2232,21,60,9,10572,2313,2110,94.5341,90.8602,82,3.6738,-90.8602,40,1.7921,-92.7419,2232,saied,zammel,90.8602,21.8785,100.0000
TN435152,Ennour,النور,TN4351,Sidi Bouzid Ouest,Sidi Bou Zid,Centre West,35.04212834,9.48467334,1.33585981,11,11,13195,2871,2793,19,59,11,13195,2871,2558,91.5861,85.6785,165,5.9076,-85.6785,70,2.5063,-89.0798,2793,saied,zammel,85.6785,21.7582,100.0000
TN435153,Sidi Salem,سيدي سالم,TN4351,Sidi Bouzid Ouest,Sidi Bou Zid,Centre West,35.09440621,9.46688705,49.91912524,5,5,3500,776,754,6,16,5,3500,776,707,93.7666,89.3899,33,4.3767,-89.3899,14,1.8568,-91.9098,754,saied,zammel,89.3899,22.1714,100.0000
TN435154,El Hichria,الهيشرية,TN4351,Sidi Bouzid Ouest,Sidi Bou Zid,Centre West,34.89499926,9.40957034,71.40182303,5,5,4577,1441,1406,9,26,5,4577,1441,1382,98.2930,97.2973,14,0.9957,-97.2973,10,0.7112,-97.5818,1406,saied,zammel,97.2973,31.4835,100.0000
TN435155,El Friou,الفريو,TN4351,Sidi Bouzid Ouest,Sidi Bou Zid,Centre West,34.83883045,9.42686566,47.98072488,5,5,2964,1142,1114,4,24,5,2964,1142,1102,98.9228,98.3842,6,0.5386,-98.3842,6,0.5386,-98.3842,1114,saied,maghzaoui,98.3842,38.5290,100.0000
TN435156,Sadakia,الصداقية,TN4351,Sidi Bouzid Ouest,Sidi Bou Zid,Centre West,35.09684471,9.42740339,48.66044444,2,2,2005,440,430,3,7,2,2005,440,398,92.5581,87.2093,23,5.3488,-87.2093,9,2.0930,-90.4651,430,saied,zammel,87.2093,21.9451,100.0000
TN435157,Oum El Adham (1),أم العظام 1,TN4351,Sidi Bouzid Ouest,Sidi Bou Zid,Centre West,35.1069551,9.39007791,37.57711653,2,2,1667,379,370,1,8,2,1667,379,367,99.1892,98.6486,2,0.5405,-98.6486,1,0.2703,-98.9189,370,saied,zammel,98.6486,22.7355,100.0000
TN435158,Oum El Adham (2),أم العظام 2,TN4351,Sidi Bouzid Ouest,Sidi Bou Zid,Centre West,35.08316572,9.3392511,16.82535664,3,3,1907,731,712,8,11,3,1907,731,692,97.1910,95.3652,13,1.8258,-95.3652,7,0.9831,-96.2079,712,saied,zammel,95.3652,38.3325,100.0000
TN435159,Ettouila,الطويلة,TN4351,Sidi Bouzid Ouest,Sidi Bou Zid,Centre West,34.9955584,9.41396563,122.32795487,9,9,7479,2020,1969,8,43,9,7479,2020,1866,94.7689,91.1122,72,3.6567,-91.1122,31,1.5744,-93.1945,1969,saied,zammel,91.1122,27.0090,100.0000
TN435160,Ennasr,النصر,TN4351,Sidi Bouzid Ouest,Sidi Bou Zid,Centre West,35.14829519,9.38335595,23.52724045,1,1,1052,329,322,2,5,1,1052,329,315,97.8261,96.5839,4,1.2422,-96.5839,3,0.9317,-96.8944,322,saied,zammel,96.5839,31.2738,100.0000
TN435161,Sidi Bouzid Sud,سيدي بوزيد الجنوبية,TN4351,Sidi Bouzid Ouest,Sidi Bou Zid,Centre West,35.03262514,9.47865857,1.28166014,10,10,10580,3507,3401,40,66,9,10580,3101,3122,91.7965,86.1511,192,5.6454,-86.1511,87,2.5581,-89.2385,3401,saied,zammel,86.1511,29.3100,90.0000
TN435162,Sidi Bouzid Ouest,سيدي بوزيد الغربية,TN4351,Sidi Bouzid Ouest,Sidi Bou Zid,Centre West,35.03798092,9.47514787,1.26719394,7,7,8887,2493,2423,23,47,7,8887,2493,2221,91.6632,86.5456,124,5.1176,-86.5456,78,3.2191,-88.4441,2423,saied,zammel,86.5456,28.0522,100.0000
TN435251,El Ahouaz,الأحواز,TN4352,Sidi Bouzid Est,Sidi Bou Zid,Centre West,34.99102903,9.50087627,50.62907985,3,3,2837,647,629,4,14,3,2837,647,608,96.6614,94.5946,8,1.2719,-95.3895,13,2.0668,-94.5946,629,saied,maghzaoui,94.5946,22.8058,100.0000
TN435252,Bennour,بنور,TN4352,Sidi Bouzid Est,Sidi Bou Zid,Centre West,35.18061117,9.54227466,98.07830155,5,5,2837,860,839,9,12,5,2837,860,817,97.3778,96.0667,11,1.3111,-96.0667,11,1.3111,-96.0667,839,saied,maghzaoui,96.0667,30.3137,100.0000
TN435253,Faiedh,فانض,TN4352,Sidi Bouzid Est,Sidi Bou Zid,Centre West,35.07256038,9.68435917,58.68804299,5,5,3984,946,921,6,19,5,3984,946,895,97.1770,95.6569,12,1.3029,-95.8740,14,1.5201,-95.6569,921,saied,maghzaoui,95.6569,23.7450,100.0000
TN435254,El Assouad,الأسود,TN4352,Sidi Bouzid Est,Sidi Bou Zid,Centre West,35.07758664,9.53610341,117.3155964,6,6,5341,1444,1409,9,26,5,5341,1199,1329,94.3222,90.0639,60,4.2583,-90.0639,20,1.4194,-92.9028,1409,saied,zammel,90.0639,22.4490,83.3333
TN435255,El Amra,العامرة,TN4352,Sidi Bouzid Est,Sidi Bou Zid,Centre West,35.15322905,9.65093643,78.28011395,2,2,1651,518,507,3,8,2,1651,518,495,97.6331,95.6607,10,1.9724,-95.6607,2,0.3945,-97.2387,507,saied,zammel,95.6607,31.3749,100.0000
TN435256,El Makarem,المكارم,TN4352,Sidi Bouzid Est,Sidi Bou Zid,Centre West,35.21956624,9.64934467,56.59476253,4,4,2849,602,585,7,10,4,2849,602,570,97.4359,96.0684,7,1.1966,-96.2393,8,1.3675,-96.0684,585,saied,maghzaoui,96.0684,21.1302,100.0000
TN435257,El Makarem Est,المكارم الشرقية,TN4352,Sidi Bouzid Est,Sidi Bou Zid,Centre West,35.23638446,9.56776671,54.38069982,3,3,1196,576,550,5,21,2,1196,275,535,97.2727,95.8182,7,1.2727,-96.0000,8,1.4545,-95.8182,550,saied,maghzaoui,95.8182,22.9933,66.6667
TN435258,El Okla,العقلة,TN4352,Sidi Bouzid Est,Sidi Bou Zid,Centre West,35.10186108,9.6234505,48.44645472,4,4,3001,795,779,7,9,4,3001,795,755,96.9191,94.6085,18,2.3107,-94.6085,6,0.7702,-96.1489,779,saied,zammel,94.6085,26.4912,100.0000
TN435259,Ain Rebaou,عين رباو,TN4352,Sidi Bouzid Est,Sidi Bou Zid,Centre West,34.99279544,9.69570751,75.51148217,4,4,1805,712,671,2,39,4,1805,712,651,97.0194,95.0820,13,1.9374,-95.0820,7,1.0432,-95.9762,671,saied,zammel,95.0820,39.4460,100.0000
TN435260,El Henia Abazid,الحنية أبازيد,TN4352,Sidi Bouzid Est,Sidi Bou Zid,Centre West,35.02883695,9.73387163,51.0559746,3,3,2271,965,908,5,52,3,2271,965,869,95.7048,93.5022,20,2.2026,-93.5022,19,2.0925,-93.6123,908,saied,zammel,93.5022,42.4923,100.0000
TN435261,Garet Hadid,قارة حديد,TN4352,Sidi Bouzid Est,Sidi Bou Zid,Centre West,34.99615061,9.57651631,41.91289648,4,4,2162,798,782,1,15,3,2162,629,745,95.2685,92.5831,21,2.6854,-92.5831,16,2.0460,-93.2225,782,saied,zammel,92.5831,29.0934,75.0000
TN435262,Ezzitouna,الزيتونة,TN4352,Sidi Bouzid Est,Sidi Bou Zid,Centre West,34.91342743,9.49065348,64.30969048,4,4,2918,932,912,9,11,4,2918,932,891,97.6974,96.2719,13,1.4254,-96.2719,8,0.8772,-96.8202,912,saied,zammel,96.2719,31.9397,100.0000
TN435351,Jilma Est,جملة الشرقية,TN4353,Jelma,Sidi Bou Zid,Centre West,35.32212175,9.44652079,51.46852004,3,3,3091,526,504,3,19,3,3091,526,487,96.6270,93.6508,15,2.9762,-93.6508,2,0.3968,-96.2302,504,saied,zammel,93.6508,17.0171,100.0000
TN435352,Jilma Ouest,جلمة الغريبة,TN4353,Jelma,Sidi Bou Zid,Centre West,35.28315159,9.40038216,40.75517863,9,9,8436,2163,2076,25,62,9,8436,2163,1963,94.5568,90.5106,84,4.0462,-90.5106,29,1.3969,-93.1599,2076,saied,zammel,90.5106,25.6401,100.0000
TN435353,Lazirek,لزيرق,TN4353,Jelma,Sidi Bou Zid,Centre West,35.28060222,9.33901487,72.78540161,2,2,1717,510,495,2,13,2,1717,510,487,98.3838,97.5758,4,0.8081,-97.5758,4,0.8081,-97.5758,495,saied,maghzaoui,97.5758,29.7030,100.0000
TN435354,Selta,سلتة,TN4353,Jelma,Sidi Bou Zid,Centre West,35.36652365,9.26381278,80.59435159,4,4,2737,765,749,7,9,4,2737,765,729,97.3298,95.5941,13,1.7356,-95.5941,7,0.9346,-96.3952,749,saied,zammel,95.5941,27.9503,100.0000
TN435355,Zoghmar,زغمار,TN4353,Jelma,Sidi Bou Zid,Centre West,35.39733741,9.32680876,69.46431451,3,3,1824,396,381,2,13,3,1824,396,373,97.9003,96.8504,4,1.0499,-96.8504,4,1.0499,-96.8504,381,saied,maghzaoui,96.8504,21.7105,100.0000
TN435356,Ghedir Ezzitoun,غدير الزيتون,TN4353,Jelma,Sidi Bou Zid,Centre West,35.28441424,9.49360216,89.67299816,5,5,4106,1158,1125,6,27,5,4106,1158,1101,97.8667,96.3556,17,1.5111,-96.3556,7,0.6222,-97.2444,1125,saied,zammel,96.3556,28.2026,100.0000
TN435357,Baten Elghezel Sud,باطن الغزال الجنوبية,TN4353,Jelma,Sidi Bou Zid,Centre West,35.37689224,9.38413264,39.88569309,1,1,717,176,161,1,14,1,717,176,155,96.2733,92.5466,6,3.7267,-92.5466,0,0.0000,-96.2733,161,saied,zammel,92.5466,24.5467,100.0000
TN435358,Baten Elghezel Nord,باطن الغزال الشمالية,TN4353,Jelma,Sidi Bou Zid,Centre West,35.44703482,9.33575597,37.84320565,2,2,1620,592,570,4,18,2,1620,592,562,98.5965,97.5439,6,1.0526,-97.5439,2,0.3509,-98.2456,570,saied,zammel,97.5439,36.5432,100.0000
TN435359,El Adhla,العضلة,TN4353,Jelma,Sidi Bou Zid,Centre West,35.42549647,9.4157053,64.91745318,3,3,2211,789,766,8,15,3,2211,789,744,97.1279,95.3003,14,1.8277,-95.3003,8,1.0444,-96.0836,766,saied,zammel,95.3003,35.6852,100.0000
TN435360,El Hamima,الحميمة,TN4353,Jelma,Sidi Bou Zid,Centre West,35.20793324,9.43310534,71.25522962,3,3,3248,881,852,7,22,3,3248,881,815,95.6573,93.0751,15,1.7606,-93.8967,22,2.5822,-93.0751,852,saied,maghzaoui,93.0751,27.1244,100.0000
TN435361,El Abaiedh,الأبيض,TN4353,Jelma,Sidi Bou Zid,Centre West,35.43983899,9.4581843,50.60377457,2,2,1959,830,789,11,30,2,1959,830,777,98.4791,97.2117,10,1.2674,-97.2117,2,0.2535,-98.2256,789,saied,zammel,97.2117,42.3686,100.0000
TN435451,Cebalet,السبالة,TN4354,Sabalat Ouled Asker,Sidi Bou Zid,Centre West,35.18442632,9.27749213,31.53913768,5,5,5154,996,968,7,21,5,5154,996,911,94.1116,89.9793,40,4.1322,-89.9793,17,1.7562,-92.3554,968,saied,zammel,89.9793,19.3248,100.0000
TN435452,El Amra,العامرة,TN4354,Sabalat Ouled Asker,Sidi Bou Zid,Centre West,35.12349796,9.30795271,59.02761588,5,5,4322,954,1062,5,34,4,3597,954,1039,97.8343,96.4218,15,1.4124,-96.4218,8,0.7533,-97.0810,1062,saied,zammel,96.4218,26.5221,80.0000
TN435453,Essed,السد,TN4354,Sabalat Ouled Asker,Sidi Bou Zid,Centre West,35.19861283,9.33834592,63.21393548,5,5,3769,1009,970,11,28,5,3769,1009,948,97.7320,96.2887,8,0.8247,-96.9072,14,1.4433,-96.2887,970,saied,maghzaoui,96.2887,26.7710,100.0000
TN435454,Meghila,مغيلة,TN4354,Sabalat Ouled Asker,Sidi Bou Zid,Centre West,35.26672452,9.26250211,69.25746602,3,3,2674,753,729,8,16,3,2674,753,721,98.9026,97.8052,0,0.0000,-98.9026,8,1.0974,-97.8052,729,saied,maghzaoui,97.8052,28.1601,100.0000
TN435455,El Ayoun,العيون,TN4354,Sabalat Ouled Asker,Sidi Bou Zid,Centre West,35.31697023,9.21308944,72.52420541,3,3,1649,557,545,1,11,3,1649,557,538,98.7156,97.7982,5,0.9174,-97.7982,2,0.3670,-98.3486,545,saied,zammel,97.7982,33.7780,100.0000
TN435551,Bir El Hafey,بئر الحفي,TN4355,Bir El Hfay,Sidi Bou Zid,Centre West,34.95550086,9.19673557,95.24338188,12,12,11913,3435,3318,26,91,12,11913,3435,3196,96.3231,94.2435,69,2.0796,-94.2435,53,1.5973,-94.7257,3318,saied,zammel,94.2435,28.8340,100.0000
TN435552,El Mohamdia,المحمدية,TN4355,Bir El Hfay,Sidi Bou Zid,Centre West,34.98322575,9.1601909,47.38177532,1,1,354,50,49,0,1,1,354,50,48,97.9592,95.9184,0,0.0000,-97.9592,1,2.0408,-95.9184,49,saied,maghzaoui,95.9184,14.1243,100.0000
TN435553,El Ksar,القصر,TN4355,Bir El Hfay,Sidi Bou Zid,Centre West,34.96864349,9.33963989,66.81498474,3,3,2706,871,849,4,18,3,2706,871,824,97.0554,95.0530,8,0.9423,-96.1131,17,2.0024,-95.0530,849,saied,maghzaoui,95.0530,32.1877,100.0000
TN435554,Bir Amama,بئر عمامة,TN4355,Bir El Hfay,Sidi Bou Zid,Centre West,34.87316857,9.30325087,51.55864541,4,4,2234,552,527,6,19,4,2234,552,518,98.2922,97.3435,4,0.7590,-97.5332,5,0.9488,-97.3435,527,saied,maghzaoui,97.3435,24.7090,100.0000
TN435555,El Mezara,المزارة,TN4355,Bir El Hfay,Sidi Bou Zid,Centre West,34.9646463,9.27746416,66.71279028,3,3,3374,965,940,10,15,3,3374,965,911,96.9149,95.3191,14,1.4894,-95.4255,15,1.5957,-95.3191,940,saied,maghzaoui,95.3191,28.6011,100.0000
TN435556,Essalama,السلامة,TN4355,Bir El Hfay,Sidi Bou Zid,Centre West,34.81703367,9.38051473,39.25484786,3,3,2189,558,541,5,12,3,2189,558,507,93.7153,89.6488,22,4.0665,-89.6488,12,2.2181,-91.4972,541,saied,zammel,89.6488,25.4911,100.0000
TN435557,Ourgha,ورغة,TN4355,Bir El Hfay,Sidi Bou Zid,Centre West,34.78716891,9.29278648,50.02488137,3,3,2066,736,718,4,14,3,2066,736,698,97.2145,95.4039,13,1.8106,-95.4039,7,0.9749,-96.2396,718,saied,zammel,95.4039,35.6244,100.0000
TN435558,Rahal,رحال,TN4355,Bir El Hfay,Sidi Bou Zid,Centre West,34.79079509,9.33738309,63.82218549,5,5,4163,1844,1813,11,20,5,4163,1844,1781,98.2350,97.1870,19,1.0480,-97.1870,13,0.7170,-97.5179,1813,saied,zammel,97.1870,44.2950,100.0000
TN435559,Bir Bousbiaa,بئر بوصبيع,TN4355,Bir El Hfay,Sidi Bou Zid,Centre West,34.89777633,9.26778416,34.28090943,2,2,2055,534,529,2,3,2,2055,534,520,98.2987,97.1645,6,1.1342,-97.1645,3,0.5671,-97.7316,529,saied,zammel,97.1645,25.9854,100.0000
TN435651,Sidi Ali Ben Aoun,سيدي علي بن عون,TN4356,Sidi Ali Ben Aoun,Sidi Bou Zid,Centre West,34.88771316,9.14822496,138.66891767,10,10,9354,2912,2819,14,79,10,9354,2912,2713,96.2398,93.5438,76,2.6960,-93.5438,30,1.0642,-95.1756,2819,saied,zammel,93.5438,31.1311,100.0000
TN435652,Errabta,الرابطة,TN4356,Sidi Ali Ben Aoun,Sidi Bou Zid,Centre West,34.76067244,9.22545406,154.75508181,5,5,3002,1172,1150,4,18,4,3002,975,1114,96.8696,94.7826,24,2.0870,-94.7826,12,1.0435,-95.8261,1150,saied,zammel,94.7826,32.4783,80.0000
TN435653,Essahla,الساهلة,TN4356,Sidi Ali Ben Aoun,Sidi Bou Zid,Centre West,34.83703481,9.08336475,94.71601076,2,2,1330,326,319,1,6,2,1330,326,313,98.1191,96.8652,4,1.2539,-96.8652,2,0.6270,-97.4922,319,saied,zammel,96.8652,24.5113,100.0000
TN435654,El Ouaara,الواعرة,TN4356,Sidi Ali Ben Aoun,Sidi Bou Zid,Centre West,34.81016814,9.01608833,29.8836762,3,3,1807,597,573,7,17,3,1807,597,566,98.7784,97.9058,5,0.8726,-97.9058,2,0.3490,-98.4293,573,saied,zammel,97.9058,33.0382,100.0000
TN435655,Ouled Brahim,أولاد إبراهيم,TN4356,Sidi Ali Ben Aoun,Sidi Bou Zid,Centre West,34.77851499,8.98746069,63.1694693,2,2,1563,576,556,1,19,2,1563,576,548,98.5612,97.1223,8,1.4388,-97.1223,0,0.0000,-98.5612,556,saied,zammel,97.1223,36.8522,100.0000
TN435656,El Mansoura Est,المنصورة الشرقية,TN4356,Sidi Ali Ben Aoun,Sidi Bou Zid,Centre West,34.73440784,9.12070477,81.64742526,2,2,939,350,345,3,2,2,939,350,337,97.6812,96.5217,4,1.1594,-96.5217,4,1.1594,-96.5217,345,saied,maghzaoui,96.5217,37.2737,100.0000
TN435657,El Mansoura Ouest,المنصورة الغربية,TN4356,Sidi Ali Ben Aoun,Sidi Bou Zid,Centre West,34.74348209,9.04035361,51.76818397,2,2,1651,522,507,2,13,2,1651,522,485,95.6607,92.8994,14,2.7613,-92.8994,8,1.5779,-94.0828,507,saied,zammel,92.8994,31.6172,100.0000
TN435751,Menzel Bouzaiane,منزل بوزيان,TN4357,Menzel Bouzaiene,Sidi Bou Zid,Centre West,34.56962581,9.4177927,1.07086876,4,4,4553,1330,1291,14,25,4,4553,1330,1209,93.6483,89.6204,30,2.3238,-91.3246,52,4.0279,-89.6204,1291,saied,maghzaoui,89.6204,29.2115,100.0000
TN435752,En-Nouamer,النوامر,TN4357,Menzel Bouzaiene,Sidi Bou Zid,Centre West,34.60943728,9.42834906,104.80920193,8,8,5568,1940,1898,13,29,8,5568,1940,1774,93.4668,89.5153,49,2.5817,-90.8851,75,3.9515,-89.5153,1898,saied,maghzaoui,89.5153,34.8420,100.0000
TN435753,Kallel,قلال,TN4357,Menzel Bouzaiene,Sidi Bou Zid,Centre West,34.69537266,9.34916149,92.35693519,6,6,4504,1955,1906,18,31,6,4504,1955,1811,95.0157,92.0776,56,2.9381,-92.0776,39,2.0462,-92.9696,1906,saied,zammel,92.0776,43.4059,100.0000
TN435754,El Khorchef,الخرشف,TN4357,Menzel Bouzaiene,Sidi Bou Zid,Centre West,34.71392217,9.51198758,94.07326898,4,4,2301,801,789,4,8,4,2301,801,750,95.0570,92.5222,20,2.5349,-92.5222,19,2.4081,-92.6489,789,saied,zammel,92.5222,34.8110,100.0000
TN435755,El Kharrouba,الخروبة,TN4357,Menzel Bouzaiene,Sidi Bou Zid,Centre West,34.67156312,9.42783647,87.26160292,5,5,1685,502,490,4,8,5,1685,502,459,93.6735,89.7959,19,3.8776,-89.7959,12,2.4490,-91.2245,490,saied,zammel,89.7959,29.7923,100.0000
TN435756,El Omria,العمرية,TN4357,Menzel Bouzaiene,Sidi Bou Zid,Centre West,34.61948289,9.31993167,63.10077938,4,4,1103,483,468,5,10,4,1103,483,431,92.0940,86.3248,10,2.1368,-89.9573,27,5.7692,-86.3248,468,saied,maghzaoui,86.3248,43.7897,100.0000
TN435757,El Omrane,العمران,TN4357,Menzel Bouzaiene,Sidi Bou Zid,Centre West,34.53426437,9.40889543,112.25910368,4,4,1877,845,804,11,30,4,1877,845,773,96.1443,93.7811,12,1.4925,-94.6517,19,2.3632,-93.7811,804,saied,maghzaoui,93.7811,45.0186,100.0000
TN435851,El Jebbes,الجباس,TN4358,Meknassi,Sidi Bou Zid,Centre West,34.72084673,9.63481357,90.79925318,1,1,585,109,105,0,4,1,585,109,103,98.0952,96.1905,0,0.0000,-98.0952,2,1.9048,-96.1905,105,saied,maghzaoui,96.1905,18.6325,100.0000
TN435852,Gheris Ouest,الغريس الغربية,TN4358,Meknassi,Sidi Bou Zid,Centre West,34.64664565,9.76708133,90.03482765,3,3,1856,569,557,4,8,3,1856,569,542,97.3070,95.8707,7,1.2567,-96.0503,8,1.4363,-95.8707,557,saied,maghzaoui,95.8707,30.6573,100.0000
TN435853,Mech,مش,TN4358,Meknassi,Sidi Bou Zid,Centre West,34.50641525,9.51790796,63.00806168,3,3,1143,386,369,2,15,3,1143,386,359,97.2900,95.3930,3,0.8130,-96.4770,7,1.8970,-95.3930,369,saied,maghzaoui,95.3930,33.7708,100.0000
TN435854,Meknassy Est,المكناسي الشرقية,TN4358,Meknassi,Sidi Bou Zid,Centre West,34.58679082,9.65570394,68.80435069,4,4,3915,1304,1257,12,34,4,3915,1304,1166,92.7605,88.2259,34,2.7049,-90.0557,57,4.5346,-88.2259,1257,saied,maghzaoui,88.2259,33.3078,100.0000
TN435855,Meknassy Ouest,المكناسي الغربية,TN4358,Meknassi,Sidi Bou Zid,Centre West,34.55161132,9.62023894,52.4410611,4,4,3589,1319,1272,8,39,4,3589,1319,1150,90.4088,84.7484,50,3.9308,-86.4780,72,5.6604,-84.7484,1272,saied,maghzaoui,84.7484,36.7512,100.0000
TN435856,Meknassy Nord,المكناسي الشمالية,TN4358,Meknassi,Sidi Bou Zid,Centre West,34.62241641,9.60162726,41.76287107,5,5,4679,1633,1566,18,49,5,4679,1633,1429,91.2516,86.8455,68,4.3423,-86.9093,69,4.4061,-86.8455,1566,saied,maghzaoui,86.8455,34.9006,100.0000
TN435857,Ezzouaraa,الزوارع,TN4358,Meknassi,Sidi Bou Zid,Centre West,34.73249722,9.70355588,46.85536608,1,1,639,248,239,0,9,1,639,248,224,93.7238,89.9582,9,3.7657,-89.9582,6,2.5105,-91.2134,239,saied,zammel,89.9582,38.8106,100.0000
TN435858,El Mabrouka,المبروكة,TN4358,Meknassi,Sidi Bou Zid,Centre West,34.67897713,9.58602544,107.02268686,1,1,714,316,302,4,10,1,714,316,291,96.3576,94.3709,5,1.6556,-94.7020,6,1.9868,-94.3709,302,saied,maghzaoui,94.3709,44.2577,100.0000
TN435859,Ennasr,النصر,TN4358,Meknassi,Sidi Bou Zid,Centre West,34.56386998,9.53313606,63.01814811,2,2,1402,517,502,1,14,2,1402,517,479,95.4183,92.8287,10,1.9920,-93.4263,13,2.5896,-92.8287,502,saied,maghzaoui,92.8287,36.8759,100.0000
TN435951,Souk Jedid,سوق الجديد,TN4359,Souk Jedid,Sidi Bou Zid,Centre West,34.90697098,9.58030802,57.49424367,4,4,3324,960,930,11,19,4,3324,960,892,95.9140,93.3333,24,2.5806,-93.3333,14,1.5054,-94.4086,930,saied,zammel,93.3333,28.8809,100.0000
TN435952,Ghiriouis,غريويس,TN4359,Souk Jedid,Sidi Bou Zid,Centre West,34.94629028,9.65358053,37.81276869,3,3,834,483,468,7,8,2,834,271,459,98.0769,96.5812,7,1.4957,-96.5812,2,0.4274,-97.6496,468,saied,zammel,96.5812,32.4940,66.6667
TN435953,Ksaira,القصيرة,TN4359,Souk Jedid,Sidi Bou Zid,Centre West,34.97077246,9.60250644,13.76318407,2,2,1714,602,586,4,12,2,1714,602,571,97.4403,95.7338,10,1.7065,-95.7338,5,0.8532,-96.5870,586,saied,zammel,95.7338,35.1225,100.0000
TN435954,Sekdal,سقدال,TN4359,Souk Jedid,Sidi Bou Zid,Centre West,34.92568213,9.61208574,22.80434099,3,3,2207,738,719,1,18,3,2207,738,708,98.4701,97.4965,7,0.9736,-97.4965,4,0.5563,-97.9138,719,saied,zammel,97.4965,33.4391,100.0000
TN435955,Erremelia,الرميلية,TN4359,Souk Jedid,Sidi Bou Zid,Centre West,34.80362392,9.58534019,88.13578904,5,5,2576,998,967,11,20,5,2576,998,926,95.7601,92.5543,31,3.2058,-92.5543,10,1.0341,-94.7260,967,saied,zammel,92.5543,38.7422,100.0000
TN435956,Ezzafzaf,الزفزاف,TN4359,Souk Jedid,Sidi Bou Zid,Centre West,34.80002634,9.49271462,60.44964649,4,4,3180,1328,1277,10,41,4,3180,1328,1260,98.6688,97.8074,6,0.4699,-98.1989,11,0.8614,-97.8074,1277,saied,maghzaoui,97.8074,41.7610,100.0000
TN435957,Bir Badr,بئر بدر,TN4359,Souk Jedid,Sidi Bou Zid,Centre West,34.86994443,9.52070649,65.88917294,3,3,2396,793,767,6,20,3,2396,793,753,98.1747,97.2621,7,0.9126,-97.2621,7,0.9126,-97.2621,767,saied,maghzaoui,97.2621,33.0968,100.0000
TN436051,Mezzouna,المزونة,TN4360,Mazzouna,Sidi Bou Zid,Centre West,34.55078427,9.85962629,79.96451406,7,7,6702,2523,2465,10,48,7,6702,2523,2353,95.4564,92.0487,84,3.4077,-92.0487,28,1.1359,-94.3205,2465,saied,zammel,92.0487,37.6455,100.0000
TN436052,El Founi,الفوني,TN4360,Mazzouna,Sidi Bou Zid,Centre West,34.49366629,9.95874796,74.51848619,3,3,1719,454,436,6,12,3,1719,454,405,92.8899,87.3853,24,5.5046,-87.3853,7,1.6055,-91.2844,436,saied,zammel,87.3853,26.4107,100.0000
TN436053,Bou Hedma,بوهدمة,TN4360,Mazzouna,Sidi Bou Zid,Centre West,34.43689714,9.5547915,159.11492104,4,4,1905,815,800,6,9,4,1905,815,786,98.2500,97.3750,7,0.8750,-97.3750,7,0.8750,-97.3750,800,saied,maghzaoui,97.3750,42.7822,100.0000
TN436054,El Gheris Est,الغريس الشرقية,TN4360,Mazzouna,Sidi Bou Zid,Centre West,34.61844848,9.83006261,74.00907501,2,2,511,409,401,3,5,1,511,192,394,98.2544,97.2569,4,0.9975,-97.2569,3,0.7481,-97.5062,401,saied,zammel,97.2569,37.5734,50.0000
TN436055,Khobna,الخبنة,TN4360,Mazzouna,Sidi Bou Zid,Centre West,34.3632537,9.61221052,228.30490495,2,2,1370,603,584,9,10,2,1370,603,572,97.9452,96.9178,6,1.0274,-96.9178,6,1.0274,-96.9178,584,saied,maghzaoui,96.9178,44.0146,100.0000
TN436056,Eddaouara,الدوارة,TN4360,Mazzouna,Sidi Bou Zid,Centre West,34.54123901,9.74038002,100.28527904,2,2,247,545,539,3,3,1,247,94,513,95.1763,91.4657,20,3.7106,-91.4657,6,1.1132,-94.0631,539,saied,zammel,91.4657,38.0567,50.0000
TN436057,El Khaoui,الخوي,TN4360,Mazzouna,Sidi Bou Zid,Centre West,34.54851772,9.95209838,44.66335077,2,2,1808,544,526,6,12,2,1808,544,492,93.5361,88.9734,24,4.5627,-88.9734,10,1.9011,-91.6350,526,saied,zammel,88.9734,30.0885,100.0000
TN436058,El Besbes,البسباس,TN4360,Mazzouna,Sidi Bou Zid,Centre West,34.43211204,9.8444463,232.19524146,2,2,1466,601,588,4,9,2,1466,601,573,97.4490,95.2381,13,2.2109,-95.2381,2,0.3401,-97.1088,588,saied,zammel,95.2381,40.9959,100.0000
TN436059,Essed,السد,TN4360,Mazzouna,Sidi Bou Zid,Centre West,34.4279037,9.72395085,144.65989029,4,4,1762,754,923,4,10,3,1762,754,893,96.7497,94.9079,17,1.8418,-94.9079,13,1.4085,-95.3413,923,saied,zammel,94.9079,42.7923,75.0000
TN436151,Regueb,الرقاب,TN4361,Regueb,Sidi Bou Zid,Centre West,34.8604055,9.78663203,11.92612028,12,12,9867,3476,3392,28,56,11,9867,3249,3135,92.4233,86.2618,209,6.1616,-86.2618,48,1.4151,-91.0083,3392,saied,zammel,86.2618,32.9279,91.6667
TN436152,Khechem Ouest,الخشم الغربية,TN4361,Regueb,Sidi Bou Zid,Centre West,35.02715163,9.95003708,33.96801359,4,4,2905,892,863,9,20,4,2905,892,837,96.9873,94.9015,18,2.0857,-94.9015,8,0.9270,-96.0603,863,saied,zammel,94.9015,30.7057,100.0000
TN436153,Essaida Nord,السعيدة الشمالية,TN4361,Regueb,Sidi Bou Zid,Centre West,34.97914229,9.92409553,84.76662759,7,7,6019,1779,1717,29,33,7,6019,1779,1641,95.5737,92.4287,54,3.1450,-92.4287,22,1.2813,-94.2924,1717,saied,zammel,92.4287,29.5564,100.0000
TN436154,Ksar El Hammam Est,قصر الحمام الشرقية,TN4361,Regueb,Sidi Bou Zid,Centre West,34.87435732,9.89558598,66.2017574,4,4,2668,869,854,4,11,4,2668,869,832,97.4239,95.9016,13,1.5222,-95.9016,9,1.0539,-96.3700,854,saied,zammel,95.9016,32.5712,100.0000
TN436155,Gouleb,قولاب,TN4361,Regueb,Sidi Bou Zid,Centre West,34.75694907,9.73988286,89.54244309,5,5,2383,782,770,4,8,5,2383,782,757,98.3117,96.8831,11,1.4286,-96.8831,2,0.2597,-98.0519,770,saied,zammel,96.8831,32.8158,100.0000
TN436156,Erradhaa,الرضاع,TN4361,Regueb,Sidi Bou Zid,Centre West,34.69003391,9.84259662,54.58115737,3,3,1575,552,542,4,6,2,1575,424,527,97.2325,95.3875,10,1.8450,-95.3875,5,0.9225,-96.3100,542,saied,zammel,95.3875,26.9206,66.6667
TN436157,Erradhaa Est,الرضاع الشرقية,TN4361,Regueb,Sidi Bou Zid,Centre West,34.7165552,9.88513379,38.96899069,3,3,2175,621,608,6,7,3,2175,621,582,95.7237,92.2697,21,3.4539,-92.2697,5,0.8224,-94.9013,608,saied,zammel,92.2697,28.5517,100.0000
TN436158,Boudinar,بودينار,TN4361,Regueb,Sidi Bou Zid,Centre West,34.90419273,9.69617863,73.30055318,2,2,1649,483,474,4,5,2,1649,483,465,98.1013,97.0464,5,1.0549,-97.0464,4,0.8439,-97.2574,474,saied,zammel,97.0464,29.2905,100.0000
TN436159,Ksar El Hammam Ouest,قصر الحمام الغربية,TN4361,Regueb,Sidi Bou Zid,Centre West,34.9207596,9.77079385,81.39377355,3,3,2545,810,798,5,7,3,2545,810,783,98.1203,96.3659,14,1.7544,-96.3659,1,0.1253,-97.9950,798,saied,zammel,96.3659,31.8271,100.0000
TN436160,Gobrar,قبرار,TN4361,Regueb,Sidi Bou Zid,Centre West,34.94041777,9.82322793,49.19866168,3,3,2204,694,665,6,23,3,2204,694,625,93.9850,90.2256,25,3.7594,-90.2256,15,2.2556,-91.7293,665,saied,zammel,90.2256,31.4882,100.0000
TN436161,Rihana,ريحانة,TN4361,Regueb,Sidi Bou Zid,Centre West,34.82668091,9.69353295,106.05983384,3,3,2486,740,724,5,11,3,2486,740,707,97.6519,95.9945,12,1.6575,-95.9945,5,0.6906,-96.9613,724,saied,zammel,95.9945,29.7667,100.0000
TN436162,Essekba,السكبة,TN4361,Regueb,Sidi Bou Zid,Centre West,34.78161956,9.84368234,92.00758913,1,1,1254,420,410,0,10,1,1254,420,407,99.2683,98.7805,2,0.4878,-98.7805,1,0.2439,-99.0244,410,saied,zammel,98.7805,33.4928,100.0000
TN436163,Khechem Est,الخشم الشرقية,TN4361,Regueb,Sidi Bou Zid,Centre West,35.00171345,10.01625211,61.92255013,4,4,3659,1080,1034,19,27,4,3659,1080,998,96.5184,94.3907,22,2.1277,-94.3907,14,1.3540,-95.1644,1034,saied,zammel,94.3907,29.5163,100.0000
TN436164,Essaida Sud,السعيدة الجنوبية,TN4361,Regueb,Sidi Bou Zid,Centre West,34.96562872,9.8565912,55.28811729,3,3,2576,718,687,10,21,3,2576,718,669,97.3799,95.7787,11,1.6012,-95.7787,7,1.0189,-96.3610,687,saied,zammel,95.7787,27.8727,100.0000
TN436165,Essaida Est,السعيدة الشرقية,TN4361,Regueb,Sidi Bou Zid,Centre West,34.9012928,9.96870976,57.3733096,4,4,2920,789,762,8,19,4,2920,789,706,92.6509,86.6142,46,6.0367,-86.6142,10,1.3123,-91.3386,762,saied,zammel,86.6142,27.0205,100.0000
TN436166,Ferch Gharib,فرش غريب,TN4361,Regueb,Sidi Bou Zid,Centre West,34.80386817,9.91957562,36.99695085,3,3,2360,909,874,3,32,3,2360,909,852,97.4828,95.7666,15,1.7162,-95.7666,7,0.8009,-96.6819,874,saied,zammel,95.7666,38.5169,100.0000
TN436167,Ouled Ayouni,أولاد عيوني,TN4361,Regueb,Sidi Bou Zid,Centre West,34.82987763,9.8366793,41.61260982,2,2,1238,540,524,2,14,2,1238,540,511,97.5191,95.9924,8,1.5267,-95.9924,5,0.9542,-96.5649,524,saied,zammel,95.9924,43.6187,100.0000
TN436251,Ouled Haffouz,أولاد حفوز,TN4362,Ouled Haffouz,Sidi Bou Zid,Centre West,35.08333704,9.8451826,23.64054752,5,5,3837,1363,1321,11,31,5,3837,1363,1270,96.1393,94.1711,25,1.8925,-94.2468,26,1.9682,-94.1711,1321,saied,maghzaoui,94.1711,35.5225,100.0000
TN436252,Dheouibet Sud,الدويبات الجنوبية,TN4362,Ouled Haffouz,Sidi Bou Zid,Centre West,35.09452907,9.97240557,59.94502955,4,4,2150,790,758,5,27,4,2150,790,742,97.8892,96.4380,11,1.4512,-96.4380,5,0.6596,-97.2296,758,saied,zammel,96.4380,36.7442,100.0000
TN436253,Sidi Khelif,سيدي خليف,TN4362,Ouled Haffouz,Sidi Bou Zid,Centre West,35.14422693,9.81448931,54.57923808,3,3,1533,475,453,9,13,3,1533,475,423,93.3775,88.9625,20,4.4150,-88.9625,10,2.2075,-91.1700,453,saied,zammel,88.9625,30.9850,100.0000
TN436254,El Henia,الحنية,TN4362,Ouled Haffouz,Sidi Bou Zid,Centre West,35.07941175,9.76555041,59.6527085,3,3,1871,662,633,6,23,3,1871,662,586,92.5750,86.2559,40,6.3191,-86.2559,7,1.1058,-91.4692,633,saied,zammel,86.2559,35.3821,100.0000
TN436255,Kassouda,كسودة,TN4362,Ouled Haffouz,Sidi Bou Zid,Centre West,35.10840469,9.89195068,67.04293712,3,3,2152,888,842,4,42,3,2152,888,822,97.6247,96.3183,9,1.0689,-96.5558,11,1.3064,-96.3183,842,saied,maghzaoui,96.3183,41.2639,100.0000
TN436256,El Mebarkia,المباركية,TN4362,Ouled Haffouz,Sidi Bou Zid,Centre West,35.03418331,9.80624135,34.17368675,3,3,1136,382,362,2,18,3,1136,382,355,98.0663,96.6851,5,1.3812,-96.6851,2,0.5525,-97.5138,362,saied,zammel,96.6851,33.6268,100.0000
TN436257,Ech-Cheouachia,الشواشية,TN4362,Ouled Haffouz,Sidi Bou Zid,Centre West,35.03826035,9.8613881,28.57825487,1,1,851,392,382,3,7,1,851,392,369,96.5969,93.9791,10,2.6178,-93.9791,3,0.7853,-95.8115,382,saied,zammel,93.9791,46.0635,100.0000
TN436258,Sidi Ellafi,سيدي اللافي,TN4362,Ouled Haffouz,Sidi Bou Zid,Centre West,35.16750006,9.74722203,39.72843825,1,1,1176,270,245,5,20,1,1176,270,235,95.9184,93.0612,7,2.8571,-93.0612,3,1.2245,-94.6939,245,saied,zammel,93.0612,22.9592,100.0000
TN436259,Dheouibet Nord,الذويبات الشمالية,TN4362,Ouled Haffouz,Sidi Bou Zid,Centre West,35.16806526,9.93610288,55.02039588,3,3,1640,529,506,3,20,3,1640,529,499,98.6166,97.8261,4,0.7905,-97.8261,3,0.5929,-98.0237,506,saied,zammel,97.8261,32.2561,100.0000
TN515151,Secteur (1),المنطقة الأولى,TN5151,Gabès Médina,Gabès,South East,33.88826801,10.08605076,1.4730583,4,4,3864,1351,1302,16,33,3,3864,982,1130,86.7896,75.9601,141,10.8295,-75.9601,31,2.3810,-84.4086,1302,saied,zammel,75.9601,25.4141,75.0000
TN515152,Secteur (2),المنطقة الثانية,TN5151,Gabès Médina,Gabès,South East,33.87700267,10.09210079,1.30625564,6,6,6061,1937,1879,13,45,6,6061,1937,1580,84.0873,71.3677,239,12.7195,-71.3677,60,3.1932,-80.8941,1879,saied,zammel,71.3677,31.9584,100.0000
TN515153,Secteur (3),المنطقة الثالثة,TN5151,Gabès Médina,Gabès,South East,33.89206874,10.09251933,3.08473027,15,15,17027,4769,4602,36,131,15,17027,4769,4099,89.0700,79.7479,429,9.3220,-79.7479,74,1.6080,-87.4620,4602,saied,zammel,79.7479,28.0085,100.0000
TN515154,Secteur (4),المنطقة الرابعة,TN5151,Gabès Médina,Gabès,South East,33.88741328,10.10971128,2.88199583,6,6,6231,1751,1688,13,50,6,6231,1751,1501,88.9218,80.3318,145,8.5900,-80.3318,42,2.4882,-86.4336,1688,saied,zammel,80.3318,28.1014,100.0000
TN515155,Chott Sidi Abdesselam,شط سيدي عبد السلام,TN5151,Gabès Médina,Gabès,South East,33.91485808,10.08989218,7.7693983,6,6,5938,1715,1645,13,57,5,5709,1425,1476,89.7264,80.6079,150,9.1185,-80.6079,19,1.1550,-88.5714,1645,saied,zammel,80.6079,24.9606,83.3333
TN515251,Er-Remathi,الرماثي,TN5152,Gabès Ouest,Gabès,South East,33.87573951,9.94360646,74.55180454,3,3,1738,526,503,3,20,3,1738,526,481,95.6262,92.2465,17,3.3797,-92.2465,5,0.9940,-94.6322,503,saied,zammel,92.2465,30.2647,100.0000
TN515252,Bou-Chemma,بوشمة,TN5152,Gabès Ouest,Gabès,South East,33.90761255,10.02618102,50.07532232,9,9,8967,2871,2766,26,79,9,8967,2871,2501,90.4194,82.9718,206,7.4476,-82.9718,59,2.1330,-88.2863,2766,saied,zammel,82.9718,32.0174,100.0000
TN515253,Nahal,النحال,TN5152,Gabès Ouest,Gabès,South East,33.88116907,10.07681017,3.40614316,2,2,2145,706,686,4,16,2,2145,706,604,88.0466,78.1341,68,9.9125,-78.1341,14,2.0408,-86.0058,686,saied,zammel,78.1341,32.9138,100.0000
TN515254,Jaouaoula,الجواولة,TN5152,Gabès Ouest,Gabès,South East,33.88116907,10.05742373,1.61538893,1,1,1048,397,388,3,6,1,1048,397,340,87.6289,77.3196,40,10.3093,-77.3196,8,2.0619,-85.5670,388,saied,zammel,77.3196,37.8817,100.0000
TN515255,Chenini Nord,شنني الشمالية,TN5152,Gabès Ouest,Gabès,South East,33.86548125,10.01368107,13.64171303,2,2,1969,658,628,13,17,2,1969,658,538,85.6688,73.4076,77,12.2611,-73.4076,13,2.0701,-83.5987,628,saied,zammel,73.4076,33.4180,100.0000
TN515256,Chenini Est,شنني الشرقية,TN5152,Gabès Ouest,Gabès,South East,33.8693485,10.05720677,0.85220854,4,4,3086,1350,1294,15,41,3,3086,1058,1154,89.1808,80.4482,113,8.7326,-80.4482,27,2.0866,-87.0943,1294,saied,zammel,80.4482,34.2839,75.0000
TN515257,Chenini Ouest,شنني الغربية,TN5152,Gabès Ouest,Gabès,South East,33.85948882,10.0622004,10.22837634,4,4,3187,1127,1077,15,35,4,3187,1127,907,84.2154,70.4735,148,13.7419,-70.4735,22,2.0427,-82.1727,1077,saied,zammel,70.4735,35.3624,100.0000
TN515351,Teboulbou,تبلبو,TN5153,Gabès Sud,Gabès,South East,33.81273557,10.13537208,67.57381973,15,15,13982,4754,4558,46,150,14,13982,4381,3956,86.7925,76.9855,447,9.8069,-76.9855,155,3.4006,-83.3918,4558,saied,zammel,76.9855,31.3331,93.3333
TN515352,Sidi Boulbaba,سيدي بولبابة,TN5153,Gabès Sud,Gabès,South East,33.85653057,10.08811334,6.29807336,18,18,20051,5111,4953,45,113,18,20051,5111,4253,85.8672,74.2984,573,11.5687,-74.2984,127,2.5641,-83.3030,4953,saied,zammel,74.2984,25.4900,100.0000
TN515353,Zrig Eddakhlania,زريق الدخلانية,TN5153,Gabès Sud,Gabès,South East,33.85435162,10.10070598,1.94755995,4,4,5085,1378,1326,15,37,4,5085,1378,1159,87.4057,77.3002,134,10.1056,-77.3002,33,2.4887,-84.9170,1326,saied,zammel,77.3002,27.0993,100.0000
TN515354,Secteur (5),المنطقة الخامسة,TN5153,Gabès Sud,Gabès,South East,33.86791436,10.11667243,5.93784603,14,14,13975,3414,3934,45,75,12,12969,3414,3247,82.5369,68.9629,534,13.5740,-68.9629,153,3.8892,-78.6477,3934,saied,zammel,68.9629,26.3243,85.7143
TN515355,El Medou,المدو,TN5153,Gabès Sud,Gabès,South East,33.80000525,10.01826786,117.99212191,3,3,1874,510,489,5,16,3,1874,510,469,95.9100,93.6605,11,2.2495,-93.6605,9,1.8405,-94.0695,489,saied,zammel,93.6605,27.2145,100.0000
TN515356,Limaoua,ليماوة,TN5153,Gabès Sud,Gabès,South East,33.73030135,10.09482739,51.59643246,1,1,514,150,141,4,5,1,514,150,138,97.8723,95.7447,3,2.1277,-95.7447,0,0.0000,-97.8723,141,saied,zammel,95.7447,29.1829,100.0000
TN515357,El Amazir,الأمازير,TN5153,Gabès Sud,Gabès,South East,33.75110848,9.97479417,42.08947533,1,1,737,170,163,2,5,1,737,170,130,79.7546,64.4172,25,15.3374,-64.4172,8,4.9080,-74.8466,163,saied,zammel,64.4172,23.0665,100.0000
TN515451,Ghanouch Est,غنوش الشرقية,TN5154,Ghannouch,Gabès,South East,33.93896165,10.07293355,1.65739944,6,6,3798,1451,1405,8,38,5,3798,1088,1278,90.9609,83.2028,109,7.7580,-83.2028,18,1.2811,-89.6797,1405,saied,zammel,83.2028,28.6467,83.3333
TN515452,Ghanouch Ouest,غنوش الغربية,TN5154,Ghannouch,Gabès,South East,33.95429391,10.04940341,7.85206237,7,7,6854,1930,1852,11,67,7,6854,1930,1688,91.1447,83.8013,136,7.3434,-83.8013,28,1.5119,-89.6328,1852,saied,zammel,83.8013,28.1587,100.0000
TN515453,Ghanouche Sud,غنوش الجنوبية,TN5154,Ghannouch,Gabès,South East,33.92663716,10.05332678,5.37856806,6,6,5856,681,658,6,17,6,5856,681,603,91.6413,84.1945,49,7.4468,-84.1945,6,0.9119,-90.7295,658,saied,zammel,84.1945,11.6291,100.0000
TN515454,Ghanouche Nord,غنوش الشمالية,TN5154,Ghannouch,Gabès,South East,33.96168538,10.06080651,5.16904216,3,3,2261,750,726,7,17,3,2261,750,614,84.5730,70.3857,103,14.1873,-70.3857,9,1.2397,-83.3333,726,saied,zammel,70.3857,33.1712,100.0000
TN515551,El Metouia Nord,المطويةالشمالية,TN5155,Metouia,Gabès,South East,34.03040223,10.01519376,70.95345488,2,2,1776,631,612,2,17,2,1776,631,552,90.1961,82.5163,47,7.6797,-82.5163,13,2.1242,-88.0719,612,saied,zammel,82.5163,35.5293,100.0000
TN515552,El Metouia Sud,المطورية الجنوبية,TN5155,Metouia,Gabès,South East,33.94568506,9.97310739,41.04468705,10,10,6955,2133,2061,15,57,10,6955,2133,1758,85.2984,72.7317,259,12.5667,-72.7317,44,2.1349,-83.1635,2061,saied,zammel,72.7317,30.6686,100.0000
TN515553,Ouedhref Nord,وذرف الشمالية,TN5155,Metouia,Gabès,South East,34.04147224,9.94827048,59.84238272,4,4,4118,1586,1544,7,35,4,4118,1586,1420,91.9689,85.6218,98,6.3472,-85.6218,26,1.6839,-90.2850,1544,saied,zammel,85.6218,38.5138,100.0000
TN515554,Ouedhref Sud,وذرف الجنوبية,TN5155,Metouia,Gabès,South East,33.99004202,9.93027196,43.72733299,4,4,3743,1577,1536,9,32,4,3743,1577,1435,93.4245,88.6068,74,4.8177,-88.6068,27,1.7578,-91.6667,1536,saied,zammel,88.6068,42.1320,100.0000
TN515555,El Akarit,العكاريت,TN5155,Metouia,Gabès,South East,34.07703903,9.97541884,34.1470936,2,2,1609,578,571,2,5,2,1609,578,539,94.3958,90.7180,21,3.6778,-90.7180,11,1.9264,-92.4694,571,saied,zammel,90.7180,35.9229,100.0000
TN515556,El Hicha,الهيشة,TN5155,Metouia,Gabès,South East,34.15048583,9.96962532,106.73095753,2,2,1595,368,350,1,17,2,1595,368,335,95.7143,92.5714,11,3.1429,-92.5714,4,1.1429,-94.5714,350,saied,zammel,92.5714,23.0721,100.0000
TN515557,El Mida,الميدة,TN5155,Metouia,Gabès,South East,34.05441369,9.87632164,55.88822006,2,2,2069,671,652,7,12,2,2069,671,582,89.2638,80.6748,56,8.5890,-80.6748,14,2.1472,-87.1166,652,saied,zammel,80.6748,32.4311,100.0000
TN515651,Oued Ezzitoun,وادي الزيتون,TN5156,Menzel Habib,Gabès,South East,34.1621785,9.6453649,168.57893154,2,2,851,163,156,2,5,2,851,163,146,93.5897,89.1026,3,1.9231,-91.6667,7,4.4872,-89.1026,156,saied,maghzaoui,89.1026,19.1539,100.0000
TN515652,El Fejij,الفجيج,TN5156,Menzel Habib,Gabès,South East,34.06983804,9.7765527,113.84094684,2,2,592,160,155,1,4,2,592,160,147,94.8387,91.6129,5,3.2258,-91.6129,3,1.9355,-92.9032,155,saied,zammel,91.6129,27.0270,100.0000
TN515653,El Mehemla,المهاملة,TN5156,Menzel Habib,Gabès,South East,34.16999673,9.49965814,263.71009324,3,3,1101,164,357,5,7,2,632,164,330,92.4370,88.5154,14,3.9216,-88.5154,13,3.6415,-88.7955,357,saied,zammel,88.5154,25.9494,66.6667
TN515654,Es-Saki,السقي,TN5156,Menzel Habib,Gabès,South East,34.16443065,9.33195933,117.25618988,3,3,957,327,316,4,7,2,957,245,296,93.6709,90.1899,11,3.4810,-90.1899,9,2.8481,-90.8228,316,saied,zammel,90.1899,25.6008,66.6667
TN515655,Rabiaa Ouali,ربيعة والي,TN5156,Menzel Habib,Gabès,South East,34.17106149,9.84077264,103.49483901,4,4,2181,602,581,8,13,4,2181,602,521,89.6730,81.7556,46,7.9174,-81.7556,14,2.4096,-87.2633,581,saied,zammel,81.7556,27.6020,100.0000
TN515656,Zoughrata,زقراطة,TN5156,Menzel Habib,Gabès,South East,34.13045549,9.81901943,75.88932855,2,2,1036,147,140,0,7,2,1036,147,136,97.1429,95.0000,3,2.1429,-95.0000,1,0.7143,-96.4286,140,saied,zammel,95.0000,14.1892,100.0000
TN515657,Menzel El Habib,منزل الحبيب,TN5156,Menzel Habib,Gabès,South East,34.23101203,9.67012026,109.32503807,4,4,1807,730,699,4,27,4,1807,730,664,94.9928,92.2747,19,2.7182,-92.2747,16,2.2890,-92.7039,699,saied,zammel,92.2747,40.3985,100.0000
TN515751,Secteur Nord,المنطقة الشمالية,TN5157,Hamma,Gabès,South East,33.9680621,9.83796262,134.20544894,3,3,2106,1011,949,19,43,2,2106,628,815,85.8799,76.9231,85,8.9568,-76.9231,49,5.1633,-80.7165,949,saied,zammel,76.9231,29.8196,66.6667
TN515752,El Ksar,القصر,TN5157,Hamma,Gabès,South East,33.90735072,9.84388758,18.42266092,7,7,7173,1945,1863,23,59,7,7173,1945,1601,85.9367,75.8991,187,10.0376,-75.8991,75,4.0258,-81.9109,1863,saied,zammel,75.8991,27.1156,100.0000
TN515753,Secteur Est (1),(1) المنطقة الشرقية,TN5157,Hamma,Gabès,South East,33.88093868,9.81581884,6.07499737,13,13,11516,2129,2218,25,64,11,10255,1909,1840,82.9576,69.6573,295,13.3003,-69.6573,83,3.7421,-79.2155,2218,saied,zammel,69.6573,18.6153,84.6154
TN515754,Secteur Est (2),(2) المنطقة الشرقية,TN5157,Hamma,Gabès,South East,33.85177956,9.80881795,18.35813024,4,4,4432,1210,1107,27,76,4,4432,1210,995,89.8826,83.1978,74,6.6847,-83.1978,38,3.4327,-86.4499,1107,saied,zammel,83.1978,27.3014,100.0000
TN515755,Secteur Sud,المنطقة القبلية,TN5157,Hamma,Gabès,South East,33.85514929,9.78574564,3.9604633,6,6,4362,1108,1287,18,36,5,4362,1108,1120,87.0241,78.4771,110,8.5470,-78.4771,57,4.4289,-82.5952,1287,saied,zammel,78.4771,25.4012,83.3333
TN515756,Farhat Hached,فرحات حشاد,TN5157,Hamma,Gabès,South East,33.70928785,9.60443428,490.13159938,2,2,423,47,46,0,1,2,423,47,41,89.1304,80.4348,1,2.1739,-86.9565,4,8.6957,-80.4348,46,saied,maghzaoui,80.4348,11.1111,100.0000
TN515757,Chanchou,شانشو,TN5157,Hamma,Gabès,South East,33.8225566,9.85833446,230.15082138,1,1,589,151,147,0,4,1,589,151,137,93.1973,88.4354,3,2.0408,-91.1565,7,4.7619,-88.4354,147,saied,maghzaoui,88.4354,25.6367,100.0000
TN515758,El Behaier,البحاير,TN5157,Hamma,Gabès,South East,33.83974589,9.47392798,678.59391429,3,3,1671,319,299,8,12,3,1671,319,239,79.9331,68.2274,25,8.3612,-71.5719,35,11.7057,-68.2274,299,saied,maghzaoui,68.2274,19.0904,100.0000
TN515759,Bechima El Borj,بشيمة البرج,TN5157,Hamma,Gabès,South East,33.92948454,9.67655803,49.74841884,2,2,1035,341,319,2,20,2,1035,341,299,93.7304,89.6552,13,4.0752,-89.6552,7,2.1944,-91.5361,319,saied,zammel,89.6552,32.9469,100.0000
TN515760,Bechima El Kalb,بشيمة القلب,TN5157,Hamma,Gabès,South East,33.94393964,9.71507384,49.94629778,3,3,2805,689,663,3,23,3,2805,689,614,92.6094,88.8386,25,3.7707,-88.8386,24,3.6199,-88.9894,663,saied,zammel,88.8386,24.5633,100.0000
TN515761,Bou Attouch,بوعطوش,TN5157,Hamma,Gabès,South East,34.00358402,9.50164969,821.96603652,5,5,3817,976,1003,11,43,4,3817,976,804,80.1595,68.9930,112,11.1665,-68.9930,87,8.6740,-71.4855,1003,saied,zammel,68.9930,25.5698,80.0000
TN515762,Habib Thameur,الحبيب ثامر,TN5157,Hamma,Gabès,South East,33.82967715,9.69939305,96.20545589,5,5,4731,861,823,19,19,5,4731,861,740,89.9149,83.3536,54,6.5614,-83.3536,29,3.5237,-86.3913,823,saied,zammel,83.3536,18.1991,100.0000
TN515763,Secteur Ouest,المنطقة الغربية,TN5157,Hamma,Gabès,South East,33.81711245,9.76050559,44.23034246,4,4,4583,1022,978,11,33,4,4583,1022,836,85.4806,75.3579,99,10.1227,-75.3579,43,4.3967,-81.0838,978,saied,zammel,75.3579,22.2998,100.0000
TN515851,Matmata,مطماطة,TN5158,Matmata,Gabès,South East,33.50866202,9.97863194,153.96881522,7,7,4120,613,573,13,27,7,4120,613,532,92.8447,89.1798,21,3.6649,-89.1798,20,3.4904,-89.3543,573,saied,zammel,89.1798,14.8786,100.0000
TN515852,Techine,تشين,TN5158,Matmata,Gabès,South East,33.38674919,9.94065737,390.59191225,2,2,942,363,346,10,7,2,942,363,331,95.6647,93.3526,7,2.0231,-93.6416,8,2.3121,-93.3526,346,saied,maghzaoui,93.3526,38.5350,100.0000
TN515853,Tamazrat,طمزرط,TN5158,Matmata,Gabès,South East,33.49901456,9.72605052,697.10603614,2,2,775,294,274,5,15,2,775,294,252,91.9708,87.5912,10,3.6496,-88.3212,12,4.3796,-87.5912,274,saied,maghzaoui,87.5912,37.9355,100.0000
TN515951,Nouvelle Matmata,مطماطة الجديدة,TN5159,Matmata Nouvelle,Gabès,South East,33.65438563,9.98012227,111.46524903,7,7,6817,1346,1265,20,61,7,6817,1346,1148,90.7510,84.1107,84,6.6403,-84.1107,33,2.6087,-88.1423,1265,saied,zammel,84.1107,19.7448,100.0000
TN515952,Heddaj,هداج,TN5159,Matmata Nouvelle,Gabès,South East,33.60415889,10.04451309,174.84203773,3,3,1869,492,458,6,28,3,1869,492,432,94.3231,91.0480,11,2.4017,-91.9214,15,3.2751,-91.0480,458,saied,maghzaoui,91.0480,26.3242,100.0000
TN515953,Ez-Zeraoua,الزراوة,TN5159,Matmata Nouvelle,Gabès,South East,33.6100958,9.69408493,244.288888,2,2,1828,287,272,9,6,2,1828,287,206,75.7353,57.7206,49,18.0147,-57.7206,17,6.2500,-69.4853,272,saied,zammel,57.7206,15.7002,100.0000
TN515954,Beni Aissa,بني عيسى,TN5159,Matmata Nouvelle,Gabès,South East,33.66058324,9.8818645,132.92056294,1,1,544,127,119,3,5,1,544,127,114,95.7983,92.4370,1,0.8403,-94.9580,4,3.3613,-92.4370,119,saied,maghzaoui,92.4370,23.3456,100.0000
TN515955,Beni Zalten,بني زلطن,TN5159,Matmata Nouvelle,Gabès,South East,33.55921428,10.10421649,88.87897145,4,4,1324,227,238,2,13,3,1201,227,227,95.3782,92.0168,8,3.3613,-92.0168,3,1.2605,-94.1176,238,saied,zammel,92.0168,18.9009,75.0000
TN516051,Mareth,مارث,TN5160,Mareth,Gabès,South East,33.58047045,10.26607794,39.29125319,14,14,12508,2342,2269,21,52,14,12508,2342,2095,92.3314,86.6902,128,5.6413,-86.6902,46,2.0273,-90.3041,2269,saied,zammel,86.6902,18.7240,100.0000
TN516052,Mareth Nord,مارث الشمالية,TN5160,Mareth,Gabès,South East,33.6281116,10.24985705,66.54784532,8,8,4667,2052,1992,21,39,6,4667,1324,1783,89.5080,82.6305,137,6.8775,-82.6305,72,3.6145,-85.8936,1992,saied,zammel,82.6305,28.3694,75.0000
TN516053,Sidi Touati,سيدي التواتي,TN5160,Mareth,Gabès,South East,33.5039808,10.2302889,87.0655631,2,2,1638,359,353,4,2,2,1638,359,330,93.4844,89.5184,9,2.5496,-90.9348,14,3.9660,-89.5184,353,saied,maghzaoui,89.5184,21.9170,100.0000
TN516054,Ez-Zerkine,الزركين,TN5160,Mareth,Gabès,South East,33.71817727,10.26131914,42.01610627,2,2,1655,426,415,1,10,2,1655,426,404,97.3494,95.6627,7,1.6867,-95.6627,4,0.9639,-96.3855,415,saied,zammel,95.6627,25.7402,100.0000
TN516055,Ayoun Ez-Zerkine,عيون الزركين,TN5160,Mareth,Gabès,South East,33.6662395,10.21288133,66.76256394,3,3,2726,800,765,13,22,3,2726,800,699,91.3725,84.9673,49,6.4052,-84.9673,17,2.2222,-89.1503,765,saied,zammel,84.9673,29.3470,100.0000
TN516056,Ourafinine,واريفين,TN5160,Mareth,Gabès,South East,33.57720088,10.18737561,57.33796147,1,1,395,118,110,1,7,1,395,118,106,96.3636,93.6364,1,0.9091,-95.4545,3,2.7273,-93.6364,110,saied,maghzaoui,93.6364,29.8734,100.0000
TN516057,Ezzarat,الزارات,TN5160,Mareth,Gabès,South East,33.69521903,10.32552903,54.28529366,6,6,6317,1589,1531,7,51,6,6317,1589,1431,93.4683,89.3534,63,4.1150,-89.3534,37,2.4167,-91.0516,1531,saied,zammel,89.3534,25.1543,100.0000
TN516058,El Alaya,العلاية,TN5160,Mareth,Gabès,South East,33.63662918,10.38676382,63.84215847,3,3,1673,500,493,3,5,3,1673,500,463,93.9148,89.0467,24,4.8682,-89.0467,6,1.2170,-92.6978,493,saied,zammel,89.0467,29.8864,100.0000
TN516059,Arram,عرام,TN5160,Mareth,Gabès,South East,33.55834282,10.3223382,95.70249261,5,5,4310,1196,1153,14,29,5,4310,1196,1043,90.4597,83.4345,81,7.0252,-83.4345,29,2.5152,-87.9445,1153,saied,zammel,83.4345,27.7494,100.0000
TN516060,Ketana,كتانة,TN5160,Mareth,Gabès,South East,33.75830117,10.21466225,66.568452,5,5,4296,1409,1339,19,51,5,4296,1409,1283,95.8178,92.3077,47,3.5101,-92.3077,9,0.6721,-95.1456,1339,saied,zammel,92.3077,32.7980,100.0000
TN516061,Toujane,توجان,TN5160,Mareth,Gabès,South East,33.45720445,10.12294784,56.10106285,1,1,77,13,12,0,1,1,77,13,12,100.0000,100.0000,0,0.0000,-100.0000,0,0.0000,-100.0000,12,saied,maghzaoui,100.0000,16.8831,100.0000
TN516062,Zemarten,زمرتن,TN5160,Mareth,Gabès,South East,33.36891891,10.05693555,158.53927174,2,2,808,207,201,4,9,1,808,205,184,91.5423,85.5721,12,5.9701,-85.5721,5,2.4876,-89.0547,201,saied,zammel,85.5721,25.3713,50.0000
TN516063,Zerig El Ghandri,زريق الغندري,TN5160,Mareth,Gabès,South East,33.71315843,10.15981727,47.12308447,2,2,671,843,813,2,28,1,671,375,797,98.0320,96.9250,9,1.1070,-96.9250,7,0.8610,-97.1710,813,saied,zammel,96.9250,55.8867,50.0000
TN516064,Ain Tounine,عين تونين,TN5160,Mareth,Gabès,South East,33.49752906,10.13700681,42.22996901,4,4,1865,456,452,2,2,4,1865,456,433,95.7965,92.2566,16,3.5398,-92.2566,3,0.6637,-95.1327,452,saied,zammel,92.2566,24.4504,100.0000
TN516065,Dekhilet Toujane,دخيلة توجان,TN5160,Mareth,Gabès,South East,33.4463285,10.2130007,61.78318542,7,6,4772,803,764,15,24,6,4772,803,664,86.9110,77.3560,73,9.5550,-77.3560,27,3.5340,-83.3770,764,saied,zammel,77.3560,16.8273,85.7143
TN525151,Beni Ghezail,بني عزيل,TN5251,Médenine Nord,Médenine,South East,33.27540952,10.43603971,65.32010052,1,1,439,0,72,1,4,0,0,0,59,81.9444,65.2778,12,16.6667,-65.2778,1,1.3889,-80.5556,72,saied,zammel,65.2778,,0.0000
TN525152,02 Mai,02ماي,TN5251,Médenine Nord,Médenine,South East,33.32609398,10.47845881,3.58981194,5,5,1328,0,738,9,13,0,0,0,630,85.3659,73.4417,88,11.9241,-73.4417,20,2.7100,-82.6558,738,saied,zammel,73.4417,,0.0000
TN525153,Mednine Ouest,مدنين الغربية,TN5251,Médenine Nord,Médenine,South East,33.33576533,10.46647268,4.14066449,11,11,8441,172,2020,29,70,1,1240,172,1727,85.4950,72.8218,256,12.6733,-72.8218,37,1.8317,-83.6634,2020,saied,zammel,72.8218,13.8710,9.0909
TN525154,20 Mars,20مارس,TN5251,Médenine Nord,Médenine,South East,33.35181377,10.46805196,5.43586699,3,3,2108,0,543,14,15,0,0,0,479,88.2136,79.9263,45,8.2873,-79.9263,19,3.4991,-84.7145,543,saied,zammel,79.9263,,0.0000
TN525155,Mednine Nord,مدنين الشمالية,TN5251,Médenine Nord,Médenine,South East,33.36630568,10.48313825,15.36467965,21,21,18986,166,3550,45,83,1,641,166,3078,86.7042,76.0563,378,10.6479,-76.0563,94,2.6479,-84.0563,3550,saied,zammel,76.0563,25.8970,4.7619
TN525156,Oum Ettameur Ouest,أم التمر الغربية,TN5251,Médenine Nord,Médenine,South East,33.38417284,10.32908376,144.01381405,4,4,1494,0,413,12,16,0,0,0,372,90.0726,83.0508,29,7.0218,-83.0508,12,2.9056,-87.1671,413,saied,zammel,83.0508,,0.0000
TN525157,Oum Ettameur Est,أم التمر الشرقية,TN5251,Médenine Nord,Médenine,South East,33.40457512,10.39708003,46.88217331,2,2,1097,0,266,4,8,0,0,0,242,90.9774,86.0902,11,4.1353,-86.8421,13,4.8872,-86.0902,266,saied,maghzaoui,86.0902,,0.0000
TN525158,Koutine,كوتين,TN5251,Médenine Nord,Médenine,South East,33.46054652,10.33096069,49.54326825,3,3,1389,174,303,1,10,1,788,174,279,92.0792,86.7987,16,5.2805,-86.7987,8,2.6403,-89.4389,303,saied,zammel,86.7987,22.0812,33.3333
TN525251,Mednine Sud,مدنين الجنوبية,TN5252,Médenine Sud,Médenine,South East,33.32965469,10.50024337,11.34331413,18,18,14132,140,2978,46,88,1,1073,140,2371,79.6172,62.9953,495,16.6219,-62.9953,112,3.7609,-75.8563,2978,saied,zammel,62.9953,13.0475,5.5556
TN525252,Mednine Est,مدنين الشرقية,TN5252,Médenine Sud,Médenine,South East,33.35636325,10.51518168,6.76087402,10,10,7288,92,1928,21,49,1,1082,92,1639,85.0104,73.2365,227,11.7739,-73.2365,62,3.2158,-81.7946,1928,saied,zammel,73.2365,8.5028,10.0000
TN525253,El Labba,اللبة,TN5252,Médenine Sud,Médenine,South East,33.28169639,10.51038898,99.64789162,5,5,1405,314,758,25,27,1,742,162,645,85.0923,72.1636,98,12.9288,-72.1636,15,1.9789,-83.1135,758,saied,zammel,72.1636,21.8329,20.0000
TN525254,Hessi Amor,حسي عمر,TN5252,Médenine Sud,Médenine,South East,33.30404296,10.57673324,68.61630795,7,7,4295,0,619,11,13,0,0,0,530,85.6220,73.1826,77,12.4394,-73.1826,12,1.9386,-83.6834,619,saied,zammel,73.1826,,0.0000
TN525255,Oued Esseder,وادي السدر,TN5252,Médenine Sud,Médenine,South East,33.27494152,10.65331246,155.65253826,2,2,1710,404,361,15,28,2,1710,404,323,89.4737,81.7175,28,7.7562,-81.7175,10,2.7701,-86.7036,361,saied,zammel,81.7175,23.6257,100.0000
TN525256,Hessi Mednine,حسي مدنين,TN5252,Médenine Sud,Médenine,South East,33.43722551,10.62698549,67.13809204,2,2,756,194,405,11,12,1,756,194,369,91.1111,85.1852,24,5.9259,-85.1852,12,2.9630,-88.1481,405,saied,zammel,85.1852,25.6614,50.0000
TN525257,Darghoulia,الدرغولية,TN5252,Médenine Sud,Médenine,South East,33.42294173,10.6695622,107.60547795,4,4,1668,326,357,4,15,3,1668,326,298,83.4734,70.8683,45,12.6050,-70.8683,14,3.9216,-79.5518,357,saied,zammel,70.8683,19.5444,75.0000
TN525258,Souitir,السويطير,TN5252,Médenine Sud,Médenine,South East,33.39643799,10.7249402,74.24196165,1,1,0,207,183,0,0,0,0,0,160,87.4317,79.2350,15,8.1967,-79.2350,8,4.3716,-83.0601,183,saied,zammel,79.2350,,0.0000
TN525259,Nouvelle Amra,عمر الجديدة,TN5252,Médenine Sud,Médenine,South East,33.45548327,10.61641787,41.76639749,3,3,1890,0,461,7,14,0,0,0,414,89.8048,82.6464,33,7.1584,-82.6464,14,3.0369,-86.7679,461,saied,zammel,82.6464,,0.0000
TN525260,Bou-Ghrara,بوغرارة,TN5252,Médenine Sud,Médenine,South East,33.56579964,10.66236189,101.77315051,10,9,3549,777,1154,8,31,0,0,0,990,85.7886,74.7834,127,11.0052,-74.7834,37,3.2062,-82.5823,1154,saied,zammel,74.7834,,0.0000
TN525351,Beni-Khedech,بني خداش,TN5253,Beni Khedache,Médenine,South East,33.25281527,10.20051238,37.11760472,40,40,25483,4919,4647,71,200,40,25483,4919,4301,92.5543,87.0884,254,5.4659,-87.0884,92,1.9798,-90.5746,4647,saied,zammel,87.0884,19.3031,100.0000
TN525451,Ben Guerdane Nord,بن قردان الشمالية,TN5254,Ben Guerdane,Médenine,South East,33.14358243,11.21638985,2.85489233,69,69,59427,11163,10607,153,403,68,59427,10996,9141,86.1789,75.3182,1152,10.8608,-75.3182,314,2.9603,-83.2186,10607,saied,zammel,75.3182,18.5034,98.5507
TN525551,Zarzis,جرجيس,TN5255,Zarzis,Médenine,South East,33.43165,11.08865052,31.18163763,15,15,12730,174,1873,15,52,1,1189,174,1720,91.8313,85.8516,112,5.9797,-85.8516,41,2.1890,-89.6423,1873,saied,zammel,85.8516,14.6341,6.6667
TN525552,20 Mars,20مارس,TN5255,Zarzis,Médenine,South East,33.50853444,11.10129844,1.61569753,5,5,1932,0,979,2,9,0,0,0,857,87.5383,79.6731,77,7.8652,-79.6731,45,4.5965,-82.9418,979,saied,zammel,79.6731,,0.0000
TN525553,Tahar Sfar,الطاهر صفر,TN5255,Zarzis,Médenine,South East,33.51068109,11.11220753,1.91923974,3,3,674,0,870,6,26,0,0,0,781,89.7701,82.1839,66,7.5862,-82.1839,23,2.6437,-87.1264,870,saied,zammel,82.1839,,0.0000
TN525554,Ejdaria,الجدارية,TN5255,Zarzis,Médenine,South East,33.32361675,11.14530925,47.23009877,1,1,0,0,170,4,4,0,0,0,160,94.1176,91.1765,5,2.9412,-91.1765,5,2.9412,-91.1765,170,saied,maghzaoui,91.1765,,0.0000
TN525555,El Bassatine,البساتين,TN5255,Zarzis,Médenine,South East,33.52837953,11.09131885,5.03513418,5,5,932,309,870,7,17,0,0,0,788,90.5747,84.7126,51,5.8621,-84.7126,31,3.5632,-87.0115,870,saied,zammel,84.7126,,0.0000
TN525556,Essouihel,السويحل,TN5255,Zarzis,Médenine,South East,33.53857879,11.10101526,6.22806924,8,8,6629,472,1524,24,60,1,1100,177,1424,93.4383,88.9108,69,4.5276,-88.9108,31,2.0341,-91.4042,1524,saied,zammel,88.9108,16.0909,12.5000
TN525557,Oued Ettieb,واد التياب,TN5255,Zarzis,Médenine,South East,33.52805398,11.05020097,22.98014598,8,8,6457,0,1501,8,57,0,0,0,1356,90.3398,85.2099,77,5.1299,-85.2099,68,4.5303,-85.8095,1501,saied,zammel,85.2099,,0.0000
TN525558,Hassi El Jerbi,حسي الجربي,TN5255,Zarzis,Médenine,South East,33.61637384,11.02741083,25.51417436,5,5,3436,106,966,3,24,1,943,106,882,91.3043,85.8178,53,5.4865,-85.8178,31,3.2091,-88.0952,966,saied,zammel,85.8178,11.2407,20.0000
TN525559,Khaoui El Ghedir,خوي الغدير,TN5255,Zarzis,Médenine,South East,33.524292,10.99886305,28.47015496,2,2,674,0,328,4,12,0,0,0,316,96.3415,93.2927,10,3.0488,-93.2927,2,0.6098,-95.7317,328,saied,zammel,93.2927,,0.0000
TN525560,Hamadi,حمادي,TN5255,Zarzis,Médenine,South East,33.49457945,11.08327167,3.38416661,7,7,2500,176,803,7,19,1,1116,172,732,91.1582,86.1768,40,4.9813,-86.1768,31,3.8605,-87.2976,803,saied,zammel,86.1768,15.4122,14.2857
TN525561,Hichem E L Hamadi,هشام الحمادي,TN5255,Zarzis,Médenine,South East,33.45435195,10.96690423,159.23577502,6,5,1384,0,610,14,27,0,0,0,543,89.0164,83.4426,34,5.5738,-83.4426,33,5.4098,-83.6066,610,saied,zammel,83.4426,,0.0000
TN525562,El Ghorabet,الغرابات,TN5255,Zarzis,Médenine,South East,33.40824916,10.82958188,219.52676342,2,2,653,212,315,7,14,1,653,212,275,87.3016,77.4603,31,9.8413,-77.4603,9,2.8571,-84.4444,315,saied,zammel,77.4603,32.4655,50.0000
TN525563,El Grebis,القريبيس,TN5255,Zarzis,Médenine,South East,33.54495649,10.96446955,49.61338947,4,4,1046,0,452,5,8,0,0,0,402,88.9381,83.1858,24,5.3097,-83.6283,26,5.7522,-83.1858,452,saied,maghzaoui,83.1858,,0.0000
TN525564,Hamadi Boutoufaha,حمادي بو تفاحة,TN5255,Zarzis,Médenine,South East,33.3925932,11.00628863,197.76641354,4,4,3521,0,937,11,47,0,0,0,835,89.1142,81.9637,67,7.1505,-81.9637,35,3.7353,-85.3789,937,saied,zammel,81.9637,,0.0000
TN525565,El Ogla,العقلة,TN5255,Zarzis,Médenine,South East,33.55990268,11.07416635,19.13487217,2,2,1287,408,687,8,27,0,0,0,637,92.7220,88.5007,29,4.2213,-88.5007,21,3.0568,-89.6652,687,saied,zammel,88.5007,,0.0000
TN525566,Chammakh,شماخ,TN5255,Zarzis,Médenine,South East,33.58528384,11.00261071,66.31229902,4,4,1929,0,751,3,6,0,0,0,692,92.1438,87.4834,24,3.1957,-88.9481,35,4.6605,-87.4834,751,saied,maghzaoui,87.4834,,0.0000
TN525651,Taourit,طاوريت,TN5256,Houmt Souk,Médenine,South East,33.87839693,10.86438431,2.27897672,6,6,4738,0,1941,15,44,0,0,0,1679,86.5018,75.8372,207,10.6646,-75.8372,55,2.8336,-83.6682,1941,saied,zammel,75.8372,,0.0000
TN525652,Bou Melel,بوملال,TN5256,Houmt Souk,Médenine,South East,33.88304152,10.8335028,11.80316377,10,9,8421,0,2948,41,41,0,0,0,2554,86.6350,75.9159,316,10.7191,-75.9159,78,2.6459,-83.9891,2948,saied,zammel,75.9159,,0.0000
TN525653,El Jouamaa,الجوامع,TN5256,Houmt Souk,Médenine,South East,33.86896305,10.84984706,2.44719903,5,5,4767,0,1136,12,26,0,0,0,996,87.6761,79.0493,98,8.6268,-79.0493,42,3.6972,-83.9789,1136,saied,zammel,79.0493,,0.0000
TN525654,Fatou,فاطو,TN5256,Houmt Souk,Médenine,South East,33.86642269,10.88430163,4.97467835,4,4,3841,0,989,5,17,0,0,0,893,90.2932,83.3165,69,6.9767,-83.3165,27,2.7300,-87.5632,989,saied,zammel,83.3165,,0.0000
TN525655,Mazraia,مزراية,TN5256,Houmt Souk,Médenine,South East,33.86890624,10.93187905,33.12725665,4,4,2093,0,993,13,8,0,0,0,841,84.6928,71.9033,127,12.7895,-71.9033,25,2.5176,-82.1752,993,saied,zammel,71.9033,,0.0000
TN525656,Sedghaiane,صدغيان,TN5256,Houmt Souk,Médenine,South East,33.83071845,10.9276286,15.78001168,5,5,2992,193,819,18,19,1,1050,193,724,88.4005,78.7546,79,9.6459,-78.7546,16,1.9536,-86.4469,819,saied,zammel,78.7546,18.3810,20.0000
TN525657,Oualeg,والغ,TN5256,Houmt Souk,Médenine,South East,33.82990485,10.88877957,14.2803826,3,3,1100,0,614,9,4,0,0,0,540,87.9479,78.3388,59,9.6091,-78.3388,15,2.4430,-85.5049,614,saied,zammel,78.3388,,0.0000
TN525658,Essouani,السواني,TN5256,Houmt Souk,Médenine,South East,33.85556621,10.85942397,6.96290581,6,6,4077,0,1072,10,29,0,0,0,971,90.5784,83.1157,80,7.4627,-83.1157,21,1.9590,-88.6194,1072,saied,zammel,83.1157,,0.0000
TN525659,Erriadh,الرياض,TN5256,Houmt Souk,Médenine,South East,33.81983528,10.85681694,23.89401115,10,10,9840,320,1567,18,30,2,1914,320,1369,87.3644,77.0262,162,10.3382,-77.0262,36,2.2974,-85.0670,1567,saied,zammel,77.0262,16.7189,20.0000
TN525660,El Hachene,الحشان,TN5256,Houmt Souk,Médenine,South East,33.84453519,10.80006049,16.41675968,3,3,1883,0,773,4,5,0,0,0,697,90.1682,82.7943,57,7.3739,-82.7943,19,2.4580,-87.7102,773,saied,zammel,82.7943,,0.0000
TN525661,Mellita,مليتة,TN5256,Houmt Souk,Médenine,South East,33.86920745,10.78528218,30.3169341,6,6,4188,0,1617,17,37,0,0,0,1413,87.3840,77.1181,166,10.2659,-77.1181,38,2.3500,-85.0340,1617,saied,zammel,77.1181,,0.0000
TN525751,Midoun,ميدون,TN5257,Djerba Midoun,Médenine,South East,33.82465762,11.00697708,23.74826869,19,19,22216,4496,4356,39,101,19,22216,4496,3946,90.5877,83.4940,309,7.0937,-83.4940,101,2.3186,-88.2691,4356,saied,zammel,83.4940,20.2377,100.0000
TN525752,Arkou,اركو,TN5257,Djerba Midoun,Médenine,South East,33.78410262,11.02943004,41.71874804,9,9,6707,1848,1772,13,63,9,6707,1848,1617,91.2528,84.7630,115,6.4898,-84.7630,40,2.2573,-88.9955,1772,saied,zammel,84.7630,27.5533,100.0000
TN525753,El Mahboubine,المحبوبين,TN5257,Djerba Midoun,Médenine,South East,33.79310125,10.96886782,19.59364034,4,4,4641,967,938,10,19,4,4641,967,855,91.1514,83.4755,72,7.6759,-83.4755,11,1.1727,-89.9787,938,saied,zammel,83.4755,20.8360,100.0000
TN525754,Beni Maaguel,بني معقل,TN5257,Djerba Midoun,Médenine,South East,33.75777991,10.95029893,11.19473515,4,4,2818,966,731,7,28,3,2818,765,664,90.8345,84.2681,48,6.5663,-84.2681,19,2.5992,-88.2353,731,saied,zammel,84.2681,27.1469,75.0000
TN525755,Sedouikech,صدويكش,TN5257,Djerba Midoun,Médenine,South East,33.72716549,10.91547627,49.98419221,7,7,6908,940,984,13,21,6,6121,940,872,88.6179,82.2154,63,6.4024,-82.2154,49,4.9797,-83.6382,984,saied,zammel,82.2154,15.3570,85.7143
TN525756,El May,الماي,TN5257,Djerba Midoun,Médenine,South East,33.79056531,10.90185615,21.5761145,10,10,9891,1630,1561,29,40,10,9891,1630,1329,85.1377,73.0301,189,12.1076,-73.0301,43,2.7546,-82.3831,1561,saied,zammel,73.0301,16.4796,100.0000
TN525757,Robbana,ربانة,TN5257,Djerba Midoun,Médenine,South East,33.76913897,10.89371336,8.87650063,2,2,2125,413,399,9,5,2,2125,413,335,83.9599,73.9348,40,10.0251,-73.9348,24,6.0150,-77.9449,399,saied,zammel,73.9348,19.4353,100.0000
TN525851,Ajim,اجيم,TN5258,Djerba Ajim,Médenine,South East,33.71987126,10.76504126,15.79846363,25,24,12790,435,3034,39,60,3,2156,335,2748,90.5735,83.8497,204,6.7238,-83.8497,82,2.7027,-87.8708,3034,saied,zammel,83.8497,15.5380,12.0000
TN525951,Sidi Makhlouf,سيدي مخلوف,TN5259,Sidi Makhlouf,Médenine,South East,33.52009054,10.49193796,38.59211947,4,4,3646,689,650,8,31,4,3646,689,600,92.3077,85.3846,45,6.9231,-85.3846,5,0.7692,-91.5385,650,saied,zammel,85.3846,18.8974,100.0000
TN525952,El Grine,القرين,TN5259,Sidi Makhlouf,Médenine,South East,33.60915636,10.51622262,55.38788471,1,1,870,273,264,1,8,1,870,273,258,97.7273,96.2121,4,1.5152,-96.2121,2,0.7576,-96.9697,264,saied,zammel,96.2121,31.3793,100.0000
TN525953,El Maghzaouia,المغزاوية,TN5259,Sidi Makhlouf,Médenine,South East,33.62077973,10.60323064,71.46664767,2,2,1041,238,233,1,4,2,1041,238,224,96.1373,93.1330,7,3.0043,-93.1330,2,0.8584,-95.2790,233,saied,zammel,93.1330,22.8626,100.0000
TN525954,El Jourf,الجرف,TN5259,Sidi Makhlouf,Médenine,South East,33.65543075,10.68591068,74.43202539,4,4,1462,438,430,0,8,4,1462,438,412,95.8140,92.3256,15,3.4884,-92.3256,3,0.6977,-95.1163,430,saied,zammel,92.3256,29.9590,100.0000
TN525955,Bedoui,بدوي,TN5259,Sidi Makhlouf,Médenine,South East,33.51700138,10.54944594,134.67725359,1,1,864,171,162,4,5,1,864,171,139,85.8025,72.8395,21,12.9630,-72.8395,2,1.2346,-84.5679,162,saied,zammel,72.8395,19.7917,100.0000
TN525956,Amra,عمرة,TN5259,Sidi Makhlouf,Médenine,South East,33.4340416,10.53677009,61.84595081,5,5,3006,605,578,5,22,5,3006,605,503,87.0242,76.6436,60,10.3806,-76.6436,15,2.5952,-84.4291,578,saied,zammel,76.6436,20.1264,100.0000
TN525957,Er Ragouba Est,الراقوبة الشرقية,TN5259,Sidi Makhlouf,Médenine,South East,33.47040739,10.43939935,37.21309074,4,4,1807,612,588,6,18,4,1807,612,555,94.3878,91.4966,17,2.8912,-91.4966,16,2.7211,-91.6667,588,saied,zammel,91.4966,33.8683,100.0000
TN525958,Er Ragouba Ouest,الراقوبة الغربية,TN5259,Sidi Makhlouf,Médenine,South East,33.48507428,10.37792815,46.99907526,3,3,1858,643,619,4,20,3,1858,643,572,92.4071,87.5606,30,4.8465,-87.5606,17,2.7464,-89.6607,619,saied,zammel,87.5606,34.6071,100.0000
TN525959,El Ghabai,الغباي,TN5259,Sidi Makhlouf,Médenine,South East,33.43157761,10.46990169,27.88870727,2,2,1065,228,214,6,8,2,1065,228,211,98.5981,97.6636,1,0.4673,-98.1308,2,0.9346,-97.6636,214,saied,maghzaoui,97.6636,21.4085,100.0000
TN525960,El Gosba,القصبة,TN5259,Sidi Makhlouf,Médenine,South East,33.5679799,10.40912324,98.8787309,2,2,2421,577,537,5,35,2,2421,577,510,94.9721,92.3650,13,2.4209,-92.5512,14,2.6071,-92.3650,537,saied,maghzaoui,92.3650,23.8331,100.0000
TN525961,Darjaoua,الدرجاوة,TN5259,Sidi Makhlouf,Médenine,South East,33.54292189,10.46285746,21.818251,3,3,1393,585,566,6,13,3,1393,585,535,94.5230,90.8127,21,3.7102,-90.8127,10,1.7668,-92.7562,566,saied,zammel,90.8127,41.9957,100.0000
TN535151,En-Nozha,النزهة,TN5351,Tataouine Nord,Tataouine,South East,32.93537267,10.45340986,0.76378451,5,5,5751,723,679,17,27,5,5751,723,568,83.6524,70.8395,87,12.8130,-70.8395,24,3.5346,-80.1178,679,saied,zammel,70.8395,12.5717,100.0000
TN535152,Ettadhamen,التضامن,TN5351,Tataouine Nord,Tataouine,South East,32.9245452,10.45896673,1.50908961,8,8,8197,1262,1344,26,36,7,8197,1262,1152,85.7143,74.5536,150,11.1607,-74.5536,42,3.1250,-82.5893,1344,saied,zammel,74.5536,15.3959,87.5000
TN535153,En-Nasr,النصر,TN5351,Tataouine Nord,Tataouine,South East,32.93669775,10.45906727,0.66016649,4,4,3576,438,420,5,13,4,3576,438,376,89.5238,81.6667,33,7.8571,-81.6667,11,2.6190,-86.9048,420,saied,zammel,81.6667,12.2483,100.0000
TN535154,Oued El Gemah,وادي القمح,TN5351,Tataouine Nord,Tataouine,South East,32.92402215,10.46482121,0.95403596,7,7,6260,870,840,5,25,7,6260,870,758,90.2381,83.2143,59,7.0238,-83.2143,23,2.7381,-87.5000,840,saied,zammel,83.2143,13.8978,100.0000
TN535155,Berourmet,برورمت,TN5351,Tataouine Nord,Tataouine,South East,32.96661993,10.45980525,9.60953151,9,9,5785,813,770,25,18,9,5785,813,667,86.6234,75.4545,86,11.1688,-75.4545,17,2.2078,-84.4156,770,saied,zammel,75.4545,14.0536,100.0000
TN535156,Telelt,تلالت,TN5351,Tataouine Nord,Tataouine,South East,32.98098878,10.40651404,78.30800282,2,2,1362,107,139,1,7,1,1034,107,133,95.6835,92.0863,5,3.5971,-92.0863,1,0.7194,-94.9640,139,saied,zammel,92.0863,10.3482,50.0000
TN535157,Oued El Ghar,وادي الغار,TN5351,Tataouine Nord,Tataouine,South East,33.00528728,10.5488318,186.72781252,7,7,4705,820,793,6,21,7,4705,820,638,80.4540,64.9433,123,15.5107,-64.9433,32,4.0353,-76.4187,793,saied,zammel,64.9433,17.4283,100.0000
TN535158,El Maouna,المعونة,TN5351,Tataouine Nord,Tataouine,South East,33.03898843,10.66863105,135.62864738,1,1,283,64,62,1,1,1,283,64,55,88.7097,82.2581,3,4.8387,-83.8710,4,6.4516,-82.2581,62,saied,maghzaoui,82.2581,22.6148,100.0000
TN535159,Ezzahra,الزهراء,TN5351,Tataouine Nord,Tataouine,South East,32.57206717,10.81642471,1325.19119559,6,6,3513,438,424,7,7,6,3513,438,398,93.8679,90.0943,16,3.7736,-90.0943,10,2.3585,-91.5094,424,saied,zammel,90.0943,12.4680,100.0000
TN535160,Gattoufa,قطوفة,TN5351,Tataouine Nord,Tataouine,South East,32.93576115,10.54710092,70.12031183,1,1,722,106,99,2,5,1,722,106,94,94.9495,90.9091,4,4.0404,-90.9091,1,1.0101,-93.9394,99,saied,zammel,90.9091,14.6814,100.0000
TN535161,Khetma,جاتمة,TN5351,Tataouine Nord,Tataouine,South East,32.88225719,10.60909358,94.00360108,4,4,1390,198,191,3,4,4,1390,198,180,94.2408,90.5759,7,3.6649,-90.5759,4,2.0942,-92.1466,191,saied,zammel,90.5759,14.2446,100.0000
TN535162,Essaada,السعادة,TN5351,Tataouine Nord,Tataouine,South East,32.89104603,10.72673807,156.90311954,1,1,0,148,144,1,3,0,0,0,139,96.5278,94.4444,3,2.0833,-94.4444,2,1.3889,-95.1389,144,saied,zammel,94.4444,,0.0000
TN535163,El Galaa Est,القلعة الشرقية,TN5351,Tataouine Nord,Tataouine,South East,32.65654891,10.60058678,392.06254903,3,3,1876,276,269,3,4,3,1876,276,247,91.8216,86.6171,14,5.2045,-86.6171,8,2.9740,-88.8476,269,saied,zammel,86.6171,14.7122,100.0000
TN535164,El Galaa Ouest,القلعة الغربية,TN5351,Tataouine Nord,Tataouine,South East,32.65654891,10.47587594,302.91914299,3,3,1398,299,286,3,10,3,1398,299,257,89.8601,81.4685,24,8.3916,-81.4685,5,1.7483,-88.1119,286,saied,zammel,81.4685,21.3877,100.0000
TN535165,Beni Belal,بني بلال,TN5351,Tataouine Nord,Tataouine,South East,32.92878222,10.62765104,83.10648452,4,4,1116,217,202,11,4,4,1116,217,180,89.1089,81.1881,16,7.9208,-81.1881,6,2.9703,-86.1386,202,saied,zammel,81.1881,19.4444,100.0000
TN535251,Tataouine Ville,تطاوين المدينة,TN5352,Tataouine Sud,Tataouine,South East,32.93478167,10.45004011,0.76805052,7,7,6568,892,850,16,26,7,6568,892,712,83.7647,70.0000,117,13.7647,-70.0000,21,2.4706,-81.2941,850,saied,zammel,70.0000,13.5810,100.0000
TN535252,Tataouine Superieure,تطاوين العليا,TN5352,Tataouine Sud,Tataouine,South East,32.91926142,10.44054972,0.7341571,3,3,1903,160,155,1,4,3,1903,160,135,87.0968,74.1935,20,12.9032,-74.1935,0,0.0000,-87.0968,155,saied,zammel,74.1935,8.4078,100.0000
TN535253,El Maztouria Sud,المزطورية الجنوبية,TN5352,Tataouine Sud,Tataouine,South East,32.84054766,10.47925919,12.69371811,2,2,950,160,252,7,13,1,950,160,224,88.8889,79.3651,24,9.5238,-79.3651,4,1.5873,-87.3016,252,saied,zammel,79.3651,16.8421,50.0000
TN535254,El Maztouria Nord,المزطورية الشمالية,TN5352,Tataouine Sud,Tataouine,South East,32.86661292,10.47005194,13.53736929,2,2,1138,271,277,6,26,1,1050,271,244,88.0866,77.6173,29,10.4693,-77.6173,4,1.4440,-86.6426,277,saied,zammel,77.6173,25.8095,50.0000
TN535255,Gharghar,غرغار,TN5352,Tataouine Sud,Tataouine,South East,32.91525992,10.43986174,0.80571366,2,2,2574,434,407,11,16,2,2574,434,364,89.4349,81.5725,32,7.8624,-81.5725,11,2.7027,-86.7322,407,saied,zammel,81.5725,16.8609,100.0000
TN535256,Cite El Barr,حي البر,TN5352,Tataouine Sud,Tataouine,South East,32.91861168,10.43097866,1.84369996,3,3,2895,319,308,0,11,3,2895,319,268,87.0130,75.3247,36,11.6883,-75.3247,4,1.2987,-85.7143,308,saied,zammel,75.3247,11.0190,100.0000
TN535257,Ksar El Moukabala,قصر المقابلة,TN5352,Tataouine Sud,Tataouine,South East,32.92490371,10.42953146,1.47971227,3,3,2065,280,260,8,12,3,2065,280,206,79.2308,60.3846,49,18.8462,-60.3846,5,1.9231,-77.3077,260,saied,zammel,60.3846,13.5593,100.0000
TN535258,Nouvelle Chnini,شنني الجديدة,TN5352,Tataouine Sud,Tataouine,South East,32.91133172,10.00931559,206.87987049,1,1,294,108,100,3,5,1,294,108,90,90.0000,84.0000,6,6.0000,-84.0000,4,4.0000,-86.0000,100,saied,zammel,84.0000,36.7347,100.0000
TN535259,Chenini,شنني,TN5352,Tataouine Sud,Tataouine,South East,32.93878322,10.18910648,200.48981547,1,1,515,91,76,9,6,1,515,91,68,89.4737,78.9474,8,10.5263,-78.9474,0,0.0000,-89.4737,76,saied,zammel,78.9474,17.6699,100.0000
TN535260,Eddouiret,الدويرات,TN5352,Tataouine Sud,Tataouine,South East,32.81155395,10.08304709,289.32346423,1,1,652,190,173,3,14,1,652,190,159,91.9075,86.1272,10,5.7803,-86.1272,4,2.3121,-89.5954,173,saied,zammel,86.1272,29.1411,100.0000
TN535261,El Mesreb,المسرب,TN5352,Tataouine Sud,Tataouine,South East,32.87194559,10.38501226,118.29333787,4,4,2281,417,445,12,17,3,2281,417,387,86.9663,77.9775,40,8.9888,-77.9775,18,4.0449,-82.9213,445,saied,zammel,77.9775,18.2815,75.0000
TN535262,Erroghba,الرقبة,TN5352,Tataouine Sud,Tataouine,South East,32.90259967,10.42128371,3.19938355,7,7,5874,847,802,17,28,7,5874,847,599,74.6883,52.8678,175,21.8204,-52.8678,28,3.4913,-71.1970,802,saied,zammel,52.8678,14.4195,100.0000
TN535263,Ras El Ouedi,رأس الوادي,TN5352,Tataouine Sud,Tataouine,South East,32.71451579,10.09957719,707.76268706,1,1,429,134,127,1,6,1,429,134,107,84.2520,76.3780,10,7.8740,-76.3780,10,7.8740,-76.3780,127,saied,maghzaoui,76.3780,31.2354,100.0000
TN535264,Bir Thalathine,بئر الثلاثين,TN5352,Tataouine Sud,Tataouine,South East,32.69199644,10.3461965,308.84723448,1,1,900,245,226,3,16,1,900,245,177,78.3186,60.6195,40,17.6991,-60.6195,9,3.9823,-74.3363,226,saied,zammel,60.6195,27.2222,100.0000
TN535265,Beni Barka-Tounket,بني بركة - تونكت,TN5352,Tataouine Sud,Tataouine,South East,32.89448292,10.4730097,33.19226757,2,2,1062,249,231,9,9,2,1062,249,202,87.4459,77.0563,24,10.3896,-77.0563,5,2.1645,-85.2814,231,saied,zammel,77.0563,23.4463,100.0000
TN535351,Kerchaou,كرشاو,TN5353,Samar,Tataouine,South East,33.03991319,10.77388057,122.23652798,3,3,1709,356,333,5,18,3,1709,356,282,84.6847,70.8709,46,13.8138,-70.8709,5,1.5015,-83.1832,333,saied,zammel,70.8709,20.8309,100.0000
TN535352,Smar,الصمار,TN5353,Samar,Tataouine,South East,33.03141364,10.90958918,167.08836352,6,6,3625,719,677,17,25,6,3625,719,591,87.2969,77.1049,69,10.1920,-77.1049,17,2.5111,-84.7858,677,saied,zammel,77.1049,19.8345,100.0000
TN535353,El Ghariani,الغر ياني,TN5353,Samar,Tataouine,South East,32.97193094,10.95229102,186.0091831,1,1,616,238,227,6,5,1,616,238,192,84.5815,71.8062,29,12.7753,-71.8062,6,2.6432,-81.9383,227,saied,zammel,71.8062,38.6364,100.0000
TN535354,Errahech,الرهاش,TN5353,Samar,Tataouine,South East,32.91794827,10.95330051,96.51576771,1,1,227,33,32,0,1,1,227,33,29,90.6250,84.3750,1,3.1250,-87.5000,2,6.2500,-84.3750,32,saied,maghzaoui,84.3750,14.5374,100.0000
TN535355,El Morra,المرة,TN5353,Samar,Tataouine,South East,32.60383918,11.10047013,393.91695121,2,2,451,93,84,5,4,2,451,93,77,91.6667,86.9048,3,3.5714,-88.0952,4,4.7619,-86.9048,84,saied,maghzaoui,86.9048,20.6208,100.0000
TN535356,Ksar Aoun,قصر عون,TN5353,Samar,Tataouine,South East,32.62168977,11.04074013,440.4903205,3,3,1603,485,456,12,17,3,1603,485,390,85.5263,73.9035,53,11.6228,-73.9035,13,2.8509,-82.6754,456,saied,zammel,73.9035,30.2558,100.0000
TN535357,Ksar Mehira,قصر مهيرة,TN5353,Samar,Tataouine,South East,32.59103899,10.96414217,342.60873382,4,4,2118,559,543,6,10,3,2118,390,504,92.8177,87.1087,31,5.7090,-87.1087,8,1.4733,-91.3444,543,saied,zammel,87.1087,18.4136,75.0000
TN535358,Beni Mehira Est,بني مهيرة الشرقية,TN5353,Samar,Tataouine,South East,32.61334966,10.99085576,241.07587486,2,2,1203,242,230,5,7,2,1203,242,202,87.8261,77.3913,24,10.4348,-77.3913,4,1.7391,-86.0870,230,saied,zammel,77.3913,20.1164,100.0000
TN535451,Bir Lahmar Est,بئر الاحمر الشرقية,TN5354,Bir Lahmar,Tataouine,South East,33.18008432,10.51425871,69.24734723,2,2,1391,225,211,4,10,2,1391,225,176,83.4123,70.1422,28,13.2701,-70.1422,7,3.3175,-80.0948,211,saied,zammel,70.1422,16.1754,100.0000
TN535452,Bir Lahmar Ouest,بئر الاحمر الغربية,TN5354,Bir Lahmar,Tataouine,South East,33.18327255,10.40580881,15.54629001,2,2,1176,321,304,5,12,2,1176,321,276,90.7895,82.2368,26,8.5526,-82.2368,2,0.6579,-90.1316,304,saied,zammel,82.2368,27.2959,100.0000
TN535453,Sened,السند,TN5354,Bir Lahmar,Tataouine,South East,33.15509418,10.38558516,29.28625497,4,4,2926,622,592,17,13,4,2926,622,521,88.0068,78.3784,57,9.6284,-78.3784,14,2.3649,-85.6419,592,saied,zammel,78.3784,21.2577,100.0000
TN535454,El Argoub,العرقوب,TN5354,Bir Lahmar,Tataouine,South East,33.1004106,10.34527718,20.31184788,1,1,278,86,82,0,4,1,278,86,71,86.5854,79.2683,5,6.0976,-80.4878,6,7.3171,-79.2683,82,saied,maghzaoui,79.2683,30.9353,100.0000
TN535455,Grager,قراقر,TN5354,Bir Lahmar,Tataouine,South East,33.1074888,10.39547374,37.25674337,1,1,321,132,120,6,6,1,321,132,94,78.3333,63.3333,18,15.0000,-63.3333,8,6.6667,-71.6667,120,saied,zammel,63.3333,41.1215,100.0000
TN535456,El Medina,المدينة,TN5354,Bir Lahmar,Tataouine,South East,33.13258484,10.47745033,56.77870283,1,1,1002,105,95,6,4,1,1002,105,71,74.7368,51.5789,22,23.1579,-51.5789,2,2.1053,-72.6316,95,saied,zammel,51.5789,10.4790,100.0000
TN535457,El Bassatine,البساتين,TN5354,Bir Lahmar,Tataouine,South East,33.20718428,10.47342192,15.92286356,1,1,802,216,212,1,3,1,802,216,203,95.7547,92.9245,6,2.8302,-92.9245,3,1.4151,-94.3396,212,saied,zammel,92.9245,26.9327,100.0000
TN535551,Ghomrassen,غمراسن,TN5355,Ghomrassen,Tataouine,South East,33.06154698,10.34765475,1.16339506,2,2,1886,256,238,10,8,2,1886,256,209,87.8151,79.4118,20,8.4034,-79.4118,9,3.7815,-84.0336,238,saied,zammel,79.4118,13.5737,100.0000
TN535552,El Ouaha,الواحة,TN5355,Ghomrassen,Tataouine,South East,33.05845031,10.33855189,0.79907912,3,3,3295,438,409,17,12,3,3295,438,349,85.3301,73.8386,47,11.4914,-73.8386,13,3.1785,-82.1516,409,saied,zammel,73.8386,13.2929,100.0000
TN535553,Ezzouhour,الزهور,TN5355,Ghomrassen,Tataouine,South East,33.0609163,10.33066276,1.79024819,3,3,2281,333,315,11,7,3,2281,333,273,86.6667,73.9683,40,12.6984,-73.9683,2,0.6349,-86.0317,315,saied,zammel,73.9683,14.5989,100.0000
TN535554,El Ghordhab,القرضاب,TN5355,Ghomrassen,Tataouine,South East,33.09084964,10.51272156,91.71023593,2,2,581,146,136,3,7,2,581,146,121,88.9706,82.3529,9,6.6176,-82.3529,6,4.4118,-84.5588,136,saied,zammel,82.3529,25.1291,100.0000
TN535555,El Ferch,الفرش,TN5355,Ghomrassen,Tataouine,South East,32.97786034,10.31829879,55.24014859,2,2,1576,230,220,4,6,2,1576,230,198,90.0000,81.8182,18,8.1818,-81.8182,4,1.8182,-88.1818,220,saied,zammel,81.8182,14.5939,100.0000
TN535556,Guermassa,قرماسة,TN5355,Ghomrassen,Tataouine,South East,33.02488044,10.10762135,319.97973348,1,1,0,297,290,4,3,0,0,0,274,94.4828,91.0345,10,3.4483,-91.0345,6,2.0690,-92.4138,290,saied,zammel,91.0345,,0.0000
TN535557,Ksar El Haddada,قصر الحدادة,TN5355,Ghomrassen,Tataouine,South East,33.11029195,10.30485179,47.86740422,2,2,1332,130,120,7,3,2,1332,130,81,67.5000,40.0000,33,27.5000,-40.0000,6,5.0000,-62.5000,120,saied,zammel,40.0000,9.7598,100.0000
TN535558,Nouvelle Medina,المدينة الجديدة,TN5355,Ghomrassen,Tataouine,South East,33.064848,10.26003415,114.13221815,5,5,2399,357,334,12,11,5,2399,357,280,83.8323,70.9581,43,12.8743,-70.9581,11,3.2934,-80.5389,334,saied,zammel,70.9581,14.8812,100.0000
TN535559,Ksar El Mourabitine,قصر المرابطين,TN5355,Ghomrassen,Tataouine,South East,33.03518468,10.40758805,46.76828162,2,2,1438,127,122,3,2,2,1438,127,107,87.7049,80.3279,9,7.3770,-80.3279,6,4.9180,-82.7869,122,saied,zammel,80.3279,8.8317,100.0000
TN535560,Oued El Khil,وادي الخيل,TN5355,Ghomrassen,Tataouine,South East,33.14901525,10.32648654,12.97436733,1,1,416,84,77,5,2,1,416,84,60,77.9221,66.2338,8,10.3896,-67.5325,9,11.6883,-66.2338,77,saied,maghzaoui,66.2338,20.1923,100.0000
TN535651,Dhehbia Est,ذهبية الشرقية,TN5356,Dhiba,Tataouine,South East,32.21909034,10.86654674,1132.47815415,4,4,1295,505,476,8,15,3,1295,390,435,91.3866,85.0840,30,6.3025,-85.0840,11,2.3109,-89.0756,476,saied,zammel,85.0840,30.1158,75.0000
TN535652,Dhehbia Ouest,ذهبية الغربية,TN5356,Dhiba,Tataouine,South East,31.813335,10.31911849,1971.33718857,4,4,1412,456,422,12,22,4,1412,456,391,92.6540,87.6777,21,4.9763,-87.6777,10,2.3697,-90.2844,422,saied,zammel,87.6777,32.2946,100.0000
TN535751,Remada Est,رمادة الشرقية,TN5357,Remada,Tataouine,South East,32.43454711,10.44276432,848.08472595,5,5,2033,436,419,4,13,5,2033,436,392,93.5561,89.9761,15,3.5800,-89.9761,12,2.8640,-90.6921,419,saied,zammel,89.9761,21.4461,100.0000
TN535752,Remada Ouest,رمادة الغربية,TN5357,Remada,Tataouine,South East,32.03021086,9.54340619,9769.73228384,4,4,3116,727,695,8,23,4,3116,727,630,90.6475,83.0216,53,7.6259,-83.0216,12,1.7266,-88.9209,695,saied,zammel,83.0216,23.3312,100.0000
TN535753,Nekrif,نكريف,TN5357,Remada,Tataouine,South East,32.09876703,10.39462072,685.81358007,1,1,767,228,213,6,9,1,767,228,169,79.3427,60.5634,40,18.7793,-60.5634,4,1.8779,-77.4648,213,saied,zammel,60.5634,29.7262,100.0000
TN535754,Kenbout,كنبوت,TN5357,Remada,Tataouine,South East,32.19765037,10.07248727,1090.23740946,2,2,525,204,194,3,7,2,525,204,192,98.9691,97.9381,0,0.0000,-98.9691,2,1.0309,-97.9381,194,saied,maghzaoui,97.9381,38.8571,100.0000
TN535755,Bir Amir,بئر عمير,TN5357,Remada,Tataouine,South East,32.5816293,9.42229334,3588.66321436,1,1,451,188,186,0,2,1,451,188,169,90.8602,84.4086,5,2.6882,-88.1720,12,6.4516,-84.4086,186,saied,maghzaoui,84.4086,41.6851,100.0000
TN535756,Borj El Khadhra,برج الخضراء,TN5357,Remada,Tataouine,South East,30.97069475,9.82917791,10699.82343269,2,2,171,121,116,3,2,2,171,121,101,87.0690,76.7241,12,10.3448,-76.7241,3,2.5862,-84.4828,116,saied,zammel,76.7241,70.7602,100.0000
TN535757,Meghani,مغنى,TN5357,Remada,Tataouine,South East,32.31755454,10.63479458,489.33487726,1,1,245,86,84,1,1,1,245,86,80,95.2381,92.8571,2,2.3810,-92.8571,2,2.3810,-92.8571,84,saied,maghzaoui,92.8571,35.1020,100.0000
TN615151,Guetis,قطيس,TN6151,Gafsa Nord,Gafsa,South West,34.57447719,8.84402238,81.68844452,3,3,1531,439,428,9,2,3,1531,439,407,95.0935,91.5888,15,3.5047,-91.5888,6,1.4019,-93.6916,428,saied,zammel,91.5888,28.6741,100.0000
TN615152,Er-Rahiba,الرحيبة,TN6151,Gafsa Nord,Gafsa,South West,34.54708051,8.95295063,76.41634858,3,3,1583,358,350,1,7,3,1583,358,330,94.2857,89.7143,16,4.5714,-89.7143,4,1.1429,-93.1429,350,saied,zammel,89.7143,22.6153,100.0000
TN615153,Er-Rahiba Sud,الرحيبة الجنوبية,TN6151,Gafsa Nord,Gafsa,South West,34.49815397,8.91029499,65.17601245,2,2,835,214,207,2,5,2,835,214,204,98.5507,97.5845,2,0.9662,-97.5845,1,0.4831,-98.0676,207,saied,zammel,97.5845,25.6287,100.0000
TN615154,Ksour El Akhoua,قصور الأخوة,TN6151,Gafsa Nord,Gafsa,South West,34.48383495,8.82071314,49.21371548,1,1,580,186,182,1,3,1,580,186,178,97.8022,96.1538,1,0.5495,-97.2527,3,1.6484,-96.1538,182,saied,maghzaoui,96.1538,32.0690,100.0000
TN615155,El Mouthides,المتكيدس,TN6151,Gafsa Nord,Gafsa,South West,34.57419509,8.74961173,65.43978345,1,1,1118,343,338,0,5,1,1118,343,333,98.5207,97.0414,5,1.4793,-97.0414,0,0.0000,-98.5207,338,saied,zammel,97.0414,30.6798,100.0000
TN615156,Fej,الفج,TN6151,Gafsa Nord,Gafsa,South West,34.64790475,9.00037987,146.48933134,3,3,1282,440,429,4,7,3,1282,440,401,93.4732,89.2774,18,4.1958,-89.2774,10,2.3310,-91.1422,429,saied,zammel,89.2774,34.3214,100.0000
TN615157,Menzel Mimoun,منزل ميمون,TN6151,Gafsa Nord,Gafsa,South West,34.66464576,9.09160206,50.3896023,2,2,1315,335,327,1,7,2,1315,335,297,90.8257,84.4037,21,6.4220,-84.4037,9,2.7523,-88.0734,327,saied,zammel,84.4037,25.4753,100.0000
TN615251,Sidi Aich,سيدي عيش,TN6152,Sidi Aich,Gafsa,South West,34.69418151,8.78063275,44.65201352,5,5,3435,1162,1131,8,23,5,3435,1162,1040,91.9540,86.2069,65,5.7471,-86.2069,26,2.2989,-89.6552,1131,saied,zammel,86.2069,33.8282,100.0000
TN615252,Sidi Aich Est,سيدي عيش الشرقية,TN6152,Sidi Aich,Gafsa,South West,34.69680577,8.83080835,53.42943291,2,2,573,415,409,2,4,2,573,415,397,97.0660,95.1100,8,1.9560,-95.1100,4,0.9780,-96.0880,409,saied,zammel,95.1100,72.4258,100.0000
TN615253,El Amaima,العمايمة,TN6152,Sidi Aich,Gafsa,South West,34.66169078,8.6986337,120.40410622,2,2,735,288,278,1,9,2,735,288,270,97.1223,95.6835,4,1.4388,-95.6835,4,1.4388,-95.6835,278,saied,maghzaoui,95.6835,39.1837,100.0000
TN615254,Menzel Gamoudi,منزل القمودي,TN6152,Sidi Aich,Gafsa,South West,34.63036828,8.86643395,75.65021785,1,1,379,160,156,0,4,1,379,160,147,94.2308,89.1026,8,5.1282,-89.1026,1,0.6410,-93.5897,156,saied,zammel,89.1026,42.2164,100.0000
TN615255,El Karia,القربة,TN6152,Sidi Aich,Gafsa,South West,34.74626961,8.89603661,110.06060024,3,3,2022,511,495,5,11,3,2022,511,480,96.9697,94.7475,11,2.2222,-94.7475,4,0.8081,-96.1616,495,saied,zammel,94.7475,25.2720,100.0000
TN615256,Es-Souinia,السوينية,TN6152,Sidi Aich,Gafsa,South West,34.68041579,8.89762396,38.72249958,1,1,566,199,197,1,1,1,566,199,192,97.4619,95.9391,3,1.5228,-95.9391,2,1.0152,-96.4467,197,saied,zammel,95.9391,35.1590,100.0000
TN615351,El Ksar,القصر,TN6153,Ksar,Gafsa,South West,34.36661655,8.78098061,62.28666302,12,12,13256,2579,2772,28,89,11,11975,2579,2474,89.2496,81.9986,201,7.2511,-81.9986,97,3.4993,-85.7504,2772,saied,zammel,81.9986,21.5365,91.6667
TN615352,El Ksar Est,القصر الشرقية,TN6153,Ksar,Gafsa,South West,34.40236248,8.80246887,0.54069539,2,2,1216,493,850,10,22,1,1216,493,788,92.7059,87.5294,44,5.1765,-87.5294,18,2.1176,-90.5882,850,saied,zammel,87.5294,40.5428,50.0000
TN615353,Lala,لالة,TN6153,Ksar,Gafsa,South West,34.3792061,8.86020608,63.01287798,5,5,3117,936,1367,4,34,3,3117,936,1291,94.4404,90.8559,49,3.5845,-90.8559,27,1.9751,-92.4653,1367,saied,zammel,90.8559,30.0289,60.0000
TN615354,Cite Hached,حي حشاد,TN6153,Ksar,Gafsa,South West,34.39256605,8.81504025,0.85042248,4,4,2880,1129,1311,17,44,3,2880,1129,1209,92.2197,87.1091,67,5.1106,-87.1091,35,2.6697,-89.5500,1311,saied,zammel,87.1091,39.2014,75.0000
TN615355,Amra,عمرة,TN6153,Ksar,Gafsa,South West,34.43584174,8.93601171,142.19403079,3,3,1313,511,505,3,3,3,1313,511,490,97.0297,95.4455,8,1.5842,-95.4455,7,1.3861,-95.6436,505,saied,zammel,95.4455,38.9185,100.0000
TN615356,El Matar,المطار,TN6153,Ksar,Gafsa,South West,34.42694107,8.82686407,12.95046436,4,4,4679,1244,1199,7,38,4,4679,1244,1103,91.9933,86.8224,62,5.1710,-86.8224,34,2.8357,-89.1576,1199,saied,zammel,86.8224,26.5869,100.0000
TN615451,Gafsa Ville,قفصة المدينة,TN6154,Gafsa Sud,Gafsa,South West,34.40189242,8.76902255,12.46711749,9,9,7345,1751,2065,18,62,8,7345,1751,1878,90.9443,84.4068,135,6.5375,-84.4068,52,2.5182,-88.4262,2065,saied,zammel,84.4068,23.8393,88.8889
TN615452,Gafsa Est,قفصة الشرقية,TN6154,Gafsa Sud,Gafsa,South West,34.42725151,8.80634416,4.87836898,5,5,4725,1293,1244,16,30,5,4725,1293,1125,90.4341,82.8778,94,7.5563,-82.8778,25,2.0096,-88.4244,1244,saied,zammel,82.8778,27.3651,100.0000
TN615453,Cite Essourour,حي السرور,TN6154,Gafsa Sud,Gafsa,South West,34.45397515,8.78574225,8.28793461,11,11,11993,3444,3332,32,80,11,11993,3444,3096,92.9172,87.7551,172,5.1621,-87.7551,64,1.9208,-90.9964,3332,saied,zammel,87.7551,28.7168,100.0000
TN615454,El Assala,العسالة,TN6154,Gafsa Sud,Gafsa,South West,34.42826333,8.79524752,1.57616815,19,19,19188,5461,5531,40,117,18,19188,5461,5035,91.0324,84.7225,349,6.3099,-84.7225,147,2.6577,-88.3746,5531,saied,zammel,84.7225,28.4605,94.7368
TN615455,Sidi Ahmed Zarrouk,سيدي أحمد زروق,TN6154,Gafsa Sud,Gafsa,South West,34.43242744,8.73511748,35.79952312,5,5,4209,1349,1575,15,47,4,4209,1349,1423,90.3492,83.8095,103,6.5397,-83.8095,49,3.1111,-87.2381,1575,saied,zammel,83.8095,32.0504,80.0000
TN615456,Oued Ailou,واد أيلو,TN6154,Gafsa Sud,Gafsa,South West,34.42708145,8.78628846,0.68061433,6,6,5919,2237,2156,30,51,5,5919,1918,1926,89.3321,81.9109,160,7.4212,-81.9109,70,3.2468,-86.0853,2156,saied,zammel,81.9109,32.4041,83.3333
TN615457,El Moula,المولي,TN6154,Gafsa Sud,Gafsa,South West,34.43180677,8.79139378,0.51622314,1,1,1189,113,113,0,0,1,1189,113,107,94.6903,92.0354,3,2.6549,-92.0354,3,2.6549,-92.0354,113,saied,maghzaoui,92.0354,9.5038,100.0000
TN615458,Cite Ennour,حي النور,TN6154,Gafsa Sud,Gafsa,South West,34.42727239,8.77897557,1.05823263,7,7,6893,1016,1131,18,16,6,6893,1016,1034,91.4235,84.9691,73,6.4545,-84.9691,24,2.1220,-89.3015,1131,saied,zammel,84.9691,14.7396,85.7143
TN615459,Cite Ech-Chabab,حي الشباب,TN6154,Gafsa Sud,Gafsa,South West,34.44809615,8.76773598,13.18391114,14,14,12947,2885,3670,28,98,11,11816,2885,3394,92.4796,87.3025,190,5.1771,-87.3025,86,2.3433,-90.1362,3670,saied,zammel,87.3025,24.4160,78.5714
TN615460,El Aguila,العقيلة,TN6154,Gafsa Sud,Gafsa,South West,34.35918157,8.62213555,380.78909024,2,2,1593,257,253,0,4,2,1593,257,232,91.6996,86.5613,13,5.1383,-86.5613,8,3.1621,-88.5375,253,saied,zammel,86.5613,16.1331,100.0000
TN615461,Kef Derbi,كاف دربي,TN6154,Gafsa Sud,Gafsa,South West,34.58200416,8.57455057,87.08346064,4,4,1449,398,388,3,7,4,1449,398,382,98.4536,97.4227,2,0.5155,-97.9381,4,1.0309,-97.4227,388,saied,maghzaoui,97.4227,27.4672,100.0000
TN615462,En-Nadhour,الناظور,TN6154,Gafsa Sud,Gafsa,South West,34.56136386,8.65403509,204.10612057,2,2,1264,238,231,1,6,2,1264,238,227,98.2684,97.4026,2,0.8658,-97.4026,2,0.8658,-97.4026,231,saied,maghzaoui,97.4026,18.8291,100.0000
TN615551,Oum El Aksab,أم الأقصاب,TN6155,Oum Larais,Gafsa,South West,34.6928951,8.33537221,83.28270336,3,3,1135,382,600,2,33,2,1135,382,585,97.5000,95.6667,4,0.6667,-96.8333,11,1.8333,-95.6667,600,saied,maghzaoui,95.6667,33.6564,66.6667
TN615552,Sidi Boubaker,سيدي بوبكر,TN6155,Oum Larais,Gafsa,South West,34.63990968,8.4446048,93.75204124,4,4,2185,556,526,11,19,4,2185,556,504,95.8175,93.5361,12,2.2814,-93.5361,10,1.9011,-93.9163,526,saied,zammel,93.5361,25.4462,100.0000
TN615553,Oum El Araies Centre,أم العرايس المركزية,TN6155,Oum Larais,Gafsa,South West,34.51223994,8.22337392,146.91233966,7,7,6457,2019,1946,13,60,7,6457,2019,1810,93.0113,89.1572,75,3.8541,-89.1572,61,3.1346,-89.8767,1946,saied,zammel,89.1572,31.2684,100.0000
TN615554,Oum El Araies Gare,أم العرايس المحطة,TN6155,Oum Larais,Gafsa,South West,34.44532546,8.33093146,90.74723286,13,13,12099,3965,3853,25,87,12,12099,3569,3548,92.0841,86.4002,219,5.6839,-86.4002,86,2.2320,-89.8521,3853,saied,zammel,86.4002,29.4983,92.3077
TN615555,Ech-Channoufia,الشنوفية,TN6155,Oum Larais,Gafsa,South West,34.5080766,8.40568219,164.64793688,3,3,613,148,145,1,2,3,613,148,141,97.2414,95.8621,2,1.3793,-95.8621,2,1.3793,-95.8621,145,saied,maghzaoui,95.8621,24.1436,100.0000
TN615556,Es-Souitir,السويطير,TN6155,Oum Larais,Gafsa,South West,34.57978927,8.30834614,216.95178932,2,2,181,50,48,0,2,2,181,50,45,93.7500,89.5833,2,4.1667,-89.5833,1,2.0833,-91.6667,48,saied,zammel,89.5833,27.6243,100.0000
TN615557,Daouara,الدوارة,TN6155,Oum Larais,Gafsa,South West,34.49652218,8.54622726,180.28198317,2,2,1541,414,407,0,7,2,1541,414,385,94.5946,91.6462,10,2.4570,-92.1376,12,2.9484,-91.6462,407,saied,maghzaoui,91.6462,26.8657,100.0000
TN615651,Redeyef Centre,الرديف المركز,TN6156,Redeyef,Gafsa,South West,34.37772042,8.14279866,0.40143666,3,3,3880,564,533,4,27,3,3880,564,474,88.9306,80.1126,47,8.8180,-80.1126,12,2.2514,-86.6792,533,saied,zammel,80.1126,14.5361,100.0000
TN615652,Redeyef Nord,الرديف الشمالية,TN6156,Redeyef,Gafsa,South West,34.39215242,8.1195696,24.89692396,4,4,3671,735,673,5,57,4,3671,735,634,94.2051,89.5988,31,4.6062,-89.5988,8,1.1887,-93.0163,673,saied,zammel,89.5988,20.0218,100.0000
TN615653,Redeyef Sud,الرديف الجنوبية,TN6156,Redeyef,Gafsa,South West,34.3008255,8.10113954,88.76049464,7,7,5593,1579,1506,9,64,7,5593,1579,1398,92.8287,87.3838,82,5.4449,-87.3838,26,1.7264,-91.1023,1506,saied,zammel,87.3838,28.2317,100.0000
TN615654,Redeyef Gare,الرديف المحطة,TN6156,Redeyef,Gafsa,South West,34.36951757,8.1977015,203.52555889,9,9,9034,2744,2809,20,119,8,9034,2744,2668,94.9804,92.0256,83,2.9548,-92.0256,58,2.0648,-92.9156,2809,saied,zammel,92.0256,30.3741,88.8889
TN615655,Tabdit,تابديت,TN6156,Redeyef,Gafsa,South West,34.40704594,8.26852455,86.18579414,2,2,934,387,368,3,16,2,934,387,359,97.5543,95.9239,6,1.6304,-95.9239,3,0.8152,-96.7391,368,saied,zammel,95.9239,41.4347,100.0000
TN615751,Metlaoui Centre,المتلوي المركز,TN6157,Metlaoui,Gafsa,South West,34.32195572,8.40228739,1.19362577,6,6,4419,1405,1614,8,35,4,4419,971,1469,91.0161,83.7670,117,7.2491,-83.7670,28,1.7348,-89.2813,1614,saied,zammel,83.7670,21.9733,66.6667
TN615752,Metlaoui Gare,المتلوي المحطة,TN6157,Metlaoui,Gafsa,South West,34.30750589,8.420757,3.75435027,5,5,5165,1403,1358,6,39,5,5165,1403,1239,91.2371,84.4624,92,6.7747,-84.4624,27,1.9882,-89.2489,1358,saied,zammel,84.4624,27.1636,100.0000
TN615753,El Mziraa,المزيرعة,TN6157,Metlaoui,Gafsa,South West,34.24413613,8.35667933,153.0025986,3,3,3576,973,946,2,25,3,3576,973,873,92.2833,87.2093,48,5.0740,-87.2093,25,2.6427,-89.6406,946,saied,zammel,87.2093,27.2092,100.0000
TN615754,Krichet Naam,كريشة النعام,TN6157,Metlaoui,Gafsa,South West,34.26870575,8.28145399,225.75857633,1,1,170,71,68,2,1,1,170,71,66,97.0588,94.1176,2,2.9412,-94.1176,0,0.0000,-97.0588,68,saied,zammel,94.1176,41.7647,100.0000
TN615755,Cite El Amel Ouest,حي الامل الغربي,TN6157,Metlaoui,Gafsa,South West,34.36471751,8.45963949,73.96021897,2,2,2203,581,560,2,19,2,2203,581,538,96.0714,93.0357,17,3.0357,-93.0357,5,0.8929,-95.1786,560,saied,zammel,93.0357,26.3731,100.0000
TN615756,Cite El Amel Est,حي الامل الشرقي,TN6157,Metlaoui,Gafsa,South West,34.32390208,8.40548112,0.23188353,7,7,6045,1949,1900,9,40,6,5804,1554,1787,94.0526,89.3684,89,4.6842,-89.3684,24,1.2632,-92.7895,1900,saied,zammel,89.3684,26.7746,85.7143
TN615757,Thalja,الثالجة,TN6157,Metlaoui,Gafsa,South West,34.30828403,8.4011705,2.31871784,5,5,3684,1579,1542,7,31,4,3684,1214,1404,91.0506,85.0195,93,6.0311,-85.0195,45,2.9183,-88.1323,1542,saied,zammel,85.0195,32.9533,80.0000
TN615758,Oued El Arta,وادي الأرطة,TN6157,Metlaoui,Gafsa,South West,34.37356815,8.38948228,61.90336382,2,2,1808,716,693,10,13,2,1808,716,652,94.0837,91.0534,21,3.0303,-91.0534,20,2.8860,-91.1977,693,saied,zammel,91.0534,39.6018,100.0000
TN615759,El Magroun,المقرون,TN6157,Metlaoui,Gafsa,South West,34.32408651,8.39624868,0.8732695,2,2,959,209,201,2,6,2,959,209,178,88.5572,80.0995,17,8.4577,-80.0995,6,2.9851,-85.5721,201,saied,zammel,80.0995,21.7935,100.0000
TN615851,Mdhila Centre,المظيلة المركز,TN6158,Mdhilla,Gafsa,South West,34.30604777,8.80052052,44.8552333,5,5,4520,989,1152,11,36,4,3662,989,1052,91.3194,84.4618,79,6.8576,-84.4618,21,1.8229,-89.4965,1152,saied,zammel,84.4618,27.0071,80.0000
TN615852,Cite Des Travailleurs,الحي العمالي,TN6158,Mdhilla,Gafsa,South West,34.30599753,8.74462441,11.91455966,6,6,4183,1377,1518,9,50,4,4183,1100,1347,88.7352,79.4466,141,9.2885,-79.4466,30,1.9763,-86.7589,1518,saied,zammel,79.4466,26.2969,66.6667
TN615853,Sahib,صهيب,TN6158,Mdhilla,Gafsa,South West,34.26004403,8.66499036,232.14001609,2,2,1675,395,380,4,11,2,1675,395,335,88.1579,78.9474,35,9.2105,-78.9474,10,2.6316,-85.5263,380,saied,zammel,78.9474,23.5821,100.0000
TN615854,El Segui,السقي,TN6158,Mdhilla,Gafsa,South West,34.14815046,8.72924167,355.53642644,1,1,260,69,67,1,1,1,260,69,66,98.5075,97.0149,1,1.4925,-97.0149,0,0.0000,-98.5075,67,saied,zammel,97.0149,26.5385,100.0000
TN615951,El Guetar Ouest,القطار الغربية,TN6159,Guetar,Gafsa,South West,34.22405131,8.9674749,132.93403185,6,6,5790,1859,1777,22,60,6,5790,1859,1665,93.6972,89.3641,77,4.3331,-89.3641,35,1.9696,-91.7276,1777,saied,zammel,89.3641,32.1071,100.0000
TN615952,El Ortos,الأرطس,TN6159,Guetar,Gafsa,South West,34.25276883,8.86570239,265.19210069,2,2,1127,347,328,4,15,2,1127,347,311,94.8171,91.7683,10,3.0488,-91.7683,7,2.1341,-92.6829,328,saied,zammel,91.7683,30.7897,100.0000
TN615953,El Guetar Est,القطار الشرقية,TN6159,Guetar,Gafsa,South West,34.26501252,9.07100976,358.75853061,4,4,4527,1539,1484,7,48,4,4527,1539,1447,97.5067,95.7547,11,0.7412,-96.7655,26,1.7520,-95.7547,1484,saied,maghzaoui,95.7547,33.9960,100.0000
TN615954,El Ongue,العنق,TN6159,Guetar,Gafsa,South West,34.35526017,9.12072183,73.72362745,2,2,1874,387,361,13,13,2,1874,387,350,96.9529,93.9058,11,3.0471,-93.9058,0,0.0000,-96.9529,361,saied,zammel,93.9058,20.6510,100.0000
TN615955,Es-Saket,الساكت,TN6159,Guetar,Gafsa,South West,34.39549838,9.22053186,44.89793545,2,2,1054,429,415,5,9,1,1054,378,400,96.3855,94.4578,7,1.6867,-94.6988,8,1.9277,-94.4578,415,saied,maghzaoui,94.4578,35.8634,50.0000
TN615956,Bir Saad,بئر سعد,TN6159,Guetar,Gafsa,South West,34.35332673,9.24395241,57.88493541,2,2,816,242,226,7,9,2,816,242,221,97.7876,95.5752,5,2.2124,-95.5752,0,0.0000,-97.7876,226,saied,zammel,95.5752,29.6569,100.0000
TN616051,El Ayaicha,العيايشة,TN6160,Belkhir,Gafsa,South West,34.25458412,9.23192839,220.33092219,4,4,2397,366,347,6,13,4,2397,366,331,95.3890,91.9308,12,3.4582,-91.9308,4,1.1527,-94.2363,347,saied,zammel,91.9308,15.2691,100.0000
TN616052,Belkhir,بلخير,TN6160,Belkhir,Gafsa,South West,34.28162663,9.46053721,175.9948819,4,4,3894,852,826,10,16,4,3894,852,780,94.4310,90.3148,34,4.1162,-90.3148,12,1.4528,-92.9782,826,saied,zammel,90.3148,21.8798,100.0000
TN616053,Et-Talh Est,الطلح الشرقية,TN6160,Belkhir,Gafsa,South West,34.3978212,9.46058122,154.82526455,2,2,988,300,291,3,6,2,988,300,283,97.2509,94.8454,1,0.3436,-96.9072,7,2.4055,-94.8454,291,saied,maghzaoui,94.8454,30.3644,100.0000
TN616054,Et-Talh Ouest,الطلح الغربية,TN6160,Belkhir,Gafsa,South West,34.43974182,9.33126588,136.43888996,5,5,1621,518,525,4,18,4,1621,518,489,93.1429,89.5238,19,3.6190,-89.5238,17,3.2381,-89.9048,525,saied,zammel,89.5238,31.9556,80.0000
TN616055,Jbilet Ouest,جبيلة الوسط,TN6160,Belkhir,Gafsa,South West,34.36097352,9.35765293,80.0610059,3,3,2238,386,370,5,11,3,2238,386,342,92.4324,87.8378,17,4.5946,-87.8378,11,2.9730,-89.4595,370,saied,zammel,87.8378,17.2475,100.0000
TN616056,Ouled El Hadj,أولاد الحاج,TN6160,Belkhir,Gafsa,South West,34.27082506,9.33845164,73.20305016,2,2,1518,397,383,4,10,2,1518,397,361,94.2559,89.5561,18,4.6997,-89.5561,4,1.0444,-93.2115,383,saied,zammel,89.5561,26.1528,100.0000
TN616151,Sned,السند,TN6161,Sened,Gafsa,South West,34.47689378,9.23033323,164.58274692,9,9,5881,1755,2068,19,35,6,4814,1311,1929,93.2785,88.4913,99,4.7872,-88.4913,40,1.9342,-91.3443,2068,saied,zammel,88.4913,27.2331,66.6667
TN616152,Sned-Nord,السند الشمالية,TN6161,Sened,Gafsa,South West,34.5648535,9.26735609,44.10778885,1,1,1184,491,477,3,11,1,1184,491,460,96.4361,93.5010,14,2.9350,-93.5010,3,0.6289,-95.8071,477,saied,zammel,93.5010,41.4696,100.0000
TN616153,Sanouche,صانوش,TN6161,Sened,Gafsa,South West,34.43462623,9.06365109,81.28575081,5,5,5146,1421,1378,14,29,5,5146,1421,1238,89.8403,84.0348,60,4.3541,-85.4862,80,5.8055,-84.0348,1378,saied,maghzaoui,84.0348,27.6137,100.0000
TN616154,Djedida,الجديدة,TN6161,Sened,Gafsa,South West,34.51851036,9.02103592,67.2924717,4,4,2819,582,569,1,12,4,2819,582,534,93.8489,90.3339,15,2.6362,-91.2127,20,3.5149,-90.3339,569,saied,maghzaoui,90.3339,20.6456,100.0000
TN616155,Abdessadok,عبد الصادق,TN6161,Sened,Gafsa,South West,34.48726562,9.08944426,170.61162693,6,6,3019,774,1058,14,30,5,3019,774,961,90.8318,85.0662,36,3.4026,-87.4291,61,5.7656,-85.0662,1058,saied,maghzaoui,85.0662,25.6376,83.3333
TN616156,Majoura,ماجورة,TN6161,Sened,Gafsa,South West,34.62584031,9.23563925,118.58441624,7,7,2945,1502,1570,13,22,5,2945,1250,1465,93.3121,88.4713,76,4.8408,-88.4713,29,1.8471,-91.4650,1570,saied,zammel,88.4713,42.4448,71.4286
TN616157,Alim,عليم,TN6161,Sened,Gafsa,South West,34.62760498,9.14951819,121.92655632,7,7,3025,901,869,7,25,6,3025,722,791,91.0242,85.7307,46,5.2934,-85.7307,32,3.6824,-87.3418,869,saied,zammel,85.7307,23.8678,85.7143
TN625151,Masghouna,مسغونة,TN6251,Tozeur,Tozeur,South West,33.92070345,8.13185992,0.14597987,1,1,981,371,354,4,13,1,981,371,335,94.6328,89.5480,18,5.0847,-89.5480,1,0.2825,-94.3503,354,saied,zammel,89.5480,37.8186,100.0000
TN625152,Ez-Zebda,الزبدة,TN6251,Tozeur,Tozeur,South West,33.91966898,8.13453961,0.10296176,2,2,2292,738,713,6,19,2,2292,738,641,89.9018,82.0477,56,7.8541,-82.0477,16,2.2440,-87.6578,713,saied,zammel,82.0477,32.1990,100.0000
TN625153,El Habaila,الهبائلة,TN6251,Tozeur,Tozeur,South West,33.91708065,8.13373334,0.22878218,2,2,2138,636,614,4,18,2,2138,636,549,89.4137,81.9218,46,7.4919,-81.9218,19,3.0945,-86.3192,614,saied,zammel,81.9218,29.7474,100.0000
TN625154,El Haouadef,الهوادف,TN6251,Tozeur,Tozeur,South West,33.81464583,8.22295726,187.59006572,3,3,2910,984,937,16,31,3,2910,984,845,90.1814,82.2839,74,7.8975,-82.2839,18,1.9210,-88.2604,937,saied,zammel,82.2839,33.8144,100.0000
TN625155,El Keitna,القيطنة,TN6251,Tozeur,Tozeur,South West,33.92588346,8.1346398,0.45673274,1,1,1233,475,465,2,8,1,1233,475,441,94.8387,91.1828,17,3.6559,-91.1828,7,1.5054,-93.3333,465,saied,zammel,91.1828,38.5239,100.0000
TN625156,Ras Draa-Helba,رأس الذراع حلبة,TN6251,Tozeur,Tozeur,South West,33.95269684,8.16513767,12.36733283,3,3,3656,1053,1001,13,39,3,3656,1053,950,94.9051,91.2088,37,3.6963,-91.2088,14,1.3986,-93.5065,1001,saied,zammel,91.2088,28.8020,100.0000
TN625157,El Ezdihar,الإزدهار,TN6251,Tozeur,Tozeur,South West,33.95799897,8.13747084,16.6377235,6,6,6340,1933,1860,22,51,6,6340,1933,1732,93.1183,87.5806,103,5.5376,-87.5806,25,1.3441,-91.7742,1860,saied,zammel,87.5806,30.4890,100.0000
TN625158,Cite L'Aeroport,حي المطار,TN6251,Tozeur,Tozeur,South West,34.01858209,8.04348376,296.69678506,8,8,8431,2791,2688,25,78,8,8431,2791,2497,92.8943,87.8720,135,5.0223,-87.8720,56,2.0833,-90.8110,2688,saied,zammel,87.8720,33.1040,100.0000
TN625159,Ech-Chabia,الشابية,TN6251,Tozeur,Tozeur,South West,33.89084465,8.04442009,22.16135992,5,4,2777,1345,1307,14,24,3,2777,947,1206,92.2724,86.2280,79,6.0444,-86.2280,22,1.6832,-90.5891,1307,saied,zammel,86.2280,34.1015,60.0000
TN625160,El-Hadher,الحضر,TN6251,Tozeur,Tozeur,South West,33.79429856,8.11967241,281.1589882,5,5,3956,1814,1758,13,43,4,3756,1334,1676,95.3356,92.4346,51,2.9010,-92.4346,31,1.7634,-93.5722,1758,saied,zammel,92.4346,35.5165,80.0000
TN625251,Degach Nord,دقاش الشمالية,TN6252,Degueche,Tozeur,South West,33.98897558,8.22193795,0.6915504,3,3,2393,885,859,3,23,3,2393,885,826,96.1583,93.5972,22,2.5611,-93.5972,11,1.2806,-94.8778,859,saied,zammel,93.5972,36.9829,100.0000
TN625252,Degach Sud,دقاش الجنوبية,TN6252,Degueche,Tozeur,South West,33.89024474,8.2479263,105.06584291,4,4,4242,1394,1346,18,30,4,4242,1394,1256,93.3135,88.4844,65,4.8291,-88.4844,25,1.8574,-91.4562,1346,saied,zammel,88.4844,32.8619,100.0000
TN625253,Sebaa Abar,سبع أبار,TN6252,Degueche,Tozeur,South West,33.90367319,8.30006055,151.00999226,4,4,2808,986,951,4,30,4,2808,986,886,93.1651,89.6951,32,3.3649,-89.8002,33,3.4700,-89.6951,951,saied,maghzaoui,89.6951,35.1140,100.0000
TN625254,El Mahassen,المحاسن,TN6252,Degueche,Tozeur,South West,33.91335372,8.34663341,55.21405224,4,4,3085,1062,1012,12,38,4,3085,1062,969,95.7510,92.9842,28,2.7668,-92.9842,15,1.4822,-94.2688,1012,saied,zammel,92.9842,34.4246,100.0000
TN625255,Bou Helal,بوهلال,TN6252,Degueche,Tozeur,South West,33.94926465,8.337582,57.23851512,4,4,2827,1157,1110,16,31,4,2827,1157,1045,94.1441,90.8108,37,3.3333,-90.8108,28,2.5225,-91.6216,1110,saied,zammel,90.8108,40.9268,100.0000
TN625256,El Hamma,الحامة,TN6252,Degueche,Tozeur,South West,34.07813774,8.10342718,124.58987425,4,4,3345,1122,1075,14,33,4,3345,1122,1032,96.0000,93.3953,28,2.6047,-93.3953,15,1.3953,-94.6047,1075,saied,zammel,93.3953,33.5426,100.0000
TN625257,Chakmou,شاكمو,TN6252,Degueche,Tozeur,South West,34.17840693,8.13377769,456.20674052,1,1,396,215,208,4,3,1,396,215,198,95.1923,91.3462,8,3.8462,-91.3462,2,0.9615,-94.2308,208,saied,zammel,91.3462,54.2929,100.0000
TN625258,Dghoumes,دغومس,TN6252,Degueche,Tozeur,South West,33.9486256,8.45292963,456.01045416,3,3,1652,532,519,3,10,3,1652,532,494,95.1830,92.1002,9,1.7341,-93.4489,16,3.0829,-92.1002,519,saied,maghzaoui,92.1002,32.2034,100.0000
TN625259,En-Namlat,النملات,TN6252,Degueche,Tozeur,South West,33.99053813,8.16186123,2.19826454,2,2,2006,859,829,11,19,2,2006,859,802,96.7431,94.0893,5,0.6031,-96.1399,22,2.6538,-94.0893,829,saied,maghzaoui,94.0893,42.8215,100.0000
TN625351,Tameghza,تمغزة,TN6253,Tamaghza,Tozeur,South West,34.381715,7.95043521,34.67448335,3,3,2079,673,652,4,17,3,2079,673,615,94.3252,90.9509,22,3.3742,-90.9509,15,2.3006,-92.0245,652,saied,zammel,90.9509,32.3713,100.0000
TN625352,Chebika,الشبيكة,TN6253,Tamaghza,Tozeur,South West,34.21700421,7.90336816,664.89242112,2,2,943,439,421,7,11,2,943,439,403,95.7245,92.3990,14,3.3254,-92.3990,4,0.9501,-94.7743,421,saied,zammel,92.3990,46.5536,100.0000
TN625353,Midas,ميداس,TN6253,Tamaghza,Tozeur,South West,34.40913488,7.91613427,23.61719294,1,1,556,237,226,3,8,1,556,237,208,92.0354,87.6106,10,4.4248,-87.6106,8,3.5398,-88.4956,226,saied,zammel,87.6106,42.6259,100.0000
TN625354,Ain El Karma,عين الكرمة,TN6253,Tamaghza,Tozeur,South West,34.44397309,8.0570566,130.62416621,2,2,1043,314,291,5,18,2,1043,314,280,96.2199,94.1581,5,1.7182,-94.5017,6,2.0619,-94.1581,291,saied,maghzaoui,94.1581,30.1055,100.0000
TN625356,Er-Remitha,الرميثة,TN6253,Tamaghza,Tozeur,South West,34.43805423,7.97891971,19.63969017,1,1,465,237,221,5,11,1,465,237,212,95.9276,92.7602,7,3.1674,-92.7602,2,0.9050,-95.0226,221,saied,zammel,92.7602,50.9677,100.0000
TN625451,Chafai Ech-Cherif,الشافعي الشريف,TN6254,Nefta,Tozeur,South West,33.9916126,7.88876768,430.89191149,3,3,2674,891,859,12,20,3,2674,891,780,90.8033,83.8184,60,6.9849,-83.8184,19,2.2119,-88.5914,859,saied,zammel,83.8184,33.3209,100.0000
TN625453,El Ouaha,الواحة,TN6254,Nefta,Tozeur,South West,33.69246489,7.79645454,334.64440561,2,2,1888,687,664,9,14,2,1888,687,637,95.9337,92.7711,21,3.1627,-92.7711,6,0.9036,-95.0301,664,saied,zammel,92.7711,36.3877,100.0000
TN625454,Es-Seni,السني,TN6254,Nefta,Tozeur,South West,33.8390366,7.88822369,13.0854923,2,2,1700,562,531,9,22,2,1700,562,477,89.8305,80.9793,47,8.8512,-80.9793,7,1.3183,-88.5122,531,saied,zammel,80.9793,33.0588,100.0000
TN625455,El Ayoun,العيون,TN6254,Nefta,Tozeur,South West,33.67548434,7.99169794,672.55884436,2,2,2281,747,715,13,19,2,2281,747,671,93.8462,89.2308,33,4.6154,-89.2308,11,1.5385,-92.3077,715,saied,zammel,89.2308,32.7488,100.0000
TN625456,Ettahir,التحرير,TN6254,Nefta,Tozeur,South West,33.87039859,7.88320406,0.08435404,2,2,1923,162,386,8,11,1,961,162,341,88.3420,79.0155,36,9.3264,-79.0155,9,2.3316,-86.0104,386,saied,zammel,79.0155,16.8574,50.0000
TN625457,El-Assil,الأصيل,TN6254,Nefta,Tozeur,South West,33.87465807,7.87401331,0.13769678,2,2,1621,526,504,5,17,2,1621,526,451,89.4841,80.7540,44,8.7302,-80.7540,9,1.7857,-87.6984,504,saied,zammel,80.7540,32.4491,100.0000
TN625458,El Khadar Ben Houssine,الخضر بن حسين,TN6254,Nefta,Tozeur,South West,33.97797235,7.77733749,157.49468032,4,4,4135,1020,1386,27,40,3,3101,1020,1291,93.1457,87.8788,73,5.2670,-87.8788,22,1.5873,-91.5584,1386,saied,zammel,87.8788,32.8926,75.0000
TN625551,Hazoua,حزوة,TN6255,Hazoua,Tozeur,South West,33.76641627,7.63284987,85.79178679,3,3,2574,1026,973,20,33,3,2574,1026,854,87.7698,78.0062,95,9.7636,-78.0062,24,2.4666,-85.3032,973,saied,zammel,78.0062,39.8601,100.0000
TN625552,Hattem,حطام,TN6255,Hazoua,Tozeur,South West,33.95748206,7.64480636,577.68708043,2,2,914,383,367,9,7,2,914,383,347,94.5504,91.5531,11,2.9973,-91.5531,9,2.4523,-92.0981,367,saied,zammel,91.5531,41.9037,100.0000
TN625553,Ain Ouled El Ggerissi,عين أولاد اللغريسي,TN6255,Hazoua,Tozeur,South West,33.61044252,7.72220686,592.76638887,1,1,539,201,196,1,4,1,539,201,169,86.2245,76.0204,20,10.2041,-76.0204,7,3.5714,-82.6531,196,saied,zammel,76.0204,37.2913,100.0000
TN635151,Kebili Sud,قبلي الجنوبية,TN6351,Kebili Sud,Kebili,South West,33.70420854,9.01956229,15.34125079,4,4,5039,1364,1304,16,44,4,5039,1364,1125,86.2730,79.3712,90,6.9018,-79.3712,89,6.8252,-79.4479,1304,saied,zammel,79.3712,27.0689,100.0000
TN635152,Bazma,بازمة,TN6351,Kebili Sud,Kebili,South West,33.66293676,9.04636498,118.32643226,4,4,3937,1286,1225,17,44,4,3937,1286,1123,91.6735,87.2653,48,3.9184,-87.7551,54,4.4082,-87.2653,1225,saied,maghzaoui,87.2653,32.6645,100.0000
TN635153,Jemna Nord,جمنة الشمالية,TN6351,Kebili Sud,Kebili,South West,33.61709582,9.25779123,233.49285439,2,2,2393,695,666,7,22,2,2393,695,549,82.4324,68.9189,90,13.5135,-68.9189,27,4.0541,-78.3784,666,saied,zammel,68.9189,29.0430,100.0000
TN635154,Jemna Sud,جمنة الجنوبية,TN6351,Kebili Sud,Kebili,South West,33.574701,9.26838972,423.14672986,3,3,3014,566,538,12,16,3,3014,566,428,79.5539,65.6134,75,13.9405,-65.6134,35,6.5056,-73.0483,538,saied,zammel,65.6134,18.7790,100.0000
TN635155,Bechelli,بشلى,TN6351,Kebili Sud,Kebili,South West,33.609152,8.94297079,38.04749355,4,4,3264,782,768,7,7,4,3264,782,644,83.8542,72.9167,84,10.9375,-72.9167,40,5.2083,-78.6458,768,saied,zammel,72.9167,23.9583,100.0000
TN635156,Jersine,جرسين,TN6351,Kebili Sud,Kebili,South West,33.62072054,8.72371273,147.29546692,2,2,965,746,706,11,29,1,965,420,602,85.2691,75.6374,68,9.6317,-75.6374,36,5.0992,-80.1700,706,saied,zammel,75.6374,43.5233,50.0000
TN635157,El Blidete,البليدات,TN6351,Kebili Sud,Kebili,South West,33.57380244,8.85315078,100.69774788,3,3,2273,575,558,5,12,3,2273,575,406,72.7599,50.5376,124,22.2222,-50.5376,28,5.0179,-67.7419,558,saied,zammel,50.5376,25.2970,100.0000
TN635158,Beni Mehemed,بني محمّد,TN6351,Kebili Sud,Kebili,South West,33.57175948,8.927123,41.616541,3,3,1951,445,573,4,7,2,1585,445,494,86.2129,75.9162,59,10.2967,-75.9162,20,3.4904,-82.7225,573,saied,zammel,75.9162,28.0757,66.6667
TN635159,Janoura,جنعورة,TN6351,Kebili Sud,Kebili,South West,33.67244051,8.97163633,24.0788639,3,3,2879,1059,1011,10,38,3,2879,1059,935,92.4827,88.7240,38,3.7587,-88.7240,38,3.7587,-88.7240,1011,saied,maghzaoui,88.7240,36.7836,100.0000
TN635251,Kebeli Nord,قبلي الشمالية,TN6352,Kebili Nord,Kebili,South West,33.72490421,9.00865844,16.02477467,4,4,3861,1095,1478,17,55,3,3861,1095,1297,87.7537,80.3112,110,7.4425,-80.3112,71,4.8038,-82.9499,1478,saied,zammel,80.3112,28.3605,75.0000
TN635252,El Mansoura,المنصورة,TN6352,Kebili Nord,Kebili,South West,33.73050953,8.95533497,19.19756875,4,4,3080,1015,967,12,36,4,3080,1015,923,95.4498,92.7611,18,1.8614,-93.5884,26,2.6887,-92.7611,967,saied,maghzaoui,92.7611,32.9545,100.0000
TN635253,Errabta,الرابطة,TN6352,Kebili Nord,Kebili,South West,33.73539621,8.92585091,6.31797637,2,2,1446,558,530,9,19,2,1446,558,496,93.5849,89.6226,13,2.4528,-91.1321,21,3.9623,-89.6226,530,saied,maghzaoui,89.6226,38.5892,100.0000
TN635254,Tonbar,طنبار,TN6352,Kebili Nord,Kebili,South West,33.7299259,8.8933217,9.14844934,3,3,3419,931,894,19,18,3,3419,931,812,90.8277,85.1230,51,5.7047,-85.1230,31,3.4676,-87.3602,894,saied,zammel,85.1230,27.2302,100.0000
TN635255,Limagues Estiffimia,ليماقس اسفطميمية,TN6352,Kebili Nord,Kebili,South West,33.94623452,9.17866899,658.82380402,2,2,1929,663,629,4,30,2,1929,663,571,90.7790,84.4197,18,2.8617,-87.9173,40,6.3593,-84.4197,629,saied,maghzaoui,84.4197,34.3701,100.0000
TN635256,Telmine,تلمين,TN6352,Kebili Nord,Kebili,South West,33.70474383,8.90959925,2.98879282,2,2,1787,581,544,10,27,2,1787,581,506,93.0147,88.7868,15,2.7574,-90.2574,23,4.2279,-88.7868,544,saied,maghzaoui,88.7868,32.5126,100.0000
TN635257,Tenbib,تنبيب,TN6352,Kebili Nord,Kebili,South West,33.70835165,8.8928394,8.51201158,2,2,1555,427,420,2,5,2,1555,427,373,88.8095,82.3810,20,4.7619,-84.0476,27,6.4286,-82.3810,420,saied,maghzaoui,82.3810,27.4598,100.0000
TN635258,Saidane,سعيدان,TN6352,Kebili Nord,Kebili,South West,33.75400351,9.24532858,374.12390392,4,4,704,395,384,4,7,3,704,272,363,94.5312,90.6250,6,1.5625,-92.9688,15,3.9062,-90.6250,384,saied,maghzaoui,90.6250,38.6364,75.0000
TN635259,El Gattaya,القطعاية,TN6352,Kebili Nord,Kebili,South West,33.63348704,8.88466928,102.98372888,1,1,1164,506,491,4,11,1,1164,506,451,91.8534,85.9470,11,2.2403,-89.6130,29,5.9063,-85.9470,491,saied,maghzaoui,85.9470,43.4708,100.0000
TN635260,Kebeli Est,قبلي الشرقية,TN6352,Kebili Nord,Kebili,South West,33.73540592,8.98485885,7.17059585,5,5,4695,1217,1179,12,26,5,4695,1217,944,80.0679,69.2960,127,10.7718,-69.2960,108,9.1603,-70.9075,1179,saied,zammel,69.2960,25.9212,100.0000
TN635351,El Menchia,المنشية,TN6353,Souk El Ahed,Kebili,South West,33.95366951,9.05042048,459.5893181,6,6,5465,1656,1596,19,41,6,5465,1656,1299,81.3910,69.6115,109,6.8296,-74.5614,188,11.7794,-69.6115,1596,saied,maghzaoui,69.6115,30.3019,100.0000
TN635352,Bou Abdellah,بو عبد الله,TN6353,Souk El Ahed,Kebili,South West,33.9556957,8.94769112,346.20943558,7,7,5864,1396,1331,23,42,7,5864,1396,749,56.2735,15.5522,40,3.0053,-53.2682,542,40.7213,-15.5522,1331,saied,maghzaoui,15.5522,23.8063,100.0000
TN635353,Oum Essoumaa,ام الصمعة,TN6353,Souk El Ahed,Kebili,South West,33.92526055,8.83569429,337.23294405,6,6,4461,1373,1329,10,34,6,4461,1373,1165,87.6599,78.8563,47,3.5365,-84.1234,117,8.8036,-78.8563,1329,saied,maghzaoui,78.8563,30.7779,100.0000
TN635354,Ezzaouaia,الزاوية,TN6353,Souk El Ahed,Kebili,South West,33.92915863,8.75814488,224.12770938,2,2,1551,592,581,1,10,2,1551,592,524,90.1893,82.0998,10,1.7212,-88.4682,47,8.0895,-82.0998,581,saied,maghzaoui,82.0998,38.1689,100.0000
TN635355,Bechri,بشري,TN6353,Souk El Ahed,Kebili,South West,33.89741162,8.69126393,270.47921109,4,4,1754,733,912,15,24,3,1754,733,787,86.2939,76.6447,37,4.0570,-82.2368,88,9.6491,-76.6447,912,saied,maghzaoui,76.6447,41.7902,75.0000
TN635356,Fatnassa,فطناسة,TN6353,Souk El Ahed,Kebili,South West,33.82908726,8.57556259,504.20654637,3,3,2062,591,569,9,13,3,2062,591,466,81.8981,69.0685,30,5.2724,-76.6257,73,12.8295,-69.0685,569,saied,maghzaoui,69.0685,28.6615,100.0000
TN635357,Negga,نقة,TN6353,Souk El Ahed,Kebili,South West,33.70107867,8.78540746,138.99296987,4,4,1782,1051,1014,5,32,3,1782,718,912,89.9408,83.5306,37,3.6489,-86.2919,65,6.4103,-83.5306,1014,saied,maghzaoui,83.5306,40.2918,75.0000
TN635451,Douz Est,دوز الشرقية,TN6354,Douz Nord,Kebili,South West,33.26746947,9.57215654,1588.8088646,6,6,4713,1339,1587,8,35,5,4713,1339,1453,91.5564,87.2716,68,4.2848,-87.2716,66,4.1588,-87.3976,1587,saied,zammel,87.2716,28.4108,83.3333
TN635452,El Golaa,القلعة,TN6354,Douz Nord,Kebili,South West,33.48705521,8.98866691,51.78425577,8,8,5784,1152,1113,12,27,7,5784,1001,808,72.5966,48.6972,266,23.8994,-48.6972,39,3.5040,-69.0925,1113,saied,zammel,48.6972,17.3064,87.5000
TN635453,El Aouina Nord,العوينة الشمالية,TN6354,Douz Nord,Kebili,South West,33.17578881,9.51236788,649.99000873,3,3,3638,968,930,15,23,3,3638,968,787,84.6237,74.0860,98,10.5376,-74.0860,45,4.8387,-79.7849,930,saied,zammel,74.0860,26.6080,100.0000
TN635454,El Aouina Sud,العوينة الجنوبية,TN6354,Douz Nord,Kebili,South West,33.1239209,9.43923616,834.20480547,5,5,4419,1147,1106,9,32,5,4419,1147,936,84.6293,72.2423,137,12.3870,-72.2423,33,2.9837,-81.6456,1106,saied,zammel,72.2423,25.9561,100.0000
TN635455,El Abadla,العبادلة,TN6354,Douz Nord,Kebili,South West,33.5217033,9.38974208,333.2671562,4,4,3938,1332,1273,15,44,4,3938,1332,1163,91.3590,86.5672,61,4.7918,-86.5672,49,3.8492,-87.5098,1273,saied,zammel,86.5672,33.8243,100.0000
TN635551,Douz Ouest,دوز الغربية,TN6355,Douz Sud,Kebili,South West,33.0580683,9.36316517,1442.52041824,5,5,4828,1594,1540,21,33,5,4828,1594,1370,88.9610,83.2468,82,5.3247,-83.6364,88,5.7143,-83.2468,1540,saied,maghzaoui,83.2468,33.0157,100.0000
TN635552,El Adhara,العذارة,TN6355,Douz Sud,Kebili,South West,33.04228182,8.97623189,1520.32931082,4,4,3097,813,782,7,24,4,3097,813,740,94.6292,91.4322,25,3.1969,-91.4322,17,2.1739,-92.4552,782,saied,zammel,91.4322,26.2512,100.0000
TN635554,Nouil Nord,نويل الشمالية,TN6355,Douz Sud,Kebili,South West,33.50088275,8.88245159,33.95965185,2,2,1893,771,749,5,17,2,1893,771,710,94.7931,91.8558,17,2.2697,-92.5234,22,2.9372,-91.8558,749,saied,maghzaoui,91.8558,40.7290,100.0000
TN635555,Nouil Sud,نويل الجنوبية,TN6355,Douz Sud,Kebili,South West,33.46671017,8.89197976,47.85823736,2,2,1829,636,618,5,13,2,1829,636,574,92.8803,88.3495,28,4.5307,-88.3495,16,2.5890,-90.2913,618,saied,zammel,88.3495,34.7731,100.0000
TN635651,Sabria Ouest,الصابرية الغربية,TN6356,Faouar,Kebili,South West,32.94725501,8.42004336,2579.33685812,4,4,3289,1388,1332,27,29,4,3289,1388,1186,89.0390,80.5556,113,8.4835,-80.5556,33,2.4775,-86.5616,1332,saied,zammel,80.5556,42.2013,100.0000
TN635652,Sabria Est,الصابرية الشرقية,TN6356,Faouar,Kebili,South West,32.96999218,8.78062677,2281.76101929,2,2,2191,640,592,17,31,2,2191,640,514,86.8243,76.0135,64,10.8108,-76.0135,14,2.3649,-84.4595,592,saied,zammel,76.0135,29.2104,100.0000
TN635653,Gharib,غريب,TN6356,Faouar,Kebili,South West,33.27383851,8.3943684,1162.64151138,3,3,2992,1323,1278,18,27,3,2992,1323,1163,91.0016,85.5243,70,5.4773,-85.5243,45,3.5211,-87.4804,1278,saied,zammel,85.5243,44.2179,100.0000
TN635654,Gueidma,غيدمة,TN6356,Faouar,Kebili,South West,33.40782495,8.77316302,98.94287552,3,3,1940,706,681,6,19,3,1940,706,616,90.4552,83.9941,44,6.4611,-83.9941,21,3.0837,-87.3715,681,saied,zammel,83.9941,36.3918,100.0000
TN635655,Rejim Maatoug,رجيم معتوق,TN6356,Faouar,Kebili,South West,33.40897078,8.14702771,2081.30348514,5,5,2571,964,921,13,30,5,2571,964,855,92.8339,88.3822,41,4.4517,-88.3822,25,2.7144,-90.1194,921,saied,zammel,88.3822,37.4951,100.0000
TN635656,El Matrouha,المطروحة,TN6356,Faouar,Kebili,South West,33.37970287,7.83359409,471.1937706,1,1,163,70,70,0,0,1,163,70,66,94.2857,90.0000,1,1.4286,-92.8571,3,4.2857,-90.0000,70,saied,maghzaoui,90.0000,42.9448,100.0000
TN635657,Bichni-Edarjin,بشني - الدرجين,TN6356,Faouar,Kebili,South West,33.62072054,8.53830624,1114.70817203,3,3,1760,1007,975,10,22,3,1760,1007,917,94.0513,89.4359,13,1.3333,-92.7179,45,4.6154,-89.4359,975,saied,maghzaoui,89.4359,57.2159,100.0000
