pcode,name,governorate_name,region_name,n_neighbours,island_bridged,region_cluster,region_saied_mean,region_zammel_mean,region_maghzaoui_mean,saied_lisa_class,saied_lisa_i,saied_lisa_p,saied_lisa_sig,saied_gi_z,saied_gi_p,saied_gi_sig,zammel_lisa_class,zammel_lisa_i,zammel_lisa_p,zammel_lisa_sig,zammel_gi_z,zammel_gi_p,zammel_gi_sig,maghzaoui_lisa_class,maghzaoui_lisa_i,maghzaoui_lisa_p,maghzaoui_lisa_sig,maghzaoui_gi_z,maghzaoui_gi_p,maghzaoui_gi_sig
TN115151,Sidi Bou Said,Tunis,North East,3,0,3,85.6263,11.8057,2.5680,LL,12.211442,0.000700,1,-5.676629,0.000700,1,HH,13.405022,0.001100,1,5.893614,0.001100,1,ns,1.505169,0.024200,0,2.162607,0.024200,0
TN115152,Amilcar,Tunis,North East,4,0,3,85.6263,11.8057,2.5680,LL,10.081222,0.000100,1,-7.072636,0.000100,1,HH,10.999496,0.000100,1,7.357612,0.000100,1,ns,1.326853,0.013500,0,2.627526,0.013500,0
TN115153,Carthage Byrsa,Tunis,North East,8,0,3,85.6263,11.8057,2.5680,LL,7.073253,0.000200,1,-5.785734,0.000200,1,HH,7.689534,0.000200,1,6.003081,0.000200,1,ns,0.962405,0.019600,0,2.251544,0.019600,0
TN115154,Carthage Plage,Tunis,North East,5,0,3,85.6263,11.8057,2.5680,LL,9.218336,0.000400,1,-5.139831,0.000400,1,HH,10.376455,0.000600,1,5.388601,0.000600,1,ns,0.848961,0.033400,0,1.830711,0.033400,0
TN115155,Le Jasmin,Tunis,North East,4,0,3,85.6263,11.8057,2.5680,ns,0.070326,0.735000,0,-0.337613,0.735000,0,ns,0.075673,0.717800,0,0.359987,0.717800,0,ns,0.010153,0.900000,0,0.101620,0.900000,0
TN115156,Cite Mohamed Ali,Tunis,North East,6,0,3,85.6263,11.8057,2.5680,ns,0.396434,0.001700,0,-4.104870,0.001700,0,ns,0.773835,0.002700,0,4.070331,0.002700,0,ns,-0.544185,0.021300,0,2.284119,0.021300,0
TN115251,La Medina,Tunis,North East,4,0,0,95.2446,3.5100,1.2454,ns,0.038693,0.063200,0,-1.694710,0.063200,0,ns,-0.032443,0.048800,0,1.875087,0.048800,0,ns,0.035311,0.751300,0,0.258503,0.751300,0
TN115252,El Hafsia,Tunis,North East,5,0,3,85.6263,11.8057,2.5680,ns,0.475876,0.312800,0,-0.946038,0.312800,0,ns,0.480713,0.338200,0,0.887484,0.338200,0,ns,0.084682,0.400700,0,0.662892,0.400700,0
TN115253,Bab Benat,Tunis,North East,6,0,0,95.2446,3.5100,1.2454,ns,1.177406,0.109300,0,-1.481180,0.109300,0,ns,1.209110,0.110500,0,1.449361,0.110500,0,ns,0.237668,0.268500,0,0.856505,0.268500,0
TN115254,Souk El Nhes,Tunis,North East,5,0,0,95.2446,3.5100,1.2454,ns,-0.081728,0.072200,0,-1.657217,0.072200,0,ns,0.041904,0.084000,0,1.554109,0.084000,0,ns,-0.318678,0.122400,0,1.140483,0.122400,0
TN115255,El Assouak,Tunis,North East,7,0,0,95.2446,3.5100,1.2454,ns,-0.182999,0.025400,0,-2.362437,0.025400,0,ns,-0.168753,0.020400,0,2.510048,0.020400,0,ns,-0.054785,0.325100,0,0.750345,0.325100,0
TN115256,Bab Mnara,Tunis,North East,7,0,0,95.2446,3.5100,1.2454,ns,0.930775,0.034700,0,-2.090216,0.034700,0,ns,0.908423,0.028700,0,2.285400,0.028700,0,ns,0.146672,0.617800,0,0.403962,0.617800,0
TN115257,Tourbet El Bey,Tunis,North East,5,0,0,95.2446,3.5100,1.2454,ns,0.390261,0.108700,0,-1.479682,0.108700,0,ns,0.458784,0.048500,0,1.869951,0.048500,0,ns,-0.092367,0.523900,0,-0.512442,0.523900,0
TN115258,El Zraria,Tunis,North East,7,0,3,85.6263,11.8057,2.5680,ns,0.435974,0.125800,0,-1.432032,0.125800,0,ns,0.274119,0.073200,0,1.670676,0.073200,0,ns,-0.036892,0.948000,0,-0.054651,0.948000,0
TN115259,Sidi Ali Azouz,Tunis,North East,6,0,0,95.2446,3.5100,1.2454,ns,0.483698,0.067500,0,-1.698324,0.067500,0,ns,0.623637,0.044800,0,1.917921,0.044800,0,ns,0.002361,0.848800,0,0.159347,0.848800,0
TN115260,El Taoufik,Tunis,North East,5,0,0,95.2446,3.5100,1.2454,ns,1.684186,0.066700,0,-1.700897,0.066700,0,ns,1.606447,0.065800,0,1.686136,0.065800,0,ns,0.565092,0.237400,0,0.871135,0.237400,0
TN115261,El Sabaghine,Tunis,North East,6,0,0,95.2446,3.5100,1.2454,ns,0.486856,0.312700,0,-0.962661,0.312700,0,ns,0.801031,0.237600,0,1.102093,0.237600,0,ns,-0.022015,0.963200,0,0.039049,0.963200,0
TN115262,Sidi Boumendil,Tunis,North East,5,0,0,95.2446,3.5100,1.2454,ns,0.655016,0.084700,0,-1.591339,0.084700,0,ns,0.951525,0.045400,0,1.915628,0.045400,0,ns,0.015496,0.764900,0,-0.238428,0.764900,0
TN115351,Bab El Bhar,Tunis,North East,7,0,3,85.6263,11.8057,2.5680,ns,1.020348,0.031500,0,-2.210387,0.031500,0,ns,1.033364,0.032700,0,2.202089,0.032700,0,ns,0.238844,0.152200,0,1.105075,0.152200,0
TN115352,Les Jardins,Tunis,North East,7,0,3,85.6263,11.8057,2.5680,LL,4.146379,0.000200,1,-6.053334,0.000200,1,HH,4.206421,0.000200,1,6.351857,0.000200,1,ns,0.882997,0.023300,0,2.170699,0.023300,0
TN115353,Lac De Tunis,Tunis,North East,10,0,3,85.6263,11.8057,2.5680,LL,2.249021,0.000100,1,-5.390832,0.000100,1,HH,2.588405,0.000100,1,5.759737,0.000100,1,ns,0.166349,0.068500,0,1.549831,0.068500,0
TN115354,Mongi Slim,Tunis,North East,8,0,0,95.2446,3.5100,1.2454,ns,0.174641,0.019500,0,-2.499486,0.019500,0,ns,0.284347,0.024600,0,2.375178,0.024600,0,ns,-0.214929,0.046300,0,1.617353,0.046300,0
TN115355,Habib Thameur,Tunis,North East,6,0,3,85.6263,11.8057,2.5680,LL,3.434840,0.000200,1,-5.653667,0.000200,1,HH,3.277704,0.000200,1,5.928687,0.000200,1,ns,0.951119,0.031500,0,1.905466,0.031500,0
TN115356,Taieb El M'Hiri,Tunis,North East,5,0,3,85.6263,11.8057,2.5680,ns,3.979738,0.005100,0,-3.716821,0.005100,0,ns,4.352284,0.004300,0,4.022062,0.004300,0,ns,0.459406,0.223300,0,0.911507,0.223300,0
TN115357,Hedi Chaker,Tunis,North East,5,0,3,85.6263,11.8057,2.5680,ns,1.399914,0.005400,0,-3.698209,0.005400,0,ns,1.372631,0.006600,0,3.744330,0.006600,0,ns,0.394622,0.042800,0,1.715910,0.042800,0
TN115358,Sidi El Bahri,Tunis,North East,7,0,3,85.6263,11.8057,2.5680,ns,0.770582,0.033200,0,-2.126721,0.033200,0,ns,0.721758,0.036200,0,2.086169,0.036200,0,ns,0.284652,0.110600,0,1.241267,0.110600,0
TN115451,Tronja,Tunis,North East,5,0,3,85.6263,11.8057,2.5680,ns,0.467496,0.206700,0,-1.184812,0.206700,0,ns,0.458099,0.264200,0,1.033689,0.264200,0,ns,0.050780,0.153100,0,1.107372,0.153100,0
TN115452,Bab El Khadra,Tunis,North East,6,0,3,85.6263,11.8057,2.5680,ns,0.887049,0.024900,0,-2.349891,0.024900,0,ns,0.934366,0.025000,0,2.403121,0.025000,0,ns,0.157299,0.224100,0,1.032685,0.224100,0
TN115453,Bab Saadoun,Tunis,North East,4,0,0,95.2446,3.5100,1.2454,ns,0.400310,0.165700,0,-1.238588,0.165700,0,ns,0.433793,0.144100,0,1.276342,0.144100,0,ns,0.056099,0.535400,0,0.512024,0.535400,0
TN115454,Borj Zouara,Tunis,North East,9,0,0,95.2446,3.5100,1.2454,ns,0.249349,0.002000,0,-3.679298,0.002000,0,ns,0.053676,0.002100,0,3.899525,0.002100,0,ns,0.243826,0.146100,0,1.192074,0.146100,0
TN115455,Bab El Assel,Tunis,North East,4,0,3,85.6263,11.8057,2.5680,ns,1.294890,0.017000,0,-2.789187,0.017000,0,ns,1.704896,0.011700,0,3.197028,0.011700,0,ns,0.001293,0.890700,0,0.119087,0.890700,0
TN115456,El Halfaouine,Tunis,North East,6,0,3,85.6263,11.8057,2.5680,ns,0.977271,0.049700,0,-1.919193,0.049700,0,ns,1.245069,0.030200,0,2.283362,0.030200,0,ns,-0.027967,0.803400,0,-0.198223,0.803400,0
TN115458,Bab Sidi Abdessalem,Tunis,North East,4,0,3,85.6263,11.8057,2.5680,ns,1.418090,0.026300,0,-2.459156,0.026300,0,ns,2.294382,0.019700,0,2.728730,0.019700,0,ns,-0.205435,0.638700,0,0.372212,0.638700,0
TN115459,Zaouiet El Bekria,Tunis,North East,5,0,0,95.2446,3.5100,1.2454,ns,0.589960,0.024100,0,-2.452435,0.024100,0,ns,0.834637,0.017300,0,2.745328,0.017300,0,ns,-0.024657,0.703400,0,0.319489,0.703400,0
TN115460,Hammam El Rmimi,Tunis,North East,4,0,0,95.2446,3.5100,1.2454,ns,-0.336955,0.093300,0,-1.496438,0.093300,0,ns,-0.486107,0.067600,0,1.620482,0.067600,0,ns,0.050613,0.619300,0,0.385285,0.619300,0
TN115461,Sidi Djebali,Tunis,North East,7,0,0,95.2446,3.5100,1.2454,ns,0.503503,0.014300,0,-2.796864,0.014300,0,ns,0.536573,0.015300,0,2.797933,0.015300,0,ns,0.073739,0.074800,0,1.439381,0.074800,0
TN115551,El Omrane,Tunis,North East,12,0,3,85.6263,11.8057,2.5680,ns,2.024549,0.005500,0,-3.190448,0.005500,0,ns,2.289798,0.005400,0,3.355714,0.005400,0,ns,0.178768,0.164300,0,1.109157,0.164300,0
TN115552,Djebel El Ahmar,Tunis,North East,2,0,3,85.6263,11.8057,2.5680,ns,0.115044,0.737300,0,0.343984,0.737300,0,ns,0.129241,0.732700,0,-0.348359,0.732700,0,ns,0.008136,0.842600,0,-0.164648,0.842600,0
TN115553,Cite Des Oliviers,Tunis,North East,6,0,3,85.6263,11.8057,2.5680,HL,-0.577335,0.000600,1,-4.853197,0.000600,1,LH,-0.514039,0.000600,1,4.958410,0.000600,1,ns,-0.232267,0.022500,0,2.149386,0.022500,0
TN115554,Ras Tabia,Tunis,North East,9,0,3,85.6263,11.8057,2.5680,LL,3.760842,0.000400,1,-5.008093,0.000400,1,HH,3.627178,0.000600,1,5.007954,0.000600,1,ns,1.179278,0.012000,0,2.551891,0.012000,0
TN115555,Bir Atig,Tunis,North East,4,0,3,85.6263,11.8057,2.5680,ns,-0.249079,0.002200,0,-4.406925,0.002200,0,ns,-0.291912,0.003200,0,4.486923,0.003200,0,ns,-0.003601,0.027600,0,1.898448,0.027600,0
TN115556,Oued El Sebai,Tunis,North East,3,0,3,85.6263,11.8057,2.5680,ns,-0.089288,0.370200,0,-0.840159,0.370200,0,ns,-0.121774,0.297200,0,0.934130,0.297200,0,ns,0.003058,0.867100,0,0.129305,0.867100,0
TN115651,Cite Ibn Khaldoun I,Tunis,North East,4,0,3,85.6263,11.8057,2.5680,ns,0.676995,0.003900,0,-3.922624,0.003900,0,ns,0.856026,0.004400,0,3.986617,0.004400,0,ns,-0.087339,0.035000,0,1.748860,0.035000,0
TN115652,El Romana,Tunis,North East,7,0,3,85.6263,11.8057,2.5680,ns,0.496219,0.020000,0,-2.552963,0.020000,0,ns,0.561906,0.020000,0,2.546373,0.020000,0,ns,0.019665,0.101900,0,1.336310,0.101900,0
TN115653,Cite Ibn Khaldoun II,Tunis,North East,5,0,3,85.6263,11.8057,2.5680,ns,0.368748,0.009500,0,-3.158300,0.009500,0,ns,0.486885,0.009400,0,3.283413,0.009400,0,ns,-0.050028,0.114500,0,1.190936,0.114500,0
TN115654,Cite Ibn Khaldoun VI,Tunis,North East,6,0,3,85.6263,11.8057,2.5680,ns,0.130845,0.070200,0,-1.690444,0.070200,0,ns,0.201953,0.045700,0,1.917625,0.045700,0,ns,-0.006584,0.877400,0,0.125823,0.877400,0
TN115655,Cite El Intilaka,Tunis,North East,7,0,3,85.6263,11.8057,2.5680,ns,0.040399,0.435000,0,-0.749937,0.434900,0,ns,0.084726,0.268900,0,1.039605,0.268900,0,ns,0.033880,0.498200,0,-0.545175,0.498200,0
TN115656,El Omrane Superieur,Tunis,North East,7,0,3,85.6263,11.8057,2.5680,ns,1.272635,0.007800,0,-3.177476,0.007800,0,ns,1.390692,0.006000,0,3.565510,0.006000,0,ns,0.084147,0.666000,0,0.343975,0.666000,0
TN115657,El Nassim,Tunis,North East,5,0,3,85.6263,11.8057,2.5680,ns,0.397932,0.228500,0,-1.121034,0.228500,0,ns,0.587643,0.169100,0,1.239087,0.169100,0,ns,-0.034095,0.820600,0,0.187675,0.820600,0
TN115658,Ahmed Tlili,Tunis,North East,7,0,3,85.6263,11.8057,2.5680,ns,0.279859,0.063800,0,-1.749905,0.063800,0,ns,0.376153,0.048300,0,1.894702,0.048300,0,ns,-0.016004,0.615900,0,0.418465,0.615900,0
TN115659,Es-Sadique,Tunis,North East,7,0,3,85.6263,11.8057,2.5680,ns,0.540734,0.031700,0,-2.135948,0.031700,0,ns,0.613735,0.026600,0,2.292118,0.026600,0,ns,0.047041,0.464600,0,0.615300,0.464600,0
TN115751,Ettahrir (1),Tunis,North East,4,0,3,85.6263,11.8057,2.5680,ns,1.120232,0.052600,0,-1.823114,0.052600,0,ns,1.397255,0.042500,0,1.993534,0.042500,0,ns,0.018272,0.688400,0,0.332641,0.688400,0
TN115752,Ettahrir (2),Tunis,North East,5,0,3,85.6263,11.8057,2.5680,ns,1.267316,0.038200,0,-2.060365,0.038200,0,ns,1.328370,0.026000,0,2.388088,0.026000,0,ns,0.012139,0.986500,0,0.011728,0.986500,0
TN115753,Ettahrir (3),Tunis,North East,6,0,3,85.6263,11.8057,2.5680,ns,0.783580,0.027200,0,-2.314369,0.027200,0,ns,1.063463,0.024600,0,2.405035,0.024600,0,ns,-0.153217,0.246100,0,0.892839,0.246100,0
TN115754,Ettahrir Superieur,Tunis,North East,6,0,3,85.6263,11.8057,2.5680,ns,0.489757,0.209300,0,-1.174578,0.209300,0,ns,0.588413,0.163000,0,1.280469,0.163000,0,ns,0.018856,0.751500,0,0.250604,0.751500,0
TN115755,El Hadika,Tunis,North East,9,0,3,85.6263,11.8057,2.5680,ns,1.250447,0.006100,0,-3.246157,0.006100,0,ns,1.214803,0.006000,0,3.371923,0.006000,0,ns,0.343591,0.127900,0,1.213998,0.127900,0
TN115852,El Menzah,Tunis,North East,4,0,4,65.2695,30.0045,4.7260,LL,26.576611,0.000100,1,-8.504568,0.000100,1,HH,26.826507,0.000100,1,8.203744,0.000100,1,ns,5.803466,0.002700,0,5.136726,0.002700,0
TN115853,El Fath,Tunis,North East,4,0,3,85.6263,11.8057,2.5680,LL,3.853184,0.000300,1,-6.172804,0.000300,1,HH,5.197093,0.000200,1,6.315141,0.000200,1,ns,-0.930831,0.013300,0,2.674525,0.013300,0
TN115854,El Manar,Tunis,North East,9,0,4,65.2695,30.0045,4.7260,LL,23.142529,0.000100,1,-12.015718,0.000100,1,HH,24.985295,0.000100,1,12.706168,0.000100,1,ns,3.270863,0.003500,0,4.067754,0.003500,0
TN115855,El Manar (1),Tunis,North East,8,0,4,65.2695,30.0045,4.7260,ns,6.311000,0.003000,0,-3.786807,0.003000,0,ns,6.754708,0.002900,0,4.010926,0.002900,0,ns,0.949124,0.122800,0,1.208118,0.122800,0
TN115951,Cite El Khadra,Tunis,North East,3,0,3,85.6263,11.8057,2.5680,ns,5.193938,0.005500,0,-4.001383,0.005500,0,ns,4.619635,0.009800,0,3.522063,0.009800,0,ns,2.211838,0.005900,0,3.614423,0.005900,0
TN115952,Cite Jardin,Tunis,North East,5,0,3,85.6263,11.8057,2.5680,ns,5.206866,0.001900,0,-4.338197,0.001900,0,ns,5.278053,0.003900,0,4.056687,0.003900,0,ns,0.858015,0.008100,0,3.062972,0.008100,0
TN115953,Ech-Charguia,Tunis,North East,8,0,3,85.6263,11.8057,2.5680,HL,-0.421629,0.000100,1,-7.335544,0.000100,1,LH,-0.835216,0.000100,1,7.329963,0.000100,1,ns,0.574397,0.004200,0,3.889929,0.004200,0
TN115954,Khereiddine Pacha,Tunis,North East,6,0,3,85.6263,11.8057,2.5680,LL,2.165086,0.000100,1,-6.470019,0.000100,1,HH,3.249716,0.000200,1,6.692145,0.000200,1,ns,-0.719320,0.016300,0,2.524264,0.016300,0
TN115956,Farhat Hached,Tunis,North East,5,0,3,85.6263,11.8057,2.5680,LL,3.278323,0.000300,1,-6.173215,0.000300,1,HH,3.921307,0.000200,1,6.665652,0.000200,1,ns,0.116816,0.042700,0,1.612973,0.042700,0
TN115957,El Bouhaira,Tunis,North East,8,0,3,85.6263,11.8057,2.5680,ns,9.461291,0.004400,0,-3.350731,0.004400,0,ns,10.308689,0.005100,0,3.455057,0.005100,0,ns,1.222850,0.079800,0,1.352201,0.079800,0
TN115958,Hay Es Salem,Tunis,North East,7,0,3,85.6263,11.8057,2.5680,LL,9.907650,0.000100,1,-8.094663,0.000100,1,HH,6.524887,0.000100,1,8.445162,0.000100,1,ns,6.080582,0.006800,0,3.017172,0.006800,0
TN116051,Le Bardo,Tunis,North East,4,0,3,85.6263,11.8057,2.5680,ns,4.910208,0.003700,0,-4.033332,0.003700,0,ns,4.566262,0.005100,0,3.932096,0.005100,0,ns,1.887299,0.017300,0,2.347320,0.017300,0
TN116052,Le Bardo Nord,Tunis,North East,7,0,3,85.6263,11.8057,2.5680,ns,2.969388,0.001600,0,-4.084843,0.001600,0,ns,2.964907,0.002700,0,3.979593,0.002700,0,ns,0.747622,0.017900,0,2.415087,0.017900,0
TN116053,Le Bardo Sud,Tunis,North East,10,0,3,85.6263,11.8057,2.5680,LL,2.237006,0.001200,1,-4.156455,0.001200,1,ns,2.421924,0.001300,0,4.375156,0.001300,0,ns,0.309874,0.087800,0,1.416465,0.087800,0
TN116054,El Hadika,Tunis,North East,4,0,3,85.6263,11.8057,2.5680,ns,0.893931,0.033500,0,-2.187019,0.033500,0,ns,1.140848,0.026900,0,2.389554,0.026900,0,ns,-0.007872,0.558400,0,0.467017,0.558400,0
TN116055,Bou-Choucha,Tunis,North East,7,0,3,85.6263,11.8057,2.5680,LL,4.086180,0.000400,1,-4.656078,0.000400,1,HH,4.088920,0.000700,1,4.733538,0.000700,1,ns,1.028670,0.023800,0,2.144389,0.023800,0
TN116056,Bonne Residence,Tunis,North East,5,0,3,85.6263,11.8057,2.5680,ns,1.805736,0.018100,0,-2.748745,0.018100,0,ns,2.147694,0.019600,0,2.709616,0.019600,0,ns,-0.141256,0.055800,0,1.555996,0.055800,0
TN116057,Khaznadar,Tunis,North East,6,0,3,85.6263,11.8057,2.5680,ns,3.577799,0.010800,0,-3.023841,0.010800,0,ns,3.549791,0.011400,0,3.052329,0.011400,0,ns,0.949293,0.071200,0,1.483515,0.071300,0
TN116058,El Fath,Tunis,North East,6,0,3,85.6263,11.8057,2.5680,ns,1.680795,0.010100,0,-3.029288,0.010100,0,ns,1.794860,0.010300,0,3.139096,0.010300,0,ns,0.266612,0.137900,0,1.167727,0.137900,0
TN116059,Ksar-Said,Tunis,North East,5,0,3,85.6263,11.8057,2.5680,ns,1.514630,0.004600,0,-3.773610,0.004600,0,ns,1.483872,0.005200,0,3.798569,0.005200,0,ns,0.436037,0.033700,0,1.881344,0.033700,0
TN116060,Ksar-Said II,Tunis,North East,5,0,3,85.6263,11.8057,2.5680,ns,0.590608,0.033900,0,-2.184708,0.033900,0,ns,0.787550,0.024900,0,2.447881,0.024900,0,ns,-0.009426,0.728700,0,0.270282,0.728700,0
TN116061,El Bassatine,Tunis,North East,5,0,3,85.6263,11.8057,2.5680,ns,2.559708,0.004100,0,-3.779434,0.004100,0,ns,2.279813,0.006000,0,3.712165,0.006000,0,ns,1.161650,0.025600,0,2.170563,0.025600,0
TN116062,Es-Saada,Tunis,North East,6,0,0,95.2446,3.5100,1.2454,ns,0.261990,0.143900,0,-1.349743,0.143900,0,ns,0.320692,0.105400,0,1.468341,0.105400,0,ns,0.005555,0.700500,0,0.309301,0.700500,0
TN116063,Ksar-El Bortal,Tunis,North East,7,0,3,85.6263,11.8057,2.5680,ns,0.729674,0.004500,0,-3.733112,0.004500,0,ns,0.866448,0.005400,0,3.800236,0.005400,0,ns,-0.007274,0.046300,0,1.654104,0.046300,0
TN116064,Ibn Sina,Tunis,North East,6,0,3,85.6263,11.8057,2.5680,ns,0.715462,0.030200,0,-2.282524,0.030200,0,ns,0.882621,0.026900,0,2.362095,0.026900,0,ns,-0.019589,0.283300,0,0.877143,0.283300,0
TN116151,Cite Helel,Tunis,North East,4,0,0,95.2446,3.5100,1.2454,ns,0.076124,0.477100,0,0.679387,0.477100,0,ns,0.019824,0.621700,0,-0.469733,0.621700,0,ns,0.284898,0.179700,0,-1.075606,0.179700,0
TN116152,Ali Belhouane,Tunis,North East,6,0,0,95.2446,3.5100,1.2454,ns,-0.020982,0.028300,0,-2.315650,0.028300,0,ns,0.108461,0.028500,0,2.320762,0.028500,0,ns,-0.219392,0.129700,0,1.141846,0.129800,0
TN116153,En-Najah,Tunis,North East,7,0,0,95.2446,3.5100,1.2454,ns,-0.031573,0.365800,0,-0.864624,0.365800,0,ns,0.006355,0.231100,0,1.103826,0.231100,0,ns,0.053338,0.671300,0,-0.346016,0.671300,0
TN116154,Cite Des Martyrs,Tunis,North East,3,0,0,95.2446,3.5100,1.2454,ns,0.103179,0.773700,0,0.281317,0.773700,0,ns,0.065682,0.823300,0,-0.217662,0.823300,0,ns,0.136957,0.649600,0,-0.326362,0.649600,0
TN116155,Bir Anniba,Tunis,North East,6,0,0,95.2446,3.5100,1.2454,ns,-0.220049,0.091600,0,-1.547371,0.091600,0,ns,-0.162350,0.053900,0,1.795400,0.053900,0,ns,0.001249,0.997900,0,-0.002968,0.997900,0
TN116156,Mellassine,Tunis,North East,3,0,0,95.2446,3.5100,1.2454,ns,-0.158371,0.506900,0,-0.633449,0.506900,0,ns,-0.120197,0.481000,0,0.669918,0.481000,0,ns,-0.072367,0.796200,0,0.211966,0.796200,0
TN116251,Ezzouhour,Tunis,North East,6,0,0,95.2446,3.5100,1.2454,ns,0.356929,0.088800,0,-1.585294,0.088800,0,ns,0.429125,0.059200,0,1.777980,0.059200,0,ns,0.011147,0.819400,0,0.180707,0.819400,0
TN116252,Ezzouhour IV,Tunis,North East,6,0,0,95.2446,3.5100,1.2454,ns,0.435580,0.056200,0,-1.803036,0.056200,0,ns,0.618053,0.043000,0,1.954048,0.043000,0,ns,-0.052172,0.593700,0,0.410018,0.593700,0
TN116253,Es-Saada,Tunis,North East,8,0,3,85.6263,11.8057,2.5680,ns,0.285898,0.460300,0,-0.720091,0.460300,0,ns,0.373900,0.291900,0,0.985558,0.291900,0,ns,-0.126464,0.547500,0,-0.486016,0.547500,0
TN116254,Es-Soumrane,Tunis,North East,6,0,0,95.2446,3.5100,1.2454,ns,0.034615,0.053600,0,-1.833090,0.053600,0,ns,0.119270,0.042000,0,1.949817,0.042000,0,ns,-0.071486,0.487000,0,0.561437,0.487000,0
TN116255,Cite Tayarane,Tunis,North East,5,0,0,95.2446,3.5100,1.2454,ns,0.016788,0.525400,0,-0.607372,0.525400,0,ns,0.021013,0.421400,0,0.752198,0.421400,0,ns,-0.001762,0.847900,0,-0.148501,0.847900,0
TN116256,Bach-Hamba,Tunis,North East,6,0,0,95.2446,3.5100,1.2454,ns,0.011185,0.700500,0,-0.359421,0.700500,0,ns,0.039419,0.543800,0,0.563478,0.543800,0,ns,0.050578,0.557200,0,-0.472557,0.557200,0
TN116351,El-Hrairia,Tunis,North East,6,0,0,95.2446,3.5100,1.2454,ns,0.015480,0.820000,0,-0.230324,0.820000,0,ns,0.044877,0.642400,0,0.448151,0.642400,0,ns,0.040710,0.452500,0,-0.593925,0.452500,0
TN116352,Ezzouhour V,Tunis,North East,6,0,0,95.2446,3.5100,1.2454,ns,0.071750,0.241500,0,-1.099794,0.241500,0,ns,0.100405,0.193400,0,1.207381,0.193400,0,ns,-0.006067,0.779700,0,0.223175,0.779700,0
TN116353,El Akba,Tunis,North East,6,0,0,95.2446,3.5100,1.2454,ns,0.530065,0.036400,0,-2.101369,0.036400,0,ns,0.602898,0.043600,0,1.984259,0.043600,0,ns,-0.053901,0.066900,0,1.450570,0.066900,0
TN116354,El Akba Superieur,Tunis,North East,6,0,3,85.6263,11.8057,2.5680,ns,0.275551,0.662600,0,-0.412580,0.662600,0,ns,0.376921,0.534100,0,0.586870,0.534100,0,ns,-0.157240,0.671300,0,-0.336387,0.671300,0
TN116355,Ghedir El Golla,Tunis,North East,6,0,0,95.2446,3.5100,1.2454,ns,-0.100503,0.262300,0,-1.039093,0.262300,0,ns,-0.075771,0.195900,0,1.186996,0.195900,0,ns,-0.010640,0.936500,0,0.061710,0.936500,0
TN116356,El Antit,Tunis,North East,4,0,0,95.2446,3.5100,1.2454,ns,0.003857,0.780200,0,-0.280241,0.780200,0,ns,0.012259,0.777100,0,0.282799,0.777100,0,ns,-0.011587,0.861800,0,0.138120,0.861900,0
TN116357,El Foula,Tunis,North East,5,0,0,95.2446,3.5100,1.2454,ns,0.061555,0.716800,0,-0.352820,0.716800,0,ns,0.078360,0.648900,0,0.434410,0.648900,0,ns,-0.005768,0.911300,0,-0.085834,0.911300,0
TN116358,Tarak Ibn Ziad,Tunis,North East,7,0,0,95.2446,3.5100,1.2454,ns,-0.000078,0.646200,0,-0.448259,0.646200,0,ns,-0.002699,0.541800,0,0.588142,0.541800,0,ns,-0.003015,0.783400,0,-0.209979,0.783400,0
TN116359,Ezzahrouni,Tunis,North East,7,0,0,95.2446,3.5100,1.2454,ns,-0.008065,0.751700,0,-0.312161,0.751700,0,ns,0.009724,0.642300,0,0.450086,0.642300,0,ns,0.048017,0.714500,0,-0.285682,0.714500,0
TN116451,Borj-Chakir,Tunis,North East,10,0,0,95.2446,3.5100,1.2454,ns,-0.067405,0.676200,0,-0.406559,0.676200,0,ns,-0.098883,0.464300,0,0.704049,0.464300,0,ns,0.136832,0.354800,0,-0.747271,0.354800,0
TN116452,Sidi Hassine,Tunis,North East,6,0,0,95.2446,3.5100,1.2454,ns,0.056408,0.801900,0,0.255402,0.801900,0,ns,0.002672,0.991200,0,-0.011250,0.991200,0,ns,0.195886,0.241300,0,-0.938063,0.241200,0
TN116453,El Jaiara,Tunis,North East,4,0,0,95.2446,3.5100,1.2454,ns,0.031835,0.426700,0,0.747169,0.426700,0,ns,-0.021045,0.549100,0,-0.574133,0.549100,0,ns,0.258897,0.213900,0,-0.938436,0.213900,0
TN116454,Attar,Tunis,North East,4,0,0,95.2446,3.5100,1.2454,ns,0.110658,0.544200,0,0.594814,0.544200,0,ns,0.066508,0.635200,0,-0.465695,0.635200,0,ns,0.166962,0.346400,0,-0.716762,0.346400,0
TN116455,20 Mars,Tunis,North East,6,0,0,95.2446,3.5100,1.2454,ns,0.016827,0.309000,0,0.958922,0.309000,0,ns,-0.027276,0.391100,0,-0.804215,0.391100,0,ns,0.170933,0.199500,0,-1.008815,0.199500,0
TN116456,Byrine,Tunis,North East,6,0,0,95.2446,3.5100,1.2454,ns,0.214304,0.175000,0,1.254544,0.175000,0,ns,0.155169,0.199800,0,-1.169072,0.199800,0,ns,0.189833,0.240500,0,-0.891170,0.240500,0
TN116457,Meghiret Inzel,Tunis,North East,6,0,0,95.2446,3.5100,1.2454,ns,0.066741,0.682000,0,0.395921,0.682000,0,ns,0.031976,0.817900,0,-0.219670,0.817900,0,ns,0.120057,0.326400,0,-0.749171,0.326400,0
TN116458,25 Juillet,Tunis,North East,3,0,0,95.2446,3.5100,1.2454,ns,0.073031,0.618400,0,0.473510,0.618400,0,ns,0.049222,0.733300,0,-0.323475,0.733300,0,ns,0.060154,0.326800,0,-0.734347,0.326800,0
TN116459,14 Janvier,Tunis,North East,5,0,0,95.2446,3.5100,1.2454,ns,0.110928,0.453100,0,0.713095,0.453100,0,ns,0.062117,0.624400,0,-0.472469,0.624400,0,ns,0.175911,0.133300,0,-1.117465,0.133300,0
TN116551,El Ouardia,Tunis,North East,7,0,0,95.2446,3.5100,1.2454,ns,0.213802,0.113300,0,-1.497086,0.113300,0,ns,0.326186,0.099600,0,1.539622,0.099600,0,ns,-0.088032,0.434400,0,0.636812,0.434400,0
TN116552,Bou-Gatfa,Tunis,North East,7,0,3,85.6263,11.8057,2.5680,ns,0.745293,0.166000,0,-1.307262,0.166000,0,ns,1.099273,0.062800,0,1.758996,0.062800,0,ns,-0.084835,0.326900,0,-0.789562,0.326900,0
TN116553,Tahar Sfar,Tunis,North East,5,0,0,95.2446,3.5100,1.2454,ns,0.000015,0.144000,0,-1.321642,0.144000,0,ns,-0.061467,0.095800,0,1.474103,0.095800,0,ns,0.020670,0.834800,0,0.166470,0.834800,0
TN116554,Cite El Izdihar,Tunis,North East,6,0,3,85.6263,11.8057,2.5680,ns,1.433663,0.067700,0,-1.711752,0.067700,0,ns,1.647879,0.043100,0,1.927931,0.043100,0,ns,0.054745,0.845900,0,0.154424,0.845900,0
TN116555,Cite Mohamed Ali,Tunis,North East,6,0,0,95.2446,3.5100,1.2454,ns,0.270143,0.180200,0,-1.222729,0.180200,0,ns,0.447551,0.096300,0,1.491383,0.096300,0,ns,0.035675,0.766300,0,-0.241809,0.766300,0
TN116556,Sidi Belhassen,Tunis,North East,5,0,0,95.2446,3.5100,1.2454,ns,0.385383,0.011000,0,-3.001274,0.011000,0,ns,0.594694,0.011300,0,3.070510,0.011300,0,ns,-0.175464,0.098300,0,1.300858,0.098300,0
TN116651,El Kabaria (1),Tunis,North East,7,0,0,95.2446,3.5100,1.2454,ns,-0.012658,0.929500,0,-0.088341,0.929500,0,ns,-0.038481,0.729200,0,0.340735,0.729200,0,ns,0.109384,0.341000,0,-0.771527,0.341000,0
TN116652,El Kabaria (2),Tunis,North East,6,0,0,95.2446,3.5100,1.2454,ns,-0.048146,0.529600,0,-0.610234,0.529600,0,ns,-0.042194,0.423000,0,0.757490,0.423000,0,ns,0.019224,0.836900,0,-0.170580,0.836900,0
TN116653,El Kabaria (3),Tunis,North East,5,0,0,95.2446,3.5100,1.2454,ns,0.007831,0.604700,0,0.505130,0.604700,0,ns,0.010039,0.685900,0,-0.397664,0.685900,0,ns,-0.013754,0.444700,0,-0.589669,0.444700,0
TN116654,El Kabaria (4),Tunis,North East,7,0,0,95.2446,3.5100,1.2454,ns,0.053867,0.439500,0,-0.734967,0.439500,0,ns,0.058549,0.446200,0,0.724804,0.446200,0,ns,0.005759,0.615000,0,0.419122,0.615100,0
TN116655,Cite Ennour,Tunis,North East,7,0,0,95.2446,3.5100,1.2454,ns,-0.356402,0.077500,0,-1.671687,0.077500,0,ns,-0.329671,0.076800,0,1.647289,0.076800,0,ns,-0.137801,0.245100,0,0.910442,0.245100,0
TN116656,Ibn Sina 1,Tunis,North East,4,0,3,85.6263,11.8057,2.5680,ns,0.287716,0.441500,0,-0.724612,0.441500,0,ns,0.298752,0.367600,0,0.831527,0.367600,0,ns,0.015521,0.968600,0,0.028700,0.968600,0
TN116657,Ibn Sina 2,Tunis,North East,7,0,3,85.6263,11.8057,2.5680,ns,0.840978,0.037500,0,-2.082827,0.037500,0,ns,0.831201,0.033600,0,2.164760,0.033600,0,ns,0.207580,0.342200,0,0.779117,0.342200,0
TN116658,El Mourouj (2),Tunis,North East,5,0,3,85.6263,11.8057,2.5680,ns,0.919450,0.065900,0,-1.702397,0.065900,0,ns,0.846108,0.077700,0,1.594436,0.077700,0,ns,0.367301,0.116700,0,1.195648,0.116700,0
TN116751,Sidi El Bechir,Tunis,North East,8,0,0,95.2446,3.5100,1.2454,ns,0.328073,0.010500,0,-3.026344,0.010500,0,ns,0.298137,0.006600,0,3.421443,0.006600,0,ns,0.031649,0.740500,0,0.261564,0.740500,0
TN116752,Sidi Mansour,Tunis,North East,6,0,0,95.2446,3.5100,1.2454,ns,0.093423,0.021800,0,-2.476523,0.021800,0,ns,0.256998,0.014500,0,2.864801,0.014500,0,ns,0.001947,0.990100,0,-0.009322,0.990100,0
TN116753,Maakel Ezzaim,Tunis,North East,7,0,0,95.2446,3.5100,1.2454,ns,0.480144,0.181300,0,-1.256512,0.181300,0,ns,0.690149,0.133500,0,1.383823,0.133500,0,ns,-0.038761,0.789900,0,0.214801,0.789900,0
TN116754,Farhat Hached,Tunis,North East,7,0,3,85.6263,11.8057,2.5680,ns,0.822960,0.110500,0,-1.509136,0.110500,0,ns,0.852398,0.090800,0,1.584450,0.090800,0,ns,0.152313,0.516600,0,0.510673,0.516600,0
TN116755,Abulkacem Ech-Chebbi,Tunis,North East,5,0,3,85.6263,11.8057,2.5680,ns,0.961180,0.216100,0,-1.137838,0.216100,0,ns,1.149727,0.135100,0,1.354739,0.135100,0,ns,-0.044401,0.890200,0,-0.109443,0.890200,0
TN116756,Saida Manoubia,Tunis,North East,5,0,0,95.2446,3.5100,1.2454,ns,-0.011041,0.937700,0,-0.076481,0.937700,0,ns,-0.018395,0.835400,0,0.200047,0.835400,0,ns,0.045155,0.654100,0,-0.335263,0.654100,0
TN116851,Sidi Fathallah,Tunis,North East,4,0,3,85.6263,11.8057,2.5680,ns,0.214082,0.566000,0,-0.553415,0.566000,0,ns,0.369019,0.354800,0,0.843653,0.354800,0,ns,-0.030078,0.409700,0,-0.630024,0.409700,0
TN116852,Ali Bach-Hamba,Tunis,North East,4,0,0,95.2446,3.5100,1.2454,ns,0.131147,0.593200,0,0.502200,0.593200,0,ns,0.022693,0.906200,0,-0.117426,0.906200,0,ns,0.553409,0.057200,0,-1.521452,0.057200,0
TN116853,El Garjouma,Tunis,North East,7,0,0,95.2446,3.5100,1.2454,ns,-0.017947,0.905100,0,-0.117221,0.905100,0,ns,-0.043011,0.645700,0,0.439521,0.645700,0,ns,0.287412,0.218300,0,-0.947104,0.218200,0
TN116854,Cite El Fath,Tunis,North East,8,0,0,95.2446,3.5100,1.2454,ns,-0.034868,0.643700,0,-0.453108,0.643700,0,ns,-0.034174,0.508700,0,0.638754,0.508700,0,ns,0.039769,0.649100,0,-0.372023,0.649100,0
TN116855,Es-Sebkha,Tunis,North East,10,0,0,95.2446,3.5100,1.2454,ns,0.091057,0.039700,0,-2.055277,0.039700,0,ns,0.391826,0.020500,0,2.457541,0.020500,0,ns,0.077599,0.753200,0,-0.240445,0.753200,0
TN116856,El Afrane,Tunis,North East,4,0,0,95.2446,3.5100,1.2454,ns,-0.088106,0.725400,0,-0.332661,0.725400,0,ns,-0.130983,0.420600,0,0.749811,0.420600,0,ns,0.453558,0.112000,0,-1.212826,0.112000,0
TN116857,Djebel Djeloud,Tunis,North East,5,0,0,95.2446,3.5100,1.2454,ns,0.009324,0.920200,0,0.102063,0.920200,0,ns,-0.017848,0.778100,0,0.273504,0.778100,0,ns,0.168735,0.098000,0,-1.303734,0.098000,0
TN116951,La Goulette,Tunis,North East,3,0,3,85.6263,11.8057,2.5680,ns,1.411840,0.062200,0,-1.662885,0.062200,0,ns,1.312642,0.059400,0,1.686856,0.059400,0,ns,0.499126,0.302200,0,0.740049,0.302200,0
TN116952,La Goulette Casino,Tunis,North East,3,0,3,85.6263,11.8057,2.5680,ns,0.351411,0.006400,0,-3.851724,0.006400,0,ns,0.455301,0.007600,0,3.694270,0.007600,0,ns,-0.135472,0.021300,0,2.591026,0.021300,0
TN116953,Kheireddine,Tunis,North East,5,0,3,85.6263,11.8057,2.5680,ns,1.911554,0.029500,0,-2.249218,0.029500,0,ns,1.902335,0.030100,0,2.263914,0.030100,0,ns,0.497196,0.176100,0,1.051055,0.176100,0
TN116954,Taieb Mhiri,Tunis,North East,13,0,3,85.6263,11.8057,2.5680,LL,5.680549,0.000100,1,-6.513808,0.000100,1,HH,5.634300,0.000100,1,6.673568,0.000100,1,ns,1.489939,0.009900,0,2.837268,0.009900,0
TN116955,Cite Essalama,Tunis,North East,3,0,3,85.6263,11.8057,2.5680,LL,6.175082,0.000500,1,-5.632477,0.000500,1,HH,5.795745,0.001000,1,5.689835,0.001000,1,ns,2.162387,0.013000,0,2.649792,0.013000,0
TN117051,Le Kram Est,Tunis,North East,3,0,3,85.6263,11.8057,2.5680,ns,3.105966,0.010100,0,-3.340522,0.010100,0,ns,3.195393,0.009200,0,3.499844,0.009200,0,ns,0.609049,0.110200,0,1.153551,0.110200,0
TN117052,Erriadh,Tunis,North East,6,0,3,85.6263,11.8057,2.5680,HL,-0.005831,0.001500,1,-4.584422,0.001500,1,ns,0.043092,0.001600,0,4.773968,0.001600,0,ns,-0.056649,0.040600,0,1.723809,0.040600,0
TN117053,El Bouhaira,Tunis,North East,8,0,3,85.6263,11.8057,2.5680,LL,6.316336,0.000600,1,-5.039528,0.000600,1,HH,6.471727,0.000500,1,5.071074,0.000500,1,ns,1.374189,0.014800,0,2.486449,0.014800,0
TN117054,Sidi Fredj,Tunis,North East,6,0,3,85.6263,11.8057,2.5680,LL,6.700320,0.000100,1,-5.772191,0.000100,1,HH,7.010114,0.000300,1,5.820683,0.000300,1,ns,1.244157,0.010800,0,2.736944,0.010800,0
TN117055,Le Kram Ouest,Tunis,North East,6,0,3,85.6263,11.8057,2.5680,ns,0.022770,0.026100,0,-2.413534,0.026100,0,ns,0.134096,0.029900,0,2.250945,0.029900,0,ns,-0.273893,0.039900,0,1.711784,0.039900,0
TN117056,Sidi Amor,Tunis,North East,6,0,3,85.6263,11.8057,2.5680,ns,0.153548,0.008600,0,-3.196103,0.008600,0,ns,-0.211491,0.008700,0,3.297042,0.008700,0,ns,0.471550,0.111300,0,1.271924,0.111300,0
TN117057,Bir El Helou,Tunis,North East,6,0,3,85.6263,11.8057,2.5680,ns,0.207354,0.061600,0,-1.785584,0.061600,0,ns,0.196271,0.049800,0,1.889491,0.049800,0,ns,0.055230,0.480300,0,0.599472,0.480300,0
TN117151,La Marsa Plage,Tunis,North East,4,0,3,85.6263,11.8057,2.5680,LL,12.553569,0.001100,1,-5.473647,0.001100,1,ns,13.343459,0.001400,0,5.689023,0.001400,0,ns,2.040854,0.028600,0,2.033821,0.028600,0
TN117152,La Marsa Medina,Tunis,North East,6,0,3,85.6263,11.8057,2.5680,LL,7.182918,0.000600,1,-4.741631,0.000600,1,HH,7.533796,0.000900,1,4.860451,0.000900,1,ns,1.318166,0.027100,0,2.021736,0.027100,0
TN117153,La Marsa Hadayek,Tunis,North East,6,0,3,85.6263,11.8057,2.5680,ns,1.682993,0.003400,0,-3.983236,0.003400,0,ns,1.644210,0.003600,0,4.052343,0.003600,0,ns,0.487289,0.032500,0,1.819096,0.032500,0
TN117154,La Marsa Erriadh,Tunis,North East,4,0,3,85.6263,11.8057,2.5680,ns,0.847418,0.006600,0,-3.589903,0.006600,0,ns,0.909072,0.006400,0,3.759943,0.006400,0,ns,0.128437,0.091500,0,1.269796,0.091500,0
TN117155,Er-Rmila,Tunis,North East,6,0,3,85.6263,11.8057,2.5680,ns,0.649453,0.003300,0,-3.803167,0.003300,0,ns,0.601985,0.003100,0,4.069891,0.003100,0,ns,0.168875,0.167800,0,1.033312,0.167800,0
TN117156,La Marsa El Montazeh,Tunis,North East,8,0,3,85.6263,11.8057,2.5680,LL,7.851140,0.000100,1,-7.745165,0.000100,1,HH,7.912569,0.000100,1,7.961355,0.000100,1,ns,1.823493,0.007400,0,3.127789,0.007400,0
TN117157,Gammarth,Tunis,North East,4,0,3,85.6263,11.8057,2.5680,ns,3.892631,0.008400,0,-3.395122,0.008400,0,ns,4.429806,0.007600,0,3.624829,0.007600,0,ns,0.330495,0.179000,0,1.023415,0.179000,0
TN117158,Gammarth Superieur,Tunis,North East,5,0,3,85.6263,11.8057,2.5680,LL,4.535363,0.000300,1,-5.219703,0.000300,1,HH,5.422788,0.000600,1,5.319928,0.000600,1,ns,-0.060954,0.022200,0,2.331284,0.022200,0
TN117159,Sidi Daoued,Tunis,North East,7,0,3,85.6263,11.8057,2.5680,LL,4.688270,0.000300,1,-5.314275,0.000300,1,HH,4.890189,0.000300,1,5.518404,0.000300,1,ns,0.881473,0.025700,0,1.987684,0.025700,0
TN117160,El Bahr El Azrak,Tunis,North East,8,0,3,85.6263,11.8057,2.5680,HL,-0.414967,0.000100,1,-6.499429,0.000100,1,LH,-0.162324,0.000200,1,6.627301,0.000200,1,ns,-0.458108,0.009200,0,2.907397,0.009200,0
TN125151,La Nouvelle Ariana,Ariana,North East,5,0,4,65.2695,30.0045,4.7260,LL,10.412529,0.000100,1,-7.786477,0.000100,1,HH,11.541102,0.000100,1,8.184496,0.000100,1,ns,1.176405,0.012800,0,2.649052,0.012800,0
TN125152,Ariana Superieur,Ariana,North East,8,0,4,65.2695,30.0045,4.7260,LL,8.989986,0.000100,1,-8.298359,0.000100,1,HH,9.512448,0.000100,1,8.542324,0.000100,1,ns,1.540522,0.006200,0,3.374392,0.006200,0
TN125153,L'Ariana Ville,Ariana,North East,6,0,3,85.6263,11.8057,2.5680,LL,2.857531,0.000200,1,-5.889987,0.000200,1,HH,3.201971,0.000300,1,5.933207,0.000300,1,ns,0.208845,0.011300,0,2.782981,0.011300,0
TN125154,El Menzah V,Ariana,North East,7,0,4,65.2695,30.0045,4.7260,LL,25.922336,0.000100,1,-11.690174,0.000100,1,HH,27.630073,0.000100,1,11.555318,0.000100,1,ns,3.709755,0.003400,0,6.328912,0.003400,0
TN125155,El Menzah VI,Ariana,North East,3,0,4,65.2695,30.0045,4.7260,LL,31.501142,0.000100,1,-10.084668,0.000100,1,HH,33.855635,0.000100,1,10.543967,0.000100,1,ns,4.718276,0.004900,0,3.711460,0.004900,0
TN125156,Etaamir,Ariana,North East,6,0,3,85.6263,11.8057,2.5680,LL,2.980844,0.000700,1,-4.793771,0.000700,1,HH,2.910787,0.000900,1,4.897259,0.000900,1,ns,0.840515,0.024700,0,2.174193,0.024700,0
TN125157,El Yasmina,Ariana,North East,7,0,3,85.6263,11.8057,2.5680,LL,6.812022,0.000100,1,-9.001985,0.000100,1,HH,6.809207,0.000100,1,8.964092,0.000100,1,ns,1.747660,0.003300,0,4.802272,0.003300,0
TN125158,Ennasr 1,Ariana,North East,6,0,4,65.2695,30.0045,4.7260,LL,26.896844,0.000100,1,-12.222083,0.000100,1,HH,29.226437,0.000100,1,12.830727,0.000100,1,ns,3.675472,0.003400,0,4.489487,0.003400,0
TN125159,Ennasr 2,Ariana,North East,4,0,4,65.2695,30.0045,4.7260,LL,23.630314,0.000200,1,-7.668845,0.000200,1,HH,25.759414,0.000200,1,7.936231,0.000200,1,ns,3.103218,0.008800,0,3.069052,0.008800,0
TN125251,Soukra,Ariana,North East,6,0,3,85.6263,11.8057,2.5680,ns,4.639210,0.003700,0,-3.700785,0.003700,0,ns,5.065867,0.004300,0,3.780784,0.004300,0,ns,0.584338,0.056300,0,1.608122,0.056300,0
TN125252,Dar Fadhal,Ariana,North East,4,0,3,85.6263,11.8057,2.5680,ns,0.746524,0.005300,0,-3.731214,0.005300,0,ns,0.880453,0.006600,0,3.727905,0.006600,0,ns,-0.028147,0.032900,0,1.829349,0.032900,0
TN125253,El Bessatine,Ariana,North East,6,0,3,85.6263,11.8057,2.5680,ns,1.903265,0.005500,0,-3.492733,0.005500,0,ns,2.025324,0.005900,0,3.620032,0.005900,0,ns,0.311384,0.081500,0,1.350505,0.081500,0
TN125254,Chotrana,Ariana,North East,6,0,3,85.6263,11.8057,2.5680,ns,2.115326,0.004000,0,-3.924693,0.004000,0,ns,2.199201,0.003700,0,4.098135,0.003700,0,ns,0.400490,0.073000,0,1.402633,0.073000,0
TN125255,Borj El Ouzir,Ariana,North East,6,0,3,85.6263,11.8057,2.5680,ns,3.966005,0.003100,0,-3.862084,0.003100,0,ns,3.564344,0.008200,0,3.316190,0.008200,0,ns,1.326732,0.004100,0,3.683093,0.004100,0
TN125256,Ennasim,Ariana,North East,6,0,3,85.6263,11.8057,2.5680,LL,1.882776,0.001000,1,-4.531382,0.001000,1,ns,1.911181,0.001500,0,4.587433,0.001500,0,ns,0.436970,0.024200,0,2.071802,0.024200,0
TN125257,Ettaamir,Ariana,North East,5,0,3,85.6263,11.8057,2.5680,ns,1.964330,0.008200,0,-3.396252,0.008200,0,ns,2.067307,0.008500,0,3.422691,0.008500,0,ns,0.347206,0.049400,0,1.638762,0.049400,0
TN125351,Jaafer,Ariana,North East,5,0,3,85.6263,11.8057,2.5680,ns,1.003560,0.010500,0,-3.052170,0.010500,0,ns,1.093306,0.010400,0,3.104182,0.010400,0,ns,0.120838,0.065000,0,1.382848,0.065000,0
TN125352,Enkhilet,Ariana,North East,5,0,3,85.6263,11.8057,2.5680,ns,4.309638,0.002000,0,-4.483225,0.002000,0,ns,4.391051,0.003200,0,4.403220,0.003200,0,ns,0.948523,0.017200,0,2.484862,0.017200,0
TN125353,El Medina El Fadhila,Ariana,North East,7,0,4,65.2695,30.0045,4.7260,ns,4.566368,0.003900,0,-3.659033,0.003900,0,ns,4.476031,0.003600,0,3.763837,0.003600,0,ns,1.262188,0.051300,0,1.529252,0.051300,0
TN125354,El Ghazala,Ariana,North East,6,0,4,65.2695,30.0045,4.7260,LL,7.579662,0.000300,1,-5.033537,0.000300,1,HH,7.524883,0.000500,1,5.075215,0.000500,1,ns,2.021561,0.018100,0,2.379697,0.018100,0
TN125355,Raoued,Ariana,North East,3,0,3,85.6263,11.8057,2.5680,ns,-0.009525,0.940400,0,0.074805,0.940400,0,ns,0.008495,0.950900,0,0.057532,0.950900,0,ns,0.075528,0.547100,0,-0.465938,0.547100,0
TN125356,Bourj Ettouil,Ariana,North East,4,0,3,85.6263,11.8057,2.5680,ns,0.294625,0.044400,0,-1.962502,0.044400,0,ns,0.405654,0.038700,0,2.074108,0.038700,0,ns,-0.046883,0.399100,0,0.630690,0.399100,0
TN125357,Sidi Amor Bou Khtioua,Ariana,North East,6,0,3,85.6263,11.8057,2.5680,ns,-0.001581,0.054900,0,-1.822504,0.054900,0,ns,0.022577,0.036600,0,2.076391,0.036600,0,ns,-0.003003,0.924600,0,0.077775,0.924600,0
TN125451,Kalaat El Andalous Est,Ariana,North East,3,0,0,95.2446,3.5100,1.2454,ns,0.053402,0.392000,0,0.796775,0.392000,0,ns,0.030409,0.463500,0,-0.690130,0.463500,0,ns,0.080643,0.301800,0,-0.727487,0.301800,0
TN125452,Kalaat El Andalous Ouest,Ariana,North East,5,0,0,95.2446,3.5100,1.2454,ns,0.116954,0.407100,0,0.783793,0.407100,0,ns,0.093102,0.506000,0,-0.632769,0.506000,0,ns,0.073319,0.251000,0,-0.855788,0.251000,0
TN125453,Pont De Bizerte,Ariana,North East,6,0,0,95.2446,3.5100,1.2454,ns,0.071055,0.459900,0,0.710461,0.459900,0,ns,0.025884,0.621100,0,-0.472380,0.621100,0,ns,0.220228,0.147600,0,-1.156829,0.147600,0
TN125454,Bou Hanach,Ariana,North East,7,0,3,85.6263,11.8057,2.5680,ns,-0.214953,0.507700,0,0.637131,0.507700,0,ns,-0.228306,0.624300,0,-0.472324,0.624300,0,ns,0.244709,0.272800,0,-0.845121,0.272800,0
TN125455,El Hessiane,Ariana,North East,6,0,0,95.2446,3.5100,1.2454,ns,-0.053872,0.858500,0,-0.169747,0.858500,0,ns,-0.126585,0.639600,0,0.443950,0.639600,0,ns,0.298942,0.296900,0,-0.819168,0.296900,0
TN125456,Ennahli,Ariana,North East,7,0,3,85.6263,11.8057,2.5680,ns,-0.157323,0.010100,0,-3.085835,0.010100,0,ns,-0.231993,0.007600,0,3.345680,0.007600,0,ns,0.021871,0.390200,0,0.691393,0.390200,0
TN125551,Sidi Thabet,Ariana,North East,3,0,0,95.2446,3.5100,1.2454,ns,-0.180082,0.521100,0,0.611562,0.521100,0,ns,-0.123689,0.651300,0,-0.439223,0.651300,0,ns,-0.162319,0.233200,0,-0.799571,0.233200,0
TN125552,Bejaoua,Ariana,North East,9,0,3,85.6263,11.8057,2.5680,ns,0.004380,0.650400,0,0.444478,0.650400,0,ns,0.016163,0.851900,0,-0.181826,0.851900,0,ns,-0.262819,0.180200,0,-1.078806,0.180200,0
TN125553,Mongi Slim,Ariana,North East,7,0,0,95.2446,3.5100,1.2454,ns,0.045739,0.680200,0,0.403322,0.680200,0,ns,0.015898,0.698700,0,-0.371174,0.698700,0,ns,0.085100,0.714000,0,-0.304232,0.714000,0
TN125554,Cebalet Ben Ammar,Ariana,North East,7,0,0,95.2446,3.5100,1.2454,ns,-0.008819,0.844600,0,-0.201632,0.844600,0,ns,0.007882,0.670800,0,0.406350,0.670800,0,ns,0.120009,0.492900,0,-0.566475,0.492900,0
TN125555,Chorfech,Ariana,North East,6,0,0,95.2446,3.5100,1.2454,ns,-0.029740,0.906400,0,-0.119998,0.906400,0,ns,-0.139754,0.602500,0,0.498523,0.602500,0,ns,0.081193,0.133900,0,-1.161807,0.133900,0
TN125651,Cite Ettadhamen,Ariana,North East,6,0,0,95.2446,3.5100,1.2454,ns,-0.158336,0.177100,0,-1.247177,0.177100,0,ns,-0.146015,0.108500,0,1.456632,0.108500,0,ns,0.006071,0.957200,0,-0.044182,0.957200,0
TN125652,Ibn Khaldoun,Ariana,North East,6,0,0,95.2446,3.5100,1.2454,ns,0.060232,0.542400,0,0.585759,0.542400,0,ns,0.017863,0.736600,0,-0.332450,0.736600,0,ns,0.231555,0.158100,0,-1.056755,0.158100,0
TN125654,18 Janvier,Ariana,North East,6,0,0,95.2446,3.5100,1.2454,ns,0.077627,0.276600,0,1.013873,0.276600,0,ns,0.013175,0.435800,0,-0.729911,0.435800,0,ns,0.320974,0.074100,0,-1.507584,0.074100,0
TN125655,20 Mars,Ariana,North East,5,0,0,95.2446,3.5100,1.2454,ns,0.190119,0.309900,0,0.940330,0.309900,0,ns,0.102107,0.529200,0,-0.594871,0.529200,0,ns,0.323836,0.052200,0,-1.549412,0.052200,0
TN125656,Mongi Slim,Ariana,North East,4,0,0,95.2446,3.5100,1.2454,ns,0.259133,0.219600,0,1.132298,0.219600,0,ns,0.142638,0.333600,0,-0.902662,0.333700,0,ns,0.451040,0.084200,0,-1.291703,0.084200,0
TN125658,Abulkassem Ech-Chebbi,Ariana,North East,5,0,0,95.2446,3.5100,1.2454,ns,0.175618,0.422200,0,0.768195,0.422200,0,ns,0.076334,0.610600,0,-0.499761,0.610600,0,ns,0.450453,0.101100,0,-1.210326,0.101100,0
TN125659,Khaireddine Pacha,Ariana,North East,5,0,0,95.2446,3.5100,1.2454,ns,0.305742,0.306900,0,0.950056,0.306900,0,ns,0.168494,0.453500,0,-0.700171,0.453500,0,ns,0.544288,0.095100,0,-1.323924,0.095100,0
TN125751,El Mnihla,Ariana,North East,7,0,3,85.6263,11.8057,2.5680,ns,-0.005564,0.723300,0,0.340164,0.723300,0,ns,-0.008757,0.852300,0,-0.172519,0.852300,0,ns,0.072075,0.366500,0,-0.709054,0.366500,0
TN125752,Errafaha,Ariana,North East,10,0,3,85.6263,11.8057,2.5680,LL,1.256863,0.000200,1,-5.767303,0.000200,1,HH,1.474111,0.000100,1,6.199675,0.000100,1,ns,0.071433,0.068400,0,1.482626,0.068400,0
TN125753,En-Nasr,Ariana,North East,7,0,0,95.2446,3.5100,1.2454,ns,0.026387,0.671400,0,0.411501,0.671400,0,ns,0.004133,0.915600,0,-0.103289,0.915600,0,ns,0.148531,0.130000,0,-1.163808,0.130000,0
TN125754,El-Bassatine,Ariana,North East,6,0,0,95.2446,3.5100,1.2454,ns,0.245661,0.243100,0,1.092835,0.243100,0,ns,0.150879,0.391600,0,-0.813754,0.391600,0,ns,0.348775,0.069000,0,-1.465852,0.069000,0
TN125755,15 Octobre,Ariana,North East,4,0,0,95.2446,3.5100,1.2454,ns,0.169240,0.684400,0,0.388160,0.684400,0,ns,0.094362,0.807800,0,-0.234345,0.807800,0,ns,0.241016,0.366000,0,-0.676661,0.366000,0
TN135151,Ben Arous Est,Ben Arous,North East,5,0,3,85.6263,11.8057,2.5680,ns,1.174080,0.031600,0,-2.238301,0.031600,0,ns,1.262949,0.025000,0,2.424266,0.025000,0,ns,0.156954,0.467100,0,0.553116,0.467100,0
TN135152,Cite Ibn Arafa,Ben Arous,North East,5,0,0,95.2446,3.5100,1.2454,ns,0.054467,0.018800,0,-2.727301,0.018800,0,ns,0.388974,0.014600,0,2.921493,0.014600,0,ns,-0.282905,0.317800,0,0.764366,0.317800,0
TN135153,El Mehiri,Ben Arous,North East,10,0,3,85.6263,11.8057,2.5680,LL,0.207566,0.001400,1,-3.975275,0.001400,1,ns,0.309056,0.002100,0,3.999131,0.002100,0,ns,-0.098608,0.029900,0,1.882446,0.029900,0
TN135154,Ben Arous Ouest,Ben Arous,North East,6,0,3,85.6263,11.8057,2.5680,ns,0.300457,0.322700,0,-0.943542,0.322700,0,ns,0.323664,0.301100,0,0.968247,0.301100,0,ns,0.043900,0.622600,0,0.406155,0.622600,0
TN135155,Sidi Ben Arous,Ben Arous,North East,8,0,3,85.6263,11.8057,2.5680,ns,0.394850,0.388900,0,-0.838064,0.388900,0,ns,0.586355,0.214200,0,1.173058,0.214200,0,ns,-0.091734,0.426000,0,-0.607839,0.426000,0
TN135156,Cite El Iskane,Ben Arous,North East,5,0,3,85.6263,11.8057,2.5680,ns,0.254081,0.154100,0,-1.299608,0.154100,0,ns,0.258654,0.146700,0,1.299087,0.146700,0,ns,0.057627,0.406900,0,0.658421,0.406900,0
TN135251,La Nouvelle Medina (1),Ben Arous,North East,5,0,3,85.6263,11.8057,2.5680,ns,1.865946,0.002500,0,-4.043970,0.002500,0,ns,2.105598,0.003900,0,3.967263,0.003900,0,ns,0.025159,0.018700,0,2.259558,0.018700,0
TN135252,La Nouvelle Medina (2),Ben Arous,North East,5,0,3,85.6263,11.8057,2.5680,ns,3.122495,0.015600,0,-2.793377,0.015600,0,ns,3.215935,0.013300,0,2.936697,0.013300,0,ns,0.628150,0.179900,0,0.986283,0.179900,0
TN135253,Sidi Mosbah,Ben Arous,North East,3,0,3,85.6263,11.8057,2.5680,ns,0.566805,0.142800,0,-1.251049,0.142800,0,ns,0.596391,0.114300,0,1.304299,0.114300,0,ns,0.097780,0.565700,0,0.459552,0.565700,0
TN135254,El Yasminet,Ben Arous,North East,7,0,3,85.6263,11.8057,2.5680,ns,0.201222,0.420300,0,-0.767842,0.420300,0,ns,0.255301,0.342700,0,0.886609,0.342700,0,ns,0.000944,0.993100,0,0.006523,0.993100,0
TN135255,Errabta,Ben Arous,North East,7,0,3,85.6263,11.8057,2.5680,ns,0.829728,0.082200,0,-1.639408,0.082200,0,ns,0.899190,0.057600,0,1.827736,0.057600,0,ns,0.064238,0.781800,0,0.226767,0.781900,0
TN135351,El Mourouj (1),Ben Arous,North East,5,0,3,85.6263,11.8057,2.5680,ns,2.438879,0.020400,0,-2.670869,0.020400,0,ns,2.327505,0.021000,0,2.594249,0.021000,0,ns,0.818609,0.043300,0,1.642275,0.043300,0
TN135352,El Mourouj (3),Ben Arous,North East,5,0,3,85.6263,11.8057,2.5680,ns,2.337862,0.018800,0,-2.625220,0.018800,0,ns,2.308169,0.020400,0,2.545709,0.020400,0,ns,0.633048,0.050600,0,1.620814,0.050600,0
TN135353,El Mourouj (4),Ben Arous,North East,4,0,3,85.6263,11.8057,2.5680,ns,1.913999,0.044300,0,-1.988068,0.044300,0,ns,1.991324,0.039100,0,2.085714,0.039100,0,ns,0.357156,0.345700,0,0.703534,0.345700,0
TN135354,El Mourouj (5),Ben Arous,North East,6,0,3,85.6263,11.8057,2.5680,ns,0.188632,0.696300,0,-0.371667,0.696300,0,ns,0.269625,0.592800,0,0.512710,0.592800,0,ns,-0.033398,0.740100,0,-0.259070,0.740100,0
TN135355,Bir Kassaa,Ben Arous,North East,7,0,3,85.6263,11.8057,2.5680,ns,0.930857,0.028400,0,-2.277175,0.028400,0,ns,0.760392,0.028100,0,2.307198,0.028100,0,ns,0.483009,0.181100,0,1.083930,0.181100,0
TN135356,Farhat Hached,Ben Arous,North East,9,0,3,85.6263,11.8057,2.5680,ns,0.095270,0.050100,0,-1.910563,0.050100,0,ns,0.114764,0.041900,0,2.013580,0.041900,0,ns,0.001391,0.410300,0,0.653340,0.410300,0
TN135451,Hammam Lif Ville,Ben Arous,North East,4,0,3,85.6263,11.8057,2.5680,ns,0.714917,0.133200,0,-1.353740,0.133200,0,ns,0.770117,0.110500,0,1.405172,0.110500,0,ns,0.105427,0.510800,0,0.514613,0.510800,0
TN135452,Hammem Lif Ville 2,Ben Arous,North East,3,0,3,85.6263,11.8057,2.5680,ns,0.931321,0.111600,0,-1.369116,0.111600,0,ns,0.803153,0.077500,0,1.512050,0.077500,0,ns,0.205439,0.745300,0,0.246569,0.745300,0
TN135453,Hammem Lif Bou Kornine,Ben Arous,North East,4,0,3,85.6263,11.8057,2.5680,ns,1.193955,0.016000,0,-2.764087,0.016000,0,ns,1.321012,0.013800,0,2.896217,0.013800,0,ns,0.135355,0.172500,0,0.966377,0.172500,0
TN135454,Farhat Hached,Ben Arous,North East,7,0,3,85.6263,11.8057,2.5680,LL,0.091526,0.001300,1,-4.249976,0.001300,1,ns,0.362852,0.001800,0,4.406835,0.001800,0,ns,-0.301602,0.048500,0,1.642181,0.048500,0
TN135455,Hammam Lif El Malaab,Ben Arous,North East,3,0,3,85.6263,11.8057,2.5680,ns,0.795784,0.044700,0,-1.948474,0.044700,0,ns,0.756708,0.055700,0,1.719743,0.055700,0,ns,0.189814,0.038700,0,1.822794,0.038700,0
TN135456,Cite Mohamed Ali,Ben Arous,North East,8,0,3,85.6263,11.8057,2.5680,ns,0.593536,0.016700,0,-2.697175,0.016700,0,ns,0.719755,0.018900,0,2.624097,0.018900,0,ns,-0.098453,0.050500,0,1.551185,0.050500,0
TN135551,Bir El Bey,Ben Arous,North East,4,0,3,85.6263,11.8057,2.5680,ns,0.112226,0.069500,0,-1.647821,0.069500,0,ns,0.170197,0.076300,0,1.550594,0.076300,0,ns,-0.116899,0.123500,0,1.087848,0.123500,0
TN135552,Borj Cedria,Ben Arous,North East,5,0,3,85.6263,11.8057,2.5680,ns,0.039097,0.908600,0,-0.112827,0.908600,0,ns,0.056722,0.871900,0,0.156623,0.871900,0,ns,-0.015196,0.913400,0,-0.086951,0.913400,0
TN135553,Hammem Chatt,Ben Arous,North East,3,0,3,85.6263,11.8057,2.5680,ns,0.777750,0.364500,0,-0.843312,0.364500,0,ns,0.766488,0.248200,0,1.003251,0.248200,0,ns,-0.104122,0.889800,0,-0.111437,0.889800,0
TN135651,Bou Mhel,Ben Arous,North East,5,0,3,85.6263,11.8057,2.5680,ns,1.586495,0.132400,0,-1.376211,0.132400,0,ns,1.849282,0.084500,0,1.548375,0.084500,0,ns,0.064630,0.856500,0,0.153347,0.856500,0
TN135652,El Bassatine,Ben Arous,North East,8,0,3,85.6263,11.8057,2.5680,ns,1.895397,0.007000,0,-3.281986,0.007000,0,ns,2.066761,0.006000,0,3.434616,0.006000,0,ns,0.250034,0.146100,0,1.144264,0.146100,0
TN135653,Chela,Ben Arous,North East,6,0,3,85.6263,11.8057,2.5680,ns,0.284345,0.042700,0,-1.971531,0.042700,0,ns,0.386369,0.032900,0,2.159120,0.032900,0,ns,-0.018397,0.595000,0,0.421706,0.595000,0
TN135654,El Bassatine El Gharbya,Ben Arous,North East,6,0,0,95.2446,3.5100,1.2454,ns,-0.540940,0.018800,0,-2.583569,0.018800,0,ns,-0.391163,0.017400,0,2.672436,0.017400,0,ns,-0.309062,0.192000,0,1.037885,0.192000,0
TN135751,Ez-Zahra Ville,Ben Arous,North East,6,0,3,85.6263,11.8057,2.5680,ns,3.148200,0.016000,0,-2.763592,0.016000,0,ns,3.254061,0.014900,0,2.898144,0.014900,0,ns,0.618027,0.186800,0,0.996827,0.186800,0
TN135752,Cite El Habib,Ben Arous,North East,6,0,3,85.6263,11.8057,2.5680,ns,1.852172,0.014000,0,-2.762313,0.014000,0,ns,1.989963,0.014200,0,2.887978,0.014200,0,ns,0.278971,0.199200,0,0.973306,0.199200,0
TN135753,18 Janvier,Ben Arous,North East,3,0,3,85.6263,11.8057,2.5680,ns,2.301919,0.029100,0,-2.383811,0.029100,0,ns,2.355626,0.027700,0,2.410602,0.027700,0,ns,0.505284,0.121200,0,1.118922,0.121200,0
TN135754,Borj El Louzir,Ben Arous,North East,7,0,3,85.6263,11.8057,2.5680,HL,-0.751998,0.000400,1,-5.277635,0.000400,1,LH,-0.744178,0.000500,1,5.322516,0.000500,1,ns,-0.204654,0.012400,0,2.458981,0.012400,0
TN135851,Rades Ville,Ben Arous,North East,8,0,3,85.6263,11.8057,2.5680,LL,3.635445,0.000200,1,-5.216197,0.000200,1,HH,3.797572,0.000300,1,5.496471,0.000300,1,ns,0.664104,0.030800,0,1.786294,0.030800,0
TN135852,Rades Mellaha,Ben Arous,North East,9,0,3,85.6263,11.8057,2.5680,HL,-1.139337,0.000100,1,-8.183297,0.000100,1,LH,-0.958599,0.000100,1,8.570777,0.000100,1,ns,-0.461688,0.009300,0,2.872595,0.009300,0
TN135853,Taieb Mehiri,Ben Arous,North East,3,0,3,85.6263,11.8057,2.5680,ns,0.232715,0.033300,0,-2.207288,0.033300,0,ns,0.468046,0.030700,0,2.286338,0.030700,0,ns,-0.224787,0.245600,0,0.863004,0.245600,0
TN135854,Rades Remada,Ben Arous,North East,5,0,3,85.6263,11.8057,2.5680,ns,1.581384,0.021900,0,-2.591101,0.021900,0,ns,1.785866,0.017300,0,2.791495,0.017300,0,ns,0.142043,0.398900,0,0.684170,0.398900,0
TN135855,Mongi Slim,Ben Arous,North East,3,0,3,85.6263,11.8057,2.5680,ns,1.158189,0.061200,0,-1.687351,0.061200,0,ns,1.424585,0.054600,0,1.769740,0.054600,0,ns,-0.018083,0.439100,0,0.591609,0.439100,0
TN135856,Rades Foret,Ben Arous,North East,9,0,3,85.6263,11.8057,2.5680,LL,4.046703,0.000800,1,-4.478801,0.000800,1,HH,4.083867,0.000900,1,4.647626,0.000900,1,ns,0.931535,0.038300,0,1.778939,0.038300,0
TN135857,Rades Meliane,Ben Arous,North East,6,0,3,85.6263,11.8057,2.5680,ns,3.102572,0.017900,0,-2.646933,0.017900,0,ns,3.212684,0.015800,0,2.763426,0.015800,0,ns,0.614095,0.177200,0,0.986252,0.177200,0
TN135858,Noubou,Ben Arous,North East,4,0,3,85.6263,11.8057,2.5680,ns,1.023344,0.006500,0,-3.566393,0.006500,0,ns,1.057865,0.007600,0,3.544842,0.007600,0,ns,0.200702,0.032400,0,1.829850,0.032400,0
TN135951,Megrine Superieure,Ben Arous,North East,8,0,3,85.6263,11.8057,2.5680,ns,4.529856,0.002600,0,-4.077079,0.002600,0,ns,4.605180,0.003300,0,4.042821,0.003300,0,ns,1.018581,0.020700,0,2.221507,0.020700,0
TN135952,Megrine Riadh,Ben Arous,North East,6,0,3,85.6263,11.8057,2.5680,ns,1.487962,0.005400,0,-3.490768,0.005400,0,ns,1.709900,0.004200,0,3.787982,0.004200,0,ns,0.109023,0.300100,0,0.821426,0.300100,0
TN135953,Jawhara,Ben Arous,North East,7,0,3,85.6263,11.8057,2.5680,ns,1.576271,0.020800,0,-2.530026,0.020800,0,ns,1.732767,0.020900,0,2.586005,0.020900,0,ns,0.180399,0.158000,0,1.122247,0.158000,0
TN135954,Menzel Mabrouk,Ben Arous,North East,4,0,3,85.6263,11.8057,2.5680,ns,1.632885,0.039000,0,-2.149626,0.039000,0,ns,0.955696,0.031900,0,2.363141,0.031900,0,ns,0.580968,0.619600,0,0.377915,0.619600,0
TN135955,Megrine Chaker,Ben Arous,North East,4,0,3,85.6263,11.8057,2.5680,ns,-0.052992,0.017300,0,-2.901033,0.017300,0,ns,0.096080,0.020400,0,2.732814,0.020400,0,ns,-0.369233,0.027900,0,2.006214,0.027900,0
TN135956,Megrine Chaker (2),Ben Arous,North East,3,0,3,85.6263,11.8057,2.5680,ns,-0.345437,0.052000,0,-1.820752,0.052000,0,ns,-0.180369,0.073000,0,1.530575,0.073000,0,ns,-0.599479,0.035200,0,1.964606,0.035200,0
TN135957,Sidi Rezig,Ben Arous,North East,5,0,3,85.6263,11.8057,2.5680,ns,7.043629,0.001700,0,-4.372240,0.001700,0,ns,7.615510,0.002700,0,4.348248,0.002700,0,ns,0.868826,0.019700,0,2.325781,0.019700,0
TN135958,Sidi Rezig (2),Ben Arous,North East,8,0,3,85.6263,11.8057,2.5680,LL,3.816920,0.000600,1,-4.566244,0.000600,1,HH,3.888572,0.000600,1,4.878158,0.000600,1,ns,0.721470,0.093400,0,1.294937,0.093400,0
TN136051,Mohamedia,Ben Arous,North East,6,0,0,95.2446,3.5100,1.2454,ns,-0.007329,0.850200,0,0.176585,0.850200,0,ns,-0.003503,0.963400,0,-0.043694,0.963400,0,ns,0.071743,0.505200,0,-0.517985,0.505200,0
TN136052,Mongi Selim,Ben Arous,North East,3,0,0,95.2446,3.5100,1.2454,ns,0.035979,0.886200,0,0.138191,0.886200,0,ns,0.009859,0.956700,0,-0.049323,0.956700,0,ns,0.115189,0.657000,0,-0.370978,0.657000,0
TN136053,Cite Es-Saada,Ben Arous,North East,5,0,0,95.2446,3.5100,1.2454,ns,0.009396,0.682200,0,0.400578,0.682200,0,ns,0.000857,0.810600,0,-0.237165,0.810600,0,ns,0.054596,0.345300,0,-0.726227,0.345300,0
TN136054,Cite El Nassim,Ben Arous,North East,6,0,0,95.2446,3.5100,1.2454,ns,0.025113,0.841700,0,-0.191763,0.841700,0,ns,0.055624,0.641900,0,0.440293,0.641900,0,ns,-0.054618,0.381300,0,-0.681217,0.381300,0
TN136055,Sidi Frej,Ben Arous,North East,10,0,0,95.2446,3.5100,1.2454,ns,0.146115,0.357000,0,0.887459,0.357000,0,ns,0.109740,0.531900,0,-0.609268,0.531900,0,ns,0.045608,0.094800,0,-1.353593,0.094800,0
TN136151,Fouchana,Ben Arous,North East,7,0,0,95.2446,3.5100,1.2454,ns,0.006593,0.833900,0,-0.198076,0.833900,0,ns,0.031624,0.728500,0,0.330080,0.728500,0,ns,0.060375,0.683400,0,-0.328566,0.683400,0
TN136152,Cite El Mostakbel,Ben Arous,North East,5,0,0,95.2446,3.5100,1.2454,ns,-0.016241,0.831000,0,0.206155,0.831000,0,ns,-0.006858,0.952200,0,-0.059119,0.952200,0,ns,0.047452,0.461000,0,-0.564592,0.461000,0
TN136153,El Hidhab,Ben Arous,North East,9,0,0,95.2446,3.5100,1.2454,ns,0.610806,0.012900,0,-2.758397,0.012900,0,ns,0.695566,0.013200,0,2.875379,0.013200,0,ns,0.048836,0.207300,0,1.002863,0.207300,0
TN136154,El Mghira,Ben Arous,North East,4,0,0,95.2446,3.5100,1.2454,ns,0.069347,0.453700,0,-0.715552,0.453700,0,ns,0.119986,0.373400,0,0.820701,0.373400,0,ns,-0.001016,0.984600,0,0.015758,0.984600,0
TN136155,Naassen,Ben Arous,North East,5,0,0,95.2446,3.5100,1.2454,ns,0.008944,0.965800,0,0.038228,0.965800,0,ns,-0.031738,0.901200,0,0.121116,0.901200,0,ns,0.163274,0.494500,0,-0.507281,0.494500,0
TN136156,Chebeda,Ben Arous,North East,8,0,0,95.2446,3.5100,1.2454,ns,-0.013988,0.937800,0,-0.078370,0.937800,0,ns,-0.037090,0.772000,0,0.273235,0.772000,0,ns,0.145146,0.456500,0,-0.612112,0.456500,0
TN136157,Douar Elhouch,Ben Arous,North East,4,0,0,95.2446,3.5100,1.2454,ns,0.076970,0.785200,0,0.267118,0.785200,0,ns,0.008950,0.974700,0,-0.030297,0.974700,0,ns,0.163275,0.232000,0,-0.894038,0.232000,0
TN136251,Mornag,Ben Arous,North East,5,0,3,85.6263,11.8057,2.5680,ns,-0.035298,0.926100,0,0.090216,0.926100,0,ns,0.019007,0.974100,0,0.028937,0.974100,0,ns,-0.023915,0.585000,0,-0.428831,0.585000,0
TN136252,Mornag Ouest,Ben Arous,North East,5,0,3,85.6263,11.8057,2.5680,ns,-0.040998,0.592200,0,0.515839,0.592200,0,ns,-0.034169,0.760800,0,-0.288445,0.760800,0,ns,0.090456,0.184600,0,-0.914206,0.184600,0
TN136253,Khelidia,Ben Arous,North East,6,0,0,95.2446,3.5100,1.2454,ns,0.155103,0.174000,0,1.257556,0.174000,0,ns,0.056621,0.244000,0,-1.075326,0.244000,0,ns,0.354415,0.113700,0,-1.281405,0.113700,0
TN136254,Ez-Zaouia,Ben Arous,North East,9,0,0,95.2446,3.5100,1.2454,ns,-0.063120,0.492200,0,-0.660804,0.492200,0,ns,-0.062603,0.334000,0,0.912029,0.334000,0,ns,0.066331,0.539400,0,-0.506536,0.539400,0
TN136255,Djebel Ressas,Ben Arous,North East,7,0,0,95.2446,3.5100,1.2454,ns,0.099085,0.705200,0,0.367039,0.705200,0,ns,0.052061,0.822500,0,-0.217685,0.822500,0,ns,0.163049,0.403300,0,-0.637249,0.403300,0
TN136256,Sidi Salem El Garsi,Ben Arous,North East,6,0,0,95.2446,3.5100,1.2454,ns,0.032800,0.063900,0,1.755784,0.063900,0,ns,-0.061008,0.105200,0,-1.482814,0.105200,0,ns,0.360149,0.038100,0,-1.765935,0.038100,0
TN136257,Kabouti,Ben Arous,North East,7,0,0,95.2446,3.5100,1.2454,ns,0.498779,0.100800,0,1.549903,0.100800,0,ns,0.396897,0.151000,0,-1.325831,0.151000,0,ns,0.353601,0.065900,0,-1.526151,0.065900,0
TN136258,Ain Rekad,Ben Arous,North East,6,0,0,95.2446,3.5100,1.2454,ns,0.189080,0.068400,0,1.696634,0.068400,0,ns,0.069240,0.110400,0,-1.441493,0.110400,0,ns,0.436397,0.042500,0,-1.679791,0.042500,0
TN136259,El Gounna,Ben Arous,North East,5,0,0,95.2446,3.5100,1.2454,ns,0.469231,0.135200,0,1.361340,0.135200,0,ns,0.349749,0.206900,0,-1.137381,0.206900,0,ns,0.414279,0.074100,0,-1.404470,0.074100,0
TN136260,Sidi Saad,Ben Arous,North East,9,0,0,95.2446,3.5100,1.2454,ns,0.198563,0.215200,0,1.179711,0.215200,0,ns,0.113512,0.319000,0,-0.955127,0.319000,0,ns,0.322718,0.095800,0,-1.298816,0.095800,0
TN136261,Essalem,Ben Arous,North East,6,0,0,95.2446,3.5100,1.2454,ns,0.272837,0.132800,0,1.399150,0.132800,0,ns,0.189650,0.242900,0,-1.084824,0.242900,0,ns,0.281208,0.041600,0,-1.733710,0.041600,0
TN136262,Errisala,Ben Arous,North East,8,0,3,85.6263,11.8057,2.5680,ns,0.156987,0.094000,0,-1.585661,0.094000,0,ns,0.124174,0.057200,0,1.809827,0.057200,0,ns,0.009851,0.920100,0,0.079513,0.920100,0
TN136263,Oudna,Ben Arous,North East,5,0,0,95.2446,3.5100,1.2454,ns,0.467026,0.102500,0,1.484021,0.102500,0,ns,0.309937,0.161100,0,-1.266866,0.161100,0,ns,0.557929,0.062900,0,-1.459038,0.062900,0
TN136264,El Kessibi,Ben Arous,North East,7,0,0,95.2446,3.5100,1.2454,ns,0.291946,0.169400,0,1.295400,0.169400,0,ns,0.207046,0.271600,0,-1.037011,0.271600,0,ns,0.292673,0.064900,0,-1.454326,0.064900,0
TN145151,Manouba,Manubah,North East,4,0,3,85.6263,11.8057,2.5680,ns,1.338318,0.145600,0,-1.299003,0.145600,0,ns,1.351636,0.131200,0,1.306402,0.131200,0,ns,0.321124,0.407300,0,0.646018,0.407300,0
TN145152,Manouba Centre,Manubah,North East,7,0,3,85.6263,11.8057,2.5680,ns,1.690876,0.024200,0,-2.398070,0.024200,0,ns,1.562261,0.023400,0,2.449925,0.023400,0,ns,0.592305,0.194700,0,1.023111,0.194700,0
TN145153,Sidi Amor,Manubah,North East,8,0,3,85.6263,11.8057,2.5680,ns,0.700589,0.062600,0,-1.796487,0.062600,0,ns,0.700430,0.053600,0,1.883112,0.053600,0,ns,0.166457,0.398600,0,0.645648,0.398600,0
TN145154,Den-Den,Manubah,North East,6,0,3,85.6263,11.8057,2.5680,ns,1.622537,0.004900,0,-3.400109,0.004900,0,ns,1.603546,0.007100,0,3.286556,0.007100,0,ns,0.434092,0.024400,0,2.107542,0.024400,0
TN145155,Ksar-Said,Manubah,North East,8,0,3,85.6263,11.8057,2.5680,ns,1.454081,0.016700,0,-2.625182,0.016700,0,ns,1.457210,0.014800,0,2.764818,0.014800,0,ns,0.334226,0.244300,0,0.886317,0.244300,0
TN145156,Den-Den Sud,Manubah,North East,7,0,0,95.2446,3.5100,1.2454,ns,-0.018045,0.067800,0,-1.737880,0.067800,0,ns,-0.046127,0.062200,0,1.775040,0.062200,0,ns,0.034818,0.340900,0,0.750519,0.340900,0
TN145251,Douar Hicher,Manubah,North East,7,0,0,95.2446,3.5100,1.2454,ns,-0.170130,0.094200,0,-1.582320,0.094200,0,ns,-0.078764,0.079000,0,1.641794,0.079000,0,ns,-0.149382,0.436400,0,0.630040,0.436500,0
TN145252,Khaled Ibn El Oualid,Manubah,North East,4,0,0,95.2446,3.5100,1.2454,ns,0.133430,0.384300,0,0.804877,0.384300,0,ns,0.074316,0.538500,0,-0.576704,0.538500,0,ns,0.231464,0.121800,0,-1.246569,0.121800,0
TN145253,Cite Er-Riadh,Manubah,North East,8,0,0,95.2446,3.5100,1.2454,ns,-0.046440,0.305700,0,-0.984377,0.305700,0,ns,-0.015009,0.224500,0,1.139277,0.224500,0,ns,0.000710,0.998700,0,0.001013,0.998700,0
TN145254,Cite Ennassim,Manubah,North East,4,0,0,95.2446,3.5100,1.2454,ns,0.226739,0.488200,0,0.655077,0.488200,0,ns,0.123559,0.663900,0,-0.417588,0.663900,0,ns,0.365212,0.139000,0,-1.110367,0.139000,0
TN145255,Cite Ech-Chabeb,Manubah,North East,7,0,0,95.2446,3.5100,1.2454,ns,0.203119,0.257600,0,1.072434,0.257600,0,ns,0.126721,0.375000,0,-0.842892,0.375000,0,ns,0.283601,0.105100,0,-1.286801,0.105100,0
TN145351,Oued Ellil,Manubah,North East,5,0,3,85.6263,11.8057,2.5680,ns,-0.087039,0.807500,0,0.241511,0.807500,0,ns,-0.045688,0.894800,0,-0.132617,0.894800,0,ns,-0.086328,0.536900,0,-0.470212,0.536900,0
TN145352,Es Saida,Manubah,North East,5,0,0,95.2446,3.5100,1.2454,ns,0.057036,0.652800,0,0.435624,0.652800,0,ns,0.022703,0.658800,0,-0.425871,0.658800,0,ns,0.077066,0.751800,0,-0.246736,0.751800,0
TN145353,Er Riadh,Manubah,North East,4,0,3,85.6263,11.8057,2.5680,ns,0.009137,0.784600,0,0.261922,0.784600,0,ns,0.009641,0.765000,0,-0.285368,0.765000,0,ns,0.001233,0.941900,0,-0.055931,0.941900,0
TN145354,Cite El Ouerd,Manubah,North East,5,0,3,85.6263,11.8057,2.5680,ns,0.009311,0.740500,0,-0.322230,0.740500,0,ns,0.004367,0.802500,0,0.238485,0.802500,0,ns,0.021195,0.581600,0,0.439679,0.581600,0
TN145355,Ennajet,Manubah,North East,9,0,3,85.6263,11.8057,2.5680,ns,-0.025016,0.738700,0,0.328969,0.738700,0,ns,-0.013597,0.858100,0,-0.174339,0.858100,0,ns,-0.018914,0.398600,0,-0.680419,0.398600,0
TN145356,Sanhaja,Manubah,North East,9,0,0,95.2446,3.5100,1.2454,ns,-0.055332,0.582000,0,-0.540679,0.582000,0,ns,-0.068419,0.423200,0,0.756842,0.423200,0,ns,0.038577,0.607500,0,-0.419826,0.607500,0
TN145357,El Kobbaa,Manubah,North East,4,0,0,95.2446,3.5100,1.2454,ns,-0.137035,0.440000,0,-0.724961,0.440000,0,ns,-0.095274,0.402400,0,0.778098,0.402400,0,ns,-0.065422,0.794000,0,0.203637,0.794000,0
TN145451,Mornaguia,Manubah,North East,7,0,0,95.2446,3.5100,1.2454,ns,-0.025051,0.931900,0,0.084345,0.931900,0,ns,0.094004,0.801200,0,0.246195,0.801200,0,ns,0.075175,0.156500,0,-1.139535,0.156500,0
TN145452,20 Mars,Manubah,North East,5,0,0,95.2446,3.5100,1.2454,ns,0.040065,0.801000,0,-0.249071,0.801000,0,ns,0.143944,0.562500,0,0.549530,0.562500,0,ns,0.207932,0.273500,0,-0.834761,0.273500,0
TN145453,Bouragba,Manubah,North East,6,0,0,95.2446,3.5100,1.2454,ns,0.080728,0.777500,0,0.272426,0.777500,0,ns,-0.001620,0.991500,0,-0.011255,0.991500,0,ns,0.224423,0.206400,0,-0.965943,0.206400,0
TN145454,El Fejja,Manubah,North East,8,0,0,95.2446,3.5100,1.2454,ns,0.243264,0.112100,0,1.508342,0.112100,0,ns,0.134197,0.120600,0,-1.448690,0.120600,0,ns,0.295493,0.215400,0,-0.951407,0.215400,0
TN145455,Sidi Ali El Hattab,Manubah,North East,7,0,0,95.2446,3.5100,1.2454,ns,-0.001630,0.602000,0,0.506445,0.602000,0,ns,-0.012427,0.831800,0,-0.206769,0.831800,0,ns,0.237850,0.113000,0,-1.237739,0.113000,0
TN145456,Hmaiem,Manubah,North East,7,0,0,95.2446,3.5100,1.2454,ns,0.376848,0.154800,0,1.345746,0.154800,0,ns,0.366780,0.202000,0,-1.198744,0.202000,0,ns,0.065953,0.141800,0,-1.124649,0.141800,0
TN145457,El Bassatine,Manubah,North East,5,0,0,95.2446,3.5100,1.2454,ns,0.085003,0.497700,0,0.646364,0.497700,0,ns,0.041912,0.653600,0,-0.430995,0.653600,0,ns,0.179976,0.181800,0,-1.017121,0.181800,0
TN145458,Mornaguia Nord,Manubah,North East,4,0,0,95.2446,3.5100,1.2454,ns,-0.029686,0.934300,0,0.075540,0.934300,0,ns,0.086518,0.833700,0,0.200684,0.833700,0,ns,0.024399,0.211500,0,-0.949416,0.211500,0
TN145551,Borj El Amri,Manubah,North East,6,0,0,95.2446,3.5100,1.2454,ns,0.198837,0.120000,0,1.432818,0.120000,0,ns,0.169328,0.178500,0,-1.229382,0.178500,0,ns,0.100838,0.077600,0,-1.370628,0.077600,0
TN145552,Menzel Habib,Manubah,North East,6,0,0,95.2446,3.5100,1.2454,ns,0.595026,0.110200,0,1.496031,0.110200,0,ns,0.483815,0.125600,0,-1.398771,0.125600,0,ns,0.393475,0.166300,0,-1.063175,0.166300,0
TN145553,Borj Ennour,Manubah,North East,7,0,0,95.2446,3.5100,1.2454,ns,0.567553,0.053100,0,1.864186,0.053100,0,ns,0.512561,0.069700,0,-1.696218,0.069700,0,ns,0.238587,0.064300,0,-1.514587,0.064300,0
TN145554,El Moussadine,Manubah,North East,4,0,0,95.2446,3.5100,1.2454,ns,0.362561,0.096600,0,1.489551,0.096600,0,ns,0.344980,0.125400,0,-1.345488,0.125400,0,ns,0.099895,0.105200,0,-1.180877,0.105200,0
TN145651,Djedaida,Manubah,North East,7,0,0,95.2446,3.5100,1.2454,ns,0.046817,0.726800,0,0.339130,0.726800,0,ns,0.028904,0.791300,0,-0.258964,0.791300,0,ns,0.066353,0.590100,0,-0.429115,0.590100,0
TN145652,Djedaida Hached,Manubah,North East,5,0,0,95.2446,3.5100,1.2454,ns,-0.051411,0.392000,0,0.814404,0.392000,0,ns,-0.097213,0.396600,0,-0.798217,0.396600,0,ns,0.073259,0.557000,0,-0.456906,0.557000,0
TN145653,Chaouat,Manubah,North East,7,0,0,95.2446,3.5100,1.2454,ns,0.127340,0.511500,0,0.632704,0.511500,0,ns,0.077132,0.632900,0,-0.462150,0.632900,0,ns,0.185465,0.269100,0,-0.853073,0.269100,0
TN145654,El Mansoura,Manubah,North East,6,0,0,95.2446,3.5100,1.2454,ns,0.179708,0.260300,0,1.059218,0.260300,0,ns,0.156391,0.349600,0,-0.880645,0.349600,0,ns,0.066001,0.149100,0,-1.131061,0.149100,0
TN145655,Ez-Zahra,Manubah,North East,5,0,0,95.2446,3.5100,1.2454,ns,0.113942,0.557800,0,0.549286,0.557800,0,ns,0.094633,0.625400,0,-0.456465,0.625400,0,ns,0.059110,0.452400,0,-0.591341,0.452400,0
TN145656,El Habibia,Manubah,North East,11,0,0,95.2446,3.5100,1.2454,ns,0.023787,0.705100,0,0.375037,0.705100,0,ns,0.003055,0.878700,0,-0.149466,0.878600,0,ns,0.156227,0.248800,0,-0.921060,0.248800,0
TN145751,Tebourba,Manubah,North East,5,0,0,95.2446,3.5100,1.2454,ns,-0.075888,0.302200,0,0.973328,0.302200,0,ns,-0.049260,0.372800,0,-0.848723,0.372800,0,ns,-0.092551,0.247700,0,-0.926106,0.247700,0
TN145752,El Ansarine,Manubah,North East,5,0,0,95.2446,3.5100,1.2454,ns,0.733877,0.074900,0,1.657072,0.074900,0,ns,0.682446,0.083800,0,-1.583235,0.083800,0,ns,0.281366,0.151300,0,-1.049467,0.151300,0
TN145753,Edkhila,Manubah,North East,6,0,0,95.2446,3.5100,1.2454,ns,0.526292,0.045600,0,1.952360,0.045600,0,ns,0.422987,0.048800,0,-1.881298,0.048800,0,ns,0.341388,0.112600,0,-1.196962,0.112600,0
TN145754,El Mellaha,Manubah,North East,7,0,0,95.2446,3.5100,1.2454,ns,0.499141,0.044100,0,1.981534,0.044100,0,ns,0.522163,0.056800,0,-1.814984,0.056800,0,ns,0.014087,0.055800,0,-1.509790,0.055800,0
TN145755,Banlieue De Tebourba,Manubah,North East,4,0,0,95.2446,3.5100,1.2454,ns,0.198711,0.540800,0,0.571907,0.540800,0,ns,0.152472,0.592800,0,-0.505143,0.592800,0,ns,0.162584,0.516700,0,-0.503541,0.516700,0
TN145756,Er-Raja,Manubah,North East,5,0,0,95.2446,3.5100,1.2454,ns,0.062497,0.499800,0,0.639894,0.499800,0,ns,0.038095,0.588100,0,-0.507882,0.588100,0,ns,0.091627,0.329900,0,-0.751961,0.329900,0
TN145757,Ech-Chouigui,Manubah,North East,10,0,0,95.2446,3.5100,1.2454,ns,0.343466,0.094800,0,1.608788,0.094800,0,ns,0.276549,0.132400,0,-1.430702,0.132400,0,ns,0.238952,0.086300,0,-1.378650,0.086300,0
TN145851,El Battane,Manubah,North East,7,0,0,95.2446,3.5100,1.2454,ns,0.223666,0.133600,0,1.399689,0.133600,0,ns,0.175107,0.151100,0,-1.320887,0.151100,0,ns,0.162307,0.223500,0,-0.996072,0.223600,0
TN145852,Borj Ettoumi,Manubah,North East,9,0,0,95.2446,3.5100,1.2454,ns,0.638146,0.029700,0,2.231738,0.029700,0,ns,0.530636,0.033500,0,-2.157645,0.033500,0,ns,0.371431,0.096000,0,-1.345723,0.096000,0
TN145853,Mehrine,Manubah,North East,7,0,0,95.2446,3.5100,1.2454,ns,0.496900,0.094900,0,1.549592,0.094900,0,ns,0.395383,0.102000,0,-1.496704,0.102000,0,ns,0.327850,0.218400,0,-0.949823,0.218400,0
TN145854,El Aroussia,Manubah,North East,5,0,0,95.2446,3.5100,1.2454,ns,0.594850,0.064000,0,1.704909,0.064000,0,ns,0.540390,0.087400,0,-1.508556,0.087400,0,ns,0.223067,0.060700,0,-1.523376,0.060700,0
TN155151,El Asouak,Nabeul,North East,4,0,0,95.2446,3.5100,1.2454,ns,-0.071320,0.059500,0,-1.714546,0.059500,0,ns,-0.149239,0.059400,0,1.713384,0.059400,0,ns,0.110155,0.248200,0,0.904114,0.248200,0
TN155152,Ennour,Nabeul,North East,7,0,0,95.2446,3.5100,1.2454,ns,-0.031301,0.552500,0,-0.574959,0.552500,0,ns,-0.017689,0.542800,0,0.588999,0.542800,0,ns,-0.026982,0.759300,0,0.249065,0.759300,0
TN155153,Bir Challouf,Nabeul,North East,5,0,0,95.2446,3.5100,1.2454,ns,0.041388,0.814600,0,-0.231065,0.814600,0,ns,0.045047,0.774100,0,0.275753,0.774100,0,ns,-0.001668,0.970400,0,-0.030366,0.970400,0
TN155154,Niapolis,Nabeul,North East,5,0,0,95.2446,3.5100,1.2454,ns,0.802485,0.235600,0,-1.097414,0.235600,0,ns,0.773747,0.241100,0,1.068222,0.241100,0,ns,0.255417,0.425600,0,0.653232,0.425600,0
TN155155,El Hadayek,Nabeul,North East,4,0,0,95.2446,3.5100,1.2454,ns,0.966417,0.158000,0,-1.263465,0.158000,0,ns,0.959094,0.142000,0,1.269991,0.142000,0,ns,0.259472,0.406600,0,0.610421,0.406600,0
TN155156,Hedi Chaker,Nabeul,North East,7,0,0,95.2446,3.5100,1.2454,ns,0.307609,0.370700,0,0.858795,0.370700,0,ns,0.259333,0.414700,0,-0.774805,0.414700,0,ns,0.181312,0.390500,0,-0.709847,0.390500,0
TN155251,Dar Chaabane,Nabeul,North East,4,0,0,95.2446,3.5100,1.2454,ns,0.008638,0.625700,0,-0.474184,0.625700,0,ns,0.025343,0.556800,0,0.561623,0.556800,0,ns,0.003627,0.957500,0,-0.043558,0.957500,0
TN155252,El Fehri,Nabeul,North East,4,0,0,95.2446,3.5100,1.2454,ns,0.526504,0.287400,0,-0.975315,0.287400,0,ns,0.605987,0.228000,0,1.077065,0.228000,0,ns,0.036335,0.814700,0,0.183687,0.814700,0
TN155253,El Frinine,Nabeul,North East,8,0,0,95.2446,3.5100,1.2454,ns,0.428835,0.081700,0,1.663624,0.081700,0,ns,0.423832,0.108400,0,-1.494134,0.108400,0,ns,0.062814,0.080100,0,-1.390715,0.080100,0
TN155254,Amroun,Nabeul,North East,6,0,0,95.2446,3.5100,1.2454,ns,0.166002,0.396000,0,0.804684,0.396000,0,ns,0.145852,0.469900,0,-0.684677,0.469900,0,ns,0.065866,0.310000,0,-0.776923,0.310000,0
TN155351,Beni Khiar,Nabeul,North East,8,0,0,95.2446,3.5100,1.2454,ns,-0.060625,0.731300,0,0.332993,0.731300,0,ns,-0.046917,0.807800,0,-0.230955,0.807800,0,ns,-0.004612,0.523500,0,-0.506856,0.523500,0
TN155352,Diar Ben Salem,Nabeul,North East,4,0,0,95.2446,3.5100,1.2454,ns,-0.534854,0.261800,0,-1.020514,0.261800,0,ns,-0.512919,0.203000,0,1.122066,0.203000,0,ns,-0.096785,0.806100,0,0.183445,0.806100,0
TN155353,El Maamoura,Nabeul,North East,3,0,0,95.2446,3.5100,1.2454,ns,0.027609,0.969300,0,-0.040455,0.969300,0,ns,0.124989,0.834500,0,0.208333,0.834500,0,ns,-0.121585,0.502700,0,-0.520031,0.502700,0
TN155354,Somaa,Nabeul,North East,7,0,0,95.2446,3.5100,1.2454,ns,0.007554,0.383400,0,0.838662,0.383400,0,ns,0.002876,0.496900,0,-0.651392,0.496900,0,ns,0.019843,0.188800,0,-1.014453,0.188800,0
TN155355,Halfa,Nabeul,North East,6,0,0,95.2446,3.5100,1.2454,ns,0.292071,0.299700,0,0.979209,0.299700,0,ns,0.230711,0.331600,0,-0.910787,0.331600,0,ns,0.211305,0.361700,0,-0.710926,0.361700,0
TN155451,Beni Ayache,Nabeul,North East,7,0,0,95.2446,3.5100,1.2454,ns,0.444652,0.036600,0,2.165903,0.036600,0,ns,0.440126,0.040600,0,-2.046678,0.040600,0,ns,0.108622,0.065700,0,-1.465995,0.065700,0
TN155452,Garaet Sassi,Nabeul,North East,5,0,0,95.2446,3.5100,1.2454,ns,0.250300,0.183400,0,1.210485,0.183400,0,ns,0.291373,0.165200,0,-1.240908,0.165200,0,ns,0.006195,0.498100,0,-0.520084,0.498100,0
TN155453,Diar El Hojaj,Nabeul,North East,4,0,0,95.2446,3.5100,1.2454,ns,0.364510,0.316700,0,0.924313,0.316700,0,ns,0.374025,0.308200,0,-0.925086,0.308200,0,ns,0.078430,0.566900,0,-0.453365,0.566900,0
TN155454,Korba Est,Nabeul,North East,4,0,0,95.2446,3.5100,1.2454,ns,-0.129502,0.278700,0,1.000469,0.278700,0,ns,-0.114341,0.248600,0,-1.040846,0.248600,0,ns,-0.048121,0.640900,0,-0.371910,0.640900,0
TN155455,Korba Ouest,Nabeul,North East,4,0,0,95.2446,3.5100,1.2454,ns,-0.000319,0.999200,0,-0.001269,0.999200,0,ns,0.000930,0.978300,0,0.028171,0.978300,0,ns,-0.001276,0.918700,0,-0.083594,0.918700,0
TN155456,Tazerka,Nabeul,North East,4,0,0,95.2446,3.5100,1.2454,ns,0.003691,0.990800,0,-0.012136,0.990800,0,ns,0.032991,0.920400,0,0.098343,0.920400,0,ns,-0.003527,0.738200,0,-0.265972,0.738100,0
TN155457,Bou-Jerida,Nabeul,North East,5,0,0,95.2446,3.5100,1.2454,ns,0.495414,0.136000,0,1.342749,0.136000,0,ns,0.412824,0.152400,0,-1.273976,0.152400,0,ns,0.299505,0.229300,0,-0.871495,0.229300,0
TN155458,Boulidine,Nabeul,North East,6,0,0,95.2446,3.5100,1.2454,ns,0.206788,0.525400,0,0.601797,0.525400,0,ns,0.210415,0.519400,0,-0.606503,0.519400,0,ns,0.047245,0.713100,0,-0.291475,0.713100,0
TN155551,El Ouediane,Nabeul,North East,8,0,0,95.2446,3.5100,1.2454,ns,0.561058,0.059300,0,1.811083,0.059300,0,ns,0.459904,0.065000,0,-1.724282,0.065000,0,ns,0.355371,0.123300,0,-1.197465,0.123300,0
TN155552,Erainine,Nabeul,North East,7,0,0,95.2446,3.5100,1.2454,ns,0.555557,0.043100,0,1.983873,0.043100,0,ns,0.504698,0.054700,0,-1.816288,0.054700,0,ns,0.230057,0.056500,0,-1.554408,0.056500,0
TN155553,Beni-Abdelaziz,Nabeul,North East,5,0,0,95.2446,3.5100,1.2454,ns,0.403291,0.100700,0,1.500300,0.100700,0,ns,0.321921,0.114800,0,-1.412044,0.114800,0,ns,0.278912,0.175200,0,-1.040689,0.175200,0
TN155554,Skalba,Nabeul,North East,8,0,0,95.2446,3.5100,1.2454,ns,0.264413,0.097300,0,1.573742,0.097300,0,ns,0.224841,0.123600,0,-1.450543,0.123600,0,ns,0.151268,0.136200,0,-1.200894,0.136200,0
TN155555,Ali Belhaouene,Nabeul,North East,6,0,0,95.2446,3.5100,1.2454,ns,0.053875,0.273100,0,1.035101,0.273100,0,ns,0.046583,0.320500,0,-0.926252,0.320500,0,ns,0.027991,0.267600,0,-0.881587,0.267600,0
TN155556,Taieb Mehiri,Nabeul,North East,4,0,0,95.2446,3.5100,1.2454,ns,0.044435,0.604300,0,0.488996,0.604300,0,ns,0.041678,0.664400,0,-0.408708,0.664400,0,ns,0.006740,0.516000,0,-0.502128,0.516000,0
TN155557,Menzel Horr,Nabeul,North East,5,0,0,95.2446,3.5100,1.2454,ns,0.121294,0.258900,0,1.050207,0.258900,0,ns,0.095318,0.259000,0,-1.047803,0.259000,0,ns,0.075263,0.473500,0,-0.548358,0.473500,0
TN155558,El Asfour,Nabeul,North East,5,0,0,95.2446,3.5100,1.2454,ns,0.496083,0.217900,0,1.135132,0.217900,0,ns,0.424807,0.271500,0,-1.004850,0.271500,0,ns,0.265907,0.193400,0,-0.987798,0.193400,0
TN155559,Lezdine,Nabeul,North East,4,0,0,95.2446,3.5100,1.2454,ns,0.446760,0.102300,0,1.438042,0.102300,0,ns,0.377030,0.123300,0,-1.331837,0.123300,0,ns,0.263074,0.145000,0,-1.075425,0.145000,0
TN155651,Tafelloum,Nabeul,North East,4,0,0,95.2446,3.5100,1.2454,ns,0.528364,0.152000,0,1.284876,0.152000,0,ns,0.470275,0.162500,0,-1.239745,0.162500,0,ns,0.247514,0.293200,0,-0.819462,0.293200,0
TN155652,El Mida,Nabeul,North East,7,0,0,95.2446,3.5100,1.2454,ns,0.261555,0.033700,0,2.162638,0.033700,0,ns,0.157041,0.039000,0,-2.072090,0.039000,0,ns,0.288072,0.081500,0,-1.409429,0.081500,0
TN155653,Fartouna,Nabeul,North East,5,0,0,95.2446,3.5100,1.2454,ns,0.438312,0.069100,0,1.684070,0.069100,0,ns,0.424815,0.082900,0,-1.563831,0.082900,0,ns,0.118855,0.104500,0,-1.236123,0.104500,0
TN155654,Oum Dhouil,Nabeul,North East,6,0,0,95.2446,3.5100,1.2454,ns,0.680858,0.065400,0,1.728871,0.065400,0,ns,0.597191,0.076000,0,-1.623013,0.076000,0,ns,0.342872,0.129600,0,-1.263677,0.129600,0
TN155655,Lebna,Nabeul,North East,4,0,0,95.2446,3.5100,1.2454,ns,0.364584,0.183400,0,1.189780,0.183400,0,ns,0.344230,0.238900,0,-1.049793,0.238900,0,ns,0.094638,0.162500,0,-1.067975,0.162500,0
TN155656,Korchine,Nabeul,North East,6,0,0,95.2446,3.5100,1.2454,ns,0.545696,0.086000,0,1.588643,0.086000,0,ns,0.506646,0.091600,0,-1.537026,0.091600,0,ns,0.211973,0.198500,0,-0.977447,0.198500,0
TN155751,Oued El Khatf,Nabeul,North East,7,0,0,95.2446,3.5100,1.2454,ns,0.349866,0.300800,0,0.974661,0.300800,0,ns,0.282861,0.373500,0,-0.831156,0.373500,0,ns,0.231347,0.218900,0,-0.966297,0.218900,0
TN155752,Melloul,Nabeul,North East,6,0,0,95.2446,3.5100,1.2454,ns,0.715242,0.074000,0,1.684920,0.074000,0,ns,0.608265,0.088300,0,-1.575847,0.088300,0,ns,0.406874,0.130100,0,-1.207849,0.130100,0
TN155753,Azmour,Nabeul,North East,6,0,0,95.2446,3.5100,1.2454,ns,0.255382,0.059400,0,1.786840,0.059400,0,ns,0.242497,0.064000,0,-1.721250,0.064000,0,ns,0.087781,0.148200,0,-1.122168,0.148200,0
TN155754,Kelibia Est,Nabeul,North East,3,0,0,95.2446,3.5100,1.2454,ns,-0.025495,0.370100,0,0.834287,0.370100,0,ns,-0.059786,0.418100,0,-0.750425,0.418100,0,ns,0.098713,0.355000,0,-0.717309,0.355000,0
TN155755,Kelibia Ouest,Nabeul,North East,4,0,0,95.2446,3.5100,1.2454,ns,0.032128,0.529700,0,0.589671,0.529700,0,ns,0.013913,0.569700,0,-0.527273,0.569700,0,ns,0.057684,0.514100,0,-0.498195,0.514100,0
TN155851,Hammam El Guezaz,Nabeul,North East,5,0,0,95.2446,3.5100,1.2454,ns,0.231171,0.170800,0,1.256474,0.170800,0,ns,0.189597,0.206700,0,-1.147167,0.206700,0,ns,0.151389,0.189700,0,-0.991359,0.189700,0
TN155852,Dar Allouch,Nabeul,North East,6,0,0,95.2446,3.5100,1.2454,ns,0.401567,0.104400,0,1.516102,0.104400,0,ns,0.396462,0.128800,0,-1.382775,0.128800,0,ns,0.077943,0.126700,0,-1.136652,0.126700,0
TN155853,Harat Ech-Choara,Nabeul,North East,4,0,0,95.2446,3.5100,1.2454,ns,0.419599,0.163000,0,1.251032,0.163000,0,ns,0.413846,0.163900,0,-1.219903,0.163900,0,ns,0.115932,0.339300,0,-0.710461,0.339300,0
TN155854,Ouezdra,Nabeul,North East,2,0,0,95.2446,3.5100,1.2454,ns,0.481257,0.411000,0,0.757965,0.411000,0,ns,0.397379,0.389600,0,-0.770379,0.389600,0,ns,0.247891,0.647500,0,-0.357934,0.647500,0
TN155951,El Haouaria Nord,Nabeul,North East,2,0,0,95.2446,3.5100,1.2454,ns,0.345241,0.198800,0,1.054597,0.198800,0,ns,0.308548,0.187800,0,-1.045869,0.187800,0,ns,0.151229,0.450400,0,-0.588250,0.450400,0
TN155952,El Haouaria Sud,Nabeul,North East,4,0,0,95.2446,3.5100,1.2454,ns,0.505661,0.173700,0,1.207454,0.173700,0,ns,0.462291,0.172300,0,-1.198025,0.172300,0,ns,0.204853,0.409500,0,-0.649637,0.409500,0
TN155954,Saheb El Jebel Sud,Nabeul,North East,5,0,0,95.2446,3.5100,1.2454,ns,0.449994,0.067200,0,1.687972,0.067200,0,ns,0.396567,0.077700,0,-1.579745,0.077700,0,ns,0.222357,0.120700,0,-1.261136,0.120700,0
TN155955,Bou Krim,Nabeul,North East,5,0,0,95.2446,3.5100,1.2454,ns,0.641179,0.065600,0,1.688506,0.065600,0,ns,0.562969,0.073900,0,-1.604463,0.073900,0,ns,0.320846,0.133600,0,-1.140559,0.133600,0
TN155956,Tazaghrane Est,Nabeul,North East,4,0,0,95.2446,3.5100,1.2454,ns,0.643061,0.108300,0,1.452237,0.108300,0,ns,0.584621,0.118200,0,-1.387649,0.118200,0,ns,0.276448,0.203200,0,-0.985700,0.203200,0
TN155957,Tazaghrane Ouest,Nabeul,North East,6,0,0,95.2446,3.5100,1.2454,ns,0.570001,0.064100,0,1.738314,0.064100,0,ns,0.494263,0.077600,0,-1.623333,0.077600,0,ns,0.301515,0.101600,0,-1.274729,0.101600,0
TN155958,Zaouiet El Megaiez,Nabeul,North East,3,0,0,95.2446,3.5100,1.2454,ns,0.438374,0.089900,0,1.438944,0.089900,0,ns,0.401211,0.103100,0,-1.349497,0.103100,0,ns,0.180489,0.151500,0,-1.007528,0.151500,0
TN156051,Oued El Abid,Nabeul,North East,4,0,0,95.2446,3.5100,1.2454,ns,0.442177,0.152800,0,1.265503,0.152800,0,ns,0.385139,0.162300,0,-1.213861,0.162300,0,ns,0.226958,0.271900,0,-0.843721,0.271900,0
TN156052,Bir Ezzit,Nabeul,North East,7,0,0,95.2446,3.5100,1.2454,ns,0.426481,0.079400,0,1.663326,0.079400,0,ns,0.449489,0.089400,0,-1.583790,0.089400,0,ns,0.048161,0.164900,0,-1.096994,0.164900,0
TN156053,El Arima,Nabeul,North East,7,0,0,95.2446,3.5100,1.2454,ns,0.472735,0.053300,0,1.862018,0.053300,0,ns,0.468986,0.058100,0,-1.790355,0.058100,0,ns,0.120688,0.129900,0,-1.197128,0.129900,0
TN156054,Takelsa Nord,Nabeul,North East,4,0,0,95.2446,3.5100,1.2454,ns,0.130552,0.189600,0,1.171249,0.189600,0,ns,0.122028,0.186800,0,-1.160280,0.186800,0,ns,0.048446,0.403100,0,-0.628171,0.403100,0
TN156055,Takelsa Centre,Nabeul,North East,4,0,0,95.2446,3.5100,1.2454,ns,0.231588,0.234500,0,1.070514,0.234500,0,ns,0.224667,0.211300,0,-1.099740,0.211300,0,ns,0.065997,0.578600,0,-0.452094,0.578600,0
TN156151,El Mraissa,Nabeul,North East,7,0,0,95.2446,3.5100,1.2454,ns,0.215065,0.290800,0,1.013881,0.290800,0,ns,0.198944,0.306000,0,-0.973763,0.306000,0,ns,0.084984,0.409800,0,-0.648993,0.409800,0
TN156152,Ech-Cherifet,Nabeul,North East,5,0,0,95.2446,3.5100,1.2454,ns,0.177668,0.598600,0,0.516904,0.598600,0,ns,0.182580,0.587700,0,-0.537425,0.587700,0,ns,0.037255,0.807000,0,-0.199965,0.807000,0
TN156153,Bou Charray,Nabeul,North East,9,0,0,95.2446,3.5100,1.2454,ns,0.181540,0.256200,0,1.070079,0.256200,0,ns,0.185910,0.293500,0,-0.985399,0.293500,0,ns,0.018768,0.304600,0,-0.815372,0.304600,0
TN156154,Soliman,Nabeul,North East,5,0,3,85.6263,11.8057,2.5680,ns,-0.224059,0.486000,0,0.657928,0.486000,0,ns,-0.214752,0.516000,0,-0.614962,0.516000,0,ns,-0.067180,0.548400,0,-0.478364,0.548400,0
TN156155,Soliman Sud,Nabeul,North East,4,0,0,95.2446,3.5100,1.2454,ns,0.115003,0.601600,0,0.502651,0.601600,0,ns,0.115251,0.624200,0,-0.469028,0.624200,0,ns,0.022325,0.644900,0,-0.370357,0.644800,0
TN156251,Damous El Hajja,Nabeul,North East,5,0,0,95.2446,3.5100,1.2454,ns,0.706753,0.063800,0,1.758795,0.063800,0,ns,0.675873,0.061400,0,-1.731652,0.061400,0,ns,0.235032,0.203900,0,-0.937521,0.203900,0
TN156252,Errahma,Nabeul,North East,6,0,0,95.2446,3.5100,1.2454,ns,0.787242,0.039400,0,2.031161,0.039400,0,ns,0.672952,0.042300,0,-1.956627,0.042300,0,ns,0.427328,0.102600,0,-1.268338,0.102600,0
TN156253,Menzel Bou Zelfa Nord,Nabeul,North East,7,0,0,95.2446,3.5100,1.2454,ns,0.488264,0.157300,0,1.326338,0.157300,0,ns,0.418454,0.191800,0,-1.215192,0.191800,0,ns,0.270351,0.184900,0,-1.015433,0.184900,0
TN156254,Menzel Bou Zelfa Sud,Nabeul,North East,5,0,0,95.2446,3.5100,1.2454,ns,0.002183,0.239800,0,1.070403,0.239800,0,ns,-0.016406,0.262300,0,-1.013704,0.262300,0,ns,0.043978,0.344700,0,-0.738544,0.344800,0
TN156255,Menzel Bou Zelfa Ouest,Nabeul,North East,6,0,0,95.2446,3.5100,1.2454,ns,0.229721,0.124800,0,1.433542,0.124800,0,ns,0.217624,0.122800,0,-1.416134,0.122800,0,ns,0.079947,0.312700,0,-0.765306,0.312700,0
TN156351,Beni Khalled Nord,Nabeul,North East,5,0,0,95.2446,3.5100,1.2454,ns,0.166656,0.428600,0,0.746002,0.428600,0,ns,0.143423,0.436600,0,-0.730644,0.436600,0,ns,0.087114,0.572600,0,-0.434469,0.572600,0
TN156352,Beni Khalled Sud (Toumi),Nabeul,North East,10,0,0,95.2446,3.5100,1.2454,ns,0.345358,0.126400,0,1.454611,0.126400,0,ns,0.322386,0.171000,0,-1.278661,0.171000,0,ns,0.096915,0.109200,0,-1.305055,0.109200,0
TN156353,Zaouiet Djedidi,Nabeul,North East,2,0,0,95.2446,3.5100,1.2454,ns,0.222794,0.326000,0,0.871447,0.326000,0,ns,0.188600,0.313500,0,-0.867326,0.313500,0,ns,0.116494,0.541900,0,-0.453454,0.542000,0
TN156354,Kobba El Kebira,Nabeul,North East,4,0,0,95.2446,3.5100,1.2454,ns,0.578500,0.150000,0,1.283262,0.150000,0,ns,0.447341,0.186900,0,-1.158517,0.186900,0,ns,0.455807,0.167700,0,-1.094251,0.167700,0
TN156355,Bir Drassen,Nabeul,North East,8,0,0,95.2446,3.5100,1.2454,ns,0.607840,0.044800,0,1.951488,0.044800,0,ns,0.527529,0.052200,0,-1.848729,0.052200,0,ns,0.318567,0.094000,0,-1.318300,0.094000,0
TN156356,Bni Khaled Echarkya,Nabeul,North East,5,0,0,95.2446,3.5100,1.2454,ns,0.035903,0.123500,0,1.392384,0.123500,0,ns,-0.001163,0.141200,0,-1.301419,0.141200,0,ns,0.096638,0.197800,0,-0.957556,0.197800,0
TN156451,Fondouk Djedid,Nabeul,North East,6,0,0,95.2446,3.5100,1.2454,ns,0.020614,0.904800,0,0.113147,0.904800,0,ns,0.019395,0.893500,0,-0.130524,0.893500,0,ns,-0.002088,0.998800,0,-0.001258,0.998800,0
TN156452,Chammes,Nabeul,North East,5,0,0,95.2446,3.5100,1.2454,ns,0.077365,0.647100,0,0.442970,0.647100,0,ns,0.060268,0.701200,0,-0.368656,0.701200,0,ns,0.056943,0.554200,0,-0.459613,0.554200,0
TN156453,Nianou,Nabeul,North East,5,0,0,95.2446,3.5100,1.2454,ns,0.127485,0.388400,0,0.815699,0.388400,0,ns,0.091002,0.477700,0,-0.678085,0.477700,0,ns,0.128249,0.266500,0,-0.839667,0.266500,0
TN156454,Turki,Nabeul,North East,7,0,0,95.2446,3.5100,1.2454,ns,0.031739,0.476100,0,0.684200,0.476100,0,ns,0.018727,0.521100,0,-0.614399,0.521100,0,ns,0.042580,0.466500,0,-0.567509,0.466500,0
TN156455,Khanguet El Hojjej,Nabeul,North East,9,0,0,95.2446,3.5100,1.2454,ns,0.172743,0.227500,0,1.163269,0.227500,0,ns,0.158031,0.278700,0,-1.031760,0.278700,0,ns,0.061611,0.213400,0,-1.019266,0.213400,0
TN156456,Grombalia Est,Nabeul,North East,6,0,0,95.2446,3.5100,1.2454,ns,-0.198105,0.334500,0,0.906998,0.334500,0,ns,-0.230412,0.349900,0,-0.885937,0.349900,0,ns,0.012120,0.505100,0,-0.536731,0.505100,0
TN156457,Grombalia Ouest,Nabeul,North East,5,0,0,95.2446,3.5100,1.2454,ns,0.021584,0.518500,0,0.619270,0.518500,0,ns,0.009386,0.575300,0,-0.541033,0.575300,0,ns,0.041674,0.476000,0,-0.570441,0.476000,0
TN156458,Djebel Terif,Nabeul,North East,7,0,0,95.2446,3.5100,1.2454,ns,0.614661,0.095000,0,1.564645,0.095000,0,ns,0.506248,0.116800,0,-1.454070,0.116800,0,ns,0.391628,0.145200,0,-1.107235,0.145200,0
TN156459,Ain Tebournouk,Nabeul,North East,7,0,0,95.2446,3.5100,1.2454,ns,0.454051,0.174700,0,1.265896,0.174700,0,ns,0.416537,0.200500,0,-1.183779,0.200500,0,ns,0.184045,0.256200,0,-0.898035,0.256200,0
TN156551,Sidi Dhaher,Nabeul,North East,4,0,0,95.2446,3.5100,1.2454,ns,0.004143,0.456200,0,0.705272,0.456200,0,ns,0.040794,0.535300,0,-0.583615,0.535300,0,ns,-0.151558,0.327600,0,-0.727195,0.327600,0
TN156552,El Machrouha,Nabeul,North East,5,0,0,95.2446,3.5100,1.2454,ns,0.174116,0.214200,0,1.152918,0.214200,0,ns,0.116071,0.239300,0,-1.074843,0.239300,0,ns,0.180374,0.277600,0,-0.842086,0.277600,0
TN156553,Borj Hefaied,Nabeul,North East,6,0,0,95.2446,3.5100,1.2454,ns,0.387429,0.164900,0,1.289446,0.164900,0,ns,0.277050,0.243700,0,-1.078145,0.243700,0,ns,0.388907,0.088000,0,-1.346675,0.088000,0
TN156554,Bou Argoub Nord,Nabeul,North East,6,0,0,95.2446,3.5100,1.2454,ns,0.162561,0.229200,0,1.117534,0.229200,0,ns,0.146609,0.237800,0,-1.092390,0.237800,0,ns,0.071109,0.407200,0,-0.629952,0.407200,0
TN156555,Bou Argoub Sud,Nabeul,North East,5,0,0,95.2446,3.5100,1.2454,ns,0.409069,0.270500,0,1.021141,0.270500,0,ns,0.322163,0.327600,0,-0.901148,0.327600,0,ns,0.308193,0.240500,0,-0.921070,0.240500,0
TN156556,Belli,Nabeul,North East,9,0,0,95.2446,3.5100,1.2454,ns,0.324534,0.076000,0,1.682138,0.076000,0,ns,0.257398,0.100500,0,-1.530249,0.100500,0,ns,0.237010,0.097100,0,-1.339026,0.097100,0
TN156557,El Kharrouba,Nabeul,North East,4,0,0,95.2446,3.5100,1.2454,ns,0.649244,0.092400,0,1.486184,0.092400,0,ns,0.519065,0.095900,0,-1.437793,0.095900,0,ns,0.420093,0.223700,0,-0.912128,0.223700,0
TN156651,Sidi Djedidi,Nabeul,North East,7,0,0,95.2446,3.5100,1.2454,ns,0.354478,0.180400,0,1.265380,0.180400,0,ns,0.279986,0.213900,0,-1.155643,0.213900,0,ns,0.260216,0.210600,0,-0.957496,0.210600,0
TN156652,Latrach,Nabeul,North East,7,0,0,95.2446,3.5100,1.2454,ns,0.275882,0.070600,0,1.716488,0.070600,0,ns,0.281142,0.096900,0,-1.530283,0.096900,0,ns,0.009592,0.066500,0,-1.453901,0.066500,0
TN156653,Bir Bou Regba,Nabeul,North East,7,0,0,95.2446,3.5100,1.2454,ns,0.127120,0.413300,0,0.794351,0.413300,0,ns,0.079038,0.513900,0,-0.632856,0.513900,0,ns,0.178825,0.235400,0,-0.946426,0.235400,0
TN156654,Baraket Es-Sahel,Nabeul,North East,6,0,0,95.2446,3.5100,1.2454,ns,0.030120,0.466800,0,0.695358,0.466800,0,ns,0.017094,0.542600,0,-0.575645,0.542600,0,ns,0.048502,0.357100,0,-0.759636,0.357100,0
TN156655,Hammamet Nord,Nabeul,North East,8,0,0,95.2446,3.5100,1.2454,ns,0.008217,0.457400,0,-0.718569,0.457400,0,ns,0.035442,0.386500,0,0.824716,0.386500,0,ns,-0.001827,0.980900,0,0.016165,0.980900,0
TN156656,Hammamet Est,Nabeul,North East,2,0,0,95.2446,3.5100,1.2454,ns,0.333341,0.526700,0,-0.612229,0.526700,0,ns,0.413691,0.436400,0,0.717639,0.436400,0,ns,-0.008429,0.972400,0,-0.027998,0.972400,0
TN156657,Hammamet Ouest,Nabeul,North East,4,0,0,95.2446,3.5100,1.2454,ns,0.058462,0.868100,0,-0.161970,0.868100,0,ns,0.118120,0.766400,0,0.292670,0.766400,0,ns,-0.033605,0.681500,0,-0.323297,0.681500,0
TN156658,Mrezga,Nabeul,North East,2,0,0,95.2446,3.5100,1.2454,ns,0.451624,0.138200,0,-1.210948,0.138200,0,ns,0.468196,0.111400,0,1.251323,0.111400,0,ns,0.089527,0.532900,0,0.482851,0.532900,0
TN156659,Yasmin Hammamet,Nabeul,North East,4,0,0,95.2446,3.5100,1.2454,ns,0.090276,0.563300,0,0.540218,0.563300,0,ns,0.064991,0.591200,0,-0.499848,0.591200,0,ns,0.081753,0.605500,0,-0.392040,0.605500,0
TN165151,Zaghouan Ville,Zaghouan,North East,3,0,0,95.2446,3.5100,1.2454,ns,0.150899,0.655100,0,-0.431823,0.655100,0,ns,0.155441,0.618400,0,0.470763,0.618400,0,ns,0.022080,0.907200,0,0.090523,0.907200,0
TN165152,Zaghouan Nord,Zaghouan,North East,4,0,0,95.2446,3.5100,1.2454,ns,-0.028359,0.908300,0,0.103209,0.908300,0,ns,-0.004925,0.975200,0,-0.026801,0.975200,0,ns,-0.012102,0.704300,0,-0.311098,0.704300,0
TN165153,Zaghouan Sud,Zaghouan,North East,6,0,0,95.2446,3.5100,1.2454,ns,-0.001437,0.631700,0,0.468447,0.631700,0,ns,-0.025195,0.670100,0,-0.408323,0.670100,0,ns,0.081500,0.586300,0,-0.425290,0.586200,0
TN165154,Bir Halima,Zaghouan,North East,6,0,0,95.2446,3.5100,1.2454,ns,0.437348,0.206400,0,1.185757,0.206400,0,ns,0.380632,0.195500,0,-1.207559,0.195500,0,ns,0.190888,0.506800,0,-0.534785,0.506800,0
TN165155,Mograne,Zaghouan,North East,9,0,0,95.2446,3.5100,1.2454,ns,-0.049019,0.182000,0,1.278082,0.182000,0,ns,0.010185,0.313700,0,-0.963160,0.313700,0,ns,-0.292866,0.046300,0,-1.665665,0.046300,0
TN165156,Jimla,Zaghouan,North East,8,0,0,95.2446,3.5100,1.2454,ns,0.214623,0.504800,0,0.649573,0.504800,0,ns,0.115146,0.651800,0,-0.439865,0.651800,0,ns,0.390388,0.204800,0,-1.004915,0.204800,0
TN165157,El Aitha,Zaghouan,North East,5,0,0,95.2446,3.5100,1.2454,ns,0.369478,0.216500,0,1.150761,0.216500,0,ns,0.281140,0.335400,0,-0.903738,0.335400,0,ns,0.270393,0.074000,0,-1.365840,0.074000,0
TN165158,Oued Erremel,Zaghouan,North East,6,0,0,95.2446,3.5100,1.2454,ns,0.308835,0.136300,0,1.382368,0.136300,0,ns,0.207649,0.190600,0,-1.207744,0.190600,0,ns,0.352568,0.096400,0,-1.242471,0.096400,0
TN165159,Oued Ezzit,Zaghouan,North East,7,0,0,95.2446,3.5100,1.2454,ns,0.379106,0.103800,0,1.519539,0.103800,0,ns,0.316085,0.155000,0,-1.309339,0.155000,0,ns,0.221249,0.068800,0,-1.449471,0.068800,0
TN165251,El Jouf Est,Zaghouan,North East,8,0,0,95.2446,3.5100,1.2454,ns,0.369018,0.192400,0,1.235215,0.192400,0,ns,0.307092,0.249800,0,-1.080196,0.249800,0,ns,0.222216,0.152700,0,-1.110051,0.152700,0
TN165252,El Jouf Ouest,Zaghouan,North East,6,0,0,95.2446,3.5100,1.2454,ns,0.624989,0.049700,0,1.895019,0.049700,0,ns,0.564175,0.062100,0,-1.763231,0.062100,0,ns,0.274544,0.081500,0,-1.405541,0.081500,0
TN165253,Ez-Zeriba Hammam Sud,Zaghouan,North East,5,0,0,95.2446,3.5100,1.2454,ns,0.110049,0.102300,0,1.501810,0.102300,0,ns,0.036121,0.136300,0,-1.336363,0.136300,0,ns,0.237576,0.098900,0,-1.285584,0.098900,0
TN165254,Ez-Zriba Hammam Nord,Zaghouan,North East,6,0,0,95.2446,3.5100,1.2454,ns,0.165502,0.089200,0,1.576761,0.089200,0,ns,0.127510,0.112200,0,-1.448764,0.112200,0,ns,0.129848,0.117900,0,-1.197721,0.117900,0
TN165255,Ez-Zeriba Village,Zaghouan,North East,4,0,0,95.2446,3.5100,1.2454,ns,0.361489,0.287900,0,0.977115,0.287900,0,ns,0.302844,0.379300,0,-0.820422,0.379300,0,ns,0.189129,0.183100,0,-0.991525,0.183100,0
TN165256,Bou Achir,Zaghouan,North East,8,0,0,95.2446,3.5100,1.2454,ns,0.358473,0.177200,0,1.275464,0.177200,0,ns,0.294981,0.260500,0,-1.059640,0.260500,0,ns,0.200687,0.088800,0,-1.432169,0.088800,0
TN165257,Jeradou,Zaghouan,North East,7,0,0,95.2446,3.5100,1.2454,ns,-0.152452,0.049900,0,1.937275,0.049900,0,ns,-0.307101,0.051100,0,-1.894059,0.051100,0,ns,0.261699,0.145500,0,-1.156440,0.145500,0
TN165258,Ain El Batria,Zaghouan,North East,7,0,0,95.2446,3.5100,1.2454,ns,0.309281,0.218600,0,1.155180,0.218600,0,ns,0.233208,0.227300,0,-1.115807,0.227300,0,ns,0.230749,0.369600,0,-0.731846,0.369600,0
TN165351,Bir M'Chergua,Zaghouan,North East,6,0,0,95.2446,3.5100,1.2454,ns,-0.170754,0.067300,0,1.705683,0.067300,0,ns,-0.247039,0.091700,0,-1.524687,0.091700,0,ns,0.213433,0.069400,0,-1.435756,0.069400,0
TN165352,Bir M'Chergua Gare,Zaghouan,North East,5,0,0,95.2446,3.5100,1.2454,ns,0.312751,0.339200,0,0.904091,0.339200,0,ns,0.203509,0.424600,0,-0.751703,0.424600,0,ns,0.395177,0.215200,0,-0.924207,0.215200,0
TN165353,Daleil El Arous,Zaghouan,North East,6,0,0,95.2446,3.5100,1.2454,ns,0.301297,0.169400,0,1.261755,0.169400,0,ns,0.247660,0.169900,0,-1.241299,0.169900,0,ns,0.174161,0.358300,0,-0.706702,0.358300,0
TN165354,Smenja,Zaghouan,North East,6,0,0,95.2446,3.5100,1.2454,ns,0.239620,0.288200,0,0.989280,0.288200,0,ns,0.164396,0.330000,0,-0.905391,0.330000,0,ns,0.243037,0.336000,0,-0.755501,0.336000,0
TN165355,Jebel Oust,Zaghouan,North East,8,0,0,95.2446,3.5100,1.2454,ns,0.428711,0.097000,0,1.563420,0.097000,0,ns,0.331584,0.128600,0,-1.402744,0.128600,0,ns,0.339622,0.107000,0,-1.296085,0.107000,0
TN165356,Ain Essafsaf,Zaghouan,North East,7,0,0,95.2446,3.5100,1.2454,ns,0.585414,0.090600,0,1.589374,0.090600,0,ns,0.447136,0.153500,0,-1.305817,0.153500,0,ns,0.465691,0.042000,0,-1.735439,0.042000,0
TN165357,Boucha,Zaghouan,North East,6,0,0,95.2446,3.5100,1.2454,ns,0.450102,0.111200,0,1.471940,0.111200,0,ns,0.514259,0.135200,0,-1.348793,0.135200,0,ns,-0.092630,0.146500,0,-1.135011,0.146500,0
TN165358,Ain Asker,Zaghouan,North East,5,0,0,95.2446,3.5100,1.2454,ns,0.267360,0.266900,0,1.034920,0.266900,0,ns,0.275612,0.379000,0,-0.819069,0.379000,0,ns,-0.144208,0.114200,0,-1.196581,0.114300,0
TN165451,Banlieu D'El Fahs,Zaghouan,North East,3,0,0,95.2446,3.5100,1.2454,ns,0.177913,0.374200,0,0.811014,0.374200,0,ns,0.158682,0.341200,0,-0.850853,0.341200,0,ns,0.062589,0.717600,0,-0.295205,0.717600,0
TN165452,Jouguar,Zaghouan,North East,7,0,0,95.2446,3.5100,1.2454,ns,0.328583,0.063700,0,1.769598,0.063700,0,ns,0.287593,0.054500,0,-1.820161,0.054500,0,ns,0.134113,0.352100,0,-0.725547,0.352100,0
TN165453,Bir Magra,Zaghouan,North East,6,0,0,95.2446,3.5100,1.2454,ns,0.379177,0.203700,0,1.193896,0.203700,0,ns,0.281758,0.240000,0,-1.101127,0.240000,0,ns,0.323891,0.246100,0,-0.886187,0.246100,0
TN165454,Oum El Abouab,Zaghouan,North East,9,0,0,95.2446,3.5100,1.2454,ns,0.350813,0.065000,0,1.796051,0.065000,0,ns,0.316973,0.076500,0,-1.700705,0.076500,0,ns,0.155162,0.135100,0,-1.176241,0.135100,0
TN165455,Ouled Ezzouabi,Zaghouan,North East,4,0,0,95.2446,3.5100,1.2454,ns,0.609096,0.118600,0,1.380471,0.118600,0,ns,0.410170,0.169900,0,-1.207874,0.169900,0,ns,0.688006,0.095500,0,-1.238411,0.095500,0
TN165456,El Fahs,Zaghouan,North East,5,0,0,95.2446,3.5100,1.2454,ns,0.182675,0.183500,0,1.206785,0.183500,0,ns,0.158276,0.176900,0,-1.198007,0.176900,0,ns,0.088104,0.403600,0,-0.625336,0.403600,0
TN165457,Ed-Droua,Zaghouan,North East,4,0,0,95.2446,3.5100,1.2454,ns,0.194680,0.213100,0,1.117152,0.213100,0,ns,0.233256,0.212300,0,-1.103523,0.212300,0,ns,-0.018246,0.426500,0,-0.601070,0.426500,0
TN165458,El Ghrifet,Zaghouan,North East,11,0,0,95.2446,3.5100,1.2454,ns,0.366979,0.131500,0,1.472506,0.131500,0,ns,0.290599,0.176800,0,-1.296759,0.176800,0,ns,0.271256,0.111700,0,-1.277112,0.111700,0
TN165459,Bent Saidane,Zaghouan,North East,7,0,0,95.2446,3.5100,1.2454,ns,0.273347,0.155100,0,1.329991,0.155100,0,ns,0.286038,0.127300,0,-1.414245,0.127300,0,ns,0.045070,0.626700,0,-0.392447,0.626700,0
TN165460,El Amiem Nord,Zaghouan,North East,5,0,0,95.2446,3.5100,1.2454,ns,0.412732,0.125600,0,1.377051,0.125600,0,ns,0.352807,0.146900,0,-1.287635,0.146900,0,ns,0.230504,0.199200,0,-1.004336,0.199200,0
TN165461,El Amiem Sud,Zaghouan,North East,6,0,0,95.2446,3.5100,1.2454,ns,0.348666,0.116800,0,1.452408,0.116800,0,ns,0.380360,0.135700,0,-1.363821,0.135700,0,ns,-0.005654,0.183800,0,-1.035722,0.183800,0
TN165462,Oued El Khadhra,Zaghouan,North East,7,0,0,95.2446,3.5100,1.2454,ns,0.140744,0.089900,0,1.589806,0.089900,0,ns,0.220982,0.136100,0,-1.379452,0.136100,0,ns,-0.278631,0.065800,0,-1.479926,0.065800,0
TN165463,Telil Essalhi,Zaghouan,North East,7,0,0,95.2446,3.5100,1.2454,ns,0.368195,0.086000,0,1.616694,0.086000,0,ns,0.305924,0.113500,0,-1.447688,0.113500,0,ns,0.229165,0.091200,0,-1.409359,0.091200,0
TN165551,En Nadhour,Zaghouan,North East,6,0,0,95.2446,3.5100,1.2454,ns,0.056084,0.103000,0,1.519288,0.103000,0,ns,0.034178,0.098200,0,-1.515374,0.098200,0,ns,0.050778,0.319400,0,-0.807876,0.319400,0
TN165552,Ain El Batthoum,Zaghouan,North East,5,0,0,95.2446,3.5100,1.2454,ns,0.241457,0.155700,0,1.289047,0.155700,0,ns,0.206467,0.149700,0,-1.273886,0.149700,0,ns,0.123285,0.375200,0,-0.698909,0.375200,0
TN165553,Saouar,Zaghouan,North East,7,0,0,95.2446,3.5100,1.2454,ns,0.270287,0.146200,0,1.349501,0.146200,0,ns,0.328208,0.161400,0,-1.283553,0.161400,0,ns,-0.067813,0.252500,0,-0.915397,0.252500,0
TN165554,Bir Chaouch,Zaghouan,North East,8,0,0,95.2446,3.5100,1.2454,ns,0.060840,0.114800,0,1.492995,0.114800,0,ns,0.066911,0.138000,0,-1.374902,0.138000,0,ns,-0.004451,0.154400,0,-1.109753,0.154400,0
TN165555,Sougas,Zaghouan,North East,5,0,0,95.2446,3.5100,1.2454,ns,0.393862,0.115300,0,1.444364,0.115300,0,ns,0.341142,0.127100,0,-1.364733,0.127100,0,ns,0.208399,0.196500,0,-1.007639,0.196500,0
TN165651,Saouef Est,Zaghouan,North East,6,0,0,95.2446,3.5100,1.2454,ns,0.413690,0.117000,0,1.456307,0.117000,0,ns,0.372625,0.091000,0,-1.547904,0.091000,0,ns,0.126451,0.577300,0,-0.447372,0.577300,0
TN165652,Saouef Ouest,Zaghouan,North East,7,0,0,95.2446,3.5100,1.2454,ns,0.491360,0.091000,0,1.595279,0.091000,0,ns,0.566951,0.076900,0,-1.636649,0.076900,0,ns,0.020615,0.384500,0,-0.672028,0.384500,0
TN165653,El Hamira,Zaghouan,North East,6,0,0,95.2446,3.5100,1.2454,ns,0.063157,0.051400,0,1.884570,0.051400,0,ns,0.359604,0.068800,0,-1.681800,0.068800,0,ns,-0.893551,0.049400,0,-1.676462,0.049400,0
TN165654,Deghafla Est,Zaghouan,North East,5,0,0,95.2446,3.5100,1.2454,ns,0.489870,0.140200,0,1.348292,0.140200,0,ns,0.448156,0.133000,0,-1.351691,0.133000,0,ns,0.193354,0.380700,0,-0.686994,0.380700,0
TN165655,Deghafla Ouest,Zaghouan,North East,5,0,0,95.2446,3.5100,1.2454,ns,0.326622,0.320500,0,0.914425,0.320500,0,ns,0.336423,0.320700,0,-0.910880,0.320700,0,ns,0.066970,0.542000,0,-0.482935,0.542000,0
TN175151,Hassen Nouri,Bizerte,North East,7,0,0,95.2446,3.5100,1.2454,ns,2.524259,0.002200,0,-3.975686,0.002200,0,ns,2.716372,0.003100,0,3.822586,0.003100,0,ns,0.186208,0.013900,0,2.603641,0.013900,0
TN175152,Habib Bouguatfa,Bizerte,North East,4,0,0,95.2446,3.5100,1.2454,ns,1.975022,0.015400,0,-2.813117,0.015400,0,ns,2.048039,0.020100,0,2.619673,0.020100,0,ns,0.188547,0.027300,0,2.056860,0.027300,0
TN175153,El Korniche,Bizerte,North East,4,0,0,95.2446,3.5100,1.2454,ns,4.126337,0.024700,0,-2.396379,0.024700,0,ns,4.379933,0.024000,0,2.449747,0.024000,0,ns,0.681668,0.154700,0,1.045879,0.154700,0
TN175154,La Medina,Bizerte,North East,3,0,0,95.2446,3.5100,1.2454,ns,1.367101,0.015200,0,-2.957658,0.015200,0,ns,1.121695,0.022500,0,2.695039,0.022500,0,ns,0.894086,0.019700,0,2.329139,0.019700,0
TN175155,Cheik Driss,Bizerte,North East,5,0,0,95.2446,3.5100,1.2454,ns,1.524074,0.003300,0,-3.975691,0.003300,0,ns,0.407647,0.003200,0,4.110575,0.003200,0,ns,1.828356,0.047600,0,1.563975,0.047600,0
TN175156,El Canal,Bizerte,North East,3,0,0,95.2446,3.5100,1.2454,ns,3.376417,0.029900,0,-2.347377,0.029900,0,ns,2.742278,0.044900,0,1.917105,0.044900,0,ns,1.933468,0.015700,0,2.552500,0.015700,0
TN175157,Bou Baker Bakir,Bizerte,North East,7,0,0,95.2446,3.5100,1.2454,ns,1.715414,0.052500,0,-1.868155,0.052500,0,ns,1.598628,0.060300,0,1.757975,0.060300,0,ns,0.643720,0.095600,0,1.280978,0.095600,0
TN175158,Ain Mariam,Bizerte,North East,6,0,0,95.2446,3.5100,1.2454,ns,-0.133164,0.056500,0,-1.826410,0.056500,0,ns,-0.179788,0.046100,0,1.964391,0.046100,0,ns,0.009286,0.569900,0,0.477337,0.569900,0
TN175159,Habib Haddad,Bizerte,North East,6,0,0,95.2446,3.5100,1.2454,ns,2.069593,0.012400,0,-2.947071,0.012400,0,ns,2.154569,0.011100,0,3.117481,0.011100,0,ns,0.379445,0.199800,0,0.943584,0.199800,0
TN175160,El Motamar,Bizerte,North East,7,0,0,95.2446,3.5100,1.2454,ns,0.845142,0.004500,0,-3.484559,0.004500,0,ns,0.958269,0.004500,0,3.600024,0.004500,0,ns,0.064765,0.078100,0,1.413895,0.078100,0
TN175161,El Hana,Bizerte,North East,4,0,0,95.2446,3.5100,1.2454,ns,2.849053,0.004800,0,-3.797352,0.004800,0,ns,2.881178,0.004300,0,4.014374,0.004300,0,ns,0.604734,0.092800,0,1.221641,0.092800,0
TN175162,15 Octobre,Bizerte,North East,4,0,0,95.2446,3.5100,1.2454,ns,0.071603,0.164500,0,-1.241016,0.164500,0,ns,0.108506,0.160100,0,1.230430,0.160100,0,ns,-0.045129,0.380400,0,0.651924,0.380400,0
TN175251,Zarzouna Ouest,Bizerte,North East,4,0,0,95.2446,3.5100,1.2454,ns,-0.052954,0.609400,0,-0.495962,0.609400,0,ns,-0.061895,0.504100,0,0.641326,0.504100,0,ns,0.020658,0.785900,0,-0.221853,0.785900,0
TN175252,Zarzouna Est,Bizerte,North East,5,0,0,95.2446,3.5100,1.2454,ns,0.033665,0.583200,0,-0.516336,0.583200,0,ns,0.061846,0.429800,0,0.738669,0.429800,0,ns,0.012375,0.564800,0,-0.445626,0.564800,0
TN175253,Zarzouna Nord,Bizerte,North East,3,0,0,95.2446,3.5100,1.2454,ns,-0.036872,0.907600,0,0.109939,0.907600,0,ns,-0.024962,0.945500,0,-0.067348,0.945500,0,ns,0.034894,0.808900,0,-0.188836,0.808900,0
TN175254,Zarzouna Sud,Bizerte,North East,4,0,0,95.2446,3.5100,1.2454,ns,-0.010383,0.754700,0,-0.299749,0.754700,0,ns,-0.013698,0.623500,0,0.460996,0.623500,0,ns,0.012128,0.635100,0,-0.374950,0.635100,0
TN175351,Teskraia,Bizerte,North East,6,0,0,95.2446,3.5100,1.2454,ns,0.515821,0.062300,0,1.760429,0.062300,0,ns,0.492563,0.062500,0,-1.731229,0.062500,0,ns,0.173022,0.203300,0,-1.006089,0.203300,0
TN175352,Farhat Hached,Bizerte,North East,6,0,0,95.2446,3.5100,1.2454,ns,0.171995,0.433900,0,0.740118,0.433900,0,ns,0.125578,0.501000,0,-0.634529,0.501000,0,ns,0.162948,0.363800,0,-0.684619,0.363800,0
TN175353,Marnissa,Bizerte,North East,4,0,0,95.2446,3.5100,1.2454,ns,0.382682,0.217500,0,1.122826,0.217500,0,ns,0.305515,0.246000,0,-1.057342,0.246000,0,ns,0.265654,0.307400,0,-0.797419,0.307400,0
TN175354,Hicher,Bizerte,North East,5,0,0,95.2446,3.5100,1.2454,ns,0.560670,0.135900,0,1.345071,0.135900,0,ns,0.470117,0.187900,0,-1.185866,0.187900,0,ns,0.331632,0.123000,0,-1.196253,0.123000,0
TN175355,Sidi Ameur,Bizerte,North East,5,0,0,95.2446,3.5100,1.2454,ns,0.371449,0.097000,0,1.517854,0.097000,0,ns,0.281603,0.112800,0,-1.428233,0.112800,0,ns,0.290510,0.171300,0,-1.083616,0.171300,0
TN175356,Louata,Bizerte,North East,5,0,0,95.2446,3.5100,1.2454,ns,0.217993,0.288900,0,0.997711,0.288900,0,ns,0.149913,0.407000,0,-0.799895,0.407000,0,ns,0.239010,0.130000,0,-1.107602,0.130000,0
TN175357,Bab Mateur,Bizerte,North East,4,0,0,95.2446,3.5100,1.2454,ns,-0.197017,0.305800,0,-0.938238,0.305800,0,ns,-0.157657,0.273600,0,0.986211,0.273600,0,ns,-0.083741,0.684800,0,0.317016,0.684800,0
TN175358,Cite El Jala,Bizerte,North East,7,0,0,95.2446,3.5100,1.2454,ns,0.086426,0.514500,0,-0.617397,0.514500,0,ns,0.096644,0.435800,0,0.725364,0.435800,0,ns,-0.005175,0.956100,0,-0.043361,0.956100,0
TN175359,El Massida,Bizerte,North East,5,0,0,95.2446,3.5100,1.2454,ns,-0.089137,0.558700,0,-0.557289,0.558700,0,ns,-0.084112,0.491900,0,0.642829,0.491900,0,ns,-0.003617,0.992100,0,0.007672,0.992100,0
TN175360,Sidi Ahmed,Bizerte,North East,6,0,0,95.2446,3.5100,1.2454,ns,0.315527,0.107400,0,1.481511,0.107400,0,ns,0.251141,0.154400,0,-1.284084,0.154400,0,ns,0.226694,0.074000,0,-1.379285,0.074000,0
TN175451,Sedjnane,Bizerte,North East,7,0,0,95.2446,3.5100,1.2454,ns,0.263384,0.042400,0,1.997102,0.042400,0,ns,0.223961,0.040500,0,-2.022076,0.040500,0,ns,0.122102,0.250600,0,-0.914668,0.250600,0
TN175452,El Maalia,Bizerte,North East,8,0,0,95.2446,3.5100,1.2454,ns,0.559660,0.068000,0,1.769147,0.068000,0,ns,0.543615,0.053900,0,-1.869653,0.053900,0,ns,0.137496,0.476600,0,-0.553917,0.476600,0
TN175453,El Ababssa,Bizerte,North East,5,0,0,95.2446,3.5100,1.2454,ns,0.602359,0.076000,0,1.643548,0.076000,0,ns,0.631480,0.068600,0,-1.660976,0.068600,0,ns,0.110372,0.322500,0,-0.788011,0.322500,0
TN175454,El Hachachna,Bizerte,North East,4,0,0,95.2446,3.5100,1.2454,ns,0.608771,0.076900,0,1.614135,0.076900,0,ns,0.660549,0.077300,0,-1.581468,0.077300,0,ns,0.052221,0.214200,0,-0.928800,0.214200,0
TN175455,Sehabna,Bizerte,North East,5,0,0,95.2446,3.5100,1.2454,ns,0.295477,0.133800,0,1.387750,0.133800,0,ns,0.414702,0.088000,0,-1.543034,0.088000,0,ns,-0.013662,0.793300,0,-0.199176,0.793300,0
TN175456,Sidi Mechrek,Bizerte,North East,4,0,0,95.2446,3.5100,1.2454,ns,0.495418,0.147400,0,1.288688,0.147400,0,ns,0.580698,0.091900,0,-1.461570,0.091900,0,ns,0.018867,0.873000,0,-0.122911,0.873000,0
TN175457,Amaden,Bizerte,North East,5,0,0,95.2446,3.5100,1.2454,ns,0.544569,0.061300,0,1.725662,0.061300,0,ns,0.512342,0.051700,0,-1.804485,0.051700,0,ns,0.165110,0.415400,0,-0.618147,0.415400,0
TN175458,Mechargua,Bizerte,North East,6,0,0,95.2446,3.5100,1.2454,ns,0.519257,0.080500,0,1.625377,0.080500,0,ns,0.550457,0.072100,0,-1.640244,0.072100,0,ns,0.085454,0.317700,0,-0.755825,0.317700,0
TN175551,Ouled Ghanem,Bizerte,North East,8,0,0,95.2446,3.5100,1.2454,ns,0.624372,0.049000,0,1.939369,0.049000,0,ns,0.520911,0.053800,0,-1.846260,0.053800,0,ns,0.374302,0.105200,0,-1.321733,0.105200,0
TN175552,Essemman,Bizerte,North East,8,0,0,95.2446,3.5100,1.2454,ns,0.487334,0.024100,0,2.364851,0.024100,0,ns,0.406184,0.031000,0,-2.198125,0.031000,0,ns,0.299540,0.041100,0,-1.694745,0.041100,0
TN175553,Chenana,Bizerte,North East,4,0,0,95.2446,3.5100,1.2454,ns,0.591923,0.100000,0,1.434834,0.100000,0,ns,0.480003,0.121600,0,-1.325676,0.121600,0,ns,0.399897,0.144100,0,-1.058822,0.144100,0
TN175554,Tahent,Bizerte,North East,7,0,0,95.2446,3.5100,1.2454,ns,0.595193,0.042700,0,1.985673,0.042700,0,ns,0.553598,0.047000,0,-1.913648,0.047000,0,ns,0.229118,0.114800,0,-1.256166,0.114800,0
TN175555,Kef Ghrab,Bizerte,North East,4,0,0,95.2446,3.5100,1.2454,ns,0.405140,0.090600,0,1.494945,0.090600,0,ns,0.312769,0.101400,0,-1.415356,0.101400,0,ns,0.300991,0.164400,0,-0.985700,0.164400,0
TN175556,Berraies,Bizerte,North East,6,0,0,95.2446,3.5100,1.2454,ns,0.751654,0.061900,0,1.751866,0.061900,0,ns,0.631656,0.076500,0,-1.623646,0.076500,0,ns,0.449502,0.092000,0,-1.271813,0.092000,0
TN175557,Touajnia,Bizerte,North East,6,0,0,95.2446,3.5100,1.2454,ns,0.606247,0.075500,0,1.667426,0.075500,0,ns,0.573255,0.073800,0,-1.650524,0.073800,0,ns,0.212309,0.243400,0,-0.921510,0.243400,0
TN175558,Bazina,Bizerte,North East,4,0,0,95.2446,3.5100,1.2454,ns,0.492421,0.058300,0,1.722642,0.058300,0,ns,0.458758,0.072900,0,-1.557857,0.072900,0,ns,0.167122,0.067300,0,-1.369195,0.067300,0
TN175559,Rouaha,Bizerte,North East,8,0,0,95.2446,3.5100,1.2454,ns,0.637518,0.038200,0,2.101973,0.038200,0,ns,0.571753,0.041200,0,-2.047220,0.041200,0,ns,0.285374,0.114800,0,-1.235736,0.114800,0
TN175651,Mateur,Bizerte,North East,8,0,0,95.2446,3.5100,1.2454,ns,0.243656,0.050900,0,1.895854,0.050900,0,ns,0.162716,0.061500,0,-1.785932,0.061500,0,ns,0.244240,0.105200,0,-1.318406,0.105200,0
TN175652,Banlieue De Mateur,Bizerte,North East,7,0,0,95.2446,3.5100,1.2454,ns,0.451536,0.066400,0,1.725364,0.066400,0,ns,0.433339,0.079200,0,-1.617987,0.079200,0,ns,0.136031,0.116400,0,-1.233287,0.116400,0
TN175653,Mateur Sud,Bizerte,North East,2,0,0,95.2446,3.5100,1.2454,ns,0.084638,0.732400,0,0.337407,0.732400,0,ns,0.062918,0.767000,0,-0.294863,0.767000,0,ns,0.076052,0.692800,0,-0.319183,0.692800,0
TN175654,Cite En Nasr,Bizerte,North East,6,0,0,95.2446,3.5100,1.2454,ns,0.390838,0.091300,0,1.594230,0.091300,0,ns,0.376738,0.098800,0,-1.522389,0.098800,0,ns,0.121040,0.185200,0,-1.040706,0.185200,0
TN175655,Nefat,Bizerte,North East,7,0,0,95.2446,3.5100,1.2454,ns,0.564950,0.050400,0,1.878718,0.050400,0,ns,0.498123,0.056900,0,-1.805347,0.056900,0,ns,0.275241,0.134200,0,-1.211975,0.134200,0
TN175656,Cite Essadaka,Bizerte,North East,4,0,0,95.2446,3.5100,1.2454,ns,0.054294,0.265500,0,1.012270,0.265500,0,ns,0.073404,0.298100,0,-0.941717,0.298100,0,ns,-0.036908,0.337500,0,-0.758342,0.337500,0
TN175657,Targuellache,Bizerte,North East,6,0,0,95.2446,3.5100,1.2454,ns,0.462554,0.090100,0,1.572457,0.090100,0,ns,0.431253,0.115200,0,-1.429440,0.115200,0,ns,0.157943,0.105800,0,-1.289750,0.105800,0
TN175658,Arab Majour,Bizerte,North East,5,0,0,95.2446,3.5100,1.2454,ns,0.519067,0.084400,0,1.574430,0.084400,0,ns,0.398897,0.112000,0,-1.408885,0.112000,0,ns,0.420801,0.082100,0,-1.321333,0.082100,0
TN175659,Behaya,Bizerte,North East,6,0,0,95.2446,3.5100,1.2454,ns,0.685071,0.067200,0,1.725814,0.067200,0,ns,0.566147,0.080400,0,-1.598191,0.080400,0,ns,0.433659,0.099600,0,-1.278677,0.099600,0
TN175660,Boumkhila,Bizerte,North East,6,0,0,95.2446,3.5100,1.2454,ns,0.734215,0.056900,0,1.814143,0.056900,0,ns,0.644515,0.069900,0,-1.684030,0.069900,0,ns,0.368386,0.085300,0,-1.396234,0.085300,0
TN175751,Ghezala,Bizerte,North East,7,0,0,95.2446,3.5100,1.2454,ns,0.681039,0.044500,0,1.948412,0.044500,0,ns,0.630995,0.043400,0,-1.943652,0.043400,0,ns,0.256541,0.195500,0,-0.983946,0.195500,0
TN175752,El Arab,Bizerte,North East,5,0,0,95.2446,3.5100,1.2454,ns,0.505455,0.068900,0,1.673448,0.068900,0,ns,0.487450,0.069200,0,-1.631389,0.069200,0,ns,0.160527,0.199300,0,-0.990318,0.199200,0
TN175753,Dheouaouda,Bizerte,North East,5,0,0,95.2446,3.5100,1.2454,ns,0.372083,0.066800,0,1.716313,0.066800,0,ns,0.388929,0.067800,0,-1.686192,0.067800,0,ns,0.063231,0.208200,0,-0.930538,0.208200,0
TN175754,Hached,Bizerte,North East,6,0,0,95.2446,3.5100,1.2454,ns,0.671526,0.040900,0,2.027757,0.040900,0,ns,0.586722,0.044400,0,-1.975398,0.044400,0,ns,0.331178,0.121200,0,-1.200434,0.121200,0
TN175755,Ouled El May,Bizerte,North East,6,0,0,95.2446,3.5100,1.2454,ns,0.446180,0.062500,0,1.759302,0.062500,0,ns,0.546349,0.060400,0,-1.770149,0.060400,0,ns,-0.035071,0.283400,0,-0.837141,0.283400,0
TN175756,Sidi Aissa,Bizerte,North East,5,0,0,95.2446,3.5100,1.2454,ns,0.613537,0.093500,0,1.528563,0.093500,0,ns,0.628631,0.076800,0,-1.596233,0.076800,0,ns,0.123567,0.490200,0,-0.548083,0.490200,0
TN175757,Rakb,Bizerte,North East,6,0,0,95.2446,3.5100,1.2454,ns,0.618576,0.061200,0,1.764904,0.061200,0,ns,0.595382,0.059500,0,-1.769472,0.059500,0,ns,0.195321,0.263100,0,-0.895863,0.263100,0
TN175758,Bou Jerir,Bizerte,North East,6,0,0,95.2446,3.5100,1.2454,ns,0.227152,0.048700,0,1.909849,0.048700,0,ns,0.340964,0.047900,0,-1.896902,0.047900,0,ns,-0.137616,0.186100,0,-1.007249,0.186100,0
TN175759,Sidi Mansour,Bizerte,North East,8,0,0,95.2446,3.5100,1.2454,ns,0.672754,0.035600,0,2.135460,0.035600,0,ns,0.639307,0.040800,0,-2.023502,0.040800,0,ns,0.224053,0.069800,0,-1.392852,0.069800,0
TN175851,En-Najah (1),Bizerte,North East,3,0,0,95.2446,3.5100,1.2454,ns,0.113904,0.556600,0,0.563052,0.556600,0,ns,0.064907,0.687600,0,-0.391431,0.687600,0,ns,0.182734,0.250200,0,-0.829390,0.250200,0
TN175852,Gabtna (1),Bizerte,North East,7,0,0,95.2446,3.5100,1.2454,ns,0.268053,0.081100,0,1.657635,0.081100,0,ns,0.235263,0.086900,0,-1.603491,0.086900,0,ns,0.131180,0.206500,0,-0.992186,0.206500,0
TN175853,Gabtna (2),Bizerte,North East,6,0,0,95.2446,3.5100,1.2454,ns,0.408441,0.141800,0,1.373220,0.141800,0,ns,0.349864,0.166100,0,-1.276421,0.166100,0,ns,0.226893,0.198200,0,-0.962123,0.198200,0
TN175854,Cite Etthaoura,Bizerte,North East,4,0,0,95.2446,3.5100,1.2454,ns,0.178125,0.474200,0,0.676529,0.474200,0,ns,0.116827,0.602600,0,-0.500901,0.602600,0,ns,0.208382,0.226500,0,-0.886808,0.226500,0
TN175855,En-Najah (2),Bizerte,North East,7,0,0,95.2446,3.5100,1.2454,ns,0.208255,0.299100,0,0.983454,0.299100,0,ns,0.134901,0.402400,0,-0.795545,0.402400,0,ns,0.267580,0.153500,0,-1.069067,0.153500,0
TN175856,El Medina,Bizerte,North East,6,0,0,95.2446,3.5100,1.2454,ns,-0.125509,0.157000,0,1.327626,0.157000,0,ns,-0.128493,0.216600,0,-1.143860,0.216600,0,ns,0.014272,0.098000,0,-1.276541,0.098000,0
TN175857,Chelagmia,Bizerte,North East,6,0,0,95.2446,3.5100,1.2454,ns,0.258584,0.274800,0,1.027536,0.274800,0,ns,0.174273,0.359800,0,-0.859736,0.359800,0,ns,0.301705,0.168000,0,-1.043368,0.168000,0
TN175858,Cite Jardins,Bizerte,North East,6,0,0,95.2446,3.5100,1.2454,ns,0.093337,0.551400,0,0.553994,0.551400,0,ns,0.046851,0.718700,0,-0.343044,0.718700,0,ns,0.180270,0.207800,0,-0.991158,0.207800,0
TN175951,Tinja,Bizerte,North East,7,0,0,95.2446,3.5100,1.2454,ns,0.003526,0.151900,0,1.334976,0.151900,0,ns,-0.044570,0.230100,0,-1.101430,0.230100,0,ns,0.194148,0.078600,0,-1.403378,0.078600,0
TN175952,Guengla,Bizerte,North East,3,0,0,95.2446,3.5100,1.2454,ns,0.045994,0.575900,0,0.531382,0.575900,0,ns,0.004852,0.694600,0,-0.381890,0.694600,0,ns,0.211576,0.315200,0,-0.752464,0.315200,0
TN175953,Ez-Zarour,Bizerte,North East,7,0,0,95.2446,3.5100,1.2454,ns,0.569633,0.086000,0,1.638972,0.086000,0,ns,0.488494,0.118200,0,-1.445219,0.118200,0,ns,0.299325,0.069800,0,-1.401256,0.069800,0
TN176051,Utique,Bizerte,North East,7,0,0,95.2446,3.5100,1.2454,ns,0.095434,0.428900,0,0.770420,0.428900,0,ns,0.068243,0.575400,0,-0.545273,0.575400,0,ns,0.065597,0.152900,0,-1.106604,0.152900,0
TN176052,Nouvelle Utique,Bizerte,North East,6,0,0,95.2446,3.5100,1.2454,ns,0.023669,0.725200,0,0.341005,0.725200,0,ns,0.008421,0.873600,0,-0.154029,0.873600,0,ns,0.064561,0.325400,0,-0.754858,0.325400,0
TN176053,Besbassia,Bizerte,North East,4,0,0,95.2446,3.5100,1.2454,ns,0.412772,0.208300,0,1.130412,0.208300,0,ns,0.353316,0.229000,0,-1.060856,0.229000,0,ns,0.229299,0.295900,0,-0.806611,0.295900,0
TN176054,El Houidh,Bizerte,North East,6,0,0,95.2446,3.5100,1.2454,ns,0.308129,0.381200,0,0.832522,0.381200,0,ns,0.236425,0.465900,0,-0.682408,0.465900,0,ns,0.238219,0.236200,0,-0.923599,0.236200,0
TN176055,El Mabtouh,Bizerte,North East,7,0,0,95.2446,3.5100,1.2454,ns,0.088844,0.115500,0,1.491981,0.115500,0,ns,0.026268,0.143100,0,-1.360928,0.143100,0,ns,0.185548,0.142100,0,-1.167319,0.142100,0
TN176056,Ain Ghelal,Bizerte,North East,7,0,0,95.2446,3.5100,1.2454,ns,0.425301,0.131700,0,1.421319,0.131700,0,ns,0.411880,0.172800,0,-1.268862,0.172800,0,ns,0.088568,0.129400,0,-1.247057,0.129400,0
TN176057,Sidi Othman,Bizerte,North East,5,0,0,95.2446,3.5100,1.2454,ns,0.103758,0.161400,0,1.285250,0.161400,0,ns,0.060046,0.181900,0,-1.206525,0.181900,0,ns,0.127347,0.233500,0,-0.955498,0.233500,0
TN176058,Bach Hamba,Bizerte,North East,6,0,0,95.2446,3.5100,1.2454,ns,0.166053,0.348600,0,0.888770,0.348600,0,ns,0.098634,0.460700,0,-0.702064,0.460700,0,ns,0.255116,0.173200,0,-1.016556,0.173200,0
TN176151,Ghar El Meleh,Bizerte,North East,2,0,0,95.2446,3.5100,1.2454,ns,-0.285170,0.754200,0,0.314091,0.754200,0,ns,-0.137420,0.906100,0,-0.118049,0.906100,0,ns,0.062769,0.262800,0,-0.841537,0.262800,0
TN176152,Bajou,Bizerte,North East,5,0,0,95.2446,3.5100,1.2454,ns,-0.120182,0.589600,0,-0.520299,0.589600,0,ns,-0.149891,0.383000,0,0.809669,0.383000,0,ns,0.168623,0.375400,0,-0.685082,0.375400,0
TN176153,Ousja,Bizerte,North East,7,0,0,95.2446,3.5100,1.2454,ns,0.010789,0.878200,0,-0.146509,0.878200,0,ns,0.043406,0.743900,0,0.318729,0.743900,0,ns,0.077439,0.545200,0,-0.505112,0.545200,0
TN176154,Zouaouine,Bizerte,North East,6,0,0,95.2446,3.5100,1.2454,ns,-0.031547,0.715000,0,0.360073,0.715000,0,ns,-0.036589,0.804500,0,-0.239660,0.804500,0,ns,0.096234,0.463200,0,-0.582509,0.463200,0
TN176251,Menzel Djemil Est,Bizerte,North East,7,0,0,95.2446,3.5100,1.2454,ns,0.132453,0.447200,0,-0.738152,0.447200,0,ns,0.175825,0.418500,0,0.772317,0.418500,0,ns,-0.014894,0.749900,0,0.265806,0.749900,0
TN176252,Menzel Djemil Ouest,Bizerte,North East,5,0,0,95.2446,3.5100,1.2454,ns,0.001809,0.977000,0,-0.031181,0.977000,0,ns,0.011841,0.903300,0,0.116802,0.903300,0,ns,0.035557,0.741700,0,-0.265693,0.741700,0
TN176253,Menzel Abderrahmen Est,Bizerte,North East,5,0,0,95.2446,3.5100,1.2454,ns,-0.001258,0.914300,0,-0.102835,0.914300,0,ns,0.001673,0.836000,0,0.192557,0.836000,0,ns,0.015671,0.767800,0,-0.233030,0.767800,0
TN176254,Menzel Abderrahmen Ouest,Bizerte,North East,3,0,0,95.2446,3.5100,1.2454,ns,-0.016901,0.924500,0,0.095513,0.924500,0,ns,0.001486,0.998300,0,0.003426,0.998300,0,ns,-0.025188,0.639400,0,-0.397059,0.639400,0
TN176255,El Azib,Bizerte,North East,5,0,0,95.2446,3.5100,1.2454,ns,-0.195109,0.573500,0,-0.557145,0.573500,0,ns,-0.273476,0.429200,0,0.754349,0.429200,0,ns,0.050119,0.667000,0,-0.356580,0.667000,0
TN176351,Sidi Ali Chabab,Bizerte,North East,6,0,0,95.2446,3.5100,1.2454,ns,-0.071410,0.127500,0,-1.398754,0.127500,0,ns,-0.167666,0.075600,0,1.621217,0.075600,0,ns,0.001208,0.994700,0,0.004689,0.994700,0
TN176352,El Alia Nord,Bizerte,North East,5,0,0,95.2446,3.5100,1.2454,ns,-0.043600,0.944500,0,0.065021,0.944500,0,ns,-0.042518,0.948200,0,-0.061352,0.948200,0,ns,-0.007697,0.957700,0,-0.045414,0.957800,0
TN176353,El Alia Sud,Bizerte,North East,5,0,0,95.2446,3.5100,1.2454,ns,0.258576,0.522100,0,-0.618264,0.522100,0,ns,0.340830,0.414800,0,0.779912,0.414800,0,ns,-0.031355,0.808200,0,-0.208511,0.808200,0
TN176354,El Khetmine,Bizerte,North East,6,0,0,95.2446,3.5100,1.2454,ns,-0.075461,0.752900,0,-0.306059,0.752900,0,ns,-0.121544,0.608000,0,0.484506,0.608000,0,ns,0.053708,0.602100,0,-0.433251,0.602100,0
TN176451,Ras El Djebel Nord,Bizerte,North East,4,0,0,95.2446,3.5100,1.2454,ns,-0.019148,0.948300,0,0.061386,0.948300,0,ns,0.021590,0.954200,0,0.052877,0.954200,0,ns,-0.023040,0.605400,0,-0.409944,0.605400,0
TN176452,Ras El Djebel Sud,Bizerte,North East,7,0,0,95.2446,3.5100,1.2454,ns,-0.004562,0.712700,0,-0.348913,0.712700,0,ns,0.004325,0.638300,0,0.439648,0.638300,0,ns,0.007955,0.891900,0,-0.112463,0.891900,0
TN176453,Metline,Bizerte,North East,4,0,0,95.2446,3.5100,1.2454,ns,0.167073,0.407500,0,-0.776389,0.407500,0,ns,0.111628,0.383400,0,0.805629,0.383400,0,ns,0.097704,0.713000,0,0.306127,0.713000,0
TN176454,Metline Ouest,Bizerte,North East,3,0,0,95.2446,3.5100,1.2454,ns,0.266577,0.489500,0,-0.655565,0.489500,0,ns,0.240295,0.503700,0,0.636368,0.503700,0,ns,0.117672,0.625200,0,0.399149,0.625200,0
TN176455,Sounine,Bizerte,North East,2,0,0,95.2446,3.5100,1.2454,ns,-0.179857,0.620100,0,-0.480664,0.620100,0,ns,-0.180162,0.475300,0,0.656845,0.475300,0,ns,0.170973,0.662400,0,-0.327282,0.662400,0
TN176456,Rafraf,Bizerte,North East,6,0,0,95.2446,3.5100,1.2454,ns,0.003005,0.647600,0,-0.433660,0.647600,0,ns,0.060376,0.430100,0,0.737760,0.430100,0,ns,0.186318,0.321600,0,-0.807427,0.321600,0
TN176457,El Garia,Bizerte,North East,5,0,0,95.2446,3.5100,1.2454,ns,0.065182,0.488200,0,-0.657312,0.488200,0,ns,0.057814,0.529300,0,0.592900,0.529300,0,ns,0.029849,0.488500,0,0.558201,0.488500,0
TN215151,Beja,Béja,North West,6,0,0,95.2446,3.5100,1.2454,ns,0.036456,0.663700,0,-0.435088,0.663700,0,ns,0.073456,0.529600,0,0.614906,0.529600,0,ns,0.025804,0.648300,0,-0.356018,0.648300,0
TN215152,El Mzara,Béja,North West,6,0,0,95.2446,3.5100,1.2454,ns,-0.157044,0.401500,0,0.807540,0.401500,0,ns,-0.114571,0.554800,0,-0.571598,0.554800,0,ns,-0.089210,0.134400,0,-1.182719,0.134400,0
TN215153,Ksar Bardo,Béja,North West,5,0,0,95.2446,3.5100,1.2454,ns,-0.029081,0.679300,0,0.405043,0.679300,0,ns,-0.028338,0.804300,0,-0.244027,0.804300,0,ns,0.068484,0.343300,0,-0.712732,0.343300,0
TN215154,Zouabi,Béja,North West,6,0,0,95.2446,3.5100,1.2454,ns,0.074978,0.406400,0,0.792623,0.406400,0,ns,0.020976,0.533100,0,-0.599989,0.533100,0,ns,0.247054,0.183900,0,-1.033154,0.183900,0
TN215155,El Manar,Béja,North West,3,0,0,95.2446,3.5100,1.2454,ns,0.147044,0.515800,0,0.623006,0.515800,0,ns,0.087916,0.626100,0,-0.469431,0.626100,0,ns,0.223289,0.273300,0,-0.806969,0.273300,0
TN215156,El Kasba,Béja,North West,5,0,0,95.2446,3.5100,1.2454,ns,0.055420,0.744200,0,0.311032,0.744200,0,ns,0.023537,0.853100,0,-0.177059,0.853100,0,ns,0.140914,0.455000,0,-0.612782,0.455000,0
TN215157,Azra,Béja,North West,11,0,0,95.2446,3.5100,1.2454,ns,0.460088,0.105800,0,1.540063,0.105800,0,ns,0.349544,0.204700,0,-1.208504,0.204700,0,ns,0.333947,0.032300,0,-1.891962,0.032300,0
TN215158,El Ghriria,Béja,North West,6,0,0,95.2446,3.5100,1.2454,ns,0.615014,0.071800,0,1.671149,0.071800,0,ns,0.540256,0.084000,0,-1.565063,0.084000,0,ns,0.308134,0.124800,0,-1.186378,0.124800,0
TN215159,El Mounchar,Béja,North West,9,0,0,95.2446,3.5100,1.2454,ns,0.580891,0.067300,0,1.764664,0.067300,0,ns,0.410083,0.100800,0,-1.536345,0.100800,0,ns,0.596323,0.049200,0,-1.618967,0.049200,0
TN215160,Ksar Mezouar,Béja,North West,6,0,0,95.2446,3.5100,1.2454,ns,0.783849,0.031300,0,2.234121,0.031300,0,ns,0.690626,0.046500,0,-1.929174,0.046500,0,ns,0.329242,0.025200,0,-2.096814,0.025200,0
TN215161,Bou Hzam,Béja,North West,5,0,0,95.2446,3.5100,1.2454,ns,0.989783,0.034400,0,2.083578,0.034400,0,ns,0.757384,0.045400,0,-1.910073,0.045400,0,ns,0.793568,0.047900,0,-1.647344,0.047900,0
TN215162,En-Nakachia,Béja,North West,5,0,0,95.2446,3.5100,1.2454,ns,0.803395,0.045900,0,1.952906,0.045900,0,ns,0.639913,0.050000,0,-1.849552,0.050000,0,ns,0.552872,0.085600,0,-1.341189,0.085600,0
TN215163,El Ghraba,Béja,North West,7,0,0,95.2446,3.5100,1.2454,ns,0.517879,0.041300,0,2.027286,0.041300,0,ns,0.568459,0.035600,0,-2.117229,0.035600,0,ns,0.064429,0.360500,0,-0.723882,0.360500,0
TN215164,Ain Soltane,Béja,North West,7,0,0,95.2446,3.5100,1.2454,ns,0.671772,0.047800,0,1.947340,0.047800,0,ns,0.649650,0.044600,0,-1.961566,0.044600,0,ns,0.206162,0.230300,0,-0.945496,0.230300,0
TN215251,Sidi Fredj,Béja,North West,5,0,0,95.2446,3.5100,1.2454,ns,-0.006567,0.942900,0,0.068835,0.942900,0,ns,0.014197,0.951300,0,0.060941,0.951300,0,ns,0.060758,0.567800,0,-0.439595,0.567800,0
TN215252,El Haouari,Béja,North West,5,0,0,95.2446,3.5100,1.2454,ns,-0.168193,0.625700,0,0.476730,0.625700,0,ns,-0.086696,0.792900,0,-0.263223,0.792900,0,ns,-0.232342,0.228300,0,-0.903004,0.228300,0
TN215253,El Maagoula,Béja,North West,6,0,0,95.2446,3.5100,1.2454,ns,0.068608,0.777900,0,0.273175,0.777900,0,ns,0.011014,0.958000,0,-0.050486,0.958000,0,ns,0.169157,0.267900,0,-0.867481,0.267900,0
TN215254,Hammam Siala,Béja,North West,11,0,0,95.2446,3.5100,1.2454,ns,0.275229,0.062400,0,1.816868,0.062400,0,ns,0.197466,0.097200,0,-1.574769,0.097200,0,ns,0.272464,0.045800,0,-1.673588,0.045800,0
TN215255,Sidi Smail,Béja,North West,6,0,0,95.2446,3.5100,1.2454,ns,0.506547,0.034400,0,2.144670,0.034400,0,ns,0.393813,0.042400,0,-1.988786,0.042400,0,ns,0.385097,0.051800,0,-1.611201,0.051800,0
TN215256,Mekhachbia,Béja,North West,7,0,0,95.2446,3.5100,1.2454,ns,0.504843,0.056000,0,1.817959,0.056000,0,ns,0.347922,0.075700,0,-1.641261,0.075700,0,ns,0.527752,0.059700,0,-1.479513,0.059700,0
TN215257,Sidi Es-Shili,Béja,North West,7,0,0,95.2446,3.5100,1.2454,ns,0.507607,0.051900,0,1.846832,0.051900,0,ns,0.382963,0.086000,0,-1.597212,0.086000,0,ns,0.437718,0.042800,0,-1.732546,0.042800,0
TN215258,Zouagha,Béja,North West,5,0,0,95.2446,3.5100,1.2454,ns,0.311783,0.077100,0,1.618680,0.077100,0,ns,0.188946,0.077200,0,-1.582912,0.077200,0,ns,0.309612,0.231900,0,-0.901580,0.231900,0
TN215259,Mestouta,Béja,North West,6,0,0,95.2446,3.5100,1.2454,ns,0.602423,0.071700,0,1.695988,0.071700,0,ns,0.466224,0.092800,0,-1.553207,0.092800,0,ns,0.472610,0.086700,0,-1.253136,0.086700,0
TN215351,Zahret Medien,Béja,North West,4,0,0,95.2446,3.5100,1.2454,ns,0.062730,0.270200,0,1.010057,0.270200,0,ns,0.020383,0.168900,0,-1.206497,0.168900,0,ns,-0.022561,0.873400,0,0.131447,0.873400,0
TN215352,Zahret Medien Sud,Béja,North West,8,0,0,95.2446,3.5100,1.2454,ns,0.235343,0.055200,0,1.851384,0.055200,0,ns,0.161623,0.042700,0,-1.975076,0.042700,0,ns,0.117672,0.484300,0,-0.550711,0.484300,0
TN215353,El Fraijia,Béja,North West,5,0,0,95.2446,3.5100,1.2454,ns,0.509895,0.081700,0,1.596888,0.081700,0,ns,0.612043,0.051500,0,-1.807304,0.051500,0,ns,0.013823,0.847100,0,-0.148092,0.847100,0
TN215354,El Ghorfa,Béja,North West,5,0,0,95.2446,3.5100,1.2454,ns,0.323791,0.120400,0,1.410032,0.120400,0,ns,0.818771,0.055300,0,-1.785960,0.055300,0,ns,0.317438,0.513900,0,0.517564,0.513900,0
TN215355,Romadhnia,Béja,North West,6,0,0,95.2446,3.5100,1.2454,ns,0.550209,0.091700,0,1.572912,0.091700,0,ns,0.594175,0.043800,0,-1.940505,0.043800,0,ns,-0.138892,0.616500,0,0.408471,0.616500,0
TN215356,Maghraoua,Béja,North West,5,0,0,95.2446,3.5100,1.2454,ns,0.340834,0.091500,0,1.561746,0.091500,0,ns,0.621501,0.043600,0,-1.976465,0.043600,0,ns,0.106851,0.501200,0,0.535000,0.501200,0
TN215357,Sabah,Béja,North West,6,0,0,95.2446,3.5100,1.2454,ns,0.223268,0.199400,0,1.193541,0.199400,0,ns,0.442749,0.139300,0,-1.349458,0.139300,0,ns,-0.030209,0.903900,0,-0.093826,0.903900,0
TN215358,El Mejaless,Béja,North West,6,0,0,95.2446,3.5100,1.2454,ns,0.581636,0.088900,0,1.569125,0.088900,0,ns,0.709051,0.044600,0,-1.926115,0.044600,0,ns,-0.065540,0.667700,0,0.349335,0.667600,0
TN215359,El Hamra,Béja,North West,6,0,0,95.2446,3.5100,1.2454,ns,0.558834,0.057900,0,1.821274,0.057900,0,ns,0.680294,0.042000,0,-2.012812,0.042000,0,ns,0.016492,0.738100,0,-0.273916,0.738100,0
TN215360,Ghazia,Béja,North West,5,0,0,95.2446,3.5100,1.2454,ns,0.430402,0.119900,0,1.410970,0.119900,0,ns,0.533538,0.064700,0,-1.705616,0.064700,0,ns,-0.025630,0.794200,0,0.206298,0.794200,0
TN215361,Malek,Béja,North West,8,0,0,95.2446,3.5100,1.2454,ns,0.204531,0.044000,0,1.971069,0.044000,0,ns,0.291780,0.046000,0,-1.951524,0.046000,0,ns,-0.103440,0.177700,0,-1.045123,0.177700,0
TN215362,Tarhouni,Béja,North West,8,0,0,95.2446,3.5100,1.2454,ns,0.556112,0.058700,0,1.845276,0.058700,0,ns,0.603736,0.065500,0,-1.765586,0.065500,0,ns,0.029832,0.137800,0,-1.175686,0.137800,0
TN215363,El Goussa,Béja,North West,8,0,0,95.2446,3.5100,1.2454,ns,0.552716,0.067600,0,1.766747,0.067600,0,ns,0.560234,0.072100,0,-1.718389,0.072100,0,ns,0.119033,0.173000,0,-1.031716,0.173000,0
TN215364,El Djouza,Béja,North West,6,0,0,95.2446,3.5100,1.2454,ns,0.781977,0.066500,0,1.717973,0.066500,0,ns,0.740259,0.044800,0,-1.919149,0.044800,0,ns,0.107909,0.768200,0,-0.228965,0.768200,0
TN215451,Nefza Est,Béja,North West,6,0,0,95.2446,3.5100,1.2454,ns,-0.141594,0.209200,0,1.171885,0.209200,0,ns,0.074784,0.120000,0,-1.419614,0.120000,0,ns,0.129937,0.796300,0,0.217372,0.796300,0
TN215452,Nefza Ouest,Béja,North West,7,0,0,95.2446,3.5100,1.2454,ns,-0.303045,0.129600,0,1.405557,0.129600,0,ns,-0.225420,0.061100,0,-1.751875,0.061100,0,ns,0.158108,0.608900,0,0.402637,0.608900,0
TN215453,Ouachtata,Béja,North West,4,0,0,95.2446,3.5100,1.2454,ns,0.203832,0.141900,0,1.293512,0.141900,0,ns,0.476346,0.092300,0,-1.428172,0.092300,0,ns,-0.098663,0.784600,0,-0.214915,0.784600,0
TN215454,Kap Negro,Béja,North West,5,0,0,95.2446,3.5100,1.2454,ns,0.371920,0.116200,0,1.417341,0.116200,0,ns,0.579976,0.077300,0,-1.596267,0.077300,0,ns,-0.027450,0.862400,0,-0.141871,0.862400,0
TN215455,Ezzouaraa,Béja,North West,5,0,0,95.2446,3.5100,1.2454,ns,0.177719,0.429300,0,0.760674,0.429300,0,ns,0.304914,0.248200,0,-1.062919,0.248200,0,ns,0.028077,0.456000,0,0.579796,0.456000,0
TN215456,Bou-Zenna,Béja,North West,7,0,0,95.2446,3.5100,1.2454,ns,0.389244,0.118900,0,1.467727,0.118900,0,ns,0.486837,0.064500,0,-1.720493,0.064500,0,ns,-0.006543,0.929400,0,0.074091,0.929400,0
TN215457,Maktaa Hadid,Béja,North West,4,0,0,95.2446,3.5100,1.2454,ns,0.194781,0.513000,0,0.629999,0.513000,0,ns,0.330067,0.302000,0,-0.939667,0.302000,0,ns,-0.014098,0.386000,0,0.643615,0.386100,0
TN215458,Bellif,Béja,North West,5,0,0,95.2446,3.5100,1.2454,ns,0.129854,0.676200,0,0.401724,0.676200,0,ns,0.300217,0.343200,0,-0.878029,0.343200,0,ns,-0.126843,0.086700,0,1.302316,0.086700,0
TN215459,Djebel Ediss,Béja,North West,6,0,0,95.2446,3.5100,1.2454,ns,0.239522,0.262400,0,1.037449,0.262400,0,ns,0.375979,0.132700,0,-1.363318,0.132700,0,ns,0.014292,0.517300,0,0.502866,0.517300,0
TN215460,Fatnassa,Béja,North West,5,0,0,95.2446,3.5100,1.2454,ns,0.574575,0.054300,0,1.829520,0.054300,0,ns,0.666671,0.056800,0,-1.771726,0.056800,0,ns,-0.040660,0.143700,0,-1.152241,0.143700,0
TN215461,Ghayadha,Béja,North West,5,0,0,95.2446,3.5100,1.2454,ns,0.639722,0.132300,0,1.385624,0.132300,0,ns,0.661532,0.082300,0,-1.556897,0.082300,0,ns,0.041717,0.866900,0,-0.131459,0.866900,0
TN215462,Zaga,Béja,North West,7,0,0,95.2446,3.5100,1.2454,ns,0.294623,0.205700,0,1.174213,0.205700,0,ns,0.417776,0.099200,0,-1.512425,0.099200,0,ns,-0.021533,0.530200,0,0.496823,0.530200,0
TN215463,Tebaba,Béja,North West,7,0,0,95.2446,3.5100,1.2454,ns,0.313610,0.045100,0,1.938123,0.045100,0,ns,0.358413,0.031100,0,-2.220118,0.031100,0,ns,0.007705,0.924900,0,-0.076799,0.924900,0
TN215464,Oued El Maaden,Béja,North West,7,0,0,95.2446,3.5100,1.2454,ns,0.353724,0.056600,0,1.838597,0.056600,0,ns,0.729296,0.042300,0,-2.004381,0.042300,0,ns,-0.181380,0.623500,0,-0.401756,0.623500,0
TN215465,Djamila,Béja,North West,5,0,0,95.2446,3.5100,1.2454,ns,0.148638,0.695400,0,0.369591,0.695400,0,ns,0.312639,0.406600,0,-0.769716,0.406600,0,ns,-0.237173,0.148200,0,1.081505,0.148200,0
TN215466,Dehiret,Béja,North West,6,0,0,95.2446,3.5100,1.2454,ns,0.219066,0.329400,0,0.911621,0.329400,0,ns,0.370031,0.202300,0,-1.160877,0.202300,0,ns,0.044180,0.685500,0,0.319688,0.685500,0
TN215551,Teboursouk Ville,Béja,North West,4,0,0,95.2446,3.5100,1.2454,ns,0.278937,0.194800,0,1.174642,0.194800,0,ns,0.193391,0.284700,0,-0.977174,0.284700,0,ns,0.304034,0.095900,0,-1.230336,0.095900,0
TN215552,Ain El Karma,Béja,North West,5,0,0,95.2446,3.5100,1.2454,ns,0.101618,0.068900,0,1.692478,0.068900,0,ns,0.000527,0.077300,0,-1.608334,0.077300,0,ns,0.251044,0.143700,0,-1.115704,0.143700,0
TN215553,El Menchia,Béja,North West,8,0,0,95.2446,3.5100,1.2454,ns,0.325708,0.035200,0,2.132006,0.035200,0,ns,0.312769,0.042300,0,-1.998145,0.042300,0,ns,0.097347,0.058800,0,-1.521340,0.058800,0
TN215554,Dougga,Béja,North West,7,0,0,95.2446,3.5100,1.2454,ns,0.343450,0.107800,0,1.515848,0.107800,0,ns,0.287267,0.103900,0,-1.505624,0.103900,0,ns,0.181519,0.325900,0,-0.822719,0.325900,0
TN215555,Rihana,Béja,North West,7,0,0,95.2446,3.5100,1.2454,ns,0.742309,0.061300,0,1.781801,0.061300,0,ns,0.715639,0.052700,0,-1.839381,0.052700,0,ns,0.215526,0.364500,0,-0.748271,0.364500,0
TN215556,Ain El Melliti,Béja,North West,7,0,0,95.2446,3.5100,1.2454,ns,0.629785,0.075400,0,1.676073,0.075400,0,ns,0.571110,0.093500,0,-1.539287,0.093500,0,ns,0.265615,0.097600,0,-1.266625,0.097600,0
TN215557,Fadden Es-Souk,Béja,North West,7,0,0,95.2446,3.5100,1.2454,ns,0.504032,0.110300,0,1.505643,0.110300,0,ns,0.366697,0.160500,0,-1.302795,0.160500,0,ns,0.481255,0.076300,0,-1.368991,0.076300,0
TN215558,Ain El Hammam,Béja,North West,6,0,0,95.2446,3.5100,1.2454,ns,0.603714,0.084400,0,1.595663,0.084400,0,ns,0.605355,0.114000,0,-1.418172,0.114000,0,ns,0.051084,0.078500,0,-1.414226,0.078500,0
TN215559,Ain Djammala,Béja,North West,7,0,0,95.2446,3.5100,1.2454,ns,0.508868,0.098400,0,1.537442,0.098400,0,ns,0.379262,0.144300,0,-1.347987,0.144300,0,ns,0.453517,0.081600,0,-1.404102,0.081600,0
TN215560,Bir Ettouta,Béja,North West,7,0,0,95.2446,3.5100,1.2454,ns,0.608673,0.075100,0,1.686112,0.075100,0,ns,0.563841,0.100300,0,-1.512196,0.100300,0,ns,0.208718,0.083400,0,-1.447486,0.083400,0
TN215651,Tibar,Béja,North West,6,0,0,95.2446,3.5100,1.2454,ns,0.572927,0.045500,0,1.967654,0.045500,0,ns,0.520201,0.053200,0,-1.840276,0.053200,0,ns,0.246171,0.076100,0,-1.379146,0.076100,0
TN215652,Djebba,Béja,North West,4,0,0,95.2446,3.5100,1.2454,ns,0.486894,0.049200,0,1.873977,0.049200,0,ns,0.421836,0.049500,0,-1.854347,0.049500,0,ns,0.233985,0.198800,0,-0.982817,0.198800,0
TN215653,Ain Ed-Defali,Béja,North West,7,0,0,95.2446,3.5100,1.2454,ns,0.588054,0.058700,0,1.807488,0.058700,0,ns,0.652555,0.056800,0,-1.805262,0.056800,0,ns,0.047307,0.250900,0,-0.884691,0.250900,0
TN215654,En-Nechima,Béja,North West,4,0,0,95.2446,3.5100,1.2454,ns,0.710665,0.097400,0,1.465005,0.097400,0,ns,0.544818,0.125400,0,-1.325432,0.125400,0,ns,0.575698,0.111000,0,-1.211891,0.111000,0
TN215751,Testour,Béja,North West,7,0,0,95.2446,3.5100,1.2454,ns,-0.087086,0.138400,0,1.395725,0.138400,0,ns,-0.164424,0.101400,0,-1.512593,0.101400,0,ns,0.041760,0.676900,0,-0.344099,0.676900,0
TN215752,Ibn Zeydoun,Béja,North West,5,0,0,95.2446,3.5100,1.2454,ns,-0.225666,0.230300,0,1.102099,0.230300,0,ns,-0.146922,0.251600,0,-1.043006,0.251600,0,ns,-0.228588,0.340700,0,-0.766747,0.340700,0
TN215753,Cite 26 Fevrier,Béja,North West,2,0,0,95.2446,3.5100,1.2454,ns,-0.148674,0.674900,0,-0.414232,0.674900,0,ns,-0.142013,0.682000,0,0.408400,0.682000,0,ns,-0.049604,0.771500,0,0.223991,0.771500,0
TN215754,Mezougha,Béja,North West,5,0,0,95.2446,3.5100,1.2454,ns,0.376170,0.098900,0,1.508474,0.098900,0,ns,0.317824,0.102700,0,-1.467451,0.102700,0,ns,0.208301,0.230800,0,-0.881091,0.230800,0
TN215755,Zeldou,Béja,North West,8,0,0,95.2446,3.5100,1.2454,ns,0.362231,0.059000,0,1.825819,0.059000,0,ns,0.367998,0.074600,0,-1.688034,0.074600,0,ns,0.050940,0.086900,0,-1.341875,0.086900,0
TN215756,Ouled Salama,Béja,North West,6,0,0,95.2446,3.5100,1.2454,ns,0.407937,0.218300,0,1.159340,0.218300,0,ns,0.331447,0.268600,0,-1.035097,0.268600,0,ns,0.276300,0.204500,0,-0.998777,0.204500,0
TN215757,Es-Slouguia,Béja,North West,8,0,0,95.2446,3.5100,1.2454,ns,0.207904,0.178800,0,1.287185,0.178800,0,ns,0.221596,0.220700,0,-1.159621,0.220700,0,ns,-0.016255,0.175400,0,-1.073444,0.175400,0
TN215758,Ain Younes,Béja,North West,7,0,0,95.2446,3.5100,1.2454,ns,0.322806,0.267200,0,1.056426,0.267200,0,ns,0.237965,0.333400,0,-0.913800,0.333400,0,ns,0.297883,0.204000,0,-1.012329,0.204000,0
TN215759,Es-Sekhira,Béja,North West,6,0,0,95.2446,3.5100,1.2454,ns,0.241826,0.423700,0,0.770551,0.423600,0,ns,0.286554,0.373500,0,-0.843897,0.373500,0,ns,0.011835,0.838200,0,-0.161555,0.838200,0
TN215760,Oued Ezzargua,Béja,North West,4,0,0,95.2446,3.5100,1.2454,ns,0.420903,0.109000,0,1.437673,0.109000,0,ns,0.420344,0.083000,0,-1.531225,0.083000,0,ns,0.089402,0.572800,0,-0.434486,0.572800,0
TN215761,Sidi Abdelaziz,Béja,North West,9,0,0,95.2446,3.5100,1.2454,ns,0.271335,0.277100,0,1.040190,0.277100,0,ns,0.323342,0.299200,0,-0.983150,0.299200,0,ns,-0.058811,0.374900,0,-0.703655,0.374900,0
TN215762,Sidi Ameur,Béja,North West,7,0,0,95.2446,3.5100,1.2454,ns,0.554087,0.041300,0,2.014566,0.041300,0,ns,0.507618,0.050400,0,-1.885700,0.050400,0,ns,0.226756,0.075700,0,-1.415002,0.075700,0
TN215851,Goubellat,Béja,North West,4,0,0,95.2446,3.5100,1.2454,ns,0.406688,0.069100,0,1.648297,0.069100,0,ns,0.339923,0.073100,0,-1.589943,0.073100,0,ns,0.237848,0.157400,0,-1.025559,0.157400,0
TN215852,El Gammarthi,Béja,North West,8,0,0,95.2446,3.5100,1.2454,ns,0.697167,0.057300,0,1.845959,0.057300,0,ns,0.574628,0.058500,0,-1.807795,0.058500,0,ns,0.399969,0.197200,0,-1.039772,0.197200,0
TN215853,Guerram,Béja,North West,5,0,0,95.2446,3.5100,1.2454,ns,0.676251,0.071700,0,1.651354,0.071700,0,ns,0.689706,0.078600,0,-1.571074,0.078600,0,ns,0.122643,0.146100,0,-1.112829,0.146100,0
TN215854,Dour Esmail,Béja,North West,7,0,0,95.2446,3.5100,1.2454,ns,0.515901,0.064000,0,1.776740,0.064000,0,ns,0.500768,0.075700,0,-1.679274,0.075700,0,ns,0.145316,0.111200,0,-1.180958,0.111200,0
TN215855,Bir El Euch,Béja,North West,6,0,0,95.2446,3.5100,1.2454,ns,0.474994,0.075400,0,1.644977,0.075400,0,ns,0.462825,0.113900,0,-1.420270,0.113900,0,ns,0.039653,0.055800,0,-1.553937,0.055800,0
TN215856,Kheniguet Ed-Dahane,Béja,North West,6,0,0,95.2446,3.5100,1.2454,ns,0.629744,0.094600,0,1.555362,0.094600,0,ns,0.521833,0.085200,0,-1.577402,0.085200,0,ns,0.311228,0.366300,0,-0.687488,0.366300,0
TN215857,Khacheb,Béja,North West,8,0,0,95.2446,3.5100,1.2454,ns,0.437794,0.093200,0,1.597232,0.093200,0,ns,0.338479,0.135900,0,-1.389646,0.135900,0,ns,0.349272,0.066400,0,-1.476691,0.066400,0
TN215858,Cheikh El Ouediane,Béja,North West,5,0,0,95.2446,3.5100,1.2454,ns,0.561870,0.052700,0,1.822568,0.052700,0,ns,0.612342,0.059100,0,-1.727026,0.059100,0,ns,0.007215,0.101600,0,-1.235846,0.101600,0
TN215951,Medjez El Bab Ville,Béja,North West,4,0,0,95.2446,3.5100,1.2454,ns,-0.015581,0.756800,0,0.300823,0.756800,0,ns,-0.028930,0.790900,0,-0.257756,0.790900,0,ns,0.048574,0.700300,0,-0.285694,0.700300,0
TN215952,Medjez El Bab Sud,Béja,North West,7,0,0,95.2446,3.5100,1.2454,ns,0.025696,0.478900,0,0.679859,0.478900,0,ns,0.016185,0.483900,0,-0.673339,0.483900,0,ns,0.022932,0.649500,0,-0.360818,0.649500,0
TN215953,Sidi Medien,Béja,North West,6,0,0,95.2446,3.5100,1.2454,ns,0.168314,0.161100,0,1.311349,0.161100,0,ns,0.104287,0.177700,0,-1.240860,0.177700,0,ns,0.184996,0.252000,0,-0.885337,0.252000,0
TN215954,El Ksar,Béja,North West,8,0,0,95.2446,3.5100,1.2454,ns,0.339827,0.086300,0,1.632072,0.086300,0,ns,0.350531,0.085500,0,-1.612284,0.085500,0,ns,0.067660,0.264100,0,-0.877371,0.264100,0
TN215955,El Heri,Béja,North West,5,0,0,95.2446,3.5100,1.2454,ns,0.337738,0.179000,0,1.233749,0.179000,0,ns,0.249383,0.231600,0,-1.079052,0.231600,0,ns,0.308475,0.146900,0,-1.187122,0.146900,0
TN215956,Tokaber,Béja,North West,7,0,0,95.2446,3.5100,1.2454,ns,-0.159229,0.170300,0,1.284247,0.170300,0,ns,-0.160147,0.185400,0,-1.227102,0.185400,0,ns,-0.034580,0.289700,0,-0.828339,0.289700,0
TN215957,Chaouach,Béja,North West,3,0,0,95.2446,3.5100,1.2454,ns,0.106460,0.648300,0,0.433107,0.648300,0,ns,0.062175,0.708900,0,-0.362662,0.708900,0,ns,0.161395,0.559900,0,-0.433075,0.559900,0
TN215958,Sidi Nasr,Béja,North West,6,0,0,95.2446,3.5100,1.2454,ns,0.128708,0.670400,0,0.409630,0.670400,0,ns,0.075449,0.801600,0,-0.243430,0.801600,0,ns,0.128680,0.346900,0,-0.743257,0.346800,0
TN215959,Sidi Ahmed El Jedidi,Béja,North West,3,0,0,95.2446,3.5100,1.2454,ns,0.066751,0.747300,0,0.313092,0.747400,0,ns,0.058648,0.674800,0,-0.402901,0.674800,0,ns,-0.035483,0.866300,0,0.141650,0.866300,0
TN215960,El Gueriaat,Béja,North West,4,0,0,95.2446,3.5100,1.2454,ns,0.473360,0.102600,0,1.459268,0.102600,0,ns,0.500555,0.138600,0,-1.308246,0.138600,0,ns,-0.032451,0.102100,0,-1.293925,0.102100,0
TN215961,Hidouss,Béja,North West,7,0,0,95.2446,3.5100,1.2454,ns,0.167814,0.151100,0,1.338576,0.151100,0,ns,0.111911,0.172900,0,-1.243242,0.172900,0,ns,0.174290,0.204800,0,-1.035630,0.204800,0
TN215962,El Mouatiss,Béja,North West,8,0,0,95.2446,3.5100,1.2454,ns,-0.052103,0.186300,0,1.241523,0.186300,0,ns,-0.056116,0.276400,0,-1.012423,0.276400,0,ns,0.027733,0.092800,0,-1.366868,0.092800,0
TN215963,Guerich El Ouedi,Béja,North West,5,0,0,95.2446,3.5100,1.2454,ns,0.422399,0.255400,0,1.042491,0.255400,0,ns,0.348970,0.307300,0,-0.931545,0.307300,0,ns,0.268224,0.240900,0,-0.890737,0.240900,0
TN215964,Sidi Erraies,Béja,North West,6,0,0,95.2446,3.5100,1.2454,ns,0.059661,0.299900,0,0.972391,0.299900,0,ns,0.016973,0.395800,0,-0.796808,0.395800,0,ns,0.170210,0.167100,0,-1.081619,0.167100,0
TN225151,Ezzeghaida,Jendouba,North West,6,0,0,95.2446,3.5100,1.2454,ns,0.103232,0.558100,0,0.559992,0.558100,0,ns,0.097295,0.564200,0,-0.545130,0.564200,0,ns,0.037138,0.681800,0,-0.331089,0.681800,0
TN225152,Jendouba Sud,Jendouba,North West,5,0,0,95.2446,3.5100,1.2454,ns,-0.319996,0.351800,0,0.889841,0.351800,0,ns,-0.362884,0.332300,0,-0.910318,0.332300,0,ns,-0.022914,0.645500,0,-0.376014,0.645500,0
TN225153,En-Nour,Jendouba,North West,3,0,0,95.2446,3.5100,1.2454,ns,-0.012022,0.889300,0,0.137996,0.889300,0,ns,0.000309,0.959800,0,-0.051955,0.959800,0,ns,-0.118047,0.667700,0,-0.329883,0.667700,0
TN225154,Es-Saada,Jendouba,North West,9,0,0,95.2446,3.5100,1.2454,ns,0.327309,0.071400,0,1.727561,0.071400,0,ns,0.281340,0.099300,0,-1.546739,0.099300,0,ns,0.174845,0.068600,0,-1.455827,0.068600,0
TN225155,El Malga,Jendouba,North West,11,0,0,95.2446,3.5100,1.2454,ns,0.195510,0.258000,0,1.102940,0.258000,0,ns,0.189686,0.232600,0,-1.152276,0.232600,0,ns,0.052221,0.624200,0,-0.403656,0.624200,0
TN225156,Ettataouer,Jendouba,North West,5,0,0,95.2446,3.5100,1.2454,ns,0.206947,0.306400,0,0.951007,0.306400,0,ns,0.163375,0.376000,0,-0.816751,0.376000,0,ns,0.151269,0.221500,0,-0.881575,0.221500,0
TN225157,Souk Es-Sebt,Jendouba,North West,8,0,0,95.2446,3.5100,1.2454,ns,0.333874,0.069900,0,1.734599,0.069900,0,ns,0.420938,0.063800,0,-1.743604,0.063800,0,ns,-0.049991,0.287200,0,-0.843157,0.287200,0
TN225158,El Aitha,Jendouba,North West,3,0,0,95.2446,3.5100,1.2454,ns,0.306650,0.209700,0,1.112279,0.209700,0,ns,0.315858,0.166500,0,-1.183610,0.166500,0,ns,0.056074,0.674000,0,-0.345196,0.674000,0
TN225159,Ain Karima,Jendouba,North West,8,0,0,95.2446,3.5100,1.2454,ns,0.529944,0.042900,0,1.971494,0.042900,0,ns,0.517025,0.050500,0,-1.866844,0.050500,0,ns,0.145763,0.093500,0,-1.362543,0.093500,0
TN225160,Maalla,Jendouba,North West,7,0,0,95.2446,3.5100,1.2454,ns,0.784862,0.036900,0,2.062477,0.036900,0,ns,0.605259,0.043400,0,-1.937296,0.043400,0,ns,0.593578,0.075800,0,-1.443571,0.075800,0
TN225161,El-Jerif,Jendouba,North West,8,0,0,95.2446,3.5100,1.2454,ns,0.815590,0.022600,0,2.416849,0.022600,0,ns,0.692229,0.028100,0,-2.251776,0.028100,0,ns,0.469248,0.037300,0,-1.773849,0.037300,0
TN225162,El Azima,Jendouba,North West,5,0,0,95.2446,3.5100,1.2454,ns,0.129906,0.110500,0,1.469200,0.110500,0,ns,0.151599,0.103600,0,-1.473604,0.103600,0,ns,-0.000835,0.358500,0,-0.698905,0.358500,0
TN225251,El Ferdous,Jendouba,North West,6,0,0,95.2446,3.5100,1.2454,ns,0.446517,0.077600,0,1.633863,0.077600,0,ns,0.383227,0.089100,0,-1.552963,0.089100,0,ns,0.243985,0.154200,0,-1.131225,0.154200,0
TN225252,El Hedi Ben Hassine,Jendouba,North West,4,0,0,95.2446,3.5100,1.2454,ns,0.297675,0.189700,0,1.180344,0.189700,0,ns,0.278332,0.223000,0,-1.088895,0.223000,0,ns,0.103893,0.238300,0,-0.884865,0.238300,0
TN225253,Ezzouhour,Jendouba,North West,6,0,0,95.2446,3.5100,1.2454,ns,0.349734,0.078400,0,1.647434,0.078400,0,ns,0.330117,0.092200,0,-1.524347,0.092200,0,ns,0.115947,0.126900,0,-1.286111,0.126900,0
TN225254,El Khadhra,Jendouba,North West,5,0,0,95.2446,3.5100,1.2454,ns,0.690472,0.060800,0,1.761556,0.060800,0,ns,0.612013,0.071900,0,-1.642568,0.071900,0,ns,0.332240,0.095700,0,-1.284253,0.095700,0
TN225255,Es-Souani,Jendouba,North West,7,0,0,95.2446,3.5100,1.2454,ns,0.628543,0.069500,0,1.739443,0.069500,0,ns,0.547834,0.078600,0,-1.648022,0.078600,0,ns,0.324355,0.136500,0,-1.170998,0.136500,0
TN225256,Bulla-Regja,Jendouba,North West,7,0,0,95.2446,3.5100,1.2454,ns,0.448232,0.059500,0,1.829163,0.059500,0,ns,0.372932,0.072400,0,-1.686792,0.072400,0,ns,0.277729,0.090300,0,-1.447844,0.090300,0
TN225257,Zatfoura,Jendouba,North West,7,0,0,95.2446,3.5100,1.2454,ns,0.533421,0.054400,0,1.869475,0.054400,0,ns,0.435410,0.064400,0,-1.739510,0.064400,0,ns,0.350457,0.078500,0,-1.363561,0.078500,0
TN225258,Chemtou,Jendouba,North West,7,0,0,95.2446,3.5100,1.2454,ns,0.527724,0.041500,0,2.024372,0.041500,0,ns,0.434289,0.047300,0,-1.896980,0.047300,0,ns,0.336582,0.070600,0,-1.489011,0.070600,0
TN225259,Ed-Dir,Jendouba,North West,6,0,0,95.2446,3.5100,1.2454,ns,0.771200,0.087800,0,1.606156,0.087800,0,ns,0.639395,0.094500,0,-1.535634,0.094500,0,ns,0.467521,0.172000,0,-0.990536,0.172000,0
TN225260,Souk Djemaa,Jendouba,North West,6,0,0,95.2446,3.5100,1.2454,ns,0.154044,0.030200,0,2.193182,0.030200,0,ns,0.234209,0.040600,0,-2.012975,0.040600,0,ns,-0.195234,0.042500,0,-1.717371,0.042500,0
TN225351,Bou Salem Nord,Jendouba,North West,4,0,0,95.2446,3.5100,1.2454,ns,-0.085980,0.234900,0,1.061339,0.234900,0,ns,-0.151821,0.261300,0,-1.005597,0.261300,0,ns,0.135596,0.329600,0,-0.730038,0.329600,0
TN225352,Bou Salem Sud,Jendouba,North West,5,0,0,95.2446,3.5100,1.2454,ns,0.201384,0.437800,0,0.733270,0.437800,0,ns,0.172908,0.434700,0,-0.726588,0.434700,0,ns,0.102005,0.607400,0,-0.386331,0.607400,0
TN225353,Erroumani,Jendouba,North West,7,0,0,95.2446,3.5100,1.2454,ns,0.356894,0.081200,0,1.645382,0.081200,0,ns,0.370992,0.091500,0,-1.565161,0.091500,0,ns,0.050361,0.163500,0,-1.084271,0.163500,0
TN225354,El Brahmi,Jendouba,North West,10,0,0,95.2446,3.5100,1.2454,ns,0.351075,0.112100,0,1.521905,0.112100,0,ns,0.323634,0.113900,0,-1.492700,0.113900,0,ns,0.139834,0.272500,0,-0.891896,0.272500,0
TN225355,El Marja,Jendouba,North West,6,0,0,95.2446,3.5100,1.2454,ns,0.446945,0.169500,0,1.274807,0.169500,0,ns,0.445894,0.138200,0,-1.347873,0.138200,0,ns,0.098516,0.609800,0,-0.406173,0.609800,0
TN225356,Bir Lakhdar,Jendouba,North West,5,0,0,95.2446,3.5100,1.2454,ns,0.225342,0.216700,0,1.138716,0.216700,0,ns,0.192021,0.261400,0,-1.029742,0.261400,0,ns,0.126579,0.229600,0,-0.946704,0.229600,0
TN225357,El Koudia,Jendouba,North West,7,0,0,95.2446,3.5100,1.2454,ns,0.330026,0.052900,0,1.878013,0.052900,0,ns,0.372103,0.054000,0,-1.849945,0.054000,0,ns,0.008648,0.188000,0,-1.039613,0.188100,0
TN225358,El Msanghouche,Jendouba,North West,6,0,0,95.2446,3.5100,1.2454,ns,0.650650,0.065200,0,1.749985,0.065200,0,ns,0.593907,0.065900,0,-1.718656,0.065900,0,ns,0.266432,0.215300,0,-0.977481,0.215300,0
TN225359,Sidi Abid,Jendouba,North West,5,0,0,95.2446,3.5100,1.2454,ns,0.437912,0.126600,0,1.394466,0.126600,0,ns,0.504231,0.079500,0,-1.582741,0.079500,0,ns,0.014153,0.906600,0,-0.096013,0.906600,0
TN225451,Tabarka,Jendouba,North West,3,0,0,95.2446,3.5100,1.2454,ns,0.012949,0.243400,0,1.044910,0.243400,0,ns,0.009586,0.278500,0,-0.964296,0.278500,0,ns,0.011122,0.291400,0,-0.787560,0.291400,0
TN225452,Raihane,Jendouba,North West,6,0,0,95.2446,3.5100,1.2454,ns,0.317683,0.156800,0,1.305766,0.156800,0,ns,0.285048,0.160700,0,-1.277072,0.160700,0,ns,0.142205,0.320000,0,-0.762558,0.320000,0
TN225453,El Hamdia,Jendouba,North West,4,0,0,95.2446,3.5100,1.2454,ns,0.358675,0.213800,0,1.115245,0.213800,0,ns,0.305575,0.256400,0,-1.016129,0.256400,0,ns,0.202968,0.232800,0,-0.886986,0.232800,0
TN225454,El Hammam,Jendouba,North West,6,0,0,95.2446,3.5100,1.2454,ns,0.722695,0.053200,0,1.847696,0.053200,0,ns,0.617785,0.056400,0,-1.793424,0.056400,0,ns,0.384536,0.156400,0,-1.099377,0.156400,0
TN225455,Ain Es-Sobh,Jendouba,North West,5,0,0,95.2446,3.5100,1.2454,ns,0.431720,0.113100,0,1.434000,0.113100,0,ns,0.466087,0.070600,0,-1.624393,0.070600,0,ns,0.019002,0.902700,0,-0.097539,0.902700,0
TN225456,Nadhour,Jendouba,North West,8,0,0,95.2446,3.5100,1.2454,ns,0.611527,0.029600,0,2.262055,0.029600,0,ns,0.732664,0.029300,0,-2.296782,0.029300,0,ns,-0.018619,0.200600,0,-1.042270,0.200600,0
TN225457,Melloula,Jendouba,North West,3,0,0,95.2446,3.5100,1.2454,ns,0.187289,0.558600,0,0.569697,0.558600,0,ns,0.181344,0.524600,0,-0.605794,0.524600,0,ns,0.046692,0.824900,0,-0.173535,0.824900,0
TN225458,Ain Es-Snoussi,Jendouba,North West,6,0,0,95.2446,3.5100,1.2454,ns,0.575413,0.047800,0,1.894047,0.047800,0,ns,0.786814,0.027500,0,-2.287816,0.027500,0,ns,-0.009437,0.685600,0,0.330810,0.685600,0
TN225551,Ain Drahem Ville,Jendouba,North West,1,0,0,95.2446,3.5100,1.2454,ns,0.071918,0.649600,0,0.443822,0.649600,0,ns,0.092880,0.659600,0,-0.420293,0.659600,0,ns,-0.032549,0.694800,0,-0.329856,0.694800,0
TN225552,Ain Draham Banlieue,Jendouba,North West,6,0,0,95.2446,3.5100,1.2454,ns,0.259839,0.126200,0,1.400509,0.126200,0,ns,0.257471,0.102200,0,-1.462114,0.102200,0,ns,0.062512,0.537900,0,-0.511599,0.537900,0
TN225553,Ouled Sedra,Jendouba,North West,5,0,0,95.2446,3.5100,1.2454,ns,0.202817,0.180400,0,1.223894,0.180400,0,ns,0.262609,0.174400,0,-1.230487,0.174400,0,ns,-0.044042,0.432300,0,-0.620756,0.432300,0
TN225554,El Atatfa,Jendouba,North West,6,0,0,95.2446,3.5100,1.2454,ns,0.470449,0.055100,0,1.820436,0.055100,0,ns,0.446593,0.071900,0,-1.666442,0.071900,0,ns,0.146055,0.072300,0,-1.452097,0.072300,0
TN225555,El Homrane,Jendouba,North West,6,0,0,95.2446,3.5100,1.2454,ns,0.231416,0.037700,0,2.061899,0.037700,0,ns,0.807067,0.029100,0,-2.245430,0.029100,0,ns,-0.316712,0.573900,0,-0.434646,0.574000,0
TN225556,Etbainia,Jendouba,North West,6,0,0,95.2446,3.5100,1.2454,ns,0.570661,0.078200,0,1.623431,0.078200,0,ns,0.430695,0.115400,0,-1.414213,0.115400,0,ns,0.491527,0.057200,0,-1.531907,0.057200,0
TN225557,Khemairia,Jendouba,North West,7,0,0,95.2446,3.5100,1.2454,ns,0.375656,0.036900,0,2.084359,0.036900,0,ns,0.470512,0.034900,0,-2.127247,0.034900,0,ns,-0.032293,0.256000,0,-0.910626,0.256000,0
TN225558,Selloul,Jendouba,North West,8,0,0,95.2446,3.5100,1.2454,ns,0.552057,0.074200,0,1.681994,0.074200,0,ns,0.492693,0.100500,0,-1.519829,0.100500,0,ns,0.249200,0.092100,0,-1.379715,0.092100,0
TN225559,Er-Rouii,Jendouba,North West,2,0,0,95.2446,3.5100,1.2454,ns,0.603152,0.288200,0,0.935325,0.288200,0,ns,0.709950,0.163500,0,-1.132877,0.163500,0,ns,-0.055434,0.860000,0,0.126387,0.860000,0
TN225560,Tegma,Jendouba,North West,4,0,0,95.2446,3.5100,1.2454,ns,0.700186,0.061000,0,1.719900,0.061000,0,ns,0.843533,0.058400,0,-1.727954,0.058400,0,ns,-0.044615,0.270800,0,-0.839094,0.270800,0
TN225561,Ain Salam,Jendouba,North West,8,0,0,95.2446,3.5100,1.2454,ns,0.813866,0.047600,0,1.955548,0.047600,0,ns,0.709988,0.044100,0,-1.970338,0.044100,0,ns,0.372575,0.225100,0,-0.940573,0.225100,0
TN225562,Oued Ezzan,Jendouba,North West,7,0,0,95.2446,3.5100,1.2454,ns,0.924647,0.041300,0,2.049461,0.041300,0,ns,0.872402,0.033400,0,-2.229415,0.033400,0,ns,0.197645,0.557000,0,-0.474532,0.557000,0
TN225651,Fernana,Jendouba,North West,6,0,0,95.2446,3.5100,1.2454,ns,0.480759,0.032300,0,2.147320,0.032300,0,ns,0.425350,0.037200,0,-2.049441,0.037200,0,ns,0.232738,0.071600,0,-1.389511,0.071600,0
TN225652,Oued Ghrib,Jendouba,North West,8,0,0,95.2446,3.5100,1.2454,ns,0.658209,0.038600,0,2.059759,0.038600,0,ns,0.596517,0.045700,0,-1.936184,0.045700,0,ns,0.285417,0.074100,0,-1.420344,0.074100,0
TN225653,Rabiaa,Jendouba,North West,6,0,0,95.2446,3.5100,1.2454,ns,0.607984,0.049100,0,1.898703,0.049100,0,ns,0.488669,0.061300,0,-1.762397,0.061300,0,ns,0.421719,0.068500,0,-1.352955,0.068500,0
TN225654,Ouled Mefada,Jendouba,North West,3,0,0,95.2446,3.5100,1.2454,ns,0.957757,0.073300,0,1.561262,0.073300,0,ns,0.911675,0.071300,0,-1.561278,0.071300,0,ns,0.320988,0.272700,0,-0.800892,0.272700,0
TN225655,El Gouaidia,Jendouba,North West,6,0,0,95.2446,3.5100,1.2454,ns,0.469179,0.096000,0,1.525845,0.096000,0,ns,0.448683,0.143900,0,-1.314914,0.143900,0,ns,0.067157,0.066000,0,-1.425449,0.066000,0
TN225656,Beni M'Tir,Jendouba,North West,5,0,0,95.2446,3.5100,1.2454,ns,-0.368263,0.041900,0,2.065374,0.041900,0,ns,-0.510725,0.047400,0,-1.928648,0.047400,0,ns,0.281286,0.061100,0,-1.507265,0.061100,0
TN225657,Gloub Ethirane,Jendouba,North West,3,0,0,95.2446,3.5100,1.2454,ns,0.890756,0.084000,0,1.500862,0.084000,0,ns,0.772854,0.084100,0,-1.470557,0.084100,0,ns,0.444085,0.241700,0,-0.857481,0.241700,0
TN225658,Gloub Ethirane Nord,Jendouba,North West,9,0,0,95.2446,3.5100,1.2454,ns,0.742049,0.014100,0,2.717065,0.014100,0,ns,0.699547,0.017500,0,-2.627500,0.017500,0,ns,0.266273,0.046700,0,-1.710362,0.046700,0
TN225659,Hedhil,Jendouba,North West,4,0,0,95.2446,3.5100,1.2454,ns,0.877445,0.063700,0,1.676173,0.063700,0,ns,0.698163,0.067600,0,-1.610189,0.067600,0,ns,0.583994,0.157500,0,-1.106235,0.157500,0
TN225660,El Adhar,Jendouba,North West,7,0,0,95.2446,3.5100,1.2454,ns,0.868785,0.028800,0,2.244903,0.028800,0,ns,0.819742,0.026900,0,-2.279472,0.026900,0,ns,0.296322,0.168700,0,-1.000490,0.168700,0
TN225661,Jaouaouada,Jendouba,North West,5,0,0,95.2446,3.5100,1.2454,ns,0.812486,0.049200,0,1.872646,0.049200,0,ns,0.840701,0.044600,0,-1.933348,0.044600,0,ns,0.162912,0.334600,0,-0.749400,0.334600,0
TN225662,Ain El Beya,Jendouba,North West,6,0,0,95.2446,3.5100,1.2454,ns,0.786893,0.033400,0,2.185094,0.033400,0,ns,0.718467,0.043500,0,-2.000466,0.043500,0,ns,0.315236,0.041200,0,-1.700780,0.041200,0
TN225663,Bou Hertma,Jendouba,North West,7,0,0,95.2446,3.5100,1.2454,ns,0.575320,0.071500,0,1.690423,0.071500,0,ns,0.443040,0.106100,0,-1.482242,0.106100,0,ns,0.465659,0.054600,0,-1.536468,0.054600,0
TN225664,Halima,Jendouba,North West,6,0,0,95.2446,3.5100,1.2454,ns,0.764634,0.043800,0,2.000565,0.043800,0,ns,0.688933,0.059700,0,-1.780869,0.059700,0,ns,0.306126,0.042400,0,-1.656794,0.042400,0
TN225665,Sidi Ammar,Jendouba,North West,6,0,0,95.2446,3.5100,1.2454,ns,0.620551,0.046000,0,1.940588,0.046000,0,ns,0.510866,0.051500,0,-1.839929,0.051500,0,ns,0.389056,0.086600,0,-1.310208,0.086600,0
TN225751,Ghardimaou,Jendouba,North West,3,0,0,95.2446,3.5100,1.2454,ns,0.272919,0.122500,0,1.321255,0.122500,0,ns,0.215262,0.127800,0,-1.266234,0.127800,0,ns,0.187193,0.256600,0,-0.852858,0.256600,0
TN225752,Ghardimaou Nord,Jendouba,North West,3,0,0,95.2446,3.5100,1.2454,ns,0.417217,0.173200,0,1.181479,0.173200,0,ns,0.355411,0.184700,0,-1.128058,0.184700,0,ns,0.231260,0.306500,0,-0.779045,0.306500,0
TN225753,El Maaden,Jendouba,North West,3,0,0,95.2446,3.5100,1.2454,ns,0.379366,0.157400,0,1.217772,0.157400,0,ns,0.262692,0.221200,0,-1.057021,0.221200,0,ns,0.408744,0.110800,0,-1.065374,0.110800,0
TN225754,Er-Rakha,Jendouba,North West,7,0,0,95.2446,3.5100,1.2454,ns,0.611250,0.058700,0,1.799019,0.058700,0,ns,0.576975,0.066200,0,-1.725105,0.066200,0,ns,0.216595,0.133800,0,-1.167261,0.133800,0
TN225755,Ain Soltane,Jendouba,North West,4,0,0,95.2446,3.5100,1.2454,ns,0.666389,0.100600,0,1.438234,0.100600,0,ns,0.558327,0.114100,0,-1.354760,0.114100,0,ns,0.398093,0.163000,0,-0.967395,0.163000,0
TN225756,Ouechtata,Jendouba,North West,2,0,0,95.2446,3.5100,1.2454,ns,0.584146,0.177600,0,1.082971,0.177600,0,ns,0.580009,0.226900,0,-0.977661,0.226900,0,ns,0.077799,0.174700,0,-0.820814,0.174700,0
TN225757,Ed-Daoura,Jendouba,North West,8,0,0,95.2446,3.5100,1.2454,ns,0.513987,0.056800,0,1.849224,0.056800,0,ns,0.477576,0.066200,0,-1.745012,0.066200,0,ns,0.196616,0.104300,0,-1.239453,0.104400,0
TN225758,Es-Sraia,Jendouba,North West,4,0,0,95.2446,3.5100,1.2454,ns,0.534336,0.073200,0,1.627942,0.073200,0,ns,0.471230,0.072600,0,-1.585860,0.072600,0,ns,0.254499,0.199300,0,-0.982719,0.199300,0
TN225759,Forgassen,Jendouba,North West,4,0,0,95.2446,3.5100,1.2454,ns,0.516955,0.154000,0,1.259038,0.154000,0,ns,0.357614,0.234800,0,-1.056814,0.234800,0,ns,0.566534,0.084200,0,-1.282319,0.084200,0
TN225760,Fej Hassine,Jendouba,North West,5,0,0,95.2446,3.5100,1.2454,ns,0.733606,0.054700,0,1.824392,0.054700,0,ns,0.658318,0.047300,0,-1.925956,0.047300,0,ns,0.238307,0.444300,0,-0.608337,0.444300,0
TN225761,Mrassen,Jendouba,North West,6,0,0,95.2446,3.5100,1.2454,ns,0.533693,0.055200,0,1.794596,0.055200,0,ns,0.442928,0.076300,0,-1.597924,0.076300,0,ns,0.331966,0.057800,0,-1.551925,0.057800,0
TN225762,El Galaa,Jendouba,North West,7,0,0,95.2446,3.5100,1.2454,ns,0.308828,0.030000,0,2.212882,0.030000,0,ns,0.164104,0.039200,0,-2.025093,0.039200,0,ns,0.447957,0.041300,0,-1.675040,0.041300,0
TN225851,Oued Meliz Est,Jendouba,North West,8,0,0,95.2446,3.5100,1.2454,ns,0.516509,0.027200,0,2.305476,0.027200,0,ns,0.449181,0.030200,0,-2.262705,0.030200,0,ns,0.252862,0.112500,0,-1.290281,0.112500,0
TN225852,Oued Meliz Ouest,Jendouba,North West,4,0,0,95.2446,3.5100,1.2454,ns,0.601480,0.077100,0,1.586902,0.077100,0,ns,0.695615,0.085100,0,-1.473731,0.085100,0,ns,-0.128986,0.108900,0,-1.182359,0.108900,0
TN225853,Dkhailia,Jendouba,North West,6,0,0,95.2446,3.5100,1.2454,ns,0.685572,0.048200,0,1.898261,0.048200,0,ns,0.580740,0.066100,0,-1.695471,0.066100,0,ns,0.393883,0.050300,0,-1.651028,0.050300,0
TN225854,Hakim Nord,Jendouba,North West,6,0,0,95.2446,3.5100,1.2454,ns,0.614143,0.037800,0,2.073387,0.037800,0,ns,0.544633,0.047500,0,-1.876213,0.047500,0,ns,0.284992,0.045600,0,-1.616087,0.045600,0
TN225855,Hakim Sud,Jendouba,North West,6,0,0,95.2446,3.5100,1.2454,ns,0.768203,0.036400,0,2.078086,0.036400,0,ns,0.660458,0.039100,0,-2.035806,0.039100,0,ns,0.391231,0.129000,0,-1.159554,0.129000,0
TN225951,Assila,Jendouba,North West,7,0,0,95.2446,3.5100,1.2454,ns,0.196371,0.102200,0,1.536540,0.102200,0,ns,0.213455,0.093800,0,-1.551703,0.093800,0,ns,0.024407,0.370700,0,-0.731561,0.370700,0
TN225952,Ghezala,Jendouba,North West,5,0,0,95.2446,3.5100,1.2454,ns,0.070646,0.053800,0,1.843159,0.053800,0,ns,-0.014985,0.057100,0,-1.768901,0.057100,0,ns,0.201629,0.126500,0,-1.172792,0.126500,0
TN225953,El Aouaoudha,Jendouba,North West,10,0,0,95.2446,3.5100,1.2454,ns,0.502662,0.026100,0,2.318304,0.026100,0,ns,0.540417,0.033200,0,-2.176932,0.033200,0,ns,0.010260,0.051300,0,-1.586035,0.051300,0
TN225954,El Baldia,Jendouba,North West,4,0,0,95.2446,3.5100,1.2454,ns,0.513718,0.128200,0,1.351382,0.128200,0,ns,0.444342,0.145900,0,-1.263990,0.145900,0,ns,0.274303,0.196800,0,-0.960405,0.196800,0
TN225955,Cheouaoula,Jendouba,North West,4,0,0,95.2446,3.5100,1.2454,ns,0.902970,0.055300,0,1.798727,0.055300,0,ns,0.794594,0.062200,0,-1.690183,0.062200,0,ns,0.449051,0.089600,0,-1.237424,0.089600,0
TN225956,Beni M'Hamed,Jendouba,North West,5,0,0,95.2446,3.5100,1.2454,ns,0.654027,0.088000,0,1.578891,0.088000,0,ns,0.748472,0.046800,0,-1.907724,0.046800,0,ns,-0.069930,0.762800,0,0.236440,0.762800,0
TN225957,Somrane,Jendouba,North West,6,0,0,95.2446,3.5100,1.2454,ns,0.429122,0.130000,0,1.385288,0.130000,0,ns,0.501250,0.119200,0,-1.401050,0.119200,0,ns,0.000836,0.405400,0,-0.664319,0.405400,0
TN225958,Balta,Jendouba,North West,3,0,0,95.2446,3.5100,1.2454,ns,0.370701,0.234600,0,1.062292,0.234600,0,ns,0.424379,0.193600,0,-1.113942,0.193600,0,ns,0.027887,0.644800,0,-0.369865,0.644800,0
TN225959,Abdeljaber,Jendouba,North West,5,0,0,95.2446,3.5100,1.2454,ns,0.260908,0.082000,0,1.599196,0.082000,0,ns,0.182548,0.062200,0,-1.709914,0.062200,0,ns,0.116737,0.571500,0,-0.444841,0.571500,0
TN225960,Bou Aouane,Jendouba,North West,6,0,0,95.2446,3.5100,1.2454,ns,0.451148,0.072300,0,1.679470,0.072300,0,ns,0.481036,0.062000,0,-1.735644,0.062000,0,ns,0.072641,0.375600,0,-0.668318,0.375600,0
TN225961,Oued Kesseb,Jendouba,North West,8,0,0,95.2446,3.5100,1.2454,ns,0.613537,0.041300,0,2.014992,0.041300,0,ns,0.605404,0.035900,0,-2.085151,0.035900,0,ns,0.157723,0.312200,0,-0.820306,0.312200,0
TN225962,Boulaaba,Jendouba,North West,7,0,0,95.2446,3.5100,1.2454,ns,0.684379,0.068600,0,1.735109,0.068600,0,ns,0.585995,0.084300,0,-1.592691,0.084300,0,ns,0.380750,0.095200,0,-1.354945,0.095200,0
TN235151,Oued Remel Nord,Le Kef,North West,7,0,0,95.2446,3.5100,1.2454,ns,0.428012,0.111500,0,1.466005,0.111500,0,ns,0.502206,0.066800,0,-1.682739,0.066800,0,ns,0.007414,0.933600,0,-0.066451,0.933600,0
TN235152,Oued Remel Sud,Le Kef,North West,9,0,0,95.2446,3.5100,1.2454,ns,0.617872,0.025000,0,2.305893,0.025000,0,ns,0.518957,0.035500,0,-2.100451,0.035500,0,ns,0.370574,0.035500,0,-1.834952,0.035500,0
TN235153,Haouareth Sud,Le Kef,North West,6,0,0,95.2446,3.5100,1.2454,ns,0.078092,0.383200,0,0.819195,0.383200,0,ns,0.056890,0.445200,0,-0.716543,0.445200,0,ns,0.073848,0.348100,0,-0.736193,0.348100,0
TN235251,Charfine,Le Kef,North West,3,0,0,95.2446,3.5100,1.2454,ns,-0.091754,0.503700,0,0.633482,0.503700,0,ns,-0.072620,0.529000,0,-0.585760,0.529000,0,ns,-0.066418,0.542100,0,-0.494171,0.542100,0
TN235252,Ben Ainine,Le Kef,North West,6,0,0,95.2446,3.5100,1.2454,ns,0.025057,0.639700,0,0.455274,0.639700,0,ns,0.023513,0.701900,0,-0.371892,0.701900,0,ns,0.000810,0.528600,0,-0.504489,0.528600,0
TN235253,Haouareth Nord,Le Kef,North West,6,0,0,95.2446,3.5100,1.2454,ns,0.017872,0.666100,0,0.422378,0.666100,0,ns,-0.003272,0.648500,0,-0.445651,0.648500,0,ns,0.026380,0.867800,0,-0.138666,0.867800,0
TN235254,Zaafrane,Le Kef,North West,9,0,0,95.2446,3.5100,1.2454,ns,0.573870,0.038800,0,2.046468,0.038800,0,ns,0.470729,0.046200,0,-1.915541,0.046200,0,ns,0.368326,0.072000,0,-1.426895,0.072000,0
TN235255,Oued Souani,Le Kef,North West,6,0,0,95.2446,3.5100,1.2454,ns,0.367990,0.066900,0,1.737219,0.066900,0,ns,0.213039,0.077600,0,-1.640108,0.077600,0,ns,0.441643,0.123500,0,-1.193801,0.123500,0
TN235256,Oued Souani Sud,Le Kef,North West,7,0,0,95.2446,3.5100,1.2454,ns,0.558533,0.050200,0,1.877994,0.050200,0,ns,0.522108,0.054800,0,-1.771518,0.054800,0,ns,0.206757,0.097900,0,-1.292571,0.097900,0
TN235257,Dyr El Kef,Le Kef,North West,9,0,0,95.2446,3.5100,1.2454,ns,0.382264,0.161200,0,1.340276,0.161200,0,ns,0.416424,0.124600,0,-1.433347,0.124600,0,ns,0.047991,0.659400,0,-0.374029,0.659400,0
TN235258,Hached,Le Kef,North West,3,0,0,95.2446,3.5100,1.2454,ns,-0.101607,0.784800,0,0.271427,0.784800,0,ns,-0.071572,0.845600,0,-0.195948,0.845600,0,ns,-0.077030,0.630000,0,-0.387499,0.630000,0
TN235351,Nebeur,Le Kef,North West,6,0,0,95.2446,3.5100,1.2454,ns,0.275833,0.038300,0,2.044196,0.038300,0,ns,0.167954,0.031400,0,-2.191942,0.031400,0,ns,0.147047,0.474900,0,-0.578580,0.474900,0
TN235352,Sarkaouna,Le Kef,North West,7,0,0,95.2446,3.5100,1.2454,ns,0.251899,0.036500,0,2.115913,0.036500,0,ns,0.787652,0.040500,0,-2.042981,0.040500,0,ns,-1.059605,0.096300,0,-1.304514,0.096300,0
TN235353,Tel El Ghozlane,Le Kef,North West,7,0,0,95.2446,3.5100,1.2454,ns,0.708025,0.039900,0,2.035706,0.039900,0,ns,0.638085,0.039500,0,-2.043703,0.039500,0,ns,0.290375,0.196300,0,-0.994120,0.196300,0
TN235354,Sidi Khiar,Le Kef,North West,8,0,0,95.2446,3.5100,1.2454,ns,0.631590,0.026800,0,2.322113,0.026800,0,ns,0.529421,0.035300,0,-2.114088,0.035300,0,ns,0.381480,0.034800,0,-1.845766,0.034800,0
TN235355,Mellala,Le Kef,North West,8,0,0,95.2446,3.5100,1.2454,ns,0.800269,0.039600,0,2.039189,0.039600,0,ns,0.782071,0.029600,0,-2.235851,0.029600,0,ns,0.135450,0.613100,0,-0.401523,0.613100,0
TN235356,Ledhieb,Le Kef,North West,5,0,0,95.2446,3.5100,1.2454,ns,0.799882,0.040100,0,2.077618,0.040100,0,ns,0.792233,0.050900,0,-1.875089,0.050900,0,ns,0.130053,0.041800,0,-1.748259,0.041800,0
TN235357,Touiref,Le Kef,North West,5,0,0,95.2446,3.5100,1.2454,ns,0.546176,0.053100,0,1.811681,0.053100,0,ns,0.690500,0.034000,0,-2.157180,0.034000,0,ns,-0.017649,0.821300,0,0.172519,0.821300,0
TN235358,Mellegue,Le Kef,North West,5,0,0,95.2446,3.5100,1.2454,ns,0.635304,0.095800,0,1.526578,0.095800,0,ns,0.670064,0.061300,0,-1.737613,0.061300,0,ns,0.025379,0.923700,0,-0.076701,0.923800,0
TN235359,Bahra,Le Kef,North West,8,0,0,95.2446,3.5100,1.2454,ns,0.727783,0.035500,0,2.093639,0.035500,0,ns,0.563717,0.048800,0,-1.883639,0.048800,0,ns,0.575424,0.042400,0,-1.743938,0.042400,0
TN235360,Sidi Medien,Le Kef,North West,6,0,0,95.2446,3.5100,1.2454,ns,0.685809,0.051200,0,1.878901,0.051200,0,ns,0.590741,0.063600,0,-1.721521,0.063600,0,ns,0.371463,0.065800,0,-1.460343,0.065800,0
TN235361,El Ksar,Le Kef,North West,6,0,0,95.2446,3.5100,1.2454,ns,0.828043,0.034400,0,2.183443,0.034400,0,ns,0.713386,0.042200,0,-1.975322,0.042200,0,ns,0.444343,0.036700,0,-1.736741,0.036700,0
TN235362,Chetatla,Le Kef,North West,6,0,0,95.2446,3.5100,1.2454,ns,0.568456,0.081300,0,1.623652,0.081300,0,ns,0.539299,0.084900,0,-1.586838,0.084900,0,ns,0.197476,0.212600,0,-0.948863,0.212600,0
TN235363,Oueljet Essedra,Le Kef,North West,6,0,0,95.2446,3.5100,1.2454,ns,0.711589,0.034000,0,2.121308,0.034000,0,ns,0.757847,0.042900,0,-1.953833,0.042900,0,ns,0.005479,0.050000,0,-1.633573,0.050000,0
TN235451,Sakiet Sidi Youssef,Le Kef,North West,3,0,0,95.2446,3.5100,1.2454,ns,0.116962,0.241800,0,1.045725,0.241800,0,ns,0.037529,0.255100,0,-0.999751,0.255100,0,ns,0.197856,0.374600,0,-0.661671,0.374600,0
TN235452,Es-Sefeia,Le Kef,North West,4,0,0,95.2446,3.5100,1.2454,ns,0.449893,0.124300,0,1.367315,0.124300,0,ns,0.379287,0.129200,0,-1.326359,0.129200,0,ns,0.251637,0.271300,0,-0.847471,0.271300,0
TN235453,Ain Mazer,Le Kef,North West,5,0,0,95.2446,3.5100,1.2454,ns,0.760561,0.058700,0,1.762181,0.058700,0,ns,0.759772,0.056200,0,-1.764547,0.056200,0,ns,0.196050,0.239400,0,-0.866577,0.239400,0
TN235454,Djeradou,Le Kef,North West,6,0,0,95.2446,3.5100,1.2454,ns,0.582153,0.076500,0,1.655241,0.076500,0,ns,0.720739,0.045900,0,-1.937299,0.045900,0,ns,-0.005984,0.958800,0,0.040556,0.958800,0
TN235455,Forchane,Le Kef,North West,7,0,0,95.2446,3.5100,1.2454,ns,0.451980,0.069800,0,1.717505,0.069800,0,ns,0.440684,0.072400,0,-1.677645,0.072400,0,ns,0.134770,0.215400,0,-1.017238,0.215400,0
TN235456,Ain El Karma,Le Kef,North West,4,0,0,95.2446,3.5100,1.2454,ns,0.293315,0.128600,0,1.336882,0.128600,0,ns,0.309000,0.112900,0,-1.362482,0.112900,0,ns,0.051714,0.433600,0,-0.608502,0.433600,0
TN235457,Sidi Rabeh,Le Kef,North West,3,0,0,95.2446,3.5100,1.2454,ns,0.555101,0.265700,0,1.013870,0.265700,0,ns,0.654398,0.204200,0,-1.112564,0.204200,0,ns,0.028905,0.796100,0,-0.198411,0.796200,0
TN235458,Et-Tabia,Le Kef,North West,6,0,0,95.2446,3.5100,1.2454,ns,0.394546,0.039400,0,2.048847,0.039400,0,ns,0.472309,0.030500,0,-2.244929,0.030500,0,ns,0.016320,0.613000,0,-0.402212,0.613000,0
TN235551,Tajerouine Nord,Le Kef,North West,5,0,0,95.2446,3.5100,1.2454,ns,0.053149,0.432200,0,0.751323,0.432200,0,ns,0.157226,0.469500,0,-0.688809,0.469500,0,ns,-0.278850,0.455400,0,-0.587236,0.455400,0
TN235552,Tajerouine Sud,Le Kef,North West,5,0,0,95.2446,3.5100,1.2454,ns,0.092299,0.155800,0,1.295249,0.155800,0,ns,0.079340,0.133900,0,-1.342998,0.133900,0,ns,0.038038,0.517800,0,-0.513166,0.517800,0
TN235553,Ain El Abar,Le Kef,North West,10,0,0,95.2446,3.5100,1.2454,ns,0.200015,0.090700,0,1.605696,0.090700,0,ns,0.203809,0.059400,0,-1.797118,0.059400,0,ns,0.019551,0.799300,0,-0.195405,0.799300,0
TN235554,Cite Bourguiba,Le Kef,North West,6,0,0,95.2446,3.5100,1.2454,ns,-0.073786,0.094900,0,1.544488,0.094900,0,ns,-0.156624,0.049100,0,-1.871249,0.049100,0,ns,-0.023986,0.737700,0,0.263089,0.737700,0
TN235555,Sidi M'Tir,Le Kef,North West,5,0,0,95.2446,3.5100,1.2454,ns,0.626746,0.055800,0,1.831733,0.055800,0,ns,0.462115,0.060900,0,-1.754809,0.060900,0,ns,0.504706,0.115800,0,-1.153407,0.115800,0
TN235556,Ennajet,Le Kef,North West,3,0,0,95.2446,3.5100,1.2454,ns,0.820470,0.120700,0,1.335857,0.120700,0,ns,0.580852,0.183500,0,-1.133532,0.183500,0,ns,0.846225,0.069200,0,-1.297340,0.069200,0
TN235557,Sidi Abdelbasset,Le Kef,North West,9,0,0,95.2446,3.5100,1.2454,ns,0.511993,0.054900,0,1.871563,0.054900,0,ns,0.577094,0.052800,0,-1.870725,0.052800,0,ns,0.024377,0.231800,0,-0.929839,0.231800,0
TN235558,Jezza,Le Kef,North West,6,0,0,95.2446,3.5100,1.2454,ns,0.329770,0.194300,0,1.208309,0.194300,0,ns,0.364214,0.181800,0,-1.225085,0.181800,0,ns,0.031859,0.463800,0,-0.557694,0.463800,0
TN235559,El Houdh,Le Kef,North West,6,0,0,95.2446,3.5100,1.2454,ns,0.314669,0.148800,0,1.361185,0.148800,0,ns,0.310098,0.105100,0,-1.482931,0.105100,0,ns,0.050820,0.734000,0,-0.278404,0.734000,0
TN235560,Menzel Salem,Le Kef,North West,1,0,0,95.2446,3.5100,1.2454,ns,0.154609,0.706700,0,0.386075,0.706700,0,ns,0.163571,0.720000,0,-0.354607,0.720000,0,ns,-0.001790,0.698900,0,-0.324794,0.698900,0
TN235561,Borj Eddiouana,Le Kef,North West,6,0,0,95.2446,3.5100,1.2454,ns,0.415293,0.196800,0,1.192561,0.196800,0,ns,0.597817,0.119600,0,-1.416068,0.119600,0,ns,0.006757,0.892800,0,0.108458,0.892800,0
TN235562,Garn Halfaia,Le Kef,North West,4,0,0,95.2446,3.5100,1.2454,ns,0.460151,0.266100,0,1.025793,0.266100,0,ns,0.588138,0.198200,0,-1.147389,0.198200,0,ns,0.002936,0.883400,0,-0.121784,0.883400,0
TN235651,Kalaat Snan,Le Kef,North West,3,0,0,95.2446,3.5100,1.2454,ns,0.307534,0.089600,0,1.466104,0.089600,0,ns,0.341064,0.071700,0,-1.552605,0.071700,0,ns,0.034430,0.560000,0,-0.462743,0.560000,0
TN235652,Bou Jabeur,Le Kef,North West,4,0,0,95.2446,3.5100,1.2454,ns,0.692788,0.168100,0,1.232957,0.168100,0,ns,0.613561,0.137200,0,-1.284178,0.137200,0,ns,0.252014,0.557600,0,-0.461714,0.557600,0
TN235653,Safsaf,Le Kef,North West,5,0,0,95.2446,3.5100,1.2454,ns,0.555653,0.069800,0,1.687452,0.069800,0,ns,0.410887,0.056000,0,-1.795427,0.056000,0,ns,0.258104,0.513700,0,-0.506993,0.513700,0
TN235654,Mzita,Le Kef,North West,5,0,0,95.2446,3.5100,1.2454,ns,0.692485,0.154500,0,1.286725,0.154500,0,ns,0.703327,0.090500,0,-1.498358,0.090500,0,ns,-0.023408,0.967300,0,0.035086,0.967300,0
TN235655,El Falta,Le Kef,North West,3,0,0,95.2446,3.5100,1.2454,ns,0.448915,0.255600,0,1.008541,0.255600,0,ns,0.479550,0.112400,0,-1.304315,0.112400,0,ns,-0.236198,0.542300,0,0.456147,0.542300,0
TN235656,Sed El Khir,Le Kef,North West,8,0,0,95.2446,3.5100,1.2454,ns,0.431311,0.031900,0,2.198588,0.031900,0,ns,0.686304,0.035600,0,-2.116146,0.035600,0,ns,-0.415610,0.090300,0,-1.396524,0.090300,0
TN235657,Ain Snan,Le Kef,North West,6,0,0,95.2446,3.5100,1.2454,ns,0.615329,0.048200,0,1.878842,0.048200,0,ns,0.576484,0.051200,0,-1.851597,0.051200,0,ns,0.225625,0.186800,0,-1.048686,0.186800,0
TN235658,El Hamaima,Le Kef,North West,4,0,0,95.2446,3.5100,1.2454,ns,0.476192,0.133000,0,1.338418,0.133000,0,ns,0.659403,0.076700,0,-1.562373,0.076700,0,ns,0.001425,0.944800,0,0.058780,0.944800,0
TN235659,El Mahjouba,Le Kef,North West,4,0,0,95.2446,3.5100,1.2454,ns,0.387498,0.146000,0,1.275781,0.146000,0,ns,0.427440,0.160300,0,-1.217691,0.160300,0,ns,0.002860,0.276800,0,-0.844484,0.276800,0
TN235751,Kalaat Khasba,Le Kef,North West,4,0,0,95.2446,3.5100,1.2454,ns,0.185629,0.198300,0,1.151328,0.198300,0,ns,0.217791,0.195200,0,-1.150575,0.195200,0,ns,-0.006723,0.432100,0,-0.582432,0.432100,0
TN235753,Sidi Ahmed Essalah,Le Kef,North West,8,0,0,95.2446,3.5100,1.2454,ns,0.267467,0.080400,0,1.658019,0.080400,0,ns,0.269160,0.053500,0,-1.828280,0.053500,0,ns,0.037705,0.712700,0,-0.290393,0.712700,0
TN235754,En-Nadhour,Le Kef,North West,6,0,0,95.2446,3.5100,1.2454,ns,0.393769,0.063000,0,1.752096,0.063000,0,ns,0.456668,0.067000,0,-1.674448,0.067000,0,ns,-0.046643,0.136100,0,-1.130607,0.136100,0
TN235851,Djerissa Centre,Le Kef,North West,4,0,0,95.2446,3.5100,1.2454,ns,0.238505,0.120600,0,1.377569,0.120600,0,ns,0.434862,0.102900,0,-1.429986,0.102900,0,ns,-0.177755,0.505100,0,-0.514626,0.505100,0
TN235852,Djerissa Nord,Le Kef,North West,2,0,0,95.2446,3.5100,1.2454,ns,0.370147,0.317300,0,0.873296,0.317300,0,ns,0.524333,0.193400,0,-1.041568,0.193400,0,ns,0.004077,0.912700,0,0.079291,0.912700,0
TN235853,Djerissa Sud,Le Kef,North West,3,0,0,95.2446,3.5100,1.2454,ns,0.269407,0.168100,0,1.196624,0.168100,0,ns,0.391653,0.132500,0,-1.269801,0.132500,0,ns,-0.067452,0.598600,0,-0.394111,0.598600,0
TN235854,Besseriana,Le Kef,North West,7,0,0,95.2446,3.5100,1.2454,ns,0.372070,0.223300,0,1.148564,0.223300,0,ns,0.390000,0.126900,0,-1.414075,0.126900,0,ns,-0.093700,0.727500,0,0.287438,0.727500,0
TN235855,Fej Ettameur,Le Kef,North West,10,0,0,95.2446,3.5100,1.2454,ns,0.522022,0.052800,0,1.890455,0.052800,0,ns,0.553064,0.038900,0,-2.058180,0.038900,0,ns,0.066446,0.627700,0,-0.400441,0.627700,0
TN235856,Enneayem,Le Kef,North West,4,0,0,95.2446,3.5100,1.2454,ns,0.299038,0.078800,0,1.563054,0.078800,0,ns,0.582397,0.094300,0,-1.431728,0.094300,0,ns,-0.713438,0.105100,0,-1.286774,0.105100,0
TN235951,El Ksour,Le Kef,North West,6,0,0,95.2446,3.5100,1.2454,ns,0.065860,0.090700,0,1.578005,0.090700,0,ns,0.138992,0.092400,0,-1.531627,0.092400,0,ns,-0.130855,0.223700,0,-0.959422,0.223700,0
TN235952,Ain El Ksiba,Le Kef,North West,5,0,0,95.2446,3.5100,1.2454,ns,0.672282,0.076400,0,1.662470,0.076400,0,ns,0.654407,0.075600,0,-1.641277,0.075600,0,ns,0.202646,0.234200,0,-0.913893,0.234200,0
TN235953,Banou,Le Kef,North West,5,0,0,95.2446,3.5100,1.2454,ns,0.154932,0.071700,0,1.636271,0.071700,0,ns,0.168854,0.064400,0,-1.670926,0.064400,0,ns,0.019744,0.369500,0,-0.739969,0.369500,0
TN235954,Louata,Le Kef,North West,5,0,0,95.2446,3.5100,1.2454,ns,0.454902,0.088300,0,1.565780,0.088300,0,ns,0.461314,0.112800,0,-1.426838,0.112800,0,ns,0.055609,0.106400,0,-1.200631,0.106400,0
TN235955,Ain Fedhil,Le Kef,North West,7,0,0,95.2446,3.5100,1.2454,ns,0.480215,0.050000,0,1.881265,0.050000,0,ns,0.516307,0.061100,0,-1.752568,0.061100,0,ns,0.004324,0.084800,0,-1.386226,0.084800,0
TN235956,Ezzitouna,Le Kef,North West,9,0,0,95.2446,3.5100,1.2454,ns,0.455264,0.110000,0,1.522384,0.110000,0,ns,0.560720,0.055400,0,-1.825740,0.055400,0,ns,-0.023649,0.796400,0,0.215515,0.796400,0
TN236051,Dahmani,Le Kef,North West,4,0,0,95.2446,3.5100,1.2454,ns,0.092210,0.284700,0,0.984301,0.284700,0,ns,0.093245,0.244700,0,-1.045713,0.244700,0,ns,0.018240,0.712500,0,-0.302787,0.712500,0
TN236052,Dahmani Nord,Le Kef,North West,3,0,0,95.2446,3.5100,1.2454,ns,0.140675,0.227600,0,1.071374,0.227600,0,ns,0.168559,0.234300,0,-1.040686,0.234300,0,ns,-0.020888,0.389700,0,-0.629901,0.389700,0
TN236053,Zouarine,Le Kef,North West,7,0,0,95.2446,3.5100,1.2454,ns,0.633029,0.055100,0,1.848514,0.055100,0,ns,0.608792,0.043600,0,-2.015551,0.043600,0,ns,0.122229,0.605400,0,-0.397596,0.605400,0
TN236054,Thermda,Le Kef,North West,7,0,0,95.2446,3.5100,1.2454,ns,0.705197,0.040200,0,2.051088,0.040200,0,ns,0.597052,0.041400,0,-1.996963,0.041400,0,ns,0.385399,0.119600,0,-1.164291,0.119600,0
TN236055,Abida,Le Kef,North West,8,0,0,95.2446,3.5100,1.2454,ns,0.589286,0.030000,0,2.261766,0.030000,0,ns,0.456059,0.039900,0,-2.057986,0.039900,0,ns,0.462689,0.037400,0,-1.742187,0.037400,0
TN236056,Ebba,Le Kef,North West,10,0,0,95.2446,3.5100,1.2454,ns,0.430513,0.038400,0,2.053466,0.038400,0,ns,0.433097,0.052500,0,-1.882243,0.052500,0,ns,0.061637,0.052000,0,-1.568535,0.052000,0
TN236057,El Medeina,Le Kef,North West,8,0,0,95.2446,3.5100,1.2454,ns,0.535948,0.104400,0,1.534513,0.104400,0,ns,0.470989,0.103500,0,-1.519626,0.103500,0,ns,0.250677,0.291800,0,-0.845146,0.291800,0
TN236058,Sidi Baraket Nord,Le Kef,North West,5,0,0,95.2446,3.5100,1.2454,ns,0.880138,0.041000,0,2.005071,0.041000,0,ns,0.671399,0.046300,0,-1.899230,0.046300,0,ns,0.667907,0.079800,0,-1.352598,0.079800,0
TN236059,Sidi Baraket Sud,Le Kef,North West,5,0,0,95.2446,3.5100,1.2454,ns,0.933175,0.039800,0,2.032794,0.039800,0,ns,0.794014,0.047600,0,-1.893018,0.047600,0,ns,0.531288,0.066200,0,-1.488437,0.066200,0
TN236151,Es-Sers Nord,Le Kef,North West,7,0,0,95.2446,3.5100,1.2454,ns,0.214867,0.088300,0,1.614446,0.088300,0,ns,0.192632,0.099000,0,-1.530008,0.099000,0,ns,0.098478,0.160200,0,-1.110706,0.160200,0
TN236152,Es-Sers Sud,Le Kef,North West,7,0,0,95.2446,3.5100,1.2454,ns,0.211504,0.059800,0,1.791943,0.059800,0,ns,0.168370,0.071100,0,-1.676955,0.071100,0,ns,0.148501,0.109900,0,-1.266010,0.109900,0
TN236153,Cite Ennour,Le Kef,North West,3,0,0,95.2446,3.5100,1.2454,ns,0.177836,0.357600,0,0.842051,0.357600,0,ns,0.173947,0.330300,0,-0.865944,0.330300,0,ns,0.048034,0.670000,0,-0.337470,0.670000,0
TN236154,Bousliaa,Le Kef,North West,9,0,0,95.2446,3.5100,1.2454,ns,0.519947,0.040600,0,2.019051,0.040600,0,ns,0.566783,0.047300,0,-1.921114,0.047300,0,ns,0.010504,0.098900,0,-1.309568,0.098900,0
TN236155,Lorbeus,Le Kef,North West,5,0,0,95.2446,3.5100,1.2454,ns,0.490802,0.074700,0,1.636099,0.074700,0,ns,0.517304,0.078600,0,-1.570715,0.078600,0,ns,0.061499,0.174100,0,-1.027691,0.174100,0
TN236156,El Marja,Le Kef,North West,5,0,0,95.2446,3.5100,1.2454,ns,0.540540,0.105200,0,1.460369,0.105200,0,ns,0.457258,0.077900,0,-1.570680,0.077900,0,ns,0.168811,0.616900,0,-0.381960,0.616900,0
TN236157,El Abar,Le Kef,North West,6,0,0,95.2446,3.5100,1.2454,ns,0.298853,0.107700,0,1.506768,0.107700,0,ns,0.279226,0.128300,0,-1.390048,0.128300,0,ns,0.106207,0.139100,0,-1.126185,0.139100,0
TN236158,El Abar Est,Le Kef,North West,5,0,0,95.2446,3.5100,1.2454,ns,0.492541,0.134800,0,1.371543,0.134800,0,ns,0.449912,0.193900,0,-1.179268,0.193900,0,ns,0.142270,0.087300,0,-1.332717,0.087300,0
TN236159,Elles,Le Kef,North West,6,0,0,95.2446,3.5100,1.2454,ns,0.605491,0.080300,0,1.638142,0.080300,0,ns,0.658961,0.086900,0,-1.562933,0.086900,0,ns,0.021298,0.164300,0,-1.125430,0.164300,0
TN245151,Siliana Ville,Siliana,North West,3,0,0,95.2446,3.5100,1.2454,ns,0.182508,0.489700,0,-0.658712,0.489700,0,ns,0.382922,0.240800,0,1.040979,0.240800,0,ns,0.141034,0.226100,0,-0.864930,0.226100,0
TN245152,Siliana Nord,Siliana,North West,6,0,0,95.2446,3.5100,1.2454,ns,-0.125093,0.599700,0,0.501800,0.599700,0,ns,-0.006102,0.977000,0,-0.027149,0.977000,0,ns,0.189798,0.035600,0,-1.766390,0.035600,0
TN245153,El Arab,Siliana,North West,5,0,0,95.2446,3.5100,1.2454,ns,0.237913,0.378700,0,0.835549,0.378700,0,ns,0.114066,0.538800,0,-0.590395,0.538800,0,ns,0.530854,0.114800,0,-1.221015,0.114800,0
TN245154,Jema,Siliana,North West,10,0,0,95.2446,3.5100,1.2454,ns,0.218364,0.349900,0,0.913089,0.349900,0,ns,0.097619,0.596900,0,-0.499860,0.596900,0,ns,0.460885,0.036000,0,-1.823885,0.036000,0
TN245155,Massouj,Siliana,North West,6,0,0,95.2446,3.5100,1.2454,ns,0.459559,0.171900,0,1.280340,0.171900,0,ns,0.327981,0.257700,0,-1.050241,0.257700,0,ns,0.460453,0.074000,0,-1.414231,0.074000,0
TN245156,El Jouii,Siliana,North West,7,0,0,95.2446,3.5100,1.2454,ns,0.425500,0.092000,0,1.574282,0.092000,0,ns,0.340291,0.115600,0,-1.442755,0.115600,0,ns,0.301020,0.124600,0,-1.216806,0.124600,0
TN245157,El Khalsa,Siliana,North West,6,0,0,95.2446,3.5100,1.2454,ns,0.030493,0.288200,0,1.002742,0.288200,0,ns,0.005483,0.481300,0,-0.675160,0.481300,0,ns,0.135800,0.057100,0,-1.526943,0.057100,0
TN245158,Ain Ed-Dissa,Siliana,North West,6,0,0,95.2446,3.5100,1.2454,ns,0.013900,0.778600,0,0.268622,0.778600,0,ns,0.002060,0.932400,0,0.081333,0.932400,0,ns,0.342196,0.100700,0,-1.216594,0.100700,0
TN245251,Siliana Sud,Siliana,North West,4,0,0,95.2446,3.5100,1.2454,ns,-0.151355,0.804800,0,0.239721,0.804800,0,ns,0.076084,0.931700,0,0.080850,0.931700,0,ns,0.252030,0.116700,0,-1.136364,0.116700,0
TN245252,Marj Mokaddem,Siliana,North West,5,0,0,95.2446,3.5100,1.2454,ns,0.337176,0.174100,0,1.245263,0.174100,0,ns,0.279322,0.340100,0,-0.891988,0.340100,0,ns,0.010223,0.037900,0,-1.645884,0.037900,0
TN245253,Es-Sefina,Siliana,North West,7,0,0,95.2446,3.5100,1.2454,ns,-0.179274,0.602800,0,-0.500867,0.602800,0,ns,-0.309839,0.291700,0,0.985489,0.291700,0,ns,0.411764,0.090800,0,-1.299761,0.090800,0
TN245254,Sidi Morched,Siliana,North West,6,0,0,95.2446,3.5100,1.2454,ns,0.274804,0.241000,0,1.114265,0.241000,0,ns,0.187018,0.383900,0,-0.826748,0.383900,0,ns,0.284553,0.065600,0,-1.412742,0.065600,0
TN245255,Sidi Mansour,Siliana,North West,7,0,0,95.2446,3.5100,1.2454,ns,0.130178,0.646900,0,0.446862,0.646900,0,ns,0.012124,0.947500,0,-0.063811,0.947500,0,ns,0.528850,0.070000,0,-1.389839,0.070000,0
TN245256,Sidi Hmada,Siliana,North West,7,0,0,95.2446,3.5100,1.2454,ns,-0.064264,0.134800,0,1.406038,0.134800,0,ns,-0.122871,0.231800,0,-1.120001,0.231800,0,ns,0.299925,0.049200,0,-1.566513,0.049200,0
TN245257,Sejja,Siliana,North West,6,0,0,95.2446,3.5100,1.2454,ns,0.113948,0.701100,0,0.373817,0.701100,0,ns,-0.008786,0.967200,0,0.038148,0.967200,0,ns,0.494928,0.060400,0,-1.438841,0.060400,0
TN245258,Ouled Zenag,Siliana,North West,4,0,0,95.2446,3.5100,1.2454,ns,0.377903,0.273400,0,1.002471,0.273400,0,ns,0.264821,0.403200,0,-0.775981,0.403200,0,ns,0.376353,0.096600,0,-1.246070,0.096600,0
TN245259,El Kabel,Siliana,North West,7,0,0,95.2446,3.5100,1.2454,ns,0.024672,0.080400,0,1.652874,0.080400,0,ns,-0.080562,0.123800,0,-1.410316,0.123800,0,ns,0.382572,0.050800,0,-1.592062,0.050800,0
TN245351,Banlieue De Bouarada,Siliana,North West,6,0,0,95.2446,3.5100,1.2454,ns,0.343961,0.230600,0,1.099461,0.230600,0,ns,0.238163,0.324400,0,-0.901650,0.324400,0,ns,0.375285,0.119500,0,-1.209948,0.119500,0
TN245352,Bouarada,Siliana,North West,4,0,0,95.2446,3.5100,1.2454,ns,0.064764,0.277000,0,0.998831,0.277000,0,ns,0.002505,0.398000,0,-0.785327,0.398000,0,ns,0.275655,0.107100,0,-1.181292,0.107100,0
TN245353,Fatis,Siliana,North West,8,0,0,95.2446,3.5100,1.2454,ns,-0.187203,0.048500,0,1.908246,0.048500,0,ns,-0.200187,0.065400,0,-1.735288,0.065400,0,ns,0.006985,0.058700,0,-1.503002,0.058700,0
TN245354,Henchir Er-Roman,Siliana,North West,6,0,0,95.2446,3.5100,1.2454,ns,0.370052,0.080000,0,1.646428,0.080000,0,ns,0.239374,0.115900,0,-1.436355,0.115900,0,ns,0.452138,0.059300,0,-1.492046,0.059300,0
TN245355,Sidi Abdennour,Siliana,North West,6,0,0,95.2446,3.5100,1.2454,ns,0.528253,0.177700,0,1.245522,0.177700,0,ns,0.344531,0.287500,0,-0.984512,0.287500,0,ns,0.665281,0.062200,0,-1.472754,0.062200,0
TN245356,Tarf Ech-Chena,Siliana,North West,5,0,0,95.2446,3.5100,1.2454,ns,0.217221,0.271300,0,1.022684,0.271300,0,ns,0.135767,0.407400,0,-0.776821,0.407400,0,ns,0.299037,0.092800,0,-1.286191,0.092800,0
TN245451,Gaafour Est,Siliana,North West,4,0,0,95.2446,3.5100,1.2454,ns,-0.128355,0.196500,0,1.176906,0.196500,0,ns,-0.079902,0.224400,0,-1.094575,0.224400,0,ns,-0.147752,0.246800,0,-0.860454,0.246800,0
TN245452,Gaafour Ouest,Siliana,North West,5,0,0,95.2446,3.5100,1.2454,ns,0.116502,0.649100,0,0.433389,0.649100,0,ns,0.133187,0.537500,0,-0.579185,0.537500,0,ns,-0.064320,0.760800,0,0.245291,0.760800,0
TN245453,El Khouat,Siliana,North West,4,0,0,95.2446,3.5100,1.2454,ns,0.133568,0.404400,0,0.788304,0.404400,0,ns,0.131094,0.400500,0,-0.781465,0.400500,0,ns,0.038369,0.592400,0,-0.420483,0.592400,0
TN245454,Ain Zerig,Siliana,North West,9,0,0,95.2446,3.5100,1.2454,ns,0.349803,0.157400,0,1.347374,0.157400,0,ns,0.296980,0.201000,0,-1.199144,0.201000,0,ns,0.197421,0.147000,0,-1.172574,0.147000,0
TN245455,El Ahouez Nord,Siliana,North West,7,0,0,95.2446,3.5100,1.2454,ns,0.212204,0.333900,0,0.916622,0.333900,0,ns,0.214171,0.336800,0,-0.896032,0.336800,0,ns,0.049235,0.509500,0,-0.549480,0.509500,0
TN245456,El Ahouez Sud,Siliana,North West,7,0,0,95.2446,3.5100,1.2454,ns,-0.574478,0.059400,0,1.798441,0.059400,0,ns,-0.341829,0.072000,0,-1.686445,0.072000,0,ns,-0.680908,0.103700,0,-1.283360,0.103700,0
TN245457,El Aksab,Siliana,North West,6,0,0,95.2446,3.5100,1.2454,ns,0.371747,0.325400,0,0.926430,0.325400,0,ns,0.369900,0.309100,0,-0.950091,0.309100,0,ns,0.095439,0.615200,0,-0.392622,0.615200,0
TN245551,El Krib Nord,Siliana,North West,5,0,0,95.2446,3.5100,1.2454,ns,0.262779,0.066800,0,1.699339,0.066800,0,ns,0.145621,0.082500,0,-1.566937,0.082500,0,ns,0.354588,0.099700,0,-1.296417,0.099700,0
TN245552,El Krib Sud,Siliana,North West,7,0,0,95.2446,3.5100,1.2454,ns,0.281547,0.210900,0,1.177644,0.210900,0,ns,0.199711,0.210200,0,-1.162679,0.210200,0,ns,0.210933,0.433100,0,-0.651990,0.433100,0
TN245553,Dokhania,Siliana,North West,6,0,0,95.2446,3.5100,1.2454,ns,0.306190,0.333300,0,0.929350,0.333300,0,ns,0.303078,0.348600,0,-0.896921,0.348600,0,ns,0.080161,0.462600,0,-0.561023,0.462600,0
TN245554,Hammam Biadha Nord,Siliana,North West,7,0,0,95.2446,3.5100,1.2454,ns,0.257766,0.035200,0,2.160666,0.035200,0,ns,0.385140,0.035400,0,-2.122927,0.035400,0,ns,-0.170323,0.121600,0,-1.200928,0.121600,0
TN245555,Hammam Biadha Sud,Siliana,North West,6,0,0,95.2446,3.5100,1.2454,ns,0.460410,0.060700,0,1.776800,0.060700,0,ns,0.344137,0.057800,0,-1.767562,0.057800,0,ns,0.318226,0.231100,0,-0.942408,0.231100,0
TN245556,Borj El Messaoudi Nord,Siliana,North West,6,0,0,95.2446,3.5100,1.2454,ns,0.480625,0.094200,0,1.546181,0.094200,0,ns,0.381458,0.127600,0,-1.385529,0.127600,0,ns,0.352681,0.097600,0,-1.340304,0.097600,0
TN245557,Borj El Messaoudi Sud,Siliana,North West,6,0,0,95.2446,3.5100,1.2454,ns,0.325719,0.046600,0,1.940381,0.046600,0,ns,0.368793,0.060600,0,-1.736445,0.060600,0,ns,-0.092361,0.046700,0,-1.579392,0.046700,0
TN245651,Bourouis Nord,Siliana,North West,3,0,0,95.2446,3.5100,1.2454,ns,-0.366925,0.144500,0,1.251056,0.144500,0,ns,-0.476101,0.155000,0,-1.194072,0.155000,0,ns,0.153730,0.266200,0,-0.784050,0.266200,0
TN245652,Bourouis Sud,Siliana,North West,8,0,0,95.2446,3.5100,1.2454,ns,0.281792,0.059900,0,1.818396,0.059900,0,ns,0.256661,0.098600,0,-1.532338,0.098600,0,ns,0.072378,0.036300,0,-1.832379,0.036300,0
TN245653,Ettricha,Siliana,North West,5,0,0,95.2446,3.5100,1.2454,ns,0.444755,0.124300,0,1.388806,0.124300,0,ns,0.348026,0.147200,0,-1.304992,0.147200,0,ns,0.324437,0.195900,0,-0.935948,0.195900,0
TN245654,El Abbassi,Siliana,North West,7,0,0,95.2446,3.5100,1.2454,ns,0.430691,0.180200,0,1.257536,0.180200,0,ns,0.358452,0.259400,0,-1.051710,0.259400,0,ns,0.229397,0.097800,0,-1.281510,0.097800,0
TN245655,Ain Achour,Siliana,North West,8,0,0,95.2446,3.5100,1.2454,ns,0.321509,0.244100,0,1.105929,0.244100,0,ns,0.233869,0.316000,0,-0.953090,0.316000,0,ns,0.307752,0.190000,0,-1.038966,0.190000,0
TN245656,El Krib Gare,Siliana,North West,5,0,0,95.2446,3.5100,1.2454,ns,0.522943,0.109200,0,1.463325,0.109200,0,ns,0.422072,0.123100,0,-1.381466,0.123100,0,ns,0.347836,0.189600,0,-1.019369,0.189600,0
TN245751,Makthar Nord,Siliana,North West,4,0,0,95.2446,3.5100,1.2454,ns,-0.106200,0.756500,0,0.296481,0.756500,0,ns,0.036011,0.947800,0,0.072469,0.947800,0,ns,0.266841,0.073300,0,-1.358247,0.073300,0
TN245752,Makthar Sud,Siliana,North West,2,0,0,95.2446,3.5100,1.2454,ns,0.222723,0.743300,0,-0.334041,0.743300,0,ns,0.491473,0.563200,0,0.570424,0.563200,0,ns,0.181100,0.440700,0,-0.546252,0.440700,0
TN245753,Sayar,Siliana,North West,7,0,0,95.2446,3.5100,1.2454,ns,-0.115479,0.200100,0,-1.206014,0.200100,0,ns,-0.119123,0.047800,0,1.896912,0.047800,0,ns,0.252227,0.047700,0,-1.713175,0.047700,0
TN245754,El Garaa,Siliana,North West,6,0,0,95.2446,3.5100,1.2454,ns,-0.103831,0.873600,0,0.148377,0.873600,0,ns,0.336048,0.683700,0,0.391550,0.683700,0,ns,0.265590,0.037500,0,-1.795855,0.037500,0
TN245755,Bez,Siliana,North West,8,0,0,95.2446,3.5100,1.2454,ns,-0.015302,0.957900,0,-0.057314,0.957900,0,ns,-0.102529,0.580300,0,0.530237,0.580300,0,ns,0.502817,0.062300,0,-1.510864,0.062300,0
TN245756,Beni Hazem,Siliana,North West,6,0,0,95.2446,3.5100,1.2454,ns,0.371313,0.079300,0,1.645703,0.079300,0,ns,0.239033,0.110000,0,-1.455752,0.110000,0,ns,0.451854,0.068200,0,-1.450359,0.068200,0
TN245757,Ras El Ouedi,Siliana,North West,6,0,0,95.2446,3.5100,1.2454,ns,0.207179,0.359400,0,0.877683,0.359400,0,ns,0.075724,0.627000,0,-0.476796,0.627000,0,ns,0.634912,0.043200,0,-1.730676,0.043200,0
TN245758,Saddine,Siliana,North West,3,0,0,95.2446,3.5100,1.2454,ns,0.319741,0.157600,0,1.239061,0.157600,0,ns,0.231315,0.218800,0,-1.068194,0.218800,0,ns,0.310040,0.114100,0,-1.140281,0.114100,0
TN245759,Chouarnia,Siliana,North West,6,0,0,95.2446,3.5100,1.2454,ns,0.157143,0.234200,0,1.113501,0.234200,0,ns,0.089392,0.279300,0,-1.005012,0.279300,0,ns,0.220937,0.230000,0,-0.902647,0.230000,0
TN245760,Sened El Haddad,Siliana,North West,5,0,0,95.2446,3.5100,1.2454,ns,0.011658,0.835500,0,-0.208320,0.835500,0,ns,0.113758,0.509500,0,0.620840,0.509500,0,ns,0.465055,0.108200,0,-1.223496,0.108200,0
TN245761,Soualem,Siliana,North West,7,0,0,95.2446,3.5100,1.2454,ns,0.090950,0.528200,0,0.590170,0.528200,0,ns,0.012157,0.893900,0,-0.123824,0.893900,0,ns,0.423034,0.034100,0,-1.787192,0.034100,0
TN245851,El Hababsa Nord,Siliana,North West,6,0,0,95.2446,3.5100,1.2454,ns,0.563566,0.112900,0,1.462224,0.112900,0,ns,0.456863,0.112400,0,-1.424770,0.112400,0,ns,0.345094,0.274600,0,-0.856567,0.274600,0
TN245852,El Hababsa Sud,Siliana,North West,8,0,0,95.2446,3.5100,1.2454,ns,0.636158,0.031700,0,2.225722,0.031700,0,ns,0.528624,0.040800,0,-2.021565,0.040800,0,ns,0.397367,0.037700,0,-1.732369,0.037700,0
TN245853,El Jamilet,Siliana,North West,6,0,0,95.2446,3.5100,1.2454,ns,0.423260,0.185100,0,1.221192,0.185100,0,ns,0.316103,0.264900,0,-1.026870,0.264900,0,ns,0.373305,0.107200,0,-1.277718,0.107200,0
TN245854,Es-Semiret Nord,Siliana,North West,6,0,0,95.2446,3.5100,1.2454,ns,0.489186,0.175700,0,1.262546,0.175700,0,ns,0.526327,0.137400,0,-1.359880,0.137400,0,ns,0.066944,0.661300,0,-0.338820,0.661300,0
TN245855,Es-Semirat Sud,Siliana,North West,5,0,0,95.2446,3.5100,1.2454,ns,0.336247,0.195900,0,1.176672,0.195900,0,ns,0.256076,0.301300,0,-0.938872,0.301300,0,ns,0.253277,0.075700,0,-1.333606,0.075700,0
TN245856,El Messahla,Siliana,North West,8,0,0,95.2446,3.5100,1.2454,ns,0.547630,0.071700,0,1.727450,0.071700,0,ns,0.424978,0.068000,0,-1.731334,0.068000,0,ns,0.342239,0.276300,0,-0.892143,0.276300,0
TN245857,El Haria,Siliana,North West,5,0,0,95.2446,3.5100,1.2454,ns,0.195911,0.156300,0,1.271787,0.156300,0,ns,0.510537,0.095800,0,-1.467075,0.095800,0,ns,-0.022145,0.962200,0,-0.039801,0.962200,0
TN245858,Er-Rouhia,Siliana,North West,6,0,0,95.2446,3.5100,1.2454,ns,0.044249,0.272800,0,1.033645,0.272800,0,ns,0.162310,0.131200,0,-1.383159,0.131200,0,ns,0.132092,0.452700,0,0.580955,0.452700,0
TN245859,El Hamaima,Siliana,North West,6,0,0,95.2446,3.5100,1.2454,ns,0.013307,0.150300,0,1.328229,0.150300,0,ns,0.277870,0.084100,0,-1.567109,0.084100,0,ns,0.056443,0.881200,0,0.121453,0.881200,0
TN245860,Bou-Ajila,Siliana,North West,7,0,0,95.2446,3.5100,1.2454,ns,0.401301,0.104600,0,1.526715,0.104600,0,ns,0.378985,0.098200,0,-1.535859,0.098200,0,ns,0.137755,0.338500,0,-0.767751,0.338500,0
TN245951,Kesra,Siliana,North West,7,0,0,95.2446,3.5100,1.2454,LL,3.453619,0.000300,1,-4.834344,0.000300,1,HH,5.607029,0.000100,1,6.119586,0.000100,1,ns,0.484476,0.042300,0,-1.671295,0.042300,0
TN245952,El Hammam,Siliana,North West,7,0,0,95.2446,3.5100,1.2454,ns,0.416654,0.461100,0,-0.708362,0.461100,0,ns,1.005668,0.152600,0,1.314876,0.152600,0,ns,0.424251,0.051300,0,-1.617887,0.051300,0
TN245953,El Mansoura Nord,Siliana,North West,4,0,0,95.2446,3.5100,1.2454,ns,4.866357,0.001900,0,-4.685376,0.001900,0,HH,7.816698,0.000600,1,5.720895,0.000600,1,ns,0.562341,0.119800,0,-1.362360,0.119800,0
TN245954,El Mansoura Sud,Siliana,North West,6,0,0,95.2446,3.5100,1.2454,ns,8.671755,0.018900,0,-2.552418,0.018900,0,ns,14.107990,0.005500,0,3.554367,0.005500,0,ns,0.269667,0.031400,0,-1.939595,0.031400,0
TN245955,Bou Abdallah,Siliana,North West,7,0,0,95.2446,3.5100,1.2454,ns,-0.139107,0.336700,0,-0.912486,0.336700,0,ns,-0.188496,0.076300,0,1.647838,0.076300,0,ns,0.369378,0.032100,0,-1.883686,0.032100,0
TN245956,El Karia Nord,Siliana,North West,4,0,0,95.2446,3.5100,1.2454,LL,3.761058,0.000200,1,-6.061629,0.000200,1,HH,5.921710,0.000100,1,7.432119,0.000100,1,ns,0.321609,0.110900,0,-1.146892,0.110900,0
TN245957,El Karia Sud,Siliana,North West,5,0,0,95.2446,3.5100,1.2454,ns,3.347530,0.004500,0,-3.693555,0.004500,0,HH,5.262373,0.001100,1,4.608733,0.001100,1,ns,0.321296,0.141700,0,-1.115315,0.141700,0
TN245958,El Foudhoul,Siliana,North West,7,0,0,95.2446,3.5100,1.2454,ns,-0.243156,0.150400,0,-1.363675,0.150400,0,ns,-0.272303,0.042200,0,1.983916,0.042200,0,ns,0.297210,0.099700,0,-1.343529,0.099700,0
TN245959,El Louza,Siliana,North West,7,0,0,95.2446,3.5100,1.2454,ns,0.024896,0.771300,0,-0.289932,0.771300,0,ns,0.152478,0.392800,0,0.801795,0.392800,0,ns,0.432956,0.064300,0,-1.481959,0.064300,0
TN246051,Bargou,Siliana,North West,2,0,0,95.2446,3.5100,1.2454,ns,-0.053474,0.574500,0,0.537210,0.574500,0,ns,-0.079762,0.656500,0,-0.433565,0.656500,0,ns,0.137481,0.403300,0,-0.588997,0.403300,0
TN246052,Banlieue Bargou,Siliana,North West,7,0,0,95.2446,3.5100,1.2454,ns,0.074899,0.206700,0,1.189622,0.206700,0,ns,0.037225,0.363300,0,-0.867341,0.363300,0,ns,0.157475,0.047300,0,-1.615769,0.047300,0
TN246053,Ouled Fredj,Siliana,North West,7,0,0,95.2446,3.5100,1.2454,ns,0.173290,0.413000,0,0.773477,0.413000,0,ns,0.096084,0.591400,0,-0.510381,0.591400,0,ns,0.283779,0.112300,0,-1.240040,0.112300,0
TN246054,Sidi Said,Siliana,North West,6,0,0,95.2446,3.5100,1.2454,ns,0.260274,0.138200,0,1.370949,0.138200,0,ns,0.217479,0.165700,0,-1.267832,0.165700,0,ns,0.158698,0.185300,0,-1.055106,0.185300,0
TN246055,Ain Fourna,Siliana,North West,6,0,0,95.2446,3.5100,1.2454,ns,0.336555,0.163000,0,1.303011,0.163000,0,ns,0.262275,0.216100,0,-1.145507,0.216100,0,ns,0.261919,0.128600,0,-1.155919,0.128600,0
TN246056,Ain Bous Saadia,Siliana,North West,5,0,0,95.2446,3.5100,1.2454,ns,0.125425,0.103600,0,1.490588,0.103600,0,ns,0.056166,0.192200,0,-1.172268,0.192200,0,ns,0.281710,0.037800,0,-1.796570,0.037800,0
TN246057,Ed-Derija,Siliana,North West,6,0,0,95.2446,3.5100,1.2454,ns,0.345584,0.159400,0,1.316612,0.159400,0,ns,0.272868,0.241700,0,-1.097112,0.241700,0,ns,0.240918,0.081900,0,-1.399726,0.081900,0
TN246058,El Behirin,Siliana,North West,5,0,0,95.2446,3.5100,1.2454,ns,0.285078,0.306600,0,0.945930,0.306600,0,ns,0.155857,0.467100,0,-0.678223,0.467100,0,ns,0.513366,0.081500,0,-1.331092,0.081500,0
TN246151,El Aroussa,Siliana,North West,8,0,0,95.2446,3.5100,1.2454,ns,0.168172,0.031900,0,2.169393,0.031900,0,ns,0.077724,0.053200,0,-1.847260,0.053200,0,ns,0.324518,0.022600,0,-2.215170,0.022600,0
TN246152,Bou Jlida,Siliana,North West,6,0,0,95.2446,3.5100,1.2454,ns,0.393069,0.081900,0,1.641938,0.081900,0,ns,0.303113,0.096700,0,-1.531045,0.096700,0,ns,0.302631,0.122900,0,-1.136624,0.122900,0
TN246153,Er Remil,Siliana,North West,8,0,0,95.2446,3.5100,1.2454,ns,0.368580,0.042500,0,1.999936,0.042500,0,ns,0.234631,0.072100,0,-1.701456,0.072100,0,ns,0.478070,0.029400,0,-1.977521,0.029400,0
TN246154,Mousrata,Siliana,North West,4,0,0,95.2446,3.5100,1.2454,ns,0.495483,0.310000,0,0.932980,0.310000,0,ns,0.364870,0.368800,0,-0.827017,0.368800,0,ns,0.453833,0.273300,0,-0.786968,0.273300,0
TN246155,Sidi Ayed,Siliana,North West,6,0,0,95.2446,3.5100,1.2454,ns,0.274931,0.164400,0,1.311261,0.164400,0,ns,0.236538,0.222700,0,-1.133295,0.222700,0,ns,0.135184,0.111200,0,-1.262269,0.111200,0
TN315151,Bou Jaafer,Sousse,Centre East,3,0,0,95.2446,3.5100,1.2454,ns,1.447133,0.024800,0,-2.502377,0.024800,0,ns,1.519445,0.021000,0,2.659806,0.021000,0,ns,0.242939,0.290200,0,0.812787,0.290200,0
TN315152,El Medina,Sousse,Centre East,7,0,0,95.2446,3.5100,1.2454,ns,0.273580,0.119000,0,-1.469506,0.119000,0,ns,0.393251,0.083900,0,1.605739,0.083900,0,ns,-0.030582,0.705500,0,0.304218,0.705500,0
TN315153,Ali Belhouan,Sousse,Centre East,6,0,0,95.2446,3.5100,1.2454,ns,-0.010126,0.795400,0,0.253026,0.795400,0,ns,0.001955,0.984000,0,0.019369,0.984000,0,ns,0.101114,0.199500,0,-0.983474,0.199500,0
TN315154,Mohamed Maarouf,Sousse,Centre East,4,0,0,95.2446,3.5100,1.2454,ns,0.467694,0.133500,0,-1.316683,0.133500,0,ns,0.682810,0.093400,0,1.443475,0.093400,0,ns,-0.046022,0.760100,0,0.243054,0.760100,0
TN315155,Khezama,Sousse,Centre East,5,0,0,95.2446,3.5100,1.2454,ns,3.203820,0.015100,0,-2.864093,0.015100,0,ns,3.069218,0.018600,0,2.738940,0.018600,0,ns,1.038201,0.035500,0,1.777938,0.035500,0
TN315254,Ezzouhour,Sousse,Centre East,6,0,0,95.2446,3.5100,1.2454,ns,-0.108948,0.240600,0,-1.104518,0.240600,0,ns,-0.078128,0.134200,0,1.373512,0.134200,0,ns,0.049084,0.741500,0,-0.259107,0.741500,0
TN315255,Cite Er-Riadh,Sousse,Centre East,3,0,0,95.2446,3.5100,1.2454,ns,-0.111224,0.655400,0,0.434902,0.655400,0,ns,-0.067470,0.807900,0,-0.233656,0.807900,0,ns,-0.006204,0.243800,0,-0.902107,0.243800,0
TN315351,Oued Blibane,Sousse,Centre East,5,0,0,95.2446,3.5100,1.2454,ns,1.737487,0.006600,0,-3.397983,0.006600,0,ns,1.740401,0.008500,0,3.381304,0.008500,0,ns,0.437871,0.035400,0,1.758580,0.035400,0
TN315352,Hached,Sousse,Centre East,5,0,0,95.2446,3.5100,1.2454,ns,0.353446,0.020900,0,-2.565337,0.020900,0,ns,0.287280,0.019900,0,2.641992,0.019900,0,ns,0.172452,0.166200,0,1.071187,0.166200,0
TN315353,Hedi Chaker,Sousse,Centre East,4,0,0,95.2446,3.5100,1.2454,ns,0.210401,0.740100,0,-0.314137,0.740200,0,ns,0.322524,0.625400,0,0.463076,0.625400,0,ns,-0.080804,0.679600,0,-0.336080,0.679600,0
TN315354,Bou Hassina,Sousse,Centre East,5,0,0,95.2446,3.5100,1.2454,ns,0.556973,0.049600,0,-1.911619,0.049600,0,ns,0.526365,0.040100,0,2.054791,0.040100,0,ns,0.136697,0.521900,0,0.499586,0.521900,0
TN315355,Mohamed El Karoui,Sousse,Centre East,7,0,0,95.2446,3.5100,1.2454,ns,1.308096,0.007100,0,-3.200891,0.007100,0,ns,1.400980,0.006600,0,3.344433,0.006600,0,ns,0.201865,0.133400,0,1.181828,0.133400,0
TN315356,Sahloul,Sousse,Centre East,6,0,0,95.2446,3.5100,1.2454,ns,1.676006,0.066400,0,-1.700038,0.066400,0,ns,1.677289,0.069000,0,1.650763,0.069000,0,ns,0.420643,0.202600,0,1.051158,0.202600,0
TN315451,Taieb M'Hiri,Sousse,Centre East,6,0,0,95.2446,3.5100,1.2454,ns,-0.017012,0.901800,0,-0.120619,0.901800,0,ns,-0.030067,0.705600,0,0.357797,0.705600,0,ns,0.120408,0.357500,0,-0.695266,0.357500,0
TN315452,Ibn Khaldoun,Sousse,Centre East,4,0,0,95.2446,3.5100,1.2454,ns,0.173013,0.604700,0,0.498412,0.604600,0,ns,0.107201,0.693100,0,-0.380763,0.693100,0,ns,0.243346,0.402900,0,-0.653760,0.402900,0
TN315453,Ksibet Ech-Chatt,Sousse,Centre East,8,0,0,95.2446,3.5100,1.2454,ns,-0.104741,0.627400,0,-0.481079,0.627400,0,ns,-0.146441,0.470300,0,0.696765,0.470300,0,ns,0.059973,0.565900,0,-0.456599,0.565900,0
TN315454,Sidi Abdelhamid,Sousse,Centre East,5,0,0,95.2446,3.5100,1.2454,ns,-0.055592,0.539500,0,-0.582452,0.539500,0,ns,-0.061581,0.401900,0,0.784696,0.401900,0,ns,0.035813,0.650900,0,-0.349589,0.650900,0
TN315551,El Medina,Sousse,Centre East,5,0,0,95.2446,3.5100,1.2454,ns,0.505555,0.004000,0,-3.912512,0.004000,0,ns,0.471326,0.005100,0,4.025753,0.005100,0,ns,0.167984,0.050700,0,1.583472,0.050700,0
TN315552,El Kantaoui,Sousse,Centre East,6,0,0,95.2446,3.5100,1.2454,ns,3.069374,0.129800,0,-1.409212,0.129800,0,ns,3.147719,0.144500,0,1.331357,0.144500,0,ns,0.487889,0.210800,0,0.982705,0.210800,0
TN315553,Bir Moussa,Sousse,Centre East,5,0,0,95.2446,3.5100,1.2454,ns,3.396509,0.001800,0,-4.201840,0.001800,0,ns,3.136926,0.001900,0,4.419041,0.001900,0,ns,1.046895,0.067200,0,1.386099,0.067200,0
TN315554,Sahloul,Sousse,Centre East,8,0,0,95.2446,3.5100,1.2454,ns,1.324773,0.011700,0,-2.873146,0.011700,0,ns,1.243266,0.012900,0,2.876925,0.012900,0,ns,0.467548,0.075800,0,1.455428,0.075800,0
TN315555,El Gharabi,Sousse,Centre East,3,0,0,95.2446,3.5100,1.2454,ns,0.184044,0.362900,0,-0.854701,0.362900,0,ns,0.177780,0.347100,0,0.862951,0.347100,0,ns,0.056596,0.606900,0,0.405062,0.606900,0
TN315651,Akouda Est,Sousse,Centre East,4,0,0,95.2446,3.5100,1.2454,ns,0.896918,0.013300,0,-3.024205,0.013300,0,ns,0.994155,0.011000,0,3.236428,0.011000,0,ns,0.093128,0.324000,0,0.788295,0.324000,0
TN315652,Akouda Ouest,Sousse,Centre East,5,0,0,95.2446,3.5100,1.2454,ns,0.237945,0.012900,0,-2.989904,0.012900,0,ns,0.295108,0.009700,0,3.201162,0.009700,0,ns,-0.000200,0.279700,0,0.851044,0.279700,0
TN315653,Chott Meriam,Sousse,Centre East,4,0,0,95.2446,3.5100,1.2454,ns,0.114568,0.610100,0,-0.497099,0.610100,0,ns,0.077227,0.721700,0,0.344947,0.721700,0,ns,0.107094,0.339400,0,0.773299,0.339400,0
TN315654,Chott Er-Romane,Sousse,Centre East,11,0,0,95.2446,3.5100,1.2454,ns,-0.096171,0.008400,0,-2.981024,0.008400,0,ns,0.017861,0.008600,0,3.096939,0.008600,0,ns,-0.162938,0.148100,0,1.159120,0.148100,0
TN315655,El Fokaia,Sousse,Centre East,3,0,0,95.2446,3.5100,1.2454,ns,0.049280,0.807400,0,-0.235727,0.807400,0,ns,0.027217,0.891300,0,0.133433,0.891300,0,ns,0.057339,0.563600,0,0.449984,0.563600,0
TN315656,Ettantana,Sousse,Centre East,5,0,0,95.2446,3.5100,1.2454,ns,0.899457,0.011300,0,-3.033094,0.011300,0,ns,0.804146,0.009300,0,3.248146,0.009300,0,ns,0.264317,0.257100,0,0.844658,0.257100,0
TN315751,El Jarabaa,Sousse,Centre East,7,0,0,95.2446,3.5100,1.2454,ns,-0.105569,0.386800,0,0.826474,0.386800,0,ns,-0.077641,0.465000,0,-0.690471,0.465000,0,ns,-0.097092,0.275700,0,-0.863641,0.275700,0
TN315752,Zearna Ouest,Sousse,Centre East,6,0,0,95.2446,3.5100,1.2454,ns,0.082517,0.251600,0,1.073486,0.251600,0,ns,0.014686,0.317700,0,-0.931296,0.317700,0,ns,0.237187,0.191100,0,-1.009596,0.191100,0
TN315753,Zearna Est,Sousse,Centre East,10,0,0,95.2446,3.5100,1.2454,ns,0.001638,0.957200,0,-0.050888,0.957200,0,ns,0.002452,0.929100,0,0.084767,0.929100,0,ns,-0.002756,0.919200,0,-0.079336,0.919200,0
TN315754,Ouled Mhamed,Sousse,Centre East,5,0,0,95.2446,3.5100,1.2454,ns,0.066925,0.639600,0,0.441513,0.639600,0,ns,0.046641,0.707300,0,-0.355456,0.707300,0,ns,0.071494,0.524200,0,-0.513812,0.524200,0
TN315755,Essed Ouest,Sousse,Centre East,8,0,0,95.2446,3.5100,1.2454,ns,0.263806,0.176000,0,1.288468,0.176000,0,ns,0.205800,0.244500,0,-1.083960,0.244500,0,ns,0.199446,0.101800,0,-1.259606,0.101800,0
TN315756,Balaoum,Sousse,Centre East,8,0,0,95.2446,3.5100,1.2454,ns,0.106599,0.362400,0,0.865175,0.362400,0,ns,0.064889,0.508500,0,-0.634856,0.508500,0,ns,0.152836,0.132900,0,-1.169491,0.132900,0
TN315851,Sidi Bou Ali,Sousse,Centre East,8,0,0,95.2446,3.5100,1.2454,ns,0.029574,0.596000,0,0.529113,0.596000,0,ns,0.048744,0.651900,0,-0.445513,0.651900,0,ns,-0.076010,0.505000,0,-0.533650,0.505000,0
TN315852,Essed Sud,Sousse,Centre East,5,0,0,95.2446,3.5100,1.2454,ns,0.190455,0.305200,0,0.956031,0.305200,0,ns,0.120993,0.327100,0,-0.901172,0.327100,0,ns,0.202870,0.403700,0,-0.673643,0.403700,0
TN315853,Essed Nord (Essateh),Sousse,Centre East,5,0,0,95.2446,3.5100,1.2454,ns,0.097179,0.188000,0,1.204637,0.188000,0,ns,0.096817,0.178500,0,-1.205377,0.178500,0,ns,0.025479,0.428500,0,-0.627599,0.428500,0
TN315854,Ech-Chouicha,Sousse,Centre East,5,0,0,95.2446,3.5100,1.2454,ns,0.361054,0.143900,0,1.324351,0.143900,0,ns,0.380456,0.174700,0,-1.207168,0.174700,0,ns,0.006047,0.173100,0,-1.051585,0.173100,0
TN315855,Ouriemma,Sousse,Centre East,5,0,0,95.2446,3.5100,1.2454,ns,0.264384,0.555300,0,0.569165,0.555300,0,ns,0.211682,0.610100,0,-0.492489,0.610100,0,ns,0.184897,0.505000,0,-0.528977,0.505000,0
TN315856,Menzel El Mahatta,Sousse,Centre East,7,0,0,95.2446,3.5100,1.2454,ns,0.438210,0.119600,0,1.464398,0.119600,0,ns,0.359525,0.111100,0,-1.471873,0.111100,0,ns,0.239993,0.360600,0,-0.717486,0.360600,0
TN315857,Mehadhba,Sousse,Centre East,7,0,0,95.2446,3.5100,1.2454,ns,0.373169,0.240100,0,1.105739,0.240100,0,ns,0.356200,0.225500,0,-1.130347,0.225500,0,ns,0.115930,0.545700,0,-0.470068,0.545700,0
TN315951,Hergla,Sousse,Centre East,4,0,0,95.2446,3.5100,1.2454,ns,-0.088582,0.247000,0,1.060569,0.247000,0,ns,-0.083738,0.262100,0,-1.019872,0.262100,0,ns,-0.031320,0.383000,0,-0.660669,0.383000,0
TN315952,El Aribet,Sousse,Centre East,4,0,0,95.2446,3.5100,1.2454,ns,0.294148,0.444200,0,0.721263,0.444200,0,ns,0.247330,0.476400,0,-0.661975,0.476400,0,ns,0.175660,0.484200,0,-0.547542,0.484200,0
TN315953,Essouieh,Sousse,Centre East,5,0,0,95.2446,3.5100,1.2454,ns,0.295039,0.120400,0,1.394033,0.120400,0,ns,0.279136,0.171900,0,-1.220744,0.171900,0,ns,0.065141,0.090500,0,-1.262465,0.090500,0
TN316051,Enfidha,Sousse,Centre East,7,0,0,95.2446,3.5100,1.2454,ns,0.094801,0.194000,0,1.218204,0.194000,0,ns,0.049372,0.227100,0,-1.130448,0.227100,0,ns,0.135204,0.240000,0,-0.888868,0.240000,0
TN316052,El Frada,Sousse,Centre East,6,0,0,95.2446,3.5100,1.2454,ns,0.333884,0.107000,0,1.488575,0.107000,0,ns,0.255866,0.144500,0,-1.323166,0.144500,0,ns,0.273161,0.098900,0,-1.265696,0.098900,0
TN316053,Gerimet Est,Sousse,Centre East,6,0,0,95.2446,3.5100,1.2454,ns,0.530448,0.039500,0,2.034306,0.039500,0,ns,0.499211,0.051000,0,-1.833467,0.051000,0,ns,0.159942,0.048400,0,-1.683311,0.048400,0
TN316054,Gerimet Ouest,Sousse,Centre East,6,0,0,95.2446,3.5100,1.2454,ns,0.649418,0.058500,0,1.795972,0.058500,0,ns,0.594653,0.067800,0,-1.681317,0.067800,0,ns,0.267385,0.104600,0,-1.282839,0.104600,0
TN316055,Chegarnia,Sousse,Centre East,4,0,0,95.2446,3.5100,1.2454,ns,0.294446,0.246800,0,1.038194,0.246800,0,ns,0.310671,0.250900,0,-1.019327,0.250900,0,ns,0.043939,0.442300,0,-0.573392,0.442300,0
TN316056,Ouled Abdellah,Sousse,Centre East,7,0,0,95.2446,3.5100,1.2454,ns,0.351908,0.089700,0,1.606185,0.089700,0,ns,0.246242,0.104900,0,-1.498616,0.104900,0,ns,0.331963,0.140500,0,-1.168163,0.140500,0
TN316057,Takrouna,Sousse,Centre East,3,0,0,95.2446,3.5100,1.2454,ns,0.420574,0.158700,0,1.226623,0.158700,0,ns,0.315599,0.252900,0,-1.013241,0.252900,0,ns,0.357033,0.071800,0,-1.258266,0.071800,0
TN316058,Menzel Fateh,Sousse,Centre East,6,0,0,95.2446,3.5100,1.2454,ns,0.554003,0.090800,0,1.558543,0.090800,0,ns,0.412256,0.131500,0,-1.363277,0.131500,0,ns,0.495839,0.070500,0,-1.412778,0.070500,0
TN316059,El Garci,Sousse,Centre East,5,0,0,95.2446,3.5100,1.2454,ns,0.498401,0.124000,0,1.401729,0.124000,0,ns,0.439331,0.101700,0,-1.469144,0.101700,0,ns,0.185363,0.504400,0,-0.500209,0.504400,0
TN316060,Ain Medhaker,Sousse,Centre East,8,0,0,95.2446,3.5100,1.2454,ns,0.364514,0.109800,0,1.504870,0.109800,0,ns,0.291991,0.130700,0,-1.408145,0.130700,0,ns,0.250656,0.184200,0,-1.075928,0.184200,0
TN316061,Hicher,Sousse,Centre East,6,0,0,95.2446,3.5100,1.2454,ns,0.589334,0.081300,0,1.642613,0.081300,0,ns,0.576405,0.054700,0,-1.826485,0.054700,0,ns,0.084756,0.743900,0,-0.264534,0.743900,0
TN316062,Menzel Dar Belouar,Sousse,Centre East,6,0,0,95.2446,3.5100,1.2454,ns,0.247288,0.110700,0,1.468781,0.110700,0,ns,0.210800,0.139500,0,-1.342407,0.139500,0,ns,0.139906,0.133900,0,-1.169202,0.133900,0
TN316063,M'Rabet Hached,Sousse,Centre East,6,0,0,95.2446,3.5100,1.2454,ns,0.565610,0.107200,0,1.488004,0.107200,0,ns,0.510640,0.128700,0,-1.381752,0.128700,0,ns,0.247184,0.156600,0,-1.143265,0.156600,0
TN316151,Bouficha,Sousse,Centre East,6,0,0,95.2446,3.5100,1.2454,ns,-0.065428,0.162300,0,1.293372,0.162300,0,ns,-0.057627,0.177200,0,-1.228754,0.177200,0,ns,-0.032318,0.276500,0,-0.920789,0.276500,0
TN316152,Oued El Kharroub,Sousse,Centre East,6,0,0,95.2446,3.5100,1.2454,ns,0.257934,0.368000,0,0.853974,0.368000,0,ns,0.223371,0.428200,0,-0.745722,0.428200,0,ns,0.125070,0.318600,0,-0.783451,0.318600,0
TN316153,Sidi Khalifa,Sousse,Centre East,5,0,0,95.2446,3.5100,1.2454,ns,0.257624,0.457800,0,0.699655,0.457800,0,ns,0.220732,0.536200,0,-0.588155,0.536200,0,ns,0.115272,0.354200,0,-0.713081,0.354200,0
TN316154,Essafha,Sousse,Centre East,6,0,0,95.2446,3.5100,1.2454,ns,0.371210,0.230000,0,1.129210,0.230000,0,ns,0.374309,0.292900,0,-0.984326,0.292900,0,ns,-0.003303,0.176700,0,-1.060638,0.176700,0
TN316155,Sidi Said,Sousse,Centre East,6,0,0,95.2446,3.5100,1.2454,ns,0.083405,0.136200,0,1.363744,0.136200,0,ns,0.056396,0.151000,0,-1.302325,0.151000,0,ns,0.078186,0.254600,0,-0.898984,0.254600,0
TN316156,Ain Errahma,Sousse,Centre East,5,0,0,95.2446,3.5100,1.2454,ns,0.310252,0.219400,0,1.124601,0.219400,0,ns,0.302091,0.221900,0,-1.101446,0.221900,0,ns,0.093335,0.418500,0,-0.629263,0.418500,0
TN316157,El Methalit,Sousse,Centre East,3,0,0,95.2446,3.5100,1.2454,ns,0.353748,0.192800,0,1.142481,0.192800,0,ns,0.430152,0.139800,0,-1.239265,0.139800,0,ns,0.009464,0.725400,0,-0.268833,0.725400,0
TN316158,Esselloum,Sousse,Centre East,5,0,0,95.2446,3.5100,1.2454,ns,0.242621,0.289500,0,0.967370,0.289500,0,ns,0.219739,0.299100,0,-0.931599,0.299100,0,ns,0.105441,0.445100,0,-0.617090,0.445100,0
TN316159,Sidi M'Tir,Sousse,Centre East,6,0,0,95.2446,3.5100,1.2454,ns,0.161670,0.445500,0,0.726225,0.445500,0,ns,0.131068,0.518100,0,-0.610717,0.518100,0,ns,0.101866,0.341700,0,-0.723995,0.341700,0
TN316251,Kondar,Sousse,Centre East,7,0,0,95.2446,3.5100,1.2454,ns,0.153796,0.116800,0,1.471235,0.116800,0,ns,0.027182,0.158500,0,-1.299198,0.158500,0,ns,0.416186,0.099500,0,-1.296959,0.099500,0
TN316252,Bir El Jedid,Sousse,Centre East,5,0,0,95.2446,3.5100,1.2454,ns,0.223586,0.068400,0,1.702548,0.068400,0,ns,0.213327,0.065700,0,-1.714031,0.065700,0,ns,0.073493,0.271300,0,-0.843446,0.271300,0
TN316253,Belalma,Sousse,Centre East,4,0,0,95.2446,3.5100,1.2454,ns,0.467872,0.214200,0,1.141691,0.214200,0,ns,0.373648,0.351400,0,-0.858258,0.351400,0,ns,0.188018,0.056700,0,-1.455528,0.056700,0
TN316254,Bechachma,Sousse,Centre East,4,0,0,95.2446,3.5100,1.2454,ns,0.427659,0.266600,0,1.023745,0.266600,0,ns,0.339513,0.361900,0,-0.847436,0.361900,0,ns,0.288466,0.147400,0,-1.068259,0.147400,0
TN316255,Ouled El Abed,Sousse,Centre East,5,0,0,95.2446,3.5100,1.2454,ns,0.174913,0.196200,0,1.196874,0.196200,0,ns,0.129897,0.302400,0,-0.961115,0.302400,0,ns,0.149409,0.075000,0,-1.312468,0.075000,0
TN316256,Gmata,Sousse,Centre East,5,0,0,95.2446,3.5100,1.2454,ns,0.269149,0.211400,0,1.148074,0.211400,0,ns,0.231971,0.281000,0,-0.992390,0.281000,0,ns,0.132162,0.155700,0,-1.127452,0.155700,0
TN316257,Ouled Ameur,Sousse,Centre East,6,0,0,95.2446,3.5100,1.2454,ns,0.413373,0.092700,0,1.556874,0.092700,0,ns,0.364875,0.122700,0,-1.388488,0.122700,0,ns,0.192725,0.090200,0,-1.332109,0.090200,0
TN316351,Sidi El Heni Centre,Sousse,Centre East,5,0,0,95.2446,3.5100,1.2454,ns,0.332436,0.286400,0,0.984946,0.286400,0,ns,0.273718,0.396700,0,-0.793242,0.396700,0,ns,0.168463,0.146100,0,-1.127433,0.146100,0
TN316352,Sidi El Heni Ouest,Sousse,Centre East,5,0,0,95.2446,3.5100,1.2454,ns,0.259887,0.162000,0,1.264187,0.162000,0,ns,0.168803,0.205500,0,-1.144191,0.205500,0,ns,0.297910,0.178900,0,-1.028628,0.178900,0
TN316353,Sidi El Heni Sud,Sousse,Centre East,9,0,0,95.2446,3.5100,1.2454,ns,0.127600,0.104700,0,1.546959,0.104700,0,ns,0.092776,0.145500,0,-1.357446,0.145500,0,ns,0.121396,0.085200,0,-1.413150,0.085200,0
TN316354,Ouled Ali Belhani,Sousse,Centre East,4,0,0,95.2446,3.5100,1.2454,ns,0.008028,0.986600,0,0.016673,0.986600,0,ns,-0.030254,0.950700,0,0.059264,0.950700,0,ns,0.089166,0.747500,0,-0.268099,0.747500,0
TN316355,Kroussia Ouest,Sousse,Centre East,7,0,0,95.2446,3.5100,1.2454,ns,0.122750,0.058800,0,1.829805,0.058800,0,ns,0.047094,0.078300,0,-1.645671,0.078300,0,ns,0.241025,0.062000,0,-1.538839,0.062000,0
TN316356,Kroussia Centrale,Sousse,Centre East,6,0,0,95.2446,3.5100,1.2454,ns,0.093363,0.406100,0,0.796313,0.406100,0,ns,0.055526,0.468400,0,-0.682949,0.468400,0,ns,0.133478,0.326900,0,-0.797410,0.326900,0
TN316451,Ettouara Nord,Sousse,Centre East,6,0,0,95.2446,3.5100,1.2454,ns,1.401089,0.021600,0,-2.541916,0.021600,0,ns,1.873918,0.014100,0,3.010287,0.014100,0,ns,-0.006012,0.828800,0,-0.168428,0.828800,0
TN316452,Ettouara Sud,Sousse,Centre East,6,0,0,95.2446,3.5100,1.2454,ns,1.212260,0.007900,0,-3.212867,0.007900,0,ns,1.740036,0.005600,0,3.498547,0.005600,0,ns,-0.131864,0.379000,0,0.682273,0.379000,0
TN316453,Jedidine,Sousse,Centre East,8,0,0,95.2446,3.5100,1.2454,ns,1.716329,0.066400,0,-1.780219,0.066400,0,ns,2.313980,0.030100,0,2.238213,0.030100,0,ns,-0.142843,0.489100,0,-0.566853,0.489100,0
TN316454,Jebline,Sousse,Centre East,5,0,0,95.2446,3.5100,1.2454,ns,1.421749,0.011700,0,-3.040459,0.011700,0,ns,1.708201,0.009800,0,3.255653,0.009800,0,ns,0.049023,0.290900,0,0.859597,0.290900,0
TN316455,Habib Thameur,Sousse,Centre East,11,0,0,95.2446,3.5100,1.2454,ns,0.287038,0.444400,0,-0.743360,0.444400,0,ns,0.397332,0.292100,0,1.005608,0.292100,0,ns,-0.071246,0.563200,0,-0.449973,0.563200,0
TN316456,Mouredine,Sousse,Centre East,7,0,0,95.2446,3.5100,1.2454,ns,-0.147373,0.329100,0,-0.935310,0.329100,0,ns,-0.154124,0.227200,0,1.128954,0.227200,0,ns,0.030158,0.821600,0,-0.188148,0.821600,0
TN316457,Mneaema,Sousse,Centre East,5,0,0,95.2446,3.5100,1.2454,ns,0.342368,0.190700,0,-1.184696,0.190700,0,ns,0.337139,0.132800,0,1.340345,0.132800,0,ns,0.021217,0.910300,0,0.096275,0.910300,0
TN316458,El Gharbine,Sousse,Centre East,4,0,0,95.2446,3.5100,1.2454,ns,0.485935,0.037600,0,-2.100834,0.037600,0,ns,0.464026,0.035400,0,2.142435,0.035400,0,ns,0.153758,0.208800,0,0.953965,0.208800,0
TN316459,El Kenaies,Sousse,Centre East,6,0,0,95.2446,3.5100,1.2454,ns,-0.151372,0.404800,0,-0.786206,0.404800,0,ns,-0.137179,0.365200,0,0.851091,0.365200,0,ns,-0.035731,0.823600,0,0.185095,0.823600,0
TN316460,El Kebline,Sousse,Centre East,7,0,0,95.2446,3.5100,1.2454,ns,0.111681,0.141000,0,-1.388906,0.141000,0,ns,0.238384,0.073400,0,1.673679,0.073400,0,ns,0.031729,0.778600,0,-0.216224,0.778600,0
TN316461,Ennour,Sousse,Centre East,4,0,0,95.2446,3.5100,1.2454,ns,0.312530,0.618300,0,-0.476937,0.618300,0,ns,0.498704,0.402300,0,0.771322,0.402300,0,ns,-0.255378,0.346500,0,-0.683520,0.346500,0
TN316462,El Frady,Sousse,Centre East,4,0,0,95.2446,3.5100,1.2454,ns,0.039625,0.617600,0,0.485336,0.617600,0,ns,0.041424,0.600100,0,-0.507031,0.600100,0,ns,0.007188,0.823700,0,-0.171064,0.823700,0
TN316463,Borgine,Sousse,Centre East,7,0,0,95.2446,3.5100,1.2454,ns,-0.055533,0.462000,0,0.707062,0.462000,0,ns,-0.013721,0.721700,0,-0.352966,0.721700,0,ns,-0.250265,0.066700,0,-1.527814,0.066700,0
TN316464,Beni Rabiaa,Sousse,Centre East,5,0,0,95.2446,3.5100,1.2454,ns,0.042631,0.637400,0,-0.463284,0.637400,0,ns,0.094653,0.644700,0,0.450566,0.644700,0,ns,-0.093539,0.729800,0,0.275974,0.729800,0
TN316465,Beni Khalthoum,Sousse,Centre East,5,0,0,95.2446,3.5100,1.2454,ns,-0.084763,0.764500,0,-0.298426,0.764500,0,ns,-0.112194,0.628500,0,0.470457,0.628500,0,ns,0.105239,0.598900,0,-0.410147,0.598900,0
TN316466,Nejajra,Sousse,Centre East,10,0,0,95.2446,3.5100,1.2454,ns,0.184624,0.619500,0,-0.490864,0.619500,0,ns,0.315315,0.385100,0,0.841977,0.385100,0,ns,-0.168594,0.274500,0,-0.869925,0.274500,0
TN316467,Messadine,Sousse,Centre East,4,0,0,95.2446,3.5100,1.2454,ns,1.190130,0.055600,0,-1.786253,0.055600,0,ns,1.764409,0.036100,0,2.108840,0.036100,0,ns,0.027453,0.868900,0,-0.142021,0.868900,0
TN316551,Kalaa Seghira Est,Sousse,Centre East,8,0,0,95.2446,3.5100,1.2454,ns,-0.155368,0.080500,0,-1.664721,0.080500,0,ns,-0.095672,0.059000,0,1.779558,0.059000,0,ns,-0.078188,0.572800,0,0.459575,0.572800,0
TN316552,Kalaa Seghira Hached,Sousse,Centre East,5,0,0,95.2446,3.5100,1.2454,ns,0.002949,0.904000,0,0.114636,0.904000,0,ns,-0.000589,0.986700,0,-0.014759,0.986700,0,ns,0.080819,0.628800,0,-0.378595,0.628800,0
TN316553,Kalaa Seghira Ville,Sousse,Centre East,5,0,0,95.2446,3.5100,1.2454,ns,-0.120755,0.455500,0,0.712651,0.455500,0,ns,-0.098857,0.584000,0,-0.528278,0.584000,0,ns,-0.030938,0.215200,0,-0.922071,0.215200,0
TN316554,En-Nagr,Sousse,Centre East,5,0,0,95.2446,3.5100,1.2454,ns,0.080537,0.753500,0,0.310536,0.753500,0,ns,0.053798,0.838800,0,-0.205118,0.838800,0,ns,0.058098,0.534000,0,-0.486721,0.534000,0
TN316555,Oued Leya,Sousse,Centre East,7,0,0,95.2446,3.5100,1.2454,ns,0.053913,0.869000,0,0.159899,0.869000,0,ns,0.021647,0.946900,0,-0.067903,0.946900,0,ns,0.079112,0.639000,0,-0.373006,0.639000,0
TN316651,Zaouit Sousse,Sousse,Centre East,10,0,0,95.2446,3.5100,1.2454,ns,-0.097802,0.167300,0,-1.326612,0.167300,0,ns,-0.050816,0.085200,0,1.630860,0.085200,0,ns,0.057455,0.688300,0,-0.326602,0.688300,0
TN316652,Ksibet Sousse,Sousse,Centre East,7,0,0,95.2446,3.5100,1.2454,ns,-0.111503,0.137200,0,-1.401794,0.137200,0,ns,-0.051192,0.068100,0,1.714681,0.068100,0,ns,0.060700,0.706400,0,-0.302891,0.706400,0
TN316653,Thrayet,Sousse,Centre East,6,0,0,95.2446,3.5100,1.2454,ns,-0.029093,0.629100,0,0.465584,0.629100,0,ns,-0.004282,0.876500,0,-0.149708,0.876500,0,ns,-0.177576,0.107800,0,-1.224629,0.107800,0
TN325151,El Medina,Monastir,Centre East,3,0,0,95.2446,3.5100,1.2454,ns,0.256450,0.643000,0,-0.452228,0.643000,0,ns,0.271945,0.628400,0,0.467561,0.628400,0,ns,0.042681,0.813600,0,0.180525,0.813600,0
TN325152,El Medina 2,Monastir,Centre East,3,0,0,95.2446,3.5100,1.2454,ns,0.220066,0.433800,0,-0.734984,0.433800,0,ns,0.220397,0.383000,0,0.798990,0.383000,0,ns,0.044536,0.802100,0,0.187848,0.802100,0
TN325153,Bab El Gharbi,Monastir,Centre East,6,0,0,95.2446,3.5100,1.2454,ns,0.278570,0.084900,0,-1.594606,0.084900,0,ns,0.302128,0.077700,0,1.610755,0.077700,0,ns,0.036099,0.339200,0,0.739821,0.339200,0
TN325154,Er-Rbat,Monastir,Centre East,2,0,0,95.2446,3.5100,1.2454,ns,0.184865,0.062100,0,-1.633904,0.062100,0,ns,0.259335,0.061100,0,1.621233,0.061100,0,ns,-0.075744,0.215600,0,0.918461,0.215600,0
TN325155,El Helia,Monastir,Centre East,5,0,0,95.2446,3.5100,1.2454,ns,-0.104904,0.155200,0,-1.291742,0.155200,0,ns,-0.085346,0.137100,0,1.328263,0.137100,0,ns,-0.051325,0.496200,0,0.527017,0.496200,0
TN325156,El Halia 2,Monastir,Centre East,5,0,0,95.2446,3.5100,1.2454,ns,0.300357,0.164300,0,-1.287034,0.164300,0,ns,0.329130,0.118900,0,1.404357,0.118900,0,ns,0.031393,0.733500,0,0.275177,0.733500,0
TN325157,Skanes,Monastir,Centre East,7,0,0,95.2446,3.5100,1.2454,ns,0.321691,0.660300,0,-0.418143,0.660300,0,ns,0.467058,0.499500,0,0.635170,0.499500,0,ns,-0.188150,0.561900,0,-0.460669,0.561900,0
TN325158,Khenis Sud,Monastir,Centre East,3,0,0,95.2446,3.5100,1.2454,ns,0.262499,0.531200,0,-0.593395,0.531200,0,ns,0.367195,0.434100,0,0.722912,0.434100,0,ns,-0.003075,0.869100,0,-0.138156,0.869100,0
TN325159,Khenis Nord,Monastir,Centre East,6,0,0,95.2446,3.5100,1.2454,ns,0.118801,0.538500,0,-0.586125,0.538500,0,ns,0.170335,0.431600,0,0.737379,0.431600,0,ns,-0.001859,0.814400,0,-0.196286,0.814400,0
TN325251,Ouerdanine Nord,Monastir,Centre East,7,0,0,95.2446,3.5100,1.2454,ns,-0.031970,0.817900,0,-0.228511,0.817900,0,ns,-0.036553,0.707100,0,0.374736,0.707100,0,ns,0.075020,0.665500,0,-0.350157,0.665500,0
TN325252,Ouerdaninie Sud,Monastir,Centre East,9,0,0,95.2446,3.5100,1.2454,ns,0.086290,0.587300,0,0.526344,0.587300,0,ns,0.043043,0.767600,0,-0.286518,0.767600,0,ns,0.130059,0.192500,0,-1.036167,0.192500,0
TN325253,Menzel Khair,Monastir,Centre East,5,0,0,95.2446,3.5100,1.2454,ns,-0.138365,0.321700,0,0.924174,0.321700,0,ns,-0.189771,0.353900,0,-0.858837,0.353900,0,ns,0.101871,0.392500,0,-0.671313,0.392500,0
TN325254,Sidi Bou Othman,Monastir,Centre East,5,0,0,95.2446,3.5100,1.2454,ns,0.506600,0.237500,0,1.081985,0.237500,0,ns,0.423884,0.311700,0,-0.917926,0.311700,0,ns,0.275357,0.151300,0,-1.073056,0.151300,0
TN325255,Oued El Jebs,Monastir,Centre East,3,0,0,95.2446,3.5100,1.2454,ns,0.685099,0.116000,0,1.381785,0.116000,0,ns,0.572047,0.118700,0,-1.323014,0.118700,0,ns,0.401800,0.236400,0,-0.918137,0.236400,0
TN325351,Sahline Est,Monastir,Centre East,6,0,0,95.2446,3.5100,1.2454,ns,0.178182,0.117900,0,-1.451510,0.117900,0,ns,0.305841,0.080500,0,1.599229,0.080500,0,ns,-0.044508,0.735400,0,0.270262,0.735400,0
TN325352,Sahline Ouest,Monastir,Centre East,8,0,0,95.2446,3.5100,1.2454,ns,0.076357,0.712600,0,-0.353098,0.712600,0,ns,0.142850,0.626200,0,0.468146,0.626200,0,ns,0.034345,0.808500,0,-0.202262,0.808500,0
TN325353,Sidi Ameur,Monastir,Centre East,5,0,0,95.2446,3.5100,1.2454,ns,0.004948,0.727100,0,0.339617,0.727100,0,ns,0.000092,0.936300,0,-0.073851,0.936300,0,ns,0.051878,0.175000,0,-1.081884,0.175000,0
TN325354,Mootmar,Monastir,Centre East,4,0,0,95.2446,3.5100,1.2454,ns,-0.029380,0.852100,0,-0.182007,0.852100,0,ns,-0.034752,0.724600,0,0.335552,0.724600,0,ns,0.111018,0.614200,0,-0.408010,0.614200,0
TN325355,Masjed Aissa,Monastir,Centre East,6,0,0,95.2446,3.5100,1.2454,ns,-0.027009,0.697200,0,-0.383307,0.697200,0,ns,-0.023144,0.502700,0,0.639396,0.502700,0,ns,0.088141,0.413400,0,-0.628971,0.413400,0
TN325451,Mezaougha,Monastir,Centre East,5,0,0,95.2446,3.5100,1.2454,ns,0.051840,0.643500,0,0.446432,0.643500,0,ns,0.022592,0.575000,0,-0.529112,0.575000,0,ns,-0.007764,0.958900,0,0.040770,0.958900,0
TN325452,Menzel Hayet,Monastir,Centre East,7,0,0,95.2446,3.5100,1.2454,ns,0.020145,0.629000,0,0.474255,0.629000,0,ns,0.021233,0.690500,0,-0.398575,0.690500,0,ns,-0.006691,0.531900,0,-0.502711,0.531900,0
TN325453,Melichet,Monastir,Centre East,3,0,0,95.2446,3.5100,1.2454,ns,0.081811,0.754700,0,0.301481,0.754700,0,ns,0.084604,0.818400,0,-0.222270,0.818400,0,ns,-0.075478,0.603100,0,-0.416042,0.603100,0
TN325454,Zeramdine Nord,Monastir,Centre East,6,0,0,95.2446,3.5100,1.2454,ns,-0.073616,0.602100,0,0.510569,0.602100,0,ns,-0.065945,0.715100,0,-0.356555,0.715100,0,ns,0.039748,0.344500,0,-0.750496,0.344500,0
TN325455,Zeramdine Sud,Monastir,Centre East,6,0,0,95.2446,3.5100,1.2454,ns,-0.120552,0.426100,0,0.763097,0.426100,0,ns,-0.089831,0.523200,0,-0.618486,0.523200,0,ns,-0.103512,0.275400,0,-0.866037,0.275400,0
TN325551,Beni Hassen Sud,Monastir,Centre East,6,0,0,95.2446,3.5100,1.2454,ns,0.310997,0.085000,0,1.593746,0.085000,0,ns,0.259957,0.132000,0,-1.376884,0.132000,0,ns,0.178240,0.059500,0,-1.555033,0.059500,0
TN325552,Beni Hassen Nord,Monastir,Centre East,6,0,0,95.2446,3.5100,1.2454,ns,0.246282,0.190600,0,1.226899,0.190600,0,ns,0.140924,0.264300,0,-1.045849,0.264300,0,ns,0.375998,0.120900,0,-1.236623,0.120900,0
TN325553,Hatem,Monastir,Centre East,6,0,0,95.2446,3.5100,1.2454,ns,0.279586,0.326000,0,0.920929,0.326000,0,ns,0.216466,0.429700,0,-0.749270,0.429700,0,ns,0.206612,0.193100,0,-1.001380,0.193100,0
TN325554,El Jnaiha,Monastir,Centre East,6,0,0,95.2446,3.5100,1.2454,ns,0.489301,0.097600,0,1.528084,0.097600,0,ns,0.346122,0.143800,0,-1.317383,0.143800,0,ns,0.502458,0.066600,0,-1.393470,0.066600,0
TN325555,Ghnada,Monastir,Centre East,5,0,0,95.2446,3.5100,1.2454,ns,0.075666,0.726900,0,0.333815,0.726900,0,ns,0.065306,0.758800,0,-0.291011,0.758800,0,ns,0.036758,0.697700,0,-0.307542,0.697700,0
TN325651,Jamel Sud,Monastir,Centre East,5,0,0,95.2446,3.5100,1.2454,ns,0.102454,0.275900,0,1.010528,0.275900,0,ns,0.068073,0.405100,0,-0.785413,0.405100,0,ns,0.121312,0.107200,0,-1.187198,0.107200,0
TN325652,Jamel Nord,Monastir,Centre East,6,0,0,95.2446,3.5100,1.2454,ns,0.043109,0.883700,0,0.144201,0.883700,0,ns,-0.015603,0.969200,0,0.039504,0.969200,0,ns,0.150100,0.398000,0,-0.712525,0.398000,0
TN325653,Jamel Est,Monastir,Centre East,6,0,0,95.2446,3.5100,1.2454,ns,0.041295,0.300900,0,0.973390,0.300900,0,ns,0.019364,0.341000,0,-0.885429,0.341000,0,ns,0.067625,0.318300,0,-0.777471,0.318300,0
TN325654,Jamel Ouest,Monastir,Centre East,5,0,0,95.2446,3.5100,1.2454,ns,0.035134,0.669600,0,0.413446,0.669600,0,ns,0.013511,0.777600,0,-0.275553,0.777600,0,ns,0.102800,0.403400,0,-0.623201,0.403400,0
TN325655,Zaouiet Kontoch,Monastir,Centre East,6,0,0,95.2446,3.5100,1.2454,ns,0.007832,0.755300,0,0.295338,0.755300,0,ns,0.001938,0.911700,0,-0.108709,0.911700,0,ns,0.031545,0.337200,0,-0.768936,0.337200,0
TN325656,Bir Taieb,Monastir,Centre East,7,0,0,95.2446,3.5100,1.2454,ns,0.289458,0.325400,0,0.935892,0.325400,0,ns,0.225262,0.419700,0,-0.769089,0.419700,0,ns,0.210337,0.195900,0,-1.052507,0.195900,0
TN325657,Menzel Kamel,Monastir,Centre East,9,0,0,95.2446,3.5100,1.2454,ns,0.016261,0.593200,0,0.523593,0.593200,0,ns,-0.012201,0.672300,0,-0.416025,0.672300,0,ns,0.129677,0.454100,0,-0.623981,0.454100,0
TN325658,El Hdadra,Monastir,Centre East,5,0,0,95.2446,3.5100,1.2454,ns,-0.009784,0.976900,0,-0.029613,0.976900,0,ns,-0.028987,0.868700,0,0.165156,0.868800,0,ns,0.122492,0.594400,0,-0.421699,0.594400,0
TN325659,Et-Teyaira,Monastir,Centre East,6,0,0,95.2446,3.5100,1.2454,ns,0.226488,0.377300,0,0.839345,0.377300,0,ns,0.135551,0.476700,0,-0.666307,0.476700,0,ns,0.343509,0.204400,0,-0.968876,0.204400,0
TN325751,Bembla,Monastir,Centre East,6,0,0,95.2446,3.5100,1.2454,ns,-0.027411,0.667500,0,-0.409701,0.667500,0,ns,-0.020710,0.519200,0,0.596291,0.519200,0,ns,0.052331,0.604500,0,-0.417346,0.604500,0
TN325752,Bembla Ouest,Monastir,Centre East,7,0,0,95.2446,3.5100,1.2454,ns,0.014044,0.837700,0,0.202037,0.837700,0,ns,0.000683,0.986700,0,-0.014757,0.986700,0,ns,0.099896,0.374800,0,-0.731177,0.374800,0
TN325753,El Manara,Monastir,Centre East,5,0,0,95.2446,3.5100,1.2454,ns,-0.042090,0.928200,0,-0.086526,0.928200,0,ns,-0.108053,0.773100,0,0.279152,0.773100,0,ns,0.225179,0.467500,0,-0.572156,0.467500,0
TN325754,Menzel En-Nour,Monastir,Centre East,5,0,0,95.2446,3.5100,1.2454,ns,-0.324663,0.389800,0,0.819497,0.389800,0,ns,-0.381829,0.434200,0,-0.743861,0.434200,0,ns,0.110191,0.397000,0,-0.672151,0.397000,0
TN325755,El Masdour,Monastir,Centre East,9,0,0,95.2446,3.5100,1.2454,ns,0.108432,0.563600,0,0.561584,0.563600,0,ns,0.050937,0.782200,0,-0.268126,0.782200,0,ns,0.139056,0.124300,0,-1.221752,0.124300,0
TN325756,Menzel Harb,Monastir,Centre East,7,0,0,95.2446,3.5100,1.2454,ns,-0.026867,0.766000,0,0.289246,0.766000,0,ns,-0.002005,0.978200,0,-0.025244,0.978200,0,ns,-0.056386,0.205000,0,-1.024640,0.205000,0
TN325851,Moknine Est,Monastir,Centre East,5,0,0,95.2446,3.5100,1.2454,ns,0.109320,0.682500,0,0.394649,0.682500,0,ns,0.066867,0.779500,0,-0.271567,0.779500,0,ns,0.142954,0.438500,0,-0.595384,0.438500,0
TN325852,Moknine Sud,Monastir,Centre East,8,0,0,95.2446,3.5100,1.2454,ns,0.229241,0.195100,0,1.223388,0.195100,0,ns,0.195701,0.268700,0,-1.027677,0.268800,0,ns,0.106497,0.111600,0,-1.259853,0.111600,0
TN325853,Moknine Nord,Monastir,Centre East,5,0,0,95.2446,3.5100,1.2454,ns,-0.034888,0.536700,0,0.588245,0.536700,0,ns,-0.021492,0.653400,0,-0.433369,0.653400,0,ns,-0.049015,0.308000,0,-0.816999,0.308000,0
TN325854,Ras El Ouad,Monastir,Centre East,6,0,0,95.2446,3.5100,1.2454,ns,0.006665,0.956000,0,0.053883,0.956000,0,ns,-0.010232,0.950800,0,0.061700,0.950900,0,ns,0.053449,0.626700,0,-0.376532,0.626700,0
TN325855,Moknine Ouest,Monastir,Centre East,6,0,0,95.2446,3.5100,1.2454,ns,0.018623,0.669400,0,0.414833,0.669400,0,ns,-0.000511,0.777500,0,-0.282330,0.777500,0,ns,0.110608,0.428000,0,-0.619608,0.428000,0
TN325856,Kheredine,Monastir,Centre East,7,0,0,95.2446,3.5100,1.2454,ns,0.204416,0.213700,0,1.164462,0.213700,0,ns,0.139894,0.258200,0,-1.058861,0.258200,0,ns,0.211510,0.238100,0,-0.917793,0.238100,0
TN325857,Sidi Bennour,Monastir,Centre East,6,0,0,95.2446,3.5100,1.2454,ns,0.304550,0.067400,0,1.728577,0.067400,0,ns,0.219786,0.088600,0,-1.558823,0.088600,0,ns,0.285260,0.075600,0,-1.431199,0.075600,0
TN325858,Menzel Farsi,Monastir,Centre East,6,0,0,95.2446,3.5100,1.2454,ns,0.399641,0.140800,0,1.356173,0.140800,0,ns,0.352170,0.189800,0,-1.195415,0.189700,0,ns,0.179716,0.120400,0,-1.237389,0.120400,0
TN325859,Cherahil,Monastir,Centre East,6,0,0,95.2446,3.5100,1.2454,ns,0.493981,0.064700,0,1.737231,0.064700,0,ns,0.392596,0.078900,0,-1.607574,0.078900,0,ns,0.355692,0.086000,0,-1.300693,0.086000,0
TN325860,Amiret El Fehoul,Monastir,Centre East,7,0,0,95.2446,3.5100,1.2454,ns,0.438028,0.036300,0,2.099340,0.036300,0,ns,0.378081,0.051700,0,-1.859637,0.051700,0,ns,0.225235,0.038000,0,-1.816166,0.038000,0
TN325861,Amiret El Hojjaj,Monastir,Centre East,7,0,0,95.2446,3.5100,1.2454,ns,0.466306,0.066300,0,1.724302,0.066300,0,ns,0.372722,0.086800,0,-1.568196,0.086800,0,ns,0.332905,0.082600,0,-1.341988,0.082600,0
TN325862,Amiret Touazra,Monastir,Centre East,8,0,0,95.2446,3.5100,1.2454,ns,0.372271,0.098500,0,1.548068,0.098500,0,ns,0.304553,0.139900,0,-1.359351,0.139900,0,ns,0.242191,0.079900,0,-1.411290,0.079900,0
TN325863,Amiret Touazra Sud,Monastir,Centre East,3,0,0,95.2446,3.5100,1.2454,ns,0.407444,0.195600,0,1.123259,0.195600,0,ns,0.316833,0.227600,0,-1.040171,0.227600,0,ns,0.310181,0.244300,0,-0.808795,0.244300,0
TN325951,Bekalta Nord,Monastir,Centre East,4,0,0,95.2446,3.5100,1.2454,ns,0.008671,0.567900,0,0.547799,0.567900,0,ns,-0.026464,0.641700,0,-0.450075,0.641700,0,ns,0.140365,0.455200,0,-0.577711,0.455200,0
TN325952,Beklta Sud,Monastir,Centre East,3,0,0,95.2446,3.5100,1.2454,ns,0.012167,0.724600,0,0.351311,0.724600,0,ns,0.016365,0.862000,0,-0.174760,0.862000,0,ns,-0.139408,0.327600,0,-0.787035,0.327600,0
TN325953,El Baghdadi,Monastir,Centre East,3,0,0,95.2446,3.5100,1.2454,ns,-0.005969,0.920400,0,0.098618,0.920400,0,ns,-0.025868,0.831200,0,-0.210605,0.831200,0,ns,-0.052142,0.684000,0,0.308667,0.684100,0
TN325954,Beklta Est,Monastir,Centre East,3,0,0,95.2446,3.5100,1.2454,ns,-0.004658,0.988900,0,-0.014936,0.988900,0,ns,-0.034222,0.916100,0,0.103379,0.916100,0,ns,0.074115,0.731100,0,-0.260467,0.731100,0
TN326051,Houmet Essouk,Monastir,Centre East,3,0,0,95.2446,3.5100,1.2454,ns,0.017020,0.804400,0,0.244299,0.804400,0,ns,0.001141,0.969200,0,-0.039046,0.969200,0,ns,0.125920,0.283100,0,-0.762820,0.283100,0
TN326052,El Fadhline,Monastir,Centre East,3,0,0,95.2446,3.5100,1.2454,ns,0.021682,0.849600,0,0.188823,0.849600,0,ns,-0.003339,0.968000,0,0.041101,0.968000,0,ns,0.153027,0.261300,0,-0.812824,0.261300,0
TN326053,El Aiaicha,Monastir,Centre East,6,0,0,95.2446,3.5100,1.2454,ns,0.026463,0.691300,0,0.390447,0.691300,0,ns,-0.000842,0.858700,0,-0.172044,0.858700,0,ns,0.247942,0.249100,0,-0.920358,0.249100,0
TN326054,Sokrine,Monastir,Centre East,4,0,0,95.2446,3.5100,1.2454,ns,0.000325,0.977500,0,0.024493,0.977500,0,ns,0.004212,0.892400,0,0.127219,0.892400,0,ns,0.097164,0.511200,0,-0.517092,0.511200,0
TN326055,Bou-Driss,Monastir,Centre East,7,0,0,95.2446,3.5100,1.2454,ns,-0.002188,0.936500,0,0.075690,0.936500,0,ns,0.007186,0.893300,0,0.126163,0.893300,0,ns,0.059918,0.391900,0,-0.700054,0.391900,0
TN326151,Ayed,Monastir,Centre East,10,0,0,95.2446,3.5100,1.2454,ns,-0.021764,0.819200,0,0.227470,0.819200,0,ns,-0.005649,0.954200,0,-0.054616,0.954200,0,ns,0.047060,0.409900,0,-0.657831,0.409900,0
TN326152,Soua,Monastir,Centre East,7,0,0,95.2446,3.5100,1.2454,ns,-0.038730,0.426000,0,0.756609,0.426000,0,ns,-0.057283,0.513500,0,-0.611542,0.513500,0,ns,0.093737,0.279500,0,-0.844581,0.279500,0
TN326153,Bouzouita,Monastir,Centre East,5,0,0,95.2446,3.5100,1.2454,ns,0.102582,0.674000,0,0.400220,0.674000,0,ns,0.044464,0.850600,0,-0.179887,0.850600,0,ns,0.119814,0.229500,0,-0.939091,0.229500,0
TN326154,Cite Erriadh,Monastir,Centre East,6,0,0,95.2446,3.5100,1.2454,ns,-0.015048,0.920000,0,-0.099279,0.920000,0,ns,-0.026845,0.802600,0,0.237228,0.802600,0,ns,0.071074,0.620700,0,-0.396593,0.620800,0
TN326251,Ksibet El Mediouni,Monastir,Centre East,6,0,0,95.2446,3.5100,1.2454,ns,0.033776,0.888900,0,-0.137140,0.888900,0,ns,0.097773,0.732700,0,0.325502,0.732700,0,ns,-0.015246,0.499600,0,-0.527027,0.499600,0
TN326252,Touza,Monastir,Centre East,7,0,0,95.2446,3.5100,1.2454,ns,0.222907,0.411900,0,0.781983,0.411900,0,ns,0.174239,0.494100,0,-0.641168,0.494100,0,ns,0.158969,0.285200,0,-0.859180,0.285200,0
TN326253,Benen Sud,Monastir,Centre East,5,0,0,95.2446,3.5100,1.2454,ns,-0.002442,0.937500,0,-0.072509,0.937500,0,ns,0.002472,0.878500,0,0.148313,0.878500,0,ns,0.029919,0.796800,0,-0.202733,0.796900,0
TN326254,Benen Nord,Monastir,Centre East,4,0,0,95.2446,3.5100,1.2454,ns,-0.035822,0.834500,0,-0.194406,0.834500,0,ns,-0.049290,0.754100,0,0.292530,0.754100,0,ns,0.024991,0.792200,0,-0.204360,0.792300,0
TN326255,Bodher,Monastir,Centre East,9,0,0,95.2446,3.5100,1.2454,ns,0.006434,0.756700,0,0.297925,0.756700,0,ns,0.001863,0.964400,0,-0.042527,0.964400,0,ns,-0.078675,0.220700,0,-0.953883,0.220700,0
TN326351,Sayada Est,Monastir,Centre East,4,0,0,95.2446,3.5100,1.2454,ns,0.008652,0.922600,0,-0.096469,0.922600,0,ns,0.018850,0.821800,0,0.218932,0.821800,0,ns,-0.029338,0.653000,0,-0.384957,0.653000,0
TN326352,Sayada Ouest,Monastir,Centre East,5,0,0,95.2446,3.5100,1.2454,ns,-0.017206,0.936200,0,0.078881,0.936200,0,ns,0.010600,0.966900,0,0.041091,0.966900,0,ns,-0.033260,0.593900,0,-0.427664,0.594000,0
TN326353,Lamta,Monastir,Centre East,5,0,0,95.2446,3.5100,1.2454,ns,-0.066584,0.663600,0,-0.419208,0.663600,0,ns,-0.076417,0.570200,0,0.542306,0.570200,0,ns,0.023850,0.826000,0,-0.172772,0.826000,0
TN326354,Bou-Hjar,Monastir,Centre East,5,0,0,95.2446,3.5100,1.2454,ns,0.014768,0.909200,0,-0.111758,0.909200,0,ns,0.047270,0.762900,0,0.300264,0.762900,0,ns,0.017306,0.476600,0,-0.583915,0.476600,0
TN335151,Mahdia,Mahdia,Centre East,2,0,0,95.2446,3.5100,1.2454,ns,0.356957,0.481400,0,-0.669188,0.481400,0,ns,0.268761,0.616700,0,0.503812,0.616700,0,ns,0.238189,0.208300,0,0.896198,0.208300,0
TN335152,Zouila,Mahdia,Centre East,5,0,0,95.2446,3.5100,1.2454,ns,0.345493,0.366500,0,-0.846749,0.366500,0,ns,0.263094,0.440900,0,0.719568,0.440900,0,ns,0.287955,0.270800,0,0.854905,0.270800,0
TN335153,Zouila Sud,Mahdia,Centre East,6,0,0,95.2446,3.5100,1.2454,ns,0.012615,0.073100,0,-1.672799,0.073100,0,ns,-0.071143,0.081100,0,1.605067,0.081100,0,ns,0.185721,0.163800,0,1.067782,0.163800,0
TN335154,Rejiche,Mahdia,Centre East,6,0,0,95.2446,3.5100,1.2454,ns,0.081238,0.783900,0,-0.260649,0.783900,0,ns,0.083844,0.768300,0,0.280333,0.768300,0,ns,0.011972,0.933100,0,0.069691,0.933100,0
TN335155,Rejiche Sud,Mahdia,Centre East,4,0,0,95.2446,3.5100,1.2454,ns,0.191380,0.749800,0,-0.316480,0.749800,0,ns,0.130643,0.835600,0,0.208866,0.835600,0,ns,0.124437,0.514300,0,0.520827,0.514400,0
TN335156,Chiba,Mahdia,Centre East,5,0,0,95.2446,3.5100,1.2454,ns,0.171692,0.630300,0,0.466541,0.630300,0,ns,0.119762,0.686200,0,-0.390006,0.686200,0,ns,0.184256,0.546600,0,-0.484841,0.546600,0
TN335157,Es-Saad,Mahdia,Centre East,9,0,0,95.2446,3.5100,1.2454,ns,0.173196,0.370600,0,0.859900,0.370600,0,ns,0.092874,0.477600,0,-0.686406,0.477600,0,ns,0.314122,0.207600,0,-1.018749,0.207600,0
TN335158,Jaouaouda,Mahdia,Centre East,5,0,0,95.2446,3.5100,1.2454,ns,0.593285,0.072900,0,1.650347,0.072900,0,ns,0.509032,0.123900,0,-1.364027,0.123900,0,ns,0.245150,0.038800,0,-1.716357,0.038800,0
TN335159,Ez-Zahra,Mahdia,Centre East,7,0,0,95.2446,3.5100,1.2454,ns,-0.002509,0.701500,0,-0.370214,0.701500,0,ns,0.000019,0.739700,0,0.318319,0.739700,0,ns,-0.009250,0.656200,0,0.350598,0.656200,0
TN335160,Zegana,Mahdia,Centre East,4,0,0,95.2446,3.5100,1.2454,ns,0.015129,0.934400,0,-0.077125,0.934400,0,ns,0.015185,0.919600,0,0.096867,0.919600,0,ns,-0.008644,0.974500,0,-0.025303,0.974500,0
TN335161,Hiboun,Mahdia,Centre East,5,0,0,95.2446,3.5100,1.2454,ns,0.081855,0.733300,0,-0.339606,0.733300,0,ns,0.075627,0.692400,0,0.395456,0.692400,0,ns,-0.007387,0.992700,0,-0.007070,0.992700,0
TN335162,Er-Remal,Mahdia,Centre East,3,0,0,95.2446,3.5100,1.2454,ns,0.269624,0.351800,0,-0.854466,0.351800,0,ns,0.215998,0.421600,0,0.736675,0.421600,0,ns,0.187172,0.272900,0,0.788042,0.272900,0
TN335163,El Hekaima Est,Mahdia,Centre East,7,0,0,95.2446,3.5100,1.2454,ns,0.716707,0.038100,0,2.089343,0.038100,0,ns,0.575470,0.055800,0,-1.828278,0.055800,0,ns,0.502732,0.030300,0,-1.913240,0.030300,0
TN335164,Hekaima Ouest,Mahdia,Centre East,7,0,0,95.2446,3.5100,1.2454,ns,0.775451,0.045200,0,1.958920,0.045200,0,ns,0.617505,0.051000,0,-1.880835,0.051000,0,ns,0.519180,0.111800,0,-1.236365,0.111800,0
TN335251,Bou Merdes,Mahdia,Centre East,6,0,0,95.2446,3.5100,1.2454,ns,-0.006507,0.192600,0,1.207741,0.192600,0,ns,-0.045874,0.237800,0,-1.090668,0.237800,0,ns,0.112434,0.204400,0,-1.004127,0.204400,0
TN335252,El Houes,Mahdia,Centre East,5,0,0,95.2446,3.5100,1.2454,ns,-0.012275,0.131400,0,1.380875,0.131400,0,ns,-0.024015,0.165700,0,-1.246246,0.165700,0,ns,0.032569,0.135800,0,-1.126460,0.135800,0
TN335253,Kerker,Mahdia,Centre East,5,0,0,95.2446,3.5100,1.2454,ns,0.107333,0.344600,0,0.877797,0.344600,0,ns,0.086788,0.385100,0,-0.795129,0.385100,0,ns,0.073899,0.360700,0,-0.714507,0.360700,0
TN335254,Zerata,Mahdia,Centre East,6,0,0,95.2446,3.5100,1.2454,ns,0.234778,0.433800,0,0.749739,0.433800,0,ns,0.171238,0.480000,0,-0.672481,0.480000,0,ns,0.218456,0.424000,0,-0.619184,0.424000,0
TN335255,Er-Rouadhi,Mahdia,Centre East,5,0,0,95.2446,3.5100,1.2454,ns,0.382158,0.161500,0,1.278805,0.161500,0,ns,0.343867,0.223300,0,-1.104165,0.223300,0,ns,0.138782,0.118500,0,-1.212325,0.118500,0
TN335256,Ech-Chouariaa,Mahdia,Centre East,6,0,0,95.2446,3.5100,1.2454,ns,0.579879,0.123100,0,1.427604,0.123100,0,ns,0.518881,0.144100,0,-1.341757,0.144100,0,ns,0.267749,0.194200,0,-0.989178,0.194200,0
TN335257,Bouhlale El Ali Sud,Mahdia,Centre East,6,0,0,95.2446,3.5100,1.2454,ns,0.216331,0.073200,0,1.671509,0.073200,0,ns,0.147796,0.076800,0,-1.624394,0.076800,0,ns,0.188611,0.200500,0,-0.954025,0.200500,0
TN335258,Bouhlale El Ali Nord,Mahdia,Centre East,4,0,0,95.2446,3.5100,1.2454,ns,0.253541,0.386200,0,0.810637,0.386200,0,ns,0.239168,0.430200,0,-0.745528,0.430200,0,ns,0.080793,0.405500,0,-0.604683,0.405500,0
TN335259,Menzel Hamza,Mahdia,Centre East,6,0,0,95.2446,3.5100,1.2454,ns,0.618255,0.045400,0,1.941374,0.045400,0,ns,0.507506,0.056200,0,-1.767795,0.056200,0,ns,0.403540,0.059800,0,-1.545957,0.059800,0
TN335351,Ouled Chamekh Sud,Mahdia,Centre East,5,0,0,95.2446,3.5100,1.2454,ns,0.350207,0.193100,0,1.197738,0.193100,0,ns,0.315063,0.157900,0,-1.280682,0.157900,0,ns,0.106014,0.638600,0,-0.355576,0.638600,0
TN335352,Ouled Chamekh Nord,Mahdia,Centre East,7,0,0,95.2446,3.5100,1.2454,ns,0.464392,0.074200,0,1.666355,0.074200,0,ns,0.415208,0.104300,0,-1.487711,0.104300,0,ns,0.197883,0.072900,0,-1.415470,0.072900,0
TN335353,Ouled Amor,Mahdia,Centre East,4,0,0,95.2446,3.5100,1.2454,ns,0.202450,0.309400,0,0.943129,0.309500,0,ns,0.276412,0.331500,0,-0.902774,0.331500,0,ns,-0.111437,0.436500,0,-0.605888,0.436500,0
TN335354,Chehimet Nord,Mahdia,Centre East,3,0,0,95.2446,3.5100,1.2454,ns,0.160353,0.420000,0,0.749964,0.420000,0,ns,0.167099,0.317200,0,-0.899545,0.317200,0,ns,-0.018405,0.901100,0,0.100650,0.901100,0
TN335355,El Ajilet,Mahdia,Centre East,8,0,0,95.2446,3.5100,1.2454,ns,0.260209,0.058000,0,1.838144,0.058000,0,ns,0.257617,0.061500,0,-1.789199,0.061500,0,ns,0.069329,0.162400,0,-1.109755,0.162400,0
TN335356,Es-Somra,Mahdia,Centre East,5,0,0,95.2446,3.5100,1.2454,ns,0.445929,0.122700,0,1.398190,0.122700,0,ns,0.380315,0.125600,0,-1.369338,0.125600,0,ns,0.234443,0.299500,0,-0.790622,0.299500,0
TN335357,Bou Slim,Mahdia,Centre East,7,0,0,95.2446,3.5100,1.2454,ns,0.331627,0.030800,0,2.206868,0.030800,0,ns,0.354974,0.040700,0,-2.009663,0.040700,0,ns,-0.016631,0.039900,0,-1.678554,0.039900,0
TN335358,Meharza Nord,Mahdia,Centre East,4,0,0,95.2446,3.5100,1.2454,ns,0.607433,0.149300,0,1.280724,0.149300,0,ns,0.570318,0.145600,0,-1.261518,0.145600,0,ns,0.222099,0.341300,0,-0.709462,0.341300,0
TN335451,Chorbane,Mahdia,Centre East,7,0,1,90.3080,7.2373,2.4547,ns,0.007227,0.878900,0,0.150054,0.878900,0,ns,0.013428,0.823100,0,-0.215593,0.823100,0,ns,0.002795,0.869900,0,0.133325,0.869900,0
TN335452,El Maati,Mahdia,Centre East,5,0,1,90.3080,7.2373,2.4547,ns,0.040242,0.756700,0,0.294026,0.756700,0,ns,0.039506,0.779900,0,-0.267508,0.779900,0,ns,0.007536,0.772200,0,-0.237508,0.772200,0
TN335453,Ech-Chahda Sud,Mahdia,Centre East,6,0,1,90.3080,7.2373,2.4547,ns,0.021980,0.829100,0,0.206728,0.829100,0,ns,0.023981,0.844000,0,-0.191200,0.844000,0,ns,-0.000830,0.846300,0,-0.159922,0.846300,0
TN335454,Ech-Chahda Est,Mahdia,Centre East,6,0,1,90.3080,7.2373,2.4547,ns,-0.135477,0.457700,0,0.703550,0.457700,0,ns,-0.133772,0.426100,0,-0.748817,0.426100,0,ns,-0.029433,0.788900,0,-0.211642,0.788800,0
TN335455,El Gouacem Ouest,Mahdia,Centre East,6,0,0,95.2446,3.5100,1.2454,ns,0.089776,0.604300,0,0.504964,0.604300,0,ns,0.103885,0.571800,0,-0.538010,0.571800,0,ns,0.006134,0.865500,0,-0.144101,0.865600,0
TN335456,El Gouacem Est,Mahdia,Centre East,7,0,1,90.3080,7.2373,2.4547,ns,0.070456,0.182600,0,1.245697,0.182600,0,ns,0.122705,0.192800,0,-1.202826,0.192800,0,ns,-0.088847,0.336800,0,-0.760525,0.336800,0
TN335457,Ech-Charaf,Mahdia,Centre East,6,0,1,90.3080,7.2373,2.4547,ns,0.037506,0.571200,0,0.552148,0.571200,0,ns,0.036598,0.564100,0,-0.556909,0.564100,0,ns,0.010933,0.738400,0,-0.265059,0.738400,0
TN335458,El Gradha Ouest,Mahdia,Centre East,6,0,1,90.3080,7.2373,2.4547,ns,-0.000802,0.334800,0,0.907927,0.334800,0,ns,-0.012527,0.300100,0,-0.968906,0.300100,0,ns,0.010551,0.731400,0,-0.264929,0.731400,0
TN335459,El Gradha Est,Mahdia,Centre East,5,0,0,95.2446,3.5100,1.2454,ns,0.295332,0.349700,0,0.878055,0.349700,0,ns,0.313023,0.351700,0,-0.867808,0.351700,0,ns,0.043816,0.560600,0,-0.505498,0.560600,0
TN335460,Ouled El Hannachi,Mahdia,Centre East,7,0,0,95.2446,3.5100,1.2454,ns,0.096387,0.638600,0,0.459811,0.638600,0,ns,0.091198,0.581000,0,-0.532022,0.581000,0,ns,-0.002041,0.998500,0,0.002065,0.998500,0
TN335551,Hebira,Mahdia,Centre East,5,0,1,90.3080,7.2373,2.4547,ns,0.055502,0.568600,0,0.539046,0.568600,0,ns,0.021254,0.570800,0,-0.533190,0.570800,0,ns,0.075315,0.706300,0,-0.304297,0.706300,0
TN335552,Menzel Hached,Mahdia,Centre East,5,0,1,90.3080,7.2373,2.4547,ns,-0.010885,0.502300,0,0.640696,0.502300,0,ns,-0.075557,0.459000,0,-0.697373,0.459000,0,ns,0.037686,0.874700,0,-0.130324,0.874700,0
TN335553,Regaigua,Mahdia,Centre East,4,0,1,90.3080,7.2373,2.4547,ns,0.067851,0.765700,0,0.276186,0.765700,0,ns,0.028797,0.921600,0,-0.092081,0.921600,0,ns,-0.069953,0.332500,0,-0.694557,0.332500,0
TN335554,Ech-Chahda Ouest,Mahdia,Centre East,8,0,1,90.3080,7.2373,2.4547,ns,0.047034,0.189300,0,1.245531,0.189300,0,ns,0.016474,0.198200,0,-1.195406,0.198200,0,ns,0.076410,0.312500,0,-0.792766,0.312500,0
TN335555,El Maherza Sud,Mahdia,Centre East,9,0,0,95.2446,3.5100,1.2454,ns,0.454119,0.166600,0,1.318488,0.166600,0,ns,0.397472,0.207300,0,-1.198445,0.207300,0,ns,0.226380,0.184300,0,-1.077673,0.184300,0
TN335651,Essouassi,Mahdia,Centre East,7,0,0,95.2446,3.5100,1.2454,ns,-0.073790,0.131800,0,1.422088,0.131800,0,ns,-0.119931,0.165300,0,-1.282539,0.165300,0,ns,0.125636,0.133200,0,-1.168347,0.133200,0
TN335652,Es-Saida,Mahdia,Centre East,4,0,0,95.2446,3.5100,1.2454,ns,0.223250,0.515000,0,0.628226,0.515000,0,ns,0.197920,0.516600,0,-0.629948,0.516600,0,ns,0.098527,0.689300,0,-0.309909,0.689300,0
TN335653,Sidi Naceur,Mahdia,Centre East,7,0,0,95.2446,3.5100,1.2454,ns,0.286719,0.201900,0,1.186990,0.201900,0,ns,0.215751,0.267300,0,-1.026291,0.267300,0,ns,0.249131,0.146100,0,-1.092659,0.146100,0
TN335654,Sidi Zid,Mahdia,Centre East,5,0,0,95.2446,3.5100,1.2454,ns,0.108596,0.591000,0,0.519047,0.591000,0,ns,0.073295,0.623600,0,-0.471421,0.623600,0,ns,0.114882,0.597900,0,-0.424859,0.597900,0
TN335655,Bou Helal,Mahdia,Centre East,8,0,0,95.2446,3.5100,1.2454,ns,0.339405,0.248600,0,1.083614,0.248600,0,ns,0.304213,0.259900,0,-1.053676,0.259900,0,ns,0.153642,0.412900,0,-0.656572,0.412900,0
TN335656,Cherichira,Mahdia,Centre East,5,0,0,95.2446,3.5100,1.2454,ns,0.183269,0.206500,0,1.155885,0.206500,0,ns,0.182813,0.278100,0,-0.999655,0.278100,0,ns,0.000877,0.150100,0,-1.072026,0.150100,0
TN335657,El Kesasba,Mahdia,Centre East,5,0,0,95.2446,3.5100,1.2454,ns,0.177428,0.113900,0,1.430969,0.113900,0,ns,0.233863,0.150200,0,-1.289000,0.150200,0,ns,-0.142689,0.121900,0,-1.181912,0.121900,0
TN335658,Ez-Zairat,Mahdia,Centre East,5,0,1,90.3080,7.2373,2.4547,ns,-0.059711,0.753100,0,0.314503,0.753100,0,ns,-0.024822,0.786700,0,-0.265859,0.786700,0,ns,-0.126878,0.692500,0,-0.323942,0.692500,0
TN335659,Ouled Moulahem Nord,Mahdia,Centre East,5,0,1,90.3080,7.2373,2.4547,ns,-0.031397,0.433600,0,0.753688,0.433600,0,ns,-0.033332,0.433200,0,-0.741488,0.433200,0,ns,-0.004482,0.591600,0,-0.414672,0.591600,0
TN335660,Ouled Moulahem Ouest,Mahdia,Centre East,6,0,0,95.2446,3.5100,1.2454,ns,0.093630,0.681700,0,0.392073,0.681700,0,ns,0.107027,0.600900,0,-0.497387,0.600900,0,ns,-0.035554,0.857900,0,0.149628,0.857900,0
TN335661,Ech-Chahimet Sud,Mahdia,Centre East,8,0,0,95.2446,3.5100,1.2454,ns,0.159173,0.303800,0,0.998557,0.303800,0,ns,0.164735,0.340400,0,-0.912881,0.340400,0,ns,0.008265,0.328700,0,-0.781481,0.328700,0
TN335751,Es-Zaouia,Mahdia,Centre East,6,0,0,95.2446,3.5100,1.2454,ns,-0.336978,0.216300,0,1.151255,0.216300,0,ns,-0.352281,0.320500,0,-0.927279,0.320500,0,ns,0.165713,0.098600,0,-1.288206,0.098600,0
TN335752,El Mourabitine,Mahdia,Centre East,4,0,0,95.2446,3.5100,1.2454,ns,-0.168473,0.503200,0,0.642547,0.503200,0,ns,-0.126136,0.685200,0,-0.393646,0.685200,0,ns,0.050286,0.131200,0,-1.097307,0.131200,0
TN335753,Riadh Bou Helal,Mahdia,Centre East,6,0,0,95.2446,3.5100,1.2454,ns,0.118490,0.250400,0,1.062618,0.250400,0,ns,0.049786,0.316000,0,-0.926235,0.316000,0,ns,0.236271,0.199300,0,-0.985421,0.199300,0
TN335754,El Aitha,Mahdia,Centre East,7,0,0,95.2446,3.5100,1.2454,ns,0.083983,0.331600,0,0.923109,0.331600,0,ns,0.042411,0.443900,0,-0.727780,0.443900,0,ns,0.165683,0.155300,0,-1.050445,0.155300,0
TN335755,El Mechalet,Mahdia,Centre East,8,0,0,95.2446,3.5100,1.2454,ns,0.162011,0.593800,0,0.515946,0.593800,0,ns,0.088980,0.745600,0,-0.307881,0.745600,0,ns,0.223214,0.242000,0,-0.931606,0.242000,0
TN335756,Zeghabna,Mahdia,Centre East,7,0,0,95.2446,3.5100,1.2454,ns,0.091398,0.776300,0,0.280690,0.776300,0,ns,0.019847,0.943800,0,-0.070862,0.943800,0,ns,0.255799,0.304500,0,-0.778690,0.304500,0
TN335757,Touahria,Mahdia,Centre East,5,0,0,95.2446,3.5100,1.2454,ns,0.122803,0.578700,0,0.533729,0.578700,0,ns,0.056464,0.746500,0,-0.314437,0.746500,0,ns,0.271299,0.194900,0,-0.968977,0.194900,0
TN335758,El Ababsa,Mahdia,Centre East,7,0,0,95.2446,3.5100,1.2454,ns,0.553431,0.062500,0,1.794374,0.062500,0,ns,0.459309,0.081600,0,-1.628784,0.081600,0,ns,0.347335,0.075700,0,-1.418257,0.075700,0
TN335759,Talalsa,Mahdia,Centre East,5,0,0,95.2446,3.5100,1.2454,ns,0.173077,0.292200,0,0.974114,0.292200,0,ns,0.108493,0.435900,0,-0.722734,0.435900,0,ns,0.231979,0.089300,0,-1.253176,0.089300,0
TN335760,El Achaba,Mahdia,Centre East,7,0,0,95.2446,3.5100,1.2454,ns,0.276042,0.244900,0,1.102475,0.244900,0,ns,0.187471,0.388300,0,-0.824850,0.388300,0,ns,0.291867,0.070400,0,-1.339122,0.070400,0
TN335851,Chebba Nord,Mahdia,Centre East,4,0,0,95.2446,3.5100,1.2454,ns,0.006214,0.545100,0,0.571446,0.545100,0,ns,-0.008695,0.511200,0,-0.624442,0.511200,0,ns,0.010307,0.891800,0,-0.115152,0.891900,0
TN335852,Chebba Sud,Mahdia,Centre East,4,0,0,95.2446,3.5100,1.2454,ns,-0.150943,0.431200,0,0.744134,0.431200,0,ns,-0.127095,0.438300,0,-0.727575,0.438300,0,ns,-0.083982,0.573300,0,-0.432145,0.573300,0
TN335853,Es-Saafet,Mahdia,Centre East,4,0,0,95.2446,3.5100,1.2454,ns,0.173733,0.366600,0,0.844261,0.366600,0,ns,0.220404,0.337700,0,-0.877259,0.337700,0,ns,-0.013314,0.695500,0,-0.328125,0.695500,0
TN335951,Melloulech,Mahdia,Centre East,4,0,0,95.2446,3.5100,1.2454,ns,0.157641,0.338900,0,0.890905,0.338900,0,ns,0.169305,0.364000,0,-0.837638,0.364000,0,ns,0.005627,0.423700,0,-0.618754,0.423700,0
TN335952,El Aitha,Mahdia,Centre East,5,0,0,95.2446,3.5100,1.2454,ns,0.131524,0.608800,0,0.495789,0.608800,0,ns,0.124103,0.620500,0,-0.482090,0.620500,0,ns,0.046986,0.714800,0,-0.297451,0.714800,0
TN335953,El Mansoura,Mahdia,Centre East,7,0,0,95.2446,3.5100,1.2454,ns,0.290063,0.161600,0,1.308240,0.161600,0,ns,0.238842,0.195800,0,-1.196505,0.195800,0,ns,0.187188,0.193200,0,-1.018415,0.193200,0
TN335954,Ben Hssine,Mahdia,Centre East,7,0,0,95.2446,3.5100,1.2454,ns,0.170750,0.375400,0,0.836696,0.375400,0,ns,0.169539,0.354000,0,-0.855335,0.354000,0,ns,0.043565,0.654700,0,-0.353299,0.654700,0
TN335955,Sidi Abdellaziz,Mahdia,Centre East,3,0,0,95.2446,3.5100,1.2454,ns,0.305467,0.594600,0,0.524501,0.594600,0,ns,0.257972,0.627300,0,-0.481820,0.627300,0,ns,0.179522,0.588900,0,-0.413417,0.588900,0
TN336051,Sidi Alouane Ouest,Mahdia,Centre East,5,0,0,95.2446,3.5100,1.2454,ns,-0.142947,0.270800,0,1.013740,0.270800,0,ns,-0.183422,0.383300,0,-0.807121,0.383300,0,ns,0.251488,0.119300,0,-1.261638,0.119300,0
TN336052,Sidi Alouane Est,Mahdia,Centre East,3,0,0,95.2446,3.5100,1.2454,ns,-0.031875,0.901400,0,-0.124062,0.901400,0,ns,-0.057955,0.726200,0,0.348763,0.726200,0,ns,0.328625,0.391500,0,-0.681715,0.391500,0
TN336053,Zorda,Mahdia,Centre East,7,0,0,95.2446,3.5100,1.2454,ns,0.194336,0.145400,0,1.371119,0.145400,0,ns,0.219924,0.166800,0,-1.286736,0.166800,0,ns,-0.022814,0.212700,0,-0.983952,0.212700,0
TN336054,Sakiet El Khadem,Mahdia,Centre East,9,0,0,95.2446,3.5100,1.2454,ns,0.496015,0.049700,0,1.919974,0.049700,0,ns,0.449302,0.080100,0,-1.663847,0.080100,0,ns,0.167375,0.035500,0,-1.792495,0.035500,0
TN336055,El Bassatine,Mahdia,Centre East,4,0,0,95.2446,3.5100,1.2454,ns,0.265627,0.526400,0,0.621112,0.526400,0,ns,0.155707,0.654100,0,-0.430297,0.654100,0,ns,0.390186,0.215300,0,-0.949063,0.215300,0
TN336056,Oued Beja Nord,Mahdia,Centre East,5,0,0,95.2446,3.5100,1.2454,ns,0.361523,0.203800,0,1.176061,0.203800,0,ns,0.314181,0.206800,0,-1.152123,0.206800,0,ns,0.179146,0.385300,0,-0.678383,0.385300,0
TN336057,Oued Beja Sud,Mahdia,Centre East,6,0,0,95.2446,3.5100,1.2454,ns,0.106716,0.137000,0,1.378001,0.137000,0,ns,0.062365,0.181600,0,-1.223571,0.181600,0,ns,0.147653,0.124400,0,-1.212534,0.124400,0
TN336058,Zalba Est,Mahdia,Centre East,9,0,0,95.2446,3.5100,1.2454,ns,0.257279,0.087900,0,1.642515,0.087900,0,ns,0.201721,0.082500,0,-1.643278,0.082500,0,ns,0.155536,0.313000,0,-0.805270,0.313000,0
TN336059,Zalba Ouest,Mahdia,Centre East,4,0,0,95.2446,3.5100,1.2454,ns,0.513108,0.154100,0,1.267031,0.154100,0,ns,0.458520,0.182900,0,-1.175192,0.182900,0,ns,0.236728,0.206800,0,-0.922795,0.206800,0
TN336060,En-Nozha,Mahdia,Centre East,5,0,0,95.2446,3.5100,1.2454,ns,0.372830,0.177700,0,1.249281,0.177700,0,ns,0.370889,0.214200,0,-1.143379,0.214200,0,ns,0.062629,0.197000,0,-1.014837,0.197000,0
TN336061,Oued Guellat,Mahdia,Centre East,6,0,0,95.2446,3.5100,1.2454,ns,0.525739,0.042500,0,1.981271,0.042500,0,ns,0.470430,0.055500,0,-1.784084,0.055500,0,ns,0.230146,0.047000,0,-1.602042,0.047000,0
TN336062,Es-Saada,Mahdia,Centre East,7,0,0,95.2446,3.5100,1.2454,ns,0.374903,0.099400,0,1.545593,0.099400,0,ns,0.283222,0.140300,0,-1.366487,0.140300,0,ns,0.321023,0.085800,0,-1.314702,0.085800,0
TN336151,El Ksar,Mahdia,Centre East,6,0,0,95.2446,3.5100,1.2454,ns,-0.072056,0.288500,0,-0.985813,0.288500,0,ns,-0.117884,0.228900,0,1.102388,0.228900,0,ns,0.009038,0.880100,0,0.119698,0.880100,0
TN336152,Ksour Essaf Riadh,Mahdia,Centre East,3,0,0,95.2446,3.5100,1.2454,ns,0.019369,0.921200,0,-0.097754,0.921200,0,ns,0.028496,0.890000,0,0.139064,0.890000,0,ns,-0.008471,0.912200,0,-0.088420,0.912200,0
TN336153,El Ktanine,Mahdia,Centre East,9,0,0,95.2446,3.5100,1.2454,ns,-0.089092,0.375600,0,0.864019,0.375600,0,ns,-0.085168,0.540500,0,-0.600479,0.540500,0,ns,0.093497,0.114000,0,-1.263988,0.114000,0
TN336154,Ksour Essaf Ettakaddoum,Mahdia,Centre East,6,0,0,95.2446,3.5100,1.2454,ns,0.046734,0.581500,0,0.525768,0.581500,0,ns,0.011074,0.754300,0,-0.300067,0.754300,0,ns,0.209511,0.200800,0,-0.982661,0.200800,0
TN336155,Salakta,Mahdia,Centre East,6,0,0,95.2446,3.5100,1.2454,ns,0.003912,0.755800,0,-0.308338,0.755800,0,ns,0.011876,0.677400,0,0.404042,0.677400,0,ns,0.007842,0.841900,0,-0.166469,0.841900,0
TN336157,Ouled Salah,Mahdia,Centre East,4,0,0,95.2446,3.5100,1.2454,ns,0.345715,0.109100,0,1.416577,0.109100,0,ns,0.142456,0.191200,0,-1.158439,0.191200,0,ns,0.790996,0.048600,0,-1.631902,0.048600,0
TN336158,Sidi Assaker Ouest,Mahdia,Centre East,6,0,0,95.2446,3.5100,1.2454,ns,0.530564,0.188500,0,1.217312,0.188500,0,ns,0.371954,0.310700,0,-0.941361,0.310700,0,ns,0.533608,0.061700,0,-1.508325,0.061700,0
TN336159,Recharcha,Mahdia,Centre East,6,0,0,95.2446,3.5100,1.2454,ns,0.263491,0.209600,0,1.184240,0.209600,0,ns,0.329704,0.210800,0,-1.161675,0.210800,0,ns,-0.061996,0.372700,0,-0.670960,0.372700,0
TN336160,El Hessinet,Mahdia,Centre East,3,0,0,95.2446,3.5100,1.2454,ns,0.288845,0.351900,0,0.856071,0.351900,0,ns,0.307439,0.291900,0,-0.939069,0.291900,0,ns,0.032767,0.836000,0,-0.164696,0.836000,0
TN336161,El Bradaa Sud,Mahdia,Centre East,5,0,0,95.2446,3.5100,1.2454,ns,0.195466,0.359300,0,0.853605,0.359300,0,ns,0.165749,0.330300,0,-0.893085,0.330300,0,ns,0.074767,0.699200,0,-0.302389,0.699200,0
TN336162,El Bradaa Nord,Mahdia,Centre East,7,0,0,95.2446,3.5100,1.2454,ns,0.092147,0.554000,0,0.564465,0.554000,0,ns,0.049142,0.697200,0,-0.366142,0.697200,0,ns,0.161227,0.239100,0,-0.919113,0.239100,0
TN345151,La Medina,Sfax,Centre East,6,0,1,90.3080,7.2373,2.4547,ns,1.013226,0.006500,0,-3.435941,0.006500,0,ns,1.170824,0.006100,0,3.507135,0.006100,0,ns,0.031040,0.054600,0,1.523163,0.054600,0
TN345152,Bab El Bhar,Sfax,Centre East,3,0,1,90.3080,7.2373,2.4547,ns,2.104692,0.035200,0,-2.143491,0.035200,0,ns,2.028702,0.033200,0,2.193304,0.033200,0,ns,0.640741,0.186200,0,0.924748,0.186200,0
TN345153,Cite El Khiari,Sfax,Centre East,8,0,1,90.3080,7.2373,2.4547,ns,1.235527,0.019100,0,-2.556553,0.019100,0,ns,1.130245,0.019500,0,2.602951,0.019500,0,ns,0.454464,0.148300,0,1.180443,0.148300,0
TN345154,El Bassatine,Sfax,Centre East,7,0,1,90.3080,7.2373,2.4547,ns,1.306564,0.032400,0,-2.199600,0.032400,0,ns,1.405145,0.032300,0,2.219869,0.032300,0,ns,0.180421,0.163300,0,1.053269,0.163300,0
TN345155,Er-Rbadh,Sfax,Centre East,6,0,1,90.3080,7.2373,2.4547,ns,0.894047,0.003900,0,-3.494695,0.003900,0,ns,1.014722,0.006100,0,3.528285,0.006100,0,ns,0.051131,0.045200,0,1.639389,0.045200,0
TN345156,15 Novembre,Sfax,Centre East,5,0,1,90.3080,7.2373,2.4547,ns,1.556661,0.022900,0,-2.510391,0.022900,0,ns,1.754175,0.021000,0,2.577134,0.021000,0,ns,0.122545,0.162800,0,1.105352,0.162800,0
TN345157,Ain Chaikh Rouhou,Sfax,Centre East,6,0,1,90.3080,7.2373,2.4547,LL,1.986128,0.001300,1,-4.325098,0.001300,1,HH,2.188814,0.001100,1,4.563591,0.001100,1,ns,0.237504,0.069200,0,1.434847,0.069200,0
TN345158,Cite Ettaouidhi,Sfax,Centre East,4,0,1,90.3080,7.2373,2.4547,ns,0.081648,0.035200,0,-2.167258,0.035200,0,ns,0.240735,0.028500,0,2.348127,0.028500,0,ns,-0.104136,0.483100,0,0.535336,0.483100,0
TN345159,Merkez Kaddour,Sfax,Centre East,6,0,1,90.3080,7.2373,2.4547,ns,1.808268,0.003400,0,-3.890909,0.003400,0,ns,1.421273,0.003600,0,4.014746,0.003600,0,ns,0.921286,0.056900,0,1.525357,0.056900,0
TN345160,Merkez El Pacha,Sfax,Centre East,6,0,1,90.3080,7.2373,2.4547,ns,4.250610,0.001900,0,-3.994165,0.001900,0,ns,4.391721,0.002600,0,4.121876,0.002600,0,ns,0.860692,0.048200,0,1.648571,0.048200,0
TN345161,Sidi Abbes,Sfax,Centre East,7,0,1,90.3080,7.2373,2.4547,LL,4.500328,0.000300,1,-5.490118,0.000300,1,HH,5.164294,0.000400,1,5.787471,0.000400,1,ns,0.326400,0.034100,0,1.794107,0.034100,0
TN345162,Mohamed Ali,Sfax,Centre East,5,0,1,90.3080,7.2373,2.4547,ns,0.850323,0.024300,0,-2.489846,0.024300,0,ns,0.894242,0.021400,0,2.566528,0.021400,0,ns,0.152892,0.177300,0,1.018549,0.177300,0
TN345251,Merkez Chaker,Sfax,Centre East,7,0,1,90.3080,7.2373,2.4547,ns,2.156082,0.006100,0,-3.251415,0.006100,0,ns,2.286992,0.007000,0,3.329022,0.007000,0,ns,0.362135,0.087800,0,1.386521,0.087800,0
TN345252,Cite El Habib,Sfax,Centre East,7,0,1,90.3080,7.2373,2.4547,ns,0.346572,0.225900,0,-1.153245,0.225900,0,ns,0.337080,0.229100,0,1.137753,0.229100,0,ns,0.104837,0.406300,0,0.650852,0.406300,0
TN345253,Soukra,Sfax,Centre East,4,0,1,90.3080,7.2373,2.4547,ns,1.369064,0.028800,0,-2.318396,0.028800,0,ns,1.312609,0.030400,0,2.284325,0.030400,0,ns,0.448691,0.090100,0,1.305404,0.090100,0
TN345254,El Alia,Sfax,Centre East,7,0,1,90.3080,7.2373,2.4547,ns,3.123673,0.002300,0,-4.125141,0.002300,0,ns,3.498911,0.002100,0,4.438433,0.002100,0,ns,0.312330,0.140800,0,1.104293,0.140800,0
TN345255,Oued Er-Rmel,Sfax,Centre East,6,0,1,90.3080,7.2373,2.4547,ns,0.847734,0.013800,0,-2.827941,0.013800,0,ns,0.913860,0.012400,0,2.904673,0.012400,0,ns,0.124213,0.148500,0,1.133227,0.148500,0
TN345256,El Houda,Sfax,Centre East,6,0,1,90.3080,7.2373,2.4547,ns,0.669357,0.060800,0,-1.776949,0.060800,0,ns,0.828087,0.045800,0,1.932581,0.045800,0,ns,0.010650,0.628300,0,0.393052,0.628300,0
TN345257,Cite El Bahri,Sfax,Centre East,5,0,1,90.3080,7.2373,2.4547,ns,0.076197,0.315200,0,-0.945833,0.315200,0,ns,0.086976,0.236800,0,1.088884,0.236800,0,ns,0.001222,0.980600,0,0.019382,0.980600,0
TN345351,Sakiet Ezzit,Sfax,Centre East,6,0,1,90.3080,7.2373,2.4547,LL,3.769005,0.001000,1,-4.646440,0.001000,1,ns,4.351219,0.001500,0,4.917640,0.001500,0,ns,0.264993,0.073300,0,1.422935,0.073300,0
TN345352,Merkez Bouassida,Sfax,Centre East,7,0,1,90.3080,7.2373,2.4547,LL,2.652394,0.000500,1,-4.556395,0.000500,1,HH,2.867432,0.000500,1,4.805976,0.000500,1,ns,0.375098,0.054900,0,1.539246,0.054900,0
TN345353,Es-Sedra,Sfax,Centre East,7,0,1,90.3080,7.2373,2.4547,ns,1.749712,0.022500,0,-2.531477,0.022500,0,ns,2.159686,0.015100,0,2.865589,0.015100,0,ns,0.034025,0.760200,0,0.236194,0.760200,0
TN345354,Chihia,Sfax,Centre East,6,0,1,90.3080,7.2373,2.4547,LL,4.502210,0.000500,1,-4.882031,0.000500,1,HH,4.731563,0.000300,1,4.995157,0.000300,1,ns,0.813518,0.024000,0,2.115058,0.024000,0
TN345355,Teniour,Sfax,Centre East,5,0,1,90.3080,7.2373,2.4547,ns,3.358508,0.003000,0,-4.056251,0.003000,0,ns,3.820363,0.002800,0,4.338393,0.002800,0,ns,0.286067,0.136700,0,1.144952,0.136700,0
TN345356,Sidi Salah,Sfax,Centre East,7,0,1,90.3080,7.2373,2.4547,ns,-0.323144,0.075700,0,-1.666732,0.075700,0,ns,-0.276984,0.041900,0,1.996903,0.041900,0,ns,0.065749,0.776900,0,-0.225172,0.776900,0
TN345357,El Ons,Sfax,Centre East,2,0,1,90.3080,7.2373,2.4547,ns,0.794047,0.293800,0,-0.921146,0.293800,0,ns,1.058738,0.146300,0,1.148644,0.146300,0,ns,-0.067188,0.727500,0,-0.278864,0.727500,0
TN345451,Sakiet Eddaier,Sfax,Centre East,5,0,1,90.3080,7.2373,2.4547,ns,3.744447,0.002700,0,-4.056585,0.002700,0,ns,4.496790,0.002900,0,4.352533,0.002900,0,ns,0.132289,0.170900,0,1.054062,0.170900,0
TN345452,Khiria,Sfax,Centre East,5,0,1,90.3080,7.2373,2.4547,ns,3.356066,0.011200,0,-3.165516,0.011200,0,ns,4.052280,0.009000,0,3.446028,0.009000,0,ns,0.113395,0.347800,0,0.711581,0.347800,0
TN345453,Merkez Es-Sebai,Sfax,Centre East,5,0,1,90.3080,7.2373,2.4547,ns,2.401392,0.009200,0,-3.260074,0.009200,0,ns,2.869565,0.007100,0,3.624316,0.007100,0,ns,0.082483,0.618000,0,0.416656,0.618000,0
TN345454,Bedarna,Sfax,Centre East,7,0,1,90.3080,7.2373,2.4547,ns,0.041376,0.022300,0,-2.473170,0.022300,0,ns,0.252901,0.016900,0,2.751245,0.016900,0,ns,-0.080765,0.655500,0,0.358543,0.655500,0
TN345455,Sidi Mansour,Sfax,Centre East,4,1,1,90.3080,7.2373,2.4547,ns,0.424874,0.384900,0,-0.822998,0.384900,0,ns,0.591626,0.238100,0,1.068799,0.238100,0,ns,-0.040960,0.641800,0,-0.336240,0.641900,0
TN345456,Cite Bourguiba,Sfax,Centre East,6,0,1,90.3080,7.2373,2.4547,ns,1.034222,0.009800,0,-3.132805,0.009800,0,ns,1.256789,0.006800,0,3.481074,0.006800,0,ns,0.031762,0.552700,0,0.460328,0.552700,0
TN345457,Saltnia,Sfax,Centre East,6,0,1,90.3080,7.2373,2.4547,ns,1.899636,0.007700,0,-3.282141,0.007700,0,ns,2.304184,0.006000,0,3.675362,0.006000,0,ns,0.052687,0.635200,0,0.395560,0.635200,0
TN345458,Merkez Kaaniche,Sfax,Centre East,5,0,1,90.3080,7.2373,2.4547,ns,1.365072,0.022100,0,-2.521693,0.022100,0,ns,1.667140,0.016700,0,2.762905,0.016700,0,ns,0.037168,0.524500,0,0.504308,0.524500,0
TN345551,El Ain,Sfax,Centre East,6,0,1,90.3080,7.2373,2.4547,ns,2.226673,0.011000,0,-3.039372,0.011000,0,ns,2.512500,0.009500,0,3.236279,0.009500,0,ns,0.208402,0.222700,0,0.906057,0.222700,0
TN345552,Gremda,Sfax,Centre East,4,0,1,90.3080,7.2373,2.4547,ns,4.194257,0.005700,0,-3.644072,0.005700,0,ns,4.619545,0.005900,0,3.823863,0.005900,0,ns,0.504784,0.099400,0,1.249656,0.099400,0
TN345553,Bouzaiane,Sfax,Centre East,7,0,1,90.3080,7.2373,2.4547,LL,4.145879,0.001300,1,-4.431469,0.001300,1,ns,4.608466,0.001600,0,4.536889,0.001600,0,ns,0.415475,0.029500,0,1.935172,0.029500,0
TN345554,El Afrane Nord,Sfax,Centre East,5,0,1,90.3080,7.2373,2.4547,ns,4.108595,0.005200,0,-3.815796,0.005200,0,ns,4.587049,0.006000,0,3.932236,0.006000,0,ns,0.409990,0.056500,0,1.518243,0.056500,0
TN345555,Khazanet,Sfax,Centre East,8,0,1,90.3080,7.2373,2.4547,ns,-0.130115,0.359200,0,-0.876264,0.359200,0,ns,-0.109419,0.362900,0,0.866626,0.362900,0,ns,-0.068425,0.554600,0,0.487203,0.554600,0
TN345556,El Aouabed,Sfax,Centre East,8,0,1,90.3080,7.2373,2.4547,ns,0.305341,0.009500,0,-3.013370,0.009500,0,ns,0.087607,0.008200,0,3.207803,0.008200,0,ns,0.265876,0.248600,0,0.909767,0.248600,0
TN345557,Ayoun El Mayel,Sfax,Centre East,7,0,1,90.3080,7.2373,2.4547,ns,0.391482,0.031500,0,-2.154032,0.031500,0,ns,0.450947,0.023100,0,2.358217,0.023100,0,ns,0.027651,0.560500,0,0.457448,0.560500,0
TN345651,Tina,Sfax,Centre East,4,0,1,90.3080,7.2373,2.4547,ns,-0.040012,0.396200,0,-0.810156,0.396200,0,ns,-0.043389,0.509300,0,0.636553,0.509300,0,ns,0.028599,0.193800,0,0.988587,0.193800,0
TN345652,Sidi Abid,Sfax,Centre East,5,0,1,90.3080,7.2373,2.4547,ns,-0.118083,0.365900,0,-0.847518,0.365900,0,ns,-0.092834,0.445800,0,0.722168,0.445800,0,ns,-0.087220,0.276700,0,0.828652,0.276700,0
TN345653,El Hajeb,Sfax,Centre East,8,0,1,90.3080,7.2373,2.4547,ns,0.010938,0.524500,0,-0.605769,0.524500,0,ns,0.035280,0.477800,0,0.673782,0.477800,0,ns,-0.009457,0.911900,0,0.094131,0.911800,0
TN345751,Agareb,Sfax,Centre East,6,0,1,90.3080,7.2373,2.4547,ns,-0.029617,0.922300,0,0.092954,0.922300,0,ns,-0.026714,0.941200,0,-0.073484,0.941200,0,ns,0.001117,0.887500,0,-0.113380,0.887600,0
TN345752,Gargour,Sfax,Centre East,8,0,1,90.3080,7.2373,2.4547,ns,0.030122,0.675500,0,0.414471,0.675500,0,ns,0.032902,0.812900,0,-0.230808,0.812900,0,ns,-0.146939,0.326600,0,-0.789939,0.326600,0
TN345753,Bouledhieb,Sfax,Centre East,4,0,1,90.3080,7.2373,2.4547,ns,-0.132919,0.288700,0,0.979107,0.288700,0,ns,-0.216559,0.284200,0,-0.969033,0.284200,0,ns,0.112058,0.504900,0,-0.534394,0.504900,0
TN345754,El Mahrouka,Sfax,Centre East,6,0,1,90.3080,7.2373,2.4547,ns,-0.018399,0.885900,0,-0.137313,0.885900,0,ns,-0.034674,0.787300,0,0.261455,0.787300,0,ns,0.043974,0.682800,0,-0.340653,0.682800,0
TN345755,Ettorba,Sfax,Centre East,6,0,1,90.3080,7.2373,2.4547,ns,-0.114326,0.655500,0,0.434800,0.655500,0,ns,-0.141109,0.629700,0,-0.468763,0.629700,0,ns,-0.001520,0.883200,0,-0.114709,0.883200,0
TN345756,Ben Sahloun,Sfax,Centre East,8,0,1,90.3080,7.2373,2.4547,ns,0.050689,0.610400,0,0.496429,0.610400,0,ns,0.048284,0.659500,0,-0.432657,0.659500,0,ns,0.010143,0.575000,0,-0.448300,0.575000,0
TN345757,Zeliana,Sfax,Centre East,5,0,1,90.3080,7.2373,2.4547,ns,0.149604,0.470000,0,0.692246,0.470000,0,ns,0.172456,0.431900,0,-0.740125,0.431900,0,ns,0.010830,0.796700,0,-0.193302,0.796700,0
TN345758,Es-Soghar,Sfax,Centre East,6,0,1,90.3080,7.2373,2.4547,ns,-0.002510,0.845600,0,-0.193152,0.845600,0,ns,0.001692,0.779100,0,0.266339,0.779100,0,ns,0.009598,0.868900,0,-0.134214,0.868900,0
TN345851,Djebeniana,Sfax,Centre East,5,0,1,90.3080,7.2373,2.4547,ns,1.168400,0.021700,0,-2.518728,0.021700,0,ns,1.019854,0.020100,0,2.595661,0.020100,0,ns,0.471942,0.180300,0,1.056906,0.180300,0
TN345852,Batria,Sfax,Centre East,6,0,0,95.2446,3.5100,1.2454,ns,0.000508,0.973000,0,-0.030777,0.973000,0,ns,0.013838,0.736700,0,0.327652,0.736700,0,ns,0.073423,0.226600,0,-0.951516,0.226600,0
TN345853,Baltech,Sfax,Centre East,6,0,0,95.2446,3.5100,1.2454,ns,0.034384,0.737500,0,0.326393,0.737500,0,ns,0.013243,0.906800,0,-0.110288,0.906800,0,ns,0.021855,0.275100,0,-0.827933,0.275100,0
TN345854,Hazeg,Sfax,Centre East,5,0,1,90.3080,7.2373,2.4547,ns,0.785691,0.054200,0,-1.799105,0.054200,0,ns,0.937792,0.051000,0,1.812910,0.051000,0,ns,-0.027734,0.262300,0,0.852093,0.262300,0
TN345855,El Kalelja,Sfax,Centre East,6,0,1,90.3080,7.2373,2.4547,ns,0.292599,0.558300,0,-0.556014,0.558300,0,ns,0.403302,0.530700,0,0.591937,0.530700,0,ns,-0.031953,0.841700,0,0.171004,0.841700,0
TN345856,El Ajengna,Sfax,Centre East,6,0,0,95.2446,3.5100,1.2454,ns,0.054878,0.784600,0,0.261817,0.784600,0,ns,0.011488,0.954700,0,-0.055509,0.954700,0,ns,0.138913,0.297700,0,-0.858772,0.297700,0
TN345857,El Louza,Sfax,Centre East,2,0,0,95.2446,3.5100,1.2454,ns,-0.028259,0.462300,0,-0.692445,0.462300,0,ns,-0.033792,0.318500,0,0.858273,0.318500,0,ns,0.004684,0.816200,0,-0.179063,0.816200,0
TN345858,El Houdh,Sfax,Centre East,7,0,0,95.2446,3.5100,1.2454,ns,0.031367,0.298000,0,-0.985106,0.298000,0,ns,0.031606,0.252400,0,1.069041,0.252400,0,ns,0.004848,0.792600,0,0.225697,0.792600,0
TN345951,El Amra,Sfax,Centre East,4,0,1,90.3080,7.2373,2.4547,ns,0.780880,0.042600,0,-2.002475,0.042600,0,ns,0.566635,0.050600,0,1.847018,0.050600,0,ns,0.710774,0.053100,0,1.485281,0.053100,0
TN345952,Beliana,Sfax,Centre East,4,0,1,90.3080,7.2373,2.4547,ns,1.938132,0.039200,0,-2.097891,0.039200,0,ns,1.588061,0.046200,0,1.951198,0.046200,0,ns,1.253278,0.053400,0,1.568530,0.053400,0
TN345953,El Mesatria,Sfax,Centre East,6,0,1,90.3080,7.2373,2.4547,ns,0.737902,0.159100,0,-1.306360,0.159100,0,ns,0.576402,0.224100,0,1.123028,0.224100,0,ns,0.562340,0.107200,0,1.269548,0.107200,0
TN345954,Es Salam,Sfax,Centre East,5,0,0,95.2446,3.5100,1.2454,ns,-0.352435,0.055300,0,-1.818880,0.055300,0,ns,-0.395048,0.047200,0,1.913118,0.047200,0,ns,-0.035179,0.429000,0,0.626560,0.429100,0
TN345955,Dherra Beni Ziad,Sfax,Centre East,4,0,1,90.3080,7.2373,2.4547,ns,0.430025,0.454500,0,-0.702707,0.454500,0,ns,0.417851,0.482500,0,0.660470,0.482500,0,ns,0.118706,0.529800,0,0.485749,0.529800,0
TN345956,Bou Derbala,Sfax,Centre East,3,0,1,90.3080,7.2373,2.4547,ns,0.181139,0.168000,0,-1.205012,0.168000,0,ns,0.050227,0.075800,0,1.519851,0.075800,0,ns,-0.187852,0.596400,0,-0.417781,0.596400,0
TN346051,El Hencha,Sfax,Centre East,8,0,0,95.2446,3.5100,1.2454,ns,0.110161,0.232600,0,1.136428,0.232600,0,ns,0.075746,0.236900,0,-1.103722,0.236900,0,ns,0.094912,0.393900,0,-0.668553,0.393900,0
TN346052,En-Nasr,Sfax,Centre East,9,0,1,90.3080,7.2373,2.4547,ns,-0.076364,0.768700,0,0.286667,0.768700,0,ns,-0.053226,0.879400,0,-0.150662,0.879400,0,ns,0.110485,0.470500,0,-0.581945,0.470500,0
TN346053,Sidi Hassen Belhaj,Sfax,Centre East,7,0,0,95.2446,3.5100,1.2454,ns,0.345611,0.177600,0,1.249373,0.177600,0,ns,0.284905,0.213800,0,-1.150626,0.213800,0,ns,0.221173,0.224300,0,-0.964171,0.224300,0
TN346054,Dokhane,Sfax,Centre East,5,0,0,95.2446,3.5100,1.2454,ns,-0.061761,0.492500,0,-0.664569,0.492500,0,ns,-0.024108,0.454800,0,0.712811,0.454800,0,ns,-0.041505,0.825000,0,0.172603,0.825000,0
TN346055,Bir Chaaba,Sfax,Centre East,5,0,0,95.2446,3.5100,1.2454,ns,0.053548,0.896800,0,0.126936,0.896800,0,ns,-0.023887,0.945000,0,0.068418,0.945000,0,ns,0.217448,0.383900,0,-0.661592,0.383900,0
TN346056,Merkez Mosbah,Sfax,Centre East,6,0,0,95.2446,3.5100,1.2454,ns,0.240965,0.285400,0,1.007686,0.285400,0,ns,0.223053,0.310900,0,-0.939711,0.310900,0,ns,0.091821,0.357900,0,-0.734530,0.357900,0
TN346057,Bir Salah,Sfax,Centre East,5,0,0,95.2446,3.5100,1.2454,ns,-0.145825,0.191100,0,1.212869,0.191100,0,ns,-0.144640,0.243900,0,-1.067417,0.243900,0,ns,-0.011748,0.153700,0,-1.096740,0.153700,0
TN346058,El Hajjara,Sfax,Centre East,8,0,0,95.2446,3.5100,1.2454,ns,0.243568,0.211600,0,1.180401,0.211600,0,ns,0.214793,0.298200,0,-0.981248,0.298200,0,ns,0.076045,0.112300,0,-1.257658,0.112300,0
TN346059,Jouaouda,Sfax,Centre East,5,0,0,95.2446,3.5100,1.2454,ns,0.045838,0.794700,0,0.246272,0.794700,0,ns,-0.007908,0.985500,0,0.016938,0.985500,0,ns,0.046129,0.199200,0,-0.929281,0.199200,0
TN346151,Menzel Chaker,Sfax,Centre East,6,0,1,90.3080,7.2373,2.4547,ns,-0.017788,0.287400,0,0.989795,0.287400,0,ns,-0.043927,0.248100,0,-1.057191,0.248100,0,ns,0.017644,0.737200,0,-0.279194,0.737200,0
TN346152,Bou Jarboue,Sfax,Centre East,9,0,1,90.3080,7.2373,2.4547,ns,-0.043308,0.499500,0,0.660259,0.499500,0,ns,-0.046264,0.601700,0,-0.510473,0.601700,0,ns,0.039730,0.299000,0,-0.826583,0.299000,0
TN346153,Majel Edarj,Sfax,Centre East,5,0,1,90.3080,7.2373,2.4547,ns,-0.011836,0.935400,0,-0.080830,0.935400,0,ns,-0.004633,0.978900,0,0.022464,0.978900,0,ns,-0.015067,0.781500,0,0.236832,0.781500,0
TN346154,Bir Mellouli,Sfax,Centre East,5,0,1,90.3080,7.2373,2.4547,ns,0.046949,0.829000,0,0.219349,0.829000,0,ns,0.069527,0.743500,0,-0.323124,0.743500,0,ns,-0.016720,0.781700,0,0.229327,0.781700,0
TN346155,Bechka,Sfax,Centre East,7,0,1,90.3080,7.2373,2.4547,ns,0.099770,0.596500,0,0.511354,0.596500,0,ns,0.139354,0.623900,0,-0.474197,0.623900,0,ns,-0.081273,0.638800,0,-0.380021,0.638800,0
TN346156,Bou-Thadi,Sfax,Centre East,11,0,1,90.3080,7.2373,2.4547,ns,0.042253,0.348900,0,0.892243,0.348900,0,ns,0.048050,0.442200,0,-0.720419,0.442200,0,ns,-0.039180,0.214000,0,-1.026664,0.214000,0
TN346157,El Bokaa El Bidha,Sfax,Centre East,9,0,1,90.3080,7.2373,2.4547,ns,0.045833,0.513500,0,0.622695,0.513500,0,ns,0.091450,0.455500,0,-0.698904,0.455500,0,ns,-0.011674,0.943700,0,-0.063337,0.943800,0
TN346158,El Aouadhna,Sfax,Centre East,7,0,0,95.2446,3.5100,1.2454,ns,0.124644,0.438900,0,0.725506,0.438900,0,ns,0.146732,0.415000,0,-0.756947,0.415000,0,ns,0.004943,0.753600,0,-0.260006,0.753600,0
TN346159,Telil El Ajla,Sfax,Centre East,7,0,1,90.3080,7.2373,2.4547,ns,0.114894,0.642500,0,0.442305,0.642500,0,ns,0.104188,0.586500,0,-0.511157,0.586500,0,ns,0.000593,0.999600,0,-0.000379,0.999600,0
TN346160,El Achech,Sfax,Centre East,6,0,0,95.2446,3.5100,1.2454,ns,0.213480,0.198400,0,1.201295,0.198400,0,ns,0.196630,0.189600,0,-1.208004,0.189600,0,ns,0.081601,0.452300,0,-0.574524,0.452300,0
TN346161,El Hadj Kacem,Sfax,Centre East,7,0,1,90.3080,7.2373,2.4547,ns,0.089624,0.670400,0,0.406267,0.670400,0,ns,0.093022,0.630700,0,-0.460399,0.630700,0,ns,0.004766,0.973300,0,-0.028251,0.973300,0
TN346162,Chaleb,Sfax,Centre East,9,0,0,95.2446,3.5100,1.2454,ns,0.062392,0.522700,0,0.619247,0.522700,0,ns,0.048835,0.394300,0,-0.810758,0.394300,0,ns,-0.053552,0.710800,0,0.308890,0.710800,0
TN346251,El Ghraiba,Sfax,Centre East,7,0,1,90.3080,7.2373,2.4547,ns,0.003853,0.762200,0,0.294872,0.762200,0,ns,0.013863,0.738400,0,-0.327291,0.738400,0,ns,-0.004271,0.954000,0,-0.047182,0.954000,0
TN346252,El Manar,Sfax,Centre East,5,0,1,90.3080,7.2373,2.4547,ns,-0.004044,0.975500,0,0.032444,0.975500,0,ns,-0.041615,0.733600,0,-0.329506,0.733600,0,ns,-0.025667,0.221600,0,0.922395,0.221600,0
TN346253,El Hchichina Sud,Sfax,Centre East,3,0,1,90.3080,7.2373,2.4547,ns,0.014198,0.214500,0,-1.100552,0.214500,0,ns,-0.126110,0.240300,0,1.032397,0.240300,0,ns,0.341166,0.291200,0,0.790559,0.291200,0
TN346254,Hchichina Nord,Sfax,Centre East,6,0,1,90.3080,7.2373,2.4547,ns,0.083575,0.359500,0,-0.875360,0.359500,0,ns,0.071673,0.391700,0,0.808759,0.391700,0,ns,0.046217,0.414000,0,0.669335,0.414000,0
TN346255,El Chaal,Sfax,Centre East,5,0,1,90.3080,7.2373,2.4547,ns,0.120438,0.581700,0,0.527795,0.581700,0,ns,0.186026,0.407000,0,-0.781637,0.407000,0,ns,-0.043031,0.482000,0,0.560926,0.482000,0
TN346351,Bir Ali Ben Khelifa,Sfax,Centre East,4,0,1,90.3080,7.2373,2.4547,ns,0.023844,0.907500,0,-0.112215,0.907500,0,ns,0.005074,0.981000,0,0.022711,0.981000,0,ns,0.043667,0.662200,0,0.353164,0.662200,0
TN346352,Sidi Dhaher,Sfax,Centre East,9,0,1,90.3080,7.2373,2.4547,ns,0.011768,0.290900,0,1.000906,0.290900,0,ns,0.053386,0.367600,0,-0.858685,0.367600,0,ns,-0.148790,0.223400,0,-0.960417,0.223400,0
TN346353,Sidi Ali Belabed,Sfax,Centre East,6,0,1,90.3080,7.2373,2.4547,ns,-0.385587,0.441200,0,0.738375,0.441200,0,ns,-0.490424,0.361800,0,-0.850131,0.361800,0,ns,-0.000300,0.995100,0,-0.004745,0.995100,0
TN346354,Bou Slim,Sfax,Centre East,7,0,1,90.3080,7.2373,2.4547,ns,0.084033,0.733900,0,0.333698,0.733900,0,ns,0.056388,0.829100,0,-0.212285,0.829200,0,ns,0.048782,0.468500,0,-0.545400,0.468500,0
TN346355,El Abraj,Sfax,Centre East,6,0,1,90.3080,7.2373,2.4547,ns,0.161937,0.512100,0,0.630024,0.512100,0,ns,0.157020,0.493800,0,-0.653648,0.493800,0,ns,0.044726,0.759200,0,-0.246837,0.759200,0
TN346356,Sdiret Sud,Sfax,Centre East,7,0,1,90.3080,7.2373,2.4547,ns,0.010214,0.947500,0,-0.063859,0.947500,0,ns,-0.018367,0.933300,0,-0.080023,0.933300,0,ns,-0.097752,0.535600,0,0.480009,0.535600,0
TN346357,Sdiret Nord,Sfax,Centre East,8,0,1,90.3080,7.2373,2.4547,ns,-0.003273,0.973200,0,-0.033893,0.973200,0,ns,-0.004229,0.973400,0,0.034695,0.973400,0,ns,0.000240,0.986200,0,0.014667,0.986200,0
TN346358,El Gandoul,Sfax,Centre East,6,0,0,95.2446,3.5100,1.2454,ns,0.164698,0.462100,0,0.707996,0.462100,0,ns,0.193490,0.446600,0,-0.721499,0.446600,0,ns,0.001205,0.692200,0,-0.314452,0.692200,0
TN346359,Oued Ech-Cheikh,Sfax,Centre East,4,0,1,90.3080,7.2373,2.4547,ns,0.021284,0.556100,0,0.565210,0.556100,0,ns,0.084648,0.466000,0,-0.687013,0.466000,0,ns,0.027249,0.899400,0,0.102494,0.899400,0
TN346360,Ouadrane Sud,Sfax,Centre East,8,0,0,95.2446,3.5100,1.2454,ns,0.208576,0.305700,0,0.980353,0.305700,0,ns,0.187158,0.369400,0,-0.857798,0.369400,0,ns,0.079670,0.256800,0,-0.884147,0.256800,0
TN346361,Ouadrane Nord,Sfax,Centre East,7,0,0,95.2446,3.5100,1.2454,ns,0.348190,0.060100,0,1.796250,0.060100,0,ns,0.282034,0.064700,0,-1.723539,0.064700,0,ns,0.221037,0.145400,0,-1.166372,0.145400,0
TN346362,En-Nadhour,Sfax,Centre East,7,0,0,95.2446,3.5100,1.2454,ns,0.025074,0.913000,0,0.108325,0.913000,0,ns,0.042424,0.869700,0,-0.161851,0.869700,0,ns,-0.004335,0.888800,0,0.114172,0.888800,0
TN346451,Sbih,Sfax,Centre East,3,0,1,90.3080,7.2373,2.4547,ns,0.197786,0.308200,0,-0.929921,0.308200,0,ns,0.036018,0.643900,0,0.441486,0.643900,0,ns,1.086572,0.025700,0,2.038312,0.025700,0
TN346452,El Khadhra,Sfax,Centre East,8,0,1,90.3080,7.2373,2.4547,ns,-0.031307,0.946300,0,0.068302,0.946300,0,ns,-0.112533,0.575300,0,-0.542589,0.575300,0,ns,1.077448,0.068400,0,1.503130,0.068400,0
TN346453,Naoual,Sfax,Centre East,8,0,1,90.3080,7.2373,2.4547,ns,-0.083207,0.435600,0,-0.757815,0.435600,0,ns,-0.061605,0.728700,0,0.332743,0.728700,0,ns,0.327435,0.036600,0,1.805204,0.036600,0
TN346454,Skhira,Sfax,Centre East,4,0,1,90.3080,7.2373,2.4547,ns,0.689790,0.302100,0,-0.952523,0.302100,0,ns,0.323031,0.463700,0,0.690383,0.463700,0,ns,1.583046,0.077800,0,1.307192,0.077800,0
TN346455,El Kenitra,Sfax,Centre East,6,0,1,90.3080,7.2373,2.4547,ns,0.280090,0.340300,0,-0.889912,0.340300,0,ns,0.076800,0.757300,0,0.302581,0.757300,0,ns,0.791695,0.018000,0,2.367457,0.018000,0
TN346456,Sidi Mohamed,Sfax,Centre East,5,0,1,90.3080,7.2373,2.4547,ns,-0.002911,0.094900,0,-1.519572,0.094900,0,ns,-0.018106,0.242700,0,1.074551,0.242700,0,ns,0.101709,0.021400,0,2.267795,0.021400,0
TN346457,El Hammada,Sfax,Centre East,6,0,1,90.3080,7.2373,2.4547,ns,0.511007,0.357000,0,-0.863310,0.357000,0,ns,0.340418,0.499600,0,0.642362,0.499600,0,ns,0.575233,0.137100,0,1.128856,0.137100,0
TN346551,Mahres,Sfax,Centre East,3,0,1,90.3080,7.2373,2.4547,ns,0.073596,0.393400,0,0.784725,0.393400,0,ns,0.075867,0.410900,0,-0.752548,0.410900,0,ns,0.013359,0.520700,0,-0.478324,0.520700,0
TN346552,Mahres Sud,Sfax,Centre East,5,0,1,90.3080,7.2373,2.4547,ns,0.019331,0.366900,0,0.841219,0.366900,0,ns,0.107395,0.331100,0,-0.889960,0.331100,0,ns,-0.079119,0.748700,0,-0.261888,0.748700,0
TN346553,Chaffar,Sfax,Centre East,3,0,1,90.3080,7.2373,2.4547,ns,0.210365,0.512400,0,0.616461,0.512400,0,ns,0.194535,0.518200,0,-0.603144,0.518200,0,ns,0.082517,0.641800,0,-0.343462,0.641800,0
TN346554,Sidi Ghrib,Sfax,Centre East,5,0,1,90.3080,7.2373,2.4547,ns,0.018838,0.824000,0,0.217626,0.824000,0,ns,0.076955,0.702300,0,-0.358141,0.702300,0,ns,0.124230,0.675500,0,0.339699,0.675500,0
TN346555,Aithet Chelaia,Sfax,Centre East,5,0,1,90.3080,7.2373,2.4547,ns,0.185369,0.542700,0,0.588507,0.542700,0,ns,0.167076,0.406200,0,-0.784717,0.406200,0,ns,-0.154885,0.699500,0,0.299130,0.699500,0
TN346556,Es-Smara,Sfax,Centre East,2,0,1,90.3080,7.2373,2.4547,ns,-0.002344,0.991100,0,-0.010966,0.991100,0,ns,0.017633,0.885200,0,-0.150624,0.885200,0,ns,0.035452,0.471800,0,0.535869,0.471800,0
TN346651,El Ataya,Sfax,Centre East,3,0,1,90.3080,7.2373,2.4547,ns,-0.404950,0.697800,0,0.377088,0.697800,0,ns,-0.459683,0.649000,0,-0.443033,0.649000,0,ns,0.014273,0.980200,0,0.019822,0.980200,0
TN346652,El Ramla,Sfax,Centre East,2,0,1,90.3080,7.2373,2.4547,ns,-0.030597,0.702300,0,0.386525,0.702300,0,ns,-0.014844,0.824200,0,-0.230007,0.824200,0,ns,-0.060953,0.326500,0,-0.676156,0.326600,0
TN346653,Sidi Frej,Sfax,Centre East,2,0,1,90.3080,7.2373,2.4547,ns,-0.118502,0.680700,0,0.410968,0.680700,0,ns,-0.035165,0.811400,0,-0.249293,0.811400,0,ns,-0.450428,0.302800,0,-0.675181,0.302800,0
TN346654,Melita,Sfax,Centre East,1,1,1,90.3080,7.2373,2.4547,ns,-0.067000,0.474900,0,0.627811,0.474900,0,ns,0.237552,0.536500,0,-0.548692,0.536500,0,ns,-1.042085,0.372700,0,-0.549482,0.372700,0
TN346655,El Kalabine,Sfax,Centre East,3,0,1,90.3080,7.2373,2.4547,ns,-0.310640,0.340400,0,-0.870579,0.340400,0,ns,-0.257406,0.354800,0,0.829262,0.354800,0,ns,-0.189169,0.452300,0,0.568603,0.452300,0
TN346656,En-Najet,Sfax,Centre East,3,0,1,90.3080,7.2373,2.4547,ns,0.124049,0.544000,0,-0.582490,0.544000,0,ns,0.036904,0.697300,0,0.376296,0.697300,0,ns,0.455473,0.180700,0,0.955633,0.180700,0
TN346657,El Chargui,Sfax,Centre East,3,0,1,90.3080,7.2373,2.4547,ns,-0.232813,0.275500,0,-0.978376,0.275500,0,ns,-0.201544,0.337400,0,0.862089,0.337400,0,ns,-0.117999,0.231600,0,0.898729,0.231600,0
TN346658,El Kantra,Sfax,Centre East,3,1,1,90.3080,7.2373,2.4547,ns,-0.318113,0.334200,0,-0.888428,0.334200,0,ns,-0.155825,0.598400,0,0.503194,0.598400,0,ns,-0.561924,0.040300,0,1.696329,0.040300,0
TN346659,El Kraten,Sfax,Centre East,1,0,1,90.3080,7.2373,2.4547,ns,-0.166995,0.721800,0,-0.367919,0.721800,0,ns,-0.127027,0.878500,0,0.171494,0.878500,0,ns,0.608263,0.195500,0,0.783140,0.195500,0
TN346660,Ouled Kacem,Sfax,Centre East,2,0,1,90.3080,7.2373,2.4547,ns,0.010819,0.697500,0,-0.381368,0.697500,0,ns,0.027193,0.825900,0,0.218452,0.825900,0,ns,-0.225028,0.325800,0,0.718623,0.325800,0
TN415151,Al Ansar,Kairouan,Centre West,5,0,0,95.2446,3.5100,1.2454,ns,0.382499,0.024000,0,-2.451249,0.024000,0,ns,0.329412,0.011800,0,3.104221,0.011800,0,ns,-0.192640,0.297700,0,-0.787847,0.297700,0
TN415152,El Jemaa Nord,Kairouan,Centre West,5,0,0,95.2446,3.5100,1.2454,ns,0.371629,0.286500,0,-0.997545,0.286500,0,ns,0.703834,0.131100,0,1.355311,0.131100,0,ns,0.180783,0.436100,0,-0.604205,0.436100,0
TN415153,El Jemaa Sud,Kairouan,Centre West,6,0,0,95.2446,3.5100,1.2454,ns,0.199635,0.786300,0,-0.273313,0.786300,0,ns,0.557244,0.473400,0,0.685848,0.473400,0,ns,-0.157580,0.127700,0,-1.162966,0.127700,0
TN415154,Kebilia Nord,Kairouan,Centre West,5,0,0,95.2446,3.5100,1.2454,ns,0.705563,0.078400,0,-1.614588,0.078400,0,ns,1.068581,0.043400,0,1.981945,0.043400,0,ns,0.039018,0.628700,0,-0.379893,0.628700,0
TN415155,Jeblia Nord,Kairouan,Centre West,6,0,0,95.2446,3.5100,1.2454,ns,0.002764,0.987000,0,-0.014180,0.987000,0,ns,0.168358,0.555400,0,0.555088,0.555400,0,ns,0.297091,0.036800,0,-1.783834,0.036800,0
TN415156,Jeblia Sud,Kairouan,Centre West,6,0,0,95.2446,3.5100,1.2454,ns,0.203793,0.098900,0,-1.523007,0.098900,0,ns,0.577337,0.042600,0,1.980873,0.042600,0,ns,0.315625,0.364400,0,-0.731060,0.364400,0
TN415157,El Menchia,Kairouan,Centre West,4,0,0,95.2446,3.5100,1.2454,ns,-0.039146,0.863200,0,-0.162610,0.863200,0,ns,-0.063836,0.685700,0,0.384013,0.685700,0,ns,0.205315,0.412200,0,-0.611219,0.412200,0
TN415158,Al Aghalba,Kairouan,Centre West,5,0,0,95.2446,3.5100,1.2454,ns,0.046437,0.838200,0,-0.201175,0.838200,0,ns,0.191256,0.582800,0,0.533117,0.582800,0,ns,0.305665,0.208000,0,-0.919446,0.208000,0
TN415159,Elbaten,Kairouan,Centre West,10,0,0,95.2446,3.5100,1.2454,ns,0.163601,0.105400,0,1.555637,0.105400,0,ns,0.126369,0.120100,0,-1.489345,0.120100,0,ns,0.118133,0.227300,0,-1.018248,0.227300,0
TN415160,Dheraa Ettammar,Kairouan,Centre West,8,0,0,95.2446,3.5100,1.2454,ns,0.047374,0.860800,0,0.166333,0.860800,0,ns,-0.077378,0.751600,0,0.299086,0.751600,0,ns,0.394444,0.051600,0,-1.629452,0.051600,0
TN415161,Metbasta,Kairouan,Centre West,5,0,0,95.2446,3.5100,1.2454,ns,0.721401,0.107500,0,1.465525,0.107500,0,ns,0.571181,0.171400,0,-1.228161,0.171400,0,ns,0.508054,0.058800,0,-1.458143,0.058800,0
TN415162,El Ghabet,Kairouan,Centre West,7,0,0,95.2446,3.5100,1.2454,ns,0.605829,0.084800,0,1.587514,0.084800,0,ns,0.453803,0.131900,0,-1.374249,0.131900,0,ns,0.533626,0.060900,0,-1.450067,0.060900,0
TN415251,Elmansoura Nord,Kairouan,Centre West,7,0,0,95.2446,3.5100,1.2454,ns,0.193390,0.183600,0,-1.233828,0.183600,0,ns,0.362714,0.064000,0,1.734446,0.064000,0,ns,0.087098,0.204100,0,-0.992544,0.204100,0
TN415252,Elmansoura Sud,Kairouan,Centre West,4,0,0,95.2446,3.5100,1.2454,ns,0.549712,0.231600,0,-1.085516,0.231600,0,ns,0.852986,0.089800,0,1.467470,0.089800,0,ns,-0.017401,0.344100,0,-0.733051,0.344100,0
TN415253,Keblia Sud,Kairouan,Centre West,8,0,0,95.2446,3.5100,1.2454,ns,0.503603,0.290000,0,-1.020145,0.290000,0,ns,0.840655,0.127900,0,1.439315,0.127900,0,ns,0.039084,0.313400,0,-0.802339,0.313400,0
TN415254,Merguellil,Kairouan,Centre West,8,0,0,95.2446,3.5100,1.2454,ns,0.106264,0.364400,0,0.872833,0.364400,0,ns,0.079049,0.643200,0,-0.450575,0.643200,0,ns,-0.185875,0.036100,0,-1.765673,0.036100,0
TN415255,Rakada,Kairouan,Centre West,7,0,0,95.2446,3.5100,1.2454,ns,-0.040553,0.853200,0,-0.185148,0.853200,0,ns,-0.094778,0.593500,0,0.515718,0.593500,0,ns,0.305018,0.203400,0,-1.004619,0.203400,0
TN415256,Zroud,Kairouan,Centre West,8,0,0,95.2446,3.5100,1.2454,ns,0.084409,0.753200,0,0.303636,0.753200,0,ns,-0.028796,0.895400,0,0.131225,0.895400,0,ns,0.484334,0.057400,0,-1.601600,0.057400,0
TN415257,Ettaen,Kairouan,Centre West,3,0,0,95.2446,3.5100,1.2454,ns,-0.292953,0.089300,0,-1.452981,0.089300,0,ns,-0.099570,0.049000,0,1.819690,0.049000,0,ns,0.234012,0.600500,0,-0.380540,0.600500,0
TN415258,Ouled Nhar,Kairouan,Centre West,6,0,0,95.2446,3.5100,1.2454,ns,0.424557,0.078000,0,1.646970,0.078000,0,ns,0.344413,0.145400,0,-1.338181,0.145400,0,ns,0.244226,0.036300,0,-1.835771,0.036300,0
TN415259,Khazazia,Kairouan,Centre West,5,0,0,95.2446,3.5100,1.2454,ns,0.444912,0.182500,0,1.229270,0.182500,0,ns,0.333128,0.216300,0,-1.130896,0.216300,0,ns,0.377325,0.214800,0,-0.917319,0.214800,0
TN415260,El Makhsouma,Kairouan,Centre West,5,0,0,95.2446,3.5100,1.2454,ns,0.329458,0.060600,0,1.756155,0.060600,0,ns,0.247857,0.086900,0,-1.520751,0.086900,0,ns,0.286461,0.044000,0,-1.699917,0.044000,0
TN415261,El Nebech,Kairouan,Centre West,4,0,0,95.2446,3.5100,1.2454,ns,0.598922,0.251200,0,1.044364,0.251200,0,ns,0.510054,0.280300,0,-0.977658,0.280300,0,ns,0.339175,0.326500,0,-0.714430,0.326500,0
TN415262,Zaafrana,Kairouan,Centre West,10,0,0,95.2446,3.5100,1.2454,ns,0.415373,0.045000,0,1.992462,0.045000,0,ns,0.274351,0.085600,0,-1.632766,0.085600,0,ns,0.510023,0.018600,0,-2.197714,0.018600,0
TN415263,El Khadra,Kairouan,Centre West,5,0,0,95.2446,3.5100,1.2454,ns,0.533274,0.081700,0,1.622023,0.081700,0,ns,0.431173,0.091700,0,-1.538134,0.091700,0,ns,0.349795,0.158300,0,-1.068833,0.158300,0
TN415264,El Hammam,Kairouan,Centre West,6,0,0,95.2446,3.5100,1.2454,ns,0.487076,0.093800,0,1.556315,0.093800,0,ns,0.354492,0.156300,0,-1.292200,0.156300,0,ns,0.462078,0.045300,0,-1.605059,0.045300,0
TN415265,Beriket El Argoub,Kairouan,Centre West,5,0,0,95.2446,3.5100,1.2454,ns,0.604496,0.091600,0,1.542915,0.091600,0,ns,0.581751,0.106000,0,-1.449423,0.106000,0,ns,0.180071,0.152400,0,-1.130372,0.152400,0
TN415351,Echbika,Kairouan,Centre West,8,0,0,95.2446,3.5100,1.2454,ns,0.321656,0.080200,0,1.671970,0.080200,0,ns,0.216203,0.091500,0,-1.585077,0.091500,0,ns,0.309760,0.152500,0,-1.111589,0.152500,0
TN415352,Jaouaouda,Kairouan,Centre West,5,0,0,95.2446,3.5100,1.2454,ns,0.221335,0.213500,0,1.144313,0.213500,0,ns,0.242699,0.225300,0,-1.097403,0.225300,0,ns,0.008497,0.356600,0,-0.739155,0.356600,0
TN415353,El Aouamria,Kairouan,Centre West,5,0,0,95.2446,3.5100,1.2454,ns,0.324884,0.291100,0,0.994081,0.291100,0,ns,0.339868,0.234700,0,-1.094390,0.234700,0,ns,0.038997,0.818400,0,-0.183367,0.818400,0
TN415354,Errouisset,Kairouan,Centre West,6,0,0,95.2446,3.5100,1.2454,ns,0.276942,0.176800,0,1.245416,0.176800,0,ns,0.398755,0.167500,0,-1.247126,0.167500,0,ns,-0.131589,0.419100,0,-0.647816,0.419100,0
TN415355,Abida,Kairouan,Centre West,7,0,0,95.2446,3.5100,1.2454,ns,0.413406,0.065000,0,1.764327,0.065000,0,ns,0.249998,0.093600,0,-1.549587,0.093600,0,ns,0.564114,0.053100,0,-1.552411,0.053100,0
TN415356,Sidi Ali Ben Salem,Kairouan,Centre West,4,0,0,95.2446,3.5100,1.2454,ns,0.565900,0.133300,0,1.332688,0.133300,0,ns,0.412333,0.173000,0,-1.200836,0.173000,0,ns,0.523664,0.141500,0,-1.123976,0.141500,0
TN415357,Hammed,Kairouan,Centre West,7,0,0,95.2446,3.5100,1.2454,ns,0.626483,0.038400,0,2.072770,0.038400,0,ns,0.541232,0.050600,0,-1.874372,0.050600,0,ns,0.331513,0.043200,0,-1.724707,0.043200,0
TN415358,El Karma,Kairouan,Centre West,6,0,0,95.2446,3.5100,1.2454,ns,0.533927,0.047800,0,1.926858,0.047800,0,ns,0.550634,0.068300,0,-1.679064,0.068300,0,ns,-0.036958,0.040600,0,-1.672450,0.040600,0
TN415451,Sbikha Centre,Kairouan,Centre West,8,0,0,95.2446,3.5100,1.2454,ns,0.227295,0.054200,0,1.828487,0.054200,0,ns,0.166383,0.069000,0,-1.724387,0.069000,0,ns,0.192009,0.110800,0,-1.270099,0.110800,0
TN415452,Ain Bou Morra,Kairouan,Centre West,4,0,0,95.2446,3.5100,1.2454,ns,0.514668,0.230000,0,1.077986,0.230000,0,ns,0.426148,0.289300,0,-0.954151,0.289300,0,ns,0.319643,0.197400,0,-0.955054,0.197400,0
TN415453,El Friouet,Kairouan,Centre West,5,0,0,95.2446,3.5100,1.2454,ns,0.439411,0.199900,0,1.174941,0.199900,0,ns,0.348654,0.236400,0,-1.080148,0.236400,0,ns,0.317050,0.231900,0,-0.895023,0.231900,0
TN415454,Sidi Messaoud,Kairouan,Centre West,10,0,0,95.2446,3.5100,1.2454,ns,0.524165,0.037200,0,2.052803,0.037200,0,ns,0.420804,0.070300,0,-1.722866,0.070300,0,ns,0.344710,0.022600,0,-2.010879,0.022600,0
TN415455,Ed-Dekhila,Kairouan,Centre West,5,0,0,95.2446,3.5100,1.2454,ns,0.374914,0.374600,0,0.832744,0.374600,0,ns,0.292488,0.436500,0,-0.728761,0.436500,0,ns,0.290875,0.324600,0,-0.752577,0.324600,0
TN415456,Ed-Dheriaat,Kairouan,Centre West,7,0,0,95.2446,3.5100,1.2454,ns,0.445481,0.149800,0,1.349432,0.149800,0,ns,0.383785,0.150100,0,-1.327249,0.150100,0,ns,0.225516,0.335300,0,-0.742281,0.335300,0
TN415457,El Gfi,Kairouan,Centre West,7,0,0,95.2446,3.5100,1.2454,ns,0.483941,0.078300,0,1.663759,0.078300,0,ns,0.425542,0.116400,0,-1.459378,0.116400,0,ns,0.219664,0.066100,0,-1.467800,0.066100,0
TN415458,El Alam,Kairouan,Centre West,8,0,0,95.2446,3.5100,1.2454,ns,0.303798,0.042300,0,1.981970,0.042300,0,ns,0.180991,0.048800,0,-1.914109,0.048800,0,ns,0.323653,0.128900,0,-1.189118,0.128900,0
TN415459,El Katifa,Kairouan,Centre West,4,0,0,95.2446,3.5100,1.2454,ns,0.375137,0.285900,0,0.996396,0.285900,0,ns,0.413970,0.386500,0,-0.812254,0.386500,0,ns,-0.271491,0.135400,0,-1.121546,0.135400,0
TN415460,El Aouitha,Kairouan,Centre West,7,0,0,95.2446,3.5100,1.2454,ns,0.314081,0.064700,0,1.751813,0.064700,0,ns,0.188077,0.092300,0,-1.548810,0.092300,0,ns,0.422032,0.058000,0,-1.582170,0.058000,0
TN415461,Sisseb,Kairouan,Centre West,6,0,0,95.2446,3.5100,1.2454,ns,0.487991,0.111500,0,1.486708,0.111500,0,ns,0.305527,0.167500,0,-1.272904,0.167500,0,ns,0.650029,0.071400,0,-1.448252,0.071400,0
TN415462,Ech-Chorfa,Kairouan,Centre West,6,0,0,95.2446,3.5100,1.2454,ns,0.314141,0.138900,0,1.365810,0.138900,0,ns,0.381536,0.126900,0,-1.390060,0.126900,0,ns,-0.018152,0.422600,0,-0.601398,0.422600,0
TN415463,Chogafia,Kairouan,Centre West,5,0,0,95.2446,3.5100,1.2454,ns,0.378484,0.220900,0,1.128373,0.220900,0,ns,0.371457,0.229000,0,-1.089257,0.229000,0,ns,0.105820,0.364900,0,-0.710755,0.364900,0
TN415464,Serdiania,Kairouan,Centre West,6,0,0,95.2446,3.5100,1.2454,ns,0.117532,0.056800,0,1.814595,0.056800,0,ns,0.092805,0.060700,0,-1.752210,0.060700,0,ns,0.079316,0.145500,0,-1.148929,0.145500,0
TN415465,Oued El Khraouia,Kairouan,Centre West,5,0,0,95.2446,3.5100,1.2454,ns,0.201987,0.189100,0,1.196799,0.189100,0,ns,0.131624,0.250300,0,-1.048288,0.250300,0,ns,0.244037,0.153400,0,-1.049331,0.153400,0
TN415551,Maarouf,Kairouan,Centre West,6,0,0,95.2446,3.5100,1.2454,ns,0.399621,0.106600,0,1.496147,0.106600,0,ns,0.232957,0.185000,0,-1.215140,0.185000,0,ns,0.628351,0.044000,0,-1.673682,0.044000,0
TN415552,El Ooueslatia Est,Kairouan,Centre West,5,0,0,95.2446,3.5100,1.2454,ns,0.070903,0.170900,0,1.277166,0.170900,0,ns,0.001559,0.311200,0,-0.953843,0.311200,0,ns,0.338947,0.048500,0,-1.705684,0.048500,0
TN415553,El Ooueslatia Ouest,Kairouan,Centre West,3,0,0,95.2446,3.5100,1.2454,ns,0.206385,0.409400,0,0.762687,0.409400,0,ns,0.105515,0.598000,0,-0.501586,0.598000,0,ns,0.402850,0.094100,0,-1.203017,0.094100,0
TN415554,El Menzel,Kairouan,Centre West,10,0,0,95.2446,3.5100,1.2454,ns,-0.226624,0.062800,0,-1.790626,0.062800,0,ns,-0.131863,0.017300,0,2.592293,0.017300,0,ns,0.511491,0.043300,0,-1.677457,0.043300,0
TN415555,Djebel Essarj,Kairouan,Centre West,6,0,0,95.2446,3.5100,1.2454,ns,0.405458,0.185100,0,1.234873,0.185100,0,ns,0.277424,0.333300,0,-0.910033,0.333300,0,ns,0.402332,0.044200,0,-1.711072,0.044200,0
TN415556,Zaghdoud,Kairouan,Centre West,9,0,0,95.2446,3.5100,1.2454,ns,0.287411,0.038900,0,2.036653,0.038900,0,ns,0.172834,0.060400,0,-1.793241,0.060400,0,ns,0.389839,0.035000,0,-1.843160,0.035000,0
TN415557,Djebel Oouestat,Kairouan,Centre West,5,0,0,95.2446,3.5100,1.2454,ns,0.491429,0.175400,0,1.254273,0.175400,0,ns,0.355223,0.267700,0,-1.031155,0.267700,0,ns,0.474033,0.079400,0,-1.349383,0.079400,0
TN415558,Djebel Erreihane,Kairouan,Centre West,5,0,0,95.2446,3.5100,1.2454,ns,0.358334,0.227300,0,1.113289,0.227300,0,ns,0.202241,0.403200,0,-0.778684,0.403200,0,ns,0.594494,0.048500,0,-1.685743,0.048500,0
TN415559,Ain Djeloula,Kairouan,Centre West,6,0,0,95.2446,3.5100,1.2454,ns,0.335947,0.115100,0,1.470217,0.115100,0,ns,0.340621,0.104200,0,-1.484818,0.104200,0,ns,0.078473,0.381600,0,-0.697855,0.381600,0
TN415560,Oued El Ksab,Kairouan,Centre West,6,0,0,95.2446,3.5100,1.2454,ns,0.471675,0.095200,0,1.532129,0.095200,0,ns,0.280390,0.150800,0,-1.303687,0.150800,0,ns,0.686459,0.056100,0,-1.475198,0.056100,0
TN415561,El Behair,Kairouan,Centre West,9,0,0,95.2446,3.5100,1.2454,ns,-0.640951,0.024000,0,-2.402092,0.024000,0,ns,-0.784182,0.006400,0,3.342398,0.006400,0,ns,0.429859,0.033900,0,-1.836620,0.033900,0
TN415651,Hafouz Centre,Kairouan,Centre West,4,0,0,95.2446,3.5100,1.2454,ns,-0.339602,0.130900,0,1.332702,0.130900,0,ns,-0.462340,0.208800,0,-1.115353,0.208800,0,ns,0.520595,0.072400,0,-1.354765,0.072400,0
TN415652,Khit El Oued,Kairouan,Centre West,8,0,0,95.2446,3.5100,1.2454,ns,0.322245,0.134500,0,1.399708,0.134500,0,ns,0.182602,0.279200,0,-1.027112,0.279200,0,ns,0.542468,0.030200,0,-1.939061,0.030200,0
TN415653,Oued El Jabbes,Kairouan,Centre West,10,0,0,95.2446,3.5100,1.2454,ns,0.572570,0.043900,0,1.955878,0.043900,0,ns,0.408789,0.088300,0,-1.597220,0.088300,0,ns,0.569716,0.020600,0,-2.159498,0.020600,0
TN415654,El Ain El Beidha,Kairouan,Centre West,5,0,0,95.2446,3.5100,1.2454,ns,0.750882,0.064500,0,1.722778,0.064500,0,ns,0.606284,0.080900,0,-1.582747,0.080900,0,ns,0.516594,0.086500,0,-1.300488,0.086500,0
TN415655,El Houfia,Kairouan,Centre West,8,0,0,95.2446,3.5100,1.2454,ns,0.390567,0.080200,0,1.656124,0.080200,0,ns,0.272208,0.148300,0,-1.353553,0.148300,0,ns,0.417538,0.035100,0,-1.792113,0.035100,0
TN415656,Cherichira,Kairouan,Centre West,8,0,0,95.2446,3.5100,1.2454,ns,0.201019,0.152000,0,1.339347,0.152000,0,ns,0.142591,0.215700,0,-1.155525,0.215700,0,ns,0.205429,0.111900,0,-1.260387,0.111900,0
TN415657,Traza Sud,Kairouan,Centre West,7,0,0,95.2446,3.5100,1.2454,ns,0.918842,0.026900,0,2.307782,0.026900,0,ns,0.718434,0.036000,0,-2.100229,0.036000,0,ns,0.701962,0.033500,0,-1.875944,0.033500,0
TN415658,Ouled Khalfallah,Kairouan,Centre West,8,0,0,95.2446,3.5100,1.2454,ns,0.742997,0.027200,0,2.313615,0.027200,0,ns,0.653579,0.036300,0,-2.124502,0.036300,0,ns,0.366197,0.039000,0,-1.774114,0.039000,0
TN415751,El Alaa,Kairouan,Centre West,3,0,0,95.2446,3.5100,1.2454,ns,0.712928,0.064400,0,1.636103,0.064400,0,ns,0.583594,0.074200,0,-1.500221,0.074200,0,ns,0.469082,0.086100,0,-1.232928,0.086100,0
TN415752,El Messaid,Kairouan,Centre West,6,0,0,95.2446,3.5100,1.2454,ns,0.091865,0.731100,0,0.337718,0.731100,0,ns,-0.023651,0.933700,0,0.079415,0.933700,0,ns,0.003929,0.059000,0,-1.529197,0.059000,0
TN415753,El Guettar,Kairouan,Centre West,6,0,0,95.2446,3.5100,1.2454,ns,0.686638,0.044200,0,1.978315,0.044200,0,ns,0.626846,0.056800,0,-1.803491,0.056800,0,ns,0.273820,0.057300,0,-1.515468,0.057300,0
TN415754,Messiouta El Hanachir,Kairouan,Centre West,5,0,0,95.2446,3.5100,1.2454,ns,0.479671,0.158700,0,1.284740,0.158700,0,ns,0.430018,0.162900,0,-1.247871,0.162900,0,ns,0.215268,0.331900,0,-0.778430,0.331900,0
TN415755,Messiouta Ennaguaz,Kairouan,Centre West,7,0,0,95.2446,3.5100,1.2454,ns,0.529637,0.045400,0,1.945659,0.045400,0,ns,0.466167,0.042300,0,-1.971276,0.042300,0,ns,0.228982,0.247600,0,-0.886411,0.247600,0
TN415756,Sayada Nord,Kairouan,Centre West,5,0,0,95.2446,3.5100,1.2454,ns,0.177376,0.209200,0,1.136722,0.209200,0,ns,0.148949,0.325700,0,-0.898314,0.325700,0,ns,0.062596,0.075700,0,-1.342328,0.075700,0
TN415757,Sayada Sud,Kairouan,Centre West,7,0,0,95.2446,3.5100,1.2454,ns,0.488158,0.045500,0,1.975292,0.045500,0,ns,0.453144,0.057600,0,-1.805931,0.057600,0,ns,0.175916,0.056800,0,-1.525764,0.056800,0
TN415758,Ouled Amor,Kairouan,Centre West,6,0,0,95.2446,3.5100,1.2454,ns,0.305182,0.065900,0,1.725918,0.065900,0,ns,0.280169,0.095200,0,-1.529184,0.095200,0,ns,0.102796,0.058500,0,-1.490281,0.058500,0
TN415759,Tarza Nord,Kairouan,Centre West,5,0,0,95.2446,3.5100,1.2454,ns,0.934799,0.039000,0,2.059135,0.039000,0,ns,0.760097,0.047800,0,-1.901404,0.047800,0,ns,0.627919,0.053400,0,-1.568158,0.053400,0
TN415851,El Hajeb Centre,Kairouan,Centre West,5,0,0,95.2446,3.5100,1.2454,ns,0.316351,0.056600,0,1.789884,0.056600,0,ns,0.328510,0.070500,0,-1.636269,0.070500,0,ns,0.018860,0.070600,0,-1.412784,0.070600,0
TN415852,Ahouaz El Hajeb,Kairouan,Centre West,8,0,0,95.2446,3.5100,1.2454,ns,0.626318,0.043300,0,1.955507,0.043300,0,ns,0.475120,0.071000,0,-1.704137,0.071000,0,ns,0.531198,0.037000,0,-1.765141,0.037000,0
TN415853,Chaouachi,Kairouan,Centre West,8,0,0,95.2446,3.5100,1.2454,ns,0.840936,0.018600,0,2.520830,0.018600,0,ns,0.744010,0.028000,0,-2.292472,0.028000,0,ns,0.397285,0.027000,0,-1.950503,0.027000,0
TN415854,Esserja,Kairouan,Centre West,5,0,0,95.2446,3.5100,1.2454,ns,0.595591,0.052500,0,1.842601,0.052500,0,ns,0.568814,0.065000,0,-1.695697,0.065000,0,ns,0.174164,0.071400,0,-1.418541,0.071400,0
TN415855,El Kantra,Kairouan,Centre West,5,0,0,95.2446,3.5100,1.2454,ns,0.674262,0.111500,0,1.454403,0.111500,0,ns,0.577037,0.116000,0,-1.390052,0.116000,0,ns,0.369240,0.211200,0,-0.948898,0.211200,0
TN415856,El Hadaya,Kairouan,Centre West,7,0,0,95.2446,3.5100,1.2454,ns,0.260568,0.032800,0,2.100101,0.032800,0,ns,0.259243,0.041900,0,-1.953086,0.041900,0,ns,0.052267,0.057900,0,-1.500398,0.057900,0
TN415857,El Ghouiba,Kairouan,Centre West,4,0,0,95.2446,3.5100,1.2454,ns,0.475819,0.178000,0,1.204610,0.178000,0,ns,0.457439,0.197300,0,-1.138466,0.197300,0,ns,0.147357,0.266400,0,-0.785949,0.266400,0
TN415858,Oued El Hajel,Kairouan,Centre West,8,0,0,95.2446,3.5100,1.2454,ns,0.577791,0.034100,0,2.125221,0.034100,0,ns,0.492759,0.039500,0,-2.042421,0.039500,0,ns,0.317329,0.095300,0,-1.298933,0.095300,0
TN415859,Errehima,Kairouan,Centre West,5,0,0,95.2446,3.5100,1.2454,ns,0.583415,0.043500,0,1.964830,0.043500,0,ns,0.488243,0.051700,0,-1.794086,0.051700,0,ns,0.354962,0.057200,0,-1.552202,0.057200,0
TN415951,Nasrallah Centre,Kairouan,Centre West,4,0,0,95.2446,3.5100,1.2454,ns,0.420721,0.090200,0,1.514440,0.090200,0,ns,0.387017,0.114000,0,-1.378653,0.114000,0,ns,0.156801,0.106900,0,-1.270547,0.106900,0
TN415952,Nasrallah Banlieue,Kairouan,Centre West,10,0,0,95.2446,3.5100,1.2454,ns,0.533910,0.044700,0,1.980178,0.044700,0,ns,0.448490,0.051300,0,-1.904001,0.051300,0,ns,0.303971,0.126300,0,-1.184603,0.126300,0
TN415953,El Hmidet,Kairouan,Centre West,6,0,0,95.2446,3.5100,1.2454,ns,0.713169,0.053900,0,1.860711,0.053900,0,ns,0.631431,0.052300,0,-1.856645,0.052300,0,ns,0.317617,0.210300,0,-0.934159,0.210300,0
TN415954,El Fejij,Kairouan,Centre West,9,0,0,95.2446,3.5100,1.2454,ns,0.324489,0.027700,0,2.270916,0.027700,0,ns,0.324447,0.032700,0,-2.172014,0.032700,0,ns,0.075097,0.068300,0,-1.495551,0.068300,0
TN415955,Ettouila,Kairouan,Centre West,9,0,0,95.2446,3.5100,1.2454,ns,0.638539,0.032200,0,2.201028,0.032200,0,ns,0.523133,0.041400,0,-2.045482,0.041400,0,ns,0.416457,0.050600,0,-1.586168,0.050600,0
TN415956,El Manara,Kairouan,Centre West,6,0,0,95.2446,3.5100,1.2454,ns,0.549926,0.078000,0,1.630843,0.078000,0,ns,0.473954,0.086200,0,-1.552648,0.086200,0,ns,0.293924,0.157800,0,-1.041749,0.157800,0
TN415957,El Kabbara,Kairouan,Centre West,9,0,1,90.3080,7.2373,2.4547,ns,0.145459,0.032800,0,2.112871,0.032800,0,ns,0.174492,0.041800,0,-1.988205,0.041800,0,ns,-0.037526,0.073900,0,-1.443043,0.073900,0
TN415958,El Briket,Kairouan,Centre West,7,0,0,95.2446,3.5100,1.2454,ns,0.524280,0.079200,0,1.642799,0.079200,0,ns,0.423989,0.089300,0,-1.567638,0.089300,0,ns,0.340267,0.171700,0,-1.066054,0.171700,0
TN416051,Echrarda,Kairouan,Centre West,7,0,1,90.3080,7.2373,2.4547,ns,-0.017092,0.085000,0,1.627498,0.085000,0,ns,-0.044814,0.117400,0,-1.446157,0.117400,0,ns,0.083049,0.078800,0,-1.410859,0.078800,0
TN416052,Bir El Helou,Kairouan,Centre West,4,0,1,90.3080,7.2373,2.4547,ns,-0.032259,0.465900,0,0.684510,0.465900,0,ns,0.004647,0.568000,0,-0.543572,0.568000,0,ns,-0.161387,0.299200,0,-0.802840,0.299200,0
TN416053,Ouled Farjallah Sud,Kairouan,Centre West,5,0,0,95.2446,3.5100,1.2454,ns,0.164861,0.443400,0,0.723415,0.443400,0,ns,0.135953,0.577300,0,-0.535904,0.577300,0,ns,0.035654,0.204500,0,-0.972294,0.204500,0
TN416054,Cheraitia Sud,Kairouan,Centre West,7,0,0,95.2446,3.5100,1.2454,ns,0.205198,0.282200,0,1.015446,0.282200,0,ns,0.148370,0.290300,0,-0.988637,0.290300,0,ns,0.161086,0.465400,0,-0.592989,0.465400,0
TN416055,El Ksour,Kairouan,Centre West,7,0,0,95.2446,3.5100,1.2454,ns,0.495751,0.084700,0,1.617809,0.084700,0,ns,0.355484,0.120500,0,-1.424806,0.120500,0,ns,0.485608,0.076100,0,-1.478901,0.076100,0
TN416151,Bouhajla Centre,Kairouan,Centre West,6,0,0,95.2446,3.5100,1.2454,ns,0.153953,0.107200,0,1.504681,0.107200,0,ns,0.111360,0.125700,0,-1.398517,0.125700,0,ns,0.136757,0.156400,0,-1.120137,0.156400,0
TN416152,Bouhajla El Ahouez,Kairouan,Centre West,7,0,0,95.2446,3.5100,1.2454,ns,0.302911,0.096900,0,1.538971,0.096900,0,ns,0.347241,0.108700,0,-1.471452,0.108700,0,ns,-0.025550,0.210700,0,-0.978434,0.210700,0
TN416153,Jehina Sud,Kairouan,Centre West,4,0,0,95.2446,3.5100,1.2454,ns,0.394637,0.124800,0,1.367828,0.124800,0,ns,0.326767,0.128600,0,-1.341348,0.128600,0,ns,0.227551,0.297600,0,-0.791701,0.297600,0
TN416154,Jehina Nord,Kairouan,Centre West,7,0,0,95.2446,3.5100,1.2454,ns,0.442408,0.056800,0,1.811123,0.056800,0,ns,0.379628,0.069100,0,-1.694484,0.069100,0,ns,0.243772,0.100000,0,-1.250188,0.100000,0
TN416155,El Ketitir,Kairouan,Centre West,5,0,0,95.2446,3.5100,1.2454,ns,0.495967,0.139900,0,1.347679,0.139900,0,ns,0.360782,0.181100,0,-1.214892,0.181100,0,ns,0.460782,0.151100,0,-1.146852,0.151100,0
TN416156,Ouled Achour,Kairouan,Centre West,5,0,0,95.2446,3.5100,1.2454,ns,0.524828,0.123000,0,1.408312,0.123000,0,ns,0.395309,0.178700,0,-1.207530,0.178700,0,ns,0.454138,0.076400,0,-1.327476,0.076400,0
TN416157,El Fatah,Kairouan,Centre West,6,0,0,95.2446,3.5100,1.2454,ns,0.356639,0.087900,0,1.586845,0.087900,0,ns,0.277182,0.136800,0,-1.347371,0.136800,0,ns,0.273880,0.049800,0,-1.613448,0.049800,0
TN416158,Ouled Fardjallah Nord,Kairouan,Centre West,6,0,0,95.2446,3.5100,1.2454,ns,0.358292,0.115900,0,1.435541,0.115900,0,ns,0.249098,0.155000,0,-1.278909,0.155000,0,ns,0.370182,0.116000,0,-1.239013,0.116000,0
TN416159,Ennasr,Kairouan,Centre West,7,0,0,95.2446,3.5100,1.2454,ns,0.357098,0.063300,0,1.755721,0.063300,0,ns,0.235403,0.084200,0,-1.603026,0.084200,0,ns,0.391240,0.084200,0,-1.341989,0.084200,0
TN416160,Bir Msikine,Kairouan,Centre West,6,0,0,95.2446,3.5100,1.2454,ns,0.231439,0.141600,0,1.361418,0.141600,0,ns,0.146838,0.216300,0,-1.132901,0.216300,0,ns,0.307337,0.070800,0,-1.453872,0.070800,0
TN416161,El Mouisset,Kairouan,Centre West,6,0,0,95.2446,3.5100,1.2454,ns,0.350426,0.089900,0,1.585896,0.089900,0,ns,0.362946,0.085400,0,-1.581920,0.085400,0,ns,0.069310,0.311400,0,-0.807045,0.311400,0
TN416162,Bir Bousari,Kairouan,Centre West,4,0,0,95.2446,3.5100,1.2454,ns,0.372664,0.237300,0,1.074582,0.237300,0,ns,0.417915,0.205200,0,-1.120696,0.205200,0,ns,0.036074,0.622100,0,-0.414015,0.622100,0
TN416163,Cheraitia Nord,Kairouan,Centre West,7,0,0,95.2446,3.5100,1.2454,ns,0.427710,0.092800,0,1.586156,0.092800,0,ns,0.384295,0.149400,0,-1.343596,0.149400,0,ns,0.134644,0.056200,0,-1.527358,0.056200,0
TN416164,Chouamekh,Kairouan,Centre West,7,0,0,95.2446,3.5100,1.2454,ns,0.326985,0.110300,0,1.497457,0.110300,0,ns,0.251171,0.144300,0,-1.353892,0.144300,0,ns,0.262838,0.128500,0,-1.222372,0.128500,0
TN425151,Ennour Est,Kassérine,Centre West,4,0,0,95.2446,3.5100,1.2454,ns,-0.058373,0.542900,0,0.587484,0.542900,0,ns,-0.022510,0.616600,0,-0.488934,0.616600,0,ns,-0.134421,0.437700,0,-0.618544,0.437700,0
TN425152,Ennour Ouest,Kassérine,Centre West,5,0,0,95.2446,3.5100,1.2454,ns,0.143924,0.626900,0,0.470679,0.626900,0,ns,0.114555,0.682200,0,-0.394970,0.682200,0,ns,0.097801,0.537700,0,-0.486072,0.537700,0
TN425153,El Bassatine,Kassérine,Centre West,7,0,0,95.2446,3.5100,1.2454,ns,-0.089065,0.457800,0,0.719648,0.457800,0,ns,-0.091927,0.457200,0,-0.713507,0.457200,0,ns,-0.017991,0.629400,0,-0.375369,0.629400,0
TN425154,El Khadhra,Kassérine,Centre West,5,0,0,95.2446,3.5100,1.2454,ns,-0.101524,0.419500,0,0.764416,0.419500,0,ns,-0.092167,0.424000,0,-0.753704,0.424000,0,ns,-0.042903,0.593400,0,-0.415568,0.593400,0
TN425155,El Arich,Kassérine,Centre West,6,0,0,95.2446,3.5100,1.2454,ns,0.035202,0.820400,0,0.213494,0.820400,0,ns,0.037753,0.867300,0,-0.157405,0.867300,0,ns,-0.045402,0.723800,0,-0.295452,0.723800,0
TN425156,Boulaaba,Kassérine,Centre West,7,0,0,95.2446,3.5100,1.2454,ns,0.159144,0.489400,0,0.665962,0.489400,0,ns,0.159736,0.527700,0,-0.604422,0.527700,0,ns,0.022120,0.503900,0,-0.539453,0.503900,0
TN425251,El Aouija,Kassérine,Centre West,17,0,0,95.2446,3.5100,1.2454,ns,0.231985,0.066000,0,1.802245,0.066000,0,ns,0.175828,0.066100,0,-1.794200,0.066100,0,ns,0.155895,0.245900,0,-0.959795,0.245900,0
TN425252,Boulhijet,Kassérine,Centre West,6,0,0,95.2446,3.5100,1.2454,ns,0.152694,0.063900,0,1.724353,0.063900,0,ns,0.087740,0.073900,0,-1.618310,0.073900,0,ns,0.188793,0.116300,0,-1.186506,0.116300,0
TN425253,Meghdoudech,Kassérine,Centre West,8,0,0,95.2446,3.5100,1.2454,ns,0.192166,0.272100,0,1.041609,0.272100,0,ns,0.226492,0.287600,0,-0.995073,0.287600,0,ns,-0.032157,0.400000,0,-0.679042,0.400000,0
TN425254,Bouzguam,Kassérine,Centre West,7,0,0,95.2446,3.5100,1.2454,ns,0.252277,0.130200,0,1.401254,0.130200,0,ns,0.236535,0.174900,0,-1.241276,0.174900,0,ns,0.071026,0.114600,0,-1.198129,0.114600,0
TN425255,Eddoghra,Kassérine,Centre West,6,0,0,95.2446,3.5100,1.2454,ns,0.462479,0.115000,0,1.462362,0.115000,0,ns,0.453750,0.143000,0,-1.338427,0.143000,0,ns,0.097936,0.141200,0,-1.124599,0.141200,0
TN425256,Sidi Harreth,Kassérine,Centre West,7,0,0,95.2446,3.5100,1.2454,ns,-0.258555,0.126200,0,1.430887,0.126200,0,ns,-0.333972,0.109200,0,-1.482123,0.109200,0,ns,0.028754,0.482400,0,-0.563269,0.482400,0
TN425351,Ezzouhour Est (1),Kassérine,Centre West,6,0,0,95.2446,3.5100,1.2454,ns,0.097536,0.352100,0,0.879463,0.352100,0,ns,0.083347,0.385000,0,-0.813843,0.385000,0,ns,0.054758,0.401000,0,-0.669088,0.401000,0
TN425352,Ezzouhour Est (2),Kassérine,Centre West,5,0,0,95.2446,3.5100,1.2454,ns,0.445680,0.152200,0,1.302652,0.152200,0,ns,0.363706,0.157700,0,-1.261082,0.157700,0,ns,0.273105,0.302800,0,-0.808155,0.302800,0
TN425353,Ezzouhour Ouest (1),Kassérine,Centre West,5,0,0,95.2446,3.5100,1.2454,ns,0.333544,0.281200,0,1.008310,0.281200,0,ns,0.303888,0.346800,0,-0.878099,0.346800,0,ns,0.108826,0.219800,0,-0.938619,0.219800,0
TN425354,Ezzouhour Ouest (2),Kassérine,Centre West,4,0,0,95.2446,3.5100,1.2454,ns,0.369478,0.258000,0,1.034745,0.258000,0,ns,0.343142,0.327900,0,-0.895578,0.327900,0,ns,0.093050,0.189700,0,-0.958147,0.189700,0
TN425355,Ezzouhour Ouest (3),Kassérine,Centre West,4,0,0,95.2446,3.5100,1.2454,ns,0.020931,0.166300,0,1.239862,0.166300,0,ns,-0.020116,0.193100,0,-1.154045,0.193100,0,ns,0.108426,0.226400,0,-0.886776,0.226400,0
TN425356,Ezzouhour Ouest (4),Kassérine,Centre West,6,0,0,95.2446,3.5100,1.2454,ns,0.076233,0.687200,0,0.385076,0.687200,0,ns,0.044528,0.741000,0,-0.314331,0.741000,0,ns,0.118219,0.597600,0,-0.419900,0.597600,0
TN425451,Hassi El Ferid,Kassérine,Centre West,8,0,0,95.2446,3.5100,1.2454,ns,0.380686,0.100900,0,1.558631,0.100900,0,ns,0.291120,0.109000,0,-1.485807,0.109000,0,ns,0.282701,0.203200,0,-1.014061,0.203200,0
TN425452,El Hechim,Kassérine,Centre West,6,0,0,95.2446,3.5100,1.2454,ns,0.603111,0.052400,0,1.877673,0.052400,0,ns,0.575990,0.060500,0,-1.758656,0.060500,0,ns,0.192439,0.096100,0,-1.301137,0.096100,0
TN425453,Khanguet Jezia,Kassérine,Centre West,5,0,0,95.2446,3.5100,1.2454,ns,0.718066,0.054000,0,1.814179,0.054000,0,ns,0.662428,0.056800,0,-1.771029,0.056800,0,ns,0.286613,0.155200,0,-1.041579,0.155200,0
TN425454,Essalloum,Kassérine,Centre West,5,0,0,95.2446,3.5100,1.2454,ns,0.763663,0.086200,0,1.571297,0.086200,0,ns,0.638229,0.099200,0,-1.467708,0.099200,0,ns,0.464179,0.132900,0,-1.158741,0.132900,0
TN425455,El Kamour,Kassérine,Centre West,7,0,0,95.2446,3.5100,1.2454,ns,-0.546973,0.048300,0,1.923639,0.048300,0,ns,-0.385591,0.043400,0,-1.987312,0.043400,0,ns,-0.327721,0.333800,0,-0.755956,0.333800,0
TN425551,Sbeitla,Kassérine,Centre West,4,0,0,95.2446,3.5100,1.2454,ns,-0.008624,0.088600,0,1.509104,0.088600,0,ns,-0.061202,0.114100,0,-1.367104,0.114100,0,ns,0.146980,0.103700,0,-1.235775,0.103700,0
TN425552,Cite Essourour,Kassérine,Centre West,3,0,0,95.2446,3.5100,1.2454,ns,0.307322,0.290300,0,0.955274,0.290300,0,ns,0.219053,0.380800,0,-0.798076,0.380800,0,ns,0.310935,0.164100,0,-0.896151,0.164100,0
TN425553,Semama,Kassérine,Centre West,7,0,0,95.2446,3.5100,1.2454,ns,0.281438,0.296900,0,0.982826,0.296900,0,ns,0.211092,0.398600,0,-0.791782,0.398600,0,ns,0.234461,0.160300,0,-1.129185,0.160300,0
TN425554,Errakhmet,Kassérine,Centre West,6,0,0,95.2446,3.5100,1.2454,ns,-0.328553,0.142800,0,1.346851,0.142800,0,ns,-0.416562,0.109600,0,-1.436477,0.109600,0,ns,0.008542,0.639600,0,-0.371922,0.639600,0
TN425555,El Gounna,Kassérine,Centre West,5,0,0,95.2446,3.5100,1.2454,ns,0.078770,0.097900,0,1.514421,0.097900,0,ns,0.070709,0.188600,0,-1.192269,0.188600,0,ns,0.006093,0.037100,0,-1.880993,0.037100,0
TN425556,Eddouleb,Kassérine,Centre West,7,0,0,95.2446,3.5100,1.2454,ns,0.329601,0.116800,0,1.478826,0.116800,0,ns,0.173164,0.178800,0,-1.253338,0.178800,0,ns,0.565906,0.068700,0,-1.434309,0.068700,0
TN425557,Ech-Charaya,Kassérine,Centre West,5,0,0,95.2446,3.5100,1.2454,ns,0.484472,0.133100,0,1.372347,0.133100,0,ns,0.400755,0.161100,0,-1.256261,0.161100,0,ns,0.307701,0.161200,0,-1.080305,0.161200,0
TN425558,Machrek Ech-Chams,Kassérine,Centre West,6,0,0,95.2446,3.5100,1.2454,ns,0.262871,0.063000,0,1.771274,0.063000,0,ns,0.151284,0.087900,0,-1.566550,0.087900,0,ns,0.376200,0.055700,0,-1.598678,0.055700,0
TN425559,Ouassaia,Kassérine,Centre West,5,0,0,95.2446,3.5100,1.2454,ns,0.216155,0.357200,0,0.848929,0.357200,0,ns,0.157709,0.459100,0,-0.693094,0.459100,0,ns,0.201023,0.218900,0,-0.938147,0.218900,0
TN425560,El Khadhra,Kassérine,Centre West,11,0,0,95.2446,3.5100,1.2454,ns,0.491614,0.046700,0,1.996178,0.046700,0,ns,0.396385,0.062400,0,-1.811334,0.062400,0,ns,0.341813,0.056200,0,-1.607652,0.056200,0
TN425561,El Athar,Kassérine,Centre West,10,0,0,95.2446,3.5100,1.2454,ns,0.538125,0.041100,0,2.019268,0.041100,0,ns,0.425731,0.056400,0,-1.833091,0.056400,0,ns,0.396466,0.053100,0,-1.630511,0.053100,0
TN425562,El Mezara,Kassérine,Centre West,5,0,0,95.2446,3.5100,1.2454,ns,0.250528,0.245300,0,1.074061,0.245300,0,ns,0.194128,0.258900,0,-1.032541,0.258900,0,ns,0.179223,0.375700,0,-0.683134,0.375700,0
TN425563,El Garaa El Hamra,Kassérine,Centre West,8,0,0,95.2446,3.5100,1.2454,ns,0.203898,0.174300,0,1.266526,0.174300,0,ns,0.166536,0.233100,0,-1.102726,0.233100,0,ns,0.132749,0.144100,0,-1.183489,0.144100,0
TN425564,El Ksar,Kassérine,Centre West,5,0,0,95.2446,3.5100,1.2454,ns,0.454627,0.167500,0,1.265752,0.167500,0,ns,0.379711,0.246700,0,-1.048579,0.246700,0,ns,0.232247,0.085100,0,-1.359283,0.085100,0
TN425651,Sbiba,Kassérine,Centre West,5,0,0,95.2446,3.5100,1.2454,ns,-0.023217,0.313000,0,0.936622,0.313000,0,ns,-0.079960,0.352100,0,-0.863183,0.352100,0,ns,0.151843,0.349700,0,-0.735665,0.349700,0
TN425652,El Ahouaz,Kassérine,Centre West,7,0,0,95.2446,3.5100,1.2454,ns,0.130273,0.348300,0,0.901652,0.348300,0,ns,0.062199,0.423200,0,-0.773424,0.423200,0,ns,0.244074,0.261200,0,-0.855242,0.261200,0
TN425653,Oued El Hatab,Kassérine,Centre West,7,0,0,95.2446,3.5100,1.2454,ns,0.087167,0.278600,0,1.027336,0.278600,0,ns,0.125879,0.380200,0,-0.824729,0.380200,0,ns,-0.209101,0.128900,0,-1.189867,0.128900,0
TN425654,Brahim Ezzahhar,Kassérine,Centre West,7,0,0,95.2446,3.5100,1.2454,ns,0.257037,0.066900,0,1.749716,0.066900,0,ns,0.192890,0.082300,0,-1.593327,0.082300,0,ns,0.217314,0.083600,0,-1.408880,0.083600,0
TN425655,Ain Zaiene,Kassérine,Centre West,5,0,0,95.2446,3.5100,1.2454,ns,0.517857,0.091000,0,1.531334,0.091000,0,ns,0.389374,0.110700,0,-1.405645,0.110700,0,ns,0.433770,0.119100,0,-1.231666,0.119100,0
TN425656,Etthamed,Kassérine,Centre West,7,0,0,95.2446,3.5100,1.2454,ns,0.725000,0.048300,0,1.923340,0.048300,0,ns,0.597729,0.066900,0,-1.735352,0.066900,0,ns,0.465974,0.051600,0,-1.589973,0.051600,0
TN425657,Ain El Khemaissia,Kassérine,Centre West,5,0,0,95.2446,3.5100,1.2454,ns,0.342823,0.199300,0,1.193539,0.199300,0,ns,0.260733,0.292000,0,-0.994502,0.292000,0,ns,0.280239,0.102400,0,-1.254250,0.102400,0
TN425751,Djedliane,Kassérine,Centre West,6,0,0,95.2446,3.5100,1.2454,ns,0.087239,0.403000,0,0.786479,0.403000,0,ns,0.055869,0.252000,0,-1.045773,0.252000,0,ns,-0.103414,0.588800,0,0.420393,0.588800,0
TN425752,Fej Terbah,Kassérine,Centre West,7,0,0,95.2446,3.5100,1.2454,ns,0.397651,0.147900,0,1.352017,0.147900,0,ns,0.489803,0.091800,0,-1.552171,0.091800,0,ns,0.002589,0.976500,0,-0.025428,0.976500,0
TN425753,Ain El Hamadna,Kassérine,Centre West,5,0,0,95.2446,3.5100,1.2454,ns,0.030737,0.124700,0,1.391795,0.124700,0,ns,0.031703,0.076400,0,-1.605309,0.076400,0,ns,0.000096,0.995100,0,-0.004546,0.995100,0
TN425754,Mehrza,Kassérine,Centre West,5,0,0,95.2446,3.5100,1.2454,ns,0.271338,0.199800,0,1.169928,0.199800,0,ns,0.435265,0.208000,0,-1.134348,0.208000,0,ns,-0.267931,0.351000,0,-0.737721,0.351000,0
TN425755,Ain Oum El Jedour,Kassérine,Centre West,6,0,0,95.2446,3.5100,1.2454,ns,0.348621,0.291200,0,0.991661,0.291200,0,ns,0.457611,0.167700,0,-1.258047,0.167700,0,ns,-0.047984,0.657800,0,0.359663,0.657800,0
TN425851,El Ayoun,Kassérine,Centre West,5,0,0,95.2446,3.5100,1.2454,ns,0.203328,0.090700,0,1.542253,0.090700,0,ns,0.129748,0.090400,0,-1.511589,0.090400,0,ns,0.190707,0.238200,0,-0.868983,0.238200,0
TN425852,El Grine,Kassérine,Centre West,5,0,0,95.2446,3.5100,1.2454,ns,0.274534,0.091700,0,1.545281,0.091700,0,ns,0.335543,0.082400,0,-1.561007,0.082400,0,ns,-0.022779,0.337600,0,-0.735895,0.337600,0
TN425853,El Brek,Kassérine,Centre West,5,0,0,95.2446,3.5100,1.2454,ns,0.384648,0.120700,0,1.418466,0.120700,0,ns,0.447976,0.125600,0,-1.366001,0.125600,0,ns,-0.043641,0.244000,0,-0.871172,0.244000,0
TN425854,El Baouajer,Kassérine,Centre West,6,0,0,95.2446,3.5100,1.2454,ns,0.314760,0.140000,0,1.356297,0.140000,0,ns,0.288183,0.106600,0,-1.460663,0.106600,0,ns,0.081533,0.667300,0,-0.359003,0.667300,0
TN425855,Tiwicha,Kassérine,Centre West,8,0,0,95.2446,3.5100,1.2454,ns,0.213095,0.161200,0,1.331146,0.161200,0,ns,0.168491,0.220000,0,-1.153741,0.220000,0,ns,0.156776,0.117800,0,-1.198710,0.117800,0
TN425856,Ain Esselsela,Kassérine,Centre West,7,0,0,95.2446,3.5100,1.2454,ns,0.330230,0.240600,0,1.094310,0.240600,0,ns,0.308285,0.258300,0,-1.046867,0.258300,0,ns,0.123930,0.367100,0,-0.711454,0.367100,0
TN425951,Thala Est,Kassérine,Centre West,5,0,0,95.2446,3.5100,1.2454,ns,0.395970,0.112000,0,1.463212,0.112000,0,ns,0.385749,0.097400,0,-1.498477,0.097400,0,ns,0.113172,0.416300,0,-0.628416,0.416300,0
TN425952,Thala Ouest,Kassérine,Centre West,5,0,0,95.2446,3.5100,1.2454,ns,0.199767,0.084700,0,1.591036,0.084700,0,ns,0.150815,0.078900,0,-1.590209,0.078900,0,ns,0.131593,0.297700,0,-0.781783,0.297700,0
TN425953,Eddachra,Kassérine,Centre West,9,0,0,95.2446,3.5100,1.2454,ns,0.376290,0.077400,0,1.692502,0.077400,0,ns,0.356092,0.095800,0,-1.551187,0.095800,0,ns,0.116484,0.101100,0,-1.313905,0.101100,0
TN425954,Ain Aj-Jadeida,Kassérine,Centre West,6,0,0,95.2446,3.5100,1.2454,ns,0.143597,0.262600,0,1.054118,0.262600,0,ns,0.159836,0.184800,0,-1.215913,0.184800,0,ns,0.000384,0.986300,0,-0.014260,0.986300,0
TN425955,Barmajna,Kassérine,Centre West,8,0,0,95.2446,3.5100,1.2454,ns,0.201624,0.066200,0,1.774264,0.066200,0,ns,0.250012,0.079100,0,-1.649695,0.079100,0,ns,-0.082718,0.106400,0,-1.277677,0.106400,0
TN425956,Oued Errachech,Kassérine,Centre West,4,0,0,95.2446,3.5100,1.2454,ns,0.851027,0.045400,0,1.967362,0.045400,0,ns,0.882795,0.045900,0,-1.938300,0.045900,0,ns,0.160175,0.148300,0,-1.079124,0.148300,0
TN425957,El Joua,Kassérine,Centre West,8,0,0,95.2446,3.5100,1.2454,ns,0.684228,0.059700,0,1.811311,0.059700,0,ns,0.658201,0.054700,0,-1.862357,0.054700,0,ns,0.202216,0.349900,0,-0.735285,0.349900,0
TN425958,El Hamed,Kassérine,Centre West,7,0,0,95.2446,3.5100,1.2454,ns,0.730989,0.033200,0,2.150142,0.033200,0,ns,0.751232,0.037900,0,-2.032935,0.037900,0,ns,0.110372,0.068500,0,-1.467707,0.068500,0
TN425959,Zelfane,Kassérine,Centre West,6,0,0,95.2446,3.5100,1.2454,ns,0.738344,0.050200,0,1.881770,0.050200,0,ns,0.758539,0.045400,0,-1.940285,0.045400,0,ns,0.156302,0.314400,0,-0.803439,0.314400,0
TN425960,Boulahnech,Kassérine,Centre West,5,0,0,95.2446,3.5100,1.2454,ns,0.261812,0.149600,0,1.309254,0.149600,0,ns,0.250016,0.122500,0,-1.363149,0.122500,0,ns,0.074537,0.541000,0,-0.489539,0.541000,0
TN425961,Sidi M'Hammed,Kassérine,Centre West,7,0,0,95.2446,3.5100,1.2454,ns,0.417334,0.070400,0,1.710586,0.070400,0,ns,0.448407,0.074900,0,-1.649205,0.074900,0,ns,0.035395,0.167400,0,-1.071141,0.167400,0
TN425962,Ouljet Edhel,Kassérine,Centre West,9,0,0,95.2446,3.5100,1.2454,ns,0.625136,0.049100,0,1.940378,0.049100,0,ns,0.608893,0.041900,0,-2.019229,0.041900,0,ns,0.166230,0.380900,0,-0.715854,0.380900,0
TN425963,Ech-Chaffai,Kassérine,Centre West,6,0,0,95.2446,3.5100,1.2454,ns,0.570945,0.131000,0,1.403889,0.131000,0,ns,0.484389,0.109700,0,-1.467920,0.109700,0,ns,0.230273,0.522700,0,-0.501989,0.522700,0
TN426051,Hidra,Kassérine,Centre West,6,0,0,95.2446,3.5100,1.2454,ns,0.028493,0.059700,0,1.808852,0.059700,0,ns,0.208713,0.055000,0,-1.826321,0.055000,0,ns,-0.267446,0.260900,0,-0.864159,0.260900,0
TN426052,T'Baga,Kassérine,Centre West,4,0,0,95.2446,3.5100,1.2454,ns,0.326161,0.256900,0,1.036284,0.256900,0,ns,0.444482,0.125400,0,-1.346326,0.125400,0,ns,-0.050364,0.546200,0,0.454065,0.546200,0
TN426053,El Mekimen,Kassérine,Centre West,6,0,0,95.2446,3.5100,1.2454,ns,0.271087,0.180200,0,1.228145,0.180200,0,ns,0.379155,0.152600,0,-1.295654,0.152600,0,ns,-0.051027,0.607800,0,-0.411121,0.607900,0
TN426054,Lajrad,Kassérine,Centre West,8,0,0,95.2446,3.5100,1.2454,ns,0.576568,0.048500,0,1.920309,0.048500,0,ns,0.651025,0.038000,0,-2.039685,0.038000,0,ns,0.053297,0.491600,0,-0.549145,0.491600,0
TN426055,Es-Sray,Kassérine,Centre West,4,0,0,95.2446,3.5100,1.2454,ns,0.347110,0.282500,0,0.990656,0.282500,0,ns,0.462664,0.219400,0,-1.102395,0.219400,0,ns,-0.005930,0.861200,0,-0.146231,0.861200,0
TN426056,Ain Eddefla,Kassérine,Centre West,5,0,0,95.2446,3.5100,1.2454,ns,0.354271,0.217000,0,1.139468,0.217000,0,ns,0.300001,0.154700,0,-1.282237,0.154700,0,ns,0.052807,0.885400,0,-0.121848,0.885400,0
TN426151,Foussana,Kassérine,Centre West,3,0,0,95.2446,3.5100,1.2454,ns,0.071274,0.106500,0,1.372918,0.106500,0,ns,0.037764,0.093300,0,-1.394018,0.093300,0,ns,0.064502,0.415300,0,-0.620301,0.415300,0
TN426152,Foussana Lahouaz,Kassérine,Centre West,7,0,0,95.2446,3.5100,1.2454,ns,0.405767,0.069700,0,1.714531,0.069700,0,ns,0.451810,0.084100,0,-1.606106,0.084100,0,ns,-0.032167,0.118900,0,-1.229766,0.118900,0
TN426153,Khmouda Nord,Kassérine,Centre West,6,0,0,95.2446,3.5100,1.2454,ns,0.121070,0.177200,0,1.263962,0.177200,0,ns,0.108241,0.192700,0,-1.205552,0.192700,0,ns,0.056134,0.287300,0,-0.815536,0.287300,0
TN426154,Khmouda Sud,Kassérine,Centre West,6,0,0,95.2446,3.5100,1.2454,ns,0.337812,0.210100,0,1.166497,0.210100,0,ns,0.317246,0.231400,0,-1.103121,0.231400,0,ns,0.120960,0.303000,0,-0.793892,0.303000,0
TN426155,Ouled Mahfoudh,Kassérine,Centre West,7,0,0,95.2446,3.5100,1.2454,ns,0.398866,0.119500,0,1.468801,0.119500,0,ns,0.411053,0.082800,0,-1.602712,0.082800,0,ns,0.058054,0.701000,0,-0.310543,0.701000,0
TN426156,Afrane,Kassérine,Centre West,5,0,0,95.2446,3.5100,1.2454,ns,0.270512,0.138000,0,1.369510,0.138000,0,ns,0.395067,0.114700,0,-1.422415,0.114700,0,ns,-0.082217,0.506600,0,-0.520433,0.506600,0
TN426157,El Meziraa,Kassérine,Centre West,7,0,0,95.2446,3.5100,1.2454,ns,0.535321,0.129500,0,1.410225,0.129500,0,ns,0.527442,0.118400,0,-1.425773,0.118400,0,ns,0.146406,0.428800,0,-0.643329,0.428800,0
TN426158,El Aadhira,Kassérine,Centre West,6,0,0,95.2446,3.5100,1.2454,ns,0.231820,0.150500,0,1.332075,0.150500,0,ns,0.294407,0.134700,0,-1.370923,0.134700,0,ns,-0.026701,0.477900,0,-0.543998,0.477900,0
TN426159,El Hazza,Kassérine,Centre West,4,0,0,95.2446,3.5100,1.2454,ns,0.184570,0.314400,0,0.928704,0.314400,0,ns,0.195687,0.232700,0,-1.047505,0.232700,0,ns,0.010855,0.931700,0,-0.069210,0.931700,0
TN426160,El Brika,Kassérine,Centre West,6,0,0,95.2446,3.5100,1.2454,ns,0.406838,0.076200,0,1.671723,0.076200,0,ns,0.319363,0.057800,0,-1.795683,0.057800,0,ns,0.154879,0.554000,0,-0.454452,0.554000,0
TN426161,Bouderiass,Kassérine,Centre West,5,0,0,95.2446,3.5100,1.2454,ns,0.264975,0.091600,0,1.547229,0.091600,0,ns,0.265489,0.078000,0,-1.597538,0.078000,0,ns,0.063481,0.440100,0,-0.631347,0.440100,0
TN426162,Ain El Jinene,Kassérine,Centre West,3,0,0,95.2446,3.5100,1.2454,ns,0.118099,0.456800,0,0.716634,0.456800,0,ns,0.126921,0.426800,0,-0.754670,0.426800,0,ns,0.017361,0.753200,0,-0.239658,0.753200,0
TN426163,Er-Rtibet,Kassérine,Centre West,7,0,0,95.2446,3.5100,1.2454,ns,0.740960,0.042400,0,1.960977,0.042400,0,ns,0.735869,0.035200,0,-2.064549,0.035200,0,ns,0.170894,0.405400,0,-0.657697,0.405400,0
TN426251,Feriana,Kassérine,Centre West,5,0,0,95.2446,3.5100,1.2454,ns,0.131163,0.164100,0,1.271377,0.164100,0,ns,0.089395,0.195600,0,-1.159378,0.195600,0,ns,0.135076,0.195900,0,-0.998403,0.195900,0
TN426252,El Erg,Kassérine,Centre West,4,0,0,95.2446,3.5100,1.2454,ns,0.257879,0.376800,0,0.822229,0.376800,0,ns,0.265771,0.306700,0,-0.927578,0.306700,0,ns,0.019900,0.917400,0,-0.083701,0.917400,0
TN426253,El Ahouach,Kassérine,Centre West,7,0,0,95.2446,3.5100,1.2454,ns,0.045987,0.065500,0,1.766823,0.065500,0,ns,-0.015915,0.057300,0,-1.813135,0.057300,0,ns,0.094511,0.338600,0,-0.747889,0.338600,0
TN426254,Es-Skhirat,Kassérine,Centre West,3,0,0,95.2446,3.5100,1.2454,ns,-0.097059,0.176900,0,1.174922,0.176900,0,ns,-0.121969,0.147800,0,-1.219139,0.147800,0,ns,0.006126,0.579300,0,-0.457492,0.579300,0
TN426255,El Araar,Kassérine,Centre West,4,0,0,95.2446,3.5100,1.2454,ns,0.348867,0.171900,0,1.227839,0.171900,0,ns,0.347106,0.203800,0,-1.115904,0.203700,0,ns,0.057447,0.190200,0,-0.982677,0.190200,0
TN426256,Hanachi,Kassérine,Centre West,5,0,0,95.2446,3.5100,1.2454,ns,0.669423,0.115900,0,1.432401,0.115900,0,ns,0.608265,0.144800,0,-1.298032,0.144800,0,ns,0.271712,0.136000,0,-1.183920,0.136000,0
TN426257,Garet En-Naam,Kassérine,Centre West,8,0,0,95.2446,3.5100,1.2454,ns,0.619473,0.077400,0,1.667847,0.077400,0,ns,0.490666,0.124500,0,-1.406248,0.124500,0,ns,0.441150,0.043300,0,-1.735453,0.043300,0
TN426258,Bouchebka,Kassérine,Centre West,5,0,0,95.2446,3.5100,1.2454,ns,0.684791,0.055300,0,1.826007,0.055300,0,ns,0.599123,0.066300,0,-1.693667,0.066300,0,ns,0.348879,0.085800,0,-1.377084,0.085800,0
TN426259,Om Ali,Kassérine,Centre West,4,0,0,95.2446,3.5100,1.2454,ns,0.853000,0.056600,0,1.759147,0.056600,0,ns,0.673513,0.054000,0,-1.726001,0.054000,0,ns,0.548050,0.179400,0,-0.975840,0.179400,0
TN426260,Bouhaya,Kassérine,Centre West,5,0,0,95.2446,3.5100,1.2454,ns,0.588248,0.069600,0,1.666077,0.069600,0,ns,0.504526,0.067900,0,-1.643472,0.067900,0,ns,0.299411,0.233100,0,-0.894957,0.233100,0
TN426261,Telept,Kassérine,Centre West,4,0,0,95.2446,3.5100,1.2454,ns,0.289610,0.269700,0,1.002889,0.269700,0,ns,0.205386,0.286600,0,-0.957116,0.286600,0,ns,0.249228,0.392100,0,-0.638660,0.392100,0
TN426262,Abdeladhim,Kassérine,Centre West,6,0,0,95.2446,3.5100,1.2454,ns,0.615132,0.057500,0,1.804882,0.057500,0,ns,0.638097,0.068100,0,-1.685290,0.068100,0,ns,0.063278,0.092900,0,-1.341976,0.092900,0
TN426351,Majel Bel Abbes Nord,Kassérine,Centre West,6,0,0,95.2446,3.5100,1.2454,ns,0.180083,0.225600,0,1.134232,0.225600,0,ns,0.213955,0.200700,0,-1.165414,0.200700,0,ns,0.000030,0.545900,0,-0.481716,0.545900,0
TN426352,Majel Bel Abbes Sud,Kassérine,Centre West,8,0,0,95.2446,3.5100,1.2454,ns,0.267084,0.074900,0,1.706395,0.074900,0,ns,0.258048,0.063000,0,-1.768957,0.063000,0,ns,0.075905,0.392500,0,-0.676272,0.392500,0
TN426353,Oum Laksab,Kassérine,Centre West,6,0,0,95.2446,3.5100,1.2454,ns,0.361011,0.291000,0,0.996108,0.291000,0,ns,0.409049,0.231900,0,-1.105538,0.231900,0,ns,0.026000,0.850200,0,-0.153181,0.850200,0
TN426354,Ennadhour,Kassérine,Centre West,6,0,0,95.2446,3.5100,1.2454,ns,0.024400,0.248300,0,1.081461,0.248300,0,ns,-0.003923,0.129700,0,-1.390127,0.129700,0,ns,-0.042711,0.566700,0,0.461636,0.566700,0
TN426355,Henchir Oum El Khir,Kassérine,Centre West,7,0,0,95.2446,3.5100,1.2454,ns,0.139934,0.438600,0,0.750381,0.438600,0,ns,0.291958,0.338900,0,-0.913383,0.338900,0,ns,0.050763,0.844400,0,0.158104,0.844400,0
TN426356,Soula,Kassérine,Centre West,7,0,0,95.2446,3.5100,1.2454,ns,0.262838,0.195000,0,1.206668,0.195000,0,ns,0.263053,0.188400,0,-1.201254,0.188400,0,ns,0.066883,0.428400,0,-0.624719,0.428400,0
TN426357,Groua El Jedra,Kassérine,Centre West,7,0,0,95.2446,3.5100,1.2454,ns,0.162903,0.561900,0,0.552603,0.561900,0,ns,0.294579,0.420100,0,-0.766961,0.420100,0,ns,0.054486,0.610000,0,0.409603,0.610000,0
TN435151,Sidi Bouzid,Sidi Bou Zid,Centre West,4,0,0,95.2446,3.5100,1.2454,ns,0.020185,0.851700,0,0.181352,0.851700,0,ns,0.053836,0.688000,0,-0.375680,0.688000,0,ns,0.013481,0.490800,0,0.558349,0.490800,0
TN435152,Ennour,Sidi Bou Zid,Centre West,5,0,0,95.2446,3.5100,1.2454,ns,-0.004602,0.969600,0,0.038112,0.969600,0,ns,-0.016426,0.793800,0,-0.249495,0.793800,0,ns,0.148900,0.384200,0,0.659572,0.384200,0
TN435153,Sidi Salem,Sidi Bou Zid,Centre West,6,0,0,95.2446,3.5100,1.2454,ns,0.011620,0.799300,0,0.244315,0.799300,0,ns,0.028655,0.653700,0,-0.435165,0.653700,0,ns,0.017937,0.535200,0,0.483872,0.535200,0
TN435154,El Hichria,Sidi Bou Zid,Centre West,6,0,0,95.2446,3.5100,1.2454,ns,0.677107,0.051200,0,1.861322,0.051200,0,ns,0.635290,0.050500,0,-1.868471,0.050500,0,ns,0.238412,0.243600,0,-0.927164,0.243600,0
TN435155,El Friou,Sidi Bou Zid,Centre West,5,0,0,95.2446,3.5100,1.2454,ns,0.749670,0.068200,0,1.679214,0.068200,0,ns,0.692194,0.063900,0,-1.678617,0.063900,0,ns,0.285211,0.277200,0,-0.862287,0.277200,0
TN435156,Sadakia,Sidi Bou Zid,Centre West,4,0,0,95.2446,3.5100,1.2454,ns,-0.052772,0.228600,0,1.086786,0.228600,0,ns,-0.019469,0.224700,0,-1.072376,0.224700,0,ns,-0.072373,0.446600,0,-0.593670,0.446600,0
TN435157,Oum El Adham (1),Sidi Bou Zid,Centre West,5,0,0,95.2446,3.5100,1.2454,ns,0.514194,0.236900,0,1.086398,0.236900,0,ns,0.462482,0.212400,0,-1.107520,0.212500,0,ns,0.201554,0.542400,0,-0.488507,0.542400,0
TN435158,Oum El Adham (2),Sidi Bou Zid,Centre West,5,0,0,95.2446,3.5100,1.2454,ns,0.482958,0.085000,0,1.556436,0.085000,0,ns,0.427954,0.103600,0,-1.456347,0.103600,0,ns,0.232712,0.144800,0,-1.133347,0.144800,0
TN435159,Ettouila,Sidi Bou Zid,Centre West,13,0,0,95.2446,3.5100,1.2454,ns,0.105464,0.169300,0,1.334584,0.169300,0,ns,0.123552,0.125300,0,-1.476094,0.125300,0,ns,0.005479,0.800300,0,-0.219240,0.800300,0
TN435160,Ennasr,Sidi Bou Zid,Centre West,6,0,0,95.2446,3.5100,1.2454,ns,0.617689,0.054300,0,1.857451,0.054300,0,ns,0.612447,0.047200,0,-1.914047,0.047200,0,ns,0.159561,0.320500,0,-0.777895,0.320500,0
TN435161,Sidi Bouzid Sud,Sidi Bou Zid,Centre West,5,0,0,95.2446,3.5100,1.2454,ns,-0.028705,0.773100,0,0.271719,0.773100,0,ns,-0.023760,0.554400,0,-0.550273,0.554400,0,ns,0.180540,0.312900,0,0.807062,0.312900,0
TN435162,Sidi Bouzid Ouest,Sidi Bou Zid,Centre West,4,0,0,95.2446,3.5100,1.2454,ns,0.005937,0.972000,0,-0.033124,0.972000,0,ns,0.000559,0.906100,0,-0.118567,0.906100,0,ns,0.254869,0.522500,0,0.477319,0.522500,0
TN435251,El Ahouaz,Sidi Bou Zid,Centre West,7,0,0,95.2446,3.5100,1.2454,ns,0.212498,0.336900,0,0.912559,0.336900,0,ns,0.293114,0.292800,0,-0.989399,0.292800,0,ns,-0.018444,0.790700,0,-0.213444,0.790700,0
TN435252,Bennour,Sidi Bou Zid,Centre West,10,0,0,95.2446,3.5100,1.2454,ns,0.406339,0.070000,0,1.739353,0.070000,0,ns,0.419129,0.071300,0,-1.720096,0.071300,0,ns,0.079677,0.230600,0,-0.977170,0.230600,0
TN435253,Faiedh,Sidi Bou Zid,Centre West,7,0,0,95.2446,3.5100,1.2454,ns,0.273328,0.279100,0,1.029250,0.279100,0,ns,0.282721,0.303900,0,-0.965759,0.303900,0,ns,0.034341,0.364600,0,-0.714052,0.364600,0
TN435254,El Assouad,Sidi Bou Zid,Centre West,9,0,0,95.2446,3.5100,1.2454,ns,0.089326,0.175100,0,1.290013,0.175100,0,ns,0.088203,0.119400,0,-1.457374,0.119400,0,ns,0.007134,0.902300,0,-0.099184,0.902300,0
TN435255,El Amra,Sidi Bou Zid,Centre West,8,0,0,95.2446,3.5100,1.2454,ns,0.420226,0.104300,0,1.521356,0.104300,0,ns,0.365801,0.081000,0,-1.617071,0.081000,0,ns,0.138988,0.575300,0,-0.455647,0.575300,0
TN435256,El Makarem,Sidi Bou Zid,Centre West,6,0,0,95.2446,3.5100,1.2454,ns,0.471111,0.093600,0,1.568130,0.093600,0,ns,0.473498,0.104000,0,-1.476897,0.104000,0,ns,0.096633,0.164600,0,-1.090876,0.164600,0
TN435257,El Makarem Est,Sidi Bou Zid,Centre West,5,0,0,95.2446,3.5100,1.2454,ns,0.554933,0.063900,0,1.742316,0.063900,0,ns,0.565570,0.073400,0,-1.639547,0.073400,0,ns,0.090742,0.112800,0,-1.233840,0.112800,0
TN435258,El Okla,Sidi Bou Zid,Centre West,4,0,0,95.2446,3.5100,1.2454,ns,0.399765,0.176000,0,1.214506,0.176000,0,ns,0.338975,0.178100,0,-1.187178,0.178100,0,ns,0.216980,0.357500,0,-0.700097,0.357500,0
TN435259,Ain Rebaou,Sidi Bou Zid,Centre West,9,0,0,95.2446,3.5100,1.2454,ns,0.391464,0.067400,0,1.739234,0.067400,0,ns,0.378648,0.063100,0,-1.757028,0.063100,0,ns,0.119257,0.307000,0,-0.830789,0.307000,0
TN435260,El Henia Abazid,Sidi Bou Zid,Centre West,6,0,1,90.3080,7.2373,2.4547,ns,0.226109,0.188700,0,1.225503,0.188700,0,ns,0.291646,0.188800,0,-1.194851,0.188800,0,ns,-0.072872,0.355800,0,-0.734548,0.355800,0
TN435261,Garet Hadid,Sidi Bou Zid,Centre West,5,0,0,95.2446,3.5100,1.2454,ns,0.226299,0.130400,0,1.364180,0.130400,0,ns,0.303625,0.121500,0,-1.366395,0.121500,0,ns,-0.063534,0.395000,0,-0.701920,0.395000,0
TN435262,Ezzitouna,Sidi Bou Zid,Centre West,7,0,0,95.2446,3.5100,1.2454,ns,0.484088,0.084500,0,1.623409,0.084500,0,ns,0.479759,0.069200,0,-1.699573,0.069200,0,ns,0.115950,0.473000,0,-0.570115,0.473000,0
TN435351,Jilma Est,Sidi Bou Zid,Centre West,4,0,0,95.2446,3.5100,1.2454,ns,0.382542,0.160700,0,1.255242,0.160700,0,ns,0.222799,0.257400,0,-1.017530,0.257400,0,ns,0.604370,0.062900,0,-1.319596,0.062900,0
TN435352,Jilma Ouest,Sidi Bou Zid,Centre West,5,0,0,95.2446,3.5100,1.2454,ns,0.165857,0.099800,0,1.490504,0.099800,0,ns,0.135603,0.128000,0,-1.347232,0.128000,0,ns,0.109941,0.113600,0,-1.234752,0.113600,0
TN435353,Lazirek,Sidi Bou Zid,Centre West,6,0,0,95.2446,3.5100,1.2454,ns,0.571776,0.096900,0,1.547900,0.096900,0,ns,0.551377,0.086700,0,-1.553253,0.086700,0,ns,0.177771,0.343600,0,-0.760268,0.343600,0
TN435354,Selta,Sidi Bou Zid,Centre West,7,0,0,95.2446,3.5100,1.2454,ns,0.624733,0.027000,0,2.294962,0.027000,0,ns,0.529851,0.039000,0,-2.063239,0.039000,0,ns,0.357271,0.032000,0,-1.967870,0.032000,0
TN435355,Zoghmar,Sidi Bou Zid,Centre West,4,0,0,95.2446,3.5100,1.2454,ns,0.666081,0.073300,0,1.636360,0.073300,0,ns,0.558740,0.118900,0,-1.379417,0.118900,0,ns,0.349709,0.043900,0,-1.628656,0.043900,0
TN435356,Ghedir Ezzitoun,Sidi Bou Zid,Centre West,7,0,0,95.2446,3.5100,1.2454,ns,0.519507,0.075800,0,1.685445,0.075800,0,ns,0.456930,0.078100,0,-1.663549,0.078100,0,ns,0.243678,0.239800,0,-0.930255,0.239800,0
TN435357,Baten Elghezel Sud,Sidi Bou Zid,Centre West,8,0,0,95.2446,3.5100,1.2454,ns,0.400737,0.038400,0,2.063639,0.038400,0,ns,0.192273,0.050300,0,-1.877400,0.050300,0,ns,0.650728,0.045300,0,-1.627217,0.045300,0
TN435358,Baten Elghezel Nord,Sidi Bou Zid,Centre West,5,0,0,95.2446,3.5100,1.2454,ns,0.734830,0.062500,0,1.720430,0.062500,0,ns,0.566100,0.091400,0,-1.517918,0.091400,0,ns,0.593532,0.056000,0,-1.540290,0.056000,0
TN435359,El Adhla,Sidi Bou Zid,Centre West,5,0,0,95.2446,3.5100,1.2454,ns,0.574088,0.048400,0,1.879304,0.048400,0,ns,0.457660,0.084600,0,-1.559128,0.084600,0,ns,0.379387,0.031300,0,-1.953544,0.031300,0
TN435360,El Hamima,Sidi Bou Zid,Centre West,6,0,0,95.2446,3.5100,1.2454,ns,0.317566,0.059700,0,1.767843,0.059700,0,ns,0.484479,0.061100,0,-1.737858,0.061100,0,ns,-0.226318,0.195300,0,-0.999609,0.195300,0
TN435361,El Abaiedh,Sidi Bou Zid,Centre West,7,0,0,95.2446,3.5100,1.2454,ns,0.731812,0.036300,0,2.097063,0.036300,0,ns,0.586963,0.041000,0,-1.996475,0.041000,0,ns,0.488724,0.079400,0,-1.358587,0.079400,0
TN435451,Cebalet,Sidi Bou Zid,Centre West,5,0,0,95.2446,3.5100,1.2454,ns,0.134299,0.062700,0,1.740876,0.062700,0,ns,0.158614,0.064600,0,-1.705724,0.064600,0,ns,-0.011756,0.188000,0,-1.015275,0.188000,0
TN435452,El Amra,Sidi Bou Zid,Centre West,5,0,0,95.2446,3.5100,1.2454,ns,0.481298,0.147900,0,1.341544,0.147900,0,ns,0.445534,0.135800,0,-1.352801,0.135800,0,ns,0.179388,0.400900,0,-0.637621,0.400900,0
TN435453,Essed,Sidi Bou Zid,Centre West,7,0,0,95.2446,3.5100,1.2454,ns,0.568290,0.054000,0,1.871077,0.054000,0,ns,0.630308,0.048400,0,-1.901354,0.048400,0,ns,0.055712,0.285500,0,-0.856137,0.285500,0
TN435454,Meghila,Sidi Bou Zid,Centre West,6,0,0,95.2446,3.5100,1.2454,ns,0.735096,0.057900,0,1.823095,0.057900,0,ns,0.728793,0.060600,0,-1.749375,0.060600,0,ns,0.186314,0.138000,0,-1.140076,0.138000,0
TN435455,El Ayoun,Sidi Bou Zid,Centre West,6,0,0,95.2446,3.5100,1.2454,ns,0.648654,0.075100,0,1.647954,0.075100,0,ns,0.506964,0.106800,0,-1.467114,0.106800,0,ns,0.500784,0.071500,0,-1.438498,0.071500,0
TN435551,Bir El Hafey,Sidi Bou Zid,Centre West,5,0,0,95.2446,3.5100,1.2454,ns,0.259331,0.256700,0,1.043193,0.256800,0,ns,0.293062,0.240200,0,-1.062112,0.240200,0,ns,0.016391,0.550500,0,-0.477517,0.550500,0
TN435552,El Mohamdia,Sidi Bou Zid,Centre West,6,0,0,95.2446,3.5100,1.2454,ns,0.375808,0.239600,0,1.096352,0.239600,0,ns,0.425308,0.275900,0,-1.007391,0.275900,0,ns,-0.072931,0.277000,0,-0.830469,0.276900,0
TN435553,El Ksar,Sidi Bou Zid,Centre West,4,0,0,95.2446,3.5100,1.2454,ns,0.465947,0.122000,0,1.372718,0.122000,0,ns,0.583632,0.111600,0,-1.377796,0.111600,0,ns,-0.060454,0.394500,0,-0.684997,0.394500,0
TN435554,Bir Amama,Sidi Bou Zid,Centre West,10,0,0,95.2446,3.5100,1.2454,ns,0.629071,0.029600,0,2.220616,0.029600,0,ns,0.616790,0.030200,0,-2.208643,0.030200,0,ns,0.181690,0.155100,0,-1.201437,0.155100,0
TN435555,El Mezara,Sidi Bou Zid,Centre West,6,0,0,95.2446,3.5100,1.2454,ns,0.297868,0.233200,0,1.114600,0.233200,0,ns,0.338008,0.219700,0,-1.128425,0.219700,0,ns,0.016262,0.518000,0,-0.522628,0.518000,0
TN435556,Essalama,Sidi Bou Zid,Centre West,6,0,0,95.2446,3.5100,1.2454,ns,0.082800,0.043900,0,1.964568,0.043900,0,ns,0.175719,0.044300,0,-1.956893,0.044300,0,ns,-0.133523,0.192700,0,-1.044411,0.192700,0
TN435557,Ourgha,Sidi Bou Zid,Centre West,5,0,0,95.2446,3.5100,1.2454,ns,0.406038,0.156400,0,1.294109,0.156400,0,ns,0.402523,0.131100,0,-1.355245,0.131100,0,ns,0.098334,0.556300,0,-0.459154,0.556300,0
TN435558,Rahal,Sidi Bou Zid,Centre West,5,0,0,95.2446,3.5100,1.2454,ns,0.420313,0.253300,0,1.055806,0.253300,0,ns,0.453924,0.174300,0,-1.224181,0.174300,0,ns,-0.001688,0.996900,0,0.002549,0.996900,0
TN435559,Bir Bousbiaa,Sidi Bou Zid,Centre West,4,0,0,95.2446,3.5100,1.2454,ns,0.593651,0.138500,0,1.330425,0.138500,0,ns,0.552150,0.119000,0,-1.382879,0.119000,0,ns,0.196876,0.504400,0,-0.547209,0.504400,0
TN435651,Sidi Ali Ben Aoun,Sidi Bou Zid,Centre West,8,0,0,95.2446,3.5100,1.2454,ns,0.417609,0.032500,0,2.155774,0.032500,0,ns,0.377607,0.035200,0,-2.123792,0.035200,0,ns,0.177527,0.126400,0,-1.242239,0.126400,0
TN435652,Errabta,Sidi Bou Zid,Centre West,8,0,0,95.2446,3.5100,1.2454,ns,0.308584,0.161500,0,1.329649,0.161500,0,ns,0.318208,0.122200,0,-1.448942,0.122200,0,ns,0.047724,0.700700,0,-0.311010,0.700700,0
TN435653,Essahla,Sidi Bou Zid,Centre West,6,0,0,95.2446,3.5100,1.2454,ns,0.589737,0.072300,0,1.677631,0.072300,0,ns,0.497487,0.085800,0,-1.568003,0.085800,0,ns,0.346783,0.113500,0,-1.129993,0.113500,0
TN435654,El Ouaara,Sidi Bou Zid,Centre West,5,0,0,95.2446,3.5100,1.2454,ns,0.428379,0.299300,0,0.966590,0.299300,0,ns,0.353185,0.325100,0,-0.903527,0.325100,0,ns,0.270254,0.380800,0,-0.689785,0.380800,0
TN435655,Ouled Brahim,Sidi Bou Zid,Centre West,5,0,0,95.2446,3.5100,1.2454,ns,0.381557,0.327900,0,0.922089,0.327900,0,ns,0.294610,0.335500,0,-0.895279,0.335500,0,ns,0.263906,0.491500,0,-0.540260,0.491500,0
TN435656,El Mansoura Est,Sidi Bou Zid,Centre West,6,0,0,95.2446,3.5100,1.2454,ns,0.165727,0.591400,0,0.517077,0.591400,0,ns,0.241152,0.434900,0,-0.737162,0.434900,0,ns,-0.066173,0.573900,0,0.424333,0.573900,0
TN435657,El Mansoura Ouest,Sidi Bou Zid,Centre West,6,0,0,95.2446,3.5100,1.2454,ns,0.315954,0.060000,0,1.766269,0.060000,0,ns,0.319714,0.073100,0,-1.629037,0.073100,0,ns,0.047569,0.088400,0,-1.361881,0.088400,0
TN435751,Menzel Bouzaiane,Sidi Bou Zid,Centre West,2,0,0,95.2446,3.5100,1.2454,ns,0.026919,0.672600,0,0.411969,0.672600,0,ns,0.357280,0.298100,0,-0.875186,0.298100,0,ns,1.382839,0.075700,0,1.318025,0.075700,0
TN435752,En-Nouamer,Sidi Bou Zid,Centre West,7,0,0,95.2446,3.5100,1.2454,ns,0.015871,0.472900,0,0.692246,0.472900,0,ns,0.298905,0.099600,0,-1.535248,0.099600,0,ns,1.269919,0.017200,0,2.279305,0.017200,0
TN435753,Kallel,Sidi Bou Zid,Centre West,7,0,0,95.2446,3.5100,1.2454,ns,0.118960,0.315300,0,0.964402,0.315300,0,ns,0.228050,0.146400,0,-1.362787,0.146400,0,ns,0.062799,0.321200,0,0.798382,0.321200,0
TN435754,El Khorchef,Sidi Bou Zid,Centre West,7,0,0,95.2446,3.5100,1.2454,ns,0.143766,0.224800,0,1.144080,0.224800,0,ns,0.294894,0.109600,0,-1.489869,0.109600,0,ns,0.091277,0.518600,0,0.526775,0.518600,0
TN435755,El Kharrouba,Sidi Bou Zid,Centre West,5,0,0,95.2446,3.5100,1.2454,ns,0.021396,0.600000,0,0.507026,0.600000,0,ns,0.144946,0.162600,0,-1.259326,0.162600,0,ns,0.461609,0.022500,0,2.190115,0.022500,0
TN435756,El Omria,Sidi Bou Zid,Centre West,6,0,0,95.2446,3.5100,1.2454,ns,-0.047689,0.493800,0,0.663965,0.493800,0,ns,0.250202,0.276600,0,-1.019063,0.276600,0,ns,0.838990,0.304300,0,0.824910,0.304300,0
TN435757,El Omrane,Sidi Bou Zid,Centre West,10,0,0,95.2446,3.5100,1.2454,ns,0.173283,0.276500,0,1.050059,0.276500,0,ns,0.431660,0.056800,0,-1.845428,0.056800,0,ns,0.273122,0.023400,0,2.062252,0.023400,0
TN435851,El Jebbes,Sidi Bou Zid,Centre West,7,0,0,95.2446,3.5100,1.2454,ns,0.276815,0.375000,0,0.855177,0.375000,0,ns,0.520931,0.154700,0,-1.334802,0.154700,0,ns,0.051593,0.154000,0,1.096945,0.154000,0
TN435852,Gheris Ouest,Sidi Bou Zid,Centre West,6,0,0,95.2446,3.5100,1.2454,ns,0.411537,0.138800,0,1.370583,0.138800,0,ns,0.530007,0.073500,0,-1.636019,0.073500,0,ns,-0.011355,0.855900,0,0.141361,0.855900,0
TN435853,Mech,Sidi Bou Zid,Centre West,4,0,0,95.2446,3.5100,1.2454,ns,0.242313,0.474300,0,0.668687,0.474300,0,ns,0.540812,0.154100,0,-1.238473,0.154100,0,ns,0.087227,0.060300,0,1.434230,0.060300,0
TN435854,Meknassy Est,Sidi Bou Zid,Centre West,7,0,0,95.2446,3.5100,1.2454,ns,-0.025743,0.245100,0,1.089163,0.245100,0,ns,0.297379,0.087500,0,-1.575292,0.087500,0,ns,0.690975,0.193600,0,1.016289,0.193600,0
TN435855,Meknassy Ouest,Sidi Bou Zid,Centre West,5,0,0,95.2446,3.5100,1.2454,ns,-0.152199,0.449800,0,0.722676,0.449800,0,ns,0.150093,0.136100,0,-1.343996,0.136100,0,ns,1.873333,0.044700,0,1.563816,0.044700,0
TN435856,Meknassy Nord,Sidi Bou Zid,Centre West,5,0,0,95.2446,3.5100,1.2454,ns,-0.083274,0.548200,0,0.576320,0.548200,0,ns,0.103147,0.115900,0,-1.406001,0.115900,0,ns,1.807430,0.019600,0,2.222164,0.019600,0
TN435857,Ezzouaraa,Sidi Bou Zid,Centre West,5,0,0,95.2446,3.5100,1.2454,ns,0.078397,0.074200,0,1.664032,0.074200,0,ns,0.205878,0.070800,0,-1.642018,0.070800,0,ns,-0.214346,0.215800,0,-0.895416,0.215800,0
TN435858,El Mabrouka,Sidi Bou Zid,Centre West,8,0,0,95.2446,3.5100,1.2454,ns,0.199688,0.287600,0,1.020826,0.287600,0,ns,0.393516,0.090600,0,-1.591888,0.090600,0,ns,0.082829,0.100600,0,1.252321,0.100600,0
TN435859,Ennasr,Sidi Bou Zid,Centre West,6,0,0,95.2446,3.5100,1.2454,ns,0.071478,0.664600,0,0.426420,0.664600,0,ns,0.343888,0.146500,0,-1.312884,0.146500,0,ns,0.602667,0.012400,0,2.702524,0.012400,0
TN435951,Souk Jedid,Sidi Bou Zid,Centre West,7,0,0,95.2446,3.5100,1.2454,ns,0.376710,0.037700,0,2.070243,0.037700,0,ns,0.374306,0.048100,0,-1.919906,0.048100,0,ns,0.077490,0.061300,0,-1.575075,0.061300,0
TN435952,Ghiriouis,Sidi Bou Zid,Centre West,4,0,0,95.2446,3.5100,1.2454,ns,0.689316,0.071000,0,1.630172,0.071000,0,ns,0.552447,0.082500,0,-1.525089,0.082500,0,ns,0.475678,0.123400,0,-1.210107,0.123400,0
TN435953,Ksaira,Sidi Bou Zid,Centre West,7,0,0,95.2446,3.5100,1.2454,ns,0.504759,0.061800,0,1.776854,0.061800,0,ns,0.472282,0.057800,0,-1.801723,0.057800,0,ns,0.177840,0.279800,0,-0.829444,0.279800,0
TN435954,Sekdal,Sidi Bou Zid,Centre West,4,0,0,95.2446,3.5100,1.2454,ns,0.683905,0.096400,0,1.485051,0.096400,0,ns,0.581964,0.113100,0,-1.392289,0.113100,0,ns,0.388032,0.158600,0,-1.048738,0.158600,0
TN435955,Erremelia,Sidi Bou Zid,Centre West,7,0,0,95.2446,3.5100,1.2454,ns,0.302735,0.064100,0,1.758041,0.064100,0,ns,0.282703,0.048100,0,-1.911724,0.048100,0,ns,0.065903,0.617100,0,-0.396979,0.617100,0
TN435956,Ezzafzaf,Sidi Bou Zid,Centre West,6,0,0,95.2446,3.5100,1.2454,ns,0.534440,0.146900,0,1.358683,0.146900,0,ns,0.568382,0.111600,0,-1.479799,0.111600,0,ns,0.070349,0.701700,0,-0.309295,0.701600,0
TN435957,Bir Badr,Sidi Bou Zid,Centre West,6,0,0,95.2446,3.5100,1.2454,ns,0.670334,0.052000,0,1.871616,0.052000,0,ns,0.620025,0.057700,0,-1.775267,0.057700,0,ns,0.264121,0.109700,0,-1.242652,0.109700,0
TN436051,Mezzouna,Sidi Bou Zid,Centre West,5,0,0,95.2446,3.5100,1.2454,ns,0.217072,0.191600,0,1.203054,0.191600,0,ns,0.174236,0.229700,0,-1.111318,0.229700,0,ns,0.151583,0.231700,0,-0.900460,0.231700,0
TN436052,El Founi,Sidi Bou Zid,Centre West,8,0,1,90.3080,7.2373,2.4547,ns,0.001557,0.908000,0,-0.113774,0.908000,0,ns,0.001754,0.938200,0,0.075276,0.938200,0,ns,-0.004533,0.822400,0,0.181571,0.822400,0
TN436053,Bou Hedma,Sidi Bou Zid,Centre West,8,0,0,95.2446,3.5100,1.2454,ns,0.361111,0.225500,0,1.148474,0.225500,0,ns,0.548524,0.058400,0,-1.802466,0.058400,0,ns,-0.291216,0.055200,0,1.604749,0.055200,0
TN436054,El Gheris Est,Sidi Bou Zid,Centre West,7,0,0,95.2446,3.5100,1.2454,ns,0.358461,0.255300,0,1.081682,0.255300,0,ns,0.398286,0.169300,0,-1.274819,0.169300,0,ns,-0.020316,0.911300,0,0.091629,0.911300,0
TN436055,Khobna,Sidi Bou Zid,Centre West,8,0,0,95.2446,3.5100,1.2454,ns,0.290190,0.298400,0,1.000214,0.298400,0,ns,0.386715,0.149800,0,-1.341035,0.149800,0,ns,-0.091596,0.465200,0,0.571592,0.465200,0
TN436056,Eddaouara,Sidi Bou Zid,Centre West,6,0,0,95.2446,3.5100,1.2454,ns,0.207880,0.122800,0,1.414088,0.122800,0,ns,0.184925,0.089100,0,-1.547201,0.089100,0,ns,0.051934,0.691400,0,-0.315279,0.691400,0
TN436057,El Khaoui,Sidi Bou Zid,Centre West,5,0,1,90.3080,7.2373,2.4547,ns,0.038040,0.201900,0,1.167002,0.201900,0,ns,0.056860,0.249700,0,-1.049537,0.249700,0,ns,-0.052872,0.202500,0,-0.985467,0.202500,0
TN436058,El Besbes,Sidi Bou Zid,Centre West,7,0,0,95.2446,3.5100,1.2454,ns,0.275360,0.298100,0,0.989510,0.298100,0,ns,0.230217,0.265400,0,-1.044340,0.265400,0,ns,0.103751,0.690400,0,-0.317619,0.690400,0
TN436059,Essed,Sidi Bou Zid,Centre West,4,0,0,95.2446,3.5100,1.2454,ns,0.444786,0.109100,0,1.424066,0.109100,0,ns,0.428633,0.139100,0,-1.295201,0.139100,0,ns,0.111391,0.128400,0,-1.139937,0.128400,0
TN436151,Regueb,Sidi Bou Zid,Centre West,4,0,0,95.2446,3.5100,1.2454,ns,-0.096950,0.074200,0,1.617874,0.074200,0,ns,-0.147468,0.090400,0,-1.484117,0.090400,0,ns,0.120761,0.093800,0,-1.254330,0.093800,0
TN436152,Khechem Ouest,Sidi Bou Zid,Centre West,5,0,0,95.2446,3.5100,1.2454,ns,0.431624,0.110800,0,1.455031,0.110800,0,ns,0.381615,0.119900,0,-1.393813,0.119900,0,ns,0.208408,0.221300,0,-0.913927,0.221300,0
TN436153,Essaida Nord,Sidi Bou Zid,Centre West,6,0,1,90.3080,7.2373,2.4547,ns,0.180912,0.267900,0,1.042783,0.267900,0,ns,0.166246,0.278700,0,-1.005031,0.278700,0,ns,0.073841,0.420300,0,-0.646373,0.420300,0
TN436154,Ksar El Hammam Est,Sidi Bou Zid,Centre West,8,0,0,95.2446,3.5100,1.2454,ns,0.289347,0.245800,0,1.094892,0.245800,0,ns,0.265800,0.272100,0,-1.029365,0.272100,0,ns,0.116808,0.330800,0,-0.765512,0.330800,0
TN436155,Gouleb,Sidi Bou Zid,Centre West,7,0,0,95.2446,3.5100,1.2454,ns,0.591336,0.065900,0,1.759440,0.065900,0,ns,0.475408,0.070600,0,-1.692647,0.070600,0,ns,0.381486,0.168100,0,-1.109734,0.168100,0
TN436156,Erradhaa,Sidi Bou Zid,Centre West,6,0,0,95.2446,3.5100,1.2454,ns,0.485137,0.073200,0,1.678573,0.073200,0,ns,0.418128,0.090500,0,-1.546936,0.090500,0,ns,0.262840,0.102500,0,-1.271534,0.102500,0
TN436157,Erradhaa Est,Sidi Bou Zid,Centre West,4,0,0,95.2446,3.5100,1.2454,ns,0.359331,0.072600,0,1.616924,0.072600,0,ns,0.238739,0.108000,0,-1.411444,0.108000,0,ns,0.418810,0.059700,0,-1.444778,0.059700,0
TN436158,Boudinar,Sidi Bou Zid,Centre West,8,0,0,95.2446,3.5100,1.2454,ns,0.564604,0.059100,0,1.837475,0.059100,0,ns,0.479704,0.082300,0,-1.639433,0.082300,0,ns,0.316215,0.057900,0,-1.635091,0.057900,0
TN436159,Ksar El Hammam Ouest,Sidi Bou Zid,Centre West,5,0,0,95.2446,3.5100,1.2454,ns,0.400654,0.269100,0,1.033299,0.269100,0,ns,0.312406,0.268900,0,-1.023562,0.268900,0,ns,0.258903,0.475200,0,-0.546214,0.475200,0
TN436160,Gobrar,Sidi Bou Zid,Centre West,7,0,1,90.3080,7.2373,2.4547,ns,0.091241,0.084900,0,1.640115,0.084900,0,ns,0.159427,0.100400,0,-1.530977,0.100400,0,ns,-0.153881,0.135100,0,-1.210163,0.135100,0
TN436161,Rihana,Sidi Bou Zid,Centre West,7,0,0,95.2446,3.5100,1.2454,ns,0.496823,0.077200,0,1.672667,0.077200,0,ns,0.454983,0.068500,0,-1.707099,0.068500,0,ns,0.181637,0.360900,0,-0.743816,0.360900,0
TN436162,Essekba,Sidi Bou Zid,Centre West,5,0,0,95.2446,3.5100,1.2454,ns,0.719057,0.092900,0,1.534926,0.092900,0,ns,0.551541,0.135700,0,-1.330266,0.135700,0,ns,0.589251,0.071200,0,-1.371344,0.071300,0
TN436163,Khechem Est,Sidi Bou Zid,Centre West,6,0,1,90.3080,7.2373,2.4547,ns,0.255262,0.253100,0,1.081667,0.253100,0,ns,0.243333,0.288600,0,-0.994351,0.288600,0,ns,0.076492,0.297000,0,-0.811283,0.297000,0
TN436164,Essaida Sud,Sidi Bou Zid,Centre West,7,0,0,95.2446,3.5100,1.2454,ns,0.331665,0.203200,0,1.201163,0.203200,0,ns,0.317121,0.202700,0,-1.191296,0.202700,0,ns,0.110206,0.420000,0,-0.656229,0.420000,0
TN436165,Essaida Est,Sidi Bou Zid,Centre West,5,0,1,90.3080,7.2373,2.4547,ns,-0.033695,0.311900,0,0.959918,0.311900,0,ns,-0.080487,0.248700,0,-1.056469,0.248700,0,ns,0.017900,0.824100,0,-0.181108,0.824100,0
TN436166,Ferch Gharib,Sidi Bou Zid,Centre West,6,0,0,95.2446,3.5100,1.2454,ns,0.470306,0.098000,0,1.515060,0.098000,0,ns,0.425962,0.097300,0,-1.499035,0.097300,0,ns,0.197540,0.286500,0,-0.834579,0.286500,0
TN436167,Ouled Ayouni,Sidi Bou Zid,Centre West,7,0,0,95.2446,3.5100,1.2454,ns,0.543247,0.052100,0,1.867884,0.052100,0,ns,0.462198,0.072900,0,-1.655020,0.072900,0,ns,0.301862,0.049100,0,-1.665320,0.049100,0
TN436251,Ouled Haffouz,Sidi Bou Zid,Centre West,5,0,1,90.3080,7.2373,2.4547,ns,0.229154,0.286100,0,0.988418,0.286100,0,ns,0.263865,0.320000,0,-0.906696,0.320000,0,ns,-0.054937,0.328600,0,-0.765987,0.328600,0
TN436252,Dheouibet Sud,Sidi Bou Zid,Centre West,5,0,0,95.2446,3.5100,1.2454,ns,0.489290,0.149700,0,1.292021,0.149700,0,ns,0.423195,0.161300,0,-1.237440,0.161300,0,ns,0.256238,0.268700,0,-0.857924,0.268700,0
TN436253,Sidi Khelif,Sidi Bou Zid,Centre West,10,0,1,90.3080,7.2373,2.4547,ns,0.027386,0.047800,0,1.933397,0.047800,0,ns,0.086601,0.060400,0,-1.829858,0.060400,0,ns,-0.129441,0.108600,0,-1.289741,0.108600,0
TN436254,El Henia,Sidi Bou Zid,Centre West,5,0,1,90.3080,7.2373,2.4547,ns,-0.048215,0.210600,0,1.150783,0.210600,0,ns,-0.135148,0.143000,0,-1.314141,0.143000,0,ns,0.011868,0.917800,0,-0.079352,0.917800,0
TN436255,Kassouda,Sidi Bou Zid,Centre West,9,0,0,95.2446,3.5100,1.2454,ns,0.480324,0.057300,0,1.849020,0.057300,0,ns,0.482829,0.062500,0,-1.773092,0.062500,0,ns,0.105403,0.137000,0,-1.161547,0.137000,0
TN436256,El Mebarkia,Sidi Bou Zid,Centre West,6,0,0,95.2446,3.5100,1.2454,ns,0.337980,0.301000,0,0.977530,0.301000,0,ns,0.319467,0.260100,0,-1.040282,0.260100,0,ns,0.085520,0.716200,0,-0.286767,0.716200,0
TN436257,Ech-Cheouachia,Sidi Bou Zid,Centre West,6,0,0,95.2446,3.5100,1.2454,ns,0.400735,0.080900,0,1.621504,0.080900,0,ns,0.338229,0.078000,0,-1.610022,0.078000,0,ns,0.207946,0.271700,0,-0.831198,0.271700,0
TN436258,Sidi Ellafi,Sidi Bou Zid,Centre West,4,0,0,95.2446,3.5100,1.2454,ns,0.215893,0.336400,0,0.891469,0.336400,0,ns,0.214090,0.313200,0,-0.923862,0.313200,0,ns,0.053709,0.671200,0,-0.338990,0.671200,0
TN436259,Dheouibet Nord,Sidi Bou Zid,Centre West,8,0,0,95.2446,3.5100,1.2454,ns,0.518767,0.102500,0,1.548573,0.102500,0,ns,0.441856,0.124800,0,-1.432835,0.124800,0,ns,0.294902,0.140500,0,-1.136509,0.140500,0
TN515151,Secteur (1),Gabès,South East,4,0,1,90.3080,7.2373,2.4547,ns,0.986728,0.052000,0,-1.815539,0.052000,0,ns,1.062682,0.047500,0,1.881411,0.047500,0,ns,0.145925,0.360600,0,0.715123,0.360600,0
TN515152,Secteur (2),Gabès,South East,6,0,1,90.3080,7.2373,2.4547,ns,1.687617,0.017700,0,-2.662388,0.017700,0,ns,1.654383,0.018000,0,2.689232,0.018000,0,ns,0.478015,0.112100,0,1.236820,0.112100,0
TN515153,Secteur (3),Gabès,South East,5,0,1,90.3080,7.2373,2.4547,ns,0.620995,0.041700,0,-1.966517,0.041700,0,ns,0.761462,0.038500,0,2.021923,0.038500,0,ns,-0.024650,0.301400,0,0.784175,0.301400,0
TN515154,Secteur (4),Gabès,South East,4,0,1,90.3080,7.2373,2.4547,ns,0.848867,0.030600,0,-2.314783,0.030600,0,ns,0.825146,0.028100,0,2.371985,0.028100,0,ns,0.239159,0.181300,0,1.031783,0.181300,0
TN515155,Chott Sidi Abdesselam,Gabès,South East,4,0,1,90.3080,7.2373,2.4547,ns,0.332112,0.202100,0,-1.144704,0.202100,0,ns,0.492658,0.151000,0,1.260843,0.151000,0,ns,-0.037721,0.798600,0,0.208901,0.798600,0
TN515251,Er-Remathi,Gabès,South East,6,0,1,90.3080,7.2373,2.4547,ns,-0.300405,0.071000,0,-1.690415,0.071000,0,ns,-0.230710,0.085800,0,1.578038,0.085800,0,ns,-0.233810,0.108600,0,1.244131,0.108600,0
TN515252,Bou-Chemma,Gabès,South East,12,0,1,90.3080,7.2373,2.4547,ns,0.306717,0.023900,0,-2.287497,0.023900,0,ns,0.349534,0.014300,0,2.663051,0.014300,0,ns,-0.004430,0.953500,0,-0.052283,0.953500,0
TN515253,Nahal,Gabès,South East,6,0,1,90.3080,7.2373,2.4547,ns,1.003818,0.014100,0,-2.811839,0.014100,0,ns,1.128756,0.012700,0,2.922032,0.012700,0,ns,0.091923,0.169700,0,1.081375,0.169700,0
TN515254,Jaouaoula,Gabès,South East,4,0,1,90.3080,7.2373,2.4547,ns,0.990232,0.041900,0,-2.037205,0.041900,0,ns,1.169173,0.034500,0,2.217067,0.034500,0,ns,0.051252,0.572900,0,0.440128,0.572900,0
TN515255,Chenini Nord,Gabès,South East,6,0,1,90.3080,7.2373,2.4547,ns,0.583924,0.228200,0,-1.129131,0.228200,0,ns,0.703778,0.180300,0,1.224214,0.180300,0,ns,0.021286,0.762200,0,0.263432,0.762200,0
TN515256,Chenini Est,Gabès,South East,2,0,1,90.3080,7.2373,2.4547,ns,0.962909,0.041900,0,-1.993813,0.041900,0,ns,1.119344,0.031300,0,2.224060,0.031300,0,ns,0.052555,0.695800,0,0.286380,0.695800,0
TN515257,Chenini Ouest,Gabès,South East,7,0,1,90.3080,7.2373,2.4547,ns,0.909094,0.101300,0,-1.546519,0.101300,0,ns,1.091825,0.074800,0,1.675271,0.074800,0,ns,0.032049,0.641400,0,0.373979,0.641400,0
TN515351,Teboulbou,Gabès,South East,7,0,1,90.3080,7.2373,2.4547,ns,0.226355,0.564300,0,-0.552183,0.564300,0,ns,0.214173,0.516900,0,0.613317,0.516900,0,ns,0.030907,0.916900,0,0.085789,0.916900,0
TN515352,Sidi Boulbaba,Gabès,South East,7,0,1,90.3080,7.2373,2.4547,ns,1.327327,0.012200,0,-2.852209,0.012200,0,ns,1.317198,0.013200,0,2.797999,0.013200,0,ns,0.346420,0.043100,0,1.628349,0.043100,0
TN515353,Zrig Eddakhlania,Gabès,South East,3,0,1,90.3080,7.2373,2.4547,ns,1.376155,0.029100,0,-2.368893,0.029100,0,ns,1.283013,0.032900,0,2.214219,0.032900,0,ns,0.503345,0.037200,0,1.689719,0.037200,0
TN515354,Secteur (5),Gabès,South East,5,0,1,90.3080,7.2373,2.4547,ns,2.058837,0.023600,0,-2.538460,0.023600,0,ns,1.816449,0.026300,0,2.444203,0.026300,0,ns,1.002117,0.046700,0,1.629377,0.046700,0
TN515355,El Medou,Gabès,South East,8,0,1,90.3080,7.2373,2.4547,ns,-0.375680,0.030300,0,-2.219280,0.030300,0,ns,-0.423093,0.039100,0,2.064158,0.039100,0,ns,0.045607,0.051900,0,1.614690,0.051900,0
TN515356,Limaoua,Gabès,South East,6,0,1,90.3080,7.2373,2.4547,ns,-0.311646,0.342300,0,-0.907863,0.342300,0,ns,-0.132718,0.587400,0,0.511034,0.587400,0,ns,-0.782539,0.041500,0,1.764975,0.041500,0
TN515357,El Amazir,Gabès,South East,5,0,1,90.3080,7.2373,2.4547,ns,-0.635858,0.516500,0,0.629347,0.516500,0,ns,-0.974172,0.236800,0,-1.089027,0.236800,0,ns,1.058093,0.132500,0,1.141394,0.132500,0
TN515451,Ghanouch Est,Gabès,South East,5,0,1,90.3080,7.2373,2.4547,ns,0.233226,0.130000,0,-1.376874,0.130000,0,ns,0.409063,0.060900,0,1.739959,0.060900,0,ns,0.058454,0.542900,0,-0.468907,0.542900,0
TN515452,Ghanouch Ouest,Gabès,South East,6,0,1,90.3080,7.2373,2.4547,ns,0.251857,0.056000,0,-1.813183,0.056000,0,ns,0.378932,0.033500,0,2.132793,0.033500,0,ns,0.006545,0.880400,0,-0.118656,0.880400,0
TN515453,Ghanouche Sud,Gabès,South East,3,0,1,90.3080,7.2373,2.4547,ns,0.100406,0.473700,0,-0.687440,0.473700,0,ns,0.214438,0.374900,0,0.815903,0.374900,0,ns,0.024356,0.923900,0,-0.077109,0.923900,0
TN515454,Ghanouche Nord,Gabès,South East,3,0,1,90.3080,7.2373,2.4547,ns,0.600679,0.430000,0,-0.742683,0.430000,0,ns,0.876932,0.324300,0,0.885717,0.324300,0,ns,0.014995,0.920700,0,-0.077065,0.920700,0
TN515551,El Metouia Nord,Gabès,South East,8,0,1,90.3080,7.2373,2.4547,ns,0.196554,0.257300,0,-1.085032,0.257300,0,ns,0.228809,0.171800,0,1.272090,0.171800,0,ns,-0.004041,0.951900,0,-0.050902,0.951900,0
TN515552,El Metouia Sud,Gabès,South East,6,0,1,90.3080,7.2373,2.4547,ns,0.182852,0.735900,0,-0.328210,0.735900,0,ns,0.083854,0.886900,0,0.136939,0.886900,0,ns,0.086780,0.313500,0,0.777557,0.313500,0
TN515553,Ouedhref Nord,Gabès,South East,5,0,1,90.3080,7.2373,2.4547,ns,0.017759,0.840700,0,-0.202775,0.840700,0,ns,0.019497,0.851500,0,0.185258,0.851500,0,ns,-0.001354,0.845600,0,0.161367,0.845600,0
TN515554,Ouedhref Sud,Gabès,South East,6,0,1,90.3080,7.2373,2.4547,ns,-0.035229,0.081800,0,-1.640247,0.081800,0,ns,-0.035592,0.171300,0,1.257163,0.171300,0,ns,0.022770,0.025800,0,2.006577,0.025800,0
TN515555,El Akarit,Gabès,South East,3,0,1,90.3080,7.2373,2.4547,ns,-0.018757,0.887100,0,-0.141429,0.887100,0,ns,-0.033150,0.853700,0,0.186125,0.853700,0,ns,-0.005676,0.926400,0,-0.071619,0.926400,0
TN515556,El Hicha,Gabès,South East,7,0,1,90.3080,7.2373,2.4547,ns,-0.231300,0.138600,0,-1.369592,0.138600,0,ns,-0.168639,0.233900,0,1.104083,0.233900,0,ns,-0.213037,0.061200,0,1.606044,0.061200,0
TN515557,El Mida,Gabès,South East,7,0,1,90.3080,7.2373,2.4547,ns,0.052224,0.810700,0,-0.232562,0.810700,0,ns,0.007229,0.963900,0,0.045729,0.963900,0,ns,0.071684,0.364600,0,0.733777,0.364600,0
TN515651,Oued Ezzitoun,Gabès,South East,7,0,0,95.2446,3.5100,1.2454,ns,-0.031647,0.282200,0,-1.012989,0.282200,0,ns,-0.055521,0.818800,0,0.216716,0.818800,0,ns,2.074846,0.007200,0,3.107492,0.007200,0
TN515652,El Fejij,Gabès,South East,5,0,0,95.2446,3.5100,1.2454,ns,-0.201573,0.091500,0,-1.550859,0.091500,0,ns,-0.108055,0.494400,0,0.642123,0.494400,0,ns,0.230410,0.004200,0,3.709881,0.004200,0
TN515653,El Mehemla,Gabès,South East,6,0,0,95.2446,3.5100,1.2454,ns,0.037515,0.411200,0,-0.774690,0.411200,0,ns,0.039562,0.685600,0,-0.385921,0.685600,0,ns,2.105683,0.004300,0,4.057884,0.004300,0
TN515654,Es-Saki,Gabès,South East,6,0,0,95.2446,3.5100,1.2454,ns,-0.031129,0.396500,0,-0.799443,0.396500,0,ns,0.008900,0.948700,0,-0.064729,0.948700,0,ns,0.942065,0.006300,0,3.231531,0.006300,0
TN515655,Rabiaa Ouali,Gabès,South East,5,0,1,90.3080,7.2373,2.4547,ns,0.060289,0.800500,0,-0.245267,0.800500,0,ns,-0.043443,0.864700,0,-0.165982,0.864700,0,ns,0.281906,0.061800,0,1.525436,0.061800,0
TN515656,Zoughrata,Gabès,South East,4,0,0,95.2446,3.5100,1.2454,ns,-0.153664,0.643700,0,-0.443622,0.643700,0,ns,-0.029729,0.917800,0,0.097454,0.917800,0,ns,-0.427270,0.076900,0,1.367486,0.076900,0
TN515657,Menzel El Habib,Gabès,South East,5,0,0,95.2446,3.5100,1.2454,ns,-0.002613,0.996000,0,-0.005032,0.996000,0,ns,0.133260,0.511200,0,-0.628330,0.511200,0,ns,0.333697,0.027200,0,2.010461,0.027200,0
TN515751,Secteur Nord,Gabès,South East,6,0,1,90.3080,7.2373,2.4547,ns,0.789770,0.094000,0,-1.558021,0.094000,0,ns,0.224415,0.436200,0,0.730365,0.436200,0,ns,3.100069,0.005200,0,3.472803,0.005200,0
TN515752,El Ksar,Gabès,South East,4,0,1,90.3080,7.2373,2.4547,ns,1.626362,0.020900,0,-2.623811,0.020900,0,ns,0.721847,0.088300,0,1.492110,0.088300,0,ns,3.707492,0.003100,0,4.695548,0.003100,0
TN515753,Secteur Est (1),Gabès,South East,6,0,1,90.3080,7.2373,2.4547,ns,1.876035,0.018200,0,-2.631017,0.018200,0,ns,0.955734,0.112300,0,1.434086,0.112300,0,ns,2.721200,0.002700,0,5.298473,0.002700,0
TN515754,Secteur Est (2),Gabès,South East,4,0,1,90.3080,7.2373,2.4547,ns,0.576033,0.042700,0,-2.018585,0.042700,0,ns,0.202655,0.138600,0,1.306995,0.138600,0,ns,1.863680,0.007300,0,3.192208,0.007300,0
TN515755,Secteur Sud,Gabès,South East,4,0,1,90.3080,7.2373,2.4547,ns,1.104597,0.037400,0,-2.109773,0.037400,0,ns,0.541648,0.069800,0,1.612328,0.069800,0,ns,2.316160,0.013300,0,2.770182,0.013300,0
TN515756,Farhat Hached,Gabès,South East,10,0,2,86.0704,7.5406,6.3890,ns,0.754337,0.003800,0,-3.512767,0.003800,0,ns,-0.337003,0.061600,0,1.792864,0.061600,0,ns,10.176270,0.004500,0,7.272087,0.004500,0
TN515757,Chanchou,Gabès,South East,12,0,1,90.3080,7.2373,2.4547,ns,-0.010604,0.015400,0,-2.571659,0.015400,0,ns,-0.297291,0.088500,0,1.616461,0.088500,0,ns,2.512709,0.006200,0,4.397971,0.006200,0
TN515758,El Behaier,Gabès,South East,6,0,2,86.0704,7.5406,6.3890,ns,1.345100,0.112900,0,-1.466627,0.112900,0,ns,-0.055722,0.824900,0,-0.207344,0.824900,0,ns,15.920498,0.003300,0,6.107044,0.003300,0
TN515759,Bechima El Borj,Gabès,South East,4,0,1,90.3080,7.2373,2.4547,ns,-0.137229,0.017600,0,-2.686357,0.017600,0,ns,-0.100694,0.288300,0,0.978168,0.288300,0,ns,1.026388,0.002100,0,6.688343,0.002100,0
TN515760,Bechima El Kalb,Gabès,South East,2,0,1,90.3080,7.2373,2.4547,ns,0.093594,0.071500,0,-1.545849,0.071500,0,ns,-0.137471,0.433500,0,0.714668,0.433500,0,ns,2.936878,0.008700,0,3.529336,0.008700,0
TN515761,Bou Attouch,Gabès,South East,14,0,2,86.0704,7.5406,6.3890,ns,1.311384,0.028900,0,-2.210532,0.028900,0,ns,0.168322,0.576300,0,0.537224,0.576300,0,ns,7.735478,0.003100,0,6.668044,0.003100,0
TN515762,Habib Thameur,Gabès,South East,6,0,1,90.3080,7.2373,2.4547,ns,0.690562,0.009400,0,-3.098275,0.009400,0,ns,0.125027,0.224900,0,1.122619,0.224900,0,ns,3.724576,0.002700,0,8.020400,0.002700,0
TN515763,Secteur Ouest,Gabès,South East,7,0,1,90.3080,7.2373,2.4547,ns,1.291277,0.021000,0,-2.555306,0.021000,0,ns,0.405611,0.249700,0,1.068103,0.249700,0,ns,4.010654,0.004200,0,5.967953,0.004200,0
TN515851,Matmata,Gabès,South East,5,0,1,90.3080,7.2373,2.4547,ns,-0.004756,0.822800,0,0.218749,0.822800,0,ns,0.124100,0.323600,0,-0.922834,0.323600,0,ns,1.083545,0.021800,0,2.299859,0.021800,0
TN515852,Techine,Gabès,South East,8,0,1,90.3080,7.2373,2.4547,ns,0.080907,0.598700,0,0.518965,0.598700,0,ns,0.228292,0.280700,0,-1.025695,0.280700,0,ns,0.185450,0.086600,0,1.394301,0.086600,0
TN515853,Tamazrat,Gabès,South East,5,0,1,90.3080,7.2373,2.4547,ns,0.095861,0.227400,0,-1.125663,0.227400,0,ns,-0.036354,0.761900,0,0.296363,0.761900,0,ns,2.429528,0.006300,0,3.282176,0.006300,0
TN515951,Nouvelle Matmata,Gabès,South East,5,0,1,90.3080,7.2373,2.4547,ns,0.070617,0.676500,0,-0.408805,0.676500,0,ns,-0.017372,0.901900,0,-0.127536,0.901900,0,ns,0.478562,0.028100,0,2.075063,0.028100,0
TN515952,Heddaj,Gabès,South East,9,0,1,90.3080,7.2373,2.4547,ns,0.064362,0.338000,0,0.927792,0.338000,0,ns,0.206399,0.236000,0,-1.122162,0.236000,0,ns,0.050994,0.852200,0,0.148986,0.852200,0
TN515953,Ez-Zeraoua,Gabès,South East,6,0,2,86.0704,7.5406,6.3890,ns,1.675999,0.137800,0,-1.376925,0.137800,0,ns,-0.114356,0.914300,0,-0.107878,0.914300,0,ns,6.473541,0.003400,0,5.296618,0.003400,0
TN515954,Beni Aissa,Gabès,South East,7,0,1,90.3080,7.2373,2.4547,ns,-0.440792,0.021200,0,-2.506664,0.021200,0,ns,-0.380369,0.207300,0,1.158331,0.207300,0,ns,2.251017,0.003300,0,5.713051,0.003300,0
TN515955,Beni Zalten,Gabès,South East,5,0,1,90.3080,7.2373,2.4547,ns,0.107539,0.532800,0,0.608400,0.532800,0,ns,0.153155,0.311600,0,-0.939485,0.311600,0,ns,-0.098944,0.325100,0,0.779544,0.325100,0
TN516051,Mareth,Gabès,South East,5,0,1,90.3080,7.2373,2.4547,ns,0.008689,0.897700,0,-0.125651,0.897700,0,ns,-0.013696,0.725200,0,-0.340608,0.725200,0,ns,0.141434,0.054500,0,1.541980,0.054500,0
TN516052,Mareth Nord,Gabès,South East,7,0,1,90.3080,7.2373,2.4547,ns,-0.099862,0.669600,0,0.421566,0.669600,0,ns,-0.097947,0.429400,0,-0.756926,0.429400,0,ns,0.397594,0.277600,0,0.816188,0.277600,0
TN516053,Sidi Touati,Gabès,South East,9,0,1,90.3080,7.2373,2.4547,ns,-0.005541,0.783500,0,-0.268504,0.783500,0,ns,0.007809,0.969600,0,-0.036859,0.969600,0,ns,0.538298,0.161600,0,1.124919,0.161600,0
TN516054,Ez-Zerkine,Gabès,South East,4,0,1,90.3080,7.2373,2.4547,ns,-0.072791,0.842400,0,-0.205025,0.842300,0,ns,-0.008117,0.978300,0,0.026372,0.978300,0,ns,-0.160782,0.366900,0,0.680850,0.366900,0
TN516055,Ayoun Ez-Zerkine,Gabès,South East,7,0,1,90.3080,7.2373,2.4547,ns,-0.111543,0.297200,0,0.993413,0.297200,0,ns,-0.115648,0.175400,0,-1.256172,0.175400,0,ns,0.041095,0.680800,0,0.333020,0.680800,0
TN516056,Ourafinine,Gabès,South East,7,0,1,90.3080,7.2373,2.4547,ns,0.005302,0.975900,0,0.029227,0.975900,0,ns,0.131900,0.676900,0,-0.409798,0.676900,0,ns,0.301130,0.118700,0,1.172266,0.118700,0
TN516057,Ezzarat,Gabès,South East,3,0,1,90.3080,7.2373,2.4547,ns,0.005006,0.880600,0,0.143329,0.880600,0,ns,0.029215,0.803500,0,-0.240679,0.803500,0,ns,0.063017,0.764000,0,0.238670,0.764000,0
TN516058,El Alaya,Gabès,South East,6,0,1,90.3080,7.2373,2.4547,ns,-0.000914,0.998600,0,-0.001951,0.998600,0,ns,0.006867,0.769600,0,-0.282720,0.769600,0,ns,-0.125550,0.240100,0,0.849887,0.240100,0
TN516059,Arram,Gabès,South East,6,0,1,90.3080,7.2373,2.4547,ns,-0.006530,0.965400,0,0.042704,0.965400,0,ns,-0.067070,0.638100,0,-0.447767,0.638100,0,ns,0.271615,0.102500,0,1.234559,0.102500,0
TN516060,Ketana,Gabès,South East,4,0,1,90.3080,7.2373,2.4547,ns,0.021882,0.909300,0,0.111798,0.909300,0,ns,0.027761,0.849000,0,-0.184366,0.849000,0,ns,-0.063474,0.815000,0,0.183211,0.815000,0
TN516061,Toujane,Gabès,South East,5,0,1,90.3080,7.2373,2.4547,ns,-0.089902,0.869200,0,-0.156900,0.869200,0,ns,0.091467,0.835100,0,-0.197931,0.835100,0,ns,-0.623992,0.099600,0,1.228828,0.099600,0
TN516062,Zemarten,Gabès,South East,3,0,1,90.3080,7.2373,2.4547,ns,-0.050684,0.736700,0,0.327317,0.736700,0,ns,-0.042074,0.636100,0,-0.457767,0.636100,0,ns,0.074798,0.737500,0,0.271292,0.737500,0
TN516063,Zerig El Ghandri,Gabès,South East,5,0,1,90.3080,7.2373,2.4547,ns,0.017600,0.955000,0,0.052295,0.955000,0,ns,0.051876,0.875200,0,-0.148016,0.875200,0,ns,-0.070419,0.720300,0,0.296464,0.720300,0
TN516064,Ain Tounine,Gabès,South East,6,0,1,90.3080,7.2373,2.4547,ns,0.220897,0.210900,0,1.163377,0.210900,0,ns,0.215219,0.081100,0,-1.607025,0.081100,0,ns,-0.236130,0.279200,0,0.834983,0.279200,0
TN516065,Dekhilet Toujane,Gabès,South East,4,0,1,90.3080,7.2373,2.4547,ns,-0.122368,0.797300,0,0.241184,0.797300,0,ns,-0.225738,0.575700,0,-0.526772,0.575700,0,ns,0.471037,0.295400,0,0.802870,0.295400,0
TN525151,Beni Ghezail,Médenine,South East,5,0,1,90.3080,7.2373,2.4547,ns,2.671201,0.012000,0,-3.127616,0.012000,0,ns,3.257480,0.011300,0,3.213444,0.011300,0,ns,-0.124742,0.081300,0,1.281059,0.081300,0
TN525152,02 Mai,Médenine,South East,6,0,1,90.3080,7.2373,2.4547,ns,2.120217,0.004100,0,-3.804123,0.004100,0,ns,2.270903,0.004300,0,4.015523,0.004300,0,ns,0.311626,0.122600,0,1.216460,0.122600,0
TN525153,Mednine Ouest,Médenine,South East,5,0,1,90.3080,7.2373,2.4547,ns,1.518460,0.019000,0,-2.623287,0.019000,0,ns,1.727550,0.019800,0,2.620643,0.019800,0,ns,0.044224,0.087000,0,1.337781,0.087000,0
TN525154,20 Mars,Médenine,South East,4,0,1,90.3080,7.2373,2.4547,ns,0.704976,0.066100,0,-1.676510,0.066100,0,ns,0.431519,0.112700,0,1.386807,0.112700,0,ns,1.000651,0.038700,0,1.814667,0.038700,0
TN525155,Mednine Nord,Médenine,South East,9,0,1,90.3080,7.2373,2.4547,ns,1.182024,0.007000,0,-3.215951,0.007000,0,ns,1.034134,0.013300,0,2.845035,0.013300,0,ns,0.561307,0.009200,0,2.860738,0.009200,0
TN525156,Oum Ettameur Ouest,Médenine,South East,7,0,1,90.3080,7.2373,2.4547,ns,0.425690,0.032700,0,-2.159097,0.032700,0,ns,0.243781,0.059500,0,1.755783,0.059500,0,ns,0.686819,0.016300,0,2.347370,0.016300,0
TN525157,Oum Ettameur Est,Médenine,South East,8,0,1,90.3080,7.2373,2.4547,ns,0.123572,0.323900,0,-0.942539,0.323900,0,ns,-0.043892,0.537100,0,0.596685,0.537100,0,ns,1.145617,0.051700,0,1.512641,0.051700,0
TN525158,Koutine,Médenine,South East,5,0,1,90.3080,7.2373,2.4547,ns,0.050772,0.508800,0,-0.632538,0.508800,0,ns,-0.000238,0.979800,0,-0.025022,0.979800,0,ns,0.647804,0.017000,0,2.487938,0.017000,0
TN525251,Mednine Sud,Médenine,South East,6,0,1,90.3080,7.2373,2.4547,ns,2.927496,0.011600,0,-3.066593,0.011600,0,ns,2.974083,0.011300,0,3.161903,0.011300,0,ns,0.652171,0.116300,0,1.208398,0.116300,0
TN525252,Mednine Est,Médenine,South East,5,0,1,90.3080,7.2373,2.4547,ns,1.829026,0.013600,0,-2.918939,0.013600,0,ns,1.705952,0.015100,0,2.882427,0.015100,0,ns,0.682498,0.049800,0,1.627334,0.049800,0
TN525253,El Labba,Médenine,South East,10,0,1,90.3080,7.2373,2.4547,ns,1.514633,0.003600,0,-3.440048,0.003600,0,ns,1.744838,0.003000,0,3.550170,0.003000,0,ns,0.076397,0.085000,0,1.380479,0.085000,0
TN525254,Hessi Amor,Médenine,South East,5,0,1,90.3080,7.2373,2.4547,ns,1.301057,0.028800,0,-2.280300,0.028800,0,ns,1.257654,0.041800,0,1.963469,0.041800,0,ns,0.137658,0.023600,0,2.185148,0.023600,0
TN525255,Oued Esseder,Médenine,South East,4,0,1,90.3080,7.2373,2.4547,ns,0.842449,0.021000,0,-2.647812,0.021000,0,ns,0.678541,0.023400,0,2.571057,0.023400,0,ns,0.518943,0.050900,0,1.658049,0.050900,0
TN525256,Hessi Mednine,Médenine,South East,7,0,1,90.3080,7.2373,2.4547,ns,0.484331,0.005100,0,-3.700391,0.005100,0,ns,0.208147,0.005900,0,3.655072,0.005900,0,ns,0.627804,0.030200,0,2.016250,0.030200,0
TN525257,Darghoulia,Médenine,South East,4,0,1,90.3080,7.2373,2.4547,ns,1.515274,0.055000,0,-1.800157,0.055000,0,ns,1.172482,0.076400,0,1.553601,0.076400,0,ns,1.205141,0.040000,0,1.746954,0.040000,0
TN525258,Souitir,Médenine,South East,4,0,1,90.3080,7.2373,2.4547,ns,1.131298,0.031200,0,-2.291928,0.031200,0,ns,0.666783,0.035600,0,2.196065,0.035600,0,ns,1.273914,0.059500,0,1.445269,0.059500,0
TN525259,Nouvelle Amra,Médenine,South East,5,0,1,90.3080,7.2373,2.4547,ns,0.577878,0.029600,0,-2.273303,0.029600,0,ns,0.400162,0.029200,0,2.264893,0.029200,0,ns,0.446188,0.123500,0,1.133024,0.123500,0
TN525260,Bou-Ghrara,Médenine,South East,5,0,1,90.3080,7.2373,2.4547,ns,0.482453,0.373800,0,-0.838188,0.373800,0,ns,0.521933,0.281700,0,0.981090,0.281700,0,ns,-0.018904,0.960900,0,-0.037264,0.960900,0
TN525351,Beni-Khedech,Médenine,South East,1,1,1,90.3080,7.2373,2.4547,ns,0.255500,0.022900,0,-2.674353,0.022900,0,ns,0.062195,0.121700,0,1.061567,0.121700,0,ns,1.094293,0.002800,0,7.210268,0.002800,0
TN525451,Ben Guerdane Nord,Médenine,South East,1,1,1,90.3080,7.2373,2.4547,ns,-0.207988,0.858000,0,0.193055,0.858000,0,ns,-0.508447,0.618500,0,-0.460212,0.618500,0,ns,0.632921,0.216900,0,0.797610,0.216900,0
TN525551,Zarzis,Médenine,South East,4,0,1,90.3080,7.2373,2.4547,ns,0.143100,0.157700,0,-1.263985,0.157700,0,ns,0.056155,0.465500,0,0.681333,0.465500,0,ns,0.391703,0.017700,0,2.455714,0.017700,0
TN525552,20 Mars,Médenine,South East,5,0,1,90.3080,7.2373,2.4547,ns,0.397595,0.315700,0,-0.943453,0.315700,0,ns,0.079906,0.716800,0,0.344353,0.716800,0,ns,1.961715,0.016200,0,2.392536,0.016200,0
TN525553,Tahar Sfar,Médenine,South East,4,0,1,90.3080,7.2373,2.4547,ns,0.227406,0.400900,0,-0.783050,0.400900,0,ns,0.086257,0.714200,0,0.354591,0.714200,0,ns,0.531469,0.035900,0,1.760572,0.035900,0
TN525554,Ejdaria,Médenine,South East,2,1,1,90.3080,7.2373,2.4547,ns,-0.163985,0.097300,0,-1.356272,0.097300,0,ns,-0.342732,0.175500,0,1.096902,0.175500,0,ns,0.829889,0.050800,0,1.608601,0.050800,0
TN525555,El Bassatine,Médenine,South East,5,0,1,90.3080,7.2373,2.4547,ns,0.179108,0.330600,0,-0.915833,0.330600,0,ns,0.019383,0.741400,0,0.317181,0.741400,0,ns,1.269661,0.020100,0,2.354144,0.020100,0
TN525556,Essouihel,Médenine,South East,3,0,1,90.3080,7.2373,2.4547,ns,-0.020198,0.495900,0,-0.649433,0.495900,0,ns,-0.018540,0.787500,0,0.263387,0.787500,0,ns,0.181528,0.049900,0,1.672165,0.049900,0
TN525557,Oued Ettieb,Médenine,South East,7,0,1,90.3080,7.2373,2.4547,ns,0.146238,0.407100,0,-0.785235,0.407100,0,ns,0.000320,0.900800,0,-0.123059,0.900800,0,ns,2.292744,0.005000,0,3.337078,0.005000,0
TN525558,Hassi El Jerbi,Médenine,South East,3,1,1,90.3080,7.2373,2.4547,ns,0.106019,0.542000,0,-0.597478,0.542000,0,ns,-0.007164,0.850300,0,-0.187015,0.850300,0,ns,1.559079,0.012900,0,2.797230,0.012900,0
TN525559,Khaoui El Ghedir,Médenine,South East,4,0,1,90.3080,7.2373,2.4547,ns,-0.290293,0.252000,0,-1.054196,0.252000,0,ns,0.031160,0.891200,0,-0.135196,0.891200,0,ns,-1.545725,0.002300,0,4.470555,0.002300,0
TN525560,Hamadi,Médenine,South East,5,0,1,90.3080,7.2373,2.4547,ns,0.207945,0.136100,0,-1.354647,0.136100,0,ns,-0.008805,0.584000,0,0.514983,0.584000,0,ns,2.114215,0.005300,0,3.376416,0.005300,0
TN525561,Hichem E L Hamadi,Médenine,South East,6,0,1,90.3080,7.2373,2.4547,ns,0.317094,0.250900,0,-1.078195,0.250900,0,ns,0.012041,0.719000,0,0.351253,0.719000,0,ns,2.822080,0.008700,0,2.884114,0.008700,0
TN525562,El Ghorabet,Médenine,South East,5,0,1,90.3080,7.2373,2.4547,ns,0.961015,0.034300,0,-2.130676,0.034300,0,ns,0.486836,0.202300,0,1.159618,0.202300,0,ns,1.383841,0.003300,0,4.284295,0.003300,0
TN525563,El Grebis,Médenine,South East,4,0,1,90.3080,7.2373,2.4547,ns,0.239532,0.495700,0,-0.659824,0.495700,0,ns,0.001390,0.921300,0,0.092191,0.921300,0,ns,2.793673,0.023200,0,2.245469,0.023200,0
TN525564,Hamadi Boutoufaha,Médenine,South East,5,0,1,90.3080,7.2373,2.4547,ns,0.291227,0.315600,0,-0.941193,0.315600,0,ns,0.055200,0.741700,0,0.301912,0.741700,0,ns,1.454263,0.013600,0,2.644605,0.013600,0
TN525565,El Ogla,Médenine,South East,5,0,1,90.3080,7.2373,2.4547,ns,0.018353,0.520200,0,-0.616707,0.520200,0,ns,0.012480,0.886400,0,-0.135028,0.886400,0,ns,1.048105,0.010300,0,2.840104,0.010300,0
TN525566,Chammakh,Médenine,South East,5,0,1,90.3080,7.2373,2.4547,ns,0.034544,0.630400,0,-0.461887,0.630400,0,ns,0.041901,0.805000,0,-0.240220,0.805000,0,ns,2.096016,0.015500,0,2.503770,0.015500,0
TN525651,Taourit,Médenine,South East,4,0,1,90.3080,7.2373,2.4547,ns,0.855427,0.087800,0,-1.535491,0.087800,0,ns,0.722296,0.126800,0,1.359469,0.126800,0,ns,0.483581,0.075800,0,1.324227,0.075800,0
TN525652,Bou Melel,Médenine,South East,4,0,1,90.3080,7.2373,2.4547,ns,1.005660,0.050900,0,-1.833689,0.050900,0,ns,0.904500,0.065600,0,1.671522,0.065600,0,ns,0.432014,0.061700,0,1.450222,0.061700,0
TN525653,El Jouamaa,Médenine,South East,4,0,1,90.3080,7.2373,2.4547,ns,0.756450,0.076200,0,-1.589826,0.076200,0,ns,0.538885,0.077100,0,1.540416,0.077100,0,ns,0.623681,0.196500,0,0.958687,0.196500,0
TN525654,Fatou,Médenine,South East,4,0,1,90.3080,7.2373,2.4547,ns,0.470903,0.044700,0,-1.923402,0.044700,0,ns,0.360438,0.041800,0,1.969146,0.041800,0,ns,0.252788,0.291300,0,0.829909,0.291300,0
TN525655,Mazraia,Médenine,South East,3,0,1,90.3080,7.2373,2.4547,ns,0.846113,0.257600,0,-1.008727,0.257600,0,ns,0.836276,0.282900,0,0.945069,0.282900,0,ns,0.205909,0.344100,0,0.724612,0.344100,0
TN525656,Sedghaiane,Médenine,South East,7,0,1,90.3080,7.2373,2.4547,ns,0.633674,0.040200,0,-2.045628,0.040200,0,ns,0.706155,0.036900,0,2.095094,0.036900,0,ns,0.054932,0.238900,0,0.904321,0.238900,0
TN525657,Oualeg,Médenine,South East,5,0,1,90.3080,7.2373,2.4547,ns,0.710048,0.054800,0,-1.827325,0.054800,0,ns,0.761581,0.044100,0,1.962610,0.044100,0,ns,0.094245,0.545300,0,0.508016,0.545300,0
TN525658,Essouani,Médenine,South East,7,0,1,90.3080,7.2373,2.4547,ns,0.363114,0.030300,0,-2.202426,0.030300,0,ns,0.355499,0.037700,0,2.047239,0.037700,0,ns,0.092533,0.052300,0,1.656035,0.052300,0
TN525659,Erriadh,Médenine,South East,4,0,1,90.3080,7.2373,2.4547,ns,0.801997,0.073100,0,-1.607824,0.073100,0,ns,0.822843,0.070400,0,1.587270,0.070400,0,ns,0.166203,0.252000,0,0.874964,0.252000,0
TN525660,El Hachene,Médenine,South East,5,0,1,90.3080,7.2373,2.4547,ns,0.457852,0.045600,0,-1.982689,0.045600,0,ns,0.381434,0.047600,0,1.902884,0.047600,0,ns,0.269407,0.095400,0,1.247494,0.095400,0
TN525661,Mellita,Médenine,South East,2,0,1,90.3080,7.2373,2.4547,ns,0.808950,0.144300,0,-1.176787,0.144300,0,ns,0.792567,0.153800,0,1.132574,0.153800,0,ns,0.220251,0.277000,0,0.736275,0.277000,0
TN525751,Midoun,Médenine,South East,4,0,1,90.3080,7.2373,2.4547,ns,0.321037,0.106600,0,-1.436356,0.106600,0,ns,0.307318,0.072400,0,1.576436,0.072400,0,ns,0.065088,0.686400,0,0.297509,0.686400,0
TN525752,Arkou,Médenine,South East,4,0,1,90.3080,7.2373,2.4547,ns,0.157188,0.292400,0,-0.972797,0.292400,0,ns,0.093534,0.456900,0,0.693991,0.456900,0,ns,0.236551,0.072300,0,1.477337,0.072300,0
TN525753,El Mahboubine,Médenine,South East,6,0,1,90.3080,7.2373,2.4547,ns,0.240493,0.065200,0,-1.751278,0.065200,0,ns,0.343481,0.065800,0,1.688860,0.065800,0,ns,-0.151254,0.166700,0,1.096883,0.166700,0
TN525754,Beni Maaguel,Médenine,South East,4,0,1,90.3080,7.2373,2.4547,ns,0.278391,0.118300,0,-1.386809,0.118300,0,ns,0.168122,0.182400,0,1.172960,0.182400,0,ns,0.394349,0.067400,0,1.440680,0.067400,0
TN525755,Sedouikech,Médenine,South East,5,1,1,90.3080,7.2373,2.4547,ns,0.621854,0.057400,0,-1.796894,0.057400,0,ns,0.146729,0.131300,0,1.345865,0.131300,0,ns,2.235738,0.016600,0,2.340894,0.016600,0
TN525756,El May,Médenine,South East,7,0,1,90.3080,7.2373,2.4547,ns,1.144209,0.032300,0,-2.179150,0.032300,0,ns,0.957205,0.055700,0,1.817949,0.055700,0,ns,0.582058,0.017500,0,2.260543,0.017500,0
TN525757,Robbana,Médenine,South East,2,0,1,90.3080,7.2373,2.4547,ns,1.709845,0.070000,0,-1.571235,0.070000,0,ns,0.795726,0.127300,0,1.186571,0.127300,0,ns,3.836287,0.027300,0,2.112384,0.027300,0
TN525851,Ajim,Médenine,South East,1,1,1,90.3080,7.2373,2.4547,ns,-0.205345,0.631800,0,0.481044,0.631800,0,ns,-0.104781,0.732900,0,-0.351617,0.732900,0,ns,-0.416567,0.304000,0,-0.603980,0.304000,0
TN525951,Sidi Makhlouf,Médenine,South East,5,0,1,90.3080,7.2373,2.4547,ns,-0.026417,0.666900,0,0.411121,0.666900,0,ns,-0.060458,0.700000,0,-0.373649,0.700000,0,ns,0.091062,0.683200,0,-0.321958,0.683200,0
TN525952,El Grine,Médenine,South East,6,0,1,90.3080,7.2373,2.4547,ns,-0.023901,0.951000,0,-0.062289,0.951000,0,ns,-0.070246,0.821200,0,0.224127,0.821200,0,ns,0.121591,0.538200,0,-0.517299,0.538200,0
TN525953,El Maghzaouia,Médenine,South East,4,0,1,90.3080,7.2373,2.4547,ns,-0.165775,0.490100,0,-0.637450,0.490200,0,ns,-0.180028,0.366100,0,0.827810,0.366100,0,ns,0.085642,0.704700,0,-0.309346,0.704700,0
TN525954,El Jourf,Médenine,South East,3,1,1,90.3080,7.2373,2.4547,ns,-0.184376,0.469700,0,-0.667893,0.469700,0,ns,-0.117403,0.519300,0,0.584103,0.519300,0,ns,-0.228044,0.416500,0,0.608034,0.416500,0
TN525955,Bedoui,Médenine,South East,7,0,1,90.3080,7.2373,2.4547,ns,0.138375,0.757600,0,-0.304676,0.757600,0,ns,0.190759,0.734900,0,0.336188,0.734900,0,ns,-0.004329,0.952500,0,0.054096,0.952600,0
TN525956,Amra,Médenine,South East,6,0,1,90.3080,7.2373,2.4547,ns,0.638889,0.100200,0,-1.534222,0.100200,0,ns,0.535164,0.159700,0,1.295657,0.159700,0,ns,0.343974,0.062700,0,1.593807,0.062700,0
TN525957,Er Ragouba Est,Médenine,South East,6,0,1,90.3080,7.2373,2.4547,ns,0.032291,0.683300,0,0.385560,0.683300,0,ns,0.129533,0.448200,0,-0.716568,0.448200,0,ns,0.237753,0.273600,0,0.833651,0.273600,0
TN525958,Er Ragouba Ouest,Médenine,South East,5,0,1,90.3080,7.2373,2.4547,ns,0.011477,0.811600,0,-0.222780,0.811600,0,ns,0.010575,0.715700,0,-0.349764,0.715700,0,ns,0.581049,0.030000,0,1.826185,0.030000,0
TN525959,El Ghabai,Médenine,South East,5,0,1,90.3080,7.2373,2.4547,ns,-0.494965,0.206000,0,-1.181501,0.206000,0,ns,-0.431700,0.261300,0,1.043386,0.261300,0,ns,-0.235037,0.176200,0,1.080026,0.176200,0
TN525960,El Gosba,Médenine,South East,6,0,1,90.3080,7.2373,2.4547,ns,0.043740,0.736500,0,0.329870,0.736500,0,ns,0.113063,0.601400,0,-0.500508,0.601400,0,ns,0.088335,0.639400,0,0.391799,0.639400,0
TN525961,Darjaoua,Médenine,South East,4,0,1,90.3080,7.2373,2.4547,ns,0.072976,0.520500,0,0.600614,0.520500,0,ns,0.101259,0.455400,0,-0.688167,0.455400,0,ns,-0.000030,0.983300,0,-0.016906,0.983300,0
TN535151,En-Nozha,Tataouine,South East,6,0,1,90.3080,7.2373,2.4547,ns,2.149236,0.008900,0,-3.234018,0.008900,0,ns,2.112619,0.008200,0,3.418254,0.008200,0,ns,0.523857,0.155000,0,1.050702,0.155000,0
TN535152,Ettadhamen,Tataouine,South East,6,0,1,90.3080,7.2373,2.4547,ns,0.952384,0.052200,0,-1.840290,0.052200,0,ns,0.961661,0.039200,0,1.988093,0.039200,0,ns,0.172961,0.543900,0,0.485894,0.543900,0
TN535153,En-Nasr,Tataouine,South East,5,0,1,90.3080,7.2373,2.4547,ns,0.657507,0.026800,0,-2.371953,0.026800,0,ns,0.532627,0.032500,0,2.218717,0.032500,0,ns,0.439733,0.039700,0,1.691887,0.039700,0
TN535154,Oued El Gemah,Tataouine,South East,3,0,1,90.3080,7.2373,2.4547,ns,0.263065,0.301500,0,-0.936695,0.301500,0,ns,0.187244,0.321100,0,0.883461,0.321100,0,ns,0.227415,0.413600,0,0.676791,0.413700,0
TN535155,Berourmet,Tataouine,South East,6,0,1,90.3080,7.2373,2.4547,ns,1.583952,0.004000,0,-3.547744,0.004000,0,ns,1.812789,0.004200,0,3.778718,0.004200,0,ns,0.125642,0.192000,0,1.053465,0.192000,0
TN535156,Telelt,Tataouine,South East,8,0,1,90.3080,7.2373,2.4547,ns,-0.606247,0.002400,0,-3.858578,0.002400,0,ns,-0.419792,0.003600,0,3.744718,0.003600,0,ns,-0.506645,0.015600,0,2.318272,0.015600,0
TN535157,Oued El Ghar,Tataouine,South East,8,0,1,90.3080,7.2373,2.4547,ns,1.379260,0.059200,0,-1.811352,0.059200,0,ns,0.879136,0.192700,0,1.222795,0.192700,0,ns,1.461029,0.010400,0,2.833309,0.010400,0
TN535158,El Maouna,Tataouine,South East,6,0,1,90.3080,7.2373,2.4547,ns,0.730569,0.026500,0,-2.333965,0.026500,0,ns,-0.059751,0.030800,0,2.191898,0.030800,0,ns,2.012510,0.048900,0,1.652735,0.048900,0
TN535159,Ezzahra,Tataouine,South East,6,0,1,90.3080,7.2373,2.4547,ns,0.012515,0.806000,0,0.248035,0.806000,0,ns,0.052849,0.617000,0,-0.478961,0.617000,0,ns,0.103644,0.440800,0,0.605883,0.440800,0
TN535160,Gattoufa,Tataouine,South East,8,0,1,90.3080,7.2373,2.4547,ns,-0.270945,0.020900,0,-2.457162,0.020900,0,ns,-0.152805,0.045400,0,1.956141,0.045400,0,ns,-0.455871,0.009700,0,2.825252,0.009700,0
TN535161,Khetma,Tataouine,South East,8,0,1,90.3080,7.2373,2.4547,ns,-0.059895,0.376100,0,-0.865752,0.376100,0,ns,-0.090873,0.374700,0,0.854590,0.374700,0,ns,0.042755,0.541900,0,0.486128,0.541900,0
TN535162,Essaada,Tataouine,South East,8,0,1,90.3080,7.2373,2.4547,ns,-0.313589,0.104800,0,-1.530064,0.104800,0,ns,-0.251244,0.209900,0,1.172658,0.209900,0,ns,-0.140640,0.031600,0,1.943039,0.031600,0
TN535163,El Galaa Est,Tataouine,South East,6,0,1,90.3080,7.2373,2.4547,ns,0.019661,0.815100,0,-0.226697,0.815100,0,ns,0.000072,0.970000,0,0.036395,0.970000,0,ns,0.238550,0.358500,0,0.734090,0.358500,0
TN535164,El Galaa Ouest,Tataouine,South East,5,0,1,90.3080,7.2373,2.4547,ns,0.507389,0.039100,0,-2.071120,0.039100,0,ns,0.495016,0.057200,0,1.751355,0.057200,0,ns,0.018908,0.025700,0,2.146114,0.025700,0
TN535165,Beni Belal,Tataouine,South East,5,0,1,90.3080,7.2373,2.4547,ns,0.092497,0.764200,0,-0.293915,0.764200,0,ns,-0.022618,0.920100,0,-0.098968,0.920100,0,ns,0.507901,0.073900,0,1.411901,0.073900,0
TN535251,Tataouine Ville,Tataouine,South East,5,0,1,90.3080,7.2373,2.4547,ns,2.349421,0.008200,0,-3.303030,0.008200,0,ns,2.866149,0.005000,0,3.795813,0.005000,0,ns,0.024336,0.889500,0,0.109492,0.889500,0
TN535252,Tataouine Superieure,Tataouine,South East,6,0,1,90.3080,7.2373,2.4547,ns,1.251431,0.011200,0,-2.966633,0.011200,0,ns,1.895297,0.012200,0,3.007360,0.012200,0,ns,-0.593181,0.089500,0,1.423944,0.089500,0
TN535253,El Maztouria Sud,Tataouine,South East,5,0,1,90.3080,7.2373,2.4547,ns,0.369620,0.222300,0,-1.135015,0.222300,0,ns,0.379829,0.289600,0,0.975773,0.289600,0,ns,-0.039535,0.155100,0,1.098122,0.155200,0
TN535254,El Maztouria Nord,Tataouine,South East,4,0,1,90.3080,7.2373,2.4547,ns,0.561664,0.146800,0,-1.294464,0.146800,0,ns,0.631897,0.177400,0,1.188420,0.177400,0,ns,-0.085160,0.182800,0,1.009187,0.182800,0
TN535255,Gharghar,Tataouine,South East,3,0,1,90.3080,7.2373,2.4547,ns,0.653550,0.054600,0,-1.779610,0.054600,0,ns,0.701165,0.032500,0,2.262130,0.032500,0,ns,-0.229582,0.406500,0,-0.614664,0.406500,0
TN535256,Cite El Barr,Tataouine,South East,9,0,1,90.3080,7.2373,2.4547,ns,1.362296,0.002100,0,-3.837455,0.002100,0,HH,1.824833,0.001200,1,4.176135,0.001200,1,ns,-0.082259,0.249400,0,0.917339,0.249400,0
TN535257,Ksar El Moukabala,Tataouine,South East,5,0,1,90.3080,7.2373,2.4547,ns,2.122289,0.043800,0,-1.978241,0.043800,0,ns,2.562800,0.036000,0,2.095337,0.036000,0,ns,0.037344,0.429800,0,0.632739,0.429800,0
TN535258,Nouvelle Chnini,Tataouine,South East,6,0,1,90.3080,7.2373,2.4547,ns,0.459235,0.037100,0,-2.117967,0.037100,0,ns,0.119388,0.057800,0,1.781372,0.057800,0,ns,1.270499,0.023700,0,2.237984,0.023700,0
TN535259,Chenini,Tataouine,South East,6,0,1,90.3080,7.2373,2.4547,ns,0.382838,0.109800,0,-1.473714,0.109800,0,ns,0.373395,0.354900,0,0.848350,0.354900,0,ns,-1.260816,0.009900,0,2.718194,0.009900,0
TN535260,Eddouiret,Tataouine,South East,5,0,1,90.3080,7.2373,2.4547,ns,0.222651,0.028100,0,-2.360316,0.028100,0,ns,0.072239,0.146000,0,1.305109,0.146000,0,ns,0.794007,0.003000,0,4.496578,0.003000,0
TN535261,El Mesreb,Tataouine,South East,14,0,1,90.3080,7.2373,2.4547,LL,1.167360,0.001200,1,-4.106328,0.001200,1,HH,0.858077,0.001200,1,4.212402,0.001200,1,ns,0.714148,0.037600,0,1.748226,0.037600,0
TN535262,Erroghba,Tataouine,South East,3,0,1,90.3080,7.2373,2.4547,ns,3.295655,0.052000,0,-1.793703,0.052000,0,ns,3.463319,0.049200,0,1.811336,0.049200,0,ns,0.579934,0.235800,0,0.851600,0.235800,0
TN535263,Ras El Ouedi,Tataouine,South East,5,0,1,90.3080,7.2373,2.4547,ns,1.516011,0.030100,0,-2.225240,0.030100,0,ns,0.317556,0.135600,0,1.327787,0.135600,0,ns,7.113417,0.003800,0,3.929277,0.003800,0
TN535264,Bir Thalathine,Tataouine,South East,5,0,1,90.3080,7.2373,2.4547,ns,1.779432,0.091900,0,-1.535997,0.091900,0,ns,0.570647,0.604500,0,0.500606,0.604500,0,ns,2.708328,0.003800,0,4.124374,0.003800,0
TN535265,Beni Barka-Tounket,Tataouine,South East,9,0,1,90.3080,7.2373,2.4547,ns,0.940226,0.009400,0,-2.933614,0.009400,0,ns,1.071861,0.007600,0,3.155106,0.007600,0,ns,0.078134,0.320200,0,0.780706,0.320200,0
TN535351,Kerchaou,Tataouine,South East,2,0,1,90.3080,7.2373,2.4547,ns,1.290424,0.107700,0,-1.304762,0.107700,0,ns,0.813453,0.443400,0,0.705276,0.443400,0,ns,-0.245008,0.013700,0,2.563544,0.013700,0
TN535352,Smar,Tataouine,South East,5,0,1,90.3080,7.2373,2.4547,ns,0.765339,0.069200,0,-1.698948,0.069200,0,ns,0.627966,0.116000,0,1.399006,0.116000,0,ns,0.421057,0.033600,0,1.790239,0.033600,0
TN535353,El Ghariani,Tataouine,South East,4,0,1,90.3080,7.2373,2.4547,ns,0.405437,0.568800,0,-0.549775,0.568800,0,ns,-0.129905,0.867700,0,-0.171397,0.867700,0,ns,0.774456,0.013600,0,2.629252,0.013600,0
TN535354,Errahech,Tataouine,South East,5,0,1,90.3080,7.2373,2.4547,ns,0.290104,0.094700,0,-1.518757,0.094700,0,ns,-0.240026,0.140100,0,1.324234,0.140100,0,ns,1.807998,0.071200,0,1.411960,0.071200,0
TN535355,El Morra,Tataouine,South East,3,0,1,90.3080,7.2373,2.4547,ns,0.269217,0.049600,0,-1.890754,0.049600,0,ns,-0.256580,0.095900,0,1.411683,0.095900,0,ns,2.778347,0.016700,0,2.479669,0.016700,0
TN535356,Ksar Aoun,Tataouine,South East,3,0,1,90.3080,7.2373,2.4547,ns,0.699045,0.293900,0,-0.970989,0.293900,0,ns,0.140163,0.827100,0,0.208814,0.827100,0,ns,1.193741,0.010900,0,3.064902,0.010900,0
TN535357,Ksar Mehira,Tataouine,South East,4,0,1,90.3080,7.2373,2.4547,ns,0.006376,0.798100,0,-0.245505,0.798100,0,ns,0.010392,0.843400,0,0.193109,0.843400,0,ns,-0.023483,0.711200,0,0.301355,0.711200,0
TN535358,Beni Mehira Est,Tataouine,South East,4,0,1,90.3080,7.2373,2.4547,ns,0.275830,0.528500,0,-0.593822,0.528500,0,ns,0.098447,0.839800,0,0.188951,0.839800,0,ns,0.012671,0.048100,0,1.560192,0.048100,0
TN535451,Bir Lahmar Est,Tataouine,South East,6,0,1,90.3080,7.2373,2.4547,ns,1.686859,0.025000,0,-2.440411,0.025000,0,ns,1.832272,0.018700,0,2.739958,0.018700,0,ns,0.110869,0.750100,0,0.265076,0.750100,0
TN535452,Bir Lahmar Ouest,Tataouine,South East,5,0,1,90.3080,7.2373,2.4547,ns,0.492979,0.016300,0,-2.732704,0.016300,0,ns,0.629678,0.037800,0,2.065756,0.037800,0,ns,-1.068523,0.004800,0,3.519549,0.004800,0
TN535453,Sened,Tataouine,South East,6,0,1,90.3080,7.2373,2.4547,LL,1.705779,0.000700,1,-4.753918,0.000700,1,ns,1.354770,0.005700,0,3.757685,0.005700,0,ns,0.963571,0.004100,0,5.461279,0.004100,0
TN535454,El Argoub,Tataouine,South East,8,0,1,90.3080,7.2373,2.4547,LL,2.062083,0.000600,1,-5.232198,0.000600,1,ns,0.281091,0.001600,0,4.336082,0.001600,0,ns,6.969038,0.003700,0,5.532552,0.003700,0
TN535455,Grager,Tataouine,South East,4,0,1,90.3080,7.2373,2.4547,ns,3.779661,0.012300,0,-2.986265,0.012300,0,ns,2.446799,0.023500,0,2.518490,0.023500,0,ns,4.792625,0.010700,0,2.903244,0.010700,0
TN535456,El Medina,Tataouine,South East,4,0,1,90.3080,7.2373,2.4547,ns,4.640979,0.015200,0,-2.885916,0.015200,0,ns,4.299443,0.028200,0,2.385357,0.028200,0,ns,0.400355,0.010200,0,2.905181,0.010200,0
TN535457,El Bassatine,Tataouine,South East,3,0,1,90.3080,7.2373,2.4547,ns,-0.528013,0.044900,0,-1.987031,0.044900,0,ns,-0.601587,0.033800,0,2.220068,0.033800,0,ns,-0.033539,0.708700,0,0.290664,0.708700,0
TN535551,Ghomrassen,Tataouine,South East,5,0,1,90.3080,7.2373,2.4547,ns,1.052299,0.022800,0,-2.551163,0.022800,0,ns,0.482865,0.067200,0,1.665929,0.067200,0,ns,2.491755,0.004700,0,3.944176,0.004700,0
TN535552,El Ouaha,Tataouine,South East,4,0,1,90.3080,7.2373,2.4547,ns,1.606149,0.026100,0,-2.408046,0.026100,0,ns,1.229541,0.044000,0,1.961179,0.044000,0,ns,1.238600,0.013700,0,2.717802,0.013700,0
TN535553,Ezzouhour,Tataouine,South East,4,0,1,90.3080,7.2373,2.4547,ns,2.375456,0.002600,0,-4.331733,0.002600,0,ns,2.814635,0.005900,0,3.785683,0.005900,0,ns,-1.335538,0.003600,0,4.043753,0.003600,0
TN535554,El Ghordhab,Tataouine,South East,7,0,1,90.3080,7.2373,2.4547,LL,1.196149,0.001300,1,-4.383302,0.001300,1,ns,0.366864,0.006600,0,3.329600,0.006600,0,ns,3.716448,0.004300,0,5.417276,0.004300,0
TN535555,El Ferch,Tataouine,South East,5,0,1,90.3080,7.2373,2.4547,ns,0.282480,0.205000,0,-1.176027,0.205000,0,ns,0.328406,0.182000,0,1.219196,0.182000,0,ns,0.013254,0.569500,0,0.470318,0.569500,0
TN535556,Guermassa,Tataouine,South East,4,0,1,90.3080,7.2373,2.4547,ns,-0.180040,0.083400,0,-1.559225,0.083400,0,ns,-0.262032,0.079500,0,1.557223,0.079500,0,ns,0.088384,0.292600,0,0.845321,0.292600,0
TN535557,Ksar El Haddada,Tataouine,South East,4,0,1,90.3080,7.2373,2.4547,ns,7.180830,0.008800,0,-3.284278,0.008800,0,ns,4.787351,0.034100,0,2.166881,0.034100,0,ns,5.472302,0.001700,0,5.314269,0.001700,0
TN535558,Nouvelle Medina,Tataouine,South East,8,0,1,90.3080,7.2373,2.4547,ns,1.728091,0.010300,0,-3.002080,0.010300,0,ns,1.596961,0.012700,0,2.895654,0.012700,0,ns,0.686905,0.030600,0,1.874147,0.030600,0
TN535559,Ksar El Mourabitine,Tataouine,South East,5,0,1,90.3080,7.2373,2.4547,ns,0.933826,0.030400,0,-2.260891,0.030400,0,ns,0.374716,0.044500,0,1.915321,0.044500,0,ns,2.035786,0.020200,0,2.288308,0.020200,0
TN535560,Oued El Khil,Tataouine,South East,5,1,1,90.3080,7.2373,2.4547,ns,3.651786,0.010800,0,-3.104759,0.010800,0,ns,1.314749,0.016800,0,2.825908,0.016800,0,ns,7.230784,0.015000,0,2.417362,0.015000,0
TN535651,Dhehbia Est,Tataouine,South East,5,0,1,90.3080,7.2373,2.4547,ns,0.120729,0.344000,0,-0.892805,0.344000,0,ns,0.088876,0.349800,0,0.871022,0.349800,0,ns,0.093101,0.497500,0,0.522759,0.497500,0
TN535652,Dhehbia Ouest,Tataouine,South East,5,0,1,90.3080,7.2373,2.4547,ns,0.060571,0.065800,0,-1.709766,0.065800,0,ns,-0.030246,0.055800,0,1.767673,0.055800,0,ns,0.125205,0.385400,0,0.679693,0.385400,0
TN535751,Remada Est,Tataouine,South East,8,0,1,90.3080,7.2373,2.4547,ns,-0.049186,0.052800,0,-1.870395,0.052800,0,ns,-0.170579,0.100600,0,1.552932,0.100600,0,ns,0.503179,0.029200,0,1.990698,0.029200,0
TN535752,Remada Ouest,Tataouine,South East,6,0,1,90.3080,7.2373,2.4547,ns,0.200076,0.207000,0,-1.176686,0.207000,0,ns,0.153634,0.412500,0,0.788527,0.412500,0,ns,0.005455,0.036600,0,1.826698,0.036600,0
TN535753,Nekrif,Tataouine,South East,5,0,1,90.3080,7.2373,2.4547,ns,0.172998,0.863000,0,-0.168579,0.863000,0,ns,-0.106796,0.936800,0,-0.078548,0.936800,0,ns,0.041519,0.263300,0,0.850909,0.263300,0
TN535754,Kenbout,Tataouine,South East,2,0,1,90.3080,7.2373,2.4547,ns,-0.177708,0.806900,0,-0.247842,0.806900,0,ns,-0.089982,0.908600,0,0.124519,0.908600,0,ns,-0.164577,0.485600,0,0.501657,0.485600,0
TN535755,Bir Amir,Tataouine,South East,8,0,1,90.3080,7.2373,2.4547,ns,0.326677,0.025400,0,-2.379796,0.025400,0,ns,-0.289021,0.077500,0,1.651166,0.077500,0,ns,3.793885,0.005100,0,3.525228,0.005100,0
TN535756,Borj El Khadhra,Tataouine,South East,2,0,1,90.3080,7.2373,2.4547,ns,0.265246,0.738000,0,-0.338009,0.738000,0,ns,0.235012,0.767000,0,0.300004,0.767000,0,ns,0.120259,0.712500,0,0.310527,0.712500,0
TN535757,Meghani,Tataouine,South East,6,0,1,90.3080,7.2373,2.4547,ns,-0.170111,0.224900,0,-1.137431,0.224900,0,ns,-0.216190,0.308800,0,0.955817,0.308800,0,ns,0.205392,0.127600,0,1.124053,0.127600,0
TN615151,Guetis,Gafsa,South West,9,0,0,95.2446,3.5100,1.2454,ns,0.195716,0.077300,0,1.702704,0.077300,0,ns,0.176592,0.093700,0,-1.585280,0.093700,0,ns,0.085701,0.117300,0,-1.231064,0.117300,0
TN615152,Er-Rahiba,Gafsa,South West,7,0,0,95.2446,3.5100,1.2454,ns,0.057216,0.427500,0,0.755979,0.427500,0,ns,0.044056,0.295900,0,-0.980627,0.295900,0,ns,-0.048615,0.665100,0,0.353241,0.665100,0
TN615153,Er-Rahiba Sud,Gafsa,South West,5,0,0,95.2446,3.5100,1.2454,ns,0.345684,0.391100,0,0.816178,0.391100,0,ns,0.352663,0.311800,0,-0.934171,0.311800,0,ns,0.016417,0.969000,0,-0.032896,0.969000,0
TN615154,Ksour El Akhoua,Gafsa,South West,7,0,0,95.2446,3.5100,1.2454,ns,0.279872,0.337000,0,0.914961,0.337000,0,ns,0.303685,0.355100,0,-0.868455,0.355100,0,ns,0.009839,0.441500,0,-0.600285,0.441500,0
TN615155,El Mouthides,Gafsa,South West,5,0,0,95.2446,3.5100,1.2454,ns,0.474372,0.213400,0,1.148591,0.213400,0,ns,0.406509,0.162500,0,-1.246113,0.162500,0,ns,0.131107,0.723000,0,-0.269026,0.723000,0
TN615156,Fej,Gafsa,South West,8,0,0,95.2446,3.5100,1.2454,ns,0.012828,0.539800,0,0.597721,0.539800,0,ns,0.054412,0.406000,0,-0.794684,0.406000,0,ns,0.049718,0.662600,0,0.365754,0.662600,0
TN615157,Menzel Mimoun,Gafsa,South West,3,0,0,95.2446,3.5100,1.2454,ns,-0.064687,0.761400,0,0.304418,0.761400,0,ns,-0.081373,0.547300,0,-0.585110,0.547300,0,ns,0.290584,0.315800,0,0.763120,0.315800,0
TN615251,Sidi Aich,Gafsa,South West,6,0,0,95.2446,3.5100,1.2454,ns,-0.107621,0.155700,0,1.318171,0.155700,0,ns,-0.063946,0.136500,0,-1.361936,0.136500,0,ns,-0.081372,0.500500,0,-0.527250,0.500500,0
TN615252,Sidi Aich Est,Gafsa,South West,6,0,0,95.2446,3.5100,1.2454,ns,0.256810,0.331700,0,0.920718,0.331700,0,ns,0.257729,0.294700,0,-0.977870,0.294700,0,ns,0.052383,0.736400,0,-0.279602,0.736400,0
TN615253,El Amaima,Gafsa,South West,7,0,0,95.2446,3.5100,1.2454,ns,0.293616,0.233400,0,1.129543,0.233400,0,ns,0.328595,0.209100,0,-1.173385,0.209100,0,ns,0.028800,0.590300,0,-0.415476,0.590300,0
TN615254,Menzel Gamoudi,Gafsa,South West,6,0,0,95.2446,3.5100,1.2454,ns,0.087062,0.243100,0,1.111864,0.243100,0,ns,0.003540,0.255700,0,-1.071088,0.255700,0,ns,0.193992,0.371700,0,-0.697485,0.371700,0
TN615255,El Karia,Gafsa,South West,8,0,0,95.2446,3.5100,1.2454,ns,0.235420,0.292200,0,1.005589,0.292200,0,ns,0.232563,0.230800,0,-1.118393,0.230800,0,ns,0.027278,0.875400,0,-0.133171,0.875400,0
TN615256,Es-Souinia,Gafsa,South West,3,0,0,95.2446,3.5100,1.2454,ns,0.386742,0.335300,0,0.885564,0.335300,0,ns,0.302158,0.446700,0,-0.713977,0.446700,0,ns,0.262937,0.162900,0,-0.988414,0.162900,0
TN615351,El Ksar,Gafsa,South West,10,0,1,90.3080,7.2373,2.4547,ns,0.188884,0.349000,0,-0.910670,0.349000,0,ns,0.077423,0.536100,0,0.603831,0.536100,0,ns,0.521248,0.081500,0,1.426234,0.081500,0
TN615352,El Ksar Est,Gafsa,South West,4,0,1,90.3080,7.2373,2.4547,ns,0.026297,0.414400,0,-0.751519,0.414400,0,ns,0.000340,0.632700,0,0.452342,0.632700,0,ns,0.173266,0.073600,0,1.351748,0.073600,0
TN615353,Lala,Gafsa,South West,6,0,1,90.3080,7.2373,2.4547,ns,-0.013661,0.882100,0,-0.138415,0.882100,0,ns,0.021067,0.859300,0,-0.170652,0.859300,0,ns,0.072873,0.157700,0,1.108441,0.157700,0
TN615354,Cite Hached,Gafsa,South West,4,0,1,90.3080,7.2373,2.4547,ns,0.027335,0.726800,0,-0.340786,0.726800,0,ns,-0.000296,0.966400,0,0.041402,0.966400,0,ns,0.352920,0.119000,0,1.131841,0.119000,0
TN615355,Amra,Gafsa,South West,9,0,0,95.2446,3.5100,1.2454,ns,0.184737,0.396300,0,0.805988,0.396300,0,ns,0.293855,0.191600,0,-1.209495,0.191600,0,ns,-0.063767,0.264100,0,0.900384,0.264100,0
TN615356,El Matar,Gafsa,South West,8,0,1,90.3080,7.2373,2.4547,ns,-0.031526,0.644300,0,0.451383,0.644300,0,ns,-0.000105,0.483400,0,-0.673775,0.483400,0,ns,0.120078,0.542400,0,0.479091,0.542400,0
TN615451,Gafsa Ville,Gafsa,South West,7,0,1,90.3080,7.2373,2.4547,ns,0.162638,0.226500,0,-1.131791,0.226500,0,ns,0.082546,0.407900,0,0.785342,0.407900,0,ns,0.332166,0.042700,0,1.677558,0.042700,0
TN615452,Gafsa Est,Gafsa,South West,7,0,1,90.3080,7.2373,2.4547,ns,0.059266,0.727500,0,-0.335175,0.727500,0,ns,-0.000330,0.997100,0,-0.004083,0.997100,0,ns,0.090542,0.113800,0,1.200654,0.113800,0
TN615453,Cite Essourour,Gafsa,South West,8,0,1,90.3080,7.2373,2.4547,ns,-0.000398,0.965500,0,0.041765,0.965500,0,ns,0.000147,0.741500,0,-0.316963,0.741500,0,ns,0.040792,0.272000,0,0.892020,0.272000,0
TN615454,El Assala,Gafsa,South West,5,0,1,90.3080,7.2373,2.4547,ns,0.090595,0.555100,0,-0.563087,0.555100,0,ns,0.031919,0.739600,0,0.314869,0.739600,0,ns,0.295000,0.150300,0,1.062413,0.150300,0
TN615455,Sidi Ahmed Zarrouk,Gafsa,South West,5,0,1,90.3080,7.2373,2.4547,ns,0.048680,0.823500,0,-0.221238,0.823500,0,ns,-0.009612,0.932800,0,-0.086292,0.932800,0,ns,0.441349,0.150400,0,1.107472,0.150400,0
TN615456,Oued Ailou,Gafsa,South West,5,0,1,90.3080,7.2373,2.4547,ns,0.103589,0.717800,0,-0.347958,0.717800,0,ns,0.023028,0.912800,0,0.108523,0.912800,0,ns,0.418834,0.209600,0,0.956047,0.209600,0
TN615457,El Moula,Gafsa,South West,3,0,1,90.3080,7.2373,2.4547,ns,-0.095295,0.512300,0,-0.626013,0.512300,0,ns,-0.113803,0.675200,0,0.406134,0.675200,0,ns,0.348036,0.167800,0,1.028624,0.167800,0
TN615458,Cite Ennour,Gafsa,South West,4,0,1,90.3080,7.2373,2.4547,ns,0.086019,0.534300,0,-0.593670,0.534300,0,ns,0.046692,0.705600,0,0.364844,0.705600,0,ns,0.133615,0.166700,0,1.056990,0.166700,0
TN615459,Cite Ech-Chabab,Gafsa,South West,6,0,1,90.3080,7.2373,2.4547,ns,0.009825,0.825800,0,-0.213367,0.825800,0,ns,-0.000017,0.976900,0,-0.027166,0.976900,0,ns,0.147972,0.262400,0,0.850947,0.262400,0
TN615460,El Aguila,Gafsa,South West,8,0,1,90.3080,7.2373,2.4547,ns,0.037220,0.661600,0,-0.421595,0.661600,0,ns,-0.000379,0.855300,0,0.169634,0.855300,0,ns,0.341004,0.198200,0,1.005187,0.198200,0
TN615461,Kef Derbi,Gafsa,South West,5,0,0,95.2446,3.5100,1.2454,ns,0.511256,0.172200,0,1.242921,0.172200,0,ns,0.587503,0.109300,0,-1.412155,0.109300,0,ns,0.014535,0.923200,0,-0.076552,0.923200,0
TN615462,En-Nadhour,Gafsa,South West,11,0,0,95.2446,3.5100,1.2454,ns,0.286221,0.267200,0,1.057198,0.267200,0,ns,0.341601,0.166100,0,-1.304907,0.166100,0,ns,-0.043665,0.763200,0,0.242904,0.763200,0
TN615551,Oum El Aksab,Gafsa,South West,3,0,0,95.2446,3.5100,1.2454,ns,0.367206,0.357600,0,0.845638,0.357600,0,ns,0.503927,0.269300,0,-0.974999,0.269300,0,ns,-0.000332,0.999700,0,0.000135,0.999700,0
TN615552,Sidi Boubaker,Gafsa,South West,7,0,0,95.2446,3.5100,1.2454,ns,0.272171,0.100600,0,1.529066,0.100600,0,ns,0.383646,0.064700,0,-1.747742,0.064700,0,ns,-0.004022,0.915100,0,-0.084717,0.915100,0
TN615553,Oum El Araies Centre,Gafsa,South West,6,0,1,90.3080,7.2373,2.4547,ns,-0.006864,0.327100,0,0.936004,0.327100,0,ns,0.118440,0.233100,0,-1.111890,0.233100,0,ns,0.033903,0.912000,0,0.089676,0.912000,0
TN615554,Oum El Araies Gare,Gafsa,South West,6,0,1,90.3080,7.2373,2.4547,ns,-0.071361,0.313600,0,0.965618,0.313600,0,ns,-0.053792,0.170000,0,-1.261921,0.170000,0,ns,0.063055,0.583100,0,0.436975,0.583100,0
TN615555,Ech-Channoufia,Gafsa,South West,8,0,0,95.2446,3.5100,1.2454,ns,0.199717,0.409100,0,0.791694,0.409100,0,ns,0.310108,0.216000,0,-1.159134,0.216000,0,ns,-0.058967,0.325200,0,0.806018,0.325200,0
TN615556,Es-Souitir,Gafsa,South West,4,0,1,90.3080,7.2373,2.4547,ns,0.052691,0.303200,0,0.953785,0.303200,0,ns,0.125514,0.153200,0,-1.245310,0.153200,0,ns,0.052954,0.572700,0,0.444155,0.572700,0
TN615557,Daouara,Gafsa,South West,8,0,1,90.3080,7.2373,2.4547,ns,0.103965,0.223600,0,1.159412,0.223600,0,ns,0.263979,0.139700,0,-1.388086,0.139700,0,ns,0.040199,0.866900,0,0.134393,0.866900,0
TN615651,Redeyef Centre,Gafsa,South West,3,0,1,90.3080,7.2373,2.4547,ns,-0.111346,0.769500,0,0.285798,0.769500,0,ns,-0.121970,0.754000,0,-0.304143,0.754000,0,ns,-0.012266,0.916200,0,-0.083259,0.916200,0
TN615652,Redeyef Nord,Gafsa,South West,5,0,1,90.3080,7.2373,2.4547,ns,0.020238,0.800900,0,0.246249,0.800900,0,ns,0.016166,0.735600,0,-0.325976,0.735600,0,ns,-0.020904,0.877900,0,0.127983,0.877900,0
TN615653,Redeyef Sud,Gafsa,South West,6,0,1,90.3080,7.2373,2.4547,ns,-0.010602,0.585100,0,0.530697,0.585100,0,ns,-0.008342,0.693700,0,-0.382301,0.693700,0,ns,-0.002236,0.324200,0,-0.764527,0.324200,0
TN615654,Redeyef Gare,Gafsa,South West,7,0,1,90.3080,7.2373,2.4547,ns,0.063754,0.583800,0,0.529527,0.583800,0,ns,0.090921,0.566100,0,-0.552903,0.566100,0,ns,-0.017143,0.807600,0,-0.200763,0.807600,0
TN615655,Tabdit,Gafsa,South West,5,0,1,90.3080,7.2373,2.4547,ns,0.149815,0.656600,0,0.433983,0.656600,0,ns,0.209423,0.491800,0,-0.660872,0.491800,0,ns,-0.129966,0.542000,0,0.451799,0.542000,0
TN615751,Metlaoui Centre,Gafsa,South West,5,0,1,90.3080,7.2373,2.4547,ns,0.057976,0.724400,0,-0.343254,0.724400,0,ns,0.052376,0.787900,0,0.269208,0.787900,0,ns,0.002400,0.597400,0,0.411853,0.597400,0
TN615752,Metlaoui Gare,Gafsa,South West,3,0,1,90.3080,7.2373,2.4547,ns,0.022687,0.902900,0,-0.120746,0.902900,0,ns,0.017375,0.921900,0,0.094954,0.921900,0,ns,0.015116,0.854500,0,0.143281,0.854500,0
TN615753,El Mziraa,Gafsa,South West,5,0,1,90.3080,7.2373,2.4547,ns,-0.001807,0.974100,0,0.027323,0.974100,0,ns,0.001169,0.885500,0,-0.135756,0.885500,0,ns,0.090385,0.672200,0,0.329205,0.672200,0
TN615754,Krichet Naam,Gafsa,South West,6,0,1,90.3080,7.2373,2.4547,ns,0.161824,0.537200,0,0.593188,0.537200,0,ns,0.134471,0.430600,0,-0.748304,0.430600,0,ns,-0.095492,0.787900,0,0.214323,0.787900,0
TN615755,Cite El Amel Ouest,Gafsa,South West,9,0,0,95.2446,3.5100,1.2454,ns,-0.034188,0.833500,0,-0.201866,0.833500,0,ns,0.015823,0.911400,0,-0.109236,0.911400,0,ns,-0.194792,0.161200,0,1.101538,0.161200,0
TN615756,Cite El Amel Est,Gafsa,South West,2,0,0,95.2446,3.5100,1.2454,ns,0.011991,0.908500,0,0.112908,0.908500,0,ns,0.000513,0.987800,0,-0.017511,0.987800,0,ns,0.075188,0.634300,0,-0.363106,0.634300,0
TN615757,Thalja,Gafsa,South West,4,0,1,90.3080,7.2373,2.4547,ns,0.144843,0.368600,0,-0.832585,0.368600,0,ns,0.059475,0.453100,0,0.708866,0.453100,0,ns,0.310540,0.272800,0,0.827251,0.272800,0
TN615758,Oued El Arta,Gafsa,South West,8,0,1,90.3080,7.2373,2.4547,ns,0.038080,0.507300,0,0.638794,0.507300,0,ns,0.114603,0.432600,0,-0.754580,0.432600,0,ns,0.010587,0.969300,0,0.030843,0.969300,0
TN615759,El Magroun,Gafsa,South West,5,0,1,90.3080,7.2373,2.4547,ns,0.029344,0.934700,0,-0.077688,0.934700,0,ns,-0.037557,0.895400,0,-0.130630,0.895400,0,ns,0.263147,0.356900,0,0.694824,0.356900,0
TN615851,Mdhila Centre,Gafsa,South West,5,0,1,90.3080,7.2373,2.4547,ns,0.109502,0.407100,0,-0.784291,0.407100,0,ns,0.088568,0.535800,0,0.586533,0.535800,0,ns,0.032530,0.172800,0,0.994984,0.172800,0
TN615852,Cite Des Travailleurs,Gafsa,South West,4,0,1,90.3080,7.2373,2.4547,ns,0.394659,0.257300,0,-1.024019,0.257300,0,ns,0.321403,0.412900,0,0.758533,0.412900,0,ns,0.115184,0.070900,0,1.407822,0.070900,0
TN615853,Sahib,Gafsa,South West,5,0,1,90.3080,7.2373,2.4547,ns,0.014884,0.961300,0,-0.047466,0.961300,0,ns,-0.000596,0.996200,0,0.004881,0.996200,0,ns,0.039492,0.835200,0,0.161631,0.835200,0
TN615854,El Segui,Gafsa,South West,6,0,1,90.3080,7.2373,2.4547,ns,-0.441014,0.211800,0,-1.155398,0.211800,0,ns,0.189306,0.510700,0,-0.625486,0.510700,0,ns,-2.856124,0.002500,0,6.579740,0.002500,0
TN615951,El Guetar Ouest,Gafsa,South West,4,0,1,90.3080,7.2373,2.4547,ns,-0.157473,0.012500,0,-3.143480,0.012500,0,ns,0.086658,0.250600,0,-1.019504,0.250600,0,HH,1.227710,0.000100,1,15.269336,0.000100,1
TN615952,El Ortos,Gafsa,South West,9,0,1,90.3080,7.2373,2.4547,ns,-0.189270,0.048200,0,-1.941733,0.048200,0,ns,0.114993,0.388300,0,-0.819051,0.388300,0,ns,0.880551,0.000500,0,9.780658,0.000500,0
TN615953,El Guetar Est,Gafsa,South West,8,0,0,95.2446,3.5100,1.2454,ns,-0.634157,0.022400,0,-2.381642,0.022400,0,ns,0.292564,0.327300,0,-0.927497,0.327300,0,HH,0.098913,0.000100,1,12.006669,0.000100,1
TN615954,El Ongue,Gafsa,South West,7,0,0,95.2446,3.5100,1.2454,ns,0.212621,0.382200,0,0.833426,0.382200,0,ns,0.227800,0.122800,0,-1.402351,0.122800,0,ns,-0.587508,0.074300,0,1.436968,0.074300,0
TN615955,Es-Saket,Gafsa,South West,5,0,0,95.2446,3.5100,1.2454,ns,0.125540,0.603700,0,0.499223,0.603700,0,ns,0.245076,0.400600,0,-0.782806,0.400600,0,ns,0.041633,0.379000,0,0.686599,0.379000,0
TN615956,Bir Saad,Gafsa,South West,5,0,0,95.2446,3.5100,1.2454,ns,0.243957,0.479800,0,0.673030,0.479800,0,ns,0.223789,0.363800,0,-0.842455,0.363800,0,ns,-0.101797,0.786500,0,0.226437,0.786500,0
TN616051,El Ayaicha,Gafsa,South West,8,0,0,95.2446,3.5100,1.2454,ns,-0.001292,0.995600,0,-0.005307,0.995600,0,ns,0.110466,0.333200,0,-0.917456,0.333200,0,ns,-0.379938,0.008000,0,2.916610,0.008000,0
TN616052,Belkhir,Gafsa,South West,7,0,0,95.2446,3.5100,1.2454,ns,0.062829,0.433900,0,0.734269,0.433900,0,ns,0.092835,0.200600,0,-1.168733,0.200600,0,ns,-0.065613,0.190300,0,1.013133,0.190300,0
TN616053,Et-Talh Est,Gafsa,South West,7,0,0,95.2446,3.5100,1.2454,ns,0.261514,0.324700,0,0.948829,0.324700,0,ns,0.435555,0.206900,0,-1.173927,0.206900,0,ns,0.039576,0.769900,0,0.240117,0.769900,0
TN616054,Et-Talh Ouest,Gafsa,South West,6,0,0,95.2446,3.5100,1.2454,ns,0.001954,0.274500,0,1.024531,0.274500,0,ns,0.164648,0.160800,0,-1.290626,0.160800,0,ns,0.138145,0.674700,0,0.335633,0.674700,0
TN616055,Jbilet Ouest,Gafsa,South West,6,0,0,95.2446,3.5100,1.2454,ns,-0.046254,0.310500,0,0.949455,0.310500,0,ns,0.048216,0.265900,0,-1.019643,0.265900,0,ns,-0.086684,0.757100,0,-0.247805,0.757100,0
TN616056,Ouled El Hadj,Gafsa,South West,5,0,0,95.2446,3.5100,1.2454,ns,0.051824,0.533800,0,0.588937,0.533800,0,ns,0.037060,0.342400,0,-0.883798,0.342400,0,ns,-0.125491,0.410900,0,0.662491,0.410900,0
TN616151,Sned,Gafsa,South West,5,0,0,95.2446,3.5100,1.2454,ns,0.007159,0.528800,0,0.604326,0.528800,0,ns,0.038894,0.198200,0,-1.176143,0.198200,0,ns,0.097136,0.054000,0,1.534923,0.054000,0
TN616152,Sned-Nord,Gafsa,South West,5,0,0,95.2446,3.5100,1.2454,ns,0.001600,0.980000,0,0.027378,0.980000,0,ns,0.164536,0.367000,0,-0.847745,0.367000,0,ns,-0.819939,0.015000,0,2.546757,0.015000,0
TN616153,Sanouche,Gafsa,South West,4,0,0,95.2446,3.5100,1.2454,ns,-0.151971,0.581000,0,0.537461,0.581000,0,ns,0.081717,0.263900,0,-1.011483,0.263900,0,ns,1.613568,0.091100,0,1.225227,0.091100,0
TN616154,Djedida,Gafsa,South West,6,0,0,95.2446,3.5100,1.2454,ns,-0.008086,0.865000,0,-0.171312,0.865000,0,ns,0.128832,0.526100,0,-0.617144,0.526100,0,ns,1.221532,0.012700,0,2.617799,0.012700,0
TN616155,Abdessadok,Gafsa,South West,8,0,0,95.2446,3.5100,1.2454,ns,-0.052568,0.727300,0,0.353583,0.727300,0,ns,0.104201,0.401800,0,-0.811982,0.401800,0,ns,1.179589,0.098100,0,1.286801,0.098100,0
TN616156,Majoura,Gafsa,South West,6,0,0,95.2446,3.5100,1.2454,ns,0.003497,0.795100,0,0.253989,0.795100,0,ns,0.026789,0.284000,0,-0.997632,0.284000,0,ns,0.078826,0.019500,0,2.178480,0.019500,0
TN616157,Alim,Gafsa,South West,8,0,0,95.2446,3.5100,1.2454,ns,-0.048529,0.702900,0,0.374890,0.702900,0,ns,-0.007516,0.371800,0,-0.848263,0.371800,0,ns,0.594933,0.091000,0,1.346548,0.091000,0
TN625151,Masghouna,Tozeur,South West,6,0,1,90.3080,7.2373,2.4547,ns,-0.047350,0.631900,0,-0.466256,0.631900,0,ns,-0.002582,0.677700,0,0.399899,0.677700,0,ns,-0.164688,0.579300,0,0.445930,0.579300,0
TN625152,Ez-Zebda,Tozeur,South West,4,0,1,90.3080,7.2373,2.4547,ns,0.081728,0.774300,0,-0.286084,0.774300,0,ns,0.093001,0.731000,0,0.338268,0.731000,0,ns,-0.003133,0.978900,0,-0.021368,0.978900,0
TN625153,El Habaila,Tozeur,South West,5,0,1,90.3080,7.2373,2.4547,ns,0.072178,0.801000,0,-0.252335,0.801000,0,ns,0.073362,0.719700,0,0.353683,0.719700,0,ns,-0.077956,0.806200,0,-0.194233,0.806200,0
TN625154,El Haouadef,Tozeur,South West,8,0,1,90.3080,7.2373,2.4547,ns,0.003676,0.979700,0,-0.022971,0.979700,0,ns,-0.070264,0.698900,0,-0.365338,0.698900,0,ns,0.058377,0.111300,0,1.254138,0.111300,0
TN625155,El Keitna,Tozeur,South West,5,0,1,90.3080,7.2373,2.4547,ns,-0.029299,0.828700,0,-0.204731,0.828700,0,ns,-0.051278,0.701200,0,0.367562,0.701200,0,ns,0.024095,0.604400,0,-0.403218,0.604400,0
TN625156,Ras Draa-Helba,Tozeur,South West,5,0,1,90.3080,7.2373,2.4547,ns,0.020048,0.899600,0,0.122883,0.899600,0,ns,0.015580,0.917300,0,-0.096734,0.917300,0,ns,0.014501,0.852300,0,-0.148575,0.852300,0
TN625157,El Ezdihar,Tozeur,South West,6,0,1,90.3080,7.2373,2.4547,ns,0.000127,0.394000,0,0.814527,0.394000,0,ns,-0.025499,0.362600,0,-0.862985,0.362600,0,ns,0.024918,0.762400,0,-0.259718,0.762400,0
TN625158,Cite L'Aeroport,Tozeur,South West,6,0,1,90.3080,7.2373,2.4547,ns,-0.004265,0.774300,0,0.285639,0.774300,0,ns,0.001401,0.896100,0,-0.126825,0.896100,0,ns,-0.061657,0.409800,0,-0.647890,0.409800,0
TN625159,Ech-Chabia,Tozeur,South West,5,0,1,90.3080,7.2373,2.4547,ns,0.012630,0.843100,0,-0.197321,0.843100,0,ns,0.011521,0.877100,0,0.151554,0.877100,0,ns,-0.002277,0.752700,0,0.248487,0.752700,0
TN625160,El-Hadher,Tozeur,South West,5,0,1,90.3080,7.2373,2.4547,ns,-0.093453,0.584200,0,-0.529961,0.584200,0,ns,-0.084697,0.672000,0,0.407538,0.672000,0,ns,0.009507,0.393400,0,0.640267,0.393400,0
TN625251,Degach Nord,Tozeur,South West,2,0,1,90.3080,7.2373,2.4547,ns,0.011225,0.985300,0,0.019509,0.985300,0,ns,0.112079,0.763900,0,-0.300673,0.763900,0,ns,-0.170886,0.205400,0,0.908631,0.205400,0
TN625252,Degach Sud,Tozeur,South West,6,0,1,90.3080,7.2373,2.4547,ns,0.005679,0.677200,0,0.405820,0.677200,0,ns,0.021694,0.411500,0,-0.777278,0.411500,0,ns,0.037255,0.205200,0,0.941155,0.205200,0
TN625253,Sebaa Abar,Tozeur,South West,7,0,1,90.3080,7.2373,2.4547,ns,-0.000104,0.961500,0,-0.045331,0.961500,0,ns,0.139310,0.275000,0,-1.023603,0.275000,0,ns,1.452675,0.005000,0,3.519479,0.005000,0
TN625254,El Mahassen,Tozeur,South West,4,0,1,90.3080,7.2373,2.4547,ns,-0.143102,0.518300,0,-0.603241,0.518300,0,ns,0.146888,0.510000,0,-0.615567,0.510000,0,ns,-0.322476,0.003400,0,4.211845,0.003400,0
TN625255,Bou Helal,Tozeur,South West,6,0,1,90.3080,7.2373,2.4547,ns,-0.007728,0.918900,0,-0.102198,0.918900,0,ns,0.140139,0.312700,0,-0.940842,0.312700,0,ns,0.721350,0.008200,0,3.056113,0.008200,0
TN625256,El Hamma,Tozeur,South West,10,0,1,90.3080,7.2373,2.4547,ns,0.119059,0.435700,0,0.754626,0.435700,0,ns,0.157965,0.312600,0,-0.969816,0.312600,0,ns,-0.020846,0.706700,0,0.309012,0.706700,0
TN625257,Chakmou,Tozeur,South West,7,0,1,90.3080,7.2373,2.4547,ns,0.101310,0.431100,0,0.752095,0.431100,0,ns,0.088830,0.341200,0,-0.892441,0.341200,0,ns,-0.014012,0.932400,0,0.065569,0.932400,0
TN625258,Dghoumes,Tozeur,South West,5,0,1,90.3080,7.2373,2.4547,ns,-0.118110,0.426100,0,-0.750682,0.426100,0,ns,0.216037,0.460400,0,-0.697958,0.460400,0,ns,1.971853,0.002100,0,5.280360,0.002100,0
TN625259,En-Namlat,Tozeur,South West,2,0,1,90.3080,7.2373,2.4547,ns,0.156687,0.708900,0,0.365873,0.708900,0,ns,0.200965,0.749200,0,-0.320725,0.749200,0,ns,-0.134429,0.677200,0,-0.331262,0.677200,0
TN625351,Tameghza,Tozeur,South West,4,0,1,90.3080,7.2373,2.4547,ns,0.067354,0.508900,0,0.632182,0.508900,0,ns,0.144637,0.395800,0,-0.797617,0.395800,0,ns,0.036180,0.798100,0,0.198943,0.798100,0
TN625352,Chebika,Tozeur,South West,10,0,1,90.3080,7.2373,2.4547,ns,0.070311,0.618100,0,0.494872,0.618100,0,ns,0.072607,0.522400,0,-0.622669,0.522400,0,ns,-0.025938,0.838900,0,0.163275,0.838900,0
TN625353,Midas,Tozeur,South West,3,0,1,90.3080,7.2373,2.4547,ns,-0.076825,0.452900,0,0.707550,0.452900,0,ns,0.072068,0.357700,0,-0.829097,0.357700,0,ns,0.030784,0.972800,0,0.028138,0.972800,0
TN625354,Ain El Karma,Tozeur,South West,7,0,1,90.3080,7.2373,2.4547,ns,0.111460,0.576300,0,0.546233,0.576300,0,ns,0.207056,0.407300,0,-0.790234,0.407300,0,ns,0.042669,0.515200,0,0.524377,0.515200,0
TN625356,Er-Remitha,Tozeur,South West,3,0,1,90.3080,7.2373,2.4547,ns,0.090683,0.757100,0,0.314351,0.757100,0,ns,0.160225,0.462700,0,-0.683180,0.462700,0,ns,-0.308652,0.148400,0,1.085198,0.148400,0
TN625451,Chafai Ech-Cherif,Tozeur,South West,8,0,1,90.3080,7.2373,2.4547,ns,0.075156,0.586400,0,-0.536558,0.586400,0,ns,0.074770,0.535800,0,0.587672,0.535800,0,ns,0.012117,0.890800,0,0.107729,0.890800,0
TN625453,El Ouaha,Tozeur,South West,9,0,1,90.3080,7.2373,2.4547,ns,-0.150640,0.348100,0,-0.902487,0.348100,0,ns,-0.087504,0.515300,0,0.632271,0.515300,0,ns,-0.234916,0.095000,0,1.323785,0.095000,0
TN625454,Es-Seni,Tozeur,South West,5,0,1,90.3080,7.2373,2.4547,ns,0.141057,0.575500,0,-0.540478,0.575500,0,ns,0.206005,0.525800,0,0.607831,0.525800,0,ns,-0.006436,0.952100,0,0.049917,0.952100,0
TN625455,El Ayoun,Tozeur,South West,7,0,1,90.3080,7.2373,2.4547,ns,-0.028185,0.545200,0,-0.584887,0.545200,0,ns,-0.013138,0.751700,0,0.306277,0.751700,0,ns,-0.051079,0.127000,0,1.201684,0.127000,0
TN625456,Ettahir,Tozeur,South West,3,0,1,90.3080,7.2373,2.4547,ns,0.231905,0.598800,0,-0.502223,0.598800,0,ns,0.274810,0.534700,0,0.585815,0.534700,0,ns,-0.006536,0.977800,0,-0.023050,0.977800,0
TN625457,El-Assil,Tozeur,South West,4,0,1,90.3080,7.2373,2.4547,ns,0.074773,0.819100,0,-0.223756,0.819100,0,ns,0.128192,0.725500,0,0.339259,0.725500,0,ns,-0.006139,0.737400,0,-0.265586,0.737500,0
TN625458,El Khadar Ben Houssine,Tozeur,South West,5,0,1,90.3080,7.2373,2.4547,ns,0.000163,0.943900,0,0.068066,0.943900,0,ns,-0.000507,0.959100,0,-0.055074,0.959100,0,ns,0.002884,0.931800,0,-0.075690,0.931800,0
TN625551,Hazoua,Tozeur,South West,3,0,1,90.3080,7.2373,2.4547,ns,0.140811,0.787400,0,-0.263668,0.787400,0,ns,0.052674,0.920900,0,0.099375,0.920900,0,ns,0.185044,0.383200,0,0.639265,0.383200,0
TN625552,Hattem,Tozeur,South West,5,0,1,90.3080,7.2373,2.4547,ns,-0.018920,0.873700,0,-0.161495,0.873700,0,ns,-0.046317,0.819400,0,0.227225,0.819400,0,ns,-0.027884,0.872000,0,-0.133089,0.872000,0
TN625553,Ain Ouled El Ggerissi,Tozeur,South West,5,0,1,90.3080,7.2373,2.4547,ns,0.037584,0.950900,0,-0.063345,0.950900,0,ns,-0.097810,0.816900,0,-0.224417,0.816900,0,ns,0.513014,0.205400,0,0.972952,0.205400,0
TN635151,Kebili Sud,Kebili,South West,4,0,2,86.0704,7.5406,6.3890,ns,0.500611,0.343800,0,-0.869959,0.343800,0,ns,-0.046802,0.792700,0,-0.254254,0.792700,0,ns,6.604279,0.003300,0,3.954276,0.003300,0
TN635152,Bazma,Kebili,South West,6,0,2,86.0704,7.5406,6.3890,ns,0.203994,0.041800,0,-2.000095,0.041800,0,ns,-0.071224,0.468600,0,0.699239,0.468600,0,ns,3.688348,0.004100,0,5.003904,0.004100,0
TN635153,Jemna Nord,Kebili,South West,7,0,2,86.0704,7.5406,6.3890,ns,1.648299,0.025600,0,-2.372280,0.025600,0,ns,0.454580,0.452300,0,0.712150,0.452300,0,ns,3.680370,0.002700,0,6.743769,0.002700,0
TN635154,Jemna Sud,Kebili,South West,7,0,2,86.0704,7.5406,6.3890,ns,3.453924,0.001700,0,-3.940998,0.001700,0,ns,1.948551,0.011200,0,2.950561,0.011200,0,ns,5.894198,0.002900,0,5.304567,0.002900,0
TN635155,Bechelli,Kebili,South West,5,0,2,86.0704,7.5406,6.3890,ns,1.160329,0.079200,0,-1.637782,0.079200,0,ns,0.364727,0.452000,0,0.714577,0.452000,0,ns,3.777506,0.004000,0,3.814386,0.004000,0
TN635156,Jersine,Kebili,South West,7,0,2,86.0704,7.5406,6.3890,ns,1.352445,0.017900,0,-2.644004,0.017900,0,ns,0.283826,0.369300,0,0.852126,0.369300,0,ns,5.852622,0.004200,0,6.920961,0.004200,0
TN635157,El Blidete,Kebili,South West,5,0,2,86.0704,7.5406,6.3890,ns,2.134107,0.144400,0,-1.340007,0.144400,0,ns,0.306799,0.849400,0,0.186505,0.849400,0,ns,4.181124,0.002400,0,4.651594,0.002400,0
TN635158,Beni Mehemed,Kebili,South West,8,0,2,86.0704,7.5406,6.3890,LL,2.113370,0.000400,1,-4.988947,0.000400,1,ns,1.472912,0.002700,0,4.045716,0.002700,0,ns,2.255039,0.004100,0,5.582468,0.004100,0
TN635159,Janoura,Kebili,South West,6,0,2,86.0704,7.5406,6.3890,ns,0.117612,0.019000,0,-2.595057,0.019000,0,ns,-0.105546,0.326600,0,0.896769,0.326600,0,ns,3.674319,0.003100,0,6.778071,0.003100,0
TN635251,Kebeli Nord,Kebili,South West,4,0,2,86.0704,7.5406,6.3890,ns,0.917450,0.048000,0,-1.924324,0.048000,0,ns,0.082484,0.720700,0,0.339708,0.720700,0,ns,6.160188,0.002000,0,6.249626,0.002000,0
TN635252,El Mansoura,Kebili,South West,6,0,2,86.0704,7.5406,6.3890,ns,-0.349014,0.038000,0,-2.131337,0.038000,0,ns,0.026505,0.923200,0,-0.095884,0.923200,0,ns,2.097084,0.004000,0,7.900601,0.004000,0
TN635253,Errabta,Kebili,South West,5,0,2,86.0704,7.5406,6.3890,ns,-0.045159,0.179100,0,-1.221548,0.179100,0,ns,0.085585,0.709000,0,-0.356228,0.709000,0,ns,3.729620,0.003400,0,5.512136,0.003400,0
TN635254,Tonbar,Kebili,South West,4,0,2,86.0704,7.5406,6.3890,ns,0.320897,0.068200,0,-1.645030,0.068200,0,ns,-0.016020,0.775000,0,-0.282576,0.775000,0,ns,3.945129,0.001800,0,7.228926,0.001800,0
TN635255,Limagues Estiffimia,Kebili,South West,13,0,2,86.0704,7.5406,6.3890,ns,0.362121,0.004700,0,-3.245899,0.004700,0,ns,-0.105860,0.396500,0,0.825825,0.396500,0,HH,7.762949,0.000100,1,9.558872,0.000100,1
TN635256,Telmine,Kebili,South West,4,0,2,86.0704,7.5406,6.3890,ns,0.002098,0.799300,0,-0.246148,0.799300,0,ns,0.226244,0.307000,0,-0.930968,0.307000,0,ns,3.157893,0.003200,0,3.885603,0.003200,0
TN635257,Tenbib,Kebili,South West,6,0,2,86.0704,7.5406,6.3890,ns,0.086481,0.760900,0,-0.300243,0.760900,0,ns,0.033579,0.284200,0,-0.993597,0.284200,0,ns,5.332239,0.003600,0,4.432923,0.003600,0
TN635258,Saidane,Kebili,South West,6,0,2,86.0704,7.5406,6.3890,ns,-0.314816,0.008300,0,-3.218229,0.008300,0,ns,-0.264696,0.324000,0,0.933703,0.324000,0,ns,5.087851,0.004000,0,8.349790,0.004000,0
TN635259,El Gattaya,Kebili,South West,10,0,2,86.0704,7.5406,6.3890,ns,0.239254,0.003700,0,-3.442836,0.003700,0,ns,-0.340086,0.059200,0,1.814876,0.059200,0,ns,5.966684,0.004000,0,7.045693,0.004000,0
TN635260,Kebeli Est,Kebili,South West,6,0,2,86.0704,7.5406,6.3890,ns,1.236027,0.136700,0,-1.363925,0.136700,0,ns,-0.225378,0.607800,0,-0.484279,0.607800,0,ns,12.863772,0.003200,0,6.628110,0.003200,0
TN635351,El Menchia,Kebili,South West,9,0,2,86.0704,7.5406,6.3890,ns,1.880732,0.011000,0,-2.799538,0.011000,0,ns,-0.088895,0.402500,0,-0.807731,0.402500,0,HH,27.926984,0.000100,1,13.325258,0.000100,1
TN635352,Bou Abdellah,Kebili,South West,6,0,5,56.2735,3.0053,40.7213,ns,2.515239,0.311200,0,-0.969151,0.311200,0,ns,0.128324,0.450700,0,-0.724342,0.450700,0,HH,60.799225,0.000100,1,7.125949,0.000100,1
TN635353,Oum Essoumaa,Kebili,South West,7,0,2,86.0704,7.5406,6.3890,ns,0.982154,0.013000,0,-2.755100,0.013000,0,ns,0.139092,0.229500,0,-1.128963,0.229500,0,HH,23.916446,0.000100,1,13.454380,0.000100,1
TN635354,Ezzaouaia,Kebili,South West,4,0,2,86.0704,7.5406,6.3890,ns,0.220391,0.357800,0,-0.864402,0.357800,0,ns,0.274436,0.384300,0,-0.814075,0.384300,0,ns,11.893794,0.002400,0,5.707738,0.002400,0
TN635355,Bechri,Kebili,South West,6,0,2,86.0704,7.5406,6.3890,ns,0.521367,0.244100,0,-1.086434,0.244100,0,ns,0.101110,0.223200,0,-1.118665,0.223200,0,ns,15.857107,0.004100,0,7.316054,0.004100,0
TN635356,Fatnassa,Kebili,South West,8,0,2,86.0704,7.5406,6.3890,ns,0.467199,0.491900,0,-0.665284,0.491900,0,ns,-0.005961,0.386400,0,-0.821589,0.386400,0,ns,13.023169,0.003900,0,5.346504,0.003900,0
TN635357,Negga,Kebili,South West,11,0,2,86.0704,7.5406,6.3890,LL,0.959598,0.000100,1,-5.812740,0.000100,1,ns,-0.067186,0.436700,0,0.736077,0.436700,0,HH,17.505649,0.000100,1,19.508541,0.000100,1
TN635451,Douz Est,Kebili,South West,8,0,1,90.3080,7.2373,2.4547,ns,0.184526,0.047000,0,-1.951200,0.047000,0,ns,-0.078169,0.173700,0,1.264489,0.173700,0,ns,1.770077,0.007600,0,3.143386,0.007600,0
TN635452,El Golaa,Kebili,South West,5,0,2,86.0704,7.5406,6.3890,ns,2.552961,0.086100,0,-1.590488,0.086100,0,ns,1.499978,0.345000,0,0.876608,0.345000,0,ns,1.601289,0.007200,0,3.178790,0.007200,0
TN635453,El Aouina Nord,Kebili,South West,5,0,1,90.3080,7.2373,2.4547,ns,0.943756,0.130400,0,-1.386492,0.130400,0,ns,0.522967,0.252400,0,1.044875,0.252400,0,ns,1.661715,0.035100,0,1.794013,0.035100,0
TN635454,El Aouina Sud,Kebili,South West,5,0,1,90.3080,7.2373,2.4547,ns,0.951629,0.111500,0,-1.462979,0.111500,0,ns,0.381510,0.535400,0,0.595623,0.535400,0,ns,1.276798,0.005700,0,3.504698,0.005700,0
TN635455,El Abadla,Kebili,South West,8,0,1,90.3080,7.2373,2.4547,LL,0.513757,0.000500,1,-4.828129,0.000500,1,ns,-0.093000,0.006100,0,3.508167,0.006100,0,ns,3.199431,0.004400,0,6.518859,0.004400,0
TN635551,Douz Ouest,Kebili,South West,5,0,1,90.3080,7.2373,2.4547,ns,0.561515,0.061700,0,-1.760109,0.061700,0,ns,0.009598,0.465600,0,0.692954,0.465600,0,ns,4.939111,0.002700,0,4.393596,0.002700,0
TN635552,El Adhara,Kebili,South West,4,0,1,90.3080,7.2373,2.4547,ns,-0.129596,0.289700,0,-0.967889,0.289700,0,ns,-0.075427,0.714600,0,0.361296,0.714600,0,ns,0.362731,0.016200,0,2.513894,0.016200,0
TN635554,Nouil Nord,Kebili,South West,8,0,1,90.3080,7.2373,2.4547,HL,-0.446487,0.001100,1,-4.386692,0.001100,1,ns,-0.740611,0.004400,0,3.635920,0.004400,0,ns,1.278274,0.004300,0,4.631494,0.004300,0
TN635555,Nouil Sud,Kebili,South West,4,0,1,90.3080,7.2373,2.4547,ns,0.035268,0.054600,0,-1.776151,0.054600,0,ns,-0.096927,0.075600,0,1.553592,0.075600,0,ns,0.438209,0.048300,0,1.623047,0.048300,0
TN635651,Sabria Ouest,Kebili,South West,5,0,1,90.3080,7.2373,2.4547,ns,0.332090,0.240100,0,-1.073398,0.240100,0,ns,0.107531,0.694400,0,0.375499,0.694400,0,ns,0.604311,0.012200,0,2.755803,0.012200,0
TN635652,Sabria Est,Kebili,South West,5,0,1,90.3080,7.2373,2.4547,ns,0.361434,0.428000,0,-0.741949,0.428000,0,ns,0.020946,0.965100,0,0.041746,0.965100,0,ns,0.492001,0.013200,0,2.694922,0.013200,0
TN635653,Gharib,Kebili,South West,5,0,1,90.3080,7.2373,2.4547,ns,0.156677,0.306500,0,-0.947592,0.306500,0,ns,0.014093,0.595900,0,0.502508,0.595900,0,ns,1.000323,0.031200,0,1.956123,0.031200,0
TN635654,Gueidma,Kebili,South West,7,0,1,90.3080,7.2373,2.4547,ns,0.097785,0.546500,0,-0.572123,0.546500,0,ns,-0.000589,0.998100,0,0.002506,0.998100,0,ns,0.702989,0.021600,0,2.212354,0.021600,0
TN635655,Rejim Maatoug,Kebili,South West,9,0,1,90.3080,7.2373,2.4547,ns,0.007644,0.632700,0,-0.468543,0.632700,0,ns,0.003246,0.941000,0,-0.071407,0.941000,0,ns,0.421704,0.028700,0,1.955395,0.028700,0
TN635656,El Matrouha,Kebili,South West,4,0,1,90.3080,7.2373,2.4547,ns,-0.031739,0.759200,0,-0.295601,0.759200,0,ns,-0.065941,0.868000,0,0.162692,0.868000,0,ns,0.497512,0.451900,0,0.546554,0.451900,0
TN635657,Bichni-Edarjin,Kebili,South West,9,0,1,90.3080,7.2373,2.4547,ns,-0.078185,0.128800,0,-1.443187,0.128800,0,ns,-0.053593,0.837900,0,0.199806,0.837900,0,ns,2.938834,0.004800,0,4.759502,0.004800,0
