constituency,rank,rank_inferred,list_name,votes,share_pct,share_recomputed,share_check,constituency_valid_votes,ranks_contiguous,total_matches_sum,source_pages
تونس 1,1,0,قائمة الجبهة,1011,0.76,0.76,agree,132228,1,1,1 2
تونس 1,2,0,قائمة حركة الشعب,3106,2.35,2.35,agree,132228,1,1,1 2
تونس 1,3,0,قائمة نبض تونس,1867,1.41,1.41,agree,132228,1,1,1 2
تونس 1,4,0,قائمة الحزب الدستوري الحر,8613,6.51,6.51,agree,132228,1,1,1 2
تونس 1,5,0,قائمة شباب الإصلاح,720,0.54,0.54,agree,132228,1,1,1 2
تونس 1,6,0,قائمة البديل التونسي,815,0.62,0.62,agree,132228,1,1,1 2
تونس 1,7,0,قائمة حزب تيّار المحبة,552,,0.42,differ,132228,1,1,1 2
تونس 1,8,0,قائمة أمل وعمل المستقلة,1397,1.06,1.06,agree,132228,1,1,1 2
تونس 1,9,0,قائمة حركة مشروع تونس,585,0.44,0.44,agree,132228,1,1,1 2
تونس 1,10,0,قائمة حزب المؤتمرمن أجل الجمهورية,657,0.5,0.5,agree,132228,1,1,1 2
تونس 1,11,0,قائمة بلادنا,1192,0.9,0.9,agree,132228,1,1,1 2
تونس 1,12,0,قائمة الطريق الصحيح,370,0.28,0.28,agree,132228,1,1,1 2
تونس 1,13,0,قائمة الخير,1414,1.07,1.07,agree,132228,1,1,1 2
تونس 1,14,0,قائمة آفاق تونس,1598,1.21,1.21,agree,132228,1,1,1 2
تونس 1,15,0,قائمة قلب تونس,20804,15.73,15.73,agree,132228,1,1,1 2
تونس 1,16,0,قائمة حزب الرّحمة,6784,5.13,5.13,agree,132228,1,1,1 2
تونس 1,17,0,قائمة الحزب الاشتراكي الدستوري,1405,1.06,1.06,agree,132228,1,1,1 2
تونس 1,18,0,قائمة اتتلاف الكرامة,9898,7.49,7.49,agree,132228,1,1,1 2
تونس 1,19,0,قائمة صوت الفلاحين,625,0.47,0.47,agree,132228,1,1,1 2
تونس 1,20,0,قائمة حزب التكتل,355,0.27,0.27,agree,132228,1,1,1 2
تونس 1,21,0,قائمة تونس أخرى,691,0.52,0.52,agree,132228,1,1,1 2
تونس 1,22,0,قائمة الاتحاد الديمقراطي الاجتماعي,1837,1.39,1.39,agree,132228,1,1,1 2
تونس 1,23,0,قائمة حركة الهضة بتونس 1,29662,22.43,22.43,agree,132228,1,1,1 2
تونس 1,24,0,قائمة حزب الخضر للتقدم,234,0.18,0.18,agree,132228,1,1,1 2
تونس 1,25,0,قائمة كلنا للوطن,410,0.31,0.31,agree,132228,1,1,1 2
تونس 1,26,0,قائمة الاتحاد الشعبي الجمهبوري,3043,2.3,2.3,agree,132228,1,1,1 2
تونس 1,27,0,قائمة الرابطة الخضراء,289,0.22,0.22,agree,132228,1,1,1 2
تونس 1,28,0,قائمة بني وطني,342,0.26,0.26,agree,132228,1,1,1 2
تونس 1,29,0,,1284,0.97,0.97,agree,132228,1,1,1 2
تونس 1,30,0,قائمة مواطنون و نشارك,898,0.68,0.68,agree,132228,1,1,1 2
تونس 1,31,0,قائمة من أجل تأسيس جديد,849,0.64,0.64,agree,132228,1,1,1 2
تونس 1,32,0,قائمة تونس في العلالي,273,0.21,0.21,agree,132228,1,1,1 2
تونس 1,33,0,قائمة عيش تونبي,3195,2.42,2.42,agree,132228,1,1,1 2
تونس 1,34,0,قائمة حزب الأمل,356,0.27,0.27,agree,132228,1,1,1 2
تونس 1,35,0,قائمة التيار الديمقراطي,14505,10.97,10.97,agree,132228,1,1,1 2
تونس 1,36,0,قائمة المستقلون الديمقراطيون,217,0.16,0.16,agree,132228,1,1,1 2
تونس 1,37,0,قائمة الوطن الجديد,587,0.44,0.44,agree,132228,1,1,1 2
تونس 1,38,0,قائمة تحرّك,715,0.54,0.54,agree,132228,1,1,1 2
تونس 1,39,0,قائمة حركة هلموا لتونس,140,0.11,0.11,agree,132228,1,1,1 2
تونس 1,40,0,قائمة الجهة الشعبية,1209,0.91,0.91,agree,132228,1,1,1 2
تونس 1,41,0,قائمة حركة تحيا تونس,4196,3.17,3.17,agree,132228,1,1,1 2
تونس 1,42,0,قائمة الحزب الاشتراكي,237,0.18,0.18,agree,132228,1,1,1 2
تونس 1,43,0,قائمة حزب حركة أوفياء للوطن,258,0.2,0.2,agree,132228,1,1,1 2
تونس 1,44,0,قائمة القيم و العمل,167,0.13,0.13,agree,132228,1,1,1 2
تونس 1,45,0,قائمة حومتي ...مسؤوليتي,1690,1.28,1.28,agree,132228,1,1,1 2
تونس 1,46,0,,99,0.07,0.07,agree,132228,1,1,1 2
تونس 1,47,0,قائمة النجمة,347,0.26,0.26,agree,132228,1,1,1 2
تونس 1,48,0,قائمة حزب حركة الشباب نحن لها,429,0.32,0.32,agree,132228,1,1,1 2
تونس 1,49,0,,301,0.23,0.23,agree,132228,1,1,1 2
بنزرت,1,0,قائمة حزب تيّار المحبة,913,0.69,0.69,agree,132813,0,0,3 4
بنزرت,2,0,قائمة الاتحاد الشعبي الجمهبوري,3598,2.71,2.71,agree,132813,0,0,3 4
بنزرت,3,0,قائمة الحزب الدستوري الحرّ,6156,4.64,4.64,agree,132813,0,0,3 4
بنزرت,4,0,قائمة حزب الرّحمة,1711,1.29,1.29,agree,132813,0,0,3 4
بنزرت,5,0,قائمة آفاق تونس,3488,2.63,2.63,agree,132813,0,0,3 4
بنزرت,6,0,قائمة الجهة الشعبية,1476,1.11,1.11,agree,132813,0,0,3 4
بنزرت,7,0,قائمة حركة نداء تونس,2320,1.75,1.75,agree,132813,0,0,3 4
بنزرت,8,0,قائمة البديل التونسي,665,0.5,0.5,agree,132813,0,0,3 4
بنزرت,9,0,قائمة أحرار الغد,421,0.32,0.32,agree,132813,0,0,3 4
بنزرت,10,0,قائمة أمل و عمل المستقلة,1910,,1.44,differ,132813,0,0,3 4
بنزرت,11,0,قائمة حركة هلموا لتونس,1542,1.16,1.16,agree,132813,0,0,3 4
بنزرت,12,0,قائمة الاتحاد الديمقراطي الاجتماعي,745,0.56,0.56,agree,132813,0,0,3 4
بنزرت,13,0,قائمة عيش تونسي,4670,3.52,3.52,agree,132813,0,0,3 4
بنزرت,14,0,قائمة الفلاح,877,0.66,0.66,agree,132813,0,0,3 4
بنزرت,15,0,قائمة الوطن الجديد,754,0.57,0.57,agree,132813,0,0,3 4
بنزرت,16,0,قائمة الجية,448,0.34,0.34,agree,132813,0,0,3 4
بنزرت,17,0,قائمة التضامن,1329,1.0,1.0,agree,132813,0,0,3 4
بنزرت,18,0,قائمة التحدي,543,0.41,0.41,agree,132813,0,0,3 4
بنزرت,19,0,زب التكتل الديمقراطي من أجل العمل وا||,282,0.21,0.21,agree,132813,0,0,3 4
بنزرت,20,0,قائمة التيار الديمقراطي,7722,5.81,5.81,agree,132813,0,0,3 4
بنزرت,21,0,قائمة بني وطني,519,0.39,0.39,agree,132813,0,0,3 4
بنزرت,22,0,قائمة قلب تونس,32938,24.8,24.8,agree,132813,0,0,3 4
بنزرت,23,0,قائمة تونس أخرى,2095,1.58,1.58,agree,132813,0,0,3 4
بنزرت,24,0,قائمة حركة مشروع تونس,1247,0.94,0.94,agree,132813,0,0,3 4
بنزرت,25,0,قائمة كلّنا للوطن,1102,0.83,0.83,agree,132813,0,0,3 4
بنزرت,26,0,قائمة حقي في التنمية,721,0.54,0.54,agree,132813,0,0,3 4
بنزرت,27,0,قائمة الربيع,543,0.41,0.41,agree,132813,0,0,3 4
بنزرت,28,0,قائمة ائتلاف الكرامة,9567,7.2,7.2,agree,132813,0,0,3 4
بنزرت,29,0,قائمة تونس متاعنا,811,0.61,0.61,agree,132813,0,0,3 4
بنزرت,30,0,قائمة بنزرت البية,558,0.42,0.42,agree,132813,0,0,3 4
بنزرت,31,0,قائمة حزب المؤتمر من أجل الجمهورية,428,0.32,0.32,agree,132813,0,0,3 4
بنزرت,32,0,قائمة حركة تحيا تونس,4998,3.76,3.76,agree,132813,0,0,3 4
بنزرت,34,0,قائمة بنزرت دارنا الكبيرة,593,0.45,0.45,agree,132813,0,0,3 4
بنزرت,35,0,,25283,19.04,19.04,agree,132813,0,0,3 4
بنزرت,36,0,قائمة الحزب الاشتراكي الدستوري,538,0.41,0.41,agree,132813,0,0,3 4
بنزرت,37,0,قائمة حركة الشعب,2714,2.04,2.04,agree,132813,0,0,3 4
بنزرت,38,0,قائمة حزب الأمل,2070,1.56,1.56,agree,132813,0,0,3 4
بنزرت,39,0,قائمة متفائلون,274,0.21,0.21,agree,132813,0,0,3 4
بنزرت,40,0,قائمة تونس أمانة,616,0.46,0.46,agree,132813,0,0,3 4
بنزرت,41,0,قائمة الفاعلون الصادقون,277,0.21,0.21,agree,132813,0,0,3 4
بنزرت,42,0,قائمة أحبك يا شعب,1701,1.28,1.28,agree,132813,0,0,3 4
باجة,1,0,قائمة الجبهة,674,1.03,1.03,agree,65225,1,1,5 6
باجة,2,0,قائمة زهرة فاقا,290,0.44,0.44,agree,65225,1,1,5 6
باجة,3,0,قائمة أمل و عمل المستقلة,951,1.46,1.46,agree,65225,1,1,5 6
باجة,4,0,قائمة تونس أخرى,2398,3.68,3.68,agree,65225,1,1,5 6
باجة,5,0,قائمة الاتحاد الشعبي الجمهوري,1203,1.84,1.84,agree,65225,1,1,5 6
باجة,6,0,قائمة حزب تيّار المحبة,314,0.48,0.48,agree,65225,1,1,5 6
باجة,7,0,قائمة التيار الديمقراطي,2224,3.41,3.41,agree,65225,1,1,5 6
باجة,8,0,قائمة الحزب الدستوري الحر,3695,5.67,5.67,agree,65225,1,1,5 6
باجة,9,0,قائمة الجبهة الشعبية,1192,1.83,1.83,agree,65225,1,1,5 6
باجة,10,0,قائمة العدالة و التنمية,401,0.61,0.61,agree,65225,1,1,5 6
باجة,11,0,قائمة حركة نداء تونس,817,1.25,1.25,agree,65225,1,1,5 6
باجة,12,0,قائمة حزب المؤتمر من أجل الجمهورية,512,0.78,0.78,agree,65225,1,1,5 6
باجة,13,0,قائمة باجة تجمعنا,862,1.32,1.32,agree,65225,1,1,5 6
باجة,14,0,قائمة حزب الرحمة,797,1.22,1.22,agree,65225,1,1,5 6
باجة,15,0,قائمة حركة مشروع تونس,413,0.63,0.63,agree,65225,1,1,5 6
باجة,16,0,قائمة حركة النهضة بباجة,10317,15.82,15.82,agree,65225,1,1,5 6
باجة,17,0,قائمة الحرية و التضامن,353,0.54,0.54,agree,65225,1,1,5 6
باجة,18,0,قائمة طموح و نجاح,540,0.83,0.83,agree,65225,1,1,5 6
باجة,19,0,قائمة التحالف من اجل تونس,338,0.52,0.52,agree,65225,1,1,5 6
باجة,20,0,قائمة آفاق تونس,679,1.04,1.04,agree,65225,1,1,5 6
باجة,21,0,قائمة حركة تحيا تونس,3032,4.05,4.65,differ,65225,1,1,5 6
باجة,22,0,قائمة البديل التُّونسي,528,0.81,0.81,agree,65225,1,1,5 6
باجة,23,0,قائمة حزب الأمل,465,0.71,0.71,agree,65225,1,1,5 6
باجة,24,0,قائمة معا من اجل تنمية عادلة,273,0.42,0.42,agree,65225,1,1,5 6
باجة,25,0,قائمة حزب حركة أوفياء للوطن,333,0.51,0.51,agree,65225,1,1,5 6
باجة,26,0,قائمة الوطن الجديد,1737,2.66,2.66,agree,65225,1,1,5 6
باجة,27,0,قائمة الغزالة,351,0.54,0.54,agree,65225,1,1,5 6
باجة,28,0,قائمة كلنا للوطن,543,0.83,0.83,agree,65225,1,1,5 6
باجة,29,0,قائمة تحرّك,1565,2.4,2.4,agree,65225,1,1,5 6
باجة,30,0,قائمة عيش تونسي,748,1.15,1.15,agree,65225,1,1,5 6
باجة,31,0,قائمة الاتحاد الوطني للمستقلين,715,1.1,1.1,agree,65225,1,1,5 6
باجة,32,0,قائمة الاتحاد الديمقراطي الاجتماعي,305,0.47,0.47,agree,65225,1,1,5 6
باجة,33,0,قائمة قلب تونس,15223,23.34,23.34,agree,65225,1,1,5 6
باجة,34,0,قائمة حركة شباب تونس الوطني,948,1.45,1.45,agree,65225,1,1,5 6
باجة,35,0,قائمة مواطنون و نشارك,184,0.28,0.28,agree,65225,1,1,5 6
باجة,36,0,قائمة باجة الأرض الطيبة,332,0.51,0.51,agree,65225,1,1,5 6
باجة,37,0,قائمة السنبلة,621,0.95,0.95,agree,65225,1,1,5 6
باجة,38,0,,269,0.41,0.41,agree,65225,1,1,5 6
باجة,39,0,قائمة العهد,271,0.42,0.42,agree,65225,1,1,5 6
باجة,40,0,قائمة حزب حركة الشباب نحن لها,185,0.28,0.28,agree,65225,1,1,5 6
باجة,41,0,,266,0.41,0.41,agree,65225,1,1,5 6
باجة,42,0,قائمة الرابطة الخضراء,252,0.39,0.39,agree,65225,1,1,5 6
باجة,43,0,قائمة باجة تعيش,370,0.57,0.57,agree,65225,1,1,5 6
باجة,44,0,قائمة العمل لغد افضل,228,0.35,0.35,agree,65225,1,1,5 6
باجة,45,0,قائمة بني وطني,574,0.88,0.88,agree,65225,1,1,5 6
باجة,46,0,قائمة حركة الشعب,5937,9.1,9.1,agree,65225,1,1,5 6
سليانة,1,0,قائمة التحدي,652,1.27,1.27,agree,51494,0,0,7 8
سليانة,2,0,قائمة الحزب الدستوري الحر,2690,5.22,5.22,agree,51494,0,0,7 8
سليانة,3,0,قائمة تونس أخرى,1258,2.44,2.44,agree,51494,0,0,7 8
سليانة,4,0,قائمة قلب تونس,5758,11.18,11.18,agree,51494,0,0,7 8
سليانة,5,0,قائمة حركة نداء تونس,660,1.28,1.28,agree,51494,0,0,7 8
سليانة,6,0,قائمة أحبّك سليانة,1488,2.89,2.89,agree,51494,0,0,7 8
سليانة,7,0,قائمة الجهة,1408,2.73,2.73,agree,51494,0,0,7 8
سليانة,8,0,قائمة حزب الأمل,695,1.35,1.35,agree,51494,0,0,7 8
سليانة,9,0,قائمة حزب حركة شباب تونس الوطني,275,0.53,0.53,agree,51494,0,0,7 8
سليانة,10,0,قائمة حزب تيار المحبة,152,0.3,0.3,agree,51494,0,0,7 8
سليانة,11,0,قائمة آفاق تونس,638,1.24,1.24,agree,51494,0,0,7 8
سليانة,12,0,قائمة التكتل,393,0.76,0.76,agree,51494,0,0,7 8
سليانة,13,0,قائمة ائتلاف الكرامة,1307,2.54,2.54,agree,51494,0,0,7 8
سليانة,14,0,قائمة التيار الديمقراطي,1117,2.17,2.17,agree,51494,0,0,7 8
سليانة,15,0,قائمة الحزب الاشتراي,436,0.85,0.85,agree,51494,0,0,7 8
سليانة,16,0,قائمة حركة الهضة بسليانة,5813,11.29,11.29,agree,51494,0,0,7 8
سليانة,17,0,قائمة حزب حركة أوفياء للوطن,679,1.32,1.32,agree,51494,0,0,7 8
سليانة,18,0,قائمة سليانة في عينينا,2316,4.5,4.5,agree,51494,0,0,7 8
سليانة,19,0,قائمة حزب حركة الشباب نحن لها,195,0.38,0.38,agree,51494,0,0,7 8
سليانة,20,0,قائمة اليد في اليد,1179,2.29,2.29,agree,51494,0,0,7 8
سليانة,21,0,قائمة بني وطني,220,0.43,0.43,agree,51494,0,0,7 8
سليانة,22,0,قائمة حركة الشعب,1645,3.19,3.19,agree,51494,0,0,7 8
سليانة,23,0,قائمة صوّت لنفسك صوّت لسليانة,951,1.85,1.85,agree,51494,0,0,7 8
سليانة,24,0,قائمة حزب المؤتمر من أجل الجمهورية,265,0.51,0.51,agree,51494,0,0,7 8
سليانة,25,0,قائمة حركة هلموا لتونس,158,0.31,0.31,agree,51494,0,0,7 8
سليانة,26,0,قائمة غدو خير,145,0.28,0.28,agree,51494,0,0,7 8
سليانة,27,0,قائمة مع بعضنا نبنيو سليانة,1472,2.86,2.86,agree,51494,0,0,7 8
سليانة,28,0,قائمة حقي ذ نعيش,1016,1.97,1.97,agree,51494,0,0,7 8
سليانة,29,0,قائمة عيش تونسي,340,0.66,0.66,agree,51494,0,0,7 8
سليانة,30,0,قائمة صوت الفلاحين,790,1.53,1.53,agree,51494,0,0,7 8
سليانة,31,0,قائمة العين الحمراء,642,1.25,1.25,agree,51494,0,0,7 8
سليانة,32,0,قائمة سليانة الخير,493,0.96,0.96,agree,51494,0,0,7 8
سليانة,34,0,قائمة أمل وعمل المستقلة,1363,2.65,2.65,agree,51494,0,0,7 8
سليانة,35,0,,574,1.11,1.11,agree,51494,0,0,7 8
سليانة,36,0,قائمة البديل التونسي,372,0.72,0.72,agree,51494,0,0,7 8
سليانة,37,0,قائمة البناء والتجديد,444,0.86,0.86,agree,51494,0,0,7 8
سليانة,38,0,قائمة بذل وعطاء,2965,5.76,5.76,agree,51494,0,0,7 8
سليانة,39,0,قائمة من أجل تأسيس جديد,298,0.58,0.58,agree,51494,0,0,7 8
سليانة,40,0,قائمة كفاءة,752,1.46,1.46,agree,51494,0,0,7 8
سليانة,41,0,قائمة الإقلاع,1156,2.24,2.24,agree,51494,0,0,7 8
سليانة,42,0,قائمة ردٌّ الاعتبار,165,0.32,0.32,agree,51494,0,0,7 8
سليانة,43,0,قائمة الحزب الاشتراكي الدستوري,191,0.37,0.37,agree,51494,0,0,7 8
سليانة,44,0,قائمة حركة تحيا تونس,2736,5.31,5.31,agree,51494,0,0,7 8
سليانة,45,0,قائمة الانتصار والشموخ,577,1.12,1.12,agree,51494,0,0,7 8
سليانة,46,0,قائمة اتحاد شباب الغد,185,0.36,0.36,agree,51494,0,0,7 8
سليانة,47,0,قائمة الاتحاد الوطني للمستقلين,211,0.41,0.41,agree,51494,0,0,7 8
سليانة,48,0,قائمة الاتحاد الديمقراطي الاجتماعي,622,1.21,1.21,agree,51494,0,0,7 8
سليانة,49,0,قائمة كلنا للوطن,482,0.94,0.94,agree,51494,0,0,7 8
سليانة,50,0,قائمة نبض بلادي,169,0.33,0.33,agree,51494,0,0,7 8
سليانة,51,0,قائمة الامتياز,268,0.52,0.52,agree,51494,0,0,7 8
سليانة,52,0,قائمة درّة الشمال,324,0.63,0.63,agree,51494,0,0,7 8
القيروان,1,0,قائمة الرابطة الخضراء,3902,3.48,3.48,agree,112125,0,0,9 10
القيروان,2,0,قائمة حزب تيّار المحبة,1164,1.04,1.04,agree,112125,0,0,9 10
القيروان,3,0,قائمة الإقلاع نحو الأفضل,2066,1.84,1.84,agree,112125,0,0,9 10
القيروان,4,0,قائمة الجهة,1388,1.24,1.24,agree,112125,0,0,9 10
القيروان,5,0,قائمة حزب حركة شباب تونس الأحرار,842,0.75,0.75,agree,112125,0,0,9 10
القيروان,6,0,قائمة السنبلة,2632,2.35,2.35,agree,112125,0,0,9 10
القيروان,7,0,قائمة الحزب الاشتراكي,934,0.83,0.83,agree,112125,0,0,9 10
القيروان,8,0,قائمة البديل التونسي,1500,1.34,1.34,agree,112125,0,0,9 10
القيروان,9,0,قائمة أمل وعمل المستقلة,1741,1.55,1.55,agree,112125,0,0,9 10
القيروان,10,0,قائمة حزب حركة شباب تونس الوطني,890,0.79,0.79,agree,112125,0,0,9 10
القيروان,11,0,قائمة الحزب الدستوري الحر,2198,1.96,1.96,agree,112125,0,0,9 10
القيروان,12,0,قائمة النضال الوطني,577,0.51,0.51,agree,112125,0,0,9 10
القيروان,13,0,قائمة الشباب يتحدى,492,0.44,0.44,agree,112125,0,0,9 10
القيروان,14,0,قائمة حركة نداء تونس,3051,2.72,2.72,agree,112125,0,0,9 10
القيروان,15,0,قائمة شموع الوطن,2031,1.81,1.81,agree,112125,0,0,9 10
القيروان,16,0,قائمة حزب المؤتمر من أجل الجمهورية,1265,1.13,1.13,agree,112125,0,0,9 10
القيروان,17,0,قائمة قلب تونس,16405,14.63,14.63,agree,112125,0,0,9 10
القيروان,18,0,قائمة حركة مشروع تونس,2430,2.17,2.17,agree,112125,0,0,9 10
القيروان,19,0,قائمة النجاح,1257,1.12,1.12,agree,112125,0,0,9 10
القيروان,20,0,قائمة التيار الديمقراطي,3572,3.19,3.19,agree,112125,0,0,9 10
القيروان,21,0,قائمة حركة هلموا لتونس,888,0.79,0.79,agree,112125,0,0,9 10
القيروان,22,0,قائمة حركة الشعب,3080,2.75,2.75,agree,112125,0,0,9 10
القيروان,23,0,قائمة ائتلاف الكرامة,7258,6.47,6.47,agree,112125,0,0,9 10
القيروان,24,0,قائمة تونس أخرى,733,0.65,0.65,agree,112125,0,0,9 10
القيروان,25,0,قائمة بني وطني,258,0.23,0.23,agree,112125,0,0,9 10
القيروان,26,0,قائمة حزب اللقاء الديمقراطي,412,0.37,0.37,agree,112125,0,0,9 10
القيروان,27,0,قائمة العين,476,0.42,0.42,agree,112125,0,0,9 10
القيروان,28,0,قائمة أنوار الأغالبة,766,0.68,0.68,agree,112125,0,0,9 10
القيروان,29,0,قائمة القيروان في القلب,1238,1.1,1.1,agree,112125,0,0,9 10
القيروان,30,0,قائمة حركة الهضة بالقيروان,20088,17.92,17.92,agree,112125,0,0,9 10
القيروان,31,0,قائمة آفاق تونس,482,0.43,0.43,agree,112125,0,0,9 10
القيروان,32,0,قائمة الرجوع إلى الأصل,3493,3.12,3.12,agree,112125,0,0,9 10
القيروان,34,0,قائمة التحدي و الطموح,528,0.47,0.47,agree,112125,0,0,9 10
القيروان,35,0,قائمة فرسان القيروان,2587,2.31,2.31,agree,112125,0,0,9 10
القيروان,36,0,قائمة حزب الأمل,168,0.15,0.15,agree,112125,0,0,9 10
القيروان,37,0,,586,0.52,0.52,agree,112125,0,0,9 10
القيروان,38,0,قائمة صوت الأغالبة,333,0.3,0.3,agree,112125,0,0,9 10
القيروان,39,0,قائمة الاتحاد الديمقراطي الاجتماعي,315,0.28,0.28,agree,112125,0,0,9 10
القيروان,40,0,قائمة حركة تحيا تونس,1510,1.35,1.35,agree,112125,0,0,9 10
القيروان,41,0,قائمة نداء القيروان,1197,1.07,1.07,agree,112125,0,0,9 10
القيروان,42,0,قائمة رد الاعتبار,1325,1.18,1.18,agree,112125,0,0,9 10
القيروان,43,0,قائمة حزب أمل تونس,759,0.68,0.68,agree,112125,0,0,9 10
القيروان,44,0,قائمة حزب صوت الفلاحين,432,0.39,0.39,agree,112125,0,0,9 10
القيروان,45,0,قائمة حزب التحالف من أجل تونس,970,0.87,0.87,agree,112125,0,0,9 10
القيروان,46,0,قائمة الأغالبة,267,0.24,0.24,agree,112125,0,0,9 10
القيروان,47,0,قائمة حزب المسؤولية الوطنية,184,0.16,0.16,agree,112125,0,0,9 10
القيروان,48,0,قائمة حزب الاتحاد الشعبي الجمهوري,854,0.76,0.76,agree,112125,0,0,9 10
القيروان,49,0,قائمة الجهة الشعبية,1699,1.52,1.52,agree,112125,0,0,9 10
القيروان,50,0,قائمة الاتحاد الوطني للمستقلين,247,0.22,0.22,agree,112125,0,0,9 10
القيروان,51,0,قائمة القيروان تجمعنا,579,0.52,0.52,agree,112125,0,0,9 10
القيروان,52,0,قائمة القيروان الجديدة,283,0.25,0.25,agree,112125,0,0,9 10
القيروان,53,0,,189,0.17,0.17,agree,112125,0,0,9 10
القيروان,54,0,قائمة حزب حركة الشباب نحن لها,370,0.33,0.33,agree,112125,0,0,9 10
القيروان,55,0,قائمة كلنا للوطن,487,0.43,0.43,agree,112125,0,0,9 10
القيروان,56,0,قائمة التأسيس الجديد القيروان,390,0.35,0.35,agree,112125,0,0,9 10
القيروان,57,0,قائمة مواطنون و نشارك,239,0.21,0.21,agree,112125,0,0,9 10
القيروان,58,0,قائمة صوت القيروان,326,0.29,0.29,agree,112125,0,0,9 10
القيروان,59,0,قائمة القروان غدوة خير,1283,1.14,1.14,agree,112125,0,0,9 10
القيروان,60,0,قائمة الوطن الجديد,1385,1.24,1.24,agree,112125,0,0,9 10
القيروان,61,0,قائمة تيار العامل التونسي,476,0.42,0.42,agree,112125,0,0,9 10
القيروان,62,0,قائمة تونس أفضل القيروان أفضل,1327,1.18,1.18,agree,112125,0,0,9 10
نابل 1,1,0,قائمة الكفاح,1312,1.09,1.09,agree,120850,1,1,11 12
نابل 1,2,0,قائمة الحزب الدستوري الحرّ,11441,9.47,9.47,agree,120850,1,1,11 12
نابل 1,3,0,قائمة حزب تيّار المحبة,830,0.69,0.69,agree,120850,1,1,11 12
نابل 1,4,0,قائمة أمل و عمل المستقلة,5397,4.47,4.47,agree,120850,1,1,11 12
نابل 1,5,0,قائمة حزب المؤتمرمن أجل الجمهورية,625,0.52,0.52,agree,120850,1,1,11 12
نابل 1,6,0,قائمة المتوسط,795,0.66,0.66,agree,120850,1,1,11 12
نابل 1,7,0,قائمة الشباب المستقل,934,0.77,0.77,agree,120850,1,1,11 12
نابل 1,8,0,قائمة حركة تحيا تونس,4997,4.13,4.13,agree,120850,1,1,11 12
نابل 1,9,0,,660,0.55,0.55,agree,120850,1,1,11 12
نابل 1,10,0,قائمة حركة نداء تونس,1172,0.97,0.97,agree,120850,1,1,11 12
نابل 1,11,0,قائمة آفاق تونس,2474,2.05,2.05,agree,120850,1,1,11 12
نابل 1,12,0,قائمة البديل التونسي,826,0.68,0.68,agree,120850,1,1,11 12
نابل 1,13,0,قائمة الجية,1371,,1.13,differ,120850,1,1,11 12
نابل 1,14,0,قائمة تونس أخرى,2052,1.7,1.7,agree,120850,1,1,11 12
نابل 1,15,0,قائمة حركة الهيضة بنابل 1,19010,15.73,15.73,agree,120850,1,1,11 12
نابل 1,16,0,قائمة ائتلاف الكرامة,6299,5.21,5.21,agree,120850,1,1,11 12
نابل 1,17,0,,1128,0.93,0.93,agree,120850,1,1,11 12
نابل 1,18,0,قائمة حزب حركة أوفياء للوطن,481,0.4,0.4,agree,120850,1,1,11 12
نابل 1,19,0,قائمة الاتحاد الديمقراطي الاجتماعي,343,0.28,0.28,agree,120850,1,1,11 12
نابل 1,20,0,قائمة حزب اللقاء الديمقراطي,1120,0.93,0.93,agree,120850,1,1,11 12
نابل 1,21,0,قائمة بني وطني,796,0.66,0.66,agree,120850,1,1,11 12
نابل 1,22,0,قائمة الوطن الجديد,654,0.54,0.54,agree,120850,1,1,11 12
نابل 1,23,0,قائمة نابل الزهراء,1176,0.97,0.97,agree,120850,1,1,11 12
نابل 1,24,0,,4061,3.36,3.36,agree,120850,1,1,11 12
نابل 1,25,0,قائمة مواطنون و نشارك,1455,1.2,1.2,agree,120850,1,1,11 12
نابل 1,26,0,قائمة التكتل,538,0.45,0.45,agree,120850,1,1,11 12
نابل 1,27,0,قائمة حزب الأمل,2330,1.93,1.93,agree,120850,1,1,11 12
نابل 1,28,0,قائمة داركم,934,0.77,0.77,agree,120850,1,1,11 12
نابل 1,29,0,قائمة عيش تونسي,3189,2.64,2.64,agree,120850,1,1,11 12
نابل 1,30,0,قائمة الحزب الاشتراكي الدستوري,1194,0.99,0.99,agree,120850,1,1,11 12
نابل 1,31,0,,761,0.63,0.63,agree,120850,1,1,11 12
نابل 1,32,0,قائمة حركة مشروع تونس,1459,1.21,1.21,agree,120850,1,1,11 12
نابل 1,33,0,قائمة الوطن القبلي,2250,1.86,1.86,agree,120850,1,1,11 12
نابل 1,34,0,قائمة من أجل تأسيس جديد,1391,1.15,1.15,agree,120850,1,1,11 12
نابل 1,35,0,قائمة ورقة قرطاج,475,0.39,0.39,agree,120850,1,1,11 12
نابل 1,36,0,القائمة المستقلة تونس الأعماق,293,0.24,0.24,agree,120850,1,1,11 12
نابل 1,37,0,قائمة فلوكة,211,0.17,0.17,agree,120850,1,1,11 12
نابل 1,38,0,قائمة نابل 1 للجميع,1367,1.13,1.13,agree,120850,1,1,11 12
نابل 1,39,0,قائمة الجبهة الشعبية,654,0.54,0.54,agree,120850,1,1,11 12
نابل 1,40,0,قائمة حركة الشعب,3878,3.21,3.21,agree,120850,1,1,11 12
نابل 1,41,0,قائمة التيار الديمقراطي,7172,5.93,5.93,agree,120850,1,1,11 12
نابل 1,42,0,قائمة نخدموا بلادنا,372,0.31,0.31,agree,120850,1,1,11 12
نابل 1,43,0,قائمة قلب تونس,18454,15.27,15.27,agree,120850,1,1,11 12
نابل 1,44,0,قائمة الشباب أملي,698,0.58,0.58,agree,120850,1,1,11 12
نابل 1,45,0,قائمة كلنا للوطن,427,0.35,0.35,agree,120850,1,1,11 12
نابل 1,46,0,قائمة حركة شباب تونس الوطني,513,0.42,0.42,agree,120850,1,1,11 12
نابل 1,47,0,قائمة نابل تجمعنا,881,0.73,0.73,agree,120850,1,1,11 12
سوسة,2,0,قائمة الحزب الدستوري الحر,21317,12.37,12.37,agree,172296,0,0,13
سوسة,3,0,قائمة حزب تيّار المحبة,806,0.47,0.47,agree,172296,0,0,13
سوسة,4,0,قائمة الشباب يتحدى,2695,1.56,1.56,agree,172296,0,0,13
سوسة,5,0,قائمة سوسة للناس الكل,901,0.52,0.52,agree,172296,0,0,13
سوسة,6,0,قائمة حركة نداء تونس,1607,0.93,0.93,agree,172296,0,0,13
سوسة,7,1,قائمة كلنا للوطن,2231,1.29,1.29,agree,172296,0,0,13
سوسة,8,0,قائمة مواطنون و نشارك,802,0.47,0.47,agree,172296,0,0,13
سوسة,9,0,القائمة المستقلة للنسور,773,0.45,0.45,agree,172296,0,0,13
سوسة,10,0,قائمة حزب حركة شباب تونس الوطي,1304,0.76,0.76,agree,172296,0,0,13
سوسة,11,0,قائمة التيار الديمقراطي,10407,6.04,6.04,agree,172296,0,0,13
سوسة,12,0,قائمة آفاق تونس,4405,2.56,2.56,agree,172296,0,0,13
سوسة,13,0,قائمة حركة تحيا تونس,9010,5.23,5.23,agree,172296,0,0,13
سوسة,14,0,قائمة البديل التونسي,7761,4.5,4.5,agree,172296,0,0,13
سوسة,15,0,قائمة قلب تونس,30451,17.67,17.67,agree,172296,0,0,13
سوسة,16,0,قائمة بني وطني,1081,0.63,0.63,agree,172296,0,0,13
سوسة,17,0,قائمة الاتحاد الديمقراطي الاجتماعي,862,0.5,0.5,agree,172296,0,0,13
سوسة,18,0,قائمة حركة مشروع تونس,781,0.45,0.45,agree,172296,0,0,13
سوسة,19,0,قائمة تونسنا الكل,259,0.15,0.15,agree,172296,0,0,13
سوسة,20,0,قائمة الاتحاد الشعبي الجمبوري,3448,2.0,2.0,agree,172296,0,0,13
سوسة,21,0,قائمة المزارعين,704,0.41,0.41,agree,172296,0,0,13
سوسة,22,0,,973,0.56,0.56,agree,172296,0,0,13
سوسة,23,0,قائمة عيش تونسي,2539,1.47,1.47,agree,172296,0,0,13
سوسة,24,0,القائمة المستقلة ربوع الخضراء,696,0.4,0.4,agree,172296,0,0,13
سوسة,25,0,قائمة منارة تونس,523,0.3,0.3,agree,172296,0,0,13
سوسة,26,0,قائمة الساحل الجديد,645,0.37,0.37,agree,172296,0,0,13
سوسة,27,0,قائمة حركة اليضة بسوسة,32013,18.58,18.58,agree,172296,0,0,13
سوسة,28,0,قائمة الشباب هو الحل,439,0.25,0.25,agree,172296,0,0,13
سوسة,29,0,قائمة التحالف من أجل تونس,1148,0.67,0.67,agree,172296,0,0,13
سوسة,30,0,قائمة النصر لتونس,305,0.18,0.18,agree,172296,0,0,13
سوسة,31,0,قائمة في خدمة سوسة,602,0.35,0.35,agree,172296,0,0,13
سوسة,32,0,قائمة الحزب الاشتراي الدستوري,913,0.53,0.53,agree,172296,0,0,13
سوسة,33,0,قائمة حزب الأمل,1742,1.01,1.01,agree,172296,0,0,13
سوسة,34,0,قائمة زهرة الساحل,297,0.17,0.17,agree,172296,0,0,13
سوسة,35,0,قائمة الوطن الجديد,740,0.43,0.43,agree,172296,0,0,13
سوسة,36,0,قائمة تونس أخرى,1477,0.86,0.86,agree,172296,0,0,13
سوسة,37,0,قائمة الجهة الشعبية,1161,0.67,0.67,agree,172296,0,0,13
سوسة,38,0,قائمة حركة هلموا لتونس,219,0.13,0.13,agree,172296,0,0,13
سوسة,39,0,قائمة حزب الخيار الثالث,183,0.11,0.11,agree,172296,0,0,13
سوسة,40,0,قائمة الود,2973,1.73,1.73,agree,172296,0,0,13
سوسة,41,0,قائمة الحزب الاشتراي,319,0.19,0.19,agree,172296,0,0,13
سوسة,42,0,,2525,1.47,1.47,agree,172296,0,0,13
سوسة,43,0,قائمة ائتلاف الكرامة,9525,5.53,5.53,agree,172296,0,0,13
سوسة,44,0,,1450,0.84,0.84,agree,172296,0,0,13
سوسة,45,0,قائمة أمل و عمل المستقلة,3300,1.92,1.92,agree,172296,0,0,13
سوسة,46,0,قائمة التحالف الاجتماعي بسوسة,436,0.25,0.25,agree,172296,0,0,13
سوسة,47,0,قائمة فلإحتنا أولا,529,0.31,0.31,agree,172296,0,0,13
سوسة,48,0,قائمة إذا الشعب يوما أراد الحياة,126,0.07,0.07,agree,172296,0,0,13
سوسة,49,0,قائمة نسمة سوسة,685,,0.4,differ,172296,0,0,13
املهدية,1,0,قائمة الجهة,912,0.92,0.92,agree,99415,0,0,14 15
املهدية,2,0,قائمة حزب التحالف من أجل تونس,743,0.75,0.75,agree,99415,0,0,14 15
املهدية,3,0,قائمة حزب تيّار المحبة,1296,1.3,1.3,agree,99415,0,0,14 15
املهدية,4,0,قائمة الحزب الدستوري الحر,6550,6.59,6.59,agree,99415,0,0,14 15
املهدية,5,0,قائمة آفاق تونس,3810,3.83,3.83,agree,99415,0,0,14 15
املهدية,6,0,,1371,1.38,1.38,agree,99415,0,0,14 15
املهدية,7,0,قائمة حركة الشعب,3163,3.18,3.18,agree,99415,0,0,14 15
املهدية,8,0,قائمة التيار الديمقراطي,4583,4.61,4.61,agree,99415,0,0,14 15
املهدية,9,0,قائمة العبور,1329,1.34,1.34,agree,99415,0,0,14 15
املهدية,10,0,قائمة النصر لتونس,302,0.3,0.3,agree,99415,0,0,14 15
املهدية,11,0,قائمة حركة مشروع تونس,983,0.99,0.99,agree,99415,0,0,14 15
املهدية,12,0,قائمة مستقبل أفضل,1741,1.75,1.75,agree,99415,0,0,14 15
املهدية,13,0,قائمة الاتحاد الديمقراطي الاجتماعي,2085,2.1,2.1,agree,99415,0,0,14 15
املهدية,14,0,قائمة نضال كريم دكتور في الحقوق,293,0.29,0.29,agree,99415,0,0,14 15
املهدية,15,0,قائمة قلب تونس,16475,16.57,16.57,agree,99415,0,0,14 15
املهدية,16,0,قائمة حزب حركة شباب تونس الوطني,715,0.72,0.72,agree,99415,0,0,14 15
املهدية,17,0,قائمة أمل و عمل المستقلة,1186,1.19,1.19,agree,99415,0,0,14 15
املهدية,18,0,,843,0.85,0.85,agree,99415,0,0,14 15
املهدية,19,0,قائمة كلنا للوطن,1470,1.48,1.48,agree,99415,0,0,14 15
املهدية,20,0,قائمة حركة هلموا لتونس,155,0.16,0.16,agree,99415,0,0,14 15
املهدية,21,0,قائمة حركة نداء تونبس,1797,1.81,1.81,agree,99415,0,0,14 15
املهدية,22,0,قائمة الفلاإحة هي الحل,1083,1.09,1.09,agree,99415,0,0,14 15
املهدية,23,0,قائمة حزب حركة الشباب نحن لها,534,0.54,0.54,agree,99415,0,0,14 15
املهدية,24,0,قائمة عيش تونبسي,1339,1.35,1.35,agree,99415,0,0,14 15
املهدية,25,0,قائمة ائتلاف الكرامة,5578,5.61,5.61,agree,99415,0,0,14 15
املهدية,26,0,قائمة تونس متاعنا,554,0.56,0.56,agree,99415,0,0,14 15
املهدية,27,0,قائمة بني وطني,439,0.44,0.44,agree,99415,0,0,14 15
املهدية,28,0,قائمة التحدّي,656,0.66,0.66,agree,99415,0,0,14 15
املهدية,29,0,قائمة حزب العدالة والتنمية,376,0.38,0.38,agree,99415,0,0,14 15
املهدية,30,0,قائمة البديل التونسي,2168,2.18,2.18,agree,99415,0,0,14 15
املهدية,31,0,قائمة الشموخ,484,0.49,0.49,agree,99415,0,0,14 15
املهدية,32,0,قائمة الفعل و الطموح,847,0.85,0.85,agree,99415,0,0,14 15
املهدية,33,0,قائمة حزب الأمل,2547,2.56,2.56,agree,99415,0,0,14 15
املهدية,34,0,قائمة الحزب الاشتراكي الدستوري,2288,2.3,2.3,agree,99415,0,0,14 15
املهدية,35,0,قائمة أبناء الشعب العامل,609,0.61,0.61,agree,99415,0,0,14 15
املهدية,36,0,قائمة معا نستطيع,199,0.2,0.2,agree,99415,0,0,14 15
املهدية,37,0,قائمة صوت الأرياف,1972,1.98,1.98,agree,99415,0,0,14 15
املهدية,39,0,قائمة المستقلون الديمقراطيون,243,0.24,0.24,agree,99415,0,0,14 15
املهدية,40,0,قائمة حركة تحيا تونس,2366,2.38,2.38,agree,99415,0,0,14 15
املهدية,41,0,قائمة حزب حركة أوفياء للوطن,532,0.54,0.54,agree,99415,0,0,14 15
املهدية,42,0,قائمة الجهة الشعبية,1860,1.87,1.87,agree,99415,0,0,14 15
املهدية,43,0,قائمة الوطن الجديد,409,0.41,0.41,agree,99415,0,0,14 15
املهدية,44,0,,1444,1.45,1.45,agree,99415,0,0,14 15
املهدية,45,0,قائمة حركة الهضة بالمهدية,16632,16.73,16.73,agree,99415,0,0,14 15
املهدية,46,0,قائمة شباب المهدية,482,0.48,0.48,agree,99415,0,0,14 15
املهدية,47,0,قائمة الوفاق,254,0.26,0.26,agree,99415,0,0,14 15
املهدية,48,0,القائمة المستقلة شبابنا,407,0.41,0.41,agree,99415,0,0,14 15
صفاقس 1,1,0,قائمة الجهة,1465,1.16,1.16,agree,126078,0,0,16 17
صفاقس 1,2,0,قائمة الحزب الدستوري الحر,4859,3.85,3.85,agree,126078,0,0,16 17
صفاقس 1,3,0,قائمة يد وحدة,2876,2.28,2.28,agree,126078,0,0,16 17
صفاقس 1,4,0,قائمة حزب تيّار المحبة,638,0.51,0.51,agree,126078,0,0,16 17
صفاقس 1,5,0,قائمة ملحمة الأرياف,1185,0.94,0.94,agree,126078,0,0,16 17
صفاقس 1,6,0,قائمة بي وطني,619,0.49,0.49,agree,126078,0,0,16 17
صفاقس 1,7,0,قائمة أمل و عمل المستقلة,1779,1.41,1.41,agree,126078,0,0,16 17
صفاقس 1,8,0,قائمة حركة الشعب,4491,3.56,3.56,agree,126078,0,0,16 17
صفاقس 1,9,0,قائمة المنظار,641,0.51,0.51,agree,126078,0,0,16 17
صفاقس 1,10,0,قائمة نحب نعيش,854,0.68,0.68,agree,126078,0,0,16 17
صفاقس 1,11,0,قائمة ائتلاف الكرامة,13568,10.76,10.76,agree,126078,0,0,16 17
صفاقس 1,12,0,قائمة الجبهة الشعبية,1553,1.23,1.23,agree,126078,0,0,16 17
صفاقس 1,13,0,قائمة نعمل و نأمل في غد أفضل,660,0.52,0.52,agree,126078,0,0,16 17
صفاقس 1,14,0,قائمة آفاق تونس,2272,1.8,1.8,agree,126078,0,0,16 17
صفاقس 1,15,0,قائمة حركة نداء تونس,1778,1.41,1.41,agree,126078,0,0,16 17
صفاقس 1,16,0,قائمة صوت صفاقس,1043,0.83,0.83,agree,126078,0,0,16 17
صفاقس 1,17,0,قائمة البديل التونمي,1703,1.35,1.35,agree,126078,0,0,16 17
صفاقس 1,18,0,قائمة كنا للوطن,678,0.54,0.54,agree,126078,0,0,16 17
صفاقس 1,19,0,قائمة أولاد الشعب,358,0.28,0.28,agree,126078,0,0,16 17
صفاقس 1,20,0,قائمة الشباب يتحدى,571,0.45,0.45,agree,126078,0,0,16 17
صفاقس 1,21,0,قائمة تونس أخرى,688,0.55,0.55,agree,126078,0,0,16 17
صفاقس 1,22,0,قائمة الاتحاد الديمقراطي الاجتماعي,4411,3.5,3.5,agree,126078,0,0,16 17
صفاقس 1,23,0,قائمة حركة النهضة بصفاقس 1,29747,23.59,23.59,agree,126078,0,0,16 17
صفاقس 1,24,0,قائمة التيار الديمقراطي,13622,10.8,10.8,agree,126078,0,0,16 17
صفاقس 1,25,0,قائمة قلب تونس,13691,10.86,10.86,agree,126078,0,0,16 17
صفاقس 1,26,0,قائمة الحزب الاشتراكي,209,0.17,0.17,agree,126078,0,0,16 17
صفاقس 1,27,0,قائمة التكتل الديمقراطي من أجل العمل و الحربات,729,0.58,0.58,agree,126078,0,0,16 17
صفاقس 1,28,0,قائمة حركة مشروع تونس,690,0.55,0.55,agree,126078,0,0,16 17
صفاقس 1,29,0,قائمة النصر لتونس,381,0.3,0.3,agree,126078,0,0,16 17
صفاقس 1,30,0,قائمة وقيت شباب,514,0.41,0.41,agree,126078,0,0,16 17
صفاقس 1,31,0,قائمة عيش تونسي,1636,1.3,1.3,agree,126078,0,0,16 17
صفاقس 1,32,0,قائمة قوى 14 جانفي,396,0.31,0.31,agree,126078,0,0,16 17
صفاقس 1,34,0,قائمة الوطن الجديد,505,0.4,0.4,agree,126078,0,0,16 17
صفاقس 1,35,0,قائمة ربحة البلاد,2479,1.97,1.97,agree,126078,0,0,16 17
صفاقس 1,36,0,قائمة حب صفاقس يجمعنا,471,0.37,0.37,agree,126078,0,0,16 17
صفاقس 1,37,0,قائمة حركة شباب تونس الوطني,951,0.75,0.75,agree,126078,0,0,16 17
صفاقس 1,38,0,قائمة حركة تحيا تونس,2408,1.91,1.91,agree,126078,0,0,16 17
صفاقس 1,39,0,قائمة الحزب الاشتراي الدستوري,405,0.32,0.32,agree,126078,0,0,16 17
صفاقس 1,40,0,قائمة صوت ذوي الهمم,273,0.22,0.22,agree,126078,0,0,16 17
صفاقس 1,41,0,قائمة التأسيس الجديد,128,0.1,0.1,agree,126078,0,0,16 17
صفاقس 1,42,0,قائمة غصن الزيتون,385,0.31,0.31,agree,126078,0,0,16 17
صفاقس 1,43,0,قائمة حزب الأمل,621,0.49,0.49,agree,126078,0,0,16 17
صفاقس 1,44,0,قائمة الشباب للعمل و النزاهة,120,0.1,0.1,agree,126078,0,0,16 17
صفاقس 1,45,0,قائمة الرابطة الخضراء,176,0.14,0.14,agree,126078,0,0,16 17
صفاقس 1,46,0,قائمة حزب حركة الشباب نحن لها,222,0.18,0.18,agree,126078,0,0,16 17
صفاقس 1,47,0,قائمة متحدون للبناء و التجديد,235,0.19,0.19,agree,126078,0,0,16 17
صفاقس 1,48,0,قائمة خليج صفاقس,357,0.28,0.28,agree,126078,0,0,16 17
صفاقس 1,49,0,قائمة المستقلون الديموقراطيون,99,0.08,0.08,agree,126078,0,0,16 17
صفاقس 1,50,0,قائمة علي بن خليفة,2036,1.61,1.61,agree,126078,0,0,16 17
صفاقس 1,51,0,قائمة مستقلون متحدون,140,0.11,0.11,agree,126078,0,0,16 17
صفاقس 1,52,0,قائمة التحالف من أجل تونس,541,0.43,0.43,agree,126078,0,0,16 17
قابس,1,0,قائمة الجبهة,975,1.07,1.07,agree,91535,1,1,18
قابس,2,0,قائمة الحزب الدستوري الحر,1901,2.08,2.08,agree,91535,1,1,18
قابس,3,0,قائمة تونس أمانة,1115,1.22,1.22,agree,91535,1,1,18
قابس,4,0,قائمة قلب تونس,6190,6.76,6.76,agree,91535,1,1,18
قابس,5,0,قائمة أمل و عمل المستقلة,1419,1.55,1.55,agree,91535,1,1,18
قابس,6,0,قائمة تونس أخرى,2703,2.95,2.95,agree,91535,1,1,18
قابس,7,0,,3553,3.88,3.88,agree,91535,1,1,18
قابس,8,0,قائمة حركة الهضة بقابيس,37879,41.38,41.38,agree,91535,1,1,18
قابس,9,0,قائمة الميزان,309,0.34,0.34,agree,91535,1,1,18
قابس,10,0,قائمة حركة نداء تونس,1849,2.02,2.02,agree,91535,1,1,18
قابس,11,0,قائمة آفاق تونس,1405,1.53,1.53,agree,91535,1,1,18
قابس,12,0,قائمة حزب تيّار المحبة,579,0.63,0.63,agree,91535,1,1,18
قابس,13,0,قائمة شباب قابس,1002,1.09,1.09,agree,91535,1,1,18
قابس,14,0,قائمة حزب المؤتمرمن أجل الجمهورية,985,1.08,1.08,agree,91535,1,1,18
قابس,15,0,قائمة الجهة الشعبية,769,0.84,0.84,agree,91535,1,1,18
قابس,16,0,قائمة التيار الديمقراطي,5072,5.54,5.54,agree,91535,1,1,18
قابس,17,0,قائمة حركة تحيا تونس,3102,3.39,3.39,agree,91535,1,1,18
قابس,18,0,قائمة صوت قابس,1490,1.63,1.63,agree,91535,1,1,18
قابس,19,0,قائمة حركة الشعب,9644,10.54,10.54,agree,91535,1,1,18
قابس,20,0,قائمة على الدرب لن نحيد,329,0.36,0.36,agree,91535,1,1,18
قابس,21,0,قائمة حزب حركة الشباب نحن لها,687,0.75,0.75,agree,91535,1,1,18
قابس,22,0,قائمة البديل التونبي,345,0.38,0.38,agree,91535,1,1,18
قابس,23,0,قائمة بني وطني,178,0.19,0.19,agree,91535,1,1,18
قابس,24,0,قائمة عيش تونبسي,865,0.94,0.94,agree,91535,1,1,18
قابس,25,0,التكتل الديمقراطي من أجل العمل و ال,506,0.55,0.55,agree,91535,1,1,18
قابس,26,0,قائمة الوطن الجديد,1123,1.23,1.23,agree,91535,1,1,18
قابس,27,0,,992,1.08,1.08,agree,91535,1,1,18
قابس,28,0,قائمة الاتحاد الديمقراطي الاجتماعي,399,0.44,0.44,agree,91535,1,1,18
قابس,29,0,قائمة حزب الأمل,1313,1.43,1.43,agree,91535,1,1,18
قابس,30,0,قائمة حزب حركة أوفياء للوطن,246,0.27,0.27,agree,91535,1,1,18
قابس,31,0,قائمة بيئة سليمة حق,285,0.31,0.31,agree,91535,1,1,18
قابس,32,0,قائمة يكفينا,2326,,2.54,differ,91535,1,1,18
مدنني,1,0,قائمة الجهة,1031,0.91,0.91,agree,113895,1,1,19
مدنني,2,0,قائمة البديل التونسي,1748,1.53,1.53,agree,113895,1,1,19
مدنني,3,0,قائمة صوت الأهالي,565,0.5,0.5,agree,113895,1,1,19
مدنني,4,0,قائمة حركة الشعب,21905,19.23,19.23,agree,113895,1,1,19
مدنني,5,0,قائمة آفاق تونس,503,0.44,0.44,agree,113895,1,1,19
مدنني,6,0,قائمة الوفاء و الإصلاح,2272,1.99,1.99,agree,113895,1,1,19
مدنني,7,0,قائمة النضال الوطني,702,0.62,0.62,agree,113895,1,1,19
مدنني,8,0,,1721,1.51,1.51,agree,113895,1,1,19
مدنني,9,0,قائمة وطننا يجمعنا,458,0.4,0.4,agree,113895,1,1,19
مدنني,10,0,قائمة حركة الهضة بمدنين,43399,38.1,38.1,agree,113895,1,1,19
مدنني,11,0,قائمة حزب تيّار المحبة,949,0.83,0.83,agree,113895,1,1,19
مدنني,12,0,قائمة التيار الديمقراطي,3487,3.06,3.06,agree,113895,1,1,19
مدنني,13,0,قائمة مستقبل تنموي واعد,1519,1.33,1.33,agree,113895,1,1,19
مدنني,14,0,قائمة تونس أخرى,2265,1.99,1.99,agree,113895,1,1,19
مدنني,15,0,قائمة وطني وطنك,944,0.83,0.83,agree,113895,1,1,19
مدنني,16,0,قائمة صوت المستقبل الحر,848,0.74,0.74,agree,113895,1,1,19
مدنني,17,0,قائمة حركة شباب تونس الوطني,667,0.59,0.59,agree,113895,1,1,19
مدنني,18,0,قائمة حركة هلموا لتونس,193,0.17,0.17,agree,113895,1,1,19
مدنني,19,0,قائمة طريقنا إلى التنمية,676,0.59,0.59,agree,113895,1,1,19
مدنني,20,0,قائمة الأمانة و الاصلاح,731,0.64,0.64,agree,113895,1,1,19
مدنني,21,0,,586,0.51,0.51,agree,113895,1,1,19
مدنني,22,0,قائمة حركة تحيا تونس,5341,4.69,4.69,agree,113895,1,1,19
مدنني,23,0,قائمة الحزب الدستوري الحر,1276,,1.12,differ,113895,1,1,19
مدنني,24,0,قائمة الوطن الجديد,1790,1.57,1.57,agree,113895,1,1,19
مدنني,25,0,قائمة حزب الأمل,383,0.34,0.34,agree,113895,1,1,19
مدنني,26,0,قائمة كلنا للوطن,497,0.44,0.44,agree,113895,1,1,19
مدنني,27,0,قائمة الشراع,256,0.22,0.22,agree,113895,1,1,19
مدنني,28,0,قائمة مدنين أفضل,1115,0.98,0.98,agree,113895,1,1,19
مدنني,29,0,قائمة قلب تونس,3684,3.23,3.23,agree,113895,1,1,19
مدنني,30,0,قائمة بني وطني,406,0.36,0.36,agree,113895,1,1,19
مدنني,31,0,قائمة الجهة الشعبية,686,0.6,0.6,agree,113895,1,1,19
مدنني,32,0,قائمة الاتحاد الديمقراطي الاجتماعي,901,0.79,0.79,agree,113895,1,1,19
مدنني,33,0,قائمة ائتلاف الكرامة,8938,7.85,7.85,agree,113895,1,1,19
مدنني,34,0,قائمة حركة مشروع تونس,1453,1.28,1.28,agree,113895,1,1,19
توزر,1,0,قائمة التيار الديمقراطي,1189,3.38,3.38,agree,35186,1,1,20 21
توزر,2,0,قائمة حركة الشعب,1850,5.26,5.26,agree,35186,1,1,20 21
توزر,3,0,قائمة البديل التّوندسي,1459,4.15,4.15,agree,35186,1,1,20 21
توزر,4,0,قائمة تونس أخرى,786,2.23,2.23,agree,35186,1,1,20 21
توزر,5,0,قائمة جريدنا,884,2.51,2.51,agree,35186,1,1,20 21
توزر,6,0,قائمة مستقبلنا بيدينا,1282,3.64,3.64,agree,35186,1,1,20 21
توزر,7,0,قائمة متحدون,1039,2.95,2.95,agree,35186,1,1,20 21
توزر,8,0,قائمة أمل و عمل المستقلة,590,1.68,1.68,agree,35186,1,1,20 21
توزر,9,0,قائمة المواطنة و التنمية,2339,6.65,6.65,agree,35186,1,1,20 21
توزر,10,0,قائمة التحدي و الطموح,446,1.27,1.27,agree,35186,1,1,20 21
توزر,11,0,قائمة حركة الهضة بتوزر,5082,14.44,14.44,agree,35186,1,1,20 21
توزر,12,0,قائمة النهوض,283,0.8,0.8,agree,35186,1,1,20 21
توزر,13,0,قائمة حزب حركة الشباب نحن لها,123,0.35,0.35,agree,35186,1,1,20 21
توزر,14,0,قائمة الاتحاد الديمقراطي الاجتماعي,196,0.56,0.56,agree,35186,1,1,20 21
توزر,15,0,قائمة الحزب الدستوري الحر,447,1.27,1.27,agree,35186,1,1,20 21
توزر,16,0,قائمة حركة تحيا تونس,1280,3.64,3.64,agree,35186,1,1,20 21
توزر,17,0,قائمة حركة نداء تونبس,2263,6.43,6.43,agree,35186,1,1,20 21
توزر,18,0,قائمة الجهة,178,0.51,0.51,agree,35186,1,1,20 21
توزر,19,0,قائمة شباب توزر,184,0.52,0.52,agree,35186,1,1,20 21
توزر,20,0,قائمة حركة مشروع تونس,357,1.01,1.01,agree,35186,1,1,20 21
توزر,21,0,قائمة حزب تيّار المحبة,637,1.81,1.81,agree,35186,1,1,20 21
توزر,22,0,قائمة قلب تونس,1647,4.68,4.68,agree,35186,1,1,20 21
توزر,23,0,قائمة الهلال,272,0.77,0.77,agree,35186,1,1,20 21
توزر,24,0,قائمة عيش تونسي,291,0.83,0.83,agree,35186,1,1,20 21
توزر,25,0,قائمة حركة شباب تونس الوطني,154,0.44,0.44,agree,35186,1,1,20 21
توزر,26,0,قائمة أمل الجريد,1715,4.87,4.87,agree,35186,1,1,20 21
توزر,27,0,قائمة حزب حركة أوفياء للوطن,74,0.21,0.21,agree,35186,1,1,20 21
توزر,28,0,قائمة آفاق تونس,301,0.86,0.86,agree,35186,1,1,20 21
توزر,29,0,قائمة الدقلة في عراجينها,689,1.96,1.96,agree,35186,1,1,20 21
توزر,30,0,قائمة توزر الخير,40,0.11,0.11,agree,35186,1,1,20 21
توزر,31,0,قائمة الوطن الجديد,221,0.63,0.63,agree,35186,1,1,20 21
توزر,32,0,قائمة حزب الأمل,1361,3.87,3.87,agree,35186,1,1,20 21
توزر,33,0,قائمة الرسالة,364,1.03,1.03,agree,35186,1,1,20 21
توزر,34,0,قائمة كلنا للوطن,486,1.38,1.38,agree,35186,1,1,20 21
توزر,35,0,قائمة نحن على العهد,514,1.46,1.46,agree,35186,1,1,20 21
توزر,36,0,,294,0.84,0.84,agree,35186,1,1,20 21
توزر,37,0,قائمة الجهة الشعبية,48,0.14,0.14,agree,35186,1,1,20 21
توزر,38,0,,113,0.32,0.32,agree,35186,1,1,20 21
توزر,39,0,قائمة الحزب الاشتراي,51,0.14,0.14,agree,35186,1,1,20 21
توزر,40,0,قائمة لسان الجريد,1369,3.89,3.89,agree,35186,1,1,20 21
توزر,41,0,قائمة بني وطني,140,0.4,0.4,agree,35186,1,1,20 21
توزر,42,0,قائمة ائتلاف الكرامة,970,2.76,2.76,agree,35186,1,1,20 21
توزر,43,0,,1178,3.35,3.35,agree,35186,1,1,20 21
الدول العربية وباقي دول العالم,1,0,ئمة حركة النهضة بالدول العربية و بقية دول العاا,3009,38.82,38.82,agree,7752,1,1,22
الدول العربية وباقي دول العالم,2,0,قائمة البديل التونسي,182,2.35,2.35,agree,7752,1,1,22
الدول العربية وباقي دول العالم,3,0,قائمة الحزب الدستوري الحر,567,7.31,7.31,agree,7752,1,1,22
الدول العربية وباقي دول العالم,4,0,قائمة التيار الديمقراطي,1479,19.08,19.08,agree,7752,1,1,22
الدول العربية وباقي دول العالم,5,0,قائمة أهداف,42,0.54,0.54,agree,7752,1,1,22
الدول العربية وباقي دول العالم,6,0,قائمة تونس أخرى,115,1.48,1.48,agree,7752,1,1,22
الدول العربية وباقي دول العالم,7,0,قائمة أحرارتونس,36,0.46,0.46,agree,7752,1,1,22
الدول العربية وباقي دول العالم,8,0,قائمة آفاق تونس,176,2.27,2.27,agree,7752,1,1,22
الدول العربية وباقي دول العالم,9,0,قائمة حركة الشعب,238,3.07,3.07,agree,7752,1,1,22
الدول العربية وباقي دول العالم,10,0,قائمة الحزب الديمقراطي للعدالة و الرخاء,9,0.12,0.12,agree,7752,1,1,22
الدول العربية وباقي دول العالم,11,0,قائمة حزب تيار المحبة,42,0.54,0.54,agree,7752,1,1,22
الدول العربية وباقي دول العالم,12,0,قائمة الإتحاد الوطني للمستقلين,43,0.55,0.55,agree,7752,1,1,22
الدول العربية وباقي دول العالم,13,0,قائمة حزب القطب,4,0.05,0.05,agree,7752,1,1,22
الدول العربية وباقي دول العالم,14,0,قائمة الفيل,51,0.66,0.66,agree,7752,1,1,22
الدول العربية وباقي دول العالم,15,0,قائمة حركة نداء تونس,76,0.98,0.98,agree,7752,1,1,22
الدول العربية وباقي دول العالم,16,0,قائمة النصر لتونس,6,0.08,0.08,agree,7752,1,1,22
الدول العربية وباقي دول العالم,17,0,قائمة الجهة,59,0.76,0.76,agree,7752,1,1,22
الدول العربية وباقي دول العالم,18,0,قائمة حركة تحيا تونس,216,2.79,2.79,agree,7752,1,1,22
الدول العربية وباقي دول العالم,19,0,قائمة المستقلون الديمقراطيون,21,0.27,0.27,agree,7752,1,1,22
الدول العربية وباقي دول العالم,20,0,قائمة بني وطني,66,0.85,0.85,agree,7752,1,1,22
الدول العربية وباقي دول العالم,21,0,قائمة حزب الأمل,117,1.51,1.51,agree,7752,1,1,22
الدول العربية وباقي دول العالم,22,0,قائمة قلب تونس,655,8.45,8.45,agree,7752,1,1,22
الدول العربية وباقي دول العالم,23,0,قائمة الرجوع إلى الأصل,43,0.55,0.55,agree,7752,1,1,22
الدول العربية وباقي دول العالم,24,0,قائمة يزي,14,0.18,0.18,agree,7752,1,1,22
الدول العربية وباقي دول العالم,25,0,قائمة عيش تونسي صوت التونسيين بالخارج,134,1.73,1.73,agree,7752,1,1,22
الدول العربية وباقي دول العالم,26,0,قائمة أمل و عمل المستقلة,339,4.37,4.37,agree,7752,1,1,22
الدول العربية وباقي دول العالم,27,0,قائمة كلنا للوطن,13,0.17,0.17,agree,7752,1,1,22
أملانيا,1,0,قائمة التيار الديمقراطي,1137,25.98,25.98,agree,4376,1,1,23
أملانيا,2,0,قائمة أمل و عمل المستقلة,209,4.78,4.78,agree,4376,1,1,23
أملانيا,3,0,قائمة تونس أخرى,19,0.43,0.43,agree,4376,1,1,23
أملانيا,4,0,قائمة آفاق تونس,78,1.78,1.78,agree,4376,1,1,23
أملانيا,5,0,قائمة حركة الشعب,90,2.06,2.06,agree,4376,1,1,23
أملانيا,6,0,قائمة حزب حركة شباب تونس الوطني,48,1.1,1.1,agree,4376,1,1,23
أملانيا,7,0,,282,6.44,6.44,agree,4376,1,1,23
أملانيا,8,0,قائمة قلب تونس,216,4.94,4.94,agree,4376,1,1,23
أملانيا,9,0,قائمة اكتلاف الكرامة,476,10.88,10.88,agree,4376,1,1,23
أملانيا,10,0,قائمة عيش تونبي صوت التونسيين بالخارج,90,2.06,2.06,agree,4376,1,1,23
أملانيا,11,0,قائمة حزب أمل تونس,109,2.49,2.49,agree,4376,1,1,23
أملانيا,12,0,قائمة هنا الشعب,8,0.18,0.18,agree,4376,1,1,23
أملانيا,13,0,قائمة الجهة,27,0.62,0.62,agree,4376,1,1,23
أملانيا,14,0,قائمة البديل التّونسي,29,0.66,0.66,agree,4376,1,1,23
أملانيا,15,0,قائمة بني وطني,16,0.37,0.37,agree,4376,1,1,23
أملانيا,16,0,قائمة حركة النهضة بألمانيا,1350,30.85,30.85,agree,4376,1,1,23
أملانيا,17,0,قائمة كلنا للوطن,29,0.66,0.66,agree,4376,1,1,23
أملانيا,18,0,قائمة حركة نداء تونس,35,0.8,0.8,agree,4376,1,1,23
أملانيا,19,0,قائمة حركة تحيا تونس,128,2.93,2.93,agree,4376,1,1,23
القارة األمريكية وبقية الدول األوروبية,1,0,قائمة حركة تحيا تونس,582,6.05,6.05,agree,9623,1,1,24
القارة األمريكية وبقية الدول األوروبية,2,0,قائمة التيار الديمقراطي,1428,14.84,14.84,agree,9623,1,1,24
القارة األمريكية وبقية الدول األوروبية,3,0,قائمة توانئسة أوروبا والقارة الأمريكية,107,1.11,1.11,agree,9623,1,1,24
القارة األمريكية وبقية الدول األوروبية,4,0,قائمة آفاق تونس,210,2.18,2.18,agree,9623,1,1,24
القارة األمريكية وبقية الدول األوروبية,5,0,ركة النهضبة بالقارة الأمريكية و باقية الدول 1,2574,26.75,26.75,agree,9623,1,1,24
القارة األمريكية وبقية الدول األوروبية,6,0,قائمة قلب تونس,996,10.35,10.35,agree,9623,1,1,24
القارة األمريكية وبقية الدول األوروبية,7,1,قائمة صوت المماجر,43,0.45,0.45,agree,9623,1,1,24
القارة األمريكية وبقية الدول األوروبية,8,0,قائمة حزب تيّار المحبة,16,0.17,0.17,agree,9623,1,1,24
القارة األمريكية وبقية الدول األوروبية,9,0,قائمة الحزب الدستوري الحر,942,9.79,9.79,agree,9623,1,1,24
القارة األمريكية وبقية الدول األوروبية,10,0,قائمة البديل التونبي,170,1.77,1.77,agree,9623,1,1,24
القارة األمريكية وبقية الدول األوروبية,11,0,قائمة الوطن الجديد,19,0.2,0.2,agree,9623,1,1,24
القارة األمريكية وبقية الدول األوروبية,12,0,قائمة تونس أخرى,97,1.01,1.01,agree,9623,1,1,24
القارة األمريكية وبقية الدول األوروبية,13,0,قائمة عيش تونمي صوت التونسيين بالخارج,219,2.28,2.28,agree,9623,1,1,24
القارة األمريكية وبقية الدول األوروبية,14,0,قائمة كلنا للوطن,29,0.3,0.3,agree,9623,1,1,24
القارة األمريكية وبقية الدول األوروبية,15,0,قائمة أمل وعمل المستقلة,466,,4.84,differ,9623,1,1,24
القارة األمريكية وبقية الدول األوروبية,16,0,قائمة الحزب الديمقراطي للعدالة و الرخاء,15,0.16,0.16,agree,9623,1,1,24
القارة األمريكية وبقية الدول األوروبية,17,0,قائمة حركة نداء تونس,72,0.75,0.75,agree,9623,1,1,24
القارة األمريكية وبقية الدول األوروبية,18,0,قائمة المستقلون الديمقراطيون,21,0.22,0.22,agree,9623,1,1,24
القارة األمريكية وبقية الدول األوروبية,19,0,قائمة ازدهار بلادنا,8,0.08,0.08,agree,9623,1,1,24
القارة األمريكية وبقية الدول األوروبية,20,0,قائمة حزب المؤتمر من أجل الجمهورية,50,0.52,0.52,agree,9623,1,1,24
القارة األمريكية وبقية الدول األوروبية,21,0,قائمة بني وطني,43,0.45,0.45,agree,9623,1,1,24
القارة األمريكية وبقية الدول األوروبية,22,0,قائمة حزب الأمل,56,0.58,0.58,agree,9623,1,1,24
القارة األمريكية وبقية الدول األوروبية,23,0,قائمة الجهة,45,0.47,0.47,agree,9623,1,1,24
القارة األمريكية وبقية الدول األوروبية,24,0,قائمة الجبهة الشعبية,104,1.08,1.08,agree,9623,1,1,24
القارة األمريكية وبقية الدول األوروبية,25,0,قائمة حركة غرس للكفاح الوطني,42,0.44,0.44,agree,9623,1,1,24
القارة األمريكية وبقية الدول األوروبية,26,0,قائمة حركة الشعب,184,1.91,1.91,agree,9623,1,1,24
القارة األمريكية وبقية الدول األوروبية,27,0,قائمة ريحة البلاد,10,0.1,0.1,agree,9623,1,1,24
القارة األمريكية وبقية الدول األوروبية,28,0,,4,0.04,0.04,agree,9623,1,1,24
القارة األمريكية وبقية الدول األوروبية,29,0,قائمة حزب القطب,10,0.1,0.1,agree,9623,1,1,24
القارة األمريكية وبقية الدول األوروبية,30,0,قائمة ائتلاف الكرامة,1061,,11.03,differ,9623,1,1,24
إيطاليا,1,0,قائمة الجبهة,53,0.94,0.94,agree,5665,0,0,25
إيطاليا,2,0,قائمة حركة تحيا تونس,291,5.14,5.14,agree,5665,0,0,25
إيطاليا,3,0,قائمة البديل التَونسي,102,1.8,1.8,agree,5665,0,0,25
إيطاليا,4,0,قائمة بكلنا توائسه,606,10.7,10.7,agree,5665,0,0,25
إيطاليا,5,0,قائمة قلب تونس,373,6.58,6.58,agree,5665,0,0,25
إيطاليا,6,0,قائمة صوت المهاجر,229,4.04,4.04,agree,5665,0,0,25
إيطاليا,7,1,قائمة الحزب الدستوري الحر,220,3.88,3.88,agree,5665,0,0,25
إيطاليا,8,0,قائمة كلنا للوطن,31,0.55,0.55,agree,5665,0,0,25
إيطاليا,9,0,قائمة مواطنون و نشارك,1,0.9,0.02,differ,5665,0,0,25
إيطاليا,10,0,قائمة حركة النهضة بإيطاليا,1964,34.67,34.67,agree,5665,0,0,25
إيطاليا,1,0,قائمة حركة الشعب,205,3.62,3.62,agree,5665,0,0,25
إيطاليا,12,0,قائمة اندماج,192,3.39,3.39,agree,5665,0,0,25
إيطاليا,13,0,قائمة تونس أخرى,132,2.33,2.33,agree,5665,0,0,25
إيطاليا,14,0,قائمة أمل و عمل المستقلة,92,1.62,1.62,agree,5665,0,0,25
إيطاليا,15,0,قائمة التيار الديمقراطي,382,6.74,6.74,agree,5665,0,0,25
إيطاليا,16,0,قائمة آفاق تونس,120,2.12,2.12,agree,5665,0,0,25
إيطاليا,17,0,قائمة عيش تونمي صوت التونسيين بالخارج,141,2.49,2.49,agree,5665,0,0,25
إيطاليا,18,0,قائمة حركة شباب تونس الوطني,102,1.8,1.8,agree,5665,0,0,25
إيطاليا,19,0,قائمة حركة نداء تونس,68,1.2,1.2,agree,5665,0,0,25
إيطاليا,20,0,قائمة عايش تونمي في الغربة,113,1.99,1.99,agree,5665,0,0,25
إيطاليا,21,0,قائمة الجبهة الشعبية,26,0.46,0.46,agree,5665,0,0,25
إيطاليا,22,0,قائمة النصر,72,1.27,1.27,agree,5665,0,0,25
إيطاليا,23,0,قائمة حزب حركة الشباب نحن لها,54,0.95,0.95,agree,5665,0,0,25
إيطاليا,24,0,قائمة أحرارتونتس,46,0.81,0.81,agree,5665,0,0,25
فرنسا 2,1,0,قائمة حركة الشعب,723,4.76,4.76,agree,15203,1,1,26
فرنسا 2,2,0,قائمة صوت جاليتنا,336,2.21,2.21,agree,15203,1,1,26
فرنسا 2,3,0,قائمة راجعلك يا بلادى,169,1.11,1.11,agree,15203,1,1,26
فرنسا 2,4,0,قائمة صوتك امانة,112,0.74,0.74,agree,15203,1,1,26
فرنسا 2,5,0,قائمة الجبهة,126,0.83,0.83,agree,15203,1,1,26
فرنسا 2,6,0,قائمة حزب الامل,134,0.88,0.88,agree,15203,1,1,26
فرنسا 2,7,1,قائمة حركة نداء تونئنس,234,1.54,1.54,agree,15203,1,1,26
فرنسا 2,8,0,قائمة قلب تونس,2698,17.75,17.75,agree,15203,1,1,26
فرنسا 2,9,0,قائمة ائتلاف الكرامة,1431,9.41,9.41,agree,15203,1,1,26
فرنسا 2,10,0,قائمة حركة النهضة بفرنسا 2,3250,21.38,21.38,agree,15203,1,1,26
فرنسا 2,11,0,قائمة كلنا للوطن,144,0.95,0.95,agree,15203,1,1,26
فرنسا 2,12,0,قائمة الحزب الدستورى الحر,1025,6.74,6.74,agree,15203,1,1,26
فرنسا 2,13,0,قائمة توانسا بفرانسا,273,1.8,1.8,agree,15203,1,1,26
فرنسا 2,14,0,قائمة التحرك الوطنى لانقاذ تونئنس,217,1.43,1.43,agree,15203,1,1,26
فرنسا 2,15,0,قائمة امل و عمل المستقلة,406,2.67,2.67,agree,15203,1,1,26
فرنسا 2,16,0,قائمة آفاق تونس,238,1.57,1.57,agree,15203,1,1,26
فرنسا 2,17,0,قائمة تونس اخرى,176,1.16,1.16,agree,15203,1,1,26
فرنسا 2,18,0,قائمة عايش تونسى فى الغربة,381,2.91,2.51,differ,15203,1,1,26
فرنسا 2,19,0,قائمة حزب تيار المحبة,36,0.24,0.24,agree,15203,1,1,26
فرنسا 2,20,0,قائمة حركة تحيا توئس,509,3.35,3.35,agree,15203,1,1,26
فرنسا 2,21,0,قائمة عيش تونسى صوت التونسيين بالخارج,685,,4.51,differ,15203,1,1,26
فرنسا 2,22,0,قائمة الجبهة الشعبية,204,1.34,1.34,agree,15203,1,1,26
فرنسا 2,23,0,قائمة مواطنون و نشارك,54,0.36,0.36,agree,15203,1,1,26
فرنسا 2,24,0,قائمة حركة مشروع تونس,86,0.57,0.57,agree,15203,1,1,26
فرنسا 2,25,0,قائمة الاتحاد الديمقراطى الاجتماعى,174,,1.14,differ,15203,1,1,26
فرنسا 2,26,0,قائمة تونس قول وفعل,73,0.48,0.48,agree,15203,1,1,26
فرنسا 2,27,0,"قائمة الاتحاد الشعبى, الجمهورى",408,2.68,2.68,agree,15203,1,1,26
فرنسا 2,28,0,قائمة التيار الديمقراطى,772,5.08,5.08,agree,15203,1,1,26
فرنسا 2,29,0,قائمة البديل التونسىئ,129,0.85,0.85,agree,15203,1,1,26
فرنسا 1,1,0,قائمة الجبهة,159,0.7,0.7,agree,22704,1,1,27
فرنسا 1,2,0,قائمة أمل وعمل المستقلة,1842,8.11,8.11,agree,22704,1,1,27
فرنسا 1,3,0,قائمة حركة الشعب,971,4.28,4.28,agree,22704,1,1,27
فرنسا 1,4,0,قائمة تونس أخرى,396,1.74,1.74,agree,22704,1,1,27
فرنسا 1,5,0,,111,0.49,0.49,agree,22704,1,1,27
فرنسا 1,6,0,قائمة مواطنون و نشارك,173,0.76,0.76,agree,22704,1,1,27
فرنسا 1,7,0,قائمة آفاق تونس,709,3.12,3.12,agree,22704,1,1,27
فرنسا 1,8,0,,188,0.83,0.83,agree,22704,1,1,27
فرنسا 1,9,0,قائمة التكتل,348,1.53,1.53,agree,22704,1,1,27
فرنسا 1,10,0,قائمة تونس غدوة,935,,4.12,differ,22704,1,1,27
فرنسا 1,11,0,قائمة تواصل,34,0.15,0.15,agree,22704,1,1,27
فرنسا 1,12,0,قائمة المستقلون على العهد,156,0.69,0.69,agree,22704,1,1,27
فرنسا 1,13,0,قائمة حركة الهضة بفرنسا 1,5400,23.78,23.78,agree,22704,1,1,27
فرنسا 1,14,0,قائمة حركة مشروع تونس,303,1.33,1.33,agree,22704,1,1,27
فرنسا 1,15,0,قائمة قلب تونس,2297,10.12,10.12,agree,22704,1,1,27
فرنسا 1,16,0,قائمة جالية تونسنا,86,0.38,0.38,agree,22704,1,1,27
فرنسا 1,17,0,قائمة الموقف الحر,94,0.41,0.41,agree,22704,1,1,27
فرنسا 1,18,0,قائمة التيار الديمقراطي,2282,10.05,10.05,agree,22704,1,1,27
فرنسا 1,19,0,قائمة البديل التونسي,300,1.32,1.32,agree,22704,1,1,27
فرنسا 1,20,0,قائمة تونس في القلب,246,1.08,1.08,agree,22704,1,1,27
فرنسا 1,21,0,قائمة الحزب الدستوري الحر,1339,5.9,5.9,agree,22704,1,1,27
فرنسا 1,22,0,قائمة الاتحاد الديمقراطي الاجتماعي,465,2.05,2.05,agree,22704,1,1,27
فرنسا 1,23,0,قائمة الإتحاد,83,0.37,0.37,agree,22704,1,1,27
فرنسا 1,24,0,قائمة كلنا للوطن,19,0.08,0.08,agree,22704,1,1,27
فرنسا 1,25,0,قائمة حزب تيار المحبة,29,0.13,0.13,agree,22704,1,1,27
فرنسا 1,26,0,قائمة الوطن الجديد,118,0.52,0.52,agree,22704,1,1,27
فرنسا 1,27,0,,59,0.26,0.26,agree,22704,1,1,27
فرنسا 1,28,0,قائمة النصر لتونس,39,0.17,0.17,agree,22704,1,1,27
فرنسا 1,29,0,قائمة ائتلاف الكرامة,1781,7.84,7.84,agree,22704,1,1,27
فرنسا 1,30,0,قائمة حركة شباب تونس الوطني,91,0.4,0.4,agree,22704,1,1,27
فرنسا 1,31,0,قائمة حركة تحيا تونس,721,3.18,3.18,agree,22704,1,1,27
فرنسا 1,32,0,قائمة بني وطني,93,0.41,0.41,agree,22704,1,1,27
فرنسا 1,33,0,قائمة الجبهة الشعبية,217,0.96,0.96,agree,22704,1,1,27
فرنسا 1,34,0,قائمة حزب الامل,70,0.31,0.31,agree,22704,1,1,27
فرنسا 1,35,0,قائمة نحبك يا تونبس,32,0.14,0.14,agree,22704,1,1,27
فرنسا 1,36,0,قائمة عيش تونسي صوت التونسيين بالخارج,518,2.28,2.28,agree,22704,1,1,27
تطاوين,1,0,قائمة قلب تونس,656,2.07,2.07,agree,31700,1,1,28
تطاوين,2,0,قائمة حركة الشعب,1397,4.41,4.41,agree,31700,1,1,28
تطاوين,3,0,قائمة آفاق تونس,376,1.19,1.19,agree,31700,1,1,28
تطاوين,4,0,قائمة كلنا للوطن,141,0.44,0.44,agree,31700,1,1,28
تطاوين,5,0,قائمة البديل التونسي,348,1.1,1.1,agree,31700,1,1,28
تطاوين,6,0,قائمة الجهة,162,0.51,0.51,agree,31700,1,1,28
تطاوين,7,0,قائمة حركة تحيا تونس,1098,3.46,3.46,agree,31700,1,1,28
تطاوين,8,0,قائمة حزب تيار المحبة,141,0.44,0.44,agree,31700,1,1,28
تطاوين,9,0,قائمة الوفاء,682,2.15,2.15,agree,31700,1,1,28
تطاوين,10,0,قائمة تونس أخرى,389,1.23,1.23,agree,31700,1,1,28
تطاوين,11,0,قائمة حزب حركة أوفياء للوطن,223,0.7,0.7,agree,31700,1,1,28
تطاوين,12,0,قائمة الحزب الدستوري الحر,304,0.96,0.96,agree,31700,1,1,28
تطاوين,13,0,قائمة أمل تطاوين,1030,3.25,3.25,agree,31700,1,1,28
تطاوين,14,0,قائمة حركة شباب تونس الوطني,156,0.49,0.49,agree,31700,1,1,28
تطاوين,15,0,قائمة الوطن الجديد,468,1.48,1.48,agree,31700,1,1,28
تطاوين,16,0,قائمة أمل وعمل المستقلة,1332,4.2,4.2,agree,31700,1,1,28
تطاوين,17,0,قائمة حركة الهضة بتطاوين,12641,39.88,39.88,agree,31700,1,1,28
تطاوين,18,0,قائمة الاتحاد الديمقراطي الاجتماعي,615,1.94,1.94,agree,31700,1,1,28
تطاوين,19,0,قائمة حركة مشروع تونس,1516,4.78,4.78,agree,31700,1,1,28
تطاوين,20,0,قائمة حركة هلموا لتونس,352,,1.11,differ,31700,1,1,28
تطاوين,21,0,قائمة التيار الديمقراطي,387,1.22,1.22,agree,31700,1,1,28
تطاوين,22,0,,224,0.71,0.71,agree,31700,1,1,28
تطاوين,23,0,قائمة الاتحاد الوطني للمستقلين,811,2.56,2.56,agree,31700,1,1,28
تطاوين,24,0,قائمة ائتلاف الكرامة,3731,11.77,11.77,agree,31700,1,1,28
تطاوين,25,0,قائمة حزب الأمل,565,1.78,1.78,agree,31700,1,1,28
تطاوين,26,0,قائمة حركة نداء تونس,312,0.98,0.98,agree,31700,1,1,28
تطاوين,27,0,قائمة اعمار تطاوين,354,,1.12,differ,31700,1,1,28
تطاوين,28,0,قائمة حزب العدالة والتنمية,161,0.51,0.51,agree,31700,1,1,28
تطاوين,29,0,قائمة بني وطني,419,1.32,1.32,agree,31700,1,1,28
تطاوين,30,0,قائمة تحرّك,145,0.46,0.46,agree,31700,1,1,28
تطاوين,31,0,قائمة الحزب الاشتراكي الدستوري,212,0.67,0.67,agree,31700,1,1,28
تطاوين,32,0,قائمة أحرار,352,,1.11,differ,31700,1,1,28
قبلي,1,0,قائمة حركة الشعب,8226,16.41,16.41,agree,50121,1,1,29
قبلي,2,0,قائمة الحزب الدستوري الحر,1676,3.34,3.34,agree,50121,1,1,29
قبلي,3,0,قائمة حركة تحيا تونس,5105,10.19,10.19,agree,50121,1,1,29
قبلي,4,0,قائمة قلب تونس,1866,3.72,3.72,agree,50121,1,1,29
قبلي,5,0,قائمة العزة,188,0.38,0.38,agree,50121,1,1,29
قبلي,6,0,قائمة البديل التونبسي,384,0.77,0.77,agree,50121,1,1,29
قبلي,7,0,قائمة حركة نداء تونس,841,1.68,1.68,agree,50121,1,1,29
قبلي,8,0,قائمة تونس أخرى,1896,3.78,3.78,agree,50121,1,1,29
قبلي,9,0,قائمة معا نبني نفزاوة,515,1.03,1.03,agree,50121,1,1,29
قبلي,10,0,قائمة نفزاوة تجمعنا,955,1.91,1.91,agree,50121,1,1,29
قبلي,11,0,قائمة أمل و عمل المستقلة,302,0.6,0.6,agree,50121,1,1,29
قبلي,12,0,قائمة حركة مشروع تونس,300,0.6,0.6,agree,50121,1,1,29
قبلي,13,0,,238,0.47,0.47,agree,50121,1,1,29
قبلي,14,0,قائمة الجهية,851,1.7,1.7,agree,50121,1,1,29
قبلي,15,0,قائمة الثبات من أجل نفزاوة,497,0.99,0.99,agree,50121,1,1,29
قبلي,16,0,قائمة حزب تيّار المحبة,190,0.38,0.38,agree,50121,1,1,29
قبلي,17,0,قائمة التحدي,842,1.68,1.68,agree,50121,1,1,29
قبلي,18,0,قائمة ائتلاف الكرامة,7257,14.48,14.48,agree,50121,1,1,29
قبلي,19,0,قائمة التيار الديمقراطي,977,1.95,1.95,agree,50121,1,1,29
قبلي,20,0,قائمة حركة هلموا لتونس,225,0.45,0.45,agree,50121,1,1,29
قبلي,21,0,قائمة عيش توندسي,438,0.87,0.87,agree,50121,1,1,29
قبلي,22,0,قائمة حزب المؤتمرمن أجل الجمهورية,635,1.27,1.27,agree,50121,1,1,29
قبلي,23,0,قائمة من أجل قبلي الغد,341,0.68,0.68,agree,50121,1,1,29
قبلي,24,0,قائمة الحزب الاشتراكي,122,0.24,0.24,agree,50121,1,1,29
قبلي,25,0,قائمة درب الاحرار,977,1.95,1.95,agree,50121,1,1,29
قبلي,26,0,قائمة حزب الاتحاد الشعبي الجمهوري,452,0.9,0.9,agree,50121,1,1,29
قبلي,27,0,قائمة صوت شباب نفزاوة,137,0.27,0.27,agree,50121,1,1,29
قبلي,28,0,قائمة حزب الأمل,252,0.5,0.5,agree,50121,1,1,29
قبلي,29,0,قائمة الاتحاد الديمقراطي الاجتماعي,72,0.14,0.14,agree,50121,1,1,29
قبلي,30,0,قائمة كلنا للوطن,98,0.2,0.2,agree,50121,1,1,29
قبلي,31,0,قائمة العدالة,65,0.13,0.13,agree,50121,1,1,29
قبلي,32,0,قائمة نسور قبلي,320,0.64,0.64,agree,50121,1,1,29
قبلي,33,0,قائمة آفاق تونس,468,0.93,0.93,agree,50121,1,1,29
قبلي,34,0,قائمة حركة الهضة بقبلي,12413,24.77,24.77,agree,50121,1,1,29
سيدي بوزيد,1,0,قائمة الاقلاع,1069,1.08,1.08,agree,98989,0,0,30 31
سيدي بوزيد,2,0,قائمة حركة هلموا لتونس,1536,1.55,1.55,agree,98989,0,0,30 31
سيدي بوزيد,3,0,قائمة أحبك يا شعب,1648,1.66,1.66,agree,98989,0,0,30 31
سيدي بوزيد,4,0,قائمة حركة الشعب,6122,6.18,6.18,agree,98989,0,0,30 31
سيدي بوزيد,5,0,قائمة التيار الديمقراطي,2532,2.56,2.56,agree,98989,0,0,30 31
سيدي بوزيد,6,0,قائمة الجهة,2331,2.35,2.35,agree,98989,0,0,30 31
سيدي بوزيد,7,0,قائمة أمل وعمل المستقلة,618,0.62,0.62,agree,98989,0,0,30 31
سيدي بوزيد,8,0,قائمة البيان,902,0.91,0.91,agree,98989,0,0,30 31
سيدي بوزيد,9,0,قائمة حزب تيّار المحبة,2637,2.66,2.66,agree,98989,0,0,30 31
سيدي بوزيد,10,0,قائمة يحيا الوطن,2133,2.15,2.15,agree,98989,0,0,30 31
سيدي بوزيد,11,0,قائمة البديل التونبي,2733,2.76,2.76,agree,98989,0,0,30 31
سيدي بوزيد,12,0,قائمة شباب البلاد,687,0.69,0.69,agree,98989,0,0,30 31
سيدي بوزيد,13,0,قائمة الحزب الاشتراي,817,0.83,0.83,agree,98989,0,0,30 31
سيدي بوزيد,14,0,قائمة صوت سيدي بوزيد,771,0.78,0.78,agree,98989,0,0,30 31
سيدي بوزيد,15,0,قائمة صوت الجبة,1786,1.8,1.8,agree,98989,0,0,30 31
سيدي بوزيد,16,0,قائمة حزب صوت الفلاحين,947,0.96,0.96,agree,98989,0,0,30 31
سيدي بوزيد,17,0,قائمة الحزب الدستوري الحرّ,1740,1.76,1.76,agree,98989,0,0,30 31
سيدي بوزيد,18,0,,981,0.99,0.99,agree,98989,0,0,30 31
سيدي بوزيد,19,0,قائمة حزب الأمل,1425,1.44,1.44,agree,98989,0,0,30 31
سيدي بوزيد,20,0,قائمة زيتونتنا,829,0.84,0.84,agree,98989,0,0,30 31
سيدي بوزيد,21,0,قائمة الاتحاد الوطني للمستقلين,430,0.43,0.43,agree,98989,0,0,30 31
سيدي بوزيد,22,0,قائمة حركة نداء تونس,1745,1.76,1.76,agree,98989,0,0,30 31
سيدي بوزيد,23,0,قائمة صوتي حر,492,0.5,0.5,agree,98989,0,0,30 31
سيدي بوزيد,24,0,قائمة التغيير والتقدم,537,0.54,0.54,agree,98989,0,0,30 31
سيدي بوزيد,25,0,قائمة المصير المشترك,610,0.62,0.62,agree,98989,0,0,30 31
سيدي بوزيد,26,0,قائمة نزرع لنحصد,634,0.64,0.64,agree,98989,0,0,30 31
سيدي بوزيد,27,0,قائمة حركة أمل سيدي بوزيد,357,0.36,0.36,agree,98989,0,0,30 31
سيدي بوزيد,28,0,قائمة بوزيدنا,343,0.35,0.35,agree,98989,0,0,30 31
سيدي بوزيد,29,0,قائمة كلنا للوطن,393,0.4,0.4,agree,98989,0,0,30 31
سيدي بوزيد,30,0,قائمة حق موطني,976,0.99,0.99,agree,98989,0,0,30 31
سيدي بوزيد,31,0,قائمة التحدي,1064,1.07,1.07,agree,98989,0,0,30 31
سيدي بوزيد,32,0,قائمة عيش تونبي,682,0.69,0.69,agree,98989,0,0,30 31
سيدي بوزيد,34,0,قائمة تحرك,385,0.39,0.39,agree,98989,0,0,30 31
سيدي بوزيد,35,0,قائمة تونس أخرى,899,0.91,0.91,agree,98989,0,0,30 31
سيدي بوزيد,36,0,قائمة تونس الخير,424,0.43,0.43,agree,98989,0,0,30 31
سيدي بوزيد,37,0,قائمة سيدي بوزيد الكرامة,2349,2.37,2.37,agree,98989,0,0,30 31
سيدي بوزيد,38,0,قائمة غدوة خير,1042,1.05,1.05,agree,98989,0,0,30 31
سيدي بوزيد,39,0,قائمة الطريق,892,0.9,0.9,agree,98989,0,0,30 31
سيدي بوزيد,40,0,قائمة حزب المؤتمر من أجل الجمهورية,405,0.41,0.41,agree,98989,0,0,30 31
سيدي بوزيد,41,0,,1126,1.14,1.14,agree,98989,0,0,30 31
سيدي بوزيد,42,0,قائمة الوطن الجديد,883,0.89,0.89,agree,98989,0,0,30 31
سيدي بوزيد,43,0,قائمة مع بعضنا,611,0.62,0.62,agree,98989,0,0,30 31
سيدي بوزيد,44,0,قائمة حزب حركة شباب تونس الوطي,458,0.46,0.46,agree,98989,0,0,30 31
سيدي بوزيد,45,0,قائمة آفاق تونس,393,0.4,0.4,agree,98989,0,0,30 31
سيدي بوزيد,46,0,قائمة الوعد الصادق,380,0.38,0.38,agree,98989,0,0,30 31
سيدي بوزيد,47,0,قائمة الوطن أولا,410,0.41,0.41,agree,98989,0,0,30 31
سيدي بوزيد,48,0,قائمة شباب المزونة,2251,2.27,2.27,agree,98989,0,0,30 31
سيدي بوزيد,49,0,قائمة حركة تحيا تونس,2448,2.47,2.47,agree,98989,0,0,30 31
سيدي بوزيد,50,0,قائمة ائتلاف الكرامة,2860,2.89,2.89,agree,98989,0,0,30 31
سيدي بوزيد,51,0,قائمة حركة مشروع تونس,506,0.51,0.51,agree,98989,0,0,30 31
سيدي بوزيد,52,0,قائمة الجهة الشعبية,1803,1.82,1.82,agree,98989,0,0,30 31
سيدي بوزيد,53,0,قائمة يزي,1187,1.2,1.2,agree,98989,0,0,30 31
سيدي بوزيد,54,0,قائمة حالمون,238,0.24,0.24,agree,98989,0,0,30 31
سيدي بوزيد,55,0,قائمة قلب تونس,9382,9.48,9.48,agree,98989,0,0,30 31
سيدي بوزيد,56,0,قائمة سيلما,827,0.84,0.84,agree,98989,0,0,30 31
سيدي بوزيد,57,0,قائمة الهوض,855,0.86,0.86,agree,98989,0,0,30 31
سيدي بوزيد,58,0,قائمة بوزيد البية,571,0.58,0.58,agree,98989,0,0,30 31
سيدي بوزيد,59,0,قائمة الاحرار,72,0.07,0.07,agree,98989,0,0,30 31
سيدي بوزيد,60,0,قائمة اليد في اليد,263,0.27,0.27,agree,98989,0,0,30 31
سيدي بوزيد,61,0,قائمة الإقلاع نحو الأفضل,298,0.3,0.3,agree,98989,0,0,30 31
سيدي بوزيد,62,0,قائمة حزب أمل تونس,378,0.38,0.38,agree,98989,0,0,30 31
سيدي بوزيد,63,0,قائمة عيون المزونة,375,0.38,0.38,agree,98989,0,0,30 31
سيدي بوزيد,64,0,قائمة العزة,747,0.75,0.75,agree,98989,0,0,30 31
سيدي بوزيد,65,0,قائمة سيدي بوزيد توحدنا,411,0.42,0.42,agree,98989,0,0,30 31
سيدي بوزيد,66,0,قائمة الجيل الجديد,322,0.33,0.33,agree,98989,0,0,30 31
سيدي بوزيد,67,0,قائمة الاتحاد الديمقراطي الاجتماعي,632,0.64,0.64,agree,98989,0,0,30 31
سيدي بوزيد,68,0,قائمة بني وطني,104,0.11,0.11,agree,98989,0,0,30 31
سيدي بوزيد,69,0,قائمة حزب العدالة و التنمية,287,0.29,0.29,agree,98989,0,0,30 31
سيدي بوزيد,70,0,قائمة زهرة تونس,1447,1.46,1.46,agree,98989,0,0,30 31
سيدي بوزيد,71,0,قائمة معا من أجل سيدي بوزيد,1000,1.01,1.01,agree,98989,0,0,30 31
سيدي بوزيد,72,0,قائمة قادمون المستقلة,350,0.35,0.35,agree,98989,0,0,30 31
سيدي بوزيد,73,0,قائمة حركة الهضة بسيدي بوزيد,15609,15.77,15.77,agree,98989,0,0,30 31
صفاقس 2,1,0,قائمة السلام,747,0.47,0.47,agree,160432,0,0,32 33
صفاقس 2,2,0,قائمة الحزب الدستوري الحر,8096,5.05,5.05,agree,160432,0,0,32 33
صفاقس 2,3,0,قائمة بني وطني,1064,0.66,0.66,agree,160432,0,0,32 33
صفاقس 2,4,0,قائمة أمل و عمل المستقلة,2776,1.73,1.73,agree,160432,0,0,32 33
صفاقس 2,5,0,قائمة التحدي,1676,1.04,1.04,agree,160432,0,0,32 33
صفاقس 2,6,0,قائمة قلب تونس,22763,14.19,14.19,agree,160432,0,0,32 33
صفاقس 2,7,0,قائمة كلنا للوطن,921,0.57,0.57,agree,160432,0,0,32 33
صفاقس 2,8,0,,1037,0.65,0.65,agree,160432,0,0,32 33
صفاقس 2,9,0,قائمة رجع حق التوانسة,390,0.24,0.24,agree,160432,0,0,32 33
صفاقس 2,10,0,قائمة حركة نداء تونس,1644,1.02,1.02,agree,160432,0,0,32 33
صفاقس 2,11,0,قائمة عيش تونسي,2698,1.68,1.68,agree,160432,0,0,32 33
صفاقس 2,12,0,قائمة الجهة,1414,0.88,0.88,agree,160432,0,0,32 33
صفاقس 2,13,0,قائمة اتتلاف الكرامة,22177,13.82,13.82,agree,160432,0,0,32 33
صفاقس 2,14,0,قائمة الاتحاد الديمقراطي الاجتماعي,2535,1.58,1.58,agree,160432,0,0,32 33
صفاقس 2,15,0,قائمة التيار الديمقراطي,21838,13.61,13.61,agree,160432,0,0,32 33
صفاقس 2,16,0,قائمة النضال الوطني,725,0.45,0.45,agree,160432,0,0,32 33
صفاقس 2,17,0,قائمة اليد في اليد,1185,0.74,0.74,agree,160432,0,0,32 33
صفاقس 2,18,0,قائمة البديل التونسي,1474,0.92,0.92,agree,160432,0,0,32 33
صفاقس 2,19,0,قائمة صوت ذوي الهمم,593,0.37,0.37,agree,160432,0,0,32 33
صفاقس 2,20,0,قائمة حركة الهضة بصفاقس 2,31888,19.88,19.88,agree,160432,0,0,32 33
صفاقس 2,21,0,قائمة المنارة,357,0.22,0.22,agree,160432,0,0,32 33
صفاقس 2,22,0,قائمة صفاقس لميمة عزيزة علينا,529,0.33,0.33,agree,160432,0,0,32 33
صفاقس 2,23,0,قائمة النصر لتونس,343,0.21,0.21,agree,160432,0,0,32 33
صفاقس 2,24,0,قائمة حزب تيار المحبة,639,0.4,0.4,agree,160432,0,0,32 33
صفاقس 2,25,0,قائمة يد وحدة,2707,1.69,1.69,agree,160432,0,0,32 33
صفاقس 2,26,0,قائمة تونس أخرى,637,0.4,0.4,agree,160432,0,0,32 33
صفاقس 2,27,0,قائمة الجهة الشعبية,915,0.57,0.57,agree,160432,0,0,32 33
صفاقس 2,28,0,قائمة فرسان الحق,283,0.18,0.18,agree,160432,0,0,32 33
صفاقس 2,29,0,قائمة نظلف,329,0.21,0.21,agree,160432,0,0,32 33
صفاقس 2,30,0,قائمة الوطن الجديد,427,0.27,0.27,agree,160432,0,0,32 33
صفاقس 2,31,0,قائمة حركة مشروع تونس,3579,2.23,2.23,agree,160432,0,0,32 33
صفاقس 2,32,0,قائمة صوت لروحك,231,0.14,0.14,agree,160432,0,0,32 33
صفاقس 2,34,0,قائمة آفاق تونس,1817,1.13,1.13,agree,160432,0,0,32 33
صفاقس 2,35,0,ائمة التكتل الديمقراطي من أجل العمل و الحريا:,716,0.45,0.45,agree,160432,0,0,32 33
صفاقس 2,36,0,قائمة الحزب الاشتراكي الدستوري,814,0.51,0.51,agree,160432,0,0,32 33
صفاقس 2,37,0,قائمة حركة الشعب,7710,4.81,4.81,agree,160432,0,0,32 33
صفاقس 2,38,0,قائمة حركة شباب تونس الوطني,771,0.48,0.48,agree,160432,0,0,32 33
صفاقس 2,39,0,قائمة حزب الأمل,1088,0.68,0.68,agree,160432,0,0,32 33
صفاقس 2,40,0,قائمة صفاقسنا,1203,0.75,0.75,agree,160432,0,0,32 33
صفاقس 2,1,0,قائمة رؤى الشباب,1136,0.71,0.71,agree,160432,0,0,32 33
صفاقس 2,42,0,قائمة حركة تحيا تونس,4351,2.71,2.71,agree,160432,0,0,32 33
صفاقس 2,43,0,قائمة الرفاه,334,0.21,0.21,agree,160432,0,0,32 33
صفاقس 2,44,0,قائمة نسمة الحرية,280,0.17,0.17,agree,160432,0,0,32 33
صفاقس 2,45,0,قائمة حزب حركة الشباب نحن لها,364,0.23,0.23,agree,160432,0,0,32 33
قفصة,1,0,قائمة الفلاحة,1098,1.1,1.1,agree,99868,0,0,34 35
قفصة,2,0,قائمة حركة الشعب,9923,9.94,9.94,agree,99868,0,0,34 35
قفصة,3,0,قائمة الجهة,2818,2.82,2.82,agree,99868,0,0,34 35
قفصة,4,0,قائمة حزب تيّار المحبة,438,0.44,0.44,agree,99868,0,0,34 35
قفصة,5,0,قائمة أمل وعمل المستقلة,792,0.79,0.79,agree,99868,0,0,34 35
قفصة,6,0,قائمة حركة الهيضة بقفصة,16617,16.64,16.64,agree,99868,0,0,34 35
قفصة,7,0,قائمة كلنا للوطن,899,0.9,0.9,agree,99868,0,0,34 35
قفصة,8,0,قائمة عازمون,921,0.92,0.92,agree,99868,0,0,34 35
قفصة,9,0,قائمة الشباب المستقل,5467,5.47,5.47,agree,99868,0,0,34 35
قفصة,10,0,قائمة تونس أخرى,458,0.46,0.46,agree,99868,0,0,34 35
قفصة,11,0,قائمة الحزب الدستوري الحر,1672,1.67,1.67,agree,99868,0,0,34 35
قفصة,12,0,قائمة الخط 15,238,0.24,0.24,agree,99868,0,0,34 35
قفصة,13,0,قائمة حركة تحيا تونس,7852,7.86,7.86,agree,99868,0,0,34 35
قفصة,14,0,قائمة حزب حركة شباب تونس الوطني,725,0.73,0.73,agree,99868,0,0,34 35
قفصة,15,0,قائمة حزب حركة أوفياء للوطن,186,0.19,0.19,agree,99868,0,0,34 35
قفصة,16,0,قائمة التيار الديمقراطي,1983,1.99,1.99,agree,99868,0,0,34 35
قفصة,17,0,قائمة البديل التونسي,1329,1.33,1.33,agree,99868,0,0,34 35
قفصة,18,0,قائمة قفصة البية,550,0.55,0.55,agree,99868,0,0,34 35
قفصة,19,0,قائمة الاتحاد الوطني للمستقلين,454,0.45,0.45,agree,99868,0,0,34 35
قفصة,20,0,قائمة الاتحاد الشعبي الجمهوري بقفصة,1173,,1.17,differ,99868,0,0,34 35
قفصة,21,0,قائمة آفاق تونس,507,0.51,0.51,agree,99868,0,0,34 35
قفصة,22,0,قائمة حركة نداء تونس,708,0.71,0.71,agree,99868,0,0,34 35
قفصة,23,0,قائمة الحصاد,533,0.53,0.53,agree,99868,0,0,34 35
قفصة,24,0,قائمة الاتحاد الديمقراطي الاجتماعي,3947,3.95,3.95,agree,99868,0,0,34 35
قفصة,25,0,قائمة تحيا قفصة,451,0.45,0.45,agree,99868,0,0,34 35
قفصة,26,0,قائمة أحرار قفصة,320,0.32,0.32,agree,99868,0,0,34 35
قفصة,27,0,قائمة اللقاء الشعبي,451,0.45,0.45,agree,99868,0,0,34 35
قفصة,28,0,قائمة حلول للماء البطالة و التنمية,275,0.28,0.28,agree,99868,0,0,34 35
قفصة,29,0,قائمة ائتلاف الكرامة,2618,2.62,2.62,agree,99868,0,0,34 35
قفصة,30,0,قائمة الحزب الاشتراكي,226,0.23,0.23,agree,99868,0,0,34 35
قفصة,31,0,قائمة حركة مشروع توذنس,4280,4.29,4.29,agree,99868,0,0,34 35
قفصة,32,0,قائمة تحرّك,234,0.23,0.23,agree,99868,0,0,34 35
قفصة,34,0,قائمة قفصة أمانة,919,0.92,0.92,agree,99868,0,0,34 35
قفصة,35,0,قائمة حزب المؤتمرمن أجل الجمهورية,598,0.6,0.6,agree,99868,0,0,34 35
قفصة,36,0,قائمة بني وطني,274,0.27,0.27,agree,99868,0,0,34 35
قفصة,37,0,قائمة مواطنون و نشارك,2513,2.52,2.52,agree,99868,0,0,34 35
قفصة,38,0,قائمة حركة الشباب الإصلاحي,277,0.28,0.28,agree,99868,0,0,34 35
قفصة,39,0,,692,0.69,0.69,agree,99868,0,0,34 35
قفصة,40,0,قائمة التحالف من أجل تونس,355,0.36,0.36,agree,99868,0,0,34 35
قفصة,41,0,قائمة الوطن الجديد,556,0.56,0.56,agree,99868,0,0,34 35
قفصة,42,0,قائمة حزب حركة الشباب نحن لها,386,0.39,0.39,agree,99868,0,0,34 35
قفصة,43,0,القائمة المستقلة الواحيون,189,0.19,0.19,agree,99868,0,0,34 35
قفصة,44,0,قائمة الوفاء,850,0.85,0.85,agree,99868,0,0,34 35
قفصة,45,0,قائمة قفصة غدوة خير,163,0.16,0.16,agree,99868,0,0,34 35
قفصة,46,0,ائمة التكتل الديمقراطي من أجل العمل و الحربا:,205,0.21,0.21,agree,99868,0,0,34 35
قفصة,47,0,,886,0.89,0.89,agree,99868,0,0,34 35
قفصة,48,0,,707,0.71,0.71,agree,99868,0,0,34 35
قفصة,49,0,قائمة توازن,782,0.78,0.78,agree,99868,0,0,34 35
قفصة,50,0,قائمة السلام,160,0.16,0.16,agree,99868,0,0,34 35
قفصة,51,0,قائمة حزب الأمل,1637,1.64,1.64,agree,99868,0,0,34 35
قفصة,52,0,قائمة قفصة تنتصر,686,0.69,0.69,agree,99868,0,0,34 35
قفصة,53,0,قائمة شباب مبادرون,796,0.8,0.8,agree,99868,0,0,34 35
قفصة,54,0,قائمة حزب الخضر للتقدم,153,0.15,0.15,agree,99868,0,0,34 35
قفصة,55,0,قائمة صوت النقل,324,0.32,0.32,agree,99868,0,0,34 35
قفصة,56,0,قائمة قفصة المتضامنة,631,0.63,0.63,agree,99868,0,0,34 35
قفصة,57,0,قائمة حزب المسؤولية الوطنية,72,0.07,0.07,agree,99868,0,0,34 35
قفصة,58,0,قائمة الياسمين,125,0.13,0.13,agree,99868,0,0,34 35
قفصة,59,0,قائمة المجهر,62,0.06,0.06,agree,99868,0,0,34 35
قفصة,60,0,قائمة الرقٍ المستقلة,241,0.24,0.24,agree,99868,0,0,34 35
قفصة,61,0,قائمة إرادة و تحدي,269,0.27,0.27,agree,99868,0,0,34 35
قفصة,62,0,قائمة عيش تونبي,1336,1.34,1.34,agree,99868,0,0,34 35
قفصة,63,0,قائمة المرساة,325,0.33,0.33,agree,99868,0,0,34 35
قفصة,64,0,قائمة الناس الكل,283,0.28,0.28,agree,99868,0,0,34 35
قفصة,65,0,قائمة الجهة الشعبية,2498,2.5,2.5,agree,99868,0,0,34 35
قفصة,66,0,القائمة المستقلة للتنمية و الشغل,250,0.25,0.25,agree,99868,0,0,34 35
قفصة,67,0,قائمة صوت قفصة,949,0.95,0.95,agree,99868,0,0,34 35
قفصة,68,0,قائمة القدس,108,0.11,0.11,agree,99868,0,0,34 35
قفصة,69,0,قائمة بلادي كيما نحلم بها,225,0.23,0.23,agree,99868,0,0,34 35
قفصة,70,0,,7629,,7.64,differ,99868,0,0,34 35
القصرين,1,0,قائمة حزب تتّار المحبة,732,0.68,0.68,agree,107476,1,1,36 37
القصرين,2,0,قائمة قلب تونس,11981,11.15,11.15,agree,107476,1,1,36 37
القصرين,3,0,,2407,2.24,2.24,agree,107476,1,1,36 37
القصرين,4,0,قائمة حركة الشعب,2545,2.37,2.37,agree,107476,1,1,36 37
القصرين,5,0,قائمة الحزب الدستوري الحر,1041,0.97,0.97,agree,107476,1,1,36 37
القصرين,6,0,قائمة تونس أخرى,775,0.72,0.72,agree,107476,1,1,36 37
القصرين,7,0,قائمة القصرين للجميع,1186,1.1,1.1,agree,107476,1,1,36 37
القصرين,8,0,قائمة الجبهة الشعبية,1494,1.39,1.39,agree,107476,1,1,36 37
القصرين,9,0,قائمة مواطنون و نشارك,986,0.92,0.92,agree,107476,1,1,36 37
القصرين,10,0,قائمة الحزب الاشتراكي,1840,1.71,1.71,agree,107476,1,1,36 37
القصرين,11,0,قائمة نحب نعي,468,0.44,0.44,agree,107476,1,1,36 37
القصرين,12,0,قائمة التكتل,204,0.19,0.19,agree,107476,1,1,36 37
القصرين,13,0,قائمة التحالف من أجل تونس,1017,0.95,0.95,agree,107476,1,1,36 37
القصرين,14,0,قائمة آفاق تونس,1779,1.66,1.66,agree,107476,1,1,36 37
القصرين,15,0,قائمة ائتلاف الكرامة,2044,1.9,1.9,agree,107476,1,1,36 37
القصرين,16,0,قائمة ائتلاف الرجوع إلى الأصل,775,0.72,0.72,agree,107476,1,1,36 37
القصرين,17,0,قائمة القوة الصاعدة,513,0.48,0.48,agree,107476,1,1,36 37
القصرين,18,0,قائمة أرض السباسب,610,0.57,0.57,agree,107476,1,1,36 37
القصرين,19,0,قائمة البديل التّونسي,734,0.68,0.68,agree,107476,1,1,36 37
القصرين,20,0,قائمة العبور,1966,1.83,1.83,agree,107476,1,1,36 37
القصرين,21,0,قائمة حزب المسؤولية الوطنية,316,0.29,0.29,agree,107476,1,1,36 37
القصرين,22,0,قائمة حركة مشروع تونس,1150,1.07,1.07,agree,107476,1,1,36 37
القصرين,23,0,قائمة حركة النهضة بالقصرين,14170,13.18,13.18,agree,107476,1,1,36 37
القصرين,24,0,القائمة المستقلة الحرية,677,0.63,0.63,agree,107476,1,1,36 37
القصرين,25,0,قائمة الجبهة,580,0.54,0.54,agree,107476,1,1,36 37
القصرين,26,0,قائمة الحزب الاشتراكي الدستوري,4633,4.31,4.31,agree,107476,1,1,36 37
القصرين,27,0,قائمة الأحرار المتحدون,1860,1.73,1.73,agree,107476,1,1,36 37
القصرين,28,0,قائمة الاتحاد الديمقراطي الاجتماعي,717,0.67,0.67,agree,107476,1,1,36 37
القصرين,29,0,قائمة الإقلاع,1754,1.63,1.63,agree,107476,1,1,36 37
القصرين,30,0,قائمة شعلة الخير,326,0.3,0.3,agree,107476,1,1,36 37
القصرين,31,0,قائمة حزب أمل تونس,393,0.37,0.37,agree,107476,1,1,36 37
القصرين,32,0,قائمة حزب الأمل,683,0.64,0.64,agree,107476,1,1,36 37
القصرين,33,0,قائمة أمل وعمل المستقلة,405,0.38,0.38,agree,107476,1,1,36 37
القصرين,34,0,,704,0.66,0.66,agree,107476,1,1,36 37
القصرين,35,0,قائمة الاتحاد الشعبي الجمهوري,8582,7.99,7.99,agree,107476,1,1,36 37
القصرين,36,0,قائمة القصرين الغالية,752,0.7,0.7,agree,107476,1,1,36 37
القصرين,37,0,قائمة الشعانبي ينتصر,310,0.29,0.29,agree,107476,1,1,36 37
القصرين,38,0,قائمة حزب المؤتمر من أجل الجمهورية,248,0.23,0.23,agree,107476,1,1,36 37
القصرين,39,0,قائمة الوفاء بالعهد,6430,5.98,5.98,agree,107476,1,1,36 37
القصرين,40,0,قائمة حزب حركة أوفياء للوطن,331,0.31,0.31,agree,107476,1,1,36 37
القصرين,41,0,قائمة عيش تونسي,1390,1.29,1.29,agree,107476,1,1,36 37
القصرين,42,0,قائمة الوطن الجديد,898,0.84,0.84,agree,107476,1,1,36 37
القصرين,43,0,قائمة إيجابيون,707,0.66,0.66,agree,107476,1,1,36 37
القصرين,44,0,قائمة حركة شباب تونس الوطني,266,0.25,0.25,agree,107476,1,1,36 37
القصرين,45,0,قائمة حزب حركة الشباب نحن لها,220,0.2,0.2,agree,107476,1,1,36 37
القصرين,46,0,قائمة الشموخ,268,0.25,0.25,agree,107476,1,1,36 37
القصرين,47,0,قائمة قصارنية موش قصار النية,95,0.09,0.09,agree,107476,1,1,36 37
القصرين,48,0,قائمة رسالة شعب,613,0.57,0.57,agree,107476,1,1,36 37
القصرين,49,0,قائمة حركة تحيا تونس,3501,3.26,3.26,agree,107476,1,1,36 37
القصرين,50,0,قائمة بني وطني,195,0.18,0.18,agree,107476,1,1,36 37
القصرين,51,0,,1051,0.98,0.98,agree,107476,1,1,36 37
القصرين,52,0,قائمة السبيل,478,0.44,0.44,agree,107476,1,1,36 37
القصرين,53,0,قائمة سواعد الشباب,412,0.38,0.38,agree,107476,1,1,36 37
القصرين,54,0,قائمة الوصية,900,0.84,0.84,agree,107476,1,1,36 37
القصرين,55,0,قائمة الضمير,205,0.19,0.19,agree,107476,1,1,36 37
القصرين,56,0,قائمة كلنا للوطن,799,0.74,0.74,agree,107476,1,1,36 37
القصرين,57,0,قائمة السواعد,347,0.32,0.32,agree,107476,1,1,36 37
القصرين,58,0,قائمة التنمية والمواطنة,350,0.33,0.33,agree,107476,1,1,36 37
القصرين,59,0,قائمة أحبك يا شعب,777,0.72,0.72,agree,107476,1,1,36 37
القصرين,60,0,قائمة حركة نداء تونس,2648,2.46,2.46,agree,107476,1,1,36 37
القصرين,61,0,قائمة السفراء,2401,2.23,2.23,agree,107476,1,1,36 37
القصرين,62,0,قائمة التيار الديمقراطي,2123,1.98,1.98,agree,107476,1,1,36 37
القصرين,63,0,قائمة القصرين تتحد وتتغير,1377,1.28,1.28,agree,107476,1,1,36 37
القصرين,64,0,قائمة الفولارة,263,0.24,0.24,agree,107476,1,1,36 37
القصرين,65,0,قائمة المواطن المستقل,328,0.31,0.31,agree,107476,1,1,36 37
القصرين,66,0,قائمة الامتياز,4746,4.42,4.42,agree,107476,1,1,36 37
املنستير,1,0,قائمة البديل التّونسي,9830,6.45,6.45,agree,152370,1,1,38 39
املنستير,2,0,قائمة أمل وعمل المستقلة,3845,2.52,2.52,agree,152370,1,1,38 39
املنستير,3,0,قائمة الاتحاد الشعبي الجمهوري,6381,4.19,4.19,agree,152370,1,1,38 39
املنستير,4,0,قائمة ر ضاؤكم غايتنا,677,0.44,0.44,agree,152370,1,1,38 39
املنستير,5,0,قائمة التحدي,1676,1.1,1.1,agree,152370,1,1,38 39
املنستير,6,0,قائمة الحزب الدستوري الحر,26595,17.45,17.45,agree,152370,1,1,38 39
املنستير,7,0,قائمة حركة نداء تونس,3129,2.05,2.05,agree,152370,1,1,38 39
املنستير,8,1,قائمة التيار الديمقراطي,6226,4.09,4.09,agree,152370,1,1,38 39
املنستير,9,0,قائمة النضال الوطني,878,0.58,0.58,agree,152370,1,1,38 39
املنستير,10,0,,17580,11.54,11.54,agree,152370,1,1,38 39
املنستير,11,0,قائمة الأوفياء,682,0.45,0.45,agree,152370,1,1,38 39
املنستير,12,0,قائمة عيش تونسي,1996,1.31,1.31,agree,152370,1,1,38 39
املنستير,13,0,قائمة الجبهة,628,0.41,0.41,agree,152370,1,1,38 39
املنستير,14,0,قائمة حركة الشعب,5378,3.53,3.53,agree,152370,1,1,38 39
املنستير,15,0,قائمة الشباب يتحدى,610,0.4,0.4,agree,152370,1,1,38 39
املنستير,16,0,قائمة صمود تونس,417,0.27,0.27,agree,152370,1,1,38 39
املنستير,17,0,قائمة أحرار الدستور,1431,0.94,0.94,agree,152370,1,1,38 39
املنستير,18,0,قائمة الاتحاد الديمقراطي الاجتماعي,906,0.59,0.59,agree,152370,1,1,38 39
املنستير,19,0,قائمة كلنا للوطن,2331,1.53,1.53,agree,152370,1,1,38 39
املنستير,20,0,قائمة حزب تيار المحبة,292,0.19,0.19,agree,152370,1,1,38 39
املنستير,21,0,قائمة التكتل المدني,1003,0.66,0.66,agree,152370,1,1,38 39
املنستير,22,0,قائمة حركة النهضة بالمنستير,25665,16.84,16.84,agree,152370,1,1,38 39
املنستير,23,0,قائمة حركة مشروع تونس,5072,3.33,3.33,agree,152370,1,1,38 39
املنستير,24,0,قائمة الأرض الطيبة,535,0.35,0.35,agree,152370,1,1,38 39
املنستير,25,0,قائمة حركة هلموا لتونس,215,0.14,0.14,agree,152370,1,1,38 39
املنستير,26,0,قائمة النصر لتونس,249,0.16,0.16,agree,152370,1,1,38 39
املنستير,27,0,قائمة حزب تونس العمل,242,0.16,0.16,agree,152370,1,1,38 39
املنستير,28,0,قائمة حركة تحيا تونس,4534,2.98,2.98,agree,152370,1,1,38 39
املنستير,29,0,قائمة التكتل الديمقراطي من أجل العمل و الحريات,492,0.32,0.32,agree,152370,1,1,38 39
املنستير,30,0,قإئمةالمتوسظ,533,0.35,0.35,agree,152370,1,1,38 39
املنستير,31,0,قائمة الرابطة الخضراء,221,0.15,0.15,agree,152370,1,1,38 39
املنستير,32,0,قائمة أصحاب الهمم,1237,0.81,0.81,agree,152370,1,1,38 39
املنستير,33,0,قائمة الوفاء للوطن,827,0.54,0.54,agree,152370,1,1,38 39
املنستير,34,0,قائمة المُعاهِدِ,374,0.25,0.25,agree,152370,1,1,38 39
املنستير,35,0,قائمة ائتلاف الكرامة,5168,3.39,3.39,agree,152370,1,1,38 39
املنستير,36,0,قائمة العُلاً,708,0.46,0.46,agree,152370,1,1,38 39
املنستير,37,0,قائمة بني وطني,1982,1.3,1.3,agree,152370,1,1,38 39
املنستير,38,0,قائمة آفاق تونبس,1409,0.92,0.92,agree,152370,1,1,38 39
املنستير,39,0,قائمة الأصالة والتجديد,821,0.54,0.54,agree,152370,1,1,38 39
املنستير,40,0,قائمة حزب الأمل,532,0.35,0.35,agree,152370,1,1,38 39
املنستير,41,0,قائمة الجبهة الشعبية,1034,0.68,0.68,agree,152370,1,1,38 39
املنستير,42,0,قائمة حركة شباب تونس الوطني,695,0.46,0.46,agree,152370,1,1,38 39
املنستير,43,0,قائمة الاتحاد الوطني للمستقلين,659,0.43,0.43,agree,152370,1,1,38 39
املنستير,44,0,قائمة مواطنون و نشارك,3158,2.07,2.07,agree,152370,1,1,38 39
املنستير,45,0,قائمة الوطن الجديد,264,0.17,0.17,agree,152370,1,1,38 39
املنستير,46,0,قائمة طموح الشباب,1419,0.93,0.93,agree,152370,1,1,38 39
املنستير,47,0,قائمة غدوة خير,786,0.52,0.52,agree,152370,1,1,38 39
املنستير,48,0,قائمة العزيمة,218,0.14,0.14,agree,152370,1,1,38 39
املنستير,49,0,,309,0.2,0.2,agree,152370,1,1,38 39
املنستير,50,0,قائمة الفلاح البسيط,521,0.34,0.34,agree,152370,1,1,38 39
نابل 2,1,1,قائمة الحزب الدستوري الحر,7554,8.28,8.28,agree,91187,0,0,40 41
نابل 2,2,1,قائمة الجهة,990,1.09,1.09,agree,91187,0,0,40 41
نابل 2,38,0,القائمة المستقلة الفلاح,2314,2.54,2.54,agree,91187,0,0,40 41
نابل 2,39,1,قائمة حزب تيّار المحبة,675,0.74,0.74,agree,91187,0,0,40 41
نابل 2,40,1,قائمة مستقلون لأجل تونس,3845,4.22,4.22,agree,91187,0,0,40 41
نابل 2,41,1,قائمة أمل و عمل المستقلة,1245,1.37,1.37,agree,91187,0,0,40 41
نابل 2,42,1,قائمة الجهة الشعبية,745,0.82,0.82,agree,91187,0,0,40 41
نابل 2,8,0,,1665,1.83,1.83,agree,91187,0,0,40 41
نابل 2,9,1,قائمة أحبك يا شعب,527,0.58,0.58,agree,91187,0,0,40 41
نابل 2,10,0,قائمة كلنا للوطن,889,0.97,0.97,agree,91187,0,0,40 41
نابل 2,11,0,قائمة حزب حركة أوفياء للوطن,358,0.39,0.39,agree,91187,0,0,40 41
نابل 2,12,0,قائمة البنية التحتية و الفلاحة أولوية,1095,1.2,1.2,agree,91187,0,0,40 41
نابل 2,13,0,قائمة عيش تونبي,1913,2.1,2.1,agree,91187,0,0,40 41
نابل 2,14,1,قائمة حركة الهضة بنابل 2,13417,14.71,14.71,agree,91187,0,0,40 41
نابل 2,15,0,قائمة التيار الديمقراطي,5320,5.83,5.83,agree,91187,0,0,40 41
نابل 2,16,0,قائمة تونس أخرى,304,0.33,0.33,agree,91187,0,0,40 41
نابل 2,17,0,قائمة البديل التونسي,2675,2.93,2.93,agree,91187,0,0,40 41
نابل 2,18,0,قائمة حزب المؤتمر من أجل الجمهورية,427,0.47,0.47,agree,91187,0,0,40 41
نابل 2,19,0,قائمة آفاق تونس,2380,2.61,2.61,agree,91187,0,0,40 41
نابل 2,20,0,قائمة مواطنون و نشارك,1786,1.96,1.96,agree,91187,0,0,40 41
نابل 2,21,0,قائمة المثابرة,767,0.84,0.84,agree,91187,0,0,40 41
نابل 2,22,0,قائمة الإتحاد,585,0.64,0.64,agree,91187,0,0,40 41
نابل 2,23,0,قائمة الوطن الجديد,781,0.86,0.86,agree,91187,0,0,40 41
نابل 2,24,1,قائمة قلب تونس,15924,17.46,17.46,agree,91187,0,0,40 41
نابل 2,25,0,قائمة حزب الأمل,847,0.93,0.93,agree,91187,0,0,40 41
نابل 2,26,0,قائمة الاإتحاد الديمقراطي الاجتماعي,1034,,1.13,differ,91187,0,0,40 41
نابل 2,27,0,قائمة بني وطني,282,0.31,0.31,agree,91187,0,0,40 41
نابل 2,28,0,قائمة حركة مشروع تونس,908,1.0,1.0,agree,91187,0,0,40 41
نابل 2,29,0,قائمة ائتلاف الكرامة,5810,6.37,6.37,agree,91187,0,0,40 41
نابل 2,30,0,قائمة حزب صوت الفلاحين,596,0.65,0.65,agree,91187,0,0,40 41
نابل 2,31,0,قائمة المستقلون الديمقراطيون,112,0.12,0.12,agree,91187,0,0,40 41
نابل 2,32,0,قائمة النصر لتونس,214,0.23,0.23,agree,91187,0,0,40 41
نابل 2,33,0,قائمة الحزب الاشتراكي الدستوري,749,0.82,0.82,agree,91187,0,0,40 41
نابل 2,34,1,قائمة تاج الدخلة,428,0.47,0.47,agree,91187,0,0,40 41
نابل 2,35,0,قائمة حركة الشعب,2287,2.51,2.51,agree,91187,0,0,40 41
نابل 2,36,0,قائمة الاتحاد الوطني للمستقلين,183,0.2,0.2,agree,91187,0,0,40 41
نابل 2,37,0,قائمة نحبك يا تونس,588,0.64,0.64,agree,91187,0,0,40 41
نابل 2,39,0,قائمة فيق !,722,0.79,0.79,agree,91187,0,0,40 41
نابل 2,40,0,قائمة من أجل تأسيس جديد,868,0.95,0.95,agree,91187,0,0,40 41
نابل 2,41,0,قائمة حركة تحيا تونس,6725,7.37,7.37,agree,91187,0,0,40 41
الكاف,1,0,,784,1.42,1.42,agree,55032,1,1,42 43
الكاف,2,0,قائمة وقيت...قايمتنا,1407,2.56,2.56,agree,55032,1,1,42 43
الكاف,3,0,قائمة كلنا للوطن,907,1.65,1.65,agree,55032,1,1,42 43
الكاف,4,0,قائمة حركة شباب تونس الوطني,921,1.67,1.67,agree,55032,1,1,42 43
الكاف,5,0,قائمة الكاف في القلب,878,1.6,1.6,agree,55032,1,1,42 43
الكاف,6,0,,1324,2.41,2.41,agree,55032,1,1,42 43
الكاف,7,0,قائمة البديل التونسي,1230,2.24,2.24,agree,55032,1,1,42 43
الكاف,8,0,قائمة الجبية,962,1.75,1.75,agree,55032,1,1,42 43
الكاف,9,0,قائمة حركة مشروع تونس,1758,3.19,3.19,agree,55032,1,1,42 43
الكاف,10,0,قائمة دريم,207,0.38,0.38,agree,55032,1,1,42 43
الكاف,11,0,قائمة حركة هلموا لتونس,210,0.38,0.38,agree,55032,1,1,42 43
الكاف,12,0,قائمة آفاق تونس,355,0.65,0.65,agree,55032,1,1,42 43
الكاف,13,0,قائمة حركة نداء تونس,469,0.85,0.85,agree,55032,1,1,42 43
الكاف,14,0,,1499,2.72,2.72,agree,55032,1,1,42 43
الكاف,15,0,,382,0.69,0.69,agree,55032,1,1,42 43
الكاف,16,0,قائمة حركة الشعب,1978,3.59,3.59,agree,55032,1,1,42 43
الكاف,17,0,"قائمة كلمة وحدة ""الكاف""",1344,2.44,2.44,agree,55032,1,1,42 43
الكاف,18,0,قائمة الاتحاد الديمقراطي الاجتماعي,408,0.74,0.74,agree,55032,1,1,42 43
الكاف,19,0,قائمة عيش تونسي,562,1.02,1.02,agree,55032,1,1,42 43
الكاف,20,0,قائمة قلب تونس,13085,23.78,23.78,agree,55032,1,1,42 43
الكاف,21,0,قائمة الاتحاد الوطني للمستقلين,347,0.63,0.63,agree,55032,1,1,42 43
الكاف,22,0,,517,0.94,0.94,agree,55032,1,1,42 43
الكاف,23,0,قائمة الكاف العالي,766,1.39,1.39,agree,55032,1,1,42 43
الكاف,24,0,قائمة بني وطني,398,0.72,0.72,agree,55032,1,1,42 43
الكاف,25,0,قائمة تونس أخرى,349,0.63,0.63,agree,55032,1,1,42 43
الكاف,26,0,قائمة الوطن الجديد,229,0.42,0.42,agree,55032,1,1,42 43
الكاف,27,0,قائمة التيار الديمقراطي,1887,3.43,3.43,agree,55032,1,1,42 43
الكاف,28,0,قائمة أولاد البلاد,442,0.8,0.8,agree,55032,1,1,42 43
الكاف,29,0,قائمة الحزب الاشتراي,590,1.07,1.07,agree,55032,1,1,42 43
الكاف,30,0,قائمة الفلاحة هي الحل,1463,2.66,2.66,agree,55032,1,1,42 43
الكاف,31,0,قائمة حزب تيّار المحبة,300,0.55,0.55,agree,55032,1,1,42 43
الكاف,32,0,قائمة المستقلون الأحرار,999,1.82,1.82,agree,55032,1,1,42 43
الكاف,33,0,قائمة الكاف وقتاش,691,1.26,1.26,agree,55032,1,1,42 43
الكاف,34,0,قائمة حركة تحيا تونس,1006,1.83,1.83,agree,55032,1,1,42 43
الكاف,35,0,قائمة الحزب الاشتراكي الدستوري,206,0.37,0.37,agree,55032,1,1,42 43
الكاف,36,0,قائمة الكرامة و الأمل,172,0.31,0.31,agree,55032,1,1,42 43
الكاف,37,0,قائمة بدّل العقلية,282,0.51,0.51,agree,55032,1,1,42 43
الكاف,38,0,قائمة الرجوع إلى الأصل,156,0.28,0.28,agree,55032,1,1,42 43
الكاف,39,0,قائمة أنقذ تونس,109,0.2,0.2,agree,55032,1,1,42 43
الكاف,40,0,قائمة أحرار الكاف,443,0.8,0.8,agree,55032,1,1,42 43
الكاف,41,0,قائمة التحدي,356,0.65,0.65,agree,55032,1,1,42 43
الكاف,42,0,قائمة الكاف هي الكل,406,0.74,0.74,agree,55032,1,1,42 43
الكاف,43,0,,129,0.23,0.23,agree,55032,1,1,42 43
الكاف,44,0,قائمة الكاف حرة,1173,2.13,2.13,agree,55032,1,1,42 43
الكاف,45,0,قائمة ائتلاف الكرامة,1122,2.04,2.04,agree,55032,1,1,42 43
الكاف,46,0,قائمة الجبهة الشعبية,1014,1.84,1.84,agree,55032,1,1,42 43
الكاف,47,0,قائمة الشجرة الطيبة,125,0.23,0.23,agree,55032,1,1,42 43
الكاف,48,0,قائمة أمل وعمل المستقلة,250,0.45,0.45,agree,55032,1,1,42 43
الكاف,49,0,قائمة الكاف تسكننا,410,0.75,0.75,agree,55032,1,1,42 43
الكاف,50,0,قائمة حزب الأمل,494,0.9,0.9,agree,55032,1,1,42 43
الكاف,51,0,قائمة حركة اللنهضة بالكاف,7531,13.68,13.68,agree,55032,1,1,42 43
جندوبة,1,0,قائمة الجهة الشعبية,4057,5.31,5.31,agree,76425,0,0,44 45
جندوبة,2,0,قائمة سنابل جندوبة,1618,2.12,2.12,agree,76425,0,0,44 45
جندوبة,3,0,قائمة حركة الشعب,4849,6.34,6.34,agree,76425,0,0,44 45
جندوبة,4,0,قائمة قلب تونس,17633,23.07,23.07,agree,76425,0,0,44 45
جندوبة,5,0,قائمة تونس المتألقة,349,0.46,0.46,agree,76425,0,0,44 45
جندوبة,6,0,قائمة حركة مشروع تونس,924,1.21,1.21,agree,76425,0,0,44 45
جندوبة,7,0,قائمة لنكن معا,481,0.63,0.63,agree,76425,0,0,44 45
جندوبة,8,0,قائمة تونس الي نحبوها,422,0.55,0.55,agree,76425,0,0,44 45
جندوبة,9,0,قائمة الحزب الدستوري الحر,1714,2.24,2.24,agree,76425,0,0,44 45
جندوبة,10,0,قائمة حركة نداء تونس,663,0.87,0.87,agree,76425,0,0,44 45
جندوبة,11,0,قائمة حركة هلموا لتونس,477,0.62,0.62,agree,76425,0,0,44 45
جندوبة,12,0,قائمة حركة تحيا تونس,4009,5.25,5.25,agree,76425,0,0,44 45
جندوبة,13,0,قائمة الجية,597,0.78,0.78,agree,76425,0,0,44 45
جندوبة,14,0,قائمة صوت الضمير,475,0.62,0.62,agree,76425,0,0,44 45
جندوبة,15,0,قائمة البديل التونسي,312,0.41,0.41,agree,76425,0,0,44 45
جندوبة,16,0,قائمة الحزب الاشتراكي الدستوري,760,0.99,0.99,agree,76425,0,0,44 45
جندوبة,17,0,قائمة الاقلاع بجندوبة,1403,1.84,1.84,agree,76425,0,0,44 45
جندوبة,18,0,قائمة أمل وعمل المستقلة,725,0.95,0.95,agree,76425,0,0,44 45
جندوبة,19,0,قائمة عيش تونبسي,1022,1.34,1.34,agree,76425,0,0,44 45
جندوبة,20,0,قائمة كفانا...,685,0.9,0.9,agree,76425,0,0,44 45
جندوبة,21,0,قائمة تونس أخرى,891,1.17,1.17,agree,76425,0,0,44 45
جندوبة,22,0,قائمة من أجل الوطن,312,0.41,0.41,agree,76425,0,0,44 45
جندوبة,23,0,قائمة الرابطة الخضبراء,317,0.41,0.41,agree,76425,0,0,44 45
جندوبة,24,0,قائمة حزب المؤتمرمن أجل الجمهورية,283,0.37,0.37,agree,76425,0,0,44 45
جندوبة,25,0,قائمة حركة الهضة بجندوبة,11798,15.44,15.44,agree,76425,0,0,44 45
جندوبة,26,0,قائمة صوت الفلاحين,2687,3.52,3.52,agree,76425,0,0,44 45
جندوبة,27,0,قائمة رابطة الأحرار للعدالة والتنمية,1368,1.79,1.79,agree,76425,0,0,44 45
جندوبة,28,0,قائمة ائتلاف الكرامة,2892,3.78,3.78,agree,76425,0,0,44 45
جندوبة,29,0,,1371,1.79,1.79,agree,76425,0,0,44 45
جندوبة,30,0,قائمة شمس خمير,1817,2.38,2.38,agree,76425,0,0,44 45
جندوبة,31,0,قائمة الاتحاد الديمقراطي الاجتماعي,434,0.57,0.57,agree,76425,0,0,44 45
جندوبة,32,0,قائمة الوفاء لجندوبة,404,0.53,0.53,agree,76425,0,0,44 45
جندوبة,33,0,قائمة كلنا للوطن,1030,1.35,1.35,agree,76425,0,0,44 45
جندوبة,34,0,قائمة جندوبة تجمعنا,275,0.36,0.36,agree,76425,0,0,44 45
جندوبة,36,0,قائمة إلى الأمام جندوبة القوى الديمقراطية,162,0.21,0.21,agree,76425,0,0,44 45
جندوبة,37,0,قائمة حزب الأمل,485,0.63,0.63,agree,76425,0,0,44 45
جندوبة,38,0,قائمة جندوبة تتحدى,289,0.38,0.38,agree,76425,0,0,44 45
جندوبة,39,0,قائمة حزب حركة الشباب نحن لها,504,0.66,0.66,agree,76425,0,0,44 45
جندوبة,40,0,قائمة النجاح المستقلة بجندوبة,702,0.92,0.92,agree,76425,0,0,44 45
جندوبة,41,0,قائمة حزب تيّار المحبة,179,0.23,0.23,agree,76425,0,0,44 45
جندوبة,42,0,قائمة صوت المستقبل,328,0.43,0.43,agree,76425,0,0,44 45
جندوبة,43,0,قاتمة الحزب الاشتراكي,382,0.5,0.5,agree,76425,0,0,44 45
جندوبة,44,0,قائمة تحيا جندوبة,411,0.54,0.54,agree,76425,0,0,44 45
جندوبة,45,0,قائمة مواطنون ونشارك,723,0.95,0.95,agree,76425,0,0,44 45
جندوبة,46,0,قائمة صدى الشمال,600,0.79,0.79,agree,76425,0,0,44 45
جندوبة,47,0,قائمة حقنا,309,0.4,0.4,agree,76425,0,0,44 45
جندوبة,48,0,قائمة التيار الديمقراطي,1209,1.58,1.58,agree,76425,0,0,44 45
جندوبة,49,0,قائمة بني وطني,344,0.45,0.45,agree,76425,0,0,44 45
جندوبة,50,0,قائمة وطن عادل,573,0.75,0.75,agree,76425,0,0,44 45
زغوان,1,0,قائمة الحزب الاشتراي,1191,2.43,2.43,agree,49091,0,1,46 47
زغوان,2,0,قائمة من أجل مستقبل أفضل,1336,2.72,2.72,agree,49091,0,1,46 47
زغوان,3,0,قائمة الخير,1788,3.64,3.64,agree,49091,0,1,46 47
زغوان,4,0,قائمة كلنا زغوان,1264,2.57,2.57,agree,49091,0,1,46 47
زغوان,5,0,القائمة المستقلة الميثاق,134,0.27,0.27,agree,49091,0,1,46 47
زغوان,6,0,قائمة شباب التحدي,249,0.51,0.51,agree,49091,0,1,46 47
زغوان,7,0,قائمة حزب تيار المحبة,382,0.78,0.78,agree,49091,0,1,46 47
زغوان,8,0,قائمة قلب تونس,4873,9.93,9.93,agree,49091,0,1,46 47
زغوان,9,0,,1136,2.31,2.31,agree,49091,0,1,46 47
زغوان,10,0,قائمة عيش تونسي,969,1.97,1.97,agree,49091,0,1,46 47
زغوان,11,0,قائمة الحزب الدستوري الحر,2012,4.1,4.1,agree,49091,0,1,46 47
زغوان,12,0,قائمة التيار الديمقراطي,1459,2.97,2.97,agree,49091,0,1,46 47
زغوان,13,0,قائمة الوفاء للجميع,1189,2.42,2.42,agree,49091,0,1,46 47
زغوان,14,0,قائمة حركة الهضة بزغوان,6304,12.84,12.84,agree,49091,0,1,46 47
زغوان,15,0,قائمة حزب الرحمة,1446,2.95,2.95,agree,49091,0,1,46 47
زغوان,16,0,قائمة الجهة,335,0.68,0.68,agree,49091,0,1,46 47
زغوان,17,0,,451,0.92,0.92,agree,49091,0,1,46 47
زغوان,18,0,قائمة حزب الأمل,1422,2.9,2.9,agree,49091,0,1,46 47
زغوان,19,0,قائمة الجهة الشعبية,351,0.71,0.71,agree,49091,0,1,46 47
زغوان,20,0,قائمة حزب أمل تونس,443,0.9,0.9,agree,49091,0,1,46 47
زغوان,21,0,قائمة حركة مشروع تونس,1144,2.33,2.33,agree,49091,0,1,46 47
زغوان,22,0,قائمة حركة الشعب,991,2.02,2.02,agree,49091,0,1,46 47
زغوان,23,0,قائمة البديل التونسي,699,1.42,1.42,agree,49091,0,1,46 47
زغوان,24,0,قائمة ويكيليكس زغوان,484,0.99,0.99,agree,49091,0,1,46 47
زغوان,25,0,قائمة القلم,732,1.49,1.49,agree,49091,0,1,46 47
زغوان,26,0,قائمة أمل وعمل المستقلة,816,1.66,1.66,agree,49091,0,1,46 47
زغوان,27,0,قائمة حركة نداء تونس,2272,4.63,4.63,agree,49091,0,1,46 47
زغوان,28,0,قائمة كلنا للوطن,750,1.53,1.53,agree,49091,0,1,46 47
زغوان,29,0,قائمة الرجوع إلى الأصصل,625,1.27,1.27,agree,49091,0,1,46 47
زغوان,30,0,قائمة الاتحاد الديمقراطي الاجتماعي,938,1.91,1.91,agree,49091,0,1,46 47
زغوان,31,0,قائمة التكتل,290,0.59,0.59,agree,49091,0,1,46 47
زغوان,32,0,قائمة الكواسر,561,1.14,1.14,agree,49091,0,1,46 47
زغوان,33,0,قائمة الاتحاد الوطني للمستقلين,304,0.62,0.62,agree,49091,0,1,46 47
زغوان,34,1,قائمة الطموح,277,0.56,0.56,agree,49091,0,1,46 47
زغوان,35,0,قائمة فيق لزغوان,490,1.0,1.0,agree,49091,0,1,46 47
زغوان,36,0,قائمة أفاق تونس,404,0.82,0.82,agree,49091,0,1,46 47
زغوان,37,0,قائمة زغوان تجمعنا,1094,2.23,2.23,agree,49091,0,1,46 47
زغوان,38,0,قائمة تونس للجميع,341,0.69,0.69,agree,49091,0,1,46 47
زغوان,39,0,قائمة حركة هلموا لتونس,77,0.16,0.16,agree,49091,0,1,46 47
زغوان,40,1,قائمة حركة تحيا تونس,1641,3.34,3.34,agree,49091,0,1,46 47
زغوان,41,1,قائمة بني وطني,83,0.17,0.17,agree,49091,0,1,46 47
زغوان,42,1,قائمة الخيرالجميع,275,0.56,0.56,agree,49091,0,1,46 47
زغوان,43,1,قائمة تونس أخرى,210,0.43,0.43,agree,49091,0,1,46 47
زغوان,44,0,قائمة المستقلون الديمقراطيون,57,0.12,0.12,agree,49091,0,1,46 47
زغوان,8,0,قائمة العبور,328,0.67,0.67,agree,49091,0,1,46 47
زغوان,9,1,قائمة الحضارة و الازدهار,140,0.29,0.29,agree,49091,0,1,46 47
زغوان,10,1,قائمة الهمة العالية,151,0.31,0.31,agree,49091,0,1,46 47
زغوان,11,1,قائمة الغيث النافع,450,0.92,0.92,agree,49091,0,1,46 47
زغوان,12,1,قائمة أمل بلادي,364,0.74,0.74,agree,49091,0,1,46 47
زغوان,50,0,قائمة ائتلاف الكرامة,599,1.22,1.22,agree,49091,0,1,46 47
زغوان,51,0,,240,0.49,0.49,agree,49091,0,1,46 47
زغوان,52,0,قائمة زغوان تنادينا,1275,2.6,2.6,agree,49091,0,1,46 47
زغوان,53,0,قائمة الوطن الجديد,1255,2.56,2.56,agree,49091,0,1,46 47
منوبة,1,0,قائمة الجهة,855,0.94,0.94,agree,91010,0,0,48 49
منوبة,2,0,قائمة الثقة,302,0.33,0.33,agree,91010,0,0,48 49
منوبة,3,0,قائمة الاتحاد الشعبي الجمهوري,3058,3.36,3.36,agree,91010,0,0,48 49
منوبة,4,0,قائمة رجال ونساء تونس,1024,1.13,1.13,agree,91010,0,0,48 49
منوبة,5,0,قائمة التيار الديمقراطي,7080,7.18,7.78,differ,91010,0,0,48 49
منوبة,6,0,قائمة صوتكم أمانة,509,0.56,0.56,agree,91010,0,0,48 49
منوبة,7,0,قائمة أولاد الحومة,780,0.86,0.86,agree,91010,0,0,48 49
منوبة,8,0,قائمة الحزب الدستوري الحر,3711,4.08,4.08,agree,91010,0,0,48 49
منوبة,9,0,قائمة قلب تونس,15297,16.81,16.81,agree,91010,0,0,48 49
منوبة,10,0,قائمة الشباب هو الحل,367,0.4,0.4,agree,91010,0,0,48 49
منوبة,11,0,قائمة حزب تيّار المحبة,312,0.34,0.34,agree,91010,0,0,48 49
منوبة,12,0,قائمة حركة شباب تونس الوطني,652,0.72,0.72,agree,91010,0,0,48 49
منوبة,13,0,قائمة أمل وعمل المستقلة,1187,1.3,1.3,agree,91010,0,0,48 49
منوبة,14,0,قائمة حزب الرحمة,4615,5.07,5.07,agree,91010,0,0,48 49
منوبة,15,0,قائمة وقيتنا,320,0.35,0.35,agree,91010,0,0,48 49
منوبة,16,0,قائمة حركة الشعب,4088,4.49,4.49,agree,91010,0,0,48 49
منوبة,17,0,قائمة حركة نداء تونس,1500,1.65,1.65,agree,91010,0,0,48 49
منوبة,18,0,قائمة تونس أخرى,454,0.5,0.5,agree,91010,0,0,48 49
منوبة,19,0,قائمة ائتلاف الكرامة,6091,6.69,6.69,agree,91010,0,0,48 49
منوبة,20,0,قائمة بلادنا,354,0.39,0.39,agree,91010,0,0,48 49
منوبة,21,0,قائمة حركة مشروع تونس,877,0.96,0.96,agree,91010,0,0,48 49
منوبة,22,0,قائمة حركة الهضة بمنوبة,18866,20.73,20.73,agree,91010,0,0,48 49
منوبة,23,0,قائمة حزب حركة أوفياء للوطن,374,0.41,0.41,agree,91010,0,0,48 49
منوبة,24,0,قائمة غدوة خير,1179,1.3,1.3,agree,91010,0,0,48 49
منوبة,25,0,قائمة مواطنون ونشارك,593,0.65,0.65,agree,91010,0,0,48 49
منوبة,26,0,قائمة اتحاد القوى الشبابية,803,0.88,0.88,agree,91010,0,0,48 49
منوبة,27,0,قائمة الجهة الشعبية,664,0.73,0.73,agree,91010,0,0,48 49
منوبة,28,0,قائمة منوبة الجميلة,680,0.75,0.75,agree,91010,0,0,48 49
منوبة,29,0,حزب التكتل الديمقراطي من أجل العمل وال-,105,0.12,0.12,agree,91010,0,0,48 49
منوبة,30,0,قائمة من أجل غد أفضل,265,0.29,0.29,agree,91010,0,0,48 49
منوبة,31,0,قائمة الحزب الاشتراكي الدستوري,765,0.84,0.84,agree,91010,0,0,48 49
منوبة,32,0,قائمة البديل التونسي,581,0.64,0.64,agree,91010,0,0,48 49
منوبة,33,0,قائمة الاتحاد الديمقراطي الاجتماءعي,913,1.0,1.0,agree,91010,0,0,48 49
منوبة,34,0,قائمة حركة هلموا لتونس,252,0.28,0.28,agree,91010,0,0,48 49
منوبة,35,0,قائمة الاتحاد الوطني للمستقلين,664,0.73,0.73,agree,91010,0,0,48 49
منوبة,37,0,قائمة الحزب الاشتراي,177,0.19,0.19,agree,91010,0,0,48 49
منوبة,38,0,قائمة بني وطني,223,0.25,0.25,agree,91010,0,0,48 49
منوبة,39,0,قائمة كلنا للوطن,353,0.39,0.39,agree,91010,0,0,48 49
منوبة,40,0,قائمة نحن منوبة,529,0.58,0.58,agree,91010,0,0,48 49
منوبة,41,0,قائمة أنقذ تونس,151,0.17,0.17,agree,91010,0,0,48 49
منوبة,42,0,قائمة عيش تونبسي,1335,1.47,1.47,agree,91010,0,0,48 49
منوبة,43,0,قائمة تحرّك,174,0.19,0.19,agree,91010,0,0,48 49
منوبة,44,0,,263,0.29,0.29,agree,91010,0,0,48 49
منوبة,45,0,قائمة حزب الأمل,294,0.32,0.32,agree,91010,0,0,48 49
منوبة,46,0,قائمة حركة تحيا تونس,2678,2.94,2.94,agree,91010,0,0,48 49
منوبة,47,0,قائمة حزب أمل تونس,329,0.36,0.36,agree,91010,0,0,48 49
منوبة,48,0,قائمة سواعد المرناقية,181,0.2,0.2,agree,91010,0,0,48 49
منوبة,49,0,قائمة صوت منوبة في البرلمان,1168,1.28,1.28,agree,91010,0,0,48 49
منوبة,50,0,قائمة حزب حركة الشباب نحن لها,353,0.39,0.39,agree,91010,0,0,48 49
منوبة,51,0,قائمة حزب المؤتمر من أجل الجمهورية,217,0.24,0.24,agree,91010,0,0,48 49
منوبة,52,0,قائمة نبض منوبة,389,0.43,0.43,agree,91010,0,0,48 49
منوبة,53,0,قائمة السيدة المنوبية,105,0.12,0.12,agree,91010,0,0,48 49
منوبة,54,0,قائمة أحبك ياشعب,293,0.32,0.32,agree,91010,0,0,48 49
منوبة,55,0,قائمة آفاق تونس,1128,1.24,1.24,agree,91010,0,0,48 49
منوبة,56,0,قائمة حقي,309,0.34,0.34,agree,91010,0,0,48 49
منوبة,57,0,قائمة حزب المسؤولية الوطنية,68,0.07,0.07,agree,91010,0,0,48 49
بن عروس,1,1,قائمة الجهة,1569,0.95,0.95,agree,164823,0,0,50 51
بن عروس,2,0,قائمة الشمعة 216,898,0.54,0.54,agree,164823,0,0,50 51
بن عروس,3,0,قائمة الحزب الدستوري الحر,13569,8.23,8.23,agree,164823,0,0,50 51
بن عروس,4,0,قائمة حزب الرحمة,0,0.0,0.0,agree,164823,0,0,50 51
بن عروس,5,0,قائمة حزب تيّار المحبة,643,0.39,0.39,agree,164823,0,0,50 51
بن عروس,6,0,قائمة أحبك يا شعب,1414,0.86,0.86,agree,164823,0,0,50 51
بن عروس,7,0,قائمة آفاق تونس,2417,1.47,1.47,agree,164823,0,0,50 51
بن عروس,8,0,قائمة حركة الشعب,4576,2.78,2.78,agree,164823,0,0,50 51
بن عروس,9,0,قائمة التيار الديمقراطي,18940,11.49,11.49,agree,164823,0,0,50 51
بن عروس,10,0,قائمة عين مستقبل بن عروس,1090,0.66,0.66,agree,164823,0,0,50 51
بن عروس,11,0,قائمة الرابطة الخضراء,379,0.23,0.23,agree,164823,0,0,50 51
بن عروس,12,0,قائمة الوطنيون الأحرار,230,0.14,0.14,agree,164823,0,0,50 51
بن عروس,13,0,قائمة الجهة الشعبية,1943,1.18,1.18,agree,164823,0,0,50 51
بن عروس,14,0,قائمة علي بن غذاهم,393,0.24,0.24,agree,164823,0,0,50 51
بن عروس,15,0,قائمة قلب تونس,26841,16.28,16.28,agree,164823,0,0,50 51
بن عروس,16,0,قائمة نسمة تونس,595,0.36,0.36,agree,164823,0,0,50 51
بن عروس,17,0,قائمة بني وطني,723,0.44,0.44,agree,164823,0,0,50 51
بن عروس,18,0,قائمة حركة مشروع تونس,1725,1.05,1.05,agree,164823,0,0,50 51
بن عروس,19,0,قائمة أمل وعمل المستقلة,2609,1.58,1.58,agree,164823,0,0,50 51
بن عروس,20,0,قائمة فجر البناء,560,0.34,0.34,agree,164823,0,0,50 51
بن عروس,21,0,قائمة حزب المؤتمرمن أجل الجمهورية,382,0.23,0.23,agree,164823,0,0,50 51
بن عروس,22,0,قائمة الاتحاد الشعبي الجمهوري,6689,4.06,4.06,agree,164823,0,0,50 51
بن عروس,23,0,قائمة النضال الوطني,238,0.14,0.14,agree,164823,0,0,50 51
بن عروس,24,0,قائمة خوذ حقك,827,0.5,0.5,agree,164823,0,0,50 51
بن عروس,25,0,,881,0.53,0.53,agree,164823,0,0,50 51
بن عروس,26,0,قائمة التكتل الديمقراطي من أجل العمل والحريات,252,0.15,0.15,agree,164823,0,0,50 51
بن عروس,27,0,قائمة عيش تونسي,2773,1.68,1.68,agree,164823,0,0,50 51
بن عروس,28,0,قائمة النملة,376,0.23,0.23,agree,164823,0,0,50 51
بن عروس,29,0,قائمة كلنا للوطن,532,0.32,0.32,agree,164823,0,0,50 51
بن عروس,30,0,قائمة إرادة شباب اليوم,498,0.3,0.3,agree,164823,0,0,50 51
بن عروس,31,0,قائمة حزب خحركة أوفياء للوطن,339,0.21,0.21,agree,164823,0,0,50 51
بن عروس,32,0,قائمة الاتحاد الديمقراطي الاجتماعي,747,0.45,0.45,agree,164823,0,0,50 51
بن عروس,33,0,قائمة حركة شباب تونس الوطني,1983,1.2,1.2,agree,164823,0,0,50 51
بن عروس,34,0,قائمة من أجل تأسيس جديد,1043,0.63,0.63,agree,164823,0,0,50 51
بن عروس,35,0,قائمة الوطن الجديد,693,0.42,0.42,agree,164823,0,0,50 51
بن عروس,36,0,قائمة التحدي,274,0.17,0.17,agree,164823,0,0,50 51
بن عروس,37,0,قائمة الاتحاد الوطني للمستقلين,265,0.16,0.16,agree,164823,0,0,50 51
بن عروس,38,0,قائمة الرجوع إلى الأصل,473,0.29,0.29,agree,164823,0,0,50 51
بن عروس,39,0,قائمة تحرّك,138,0.08,0.08,agree,164823,0,0,50 51
بن عروس,40,0,قائمة تونس أخرى,682,0.41,0.41,agree,164823,0,0,50 51
بن عروس,41,0,قائمة الحزب الاشتراكي,396,0.24,0.24,agree,164823,0,0,50 51
بن عروس,42,0,قائمة رسالتنا,443,0.27,0.27,agree,164823,0,0,50 51
بن عروس,43,0,قائمة حزب الأمل,637,0.39,0.39,agree,164823,0,0,50 51
بن عروس,45,0,قائمة شبابنا بن عروس,865,0.52,0.52,agree,164823,0,0,50 51
بن عروس,46,0,قائمة معا ننتصر,367,0.22,0.22,agree,164823,0,0,50 51
بن عروس,47,0,قائمة الحزب الاشتراكي الدستوري,1162,0.7,0.7,agree,164823,0,0,50 51
بن عروس,48,0,قائمة بن عروس للجميع,4270,2.59,2.59,agree,164823,0,0,50 51
بن عروس,49,0,قائمة البديل التونسي,682,0.41,0.41,agree,164823,0,0,50 51
بن عروس,50,0,قائمة حركة تحيا تونس,7914,4.8,4.8,agree,164823,0,0,50 51
بن عروس,51,0,,348,0.21,0.21,agree,164823,0,0,50 51
بن عروس,52,0,قائمة حركة الهضة بين عروس,33442,20.29,20.29,agree,164823,0,0,50 51
بن عروس,53,0,قائمة حزب المسؤولية الوطنية,153,0.09,0.09,agree,164823,0,0,50 51
بن عروس,54,0,قائمة حركة هلموا لتونس,237,0.14,0.14,agree,164823,0,0,50 51
بن عروس,55,0,قائمة ائتلاف الكرامة,12482,7.57,7.57,agree,164823,0,0,50 51
أريانة,1,0,قائمة الجهة,1417,0.97,0.97,agree,146648,0,0,52 53
أريانة,2,0,قائمة حزب تيّار المحبة,583,0.4,0.4,agree,146648,0,0,52 53
أريانة,3,0,قائمة قلب تونس,27431,18.71,18.71,agree,146648,0,0,52 53
أريانة,4,0,قائمة حركة الشعب,3866,2.64,2.64,agree,146648,0,0,52 53
أريانة,5,0,قائمة السنبلة,563,0.38,0.38,agree,146648,0,0,52 53
أريانة,6,0,قائمة ائتلاف الكرامة,8978,6.12,6.12,agree,146648,0,0,52 53
أريانة,7,0,قائمة حزب الرّحمة,6646,4.53,4.53,agree,146648,0,0,52 53
أريانة,8,0,قائمة حزب المؤتمرمن أجل الجمهورية,475,0.32,0.32,agree,146648,0,0,52 53
أريانة,9,0,قائمة آفاق تونس,4082,2.78,2.78,agree,146648,0,0,52 53
أريانة,10,0,قائمة أمل و عمل المستقلة,1993,1.36,1.36,agree,146648,0,0,52 53
أريانة,11,0,قائمة حزب التحالف من أجل تونس,507,0.35,0.35,agree,146648,0,0,52 53
أريانة,12,0,قائمة البديل التونسي,822,0.56,0.56,agree,146648,0,0,52 53
أريانة,13,0,قائمة حراس البلاد,351,0.24,0.24,agree,146648,0,0,52 53
أريانة,14,0,قائمة الحزب الدستوري الحر,16766,11.43,11.43,agree,146648,0,0,52 53
أريانة,15,0,قائمة حرّيات,440,0.3,0.3,agree,146648,0,0,52 53
أريانة,16,0,قائمة حزب حركة الشباب نحن لها,510,0.35,0.35,agree,146648,0,0,52 53
أريانة,17,0,قائمة أصواتكم أمانه,488,0.33,0.33,agree,146648,0,0,52 53
أريانة,18,0,قائمة حزب حركة شباب تونس الوطني,690,0.47,0.47,agree,146648,0,0,52 53
أريانة,19,0,قائمة حركة مشروع تونس,1016,0.69,0.69,agree,146648,0,0,52 53
أريانة,20,0,قائمة التيار الديمقراطي,14195,9.68,9.68,agree,146648,0,0,52 53
أريانة,21,0,,722,0.49,0.49,agree,146648,0,0,52 53
أريانة,22,0,,2525,1.72,1.72,agree,146648,0,0,52 53
أريانة,23,0,قائمة حزب صوت الفلاحين,440,0.3,0.3,agree,146648,0,0,52 53
أريانة,24,0,قائمة الامتياز,764,0.52,0.52,agree,146648,0,0,52 53
أريانة,25,0,قائمة أريانة تجمعنا,332,0.23,0.23,agree,146648,0,0,52 53
أريانة,26,0,قائمة حزب المحافظين التونسيين,178,0.12,0.12,agree,146648,0,0,52 53
أريانة,27,0,قائمة بني وطني,543,0.37,0.37,agree,146648,0,0,52 53
أريانة,28,0,قائمة أحبّك يا شعب,472,0.32,0.32,agree,146648,0,0,52 53
أريانة,29,0,قائمة عيش تونبسي,3422,2.33,2.33,agree,146648,0,0,52 53
أريانة,31,0,حزب التكتل الديمقراطي من أجل العمل و ال<,311,0.21,0.21,agree,146648,0,0,52 53
أريانة,32,0,قائمة تحرّك,203,0.14,0.14,agree,146648,0,0,52 53
أريانة,33,0,قائمة الجبهة الشعبية,1241,0.85,0.85,agree,146648,0,0,52 53
أريانة,34,0,قائمة حزب الاتحاد الشعبي الجمهوري,4402,3.0,3.0,agree,146648,0,0,52 53
أريانة,35,0,قائمة البيئة و التنمية أريانة,555,0.38,0.38,agree,146648,0,0,52 53
أريانة,36,0,قائمة حركة الهضة بأريانة,25356,17.29,17.29,agree,146648,0,0,52 53
أريانة,37,0,قائمة حركة تحيا تونس,6110,4.17,4.17,agree,146648,0,0,52 53
أريانة,38,0,قائمة إنقاذ أربانة,305,0.21,0.21,agree,146648,0,0,52 53
أريانة,39,0,قائمة حركة هلموا لتونس,143,0.1,0.1,agree,146648,0,0,52 53
أريانة,40,0,قائمة كلنا للوطن,468,0.32,0.32,agree,146648,0,0,52 53
أريانة,41,0,قائمة التحدّي بأربانة,375,0.26,0.26,agree,146648,0,0,52 53
أريانة,42,0,قائمة حزب أمل تونس,322,0.22,0.22,agree,146648,0,0,52 53
أريانة,43,0,قائمة الورد,645,0.44,0.44,agree,146648,0,0,52 53
أريانة,44,0,قائمة حزب الأمل,951,0.65,0.65,agree,146648,0,0,52 53
أريانة,45,0,قائمة مواطنون و نشارك,624,0.43,0.43,agree,146648,0,0,52 53
أريانة,46,0,قائمة الأفضل,584,0.4,0.4,agree,146648,0,0,52 53
أريانة,47,0,قائمة صوت الأحرار,156,0.11,0.11,agree,146648,0,0,52 53
أريانة,48,0,قائمة غدوة الخير,973,0.66,0.66,agree,146648,0,0,52 53
أريانة,49,0,قائمة ائتلاف المستقلون الديمقراطيون,161,0.11,0.11,agree,146648,0,0,52 53
أريانة,50,0,قائمة اتتلاف الرجوع إلى الأصل,246,0.17,0.17,agree,146648,0,0,52 53
أريانة,51,0,قائمة تاج أريانة,293,0.2,0.2,agree,146648,0,0,52 53
أريانة,52,0,قائمة ائتلاف تونس الرّقميّة,94,0.06,0.06,agree,146648,0,0,52 53
تونس 2,1,0,قائمة الجهية,966,0.59,0.59,agree,164552,1,1,54 55
تونس 2,2,0,قائمة حركة الشعب,1844,,1.12,differ,164552,1,1,54 55
تونس 2,3,0,قائمة فايقين,342,0.21,0.21,agree,164552,1,1,54 55
تونس 2,4,0,قائمة حركة مشروع تونس,1774,1.08,1.08,agree,164552,1,1,54 55
تونس 2,5,0,قائمة أمل وعمل المستقلة,1914,,1.16,differ,164552,1,1,54 55
تونس 2,6,0,قائمة حزب تيّار المحبة,653,0.4,0.4,agree,164552,1,1,54 55
تونس 2,7,0,قائمة الحزب الدستوري الحر,26064,15.84,15.84,agree,164552,1,1,54 55
تونس 2,8,0,قائمة التيار الديمقراطي,16038,9.75,9.75,agree,164552,1,1,54 55
تونس 2,9,0,قائمة البديل التونسي,1411,0.86,0.86,agree,164552,1,1,54 55
تونس 2,10,0,قاتمة المنقالة,247,0.15,0.15,agree,164552,1,1,54 55
تونس 2,11,0,قائمة قلب تونس,34108,20.73,20.73,agree,164552,1,1,54 55
تونس 2,12,0,قائمة حزب صوت الفلإحين,369,0.22,0.22,agree,164552,1,1,54 55
تونس 2,13,0,قائمة أجيال تونس,252,0.15,0.15,agree,164552,1,1,54 55
تونس 2,14,0,قائمة حزب المؤتمرمن أجل الجمهورية,412,0.25,0.25,agree,164552,1,1,54 55
تونس 2,15,0,قائمة بني وطني,730,0.44,0.44,agree,164552,1,1,54 55
تونس 2,16,0,قائمة ائتلاف الكرامة,7292,4.43,4.43,agree,164552,1,1,54 55
تونس 2,17,0,قائمة من أجل تأسيس جديد,1182,0.72,0.72,agree,164552,1,1,54 55
تونس 2,18,0,قائمة حزب الرحمة,5359,3.26,3.26,agree,164552,1,1,54 55
تونس 2,19,0,قائمة الجهة الشعبية,1215,0.74,0.74,agree,164552,1,1,54 55
تونس 2,20,0,قائمة حركة الهضة بتونس 2,22943,13.94,13.94,agree,164552,1,1,54 55
تونس 2,21,0,قائمة صوت أسود الوطن,196,0.12,0.12,agree,164552,1,1,54 55
تونس 2,22,0,قائمة حركة هلموا لتونس,466,0.28,0.28,agree,164552,1,1,54 55
تونس 2,23,0,قائمة حركة نداء تونس,1219,0.74,0.74,agree,164552,1,1,54 55
تونس 2,24,0,قائمة التحالف من أجل تونس,374,0.23,0.23,agree,164552,1,1,54 55
تونس 2,25,0,قائمة الاتحاد الشعبي الجمهوري,4362,2.65,2.65,agree,164552,1,1,54 55
تونس 2,26,0,قائمة حزب التكتل,470,0.29,0.29,agree,164552,1,1,54 55
تونس 2,27,0,القائمة المستقلة للمتقاعدين و العاطلين,405,0.25,0.25,agree,164552,1,1,54 55
تونس 2,28,0,قائمة كلنا قادرون,209,0.13,0.13,agree,164552,1,1,54 55
تونس 2,29,0,قائمة التعليم هو الحل,246,0.15,0.15,agree,164552,1,1,54 55
تونس 2,30,0,قائمة الحوار,228,0.14,0.14,agree,164552,1,1,54 55
تونس 2,31,0,قائمة نواب شباب,182,0.11,0.11,agree,164552,1,1,54 55
تونس 2,32,0,قائمة حزب الأمل,456,0.28,0.28,agree,164552,1,1,54 55
تونس 2,33,0,قائمة نحن هنا,7631,4.64,4.64,agree,164552,1,1,54 55
تونس 2,34,0,قائمة إنارة,183,0.11,0.11,agree,164552,1,1,54 55
تونس 2,35,0,قائمة حركة تحيا تونس,10187,6.19,6.19,agree,164552,1,1,54 55
تونس 2,36,0,قائمة كلنا للوطن,365,0.22,0.22,agree,164552,1,1,54 55
تونس 2,37,0,قائمة آفاق تونس,2620,1.59,1.59,agree,164552,1,1,54 55
تونس 2,38,0,قائمة الاتحاد الديمقراطي الاجتماعي,1357,0.82,0.82,agree,164552,1,1,54 55
تونس 2,39,0,قائمة تونس تتبدل,150,0.09,0.09,agree,164552,1,1,54 55
تونس 2,40,0,قائمة المستقلون الديمقراطيون,140,0.09,0.09,agree,164552,1,1,54 55
تونس 2,41,0,قائمة أحرار تونس,171,0.1,0.1,agree,164552,1,1,54 55
تونس 2,42,0,قائمة بيناتنا عبد,330,0.2,0.2,agree,164552,1,1,54 55
تونس 2,43,0,قائمة حزب القطب,346,0.21,0.21,agree,164552,1,1,54 55
تونس 2,44,0,قائمة مواطنون و نشارك,612,0.37,0.37,agree,164552,1,1,54 55
تونس 2,45,0,قائمة الحزب الاشتراكي,282,0.17,0.17,agree,164552,1,1,54 55
تونس 2,46,0,قائمة عيش تونبي,3721,2.26,2.26,agree,164552,1,1,54 55
تونس 2,47,0,قائمة المدنية,371,0.23,0.23,agree,164552,1,1,54 55
تونس 2,48,0,قائمة تونس أخرى,316,0.19,0.19,agree,164552,1,1,54 55
تونس 2,49,0,قائمة حزب حركة الشباب نحن لها,310,0.19,0.19,agree,164552,1,1,54 55
تونس 2,50,0,قائمة ولاد الحومة,117,0.07,0.07,agree,164552,1,1,54 55
تونس 2,51,0,قائمة الوطن الجديد,459,0.28,0.28,agree,164552,1,1,54 55
تونس 2,52,0,قائمة مستقبل بلادنا,322,0.2,0.2,agree,164552,1,1,54 55
تونس 2,53,0,قائمة تونس تضوي علينا,248,0.15,0.15,agree,164552,1,1,54 55
تونس 2,54,0,قائمة تحرك,105,0.06,0.06,agree,164552,1,1,54 55
تونس 2,55,0,قائمة الرابطة الخضراء,131,0.08,0.08,agree,164552,1,1,54 55
تونس 2,56,0,,150,0.09,0.09,agree,164552,1,1,54 55
