constituency,rank,rank_check,list_name,list_name_source,list_name_ocr,list_name_text_layer,votes,share_pct,share_recomputed,share_decimals,share_check,constituency_valid_votes_lists,share_over,source_pages
تونس 1,1,agree,قائمة حزب حركة نداء تونس,decision,قائمة حركة نداء تونس,قائمة حركة نداء تونس,60295,35.22,35.22,2,agree,168077,171193,36 37
تونس 1,2,agree,قائمة حزب حركة النهضة,decision,قائمة حزب حركة الهضة,قائمة حزب حركة النهضة,53343,31.16,31.16,2,agree,168077,171193,36 37
تونس 1,3,agree,قائمة حزب الاتحاد الوطني الحر,decision,قائمة حزب الاتحاد الوطني الحر,قائمة حزب الاتحاد الوطني الحر,13714,8.01,8.01,2,agree,168077,171193,36 37
تونس 1,4,agree,قائمة حزب التيار الديمقراطي,decision,قائمة حزب التيار الديمقراطي,قائمة حزب التيارالديمقراطي,5404,3.16,3.16,2,agree,168077,171193,36 37
تونس 1,5,agree,قائمة الجبهة الشعبية,decision,قائمة الجهة الشعبية,قائمة الجبهة الشعبية,5321,3.11,3.11,2,agree,168077,171193,36 37
تونس 1,6,agree,قائمة حزب آفاق تونس,decision,قائمة حزب أفاق تونس,قائمة حزب آفاق تونس,5016,2.93,2.93,2,agree,168077,171193,36 37
تونس 1,7,agree,قائمة الحزب الجمهوري,decision,قائمة الحزب الجمبوري,قائمة الحزب ر الجمهو ي,2898,1.69,1.69,2,agree,168077,171193,36 37
تونس 1,8,agree,قائمة حزب الوحدة,ocr,قائمة حزب الوحدة,قائمة حزب الوحدة,2098,1.23,1.23,2,agree,168077,171193,36 37
تونس 1,9,agree,قائمة حزب المؤتمر من أجل الجمهورية,decision,قائمة حزب المؤتمر من أجل الجمهورية,قائمة حزب المؤتمرمن أجل ر الجمهو ية,2014,1.18,1.18,2,agree,168077,171193,36 37
تونس 1,10,agree,قائمة الاتحاد من أجل تونس,ocr,قائمة الاتحاد من أجل تونس,قائمة الاتحاد من أجل تونس,1796,1.05,1.05,2,agree,168077,171193,36 37
تونس 1,11,agree,قائمة حركة وفاء,ocr,قائمة حركة وفاء,قائمة حركة وفاء,1103,0.64,0.64,2,agree,168077,171193,36 37
تونس 1,12,agree,قائمة حزب التحالف الديمقراطي,decision,قائمة حزب التحالف الديمقراضص,قائمة حزب التحالف الديمقراطي,996,0.58,0.58,2,agree,168077,171193,36 37
تونس 1,13,agree,قائمة حزب التكتل,ocr,قائمة حزب التكتل,قائمة حزب التكتل,868,0.51,0.51,2,agree,168077,171193,36 37
تونس 1,14,agree,قائمة تيار المحبة,decision,قائمة تيار المحبة,قائمة تياراملحبة,865,0.51,0.51,2,agree,168077,171193,36 37
تونس 1,15,agree,قائمة الائتلاف الديمقراط للعمل والتنمية,ocr,قائمة الائتلاف الديمقراط للعمل والتنمية,قائمة الائتلاف الديمقراطي للعمل والتنمية,704,0.41,0.41,2,agree,168077,171193,36 37
تونس 1,16,agree,قائمة حزب صوت شعب تونس,ocr,قائمة حزب صوت شعب تونس,قائمة حزب صوت شعب تونس,680,0.4,0.4,2,agree,168077,171193,36 37
تونس 1,17,agree,القائمة الدستورية الموحدة,ocr,القائمة الدستورية الموحدة,القائمة ر الدستو ية الموحدة,664,0.39,0.39,2,agree,168077,171193,36 37
تونس 1,18,agree,قائمة حزب حركة الشعب,decision,قائمة حركة الشعب,قائمة حركة الشعب,621,0.36,0.36,2,agree,168077,171193,36 37
تونس 1,19,agree,قائمة الحزب الإسلامي التونبى,ocr,قائمة الحزب الإسلامي التونبى,قائمة الحزب الإسالمي التونسي,584,0.34,0.34,2,agree,168077,171193,36 37
تونس 1,20,agree,قائمة حزب العريضة الشعبية,ocr,قائمة حزب العريضة الشعبية,قائمة حزب العريضة الشعبية,564,0.33,0.33,2,agree,168077,171193,36 37
تونس 1,21,agree,قائمة حزب المجد,ocr,قائمة حزب المجد,قائمة حزب المجد,514,0.3,0.3,2,agree,168077,171193,36 37
تونس 1,22,agree,قائمة أمل تونس,ocr,قائمة أمل تونس,قائمة أمل تونس,509,0.3,0.3,2,agree,168077,171193,36 37
تونس 1,23,agree,قائمة حركة الديمقراطيين الاشتراكيين,ocr,قائمة حركة الديمقراطيين الاشتراكيين,قائمة حركة الديمقراطيين الاشتراكيين,459,0.27,0.27,2,agree,168077,171193,36 37
تونس 1,24,agree,قائمة البؤساء,ocr,قائمة البؤساء,قائمة البؤساء,439,0.26,0.26,2,agree,168077,171193,36 37
تونس 1,25,agree,قائمة حزب الجبهة الوطنية التونسية,ocr,قائمة حزب الجيهة الوطنية التونسية,قائمة حزب الجبهة الوطنية التونسية,437,0.26,0.26,2,agree,168077,171193,36 37
تونس 1,26,agree,قائمة حزب الخضر للتقدم,ocr,قائمة حزب الخضر للتقدم,قائمة حزب الخضرللتقدم,436,0.25,0.25,2,agree,168077,171193,36 37
تونس 1,27,agree,قائمة اتحاد القوى الشبابية,ocr,قائمة اتحاد القوى الشبابية,قائمة اتحاد القوى الشبابية,404,0.24,0.24,2,agree,168077,171193,36 37
تونس 1,28,agree,قائمة الحزب التونبي,ocr,قائمة الحزب التونبي,قائمة الحزب التونسي,396,0.23,0.23,2,agree,168077,171193,36 37
تونس 1,29,agree,قائمة الحزب الاشتراى,ocr,قائمة الحزب الاشتراى,قائمة الحزب الاشتراكي,378,0.22,0.22,2,agree,168077,171193,36 37
تونس 1,30,agree,قائمة حزب البناء الوطنى,ocr,قائمة حزب البناء الوطني,قائمة حزب البناء الوطني,360,0.21,0.21,2,agree,168077,171193,36 37
تونس 1,31,agree,قائمة حزب الإصلاح والتنمية,ocr,قائمة حزب الإصلاح والتنمية,قائمة حزب الإصالح والتنمية,359,0.21,0.21,2,agree,168077,171193,36 37
تونس 1,32,agree,قائمة التكافل الاجتماعي,ocr,قائمة التكافل الاجتماعي,قائمة التكافل الاجتماعي,356,0.21,0.21,2,agree,168077,171193,36 37
تونس 1,33,agree,قائمة الحزب الشعبي التقدمى,ocr,قائمة الحزب الشعبي التقدمى,قائمة الحزب الشعبي التقدمي,341,0.2,0.2,2,agree,168077,171193,36 37
تونس 1,34,agree,قائمة حزب حركة الديمقراطيين الاجتماعيين,decision,قائمة حركة الديمقراطيين الاجتماعيين,قائمة حركة الديمقراطيين الاجتماعيين,335,0.2,0.2,2,agree,168077,171193,36 37
تونس 1,35,agree,قائمة حزب الأمان,ocr,قائمة حزب الأمان,قائمة حزب الأمان,329,0.19,0.19,2,agree,168077,171193,36 37
تونس 1,36,agree,قائمة إرادة الشعب,ocr,قائمة إرادة الشعب,قائمة رإ ادة الشعب,285,0.17,0.17,2,agree,168077,171193,36 37
تونس 1,37,agree,قائمة نحب بلادى نظيفة,ocr,قائمة نحب بلادى نظيفة,قائمة نحب بالدي نظيفة,282,0.16,0.16,2,agree,168077,171193,36 37
تونس 1,38,agree,قائمة حركة الشباب الوطني التونسي,ocr,قائمة حركة الشباب الوطني التونسي,قائمة حركة الشباب الوطني التونسي,276,0.16,0.16,2,agree,168077,171193,36 37
تونس 1,39,agree,قائمة الشعب يريد,ocr,قائمة الشعب يريد,قائمة الشعب يريد,267,0.16,0.16,2,agree,168077,171193,36 37
تونس 1,40,agree,قائمة حزب العمل التونيسى,ocr,قائمة حزب العمل التونسى,قائمة حزب العمل التونسي,257,0.15,0.15,2,agree,168077,171193,36 37
تونس 1,41,agree,قائمة حزب الانفتاح والوفاء,ocr,قائمة حزب الانفتاح والوفاء,قائمة حزب الانفتاح والوفاء,249,0.15,0.15,2,agree,168077,171193,36 37
تونس 1,42,agree,قائمة حزب المؤتمر الشعبى,ocr,قائمة حزب المؤتمر الشعبى,قائمة حزب المؤتمرالشعبي,245,0.14,0.14,2,agree,168077,171193,36 37
تونس 1,43,agree,قائمة اتحاد الشباب الديمقراطى التونسى,ocr,قائمة اتحاد الشباب الديمقراط التونيسى,قائمة اتحاد الشباب الديمقراطي التونسي,170,0.1,0.1,2,agree,168077,171193,36 37
تونس 1,44,agree,قائمة الحزب الليبرالي التونسي,ocr,قائمة الحزب الليبرالي التونسي,قائمة الحزب الليبرالي التونسي,159,0.09,0.09,2,agree,168077,171193,36 37
تونس 1,45,agree,قائمة تونس موش للبيع,ocr,قائمة تونس موش للبيع,قائمة تونس موش للبيع,151,0.09,0.09,2,agree,168077,171193,36 37
تونس 1,46,agree,قائمة عزم- توكل- بناء,ocr,قائمة عزم- توكل- بناء,قائمة -عزم -توكل بناء,136,0.08,0.08,2,agree,168077,171193,36 37
تونس 2,1,agree,قائمة حزب حركة نداء تونس,decision,قائمة حزب حركة نداء تونس,قائمة حزب حركة نداء تونس,115045,54.37,54.37,2,agree,209428,211601,38 39
تونس 2,2,agree,قائمة حزب حركة النهضة,decision,قائمة حزب حركة الهضة,قائمة حزب حركة النهضة,42250,19.97,19.97,2,agree,209428,211601,38 39
تونس 2,3,agree,قائمة حزب آفاق تونس,decision,قائمة حزب آفاق تونس,قائمة حزب آفاق تونس,9119,4.31,4.31,2,agree,209428,211601,38 39
تونس 2,4,agree,قائمة حزب الاتحاد الوطني الحر,decision,قائمة حزب الاتحاد الوطني الحر,قائمة حزب الاتحاد الوطني الحر,6592,3.12,3.12,2,agree,209428,211601,38 39
تونس 2,5,agree,قائمة الجبهة الشعبية,decision,قائمة الجيهة الشعبية,قائمة الجبهة الشعبية,6224,2.94,2.94,2,agree,209428,211601,38 39
تونس 2,6,agree,قائمة حزب التيار الديمقراطي,decision,قائمة حزب التيار يمقراطىالد,قائمة حزب التيارالديمقراطي,5878,2.78,2.78,2,agree,209428,211601,38 39
تونس 2,7,agree,قائمة الحزب الجمهوري,decision,قائمة الحزب الجمبوري,قائمة الحزب ر الجمهو ي,3129,1.48,1.48,2,agree,209428,211601,38 39
تونس 2,8,agree,قائمة الاتحاد من أجل تونس,ocr,قائمة الاتحاد من أجل تونس,قائمة الاتحاد من أجل تونس,3029,1.43,1.43,2,agree,209428,211601,38 39
تونس 2,9,agree,قائمة حزب المؤتمر من أجل الجمهورية,decision,قائمة حزب المؤتمر من أجل الجمهورية,قائمة حزب المؤتمرمن أجل ر الجمهو ية,2744,1.3,1.3,2,agree,209428,211601,38 39
تونس 2,10,agree,قائمة حزب لالتكتث,ocr,قائمة حزب لالتكتث,قائمة حزب التكتل,1571,0.74,0.74,2,agree,209428,211601,38 39
تونس 2,11,agree,قائمة حزب التحالف الديمقراطي,decision,قائمة حزب التحالف الديمقراطى,قائمة حزب التحالف الديمقراطي,1364,0.64,0.64,2,agree,209428,211601,38 39
تونس 2,12,agree,قائمة حزب المبادرة,decision,قائمة حزب المبادرة,قائمة حزب ر المباد ة,1285,0.61,0.61,2,agree,209428,211601,38 39
تونس 2,13,agree,قائمة حركة وفاء,ocr,قائمة حركة وفاء,قائمة حركة وفاء,1274,0.6,0.6,2,agree,209428,211601,38 39
تونس 2,14,agree,قائمة حزب تونس للجميع,ocr,قائمة حزب تونس للجميع,قائمة حزب تونس للجميع,1173,0.55,0.55,2,agree,209428,211601,38 39
تونس 2,15,agree,قائمة حزب المجد,ocr,قائمة حزب المجد,قائمة حزب المجد,709,0.34,0.34,2,agree,209428,211601,38 39
تونس 2,16,agree,قائمة تيار المحبة,decision,قائمة تيار المحبة,قائمة تياراملحبة,687,0.32,0.32,2,agree,209428,211601,38 39
تونس 2,17,agree,قائمة نداء قرطاج,ocr,قائمة نداء قرطاج,قائمة نداء قرطاج,589,0.28,0.28,2,agree,209428,211601,38 39
تونس 2,18,agree,قائمة حزب الجبهة الوطنية التونسية,ocr,قائمة حزب الجبهة الوطنية التونسية,قائمة حزب الجبهة الوطنية التونسية,554,0.26,0.26,2,agree,209428,211601,38 39
تونس 2,19,agree,قائمة حزب حركة الشعب,decision,قائمة حركة الشعب,قائمة حركة الشعب,505,0.24,0.24,2,agree,209428,211601,38 39
تونس 2,20,agree,القائمة البورقيبية,ocr,القائمة البورقيبية,القائمة ر البو قيبية,414,0.2,0.2,2,agree,209428,211601,38 39
تونس 2,21,agree,قائمة حزب الحركة الدستورية,ocr,قائمة حزب الحركة الدستورية,قائمة حزب الحركة ر الدستو ية,316,0.15,0.15,2,agree,209428,211601,38 39
تونس 2,22,agree,قائمة لنا الحق,ocr,قائمة لنا الحق,قائمة لنا الحق,298,0.14,0.14,2,agree,209428,211601,38 39
تونس 2,23,agree,قائمة حزب صوت شعب تونس,ocr,قائمة حزب صوت شعب تونس,قائمة حزب صوت شعب تونس,288,0.14,0.14,2,agree,209428,211601,38 39
تونس 2,24,agree,قائمة محيطنا نماء لثروتنا,ocr,قائمة محيطنا نماء لثروتنا,قائمة محيطنا نماء لثروتنا,284,0.13,0.13,2,agree,209428,211601,38 39
تونس 2,25,agree,قائمة الحزب الجمهوري المغاربي,ocr,قائمة الحزب الجمهوري المغاربي,قائمة الحزب ر الجمهو ي ر المغا بي,280,0.13,0.13,2,agree,209428,211601,38 39
تونس 2,26,agree,قائمة أمن شامل لإنقاذ تونس,ocr,قائمة أمن شامل لإنقاذ تونس,قائمة أمن شامل إلنقاذ تونس,271,0.13,0.13,2,agree,209428,211601,38 39
تونس 2,27,agree,قائمة حزب العمل التونيسى,ocr,قائمة حزب العمل التونيبى,قائمة حزب العمل التونسي,270,0.13,0.13,2,agree,209428,211601,38 39
تونس 2,28,agree,قائمة حركة الديمقراطيين الاشتراكيين,ocr,قائمة حركة الديمقراطين الاشتراكيين,قائمة حركة الديمقراطين الاشتراكيين,269,0.13,0.13,2,agree,209428,211601,38 39
تونس 2,29,agree,قائمة حزب الأمان,ocr,قائمة حزب الأمان,قائمة حزب الأمان,256,0.12,0.12,2,agree,209428,211601,38 39
تونس 2,30,agree,قائمة حركة التونسي,ocr,قائمة حركة التونسي,قائمة حركة التونسي,252,0.12,0.12,2,agree,209428,211601,38 39
تونس 2,31,agree,قائمة حزب البناء الوطنى,ocr,قائمة حزب البناء الوطنى,قائمة حزب البناء الوطني,249,0.12,0.12,2,agree,209428,211601,38 39
تونس 2,32,agree,قائمة حزب الثقافة والعمل,ocr,قائمة حزب الثقافة والعمل,قائمة حزب الثقافة والعمل,248,0.12,0.12,2,agree,209428,211601,38 39
تونس 2,33,agree,قائمة الشعب يريد,ocr,قائمة الشعب يريد,قائمة الشعب يريد,246,0.12,0.12,2,agree,209428,211601,38 39
تونس 2,34,agree,قائمة تيارصوت الشعب الحر,ocr,قائمة تيارصوت الشعب الحر,قائمة تيارصوت الشعب الحر,214,0.1,0.1,2,agree,209428,211601,38 39
تونس 2,35,agree,قائمة اليد في اليد,ocr,قائمة اليد في اليد,قائمة اليد في اليد,181,0.09,0.09,2,agree,209428,211601,38 39
تونس 2,36,agree,قائمة الحركة الديمقراطية للإصلاح والبناء,ocr,قائمة الحركة الديمقراطية للإصلاح والبناء,قائمة الحركة الديمقراطية لإلصالح والبناء,178,0.08,0.08,2,agree,209428,211601,38 39
تونس 2,37,agree,قائمة الربيع العربي لتحقيق السيادة الاقتصادية,ocr,قائمة الربيع العربي لتحقيق السيادة الاقتصادية,قائمة الربيع العربي لتحقيق السيادة الاقتصادية,173,0.08,0.08,2,agree,209428,211601,38 39
تونس 2,38,agree,قائمة عزم- توكل- بناء,ocr,قائمة عزم- توكل- بناء,قائمة -عزم -توكل بناء,155,0.07,0.07,2,agree,209428,211601,38 39
تونس 2,39,agree,قائمة حزب اللقاء الدستورى,ocr,قائمة حزب اللقاء الدستوري,قائمة حزب اللقاء ر الدستو ي,145,0.07,0.07,2,agree,209428,211601,38 39
تونس 2,40,agree,قائمة اتحاد الشباب الديمقراطى التونسى,ocr,قائمة اتحاد الشباب الديمقراطى التونسى,قائمة اتحاد الشباب الديمقراطي التونسي,137,0.06,0.06,2,agree,209428,211601,38 39
تونس 2,41,agree,قائمة أبناء الشعب,ocr,قائمة أبناء الشعب,قائمة أبناء الشعب,130,0.06,0.06,2,agree,209428,211601,38 39
تونس 2,42,agree,قائمة الحزب الليبرالي التونسي,ocr,قائمة الحزب الليبرالي التونسي,قائمة الحزب الليبرالي التونسي,127,0.06,0.06,2,agree,209428,211601,38 39
تونس 2,43,agree,قائمة اتحاد القوى الشبابية,ocr,قائمة اتحاد القوى ةالشبابي,ى قائمة اتحاد القو الشبابية,112,0.05,0.05,2,agree,209428,211601,38 39
تونس 2,44,agree,قائمة حركة الشباب الوطني التونسي,ocr,قائمة حركة الشباب الوطني التونسي,قائمة حركة الشباب الوطني التونسي,110,0.05,0.05,2,agree,209428,211601,38 39
تونس 2,45,agree,قائمة حزب النور للديمقراطية والتنمية,ocr,قائمة حزب النور للديمقراطية والتنمية,قائمة حزب النور للديمقراطية والتنمية,104,0.05,0.05,2,agree,209428,211601,38 39
أريانة,1,agree,قائمة حزب حركة نداء تونس,decision,قائمة حركة نداء تونس,قائمة حركة نداء تونس,82769,46.38,46.38,2,agree,176054,178452,40 41
أريانة,2,agree,قائمة حزب حركة النهضة,decision,قائمة حزب حركة الهضة,قائمة حزب حركة النهضة,42459,23.79,23.79,2,agree,176054,178452,40 41
أريانة,3,agree,قائمة حزب الاتحاد الوطني الحر,decision,قائمة حزب الاتحاد الوطني الحر,قائمة حزب الاتحاد الوطني الحر,9144,5.12,5.12,2,agree,176054,178452,40 41
أريانة,4,agree,قائمة حزب آفاق تونس,decision,قائمة حزب آفاق تونس,قائمة حزب آفاق تونس,6266,3.51,3.51,2,agree,176054,178452,40 41
أريانة,5,agree,قائمة حزب التيار الديمقراطي,decision,قائمة حزب التيار الديمقراصيى,قائمة حزب التيارالديمقراطي,4336,2.43,2.43,2,agree,176054,178452,40 41
أريانة,6,agree,قائمة الاتحاد من أجل تونس,ocr,قائمة الاتحاد من أجل تونس,قائمة الاتحاد من أجل تونس,4270,2.39,2.39,2,agree,176054,178452,40 41
أريانة,7,agree,قائمة الجبهة الشعبية,decision,قائمة الجهة الشعبية,قائمة الجبهة الشعبية,4186,2.35,2.35,2,agree,176054,178452,40 41
أريانة,8,agree,قائمة الحزب الجمهوري,decision,قائمة الحزب الجمبورى,قائمة الحزب ر الجمهو ي,3111,1.74,1.74,2,agree,176054,178452,40 41
أريانة,9,agree,قائمة حزب المؤتمر من أجل الجمهورية,decision,قائمة حزب المؤتمرمن أجل الجمهورية,قائمة حزب المؤتمرمن أجل ر الجمهو ية,2424,1.36,1.36,2,agree,176054,178452,40 41
أريانة,10,agree,قائمة حزب التحالف الديمقراطي,decision,قائمة حزب التحالف الديمقراطي,قائمة حزب التحالف الديمقراطي,1307,0.73,0.73,2,agree,176054,178452,40 41
أريانة,11,agree,قائمة حزب المبادرة,decision,قائمة حزب المبادرة,قائمة حزب ر المباد ة,1235,0.69,0.69,2,agree,176054,178452,40 41
أريانة,12,agree,قائمة حزب تونس للجميع,ocr,قائمة حزب تونس للجميع,قائمة حزب تونس للجميع,1068,0.6,0.6,2,agree,176054,178452,40 41
أريانة,13,agree,قائمة حركة وفاء,ocr,قائمة حركة وفاء,قائمة حركة وفاء,1050,0.59,0.59,2,agree,176054,178452,40 41
أريانة,14,agree,قائمة حزب التكتل,ocr,قائمة حزب التكتل,قائمة حزب التكتل,1035,0.58,0.58,2,agree,176054,178452,40 41
أريانة,15,agree,قائمة حزب حركة الشعب,decision,قائمة حركة الشعب,قائمة حركة الشعب,960,0.54,0.54,2,agree,176054,178452,40 41
أريانة,16,agree,قائمة حزب النداء الجمهورى,ocr,قائمة حزب النداء الجمهورى,قائمة حزب النداء ال ر جمهو ي,709,0.4,0.4,2,agree,176054,178452,40 41
أريانة,17,agree,قائمة تيار المحبة,decision,قائمة تيار المحبة,قائمة تياراملحبة,671,0.38,0.38,2,agree,176054,178452,40 41
أريانة,18,agree,قائمة نحو بر الأمان,ocr,قائمة نحو بر الأمان,قائمة نحو الأمانبر,551,0.31,0.31,2,agree,176054,178452,40 41
أريانة,19,agree,قائمة الحركة الدستورية,ocr,قائمة الحركة الدستورية,قائمة الحركة ر الدستو ية,532,0.3,0.3,2,agree,176054,178452,40 41
أريانة,20,agree,القائمة المستقلة بأريانة القدوة,ocr,القائمة المستقلة بأريانة القدوة,القائمة المستقلة ر بأ يانة القدوة,397,0.22,0.22,2,agree,176054,178452,40 41
أريانة,21,agree,قائمة نداء قرطاج,ocr,قائمة نداء قرطاج,قائمة نداء قرطاج,367,0.21,0.21,2,agree,176054,178452,40 41
أريانة,22,agree,قائمة حزب الأمان,ocr,قائمة حزب الأمان,قائمة حزب الأمان,359,0.2,0.2,2,agree,176054,178452,40 41
أريانة,23,agree,قائمة حزب المجد,ocr,قائمة حزب المجد,قائمة حزب المجد,348,0.2,0.2,2,agree,176054,178452,40 41
أريانة,24,agree,قائمة حزب الجبهة الوطنية التونسية,ocr,قائمة حزب الجبهة الوطنية التونسية,قائمة حزب الجبهة الوطنية التونسية,323,0.18,0.18,2,agree,176054,178452,40 41
أريانة,25,agree,قائمة بيئتنا,ocr,قائمة بيئتنا,قائمة بيئتنا,311,0.17,0.17,2,agree,176054,178452,40 41
أريانة,26,agree,قائمة حزب الإصلاح والتنمية,ocr,قائمة حزب الإصلاح والتنمية,قائمة حزب الإصالح والتنمية,310,0.17,0.17,2,agree,176054,178452,40 41
أريانة,27,agree,قائمة الحركة الديمقراطية للإصلاح والبناء,ocr,|[ قائمة الحركة الديمقراطية للإصلاح والبناء,قائمة الحركة الديمقراطية لإلصالح والبناء,302,0.17,0.17,2,agree,176054,178452,40 41
أريانة,28,agree,قائمة حزب العمل التونيسى,ocr,قائمة حزب العمل التونسي,قائمة حزب العمل التونسي,301,0.17,0.17,2,agree,176054,178452,40 41
أريانة,29,agree,قائمة تونس فى العين,ocr,قائمة تونس فى العين,قائمة تونس في العين,291,0.16,0.16,2,agree,176054,178452,40 41
أريانة,30,agree,قائمة حزب الانفتاح والوفاء,ocr,قائمة حزب الانفتاح والوفاء,قائمة حزب الانفتاح والوفاء,275,0.15,0.15,2,agree,176054,178452,40 41
أريانة,31,agree,قائمة تونس العزيزة,ocr,قائمة تونس العزيزة,قائمة تونس العزيزة,272,0.15,0.15,2,agree,176054,178452,40 41
أريانة,32,agree,قائمة التوازن,ocr,قائمة التوازن,قائمة التوازن,262,0.15,0.15,2,agree,176054,178452,40 41
أريانة,33,agree,قائمة قائمة الكادحون,ocr,قائمة قائمة الكادحون,قائمة قائمة الكادحون,258,0.14,0.14,2,agree,176054,178452,40 41
أريانة,34,agree,قائمة ورد أربانة,ocr,قائمة ورد أربانة,قائمة رود رأ يانة,231,0.13,0.13,2,agree,176054,178452,40 41
أريانة,35,agree,قائمة صوت الفنانين,ocr,قائمة صوت الفنانين,قائمة صوت الفنانين,225,0.13,0.13,2,agree,176054,178452,40 41
أريانة,36,agree,قائمة حزب حركة التونسي,ocr,قائمة حزب حركة التونسي,قائمة حزب حركة التونسي,216,0.12,0.12,2,agree,176054,178452,40 41
أريانة,37,agree,قائمة الحزب الجمهوري المغاربي,ocr,قائمة الحزب الجمهوري المغاربي,قائمة الحزب ر الجمهو ي امل رغا بي,200,0.11,0.11,2,agree,176054,178452,40 41
أريانة,38,agree,قائمة حزب الشباب الحر,ocr,قائمة حزب الشباب الحر,قائمة حزب الشباب الحر,195,0.11,0.11,2,agree,176054,178452,40 41
أريانة,39,agree,قائمة حزب صوت شعب تونس,ocr,قائمة حزب صوت شعب تونس,قائمة حزب صوت شعب تونس,187,0.1,0.1,2,agree,176054,178452,40 41
أريانة,40,agree,قائمة حزب الغد,ocr,قائمة حزب الغد,قائمة حزب الغد,186,0.1,0.1,2,agree,176054,178452,40 41
أريانة,41,agree,قائمة حزب الربادة بالعلم والعمل,ocr,قائمة حزب الربادة بالعلم والعمل,قائمة حزب الريادة بالعلم والعمل,185,0.1,0.1,2,agree,176054,178452,40 41
أريانة,42,agree,قائمة حزب المؤتمر الشعبى,ocr,قائمة حزب المؤتمر الشعبى,قائمة حزب المؤتمرالشعبي,181,0.1,0.1,2,agree,176054,178452,40 41
أريانة,43,agree,قائمة حركة الديمقراطيين الاشتراكيين,ocr,قائمة حركة الديمقراطيين الاشتراكيين,قائمة حركة الديمقراطيين الاشتراكيين,181,0.1,0.1,2,agree,176054,178452,40 41
أريانة,44,agree,قائمة حزب البناء الوطنى,ocr,قائمة حزب البناء الوطنى,قائمة حزب البناء الوطني,175,0.1,0.1,2,agree,176054,178452,40 41
أريانة,45,agree,قائمة صوت المربى,ocr,قائمة صوت المربى,قائمة صوت المربي,172,0.1,0.1,2,agree,176054,178452,40 41
أريانة,46,agree,قائمة اتحاد شباب ديمقراطى تونسى,ocr,قائمة اتحاد شباب ديمقراطى تونسى,قائمة اتحاد شباب ديمقراطي تونسي,148,0.08,0.08,2,agree,176054,178452,40 41
أريانة,47,agree,قائمة الشعب يريد,ocr,قائمة الشعب يريد,قائمة الشعب يريد,143,0.08,0.08,2,agree,176054,178452,40 41
أريانة,48,agree,قائمة اتحاد القوى الشبابية,ocr,قائمة اتحاد القوى الشبابية,قائمة اتحاد القوى الشبابية,143,0.08,0.08,2,agree,176054,178452,40 41
أريانة,49,agree,قائمة الحزب الليبرالي التونسي,ocr,قائمة الحزب الليبرالي التونسى,قائمة الحزب الليبرالي التونسي,142,0.08,0.08,2,agree,176054,178452,40 41
أريانة,50,agree,قائمة حركة الربيع العربى,ocr,قائمة حركة الربيع العربى,قائمة حركة الربيع العربي,133,0.07,0.07,2,agree,176054,178452,40 41
أريانة,51,agree,قائمة حركة الوحدة الشعبية,ocr,قائمة حركة الوحدة الشعبية,قائمة حركة الوحدة الشعبية,131,0.07,0.07,2,agree,176054,178452,40 41
أريانة,52,agree,قائمة حزب الوسط الاجتماعي,ocr,قائمة حزب الوسط الاجتماعي,قائمة حزب الوسط الاجتماعي,113,0.06,0.06,2,agree,176054,178452,40 41
أريانة,53,agree,قائمة حزب الصحوة,ocr,قائمة حزب الصحوة,قائمة حزب الصحوة,108,0.06,0.06,2,agree,176054,178452,40 41
أريانة,54,agree,قائمة حزب الإنقاذ,ocr,قائمة حزب الإنقاذ,قائمة حزب الإنقاذ,100,0.06,0.06,2,agree,176054,178452,40 41
أريانة,55,agree,قائمة باب الأمل,ocr,قائمة باب الأمل,قائمة باب الأمل,100,0.06,0.06,2,agree,176054,178452,40 41
بن عروس,1,agree,قائمة حزب حركة نداء تونس,decision,قائمة حركة نداء تونس,قائمة حركة نداء تونس,84359,38.5,38.5,1,agree,216231,219336,42 43
بن عروس,2,agree,قائمة حزب حركة النهضة,decision,قائمة حزب حركة الهضة,قائمة حزب حركة النهضة,61420,28.0,28.0,1,agree,216231,219336,42 43
بن عروس,3,agree,قائمة حزب الاتحاد الوطني الحر,decision,قائمة حزب الاتحاد الوطني الحر,قائمة حزب الاتحاد الوطني الحر,12935,5.9,5.9,1,agree,216231,219336,42 43
بن عروس,4,agree,قائمة الجبهة الشعبية,decision,قائمة الجبهة الشعبية,قائمة الجبهة الشعبية,9534,4.3,4.3,1,agree,216231,219336,42 43
بن عروس,5,agree,قائمة حزب التيار الديمقراطي,decision,قائمة حزب التيار الديمقراضص,قائمة حزب التيارالديمقراطي,7226,3.3,3.3,1,agree,216231,219336,42 43
بن عروس,6,agree,قائمة حزب آفاق تونس,decision,قائمة حزب آفاق تونس,قائمة حزب آفاق تونس,6777,3.1,3.1,1,agree,216231,219336,42 43
بن عروس,7,agree,قائمة الحزب الجمهوري,decision,قائمة الحزب الجمبوري,قائمة الحزب ر الجمهو ي,5685,2.6,2.6,1,agree,216231,219336,42 43
بن عروس,8,agree,قائمة حزب المؤتمر من أجل الجمهورية,decision,قائمة حزب المؤتمرمن أجل الجمهورية,قائمة حزب المؤتمرمن أجل ر الجمهو ية,3198,1.5,1.5,1,agree,216231,219336,42 43
بن عروس,9,agree,قائمة الاتحاد من أجل تونس,ocr,قائمة الاتحاد من أجل تونس,قائمة الاتحاد من أجل تونس,1984,0.9,0.9,1,agree,216231,219336,42 43
بن عروس,10,agree,قائمة فجر البناء,ocr,قائمة فجر البناء,قائمة فجرالبناء,1808,0.8,0.8,1,agree,216231,219336,42 43
بن عروس,11,agree,قائمة حزب المبادرة,decision,قائمة حزب المبادرة,قائمة حزب ر المباد ة,1742,0.8,0.8,1,agree,216231,219336,42 43
بن عروس,12,agree,قائمة حركة وفاء,ocr,قائمة حركة وفاء,قائمة حركة وفاء,1443,0.7,0.7,1,agree,216231,219336,42 43
بن عروس,13,agree,قائمة حزب التكتل,ocr,قائمة حزب التكتل,قائمة حزب التكتل,1377,0.6,0.6,1,agree,216231,219336,42 43
بن عروس,14,agree,قائمة حزب التحالف الديمقراطي,decision,قائمة حزب التحالف الديمقراضص,قائمة حزب التحالف الديمقراطي,1372,0.6,0.6,1,agree,216231,219336,42 43
بن عروس,15,agree,قائمة نداء قرطاج,ocr,قائمة نداء قرطاج,قائمة نداء قرطاج,1099,0.5,0.5,1,agree,216231,219336,42 43
بن عروس,16,agree,قائمة تيار المحبة,decision,قائمة تيارالمحبة,قائمة تيــــــــاراملحبة,945,0.4,0.4,1,agree,216231,219336,42 43
بن عروس,17,agree,قائمة حزب حركة الشعب,decision,قائمة حركة الشعب,قائمة حركة الشعب,863,0.4,0.4,1,agree,216231,219336,42 43
بن عروس,18,agree,قائمة المهنيين,ocr,قائمة المهنيين,قائمة المهنيين,730,0.3,0.3,1,agree,216231,219336,42 43
بن عروس,19,agree,قائمة الائتلاف الديمقراط للعمل والتنمية,ocr,قائمة الاتتلاف الديمقراط للعمل والتنمية,قائمة الائتلاف الديمقراطي للعمل والتنمية,673,0.3,0.3,1,agree,216231,219336,42 43
بن عروس,20,agree,قائمة القوى المستقلة ببن عروس,ocr,قائمة القوى المستقلة ببن عروس,قائمة القوى المستقلة ببن و عر س,669,0.3,0.3,1,agree,216231,219336,42 43
بن عروس,21,agree,قائمة حزب الإصلاح والتنمية,ocr,قائمة حزب الإصلاح والتنمية,قائمة حزب الإصالح والتنمية,649,0.3,0.3,1,agree,216231,219336,42 43
بن عروس,22,agree,قائمة حركة الشباب الوطني التونسي,ocr,قائمة حركة الشباب الوطنى التونسى,قائمة حركة الشباب الوطني التونسي,626,0.3,0.3,1,agree,216231,219336,42 43
بن عروس,23,agree,قائمة حزب حركة التونسي,ocr,قائمة حزب حركة التونسى,قائمة حزب حركة التونسي,589,0.3,0.3,1,agree,216231,219336,42 43
بن عروس,24,agree,قائمة الحركة الدستورية,ocr,قائمة الحركة الدستورية,قائمة الحركة ر الدستو ية,533,0.2,0.2,1,agree,216231,219336,42 43
بن عروس,25,agree,قائمة حزب المجد,ocr,قائمة حزب المجد,قائمة حزب المجد,528,0.2,0.2,1,agree,216231,219336,42 43
بن عروس,26,agree,قائمة نورالمستقبل,ocr,قائمة نورالمستقبل,قائمة ر نو المستقبل,486,0.2,0.2,1,agree,216231,219336,42 43
بن عروس,27,agree,قائمة حركة الديمقراطيين الاشتراكيين,ocr,قائمة حركة الديمقراطيين الاشتراكيين,قائمة حركة الديمقراطيين الاشتراكيين,475,0.2,0.2,1,agree,216231,219336,42 43
بن عروس,28,agree,قائمة أمل تونس,ocr,قائمة أمل تونس,قائمة أمل تونس,475,0.2,0.2,1,agree,216231,219336,42 43
بن عروس,29,agree,قائمة الحزب الاشتراى,ocr,قائمة الحزب الاشتراى,قائمة الحزب الاشتراكي,366,0.2,0.2,1,agree,216231,219336,42 43
بن عروس,30,agree,قائمة حزب صوت شعب تونس,ocr,قائمة حزب صوت شعب تونس,قائمة حزب صوت شعب تونس,420,0.2,0.2,1,agree,216231,219336,42 43
بن عروس,31,agree,قائمة حزب العدالة والتنمية,ocr,قائمة حزب العدالة والتنمية,قائمة حزب العدالة والتنمية,403,0.2,0.2,1,agree,216231,219336,42 43
بن عروس,32,agree,قائمة حزب الجبهة الوطنية التونسية,ocr,قائمة حزب الجهة الوطنية التونسية,قائمة حزب الجبهة الوطنية التونسية,378,0.2,0.2,1,agree,216231,219336,42 43
بن عروس,33,agree,قائمة الصمود,ocr,قائمة الصمود,قائمة الصمود,365,0.2,0.2,1,agree,216231,219336,42 43
بن عروس,34,agree,قائمة الوفاء لمشروع الشهيد,ocr,قائمة الوفاء لمشروع الشهيد,قائمة الوفاء و ملشر ع الشهيد,340,0.2,0.2,1,agree,216231,219336,42 43
بن عروس,35,agree,قائمة حزب المؤتمر الشعبى,ocr,قائمة حزب المؤتمر الشعبى,قائمة حزب المؤتمرالشعبي,333,0.2,0.2,1,agree,216231,219336,42 43
بن عروس,36,agree,قائمة حزب الأمان,ocr,قائمة حزب الأمان,قائمة حزب الأمان,331,0.2,0.2,1,agree,216231,219336,42 43
بن عروس,37,agree,قائمة حزب العمل التونيسى,ocr,قائمة حزب العمل التونبسي,قائمة حزب العمل التونسي,324,0.1,0.1,1,agree,216231,219336,42 43
بن عروس,38,agree,قائمة حزب الخضر,ocr,قائمة حزب الخضر,قائمة حزب الخضر,275,0.1,0.1,1,agree,216231,219336,42 43
بن عروس,39,agree,قائمة حزب حركة الديمقراطيين الاجتماعيين,decision,قائمة حركة الديمقراطيين الاجتماعيين,قائمة حركة الديمقراطيين الاجتماعيين,273,0.1,0.1,1,agree,216231,219336,42 43
بن عروس,40,agree,قائمة الأغلبية الصامتة,ocr,قائمة الأغلبية الصامتة,قائمة الأغلبية الصامتة,261,0.1,0.1,1,agree,216231,219336,42 43
بن عروس,41,agree,قائمة حزب البناء الوطنى,ocr,قائمة حزب البناء الوطنى,قائمة حزب البناء الوطني,227,0.1,0.1,1,agree,216231,219336,42 43
بن عروس,42,agree,قائمة حزب الأمة للحرية والعدالة,ocr,قائمة حزب الأمة للحرية والعدالة,قائمة حزب الأمة للحرية والعدالة,225,0.1,0.1,1,agree,216231,219336,42 43
بن عروس,43,agree,قائمة الشباب الموحد لغد أفضل,ocr,قائمة الشباب الموحد لغد أفضل,قائمة الشباب الموحد لغد أفضل,217,0.1,0.1,1,agree,216231,219336,42 43
بن عروس,44,agree,قائمة البيئة تجمعنا,ocr,قائمة البيئة تجمعنا,قائمة البيئة تجمعنا,198,0.1,0.1,1,agree,216231,219336,42 43
بن عروس,45,agree,قائمة أمان,ocr,قائمة أمان,قائمة أمان,182,0.1,0.1,1,agree,216231,219336,42 43
بن عروس,46,agree,قائمة السيادة,ocr,قائمة السيادة,قائمة السيادة,180,0.1,0.1,1,agree,216231,219336,42 43
بن عروس,47,agree,قائمة حزب الكرامة والمساوة,ocr,قائمة حزب الكرامة والمساوة,قائمة حزب الكرامة واملساوة,178,0.1,0.1,1,agree,216231,219336,42 43
بن عروس,48,agree,قائمة اتحاد القوى الشبابية,ocr,قائمة اتحاد القوى الشبابية,قائمة اتحاد القوى الشبابية,176,0.1,0.1,1,agree,216231,219336,42 43
بن عروس,49,agree,قائمة حزب الحداثة والأصالة,ocr,قائمة حزب الحداثة والأصالة,قائمة حزب الحداثة الأصالةو,148,0.1,0.1,1,agree,216231,219336,42 43
بن عروس,50,agree,قائمة الربيع العربي لتحقيق السيادة الاقتصادية,ocr,قائمة الربيع العربى لتحقيق السيادة الاقتصادية,قائمة الربيع العربي لتحقيق السيادة الاقتصادية,137,0.1,0.1,1,agree,216231,219336,42 43
بن عروس,51,agree,قائمة الوعد الصادق,ocr,قائمة الوعد الصادق,قائمة الوعد الصادق,94,0.0,0.0,1,agree,216231,219336,42 43
منوبة,1,agree,قائمة حزب حركة نداء تونس,decision,قائمة حركة نداء تونس,قائمة حركة نداء تونس,38009,32.91,32.91,2,agree,112912,115501,44 45
منوبة,2,agree,قائمة حزب حركة النهضة,decision,قائمة حزب حركة الهضة,قائمة حزب حركة النهضة,33064,28.63,28.63,2,agree,112912,115501,44 45
منوبة,3,agree,قائمة حزب الاتحاد الوطني الحر,decision,قائمة حزب الاتحاد الوطنى الحر,قائمة حزب الاتحاد الوطني الحر,9460,8.19,8.19,2,agree,112912,115501,44 45
منوبة,4,agree,قائمة الجبهة الشعبية,decision,قائمة الجهة الشعبية,قائمة الجبهة الشعبية,2981,2.58,2.58,2,agree,112912,115501,44 45
منوبة,5,agree,قائمة حزب آفاق تونس,decision,قائمة حزب آفاق تونس,قائمة حزب آفاق تونس,2927,2.53,2.53,2,agree,112912,115501,44 45
منوبة,6,agree,قائمة حزب التيار الديمقراطي,decision,قائمة حزب التيار الديمقراطي,قائمة حزب التيارالديمقراطي,2825,2.45,2.45,2,agree,112912,115501,44 45
منوبة,7,agree,قائمة حزب المؤتمر من أجل الجمهورية,decision,قائمة حزب المؤتمرمن أجل الجمهورية,قائمة حزب المؤتمرمن أجل ر الجمهو ية,1515,1.31,1.31,2,agree,112912,115501,44 45
منوبة,8,agree,قائمة الحزب الجمهوري,decision,قائمة الحزب الجمبوري,قائمة الحزب ر الجمهو ي,1465,1.27,1.27,2,agree,112912,115501,44 45
منوبة,9,agree,قائمة حزب المبادرة,decision,قائمة حزب المبادرة,قائمة حزب ر المباد ة,1302,1.13,1.13,2,agree,112912,115501,44 45
منوبة,10,agree,قائمة حزب حركة الشعب,decision,قائمة حركة الشعب,قائمة حركة الشعب,1279,1.11,1.11,2,agree,112912,115501,44 45
منوبة,11,agree,قائمة النجاح,ocr,قائمة النجاح,قائمة النجاح,975,0.84,0.84,2,agree,112912,115501,44 45
منوبة,12,agree,|[ قائمة الاتتلاف الديمقراطي للعمل والتنمية ‏,ocr,|[ قائمة الاتتلاف الديمقراطي للعمل والتنمية ‏,قائمة الائتلاف الديمقراطي للعمل والتنمية,931,0.81,0.81,2,agree,112912,115501,44 45
منوبة,13,agree,قائمة حركة وفاء,ocr,قائمة حركة وفاء,قائمة حركة وفاء,918,0.79,0.79,2,agree,112912,115501,44 45
منوبة,14,agree,قائمة حزب التحالف الديمقراطي,decision,قائمة حزب التحالف الديمقراضص,قائمة حزب التحالف الديمقراطي,882,0.76,0.76,2,agree,112912,115501,44 45
منوبة,15,agree,قائمة حزب التكتل,ocr,قائمة حزب التكتل,قائمة حزب التكتل,861,0.75,0.75,2,agree,112912,115501,44 45
منوبة,16,agree,القائمة البورقيبية,ocr,القائمة البورقيبية,القائمة ر البو قيبية,750,0.65,0.65,2,agree,112912,115501,44 45
منوبة,17,agree,قائمة تيار المحبة,decision,قائمة تيار المحبة,قائمة تياراملحبة,735,0.64,0.64,2,agree,112912,115501,44 45
منوبة,18,agree,قائمة الاتحاد من أجل تونس,ocr,قائمة الاتحاد من أجل تونس,قائمة الاتحاد من أجل تونس,679,0.59,0.59,2,agree,112912,115501,44 45
منوبة,19,agree,قائمة حزب العمل التونيسى,ocr,قائمة حزب العمل التونبسي,قائمة حزب العمل التونسي,550,0.48,0.48,2,agree,112912,115501,44 45
منوبة,20,agree,قائمة تونس الغد,ocr,قائمة تونس الغد,قائمة تونس الغد,526,0.46,0.46,2,agree,112912,115501,44 45
منوبة,21,agree,قائمة أمل وعمل,ocr,قائمة أمل وعمل,قائمة أمل وعمل,478,0.41,0.41,2,agree,112912,115501,44 45
منوبة,22,agree,قائمة حزب المجد,ocr,قائمة حزب المجد,قائمة حزب المجد,476,0.41,0.41,2,agree,112912,115501,44 45
منوبة,23,agree,قائمة نداء قرطاج,ocr,قائمة نداء قرطاج,قائمة نداء قرطاج,426,0.37,0.37,2,agree,112912,115501,44 45
منوبة,24,agree,|[ قائمة اتحاد الشباب الديمقراطى التونيسى 2,ocr,|[ قائمة اتحاد الشباب الديمقراطى التونيسى 2,قائمة اتحاد الشباب الديمقراطي التونسي,378,0.33,0.33,2,agree,112912,115501,44 45
منوبة,25,agree,قائمة الأمل,ocr,قائمة الأمل,قائمة الأمل,360,0.31,0.31,2,agree,112912,115501,44 45
منوبة,26,agree,القائمة المستقلة للعين الساهرة,ocr,القائمة المستقلة للعين الساهرة,القائمة المستقلة للعين الساهرة,356,0.31,0.31,2,agree,112912,115501,44 45
منوبة,27,agree,قائمة الحزب التونبي,ocr,قائمة الحزب التونسى,قائمة الحزب التونسي,346,0.3,0.3,2,agree,112912,115501,44 45
منوبة,28,agree,قائمة حزب الزيتونة,ocr,قائمة حزب الزيتونة,قائمة حزب الزيتونة,339,0.29,0.29,2,agree,112912,115501,44 45
منوبة,29,agree,قائمة الأحرار,ocr,قائمة الأحرار,قائمة الأحرار,333,0.29,0.29,2,agree,112912,115501,44 45
منوبة,30,agree,قائمة حزب الجبهة الوطنية التونسية,ocr,قائمة حزب الجهة الوطنية التونسية,قائمة حزب الجبهة الوطنية التونسية,316,0.27,0.27,2,agree,112912,115501,44 45
منوبة,31,agree,القائمة المستقلة لخدمة منوبة,ocr,القائمة المستقلة لخدمة منوبة,القائمة المستقلة لخدمة منوبة,311,0.27,0.27,2,agree,112912,115501,44 45
منوبة,32,agree,قائمة حزب الأمانة والعدالة,ocr,قائمة حزب الأمانة والعدالة,قائمة حزب الأمانة والعدالة,306,0.26,0.26,2,agree,112912,115501,44 45
منوبة,33,agree,قائمة الحركة الدستورية,ocr,قائمة الحركة الدستورية,قائمة الحركة ر الدستو ية,305,0.26,0.26,2,agree,112912,115501,44 45
منوبة,34,agree,قائمة المستقبل,ocr,قائمة المستقبل,قائمة المستقبل,301,0.26,0.26,2,agree,112912,115501,44 45
منوبة,35,agree,قائمة حزب العدل والتنمية,ocr,قائمة حزب العدل والتنمية,قائمة حزب العدل والتنمية,289,0.25,0.25,2,agree,112912,115501,44 45
منوبة,36,agree,قائمة حزب الشباب الحر,ocr,قائمة حزب الشباب الحر,قائمة حزب الشباب الحر,273,0.24,0.24,2,agree,112912,115501,44 45
منوبة,37,agree,ظ قائمة الوفاق ظ,ocr,ظ قائمة الوفاق ظ,قائمة الوفاق,272,0.24,0.24,2,agree,112912,115501,44 45
منوبة,38,agree,قائمة حزب الحربة من أجل العدالة والتنمية,ocr,قائمة حزب الحربة من أجل العدالة والتنمية,قائمة حزب الحرية من أجل العدالة والتنمية,267,0.23,0.23,2,agree,112912,115501,44 45
منوبة,39,agree,قائمة حزب الأمان,ocr,قائمة حزب الأمان,قائمة حزب الأمان,261,0.23,0.23,2,agree,112912,115501,44 45
منوبة,40,agree,قائمة الشعب يريد,ocr,قائمة الشعب يريد,قائمة الشعب يريد,259,0.22,0.22,2,agree,112912,115501,44 45
منوبة,41,agree,قائمة اتحاد القوى الشبابية,ocr,قائمة اتحاد القوى الشبابية,قائمة اتحاد القوى الشبابية,252,0.22,0.22,2,agree,112912,115501,44 45
منوبة,42,agree,قائمة حزب الإصلاح والتنمية,ocr,قائمة حزب الإصلاح والتنمية,قائمة حزب الإصالح والتنمية,238,0.21,0.21,2,agree,112912,115501,44 45
منوبة,43,agree,قائمة الصمود,ocr,قائمة الصمود,قائمة الصمود,230,0.2,0.2,2,agree,112912,115501,44 45
منوبة,44,agree,قائمة حزب صوت شعب تونس,ocr,قائمة حزب صوت شعب تونس,قائمة حزب صوت شعب تونس,224,0.19,0.19,2,agree,112912,115501,44 45
منوبة,45,agree,قائمة المدافعون عن الحق,ocr,قائمة المدافعون عن الحق,قائمة المدافعون عن الحق,220,0.19,0.19,2,agree,112912,115501,44 45
منوبة,46,agree,قائمة حركة البناء المغاربي,ocr,قائمة حركة البناء المغاربي,قائمة حركة البناء ر المغا بي,211,0.18,0.18,2,agree,112912,115501,44 45
منوبة,47,agree,قائمة متحدون من أجل تونس,ocr,قائمة متحدون من أجل تونس,قائمة متحدون من أجل تونس,207,0.18,0.18,2,agree,112912,115501,44 45
منوبة,48,agree,قائمة القلم,ocr,قائمة القلم,قائمة القلم,203,0.18,0.18,2,agree,112912,115501,44 45
منوبة,49,agree,قائمة حزب المؤتمر الشعبى,ocr,قائمة حزب المؤتمر الشعبى,قائمة حزب المؤتمرالشعبي,199,0.17,0.17,2,agree,112912,115501,44 45
منوبة,50,agree,|[ قائمة حركة الديمقراطيين لاشتراكيين 2,ocr,|[ قائمة حركة الديمقراطيين لاشتراكيين 2,قائمة حركة الديمقراطيين الاشتراكيين,194,0.17,0.17,2,agree,112912,115501,44 45
منوبة,51,agree,قائمة حزب النور للديمقراطية والتنمية,ocr,|[ قائمة حزب النور للديمقراطية والتنمية 2,قائمة حزب النور للديمقراطية والتنمية,187,0.16,0.16,2,agree,112912,115501,44 45
منوبة,52,agree,قائمة التآلف,ocr,قائمة التآلف,قائمة التآلف,175,0.15,0.15,2,agree,112912,115501,44 45
منوبة,53,agree,قائمة الحركة الديمقراطية للإصلاح والبناء,ocr,قائمة الحركة الديمقراطية للإصلاح والبناء ‏,قائمة الحركة الديمقراطية لإلصالح والبناء,175,0.15,0.15,2,agree,112912,115501,44 45
منوبة,54,agree,قائمة حزب البناء الوطنى,ocr,قائمة حزب البناء الوطنى,قائمة حزب البناء الوطني,167,0.14,0.14,2,agree,112912,115501,44 45
منوبة,55,agree,قائمة حزب المحافظين التونسيين,ocr,قائمة حزب المحافظين التونسيين,قائمة حزب المحافظين التونسيين,161,0.14,0.14,2,agree,112912,115501,44 45
منوبة,56,agree,قائمة المعطلين عن العمل,ocr,قائمة المعطلين عن العمل,قائمة المعطلين عن العمل,154,0.13,0.13,2,agree,112912,115501,44 45
منوبة,57,agree,قائمة السلام والازدهار,ocr,قائمة السلام والازدهار,قائمة السالم ز والا دهار,151,0.13,0.13,2,agree,112912,115501,44 45
منوبة,58,agree,قائمة تونس العزيزة,ocr,قائمة تونس العزيزة,قائمة تونس العزيزة,146,0.13,0.13,2,agree,112912,115501,44 45
منوبة,59,agree,قائمة وطني,ocr,قائمة وطني,قائمة وطنـــي,132,0.11,0.11,2,agree,112912,115501,44 45
بنزرت,1,agree,قائمة حزب حركة نداء تونس,decision,قائمة حركة نداء تونس,قائمة حركة نداء تونس,56968,36.06,36.06,2,agree,154388,157984,46 47
بنزرت,2,agree,قائمة حزب حركة النهضة,decision,قائمة حزب حركة الهضة,قائمة حزب حركة النهضة,43437,27.49,27.49,2,agree,154388,157984,46 47
بنزرت,3,agree,قائمة حزب التحالف الديمقراطي,decision,قائمة حزب التحالف الديمقراطيى,قائمة حزب التحالف الديمقراطي,8767,5.55,5.55,2,agree,154388,157984,46 47
بنزرت,4,agree,قائمة حزب الاتحاد الوطني الحر,decision,قائمة حزب الاتحاد الوطني الحر,قائمة حزب الاتحاد الوطني الحر,8055,5.1,5.1,2,agree,154388,157984,46 47
بنزرت,5,agree,قائمة حزب آفاق تونس,decision,قائمة حزب آفاق تونس,قائمة حزب آفاق تونس,3975,2.52,2.52,2,agree,154388,157984,46 47
بنزرت,6,agree,قائمة حزب التيار الديمقراطي,decision,قائمة حزب التيار الديمقراطي,قائمة حزب التيارالديمقراطي,3958,2.51,2.51,2,agree,154388,157984,46 47
بنزرت,7,agree,قائمة الجبهة الشعبية,decision,قائمة الجهة الشعبية,قائمة الجبهة الشعبية,3614,2.29,2.29,2,agree,154388,157984,46 47
بنزرت,8,agree,قائمة الحزب الجمهوري,decision,قائمة الحزب الجمبوري,قائمة الحزب ر الجمهو ي,2558,1.62,1.62,2,agree,154388,157984,46 47
بنزرت,9,agree,قائمة حزب المؤتمر من أجل الجمهورية,decision,قائمة حزب المؤتمر من أجل الجمهورية,قائمة حزب المؤتمرمن أجل ر الجمهو ية,2352,1.49,1.49,2,agree,154388,157984,46 47
بنزرت,10,agree,قائمة إصلاح وبناء ببتزرت,ocr,قائمة إصلاح وبناء ببتزرت,قائمة إصالح وبناء ببنزرت,2024,1.28,1.28,2,agree,154388,157984,46 47
بنزرت,11,agree,قائمة حزب المبادرة,decision,قائمة حزب المبادرة,قائمة حزب ر المباد ة,1373,0.87,0.87,2,agree,154388,157984,46 47
بنزرت,12,agree,قائمة حزب التكتل,ocr,قائمة حزب التكتل,قائمة حزب التكتل,1220,0.77,0.77,2,agree,154388,157984,46 47
بنزرت,13,agree,قائمة حركة وفاء,ocr,قائمة حركة وفاء,قائمة حركة وفاء,1010,0.64,0.64,2,agree,154388,157984,46 47
بنزرت,14,agree,قائمة تيار المحبة,decision,قائمة تيار المحبة,قائمة تياراملحبة,1005,0.64,0.64,2,agree,154388,157984,46 47
بنزرت,15,agree,قائمة ناقفوا لبلادنا,ocr,قائمة ناقفوا لبلادنا,قائمة ناقفوا لبلادنا,969,0.61,0.61,2,agree,154388,157984,46 47
بنزرت,16,agree,قائمة الاتحاد من أجل تونس,ocr,قائمة الاتحاد من أجل تونس,قائمة الاتحاد من أجل تونس,741,0.47,0.47,2,agree,154388,157984,46 47
بنزرت,17,agree,قائمة أمن شامل لإنقاذ تونس,ocr,قائمة أمن شامل لإنقاذ تونس,قائمة أمن شامل إلنقاذ تونس,736,0.47,0.47,2,agree,154388,157984,46 47
بنزرت,18,agree,قائمة اتحاد الشباب الديمقراطى التونسى,ocr,قائمة اتحاد الشباب الديمقراطي التونسي,قائمة اتحاد الشباب الديمقراطي التونسي,727,0.46,0.46,2,agree,154388,157984,46 47
بنزرت,19,agree,قائمة حزب حركة الشعب,decision,قائمة حركة الشعب,قائمة حركة الشعب,668,0.42,0.42,2,agree,154388,157984,46 47
بنزرت,20,agree,قائمة التحدى,ocr,قائمة التحدى,قائمة التحدي,633,0.4,0.4,2,agree,154388,157984,46 47
بنزرت,21,agree,قائمة حزب الإصلاح والتنمية,ocr,قائمة حزب الإصلاح والتنمية,قائمة حزب الإصالح والتنمية,631,0.4,0.4,2,agree,154388,157984,46 47
بنزرت,22,agree,قائمة نداء قرطاج,ocr,قائمة نداء قرطاج,قائمة نداء قرطاج,524,0.33,0.33,2,agree,154388,157984,46 47
بنزرت,23,agree,القائمة البورقيبية,ocr,القائمة البورقيبية,القائمة ر البو قيبية,511,0.32,0.32,2,agree,154388,157984,46 47
بنزرت,24,agree,القائمة المستقلة الانطلاق,ocr,القائمة المستقلة الانطلاق,القائمة المستقلة الانطلاق,479,0.3,0.3,2,agree,154388,157984,46 47
بنزرت,25,agree,قائمة حزب الغد,ocr,قائمة حزب الغد,قائمة حزب الغد,461,0.29,0.29,2,agree,154388,157984,46 47
بنزرت,26,agree,قائمة حركة بديل,ocr,قائمة حركة بديل,قائمة حركة بديل,439,0.28,0.28,2,agree,154388,157984,46 47
بنزرت,27,agree,قائمة تيارصوت الشعب الحر,ocr,قائمة تيارصوت الشعب الحر,قائمة تيارصوت الشعب الحر,439,0.28,0.28,2,agree,154388,157984,46 47
بنزرت,28,agree,قائمة سماء تونس,ocr,قائمة سماء تونس,قائمة سماء تونس,434,0.27,0.27,2,agree,154388,157984,46 47
بنزرت,29,agree,قائمة الحركة الدستورية,ocr,قائمة الحركة الدستورية,قائمة الحركة ر الدستو ية,394,0.25,0.25,2,agree,154388,157984,46 47
بنزرت,30,agree,قائمة حزب الأمة التونسي,ocr,قائمة حزب الأمة التونسي,قائمة حزب الأمة التونسي,391,0.25,0.25,2,agree,154388,157984,46 47
بنزرت,31,agree,قائمة المممشين,ocr,قائمة المممشين,قائمة المهمشين,358,0.23,0.23,2,agree,154388,157984,46 47
بنزرت,32,agree,قائمة حزب صوت شعب تونس,ocr,قائمة حزب صوت شعب تونس,قائمة حزب صوت شعب تونس,355,0.22,0.22,2,agree,154388,157984,46 47
بنزرت,33,agree,قائمة حزب البناء الوطنى,ocr,قائمة حزب البناء الوطنى,قائمة حزب البناء الوطني,354,0.22,0.22,2,agree,154388,157984,46 47
بنزرت,34,agree,قائمة الإرادة الشعبية,ocr,قائمة الإرادة الشعبية,قائمة الإادةر الشعبية,352,0.22,0.22,2,agree,154388,157984,46 47
بنزرت,35,agree,قائمة الرق,ocr,قائمة الرق,قائمة الرقي,344,0.22,0.22,2,agree,154388,157984,46 47
بنزرت,36,agree,قائمة حزب الخضر,ocr,قائمة حزب الخضر,قائمة حزب الخضر,341,0.22,0.22,2,agree,154388,157984,46 47
بنزرت,37,agree,قائمة السنبلة,ocr,قائمة السنبلة,قائمة السنبلة,314,0.2,0.2,2,agree,154388,157984,46 47
بنزرت,38,agree,قائمة حزب الأمان,ocr,قائمة حزب الأمان,قائمة حزب الأمان,297,0.19,0.19,2,agree,154388,157984,46 47
بنزرت,39,agree,قائمة حزب حركة الديمقراطيين الاجتماعيين,decision,قائمة حركة الديمقراطيين الاجتماعيين,قائمة حركة الديمقراطيين الاجتماعيين,297,0.19,0.19,2,agree,154388,157984,46 47
بنزرت,40,agree,قائمة ةالعر,ocr,قائمة ةالعر,قائمة العزة,297,0.19,0.19,2,agree,154388,157984,46 47
بنزرت,41,agree,قائمة الحزب الشعبي التقدمى,ocr,قائمة الحزب الشعى التقدمى,قائمة الحزب الشعبي التقدمي,292,0.18,0.18,2,agree,154388,157984,46 47
بنزرت,42,agree,قائمة علم عمل ىوتحد,ocr,قائمة علم عمل ىوتحد,قائمة علم عمل وتحدي,281,0.18,0.18,2,agree,154388,157984,46 47
بنزرت,43,agree,قائمة حركة الشباب الوطني التونسي,ocr,قائمة حركة الشباب الوطنى التونسى,قائمة حركة الشباب الوطني التونسي,280,0.18,0.18,2,agree,154388,157984,46 47
بنزرت,44,agree,قائمة مشروع المستقبل,ocr,قائمة مشروع المستقبل,قائمة و مشر ع المستقبل,276,0.17,0.17,2,agree,154388,157984,46 47
بنزرت,45,agree,قائمة حركة الديمقراطيين الاشتراكيين,ocr,قائمة حركة الديمقراطيين الاشتراكيين,قائمة حركة الديمقراطيين الاشتراكيين,275,0.17,0.17,2,agree,154388,157984,46 47
بنزرت,46,agree,قائمة حركة البناء المغاربي,ocr,قائمة حركة البناء المغاربي,قائمة حركة البناء ر المغا بي,182,0.12,0.12,2,agree,154388,157984,46 47
زغوان,1,agree,قائمة حزب حركة نداء تونس,decision,قائمة حركة نداء تونس,قائمة حركة نداء تونس,18216,34.21,34.21,2,agree,51766,53252,48 49
زغوان,2,agree,قائمة حزب حركة النهضة,decision,قائمة حزب حركة الهضة,قائمة حزب حركة النهضة,11720,22.01,22.01,2,agree,51766,53252,48 49
زغوان,3,agree,قائمة حزب الاتحاد الوطني الحر,decision,قائمة حزب الاتحاد الوطني الحر,قائمة حزب الاتحاد الوطني الحر,3564,6.69,6.69,2,agree,51766,53252,48 49
زغوان,4,agree,قائمة حزب المبادرة,decision,قائمة حزب المبادرة,قائمة حزب ر المباد ة,1609,3.02,3.02,2,agree,51766,53252,48 49
زغوان,5,agree,قائمة الجبهة الشعبية,decision,قائمة الجيية الشعبية,قائمة الجبهة الشعبية,1391,2.61,2.61,2,agree,51766,53252,48 49
زغوان,6,agree,قائمة حزب آفاق تونس,decision,قائمة حزب آفاق تونس,قائمة حزب آفاق تونس,1200,2.25,2.25,2,agree,51766,53252,48 49
زغوان,7,agree,قائمة الحزب الجمهوري,decision,قائمة الحزب الجمبوري,قائمة الحزب ر الجمهو ي,915,1.72,1.72,2,agree,51766,53252,48 49
زغوان,8,agree,قائمة تونسنا,ocr,قائمة تونسنا,قائمة تونسنا,899,1.69,1.69,2,agree,51766,53252,48 49
زغوان,9,agree,قائمة حزب تونس للجميع,ocr,قائمة حزب تونس للجميع,قائمة حزب تونس للجميع,889,1.67,1.67,2,agree,51766,53252,48 49
زغوان,10,agree,قائمة تيار المحبة,decision,قائمة تيار المحبة,قائمة تياراملحبة,771,1.45,1.45,2,agree,51766,53252,48 49
زغوان,11,agree,قائمة الحزب الاشتراى,ocr,قائمة الحزب الاشتراكي,قائمة الحزب الاشتراكي,701,1.32,1.32,2,agree,51766,53252,48 49
زغوان,12,agree,قائمة حزب المؤتمر من أجل الجمهورية,decision,قائمة حزب المؤتمر من أجل الجمهورية,قائمة حزب المؤتمرمن أجل ر الجمهو ية,685,1.29,1.29,2,agree,51766,53252,48 49
زغوان,13,agree,قائمة الحركة الدستورية,ocr,قائمة الحركة الدستورية,قائمة الحركة ر الدستو ية,535,1.0,1.0,2,agree,51766,53252,48 49
زغوان,14,agree,قائمة العلم نور,ocr,قائمة العلم نور,قائمة العلم نور,481,0.9,0.9,2,agree,51766,53252,48 49
زغوان,15,agree,قائمة حركة وفاء,ocr,قائمة حركة وفاء,قائمة حركة وفاء,473,0.89,0.89,2,agree,51766,53252,48 49
زغوان,16,agree,قائمة شباب تونس,ocr,قائمة شباب تونس,قائمة شباب تونس,468,0.88,0.88,2,agree,51766,53252,48 49
زغوان,17,agree,قائمة اتحاد الشباب الديمقراطى التونسى,ocr,قائمة اتحاد الشباب الديمقراطى التونسى,قائمة اتحاد الشباب الديمقراطي التونسي,442,0.83,0.83,2,agree,51766,53252,48 49
زغوان,18,agree,قائمة حزب التيار الديمقراطي,decision,قائمة حزب التيار الديمقراضص,قائمة حزب التيارالديمقراطي,426,0.8,0.8,2,agree,51766,53252,48 49
زغوان,19,agree,قائمة شباب زغوان لحزب المستقبل,ocr,قائمة شباب زغوان لحزب المستقبل,قائمة شباب زغوان لحزب المستقبل,425,0.8,0.8,2,agree,51766,53252,48 49
زغوان,20,agree,قائمة حزب التحالف الديمقراطي,decision,قائمة حزب التحالف الديمقراطي,قائمة حزب التحالف الديمقراطي,423,0.79,0.79,2,agree,51766,53252,48 49
زغوان,21,agree,قائمة حزب البناء الوطنى,ocr,قائمة حزب البناء الوطنى,قائمة حزب البناء الوطني,386,0.72,0.72,2,agree,51766,53252,48 49
زغوان,22,agree,قائمة التحالف الحر,ocr,قائمة التحالف الحر,قائمة التحالف الحر,370,0.69,0.69,2,agree,51766,53252,48 49
زغوان,23,agree,قائمة حزب التكتل,ocr,قائمة حزب التكتل,قائمة حزب التكتل,352,0.66,0.66,2,agree,51766,53252,48 49
زغوان,24,agree,القاتمة المستقلة لولاية زغوان,ocr,القاتمة المستقلة لولاية زغوان,القائمة المستقلة لوالية زغوان,321,0.6,0.6,2,agree,51766,53252,48 49
زغوان,25,agree,قائمة أولاد زغوان,ocr,قائمة أولاد زغوان,قائمة أوالد زغوان,314,0.59,0.59,2,agree,51766,53252,48 49
زغوان,26,agree,قائمة الشعب يريد,ocr,قائمة الشعب يريد,قائمة الشعب يريد,311,0.58,0.58,2,agree,51766,53252,48 49
زغوان,27,agree,قائمة النور,ocr,قائمة النسور,قائمة النسور,298,0.56,0.56,2,agree,51766,53252,48 49
زغوان,28,agree,قائمة أولاد الشعب,ocr,قائمة أولاد الشعب,قائمة أوالد الشعب,293,0.55,0.55,2,agree,51766,53252,48 49
زغوان,29,agree,قائمة حزب صوت الفلاحين,decision,قائمة حزب صوت الفلاحين,قائمة حزب صوت الفلاحين,286,0.54,0.54,2,agree,51766,53252,48 49
زغوان,30,agree,قائمة حزب الأمان,ocr,قائمة حزب الأمان,قائمة حزب الأمان,285,0.54,0.54,2,agree,51766,53252,48 49
زغوان,31,agree,قائمة حزب صوت شعب تونس,ocr,قائمة حزب صوت شعب تونس,قائمة حزب صوت شعب تونس,277,0.52,0.52,2,agree,51766,53252,48 49
زغوان,32,agree,قائمة نداء قرطاج,ocr,قائمة نداء قرطاج,قائمة نداء قرطاج,212,0.4,0.4,2,agree,51766,53252,48 49
زغوان,33,agree,قائمة الأمل,ocr,قائمة الأمل,قائمة الأمل,198,0.37,0.37,2,agree,51766,53252,48 49
زغوان,34,agree,قائمة النسري,ocr,قائمة النسري,قائمة النسري,172,0.32,0.32,2,agree,51766,53252,48 49
زغوان,35,agree,قائمة النصر,ocr,قائمة النصر,قائمة النصر,167,0.31,0.31,2,agree,51766,53252,48 49
زغوان,36,agree,قائمة تحيا تونس,ocr,قائمة تحيا تونس,قائمة تحيا تونس,164,0.31,0.31,2,agree,51766,53252,48 49
زغوان,37,agree,قائمة الجبهة الوطنية للإنقاذ,decision,قائمة الجبهة الوطنية للإنقاذ,قائمة الجبهة الوطنية لإلنقاذ,164,0.31,0.31,2,agree,51766,53252,48 49
زغوان,38,agree,قائمة العدل أساس الملك (حركة التونبي),ocr,قائمة العدل أساس الملك (حركة التونبي),قائمة العدل أساس (امللك حركة (التونسي,160,0.3,0.3,2,agree,51766,53252,48 49
زغوان,39,agree,قائمة التحدي لمستقبل أفضل,ocr,قائمة التحدي لمستقبل أفضل,قائمة التحدي ملستقبل أفضل,154,0.29,0.29,2,agree,51766,53252,48 49
زغوان,40,agree,قائمة حركة الديمقراطيين الاشتراكيين,ocr,قائمة حركة الديمقراطيين الاشتراكيين,قائمة حركة الديمقراطيين الاشتراكيين,150,0.28,0.28,2,agree,51766,53252,48 49
زغوان,41,agree,قائمة الصفاء,ocr,قائمة الصفاء,قائمة الصفاء,150,0.28,0.28,2,agree,51766,53252,48 49
زغوان,42,agree,قائمة الربيع العربي لتحقيق السيادة الاقتصادية,ocr,قائمة الربيع العربي لتحقيق السيادة الإقتصادية,قائمة الربيع العربي لتحقيق السيادة الإقتصادية,131,0.25,0.25,2,agree,51766,53252,48 49
زغوان,43,agree,قائمة اتحاد القوى الشبابية,ocr,قائمة اتحاد القوى الشبابية,قائمة اتحاد القوى الشبابية,120,0.23,0.23,2,agree,51766,53252,48 49
زغوان,44,agree,قائمة حركة الثقافة والتنوع,ocr,قائمة حركة الثقافة والتنوع,قائمة حركة الثقافة والتنوع,98,0.18,0.18,2,agree,51766,53252,48 49
باجة,1,agree,قائمة حزب حركة نداء تونس,decision,قائمة حركة نداء تونس,قائمة حركة نداء تونس,30457,37.07,37.07,2,agree,79446,82166,50 51
باجة,2,agree,قائمة حزب حركة النهضة,decision,قائمة حزب حركة الهضة,قائمة حزب حركة النهضة,16874,20.54,20.54,2,agree,79446,82166,50 51
باجة,3,agree,قائمة حزب حركة الشعب,decision,قائمة حركة الشعب,قائمة حركة الشعب,7598,9.25,9.25,2,agree,79446,82166,50 51
باجة,4,agree,قائمة حزب الاتحاد الوطني الحر,decision,قائمة حزب الاتحاد الوطني الحر,قائمة حزب الاتحاد الوطني الحر,4411,5.37,5.37,2,agree,79446,82166,50 51
باجة,5,agree,قائمة الجبهة الشعبية,decision,قائمة الجهة الشعبية,قائمة الجبهة الشعبية,2582,3.14,3.14,2,agree,79446,82166,50 51
باجة,6,agree,قائمة حزب المبادرة,decision,قائمة حزب المبادرة,قائمة حزب ر المباد ة,1502,1.83,1.83,2,agree,79446,82166,50 51
باجة,7,agree,قائمة الحزب الجمهوري,decision,قائمة الحزب الجمهبوري,قائمة الحزب ر الجمهو ي,1446,1.76,1.76,2,agree,79446,82166,50 51
باجة,8,agree,قائمة حزب المؤتمر من أجل الجمهورية,decision,قائمة حزب المؤتمر من أجل الجمهورية,قائمة حزب المؤتمرمن أجل ر الجمهو ية,1193,1.45,1.45,2,agree,79446,82166,50 51
باجة,9,agree,قائمة حزب التيار الديمقراطي,decision,قائمة حزب التيار الديمقراطض,قائمة حزب التيارالديمقراطي,1023,1.25,1.25,2,agree,79446,82166,50 51
باجة,10,agree,قائمة حزب آفاق تونس,decision,قائمة حزب آفاق تونس,قائمة حزب آفاق تونس,874,1.06,1.06,2,agree,79446,82166,50 51
باجة,11,agree,قائمة الحركة الدستورية,ocr,قائمة الحركة الدستورية,قائمة الحركة ر الدستو ية,836,1.02,1.02,2,agree,79446,82166,50 51
باجة,12,agree,قائمة الفلاح,ocr,قائمة الفلاح,قائمة الفالح,758,0.92,0.92,2,agree,79446,82166,50 51
باجة,13,agree,قائمة حركة وفاء,ocr,قائمة حركة وفاء,قائمة حركة وفاء,687,0.84,0.84,2,agree,79446,82166,50 51
باجة,14,agree,قائمة حزب تونس للجميع,ocr,قائمة حزب تونس للجميع,قائمة حزب تونس للجميع,546,0.66,0.66,2,agree,79446,82166,50 51
باجة,15,agree,قائمة حزب العدالة والتنمية,ocr,قائمة حزب العدالة والتنمية,قائمة حزب العدالة والتنمية,527,0.64,0.64,2,agree,79446,82166,50 51
باجة,16,agree,قائمة الجبهة الوطنية للإنقاذ,decision,قائمة الجبهة الوطنية للإنقاذ,قائمة الجبهة الوطنية لإلنقاذ,486,0.59,0.59,2,agree,79446,82166,50 51
باجة,17,agree,قائمة حزب التحالف الديمقراطي,decision,قائمة حزب التحالف الديمقراض,قائمة حزب التحالف الديمقراطي,467,0.57,0.57,2,agree,79446,82166,50 51
باجة,18,agree,قائمة تيار المحبة,decision,قائمة تيار المحبة,قائمة تياراملحبة,466,0.57,0.57,2,agree,79446,82166,50 51
باجة,19,agree,قائمة الإرادة,ocr,قائمة الإرادة,قائمة الإادةر,405,0.49,0.49,2,agree,79446,82166,50 51
باجة,20,agree,قائمة حزب البناء الوطنى,ocr,قائمة حزب البناء الوطنى,قائمة حزب البناء الوطني,403,0.49,0.49,2,agree,79446,82166,50 51
باجة,21,agree,قائمة الاتحاد من أجل تونس,ocr,قائمة الاتحاد من أجل تونس,قائمة الاتحاد من أجل تونس,393,0.48,0.48,2,agree,79446,82166,50 51
باجة,22,agree,قائمة حزب الجبهة الوطنية التونسية,ocr,قائمةحزب الجبية الوطنية التونسية,قائمةحزب الجبهة الوطنية التونسية,391,0.48,0.48,2,agree,79446,82166,50 51
باجة,23,agree,قائمة حزب الإصلاح والتنمية,ocr,قائمة حزب الإصلاح والتنمية,قائمة حزب الإصالح والتنمية,384,0.47,0.47,2,agree,79446,82166,50 51
باجة,24,agree,قائمة أحرار باجة,ocr,قائمة أحرار باجة,قائمة أحرارباجة,379,0.46,0.46,2,agree,79446,82166,50 51
باجة,25,agree,قائمة تونس العزيزة,ocr,قائمة تونس العزيزة,قائمة تونس العزيزة,356,0.43,0.43,2,agree,79446,82166,50 51
باجة,26,agree,قائمة حركة التونسي,ocr,قائمة حركة التونسي,قائمة حركة التونسي,352,0.43,0.43,2,agree,79446,82166,50 51
باجة,27,agree,قائمة الطريق المستقيم,ocr,قائمة الطريق المستقيم,قائمة الطريق المستقيم,299,0.36,0.36,2,agree,79446,82166,50 51
باجة,28,agree,قائمة حزب المحافظين التونسيين الجدد,ocr,قائمة حزب المحافظين التونسيين الجدد,قائمة حزب المحافظين التونسيين الجدد,298,0.36,0.36,2,agree,79446,82166,50 51
باجة,29,agree,قائمة التحدى,ocr,قائمة التحدي,قائمة التحدي,274,0.33,0.33,2,agree,79446,82166,50 51
باجة,30,agree,قائمة المستقبل,ocr,قائمة المستقبل,قائمة المستقبل,265,0.32,0.32,2,agree,79446,82166,50 51
باجة,31,agree,قائمة حزب النور للديمقراطية والتنمية,ocr,قائمة حزب النور للديمقراطية والتنمية,قائمة حزب النور للديمقراطية والتنمية,246,0.3,0.3,2,agree,79446,82166,50 51
باجة,32,agree,قائمة الحزب الإسلامي التونبى,ocr,قائمة الحزب الاسلامي التونسي,قائمة الحزب الإسلامي التونسي,243,0.3,0.3,2,agree,79446,82166,50 51
باجة,33,agree,قائمة حركة الديمقراطيين الاشتراكيين,ocr,قائمة حركة الديمقراطيين الاشتراكيين,قائمة حركة الديمقراطيين الاشتراكيين,230,0.28,0.28,2,agree,79446,82166,50 51
باجة,34,agree,قائمة حزب اللقاء الدستورى,ocr,قائمة حزب اللقاء الدستوري,قائمة حزب اللقاء ر الدستو ي,217,0.26,0.26,2,agree,79446,82166,50 51
باجة,35,agree,قائمة حزب الغد,ocr,قائمة حزب الغد,قائمة حزب الغد,203,0.25,0.25,2,agree,79446,82166,50 51
باجة,36,agree,قائمة حزب المجد,ocr,قائمة حزب المجد,قائمة حزب المجد,192,0.23,0.23,2,agree,79446,82166,50 51
باجة,37,agree,قائمة إرادة الحياة,ocr,قائمة إرادة الحياة,قائمة رإ ادة الحياة,188,0.23,0.23,2,agree,79446,82166,50 51
باجة,38,agree,قائمة الطموح والإصلاح,ocr,قائمة الطموح والإصلاح,قائمة الطموح الإصالحو,186,0.23,0.23,2,agree,79446,82166,50 51
باجة,39,agree,قائمة حزب الانفتاح والوفاء,ocr,قائمة حزب الانفتاح والوفاء,قائمة حزب الانفتاح والوفاء,174,0.21,0.21,2,agree,79446,82166,50 51
باجة,40,agree,قائمة حزب الخضر للتقدم,text-layer,,قائمة حزب الخضرللتقدم,172,0.21,0.21,2,agree,79446,82166,50 51
باجة,41,agree,قائمة الشعب يريد,ocr,قائمة الشعب يريد,قائمة الشعب يريد,139,0.17,0.17,2,agree,79446,82166,50 51
باجة,42,agree,قائمة المستقلون الأحرار,ocr,قائمة المستقلون الأحرار,قائمة المستقلون الأحرار,132,0.16,0.16,2,agree,79446,82166,50 51
باجة,43,agree,قائمة حزب القوة العمالية,ocr,قائمة حزب القوة العمالية,قائمة حزب القوة العمالية,112,0.14,0.14,2,agree,79446,82166,50 51
باجة,44,agree,قائمة اتحاد القوى الشبابية,ocr,قائمة اتحاد القوى الشبابية,قائمة اتحاد القوى الشبابية,80,0.1,0.1,2,agree,79446,82166,50 51
جندوبة,1,agree,قائمة حزب حركة نداء تونس,decision,قائمة حركة نداء تونس,قائمة حركة نداء تونس,34484,34.36,34.36,2,agree,96656,100356,52 53
جندوبة,2,agree,قائمة حزب حركة النهضة,decision,قائمة حزب حركة الهضة,قائمة حزب حركة النهضة,19829,19.76,19.76,2,agree,96656,100356,52 53
جندوبة,3,agree,قائمة الجبهة الشعبية,decision,قائمة الجبهة الشعبية,قائمة الجبهة الشعبية,6386,6.36,6.36,2,agree,96656,100356,52 53
جندوبة,4,agree,قائمة حزب الاتحاد الوطني الحر,decision,قائمة حزب الاتحاد الوطني الحر,قائمة حزب الاتحاد الوطني الحر,4084,4.07,4.07,2,agree,96656,100356,52 53
جندوبة,5,agree,قائمة حزب صوت الفلاحين,decision,قائمة حزب صوت الفلاحين,قائمة حزب صوت الفلاحين,2273,2.26,2.26,2,agree,96656,100356,52 53
جندوبة,6,agree,قائمة الاتحاد من أجل تونس,ocr,قائمة الاتحاد من أجل تونس,قائمة الاتحاد من أجل تونس,1803,1.8,1.8,2,agree,96656,100356,52 53
جندوبة,7,agree,قائمة حزب حركة الشعب,decision,قائمة حركة الشعب,قائمة حركة الشعب,1552,1.55,1.55,2,agree,96656,100356,52 53
جندوبة,8,agree,قائمة صوت المرجان,ocr,قائمة صوت المرجان,قائمة صوت المرجان,1522,1.52,1.52,2,agree,96656,100356,52 53
جندوبة,9,agree,قائمة الحزب الجمهوري,decision,قائمة الحزب الجمهبوري,قائمة الحزب ر الجمهو ي,1349,1.34,1.34,2,agree,96656,100356,52 53
جندوبة,10,agree,قائمة حزب آفاق تونس,decision,قائمة حزب آفاق تونس,قائمة حزب آفاق تونس,1118,1.11,1.11,2,agree,96656,100356,52 53
جندوبة,11,agree,قائمة حزب الوحدة,ocr,قائمة حزب الوحدة,قائمة حزب الوحدة,1096,1.09,1.09,2,agree,96656,100356,52 53
جندوبة,12,agree,قائمة الخضراء أمنا,ocr,قائمة الخضراء أمنا,قائمة الخضراء أمنا,1078,1.07,1.07,2,agree,96656,100356,52 53
جندوبة,13,agree,قائمة حزب المؤتمر من أجل الجمهورية,decision,قائمة حزب المؤتمرمن أجل الجمهورية,قائمة حزب المؤتمرمن أجل ر الجمهو ية,1041,1.04,1.04,2,agree,96656,100356,52 53
جندوبة,14,agree,قائمة حزب التكتل,ocr,قائمة حزب التكتل,قائمة حزب التكتل,868,0.86,0.86,2,agree,96656,100356,52 53
جندوبة,15,agree,قائمة حزب التحالف الديمقراطي,decision,قائمة حزب التحالف الديمقراضى,قائمة حزب التحالف الديمقراطي,828,0.83,0.83,2,agree,96656,100356,52 53
جندوبة,16,agree,قائمة أحرار جندوبة,ocr,قائمة أحرار جندوبة,قائمة أحرارجندوبة,822,0.82,0.82,2,agree,96656,100356,52 53
جندوبة,17,agree,قائمة أمل جندوبة,ocr,قائمة أمل جندوبة,قائمة أمل جندوبة,775,0.77,0.77,2,agree,96656,100356,52 53
جندوبة,18,agree,قائمة حزب التيار الديمقراطي,decision,قائمة حزب التيار الديمقراطي,قائمة حزب التيارالديمقراطي,747,0.74,0.74,2,agree,96656,100356,52 53
جندوبة,19,agree,قائمة الائتلاف الديمقراط للعمل والتنمية,ocr,قائمة الاتتلاف الديمقراطى للعمل والتنمية,قائمة الائتلاف الديمقراطي للعمل والتنمية,733,0.73,0.73,2,agree,96656,100356,52 53
جندوبة,20,agree,قائمة حزب الغد,ocr,قائمة حزب الغد,قائمة حزب الغد,591,0.59,0.59,2,agree,96656,100356,52 53
جندوبة,21,agree,قائمة حزب الجبهة الوطنية التونسية,ocr,قائمة حزب الجبهة الوطنية التونسية,قائمة حزب الجبهة الوطنية التونسية,585,0.58,0.58,2,agree,96656,100356,52 53
جندوبة,22,agree,قائمة تيار المحبة,decision,قائمة تيار المحبة,قائمة تياراملحبة,545,0.54,0.54,2,agree,96656,100356,52 53
جندوبة,23,agree,قائمة صدى الشمال,ocr,قائمة صدى الشمال,قائمة صدى الشمال,510,0.51,0.51,2,agree,96656,100356,52 53
جندوبة,24,agree,قائمة الشروق,ocr,قائمة الشروق,قائمة و الشر ق,493,0.49,0.49,2,agree,96656,100356,52 53
جندوبة,25,agree,قائمة حزب المبادرة,decision,,قائمة حزب ر المباد ة,475,0.47,0.47,2,agree,96656,100356,52 53
جندوبة,26,agree,قائمة حركة وفاء,ocr,قائمة حركة وفاء,قائمة حركة وفاء,461,0.46,0.46,2,agree,96656,100356,52 53
جندوبة,27,agree,قائمة الحزب الاشتراى,ocr,قائمة الحزب الاشتراى,قائمة الحزب الاشتراكي,461,0.46,0.46,2,agree,96656,100356,52 53
جندوبة,28,agree,قائمة جندوبة أولا,ocr,قائمة جندوبة أولا,قائمة جندوبة أوال,453,0.45,0.45,2,agree,96656,100356,52 53
جندوبة,29,agree,قائمة الشباب,ocr,قائمة الشباب,قائمة الشباب,424,0.42,0.42,2,agree,96656,100356,52 53
جندوبة,30,agree,قائمة أولاد بلاد,ocr,قائمة أولاد بلاد,قائمة أوالد بالد,423,0.42,0.42,2,agree,96656,100356,52 53
جندوبة,31,agree,قائمة لدينا حلم,ocr,قائمة لدينا حلم,قائمة لدينا حلم,407,0.41,0.41,2,agree,96656,100356,52 53
جندوبة,32,agree,قائمة الكرامة,ocr,قائمة الكرامة,قائمة الكرامة,399,0.4,0.4,2,agree,96656,100356,52 53
جندوبة,33,agree,قائمة شمس أمل خمير,text-layer,,قائمة شمس أمل خمير,399,0.4,0.4,2,agree,96656,100356,52 53
جندوبة,34,agree,قائمة حركة الديمقراطيين الاشتراكيين,ocr,قائمة حركة الديمقراطيين الاشتراكيين,قائمة حركة الديمقراطيين الاشتراكيين,389,0.39,0.39,2,agree,96656,100356,52 53
جندوبة,35,agree,قائمة عندي أمل,ocr,قائمة عندي أمل,قائمة عندي أمل,383,0.38,0.38,2,agree,96656,100356,52 53
جندوبة,36,agree,قائمة الحركة الدستورية,ocr,قائمة الحركة الدستورية,قائمة الحركة ر الدستو ية,379,0.38,0.38,2,agree,96656,100356,52 53
جندوبة,37,agree,قائمة فريقة,ocr,قائمة فريقة,قائمة فريعة,377,0.38,0.38,2,agree,96656,100356,52 53
جندوبة,38,agree,قائمة الحرية والتنمية,ocr,قائمة الحرية والتنمية,قائمة الحرية والتنمية,368,0.37,0.37,2,agree,96656,100356,52 53
جندوبة,39,agree,قائمة التضامن من أجل التنمية,ocr,قائمة التضامن من أجل التنمية,قائمة التضامن من أجل التنمية,356,0.35,0.35,2,agree,96656,100356,52 53
جندوبة,40,agree,قائمة حزب صوت شعب تونس,ocr,قائمة حزب صوت شعب تونس,قائمة حزب صوت شعب تونس,348,0.35,0.35,2,agree,96656,100356,52 53
جندوبة,41,agree,قائمة التنمية والعدالة والمساواة,ocr,قائمة التنمية والعدالة والمساواة,قائمة التنمية والعدالة واملساواة,335,0.33,0.33,2,agree,96656,100356,52 53
جندوبة,42,agree,قائمة الانطلاق,ocr,قائمة الانطلاق,قائمة الانطلاق,334,0.33,0.33,2,agree,96656,100356,52 53
جندوبة,43,agree,قائمة آفاق تنموية,ocr,قائمة آفاق تنموية,قائمة آفاق تنموية,312,0.31,0.31,2,agree,96656,100356,52 53
جندوبة,44,agree,قائمة العبور,ocr,قائمة العبور,قائمة العبور,305,0.3,0.3,2,agree,96656,100356,52 53
جندوبة,45,agree,قائمة الحزب الشعبي التقدمى,ocr,قائمة الحزب الشعبي التقدمى,قائمة الحزب الشعبي التقدمي,300,0.3,0.3,2,agree,96656,100356,52 53
جندوبة,46,agree,قائمة الخبرة... هي الحل,ocr,قائمة الخبرة... هي الحل,قائمة ...الخبرة هي الحل,299,0.3,0.3,2,agree,96656,100356,52 53
جندوبة,47,agree,قائمة حرية وكرامة,ocr,قائمة حرية وكرامة,قائمة حرية وكرامة,289,0.29,0.29,2,agree,96656,100356,52 53
جندوبة,48,agree,قائمة سوق الأربعاء,ocr,قائمة سوق الأربعاء,قائمة سوق الأر بعاء,285,0.28,0.28,2,agree,96656,100356,52 53
جندوبة,49,agree,قائمة حزب حركة الديمقراطيين الاجتماعيين,decision,قائمة حركة الديمقراطيين الاجتماعيين,قائمة حركة الديمقراطيين الاجتماعيين,276,0.28,0.28,2,agree,96656,100356,52 53
جندوبة,50,agree,قائمة حزب البناء الوطنى,ocr,قائمة حزب البناء الوطنى,قائمة حزب البناء الوطني,257,0.26,0.26,2,agree,96656,100356,52 53
جندوبة,51,agree,قائمة الحزب الجمهوري المغاربي,ocr,قائمةالحزب الجميورى المغارربى,قائمةالحزب ر الجمهو ي ر المغا بي,243,0.24,0.24,2,agree,96656,100356,52 53
جندوبة,52,agree,قائمة حزب الأمان,ocr,قائمة حزب الأمان,قائمة حزب الأمان,242,0.24,0.24,2,agree,96656,100356,52 53
جندوبة,53,agree,قائمة حركة التونسي,ocr,قائمة حركة التونسى,قائمة حركة التونسي,241,0.24,0.24,2,agree,96656,100356,52 53
جندوبة,54,agree,قائمة حركة بديل,ocr,قائمة حركة بديل,قائمة حركة بديل,238,0.24,0.24,2,agree,96656,100356,52 53
جندوبة,55,agree,قائمة حزب المؤتمر الشعبى,ocr,قائمة حزب المؤتمر الشعبي,قائمة حزب المؤتمرالشعبي,225,0.22,0.22,2,agree,96656,100356,52 53
جندوبة,56,agree,قائمة بلاريجيا,ocr,قائمة بلاريجيا,قائمة ر بال يجيا,191,0.19,0.19,2,agree,96656,100356,52 53
جندوبة,57,agree,قائمة الأخوة والوفاق لضمان السلم والرق,ocr,قائمة الأخوة والوفاق لضمان السلم والرق,قائمة الأخوة والوفاق لضمان السلم والرقي,179,0.18,0.18,2,agree,96656,100356,52 53
جندوبة,58,agree,قائمة حزب النور للديمقراطية والتنمية,ocr,قائمة حزب النور للديمقراطية والتنمية,قائمة حزب النور للديمقراطية والتنمية,174,0.17,0.17,2,agree,96656,100356,52 53
جندوبة,59,agree,قائمة الربيع العربي لتحقيق السيادة الاقتصادية,ocr,قائمة الربيع العربى لتحقيق السيادة الاقتصادية,قائمة الربيع العربي لتحقيق السيادة الاقتصادية,159,0.16,0.16,2,agree,96656,100356,52 53
جندوبة,60,agree,قائمة حزب المجد,ocr,قائمة حزب المجد,قائمة حزب المجد,158,0.16,0.16,2,agree,96656,100356,52 53
الكاف,1,agree,قائمة حزب حركة نداء تونس,decision,قائمة حزب حركة نداء تونس,قائمة حزب حركة نداء تونس,34885,46.56,46.56,2,agree,72421,74922,54 55
الكاف,2,agree,قائمة حزب حركة النهضة,decision,قائمة حزب حركة الهضة,قائمة حزب حركة النهضة,12672,16.91,16.91,2,agree,72421,74922,54 55
الكاف,3,agree,قائمة الجبهة الشعبية,decision,قائمة الجهة الشعبية,قائمة الجبهة الشعبية,5020,6.7,6.7,2,agree,72421,74922,54 55
الكاف,4,agree,قائمة حزب الاتحاد الوطني الحر,decision,قائمة حزب الاتحاد الوطني الحر,قائمة حزب الاتحاد الوطني الحر,3069,4.1,4.1,2,agree,72421,74922,54 55
الكاف,5,agree,قائمة الإرادة الحرة,ocr,قائمة الإرادة الحرة,قائمة الإادةر الحرة,1081,1.44,1.44,2,agree,72421,74922,54 55
الكاف,6,agree,قائمة الميزان,ocr,قائمة الميزان,قائمة الميقان,974,1.3,1.3,2,agree,72421,74922,54 55
الكاف,7,agree,قائمة حزب المؤتمر من أجل الجمهورية,decision,قائمة حزب المؤتمر من أجل الجمهورية,قائمة حزب المؤتمرمن أجل ر الجمهو ية,949,1.27,1.27,2,agree,72421,74922,54 55
الكاف,8,agree,قائمة النور,ocr,قائمة النور,قائمة النور,887,1.18,1.18,2,agree,72421,74922,54 55
الكاف,9,agree,قائمة حركة وفاء,ocr,قائمة حركة وفاء,قائمة حركة وفاء,842,1.12,1.12,2,agree,72421,74922,54 55
الكاف,10,agree,قائمة حزب حركة الشعب,decision,قائمة حركة الشعب,قائمة حركة الشعب,835,1.11,1.11,2,agree,72421,74922,54 55
الكاف,11,agree,قائمة حزب التحالف الديمقراطي,decision,قائمة حزب التحالف الديمقراطى,قائمة حزب التحالف الديمقراطي,718,0.96,0.96,2,agree,72421,74922,54 55
الكاف,12,agree,قائمة الحزب الاشتراى,ocr,قائمة الحزب الاشتراكى,قائمة الحزب الاشتراكي,705,0.94,0.94,2,agree,72421,74922,54 55
الكاف,13,agree,قائمة حزب التيار الديمقراطي,decision,قائمة حزب التيار الديمقراطى,قائمة حزب التيارالديمقراطي,692,0.92,0.92,2,agree,72421,74922,54 55
الكاف,14,agree,قائمة الوحدة الدستورية,ocr,قائمة الوحدة الدستورية,قائمة الوحدة ر الدستو ية,684,0.91,0.91,2,agree,72421,74922,54 55
الكاف,15,agree,قائمة الحزب الجمهوري,decision,قائمة الحزب الجمبوري,قائمة الحزب ر الجمهو ي,657,0.88,0.88,2,agree,72421,74922,54 55
الكاف,16,agree,قائمة حزب المبادرة,decision,قائمة حزب المبادرة,قائمة حزب ر المباد ة,617,0.82,0.82,2,agree,72421,74922,54 55
الكاف,17,agree,قائمة حزب آفاق تونس,decision,قائمة حزب آفاق تونس,قائمة حزب آفاق تونس,586,0.78,0.78,2,agree,72421,74922,54 55
الكاف,18,agree,قائمة تيار المحبة,decision,قائمة تيار المحبة,قائمة تياراملحبة,565,0.75,0.75,2,agree,72421,74922,54 55
الكاف,19,agree,قائمة المستقلون,ocr,قائمة المستقلون,قائمة المستقلون,468,0.62,0.62,2,agree,72421,74922,54 55
الكاف,20,agree,قائمة أحرارولاية الكاف,ocr,قائمة أحرارولاية الكاف,قائمة أحراروالية الكاف,463,0.62,0.62,2,agree,72421,74922,54 55
الكاف,21,agree,قائمة الكاف تريد...,ocr,قائمة الكاف تريد...,قائمة الكاف ...تريد,453,0.6,0.6,2,agree,72421,74922,54 55
الكاف,22,agree,ظ قائمة الحق فى التنمية ظ,ocr,ظ قائمة الحق فى التنمية ظ,قائمة الحق في التنمية,420,0.56,0.56,2,agree,72421,74922,54 55
الكاف,23,agree,قائمة حزب البناء الوطنى,ocr,قائمة حزب البناء الوطنى,قائمة حزب البناء الوطني,326,0.44,0.44,2,agree,72421,74922,54 55
الكاف,24,agree,قائمة الصوت العالى للجبة المنسية,ocr,قائمة الصوت العالى للجبة المنسية,قائمة الصوت العالي للجهة المنسية,325,0.43,0.43,2,agree,72421,74922,54 55
الكاف,25,agree,قائمة بناء تونس بالبيئة واستغلال مواردها,ocr,قائمة بناء تونس بالبيئة واستغلال مواردها,قائمة بناء تونس بالبيئة واستغالل ر موا دها,314,0.42,0.42,2,agree,72421,74922,54 55
الكاف,26,agree,قائمة الجبهة الوطنية للإنقاذ,decision,قائمة الجبهة الوطنية للانقاذ,قائمة الجبهة الوطنية للإنقاذ,313,0.42,0.42,2,agree,72421,74922,54 55
الكاف,27,agree,قائمة حزب صوت شعب تونس,ocr,قائمة حزب صوت شعب تونس,قائمة حزب صوت شعب تونس,312,0.42,0.42,2,agree,72421,74922,54 55
الكاف,28,agree,قائمة حزب التكتل,ocr,قائمة حزب التكتل,قائمة حزب التكتل,293,0.39,0.39,2,agree,72421,74922,54 55
الكاف,29,agree,قائمة حركة الديمقراطيين الاشتراكيين,ocr,قائمة حركة الدمقراطيين الاشتراكيين,قائمة حركة الدمقراطيين الاشتراكيين,289,0.39,0.39,2,agree,72421,74922,54 55
الكاف,30,agree,قائمة اتحاد القوى الشبابية,ocr,قائمة اتحاد القوى الشبابية,قائمة اتحاد القوى الشبابية,268,0.36,0.36,2,agree,72421,74922,54 55
الكاف,31,agree,قائمة جسور البناء,ocr,قائمة جسور البناء,قائمة جسور البناء,247,0.33,0.33,2,agree,72421,74922,54 55
الكاف,32,agree,قائمة حركة التونسي,ocr,قائمة حركة التونبسي,قائمة حركة التونسي,244,0.33,0.33,2,agree,72421,74922,54 55
الكاف,33,agree,قائمة الكاف للتقدم والنماء,ocr,قائمة الكاف للتقدم والنماء,قائمة الكاف للتقدم والنماء,236,0.31,0.31,2,agree,72421,74922,54 55
الكاف,34,agree,قائمة الحزب الشعبي التقدمى,ocr,قائمة الحزب الشعبي التقدمي,قائمة الحزب الشعبي التقدمي,227,0.3,0.3,2,agree,72421,74922,54 55
الكاف,35,agree,قائمة حزب الخضر,text-layer,,قائمة حزب الخضر,222,0.3,0.3,2,agree,72421,74922,54 55
الكاف,36,agree,قائمة اتحاد الشباب الديمقراطى التونسى,ocr,قائمة اتحاد الشباب الديمقراطى التونسى,قائمة اتحاد الشباب الديمقراطي التونسي,220,0.29,0.29,2,agree,72421,74922,54 55
الكاف,37,agree,قائمة حزب الأمان,ocr,قائمة حزب الأمان,قائمة حزب الأمان,205,0.27,0.27,2,agree,72421,74922,54 55
الكاف,38,agree,قائمة حزب الانفتاح والوفاء,ocr,قائمة حزب الانفتاح والوفاء,قائمة حزب الانفتاح والوفاء,138,0.18,0.18,2,agree,72421,74922,54 55
سليانة,1,agree,قائمة حزب حركة نداء تونس,decision,قائمة حركة نداء تونس,قائمة حركة نداء تونس,16618,28.4,28.4,2,agree,56758,58514,56 57
سليانة,2,agree,قائمة حزب حركة النهضة,decision,قائمة حزب حركة الهضة,قائمة حزب حركة النهضة,10057,17.19,17.19,2,agree,56758,58514,56 57
سليانة,3,agree,قائمة الجبهة الشعبية,decision,قائمة الجهة الشعبية,قائمة الجبهة الشعبية,6562,11.21,11.21,2,agree,56758,58514,56 57
سليانة,4,agree,قائمة الحزب الجمهوري,decision,قائمة الحزب الجمهوري,قائمة الحزب ر الجمهو ي,4153,7.1,7.1,2,agree,56758,58514,56 57
سليانة,5,agree,قائمة حزب الاتحاد الوطني الحر,decision,قائمة حزب الاتحاد الوطنى الحر,قائمة حزب الاتحاد الوطني الحر,3362,5.75,5.75,2,agree,56758,58514,56 57
سليانة,6,agree,قائمة حزب التكتل,ocr,قائمة حزب التكتل,قائمة حزب التكتل,1289,2.2,2.2,2,agree,56758,58514,56 57
سليانة,7,agree,قائمة التشغيل والكرامة,ocr,قائمة التشغيل والكرامة,قائمة التشغيل والكرامة,1111,1.9,1.9,2,agree,56758,58514,56 57
سليانة,8,agree,قائمة حزب حركة الشعب,decision,قائمة حركة الشعب,قائمة حركة الشعب,1013,1.73,1.73,2,agree,56758,58514,56 57
سليانة,9,agree,قائمة السلام,ocr,قائمة السلام,قائمة السالم,786,1.34,1.34,2,agree,56758,58514,56 57
سليانة,10,agree,قائمة حزب المبادرة,decision,قائمة حزب المبادرة,قائمة حزب ر المباد ة,770,1.32,1.32,2,agree,56758,58514,56 57
سليانة,11,agree,قائمة حزب التحالف الديمقراطي,decision,قائمة حزب التحالف الديمقراطضى,قائمة حزب التحالف الديمقراطي,739,1.26,1.26,2,agree,56758,58514,56 57
سليانة,12,agree,قائمة الوعد الصادق,ocr,قائمة الوعد الصادق,قائمة الوعد الصادق,739,1.26,1.26,2,agree,56758,58514,56 57
سليانة,13,agree,قائمة حزب المؤتمر من أجل الجمهورية,decision,قائمة حزب المؤتمر من أجل الجمهورية,قائمة حزب المؤتمرمن أجل ر الجمهو ية,673,1.15,1.15,2,agree,56758,58514,56 57
سليانة,14,agree,قائمة صوت المستقل,ocr,قائمة صوت المستقل,قائمة صوت المستقل,628,1.07,1.07,2,agree,56758,58514,56 57
سليانة,15,agree,قائمة تيار المحبة,decision,قائمة تيار المحبة,قائمة تياراملحبة,588,1.0,1.0,2,agree,56758,58514,56 57
سليانة,16,agree,قائمة حركة وفاء,ocr,قائمة حركة وفاء,قائمة حركة وفاء,552,0.94,0.94,2,agree,56758,58514,56 57
سليانة,17,agree,قائمة حزب التيار الديمقراطي,decision,قائمة حزب التيار الديمقراطى,قائمة حزب التيارالديمقراطي,544,0.93,0.93,2,agree,56758,58514,56 57
سليانة,18,agree,قائمة الحزب الاشتراى,ocr,قائمة الحزب الاشتراى,قائمة الحزب الاشتراكي,539,0.92,0.92,2,agree,56758,58514,56 57
سليانة,19,agree,قائمة حزب اللقاء الدستورى,ocr,قائمة حزب اللقاء الدستورى,قائمة حزب اللقاء ر الدستو ي,502,0.86,0.86,2,agree,56758,58514,56 57
سليانة,20,agree,قائمة حزب صوت شعب تونس,ocr,قائمة حزب صوت شعب تونس,قائمة حزب صوت شعب تونس,497,0.85,0.85,2,agree,56758,58514,56 57
سليانة,21,agree,قائمة ما يريده الشعب,ocr,قائمة ما يريده الشعب,قائمة ما يريده الشعب,425,0.73,0.73,2,agree,56758,58514,56 57
سليانة,22,agree,قائمة الأمل فى الحياة,ocr,قائمة الأمل فى الحياة,قائمة الأمل في الحياة,368,0.63,0.63,2,agree,56758,58514,56 57
سليانة,23,agree,قائمة شباب بلادي,ocr,قائمة شباب بلادي,قائمة شباب بالدي,364,0.62,0.62,2,agree,56758,58514,56 57
سليانة,24,agree,قائمة حركة الجمهورية,ocr,قائمة حركة الجمهورية,قائمة حركة ر الجمهو ية,361,0.62,0.62,2,agree,56758,58514,56 57
سليانة,25,agree,قائمة حزب آفاق تونس,decision,قائمة حزب آفاق تونس,قائمة حزب آفاق تونس,352,0.6,0.6,2,agree,56758,58514,56 57
سليانة,26,agree,قائمة الحركة الدستورية,ocr,قائمة الحركة الدستورية,قائمة الحركة ر الدستو ية,342,0.58,0.58,2,agree,56758,58514,56 57
سليانة,27,agree,قائمة حزب صوت الفلاحين,decision,قائمة حزب صوت الفلاحين,قائمة حزب صوت الفلاحين,334,0.57,0.57,2,agree,56758,58514,56 57
سليانة,28,agree,قائمة التحدى,ocr,قائمة التحدي,قائمة التحدي,286,0.49,0.49,2,agree,56758,58514,56 57
سليانة,29,agree,قائمة الأرض,ocr,قائمة الأرض,قائمة الأضر,248,0.42,0.42,2,agree,56758,58514,56 57
سليانة,30,agree,قائمة الوفاء لمشروع الشهيد,ocr,قائمة الوفاء لمشروع الشهيد,قائمة الوفاء و ملشر ع الشهيد,238,0.41,0.41,2,agree,56758,58514,56 57
سليانة,31,agree,قائمة التشغيل والتنمية,ocr,قائمة التشغيل والتنمية,قائمة التشغيل والتنمية,222,0.38,0.38,2,agree,56758,58514,56 57
سليانة,32,agree,قائمة حزب الأمان,ocr,قائمة حزب الأمان,قائمة حزب الأمان,218,0.37,0.37,2,agree,56758,58514,56 57
سليانة,33,agree,قائمة حركة الربيع العربى,ocr,قائمة حركة الربيع العربي,قائمة حركة الربيع العربي,208,0.36,0.36,2,agree,56758,58514,56 57
سليانة,34,agree,قائمة الأحرار,ocr,قائمة الأحرار,قائمة الأحرار,204,0.35,0.35,2,agree,56758,58514,56 57
سليانة,35,agree,قائمة حزب الإصلاح والتنمية,ocr,قائمة حزب الإصلاح والتنمية,قائمة حزب الإصالح والتنمية,190,0.32,0.32,2,agree,56758,58514,56 57
سليانة,36,agree,قائمة حزب النور للديمقراطية والتنمية,ocr,قائمة حزب النور للديمقراطية والتنمية,قائمة حزب النور للديمقراطية والتنمية,180,0.31,0.31,2,agree,56758,58514,56 57
سليانة,37,agree,قائمة من أجل تحقيق سلطة الشعب,ocr,قائمة من أجل تحقيق سلطة الشعب,قائمة من أجل تحقيق سلطة الشعب,178,0.3,0.3,2,agree,56758,58514,56 57
سليانة,38,agree,قائمة الازدهار,ocr,قائمة الازدهار,قائمة زالا دهار,163,0.28,0.28,2,agree,56758,58514,56 57
سليانة,39,agree,قائمة السبيل للتشغيل والعدالة الاجتماعية,ocr,قائمة السبيل للتشغيل والعدالة الاجتماعية,قائمة السبيل للتشغيل والعدالة الاجتماعية,155,0.26,0.26,2,agree,56758,58514,56 57
القيروان,1,agree,قائمة حزب حركة النهضة,decision,قائمة حزب حركة الهضة,قائمة حزب حركة النهضة,39300,31.03,31.03,2,agree,123267,126649,58 59
القيروان,2,agree,قائمة حزب حركة نداء تونس,decision,قائمة حركة نداء تونس,قائمة حركة نداء تونس,33513,26.46,26.46,2,agree,123267,126649,58 59
القيروان,3,agree,قائمة حزب الاتحاد الوطني الحر,decision,قائمة حزب الاتحاد الوطنى الحر,قائمة حزب الاتحاد الوطني الحر,5900,4.66,4.66,2,agree,123267,126649,58 59
القيروان,4,agree,قائمة الجبهة الشعبية,decision,قائمة الجهة الشعبية,قائمة الجبهة الشعبية,4830,3.81,3.81,2,agree,123267,126649,58 59
القيروان,5,agree,قائمة تيار المحبة,decision,قائمة تيار المحبة,قائمة تياراملحبة,3125,2.47,2.47,2,agree,123267,126649,58 59
القيروان,6,agree,قائمة حزب آفاق تونس,decision,قائمة حزب آفاق تونس,قائمة حزب آفاق تونس,2353,1.86,1.86,2,agree,123267,126649,58 59
القيروان,7,agree,قائمة حزب المبادرة,decision,قائمة حزب المبادرة,قائمة حزب ر المباد ة,1924,1.52,1.52,2,agree,123267,126649,58 59
القيروان,8,agree,قائمة حزب التيار الديمقراطي,decision,قائمة حزب التيار الديمقراطي,قائمة حزب التيارالديمقراطي,1854,1.46,1.46,2,agree,123267,126649,58 59
القيروان,9,agree,قائمة الحزب الجمهوري,decision,قائمة الحزب الجمبوري,قائمة الحزب ر الجمهو ي,1839,1.45,1.45,2,agree,123267,126649,58 59
القيروان,10,agree,قائمة حزب المؤتمر من أجل الجمهورية,decision,قائمة حزب المؤتمر من أجل الجمهورية,قائمة حزب المؤتمرمن أجل ر الجمهو ية,1430,1.13,1.13,2,agree,123267,126649,58 59
القيروان,11,agree,قائمة حزب التحالف الديمقراطي,decision,قائمة حزب التحالف الديمقرامى,قائمة حزب التحالف الديمقراطي,1360,1.07,1.07,2,agree,123267,126649,58 59
القيروان,12,agree,قائمة حزب التكتل,ocr,قائمة حزب التكتل,قائمة حزب التكتل,1059,0.84,0.84,2,agree,123267,126649,58 59
القيروان,13,agree,قائمة الحلم القيروانى,ocr,قائمة الحلم القيروانى,قائمة الحلم القيرواني,984,0.78,0.78,2,agree,123267,126649,58 59
القيروان,14,agree,قائمة الزيتونة,ocr,قائمة الزيتونة,قائمة الزيتونة,981,0.77,0.77,2,agree,123267,126649,58 59
القيروان,15,agree,قائمة حركة وفاء,ocr,قائمة حركة وفاء,قائمة حركة وفاء,963,0.76,0.76,2,agree,123267,126649,58 59
القيروان,16,agree,قائمة حزب العريضة الشعبية,ocr,قائمة حزب العريضة الشعبية,قائمة حزب العريضة الشعبية,894,0.71,0.71,2,agree,123267,126649,58 59
القيروان,17,agree,قائمة حزب العدل والتنمية,ocr,قائمة حزب العدل والتنمية,قائمة حزب العدل والتنمية,863,0.68,0.68,2,agree,123267,126649,58 59
القيروان,18,agree,القائمة البورقيبية,ocr,القائمة البورقيبية,القائمة ر البو قيبية,857,0.68,0.68,2,agree,123267,126649,58 59
القيروان,19,agree,قائمة الخمسة,ocr,قائمة الخمسة,قائمة الخمسة,847,0.67,0.67,2,agree,123267,126649,58 59
القيروان,20,agree,قائمة الحركة الدستورية,ocr,قائمة الحركة الدستورية,قائمة الحركة ر الدستو ية,841,0.66,0.66,2,agree,123267,126649,58 59
القيروان,21,agree,قائمة خير القيروان,ocr,قائمة خير القيروان,قائمة خيرالقيروان,759,0.6,0.6,2,agree,123267,126649,58 59
القيروان,22,agree,قائمة حزب حركة الشعب,decision,قائمة حركة الشعب,قائمة حركة الشعب,702,0.55,0.55,2,agree,123267,126649,58 59
القيروان,23,agree,قائمة أحرار القيروان,ocr,قائمة أحرار القيروان,قائمة أحرارالقيروان,701,0.55,0.55,2,agree,123267,126649,58 59
القيروان,24,agree,قائمة العمل,ocr,قائمة العمل,قائمة العمل,700,0.55,0.55,2,agree,123267,126649,58 59
القيروان,25,agree,قائمة حزب العدالة والتنمية,ocr,قائمة حزب العدالة والتنمية,قائمة حزب العدالة والتنمية,693,0.55,0.55,2,agree,123267,126649,58 59
القيروان,26,agree,قائمة حزب الغد,ocr,قائمة حزب الغد,قائمة حزب الغد,687,0.54,0.54,2,agree,123267,126649,58 59
القيروان,27,agree,قائمة الأمل,ocr,قائمة الأمل,قائمة الأمل,654,0.52,0.52,2,agree,123267,126649,58 59
القيروان,28,agree,قائمة تيارصوت الشعب الحر,ocr,قائمة تيارصوت الشعب الحر,قائمة تيارصوت الشعب الحر,648,0.51,0.51,2,agree,123267,126649,58 59
القيروان,29,agree,قائمة حزب المؤتمر الشعبى,ocr,قائمة حزب المؤتمر الشعبى,قائمة حزب المؤتمرالشعبي,647,0.51,0.51,2,agree,123267,126649,58 59
القيروان,30,agree,قائمة الفلاقة,ocr,قائمة الفلاقة,قائمة الفالقة,637,0.5,0.5,2,agree,123267,126649,58 59
القيروان,31,agree,قائمة صوت المعاق,text-layer,,قائمة صوت المعاق,579,0.46,0.46,2,agree,123267,126649,58 59
القيروان,32,agree,قائمة حزب الأمان,ocr,قائمة حزب الأمان,قائمة حزب الأمان,564,0.45,0.45,2,agree,123267,126649,58 59
القيروان,33,agree,قائمة حركة التونسي,ocr,قائمة حركة التونسي,قائمة حركة التونسي,522,0.41,0.41,2,agree,123267,126649,58 59
القيروان,34,agree,قائمة الحزب الجمهوري المغاربي,ocr,قائمة الحزب الجمهوري المغاربي,قائمة الحزب ر الجمهو ي ر المغا بي,496,0.39,0.39,2,agree,123267,126649,58 59
القيروان,35,agree,قائمة حركة الديمقراطيين الاشتراكيين,ocr,قائمة حركة الديمقراطيين الاشتراكيين,قائمة حركة الديمقراطيين الاشتراكيين,445,0.35,0.35,2,agree,123267,126649,58 59
القيروان,36,agree,قائمة حزب الأصالة,ocr,قائمة حزب الأصالة,قائمة حزب الأصالة,436,0.34,0.34,2,agree,123267,126649,58 59
القيروان,37,agree,قائمة اتحاد الشباب الديمقراطى التونسى,ocr,قائمة اتحاد الشباب الديمقراطى التونيبى,قائمة اتحاد الشباب الديمقراطي التونسي,434,0.34,0.34,2,agree,123267,126649,58 59
القيروان,38,agree,قائمة باب الأمل,ocr,قائمة باب الأمل,قائمة باب الأمل,433,0.34,0.34,2,agree,123267,126649,58 59
القيروان,39,agree,قائمة الاتحاد من أجل تونس,ocr,قائمة الاتحاد من أجل تونس,قائمة الاتحاد من أجل تونس,408,0.32,0.32,2,agree,123267,126649,58 59
القيروان,40,agree,قائمة الضوء,ocr,قائمة الضوء,قائمة الضوء,405,0.32,0.32,2,agree,123267,126649,58 59
القيروان,41,agree,قائمة فرسان الحرية,ocr,قائمة فرسان الحرية,قائمة فرسان الحرية,397,0.31,0.31,2,agree,123267,126649,58 59
القيروان,42,agree,قائمة حزب صوت شعب تونس,ocr,قائمة حزب صوت شعب تونس,قائمة حزب صوت شعب تونس,386,0.3,0.3,2,agree,123267,126649,58 59
القيروان,43,agree,قائمة حزب الحداثة,ocr,قائمة حزب الحداثة,قائمة حزب الحداثة,380,0.3,0.3,2,agree,123267,126649,58 59
القيروان,44,agree,قائمة الخمسة الذهبية,ocr,قائمة الخمسة الذهبية,قائمة الخمسة الذهبية,368,0.29,0.29,2,agree,123267,126649,58 59
القيروان,45,agree,قائمة التخطيط والتنمية,ocr,قائمة التخطيط والتنمية,قائمة التخطيط والتنمية,368,0.29,0.29,2,agree,123267,126649,58 59
القيروان,46,agree,قائمة حركة الشباب الوطني التونسي,ocr,قائمة حركة الشباب الوطني التونسي,قائمة حركة الشباب الوطني التونسي,340,0.27,0.27,2,agree,123267,126649,58 59
القيروان,47,agree,قائمة الشعب يريد,ocr,قائمة الشعب يريد,قائمة الشعب يريد,333,0.26,0.26,2,agree,123267,126649,58 59
القيروان,48,agree,قائمة حزب تونس للجميع,ocr,قائمة حزب تونس للجميع,قائمة حزب تونس للجميع,319,0.25,0.25,2,agree,123267,126649,58 59
القيروان,49,agree,قائمة حزب الكرامة والمساوة,ocr,قائمة حزب الكرامة والمساواة,قائمة حزب الكرامة واملساواة,318,0.25,0.25,2,agree,123267,126649,58 59
القيروان,50,agree,قائمة شباب تونس الخضراء,ocr,قائمة شباب تونس الخضراء,قائمة شباب تونس الخضراء,318,0.25,0.25,2,agree,123267,126649,58 59
القيروان,51,agree,قائمة البرنامج,ocr,قائمة البرنامج,قائمة البرنامج,300,0.24,0.24,2,agree,123267,126649,58 59
القيروان,52,agree,قائمة حزب المجد,ocr,قائمة حزب المجد,قائمة حزب المجد,282,0.22,0.22,2,agree,123267,126649,58 59
القيروان,53,agree,قائمة حزب حركة الجمهورية,ocr,قائمة حزب حركة الجمهورية,قائمة حزب حركة ر الجمهو ية,275,0.22,0.22,2,agree,123267,126649,58 59
القيروان,54,agree,قائمة الربيع العربي لتحقيق السيادة الاقتصادية,ocr,قائمة الربيع العربي لتحقيق السيادة الاقتصادية,قائمة الربيع العربي لتحقيق السيادة الاقتصادية,270,0.21,0.21,2,agree,123267,126649,58 59
القيروان,55,agree,قائمة الأهل,ocr,قائمة الأهل,قائمة الأهل,255,0.2,0.2,2,agree,123267,126649,58 59
القيروان,56,agree,قائمة حزب الأمانات والاستراتيجيات التنموبة,ocr,قائمة حزب الأمانات والاستراتيجيات التنموبة,قائمة حزب الأمانات والاستراتيجيات التنموية,220,0.17,0.17,2,agree,123267,126649,58 59
القيروان,57,agree,قائمة حركة مقاومة,ocr,قائمة حركة مقاومة,قائمة حركة مقاومة,204,0.16,0.16,2,agree,123267,126649,58 59
القيروان,58,agree,قائمة الوفاء لمشروع الشهيد,ocr,قائمة الوفاء لمشروع الشهيد,قائمة الوفاء و ملشر ع الشهيد,185,0.15,0.15,2,agree,123267,126649,58 59
القيروان,59,agree,قائمة الحركة الديمقراطية للإصلاح والبناء,ocr,قائمة الحركة الديمقراطية للإصلاح والبناء,قائمة الحركة الديمقراطية لإلصالح والبناء,172,0.14,0.14,2,agree,123267,126649,58 59
القيروان,60,agree,قائمة مواطنون بلا حدود,ocr,قائمة مواطنون بلا حدود,قائمة مواطنون بال حدود,156,0.12,0.12,2,agree,123267,126649,58 59
القيروان,61,agree,قائمة حركة بديل,ocr,قائمة حركة بديل,قائمة حركة بديل,154,0.12,0.12,2,agree,123267,126649,58 59
نابل 1,1,agree,قائمة حزب حركة نداء تونس,decision,قائمة حركة نداء تونس,قائمة حركة نداء تونس,73739,49.12,49.12,2,agree,147680,150126,60 61
نابل 1,2,agree,قائمة حزب حركة النهضة,decision,قائمة حزب حركة الهضة,قائمة حزب حركة النهضة,29368,19.56,19.56,2,agree,147680,150126,60 61
نابل 1,3,agree,قائمة حزب آفاق تونس,decision,قائمة حزب آفاق تونس,قائمة حزب آفاق تونس,7135,4.75,4.75,2,agree,147680,150126,60 61
نابل 1,4,agree,قائمة حزب الاتحاد الوطني الحر,decision,قائمة حزب الاتحاد الوطنى الحر,قائمة حزب الاتحاد الوطني الحر,7045,4.69,4.69,2,agree,147680,150126,60 61
نابل 1,5,agree,قائمة الجبهة الشعبية,decision,قائمة الجبية الشعبية,قائمة الجبهة الشعبية,6048,4.03,4.03,2,agree,147680,150126,60 61
نابل 1,6,agree,قائمة حزب التيار الديمقراطي,decision,قائمة حزب التيار الديمقراطي,قائمة حزب التيارالديمقراطي,2989,1.99,1.99,2,agree,147680,150126,60 61
نابل 1,7,agree,قائمة الحزب الجمهوري,decision,قائمة الحزب الجمهوري,قائمة الحزب ر الجمهو ي,2408,1.6,1.6,2,agree,147680,150126,60 61
نابل 1,8,agree,قائمة حزب التحالف الديمقراطي,decision,قائمة حزب التحالف الديمقراطي,قائمة حزب التحالف الديمقراطي,1565,1.04,1.04,2,agree,147680,150126,60 61
نابل 1,9,agree,قائمة حزب المؤتمر من أجل الجمهورية,decision,قائمة حزب المؤتمر من أجل الجمهورية,قائمة حزب المؤتمرمن أجل ر الجمهو ية,1479,0.99,0.99,2,agree,147680,150126,60 61
نابل 1,10,agree,قائمة حزب التكتل,ocr,قائمة حزب التكتل,قائمة حزب التكتل,1332,0.89,0.89,2,agree,147680,150126,60 61
نابل 1,11,agree,قائمة حركة وفاء,ocr,قائمة حركة وفاء,قائمة حركة وفاء,1271,0.85,0.85,2,agree,147680,150126,60 61
نابل 1,12,agree,قائمة حزب المبادرة,decision,قائمةحزب المبادرة,قائمةحزب ر المباد ة,1371,0.91,0.91,2,agree,147680,150126,60 61
نابل 1,13,agree,قائمة حزب صوت شعب تونس,ocr,قائمة حزب صوت شعب تونس,قائمة حزب صوت شعب تونس,1089,0.73,0.73,2,agree,147680,150126,60 61
نابل 1,14,agree,قائمة حزب حركة الشعب,decision,قائمة حركة الشعب,قائمة حركة الشعب,996,0.66,0.66,2,agree,147680,150126,60 61
نابل 1,15,agree,قائمة تونس العزيزة,ocr,قائمة تونس العزيزة,قائمة تونس العزيزة,939,0.63,0.63,2,agree,147680,150126,60 61
نابل 1,16,agree,قائمة تيار المحبة,decision,قائمة تيار المحبة,قائمة تياراملحبة,830,0.55,0.55,2,agree,147680,150126,60 61
نابل 1,17,agree,قائمة حركة بديل,ocr,قائمة حركة بديل,قائمة حركة بديل,805,0.54,0.54,2,agree,147680,150126,60 61
نابل 1,18,agree,قائمة الحزب الاشتراى,ocr,قائمة الحزب الاشتراى,قائمة الحزب الاشتراكي,659,0.44,0.44,2,agree,147680,150126,60 61
نابل 1,19,agree,قائمة الاتحاد من أجل تونس,ocr,قائمة الاتحاد من أجل تونس,قائمة الاتحاد من أجل تونس,584,0.39,0.39,2,agree,147680,150126,60 61
نابل 1,20,agree,قائمة حزب الجبهة الوطنية التونسية,ocr,قائمة حزب الجيهة الوطنية التونسية,قائمة حزب الجبهة الوطنية التونسية,559,0.37,0.37,2,agree,147680,150126,60 61
نابل 1,21,agree,قائمة حزب حركة الجمهورية,ocr,قائمة حزب حركة الجمهورية,قائمة حزب حركة ر الجمهو ية,550,0.37,0.37,2,agree,147680,150126,60 61
نابل 1,22,agree,قائمة حزب اللقاء الدستورى,ocr,قائمة حزب اللقاء الدستورى,قائمة حزب اللقاء ر الدستو ي,457,0.3,0.3,2,agree,147680,150126,60 61
نابل 1,23,agree,قائمة اتحاد الشباب الديمقراطى التونسى,ocr,قائمة اتحاد الشباب الديمقراط التونسي,قائمة اتحاد الشباب الديمقراطي التونسي,430,0.29,0.29,2,agree,147680,150126,60 61
نابل 1,24,agree,قائمة حركة الديمقراطيين الاشتراكيين,ocr,قائمة حركة الديمقراطيين الاشتراكيين,قائمة حركة الديمقراطيين الاشتراكيين,426,0.28,0.28,2,agree,147680,150126,60 61
نابل 1,25,agree,قائمة أمل تونس,ocr,قائمة أمل تونس,قائمة أمل تونس,414,0.28,0.28,2,agree,147680,150126,60 61
نابل 1,26,agree,قائمة حزب المجد,ocr,قائمة حزب المجد,قائمة حزب المجد,377,0.25,0.25,2,agree,147680,150126,60 61
نابل 1,27,agree,قائمة سامي بلحاج,ocr,قائمة سامي بلحاج,قائمة سامي بلحاج,362,0.24,0.24,2,agree,147680,150126,60 61
نابل 1,28,agree,قائمة التحدى,ocr,قائمة التحدى,قائمة التحدى,320,0.21,0.21,2,agree,147680,150126,60 61
نابل 1,29,agree,قائمة تميز,ocr,قائمة تميز,قائمة تميق,311,0.21,0.21,2,agree,147680,150126,60 61
نابل 1,30,agree,قائمة حزب جبهة 17 ديسمبر للتنمية,ocr,قائمة حزب جبهة 17 ديسمبر للتنمية,قائمة حزب جبهة ديسمبرللتنمية,300,0.2,0.2,2,agree,147680,150126,60 61
نابل 1,31,agree,قائمة الحركة الدستورية,ocr,قائمة الحركة الدستورية,قائمة الحركة ر الدستو ية,297,0.2,0.2,2,agree,147680,150126,60 61
نابل 1,32,agree,قائمة حركة الشباب الوطني التونسي,ocr,قائمة حركة الشباب الوطني التونسي,قائمة حركة الشباب الوطني التونسي,289,0.19,0.19,2,agree,147680,150126,60 61
نابل 1,33,agree,قائمة الدخلة للعمل والعدالة والتنمية,ocr,قائمة الدخلة للعمل والعدالة والتنمية,قائمة الدخلة للعمل والعدالة والتنمية,261,0.17,0.17,2,agree,147680,150126,60 61
نابل 1,34,agree,قائمة حزب الربادة,ocr,قائمة حزب الربادة,قائمة حزب الريادة,252,0.17,0.17,2,agree,147680,150126,60 61
نابل 1,35,agree,قائمة الشعب يريد,ocr,قائمة الشعب يريد,قائمة الشعب يريد,218,0.15,0.15,2,agree,147680,150126,60 61
نابل 1,36,agree,قائمة الحزب الليبرالي التونسي,ocr,قائمة الحزب الليبرالى التونسى,قائمة الحزب الليبرالي التونسي,205,0.14,0.14,2,agree,147680,150126,60 61
نابل 2,1,agree,قائمة حزب حركة نداء تونس,decision,قائمة حركة نداء تونس,قائمة حركة نداء تونس,60247,50.4,50.4,2,agree,117244,119545,62
نابل 2,2,agree,قائمة حزب حركة النهضة,decision,قائمة حزب حركة الهضة,قائمة حزب حركة النهضة,23478,19.64,19.64,2,agree,117244,119545,62
نابل 2,3,agree,قائمة حزب الاتحاد الوطني الحر,decision,قائمة حزب الاتحاد الوطني الحر,قائمة حزب الاتحاد الوطني الحر,5917,4.95,4.95,2,agree,117244,119545,62
نابل 2,4,agree,قائمة الجبهة الشعبية,decision,قائمة الجيهة الشعبية,قائمة الجبهة الشعبية,4000,3.35,3.35,2,agree,117244,119545,62
نابل 2,5,agree,قائمة حزب التحالف الديمقراطي,decision,قائمة حزب التحالف الديمقراطى,قائمة حزب التحالف الديمقراطي,3725,3.12,3.12,2,agree,117244,119545,62
نابل 2,6,agree,قائمة حزب آفاق تونس,decision,قائمة حزب آفاق تونس,قائمة حزب آفاق تونس,3031,2.54,2.54,2,agree,117244,119545,62
نابل 2,7,agree,قائمة حزب التيار الديمقراطي,decision,قائمة حزب التيار الديمقراص,قائمة حزب التيارالديمقراطي,1824,1.53,1.53,2,agree,117244,119545,62
نابل 2,8,agree,قائمة الحزب الاشتراى,ocr,قائمة الحزب الاشتراى,قائمة الحزب الاشتراكي,1822,1.52,1.52,2,agree,117244,119545,62
نابل 2,9,agree,قائمة حزب المؤتمر من أجل الجمهورية,decision,قائمة حزب المؤتمر من أجل الجمهورية,قائمة حزب المؤتمرمن أجل ر الجمهو ية,1639,1.37,1.37,2,agree,117244,119545,62
نابل 2,10,agree,قائمة الحزب الجمهوري,decision,قائمة الحزب الجمهوري,قائمة الحزب ر الجمهو ي,1522,1.27,1.27,2,agree,117244,119545,62
نابل 2,11,agree,قائمة حركة وفاء,ocr,قائمة حركة وفاء,قائمة حركة وفاء,1189,0.99,0.99,2,agree,117244,119545,62
نابل 2,12,agree,قائمة الاتحاد من أجل تونس,ocr,قائمة الاتحاد من أجل تونس,قائمة الاتحاد من أجل تونس,1186,0.99,0.99,2,agree,117244,119545,62
نابل 2,13,agree,قائمة تيار المحبة,decision,قائمة تيار المحبة,قائمة تياراملحبة,1105,0.92,0.92,2,agree,117244,119545,62
نابل 2,14,agree,قائمة حزب المبادرة,decision,قائمة حزب المبادرة,قائمة حزب ر المباد ة,856,0.72,0.72,2,agree,117244,119545,62
نابل 2,15,agree,قائمة حزب الإصلاح والتنمية,ocr,قائمة حزب الإصلاح والتنمية,قائمة حزب الإصالح والتنمية,589,0.49,0.49,2,agree,117244,119545,62
نابل 2,16,agree,قائمة حزب الغد,ocr,قائمة حزب الغد,قائمة حزب الغد,548,0.46,0.46,2,agree,117244,119545,62
نابل 2,17,agree,قائمة حزب التكتل,ocr,قائمة حزب التكتل,قائمة حزب التكتل,509,0.43,0.43,2,agree,117244,119545,62
نابل 2,18,agree,قائمة التآلف الوحدوي الديمقراض,ocr,قائمة التآلف الوحدوي الديمقراض,قائمة التآلف الوحدوي الديمقراطي,500,0.42,0.42,2,agree,117244,119545,62
نابل 2,19,agree,قائمة حزب جبهة 17 ديسمبر للتنمية,ocr,قائمة حزب جههة 17 ديسمبر للتنمية,قائمة حزب جبهة ديسمبرللتنمية,445,0.37,0.37,2,agree,117244,119545,62
نابل 2,20,agree,قائمة حركة الديمقراطيين الاشتراكيين,ocr,قائمة حركة الديمقراطيين الاشتراكيين,قائمة حركة الديمقراطيين الاشتراكيين,428,0.36,0.36,2,agree,117244,119545,62
نابل 2,21,agree,قائمة حزب حركة الديمقراطيين الاجتماعيين,decision,قائمة حركة الديمقراطيين الاجتماعيين,قائمة حركة الديمقراطيين الاجتماعيين,360,0.3,0.3,2,agree,117244,119545,62
نابل 2,22,agree,قائمة حزب حركة الشعب,decision,قائمة حركة الشعب,قائمة حركة الشعب,359,0.3,0.3,2,agree,117244,119545,62
نابل 2,23,agree,قائمة حزب الخضر,ocr,قائمة حزب الخضر,قائمة حزب الخضر,324,0.27,0.27,2,agree,117244,119545,62
نابل 2,24,agree,قائمة حزب صوت شعب تونس,ocr,قائمة حزب صوت شعب تونس,قائمة حزب صوت شعب تونس,298,0.25,0.25,2,agree,117244,119545,62
نابل 2,25,agree,قائمة شباب الوحدة,ocr,قائمة شباب الوحدة,قائمة شباب الوحدة,242,0.2,0.2,2,agree,117244,119545,62
نابل 2,26,agree,قائمة حزب حركة الجمهورية,ocr,قائمة حزب حركة الجمهورية,قائمة حزب حركة ر الجمهو ية,230,0.19,0.19,2,agree,117244,119545,62
نابل 2,27,agree,قائمة تونس المستقبل,ocr,قائمة تونس المستقبل,قائمة تونس المستقبل,195,0.16,0.16,2,agree,117244,119545,62
نابل 2,28,agree,قائمة حزب العمل التونيسى,ocr,قائمة حزب العمل التونيسى,قائمة حزب العمل التونسي,186,0.16,0.16,2,agree,117244,119545,62
نابل 2,29,agree,قائمة الحزب الليبرالي التونسي,ocr,قائمة الحزب الليبرالى التونسى,قائمة الحزب الليبرالي التونسي,184,0.15,0.15,2,agree,117244,119545,62
نابل 2,30,agree,قائمة حزب الجبهة الوطنية التونسية,ocr,قائمة حزب الجبهة الوطنية التونسية,قائمة حزب الجبهة الوطنية التونسية,176,0.15,0.15,2,agree,117244,119545,62
نابل 2,31,agree,قائمة اتحاد القوى الشبابية,ocr,قائمة اتحاد القوى الشبابية,قائمة اتحاد القوى الشبابية,130,0.11,0.11,2,agree,117244,119545,62
سوسة,1,agree,قائمة حزب حركة نداء تونس,decision,قائمة حركة نداء تونس,قائمة حركة نداء تونس,102604,48.23,48.23,2,agree,209984,212745,63 64
سوسة,2,agree,قائمة حزب حركة النهضة,decision,قائمة حزب حركة الهضة,قائمة حزب حركة النهضة,50820,23.89,23.89,2,agree,209984,212745,63 64
سوسة,3,agree,قائمة حزب آفاق تونس,decision,قائمة حزب آفاق تونس,قائمة حزب آفاق تونس,12360,5.81,5.81,2,agree,209984,212745,63 64
سوسة,4,agree,قائمة حزب المبادرة,decision,قائمة حزب المبادرة,قائمة حزب ر المباد ة,8626,4.05,4.05,2,agree,209984,212745,63 64
سوسة,5,agree,قائمة الجبهة الشعبية,decision,قائمة الجهة الشعبية,قائمة الجبهة الشعبية,5502,2.59,2.59,2,agree,209984,212745,63 64
سوسة,6,agree,قائمة حزب الاتحاد الوطني الحر,decision,قائمة حزب الاتحاد الوطني الحر,قائمة حزب الاتحاد الوطني الحر,4848,2.28,2.28,2,agree,209984,212745,63 64
سوسة,7,agree,قائمة حزب المؤتمر من أجل الجمهورية,decision,قائمة حزب المؤتمر من أجل الجمهورية,قائمة حزب المؤتمرمن أجل ر الجمهو ية,2887,1.36,1.36,2,agree,209984,212745,63 64
سوسة,8,agree,قائمة الحزب الجمهوري,decision,قائمة الحزب الجمهوري,قائمة الحزب ر الجمهو ي,2458,1.16,1.16,2,agree,209984,212745,63 64
سوسة,9,agree,قائمة حزب التيار الديمقراطي,decision,قائمة حزب التيار الديمقراض,قائمة حزب التيارالديمقراطي,2237,1.05,1.05,2,agree,209984,212745,63 64
سوسة,10,agree,قائمة تيار المحبة,decision,قائمة تيار المحبة,قائمة تياراملحبة,2131,1.0,1.0,2,agree,209984,212745,63 64
سوسة,11,agree,قائمة حزب التكتل,ocr,قائمة حزب التكتل,قائمة حزب التكتل,1535,0.72,0.72,2,agree,209984,212745,63 64
سوسة,12,agree,قائمة حزب التحالف الديمقراطي,decision,قائمة حزب التحالف الديمقراطي,قائمة حزب التحالف الديمقراطي,1213,0.57,0.57,2,agree,209984,212745,63 64
سوسة,13,agree,قائمة الحركة الدستورية,ocr,قائمة الحركة الدستورية,قائمة الحركة ر الدستو ية,890,0.42,0.42,2,agree,209984,212745,63 64
سوسة,14,agree,قائمة حزب حركة الشعب,decision,قائمة حركة الشعب,قائمة حركة الشعب,787,0.37,0.37,2,agree,209984,212745,63 64
سوسة,15,agree,قائمة الجبهة الوطنية للإنقاذ,decision,قائمة الجهة الوطنية للإنقاذ,قائمة الجبهة الوطنية لإلنقاذ,691,0.32,0.32,2,agree,209984,212745,63 64
سوسة,16,agree,قائمة حزب العريضة الشعبية,ocr,قائمة حزب العريضة الشعبية,قائمة حزب العريضة الشعبية,650,0.31,0.31,2,agree,209984,212745,63 64
سوسة,17,agree,القائمة البورقيبية,ocr,القائمة البورقيبية,القائمة ر البو قيبية,621,0.29,0.29,2,agree,209984,212745,63 64
سوسة,18,agree,قائمة حركة الإقلاع إلى المستقبل,ocr,قائمة حركة الإقلاع إلى المستقبل,قائمة حركة الإقالع إلى المستقبل,603,0.28,0.28,2,agree,209984,212745,63 64
سوسة,19,agree,قائمة حركة الديمقراطيين الاشتراكيين,ocr,قائمة حركة الديمقراطيين الاشتراكين,قائمة حركة الديمقراطيين الاشتراكين,581,0.27,0.27,2,agree,209984,212745,63 64
سوسة,20,agree,قائمة إرادة الشعب,ocr,قائمة إرادة الشعب,قائمة رإ ادة الشعب,568,0.27,0.27,2,agree,209984,212745,63 64
سوسة,21,agree,قائمة الاتحاد من أجل تونس,ocr,قائمة الاتحاد من أجل تونس,قائمة الاتحاد من أجل تونس,561,0.26,0.26,2,agree,209984,212745,63 64
سوسة,22,agree,قائمة تحيا تونس,ocr,قائمة تحيا تونس,قائمة تحيا تونس,513,0.24,0.24,2,agree,209984,212745,63 64
سوسة,23,agree,قائمة حزب السيادة الشعب,ocr,قائمة حزب السيادة الشعب,قائمة حزب السيادة الشعب,440,0.21,0.21,2,agree,209984,212745,63 64
سوسة,24,agree,قائمة حزب حركة التونسي,ocr,قائمة حزب حركة التونسي,قائمة حزب حركة التونسي,427,0.2,0.2,2,agree,209984,212745,63 64
سوسة,25,agree,قائمة الحزب الاشتراى,ocr,قائمة الحزب الاشتراى,قائمة الحزب الاشتراكي,400,0.19,0.19,2,agree,209984,212745,63 64
سوسة,26,agree,قائمة حزب العمل التونيسى,ocr,قائمة حزب العمل التونيسى,قائمة حزب العمل التونسي,393,0.18,0.18,2,agree,209984,212745,63 64
سوسة,27,agree,قائمة حزب المستقبل,ocr,قائمة حزب المستقبل,قائمة حزب المستقبل,352,0.17,0.17,2,agree,209984,212745,63 64
سوسة,28,agree,قائمة جوهرة,ocr,قائمة جوهرة,قائمة جوهرة,346,0.16,0.16,2,agree,209984,212745,63 64
سوسة,29,agree,قائمة حزب صوت شعب تونس,ocr,قائمة حزب صوت شعب تونس,قائمة حزب صوت شعب تونس,323,0.15,0.15,2,agree,209984,212745,63 64
سوسة,30,agree,قائمة الحركة الديمقراطية للإصلاح والبناء,ocr,قائمة الحركة الديمقراطية للإصلاح والبناء,قائمة الحركة الديمقراطية لإلصالح والبناء,305,0.14,0.14,2,agree,209984,212745,63 64
سوسة,31,agree,قائمة حزب التكتل الشعبى من أجل تونس,ocr,قائمة حزب التكتل الشعبي من أجل تونس,قائمة حزب التكتل الشعبي من أجل تونس,297,0.14,0.14,2,agree,209984,212745,63 64
سوسة,32,agree,قائمة حزب الأمان,ocr,قائمة حزب الأمان,قائمة حزب الأمان,295,0.14,0.14,2,agree,209984,212745,63 64
سوسة,33,agree,قائمة حزب العدل والتنمية,ocr,قائمة حزب العدل والتنمية,قائمة حزب العدل والتنمية,294,0.14,0.14,2,agree,209984,212745,63 64
سوسة,34,agree,قائمة الرافدة,ocr,قائمة الرافدة,قائمة الرافدة,289,0.14,0.14,2,agree,209984,212745,63 64
سوسة,35,agree,قائمة الصباح الجديد لتونس,ocr,قائمة الصباح الجديد لتونس,قائمة الصباح الجديد لتونس,257,0.12,0.12,2,agree,209984,212745,63 64
سوسة,36,agree,قائمة اتحاد القوى الوطنية,ocr,قائمة اتحاد القوى الوطنية,قائمة اتحاد القوى الوطنية,229,0.11,0.11,2,agree,209984,212745,63 64
سوسة,37,agree,قائمة باب الأمل,ocr,قائمة باب الأمل,قائمة باب الأمل,226,0.11,0.11,2,agree,209984,212745,63 64
سوسة,38,agree,قائمة الشعب يريد,ocr,قائمة الشعب يريد,قائمة الشعب يريد,225,0.11,0.11,2,agree,209984,212745,63 64
سوسة,39,agree,قائمة حزب القيم الوطنية,ocr,قائمة حزب القيم الوطنية,قائمة حزب القيم الوطنية,217,0.1,0.1,2,agree,209984,212745,63 64
سوسة,40,agree,قائمة الائتلاف المستقل لحركة نور تونس,ocr,قائمة الائتلاف المستقل لحركة نور تونس,قائمة الائتلاف المستقل لحركة نور تونس,212,0.1,0.1,2,agree,209984,212745,63 64
سوسة,41,agree,قائمة الحزب الليبرالي التونسي,ocr,قائمة الحزب الليبرالى التونبى,قائمة الحزب الليبرالي التونسي,185,0.09,0.09,2,agree,209984,212745,63 64
سوسة,42,agree,قائمة حضر موت,ocr,قائمة حضر موت,قائمة حضرموت,180,0.08,0.08,2,agree,209984,212745,63 64
سوسة,43,agree,قائمة اتحاد الشباب الديمقراطى التونسى,ocr,قائمة اتحاد الشباب الديمقراطى التونسى,قائمة اتحاد الشباب الديمقراطي التونسي,142,0.07,0.07,2,agree,209984,212745,63 64
سوسة,44,agree,قائمة حركة الربيع العربى,ocr,قائمة حركة الربيع العربى,قائمة حركة الربيع العربي,137,0.06,0.06,2,agree,209984,212745,63 64
سوسة,45,agree,قائمة الأديب للتنمية والعدالة,ocr,قائمة الأديب للتنمية والعدالة,قائمة الأديب للتنمية والعدالة,127,0.06,0.06,2,agree,209984,212745,63 64
المنستير,1,agree,قائمة حزب حركة نداء تونس,decision,قائمة حركة نداء تونس,قائمة حركة نداء تونس,104221,56.18,56.18,2,agree,183345,185502,65 66
المنستير,2,agree,قائمة حزب حركة النهضة,decision,قائمة حزب حركة الهضة,قائمة حزب حركة النهضة,37815,20.39,20.39,2,agree,183345,185502,65 66
المنستير,3,agree,قائمة حزب آفاق تونس,decision,قائمة حزب آفاق تونس,قائمة حزب آفاق تونس,6292,3.39,3.39,2,agree,183345,185502,65 66
المنستير,4,agree,قائمة الجبهة الشعبية,decision,قائمة الجيهة عبيةالش,قائمة الجبهة الشعبية,5073,2.73,2.73,2,agree,183345,185502,65 66
المنستير,5,agree,قائمة حزب المبادرة,decision,قائمة حزب المبادرة,قائمة حزب ر المباد ة,5007,2.7,2.7,2,agree,183345,185502,65 66
المنستير,6,agree,قائمة حزب الاتحاد الوطني الحر,decision,قائمة الاتحاد الوطني الحر,قائمة الاتحاد الوطني الحر,3164,1.71,1.71,2,agree,183345,185502,65 66
المنستير,7,agree,قائمة حزب التيار الديمقراطي,decision,قائمة حزب التيار الديمقراطض,قائمة حزب التيارالديمقراطي,2353,1.27,1.27,2,agree,183345,185502,65 66
المنستير,8,agree,قائمة حزب التحالف الديمقراطي,decision,قائمة حزب التحالف الديمقراضص,قائمة حزب التحالف الديمقراطي,2021,1.09,1.09,2,agree,183345,185502,65 66
المنستير,9,agree,قائمة الحزب الجمهوري,decision,قائمة الحزب الجمبورى,قائمة الحزب ر الجمهو ي,2013,1.09,1.09,2,agree,183345,185502,65 66
المنستير,10,agree,قائمة تيار المحبة,decision,قائمة تيار ةالمحب,قائمة تياراملحبة,1606,0.87,0.87,2,agree,183345,185502,65 66
المنستير,11,agree,قائمة حزب المؤتمر من أجل الجمهورية,decision,قائمة حزب المؤتمر من أجل الجمهورية,قائمة حزب المؤتمرمن أجل ر الجمهو ية,1444,0.78,0.78,2,agree,183345,185502,65 66
المنستير,12,agree,قائمة الاتحاد من أجل تونس,ocr,قائمة الاتحاد من أجل تونس,قائمة الاتحاد من أجل تونس,1227,0.66,0.66,2,agree,183345,185502,65 66
المنستير,13,agree,قائمة حركة عبالش,ocr,قائمة حركة عبالش,قائمة حركة الشعب,1167,0.63,0.63,2,agree,183345,185502,65 66
المنستير,14,agree,قائمة حركة وفاء,ocr,قائمة حركة وفاء,قائمة حركة وفاء,1148,0.62,0.62,2,agree,183345,185502,65 66
المنستير,15,agree,قائمة تصحيح المسار,ocr,قائمة تصحيح المسار,قائمة تصحيح المسار,1073,0.58,0.58,2,agree,183345,185502,65 66
المنستير,16,agree,قائمة الحركة الدستورية,ocr,قائمة الحركة الدستورية,قائمة الحركة ر الدستو ية,786,0.42,0.42,2,agree,183345,185502,65 66
المنستير,17,agree,قائمة حزب التكتل,ocr,قائمة حزب التكتل,قائمة حزب التكتل,743,0.4,0.4,2,agree,183345,185502,65 66
المنستير,18,agree,قائمة شمس ةالمحب,ocr,قائمة شمس ةالمحب,قائمة شمس المحبة,485,0.26,0.26,2,agree,183345,185502,65 66
المنستير,19,agree,قائمة شهداء تونس,ocr,قائمة شهداء تونس,قائمة شهداء تونس,448,0.24,0.24,2,agree,183345,185502,65 66
المنستير,20,agree,قائمة حركة الوحدة الشعبية,ocr,قائمة حركة الوحدة الشعبية,قائمة حركة الوحدة الشعبية,447,0.24,0.24,2,agree,183345,185502,65 66
المنستير,21,agree,قائمة الحزب الإسلامي التونبى,ocr,قائمة الحزب الإسلامى التونسى,قائمة الحزب الإسالمي التونسي,428,0.23,0.23,2,agree,183345,185502,65 66
المنستير,22,agree,قائمة الحركة الديمقراطية للإصلاح والبناء,ocr,قائمة الحركة الديمقراطية للاصلاح و البناء,قائمة الحركة الديمقراطية للإصلاح والبناء,426,0.23,0.23,2,agree,183345,185502,65 66
المنستير,23,agree,قائمة الانفتاح و الوفاء,ocr,قائمة الانفتاح و الوفاء,قائمة الانفتاح والوفاء,392,0.21,0.21,2,agree,183345,185502,65 66
المنستير,24,agree,قائمة حزب زرقاء اليمامة,ocr,قائمة حزب زرقاء اليمامة,قائمة حزب رز قاء اليمامة,374,0.2,0.2,2,agree,183345,185502,65 66
المنستير,25,agree,قائمة حزب العدالة والتنمية,ocr,قائمة حزب العدالة والتنمية,قائمة حزب العدالة والتنمية,344,0.19,0.19,2,agree,183345,185502,65 66
المنستير,26,agree,قائمة حزب المصالحة,ocr,قائمة حزب المصالحة,قائمة حزب المصالحة,340,0.18,0.18,2,agree,183345,185502,65 66
المنستير,27,agree,قائمة الحزب الاشتراى,ocr,قائمة الحزب الاشتراى,قائمة الحزب الاشتراكي,324,0.17,0.17,2,agree,183345,185502,65 66
المنستير,28,agree,قائمة حزب صوت شعب تونس,ocr,قائمة حزب صوت شعب تونس,قائمة حزب صوت شعب تونس,301,0.16,0.16,2,agree,183345,185502,65 66
المنستير,29,agree,قائمة الائتلاف المستقل لحركة نور تونس,ocr,قائمة الائتلاف المستقل لحركة نور تونس,قائمة الائتلاف المستقل لحركة نور تونس,290,0.16,0.16,2,agree,183345,185502,65 66
المنستير,30,agree,قائمة التقارب,ocr,قائمة التقارب,قائمة ر التقا ب,286,0.15,0.15,2,agree,183345,185502,65 66
المنستير,31,agree,قائمة الشعب يريد,ocr,قائمة الشعب يريد,قائمة الشعب يريد,283,0.15,0.15,2,agree,183345,185502,65 66
المنستير,32,agree,قائمة دولة الحق,ocr,قائمة دولة الحق,قائمة دولة الحق,253,0.14,0.14,2,agree,183345,185502,65 66
المنستير,33,agree,قائمة حزب اللقاء الدستورى,ocr,قائمة حزب اللقاء الدستورى,قائمة حزب اللقاء ال ر دستو ي,243,0.13,0.13,2,agree,183345,185502,65 66
المنستير,34,agree,قائمة حركة الديمقراطيين الاشتراكيين,ocr,قائمة حركة الديمقراطيين الاشتراكيين,قائمة حركة الديمقراطيين الاشتراكيين,194,0.1,0.1,2,agree,183345,185502,65 66
المنستير,35,agree,قائمة حزب الأمان,ocr,قائمة حزب الأمان,قائمة حزب الأمان,184,0.1,0.1,2,agree,183345,185502,65 66
المنستير,36,agree,قائمة الحراك الاجتماءي,ocr,قائمة الحراك الاجتماءي,قائمة الحراك الاجتماعي,150,0.08,0.08,2,agree,183345,185502,65 66
المهدية,1,agree,قائمة حزب حركة نداء تونس,decision,قائمة حركة نداء تونس,قائمة حركة نداء تونس,50448,44.55,44.55,2,agree,110757,113251,67
المهدية,2,agree,قائمة حزب حركة النهضة,decision,قائمة حزب حركة الهضة,قائمة حزب حركة النهضة,24865,21.96,21.96,2,agree,110757,113251,67
المهدية,3,agree,قائمة حزب آفاق تونس,decision,قائمة حزب آفاق تونس,قائمة حزب آفاق تونس,10915,9.64,9.64,2,agree,110757,113251,67
المهدية,4,agree,قائمة الجبهة الشعبية,decision,قائمة الجهة الشعبية,قائمة الجبهة الشعبية,3215,2.84,2.84,2,agree,110757,113251,67
المهدية,5,agree,قائمة حزب الاتحاد الوطني الحر,decision,قائمة حزب الاتحاد الوطني الحر,قائمة حزب الاتحاد الوطني الحر,2747,2.43,2.43,2,agree,110757,113251,67
المهدية,6,agree,قائمة الحزب الجمهوري,decision,قائمة الحزب الجمبورى,قائمة الحزب ر الجمهو ي,2151,1.9,1.9,2,agree,110757,113251,67
المهدية,7,agree,قائمة حزب المبادرة,decision,قائمة حزب المبادرة,قائمة حزب ر المباد ة,1620,1.43,1.43,2,agree,110757,113251,67
المهدية,8,agree,قائمة حزب المؤتمر من أجل الجمهورية,decision,قائمة حزب المؤتمرمن أجل الجمهورية,قائمة حزب المؤتمرمن أجل ر الجمهو ية,1342,1.18,1.18,2,agree,110757,113251,67
المهدية,9,agree,قائمة حزب التيار الديمقراطي,decision,قائمة حزب التيار الديمقراطى,قائمة حزب التيارالديمقراطي,1259,1.11,1.11,2,agree,110757,113251,67
المهدية,10,agree,قائمة حركة وفاء,ocr,قائمة حركة وفاء,قائمة حركة وفاء,1257,1.11,1.11,2,agree,110757,113251,67
المهدية,11,agree,قائمة الحركة الدستورية,ocr,قائمة الحركة الدستورية,قائمة الحركة ر الدستو ية,1250,1.1,1.1,2,agree,110757,113251,67
المهدية,12,agree,قائمة تيار المحبة,decision,قائمة تيار المحبة,قائمة تياراملحبة,1118,0.99,0.99,2,agree,110757,113251,67
المهدية,13,agree,قائمة الفلاح,ocr,قائمة الفلاح,قائمة الفالح,1060,0.94,0.94,2,agree,110757,113251,67
المهدية,14,agree,قائمة حزب التحالف الديمقراطي,decision,قائمة حزب التحالف الديمقراطي,قائمة حزب التحالف الديمقراطي,811,0.72,0.72,2,agree,110757,113251,67
المهدية,15,agree,قائمة الاتحاد من أجل تونس,ocr,قائمة الاتحاد من أجل تونس,قائمة الاتحاد من أجل تونس,770,0.68,0.68,2,agree,110757,113251,67
المهدية,16,agree,قائمة الرفاهة (حزب الرفاه التونبي),ocr,قائمة الرفاهة (حزب الرفاه التونبي),قائمة (الرفاهة حزب الرفاه (التونسي,651,0.57,0.57,2,agree,110757,113251,67
المهدية,17,agree,قائمة الشعب يريد,text-layer,,قائمة الشعب يريد,536,0.47,0.47,2,agree,110757,113251,67
المهدية,18,agree,قائمة الإصلاح والمواطنة,ocr,قائمة الإصلاح والمواطنة,قائمة الإصالح واملواطنة,533,0.47,0.47,2,agree,110757,113251,67
المهدية,19,agree,قائمة حزب المجد,ocr,قائمة حزب المجد,قائمة حزب المجد,513,0.45,0.45,2,agree,110757,113251,67
المهدية,20,agree,قائمة حركة التونسي,ocr,قائمة حركة التونسى,قائمة حركة التونسي,405,0.36,0.36,2,agree,110757,113251,67
المهدية,21,agree,قائمة حزب صوت شعب تونس,ocr,قائمة حزب صوت شعب تونس,قائمة حزب صوت شعب تونس,398,0.35,0.35,2,agree,110757,113251,67
المهدية,22,agree,قائمة التطلع,ocr,قائمة التطلع,قائمة التطلع,397,0.35,0.35,2,agree,110757,113251,67
المهدية,23,agree,قائمة نضال كريم,ocr,قائمة نضال كريم,قائمة نضال كريم,364,0.32,0.32,2,agree,110757,113251,67
المهدية,24,agree,قائمة تيارصوت الشعب الحر,ocr,قائمة تيارصوت الشعب الحر,قائمة تيارصوت الشعب الحر,349,0.31,0.31,2,agree,110757,113251,67
المهدية,25,agree,قائمة العزة لتونس,ocr,قائمة العزة لتونس,قائمة العزة لتونس,327,0.29,0.29,2,agree,110757,113251,67
المهدية,26,agree,قائمة حزب الأمان,ocr,قائمة حزب الأمان,قائمة حزب الأمان,256,0.23,0.23,2,agree,110757,113251,67
المهدية,27,agree,قائمة الحزب الديمقراطي للعدالة والرخاء,ocr,قائمة الحزب الديمقراطي للعدالة والرخاء,قائمة الحزب الديمقراطي للعدالة والرخاء,251,0.22,0.22,2,agree,110757,113251,67
المهدية,28,agree,قائمة العزم والإرادة والعمل,ocr,قائمة العزم والإرادة والعمل,قائمة العزم ر الإادةو والعمل,248,0.22,0.22,2,agree,110757,113251,67
المهدية,29,agree,قائمة العدالة والتنمية,ocr,قائمة العدالة والتنمية,قائمة العدالة والتنمية,246,0.22,0.22,2,agree,110757,113251,67
المهدية,30,agree,قائمة الإنقاذ,ocr,قائمة الإنقاذ,قائمة الإنقاذ,244,0.22,0.22,2,agree,110757,113251,67
المهدية,31,agree,قائمة الشباب الديمقراطى,ocr,قائمة الشباب الديمقراطى,قائمة الشباب الديمقراطي,211,0.19,0.19,2,agree,110757,113251,67
القصرين,1,agree,قائمة حزب حركة نداء تونس,decision,قائمة حركة نداء تونس,قائمة حركة نداء تونس,28362,26.54,26.54,2,agree,104193,106849,68 69 70
القصرين,2,agree,قائمة حزب حركة النهضة,decision,قائمة حزب حركة الهضة,قائمة حزب حركة النهضة,23650,22.13,22.13,2,agree,104193,106849,68 69 70
القصرين,3,agree,قائمة الجبهة الشعبية,decision,قائمة الجهة الشعبية,قائمة الجبهة الشعبية,4591,4.3,4.3,2,agree,104193,106849,68 69 70
القصرين,4,agree,قائمة حزب الاتحاد الوطني الحر,decision,قائمة حزب الاتحاد الوطني الحر,قائمة حزب الاتحاد الوطني الحر,3441,3.22,3.22,2,agree,104193,106849,68 69 70
القصرين,5,agree,قائمة حزب المؤتمر من أجل الجمهورية,decision,قائمة حزب المؤتمرمن أجل الجمهورية,قائمة حزب المؤتمرمن أجل ر الجمهو ية,2938,2.75,2.75,2,agree,104193,106849,68 69 70
القصرين,6,agree,قائمة حزب التكتل,ocr,قائمة حزب التكتل,قائمة حزب التكتل,2180,2.04,2.04,2,agree,104193,106849,68 69 70
القصرين,7,agree,قائمة تيار المحبة,decision,قائمة تيار المحبة,قائمة تياراملحبة,1771,1.66,1.66,2,agree,104193,106849,68 69 70
القصرين,8,agree,قائمة حزب حركة الشعب,decision,قائمة حركة الشعب,قائمة حركة الشعب,1737,1.63,1.63,2,agree,104193,106849,68 69 70
القصرين,9,agree,قائمة حزب المبادرة,decision,قائمة حزب المبادرة,قائمة حزب ر المباد ة,1390,1.3,1.3,2,agree,104193,106849,68 69 70
القصرين,10,agree,قائمة الحزب الجمهوري,decision,قائمة الحزب الجمهورى,قائمة الحزب ر الجمهو ي,1384,1.3,1.3,2,agree,104193,106849,68 69 70
القصرين,11,agree,قائمة الوصية,ocr,قائمة الوصية,قائمة الوصية,1237,1.16,1.16,2,agree,104193,106849,68 69 70
القصرين,12,agree,قائمة حزب حركة الديمقراطيين الاجتماعيين,decision,قائمة حركة الديمقراطيين الاجتماعيين,قائمة حركة الديمقراطيين الاجتماعيين,1155,1.08,1.08,2,agree,104193,106849,68 69 70
القصرين,13,agree,قائمة الشباب للرق والبناء,ocr,قائمة الشباب للرق والبناء,قائمة الشباب للرقي والبناء,1153,1.08,1.08,2,agree,104193,106849,68 69 70
القصرين,14,agree,قائمة حزب آفاق تونس,decision,قائمة حزب آفاق تونس,قائمة حزب آفاق تونس,1108,1.04,1.04,2,agree,104193,106849,68 69 70
القصرين,15,agree,قائمة المستقلة 17 ديسمبر,ocr,قائمة المستقلة 17 ديسمبر,قائمة المستقلة ديسمبر,1076,1.01,1.01,2,agree,104193,106849,68 69 70
القصرين,16,agree,قائمة حزب العريضة الشعبية,ocr,قائمة حزب العريضة الشعبية,قائمة حزب العريضة الشعبية,1027,0.96,0.96,2,agree,104193,106849,68 69 70
القصرين,17,agree,قائمة أمل القصرين,ocr,قائمة أمل القصرين,قائمة أمل القصرين,1022,0.96,0.96,2,agree,104193,106849,68 69 70
القصرين,18,agree,قائمة صوت القصرين,ocr,قائمة صوت القصرين,قائمة صوت القصرين,975,0.91,0.91,2,agree,104193,106849,68 69 70
القصرين,19,agree,قائمة الاتحاد من أجل تونس,ocr,قائمة الاتحاد من أجل تونس,قائمة الاتحاد من أجل تونس,949,0.89,0.89,2,agree,104193,106849,68 69 70
القصرين,20,agree,قائمة المستقلة لدفع التنمية والتشغيل بالقصرين,ocr,قائمة المستقلة لدفع التنمية والتشغيل بالقصرين,قائمة المستقلة لدفع التنمية والتشغيل بالقصرين,903,0.85,0.85,2,agree,104193,106849,68 69 70
القصرين,21,agree,قائمة حركة التونسي,ocr,قائمة حركة التونسي,قائمة حركة التونسي,901,0.84,0.84,2,agree,104193,106849,68 69 70
القصرين,22,agree,قائمة حركة الديمقراطيين الاشتراكيين,ocr,قائمة حركة الديمقراطيين الاشتراكيين,قائمة حركة الديمقراطيين الاشتراكيين,896,0.84,0.84,2,agree,104193,106849,68 69 70
القصرين,23,agree,قائمة حزب التيار الديمقراطي,decision,قائمة حزب التيار الديمقراض,قائمة حزب التيارالديمقراطي,890,0.83,0.83,2,agree,104193,106849,68 69 70
القصرين,24,agree,قائمة الحركة الدستورية,ocr,قائمة الحركة الدستورية,قائمة الحركة ر الدستو ية,888,0.83,0.83,2,agree,104193,106849,68 69 70
القصرين,25,agree,قائمة حزب التحالف الديمقراطي,decision,قائمة حزب التحالف الديمقرامي,قائمة حزب التحالف الديمقراطي,876,0.82,0.82,2,agree,104193,106849,68 69 70
القصرين,26,agree,قائمة حركة وفاء,ocr,قائمة حركة وفاء,قائمة حركة وفاء,770,0.72,0.72,2,agree,104193,106849,68 69 70
القصرين,27,agree,قائمة القصرين أولا,ocr,قائمة القصرين أولا,قائمة القصرين أوال,757,0.71,0.71,2,agree,104193,106849,68 69 70
القصرين,28,agree,قائمة حزب الأمان,ocr,قائمة حزب الأمان,قائمة حزب الأمان,714,0.67,0.67,2,agree,104193,106849,68 69 70
القصرين,29,agree,قائمة الحزب الاشتراى,ocr,قائمة الحزب الاشتراى,قائمة الحزب الاشتراكي,714,0.67,0.67,2,agree,104193,106849,68 69 70
القصرين,30,agree,قائمة حزب البناء الوطنى,ocr,قائمة حزب البناء الوطني,قائمة حزب البنا ء الوطني,694,0.65,0.65,2,agree,104193,106849,68 69 70
القصرين,31,agree,قائمة الأمل,ocr,قائمة الأمل,قائمة الأمـــل,689,0.64,0.64,2,agree,104193,106849,68 69 70
القصرين,32,agree,قائمة بني وطني,ocr,قائمة بني وطني,قائمة بني وطني,683,0.64,0.64,2,agree,104193,106849,68 69 70
القصرين,33,agree,قائمة أحرار القصرين,ocr,قائمة أحرار القصرين,قائمة أحرارالقصرين,573,0.54,0.54,2,agree,104193,106849,68 69 70
القصرين,34,agree,قائمة شبابنا فخر وعزة,ocr,قائمة شبابنا فخر وعزة,قائمة شبابنا فخروعزة,566,0.53,0.53,2,agree,104193,106849,68 69 70
القصرين,35,agree,قائمة نداء قرطاج,ocr,قائمة نداء قرطاج,قائمة نداء قرطاج,554,0.52,0.52,2,agree,104193,106849,68 69 70
القصرين,36,agree,قائمة نعم نستطيع,ocr,قائمة نعم نستطيع,قائمة نعم نستطيع,534,0.5,0.5,2,agree,104193,106849,68 69 70
القصرين,37,agree,قائمة المنارة الشعبية الاجتماعية,ocr,قائمة المنارة الشعبية الاجتماعية,قائمة ر المنا ة الشعبية الاجتماعية,522,0.49,0.49,2,agree,104193,106849,68 69 70
القصرين,38,agree,قائمة الحرية والإنصاف,ocr,قائمة الحرية والإنصاف,قائمة الحرية الإنصافو,513,0.48,0.48,2,agree,104193,106849,68 69 70
القصرين,39,agree,قائمة المستقلة الشعانبي,ocr,قائمة المستقلة الشعانبي,قائمة المستقلة الشعانبي,469,0.44,0.44,2,agree,104193,106849,68 69 70
القصرين,40,agree,قائمة المستقبل,ocr,قائمة المستقبل,قائمة المستقبل,467,0.44,0.44,2,agree,104193,106849,68 69 70
القصرين,41,agree,قائمة صقور الحربة,ocr,قائمة صقور الحربة,قائمة صقور الحرية,466,0.44,0.44,2,agree,104193,106849,68 69 70
القصرين,42,agree,قائمة حزب اللقاء الدستورى,ocr,قائمة حزب اللقاء الدستورى,قائمة حزب اللقاء ر الدستو ي,440,0.41,0.41,2,agree,104193,106849,68 69 70
القصرين,43,agree,قائمةالبديل,ocr,قائمةالبديل,قائمةالبديــل,409,0.38,0.38,2,agree,104193,106849,68 69 70
القصرين,44,agree,قائمة حزب الغد,ocr,قائمة حزب الغد,قائمة حزب الـغد,404,0.38,0.38,2,agree,104193,106849,68 69 70
القصرين,45,agree,قائمة القرار,ocr,قائمة القرار,قائمة القـــرار,400,0.37,0.37,2,agree,104193,106849,68 69 70
القصرين,46,agree,قائمة تونس العزيزة,ocr,قائمة تونس العزيزة,قائمة تونس العزيزة,398,0.37,0.37,2,agree,104193,106849,68 69 70
القصرين,47,agree,قائمة أولاد الشعب,ocr,قائمة أولاد الشعب,قائمة أوالد الشعب,362,0.34,0.34,2,agree,104193,106849,68 69 70
القصرين,48,agree,قائمة رد الاعتبار,decision,قائمة رد الاعتبار,قائمة رد الاعتبار,353,0.33,0.33,2,agree,104193,106849,68 69 70
القصرين,49,agree,قائمة حزب الإصلاح والتنمية,ocr,قائمة حزب الإصلاح والتنمية,قائمة حزب الإصالح والتنمية,334,0.31,0.31,2,agree,104193,106849,68 69 70
القصرين,50,agree,قائمة حزب التكتل الشعبى من أجل تونس,ocr,قائمة حزب التكتل الشعبى من أجل تونس,قائمة حزب التكتل الشعبي من أجل تونس,334,0.31,0.31,2,agree,104193,106849,68 69 70
القصرين,51,agree,قائمة حزب النور للديمقراطية والتنمية,ocr,قائمة حزب النور للديمقراطية والتنمية,قائمة حزب النور للديمقراطية والتنمية,297,0.28,0.28,2,agree,104193,106849,68 69 70
القصرين,52,agree,قائمة المستقلون الأحرار,ocr,قائمة المستقلة الأحرار,قائمة المستقلة الأحرار,291,0.27,0.27,2,agree,104193,106849,68 69 70
القصرين,53,agree,قائمة العبد,ocr,قائمة العبد,قائمة العهد,285,0.27,0.27,2,agree,104193,106849,68 69 70
القصرين,54,agree,قائمة الجبهة الوطنية للإنقاذ,decision,قائمة الجهة الوطنية للإنقاذ,قائمة الجبهة الوطنية لإلنقاذ,282,0.26,0.26,2,agree,104193,106849,68 69 70
القصرين,55,agree,قائمة التنمية الشاملة,ocr,قائمة التنمية الشاملة,قائمة التنمية الشاملة,277,0.26,0.26,2,agree,104193,106849,68 69 70
القصرين,56,agree,قائمة غدا......أفضل,ocr,قائمة غدا......أفضل,قائمة أفضل......غدا,277,0.26,0.26,2,agree,104193,106849,68 69 70
القصرين,57,agree,قائمة شباب الوسط للعمل والتنمية,ocr,قائمة شباب الوسط للعمل والتنمية,قائمة شباب الوسط للعمل والتنمية,272,0.25,0.25,2,agree,104193,106849,68 69 70
القصرين,58,agree,قائمة اتحاد الشباب الديمقراطى التونسى,ocr,قائمة اتحاد الشباب الديمقراط التونيسى,قائمة اتحاد الشباب الديمقراطي التونسي,268,0.25,0.25,2,agree,104193,106849,68 69 70
القصرين,59,agree,قائمة الشباب المدني الحر,ocr,قائمة الشباب المدني الحر,قائمة الشباب المدني الحر,260,0.24,0.24,2,agree,104193,106849,68 69 70
القصرين,60,agree,قائمة حزب الأصالة والتقدم,ocr,قائمة حزب الأصالة والتقدم,قائمة حزب الأصالة والتقدم,256,0.24,0.24,2,agree,104193,106849,68 69 70
القصرين,61,agree,قائمة حركة الشباب الوطني التونسي,ocr,قائمة حركة الشباب الوطني التونبي,قائمة حركة الشباب الوطني التونسي,253,0.24,0.24,2,agree,104193,106849,68 69 70
القصرين,62,agree,قائمة الشعب يريد,ocr,قائمة الشعب يريد,قائمة الشعب يريد,244,0.23,0.23,2,agree,104193,106849,68 69 70
القصرين,63,agree,قائمة الياسمين,ocr,قائمة الياسمين,قائمة الياسمين,236,0.22,0.22,2,agree,104193,106849,68 69 70
القصرين,64,agree,قائمة الذهبية المستقلة,ocr,قائمة الذهبية المستقلة,قائمة الذهبية المستقلة,225,0.21,0.21,2,agree,104193,106849,68 69 70
القصرين,65,agree,قائمة صوت المستقل,ocr,قائمة صوت المستقل,قائمة صوت المستقل,221,0.21,0.21,2,agree,104193,106849,68 69 70
القصرين,66,agree,قائمة الحركة الديمقراطية للإصلاح والبناء,ocr,قائمة الحركة الديمقراطية للإصلاح والبناء,قائمة الحركة الديمقراطية لإلصالح والبناء,208,0.19,0.19,2,agree,104193,106849,68 69 70
القصرين,67,agree,قائمة أول الغيث,ocr,قائمة أول الغيث,قائمة أول الغيث,151,0.14,0.14,2,agree,104193,106849,68 69 70
القصرين,68,agree,قائمة الربيع العربي لتحقيق السيادة الاقتصادية,ocr,قائمة الربيع العربي لتحقيق السيادة الاقتصادية,قائمة الربيع العربي لتحقيق السيادة الاقتصادية,148,0.14,0.14,2,agree,104193,106849,68 69 70
القصرين,69,agree,قائمة اتحاد القوى الشبابية,ocr,قائمة اتحاد القوى الشبابية,قائمة اتحاد القوى الشبابية,123,0.12,0.12,2,agree,104193,106849,68 69 70
قفصة,1,agree,قائمة حزب حركة النهضة,decision,قائمة حزب حركة الهضة,قائمة حزب حركة النهضة,28265,26.66,26.66,2,agree,104056,106021,71 72
قفصة,2,agree,قائمة حزب حركة نداء تونس,decision,,قائمة حركة نداء تونس,21821,20.58,20.58,2,agree,104056,106021,71 72
قفصة,3,agree,قائمة الجبهة الشعبية,decision,قائمة الجهة الشعبية,قائمة الجبهة الشعبية,5664,5.34,5.34,2,agree,104056,106021,71 72
قفصة,4,agree,قائمة رد الاعتبار,decision,قائمة رد الاعتبار,قائمة رد الاعتبار,5236,4.94,4.94,2,agree,104056,106021,71 72
قفصة,5,agree,قائمة حزب المبادرة,decision,قائمة حزب المبادرة,قائمة حزب ر المباد ة,4623,4.36,4.36,2,agree,104056,106021,71 72
قفصة,6,agree,القائمة المستقلة الإقلاع,ocr,القائمة المستقلة الإقلاع,القائمة المستقلة الإقالع,3526,3.33,3.33,2,agree,104056,106021,71 72
قفصة,7,agree,قائمة الشباب المستقل,ocr,قائمة الشباب المستقل,قائمة الشباب المستقل,3394,3.2,3.2,2,agree,104056,106021,71 72
قفصة,8,agree,قائمة حزب الاتحاد الوطني الحر,decision,قائمة حزب الاتحاد الوطنى الحر,قائمة حزب الاتحاد الوطني الحر,2945,2.78,2.78,2,agree,104056,106021,71 72
قفصة,9,agree,قائمة حزب حركة الشعب,decision,قائمة حركة الشعب,قائمة حركة الشعب,2410,2.27,2.27,2,agree,104056,106021,71 72
قفصة,10,agree,قائمة صوت الحق,ocr,قائمة صوت الحق,قائمة صوت الحق,1763,1.66,1.66,2,agree,104056,106021,71 72
قفصة,11,agree,القائمة المستقلة العدالة,ocr,القائمة المستقلة العدالة,القائمة المستقلة العدالة,1430,1.35,1.35,2,agree,104056,106021,71 72
قفصة,12,agree,قائمة حزب المؤتمر من أجل الجمهورية,decision,قائمة حزب المؤتمر من أجل الجمهورية,قائمة حزب المؤتمرمن أجل ر الجمهو ية,1402,1.32,1.32,2,agree,104056,106021,71 72
قفصة,13,agree,قائمة تيار المحبة,decision,قائمة تيار المحبة,قائمة تياراملحبة,1387,1.31,1.31,2,agree,104056,106021,71 72
قفصة,14,agree,قائمة الوئام,ocr,قائمة الوئام,قائمة الوئام,1095,1.03,1.03,2,agree,104056,106021,71 72
قفصة,15,agree,قائمة إرادة,ocr,قائمة إرادة,قائمة رإ ادة,1068,1.01,1.01,2,agree,104056,106021,71 72
قفصة,16,agree,قائمة أمل قفصة,ocr,قائمة أمل قفصة,قائمة أمل قفصة,1011,0.95,0.95,2,agree,104056,106021,71 72
قفصة,17,agree,قائمة أمانة وفاء,ocr,قائمة أمانة وفاء,قائمة أمانة وفاء,942,0.89,0.89,2,agree,104056,106021,71 72
قفصة,18,agree,قائمة حزب التيار الديمقراطي,decision,قائمة حزب التيار الديمقراطى,قائمة حزب التيارالديمقراطي,890,0.84,0.84,2,agree,104056,106021,71 72
قفصة,19,agree,قائمة اتحاد الشباب الديمقراطى التونسى,ocr,قائمة اتحاد الشباب الديمقراطى التونيسى,قائمة اتحاد الشباب الديمقراطي التونسي,854,0.81,0.81,2,agree,104056,106021,71 72
قفصة,20,agree,قائمة انشاء الله خير,ocr,قائمة انشاء الله خير,قائمة انشاء الله خير,818,0.77,0.77,2,agree,104056,106021,71 72
قفصة,21,agree,قائمة حزب آفاق تونس,decision,قائمة حزب آفاق تونس,قائمة حزب آفاق تونس,743,0.7,0.7,2,agree,104056,106021,71 72
قفصة,22,agree,قائمة الياسمين,ocr,قائمة الياسمين,قائمة الياسمين,733,0.69,0.69,2,agree,104056,106021,71 72
قفصة,23,agree,قائمة حزب التكتل,ocr,قائمة حزب التكتل,قائمة حزب التكتل,710,0.67,0.67,2,agree,104056,106021,71 72
قفصة,24,agree,قائمة الحزب الجمهوري,decision,قائمة الحزب الجمبوري,قائمة الحزب ر الجمهو ي,704,0.66,0.66,2,agree,104056,106021,71 72
قفصة,25,agree,قائمة القائمة المستقلة النخلة,ocr,قائمة القائمة المستقلة النخلة,قائمة القائمة المستقلة النخلة,610,0.58,0.58,2,agree,104056,106021,71 72
قفصة,26,agree,قائمة المنارة,ocr,قائمة المنارة,قائمة ر المنا ة,543,0.51,0.51,2,agree,104056,106021,71 72
قفصة,27,agree,قائمة حزب التحالف الديمقراطي,decision,قائمة حزب التحالف الديمقراطى,قائمة حزب التحالف الديمقراطي,536,0.51,0.51,2,agree,104056,106021,71 72
قفصة,28,agree,قائمة حزب العريضة الشعبية,ocr,قائمة حزب العريضة الشعبية,قائمة حزب العريضة الشعبية,534,0.5,0.5,2,agree,104056,106021,71 72
قفصة,29,agree,قائمة حزب اللقاء الدستورى,ocr,قائمة حزب اللقاء الدستورى,قائمة حزب اللقاء ر الدستو ي,470,0.44,0.44,2,agree,104056,106021,71 72
قفصة,30,agree,قائمة العقد الثورى,ocr,قائمة العقد الثورى,قائمة العقد ر الثو ي,400,0.38,0.38,2,agree,104056,106021,71 72
قفصة,31,agree,قائمة الاتحاد من أجل تونس,ocr,قائمة الاتحاد من أجل تونس,قائمة الاتحاد من أجل تونس,387,0.37,0.37,2,agree,104056,106021,71 72
قفصة,32,agree,قائمة الصوت الحر,ocr,قائمة الصوت الحر,قائمة الصوت الحر,369,0.35,0.35,2,agree,104056,106021,71 72
قفصة,33,agree,قائمة حزب البناء الوطنى,ocr,قائمة حزب البناء الوطنى,قائمة حزب البناء الوطني,334,0.32,0.32,2,agree,104056,106021,71 72
قفصة,34,agree,قائمة قفصة دارنا الكل,ocr,قائمة قفصة دارنا الكل,قائمة قفصة ر دا نا الكل,330,0.31,0.31,2,agree,104056,106021,71 72
قفصة,35,agree,قائمة حركة وفاء,ocr,قائمة حركة وفاء,قائمة حركة وفاء,329,0.31,0.31,2,agree,104056,106021,71 72
قفصة,36,agree,القائمة المستقلة أبناء الشعب,ocr,القائمة المستقلة أبناء الشعب,القائمة المستقلة أبناء الشعب,318,0.3,0.3,2,agree,104056,106021,71 72
قفصة,37,agree,قائمة الحركة الدستورية,ocr,قائمة الحركة الدستورية,قائمة الحركة ر الدستو ية,318,0.3,0.3,2,agree,104056,106021,71 72
قفصة,38,agree,قائمة حزب الغد,ocr,قائمة حزب الغد,قائمة حزب الغد,315,0.3,0.3,2,agree,104056,106021,71 72
قفصة,39,agree,قائمة حزب الجبهة الوطنية التونسية,ocr,قائمة حزب الجهة الوطنية التونسية,قائمة حزب الجبهة الوطنية التونسية,303,0.29,0.29,2,agree,104056,106021,71 72
قفصة,40,agree,قائمة الخضراء,ocr,قائمة الخضراء,قائمة الخضراء,288,0.27,0.27,2,agree,104056,106021,71 72
قفصة,41,agree,قائمة الأمل,ocr,قائمة الأمل,قائمة الأمل,272,0.26,0.26,2,agree,104056,106021,71 72
قفصة,42,agree,قائمة الوفاء بالعبد,ocr,قائمة الوفاء بالعبد,قائمة الوفاء بالعهد,249,0.23,0.23,2,agree,104056,106021,71 72
قفصة,43,agree,قائمة الأمانة,ocr,قائمة الأمانة,قائمة الأمانة,234,0.22,0.22,2,agree,104056,106021,71 72
قفصة,44,agree,قائمة حزب الانتماء الديمقراطي,ocr,قائمة حزب الانتماء الديمقراطي,قائمة حزب الانتماء الديمقراطي,232,0.22,0.22,2,agree,104056,106021,71 72
قفصة,45,agree,قائمة تونس الخضراء تنمية مستدامة,ocr,قائمة تونس الخضراء تنمية مستدامة,قائمة تونس الخضراء تنمية مستدامة,230,0.22,0.22,2,agree,104056,106021,71 72
قفصة,46,agree,قائمة قفصة عراقة وتجديد,ocr,قائمة قفصة عراقة وتجديد,قائمة قفصة عراقة وتجديد,218,0.21,0.21,2,agree,104056,106021,71 72
قفصة,47,agree,قائمة حركة الديمقراطيين الاشتراكيين,ocr,قائمة حركة الديمقراطيين الاشتراكيين,قائمة حركة الديمقراطيين الاشتراكيين,213,0.2,0.2,2,agree,104056,106021,71 72
قفصة,48,agree,قائمة حزب الخضر,ocr,قائمة حزب الخضر,قائمة حزب الخضر,212,0.2,0.2,2,agree,104056,106021,71 72
قفصة,49,agree,قائمة العدالة الجمهورية,ocr,قائمة العدالة الجمهورية,قائمة العدالة ر الجمهو ية,202,0.19,0.19,2,agree,104056,106021,71 72
قفصة,50,agree,قائمة حزب صوت شعب تونس,ocr,قائمة حزب صوت شعب تونس,قائمة حزب صوت شعب تونس,202,0.19,0.19,2,agree,104056,106021,71 72
قفصة,51,agree,قائمة الربيع العربي لتحقيق السيادة الاقتصادية,ocr,قائمة الربيع العربي لتحقيق السيادة الاقتصادية,قائمة الربيع العربي لتحقيق السيادة الاقتصادية,195,0.18,0.18,2,agree,104056,106021,71 72
قفصة,52,agree,قائمة شباب قفصة,ocr,قائمة شباب قفصة,قائمة شباب قفصة,190,0.18,0.18,2,agree,104056,106021,71 72
قفصة,53,agree,قائمة حزب التكتل الشعبى من أجل تونس,ocr,قائمة حزب التكتل الشعبى من أجل تونس,قائمة حزب التكتل الشعبي من أجل تونس,188,0.18,0.18,2,agree,104056,106021,71 72
قفصة,54,agree,قائمة حزب الأمان,ocr,قائمة حزب الأمان,قائمة حزب الأمان,188,0.18,0.18,2,agree,104056,106021,71 72
قفصة,55,agree,قائمة حزب حركة الديمقراطيين الاجتماعيين,decision,قائمة حركة الديمقراطين الاجتماعين,قائمة حركة الديمقراطين الاجتماعين,185,0.17,0.17,2,agree,104056,106021,71 72
قفصة,56,agree,قائمة حزب الانفتاح والوفاء,ocr,قائمة حزب الانفتاح والوفاء,قائمة حزب الانفتاح والوفاء,183,0.17,0.17,2,agree,104056,106021,71 72
قفصة,57,agree,قائمة الشروق,ocr,قائمة الشروق,قائمة و الشر ق,182,0.17,0.17,2,agree,104056,106021,71 72
قفصة,58,agree,|[ قائمة القائمة المستقلة للامركزية والتنمية ‎١‏,ocr,|[ قائمة القائمة المستقلة للامركزية والتنمية ‎١‏,قائمة القائمة المستقلة للامركزية والتنمية,177,0.17,0.17,2,agree,104056,106021,71 72
قفصة,59,agree,قائمة الإنجاز والمقاومة,ocr,قائمة الإنجاز والمقاومة,قائمة الإنجازواملقاومة,143,0.13,0.13,2,agree,104056,106021,71 72
قفصة,60,agree,قائمة الشعب يريد,ocr,قائمة الشعب يريد,قائمة الشعب يريد,136,0.13,0.13,2,agree,104056,106021,71 72
قفصة,61,agree,قائمة الحقيقة,ocr,قائمة الحقيقة,قائمة الحقيقة,115,0.11,0.11,2,agree,104056,106021,71 72
قفصة,62,agree,قائمة الحزب الجمهوري المغاربي,ocr,قائمة الحزب الجميوري المغاربي,قائمة الحزب ر الجمهو ي ر المغا بي,92,0.09,0.09,2,agree,104056,106021,71 72
صفاقس 1,1,agree,قائمة حزب حركة النهضة,decision,قائمة حركة الهضة,قائمة حركة النهضة,49609,35.69,35.69,2,agree,136987,138999,73 74
صفاقس 1,2,agree,قائمة حزب حركة نداء تونس,decision,قائمة حركة نداء تونس,قائمة حركة نداء تونس,42864,30.84,30.84,2,agree,136987,138999,73 74
صفاقس 1,3,agree,قائمة الجبهة الشعبية,decision,قائمة الجيهة الشعبية,قائمة الجبهة الشعبية,6413,4.61,4.61,2,agree,136987,138999,73 74
صفاقس 1,4,agree,قائمة حزب التيار الديمقراطي,decision,قائمة حزب التيار الديمقراطي,قائمة حزب التيارالديمقراطي,4657,3.35,3.35,2,agree,136987,138999,73 74
صفاقس 1,5,agree,قائمة حزب آفاق تونس,decision,قائمة حزب آفاق تونس,قائمة حزب آفاق تونس,4340,3.12,3.12,2,agree,136987,138999,73 74
صفاقس 1,6,agree,قائمة الحزب الجمهوري,decision,قائمة الحزب الجمهوري,قائمة الحزب ر الجمهو ي,3427,2.47,2.47,2,agree,136987,138999,73 74
صفاقس 1,7,agree,قائمة حزب الاتحاد الوطني الحر,decision,قائمة حزب الاتحاد الوطنى الحر,قائمة حزب الاتحاد الوطني الحر,3285,2.36,2.36,2,agree,136987,138999,73 74
صفاقس 1,8,agree,قائمة حزب المؤتمر من أجل الجمهورية,decision,قائمة حزب المؤتمر من أجل الجمبورية,قائمة حزب المؤتمرمن أجل ر الجمهو ية,2709,1.95,1.95,2,agree,136987,138999,73 74
صفاقس 1,9,agree,قائمة تيار المحبة,decision,قائمة تيار المحبة,قائمة تياراملحبة,1740,1.25,1.25,2,agree,136987,138999,73 74
صفاقس 1,10,agree,قائمة حزب التحالف الديمقراطي,decision,قائمة حزب التحالف الديمقراض,قائمة حزب التحالف الديمقراطي,1568,1.13,1.13,2,agree,136987,138999,73 74
صفاقس 1,11,agree,قائمة حزب المبادرة,decision,قائمة حزب المبادرة,قائمة حزب ر المباد ة,1414,1.02,1.02,2,agree,136987,138999,73 74
صفاقس 1,12,agree,قائمة حزب حركة الشعب,decision,قائمة حركة الشعب,قائمة حركة الشعب,1292,0.93,0.93,2,agree,136987,138999,73 74
صفاقس 1,13,agree,قائمة حزب التكتل,ocr,قائمة حزب التكتل,قائمة حزب التكتل,993,0.71,0.71,2,agree,136987,138999,73 74
صفاقس 1,14,agree,قائمة حركة وفاء,ocr,قائمة حركة وفاء,قائمة حركة وفاء,891,0.64,0.64,2,agree,136987,138999,73 74
صفاقس 1,15,agree,قائمة حزب الأمان,ocr,قائمة حزب الأمان,قائمة حزب الأمان,877,0.63,0.63,2,agree,136987,138999,73 74
صفاقس 1,16,agree,"‎١"" |‏ قائمة حزب العملالتونسى 2",ocr,"‎١"" |‏ قائمة حزب العملالتونسى 2",قائمة حزب العمل التونسي,861,0.62,0.62,2,agree,136987,138999,73 74
صفاقس 1,17,agree,قائمة صوت المواطن,ocr,قائمة صوت المواطن,قائمة صوت المواطن,776,0.56,0.56,2,agree,136987,138999,73 74
صفاقس 1,18,agree,قائمة حزب الإصلاح والتنمية,ocr,قائمة حزب الإصلاح والتنمية,قائمة حزب الإصالح والتنمية,716,0.52,0.52,2,agree,136987,138999,73 74
صفاقس 1,19,agree,قائمة حزب العريضة الشعبية,ocr,قائمة حزب العريضة الشعبية,قائمة حزب العريضة الشعبية,676,0.49,0.49,2,agree,136987,138999,73 74
صفاقس 1,20,agree,قائمة حزب المجد,ocr,قائمة حزب المجد,قائمة حزب المجد,645,0.46,0.46,2,agree,136987,138999,73 74
صفاقس 1,21,agree,قائمة الجبهة الوطنية للإنقاذ,decision,قائمة الجهة الوطنية للإنقاذ,قائمة الجبهة الوطنية لإلنقاذ,604,0.43,0.43,2,agree,136987,138999,73 74
صفاقس 1,22,agree,قائمة شبابنا ثروة وطموحات,ocr,قائمة شبابنا ثروة وطموحات,قائمة شبابنا و ثر ة وطموحات,482,0.35,0.35,2,agree,136987,138999,73 74
صفاقس 1,23,agree,قائمة الحركة الدستورية,ocr,قائمة الحركة الدستورية,قائمة الحركة ر الدستو ية,465,0.33,0.33,2,agree,136987,138999,73 74
صفاقس 1,24,agree,قائمة أبناء الشعب,ocr,قائمة أنا الشعب,قائمة أنا الشعب,420,0.3,0.3,2,agree,136987,138999,73 74
صفاقس 1,25,agree,قائمة الشعب يريد,ocr,قائمة الشعب يريد,قائمة الشعب يريد,416,0.3,0.3,2,agree,136987,138999,73 74
صفاقس 1,26,agree,قائمة حزب المصالحة,ocr,قائمة حزب المصالحة,قائمة حزب المصالحة,415,0.3,0.3,2,agree,136987,138999,73 74
صفاقس 1,27,agree,قائمة أجيال التحدى,ocr,قائمة أجيال التحدى,قائمة أجيال التحدي,365,0.26,0.26,2,agree,136987,138999,73 74
صفاقس 1,28,agree,قائمة حزب قوى 14 جانفي,ocr,قائمة حزب قوى 14 جانفي,قائمة حزب قوى جانفي,350,0.25,0.25,2,agree,136987,138999,73 74
صفاقس 1,29,agree,قائمة حزب الأمة التونسي,ocr,قائمة حزب الرفاه التونسي,قائمة حزب الرفاه التونسي,340,0.24,0.24,2,agree,136987,138999,73 74
صفاقس 1,30,agree,قائمة حركة التونسي,ocr,قائمة حركة التونسي,قائمة حركة التونسي,336,0.24,0.24,2,agree,136987,138999,73 74
صفاقس 1,31,agree,قائمة الحرية,ocr,قائمة الحرية,قائمة الحرية,323,0.23,0.23,2,agree,136987,138999,73 74
صفاقس 1,32,agree,قائمة حركة الديمقراطيين الاشتراكيين,ocr,|[ قائمة حركة الديمقراطيين الاشتراكيين ‏,قائمة حركة الديمقراطيين الاشتراكيين,318,0.23,0.23,2,agree,136987,138999,73 74
صفاقس 1,33,agree,قائمة حركة الوحدوبين الأحرار,ocr,قائمة حركة الوحدويون الأحرار,قائمة حركة الوحدويون الأحرار,309,0.22,0.22,2,agree,136987,138999,73 74
صفاقس 1,34,agree,قائمة حزب الوسط الاجتماعي,ocr,قائمة حزب الوسط الاجتماعي,قائمة حزب الوسط الاجتماعي,285,0.21,0.21,2,agree,136987,138999,73 74
صفاقس 1,35,agree,قائمة بقلوب مبصرة نصحح المسار,ocr,قائمة بقلوب مبصرة نصحح المسار,قائمة بقلوب مبصرة نصحح المسار,281,0.2,0.2,2,agree,136987,138999,73 74
صفاقس 1,36,agree,قائمة صوت اللجان الثورية,ocr,قائمة صوت اللجان الثورية,قائمة صوت اللجان ر الثو ية,237,0.17,0.17,2,agree,136987,138999,73 74
صفاقس 1,37,agree,قائمة صدى الجبات,ocr,قائمة صدى الجبات,قائمة صدى الجهات,236,0.17,0.17,2,agree,136987,138999,73 74
صفاقس 1,38,agree,قائمة حزب البناء الوطنى,ocr,قائمة حزب البناء الوطنى,قائمة حزب البناء الوطني,236,0.17,0.17,2,agree,136987,138999,73 74
صفاقس 1,39,agree,قائمة حزب المؤتمر الشعبى,ocr,قائمة حزب المؤتمر الشعبي,قائمة حزب المؤتمرالشعبي,227,0.16,0.16,2,agree,136987,138999,73 74
صفاقس 1,40,agree,قائمة الالتزام والانصاف,ocr,قائمة الالتزام والانصاف,قائمة الالتقام والانصاف,169,0.12,0.12,2,agree,136987,138999,73 74
صفاقس 1,41,agree,قائمة حزب صوت شعب تونس,ocr,قائمة حزب صوت شعب تونس,قائمة حزب صوت شعب تونس,165,0.12,0.12,2,agree,136987,138999,73 74
صفاقس 1,42,agree,قائمة حزب الانفتاح والوفاء,ocr,قائمة حزب الانفتاح والوفاء,قائمة حزب الانفتاح والوفاء,155,0.11,0.11,2,agree,136987,138999,73 74
صفاقس 1,43,agree,قائمة الربيع العربي لتحقيق السيادة الاقتصادية,ocr,قائمة الربيع العررى لتحقيق السيادة الاقتصادية,قائمة الربيع العربي لتحقيق السيادة الاقتصادية,100,0.07,0.07,2,agree,136987,138999,73 74
صفاقس 2,1,agree,قائمة حزب حركة نداء تونس,decision,قائمة حركة نداء تونس,قائمة حركة نداء تونس,70081,37.46,37.46,2,agree,184997,187084,75 76
صفاقس 2,2,agree,قائمة حزب حركة النهضة,decision,قائمة حزب حركة الهضة,قائمة حزب حركة النهضة,57994,31.0,31.0,2,agree,184997,187084,75 76
صفاقس 2,3,agree,قائمة حزب آفاق تونس,decision,قائمة حزب آفاق تونس,قائمة حزب آفاق تونس,6742,3.6,3.6,2,agree,184997,187084,75 76
صفاقس 2,4,agree,قائمة الجبهة الشعبية,decision,قائمة الجبهة الشعبية,قائمة الجبهة الشعبية,5991,3.2,3.2,2,agree,184997,187084,75 76
صفاقس 2,5,agree,قائمة حزب التيار الديمقراطي,decision,قائمة حزب التيار الديمقراطى,قائمة حزب التيارالديمقراطي,5954,3.18,3.18,2,agree,184997,187084,75 76
صفاقس 2,6,agree,قائمة حزب التحالف الديمقراطي,decision,قائمة حزب التحالف الديمقراطى,قائمة حزب التحالف الديمقراطي,3980,2.13,2.13,2,agree,184997,187084,75 76
صفاقس 2,7,agree,قائمة حزب المؤتمر من أجل الجمهورية,decision,قائمة حزب المؤتمرمن أجل الجمهورية 2,قائمة حزب المؤتمرمن أجل ر الجمهو ية,3704,1.98,1.98,2,agree,184997,187084,75 76
صفاقس 2,8,agree,قائمة حزب الاتحاد الوطني الحر,decision,قائمة حزب الاتحاد الوطني الحر,قائمة حزب الاتحاد الوطني الحر,3589,1.92,1.92,2,agree,184997,187084,75 76
صفاقس 2,9,agree,قائمة صوت صفاقس,ocr,قائمة صوت صفاقس,قائمة صوت صفاقس,3371,1.8,1.8,2,agree,184997,187084,75 76
صفاقس 2,10,agree,قائمة الحزب الجمهوري,decision,قائمة الحزب الجمبوري,قائمة الحزب ر الجمهو ي,3010,1.61,1.61,2,agree,184997,187084,75 76
صفاقس 2,11,agree,قائمة تيار المحبة,decision,قائمة تيار المحبة,قائمة تياراملحبة,2104,1.12,1.12,2,agree,184997,187084,75 76
صفاقس 2,12,agree,قائمة حزب حركة الشعب,decision,قائمة حركة الشعب,قائمة حركة الشعب,1773,0.95,0.95,2,agree,184997,187084,75 76
صفاقس 2,13,agree,قائمة حركة وفاء,ocr,قائمة حركة وفاء,قائمة حركة وفاء,1487,0.79,0.79,2,agree,184997,187084,75 76
صفاقس 2,14,agree,قائمة حزب التكتل,ocr,قائمة حزب التكتل,قائمة حزب التكتل,1356,0.72,0.72,2,agree,184997,187084,75 76
صفاقس 2,15,agree,قائمة حزب المبادرة,decision,قائمة حزب المبادرة,قائمة حزب ر المباد ة,1308,0.7,0.7,2,agree,184997,187084,75 76
صفاقس 2,16,agree,قائمة الطليعة الشبابية,ocr,قائمة الطليعة الشبابية,قائمة الطليعة الشبابية,1214,0.65,0.65,2,agree,184997,187084,75 76
صفاقس 2,17,agree,قائمة الاتحاد من أجل تونس,ocr,قائمة الاتحاد من أجل تونس,قائمة الاتحاد من أجل تونس,891,0.48,0.48,2,agree,184997,187084,75 76
صفاقس 2,18,agree,قائمة تونس العزيزة,ocr,قائمة تونس العزيزة,قائمة تونس العزيزة,772,0.41,0.41,2,agree,184997,187084,75 76
صفاقس 2,19,agree,قائمة حزب الأمان,ocr,قائمة حزب الأمان,قائمة حزب الأمان,731,0.39,0.39,2,agree,184997,187084,75 76
صفاقس 2,20,agree,قائمة حزب العريضة الشعبية,ocr,قائمة حزب العريضة الشعبية,قائمة حزب العريضة الشعبية,678,0.36,0.36,2,agree,184997,187084,75 76
صفاقس 2,21,agree,قائمة حزب العمل التونيسى,ocr,قائمة حزب العمل التونبسى,قائمة حزب العمل التونسي,587,0.31,0.31,2,agree,184997,187084,75 76
صفاقس 2,22,agree,قائمة حزب حركة التونسي,ocr,قائمة حزب حركة التونسي,قائمة حزب حركة التونسي,586,0.31,0.31,2,agree,184997,187084,75 76
صفاقس 2,23,agree,قائمة حركة الوحدوبين الأحرار,ocr,قائمة حركة الوحدوبين الأحرار,قائمة حركة الوحدويين الأحرار,547,0.29,0.29,2,agree,184997,187084,75 76
صفاقس 2,24,agree,قائمة صوت الريف,ocr,قائمة صوت الريف,قائمة صوت الريف,486,0.26,0.26,2,agree,184997,187084,75 76
صفاقس 2,25,agree,قائمة حزب الحركة الدستورية,ocr,قائمة حزب الحركة الدستورية,قائمة حزب الحركة ر الدستو ية,484,0.26,0.26,2,agree,184997,187084,75 76
صفاقس 2,26,agree,قائمة حزب الثقافة والعمل,ocr,قائمة حزب الثقافة والعمل,قائمة حزب الثقافة والعمل,435,0.23,0.23,2,agree,184997,187084,75 76
صفاقس 2,27,agree,قائمة أجيال التحدى,ocr,قائمة أجيال التحدى,قائمة أجيال التحدي,422,0.23,0.23,2,agree,184997,187084,75 76
صفاقس 2,28,agree,قائمة حزب المجد,ocr,قائمة حزب المجد,قائمة حزب المجد,390,0.21,0.21,2,agree,184997,187084,75 76
صفاقس 2,29,agree,قائمة تونسنا الغالية,ocr,قائمة تونسنا الغالية,قائمة تونسنا الغالية,380,0.2,0.2,2,agree,184997,187084,75 76
صفاقس 2,30,agree,قائمة الجبهة الوطنية للإنقاذ,decision,قائمة الجبهة الوطنية للإنقاذ,قائمة الجبهة الوطنية لإلنقاذ,377,0.2,0.2,2,agree,184997,187084,75 76
صفاقس 2,31,agree,قائمة صفاقسنا,ocr,قائمة صفاقسنا,قائمة صفاقسنا,368,0.2,0.2,2,agree,184997,187084,75 76
صفاقس 2,32,agree,قائمة الحركة الديمقراطية للإصلاح والبناء,ocr,قائمة حركة الديمقراطية للاصلاح والبناء ‏,قائمة حركة الديمقراطية للإصلاح والبناء,357,0.19,0.19,2,agree,184997,187084,75 76
صفاقس 2,33,agree,قائمة حزب المستقبل من أجل تونس ‎١‏,ocr,قائمة حزب المستقبل من أجل تونس ‎١‏,قائمة حزب المستقبل من أجل تونس,318,0.17,0.17,2,agree,184997,187084,75 76
صفاقس 2,34,agree,قائمة أهداف الثورة أولا,ocr,قائمة أهداف الثورة أولا,قائمة أهداف ر الثو ة أوال,281,0.15,0.15,2,agree,184997,187084,75 76
صفاقس 2,35,agree,قائمة حزب الوسط الاجتماعي,ocr,قائمة حزب الوسط الاجتماعىي,قائمة حزب الوسط الاجتماعي,273,0.15,0.15,2,agree,184997,187084,75 76
صفاقس 2,36,agree,قائمة حزب قوى 14 جانفي,ocr,قائمة حزب قوى 14 جانفى,قائمة حزب قوى جانفي,263,0.14,0.14,2,agree,184997,187084,75 76
صفاقس 2,37,agree,قائمة الحزب الجمهوري المغاربي,ocr,قائمة الحزب الجمهورى المغاربى,قائمة الحزب ر الجمهو ي ر المغا بي,260,0.14,0.14,2,agree,184997,187084,75 76
صفاقس 2,38,agree,قائمة حزب المؤتمر الشعبى,ocr,قائمة حزب المؤتمر الشعبي,قائمة حزب المؤتمرالشعبي,252,0.13,0.13,2,agree,184997,187084,75 76
صفاقس 2,39,agree,|[ قائمة حزب الججهة الوطنية التونسية ‎١‏,ocr,|[ قائمة حزب الججهة الوطنية التونسية ‎١‏,قائمة حزب الجبهة الوطنية التونسية,238,0.13,0.13,2,agree,184997,187084,75 76
صفاقس 2,40,agree,قائمة اليسر,ocr,قائمة اليسر,قائمة اليسر,235,0.13,0.13,2,agree,184997,187084,75 76
صفاقس 2,41,agree,|[ قائمة حركة الديمقراطيين لاشتراكيين 2,ocr,]|[ قائمة حركة الديمقراطيين الاشتراكيين 2,قائمة حركة الديمقراطيين الاشتراكيين,232,0.12,0.12,2,agree,184997,187084,75 76
صفاقس 2,42,agree,قائمة الوفاء لمشروع الشهيد,ocr,قائمة الوفاء لمشروع الشهيد,قائمة الوفاء و ملشر ع الشهيد,194,0.1,0.1,2,agree,184997,187084,75 76
صفاقس 2,43,agree,قائمة اتحاد القوى الشبابية,ocr,قائمة اتحاد القوى الشبابية,قائمة اتحاد القوى الشبابية,188,0.1,0.1,2,agree,184997,187084,75 76
صفاقس 2,44,agree,قائمة الأصالة,ocr,قائمة الأصالة,قائمة الأصالة,114,0.06,0.06,2,agree,184997,187084,75 76
سيدي بوزيد,1,agree,قائمة حزب حركة نداء تونس,decision,قائمة حركة نداء تونس,قائمة حركة نداء تونس,27399,24.71,24.71,2,agree,110902,110902,77 78 79
سيدي بوزيد,2,agree,قائمة حزب حركة النهضة,decision,قائمة حزب حركة الهضة,قائمة حزب حركة النهضة,18990,17.12,17.12,2,agree,110902,110902,77 78 79
سيدي بوزيد,3,agree,قائمة تيار المحبة,decision,قائمة تيار ةالمحب,قائمة تياراملحبة,11806,10.65,10.65,2,agree,110902,110902,77 78 79
سيدي بوزيد,4,agree,قائمة الجبهة الشعبية,decision,قائمة الجهة الشعبية,قائمة الجبهة الشعبية,7918,7.14,7.14,2,agree,110902,110902,77 78 79
سيدي بوزيد,5,agree,قائمة الجبهة الوطنية للإنقاذ,decision,قائمة الجبهة الوطنية للإنقاذ,قائمة الجبهة الوطنية لإلنقاذ,2793,2.52,2.52,2,agree,110902,110902,77 78 79
سيدي بوزيد,6,agree,قائمة حزب حركة الديمقراطيين الاجتماعيين,decision,قائمة حركة الديمقراطيين الاجتماعيين,قائمة حركة الديمقراطيين الاجتماعيين,2774,2.5,2.5,2,agree,110902,110902,77 78 79
سيدي بوزيد,7,agree,قائمة الوفاء لمشروع الشهيد,ocr,قائمة الوفاء لمشروع الشهيد,قائمة الوفاء و ملشر ع الشهيد,2661,2.4,2.4,2,agree,110902,110902,77 78 79
سيدي بوزيد,8,agree,قائمة حزب الاتحاد الوطني الحر,decision,قائمةحزب الاتحاد الوطني الحر,قائمةحزب الاتحاد الوطني الحر,2250,2.03,2.03,2,agree,110902,110902,77 78 79
سيدي بوزيد,9,agree,قائمة فداء المحبة لتونس,ocr,قائمة فداء المحبة لتونس,قائمة فداء المحبة لتونس,1941,1.75,1.75,2,agree,110902,110902,77 78 79
سيدي بوزيد,10,agree,قائمة حزب المؤتمر من أجل الجمهورية,decision,قائمة حزب المؤتمرمن أجل الجمهورية,قائمة حزب المؤتمرمن أجل ر الجمهو ية,1820,1.64,1.64,2,agree,110902,110902,77 78 79
سيدي بوزيد,11,agree,قائمة حزب حركة الشعب,decision,قائمة حركة الشعب,قائمة حركة الشعب,1618,1.46,1.46,2,agree,110902,110902,77 78 79
سيدي بوزيد,12,agree,قائمة من أجل بلادى,ocr,قائمة من أجل بلادى,قائمة من أجل بالدي,1363,1.23,1.23,2,agree,110902,110902,77 78 79
سيدي بوزيد,13,agree,قائمة من أجل حياة أفضل,ocr,قائمة من أجل حياة أفضل,قائمة من أجل حياة أفضل,1328,1.2,1.2,2,agree,110902,110902,77 78 79
سيدي بوزيد,14,agree,قائمة حزب التحالف الديمقراطي,decision,قائمة حزب التحالف الديمقراطى,قائمة حزب التحالف الديمقراطي,1254,1.13,1.13,2,agree,110902,110902,77 78 79
سيدي بوزيد,15,agree,قائمة حركة التونسي,ocr,قائمة حركة التونسي,قائمة حركة التونسي,1175,1.06,1.06,2,agree,110902,110902,77 78 79
سيدي بوزيد,16,agree,قائمة حزب المبادرة,decision,قائمة حزب المبادرة,قائمة حزب ر المباد ة,1074,0.97,0.97,2,agree,110902,110902,77 78 79
سيدي بوزيد,17,agree,قائمة حزب حركة وفاء,ocr,قائمة حزب حركة وفاء,قائمة حزب حركة وفاء,993,0.9,0.9,2,agree,110902,110902,77 78 79
سيدي بوزيد,18,agree,قائمة حزب آفاق تونس,decision,قائمة حزب أفاق تونس,قائمة حزب آفاق تونس,938,0.85,0.85,2,agree,110902,110902,77 78 79
سيدي بوزيد,19,agree,قائمة حزب الغد,ocr,قائمة حزب الغد,قائمة حزب الغد,928,0.84,0.84,2,agree,110902,110902,77 78 79
سيدي بوزيد,20,agree,قائمة الحزب الجمهوري,decision,قائمة الحزب الجمبوري,قائمة الحزب ر الجمهو ي,867,0.78,0.78,2,agree,110902,110902,77 78 79
سيدي بوزيد,21,agree,قائمة الحزب الديمقراطي للعدالة والرخاء,ocr,قائمة الحزب الديمقراط للعدالة والرخاء,قائمة الحزب الديمقراطي للعدالة والرخاء,807,0.73,0.73,2,agree,110902,110902,77 78 79
سيدي بوزيد,22,agree,قائمة خدمة للمواطن وفداء للوطن,ocr,قائمة خدمة للمواطن وفداء للوطن,قائمة خدمة للمواطن وفداء للوطن,804,0.72,0.72,2,agree,110902,110902,77 78 79
سيدي بوزيد,23,agree,قائمة حزب التيار الديمقراطي,decision,قائمة حزب التيار الديمقراطى,قائمة حزب التيارالديمقراطي,803,0.72,0.72,2,agree,110902,110902,77 78 79
سيدي بوزيد,24,agree,قائمة الحزب الاشتراى,ocr,قائمة الحزب الاشتراى,قائمة الحزب الاشتراكي,782,0.71,0.71,2,agree,110902,110902,77 78 79
سيدي بوزيد,25,agree,قائمة حزب التكتل,ocr,قائمة حزب التكتل,قائمة حزب التكتل,724,0.65,0.65,2,agree,110902,110902,77 78 79
سيدي بوزيد,26,agree,قائمة فداء تونس,ocr,قائمة فداء تونس,قائمة فداء تونس,715,0.64,0.64,2,agree,110902,110902,77 78 79
سيدي بوزيد,27,agree,قائمة حزب حركة الجمهورية,ocr,قائمة حزب حركة الجمهورية,قائمة حزب حركة ر الجمهو ية,710,0.64,0.64,2,agree,110902,110902,77 78 79
سيدي بوزيد,28,agree,قائمة حزب المجد,ocr,قائمة حزب المجد,قائمة حزب المجد,683,0.62,0.62,2,agree,110902,110902,77 78 79
سيدي بوزيد,29,agree,قائمة قائمة الشبيد,ocr,قائمة قائمة الشبيد,قائمة قائمة الشهيد,683,0.62,0.62,2,agree,110902,110902,77 78 79
سيدي بوزيد,30,agree,قائمة الأمل,ocr,قائمة الأمل,قائمة الأمل,671,0.61,0.61,2,agree,110902,110902,77 78 79
سيدي بوزيد,31,agree,قائمة وفاق,ocr,قائمة وفاق,قائمة وفاق,668,0.6,0.6,2,agree,110902,110902,77 78 79
سيدي بوزيد,32,agree,قائمة حزب صوت الفلاحين,decision,قائمة حزب صوت الفلاحين,قائمة حزب صوت الفلاحين,622,0.56,0.56,2,agree,110902,110902,77 78 79
سيدي بوزيد,33,agree,قائمة حزب الجبهة الوطنية التونسية,ocr,قائمة حزب الجيهة الوطنية التونسية,قائمة حزب الجبهة الوطنية التونسية,576,0.52,0.52,2,agree,110902,110902,77 78 79
سيدي بوزيد,34,agree,قائمة أبناء الشعب,ocr,قائمة أبناء الشعب,قائمة أبناء الشعب,555,0.5,0.5,2,agree,110902,110902,77 78 79
سيدي بوزيد,35,agree,قائمة تونس أقوى,ocr,قائمة تونس أقوى,قائمة تونس أقوى,520,0.47,0.47,2,agree,110902,110902,77 78 79
سيدي بوزيد,36,agree,قائمة الدرب,ocr,قائمة الدرب,قائمة ر الد ب,491,0.44,0.44,2,agree,110902,110902,77 78 79
سيدي بوزيد,37,agree,قائمة الاتحاد من أجل تونس,ocr,قائمة الاتحاد من أجل تونس,قائمة الاتحاد من أجل تونس,457,0.41,0.41,2,agree,110902,110902,77 78 79
سيدي بوزيد,38,agree,قائمة النور,ocr,قائمة النور,قائمة النور,445,0.4,0.4,2,agree,110902,110902,77 78 79
سيدي بوزيد,39,agree,قائمة البديل الشبابي,ocr,قائمة البديل الشبابي,قائمة البديل الشبابي,440,0.4,0.4,2,agree,110902,110902,77 78 79
سيدي بوزيد,40,agree,قائمة حزب جبهة 17 ديسمبر للتنمية,ocr,قائمة حزب جهة 17 ديسمبر للتنمية,قائمة حزب جبهة ديسمبرللتنمية,435,0.39,0.39,2,agree,110902,110902,77 78 79
سيدي بوزيد,41,agree,قائمة حزب العزة والكرامة,ocr,قائمة حزب العزة والكرامة,قائمة حزب العزة والكرامة,427,0.39,0.39,2,agree,110902,110902,77 78 79
سيدي بوزيد,42,agree,قائمة الحركة الدستورية,ocr,قائمة الحركة الدستورية,قائمة الحركة ر الدستو ية,421,0.38,0.38,2,agree,110902,110902,77 78 79
سيدي بوزيد,43,agree,قائمة القائمة المستقلة الزيتونة,ocr,قائمة القائمة المستقلة الزيتونة,قائمة القائمة المستقلة الزيتونة,393,0.35,0.35,2,agree,110902,110902,77 78 79
سيدي بوزيد,44,agree,قائمة حركة الديمقراطيين الاشتراكيين,ocr,قائمة حركة الديمقراطيين الاشتراكيين,قائمة حركة الديمقراطيين الاشتراكيين,385,0.35,0.35,2,agree,110902,110902,77 78 79
سيدي بوزيد,45,agree,قائمة حزب اللقاء الدستورى,ocr,قائمة حزب اللقاء الدستورى,قائمة حزب اللقاء ر الدستو ي,371,0.33,0.33,2,agree,110902,110902,77 78 79
سيدي بوزيد,46,agree,قائمة غزة,ocr,قائمة غزة,قائمة غزة,355,0.32,0.32,2,agree,110902,110902,77 78 79
سيدي بوزيد,47,agree,قائمة الشعب يريد,ocr,قائمة الشعب يريد,قائمة الشعب يريد,326,0.29,0.29,2,agree,110902,110902,77 78 79
سيدي بوزيد,48,agree,قائمة الميعاد,ocr,قائمة الميعاد,قائمة الميعاد,299,0.27,0.27,2,agree,110902,110902,77 78 79
سيدي بوزيد,49,agree,قائمة الوفاء والعزة للوطن,ocr,قائمة الوفاء والعزة للوطن,قائمة الوفاء والعزة للوطن,298,0.27,0.27,2,agree,110902,110902,77 78 79
سيدي بوزيد,50,agree,قائمة باب العمل والأمل,ocr,قائمة باب العمل والأمل,قائمة باب العمل الأملو,287,0.26,0.26,2,agree,110902,110902,77 78 79
سيدي بوزيد,51,agree,قائمة الوعد,ocr,قائمة الوعد,قائمة الوعد,283,0.26,0.26,2,agree,110902,110902,77 78 79
سيدي بوزيد,52,agree,قائمة حزب المستقبل,ocr,قائمة حزب المستقبل,قائمة حزب المستقبل,262,0.24,0.24,2,agree,110902,110902,77 78 79
سيدي بوزيد,53,agree,قائمة حزب الأمان,ocr,قائمة حزب الأمان,قائمة حزب الأمان,253,0.23,0.23,2,agree,110902,110902,77 78 79
سيدي بوزيد,54,agree,قائمة التشغيل استحقاق,ocr,قائمة التشغيل استحقاق,قائمة التشغيل استحقاق,252,0.23,0.23,2,agree,110902,110902,77 78 79
سيدي بوزيد,55,agree,قائمة قائمة المكافحون,ocr,قائمة قائمة المكافحون,قائمة قائمة المكافحون,250,0.23,0.23,2,agree,110902,110902,77 78 79
سيدي بوزيد,56,agree,قائمة تحدى,ocr,قائمة تحدى,قائمة تحدي,226,0.2,0.2,2,agree,110902,110902,77 78 79
سيدي بوزيد,57,agree,قائمة قائمة المرقوم,ocr,قائمة قائمة المرقوم,قائمة قائمة المرقوم,218,0.2,0.2,2,agree,110902,110902,77 78 79
سيدي بوزيد,58,agree,قائمة الحركة الديمقراطية للإصلاح والبناء,ocr,قائمة الحركة الديمقراطية للإصلاح والبناء 2,قائمة الحركة الديمقراطية لإلصالح والبناء,210,0.19,0.19,2,agree,110902,110902,77 78 79
سيدي بوزيد,59,agree,ظ قائمة تفاحة عربية ظ,ocr,ظ قائمة تفاحة عربية ظ,قائمة تفاحة عربية,203,0.18,0.18,2,agree,110902,110902,77 78 79
سيدي بوزيد,60,agree,قائمة حزب صوت شعب تونس,ocr,قائمة حزب صوت شعب تونس,قائمة حزب صوت شعب تونس,197,0.18,0.18,2,agree,110902,110902,77 78 79
سيدي بوزيد,61,agree,قائمة اتحاد القوى الشبابية,ocr,قائمة اتحاد القوى الشبابية,قائمة اتحاد القوى الشبابية,146,0.13,0.13,2,agree,110902,110902,77 78 79
سيدي بوزيد,62,agree,قائمة الأديب للتنمية والعدالة,ocr,قائمة الأديب للتنمية والعدالة,قائمة الأديب للتنمية والعدالة,131,0.12,0.12,2,agree,110902,110902,77 78 79
سيدي بوزيد,63,agree,قائمة لنكن عادلين,ocr,قائمة لنكن عادلين,قائمة لنكن عادلين,121,0.11,0.11,2,agree,110902,110902,77 78 79
سيدي بوزيد,64,agree,قائمة حزب النور للديمقراطية والتنمية,ocr,قائمة حزب النور للديمقراطية والتنمية,قائمة حزب النور للديمقراطية والتنمية,107,0.1,0.1,2,agree,110902,110902,77 78 79
قبلي,1,agree,قائمة حزب حركة النهضة,decision,قائمة حزب حركة الهضة,قائمة حزب حركة النهضة,21944,38.5,38.5,1,agree,55610,57005,80
قبلي,2,agree,قائمة حزب المؤتمر من أجل الجمهورية,decision,قائمة حزب المؤتمر من أجل الجمهورية,قائمة حزب المؤتمرمن أجل ر الجمهو ية,8953,15.7,15.7,1,agree,55610,57005,80
قبلي,3,agree,قائمة حزب حركة الشعب,decision,قائمة حركة الشعب,قائمة حركة الشعب,8489,14.9,14.9,1,agree,55610,57005,80
قبلي,4,agree,قائمة حزب حركة نداء تونس,decision,قائمة حركة نداء تونس,قائمة حركة نداء تونس,5793,10.2,10.2,1,agree,55610,57005,80
قبلي,5,agree,قائمة حزب الاتحاد الوطني الحر,decision,قائمة حزب الاتحاد الوطني الحر,قائمة حزب الاتحاد الوطني الحر,2066,3.6,3.6,1,agree,55610,57005,80
قبلي,6,agree,قائمة الجبهة الشعبية,decision,قائمة الجهة الشعبية,قائمة الجبهة الشعبية,1618,2.8,2.8,1,agree,55610,57005,80
قبلي,7,agree,قائمة حزب المبادرة,decision,قائمة حزب المبادرة,قائمة حزب ر المباد ة,889,1.6,1.6,1,agree,55610,57005,80
قبلي,8,agree,قائمة تيار المحبة,decision,قائمة تيار المحبة,قائمة تياراملحبة,681,1.2,1.2,1,agree,55610,57005,80
قبلي,9,agree,قائمة حزب التيار الديمقراطي,decision,قائمة حزب التيار الديمقراطى,قائمة حزب التيارالديمقراطي,553,1.0,1.0,1,agree,55610,57005,80
قبلي,10,agree,قائمة التحدى,ocr,قائمة التحدى,قائمة التحدي,529,0.9,0.9,1,agree,55610,57005,80
قبلي,11,agree,قائمة الحزب الجمهوري,decision,قائمة الحزب الجمهبوري,قائمة الحزب ر الجمهو ي,432,0.8,0.8,1,agree,55610,57005,80
قبلي,12,agree,قائمة حزب المؤتمر الشعبى,ocr,قائمة حزب المؤتمر الشعبي,قائمة حزب المؤتمرالشعبي,404,0.7,0.7,1,agree,55610,57005,80
قبلي,13,agree,قائمة نفزاوة أولا,ocr,قائمة نفزاوة أولا,قائمة نفزاوة أوال,365,0.6,0.6,1,agree,55610,57005,80
قبلي,14,agree,قائمة الحركة الدستورية,ocr,قائمة الحركة الدستورية,قائمة الحركة ر الدستو ية,329,0.6,0.6,1,agree,55610,57005,80
قبلي,15,agree,قائمة ارتقاء,ocr,قائمة ارتقاء,قائمة را تقاء,290,0.5,0.5,1,agree,55610,57005,80
قبلي,16,agree,قائمة حزب الثقافة والعمل,ocr,قائمة حزب الثقافة والعمل,قائمة حزب الثقافة والعمل,285,0.5,0.5,1,agree,55610,57005,80
قبلي,17,agree,قائمة حركة وفاء,ocr,قائمة حركة وفاء,قائمة حركة وفاء,265,0.5,0.5,1,agree,55610,57005,80
قبلي,18,agree,قائمة الإصلاح والمصالحة,ocr,قائمة الإصلاح والمصالحة,قائمة الإصالح واملصالحة,246,0.4,0.4,1,agree,55610,57005,80
قبلي,19,agree,قائمة حركة التونسي,ocr,قائمة حركة التونسي,قائمة حركة التونسي,222,0.4,0.4,1,agree,55610,57005,80
قبلي,20,agree,قائمة الانفتاح و الوفاء,ocr,قائمة الانفتاح والوفاء,قائمة الانفتاح والوفاء,216,0.4,0.4,1,agree,55610,57005,80
قبلي,21,agree,قائمة الكرامة,ocr,قائمة الكرامة,قائمة الكرامة,204,0.4,0.4,1,agree,55610,57005,80
قبلي,22,agree,قائمة حزب اللقاء الدستورى,ocr,قائمة حزب اللقاء الدستورى,قائمة حزب اللقاء ر الدستو ي,196,0.3,0.3,1,agree,55610,57005,80
قبلي,23,agree,ظ قائمة حزب تونس الزيتونة ظ,ocr,ظ قائمة حزب تونس الزيتونة ظ,قائمة حزب تونس الزيتونة,171,0.3,0.3,1,agree,55610,57005,80
قبلي,24,agree,قائمة العلم,ocr,قائمة العلم,قائمة العلم,157,0.3,0.3,1,agree,55610,57005,80
قبلي,25,agree,قائمة المعتدلة المستقلة,ocr,قائمة المعتدلة المستقلة,قائمة المعتدلة المستقلة,119,0.2,0.2,1,agree,55610,57005,80
قبلي,26,agree,قائمة حركة الديمقراطيين الاشتراكيين,ocr,قائمة حركة الديمقراطيين الاشتراكيين,قائمة حركة الديمقراطيين الاشتراكيين,106,0.2,0.2,1,agree,55610,57005,80
قبلي,27,agree,قائمة حزب الغد,ocr,قائمة حزب الغد,قائمة حزب الغد,88,0.2,0.2,1,agree,55610,57005,80
قابس,1,agree,قائمة حزب حركة النهضة,decision,قائمة حزب حركة الهضة,قائمة حزب حـركة النهضة,58152,49.03,49.03,2,agree,116008,118606,81 82
قابس,2,agree,قائمة حزب حركة نداء تونس,decision,قائمة حركة نداء تونس,قائمة حركة نداء تونس,19821,16.71,16.71,2,agree,116008,118606,81 82
قابس,3,agree,قائمة حزب الاتحاد الوطني الحر,decision,قائمة حزب الاتحاد الوطني الحر,قائمة حزب الاتحاد الوطني الحر,6269,5.29,5.29,2,agree,116008,118606,81 82
قابس,4,agree,قائمة حزب المؤتمر من أجل الجمهورية,decision,قائمة حزب المؤتمرمن أجل الجمهورية,قائمة حزب المؤتمرمن أجل ر الجمهو ية,5289,4.46,4.46,2,agree,116008,118606,81 82
قابس,5,agree,قائمة حزب حركة الشعب,decision,قائمة حركة الشعب,قائمة حركة الشعب,2555,2.15,2.15,2,agree,116008,118606,81 82
قابس,6,agree,قائمة حزب التيار الديمقراطي,decision,قائمة حزب التيار الديمقراطي,قائمة حزب التيارالديمقراطي,2412,2.03,2.03,2,agree,116008,118606,81 82
قابس,7,agree,قائمة الحزب الجمهوري,decision,قائمة الحزب الجمبوري,قائمة الحزب ر الجمهو ي,2186,1.84,1.84,2,agree,116008,118606,81 82
قابس,8,agree,قائمة الجبهة الشعبية,decision,قائمة الجهة الشعبية,قائمة الجبهة الشعبية,1432,1.21,1.21,2,agree,116008,118606,81 82
قابس,9,agree,قائمة تيار المحبة,decision,قائمة تيار المحبة,قائمة تيــاراملحــبة,1262,1.06,1.06,2,agree,116008,118606,81 82
قابس,10,agree,قائمة حزب آفاق تونس,decision,قائمة حزب آفاق تونس,قائمة حزب آفاق تونس,1052,0.89,0.89,2,agree,116008,118606,81 82
قابس,11,agree,قائمة حزب التحالف الديمقراطي,decision,قائمة حزب التحالف الديمقراطي,قائمة حزب التحالف الديمقراطي,980,0.83,0.83,2,agree,116008,118606,81 82
قابس,12,agree,قائمة قابس فى القلب,ocr,قائمة قابس فى القلب,قائمة قابس في القلب,969,0.82,0.82,2,agree,116008,118606,81 82
قابس,13,agree,قائمة النخلة,ocr,قائمة النخلة,قائمة النخلة,913,0.77,0.77,2,agree,116008,118606,81 82
قابس,14,agree,قائمة حزب الوحدة,ocr,قائمة حزب الوحدة,قائمة حزب الوحدة,832,0.7,0.7,2,agree,116008,118606,81 82
قابس,15,agree,قائمة حركة وفاء,ocr,قائمة حركة وفاء,قائمة حـركـة وفــاء,707,0.6,0.6,2,agree,116008,118606,81 82
قابس,16,agree,قائمة حزب التكتل,ocr,قائمة حزب التكتل,قائمة حزب التكتل,680,0.57,0.57,2,agree,116008,118606,81 82
قابس,17,agree,قائمة المستقلون الأحرار,ocr,قائمة المستقلون الأحرار,قائمة المستقلون الأحرار,658,0.55,0.55,2,agree,116008,118606,81 82
قابس,18,agree,قائمة المجد للوطن,ocr,قائمة المجد للوطن,قائمة المجــد للـــوطن,621,0.52,0.52,2,agree,116008,118606,81 82
قابس,19,agree,قائمة حزب المبادرة الوطنية الدستورية,ocr,قائمة حزب المبادرة الوطنية الدستورية,قائمة حزب ر المباد ة الوطنية ر الدستو ية,588,0.5,0.5,2,agree,116008,118606,81 82
قابس,20,agree,قائمة حزب الجبهة الوطنية التونسية,ocr,قائمة حزب الجبهة الوطنية التونسية,قائمة حزب الجبهة الوطنية التونسية,587,0.49,0.49,2,agree,116008,118606,81 82
قابس,21,agree,قائمة كلنا قابس,ocr,قائمة كلنا قابس,قائمة كلنا قابس,495,0.42,0.42,2,agree,116008,118606,81 82
قابس,22,agree,قائمة حركة التونسي,ocr,قائمة حركة التونسى,قائمة حركة التونسي,462,0.39,0.39,2,agree,116008,118606,81 82
قابس,23,agree,قائمة العدل,ocr,قائمة العدل,قائمة العدل,418,0.35,0.35,2,agree,116008,118606,81 82
قابس,24,agree,قائمة أصحاب الحق,ocr,قائمة أصحاب الحق,قائمة أصحاب الحق,385,0.32,0.32,2,agree,116008,118606,81 82
قابس,25,agree,قائمة قابس أولا,ocr,قائمة قابس أولا,قائمة قابس أوال,384,0.32,0.32,2,agree,116008,118606,81 82
قابس,26,agree,قائمة حركة الديمقراطيين الاشتراكيين,ocr,قائمة حركة الديمقراطيين الاشتراكيين,قائمة حركة الديمقراطيين الاشتراكيين,377,0.32,0.32,2,agree,116008,118606,81 82
قابس,27,agree,قائمة حركة البناء المغاربي,ocr,قائمة حركة البناء المغاربي,قائمة حركة البناء ر المغا بي,375,0.32,0.32,2,agree,116008,118606,81 82
قابس,28,agree,قائمة الاتحاد من أجل تونس,ocr,قائمة الاتحاد من أجل تونس,قائمة الاتحاد من أجل تونس,361,0.3,0.3,2,agree,116008,118606,81 82
قابس,29,agree,قائمة حزب الغد,ocr,قائمة حزب الغد,قائمة حزب الغد,360,0.3,0.3,2,agree,116008,118606,81 82
قابس,30,agree,قائمة اتحاد شباب تونس,ocr,قائمة اتحاد شباب تونس,قائمة اتحــاد شبــاب تونس,333,0.28,0.28,2,agree,116008,118606,81 82
قابس,31,agree,قائمة التنمية أولا,ocr,قائمة التنمية أولا,قائمة التنمية أوال,331,0.28,0.28,2,agree,116008,118606,81 82
قابس,32,agree,قائمة الضمير,ocr,قائمة الضمير,قائمة الضمير,327,0.28,0.28,2,agree,116008,118606,81 82
قابس,33,agree,قائمة تونس العزيزة,ocr,قائمة تونس العزيزة,قائمة تونس العزيزة,322,0.27,0.27,2,agree,116008,118606,81 82
قابس,34,agree,قائمة القطب البيث بقابس,ocr,قائمة القطب البيث بقابس,قائمة القطب البيئي بقابس,310,0.26,0.26,2,agree,116008,118606,81 82
قابس,35,agree,قائمة حزب الأمان,ocr,قائمة حزب الأمان,قائمة حزب الأمان,303,0.26,0.26,2,agree,116008,118606,81 82
قابس,36,agree,قائمة العمل والتنمية العادلة,ocr,قائمة العمل والتنمية العادلة,قائمة العمل والتنمية العادلة,290,0.24,0.24,2,agree,116008,118606,81 82
قابس,37,agree,قائمة اتتلاف جبة قابس,ocr,قائمة اتتلاف جبة قابس,قائمة ائتالف جهة قابس,282,0.24,0.24,2,agree,116008,118606,81 82
قابس,38,agree,قائمة حزب صوت شعب تونس,ocr,قائمة حزب صوت شعب تونس,قائمة حزب صوت شعب تونس,276,0.23,0.23,2,agree,116008,118606,81 82
قابس,39,agree,قائمة الشعب يريد,ocr,قائمة الشعب يريد,قائمة الشعب يريد,274,0.23,0.23,2,agree,116008,118606,81 82
قابس,40,agree,قائمة اتحاد الشباب الديمقراطى التونسى,ocr,قائمة اتحاد الشباب الديمقراطى التونسى,قائمة اتحاد الشباب الديمقراطي التونسي,257,0.22,0.22,2,agree,116008,118606,81 82
قابس,41,agree,قائمة اتحاد القوى الشبابية,ocr,قائمة اتحاد القوى الشبابية,قائمة اتحاد القوى الشبابية,235,0.2,0.2,2,agree,116008,118606,81 82
قابس,42,agree,قائمة الأرض الطيبة,ocr,قائمة الأرض الطيبة,قائمة الأضر الطيـبة,208,0.18,0.18,2,agree,116008,118606,81 82
قابس,43,agree,قائمة حزب البناء الوطنى,ocr,قائمة حزب البناء الوطنى,قائمة حزب البناء الوطني,203,0.17,0.17,2,agree,116008,118606,81 82
قابس,44,agree,قائمة حزب اللقاء الدستورى,ocr,قائمة حزب اللقاء الدستوري,قائمة حـزب اللقاء ر الدستو ي,181,0.15,0.15,2,agree,116008,118606,81 82
قابس,45,agree,قائمة تيار النزاهة,ocr,قائمة تيار النزاهة,قائمة تيار النزاهة,157,0.13,0.13,2,agree,116008,118606,81 82
قابس,46,agree,قائمة حزب حركة الديمقراطيين الاجتماعيين,decision,قائمة حركة الديمقراطيين الاجتماعيين,قائمة حركة الديمقراطيين الاجتماعيين,137,0.12,0.12,2,agree,116008,118606,81 82
توزر,1,agree,قائمة حزب حركة النهضة,decision,قائمة حزب حركة الهضة,قائمة حزب حركة النهضة,10164,26.68,26.68,2,agree,37232,38089,83 84
توزر,2,agree,قائمة لمجد الجريد,decision,قائمة لمجد الجريد,قائمة ملجد الجريد,5111,13.42,13.42,2,agree,37232,38089,83 84
توزر,3,agree,قائمة حزب حركة نداء تونس,decision,,قائمة حركة نداء تونس,4845,12.72,12.72,2,agree,37232,38089,83 84
توزر,4,agree,قائمة حزب الاتحاد الوطني الحر,decision,قائمة حزب الاتحاد الوطني الحر,قائمة حزب الاتحاد الوطني الحر,1729,4.54,4.54,2,agree,37232,38089,83 84
توزر,5,agree,قائمة صوت الجريد,ocr,قائمة صوت الجريد,قائمة صوت الجريد,1619,4.25,4.25,2,agree,37232,38089,83 84
توزر,6,agree,قائمة الإرادة,ocr,قائمة الإرادة,قائمة الإادةر,1284,3.37,3.37,2,agree,37232,38089,83 84
توزر,7,agree,قائمة حزب التحالف الديمقراطي,decision,قائمة حزب التحالف الديمقراطى ‎١‏,قائمة حزب التحالف الديمقراطي,1278,3.36,3.36,2,agree,37232,38089,83 84
توزر,8,agree,قائمة الاتحاد من أجل تونس,ocr,قائمة الاتحاد من أجل تونس,قائمة الاتحاد من أجل تونس,1183,3.11,3.11,2,agree,37232,38089,83 84
توزر,9,agree,قائمة ولاء,ocr,قائمة ولاء,قائمة والء,1052,2.76,2.76,2,agree,37232,38089,83 84
توزر,10,agree,قائمة الصمود,ocr,قائمة الصمود,قائمة الصمود,1013,2.66,2.66,2,agree,37232,38089,83 84
توزر,11,agree,قائمة حزب المؤتمر من أجل الجمهورية,decision,قائمة حزب المؤتمرمن أجل الجمهورية 2,قائمة حزب المؤتمرمن أجل ر الجمهو ية,826,2.17,2.17,2,agree,37232,38089,83 84
توزر,12,agree,قائمة الحزب الجمهوري,decision,قائمة الحزب الجمهورى,قائمة الحزب ر الجمهو ي,602,1.58,1.58,2,agree,37232,38089,83 84
توزر,13,agree,قائمة شمس الجنوب,ocr,قائمة شمس الجنوب,قائمة شمس الجنوب,581,1.53,1.53,2,agree,37232,38089,83 84
توزر,14,agree,قائمة الجبهة الشعبية,decision,قائمة الجهة الشعبية,قائمة الجبهة الشعبية,511,1.34,1.34,2,agree,37232,38089,83 84
توزر,15,agree,قائمة حركة وفاء,ocr,قائمة حركة وفاء,قائمة حركة وفاء,439,1.15,1.15,2,agree,37232,38089,83 84
توزر,16,agree,قائمة حزب حركة الشعب,decision,قائمة حركة الشعب,قائمة حركة الشعب,400,1.05,1.05,2,agree,37232,38089,83 84
توزر,17,agree,قائمة العمل والأمل,ocr,قائمة العمل والأمل,قائمة العمل الأملو,355,0.93,0.93,2,agree,37232,38089,83 84
توزر,18,agree,قائمة تونس العزيزة,ocr,قائمة تونس العزيزة,قائمة تونس العزيزة,307,0.81,0.81,2,agree,37232,38089,83 84
توزر,19,agree,قائمة أمان,ocr,قائمة أمانة,قائمة أمانة,299,0.79,0.79,2,agree,37232,38089,83 84
توزر,20,agree,قائمة النخلة,ocr,قائمة النخلة,قائمة النخلة,295,0.77,0.77,2,agree,37232,38089,83 84
توزر,21,agree,قائمة حزب التيار الديمقراطي,decision,قائمة حزب التيار الديمقراطى,قائمة حزب التيارالديمقراطي,273,0.72,0.72,2,agree,37232,38089,83 84
توزر,22,agree,قائمة حزب التكتل,ocr,قائمة حزب التكتل,قائمة حزب التكتل,267,0.7,0.7,2,agree,37232,38089,83 84
توزر,23,agree,قائمة حزب الأمان,ocr,قائمة حزب الأمان,قائمة حزب الأمان,251,0.66,0.66,2,agree,37232,38089,83 84
توزر,24,agree,قائمة كلمة حق,ocr,قائمة كلمة حق,قائمة كلمة حق,219,0.57,0.57,2,agree,37232,38089,83 84
توزر,25,agree,قائمة الجريد,ocr,قائمة الجريد,قائمة الجريد,213,0.56,0.56,2,agree,37232,38089,83 84
توزر,26,agree,قائمة حزب آفاق تونس,decision,قائمة حزب أفاق تونس,قائمة حزب آفاق تونس,209,0.55,0.55,2,agree,37232,38089,83 84
توزر,27,agree,قائمة صحوة الجردد,ocr,قائمة صحوة الجردد,قائمة صحوة الجريد,192,0.5,0.5,2,agree,37232,38089,83 84
توزر,28,agree,قائمة تيار المحبة,decision,قائمة تيار المحبة,قائمة تياراملحبة,190,0.5,0.5,2,agree,37232,38089,83 84
توزر,29,agree,قائمة حركة الديمقراطيين الاشتراكيين,ocr,قائمة حركة الديمقراطيين الاشتراكيين ‏,قائمة حركة الديمقراطيين الاشتراكيين,167,0.44,0.44,2,agree,37232,38089,83 84
توزر,30,agree,قائمة حزب صوت شعب تونس,ocr,قائمة حزب صوت شعب تونس,قائمة حزب صوت شعب تونس,157,0.41,0.41,2,agree,37232,38089,83 84
توزر,31,agree,قائمة حزب الثقافة والعمل,ocr,قائمة حزب الثقافة والعمل,قائمة حزب الثقافة والعمل,144,0.38,0.38,2,agree,37232,38089,83 84
توزر,32,agree,قائمة أمن شامل لإنقاذ تونس,ocr,قائمة أمن شامل لإنقاذ تونس,قائمة أمن شامل إلنقاذ تونس,130,0.34,0.34,2,agree,37232,38089,83 84
توزر,33,agree,قائمة الحركة الديمقراطية للإصلاح والبناء,ocr,قائمة الحركة الديمقراطية للاصلاح والبناء,قائمة الحركة الديمقراطية للإصلاح والبناء,121,0.32,0.32,2,agree,37232,38089,83 84
توزر,34,agree,قائمة حزب الغد,ocr,قائمة حزب الغد,قائمة حزب الغد,109,0.29,0.29,2,agree,37232,38089,83 84
توزر,35,agree,|[ قائمة حركة الشباب الوطني التونسي ‏,ocr,|[ قائمة حركة الشباب الوطني التونسي ‏,قائمة حركة الشباب الوطني التونسي,108,0.28,0.28,2,agree,37232,38089,83 84
توزر,36,agree,قائمة حزب النور للديمقراطية والتنمية,ocr,قائمة حزب النور للديمقراطية والتنمية 2,قائمة حزب النور للديمقراطية والتنمية,104,0.27,0.27,2,agree,37232,38089,83 84
توزر,37,agree,قائمة الشعب يريد,ocr,قائمة الشعب يردد,قائمة الشعب يريد,101,0.27,0.27,2,agree,37232,38089,83 84
توزر,38,agree,قائمة العقل مفتاح التطور والنمو,ocr,قائمة العقل مفتاح التطور والنمو,قائمة العقل مفتاح التطور والنمو,93,0.24,0.24,2,agree,37232,38089,83 84
توزر,39,agree,قائمة حركة التونسي,ocr,قائمة حركة التونسي,قائمة حركة التونسي,82,0.22,0.22,2,agree,37232,38089,83 84
توزر,40,agree,قائمة جبهة الأحرار,ocr,قائمة جبهة الأحرار,قائمة جبهة الأحرار,79,0.21,0.21,2,agree,37232,38089,83 84
توزر,41,agree,قائمة العين الحمرا,ocr,قائمة العين الحمرا,قائمة العين الحمرا,73,0.19,0.19,2,agree,37232,38089,83 84
توزر,42,agree,قائمة اتحاد الشباب الديمقراطى التونسى,ocr,قائمة اتحاد الشباب الديمقراطي التونيبي,قائمة اتحاد الشباب الديمقراطي التونسي,57,0.15,0.15,2,agree,37232,38089,83 84
مدنين,1,agree,قائمة حزب حركة النهضة,decision,قائمة حزب حركة الهضة,قائمة حزب حركة النهضة,68795,54.12,54.12,2,agree,125007,127104,85 86
مدنين,2,agree,قائمة حزب حركة نداء تونس,decision,قائمة حركة نداء تونس,قائمة حركة نداء تونس,14334,11.28,11.28,2,agree,125007,127104,85 86
مدنين,3,agree,قائمة حزب المؤتمر من أجل الجمهورية,decision,قائمة حزب المؤتمر من أجل الجميورية,قائمة حزب المؤتمرمن أجل ر الجمهو ية,6305,4.96,4.96,2,agree,125007,127104,85 86
مدنين,4,agree,قائمة حزب حركة الشعب,decision,قائمة حركة الشعب,قائمة حركة الشعب,4686,3.69,3.69,2,agree,125007,127104,85 86
مدنين,5,agree,قائمة حزب الاتحاد الوطني الحر,decision,قائمة حزب الاتحاد الوطنى الحر,قائمة حزب الاتحاد الوطني الحر,4392,3.46,3.46,2,agree,125007,127104,85 86
مدنين,6,agree,قائمة حزب آفاق تونس,decision,قائمة حزب آفاق تونس,قائمة حزب آفاق تونس,3066,2.41,2.41,2,agree,125007,127104,85 86
مدنين,7,agree,قائمة حزب التحالف الديمقراطي,decision,قائمة حزب التحالف الديمقراطى,قائمة حزب التحالف الديمقراطي,3001,2.36,2.36,2,agree,125007,127104,85 86
مدنين,8,agree,قائمة الجبهة الشعبية,decision,قائمة الجهية الشعبية,قائمة الجبهة الشعبية,2788,2.19,2.19,2,agree,125007,127104,85 86
مدنين,9,agree,قائمة حماة الوطن,ocr,قائمة حماة الوطن,قائمة حماة الوطن,2535,1.99,1.99,2,agree,125007,127104,85 86
مدنين,10,agree,قائمة حزب المبادرة الوطنية الدستورية,ocr,قائمة حزب المبادرة الوطنية الدستورية,قائمة حزب ر المباد ة الوطنية ر الدستو ية,1736,1.37,1.37,2,agree,125007,127104,85 86
مدنين,11,agree,قائمة حزب التيار الديمقراطي,decision,قائمة حزب التيار الديمقراي,قائمة حزب التيارالديمقراطي,1617,1.27,1.27,2,agree,125007,127104,85 86
مدنين,12,agree,قائمة الاتحاد من أجل تونس,ocr,قائمة الاتحاد من أجل تونس,قائمة الاتحاد من أجل تونس,1443,1.14,1.14,2,agree,125007,127104,85 86
مدنين,13,agree,قائمة تيار المحبة,decision,قائمة تيار المحبة,قائمة تياراملحبة,1224,0.96,0.96,2,agree,125007,127104,85 86
مدنين,14,agree,قائمة الحزب الجمهوري,decision,قائمة الحزب الجمهورى,قائمة الحزب ر الجمهو ي,1193,0.94,0.94,2,agree,125007,127104,85 86
مدنين,15,agree,قائمة حركة وفاء,ocr,قائمة حركة وفاء,قائمة حركة وفاء,901,0.71,0.71,2,agree,125007,127104,85 86
مدنين,16,agree,قائمة حزب التكتل,ocr,قائمة حزب التكتل,قائمة حزب التكتل,852,0.67,0.67,2,agree,125007,127104,85 86
مدنين,17,agree,قائمة شباب مدنين,ocr,قائمة شباب مدنين,قائمة شباب مدنين,803,0.63,0.63,2,agree,125007,127104,85 86
مدنين,18,agree,قائمة الوحدة الوطنية المستقلة,ocr,قائمة الوحدة الوطنية المستقلة,قائمة الوحدة الوطنية المستقلة,576,0.45,0.45,2,agree,125007,127104,85 86
مدنين,19,agree,قائمة حزب البناء الوطنى,ocr,قائمة حزب البناء الوطنى,قائمة حزب البناء الوطني,503,0.4,0.4,2,agree,125007,127104,85 86
مدنين,20,agree,قائمة حزب الغد,ocr,قائمة حزب الغد,قائمة حزب الغد,430,0.34,0.34,2,agree,125007,127104,85 86
مدنين,21,agree,قائمة من أجل تحقيق سلطة الشعب,ocr,قائمة من أجل تحقيق سلطة الشعب,قائمة من أجل تحقيق سلطة الشعب,426,0.34,0.34,2,agree,125007,127104,85 86
مدنين,22,agree,قائمة حزب العدالة والتنمية,ocr,قائمة حزب العدالة والتنمية,قائمة حزب العدالة والتنمية,387,0.3,0.3,2,agree,125007,127104,85 86
مدنين,23,agree,قائمة حزب صوت شعب تونس,ocr,قائمة حزب صوت شعب تونس,قائمة حزب صوت شعب تونس,385,0.3,0.3,2,agree,125007,127104,85 86
مدنين,24,agree,قائمة حزب المجد,ocr,قائمة حزب المجد,قائمة حزب المجد,373,0.29,0.29,2,agree,125007,127104,85 86
مدنين,25,agree,قائمة تونس أقوى,ocr,قائمة تونس أقوى,قائمة تونس أقوى,309,0.24,0.24,2,agree,125007,127104,85 86
مدنين,26,agree,قائمة التآلف الوطنى,ocr,قائمة التآلف الوطنى,قائمة التآلف الوطني,273,0.21,0.21,2,agree,125007,127104,85 86
مدنين,27,agree,قائمة حزب الأمان,ocr,قائمة حزب الأمان,قائمة حزب الأمان,267,0.21,0.21,2,agree,125007,127104,85 86
مدنين,28,agree,قائمة حركة الديمقراطيين الاشتراكيين,ocr,قائمة حركة الديمقراطيين الاشتراكيين,قائمة حركة الديمقراطيين الاشتراكيين,249,0.2,0.2,2,agree,125007,127104,85 86
مدنين,29,agree,قائمة حزب الأصالة,ocr,قائمة حزب الأصالة,قائمة حزب الأصالة,244,0.19,0.19,2,agree,125007,127104,85 86
مدنين,30,agree,قائمة الشعب يريد,text-layer,,قائمة الشعب يريد,204,0.16,0.16,2,agree,125007,127104,85 86
مدنين,31,agree,قائمة حزب الانفتاح والوفاء,ocr,قائمة حزب الانفتاح والوفاء,قائمة حزب الانفتاح والوفاء,203,0.16,0.16,2,agree,125007,127104,85 86
مدنين,32,agree,قائمة حركة الدستوريون الأحرار,ocr,قائمة حركة الدستوريون الأحرار,قائمة حركة ر الدستو يون الأحرار,196,0.15,0.15,2,agree,125007,127104,85 86
مدنين,33,agree,قائمة اتحاد الشباب الديمقراطى التونسى,ocr,قائمة اتحاد الشباب الديمقراطى التونسى,قائمة اتحاد الشباب الديمقراطي التونسي,192,0.15,0.15,2,agree,125007,127104,85 86
مدنين,34,agree,قائمة الربيع العربي لتحقيق السيادة الاقتصادية,ocr,|[ قائمة الربيع العربي لتحقيق السيادة الاقتصادية ‏,قائمة الربيع العربي لتحقيق السيادة الاقتصادية,119,0.09,0.09,2,agree,125007,127104,85 86
تطاوين,1,agree,قائمة حزب حركة النهضة,decision,قائمة حزب حركة الهضة,قائمة حزب حركة النهضة,22770,63.9,63.9,1,agree,34810,35617,87 88
تطاوين,2,agree,قائمة حزب حركة نداء تونس,decision,قائمة حركة نداء تونس,قائمة حركة نداء تونس,2672,7.5,7.5,1,agree,34810,35617,87 88
تطاوين,3,agree,قائمة حزب الاتحاد الوطني الحر,decision,قائمة حزب الاتحاد الوطني الحر,قائمة حزب الاتحاد الوطني الحر,1284,3.6,3.6,1,agree,34810,35617,87 88
تطاوين,4,agree,قائمة حزب المؤتمر من أجل الجمهورية,decision,قائمة حزب المؤتمر من أجل الجمهورية,قائمة حزب المؤتمرمن أجل ر الجمهو ية,1270,3.6,3.6,1,agree,34810,35617,87 88
تطاوين,5,agree,قائمة الحزب الجمهوري,decision,قائمة الحزب الجمهورى,قائمة الحزب ر الجمهو ي,1000,2.8,2.8,1,agree,34810,35617,87 88
تطاوين,6,agree,قائمة عدالة وسلام,ocr,قائمة عدالة وسلام,قائمة عدالة وسالم,649,1.8,1.8,1,agree,34810,35617,87 88
تطاوين,7,agree,قائمة أوفياء,ocr,قائمة أوفياء,قائمة أوفياء,400,1.1,1.1,1,agree,34810,35617,87 88
تطاوين,8,agree,قائمة الثبات,ocr,قائمة الثبات,قائمة الثبات,398,1.1,1.1,1,agree,34810,35617,87 88
تطاوين,9,agree,قائمة حزب المبادرة,decision,قائمة حزب المبادرة,قائمة حزب ر المباد ة,389,1.1,1.1,1,agree,34810,35617,87 88
تطاوين,10,agree,قائمة حزب التيار الديمقراطي,decision,قائمة حزب التيار الديمقراطى,قائمة حزب التيارالديمقراطي,334,0.9,0.9,1,agree,34810,35617,87 88
تطاوين,11,agree,قائمة تونس العزيزة,ocr,قائمة تونس العزيزة,قائمة تونس العزيزة,326,0.9,0.9,1,agree,34810,35617,87 88
تطاوين,12,agree,قائمة حزب التكتل,ocr,قائمة حزب التكتل,قائمة حزب التكتل,282,0.8,0.8,1,agree,34810,35617,87 88
تطاوين,13,agree,قائمة حزب حركة الشعب,decision,قائمة حركة الشعب,قائمة حركة الشعب,280,0.8,0.8,1,agree,34810,35617,87 88
تطاوين,14,agree,قائمة الحركة الدستورية,ocr,قائمة الحركة الدستورية,قائمة الحركة ر الدستو ية,262,0.7,0.7,1,agree,34810,35617,87 88
تطاوين,15,agree,قائمة تيار المحبة,decision,قائمة تيار المحبة,قائمة تياراملحبة,236,0.7,0.7,1,agree,34810,35617,87 88
تطاوين,16,agree,قائمة حركة وفاء,ocr,قائمة حركة وفاء,قائمة حركة وفاء,232,0.7,0.7,1,agree,34810,35617,87 88
تطاوين,17,agree,قائمة الحربة,ocr,قائمة الحربة,قائمة الحرية,221,0.6,0.6,1,agree,34810,35617,87 88
تطاوين,18,agree,قائمة الجبهة الشعبية,decision,قائمة الجبهة الشعبية,قائمة الجبهة الشعبية,220,0.6,0.6,1,agree,34810,35617,87 88
تطاوين,19,agree,قائمة حزب الأمان,ocr,قائمة حزب الأمان,قائمة حزب الأمان,184,0.5,0.5,1,agree,34810,35617,87 88
تطاوين,20,agree,قائمة حزب التحالف الديمقراطي,decision,قائمة حزب التحالف الديمقراطي,قائمة حزب التحالف الديمقراطي,181,0.5,0.5,1,agree,34810,35617,87 88
تطاوين,21,agree,قائمة حركة التونسي,ocr,قائمة حركة التونبي,قائمة حركة التونسي,173,0.5,0.5,1,agree,34810,35617,87 88
تطاوين,22,agree,قائمة الشعب يريد,ocr,قائمة الشعب يريد,قائمة الشعب يريد,141,0.4,0.4,1,agree,34810,35617,87 88
تطاوين,23,agree,قائمة حزب البناء الوطنى,ocr,قائمة حزب البناء الوطنى,قائمة حزب البناء الوطني,122,0.3,0.3,1,agree,34810,35617,87 88
تطاوين,24,agree,قائمة الإنصاف,ocr,قائمة الإنصاف,قائمة الإنصاف,121,0.3,0.3,1,agree,34810,35617,87 88
تطاوين,25,agree,قائمة حزب العدالة والتنمية,ocr,قائمة حزب العدالة والتنمية,قائمة حزب العدالة والتنمية,115,0.3,0.3,1,agree,34810,35617,87 88
تطاوين,26,agree,قائمة حركة الوحدوبين الأحرار,ocr,قائمة حركة الوحدوبين الأحرار,قائمة حركة الوحدويين الأحرار,115,0.3,0.3,1,agree,34810,35617,87 88
تطاوين,27,agree,قائمة حزب العمل التونيسى,ocr,قائمة حزب العمل التونيسى,قائمة حزب العمل التونسي,108,0.3,0.3,1,agree,34810,35617,87 88
تطاوين,28,agree,قائمة حركة الديمقراطيين الاشتراكيين,ocr,قائمة حركة الديمقراطيين الاشتراكيين,قائمة حركة الديمقراطيين الاشتراكيين,94,0.3,0.3,1,agree,34810,35617,87 88
تطاوين,29,agree,قائمة حزب صوت شعب تونس,ocr,قائمة حزب صوت شعب تونس,قائمة حزب صوت شعب تونس,84,0.2,0.2,1,agree,34810,35617,87 88
تطاوين,30,agree,قائمة حزب الجبهة الوطنية التونسية,ocr,قائمة حزب الجههة الوطنية التونسية,قائمة حزب الجبهة الوطنية التونسية,77,0.2,0.2,1,agree,34810,35617,87 88
تطاوين,31,agree,قائمة حزب المجد,ocr,قائمة حزب المجد,قائمة حزب المجد,70,0.2,0.2,1,agree,34810,35617,87 88
فرنسا 1,1,agree,قائمة حزب حركة نداء تونس,decision,قائمة حركة نداء تونس,قائمة حركة نداء تونس,15406,39.27,39.27,2,agree,39021,39233,89
فرنسا 1,2,agree,قائمة حزب حركة النهضة,decision,قائمة حزب حركة الهضة,قائمة حزب حركة النهضة,11533,29.4,29.4,2,agree,39021,39233,89
فرنسا 1,3,agree,قائمة حزب آفاق تونس,decision,قائمة حزب آفاق تونس,قائمة حزب آفاق تونس,2246,5.72,5.72,2,agree,39021,39233,89
فرنسا 1,4,agree,قائمة حزب المؤتمر من أجل الجمهورية,decision,|[ قائمة حزب المؤتمرمن أجل الجمبورية 2,قائمة حزب المؤتمرمن أجل ر الجمهو ية,2166,5.52,5.52,2,agree,39021,39233,89
فرنسا 1,5,agree,قائمة الجبهة الشعبية,decision,قائمة الجهة الشعبية,قائمة الجبهة الشعبية,1691,4.31,4.31,2,agree,39021,39233,89
فرنسا 1,6,agree,قائمة الاتحاد من أجل تونس,ocr,قائمة الاتحاد من أجل تونس,قائمة الاتحاد من أجل تونس,1400,3.57,3.57,2,agree,39021,39233,89
فرنسا 1,7,agree,قائمة الحزب الجمهوري,decision,قائمة الحزب الجمبوري,قائمة الحزب ر الجمهو ي,845,2.15,2.15,2,agree,39021,39233,89
فرنسا 1,8,agree,قائمة حزب التيار الديمقراطي,decision,قائمة حزب التيار الديمقراطي,قائمة حزب التيارالديمقراطي,790,2.01,2.01,2,agree,39021,39233,89
فرنسا 1,9,agree,قائمة حزب التكتل,ocr,قائمة حزب التكتل,قائمة حزب التكتل,616,1.57,1.57,2,agree,39021,39233,89
فرنسا 1,10,agree,قائمة حزب التحالف الديمقراطي,decision,قائمة حزب التحالف الديمقراطى,قائمة حزب التحالف الديمقراطي,533,1.36,1.36,2,agree,39021,39233,89
فرنسا 1,11,agree,قائمة حزب الاتحاد الوطني الحر,decision,قائمة حزب الاتحاد الوطني الحر,قائمة حزب الاتحاد الوطني الحر,375,0.96,0.96,2,agree,39021,39233,89
فرنسا 1,12,agree,قائمة حزب حركة الشعب,decision,قائمة حركة الشعب,قائمة حركة الشعب,312,0.8,0.8,2,agree,39021,39233,89
فرنسا 1,13,agree,قائمة حركة وفاء,ocr,قائمة حركة وفاء,قائمة حركة وفاء,312,0.8,0.8,2,agree,39021,39233,89
فرنسا 1,14,agree,قائمة حزب المبادرة,decision,قائمة حزب المبادرة,قائمة حزب ر المباد ة,280,0.71,0.71,2,agree,39021,39233,89
فرنسا 1,15,agree,القائمة الدستورية الموحدة,ocr,القائمة الدستورية الموحدة,القائمة ر الدستو ية الموحدة,134,0.34,0.34,2,agree,39021,39233,89
فرنسا 1,16,agree,قائمة تيار المحبة,decision,قائمة تيار المحبة,قائمة تياراملحبة,121,0.31,0.31,2,agree,39021,39233,89
فرنسا 1,17,agree,قائمة الربيع لتحقيق السيادة الاقتصادية,ocr,قائمة الربيع لتحقيق السيادة الاقتصادية,قائمة الربيع لتحقيق السيادة الاقتصادية,109,0.28,0.28,2,agree,39021,39233,89
فرنسا 1,18,agree,|[ قائمة اليقظة العربية من أجل الوحدة ‏,ocr,|[ قائمة اليقظة العربية من أجل الوحدة ‏,قائمة اليقظة العربية من أجل الوحدة,76,0.19,0.19,2,agree,39021,39233,89
فرنسا 1,19,agree,قائمة حزب حركة التونسي,ocr,قائمة حزب حركة التونسي,قائمة حزب حركة التونسي,76,0.19,0.19,2,agree,39021,39233,89
فرنسا 2,1,agree,قائمة حزب حركة نداء تونس,decision,قائمة حركة نداء تونس,قائمة حركة نداء تونس,12987,41.66,41.66,2,agree,30852,31174,90
فرنسا 2,2,agree,قائمة حزب حركة النهضة,decision,قائمة حزب حركة الهضة,قائمة حزب حركة النهضة,8134,26.09,26.09,2,agree,30852,31174,90
فرنسا 2,3,agree,قائمة نداء التونسيين بالخارج,decision,قائمة نداء التونسيين بالخارج,قائمة نداء التونسيين بالخارج,1814,5.82,5.82,2,agree,30852,31174,90
فرنسا 2,4,agree,قائمة حزب المؤتمر من أجل الجمهورية,decision,|[ قائمة حزب المؤتمرمن أجل الجمهورية ‎١‏,قائمة حزب المؤتمرمن أجل ر الجمهو ية,1271,4.08,4.08,2,agree,30852,31174,90
فرنسا 2,5,agree,قائمة الجبهة الشعبية,decision,قائمة الجبهة الشعبية,قائمة الجبهة الشعبية,1206,3.87,3.87,2,agree,30852,31174,90
فرنسا 2,6,agree,قائمة حزب آفاق تونس,decision,قائمة حزب آفاق تونس,قائمة حزب آفاق تونس,812,2.6,2.6,2,agree,30852,31174,90
فرنسا 2,7,agree,قائمة الاتحاد من أجل تونس,ocr,قائمة الاتحاد من أجل تونس,قائمة الاتحاد من أجل تونس,600,1.92,1.92,2,agree,30852,31174,90
فرنسا 2,8,agree,قائمة حزب التيار الديمقراطي,decision,قائمة حزب التيار الديمقراطي,قائمة حزب التيارالديمقراطي,527,1.69,1.69,2,agree,30852,31174,90
فرنسا 2,9,agree,قائمة حزب الاتحاد الوطني الحر,decision,قائمة حزب الاتحاد الوطني الحر,قائمة حزب الاتحاد الوطني الحر,518,1.66,1.66,2,agree,30852,31174,90
فرنسا 2,10,agree,قائمة حزب التكتل,ocr,قائمة حزب التكتل,قائمة حزب التكتل,442,1.42,1.42,2,agree,30852,31174,90
فرنسا 2,11,agree,قائمة حزب حركة الشعب,decision,قائمة حركة الشعب,قائمة حركة الشعب,382,1.23,1.23,2,agree,30852,31174,90
فرنسا 2,12,agree,قائمة المماجرون,ocr,قائمة المماجرون,قائمة و المهاجر ن,372,1.19,1.19,2,agree,30852,31174,90
فرنسا 2,13,agree,قائمة حزب التحالف الديمقراطي,decision,قائمة حزب التحالف الديمقراطي,قائمة حزب التحالف الديمقراطي,348,1.12,1.12,2,agree,30852,31174,90
فرنسا 2,14,agree,قائمة حزب المبادرة,decision,قائمة حزب المبادرة,قائمة حزب المبا ردة,344,1.1,1.1,2,agree,30852,31174,90
فرنسا 2,15,agree,قائمة حركة وفاء,ocr,قائمة حركة وفاء,قائمة حركة وفاء,261,0.84,0.84,2,agree,30852,31174,90
فرنسا 2,16,agree,قائمة تيار المحبة,decision,قائمة تيار المحبة,قائمة تياراملحبة,235,0.75,0.75,2,agree,30852,31174,90
فرنسا 2,17,agree,القائمة الشعبية المستقلة,ocr,القائمة الشعبية المستقلة,القائمة الشعبية المستقلة,229,0.73,0.73,2,agree,30852,31174,90
فرنسا 2,18,agree,قائمة حزب العريضة الشعبية,ocr,قائمة حزب العريضة الشعبية,قائمة حزب العريضة الشعبية,212,0.68,0.68,2,agree,30852,31174,90
فرنسا 2,19,agree,قائمة الحركة الدستورية,ocr,قائمة الحركة الدستورية,قائمة الحركة ر الدستو ية,158,0.51,0.51,2,agree,30852,31174,90
إيطاليا,1,agree,قائمة حزب حركة النهضة,decision,قائمة حزب حركة الهضة,قائمة حزب حركة النهضة,2975,41.54,41.54,2,agree,7115,7162,91
إيطاليا,2,agree,قائمة حزب حركة نداء تونس,decision,قائمة حركة نداء تونس,قائمة حركة نداء تونس,2147,29.98,29.98,2,agree,7115,7162,91
إيطاليا,3,agree,قائمة الجبهة الشعبية,decision,قائمة الجهة الشعبية,قائمة الجبهة الشعبية,337,4.71,4.71,2,agree,7115,7162,91
إيطاليا,4,agree,قائمة حزب المؤتمر من أجل الجمهورية,decision,قائمة حزب المؤتمرمن أجل الجمهورية,قائمة حزب المؤتمرمن أجل ر الجمهو ية,210,2.93,2.93,2,agree,7115,7162,91
إيطاليا,5,agree,قائمة الحزب الجمهوري,decision,قائمة الحزب الجمهورى,قائمة الحزب ر الجمهو ي,201,2.81,2.81,2,agree,7115,7162,91
إيطاليا,6,agree,قائمة صوت المهاجر,ocr,قائمة صوت المهاجر,قائمة صوت المهاجر,197,2.75,2.75,2,agree,7115,7162,91
إيطاليا,7,agree,قائمة الاتحاد من أجل تونس,ocr,قائمة الاتحاد من أجل تونس,قائمة الاتحاد من أجل تونس,196,2.74,2.74,2,agree,7115,7162,91
إيطاليا,8,agree,قائمة حزب الاتحاد الوطني الحر,decision,قائمة حزب الاتحاد الوطني الحر,قائمة حزب الاتحاد الوطني الحر,179,2.5,2.5,2,agree,7115,7162,91
إيطاليا,9,agree,قائمة تيار المحبة,decision,قائمة تيار المحبة,قائمة تياراملحبة,132,1.84,1.84,2,agree,7115,7162,91
إيطاليا,10,agree,قائمة حزب التكتل,ocr,قائمة حزب التكتل,قائمة حزب التكتل,90,1.26,1.26,2,agree,7115,7162,91
إيطاليا,11,agree,قائمة الزيتونة الخضراء,ocr,قائمة الزيتونة الخضراء,قائمة الزيتونة الخضراء,86,1.2,1.2,2,agree,7115,7162,91
إيطاليا,12,agree,قائمة حزب التحالف الديمقراطي,decision,قائمة حزب التحالف الديمقراض,قائمة حزب التحالف الديمقراطي,83,1.16,1.16,2,agree,7115,7162,91
إيطاليا,13,agree,قائمة حركة وفاء,ocr,قائمة حركة وفاء,قائمة حركة وفاء,81,1.13,1.13,2,agree,7115,7162,91
إيطاليا,14,agree,قائمة حزب الغد,ocr,قائمة حزب الغد,قائمة حزب الغد,73,1.02,1.02,2,agree,7115,7162,91
إيطاليا,15,agree,قائمة الجبهة الوطنية للإنقاذ,decision,قائمة الجهة الوطنية للإنقاذ,قائمة الجبهة الوطنية لإلنقاذ,43,0.6,0.6,2,agree,7115,7162,91
إيطاليا,16,agree,قائمة النصر,ocr,قائمة النصر,قائمة النصر,36,0.5,0.5,2,agree,7115,7162,91
إيطاليا,17,agree,قائمة حزب الأمان,ocr,قائمة حزب الأمان,قائمة حزب الأمان,28,0.39,0.39,2,agree,7115,7162,91
إيطاليا,18,agree,قائمة الربيع العربي لتحقيق السيادة الاقتصادية,ocr,قائمة الربيع العربي لتحقيق السيادة الاقتصادية,قائمة الربيع العربي لتحقيق السيادة الاقتصادية,21,0.29,0.29,2,agree,7115,7162,91
ألمانيا,1,agree,قائمة حزب حركة نداء تونس,decision,قائمة حركة نداء تونس,قائمة حركة نداء تونس,3013,40.68,40.68,2,agree,7358,7407,92
ألمانيا,2,agree,قائمة حزب حركة النهضة,decision,قائمة حزب حركة الهضة,قائمة حزب حركة النهضة,2643,35.68,35.68,2,agree,7358,7407,92
ألمانيا,3,agree,قائمة حزب المؤتمر من أجل الجمهورية,decision,قائمة حزب المؤتمرمن أجل الجمبورية 2,قائمة حزب المؤتمرمن أجل ر الجمهو ية,498,6.72,6.72,2,agree,7358,7407,92
ألمانيا,4,agree,قائمة الجبهة الشعبية,decision,قائمة الجبهية الشعبية,قائمة الجبهة الشعبية,407,5.49,5.49,2,agree,7358,7407,92
ألمانيا,5,agree,قائمة الحزب الجمهوري,decision,قائمة الحزب الجمبوري,قائمة الحزب ر الجمهو ي,252,3.4,3.4,2,agree,7358,7407,92
ألمانيا,6,agree,قائمة حزب الاتحاد الوطني الحر,decision,قائمة الاتحاد الوطني الحر,قائمة الاتحاد الوطني الحر,143,1.93,1.93,2,agree,7358,7407,92
ألمانيا,7,agree,قائمة حزب التكتل,ocr,قائمة حزب التكتل,قائمة حزب التكتل,140,1.89,1.89,2,agree,7358,7407,92
ألمانيا,8,agree,قائمة حزب المبادرة,decision,قائمة حزب المبادرة,قائمة حزب ر المباد ة,111,1.5,1.5,2,agree,7358,7407,92
ألمانيا,9,agree,قائمة تيار المحبة,decision,قائمة تيار المحبة,قائمة تياراملحبة,48,0.65,0.65,2,agree,7358,7407,92
ألمانيا,10,agree,قائمة التآلف الوحدوي الديمقراطى 2,ocr,قائمة التآلف الوحدوي الديمقراطى 2,قائمة التآلف الوحدوي الديمقراطي,38,0.51,0.51,2,agree,7358,7407,92
ألمانيا,11,agree,قائمة حزب حركة التونسي,ocr,قائمة حزب حركة التونسي,قائمة حزب حركة التونسي,33,0.45,0.45,2,agree,7358,7407,92
ألمانيا,12,agree,قائمة التحدى والعمل,ocr,قائمة التحدى والعمل,قائمة التحدي والعمل,17,0.23,0.23,2,agree,7358,7407,92
ألمانيا,13,agree,قائمة السلام والازدهار,ocr,قائمة السلام والازدهار,قائمة السالم ز والا دهار,15,0.2,0.2,2,agree,7358,7407,92
القارة الأمريكية وبقية الدول الأوروبية,1,agree,قائمة حزب حركة نداء تونس,decision,قائمة حركة نداء تونس,قائمة حركة نداء تونس,7068,45.17,45.17,2,agree,15623,15648,93
القارة الأمريكية وبقية الدول الأوروبية,2,agree,قائمة حزب حركة النهضة,decision,قائمة حزب حركة الهضة,قائمة حزب حركة النهضة,4336,27.71,27.71,2,agree,15623,15648,93
القارة الأمريكية وبقية الدول الأوروبية,3,agree,قائمة حزب آفاق تونس,decision,قائمة حزب أفاق تونس,قائمة حزب آفاق تونس,859,5.49,5.49,2,agree,15623,15648,93
القارة الأمريكية وبقية الدول الأوروبية,4,agree,قائمة حزب المؤتمر من أجل الجمهورية,decision,قائمة حزب المؤتمرمن أجل الجمهورية,قائمة حزب المؤتمرمن أجل ر الجمهو ية,801,5.12,5.12,2,agree,15623,15648,93
القارة الأمريكية وبقية الدول الأوروبية,5,agree,قائمة الجبهة الشعبية,decision,قائمة الجهة الشعبية,قائمة الجبهة الشعبية,783,5.0,5.0,2,agree,15623,15648,93
القارة الأمريكية وبقية الدول الأوروبية,6,agree,قائمة حزب التيار الديمقراطي,decision,|[ قائمة حزب التيارالديمقراطى 2,قائمة حزب التيارالديمقراطي,558,3.57,3.57,2,agree,15623,15648,93
القارة الأمريكية وبقية الدول الأوروبية,7,agree,"||"" قائمة الاتحاد من أجل تونس ‎١‏",ocr,"||"" قائمة الاتحاد من أجل تونس ‎١‏",قائمة الاتحاد من أجل تونس,283,1.81,1.81,2,agree,15623,15648,93
القارة الأمريكية وبقية الدول الأوروبية,8,agree,قائمة حركة وفاء,ocr,قائمة حركة وفاء,قائمة حركة وفاء,235,1.5,1.5,2,agree,15623,15648,93
القارة الأمريكية وبقية الدول الأوروبية,9,agree,قائمة حزب التكتل,ocr,قائمة حزب التكتل,قائمة حزب التكتل,229,1.46,1.46,2,agree,15623,15648,93
القارة الأمريكية وبقية الدول الأوروبية,10,agree,قائمة حزب الاتحاد الوطني الحر,decision,|[ قائمة حزب الاتحاد الوطني الحر ‏,قائمة حزب الاتحاد الوطني الحر,174,1.11,1.11,2,agree,15623,15648,93
القارة الأمريكية وبقية الدول الأوروبية,11,agree,قائمة حزب المبادرة,decision,,قائمة حزب ر المباد ة,137,0.88,0.88,2,agree,15623,15648,93
القارة الأمريكية وبقية الدول الأوروبية,12,agree,قائمة تيار المحبة,decision,قائمة تيار المحبة,قائمة تياراملحبة,58,0.37,0.37,2,agree,15623,15648,93
القارة الأمريكية وبقية الدول الأوروبية,13,agree,قائمة حركة اتحاد تونس,ocr,قائمة حركة اتحاد تونس,قائمة حركة اتحاد تونس,54,0.35,0.35,2,agree,15623,15648,93
القارة الأمريكية وبقية الدول الأوروبية,14,agree,قائمة حزب الأمان,ocr,قائمة حزب الأمان,قائمة حزب الأمان,48,0.31,0.31,2,agree,15623,15648,93
الدول العربية وباقي دول العالم,1,agree,قائمة حزب حركة نداء تونس,decision,قائمة حركة نداء تونس,قائمة حركة نداء تونس,4451,36.61,36.61,2,agree,12022,12158,94
الدول العربية وباقي دول العالم,2,agree,قائمة حزب حركة النهضة,decision,قائمة حزب حركة الهضة,قائمة حزب حركة النهضة,4333,35.64,35.64,2,agree,12022,12158,94
الدول العربية وباقي دول العالم,3,agree,قائمة حزب المؤتمر من أجل الجمهورية,decision,قائمة حزب المؤتمر من أجل الجمهورية,قائمة حزب المؤتمرمن أجل ر الجمهو ية,723,5.95,5.95,2,agree,12022,12158,94
الدول العربية وباقي دول العالم,4,agree,قائمة حزب التيار الديمقراطي,decision,قائمة حزب التيار الديمقراطي,قائمة حزب التيارالديمقراطي,563,4.63,4.63,2,agree,12022,12158,94
الدول العربية وباقي دول العالم,5,agree,قائمة حزب آفاق تونس,decision,قائمة حزب آفاق تونس,قائمة حزب آفاق تونس,504,4.15,4.15,2,agree,12022,12158,94
الدول العربية وباقي دول العالم,6,agree,قائمة الحزب الجمهوري,decision,قائمة الحزب الجميورى,قائمة الحزب ر الجمهو ي,363,2.99,2.99,2,agree,12022,12158,94
الدول العربية وباقي دول العالم,7,agree,قائمة حزب الاتحاد الوطني الحر,decision,قائمة حزب الاتحاد الوطنى الحر,قائمة حزب الاتحاد الوطني الحر,223,1.83,1.83,2,agree,12022,12158,94
الدول العربية وباقي دول العالم,8,agree,قائمة الاتحاد من أجل تونس,ocr,قائمة الاتحاد من أجل تونس,قائمة الاتحاد من أجل تونس,221,1.82,1.82,2,agree,12022,12158,94
الدول العربية وباقي دول العالم,9,agree,قائمة حزب التحالف الديمقراطي,decision,قائمة حزب التحالف الديمقراض,قائمة حزب التحالف الديمقراطي,201,1.65,1.65,2,agree,12022,12158,94
الدول العربية وباقي دول العالم,10,agree,قائمة حركة وفاء,ocr,قائمة حركة وفاء,قائمة حركة وفاء,160,1.32,1.32,2,agree,12022,12158,94
الدول العربية وباقي دول العالم,11,agree,قائمة حزب التكتل,ocr,قائمة حزب التكتل,قائمة حزب التكتل,127,1.04,1.04,2,agree,12022,12158,94
الدول العربية وباقي دول العالم,12,agree,قائمة تيار المحبة,decision,قائمة تيار المحبة,قائمة تياراملحبة,73,0.6,0.6,2,agree,12022,12158,94
الدول العربية وباقي دول العالم,13,agree,قائمة حزب المبادرة,decision,,قائمة حزب الريادة,50,0.41,0.41,2,agree,12022,12158,94
الدول العربية وباقي دول العالم,14,agree,قائمة الوطن العربى,ocr,قائمة الوطن العربى,قائمة الوطن العربي,30,0.25,0.25,2,agree,12022,12158,94
