governorate,delegation,constituency,candidate,votes,vote_source,votes_digits_ocr,votes_words_ocr,year,source_file,drive_id
الكاف,الجريصه,,ليلي سبيعي,205,agree,205,مايتان وخمسه,2023,قرار الهيئة لمعتمدية الجريصة__58__الكاف.PDF,178do27HT8i4YGX1yFzLTbNNQLxQHiUao
الكاف,الجريصه,"الجريصه الشماليه,",شاديه الحسناوي,57,words-only,,سبعهوخمسون,2023,قرار الهيئة لمعتمدية الجريصة__58__الكاف.PDF,178do27HT8i4YGX1yFzLTbNNQLxQHiUao
الكاف,الجريصه,"الجريصه الشماليه,",لطفي قرطاس,120,words-only,,مايه وعشرون,2023,قرار الهيئة لمعتمدية الجريصة__58__الكاف.PDF,178do27HT8i4YGX1yFzLTbNNQLxQHiUao
الكاف,الجريصه,"الجريصه الشماليه,",مريم برهوميه,38,words-only,,ثمانيه وثلاثون,2023,قرار الهيئة لمعتمدية الجريصة__58__الكاف.PDF,178do27HT8i4YGX1yFzLTbNNQLxQHiUao
الكاف,الجريصه,"الجريصه المركزيه,",احمد طاهري,145,agree,145,مايه وخمسه واربعون,2023,قرار الهيئة لمعتمدية الجريصة__58__الكاف.PDF,178do27HT8i4YGX1yFzLTbNNQLxQHiUao
الكاف,الجريصه,"الجريصه المركزيه,",قيس مشلاوي,52,agree,52,اثنان وخمسون,2023,قرار الهيئة لمعتمدية الجريصة__58__الكاف.PDF,178do27HT8i4YGX1yFzLTbNNQLxQHiUao
الكاف,الجريصه,"الجريصه المركزيه,",جلال خمامي,50,agree,50,خمسون,2023,قرار الهيئة لمعتمدية الجريصة__58__الكاف.PDF,178do27HT8i4YGX1yFzLTbNNQLxQHiUao
الكاف,الجريصه,فج التمرء تصرح البييه,زعره حيدري,103,agree,103,مايه وثلاثه,2023,قرار الهيئة لمعتمدية الجريصة__58__الكاف.PDF,178do27HT8i4YGX1yFzLTbNNQLxQHiUao
الكاف,الجريصه,فج التمرء تصرح البييه,حاتم علوي,154,agree,154,مايه واربعه وخمسون,2023,قرار الهيئة لمعتمدية الجريصة__58__الكاف.PDF,178do27HT8i4YGX1yFzLTbNNQLxQHiUao
الكاف,الدهماني,ابه,فراس قيزاني,174,agree,174,مايه واربعه وسبعون,2023,قرار الهيئة لمعتمدية الدهماني__59__الكاف.PDF,1xtjadNB1gjTtcLgS1jsH4wBWk4rPTtF1
الكاف,الدهماني,ابه,ماجد التابعي,130,agree,130,مايه وثلاثون,2023,قرار الهيئة لمعتمدية الدهماني__59__الكاف.PDF,1xtjadNB1gjTtcLgS1jsH4wBWk4rPTtF1
الكاف,الدهماني,الدهماني الشماليه,"ياسر فريجي مايتاه,وكمسهوستون",265,digits-only,265,,2023,قرار الهيئة لمعتمدية الدهماني__59__الكاف.PDF,1xtjadNB1gjTtcLgS1jsH4wBWk4rPTtF1
الكاف,الدهماني,الدهماني الشماليه,فايزه الضبايبي,168,agree,168,مايه وثمانيه وستون,2023,قرار الهيئة لمعتمدية الدهماني__59__الكاف.PDF,1xtjadNB1gjTtcLgS1jsH4wBWk4rPTtF1
الكاف,الدهماني,الدهماني الشماليه,معز مرايجي,66,agree,66,ستهوستون,2023,قرار الهيئة لمعتمدية الدهماني__59__الكاف.PDF,1xtjadNB1gjTtcLgS1jsH4wBWk4rPTtF1
الكاف,الدهماني,الدهماني الشماليه,الصحبي الشابي,79,agree,79,تسعه وسبعون,2023,قرار الهيئة لمعتمدية الدهماني__59__الكاف.PDF,1xtjadNB1gjTtcLgS1jsH4wBWk4rPTtF1
الكاف,الدهماني,الدهماني الشماليه,لطفي الاينوبلي,115,agree,115,مايه وخمسه عشر,2023,قرار الهيئة لمعتمدية الدهماني__59__الكاف.PDF,1xtjadNB1gjTtcLgS1jsH4wBWk4rPTtF1
الكاف,الدهماني,الدهماني,دلال اللموثي,330,agree,330,ثلاثمايه وثلاثون,2023,قرار الهيئة لمعتمدية الدهماني__59__الكاف.PDF,1xtjadNB1gjTtcLgS1jsH4wBWk4rPTtF1
الكاف,الدهماني,الدهماني,احمد سلطاني,220,agree,220,مايتان وعشرون,2023,قرار الهيئة لمعتمدية الدهماني__59__الكاف.PDF,1xtjadNB1gjTtcLgS1jsH4wBWk4rPTtF1
الكاف,الدهماني,الزوارين يتقدم الها,عبدالواحد عيساوي,311,agree,311,ثلاثمايه واحد عشره,2023,قرار الهيئة لمعتمدية الدهماني__59__الكاف.PDF,1xtjadNB1gjTtcLgS1jsH4wBWk4rPTtF1
الكاف,الدهماني,الزوارين يتقدم الها,عمر العبيدي,122,agree,122,مايه واثنان وعشرون,2023,قرار الهيئة لمعتمدية الدهماني__59__الكاف.PDF,1xtjadNB1gjTtcLgS1jsH4wBWk4rPTtF1
الكاف,الدهماني,الزوارين يتقدم الها,يوسف بوعرس,134,agree,134,مايه واربعه وثلاثون,2023,قرار الهيئة لمعتمدية الدهماني__59__الكاف.PDF,1xtjadNB1gjTtcLgS1jsH4wBWk4rPTtF1
الكاف,الدهماني,المدينه - (الدهماني),صلاح المعشاوي,50,agree,50,خمسون,2023,قرار الهيئة لمعتمدية الدهماني__59__الكاف.PDF,1xtjadNB1gjTtcLgS1jsH4wBWk4rPTtF1
الكاف,الدهماني,ثرمده يتقدم الها,امل العياري,93,digits-wrong,53,ثلاثه وتسعون,2023,قرار الهيئة لمعتمدية الدهماني__59__الكاف.PDF,1xtjadNB1gjTtcLgS1jsH4wBWk4rPTtF1
الكاف,الدهماني,ثرمده يتقدم الها,علي الماجري ‎1‏,20,agree,20,عشرون,2023,قرار الهيئة لمعتمدية الدهماني__59__الكاف.PDF,1xtjadNB1gjTtcLgS1jsH4wBWk4rPTtF1
الكاف,الدهماني,ثرمده يتقدم الها,فوزي العياري,60,agree,60,ستون,2023,قرار الهيئة لمعتمدية الدهماني__59__الكاف.PDF,1xtjadNB1gjTtcLgS1jsH4wBWk4rPTtF1
الكاف,الدهماني,ثرمده يتقدم الها,عمر العياري,64,agree,64,اربعه وستون,2023,قرار الهيئة لمعتمدية الدهماني__59__الكاف.PDF,1xtjadNB1gjTtcLgS1jsH4wBWk4rPTtF1
الكاف,الدهماني,سيدي بركات الشماليه,محمدعلي السعيدي,120,agree,120,مايه وعشرون,2023,قرار الهيئة لمعتمدية الدهماني__59__الكاف.PDF,1xtjadNB1gjTtcLgS1jsH4wBWk4rPTtF1
الكاف,الدهماني,سيدي بركات,زياد الحسناوي,163,agree,163,مايه وثلاثه وستون,2023,قرار الهيئة لمعتمدية الدهماني__59__الكاف.PDF,1xtjadNB1gjTtcLgS1jsH4wBWk4rPTtF1
الكاف,الدهماني,سيدي بركات,مروان المعروي,105,agree,105,مايه وخمسه,2023,قرار الهيئة لمعتمدية الدهماني__59__الكاف.PDF,1xtjadNB1gjTtcLgS1jsH4wBWk4rPTtF1
الكاف,الدهماني,"عبيده - (الدهماني),",مختار الزياني. ماثهوخمسه,90,digits-wrong,105,وتسعون,2023,قرار الهيئة لمعتمدية الدهماني__59__الكاف.PDF,1xtjadNB1gjTtcLgS1jsH4wBWk4rPTtF1
الكاف,الدهماني,"عبيده - (الدهماني),",سوار الشارني,80,digits-wrong,50,ثمانون,2023,قرار الهيئة لمعتمدية الدهماني__59__الكاف.PDF,1xtjadNB1gjTtcLgS1jsH4wBWk4rPTtF1
الكاف,السرس,الابار,سهيل عقبي,123,agree,123,مايه وثلاثه وعشرون,2023,قرار الهيئة لمعتمدية السرس__60__الكاف.PDF,1M5fSb2ENuoVi_fBnJwJo1fMfjBtC2o65
الكاف,السرس,الابار,شاكر الرزقي اثنا,10,digits-wrong,12,عشره,2023,قرار الهيئة لمعتمدية السرس__60__الكاف.PDF,1M5fSb2ENuoVi_fBnJwJo1fMfjBtC2o65
الكاف,السرس,الابار,سيفالدين العياري,9,agree,9,تسعه,2023,قرار الهيئة لمعتمدية السرس__60__الكاف.PDF,1M5fSb2ENuoVi_fBnJwJo1fMfjBtC2o65
الكاف,السرس,"الابار الشرقيه, تصرح",هشام العلوي,129,agree,129,مايه وتسعه وعشرون,2023,قرار الهيئة لمعتمدية السرس__60__الكاف.PDF,1M5fSb2ENuoVi_fBnJwJo1fMfjBtC2o65
الكاف,السرس,"الابار الشرقيه, تصرح",زهير العياري,77,agree,77,سبعه وسبعون,2023,قرار الهيئة لمعتمدية السرس__60__الكاف.PDF,1M5fSb2ENuoVi_fBnJwJo1fMfjBtC2o65
الكاف,السرس,"الابار الشرقيه, تصرح",السعيدي يوسفي,20,agree,20,عشرون,2023,قرار الهيئة لمعتمدية السرس__60__الكاف.PDF,1M5fSb2ENuoVi_fBnJwJo1fMfjBtC2o65
الكاف,السرس,الارسصء تصرح البييه,فيصل الضبايي اثعان وسفوق,62,digits-only,62,,2023,قرار الهيئة لمعتمدية السرس__60__الكاف.PDF,1M5fSb2ENuoVi_fBnJwJo1fMfjBtC2o65
الكاف,السرس,الارسصء تصرح البييه,محمدالهادي الواعر,48,agree,48,ثمانيه واربعون,2023,قرار الهيئة لمعتمدية السرس__60__الكاف.PDF,1M5fSb2ENuoVi_fBnJwJo1fMfjBtC2o65
الكاف,السرس,الارسصء تصرح البييه,صابرين الخماسي مايه وسته وسبعون 1/6,592000154,digits-only,592000154,,2023,قرار الهيئة لمعتمدية السرس__60__الكاف.PDF,1M5fSb2ENuoVi_fBnJwJo1fMfjBtC2o65
الكاف,السرس,اللاس,محمدعلي عبدلاوي,88,digits-wrong,58,ثمانيه وثمانون,2023,قرار الهيئة لمعتمدية السرس__60__الكاف.PDF,1M5fSb2ENuoVi_fBnJwJo1fMfjBtC2o65
الكاف,السرس,اللاس,وليد صالي,83,digits-wrong,853,ثلاثه وثمانون,2023,قرار الهيئة لمعتمدية السرس__60__الكاف.PDF,1M5fSb2ENuoVi_fBnJwJo1fMfjBtC2o65
الكاف,السرس,السرس,محمدسيف الدين غزيل,210,agree,210,مايتان وعشره,2023,قرار الهيئة لمعتمدية السرس__60__الكاف.PDF,1M5fSb2ENuoVi_fBnJwJo1fMfjBtC2o65
الكاف,السرس,السرس,محمدرفيق الحناثي,33,agree,33,ثلاثه وثلاثون,2023,قرار الهيئة لمعتمدية السرس__60__الكاف.PDF,1M5fSb2ENuoVi_fBnJwJo1fMfjBtC2o65
الكاف,السرس,السرس,محسن العبيدي,120,agree,120,مايه وعشرون,2023,قرار الهيئة لمعتمدية السرس__60__الكاف.PDF,1M5fSb2ENuoVi_fBnJwJo1fMfjBtC2o65
الكاف,السرس,"السرس الشماليه,",المنجي الورفلي,146,agree,146,مايه وسته واربعون,2023,قرار الهيئة لمعتمدية السرس__60__الكاف.PDF,1M5fSb2ENuoVi_fBnJwJo1fMfjBtC2o65
الكاف,السرس,"السرس الشماليه,",بسام الشريف,61,agree,61,واحد وستون,2023,قرار الهيئة لمعتمدية السرس__60__الكاف.PDF,1M5fSb2ENuoVi_fBnJwJo1fMfjBtC2o65
الكاف,السرس,المرجي - (السرس),سامي حسني,51,agree,51,واحد وخمسون,2023,قرار الهيئة لمعتمدية السرس__60__الكاف.PDF,1M5fSb2ENuoVi_fBnJwJo1fMfjBtC2o65
الكاف,السرس,"بوصليعه, تصرح البييه العليا",العرومي الزعلوني,47,digits-wrong,417,سبعه واربعون,2023,قرار الهيئة لمعتمدية السرس__60__الكاف.PDF,1M5fSb2ENuoVi_fBnJwJo1fMfjBtC2o65
الكاف,السرس,"بوصليعه, تصرح البييه العليا",نزار يحي,136,agree,136,مايه وسته وثلاثون,2023,قرار الهيئة لمعتمدية السرس__60__الكاف.PDF,1M5fSb2ENuoVi_fBnJwJo1fMfjBtC2o65
الكاف,السرس,"بوصليعه, تصرح البييه العليا",احمد الرحالي,15,agree,15,خمسه عشر,2023,قرار الهيئة لمعتمدية السرس__60__الكاف.PDF,1M5fSb2ENuoVi_fBnJwJo1fMfjBtC2o65
الكاف,السرس,حي النور- (السرس),اسامه مجدي,163,agree,163,مايه وثلاثه وستون,2023,قرار الهيئة لمعتمدية السرس__60__الكاف.PDF,1M5fSb2ENuoVi_fBnJwJo1fMfjBtC2o65
الكاف,السرس,حي النور- (السرس),رووف عرفاوي,63,agree,63,ثلاثه وستون,2023,قرار الهيئة لمعتمدية السرس__60__الكاف.PDF,1M5fSb2ENuoVi_fBnJwJo1fMfjBtC2o65
الكاف,السرس,حي النور- (السرس),جهان علوي,326,agree,326,ثلاثمايه وسته وعشرون,2023,قرار الهيئة لمعتمدية السرس__60__الكاف.PDF,1M5fSb2ENuoVi_fBnJwJo1fMfjBtC2o65
الكاف,الطويرف,الاذياب,لطفي الحيدري,94,digits-wrong,594,اربعه وتسعون,2023,قرار الهيئة لمعتمدية الطويرف__69__الكاف.PDF,1ddXksd3Wv-Kv1h8kV_y-CSoKwR-LhlXD
الكاف,الطويرف,الاذياب,نسرين ايوبي ‎1‏,35,agree,35,خمسه وثلاثون,2023,قرار الهيئة لمعتمدية الطويرف__69__الكاف.PDF,1ddXksd3Wv-Kv1h8kV_y-CSoKwR-LhlXD
الكاف,الطويرف,"الطويرف 1, تصرح البييه",احمد جبالي,105,agree,105,مايه وخمسه,2023,قرار الهيئة لمعتمدية الطويرف__69__الكاف.PDF,1ddXksd3Wv-Kv1h8kV_y-CSoKwR-LhlXD
الكاف,الطويرف,"الطويرف 1, تصرح البييه",نعيم ماجري,65,agree,65,خمسه وستون,2023,قرار الهيئة لمعتمدية الطويرف__69__الكاف.PDF,1ddXksd3Wv-Kv1h8kV_y-CSoKwR-LhlXD
الكاف,الطويرف,"الطويرف 2, تصرح",احمد عامري,173,agree,173,مايه وثلاثه وسبعون,2023,قرار الهيئة لمعتمدية الطويرف__69__الكاف.PDF,1ddXksd3Wv-Kv1h8kV_y-CSoKwR-LhlXD
الكاف,الطويرف,"الطويرف 2, تصرح",عبد الحفيظ عبيدي,78,agree,78,ثمانيه وسبعون,2023,قرار الهيئة لمعتمدية الطويرف__69__الكاف.PDF,1ddXksd3Wv-Kv1h8kV_y-CSoKwR-LhlXD
الكاف,الطويرف,ملاله يتقدم المها,رشيد شعبوني,71,digits-wrong,7,واحد وسبعون,2023,قرار الهيئة لمعتمدية الطويرف__69__الكاف.PDF,1ddXksd3Wv-Kv1h8kV_y-CSoKwR-LhlXD
الكاف,الطويرف,ملاله يتقدم المها,هاجر الحيدري,49,agree,49,تسعه واربعون,2023,قرار الهيئة لمعتمدية الطويرف__69__الكاف.PDF,1ddXksd3Wv-Kv1h8kV_y-CSoKwR-LhlXD
الكاف,الطويرف,ملاله يتقدم المها,لطفي ورغي,95,digits-wrong,55,خمسه وتسعون,2023,قرار الهيئة لمعتمدية الطويرف__69__الكاف.PDF,1ddXksd3Wv-Kv1h8kV_y-CSoKwR-LhlXD
الكاف,الطويرف,ملاله يتقدم المها,انور ميري,37,agree,37,سبعه وثلاثون,2023,قرار الهيئة لمعتمدية الطويرف__69__الكاف.PDF,1ddXksd3Wv-Kv1h8kV_y-CSoKwR-LhlXD
الكاف,الطويرف,"ولجه السدره, تصرح",متهي ر_ ناوي ماثه وثماتيه وثلاتون,138,digits-only,138,,2023,قرار الهيئة لمعتمدية الطويرف__69__الكاف.PDF,1ddXksd3Wv-Kv1h8kV_y-CSoKwR-LhlXD
الكاف,الطويرف,"ولجه السدره, تصرح",عمار ورغي,69,agree,69,تسعه وستون,2023,قرار الهيئة لمعتمدية الطويرف__69__الكاف.PDF,1ddXksd3Wv-Kv1h8kV_y-CSoKwR-LhlXD
الكاف,القصور,الزيتونه - (القصور),صلاح الدين الجميعي,147,agree,147,مايه وسبعه واربعون,2023,قرار الهيئة لمعتمدية القصور__61__الكاف.PDF,160c0iFXbsfqGvTuMaf_utaHqTR-CD0Qi
الكاف,القصور,الزيتونه - (القصور),فتحي فضلاوي,87,agree,87,سبعه وثمانون,2023,قرار الهيئة لمعتمدية القصور__61__الكاف.PDF,160c0iFXbsfqGvTuMaf_utaHqTR-CD0Qi
الكاف,القصور,الزيتونه - (القصور),رمزي بالاسود,229,agree,229,مايتان وتسعه وعشرون,2023,قرار الهيئة لمعتمدية القصور__61__الكاف.PDF,160c0iFXbsfqGvTuMaf_utaHqTR-CD0Qi
الكاف,القصور,القصور - (القصور),عبدالستار سلامه,137,agree,137,مايه وسبعه وثلاثون,2023,قرار الهيئة لمعتمدية القصور__61__الكاف.PDF,160c0iFXbsfqGvTuMaf_utaHqTR-CD0Qi
الكاف,القصور,القصور - (القصور),احلام برهومي,326,agree,326,ثلاثمايه وسته وعشرون,2023,قرار الهيئة لمعتمدية القصور__61__الكاف.PDF,160c0iFXbsfqGvTuMaf_utaHqTR-CD0Qi
الكاف,القصور,اللواته,هشام رايد,104,agree,104,مايه واربعه,2023,قرار الهيئة لمعتمدية القصور__61__الكاف.PDF,160c0iFXbsfqGvTuMaf_utaHqTR-CD0Qi
الكاف,القصور,اللواته,فاروق قاسمي,25,agree,25,خمسه وعشرون,2023,قرار الهيئة لمعتمدية القصور__61__الكاف.PDF,160c0iFXbsfqGvTuMaf_utaHqTR-CD0Qi
الكاف,القصور,بانوء تصرح البييه,نبيل السلامي,109,agree,109,مايه وتسعه,2023,قرار الهيئة لمعتمدية القصور__61__الكاف.PDF,160c0iFXbsfqGvTuMaf_utaHqTR-CD0Qi
الكاف,القصور,بانوء تصرح البييه,محمد رحايعي,34,agree,34,اربعه وثلاثون,2023,قرار الهيئة لمعتمدية القصور__61__الكاف.PDF,160c0iFXbsfqGvTuMaf_utaHqTR-CD0Qi
الكاف,القصور,عين القصيبه,02ا*,5202,digits-only,5202,,2023,قرار الهيئة لمعتمدية القصور__61__الكاف.PDF,160c0iFXbsfqGvTuMaf_utaHqTR-CD0Qi
الكاف,القصور,عين فضيلء تصرح البييه,صلاح الوافي مايه وواجد,50,digits-wrong,151,وخمسون,2023,قرار الهيئة لمعتمدية القصور__61__الكاف.PDF,160c0iFXbsfqGvTuMaf_utaHqTR-CD0Qi
الكاف,القلعه الخصباء,القلعه,رمزي جدي,151,agree,151,مايه وواحد وخمسون,2023,قرار الهيئة لمعتمدية القلعة الخصباء__62__الكاف.PDF,1ycgzMesJKgcnRLQY7XJ9_ETtY8fmBNVL
الكاف,القلعه الخصباء,القلعه,كريم شيخاوي,51,agree,51,واحد وخمسون,2023,قرار الهيئة لمعتمدية القلعة الخصباء__62__الكاف.PDF,1ycgzMesJKgcnRLQY7XJ9_ETtY8fmBNVL
الكاف,القلعه الخصباء,القلعه,بليغ فضلي,66,agree,66,سته وستون,2023,قرار الهيئة لمعتمدية القلعة الخصباء__62__الكاف.PDF,1ycgzMesJKgcnRLQY7XJ9_ETtY8fmBNVL
الكاف,القلعه الخصباء,القلعه,اسماعيل شيخاوي,191,digits-wrong,151,مايه وواحد وتسعون,2023,قرار الهيئة لمعتمدية القلعة الخصباء__62__الكاف.PDF,1ycgzMesJKgcnRLQY7XJ9_ETtY8fmBNVL
الكاف,القلعه الخصباء,القلعه,دنيا خضراوي,83,agree,83,ثلاثه وثمانون,2023,قرار الهيئة لمعتمدية القلعة الخصباء__62__الكاف.PDF,1ycgzMesJKgcnRLQY7XJ9_ETtY8fmBNVL
الكاف,القلعه الخصباء,القلعه,مني خلفاوي,25,agree,25,خمسه وعشرون,2023,قرار الهيئة لمعتمدية القلعة الخصباء__62__الكاف.PDF,1ycgzMesJKgcnRLQY7XJ9_ETtY8fmBNVL
الكاف,القلعه الخصباء,القلعه,فاطمه اللموثي,4,agree,4,اربعه,2023,قرار الهيئة لمعتمدية القلعة الخصباء__62__الكاف.PDF,1ycgzMesJKgcnRLQY7XJ9_ETtY8fmBNVL
الكاف,القلعه الخصباء,الناظور - (القلعه الخصباء),حمادي البوغانمي,74,agree,74,اربعه وسبعون,2023,قرار الهيئة لمعتمدية القلعة الخصباء__62__الكاف.PDF,1ycgzMesJKgcnRLQY7XJ9_ETtY8fmBNVL
الكاف,القلعه الخصباء,سيدي احمد,اروي مسعودي,297,digits-wrong,257,مايتان وسبعه وتسعون,2023,قرار الهيئة لمعتمدية القلعة الخصباء__62__الكاف.PDF,1ycgzMesJKgcnRLQY7XJ9_ETtY8fmBNVL
الكاف,القلعه الخصباء,سيدي احمد,صالح حمداني,126,agree,126,مايه وسته وعشرون,2023,قرار الهيئة لمعتمدية القلعة الخصباء__62__الكاف.PDF,1ycgzMesJKgcnRLQY7XJ9_ETtY8fmBNVL
الكاف,القلعه الخصباء,"هنطايه,",محمد مسعودي,115,agree,115,مايه وخمسه عشر,2023,قرار الهيئة لمعتمدية القلعة الخصباء__62__الكاف.PDF,1ycgzMesJKgcnRLQY7XJ9_ETtY8fmBNVL
الكاف,الكاف الشرقيه,الحوارث,شادي بالطيب,153,agree,153,مايه وثلاثه وخمسون,2023,قرار الهيئة لمعتمدية الكاف الشرقية__63__الكاف.PDF,1qNBRJ84ksU_mr9eC5ADmNCo-nFOzSSbg
الكاف,الكاف الشرقيه,الحوارث,ياسين خلايفيه ماثه,46,digits-wrong,146,وسته واربعون,2023,قرار الهيئة لمعتمدية الكاف الشرقية__63__الكاف.PDF,1qNBRJ84ksU_mr9eC5ADmNCo-nFOzSSbg
الكاف,الكاف الشرقيه,الزعفران,اسكندر نموثي,231,agree,231,مايتان وواحد وثلاثون,2023,قرار الهيئة لمعتمدية الكاف الشرقية__63__الكاف.PDF,1qNBRJ84ksU_mr9eC5ADmNCo-nFOzSSbg
الكاف,الكاف الشرقيه,الزعفران,عبداللطيف نموشي,80,digits-wrong,580,ثمانون,2023,قرار الهيئة لمعتمدية الكاف الشرقية__63__الكاف.PDF,1qNBRJ84ksU_mr9eC5ADmNCo-nFOzSSbg
الكاف,الكاف الشرقيه,الزعفران,حافظ الخضايري,216,agree,216,مايتان وسته عشر,2023,قرار الهيئة لمعتمدية الكاف الشرقية__63__الكاف.PDF,1qNBRJ84ksU_mr9eC5ADmNCo-nFOzSSbg
الكاف,الكاف الشرقيه,الشرفيين,سهام بنزاكي,174,agree,174,مايه واربعه وسبعون,2023,قرار الهيئة لمعتمدية الكاف الشرقية__63__الكاف.PDF,1qNBRJ84ksU_mr9eC5ADmNCo-nFOzSSbg
الكاف,الكاف الشرقيه,الشرفيين,احمد طبوعي,135,digits-wrong,155,مايه وخمسه وثلاثون,2023,قرار الهيئة لمعتمدية الكاف الشرقية__63__الكاف.PDF,1qNBRJ84ksU_mr9eC5ADmNCo-nFOzSSbg
الكاف,الكاف الشرقيه,الشرفيين,انيس سعداوي,107,agree,107,مايه وسبعه,2023,قرار الهيئة لمعتمدية الكاف الشرقية__63__الكاف.PDF,1qNBRJ84ksU_mr9eC5ADmNCo-nFOzSSbg
الكاف,الكاف الشرقيه,بنعنين يتقدم,هيثم الخلفاوي,155,agree,155,مايه وخمسه وخمسون,2023,قرار الهيئة لمعتمدية الكاف الشرقية__63__الكاف.PDF,1qNBRJ84ksU_mr9eC5ADmNCo-nFOzSSbg
الكاف,الكاف الشرقيه,بنعنين يتقدم,معتز الوسلاتي2,82,digits-wrong,52,اثنان وثمانون,2023,قرار الهيئة لمعتمدية الكاف الشرقية__63__الكاف.PDF,1qNBRJ84ksU_mr9eC5ADmNCo-nFOzSSbg
الكاف,الكاف الشرقيه,بنعنين يتقدم,نبيل الخضراوي,61,agree,61,واحد وستون,2023,قرار الهيئة لمعتمدية الكاف الشرقية__63__الكاف.PDF,1qNBRJ84ksU_mr9eC5ADmNCo-nFOzSSbg
الكاف,الكاف الشرقيه,بنعنين يتقدم,سرحان زغلامي,277,digits-wrong,27,مايتان وسبعه وسبعون,2023,قرار الهيئة لمعتمدية الكاف الشرقية__63__الكاف.PDF,1qNBRJ84ksU_mr9eC5ADmNCo-nFOzSSbg
الكاف,الكاف الشرقيه,حشاد,حمه الفرشيشي,155,agree,155,مايه وخمسه وخمسون,2023,قرار الهيئة لمعتمدية الكاف الشرقية__63__الكاف.PDF,1qNBRJ84ksU_mr9eC5ADmNCo-nFOzSSbg
الكاف,الكاف الشرقيه,حشاد,برهان الشابي ‎1‏,95,agree,95,خمسه وتسعون,2023,قرار الهيئة لمعتمدية الكاف الشرقية__63__الكاف.PDF,1qNBRJ84ksU_mr9eC5ADmNCo-nFOzSSbg
الكاف,الكاف الشرقيه,دير الكاف,معز الفضلاوي,80,digits-wrong,50,ثمانون,2023,قرار الهيئة لمعتمدية الكاف الشرقية__63__الكاف.PDF,1qNBRJ84ksU_mr9eC5ADmNCo-nFOzSSbg
الكاف,الكاف الشرقيه,دير الكاف,منجي جبالي,115,agree,115,مايه وخمسه عشر,2023,قرار الهيئة لمعتمدية الكاف الشرقية__63__الكاف.PDF,1qNBRJ84ksU_mr9eC5ADmNCo-nFOzSSbg
الكاف,الكاف الشرقيه,وادي السواني,سيرين مرزوقي,68,agree,68,ثمانيه وستون,2023,قرار الهيئة لمعتمدية الكاف الشرقية__63__الكاف.PDF,1qNBRJ84ksU_mr9eC5ADmNCo-nFOzSSbg
الكاف,الكاف الشرقيه,وادي السواني,عبدالرووف كلاعي,81,agree,81,واحد وثمانون,2023,قرار الهيئة لمعتمدية الكاف الشرقية__63__الكاف.PDF,1qNBRJ84ksU_mr9eC5ADmNCo-nFOzSSbg
الكاف,الكاف الشرقيه,وادي السواني,علي محجوبي,88,digits-wrong,58,ثمانيه وثمانون,2023,قرار الهيئة لمعتمدية الكاف الشرقية__63__الكاف.PDF,1qNBRJ84ksU_mr9eC5ADmNCo-nFOzSSbg
الكاف,الكاف الشرقيه,وادي السواني,عتيق جعواني,19,agree,19,تسعه عشر,2023,قرار الهيئة لمعتمدية الكاف الشرقية__63__الكاف.PDF,1qNBRJ84ksU_mr9eC5ADmNCo-nFOzSSbg
الكاف,الكاف الشرقيه,وادي السواني,صابر سلامي,105,agree,105,مايه وخمسه,2023,قرار الهيئة لمعتمدية الكاف الشرقية__63__الكاف.PDF,1qNBRJ84ksU_mr9eC5ADmNCo-nFOzSSbg
الكاف,الكاف الشرقيه,وادي السواني,قيس عبيدي,66,agree,66,سته وستون,2023,قرار الهيئة لمعتمدية الكاف الشرقية__63__الكاف.PDF,1qNBRJ84ksU_mr9eC5ADmNCo-nFOzSSbg
الكاف,الكاف الشرقيه,وادي السواني,علاله كلاعي,65,agree,65,خمسه وستون,2023,قرار الهيئة لمعتمدية الكاف الشرقية__63__الكاف.PDF,1qNBRJ84ksU_mr9eC5ADmNCo-nFOzSSbg
الكاف,الكاف الغربيه,الحوارث,اسامه سحنون,165,agree,165,مايه وخمسه وستون,2023,قرار الهيئة لمعتمدية الكاف الغربية__64__الكاف.PDF,1fz63zLYoubrGXS8JBs1iXmW02-mbgUoE
الكاف,الكاف الغربيه,الحوارث,ربيع عمري,113,agree,113,مايه وثلاثه عشر,2023,قرار الهيئة لمعتمدية الكاف الغربية__64__الكاف.PDF,1fz63zLYoubrGXS8JBs1iXmW02-mbgUoE
الكاف,الكاف الغربيه,الحوارث,محسن عبيدي مايه وسبعه 107 9 ا[07,200,digits-only,200,,2023,قرار الهيئة لمعتمدية الكاف الغربية__64__الكاف.PDF,1fz63zLYoubrGXS8JBs1iXmW02-mbgUoE
الكاف,الكاف الغربيه,الحوارث,طارق عزيز ابراهيم,71,agree,71,واحد وسبعون,2023,قرار الهيئة لمعتمدية الكاف الغربية__64__الكاف.PDF,1fz63zLYoubrGXS8JBs1iXmW02-mbgUoE
الكاف,الكاف الغربيه,الحوارث,سفيان الشارني,432,agree,432,اربعمايه واثنان وثلاثون,2023,قرار الهيئة لمعتمدية الكاف الغربية__64__الكاف.PDF,1fz63zLYoubrGXS8JBs1iXmW02-mbgUoE
الكاف,الكاف الغربيه,الحوارث,سيف ميساوي,228,agree,228,مايتان وثمانيه وعشرون,2023,قرار الهيئة لمعتمدية الكاف الغربية__64__الكاف.PDF,1fz63zLYoubrGXS8JBs1iXmW02-mbgUoE
الكاف,الكاف الغربيه,الحوارث,سامي عامري,289,agree,289,مايتان وتسعه وثمانون,2023,قرار الهيئة لمعتمدية الكاف الغربية__64__الكاف.PDF,1fz63zLYoubrGXS8JBs1iXmW02-mbgUoE
الكاف,الكاف الغربيه,الحوارث,جمال الدين الورغي,169,agree,169,مايه وتسعه وستون,2023,قرار الهيئة لمعتمدية الكاف الغربية__64__الكاف.PDF,1fz63zLYoubrGXS8JBs1iXmW02-mbgUoE
الكاف,الكاف الغربيه,وادي الرمل,مكرم محفوظي مايتان وخمسه وسبعون 2/5,59060008,digits-only,59060008,,2023,قرار الهيئة لمعتمدية الكاف الغربية__64__الكاف.PDF,1fz63zLYoubrGXS8JBs1iXmW02-mbgUoE
الكاف,الكاف الغربيه,وادي الرمل,نور الدين شارني,145,agree,145,مايه وخمسه واربعون,2023,قرار الهيئة لمعتمدية الكاف الغربية__64__الكاف.PDF,1fz63zLYoubrGXS8JBs1iXmW02-mbgUoE
الكاف,الكاف الغربيه,وادي الرمل,نزار العبيدي,209,agree,209,مايتان وتسعه,2023,قرار الهيئة لمعتمدية الكاف الغربية__64__الكاف.PDF,1fz63zLYoubrGXS8JBs1iXmW02-mbgUoE
الكاف,الكاف الغربيه,وادي الرمل,علاله بننصر,85,digits-wrong,855,خمسه وثمانون,2023,قرار الهيئة لمعتمدية الكاف الغربية__64__الكاف.PDF,1fz63zLYoubrGXS8JBs1iXmW02-mbgUoE
الكاف,تاجروين,الحوض - (تاجروين),بدرالدين سمعلي,130,digits-wrong,10,مايه وثلاثون,2023,قرار الهيئة لمعتمدية تاجروين__65__الكاف.PDF,1hys3FK4psj8O9I1a1aAsA7-wi0a1BhLo
الكاف,تاجروين,الحوض - (تاجروين),جمال العلواوي,37,digits-wrong,0207,سبعه وثلاثون,2023,قرار الهيئة لمعتمدية تاجروين__65__الكاف.PDF,1hys3FK4psj8O9I1a1aAsA7-wi0a1BhLo
الكاف,تاجروين,النجاه - (تاجروين)؛ تصرح,البادي جربوعي,24,digits-wrong,44,اربعه وعشرون,2023,قرار الهيئة لمعتمدية تاجروين__65__الكاف.PDF,1hys3FK4psj8O9I1a1aAsA7-wi0a1BhLo
الكاف,تاجروين,النجاه - (تاجروين)؛ تصرح,علي رحالي,48,digits-wrong,18,ثمانيه واربعون,2023,قرار الهيئة لمعتمدية تاجروين__65__الكاف.PDF,1hys3FK4psj8O9I1a1aAsA7-wi0a1BhLo
الكاف,تاجروين,"برج الديوانه, تصرح",سامي الزيدي,103,digits-wrong,3,مايه وثلاثه,2023,قرار الهيئة لمعتمدية تاجروين__65__الكاف.PDF,1hys3FK4psj8O9I1a1aAsA7-wi0a1BhLo
الكاف,تاجروين,"برج الديوانه, تصرح",تيجاني حمايدي,35,agree,35,خمسه وثلاثون,2023,قرار الهيئة لمعتمدية تاجروين__65__الكاف.PDF,1hys3FK4psj8O9I1a1aAsA7-wi0a1BhLo
الكاف,تاجروين,تاجروين الجنوبيه,وام محفوظي,163,digits-wrong,63,مايه وثلاثه وستون,2023,قرار الهيئة لمعتمدية تاجروين__65__الكاف.PDF,1hys3FK4psj8O9I1a1aAsA7-wi0a1BhLo
الكاف,تاجروين,تاجروين الجنوبيه,عبداللطيف مسعودي,186,digits-wrong,6,مايه وسته وثمانون,2023,قرار الهيئة لمعتمدية تاجروين__65__الكاف.PDF,1hys3FK4psj8O9I1a1aAsA7-wi0a1BhLo
الكاف,تاجروين,تاجروين الجنوبيه,الاسعد زغلامي خلفاوي,98,digits-wrong,038,ثمانيه وتسعون,2023,قرار الهيئة لمعتمدية تاجروين__65__الكاف.PDF,1hys3FK4psj8O9I1a1aAsA7-wi0a1BhLo
الكاف,تاجروين,تاجروين الجنوبيه,عليه بوغانمي,147,digits-wrong,7,مايه وسبعه واربعون,2023,قرار الهيئة لمعتمدية تاجروين__65__الكاف.PDF,1hys3FK4psj8O9I1a1aAsA7-wi0a1BhLo
الكاف,تاجروين,تاجروين الجنوبيه,ندي عبروقي,43,digits-wrong,3,ثلاثه واربعون,2023,قرار الهيئة لمعتمدية تاجروين__65__الكاف.PDF,1hys3FK4psj8O9I1a1aAsA7-wi0a1BhLo
الكاف,تاجروين,"تاجروين الشماليه, تصرح",نزار جبابلي قفانيه وتلاثوت,38,digits-only,38,,2023,قرار الهيئة لمعتمدية تاجروين__65__الكاف.PDF,1hys3FK4psj8O9I1a1aAsA7-wi0a1BhLo
الكاف,تاجروين,"تاجروين الشماليه, تصرح",رفيق بنعلي,63,digits-wrong,3,ثلاثه وستون,2023,قرار الهيئة لمعتمدية تاجروين__65__الكاف.PDF,1hys3FK4psj8O9I1a1aAsA7-wi0a1BhLo
الكاف,تاجروين,"تاجروين الشماليه, تصرح",علاءالدين بنعلي,9,agree,9,تسعه,2023,قرار الهيئة لمعتمدية تاجروين__65__الكاف.PDF,1hys3FK4psj8O9I1a1aAsA7-wi0a1BhLo
الكاف,تاجروين,جزه يتقدم الها,ثهانيه,20,digits-wrong,28,وعشرون,2023,قرار الهيئة لمعتمدية تاجروين__65__الكاف.PDF,1hys3FK4psj8O9I1a1aAsA7-wi0a1BhLo
الكاف,تاجروين,جزه يتقدم الها,مانه,10,digits-wrong,0,وعشره,2023,قرار الهيئة لمعتمدية تاجروين__65__الكاف.PDF,1hys3FK4psj8O9I1a1aAsA7-wi0a1BhLo
الكاف,تاجروين,حي بورقيبه,ايناس السعيدي,121,digits-wrong,1,مايه وواحد وعشرون,2023,قرار الهيئة لمعتمدية تاجروين__65__الكاف.PDF,1hys3FK4psj8O9I1a1aAsA7-wi0a1BhLo
الكاف,تاجروين,حي بورقيبه,يوسف حميد,105,digits-wrong,5,مايه وخمسه,2023,قرار الهيئة لمعتمدية تاجروين__65__الكاف.PDF,1hys3FK4psj8O9I1a1aAsA7-wi0a1BhLo
الكاف,تاجروين,حي بورقيبه,خديجه بنعلي,53,agree,53,ثلاثه وخمسون,2023,قرار الهيئة لمعتمدية تاجروين__65__الكاف.PDF,1hys3FK4psj8O9I1a1aAsA7-wi0a1BhLo
الكاف,تاجروين,حي بورقيبه,وليد قاسمي,144,digits-wrong,214,مايه واربعه واربعون,2023,قرار الهيئة لمعتمدية تاجروين__65__الكاف.PDF,1hys3FK4psj8O9I1a1aAsA7-wi0a1BhLo
الكاف,تاجروين,حي بورقيبه,وفاء مولبي,79,digits-wrong,9,تسعه وسبعون,2023,قرار الهيئة لمعتمدية تاجروين__65__الكاف.PDF,1hys3FK4psj8O9I1a1aAsA7-wi0a1BhLo
الكاف,تاجروين,حي بورقيبه,عاطف سعيدي,44,agree,44,اربعه واربعون,2023,قرار الهيئة لمعتمدية تاجروين__65__الكاف.PDF,1hys3FK4psj8O9I1a1aAsA7-wi0a1BhLo
الكاف,تاجروين,سيدي عبد الباسط,وقاءسالج,73,digits-wrong,3,ثلاثه وسبعون,2023,قرار الهيئة لمعتمدية تاجروين__65__الكاف.PDF,1hys3FK4psj8O9I1a1aAsA7-wi0a1BhLo
الكاف,تاجروين,سيدي عبد الباسط,ايوب قاسمي,46,agree,46,سته واربعون,2023,قرار الهيئة لمعتمدية تاجروين__65__الكاف.PDF,1hys3FK4psj8O9I1a1aAsA7-wi0a1BhLo
الكاف,تاجروين,سيدي عبد الباسط,كمال الواعري ثلوثهوصبعون,173,digits-only,173,,2023,قرار الهيئة لمعتمدية تاجروين__65__الكاف.PDF,1hys3FK4psj8O9I1a1aAsA7-wi0a1BhLo
الكاف,تاجروين,سيدي عبد الباسط,سهيل عيساوي,21,digits-wrong,0231,واحد وعشرون,2023,قرار الهيئة لمعتمدية تاجروين__65__الكاف.PDF,1hys3FK4psj8O9I1a1aAsA7-wi0a1BhLo
الكاف,تاجروين,سيدي مطير,فتحي الشارني,34,agree,34,اربعه وثلاثون,2023,قرار الهيئة لمعتمدية تاجروين__65__الكاف.PDF,1hys3FK4psj8O9I1a1aAsA7-wi0a1BhLo
الكاف,تاجروين,سيدي مطير,حنان شارني,30,digits-wrong,0,ثلاثون,2023,قرار الهيئة لمعتمدية تاجروين__65__الكاف.PDF,1hys3FK4psj8O9I1a1aAsA7-wi0a1BhLo
الكاف,تاجروين,سيدي مطير,عبدالجليل رابعي,80,digits-wrong,00,ثمانون,2023,قرار الهيئة لمعتمدية تاجروين__65__الكاف.PDF,1hys3FK4psj8O9I1a1aAsA7-wi0a1BhLo
الكاف,تاجروين,"عين الابار, تصرح",مريم بلكيلاني,388,digits-wrong,8,ثلاثمايه وثمانيه وثمانون,2023,قرار الهيئة لمعتمدية تاجروين__65__الكاف.PDF,1hys3FK4psj8O9I1a1aAsA7-wi0a1BhLo
الكاف,تاجروين,"عين الابار, تصرح",يوسف البوعايمي مايه واثكان:وستبعون,72,digits-only,72,,2023,قرار الهيئة لمعتمدية تاجروين__65__الكاف.PDF,1hys3FK4psj8O9I1a1aAsA7-wi0a1BhLo
الكاف,تاجروين,"عين الابار, تصرح",نبيل بنتواتي فداون,20,digits-only,20,,2023,قرار الهيئة لمعتمدية تاجروين__65__الكاف.PDF,1hys3FK4psj8O9I1a1aAsA7-wi0a1BhLo
الكاف,تاجروين,"قرن حلفايه, تصرح",الطاهر شارني واحن:وثماتو,1,digits-only,01,,2023,قرار الهيئة لمعتمدية تاجروين__65__الكاف.PDF,1hys3FK4psj8O9I1a1aAsA7-wi0a1BhLo
الكاف,تاجروين,"قرن حلفايه, تصرح",ياشين المعاوي تلوته وصعوق,63,digits-only,63,,2023,قرار الهيئة لمعتمدية تاجروين__65__الكاف.PDF,1hys3FK4psj8O9I1a1aAsA7-wi0a1BhLo
الكاف,تاجروين,"منزل سالم, تصرح",وليد البوغالمي ماقه وستحون,160,digits-only,160,,2023,قرار الهيئة لمعتمدية تاجروين__65__الكاف.PDF,1hys3FK4psj8O9I1a1aAsA7-wi0a1BhLo
الكاف,تاجروين,"منزل سالم, تصرح",محسن عثماني,78,digits-wrong,8,ثمانيه وسبعون,2023,قرار الهيئة لمعتمدية تاجروين__65__الكاف.PDF,1hys3FK4psj8O9I1a1aAsA7-wi0a1BhLo
الكاف,ساقيه سيدي يوسف,الطابيه,عبدالحميد بومنيجل,67,agree,67,سبعه وستون,2023,ساقية سيدي يوسف.PDF,1typB7ImuS5U6zECHJswgGyUwB8tkdGJ0
الكاف,ساقيه سيدي يوسف,الطابيه,حميد سوايسيه,66,agree,66,سته وستون,2023,ساقية سيدي يوسف.PDF,1typB7ImuS5U6zECHJswgGyUwB8tkdGJ0
الكاف,ساقيه سيدي يوسف,"الطابيه,",محسن الشارني,88,digits-wrong,58,ثمانيه وثمانون,2023,ساقية سيدي يوسف.PDF,1typB7ImuS5U6zECHJswgGyUwB8tkdGJ0
الكاف,ساقيه سيدي يوسف,جرادو,محمد الاخضر اترايعيه,165,agree,165,مايه وخمسه وستون,2023,ساقية سيدي يوسف.PDF,1typB7ImuS5U6zECHJswgGyUwB8tkdGJ0
الكاف,ساقيه سيدي يوسف,جرادو,فاتح جوابليه,152,agree,152,مايه واثنان وخمسون,2023,ساقية سيدي يوسف.PDF,1typB7ImuS5U6zECHJswgGyUwB8tkdGJ0
الكاف,ساقيه سيدي يوسف,جرادو,الاخضر رايسي,28,agree,28,ثمانيه وعشرون,2023,ساقية سيدي يوسف.PDF,1typB7ImuS5U6zECHJswgGyUwB8tkdGJ0
الكاف,ساقيه سيدي يوسف,ساقيه,المعز كوكه,417,agree,417,اربعمايه وسبعه عشر,2023,ساقية سيدي يوسف.PDF,1typB7ImuS5U6zECHJswgGyUwB8tkdGJ0
الكاف,ساقيه سيدي يوسف,ساقيه,الطاهر قري مايثه,93,digits-wrong,153,وثلاثه وتسعون,2023,ساقية سيدي يوسف.PDF,1typB7ImuS5U6zECHJswgGyUwB8tkdGJ0
الكاف,ساقيه سيدي يوسف,ساقيه,ماهر روابحيه,93,digits-wrong,53,ثلاثه وتسعون,2023,ساقية سيدي يوسف.PDF,1typB7ImuS5U6zECHJswgGyUwB8tkdGJ0
الكاف,ساقيه سيدي يوسف,ساقيه,فوزي مرازقيه ماثتان,2,digits-wrong,202,واثنان,2023,ساقية سيدي يوسف.PDF,1typB7ImuS5U6zECHJswgGyUwB8tkdGJ0
الكاف,ساقيه سيدي يوسف,ساقيه,طارق الورغي,53,digits-wrong,58,ثلاثه وخمسون,2023,ساقية سيدي يوسف.PDF,1typB7ImuS5U6zECHJswgGyUwB8tkdGJ0
الكاف,ساقيه سيدي يوسف,ساقيه,بلقاسم عامر,111,agree,111,مايه واحد عشره,2023,ساقية سيدي يوسف.PDF,1typB7ImuS5U6zECHJswgGyUwB8tkdGJ0
الكاف,ساقيه سيدي يوسف,سيدي رابح,منير التليلي,234,agree,234,مايتان واربعه وثلاثون,2023,ساقية سيدي يوسف.PDF,1typB7ImuS5U6zECHJswgGyUwB8tkdGJ0
الكاف,ساقيه سيدي يوسف,سيدي رابح,محمد الطاهر التليلي,47,digits-wrong,017,سبعه واربعون,2023,ساقية سيدي يوسف.PDF,1typB7ImuS5U6zECHJswgGyUwB8tkdGJ0
الكاف,ساقيه سيدي يوسف,سيدي رابح,حمه التليلي,76,agree,76,سته وسبعون,2023,ساقية سيدي يوسف.PDF,1typB7ImuS5U6zECHJswgGyUwB8tkdGJ0
الكاف,ساقيه سيدي يوسف,سيدي رابح,الحبيب التليلي,43,agree,43,ثلاثه واربعون,2023,ساقية سيدي يوسف.PDF,1typB7ImuS5U6zECHJswgGyUwB8tkdGJ0
الكاف,ساقيه سيدي يوسف,عين,كمال الدين عبيدي,144,agree,144,مايه واربعه واربعون,2023,ساقية سيدي يوسف.PDF,1typB7ImuS5U6zECHJswgGyUwB8tkdGJ0
الكاف,ساقيه سيدي يوسف,عين,عمر الشارني,116,agree,116,مايه وسته عشر,2023,ساقية سيدي يوسف.PDF,1typB7ImuS5U6zECHJswgGyUwB8tkdGJ0
الكاف,ساقيه سيدي يوسف,عين,نورالدين وحيشي,107,agree,107,مايه وسبعه,2023,ساقية سيدي يوسف.PDF,1typB7ImuS5U6zECHJswgGyUwB8tkdGJ0
الكاف,ساقيه سيدي يوسف,عين مازر,السعيد العماري,48,agree,48,ثمانيه واربعون,2023,ساقية سيدي يوسف.PDF,1typB7ImuS5U6zECHJswgGyUwB8tkdGJ0
الكاف,ساقيه سيدي يوسف,عين مازر,محمدعلي هميسي,48,agree,48,ثمانيه واربعون,2023,ساقية سيدي يوسف.PDF,1typB7ImuS5U6zECHJswgGyUwB8tkdGJ0
الكاف,ساقيه سيدي يوسف,عين مازر,المنصف قري,118,agree,118,مايه وثمانيه عشر,2023,ساقية سيدي يوسف.PDF,1typB7ImuS5U6zECHJswgGyUwB8tkdGJ0
الكاف,ساقيه سيدي يوسف,عين مازر,هشام احساينيه,63,agree,63,ثلاثه وستون,2023,ساقية سيدي يوسف.PDF,1typB7ImuS5U6zECHJswgGyUwB8tkdGJ0
الكاف,ساقيه سيدي يوسف,فرشان,صابر لبادي,30,agree,30,ثلاثون,2023,ساقية سيدي يوسف.PDF,1typB7ImuS5U6zECHJswgGyUwB8tkdGJ0
الكاف,ساقيه سيدي يوسف,فرشان,توفيق خضراوي مايثه,2,digits-wrong,102,واثنان,2023,ساقية سيدي يوسف.PDF,1typB7ImuS5U6zECHJswgGyUwB8tkdGJ0
الكاف,ساقيه سيدي يوسف,فرشان,العيد عبيدي,57,digits-wrong,7,سبعه وخمسون,2023,ساقية سيدي يوسف.PDF,1typB7ImuS5U6zECHJswgGyUwB8tkdGJ0
الكاف,قلعه سنان,الحميمه - (قلعه,عبدالقادر عبيدي,113,agree,113,مايه وثلاثه عشر,2023,قرار الهيئة لمعتمدية قلعة سنان__67__الكاف.PDF,11jdS5KgJM0OGWHLeP30Psct0dlGzexnb
الكاف,قلعه سنان,الحميمه - (قلعه,فرحات عمري,38,agree,38,ثمانيه وثلاثون,2023,قرار الهيئة لمعتمدية قلعة سنان__67__الكاف.PDF,11jdS5KgJM0OGWHLeP30Psct0dlGzexnb
الكاف,قلعه سنان,الصفصاف,محمد الاسود,46,agree,46,سته واربعون,2023,قرار الهيئة لمعتمدية قلعة سنان__67__الكاف.PDF,11jdS5KgJM0OGWHLeP30Psct0dlGzexnb
الكاف,قلعه سنان,الصفصاف,سامي رزيقي ‎1‏,37,agree,37,سبعه وثلاثون,2023,قرار الهيئة لمعتمدية قلعة سنان__67__الكاف.PDF,11jdS5KgJM0OGWHLeP30Psct0dlGzexnb
الكاف,قلعه سنان,"الفالته, تصرح",حسونه غرايري,119,agree,119,مايه وتسعه عشر,2023,قرار الهيئة لمعتمدية قلعة سنان__67__الكاف.PDF,11jdS5KgJM0OGWHLeP30Psct0dlGzexnb
الكاف,قلعه سنان,"الفالته, تصرح",شكري حمدي خمسه وتسعون 55 119[,20,digits-only,20,,2023,قرار الهيئة لمعتمدية قلعة سنان__67__الكاف.PDF,11jdS5KgJM0OGWHLeP30Psct0dlGzexnb
الكاف,قلعه سنان,المحجوبه,الاسعد جلالي,100,agree,100,مايه,2023,قرار الهيئة لمعتمدية قلعة سنان__67__الكاف.PDF,11jdS5KgJM0OGWHLeP30Psct0dlGzexnb
الكاف,قلعه سنان,المحجوبه,فاروق صالحي,128,agree,128,مايه وثمانيه وعشرون,2023,قرار الهيئة لمعتمدية قلعة سنان__67__الكاف.PDF,11jdS5KgJM0OGWHLeP30Psct0dlGzexnb
الكاف,قلعه سنان,بوجابر يتقدم البها,هناء سلايميه,40,agree,40,اربعون,2023,قرار الهيئة لمعتمدية قلعة سنان__67__الكاف.PDF,11jdS5KgJM0OGWHLeP30Psct0dlGzexnb
الكاف,قلعه سنان,بوجابر يتقدم البها,فيصل العشي,39,agree,39,تسعه وثلاثون,2023,قرار الهيئة لمعتمدية قلعة سنان__67__الكاف.PDF,11jdS5KgJM0OGWHLeP30Psct0dlGzexnb
الكاف,قلعه سنان,بوجابر يتقدم البها,محمد جفالي ‏,48,agree,48,ثمانيه واربعون,2023,قرار الهيئة لمعتمدية قلعة سنان__67__الكاف.PDF,11jdS5KgJM0OGWHLeP30Psct0dlGzexnb
الكاف,قلعه سنان,سد الخير يتقدم,ايمن الممذبي,87,digits-wrong,57,سبعه وثمانون,2023,قرار الهيئة لمعتمدية قلعة سنان__67__الكاف.PDF,11jdS5KgJM0OGWHLeP30Psct0dlGzexnb
الكاف,قلعه سنان,سد الخير يتقدم,خالد بن عمر,73,agree,73,ثلاثه وسبعون,2023,قرار الهيئة لمعتمدية قلعة سنان__67__الكاف.PDF,11jdS5KgJM0OGWHLeP30Psct0dlGzexnb
الكاف,قلعه سنان,سد الخير يتقدم,ساميغثماق ' ماثهوثلاث هعقر,113,digits-only,113,,2023,قرار الهيئة لمعتمدية قلعة سنان__67__الكاف.PDF,11jdS5KgJM0OGWHLeP30Psct0dlGzexnb
الكاف,قلعه سنان,سد الخير يتقدم,4ك,5200,digits-only,5200,,2023,قرار الهيئة لمعتمدية قلعة سنان__67__الكاف.PDF,11jdS5KgJM0OGWHLeP30Psct0dlGzexnb
الكاف,قلعه سنان,عين سنان يتقدم,نبيل قصوري,13,agree,13,ثلاثه عشر,2023,قرار الهيئة لمعتمدية قلعة سنان__67__الكاف.PDF,11jdS5KgJM0OGWHLeP30Psct0dlGzexnb
الكاف,قلعه سنان,عين سنان يتقدم,سمير الجوادي,29,digits-wrong,28,تسعه وعشرون,2023,قرار الهيئة لمعتمدية قلعة سنان__67__الكاف.PDF,11jdS5KgJM0OGWHLeP30Psct0dlGzexnb
الكاف,قلعه سنان,عين سنان يتقدم,حسن منعم,51,agree,51,واحد وخمسون,2023,قرار الهيئة لمعتمدية قلعة سنان__67__الكاف.PDF,11jdS5KgJM0OGWHLeP30Psct0dlGzexnb
الكاف,قلعه سنان,"قلعه سنان, تصرح",يونس عسكريح,435,agree,435,اربعمايه وخمسه وثلاثون,2023,قرار الهيئة لمعتمدية قلعة سنان__67__الكاف.PDF,11jdS5KgJM0OGWHLeP30Psct0dlGzexnb
الكاف,قلعه سنان,"قلعه سنان, تصرح",وليد دوايريه,35,agree,35,خمسه وثلاثون,2023,قرار الهيئة لمعتمدية قلعة سنان__67__الكاف.PDF,11jdS5KgJM0OGWHLeP30Psct0dlGzexnb
الكاف,قلعه سنان,"قلعه سنان, تصرح",خليل حناشي,89,digits-wrong,859,تسعه وثمانون,2023,قرار الهيئة لمعتمدية قلعة سنان__67__الكاف.PDF,11jdS5KgJM0OGWHLeP30Psct0dlGzexnb
الكاف,قلعه سنان,"قلعه سنان, تصرح",رمضان بالضياني,132,agree,132,مايه واثنان وثلاثون,2023,قرار الهيئة لمعتمدية قلعة سنان__67__الكاف.PDF,11jdS5KgJM0OGWHLeP30Psct0dlGzexnb
الكاف,نبر,"الشتاتله, تصرح البييه العليا",ماجد العربي,140,agree,140,مايه واربعون,2023,قرار الهيئة لمعتمدية نبر__68__الكاف.PDF,1ShOEi4Ce965h3FF2O3q8ycpfH5AzPGLN
الكاف,نبر,القصر - (نبر) يتقدم الها,ايمن جبالي كمسه وتسشحونه,595,digits-only,595,,2023,قرار الهيئة لمعتمدية نبر__68__الكاف.PDF,1ShOEi4Ce965h3FF2O3q8ycpfH5AzPGLN
الكاف,نبر,القصر - (نبر) يتقدم الها,انيس العرفاوي مايه وثلاثيه,90,digits-wrong,153,وتسعون,2023,قرار الهيئة لمعتمدية نبر__68__الكاف.PDF,1ShOEi4Ce965h3FF2O3q8ycpfH5AzPGLN
الكاف,نبر,القصر - (نبر) يتقدم الها,عبدالمجيد عرفاوي عشرون 20 4[,520,digits-only,520,,2023,قرار الهيئة لمعتمدية نبر__68__الكاف.PDF,1ShOEi4Ce965h3FF2O3q8ycpfH5AzPGLN
الكاف,نبر,القصر - (نبر) يتقدم الها,الحسين العرفاوي,30,agree,30,ثلاثون,2023,قرار الهيئة لمعتمدية نبر__68__الكاف.PDF,1ShOEi4Ce965h3FF2O3q8ycpfH5AzPGLN
الكاف,نبر,القصر - (نبر) يتقدم الها,عبدالوهاب مناعي,134,agree,134,مايه واربعه وثلاثون,2023,قرار الهيئة لمعتمدية نبر__68__الكاف.PDF,1ShOEi4Ce965h3FF2O3q8ycpfH5AzPGLN
الكاف,نبر,بهره يتقدم الما المترشحان,طارق هراغي,173,agree,173,مايه وثلاثه وسبعون,2023,قرار الهيئة لمعتمدية نبر__68__الكاف.PDF,1ShOEi4Ce965h3FF2O3q8ycpfH5AzPGLN
الكاف,نبر,بهره يتقدم الما المترشحان,اميمه المديني,113,agree,113,مايه وثلاثه عشر,2023,قرار الهيئة لمعتمدية نبر__68__الكاف.PDF,1ShOEi4Ce965h3FF2O3q8ycpfH5AzPGLN
الكاف,نبر,بهره يتقدم الما المترشحان,حاتم الرزقي,110,agree,110,مايه وعشره,2023,قرار الهيئة لمعتمدية نبر__68__الكاف.PDF,1ShOEi4Ce965h3FF2O3q8ycpfH5AzPGLN
الكاف,نبر,بهره يتقدم الما المترشحان,صلاح السمعلي,42,agree,42,اثنان واربعون,2023,قرار الهيئة لمعتمدية نبر__68__الكاف.PDF,1ShOEi4Ce965h3FF2O3q8ycpfH5AzPGLN
الكاف,نبر,تل الغزلان يتقدم اليها,سامي الخياطي,58,agree,58,ثمانيه وخمسون,2023,قرار الهيئة لمعتمدية نبر__68__الكاف.PDF,1ShOEi4Ce965h3FF2O3q8ycpfH5AzPGLN
الكاف,نبر,تل الغزلان يتقدم اليها,انيس مناعي,132,agree,132,مايه واثنان وثلاثون,2023,قرار الهيئة لمعتمدية نبر__68__الكاف.PDF,1ShOEi4Ce965h3FF2O3q8ycpfH5AzPGLN
الكاف,نبر,تل الغزلان يتقدم اليها,صلاح الحفصي,62,agree,62,اثنان وستون,2023,قرار الهيئة لمعتمدية نبر__68__الكاف.PDF,1ShOEi4Ce965h3FF2O3q8ycpfH5AzPGLN
الكاف,نبر,تل الغزلان يتقدم اليها,عمار الجندوبي2,63,agree,63,ثلاثه وستون,2023,قرار الهيئة لمعتمدية نبر__68__الكاف.PDF,1ShOEi4Ce965h3FF2O3q8ycpfH5AzPGLN
الكاف,نبر,سيدي خيار,صابر عبامي,73,agree,73,ثلاثه وسبعون,2023,قرار الهيئة لمعتمدية نبر__68__الكاف.PDF,1ShOEi4Ce965h3FF2O3q8ycpfH5AzPGLN
الكاف,نبر,سيدي خيارء تصرح البييه العليا,اكرم جباري,166,agree,166,مايه وسته وستون,2023,قرار الهيئة لمعتمدية نبر__68__الكاف.PDF,1ShOEi4Ce965h3FF2O3q8ycpfH5AzPGLN
الكاف,نبر,سيدي خيارء تصرح البييه العليا,ريم نصر,241,agree,241,مايتان وواحد واربعون,2023,قرار الهيئة لمعتمدية نبر__68__الكاف.PDF,1ShOEi4Ce965h3FF2O3q8ycpfH5AzPGLN
الكاف,نبر,سيدي خيارء تصرح البييه العليا,نوفل غنجاتي,72,digits-wrong,52,اثنان وسبعون,2023,قرار الهيئة لمعتمدية نبر__68__الكاف.PDF,1ShOEi4Ce965h3FF2O3q8ycpfH5AzPGLN
الكاف,نبر,سيدي مدين - (نبر) تصرح,ياسين بوقصعه,209,agree,209,مايتان وتسعه,2023,قرار الهيئة لمعتمدية نبر__68__الكاف.PDF,1ShOEi4Ce965h3FF2O3q8ycpfH5AzPGLN
الكاف,نبر,ملاقء تصرح الهييه العليا,منذر شعشوعي2,69,agree,69,تسعه وستون,2023,قرار الهيئة لمعتمدية نبر__68__الكاف.PDF,1ShOEi4Ce965h3FF2O3q8ycpfH5AzPGLN
الكاف,نبر,ملاقء تصرح الهييه العليا,نبراس شعشوعي,77,agree,77,سبعه وسبعون,2023,قرار الهيئة لمعتمدية نبر__68__الكاف.PDF,1ShOEi4Ce965h3FF2O3q8ycpfH5AzPGLN
الكاف,نبر,ملاقء تصرح الهييه العليا,شكري علوي,230,digits-wrong,2320,مايتان وثلاثون,2023,قرار الهيئة لمعتمدية نبر__68__الكاف.PDF,1ShOEi4Ce965h3FF2O3q8ycpfH5AzPGLN
أريانة,المنيهله,15 اكتوبر - (المنهله),امين الله الرحماني,127,agree,127,مايه وسبعه وعشرون,2023,المنيهلة.PDF,14AyC5LD2O1kZyCaQ2ok5_AWE8QBoCKcQ
أريانة,المنيهله,15 اكتوبر - (المنهله),المنصف علوي,51,agree,51,واحد وخمسون,2023,المنيهلة.PDF,14AyC5LD2O1kZyCaQ2ok5_AWE8QBoCKcQ
أريانة,المنيهله,البساتين - (المنهيله)؛,عبدالفتاح خلفي,298,digits-wrong,258,مايتان وثمانيه وتسعون,2023,المنيهلة.PDF,14AyC5LD2O1kZyCaQ2ok5_AWE8QBoCKcQ
أريانة,المنيهله,البساتين - (المنهيله)؛,وسام الرتيعي,365,agree,365,ثلاثمايه وخمسه وستون,2023,المنيهلة.PDF,14AyC5LD2O1kZyCaQ2ok5_AWE8QBoCKcQ
أريانة,المنيهله,البساتين - (المنهيله)؛,نجاه تروعي,218,agree,218,مايتان وثمانيه عشر,2023,المنيهلة.PDF,14AyC5LD2O1kZyCaQ2ok5_AWE8QBoCKcQ
أريانة,المنيهله,البساتين - (المنهيله)؛,يوسف جبالي خزري,180,digits-wrong,150,مايه وثمانون,2023,المنيهلة.PDF,14AyC5LD2O1kZyCaQ2ok5_AWE8QBoCKcQ
أريانة,المنيهله,البساتين - (المنهيله)؛,منيه السكراني,256,agree,256,مايتان وسته وخمسون,2023,المنيهلة.PDF,14AyC5LD2O1kZyCaQ2ok5_AWE8QBoCKcQ
أريانة,المنيهله,البساتين - (المنهيله)؛,بشره موسي,178,agree,178,مايه وثمانيه وسبعون,2023,المنيهلة.PDF,14AyC5LD2O1kZyCaQ2ok5_AWE8QBoCKcQ
أريانة,المنيهله,المنهله,مراد خزري,287,digits-wrong,257,مايتان وسبعه وثمانون,2023,المنيهلة.PDF,14AyC5LD2O1kZyCaQ2ok5_AWE8QBoCKcQ
أريانة,المنيهله,المنهله,الحبيب رمضان,79,digits-wrong,9,تسعه وسبعون,2023,المنيهلة.PDF,14AyC5LD2O1kZyCaQ2ok5_AWE8QBoCKcQ
أريانة,المنيهله,النصر - (المنهله) يتقدم,انس بركاتي,283,digits-wrong,253,مايتان وثلاثه وثمانون,2023,المنيهلة.PDF,14AyC5LD2O1kZyCaQ2ok5_AWE8QBoCKcQ
أريانة,المنيهله,النصر - (المنهله) يتقدم,منيره المشرقي,68,agree,68,ثمانيه وستون,2023,المنيهلة.PDF,14AyC5LD2O1kZyCaQ2ok5_AWE8QBoCKcQ
أريانة,المنيهله,النصر - (المنهله) يتقدم,حسن القفصي,328,digits-wrong,238,ثلاثمايه وثمانيه وعشرون,2023,المنيهلة.PDF,14AyC5LD2O1kZyCaQ2ok5_AWE8QBoCKcQ
أريانة,المنيهله,النصر - (المنهله) يتقدم,سلي قرق,155,agree,155,مايه وخمسه وخمسون,2023,المنيهلة.PDF,14AyC5LD2O1kZyCaQ2ok5_AWE8QBoCKcQ
أريانة,المنيهله,النصر - (المنهله) يتقدم,تاضين موس - مايه وواحد:وتهاتوت,161,digits-only,161,,2023,المنيهلة.PDF,14AyC5LD2O1kZyCaQ2ok5_AWE8QBoCKcQ
أريانة,اريانه المدينه,اربانه الجديده,وديع الجديدي,193,digits-wrong,153,مايه وثلاثه وتسعون,2023,أريانة المدينة.PDF,10f0TKLbXks4EdrK1S7nBG54fkLphh2Fr
أريانة,اريانه المدينه,اربانه الجديده,ناديه الطيفي,100,agree,100,مايه,2023,أريانة المدينة.PDF,10f0TKLbXks4EdrK1S7nBG54fkLphh2Fr
أريانة,اريانه المدينه,اربانه الجديده,خالد مسعود,63,agree,63,ثلاثه وستون,2023,أريانة المدينة.PDF,10f0TKLbXks4EdrK1S7nBG54fkLphh2Fr
أريانة,اريانه المدينه,اربانه العلياء تصرح البييه العليا المستقله,سعيده شقير,473,digits-wrong,073,اربعمايه وثلاثه وسبعون,2023,أريانة المدينة.PDF,10f0TKLbXks4EdrK1S7nBG54fkLphh2Fr
أريانة,اريانه المدينه,اربانه العلياء تصرح البييه العليا المستقله,مكرم العلوي,206,agree,206,مايتان وسته,2023,أريانة المدينة.PDF,10f0TKLbXks4EdrK1S7nBG54fkLphh2Fr
أريانة,اريانه المدينه,اربانه العلياء تصرح البييه العليا المستقله,امنه غزي,129,agree,129,مايه وتسعه وعشرون,2023,أريانة المدينة.PDF,10f0TKLbXks4EdrK1S7nBG54fkLphh2Fr
أريانة,اريانه المدينه,اريانه المدينه تصرح,العربي بوقمحه,287,digits-wrong,2517,مايتان وسبعه وثمانون,2023,أريانة المدينة.PDF,10f0TKLbXks4EdrK1S7nBG54fkLphh2Fr
أريانة,اريانه المدينه,اريانه المدينه تصرح,عماد دهي,92,digits-wrong,52,اثنان وتسعون,2023,أريانة المدينة.PDF,10f0TKLbXks4EdrK1S7nBG54fkLphh2Fr
أريانة,اريانه المدينه,اريانه المدينه تصرح,ريم بن سعد,48,agree,48,ثمانيه واربعون,2023,أريانة المدينة.PDF,10f0TKLbXks4EdrK1S7nBG54fkLphh2Fr
أريانة,اريانه المدينه,التعمير يتقدم اليها,منصور خليفي,81,agree,81,واحد وثمانون,2023,أريانة المدينة.PDF,10f0TKLbXks4EdrK1S7nBG54fkLphh2Fr
أريانة,اريانه المدينه,التعمير يتقدم اليها,خالد الفرجاوي,208,agree,208,مايتان وثمانيه,2023,أريانة المدينة.PDF,10f0TKLbXks4EdrK1S7nBG54fkLphh2Fr
أريانة,اريانه المدينه,التعمير يتقدم اليها,طارق الميلي,191,digits-wrong,151,مايه وواحد وتسعون,2023,أريانة المدينة.PDF,10f0TKLbXks4EdrK1S7nBG54fkLphh2Fr
أريانة,اريانه المدينه,التعمير يتقدم اليها,سليم بوعزيز,88,digits-wrong,58,ثمانيه وثمانون,2023,أريانة المدينة.PDF,10f0TKLbXks4EdrK1S7nBG54fkLphh2Fr
أريانة,اريانه المدينه,التعمير يتقدم اليها,ليلي عويديدي,50,agree,50,خمسون,2023,أريانة المدينة.PDF,10f0TKLbXks4EdrK1S7nBG54fkLphh2Fr
أريانة,اريانه المدينه,التعمير يتقدم اليها,عزالدين خلف الله,54,agree,54,اربعه وخمسون,2023,أريانة المدينة.PDF,10f0TKLbXks4EdrK1S7nBG54fkLphh2Fr
أريانة,اريانه المدينه,المنزه الخامسء تصرح,الممدي القعلول,251,agree,251,مايتان وواحد وخمسون,2023,أريانة المدينة.PDF,10f0TKLbXks4EdrK1S7nBG54fkLphh2Fr
أريانة,اريانه المدينه,المنزه الخامسء تصرح,ابراهيم بن ابراهيم,53,agree,53,ثلاثه وخمسون,2023,أريانة المدينة.PDF,10f0TKLbXks4EdrK1S7nBG54fkLphh2Fr
أريانة,اريانه المدينه,المنزه الخامسء تصرح,سميه جهان,94,digits-wrong,54,اربعه وتسعون,2023,أريانة المدينة.PDF,10f0TKLbXks4EdrK1S7nBG54fkLphh2Fr
أريانة,اريانه المدينه,المنزه السادسء تصرح,علي مانيطه,74,agree,74,اربعه وسبعون,2023,أريانة المدينة.PDF,10f0TKLbXks4EdrK1S7nBG54fkLphh2Fr
أريانة,اريانه المدينه,المنزه السادسء تصرح,حياه مسعودي,259,agree,259,مايتان وتسعه وخمسون,2023,أريانة المدينة.PDF,10f0TKLbXks4EdrK1S7nBG54fkLphh2Fr
أريانة,اريانه المدينه,النصر 1 تصرح البييه العليا,حده المبروكي,280,words-only,,مايتان وثمانون,2023,أريانة المدينة.PDF,10f0TKLbXks4EdrK1S7nBG54fkLphh2Fr
أريانة,اريانه المدينه,النصر 1 تصرح البييه العليا,عادل نقاره,121,words-only,,مايه وواحد وعشرون,2023,أريانة المدينة.PDF,10f0TKLbXks4EdrK1S7nBG54fkLphh2Fr
أريانة,اريانه المدينه,"النصر2, تصرح البييه",ماجد المناعي,293,digits-wrong,203,مايتان وثلاثه وتسعون,2023,أريانة المدينة.PDF,10f0TKLbXks4EdrK1S7nBG54fkLphh2Fr
أريانة,اريانه المدينه,"النصر2, تصرح البييه",محمد امين المستيري,442,agree,442,اربعمايه واثنان واربعون,2023,أريانة المدينة.PDF,10f0TKLbXks4EdrK1S7nBG54fkLphh2Fr
أريانة,اريانه المدينه,الياسمينه - (اريانه,رانيه الزريبي,342,agree,342,ثلاثمايه واثنان واربعون,2023,أريانة المدينة.PDF,10f0TKLbXks4EdrK1S7nBG54fkLphh2Fr
أريانة,اريانه المدينه,الياسمينه - (اريانه,هنده الوسلاتي,355,agree,355,ثلاثمايه وخمسه وخمسون,2023,أريانة المدينة.PDF,10f0TKLbXks4EdrK1S7nBG54fkLphh2Fr
أريانة,اريانه المدينه,الياسمينه - (اريانه,حسام الجراي,139,agree,139,مايه وتسعه وثلاثون,2023,أريانة المدينة.PDF,10f0TKLbXks4EdrK1S7nBG54fkLphh2Fr
أريانة,حي التضامن,2مارس - (حي,طارق الشوالي,204,agree,204,مايتان واربعه,2023,حي التضامن.PDF,19iPoK_QC-IQosyyeeD_oggKZog2_C7NX
أريانة,حي التضامن,2مارس - (حي,احمد مي,201,agree,201,مايتان وواحد,2023,حي التضامن.PDF,19iPoK_QC-IQosyyeeD_oggKZog2_C7NX
أريانة,حي التضامن,9افريل؛ تصرح,سناء بن عمر ماثتان,80,digits-wrong,260,وثمانون,2023,حي التضامن.PDF,19iPoK_QC-IQosyyeeD_oggKZog2_C7NX
أريانة,حي التضامن,9افريل؛ تصرح,رجاء الجوبني,106,agree,106,مايه وسته,2023,حي التضامن.PDF,19iPoK_QC-IQosyyeeD_oggKZog2_C7NX
أريانة,حي التضامن,18جانفي - (حي,وفاء العبدي,201,agree,201,مايتان وواحد,2023,حي التضامن.PDF,19iPoK_QC-IQosyyeeD_oggKZog2_C7NX
أريانة,حي التضامن,18جانفي - (حي,متيره ولبازي اماثهووستون,160,digits-only,160,,2023,حي التضامن.PDF,19iPoK_QC-IQosyyeeD_oggKZog2_C7NX
أريانة,حي التضامن,18جانفي - (حي,ايمن الخلولي,100,agree,100,مايه,2023,حي التضامن.PDF,19iPoK_QC-IQosyyeeD_oggKZog2_C7NX
أريانة,حي التضامن,ابن خلدون - (حي التضامن),خلود نجايعي,76,agree,76,سته وسبعون,2023,حي التضامن.PDF,19iPoK_QC-IQosyyeeD_oggKZog2_C7NX
أريانة,حي التضامن,ابو القاسم الشابي - (حي التضامن),محمدامين هويملي,173,digits-wrong,18,مايه وثلاثه وسبعون,2023,حي التضامن.PDF,19iPoK_QC-IQosyyeeD_oggKZog2_C7NX
أريانة,حي التضامن,التضامن 4,احمد البمامي,176,digits-wrong,16,مايه وسته وسبعون,2023,حي التضامن.PDF,19iPoK_QC-IQosyyeeD_oggKZog2_C7NX
أريانة,حي التضامن,التضامن 4,احمد العياري,324,agree,324,ثلاثمايه واربعه وعشرون,2023,حي التضامن.PDF,19iPoK_QC-IQosyyeeD_oggKZog2_C7NX
أريانة,حي التضامن,المنجي سليم,محمد القديدي ماتيتان,25,digits-wrong,225,وخمسه وعشرون,2023,حي التضامن.PDF,19iPoK_QC-IQosyyeeD_oggKZog2_C7NX
أريانة,حي التضامن,المنجي سليم,عواطف البلطي,170,agree,170,مايه وسبعون,2023,حي التضامن.PDF,19iPoK_QC-IQosyyeeD_oggKZog2_C7NX
أريانة,حي التضامن,حي التضامن,شعيب الزاير,159,agree,159,مايه وتسعه وخمسون,2023,حي التضامن.PDF,19iPoK_QC-IQosyyeeD_oggKZog2_C7NX
أريانة,حي التضامن,حي التضامن,احمد الطنيش,236,agree,236,مايتان وسته وثلاثون,2023,حي التضامن.PDF,19iPoK_QC-IQosyyeeD_oggKZog2_C7NX
أريانة,حي التضامن,حي التضامن,محمود بوجمعه,214,agree,214,مايتان واربعه عشر,2023,حي التضامن.PDF,19iPoK_QC-IQosyyeeD_oggKZog2_C7NX
أريانة,حي التضامن,خير الدين باشا - (حي التضامن),بسمه المي,99,digits-wrong,59,تسعه وتسعون,2023,حي التضامن.PDF,19iPoK_QC-IQosyyeeD_oggKZog2_C7NX
أريانة,رواد,جعفر يتقدم الها,معز عسكري,152,agree,152,مايه واثنان وخمسون,2023,رواد.PDF,1Kf5uTfRtun3JAJ1bLR9aYuyk-9beOdxj
أريانة,رواد,جعفر يتقدم الها,احلام الشيخاوي,192,digits-wrong,152,مايه واثنان وتسعون,2023,رواد.PDF,1Kf5uTfRtun3JAJ1bLR9aYuyk-9beOdxj
أريانة,رواد,جعفر يتقدم الها,محمدالهادي حموده,59,agree,59,تسعه وخمسون,2023,رواد.PDF,1Kf5uTfRtun3JAJ1bLR9aYuyk-9beOdxj
أريانة,رواد,جعفر يتقدم الها,ياسين قيش,155,agree,155,مايه وخمسه وخمسون,2023,رواد.PDF,1Kf5uTfRtun3JAJ1bLR9aYuyk-9beOdxj
أريانة,رواد,جعفر يتقدم الها,وفاء بن سميه,85,agree,85,خمسه وثمانون,2023,رواد.PDF,1Kf5uTfRtun3JAJ1bLR9aYuyk-9beOdxj
أريانة,رواد,جعفر يتقدم الها,نجوي خزري,77,agree,77,سبعه وسبعون,2023,رواد.PDF,1Kf5uTfRtun3JAJ1bLR9aYuyk-9beOdxj
أريانة,رواد,جعفر يتقدم الها,فاطمه بن سميه,109,agree,109,مايه وتسعه,2023,رواد.PDF,1Kf5uTfRtun3JAJ1bLR9aYuyk-9beOdxj
أريانة,رواد,رواد يتقدم المها المترشحان,دليله الخمامي,53,agree,53,ثلاثه وخمسون,2023,رواد.PDF,1Kf5uTfRtun3JAJ1bLR9aYuyk-9beOdxj
أريانة,رواد,رواد يتقدم المها المترشحان,مهدي سعدي,84,digits-wrong,54,اربعه وثمانون,2023,رواد.PDF,1Kf5uTfRtun3JAJ1bLR9aYuyk-9beOdxj
أريانة,رواد,رواد يتقدم المها المترشحان,بشري بنطراد,124,agree,124,مايه واربعه وعشرون,2023,رواد.PDF,1Kf5uTfRtun3JAJ1bLR9aYuyk-9beOdxj
أريانة,رواد,رواد يتقدم المها المترشحان,نورالدين الطرابلسي,85,agree,85,خمسه وثمانون,2023,رواد.PDF,1Kf5uTfRtun3JAJ1bLR9aYuyk-9beOdxj
أريانة,رواد,رواد يتقدم المها المترشحان,عبدالستار زغاب,69,agree,69,تسعه وستون,2023,رواد.PDF,1Kf5uTfRtun3JAJ1bLR9aYuyk-9beOdxj
أريانة,رواد,رواد يتقدم المها المترشحان,ناجي نفيظ,177,agree,177,مايه وسبعه وسبعون,2023,رواد.PDF,1Kf5uTfRtun3JAJ1bLR9aYuyk-9beOdxj
أريانة,رواد,رواد يتقدم المها المترشحان,علاء الدين درمول,194,agree,194,مايه واربعه وتسعون,2023,رواد.PDF,1Kf5uTfRtun3JAJ1bLR9aYuyk-9beOdxj
أريانة,رواد,رواد يتقدم المها المترشحان,فاطمه عمار,59,agree,59,تسعه وخمسون,2023,رواد.PDF,1Kf5uTfRtun3JAJ1bLR9aYuyk-9beOdxj
أريانة,رواد,سيدي عمر بوخطيوه,فرحات البوغديري,324,digits-wrong,2324,ثلاثمايه واربعه وعشرون,2023,رواد.PDF,1Kf5uTfRtun3JAJ1bLR9aYuyk-9beOdxj
أريانة,رواد,سيدي عمر بوخطيوه,ليليا سعيداني تسعه وسبعون 9/,2000011,digits-only,2000011,,2023,رواد.PDF,1Kf5uTfRtun3JAJ1bLR9aYuyk-9beOdxj
أريانة,رواد,سيدي عمر بوخطيوه,المنصف العبدلي,238,agree,238,مايتان وثمانيه وثلاثون,2023,رواد.PDF,1Kf5uTfRtun3JAJ1bLR9aYuyk-9beOdxj
أريانة,رواد,الغزاله» تصرح البييه,عصام منصوري2,343,agree,343,ثلاثمايه وثلاثه واربعون,2023,رواد.PDF,1Kf5uTfRtun3JAJ1bLR9aYuyk-9beOdxj
أريانة,رواد,الغزاله» تصرح البييه,نصرالدين الاسود,117,agree,117,مايه وسبعه عشر,2023,رواد.PDF,1Kf5uTfRtun3JAJ1bLR9aYuyk-9beOdxj
أريانة,رواد,الغزاله» تصرح البييه,عايشه كليله,189,digits-wrong,169,مايه وتسعه وثمانون,2023,رواد.PDF,1Kf5uTfRtun3JAJ1bLR9aYuyk-9beOdxj
أريانة,رواد,الغزاله» تصرح البييه,مصطفي لويز,88,agree,88,ثمانيه وثمانون,2023,رواد.PDF,1Kf5uTfRtun3JAJ1bLR9aYuyk-9beOdxj
أريانة,رواد,الغزاله» تصرح البييه,سالمه المناعي,139,agree,139,مايه وتسعه وثلاثون,2023,رواد.PDF,1Kf5uTfRtun3JAJ1bLR9aYuyk-9beOdxj
أريانة,رواد,الغزاله» تصرح البييه,حنان الحزامي,111,agree,111,مايه واحد عشره,2023,رواد.PDF,1Kf5uTfRtun3JAJ1bLR9aYuyk-9beOdxj
أريانة,رواد,الغزاله» تصرح البييه,نزار محفوظي,85,agree,85,خمسه وثمانون,2023,رواد.PDF,1Kf5uTfRtun3JAJ1bLR9aYuyk-9beOdxj
أريانة,رواد,الغزاله» تصرح البييه,رقيه شامخ,110,agree,110,مايه وعشره,2023,رواد.PDF,1Kf5uTfRtun3JAJ1bLR9aYuyk-9beOdxj
أريانة,رواد,الغزاله» تصرح البييه,فوزي الحزامي,113,agree,113,مايه وثلاثه عشر,2023,رواد.PDF,1Kf5uTfRtun3JAJ1bLR9aYuyk-9beOdxj
أريانة,رواد,الغزاله» تصرح البييه,حاتم بوعيسي2,93,digits-wrong,53,ثلاثه وتسعون,2023,رواد.PDF,1Kf5uTfRtun3JAJ1bLR9aYuyk-9beOdxj
أريانة,رواد,النخيلات يتقدم الها,نبيل بالنصر,20,agree,20,عشرون,2023,رواد.PDF,1Kf5uTfRtun3JAJ1bLR9aYuyk-9beOdxj
أريانة,رواد,النخيلات يتقدم الها,سالم الشايب,148,agree,148,مايه وثمانيه واربعون,2023,رواد.PDF,1Kf5uTfRtun3JAJ1bLR9aYuyk-9beOdxj
أريانة,رواد,النخيلات يتقدم الها,الحبيب كداشي,54,agree,54,اربعه وخمسون,2023,رواد.PDF,1Kf5uTfRtun3JAJ1bLR9aYuyk-9beOdxj
أريانة,رواد,النخيلات يتقدم الها,محمد بريكي,180,digits-wrong,160,مايه وثمانون,2023,رواد.PDF,1Kf5uTfRtun3JAJ1bLR9aYuyk-9beOdxj
أريانة,رواد,النخيلات يتقدم الها,رحاب محرز,118,digits-wrong,18,مايه وثمانيه عشر,2023,رواد.PDF,1Kf5uTfRtun3JAJ1bLR9aYuyk-9beOdxj
أريانة,رواد,النخيلات يتقدم الها,بلال عبدالمول,55,agree,55,خمسه وخمسون,2023,رواد.PDF,1Kf5uTfRtun3JAJ1bLR9aYuyk-9beOdxj
أريانة,رواد,برج الطويل يتقدم الها,اعتدال الغربي,159,agree,159,مايه وتسعه وخمسون,2023,رواد.PDF,1Kf5uTfRtun3JAJ1bLR9aYuyk-9beOdxj
أريانة,رواد,برج الطويل يتقدم الها,الطاهر الفرشيشي,77,agree,77,سبعه وسبعون,2023,رواد.PDF,1Kf5uTfRtun3JAJ1bLR9aYuyk-9beOdxj
أريانة,رواد,برج الطويل يتقدم الها,حيدر ابن حسن,50,agree,50,خمسون,2023,رواد.PDF,1Kf5uTfRtun3JAJ1bLR9aYuyk-9beOdxj
أريانة,رواد,برج الطويل يتقدم الها,حمزه بن حرب,143,agree,143,مايه وثلاثه واربعون,2023,رواد.PDF,1Kf5uTfRtun3JAJ1bLR9aYuyk-9beOdxj
أريانة,رواد,برج الطويل يتقدم الها,غيث الهمامي,89,agree,89,تسعه وثمانون,2023,رواد.PDF,1Kf5uTfRtun3JAJ1bLR9aYuyk-9beOdxj
أريانة,رواد,برج الطويل يتقدم الها,نجيب بن تاردايت,45,agree,45,خمسه واربعون,2023,رواد.PDF,1Kf5uTfRtun3JAJ1bLR9aYuyk-9beOdxj
أريانة,رواد,برج الطويل يتقدم الها,الميلود العلوي,39,agree,39,تسعه وثلاثون,2023,رواد.PDF,1Kf5uTfRtun3JAJ1bLR9aYuyk-9beOdxj
أريانة,سكره,"البساتين - (سكره),",عادل الجابري,146,agree,146,مايه وسته واربعون,2023,سكرة.PDF,1QglpOd5GTvKo0IVtJxbK6x6HgowAQacL
أريانة,سكره,"البساتين - (سكره),",محجمك الصف العجنقي,131,agree,131,مايه وواحد وثلاثون,2023,سكرة.PDF,1QglpOd5GTvKo0IVtJxbK6x6HgowAQacL
أريانة,سكره,دار فضالء تصرح البييه,كمال المثلوثي,458,agree,458,اربعمايه وثمانيه وخمسون,2023,سكرة.PDF,1QglpOd5GTvKo0IVtJxbK6x6HgowAQacL
أريانة,سكره,دار فضالء تصرح البييه,الفه ورفلي,292,digits-wrong,252,مايتان واثنان وتسعون,2023,سكرة.PDF,1QglpOd5GTvKo0IVtJxbK6x6HgowAQacL
أريانة,سكره,سكره - (سكره) يتقدم,فتحي رضوان الغنودي,158,agree,158,مايه وثمانيه وخمسون,2023,سكرة.PDF,1QglpOd5GTvKo0IVtJxbK6x6HgowAQacL
أريانة,سكره,سكره - (سكره) يتقدم,الممدي بركه,213,agree,213,مايتان وثلاثه عشر,2023,سكرة.PDF,1QglpOd5GTvKo0IVtJxbK6x6HgowAQacL
أريانة,سكره,سكره - (سكره) يتقدم,مكرم مراد,229,agree,229,مايتان وتسعه وعشرون,2023,سكرة.PDF,1QglpOd5GTvKo0IVtJxbK6x6HgowAQacL
أريانة,سكره,شطرانه يتقدم اليها,محمد صويدي,253,agree,253,مايتان وثلاثه وخمسون,2023,سكرة.PDF,1QglpOd5GTvKo0IVtJxbK6x6HgowAQacL
أريانة,سكره,شطرانه يتقدم اليها,نعيمه شرك,91,agree,91,واحد وتسعون,2023,سكرة.PDF,1QglpOd5GTvKo0IVtJxbK6x6HgowAQacL
أريانة,سكره,شطرانه يتقدم اليها,محمد العيد هلال,81,agree,81,واحد وثمانون,2023,سكرة.PDF,1QglpOd5GTvKo0IVtJxbK6x6HgowAQacL
أريانة,سكره,التعمير الخامس يتقدم,نورس الرقيق,192,digits-wrong,152,مايه واثنان وتسعون,2023,سكرة.PDF,1QglpOd5GTvKo0IVtJxbK6x6HgowAQacL
أريانة,سكره,التعمير الخامس يتقدم,ءايمان بن رجب,322,agree,322,ثلاثمايه واثنان وعشرون,2023,سكرة.PDF,1QglpOd5GTvKo0IVtJxbK6x6HgowAQacL
أريانة,سكره,التعمير الخامس يتقدم,شمس الدين الدريدي,126,agree,126,مايه وسته وعشرون,2023,سكرة.PDF,1QglpOd5GTvKo0IVtJxbK6x6HgowAQacL
أريانة,سكره,التعمير الخامس يتقدم,نزار الصولي,233,agree,233,مايتان وثلاثه وثلاثون,2023,سكرة.PDF,1QglpOd5GTvKo0IVtJxbK6x6HgowAQacL
أريانة,سكره,التعمير الخامس يتقدم,محمدالعيادي الشهباني,104,agree,104,مايه واربعه,2023,سكرة.PDF,1QglpOd5GTvKo0IVtJxbK6x6HgowAQacL
أريانة,سكره,التعمير الخامس يتقدم,انس بن علي,48,agree,48,ثمانيه واربعون,2023,سكرة.PDF,1QglpOd5GTvKo0IVtJxbK6x6HgowAQacL
أريانة,سكره,النسيم - (سكره) يتقدم,هشام يعي,81,agree,81,واحد وثمانون,2023,سكرة.PDF,1QglpOd5GTvKo0IVtJxbK6x6HgowAQacL
أريانة,سكره,النسيم - (سكره) يتقدم,ايمن غرسلي,180,digits-wrong,160,مايه وثمانون,2023,سكرة.PDF,1QglpOd5GTvKo0IVtJxbK6x6HgowAQacL
أريانة,سكره,النسيم - (سكره) يتقدم,عبير مرواني,105,agree,105,مايه وخمسه,2023,سكرة.PDF,1QglpOd5GTvKo0IVtJxbK6x6HgowAQacL
أريانة,سكره,النسيم - (سكره) يتقدم,فتحي كريمي,122,digits-wrong,2,مايه واثنان وعشرون,2023,سكرة.PDF,1QglpOd5GTvKo0IVtJxbK6x6HgowAQacL
أريانة,سكره,النسيم - (سكره) يتقدم,سليمه البدوي,171,agree,171,مايه وواحد وسبعون,2023,سكرة.PDF,1QglpOd5GTvKo0IVtJxbK6x6HgowAQacL
أريانة,سكره,النسيم - (سكره) يتقدم,محمد نجيب العطوي,119,agree,119,مايه وتسعه عشر,2023,سكرة.PDF,1QglpOd5GTvKo0IVtJxbK6x6HgowAQacL
أريانة,سكره,النسيم - (سكره) يتقدم,كمال الدين القاهري 2,30,agree,30,ثلاثون,2023,سكرة.PDF,1QglpOd5GTvKo0IVtJxbK6x6HgowAQacL
أريانة,سكره,برج الوزير- (سكره),صفوان رويمن سته وارنغون,46,digits-only,46,,2023,سكرة.PDF,1QglpOd5GTvKo0IVtJxbK6x6HgowAQacL
أريانة,سيدي ثابت,المنجي سليم,حمدي النفزي,160,agree,160,مايه وستون,2023,سيدي ثابت.PDF,1ocyAI2pg3cXzM0cRAxqfyl9v9ju1EaSq
أريانة,سيدي ثابت,المنجي سليم,الاسعد الفرجاني,172,agree,172,مايه واثنان وسبعون,2023,سيدي ثابت.PDF,1ocyAI2pg3cXzM0cRAxqfyl9v9ju1EaSq
أريانة,سيدي ثابت,بجاوه يتقدم الهها,محمد الطاهر سلام,101,agree,101,مايه وواحد,2023,سيدي ثابت.PDF,1ocyAI2pg3cXzM0cRAxqfyl9v9ju1EaSq
أريانة,سيدي ثابت,بجاوه يتقدم الهها,محمد علي بن حميده,56,agree,56,سته وخمسون,2023,سيدي ثابت.PDF,1ocyAI2pg3cXzM0cRAxqfyl9v9ju1EaSq
أريانة,سيدي ثابت,"سباله بن عمار,",حسني كشيم ماتتان وثمانيه وتسعون 258 8 ا,5102027,digits-only,5102027,,2023,سيدي ثابت.PDF,1ocyAI2pg3cXzM0cRAxqfyl9v9ju1EaSq
أريانة,سيدي ثابت,"سيدي ثابت,",ابتسام الراجحي,145,agree,145,مايه وخمسه واربعون,2023,سيدي ثابت.PDF,1ocyAI2pg3cXzM0cRAxqfyl9v9ju1EaSq
أريانة,سيدي ثابت,"سيدي ثابت,",دنيا الجلاصي,76,agree,76,ستهوسبعون,2023,سيدي ثابت.PDF,1ocyAI2pg3cXzM0cRAxqfyl9v9ju1EaSq
أريانة,سيدي ثابت,شرفشء تصرح,الخطوي الطرابلسبي,85,agree,85,خمسه وثمانون,2023,سيدي ثابت.PDF,1ocyAI2pg3cXzM0cRAxqfyl9v9ju1EaSq
أريانة,سيدي ثابت,شرفشء تصرح,محمد الميزوري مايتان واقتان,202,digits-only,202,,2023,سيدي ثابت.PDF,1ocyAI2pg3cXzM0cRAxqfyl9v9ju1EaSq
أريانة,قلعه الاندلس,"الحسيان,",حافظ قزدالله,66,agree,66,سته وستون,2023,قلعة الأندلس.PDF,1x5hQh5VhqfkTb3bVgBe0pT0OzT9JKwV5
أريانة,قلعه الاندلس,"الحسيان,",احمد سعودي,117,digits-wrong,17,مايه وسبعه عشر,2023,قلعة الأندلس.PDF,1x5hQh5VhqfkTb3bVgBe0pT0OzT9JKwV5
أريانة,قلعه الاندلس,النحليء تصرح,تجيب الربييي,171,digits-wrong,1,مايه وواحد وسبعون,2023,قلعة الأندلس.PDF,1x5hQh5VhqfkTb3bVgBe0pT0OzT9JKwV5
أريانة,قلعه الاندلس,النحليء تصرح,رياضع الفريدي مانتاتروا تاق,70,digits-wrong,72,:وسبعون,2023,قلعة الأندلس.PDF,1x5hQh5VhqfkTb3bVgBe0pT0OzT9JKwV5
أريانة,قلعه الاندلس,بوحنش,سامي البوعلي,187,digits-wrong,20167,مايه وسبعه وثمانون,2023,قلعة الأندلس.PDF,1x5hQh5VhqfkTb3bVgBe0pT0OzT9JKwV5
أريانة,قلعه الاندلس,بوحنش,ماهر الزواري,227,digits-wrong,7,مايتان وسبعه وعشرون,2023,قلعة الأندلس.PDF,1x5hQh5VhqfkTb3bVgBe0pT0OzT9JKwV5
أريانة,قلعه الاندلس,قلعه الاندلس,احمد الكسوري,421,digits-wrong,1,اربعمايه وواحد وعشرون,2023,قلعة الأندلس.PDF,1x5hQh5VhqfkTb3bVgBe0pT0OzT9JKwV5
أريانة,قلعه الاندلس,قلعه الاندلس,حمدي بن محرز,340,digits-wrong,0,ثلاثمايه واربعون,2023,قلعة الأندلس.PDF,1x5hQh5VhqfkTb3bVgBe0pT0OzT9JKwV5
أريانة,قلعه الاندلس,قلعه الاندلس,علي بالحاج قلاقماته وتماكوق,0,digits-only,00,,2023,قلعة الأندلس.PDF,1x5hQh5VhqfkTb3bVgBe0pT0OzT9JKwV5
أريانة,قلعه الاندلس,قلعه الاندلس,عادل الحصايرق,565,digits-wrong,665,خمسمايه وخمسه وستون,2023,قلعة الأندلس.PDF,1x5hQh5VhqfkTb3bVgBe0pT0OzT9JKwV5
أريانة,قلعه الاندلس,قلعه الاندلس,اميره بنمصطفي مايهاوسته:وثلاثون,16,digits-only,16,,2023,قلعة الأندلس.PDF,1x5hQh5VhqfkTb3bVgBe0pT0OzT9JKwV5
أريانة,قلعه الاندلس,قنطره بنزرت,نورالديق الدزيري مايتان وثلايه,50,digits-wrong,53,وخمسون,2023,قلعة الأندلس.PDF,1x5hQh5VhqfkTb3bVgBe0pT0OzT9JKwV5
أريانة,قلعه الاندلس,قنطره بنزرت,كمنالزوق كهيده جناقه,1,agree,01,وواحد,2023,قلعة الأندلس.PDF,1x5hQh5VhqfkTb3bVgBe0pT0OzT9JKwV5
بن عروس,الزهراء,18جانفي - (الزهراء)ء,ايمان البكوش,377,digits-wrong,577,ثلاثمايه وسبعه وسبعون,2023,قرار الهيئة لمعتمدية الزهراء__26__بن عروس.PDF,11_KXgXLbtRY0LnUeGb2soz4u9BJGb8Ct
بن عروس,الزهراء,"الزهراء المدينه, تصرح",عادل ماجول مايثتان,24,digits-wrong,224,واربعه وعشرون,2023,قرار الهيئة لمعتمدية الزهراء__26__بن عروس.PDF,11_KXgXLbtRY0LnUeGb2soz4u9BJGb8Ct
بن عروس,الزهراء,"الزهراء المدينه, تصرح",علي الحلاوي,172,agree,172,مايه واثنان وسبعون,2023,قرار الهيئة لمعتمدية الزهراء__26__بن عروس.PDF,11_KXgXLbtRY0LnUeGb2soz4u9BJGb8Ct
بن عروس,الزهراء,برج الوزير - (الزهراء)؛ تصرح,سليم باقو,115,agree,115,مايه وخمسه عشر,2023,قرار الهيئة لمعتمدية الزهراء__26__بن عروس.PDF,11_KXgXLbtRY0LnUeGb2soz4u9BJGb8Ct
بن عروس,الزهراء,برج الوزير - (الزهراء)؛ تصرح,صالحه السعودي,84,agree,84,اربعه وثمانون,2023,قرار الهيئة لمعتمدية الزهراء__26__بن عروس.PDF,11_KXgXLbtRY0LnUeGb2soz4u9BJGb8Ct
بن عروس,الزهراء,حي الحبيب 1 - (الزهراء),يعقوب نايلي ماثيتان,5,digits-wrong,205,وخمسه,2023,قرار الهيئة لمعتمدية الزهراء__26__بن عروس.PDF,11_KXgXLbtRY0LnUeGb2soz4u9BJGb8Ct
بن عروس,الزهراء,حي الحبيب 2 - (الزهراء),امين سديري,151,digits-wrong,251,مايه وواحد وخمسون,2023,قرار الهيئة لمعتمدية الزهراء__26__بن عروس.PDF,11_KXgXLbtRY0LnUeGb2soz4u9BJGb8Ct
بن عروس,المحمديه,المحمديه,فتحي القليدي,63,agree,63,ثلاثه وستون,2023,قرار الهيئة لمعتمدية المحمدية__22__بن عروس.PDF,1n76iQ2vp1rl2DTipvHyq5B8v52cgvJRB
بن عروس,المحمديه,المحمديه,عبداللطيف نصري مايثتان,54,digits-wrong,254,واربعه وخمسون,2023,قرار الهيئة لمعتمدية المحمدية__22__بن عروس.PDF,1n76iQ2vp1rl2DTipvHyq5B8v52cgvJRB
بن عروس,المحمديه,المحمديه,نجوي سويري,285,agree,285,مايتان وخمسه وثمانون,2023,قرار الهيئة لمعتمدية المحمدية__22__بن عروس.PDF,1n76iQ2vp1rl2DTipvHyq5B8v52cgvJRB
بن عروس,المحمديه,المحمديه,موسي ساحلي,293,digits-wrong,203,مايتان وثلاثه وتسعون,2023,قرار الهيئة لمعتمدية المحمدية__22__بن عروس.PDF,1n76iQ2vp1rl2DTipvHyq5B8v52cgvJRB
بن عروس,المحمديه,المحمديه,هدي الهمامي,148,agree,148,مايه وثمانيه واربعون,2023,قرار الهيئة لمعتمدية المحمدية__22__بن عروس.PDF,1n76iQ2vp1rl2DTipvHyq5B8v52cgvJRB
بن عروس,المحمديه,المحمديه,رضا محواثي,137,agree,137,مايه وسبعه وثلاثون,2023,قرار الهيئة لمعتمدية المحمدية__22__بن عروس.PDF,1n76iQ2vp1rl2DTipvHyq5B8v52cgvJRB
بن عروس,المحمديه,المنجي سليم,الحسين الصالحعي,389,digits-wrong,2369,ثلاثمايه وتسعه وثمانون,2023,قرار الهيئة لمعتمدية المحمدية__22__بن عروس.PDF,1n76iQ2vp1rl2DTipvHyq5B8v52cgvJRB
بن عروس,المحمديه,المنجي سليم,احمد المصباحي,289,digits-wrong,269,مايتان وتسعه وثمانون,2023,قرار الهيئة لمعتمدية المحمدية__22__بن عروس.PDF,1n76iQ2vp1rl2DTipvHyq5B8v52cgvJRB
بن عروس,المحمديه,حي السعاده,عمر البوغالمي,273,agree,273,مايتان وثلاثه وسبعون,2023,قرار الهيئة لمعتمدية المحمدية__22__بن عروس.PDF,1n76iQ2vp1rl2DTipvHyq5B8v52cgvJRB
بن عروس,المحمديه,حي النسيم,ايمن الطرابلسي ماثتان,14,digits-wrong,214,واربعه عشر,2023,قرار الهيئة لمعتمدية المحمدية__22__بن عروس.PDF,1n76iQ2vp1rl2DTipvHyq5B8v52cgvJRB
بن عروس,المحمديه,حي النسيم,ايمن حسني,351,agree,351,ثلاثمايه وواحد وخمسون,2023,قرار الهيئة لمعتمدية المحمدية__22__بن عروس.PDF,1n76iQ2vp1rl2DTipvHyq5B8v52cgvJRB
بن عروس,المحمديه,حي النسيم,سميحه فقراوي,100,agree,100,مايه,2023,قرار الهيئة لمعتمدية المحمدية__22__بن عروس.PDF,1n76iQ2vp1rl2DTipvHyq5B8v52cgvJRB
بن عروس,المحمديه,سيدي فرج,محمد الطاهر العوسجي,272,agree,272,مايتان واثنان وسبعون,2023,قرار الهيئة لمعتمدية المحمدية__22__بن عروس.PDF,1n76iQ2vp1rl2DTipvHyq5B8v52cgvJRB
بن عروس,المحمديه,سيدي فرج,جمال غربي,148,agree,148,مايه وثمانيه واربعون,2023,قرار الهيئة لمعتمدية المحمدية__22__بن عروس.PDF,1n76iQ2vp1rl2DTipvHyq5B8v52cgvJRB
بن عروس,المحمديه,سيدي فرج,رمزي الجلاصي,91,digits-wrong,251,واحد وتسعون,2023,قرار الهيئة لمعتمدية المحمدية__22__بن عروس.PDF,1n76iQ2vp1rl2DTipvHyq5B8v52cgvJRB
بن عروس,المدينه الجديده,الرابطه - (المدينه,حلمي دخيل,211,digits-wrong,201,مايتان واحد عشره,2023,قرار الهيئة لمعتمدية المدينة الجديدة__24__بن عروس.PDF,1H4GrA8xbuE2shr-qxrtgAals3XD98aAz
بن عروس,المدينه الجديده,الرابطه - (المدينه,هاله بدرالدين,209,agree,209,مايتان وتسعه,2023,قرار الهيئة لمعتمدية المدينة الجديدة__24__بن عروس.PDF,1H4GrA8xbuE2shr-qxrtgAals3XD98aAz
بن عروس,المدينه الجديده,المدينه الجديده2,حاتم رزق الله,123,agree,123,مايه وثلاثه وعشرون,2023,قرار الهيئة لمعتمدية المدينة الجديدة__24__بن عروس.PDF,1H4GrA8xbuE2shr-qxrtgAals3XD98aAz
بن عروس,المدينه الجديده,"المدينه الجديده2,",راويه الجوادي,166,agree,166,مايه وسته وستون,2023,قرار الهيئة لمعتمدية المدينة الجديدة__24__بن عروس.PDF,1H4GrA8xbuE2shr-qxrtgAals3XD98aAz
بن عروس,المدينه الجديده,الياسمينات,زياد بن حسون,246,agree,246,مايتان وسته واربعون,2023,قرار الهيئة لمعتمدية المدينة الجديدة__24__بن عروس.PDF,1H4GrA8xbuE2shr-qxrtgAals3XD98aAz
بن عروس,المدينه الجديده,الياسمينات,فيصل الهلول ماتتان,83,digits-wrong,263,وثلاثه وثمانون,2023,قرار الهيئة لمعتمدية المدينة الجديدة__24__بن عروس.PDF,1H4GrA8xbuE2shr-qxrtgAals3XD98aAz
بن عروس,المدينه الجديده,سيدي,عدنان النصري,408,agree,408,اربعمايه وثمانيه,2023,قرار الهيئة لمعتمدية المدينة الجديدة__24__بن عروس.PDF,1H4GrA8xbuE2shr-qxrtgAals3XD98aAz
بن عروس,المروج,المروج 1,عادل بالطيبي,269,agree,269,مايتان وتسعه وستون,2023,قرار الهيئة لمعتمدية المروج__23__بن عروس.PDF,1R9meDY5ZmMnazjLgv-OoAYLidKGGQtU-
بن عروس,المروج,المروج 1,هنده بن عمار ماثيتان,81,digits-wrong,251,وواحد وثمانون,2023,قرار الهيئة لمعتمدية المروج__23__بن عروس.PDF,1R9meDY5ZmMnazjLgv-OoAYLidKGGQtU-
بن عروس,المروج,المروج 3 يتقدم الها,ايمن قصوري,322,agree,322,ثلاثمايه واثنان وعشرون,2023,قرار الهيئة لمعتمدية المروج__23__بن عروس.PDF,1R9meDY5ZmMnazjLgv-OoAYLidKGGQtU-
بن عروس,المروج,المروج 3 يتقدم الها,ربح مباري,323,digits-wrong,33,ثلاثمايه وثلاثه وعشرون,2023,قرار الهيئة لمعتمدية المروج__23__بن عروس.PDF,1R9meDY5ZmMnazjLgv-OoAYLidKGGQtU-
بن عروس,المروج,المروج 3 يتقدم الها,نورالدين المرزوقي,225,agree,225,مايتان وخمسه وعشرون,2023,قرار الهيئة لمعتمدية المروج__23__بن عروس.PDF,1R9meDY5ZmMnazjLgv-OoAYLidKGGQtU-
بن عروس,المروج,المروج 3 يتقدم الها,حياه الفرشيشي,140,agree,140,مايه واربعون,2023,قرار الهيئة لمعتمدية المروج__23__بن عروس.PDF,1R9meDY5ZmMnazjLgv-OoAYLidKGGQtU-
بن عروس,المروج,المروج 4 يتقدم الها,قيس ونيس,94,words-only,,اربعه وتسعون,2023,قرار الهيئة لمعتمدية المروج__23__بن عروس.PDF,1R9meDY5ZmMnazjLgv-OoAYLidKGGQtU-
بن عروس,المروج,المروج 4 يتقدم الها,يوسف الجبالي ‏,81,words-only,,واحد وثمانون,2023,قرار الهيئة لمعتمدية المروج__23__بن عروس.PDF,1R9meDY5ZmMnazjLgv-OoAYLidKGGQtU-
بن عروس,المروج,المروج 4 يتقدم الها,منصف سلطاني,73,words-only,,ثلاثه وسبعون,2023,قرار الهيئة لمعتمدية المروج__23__بن عروس.PDF,1R9meDY5ZmMnazjLgv-OoAYLidKGGQtU-
بن عروس,المروج,المروج 5 يتقدم المها,لطفي بن محمود2,83,agree,83,ثلاثه وثمانون,2023,قرار الهيئة لمعتمدية المروج__23__بن عروس.PDF,1R9meDY5ZmMnazjLgv-OoAYLidKGGQtU-
بن عروس,المروج,المروج 5 يتقدم المها,الشاذلي بن نصيب,76,agree,76,سته وسبعون,2023,قرار الهيئة لمعتمدية المروج__23__بن عروس.PDF,1R9meDY5ZmMnazjLgv-OoAYLidKGGQtU-
بن عروس,المروج,المروج 5 يتقدم المها,النفطي حوله,152,agree,152,مايه واثنان وخمسون,2023,قرار الهيئة لمعتمدية المروج__23__بن عروس.PDF,1R9meDY5ZmMnazjLgv-OoAYLidKGGQtU-
بن عروس,المروج,المروج 5 يتقدم المها,منير خلفاوي,144,agree,144,مايه واربعه واربعون,2023,قرار الهيئة لمعتمدية المروج__23__بن عروس.PDF,1R9meDY5ZmMnazjLgv-OoAYLidKGGQtU-
بن عروس,المروج,المروج 5 يتقدم المها,فتي لطيف,139,agree,139,مايه وتسعه وثلاثون,2023,قرار الهيئة لمعتمدية المروج__23__بن عروس.PDF,1R9meDY5ZmMnazjLgv-OoAYLidKGGQtU-
بن عروس,المروج,المروج 5 يتقدم المها,صابر شابي,87,digits-wrong,57,سبعه وثمانون,2023,قرار الهيئة لمعتمدية المروج__23__بن عروس.PDF,1R9meDY5ZmMnazjLgv-OoAYLidKGGQtU-
بن عروس,المروج,بثر القصعه,مروان الخضراوي ماثيه,5,digits-wrong,105,وخمسه,2023,قرار الهيئة لمعتمدية المروج__23__بن عروس.PDF,1R9meDY5ZmMnazjLgv-OoAYLidKGGQtU-
بن عروس,المروج,بثر القصعه,ابراهيم عبدالاوي,119,agree,119,مايه وتسعه عشر,2023,قرار الهيئة لمعتمدية المروج__23__بن عروس.PDF,1R9meDY5ZmMnazjLgv-OoAYLidKGGQtU-
بن عروس,المروج,بثر القصعه,درصاف الخميري,168,agree,168,مايه وثمانيه وستون,2023,قرار الهيئة لمعتمدية المروج__23__بن عروس.PDF,1R9meDY5ZmMnazjLgv-OoAYLidKGGQtU-
بن عروس,بن عروس,المهيري,عبدالرحمان نصر,197,digits-wrong,157,مايه وسبعه وتسعون,2023,قرار الهيئة لمعتمدية بن عروس__25__بن عروس.PDF,1WnS0a3L4L0XzM2aT839ChJHTyYdp1wQc
بن عروس,بن عروس,"بن عروس الشرقيه,",اكرم المزوغي,138,agree,138,مايه وثمانيه وثلاثون,2023,قرار الهيئة لمعتمدية بن عروس__25__بن عروس.PDF,1WnS0a3L4L0XzM2aT839ChJHTyYdp1wQc
بن عروس,بن عروس,"بن عروس الشرقيه,",ايمن الزعزاعء,244,agree,244,مايتان واربعه واربعون,2023,قرار الهيئة لمعتمدية بن عروس__25__بن عروس.PDF,1WnS0a3L4L0XzM2aT839ChJHTyYdp1wQc
بن عروس,بن عروس,"بن عروس الغربيه,",اومينه حرباوي,343,digits-wrong,313,ثلاثمايه وثلاثه واربعون,2023,قرار الهيئة لمعتمدية بن عروس__25__بن عروس.PDF,1WnS0a3L4L0XzM2aT839ChJHTyYdp1wQc
بن عروس,بن عروس,"بن عروس الغربيه,",العرومي الاسود,79,agree,79,تسعه وسبعون,2023,قرار الهيئة لمعتمدية بن عروس__25__بن عروس.PDF,1WnS0a3L4L0XzM2aT839ChJHTyYdp1wQc
بن عروس,بن عروس,"بن عروس الغربيه,",تلريهه الطرها:,121,agree,121,مايه وواحد وعشرون,2023,قرار الهيئة لمعتمدية بن عروس__25__بن عروس.PDF,1WnS0a3L4L0XzM2aT839ChJHTyYdp1wQc
بن عروس,بن عروس,"بن عروس الغربيه,",شررد ني,10,words-only,,وعشر,2023,قرار الهيئة لمعتمدية بن عروس__25__بن عروس.PDF,1WnS0a3L4L0XzM2aT839ChJHTyYdp1wQc
بن عروس,بن عروس,حي ابن عرفه,فارس صويد,62,agree,62,اثنان وستون,2023,قرار الهيئة لمعتمدية بن عروس__25__بن عروس.PDF,1WnS0a3L4L0XzM2aT839ChJHTyYdp1wQc
بن عروس,بن عروس,حي الاسكان,ساره صالحي,100,agree,100,مايه,2023,قرار الهيئة لمعتمدية بن عروس__25__بن عروس.PDF,1WnS0a3L4L0XzM2aT839ChJHTyYdp1wQc
بن عروس,بن عروس,سيدي بن عروسء,سفيان البادفي ‏,174,agree,174,مايه واربعه وسبعون,2023,قرار الهيئة لمعتمدية بن عروس__25__بن عروس.PDF,1WnS0a3L4L0XzM2aT839ChJHTyYdp1wQc
بن عروس,بن عروس,سيدي بن عروسء,اسماء الجندوبي,95,digits-wrong,55,خمسه وتسعون,2023,قرار الهيئة لمعتمدية بن عروس__25__بن عروس.PDF,1WnS0a3L4L0XzM2aT839ChJHTyYdp1wQc
بن عروس,بومهل البساتين,البساتين - (بومبل,خليل ورغي,258,agree,258,مايتان وثمانيه وخمسون,2023,قرار الهيئة لمعتمدية بومهل البساتين__27__بن عروس.PDF,1QhhqHy6aoOQt5biw1KzpuEwejGIiPPeo
بن عروس,بومهل البساتين,البساتين,جلال بن حويذق,150,agree,150,مايه وخمسون,2023,قرار الهيئة لمعتمدية بومهل البساتين__27__بن عروس.PDF,1QhhqHy6aoOQt5biw1KzpuEwejGIiPPeo
بن عروس,بومهل البساتين,البساتين,المعز الشواشي,252,agree,252,مايتان واثنان وخمسون,2023,قرار الهيئة لمعتمدية بومهل البساتين__27__بن عروس.PDF,1QhhqHy6aoOQt5biw1KzpuEwejGIiPPeo
بن عروس,بومهل البساتين,البساتين,وسيم ضيفلاوي,42,agree,42,اثنان واربعون,2023,قرار الهيئة لمعتمدية بومهل البساتين__27__بن عروس.PDF,1QhhqHy6aoOQt5biw1KzpuEwejGIiPPeo
بن عروس,بومهل البساتين,بومبل 21,رضوان المقراني,147,digits-wrong,157,مايه وسبعه واربعون,2023,قرار الهيئة لمعتمدية بومهل البساتين__27__بن عروس.PDF,1QhhqHy6aoOQt5biw1KzpuEwejGIiPPeo
بن عروس,بومهل البساتين,بومبل 21,نجلي الزرقاطي,111,digits-wrong,1,مايه واحد عشره,2023,قرار الهيئة لمعتمدية بومهل البساتين__27__بن عروس.PDF,1QhhqHy6aoOQt5biw1KzpuEwejGIiPPeo
بن عروس,بومهل البساتين,بومبل 21,اعضاء المجلس المحلي لمعتمديه بومبل البساتين لسنه 2023 بالدايره الانتخابيه المحليه بومبل,21,digits-only,21,,2023,قرار الهيئة لمعتمدية بومهل البساتين__27__بن عروس.PDF,1QhhqHy6aoOQt5biw1KzpuEwejGIiPPeo
بن عروس,بومهل البساتين,بومبل 2,عادل الجلاصي,218,agree,218,مايتان وثمانيه عشر,2023,قرار الهيئة لمعتمدية بومهل البساتين__27__بن عروس.PDF,1QhhqHy6aoOQt5biw1KzpuEwejGIiPPeo
بن عروس,بومهل البساتين,بومبل 2,وسام القصايري,76,agree,76,سته وسبعون,2023,قرار الهيئة لمعتمدية بومهل البساتين__27__بن عروس.PDF,1QhhqHy6aoOQt5biw1KzpuEwejGIiPPeo
بن عروس,بومهل البساتين,بومبل 2,سفيان بوشوشه ماتتان,74,digits-wrong,274,واربعه وسبعون,2023,قرار الهيئة لمعتمدية بومهل البساتين__27__بن عروس.PDF,1QhhqHy6aoOQt5biw1KzpuEwejGIiPPeo
بن عروس,بومهل البساتين,بومبل 2,ثانيه لانتخابات اعضاء المجلس المحلي لمعتمديه بوميل البساتين لسنه 2023 بالدايره الانتخابيه المحليه بومبل,2,digits-only,2,,2023,قرار الهيئة لمعتمدية بومهل البساتين__27__بن عروس.PDF,1QhhqHy6aoOQt5biw1KzpuEwejGIiPPeo
بن عروس,بومهل البساتين,شاله يتقدم,شمس الدين البجاوي,119,agree,119,مايه وتسعه عشر,2023,قرار الهيئة لمعتمدية بومهل البساتين__27__بن عروس.PDF,1QhhqHy6aoOQt5biw1KzpuEwejGIiPPeo
بن عروس,بومهل البساتين,شاله يتقدم,محمد بلال الفقيري,161,agree,161,مايه وواحد وستون,2023,قرار الهيئة لمعتمدية بومهل البساتين__27__بن عروس.PDF,1QhhqHy6aoOQt5biw1KzpuEwejGIiPPeo
بن عروس,بومهل البساتين,شاله يتقدم,حاتم عونلي,84,agree,84,اربعه وثمانون,2023,قرار الهيئة لمعتمدية بومهل البساتين__27__بن عروس.PDF,1QhhqHy6aoOQt5biw1KzpuEwejGIiPPeo
بن عروس,بومهل البساتين,شاله يتقدم,شهاب العقربي,61,agree,61,واحد وستون,2023,قرار الهيئة لمعتمدية بومهل البساتين__27__بن عروس.PDF,1QhhqHy6aoOQt5biw1KzpuEwejGIiPPeo
بن عروس,حمام الانف,حمام الانف المدينه 2,مالك التومي,525,agree,525,خمسمايه وخمسه وعشرون,2023,قرار الهيئة لمعتمدية حمام الأنف__28__بن عروس.PDF,1wQe3tfgP6o3mbFuCkZvfjrNeWYSn5e53
بن عروس,حمام الانف,حمام الانف الملعب,مراد المذبي,69,agree,69,تسعهوستون,2023,قرار الهيئة لمعتمدية حمام الأنف__28__بن عروس.PDF,1wQe3tfgP6o3mbFuCkZvfjrNeWYSn5e53
بن عروس,حمام الانف,حمام الانف,سلي المولبي,130,agree,130,مايه وثلاثون,2023,قرار الهيئة لمعتمدية حمام الأنف__28__بن عروس.PDF,1wQe3tfgP6o3mbFuCkZvfjrNeWYSn5e53
بن عروس,حمام الانف,حمام الانف,سهام بوهاني مايثه,30,digits-wrong,130,وثلاثون,2023,قرار الهيئة لمعتمدية حمام الأنف__28__بن عروس.PDF,1wQe3tfgP6o3mbFuCkZvfjrNeWYSn5e53
بن عروس,حمام الانف,حمام الانف,وجدي الخزار,276,agree,276,مايتان وسته وسبعون,2023,قرار الهيئة لمعتمدية حمام الأنف__28__بن عروس.PDF,1wQe3tfgP6o3mbFuCkZvfjrNeWYSn5e53
بن عروس,حمام الانف,حمام الانف بوقرنين»,وقاء الغتدري. ماثه,18,digits-wrong,118,وثمانيه عشر,2023,قرار الهيئة لمعتمدية حمام الأنف__28__بن عروس.PDF,1wQe3tfgP6o3mbFuCkZvfjrNeWYSn5e53
بن عروس,حمام الانف,حمام الانف بوقرنين»,ظارق:جراه. - ماتتان:وعسره,210,digits-only,210,,2023,قرار الهيئة لمعتمدية حمام الأنف__28__بن عروس.PDF,1wQe3tfgP6o3mbFuCkZvfjrNeWYSn5e53
بن عروس,حمام الانف,حي محمد علي,انس مصطفي,16,agree,16,سته عشر,2023,قرار الهيئة لمعتمدية حمام الأنف__28__بن عروس.PDF,1wQe3tfgP6o3mbFuCkZvfjrNeWYSn5e53
بن عروس,حمام الانف,حي محمد علي,حسين الذويب,114,agree,114,مايه واربعه عشر,2023,قرار الهيئة لمعتمدية حمام الأنف__28__بن عروس.PDF,1wQe3tfgP6o3mbFuCkZvfjrNeWYSn5e53
بن عروس,حمام الانف,حي محمد علي,عصام بن العربي,74,agree,74,اربعه وسبعون,2023,قرار الهيئة لمعتمدية حمام الأنف__28__بن عروس.PDF,1wQe3tfgP6o3mbFuCkZvfjrNeWYSn5e53
بن عروس,حمام الانف,حي محمد علي,منذر الراجحي,125,agree,125,مايه وخمسه وعشرون,2023,قرار الهيئة لمعتمدية حمام الأنف__28__بن عروس.PDF,1wQe3tfgP6o3mbFuCkZvfjrNeWYSn5e53
بن عروس,حمام الشط,برج السدريه 1,رضا بن محمد,143,agree,143,مايه وثلاثه واربعون,2023,قرار الهيئة لمعتمدية حمام الشط__29__بن عروس.PDF,190sDr7FwhwN0JddshaTx0b4nI-YKx036
بن عروس,حمام الشط,برج السدريه 1,ساره المباركي,142,agree,142,مايه واثنان واربعون,2023,قرار الهيئة لمعتمدية حمام الشط__29__بن عروس.PDF,190sDr7FwhwN0JddshaTx0b4nI-YKx036
بن عروس,حمام الشط,برج السدريه 1,نورالدين مراد,177,agree,177,مايه وسبعه وسبعون,2023,قرار الهيئة لمعتمدية حمام الشط__29__بن عروس.PDF,190sDr7FwhwN0JddshaTx0b4nI-YKx036
بن عروس,حمام الشط,برج السدريه 1,فارس القزبوري,35,agree,35,خمسه وثلاثون,2023,قرار الهيئة لمعتمدية حمام الشط__29__بن عروس.PDF,190sDr7FwhwN0JddshaTx0b4nI-YKx036
بن عروس,حمام الشط,برج السدريه 1,عبدالرزاق سالمي,151,agree,151,مايه وواحد وخمسون,2023,قرار الهيئة لمعتمدية حمام الشط__29__بن عروس.PDF,190sDr7FwhwN0JddshaTx0b4nI-YKx036
بن عروس,حمام الشط,برج السدريه 1,نعمان ضاوي,133,agree,133,مايه وثلاثه وثلاثون,2023,قرار الهيئة لمعتمدية حمام الشط__29__بن عروس.PDF,190sDr7FwhwN0JddshaTx0b4nI-YKx036
بن عروس,حمام الشط,برج السدريه 1,ثانيه لانتخابات اعضاء المجلس المحلي لمعتمديه حمام الشط لسنه 2023 بالدايره الانتخابيه المحليه برج السدريه,1,digits-only,1,,2023,قرار الهيئة لمعتمدية حمام الشط__29__بن عروس.PDF,190sDr7FwhwN0JddshaTx0b4nI-YKx036
بن عروس,حمام الشط,برج السدريه 2,الحسين بنسلطان,107,agree,107,مايه وسبعه,2023,قرار الهيئة لمعتمدية حمام الشط__29__بن عروس.PDF,190sDr7FwhwN0JddshaTx0b4nI-YKx036
بن عروس,حمام الشط,برج السدريه 2,سيف الدين جوادي,204,agree,204,مايتان واربعه,2023,قرار الهيئة لمعتمدية حمام الشط__29__بن عروس.PDF,190sDr7FwhwN0JddshaTx0b4nI-YKx036
بن عروس,حمام الشط,برج السدريه 2,اعضاء المجلس المحلي لمعتمديه حمام الشط لسنه 2023 بالدايره الانتخابيه المحليه برج السدريه,2,digits-only,2,,2023,قرار الهيئة لمعتمدية حمام الشط__29__بن عروس.PDF,190sDr7FwhwN0JddshaTx0b4nI-YKx036
بن عروس,حمام الشط,بثر الباي يتقدم,ساسيه زويدي,76,agree,76,سته وسبعون,2023,قرار الهيئة لمعتمدية حمام الشط__29__بن عروس.PDF,190sDr7FwhwN0JddshaTx0b4nI-YKx036
بن عروس,حمام الشط,بثر الباي يتقدم,عبدالقادر بن نصيب,100,agree,100,مايه,2023,قرار الهيئة لمعتمدية حمام الشط__29__بن عروس.PDF,190sDr7FwhwN0JddshaTx0b4nI-YKx036
بن عروس,حمام الشط,بثر الباي يتقدم,وليد زروق,200,agree,200,مايتان,2023,قرار الهيئة لمعتمدية حمام الشط__29__بن عروس.PDF,190sDr7FwhwN0JddshaTx0b4nI-YKx036
بن عروس,حمام الشط,بثر الباي يتقدم,هيثم الطرابلسي,149,agree,149,مايه وتسعه واربعون,2023,قرار الهيئة لمعتمدية حمام الشط__29__بن عروس.PDF,190sDr7FwhwN0JddshaTx0b4nI-YKx036
بن عروس,حمام الشط,حمام الشط 1,كريمه سالمي ماثتان وثلاثه وعشروون,223,digits-only,223,,2023,قرار الهيئة لمعتمدية حمام الشط__29__بن عروس.PDF,190sDr7FwhwN0JddshaTx0b4nI-YKx036
بن عروس,حمام الشط,حمام,عبدالعزيز السعايدي,182,digits-wrong,152,مايه واثنان وثمانون,2023,قرار الهيئة لمعتمدية حمام الشط__29__بن عروس.PDF,190sDr7FwhwN0JddshaTx0b4nI-YKx036
بن عروس,رادس,الطيب المهيري - (رادس),وسام الشهيدي,284,digits-wrong,2064,مايتان واربعه وثمانون,2023,قرار الهيئة لمعتمدية رادس__30__بن عروس.PDF,1xi_vkepgMsJbXJVXtpd7RADsd3bHAcus
بن عروس,رادس,المنجي سليم - (رادس),ياسين درعي,113,agree,113,مايه وثلاثه عشر,2023,قرار الهيئة لمعتمدية رادس__30__بن عروس.PDF,1xi_vkepgMsJbXJVXtpd7RADsd3bHAcus
بن عروس,رادس,"رادس الغابه, تصرح",عصام المولبي,174,agree,174,مايه واربعه وسبعون,2023,قرار الهيئة لمعتمدية رادس__30__بن عروس.PDF,1xi_vkepgMsJbXJVXtpd7RADsd3bHAcus
بن عروس,رادس,"رادس الغابه, تصرح",ناجي العزابو,85,agree,85,خمسه وثمانون,2023,قرار الهيئة لمعتمدية رادس__30__بن عروس.PDF,1xi_vkepgMsJbXJVXtpd7RADsd3bHAcus
بن عروس,رادس,"رادس المدينه, تصرح",انيس بلحوت,52,agree,52,اثنان وخمسون,2023,قرار الهيئة لمعتمدية رادس__30__بن عروس.PDF,1xi_vkepgMsJbXJVXtpd7RADsd3bHAcus
بن عروس,رادس,"رادس المدينه, تصرح",عبدالسلام فريقه,145,agree,145,مايهوخمسه واربعون,2023,قرار الهيئة لمعتمدية رادس__30__بن عروس.PDF,1xi_vkepgMsJbXJVXtpd7RADsd3bHAcus
بن عروس,رادس,"رادس المدينه, تصرح",مني السعيدي,93,digits-wrong,53,ثلاثه وتسعون,2023,قرار الهيئة لمعتمدية رادس__30__بن عروس.PDF,1xi_vkepgMsJbXJVXtpd7RADsd3bHAcus
بن عروس,رادس,"رادس الملاحه, تصرح",حسن الفرشيشي,348,digits-wrong,3248,ثلاثمايه وثمانيه واربعون,2023,قرار الهيئة لمعتمدية رادس__30__بن عروس.PDF,1xi_vkepgMsJbXJVXtpd7RADsd3bHAcus
بن عروس,رادس,"رادس الملاحه, تصرح",الكامل خليفي,72,agree,72,اثنان وسبعون,2023,قرار الهيئة لمعتمدية رادس__30__بن عروس.PDF,1xi_vkepgMsJbXJVXtpd7RADsd3bHAcus
بن عروس,رادس,رادس رماده يتقدم الها,محمد امين الهمامي,157,agree,157,مايه وسبعه وخمسون,2023,قرار الهيئة لمعتمدية رادس__30__بن عروس.PDF,1xi_vkepgMsJbXJVXtpd7RADsd3bHAcus
بن عروس,رادس,رادس رماده يتقدم الها,مروان زيان,229,agree,229,مايتان وتسعه وعشرون,2023,قرار الهيئة لمعتمدية رادس__30__بن عروس.PDF,1xi_vkepgMsJbXJVXtpd7RADsd3bHAcus
بن عروس,رادس,رادس مليان» تصرح,راضيه البجاوي,141,agree,141,مايه وواحد واربعون,2023,قرار الهيئة لمعتمدية رادس__30__بن عروس.PDF,1xi_vkepgMsJbXJVXtpd7RADsd3bHAcus
بن عروس,رادس,رادس مليان» تصرح,سليم التيراري ماثه,8,digits-wrong,108,وثمانيه,2023,قرار الهيئة لمعتمدية رادس__30__بن عروس.PDF,1xi_vkepgMsJbXJVXtpd7RADsd3bHAcus
بن عروس,رادس,نوبوء تصرح البييه العليا,منير العياري,30,digits-wrong,320,ثلاثون,2023,قرار الهيئة لمعتمدية رادس__30__بن عروس.PDF,1xi_vkepgMsJbXJVXtpd7RADsd3bHAcus
بن عروس,رادس,نوبوء تصرح البييه العليا,عماد السميشي,195,digits-wrong,155,مايه وخمسه وتسعون,2023,قرار الهيئة لمعتمدية رادس__30__بن عروس.PDF,1xi_vkepgMsJbXJVXtpd7RADsd3bHAcus
بن عروس,رادس,نوبوء تصرح البييه العليا,رضا الحسومي,45,agree,45,خمسه واربعون,2023,قرار الهيئة لمعتمدية رادس__30__بن عروس.PDF,1xi_vkepgMsJbXJVXtpd7RADsd3bHAcus
بن عروس,فوشانه,المغيره,سامي السعيدي,151,agree,151,مايه وواحد وخمسون,2023,قرار الهيئة لمعتمدية فوشانة__32__بن عروس.PDF,1gFc2XaGBB9LdYJNDzQdYFPkkqLiyQ74c
بن عروس,فوشانه,الهضاب يتقدم الها,ندي هرماسي,285,digits-wrong,205,مايتان وخمسه وثمانون,2023,قرار الهيئة لمعتمدية فوشانة__32__بن عروس.PDF,1gFc2XaGBB9LdYJNDzQdYFPkkqLiyQ74c
بن عروس,فوشانه,الهضاب يتقدم الها,نجيب طبوبي,302,agree,302,ثلاثمايه واثنان,2023,قرار الهيئة لمعتمدية فوشانة__32__بن عروس.PDF,1gFc2XaGBB9LdYJNDzQdYFPkkqLiyQ74c
بن عروس,فوشانه,الهضاب يتقدم الها,زهير حميد,87,digits-wrong,867,سبعه وثمانون,2023,قرار الهيئة لمعتمدية فوشانة__32__بن عروس.PDF,1gFc2XaGBB9LdYJNDzQdYFPkkqLiyQ74c
بن عروس,فوشانه,حي المستقبل يتقدم,نورالدين العريف,111,digits-wrong,1,مايه واحد عشره,2023,قرار الهيئة لمعتمدية فوشانة__32__بن عروس.PDF,1gFc2XaGBB9LdYJNDzQdYFPkkqLiyQ74c
بن عروس,فوشانه,حي المستقبل يتقدم,غايه بن شعبان,214,agree,214,مايتان واربعه عشر,2023,قرار الهيئة لمعتمدية فوشانة__32__بن عروس.PDF,1gFc2XaGBB9LdYJNDzQdYFPkkqLiyQ74c
بن عروس,فوشانه,حي المستقبل يتقدم,محمود المحواشي,175,digits-wrong,15,مايه وخمسه وسبعون,2023,قرار الهيئة لمعتمدية فوشانة__32__بن عروس.PDF,1gFc2XaGBB9LdYJNDzQdYFPkkqLiyQ74c
بن عروس,فوشانه,حي المستقبل يتقدم,رشيد بن قوته,259,agree,259,مايتان وتسعه وخمسون,2023,قرار الهيئة لمعتمدية فوشانة__32__بن عروس.PDF,1gFc2XaGBB9LdYJNDzQdYFPkkqLiyQ74c
بن عروس,فوشانه,دوار الحوش,ابراهيم بدر,160,agree,160,مايه وستون,2023,قرار الهيئة لمعتمدية فوشانة__32__بن عروس.PDF,1gFc2XaGBB9LdYJNDzQdYFPkkqLiyQ74c
بن عروس,فوشانه,شبده يتقدم الهها,وجدي حمراوي,220,agree,220,مايتان وعشرون,2023,قرار الهيئة لمعتمدية فوشانة__32__بن عروس.PDF,1gFc2XaGBB9LdYJNDzQdYFPkkqLiyQ74c
بن عروس,فوشانه,شبده يتقدم الهها,عبدالستار عديلي,186,digits-wrong,1866,مايه وسته وثمانون,2023,قرار الهيئة لمعتمدية فوشانة__32__بن عروس.PDF,1gFc2XaGBB9LdYJNDzQdYFPkkqLiyQ74c
بن عروس,فوشانه,شبده يتقدم الهها,رشيد شرشوف,116,agree,116,مايه وسته عشر,2023,قرار الهيئة لمعتمدية فوشانة__32__بن عروس.PDF,1gFc2XaGBB9LdYJNDzQdYFPkkqLiyQ74c
بن عروس,فوشانه,"فوشانه, تصرح البييه العليا",احلام بدر,405,agree,405,اربعمايه وخمسه,2023,قرار الهيئة لمعتمدية فوشانة__32__بن عروس.PDF,1gFc2XaGBB9LdYJNDzQdYFPkkqLiyQ74c
بن عروس,فوشانه,"فوشانه, تصرح البييه العليا",حمدي العبيدي,155,agree,155,مايه وخمسه وخمسون,2023,قرار الهيئة لمعتمدية فوشانة__32__بن عروس.PDF,1gFc2XaGBB9LdYJNDzQdYFPkkqLiyQ74c
بن عروس,فوشانه,"فوشانه, تصرح البييه العليا",توفيق العامري,232,agree,232,مايتان واثنان وثلاثون,2023,قرار الهيئة لمعتمدية فوشانة__32__بن عروس.PDF,1gFc2XaGBB9LdYJNDzQdYFPkkqLiyQ74c
بن عروس,فوشانه,نعسان يتقدم البها,ايمن بوخريص,251,agree,251,مايتان وواحد وخمسون,2023,قرار الهيئة لمعتمدية فوشانة__32__بن عروس.PDF,1gFc2XaGBB9LdYJNDzQdYFPkkqLiyQ74c
بن عروس,فوشانه,نعسان يتقدم البها,جلال الرويسي,411,agree,411,اربعمايه واحد عشره,2023,قرار الهيئة لمعتمدية فوشانة__32__بن عروس.PDF,1gFc2XaGBB9LdYJNDzQdYFPkkqLiyQ74c
بن عروس,فوشانه,نعسان يتقدم البها,علي الماجري,380,digits-wrong,330,ثلاثمايه وثمانون,2023,قرار الهيئة لمعتمدية فوشانة__32__بن عروس.PDF,1gFc2XaGBB9LdYJNDzQdYFPkkqLiyQ74c
بن عروس,مرناق,الرساله,سعيده الجلاصي,320,agree,320,ثلاثمايه وعشرون,2023,قرار الهيئة لمعتمدية مرناق__33__بن عروس.PDF,1f7zr5rOVsJUsrgxcw8e18U8SyAqrw8_v
بن عروس,مرناق,"الرساله, ب",عايده تريعه,65,agree,65,خمسه وستون,2023,قرار الهيئة لمعتمدية مرناق__33__بن عروس.PDF,1f7zr5rOVsJUsrgxcw8e18U8SyAqrw8_v
بن عروس,مرناق,"الرساله, ب",طارق الطرهوني2,318,agree,318,ثلاثمايه وثمانيه عشر,2023,قرار الهيئة لمعتمدية مرناق__33__بن عروس.PDF,1f7zr5rOVsJUsrgxcw8e18U8SyAqrw8_v
بن عروس,مرناق,"الرساله, ب",الحبيب العلاقي,182,digits-wrong,162,مايه واثنان وثمانون,2023,قرار الهيئة لمعتمدية مرناق__33__بن عروس.PDF,1f7zr5rOVsJUsrgxcw8e18U8SyAqrw8_v
بن عروس,مرناق,"الرساله, ب",عاطف الطرهوني,25,agree,25,خمسه وعشرون,2023,قرار الهيئة لمعتمدية مرناق__33__بن عروس.PDF,1f7zr5rOVsJUsrgxcw8e18U8SyAqrw8_v
بن عروس,مرناق,"الرساله, ب",علي العياثي,32,agree,32,اثنان وثلاثون,2023,قرار الهيئة لمعتمدية مرناق__33__بن عروس.PDF,1f7zr5rOVsJUsrgxcw8e18U8SyAqrw8_v
بن عروس,مرناق,الزاويه - (مرناق) يتقدم الها,نجيب العياري,115,agree,115,مايه وخمسه عشر,2023,قرار الهيئة لمعتمدية مرناق__33__بن عروس.PDF,1f7zr5rOVsJUsrgxcw8e18U8SyAqrw8_v
بن عروس,مرناق,الزاويه - (مرناق) يتقدم الها,توفيق العبيدي,251,agree,251,مايتان وواحد وخمسون,2023,قرار الهيئة لمعتمدية مرناق__33__بن عروس.PDF,1f7zr5rOVsJUsrgxcw8e18U8SyAqrw8_v
بن عروس,مرناق,الزاويه - (مرناق) يتقدم الها,محمدامين الطرابلبني,57,agree,57,سبعه وخمسون,2023,قرار الهيئة لمعتمدية مرناق__33__بن عروس.PDF,1f7zr5rOVsJUsrgxcw8e18U8SyAqrw8_v
بن عروس,مرناق,السلام - (مرناق) يتقدم الها,سماح العجيلي,124,agree,124,مايه واربعه وعشرون,2023,قرار الهيئة لمعتمدية مرناق__33__بن عروس.PDF,1f7zr5rOVsJUsrgxcw8e18U8SyAqrw8_v
بن عروس,مرناق,السلام - (مرناق) يتقدم الها,ريم الموسي,115,agree,115,مايه وخمسه عشر,2023,قرار الهيئة لمعتمدية مرناق__33__بن عروس.PDF,1f7zr5rOVsJUsrgxcw8e18U8SyAqrw8_v
بن عروس,مرناق,السلام - (مرناق) يتقدم الها,رشدي العجيمي,97,digits-wrong,257,سبعه وتسعون,2023,قرار الهيئة لمعتمدية مرناق__33__بن عروس.PDF,1f7zr5rOVsJUsrgxcw8e18U8SyAqrw8_v
بن عروس,مرناق,السلام - (مرناق) يتقدم الها,فوزي السامسي ماتثتان,62,digits-wrong,262,واثنان وستون,2023,قرار الهيئة لمعتمدية مرناق__33__بن عروس.PDF,1f7zr5rOVsJUsrgxcw8e18U8SyAqrw8_v
بن عروس,مرناق,القصيبي يتقدم المها المترشحان,امين المرغني,205,agree,205,مايتان وخمسه,2023,قرار الهيئة لمعتمدية مرناق__33__بن عروس.PDF,1f7zr5rOVsJUsrgxcw8e18U8SyAqrw8_v
بن عروس,مرناق,القصيبي يتقدم المها المترشحان,هيثم النوالي,200,agree,200,مايتان,2023,قرار الهيئة لمعتمدية مرناق__33__بن عروس.PDF,1f7zr5rOVsJUsrgxcw8e18U8SyAqrw8_v
بن عروس,مرناق,القصيبي يتقدم المها المترشحان,بلال النوالي,62,agree,62,اثنان وستون,2023,قرار الهيئة لمعتمدية مرناق__33__بن عروس.PDF,1f7zr5rOVsJUsrgxcw8e18U8SyAqrw8_v
بن عروس,مرناق,القصيبي يتقدم المها المترشحان,احميده النوالي,171,agree,171,مايه وواحد وسبعون,2023,قرار الهيئة لمعتمدية مرناق__33__بن عروس.PDF,1f7zr5rOVsJUsrgxcw8e18U8SyAqrw8_v
بن عروس,مرناق,القنه - (مرناق),عبدالقادر احمد,73,agree,73,ثلاثه وسبعون,2023,قرار الهيئة لمعتمدية مرناق__33__بن عروس.PDF,1f7zr5rOVsJUsrgxcw8e18U8SyAqrw8_v
بن عروس,مرناق,القنه - (مرناق),المادي بنعمار,174,agree,174,مايه واربعه وسبعون,2023,قرار الهيئة لمعتمدية مرناق__33__بن عروس.PDF,1f7zr5rOVsJUsrgxcw8e18U8SyAqrw8_v
بن عروس,مرناق,الكبوطي يتقدم الا المترشحان,عبد السلام المرغني,89,digits-wrong,869,تسعه وثمانون,2023,قرار الهيئة لمعتمدية مرناق__33__بن عروس.PDF,1f7zr5rOVsJUsrgxcw8e18U8SyAqrw8_v
بن عروس,مرناق,الكبوطي يتقدم الا المترشحان,زالدين الحزا,144,agree,144,مايه واربعه واربعون,2023,قرار الهيئة لمعتمدية مرناق__33__بن عروس.PDF,1f7zr5rOVsJUsrgxcw8e18U8SyAqrw8_v
بن عروس,مرناق,الكبوطي يتقدم الا المترشحان,علي الغندوري,115,agree,115,مايه وخمسه عشر,2023,قرار الهيئة لمعتمدية مرناق__33__بن عروس.PDF,1f7zr5rOVsJUsrgxcw8e18U8SyAqrw8_v
بن عروس,مرناق,الكبوطي يتقدم الا المترشحان,روضه بن عمران,39,agree,39,تسعه وثلاثون,2023,قرار الهيئة لمعتمدية مرناق__33__بن عروس.PDF,1f7zr5rOVsJUsrgxcw8e18U8SyAqrw8_v
بن عروس,مرناق,الكبوطي يتقدم الا المترشحان,حمده النوالي,278,digits-wrong,218,مايتان وثمانيه وسبعون,2023,قرار الهيئة لمعتمدية مرناق__33__بن عروس.PDF,1f7zr5rOVsJUsrgxcw8e18U8SyAqrw8_v
بن عروس,مرناق,اوذنه,نورالدين بالعوايد ماثيه,70,digits-wrong,170,وسبعون,2023,قرار الهيئة لمعتمدية مرناق__33__بن عروس.PDF,1f7zr5rOVsJUsrgxcw8e18U8SyAqrw8_v
بن عروس,مرناق,اوذنه,عماد النفاتي,244,agree,244,مايتان واربعه واربعون,2023,قرار الهيئة لمعتمدية مرناق__33__بن عروس.PDF,1f7zr5rOVsJUsrgxcw8e18U8SyAqrw8_v
بن عروس,مرناق,جبل الرصاص يتقدم الها,يوسف المي,84,agree,84,اربعه وثمانون,2023,قرار الهيئة لمعتمدية مرناق__33__بن عروس.PDF,1f7zr5rOVsJUsrgxcw8e18U8SyAqrw8_v
بن عروس,مرناق,جبل الرصاص يتقدم الها,عادل اليزيدي,36,agree,36,سته وثلاثون,2023,قرار الهيئة لمعتمدية مرناق__33__بن عروس.PDF,1f7zr5rOVsJUsrgxcw8e18U8SyAqrw8_v
بن عروس,مرناق,جبل الرصاص يتقدم الها,وليد المجربي,86,agree,86,سته وثمانون,2023,قرار الهيئة لمعتمدية مرناق__33__بن عروس.PDF,1f7zr5rOVsJUsrgxcw8e18U8SyAqrw8_v
بن عروس,مرناق,جبل الرصاص يتقدم الها,معز الوصيف مايثه,84,digits-wrong,164,واربعه وثمانون,2023,قرار الهيئة لمعتمدية مرناق__33__بن عروس.PDF,1f7zr5rOVsJUsrgxcw8e18U8SyAqrw8_v
بن عروس,مرناق,سيدي سعد,فتحي العبامي,186,digits-wrong,1566,مايه وسته وثمانون,2023,قرار الهيئة لمعتمدية مرناق__33__بن عروس.PDF,1f7zr5rOVsJUsrgxcw8e18U8SyAqrw8_v
بن عروس,مرناق,سيدي سعد,اسلام الدريدي ‏,60,agree,60,ستون,2023,قرار الهيئة لمعتمدية مرناق__33__بن عروس.PDF,1f7zr5rOVsJUsrgxcw8e18U8SyAqrw8_v
بن عروس,مرناق,عين رقاد,محمدعلي الاهول,177,agree,177,مايه وسبعه وسبعون,2023,قرار الهيئة لمعتمدية مرناق__33__بن عروس.PDF,1f7zr5rOVsJUsrgxcw8e18U8SyAqrw8_v
بن عروس,مرناق,عين رقاد,عبدالفتاح القويد,56,agree,56,سته وخمسون,2023,قرار الهيئة لمعتمدية مرناق__33__بن عروس.PDF,1f7zr5rOVsJUsrgxcw8e18U8SyAqrw8_v
بن عروس,مرناق,عين رقاد,حموده الرفراني,38,agree,38,ثمانيه وثلاثون,2023,قرار الهيئة لمعتمدية مرناق__33__بن عروس.PDF,1f7zr5rOVsJUsrgxcw8e18U8SyAqrw8_v
بن عروس,مرناق,مرناق يتقدم اليها المترشحان,محمد بوزيان,205,agree,205,مايتان وخمسه,2023,قرار الهيئة لمعتمدية مرناق__33__بن عروس.PDF,1f7zr5rOVsJUsrgxcw8e18U8SyAqrw8_v
بن عروس,مرناق,مرناق يتقدم اليها المترشحان,احمد الباروني,168,agree,168,مايه وثمانيه وستون,2023,قرار الهيئة لمعتمدية مرناق__33__بن عروس.PDF,1f7zr5rOVsJUsrgxcw8e18U8SyAqrw8_v
بن عروس,مرناق,مرناق يتقدم اليها المترشحان,عبدالستار الماجري,166,agree,166,مايه وسته وستون,2023,قرار الهيئة لمعتمدية مرناق__33__بن عروس.PDF,1f7zr5rOVsJUsrgxcw8e18U8SyAqrw8_v
بن عروس,مرناق,مرناق يتقدم اليها المترشحان,وحيد التليلي,111,agree,111,مايه واحد عشره,2023,قرار الهيئة لمعتمدية مرناق__33__بن عروس.PDF,1f7zr5rOVsJUsrgxcw8e18U8SyAqrw8_v
بن عروس,مرناق,مرناق الغربيه يتقدم الها,طارق العوني,83,agree,83,ثلاثه وثمانون,2023,قرار الهيئة لمعتمدية مرناق__33__بن عروس.PDF,1f7zr5rOVsJUsrgxcw8e18U8SyAqrw8_v
بن عروس,مرناق,مرناق الغربيه يتقدم الها,ايه العلاقي,239,agree,239,مايتان وتسعه وثلاثون,2023,قرار الهيئة لمعتمدية مرناق__33__بن عروس.PDF,1f7zr5rOVsJUsrgxcw8e18U8SyAqrw8_v
بن عروس,مرناق,مرناق الغربيه يتقدم الها,عبدالقادر الدريدي,39,agree,39,تسعه وثلاثون,2023,قرار الهيئة لمعتمدية مرناق__33__بن عروس.PDF,1f7zr5rOVsJUsrgxcw8e18U8SyAqrw8_v
بن عروس,مرناق,مرناق الغربيه يتقدم الها,اسماء الدريدي,201,agree,201,مايتان وواحد,2023,قرار الهيئة لمعتمدية مرناق__33__بن عروس.PDF,1f7zr5rOVsJUsrgxcw8e18U8SyAqrw8_v
بن عروس,مرناق,مرناق الغربيه يتقدم الها,رمزي دجبي,56,agree,56,سته وخمسون,2023,قرار الهيئة لمعتمدية مرناق__33__بن عروس.PDF,1f7zr5rOVsJUsrgxcw8e18U8SyAqrw8_v
بن عروس,مقرين,جوهره» تصرح البييه العليا,توفيق اليزيدي,110,agree,110,مايه وعشره,2023,قرار الهيئة لمعتمدية مقرين__31__بن عروس.PDF,1Q8-dFBbzprKCKFoqCtxrZXrNOrQV3RP_
بن عروس,مقرين,سيدي رزيق,الممدي بن عليا,66,agree,66,سته وستون,2023,قرار الهيئة لمعتمدية مقرين__31__بن عروس.PDF,1Q8-dFBbzprKCKFoqCtxrZXrNOrQV3RP_
بن عروس,مقرين,سيدي رزيق» تصرح,الاديب الخالدي,133,agree,133,مايه وثلاثه وثلاثون,2023,قرار الهيئة لمعتمدية مقرين__31__بن عروس.PDF,1Q8-dFBbzprKCKFoqCtxrZXrNOrQV3RP_
بن عروس,مقرين,مقرين الرياضء تصرح البييه,محمدالطاهر الشمروخي,57,agree,57,سبعه وخمسون,2023,قرار الهيئة لمعتمدية مقرين__31__بن عروس.PDF,1Q8-dFBbzprKCKFoqCtxrZXrNOrQV3RP_
بن عروس,مقرين,مقرين الرياضء تصرح البييه,محمود حبل,118,agree,118,مايه وثمانيه عشر,2023,قرار الهيئة لمعتمدية مقرين__31__بن عروس.PDF,1Q8-dFBbzprKCKFoqCtxrZXrNOrQV3RP_
بن عروس,مقرين,مقرين الرياضء تصرح البييه,محمدامين هويدي,53,agree,53,ثلاثه وخمسون,2023,قرار الهيئة لمعتمدية مقرين__31__بن عروس.PDF,1Q8-dFBbzprKCKFoqCtxrZXrNOrQV3RP_
بن عروس,مقرين,مقرين العليا يتقدم الها,هشام قياس,137,words-only,,مايه وسبعه وثلاثون,2023,قرار الهيئة لمعتمدية مقرين__31__بن عروس.PDF,1Q8-dFBbzprKCKFoqCtxrZXrNOrQV3RP_
بن عروس,مقرين,مقرين العليا يتقدم الها,ايمن حبيب,195,words-only,,مايه وخمسه وتسعون,2023,قرار الهيئة لمعتمدية مقرين__31__بن عروس.PDF,1Q8-dFBbzprKCKFoqCtxrZXrNOrQV3RP_
بن عروس,مقرين,مقرين العليا يتقدم الها,محمدسليم السنومي,213,words-only,,مايتان وثلاثه عشر,2023,قرار الهيئة لمعتمدية مقرين__31__بن عروس.PDF,1Q8-dFBbzprKCKFoqCtxrZXrNOrQV3RP_
بن عروس,مقرين,مقرين شاكر 2 تصرح,ميمونه الخمامسي,185,agree,185,مايه وخمسه وثمانون,2023,قرار الهيئة لمعتمدية مقرين__31__بن عروس.PDF,1Q8-dFBbzprKCKFoqCtxrZXrNOrQV3RP_
بن عروس,مقرين,مقرين شاكر 2 تصرح,سناء الرزقي,63,agree,63,ثلاثه وستون,2023,قرار الهيئة لمعتمدية مقرين__31__بن عروس.PDF,1Q8-dFBbzprKCKFoqCtxrZXrNOrQV3RP_
بن عروس,مقرين,مقرين شاكر 2 تصرح,قيس عثماني اثتان,70,digits-wrong,72,وسبعون,2023,قرار الهيئة لمعتمدية مقرين__31__بن عروس.PDF,1Q8-dFBbzprKCKFoqCtxrZXrNOrQV3RP_
بنزرت,العاليه,"الختمين, تصرح البييه",عادل بن رمضان,69,agree,69,تسعه وستون,2023,قرار الهيئة لمعتمدية العالية__86__بنزرت.pdf,1HqsV2t5cTFCFOJR1NMRHTtAfEgBnnua7
بنزرت,العاليه,"العاليه الجنوبيه,",انيس بومنيجل2,304,agree,304,ثلاثمايه واربعه,2023,قرار الهيئة لمعتمدية العالية__86__بنزرت.pdf,1HqsV2t5cTFCFOJR1NMRHTtAfEgBnnua7
بنزرت,العاليه,"العاليه الجنوبيه,",خلود ءابن الحاج,119,agree,119,مايه وتسعه عشر,2023,قرار الهيئة لمعتمدية العالية__86__بنزرت.pdf,1HqsV2t5cTFCFOJR1NMRHTtAfEgBnnua7
بنزرت,العاليه,العاليه الشماليه 1,رضا بن عمار,109,agree,109,مايه وتسعه,2023,قرار الهيئة لمعتمدية العالية__86__بنزرت.pdf,1HqsV2t5cTFCFOJR1NMRHTtAfEgBnnua7
بنزرت,العاليه,"العاليه الشماليه 2,",منير جميعي2,48,agree,48,ثمانيه واربعون,2023,قرار الهيئة لمعتمدية العالية__86__بنزرت.pdf,1HqsV2t5cTFCFOJR1NMRHTtAfEgBnnua7
بنزرت,العاليه,"العاليه الشماليه 2,",المنجي العريبي,153,agree,153,مايه وثلاثه وخمسون,2023,قرار الهيئة لمعتمدية العالية__86__بنزرت.pdf,1HqsV2t5cTFCFOJR1NMRHTtAfEgBnnua7
بنزرت,العاليه,"سيدي علي الشباب,",ساي ا ا,200,digits-only,200,,2023,قرار الهيئة لمعتمدية العالية__86__بنزرت.pdf,1HqsV2t5cTFCFOJR1NMRHTtAfEgBnnua7
بنزرت,اوتيك,"البسباسيه, تصرح",م 2 7 7,6,words-only,,ست,2023,قرار الهيئة لمعتمدية أوتيك__89__بنزرت.pdf,15Um3zSWW4nJ5OeNPxBkW6D_4IgO9qUI2
بنزرت,اوتيك,"البسباسيه, تصرح",يوسف الكشباطي,202,agree,202,مايتان واثنان,2023,قرار الهيئة لمعتمدية أوتيك__89__بنزرت.pdf,15Um3zSWW4nJ5OeNPxBkW6D_4IgO9qUI2
بنزرت,اوتيك,"البسباسيه, تصرح",حاتم خصيبه,53,agree,53,ثلاثه وخمسون,2023,قرار الهيئة لمعتمدية أوتيك__89__بنزرت.pdf,15Um3zSWW4nJ5OeNPxBkW6D_4IgO9qUI2
بنزرت,اوتيك,الحويض,كريم الماجري,94,agree,94,اربعه وتسعون,2023,قرار الهيئة لمعتمدية أوتيك__89__بنزرت.pdf,15Um3zSWW4nJ5OeNPxBkW6D_4IgO9qUI2
بنزرت,اوتيك,الحويض,امل اللبادي,117,agree,117,مايه وسبعه عشر,2023,قرار الهيئة لمعتمدية أوتيك__89__بنزرت.pdf,15Um3zSWW4nJ5OeNPxBkW6D_4IgO9qUI2
بنزرت,اوتيك,الحويض,ل لل لوسرو ا وت ل,7,digits-only,7,,2023,قرار الهيئة لمعتمدية أوتيك__89__بنزرت.pdf,15Um3zSWW4nJ5OeNPxBkW6D_4IgO9qUI2
بنزرت,اوتيك,"المبطوح,",شهاب الدين الدريدي مايثه,41,digits-wrong,141,وواحد واربعون,2023,قرار الهيئة لمعتمدية أوتيك__89__بنزرت.pdf,15Um3zSWW4nJ5OeNPxBkW6D_4IgO9qUI2
بنزرت,اوتيك,"المبطوح,",ياسين سرحان اللواتي,96,digits-wrong,56,سته وتسعون,2023,قرار الهيئة لمعتمدية أوتيك__89__بنزرت.pdf,15Um3zSWW4nJ5OeNPxBkW6D_4IgO9qUI2
بنزرت,اوتيك,"المبطوح,",علي الطرودي,7,agree,7,سبعه,2023,قرار الهيئة لمعتمدية أوتيك__89__بنزرت.pdf,15Um3zSWW4nJ5OeNPxBkW6D_4IgO9qUI2
بنزرت,اوتيك,"اوتيك الجديده, تصرح",محمدغازي حمدانه,319,words-only,,ثلاثمايه وتسعه عشر,2023,قرار الهيئة لمعتمدية أوتيك__89__بنزرت.pdf,15Um3zSWW4nJ5OeNPxBkW6D_4IgO9qUI2
بنزرت,اوتيك,"اوتيك الجديده, تصرح",امتياز الجلاصي,230,words-only,,مايتان وثلاثون,2023,قرار الهيئة لمعتمدية أوتيك__89__بنزرت.pdf,15Um3zSWW4nJ5OeNPxBkW6D_4IgO9qUI2
بنزرت,اوتيك,"اوتيك الجديده, تصرح",حافظ الذوادي,52,words-only,,اثنان وخمسون,2023,قرار الهيئة لمعتمدية أوتيك__89__بنزرت.pdf,15Um3zSWW4nJ5OeNPxBkW6D_4IgO9qUI2
بنزرت,اوتيك,"اوتيك, تصرح البييه",بسام العكاري,135,agree,135,مايه وخمسه وثلاثون,2023,قرار الهيئة لمعتمدية أوتيك__89__بنزرت.pdf,15Um3zSWW4nJ5OeNPxBkW6D_4IgO9qUI2
بنزرت,اوتيك,"اوتيك, تصرح البييه",محمد علي الحوكي,226,agree,226,مايتان وسته وعشرون,2023,قرار الهيئة لمعتمدية أوتيك__89__بنزرت.pdf,15Um3zSWW4nJ5OeNPxBkW6D_4IgO9qUI2
بنزرت,اوتيك,باش حانبه - (اوتيك),حمادي الاسود مايثه,4,digits-wrong,104,واربعه,2023,قرار الهيئة لمعتمدية أوتيك__89__بنزرت.pdf,15Um3zSWW4nJ5OeNPxBkW6D_4IgO9qUI2
بنزرت,اوتيك,باش حانبه - (اوتيك),عصام الغالي,210,agree,210,مايتان وعشره,2023,قرار الهيئة لمعتمدية أوتيك__89__بنزرت.pdf,15Um3zSWW4nJ5OeNPxBkW6D_4IgO9qUI2
بنزرت,اوتيك,باش حانبه - (اوتيك),شكري النفاتي,119,agree,119,مايه وتسعه عشر,2023,قرار الهيئة لمعتمدية أوتيك__89__بنزرت.pdf,15Um3zSWW4nJ5OeNPxBkW6D_4IgO9qUI2
بنزرت,اوتيك,سيدي عثمانء تصرح,سامي الدريدي,172,digits-wrong,102,مايه واثنان وسبعون,2023,قرار الهيئة لمعتمدية أوتيك__89__بنزرت.pdf,15Um3zSWW4nJ5OeNPxBkW6D_4IgO9qUI2
بنزرت,اوتيك,عين غلالء تصرح البييه العليا,الل,20,digits-only,20,,2023,قرار الهيئة لمعتمدية أوتيك__89__بنزرت.pdf,15Um3zSWW4nJ5OeNPxBkW6D_4IgO9qUI2
بنزرت,اوتيك,عين غلالء تصرح البييه العليا,مراد السعيداني,103,agree,103,مايه وثلاثه,2023,قرار الهيئة لمعتمدية أوتيك__89__بنزرت.pdf,15Um3zSWW4nJ5OeNPxBkW6D_4IgO9qUI2
بنزرت,بنزرت الجنوبيه,اللواته,بلال بن حمادي,315,agree,315,ثلاثمايه وخمسه عشر,2023,قرار الهيئة لمعتمدية بنزرت الجنوبية__81__بنزرت.pdf,11_BaWxEOynMCz76A1acA6p17hNuv6vh-
بنزرت,بنزرت الجنوبيه,اللواته,بشير اللواتي,118,agree,118,مايه وثمانيه عشر,2023,قرار الهيئة لمعتمدية بنزرت الجنوبية__81__بنزرت.pdf,11_BaWxEOynMCz76A1acA6p17hNuv6vh-
بنزرت,بنزرت الجنوبيه,اللواته,عواطف مزهود ماتتان,26,digits-wrong,226,وسته وعشرون,2023,قرار الهيئة لمعتمدية بنزرت الجنوبية__81__بنزرت.pdf,11_BaWxEOynMCz76A1acA6p17hNuv6vh-
بنزرت,بنزرت الجنوبيه,المصيده يتقدم,فاطمه هرمي,108,agree,108,مايه وثمانيه,2023,قرار الهيئة لمعتمدية بنزرت الجنوبية__81__بنزرت.pdf,11_BaWxEOynMCz76A1acA6p17hNuv6vh-
بنزرت,بنزرت الجنوبيه,المصيده يتقدم,سمير برهومي,118,agree,118,مايه وثمانيه عشر,2023,قرار الهيئة لمعتمدية بنزرت الجنوبية__81__بنزرت.pdf,11_BaWxEOynMCz76A1acA6p17hNuv6vh-
بنزرت,بنزرت الجنوبيه,المصيده يتقدم,مروان البلومي,153,agree,153,مايه وثلاثه وخمسون,2023,قرار الهيئة لمعتمدية بنزرت الجنوبية__81__بنزرت.pdf,11_BaWxEOynMCz76A1acA6p17hNuv6vh-
بنزرت,بنزرت الجنوبيه,المصيده يتقدم,فاطمه السوري,127,digits-wrong,1277,مايه وسبعه وعشرون,2023,قرار الهيئة لمعتمدية بنزرت الجنوبية__81__بنزرت.pdf,11_BaWxEOynMCz76A1acA6p17hNuv6vh-
بنزرت,بنزرت الجنوبيه,المصيده يتقدم,رغده بحري,16,agree,16,سته عشر,2023,قرار الهيئة لمعتمدية بنزرت الجنوبية__81__بنزرت.pdf,11_BaWxEOynMCz76A1acA6p17hNuv6vh-
بنزرت,بنزرت الجنوبيه,المصيده يتقدم,وسيم سعيداني,251,agree,251,مايتان وواحد وخمسون,2023,قرار الهيئة لمعتمدية بنزرت الجنوبية__81__بنزرت.pdf,11_BaWxEOynMCz76A1acA6p17hNuv6vh-
بنزرت,بنزرت الجنوبيه,المصيده يتقدم,التوهامي السعيداني,132,agree,132,مايه واثنان وثلاثون,2023,قرار الهيئة لمعتمدية بنزرت الجنوبية__81__بنزرت.pdf,11_BaWxEOynMCz76A1acA6p17hNuv6vh-
بنزرت,بنزرت الجنوبيه,باب ماطر,ل ا 2 2 ا ا,2,digits-only,2,,2023,قرار الهيئة لمعتمدية بنزرت الجنوبية__81__بنزرت.pdf,11_BaWxEOynMCz76A1acA6p17hNuv6vh-
بنزرت,بنزرت الجنوبيه,باب ماطر,عاطف ابن الحطاب,175,agree,175,مايه وخمسه وسبعون,2023,قرار الهيئة لمعتمدية بنزرت الجنوبية__81__بنزرت.pdf,11_BaWxEOynMCz76A1acA6p17hNuv6vh-
بنزرت,بنزرت الجنوبيه,باب ماطر,سليم بن جدله مايتان واثنا,10,digits-wrong,212,عشره,2023,قرار الهيئة لمعتمدية بنزرت الجنوبية__81__بنزرت.pdf,11_BaWxEOynMCz76A1acA6p17hNuv6vh-
بنزرت,بنزرت الجنوبيه,باب ماطر,نبيل الماجري,100,agree,100,مايه,2023,قرار الهيئة لمعتمدية بنزرت الجنوبية__81__بنزرت.pdf,11_BaWxEOynMCz76A1acA6p17hNuv6vh-
بنزرت,بنزرت الجنوبيه,تسكرايه,صالح السعيداني,109,agree,109,مايه وتسعه,2023,قرار الهيئة لمعتمدية بنزرت الجنوبية__81__بنزرت.pdf,11_BaWxEOynMCz76A1acA6p17hNuv6vh-
بنزرت,بنزرت الجنوبيه,تسكرايه,ادريس السعيداني,14,agree,14,اربعه عشر,2023,قرار الهيئة لمعتمدية بنزرت الجنوبية__81__بنزرت.pdf,11_BaWxEOynMCz76A1acA6p17hNuv6vh-
بنزرت,بنزرت الجنوبيه,تسكرايه,عبدالمالك السعيداني,139,agree,139,مايه وتسعه وثلاثون,2023,قرار الهيئة لمعتمدية بنزرت الجنوبية__81__بنزرت.pdf,11_BaWxEOynMCz76A1acA6p17hNuv6vh-
بنزرت,بنزرت الجنوبيه,تسكرايه,محمد علي السعيداني,156,agree,156,مايه وسته وخمسون,2023,قرار الهيئة لمعتمدية بنزرت الجنوبية__81__بنزرت.pdf,11_BaWxEOynMCz76A1acA6p17hNuv6vh-
بنزرت,بنزرت الجنوبيه,حي الجلاءء,المنجي السحباني,128,agree,128,مايه وثمانيه وعشرون,2023,قرار الهيئة لمعتمدية بنزرت الجنوبية__81__بنزرت.pdf,11_BaWxEOynMCz76A1acA6p17hNuv6vh-
بنزرت,بنزرت الجنوبيه,حي الجلاءء,نسيم العميري,99,agree,99,تسعه وتسعون,2023,قرار الهيئة لمعتمدية بنزرت الجنوبية__81__بنزرت.pdf,11_BaWxEOynMCz76A1acA6p17hNuv6vh-
بنزرت,بنزرت الجنوبيه,سيدي عامر,محجوب السعيداني ثلاثه وسبعون اي,5200017,digits-only,5200017,,2023,قرار الهيئة لمعتمدية بنزرت الجنوبية__81__بنزرت.pdf,11_BaWxEOynMCz76A1acA6p17hNuv6vh-
بنزرت,بنزرت الجنوبيه,سيدي عامر,هيثم الجميعي,169,agree,169,مايه وتسعه وستون,2023,قرار الهيئة لمعتمدية بنزرت الجنوبية__81__بنزرت.pdf,11_BaWxEOynMCz76A1acA6p17hNuv6vh-
بنزرت,بنزرت الجنوبيه,فرحات حشاد,البحري السعيداني2,320,agree,320,ثلاثمايه وعشرون,2023,قرار الهيئة لمعتمدية بنزرت الجنوبية__81__بنزرت.pdf,11_BaWxEOynMCz76A1acA6p17hNuv6vh-
بنزرت,بنزرت الجنوبيه,مرنيصه يتقدم,المنذر الشباب,88,digits-wrong,58,ثمانيه وثمانون,2023,قرار الهيئة لمعتمدية بنزرت الجنوبية__81__بنزرت.pdf,11_BaWxEOynMCz76A1acA6p17hNuv6vh-
بنزرت,بنزرت الجنوبيه,مرنيصه يتقدم,انيس المرنيصي مايثه,32,digits-wrong,132,واثنان وثلاثون,2023,قرار الهيئة لمعتمدية بنزرت الجنوبية__81__بنزرت.pdf,11_BaWxEOynMCz76A1acA6p17hNuv6vh-
بنزرت,بنزرت الجنوبيه,مرنيصه يتقدم,صالح الدريدي,139,agree,139,مايه وتسعه وثلاثون,2023,قرار الهيئة لمعتمدية بنزرت الجنوبية__81__بنزرت.pdf,11_BaWxEOynMCz76A1acA6p17hNuv6vh-
بنزرت,بنزرت الجنوبيه,مرنيصه يتقدم,اميمه مرنيصي2,59,agree,59,تسعه وخمسون,2023,قرار الهيئة لمعتمدية بنزرت الجنوبية__81__بنزرت.pdf,11_BaWxEOynMCz76A1acA6p17hNuv6vh-
بنزرت,بنزرت الجنوبيه,هيشر- (بنزرت,حذامي الشباب,95,agree,95,خمسه وتسعون,2023,قرار الهيئة لمعتمدية بنزرت الجنوبية__81__بنزرت.pdf,11_BaWxEOynMCz76A1acA6p17hNuv6vh-
بنزرت,بنزرت الجنوبيه,هيشر- (بنزرت,سليم الغرسلي,113,agree,113,مايه وثلاثه عشر,2023,قرار الهيئة لمعتمدية بنزرت الجنوبية__81__بنزرت.pdf,11_BaWxEOynMCz76A1acA6p17hNuv6vh-
بنزرت,بنزرت الجنوبيه,هيشر- (بنزرت,الطاهر العياري,131,agree,131,مايه وواحد وثلاثون,2023,قرار الهيئة لمعتمدية بنزرت الجنوبية__81__بنزرت.pdf,11_BaWxEOynMCz76A1acA6p17hNuv6vh-
بنزرت,بنزرت الشماليه,15 اكتوبر,صبرين الدريدي,56,digits-wrong,06,سته وخمسون,2023,قرار الهيئة لمعتمدية بنزرت الشمالية__82__بنزرت.pdf,1-7GXGzNqMnBdqhllk6DfM-zBE95BnQUc
بنزرت,بنزرت الشماليه,15 اكتوبر,عربيه الدريدي,28,agree,28,ثمانيه وعشرون,2023,قرار الهيئة لمعتمدية بنزرت الشمالية__82__بنزرت.pdf,1-7GXGzNqMnBdqhllk6DfM-zBE95BnQUc
بنزرت,بنزرت الشماليه,15 اكتوبر,من التاغوتي وحن وسيعوقه,1,digits-only,1,,2023,قرار الهيئة لمعتمدية بنزرت الشمالية__82__بنزرت.pdf,1-7GXGzNqMnBdqhllk6DfM-zBE95BnQUc
بنزرت,بنزرت الشماليه,15 اكتوبر,عزيزه بن كنوز,69,digits-wrong,609,تسعه وستون,2023,قرار الهيئة لمعتمدية بنزرت الشمالية__82__بنزرت.pdf,1-7GXGzNqMnBdqhllk6DfM-zBE95BnQUc
بنزرت,بنزرت الشماليه,الحبيب,عدنان العلوش,448,agree,448,اربعمايه وثمانيه واربعون,2023,قرار الهيئة لمعتمدية بنزرت الشمالية__82__بنزرت.pdf,1-7GXGzNqMnBdqhllk6DfM-zBE95BnQUc
بنزرت,بنزرت الشماليه,الحبيب,انيس المزي ماتتان,23,digits-wrong,223,وثلاثه وعشرون,2023,قرار الهيئة لمعتمدية بنزرت الشمالية__82__بنزرت.pdf,1-7GXGzNqMnBdqhllk6DfM-zBE95BnQUc
بنزرت,بنزرت الشماليه,الحبيب,حنان شبيل,134,agree,134,مايه واربعه وثلاثون,2023,قرار الهيئة لمعتمدية بنزرت الشمالية__82__بنزرت.pdf,1-7GXGzNqMnBdqhllk6DfM-zBE95BnQUc
بنزرت,بنزرت الشماليه,الحبيب,عزالدين فرحات,44,agree,44,اربعه واربعون,2023,قرار الهيئة لمعتمدية بنزرت الشمالية__82__بنزرت.pdf,1-7GXGzNqMnBdqhllk6DfM-zBE95BnQUc
بنزرت,بنزرت الشماليه,الحبيب,نهله الخمامي,101,agree,101,مايه وواحد,2023,قرار الهيئة لمعتمدية بنزرت الشمالية__82__بنزرت.pdf,1-7GXGzNqMnBdqhllk6DfM-zBE95BnQUc
بنزرت,بنزرت الشماليه,الحبيب,وليد بوسعدون,108,agree,108,مايه وثمانيه,2023,قرار الهيئة لمعتمدية بنزرت الشمالية__82__بنزرت.pdf,1-7GXGzNqMnBdqhllk6DfM-zBE95BnQUc
بنزرت,بنزرت الشماليه,القنال,شوق القرندي,47,agree,47,سبعه واربعون,2023,قرار الهيئة لمعتمدية بنزرت الشمالية__82__بنزرت.pdf,1-7GXGzNqMnBdqhllk6DfM-zBE95BnQUc
بنزرت,بنزرت الشماليه,القنال؛ تصرح,حاتم احمداش2,73,digits-wrong,713,ثلاثه وسبعون,2023,قرار الهيئة لمعتمدية بنزرت الشمالية__82__بنزرت.pdf,1-7GXGzNqMnBdqhllk6DfM-zBE95BnQUc
بنزرت,بنزرت الشماليه,الكرنيش,ريم بوسحابه,72,agree,72,اثنان وسبعون,2023,قرار الهيئة لمعتمدية بنزرت الشمالية__82__بنزرت.pdf,1-7GXGzNqMnBdqhllk6DfM-zBE95BnQUc
بنزرت,بنزرت الشماليه,الكرنيش,محمدالمعز الصغير,100,agree,100,مايه,2023,قرار الهيئة لمعتمدية بنزرت الشمالية__82__بنزرت.pdf,1-7GXGzNqMnBdqhllk6DfM-zBE95BnQUc
بنزرت,بنزرت الشماليه,المدينه - (بنتزرت الشماليه),بشره بن ماريه,103,agree,103,مايه وثلاثه,2023,قرار الهيئة لمعتمدية بنزرت الشمالية__82__بنزرت.pdf,1-7GXGzNqMnBdqhllk6DfM-zBE95BnQUc
بنزرت,بنزرت الشماليه,البناء,محرز الغنوثي,273,digits-wrong,213,مايتان وثلاثه وسبعون,2023,قرار الهيئة لمعتمدية بنزرت الشمالية__82__بنزرت.pdf,1-7GXGzNqMnBdqhllk6DfM-zBE95BnQUc
بنزرت,بنزرت الشماليه,حسن النوري,هادي سافار,92,digits-wrong,52,اثنان وتسعون,2023,قرار الهيئة لمعتمدية بنزرت الشمالية__82__بنزرت.pdf,1-7GXGzNqMnBdqhllk6DfM-zBE95BnQUc
بنزرت,بنزرت الشماليه,حسن النوري,سامي بكوري,65,agree,65,خمسه وستون,2023,قرار الهيئة لمعتمدية بنزرت الشمالية__82__بنزرت.pdf,1-7GXGzNqMnBdqhllk6DfM-zBE95BnQUc
بنزرت,بنزرت الشماليه,حسن النوري,مروي مخلوقه,127,agree,127,مايه وسبعه وعشرون,2023,قرار الهيئة لمعتمدية بنزرت الشمالية__82__بنزرت.pdf,1-7GXGzNqMnBdqhllk6DfM-zBE95BnQUc
بنزرت,بنزرت الشماليه,عين مريمء,حسني دعدي,101,agree,101,مايه وواحد,2023,قرار الهيئة لمعتمدية بنزرت الشمالية__82__بنزرت.pdf,1-7GXGzNqMnBdqhllk6DfM-zBE95BnQUc
بنزرت,بنزرت الشماليه,عين مريمء,خوله بن بركه,71,agree,71,واحد وسبعون,2023,قرار الهيئة لمعتمدية بنزرت الشمالية__82__بنزرت.pdf,1-7GXGzNqMnBdqhllk6DfM-zBE95BnQUc
بنزرت,تينجه,الزعرور يتقدم الها,الحبيب البلومي,91,digits-wrong,51,واحد وتسعون,2023,قرار الهيئة لمعتمدية تينجة__91__بنزرت.pdf,1z3u7jVxHtmHfC5P1vxEn0CH2NKTUN1lX
بنزرت,تينجه,الزعرور يتقدم الها,مصطفي البويشي,84,agree,84,اربعه وثمانون,2023,قرار الهيئة لمعتمدية تينجة__91__بنزرت.pdf,1z3u7jVxHtmHfC5P1vxEn0CH2NKTUN1lX
بنزرت,تينجه,الزعرور يتقدم الها,يوسف البجاوي,126,agree,126,مايه وسته وعشرون,2023,قرار الهيئة لمعتمدية تينجة__91__بنزرت.pdf,1z3u7jVxHtmHfC5P1vxEn0CH2NKTUN1lX
بنزرت,تينجه,"تينجه 1, تصرح البييه",اميره الشلغومي,185,digits-wrong,1855,مايه وخمسه وثمانون,2023,قرار الهيئة لمعتمدية تينجة__91__بنزرت.pdf,1z3u7jVxHtmHfC5P1vxEn0CH2NKTUN1lX
بنزرت,تينجه,"تينجه 1, تصرح البييه",ملاك الذوادي,47,digits-wrong,417,سبعه واربعون,2023,قرار الهيئة لمعتمدية تينجة__91__بنزرت.pdf,1z3u7jVxHtmHfC5P1vxEn0CH2NKTUN1lX
بنزرت,تينجه,"تينجه 2, تصرح البييه",السو ا,5551111,digits-only,05551111,,2023,قرار الهيئة لمعتمدية تينجة__91__بنزرت.pdf,1z3u7jVxHtmHfC5P1vxEn0CH2NKTUN1lX
بنزرت,تينجه,"تينجه 2, تصرح البييه",يسري عباس,193,digits-wrong,153,مايه وثلاثه وتسعون,2023,قرار الهيئة لمعتمدية تينجة__91__بنزرت.pdf,1z3u7jVxHtmHfC5P1vxEn0CH2NKTUN1lX
بنزرت,تينجه,"تينجه 2, تصرح البييه",حكيم بنبراهيم,69,agree,69,تسعه وستون,2023,قرار الهيئة لمعتمدية تينجة__91__بنزرت.pdf,1z3u7jVxHtmHfC5P1vxEn0CH2NKTUN1lX
بنزرت,تينجه,قنقله 1 تصرح البييه,محمد المهذبي,235,digits-wrong,225,مايتان وخمسه وثلاثون,2023,قرار الهيئة لمعتمدية تينجة__91__بنزرت.pdf,1z3u7jVxHtmHfC5P1vxEn0CH2NKTUN1lX
بنزرت,تينجه,قنقله 2 يتقدم الها,لات,200000,digits-only,200000,,2023,قرار الهيئة لمعتمدية تينجة__91__بنزرت.pdf,1z3u7jVxHtmHfC5P1vxEn0CH2NKTUN1lX
بنزرت,تينجه,قنقله 2 يتقدم الها,وداد الدوزاني,85,agree,85,خمسه وثمانون,2023,قرار الهيئة لمعتمدية تينجة__91__بنزرت.pdf,1z3u7jVxHtmHfC5P1vxEn0CH2NKTUN1lX
بنزرت,تينجه,قنقله 2 يتقدم الها,محمد فتحي البجاوي,74,agree,74,اربعه وسبعون,2023,قرار الهيئة لمعتمدية تينجة__91__بنزرت.pdf,1z3u7jVxHtmHfC5P1vxEn0CH2NKTUN1lX
بنزرت,تينجه,قنقله 2 يتقدم الها,اميمه البجاوي,65,agree,65,خمسه وستون,2023,قرار الهيئة لمعتمدية تينجة__91__بنزرت.pdf,1z3u7jVxHtmHfC5P1vxEn0CH2NKTUN1lX
بنزرت,جرزونه,جرزونه الجنوبيه 1,ماهر بن مومي,151,agree,151,مايه وواحد وخمسون,2023,قرار الهيئة لمعتمدية جرزونة__93__بنزرت.pdf,18doAGxqge7_XIwCRUF04xHq16WXfvmlq
بنزرت,جرزونه,جرزونه الجنوبيه 1,محمد الحجري,80,digits-wrong,50,ثمانون,2023,قرار الهيئة لمعتمدية جرزونة__93__بنزرت.pdf,18doAGxqge7_XIwCRUF04xHq16WXfvmlq
بنزرت,جرزونه,جرزونه الجنوبيه 1,محمد الماجري,116,agree,116,مايه وسته عشر,2023,قرار الهيئة لمعتمدية جرزونة__93__بنزرت.pdf,18doAGxqge7_XIwCRUF04xHq16WXfvmlq
بنزرت,جرزونه,جرزونه الجنوبيه 1,ثانيه لانتخابات اعضاء المجلس المحلي لمعتمديه جرزونه لسنه 2023 بالدايره الانتخابيه المحليته جرزونه الجنوبيه,1,digits-only,1,,2023,قرار الهيئة لمعتمدية جرزونة__93__بنزرت.pdf,18doAGxqge7_XIwCRUF04xHq16WXfvmlq
بنزرت,جرزونه,"جرزونه الجنوبيه 2,",سمير بن فطيمه,160,agree,160,مايه وستون,2023,قرار الهيئة لمعتمدية جرزونة__93__بنزرت.pdf,18doAGxqge7_XIwCRUF04xHq16WXfvmlq
بنزرت,جرزونه,"جرزونه الجنوبيه 2,",نسرين الخميري,93,agree,93,ثلاثه وتسعون,2023,قرار الهيئة لمعتمدية جرزونة__93__بنزرت.pdf,18doAGxqge7_XIwCRUF04xHq16WXfvmlq
بنزرت,جرزونه,جرزونه الشرقيه,زهور خليفي,230,agree,230,مايتان وثلاثون,2023,قرار الهيئة لمعتمدية جرزونة__93__بنزرت.pdf,18doAGxqge7_XIwCRUF04xHq16WXfvmlq
بنزرت,جرزونه,جرزونه,ااا اش,10,digits-only,10,,2023,قرار الهيئة لمعتمدية جرزونة__93__بنزرت.pdf,18doAGxqge7_XIwCRUF04xHq16WXfvmlq
بنزرت,جرزونه,جرزونه,محمدالحبيب بن حماد ماثه,81,digits-wrong,161,وواحد وثمانون,2023,قرار الهيئة لمعتمدية جرزونة__93__بنزرت.pdf,18doAGxqge7_XIwCRUF04xHq16WXfvmlq
بنزرت,جرزونه,جرزونه,انيس بن نصر,125,agree,125,مايه وخمسه وعشرون,2023,قرار الهيئة لمعتمدية جرزونة__93__بنزرت.pdf,18doAGxqge7_XIwCRUF04xHq16WXfvmlq
بنزرت,جرزونه,جرزونه الغربيه يتقدم,نجاح الجوادي,65,agree,65,خمسه وستون,2023,قرار الهيئة لمعتمدية جرزونة__93__بنزرت.pdf,18doAGxqge7_XIwCRUF04xHq16WXfvmlq
بنزرت,جرزونه,جرزونه الغربيه يتقدم,محمدغازي الطرابلمسي,140,agree,140,مايه واربعون,2023,قرار الهيئة لمعتمدية جرزونة__93__بنزرت.pdf,18doAGxqge7_XIwCRUF04xHq16WXfvmlq
بنزرت,جرزونه,جرزونه الغربيه يتقدم,درصاف رحومه,142,digits-wrong,102,مايه واثنان واربعون,2023,قرار الهيئة لمعتمدية جرزونة__93__بنزرت.pdf,18doAGxqge7_XIwCRUF04xHq16WXfvmlq
بنزرت,جومين,السمان يتقدم الها,الا,0,digits-only,0,,2023,قرار الهيئة لمعتمدية جومين__83__بنزرت.pdf,1wo7czGDBMsbEhT0zkiu0uFRg9CGrg_oY
بنزرت,جومين,السمان يتقدم الها,الحبيب بوصيده ماتتان,23,digits-wrong,203,وثلاثه وعشرون,2023,قرار الهيئة لمعتمدية جومين__83__بنزرت.pdf,1wo7czGDBMsbEhT0zkiu0uFRg9CGrg_oY
بنزرت,جومين,السمان يتقدم الها,ايمن البجاوي,155,agree,155,مايه وخمسه وخمسون,2023,قرار الهيئة لمعتمدية جومين__83__بنزرت.pdf,1wo7czGDBMsbEhT0zkiu0uFRg9CGrg_oY
بنزرت,جومين,السمان يتقدم الها,فيصل الغانمي,123,agree,123,مايه وثلاثه وعشرون,2023,قرار الهيئة لمعتمدية جومين__83__بنزرت.pdf,1wo7czGDBMsbEhT0zkiu0uFRg9CGrg_oY
بنزرت,جومين,السمان يتقدم الها,الناصر العميري,272,agree,272,مايتان واثنان وسبعون,2023,قرار الهيئة لمعتمدية جومين__83__بنزرت.pdf,1wo7czGDBMsbEhT0zkiu0uFRg9CGrg_oY
بنزرت,جومين,"الطواجنيه, تصرح البييه",ا ا ا,2,digits-only,2,,2023,قرار الهيئة لمعتمدية جومين__83__بنزرت.pdf,1wo7czGDBMsbEhT0zkiu0uFRg9CGrg_oY
بنزرت,جومين,"الطواجنيه, تصرح البييه",معز الدلاعي,138,agree,138,مايه وثمانيه وثلاثون,2023,قرار الهيئة لمعتمدية جومين__83__بنزرت.pdf,1wo7czGDBMsbEhT0zkiu0uFRg9CGrg_oY
بنزرت,جومين,"الطواجنيه, تصرح البييه",تت م اا ال ااا الم ا لي,0,digits-only,0,,2023,قرار الهيئة لمعتمدية جومين__83__بنزرت.pdf,1wo7czGDBMsbEhT0zkiu0uFRg9CGrg_oY
بنزرت,جومين,اولاد غانم» تصرح,ببمرمحيوط!ا # تثب ب ا ا ذذاذاا#ا؟#ا#©###ذاذ و,22212,digits-only,22212,,2023,قرار الهيئة لمعتمدية جومين__83__بنزرت.pdf,1wo7czGDBMsbEhT0zkiu0uFRg9CGrg_oY
بنزرت,جومين,اولاد غانم» تصرح,لطفي العكروتي,396,digits-wrong,3526,ثلاثمايه وسته وتسعون,2023,قرار الهيئة لمعتمدية جومين__83__بنزرت.pdf,1wo7czGDBMsbEhT0zkiu0uFRg9CGrg_oY
بنزرت,جومين,اولاد غانم» تصرح,محمد الغانمي,156,digits-wrong,1536,مايه وسته وخمسون,2023,قرار الهيئة لمعتمدية جومين__83__بنزرت.pdf,1wo7czGDBMsbEhT0zkiu0uFRg9CGrg_oY
بنزرت,جومين,اولاد غانم» تصرح,محسن الغانمي,187,digits-wrong,157,مايه وسبعه وثمانون,2023,قرار الهيئة لمعتمدية جومين__83__بنزرت.pdf,1wo7czGDBMsbEhT0zkiu0uFRg9CGrg_oY
بنزرت,جومين,"بازينه, تصرح البييه العليا",محمد جباري,315,agree,315,ثلاثمايه وخمسه عشر,2023,قرار الهيئة لمعتمدية جومين__83__بنزرت.pdf,1wo7czGDBMsbEhT0zkiu0uFRg9CGrg_oY
بنزرت,جومين,بالرايس,الطاهر البمامي,93,digits-wrong,53,ثلاثه وتسعون,2023,قرار الهيئة لمعتمدية جومين__83__بنزرت.pdf,1wo7czGDBMsbEhT0zkiu0uFRg9CGrg_oY
بنزرت,جومين,تاهنتء تصرح البييه العليا,رمزي بوغانم,56,agree,56,سته وخمسون,2023,قرار الهيئة لمعتمدية جومين__83__بنزرت.pdf,1wo7czGDBMsbEhT0zkiu0uFRg9CGrg_oY
بنزرت,جومين,تاهنتء تصرح البييه العليا,زهير المولبي,162,agree,162,مايه واثنان وستون,2023,قرار الهيئة لمعتمدية جومين__83__بنزرت.pdf,1wo7czGDBMsbEhT0zkiu0uFRg9CGrg_oY
بنزرت,جومين,رواحه يتقدم الهها,لطفي الحدوشي,188,digits-wrong,168,مايه وثمانيه وثمانون,2023,قرار الهيئة لمعتمدية جومين__83__بنزرت.pdf,1wo7czGDBMsbEhT0zkiu0uFRg9CGrg_oY
بنزرت,جومين,رواحه يتقدم الهها,البادي الحويجي,210,agree,210,مايتان وعشره,2023,قرار الهيئة لمعتمدية جومين__83__بنزرت.pdf,1wo7czGDBMsbEhT0zkiu0uFRg9CGrg_oY
بنزرت,جومين,رواحه يتقدم الهها,هشام الحدوشي,134,agree,134,مايه واربعه وثلاثون,2023,قرار الهيئة لمعتمدية جومين__83__بنزرت.pdf,1wo7czGDBMsbEhT0zkiu0uFRg9CGrg_oY
بنزرت,راس الجبل,القريه - (راس,محمد الشيخ,181,digits-wrong,1,مايه وواحد وثمانون,2023,قرار الهيئة لمعتمدية رأس الجبل__87__بنزرت.pdf,1vC1LJxFBbhPNYCyNyBnGXRyQ1ERDektF
بنزرت,راس الجبل,القريه - (راس,زهير بن رحومه,216,digits-wrong,6,مايتان وسته عشر,2023,قرار الهيئة لمعتمدية رأس الجبل__87__بنزرت.pdf,1vC1LJxFBbhPNYCyNyBnGXRyQ1ERDektF
بنزرت,راس الجبل,القريه - (راس,المختار جعفر,98,digits-wrong,38,ثمانيه وتسعون,2023,قرار الهيئة لمعتمدية رأس الجبل__87__بنزرت.pdf,1vC1LJxFBbhPNYCyNyBnGXRyQ1ERDektF
بنزرت,راس الجبل,,المغز البحري,228,digits-wrong,28,مايتان وثمانيه وعشرون,2023,قرار الهيئة لمعتمدية رأس الجبل__87__بنزرت.pdf,1vC1LJxFBbhPNYCyNyBnGXRyQ1ERDektF
بنزرت,راس الجبل,راس الجبل,محمدالفاخر الرفراني,179,digits-wrong,9,مايه وتسعه وسبعون,2023,قرار الهيئة لمعتمدية رأس الجبل__87__بنزرت.pdf,1vC1LJxFBbhPNYCyNyBnGXRyQ1ERDektF
بنزرت,راس الجبل,راس الجبل,توفيق الدريدي,226,digits-wrong,26,مايتان وسته وعشرون,2023,قرار الهيئة لمعتمدية رأس الجبل__87__بنزرت.pdf,1vC1LJxFBbhPNYCyNyBnGXRyQ1ERDektF
بنزرت,راس الجبل,راس الجبل,حبيب بن حريز,182,digits-wrong,72,مايه واثنان وثمانون,2023,قرار الهيئة لمعتمدية رأس الجبل__87__بنزرت.pdf,1vC1LJxFBbhPNYCyNyBnGXRyQ1ERDektF
بنزرت,راس الجبل,راس الجبل,عمادالدين دخيل,231,digits-wrong,0031,مايتان وواحد وثلاثون,2023,قرار الهيئة لمعتمدية رأس الجبل__87__بنزرت.pdf,1vC1LJxFBbhPNYCyNyBnGXRyQ1ERDektF
بنزرت,راس الجبل,راس الجبل,احمد سطاعلي,279,digits-wrong,79,مايتان وتسعه وسبعون,2023,قرار الهيئة لمعتمدية رأس الجبل__87__بنزرت.pdf,1vC1LJxFBbhPNYCyNyBnGXRyQ1ERDektF
بنزرت,راس الجبل,راس الجبل,عامر السويسي,184,digits-wrong,4,مايه واربعه وثمانون,2023,قرار الهيئة لمعتمدية رأس الجبل__87__بنزرت.pdf,1vC1LJxFBbhPNYCyNyBnGXRyQ1ERDektF
بنزرت,راس الجبل,رفرافء تصرح,فتحي السيفاوي,416,digits-wrong,166,اربعمايه وسته عشر,2023,قرار الهيئة لمعتمدية رأس الجبل__87__بنزرت.pdf,1vC1LJxFBbhPNYCyNyBnGXRyQ1ERDektF
بنزرت,راس الجبل,رفرافء تصرح,محرز ابراهيم,152,digits-wrong,52,مايه واثنان وخمسون,2023,قرار الهيئة لمعتمدية رأس الجبل__87__بنزرت.pdf,1vC1LJxFBbhPNYCyNyBnGXRyQ1ERDektF
بنزرت,راس الجبل,صونينء تصرح البييه,ال,20,digits-only,20,,2023,قرار الهيئة لمعتمدية رأس الجبل__87__بنزرت.pdf,1vC1LJxFBbhPNYCyNyBnGXRyQ1ERDektF
بنزرت,راس الجبل,صونينء تصرح البييه,هشام نويره,226,digits-wrong,6,مايتان وسته وعشرون,2023,قرار الهيئة لمعتمدية رأس الجبل__87__بنزرت.pdf,1vC1LJxFBbhPNYCyNyBnGXRyQ1ERDektF
بنزرت,راس الجبل,صونينء تصرح البييه,خالد نويره,67,digits-wrong,07,سبعه وستون,2023,قرار الهيئة لمعتمدية رأس الجبل__87__بنزرت.pdf,1vC1LJxFBbhPNYCyNyBnGXRyQ1ERDektF
بنزرت,راس الجبل,صونينء تصرح البييه,عفيف نويره,81,digits-wrong,0551,واحد وثمانون,2023,قرار الهيئة لمعتمدية رأس الجبل__87__بنزرت.pdf,1vC1LJxFBbhPNYCyNyBnGXRyQ1ERDektF
بنزرت,سجنان,الحشاشنه يتقدم الها,محسن السعيداني,187,digits-wrong,157,مايه وسبعه وثمانون,2023,قرار الهيئة لمعتمدية سجنان__84__بنزرت.pdf,1L_oE1w67od4NySemLaoURg5L-YuZt05X
بنزرت,سجنان,الحشاشنه يتقدم الها,منذر المزليني,296,digits-wrong,256,مايتان وسته وتسعون,2023,قرار الهيئة لمعتمدية سجنان__84__بنزرت.pdf,1L_oE1w67od4NySemLaoURg5L-YuZt05X
بنزرت,سجنان,الحشاشنه يتقدم الها,لطيفه السعيداني,226,agree,226,مايتان وسته وعشرون,2023,قرار الهيئة لمعتمدية سجنان__84__بنزرت.pdf,1L_oE1w67od4NySemLaoURg5L-YuZt05X
بنزرت,سجنان,العبابسه - (سجنان)؛,142,142,words-only,,مايه واثنان واربعون,2023,قرار الهيئة لمعتمدية سجنان__84__بنزرت.pdf,1L_oE1w67od4NySemLaoURg5L-YuZt05X
بنزرت,سجنان,العبابسه - (سجنان)؛,108,188,words-only,,مايه وثمانيه وثمانون,2023,قرار الهيئة لمعتمدية سجنان__84__بنزرت.pdf,1L_oE1w67od4NySemLaoURg5L-YuZt05X
بنزرت,سجنان,سجنان يتقدم الها,رمزي العباسي,471,agree,471,اربعمايه وواحد وسبعون,2023,قرار الهيئة لمعتمدية سجنان__84__بنزرت.pdf,1L_oE1w67od4NySemLaoURg5L-YuZt05X
بنزرت,سجنان,سجنان يتقدم الها,عبدالعزيز المعلاوي,154,agree,154,مايه واربعه وخمسون,2023,قرار الهيئة لمعتمدية سجنان__84__بنزرت.pdf,1L_oE1w67od4NySemLaoURg5L-YuZt05X
بنزرت,سجنان,سجنان يتقدم الها,محمد العياري,116,agree,116,مايه وسته عشر,2023,قرار الهيئة لمعتمدية سجنان__84__بنزرت.pdf,1L_oE1w67od4NySemLaoURg5L-YuZt05X
بنزرت,سجنان,سجنان يتقدم الها,فتحي السعيداني,281,digits-wrong,261,مايتان وواحد وثمانون,2023,قرار الهيئة لمعتمدية سجنان__84__بنزرت.pdf,1L_oE1w67od4NySemLaoURg5L-YuZt05X
بنزرت,سجنان,سجنان يتقدم الها,محمد المعلاوي,40,agree,40,اربعون,2023,قرار الهيئة لمعتمدية سجنان__84__بنزرت.pdf,1L_oE1w67od4NySemLaoURg5L-YuZt05X
بنزرت,سجنان,سيدي مشرق يتقدم,اذ سس يت يي,22222222222222,digits-only,22222222222222,,2023,قرار الهيئة لمعتمدية سجنان__84__بنزرت.pdf,1L_oE1w67od4NySemLaoURg5L-YuZt05X
بنزرت,سجنان,سيدي مشرق يتقدم,سرور الكيلاني,1,digits-only,1,,2023,قرار الهيئة لمعتمدية سجنان__84__بنزرت.pdf,1L_oE1w67od4NySemLaoURg5L-YuZt05X
بنزرت,سجنان,سيدي مشرق يتقدم,عادل الهمامي ‏,2,digits-only,2,,2023,قرار الهيئة لمعتمدية سجنان__84__بنزرت.pdf,1L_oE1w67od4NySemLaoURg5L-YuZt05X
بنزرت,سجنان,سيدي مشرق يتقدم,محسن السعيداني ‏,3,digits-only,3,,2023,قرار الهيئة لمعتمدية سجنان__84__بنزرت.pdf,1L_oE1w67od4NySemLaoURg5L-YuZt05X
بنزرت,سجنان,سيدي مشرق يتقدم,حلمي السعيداني ‏,4,digits-only,4,,2023,قرار الهيئة لمعتمدية سجنان__84__بنزرت.pdf,1L_oE1w67od4NySemLaoURg5L-YuZt05X
بنزرت,سجنان,سيدي مشرق يتقدم,رحاب السعيداني,2,digits-only,2,,2023,قرار الهيئة لمعتمدية سجنان__84__بنزرت.pdf,1L_oE1w67od4NySemLaoURg5L-YuZt05X
بنزرت,سجنان,سيدي مشرق يتقدم,كمال خلوقي ‏,6,digits-only,6,,2023,قرار الهيئة لمعتمدية سجنان__84__بنزرت.pdf,1L_oE1w67od4NySemLaoURg5L-YuZt05X
بنزرت,سجنان,سيدي مشرق يتقدم,نزيهه السحباني,7,digits-only,7,,2023,قرار الهيئة لمعتمدية سجنان__84__بنزرت.pdf,1L_oE1w67od4NySemLaoURg5L-YuZt05X
بنزرت,غار الملح,الزواوين,ايمن عرعار,119,agree,119,مايه وتسعه عشر,2023,قرار الهيئة لمعتمدية غار الملح__88__بنزرت.pdf,1CCeUhTTs8JR75Bxb55vgQ9BfWImJa95S
بنزرت,غار الملح,الزواوين,ريم اللواتي,77,agree,77,سبعه وسبعون,2023,قرار الهيئة لمعتمدية غار الملح__88__بنزرت.pdf,1CCeUhTTs8JR75Bxb55vgQ9BfWImJa95S
بنزرت,غار الملح,باجو,صالح يونس <<,606,agree,606,ستمايه وسته,2023,قرار الهيئة لمعتمدية غار الملح__88__بنزرت.pdf,1CCeUhTTs8JR75Bxb55vgQ9BfWImJa95S
بنزرت,غار الملح,باجو,طيبه عبدالنبي,39,agree,39,تسعه وثلاثون,2023,قرار الهيئة لمعتمدية غار الملح__88__بنزرت.pdf,1CCeUhTTs8JR75Bxb55vgQ9BfWImJa95S
بنزرت,غار الملح,"عوسجه 1, تصرح",سليي بن سالم,100,agree,100,مايه,2023,قرار الهيئة لمعتمدية غار الملح__88__بنزرت.pdf,1CCeUhTTs8JR75Bxb55vgQ9BfWImJa95S
بنزرت,غار الملح,"عوسجه 1, تصرح",فوزي المودب,197,digits-wrong,157,مايه وسبعه وتسعون,2023,قرار الهيئة لمعتمدية غار الملح__88__بنزرت.pdf,1CCeUhTTs8JR75Bxb55vgQ9BfWImJa95S
بنزرت,غار الملح,عوسجه 2 يتقدم الها,اسكندر الرياحي,150,digits-wrong,130,مايه وخمسون,2023,قرار الهيئة لمعتمدية غار الملح__88__بنزرت.pdf,1CCeUhTTs8JR75Bxb55vgQ9BfWImJa95S
بنزرت,غار الملح,عوسجه 2 يتقدم الها,حسن المحجوب,158,agree,158,مايه وثمانيه وخمسون,2023,قرار الهيئة لمعتمدية غار الملح__88__بنزرت.pdf,1CCeUhTTs8JR75Bxb55vgQ9BfWImJa95S
بنزرت,غار الملح,عوسجه 2 يتقدم الها,حده البوزازي,228,agree,228,مايتان وثمانيه وعشرون,2023,قرار الهيئة لمعتمدية غار الملح__88__بنزرت.pdf,1CCeUhTTs8JR75Bxb55vgQ9BfWImJa95S
بنزرت,غار الملح,عوسجه 2 يتقدم الها,ميساء بنحسين,50,agree,50,خمسون,2023,قرار الهيئة لمعتمدية غار الملح__88__بنزرت.pdf,1CCeUhTTs8JR75Bxb55vgQ9BfWImJa95S
بنزرت,غار الملح,غار الملح» تصرح البييه العليا,امير عياد,225,agree,225,مايتان وخمسه وعشرون,2023,قرار الهيئة لمعتمدية غار الملح__88__بنزرت.pdf,1CCeUhTTs8JR75Bxb55vgQ9BfWImJa95S
بنزرت,غار الملح,غار الملح» تصرح البييه العليا,هانم المبروك,195,digits-wrong,155,مايه وخمسه وتسعون,2023,قرار الهيئة لمعتمدية غار الملح__88__بنزرت.pdf,1CCeUhTTs8JR75Bxb55vgQ9BfWImJa95S
بنزرت,غزاله,الذواوده» تصرح البييه,حامد البلومي ‏,85,agree,85,خمسه وثمانون,2023,قرار الهيئة لمعتمدية غزالة__85__بنزرت.pdf,1xRxvnEhKFRbbQ7Er5jWgwpDph1tB6eYZ
بنزرت,غزاله,العرب - (غزاله),عبدالباقي الذوادي,126,agree,126,مايه وسته وعشرون,2023,قرار الهيئة لمعتمدية غزالة__85__بنزرت.pdf,1xRxvnEhKFRbbQ7Er5jWgwpDph1tB6eYZ
بنزرت,غزاله,اولاد المايء تصرح البييه,كريم السعيداني,182,digits-wrong,152,مايه واثنان وثمانون,2023,قرار الهيئة لمعتمدية غزالة__85__بنزرت.pdf,1xRxvnEhKFRbbQ7Er5jWgwpDph1tB6eYZ
بنزرت,غزاله,اولاد المايء تصرح البييه,محسن بن بركه,198,digits-wrong,138,مايه وثمانيه وتسعون,2023,قرار الهيئة لمعتمدية غزالة__85__بنزرت.pdf,1xRxvnEhKFRbbQ7Er5jWgwpDph1tB6eYZ
بنزرت,غزاله,بوجريرء تصرح البييه,سامي المنصوري,172,agree,172,مايه واثنان وسبعون,2023,قرار الهيئة لمعتمدية غزالة__85__بنزرت.pdf,1xRxvnEhKFRbbQ7Er5jWgwpDph1tB6eYZ
بنزرت,غزاله,"ركب, تصرح البييه العليا",لاا اما,0,digits-only,0,,2023,قرار الهيئة لمعتمدية غزالة__85__بنزرت.pdf,1xRxvnEhKFRbbQ7Er5jWgwpDph1tB6eYZ
بنزرت,غزاله,"ركب, تصرح البييه العليا",جمال الذوادي,167,agree,167,مايه وسبعه وستون,2023,قرار الهيئة لمعتمدية غزالة__85__بنزرت.pdf,1xRxvnEhKFRbbQ7Er5jWgwpDph1tB6eYZ
بنزرت,غزاله,"ركب, تصرح البييه العليا",البادي الجميعي,133,agree,133,مايه وثلاثه وثلاثون,2023,قرار الهيئة لمعتمدية غزالة__85__بنزرت.pdf,1xRxvnEhKFRbbQ7Er5jWgwpDph1tB6eYZ
بنزرت,غزاله,"ركب, تصرح البييه العليا",م م م م م م م م ب ا الالو ا ل اا 00 ا(,1,digits-only,1,,2023,قرار الهيئة لمعتمدية غزالة__85__بنزرت.pdf,1xRxvnEhKFRbbQ7Er5jWgwpDph1tB6eYZ
بنزرت,غزاله,"سيدي عيسي, تصرح",كمال الجميعي,122,agree,122,مايه واثنان وعشرون,2023,قرار الهيئة لمعتمدية غزالة__85__بنزرت.pdf,1xRxvnEhKFRbbQ7Er5jWgwpDph1tB6eYZ
بنزرت,غزاله,"سيدي عيسي, تصرح",ادريس المرنيصي,38,agree,38,ثمانيه وثلاثون,2023,قرار الهيئة لمعتمدية غزالة__85__بنزرت.pdf,1xRxvnEhKFRbbQ7Er5jWgwpDph1tB6eYZ
بنزرت,غزاله,سيدي منصور- (غزاله),محسن الجميعي2,83,agree,83,ثلاثه وثمانون,2023,قرار الهيئة لمعتمدية غزالة__85__بنزرت.pdf,1xRxvnEhKFRbbQ7Er5jWgwpDph1tB6eYZ
بنزرت,غزاله,سيدي منصور- (غزاله),محسن البابوري,136,agree,136,مايه وسته وثلاثون,2023,قرار الهيئة لمعتمدية غزالة__85__بنزرت.pdf,1xRxvnEhKFRbbQ7Er5jWgwpDph1tB6eYZ
بنزرت,غزاله,سيدي منصور- (غزاله),عليه البجاوي,140,agree,140,مايه واربعون,2023,قرار الهيئة لمعتمدية غزالة__85__بنزرت.pdf,1xRxvnEhKFRbbQ7Er5jWgwpDph1tB6eYZ
بنزرت,غزاله,غزاله - (غزاله)» تصرح,حسن الفرشيثشي,369,agree,369,ثلاثمايه وتسعه وستون,2023,قرار الهيئة لمعتمدية غزالة__85__بنزرت.pdf,1xRxvnEhKFRbbQ7Er5jWgwpDph1tB6eYZ
بنزرت,غزاله,غزاله - (غزاله)» تصرح,المنذر الكريفي,104,agree,104,مايه واربعه,2023,قرار الهيئة لمعتمدية غزالة__85__بنزرت.pdf,1xRxvnEhKFRbbQ7Er5jWgwpDph1tB6eYZ
بنزرت,ماطر,"احواز ماطر, تصرح البييه العليا",احمد الجندوبي,79,agree,79,تسعه وسبعون,2023,قرار الهيئة لمعتمدية ماطر__90__بنزرت.pdf,1dSkk7bDi3Wd4DKtSn5XkDpJ-LMd0x4Qj
بنزرت,ماطر,"بهايه, تصرح البييه العليا",علي رزق,31,agree,31,واحد وثلاثون,2023,قرار الهيئة لمعتمدية ماطر__90__بنزرت.pdf,1dSkk7bDi3Wd4DKtSn5XkDpJ-LMd0x4Qj
بنزرت,ماطر,"بهايه, تصرح البييه العليا",لطفي طياشي,257,agree,257,مايتان وسبعه وخمسون,2023,قرار الهيئة لمعتمدية ماطر__90__بنزرت.pdf,1dSkk7bDi3Wd4DKtSn5XkDpJ-LMd0x4Qj
بنزرت,ماطر,بومخيله يتقدم الها,علي الطلحاوي 2,100,agree,100,مايه,2023,قرار الهيئة لمعتمدية ماطر__90__بنزرت.pdf,1dSkk7bDi3Wd4DKtSn5XkDpJ-LMd0x4Qj
بنزرت,ماطر,بومخيله يتقدم الها,منيه التيزاوي,94,digits-wrong,594,اربعه وتسعون,2023,قرار الهيئة لمعتمدية ماطر__90__بنزرت.pdf,1dSkk7bDi3Wd4DKtSn5XkDpJ-LMd0x4Qj
بنزرت,ماطر,بومخيله يتقدم الها,الناجي الجميعي,126,agree,126,مايه وسته وعشرون,2023,قرار الهيئة لمعتمدية ماطر__90__بنزرت.pdf,1dSkk7bDi3Wd4DKtSn5XkDpJ-LMd0x4Qj
بنزرت,ماطر,ترقلاشء تصرح البييه العليا,عماد بوذراع,145,agree,145,مايه وخمسه واربعون,2023,قرار الهيئة لمعتمدية ماطر__90__بنزرت.pdf,1dSkk7bDi3Wd4DKtSn5XkDpJ-LMd0x4Qj
بنزرت,ماطر,ترقلاشء تصرح البييه العليا,لطفي الورغمي,51,agree,51,واحد وخمسون,2023,قرار الهيئة لمعتمدية ماطر__90__بنزرت.pdf,1dSkk7bDi3Wd4DKtSn5XkDpJ-LMd0x4Qj
بنزرت,ماطر,حي النصر يتقدم الها,مهدي النفزي,124,agree,124,مايه واربعه وعشرون,2023,قرار الهيئة لمعتمدية ماطر__90__بنزرت.pdf,1dSkk7bDi3Wd4DKtSn5XkDpJ-LMd0x4Qj
بنزرت,ماطر,حي النصر يتقدم الها,سيف الدين البجاوي,87,digits-wrong,57,سبعه وثمانون,2023,قرار الهيئة لمعتمدية ماطر__90__بنزرت.pdf,1dSkk7bDi3Wd4DKtSn5XkDpJ-LMd0x4Qj
بنزرت,ماطر,حي النصر يتقدم الها,فاتح القاسمي,151,agree,151,مايه وواحد وخمسون,2023,قرار الهيئة لمعتمدية ماطر__90__بنزرت.pdf,1dSkk7bDi3Wd4DKtSn5XkDpJ-LMd0x4Qj
بنزرت,ماطر,عرب ماجور يتقدم الها,رمزي سعيداني,117,agree,117,مايه وسبعه عشر,2023,قرار الهيئة لمعتمدية ماطر__90__بنزرت.pdf,1dSkk7bDi3Wd4DKtSn5XkDpJ-LMd0x4Qj
بنزرت,ماطر,عرب ماجور يتقدم الها,الشاذلي الجبالي,113,agree,113,مايه وثلاثه عشر,2023,قرار الهيئة لمعتمدية ماطر__90__بنزرت.pdf,1dSkk7bDi3Wd4DKtSn5XkDpJ-LMd0x4Qj
بنزرت,ماطر,عرب ماجور يتقدم الها,مبدي محرزي,151,agree,151,مايه وواحد وخمسون,2023,قرار الهيئة لمعتمدية ماطر__90__بنزرت.pdf,1dSkk7bDi3Wd4DKtSn5XkDpJ-LMd0x4Qj
بنزرت,ماطر,"ماطر الجنوبيه, تصرح",جهاد البجاوي,174,agree,174,مايه واربعه وسبعون,2023,قرار الهيئة لمعتمدية ماطر__90__بنزرت.pdf,1dSkk7bDi3Wd4DKtSn5XkDpJ-LMd0x4Qj
بنزرت,ماطر,"ماطر الجنوبيه, تصرح",ايمان الوافي,122,agree,122,مايه واثنان وعشرون,2023,قرار الهيئة لمعتمدية ماطر__90__بنزرت.pdf,1dSkk7bDi3Wd4DKtSn5XkDpJ-LMd0x4Qj
بنزرت,ماطر,ماطر يتقدم الها,لب سس سس,0,digits-only,0,,2023,قرار الهيئة لمعتمدية ماطر__90__بنزرت.pdf,1dSkk7bDi3Wd4DKtSn5XkDpJ-LMd0x4Qj
بنزرت,ماطر,ماطر يتقدم الها,راضيه القرامي,56,agree,56,سته وخمسون,2023,قرار الهيئة لمعتمدية ماطر__90__بنزرت.pdf,1dSkk7bDi3Wd4DKtSn5XkDpJ-LMd0x4Qj
بنزرت,ماطر,ماطر يتقدم الها,خالد عروه,142,agree,142,مايه واثنان واربعون,2023,قرار الهيئة لمعتمدية ماطر__90__بنزرت.pdf,1dSkk7bDi3Wd4DKtSn5XkDpJ-LMd0x4Qj
بنزرت,ماطر,ماطر يتقدم الها,كامل نفزي,74,agree,74,اربعه وسبعون,2023,قرار الهيئة لمعتمدية ماطر__90__بنزرت.pdf,1dSkk7bDi3Wd4DKtSn5XkDpJ-LMd0x4Qj
بنزرت,ماطر,ماطر يتقدم الها,عبدالقادر العلوثي,88,digits-wrong,58,ثمانيه وثمانون,2023,قرار الهيئة لمعتمدية ماطر__90__بنزرت.pdf,1dSkk7bDi3Wd4DKtSn5XkDpJ-LMd0x4Qj
بنزرت,ماطر,ماطر يتقدم الها,رضا بجاوي بوعزيزي,91,digits-wrong,531,واحد وتسعون,2023,قرار الهيئة لمعتمدية ماطر__90__بنزرت.pdf,1dSkk7bDi3Wd4DKtSn5XkDpJ-LMd0x4Qj
بنزرت,ماطر,ماطر يتقدم الها,انيس الرواحي,42,agree,42,اثنان واربعون,2023,قرار الهيئة لمعتمدية ماطر__90__بنزرت.pdf,1dSkk7bDi3Wd4DKtSn5XkDpJ-LMd0x4Qj
بنزرت,ماطر,نفاتء تصرح البييه العليا,علاء الغانعي,235,agree,235,مايتان وخمسه وثلاثون,2023,قرار الهيئة لمعتمدية ماطر__90__بنزرت.pdf,1dSkk7bDi3Wd4DKtSn5XkDpJ-LMd0x4Qj
بنزرت,ماطر,نفاتء تصرح البييه العليا,محمدعلي الغربي اثتان,40,digits-wrong,42,واربعون,2023,قرار الهيئة لمعتمدية ماطر__90__بنزرت.pdf,1dSkk7bDi3Wd4DKtSn5XkDpJ-LMd0x4Qj
بنزرت,منزل بورقيبه,"الشلاغميه,",صابر البجاوي,158,agree,158,مايه وثمانيه وخمسون,2023,قرار الهيئة لمعتمدية منزل بورقيبة__92__بنزرت.pdf,1PUpJozyqpMq-rtmcAfbpttq7KMADKwaw
بنزرت,منزل بورقيبه,المدينه - (منزل,البادي البرناط,155,agree,155,مايه وخمسه وخمسون,2023,قرار الهيئة لمعتمدية منزل بورقيبة__92__بنزرت.pdf,1PUpJozyqpMq-rtmcAfbpttq7KMADKwaw
بنزرت,منزل بورقيبه,المدينه - (منزل,مروان العبامي,369,agree,369,ثلاثمايه وتسعه وستون,2023,قرار الهيئة لمعتمدية منزل بورقيبة__92__بنزرت.pdf,1PUpJozyqpMq-rtmcAfbpttq7KMADKwaw
بنزرت,منزل بورقيبه,"النجاح 1, تصرح",فوزي البجاوي2 ثلايثمايه,52,digits-wrong,352,واثنان وخمسون,2023,قرار الهيئة لمعتمدية منزل بورقيبة__92__بنزرت.pdf,1PUpJozyqpMq-rtmcAfbpttq7KMADKwaw
بنزرت,منزل بورقيبه,النجاح 2 يتقدم,محمدعلي الحمدوني,139,agree,139,مايه وتسعه وثلاثون,2023,قرار الهيئة لمعتمدية منزل بورقيبة__92__بنزرت.pdf,1PUpJozyqpMq-rtmcAfbpttq7KMADKwaw
بنزرت,منزل بورقيبه,النجاح 2 يتقدم,المعز حامدي,288,digits-wrong,2058,مايتان وثمانيه وثمانون,2023,قرار الهيئة لمعتمدية منزل بورقيبة__92__بنزرت.pdf,1PUpJozyqpMq-rtmcAfbpttq7KMADKwaw
بنزرت,منزل بورقيبه,النجاح 2 يتقدم,حلمي النفزي,169,agree,169,مايه وتسعه وستون,2023,قرار الهيئة لمعتمدية منزل بورقيبة__92__بنزرت.pdf,1PUpJozyqpMq-rtmcAfbpttq7KMADKwaw
بنزرت,منزل بورقيبه,حي الثوره» تصرح,احلام جباري,167,agree,167,مايه وسبعه وستون,2023,قرار الهيئة لمعتمدية منزل بورقيبة__92__بنزرت.pdf,1PUpJozyqpMq-rtmcAfbpttq7KMADKwaw
بنزرت,منزل بورقيبه,حي الحدايق,لامع و ا,20,digits-only,20,,2023,قرار الهيئة لمعتمدية منزل بورقيبة__92__بنزرت.pdf,1PUpJozyqpMq-rtmcAfbpttq7KMADKwaw
بنزرت,منزل بورقيبه,حي الحدايق,زكيه المعروفي,130,agree,130,مايه وثلاثون,2023,قرار الهيئة لمعتمدية منزل بورقيبة__92__بنزرت.pdf,1PUpJozyqpMq-rtmcAfbpttq7KMADKwaw
بنزرت,منزل بورقيبه,قبطنه 1 تصرح,سفيان بنعزيزه,102,agree,102,مايه واثنان,2023,قرار الهيئة لمعتمدية منزل بورقيبة__92__بنزرت.pdf,1PUpJozyqpMq-rtmcAfbpttq7KMADKwaw
بنزرت,منزل بورقيبه,قبطنه 2 يتقدم,محمد العمدوني,134,agree,134,مايه واربعه وثلاثون,2023,قرار الهيئة لمعتمدية منزل بورقيبة__92__بنزرت.pdf,1PUpJozyqpMq-rtmcAfbpttq7KMADKwaw
بنزرت,منزل بورقيبه,قبطنه 2 يتقدم,هيثم النفاتي مايه وسبعه عشر 7ا11,520018,digits-only,520018,,2023,قرار الهيئة لمعتمدية منزل بورقيبة__92__بنزرت.pdf,1PUpJozyqpMq-rtmcAfbpttq7KMADKwaw
بنزرت,منزل بورقيبه,قبطنه 2 يتقدم,عماد القصوري,116,agree,116,مايه وسته عشر,2023,قرار الهيئة لمعتمدية منزل بورقيبة__92__بنزرت.pdf,1PUpJozyqpMq-rtmcAfbpttq7KMADKwaw
بنزرت,منزل جميل,"العزيب, تصرح",عبدالرزاق الحجري,76,agree,76,سته وسبعون,2023,قرار الهيئة لمعتمدية منزل جميل__94__بنزرت.pdf,1uyG7DgDPNE5zgdysh9kTAdvecKyCNKfK
بنزرت,منزل جميل,"العزيب, تصرح",وسام الدغار,299,digits-wrong,259,مايتان وتسعه وتسعون,2023,قرار الهيئة لمعتمدية منزل جميل__94__بنزرت.pdf,1uyG7DgDPNE5zgdysh9kTAdvecKyCNKfK
بنزرت,منزل جميل,"العزيب, تصرح",لبني الغانمي ‎1‏,85,agree,85,خمسه وثمانون,2023,قرار الهيئة لمعتمدية منزل جميل__94__بنزرت.pdf,1uyG7DgDPNE5zgdysh9kTAdvecKyCNKfK
بنزرت,منزل جميل,"منزل جميل الغربيه,",محمد بنور ‎1‏,183,digits-wrong,163,مايه وثلاثه وثمانون,2023,قرار الهيئة لمعتمدية منزل جميل__94__بنزرت.pdf,1uyG7DgDPNE5zgdysh9kTAdvecKyCNKfK
بنزرت,منزل جميل,"منزل جميل الغربيه,",حنان المعاوي,113,agree,113,مايه وثلاثه عشر,2023,قرار الهيئة لمعتمدية منزل جميل__94__بنزرت.pdf,1uyG7DgDPNE5zgdysh9kTAdvecKyCNKfK
بنزرت,منزل جميل,"منزل جميل الغربيه,",سفيان معروني,85,agree,85,خمسه وثمانون,2023,قرار الهيئة لمعتمدية منزل جميل__94__بنزرت.pdf,1uyG7DgDPNE5zgdysh9kTAdvecKyCNKfK
بنزرت,منزل جميل,"منزل جميل الغربيه,",حميده المزهودي,63,agree,63,ثلاثه وستون,2023,قرار الهيئة لمعتمدية منزل جميل__94__بنزرت.pdf,1uyG7DgDPNE5zgdysh9kTAdvecKyCNKfK
بنزرت,منزل جميل,"منزل جميل الغربيه,",علي بجاوي,101,agree,101,مايه وواحد,2023,قرار الهيئة لمعتمدية منزل جميل__94__بنزرت.pdf,1uyG7DgDPNE5zgdysh9kTAdvecKyCNKfK
بنزرت,منزل جميل,"منزل جميل الغربيه,",سحر اسحاق,196,digits-wrong,1536,مايه وسته وتسعون,2023,قرار الهيئة لمعتمدية منزل جميل__94__بنزرت.pdf,1uyG7DgDPNE5zgdysh9kTAdvecKyCNKfK
بنزرت,منزل جميل,"منزل جميل الغربيه,",الحبيب السعفي,181,digits-wrong,161,مايه وواحد وثمانون,2023,قرار الهيئة لمعتمدية منزل جميل__94__بنزرت.pdf,1uyG7DgDPNE5zgdysh9kTAdvecKyCNKfK
بنزرت,منزل جميل,"منزل جميل الغربيه,",حنان مراد,89,digits-wrong,859,تسعه وثمانون,2023,قرار الهيئة لمعتمدية منزل جميل__94__بنزرت.pdf,1uyG7DgDPNE5zgdysh9kTAdvecKyCNKfK
بنزرت,منزل جميل,منزل عبد الرحمان,نعيمه الحشاني,153,agree,153,مايه وثلاثه وخمسون,2023,قرار الهيئة لمعتمدية منزل جميل__94__بنزرت.pdf,1uyG7DgDPNE5zgdysh9kTAdvecKyCNKfK
بنزرت,منزل جميل,منزل عبد الرحمان,محمد حشاني,103,agree,103,مايه وثلاثه,2023,قرار الهيئة لمعتمدية منزل جميل__94__بنزرت.pdf,1uyG7DgDPNE5zgdysh9kTAdvecKyCNKfK
بنزرت,منزل جميل,منزل عبد الرحمان,صلوحه ابن جمال,475,digits-wrong,0115,اربعمايه وخمسه وسبعون,2023,قرار الهيئة لمعتمدية منزل جميل__94__بنزرت.pdf,1uyG7DgDPNE5zgdysh9kTAdvecKyCNKfK
تطاوين,البير الاحمر,البساتين - (البير الاحمر),فكحيه بوحواش ‎0‏ 'سبعه وخمسو,57,digits-only,57,,2023,قرار الهيئة لمعتمدية البئر الأحمر__272__تطاوين.PDF,1ljBZicHv8xGnxpktU_vgayYdG_MnBK2B
تطاوين,البير الاحمر,البير الاحمر الغربيه,محمد زحافي مايه وثلاثه عشر ع,76,digits-only,76,,2023,قرار الهيئة لمعتمدية البئر الأحمر__272__تطاوين.PDF,1ljBZicHv8xGnxpktU_vgayYdG_MnBK2B
تطاوين,البير الاحمر,البير الاحمر الغربيه,علي البازل,102,agree,102,مايه واثنان,2023,قرار الهيئة لمعتمدية البئر الأحمر__272__تطاوين.PDF,1ljBZicHv8xGnxpktU_vgayYdG_MnBK2B
تطاوين,البير الاحمر,السند - (البثر,فتحي حلاب,32,digits-wrong,38,اثنان وثلاثون,2023,قرار الهيئة لمعتمدية البئر الأحمر__272__تطاوين.PDF,1ljBZicHv8xGnxpktU_vgayYdG_MnBK2B
تطاوين,البير الاحمر,السند - (البثر,الفتحي بالناصر ماثتان,29,digits-wrong,229,وتسعه وعشرون,2023,قرار الهيئة لمعتمدية البئر الأحمر__272__تطاوين.PDF,1ljBZicHv8xGnxpktU_vgayYdG_MnBK2B
تطاوين,البير الاحمر,السند - (البثر,عمار سكرافي,48,agree,48,ثمانيه واربعون,2023,قرار الهيئة لمعتمدية البئر الأحمر__272__تطاوين.PDF,1ljBZicHv8xGnxpktU_vgayYdG_MnBK2B
تطاوين,البير الاحمر,المدينه - (البير,مسعود البوبكري,120,agree,120,مايه وعشرون,2023,قرار الهيئة لمعتمدية البئر الأحمر__272__تطاوين.PDF,1ljBZicHv8xGnxpktU_vgayYdG_MnBK2B
تطاوين,البير الاحمر,المدينه - (البير,الطاهر الفرحاتي,61,agree,61,واحد وستون,2023,قرار الهيئة لمعتمدية البئر الأحمر__272__تطاوين.PDF,1ljBZicHv8xGnxpktU_vgayYdG_MnBK2B
تطاوين,البير الاحمر,قر اقر,علي الحسومي البيولي,99,agree,99,تسعه وتسعون,2023,قرار الهيئة لمعتمدية البئر الأحمر__272__تطاوين.PDF,1ljBZicHv8xGnxpktU_vgayYdG_MnBK2B
تطاوين,الصمار,الصمار1 يتقدم الها,الطاهر العازيز تسسعه وعشيرون,29,digits-only,29,,2023,قرار الهيئة لمعتمدية الصمار__275__تطاوين.PDF,1yXnw5Qmocnz3FsQpDucUNwLaYp6M49h0
تطاوين,الصمار,الصمار1 يتقدم الها,محمد بوكرع,133,agree,133,مايه وثلاثه وثلاثون,2023,قرار الهيئة لمعتمدية الصمار__275__تطاوين.PDF,1yXnw5Qmocnz3FsQpDucUNwLaYp6M49h0
تطاوين,الصمار,الصمار1 يتقدم الها,صالح بوهودي,115,agree,115,مايه وخمسه عشر,2023,قرار الهيئة لمعتمدية الصمار__275__تطاوين.PDF,1yXnw5Qmocnz3FsQpDucUNwLaYp6M49h0
تطاوين,الصمار,الصمار 2 تصرح,العيادي الاحسيني مايثتان,34,digits-wrong,234,واربعه وثلاثون,2023,قرار الهيئة لمعتمدية الصمار__275__تطاوين.PDF,1yXnw5Qmocnz3FsQpDucUNwLaYp6M49h0
تطاوين,الصمار,الصمار 2 تصرح,عبدالمجيد بوطالب,35,agree,35,خمسه وثلاثون,2023,قرار الهيئة لمعتمدية الصمار__275__تطاوين.PDF,1yXnw5Qmocnz3FsQpDucUNwLaYp6M49h0
تطاوين,الصمار,الصمار 2 تصرح,سامي بوطالب مايه وثلايه,10,digits-wrong,113,عشر,2023,قرار الهيئة لمعتمدية الصمار__275__تطاوين.PDF,1yXnw5Qmocnz3FsQpDucUNwLaYp6M49h0
تطاوين,الصمار,"الصمار3, تصرح البييه العليا",محمد الطويل,77,agree,77,سبعه وسبعون,2023,قرار الهيئة لمعتمدية الصمار__275__تطاوين.PDF,1yXnw5Qmocnz3FsQpDucUNwLaYp6M49h0
تطاوين,الصمار,"الصمار3, تصرح البييه العليا",محمد زروق ثمانيه وسبعون 8/,51000132,digits-only,51000132,,2023,قرار الهيئة لمعتمدية الصمار__275__تطاوين.PDF,1yXnw5Qmocnz3FsQpDucUNwLaYp6M49h0
تطاوين,الصمار,الغرياني,لتو انقيصض,66,agree,66,سته وستون,2023,قرار الهيئة لمعتمدية الصمار__275__تطاوين.PDF,1yXnw5Qmocnz3FsQpDucUNwLaYp6M49h0
تطاوين,الصمار,الغرياني,بلقاسم نفيص,241,agree,241,مايتان وواحد واربعون,2023,قرار الهيئة لمعتمدية الصمار__275__تطاوين.PDF,1yXnw5Qmocnz3FsQpDucUNwLaYp6M49h0
تطاوين,الصمار,كرشاوء تصرح البييه العليا,فتحي بنجديان,51,digits-wrong,5,واحد وخمسون,2023,قرار الهيئة لمعتمدية الصمار__275__تطاوين.PDF,1yXnw5Qmocnz3FsQpDucUNwLaYp6M49h0
تطاوين,الصمار,كرشاوء تصرح البييه العليا,الطاهر الخنجاري,81,agree,81,واحد وثمانون,2023,قرار الهيئة لمعتمدية الصمار__275__تطاوين.PDF,1yXnw5Qmocnz3FsQpDucUNwLaYp6M49h0
تطاوين,بي مهيره,الرهاش,محمد الشايبي,24,agree,24,اربعه وعشرون,2023,قرار الهيئة لمعتمدية بني مهيرة__277__تطاوين.PDF,1dec8w-YOCCeuH4gTwgzu20GVaObai87M
تطاوين,بي مهيره,المره,محمد سنون,57,agree,57,سبعه وخمسون,2023,قرار الهيئة لمعتمدية بني مهيرة__277__تطاوين.PDF,1dec8w-YOCCeuH4gTwgzu20GVaObai87M
تطاوين,بي مهيره,بني مبيره الشرقيه,عبدالله بنصر,143,agree,143,مايه وثلاثه واربعون,2023,قرار الهيئة لمعتمدية بني مهيرة__277__تطاوين.PDF,1dec8w-YOCCeuH4gTwgzu20GVaObai87M
تطاوين,بي مهيره,بني مبيره الشرقيه,فيصل بنعطيه,143,agree,143,مايه وثلاثه واربعون,2023,قرار الهيئة لمعتمدية بني مهيرة__277__تطاوين.PDF,1dec8w-YOCCeuH4gTwgzu20GVaObai87M
تطاوين,بي مهيره,قصر عون,خليفه قدر ماثتان,65,digits-wrong,265,وخمسه وستون,2023,قرار الهيئة لمعتمدية بني مهيرة__277__تطاوين.PDF,1dec8w-YOCCeuH4gTwgzu20GVaObai87M
تطاوين,بي مهيره,قصر عون,كمال لجحمر «ماثتان وواحد وسيعوث,271,digits-only,271,,2023,قرار الهيئة لمعتمدية بني مهيرة__277__تطاوين.PDF,1dec8w-YOCCeuH4gTwgzu20GVaObai87M
تطاوين,بي مهيره,قصر مهيره,الطيب القارس ثلاثمايه واثنا,10,digits-wrong,312,عشره,2023,قرار الهيئة لمعتمدية بني مهيرة__277__تطاوين.PDF,1dec8w-YOCCeuH4gTwgzu20GVaObai87M
تطاوين,بي مهيره,قصر مهيره,الشريف التكوري مايثتان,30,digits-wrong,230,وثلاثون,2023,قرار الهيئة لمعتمدية بني مهيرة__277__تطاوين.PDF,1dec8w-YOCCeuH4gTwgzu20GVaObai87M
تطاوين,تطاوين الجنوبيه,الدويرات,ابتسام الصابري,94,agree,94,اربعه وتسعون,2023,قرار الهيئة لمعتمدية تطاوين الجنوبية__273__تطاوين.PDF,1sFHCi8PPZXJPSasVBDognvRAkKA3NDuk
تطاوين,تطاوين الجنوبيه,"الرقبه,",يسري خليصهح,162,agree,162,مايه واثنان وستون,2023,قرار الهيئة لمعتمدية تطاوين الجنوبية__273__تطاوين.PDF,1sFHCi8PPZXJPSasVBDognvRAkKA3NDuk
تطاوين,تطاوين الجنوبيه,"الرقبه,",المنصف العنتير,163,agree,163,مايه وثلاثه وستون,2023,قرار الهيئة لمعتمدية تطاوين الجنوبية__273__تطاوين.PDF,1sFHCi8PPZXJPSasVBDognvRAkKA3NDuk
تطاوين,تطاوين الجنوبيه,المزطوربه,محمد الغول,50,words-only,,خمسون,2023,قرار الهيئة لمعتمدية تطاوين الجنوبية__273__تطاوين.PDF,1sFHCi8PPZXJPSasVBDognvRAkKA3NDuk
تطاوين,تطاوين الجنوبيه,المزطوربه,خالد العيدودي,101,words-only,,مايه وواحد,2023,قرار الهيئة لمعتمدية تطاوين الجنوبية__273__تطاوين.PDF,1sFHCi8PPZXJPSasVBDognvRAkKA3NDuk
تطاوين,تطاوين الجنوبيه,المزطوريه الشماليه,ابراهيم الحاجي,133,agree,133,مايه وثلاثه وثلاثون,2023,قرار الهيئة لمعتمدية تطاوين الجنوبية__273__تطاوين.PDF,1sFHCi8PPZXJPSasVBDognvRAkKA3NDuk
تطاوين,تطاوين الجنوبيه,المسرب,علي العماري,89,agree,89,تسعه وثمانون,2023,قرار الهيئة لمعتمدية تطاوين الجنوبية__273__تطاوين.PDF,1sFHCi8PPZXJPSasVBDognvRAkKA3NDuk
تطاوين,تطاوين الجنوبيه,المسرب,عمار النايلي,304,digits-wrong,2304,ثلاثمايه واربعه,2023,قرار الهيئة لمعتمدية تطاوين الجنوبية__273__تطاوين.PDF,1sFHCi8PPZXJPSasVBDognvRAkKA3NDuk
تطاوين,تطاوين الجنوبيه,المسرب,كالتهفوله ‎+1‏ اتنان تمشترون,59,digits-only,59,,2023,قرار الهيئة لمعتمدية تطاوين الجنوبية__273__تطاوين.PDF,1sFHCi8PPZXJPSasVBDognvRAkKA3NDuk
تطاوين,تطاوين الجنوبيه,المسرب,محمد العقربي,103,agree,103,مايه وثلاثه,2023,قرار الهيئة لمعتمدية تطاوين الجنوبية__273__تطاوين.PDF,1sFHCi8PPZXJPSasVBDognvRAkKA3NDuk
تطاوين,تطاوين الجنوبيه,"بير الثلاثين,",لطفي الجمل,94,agree,94,اربعه وتسعون,2023,قرار الهيئة لمعتمدية تطاوين الجنوبية__273__تطاوين.PDF,1sFHCi8PPZXJPSasVBDognvRAkKA3NDuk
تطاوين,تطاوين الجنوبيه,"بير الثلاثين,",ابراهيم العايب,36,agree,36,سته وثلاثون,2023,قرار الهيئة لمعتمدية تطاوين الجنوبية__273__تطاوين.PDF,1sFHCi8PPZXJPSasVBDognvRAkKA3NDuk
تطاوين,تطاوين الجنوبيه,تطا,خوله الحمروني,36,agree,36,سته وثلاثون,2023,قرار الهيئة لمعتمدية تطاوين الجنوبية__273__تطاوين.PDF,1sFHCi8PPZXJPSasVBDognvRAkKA3NDuk
تطاوين,تطاوين الجنوبيه,تطاوين,صبرين الوافي,99,digits-wrong,59,تسعه وتسعون,2023,قرار الهيئة لمعتمدية تطاوين الجنوبية__273__تطاوين.PDF,1sFHCi8PPZXJPSasVBDognvRAkKA3NDuk
تطاوين,تطاوين الجنوبيه,تطاوين,عمر الونيبي,100,agree,100,مايه,2023,قرار الهيئة لمعتمدية تطاوين الجنوبية__273__تطاوين.PDF,1sFHCi8PPZXJPSasVBDognvRAkKA3NDuk
تطاوين,تطاوين الجنوبيه,"حي البر,",عثمان الشميطد,78,agree,78,ثمانيه وسبعون,2023,قرار الهيئة لمعتمدية تطاوين الجنوبية__273__تطاوين.PDF,1sFHCi8PPZXJPSasVBDognvRAkKA3NDuk
تطاوين,تطاوين الجنوبيه,"حي البر,",الحسين البوش,41,agree,41,واحد واربعون,2023,قرار الهيئة لمعتمدية تطاوين الجنوبية__273__تطاوين.PDF,1sFHCi8PPZXJPSasVBDognvRAkKA3NDuk
تطاوين,تطاوين الجنوبيه,"حي البر,",محمد القاسمي,95,digits-wrong,55,خمسه وتسعون,2023,قرار الهيئة لمعتمدية تطاوين الجنوبية__273__تطاوين.PDF,1sFHCi8PPZXJPSasVBDognvRAkKA3NDuk
تطاوين,تطاوين الجنوبيه,شنني الجديده,يسيق بوشربحه ...... اثناخ ويكمسون,52,digits-only,52,,2023,قرار الهيئة لمعتمدية تطاوين الجنوبية__273__تطاوين.PDF,1sFHCi8PPZXJPSasVBDognvRAkKA3NDuk
تطاوين,تطاوين الجنوبيه,غرغار,جمال عبدالحفيظ,157,digits-wrong,167,مايه وسبعه وخمسون,2023,قرار الهيئة لمعتمدية تطاوين الجنوبية__273__تطاوين.PDF,1sFHCi8PPZXJPSasVBDognvRAkKA3NDuk
تطاوين,تطاوين الجنوبيه,قصر,فتحي المقبلي,53,agree,53,ثلاثه وخمسون,2023,قرار الهيئة لمعتمدية تطاوين الجنوبية__273__تطاوين.PDF,1sFHCi8PPZXJPSasVBDognvRAkKA3NDuk
تطاوين,تطاوين الجنوبيه,قصر,عبدالمجيد عياده,68,agree,68,ثمانيه وستون,2023,قرار الهيئة لمعتمدية تطاوين الجنوبية__273__تطاوين.PDF,1sFHCi8PPZXJPSasVBDognvRAkKA3NDuk
تطاوين,تطاوين الشماليه,التضامن,رحومه اولاد ضو ماتتان,23,digits-wrong,223,وثلاثه وعشرون,2023,قرار الهيئة لمعتمدية تطاوين الشمالية__276__تطاوين.PDF,169yku_ys24D0xHdN_YGpDBAFJQymaHun
تطاوين,تطاوين الشماليه,التضامن,محمد العوال,171,agree,171,مايه وواحد وسبعون,2023,قرار الهيئة لمعتمدية تطاوين الشمالية__276__تطاوين.PDF,169yku_ys24D0xHdN_YGpDBAFJQymaHun
تطاوين,تطاوين الشماليه,الزهراء,سالم الخنجاري,127,agree,127,مايه وسبعه وعشرون,2023,قرار الهيئة لمعتمدية تطاوين الشمالية__276__تطاوين.PDF,169yku_ys24D0xHdN_YGpDBAFJQymaHun
تطاوين,تطاوين الشماليه,الزهراء,يوسف بوخشيم,68,agree,68,ثمانيه وستون,2023,قرار الهيئة لمعتمدية تطاوين الشمالية__276__تطاوين.PDF,169yku_ys24D0xHdN_YGpDBAFJQymaHun
تطاوين,تطاوين الشماليه,الزهراء,سالم الدبابي,122,agree,122,مايه واثنان وعشرون,2023,قرار الهيئة لمعتمدية تطاوين الشمالية__276__تطاوين.PDF,169yku_ys24D0xHdN_YGpDBAFJQymaHun
تطاوين,تطاوين الشماليه,الزهراء,عواطف بن قايد,56,agree,56,سته وخمسون,2023,قرار الهيئة لمعتمدية تطاوين الشمالية__276__تطاوين.PDF,169yku_ys24D0xHdN_YGpDBAFJQymaHun
تطاوين,تطاوين الشماليه,الزهراء,نورالدين الناجح,117,agree,117,مايه وسبعه عشر,2023,قرار الهيئة لمعتمدية تطاوين الشمالية__276__تطاوين.PDF,169yku_ys24D0xHdN_YGpDBAFJQymaHun
تطاوين,تطاوين الشماليه,السعاده,عيمي المبساوي ماكه وثلاثه وتمعوث,153,digits-only,153,,2023,قرار الهيئة لمعتمدية تطاوين الشمالية__276__تطاوين.PDF,169yku_ys24D0xHdN_YGpDBAFJQymaHun
تطاوين,تطاوين الشماليه,القلعه,محمد الازهر,98,digits-wrong,58,ثمانيه وتسعون,2023,قرار الهيئة لمعتمدية تطاوين الشمالية__276__تطاوين.PDF,169yku_ys24D0xHdN_YGpDBAFJQymaHun
تطاوين,تطاوين الشماليه,القلعه,خالد ضيف الله,129,agree,129,مايه وتسعه وعشرون,2023,قرار الهيئة لمعتمدية تطاوين الشمالية__276__تطاوين.PDF,169yku_ys24D0xHdN_YGpDBAFJQymaHun
تطاوين,تطاوين الشماليه,,البادي الشعباني مايثه,40,digits-wrong,140,واربعون,2023,قرار الهيئة لمعتمدية تطاوين الشمالية__276__تطاوين.PDF,169yku_ys24D0xHdN_YGpDBAFJQymaHun
تطاوين,تطاوين الشماليه,النصر,ضو زراقه,127,agree,127,مايه وسبعه وعشرون,2023,قرار الهيئة لمعتمدية تطاوين الشمالية__276__تطاوين.PDF,169yku_ys24D0xHdN_YGpDBAFJQymaHun
تطاوين,تطاوين الشماليه,النصر,منصور بنقايد,63,agree,63,ثلاثه وستون,2023,قرار الهيئة لمعتمدية تطاوين الشمالية__276__تطاوين.PDF,169yku_ys24D0xHdN_YGpDBAFJQymaHun
تطاوين,تطاوين الشماليه,النصر,عبدالله سنون ماثه,67,digits-wrong,167,وسبعه وستون,2023,قرار الهيئة لمعتمدية تطاوين الشمالية__276__تطاوين.PDF,169yku_ys24D0xHdN_YGpDBAFJQymaHun
تطاوين,تطاوين الشماليه,بني بلال,عبدالعزيز بوشهوه ماثه,4,digits-wrong,104,واربعه,2023,قرار الهيئة لمعتمدية تطاوين الشمالية__276__تطاوين.PDF,169yku_ys24D0xHdN_YGpDBAFJQymaHun
تطاوين,تطاوين الشماليه,بني بلال,عمر العايب,48,agree,48,ثمانيه واربعون,2023,قرار الهيئة لمعتمدية تطاوين الشمالية__276__تطاوين.PDF,169yku_ys24D0xHdN_YGpDBAFJQymaHun
تطاوين,تطاوين الشماليه,بني بلال,سالم ونيس,63,agree,63,ثلاثه وستون,2023,قرار الهيئة لمعتمدية تطاوين الشمالية__276__تطاوين.PDF,169yku_ys24D0xHdN_YGpDBAFJQymaHun
تطاوين,تطاوين الشماليه,بني بلال,محمد العايب,42,agree,42,اثنان واربعون,2023,قرار الهيئة لمعتمدية تطاوين الشمالية__276__تطاوين.PDF,169yku_ys24D0xHdN_YGpDBAFJQymaHun
تطاوين,تطاوين الشماليه,بني بلال,الس ر صر سي ا تم ل ل,20,digits-only,20,,2023,قرار الهيئة لمعتمدية تطاوين الشمالية__276__تطاوين.PDF,169yku_ys24D0xHdN_YGpDBAFJQymaHun
تطاوين,تطاوين الشماليه,تلالت,لطفي عطيه,60,agree,60,ستون,2023,قرار الهيئة لمعتمدية تطاوين الشمالية__276__تطاوين.PDF,169yku_ys24D0xHdN_YGpDBAFJQymaHun
تطاوين,تطاوين الشماليه,خاتمه,علي الربعي <<,129,agree,129,مايه وتسعه وعشرون,2023,قرار الهيئة لمعتمدية تطاوين الشمالية__276__تطاوين.PDF,169yku_ys24D0xHdN_YGpDBAFJQymaHun
تطاوين,تطاوين الشماليه,خاتمه,عمر بوضبيبه,82,digits-wrong,52,اثنان وثمانون,2023,قرار الهيئة لمعتمدية تطاوين الشمالية__276__تطاوين.PDF,169yku_ys24D0xHdN_YGpDBAFJQymaHun
تطاوين,تطاوين الشماليه,"قطوفه,",جمعه الشملالي,90,digits-wrong,590,تسعون,2023,قرار الهيئة لمعتمدية تطاوين الشمالية__276__تطاوين.PDF,169yku_ys24D0xHdN_YGpDBAFJQymaHun
تطاوين,تطاوين الشماليه,"قطوفه,",العربي بنضو,78,agree,78,ثمانيه وسبعون,2023,قرار الهيئة لمعتمدية تطاوين الشمالية__276__تطاوين.PDF,169yku_ys24D0xHdN_YGpDBAFJQymaHun
تطاوين,تطاوين الشماليه,"وادي الغار,",ساميه حاجي,90,digits-wrong,50,تسعون,2023,قرار الهيئة لمعتمدية تطاوين الشمالية__276__تطاوين.PDF,169yku_ys24D0xHdN_YGpDBAFJQymaHun
تطاوين,تطاوين الشماليه,"وادي الغار,",مراد الحباصي,107,agree,107,مايه وسبعه,2023,قرار الهيئة لمعتمدية تطاوين الشمالية__276__تطاوين.PDF,169yku_ys24D0xHdN_YGpDBAFJQymaHun
تطاوين,تطاوين الشماليه,وادي القمح,مبارك السيار,163,agree,163,مايه وثلاثه وستون,2023,قرار الهيئة لمعتمدية تطاوين الشمالية__276__تطاوين.PDF,169yku_ys24D0xHdN_YGpDBAFJQymaHun
تطاوين,تطاوين الشماليه,وادي القمح,جلال الدين عزالدين مايثتان,44,digits-wrong,244,واربعه واربعون,2023,قرار الهيئة لمعتمدية تطاوين الشمالية__276__تطاوين.PDF,169yku_ys24D0xHdN_YGpDBAFJQymaHun
تطاوين,ذهيبه,ذهيبه الشرقيه 21,سفيان الفلاح,82,agree,82,اثنان وثمانون,2023,قرار الهيئة لمعتمدية ذهيبة__278__تطاوين.PDF,1j0yI2ajvb5zuhOQa7D50Lgeul2okbf-1
تطاوين,ذهيبه,ذهيبه الشرقيه 21,جمعه مسكين,84,agree,84,اربعه وثمانون,2023,قرار الهيئة لمعتمدية ذهيبة__278__تطاوين.PDF,1j0yI2ajvb5zuhOQa7D50Lgeul2okbf-1
تطاوين,ذهيبه,ذهيبه الشرقيه 21,اعضاء المجلس المحلي لمعتمديه ذهيبه لسنه 2023 بالدايره الانتخابيه المحليه ذهيبه الشرقيه,21,digits-only,21,,2023,قرار الهيئة لمعتمدية ذهيبة__278__تطاوين.PDF,1j0yI2ajvb5zuhOQa7D50Lgeul2okbf-1
تطاوين,ذهيبه,ذهيبه الشرقيه 3,احلام دبيري,39,agree,39,تسعه وثلاثون,2023,قرار الهيئة لمعتمدية ذهيبة__278__تطاوين.PDF,1j0yI2ajvb5zuhOQa7D50Lgeul2okbf-1
تطاوين,ذهيبه,"ذهيبه الغربيه 1, تصرح",اسامه العابدي,82,agree,82,اثنان وثمانون,2023,قرار الهيئة لمعتمدية ذهيبة__278__تطاوين.PDF,1j0yI2ajvb5zuhOQa7D50Lgeul2okbf-1
تطاوين,رماده,بير عمير,الفتحي الهمهام,97,digits-wrong,57,سبعه وتسعون,2023,قرار الهيئة لمعتمدية رمادة__279__تطاوين.PDF,17pzSeVYrIVOHu0KSDtjyIg3ZaxF9ierx
تطاوين,رماده,بير عمير,الشريف طليحه,101,agree,101,مايه وواحد,2023,قرار الهيئة لمعتمدية رمادة__279__تطاوين.PDF,17pzSeVYrIVOHu0KSDtjyIg3ZaxF9ierx
تطاوين,رماده,"رماده الشرقيه, تصرح",عماره عبيد,108,agree,108,مايه وثمانيه,2023,قرار الهيئة لمعتمدية رمادة__279__تطاوين.PDF,17pzSeVYrIVOHu0KSDtjyIg3ZaxF9ierx
تطاوين,رماده,رماده الغربيه يتقدم الها,المبروك التيجاني,198,digits-wrong,158,مايه وثمانيه وتسعون,2023,قرار الهيئة لمعتمدية رمادة__279__تطاوين.PDF,17pzSeVYrIVOHu0KSDtjyIg3ZaxF9ierx
تطاوين,رماده,رماده الغربيه يتقدم الها,بلقاسم زنقاح,110,agree,110,مايه وعشره,2023,قرار الهيئة لمعتمدية رمادة__279__تطاوين.PDF,17pzSeVYrIVOHu0KSDtjyIg3ZaxF9ierx
تطاوين,رماده,رماده الغربيه يتقدم الها,محمد الغندري ماثه,40,digits-wrong,140,واربعون,2023,قرار الهيئة لمعتمدية رمادة__279__تطاوين.PDF,17pzSeVYrIVOHu0KSDtjyIg3ZaxF9ierx
تطاوين,رماده,مغني,اشرف المخلبي,115,agree,115,مايه وخمسه عشر,2023,قرار الهيئة لمعتمدية رمادة__279__تطاوين.PDF,17pzSeVYrIVOHu0KSDtjyIg3ZaxF9ierx
تطاوين,رماده,مغني,علي جويد,58,agree,58,ثمانيه وخمسون,2023,قرار الهيئة لمعتمدية رمادة__279__تطاوين.PDF,17pzSeVYrIVOHu0KSDtjyIg3ZaxF9ierx
تطاوين,رماده,نكريف يتقدم الها,علي لجدل صبعه تمانو,57,digits-only,57,,2023,قرار الهيئة لمعتمدية رمادة__279__تطاوين.PDF,17pzSeVYrIVOHu0KSDtjyIg3ZaxF9ierx
تطاوين,رماده,نكريف يتقدم الها,المختار لقنب,92,agree,92,اثنان وتسعون,2023,قرار الهيئة لمعتمدية رمادة__279__تطاوين.PDF,17pzSeVYrIVOHu0KSDtjyIg3ZaxF9ierx
تطاوين,رماده,نكريف يتقدم الها,عه القرظاض - اثنااعقره,12,digits-only,12,,2023,قرار الهيئة لمعتمدية رمادة__279__تطاوين.PDF,17pzSeVYrIVOHu0KSDtjyIg3ZaxF9ierx
تطاوين,غمراسن,الزهور - (غمراسن),ستعيد ازول,73,agree,73,ثلاثه وسبعون,2023,قرار الهيئة لمعتمدية غمراسن__274__تطاوين.PDF,1eKExPh2F_LEGZsL4zbJ85yQV2rm8Iw-_
تطاوين,غمراسن,الزهور - (غمراسن),محمد الهادي غرابي,55,agree,55,خمسه وخمسون,2023,قرار الهيئة لمعتمدية غمراسن__274__تطاوين.PDF,1eKExPh2F_LEGZsL4zbJ85yQV2rm8Iw-_
تطاوين,غمراسن,الفرش,عبدالباسط يحياوي2,30,agree,30,ثلاثون,2023,قرار الهيئة لمعتمدية غمراسن__274__تطاوين.PDF,1eKExPh2F_LEGZsL4zbJ85yQV2rm8Iw-_
تطاوين,غمراسن,القرضاب,مروي المقدم,42,agree,42,اثنان واربعون,2023,قرار الهيئة لمعتمدية غمراسن__274__تطاوين.PDF,1eKExPh2F_LEGZsL4zbJ85yQV2rm8Iw-_
تطاوين,غمراسن,المدينه الجديده,البادي الزيدي,57,agree,57,سبعه وخمسون,2023,قرار الهيئة لمعتمدية غمراسن__274__تطاوين.PDF,1eKExPh2F_LEGZsL4zbJ85yQV2rm8Iw-_
تطاوين,غمراسن,الواحه - (غمراسن),خالد غول,93,digits-wrong,53,ثلاثه وتسعون,2023,قرار الهيئة لمعتمدية غمراسن__274__تطاوين.PDF,1eKExPh2F_LEGZsL4zbJ85yQV2rm8Iw-_
تطاوين,غمراسن,"غمراسن, تصرح",صليحه بن سامي,66,agree,66,سته وستون,2023,قرار الهيئة لمعتمدية غمراسن__274__تطاوين.PDF,1eKExPh2F_LEGZsL4zbJ85yQV2rm8Iw-_
تطاوين,غمراسن,"غمراسن, تصرح",سعيد الغديري,36,agree,36,سته وثلاثون,2023,قرار الهيئة لمعتمدية غمراسن__274__تطاوين.PDF,1eKExPh2F_LEGZsL4zbJ85yQV2rm8Iw-_
تطاوين,غمراسن,"غمراسن, تصرح",علي سليم,23,agree,23,ثلاثه وعشرون,2023,قرار الهيئة لمعتمدية غمراسن__274__تطاوين.PDF,1eKExPh2F_LEGZsL4zbJ85yQV2rm8Iw-_
تطاوين,غمراسن,"قرماسه, تصرح البييه العليا",سماح وناس مايثه,81,digits-wrong,161,وواحد وثمانون,2023,قرار الهيئة لمعتمدية غمراسن__274__تطاوين.PDF,1eKExPh2F_LEGZsL4zbJ85yQV2rm8Iw-_
تطاوين,غمراسن,"قرماسه, تصرح البييه العليا",نوفل الجبراني,166,agree,166,مايه وسته وستون,2023,قرار الهيئة لمعتمدية غمراسن__274__تطاوين.PDF,1eKExPh2F_LEGZsL4zbJ85yQV2rm8Iw-_
تطاوين,غمراسن,"قصر الحداده, تصرح",صالحه حذاه. 2 واحد وتلاتون,31,digits-only,31,,2023,قرار الهيئة لمعتمدية غمراسن__274__تطاوين.PDF,1eKExPh2F_LEGZsL4zbJ85yQV2rm8Iw-_
تطاوين,غمراسن,"قصر الحداده, تصرح",سمير السعيدي,23,agree,23,ثلاثه وعشرون,2023,قرار الهيئة لمعتمدية غمراسن__274__تطاوين.PDF,1eKExPh2F_LEGZsL4zbJ85yQV2rm8Iw-_
تطاوين,غمراسن,"قصر المرابطين,",لسعد الناهضص,77,agree,77,سبعه وسبعون,2023,قرار الهيئة لمعتمدية غمراسن__274__تطاوين.PDF,1eKExPh2F_LEGZsL4zbJ85yQV2rm8Iw-_
تطاوين,غمراسن,"قصر المرابطين,",عيسي الجاني,11,agree,11,احد عشره,2023,قرار الهيئة لمعتمدية غمراسن__274__تطاوين.PDF,1eKExPh2F_LEGZsL4zbJ85yQV2rm8Iw-_
تطاوين,غمراسن,وادي الخيل - (غمراسن),صالح التيسن ثماييه,60,digits-wrong,68,وستون,2023,قرار الهيئة لمعتمدية غمراسن__274__تطاوين.PDF,1eKExPh2F_LEGZsL4zbJ85yQV2rm8Iw-_
توزر,تمغزه,"الرميثه, تصرح البييه",لمجد الحمادي,208,agree,208,مايتان وثمانيه,2023,قرار الهيئة لمعتمدية تمغزة__180__توزر.pdf,1sNIHVRJ2lwv0OUZUoSKfqE-xLuiIg44p
توزر,تمغزه,الشبيكه - (تمغزه),احمد بوشقره,258,agree,258,مايتان وثمانيه وخمسون,2023,قرار الهيئة لمعتمدية تمغزة__180__توزر.pdf,1sNIHVRJ2lwv0OUZUoSKfqE-xLuiIg44p
توزر,تمغزه,الشبيكه - (تمغزه),الاخضر العبيدي,324,digits-wrong,2324,ثلاثمايه واربعه وعشرون,2023,قرار الهيئة لمعتمدية تمغزة__180__توزر.pdf,1sNIHVRJ2lwv0OUZUoSKfqE-xLuiIg44p
توزر,تمغزه,تمغزه يتقدم الهها,محمدالحبيب ابوالعلاء,155,agree,155,مايه وخمسه وخمسون,2023,قرار الهيئة لمعتمدية تمغزة__180__توزر.pdf,1sNIHVRJ2lwv0OUZUoSKfqE-xLuiIg44p
توزر,تمغزه,تمغزه يتقدم الهها,المعز بنشعبان,241,digits-wrong,211,مايتان وواحد واربعون,2023,قرار الهيئة لمعتمدية تمغزة__180__توزر.pdf,1sNIHVRJ2lwv0OUZUoSKfqE-xLuiIg44p
توزر,تمغزه,سندس فم الخنقه,محمد بن الطاهر بوشقره,45,agree,45,خمسه واربعون,2023,قرار الهيئة لمعتمدية تمغزة__180__توزر.pdf,1sNIHVRJ2lwv0OUZUoSKfqE-xLuiIg44p
توزر,تمغزه,سندس فم الخنقه,محمد بن ابراهيم بوشقره,9,agree,9,تسعه,2023,قرار الهيئة لمعتمدية تمغزة__180__توزر.pdf,1sNIHVRJ2lwv0OUZUoSKfqE-xLuiIg44p
توزر,تمغزه,سندس فم الخنقه,اسماعيل بنعلي,45,agree,45,خمسه واربعون,2023,قرار الهيئة لمعتمدية تمغزة__180__توزر.pdf,1sNIHVRJ2lwv0OUZUoSKfqE-xLuiIg44p
توزر,تمغزه,عين الكرمه - (تمغزه),احمد بنمحمد,122,agree,122,مايه واثنان وعشرون,2023,قرار الهيئة لمعتمدية تمغزة__180__توزر.pdf,1sNIHVRJ2lwv0OUZUoSKfqE-xLuiIg44p
توزر,تمغزه,عين الكرمه - (تمغزه),اسماعيل عبيدي,109,agree,109,مايه وتسعه,2023,قرار الهيئة لمعتمدية تمغزة__180__توزر.pdf,1sNIHVRJ2lwv0OUZUoSKfqE-xLuiIg44p
توزر,تمغزه,عين الكرمه - (تمغزه),محمد فراحنيه,107,agree,107,مايه وسبعه,2023,قرار الهيئة لمعتمدية تمغزة__180__توزر.pdf,1sNIHVRJ2lwv0OUZUoSKfqE-xLuiIg44p
توزر,تمغزه,عين الكرمه - (تمغزه),علي بنخليفه,55,agree,55,خمسه وخمسون,2023,قرار الهيئة لمعتمدية تمغزة__180__توزر.pdf,1sNIHVRJ2lwv0OUZUoSKfqE-xLuiIg44p
توزر,تمغزه,ميداسء تصرح البييه,ااتت ‏ 2 ا اذ,22,digits-only,22,,2023,قرار الهيئة لمعتمدية تمغزة__180__توزر.pdf,1sNIHVRJ2lwv0OUZUoSKfqE-xLuiIg44p
توزر,تمغزه,ميداسء تصرح البييه,محمد بنصالح مايتان وثلاثه وسبعون 2/03,5100013,digits-only,5100013,,2023,قرار الهيئة لمعتمدية تمغزة__180__توزر.pdf,1sNIHVRJ2lwv0OUZUoSKfqE-xLuiIg44p
توزر,تمغزه,ميداسء تصرح البييه,عبدالعزيز عشيري,11,agree,11,احد عشره,2023,قرار الهيئة لمعتمدية تمغزة__180__توزر.pdf,1sNIHVRJ2lwv0OUZUoSKfqE-xLuiIg44p
توزر,توزر,الازدهار يتقدم الها,سامي مغران,141,agree,141,مايه وواحد واربعون,2023,قرار الهيئة لمعتمدية توزر__179__توزر.pdf,1VPRC-afIWHYJ6OusLX0N2bZhB7FT9QYN
توزر,توزر,الازدهار يتقدم الها,طارق كريد,44,agree,44,اربعه واربعون,2023,قرار الهيئة لمعتمدية توزر__179__توزر.pdf,1VPRC-afIWHYJ6OusLX0N2bZhB7FT9QYN
توزر,توزر,الازدهار يتقدم الها,امين عكروت,107,agree,107,مايه وسبعه,2023,قرار الهيئة لمعتمدية توزر__179__توزر.pdf,1VPRC-afIWHYJ6OusLX0N2bZhB7FT9QYN
توزر,توزر,الازدهار يتقدم الها,مروي الخذيري,68,agree,68,ثمانيه وستون,2023,قرار الهيئة لمعتمدية توزر__179__توزر.pdf,1VPRC-afIWHYJ6OusLX0N2bZhB7FT9QYN
توزر,توزر,الحضر,محمد اخذيري,64,agree,64,اربعه وستون,2023,قرار الهيئة لمعتمدية توزر__179__توزر.pdf,1VPRC-afIWHYJ6OusLX0N2bZhB7FT9QYN
توزر,توزر,الحضر,سفيان عباس اربعماثيه,14,digits-wrong,414,واربعه عشر,2023,قرار الهيئة لمعتمدية توزر__179__توزر.pdf,1VPRC-afIWHYJ6OusLX0N2bZhB7FT9QYN
توزر,توزر,الحضر,ماهر كرابع,161,agree,161,مايه وواحد وستون,2023,قرار الهيئة لمعتمدية توزر__179__توزر.pdf,1VPRC-afIWHYJ6OusLX0N2bZhB7FT9QYN
توزر,توزر,الزيده يتقدم المها,محمد بنعمار,121,words-only,,مايه وواحد وعشرون,2023,قرار الهيئة لمعتمدية توزر__179__توزر.pdf,1VPRC-afIWHYJ6OusLX0N2bZhB7FT9QYN
توزر,توزر,الزيده يتقدم المها,محمد مباب الربيعي,162,words-only,,مايه واثنان وستون,2023,قرار الهيئة لمعتمدية توزر__179__توزر.pdf,1VPRC-afIWHYJ6OusLX0N2bZhB7FT9QYN
توزر,توزر,الزيده يتقدم المها,عماد براني,106,words-only,,مايه وسته,2023,قرار الهيئة لمعتمدية توزر__179__توزر.pdf,1VPRC-afIWHYJ6OusLX0N2bZhB7FT9QYN
توزر,توزر,الزيده يتقدم المها,الاخضر النطيري,54,words-only,,اربعه وخمسون,2023,قرار الهيئة لمعتمدية توزر__179__توزر.pdf,1VPRC-afIWHYJ6OusLX0N2bZhB7FT9QYN
توزر,توزر,الشابيه يتقدم المها,ب و7 0 ررس سس,2,digits-only,2,,2023,قرار الهيئة لمعتمدية توزر__179__توزر.pdf,1VPRC-afIWHYJ6OusLX0N2bZhB7FT9QYN
توزر,توزر,الشابيه يتقدم المها,رمزي الزوزي,192,digits-wrong,152,مايه واثنان وتسعون,2023,قرار الهيئة لمعتمدية توزر__179__توزر.pdf,1VPRC-afIWHYJ6OusLX0N2bZhB7FT9QYN
توزر,توزر,الشابيه يتقدم المها,فواد الشابي,23,agree,23,ثلاثه وعشرون,2023,قرار الهيئة لمعتمدية توزر__179__توزر.pdf,1VPRC-afIWHYJ6OusLX0N2bZhB7FT9QYN
توزر,توزر,الشابيه يتقدم المها,اسماعيل البادف ‏,15,agree,15,خمسه عشر,2023,قرار الهيئة لمعتمدية توزر__179__توزر.pdf,1VPRC-afIWHYJ6OusLX0N2bZhB7FT9QYN
توزر,توزر,"القيطنه, تصرح البييه العليا",لطفي رزق,68,agree,68,ثمانيه وستون,2023,قرار الهيئة لمعتمدية توزر__179__توزر.pdf,1VPRC-afIWHYJ6OusLX0N2bZhB7FT9QYN
توزر,توزر,"القيطنه, تصرح البييه العليا",الاديب المامون,126,agree,126,مايه وسته وعشرون,2023,قرار الهيئة لمعتمدية توزر__179__توزر.pdf,1VPRC-afIWHYJ6OusLX0N2bZhB7FT9QYN
توزر,توزر,الهبايله» تصرح البييه,سفيان بورقيقه,64,agree,64,اربعه وستون,2023,قرار الهيئة لمعتمدية توزر__179__توزر.pdf,1VPRC-afIWHYJ6OusLX0N2bZhB7FT9QYN
توزر,توزر,الهبايله» تصرح البييه,محمد يزيد عماره,209,agree,209,مايتان وتسعه,2023,قرار الهيئة لمعتمدية توزر__179__توزر.pdf,1VPRC-afIWHYJ6OusLX0N2bZhB7FT9QYN
توزر,توزر,الهبايله» تصرح البييه,رشاد الحضري,50,agree,50,خمسون,2023,قرار الهيئة لمعتمدية توزر__179__توزر.pdf,1VPRC-afIWHYJ6OusLX0N2bZhB7FT9QYN
توزر,توزر,الهوادف يتقدم الها,مايه وثلاثيه,20,digits-wrong,123,وعشرون,2023,قرار الهيئة لمعتمدية توزر__179__توزر.pdf,1VPRC-afIWHYJ6OusLX0N2bZhB7FT9QYN
توزر,توزر,الهوادف يتقدم الها,مايتان واثنا,10,digits-wrong,212,عشره,2023,قرار الهيئة لمعتمدية توزر__179__توزر.pdf,1VPRC-afIWHYJ6OusLX0N2bZhB7FT9QYN
توزر,توزر,حي المطار يتقدم الها,محمدالمولدي المعمري ‏,65,agree,65,خمسه وستون,2023,قرار الهيئة لمعتمدية توزر__179__توزر.pdf,1VPRC-afIWHYJ6OusLX0N2bZhB7FT9QYN
توزر,توزر,حي المطار يتقدم الها,هشام مباري,193,digits-wrong,153,مايه وثلاثه وتسعون,2023,قرار الهيئة لمعتمدية توزر__179__توزر.pdf,1VPRC-afIWHYJ6OusLX0N2bZhB7FT9QYN
توزر,توزر,حي المطار يتقدم الها,عماد عون,150,agree,150,مايه وخمسون,2023,قرار الهيئة لمعتمدية توزر__179__توزر.pdf,1VPRC-afIWHYJ6OusLX0N2bZhB7FT9QYN
توزر,توزر,حي المطار يتقدم الها,سنيه سوالمي,153,agree,153,مايه وثلاثه وخمسون,2023,قرار الهيئة لمعتمدية توزر__179__توزر.pdf,1VPRC-afIWHYJ6OusLX0N2bZhB7FT9QYN
توزر,توزر,حي المطار يتقدم الها,تقوي الجد,75,agree,75,خمسه وسبعون,2023,قرار الهيئة لمعتمدية توزر__179__توزر.pdf,1VPRC-afIWHYJ6OusLX0N2bZhB7FT9QYN
توزر,توزر,حي المطار يتقدم الها,عستححت---)”تت”تتث ا وو ااا ايا ور لز ل الا الل ا اس ع,1,digits-only,1,,2023,قرار الهيئة لمعتمدية توزر__179__توزر.pdf,1VPRC-afIWHYJ6OusLX0N2bZhB7FT9QYN
توزر,توزر,راس الذراع حلبه يتقدم,عبدالقادر تواتي,91,digits-wrong,51,واحد وتسعون,2023,قرار الهيئة لمعتمدية توزر__179__توزر.pdf,1VPRC-afIWHYJ6OusLX0N2bZhB7FT9QYN
توزر,توزر,راس الذراع حلبه يتقدم,علي تريكي,129,agree,129,مايه وتسعه وعشرون,2023,قرار الهيئة لمعتمدية توزر__179__توزر.pdf,1VPRC-afIWHYJ6OusLX0N2bZhB7FT9QYN
توزر,توزر,راس الذراع حلبه يتقدم,فوزي بنحامد ‎1‏,210,agree,210,مايتان وعشره,2023,قرار الهيئة لمعتمدية توزر__179__توزر.pdf,1VPRC-afIWHYJ6OusLX0N2bZhB7FT9QYN
توزر,توزر,راس الذراع حلبه يتقدم,منذر الشيعي,84,agree,84,اربعه وثمانون,2023,قرار الهيئة لمعتمدية توزر__179__توزر.pdf,1VPRC-afIWHYJ6OusLX0N2bZhB7FT9QYN
توزر,توزر,راس الذراع حلبه يتقدم,ليله بوصالحه,49,agree,49,تسعه واربعون,2023,قرار الهيئة لمعتمدية توزر__179__توزر.pdf,1VPRC-afIWHYJ6OusLX0N2bZhB7FT9QYN
توزر,توزر,"مسغونه, تصرح البييه",فريد الاطرش,192,digits-wrong,152,مايه واثنان وتسعون,2023,قرار الهيئة لمعتمدية توزر__179__توزر.pdf,1VPRC-afIWHYJ6OusLX0N2bZhB7FT9QYN
توزر,توزر,"مسغونه, تصرح البييه",عبدالرزاق بوشنيبه,18,agree,18,ثمانيه عشر,2023,قرار الهيئة لمعتمدية توزر__179__توزر.pdf,1VPRC-afIWHYJ6OusLX0N2bZhB7FT9QYN
توزر,حامه الجريد,الحامه 1,- الدايره الانتخابيه المحليه الحامه,1,digits-only,1,,2023,قرار الهيئة لمعتمدية حامة الجريد__183__توزر.pdf,1DwnX3L43pupvzBnblEiH6DMasxQ6BRce
توزر,حامه الجريد,الحامه 1 يتقدم,نبيل نفمطي,70,agree,70,سبعون,2023,قرار الهيئة لمعتمدية حامة الجريد__183__توزر.pdf,1DwnX3L43pupvzBnblEiH6DMasxQ6BRce
توزر,حامه الجريد,الحامه 1 يتقدم,محمد العوالي,81,agree,81,واحد وثمانون,2023,قرار الهيئة لمعتمدية حامة الجريد__183__توزر.pdf,1DwnX3L43pupvzBnblEiH6DMasxQ6BRce
توزر,حامه الجريد,الحامه 1 يتقدم,حنان عبدالله,58,agree,58,ثمانيه وخمسون,2023,قرار الهيئة لمعتمدية حامة الجريد__183__توزر.pdf,1DwnX3L43pupvzBnblEiH6DMasxQ6BRce
توزر,حامه الجريد,الحامه 1 يتقدم,الحسين حاجي,40,agree,40,اربعون,2023,قرار الهيئة لمعتمدية حامة الجريد__183__توزر.pdf,1DwnX3L43pupvzBnblEiH6DMasxQ6BRce
توزر,حامه الجريد,"الحامه 2, تصرح البييه",ميلود نفطي,209,words-only,,مايتان وتسعه,2023,قرار الهيئة لمعتمدية حامة الجريد__183__توزر.pdf,1DwnX3L43pupvzBnblEiH6DMasxQ6BRce
توزر,حامه الجريد,"الحامه 2, تصرح البييه",علي نفطي,30,words-only,,ثلاثون,2023,قرار الهيئة لمعتمدية حامة الجريد__183__توزر.pdf,1DwnX3L43pupvzBnblEiH6DMasxQ6BRce
توزر,حامه الجريد,"الحامه 2, تصرح البييه",سعيد نفطي,79,words-only,,تسعه وسبعون,2023,قرار الهيئة لمعتمدية حامة الجريد__183__توزر.pdf,1DwnX3L43pupvzBnblEiH6DMasxQ6BRce
توزر,حامه الجريد,النملات 1» تصرح,كارم صولي,87,digits-wrong,567,سبعه وثمانون,2023,قرار الهيئة لمعتمدية حامة الجريد__183__توزر.pdf,1DwnX3L43pupvzBnblEiH6DMasxQ6BRce
توزر,حامه الجريد,النملات 1» تصرح,عرفات التليلي ماثتان,48,digits-wrong,248,وثمانيه واربعون,2023,قرار الهيئة لمعتمدية حامة الجريد__183__توزر.pdf,1DwnX3L43pupvzBnblEiH6DMasxQ6BRce
توزر,حامه الجريد,النملات 2 يتقدم,توفيق صولي مايثه,18,digits-wrong,118,وثمانيه عشر,2023,قرار الهيئة لمعتمدية حامة الجريد__183__توزر.pdf,1DwnX3L43pupvzBnblEiH6DMasxQ6BRce
توزر,حامه الجريد,النملات 2 يتقدم,لارا صحراوي,97,digits-wrong,57,سبعه وتسعون,2023,قرار الهيئة لمعتمدية حامة الجريد__183__توزر.pdf,1DwnX3L43pupvzBnblEiH6DMasxQ6BRce
توزر,حامه الجريد,النملات 2 يتقدم,بلال صولي,42,agree,42,اثنان واربعون,2023,قرار الهيئة لمعتمدية حامة الجريد__183__توزر.pdf,1DwnX3L43pupvzBnblEiH6DMasxQ6BRce
توزر,حامه الجريد,شاكمو يتقدم,ابراهيم زهواني,109,agree,109,مايه وتسعه,2023,قرار الهيئة لمعتمدية حامة الجريد__183__توزر.pdf,1DwnX3L43pupvzBnblEiH6DMasxQ6BRce
توزر,حامه الجريد,شاكمو يتقدم,عمر عمري,60,agree,60,ستون,2023,قرار الهيئة لمعتمدية حامة الجريد__183__توزر.pdf,1DwnX3L43pupvzBnblEiH6DMasxQ6BRce
توزر,حامه الجريد,شاكمو يتقدم,محمدالطاهر محجوبي,78,agree,78,ثمانيه وسبعون,2023,قرار الهيئة لمعتمدية حامة الجريد__183__توزر.pdf,1DwnX3L43pupvzBnblEiH6DMasxQ6BRce
توزر,حزوه,"حزوه 1, تصرح البييه العليا",وسام بنسعيد,59,agree,59,تسعهوخمسون,2023,قرار الهيئة لمعتمدية حزوة__184__توزر.pdf,1J2TtFZbm-SkQFaItn4xtQINlj6Dy6tc8
توزر,حزوه,"حزوه 1, تصرح البييه العليا",المبارك ثامر,61,agree,61,واحد وستون,2023,قرار الهيئة لمعتمدية حزوة__184__توزر.pdf,1J2TtFZbm-SkQFaItn4xtQINlj6Dy6tc8
توزر,حزوه,"حزوه 2, تصرح البييه",الناجي عبدالمومن,83,agree,83,ثلاثه وثمانون,2023,قرار الهيئة لمعتمدية حزوة__184__توزر.pdf,1J2TtFZbm-SkQFaItn4xtQINlj6Dy6tc8
توزر,حزوه,"حزوه 2, تصرح البييه",البادي بلعيد,36,agree,36,سته وثلاثون,2023,قرار الهيئة لمعتمدية حزوة__184__توزر.pdf,1J2TtFZbm-SkQFaItn4xtQINlj6Dy6tc8
توزر,حزوه,حزوه 4,ا ااا ا اي,0,digits-only,0,,2023,قرار الهيئة لمعتمدية حزوة__184__توزر.pdf,1J2TtFZbm-SkQFaItn4xtQINlj6Dy6tc8
توزر,حزوه,"حزوه 5 وحطام, تصرح",ناجح مصباح,87,digits-wrong,57,سبعه وثمانون,2023,قرار الهيئة لمعتمدية حزوة__184__توزر.pdf,1J2TtFZbm-SkQFaItn4xtQINlj6Dy6tc8
توزر,حزوه,"حزوه 5 وحطام, تصرح",سالم بنسعيد,133,digits-wrong,13,مايه وثلاثه وثلاثون,2023,قرار الهيئة لمعتمدية حزوة__184__توزر.pdf,1J2TtFZbm-SkQFaItn4xtQINlj6Dy6tc8
توزر,حزوه,"حزوه 5 وحطام, تصرح",بلقاسم سلامه,42,agree,42,اثنان واربعون,2023,قرار الهيئة لمعتمدية حزوة__184__توزر.pdf,1J2TtFZbm-SkQFaItn4xtQINlj6Dy6tc8
توزر,دقاش,المحاسن يتقدم المها,محمد شوق محاري اربعه وتسعون يك,20008,digits-only,20008,,2023,قرار الهيئة لمعتمدية دقاش__181__توزر.pdf,1WAJ2bBFW_6F4_lo1iRV4zGd2ebEFN0HN
توزر,دقاش,المحاسن يتقدم المها,جميله عرفاوي,168,agree,168,مايه وثمانيه وستون,2023,قرار الهيئة لمعتمدية دقاش__181__توزر.pdf,1WAJ2bBFW_6F4_lo1iRV4zGd2ebEFN0HN
توزر,دقاش,بوهلالء تصرح البييه العليا,الحبيب زاوي,240,agree,240,مايتان واربعون,2023,قرار الهيئة لمعتمدية دقاش__181__توزر.pdf,1WAJ2bBFW_6F4_lo1iRV4zGd2ebEFN0HN
توزر,دقاش,بوهلالء تصرح البييه العليا,علي درغوثي2,311,agree,311,ثلاثمايه واحد عشره,2023,قرار الهيئة لمعتمدية دقاش__181__توزر.pdf,1WAJ2bBFW_6F4_lo1iRV4zGd2ebEFN0HN
توزر,دقاش,"دغومس, تصرح البييه",منير خليفي,108,agree,108,مايه وثمانيه,2023,قرار الهيئة لمعتمدية دقاش__181__توزر.pdf,1WAJ2bBFW_6F4_lo1iRV4zGd2ebEFN0HN
توزر,دقاش,"دغومس, تصرح البييه",رامي طرادي,96,digits-wrong,596,سته وتسعون,2023,قرار الهيئة لمعتمدية دقاش__181__توزر.pdf,1WAJ2bBFW_6F4_lo1iRV4zGd2ebEFN0HN
توزر,دقاش,"دغومس, تصرح البييه",يوسف معيطي,421,agree,421,اربعمايه وواحد وعشرون,2023,قرار الهيئة لمعتمدية دقاش__181__توزر.pdf,1WAJ2bBFW_6F4_lo1iRV4zGd2ebEFN0HN
توزر,دقاش,"دقاش الجنوبيه, تصرح",عاطف العلوثي,395,agree,395,ثلاثمايه وخمسه وتسعون,2023,قرار الهيئة لمعتمدية دقاش__181__توزر.pdf,1WAJ2bBFW_6F4_lo1iRV4zGd2ebEFN0HN
توزر,دقاش,"دقاش الجنوبيه, تصرح",منال مستوري,45,agree,45,خمسه واربعون,2023,قرار الهيئة لمعتمدية دقاش__181__توزر.pdf,1WAJ2bBFW_6F4_lo1iRV4zGd2ebEFN0HN
توزر,دقاش,"دقاش الجنوبيه, تصرح",منال الرويسي,30,agree,30,ثلاثون,2023,قرار الهيئة لمعتمدية دقاش__181__توزر.pdf,1WAJ2bBFW_6F4_lo1iRV4zGd2ebEFN0HN
توزر,دقاش,دقاش الشماليه يتقدم,سميه العلوي,92,digits-wrong,52,اثنان وتسعون,2023,قرار الهيئة لمعتمدية دقاش__181__توزر.pdf,1WAJ2bBFW_6F4_lo1iRV4zGd2ebEFN0HN
توزر,دقاش,دقاش الشماليه يتقدم,عبداله حرشاني,22,agree,22,اثنان وعشرون,2023,قرار الهيئة لمعتمدية دقاش__181__توزر.pdf,1WAJ2bBFW_6F4_lo1iRV4zGd2ebEFN0HN
توزر,دقاش,دقاش الشماليه يتقدم,مهدي عماره,75,agree,75,خمسه وسبعون,2023,قرار الهيئة لمعتمدية دقاش__181__توزر.pdf,1WAJ2bBFW_6F4_lo1iRV4zGd2ebEFN0HN
توزر,دقاش,دقاش الشماليه يتقدم,فتحي حددي,21,agree,21,واحد وعشرون,2023,قرار الهيئة لمعتمدية دقاش__181__توزر.pdf,1WAJ2bBFW_6F4_lo1iRV4zGd2ebEFN0HN
توزر,دقاش,سبع ابارء تصرح البييه العليا,سامي جلولي ‏,192,digits-wrong,152,مايه واثنان وتسعون,2023,قرار الهيئة لمعتمدية دقاش__181__توزر.pdf,1WAJ2bBFW_6F4_lo1iRV4zGd2ebEFN0HN
توزر,دقاش,سبع ابارء تصرح البييه العليا,عبدالله زرقاني,24,agree,24,اربعه وعشرون,2023,قرار الهيئة لمعتمدية دقاش__181__توزر.pdf,1WAJ2bBFW_6F4_lo1iRV4zGd2ebEFN0HN
توزر,دقاش,سبع ابارء تصرح البييه العليا,ليلي حماده,74,agree,74,اربعه وسبعون,2023,قرار الهيئة لمعتمدية دقاش__181__توزر.pdf,1WAJ2bBFW_6F4_lo1iRV4zGd2ebEFN0HN
توزر,دقاش,سبع ابارء تصرح البييه العليا,سخ حعحببي ب بت ا ب تت تل م ا ااا ا ااا ا ا ا ل,0,digits-only,0,,2023,قرار الهيئة لمعتمدية دقاش__181__توزر.pdf,1WAJ2bBFW_6F4_lo1iRV4zGd2ebEFN0HN
توزر,نفطه,الاصيلء تصرح البييه العليا,غسان رحيم ‎1‏,206,agree,206,مايتان وسته,2023,قرار الهيئة لمعتمدية نفطة__182__توزر.pdf,1T3alHltX9cF51Vf74eohjRLRyP7yMzia
توزر,نفطه,الاصيلء تصرح البييه العليا,محمد الحشاني,32,agree,32,اثنان وثلاثون,2023,قرار الهيئة لمعتمدية نفطة__182__توزر.pdf,1T3alHltX9cF51Vf74eohjRLRyP7yMzia
توزر,نفطه,الاصيلء تصرح البييه العليا,منيه بالصغير,35,agree,35,خمسه وثلاثون,2023,قرار الهيئة لمعتمدية نفطة__182__توزر.pdf,1T3alHltX9cF51Vf74eohjRLRyP7yMzia
توزر,نفطه,التحرير,محمد الزاع ماثه وصبعون,170,digits-only,170,,2023,قرار الهيئة لمعتمدية نفطة__182__توزر.pdf,1T3alHltX9cF51Vf74eohjRLRyP7yMzia
توزر,نفطه,التحرير,خبيب السعدي,90,digits-wrong,50,تسعون,2023,قرار الهيئة لمعتمدية نفطة__182__توزر.pdf,1T3alHltX9cF51Vf74eohjRLRyP7yMzia
توزر,نفطه,التحرير,نزار بنبلقاسم,15,agree,15,خمسه عشر,2023,قرار الهيئة لمعتمدية نفطة__182__توزر.pdf,1T3alHltX9cF51Vf74eohjRLRyP7yMzia
توزر,نفطه,الخضربن حسين يتقدم,مومي العلوشي,54,agree,54,اربعه وخمسون,2023,قرار الهيئة لمعتمدية نفطة__182__توزر.pdf,1T3alHltX9cF51Vf74eohjRLRyP7yMzia
توزر,نفطه,الخضربن حسين يتقدم,حمزه الطرودي,140,agree,140,مايه واربعون,2023,قرار الهيئة لمعتمدية نفطة__182__توزر.pdf,1T3alHltX9cF51Vf74eohjRLRyP7yMzia
توزر,نفطه,الخضربن حسين يتقدم,عبدالرزاق البسير,87,digits-wrong,57,سبعه وثمانون,2023,قرار الهيئة لمعتمدية نفطة__182__توزر.pdf,1T3alHltX9cF51Vf74eohjRLRyP7yMzia
توزر,نفطه,الخضربن حسين يتقدم,الصافيه بلقاسم,55,agree,55,خمسه وخمسون,2023,قرار الهيئة لمعتمدية نفطة__182__توزر.pdf,1T3alHltX9cF51Vf74eohjRLRyP7yMzia
توزر,نفطه,السني,سليم رحيم,225,agree,225,مايتان وخمسه وعشرون,2023,قرار الهيئة لمعتمدية نفطة__182__توزر.pdf,1T3alHltX9cF51Vf74eohjRLRyP7yMzia
توزر,نفطه,السني,نادر السني صنعه وتلاكوه,36,digits-only,36,,2023,قرار الهيئة لمعتمدية نفطة__182__توزر.pdf,1T3alHltX9cF51Vf74eohjRLRyP7yMzia
توزر,نفطه,السني,محمدعلي ثامر,9,agree,9,تسعه,2023,قرار الهيئة لمعتمدية نفطة__182__توزر.pdf,1T3alHltX9cF51Vf74eohjRLRyP7yMzia
توزر,نفطه,"الشافعي الشريف,",احمد العايش,390,digits-wrong,320,ثلاثمايه وتسعون,2023,قرار الهيئة لمعتمدية نفطة__182__توزر.pdf,1T3alHltX9cF51Vf74eohjRLRyP7yMzia
توزر,نفطه,"الشافعي الشريف,",الطيب بوليفه,132,agree,132,مايه واثنان وثلاثون,2023,قرار الهيئة لمعتمدية نفطة__182__توزر.pdf,1T3alHltX9cF51Vf74eohjRLRyP7yMzia
توزر,نفطه,العيون - (نفطه) يتقدم,صالح الخلفه,119,agree,119,مايه وتسعه عشر,2023,قرار الهيئة لمعتمدية نفطة__182__توزر.pdf,1T3alHltX9cF51Vf74eohjRLRyP7yMzia
توزر,نفطه,العيون - (نفطه) يتقدم,رامز الزعيبي,78,agree,78,ثمانيه وسبعون,2023,قرار الهيئة لمعتمدية نفطة__182__توزر.pdf,1T3alHltX9cF51Vf74eohjRLRyP7yMzia
توزر,نفطه,الواحه - (نفطه) يتقدم,علي بوعون,115,agree,115,مايه وخمسه عشر,2023,قرار الهيئة لمعتمدية نفطة__182__توزر.pdf,1T3alHltX9cF51Vf74eohjRLRyP7yMzia
توزر,نفطه,الواحه - (نفطه) يتقدم,حنان بريره 2,63,agree,63,ثلاثه وستون,2023,قرار الهيئة لمعتمدية نفطة__182__توزر.pdf,1T3alHltX9cF51Vf74eohjRLRyP7yMzia
توزر,نفطه,الواحه - (نفطه) يتقدم,مباركه زكري,109,agree,109,مايه وتسعه,2023,قرار الهيئة لمعتمدية نفطة__182__توزر.pdf,1T3alHltX9cF51Vf74eohjRLRyP7yMzia
توزر,نفطه,الواحه - (نفطه) يتقدم,وجيه هدهود ماته,14,digits-wrong,114,واربعه عشر,2023,قرار الهيئة لمعتمدية نفطة__182__توزر.pdf,1T3alHltX9cF51Vf74eohjRLRyP7yMzia
توزر,نفطه,غره جوان - (نفطه)؛ تصرح,عمر رزوق,89,digits-wrong,59,تسعه وثمانون,2023,قرار الهيئة لمعتمدية نفطة__182__توزر.pdf,1T3alHltX9cF51Vf74eohjRLRyP7yMzia
توزر,نفطه,غره جوان - (نفطه)؛ تصرح,منيه مادي,194,digits-wrong,1534,مايه واربعه وتسعون,2023,قرار الهيئة لمعتمدية نفطة__182__توزر.pdf,1T3alHltX9cF51Vf74eohjRLRyP7yMzia
تونس 2,التحرير,التحرير الاول يتقدم,وجدي الماجري ثلاثمايه وثلاثه وعشرون لمه,2007,digits-only,2007,,2023,قرار الهيئة لمعتمدية التحرير__12__تونس 2.PDF,1macGjIXVTCoJ_LGjQVPQHsC3TsRtyn3t
تونس 2,التحرير,التحرير الاول يتقدم,وفاء بركات الدبكي,376,agree,376,ثلاثمايه وسته وسبعون,2023,قرار الهيئة لمعتمدية التحرير__12__تونس 2.PDF,1macGjIXVTCoJ_LGjQVPQHsC3TsRtyn3t
تونس 2,التحرير,التحرير الاول يتقدم,ناديه خبو,33,agree,33,ثلاثه وثلاثون,2023,قرار الهيئة لمعتمدية التحرير__12__تونس 2.PDF,1macGjIXVTCoJ_LGjQVPQHsC3TsRtyn3t
تونس 2,التحرير,التحرير الاول يتقدم,علي الشريف,45,agree,45,خمسه واربعون,2023,قرار الهيئة لمعتمدية التحرير__12__تونس 2.PDF,1macGjIXVTCoJ_LGjQVPQHsC3TsRtyn3t
تونس 2,التحرير,التحرير العلوي,كمال الرياحي ‏,1,digits-only,1,,2023,قرار الهيئة لمعتمدية التحرير__12__تونس 2.PDF,1macGjIXVTCoJ_LGjQVPQHsC3TsRtyn3t
تونس 2,التحرير,التحرير العلوي,رياض الصيد,2,digits-only,2,,2023,قرار الهيئة لمعتمدية التحرير__12__تونس 2.PDF,1macGjIXVTCoJ_LGjQVPQHsC3TsRtyn3t
تونس 2,العمران الاعلي,احمد التليلي,علي الحسناوي,172,agree,172,مايه واثنان وسبعون,2023,قرار الهيئة لمعتمدية العمران الاعلى__15__تونس 2 (2).PDF,1RFiua711NtxSgnUTNg06AdJv4UCMfOfb
تونس 2,العمران الاعلي,الرمانه,حياه سوفي,192,digits-wrong,152,مايه واثنان وتسعون,2023,قرار الهيئة لمعتمدية العمران الاعلى__15__تونس 2 (2).PDF,1RFiua711NtxSgnUTNg06AdJv4UCMfOfb
تونس 2,العمران الاعلي,حي بن خلدون,احمد السالمي مايه وسته عشر 116 6[,50,digits-only,50,,2023,قرار الهيئة لمعتمدية العمران الاعلى__15__تونس 2 (2).PDF,1RFiua711NtxSgnUTNg06AdJv4UCMfOfb
تونس 2,العمران الاعلي,العمران الاعلي,هاله سبيلي ماتتان,25,digits-wrong,225,وخمسه وعشرون,2023,قرار الهيئة لمعتمدية العمران الاعلى__15__تونس 2 (2).PDF,1RFiua711NtxSgnUTNg06AdJv4UCMfOfb
تونس 2,العمران الاعلي,العمران الاعلي,امنه القبلي,169,agree,169,مايه وتسعه وستون,2023,قرار الهيئة لمعتمدية العمران الاعلى__15__تونس 2 (2).PDF,1RFiua711NtxSgnUTNg06AdJv4UCMfOfb
تونس 2,العمران الاعلي,حي الانطلاقه,رضا الماجري,243,digits-wrong,213,مايتان وثلاثه واربعون,2023,قرار الهيئة لمعتمدية العمران الاعلى__15__تونس 2 (2).PDF,1RFiua711NtxSgnUTNg06AdJv4UCMfOfb
تونس 2,العمران الاعلي,حي الانطلاقه,توفيق بن غياضه,179,agree,179,مايه وتسعه وسبعون,2023,قرار الهيئة لمعتمدية العمران الاعلى__15__تونس 2 (2).PDF,1RFiua711NtxSgnUTNg06AdJv4UCMfOfb
تونس 2,العمران الاعلي,حي الانطلاقه,محمد المنجي عصيدي,139,agree,139,مايه وتسعه وثلاثون,2023,قرار الهيئة لمعتمدية العمران الاعلى__15__تونس 2 (2).PDF,1RFiua711NtxSgnUTNg06AdJv4UCMfOfb
تونس 2,العمران الاعلي,حي الانطلاقه,سليي عبداللطيف,48,agree,48,ثمانيه واربعون,2023,قرار الهيئة لمعتمدية العمران الاعلى__15__تونس 2 (2).PDF,1RFiua711NtxSgnUTNg06AdJv4UCMfOfb
تونس 2,العمران الاعلي,النسيم - (العمران الاعلي),مريب كوكه . ماثه وواحد.وستون,161,digits-only,161,,2023,قرار الهيئة لمعتمدية العمران الاعلى__15__تونس 2 (2).PDF,1RFiua711NtxSgnUTNg06AdJv4UCMfOfb
تونس 2,العمران الاعلي,النسيم - (العمران الاعلي),هدي الجلاصي,101,agree,101,مايه وواحد,2023,قرار الهيئة لمعتمدية العمران الاعلى__15__تونس 2 (2).PDF,1RFiua711NtxSgnUTNg06AdJv4UCMfOfb
تونس 2,العمران,"الجبل الاحمر, تصرح",ساره الدريدي,86,agree,86,سته وثمانون,2023,قرار الهيئة لمعتمدية العمران__14__تونس 2 (2).PDF,1OwhH-HmwQzJZWbDzgcRP2XvUZbB45nBZ
تونس 2,العمران,"الجبل الاحمر, تصرح",سمير البوحلي,146,agree,146,مايه وسته واربعون,2023,قرار الهيئة لمعتمدية العمران__14__تونس 2 (2).PDF,1OwhH-HmwQzJZWbDzgcRP2XvUZbB45nBZ
تونس 2,العمران,العمران - (العمران),ماهر الخريجي,74,agree,74,اربعه وسبعون,2023,قرار الهيئة لمعتمدية العمران__14__تونس 2 (2).PDF,1OwhH-HmwQzJZWbDzgcRP2XvUZbB45nBZ
تونس 2,العمران,العمران - (العمران),هشام بن عمران,130,agree,130,مايه وثلاثون,2023,قرار الهيئة لمعتمدية العمران__14__تونس 2 (2).PDF,1OwhH-HmwQzJZWbDzgcRP2XvUZbB45nBZ
تونس 2,العمران,"بيرعتيق, تصرح البييه",نورس الدريدي,116,agree,116,مايه وسته عشر,2023,قرار الهيئة لمعتمدية العمران__14__تونس 2 (2).PDF,1OwhH-HmwQzJZWbDzgcRP2XvUZbB45nBZ
تونس 2,العمران,"بيرعتيق, تصرح البييه",فاطمه اليحياوي,195,digits-wrong,1945,مايه وخمسه وتسعون,2023,قرار الهيئة لمعتمدية العمران__14__تونس 2 (2).PDF,1OwhH-HmwQzJZWbDzgcRP2XvUZbB45nBZ
تونس 2,العمران,"حي الزياتين, تصرح",محرز بن شعبان,89,agree,89,تسعه وثمانون,2023,قرار الهيئة لمعتمدية العمران__14__تونس 2 (2).PDF,1OwhH-HmwQzJZWbDzgcRP2XvUZbB45nBZ
تونس 2,العمران,"حي الزياتين, تصرح",هيكل البوغانمي2 ثلاثمايه واثنا,10,digits-wrong,312,عشره,2023,قرار الهيئة لمعتمدية العمران__14__تونس 2 (2).PDF,1OwhH-HmwQzJZWbDzgcRP2XvUZbB45nBZ
تونس 2,العمران,"حي الزياتين, تصرح",اقس زاير,133,digits-wrong,158,مايه وثلاثه وثلاثون,2023,قرار الهيئة لمعتمدية العمران__14__تونس 2 (2).PDF,1OwhH-HmwQzJZWbDzgcRP2XvUZbB45nBZ
تونس 2,العمران,راس الطابيه,حنان الجلاصي,25,agree,25,خمسه وعشرون,2023,قرار الهيئة لمعتمدية العمران__14__تونس 2 (2).PDF,1OwhH-HmwQzJZWbDzgcRP2XvUZbB45nBZ
تونس 2,العمران,راس الطابيه,ملاك الصرارفي,146,agree,146,مايه وسته واربعون,2023,قرار الهيئة لمعتمدية العمران__14__تونس 2 (2).PDF,1OwhH-HmwQzJZWbDzgcRP2XvUZbB45nBZ
تونس 2,العمران,راس الطابيه,ياسين عرايبي,28,agree,28,ثمانيه وعشرون,2023,قرار الهيئة لمعتمدية العمران__14__تونس 2 (2).PDF,1OwhH-HmwQzJZWbDzgcRP2XvUZbB45nBZ
تونس 2,العمران,وادي السبعي,عمر اليحياوي,147,digits-wrong,117,مايه وسبعه واربعون,2023,قرار الهيئة لمعتمدية العمران__14__تونس 2 (2).PDF,1OwhH-HmwQzJZWbDzgcRP2XvUZbB45nBZ
تونس 2,الكرم,البحيره,زياد الماجري,96,agree,96,سته وتسعون,2023,قرار الهيئة لمعتمدية الكرم__16__تونس 2.PDF,11DITwAk3xgvBd2rwvm1n3xYmLoO-r6bH
تونس 2,الكرم,البحيره,نورالدين نتشاوي,145,agree,145,مايه وخمسه واربعون,2023,قرار الهيئة لمعتمدية الكرم__16__تونس 2.PDF,11DITwAk3xgvBd2rwvm1n3xYmLoO-r6bH
تونس 2,الكرم,البحيره,نسرين بن عبدالجواد2,387,digits-wrong,367,ثلاثمايه وسبعه وثمانون,2023,قرار الهيئة لمعتمدية الكرم__16__تونس 2.PDF,11DITwAk3xgvBd2rwvm1n3xYmLoO-r6bH
تونس 2,الكرم,الرياض - (الكرم),فدوي الحفيظي,225,agree,225,مايتان وخمسه وعشرون,2023,قرار الهيئة لمعتمدية الكرم__16__تونس 2.PDF,11DITwAk3xgvBd2rwvm1n3xYmLoO-r6bH
تونس 2,الكرم,الرياض - (الكرم),علي سامي,255,agree,255,مايتان وخمسه وخمسون,2023,قرار الهيئة لمعتمدية الكرم__16__تونس 2.PDF,11DITwAk3xgvBd2rwvm1n3xYmLoO-r6bH
تونس 2,الكرم,الكرم الشرق,نادره احمد,51,agree,51,واحد وخمسون,2023,قرار الهيئة لمعتمدية الكرم__16__تونس 2.PDF,11DITwAk3xgvBd2rwvm1n3xYmLoO-r6bH
تونس 2,الكرم,الكرم الغربي يتقدم الها,حسن شوالي,159,agree,159,مايه وتسعه وخمسون,2023,قرار الهيئة لمعتمدية الكرم__16__تونس 2.PDF,11DITwAk3xgvBd2rwvm1n3xYmLoO-r6bH
تونس 2,الكرم,الكرم الغربي يتقدم الها,سيف الدين بن عمار,114,agree,114,مايه واربعه عشر,2023,قرار الهيئة لمعتمدية الكرم__16__تونس 2.PDF,11DITwAk3xgvBd2rwvm1n3xYmLoO-r6bH
تونس 2,الكرم,الكرم الغربي يتقدم الها,خلود زغدودي,109,agree,109,مايه وتسعه,2023,قرار الهيئة لمعتمدية الكرم__16__تونس 2.PDF,11DITwAk3xgvBd2rwvm1n3xYmLoO-r6bH
تونس 2,المرسي,البحر الازرق يتقدم الها,عبدالرووف شطورو,120,agree,120,مايه وعشرون,2023,قرار الهيئة لمعتمدية المرسى__20__تونس 2.PDF,1o3xnTkUXPoIPQWaALtGT_0QgF3TE1F2u
تونس 2,المرسي,البحر الازرق يتقدم الها,رحال بن سلامه,211,agree,211,مايتان واحد عشره,2023,قرار الهيئة لمعتمدية المرسى__20__تونس 2.PDF,1o3xnTkUXPoIPQWaALtGT_0QgF3TE1F2u
تونس 2,المرسي,البحر الازرق يتقدم الها,ويام سعادني,133,agree,133,مايه وثلاثه وثلاثون,2023,قرار الهيئة لمعتمدية المرسى__20__تونس 2.PDF,1o3xnTkUXPoIPQWaALtGT_0QgF3TE1F2u
تونس 2,المرسي,المرسي الحدايق,اك,508,digits-only,508,,2023,قرار الهيئة لمعتمدية المرسى__20__تونس 2.PDF,1o3xnTkUXPoIPQWaALtGT_0QgF3TE1F2u
تونس 2,المرسي,قمرتء تصرح البييه,الاسعد الطرابلبي ‏,1,digits-only,1,,2023,قرار الهيئة لمعتمدية المرسى__20__تونس 2.PDF,1o3xnTkUXPoIPQWaALtGT_0QgF3TE1F2u
تونس 2,المرسي,قمرتء تصرح البييه,غاليه الاندلسي ‏,2,digits-only,2,,2023,قرار الهيئة لمعتمدية المرسى__20__تونس 2.PDF,1o3xnTkUXPoIPQWaALtGT_0QgF3TE1F2u
تونس 2,المرسي,قمرتء تصرح البييه,سيف الله بنمتيي ‏,3,digits-only,3,,2023,قرار الهيئة لمعتمدية المرسى__20__تونس 2.PDF,1o3xnTkUXPoIPQWaALtGT_0QgF3TE1F2u
تونس 2,المرسي,قمرتء تصرح البييه,سامي القاببي ‏,4,digits-only,4,,2023,قرار الهيئة لمعتمدية المرسى__20__تونس 2.PDF,1o3xnTkUXPoIPQWaALtGT_0QgF3TE1F2u
تونس 2,المرسي,قمرتء تصرح البييه,لطيفه قاسمي ‏,5,digits-only,5,,2023,قرار الهيئة لمعتمدية المرسى__20__تونس 2.PDF,1o3xnTkUXPoIPQWaALtGT_0QgF3TE1F2u
تونس 2,المنزه,الفتح - (المنزه)؛ تصرح,حمزه ورغي,51,agree,51,واحد وخمسون,2023,قرار الهيئة لمعتمدية المنزه__18__تونس 2.PDF,1P1DSMfJ9deZ_bJqACsnQiCm1Oh0BsDOc
تونس 2,المنزه,الفتح - (المنزه)؛ تصرح,سلوي العياري,66,agree,66,سته وستون,2023,قرار الهيئة لمعتمدية المنزه__18__تونس 2.PDF,1P1DSMfJ9deZ_bJqACsnQiCm1Oh0BsDOc
تونس 2,المنزه,المنار- (المنزه) يتقدم المها,مايه:وثماتيه,10,words-only,,عشر,2023,قرار الهيئة لمعتمدية المنزه__18__تونس 2.PDF,1P1DSMfJ9deZ_bJqACsnQiCm1Oh0BsDOc
تونس 2,المنزه,المنار1 يتقدم المها,0 07 0ا*,52,digits-only,52,,2023,قرار الهيئة لمعتمدية المنزه__18__تونس 2.PDF,1P1DSMfJ9deZ_bJqACsnQiCm1Oh0BsDOc
تونس 2,المنزه,غره جوان - (المنزه)؛,منير باسا,1,digits-only,1,,2023,قرار الهيئة لمعتمدية المنزه__18__تونس 2.PDF,1P1DSMfJ9deZ_bJqACsnQiCm1Oh0BsDOc
تونس 2,المنزه,غره جوان - (المنزه)؛,احمن صبالني,5,digits-only,5,,2023,قرار الهيئة لمعتمدية المنزه__18__تونس 2.PDF,1P1DSMfJ9deZ_bJqACsnQiCm1Oh0BsDOc
تونس 2,المنزه,غره جوان - (المنزه)؛,محمد الحمداني,4,digits-only,4,,2023,قرار الهيئة لمعتمدية المنزه__18__تونس 2.PDF,1P1DSMfJ9deZ_bJqACsnQiCm1Oh0BsDOc
تونس 2,باردو,ابن سيناء,جمال شيعي اثتان,70,digits-wrong,72,وسبعون,2023,قرار الهيئة لمعتمدية باردو__13__تونس 2.PDF,1OWDxRGZ2i8cjrcLjXptFKQtf0sqaj9Bt
تونس 2,باردو,ابن سيناء,ماهر بن عثمان ‏,60,agree,60,ستون,2023,قرار الهيئة لمعتمدية باردو__13__تونس 2.PDF,1OWDxRGZ2i8cjrcLjXptFKQtf0sqaj9Bt
تونس 2,باردو,البساتين - (باردو),صبري الطرابلسي,116,agree,116,مايه وسته عشر,2023,قرار الهيئة لمعتمدية باردو__13__تونس 2.PDF,1OWDxRGZ2i8cjrcLjXptFKQtf0sqaj9Bt
تونس 2,باردو,الحديقه - (باردو),سهام البوغانمي,234,digits-wrong,214,مايتان واربعه وثلاثون,2023,قرار الهيئة لمعتمدية باردو__13__تونس 2.PDF,1OWDxRGZ2i8cjrcLjXptFKQtf0sqaj9Bt
تونس 2,باردو,الحديقه - (باردو),سند الناصفي,107,agree,107,مايه وسبعه,2023,قرار الهيئة لمعتمدية باردو__13__تونس 2.PDF,1OWDxRGZ2i8cjrcLjXptFKQtf0sqaj9Bt
تونس 2,باردو,السعاده - (باردو),علي اللواتي,336,agree,336,ثلاثمايه وسته وثلاثون,2023,قرار الهيئة لمعتمدية باردو__13__تونس 2.PDF,1OWDxRGZ2i8cjrcLjXptFKQtf0sqaj9Bt
تونس 2,باردو,السعاده - (باردو),رمزي ثابت ‎1‏ ماثه,3,digits-wrong,103,وثلاثه,2023,قرار الهيئة لمعتمدية باردو__13__تونس 2.PDF,1OWDxRGZ2i8cjrcLjXptFKQtf0sqaj9Bt
تونس 2,باردو,الفتح - (باردو)؛ تصرح,سفيان العوني,126,agree,126,مايه وسته وعشرون,2023,قرار الهيئة لمعتمدية باردو__13__تونس 2.PDF,1OWDxRGZ2i8cjrcLjXptFKQtf0sqaj9Bt
تونس 2,باردو,الفتح - (باردو)؛ تصرح,ايمن الزلفاني مايثه,30,digits-wrong,130,وثلاثون,2023,قرار الهيئة لمعتمدية باردو__13__تونس 2.PDF,1OWDxRGZ2i8cjrcLjXptFKQtf0sqaj9Bt
تونس 2,باردو,باردو الجنوبي,نجلاء الوسلاتي,177,agree,177,مايه وسبعه وسبعون,2023,قرار الهيئة لمعتمدية باردو__13__تونس 2.PDF,1OWDxRGZ2i8cjrcLjXptFKQtf0sqaj9Bt
تونس 2,باردو,باردو الجنوبي,وليد التركي مايتان وثلايه,203,digits-only,203,,2023,قرار الهيئة لمعتمدية باردو__13__تونس 2.PDF,1OWDxRGZ2i8cjrcLjXptFKQtf0sqaj9Bt
تونس 2,باردو,باردو الشمالي يتقدم الها,مبدي الصفايحي,109,agree,109,مايه وتسعه,2023,قرار الهيئة لمعتمدية باردو__13__تونس 2.PDF,1OWDxRGZ2i8cjrcLjXptFKQtf0sqaj9Bt
تونس 2,باردو,باردو الشمالي يتقدم الها,واصف الخزامي,100,agree,100,مايه,2023,قرار الهيئة لمعتمدية باردو__13__تونس 2.PDF,1OWDxRGZ2i8cjrcLjXptFKQtf0sqaj9Bt
تونس 2,باردو,باردو الشمالي يتقدم الها,ريم سعد مايه واثتان,20,digits-wrong,122,وعشرون,2023,قرار الهيئة لمعتمدية باردو__13__تونس 2.PDF,1OWDxRGZ2i8cjrcLjXptFKQtf0sqaj9Bt
تونس 2,باردو,باردو الشمالي يتقدم الها,امان الله الجبالي,174,agree,174,مايه واربعه وسبعون,2023,قرار الهيئة لمعتمدية باردو__13__تونس 2.PDF,1OWDxRGZ2i8cjrcLjXptFKQtf0sqaj9Bt
تونس 2,باردو,باردو الشمالي يتقدم الها,ورده الزريبي,56,agree,56,سته وخمسون,2023,قرار الهيئة لمعتمدية باردو__13__تونس 2.PDF,1OWDxRGZ2i8cjrcLjXptFKQtf0sqaj9Bt
تونس 2,باردو,باردو الشمالي يتقدم الها,ساميه مرزوق,109,agree,109,مايه وتسعه,2023,قرار الهيئة لمعتمدية باردو__13__تونس 2.PDF,1OWDxRGZ2i8cjrcLjXptFKQtf0sqaj9Bt
تونس 2,باردو,"بوشوشه, تصرح البييه",كلثوم الجويني,99,agree,99,تسعه وتسعون,2023,قرار الهيئة لمعتمدية باردو__13__تونس 2.PDF,1OWDxRGZ2i8cjrcLjXptFKQtf0sqaj9Bt
تونس 2,باردو,خزندار تصرح البييه,شكري الجوادي,262,agree,262,مايتان واثنان وستون,2023,قرار الهيئة لمعتمدية باردو__13__تونس 2.PDF,1OWDxRGZ2i8cjrcLjXptFKQtf0sqaj9Bt
تونس 2,باردو,خزندار تصرح البييه,محمد كريم عوبني,306,agree,306,ثلاثمايه وسته,2023,قرار الهيئة لمعتمدية باردو__13__تونس 2.PDF,1OWDxRGZ2i8cjrcLjXptFKQtf0sqaj9Bt
تونس 2,باردو,قصر البرطال يتقدم الها,بديع الجلاصي,147,digits-wrong,117,مايه وسبعه واربعون,2023,قرار الهيئة لمعتمدية باردو__13__تونس 2.PDF,1OWDxRGZ2i8cjrcLjXptFKQtf0sqaj9Bt
تونس 2,باردو,قصر البرطال يتقدم الها,الطاهر الاكحل,138,agree,138,مايه وثمانيه وثلاثون,2023,قرار الهيئة لمعتمدية باردو__13__تونس 2.PDF,1OWDxRGZ2i8cjrcLjXptFKQtf0sqaj9Bt
تونس 2,باردو,قصر السعيد - (باردو),شعيب الهاري ‏ اثتان وستوت,62,digits-only,62,,2023,قرار الهيئة لمعتمدية باردو__13__تونس 2.PDF,1OWDxRGZ2i8cjrcLjXptFKQtf0sqaj9Bt
تونس 2,باردو,قصر السعيد الثاني»,فادي بن يونس,334,agree,334,ثلاثمايه واربعه وثلاثون,2023,قرار الهيئة لمعتمدية باردو__13__تونس 2.PDF,1OWDxRGZ2i8cjrcLjXptFKQtf0sqaj9Bt
تونس 2,باردو,قصر السعيد الثاني»,محمد العربي الدريدي,127,digits-wrong,2127,مايه وسبعه وعشرون,2023,قرار الهيئة لمعتمدية باردو__13__تونس 2.PDF,1OWDxRGZ2i8cjrcLjXptFKQtf0sqaj9Bt
تونس 2,حلق الوادي,الطيب المبيري,بشير بن عمار,248,agree,248,مايتان وثمانيه واربعون,2023,قرار الهيئة لمعتمدية حلق الوادي__17__تونس 2.PDF,1cBiUtcUvUnE2M8jA2_8A-__WjCw9PX91
تونس 2,حلق الوادي,الطيب المبيري,عاقل الطرابلسي,205,agree,205,مايتان وخمسه,2023,قرار الهيئة لمعتمدية حلق الوادي__17__تونس 2.PDF,1cBiUtcUvUnE2M8jA2_8A-__WjCw9PX91
تونس 2,حلق الوادي,الطيب المبيري,عايده بونواره,442,digits-wrong,4042,اربعمايه واثنان واربعون,2023,قرار الهيئة لمعتمدية حلق الوادي__17__تونس 2.PDF,1cBiUtcUvUnE2M8jA2_8A-__WjCw9PX91
تونس 2,حلق الوادي,حلق,ريم ابن الحاج محمد,464,agree,464,اربعمايه واربعه وستون,2023,قرار الهيئة لمعتمدية حلق الوادي__17__تونس 2.PDF,1cBiUtcUvUnE2M8jA2_8A-__WjCw9PX91
تونس 2,حلق الوادي,حلق,الهام بن صالح,196,digits-wrong,1526,مايه وسته وتسعون,2023,قرار الهيئة لمعتمدية حلق الوادي__17__تونس 2.PDF,1cBiUtcUvUnE2M8jA2_8A-__WjCw9PX91
تونس 2,حلق الوادي,خير الدين - (حلق الوادي),حمنتي الطبربي مايه ونسته وستتون,166,digits-only,166,,2023,قرار الهيئة لمعتمدية حلق الوادي__17__تونس 2.PDF,1cBiUtcUvUnE2M8jA2_8A-__WjCw9PX91
تونس 2,حي الخضراء,(علي البلهوان - (حي,عادل الوسلاتي,134,agree,134,مايه واربعه وثلاثون,2023,قرار الهيئة لمعتمدية حي الخضراء__19__تونس 2.PDF,1PFmEs67anHOp0-vIW2aXYjXalp4STXnh
تونس 2,حي الخضراء,(علي البلهوان - (حي,منير المعروني,219,agree,219,مايتان وتسعه عشر,2023,قرار الهيئة لمعتمدية حي الخضراء__19__تونس 2.PDF,1PFmEs67anHOp0-vIW2aXYjXalp4STXnh
تونس 2,حي الخضراء,(فرحات حشاد,نجاه بن كعبيه ماثه,32,digits-wrong,132,واثنان وثلاثون,2023,قرار الهيئة لمعتمدية حي الخضراء__19__تونس 2.PDF,1PFmEs67anHOp0-vIW2aXYjXalp4STXnh
تونس 2,حي الخضراء,البحيره - (حي الخضراء),المبدي السمادي,79,agree,79,تسعه وسبعون,2023,قرار الهيئة لمعتمدية حي الخضراء__19__تونس 2.PDF,1PFmEs67anHOp0-vIW2aXYjXalp4STXnh
تونس 2,حي الخضراء,البحيره - (حي الخضراء),محمدايمن رشيد,29,agree,29,تسعه وعشرون,2023,قرار الهيئة لمعتمدية حي الخضراء__19__تونس 2.PDF,1PFmEs67anHOp0-vIW2aXYjXalp4STXnh
تونس 2,حي الخضراء,حي الحدايق - (حي الخضراء),سعاد ضيفي ماينه,33,digits-wrong,133,وثلاثه وثلاثون,2023,قرار الهيئة لمعتمدية حي الخضراء__19__تونس 2.PDF,1PFmEs67anHOp0-vIW2aXYjXalp4STXnh
تونس 2,حي الخضراء,حي الخضراء,وليد بن خالد,168,agree,168,مايه وثمانيه وستون,2023,قرار الهيئة لمعتمدية حي الخضراء__19__تونس 2.PDF,1PFmEs67anHOp0-vIW2aXYjXalp4STXnh
تونس 2,حي الخضراء,حي الخضراء,اليامنه حمد,44,agree,44,اربعه واربعون,2023,قرار الهيئة لمعتمدية حي الخضراء__19__تونس 2.PDF,1PFmEs67anHOp0-vIW2aXYjXalp4STXnh
تونس 2,حي الخضراء,خير الدين باشا - (حي,ماهر نقاره,77,agree,77,سبعه وسبعون,2023,قرار الهيئة لمعتمدية حي الخضراء__19__تونس 2.PDF,1PFmEs67anHOp0-vIW2aXYjXalp4STXnh
تونس 2,قرطاج,الياسمينه - (قرطاج),بلال بلقاسمي ثمانيه ووتسعون,58,digits-only,58,,2023,قرار الهيئة لمعتمدية قرطاج__21__تونس 2.PDF,1yvlYy_KfCHtJxkqO_3Ps-ka9Wvv-mQvg
تونس 2,قرطاج,الياسمينه - (قرطاج),العرومي القلعاوي,366,agree,366,ثلاثمايه وسته وستون,2023,قرار الهيئة لمعتمدية قرطاج__21__تونس 2.PDF,1yvlYy_KfCHtJxkqO_3Ps-ka9Wvv-mQvg
تونس 2,قرطاج,اميلكار,عربيه الدريدي,139,agree,139,مايه وتسعه وثلاثون,2023,قرار الهيئة لمعتمدية قرطاج__21__تونس 2.PDF,1yvlYy_KfCHtJxkqO_3Ps-ka9Wvv-mQvg
تونس 2,قرطاج,اميلكار,خليل بن عزيزه,178,agree,178,مايه وثمانيه وسبعون,2023,قرار الهيئة لمعتمدية قرطاج__21__تونس 2.PDF,1yvlYy_KfCHtJxkqO_3Ps-ka9Wvv-mQvg
تونس 2,قرطاج,حي محمد علي - (قرطاج),سعيد العبيدي,161,agree,161,مايه وواحد وستون,2023,قرار الهيئة لمعتمدية قرطاج__21__تونس 2.PDF,1yvlYy_KfCHtJxkqO_3Ps-ka9Wvv-mQvg
تونس 2,قرطاج,سيدي بوسعيد,جلال القروي,229,agree,229,مايتان وتسعه وعشرون,2023,قرار الهيئة لمعتمدية قرطاج__21__تونس 2.PDF,1yvlYy_KfCHtJxkqO_3Ps-ka9Wvv-mQvg
تونس 2,قرطاج,قرطاج الشاطيء,محمد السندامي,43,agree,43,ثلاثه واربعون,2023,قرار الهيئة لمعتمدية قرطاج__21__تونس 2.PDF,1yvlYy_KfCHtJxkqO_3Ps-ka9Wvv-mQvg
تونس 2,قرطاج,قرطاج بيرصا يتقدم,محمد المبروك,78,agree,78,ثمانيه وسبعون,2023,قرار الهيئة لمعتمدية قرطاج__21__تونس 2.PDF,1yvlYy_KfCHtJxkqO_3Ps-ka9Wvv-mQvg
تونس 2,قرطاج,قرطاج بيرصا يتقدم,تجيب قاصه,131,agree,131,مايه وواحد وثلاثون,2023,قرار الهيئة لمعتمدية قرطاج__21__تونس 2.PDF,1yvlYy_KfCHtJxkqO_3Ps-ka9Wvv-mQvg
تونس 2,قرطاج,قرطاج بيرصا يتقدم,هاديه حكيمي,117,agree,117,مايه وسبعه عشر,2023,قرار الهيئة لمعتمدية قرطاج__21__تونس 2.PDF,1yvlYy_KfCHtJxkqO_3Ps-ka9Wvv-mQvg
تونس 2,قرطاج,قرطاج بيرصا يتقدم,محمد بن حموده,150,agree,150,مايه وخمسون,2023,قرار الهيئة لمعتمدية قرطاج__21__تونس 2.PDF,1yvlYy_KfCHtJxkqO_3Ps-ka9Wvv-mQvg
جندوبة,بلطه بوعوان,البلديه» تصرح البييه,ماهر السعيداني,171,agree,171,مايه وواحد وسبعون,2023,قرار الهيئة لمعتمدية بلطة بوعوان__49__جندوبة.pdf,12APc_sEz9ric7pdAnaOATF2ykkvdQin4
جندوبة,بلطه بوعوان,البلديه» تصرح البييه,صالح شوالي,189,digits-wrong,169,مايه وتسعه وثمانون,2023,قرار الهيئة لمعتمدية بلطة بوعوان__49__جندوبة.pdf,12APc_sEz9ric7pdAnaOATF2ykkvdQin4
جندوبة,بلطه بوعوان,السمران - (بلطه,التو ار,20,digits-only,20,,2023,قرار الهيئة لمعتمدية بلطة بوعوان__49__جندوبة.pdf,12APc_sEz9ric7pdAnaOATF2ykkvdQin4
جندوبة,بلطه بوعوان,السمران - (بلطه,رضا صكوحي2ح,206,agree,206,مايتان وسته,2023,قرار الهيئة لمعتمدية بلطة بوعوان__49__جندوبة.pdf,12APc_sEz9ric7pdAnaOATF2ykkvdQin4
جندوبة,بلطه بوعوان,الشواوله يتقدم,منير الشوالي ثلاثه وصبعون,73,digits-only,73,,2023,قرار الهيئة لمعتمدية بلطة بوعوان__49__جندوبة.pdf,12APc_sEz9ric7pdAnaOATF2ykkvdQin4
جندوبة,بلطه بوعوان,الشواوله يتقدم,كمال شمروخي,73,agree,73,ثلاثه وسبعون,2023,قرار الهيئة لمعتمدية بلطة بوعوان__49__جندوبة.pdf,12APc_sEz9ric7pdAnaOATF2ykkvdQin4
جندوبة,بلطه بوعوان,الشواوله يتقدم,اليزيد الجربي 2,80,digits-wrong,50,ثمانون,2023,قرار الهيئة لمعتمدية بلطة بوعوان__49__جندوبة.pdf,12APc_sEz9ric7pdAnaOATF2ykkvdQin4
جندوبة,بلطه بوعوان,الشواوله يتقدم,معز السعيداني,65,agree,65,خمسه وستون,2023,قرار الهيئة لمعتمدية بلطة بوعوان__49__جندوبة.pdf,12APc_sEz9ric7pdAnaOATF2ykkvdQin4
جندوبة,بلطه بوعوان,"العواوضه,",فريد العزيزي,192,digits-wrong,152,مايه واثنان وتسعون,2023,قرار الهيئة لمعتمدية بلطة بوعوان__49__جندوبة.pdf,12APc_sEz9ric7pdAnaOATF2ykkvdQin4
جندوبة,بلطه بوعوان,بلطه يتقدم اليها,ال,20,digits-only,20,,2023,قرار الهيئة لمعتمدية بلطة بوعوان__49__جندوبة.pdf,12APc_sEz9ric7pdAnaOATF2ykkvdQin4
جندوبة,بلطه بوعوان,بلطه يتقدم اليها,جمال الدين البلطي,75,agree,75,خمسه وسبعون,2023,قرار الهيئة لمعتمدية بلطة بوعوان__49__جندوبة.pdf,12APc_sEz9ric7pdAnaOATF2ykkvdQin4
جندوبة,بلطه بوعوان,بلطه يتقدم اليها,عبدالمجيد القادري,89,agree,89,تسعه وثمانون,2023,قرار الهيئة لمعتمدية بلطة بوعوان__49__جندوبة.pdf,12APc_sEz9ric7pdAnaOATF2ykkvdQin4
جندوبة,بلطه بوعوان,بلطه يتقدم اليها,وسيم بلملي,176,agree,176,مايه وسته وسبعون,2023,قرار الهيئة لمعتمدية بلطة بوعوان__49__جندوبة.pdf,12APc_sEz9ric7pdAnaOATF2ykkvdQin4
جندوبة,بلطه بوعوان,بلطه يتقدم اليها,وليد الورتاني,95,digits-wrong,55,خمسه وتسعون,2023,قرار الهيئة لمعتمدية بلطة بوعوان__49__جندوبة.pdf,12APc_sEz9ric7pdAnaOATF2ykkvdQin4
جندوبة,بلطه بوعوان,بي محمد,ا,20,digits-only,20,,2023,قرار الهيئة لمعتمدية بلطة بوعوان__49__جندوبة.pdf,12APc_sEz9ric7pdAnaOATF2ykkvdQin4
جندوبة,بلطه بوعوان,بي محمد,زهير الدبوسي,161,agree,161,مايه وواحد وستون,2023,قرار الهيئة لمعتمدية بلطة بوعوان__49__جندوبة.pdf,12APc_sEz9ric7pdAnaOATF2ykkvdQin4
جندوبة,بلطه بوعوان,بي محمد,عبدالستار خليفي,34,agree,34,اربعه وثلاثون,2023,قرار الهيئة لمعتمدية بلطة بوعوان__49__جندوبة.pdf,12APc_sEz9ric7pdAnaOATF2ykkvdQin4
جندوبة,بلطه بوعوان,بوعوانء تصرح البييه,بسام سلامي مايه واثنا,10,digits-wrong,112,عشره,2023,قرار الهيئة لمعتمدية بلطة بوعوان__49__جندوبة.pdf,12APc_sEz9ric7pdAnaOATF2ykkvdQin4
جندوبة,بلطه بوعوان,بوعوانء تصرح البييه,ايمن جبري,273,agree,273,مايتان وثلاثه وسبعون,2023,قرار الهيئة لمعتمدية بلطة بوعوان__49__جندوبة.pdf,12APc_sEz9ric7pdAnaOATF2ykkvdQin4
جندوبة,بلطه بوعوان,بولعابه - (بلطه,حسان غزواني,81,digits-wrong,861,واحد وثمانون,2023,قرار الهيئة لمعتمدية بلطة بوعوان__49__جندوبة.pdf,12APc_sEz9ric7pdAnaOATF2ykkvdQin4
جندوبة,بلطه بوعوان,بولعابه - (بلطه,برهان مزليني,82,digits-wrong,562,اثنان وثمانون,2023,قرار الهيئة لمعتمدية بلطة بوعوان__49__جندوبة.pdf,12APc_sEz9ric7pdAnaOATF2ykkvdQin4
جندوبة,بلطه بوعوان,عبد الجبار,درصاف سلامي,108,agree,108,مايه وثمانيه,2023,قرار الهيئة لمعتمدية بلطة بوعوان__49__جندوبة.pdf,12APc_sEz9ric7pdAnaOATF2ykkvdQin4
جندوبة,بلطه بوعوان,عبد الجبار,الامجد سلامي,71,agree,71,واحد وسبعون,2023,قرار الهيئة لمعتمدية بلطة بوعوان__49__جندوبة.pdf,12APc_sEz9ric7pdAnaOATF2ykkvdQin4
جندوبة,بلطه بوعوان,عبد الجبار,بسمه علبوثي,95,agree,95,خمسه وتسعون,2023,قرار الهيئة لمعتمدية بلطة بوعوان__49__جندوبة.pdf,12APc_sEz9ric7pdAnaOATF2ykkvdQin4
جندوبة,بلطه بوعوان,عسيله,ااا ا ا االال0لفالالا22227257,22222,digits-only,22222,,2023,قرار الهيئة لمعتمدية بلطة بوعوان__49__جندوبة.pdf,12APc_sEz9ric7pdAnaOATF2ykkvdQin4
جندوبة,بلطه بوعوان,عسيله,الحسين السمراني,162,agree,162,مايه واثنان وستون,2023,قرار الهيئة لمعتمدية بلطة بوعوان__49__جندوبة.pdf,12APc_sEz9ric7pdAnaOATF2ykkvdQin4
جندوبة,بلطه بوعوان,عسيله,ماهر سلامي مايقان,15,digits-wrong,215,وخمسه عشر,2023,قرار الهيئة لمعتمدية بلطة بوعوان__49__جندوبة.pdf,12APc_sEz9ric7pdAnaOATF2ykkvdQin4
جندوبة,بلطه بوعوان,"وادي كساب,",مراد جبري,185,agree,185,مايه وخمسه وثمانون,2023,قرار الهيئة لمعتمدية بلطة بوعوان__49__جندوبة.pdf,12APc_sEz9ric7pdAnaOATF2ykkvdQin4
جندوبة,بوسالم,البراهميء تصرح البييه,رامي عواضي,263,agree,263,مايتان وثلاثه وستون,2023,قرار الهيئة لمعتمدية بوسالم__50__جندوبة.PDF,1JRgbF03kKWuWcHAudH6_smPM4ablClE3
جندوبة,بوسالم,البراهميء تصرح البييه,اسامه عثيمني,121,agree,121,مايه وواحد وعشرون,2023,قرار الهيئة لمعتمدية بوسالم__50__جندوبة.PDF,1JRgbF03kKWuWcHAudH6_smPM4ablClE3
جندوبة,بوسالم,البراهميء تصرح البييه,مقداد خميسي,139,agree,139,مايه وتسعه وثلاثون,2023,قرار الهيئة لمعتمدية بوسالم__50__جندوبة.PDF,1JRgbF03kKWuWcHAudH6_smPM4ablClE3
جندوبة,بوسالم,البراهميء تصرح البييه,سماح عزيزي,114,agree,114,مايه واربعه عشر,2023,قرار الهيئة لمعتمدية بوسالم__50__جندوبة.PDF,1JRgbF03kKWuWcHAudH6_smPM4ablClE3
جندوبة,بوسالم,البراهميء تصرح البييه,طارق خميري,144,agree,144,مايه واربعه واربعون,2023,قرار الهيئة لمعتمدية بوسالم__50__جندوبة.PDF,1JRgbF03kKWuWcHAudH6_smPM4ablClE3
جندوبة,بوسالم,البراهميء تصرح البييه,قيس ماكني اثنان وستكون,62,digits-only,62,,2023,قرار الهيئة لمعتمدية بوسالم__50__جندوبة.PDF,1JRgbF03kKWuWcHAudH6_smPM4ablClE3
جندوبة,بوسالم,الروماني يتقدم المها,نورالدين زواغي,133,agree,133,مايه وثلاثه وثلاثون,2023,قرار الهيئة لمعتمدية بوسالم__50__جندوبة.PDF,1JRgbF03kKWuWcHAudH6_smPM4ablClE3
جندوبة,بوسالم,الروماني يتقدم المها,نزار سويسي,97,digits-wrong,57,سبعه وتسعون,2023,قرار الهيئة لمعتمدية بوسالم__50__جندوبة.PDF,1JRgbF03kKWuWcHAudH6_smPM4ablClE3
جندوبة,بوسالم,الروماني يتقدم المها,منير مغراوي,69,agree,69,تسعه وستون,2023,قرار الهيئة لمعتمدية بوسالم__50__جندوبة.PDF,1JRgbF03kKWuWcHAudH6_smPM4ablClE3
جندوبة,بوسالم,الكديه يتقدم الها,حنان الدجبي,31,agree,31,واحد وثلاثون,2023,قرار الهيئة لمعتمدية بوسالم__50__جندوبة.PDF,1JRgbF03kKWuWcHAudH6_smPM4ablClE3
جندوبة,بوسالم,الكديه يتقدم الها,فاروق خميري,225,digits-wrong,2,مايتان وخمسه وعشرون,2023,قرار الهيئة لمعتمدية بوسالم__50__جندوبة.PDF,1JRgbF03kKWuWcHAudH6_smPM4ablClE3
جندوبة,بوسالم,الكديه يتقدم الها,عادل رضواني,124,agree,124,مايه واربعه وعشرون,2023,قرار الهيئة لمعتمدية بوسالم__50__جندوبة.PDF,1JRgbF03kKWuWcHAudH6_smPM4ablClE3
جندوبة,بوسالم,الكديه يتقدم الها,عاطف جندوبي,92,digits-wrong,52,اثنان وتسعون,2023,قرار الهيئة لمعتمدية بوسالم__50__جندوبة.PDF,1JRgbF03kKWuWcHAudH6_smPM4ablClE3
جندوبة,بوسالم,المرجي - (بوسالم),سفيان صالحعي مايثتان,11,digits-wrong,211,واحد عشره,2023,قرار الهيئة لمعتمدية بوسالم__50__جندوبة.PDF,1JRgbF03kKWuWcHAudH6_smPM4ablClE3
جندوبة,بوسالم,المرجي - (بوسالم),عماره عبيدي,29,agree,29,تسعه وعشرون,2023,قرار الهيئة لمعتمدية بوسالم__50__جندوبة.PDF,1JRgbF03kKWuWcHAudH6_smPM4ablClE3
جندوبة,بوسالم,المرجي - (بوسالم),رهام شايب,86,agree,86,سته وثمانون,2023,قرار الهيئة لمعتمدية بوسالم__50__جندوبة.PDF,1JRgbF03kKWuWcHAudH6_smPM4ablClE3
جندوبة,بوسالم,المنقوش,نبيل بوغنيمي,332,agree,332,ثلاثمايه واثنان وثلاثون,2023,قرار الهيئة لمعتمدية بوسالم__50__جندوبة.PDF,1JRgbF03kKWuWcHAudH6_smPM4ablClE3
جندوبة,بوسالم,المنقوش,عمر جمازي,214,agree,214,مايتان واربعه عشر,2023,قرار الهيئة لمعتمدية بوسالم__50__جندوبة.PDF,1JRgbF03kKWuWcHAudH6_smPM4ablClE3
جندوبة,بوسالم,"بوسالم الجنوبيه,",نبيل سمراني,340,agree,340,ثلاثمايه واربعون,2023,قرار الهيئة لمعتمدية بوسالم__50__جندوبة.PDF,1JRgbF03kKWuWcHAudH6_smPM4ablClE3
جندوبة,بوسالم,"بوسالم الجنوبيه,",حسن البحري,93,digits-wrong,593,ثلاثه وتسعون,2023,قرار الهيئة لمعتمدية بوسالم__50__جندوبة.PDF,1JRgbF03kKWuWcHAudH6_smPM4ablClE3
جندوبة,بوسالم,"بوسالم الشماليه,",شرف الدين محمودي,290,agree,290,مايتان وتسعون,2023,قرار الهيئة لمعتمدية بوسالم__50__جندوبة.PDF,1JRgbF03kKWuWcHAudH6_smPM4ablClE3
جندوبة,بوسالم,سيدي عبيد,اميره كلبوسي مايه وسبعه وتسعون 137 0 0[,200,digits-only,200,,2023,قرار الهيئة لمعتمدية بوسالم__50__جندوبة.PDF,1JRgbF03kKWuWcHAudH6_smPM4ablClE3
جندوبة,بوسالم,سيدي عبيد,بسام زياني,43,agree,43,ثلاثه واربعون,2023,قرار الهيئة لمعتمدية بوسالم__50__جندوبة.PDF,1JRgbF03kKWuWcHAudH6_smPM4ablClE3
جندوبة,بوسالم,سيدي عبيد,شفيق العبيدي,180,digits-wrong,1530,مايه وثمانون,2023,قرار الهيئة لمعتمدية بوسالم__50__جندوبة.PDF,1JRgbF03kKWuWcHAudH6_smPM4ablClE3
جندوبة,جندوبه الشماليه,الخضراء,الوك ساد ااا ارلا,1,digits-only,1,,2023,قرار الهيئة لمعتمدية جندوبة الشمالية__52__جندوبة.pdf,1o2VLgevArLeaeiI8p7iEiPrLsGMDpOQS
جندوبة,جندوبه الشماليه,الخضراء,وليد بوسليعي,181,digits-wrong,161,مايه وواحد وثمانون,2023,قرار الهيئة لمعتمدية جندوبة الشمالية__52__جندوبة.pdf,1o2VLgevArLeaeiI8p7iEiPrLsGMDpOQS
جندوبة,جندوبه الشماليه,الدير يتقدم,وحيد مرسني,134,agree,134,مايه واربعه وثلاثون,2023,قرار الهيئة لمعتمدية جندوبة الشمالية__52__جندوبة.pdf,1o2VLgevArLeaeiI8p7iEiPrLsGMDpOQS
جندوبة,جندوبه الشماليه,الدير يتقدم,النوري خزري,125,agree,125,مايه وخمسه وعشرون,2023,قرار الهيئة لمعتمدية جندوبة الشمالية__52__جندوبة.pdf,1o2VLgevArLeaeiI8p7iEiPrLsGMDpOQS
جندوبة,جندوبه الشماليه,الدير يتقدم,الحميد خزري بوزيدي,72,agree,72,اثنان وسبعون,2023,قرار الهيئة لمعتمدية جندوبة الشمالية__52__جندوبة.pdf,1o2VLgevArLeaeiI8p7iEiPrLsGMDpOQS
جندوبة,جندوبه الشماليه,الزهور,ال ا,20,digits-only,20,,2023,قرار الهيئة لمعتمدية جندوبة الشمالية__52__جندوبة.pdf,1o2VLgevArLeaeiI8p7iEiPrLsGMDpOQS
جندوبة,جندوبه الشماليه,الزهور,جمال زايدي,146,agree,146,مايه وسته واربعون,2023,قرار الهيئة لمعتمدية جندوبة الشمالية__52__جندوبة.pdf,1o2VLgevArLeaeiI8p7iEiPrLsGMDpOQS
جندوبة,جندوبه الشماليه,السواني - (جندويه,محمدالبادي مناعي تسعه وسبعون 9/,200124,digits-only,200124,,2023,قرار الهيئة لمعتمدية جندوبة الشمالية__52__جندوبة.pdf,1o2VLgevArLeaeiI8p7iEiPrLsGMDpOQS
جندوبة,جندوبه الشماليه,السواني - (جندويه,كمال جويني,256,agree,256,مايتان وسته وخمسون,2023,قرار الهيئة لمعتمدية جندوبة الشمالية__52__جندوبة.pdf,1o2VLgevArLeaeiI8p7iEiPrLsGMDpOQS
جندوبة,جندوبه الشماليه,السواني - (جندويه,ايمان بوسليمي,37,agree,37,سبعه وثلاثون,2023,قرار الهيئة لمعتمدية جندوبة الشمالية__52__جندوبة.pdf,1o2VLgevArLeaeiI8p7iEiPrLsGMDpOQS
جندوبة,جندوبه الشماليه,السواني - (جندويه,ممسس يس سس ب ال اال ااا ال الزن لو 16 عار ا,0,digits-only,0,,2023,قرار الهيئة لمعتمدية جندوبة الشمالية__52__جندوبة.pdf,1o2VLgevArLeaeiI8p7iEiPrLsGMDpOQS
جندوبة,جندوبه الشماليه,الفردوس,معين الهدي2 ثلايثمايه,25,digits-wrong,325,وخمسه وعشرون,2023,قرار الهيئة لمعتمدية جندوبة الشمالية__52__جندوبة.pdf,1o2VLgevArLeaeiI8p7iEiPrLsGMDpOQS
جندوبة,جندوبه الشماليه,الفردوس,حسام عرفاوي,311,agree,311,ثلاثمايه واحد عشره,2023,قرار الهيئة لمعتمدية جندوبة الشمالية__52__جندوبة.pdf,1o2VLgevArLeaeiI8p7iEiPrLsGMDpOQS
جندوبة,جندوبه الشماليه,الفردوس,يوسف خميري,118,agree,118,مايه وثمانيه عشر,2023,قرار الهيئة لمعتمدية جندوبة الشمالية__52__جندوبة.pdf,1o2VLgevArLeaeiI8p7iEiPrLsGMDpOQS
جندوبة,جندوبه الشماليه,الفردوس,محمود مناعي,46,agree,46,سته واربعون,2023,قرار الهيئة لمعتمدية جندوبة الشمالية__52__جندوبة.pdf,1o2VLgevArLeaeiI8p7iEiPrLsGMDpOQS
جندوبة,جندوبه الشماليه,البادي بن,121000 1ذ1ذ[ذ[|[|[|[|[|[|[|[|[|[ذ[ذ[ذ[ذ[ذ ذ ذ ذ ذ ذ ذ ذا,0,digits-only,000,,2023,قرار الهيئة لمعتمدية جندوبة الشمالية__52__جندوبة.pdf,1o2VLgevArLeaeiI8p7iEiPrLsGMDpOQS
جندوبة,جندوبه الشماليه,البادي بن,احمد الدخيلي,216,agree,216,مايتان وسته عشر,2023,قرار الهيئة لمعتمدية جندوبة الشمالية__52__جندوبة.pdf,1o2VLgevArLeaeiI8p7iEiPrLsGMDpOQS
جندوبة,جندوبه الشماليه,البادي بن,محسن الهدي,150,agree,150,مايه وخمسون,2023,قرار الهيئة لمعتمدية جندوبة الشمالية__52__جندوبة.pdf,1o2VLgevArLeaeiI8p7iEiPrLsGMDpOQS
جندوبة,جندوبه الشماليه,البادي بن,زهير العيادي,92,digits-wrong,52,اثنان وتسعون,2023,قرار الهيئة لمعتمدية جندوبة الشمالية__52__جندوبة.pdf,1o2VLgevArLeaeiI8p7iEiPrLsGMDpOQS
جندوبة,جندوبه الشماليه,البادي بن,نوفل المازني <<,86,agree,86,سته وثمانون,2023,قرار الهيئة لمعتمدية جندوبة الشمالية__52__جندوبة.pdf,1o2VLgevArLeaeiI8p7iEiPrLsGMDpOQS
جندوبة,جندوبه الشماليه,بلاريجيا,لاح حا ا,20,digits-only,20,,2023,قرار الهيئة لمعتمدية جندوبة الشمالية__52__جندوبة.pdf,1o2VLgevArLeaeiI8p7iEiPrLsGMDpOQS
جندوبة,جندوبه الشماليه,بلاريجيا,عتقي لموشي,129,agree,129,مايه وتسعه وعشرون,2023,قرار الهيئة لمعتمدية جندوبة الشمالية__52__جندوبة.pdf,1o2VLgevArLeaeiI8p7iEiPrLsGMDpOQS
جندوبة,جندوبه الشماليه,بلاريجيا,حسين عثشي,176,agree,176,مايه وسته وسبعون,2023,قرار الهيئة لمعتمدية جندوبة الشمالية__52__جندوبة.pdf,1o2VLgevArLeaeiI8p7iEiPrLsGMDpOQS
جندوبة,جندوبه الشماليه,بلاريجيا,علي الجناوي,159,agree,159,مايه وتسعه وخمسون,2023,قرار الهيئة لمعتمدية جندوبة الشمالية__52__جندوبة.pdf,1o2VLgevArLeaeiI8p7iEiPrLsGMDpOQS
جندوبة,جندوبه الشماليه,بلاريجيا,نجلاء عيادي,101,agree,101,مايه وواحد,2023,قرار الهيئة لمعتمدية جندوبة الشمالية__52__جندوبة.pdf,1o2VLgevArLeaeiI8p7iEiPrLsGMDpOQS
جندوبة,جندوبه الشماليه,بلاريجيا,امال سويسي,146,agree,146,مايه وسته واربعون,2023,قرار الهيئة لمعتمدية جندوبة الشمالية__52__جندوبة.pdf,1o2VLgevArLeaeiI8p7iEiPrLsGMDpOQS
جندوبة,جندوبه الشماليه,زطفوره؛ تصرح,علي غزواني,231,agree,231,مايتان وواحد وثلاثون,2023,قرار الهيئة لمعتمدية جندوبة الشمالية__52__جندوبة.pdf,1o2VLgevArLeaeiI8p7iEiPrLsGMDpOQS
جندوبة,جندوبه الشماليه,زطفوره؛ تصرح,ماهر عياري مايثتان,14,digits-wrong,214,واربعه عشر,2023,قرار الهيئة لمعتمدية جندوبة الشمالية__52__جندوبة.pdf,1o2VLgevArLeaeiI8p7iEiPrLsGMDpOQS
جندوبة,جندوبه الشماليه,سوق الجمعه,حسن حميدي مايتان وتسعون 0وظ2,520000010,digits-only,520000010,,2023,قرار الهيئة لمعتمدية جندوبة الشمالية__52__جندوبة.pdf,1o2VLgevArLeaeiI8p7iEiPrLsGMDpOQS
جندوبة,جندوبه الشماليه,شمتو يتقدم,عبدالجليل عياري,73,agree,73,ثلاثه وسبعون,2023,قرار الهيئة لمعتمدية جندوبة الشمالية__52__جندوبة.pdf,1o2VLgevArLeaeiI8p7iEiPrLsGMDpOQS
جندوبة,جندوبه الشماليه,شمتو يتقدم,ايمن هرمي,199,digits-wrong,159,مايه وتسعه وتسعون,2023,قرار الهيئة لمعتمدية جندوبة الشمالية__52__جندوبة.pdf,1o2VLgevArLeaeiI8p7iEiPrLsGMDpOQS
جندوبة,جندوبه الشماليه,شمتو يتقدم,قيس عياري,59,agree,59,تسعه وخمسون,2023,قرار الهيئة لمعتمدية جندوبة الشمالية__52__جندوبة.pdf,1o2VLgevArLeaeiI8p7iEiPrLsGMDpOQS
جندوبة,جندوبه الشماليه,شمتو يتقدم,محمدالطيب سلطاني,144,agree,144,مايه واربعه واربعون,2023,قرار الهيئة لمعتمدية جندوبة الشمالية__52__جندوبة.pdf,1o2VLgevArLeaeiI8p7iEiPrLsGMDpOQS
جندوبة,جندوبه الشماليه,شمتو يتقدم,1 الطفيمتاي,0,digits-only,0,,2023,قرار الهيئة لمعتمدية جندوبة الشمالية__52__جندوبة.pdf,1o2VLgevArLeaeiI8p7iEiPrLsGMDpOQS
جندوبة,جندوبه,التطورء تصرح البييه,فوزي الطرخاني,350,digits-wrong,50,ثلاثمايه وخمسون,2023,قرار الهيئة لمعتمدية جندوبة__51__جندوبة.pdf,1wOF5X3NXRqkqGsu-kLxsnXdYFO0gPclL
جندوبة,جندوبه,التطورء تصرح البييه,عبير طويهيري,345,digits-wrong,5,ثلاثمايه وخمسه واربعون,2023,قرار الهيئة لمعتمدية جندوبة__51__جندوبة.pdf,1wOF5X3NXRqkqGsu-kLxsnXdYFO0gPclL
جندوبة,جندوبه,الجريف يتقدم المها,اسامه ورغي,199,digits-wrong,9,مايه وتسعه وتسعون,2023,قرار الهيئة لمعتمدية جندوبة__51__جندوبة.pdf,1wOF5X3NXRqkqGsu-kLxsnXdYFO0gPclL
جندوبة,جندوبه,الجريف يتقدم المها,مصطفي بحري,210,digits-wrong,20,مايتان وعشره,2023,قرار الهيئة لمعتمدية جندوبة__51__جندوبة.pdf,1wOF5X3NXRqkqGsu-kLxsnXdYFO0gPclL
جندوبة,جندوبه,الجريف يتقدم المها,مراد النغموثي,94,digits-wrong,014,اربعه وتسعون,2023,قرار الهيئة لمعتمدية جندوبة__51__جندوبة.pdf,1wOF5X3NXRqkqGsu-kLxsnXdYFO0gPclL
جندوبة,جندوبه,الزغاديه؛ تصرح البييه العليا,معز عبيدي,500,digits-wrong,0,خمسمايه,2023,قرار الهيئة لمعتمدية جندوبة__51__جندوبة.pdf,1wOF5X3NXRqkqGsu-kLxsnXdYFO0gPclL
جندوبة,جندوبه,الزغاديه؛ تصرح البييه العليا,سمير الدريدي,145,digits-wrong,5,مايه وخمسه واربعون,2023,قرار الهيئة لمعتمدية جندوبة__51__جندوبة.pdf,1wOF5X3NXRqkqGsu-kLxsnXdYFO0gPclL
جندوبة,جندوبه,الزغاديه؛ تصرح البييه العليا,علي عيادي سقه وضبعون,6,digits-only,6,,2023,قرار الهيئة لمعتمدية جندوبة__51__جندوبة.pdf,1wOF5X3NXRqkqGsu-kLxsnXdYFO0gPclL
جندوبة,جندوبه,الزغاديه؛ تصرح البييه العليا,صلاح عيادي,121,agree,0121,مايه وواحد وعشرون,2023,قرار الهيئة لمعتمدية جندوبة__51__جندوبة.pdf,1wOF5X3NXRqkqGsu-kLxsnXdYFO0gPclL
جندوبة,جندوبه,الزغاديه؛ تصرح البييه العليا,حسن حناثشي,136,digits-wrong,6,مايه وسته وثلاثون,2023,قرار الهيئة لمعتمدية جندوبة__51__جندوبة.pdf,1wOF5X3NXRqkqGsu-kLxsnXdYFO0gPclL
جندوبة,جندوبه,السعاده - (جندويه),وحيد طرخاني,229,digits-wrong,239,مايتان وتسعه وعشرون,2023,قرار الهيئة لمعتمدية جندوبة__51__جندوبة.pdf,1wOF5X3NXRqkqGsu-kLxsnXdYFO0gPclL
جندوبة,جندوبه,العيثه - (جندوبه),شهير عبيدي,305,digits-wrong,5,ثلاثمايه وخمسه,2023,قرار الهيئة لمعتمدية جندوبة__51__جندوبة.pdf,1wOF5X3NXRqkqGsu-kLxsnXdYFO0gPclL
جندوبة,جندوبه,الملقي,مهدي المعروني,164,digits-wrong,14,مايه واربعه وستون,2023,قرار الهيئة لمعتمدية جندوبة__51__جندوبة.pdf,1wOF5X3NXRqkqGsu-kLxsnXdYFO0gPclL
جندوبة,جندوبه,النور- (جندوبه)»,حسن عبيدي,369,agree,369,ثلاثمايه وتسعه وستون,2023,قرار الهيئة لمعتمدية جندوبة__51__جندوبة.pdf,1wOF5X3NXRqkqGsu-kLxsnXdYFO0gPclL
جندوبة,جندوبه,النور- (جندوبه)»,مكرم جبالي,224,agree,224,مايتان واربعه وعشرون,2023,قرار الهيئة لمعتمدية جندوبة__51__جندوبة.pdf,1wOF5X3NXRqkqGsu-kLxsnXdYFO0gPclL
جندوبة,جندوبه,النور- (جندوبه)»,المولدي بحري,54,agree,54,اربعه وخمسون,2023,قرار الهيئة لمعتمدية جندوبة__51__جندوبة.pdf,1wOF5X3NXRqkqGsu-kLxsnXdYFO0gPclL
جندوبة,جندوبه,النور- (جندوبه)»,محمدضافر مسعدي,75,agree,75,خمسه وسبعون,2023,قرار الهيئة لمعتمدية جندوبة__51__جندوبة.pdf,1wOF5X3NXRqkqGsu-kLxsnXdYFO0gPclL
جندوبة,جندوبه,جندوبه,اميره عيادي,109,digits-wrong,20109,مايه وتسعه,2023,قرار الهيئة لمعتمدية جندوبة__51__جندوبة.pdf,1wOF5X3NXRqkqGsu-kLxsnXdYFO0gPclL
جندوبة,جندوبه,جندوبه,منيه الغنجاتي,120,digits-wrong,0,مايه وعشرون,2023,قرار الهيئة لمعتمدية جندوبة__51__جندوبة.pdf,1wOF5X3NXRqkqGsu-kLxsnXdYFO0gPclL
جندوبة,جندوبه,جندوبه,محمدشكري مديوني,422,digits-wrong,2,اربعمايه واثنان وعشرون,2023,قرار الهيئة لمعتمدية جندوبة__51__جندوبة.pdf,1wOF5X3NXRqkqGsu-kLxsnXdYFO0gPclL
جندوبة,جندوبه,"سوق السبت, تصرح",احمد عبيدي,367,digits-wrong,7,ثلاثمايه وسبعه وستون,2023,قرار الهيئة لمعتمدية جندوبة__51__جندوبة.pdf,1wOF5X3NXRqkqGsu-kLxsnXdYFO0gPclL
جندوبة,جندوبه,"سوق السبت, تصرح",هشام غربي,129,digits-wrong,19,مايه وتسعه وعشرون,2023,قرار الهيئة لمعتمدية جندوبة__51__جندوبة.pdf,1wOF5X3NXRqkqGsu-kLxsnXdYFO0gPclL
جندوبة,جندوبه,عين كريمه يتقدم الها,ثامر مديوني,107,digits-wrong,07,مايه وسبعه,2023,قرار الهيئة لمعتمدية جندوبة__51__جندوبة.pdf,1wOF5X3NXRqkqGsu-kLxsnXdYFO0gPclL
جندوبة,جندوبه,عين كريمه يتقدم الها,حمه عبيدي,177,digits-wrong,901220077,مايه وسبعه وسبعون,2023,قرار الهيئة لمعتمدية جندوبة__51__جندوبة.pdf,1wOF5X3NXRqkqGsu-kLxsnXdYFO0gPclL
جندوبة,جندوبه,عين كريمه يتقدم الها,عادل مديوني,154,digits-wrong,14,مايه واربعه وخمسون,2023,قرار الهيئة لمعتمدية جندوبة__51__جندوبة.pdf,1wOF5X3NXRqkqGsu-kLxsnXdYFO0gPclL
جندوبة,جندوبه,عين كريمه يتقدم الها,عبدالرزاق مديوني مايه وثلايه,10,digits-wrong,3,عشر,2023,قرار الهيئة لمعتمدية جندوبة__51__جندوبة.pdf,1wOF5X3NXRqkqGsu-kLxsnXdYFO0gPclL
جندوبة,جندوبه,"معله, تصرح البييه",بلقاسم العبيدي,152,digits-wrong,12,مايه واثنان وخمسون,2023,قرار الهيئة لمعتمدية جندوبة__51__جندوبة.pdf,1wOF5X3NXRqkqGsu-kLxsnXdYFO0gPclL
جندوبة,جندوبه,"معله, تصرح البييه",ليلي خماني,31,digits-wrong,1,واحد وثلاثون,2023,قرار الهيئة لمعتمدية جندوبة__51__جندوبة.pdf,1wOF5X3NXRqkqGsu-kLxsnXdYFO0gPclL
جندوبة,عين دراهم,التباينيه,يسري ابن عمر,132,agree,132,مايه واثنان وثلاثون,2023,قرار الهيئة لمعتمدية عين دراهم__55__جندوبة.pdf,10G3EU-QKbOYbENi7kBJyVXhUvGUuLKuB
جندوبة,عين دراهم,التباينيه,حسان عامري,159,agree,159,مايه وتسعه وخمسون,2023,قرار الهيئة لمعتمدية عين دراهم__55__جندوبة.pdf,10G3EU-QKbOYbENi7kBJyVXhUvGUuLKuB
جندوبة,عين دراهم,الحمرانء تصرح,علي عصيدي,63,agree,63,ثلاثه وستون,2023,قرار الهيئة لمعتمدية عين دراهم__55__جندوبة.pdf,10G3EU-QKbOYbENi7kBJyVXhUvGUuLKuB
جندوبة,عين دراهم,الحمرانء تصرح,سامي بوكاري,147,digits-wrong,117,مايه وسبعه واربعون,2023,قرار الهيئة لمعتمدية عين دراهم__55__جندوبة.pdf,10G3EU-QKbOYbENi7kBJyVXhUvGUuLKuB
جندوبة,عين دراهم,الخمايريه» تصرح,حسونه بلعيدي,197,digits-wrong,157,مايه وسبعه وتسعون,2023,قرار الهيئة لمعتمدية عين دراهم__55__جندوبة.pdf,10G3EU-QKbOYbENi7kBJyVXhUvGUuLKuB
جندوبة,عين دراهم,الخمايريه» تصرح,زياد البلعيدي,389,digits-wrong,369,ثلاثمايه وتسعه وثمانون,2023,قرار الهيئة لمعتمدية عين دراهم__55__جندوبة.pdf,10G3EU-QKbOYbENi7kBJyVXhUvGUuLKuB
جندوبة,عين دراهم,العطاطفه,طارق غويبي,199,digits-wrong,109,مايه وتسعه وتسعون,2023,قرار الهيئة لمعتمدية عين دراهم__55__جندوبة.pdf,10G3EU-QKbOYbENi7kBJyVXhUvGUuLKuB
جندوبة,عين دراهم,"العطاطفه, تصرح",بج جه )_ ب ب واج يل]ي6/ا/7ا22لي ا,55,digits-only,55,,2023,قرار الهيئة لمعتمدية عين دراهم__55__جندوبة.pdf,10G3EU-QKbOYbENi7kBJyVXhUvGUuLKuB
جندوبة,عين دراهم,"العطاطفه, تصرح",مختار زغدودي,241,digits-wrong,211,مايتان وواحد واربعون,2023,قرار الهيئة لمعتمدية عين دراهم__55__جندوبة.pdf,10G3EU-QKbOYbENi7kBJyVXhUvGUuLKuB
جندوبة,عين دراهم,"اولاد سدره, تصرح البييه",شاكر بشيني,308,agree,308,ثلاثمايه وثمانيه,2023,قرار الهيئة لمعتمدية عين دراهم__55__جندوبة.pdf,10G3EU-QKbOYbENi7kBJyVXhUvGUuLKuB
جندوبة,عين دراهم,"اولاد سدره, تصرح البييه",احمد سالمي,195,agree,195,مايه وخمسه وتسعون,2023,قرار الهيئة لمعتمدية عين دراهم__55__جندوبة.pdf,10G3EU-QKbOYbENi7kBJyVXhUvGUuLKuB
جندوبة,عين دراهم,"تاقمه, تصرح البييه",فتي سلطاني,277,agree,277,مايتان وسبعه وسبعون,2023,قرار الهيئة لمعتمدية عين دراهم__55__جندوبة.pdf,10G3EU-QKbOYbENi7kBJyVXhUvGUuLKuB
جندوبة,عين دراهم,"تاقمه, تصرح البييه",بوجمعه ضيفلي,183,digits-wrong,103,مايه وثلاثه وثمانون,2023,قرار الهيئة لمعتمدية عين دراهم__55__جندوبة.pdf,10G3EU-QKbOYbENi7kBJyVXhUvGUuLKuB
جندوبة,عين دراهم,,عبدالكريم محيضي مايثتان,36,digits-wrong,236,وسته وثلاثون,2023,قرار الهيئة لمعتمدية عين دراهم__55__جندوبة.pdf,10G3EU-QKbOYbENi7kBJyVXhUvGUuLKuB
جندوبة,عين دراهم,عين دراهم المدينه,عمر عزيزي مايتان وسبعه وعشرون 22/7,52000118,digits-only,52000118,,2023,قرار الهيئة لمعتمدية عين دراهم__55__جندوبة.pdf,10G3EU-QKbOYbENi7kBJyVXhUvGUuLKuB
جندوبة,عين دراهم,عين دراهم المدينه,صلاح الدين عميري,281,digits-wrong,261,مايتان وواحد وثمانون,2023,قرار الهيئة لمعتمدية عين دراهم__55__جندوبة.pdf,10G3EU-QKbOYbENi7kBJyVXhUvGUuLKuB
جندوبة,عين دراهم,عين دراهم المدينه,سمير بولاهمي,359,agree,359,ثلاثمايه وتسعه وخمسون,2023,قرار الهيئة لمعتمدية عين دراهم__55__جندوبة.pdf,10G3EU-QKbOYbENi7kBJyVXhUvGUuLKuB
جندوبة,عين دراهم,عين سلام؛ تصرح,سمير عامري,35,agree,35,خمسه وثلاثون,2023,قرار الهيئة لمعتمدية عين دراهم__55__جندوبة.pdf,10G3EU-QKbOYbENi7kBJyVXhUvGUuLKuB
جندوبة,عين دراهم,عين سلام؛ تصرح,سعاد بني عمر,51,agree,51,واحد وخمسون,2023,قرار الهيئة لمعتمدية عين دراهم__55__جندوبة.pdf,10G3EU-QKbOYbENi7kBJyVXhUvGUuLKuB
جندوبة,عين دراهم,وادي الزانء تصرح البييه,منذر دبومسي,65,agree,65,خمسه وستون,2023,قرار الهيئة لمعتمدية عين دراهم__55__جندوبة.pdf,10G3EU-QKbOYbENi7kBJyVXhUvGUuLKuB
جندوبة,عين دراهم,وادي الزانء تصرح البييه,مبروك دبومي,46,agree,46,سته واربعون,2023,قرار الهيئة لمعتمدية عين دراهم__55__جندوبة.pdf,10G3EU-QKbOYbENi7kBJyVXhUvGUuLKuB
جندوبة,وادي مليز,"الدخايليه, تصرح",صابر مزريقي,373,agree,373,ثلاثمايه وثلاثه وسبعون,2023,قرار الهيئة لمعتمدية وادي مليز__57__جندوبة.pdf,1SCWiOF7FWwGdOp1nJBN9p62dghM9ZWQu
جندوبة,وادي مليز,"الدخايليه, تصرح",نورالدين الدخيلي,91,digits-wrong,51,واحد وتسعون,2023,قرار الهيئة لمعتمدية وادي مليز__57__جندوبة.pdf,1SCWiOF7FWwGdOp1nJBN9p62dghM9ZWQu
جندوبة,وادي مليز,"الدخايليه, تصرح",اكرم الدخيلي,39,agree,39,تسعه وثلاثون,2023,قرار الهيئة لمعتمدية وادي مليز__57__جندوبة.pdf,1SCWiOF7FWwGdOp1nJBN9p62dghM9ZWQu
جندوبة,وادي مليز,"الدخايليه, تصرح",فيصل الدخيلي,79,agree,79,تسعه وسبعون,2023,قرار الهيئة لمعتمدية وادي مليز__57__جندوبة.pdf,1SCWiOF7FWwGdOp1nJBN9p62dghM9ZWQu
جندوبة,وادي مليز,حكيم الجنوبيه,محمدالصالح المقادمي,244,digits-wrong,2044,مايتان واربعه واربعون,2023,قرار الهيئة لمعتمدية وادي مليز__57__جندوبة.pdf,1SCWiOF7FWwGdOp1nJBN9p62dghM9ZWQu
جندوبة,وادي مليز,حكيم الجنوبيه,لنور العبيدي,201,agree,201,مايتان وواحد,2023,قرار الهيئة لمعتمدية وادي مليز__57__جندوبة.pdf,1SCWiOF7FWwGdOp1nJBN9p62dghM9ZWQu
جندوبة,وادي مليز,حكيم الجنوبيه,لطفي العبيدي,92,digits-wrong,52,اثنان وتسعون,2023,قرار الهيئة لمعتمدية وادي مليز__57__جندوبة.pdf,1SCWiOF7FWwGdOp1nJBN9p62dghM9ZWQu
جندوبة,وادي مليز,حكيم الشماليه,محمدعلي اينوبلي,127,digits-wrong,177,مايه وسبعه وعشرون,2023,قرار الهيئة لمعتمدية وادي مليز__57__جندوبة.pdf,1SCWiOF7FWwGdOp1nJBN9p62dghM9ZWQu
جندوبة,وادي مليز,وادي مليز الشرقيه,محمد لطفي مناعي,334,agree,334,ثلاثمايه واربعه وثلاثون,2023,قرار الهيئة لمعتمدية وادي مليز__57__جندوبة.pdf,1SCWiOF7FWwGdOp1nJBN9p62dghM9ZWQu
جندوبة,وادي مليز,وادي مليز الشرقيه,عبدالغني مزريقي,202,agree,202,مايتان واثنان,2023,قرار الهيئة لمعتمدية وادي مليز__57__جندوبة.pdf,1SCWiOF7FWwGdOp1nJBN9p62dghM9ZWQu
جندوبة,وادي مليز,وادي مليز الشرقيه,محمدالحبيب معزاوي ماثتان,58,digits-wrong,258,وثمانيه وخمسون,2023,قرار الهيئة لمعتمدية وادي مليز__57__جندوبة.pdf,1SCWiOF7FWwGdOp1nJBN9p62dghM9ZWQu
جندوبة,وادي مليز,وادي مليز الشرقيه,كمال الورغي,153,agree,153,مايه وثلاثه وخمسون,2023,قرار الهيئة لمعتمدية وادي مليز__57__جندوبة.pdf,1SCWiOF7FWwGdOp1nJBN9p62dghM9ZWQu
زغوان,الزريبه,الجوف الشرقيه يتقدم,عبدالواحد قاسم,92,digits-wrong,52,اثنان وتسعون,2023,قرار الهيئة لمعتمدية الزريبة__124__زغوان.PDF,1ISKBWGv0kRUFnQgSINORyJ_3PHUZvAEc
زغوان,الزريبه,الجوف الشرقيه يتقدم,كمال ضبو,372,agree,372,ثلاثمايه واثنان وسبعون,2023,قرار الهيئة لمعتمدية الزريبة__124__زغوان.PDF,1ISKBWGv0kRUFnQgSINORyJ_3PHUZvAEc
زغوان,الزريبه,الجوف الشرقيه يتقدم,محمد علي البحري,319,digits-wrong,309,ثلاثمايه وتسعه عشر,2023,قرار الهيئة لمعتمدية الزريبة__124__زغوان.PDF,1ISKBWGv0kRUFnQgSINORyJ_3PHUZvAEc
زغوان,الزريبه,الجوف الشرقيه يتقدم,هيثم الخماريه,101,agree,101,مايه وواحد,2023,قرار الهيئة لمعتمدية الزريبة__124__زغوان.PDF,1ISKBWGv0kRUFnQgSINORyJ_3PHUZvAEc
زغوان,الزريبه,الجوف الشرقيه يتقدم,محمد صقر,63,agree,63,ثلاثه وستون,2023,قرار الهيئة لمعتمدية الزريبة__124__زغوان.PDF,1ISKBWGv0kRUFnQgSINORyJ_3PHUZvAEc
زغوان,الزريبه,الجوف الغربيه يتقدم,ريم عماره ماثه وقصعه وسبعوه,179,digits-only,179,,2023,قرار الهيئة لمعتمدية الزريبة__124__زغوان.PDF,1ISKBWGv0kRUFnQgSINORyJ_3PHUZvAEc
زغوان,الزريبه,الجوف الغربيه يتقدم,فوزي العجيلي,165,agree,165,مايه وخمسه وستون,2023,قرار الهيئة لمعتمدية الزريبة__124__زغوان.PDF,1ISKBWGv0kRUFnQgSINORyJ_3PHUZvAEc
زغوان,الزريبه,الجوف الغربيه يتقدم,عزوز بن المبروك,295,digits-wrong,255,مايتان وخمسه وتسعون,2023,قرار الهيئة لمعتمدية الزريبة__124__زغوان.PDF,1ISKBWGv0kRUFnQgSINORyJ_3PHUZvAEc
زغوان,الزريبه,الجوف الغربيه يتقدم,الحسين بن عمر مافه,8,digits-wrong,108,وثمانيه,2023,قرار الهيئة لمعتمدية الزريبة__124__زغوان.PDF,1ISKBWGv0kRUFnQgSINORyJ_3PHUZvAEc
زغوان,الزريبه,الزريبه الحمام,ياسر بالنوري ناتتان وتهانوه,250,digits-only,250,,2023,قرار الهيئة لمعتمدية الزريبة__124__زغوان.PDF,1ISKBWGv0kRUFnQgSINORyJ_3PHUZvAEc
زغوان,الزريبه,الزريبه الحمام,علي بن سعدالله,123,agree,123,مايه وثلاثه وعشرون,2023,قرار الهيئة لمعتمدية الزريبة__124__زغوان.PDF,1ISKBWGv0kRUFnQgSINORyJ_3PHUZvAEc
زغوان,الزريبه,الزريبه الحمام,ابتسام مبارك,262,agree,262,مايتان واثنان وستون,2023,قرار الهيئة لمعتمدية الزريبة__124__زغوان.PDF,1ISKBWGv0kRUFnQgSINORyJ_3PHUZvAEc
زغوان,الزريبه,"الزريبه القربه, تصرح",عبدالمجيد خضر2,397,digits-wrong,367,ثلاثمايه وسبعه وتسعون,2023,قرار الهيئة لمعتمدية الزريبة__124__زغوان.PDF,1ISKBWGv0kRUFnQgSINORyJ_3PHUZvAEc
زغوان,الزريبه,"الزريبه القربه, تصرح",رشيد بن ضو,72,agree,72,اثنان وسبعون,2023,قرار الهيئة لمعتمدية الزريبة__124__زغوان.PDF,1ISKBWGv0kRUFnQgSINORyJ_3PHUZvAEc
زغوان,الزريبه,"الزريبه القربه, تصرح",اسكندر غرس الله,61,agree,61,واحدوستون,2023,قرار الهيئة لمعتمدية الزريبة__124__زغوان.PDF,1ISKBWGv0kRUFnQgSINORyJ_3PHUZvAEc
زغوان,الزريبه,"بوعشير, تصرح البييه",المنذر الشايب خمسمايه وخمسه 505 9[,100,digits-only,100,,2023,قرار الهيئة لمعتمدية الزريبة__124__زغوان.PDF,1ISKBWGv0kRUFnQgSINORyJ_3PHUZvAEc
زغوان,الزريبه,جرادو - (الزريبه),بسمه الطرابلسي,55,agree,55,خمسه وخمسون,2023,قرار الهيئة لمعتمدية الزريبة__124__زغوان.PDF,1ISKBWGv0kRUFnQgSINORyJ_3PHUZvAEc
زغوان,الزريبه,جرادو - (الزريبه),غازي الزواري,224,agree,224,مايتان واربعه وعشرون,2023,قرار الهيئة لمعتمدية الزريبة__124__زغوان.PDF,1ISKBWGv0kRUFnQgSINORyJ_3PHUZvAEc
زغوان,الزريبه,عين الباطريه يتقدم,محمد بن الحاج سالم,400,agree,400,اربعمايه,2023,قرار الهيئة لمعتمدية الزريبة__124__زغوان.PDF,1ISKBWGv0kRUFnQgSINORyJ_3PHUZvAEc
زغوان,الزريبه,عين الباطريه يتقدم,سالم بوزيان,339,digits-wrong,2339,ثلاثمايه وتسعه وثلاثون,2023,قرار الهيئة لمعتمدية الزريبة__124__زغوان.PDF,1ISKBWGv0kRUFnQgSINORyJ_3PHUZvAEc
زغوان,الزريبه,عين الباطريه يتقدم,خالد الرياحي قسعهه,70,digits-wrong,79,وسبعون,2023,قرار الهيئة لمعتمدية الزريبة__124__زغوان.PDF,1ISKBWGv0kRUFnQgSINORyJ_3PHUZvAEc
زغوان,الفحص,احوازالفحص يتقدم,محمدرياض التواتي,373,digits-wrong,33,ثلاثمايه وثلاثه وسبعون,2023,قرار الهيئة لمعتمدية الفحص__122__زغوان.PDF,11vXM-VAzv7QVSvHW0YbDRKxi1RmGgNew
زغوان,الفحص,احوازالفحص يتقدم,عاطف بن عزوز,274,digits-wrong,2714,مايتان واربعه وسبعون,2023,قرار الهيئة لمعتمدية الفحص__122__زغوان.PDF,11vXM-VAzv7QVSvHW0YbDRKxi1RmGgNew
زغوان,الفحص,احوازالفحص يتقدم,كوثر رزاق,78,agree,78,ثمانيه وسبعون,2023,قرار الهيئة لمعتمدية الفحص__122__زغوان.PDF,11vXM-VAzv7QVSvHW0YbDRKxi1RmGgNew
زغوان,الفحص,احوازالفحص يتقدم,ايمن الكيلاني,308,agree,308,ثلاثمايه وثمانيه,2023,قرار الهيئة لمعتمدية الفحص__122__زغوان.PDF,11vXM-VAzv7QVSvHW0YbDRKxi1RmGgNew
زغوان,الفحص,احوازالفحص يتقدم,توبيه الرنا,195,digits-wrong,1535,مايه وخمسه وتسعون,2023,قرار الهيئة لمعتمدية الفحص__122__زغوان.PDF,11vXM-VAzv7QVSvHW0YbDRKxi1RmGgNew
زغوان,الفحص,الدروع يتقدم الها,جمال الجنحاني,157,agree,157,مايه وسبعه وخمسون,2023,قرار الهيئة لمعتمدية الفحص__122__زغوان.PDF,11vXM-VAzv7QVSvHW0YbDRKxi1RmGgNew
زغوان,الفحص,الدروع يتقدم الها,معز بن مخلوف,204,agree,204,مايتان واربعه,2023,قرار الهيئة لمعتمدية الفحص__122__زغوان.PDF,11vXM-VAzv7QVSvHW0YbDRKxi1RmGgNew
زغوان,الفحص,الدروع يتقدم الها,صافي الدين الاعماري,114,agree,114,مايه واربعه عشر,2023,قرار الهيئة لمعتمدية الفحص__122__زغوان.PDF,11vXM-VAzv7QVSvHW0YbDRKxi1RmGgNew
زغوان,الفحص,الدروع يتقدم الها,فيصل شباح,119,agree,119,مايه وتسعه عشر,2023,قرار الهيئة لمعتمدية الفحص__122__زغوان.PDF,11vXM-VAzv7QVSvHW0YbDRKxi1RmGgNew
زغوان,الفحص,العمايم الشماليه,اللقداد؛تضر هاقتان واتنان:وشعوث,262,digits-only,262,,2023,قرار الهيئة لمعتمدية الفحص__122__زغوان.PDF,11vXM-VAzv7QVSvHW0YbDRKxi1RmGgNew
زغوان,الفحص,العمايم الشماليه,محفوظ خلفه,150,digits-wrong,130,مايه وخمسون,2023,قرار الهيئة لمعتمدية الفحص__122__زغوان.PDF,11vXM-VAzv7QVSvHW0YbDRKxi1RmGgNew
زغوان,الفحص,"الغريفات, تصرح",عزالدين الرياحي,270,digits-wrong,20,مايتان وسبعون,2023,قرار الهيئة لمعتمدية الفحص__122__زغوان.PDF,11vXM-VAzv7QVSvHW0YbDRKxi1RmGgNew
زغوان,الفحص,"الغريفات, تصرح",نذير النايلي,99,agree,99,تسعه وتسعون,2023,قرار الهيئة لمعتمدية الفحص__122__زغوان.PDF,11vXM-VAzv7QVSvHW0YbDRKxi1RmGgNew
زغوان,الفحص,"الفحص, تصرح",صالح بن امبارك,206,agree,206,مايتان وسته,2023,قرار الهيئة لمعتمدية الفحص__122__زغوان.PDF,11vXM-VAzv7QVSvHW0YbDRKxi1RmGgNew
زغوان,الفحص,"الفحص, تصرح",هديل بنعبيد,54,agree,54,اربعه وخمسون,2023,قرار الهيئة لمعتمدية الفحص__122__زغوان.PDF,11vXM-VAzv7QVSvHW0YbDRKxi1RmGgNew
زغوان,الفحص,ام الابواب» تصرح,فخرالدين الشنوفي,57,agree,57,سبعه وخمسون,2023,قرار الهيئة لمعتمدية الفحص__122__زغوان.PDF,11vXM-VAzv7QVSvHW0YbDRKxi1RmGgNew
زغوان,الفحص,اولاد الزوابيء,عادل العرفاوي,95,agree,95,خمسه وتسعون,2023,قرار الهيئة لمعتمدية الفحص__122__زغوان.PDF,11vXM-VAzv7QVSvHW0YbDRKxi1RmGgNew
زغوان,الفحص,بنت سعيدان يتقدم,قيس بوفاس ماثه,90,digits-wrong,1520,وتسعون,2023,قرار الهيئة لمعتمدية الفحص__122__زغوان.PDF,11vXM-VAzv7QVSvHW0YbDRKxi1RmGgNew
زغوان,الفحص,بنت سعيدان يتقدم,عزوز الطيب,190,digits-wrong,1520,مايه وتسعون,2023,قرار الهيئة لمعتمدية الفحص__122__زغوان.PDF,11vXM-VAzv7QVSvHW0YbDRKxi1RmGgNew
زغوان,الفحص,"بيرمقره, تصرح البييه",انيس شوادحي,184,agree,184,مايه واربعه وثمانون,2023,قرار الهيئة لمعتمدية الفحص__122__زغوان.PDF,11vXM-VAzv7QVSvHW0YbDRKxi1RmGgNew
زغوان,الفحص,"بيرمقره, تصرح البييه",عبدالسلام بن الحفصي,138,agree,138,مايه وثمانيه وثلاثون,2023,قرار الهيئة لمعتمدية الفحص__122__زغوان.PDF,11vXM-VAzv7QVSvHW0YbDRKxi1RmGgNew
زغوان,الفحص,"بيرمقره, تصرح البييه",الخبيب الرباخي سبغه وععشرون,27,digits-only,27,,2023,قرار الهيئة لمعتمدية الفحص__122__زغوان.PDF,11vXM-VAzv7QVSvHW0YbDRKxi1RmGgNew
زغوان,الفحص,"بيرمقره, تصرح البييه",جمال الصالعي,199,digits-wrong,159,مايه وتسعه وتسعون,2023,قرار الهيئة لمعتمدية الفحص__122__زغوان.PDF,11vXM-VAzv7QVSvHW0YbDRKxi1RmGgNew
زغوان,الفحص,"بيرمقره, تصرح البييه",كريع عباتن ماقه ومتيحهوثلاكوق,137,digits-only,137,,2023,قرار الهيئة لمعتمدية الفحص__122__زغوان.PDF,11vXM-VAzv7QVSvHW0YbDRKxi1RmGgNew
زغوان,الفحص,"جوقار, تصرح البييه",وفاء بن فرحات,78,agree,78,ثمانيه وسبعون,2023,قرار الهيئة لمعتمدية الفحص__122__زغوان.PDF,11vXM-VAzv7QVSvHW0YbDRKxi1RmGgNew
زغوان,الفحص,"جوقار, تصرح البييه",خالد بن عليه مايتان وسبعه واربعون 7ا2,2059,digits-only,2059,,2023,قرار الهيئة لمعتمدية الفحص__122__زغوان.PDF,11vXM-VAzv7QVSvHW0YbDRKxi1RmGgNew
زغوان,الفحص,"جوقار, تصرح البييه",الفرحاني الشيحاوي,130,digits-wrong,1320,مايه وثلاثون,2023,قرار الهيئة لمعتمدية الفحص__122__زغوان.PDF,11vXM-VAzv7QVSvHW0YbDRKxi1RmGgNew
زغوان,الفحص,وادي الخضراءي,عزالدين العبدلي,169,agree,169,مايه وتسعه وستون,2023,قرار الهيئة لمعتمدية الفحص__122__زغوان.PDF,11vXM-VAzv7QVSvHW0YbDRKxi1RmGgNew
زغوان,الفحص,وادي الخضراءي,شمس الدين سعاده,25,agree,25,خمسه وعشرون,2023,قرار الهيئة لمعتمدية الفحص__122__زغوان.PDF,11vXM-VAzv7QVSvHW0YbDRKxi1RmGgNew
زغوان,الفحص,احواز الفحص يتقدم,محمدرياض التواتي,373,digits-wrong,313,ثلاثمايه وثلاثه وسبعون,2023,قرار الهيئة لمعتمدية الفحص__122__زغوان.PDF,11vXM-VAzv7QVSvHW0YbDRKxi1RmGgNew
زغوان,الفحص,احواز الفحص يتقدم,عاطف بن عزوز,274,agree,274,مايتان واربعه وسبعون,2023,قرار الهيئة لمعتمدية الفحص__122__زغوان.PDF,11vXM-VAzv7QVSvHW0YbDRKxi1RmGgNew
زغوان,الفحص,احواز الفحص يتقدم,كوثر رزاق,78,agree,78,ثمانيه وسبعون,2023,قرار الهيئة لمعتمدية الفحص__122__زغوان.PDF,11vXM-VAzv7QVSvHW0YbDRKxi1RmGgNew
زغوان,الفحص,احواز الفحص يتقدم,ايمن الكيلاني,308,digits-wrong,2308,ثلاثمايه وثمانيه,2023,قرار الهيئة لمعتمدية الفحص__122__زغوان.PDF,11vXM-VAzv7QVSvHW0YbDRKxi1RmGgNew
زغوان,الفحص,الدروع يتقدم الها,جمال الجنحاني,157,agree,157,مايه وسبعه وخمسون,2023,قرار الهيئة لمعتمدية الفحص__122__زغوان.PDF,11vXM-VAzv7QVSvHW0YbDRKxi1RmGgNew
زغوان,الفحص,الدروع يتقدم الها,سلاف بن اسماعيل,150,agree,150,مايه وخمسون,2023,قرار الهيئة لمعتمدية الفحص__122__زغوان.PDF,11vXM-VAzv7QVSvHW0YbDRKxi1RmGgNew
زغوان,الفحص,الدروع يتقدم الها,معز بن مخلوف,204,agree,204,مايتان واربعه,2023,قرار الهيئة لمعتمدية الفحص__122__زغوان.PDF,11vXM-VAzv7QVSvHW0YbDRKxi1RmGgNew
زغوان,الفحص,الدروع يتقدم الها,فيصل شباح,119,agree,119,مايه وتسعه عشر,2023,قرار الهيئة لمعتمدية الفحص__122__زغوان.PDF,11vXM-VAzv7QVSvHW0YbDRKxi1RmGgNew
زغوان,الفحص,"العمايم الشماليه, تصرح",اللقنذاد. قر هاتقان:واثثاق وسنقوق,262,digits-only,262,,2023,قرار الهيئة لمعتمدية الفحص__122__زغوان.PDF,11vXM-VAzv7QVSvHW0YbDRKxi1RmGgNew
زغوان,الفحص,"العمايم الشماليه, تصرح",محفوظ خلفه,150,agree,150,مايه وخمسون,2023,قرار الهيئة لمعتمدية الفحص__122__زغوان.PDF,11vXM-VAzv7QVSvHW0YbDRKxi1RmGgNew
زغوان,الفحص,"الغريفات, تصرح",عزالدين الرياحي,270,agree,270,مايتان وسبعون,2023,قرار الهيئة لمعتمدية الفحص__122__زغوان.PDF,11vXM-VAzv7QVSvHW0YbDRKxi1RmGgNew
زغوان,الفحص,"الفحص, تصرح",صالح بن امبارك,206,agree,206,مايتان وسته,2023,قرار الهيئة لمعتمدية الفحص__122__زغوان.PDF,11vXM-VAzv7QVSvHW0YbDRKxi1RmGgNew
زغوان,الفحص,"الفحص, تصرح",نادر النفاتي,115,agree,115,مايه وخمسه عشر,2023,قرار الهيئة لمعتمدية الفحص__122__زغوان.PDF,11vXM-VAzv7QVSvHW0YbDRKxi1RmGgNew
زغوان,الفحص,"الفحص, تصرح",هديل بنعبيد,54,agree,54,اربعه وخمسون,2023,قرار الهيئة لمعتمدية الفحص__122__زغوان.PDF,11vXM-VAzv7QVSvHW0YbDRKxi1RmGgNew
زغوان,الفحص,"ام الابواب, تصرح",رفيق الشنوني,206,agree,206,مايتان وسته,2023,قرار الهيئة لمعتمدية الفحص__122__زغوان.PDF,11vXM-VAzv7QVSvHW0YbDRKxi1RmGgNew
زغوان,الفحص,"ام الابواب, تصرح",فخرالدين الشنوفي ‏,57,agree,57,سبعه وخمسون,2023,قرار الهيئة لمعتمدية الفحص__122__زغوان.PDF,11vXM-VAzv7QVSvHW0YbDRKxi1RmGgNew
زغوان,الفحص,اولاد الزوابي,عادل العرفاوي-,95,agree,95,خمسه وتسعون,2023,قرار الهيئة لمعتمدية الفحص__122__زغوان.PDF,11vXM-VAzv7QVSvHW0YbDRKxi1RmGgNew
زغوان,الفحص,بنت سعيدان يتقدم,قيس بوفاس,190,digits-wrong,1520,مايه وتسعون,2023,قرار الهيئة لمعتمدية الفحص__122__زغوان.PDF,11vXM-VAzv7QVSvHW0YbDRKxi1RmGgNew
زغوان,الفحص,بنت سعيدان يتقدم,عزوز الطيب,190,digits-wrong,1520,مايه وتسعون,2023,قرار الهيئة لمعتمدية الفحص__122__زغوان.PDF,11vXM-VAzv7QVSvHW0YbDRKxi1RmGgNew
زغوان,الفحص,"بيرمقره, تصرح البييه",انيس شوادحي,184,agree,184,مايه واربعه وثمانون,2023,قرار الهيئة لمعتمدية الفحص__122__زغوان.PDF,11vXM-VAzv7QVSvHW0YbDRKxi1RmGgNew
زغوان,الفحص,"بيرمقره, تصرح البييه",عبدالسلام بن الحفصي,138,agree,138,مايه وثمانيه وثلاثون,2023,قرار الهيئة لمعتمدية الفحص__122__زغوان.PDF,11vXM-VAzv7QVSvHW0YbDRKxi1RmGgNew
زغوان,الفحص,"بيرمقره, تصرح البييه",نورالدين الشوادحي,24,agree,24,اربعه وعشرون,2023,قرار الهيئة لمعتمدية الفحص__122__زغوان.PDF,11vXM-VAzv7QVSvHW0YbDRKxi1RmGgNew
زغوان,الفحص,تليل الصالحيء تصرح,الحبيب الرياحي,27,agree,27,سبعه وعشرون,2023,قرار الهيئة لمعتمدية الفحص__122__زغوان.PDF,11vXM-VAzv7QVSvHW0YbDRKxi1RmGgNew
زغوان,الفحص,تليل الصالحيء تصرح,جمال الصالي,199,digits-wrong,0,مايه وتسعه وتسعون,2023,قرار الهيئة لمعتمدية الفحص__122__زغوان.PDF,11vXM-VAzv7QVSvHW0YbDRKxi1RmGgNew
زغوان,الفحص,تليل الصالحيء تصرح,كريم عباس,137,agree,137,مايه وسبعه وثلاثون,2023,قرار الهيئة لمعتمدية الفحص__122__زغوان.PDF,11vXM-VAzv7QVSvHW0YbDRKxi1RmGgNew
زغوان,الفحص,"جوقار, تصرح البييه",وفاء بن فرحات,78,agree,78,ثمانيه وسبعون,2023,قرار الهيئة لمعتمدية الفحص__122__زغوان.PDF,11vXM-VAzv7QVSvHW0YbDRKxi1RmGgNew
زغوان,الفحص,"جوقار, تصرح البييه",خالد بن عليه,247,digits-wrong,217,مايتان وسبعه واربعون,2023,قرار الهيئة لمعتمدية الفحص__122__زغوان.PDF,11vXM-VAzv7QVSvHW0YbDRKxi1RmGgNew
زغوان,الفحص,"جوقار, تصرح البييه",الفرحاني الشيحاوي,130,agree,130,مايه وثلاثون,2023,قرار الهيئة لمعتمدية الفحص__122__زغوان.PDF,11vXM-VAzv7QVSvHW0YbDRKxi1RmGgNew
زغوان,الفحص,وادي الخضراء,عزالدين العبدلي,169,agree,169,مايه وتسعه وستون,2023,قرار الهيئة لمعتمدية الفحص__122__زغوان.PDF,11vXM-VAzv7QVSvHW0YbDRKxi1RmGgNew
زغوان,الفحص,وادي الخضراء,شمس الدين سعاده,25,agree,25,خمسه وعشرون,2023,قرار الهيئة لمعتمدية الفحص__122__زغوان.PDF,11vXM-VAzv7QVSvHW0YbDRKxi1RmGgNew
زغوان,الناظور,الناظور - (الناظور),ايمن سالم ماتقاتوسقه,206,digits-only,206,,2023,قرار الهيئة لمعتمدية الناظور__120__زغوان.PDF,1N1GSHEIO9WEtWAjhEwAoSnrcnBOGtIMd
زغوان,الناظور,الناظور - (الناظور),عاطف بن مبروك,83,agree,83,ثلاثه وثمانون,2023,قرار الهيئة لمعتمدية الناظور__120__زغوان.PDF,1N1GSHEIO9WEtWAjhEwAoSnrcnBOGtIMd
زغوان,الناظور,الناظور - (الناظور),وسام بن مهذدب,230,agree,230,مايتان وثلاثون,2023,قرار الهيئة لمعتمدية الناظور__120__زغوان.PDF,1N1GSHEIO9WEtWAjhEwAoSnrcnBOGtIMd
زغوان,الناظور,الناظور - (الناظور),عدي كريم,322,digits-wrong,32,ثلاثمايه واثنان وعشرون,2023,قرار الهيئة لمعتمدية الناظور__120__زغوان.PDF,1N1GSHEIO9WEtWAjhEwAoSnrcnBOGtIMd
زغوان,الناظور,بيرالشاوش يتقدم الها,بلال بن علي,392,digits-wrong,2352,ثلاثمايه واثنان وتسعون,2023,قرار الهيئة لمعتمدية الناظور__120__زغوان.PDF,1N1GSHEIO9WEtWAjhEwAoSnrcnBOGtIMd
زغوان,الناظور,بيرالشاوش يتقدم الها,نبيل بن حسن,307,agree,307,ثلاثمايه وسبعه,2023,قرار الهيئة لمعتمدية الناظور__120__زغوان.PDF,1N1GSHEIO9WEtWAjhEwAoSnrcnBOGtIMd
زغوان,الناظور,بيرالشاوش يتقدم الها,تفسن جن يغبي,664,agree,664,ستمايه واربعه وستون,2023,قرار الهيئة لمعتمدية الناظور__120__زغوان.PDF,1N1GSHEIO9WEtWAjhEwAoSnrcnBOGtIMd
زغوان,الناظور,بيرالشاوش يتقدم الها,علي الواني,259,agree,259,مايتان وتسعه وخمسون,2023,قرار الهيئة لمعتمدية الناظور__120__زغوان.PDF,1N1GSHEIO9WEtWAjhEwAoSnrcnBOGtIMd
زغوان,الناظور,بيرالشاوش يتقدم الها,محمد العبيدي2,339,digits-wrong,3239,ثلاثمايه وتسعه وثلاثون,2023,قرار الهيئة لمعتمدية الناظور__120__زغوان.PDF,1N1GSHEIO9WEtWAjhEwAoSnrcnBOGtIMd
زغوان,الناظور,بيرالشاوش يتقدم الها,الفرجاني العزابي,302,agree,302,ثلاثمايه واثنان,2023,قرار الهيئة لمعتمدية الناظور__120__زغوان.PDF,1N1GSHEIO9WEtWAjhEwAoSnrcnBOGtIMd
زغوان,الناظور,سوغاس يتقدم الها,فتي بن عون,386,digits-wrong,366,ثلاثمايه وسته وثمانون,2023,قرار الهيئة لمعتمدية الناظور__120__زغوان.PDF,1N1GSHEIO9WEtWAjhEwAoSnrcnBOGtIMd
زغوان,الناظور,سوغاس يتقدم الها,منير الوافي,159,agree,159,مايه وتسعه وخمسون,2023,قرار الهيئة لمعتمدية الناظور__120__زغوان.PDF,1N1GSHEIO9WEtWAjhEwAoSnrcnBOGtIMd
زغوان,الناظور,صوارء تصرح البييه العليا,سمير بنعيش,116,agree,116,مايه وسته عشر,2023,قرار الهيئة لمعتمدية الناظور__120__زغوان.PDF,1N1GSHEIO9WEtWAjhEwAoSnrcnBOGtIMd
زغوان,الناظور,صوارء تصرح البييه العليا,بسام بن فرج,70,agree,70,سبعون,2023,قرار الهيئة لمعتمدية الناظور__120__زغوان.PDF,1N1GSHEIO9WEtWAjhEwAoSnrcnBOGtIMd
زغوان,الناظور,صوارء تصرح البييه العليا,مسعود العرفاوي,43,agree,43,ثلاثه واربعون,2023,قرار الهيئة لمعتمدية الناظور__120__زغوان.PDF,1N1GSHEIO9WEtWAjhEwAoSnrcnBOGtIMd
زغوان,الناظور,صوارء تصرح البييه العليا,بشير حمده,332,digits-wrong,532,ثلاثمايه واثنان وثلاثون,2023,قرار الهيئة لمعتمدية الناظور__120__زغوان.PDF,1N1GSHEIO9WEtWAjhEwAoSnrcnBOGtIMd
زغوان,الناظور,صوارء تصرح البييه العليا,علي بن بلقاسم,22,agree,22,اثنان وعشرون,2023,قرار الهيئة لمعتمدية الناظور__120__زغوان.PDF,1N1GSHEIO9WEtWAjhEwAoSnrcnBOGtIMd
زغوان,بير مشارقه,بوشه يتقدم الها,محمد بن العربي,96,agree,96,سته وتسعون,2023,قرار الهيئة لمعتمدية بئر مشارقة__123__زغوان.PDF,1fio4hlDdEQ5r9yvftEfS-VX6G_hgaKrM
زغوان,بير مشارقه,بوشه يتقدم الها,عمر الدريدي,28,agree,28,ثمانيه وعشرون,2023,قرار الهيئة لمعتمدية بئر مشارقة__123__زغوان.PDF,1fio4hlDdEQ5r9yvftEfS-VX6G_hgaKrM
زغوان,بير مشارقه,بوشه يتقدم الها,هشام بن نصر,80,agree,80,ثمانون,2023,قرار الهيئة لمعتمدية بئر مشارقة__123__زغوان.PDF,1fio4hlDdEQ5r9yvftEfS-VX6G_hgaKrM
زغوان,بير مشارقه,بوشه يتقدم الها,محسن عبيدالله,98,digits-wrong,58,ثمانيه وتسعون,2023,قرار الهيئة لمعتمدية بئر مشارقة__123__زغوان.PDF,1fio4hlDdEQ5r9yvftEfS-VX6G_hgaKrM
زغوان,بير مشارقه,"بيرمشارقه المحطه, تصرح",خالد الجلاصي,241,digits-wrong,211,مايتان وواحد واربعون,2023,قرار الهيئة لمعتمدية بئر مشارقة__123__زغوان.PDF,1fio4hlDdEQ5r9yvftEfS-VX6G_hgaKrM
زغوان,بير مشارقه,بثر مشارقه يتقدم,محمدالحبيب الحجري مايثتان,74,digits-wrong,214,واربعه وسبعون,2023,قرار الهيئة لمعتمدية بئر مشارقة__123__زغوان.PDF,1fio4hlDdEQ5r9yvftEfS-VX6G_hgaKrM
زغوان,بير مشارقه,بثر مشارقه يتقدم,سفيان حراث,103,agree,103,مايه وثلاثه,2023,قرار الهيئة لمعتمدية بئر مشارقة__123__زغوان.PDF,1fio4hlDdEQ5r9yvftEfS-VX6G_hgaKrM
زغوان,بير مشارقه,بثر مشارقه يتقدم,قيس بن قاسم,273,agree,273,مايتان وثلاثه وسبعون,2023,قرار الهيئة لمعتمدية بئر مشارقة__123__زغوان.PDF,1fio4hlDdEQ5r9yvftEfS-VX6G_hgaKrM
زغوان,بير مشارقه,جبل الوسط يتقدم,فاطمه الدريدي,47,agree,47,سبعه واربعون,2023,قرار الهيئة لمعتمدية بئر مشارقة__123__زغوان.PDF,1fio4hlDdEQ5r9yvftEfS-VX6G_hgaKrM
زغوان,بير مشارقه,جبل الوسط يتقدم,البادي الحبيبي,318,agree,318,ثلاثمايه وثمانيه عشر,2023,قرار الهيئة لمعتمدية بئر مشارقة__123__زغوان.PDF,1fio4hlDdEQ5r9yvftEfS-VX6G_hgaKrM
زغوان,بير مشارقه,جبل الوسط يتقدم,زياد بن الكنزاري,175,agree,175,مايه وخمسه وسبعون,2023,قرار الهيئة لمعتمدية بئر مشارقة__123__زغوان.PDF,1fio4hlDdEQ5r9yvftEfS-VX6G_hgaKrM
زغوان,بير مشارقه,جبل الوسط يتقدم,سفيان العجيلي,225,agree,225,مايتان وخمسه وعشرون,2023,قرار الهيئة لمعتمدية بئر مشارقة__123__زغوان.PDF,1fio4hlDdEQ5r9yvftEfS-VX6G_hgaKrM
زغوان,بير مشارقه,دلايل العروس»,الشادلي بن عمار,148,agree,148,مايه وثمانيه واربعون,2023,قرار الهيئة لمعتمدية بئر مشارقة__123__زغوان.PDF,1fio4hlDdEQ5r9yvftEfS-VX6G_hgaKrM
زغوان,بير مشارقه,دلايل العروس»,حمادي العياري,73,agree,73,ثلاثه وسبعون,2023,قرار الهيئة لمعتمدية بئر مشارقة__123__زغوان.PDF,1fio4hlDdEQ5r9yvftEfS-VX6G_hgaKrM
زغوان,بير مشارقه,"سمنجه, تصرح",سلاف عياريح هايكتان وثمانيه وسيعوت,278,digits-only,278,,2023,قرار الهيئة لمعتمدية بئر مشارقة__123__زغوان.PDF,1fio4hlDdEQ5r9yvftEfS-VX6G_hgaKrM
زغوان,بير مشارقه,"سمنجه, تصرح",منجي بالطالب,119,agree,119,مايه وتسعه عشر,2023,قرار الهيئة لمعتمدية بئر مشارقة__123__زغوان.PDF,1fio4hlDdEQ5r9yvftEfS-VX6G_hgaKrM
زغوان,بير مشارقه,"عين الصفصاف,",طارق مبروك مايكان وتسعه وثلاثكوث,239,digits-only,239,,2023,قرار الهيئة لمعتمدية بئر مشارقة__123__زغوان.PDF,1fio4hlDdEQ5r9yvftEfS-VX6G_hgaKrM
زغوان,بير مشارقه,"عين الصفصاف,",محمدعلي الروحاني,107,agree,107,مايه وسبعه,2023,قرار الهيئة لمعتمدية بئر مشارقة__123__زغوان.PDF,1fio4hlDdEQ5r9yvftEfS-VX6G_hgaKrM
زغوان,بير مشارقه,"عين عسكر, تصرح",توفيق العبامي ماثتان,10,digits-wrong,210,وعشره,2023,قرار الهيئة لمعتمدية بئر مشارقة__123__زغوان.PDF,1fio4hlDdEQ5r9yvftEfS-VX6G_hgaKrM
زغوان,زغوان,العيثه - (زغوان) يتقدم,حسان بن اللطيف,185,agree,185,مايه وخمسه وثمانون,2023,قرار الهيئة لمعتمدية زغوان__125__زغوان.PDF,1Yr-0N1mNp_hXWmbvEXex10ERuN6vLHp-
زغوان,زغوان,العيثه - (زغوان) يتقدم,حسام الجلاصي,27,agree,27,سبعه وعشرون,2023,قرار الهيئة لمعتمدية زغوان__125__زغوان.PDF,1Yr-0N1mNp_hXWmbvEXex10ERuN6vLHp-
زغوان,زغوان,العيثه - (زغوان) يتقدم,محمد البخاري,59,agree,59,تسعه وخمسون,2023,قرار الهيئة لمعتمدية زغوان__125__زغوان.PDF,1Yr-0N1mNp_hXWmbvEXex10ERuN6vLHp-
زغوان,زغوان,العيثه - (زغوان) يتقدم,اسكندر مريح,148,agree,148,مايه وثمانيه واربعون,2023,قرار الهيئة لمعتمدية زغوان__125__زغوان.PDF,1Yr-0N1mNp_hXWmbvEXex10ERuN6vLHp-
زغوان,زغوان,"بيرحليمه, تصرح البييه",خليفه النفاتي,519,agree,519,خمسمايه وتسعه عشر,2023,قرار الهيئة لمعتمدية زغوان__125__زغوان.PDF,1Yr-0N1mNp_hXWmbvEXex10ERuN6vLHp-
زغوان,زغوان,"بيرحليمه, تصرح البييه",سالم بوكيل,152,agree,152,مايه واثنان وخمسون,2023,قرار الهيئة لمعتمدية زغوان__125__زغوان.PDF,1Yr-0N1mNp_hXWmbvEXex10ERuN6vLHp-
زغوان,زغوان,"بيرحليمه, تصرح البييه",جمال الضيف,49,agree,49,تسعه واربعون,2023,قرار الهيئة لمعتمدية زغوان__125__زغوان.PDF,1Yr-0N1mNp_hXWmbvEXex10ERuN6vLHp-
زغوان,زغوان,جيمله,العابد بنمستوره,42,agree,42,اثنان واربعون,2023,قرار الهيئة لمعتمدية زغوان__125__زغوان.PDF,1Yr-0N1mNp_hXWmbvEXex10ERuN6vLHp-
زغوان,زغوان,زغوان الجنوبيه يتقدم,عاطف مرجان,196,digits-wrong,136,مايه وسته وتسعون,2023,قرار الهيئة لمعتمدية زغوان__125__زغوان.PDF,1Yr-0N1mNp_hXWmbvEXex10ERuN6vLHp-
زغوان,زغوان,زغوان الجنوبيه يتقدم,رامي توسه,128,agree,128,مايه وثمانيه وعشرون,2023,قرار الهيئة لمعتمدية زغوان__125__زغوان.PDF,1Yr-0N1mNp_hXWmbvEXex10ERuN6vLHp-
زغوان,زغوان,زغوان الجنوبيه يتقدم,احمد المبروك,237,agree,237,مايتان وسبعه وثلاثون,2023,قرار الهيئة لمعتمدية زغوان__125__زغوان.PDF,1Yr-0N1mNp_hXWmbvEXex10ERuN6vLHp-
زغوان,زغوان,زغوان الشماليه يتقدم,محمدكريم الممذبي,146,agree,146,مايه وسته واربعون,2023,قرار الهيئة لمعتمدية زغوان__125__زغوان.PDF,1Yr-0N1mNp_hXWmbvEXex10ERuN6vLHp-
زغوان,زغوان,زغوان الشماليه يتقدم,امير بوهاني,226,agree,226,مايتان وسته وعشرون,2023,قرار الهيئة لمعتمدية زغوان__125__زغوان.PDF,1Yr-0N1mNp_hXWmbvEXex10ERuN6vLHp-
زغوان,زغوان,زغوان الشماليه يتقدم,عبدالقادر النوي,181,digits-wrong,161,مايه وواحد وثمانون,2023,قرار الهيئة لمعتمدية زغوان__125__زغوان.PDF,1Yr-0N1mNp_hXWmbvEXex10ERuN6vLHp-
زغوان,زغوان,زغوان الشماليه يتقدم,هاجر بن حسشن,290,digits-wrong,2520,مايتان وتسعون,2023,قرار الهيئة لمعتمدية زغوان__125__زغوان.PDF,1Yr-0N1mNp_hXWmbvEXex10ERuN6vLHp-
زغوان,زغوان,زغوان الشماليه يتقدم,ال م ا ب,207,digits-only,207,,2023,قرار الهيئة لمعتمدية زغوان__125__زغوان.PDF,1Yr-0N1mNp_hXWmbvEXex10ERuN6vLHp-
زغوان,زغوان,زغوان المدينه يتقدم,حمدي العبامي,63,agree,63,ثلاثه وستون,2023,قرار الهيئة لمعتمدية زغوان__125__زغوان.PDF,1Yr-0N1mNp_hXWmbvEXex10ERuN6vLHp-
زغوان,زغوان,زغوان المدينه يتقدم,امال اللافي,170,digits-wrong,10,مايه وسبعون,2023,قرار الهيئة لمعتمدية زغوان__125__زغوان.PDF,1Yr-0N1mNp_hXWmbvEXex10ERuN6vLHp-
زغوان,زغوان,زغوان المدينه يتقدم,حمزه بن نصر,191,digits-wrong,151,مايه وواحد وتسعون,2023,قرار الهيئة لمعتمدية زغوان__125__زغوان.PDF,1Yr-0N1mNp_hXWmbvEXex10ERuN6vLHp-
زغوان,زغوان,مقرن,الشادلي الحماص,274,agree,274,مايتان واربعه وسبعون,2023,قرار الهيئة لمعتمدية زغوان__125__زغوان.PDF,1Yr-0N1mNp_hXWmbvEXex10ERuN6vLHp-
زغوان,زغوان,مقرن,وليد شابي,750,agree,750,سبعمايه وخمسون,2023,قرار الهيئة لمعتمدية زغوان__125__زغوان.PDF,1Yr-0N1mNp_hXWmbvEXex10ERuN6vLHp-
زغوان,زغوان,وادي الرمل - (زغوان),محمد الاشبب,208,agree,208,مايتان وثمانيه,2023,قرار الهيئة لمعتمدية زغوان__125__زغوان.PDF,1Yr-0N1mNp_hXWmbvEXex10ERuN6vLHp-
زغوان,زغوان,وادي الرمل - (زغوان),ياسين بوعلي,240,agree,240,مايتان واربعون,2023,قرار الهيئة لمعتمدية زغوان__125__زغوان.PDF,1Yr-0N1mNp_hXWmbvEXex10ERuN6vLHp-
زغوان,زغوان,"وادي الزيت, تصرح",سالم البرهومي,489,agree,489,اربعمايه وتسعه وثمانون,2023,قرار الهيئة لمعتمدية زغوان__125__زغوان.PDF,1Yr-0N1mNp_hXWmbvEXex10ERuN6vLHp-
زغوان,زغوان,"وادي الزيت, تصرح",محمد بن جبريل,220,agree,220,مايتان وعشرون,2023,قرار الهيئة لمعتمدية زغوان__125__زغوان.PDF,1Yr-0N1mNp_hXWmbvEXex10ERuN6vLHp-
زغوان,صواف,الحميره يتقدم اليها,سمير بن سالم,145,agree,145,مايه وخمسه واربعون,2023,قرار الهيئة لمعتمدية صواف__121__زغوان.PDF,1W4ScuYW6b5JSFSbCHAPFynO7J5y4eqx_
زغوان,صواف,الحميره يتقدم اليها,خالد بوزيان,85,agree,85,خمسه وثمانون,2023,قرار الهيئة لمعتمدية صواف__121__زغوان.PDF,1W4ScuYW6b5JSFSbCHAPFynO7J5y4eqx_
زغوان,صواف,الحميره يتقدم اليها,العرومي بن فرج,244,agree,244,مايتان واربعه واربعون,2023,قرار الهيئة لمعتمدية صواف__121__زغوان.PDF,1W4ScuYW6b5JSFSbCHAPFynO7J5y4eqx_
زغوان,صواف,الحميره يتقدم اليها,عبدالرزاق طعم الله,61,agree,61,واحدوستون,2023,قرار الهيئة لمعتمدية صواف__121__زغوان.PDF,1W4ScuYW6b5JSFSbCHAPFynO7J5y4eqx_
زغوان,صواف,الدغافله الشرقيه,الصحبي بن هنيه,166,agree,166,مايه وسته وستون,2023,قرار الهيئة لمعتمدية صواف__121__زغوان.PDF,1W4ScuYW6b5JSFSbCHAPFynO7J5y4eqx_
زغوان,صواف,الدغافله الشرقيه,عبدالعزيز البكري ماتتان,28,digits-wrong,228,وثمانيه وعشرون,2023,قرار الهيئة لمعتمدية صواف__121__زغوان.PDF,1W4ScuYW6b5JSFSbCHAPFynO7J5y4eqx_
زغوان,صواف,الدغافله الشرقيه,فريد بن عبدالله,135,agree,135,مايه وخمسه وثلاثون,2023,قرار الهيئة لمعتمدية صواف__121__زغوان.PDF,1W4ScuYW6b5JSFSbCHAPFynO7J5y4eqx_
زغوان,صواف,الدغافله الغربيه,فرحاني صالح,141,agree,141,مايه وواحد واربعون,2023,قرار الهيئة لمعتمدية صواف__121__زغوان.PDF,1W4ScuYW6b5JSFSbCHAPFynO7J5y4eqx_
زغوان,صواف,الدغافله الغربيه,مراد بن الشايب,80,digits-wrong,50,ثمانون,2023,قرار الهيئة لمعتمدية صواف__121__زغوان.PDF,1W4ScuYW6b5JSFSbCHAPFynO7J5y4eqx_
زغوان,صواف,الدغافله الغربيه,زياد البكري,63,agree,63,ثلاثه وستون,2023,قرار الهيئة لمعتمدية صواف__121__زغوان.PDF,1W4ScuYW6b5JSFSbCHAPFynO7J5y4eqx_
زغوان,صواف,الدغافله الغربيه,محمد عايشه,83,digits-wrong,53,ثلاثه وثمانون,2023,قرار الهيئة لمعتمدية صواف__121__زغوان.PDF,1W4ScuYW6b5JSFSbCHAPFynO7J5y4eqx_
زغوان,صواف,"صواف الشرقيه,",سامي بوشريط2,339,agree,339,ثلاثمايه وتسعه وثلاثون,2023,قرار الهيئة لمعتمدية صواف__121__زغوان.PDF,1W4ScuYW6b5JSFSbCHAPFynO7J5y4eqx_
زغوان,صواف,"صواف الشرقيه,",بلال عون عظروه,20,digits-only,20,,2023,قرار الهيئة لمعتمدية صواف__121__زغوان.PDF,1W4ScuYW6b5JSFSbCHAPFynO7J5y4eqx_
زغوان,صواف,صواف الغربيه,البشير بن فرج ماكه,7,digits-wrong,107,وسبعه,2023,قرار الهيئة لمعتمدية صواف__121__زغوان.PDF,1W4ScuYW6b5JSFSbCHAPFynO7J5y4eqx_
زغوان,صواف,صواف الغربيه,صابر سلامه,132,agree,132,مايه واثنان وثلاثون,2023,قرار الهيئة لمعتمدية صواف__121__زغوان.PDF,1W4ScuYW6b5JSFSbCHAPFynO7J5y4eqx_
زغوان,صواف,صواف الغربيه,صالح بن سليمان,283,digits-wrong,263,مايتان وثلاثه وثمانون,2023,قرار الهيئة لمعتمدية صواف__121__زغوان.PDF,1W4ScuYW6b5JSFSbCHAPFynO7J5y4eqx_
سليانة,الروحيه,الجميلات يتقدم الها,كريم الميساوي,62,agree,62,اثنان وستون,2023,قرار الهيئة لمعتمدية الروحية__78__سليانة.PDF,1dRgYDWyGVDh6cs4bUDJs4B7PMUG1Yecc
سليانة,الروحيه,الجميلات يتقدم الها,ناجح الذهبي,127,agree,127,مايه وسبعه وعشرون,2023,قرار الهيئة لمعتمدية الروحية__78__سليانة.PDF,1dRgYDWyGVDh6cs4bUDJs4B7PMUG1Yecc
سليانة,الروحيه,الجميلات يتقدم الها,عبدالرزاق العثماني,75,agree,75,خمسه وسبعون,2023,قرار الهيئة لمعتمدية الروحية__78__سليانة.PDF,1dRgYDWyGVDh6cs4bUDJs4B7PMUG1Yecc
سليانة,الروحيه,الجميلات يتقدم الها,ايمن نصر,119,agree,119,مايه وتسعه عشر,2023,قرار الهيئة لمعتمدية الروحية__78__سليانة.PDF,1dRgYDWyGVDh6cs4bUDJs4B7PMUG1Yecc
سليانة,الروحيه,"الحبابسه الجنوبيه, تصرح",خالد ابرنيس,93,digits-wrong,53,ثلاثه وتسعون,2023,قرار الهيئة لمعتمدية الروحية__78__سليانة.PDF,1dRgYDWyGVDh6cs4bUDJs4B7PMUG1Yecc
سليانة,الروحيه,"الحبابسه الجنوبيه, تصرح",عادل مجدوب,53,agree,53,ثلاثه وخمسون,2023,قرار الهيئة لمعتمدية الروحية__78__سليانة.PDF,1dRgYDWyGVDh6cs4bUDJs4B7PMUG1Yecc
سليانة,الروحيه,"الحبابسه الجنوبيه, تصرح",خالل حاف ماقتاق:وسقه,206,digits-only,206,,2023,قرار الهيئة لمعتمدية الروحية__78__سليانة.PDF,1dRgYDWyGVDh6cs4bUDJs4B7PMUG1Yecc
سليانة,الروحيه,الحبابسه,محمدالحبيب دغبوجح ماثتان,62,digits-wrong,262,واثنان وستون,2023,قرار الهيئة لمعتمدية الروحية__78__سليانة.PDF,1dRgYDWyGVDh6cs4bUDJs4B7PMUG1Yecc
سليانة,الروحيه,الحبابسه,حمادي الحاجي,191,digits-wrong,1531,مايه وواحد وتسعون,2023,قرار الهيئة لمعتمدية الروحية__78__سليانة.PDF,1dRgYDWyGVDh6cs4bUDJs4B7PMUG1Yecc
سليانة,الروحيه,الحميمه - (الروحيه)»,محمدالصالح شرادي,131,agree,131,مايه وواحد وثلاثون,2023,قرار الهيئة لمعتمدية الروحية__78__سليانة.PDF,1dRgYDWyGVDh6cs4bUDJs4B7PMUG1Yecc
سليانة,الروحيه,الحميمه - (الروحيه)»,حلمي الحمودي,167,agree,167,مايه وسبعه وستون,2023,قرار الهيئة لمعتمدية الروحية__78__سليانة.PDF,1dRgYDWyGVDh6cs4bUDJs4B7PMUG1Yecc
سليانة,الروحيه,الروحيه يتقدم الها,صابر قطاري,192,digits-wrong,152,مايه واثنان وتسعون,2023,قرار الهيئة لمعتمدية الروحية__78__سليانة.PDF,1dRgYDWyGVDh6cs4bUDJs4B7PMUG1Yecc
سليانة,الروحيه,الروحيه يتقدم الها,منجي الطواييبي,481,digits-wrong,461,اربعمايه وواحد وثمانون,2023,قرار الهيئة لمعتمدية الروحية__78__سليانة.PDF,1dRgYDWyGVDh6cs4bUDJs4B7PMUG1Yecc
سليانة,الروحيه,الروحيه يتقدم الها,سنيه سكراني,110,agree,110,مايه وعشره,2023,قرار الهيئة لمعتمدية الروحية__78__سليانة.PDF,1dRgYDWyGVDh6cs4bUDJs4B7PMUG1Yecc
سليانة,الروحيه,الروحيه يتقدم الها,رشيد الحاجي,87,digits-wrong,57,سبعه وثمانون,2023,قرار الهيئة لمعتمدية الروحية__78__سليانة.PDF,1dRgYDWyGVDh6cs4bUDJs4B7PMUG1Yecc
سليانة,الروحيه,الروحيه يتقدم الها,شاكر المرزوقي,390,digits-wrong,320,ثلاثمايه وتسعون,2023,قرار الهيئة لمعتمدية الروحية__78__سليانة.PDF,1dRgYDWyGVDh6cs4bUDJs4B7PMUG1Yecc
سليانة,الروحيه,"السميرات الجنوبيه,",عادل بوخضره,166,agree,166,مايه وسته وستون,2023,قرار الهيئة لمعتمدية الروحية__78__سليانة.PDF,1dRgYDWyGVDh6cs4bUDJs4B7PMUG1Yecc
سليانة,الروحيه,"السميرات الجنوبيه,",الناجم الذيب,197,digits-wrong,157,مايه وسبعه وتسعون,2023,قرار الهيئة لمعتمدية الروحية__78__سليانة.PDF,1dRgYDWyGVDh6cs4bUDJs4B7PMUG1Yecc
سليانة,الروحيه,السميرات الشماليه,محمدالباشمي بوحمله,181,digits-wrong,161,مايه وواحد وثمانون,2023,قرار الهيئة لمعتمدية الروحية__78__سليانة.PDF,1dRgYDWyGVDh6cs4bUDJs4B7PMUG1Yecc
سليانة,الروحيه,السميرات الشماليه,محمدعلي زنادي,179,digits-wrong,1179,مايه وتسعه وسبعون,2023,قرار الهيئة لمعتمدية الروحية__78__سليانة.PDF,1dRgYDWyGVDh6cs4bUDJs4B7PMUG1Yecc
سليانة,الروحيه,السميرات الشماليه,عبدالحميد الشايب,97,digits-wrong,527,سبعه وتسعون,2023,قرار الهيئة لمعتمدية الروحية__78__سليانة.PDF,1dRgYDWyGVDh6cs4bUDJs4B7PMUG1Yecc
سليانة,الروحيه,السميرات الشماليه,ابراهيم يونس,39,agree,39,تسعه وثلاثون,2023,قرار الهيئة لمعتمدية الروحية__78__سليانة.PDF,1dRgYDWyGVDh6cs4bUDJs4B7PMUG1Yecc
سليانة,الروحيه,المساحله يتقدم الها,عبدالحميد حافظ,110,agree,110,مايه وعشره,2023,قرار الهيئة لمعتمدية الروحية__78__سليانة.PDF,1dRgYDWyGVDh6cs4bUDJs4B7PMUG1Yecc
سليانة,الروحيه,المساحله يتقدم الها,عزالدين البكوش,40,agree,40,اربعون,2023,قرار الهيئة لمعتمدية الروحية__78__سليانة.PDF,1dRgYDWyGVDh6cs4bUDJs4B7PMUG1Yecc
سليانة,الروحيه,المساحله يتقدم الها,مراد بالفايز,68,agree,68,ثمانيه وستون,2023,قرار الهيئة لمعتمدية الروحية__78__سليانة.PDF,1dRgYDWyGVDh6cs4bUDJs4B7PMUG1Yecc
سليانة,الروحيه,الهريه» تصرح البييه,رضا الحرايزي,220,agree,220,مايتان وعشرون,2023,قرار الهيئة لمعتمدية الروحية__78__سليانة.PDF,1dRgYDWyGVDh6cs4bUDJs4B7PMUG1Yecc
سليانة,الروحيه,الهريه» تصرح البييه,عزالدين السعيدي,55,agree,55,خمسه وخمسون,2023,قرار الهيئة لمعتمدية الروحية__78__سليانة.PDF,1dRgYDWyGVDh6cs4bUDJs4B7PMUG1Yecc
سليانة,الروحيه,بوعجيله يتقدم المها,فرج عوينه,149,agree,149,مايه وتسعه واربعون,2023,قرار الهيئة لمعتمدية الروحية__78__سليانة.PDF,1dRgYDWyGVDh6cs4bUDJs4B7PMUG1Yecc
سليانة,الروحيه,بوعجيله يتقدم المها,ايمن مسلم,83,agree,83,ثلاثه وثمانون,2023,قرار الهيئة لمعتمدية الروحية__78__سليانة.PDF,1dRgYDWyGVDh6cs4bUDJs4B7PMUG1Yecc
سليانة,الروحيه,بوعجيله يتقدم المها,الامين مسلم,158,agree,158,مايه وثمانيه وخمسون,2023,قرار الهيئة لمعتمدية الروحية__78__سليانة.PDF,1dRgYDWyGVDh6cs4bUDJs4B7PMUG1Yecc
سليانة,الروحيه,بوعجيله يتقدم المها,العيدي الوصيف,157,agree,157,مايه وسبعه وخمسون,2023,قرار الهيئة لمعتمدية الروحية__78__سليانة.PDF,1dRgYDWyGVDh6cs4bUDJs4B7PMUG1Yecc
سليانة,الروحيه,بوعجيله يتقدم المها,فواد بنتخضر,152,agree,152,مايه واثنان وخمسون,2023,قرار الهيئة لمعتمدية الروحية__78__سليانة.PDF,1dRgYDWyGVDh6cs4bUDJs4B7PMUG1Yecc
سليانة,العروسه,الرميلء تصرح البييه,حسني الوسلاتي,130,agree,130,مايه وثلاثون,2023,قرار الهيئة لمعتمدية العروسة__70__سليانة.PDF,1UTR2wPX2XbPWg0fRxcGpdKWbKqDLHbXK
سليانة,العروسه,الرميلء تصرح البييه,خليل الحرباوي 2 هنته,90,digits-wrong,56,وتسعون,2023,قرار الهيئة لمعتمدية العروسة__70__سليانة.PDF,1UTR2wPX2XbPWg0fRxcGpdKWbKqDLHbXK
سليانة,العروسه,الرميلء تصرح البييه,فوزي الهمامي ‎1‏,10,agree,10,عشره,2023,قرار الهيئة لمعتمدية العروسة__70__سليانة.PDF,1UTR2wPX2XbPWg0fRxcGpdKWbKqDLHbXK
سليانة,العروسه,بوجليده يتقدم الها,كمال الوسلاتي,154,agree,154,مايه واربعه وخمسون,2023,قرار الهيئة لمعتمدية العروسة__70__سليانة.PDF,1UTR2wPX2XbPWg0fRxcGpdKWbKqDLHbXK
سليانة,العروسه,بوجليده يتقدم الها,الذهبي الوسلاتي,69,agree,69,تسعه وستون,2023,قرار الهيئة لمعتمدية العروسة__70__سليانة.PDF,1UTR2wPX2XbPWg0fRxcGpdKWbKqDLHbXK
سليانة,العروسه,بوجليده يتقدم الها,سعد الوسلاتي,162,agree,162,مايه واثنان وستون,2023,قرار الهيئة لمعتمدية العروسة__70__سليانة.PDF,1UTR2wPX2XbPWg0fRxcGpdKWbKqDLHbXK
سليانة,العروسه,بوجليده يتقدم الها,شيماء الوسلاتي,29,agree,29,تسعه وعشرون,2023,قرار الهيئة لمعتمدية العروسة__70__سليانة.PDF,1UTR2wPX2XbPWg0fRxcGpdKWbKqDLHbXK
سليانة,العروسه,مسراطه يتقدم اليها,بلال الفرشيشي,57,agree,57,سبعهوخمسون,2023,قرار الهيئة لمعتمدية العروسة__70__سليانة.PDF,1UTR2wPX2XbPWg0fRxcGpdKWbKqDLHbXK
سليانة,العروسه,مسراطه يتقدم اليها,سامي الفرشيشي,84,agree,84,اربعه وثمانون,2023,قرار الهيئة لمعتمدية العروسة__70__سليانة.PDF,1UTR2wPX2XbPWg0fRxcGpdKWbKqDLHbXK
سليانة,الكريب,الدخانيه يتقدم الها,معز النفوطي,91,digits-wrong,51,واحد وتسعون,2023,قرار الهيئة لمعتمدية الكريب__71__سليانة.PDF,172dydyndYm4re1-6GOQ3mcYiMfTeD-XW
سليانة,الكريب,الدخانيه يتقدم الها,احمد الجبالي,23,digits-wrong,25,ثلاثه وعشرون,2023,قرار الهيئة لمعتمدية الكريب__71__سليانة.PDF,172dydyndYm4re1-6GOQ3mcYiMfTeD-XW
سليانة,الكريب,الدخانيه يتقدم الها,زياد النفوطي,8,agree,8,ثمانيه,2023,قرار الهيئة لمعتمدية الكريب__71__سليانة.PDF,172dydyndYm4re1-6GOQ3mcYiMfTeD-XW
سليانة,الكريب,الدخانيه يتقدم الها,طارق الرزقي,173,agree,173,مايه وثلاثه وسبعون,2023,قرار الهيئة لمعتمدية الكريب__71__سليانة.PDF,172dydyndYm4re1-6GOQ3mcYiMfTeD-XW
سليانة,الكريب,الدخانيه يتقدم الها,عبدالرحمان الجبالي,79,agree,79,تسعه وسبعون,2023,قرار الهيئة لمعتمدية الكريب__71__سليانة.PDF,172dydyndYm4re1-6GOQ3mcYiMfTeD-XW
سليانة,الكريب,الكريب الجنوبيه,ليلي الغزواني,46,agree,46,سته واربعون,2023,قرار الهيئة لمعتمدية الكريب__71__سليانة.PDF,172dydyndYm4re1-6GOQ3mcYiMfTeD-XW
سليانة,الكريب,الكريب الجنوبيه,نادر الطرابلسي ستمايه وسبعه عشر 7ا6,0,digits-only,0,,2023,قرار الهيئة لمعتمدية الكريب__71__سليانة.PDF,172dydyndYm4re1-6GOQ3mcYiMfTeD-XW
سليانة,الكريب,الكريب الجنوبيه,خوله بوبي,18,agree,18,ثمانيه عشر,2023,قرار الهيئة لمعتمدية الكريب__71__سليانة.PDF,172dydyndYm4re1-6GOQ3mcYiMfTeD-XW
سليانة,الكريب,الكريب الجنوبيه,خالد الجندوبي,162,agree,162,مايه واثنان وستون,2023,قرار الهيئة لمعتمدية الكريب__71__سليانة.PDF,172dydyndYm4re1-6GOQ3mcYiMfTeD-XW
سليانة,الكريب,الكريب الجنوبيه,فوزي الماجري,115,digits-wrong,11,مايه وخمسه عشر,2023,قرار الهيئة لمعتمدية الكريب__71__سليانة.PDF,172dydyndYm4re1-6GOQ3mcYiMfTeD-XW
سليانة,الكريب,الكريب الجنوبيه,الكامل العبيدي,202,agree,202,مايتان واثنان,2023,قرار الهيئة لمعتمدية الكريب__71__سليانة.PDF,172dydyndYm4re1-6GOQ3mcYiMfTeD-XW
سليانة,الكريب,الكريب الجنوبيه,هاديه الجريدي,40,agree,40,اربعون,2023,قرار الهيئة لمعتمدية الكريب__71__سليانة.PDF,172dydyndYm4re1-6GOQ3mcYiMfTeD-XW
سليانة,الكريب,الكريب الشماليه,زياد عبدربه,131,agree,131,مايه وواحد وثلاثون,2023,قرار الهيئة لمعتمدية الكريب__71__سليانة.PDF,172dydyndYm4re1-6GOQ3mcYiMfTeD-XW
سليانة,الكريب,الكريب الشماليه,تيسير المدوري,128,agree,128,مايه وثمانيه وعشرون,2023,قرار الهيئة لمعتمدية الكريب__71__سليانة.PDF,172dydyndYm4re1-6GOQ3mcYiMfTeD-XW
سليانة,الكريب,الكريب الشماليه,عمر الفرشيشي,116,agree,116,مايه وسته عشر,2023,قرار الهيئة لمعتمدية الكريب__71__سليانة.PDF,172dydyndYm4re1-6GOQ3mcYiMfTeD-XW
سليانة,الكريب,الكريب الشماليه,امير البوبكري,17,agree,17,سبعه عشر,2023,قرار الهيئة لمعتمدية الكريب__71__سليانة.PDF,172dydyndYm4re1-6GOQ3mcYiMfTeD-XW
سليانة,الكريب,الكريب الشماليه,الفاضل الشنوفي ماتثتان,43,digits-wrong,243,وثلاثه واربعون,2023,قرار الهيئة لمعتمدية الكريب__71__سليانة.PDF,172dydyndYm4re1-6GOQ3mcYiMfTeD-XW
سليانة,الكريب,الكريب الشماليه,اشماعيل المنا تماق تسبيعون,5,digits-only,5,,2023,قرار الهيئة لمعتمدية الكريب__71__سليانة.PDF,172dydyndYm4re1-6GOQ3mcYiMfTeD-XW
سليانة,الكريب,الكريب الشماليه,هشام الطالبي,176,agree,176,مايه وسته وسبعون,2023,قرار الهيئة لمعتمدية الكريب__71__سليانة.PDF,172dydyndYm4re1-6GOQ3mcYiMfTeD-XW
سليانة,الكريب,الكريب الشماليه,عيمي المناعي,82,agree,82,اثنان وثمانون,2023,قرار الهيئة لمعتمدية الكريب__71__سليانة.PDF,172dydyndYm4re1-6GOQ3mcYiMfTeD-XW
سليانة,الكريب,الكريب الشماليه,رمزي العبيدي,32,agree,32,اثنان وثلاثون,2023,قرار الهيئة لمعتمدية الكريب__71__سليانة.PDF,172dydyndYm4re1-6GOQ3mcYiMfTeD-XW
سليانة,الكريب,الكريب الشماليه,عبدالله مديني,76,agree,76,سته وسبعون,2023,قرار الهيئة لمعتمدية الكريب__71__سليانة.PDF,172dydyndYm4re1-6GOQ3mcYiMfTeD-XW
سليانة,الكريب,برج المسعودي,بلال البوبكري ماتثتان,40,digits-wrong,240,واربعون,2023,قرار الهيئة لمعتمدية الكريب__71__سليانة.PDF,172dydyndYm4re1-6GOQ3mcYiMfTeD-XW
سليانة,الكريب,برج المسعودي,هيكل البوبكري,322,digits-wrong,232,ثلاثمايه واثنان وعشرون,2023,قرار الهيئة لمعتمدية الكريب__71__سليانة.PDF,172dydyndYm4re1-6GOQ3mcYiMfTeD-XW
سليانة,الكريب,برج المسعودي,محمد العبيدي,59,agree,59,تسعه وخمسون,2023,قرار الهيئة لمعتمدية الكريب__71__سليانة.PDF,172dydyndYm4re1-6GOQ3mcYiMfTeD-XW
سليانة,الكريب,حمام بياضه الجنوبيه,فتحي الزغلامي مايه واثثان,70,digits-wrong,172,وسبعون,2023,قرار الهيئة لمعتمدية الكريب__71__سليانة.PDF,172dydyndYm4re1-6GOQ3mcYiMfTeD-XW
سليانة,الكريب,حمام بياضه الجنوبيه,فواد السليطي,108,agree,108,مايه وثمانيه,2023,قرار الهيئة لمعتمدية الكريب__71__سليانة.PDF,172dydyndYm4re1-6GOQ3mcYiMfTeD-XW
سليانة,الكريب,حمام بياضه الجنوبيه,هراد البتكبياوي. ماق هوثلوقه,20,digits-wrong,123,وعشرون,2023,قرار الهيئة لمعتمدية الكريب__71__سليانة.PDF,172dydyndYm4re1-6GOQ3mcYiMfTeD-XW
سليانة,الكريب,حمام بياضه الجنوبيه,عبدالحفيظ الماجري مايثه,8,digits-wrong,108,وثمانيه,2023,قرار الهيئة لمعتمدية الكريب__71__سليانة.PDF,172dydyndYm4re1-6GOQ3mcYiMfTeD-XW
سليانة,برقو,احواز برقو,"قرج اللديوني ‎0""‏ خمسه وثلاقون",35,digits-only,35,,2023,قرار الهيئة لمعتمدية برقو__75__سليانة.PDF,1gylsk4WhJqOTBxdngGKJBUe94qOSAOhi
سليانة,برقو,البحيرينء تصرح البييه العليا,نزار الزين,43,agree,43,ثلاثه واربعون,2023,قرار الهيئة لمعتمدية برقو__75__سليانة.PDF,1gylsk4WhJqOTBxdngGKJBUe94qOSAOhi
سليانة,برقو,"الدريجه, تصرح البييه",سمير يوسف,134,agree,134,مايه واربعه وثلاثون,2023,قرار الهيئة لمعتمدية برقو__75__سليانة.PDF,1gylsk4WhJqOTBxdngGKJBUe94qOSAOhi
سليانة,برقو,"الدريجه, تصرح البييه",محمد العرفاوي,99,digits-wrong,59,تسعه وتسعون,2023,قرار الهيئة لمعتمدية برقو__75__سليانة.PDF,1gylsk4WhJqOTBxdngGKJBUe94qOSAOhi
سليانة,برقو,اولاد فرج» تصرح البييه,وليد الميموني,189,digits-wrong,169,مايه وتسعه وثمانون,2023,قرار الهيئة لمعتمدية برقو__75__سليانة.PDF,1gylsk4WhJqOTBxdngGKJBUe94qOSAOhi
سليانة,برقو,اولاد فرج» تصرح البييه,رشيد البمامي,13,digits-wrong,18,ثلاثه عشر,2023,قرار الهيئة لمعتمدية برقو__75__سليانة.PDF,1gylsk4WhJqOTBxdngGKJBUe94qOSAOhi
سليانة,برقو,برقو يتقدم الها المترشحان,سمير الدريدي,95,agree,95,خمسه وتسعون,2023,قرار الهيئة لمعتمدية برقو__75__سليانة.PDF,1gylsk4WhJqOTBxdngGKJBUe94qOSAOhi
سليانة,برقو,برقو يتقدم الها المترشحان,فاطمه العياري,162,agree,162,مايه واثنان وستون,2023,قرار الهيئة لمعتمدية برقو__75__سليانة.PDF,1gylsk4WhJqOTBxdngGKJBUe94qOSAOhi
سليانة,برقو,برقو يتقدم الها المترشحان,فتحي خلالفه,132,digits-wrong,152,مايه واثنان وثلاثون,2023,قرار الهيئة لمعتمدية برقو__75__سليانة.PDF,1gylsk4WhJqOTBxdngGKJBUe94qOSAOhi
سليانة,برقو,برقو يتقدم الها المترشحان,احمد نقاطي,323,agree,323,ثلاثمايه وثلاثه وعشرون,2023,قرار الهيئة لمعتمدية برقو__75__سليانة.PDF,1gylsk4WhJqOTBxdngGKJBUe94qOSAOhi
سليانة,برقو,برقو يتقدم الها المترشحان,سامي بدر,97,digits-wrong,57,سبعه وتسعون,2023,قرار الهيئة لمعتمدية برقو__75__سليانة.PDF,1gylsk4WhJqOTBxdngGKJBUe94qOSAOhi
سليانة,برقو,سيدي سعيد - (برقو),حاتم اليحياوي ماثتان,30,digits-wrong,230,وثلاثون,2023,قرار الهيئة لمعتمدية برقو__75__سليانة.PDF,1gylsk4WhJqOTBxdngGKJBUe94qOSAOhi
سليانة,برقو,سيدي سعيد - (برقو),زقتو|سبماغيل ثمانيه وثماتوتن,58,digits-only,58,,2023,قرار الهيئة لمعتمدية برقو__75__سليانة.PDF,1gylsk4WhJqOTBxdngGKJBUe94qOSAOhi
سليانة,برقو,عين بوسعديه,محمد اليحياوي,72,agree,72,اثنان وسبعون,2023,قرار الهيئة لمعتمدية برقو__75__سليانة.PDF,1gylsk4WhJqOTBxdngGKJBUe94qOSAOhi
سليانة,برقو,عين بوسعديه,المنصف البرقاوي,231,agree,231,مايتان وواحد وثلاثون,2023,قرار الهيئة لمعتمدية برقو__75__سليانة.PDF,1gylsk4WhJqOTBxdngGKJBUe94qOSAOhi
سليانة,برقو,"عين فرنه, تصرح البييه",عبدالسلام الرياحي,208,agree,208,مايتان وثمانيه,2023,قرار الهيئة لمعتمدية برقو__75__سليانة.PDF,1gylsk4WhJqOTBxdngGKJBUe94qOSAOhi
سليانة,برقو,"عين فرنه, تصرح البييه",احمد الزغبي,118,agree,118,مايه وثمانيه عشر,2023,قرار الهيئة لمعتمدية برقو__75__سليانة.PDF,1gylsk4WhJqOTBxdngGKJBUe94qOSAOhi
سليانة,بورويس,التريشه,عبير حرباوي,27,agree,27,سبعه وعشرون,2023,قرار الهيئة لمعتمدية بورويس__72__سليانة.PDF,17neoyF7bwxf23pNsXxTh7ejkp0WB8ypz
سليانة,بورويس,التريشه,عبدالستار عياري,121,agree,121,مايه وواحد وعشرون,2023,قرار الهيئة لمعتمدية بورويس__72__سليانة.PDF,17neoyF7bwxf23pNsXxTh7ejkp0WB8ypz
سليانة,بورويس,العبامي يتقدم الها,عبدالكريم الورفلي,78,agree,78,ثمانيه وسبعون,2023,قرار الهيئة لمعتمدية بورويس__72__سليانة.PDF,17neoyF7bwxf23pNsXxTh7ejkp0WB8ypz
سليانة,بورويس,العبامي يتقدم الها,علي زعاره,82,digits-wrong,52,اثنان وثمانون,2023,قرار الهيئة لمعتمدية بورويس__72__سليانة.PDF,17neoyF7bwxf23pNsXxTh7ejkp0WB8ypz
سليانة,بورويس,العبامي يتقدم الها,صميده رزقي,57,agree,57,سبعه وخمسون,2023,قرار الهيئة لمعتمدية بورويس__72__سليانة.PDF,17neoyF7bwxf23pNsXxTh7ejkp0WB8ypz
سليانة,بورويس,"بورويس الجنوبيه,",عبدالرزاق الباشمي,53,digits-wrong,59,ثلاثه وخمسون,2023,قرار الهيئة لمعتمدية بورويس__72__سليانة.PDF,17neoyF7bwxf23pNsXxTh7ejkp0WB8ypz
سليانة,بورويس,"بورويس الجنوبيه,",خالد يوسفي,166,agree,166,مايه وسته وستون,2023,قرار الهيئة لمعتمدية بورويس__72__سليانة.PDF,17neoyF7bwxf23pNsXxTh7ejkp0WB8ypz
سليانة,بورويس,"بورويس الجنوبيه,",محمد خليفي,91,digits-wrong,51,واحد وتسعون,2023,قرار الهيئة لمعتمدية بورويس__72__سليانة.PDF,17neoyF7bwxf23pNsXxTh7ejkp0WB8ypz
سليانة,بورويس,بورويس الشماليه,زيد كرموس,165,agree,165,مايه وخمسه وستون,2023,قرار الهيئة لمعتمدية بورويس__72__سليانة.PDF,17neoyF7bwxf23pNsXxTh7ejkp0WB8ypz
سليانة,بورويس,بورويس الشماليه,عبدالغافور دايخي ماكه واقتان وهضعون:,162,digits-only,162,,2023,قرار الهيئة لمعتمدية بورويس__72__سليانة.PDF,17neoyF7bwxf23pNsXxTh7ejkp0WB8ypz
سليانة,بورويس,بورويس الشماليه,محمد كمال عرفاوي,173,agree,173,مايه وثلاثه وسبعون,2023,قرار الهيئة لمعتمدية بورويس__72__سليانة.PDF,17neoyF7bwxf23pNsXxTh7ejkp0WB8ypz
سليانة,بورويس,بورويس الشماليه,وسام المهتلي,103,agree,103,مايه وثلاثه,2023,قرار الهيئة لمعتمدية بورويس__72__سليانة.PDF,17neoyF7bwxf23pNsXxTh7ejkp0WB8ypz
سليانة,بورويس,عين عاشور يتقدم,لطفي الرويسي,110,agree,110,مايه وعشره,2023,قرار الهيئة لمعتمدية بورويس__72__سليانة.PDF,17neoyF7bwxf23pNsXxTh7ejkp0WB8ypz
سليانة,بورويس,عين عاشور يتقدم,عبدالحميد فرجاني,107,agree,107,مايه وسبعه,2023,قرار الهيئة لمعتمدية بورويس__72__سليانة.PDF,17neoyF7bwxf23pNsXxTh7ejkp0WB8ypz
سليانة,بورويس,"محطه الكريب, تصرح البييه",طارق رزقي,176,agree,176,مايه وسته وسبعون,2023,قرار الهيئة لمعتمدية بورويس__72__سليانة.PDF,17neoyF7bwxf23pNsXxTh7ejkp0WB8ypz
سليانة,بورويس,"محطه الكريب, تصرح البييه",لطفي الكنزاري,102,agree,102,مايه واثنان,2023,قرار الهيئة لمعتمدية بورويس__72__سليانة.PDF,17neoyF7bwxf23pNsXxTh7ejkp0WB8ypz
سليانة,بوعراده,احواز بوعراده يتقدم,سفيان القيطوني,138,agree,138,مايه وثمانيه وثلاثون,2023,قرار الهيئة لمعتمدية بوعرادة__73__سليانة.PDF,1OCVlgRbQhMRsta6qoF16GWH_s-NEMlca
سليانة,بوعراده,احواز بوعراده يتقدم,عزالدين المناعي 2,111,agree,111,مايه واحد عشره,2023,قرار الهيئة لمعتمدية بوعرادة__73__سليانة.PDF,1OCVlgRbQhMRsta6qoF16GWH_s-NEMlca
سليانة,بوعراده,احواز بوعراده يتقدم,هشام بنعرفه,28,agree,28,ثمانيه وعشرون,2023,قرار الهيئة لمعتمدية بوعرادة__73__سليانة.PDF,1OCVlgRbQhMRsta6qoF16GWH_s-NEMlca
سليانة,بوعراده,بوعراده يتقدم الها,نعمان الرياحي مايه وسبعه وثلاثون يكل,8,digits-only,008,,2023,قرار الهيئة لمعتمدية بوعرادة__73__سليانة.PDF,1OCVlgRbQhMRsta6qoF16GWH_s-NEMlca
سليانة,بوعراده,بوعراده يتقدم الها,فاتن العياري,83,agree,83,ثلاثه وثمانون,2023,قرار الهيئة لمعتمدية بوعرادة__73__سليانة.PDF,1OCVlgRbQhMRsta6qoF16GWH_s-NEMlca
سليانة,بوعراده,بوعراده يتقدم الها,زينوبه العرفاوي,294,digits-wrong,204,مايتان واربعه وتسعون,2023,قرار الهيئة لمعتمدية بوعرادة__73__سليانة.PDF,1OCVlgRbQhMRsta6qoF16GWH_s-NEMlca
سليانة,بوعراده,بوعراده يتقدم الها,انور السقني,177,agree,177,مايه وسبعه وسبعون,2023,قرار الهيئة لمعتمدية بوعرادة__73__سليانة.PDF,1OCVlgRbQhMRsta6qoF16GWH_s-NEMlca
سليانة,بوعراده,بوعراده يتقدم الها,المنصف العرفاوي ماثه,11,digits-wrong,111,واحد عشره,2023,قرار الهيئة لمعتمدية بوعرادة__73__سليانة.PDF,1OCVlgRbQhMRsta6qoF16GWH_s-NEMlca
سليانة,بوعراده,بوعراده يتقدم الها,العربي المناعي مايه وثلاثيه,90,digits-wrong,103,وتسعون,2023,قرار الهيئة لمعتمدية بوعرادة__73__سليانة.PDF,1OCVlgRbQhMRsta6qoF16GWH_s-NEMlca
سليانة,بوعراده,"سيدي عبد النور,",عبدالله النوري,198,digits-wrong,158,مايه وثمانيه وتسعون,2023,قرار الهيئة لمعتمدية بوعرادة__73__سليانة.PDF,1OCVlgRbQhMRsta6qoF16GWH_s-NEMlca
سليانة,بوعراده,"سيدي عبد النور,",محمد نوري,19,agree,19,تسعه عشر,2023,قرار الهيئة لمعتمدية بوعرادة__73__سليانة.PDF,1OCVlgRbQhMRsta6qoF16GWH_s-NEMlca
سليانة,بوعراده,طرف الشناء,يوسف البرقاوي,368,agree,368,ثلاثمايه وثمانيه وستون,2023,قرار الهيئة لمعتمدية بوعرادة__73__سليانة.PDF,1OCVlgRbQhMRsta6qoF16GWH_s-NEMlca
سليانة,بوعراده,طرف الشناء,مالك بن مالك,142,agree,142,مايه واثنان واربعون,2023,قرار الهيئة لمعتمدية بوعرادة__73__سليانة.PDF,1OCVlgRbQhMRsta6qoF16GWH_s-NEMlca
سليانة,بوعراده,فطيس,فيصل النفاتي,76,agree,76,سته وسبعون,2023,قرار الهيئة لمعتمدية بوعرادة__73__سليانة.PDF,1OCVlgRbQhMRsta6qoF16GWH_s-NEMlca
سليانة,بوعراده,فطيس,ولينهالبدي ‎1‏ تضعه وازتعون,49,digits-only,49,,2023,قرار الهيئة لمعتمدية بوعرادة__73__سليانة.PDF,1OCVlgRbQhMRsta6qoF16GWH_s-NEMlca
سليانة,بوعراده,هنشير الرومان يتقدم,الازهر الرياحي,63,agree,63,ثلاثه وستون,2023,قرار الهيئة لمعتمدية بوعرادة__73__سليانة.PDF,1OCVlgRbQhMRsta6qoF16GWH_s-NEMlca
سليانة,سليانه الجنوبيه,السفينه,جمال يعي,144,agree,144,مايه واربعه واربعون,2023,قرار الهيئة لمعتمدية سليانة الجنوبية__76__سليانة.PDF,1TIIc-Ga9cm2ECeLL_NzhUikerVbVUZ76
سليانة,سليانه الجنوبيه,السفينه,كمال عمر,249,agree,249,مايتان وتسعه واربعون,2023,قرار الهيئة لمعتمدية سليانة الجنوبية__76__سليانة.PDF,1TIIc-Ga9cm2ECeLL_NzhUikerVbVUZ76
سليانة,سليانه الجنوبيه,القابل يتقدم اليها,صابر بوسيف,351,agree,351,ثلاثمايه وواحد وخمسون,2023,قرار الهيئة لمعتمدية سليانة الجنوبية__76__سليانة.PDF,1TIIc-Ga9cm2ECeLL_NzhUikerVbVUZ76
سليانة,سليانه الجنوبيه,القابل يتقدم اليها,محمدالامين السمراني,188,digits-wrong,1568,مايه وثمانيه وثمانون,2023,قرار الهيئة لمعتمدية سليانة الجنوبية__76__سليانة.PDF,1TIIc-Ga9cm2ECeLL_NzhUikerVbVUZ76
سليانة,سليانه الجنوبيه,القابل يتقدم اليها,شوق الجبالي,272,agree,272,مايتان واثنان وسبعون,2023,قرار الهيئة لمعتمدية سليانة الجنوبية__76__سليانة.PDF,1TIIc-Ga9cm2ECeLL_NzhUikerVbVUZ76
سليانة,سليانه الجنوبيه,اولاد زناق يتقدم اليها,فريح الزناقي,172,agree,172,مايه واثنان وسبعون,2023,قرار الهيئة لمعتمدية سليانة الجنوبية__76__سليانة.PDF,1TIIc-Ga9cm2ECeLL_NzhUikerVbVUZ76
سليانة,سليانه الجنوبيه,اولاد زناق يتقدم اليها,السحبي غرس الله,160,agree,160,مايه وستون,2023,قرار الهيئة لمعتمدية سليانة الجنوبية__76__سليانة.PDF,1TIIc-Ga9cm2ECeLL_NzhUikerVbVUZ76
سليانة,سليانه الجنوبيه,اولاد زناق يتقدم اليها,سامي عبدالله,89,agree,89,تسعه وثمانون,2023,قرار الهيئة لمعتمدية سليانة الجنوبية__76__سليانة.PDF,1TIIc-Ga9cm2ECeLL_NzhUikerVbVUZ76
سليانة,سليانه الجنوبيه,اولاد زناق يتقدم اليها,المنجي عمار,83,agree,83,ثلاثه وثمانون,2023,قرار الهيئة لمعتمدية سليانة الجنوبية__76__سليانة.PDF,1TIIc-Ga9cm2ECeLL_NzhUikerVbVUZ76
سليانة,سليانه الجنوبيه,"سجه,",ع جاع يي جع,0,digits-only,0,,2023,قرار الهيئة لمعتمدية سليانة الجنوبية__76__سليانة.PDF,1TIIc-Ga9cm2ECeLL_NzhUikerVbVUZ76
سليانة,سليانه الجنوبيه,"سجه,",ركبا الكتدوق ...-:ماكه,10,digits-wrong,110,وعشره,2023,قرار الهيئة لمعتمدية سليانة الجنوبية__76__سليانة.PDF,1TIIc-Ga9cm2ECeLL_NzhUikerVbVUZ76
سليانة,سليانه الجنوبيه,"سجه,",جمال العبيدي,146,agree,146,مايه وسته واربعون,2023,قرار الهيئة لمعتمدية سليانة الجنوبية__76__سليانة.PDF,1TIIc-Ga9cm2ECeLL_NzhUikerVbVUZ76
سليانة,سليانه الجنوبيه,"سجه,",مختار الواعري ماثتان,77,digits-wrong,277,وسبعه وسبعون,2023,قرار الهيئة لمعتمدية سليانة الجنوبية__76__سليانة.PDF,1TIIc-Ga9cm2ECeLL_NzhUikerVbVUZ76
سليانة,سليانه الجنوبيه,"سجه,",حسن البوراوي,79,agree,79,تسعه وسبعون,2023,قرار الهيئة لمعتمدية سليانة الجنوبية__76__سليانة.PDF,1TIIc-Ga9cm2ECeLL_NzhUikerVbVUZ76
سليانة,سليانه الجنوبيه,"سجه,",ايمن اليوراوي,151,agree,151,مايه وواحد وخمسون,2023,قرار الهيئة لمعتمدية سليانة الجنوبية__76__سليانة.PDF,1TIIc-Ga9cm2ECeLL_NzhUikerVbVUZ76
سليانة,سليانه الجنوبيه,"سجه,",زهير النصري,137,digits-wrong,1377,مايه وسبعه وثلاثون,2023,قرار الهيئة لمعتمدية سليانة الجنوبية__76__سليانة.PDF,1TIIc-Ga9cm2ECeLL_NzhUikerVbVUZ76
سليانة,سليانه الجنوبيه,"سجه,",جمال العسكري,52,agree,52,اثنان وخمسون,2023,قرار الهيئة لمعتمدية سليانة الجنوبية__76__سليانة.PDF,1TIIc-Ga9cm2ECeLL_NzhUikerVbVUZ76
سليانة,سليانه الجنوبيه,سيدي حماده يتقدم,عبدالنبي رحومه,63,agree,63,ثلاثه وستون,2023,قرار الهيئة لمعتمدية سليانة الجنوبية__76__سليانة.PDF,1TIIc-Ga9cm2ECeLL_NzhUikerVbVUZ76
سليانة,سليانه الجنوبيه,سيدي حماده يتقدم,رامي الحمادي,156,agree,156,مايه وسته وخمسون,2023,قرار الهيئة لمعتمدية سليانة الجنوبية__76__سليانة.PDF,1TIIc-Ga9cm2ECeLL_NzhUikerVbVUZ76
سليانة,سليانه الجنوبيه,سيدي مرشد,عبدالعزيز بريك,474,digits-wrong,4714,اربعمايه واربعه وسبعون,2023,قرار الهيئة لمعتمدية سليانة الجنوبية__76__سليانة.PDF,1TIIc-Ga9cm2ECeLL_NzhUikerVbVUZ76
سليانة,سليانه الجنوبيه,سيدي مرشد,نعمان بوعافيه,58,agree,58,ثمانيه وخمسون,2023,قرار الهيئة لمعتمدية سليانة الجنوبية__76__سليانة.PDF,1TIIc-Ga9cm2ECeLL_NzhUikerVbVUZ76
سليانة,سليانه الجنوبيه,سيدي مرشد,"معز شداد ثلاثه وسبعون |""",920007,digits-only,920007,,2023,قرار الهيئة لمعتمدية سليانة الجنوبية__76__سليانة.PDF,1TIIc-Ga9cm2ECeLL_NzhUikerVbVUZ76
سليانة,سليانه الجنوبيه,سيدي منصور,الحسين المعاوي,159,agree,159,مايه وتسعه وخمسون,2023,قرار الهيئة لمعتمدية سليانة الجنوبية__76__سليانة.PDF,1TIIc-Ga9cm2ECeLL_NzhUikerVbVUZ76
سليانة,سليانه الجنوبيه,سيدي منصور,صحبي عبوده 2,109,agree,109,مايه وتسعه,2023,قرار الهيئة لمعتمدية سليانة الجنوبية__76__سليانة.PDF,1TIIc-Ga9cm2ECeLL_NzhUikerVbVUZ76
سليانة,سليانه الجنوبيه,سيدي منصور,حون الطيع ‎0‏ > ااهابهث فامنيره,112,digits-only,112,,2023,قرار الهيئة لمعتمدية سليانة الجنوبية__76__سليانة.PDF,1TIIc-Ga9cm2ECeLL_NzhUikerVbVUZ76
سليانة,سليانه الجنوبيه,مرج مقدم,اشرف العمريق,106,agree,106,مايه وسته,2023,قرار الهيئة لمعتمدية سليانة الجنوبية__76__سليانة.PDF,1TIIc-Ga9cm2ECeLL_NzhUikerVbVUZ76
سليانة,سليانه الجنوبيه,مرج مقدم,فتحي الزهير الذوادي مايثه,23,digits-wrong,123,وثلاثه وعشرون,2023,قرار الهيئة لمعتمدية سليانة الجنوبية__76__سليانة.PDF,1TIIc-Ga9cm2ECeLL_NzhUikerVbVUZ76
سليانة,سليانه الشماليه,الجوي,شكري الصدقاوي,65,agree,65,خمسه وستون,2023,قرار الهيئة لمعتمدية سليانة الشمالية__77__سليانة.PDF,1Ww9F_CT1hzE4H51UTGg7XuRIIeVdV8rv
سليانة,سليانه الشماليه,الجوي,عبدالجليل السلامي ماثه,3,digits-wrong,103,وثلاثه,2023,قرار الهيئة لمعتمدية سليانة الشمالية__77__سليانة.PDF,1Ww9F_CT1hzE4H51UTGg7XuRIIeVdV8rv
سليانة,سليانه الشماليه,الجوي,خالد دبيش,211,agree,211,مايتان واحد عشره,2023,قرار الهيئة لمعتمدية سليانة الشمالية__77__سليانة.PDF,1Ww9F_CT1hzE4H51UTGg7XuRIIeVdV8rv
سليانة,سليانه الشماليه,الجوي,مروان النقاشي,50,agree,50,خمسون,2023,قرار الهيئة لمعتمدية سليانة الشمالية__77__سليانة.PDF,1Ww9F_CT1hzE4H51UTGg7XuRIIeVdV8rv
سليانة,سليانه الشماليه,الخلصه,محمدالعيد مبروك واحد وسيعون,7,digits-only,7,,2023,قرار الهيئة لمعتمدية سليانة الشمالية__77__سليانة.PDF,1Ww9F_CT1hzE4H51UTGg7XuRIIeVdV8rv
سليانة,سليانه الشماليه,العرب,صفاء الزكراوي,57,agree,57,سبعه وخمسون,2023,قرار الهيئة لمعتمدية سليانة الشمالية__77__سليانة.PDF,1Ww9F_CT1hzE4H51UTGg7XuRIIeVdV8rv
سليانة,سليانه الشماليه,العرب,معز الخروبي,81,agree,81,واحد وثمانون,2023,قرار الهيئة لمعتمدية سليانة الشمالية__77__سليانة.PDF,1Ww9F_CT1hzE4H51UTGg7XuRIIeVdV8rv
سليانة,سليانه الشماليه,العرب,سامي الزكراوي,91,digits-wrong,5,واحد وتسعون,2023,قرار الهيئة لمعتمدية سليانة الشمالية__77__سليانة.PDF,1Ww9F_CT1hzE4H51UTGg7XuRIIeVdV8rv
سليانة,سليانه الشماليه,العرب,سناء الصامتي,59,agree,59,تسعه وخمسون,2023,قرار الهيئة لمعتمدية سليانة الشمالية__77__سليانة.PDF,1Ww9F_CT1hzE4H51UTGg7XuRIIeVdV8rv
سليانة,سليانه الشماليه,العرب,حبيبه الخروبي,39,agree,39,تسعه وثلاثون,2023,قرار الهيئة لمعتمدية سليانة الشمالية__77__سليانة.PDF,1Ww9F_CT1hzE4H51UTGg7XuRIIeVdV8rv
سليانة,سليانه الشماليه,جامه يتقدم,عبدالوهاب الورفلي,114,agree,114,مايه واربعه عشر,2023,قرار الهيئة لمعتمدية سليانة الشمالية__77__سليانة.PDF,1Ww9F_CT1hzE4H51UTGg7XuRIIeVdV8rv
سليانة,سليانه الشماليه,جامه يتقدم,الحسين العربي,81,agree,81,واحد وثمانون,2023,قرار الهيئة لمعتمدية سليانة الشمالية__77__سليانة.PDF,1Ww9F_CT1hzE4H51UTGg7XuRIIeVdV8rv
سليانة,سليانه الشماليه,جامه يتقدم,بوجمعه بلقاسم,146,agree,146,مايه وسته واربعون,2023,قرار الهيئة لمعتمدية سليانة الشمالية__77__سليانة.PDF,1Ww9F_CT1hzE4H51UTGg7XuRIIeVdV8rv
سليانة,سليانه الشماليه,جامه يتقدم,حلمي الصامتي,89,digits-wrong,59,تسعه وثمانون,2023,قرار الهيئة لمعتمدية سليانة الشمالية__77__سليانة.PDF,1Ww9F_CT1hzE4H51UTGg7XuRIIeVdV8rv
سليانة,سليانه الشماليه,سليانه,انيس كنزاري,324,digits-wrong,23224,ثلاثمايه واربعه وعشرون,2023,قرار الهيئة لمعتمدية سليانة الشمالية__77__سليانة.PDF,1Ww9F_CT1hzE4H51UTGg7XuRIIeVdV8rv
سليانة,سليانه الشماليه,سليانه,هاجر الدريدي,108,agree,108,مايه وثمانيه,2023,قرار الهيئة لمعتمدية سليانة الشمالية__77__سليانة.PDF,1Ww9F_CT1hzE4H51UTGg7XuRIIeVdV8rv
سليانة,سليانه الشماليه,سليانه,فلاح منصوري2,367,agree,367,ثلاثمايه وسبعه وستون,2023,قرار الهيئة لمعتمدية سليانة الشمالية__77__سليانة.PDF,1Ww9F_CT1hzE4H51UTGg7XuRIIeVdV8rv
سليانة,سليانه الشماليه,سليانه,رمزي اللواتي,489,digits-wrong,469,اربعمايه وتسعه وثمانون,2023,قرار الهيئة لمعتمدية سليانة الشمالية__77__سليانة.PDF,1Ww9F_CT1hzE4H51UTGg7XuRIIeVdV8rv
سليانة,سليانه الشماليه,سليانه,منذر التوهامي,27,digits-wrong,277,سبعه وعشرون,2023,قرار الهيئة لمعتمدية سليانة الشمالية__77__سليانة.PDF,1Ww9F_CT1hzE4H51UTGg7XuRIIeVdV8rv
سليانة,سليانه الشماليه,سليانه,عمر العبيدي,343,agree,343,ثلاثمايه وثلاثه واربعون,2023,قرار الهيئة لمعتمدية سليانة الشمالية__77__سليانة.PDF,1Ww9F_CT1hzE4H51UTGg7XuRIIeVdV8rv
سليانة,سليانه الشماليه,"عين ديسه,",خالد زمال,53,agree,53,ثلاثه وخمسون,2023,قرار الهيئة لمعتمدية سليانة الشمالية__77__سليانة.PDF,1Ww9F_CT1hzE4H51UTGg7XuRIIeVdV8rv
سليانة,سليانه الشماليه,"عين ديسه,",وسام النوري,98,digits-wrong,58,ثمانيه وتسعون,2023,قرار الهيئة لمعتمدية سليانة الشمالية__77__سليانة.PDF,1Ww9F_CT1hzE4H51UTGg7XuRIIeVdV8rv
سليانة,سليانه الشماليه,مصوج,جمال بوزيان,103,agree,103,مايه وثلاثه,2023,قرار الهيئة لمعتمدية سليانة الشمالية__77__سليانة.PDF,1Ww9F_CT1hzE4H51UTGg7XuRIIeVdV8rv
سليانة,سليانه الشماليه,مصوج,غيث الشايب,26,agree,26,سته وعشرون,2023,قرار الهيئة لمعتمدية سليانة الشمالية__77__سليانة.PDF,1Ww9F_CT1hzE4H51UTGg7XuRIIeVdV8rv
سليانة,سليانه الشماليه,مصوج,محمد الحمروني,74,agree,74,اربعه وسبعون,2023,قرار الهيئة لمعتمدية سليانة الشمالية__77__سليانة.PDF,1Ww9F_CT1hzE4H51UTGg7XuRIIeVdV8rv
سليانة,قعفور,"الاحواز الجنوبيه, تصرح",رجاء الرحالي ‏,59,agree,59,تسعه وخمسون,2023,قرار الهيئة لمعتمدية قعفور__74__سليانة.PDF,1RhFDhshE-8GBbOBOAPuGemFUNIpV-p8B
سليانة,قعفور,"الاحواز الجنوبيه, تصرح",يسين الرحالي,86,agree,86,سته وثمانون,2023,قرار الهيئة لمعتمدية قعفور__74__سليانة.PDF,1RhFDhshE-8GBbOBOAPuGemFUNIpV-p8B
سليانة,قعفور,الاحواز الشماليه,خالد الجبالي,29,agree,29,تسعه وعشرون,2023,قرار الهيئة لمعتمدية قعفور__74__سليانة.PDF,1RhFDhshE-8GBbOBOAPuGemFUNIpV-p8B
سليانة,قعفور,الاخوات,وايل السليطي,261,agree,261,مايتان وواحد وستون,2023,قرار الهيئة لمعتمدية قعفور__74__سليانة.PDF,1RhFDhshE-8GBbOBOAPuGemFUNIpV-p8B
سليانة,قعفور,الاخوات,هيبه العرشيقي ‏ - مايهوصيعه,107,digits-only,107,,2023,قرار الهيئة لمعتمدية قعفور__74__سليانة.PDF,1RhFDhshE-8GBbOBOAPuGemFUNIpV-p8B
سليانة,قعفور,الاخوات,حمده الجويني ‏,55,agree,55,خمسه وخمسون,2023,قرار الهيئة لمعتمدية قعفور__74__سليانة.PDF,1RhFDhshE-8GBbOBOAPuGemFUNIpV-p8B
سليانة,قعفور,الاقصاب,وجدي البوسالمي,53,agree,53,ثلاثه وخمسون,2023,قرار الهيئة لمعتمدية قعفور__74__سليانة.PDF,1RhFDhshE-8GBbOBOAPuGemFUNIpV-p8B
سليانة,قعفور,الاقصاب,صلاح السياري,165,agree,165,مايه وخمسه وستون,2023,قرار الهيئة لمعتمدية قعفور__74__سليانة.PDF,1RhFDhshE-8GBbOBOAPuGemFUNIpV-p8B
سليانة,قعفور,عين زريق»,عبدالسلام الوسلاتي,254,agree,254,مايتان واربعه وخمسون,2023,قرار الهيئة لمعتمدية قعفور__74__سليانة.PDF,1RhFDhshE-8GBbOBOAPuGemFUNIpV-p8B
سليانة,قعفور,عين زريق»,محمدالطاهر الوسلاتي,79,agree,79,تسعه وسبعون,2023,قرار الهيئة لمعتمدية قعفور__74__سليانة.PDF,1RhFDhshE-8GBbOBOAPuGemFUNIpV-p8B
سليانة,قعفور,عين زريق»,مراد الهمامي,45,agree,45,خمسه واربعون,2023,قرار الهيئة لمعتمدية قعفور__74__سليانة.PDF,1RhFDhshE-8GBbOBOAPuGemFUNIpV-p8B
سليانة,قعفور,"قعفور الشرقيه, تصرح",رمزي الفرشيشي,410,agree,410,اربعمايه وعشره,2023,قرار الهيئة لمعتمدية قعفور__74__سليانة.PDF,1RhFDhshE-8GBbOBOAPuGemFUNIpV-p8B
سليانة,قعفور,"قعفور الشرقيه, تصرح",نجمه المحواشي ماثتان,32,digits-wrong,232,واثنان وثلاثون,2023,قرار الهيئة لمعتمدية قعفور__74__سليانة.PDF,1RhFDhshE-8GBbOBOAPuGemFUNIpV-p8B
سليانة,قعفور,قعفور الغربيه يتقدم,سامح العبيدي,118,agree,118,مايه وثمانيه عشر,2023,قرار الهيئة لمعتمدية قعفور__74__سليانة.PDF,1RhFDhshE-8GBbOBOAPuGemFUNIpV-p8B
سليانة,قعفور,قعفور الغربيه يتقدم,زبير المرواني,191,digits-wrong,101,مايه وواحد وتسعون,2023,قرار الهيئة لمعتمدية قعفور__74__سليانة.PDF,1RhFDhshE-8GBbOBOAPuGemFUNIpV-p8B
سليانة,قعفور,قعفور الغربيه يتقدم,سعيده الرحالي,23,agree,23,ثلاثه وعشرون,2023,قرار الهيئة لمعتمدية قعفور__74__سليانة.PDF,1RhFDhshE-8GBbOBOAPuGemFUNIpV-p8B
سليانة,قعفور,قعفور الغربيه يتقدم,الحبيب بركاتي,224,agree,224,مايتان واربعه وعشرون,2023,قرار الهيئة لمعتمدية قعفور__74__سليانة.PDF,1RhFDhshE-8GBbOBOAPuGemFUNIpV-p8B
سليانة,كسري,الحمام - (كسري) يتقدم,حسام مبروك,82,digits-wrong,862,اثنان وثمانون,2023,قرار الهيئة لمعتمدية كسرى__79__سليانة.PDF,1j_dKMGivEkK6nFqqRkM6VGS5d7V823J8
سليانة,كسري,الحمام - (كسري) يتقدم,عبدالحكيم كوكه,133,agree,133,مايه وثلاثه وثلاثون,2023,قرار الهيئة لمعتمدية كسرى__79__سليانة.PDF,1j_dKMGivEkK6nFqqRkM6VGS5d7V823J8
سليانة,كسري,الفضول,الصادق بالحاج ماثتان,34,digits-wrong,234,واربعه وثلاثون,2023,قرار الهيئة لمعتمدية كسرى__79__سليانة.PDF,1j_dKMGivEkK6nFqqRkM6VGS5d7V823J8
سليانة,كسري,الفضول,رمزي القبلي ماكتاق واثثاخ,90,digits-wrong,252,وتسعون,2023,قرار الهيئة لمعتمدية كسرى__79__سليانة.PDF,1j_dKMGivEkK6nFqqRkM6VGS5d7V823J8
سليانة,كسري,"القربه الجنوبيه, تصرح",رشيد العصادي,358,digits-wrong,3258,ثلاثمايه وثمانيه وخمسون,2023,قرار الهيئة لمعتمدية كسرى__79__سليانة.PDF,1j_dKMGivEkK6nFqqRkM6VGS5d7V823J8
سليانة,كسري,"القربه الجنوبيه, تصرح",المنذر بوزيان 2,40,agree,40,اربعون,2023,قرار الهيئة لمعتمدية كسرى__79__سليانة.PDF,1j_dKMGivEkK6nFqqRkM6VGS5d7V823J8
سليانة,كسري,"القربه الجنوبيه, تصرح",السيد الباهي,83,agree,83,ثلاثه وثمانون,2023,قرار الهيئة لمعتمدية كسرى__79__سليانة.PDF,1j_dKMGivEkK6nFqqRkM6VGS5d7V823J8
سليانة,كسري,القربه الشماليه يتقدم,فيصل القصيبي,143,words-only,,مايه وثلاثه واربعون,2023,قرار الهيئة لمعتمدية كسرى__79__سليانة.PDF,1j_dKMGivEkK6nFqqRkM6VGS5d7V823J8
سليانة,كسري,القربه الشماليه يتقدم,محمد سالم,145,words-only,,مايه وخمسه واربعون,2023,قرار الهيئة لمعتمدية كسرى__79__سليانة.PDF,1j_dKMGivEkK6nFqqRkM6VGS5d7V823J8
سليانة,كسري,القربه الشماليه يتقدم,محمد الحناثي,182,words-only,,مايه واثنان وثمانون,2023,قرار الهيئة لمعتمدية كسرى__79__سليانة.PDF,1j_dKMGivEkK6nFqqRkM6VGS5d7V823J8
سليانة,كسري,اللوزه - (كسري) يتقدم,عادل عبدالسلام,93,digits-wrong,53,ثلاثه وتسعون,2023,قرار الهيئة لمعتمدية كسرى__79__سليانة.PDF,1j_dKMGivEkK6nFqqRkM6VGS5d7V823J8
سليانة,كسري,اللوزه - (كسري) يتقدم,المولدي مبروكي مايه وتسعه وسبعون 179 1[,201,digits-only,201,,2023,قرار الهيئة لمعتمدية كسرى__79__سليانة.PDF,1j_dKMGivEkK6nFqqRkM6VGS5d7V823J8
سليانة,كسري,المنصوره الجنوبيه,نعيم قريره,168,agree,168,مايه وثمانيه وستون,2023,قرار الهيئة لمعتمدية كسرى__79__سليانة.PDF,1j_dKMGivEkK6nFqqRkM6VGS5d7V823J8
سليانة,كسري,المنصوره الجنوبيه,عماد كمون,101,agree,101,مايهوواحد,2023,قرار الهيئة لمعتمدية كسرى__79__سليانة.PDF,1j_dKMGivEkK6nFqqRkM6VGS5d7V823J8
سليانة,كسري,المنصوره الشماليه,المنجي العمراني,145,agree,145,مايه وخمسه واربعون,2023,قرار الهيئة لمعتمدية كسرى__79__سليانة.PDF,1j_dKMGivEkK6nFqqRkM6VGS5d7V823J8
سليانة,كسري,المنصوره الشماليه,علي الخضراوي,130,agree,130,مايه وثلاثون,2023,قرار الهيئة لمعتمدية كسرى__79__سليانة.PDF,1j_dKMGivEkK6nFqqRkM6VGS5d7V823J8
سليانة,كسري,المنصوره الشماليه,خميس بوفتح,88,digits-wrong,58,ثمانيه وثمانون,2023,قرار الهيئة لمعتمدية كسرى__79__سليانة.PDF,1j_dKMGivEkK6nFqqRkM6VGS5d7V823J8
سليانة,كسري,"بوعبد الله,",عبدالكريم العسكري2,352,agree,352,ثلاثمايه واثنان وخمسون,2023,قرار الهيئة لمعتمدية كسرى__79__سليانة.PDF,1j_dKMGivEkK6nFqqRkM6VGS5d7V823J8
سليانة,كسري,"بوعبد الله,",علي العسكري,186,digits-wrong,156,مايه وسته وثمانون,2023,قرار الهيئة لمعتمدية كسرى__79__سليانة.PDF,1j_dKMGivEkK6nFqqRkM6VGS5d7V823J8
سليانة,كسري,كسري,فتحي تاج,314,agree,314,ثلاثمايه واربعه عشر,2023,قرار الهيئة لمعتمدية كسرى__79__سليانة.PDF,1j_dKMGivEkK6nFqqRkM6VGS5d7V823J8
سليانة,كسري,كسري,محمدعلي بلقاسم,408,agree,408,اربعمايه وثمانيه,2023,قرار الهيئة لمعتمدية كسرى__79__سليانة.PDF,1j_dKMGivEkK6nFqqRkM6VGS5d7V823J8
سليانة,كسري,كسري,وبعد مداوله مجلس البييه العليا المستقله للانتخابات بتاريخ 27 ديسمبر,22023,digits-only,22023,,2023,قرار الهيئة لمعتمدية كسرى__79__سليانة.PDF,1j_dKMGivEkK6nFqqRkM6VGS5d7V823J8
سليانة,كسري,كسري,الفصل 1: الت عمليات الاقتراع والفرز وجمع النتايج لانتخابات اعضاء المجلس المحلي لمعتمديه كسري من ولايه سليانه لسنه,2023,digits-only,2023,,2023,قرار الهيئة لمعتمدية كسرى__79__سليانة.PDF,1j_dKMGivEkK6nFqqRkM6VGS5d7V823J8
سليانة,كسري,الحمام - (كسري) يتقدم,سمر السباعي,143,agree,143,مايه وثلاثه واربعون,2023,قرار الهيئة لمعتمدية كسرى__79__سليانة.PDF,1j_dKMGivEkK6nFqqRkM6VGS5d7V823J8
سليانة,كسري,الحمام - (كسري) يتقدم,حسام مبروك,82,digits-wrong,52,اثنان وثمانون,2023,قرار الهيئة لمعتمدية كسرى__79__سليانة.PDF,1j_dKMGivEkK6nFqqRkM6VGS5d7V823J8
سليانة,كسري,الحمام - (كسري) يتقدم,عبدالحكيم كوكه مايه وثلاثه وثلاثون بتكل,50075,digits-only,50075,,2023,قرار الهيئة لمعتمدية كسرى__79__سليانة.PDF,1j_dKMGivEkK6nFqqRkM6VGS5d7V823J8
سليانة,كسري,الفضول,الصادق بالحاج ماثتان,34,digits-wrong,234,واربعه وثلاثون,2023,قرار الهيئة لمعتمدية كسرى__79__سليانة.PDF,1j_dKMGivEkK6nFqqRkM6VGS5d7V823J8
سليانة,كسري,الفضول,رمزي القبلي,292,digits-wrong,252,مايتان واثنان وتسعون,2023,قرار الهيئة لمعتمدية كسرى__79__سليانة.PDF,1j_dKMGivEkK6nFqqRkM6VGS5d7V823J8
سليانة,كسري,القريه الشماليه يتقدم,محمد الحناشي,182,digits-wrong,152,مايه واثنان وثمانون,2023,قرار الهيئة لمعتمدية كسرى__79__سليانة.PDF,1j_dKMGivEkK6nFqqRkM6VGS5d7V823J8
سليانة,كسري,اللوزه - (كسري) يتقدم,سفيان العلوي,97,digits-wrong,57,سبعه وتسعون,2023,قرار الهيئة لمعتمدية كسرى__79__سليانة.PDF,1j_dKMGivEkK6nFqqRkM6VGS5d7V823J8
سليانة,كسري,اللوزه - (كسري) يتقدم,عادل عبدالسلام,93,digits-wrong,53,ثلاثه وتسعون,2023,قرار الهيئة لمعتمدية كسرى__79__سليانة.PDF,1j_dKMGivEkK6nFqqRkM6VGS5d7V823J8
سليانة,كسري,اللوزه - (كسري) يتقدم,المولدي مبروكي,179,agree,179,مايه وتسعه وسبعون,2023,قرار الهيئة لمعتمدية كسرى__79__سليانة.PDF,1j_dKMGivEkK6nFqqRkM6VGS5d7V823J8
سليانة,كسري,المنصوره الجنوبيه,نعيم قريره مايهاثمانيه ومسقون,168,digits-only,168,,2023,قرار الهيئة لمعتمدية كسرى__79__سليانة.PDF,1j_dKMGivEkK6nFqqRkM6VGS5d7V823J8
سليانة,كسري,المنصوره الجنوبيه,عماد كمون,101,agree,101,مايه وواحد,2023,قرار الهيئة لمعتمدية كسرى__79__سليانة.PDF,1j_dKMGivEkK6nFqqRkM6VGS5d7V823J8
سليانة,كسري,المنصوره الجنوبيه,الناجي الشطي,144,agree,144,مايه واربعه واربعون,2023,قرار الهيئة لمعتمدية كسرى__79__سليانة.PDF,1j_dKMGivEkK6nFqqRkM6VGS5d7V823J8
سليانة,كسري,المنصوره الشماليه,خميس بوفتح2,88,digits-wrong,58,ثمانيه وثمانون,2023,قرار الهيئة لمعتمدية كسرى__79__سليانة.PDF,1j_dKMGivEkK6nFqqRkM6VGS5d7V823J8
سليانة,كسري,"بوعبد الله,",عبدالكريم العسكري,352,agree,352,ثلاثمايه واثنان وخمسون,2023,قرار الهيئة لمعتمدية كسرى__79__سليانة.PDF,1j_dKMGivEkK6nFqqRkM6VGS5d7V823J8
سليانة,كسري,"بوعبد الله,",علي العسكري,186,digits-wrong,156,مايه وسته وثمانون,2023,قرار الهيئة لمعتمدية كسرى__79__سليانة.PDF,1j_dKMGivEkK6nFqqRkM6VGS5d7V823J8
سليانة,كسري,كسريء تصرح البييه,فتحي تاج,314,agree,314,ثلاثمايه واربعه عشر,2023,قرار الهيئة لمعتمدية كسرى__79__سليانة.PDF,1j_dKMGivEkK6nFqqRkM6VGS5d7V823J8
سليانة,كسري,كسريء تصرح البييه,محمدعلي بلقاسم,408,agree,408,اربعمايه وثمانيه,2023,قرار الهيئة لمعتمدية كسرى__79__سليانة.PDF,1j_dKMGivEkK6nFqqRkM6VGS5d7V823J8
سليانة,مكثر,السوالم يتقدم الها,لطفي البلدي,31,agree,31,واحد وثلاثون,2023,قرار الهيئة لمعتمدية مكثر__80__سليانة.PDF,1dFDYcId88DS92gyDmq5LEjdWWni7LLc1
سليانة,مكثر,السوالم يتقدم الها,عادل حراث,86,agree,86,سته وثمانون,2023,قرار الهيئة لمعتمدية مكثر__80__سليانة.PDF,1dFDYcId88DS92gyDmq5LEjdWWni7LLc1
سليانة,مكثر,السوالم يتقدم الها,رضا الفضيلي,87,digits-wrong,567,سبعه وثمانون,2023,قرار الهيئة لمعتمدية مكثر__80__سليانة.PDF,1dFDYcId88DS92gyDmq5LEjdWWni7LLc1
سليانة,مكثر,السوالم يتقدم الها,علي الخليفي,5,agree,5,خمسه,2023,قرار الهيئة لمعتمدية مكثر__80__سليانة.PDF,1dFDYcId88DS92gyDmq5LEjdWWni7LLc1
سليانة,مكثر,السوالم يتقدم الها,مراد البلدي,91,digits-wrong,591,واحد وتسعون,2023,قرار الهيئة لمعتمدية مكثر__80__سليانة.PDF,1dFDYcId88DS92gyDmq5LEjdWWni7LLc1
سليانة,مكثر,الشوارنيه يتقدم الها,حافظ قلش,97,digits-wrong,57,سبعه وتسعون,2023,قرار الهيئة لمعتمدية مكثر__80__سليانة.PDF,1dFDYcId88DS92gyDmq5LEjdWWni7LLc1
سليانة,مكثر,الشوارنيه يتقدم الها,قيس الشارني,52,agree,52,اثنان وخمسون,2023,قرار الهيئة لمعتمدية مكثر__80__سليانة.PDF,1dFDYcId88DS92gyDmq5LEjdWWni7LLc1
سليانة,مكثر,الشوارنيه يتقدم الها,سيف الدين الحاج الطيب2,22,agree,22,اثنان وعشرون,2023,قرار الهيئة لمعتمدية مكثر__80__سليانة.PDF,1dFDYcId88DS92gyDmq5LEjdWWni7LLc1
سليانة,مكثر,الشوارنيه يتقدم الها,احمد الدبوسي,121,agree,121,مايه وواحد وعشرون,2023,قرار الهيئة لمعتمدية مكثر__80__سليانة.PDF,1dFDYcId88DS92gyDmq5LEjdWWni7LLc1
سليانة,مكثر,القرعه يتقدم الها,منير صميدهه,58,agree,58,ثمانيه وخمسون,2023,قرار الهيئة لمعتمدية مكثر__80__سليانة.PDF,1dFDYcId88DS92gyDmq5LEjdWWni7LLc1
سليانة,مكثر,القرعه يتقدم الها,عبدالحكيم الزاهي,29,agree,29,تسعه وعشرون,2023,قرار الهيئة لمعتمدية مكثر__80__سليانة.PDF,1dFDYcId88DS92gyDmq5LEjdWWni7LLc1
سليانة,مكثر,القرعه يتقدم الها,ياسين الزاهي,63,agree,63,ثلاثه وستون,2023,قرار الهيئة لمعتمدية مكثر__80__سليانة.PDF,1dFDYcId88DS92gyDmq5LEjdWWni7LLc1
سليانة,مكثر,القرعه يتقدم الها,هيثم الزاهي,86,digits-wrong,56,سته وثمانون,2023,قرار الهيئة لمعتمدية مكثر__80__سليانة.PDF,1dFDYcId88DS92gyDmq5LEjdWWni7LLc1
سليانة,مكثر,القرعه يتقدم الها,عزالدين الزاهي,13,digits-wrong,185,ثلاثه عشر,2023,قرار الهيئة لمعتمدية مكثر__80__سليانة.PDF,1dFDYcId88DS92gyDmq5LEjdWWni7LLc1
سليانة,مكثر,باز يتقدم الها المترشحان,حمدي بالعوايد,137,agree,137,مايه وسبعه وثلاثون,2023,قرار الهيئة لمعتمدية مكثر__80__سليانة.PDF,1dFDYcId88DS92gyDmq5LEjdWWni7LLc1
سليانة,مكثر,باز يتقدم الها المترشحان,الانور خليف,49,agree,49,تسعه واربعون,2023,قرار الهيئة لمعتمدية مكثر__80__سليانة.PDF,1dFDYcId88DS92gyDmq5LEjdWWni7LLc1
سليانة,مكثر,"بني حازم, تصرح البييه",الناصر حميده مايه وخمسه وسبعون 1/5,4,digits-only,4,,2023,قرار الهيئة لمعتمدية مكثر__80__سليانة.PDF,1dFDYcId88DS92gyDmq5LEjdWWni7LLc1
سليانة,مكثر,راس الوادي - (مكثر),احلام بن عماره,183,digits-wrong,163,مايه وثلاثه وثمانون,2023,قرار الهيئة لمعتمدية مكثر__80__سليانة.PDF,1dFDYcId88DS92gyDmq5LEjdWWni7LLc1
سليانة,مكثر,راس الوادي - (مكثر),انيس القطبي مايه واثنا,10,digits-wrong,112,عشره,2023,قرار الهيئة لمعتمدية مكثر__80__سليانة.PDF,1dFDYcId88DS92gyDmq5LEjdWWni7LLc1
سليانة,مكثر,سند الحداد يتقدم اليها,منجي قريره,85,agree,85,خمسه وثمانون,2023,قرار الهيئة لمعتمدية مكثر__80__سليانة.PDF,1dFDYcId88DS92gyDmq5LEjdWWni7LLc1
سليانة,مكثر,سند الحداد يتقدم اليها,نورالدين العمري مايه واثنا,10,digits-wrong,112,عشره,2023,قرار الهيئة لمعتمدية مكثر__80__سليانة.PDF,1dFDYcId88DS92gyDmq5LEjdWWni7LLc1
سليانة,مكثر,سند الحداد يتقدم اليها,سعيد الوحيشي,79,agree,79,تسعه وسبعون,2023,قرار الهيئة لمعتمدية مكثر__80__سليانة.PDF,1dFDYcId88DS92gyDmq5LEjdWWni7LLc1
سليانة,مكثر,صدينء تصرح البييه,خليل السبتاوي.,39,agree,39,تسعه وثلاثون,2023,قرار الهيئة لمعتمدية مكثر__80__سليانة.PDF,1dFDYcId88DS92gyDmq5LEjdWWni7LLc1
سليانة,مكثر,صيارء تصرح البييه العليا,حمزه بوغره ماثه,4,digits-wrong,104,واربعه,2023,قرار الهيئة لمعتمدية مكثر__80__سليانة.PDF,1dFDYcId88DS92gyDmq5LEjdWWni7LLc1
سليانة,مكثر,صيارء تصرح البييه العليا,ربح خدايجي,49,agree,49,تسعه واربعون,2023,قرار الهيئة لمعتمدية مكثر__80__سليانة.PDF,1dFDYcId88DS92gyDmq5LEjdWWni7LLc1
سليانة,مكثر,صيارء تصرح البييه العليا,مقداد بوغره ماثتان,14,digits-wrong,214,واربعه عشر,2023,قرار الهيئة لمعتمدية مكثر__80__سليانة.PDF,1dFDYcId88DS92gyDmq5LEjdWWni7LLc1
سليانة,مكثر,مكثر الجنوبيه يتقدم الها,نزار العتيري,330,agree,330,ثلاثمايه وثلاثون,2023,قرار الهيئة لمعتمدية مكثر__80__سليانة.PDF,1dFDYcId88DS92gyDmq5LEjdWWni7LLc1
سليانة,مكثر,مكثر الجنوبيه يتقدم الها,علي بنمنصور,83,agree,83,ثلاثه وثمانون,2023,قرار الهيئة لمعتمدية مكثر__80__سليانة.PDF,1dFDYcId88DS92gyDmq5LEjdWWni7LLc1
سليانة,مكثر,مكثر الجنوبيه يتقدم الها,هاجر عامري,126,agree,126,مايه وسته وعشرون,2023,قرار الهيئة لمعتمدية مكثر__80__سليانة.PDF,1dFDYcId88DS92gyDmq5LEjdWWni7LLc1
سليانة,مكثر,مكثر الجنوبيه يتقدم الها,حمدي بن الربيحه,318,agree,318,ثلاثمايه وثمانيه عشر,2023,قرار الهيئة لمعتمدية مكثر__80__سليانة.PDF,1dFDYcId88DS92gyDmq5LEjdWWni7LLc1
سليانة,مكثر,"مكثر الشماليه, تصرح",نبيل المرزوق ماتفان وتهايعه وثمانونق,268,digits-only,268,,2023,قرار الهيئة لمعتمدية مكثر__80__سليانة.PDF,1dFDYcId88DS92gyDmq5LEjdWWni7LLc1
سليانة,مكثر,"مكثر الشماليه, تصرح",رجاء الصيفي,102,agree,102,مايه واثنان,2023,قرار الهيئة لمعتمدية مكثر__80__سليانة.PDF,1dFDYcId88DS92gyDmq5LEjdWWni7LLc1
سليانة,مكثر,"مكثر الشماليه, تصرح",احمذ الطمراوي,61,agree,61,واحدوستون,2023,قرار الهيئة لمعتمدية مكثر__80__سليانة.PDF,1dFDYcId88DS92gyDmq5LEjdWWni7LLc1
سوسة,الزاويه - القصيبه - الثريات,الثريات,رفيق سويمبي,167,agree,167,مايه وسبعه وستون,2023,قرار الهيئة لمعتمدية الزاوية - القصيبة - الثريات__192__سوسة.PDF,1g_7lhojG1aARQmnCjJnBy2H5MsIjJzg-
سوسة,الزاويه - القصيبه - الثريات,الثريات,سعيده الغربي,250,agree,250,مايتان وخمسون,2023,قرار الهيئة لمعتمدية الزاوية - القصيبة - الثريات__192__سوسة.PDF,1g_7lhojG1aARQmnCjJnBy2H5MsIjJzg-
سوسة,الزاويه - القصيبه - الثريات,زاويه,فراس دقا,863,agree,0863,ثمانمايه وثلاثه وستون,2023,قرار الهيئة لمعتمدية الزاوية - القصيبة - الثريات__192__سوسة.PDF,1g_7lhojG1aARQmnCjJnBy2H5MsIjJzg-
سوسة,الزاويه - القصيبه - الثريات,زاويه,ايمن الغضبان مايثتان,20,digits-wrong,220,وعشرون,2023,قرار الهيئة لمعتمدية الزاوية - القصيبة - الثريات__192__سوسة.PDF,1g_7lhojG1aARQmnCjJnBy2H5MsIjJzg-
سوسة,الزاويه - القصيبه - الثريات,زاويه,رضا عبداوي,318,agree,318,ثلاثمايه وثمانيه عشر,2023,قرار الهيئة لمعتمدية الزاوية - القصيبة - الثريات__192__سوسة.PDF,1g_7lhojG1aARQmnCjJnBy2H5MsIjJzg-
سوسة,الزاويه - القصيبه - الثريات,زاويه,"الياس, يوزعبيه: ثلاثماثه واثنات",50,digits-wrong,352,وخمسون,2023,قرار الهيئة لمعتمدية الزاوية - القصيبة - الثريات__192__سوسة.PDF,1g_7lhojG1aARQmnCjJnBy2H5MsIjJzg-
سوسة,الزاويه - القصيبه - الثريات,زاويه,عمر العياثي ماثتان,71,digits-wrong,271,وواحد وسبعون,2023,قرار الهيئة لمعتمدية الزاوية - القصيبة - الثريات__192__سوسة.PDF,1g_7lhojG1aARQmnCjJnBy2H5MsIjJzg-
سوسة,الزاويه - القصيبه - الثريات,قصيبه,ايمن قدور,251,agree,251,مايتان وواحد وخمسون,2023,قرار الهيئة لمعتمدية الزاوية - القصيبة - الثريات__192__سوسة.PDF,1g_7lhojG1aARQmnCjJnBy2H5MsIjJzg-
سوسة,الزاويه - القصيبه - الثريات,قصيبه,ايمان الطرابلسي,162,agree,162,مايه واثنان وستون,2023,قرار الهيئة لمعتمدية الزاوية - القصيبة - الثريات__192__سوسة.PDF,1g_7lhojG1aARQmnCjJnBy2H5MsIjJzg-
سوسة,الزاويه - القصيبه - الثريات,قصيبه,لطفي مزوغي,90,digits-wrong,50,تسعون,2023,قرار الهيئة لمعتمدية الزاوية - القصيبة - الثريات__192__سوسة.PDF,1g_7lhojG1aARQmnCjJnBy2H5MsIjJzg-
سوسة,الزاويه - القصيبه - الثريات,قصيبه,حلدي النابلي,152,agree,152,مايه واثنان وخمسون,2023,قرار الهيئة لمعتمدية الزاوية - القصيبة - الثريات__192__سوسة.PDF,1g_7lhojG1aARQmnCjJnBy2H5MsIjJzg-
سوسة,القلعه الصغري,القلعه,ناديه الصغير,207,agree,207,مايتان وسبعه,2023,قرار الهيئة لمعتمدية القلعة الصغرى__205__سوسة.PDF,1d91KWpcbDJf26WxEc3LBbwiaZGOQk9kX
سوسة,القلعه الصغري,القلعه,محمد العبيدي,146,agree,146,مايه وسته واربعون,2023,قرار الهيئة لمعتمدية القلعة الصغرى__205__سوسة.PDF,1d91KWpcbDJf26WxEc3LBbwiaZGOQk9kX
سوسة,القلعه الصغري,القلعه,رغده خالدي,31,agree,31,واحد وثلاثون,2023,قرار الهيئة لمعتمدية القلعة الصغرى__205__سوسة.PDF,1d91KWpcbDJf26WxEc3LBbwiaZGOQk9kX
سوسة,القلعه الصغري,القلعه,مروان ابيض,137,agree,137,مايه وسبعه وثلاثون,2023,قرار الهيئة لمعتمدية القلعة الصغرى__205__سوسة.PDF,1d91KWpcbDJf26WxEc3LBbwiaZGOQk9kX
سوسة,القلعه الصغري,القلعه,صلاح الدين فارح,178,agree,178,مايه وثمانيه وسبعون,2023,قرار الهيئة لمعتمدية القلعة الصغرى__205__سوسة.PDF,1d91KWpcbDJf26WxEc3LBbwiaZGOQk9kX
سوسة,القلعه الصغري,القلعه,ماجد المغيربي,178,agree,178,مايه وثمانيه وسبعون,2023,قرار الهيئة لمعتمدية القلعة الصغرى__205__سوسة.PDF,1d91KWpcbDJf26WxEc3LBbwiaZGOQk9kX
سوسة,القلعه الصغري,القلعه,محمد وسام بوقديده ثلاثمايه وثلاثه وسبعون 3/3,5208,digits-only,5208,,2023,قرار الهيئة لمعتمدية القلعة الصغرى__205__سوسة.PDF,1d91KWpcbDJf26WxEc3LBbwiaZGOQk9kX
سوسة,القلعه الصغري,القلعه,محمدامين بن رقايه,57,digits-wrong,5,سبعه وخمسون,2023,قرار الهيئة لمعتمدية القلعة الصغرى__205__سوسة.PDF,1d91KWpcbDJf26WxEc3LBbwiaZGOQk9kX
سوسة,القلعه الصغري,القلعه,منصور صمايري,247,digits-wrong,217,مايتان وسبعه واربعون,2023,قرار الهيئة لمعتمدية القلعة الصغرى__205__سوسة.PDF,1d91KWpcbDJf26WxEc3LBbwiaZGOQk9kX
سوسة,القلعه الصغري,القلعه,محمد بن دغموره,103,agree,103,مايه وثلاثه,2023,قرار الهيئة لمعتمدية القلعة الصغرى__205__سوسة.PDF,1d91KWpcbDJf26WxEc3LBbwiaZGOQk9kX
سوسة,القلعه الصغري,"وادي لايه,",حمدي بن الشعليه,89,agree,89,تسعه وثمانون,2023,قرار الهيئة لمعتمدية القلعة الصغرى__205__سوسة.PDF,1d91KWpcbDJf26WxEc3LBbwiaZGOQk9kX
سوسة,القلعه الصغري,"وادي لايه,",المنذر بودلال,44,agree,44,اربعه واربعون,2023,قرار الهيئة لمعتمدية القلعة الصغرى__205__سوسة.PDF,1d91KWpcbDJf26WxEc3LBbwiaZGOQk9kX
سوسة,القلعه الكبري,الزعارنه,اسماعيل سايب,175,agree,175,مايه وخمسه وسبعون,2023,قرار الهيئة لمعتمدية القلعة الكبرى__193__سوسة.PDF,1T085Srj9cKlycBqNdkeHSSfifudMD4bR
سوسة,القلعه الكبري,الزعارنه,نورالدين بن عبدالسلام,266,agree,266,مايتان وسته وستون,2023,قرار الهيئة لمعتمدية القلعة الكبرى__193__سوسة.PDF,1T085Srj9cKlycBqNdkeHSSfifudMD4bR
سوسة,القلعه الكبري,الزعارنه,احمد بن عبد السلام,166,agree,166,مايه وسته وستون,2023,قرار الهيئة لمعتمدية القلعة الكبرى__193__سوسة.PDF,1T085Srj9cKlycBqNdkeHSSfifudMD4bR
سوسة,القلعه الكبري,"الزعارنه الغربيه, تصرح",جمال حلاوه ماكقان ومنته,206,digits-only,206,,2023,قرار الهيئة لمعتمدية القلعة الكبرى__193__سوسة.PDF,1T085Srj9cKlycBqNdkeHSSfifudMD4bR
سوسة,القلعه الكبري,"الزعارنه الغربيه, تصرح",محمد الهادي بن سعد,82,digits-wrong,52,اثنان وثمانون,2023,قرار الهيئة لمعتمدية القلعة الكبرى__193__سوسة.PDF,1T085Srj9cKlycBqNdkeHSSfifudMD4bR
سوسة,القلعه الكبري,السد الغربي,مهران ابن عبدالرزاق,386,agree,386,ثلاثمايه وسته وثمانون,2023,قرار الهيئة لمعتمدية القلعة الكبرى__193__سوسة.PDF,1T085Srj9cKlycBqNdkeHSSfifudMD4bR
سوسة,القلعه الكبري,السد الغربي,حبيبه بن حسين,250,agree,250,مايتان وخمسون,2023,قرار الهيئة لمعتمدية القلعة الكبرى__193__سوسة.PDF,1T085Srj9cKlycBqNdkeHSSfifudMD4bR
سوسة,القلعه الكبري,اولاد,"حتياه, شامق",133,words-only,,مايه وثلاثه وثلاثون,2023,قرار الهيئة لمعتمدية القلعة الكبرى__193__سوسة.PDF,1T085Srj9cKlycBqNdkeHSSfifudMD4bR
سوسة,القلعه الكبري,اولاد,علي بلطيفه,141,words-only,,مايه وواحد واربعون,2023,قرار الهيئة لمعتمدية القلعة الكبرى__193__سوسة.PDF,1T085Srj9cKlycBqNdkeHSSfifudMD4bR
سوسة,القلعه الكبري,اولاد,عبدالحميد الساحلي,310,words-only,,ثلاثمايه وعشره,2023,قرار الهيئة لمعتمدية القلعة الكبرى__193__سوسة.PDF,1T085Srj9cKlycBqNdkeHSSfifudMD4bR
سوسة,القلعه الكبري,"بلعوم, تصرح",ساميه رحومه2,23,digits-wrong,28,ثلاثه وعشرون,2023,قرار الهيئة لمعتمدية القلعة الكبرى__193__سوسة.PDF,1T085Srj9cKlycBqNdkeHSSfifudMD4bR
سوسة,النفيضه,الشقارنيه؛ تصرح البييه,رمزي بن محمد,147,agree,147,مايه وسبعه واربعون,2023,قرار الهيئة لمعتمدية النفيضة__سوسة.PDF,1aL3KVmbCOiZO3Y0R72XTz6RobQ2UHDbW
سوسة,النفيضه,الشقارنيه؛ تصرح البييه,الشادلي الغضاب,117,agree,117,مايه وسبعه عشر,2023,قرار الهيئة لمعتمدية النفيضة__سوسة.PDF,1aL3KVmbCOiZO3Y0R72XTz6RobQ2UHDbW
سوسة,النفيضه,الفراده,الصحبي عامر,472,agree,0472,اربعمايه واثنان وسبعون,2023,قرار الهيئة لمعتمدية النفيضة__سوسة.PDF,1aL3KVmbCOiZO3Y0R72XTz6RobQ2UHDbW
سوسة,النفيضه,الفراده,سامي بوزيان مايثتان,63,digits-wrong,263,وثلاثه وستون,2023,قرار الهيئة لمعتمدية النفيضة__سوسة.PDF,1aL3KVmbCOiZO3Y0R72XTz6RobQ2UHDbW
سوسة,النفيضه,الفراده,فيصل بوذروه,17,agree,17,سبعه عشر,2023,قرار الهيئة لمعتمدية النفيضة__سوسة.PDF,1aL3KVmbCOiZO3Y0R72XTz6RobQ2UHDbW
سوسة,النفيضه,القارصي يتقدم الها,كريم تريعه,99,agree,99,تسعه وتسعون,2023,قرار الهيئة لمعتمدية النفيضة__سوسة.PDF,1aL3KVmbCOiZO3Y0R72XTz6RobQ2UHDbW
سوسة,النفيضه,القارصي يتقدم الها,مقداد عاشور,75,agree,75,خمسه وسبعون,2023,قرار الهيئة لمعتمدية النفيضة__سوسة.PDF,1aL3KVmbCOiZO3Y0R72XTz6RobQ2UHDbW
سوسة,النفيضه,القارصي يتقدم الها,محمد عاشور,136,agree,136,مايه وسته وثلاثون,2023,قرار الهيئة لمعتمدية النفيضة__سوسة.PDF,1aL3KVmbCOiZO3Y0R72XTz6RobQ2UHDbW
سوسة,النفيضه,القارصي يتقدم الها,بوراوي عاشور,266,agree,266,مايتان وسته وستون,2023,قرار الهيئة لمعتمدية النفيضة__سوسة.PDF,1aL3KVmbCOiZO3Y0R72XTz6RobQ2UHDbW
سوسة,النفيضه,القارصي يتقدم الها,علي البوهالي,150,agree,150,مايه وخمسون,2023,قرار الهيئة لمعتمدية النفيضة__سوسة.PDF,1aL3KVmbCOiZO3Y0R72XTz6RobQ2UHDbW
سوسة,النفيضه,القارصي يتقدم الها,تبهيل نضر,148,agree,148,مايه وثمانيه واربعون,2023,قرار الهيئة لمعتمدية النفيضة__سوسة.PDF,1aL3KVmbCOiZO3Y0R72XTz6RobQ2UHDbW
سوسة,النفيضه,القارصي يتقدم الها,كمال صميده,15,agree,15,خمسه عشر,2023,قرار الهيئة لمعتمدية النفيضة__سوسة.PDF,1aL3KVmbCOiZO3Y0R72XTz6RobQ2UHDbW
سوسة,النفيضه,النفيضه يتقدم الها,احمدسرالدين قيقه,84,agree,84,اربعه وثمانون,2023,قرار الهيئة لمعتمدية النفيضة__سوسة.PDF,1aL3KVmbCOiZO3Y0R72XTz6RobQ2UHDbW
سوسة,النفيضه,النفيضه يتقدم الها,عبدا عماره,266,agree,266,مايتان وسته وستون,2023,قرار الهيئة لمعتمدية النفيضة__سوسة.PDF,1aL3KVmbCOiZO3Y0R72XTz6RobQ2UHDbW
سوسة,النفيضه,النفيضه يتقدم الها,مروان سندي,99,agree,99,تسعه وتسعون,2023,قرار الهيئة لمعتمدية النفيضة__سوسة.PDF,1aL3KVmbCOiZO3Y0R72XTz6RobQ2UHDbW
سوسة,النفيضه,النفيضه يتقدم الها,ماهر غفيره,66,agree,66,سته وستون,2023,قرار الهيئة لمعتمدية النفيضة__سوسة.PDF,1aL3KVmbCOiZO3Y0R72XTz6RobQ2UHDbW
سوسة,النفيضه,النفيضه يتقدم الها,عبيش النفاتي اربعمايه واثنا,10,digits-wrong,412,عشره,2023,قرار الهيئة لمعتمدية النفيضة__سوسة.PDF,1aL3KVmbCOiZO3Y0R72XTz6RobQ2UHDbW
سوسة,النفيضه,النفيضه يتقدم الها,حسني النفاتي,99,agree,99,تسعه وتسعون,2023,قرار الهيئة لمعتمدية النفيضة__سوسة.PDF,1aL3KVmbCOiZO3Y0R72XTz6RobQ2UHDbW
سوسة,النفيضه,اولاد عبد الله يتقدم,اشرف الوحيشي,82,digits-wrong,852,اثنان وثمانون,2023,قرار الهيئة لمعتمدية النفيضة__سوسة.PDF,1aL3KVmbCOiZO3Y0R72XTz6RobQ2UHDbW
سوسة,النفيضه,اولاد عبد الله يتقدم,شاكر بوسيف,80,agree,80,ثمانون,2023,قرار الهيئة لمعتمدية النفيضة__سوسة.PDF,1aL3KVmbCOiZO3Y0R72XTz6RobQ2UHDbW
سوسة,النفيضه,اولاد عبد الله يتقدم,محمد اللطيف,117,agree,117,مايه وسبعه عشر,2023,قرار الهيئة لمعتمدية النفيضة__سوسة.PDF,1aL3KVmbCOiZO3Y0R72XTz6RobQ2UHDbW
سوسة,النفيضه,اولاد عبد الله يتقدم,كريمه الحاج صالح,26,agree,26,سته وعشرون,2023,قرار الهيئة لمعتمدية النفيضة__سوسة.PDF,1aL3KVmbCOiZO3Y0R72XTz6RobQ2UHDbW
سوسة,النفيضه,اولاد عبد الله يتقدم,علي السعيدي,266,agree,266,مايتان وسته وستون,2023,قرار الهيئة لمعتمدية النفيضة__سوسة.PDF,1aL3KVmbCOiZO3Y0R72XTz6RobQ2UHDbW
سوسة,النفيضه,اولاد عبد الله يتقدم,سالمه بوسيف,24,agree,24,اربعه وعشرون,2023,قرار الهيئة لمعتمدية النفيضة__سوسة.PDF,1aL3KVmbCOiZO3Y0R72XTz6RobQ2UHDbW
سوسة,النفيضه,تكرونه,فواد بنحسين مايه واثنا,10,digits-wrong,112,عشره,2023,قرار الهيئة لمعتمدية النفيضة__سوسة.PDF,1aL3KVmbCOiZO3Y0R72XTz6RobQ2UHDbW
سوسة,النفيضه,تكرونه,سناء قنبان | التيعه عدن,17,digits-only,17,,2023,قرار الهيئة لمعتمدية النفيضة__سوسة.PDF,1aL3KVmbCOiZO3Y0R72XTz6RobQ2UHDbW
سوسة,النفيضه,قريميط الشرقيه,بلعيد عيش,67,words-only,,سبعه وستون,2023,قرار الهيئة لمعتمدية النفيضة__سوسة.PDF,1aL3KVmbCOiZO3Y0R72XTz6RobQ2UHDbW
سوسة,النفيضه,قريميط الشرقيه,صالح الهمامي ماثتان,88,words-only,,وثمانيه وثمانون,2023,قرار الهيئة لمعتمدية النفيضة__سوسة.PDF,1aL3KVmbCOiZO3Y0R72XTz6RobQ2UHDbW
سوسة,النفيضه,قريميط الشرقيه,ناجيه مرابطد,200,words-only,,مايتان,2023,قرار الهيئة لمعتمدية النفيضة__سوسة.PDF,1aL3KVmbCOiZO3Y0R72XTz6RobQ2UHDbW
سوسة,النفيضه,قريميط الشرقيه,محاسن عيش,62,words-only,,اثنان وستون,2023,قرار الهيئة لمعتمدية النفيضة__سوسة.PDF,1aL3KVmbCOiZO3Y0R72XTz6RobQ2UHDbW
سوسة,النفيضه,قريميط الغربيه,سعيدان سعيدان,415,agree,415,اربعمايه وخمسه عشر,2023,قرار الهيئة لمعتمدية النفيضة__سوسة.PDF,1aL3KVmbCOiZO3Y0R72XTz6RobQ2UHDbW
سوسة,النفيضه,قريميط الغربيه,المولدي نصيب,209,agree,209,مايتان وتسعه,2023,قرار الهيئة لمعتمدية النفيضة__سوسة.PDF,1aL3KVmbCOiZO3Y0R72XTz6RobQ2UHDbW
سوسة,النفيضه,قريميط الغربيه,حاتم داهش,267,agree,267,مايتان وسبعه وستون,2023,قرار الهيئة لمعتمدية النفيضة__سوسة.PDF,1aL3KVmbCOiZO3Y0R72XTz6RobQ2UHDbW
سوسة,النفيضه,قريميط الغربيه,وسيم ميره,83,agree,83,ثلاثه وثمانون,2023,قرار الهيئة لمعتمدية النفيضة__سوسة.PDF,1aL3KVmbCOiZO3Y0R72XTz6RobQ2UHDbW
سوسة,النفيضه,قريميط الغربيه,حمدان سعيدان,82,agree,82,اثنان وثمانون,2023,قرار الهيئة لمعتمدية النفيضة__سوسة.PDF,1aL3KVmbCOiZO3Y0R72XTz6RobQ2UHDbW
سوسة,النفيضه,قريميط الغربيه,صابر باشا,165,agree,165,مايه وخمسه وستون,2023,قرار الهيئة لمعتمدية النفيضة__سوسة.PDF,1aL3KVmbCOiZO3Y0R72XTz6RobQ2UHDbW
سوسة,النفيضه,مرابط حشاد,ليلي محمد بوهاني,270,digits-wrong,20,مايتان وسبعون,2023,قرار الهيئة لمعتمدية النفيضة__سوسة.PDF,1aL3KVmbCOiZO3Y0R72XTz6RobQ2UHDbW
سوسة,النفيضه,مرابط حشاد,رمزي سليمان,288,digits-wrong,258,مايتان وثمانيه وثمانون,2023,قرار الهيئة لمعتمدية النفيضة__سوسة.PDF,1aL3KVmbCOiZO3Y0R72XTz6RobQ2UHDbW
سوسة,النفيضه,"منزل دار بلواعر,",عبد الستار الواعر,300,agree,300,ثلاثمايه,2023,قرار الهيئة لمعتمدية النفيضة__سوسة.PDF,1aL3KVmbCOiZO3Y0R72XTz6RobQ2UHDbW
سوسة,النفيضه,"منزل دار بلواعر,",فوزي صميده,177,agree,177,مايه وسبعه وسبعون,2023,قرار الهيئة لمعتمدية النفيضة__سوسة.PDF,1aL3KVmbCOiZO3Y0R72XTz6RobQ2UHDbW
سوسة,النفيضه,منزل فاتح يتقدم الها,زهير عبيد,145,agree,145,مايه وخمسه واربعون,2023,قرار الهيئة لمعتمدية النفيضة__سوسة.PDF,1aL3KVmbCOiZO3Y0R72XTz6RobQ2UHDbW
سوسة,النفيضه,منزل فاتح يتقدم الها,العروسي كريم ماثتان,2,digits-wrong,202,واثنان,2023,قرار الهيئة لمعتمدية النفيضة__سوسة.PDF,1aL3KVmbCOiZO3Y0R72XTz6RobQ2UHDbW
سوسة,النفيضه,منزل فاتح يتقدم الها,بسام خليفه,94,agree,94,اربعه وتسعون,2023,قرار الهيئة لمعتمدية النفيضة__سوسة.PDF,1aL3KVmbCOiZO3Y0R72XTz6RobQ2UHDbW
سوسة,النفيضه,منزل فاتح يتقدم الها,رجاء النفاتي,84,agree,84,اربعه وثمانون,2023,قرار الهيئة لمعتمدية النفيضة__سوسة.PDF,1aL3KVmbCOiZO3Y0R72XTz6RobQ2UHDbW
سوسة,النفيضه,هيشر - (النفيضه),عادل خميله,438,agree,438,اربعمايه وثمانيه وثلاثون,2023,قرار الهيئة لمعتمدية النفيضة__سوسة.PDF,1aL3KVmbCOiZO3Y0R72XTz6RobQ2UHDbW
سوسة,النفيضه,هيشر - (النفيضه),صابر السويح,291,digits-wrong,201,مايتان وواحد وتسعون,2023,قرار الهيئة لمعتمدية النفيضة__سوسة.PDF,1aL3KVmbCOiZO3Y0R72XTz6RobQ2UHDbW
سوسة,النفيضه,هيشر - (النفيضه),فالك حموده ‎0‏ .ماثه زتسحه وسبعوه,179,digits-only,179,,2023,قرار الهيئة لمعتمدية النفيضة__سوسة.PDF,1aL3KVmbCOiZO3Y0R72XTz6RobQ2UHDbW
سوسة,النفيضه,هيشر - (النفيضه),خالد عيش,179,agree,179,مايه وتسعه وسبعون,2023,قرار الهيئة لمعتمدية النفيضة__سوسة.PDF,1aL3KVmbCOiZO3Y0R72XTz6RobQ2UHDbW
سوسة,النفيضه,هيشر - (النفيضه),"كمال الدريدي, سبعمايه وتشعه",20,digits-wrong,729,وعشرون,2023,قرار الهيئة لمعتمدية النفيضة__سوسة.PDF,1aL3KVmbCOiZO3Y0R72XTz6RobQ2UHDbW
سوسة,النفيضه,هيشر - (النفيضه),قنواد اشرق «ماقهوتمانيه ويكمسون,158,digits-only,158,,2023,قرار الهيئة لمعتمدية النفيضة__سوسة.PDF,1aL3KVmbCOiZO3Y0R72XTz6RobQ2UHDbW
سوسة,اكوده,"اكوده الشرقيه, تصرح",حمدي عمران 2,302,agree,302,ثلاثمايه واثنان,2023,قرار الهيئة لمعتمدية أكودة__199__سوسة.PDF,1NPPhUitqUkhTLDG3PJJU0YQQ3THh8i-0
سوسة,اكوده,"اكوده الشرقيه, تصرح",ابتسام الكناني,229,digits-wrong,228,مايتان وتسعه وعشرون,2023,قرار الهيئة لمعتمدية أكودة__199__سوسة.PDF,1NPPhUitqUkhTLDG3PJJU0YQQ3THh8i-0
سوسة,اكوده,"اكوده الشرقيه, تصرح",جمال مسطوري,26,agree,26,سته وعشرون,2023,قرار الهيئة لمعتمدية أكودة__199__سوسة.PDF,1NPPhUitqUkhTLDG3PJJU0YQQ3THh8i-0
سوسة,اكوده,"اكوده الغربيه, تصرح البييه",سهام الكناني,289,digits-wrong,269,مايتان وتسعه وثمانون,2023,قرار الهيئة لمعتمدية أكودة__199__سوسة.PDF,1NPPhUitqUkhTLDG3PJJU0YQQ3THh8i-0
سوسة,اكوده,"اكوده الغربيه, تصرح البييه",رمق الامام. ‏ ثلاثماكه,300,digits-only,300,,2023,قرار الهيئة لمعتمدية أكودة__199__سوسة.PDF,1NPPhUitqUkhTLDG3PJJU0YQQ3THh8i-0
سوسة,اكوده,"الطنطانه, تصرح البييه",محمد بن حليمه,139,agree,139,مايه وتسعه وثلاثون,2023,قرار الهيئة لمعتمدية أكودة__199__سوسة.PDF,1NPPhUitqUkhTLDG3PJJU0YQQ3THh8i-0
سوسة,اكوده,"الطنطانه, تصرح البييه",سامح اللوزي,52,agree,52,اثنان وخمسون,2023,قرار الهيئة لمعتمدية أكودة__199__سوسة.PDF,1NPPhUitqUkhTLDG3PJJU0YQQ3THh8i-0
سوسة,اكوده,الفقاعيه,الناصر الوريعي,123,agree,123,مايه وثلاثه وعشرون,2023,قرار الهيئة لمعتمدية أكودة__199__سوسة.PDF,1NPPhUitqUkhTLDG3PJJU0YQQ3THh8i-0
سوسة,اكوده,شط الرمان,رفيق سقير,182,digits-wrong,1562,مايه واثنان وثمانون,2023,قرار الهيئة لمعتمدية أكودة__199__سوسة.PDF,1NPPhUitqUkhTLDG3PJJU0YQQ3THh8i-0
سوسة,اكوده,شط الرمان,رحمه قمعون سبعون 0/,1,digits-only,001,,2023,قرار الهيئة لمعتمدية أكودة__199__سوسة.PDF,1NPPhUitqUkhTLDG3PJJU0YQQ3THh8i-0
سوسة,اكوده,شط الرمان,عبد السلام بنور,96,digits-wrong,596,سته وتسعون,2023,قرار الهيئة لمعتمدية أكودة__199__سوسة.PDF,1NPPhUitqUkhTLDG3PJJU0YQQ3THh8i-0
سوسة,اكوده,شط مريمء تصرح البييه,سعاد .ابن عبدالرحمان مايه وسته وستوث,166,digits-only,166,,2023,قرار الهيئة لمعتمدية أكودة__199__سوسة.PDF,1NPPhUitqUkhTLDG3PJJU0YQQ3THh8i-0
سوسة,اكوده,شط مريمء تصرح البييه,حلي العدارق,384,digits-wrong,2364,ثلاثمايه واربعه وثمانون,2023,قرار الهيئة لمعتمدية أكودة__199__سوسة.PDF,1NPPhUitqUkhTLDG3PJJU0YQQ3THh8i-0
سوسة,بوفيشه,السلوم - (بوفيشه),رضا الميتول,233,digits-wrong,225,مايتان وثلاثه وثلاثون,2023,قرار الهيئة لمعتمدية بوفيشة__197__سوسة.PDF,1p8jxvqMa66A-DKR65C0P_VjzHh_dMkE6
سوسة,بوفيشه,السلوم - (بوفيشه),محمد الدريدي,137,agree,137,مايه وسبعه وثلاثون,2023,قرار الهيئة لمعتمدية بوفيشة__197__سوسة.PDF,1p8jxvqMa66A-DKR65C0P_VjzHh_dMkE6
سوسة,بوفيشه,السلوم - (بوفيشه),وليد المبذبي ماقه ووا د :وتلاقوق,131,digits-only,131,,2023,قرار الهيئة لمعتمدية بوفيشة__197__سوسة.PDF,1p8jxvqMa66A-DKR65C0P_VjzHh_dMkE6
سوسة,بوفيشه,"الصفحه, تصرح",المنجي الرياحي,471,digits-wrong,1,اربعمايه وواحد وسبعون,2023,قرار الهيئة لمعتمدية بوفيشة__197__سوسة.PDF,1p8jxvqMa66A-DKR65C0P_VjzHh_dMkE6
سوسة,بوفيشه,"الصفحه, تصرح",محمد ضاوي,169,digits-wrong,20169,مايه وتسعه وستون,2023,قرار الهيئة لمعتمدية بوفيشة__197__سوسة.PDF,1p8jxvqMa66A-DKR65C0P_VjzHh_dMkE6
سوسة,بوفيشه,"الصفحه, تصرح",حنان سالم,151,digits-wrong,51,مايه وواحد وخمسون,2023,قرار الهيئة لمعتمدية بوفيشة__197__سوسة.PDF,1p8jxvqMa66A-DKR65C0P_VjzHh_dMkE6
سوسة,بوفيشه,"المثاليث, تصرح البييه",يوسف العيساوي,227,digits-wrong,27,مايتان وسبعه وعشرون,2023,قرار الهيئة لمعتمدية بوفيشة__197__سوسة.PDF,1p8jxvqMa66A-DKR65C0P_VjzHh_dMkE6
سوسة,بوفيشه,"المثاليث, تصرح البييه",سليم بن فرج,92,digits-wrong,012,اثنان وتسعون,2023,قرار الهيئة لمعتمدية بوفيشة__197__سوسة.PDF,1p8jxvqMa66A-DKR65C0P_VjzHh_dMkE6
سوسة,بوفيشه,"المثاليث, تصرح البييه",محمد الضاوي,92,digits-wrong,032,اثنان وتسعون,2023,قرار الهيئة لمعتمدية بوفيشة__197__سوسة.PDF,1p8jxvqMa66A-DKR65C0P_VjzHh_dMkE6
سوسة,بوفيشه,"المثاليث, تصرح البييه",فتحي المهذبي,86,agree,86,سته وثمانون,2023,قرار الهيئة لمعتمدية بوفيشة__197__سوسة.PDF,1p8jxvqMa66A-DKR65C0P_VjzHh_dMkE6
سوسة,بوفيشه,"المثاليث, تصرح البييه",اماني البيشري,27,digits-wrong,77,سبعه وعشرون,2023,قرار الهيئة لمعتمدية بوفيشة__197__سوسة.PDF,1p8jxvqMa66A-DKR65C0P_VjzHh_dMkE6
سوسة,بوفيشه,"المثاليث, تصرح البييه",سفيان بربني,218,digits-wrong,8,مايتان وثمانيه عشر,2023,قرار الهيئة لمعتمدية بوفيشة__197__سوسة.PDF,1p8jxvqMa66A-DKR65C0P_VjzHh_dMkE6
سوسة,بوفيشه,"المثاليث, تصرح البييه",محمد المحمودي,306,digits-wrong,06,ثلاثمايه وسته,2023,قرار الهيئة لمعتمدية بوفيشة__197__سوسة.PDF,1p8jxvqMa66A-DKR65C0P_VjzHh_dMkE6
سوسة,بوفيشه,"المثاليث, تصرح البييه",نذير السعيدي,432,digits-wrong,52,اربعمايه واثنان وثلاثون,2023,قرار الهيئة لمعتمدية بوفيشة__197__سوسة.PDF,1p8jxvqMa66A-DKR65C0P_VjzHh_dMkE6
سوسة,بوفيشه,سيدي خليفه يتقدم,محمد البكوش,242,digits-wrong,2,مايتان واثنان واربعون,2023,قرار الهيئة لمعتمدية بوفيشة__197__سوسة.PDF,1p8jxvqMa66A-DKR65C0P_VjzHh_dMkE6
سوسة,بوفيشه,سيدي خليفه يتقدم,بسام حسين,103,digits-wrong,3,مايه وثلاثه,2023,قرار الهيئة لمعتمدية بوفيشة__197__سوسة.PDF,1p8jxvqMa66A-DKR65C0P_VjzHh_dMkE6
سوسة,بوفيشه,سيدي خليفه يتقدم,عبدالله الصلعاني,110,digits-wrong,10,مايه وعشره,2023,قرار الهيئة لمعتمدية بوفيشة__197__سوسة.PDF,1p8jxvqMa66A-DKR65C0P_VjzHh_dMkE6
سوسة,بوفيشه,سيدي خليفه يتقدم,بلال الصلعاني,26,agree,26,سته وعشرون,2023,قرار الهيئة لمعتمدية بوفيشة__197__سوسة.PDF,1p8jxvqMa66A-DKR65C0P_VjzHh_dMkE6
سوسة,بوفيشه,سيدي خليفه يتقدم,معز الصلعاني,106,agree,106,مايه وسته,2023,قرار الهيئة لمعتمدية بوفيشة__197__سوسة.PDF,1p8jxvqMa66A-DKR65C0P_VjzHh_dMkE6
سوسة,بوفيشه,سيدي سعيد - (بوفيشه),كريم الذي ثلاثمايه وثلايه,10,digits-wrong,3,عشر,2023,قرار الهيئة لمعتمدية بوفيشة__197__سوسة.PDF,1p8jxvqMa66A-DKR65C0P_VjzHh_dMkE6
سوسة,بوفيشه,سيدي سعيد - (بوفيشه),عمار مهذبي,245,digits-wrong,5,مايتان وخمسه واربعون,2023,قرار الهيئة لمعتمدية بوفيشة__197__سوسة.PDF,1p8jxvqMa66A-DKR65C0P_VjzHh_dMkE6
سوسة,بوفيشه,سيدي مطير,الازهر رحومه,204,digits-wrong,4,مايتان واربعه,2023,قرار الهيئة لمعتمدية بوفيشة__197__سوسة.PDF,1p8jxvqMa66A-DKR65C0P_VjzHh_dMkE6
سوسة,بوفيشه,سيدي مطير,محمد الملني,130,digits-wrong,50,مايه وثلاثون,2023,قرار الهيئة لمعتمدية بوفيشة__197__سوسة.PDF,1p8jxvqMa66A-DKR65C0P_VjzHh_dMkE6
سوسة,بوفيشه,"عين الرحمه, تصرح البييه",سامي مهذب,387,digits-wrong,7,ثلاثمايه وسبعه وثمانون,2023,قرار الهيئة لمعتمدية بوفيشة__197__سوسة.PDF,1p8jxvqMa66A-DKR65C0P_VjzHh_dMkE6
سوسة,بوفيشه,"عين الرحمه, تصرح البييه",رفيق المهذبي,122,digits-wrong,2,مايه واثنان وعشرون,2023,قرار الهيئة لمعتمدية بوفيشة__197__سوسة.PDF,1p8jxvqMa66A-DKR65C0P_VjzHh_dMkE6
سوسة,بوفيشه,وادي الخروب,اشراق شايي,103,digits-wrong,2103,مايه وثلاثه,2023,قرار الهيئة لمعتمدية بوفيشة__197__سوسة.PDF,1p8jxvqMa66A-DKR65C0P_VjzHh_dMkE6
سوسة,بوفيشه,وادي الخروب,الجديدي الكلبومي,31,digits-wrong,231,واحد وثلاثون,2023,قرار الهيئة لمعتمدية بوفيشة__197__سوسة.PDF,1p8jxvqMa66A-DKR65C0P_VjzHh_dMkE6
سوسة,حمام سوسه,الغرابي,محمد سعيد مايته وواحد وعشرون م1,20000,digits-only,20000,,2023,قرار الهيئة لمعتمدية حمام سوسة__200__سوسة.PDF,1B6CjjFHP_0eL44Pf64VVa3o23R3zXE1h
سوسة,حمام سوسه,القنطاوي يتقدم,عزيز بن احمد,96,digits-wrong,596,سته وتسعون,2023,قرار الهيئة لمعتمدية حمام سوسة__200__سوسة.PDF,1B6CjjFHP_0eL44Pf64VVa3o23R3zXE1h
سوسة,حمام سوسه,القنطاوي يتقدم,نورهان فرادي مايه واثنان وخمسون 152 0 ا[0,200,digits-only,200,,2023,قرار الهيئة لمعتمدية حمام سوسة__200__سوسة.PDF,1B6CjjFHP_0eL44Pf64VVa3o23R3zXE1h
سوسة,حمام سوسه,القنطاوي يتقدم,راويه ذياب,72,agree,72,اثنان وسبعون,2023,قرار الهيئة لمعتمدية حمام سوسة__200__سوسة.PDF,1B6CjjFHP_0eL44Pf64VVa3o23R3zXE1h
سوسة,حمام سوسه,المدينه - (حمام,لطيفه مرجان,246,agree,246,مايتان وسته واربعون,2023,قرار الهيئة لمعتمدية حمام سوسة__200__سوسة.PDF,1B6CjjFHP_0eL44Pf64VVa3o23R3zXE1h
سوسة,حمام سوسه,"بير موسي, تصرح",فاطمه ابراهم,163,agree,163,مايه وثلاثه وستون,2023,قرار الهيئة لمعتمدية حمام سوسة__200__سوسة.PDF,1B6CjjFHP_0eL44Pf64VVa3o23R3zXE1h
سوسة,حمام سوسه,"بير موسي, تصرح",سليم قربعه,113,agree,113,مايه وثلاثه عشر,2023,قرار الهيئة لمعتمدية حمام سوسة__200__سوسة.PDF,1B6CjjFHP_0eL44Pf64VVa3o23R3zXE1h
سوسة,حمام سوسه,"بير موسي, تصرح",محمدالهبادي القدر,359,agree,359,ثلاثمايه وتسعه وخمسون,2023,قرار الهيئة لمعتمدية حمام سوسة__200__سوسة.PDF,1B6CjjFHP_0eL44Pf64VVa3o23R3zXE1h
سوسة,حمام سوسه,"بير موسي, تصرح",هناء بنحسن,203,agree,203,مايتان وثلاثه,2023,قرار الهيئة لمعتمدية حمام سوسة__200__سوسة.PDF,1B6CjjFHP_0eL44Pf64VVa3o23R3zXE1h
سوسة,سوسه الرياض,الزهور,رضا زلفاني,388,digits-wrong,358,ثلاثمايه وثمانيه وثمانون,2023,قرار الهيئة لمعتمدية سوسة الرياض__201__سوسة.PDF,1mQ2cZlegKLdFeVvlHOpl0EOiXnUF891R
سوسة,سوسه الرياض,الزهور,توفيق صالح,198,digits-wrong,158,مايه وثمانيه وتسعون,2023,قرار الهيئة لمعتمدية سوسة الرياض__201__سوسة.PDF,1mQ2cZlegKLdFeVvlHOpl0EOiXnUF891R
سوسة,سوسه الرياض,الزهور,ريم سويح,133,agree,133,مايه وثلاثه وثلاثون,2023,قرار الهيئة لمعتمدية سوسة الرياض__201__سوسة.PDF,1mQ2cZlegKLdFeVvlHOpl0EOiXnUF891R
سوسة,سوسه الرياض,الزهور,منير بن ابراهيم 2,157,agree,157,مايه وسبعه وخمسون,2023,قرار الهيئة لمعتمدية سوسة الرياض__201__سوسة.PDF,1mQ2cZlegKLdFeVvlHOpl0EOiXnUF891R
سوسة,سوسه الرياض,حي الرياض 2,البقيرقرحاق,22,digits-only,22,,2023,قرار الهيئة لمعتمدية سوسة الرياض__201__سوسة.PDF,1mQ2cZlegKLdFeVvlHOpl0EOiXnUF891R
سوسة,سوسه الرياض,حي الرياض 2,احمد البيشري ‏,3,digits-only,3,,2023,قرار الهيئة لمعتمدية سوسة الرياض__201__سوسة.PDF,1mQ2cZlegKLdFeVvlHOpl0EOiXnUF891R
سوسة,سوسه الرياض,حي الرياض 2,هشام النصراوي,4,digits-only,4,,2023,قرار الهيئة لمعتمدية سوسة الرياض__201__سوسة.PDF,1mQ2cZlegKLdFeVvlHOpl0EOiXnUF891R
سوسة,سوسه الرياض,حي الرياض 2,عبدالكريم الفارس,5,digits-only,5,,2023,قرار الهيئة لمعتمدية سوسة الرياض__201__سوسة.PDF,1mQ2cZlegKLdFeVvlHOpl0EOiXnUF891R
سوسة,سوسه الرياض,حي الرياض 2,غناده عبيك,6,digits-only,6,,2023,قرار الهيئة لمعتمدية سوسة الرياض__201__سوسة.PDF,1mQ2cZlegKLdFeVvlHOpl0EOiXnUF891R
سوسة,سوسه الرياض,حي الرياض 2,لطفي حمزاوي |,7,digits-only,7,,2023,قرار الهيئة لمعتمدية سوسة الرياض__201__سوسة.PDF,1mQ2cZlegKLdFeVvlHOpl0EOiXnUF891R
سوسة,سوسه الرياض,حي الرياض 2,نزار الطالبي,8,digits-only,8,,2023,قرار الهيئة لمعتمدية سوسة الرياض__201__سوسة.PDF,1mQ2cZlegKLdFeVvlHOpl0EOiXnUF891R
سوسة,سوسه الرياض,حي الرياض 2,"باسم الخليقي, ‏",9,digits-only,9,,2023,قرار الهيئة لمعتمدية سوسة الرياض__201__سوسة.PDF,1mQ2cZlegKLdFeVvlHOpl0EOiXnUF891R
سوسة,سوسه الرياض,حي الرياض 2,"بوراويه العقربي, ‏",0,digits-only,0,,2023,قرار الهيئة لمعتمدية سوسة الرياض__201__سوسة.PDF,1mQ2cZlegKLdFeVvlHOpl0EOiXnUF891R
سوسة,سوسه المدينه,المدينه,زياد الشلي,95,agree,95,خمسه وتسعون,2023,قرار الهيئة لمعتمدية سوسة المدينة__202__سوسة.PDF,19_2Y1ce4050vdFZ1OD2KAMHE37aXG64Y
سوسة,سوسه المدينه,المدينه,رضوان بنور,64,agree,64,اربعه وستون,2023,قرار الهيئة لمعتمدية سوسة المدينة__202__سوسة.PDF,19_2Y1ce4050vdFZ1OD2KAMHE37aXG64Y
سوسة,سوسه المدينه,المدينه,محجوب برغل,129,agree,129,مايه وتسعه وعشرون,2023,قرار الهيئة لمعتمدية سوسة المدينة__202__سوسة.PDF,19_2Y1ce4050vdFZ1OD2KAMHE37aXG64Y
سوسة,سوسه المدينه,المدينه,محمدجمال ابن ذياب,39,agree,39,تسعه وثلاثون,2023,قرار الهيئة لمعتمدية سوسة المدينة__202__سوسة.PDF,19_2Y1ce4050vdFZ1OD2KAMHE37aXG64Y
سوسة,سوسه المدينه,بوجعفر,مروان الميزوري,148,agree,148,مايه وثمانيه واربعون,2023,قرار الهيئة لمعتمدية سوسة المدينة__202__سوسة.PDF,19_2Y1ce4050vdFZ1OD2KAMHE37aXG64Y
سوسة,سوسه المدينه,بوجعفر,فتحي النيفر,299,digits-wrong,259,مايتان وتسعه وتسعون,2023,قرار الهيئة لمعتمدية سوسة المدينة__202__سوسة.PDF,19_2Y1ce4050vdFZ1OD2KAMHE37aXG64Y
سوسة,سوسه المدينه,خزامه,نبيل بوراوي,490,digits-wrong,420,اربعمايه وتسعون,2023,قرار الهيئة لمعتمدية سوسة المدينة__202__سوسة.PDF,19_2Y1ce4050vdFZ1OD2KAMHE37aXG64Y
سوسة,سوسه المدينه,خزامه,محمد اذكير,54,agree,54,اربعه وخمسون,2023,قرار الهيئة لمعتمدية سوسة المدينة__202__سوسة.PDF,19_2Y1ce4050vdFZ1OD2KAMHE37aXG64Y
سوسة,سوسه المدينه,علي البلبوان,رشيد حماد ماثه,22,digits-wrong,13,واثنان وعشرون,2023,قرار الهيئة لمعتمدية سوسة المدينة__202__سوسة.PDF,19_2Y1ce4050vdFZ1OD2KAMHE37aXG64Y
سوسة,سوسه المدينه,علي البلبوان,رضا بوشيحه,26,agree,26,سته وعشرون,2023,قرار الهيئة لمعتمدية سوسة المدينة__202__سوسة.PDF,19_2Y1ce4050vdFZ1OD2KAMHE37aXG64Y
سوسة,سوسه المدينه,علي البلبوان,صبري الحامي,227,agree,227,مايتان وسبعه وعشرون,2023,قرار الهيئة لمعتمدية سوسة المدينة__202__سوسة.PDF,19_2Y1ce4050vdFZ1OD2KAMHE37aXG64Y
سوسة,سوسه المدينه,علي البلبوان,البادي قدري ‏,17,agree,17,سبعه عشر,2023,قرار الهيئة لمعتمدية سوسة المدينة__202__سوسة.PDF,19_2Y1ce4050vdFZ1OD2KAMHE37aXG64Y
سوسة,سوسه المدينه,علي البلبوان,سمير عبوده,60,agree,60,ستون,2023,قرار الهيئة لمعتمدية سوسة المدينة__202__سوسة.PDF,19_2Y1ce4050vdFZ1OD2KAMHE37aXG64Y
سوسة,سوسه المدينه,محمد معروف,سلوي اللطيف,120,agree,120,مايه وعشرون,2023,قرار الهيئة لمعتمدية سوسة المدينة__202__سوسة.PDF,19_2Y1ce4050vdFZ1OD2KAMHE37aXG64Y
سوسة,سوسه المدينه,محمد معروف,رشدي قريره,119,agree,119,مايه وتسعه عشر,2023,قرار الهيئة لمعتمدية سوسة المدينة__202__سوسة.PDF,19_2Y1ce4050vdFZ1OD2KAMHE37aXG64Y
سوسة,سوسه المدينه,محمد معروف,كوثر ابن عمر,47,agree,47,سبعه واربعون,2023,قرار الهيئة لمعتمدية سوسة المدينة__202__سوسة.PDF,19_2Y1ce4050vdFZ1OD2KAMHE37aXG64Y
سوسة,سوسه جوهره,بوحسينه يتقدم,اكرم ابن عون,275,agree,275,مايتان وخمسه وسبعون,2023,قرار الهيئة لمعتمدية سوسة جوهرة__204__سوسة.PDF,1tFmtQI7_IL8YCGRlPrz7Ym_Nw8JzrsVv
سوسة,سوسه جوهره,بوحسينه يتقدم,طارق ابن خليفه,197,digits-wrong,157,مايه وسبعه وتسعون,2023,قرار الهيئة لمعتمدية سوسة جوهرة__204__سوسة.PDF,1tFmtQI7_IL8YCGRlPrz7Ym_Nw8JzrsVv
سوسة,سوسه جوهره,بوحسينه يتقدم,عواطف طرابلسي ماثتان,1,digits-wrong,201,وواحد,2023,قرار الهيئة لمعتمدية سوسة جوهرة__204__سوسة.PDF,1tFmtQI7_IL8YCGRlPrz7Ym_Nw8JzrsVv
سوسة,سوسه جوهره,"وادي بليبان,",عزالدين ابن مبارك ‏,1,digits-only,1,,2023,قرار الهيئة لمعتمدية سوسة جوهرة__204__سوسة.PDF,1tFmtQI7_IL8YCGRlPrz7Ym_Nw8JzrsVv
سوسة,سوسه جوهره,"وادي بليبان,",محمدالمولدي عيدودي,3,digits-only,3,,2023,قرار الهيئة لمعتمدية سوسة جوهرة__204__سوسة.PDF,1tFmtQI7_IL8YCGRlPrz7Ym_Nw8JzrsVv
سوسة,سوسه جوهره,"وادي بليبان,",رقيق امبماعيل ‏,42,digits-only,42,,2023,قرار الهيئة لمعتمدية سوسة جوهرة__204__سوسة.PDF,1tFmtQI7_IL8YCGRlPrz7Ym_Nw8JzrsVv
سوسة,سوسه جوهره,"وادي بليبان,",فرجاني هذلي ‏,5,digits-only,5,,2023,قرار الهيئة لمعتمدية سوسة جوهرة__204__سوسة.PDF,1tFmtQI7_IL8YCGRlPrz7Ym_Nw8JzrsVv
سوسة,سوسه سيدي عبد الحميد,ابن,نجيب درعي,146,agree,146,مايه وسته واربعون,2023,قرار الهيئة لمعتمدية سوسة سيدي عبد الحميد__203__سوسة.PDF,1ZSELo4ykhQlirCvVSkJcEIx0dX0WAlVH
سوسة,سوسه سيدي عبد الحميد,ابن,امير ابن المكني,345,agree,345,ثلاثمايه وخمسه واربعون,2023,قرار الهيئة لمعتمدية سوسة سيدي عبد الحميد__203__سوسة.PDF,1ZSELo4ykhQlirCvVSkJcEIx0dX0WAlVH
سوسة,سوسه سيدي عبد الحميد,الطيب المبيري 1 - (سوسه سيدي عبد الحميد),شاكر خليفه,98,digits-wrong,58,ثمانيه وتسعون,2023,قرار الهيئة لمعتمدية سوسة سيدي عبد الحميد__203__سوسة.PDF,1ZSELo4ykhQlirCvVSkJcEIx0dX0WAlVH
سوسة,سوسه سيدي عبد الحميد,الطيب المبيري 1 - (سوسه سيدي عبد الحميد),هيثم العامري,395,digits-wrong,295,ثلاثمايه وخمسه وتسعون,2023,قرار الهيئة لمعتمدية سوسة سيدي عبد الحميد__203__سوسة.PDF,1ZSELo4ykhQlirCvVSkJcEIx0dX0WAlVH
سوسة,سوسه سيدي عبد الحميد,الطيب,رضا الماجري,276,agree,276,مايتان وسته وسبعون,2023,قرار الهيئة لمعتمدية سوسة سيدي عبد الحميد__203__سوسة.PDF,1ZSELo4ykhQlirCvVSkJcEIx0dX0WAlVH
سوسة,سوسه سيدي عبد الحميد,الطيب,ذاكر ارقاز,79,agree,79,تسعه وسبعون,2023,قرار الهيئة لمعتمدية سوسة سيدي عبد الحميد__203__سوسة.PDF,1ZSELo4ykhQlirCvVSkJcEIx0dX0WAlVH
سوسة,سوسه سيدي عبد الحميد,الطيب,صابر الشايب2,43,agree,43,ثلاثه واربعون,2023,قرار الهيئة لمعتمدية سوسة سيدي عبد الحميد__203__سوسة.PDF,1ZSELo4ykhQlirCvVSkJcEIx0dX0WAlVH
سوسة,سوسه سيدي عبد الحميد,سيدي عبد الحميد,رضوان الطبيب,138,agree,138,مايه وثمانيه وثلاثون,2023,قرار الهيئة لمعتمدية سوسة سيدي عبد الحميد__203__سوسة.PDF,1ZSELo4ykhQlirCvVSkJcEIx0dX0WAlVH
سوسة,سوسه سيدي عبد الحميد,سيدي عبد الحميد,رضا فرحات,35,agree,35,خمسه وثلاثون,2023,قرار الهيئة لمعتمدية سوسة سيدي عبد الحميد__203__سوسة.PDF,1ZSELo4ykhQlirCvVSkJcEIx0dX0WAlVH
سوسة,سوسه سيدي عبد الحميد,سيدي عبد الحميد,البادي التومي الطبلبي,177,agree,177,مايه وسبعه وسبعون,2023,قرار الهيئة لمعتمدية سوسة سيدي عبد الحميد__203__سوسة.PDF,1ZSELo4ykhQlirCvVSkJcEIx0dX0WAlVH
سوسة,سوسه سيدي عبد الحميد,سيدي عبد الحميد,عبدالفتاح الرزقي,60,agree,60,ستون,2023,قرار الهيئة لمعتمدية سوسة سيدي عبد الحميد__203__سوسة.PDF,1ZSELo4ykhQlirCvVSkJcEIx0dX0WAlVH
سوسة,سوسه سيدي عبد الحميد,سيدي عبد الحميد,سامي هرابي,77,agree,77,سبعه وسبعون,2023,قرار الهيئة لمعتمدية سوسة سيدي عبد الحميد__203__سوسة.PDF,1ZSELo4ykhQlirCvVSkJcEIx0dX0WAlVH
سوسة,سوسه سيدي عبد الحميد,سيدي عبد الحميد,بوراوي العريبي,160,agree,160,مايه وستون,2023,قرار الهيئة لمعتمدية سوسة سيدي عبد الحميد__203__سوسة.PDF,1ZSELo4ykhQlirCvVSkJcEIx0dX0WAlVH
سوسة,سيدي الهاني,اولاد علي بلباني»,صبي حموده,124,digits-wrong,4,مايه واربعه وعشرون,2023,قرار الهيئة لمعتمدية سيدي الهاني__206__سوسة.PDF,1pWvJE0jGTy8pL6x_kGWQ4kFgj5ohfq4M
سوسة,سيدي الهاني,اولاد علي بلباني»,سناء بن يوسف,23,digits-wrong,3,ثلاثه وعشرون,2023,قرار الهيئة لمعتمدية سيدي الهاني__206__سوسة.PDF,1pWvJE0jGTy8pL6x_kGWQ4kFgj5ohfq4M
سوسة,سيدي الهاني,سيدي الهاني,ام السعد بن الميداسي,57,digits-wrong,07,سبعه وخمسون,2023,قرار الهيئة لمعتمدية سيدي الهاني__206__سوسة.PDF,1pWvJE0jGTy8pL6x_kGWQ4kFgj5ohfq4M
سوسة,سيدي الهاني,سيدي الهاني,جمال بن الحاج حسن,43,digits-wrong,13,ثلاثه واربعون,2023,قرار الهيئة لمعتمدية سيدي الهاني__206__سوسة.PDF,1pWvJE0jGTy8pL6x_kGWQ4kFgj5ohfq4M
سوسة,سيدي الهاني,سيدي الهاني,محمد بالحاج عمر,131,digits-wrong,231,مايه وواحد وثلاثون,2023,قرار الهيئة لمعتمدية سيدي الهاني__206__سوسة.PDF,1pWvJE0jGTy8pL6x_kGWQ4kFgj5ohfq4M
سوسة,سيدي الهاني,سيدي الهاني,سالم بن الصغير,296,digits-wrong,6,مايتان وسته وتسعون,2023,قرار الهيئة لمعتمدية سيدي الهاني__206__سوسة.PDF,1pWvJE0jGTy8pL6x_kGWQ4kFgj5ohfq4M
سوسة,سيدي الهاني,سيدي الهاني,علي بن عزيزه,270,digits-wrong,0,مايتان وسبعون,2023,قرار الهيئة لمعتمدية سيدي الهاني__206__سوسة.PDF,1pWvJE0jGTy8pL6x_kGWQ4kFgj5ohfq4M
سوسة,سيدي الهاني,سيدي الهاني,ماهر بن لطيف,138,digits-wrong,58,مايه وثمانيه وثلاثون,2023,قرار الهيئة لمعتمدية سيدي الهاني__206__سوسة.PDF,1pWvJE0jGTy8pL6x_kGWQ4kFgj5ohfq4M
سوسة,سيدي الهاني,سيدي الهاني,حامد شنه,40,digits-wrong,01010,اربعون,2023,قرار الهيئة لمعتمدية سيدي الهاني__206__سوسة.PDF,1pWvJE0jGTy8pL6x_kGWQ4kFgj5ohfq4M
سوسة,سيدي الهاني,كروسيه الغربيه,سعيد بن عبدالسلام,116,digits-wrong,06,مايه وسته عشر,2023,قرار الهيئة لمعتمدية سيدي الهاني__206__سوسة.PDF,1pWvJE0jGTy8pL6x_kGWQ4kFgj5ohfq4M
سوسة,سيدي الهاني,كروسيه الغربيه,البادي السعفي,148,digits-wrong,018,مايه وثمانيه واربعون,2023,قرار الهيئة لمعتمدية سيدي الهاني__206__سوسة.PDF,1pWvJE0jGTy8pL6x_kGWQ4kFgj5ohfq4M
سوسة,سيدي الهاني,كروسيه الغربيه,محمد بن يوسف,78,digits-wrong,8,ثمانيه وسبعون,2023,قرار الهيئة لمعتمدية سيدي الهاني__206__سوسة.PDF,1pWvJE0jGTy8pL6x_kGWQ4kFgj5ohfq4M
سوسة,سيدي الهاني,كروسيه,عادل بن جعفر,174,digits-wrong,4,مايه واربعه وسبعون,2023,قرار الهيئة لمعتمدية سيدي الهاني__206__سوسة.PDF,1pWvJE0jGTy8pL6x_kGWQ4kFgj5ohfq4M
سوسة,سيدي الهاني,كروسيه,يحي بن معمر,128,digits-wrong,8,مايه وثمانيه وعشرون,2023,قرار الهيئة لمعتمدية سيدي الهاني__206__سوسة.PDF,1pWvJE0jGTy8pL6x_kGWQ4kFgj5ohfq4M
سوسة,سيدي بوعلي,"السد الجوفي,",صابرين الكناني,354,agree,354,ثلاثمايه واربعه وخمسون,2023,قرار الهيئةالانتخابات المحليةسوسةسيدي بوعلي.PDF,1aWFB8-y-VILLBCe4oseF_ozIBManQ51Z
سوسة,سيدي بوعلي,"السد الجوفي,",صليحه عبيد,117,agree,117,مايه وسبعه عشر,2023,قرار الهيئةالانتخابات المحليةسوسةسيدي بوعلي.PDF,1aWFB8-y-VILLBCe4oseF_ozIBManQ51Z
سوسة,سيدي بوعلي,السد القبلي,عمران عنايه,172,agree,172,مايه واثنان وسبعون,2023,قرار الهيئةالانتخابات المحليةسوسةسيدي بوعلي.PDF,1aWFB8-y-VILLBCe4oseF_ozIBManQ51Z
سوسة,سيدي بوعلي,السد القبلي,عمر بوسنينه ثلايه,50,digits-wrong,53,وخمسون,2023,قرار الهيئةالانتخابات المحليةسوسةسيدي بوعلي.PDF,1aWFB8-y-VILLBCe4oseF_ozIBManQ51Z
سوسة,سيدي بوعلي,الشويشه يتقدم,حمدي كسيده,157,agree,157,مايه وسبعه وخمسون,2023,قرار الهيئةالانتخابات المحليةسوسةسيدي بوعلي.PDF,1aWFB8-y-VILLBCe4oseF_ozIBManQ51Z
سوسة,سيدي بوعلي,المهاذبه تصرح البييه,رجاء عمر,94,digits-wrong,954,اربعه وتسعون,2023,قرار الهيئةالانتخابات المحليةسوسةسيدي بوعلي.PDF,1aWFB8-y-VILLBCe4oseF_ozIBManQ51Z
سوسة,سيدي بوعلي,سيدي بوعليء,وايل الصولي,281,digits-wrong,251,مايتان وواحد وثمانون,2023,قرار الهيئةالانتخابات المحليةسوسةسيدي بوعلي.PDF,1aWFB8-y-VILLBCe4oseF_ozIBManQ51Z
سوسة,سيدي بوعلي,سيدي بوعليء,نعمان ابن الحاج فرج,123,agree,123,مايه وثلاثه وعشرون,2023,قرار الهيئةالانتخابات المحليةسوسةسيدي بوعلي.PDF,1aWFB8-y-VILLBCe4oseF_ozIBManQ51Z
سوسة,سيدي بوعلي,سيدي بوعليء,عزيز الحاج طيب,434,agree,434,اربعمايه واربعه وثلاثون,2023,قرار الهيئةالانتخابات المحليةسوسةسيدي بوعلي.PDF,1aWFB8-y-VILLBCe4oseF_ozIBManQ51Z
سوسة,سيدي بوعلي,منزل المحطه,محمد رزق,181,digits-wrong,151,مايه وواحد وثمانون,2023,قرار الهيئةالانتخابات المحليةسوسةسيدي بوعلي.PDF,1aWFB8-y-VILLBCe4oseF_ozIBManQ51Z
سوسة,سيدي بوعلي,منزل المحطه,نصر العرفاوي مايثه,69,digits-wrong,169,وتسعه وستون,2023,قرار الهيئةالانتخابات المحليةسوسةسيدي بوعلي.PDF,1aWFB8-y-VILLBCe4oseF_ozIBManQ51Z
سوسة,سيدي بوعلي,منزل المحطه,سند دلاله,88,digits-wrong,58,ثمانيه وثمانون,2023,قرار الهيئةالانتخابات المحليةسوسةسيدي بوعلي.PDF,1aWFB8-y-VILLBCe4oseF_ozIBManQ51Z
سوسة,سيدي بوعلي,وريمه تصرح,الممدي بوسته,161,agree,161,مايه وواحد وستون,2023,قرار الهيئةالانتخابات المحليةسوسةسيدي بوعلي.PDF,1aWFB8-y-VILLBCe4oseF_ozIBManQ51Z
سوسة,سيدي بوعلي,وريمه تصرح,انيس بن سعد,38,agree,38,ثمانيه وثلاثون,2023,قرار الهيئةالانتخابات المحليةسوسةسيدي بوعلي.PDF,1aWFB8-y-VILLBCe4oseF_ozIBManQ51Z
سوسة,سيدي بوعلي,وريمه تصرح,سليم رحومه مايثه,4,digits-wrong,104,واربعه,2023,قرار الهيئةالانتخابات المحليةسوسةسيدي بوعلي.PDF,1aWFB8-y-VILLBCe4oseF_ozIBManQ51Z
سوسة,كندار,"البشاشمه, تصرح البييه العليا",علي بريج,190,digits-wrong,1530,مايه وتسعون,2023,قرار الهيئة لمعتمدية كندار__195__سوسة.PDF,17wBUuk4hppMC0P2LFGqfgVn7IHr57Frc
سوسة,كندار,"البشاشمه, تصرح البييه العليا",علي البزي سبعون 0/,92004,digits-only,92004,,2023,قرار الهيئة لمعتمدية كندار__195__سوسة.PDF,17wBUuk4hppMC0P2LFGqfgVn7IHr57Frc
سوسة,كندار,"البشاشمه, تصرح البييه العليا",علي عيسي واحد وتسعون 291 3[,510072,digits-only,510072,,2023,قرار الهيئة لمعتمدية كندار__195__سوسة.PDF,17wBUuk4hppMC0P2LFGqfgVn7IHr57Frc
سوسة,كندار,البلالمه,فيصل المبروك #لتساكه وقمسها,5,digits-only,5,,2023,قرار الهيئة لمعتمدية كندار__195__سوسة.PDF,17wBUuk4hppMC0P2LFGqfgVn7IHr57Frc
سوسة,كندار,"البير الجديد, تصرح",ايمن المنياوي سيجه وتبسعون,7,digits-only,07,,2023,قرار الهيئة لمعتمدية كندار__195__سوسة.PDF,17wBUuk4hppMC0P2LFGqfgVn7IHr57Frc
سوسة,كندار,"البير الجديد, تصرح",حمدي مليك,118,digits-wrong,18,مايه وثمانيه عشر,2023,قرار الهيئة لمعتمدية كندار__195__سوسة.PDF,17wBUuk4hppMC0P2LFGqfgVn7IHr57Frc
سوسة,كندار,"القماطه, تصرح البييه",حذامي بوعطي,79,digits-wrong,9,تسعه وسبعون,2023,قرار الهيئة لمعتمدية كندار__195__سوسة.PDF,17wBUuk4hppMC0P2LFGqfgVn7IHr57Frc
سوسة,كندار,"القماطه, تصرح البييه",محمد بن دخيل,119,digits-wrong,9,مايه وتسعه عشر,2023,قرار الهيئة لمعتمدية كندار__195__سوسة.PDF,17wBUuk4hppMC0P2LFGqfgVn7IHr57Frc
سوسة,كندار,اولاد العابد,مالك مبارك,136,digits-wrong,6,مايه وسته وثلاثون,2023,قرار الهيئة لمعتمدية كندار__195__سوسة.PDF,17wBUuk4hppMC0P2LFGqfgVn7IHr57Frc
سوسة,كندار,اولاد العابد,سماح بن ارقاز,45,digits-wrong,145,خمسه واربعون,2023,قرار الهيئة لمعتمدية كندار__195__سوسة.PDF,17wBUuk4hppMC0P2LFGqfgVn7IHr57Frc
سوسة,كندار,"اولاد عامر,",نهله عدواني,124,digits-wrong,4,مايه واربعه وعشرون,2023,قرار الهيئة لمعتمدية كندار__195__سوسة.PDF,17wBUuk4hppMC0P2LFGqfgVn7IHr57Frc
سوسة,كندار,"اولاد عامر,",فرج ابن الحاج سالم,141,digits-wrong,01,مايه وواحد واربعون,2023,قرار الهيئة لمعتمدية كندار__195__سوسة.PDF,17wBUuk4hppMC0P2LFGqfgVn7IHr57Frc
سوسة,كندار,"كندار, تصرح البييه",سفيان العكاري مايه وثلايه,50,digits-wrong,3,وخمسون,2023,قرار الهيئة لمعتمدية كندار__195__سوسة.PDF,17wBUuk4hppMC0P2LFGqfgVn7IHr57Frc
سوسة,كندار,"كندار, تصرح البييه",رووف بن محمد الصالح,40,agree,40,اربعون,2023,قرار الهيئة لمعتمدية كندار__195__سوسة.PDF,17wBUuk4hppMC0P2LFGqfgVn7IHr57Frc
سوسة,كندار,"كندار, تصرح البييه",علي بوزعبيه,66,agree,66,سته وستون,2023,قرار الهيئة لمعتمدية كندار__195__سوسة.PDF,17wBUuk4hppMC0P2LFGqfgVn7IHr57Frc
سوسة,كندار,"كندار, تصرح البييه",الازهر شيخه,282,digits-wrong,2,مايتان واثنان وثمانون,2023,قرار الهيئة لمعتمدية كندار__195__سوسة.PDF,17wBUuk4hppMC0P2LFGqfgVn7IHr57Frc
سوسة,مساكن,البرجين,بهيجه بالطيب,68,agree,68,ثمانيه وستون,2023,قرار الهيئة لمعتمدية مساكن__207__سوسة.PDF,1ACeXBzkHl2T9MeKjQESDeyTcdObpF24v
سوسة,مساكن,البرجين,لمياء نقاره,79,digits-wrong,78,تسعه وسبعون,2023,قرار الهيئة لمعتمدية مساكن__207__سوسة.PDF,1ACeXBzkHl2T9MeKjQESDeyTcdObpF24v
سوسة,مساكن,البرجين,مراد بوهلال,30,agree,30,ثلاثون,2023,قرار الهيئة لمعتمدية مساكن__207__سوسة.PDF,1ACeXBzkHl2T9MeKjQESDeyTcdObpF24v
سوسة,مساكن,التواره الشماليه,مجد قليصه,135,agree,135,مايه وخمسه وثلاثون,2023,قرار الهيئة لمعتمدية مساكن__207__سوسة.PDF,1ACeXBzkHl2T9MeKjQESDeyTcdObpF24v
سوسة,مساكن,التواره الشماليه,حسام الدين قليصه,68,agree,68,ثمانيه وستون,2023,قرار الهيئة لمعتمدية مساكن__207__سوسة.PDF,1ACeXBzkHl2T9MeKjQESDeyTcdObpF24v
سوسة,مساكن,"الجبليين, تصرح البييه",نوفل انقزو,91,digits-wrong,51,واحد وتسعون,2023,قرار الهيئة لمعتمدية مساكن__207__سوسة.PDF,1ACeXBzkHl2T9MeKjQESDeyTcdObpF24v
سوسة,مساكن,"الجبليين, تصرح البييه",محمد الاندلسي,188,digits-wrong,158,مايه وثمانيه وثمانون,2023,قرار الهيئة لمعتمدية مساكن__207__سوسة.PDF,1ACeXBzkHl2T9MeKjQESDeyTcdObpF24v
سوسة,مساكن,الجديديين يتقدم الم,رفيعه ديه,68,agree,68,ثمانيه وستون,2023,قرار الهيئة لمعتمدية مساكن__207__سوسة.PDF,1ACeXBzkHl2T9MeKjQESDeyTcdObpF24v
سوسة,مساكن,الجديديين يتقدم الم,احمدبرهان الدين المليح,130,agree,130,مايه وثلاثون,2023,قرار الهيئة لمعتمدية مساكن__207__سوسة.PDF,1ACeXBzkHl2T9MeKjQESDeyTcdObpF24v
سوسة,مساكن,الجديديين يتقدم الم,ماهر المجدوب,173,digits-wrong,178,مايه وثلاثه وسبعون,2023,قرار الهيئة لمعتمدية مساكن__207__سوسة.PDF,1ACeXBzkHl2T9MeKjQESDeyTcdObpF24v
سوسة,مساكن,الجديديين يتقدم الم,س0,2,digits-only,2,,2023,قرار الهيئة لمعتمدية مساكن__207__سوسة.PDF,1ACeXBzkHl2T9MeKjQESDeyTcdObpF24v
سوسة,مساكن,"الحبيب ثامر - (مساكن),",جمال بن عبدالواحد,37,agree,37,سبعه وثلاثون,2023,قرار الهيئة لمعتمدية مساكن__207__سوسة.PDF,1ACeXBzkHl2T9MeKjQESDeyTcdObpF24v
سوسة,مساكن,"الحبيب ثامر - (مساكن),",خالد زقر,121,agree,121,مايه وواحد وعشرون,2023,قرار الهيئة لمعتمدية مساكن__207__سوسة.PDF,1ACeXBzkHl2T9MeKjQESDeyTcdObpF24v
سوسة,مساكن,"الحبيب ثامر - (مساكن),",انيس قمحه,40,agree,40,اربعون,2023,قرار الهيئة لمعتمدية مساكن__207__سوسة.PDF,1ACeXBzkHl2T9MeKjQESDeyTcdObpF24v
سوسة,مساكن,الغربيين يتقدم الها,الحبيب عاشور,266,agree,266,مايتان وسته وستون,2023,قرار الهيئة لمعتمدية مساكن__207__سوسة.PDF,1ACeXBzkHl2T9MeKjQESDeyTcdObpF24v
سوسة,مساكن,الغربيين يتقدم الها,محمدالصغير علولو محجوب,98,digits-wrong,58,ثمانيه وتسعون,2023,قرار الهيئة لمعتمدية مساكن__207__سوسة.PDF,1ACeXBzkHl2T9MeKjQESDeyTcdObpF24v
سوسة,مساكن,الغربيين يتقدم الها,بسيم ابراهيم,78,agree,78,ثمانيه وسبعون,2023,قرار الهيئة لمعتمدية مساكن__207__سوسة.PDF,1ACeXBzkHl2T9MeKjQESDeyTcdObpF24v
سوسة,مساكن,الغربيين يتقدم الها,عادل القاببي,91,digits-wrong,51,واحد وتسعون,2023,قرار الهيئة لمعتمدية مساكن__207__سوسة.PDF,1ACeXBzkHl2T9MeKjQESDeyTcdObpF24v
سوسة,مساكن,الفرداي يتقدم المها,كمال ابن عبد البادي,58,agree,58,ثمانيه وخمسون,2023,قرار الهيئة لمعتمدية مساكن__207__سوسة.PDF,1ACeXBzkHl2T9MeKjQESDeyTcdObpF24v
سوسة,مساكن,الفرداي يتقدم المها,محمد الشيعي,58,agree,58,ثمانيه وخمسون,2023,قرار الهيئة لمعتمدية مساكن__207__سوسة.PDF,1ACeXBzkHl2T9MeKjQESDeyTcdObpF24v
سوسة,مساكن,الفرداي يتقدم المها,علي ابراهم مايثه,42,digits-wrong,142,واثنان واربعون,2023,قرار الهيئة لمعتمدية مساكن__207__سوسة.PDF,1ACeXBzkHl2T9MeKjQESDeyTcdObpF24v
سوسة,مساكن,الكنايسء تصرح البييه,محمد زياد بن سالمه,165,agree,165,مايه وخمسه وستون,2023,قرار الهيئة لمعتمدية مساكن__207__سوسة.PDF,1ACeXBzkHl2T9MeKjQESDeyTcdObpF24v
سوسة,مساكن,الكنايسء تصرح البييه,فاتن بن سالم,46,agree,46,سته واربعون,2023,قرار الهيئة لمعتمدية مساكن__207__سوسة.PDF,1ACeXBzkHl2T9MeKjQESDeyTcdObpF24v
سوسة,مساكن,الكنايسء تصرح البييه,عماد بنسالم,16,agree,16,سته عشر,2023,قرار الهيئة لمعتمدية مساكن__207__سوسة.PDF,1ACeXBzkHl2T9MeKjQESDeyTcdObpF24v
سوسة,مساكن,الكنايسء تصرح البييه,زياد قعلول,170,agree,170,مايه وسبعون,2023,قرار الهيئة لمعتمدية مساكن__207__سوسة.PDF,1ACeXBzkHl2T9MeKjQESDeyTcdObpF24v
سوسة,مساكن,الكنايسء تصرح البييه,رشيدي مفتاح,142,agree,142,مايه واثنان واربعون,2023,قرار الهيئة لمعتمدية مساكن__207__سوسة.PDF,1ACeXBzkHl2T9MeKjQESDeyTcdObpF24v
سوسة,مساكن,الكنايسء تصرح البييه,تميم الزريبي,103,agree,103,مايه وثلاثه,2023,قرار الهيئة لمعتمدية مساكن__207__سوسة.PDF,1ACeXBzkHl2T9MeKjQESDeyTcdObpF24v
سوسة,مساكن,المسعدين,حاتم بن سالم,158,digits-wrong,1538,مايه وثمانيه وخمسون,2023,قرار الهيئة لمعتمدية مساكن__207__سوسة.PDF,1ACeXBzkHl2T9MeKjQESDeyTcdObpF24v
سوسة,مساكن,المناعمه يتقدم اليها,توفيق الحويج العذاري,124,agree,124,مايه واربعه وعشرون,2023,قرار الهيئة لمعتمدية مساكن__207__سوسة.PDF,1ACeXBzkHl2T9MeKjQESDeyTcdObpF24v
سوسة,مساكن,المناعمه يتقدم اليها,شكري ابن مريم,57,agree,57,سبعه وخمسون,2023,قرار الهيئة لمعتمدية مساكن__207__سوسة.PDF,1ACeXBzkHl2T9MeKjQESDeyTcdObpF24v
سوسة,مساكن,المناعمه يتقدم اليها,احمد يوسف,85,agree,85,خمسه وثمانون,2023,قرار الهيئة لمعتمدية مساكن__207__سوسة.PDF,1ACeXBzkHl2T9MeKjQESDeyTcdObpF24v
سوسة,مساكن,"النجاجره, تصرح",جرير بي هالشملي,365,agree,365,ثلاثمايه وخمسه وستون,2023,قرار الهيئة لمعتمدية مساكن__207__سوسة.PDF,1ACeXBzkHl2T9MeKjQESDeyTcdObpF24v
سوسة,مساكن,"النجاجره, تصرح",توفيق بن عبدالجليل,223,agree,223,مايتان وثلاثه وعشرون,2023,قرار الهيئة لمعتمدية مساكن__207__سوسة.PDF,1ACeXBzkHl2T9MeKjQESDeyTcdObpF24v
سوسة,مساكن,"النجاجره, تصرح",حمدي النويقص,44,agree,44,اربعه واربعون,2023,قرار الهيئة لمعتمدية مساكن__207__سوسة.PDF,1ACeXBzkHl2T9MeKjQESDeyTcdObpF24v
سوسة,مساكن,النور- (مساكن),محمدعلي قبراط,37,agree,37,سبعه وثلاثون,2023,قرار الهيئة لمعتمدية مساكن__207__سوسة.PDF,1ACeXBzkHl2T9MeKjQESDeyTcdObpF24v
سوسة,مساكن,"بني ربيعه, تصرح",عتاب الساحلي,189,digits-wrong,169,مايه وتسعه وثمانون,2023,قرار الهيئة لمعتمدية مساكن__207__سوسة.PDF,1ACeXBzkHl2T9MeKjQESDeyTcdObpF24v
سوسة,مساكن,بني كلثوم,رفقي ابن سالم,197,digits-wrong,157,مايه وسبعه وتسعون,2023,قرار الهيئة لمعتمدية مساكن__207__سوسة.PDF,1ACeXBzkHl2T9MeKjQESDeyTcdObpF24v
سوسة,مساكن,بني كلثوم,كاظم الهمامي,161,agree,161,مايه وواحد وستون,2023,قرار الهيئة لمعتمدية مساكن__207__سوسة.PDF,1ACeXBzkHl2T9MeKjQESDeyTcdObpF24v
سوسة,هرقله,السويح,غسان اللواتي,141,agree,141,مايه وواحد واربعون,2023,قرار الهيئة لمعتمدية هرقلة__198__سوسة.PDF,1_E3P1g931wjhB0do_ZxDSZ9R4M2R-8fd
سوسة,هرقله,السويح,منصف السعفي,6,agree,6,سته,2023,قرار الهيئة لمعتمدية هرقلة__198__سوسة.PDF,1_E3P1g931wjhB0do_ZxDSZ9R4M2R-8fd
سوسة,هرقله,السويح,الهادي الوريمي,42,agree,42,اثنان واربعون,2023,قرار الهيئة لمعتمدية هرقلة__198__سوسة.PDF,1_E3P1g931wjhB0do_ZxDSZ9R4M2R-8fd
سوسة,هرقله,"العريبات, تصرح البييه العليا",انور سعيد,201,agree,201,مايتان وواحد,2023,قرار الهيئة لمعتمدية هرقلة__198__سوسة.PDF,1_E3P1g931wjhB0do_ZxDSZ9R4M2R-8fd
سوسة,هرقله,"العريبات, تصرح البييه العليا",كمال بن حسنح مايثه,10,digits-wrong,110,وعشره,2023,قرار الهيئة لمعتمدية هرقلة__198__سوسة.PDF,1_E3P1g931wjhB0do_ZxDSZ9R4M2R-8fd
سوسة,هرقله,"العريبات, تصرح البييه العليا",مزوغي بن عمار,17,agree,17,سبعه عشر,2023,قرار الهيئة لمعتمدية هرقلة__198__سوسة.PDF,1_E3P1g931wjhB0do_ZxDSZ9R4M2R-8fd
سوسة,هرقله,هرقله 1 تصرح البييه,حافظ بن رجب,146,agree,146,مايه وسته واربعون,2023,قرار الهيئة لمعتمدية هرقلة__198__سوسة.PDF,1_E3P1g931wjhB0do_ZxDSZ9R4M2R-8fd
سوسة,هرقله,هرقله 1 تصرح البييه,سيف الله كشيش,228,agree,228,مايتان وثمانيه وعشرون,2023,قرار الهيئة لمعتمدية هرقلة__198__سوسة.PDF,1_E3P1g931wjhB0do_ZxDSZ9R4M2R-8fd
سوسة,هرقله,هرقله 1 تصرح البييه,لينده بن الحاج عبدالله,42,agree,42,اثنان واربعون,2023,قرار الهيئة لمعتمدية هرقلة__198__سوسة.PDF,1_E3P1g931wjhB0do_ZxDSZ9R4M2R-8fd
سوسة,هرقله,هرقله 2,مروي الكامل,96,digits-wrong,56,سته وتسعون,2023,قرار الهيئة لمعتمدية هرقلة__198__سوسة.PDF,1_E3P1g931wjhB0do_ZxDSZ9R4M2R-8fd
سوسة,هرقله,هرقله 2,بوراوي العابد,58,agree,58,ثمانيه وخمسون,2023,قرار الهيئة لمعتمدية هرقلة__198__سوسة.PDF,1_E3P1g931wjhB0do_ZxDSZ9R4M2R-8fd
سوسة,هرقله,"هرقله 3, تصرح البييه",نوفل بن رمضان مايه وواحد وثلاثون عله,20003,digits-only,20003,,2023,قرار الهيئة لمعتمدية هرقلة__198__سوسة.PDF,1_E3P1g931wjhB0do_ZxDSZ9R4M2R-8fd
صفاقس 2,الصخيره,الحماده يتقدم الها,حكيم عامر,177,agree,177,مايه وسبعه وسبعون,2023,قرار الهيئة لمعتمدية الصخيرة__242__صفاقس 2 (2).PDF,1U0DXhLB7nlPRV8F2YF8YfB61VLZDJk-7
صفاقس 2,الصخيره,الحماده يتقدم الها,سامح اولاد نصر مايه وثلايه,10,digits-wrong,113,عشر,2023,قرار الهيئة لمعتمدية الصخيرة__242__صفاقس 2 (2).PDF,1U0DXhLB7nlPRV8F2YF8YfB61VLZDJk-7
صفاقس 2,الصخيره,الحماده يتقدم الها,همير اولات بلقاسم مايثه,80,digits-wrong,160,وثمانون,2023,قرار الهيئة لمعتمدية الصخيرة__242__صفاقس 2 (2).PDF,1U0DXhLB7nlPRV8F2YF8YfB61VLZDJk-7
صفاقس 2,الصخيره,الحماده يتقدم الها,عماد المثي,185,agree,185,مايه وخمسه وثمانون,2023,قرار الهيئة لمعتمدية الصخيرة__242__صفاقس 2 (2).PDF,1U0DXhLB7nlPRV8F2YF8YfB61VLZDJk-7
صفاقس 2,الصخيره,الحماده يتقدم الها,محمد منصور,219,agree,219,مايتان وتسعه عشر,2023,قرار الهيئة لمعتمدية الصخيرة__242__صفاقس 2 (2).PDF,1U0DXhLB7nlPRV8F2YF8YfB61VLZDJk-7
صفاقس 2,الصخيره,الخضراء - (الصخيره),ثامر النايب,386,digits-wrong,356,ثلاثمايه وسته وثمانون,2023,قرار الهيئة لمعتمدية الصخيرة__242__صفاقس 2 (2).PDF,1U0DXhLB7nlPRV8F2YF8YfB61VLZDJk-7
صفاقس 2,الصخيره,الخضراء - (الصخيره),عماد البغدادي,28,agree,28,ثمانيه وعشرون,2023,قرار الهيئة لمعتمدية الصخيرة__242__صفاقس 2 (2).PDF,1U0DXhLB7nlPRV8F2YF8YfB61VLZDJk-7
صفاقس 2,الصخيره,الصخيره,عبدالحميد الباش,1137,agree,1137,الف ومايه وسبعه وثلاثون,2023,قرار الهيئة لمعتمدية الصخيرة__242__صفاقس 2 (2).PDF,1U0DXhLB7nlPRV8F2YF8YfB61VLZDJk-7
صفاقس 2,الصخيره,الصخيره,المبروك الشيباني ‏,562,agree,562,خمسمايه واثنان وستون,2023,قرار الهيئة لمعتمدية الصخيرة__242__صفاقس 2 (2).PDF,1U0DXhLB7nlPRV8F2YF8YfB61VLZDJk-7
صفاقس 2,الصخيره,الصخيره,ليلي المايل,131,agree,131,مايه وواحد وثلاثون,2023,قرار الهيئة لمعتمدية الصخيرة__242__صفاقس 2 (2).PDF,1U0DXhLB7nlPRV8F2YF8YfB61VLZDJk-7
صفاقس 2,الصخيره,القنيطره يتقدم الها,مطفيان التفاكت,514,agree,514,خمسمايه واربعه عشر,2023,قرار الهيئة لمعتمدية الصخيرة__242__صفاقس 2 (2).PDF,1U0DXhLB7nlPRV8F2YF8YfB61VLZDJk-7
صفاقس 2,الصخيره,القنيطره يتقدم الها,حافظ عبدالصادق ماتتان,88,digits-wrong,2058,وثمانيه وثمانون,2023,قرار الهيئة لمعتمدية الصخيرة__242__صفاقس 2 (2).PDF,1U0DXhLB7nlPRV8F2YF8YfB61VLZDJk-7
صفاقس 2,الصخيره,القنيطره يتقدم الها,مفتاح بوزيان,704,agree,704,سبعمايه واربعه,2023,قرار الهيئة لمعتمدية الصخيرة__242__صفاقس 2 (2).PDF,1U0DXhLB7nlPRV8F2YF8YfB61VLZDJk-7
صفاقس 2,الصخيره,سيدي محمد,عبدالمجيد حميدات مايثتان,84,digits-wrong,264,واربعه وثمانون,2023,قرار الهيئة لمعتمدية الصخيرة__242__صفاقس 2 (2).PDF,1U0DXhLB7nlPRV8F2YF8YfB61VLZDJk-7
صفاقس 2,الصخيره,سيدي محمد,حمدي نصيره,88,digits-wrong,58,ثمانيه وثمانون,2023,قرار الهيئة لمعتمدية الصخيرة__242__صفاقس 2 (2).PDF,1U0DXhLB7nlPRV8F2YF8YfB61VLZDJk-7
صفاقس 2,الصخيره,سيدي محمد,عبدالمجيد لسود,134,agree,134,مايه واربعه وثلاثون,2023,قرار الهيئة لمعتمدية الصخيرة__242__صفاقس 2 (2).PDF,1U0DXhLB7nlPRV8F2YF8YfB61VLZDJk-7
صفاقس 2,الصخيره,سيدي محمد,صلاح اذياب,304,agree,304,ثلاثمايه واربعه,2023,قرار الهيئة لمعتمدية الصخيرة__242__صفاقس 2 (2).PDF,1U0DXhLB7nlPRV8F2YF8YfB61VLZDJk-7
صفاقس 2,الصخيره,سيدي محمد,عبدالله الرحموني,130,agree,130,مايه وثلاثون,2023,قرار الهيئة لمعتمدية الصخيرة__242__صفاقس 2 (2).PDF,1U0DXhLB7nlPRV8F2YF8YfB61VLZDJk-7
صفاقس 2,الصخيره,"صبيح, تصرح البييه",كمال باي,141,agree,141,مايه وواحد واربعون,2023,قرار الهيئة لمعتمدية الصخيرة__242__صفاقس 2 (2).PDF,1U0DXhLB7nlPRV8F2YF8YfB61VLZDJk-7
صفاقس 2,الصخيره,"صبيح, تصرح البييه",سلام بالقاسم,255,agree,255,مايتان وخمسه وخمسون,2023,قرار الهيئة لمعتمدية الصخيرة__242__صفاقس 2 (2).PDF,1U0DXhLB7nlPRV8F2YF8YfB61VLZDJk-7
صفاقس 2,الصخيره,نوال يتقدم المها,عبدالحميد الناجح مايثه,72,digits-wrong,172,واثنان وسبعون,2023,قرار الهيئة لمعتمدية الصخيرة__242__صفاقس 2 (2).PDF,1U0DXhLB7nlPRV8F2YF8YfB61VLZDJk-7
صفاقس 2,الصخيره,نوال يتقدم المها,الحسين الكثيري,46,agree,46,سته واربعون,2023,قرار الهيئة لمعتمدية الصخيرة__242__صفاقس 2 (2).PDF,1U0DXhLB7nlPRV8F2YF8YfB61VLZDJk-7
صفاقس 2,الصخيره,نوال يتقدم المها,عبدالفتاح فرحات,108,agree,108,مايه وثمانيه,2023,قرار الهيئة لمعتمدية الصخيرة__242__صفاقس 2 (2).PDF,1U0DXhLB7nlPRV8F2YF8YfB61VLZDJk-7
صفاقس 2,الصخيره,نوال يتقدم المها,حميد عون الله,74,agree,74,اربعه وسبعون,2023,قرار الهيئة لمعتمدية الصخيرة__242__صفاقس 2 (2).PDF,1U0DXhLB7nlPRV8F2YF8YfB61VLZDJk-7
صفاقس 2,الصخيره,نوال يتقدم المها,الحسين بنعمر,63,agree,63,ثلاثه وستون,2023,قرار الهيئة لمعتمدية الصخيرة__242__صفاقس 2 (2).PDF,1U0DXhLB7nlPRV8F2YF8YfB61VLZDJk-7
صفاقس 2,الغريبه,"الحشيشينه الجنوبيه,",البادي مبارك,361,agree,361,ثلاثمايه وواحد وستون,2023,قرار الهيئة لمعتمدية الغريبة__243__صفاقس 2.PDF,168YbREAqOxUZ5gU-UFJ2Cl_Bx2cEBuz7
صفاقس 2,الغريبه,"الحشيشينه الجنوبيه,",فريد بلقاسم,72,agree,72,اثنان وسبعون,2023,قرار الهيئة لمعتمدية الغريبة__243__صفاقس 2.PDF,168YbREAqOxUZ5gU-UFJ2Cl_Bx2cEBuz7
صفاقس 2,الغريبه,"الحشيشينه الجنوبيه,",عبداللطيف زروق,160,agree,160,مايه وستون,2023,قرار الهيئة لمعتمدية الغريبة__243__صفاقس 2.PDF,168YbREAqOxUZ5gU-UFJ2Cl_Bx2cEBuz7
صفاقس 2,الغريبه,"الحشيشينه الشماليه,",عمر شياب,117,agree,117,مايه وسبعه عشر,2023,قرار الهيئة لمعتمدية الغريبة__243__صفاقس 2.PDF,168YbREAqOxUZ5gU-UFJ2Cl_Bx2cEBuz7
صفاقس 2,الغريبه,"الحشيشينه الشماليه,",محمد بوشهبوه,150,digits-wrong,120,مايه وخمسون,2023,قرار الهيئة لمعتمدية الغريبة__243__صفاقس 2.PDF,168YbREAqOxUZ5gU-UFJ2Cl_Bx2cEBuz7
صفاقس 2,الغريبه,الشعالء تصرح البييه العليا,علي الخمار,143,agree,143,مايه وثلاثه واربعون,2023,قرار الهيئة لمعتمدية الغريبة__243__صفاقس 2.PDF,168YbREAqOxUZ5gU-UFJ2Cl_Bx2cEBuz7
صفاقس 2,الغريبه,الشعالء تصرح البييه العليا,كارم بن البحري,77,agree,77,سبعه وسبعون,2023,قرار الهيئة لمعتمدية الغريبة__243__صفاقس 2.PDF,168YbREAqOxUZ5gU-UFJ2Cl_Bx2cEBuz7
صفاقس 2,الغريبه,"الغريبه, تصرح البييه",محسن العويدات,59,agree,59,تسعه وخمسون,2023,قرار الهيئة لمعتمدية الغريبة__243__صفاقس 2.PDF,168YbREAqOxUZ5gU-UFJ2Cl_Bx2cEBuz7
صفاقس 2,الغريبه,"الغريبه, تصرح البييه",حسن خليفه,138,agree,138,مايه وثمانيه وثلاثون,2023,قرار الهيئة لمعتمدية الغريبة__243__صفاقس 2.PDF,168YbREAqOxUZ5gU-UFJ2Cl_Bx2cEBuz7
صفاقس 2,الغريبه,المنار- (الغريبه) يتقدم,سامي رحومه,49,agree,49,تسعه واربعون,2023,قرار الهيئة لمعتمدية الغريبة__243__صفاقس 2.PDF,168YbREAqOxUZ5gU-UFJ2Cl_Bx2cEBuz7
صفاقس 2,الغريبه,المنار- (الغريبه) يتقدم,عبدالكريم عراوضيه,169,agree,169,مايه وتسعه وستون,2023,قرار الهيئة لمعتمدية الغريبة__243__صفاقس 2.PDF,168YbREAqOxUZ5gU-UFJ2Cl_Bx2cEBuz7
صفاقس 2,الغريبه,المنار- (الغريبه) يتقدم,المنصف باكير,63,agree,63,ثلاثه وستون,2023,قرار الهيئة لمعتمدية الغريبة__243__صفاقس 2.PDF,168YbREAqOxUZ5gU-UFJ2Cl_Bx2cEBuz7
صفاقس 2,الغريبه,المنار- (الغريبه) يتقدم,شاكر ين احمد اثنان وتبسعون,592,digits-only,592,,2023,قرار الهيئة لمعتمدية الغريبة__243__صفاقس 2.PDF,168YbREAqOxUZ5gU-UFJ2Cl_Bx2cEBuz7
صفاقس 2,الغريبه,المنار- (الغريبه) يتقدم,جمال حجاج,97,digits-wrong,57,سبعه وتسعون,2023,قرار الهيئة لمعتمدية الغريبة__243__صفاقس 2.PDF,168YbREAqOxUZ5gU-UFJ2Cl_Bx2cEBuz7
صفاقس 2,الغريبه,المنار- (الغريبه) يتقدم,عصام بنسلطان,118,agree,118,مايه وثمانيه عشر,2023,قرار الهيئة لمعتمدية الغريبة__243__صفاقس 2.PDF,168YbREAqOxUZ5gU-UFJ2Cl_Bx2cEBuz7
صفاقس 2,الغريبه,المنار- (الغريبه) يتقدم,بلقاسم سالم,30,agree,30,ثلاثون,2023,قرار الهيئة لمعتمدية الغريبة__243__صفاقس 2.PDF,168YbREAqOxUZ5gU-UFJ2Cl_Bx2cEBuz7
صفاقس 2,المحرس,السماره يتقدم الها,مبروك شعبوني ماثتان,66,digits-wrong,266,وسته وستون,2023,قرار الهيئة لمعتمدية المحرس__244__صفاقس 2.PDF,1jQ2ZkhOFNRpZDBMTqPDajpZrsvmqAD6K
صفاقس 2,المحرس,السماره يتقدم الها,المادي شعبوني ماثه,22,digits-wrong,12,واثنان وعشرون,2023,قرار الهيئة لمعتمدية المحرس__244__صفاقس 2.PDF,1jQ2ZkhOFNRpZDBMTqPDajpZrsvmqAD6K
صفاقس 2,المحرس,السماره يتقدم الها,نزار القروي,133,agree,133,مايه وثلاثه وثلاثون,2023,قرار الهيئة لمعتمدية المحرس__244__صفاقس 2.PDF,1jQ2ZkhOFNRpZDBMTqPDajpZrsvmqAD6K
صفاقس 2,المحرس,السماره يتقدم الها,خليفه شعبوني,44,agree,44,اربعه واربعون,2023,قرار الهيئة لمعتمدية المحرس__244__صفاقس 2.PDF,1jQ2ZkhOFNRpZDBMTqPDajpZrsvmqAD6K
صفاقس 2,المحرس,"الشفار, تصرح البييه العليا",حسان غناي,625,agree,625,ستمايه وخمسه وعشرون,2023,قرار الهيئة لمعتمدية المحرس__244__صفاقس 2.PDF,1jQ2ZkhOFNRpZDBMTqPDajpZrsvmqAD6K
صفاقس 2,المحرس,المحرس يتقدم البها,فوزي النايلي,254,agree,254,مايتان واربعه وخمسون,2023,قرار الهيئة لمعتمدية المحرس__244__صفاقس 2.PDF,1jQ2ZkhOFNRpZDBMTqPDajpZrsvmqAD6K
صفاقس 2,المحرس,المحرس يتقدم البها,فيصل بالي ماكتات,200,digits-only,200,,2023,قرار الهيئة لمعتمدية المحرس__244__صفاقس 2.PDF,1jQ2ZkhOFNRpZDBMTqPDajpZrsvmqAD6K
صفاقس 2,المحرس,المحرس يتقدم البها,"مجمك ,تجا من",40,agree,40,اربعون,2023,قرار الهيئة لمعتمدية المحرس__244__صفاقس 2.PDF,1jQ2ZkhOFNRpZDBMTqPDajpZrsvmqAD6K
صفاقس 2,المحرس,المحرس يتقدم البها,عبدالباسط قويعه,72,agree,72,اثنان وسبعون,2023,قرار الهيئة لمعتمدية المحرس__244__صفاقس 2.PDF,1jQ2ZkhOFNRpZDBMTqPDajpZrsvmqAD6K
صفاقس 2,المحرس,سيدي غريب يتقدم,ماهر هواشتيه,27,agree,27,سبعه وعشرون,2023,قرار الهيئة لمعتمدية المحرس__244__صفاقس 2.PDF,1jQ2ZkhOFNRpZDBMTqPDajpZrsvmqAD6K
صفاقس 2,المحرس,سيدي غريب يتقدم,فتاح هواشتيه,105,agree,105,مايه وخمسه,2023,قرار الهيئة لمعتمدية المحرس__244__صفاقس 2.PDF,1jQ2ZkhOFNRpZDBMTqPDajpZrsvmqAD6K
صفاقس 2,المحرس,سيدي غريب يتقدم,بدرالدين غرس الله,105,agree,105,مايه وخمسه,2023,قرار الهيئة لمعتمدية المحرس__244__صفاقس 2.PDF,1jQ2ZkhOFNRpZDBMTqPDajpZrsvmqAD6K
صفاقس 2,المحرس,سيدي غريب يتقدم,جبران هواشتي,45,agree,45,خمسه واربعون,2023,قرار الهيئة لمعتمدية المحرس__244__صفاقس 2.PDF,1jQ2ZkhOFNRpZDBMTqPDajpZrsvmqAD6K
صفاقس 2,المحرس,عيثه الشلاياء تصرح,الجيلاني مانعي,322,digits-wrong,32,ثلاثمايه واثنان وعشرون,2023,قرار الهيئة لمعتمدية المحرس__244__صفاقس 2.PDF,1jQ2ZkhOFNRpZDBMTqPDajpZrsvmqAD6K
صفاقس 2,المحرس,عيثه الشلاياء تصرح,عبدالسلام سالم,124,agree,124,مايه واربعه وعشرون,2023,قرار الهيئة لمعتمدية المحرس__244__صفاقس 2.PDF,1jQ2ZkhOFNRpZDBMTqPDajpZrsvmqAD6K
صفاقس 2,صفاقس الجنوبيه,الافران,نور خماخم,302,agree,302,ثلاثمايه واثنان,2023,قرار الهيئة لمعتمدية صفاقس الجنوبية__246__صفاقس 2.PDF,1zUblZaxtZH9z95Pco3oZq7AmcC1pLa72
صفاقس 2,صفاقس الجنوبيه,الافران,جوهر بوسته,213,agree,213,مايتان وثلاثه عشر,2023,قرار الهيئة لمعتمدية صفاقس الجنوبية__246__صفاقس 2.PDF,1zUblZaxtZH9z95Pco3oZq7AmcC1pLa72
صفاقس 2,صفاقس الجنوبيه,الافران,فاطمه الفقي,187,digits-wrong,157,مايه وسبعه وثمانون,2023,قرار الهيئة لمعتمدية صفاقس الجنوبية__246__صفاقس 2.PDF,1zUblZaxtZH9z95Pco3oZq7AmcC1pLa72
صفاقس 2,صفاقس الجنوبيه,الافران,امير سحنون,187,digits-wrong,157,مايه وسبعه وثمانون,2023,قرار الهيئة لمعتمدية صفاقس الجنوبية__246__صفاقس 2.PDF,1zUblZaxtZH9z95Pco3oZq7AmcC1pLa72
صفاقس 2,صفاقس الجنوبيه,الافران,الحبيب الميلادي,132,digits-wrong,159,مايه واثنان وثلاثون,2023,قرار الهيئة لمعتمدية صفاقس الجنوبية__246__صفاقس 2.PDF,1zUblZaxtZH9z95Pco3oZq7AmcC1pLa72
صفاقس 2,صفاقس الجنوبيه,الخزانات,يوسف العوي,689,agree,689,ستمايه وتسعه وثمانون,2023,قرار الهيئة لمعتمدية صفاقس الجنوبية__246__صفاقس 2.PDF,1zUblZaxtZH9z95Pco3oZq7AmcC1pLa72
صفاقس 2,صفاقس الجنوبيه,الخزانات,ريم النفاتي,173,agree,173,مايه وثلاثه وسبعون,2023,قرار الهيئة لمعتمدية صفاقس الجنوبية__246__صفاقس 2.PDF,1zUblZaxtZH9z95Pco3oZq7AmcC1pLa72
صفاقس 2,صفاقس الجنوبيه,الخزانات,سليم مسعودي,577,digits-wrong,7,خمسمايه وسبعه وسبعون,2023,قرار الهيئة لمعتمدية صفاقس الجنوبية__246__صفاقس 2.PDF,1zUblZaxtZH9z95Pco3oZq7AmcC1pLa72
صفاقس 2,صفاقس الجنوبيه,الخزانات,7س رم مي د مر كم ص,2,digits-only,2,,2023,قرار الهيئة لمعتمدية صفاقس الجنوبية__246__صفاقس 2.PDF,1zUblZaxtZH9z95Pco3oZq7AmcC1pLa72
صفاقس 2,صفاقس الجنوبيه,العوابد,محمد البدوي,179,agree,179,مايه وتسعه وسبعون,2023,قرار الهيئة لمعتمدية صفاقس الجنوبية__246__صفاقس 2.PDF,1zUblZaxtZH9z95Pco3oZq7AmcC1pLa72
صفاقس 2,صفاقس الجنوبيه,العوابد,عبدالسلام بن سعد,109,agree,109,مايه وتسعه,2023,قرار الهيئة لمعتمدية صفاقس الجنوبية__246__صفاقس 2.PDF,1zUblZaxtZH9z95Pco3oZq7AmcC1pLa72
صفاقس 2,صفاقس الجنوبيه,العين يتقدم,باديس بن بلقاسم,145,agree,145,مايه وخمسه واربعون,2023,قرار الهيئة لمعتمدية صفاقس الجنوبية__246__صفاقس 2.PDF,1zUblZaxtZH9z95Pco3oZq7AmcC1pLa72
صفاقس 2,صفاقس الجنوبيه,العين يتقدم,هيفاء الغرياني,190,digits-wrong,1530,مايه وتسعون,2023,قرار الهيئة لمعتمدية صفاقس الجنوبية__246__صفاقس 2.PDF,1zUblZaxtZH9z95Pco3oZq7AmcC1pLa72
صفاقس 2,صفاقس الجنوبيه,العين يتقدم,مهدي العفاس,178,agree,178,مايه وثمانيه وسبعون,2023,قرار الهيئة لمعتمدية صفاقس الجنوبية__246__صفاقس 2.PDF,1zUblZaxtZH9z95Pco3oZq7AmcC1pLa72
صفاقس 2,صفاقس الجنوبيه,العين يتقدم,سامي غربال ثلايمايه,6,digits-wrong,306,وسته,2023,قرار الهيئة لمعتمدية صفاقس الجنوبية__246__صفاقس 2.PDF,1zUblZaxtZH9z95Pco3oZq7AmcC1pLa72
صفاقس 2,صفاقس الجنوبيه,العين يتقدم,زهور بوعين,283,digits-wrong,263,مايتان وثلاثه وثمانون,2023,قرار الهيئة لمعتمدية صفاقس الجنوبية__246__صفاقس 2.PDF,1zUblZaxtZH9z95Pco3oZq7AmcC1pLa72
صفاقس 2,صفاقس الجنوبيه,بوزيان,بسام القرقوري,453,agree,453,اربعمايه وثلاثه وخمسون,2023,قرار الهيئة لمعتمدية صفاقس الجنوبية__246__صفاقس 2.PDF,1zUblZaxtZH9z95Pco3oZq7AmcC1pLa72
صفاقس 2,صفاقس الجنوبيه,بوزيان,محمد الكراي,162,agree,162,مايه واثنان وستون,2023,قرار الهيئة لمعتمدية صفاقس الجنوبية__246__صفاقس 2.PDF,1zUblZaxtZH9z95Pco3oZq7AmcC1pLa72
صفاقس 2,صفاقس الجنوبيه,بوزيان,هشام قيداره مايه وسته وتبسعون,156,digits-only,156,,2023,قرار الهيئة لمعتمدية صفاقس الجنوبية__246__صفاقس 2.PDF,1zUblZaxtZH9z95Pco3oZq7AmcC1pLa72
صفاقس 2,صفاقس الجنوبيه,بوزيان,رهام الحاج قاسم ماثتان,46,digits-wrong,246,وسته واربعون,2023,قرار الهيئة لمعتمدية صفاقس الجنوبية__246__صفاقس 2.PDF,1zUblZaxtZH9z95Pco3oZq7AmcC1pLa72
صفاقس 2,صفاقس الجنوبيه,بوزيان,عبدالرحمان الشاوش,641,agree,641,ستمايه وواحد واربعون,2023,قرار الهيئة لمعتمدية صفاقس الجنوبية__246__صفاقس 2.PDF,1zUblZaxtZH9z95Pco3oZq7AmcC1pLa72
صفاقس 2,صفاقس الجنوبيه,بوزيان,محمد السعداوي,59,agree,59,تسعه وخمسون,2023,قرار الهيئة لمعتمدية صفاقس الجنوبية__246__صفاقس 2.PDF,1zUblZaxtZH9z95Pco3oZq7AmcC1pLa72
صفاقس 2,صفاقس الجنوبيه,بوزيان,حسين حديدي,174,agree,174,مايه واربعه وسبعون,2023,قرار الهيئة لمعتمدية صفاقس الجنوبية__246__صفاقس 2.PDF,1zUblZaxtZH9z95Pco3oZq7AmcC1pLa72
صفاقس 2,صفاقس الجنوبيه,بوزيان,حليمه مسعود,64,agree,64,اربعه وستون,2023,قرار الهيئة لمعتمدية صفاقس الجنوبية__246__صفاقس 2.PDF,1zUblZaxtZH9z95Pco3oZq7AmcC1pLa72
صفاقس 2,صفاقس الجنوبيه,بوزيان,رفيق بنصر,56,agree,56,سته وخمسون,2023,قرار الهيئة لمعتمدية صفاقس الجنوبية__246__صفاقس 2.PDF,1zUblZaxtZH9z95Pco3oZq7AmcC1pLa72
صفاقس 2,صفاقس الجنوبيه,قرمده,محمد بن عامر ماثه,58,digits-wrong,1538,وثمانيه وخمسون,2023,قرار الهيئة لمعتمدية صفاقس الجنوبية__246__صفاقس 2.PDF,1zUblZaxtZH9z95Pco3oZq7AmcC1pLa72
صفاقس 2,صفاقس الجنوبيه,قرمده,اكرم العموري,308,agree,308,ثلاثمايه وثمانيه,2023,قرار الهيئة لمعتمدية صفاقس الجنوبية__246__صفاقس 2.PDF,1zUblZaxtZH9z95Pco3oZq7AmcC1pLa72
صفاقس 2,صفاقس الجنوبيه,قرمده,فاطمه العيادي,216,agree,216,مايتان وسته عشر,2023,قرار الهيئة لمعتمدية صفاقس الجنوبية__246__صفاقس 2.PDF,1zUblZaxtZH9z95Pco3oZq7AmcC1pLa72
صفاقس 2,صفاقس الغربيه,"العاليه, تصرح البييه العليا المستقله",عبد المجيد المرابطد ماثتان,52,digits-wrong,252,واثنان وخمسون,2023,قرار الهيئة لمعتمدية صفاقس الغربية__245__صفاقس 2.PDF,1PH1W4Mnr-ylzL2CydrXCMm-5mApXtvj6
صفاقس 2,صفاقس الغربيه,"العاليه, تصرح البييه العليا المستقله",مني البقلوطي,259,agree,259,مايتان وتسعه وخمسون,2023,قرار الهيئة لمعتمدية صفاقس الغربية__245__صفاقس 2.PDF,1PH1W4Mnr-ylzL2CydrXCMm-5mApXtvj6
صفاقس 2,صفاقس الغربيه,"العاليه, تصرح البييه العليا المستقله",فهمي المرعوي,276,agree,276,مايتان وسته وسبعون,2023,قرار الهيئة لمعتمدية صفاقس الغربية__245__صفاقس 2.PDF,1PH1W4Mnr-ylzL2CydrXCMm-5mApXtvj6
صفاقس 2,صفاقس الغربيه,"العاليه, تصرح البييه العليا المستقله",وجيه الطريقي ماثتان,41,digits-wrong,211,وواحد واربعون,2023,قرار الهيئة لمعتمدية صفاقس الغربية__245__صفاقس 2.PDF,1PH1W4Mnr-ylzL2CydrXCMm-5mApXtvj6
صفاقس 2,صفاقس الغربيه,حي البحري يتقدم,عاطف السامسي,444,agree,444,اربعمايه واربعه واربعون,2023,قرار الهيئة لمعتمدية صفاقس الغربية__245__صفاقس 2.PDF,1PH1W4Mnr-ylzL2CydrXCMm-5mApXtvj6
صفاقس 2,صفاقس الغربيه,حي البحري يتقدم,عمر الزحزاح,64,agree,64,اربعه وستون,2023,قرار الهيئة لمعتمدية صفاقس الغربية__245__صفاقس 2.PDF,1PH1W4Mnr-ylzL2CydrXCMm-5mApXtvj6
صفاقس 2,صفاقس الغربيه,حي البحري يتقدم,مروه الزريبي,145,agree,145,مايه وخمسه واربعون,2023,قرار الهيئة لمعتمدية صفاقس الغربية__245__صفاقس 2.PDF,1PH1W4Mnr-ylzL2CydrXCMm-5mApXtvj6
صفاقس 2,صفاقس الغربيه,حي البحري يتقدم,بوكثير الجربي,148,agree,148,مايه وثمانيه واربعون,2023,قرار الهيئة لمعتمدية صفاقس الغربية__245__صفاقس 2.PDF,1PH1W4Mnr-ylzL2CydrXCMm-5mApXtvj6
صفاقس 2,صفاقس الغربيه,حي الحبيب,اييس القرقوري,483,digits-wrong,453,اربعمايه وثلاثه وثمانون,2023,قرار الهيئة لمعتمدية صفاقس الغربية__245__صفاقس 2.PDF,1PH1W4Mnr-ylzL2CydrXCMm-5mApXtvj6
صفاقس 2,صفاقس الغربيه,حي الحبيب,ناجيه اليوسفي مايثه,41,digits-wrong,141,وواحد واربعون,2023,قرار الهيئة لمعتمدية صفاقس الغربية__245__صفاقس 2.PDF,1PH1W4Mnr-ylzL2CydrXCMm-5mApXtvj6
صفاقس 2,صفاقس الغربيه,حي الحبيب,حنان حجلاوي مايثه,64,digits-wrong,164,واربعه وستون,2023,قرار الهيئة لمعتمدية صفاقس الغربية__245__صفاقس 2.PDF,1PH1W4Mnr-ylzL2CydrXCMm-5mApXtvj6
صفاقس 2,صفاقس الغربيه,حي الحبيب,زينه هرابي,237,agree,237,مايتان وسبعه وثلاثون,2023,قرار الهيئة لمعتمدية صفاقس الغربية__245__صفاقس 2.PDF,1PH1W4Mnr-ylzL2CydrXCMm-5mApXtvj6
صفاقس 2,صفاقس الغربيه,حي الحبيب,رمزي الساني,197,digits-wrong,157,مايه وسبعه وتسعون,2023,قرار الهيئة لمعتمدية صفاقس الغربية__245__صفاقس 2.PDF,1PH1W4Mnr-ylzL2CydrXCMm-5mApXtvj6
صفاقس 2,صفاقس الغربيه,سكره - (صفاقس الغربيه),كميليه اللومي,220,agree,220,مايتان وعشرون,2023,قرار الهيئة لمعتمدية صفاقس الغربية__245__صفاقس 2.PDF,1PH1W4Mnr-ylzL2CydrXCMm-5mApXtvj6
صفاقس 2,صفاقس الغربيه,سكره - (صفاقس الغربيه),محمد امصدق,114,agree,114,مايه واربعه عشر,2023,قرار الهيئة لمعتمدية صفاقس الغربية__245__صفاقس 2.PDF,1PH1W4Mnr-ylzL2CydrXCMm-5mApXtvj6
صفاقس 2,صفاقس الغربيه,سكره - (صفاقس الغربيه),اشرقه ومازك: - هايقان وتسحوه,2520,digits-only,2520,,2023,قرار الهيئة لمعتمدية صفاقس الغربية__245__صفاقس 2.PDF,1PH1W4Mnr-ylzL2CydrXCMm-5mApXtvj6
صفاقس 2,صفاقس الغربيه,سكره - (صفاقس الغربيه),سوير يزيد مايه وثلايه عشر ع,1000,digits-only,1000,,2023,قرار الهيئة لمعتمدية صفاقس الغربية__245__صفاقس 2.PDF,1PH1W4Mnr-ylzL2CydrXCMm-5mApXtvj6
صفاقس 2,صفاقس الغربيه,سكره - (صفاقس الغربيه),تي الحقيقه - مايقان واتنان وكمصون,252,digits-only,252,,2023,قرار الهيئة لمعتمدية صفاقس الغربية__245__صفاقس 2.PDF,1PH1W4Mnr-ylzL2CydrXCMm-5mApXtvj6
صفاقس 2,صفاقس الغربيه,سكره - (صفاقس الغربيه),يسري الحمامي,201,agree,201,مايتان وواحد,2023,قرار الهيئة لمعتمدية صفاقس الغربية__245__صفاقس 2.PDF,1PH1W4Mnr-ylzL2CydrXCMm-5mApXtvj6
صفاقس 2,صفاقس الغربيه,وادي الرمل - (صفاقس الغربيه)»,عبد العزيز البرادعي,191,digits-wrong,1531,مايه وواحد وتسعون,2023,قرار الهيئة لمعتمدية صفاقس الغربية__245__صفاقس 2.PDF,1PH1W4Mnr-ylzL2CydrXCMm-5mApXtvj6
صفاقس 2,صفاقس الغربيه,وادي الرمل - (صفاقس الغربيه)»,فاطمه مدايني,196,digits-wrong,156,مايه وسته وتسعون,2023,قرار الهيئة لمعتمدية صفاقس الغربية__245__صفاقس 2.PDF,1PH1W4Mnr-ylzL2CydrXCMm-5mApXtvj6
صفاقس 2,صفاقس المدينه,15نوفمبر,محمدمهدي هماني,170,agree,170,مايه وسبعون,2023,قرار الهيئة لمعتمدية صفاقس المدينة__247__صفاقس 2.PDF,1WbfaQvUKf0HmPwQlhraN1GJgShSTKIS8
صفاقس 2,صفاقس المدينه,15نوفمبر,خليل اللواتي,192,digits-wrong,152,مايه واثنان وتسعون,2023,قرار الهيئة لمعتمدية صفاقس المدينة__247__صفاقس 2.PDF,1WbfaQvUKf0HmPwQlhraN1GJgShSTKIS8
صفاقس 2,صفاقس المدينه,15نوفمبر,هيكل معتوق,229,agree,229,مايتان وتسعه وعشرون,2023,قرار الهيئة لمعتمدية صفاقس المدينة__247__صفاقس 2.PDF,1WbfaQvUKf0HmPwQlhraN1GJgShSTKIS8
صفاقس 2,صفاقس المدينه,الحي الخ,سوار جابر,206,agree,206,مايتان وسته,2023,قرار الهيئة لمعتمدية صفاقس المدينة__247__صفاقس 2.PDF,1WbfaQvUKf0HmPwQlhraN1GJgShSTKIS8
صفاقس 2,صفاقس المدينه,الحي الخيري,عبدالرحمان رواشد,109,agree,109,مايه وتسعه,2023,قرار الهيئة لمعتمدية صفاقس المدينة__247__صفاقس 2.PDF,1WbfaQvUKf0HmPwQlhraN1GJgShSTKIS8
صفاقس 2,صفاقس المدينه,الحي الخيري,نجيب الزرلي,208,agree,208,مايتان وثمانيه,2023,قرار الهيئة لمعتمدية صفاقس المدينة__247__صفاقس 2.PDF,1WbfaQvUKf0HmPwQlhraN1GJgShSTKIS8
صفاقس 2,صفاقس المدينه,الربض يتقدم,اميمه الصباحي ماتتان,72,digits-wrong,272,واثنان وسبعون,2023,قرار الهيئة لمعتمدية صفاقس المدينة__247__صفاقس 2.PDF,1WbfaQvUKf0HmPwQlhraN1GJgShSTKIS8
صفاقس 2,صفاقس المدينه,الربض يتقدم,فريد السلامي,376,agree,376,ثلاثمايه وسته وسبعون,2023,قرار الهيئة لمعتمدية صفاقس المدينة__247__صفاقس 2.PDF,1WbfaQvUKf0HmPwQlhraN1GJgShSTKIS8
صفاقس 2,صفاقس المدينه,الربض يتقدم,احمد محفوظ,166,agree,166,مايه وسته وستون,2023,قرار الهيئة لمعتمدية صفاقس المدينة__247__صفاقس 2.PDF,1WbfaQvUKf0HmPwQlhraN1GJgShSTKIS8
صفاقس 2,صفاقس المدينه,المدينه - (صفاقس,علي الغيداوي,198,digits-wrong,158,مايه وثمانيه وتسعون,2023,قرار الهيئة لمعتمدية صفاقس المدينة__247__صفاقس 2.PDF,1WbfaQvUKf0HmPwQlhraN1GJgShSTKIS8
صفاقس 2,صفاقس المدينه,المدينه - (صفاقس,محمد مقي,236,agree,236,مايتان وسته وثلاثون,2023,قرار الهيئة لمعتمدية صفاقس المدينة__247__صفاقس 2.PDF,1WbfaQvUKf0HmPwQlhraN1GJgShSTKIS8
صفاقس 2,صفاقس المدينه,باب البحر,رياض معطر,307,agree,307,ثلاثمايه وسبعه,2023,قرار الهيئة لمعتمدية صفاقس المدينة__247__صفاقس 2.PDF,1WbfaQvUKf0HmPwQlhraN1GJgShSTKIS8
صفاقس 2,صفاقس المدينه,سيدي,لسعد كريديس,216,agree,216,مايتان وسته عشر,2023,قرار الهيئة لمعتمدية صفاقس المدينة__247__صفاقس 2.PDF,1WbfaQvUKf0HmPwQlhraN1GJgShSTKIS8
صفاقس 2,صفاقس المدينه,عين شيخ,فايز عبدالهادي,75,agree,75,خمسه وسبعون,2023,قرار الهيئة لمعتمدية صفاقس المدينة__247__صفاقس 2.PDF,1WbfaQvUKf0HmPwQlhraN1GJgShSTKIS8
صفاقس 2,صفاقس المدينه,عين شيخ,محمد بن صالح,316,agree,316,ثلاثمايه وسته عشر,2023,قرار الهيئة لمعتمدية صفاقس المدينة__247__صفاقس 2.PDF,1WbfaQvUKf0HmPwQlhraN1GJgShSTKIS8
صفاقس 2,صفاقس المدينه,عين شيخ,نبيل غربال,138,agree,138,مايه وثمانيه وثلاثون,2023,قرار الهيئة لمعتمدية صفاقس المدينة__247__صفاقس 2.PDF,1WbfaQvUKf0HmPwQlhraN1GJgShSTKIS8
صفاقس 2,صفاقس المدينه,محمد علي,انيس الحشيشه ماته,89,digits-wrong,189,وتسعه وثمانون,2023,قرار الهيئة لمعتمدية صفاقس المدينة__247__صفاقس 2.PDF,1WbfaQvUKf0HmPwQlhraN1GJgShSTKIS8
صفاقس 2,صفاقس المدينه,محمد علي,لطفي الطاهري,203,agree,203,مايتان وثلاثه,2023,قرار الهيئة لمعتمدية صفاقس المدينة__247__صفاقس 2.PDF,1WbfaQvUKf0HmPwQlhraN1GJgShSTKIS8
صفاقس 2,صفاقس المدينه,محمد علي,شكري العقيد ماكتان واتتاق,202,digits-only,202,,2023,قرار الهيئة لمعتمدية صفاقس المدينة__247__صفاقس 2.PDF,1WbfaQvUKf0HmPwQlhraN1GJgShSTKIS8
صفاقس 2,صفاقس المدينه,مركز الباشاء,الحبيب المعلول ماثتان,40,digits-wrong,240,واربعون,2023,قرار الهيئة لمعتمدية صفاقس المدينة__247__صفاقس 2.PDF,1WbfaQvUKf0HmPwQlhraN1GJgShSTKIS8
صفاقس 2,صفاقس المدينه,مركز الباشاء,حاتم لسود,110,agree,110,مايه وعشره,2023,قرار الهيئة لمعتمدية صفاقس المدينة__247__صفاقس 2.PDF,1WbfaQvUKf0HmPwQlhraN1GJgShSTKIS8
صفاقس 2,صفاقس المدينه,مركز الباشاء,ابراهيم بوعصيده,105,agree,105,مايه وخمسه,2023,قرار الهيئة لمعتمدية صفاقس المدينة__247__صفاقس 2.PDF,1WbfaQvUKf0HmPwQlhraN1GJgShSTKIS8
صفاقس 2,طينه,الحاجب 1 يتقدم المها,زهره عوني,58,agree,58,ثمانيه وخمسون,2023,قرار الهيئة لمعتمدية طينة__248__صفاقس 2.PDF,1xOBlqbFzIQ21Q-v4wx7BynkRgMUZGmc2
صفاقس 2,طينه,الحاجب 1 يتقدم المها,وليد غنانيه,120,agree,120,مايه وعشرون,2023,قرار الهيئة لمعتمدية طينة__248__صفاقس 2.PDF,1xOBlqbFzIQ21Q-v4wx7BynkRgMUZGmc2
صفاقس 2,طينه,الحاجب 1 يتقدم المها,ايمن الجواني,204,agree,204,مايتان واربعه,2023,قرار الهيئة لمعتمدية طينة__248__صفاقس 2.PDF,1xOBlqbFzIQ21Q-v4wx7BynkRgMUZGmc2
صفاقس 2,طينه,الحاجب 1 يتقدم المها,علاء زغلامي,131,agree,131,مايه وواحد وثلاثون,2023,قرار الهيئة لمعتمدية طينة__248__صفاقس 2.PDF,1xOBlqbFzIQ21Q-v4wx7BynkRgMUZGmc2
صفاقس 2,طينه,الحاجب 2,شاهر النفاتي,251,agree,251,مايتان وواحد وخمسون,2023,قرار الهيئة لمعتمدية طينة__248__صفاقس 2.PDF,1xOBlqbFzIQ21Q-v4wx7BynkRgMUZGmc2
صفاقس 2,طينه,سيد عبيد - (طينه),فبمي مبارك,175,digits-wrong,25,مايه وخمسه وسبعون,2023,قرار الهيئة لمعتمدية طينة__248__صفاقس 2.PDF,1xOBlqbFzIQ21Q-v4wx7BynkRgMUZGmc2
صفاقس 2,طينه,سيد عبيد - (طينه),محمد العامري ماثه,46,digits-wrong,146,وسته واربعون,2023,قرار الهيئة لمعتمدية طينة__248__صفاقس 2.PDF,1xOBlqbFzIQ21Q-v4wx7BynkRgMUZGmc2
صفاقس 2,طينه,سيد عبيد - (طينه),خديجه العامري,160,agree,160,مايه وستون,2023,قرار الهيئة لمعتمدية طينة__248__صفاقس 2.PDF,1xOBlqbFzIQ21Q-v4wx7BynkRgMUZGmc2
صفاقس 2,طينه,سيد عبيد - (طينه),عليه اللاي,147,agree,147,مايه وسبعه واربعون,2023,قرار الهيئة لمعتمدية طينة__248__صفاقس 2.PDF,1xOBlqbFzIQ21Q-v4wx7BynkRgMUZGmc2
صفاقس 2,طينه,سيد عبيد - (طينه),محسن بي ماثه واثنا,10,digits-wrong,112,عشره,2023,قرار الهيئة لمعتمدية طينة__248__صفاقس 2.PDF,1xOBlqbFzIQ21Q-v4wx7BynkRgMUZGmc2
صفاقس 2,طينه,طينه 2,حلمي احنيش العامري مايثتان,11,digits-wrong,2,واحد عشره,2023,قرار الهيئة لمعتمدية طينة__248__صفاقس 2.PDF,1xOBlqbFzIQ21Q-v4wx7BynkRgMUZGmc2
صفاقس 2,طينه,طينه 2,فوزي الجبالي,179,agree,179,مايه وتسعه وسبعون,2023,قرار الهيئة لمعتمدية طينة__248__صفاقس 2.PDF,1xOBlqbFzIQ21Q-v4wx7BynkRgMUZGmc2
صفاقس 2,طينه,طينه 2,محمدعلي بالنوري,117,agree,117,مايه وسبعه عشر,2023,قرار الهيئة لمعتمدية طينة__248__صفاقس 2.PDF,1xOBlqbFzIQ21Q-v4wx7BynkRgMUZGmc2
صفاقس 2,طينه,طينه 2,هشام العامري,382,digits-wrong,362,ثلاثمايه واثنان وثمانون,2023,قرار الهيئة لمعتمدية طينة__248__صفاقس 2.PDF,1xOBlqbFzIQ21Q-v4wx7BynkRgMUZGmc2
صفاقس 2,طينه,طينه 2,محمد العامري,210,agree,210,مايتان وعشره,2023,قرار الهيئة لمعتمدية طينة__248__صفاقس 2.PDF,1xOBlqbFzIQ21Q-v4wx7BynkRgMUZGmc2
صفاقس 2,طينه,طينه 2,كمال بوزراره,517,agree,517,خمسمايه وسبعه عشر,2023,قرار الهيئة لمعتمدية طينة__248__صفاقس 2.PDF,1xOBlqbFzIQ21Q-v4wx7BynkRgMUZGmc2
صفاقس 2,طينه,طينه 2,توزر بلمبروك,265,agree,265,مايتان وخمسه وستون,2023,قرار الهيئة لمعتمدية طينة__248__صفاقس 2.PDF,1xOBlqbFzIQ21Q-v4wx7BynkRgMUZGmc2
صفاقس 2,عقارب,"التربه, تصرح البييه",محمد الشريف,365,agree,365,ثلاثمايه وخمسه وستون,2023,قرار الهيئة لمعتمدية عقارب__249__صفاقس 2.PDF,1eRAl47iZhNCHTwF0lwgrCCO3Mmk4pN_f
صفاقس 2,عقارب,"التربه, تصرح البييه",محمدالناصر بن البحري ماثتان,35,digits-wrong,235,وخمسه وثلاثون,2023,قرار الهيئة لمعتمدية عقارب__249__صفاقس 2.PDF,1eRAl47iZhNCHTwF0lwgrCCO3Mmk4pN_f
صفاقس 2,عقارب,"التربه, تصرح البييه",فتحيه بن شارف الدين,56,agree,56,سته وخمسون,2023,قرار الهيئة لمعتمدية عقارب__249__صفاقس 2.PDF,1eRAl47iZhNCHTwF0lwgrCCO3Mmk4pN_f
صفاقس 2,عقارب,الصغار يتقدم الها,منصوره نصر,146,agree,146,مايه وسته واربعون,2023,قرار الهيئة لمعتمدية عقارب__249__صفاقس 2.PDF,1eRAl47iZhNCHTwF0lwgrCCO3Mmk4pN_f
صفاقس 2,عقارب,"المحروقه,",عمر بلورده,340,agree,340,ثلاثمايه واربعون,2023,قرار الهيئة لمعتمدية عقارب__249__صفاقس 2.PDF,1eRAl47iZhNCHTwF0lwgrCCO3Mmk4pN_f
صفاقس 2,عقارب,"المحروقه,",هدي بنعيسي,61,agree,61,واحد وستون,2023,قرار الهيئة لمعتمدية عقارب__249__صفاقس 2.PDF,1eRAl47iZhNCHTwF0lwgrCCO3Mmk4pN_f
صفاقس 2,عقارب,"المحروقه,",الشادلي الجريدي,108,agree,108,مايه وثمانيه,2023,قرار الهيئة لمعتمدية عقارب__249__صفاقس 2.PDF,1eRAl47iZhNCHTwF0lwgrCCO3Mmk4pN_f
صفاقس 2,عقارب,بن سهلون يتقدم الها,رياض بنعليه,221,agree,221,مايتان وواحد وعشرون,2023,قرار الهيئة لمعتمدية عقارب__249__صفاقس 2.PDF,1eRAl47iZhNCHTwF0lwgrCCO3Mmk4pN_f
صفاقس 2,عقارب,بن سهلون يتقدم الها,علي بن محمد,89,agree,89,تسعه وثمانون,2023,قرار الهيئة لمعتمدية عقارب__249__صفاقس 2.PDF,1eRAl47iZhNCHTwF0lwgrCCO3Mmk4pN_f
صفاقس 2,عقارب,بن سهلون يتقدم الها,عبدالوهاب الغول,131,agree,131,مايه وواحد وثلاثون,2023,قرار الهيئة لمعتمدية عقارب__249__صفاقس 2.PDF,1eRAl47iZhNCHTwF0lwgrCCO3Mmk4pN_f
صفاقس 2,عقارب,بن سهلون يتقدم الها,حسن بوعزيز,66,agree,66,سته وستون,2023,قرار الهيئة لمعتمدية عقارب__249__صفاقس 2.PDF,1eRAl47iZhNCHTwF0lwgrCCO3Mmk4pN_f
صفاقس 2,عقارب,بولذياب يتقدم الها,علي مبارك,168,agree,168,مايه وثمانيه وستون,2023,قرار الهيئة لمعتمدية عقارب__249__صفاقس 2.PDF,1eRAl47iZhNCHTwF0lwgrCCO3Mmk4pN_f
صفاقس 2,عقارب,بولذياب يتقدم الها,نزار بنمحمد 2,108,agree,108,مايه وثمانيه,2023,قرار الهيئة لمعتمدية عقارب__249__صفاقس 2.PDF,1eRAl47iZhNCHTwF0lwgrCCO3Mmk4pN_f
صفاقس 2,عقارب,بولذياب يتقدم الها,هاني الحميدي,11,agree,11,احد عشره,2023,قرار الهيئة لمعتمدية عقارب__249__صفاقس 2.PDF,1eRAl47iZhNCHTwF0lwgrCCO3Mmk4pN_f
صفاقس 2,عقارب,زليانه يتقدم البها,امنه الشحومي,68,agree,68,ثمانيه وستون,2023,قرار الهيئة لمعتمدية عقارب__249__صفاقس 2.PDF,1eRAl47iZhNCHTwF0lwgrCCO3Mmk4pN_f
صفاقس 2,عقارب,زليانه يتقدم البها,سمير بتمبارك,54,agree,54,اربعه وخمسون,2023,قرار الهيئة لمعتمدية عقارب__249__صفاقس 2.PDF,1eRAl47iZhNCHTwF0lwgrCCO3Mmk4pN_f
صفاقس 2,عقارب,زليانه يتقدم البها,سالم فحوله,93,digits-wrong,53,ثلاثه وتسعون,2023,قرار الهيئة لمعتمدية عقارب__249__صفاقس 2.PDF,1eRAl47iZhNCHTwF0lwgrCCO3Mmk4pN_f
صفاقس 2,عقارب,عقارب يتقدم الها,ميساء بن عبدالله,176,agree,176,مايه وسته وسبعون,2023,قرار الهيئة لمعتمدية عقارب__249__صفاقس 2.PDF,1eRAl47iZhNCHTwF0lwgrCCO3Mmk4pN_f
صفاقس 2,عقارب,عقارب يتقدم الها,عماد الباجي,311,agree,311,ثلاثمايه واحد عشره,2023,قرار الهيئة لمعتمدية عقارب__249__صفاقس 2.PDF,1eRAl47iZhNCHTwF0lwgrCCO3Mmk4pN_f
صفاقس 2,عقارب,عقارب يتقدم الها,بسام بن روبينه,225,agree,225,مايتان وخمسه وعشرون,2023,قرار الهيئة لمعتمدية عقارب__249__صفاقس 2.PDF,1eRAl47iZhNCHTwF0lwgrCCO3Mmk4pN_f
صفاقس 2,عقارب,عقارب يتقدم الها,رياض بن كريم,377,agree,377,ثلاثمايه وسبعه وسبعون,2023,قرار الهيئة لمعتمدية عقارب__249__صفاقس 2.PDF,1eRAl47iZhNCHTwF0lwgrCCO3Mmk4pN_f
صفاقس 2,عقارب,عقارب يتقدم الها,فواد الدرويش,74,agree,74,اربعه وسبعون,2023,قرار الهيئة لمعتمدية عقارب__249__صفاقس 2.PDF,1eRAl47iZhNCHTwF0lwgrCCO3Mmk4pN_f
صفاقس 2,عقارب,عقارب يتقدم الها,حسين بن عبوده,234,agree,234,مايتان واربعه وثلاثون,2023,قرار الهيئة لمعتمدية عقارب__249__صفاقس 2.PDF,1eRAl47iZhNCHTwF0lwgrCCO3Mmk4pN_f
صفاقس 2,عقارب,قرقور يتقدم الها,سليم بلفقي,130,digits-wrong,1320,مايه وثلاثون,2023,قرار الهيئة لمعتمدية عقارب__249__صفاقس 2.PDF,1eRAl47iZhNCHTwF0lwgrCCO3Mmk4pN_f
صفاقس 2,عقارب,قرقور يتقدم الها,وليد الرفيفي,183,digits-wrong,163,مايه وثلاثه وثمانون,2023,قرار الهيئة لمعتمدية عقارب__249__صفاقس 2.PDF,1eRAl47iZhNCHTwF0lwgrCCO3Mmk4pN_f
صفاقس 2,عقارب,قرقور يتقدم الها,منير بلفقي,50,agree,50,خمسون,2023,قرار الهيئة لمعتمدية عقارب__249__صفاقس 2.PDF,1eRAl47iZhNCHTwF0lwgrCCO3Mmk4pN_f
قبلي,الفوار,"الصابريه الشرقيه,",بلقاسم بنغنوم,147,digits-wrong,117,مايه وسبعه واربعون,2023,قرار الهيئة لمعتمدية الفوار__187__قبلي.pdf,1mdX4p5314NlTRp4a_LMjnLibsDPWSiL5
قبلي,الفوار,"الصابريه الشرقيه,",لزهر الادنس,24,agree,24,اربعه وعشرون,2023,قرار الهيئة لمعتمدية الفوار__187__قبلي.pdf,1mdX4p5314NlTRp4a_LMjnLibsDPWSiL5
قبلي,الفوار,"الصابريه الغربيه,",عبدالرووف بنرحال,387,digits-wrong,367,ثلاثمايه وسبعه وثمانون,2023,قرار الهيئة لمعتمدية الفوار__187__قبلي.pdf,1mdX4p5314NlTRp4a_LMjnLibsDPWSiL5
قبلي,الفوار,"الصابريه الغربيه,",مصطفي بنعثمان,35,agree,35,خمسه وثلاثون,2023,قرار الهيئة لمعتمدية الفوار__187__قبلي.pdf,1mdX4p5314NlTRp4a_LMjnLibsDPWSiL5
قبلي,الفوار,بشني - الدرجين,عبدالرزاق الطويل2,333,digits-wrong,2133,ثلاثمايه وثلاثه وثلاثون,2023,قرار الهيئة لمعتمدية الفوار__187__قبلي.pdf,1mdX4p5314NlTRp4a_LMjnLibsDPWSiL5
قبلي,الفوار,بشني - الدرجين,سعيد ابن الحاج محمد,418,digits-wrong,48,اربعمايه وثمانيه عشر,2023,قرار الهيئة لمعتمدية الفوار__187__قبلي.pdf,1mdX4p5314NlTRp4a_LMjnLibsDPWSiL5
قبلي,دوز الجنوبيه,العذاره,ندي زعنانه,121,agree,121,مايه وواحد وعشرون,2023,قرار الهيئة لمعتمدية دوز الجنوبية__185__قبلي.pdf,1UcNlke5_chVyBBL8wZRSWZjXRAgf72Nw
قبلي,دوز الجنوبيه,"دوز الغربيه,",محمد بن عبدالمول,271,agree,271,مايتان وواحد وسبعون,2023,قرار الهيئة لمعتمدية دوز الجنوبية__185__قبلي.pdf,1UcNlke5_chVyBBL8wZRSWZjXRAgf72Nw
قبلي,دوز الجنوبيه,"دوز الغربيه,",ابراهيم الشاذلي,89,agree,89,تسعه وثمانون,2023,قرار الهيئة لمعتمدية دوز الجنوبية__185__قبلي.pdf,1UcNlke5_chVyBBL8wZRSWZjXRAgf72Nw
قبلي,دوز الجنوبيه,"غليسيه, تصرح",الهادي الكوت ‏,50,agree,50,خمسون,2023,قرار الهيئة لمعتمدية دوز الجنوبية__185__قبلي.pdf,1UcNlke5_chVyBBL8wZRSWZjXRAgf72Nw
قبلي,دوز الجنوبيه,"غليسيه, تصرح",محمد قريره,131,agree,131,مايه وواحد وثلاثون,2023,قرار الهيئة لمعتمدية دوز الجنوبية__185__قبلي.pdf,1UcNlke5_chVyBBL8wZRSWZjXRAgf72Nw
قبلي,دوز الجنوبيه,"غليسيه, تصرح",محمد بنبليله,209,agree,209,مايتان وتسعه,2023,قرار الهيئة لمعتمدية دوز الجنوبية__185__قبلي.pdf,1UcNlke5_chVyBBL8wZRSWZjXRAgf72Nw
قبلي,دوز الجنوبيه,"نويل الجنوبيه,",علي الصغير الحرابي,77,agree,77,سبعه وسبعون,2023,قرار الهيئة لمعتمدية دوز الجنوبية__185__قبلي.pdf,1UcNlke5_chVyBBL8wZRSWZjXRAgf72Nw
قبلي,دوز الجنوبيه,نويل الشماليه» تصرح,ا ال رس يي,93,digits-only,93,,2023,قرار الهيئة لمعتمدية دوز الجنوبية__185__قبلي.pdf,1UcNlke5_chVyBBL8wZRSWZjXRAgf72Nw
قبلي,دوز الجنوبيه,نويل الشماليه» تصرح,يسن بنحمد مايتان وثلاثه وعشرون اه,6,digits-only,6,,2023,قرار الهيئة لمعتمدية دوز الجنوبية__185__قبلي.pdf,1UcNlke5_chVyBBL8wZRSWZjXRAgf72Nw
قبلي,دوز الجنوبيه,نويل الشماليه» تصرح,البادي بن الحرابي,121,agree,121,مايه وواحد وعشرون,2023,قرار الهيئة لمعتمدية دوز الجنوبية__185__قبلي.pdf,1UcNlke5_chVyBBL8wZRSWZjXRAgf72Nw
قبلي,دوز الشماليه,العبادله يتقدم,نصر بالحاج محمد,153,agree,153,مايه وثلاثه وخمسون,2023,قرار الهيئة لمعتمدية دوز الشمالية__186__قبلي (2).PDF,1YcDxc54GQ4CQ7779d3re66-V4qnD5Hs-
قبلي,دوز الشماليه,العبادله يتقدم,ابتسام مرزوقي,120,digits-wrong,0,مايه وعشرون,2023,قرار الهيئة لمعتمدية دوز الشمالية__186__قبلي (2).PDF,1YcDxc54GQ4CQ7779d3re66-V4qnD5Hs-
قبلي,دوز الشماليه,العبادله يتقدم,خليفه بنعامر,145,digits-wrong,15,مايه وخمسه واربعون,2023,قرار الهيئة لمعتمدية دوز الشمالية__186__قبلي (2).PDF,1YcDxc54GQ4CQ7779d3re66-V4qnD5Hs-
قبلي,دوز الشماليه,العبادله يتقدم,الشيرف يكعقمان,66,agree,66,سته وستون,2023,قرار الهيئة لمعتمدية دوز الشمالية__186__قبلي (2).PDF,1YcDxc54GQ4CQ7779d3re66-V4qnD5Hs-
قبلي,دوز الشماليه,العوينه,البشير بوظفر,149,digits-wrong,9,مايه وتسعه واربعون,2023,قرار الهيئة لمعتمدية دوز الشمالية__186__قبلي (2).PDF,1YcDxc54GQ4CQ7779d3re66-V4qnD5Hs-
قبلي,دوز الشماليه,العوينه,نصر كركوره,82,agree,82,اثنان وثمانون,2023,قرار الهيئة لمعتمدية دوز الشمالية__186__قبلي (2).PDF,1YcDxc54GQ4CQ7779d3re66-V4qnD5Hs-
قبلي,دوز الشماليه,العوينه,اتتصف البكوتن,116,digits-wrong,16,مايه وسته عشر,2023,قرار الهيئة لمعتمدية دوز الشمالية__186__قبلي (2).PDF,1YcDxc54GQ4CQ7779d3re66-V4qnD5Hs-
قبلي,دوز الشماليه,العوينه,محسن بن سالم,182,digits-wrong,72,مايه واثنان وثمانون,2023,قرار الهيئة لمعتمدية دوز الشمالية__186__قبلي (2).PDF,1YcDxc54GQ4CQ7779d3re66-V4qnD5Hs-
قبلي,دوز الشماليه,القلعه - (دوز,المكي رابح,209,digits-wrong,09,مايتان وتسعه,2023,قرار الهيئة لمعتمدية دوز الشمالية__186__قبلي (2).PDF,1YcDxc54GQ4CQ7779d3re66-V4qnD5Hs-
قبلي,دوز الشماليه,دوز الشرقيه,احمد بنعلي,162,agree,162,مايه واثنان وستون,2023,قرار الهيئة لمعتمدية دوز الشمالية__186__قبلي (2).PDF,1YcDxc54GQ4CQ7779d3re66-V4qnD5Hs-
قبلي,دوز الشماليه,دوز الشرقيه,خالد بنعمر,176,digits-wrong,16,مايه وسته وسبعون,2023,قرار الهيئة لمعتمدية دوز الشمالية__186__قبلي (2).PDF,1YcDxc54GQ4CQ7779d3re66-V4qnD5Hs-
قبلي,دوز الشماليه,دوز الشرقيه,البادي الاحمر,68,agree,68,ثمانيه وستون,2023,قرار الهيئة لمعتمدية دوز الشمالية__186__قبلي (2).PDF,1YcDxc54GQ4CQ7779d3re66-V4qnD5Hs-
قبلي,دوز الشماليه,دوز الشرقيه,شادي بنحامد,48,agree,48,ثمانيه واربعون,2023,قرار الهيئة لمعتمدية دوز الشمالية__186__قبلي (2).PDF,1YcDxc54GQ4CQ7779d3re66-V4qnD5Hs-
قبلي,رجيم معتوق,"المطروحه,",مجدي بنحميد2,42,agree,42,اثنان واربعون,2023,قرار الهيئة لمعتمدية رجيم معتوق__188__قبلي.pdf,1K2tO8amOAOcKjDxr7XbeJYnRNBUser4b
قبلي,رجيم معتوق,"المطروحه,",علي بن بلقاسم,11,digits-wrong,1,احد عشره,2023,قرار الهيئة لمعتمدية رجيم معتوق__188__قبلي.pdf,1K2tO8amOAOcKjDxr7XbeJYnRNBUser4b
قبلي,رجيم معتوق,"رجيم معتوق 1, تصرح",المبروك بنفريجه,33,agree,33,ثلاثه وثلاثون,2023,قرار الهيئة لمعتمدية رجيم معتوق__188__قبلي.pdf,1K2tO8amOAOcKjDxr7XbeJYnRNBUser4b
قبلي,رجيم معتوق,"رجيم معتوق 1, تصرح",فاطمه التهامي,36,agree,36,سته وثلاثون,2023,قرار الهيئة لمعتمدية رجيم معتوق__188__قبلي.pdf,1K2tO8amOAOcKjDxr7XbeJYnRNBUser4b
قبلي,رجيم معتوق,"رجيم معتوق 1, تصرح",علي بنعمار,223,agree,223,مايتان وثلاثه وعشرون,2023,قرار الهيئة لمعتمدية رجيم معتوق__188__قبلي.pdf,1K2tO8amOAOcKjDxr7XbeJYnRNBUser4b
قبلي,رجيم معتوق,"رجيم معتوق 2,",علي براوي,107,agree,107,مايه وسبعه,2023,قرار الهيئة لمعتمدية رجيم معتوق__188__قبلي.pdf,1K2tO8amOAOcKjDxr7XbeJYnRNBUser4b
قبلي,رجيم معتوق,"رجيم معتوق 2,",بلقاسم بن سعيد مايثه,83,digits-wrong,163,وثلاثه وثمانون,2023,قرار الهيئة لمعتمدية رجيم معتوق__188__قبلي.pdf,1K2tO8amOAOcKjDxr7XbeJYnRNBUser4b
قبلي,رجيم معتوق,رجيم معتوق 23,البشير فريجه,82,digits-wrong,52,اثنان وثمانون,2023,قرار الهيئة لمعتمدية رجيم معتوق__188__قبلي.pdf,1K2tO8amOAOcKjDxr7XbeJYnRNBUser4b
قبلي,رجيم معتوق,رجيم معتوق 23,اعضاء المجلس المحلي لمعتمديه رجيم معتوق لسنه 2023 بالدايره الانتخابيه المحليه رجيم معتوق,23,digits-only,23,,2023,قرار الهيئة لمعتمدية رجيم معتوق__188__قبلي.pdf,1K2tO8amOAOcKjDxr7XbeJYnRNBUser4b
قبلي,رجيم معتوق,رجيم معتوق 4,محمد فريجه2,52,agree,52,اثنان وخمسون,2023,قرار الهيئة لمعتمدية رجيم معتوق__188__قبلي.pdf,1K2tO8amOAOcKjDxr7XbeJYnRNBUser4b
قبلي,رجيم معتوق,رجيم معتوق 4,محمد بنسالم,64,agree,64,اربعه وستون,2023,قرار الهيئة لمعتمدية رجيم معتوق__188__قبلي.pdf,1K2tO8amOAOcKjDxr7XbeJYnRNBUser4b
قبلي,رجيم معتوق,رجيم معتوق 4,اعضاء المجلس المحلي لمعتمديه رجيم معتوق لسنه 2023 بالدايره الانتخابيه المحليه رجيم معتوق,4,digits-only,4,,2023,قرار الهيئة لمعتمدية رجيم معتوق__188__قبلي.pdf,1K2tO8amOAOcKjDxr7XbeJYnRNBUser4b
قبلي,سوق الاحد,"الزويه, تصرح",صالح العريبي ثلاثمايه وثلاثه عشر 313 002],2023,digits-only,2023,,2023,قرار الهيئة لمعتمدية سوق الأحد__189__قبلي.pdf,1pSAs61RrqmMDjWOhWKCb027DNwKxopLK
قبلي,سوق الاحد,"الزويه, تصرح",محمدامين الناظري,64,agree,64,اربعه وستون,2023,قرار الهيئة لمعتمدية سوق الأحد__189__قبلي.pdf,1pSAs61RrqmMDjWOhWKCb027DNwKxopLK
قبلي,سوق الاحد,المنشيه - (سوق الاحد),خليل خالد,442,agree,442,اربعمايه واثنان واربعون,2023,قرار الهيئة لمعتمدية سوق الأحد__189__قبلي.pdf,1pSAs61RrqmMDjWOhWKCb027DNwKxopLK
قبلي,سوق الاحد,المنشيه - (سوق الاحد),عبدالقادر بن الشايب,162,agree,162,مايه واثنان وستون,2023,قرار الهيئة لمعتمدية سوق الأحد__189__قبلي.pdf,1pSAs61RrqmMDjWOhWKCb027DNwKxopLK
قبلي,سوق الاحد,المنشيه - (سوق الاحد),الباشعي الشيخ,155,agree,155,مايه وخمسه وخمسون,2023,قرار الهيئة لمعتمدية سوق الأحد__189__قبلي.pdf,1pSAs61RrqmMDjWOhWKCb027DNwKxopLK
قبلي,سوق الاحد,ام الصمعه,شكري اعبيد,75,agree,75,خمسه وسبعون,2023,قرار الهيئة لمعتمدية سوق الأحد__189__قبلي.pdf,1pSAs61RrqmMDjWOhWKCb027DNwKxopLK
قبلي,سوق الاحد,ام الصمعه,اشرف عمر ماتتان,3,digits-wrong,203,وثلاثه,2023,قرار الهيئة لمعتمدية سوق الأحد__189__قبلي.pdf,1pSAs61RrqmMDjWOhWKCb027DNwKxopLK
قبلي,سوق الاحد,بو عبد الله,عاطف بن محمد,306,agree,306,ثلاثمايه وسته,2023,قرار الهيئة لمعتمدية سوق الأحد__189__قبلي.pdf,1pSAs61RrqmMDjWOhWKCb027DNwKxopLK
قبلي,سوق الاحد,بو عبد الله يتقدم,حمزه الحاجي,198,digits-wrong,158,مايه وثمانيه وتسعون,2023,قرار الهيئة لمعتمدية سوق الأحد__189__قبلي.pdf,1pSAs61RrqmMDjWOhWKCb027DNwKxopLK
قبلي,سوق الاحد,بو عبد الله يتقدم,علي بوراوي,137,agree,137,مايه وسبعه وثلاثون,2023,قرار الهيئة لمعتمدية سوق الأحد__189__قبلي.pdf,1pSAs61RrqmMDjWOhWKCb027DNwKxopLK
قبلي,سوق الاحد,بو عبد الله يتقدم,احمد المغزاوي,81,digits-wrong,61,واحد وثمانون,2023,قرار الهيئة لمعتمدية سوق الأحد__189__قبلي.pdf,1pSAs61RrqmMDjWOhWKCb027DNwKxopLK
قبلي,سوق الاحد,بو عبد الله يتقدم,عنتر المحمودي,90,digits-wrong,590,تسعون,2023,قرار الهيئة لمعتمدية سوق الأحد__189__قبلي.pdf,1pSAs61RrqmMDjWOhWKCb027DNwKxopLK
قبلي,سوق الاحد,بو عبد الله يتقدم,تي وو ووو يي ا,1,digits-only,1,,2023,قرار الهيئة لمعتمدية سوق الأحد__189__قبلي.pdf,1pSAs61RrqmMDjWOhWKCb027DNwKxopLK
قبلي,سوق الاحد,"فطناسه - (سوق الاحد),",طارق عمر مايتان واثنا,10,digits-wrong,212,عشره,2023,قرار الهيئة لمعتمدية سوق الأحد__189__قبلي.pdf,1pSAs61RrqmMDjWOhWKCb027DNwKxopLK
قبلي,سوق الاحد,"فطناسه - (سوق الاحد),",محمدالسامي دهان,41,agree,41,واحد واربعون,2023,قرار الهيئة لمعتمدية سوق الأحد__189__قبلي.pdf,1pSAs61RrqmMDjWOhWKCb027DNwKxopLK
قبلي,سوق الاحد,نقه يتقدم الها,محمد المكي,356,agree,356,ثلاثمايه وسته وخمسون,2023,قرار الهيئة لمعتمدية سوق الأحد__189__قبلي.pdf,1pSAs61RrqmMDjWOhWKCb027DNwKxopLK
قبلي,سوق الاحد,نقه يتقدم الها,الصادق بنسالم مايثه,43,digits-wrong,143,وثلاثه واربعون,2023,قرار الهيئة لمعتمدية سوق الأحد__189__قبلي.pdf,1pSAs61RrqmMDjWOhWKCb027DNwKxopLK
قبلي,سوق الاحد,نقه يتقدم الها,عاطف الربعي,245,agree,245,مايتان وخمسه واربعون,2023,قرار الهيئة لمعتمدية سوق الأحد__189__قبلي.pdf,1pSAs61RrqmMDjWOhWKCb027DNwKxopLK
قبلي,قبلي الجنوبيه,"البليدات,",عبدالله بنعبداللثه,195,agree,195,مايه وخمسه وتسعون,2023,قرار الهيئة لمعتمدية قبلي الجنوبية__190__قبلي.pdf,1TSR-zQaSrZ10vtLBvHEYcnTXNhz41w3h
قبلي,قبلي الجنوبيه,"البليدات,",انيس البليداوي,139,agree,139,مايه وتسعه وثلاثون,2023,قرار الهيئة لمعتمدية قبلي الجنوبية__190__قبلي.pdf,1TSR-zQaSrZ10vtLBvHEYcnTXNhz41w3h
قبلي,قبلي الجنوبيه,"بازمه, تصرح",جيهت ربب سس,1,digits-only,1,,2023,قرار الهيئة لمعتمدية قبلي الجنوبية__190__قبلي.pdf,1TSR-zQaSrZ10vtLBvHEYcnTXNhz41w3h
قبلي,قبلي الجنوبيه,"بازمه, تصرح",فيصل بنعمار,360,agree,360,ثلاثمايه وستون,2023,قرار الهيئة لمعتمدية قبلي الجنوبية__190__قبلي.pdf,1TSR-zQaSrZ10vtLBvHEYcnTXNhz41w3h
قبلي,قبلي الجنوبيه,"بازمه, تصرح",وام التواتي ‎1‏,87,digits-wrong,57,سبعه وثمانون,2023,قرار الهيئة لمعتمدية قبلي الجنوبية__190__قبلي.pdf,1TSR-zQaSrZ10vtLBvHEYcnTXNhz41w3h
قبلي,قبلي الجنوبيه,بشلي يتقدم المها,محمد بالصغير مايثه,24,digits-wrong,124,واربعه وعشرون,2023,قرار الهيئة لمعتمدية قبلي الجنوبية__190__قبلي.pdf,1TSR-zQaSrZ10vtLBvHEYcnTXNhz41w3h
قبلي,قبلي الجنوبيه,بشلي يتقدم المها,عامر جويده,47,agree,47,سبعه واربعون,2023,قرار الهيئة لمعتمدية قبلي الجنوبية__190__قبلي.pdf,1TSR-zQaSrZ10vtLBvHEYcnTXNhz41w3h
قبلي,قبلي الجنوبيه,بشلي يتقدم المها,حمد عبيد,82,digits-wrong,52,اثنان وثمانون,2023,قرار الهيئة لمعتمدية قبلي الجنوبية__190__قبلي.pdf,1TSR-zQaSrZ10vtLBvHEYcnTXNhz41w3h
قبلي,قبلي الجنوبيه,بني محمد - (قبلي,منصور التومي,3,agree,3,ثلاثه,2023,قرار الهيئة لمعتمدية قبلي الجنوبية__190__قبلي.pdf,1TSR-zQaSrZ10vtLBvHEYcnTXNhz41w3h
قبلي,قبلي الجنوبيه,بني محمد - (قبلي,حاتم يعي,119,agree,119,مايه وتسعه عشر,2023,قرار الهيئة لمعتمدية قبلي الجنوبية__190__قبلي.pdf,1TSR-zQaSrZ10vtLBvHEYcnTXNhz41w3h
قبلي,قبلي الجنوبيه,بني محمد - (قبلي,شوق النجار,50,agree,50,خمسون,2023,قرار الهيئة لمعتمدية قبلي الجنوبية__190__قبلي.pdf,1TSR-zQaSrZ10vtLBvHEYcnTXNhz41w3h
قبلي,قبلي الجنوبيه,"جرسين, تصرح",جابالله بنصالح,173,agree,173,مايه وثلاثه وسبعون,2023,قرار الهيئة لمعتمدية قبلي الجنوبية__190__قبلي.pdf,1TSR-zQaSrZ10vtLBvHEYcnTXNhz41w3h
قبلي,قبلي الجنوبيه,"جمنه الجنوبيه,",يوسف بنعثمان,83,agree,83,ثلاثه وثمانون,2023,قرار الهيئة لمعتمدية قبلي الجنوبية__190__قبلي.pdf,1TSR-zQaSrZ10vtLBvHEYcnTXNhz41w3h
قبلي,قبلي الجنوبيه,"جمنه الجنوبيه,",عبدالوهاب الحامدي,28,agree,28,ثمانيه وعشرون,2023,قرار الهيئة لمعتمدية قبلي الجنوبية__190__قبلي.pdf,1TSR-zQaSrZ10vtLBvHEYcnTXNhz41w3h
قبلي,قبلي الجنوبيه,جمنه,سس ا اذ د ا ث0 #ذا ذا,211,digits-only,211,,2023,قرار الهيئة لمعتمدية قبلي الجنوبية__190__قبلي.pdf,1TSR-zQaSrZ10vtLBvHEYcnTXNhz41w3h
قبلي,قبلي الجنوبيه,جمنه,المنجي رمضان,181,digits-wrong,161,مايه وواحد وثمانون,2023,قرار الهيئة لمعتمدية قبلي الجنوبية__190__قبلي.pdf,1TSR-zQaSrZ10vtLBvHEYcnTXNhz41w3h
قبلي,قبلي الجنوبيه,جمنه,حسام الجوادي,42,agree,42,اثنان واربعون,2023,قرار الهيئة لمعتمدية قبلي الجنوبية__190__قبلي.pdf,1TSR-zQaSrZ10vtLBvHEYcnTXNhz41w3h
قبلي,قبلي الجنوبيه,"جنعوره, تصرح البييه",رباب بنمبارك,172,agree,172,مايه واثنان وسبعون,2023,قرار الهيئة لمعتمدية قبلي الجنوبية__190__قبلي.pdf,1TSR-zQaSrZ10vtLBvHEYcnTXNhz41w3h
قبلي,قبلي الجنوبيه,"جنعوره, تصرح البييه",المعز العلوي,236,agree,236,مايتان وسته وثلاثون,2023,قرار الهيئة لمعتمدية قبلي الجنوبية__190__قبلي.pdf,1TSR-zQaSrZ10vtLBvHEYcnTXNhz41w3h
قبلي,قبلي الجنوبيه,"قبلي الجنوبيه, تصرح",حلمي كريدان,42,agree,42,اثنان واربعون,2023,قرار الهيئة لمعتمدية قبلي الجنوبية__190__قبلي.pdf,1TSR-zQaSrZ10vtLBvHEYcnTXNhz41w3h
قبلي,قبلي الجنوبيه,"قبلي الجنوبيه, تصرح",مبروك الكار,54,agree,54,اربعه وخمسون,2023,قرار الهيئة لمعتمدية قبلي الجنوبية__190__قبلي.pdf,1TSR-zQaSrZ10vtLBvHEYcnTXNhz41w3h
قبلي,قبلي الجنوبيه,"قبلي الجنوبيه, تصرح",شيماء مشفر,54,agree,54,اربعه وخمسون,2023,قرار الهيئة لمعتمدية قبلي الجنوبية__190__قبلي.pdf,1TSR-zQaSrZ10vtLBvHEYcnTXNhz41w3h
قبلي,قبلي الشماليه,الرابطه - (قبلي,الفتعي معالي,275,words-only,,مايتان وخمسه وسبعون,2023,قرار الهيئة لمعتمدية قبلي الشمالية__191__قبلي (2).PDF,17uzEa7hpXzOyjczDWv4qqlJPcPFiEATB
قبلي,قبلي الشماليه,الرابطه - (قبلي,البشير معالي,51,words-only,,واحد وخمسون,2023,قرار الهيئة لمعتمدية قبلي الشمالية__191__قبلي (2).PDF,17uzEa7hpXzOyjczDWv4qqlJPcPFiEATB
قبلي,قبلي الشماليه,القطعايه,علي المحفوظي,254,agree,254,مايتان واربعه وخمسون,2023,قرار الهيئة لمعتمدية قبلي الشمالية__191__قبلي (2).PDF,17uzEa7hpXzOyjczDWv4qqlJPcPFiEATB
قبلي,قبلي الشماليه,القطعايه,الخمومي الجلولي,85,agree,85,خمسه وثمانون,2023,قرار الهيئة لمعتمدية قبلي الشمالية__191__قبلي (2).PDF,17uzEa7hpXzOyjczDWv4qqlJPcPFiEATB
قبلي,قبلي الشماليه,القطعايه,يوسف يوسف,33,digits-wrong,58,ثلاثه وثلاثون,2023,قرار الهيئة لمعتمدية قبلي الشمالية__191__قبلي (2).PDF,17uzEa7hpXzOyjczDWv4qqlJPcPFiEATB
قبلي,قبلي الشماليه,المنصوره - (قبلي,الحسين الشارف,81,agree,81,واحد وثمانون,2023,قرار الهيئة لمعتمدية قبلي الشمالية__191__قبلي (2).PDF,17uzEa7hpXzOyjczDWv4qqlJPcPFiEATB
قبلي,قبلي الشماليه,المنصوره - (قبلي,نين البواب,255,agree,255,مايتان وخمسه وخمسون,2023,قرار الهيئة لمعتمدية قبلي الشمالية__191__قبلي (2).PDF,17uzEa7hpXzOyjczDWv4qqlJPcPFiEATB
قبلي,قبلي الشماليه,المنصوره - (قبلي,انيس خليفه,325,agree,325,ثلاثمايه وخمسه وعشرون,2023,قرار الهيئة لمعتمدية قبلي الشمالية__191__قبلي (2).PDF,17uzEa7hpXzOyjczDWv4qqlJPcPFiEATB
قبلي,قبلي الشماليه,المنصوره - (قبلي,تهاني زبيدي,38,agree,38,ثمانيه وثلاثون,2023,قرار الهيئة لمعتمدية قبلي الشمالية__191__قبلي (2).PDF,17uzEa7hpXzOyjczDWv4qqlJPcPFiEATB
قبلي,قبلي الشماليه,المنصوره - (قبلي,زكيه الذويبي,5,agree,5,خمسه,2023,قرار الهيئة لمعتمدية قبلي الشمالية__191__قبلي (2).PDF,17uzEa7hpXzOyjczDWv4qqlJPcPFiEATB
قبلي,قبلي الشماليه,تلمين» تصرح البييه,عبدالحميد الاخضيري,90,words-only,,تسعون,2023,قرار الهيئة لمعتمدية قبلي الشمالية__191__قبلي (2).PDF,17uzEa7hpXzOyjczDWv4qqlJPcPFiEATB
قبلي,قبلي الشماليه,تلمين» تصرح البييه,حايم مسلم,200,words-only,,مايتان,2023,قرار الهيئة لمعتمدية قبلي الشمالية__191__قبلي (2).PDF,17uzEa7hpXzOyjczDWv4qqlJPcPFiEATB
قبلي,قبلي الشماليه,"تنبيب, تصرح",صالح التواتي,202,agree,202,مايتان واثنان,2023,قرار الهيئة لمعتمدية قبلي الشمالية__191__قبلي (2).PDF,17uzEa7hpXzOyjczDWv4qqlJPcPFiEATB
قبلي,قبلي الشماليه,"تنبيب, تصرح",سيدهم سيدهم,74,agree,74,اربعه وسبعون,2023,قرار الهيئة لمعتمدية قبلي الشمالية__191__قبلي (2).PDF,17uzEa7hpXzOyjczDWv4qqlJPcPFiEATB
قبلي,قبلي الشماليه,طنبار م* يه قبا الشماليه,عمر خضير,98,digits-wrong,58,ثمانيه وتسعون,2023,قرار الهيئة لمعتمدية قبلي الشمالية__191__قبلي (2).PDF,17uzEa7hpXzOyjczDWv4qqlJPcPFiEATB
قبلي,قبلي الشماليه,طنبار م* يه قبا الشماليه,المحجوب الفرياني,33,agree,33,ثلاثه وثلاثون,2023,قرار الهيئة لمعتمدية قبلي الشمالية__191__قبلي (2).PDF,17uzEa7hpXzOyjczDWv4qqlJPcPFiEATB
قبلي,قبلي الشماليه,طنبار م* يه قبا الشماليه,المنجي الفرعوني مايثه,42,digits-wrong,142,واثنان واربعون,2023,قرار الهيئة لمعتمدية قبلي الشمالية__191__قبلي (2).PDF,17uzEa7hpXzOyjczDWv4qqlJPcPFiEATB
قبلي,قبلي الشماليه,طنبار» تصرح,وحيد السعيدي مايه وثلاثه وعشرون عندله,5200008,digits-only,5200008,,2023,قرار الهيئة لمعتمدية قبلي الشمالية__191__قبلي (2).PDF,17uzEa7hpXzOyjczDWv4qqlJPcPFiEATB
قبلي,قبلي الشماليه,طنبار» تصرح,توفيق بنمحمد2,315,agree,315,ثلاثمايه وخمسه عشر,2023,قرار الهيئة لمعتمدية قبلي الشمالية__191__قبلي (2).PDF,17uzEa7hpXzOyjczDWv4qqlJPcPFiEATB
قبلي,قبلي الشماليه,"قبلي الشرقيه,",محمدالامجد بنحمادي,90,digits-wrong,590,تسعون,2023,قرار الهيئة لمعتمدية قبلي الشمالية__191__قبلي (2).PDF,17uzEa7hpXzOyjczDWv4qqlJPcPFiEATB
قبلي,قبلي الشماليه,"قبلي الشرقيه,",ابراهيم معالي مايه واثنا,10,digits-wrong,112,عشره,2023,قرار الهيئة لمعتمدية قبلي الشمالية__191__قبلي (2).PDF,17uzEa7hpXzOyjczDWv4qqlJPcPFiEATB
قبلي,قبلي الشماليه,"قبلي الشماليه,",المبروك البليداوي,190,digits-wrong,150,مايه وتسعون,2023,قرار الهيئة لمعتمدية قبلي الشمالية__191__قبلي (2).PDF,17uzEa7hpXzOyjczDWv4qqlJPcPFiEATB
قبلي,قبلي الشماليه,"قبلي الشماليه,",سلطان بن سلطان,68,agree,68,ثمانيه وستون,2023,قرار الهيئة لمعتمدية قبلي الشمالية__191__قبلي (2).PDF,17uzEa7hpXzOyjczDWv4qqlJPcPFiEATB
قبلي,قبلي الشماليه,"قبلي الشماليه,",محمد بتزايد,77,agree,77,سبعه وسبعون,2023,قرار الهيئة لمعتمدية قبلي الشمالية__191__قبلي (2).PDF,17uzEa7hpXzOyjczDWv4qqlJPcPFiEATB
قبلي,قبلي الشماليه,ليماقس,محمدالطاهر عون,300,agree,300,ثلاثمايه,2023,قرار الهيئة لمعتمدية قبلي الشمالية__191__قبلي (2).PDF,17uzEa7hpXzOyjczDWv4qqlJPcPFiEATB
قبلي,قبلي الشماليه,ليماقس,جمال بوعبيد,188,digits-wrong,158,مايه وثمانيه وثمانون,2023,قرار الهيئة لمعتمدية قبلي الشمالية__191__قبلي (2).PDF,17uzEa7hpXzOyjczDWv4qqlJPcPFiEATB
قفصة,الرديف,الرديف الجنوبيه,ابراهيم مرزوقي,93,digits-wrong,53,ثلاثه وتسعون,2023,قرار الهيئة لمعتمدية الرديف__169__قفصة.PDF,10oB_nxUKMpHqgqokx6l_qXM_7WwuEd7o
قفصة,الرديف,الرديف الجنوبيه,الصادق خالدي,289,agree,289,مايتان وتسعه وثمانون,2023,قرار الهيئة لمعتمدية الرديف__169__قفصة.PDF,10oB_nxUKMpHqgqokx6l_qXM_7WwuEd7o
قفصة,الرديف,الرديف الجنوبيه,سفيان خليفي,116,agree,116,مايه وسته عشر,2023,قرار الهيئة لمعتمدية الرديف__169__قفصة.PDF,10oB_nxUKMpHqgqokx6l_qXM_7WwuEd7o
قفصة,الرديف,الرديف الجنوبيه,سمير مصباح,76,agree,76,سته وسبعون,2023,قرار الهيئة لمعتمدية الرديف__169__قفصة.PDF,10oB_nxUKMpHqgqokx6l_qXM_7WwuEd7o
قفصة,الرديف,الرديف الجنوبيه,صبرين بنبلقاسم,66,agree,66,سته وستون,2023,قرار الهيئة لمعتمدية الرديف__169__قفصة.PDF,10oB_nxUKMpHqgqokx6l_qXM_7WwuEd7o
قفصة,الرديف,الرديف الجنوبيه,علي عفصي,172,agree,172,مايه واثنان وسبعون,2023,قرار الهيئة لمعتمدية الرديف__169__قفصة.PDF,10oB_nxUKMpHqgqokx6l_qXM_7WwuEd7o
قفصة,الرديف,"الرديف الشماليه,",متصف نتجامد كاونون,30,digits-only,30,,2023,قرار الهيئة لمعتمدية الرديف__169__قفصة.PDF,10oB_nxUKMpHqgqokx6l_qXM_7WwuEd7o
قفصة,الرديف,"الرديف الشماليه,",عثمان بتجابالثه,88,digits-wrong,58,ثمانيه وثمانون,2023,قرار الهيئة لمعتمدية الرديف__169__قفصة.PDF,10oB_nxUKMpHqgqokx6l_qXM_7WwuEd7o
قفصة,الرديف,الرديف المحطه يتقدم,خالد بنعبدالحفيظ,315,agree,315,ثلاثمايه وخمسه عشر,2023,قرار الهيئة لمعتمدية الرديف__169__قفصة.PDF,10oB_nxUKMpHqgqokx6l_qXM_7WwuEd7o
قفصة,الرديف,الرديف المحطه يتقدم,بوعلي بوعوني,271,digits-wrong,27,مايتان وواحد وسبعون,2023,قرار الهيئة لمعتمدية الرديف__169__قفصة.PDF,10oB_nxUKMpHqgqokx6l_qXM_7WwuEd7o
قفصة,الرديف,الرديف المحطه يتقدم,عبدالرزاق جديدي,489,digits-wrong,469,اربعمايه وتسعه وثمانون,2023,قرار الهيئة لمعتمدية الرديف__169__قفصة.PDF,10oB_nxUKMpHqgqokx6l_qXM_7WwuEd7o
قفصة,الرديف,الرديف المركزء تصرح,ابراهيم بنعبدالله,126,agree,126,مايه وسته وعشرون,2023,قرار الهيئة لمعتمدية الرديف__169__قفصة.PDF,10oB_nxUKMpHqgqokx6l_qXM_7WwuEd7o
قفصة,الرديف,الرديف المركزء تصرح,علي مواعدي,64,agree,64,اربعه وستون,2023,قرار الهيئة لمعتمدية الرديف__169__قفصة.PDF,10oB_nxUKMpHqgqokx6l_qXM_7WwuEd7o
قفصة,السند,السند - (السند) يتقدم اليها,مسلم ناصري,211,agree,211,مايتان واحد عشره,2023,قرار الهيئة لمعتمدية السند__166__قفصة.PDF,17FKb3JH1KxlT6YwQYw2fet8YbkoNSiUT
قفصة,السند,السند - (السند) يتقدم اليها,نوفل ناصري,74,agree,74,اربعه وسبعون,2023,قرار الهيئة لمعتمدية السند__166__قفصة.PDF,17FKb3JH1KxlT6YwQYw2fet8YbkoNSiUT
قفصة,السند,السند الشماليه يتقدم الها,ياسين الصمايريه,284,digits-wrong,264,مايتان واربعه وثمانون,2023,قرار الهيئة لمعتمدية السند__166__قفصة.PDF,17FKb3JH1KxlT6YwQYw2fet8YbkoNSiUT
قفصة,السند,السند الشماليه يتقدم الها,زقين خراك,276,agree,276,مايتان وسته وسبعون,2023,قرار الهيئة لمعتمدية السند__166__قفصة.PDF,17FKb3JH1KxlT6YwQYw2fet8YbkoNSiUT
قفصة,السند,السند الشماليه يتقدم الها,احمد علوي,70,agree,70,سبعون,2023,قرار الهيئة لمعتمدية السند__166__قفصة.PDF,17FKb3JH1KxlT6YwQYw2fet8YbkoNSiUT
قفصة,السند,عليم يتقدم اليها المترشحان,جمال دبايبيه,150,agree,150,مايه وخمسون,2023,قرار الهيئة لمعتمدية السند__166__قفصة.PDF,17FKb3JH1KxlT6YwQYw2fet8YbkoNSiUT
قفصة,السند,عليم يتقدم اليها المترشحان,مسعي اعليعي,52,agree,52,اثنان وخمسون,2023,قرار الهيئة لمعتمدية السند__166__قفصة.PDF,17FKb3JH1KxlT6YwQYw2fet8YbkoNSiUT
قفصة,السند,عليم يتقدم اليها المترشحان,سالم براهمي,173,agree,173,مايه وثلاثه وسبعون,2023,قرار الهيئة لمعتمدية السند__166__قفصة.PDF,17FKb3JH1KxlT6YwQYw2fet8YbkoNSiUT
قفصة,السند,عليم يتقدم اليها المترشحان,عزيز براهمي,19,agree,19,تسعه عشر,2023,قرار الهيئة لمعتمدية السند__166__قفصة.PDF,17FKb3JH1KxlT6YwQYw2fet8YbkoNSiUT
قفصة,السند,عليم يتقدم اليها المترشحان,بدرالدين مناصري,118,agree,118,مايه وثمانيه عشر,2023,قرار الهيئة لمعتمدية السند__166__قفصة.PDF,17FKb3JH1KxlT6YwQYw2fet8YbkoNSiUT
قفصة,السند,ماجوره 1 يتقدم الها المترشحان,عبد السلام بخي حمد,301,agree,301,ثلاثمايه وواحد,2023,قرار الهيئة لمعتمدية السند__166__قفصة.PDF,17FKb3JH1KxlT6YwQYw2fet8YbkoNSiUT
قفصة,السند,ماجوره 1 يتقدم الها المترشحان,عبدالقادر بنحمد,279,agree,279,مايتان وتسعه وسبعون,2023,قرار الهيئة لمعتمدية السند__166__قفصة.PDF,17FKb3JH1KxlT6YwQYw2fet8YbkoNSiUT
قفصة,السند,ماجوره 1 يتقدم الها المترشحان,عبدالرووف بعازيز,209,agree,209,مايتان وتسعه,2023,قرار الهيئة لمعتمدية السند__166__قفصة.PDF,17FKb3JH1KxlT6YwQYw2fet8YbkoNSiUT
قفصة,السند,ماجوره 1 يتقدم الها المترشحان,عبدالستار داود مايه واثنا,10,digits-wrong,112,عشره,2023,قرار الهيئة لمعتمدية السند__166__قفصة.PDF,17FKb3JH1KxlT6YwQYw2fet8YbkoNSiUT
قفصة,السند,ماجوره 1 يتقدم الها المترشحان,العابد بني حمد,29,agree,29,تسعه وعشرون,2023,قرار الهيئة لمعتمدية السند__166__قفصة.PDF,17FKb3JH1KxlT6YwQYw2fet8YbkoNSiUT
قفصة,السند,"ماجوره 2, تصرح البييه",الجمعي زويدي خمسماته,98,digits-wrong,58,وثمانيه وتسعون,2023,قرار الهيئة لمعتمدية السند__166__قفصة.PDF,17FKb3JH1KxlT6YwQYw2fet8YbkoNSiUT
قفصة,السند,"ماجوره 2, تصرح البييه",فرح رداوي,104,agree,104,مايه واربعه,2023,قرار الهيئة لمعتمدية السند__166__قفصة.PDF,17FKb3JH1KxlT6YwQYw2fet8YbkoNSiUT
قفصة,السند,"ماجوره 2, تصرح البييه",فاروق,0,digits-only,0,,2023,قرار الهيئة لمعتمدية السند__166__قفصة.PDF,17FKb3JH1KxlT6YwQYw2fet8YbkoNSiUT
قفصة,القصر,,1 ذاو,1,digits-only,01,,2023,قرار الهيئة لمعتمدية القصر__175__قفصة.PDF,1ie0PcUih2pO2ftnOwWWP-6wzNn1to8xp
قفصة,القصر,القصر - (القصر),عبدالرووف تليلي ماثتان,74,digits-wrong,2714,واربعه وسبعون,2023,قرار الهيئة لمعتمدية القصر__175__قفصة.PDF,1ie0PcUih2pO2ftnOwWWP-6wzNn1to8xp
قفصة,القصر,القصر - (القصر),صالح مليتي,368,agree,368,ثلاثمايه وثمانيه وستون,2023,قرار الهيئة لمعتمدية القصر__175__قفصة.PDF,1ie0PcUih2pO2ftnOwWWP-6wzNn1to8xp
قفصة,القصر,"القصر الشرقيه, تصرح",مجدي محمدي ماتتان,49,digits-wrong,249,وتسعه واربعون,2023,قرار الهيئة لمعتمدية القصر__175__قفصة.PDF,1ie0PcUih2pO2ftnOwWWP-6wzNn1to8xp
قفصة,القصر,"القصر الشرقيه, تصرح",بوجمعه يحياوي,88,digits-wrong,58,ثمانيه وثمانون,2023,قرار الهيئة لمعتمدية القصر__175__قفصة.PDF,1ie0PcUih2pO2ftnOwWWP-6wzNn1to8xp
قفصة,القصر,"المطار, تصرح البييه العليا",حبيب زواري,160,agree,160,مايه وستون,2023,قرار الهيئة لمعتمدية القصر__175__قفصة.PDF,1ie0PcUih2pO2ftnOwWWP-6wzNn1to8xp
قفصة,القصر,"المطار, تصرح البييه العليا",ايتاس بوزياق ' سعه,90,digits-wrong,96,وتسعون,2023,قرار الهيئة لمعتمدية القصر__175__قفصة.PDF,1ie0PcUih2pO2ftnOwWWP-6wzNn1to8xp
قفصة,القصر,حي حشاد,قصي بولاعراس2,30,agree,30,ثلاثون,2023,قرار الهيئة لمعتمدية القصر__175__قفصة.PDF,1ie0PcUih2pO2ftnOwWWP-6wzNn1to8xp
قفصة,القصر,حي حشاد,ام الخير العقون,142,agree,142,مايه واثنان واربعون,2023,قرار الهيئة لمعتمدية القصر__175__قفصة.PDF,1ie0PcUih2pO2ftnOwWWP-6wzNn1to8xp
قفصة,القصر,حي حشاد,كمال تليجاني,241,agree,241,مايتان وواحد واربعون,2023,قرار الهيئة لمعتمدية القصر__175__قفصة.PDF,1ie0PcUih2pO2ftnOwWWP-6wzNn1to8xp
قفصة,القطار,الارطس يتقدم الها,مجمت نجعن اثتاه وثلايوت,32,digits-only,32,,2023,قرار الهيئة لمعتمدية القطار__167__قفصة.PDF,1bJtK9pvf4tv58MUuvMHH3byexSogqs2V
قفصة,القطار,الارطس يتقدم الها,حسن ابراهيم,137,agree,137,مايه وسبعه وثلاثون,2023,قرار الهيئة لمعتمدية القطار__167__قفصة.PDF,1bJtK9pvf4tv58MUuvMHH3byexSogqs2V
قفصة,القطار,الارطس يتقدم الها,فواد تباي,147,agree,147,مايه وسبعه واربعون,2023,قرار الهيئة لمعتمدية القطار__167__قفصة.PDF,1bJtK9pvf4tv58MUuvMHH3byexSogqs2V
قفصة,القطار,"العنق, تصرح البييه",محمدالمجيد عياد,372,agree,372,ثلاثمايه واثنان وسبعون,2023,قرار الهيئة لمعتمدية القطار__167__قفصة.PDF,1bJtK9pvf4tv58MUuvMHH3byexSogqs2V
قفصة,القطار,القطار الشرقيه يتقدم,تجيب:مازقوي ‎0.‏ مايه.وسبعه وثماتون,167,digits-only,167,,2023,قرار الهيئة لمعتمدية القطار__167__قفصة.PDF,1bJtK9pvf4tv58MUuvMHH3byexSogqs2V
قفصة,القطار,القطار الشرقيه يتقدم,فريده قربايه,265,agree,265,مايتان وخمسه وستون,2023,قرار الهيئة لمعتمدية القطار__167__قفصة.PDF,1bJtK9pvf4tv58MUuvMHH3byexSogqs2V
قفصة,القطار,القطار الشرقيه يتقدم,محمد بنسعد,200,agree,200,مايتان,2023,قرار الهيئة لمعتمدية القطار__167__قفصة.PDF,1bJtK9pvf4tv58MUuvMHH3byexSogqs2V
قفصة,القطار,القطار الغربيه,عواطف الايد,236,words-only,,مايتان وسته وثلاثون,2023,قرار الهيئة لمعتمدية القطار__167__قفصة.PDF,1bJtK9pvf4tv58MUuvMHH3byexSogqs2V
قفصة,القطار,القطار الغربيه,عبدالرزاق حمحوم,167,words-only,,مايه وسبعه وستون,2023,قرار الهيئة لمعتمدية القطار__167__قفصة.PDF,1bJtK9pvf4tv58MUuvMHH3byexSogqs2V
قفصة,القطار,القطار الغربيه,يوسف حامد,98,words-only,,ثمانيه وتسعون,2023,قرار الهيئة لمعتمدية القطار__167__قفصة.PDF,1bJtK9pvf4tv58MUuvMHH3byexSogqs2V
قفصة,القطار,"بير سعد, تصرح البييه العليا",علي خليفه,86,digits-wrong,56,سته وثمانون,2023,قرار الهيئة لمعتمدية القطار__167__قفصة.PDF,1bJtK9pvf4tv58MUuvMHH3byexSogqs2V
قفصة,المتلوي,الثالجه يتقدم الهها,زياد العلايعي,408,agree,408,اربعمايه وثمانيه,2023,قرار الهيئة لمعتمدية المتلوي__170__قفصة.PDF,1ctIsWfr6M3YVVNGeHeeCXeMe11ii1CGH
قفصة,المتلوي,الثالجه يتقدم الهها,اياد الغول,29,agree,29,تسعه وعشرون,2023,قرار الهيئة لمعتمدية المتلوي__170__قفصة.PDF,1ctIsWfr6M3YVVNGeHeeCXeMe11ii1CGH
قفصة,المتلوي,السقي القبلي,محمد شوق خليفي,235,agree,235,مايتان وخمسه وثلاثون,2023,قرار الهيئة لمعتمدية المتلوي__170__قفصة.PDF,1ctIsWfr6M3YVVNGeHeeCXeMe11ii1CGH
قفصة,المتلوي,السقي القبلي,الظاهر تليلي,217,agree,217,مايتان وسبعه عشر,2023,قرار الهيئة لمعتمدية المتلوي__170__قفصة.PDF,1ctIsWfr6M3YVVNGeHeeCXeMe11ii1CGH
قفصة,المتلوي,المتلوي المحطه يتقدم,عبدالرحيم الديناري,427,digits-wrong,0137,اربعمايه وسبعه وعشرون,2023,قرار الهيئة لمعتمدية المتلوي__170__قفصة.PDF,1ctIsWfr6M3YVVNGeHeeCXeMe11ii1CGH
قفصة,المتلوي,المتلوي المحطه يتقدم,الفاضل شعباني,165,agree,165,مايه وخمسه وستون,2023,قرار الهيئة لمعتمدية المتلوي__170__قفصة.PDF,1ctIsWfr6M3YVVNGeHeeCXeMe11ii1CGH
قفصة,المتلوي,المتلوي المركز يتقدم,بشير بختري,400,agree,400,اربعمايه,2023,قرار الهيئة لمعتمدية المتلوي__170__قفصة.PDF,1ctIsWfr6M3YVVNGeHeeCXeMe11ii1CGH
قفصة,المتلوي,المتلوي المركز يتقدم,المنذر ماجدي مايتان واثنا,10,digits-wrong,212,عشره,2023,قرار الهيئة لمعتمدية المتلوي__170__قفصة.PDF,1ctIsWfr6M3YVVNGeHeeCXeMe11ii1CGH
قفصة,المتلوي,المتلوي المركز يتقدم,وليد بنمحمد ماتتان,63,digits-wrong,2063,وثلاثه وستون,2023,قرار الهيئة لمعتمدية المتلوي__170__قفصة.PDF,1ctIsWfr6M3YVVNGeHeeCXeMe11ii1CGH
قفصة,المتلوي,المزيرعه - (المتلوي),محمد ابراهمي,357,digits-wrong,3537,ثلاثمايه وسبعه وخمسون,2023,قرار الهيئة لمعتمدية المتلوي__170__قفصة.PDF,1ctIsWfr6M3YVVNGeHeeCXeMe11ii1CGH
قفصة,المتلوي,المزيرعه - (المتلوي),وسيم ابراهمي,486,agree,486,اربعمايه وسته وثمانون,2023,قرار الهيئة لمعتمدية المتلوي__170__قفصة.PDF,1ctIsWfr6M3YVVNGeHeeCXeMe11ii1CGH
قفصة,المتلوي,المزيرعه - (المتلوي),اشرف منصوري,186,digits-wrong,166,مايه وسته وثمانون,2023,قرار الهيئة لمعتمدية المتلوي__170__قفصة.PDF,1ctIsWfr6M3YVVNGeHeeCXeMe11ii1CGH
قفصة,المتلوي,المقرون,وجيه عليعي,74,agree,74,اربعه وسبعون,2023,قرار الهيئة لمعتمدية المتلوي__170__قفصة.PDF,1ctIsWfr6M3YVVNGeHeeCXeMe11ii1CGH
قفصة,المتلوي,حي الامل الشرقي يتقدم,رمزي حامدي,473,digits-wrong,073,اربعمايه وثلاثه وسبعون,2023,قرار الهيئة لمعتمدية المتلوي__170__قفصة.PDF,1ctIsWfr6M3YVVNGeHeeCXeMe11ii1CGH
قفصة,المتلوي,حي الامل الشرقي يتقدم,خالد محمل. ‏ مايتاق وسبعه:وعشرون,227,digits-only,227,,2023,قرار الهيئة لمعتمدية المتلوي__170__قفصة.PDF,1ctIsWfr6M3YVVNGeHeeCXeMe11ii1CGH
قفصة,المتلوي,حي الامل الشرقي يتقدم,الامين الحاجي,218,agree,218,مايتان وثمانيه عشر,2023,قرار الهيئة لمعتمدية المتلوي__170__قفصة.PDF,1ctIsWfr6M3YVVNGeHeeCXeMe11ii1CGH
قفصة,المتلوي,حي الامل الشرقي يتقدم,انور لطفي كمانيه ونمو,58,digits-only,58,,2023,قرار الهيئة لمعتمدية المتلوي__170__قفصة.PDF,1ctIsWfr6M3YVVNGeHeeCXeMe11ii1CGH
قفصة,المتلوي,حي الامل الشرقي يتقدم,عامر نتيشه,386,agree,386,ثلاثمايه وسته وثمانون,2023,قرار الهيئة لمعتمدية المتلوي__170__قفصة.PDF,1ctIsWfr6M3YVVNGeHeeCXeMe11ii1CGH
قفصة,المتلوي,حي الامل الغربيء تصرح البييه,الحسن مباري,165,agree,165,مايه وخمسه وستون,2023,قرار الهيئة لمعتمدية المتلوي__170__قفصة.PDF,1ctIsWfr6M3YVVNGeHeeCXeMe11ii1CGH
قفصة,المتلوي,حي الامل الغربيء تصرح البييه,عبدالسلام خليفي,236,agree,236,مايتان وسته وثلاثون,2023,قرار الهيئة لمعتمدية المتلوي__170__قفصة.PDF,1ctIsWfr6M3YVVNGeHeeCXeMe11ii1CGH
قفصة,المتلوي,حي الامل الغربيء تصرح البييه,اسم لوقع .عه اللجوات لمصويهه اياسم لقم ساي,0,digits-only,0,,2023,قرار الهيئة لمعتمدية المتلوي__170__قفصة.PDF,1ctIsWfr6M3YVVNGeHeeCXeMe11ii1CGH
قفصة,المتلوي,حي الامل الغربيء تصرح البييه,نصرالدين قاسمي,62,agree,62,اثنان وستون,2023,قرار الهيئة لمعتمدية المتلوي__170__قفصة.PDF,1ctIsWfr6M3YVVNGeHeeCXeMe11ii1CGH
قفصة,المتلوي,وادي الارطه يتقدم المها,عمار عباسي,360,digits-wrong,3600,ثلاثمايه وستون,2023,قرار الهيئة لمعتمدية المتلوي__170__قفصة.PDF,1ctIsWfr6M3YVVNGeHeeCXeMe11ii1CGH
قفصة,المتلوي,وادي الارطه يتقدم المها,حيدر معي,179,agree,179,مايه وتسعه وسبعون,2023,قرار الهيئة لمعتمدية المتلوي__170__قفصة.PDF,1ctIsWfr6M3YVVNGeHeeCXeMe11ii1CGH
قفصة,المتلوي,وادي الارطه يتقدم المها,الاسعد كلتوم,284,digits-wrong,264,مايتان واربعه وثمانون,2023,قرار الهيئة لمعتمدية المتلوي__170__قفصة.PDF,1ctIsWfr6M3YVVNGeHeeCXeMe11ii1CGH
قفصة,المظيله,الحي العمالي» تصرح,سيف الدين دلالي سهتماته وثلاك#وسبعوق,3,digits-only,3,,2023,قرار الهيئة لمعتمدية المظيلة__171__قفصة.PDF,1HcHxcjv3Fo8jCZ5LQ_FTtwWdMrhv-_UL
قفصة,المظيله,الحي العمالي» تصرح,عصام هنشيري تلاتقاقه واثقاق وكمسون,2,digits-only,2,,2023,قرار الهيئة لمعتمدية المظيلة__171__قفصة.PDF,1HcHxcjv3Fo8jCZ5LQ_FTtwWdMrhv-_UL
قفصة,المظيله,الحي العمالي» تصرح,علي هنشيري ماكه:وتسعه,20,digits-wrong,19,وعشرون,2023,قرار الهيئة لمعتمدية المظيلة__171__قفصة.PDF,1HcHxcjv3Fo8jCZ5LQ_FTtwWdMrhv-_UL
قفصة,المظيله,الحي العمالي» تصرح,هشام مقدمي,113,digits-wrong,3,مايه وثلاثه عشر,2023,قرار الهيئة لمعتمدية المظيلة__171__قفصة.PDF,1HcHxcjv3Fo8jCZ5LQ_FTtwWdMrhv-_UL
قفصة,المظيله,المظيله المركز1 يتقدم,عماد يحياوي,344,digits-wrong,4,ثلاثمايه واربعه واربعون,2023,قرار الهيئة لمعتمدية المظيلة__171__قفصة.PDF,1HcHxcjv3Fo8jCZ5LQ_FTtwWdMrhv-_UL
قفصة,المظيله,المظيله المركز1 يتقدم,عادل تليجاني,250,digits-wrong,50,مايتان وخمسون,2023,قرار الهيئة لمعتمدية المظيلة__171__قفصة.PDF,1HcHxcjv3Fo8jCZ5LQ_FTtwWdMrhv-_UL
قفصة,المظيله,المظيله المركز1 يتقدم,رووف بن عباس,209,digits-wrong,109,مايتان وتسعه,2023,قرار الهيئة لمعتمدية المظيلة__171__قفصة.PDF,1HcHxcjv3Fo8jCZ5LQ_FTtwWdMrhv-_UL
قفصة,المظيله,المظيله المركز1 يتقدم,الماشمي يحياوي,164,agree,164,مايه واربعه وستون,2023,قرار الهيئة لمعتمدية المظيلة__171__قفصة.PDF,1HcHxcjv3Fo8jCZ5LQ_FTtwWdMrhv-_UL
قفصة,المظيله,المظيله المركز1 يتقدم,محمدعلي عمران,101,digits-wrong,2201011,مايه وواحد,2023,قرار الهيئة لمعتمدية المظيلة__171__قفصة.PDF,1HcHxcjv3Fo8jCZ5LQ_FTtwWdMrhv-_UL
قفصة,المظيله,المظيله المركز2 يتقدم,ايمن شاعي,281,digits-wrong,61,مايتان وواحد وثمانون,2023,قرار الهيئة لمعتمدية المظيلة__171__قفصة.PDF,1HcHxcjv3Fo8jCZ5LQ_FTtwWdMrhv-_UL
قفصة,المظيله,المظيله المركز2 يتقدم,راقن اتتصين سيعوق,0,digits-only,00,,2023,قرار الهيئة لمعتمدية المظيلة__171__قفصة.PDF,1HcHxcjv3Fo8jCZ5LQ_FTtwWdMrhv-_UL
قفصة,المظيله,المظيله المركز2 يتقدم,لامجك زرروق ناكف ن:وسعهويتمسوق,26,digits-only,26,,2023,قرار الهيئة لمعتمدية المظيلة__171__قفصة.PDF,1HcHxcjv3Fo8jCZ5LQ_FTtwWdMrhv-_UL
قفصة,المظيله,صهيب,الامجد عكرمي هاقهوثمانيه ومسيعوق,8,digits-only,8,,2023,قرار الهيئة لمعتمدية المظيلة__171__قفصة.PDF,1HcHxcjv3Fo8jCZ5LQ_FTtwWdMrhv-_UL
قفصة,ام العرايس,الدواره - (ام,محمد احمدي,321,digits-wrong,921,ثلاثمايه وواحد وعشرون,2023,قرار الهيئة لمعتمدية ام العرائس__172__قفصة.PDF,1k6v6lSxVtcGk_b1p4x1u33By6rJJYCTu
قفصة,ام العرايس,الدواره - (ام,محمود احمدي,135,digits-wrong,13,مايه وخمسه وثلاثون,2023,قرار الهيئة لمعتمدية ام العرائس__172__قفصة.PDF,1k6v6lSxVtcGk_b1p4x1u33By6rJJYCTu
قفصة,ام العرايس,السويطير- (ام العرايس),البادي افضال,69,agree,69,تسعه وستون,2023,قرار الهيئة لمعتمدية ام العرائس__172__قفصة.PDF,1k6v6lSxVtcGk_b1p4x1u33By6rJJYCTu
قفصة,ام العرايس,ا,عبدالحميد الصويعي,119,agree,119,مايه وتسعه عشر,2023,قرار الهيئة لمعتمدية ام العرائس__172__قفصة.PDF,1k6v6lSxVtcGk_b1p4x1u33By6rJJYCTu
قفصة,ام العرايس,ام العرايس,محمد سعيدي,539,agree,539,خمسمايه وتسعه وثلاثون,2023,قرار الهيئة لمعتمدية ام العرائس__172__قفصة.PDF,1k6v6lSxVtcGk_b1p4x1u33By6rJJYCTu
قفصة,ام العرايس,ام العرايس,سعيدي مايه وحن وخمسوق,151,digits-only,151,,2023,قرار الهيئة لمعتمدية ام العرائس__172__قفصة.PDF,1k6v6lSxVtcGk_b1p4x1u33By6rJJYCTu
قفصة,ام العرايس,ام العرايس,عادل عيساوي,257,agree,257,مايتان وسبعه وخمسون,2023,قرار الهيئة لمعتمدية ام العرائس__172__قفصة.PDF,1k6v6lSxVtcGk_b1p4x1u33By6rJJYCTu
قفصة,ام العرايس,ام العرايس,عمر سعيدي كلاثماقه,32,digits-wrong,332,واثنان وثلاثون,2023,قرار الهيئة لمعتمدية ام العرائس__172__قفصة.PDF,1k6v6lSxVtcGk_b1p4x1u33By6rJJYCTu
قفصة,ام العرايس,ام العرايس,تركيه سعيدي-,46,agree,46,سته واربعون,2023,قرار الهيئة لمعتمدية ام العرائس__172__قفصة.PDF,1k6v6lSxVtcGk_b1p4x1u33By6rJJYCTu
قفصة,ام العرايس,ام العرايس,ام الزين بخايريه,229,agree,229,مايتان وتسعه وعشرون,2023,قرار الهيئة لمعتمدية ام العرائس__172__قفصة.PDF,1k6v6lSxVtcGk_b1p4x1u33By6rJJYCTu
قفصة,ام العرايس,ام العرايس,علي سعيدي مايتان واثنا,10,digits-wrong,212,عشره,2023,قرار الهيئة لمعتمدية ام العرائس__172__قفصة.PDF,1k6v6lSxVtcGk_b1p4x1u33By6rJJYCTu
قفصة,ام العرايس,ام العرايس,المنذر ناصري,744,digits-wrong,44,سبعمايه واربعه واربعون,2023,قرار الهيئة لمعتمدية ام العرائس__172__قفصة.PDF,1k6v6lSxVtcGk_b1p4x1u33By6rJJYCTu
قفصة,ام العرايس,ام العرايس,سالم عيساوي,247,digits-wrong,217,مايتان وسبعه واربعون,2023,قرار الهيئة لمعتمدية ام العرائس__172__قفصة.PDF,1k6v6lSxVtcGk_b1p4x1u33By6rJJYCTu
قفصة,بلخير,"الطلح الشرقيه, تصرح",سليمه بوعزيز مايه وثلاثيه,70,digits-wrong,13,وسبعون,2023,قرار الهيئة لمعتمدية بلخير__168__قفصة.PDF,1ukpM25Km4xZvPDjf5NnJlnMMw5kWMPJ9
قفصة,بلخير,"الطلح الشرقيه, تصرح",الازهر سال,128,digits-wrong,8,مايه وثمانيه وعشرون,2023,قرار الهيئة لمعتمدية بلخير__168__قفصة.PDF,1ukpM25Km4xZvPDjf5NnJlnMMw5kWMPJ9
قفصة,بلخير,الطلح الغربيه يتقدم اليها,عادل الخليفي اثناق وسبعوق,72,digits-only,72,,2023,قرار الهيئة لمعتمدية بلخير__168__قفصة.PDF,1ukpM25Km4xZvPDjf5NnJlnMMw5kWMPJ9
قفصة,بلخير,الطلح الغربيه يتقدم اليها,مواظف مالم سعه وصسيحكوق,76,digits-only,76,,2023,قرار الهيئة لمعتمدية بلخير__168__قفصة.PDF,1ukpM25Km4xZvPDjf5NnJlnMMw5kWMPJ9
قفصة,بلخير,الطلح الغربيه يتقدم اليها,عبدالرزاق فرح,98,digits-wrong,38,ثمانيه وتسعون,2023,قرار الهيئة لمعتمدية بلخير__168__قفصة.PDF,1ukpM25Km4xZvPDjf5NnJlnMMw5kWMPJ9
قفصة,بلخير,الطلح الغربيه يتقدم اليها,لمك اله,175,agree,175,مايه وخمسه وسبعون,2023,قرار الهيئة لمعتمدية بلخير__168__قفصة.PDF,1ukpM25Km4xZvPDjf5NnJlnMMw5kWMPJ9
قفصة,بلخير,العيايشه - (بلخير)ء تصرح البييه,وليد المتكل هايهويخمسه عقر,15,digits-only,15,,2023,قرار الهيئة لمعتمدية بلخير__168__قفصة.PDF,1ukpM25Km4xZvPDjf5NnJlnMMw5kWMPJ9
قفصة,بلخير,العيايشه - (بلخير)ء تصرح البييه,وديع سعد,124,digits-wrong,4,مايه واربعه وعشرون,2023,قرار الهيئة لمعتمدية بلخير__168__قفصة.PDF,1ukpM25Km4xZvPDjf5NnJlnMMw5kWMPJ9
قفصة,بلخير,"اولاد الحاج, تصرح البييه",محمد مصباح,308,digits-wrong,08,ثلاثمايه وثمانيه,2023,قرار الهيئة لمعتمدية بلخير__168__قفصة.PDF,1ukpM25Km4xZvPDjf5NnJlnMMw5kWMPJ9
قفصة,بلخير,"اولاد الحاج, تصرح البييه",حسن البوهالي,172,digits-wrong,2,مايه واثنان وسبعون,2023,قرار الهيئة لمعتمدية بلخير__168__قفصة.PDF,1ukpM25Km4xZvPDjf5NnJlnMMw5kWMPJ9
قفصة,بلخير,"اولاد الحاج, تصرح البييه",عبد السلام سعيد,63,agree,63,ثلاثه وستون,2023,قرار الهيئة لمعتمدية بلخير__168__قفصة.PDF,1ukpM25Km4xZvPDjf5NnJlnMMw5kWMPJ9
قفصة,بلخير,بلخير يتقدم الها,عبدالله الثابت فاخوري,290,digits-wrong,0,مايتان وتسعون,2023,قرار الهيئة لمعتمدية بلخير__168__قفصة.PDF,1ukpM25Km4xZvPDjf5NnJlnMMw5kWMPJ9
قفصة,بلخير,بلخير يتقدم الها,محمد صابر خضر,80,digits-wrong,00,ثمانون,2023,قرار الهيئة لمعتمدية بلخير__168__قفصة.PDF,1ukpM25Km4xZvPDjf5NnJlnMMw5kWMPJ9
قفصة,بلخير,بلخير يتقدم الها,بشير عماره,89,digits-wrong,289,تسعه وثمانون,2023,قرار الهيئة لمعتمدية بلخير__168__قفصة.PDF,1ukpM25Km4xZvPDjf5NnJlnMMw5kWMPJ9
قفصة,بلخير,بلخير يتقدم الها,فرج خذر,119,digits-wrong,19,مايه وتسعه عشر,2023,قرار الهيئة لمعتمدية بلخير__168__قفصة.PDF,1ukpM25Km4xZvPDjf5NnJlnMMw5kWMPJ9
قفصة,بلخير,بلخير يتقدم الها,محمد رباح,246,digits-wrong,6,مايتان وسته واربعون,2023,قرار الهيئة لمعتمدية بلخير__168__قفصة.PDF,1ukpM25Km4xZvPDjf5NnJlnMMw5kWMPJ9
قفصة,بلخير,جبيله الوسط يتقدم الها,صالح فرج,104,digits-wrong,4,مايه واربعه,2023,قرار الهيئة لمعتمدية بلخير__168__قفصة.PDF,1ukpM25Km4xZvPDjf5NnJlnMMw5kWMPJ9
قفصة,بلخير,جبيله الوسط يتقدم الها,صبري ناكوع,51,agree,051,واحد وخمسون,2023,قرار الهيئة لمعتمدية بلخير__168__قفصة.PDF,1ukpM25Km4xZvPDjf5NnJlnMMw5kWMPJ9
قفصة,بلخير,جبيله الوسط يتقدم الها,لطفي نصر,107,digits-wrong,017,مايه وسبعه,2023,قرار الهيئة لمعتمدية بلخير__168__قفصة.PDF,1ukpM25Km4xZvPDjf5NnJlnMMw5kWMPJ9
قفصة,زانوش,الجديده - (زانوش),ناديه حراثي,199,digits-wrong,019,مايه وتسعه وتسعون,2023,قرار الهيئة لمعتمدية زانوش__178__قفصة.PDF,1OJa63ZKibY2VwaPEKP2UbosKrLlo0qIK
قفصة,زانوش,الجديده - (زانوش),علي مبذبي,120,digits-wrong,0,مايه وعشرون,2023,قرار الهيئة لمعتمدية زانوش__178__قفصة.PDF,1OJa63ZKibY2VwaPEKP2UbosKrLlo0qIK
قفصة,زانوش,الجديده - (زانوش),وسام قاسمي,241,digits-wrong,1,مايتان وواحد واربعون,2023,قرار الهيئة لمعتمدية زانوش__178__قفصة.PDF,1OJa63ZKibY2VwaPEKP2UbosKrLlo0qIK
قفصة,زانوش,زانوش 1,ايمن مليكي,343,digits-wrong,33,ثلاثمايه وثلاثه واربعون,2023,قرار الهيئة لمعتمدية زانوش__178__قفصة.PDF,1OJa63ZKibY2VwaPEKP2UbosKrLlo0qIK
قفصة,زانوش,زانوش 1,الكامل حامدي,259,digits-wrong,59,مايتان وتسعه وخمسون,2023,قرار الهيئة لمعتمدية زانوش__178__قفصة.PDF,1OJa63ZKibY2VwaPEKP2UbosKrLlo0qIK
قفصة,زانوش,زانوش 2 يتقدم الها,جميل دلاجي,145,digits-wrong,15,مايه وخمسه واربعون,2023,قرار الهيئة لمعتمدية زانوش__178__قفصة.PDF,1OJa63ZKibY2VwaPEKP2UbosKrLlo0qIK
قفصة,زانوش,زانوش 2 يتقدم الها,فوزي مليكي,159,digits-wrong,219,مايه وتسعه وخمسون,2023,قرار الهيئة لمعتمدية زانوش__178__قفصة.PDF,1OJa63ZKibY2VwaPEKP2UbosKrLlo0qIK
قفصة,زانوش,زانوش 2 يتقدم الها,الفاضل عمروصيه,199,digits-wrong,219,مايه وتسعه وتسعون,2023,قرار الهيئة لمعتمدية زانوش__178__قفصة.PDF,1OJa63ZKibY2VwaPEKP2UbosKrLlo0qIK
قفصة,زانوش,زانوش 2 يتقدم الها,ابراهيم مليكي,97,digits-wrong,07,سبعه وتسعون,2023,قرار الهيئة لمعتمدية زانوش__178__قفصة.PDF,1OJa63ZKibY2VwaPEKP2UbosKrLlo0qIK
قفصة,زانوش,"عبد الصادق 1, تصرح",حسان ثلجاوي,76,digits-wrong,6,سته وسبعون,2023,قرار الهيئة لمعتمدية زانوش__178__قفصة.PDF,1OJa63ZKibY2VwaPEKP2UbosKrLlo0qIK
قفصة,زانوش,"عبد الصادق 1, تصرح",كمال ظاهري,265,digits-wrong,65,مايتان وخمسه وستون,2023,قرار الهيئة لمعتمدية زانوش__178__قفصة.PDF,1OJa63ZKibY2VwaPEKP2UbosKrLlo0qIK
قفصة,زانوش,"عبد الصادق 1, تصرح",طارق حموهه,105,agree,105,مايه وخمسه,2023,قرار الهيئة لمعتمدية زانوش__178__قفصة.PDF,1OJa63ZKibY2VwaPEKP2UbosKrLlo0qIK
قفصة,زانوش,"عبد الصادق 2, تصرح البييه",الطيب رداوي,97,digits-wrong,07,سبعه وتسعون,2023,قرار الهيئة لمعتمدية زانوش__178__قفصة.PDF,1OJa63ZKibY2VwaPEKP2UbosKrLlo0qIK
قفصة,زانوش,"عبد الصادق 2, تصرح البييه",فريد رداوي,124,digits-wrong,4,مايه واربعه وعشرون,2023,قرار الهيئة لمعتمدية زانوش__178__قفصة.PDF,1OJa63ZKibY2VwaPEKP2UbosKrLlo0qIK
قفصة,سيدي بوبكر,ام الااقصاب 1,الدايره الانتخابيه المحليه ام الااقصاب,1,digits-only,1,,2023,قرار الهيئة لمعتمدية سيدي بوبكر__173__قفصة.PDF,1z8OAoNQ6SguFE76b3Syb_UPpbmyoCQoo
قفصة,سيدي بوبكر,ام الاقصاب 21,الفاضل خليفي,188,digits-wrong,158,مايه وثمانيه وثمانون,2023,قرار الهيئة لمعتمدية سيدي بوبكر__173__قفصة.PDF,1z8OAoNQ6SguFE76b3Syb_UPpbmyoCQoo
قفصة,سيدي بوبكر,ام الاقصاب 21,عبدالله غوايديه,190,digits-wrong,150,مايه وتسعون,2023,قرار الهيئة لمعتمدية سيدي بوبكر__173__قفصة.PDF,1z8OAoNQ6SguFE76b3Syb_UPpbmyoCQoo
قفصة,سيدي بوبكر,ام الاقصاب 21,اعضاء المجلس المحلي لمعتمديه سيدي بوبكر لسنه 2023 بالدايره الانتخابيه المحليه ام الاقصاب,21,digits-only,21,,2023,قرار الهيئة لمعتمدية سيدي بوبكر__173__قفصة.PDF,1z8OAoNQ6SguFE76b3Syb_UPpbmyoCQoo
قفصة,سيدي بوبكر,ام الاقصاب 21,علي غويدي,42,agree,42,اثنان واربعون,2023,قرار الهيئة لمعتمدية سيدي بوبكر__173__قفصة.PDF,1z8OAoNQ6SguFE76b3Syb_UPpbmyoCQoo
قفصة,سيدي بوبكر,ام الاقصاب 21,ه الانتخابيه المحليه ام الااقصاب,3,digits-only,3,,2023,قرار الهيئة لمعتمدية سيدي بوبكر__173__قفصة.PDF,1z8OAoNQ6SguFE76b3Syb_UPpbmyoCQoo
قفصة,سيدي بوبكر,سيد,بوغالم غوايديه,64,agree,64,اربعه وستون,2023,قرار الهيئة لمعتمدية سيدي بوبكر__173__قفصة.PDF,1z8OAoNQ6SguFE76b3Syb_UPpbmyoCQoo
قفصة,سيدي بوبكر,سيد,سمير خلايفيه,74,agree,74,اربعه وسبعون,2023,قرار الهيئة لمعتمدية سيدي بوبكر__173__قفصة.PDF,1z8OAoNQ6SguFE76b3Syb_UPpbmyoCQoo
قفصة,سيدي بوبكر,"سيدي بوبكر 1, تصرح",جهاد عنزازه ماثه,78,digits-wrong,178,وثمانيه وسبعون,2023,قرار الهيئة لمعتمدية سيدي بوبكر__173__قفصة.PDF,1z8OAoNQ6SguFE76b3Syb_UPpbmyoCQoo
قفصة,سيدي بوبكر,"سيدي بوبكر 1, تصرح",علي غايب,126,agree,126,مايهوسته وعشرون,2023,قرار الهيئة لمعتمدية سيدي بوبكر__173__قفصة.PDF,1z8OAoNQ6SguFE76b3Syb_UPpbmyoCQoo
قفصة,سيدي عيش,السوينيه,مهبراق الشاوش مايه واثنا,10,digits-wrong,112,عشره,2023,قرار الهيئة لمعتمدية سيدي عيش__176__قفصة.PDF,1Ol63E0JxUllosPG30XW_IVD1c_VIddL4
قفصة,سيدي عيش,"العمايميه, تصرح",محمد عمايمي,66,agree,66,سته وستون,2023,قرار الهيئة لمعتمدية سيدي عيش__176__قفصة.PDF,1Ol63E0JxUllosPG30XW_IVD1c_VIddL4
قفصة,سيدي عيش,القريه - (سيدي,محمد شكري,66,agree,66,سته وستون,2023,قرار الهيئة لمعتمدية سيدي عيش__176__قفصة.PDF,1Ol63E0JxUllosPG30XW_IVD1c_VIddL4
قفصة,سيدي عيش,القريه - (سيدي,صالح شكري,129,agree,129,مايه وتسعه وعشرون,2023,قرار الهيئة لمعتمدية سيدي عيش__176__قفصة.PDF,1Ol63E0JxUllosPG30XW_IVD1c_VIddL4
قفصة,سيدي عيش,القريه - (سيدي,صالح ذيي,27,agree,27,سبعه وعشرون,2023,قرار الهيئة لمعتمدية سيدي عيش__176__قفصة.PDF,1Ol63E0JxUllosPG30XW_IVD1c_VIddL4
قفصة,سيدي عيش,القريه - (سيدي,محمد ذييبي,159,agree,159,مايه وتسعه وخمسون,2023,قرار الهيئة لمعتمدية سيدي عيش__176__قفصة.PDF,1Ol63E0JxUllosPG30XW_IVD1c_VIddL4
قفصة,سيدي عيش,"سيدي عيش,»",محسن بن عثمان,88,words-only,,ثمانيه وثمانون,2023,قرار الهيئة لمعتمدية سيدي عيش__176__قفصة.PDF,1Ol63E0JxUllosPG30XW_IVD1c_VIddL4
قفصة,سيدي عيش,"سيدي عيش,»",امين صميده,348,words-only,,ثلاثمايه وثمانيه واربعون,2023,قرار الهيئة لمعتمدية سيدي عيش__176__قفصة.PDF,1Ol63E0JxUllosPG30XW_IVD1c_VIddL4
قفصة,سيدي عيش,"سيدي عيش,»",محمدالبوخاري مصطفي,144,words-only,,مايه واربعه واربعون,2023,قرار الهيئة لمعتمدية سيدي عيش__176__قفصة.PDF,1Ol63E0JxUllosPG30XW_IVD1c_VIddL4
قفصة,سيدي عيش,"سيدي عيش,»",رابج محمد,96,words-only,,سته وتسعون,2023,قرار الهيئة لمعتمدية سيدي عيش__176__قفصة.PDF,1Ol63E0JxUllosPG30XW_IVD1c_VIddL4
قفصة,سيدي عيش,سيدي عيش,حسناء زاهي,58,agree,58,ثمانيه وخمسون,2023,قرار الهيئة لمعتمدية سيدي عيش__176__قفصة.PDF,1Ol63E0JxUllosPG30XW_IVD1c_VIddL4
قفصة,سيدي عيش,"منزل القمودي,",محمدنجيب احمد,90,agree,90,تسعون,2023,قرار الهيئة لمعتمدية سيدي عيش__176__قفصة.PDF,1Ol63E0JxUllosPG30XW_IVD1c_VIddL4
قفصة,سيدي عيش,"منزل القمودي,",فوزي رضواني,131,agree,131,مايه وواحد وثلاثون,2023,قرار الهيئة لمعتمدية سيدي عيش__176__قفصة.PDF,1Ol63E0JxUllosPG30XW_IVD1c_VIddL4
قفصة,قفصه الجنوبيه,العساله,قيس الضاوي,189,digits-wrong,169,مايه وتسعه وثمانون,2023,قرار الهيئة لمعتمدية قفصة الجنوبية__174__قفصة.PDF,1-fd8fUE4XarP1czW8IqWv32rC7P9V9_D
قفصة,قفصه الجنوبيه,العساله,محمد ساكري,118,agree,118,مايه وثمانيه عشر,2023,قرار الهيئة لمعتمدية قفصة الجنوبية__174__قفصة.PDF,1-fd8fUE4XarP1czW8IqWv32rC7P9V9_D
قفصة,قفصه الجنوبيه,العساله,نورس مشي,83,digits-wrong,853,ثلاثه وثمانون,2023,قرار الهيئة لمعتمدية قفصة الجنوبية__174__قفصة.PDF,1-fd8fUE4XarP1czW8IqWv32rC7P9V9_D
قفصة,قفصه الجنوبيه,العساله,منذر نايلي,69,agree,69,تسعه وستون,2023,قرار الهيئة لمعتمدية قفصة الجنوبية__174__قفصة.PDF,1-fd8fUE4XarP1czW8IqWv32rC7P9V9_D
قفصة,قفصه الجنوبيه,العساله,منصور الدالي,374,agree,374,ثلاثمايه واربعه وسبعون,2023,قرار الهيئة لمعتمدية قفصة الجنوبية__174__قفصة.PDF,1-fd8fUE4XarP1czW8IqWv32rC7P9V9_D
قفصة,قفصه الجنوبيه,العساله,ليلي عيساوي,116,agree,116,مايه وسته عشر,2023,قرار الهيئة لمعتمدية قفصة الجنوبية__174__قفصة.PDF,1-fd8fUE4XarP1czW8IqWv32rC7P9V9_D
قفصة,قفصه الجنوبيه,العساله,عدنان سوسي,126,agree,126,مايه وسته وعشرون,2023,قرار الهيئة لمعتمدية قفصة الجنوبية__174__قفصة.PDF,1-fd8fUE4XarP1czW8IqWv32rC7P9V9_D
قفصة,قفصه الجنوبيه,العقيله,علي جدلاوي,195,digits-wrong,1945,مايه وخمسه وتسعون,2023,قرار الهيئة لمعتمدية قفصة الجنوبية__174__قفصة.PDF,1-fd8fUE4XarP1czW8IqWv32rC7P9V9_D
قفصة,قفصه الجنوبيه,العقيله,محمدعلي جدلاوي,104,agree,104,مايه واربعه,2023,قرار الهيئة لمعتمدية قفصة الجنوبية__174__قفصة.PDF,1-fd8fUE4XarP1czW8IqWv32rC7P9V9_D
قفصة,قفصه الجنوبيه,العقيله,حبيب جدله,78,agree,78,ثمانيه وسبعون,2023,قرار الهيئة لمعتمدية قفصة الجنوبية__174__قفصة.PDF,1-fd8fUE4XarP1czW8IqWv32rC7P9V9_D
قفصة,قفصه الجنوبيه,الناظور - (قفصه,فوزي سليمان,119,agree,119,مايه وتسعه عشر,2023,قرار الهيئة لمعتمدية قفصة الجنوبية__174__قفصة.PDF,1-fd8fUE4XarP1czW8IqWv32rC7P9V9_D
قفصة,قفصه الجنوبيه,الناظور - (قفصه,احمد جمل,215,agree,215,مايتان وخمسه عشر,2023,قرار الهيئة لمعتمدية قفصة الجنوبية__174__قفصة.PDF,1-fd8fUE4XarP1czW8IqWv32rC7P9V9_D
قفصة,قفصه الجنوبيه,الناظور - (قفصه,نبيل عثمان,73,agree,73,ثلاثه وسبعون,2023,قرار الهيئة لمعتمدية قفصة الجنوبية__174__قفصة.PDF,1-fd8fUE4XarP1czW8IqWv32rC7P9V9_D
قفصة,قفصه الجنوبيه,حي السرور,امين الاطرش,215,agree,215,مايتان وخمسه عشر,2023,قرار الهيئة لمعتمدية قفصة الجنوبية__174__قفصة.PDF,1-fd8fUE4XarP1czW8IqWv32rC7P9V9_D
قفصة,قفصه الجنوبيه,حي السرور,سالم بنحمد,71,agree,71,واحد وسبعون,2023,قرار الهيئة لمعتمدية قفصة الجنوبية__174__قفصة.PDF,1-fd8fUE4XarP1czW8IqWv32rC7P9V9_D
قفصة,قفصه الجنوبيه,حي السرور,صالح شكري,91,digits-wrong,51,واحد وتسعون,2023,قرار الهيئة لمعتمدية قفصة الجنوبية__174__قفصة.PDF,1-fd8fUE4XarP1czW8IqWv32rC7P9V9_D
قفصة,قفصه الجنوبيه,حي السرور,محمد عثمان,50,agree,50,خمسون,2023,قرار الهيئة لمعتمدية قفصة الجنوبية__174__قفصة.PDF,1-fd8fUE4XarP1czW8IqWv32rC7P9V9_D
قفصة,قفصه الجنوبيه,حي السرور,علي عدر,52,agree,52,اثنان وخمسون,2023,قرار الهيئة لمعتمدية قفصة الجنوبية__174__قفصة.PDF,1-fd8fUE4XarP1czW8IqWv32rC7P9V9_D
قفصة,قفصه الجنوبيه,حي السرور,عبدالحق منصوري مايثه,2,digits-wrong,102,واثنان,2023,قرار الهيئة لمعتمدية قفصة الجنوبية__174__قفصة.PDF,1-fd8fUE4XarP1czW8IqWv32rC7P9V9_D
قفصة,قفصه الجنوبيه,حي السرور,تليلي ذيبي,201,agree,201,مايتان وواحد,2023,قرار الهيئة لمعتمدية قفصة الجنوبية__174__قفصة.PDF,1-fd8fUE4XarP1czW8IqWv32rC7P9V9_D
قفصة,قفصه الجنوبيه,حي السرور,نورالدين ذيبي,38,agree,38,ثمانيه وثلاثون,2023,قرار الهيئة لمعتمدية قفصة الجنوبية__174__قفصة.PDF,1-fd8fUE4XarP1czW8IqWv32rC7P9V9_D
قفصة,قفصه الجنوبيه,حي الشباب,بلقاسم شويات,475,digits-wrong,45,اربعمايه وخمسه وسبعون,2023,قرار الهيئة لمعتمدية قفصة الجنوبية__174__قفصة.PDF,1-fd8fUE4XarP1czW8IqWv32rC7P9V9_D
قفصة,قفصه الجنوبيه,حي النور- (قفصه,عمر خذير,175,agree,175,مايه وخمسه وسبعون,2023,قرار الهيئة لمعتمدية قفصة الجنوبية__174__قفصة.PDF,1-fd8fUE4XarP1czW8IqWv32rC7P9V9_D
قفصة,قفصه الجنوبيه,حي النور- (قفصه,جلال حامد,92,digits-wrong,52,اثنان وتسعون,2023,قرار الهيئة لمعتمدية قفصة الجنوبية__174__قفصة.PDF,1-fd8fUE4XarP1czW8IqWv32rC7P9V9_D
قفصة,قفصه الجنوبيه,حي النور- (قفصه,سليماق خميله مايه وثلاثه وتبسعون,153,digits-only,153,,2023,قرار الهيئة لمعتمدية قفصة الجنوبية__174__قفصة.PDF,1-fd8fUE4XarP1czW8IqWv32rC7P9V9_D
قفصة,قفصه الجنوبيه,حي النور- (قفصه,محمدالطاهر سليمان ماتثتان,68,digits-wrong,268,وثمانيه وستون,2023,قرار الهيئة لمعتمدية قفصة الجنوبية__174__قفصة.PDF,1-fd8fUE4XarP1czW8IqWv32rC7P9V9_D
قفصة,قفصه الجنوبيه,حي النور- (قفصه,مروان تليلي,87,digits-wrong,57,سبعه وثمانون,2023,قرار الهيئة لمعتمدية قفصة الجنوبية__174__قفصة.PDF,1-fd8fUE4XarP1czW8IqWv32rC7P9V9_D
قفصة,قفصه الجنوبيه,حي النور- (قفصه,نبيل زروقي,141,agree,141,مايه وواحد واربعون,2023,قرار الهيئة لمعتمدية قفصة الجنوبية__174__قفصة.PDF,1-fd8fUE4XarP1czW8IqWv32rC7P9V9_D
قفصة,قفصه الجنوبيه,حي النور- (قفصه,بوزيان عبدالله,142,agree,142,مايه واثنان واربعون,2023,قرار الهيئة لمعتمدية قفصة الجنوبية__174__قفصة.PDF,1-fd8fUE4XarP1czW8IqWv32rC7P9V9_D
قفصة,قفصه الجنوبيه,حي النور- (قفصه,سبيل هنشيري ماكتان وسيعه,207,digits-only,207,,2023,قرار الهيئة لمعتمدية قفصة الجنوبية__174__قفصة.PDF,1-fd8fUE4XarP1czW8IqWv32rC7P9V9_D
قفصة,قفصه الجنوبيه,قفصه,جهاد ربيعي,179,agree,179,مايه وتسعه وسبعون,2023,قرار الهيئة لمعتمدية قفصة الجنوبية__174__قفصة.PDF,1-fd8fUE4XarP1czW8IqWv32rC7P9V9_D
قفصة,قفصه الجنوبيه,قفصه,بوثينه عبيدي,90,digits-wrong,50,تسعون,2023,قرار الهيئة لمعتمدية قفصة الجنوبية__174__قفصة.PDF,1-fd8fUE4XarP1czW8IqWv32rC7P9V9_D
قفصة,قفصه الجنوبيه,قفصه,فريده صويد,117,agree,117,مايه وسبعه عشر,2023,قرار الهيئة لمعتمدية قفصة الجنوبية__174__قفصة.PDF,1-fd8fUE4XarP1czW8IqWv32rC7P9V9_D
قفصة,قفصه الجنوبيه,قفصه,قليعي بعزوزي,74,agree,74,اربعه وسبعون,2023,قرار الهيئة لمعتمدية قفصة الجنوبية__174__قفصة.PDF,1-fd8fUE4XarP1czW8IqWv32rC7P9V9_D
قفصة,قفصه الجنوبيه,قفصه,محمدنبيل زعيش مايثتان,85,digits-wrong,285,وخمسه وثمانون,2023,قرار الهيئة لمعتمدية قفصة الجنوبية__174__قفصة.PDF,1-fd8fUE4XarP1czW8IqWv32rC7P9V9_D
قفصة,قفصه الجنوبيه,قفصه,عبدالمجيد عياشثي,80,agree,80,ثمانون,2023,قرار الهيئة لمعتمدية قفصة الجنوبية__174__قفصة.PDF,1-fd8fUE4XarP1czW8IqWv32rC7P9V9_D
قفصة,قفصه الجنوبيه,كاف دربيء,محم سليمان,273,agree,273,مايتان وثلاثه وسبعون,2023,قرار الهيئة لمعتمدية قفصة الجنوبية__174__قفصة.PDF,1-fd8fUE4XarP1czW8IqWv32rC7P9V9_D
قفصة,قفصه الجنوبيه,كاف دربيء,ناديه سليمان,74,agree,74,اربعه وسبعون,2023,قرار الهيئة لمعتمدية قفصة الجنوبية__174__قفصة.PDF,1-fd8fUE4XarP1czW8IqWv32rC7P9V9_D
قفصة,قفصه الجنوبيه,كاف دربيء,محمد ونيس الابيظ,104,agree,104,مايه واربعه,2023,قرار الهيئة لمعتمدية قفصة الجنوبية__174__قفصة.PDF,1-fd8fUE4XarP1czW8IqWv32rC7P9V9_D
قفصة,قفصه الجنوبيه,كاف دربيء,اكرم حفيظ,126,agree,126,مايه وسته وعشرون,2023,قرار الهيئة لمعتمدية قفصة الجنوبية__174__قفصة.PDF,1-fd8fUE4XarP1czW8IqWv32rC7P9V9_D
قفصة,قفصه الجنوبيه,كاف دربيء,محمن:مسعوه مااتتاق,30,digits-wrong,230,وثلاثون,2023,قرار الهيئة لمعتمدية قفصة الجنوبية__174__قفصة.PDF,1-fd8fUE4XarP1czW8IqWv32rC7P9V9_D
قفصة,قفصه الشماليه,الرحيبه,غريسي حامدي,191,digits-wrong,151,مايه وواحد وتسعون,2023,قرار الهيئة لمعتمدية قفصة الشمالية__177__قفصة.PDF,18MXDeTqzdwQCva8azkryStxwGcA5ev8y
قفصة,قفصه الشماليه,الرحيبه,المولدي بنصيب,251,agree,251,مايتان وواحد وخمسون,2023,قرار الهيئة لمعتمدية قفصة الشمالية__177__قفصة.PDF,18MXDeTqzdwQCva8azkryStxwGcA5ev8y
قفصة,قفصه الشماليه,الرحيبه,قليعيه عمراني,213,agree,213,مايتان وثلاثه عشر,2023,قرار الهيئة لمعتمدية قفصة الشمالية__177__قفصة.PDF,18MXDeTqzdwQCva8azkryStxwGcA5ev8y
قفصة,قفصه الشماليه,الرحيبه,محمدالناجي عمراني,38,agree,38,ثمانيه وثلاثون,2023,قرار الهيئة لمعتمدية قفصة الشمالية__177__قفصة.PDF,18MXDeTqzdwQCva8azkryStxwGcA5ev8y
قفصة,قفصه الشماليه,"الفج, تصرح",خيرالدين اخذيري,387,digits-wrong,367,ثلاثمايه وسبعه وثمانون,2023,قرار الهيئة لمعتمدية قفصة الشمالية__177__قفصة.PDF,18MXDeTqzdwQCva8azkryStxwGcA5ev8y
قفصة,قفصه الشماليه,"الفج, تصرح",ايمن عيسي,141,digits-wrong,1041,مايه وواحد واربعون,2023,قرار الهيئة لمعتمدية قفصة الشمالية__177__قفصة.PDF,18MXDeTqzdwQCva8azkryStxwGcA5ev8y
قفصة,قفصه الشماليه,"الفج, تصرح",البادي بلقاسم,45,agree,45,خمسه واربعون,2023,قرار الهيئة لمعتمدية قفصة الشمالية__177__قفصة.PDF,18MXDeTqzdwQCva8azkryStxwGcA5ev8y
قفصة,قفصه الشماليه,المتكيدس»,نورالدين بن سالم,142,digits-wrong,12,مايه واثنان واربعون,2023,قرار الهيئة لمعتمدية قفصة الشمالية__177__قفصة.PDF,18MXDeTqzdwQCva8azkryStxwGcA5ev8y
قفصة,قفصه الشماليه,قصور,فاطمه بحري,6,agree,6,سته,2023,قرار الهيئة لمعتمدية قفصة الشمالية__177__قفصة.PDF,18MXDeTqzdwQCva8azkryStxwGcA5ev8y
قفصة,قفصه الشماليه,قطيس»,محمد الخيري زيدي,364,agree,364,ثلاثمايه واربعه وستون,2023,قرار الهيئة لمعتمدية قفصة الشمالية__177__قفصة.PDF,18MXDeTqzdwQCva8azkryStxwGcA5ev8y
قفصة,قفصه الشماليه,قطيس»,نوراني سعايديه,237,digits-wrong,257,مايتان وسبعه وثلاثون,2023,قرار الهيئة لمعتمدية قفصة الشمالية__177__قفصة.PDF,18MXDeTqzdwQCva8azkryStxwGcA5ev8y
نابل 1,الميده,القرشيين يتقدم الهها,ناجح البكوش,116,agree,116,مايه وسته عشر,2023,قرار الهيئة لمعتمدية الميدة__111__نابل 1.PDF,1L09uMW1xuFcPBzy7Y_KaGLSyY-NWWQmj
نابل 1,الميده,القرشيين يتقدم الهها,ادم البكوش,238,agree,238,مايتان وثمانيه وثلاثون,2023,قرار الهيئة لمعتمدية الميدة__111__نابل 1.PDF,1L09uMW1xuFcPBzy7Y_KaGLSyY-NWWQmj
نابل 1,الميده,القرشيين يتقدم الهها,احمد بننصر مايتان واثنا,10,digits-wrong,212,عشره,2023,قرار الهيئة لمعتمدية الميدة__111__نابل 1.PDF,1L09uMW1xuFcPBzy7Y_KaGLSyY-NWWQmj
نابل 1,الميده,القرشيين يتقدم الهها,وحيد الحماوي,58,agree,58,ثمانيه وخمسون,2023,قرار الهيئة لمعتمدية الميدة__111__نابل 1.PDF,1L09uMW1xuFcPBzy7Y_KaGLSyY-NWWQmj
نابل 1,الميده,الميده - (الميده) يتقدم,شاكر بنبلقاسم اربعمايه وثلاثيه,10,digits-wrong,0413,عشر,2023,قرار الهيئة لمعتمدية الميدة__111__نابل 1.PDF,1L09uMW1xuFcPBzy7Y_KaGLSyY-NWWQmj
نابل 1,الميده,الميده - (الميده) يتقدم,قيس بنعياد,189,digits-wrong,159,مايه وتسعه وثمانون,2023,قرار الهيئة لمعتمدية الميدة__111__نابل 1.PDF,1L09uMW1xuFcPBzy7Y_KaGLSyY-NWWQmj
نابل 1,الميده,الميده - (الميده) يتقدم,علاءالدين الصغير,330,agree,330,ثلاثمايه وثلاثون,2023,قرار الهيئة لمعتمدية الميدة__111__نابل 1.PDF,1L09uMW1xuFcPBzy7Y_KaGLSyY-NWWQmj
نابل 1,الميده,الميده - (الميده) يتقدم,حمدي الجازي,285,agree,285,مايتان وخمسه وثمانون,2023,قرار الهيئة لمعتمدية الميدة__111__نابل 1.PDF,1L09uMW1xuFcPBzy7Y_KaGLSyY-NWWQmj
نابل 1,الميده,ام ذويل» تصرح البييه,رياض بنعليه,258,agree,258,مايتان وثمانيه وخمسون,2023,قرار الهيئة لمعتمدية الميدة__111__نابل 1.PDF,1L09uMW1xuFcPBzy7Y_KaGLSyY-NWWQmj
نابل 1,الميده,ام ذويل» تصرح البييه,شوق الشبعان ماثه واثنا,10,digits-wrong,112,عشره,2023,قرار الهيئة لمعتمدية الميدة__111__نابل 1.PDF,1L09uMW1xuFcPBzy7Y_KaGLSyY-NWWQmj
نابل 1,الميده,ام ذويل» تصرح البييه,نجيب بلحسن,128,agree,128,مايه وثمانيه وعشرون,2023,قرار الهيئة لمعتمدية الميدة__111__نابل 1.PDF,1L09uMW1xuFcPBzy7Y_KaGLSyY-NWWQmj
نابل 1,الميده,ام ذويل» تصرح البييه,ناجح احموده,36,agree,36,سته وثلاثون,2023,قرار الهيئة لمعتمدية الميدة__111__نابل 1.PDF,1L09uMW1xuFcPBzy7Y_KaGLSyY-NWWQmj
نابل 1,الميده,ام ذويل» تصرح البييه,علي بن بريك,39,agree,39,تسعه وثلاثون,2023,قرار الهيئة لمعتمدية الميدة__111__نابل 1.PDF,1L09uMW1xuFcPBzy7Y_KaGLSyY-NWWQmj
نابل 1,الميده,ام ذويل» تصرح البييه,محمد القربي,252,agree,252,مايتان واثنان وخمسون,2023,قرار الهيئة لمعتمدية الميدة__111__نابل 1.PDF,1L09uMW1xuFcPBzy7Y_KaGLSyY-NWWQmj
نابل 1,الميده,ام ذويل» تصرح البييه,زهير بنعبدالله,60,agree,60,ستون,2023,قرار الهيئة لمعتمدية الميدة__111__نابل 1.PDF,1L09uMW1xuFcPBzy7Y_KaGLSyY-NWWQmj
نابل 1,الميده,"فرتونه, تصرح البييه العليا",الفه بنخليفه,63,agree,63,ثلاثه وستون,2023,قرار الهيئة لمعتمدية الميدة__111__نابل 1.PDF,1L09uMW1xuFcPBzy7Y_KaGLSyY-NWWQmj
نابل 1,الميده,"فرتونه, تصرح البييه العليا",رمزي رحومه,216,agree,216,مايتان وسته عشر,2023,قرار الهيئة لمعتمدية الميدة__111__نابل 1.PDF,1L09uMW1xuFcPBzy7Y_KaGLSyY-NWWQmj
نابل 1,الميده,"فرتونه, تصرح البييه العليا",وليد غييثيه,124,agree,124,ميهواربعه وعشرون,2023,قرار الهيئة لمعتمدية الميدة__111__نابل 1.PDF,1L09uMW1xuFcPBzy7Y_KaGLSyY-NWWQmj
نابل 1,الميده,لبنه يتقدم اليها,رايد السليلي,234,agree,234,مايتان واربعه وثلاثون,2023,قرار الهيئة لمعتمدية الميدة__111__نابل 1.PDF,1L09uMW1xuFcPBzy7Y_KaGLSyY-NWWQmj
نابل 1,الميده,لبنه يتقدم اليها,الحبيب القماطي,265,agree,265,مايتان وخمسه وستون,2023,قرار الهيئة لمعتمدية الميدة__111__نابل 1.PDF,1L09uMW1xuFcPBzy7Y_KaGLSyY-NWWQmj
نابل 1,الميده,لبنه يتقدم اليها,محمد بوعود,220,digits-wrong,20,مايتان وعشرون,2023,قرار الهيئة لمعتمدية الميدة__111__نابل 1.PDF,1L09uMW1xuFcPBzy7Y_KaGLSyY-NWWQmj
نابل 1,الهواريه,الهواريه الجوفيه,عثمان سامسي مايثتان,8,digits-wrong,208,وثمانيه,2023,قرار الهيئة لمعتمدية الهوارية__112__نابل 1.PDF,1c72V00ki-ta6xlxixVrWsgLntP1sxgKB
نابل 1,الهواريه,الهواريه الجوفيه,شاهين الزواوي ماتتان,63,digits-wrong,2063,وثلاثه وستون,2023,قرار الهيئة لمعتمدية الهوارية__112__نابل 1.PDF,1c72V00ki-ta6xlxixVrWsgLntP1sxgKB
نابل 1,الهواريه,الهواريه الجوفيه,البشير الطبيب,443,agree,443,اربعمايه وثلاثه واربعون,2023,قرار الهيئة لمعتمدية الهوارية__112__نابل 1.PDF,1c72V00ki-ta6xlxixVrWsgLntP1sxgKB
نابل 1,الهواريه,البواريه القبليه يتقدم,رمزي المحجوب,264,agree,264,مايتان واربعه وستون,2023,قرار الهيئة لمعتمدية الهوارية__112__نابل 1.PDF,1c72V00ki-ta6xlxixVrWsgLntP1sxgKB
نابل 1,الهواريه,البواريه القبليه يتقدم,فيصل الطرابلسي,259,agree,259,مايتان وتسعه وخمسون,2023,قرار الهيئة لمعتمدية الهوارية__112__نابل 1.PDF,1c72V00ki-ta6xlxixVrWsgLntP1sxgKB
نابل 1,الهواريه,البواريه القبليه يتقدم,محمد الرايس,67,agree,67,سبعه وستون,2023,قرار الهيئة لمعتمدية الهوارية__112__نابل 1.PDF,1c72V00ki-ta6xlxixVrWsgLntP1sxgKB
نابل 1,الهواريه,بوكريم يتقدم اليها,منيه العروسي,88,digits-wrong,58,ثمانيه وثمانون,2023,قرار الهيئة لمعتمدية الهوارية__112__نابل 1.PDF,1c72V00ki-ta6xlxixVrWsgLntP1sxgKB
نابل 1,الهواريه,بوكريم يتقدم اليها,سعدالدين بنحميده,30,agree,30,ثلاثون,2023,قرار الهيئة لمعتمدية الهوارية__112__نابل 1.PDF,1c72V00ki-ta6xlxixVrWsgLntP1sxgKB
نابل 1,الهواريه,بوكريم يتقدم اليها,الهام بنحسن,85,agree,85,خمسه وثمانون,2023,قرار الهيئة لمعتمدية الهوارية__112__نابل 1.PDF,1c72V00ki-ta6xlxixVrWsgLntP1sxgKB
نابل 1,الهواريه,بوكريم يتقدم اليها,نوره بنقداره,153,agree,153,مايه وثلاثه وخمسون,2023,قرار الهيئة لمعتمدية الهوارية__112__نابل 1.PDF,1c72V00ki-ta6xlxixVrWsgLntP1sxgKB
نابل 1,الهواريه,تزغران الشرقيه يتقدم,محمد بنالنايلي,76,agree,76,سته وسبعون,2023,قرار الهيئة لمعتمدية الهوارية__112__نابل 1.PDF,1c72V00ki-ta6xlxixVrWsgLntP1sxgKB
نابل 1,الهواريه,تزغران الشرقيه يتقدم,صفاء بنناصر,53,agree,53,ثلاثه وخمسون,2023,قرار الهيئة لمعتمدية الهوارية__112__نابل 1.PDF,1c72V00ki-ta6xlxixVrWsgLntP1sxgKB
نابل 1,الهواريه,تزغران الشرقيه يتقدم,المحجوب الدرويش,204,agree,204,مايتان واربعه,2023,قرار الهيئة لمعتمدية الهوارية__112__نابل 1.PDF,1c72V00ki-ta6xlxixVrWsgLntP1sxgKB
نابل 1,الهواريه,تزغران الشرقيه يتقدم,خالد بنعبوده,91,agree,91,واحد وتسعون,2023,قرار الهيئة لمعتمدية الهوارية__112__نابل 1.PDF,1c72V00ki-ta6xlxixVrWsgLntP1sxgKB
نابل 1,الهواريه,تزغران الغربيه يتقدم,حمادي بنحموده,121,digits-wrong,1221,مايه وواحد وعشرون,2023,قرار الهيئة لمعتمدية الهوارية__112__نابل 1.PDF,1c72V00ki-ta6xlxixVrWsgLntP1sxgKB
نابل 1,الهواريه,تزغران الغربيه يتقدم,حموده الجلاصي مايثتان,78,digits-wrong,278,وثمانيه وسبعون,2023,قرار الهيئة لمعتمدية الهوارية__112__نابل 1.PDF,1c72V00ki-ta6xlxixVrWsgLntP1sxgKB
نابل 1,الهواريه,تزغران الغربيه يتقدم,بلال بتسعد,160,agree,160,مايه وستون,2023,قرار الهيئة لمعتمدية الهوارية__112__نابل 1.PDF,1c72V00ki-ta6xlxixVrWsgLntP1sxgKB
نابل 1,الهواريه,زاويه المقايز يتقدم,هشام بنابراهيم,181,digits-wrong,161,مايه وواحد وثمانون,2023,قرار الهيئة لمعتمدية الهوارية__112__نابل 1.PDF,1c72V00ki-ta6xlxixVrWsgLntP1sxgKB
نابل 1,الهواريه,زاويه المقايز يتقدم,داود بنمحمد ماكتان,6,digits-wrong,206,وسته,2023,قرار الهيئة لمعتمدية الهوارية__112__نابل 1.PDF,1c72V00ki-ta6xlxixVrWsgLntP1sxgKB
نابل 1,الهواريه,زاويه المقايز يتقدم,مني حموده,15,agree,15,خمسه عشر,2023,قرار الهيئة لمعتمدية الهوارية__112__نابل 1.PDF,1c72V00ki-ta6xlxixVrWsgLntP1sxgKB
نابل 1,الهواريه,زاويه المقايز يتقدم,منيرالسعيد الشلي2,83,digits-wrong,853,ثلاثه وثمانون,2023,قرار الهيئة لمعتمدية الهوارية__112__نابل 1.PDF,1c72V00ki-ta6xlxixVrWsgLntP1sxgKB
نابل 1,الهواريه,زاويه المقايز يتقدم,مكرم السنوسي,83,agree,83,ثلاثه وثمانون,2023,قرار الهيئة لمعتمدية الهوارية__112__نابل 1.PDF,1c72V00ki-ta6xlxixVrWsgLntP1sxgKB
نابل 1,الهواريه,صاحب الجبل,عزالدين بنفرج,147,agree,147,مايه وسبعه واربعون,2023,قرار الهيئة لمعتمدية الهوارية__112__نابل 1.PDF,1c72V00ki-ta6xlxixVrWsgLntP1sxgKB
نابل 1,الهواريه,صاحب الجبل,وفاء بنعلي,156,agree,156,مايه وسته وخمسون,2023,قرار الهيئة لمعتمدية الهوارية__112__نابل 1.PDF,1c72V00ki-ta6xlxixVrWsgLntP1sxgKB
نابل 1,الهواريه,صاحب الجبل,انيس المارغني,167,agree,167,مايه وسبعه وستون,2023,قرار الهيئة لمعتمدية الهوارية__112__نابل 1.PDF,1c72V00ki-ta6xlxixVrWsgLntP1sxgKB
نابل 1,الهواريه,صاحب الجبل,علاءالدين الفرجاني ماثيه,7,digits-wrong,107,وسبعه,2023,قرار الهيئة لمعتمدية الهوارية__112__نابل 1.PDF,1c72V00ki-ta6xlxixVrWsgLntP1sxgKB
نابل 1,الهواريه,"صاحب الجبل القبليه,",وايل البريك,240,agree,240,مايتان واربعون,2023,قرار الهيئة لمعتمدية الهوارية__112__نابل 1.PDF,1c72V00ki-ta6xlxixVrWsgLntP1sxgKB
نابل 1,الهواريه,"صاحب الجبل القبليه,",عبدالجواد بنعبدالجواد,132,digits-wrong,792,مايه واثنان وثلاثون,2023,قرار الهيئة لمعتمدية الهوارية__112__نابل 1.PDF,1c72V00ki-ta6xlxixVrWsgLntP1sxgKB
نابل 1,بني خبار,الصمعه,سوار قراب,209,agree,209,مايتان وتسعه,2023,قرار الهيئة لمعتمدية بني خيار__104__نابل 1.PDF,1Jnr2vzdMyFptboetbb8OuhdPG-c7F2L2
نابل 1,بني خبار,الصمعه,عربيه شلوف,191,digits-wrong,151,مايه وواحد وتسعون,2023,قرار الهيئة لمعتمدية بني خيار__104__نابل 1.PDF,1Jnr2vzdMyFptboetbb8OuhdPG-c7F2L2
نابل 1,بني خبار,المعموره,سفيان بنسالم سبعماثه,40,digits-wrong,740,واربعون,2023,قرار الهيئة لمعتمدية بني خيار__104__نابل 1.PDF,1Jnr2vzdMyFptboetbb8OuhdPG-c7F2L2
نابل 1,بني خبار,المعموره,كريم بنعيمي ‎1‏,96,digits-wrong,596,سته وتسعون,2023,قرار الهيئة لمعتمدية بني خيار__104__نابل 1.PDF,1Jnr2vzdMyFptboetbb8OuhdPG-c7F2L2
نابل 1,بني خبار,بني خيار يتقدم الها,احمد البحري مايثتان,42,digits-wrong,212,واثنان واربعون,2023,قرار الهيئة لمعتمدية بني خيار__104__نابل 1.PDF,1Jnr2vzdMyFptboetbb8OuhdPG-c7F2L2
نابل 1,بني خبار,بني خيار يتقدم الها,شكري عميره,325,agree,325,ثلاثمايه وخمسه وعشرون,2023,قرار الهيئة لمعتمدية بني خيار__104__نابل 1.PDF,1Jnr2vzdMyFptboetbb8OuhdPG-c7F2L2
نابل 1,بني خبار,بني خيار يتقدم الها,ناجح زقدان مايثتان,38,digits-wrong,238,وثمانيه وثلاثون,2023,قرار الهيئة لمعتمدية بني خيار__104__نابل 1.PDF,1Jnr2vzdMyFptboetbb8OuhdPG-c7F2L2
نابل 1,بني خبار,بني خيار يتقدم الها,هيثم بوبكر,670,agree,670,ستمايه وسبعون,2023,قرار الهيئة لمعتمدية بني خيار__104__نابل 1.PDF,1Jnr2vzdMyFptboetbb8OuhdPG-c7F2L2
نابل 1,بني خبار,حلفاء,نورس البيشري,158,agree,158,مايه وثمانيه وخمسون,2023,قرار الهيئة لمعتمدية بني خيار__104__نابل 1.PDF,1Jnr2vzdMyFptboetbb8OuhdPG-c7F2L2
نابل 1,بني خبار,حلفاء,نجم الدين العويني ‏,95,agree,95,خمسه وتسعون,2023,قرار الهيئة لمعتمدية بني خيار__104__نابل 1.PDF,1Jnr2vzdMyFptboetbb8OuhdPG-c7F2L2
نابل 1,بني خبار,ديار بنسالم,المنصف قصدالله,164,agree,164,مايه واربعه وستون,2023,قرار الهيئة لمعتمدية بني خيار__104__نابل 1.PDF,1Jnr2vzdMyFptboetbb8OuhdPG-c7F2L2
نابل 1,حمام الغزاز,حاره الشعراء,نزار بنصالح,199,digits-wrong,159,مايه وتسعه وتسعون,2023,قرار الهيئة لمعتمدية حمام الغزاز__107__نابل 1.PDF,18n88xzp3UBbEscWhg1tMVbVOU4ONqk1N
نابل 1,حمام الغزاز,حاره الشعراء,محمد زمزم,185,agree,185,مايه وخمسه وثمانون,2023,قرار الهيئة لمعتمدية حمام الغزاز__107__نابل 1.PDF,18n88xzp3UBbEscWhg1tMVbVOU4ONqk1N
نابل 1,حمام الغزاز,حمام الغزاز1,تهاني ابنالحاج رحومه,72,agree,72,اثنان وسبعون,2023,قرار الهيئة لمعتمدية حمام الغزاز__107__نابل 1.PDF,18n88xzp3UBbEscWhg1tMVbVOU4ONqk1N
نابل 1,حمام الغزاز,حمام الغزاز1,برهان حوريه,119,agree,119,مايه وتسعه عشر,2023,قرار الهيئة لمعتمدية حمام الغزاز__107__نابل 1.PDF,18n88xzp3UBbEscWhg1tMVbVOU4ONqk1N
نابل 1,حمام الغزاز,"حمام الغزاز 2,",محمد سليم التايب ‎1‏,29,agree,29,تسعه وعشرون,2023,قرار الهيئة لمعتمدية حمام الغزاز__107__نابل 1.PDF,18n88xzp3UBbEscWhg1tMVbVOU4ONqk1N
نابل 1,حمام الغزاز,"حمام الغزاز 2,",الياس الغزي,117,digits-wrong,7,مايه وسبعه عشر,2023,قرار الهيئة لمعتمدية حمام الغزاز__107__نابل 1.PDF,18n88xzp3UBbEscWhg1tMVbVOU4ONqk1N
نابل 1,حمام الغزاز,دار,عبد الحق المسعودي,408,agree,408,اربعمايه وثمانيه,2023,قرار الهيئة لمعتمدية حمام الغزاز__107__نابل 1.PDF,18n88xzp3UBbEscWhg1tMVbVOU4ONqk1N
نابل 1,حمام الغزاز,دار,محمود الحمروني,51,agree,51,واحد وخمسون,2023,قرار الهيئة لمعتمدية حمام الغزاز__107__نابل 1.PDF,18n88xzp3UBbEscWhg1tMVbVOU4ONqk1N
نابل 1,حمام الغزاز,دار,صابر القاببي,58,agree,58,ثمانيه وخمسون,2023,قرار الهيئة لمعتمدية حمام الغزاز__107__نابل 1.PDF,18n88xzp3UBbEscWhg1tMVbVOU4ONqk1N
نابل 1,حمام الغزاز,وزدره يتقدم الها,علاءالدين بنعبدالنبي,156,agree,156,مايه وسته وخمسون,2023,قرار الهيئة لمعتمدية حمام الغزاز__107__نابل 1.PDF,18n88xzp3UBbEscWhg1tMVbVOU4ONqk1N
نابل 1,دار شعبان الفهري,الفرينين,فتحي السردوك,78,digits-wrong,8,ثمانيه وسبعون,2023,قرار الهيئة لمعتمدية دار شعبان الفهري__105__نابل 1.PDF,17-AwzPMFlaqdAOh-jVmKfMW1Dj8I0XP3
نابل 1,دار شعبان الفهري,الفرينين,خالد بنعبدالعالي,164,agree,164,مايه واربعه وستون,2023,قرار الهيئة لمعتمدية دار شعبان الفهري__105__نابل 1.PDF,17-AwzPMFlaqdAOh-jVmKfMW1Dj8I0XP3
نابل 1,دار شعبان الفهري,الفرينين,خالد التومي,55,digits-wrong,5,خمسه وخمسون,2023,قرار الهيئة لمعتمدية دار شعبان الفهري__105__نابل 1.PDF,17-AwzPMFlaqdAOh-jVmKfMW1Dj8I0XP3
نابل 1,دار شعبان الفهري,الفرينين,مصطفي بن سلامه,85,digits-wrong,5,خمسه وثمانون,2023,قرار الهيئة لمعتمدية دار شعبان الفهري__105__نابل 1.PDF,17-AwzPMFlaqdAOh-jVmKfMW1Dj8I0XP3
نابل 1,دار شعبان الفهري,الفبري 1,محمد الصوي,269,digits-wrong,09,مايتان وتسعه وستون,2023,قرار الهيئة لمعتمدية دار شعبان الفهري__105__نابل 1.PDF,17-AwzPMFlaqdAOh-jVmKfMW1Dj8I0XP3
نابل 1,دار شعبان الفهري,الفبري 1,محمد الراس,205,digits-wrong,05,مايتان وخمسه,2023,قرار الهيئة لمعتمدية دار شعبان الفهري__105__نابل 1.PDF,17-AwzPMFlaqdAOh-jVmKfMW1Dj8I0XP3
نابل 1,دار شعبان الفهري,الفهري 2,سليم حواس,159,digits-wrong,59,مايه وتسعه وخمسون,2023,قرار الهيئة لمعتمدية دار شعبان الفهري__105__نابل 1.PDF,17-AwzPMFlaqdAOh-jVmKfMW1Dj8I0XP3
نابل 1,دار شعبان الفهري,الفهري 2,هند الربودي,231,digits-wrong,31,مايتان وواحد وثلاثون,2023,قرار الهيئة لمعتمدية دار شعبان الفهري__105__نابل 1.PDF,17-AwzPMFlaqdAOh-jVmKfMW1Dj8I0XP3
نابل 1,دار شعبان الفهري,الفهري 2,جلال سويسي,220,digits-wrong,20,مايتان وعشرون,2023,قرار الهيئة لمعتمدية دار شعبان الفهري__105__نابل 1.PDF,17-AwzPMFlaqdAOh-jVmKfMW1Dj8I0XP3
نابل 1,دار شعبان الفهري,الفهري 2,سيرين العابد,24,agree,24,اربعه وعشرون,2023,قرار الهيئة لمعتمدية دار شعبان الفهري__105__نابل 1.PDF,17-AwzPMFlaqdAOh-jVmKfMW1Dj8I0XP3
نابل 1,دار شعبان الفهري,الفهري 2,ثانيه لانتخابات اعضاء المجلس المحلي لمعتمديه دار شعبان الفهري لسنه 2023 بالدايره الانتخابيه المحليه الفهري,2,digits-only,2,,2023,قرار الهيئة لمعتمدية دار شعبان الفهري__105__نابل 1.PDF,17-AwzPMFlaqdAOh-jVmKfMW1Dj8I0XP3
نابل 1,دار شعبان الفهري,دار شعبان,يوسف عبداللطيف,156,digits-wrong,6,مايه وسته وخمسون,2023,قرار الهيئة لمعتمدية دار شعبان الفهري__105__نابل 1.PDF,17-AwzPMFlaqdAOh-jVmKfMW1Dj8I0XP3
نابل 1,دار شعبان الفهري,دار شعبان,صابر الصالحي,123,digits-wrong,3,مايه وثلاثه وعشرون,2023,قرار الهيئة لمعتمدية دار شعبان الفهري__105__نابل 1.PDF,17-AwzPMFlaqdAOh-jVmKfMW1Dj8I0XP3
نابل 1,دار شعبان الفهري,دار شعبان,عبدالحكيم دوزي,96,digits-wrong,06,سته وتسعون,2023,قرار الهيئة لمعتمدية دار شعبان الفهري__105__نابل 1.PDF,17-AwzPMFlaqdAOh-jVmKfMW1Dj8I0XP3
نابل 1,دار شعبان الفهري,دار شعبان,محمد الحامي,263,digits-wrong,3,مايتان وثلاثه وستون,2023,قرار الهيئة لمعتمدية دار شعبان الفهري__105__نابل 1.PDF,17-AwzPMFlaqdAOh-jVmKfMW1Dj8I0XP3
نابل 1,دار شعبان الفهري,دار شعبان,المنذر الظاهري,110,digits-wrong,0,مايه وعشره,2023,قرار الهيئة لمعتمدية دار شعبان الفهري__105__نابل 1.PDF,17-AwzPMFlaqdAOh-jVmKfMW1Dj8I0XP3
نابل 1,دار شعبان الفهري,دارشعبان,ايمن خلف الله,110,words-only,,مايه وعشره,2023,قرار الهيئة لمعتمدية دار شعبان الفهري__105__نابل 1.PDF,17-AwzPMFlaqdAOh-jVmKfMW1Dj8I0XP3
نابل 1,دار شعبان الفهري,دارشعبان,محرز عياثي مايه وثلاثيه,20,words-only,,وعشرون,2023,قرار الهيئة لمعتمدية دار شعبان الفهري__105__نابل 1.PDF,17-AwzPMFlaqdAOh-jVmKfMW1Dj8I0XP3
نابل 1,دار شعبان الفهري,دارشعبان,كرام نصير,44,words-only,,اربعه واربعون,2023,قرار الهيئة لمعتمدية دار شعبان الفهري__105__نابل 1.PDF,17-AwzPMFlaqdAOh-jVmKfMW1Dj8I0XP3
نابل 1,دار شعبان الفهري,عمرون,عادل درهحي,96,agree,96,سته وتسعون,2023,قرار الهيئة لمعتمدية دار شعبان الفهري__105__نابل 1.PDF,17-AwzPMFlaqdAOh-jVmKfMW1Dj8I0XP3
نابل 1,دار شعبان الفهري,عمرون,حمادي بن زايد,99,digits-wrong,09,تسعه وتسعون,2023,قرار الهيئة لمعتمدية دار شعبان الفهري__105__نابل 1.PDF,17-AwzPMFlaqdAOh-jVmKfMW1Dj8I0XP3
نابل 1,دار شعبان الفهري,عمرون,اشرف دريهيمي,98,digits-wrong,038,ثمانيه وتسعون,2023,قرار الهيئة لمعتمدية دار شعبان الفهري__105__نابل 1.PDF,17-AwzPMFlaqdAOh-jVmKfMW1Dj8I0XP3
نابل 1,قربه,بني عياش,محمد امين السعيدي,125,agree,125,مايه وخمسه وعشرون,2023,قرار الهيئة لمعتمدية قربة__106__نابل 1.PDF,1H9wGGg_U-oWT_PSkeubWidYIBY7XCfn-
نابل 1,قربه,بني عياش,الياس الفه ثلاثمايه واردعه,304,digits-only,304,,2023,قرار الهيئة لمعتمدية قربة__106__نابل 1.PDF,1H9wGGg_U-oWT_PSkeubWidYIBY7XCfn-
نابل 1,قربه,بني عياش,بوك,22,digits-only,22,,2023,قرار الهيئة لمعتمدية قربة__106__نابل 1.PDF,1H9wGGg_U-oWT_PSkeubWidYIBY7XCfn-
نابل 1,قربه,بني عياش,سوسن المثلوثي,26,agree,26,سته وعشرون,2023,قرار الهيئة لمعتمدية قربة__106__نابل 1.PDF,1H9wGGg_U-oWT_PSkeubWidYIBY7XCfn-
نابل 1,قربه,بوجريده يتقدم الها,بديع بالعمري,158,agree,158,مايه وثمانيه وخمسون,2023,قرار الهيئة لمعتمدية قربة__106__نابل 1.PDF,1H9wGGg_U-oWT_PSkeubWidYIBY7XCfn-
نابل 1,قربه,بوجريده يتقدم الها,محمد بوزكري,69,agree,69,تسعه وستون,2023,قرار الهيئة لمعتمدية قربة__106__نابل 1.PDF,1H9wGGg_U-oWT_PSkeubWidYIBY7XCfn-
نابل 1,قربه,بولدين يتقدم الها,البادي العروم,75,agree,75,خمسه وسبعون,2023,قرار الهيئة لمعتمدية قربة__106__نابل 1.PDF,1H9wGGg_U-oWT_PSkeubWidYIBY7XCfn-
نابل 1,قربه,بولدين يتقدم الها,فيراز الزيادي,99,agree,99,تسعه وتسعون,2023,قرار الهيئة لمعتمدية قربة__106__نابل 1.PDF,1H9wGGg_U-oWT_PSkeubWidYIBY7XCfn-
نابل 1,قربه,بولدين يتقدم الها,علي الشبلي,108,agree,108,مايه وثمانيه,2023,قرار الهيئة لمعتمدية قربة__106__نابل 1.PDF,1H9wGGg_U-oWT_PSkeubWidYIBY7XCfn-
نابل 1,قربه,تازركه,علاءالدين الدريدي,316,agree,316,ثلاثمايه وسته عشر,2023,قرار الهيئة لمعتمدية قربة__106__نابل 1.PDF,1H9wGGg_U-oWT_PSkeubWidYIBY7XCfn-
نابل 1,قربه,تازركه,عارف ناشي,789,digits-wrong,769,سبعمايه وتسعه وثمانون,2023,قرار الهيئة لمعتمدية قربة__106__نابل 1.PDF,1H9wGGg_U-oWT_PSkeubWidYIBY7XCfn-
نابل 1,قربه,تازركه,عبدالناظر ناثي,221,agree,221,مايتان وواحد وعشرون,2023,قرار الهيئة لمعتمدية قربة__106__نابل 1.PDF,1H9wGGg_U-oWT_PSkeubWidYIBY7XCfn-
نابل 1,قربه,"ديار الحجاج, تصرح",رضا باكيرالشوشان,411,agree,411,اربعمايه واحد عشره,2023,قرار الهيئة لمعتمدية قربة__106__نابل 1.PDF,1H9wGGg_U-oWT_PSkeubWidYIBY7XCfn-
نابل 1,قربه,"ديار الحجاج, تصرح",عبدالقادر الخلفوني,71,digits-wrong,7,واحد وسبعون,2023,قرار الهيئة لمعتمدية قربة__106__نابل 1.PDF,1H9wGGg_U-oWT_PSkeubWidYIBY7XCfn-
نابل 1,قربه,"قربه الشرقيه, تصرح","زفال ,سوقان مايه واثتان",80,digits-wrong,152,وثمانون,2023,قرار الهيئة لمعتمدية قربة__106__نابل 1.PDF,1H9wGGg_U-oWT_PSkeubWidYIBY7XCfn-
نابل 1,قربه,"قربه الشرقيه, تصرح",شكري التومي,533,agree,533,خمسمايه وثلاثه وثلاثون,2023,قرار الهيئة لمعتمدية قربة__106__نابل 1.PDF,1H9wGGg_U-oWT_PSkeubWidYIBY7XCfn-
نابل 1,قربه,"قربه الشرقيه, تصرح",محمد سهيل الزري ‏,117,agree,117,مايه وسبعه عشر,2023,قرار الهيئة لمعتمدية قربة__106__نابل 1.PDF,1H9wGGg_U-oWT_PSkeubWidYIBY7XCfn-
نابل 1,قربه,"قربه الشرقيه, تصرح",محمد نجيب خليفه مايثه,38,digits-wrong,138,وثمانيه وثلاثون,2023,قرار الهيئة لمعتمدية قربة__106__نابل 1.PDF,1H9wGGg_U-oWT_PSkeubWidYIBY7XCfn-
نابل 1,قربه,قربه الغربيه يتقدم الها,عبدالقادر التلمودي,297,digits-wrong,257,مايتان وسبعه وتسعون,2023,قرار الهيئة لمعتمدية قربة__106__نابل 1.PDF,1H9wGGg_U-oWT_PSkeubWidYIBY7XCfn-
نابل 1,قربه,قربه الغربيه يتقدم الها,محسين لوت لمسماقه وسكه,70,digits-wrong,576,وسبعون,2023,قرار الهيئة لمعتمدية قربة__106__نابل 1.PDF,1H9wGGg_U-oWT_PSkeubWidYIBY7XCfn-
نابل 1,قربه,قربه الغربيه يتقدم الها,محمدالامين شعبان,453,agree,0453,اربعمايه وثلاثه وخمسون,2023,قرار الهيئة لمعتمدية قربة__106__نابل 1.PDF,1H9wGGg_U-oWT_PSkeubWidYIBY7XCfn-
نابل 1,قربه,قرعه ساسي يتقدم الها,رمزي بنعثمان,199,digits-wrong,158,مايه وتسعه وتسعون,2023,قرار الهيئة لمعتمدية قربة__106__نابل 1.PDF,1H9wGGg_U-oWT_PSkeubWidYIBY7XCfn-
نابل 1,قربه,قرعه ساسي يتقدم الها,نبيل المنصري,120,agree,120,مايه وعشرون,2023,قرار الهيئة لمعتمدية قربة__106__نابل 1.PDF,1H9wGGg_U-oWT_PSkeubWidYIBY7XCfn-
نابل 1,قربه,قرعه ساسي يتقدم الها,اسماعيل المنصري,134,agree,134,مايه واربعه وثلاثون,2023,قرار الهيئة لمعتمدية قربة__106__نابل 1.PDF,1H9wGGg_U-oWT_PSkeubWidYIBY7XCfn-
نابل 1,قليبيه,"ازمور, تصرح البييه",سوار القاضي,336,agree,336,ثلاثمايه وسته وثلاثون,2023,قرار الهيئة لمعتمدية قليبية__108__نابل 1.PDF,1WvmVd4j2AlegEdE4TG8eTP5LsMAI-1Tt
نابل 1,قليبيه,"ازمور, تصرح البييه",محمدامين المعاوي,132,agree,132,مايه واثنان وثلاثون,2023,قرار الهيئة لمعتمدية قليبية__108__نابل 1.PDF,1WvmVd4j2AlegEdE4TG8eTP5LsMAI-1Tt
نابل 1,قليبيه,قليبيه الشرقيه يتقدم,نزار بوعفيف,555,agree,555,خمسمايه وخمسه وخمسون,2023,قرار الهيئة لمعتمدية قليبية__108__نابل 1.PDF,1WvmVd4j2AlegEdE4TG8eTP5LsMAI-1Tt
نابل 1,قليبيه,قليبيه الشرقيه يتقدم,سليم الصويد,136,agree,136,مايه وسته وثلاثون,2023,قرار الهيئة لمعتمدية قليبية__108__نابل 1.PDF,1WvmVd4j2AlegEdE4TG8eTP5LsMAI-1Tt
نابل 1,قليبيه,قليبيه الشرقيه يتقدم,ثاديه مجيد,421,agree,421,اربعمايه وواحد وعشرون,2023,قرار الهيئة لمعتمدية قليبية__108__نابل 1.PDF,1WvmVd4j2AlegEdE4TG8eTP5LsMAI-1Tt
نابل 1,قليبيه,قليبيه الشرقيه يتقدم,منتتصف يجب,178,agree,178,مايه وثمانيه وسبعون,2023,قرار الهيئة لمعتمدية قليبية__108__نابل 1.PDF,1WvmVd4j2AlegEdE4TG8eTP5LsMAI-1Tt
نابل 1,قليبيه,قليبيه الشرقيه يتقدم,محمدايمن حمزه,174,agree,174,مايه واربعه وسبعون,2023,قرار الهيئة لمعتمدية قليبية__108__نابل 1.PDF,1WvmVd4j2AlegEdE4TG8eTP5LsMAI-1Tt
نابل 1,قليبيه,قليبيه الشرقيه يتقدم,احمد بنرجب,34,agree,34,اربعه وثلاثون,2023,قرار الهيئة لمعتمدية قليبية__108__نابل 1.PDF,1WvmVd4j2AlegEdE4TG8eTP5LsMAI-1Tt
نابل 1,قليبيه,"قليبيه الغربيه, تصرح",مجدي الحجام,433,digits-wrong,4133,اربعمايه وثلاثه وثلاثون,2023,قرار الهيئة لمعتمدية قليبية__108__نابل 1.PDF,1WvmVd4j2AlegEdE4TG8eTP5LsMAI-1Tt
نابل 1,قليبيه,"قليبيه الغربيه, تصرح",باسم عزيزي,178,digits-wrong,18,مايه وثمانيه وسبعون,2023,قرار الهيئة لمعتمدية قليبية__108__نابل 1.PDF,1WvmVd4j2AlegEdE4TG8eTP5LsMAI-1Tt
نابل 1,قليبيه,"قليبيه الغربيه, تصرح",الياس بن ناصف,182,digits-wrong,1862,مايه واثنان وثمانون,2023,قرار الهيئة لمعتمدية قليبية__108__نابل 1.PDF,1WvmVd4j2AlegEdE4TG8eTP5LsMAI-1Tt
نابل 1,قليبيه,ملولء تصرح البييه,عمر خديم الله,210,agree,210,مايتان وعشره,2023,قرار الهيئة لمعتمدية قليبية__108__نابل 1.PDF,1WvmVd4j2AlegEdE4TG8eTP5LsMAI-1Tt
نابل 1,قليبيه,ملولء تصرح البييه,نور الدين خديم الله,73,agree,73,ثلاثه وسبعون,2023,قرار الهيئة لمعتمدية قليبية__108__نابل 1.PDF,1WvmVd4j2AlegEdE4TG8eTP5LsMAI-1Tt
نابل 1,قليبيه,وادي الخطف,محمد الرفاعي,305,agree,305,ثلاثمايه وخمسه,2023,قرار الهيئة لمعتمدية قليبية__108__نابل 1.PDF,1WvmVd4j2AlegEdE4TG8eTP5LsMAI-1Tt
نابل 1,قليبيه,وادي الخطف,محمد ضو,521,agree,521,خمسمايه وواحد وعشرون,2023,قرار الهيئة لمعتمدية قليبية__108__نابل 1.PDF,1WvmVd4j2AlegEdE4TG8eTP5LsMAI-1Tt
نابل 1,قليبيه,وادي الخطف,جمال بنفرج,45,agree,45,خمسه واربعون,2023,قرار الهيئة لمعتمدية قليبية__108__نابل 1.PDF,1WvmVd4j2AlegEdE4TG8eTP5LsMAI-1Tt
نابل 1,منزل تميم,الرعينين,حسام بنرحومه,197,digits-wrong,107,مايه وسبعه وتسعون,2023,قرار الهيئة لمعتمدية منزل تميم__109__نابل 1.PDF,1_a5nANHNLrp4capbE8M_evrDOyzROMif
نابل 1,منزل تميم,الرعينين,حلمي سعود,499,agree,499,اربعمايه وتسعه وتسعون,2023,قرار الهيئة لمعتمدية منزل تميم__109__نابل 1.PDF,1_a5nANHNLrp4capbE8M_evrDOyzROMif
نابل 1,منزل تميم,الصقالبه يتقدم الها,مشكاه السنومي,175,agree,175,مايه وخمسه وسبعون,2023,قرار الهيئة لمعتمدية منزل تميم__109__نابل 1.PDF,1_a5nANHNLrp4capbE8M_evrDOyzROMif
نابل 1,منزل تميم,الصقالبه يتقدم الها,فوزيه بنرحومه,163,agree,163,مايه وثلاثه وستون,2023,قرار الهيئة لمعتمدية منزل تميم__109__نابل 1.PDF,1_a5nANHNLrp4capbE8M_evrDOyzROMif
نابل 1,منزل تميم,الصقالبه يتقدم الها,رامي عبود,190,digits-wrong,1530,مايه وتسعون,2023,قرار الهيئة لمعتمدية منزل تميم__109__نابل 1.PDF,1_a5nANHNLrp4capbE8M_evrDOyzROMif
نابل 1,منزل تميم,الطيب المبيري,حسني بنفضل,205,agree,205,مايتان وخمسه,2023,قرار الهيئة لمعتمدية منزل تميم__109__نابل 1.PDF,1_a5nANHNLrp4capbE8M_evrDOyzROMif
نابل 1,منزل تميم,الطيب المبيري,محمد غرس الله,306,agree,306,ثلاثمايه وسته,2023,قرار الهيئة لمعتمدية منزل تميم__109__نابل 1.PDF,1_a5nANHNLrp4capbE8M_evrDOyzROMif
نابل 1,منزل تميم,الطيب المبيري,جمال الصغير,249,agree,249,مايتان وتسعه واربعون,2023,قرار الهيئة لمعتمدية منزل تميم__109__نابل 1.PDF,1_a5nANHNLrp4capbE8M_evrDOyzROMif
نابل 1,منزل تميم,الطيب المبيري,نماد المنصوري,233,digits-wrong,2833,مايتان وثلاثه وثلاثون,2023,قرار الهيئة لمعتمدية منزل تميم__109__نابل 1.PDF,1_a5nANHNLrp4capbE8M_evrDOyzROMif
نابل 1,منزل تميم,الوديان يتقدم الها,علي التواتي,176,agree,176,مايه وسته وسبعون,2023,قرار الهيئة لمعتمدية منزل تميم__109__نابل 1.PDF,1_a5nANHNLrp4capbE8M_evrDOyzROMif
نابل 1,منزل تميم,الوديان يتقدم الها,منصور الدلاجي ماثتان,38,digits-wrong,238,وثمانيه وثلاثون,2023,قرار الهيئة لمعتمدية منزل تميم__109__نابل 1.PDF,1_a5nANHNLrp4capbE8M_evrDOyzROMif
نابل 1,منزل تميم,الوديان يتقدم الها,نزار بالماضي,165,agree,165,مايه وخمسه وستون,2023,قرار الهيئة لمعتمدية منزل تميم__109__نابل 1.PDF,1_a5nANHNLrp4capbE8M_evrDOyzROMif
نابل 1,منزل تميم,الوديان يتقدم الها,عياض الجبالي ‏,53,digits-wrong,58,ثلاثه وخمسون,2023,قرار الهيئة لمعتمدية منزل تميم__109__نابل 1.PDF,1_a5nANHNLrp4capbE8M_evrDOyzROMif
نابل 1,منزل تميم,"بني عبد العزيز,",محمد بنسليمان,165,agree,165,مايه وخمسه وستون,2023,قرار الهيئة لمعتمدية منزل تميم__109__نابل 1.PDF,1_a5nANHNLrp4capbE8M_evrDOyzROMif
نابل 1,منزل تميم,"بني عبد العزيز,",محمد ضياء الحق بنسامي,153,digits-wrong,159,مايه وثلاثه وخمسون,2023,قرار الهيئة لمعتمدية منزل تميم__109__نابل 1.PDF,1_a5nANHNLrp4capbE8M_evrDOyzROMif
نابل 1,منزل تميم,عصفورء تصرح,محمدالشارف بنمعاويه,110,agree,110,مايه وعشره,2023,قرار الهيئة لمعتمدية منزل تميم__109__نابل 1.PDF,1_a5nANHNLrp4capbE8M_evrDOyzROMif
نابل 1,منزل تميم,عصفورء تصرح,سوسن بنجدو,125,agree,125,مايه وخمسه وعشرون,2023,قرار الهيئة لمعتمدية منزل تميم__109__نابل 1.PDF,1_a5nANHNLrp4capbE8M_evrDOyzROMif
نابل 1,منزل تميم,عصفورء تصرح,عبدالقادر ضو,14,agree,14,اربعه عشر,2023,قرار الهيئة لمعتمدية منزل تميم__109__نابل 1.PDF,1_a5nANHNLrp4capbE8M_evrDOyzROMif
نابل 1,منزل تميم,علي البلهوان - (منزل,نصرالدين الجميل,142,agree,142,مايه واثنان واربعون,2023,قرار الهيئة لمعتمدية منزل تميم__109__نابل 1.PDF,1_a5nANHNLrp4capbE8M_evrDOyzROMif
نابل 1,منزل تميم,علي البلهوان - (منزل,لسعد بالعربي,335,agree,335,ثلاثمايه وخمسه وثلاثون,2023,قرار الهيئة لمعتمدية منزل تميم__109__نابل 1.PDF,1_a5nANHNLrp4capbE8M_evrDOyzROMif
نابل 1,منزل تميم,علي البلهوان - (منزل,الحسين العايش,131,agree,131,مايه وواحد وثلاثون,2023,قرار الهيئة لمعتمدية منزل تميم__109__نابل 1.PDF,1_a5nANHNLrp4capbE8M_evrDOyzROMif
نابل 1,منزل تميم,علي البلهوان - (منزل,نعيمه دبيش,195,digits-wrong,1545,مايه وخمسه وتسعون,2023,قرار الهيئة لمعتمدية منزل تميم__109__نابل 1.PDF,1_a5nANHNLrp4capbE8M_evrDOyzROMif
نابل 1,منزل تميم,"لزدين, تصرح البييه",انس بهمام,260,agree,260,مايتان وستون,2023,قرار الهيئة لمعتمدية منزل تميم__109__نابل 1.PDF,1_a5nANHNLrp4capbE8M_evrDOyzROMif
نابل 1,منزل تميم,"لزدين, تصرح البييه",وليد بالحاج بلقاسم ماثتان,83,digits-wrong,263,وثلاثه وثمانون,2023,قرار الهيئة لمعتمدية منزل تميم__109__نابل 1.PDF,1_a5nANHNLrp4capbE8M_evrDOyzROMif
نابل 1,منزل تميم,منزل حرء تصرح,معز بنعبد الله,475,agree,475,اربعمايه وخمسه وسبعون,2023,قرار الهيئة لمعتمدية منزل تميم__109__نابل 1.PDF,1_a5nANHNLrp4capbE8M_evrDOyzROMif
نابل 1,منزل تميم,منزل حرء تصرح,محمد بونني ثلاثمايه واربعه وخمسون 354 0 ا[7,520,digits-only,520,,2023,قرار الهيئة لمعتمدية منزل تميم__109__نابل 1.PDF,1_a5nANHNLrp4capbE8M_evrDOyzROMif
نابل 1,نابل,الاسواق - (نابل)؛ تصرح,امنه عراكي ‎1‏,50,agree,50,خمسون,2023,قرار الهيئة لمعتمدية نابل__110__نابل 1.PDF,1rWlFwHtEus9tTE8wHNYXf8vsbH0YiSVv
نابل 1,نابل,الحدايق - (نابل)؛ تصرح,احمد قاره علي,689,digits-wrong,669,ستمايه وتسعه وثمانون,2023,قرار الهيئة لمعتمدية نابل__110__نابل 1.PDF,1rWlFwHtEus9tTE8wHNYXf8vsbH0YiSVv
نابل 1,نابل,الحدايق - (نابل)؛ تصرح,نورالدين الاذيب,88,digits-wrong,58,ثمانيه وثمانون,2023,قرار الهيئة لمعتمدية نابل__110__نابل 1.PDF,1rWlFwHtEus9tTE8wHNYXf8vsbH0YiSVv
نابل 1,نابل,النور- (نابل) يتقدم الها,ليلي تتمبارلك,267,agree,267,مايتان وسبعه وستون,2023,قرار الهيئة لمعتمدية نابل__110__نابل 1.PDF,1rWlFwHtEus9tTE8wHNYXf8vsbH0YiSVv
نابل 1,نابل,النور- (نابل) يتقدم الها,سفيان القاسمي,286,agree,286,مايتان وسته وثمانون,2023,قرار الهيئة لمعتمدية نابل__110__نابل 1.PDF,1rWlFwHtEus9tTE8wHNYXf8vsbH0YiSVv
نابل 1,نابل,النور- (نابل) يتقدم الها,صبرين العساكره ماثه,29,digits-wrong,129,وتسعه وعشرون,2023,قرار الهيئة لمعتمدية نابل__110__نابل 1.PDF,1rWlFwHtEus9tTE8wHNYXf8vsbH0YiSVv
نابل 1,نابل,النور- (نابل) يتقدم الها,فايز الرياحي,294,digits-wrong,204,مايتان واربعه وتسعون,2023,قرار الهيئة لمعتمدية نابل__110__نابل 1.PDF,1rWlFwHtEus9tTE8wHNYXf8vsbH0YiSVv
نابل 1,نابل,الهادي شاكر - (نابل),لطفي الخفيفي,161,agree,161,مايه وواحد وستون,2023,قرار الهيئة لمعتمدية نابل__110__نابل 1.PDF,1rWlFwHtEus9tTE8wHNYXf8vsbH0YiSVv
نابل 1,نابل,الهادي شاكر - (نابل),شاكر بن سامي,184,agree,184,مايه واربعه وثمانون,2023,قرار الهيئة لمعتمدية نابل__110__نابل 1.PDF,1rWlFwHtEus9tTE8wHNYXf8vsbH0YiSVv
نابل 1,نابل,الهادي شاكر - (نابل),حياه بن علي,71,agree,71,واحد وسبعون,2023,قرار الهيئة لمعتمدية نابل__110__نابل 1.PDF,1rWlFwHtEus9tTE8wHNYXf8vsbH0YiSVv
نابل 1,نابل,بير شلوف يتقدم البها,سامي ابن الحاج,259,agree,259,مايتان وتسعه وخمسون,2023,قرار الهيئة لمعتمدية نابل__110__نابل 1.PDF,1rWlFwHtEus9tTE8wHNYXf8vsbH0YiSVv
نابل 1,نابل,بير شلوف يتقدم البها,الجيلاني سلمان,424,agree,424,اربعمايه واربعه وعشرون,2023,قرار الهيئة لمعتمدية نابل__110__نابل 1.PDF,1rWlFwHtEus9tTE8wHNYXf8vsbH0YiSVv
نابل 1,نابل,بير شلوف يتقدم البها,ماهر غلاب,183,digits-wrong,163,مايه وثلاثه وثمانون,2023,قرار الهيئة لمعتمدية نابل__110__نابل 1.PDF,1rWlFwHtEus9tTE8wHNYXf8vsbH0YiSVv
نابل 1,نابل,بير شلوف يتقدم البها,سوسن الشلي,332,agree,332,ثلاثمايه واثنان وثلاثون,2023,قرار الهيئة لمعتمدية نابل__110__نابل 1.PDF,1rWlFwHtEus9tTE8wHNYXf8vsbH0YiSVv
نابل 1,نابل,نيابوليس يتقدم البها,سليم الزواري,374,agree,374,ثلاثمايه واربعه وسبعون,2023,قرار الهيئة لمعتمدية نابل__110__نابل 1.PDF,1rWlFwHtEus9tTE8wHNYXf8vsbH0YiSVv
نابل 1,نابل,نيابوليس يتقدم البها,اريج سلمان,261,agree,261,مايتان وواحد وستون,2023,قرار الهيئة لمعتمدية نابل__110__نابل 1.PDF,1rWlFwHtEus9tTE8wHNYXf8vsbH0YiSVv
نابل 1,نابل,نيابوليس يتقدم البها,احمد لبواق,305,agree,305,ثلاثمايه وخمسه,2023,قرار الهيئة لمعتمدية نابل__110__نابل 1.PDF,1rWlFwHtEus9tTE8wHNYXf8vsbH0YiSVv
