adm4_pcode,governorate_name,delegation_name,imada_name,n_stations,n_read,read_pct,stations_with_any,any_pct,any_lo_pct,any_hi_pct,representatives,reps_per_100_stations,reps_saied,reps_zammel,reps_maghzaoui,stations_with_saied,stations_with_zammel,stations_with_maghzaoui,stations_with_saied_pct,stations_with_zammel_pct,stations_with_maghzaoui_pct,unattributed
TN115151,Tunis,Carthage,Sidi Bou Said,4,4,100.0,1,25.0,4.6,69.9,1,25.0,1,0,0,1,0,0,25.0,0.0,0.0,0
TN115152,Tunis,Carthage,Amilcar,2,2,100.0,1,50.0,9.5,90.5,1,50.0,1,0,0,1,0,0,50.0,0.0,0.0,0
TN115153,Tunis,Carthage,Carthage Byrsa,9,9,100.0,0,0.0,0.0,29.9,0,0.0,0,0,0,0,0,0,0.0,0.0,0.0,0
TN115154,Tunis,Carthage,Carthage Plage,3,3,100.0,0,0.0,0.0,56.2,0,0.0,0,0,0,0,0,0,0.0,0.0,0.0,0
TN115155,Tunis,Carthage,Le Jasmin,5,5,100.0,0,0.0,0.0,43.4,0,0.0,0,0,0,0,0,0,0.0,0.0,0.0,0
TN115156,Tunis,Carthage,Cite Mohamed Ali,2,2,100.0,0,0.0,0.0,65.8,0,0.0,0,0,0,0,0,0,0.0,0.0,0.0,0
TN115251,Tunis,Médina,La Medina,1,1,100.0,0,0.0,0.0,79.3,0,0.0,0,0,0,0,0,0,0.0,0.0,0.0,0
TN115252,Tunis,Médina,El Hafsia,6,6,100.0,1,16.7,3.0,56.4,1,16.7,1,0,0,1,0,0,16.7,0.0,0.0,0
TN115253,Tunis,Médina,Bab Benat,5,5,100.0,1,20.0,3.6,62.4,1,20.0,1,0,0,1,0,0,20.0,0.0,0.0,0
TN115254,Tunis,Médina,Souk El Nhes,1,1,100.0,1,100.0,20.7,100.0,1,100.0,1,0,0,1,0,0,100.0,0.0,0.0,0
TN115255,Tunis,Médina,El Assouak,1,1,100.0,0,0.0,0.0,79.3,0,0.0,0,0,0,0,0,0,0.0,0.0,0.0,0
TN115256,Tunis,Médina,Bab Mnara,4,4,100.0,2,50.0,15.0,85.0,2,50.0,2,0,0,2,0,0,50.0,0.0,0.0,0
TN115257,Tunis,Médina,Tourbet El Bey,5,5,100.0,1,20.0,3.6,62.4,2,40.0,1,0,1,1,0,1,20.0,0.0,20.0,0
TN115258,Tunis,Médina,El Zraria,1,1,100.0,1,100.0,20.7,100.0,1,100.0,1,0,0,1,0,0,100.0,0.0,0.0,0
TN115259,Tunis,Médina,Sidi Ali Azouz,3,3,100.0,3,100.0,43.8,100.0,3,100.0,3,0,0,3,0,0,100.0,0.0,0.0,0
TN115260,Tunis,Médina,El Taoufik,4,4,100.0,1,25.0,4.6,69.9,1,25.0,1,0,0,1,0,0,25.0,0.0,0.0,0
TN115261,Tunis,Médina,El Sabaghine,1,1,100.0,1,100.0,20.7,100.0,1,100.0,1,0,0,1,0,0,100.0,0.0,0.0,0
TN115262,Tunis,Médina,Sidi Boumendil,3,3,100.0,2,66.7,20.8,93.9,2,66.7,2,0,0,2,0,0,66.7,0.0,0.0,0
TN115351,Tunis,Bab Bhar,Bab El Bhar,10,10,100.0,3,30.0,10.8,60.3,3,30.0,1,0,2,1,0,2,10.0,0.0,20.0,0
TN115352,Tunis,Bab Bhar,Les Jardins,5,5,100.0,0,0.0,0.0,43.4,0,0.0,0,0,0,0,0,0,0.0,0.0,0.0,0
TN115353,Tunis,Bab Bhar,Lac De Tunis,2,2,100.0,0,0.0,0.0,65.8,0,0.0,0,0,0,0,0,0,0.0,0.0,0.0,0
TN115354,Tunis,Bab Bhar,Mongi Slim,1,1,100.0,0,0.0,0.0,79.3,0,0.0,0,0,0,0,0,0,0.0,0.0,0.0,0
TN115355,Tunis,Bab Bhar,Habib Thameur,5,5,100.0,0,0.0,0.0,43.4,0,0.0,0,0,0,0,0,0,0.0,0.0,0.0,0
TN115356,Tunis,Bab Bhar,Taieb El M'Hiri,1,1,100.0,0,0.0,0.0,79.3,0,0.0,0,0,0,0,0,0,0.0,0.0,0.0,0
TN115357,Tunis,Bab Bhar,Hedi Chaker,3,3,100.0,0,0.0,0.0,56.2,0,0.0,0,0,0,0,0,0,0.0,0.0,0.0,0
TN115358,Tunis,Bab Bhar,Sidi El Bahri,5,5,100.0,0,0.0,0.0,43.4,0,0.0,0,0,0,0,0,0,0.0,0.0,0.0,0
TN115451,Tunis,Bab Souika,Tronja,7,7,100.0,5,71.4,35.9,91.8,5,71.4,5,0,0,5,0,0,71.4,0.0,0.0,0
TN115452,Tunis,Bab Souika,Bab El Khadra,10,10,100.0,3,30.0,10.8,60.3,3,30.0,3,0,0,3,0,0,30.0,0.0,0.0,0
TN115453,Tunis,Bab Souika,Bab Saadoun,5,5,100.0,1,20.0,3.6,62.4,1,20.0,1,0,0,1,0,0,20.0,0.0,0.0,0
TN115454,Tunis,Bab Souika,Borj Zouara,1,1,100.0,1,100.0,20.7,100.0,1,100.0,1,0,0,1,0,0,100.0,0.0,0.0,0
TN115455,Tunis,Bab Souika,Bab El Assel,1,1,100.0,0,0.0,0.0,79.3,0,0.0,0,0,0,0,0,0,0.0,0.0,0.0,0
TN115456,Tunis,Bab Souika,El Halfaouine,7,7,100.0,2,28.6,8.2,64.1,2,28.6,2,0,0,2,0,0,28.6,0.0,0.0,0
TN115458,Tunis,Bab Souika,Bab Sidi Abdessalem,1,1,100.0,1,100.0,20.7,100.0,1,100.0,1,0,0,1,0,0,100.0,0.0,0.0,0
TN115459,Tunis,Bab Souika,Zaouiet El Bekria,1,1,100.0,1,100.0,20.7,100.0,1,100.0,1,0,0,1,0,0,100.0,0.0,0.0,0
TN115460,Tunis,Bab Souika,Hammam El Rmimi,1,1,100.0,0,0.0,0.0,79.3,0,0.0,0,0,0,0,0,0,0.0,0.0,0.0,0
TN115461,Tunis,Bab Souika,Sidi Djebali,1,1,100.0,1,100.0,20.7,100.0,2,200.0,2,0,0,1,0,0,100.0,0.0,0.0,0
TN115551,Tunis,Omrane,El Omrane,10,10,100.0,8,80.0,49.0,94.3,10,100.0,8,0,2,7,0,2,70.0,0.0,20.0,1
TN115552,Tunis,Omrane,Djebel El Ahmar,6,6,100.0,4,66.7,30.0,90.3,4,66.7,3,0,1,3,0,1,50.0,0.0,16.7,0
TN115553,Tunis,Omrane,Cite Des Oliviers,7,7,100.0,5,71.4,35.9,91.8,7,100.0,6,0,1,5,0,1,71.4,0.0,14.3,0
TN115554,Tunis,Omrane,Ras Tabia,5,5,100.0,1,20.0,3.6,62.4,1,20.0,1,0,0,1,0,0,20.0,0.0,0.0,0
TN115555,Tunis,Omrane,Bir Atig,3,3,100.0,2,66.7,20.8,93.9,2,66.7,2,0,0,2,0,0,66.7,0.0,0.0,0
TN115556,Tunis,Omrane,Oued El Sebai,3,3,100.0,2,66.7,20.8,93.9,2,66.7,2,0,0,2,0,0,66.7,0.0,0.0,0
TN115651,Tunis,Omrane Supérieur,Cite Ibn Khaldoun I,5,5,100.0,5,100.0,56.6,100.0,6,120.0,5,0,1,5,0,1,100.0,0.0,20.0,0
TN115652,Tunis,Omrane Supérieur,El Romana,7,7,100.0,7,100.0,64.6,100.0,8,114.3,7,0,1,7,0,1,100.0,0.0,14.3,0
TN115653,Tunis,Omrane Supérieur,Cite Ibn Khaldoun II,1,1,100.0,1,100.0,20.7,100.0,1,100.0,1,0,0,1,0,0,100.0,0.0,0.0,0
TN115654,Tunis,Omrane Supérieur,Cite Ibn Khaldoun VI,1,1,100.0,1,100.0,20.7,100.0,2,200.0,2,0,0,1,0,0,100.0,0.0,0.0,0
TN115655,Tunis,Omrane Supérieur,Cite El Intilaka,8,8,100.0,5,62.5,30.6,86.3,7,87.5,6,0,1,5,0,1,62.5,0.0,12.5,1
TN115656,Tunis,Omrane Supérieur,El Omrane Superieur,8,8,100.0,7,87.5,52.9,97.8,9,112.5,8,0,1,7,0,1,87.5,0.0,12.5,0
TN115657,Tunis,Omrane Supérieur,El Nassim,3,3,100.0,2,66.7,20.8,93.9,3,100.0,2,0,1,2,0,1,66.7,0.0,33.3,0
TN115658,Tunis,Omrane Supérieur,Ahmed Tlili,3,3,100.0,3,100.0,43.8,100.0,4,133.3,3,0,1,3,0,1,100.0,0.0,33.3,0
TN115659,Tunis,Omrane Supérieur,Es-Sadique,2,2,100.0,2,100.0,34.2,100.0,2,100.0,2,0,0,2,0,0,100.0,0.0,0.0,0
TN115751,Tunis,El Tahrir,Ettahrir (1),6,6,100.0,2,33.3,9.7,70.0,2,33.3,1,0,1,1,0,1,16.7,0.0,16.7,0
TN115752,Tunis,El Tahrir,Ettahrir (2),2,2,100.0,1,50.0,9.5,90.5,1,50.0,1,0,0,1,0,0,50.0,0.0,0.0,0
TN115753,Tunis,El Tahrir,Ettahrir (3),1,1,100.0,1,100.0,20.7,100.0,1,100.0,1,0,0,1,0,0,100.0,0.0,0.0,0
TN115754,Tunis,El Tahrir,Ettahrir Superieur,3,3,100.0,1,33.3,6.1,79.2,1,33.3,1,0,0,1,0,0,33.3,0.0,0.0,0
TN115755,Tunis,El Tahrir,El Hadika,2,2,100.0,1,50.0,9.5,90.5,1,50.0,1,0,0,1,0,0,50.0,0.0,0.0,0
TN115852,Tunis,El Menzah,El Menzah,9,9,100.0,1,11.1,2.0,43.5,1,11.1,1,0,0,1,0,0,11.1,0.0,0.0,0
TN115853,Tunis,El Menzah,El Fath,1,1,100.0,1,100.0,20.7,100.0,1,100.0,1,0,0,1,0,0,100.0,0.0,0.0,0
TN115854,Tunis,El Menzah,El Manar,15,15,100.0,6,40.0,19.8,64.3,7,46.7,4,0,3,4,0,3,26.7,0.0,20.0,0
TN115855,Tunis,El Menzah,El Manar (1),5,5,100.0,2,40.0,11.8,76.9,2,40.0,2,0,0,2,0,0,40.0,0.0,0.0,0
TN115951,Tunis,Cité El Khadra,Cite El Khadra,13,13,100.0,13,100.0,77.2,100.0,21,161.5,20,0,1,13,0,1,100.0,0.0,7.7,0
TN115952,Tunis,Cité El Khadra,Cite Jardin,3,3,100.0,3,100.0,43.8,100.0,5,166.7,5,0,0,3,0,0,100.0,0.0,0.0,0
TN115953,Tunis,Cité El Khadra,Ech-Charguia,1,1,100.0,1,100.0,20.7,100.0,1,100.0,1,0,0,1,0,0,100.0,0.0,0.0,0
TN115954,Tunis,Cité El Khadra,Khereiddine Pacha,1,1,100.0,1,100.0,20.7,100.0,1,100.0,1,0,0,1,0,0,100.0,0.0,0.0,0
TN115956,Tunis,Cité El Khadra,Farhat Hached,3,3,100.0,2,66.7,20.8,93.9,2,66.7,2,0,0,2,0,0,66.7,0.0,0.0,1
TN115957,Tunis,Cité El Khadra,El Bouhaira,4,4,100.0,3,75.0,30.1,95.4,3,75.0,3,0,0,3,0,0,75.0,0.0,0.0,0
TN115958,Tunis,Cité El Khadra,Hay Es Salem,1,1,100.0,1,100.0,20.7,100.0,1,100.0,1,0,0,1,0,0,100.0,0.0,0.0,0
TN116051,Tunis,Bardo,Le Bardo,11,11,100.0,3,27.3,9.7,56.6,4,36.4,3,0,1,3,0,1,27.3,0.0,9.1,0
TN116052,Tunis,Bardo,Le Bardo Nord,6,6,100.0,1,16.7,3.0,56.4,2,33.3,1,0,1,1,0,1,16.7,0.0,16.7,0
TN116053,Tunis,Bardo,Le Bardo Sud,4,4,100.0,1,25.0,4.6,69.9,1,25.0,1,0,0,1,0,0,25.0,0.0,0.0,0
TN116054,Tunis,Bardo,El Hadika,1,1,100.0,0,0.0,0.0,79.3,0,0.0,0,0,0,0,0,0,0.0,0.0,0.0,0
TN116055,Tunis,Bardo,Bou-Choucha,7,7,100.0,1,14.3,2.6,51.3,1,14.3,1,0,0,1,0,0,14.3,0.0,0.0,0
TN116056,Tunis,Bardo,Bonne Residence,2,2,100.0,0,0.0,0.0,65.8,0,0.0,0,0,0,0,0,0,0.0,0.0,0.0,0
TN116057,Tunis,Bardo,Khaznadar,13,13,100.0,4,30.8,12.7,57.6,4,30.8,3,0,1,3,0,1,23.1,0.0,7.7,0
TN116058,Tunis,Bardo,El Fath,1,1,100.0,0,0.0,0.0,79.3,0,0.0,0,0,0,0,0,0,0.0,0.0,0.0,0
TN116059,Tunis,Bardo,Ksar-Said,3,3,100.0,1,33.3,6.1,79.2,1,33.3,0,0,1,0,0,1,0.0,0.0,33.3,0
TN116060,Tunis,Bardo,Ksar-Said II,5,5,100.0,0,0.0,0.0,43.4,0,0.0,0,0,0,0,0,0,0.0,0.0,0.0,0
TN116061,Tunis,Bardo,El Bassatine,1,1,100.0,0,0.0,0.0,79.3,0,0.0,0,0,0,0,0,0,0.0,0.0,0.0,0
TN116062,Tunis,Bardo,Es-Saada,4,4,100.0,0,0.0,0.0,49.0,0,0.0,0,0,0,0,0,0,0.0,0.0,0.0,0
TN116063,Tunis,Bardo,Ksar-El Bortal,3,3,100.0,0,0.0,0.0,56.2,0,0.0,0,0,0,0,0,0,0.0,0.0,0.0,0
TN116064,Tunis,Bardo,Ibn Sina,2,2,100.0,0,0.0,0.0,65.8,0,0.0,0,0,0,0,0,0,0.0,0.0,0.0,0
TN116151,Tunis,Sijoumi,Cite Helel,5,5,100.0,2,40.0,11.8,76.9,2,40.0,2,0,0,2,0,0,40.0,0.0,0.0,0
TN116152,Tunis,Sijoumi,Ali Belhouane,6,6,100.0,5,83.3,43.6,97.0,5,83.3,5,0,0,5,0,0,83.3,0.0,0.0,0
TN116153,Tunis,Sijoumi,En-Najah,4,4,100.0,0,0.0,0.0,49.0,0,0.0,0,0,0,0,0,0,0.0,0.0,0.0,0
TN116154,Tunis,Sijoumi,Cite Des Martyrs,1,1,100.0,1,100.0,20.7,100.0,1,100.0,1,0,0,1,0,0,100.0,0.0,0.0,0
TN116155,Tunis,Sijoumi,Bir Anniba,1,1,100.0,0,0.0,0.0,79.3,0,0.0,0,0,0,0,0,0,0.0,0.0,0.0,0
TN116156,Tunis,Sijoumi,Mellassine,5,5,100.0,0,0.0,0.0,43.4,0,0.0,0,0,0,0,0,0,0.0,0.0,0.0,0
TN116251,Tunis,Ezzouhour,Ezzouhour,10,10,100.0,9,90.0,59.6,98.2,10,100.0,9,0,1,9,0,1,90.0,0.0,10.0,1
TN116252,Tunis,Ezzouhour,Ezzouhour IV,3,3,100.0,3,100.0,43.8,100.0,3,100.0,3,0,0,3,0,0,100.0,0.0,0.0,0
TN116253,Tunis,Ezzouhour,Es-Saada,2,2,100.0,2,100.0,34.2,100.0,2,100.0,2,0,0,2,0,0,100.0,0.0,0.0,0
TN116254,Tunis,Ezzouhour,Es-Soumrane,4,4,100.0,4,100.0,51.0,100.0,4,100.0,4,0,0,4,0,0,100.0,0.0,0.0,0
TN116255,Tunis,Ezzouhour,Cite Tayarane,6,6,100.0,3,50.0,18.8,81.2,3,50.0,3,0,0,3,0,0,50.0,0.0,0.0,0
TN116256,Tunis,Ezzouhour,Bach-Hamba,4,4,100.0,3,75.0,30.1,95.4,4,100.0,3,0,1,2,0,1,50.0,0.0,25.0,0
TN116351,Tunis,Hrairia,El-Hrairia,10,10,100.0,7,70.0,39.7,89.2,7,70.0,6,0,1,6,0,1,60.0,0.0,10.0,0
TN116352,Tunis,Hrairia,Ezzouhour V,13,13,100.0,11,84.6,57.8,95.7,12,92.3,11,0,1,11,0,1,84.6,0.0,7.7,1
TN116353,Tunis,Hrairia,El Akba,10,10,100.0,4,40.0,16.8,68.7,4,40.0,4,0,0,4,0,0,40.0,0.0,0.0,0
TN116354,Tunis,Hrairia,El Akba Superieur,4,4,100.0,1,25.0,4.6,69.9,1,25.0,1,0,0,1,0,0,25.0,0.0,0.0,0
TN116355,Tunis,Hrairia,Ghedir El Golla,3,3,100.0,3,100.0,43.8,100.0,3,100.0,3,0,0,3,0,0,100.0,0.0,0.0,0
TN116356,Tunis,Hrairia,El Antit,3,3,100.0,0,0.0,0.0,56.2,0,0.0,0,0,0,0,0,0,0.0,0.0,0.0,0
TN116357,Tunis,Hrairia,El Foula,3,3,100.0,2,66.7,20.8,93.9,2,66.7,2,0,0,2,0,0,66.7,0.0,0.0,0
TN116358,Tunis,Hrairia,Tarak Ibn Ziad,2,2,100.0,0,0.0,0.0,65.8,0,0.0,0,0,0,0,0,0,0.0,0.0,0.0,0
TN116359,Tunis,Hrairia,Ezzahrouni,20,20,100.0,10,50.0,29.9,70.1,12,60.0,9,0,3,9,0,3,45.0,0.0,15.0,1
TN116451,Tunis,Sidi Hassine,Borj-Chakir,6,6,100.0,5,83.3,43.6,97.0,5,83.3,5,0,0,5,0,0,83.3,0.0,0.0,0
TN116452,Tunis,Sidi Hassine,Sidi Hassine,11,11,100.0,8,72.7,43.4,90.3,9,81.8,8,0,1,8,0,1,72.7,0.0,9.1,0
TN116453,Tunis,Sidi Hassine,El Jaiara,8,8,100.0,2,25.0,7.1,59.1,2,25.0,2,0,0,2,0,0,25.0,0.0,0.0,0
TN116454,Tunis,Sidi Hassine,Attar,9,9,100.0,7,77.8,45.3,93.7,8,88.9,6,0,2,6,0,2,66.7,0.0,22.2,0
TN116455,Tunis,Sidi Hassine,20 Mars,5,5,100.0,4,80.0,37.6,96.4,5,100.0,4,0,1,4,0,1,80.0,0.0,20.0,1
TN116456,Tunis,Sidi Hassine,Byrine,5,5,100.0,4,80.0,37.6,96.4,4,80.0,4,0,0,4,0,0,80.0,0.0,0.0,2
TN116457,Tunis,Sidi Hassine,Meghiret Inzel,6,6,100.0,6,100.0,61.0,100.0,7,116.7,7,0,0,6,0,0,100.0,0.0,0.0,1
TN116458,Tunis,Sidi Hassine,25 Juillet,5,5,100.0,5,100.0,56.6,100.0,6,120.0,6,0,0,5,0,0,100.0,0.0,0.0,0
TN116459,Tunis,Sidi Hassine,14 Janvier,10,10,100.0,9,90.0,59.6,98.2,11,110.0,10,0,1,9,0,1,90.0,0.0,10.0,0
TN116551,Tunis,El Ouardia,El Ouardia,13,13,100.0,5,38.5,17.7,64.5,6,46.2,4,0,2,3,0,2,23.1,0.0,15.4,0
TN116552,Tunis,El Ouardia,Bou-Gatfa,4,4,100.0,1,25.0,4.6,69.9,2,50.0,1,0,1,1,0,1,25.0,0.0,25.0,0
TN116553,Tunis,El Ouardia,Tahar Sfar,1,1,100.0,0,0.0,0.0,79.3,0,0.0,0,0,0,0,0,0,0.0,0.0,0.0,0
TN116554,Tunis,El Ouardia,Cite El Izdihar,4,4,100.0,2,50.0,15.0,85.0,2,50.0,2,0,0,2,0,0,50.0,0.0,0.0,0
TN116555,Tunis,El Ouardia,Cite Mohamed Ali,5,5,100.0,1,20.0,3.6,62.4,2,40.0,1,0,1,1,0,1,20.0,0.0,20.0,0
TN116556,Tunis,El Ouardia,Sidi Belhassen,3,3,100.0,2,66.7,20.8,93.9,2,66.7,2,0,0,2,0,0,66.7,0.0,0.0,0
TN116651,Tunis,Kabaria,El Kabaria (1),6,6,100.0,1,16.7,3.0,56.4,2,33.3,0,0,2,0,0,1,0.0,0.0,16.7,0
TN116652,Tunis,Kabaria,El Kabaria (2),4,4,100.0,1,25.0,4.6,69.9,1,25.0,1,0,0,1,0,0,25.0,0.0,0.0,0
TN116653,Tunis,Kabaria,El Kabaria (3),5,5,100.0,3,60.0,23.1,88.2,3,60.0,2,0,1,2,0,1,40.0,0.0,20.0,0
TN116654,Tunis,Kabaria,El Kabaria (4),5,5,100.0,4,80.0,37.6,96.4,5,100.0,4,0,1,4,0,1,80.0,0.0,20.0,0
TN116655,Tunis,Kabaria,Cite Ennour,5,5,100.0,1,20.0,3.6,62.4,1,20.0,1,0,0,1,0,0,20.0,0.0,0.0,0
TN116656,Tunis,Kabaria,Ibn Sina 1,6,6,100.0,1,16.7,3.0,56.4,1,16.7,1,0,0,1,0,0,16.7,0.0,0.0,0
TN116657,Tunis,Kabaria,Ibn Sina 2,9,9,100.0,4,44.4,18.9,73.3,5,55.6,3,0,2,3,0,2,33.3,0.0,22.2,0
TN116658,Tunis,Kabaria,El Mourouj (2),10,10,100.0,2,20.0,5.7,51.0,2,20.0,2,0,0,2,0,0,20.0,0.0,0.0,0
TN116751,Tunis,Sidi El Béchir,Sidi El Bechir,2,2,100.0,0,0.0,0.0,65.8,0,0.0,0,0,0,0,0,0,0.0,0.0,0.0,0
TN116752,Tunis,Sidi El Béchir,Sidi Mansour,1,1,100.0,0,0.0,0.0,79.3,0,0.0,0,0,0,0,0,0,0.0,0.0,0.0,0
TN116753,Tunis,Sidi El Béchir,Maakel Ezzaim,1,1,100.0,0,0.0,0.0,79.3,0,0.0,0,0,0,0,0,0,0.0,0.0,0.0,0
TN116754,Tunis,Sidi El Béchir,Farhat Hached,7,7,100.0,0,0.0,0.0,35.4,0,0.0,0,0,0,0,0,0,0.0,0.0,0.0,0
TN116755,Tunis,Sidi El Béchir,Abulkacem Ech-Chebbi,5,5,100.0,0,0.0,0.0,43.4,0,0.0,0,0,0,0,0,0,0.0,0.0,0.0,0
TN116756,Tunis,Sidi El Béchir,Saida Manoubia,4,4,100.0,1,25.0,4.6,69.9,1,25.0,1,0,0,1,0,0,25.0,0.0,0.0,0
TN116851,Tunis,Jebel Jelloud,Sidi Fathallah,1,1,100.0,1,100.0,20.7,100.0,1,100.0,1,0,0,1,0,0,100.0,0.0,0.0,0
TN116852,Tunis,Jebel Jelloud,Ali Bach-Hamba,3,3,100.0,3,100.0,43.8,100.0,3,100.0,3,0,0,3,0,0,100.0,0.0,0.0,0
TN116853,Tunis,Jebel Jelloud,El Garjouma,2,2,100.0,1,50.0,9.5,90.5,1,50.0,1,0,0,1,0,0,50.0,0.0,0.0,0
TN116854,Tunis,Jebel Jelloud,Cite El Fath,6,6,100.0,4,66.7,30.0,90.3,4,66.7,4,0,0,4,0,0,66.7,0.0,0.0,0
TN116855,Tunis,Jebel Jelloud,Es-Sebkha,1,1,100.0,0,0.0,0.0,79.3,0,0.0,0,0,0,0,0,0,0.0,0.0,0.0,0
TN116856,Tunis,Jebel Jelloud,El Afrane,2,2,100.0,1,50.0,9.5,90.5,1,50.0,1,0,0,1,0,0,50.0,0.0,0.0,0
TN116857,Tunis,Jebel Jelloud,Djebel Djeloud,3,3,100.0,2,66.7,20.8,93.9,2,66.7,2,0,0,2,0,0,66.7,0.0,0.0,0
TN116951,Tunis,La Goulette,La Goulette,8,8,100.0,6,75.0,40.9,92.9,6,75.0,6,0,0,6,0,0,75.0,0.0,0.0,0
TN116952,Tunis,La Goulette,La Goulette Casino,1,1,100.0,1,100.0,20.7,100.0,1,100.0,1,0,0,1,0,0,100.0,0.0,0.0,0
TN116953,Tunis,La Goulette,Kheireddine,3,3,100.0,1,33.3,6.1,79.2,1,33.3,1,0,0,1,0,0,33.3,0.0,0.0,0
TN116954,Tunis,La Goulette,Taieb Mhiri,20,20,100.0,11,55.0,34.2,74.2,11,55.0,11,0,0,11,0,0,55.0,0.0,0.0,0
TN116955,Tunis,La Goulette,Cite Essalama,2,2,100.0,0,0.0,0.0,65.8,0,0.0,0,0,0,0,0,0,0.0,0.0,0.0,0
TN117051,Tunis,Le Kram,Le Kram Est,11,11,100.0,11,100.0,74.1,100.0,11,100.0,11,0,0,11,0,0,100.0,0.0,0.0,0
TN117052,Tunis,Le Kram,Erriadh,6,6,100.0,2,33.3,9.7,70.0,2,33.3,2,0,0,2,0,0,33.3,0.0,0.0,0
TN117053,Tunis,Le Kram,El Bouhaira,8,8,100.0,6,75.0,40.9,92.9,6,75.0,6,0,0,6,0,0,75.0,0.0,0.0,0
TN117054,Tunis,Le Kram,Sidi Fredj,3,3,100.0,3,100.0,43.8,100.0,3,100.0,3,0,0,3,0,0,100.0,0.0,0.0,0
TN117055,Tunis,Le Kram,Le Kram Ouest,8,8,100.0,1,12.5,2.2,47.1,1,12.5,1,0,0,1,0,0,12.5,0.0,0.0,0
TN117056,Tunis,Le Kram,Sidi Amor,1,1,100.0,0,0.0,0.0,79.3,0,0.0,0,0,0,0,0,0,0.0,0.0,0.0,0
TN117057,Tunis,Le Kram,Bir El Helou,3,3,100.0,0,0.0,0.0,56.2,0,0.0,0,0,0,0,0,0,0.0,0.0,0.0,0
TN117151,Tunis,La Marsa,La Marsa Plage,5,5,100.0,3,60.0,23.1,88.2,6,120.0,2,0,4,2,0,3,40.0,0.0,60.0,3
TN117152,Tunis,La Marsa,La Marsa Medina,18,18,100.0,6,33.3,16.3,56.3,6,33.3,6,0,0,6,0,0,33.3,0.0,0.0,0
TN117153,Tunis,La Marsa,La Marsa Hadayek,4,4,100.0,2,50.0,15.0,85.0,2,50.0,2,0,0,2,0,0,50.0,0.0,0.0,1
TN117154,Tunis,La Marsa,La Marsa Erriadh,15,15,100.0,8,53.3,30.1,75.2,8,53.3,8,0,0,8,0,0,53.3,0.0,0.0,0
TN117155,Tunis,La Marsa,Er-Rmila,4,4,100.0,4,100.0,51.0,100.0,6,150.0,6,0,0,4,0,0,100.0,0.0,0.0,0
TN117156,Tunis,La Marsa,La Marsa El Montazeh,1,1,100.0,1,100.0,20.7,100.0,1,100.0,1,0,0,1,0,0,100.0,0.0,0.0,0
TN117157,Tunis,La Marsa,Gammarth,8,8,100.0,4,50.0,21.5,78.5,4,50.0,4,0,0,4,0,0,50.0,0.0,0.0,0
TN117158,Tunis,La Marsa,Gammarth Superieur,1,1,100.0,1,100.0,20.7,100.0,1,100.0,1,0,0,1,0,0,100.0,0.0,0.0,0
TN117159,Tunis,La Marsa,Sidi Daoued,8,8,100.0,1,12.5,2.2,47.1,1,12.5,1,0,0,1,0,0,12.5,0.0,0.0,0
TN117160,Tunis,La Marsa,El Bahr El Azrak,8,8,100.0,3,37.5,13.7,69.4,3,37.5,3,0,0,3,0,0,37.5,0.0,0.0,0
TN125151,Ariana,Ariana Médina,La Nouvelle Ariana,5,5,100.0,3,60.0,23.1,88.2,3,60.0,3,0,0,3,0,0,60.0,0.0,0.0,0
TN125152,Ariana,Ariana Médina,Ariana Superieur,14,13,92.9,8,61.5,35.5,82.3,8,61.5,8,0,0,8,0,0,61.5,0.0,0.0,0
TN125153,Ariana,Ariana Médina,L'Ariana Ville,10,8,80.0,8,100.0,67.6,100.0,11,137.5,10,0,1,8,0,1,100.0,0.0,12.5,0
TN125154,Ariana,Ariana Médina,El Menzah V,7,7,100.0,4,57.1,25.0,84.2,5,71.4,5,0,0,4,0,0,57.1,0.0,0.0,0
TN125155,Ariana,Ariana Médina,El Menzah VI,9,9,100.0,7,77.8,45.3,93.7,7,77.8,7,0,0,7,0,0,77.8,0.0,0.0,0
TN125156,Ariana,Ariana Médina,Etaamir,7,7,100.0,3,42.9,15.8,75.0,3,42.9,3,0,0,3,0,0,42.9,0.0,0.0,0
TN125157,Ariana,Ariana Médina,El Yasmina,16,15,93.8,12,80.0,54.8,93.0,12,80.0,12,0,0,12,0,0,80.0,0.0,0.0,0
TN125158,Ariana,Ariana Médina,Ennasr 1,9,9,100.0,4,44.4,18.9,73.3,4,44.4,4,0,0,4,0,0,44.4,0.0,0.0,0
TN125159,Ariana,Ariana Médina,Ennasr 2,18,16,88.9,11,68.8,44.4,85.8,14,87.5,13,0,1,11,0,1,68.8,0.0,6.2,0
TN125251,Ariana,Soukra,Soukra,17,16,94.1,4,25.0,10.2,49.5,4,25.0,4,0,0,4,0,0,25.0,0.0,0.0,0
TN125252,Ariana,Soukra,Dar Fadhal,12,12,100.0,4,33.3,13.8,60.9,4,33.3,4,0,0,4,0,0,33.3,0.0,0.0,1
TN125253,Ariana,Soukra,El Bessatine,5,5,100.0,3,60.0,23.1,88.2,3,60.0,3,0,0,3,0,0,60.0,0.0,0.0,0
TN125254,Ariana,Soukra,Chotrana,8,8,100.0,3,37.5,13.7,69.4,3,37.5,3,0,0,3,0,0,37.5,0.0,0.0,0
TN125255,Ariana,Soukra,Borj El Ouzir,8,8,100.0,0,0.0,0.0,32.4,0,0.0,0,0,0,0,0,0,0.0,0.0,0.0,0
TN125256,Ariana,Soukra,Ennasim,17,16,94.1,7,43.8,23.1,66.8,9,56.2,9,0,0,7,0,0,43.8,0.0,0.0,0
TN125257,Ariana,Soukra,Ettaamir,13,10,76.9,6,60.0,31.3,83.2,6,60.0,6,0,0,6,0,0,60.0,0.0,0.0,0
TN125351,Ariana,Raoued,Jaafer,13,13,100.0,4,30.8,12.7,57.6,4,30.8,4,0,0,4,0,0,30.8,0.0,0.0,0
TN125352,Ariana,Raoued,Enkhilet,12,10,83.3,3,30.0,10.8,60.3,3,30.0,3,0,0,3,0,0,30.0,0.0,0.0,0
TN125353,Ariana,Raoued,El Medina El Fadhila,7,7,100.0,5,71.4,35.9,91.8,5,71.4,5,0,0,5,0,0,71.4,0.0,0.0,0
TN125354,Ariana,Raoued,El Ghazala,11,11,100.0,2,18.2,5.1,47.7,2,18.2,2,0,0,2,0,0,18.2,0.0,0.0,0
TN125355,Ariana,Raoued,Raoued,11,10,90.9,6,60.0,31.3,83.2,6,60.0,6,0,0,6,0,0,60.0,0.0,0.0,0
TN125356,Ariana,Raoued,Bourj Ettouil,7,5,71.4,2,40.0,11.8,76.9,2,40.0,2,0,0,2,0,0,40.0,0.0,0.0,0
TN125357,Ariana,Raoued,Sidi Amor Bou Khtioua,8,8,100.0,0,0.0,0.0,32.4,0,0.0,0,0,0,0,0,0,0.0,0.0,0.0,0
TN125451,Ariana,Kalaat El Andalous,Kalaat El Andalous Est,7,7,100.0,7,100.0,64.6,100.0,7,100.0,7,0,0,7,0,0,100.0,0.0,0.0,0
TN125452,Ariana,Kalaat El Andalous,Kalaat El Andalous Ouest,7,7,100.0,6,85.7,48.7,97.4,6,85.7,6,0,0,6,0,0,85.7,0.0,0.0,0
TN125453,Ariana,Kalaat El Andalous,Pont De Bizerte,2,2,100.0,2,100.0,34.2,100.0,2,100.0,2,0,0,2,0,0,100.0,0.0,0.0,0
TN125454,Ariana,Kalaat El Andalous,Bou Hanach,2,2,100.0,2,100.0,34.2,100.0,2,100.0,2,0,0,2,0,0,100.0,0.0,0.0,0
TN125455,Ariana,Kalaat El Andalous,El Hessiane,2,2,100.0,1,50.0,9.5,90.5,1,50.0,1,0,0,1,0,0,50.0,0.0,0.0,0
TN125456,Ariana,Kalaat El Andalous,Ennahli,2,2,100.0,1,50.0,9.5,90.5,1,50.0,1,0,0,1,0,0,50.0,0.0,0.0,0
TN125551,Ariana,Sidi Thabet,Sidi Thabet,8,8,100.0,4,50.0,21.5,78.5,4,50.0,4,0,0,4,0,0,50.0,0.0,0.0,0
TN125552,Ariana,Sidi Thabet,Bejaoua,2,2,100.0,2,100.0,34.2,100.0,2,100.0,2,0,0,2,0,0,100.0,0.0,0.0,0
TN125553,Ariana,Sidi Thabet,Mongi Slim,4,4,100.0,2,50.0,15.0,85.0,2,50.0,2,0,0,2,0,0,50.0,0.0,0.0,0
TN125554,Ariana,Sidi Thabet,Cebalet Ben Ammar,5,5,100.0,3,60.0,23.1,88.2,3,60.0,3,0,0,3,0,0,60.0,0.0,0.0,0
TN125555,Ariana,Sidi Thabet,Chorfech,3,3,100.0,3,100.0,43.8,100.0,3,100.0,3,0,0,3,0,0,100.0,0.0,0.0,0
TN125651,Ariana,Ettadhamen,Cite Ettadhamen,19,19,100.0,18,94.7,75.4,99.1,20,105.3,20,0,0,18,0,0,94.7,0.0,0.0,0
TN125652,Ariana,Ettadhamen,Ibn Khaldoun,1,1,100.0,1,100.0,20.7,100.0,1,100.0,1,0,0,1,0,0,100.0,0.0,0.0,0
TN125654,Ariana,Ettadhamen,18 Janvier,18,18,100.0,13,72.2,49.1,87.5,13,72.2,13,0,0,13,0,0,72.2,0.0,0.0,2
TN125655,Ariana,Ettadhamen,20 Mars,6,6,100.0,6,100.0,61.0,100.0,6,100.0,6,0,0,6,0,0,100.0,0.0,0.0,0
TN125656,Ariana,Ettadhamen,Mongi Slim,5,5,100.0,5,100.0,56.6,100.0,6,120.0,6,0,0,5,0,0,100.0,0.0,0.0,0
TN125658,Ariana,Ettadhamen,Abulkassem Ech-Chebbi,2,2,100.0,1,50.0,9.5,90.5,1,50.0,1,0,0,1,0,0,50.0,0.0,0.0,0
TN125659,Ariana,Ettadhamen,Khaireddine Pacha,1,1,100.0,1,100.0,20.7,100.0,1,100.0,1,0,0,1,0,0,100.0,0.0,0.0,0
TN125751,Ariana,Mnihla,El Mnihla,10,10,100.0,8,80.0,49.0,94.3,9,90.0,8,0,1,8,0,1,80.0,0.0,10.0,0
TN125752,Ariana,Mnihla,Errafaha,13,13,100.0,11,84.6,57.8,95.7,11,84.6,11,0,0,11,0,0,84.6,0.0,0.0,0
TN125753,Ariana,Mnihla,En-Nasr,19,18,94.7,14,77.8,54.8,91.0,15,83.3,14,0,1,14,0,1,77.8,0.0,5.6,1
TN125754,Ariana,Mnihla,El-Bassatine,11,10,90.9,6,60.0,31.3,83.2,6,60.0,6,0,0,6,0,0,60.0,0.0,0.0,0
TN125755,Ariana,Mnihla,15 Octobre,4,4,100.0,3,75.0,30.1,95.4,3,75.0,3,0,0,3,0,0,75.0,0.0,0.0,0
TN135151,Ben Arous,Ben Arous,Ben Arous Est,8,8,100.0,3,37.5,13.7,69.4,3,37.5,2,0,1,2,0,1,25.0,0.0,12.5,1
TN135152,Ben Arous,Ben Arous,Cite Ibn Arafa,1,1,100.0,1,100.0,20.7,100.0,1,100.0,1,0,0,1,0,0,100.0,0.0,0.0,0
TN135153,Ben Arous,Ben Arous,El Mehiri,3,3,100.0,1,33.3,6.1,79.2,1,33.3,1,0,0,1,0,0,33.3,0.0,0.0,0
TN135154,Ben Arous,Ben Arous,Ben Arous Ouest,5,5,100.0,1,20.0,3.6,62.4,1,20.0,1,0,0,1,0,0,20.0,0.0,0.0,0
TN135155,Ben Arous,Ben Arous,Sidi Ben Arous,7,7,100.0,2,28.6,8.2,64.1,2,28.6,2,0,0,2,0,0,28.6,0.0,0.0,0
TN135156,Ben Arous,Ben Arous,Cite El Iskane,4,4,100.0,0,0.0,0.0,49.0,0,0.0,0,0,0,0,0,0,0.0,0.0,0.0,0
TN135251,Ben Arous,Nouvelle Médina,La Nouvelle Medina (1),6,6,100.0,1,16.7,3.0,56.4,1,16.7,1,0,0,1,0,0,16.7,0.0,0.0,0
TN135252,Ben Arous,Nouvelle Médina,La Nouvelle Medina (2),5,5,100.0,2,40.0,11.8,76.9,2,40.0,2,0,0,2,0,0,40.0,0.0,0.0,0
TN135253,Ben Arous,Nouvelle Médina,Sidi Mosbah,10,10,100.0,4,40.0,16.8,68.7,4,40.0,4,0,0,4,0,0,40.0,0.0,0.0,0
TN135254,Ben Arous,Nouvelle Médina,El Yasminet,16,16,100.0,4,25.0,10.2,49.5,4,25.0,3,0,1,3,0,1,18.8,0.0,6.2,0
TN135255,Ben Arous,Nouvelle Médina,Errabta,7,7,100.0,3,42.9,15.8,75.0,3,42.9,3,0,0,3,0,0,42.9,0.0,0.0,0
TN135351,Ben Arous,El Mourouj,El Mourouj (1),16,16,100.0,3,18.8,6.6,43.0,3,18.8,0,0,3,0,0,3,0.0,0.0,18.8,0
TN135352,Ben Arous,El Mourouj,El Mourouj (3),20,20,100.0,4,20.0,8.1,41.6,4,20.0,3,0,1,3,0,1,15.0,0.0,5.0,0
TN135353,Ben Arous,El Mourouj,El Mourouj (4),10,10,100.0,2,20.0,5.7,51.0,2,20.0,1,0,1,1,0,1,10.0,0.0,10.0,0
TN135354,Ben Arous,El Mourouj,El Mourouj (5),19,19,100.0,5,26.3,11.8,48.8,5,26.3,5,0,0,5,0,0,26.3,0.0,0.0,0
TN135355,Ben Arous,El Mourouj,Bir Kassaa,2,2,100.0,1,50.0,9.5,90.5,1,50.0,0,0,1,0,0,1,0.0,0.0,50.0,0
TN135356,Ben Arous,El Mourouj,Farhat Hached,5,5,100.0,2,40.0,11.8,76.9,2,40.0,2,0,0,2,0,0,40.0,0.0,0.0,0
TN135451,Ben Arous,Hammam Lif,Hammam Lif Ville,16,16,100.0,4,25.0,10.2,49.5,4,25.0,3,0,1,3,0,1,18.8,0.0,6.2,0
TN135452,Ben Arous,Hammam Lif,Hammem Lif Ville 2,1,1,100.0,1,100.0,20.7,100.0,1,100.0,1,0,0,1,0,0,100.0,0.0,0.0,0
TN135453,Ben Arous,Hammam Lif,Hammem Lif Bou Kornine,6,6,100.0,0,0.0,0.0,39.0,0,0.0,0,0,0,0,0,0,0.0,0.0,0.0,0
TN135454,Ben Arous,Hammam Lif,Farhat Hached,1,1,100.0,1,100.0,20.7,100.0,2,200.0,2,0,0,1,0,0,100.0,0.0,0.0,0
TN135455,Ben Arous,Hammam Lif,Hammam Lif El Malaab,5,5,100.0,2,40.0,11.8,76.9,2,40.0,2,0,0,2,0,0,40.0,0.0,0.0,0
TN135456,Ben Arous,Hammam Lif,Cite Mohamed Ali,6,6,100.0,3,50.0,18.8,81.2,3,50.0,3,0,0,3,0,0,50.0,0.0,0.0,0
TN135551,Ben Arous,Hammam Chott,Bir El Bey,6,6,100.0,4,66.7,30.0,90.3,4,66.7,4,0,0,4,0,0,66.7,0.0,0.0,0
TN135552,Ben Arous,Hammam Chott,Borj Cedria,10,8,80.0,3,37.5,13.7,69.4,3,37.5,3,0,0,3,0,0,37.5,0.0,0.0,0
TN135553,Ben Arous,Hammam Chott,Hammem Chatt,9,9,100.0,1,11.1,2.0,43.5,1,11.1,1,0,0,1,0,0,11.1,0.0,0.0,0
TN135651,Ben Arous,Boumhel,Bou Mhel,9,9,100.0,2,22.2,6.3,54.7,2,22.2,2,0,0,2,0,0,22.2,0.0,0.0,0
TN135652,Ben Arous,Boumhel,El Bassatine,11,11,100.0,3,27.3,9.7,56.6,3,27.3,3,0,0,3,0,0,27.3,0.0,0.0,0
TN135653,Ben Arous,Boumhel,Chela,6,6,100.0,4,66.7,30.0,90.3,4,66.7,4,0,0,4,0,0,66.7,0.0,0.0,0
TN135654,Ben Arous,Boumhel,El Bassatine El Gharbya,2,2,100.0,1,50.0,9.5,90.5,1,50.0,1,0,0,1,0,0,50.0,0.0,0.0,0
TN135751,Ben Arous,Ezzahra,Ez-Zahra Ville,10,10,100.0,3,30.0,10.8,60.3,3,30.0,2,0,1,2,0,1,20.0,0.0,10.0,0
TN135752,Ben Arous,Ezzahra,Cite El Habib,10,10,100.0,0,0.0,0.0,27.8,0,0.0,0,0,0,0,0,0,0.0,0.0,0.0,1
TN135753,Ben Arous,Ezzahra,18 Janvier,6,6,100.0,0,0.0,0.0,39.0,0,0.0,0,0,0,0,0,0,0.0,0.0,0.0,0
TN135754,Ben Arous,Ezzahra,Borj El Louzir,2,2,100.0,0,0.0,0.0,65.8,0,0.0,0,0,0,0,0,0,0.0,0.0,0.0,0
TN135851,Ben Arous,Radès,Rades Ville,13,13,100.0,12,92.3,66.7,98.6,12,92.3,12,0,0,12,0,0,92.3,0.0,0.0,1
TN135852,Ben Arous,Radès,Rades Mellaha,5,5,100.0,3,60.0,23.1,88.2,3,60.0,3,0,0,3,0,0,60.0,0.0,0.0,0
TN135853,Ben Arous,Radès,Taieb Mehiri,6,6,100.0,5,83.3,43.6,97.0,5,83.3,5,0,0,5,0,0,83.3,0.0,0.0,0
TN135854,Ben Arous,Radès,Rades Remada,9,9,100.0,7,77.8,45.3,93.7,7,77.8,7,0,0,7,0,0,77.8,0.0,0.0,0
TN135855,Ben Arous,Radès,Mongi Slim,1,1,100.0,1,100.0,20.7,100.0,1,100.0,1,0,0,1,0,0,100.0,0.0,0.0,0
TN135856,Ben Arous,Radès,Rades Foret,3,3,100.0,3,100.0,43.8,100.0,3,100.0,3,0,0,3,0,0,100.0,0.0,0.0,0
TN135857,Ben Arous,Radès,Rades Meliane,5,5,100.0,5,100.0,56.6,100.0,5,100.0,5,0,0,5,0,0,100.0,0.0,0.0,0
TN135858,Ben Arous,Radès,Noubou,2,2,100.0,2,100.0,34.2,100.0,2,100.0,2,0,0,2,0,0,100.0,0.0,0.0,0
TN135951,Ben Arous,Mégrine,Megrine Superieure,5,5,100.0,5,100.0,56.6,100.0,5,100.0,5,0,0,5,0,0,100.0,0.0,0.0,0
TN135952,Ben Arous,Mégrine,Megrine Riadh,3,3,100.0,2,66.7,20.8,93.9,2,66.7,2,0,0,2,0,0,66.7,0.0,0.0,0
TN135953,Ben Arous,Mégrine,Jawhara,3,3,100.0,3,100.0,43.8,100.0,3,100.0,3,0,0,3,0,0,100.0,0.0,0.0,0
TN135954,Ben Arous,Mégrine,Menzel Mabrouk,1,1,100.0,1,100.0,20.7,100.0,1,100.0,1,0,0,1,0,0,100.0,0.0,0.0,0
TN135955,Ben Arous,Mégrine,Megrine Chaker,5,4,80.0,4,100.0,51.0,100.0,4,100.0,4,0,0,4,0,0,100.0,0.0,0.0,0
TN135956,Ben Arous,Mégrine,Megrine Chaker (2),3,3,100.0,2,66.7,20.8,93.9,2,66.7,2,0,0,2,0,0,66.7,0.0,0.0,0
TN135957,Ben Arous,Mégrine,Sidi Rezig,2,2,100.0,2,100.0,34.2,100.0,2,100.0,2,0,0,2,0,0,100.0,0.0,0.0,0
TN135958,Ben Arous,Mégrine,Sidi Rezig (2),1,1,100.0,1,100.0,20.7,100.0,1,100.0,1,0,0,1,0,0,100.0,0.0,0.0,0
TN136051,Ben Arous,M'Hamdia,Mohamedia,17,17,100.0,7,41.2,21.6,64.0,7,41.2,6,0,1,6,0,1,35.3,0.0,5.9,0
TN136052,Ben Arous,M'Hamdia,Mongi Selim,10,10,100.0,6,60.0,31.3,83.2,7,70.0,6,0,1,6,0,1,60.0,0.0,10.0,0
TN136053,Ben Arous,M'Hamdia,Cite Es-Saada,11,11,100.0,4,36.4,15.2,64.6,5,45.5,4,0,1,4,0,1,36.4,0.0,9.1,0
TN136054,Ben Arous,M'Hamdia,Cite El Nassim,11,11,100.0,4,36.4,15.2,64.6,6,54.5,3,0,3,3,0,3,27.3,0.0,27.3,0
TN136055,Ben Arous,M'Hamdia,Sidi Frej,2,2,100.0,2,100.0,34.2,100.0,3,150.0,3,0,0,2,0,0,100.0,0.0,0.0,0
TN136151,Ben Arous,Fouchana,Fouchana,12,12,100.0,5,41.7,19.3,68.0,6,50.0,5,0,1,5,0,1,41.7,0.0,8.3,2
TN136152,Ben Arous,Fouchana,Cite El Mostakbel,7,7,100.0,6,85.7,48.7,97.4,7,100.0,5,0,2,5,0,2,71.4,0.0,28.6,0
TN136153,Ben Arous,Fouchana,El Hidhab,11,11,100.0,7,63.6,35.4,84.8,7,63.6,5,0,2,5,0,2,45.5,0.0,18.2,1
TN136154,Ben Arous,Fouchana,El Mghira,5,5,100.0,4,80.0,37.6,96.4,4,80.0,4,0,0,4,0,0,80.0,0.0,0.0,0
TN136155,Ben Arous,Fouchana,Naassen,14,13,92.9,5,38.5,17.7,64.5,6,46.2,4,0,2,4,0,2,30.8,0.0,15.4,1
TN136156,Ben Arous,Fouchana,Chebeda,3,3,100.0,3,100.0,43.8,100.0,4,133.3,4,0,0,3,0,0,100.0,0.0,0.0,0
TN136157,Ben Arous,Fouchana,Douar Elhouch,3,3,100.0,3,100.0,43.8,100.0,3,100.0,3,0,0,3,0,0,100.0,0.0,0.0,0
TN136251,Ben Arous,Mornag,Mornag,13,13,100.0,4,30.8,12.7,57.6,4,30.8,4,0,0,4,0,0,30.8,0.0,0.0,0
TN136252,Ben Arous,Mornag,Mornag Ouest,5,5,100.0,4,80.0,37.6,96.4,4,80.0,4,0,0,4,0,0,80.0,0.0,0.0,0
TN136253,Ben Arous,Mornag,Khelidia,4,4,100.0,2,50.0,15.0,85.0,2,50.0,2,0,0,2,0,0,50.0,0.0,0.0,0
TN136254,Ben Arous,Mornag,Ez-Zaouia,4,4,100.0,0,0.0,0.0,49.0,0,0.0,0,0,0,0,0,0,0.0,0.0,0.0,0
TN136255,Ben Arous,Mornag,Djebel Ressas,3,3,100.0,1,33.3,6.1,79.2,1,33.3,1,0,0,1,0,0,33.3,0.0,0.0,0
TN136256,Ben Arous,Mornag,Sidi Salem El Garsi,2,2,100.0,1,50.0,9.5,90.5,1,50.0,1,0,0,1,0,0,50.0,0.0,0.0,0
TN136257,Ben Arous,Mornag,Kabouti,2,2,100.0,0,0.0,0.0,65.8,0,0.0,0,0,0,0,0,0,0.0,0.0,0.0,0
TN136258,Ben Arous,Mornag,Ain Rekad,2,2,100.0,1,50.0,9.5,90.5,1,50.0,1,0,0,1,0,0,50.0,0.0,0.0,0
TN136259,Ben Arous,Mornag,El Gounna,1,1,100.0,1,100.0,20.7,100.0,2,200.0,2,0,0,1,0,0,100.0,0.0,0.0,0
TN136260,Ben Arous,Mornag,Sidi Saad,4,4,100.0,3,75.0,30.1,95.4,4,100.0,4,0,0,3,0,0,75.0,0.0,0.0,0
TN136261,Ben Arous,Mornag,Essalem,4,4,100.0,2,50.0,15.0,85.0,2,50.0,2,0,0,2,0,0,50.0,0.0,0.0,0
TN136262,Ben Arous,Mornag,Errisala,3,3,100.0,1,33.3,6.1,79.2,1,33.3,1,0,0,1,0,0,33.3,0.0,0.0,0
TN136263,Ben Arous,Mornag,Oudna,3,3,100.0,1,33.3,6.1,79.2,1,33.3,1,0,0,1,0,0,33.3,0.0,0.0,0
TN136264,Ben Arous,Mornag,El Kessibi,2,2,100.0,2,100.0,34.2,100.0,2,100.0,2,0,0,2,0,0,100.0,0.0,0.0,0
TN145151,Manubah,Manouba,Manouba,17,17,100.0,4,23.5,9.6,47.3,5,29.4,4,0,1,4,0,1,23.5,0.0,5.9,1
TN145152,Manubah,Manouba,Manouba Centre,6,4,66.7,0,0.0,0.0,49.0,0,0.0,0,0,0,0,0,0,0.0,0.0,0.0,0
TN145153,Manubah,Manouba,Sidi Amor,6,6,100.0,1,16.7,3.0,56.4,1,16.7,1,0,0,1,0,0,16.7,0.0,0.0,0
TN145154,Manubah,Manouba,Den-Den,15,15,100.0,10,66.7,41.7,84.8,10,66.7,8,0,2,8,0,2,53.3,0.0,13.3,0
TN145155,Manubah,Manouba,Ksar-Said,5,5,100.0,3,60.0,23.1,88.2,3,60.0,3,0,0,3,0,0,60.0,0.0,0.0,0
TN145156,Manubah,Manouba,Den-Den Sud,3,3,100.0,2,66.7,20.8,93.9,4,133.3,4,0,0,2,0,0,66.7,0.0,0.0,0
TN145251,Manubah,Douar Hicher,Douar Hicher,17,15,88.2,5,33.3,15.2,58.3,5,33.3,5,0,0,5,0,0,33.3,0.0,0.0,0
TN145252,Manubah,Douar Hicher,Khaled Ibn El Oualid,15,15,100.0,5,33.3,15.2,58.3,5,33.3,5,0,0,5,0,0,33.3,0.0,0.0,1
TN145253,Manubah,Douar Hicher,Cite Er-Riadh,8,8,100.0,4,50.0,21.5,78.5,4,50.0,4,0,0,4,0,0,50.0,0.0,0.0,0
TN145254,Manubah,Douar Hicher,Cite Ennassim,2,1,50.0,1,100.0,20.7,100.0,1,100.0,1,0,0,1,0,0,100.0,0.0,0.0,0
TN145255,Manubah,Douar Hicher,Cite Ech-Chabeb,9,8,88.9,3,37.5,13.7,69.4,4,50.0,3,0,1,3,0,1,37.5,0.0,12.5,0
TN145351,Manubah,Oued Ellil,Oued Ellil,7,7,100.0,4,57.1,25.0,84.2,5,71.4,3,0,2,3,0,2,42.9,0.0,28.6,0
TN145352,Manubah,Oued Ellil,Es Saida,6,6,100.0,5,83.3,43.6,97.0,7,116.7,7,0,0,5,0,0,83.3,0.0,0.0,0
TN145353,Manubah,Oued Ellil,Er Riadh,2,2,100.0,0,0.0,0.0,65.8,0,0.0,0,0,0,0,0,0,0.0,0.0,0.0,0
TN145354,Manubah,Oued Ellil,Cite El Ouerd,8,8,100.0,7,87.5,52.9,97.8,8,100.0,7,0,1,7,0,1,87.5,0.0,12.5,0
TN145355,Manubah,Oued Ellil,Ennajet,13,13,100.0,2,15.4,4.3,42.2,2,15.4,1,0,1,1,0,1,7.7,0.0,7.7,0
TN145356,Manubah,Oued Ellil,Sanhaja,5,5,100.0,3,60.0,23.1,88.2,3,60.0,3,0,0,3,0,0,60.0,0.0,0.0,0
TN145357,Manubah,Oued Ellil,El Kobbaa,7,6,85.7,3,50.0,18.8,81.2,3,50.0,3,0,0,3,0,0,50.0,0.0,0.0,0
TN145451,Manubah,Mornaguia,Mornaguia,14,13,92.9,11,84.6,57.8,95.7,13,100.0,13,0,0,11,0,0,84.6,0.0,0.0,0
TN145452,Manubah,Mornaguia,20 Mars,3,2,66.7,2,100.0,34.2,100.0,2,100.0,2,0,0,2,0,0,100.0,0.0,0.0,0
TN145453,Manubah,Mornaguia,Bouragba,2,2,100.0,2,100.0,34.2,100.0,2,100.0,2,0,0,2,0,0,100.0,0.0,0.0,0
TN145454,Manubah,Mornaguia,El Fejja,2,2,100.0,2,100.0,34.2,100.0,2,100.0,2,0,0,2,0,0,100.0,0.0,0.0,0
TN145455,Manubah,Mornaguia,Sidi Ali El Hattab,2,2,100.0,2,100.0,34.2,100.0,2,100.0,2,0,0,2,0,0,100.0,0.0,0.0,0
TN145456,Manubah,Mornaguia,Hmaiem,3,2,66.7,2,100.0,34.2,100.0,2,100.0,2,0,0,2,0,0,100.0,0.0,0.0,0
TN145457,Manubah,Mornaguia,El Bassatine,4,4,100.0,4,100.0,51.0,100.0,6,150.0,6,0,0,4,0,0,100.0,0.0,0.0,0
TN145458,Manubah,Mornaguia,Mornaguia Nord,2,2,100.0,2,100.0,34.2,100.0,2,100.0,2,0,0,2,0,0,100.0,0.0,0.0,0
TN145551,Manubah,Borj El Amri,Borj El Amri,9,9,100.0,8,88.9,56.5,98.0,8,88.9,8,0,0,8,0,0,88.9,0.0,0.0,0
TN145552,Manubah,Borj El Amri,Menzel Habib,3,3,100.0,2,66.7,20.8,93.9,2,66.7,2,0,0,2,0,0,66.7,0.0,0.0,0
TN145553,Manubah,Borj El Amri,Borj Ennour,3,3,100.0,3,100.0,43.8,100.0,3,100.0,3,0,0,3,0,0,100.0,0.0,0.0,0
TN145554,Manubah,Borj El Amri,El Moussadine,3,3,100.0,3,100.0,43.8,100.0,3,100.0,3,0,0,3,0,0,100.0,0.0,0.0,0
TN145651,Manubah,Jedaida,Djedaida,14,14,100.0,4,28.6,11.7,54.6,4,28.6,4,0,0,4,0,0,28.6,0.0,0.0,0
TN145652,Manubah,Jedaida,Djedaida Hached,5,4,80.0,3,75.0,30.1,95.4,3,75.0,3,0,0,3,0,0,75.0,0.0,0.0,0
TN145653,Manubah,Jedaida,Chaouat,5,5,100.0,2,40.0,11.8,76.9,2,40.0,2,0,0,2,0,0,40.0,0.0,0.0,1
TN145654,Manubah,Jedaida,El Mansoura,3,2,66.7,2,100.0,34.2,100.0,3,150.0,3,0,0,2,0,0,100.0,0.0,0.0,0
TN145655,Manubah,Jedaida,Ez-Zahra,5,5,100.0,2,40.0,11.8,76.9,2,40.0,2,0,0,2,0,0,40.0,0.0,0.0,0
TN145656,Manubah,Jedaida,El Habibia,2,2,100.0,0,0.0,0.0,65.8,0,0.0,0,0,0,0,0,0,0.0,0.0,0.0,0
TN145751,Manubah,Tebourba,Tebourba,12,11,91.7,1,9.1,1.6,37.7,2,18.2,2,0,0,1,0,0,9.1,0.0,0.0,0
TN145752,Manubah,Tebourba,El Ansarine,2,2,100.0,1,50.0,9.5,90.5,1,50.0,1,0,0,1,0,0,50.0,0.0,0.0,0
TN145753,Manubah,Tebourba,Edkhila,3,3,100.0,2,66.7,20.8,93.9,2,66.7,2,0,0,2,0,0,66.7,0.0,0.0,0
TN145754,Manubah,Tebourba,El Mellaha,1,1,100.0,1,100.0,20.7,100.0,2,200.0,2,0,0,1,0,0,100.0,0.0,0.0,0
TN145755,Manubah,Tebourba,Banlieue De Tebourba,7,5,71.4,1,20.0,3.6,62.4,1,20.0,1,0,0,1,0,0,20.0,0.0,0.0,0
TN145756,Manubah,Tebourba,Er-Raja,7,7,100.0,2,28.6,8.2,64.1,2,28.6,2,0,0,2,0,0,28.6,0.0,0.0,0
TN145757,Manubah,Tebourba,Ech-Chouigui,2,2,100.0,2,100.0,34.2,100.0,2,100.0,2,0,0,2,0,0,100.0,0.0,0.0,0
TN145851,Manubah,El Battan,El Battane,8,7,87.5,6,85.7,48.7,97.4,7,100.0,7,0,0,6,0,0,85.7,0.0,0.0,0
TN145852,Manubah,El Battan,Borj Ettoumi,3,3,100.0,3,100.0,43.8,100.0,3,100.0,3,0,0,3,0,0,100.0,0.0,0.0,0
TN145853,Manubah,El Battan,Mehrine,2,2,100.0,2,100.0,34.2,100.0,2,100.0,2,0,0,2,0,0,100.0,0.0,0.0,0
TN145854,Manubah,El Battan,El Aroussia,2,2,100.0,2,100.0,34.2,100.0,2,100.0,2,0,0,2,0,0,100.0,0.0,0.0,0
TN155151,Nabeul,Nabeul,El Asouak,3,3,100.0,3,100.0,43.8,100.0,3,100.0,3,0,0,3,0,0,100.0,0.0,0.0,0
TN155152,Nabeul,Nabeul,Ennour,10,10,100.0,2,20.0,5.7,51.0,2,20.0,2,0,0,2,0,0,20.0,0.0,0.0,1
TN155153,Nabeul,Nabeul,Bir Challouf,21,21,100.0,15,71.4,50.0,86.2,15,71.4,15,0,0,15,0,0,71.4,0.0,0.0,0
TN155154,Nabeul,Nabeul,Niapolis,13,13,100.0,10,76.9,49.7,91.8,12,92.3,12,0,0,10,0,0,76.9,0.0,0.0,0
TN155155,Nabeul,Nabeul,El Hadayek,9,9,100.0,3,33.3,12.1,64.6,3,33.3,3,0,0,3,0,0,33.3,0.0,0.0,0
TN155156,Nabeul,Nabeul,Hedi Chaker,2,2,100.0,0,0.0,0.0,65.8,0,0.0,0,0,0,0,0,0,0.0,0.0,0.0,0
TN155251,Nabeul,Dar Chaabane El Fehri,Dar Chaabane,16,16,100.0,1,6.2,1.1,28.3,1,6.2,1,0,0,1,0,0,6.2,0.0,0.0,0
TN155252,Nabeul,Dar Chaabane El Fehri,El Fehri,22,22,100.0,6,27.3,13.2,48.2,6,27.3,6,0,0,6,0,0,27.3,0.0,0.0,2
TN155253,Nabeul,Dar Chaabane El Fehri,El Frinine,2,2,100.0,0,0.0,0.0,65.8,0,0.0,0,0,0,0,0,0,0.0,0.0,0.0,0
TN155254,Nabeul,Dar Chaabane El Fehri,Amroun,3,3,100.0,1,33.3,6.1,79.2,1,33.3,1,0,0,1,0,0,33.3,0.0,0.0,0
TN155351,Nabeul,Beni Khiar,Beni Khiar,19,19,100.0,18,94.7,75.4,99.1,18,94.7,18,0,0,18,0,0,94.7,0.0,0.0,0
TN155352,Nabeul,Beni Khiar,Diar Ben Salem,2,2,100.0,1,50.0,9.5,90.5,1,50.0,1,0,0,1,0,0,50.0,0.0,0.0,1
TN155353,Nabeul,Beni Khiar,El Maamoura,6,6,100.0,6,100.0,61.0,100.0,6,100.0,6,0,0,6,0,0,100.0,0.0,0.0,0
TN155354,Nabeul,Beni Khiar,Somaa,5,5,100.0,4,80.0,37.6,96.4,4,80.0,4,0,0,4,0,0,80.0,0.0,0.0,0
TN155355,Nabeul,Beni Khiar,Halfa,1,1,100.0,1,100.0,20.7,100.0,1,100.0,1,0,0,1,0,0,100.0,0.0,0.0,0
TN155451,Nabeul,Korba,Beni Ayache,12,12,100.0,0,0.0,0.0,24.3,0,0.0,0,0,0,0,0,0,0.0,0.0,0.0,0
TN155452,Nabeul,Korba,Garaet Sassi,4,4,100.0,3,75.0,30.1,95.4,3,75.0,3,0,0,3,0,0,75.0,0.0,0.0,0
TN155453,Nabeul,Korba,Diar El Hojaj,3,3,100.0,0,0.0,0.0,56.2,0,0.0,0,0,0,0,0,0,0.0,0.0,0.0,0
TN155454,Nabeul,Korba,Korba Est,13,13,100.0,0,0.0,0.0,22.8,0,0.0,0,0,0,0,0,0,0.0,0.0,0.0,0
TN155455,Nabeul,Korba,Korba Ouest,11,11,100.0,1,9.1,1.6,37.7,1,9.1,1,0,0,1,0,0,9.1,0.0,0.0,1
TN155456,Nabeul,Korba,Tazerka,7,7,100.0,0,0.0,0.0,35.4,0,0.0,0,0,0,0,0,0,0.0,0.0,0.0,0
TN155457,Nabeul,Korba,Bou-Jerida,3,3,100.0,3,100.0,43.8,100.0,3,100.0,3,0,0,3,0,0,100.0,0.0,0.0,0
TN155458,Nabeul,Korba,Boulidine,2,2,100.0,2,100.0,34.2,100.0,2,100.0,2,0,0,2,0,0,100.0,0.0,0.0,0
TN155551,Nabeul,Menzel Temime,El Ouediane,5,5,100.0,5,100.0,56.6,100.0,5,100.0,5,0,0,5,0,0,100.0,0.0,0.0,0
TN155552,Nabeul,Menzel Temime,Erainine,4,4,100.0,4,100.0,51.0,100.0,4,100.0,4,0,0,4,0,0,100.0,0.0,0.0,0
TN155553,Nabeul,Menzel Temime,Beni-Abdelaziz,3,3,100.0,3,100.0,43.8,100.0,3,100.0,3,0,0,3,0,0,100.0,0.0,0.0,0
TN155554,Nabeul,Menzel Temime,Skalba,5,5,100.0,3,60.0,23.1,88.2,4,80.0,4,0,0,3,0,0,60.0,0.0,0.0,0
TN155555,Nabeul,Menzel Temime,Ali Belhaouene,13,13,100.0,11,84.6,57.8,95.7,11,84.6,11,0,0,11,0,0,84.6,0.0,0.0,0
TN155556,Nabeul,Menzel Temime,Taieb Mehiri,11,11,100.0,11,100.0,74.1,100.0,11,100.0,11,0,0,11,0,0,100.0,0.0,0.0,0
TN155557,Nabeul,Menzel Temime,Menzel Horr,4,4,100.0,2,50.0,15.0,85.0,2,50.0,2,0,0,2,0,0,50.0,0.0,0.0,0
TN155558,Nabeul,Menzel Temime,El Asfour,4,4,100.0,3,75.0,30.1,95.4,3,75.0,3,0,0,3,0,0,75.0,0.0,0.0,0
TN155559,Nabeul,Menzel Temime,Lezdine,3,3,100.0,2,66.7,20.8,93.9,2,66.7,2,0,0,2,0,0,66.7,0.0,0.0,0
TN155651,Nabeul,El Mida,Tafelloum,4,4,100.0,2,50.0,15.0,85.0,2,50.0,2,0,0,2,0,0,50.0,0.0,0.0,0
TN155652,Nabeul,El Mida,El Mida,8,8,100.0,2,25.0,7.1,59.1,2,25.0,2,0,0,2,0,0,25.0,0.0,0.0,0
TN155653,Nabeul,El Mida,Fartouna,4,4,100.0,2,50.0,15.0,85.0,2,50.0,2,0,0,2,0,0,50.0,0.0,0.0,0
TN155654,Nabeul,El Mida,Oum Dhouil,4,4,100.0,3,75.0,30.1,95.4,3,75.0,3,0,0,3,0,0,75.0,0.0,0.0,0
TN155655,Nabeul,El Mida,Lebna,2,2,100.0,0,0.0,0.0,65.8,0,0.0,0,0,0,0,0,0,0.0,0.0,0.0,0
TN155656,Nabeul,El Mida,Korchine,2,2,100.0,1,50.0,9.5,90.5,1,50.0,1,0,0,1,0,0,50.0,0.0,0.0,0
TN155751,Nabeul,Kelibia,Oued El Khatf,2,2,100.0,2,100.0,34.2,100.0,3,150.0,3,0,0,2,0,0,100.0,0.0,0.0,0
TN155752,Nabeul,Kelibia,Melloul,3,3,100.0,0,0.0,0.0,56.2,0,0.0,0,0,0,0,0,0,0.0,0.0,0.0,0
TN155753,Nabeul,Kelibia,Azmour,5,5,100.0,5,100.0,56.6,100.0,5,100.0,5,0,0,5,0,0,100.0,0.0,0.0,0
TN155754,Nabeul,Kelibia,Kelibia Est,27,27,100.0,5,18.5,8.2,36.7,5,18.5,5,0,0,5,0,0,18.5,0.0,0.0,0
TN155755,Nabeul,Kelibia,Kelibia Ouest,10,10,100.0,2,20.0,5.7,51.0,3,30.0,3,0,0,2,0,0,20.0,0.0,0.0,0
TN155851,Nabeul,Hammam Ghezaz,Hammam El Guezaz,8,8,100.0,5,62.5,30.6,86.3,5,62.5,5,0,0,5,0,0,62.5,0.0,0.0,0
TN155852,Nabeul,Hammam Ghezaz,Dar Allouch,4,4,100.0,2,50.0,15.0,85.0,2,50.0,2,0,0,2,0,0,50.0,0.0,0.0,0
TN155853,Nabeul,Hammam Ghezaz,Harat Ech-Choara,2,2,100.0,2,100.0,34.2,100.0,2,100.0,2,0,0,2,0,0,100.0,0.0,0.0,0
TN155854,Nabeul,Hammam Ghezaz,Ouezdra,1,1,100.0,1,100.0,20.7,100.0,1,100.0,1,0,0,1,0,0,100.0,0.0,0.0,0
TN155951,Nabeul,Haouaria,El Haouaria Nord,10,10,100.0,9,90.0,59.6,98.2,10,100.0,10,0,0,9,0,0,90.0,0.0,0.0,0
TN155952,Nabeul,Haouaria,El Haouaria Sud,4,4,100.0,1,25.0,4.6,69.9,1,25.0,1,0,0,1,0,0,25.0,0.0,0.0,0
TN155954,Nabeul,Haouaria,Saheb El Jebel Sud,5,5,100.0,0,0.0,0.0,43.4,0,0.0,0,0,0,0,0,0,0.0,0.0,0.0,0
TN155955,Nabeul,Haouaria,Bou Krim,3,3,100.0,2,66.7,20.8,93.9,2,66.7,2,0,0,2,0,0,66.7,0.0,0.0,0
TN155956,Nabeul,Haouaria,Tazaghrane Est,2,2,100.0,1,50.0,9.5,90.5,1,50.0,1,0,0,1,0,0,50.0,0.0,0.0,0
TN155957,Nabeul,Haouaria,Tazaghrane Ouest,5,5,100.0,1,20.0,3.6,62.4,3,60.0,3,0,0,1,0,0,20.0,0.0,0.0,0
TN155958,Nabeul,Haouaria,Zaouiet El Megaiez,4,4,100.0,2,50.0,15.0,85.0,2,50.0,2,0,0,2,0,0,50.0,0.0,0.0,0
TN156051,Nabeul,Takelsa,Oued El Abid,3,3,100.0,0,0.0,0.0,56.2,0,0.0,0,0,0,0,0,0,0.0,0.0,0.0,0
TN156052,Nabeul,Takelsa,Bir Ezzit,6,6,100.0,1,16.7,3.0,56.4,1,16.7,1,0,0,1,0,0,16.7,0.0,0.0,1
TN156053,Nabeul,Takelsa,El Arima,3,3,100.0,2,66.7,20.8,93.9,2,66.7,2,0,0,2,0,0,66.7,0.0,0.0,0
TN156054,Nabeul,Takelsa,Takelsa Nord,4,4,100.0,2,50.0,15.0,85.0,2,50.0,2,0,0,2,0,0,50.0,0.0,0.0,0
TN156055,Nabeul,Takelsa,Takelsa Centre,5,5,100.0,3,60.0,23.1,88.2,3,60.0,3,0,0,3,0,0,60.0,0.0,0.0,0
TN156151,Nabeul,Soliman,El Mraissa,3,3,100.0,3,100.0,43.8,100.0,4,133.3,4,0,0,3,0,0,100.0,0.0,0.0,0
TN156152,Nabeul,Soliman,Ech-Cherifet,5,5,100.0,3,60.0,23.1,88.2,3,60.0,3,0,0,3,0,0,60.0,0.0,0.0,0
TN156153,Nabeul,Soliman,Bou Charray,3,3,100.0,2,66.7,20.8,93.9,2,66.7,2,0,0,2,0,0,66.7,0.0,0.0,0
TN156154,Nabeul,Soliman,Soliman,25,25,100.0,14,56.0,37.1,73.3,14,56.0,14,0,0,14,0,0,56.0,0.0,0.0,0
TN156155,Nabeul,Soliman,Soliman Sud,5,5,100.0,3,60.0,23.1,88.2,3,60.0,3,0,0,3,0,0,60.0,0.0,0.0,0
TN156251,Nabeul,Menzel Bouzelfa,Damous El Hajja,3,3,100.0,1,33.3,6.1,79.2,1,33.3,1,0,0,1,0,0,33.3,0.0,0.0,0
TN156252,Nabeul,Menzel Bouzelfa,Errahma,5,5,100.0,1,20.0,3.6,62.4,1,20.0,1,0,0,1,0,0,20.0,0.0,0.0,0
TN156253,Nabeul,Menzel Bouzelfa,Menzel Bou Zelfa Nord,4,4,100.0,0,0.0,0.0,49.0,0,0.0,0,0,0,0,0,0,0.0,0.0,0.0,0
TN156254,Nabeul,Menzel Bouzelfa,Menzel Bou Zelfa Sud,10,8,80.0,4,50.0,21.5,78.5,4,50.0,4,0,0,4,0,0,50.0,0.0,0.0,0
TN156255,Nabeul,Menzel Bouzelfa,Menzel Bou Zelfa Ouest,9,9,100.0,6,66.7,35.4,87.9,6,66.7,6,0,0,6,0,0,66.7,0.0,0.0,0
TN156351,Nabeul,Beni Khalled,Beni Khalled Nord,4,4,100.0,1,25.0,4.6,69.9,1,25.0,1,0,0,1,0,0,25.0,0.0,0.0,0
TN156352,Nabeul,Beni Khalled,Beni Khalled Sud (Toumi),2,2,100.0,1,50.0,9.5,90.5,1,50.0,1,0,0,1,0,0,50.0,0.0,0.0,0
TN156353,Nabeul,Beni Khalled,Zaouiet Djedidi,5,5,100.0,1,20.0,3.6,62.4,1,20.0,1,0,0,1,0,0,20.0,0.0,0.0,0
TN156354,Nabeul,Beni Khalled,Kobba El Kebira,4,4,100.0,2,50.0,15.0,85.0,2,50.0,2,0,0,2,0,0,50.0,0.0,0.0,0
TN156355,Nabeul,Beni Khalled,Bir Drassen,4,4,100.0,3,75.0,30.1,95.4,3,75.0,3,0,0,3,0,0,75.0,0.0,0.0,0
TN156356,Nabeul,Beni Khalled,Bni Khaled Echarkya,13,13,100.0,4,30.8,12.7,57.6,4,30.8,4,0,0,4,0,0,30.8,0.0,0.0,0
TN156451,Nabeul,Grombalia,Fondouk Djedid,10,10,100.0,8,80.0,49.0,94.3,11,110.0,11,0,0,8,0,0,80.0,0.0,0.0,0
TN156452,Nabeul,Grombalia,Chammes,5,5,100.0,1,20.0,3.6,62.4,1,20.0,1,0,0,1,0,0,20.0,0.0,0.0,0
TN156453,Nabeul,Grombalia,Nianou,4,4,100.0,0,0.0,0.0,49.0,0,0.0,0,0,0,0,0,0,0.0,0.0,0.0,0
TN156454,Nabeul,Grombalia,Turki,3,3,100.0,0,0.0,0.0,56.2,0,0.0,0,0,0,0,0,0,0.0,0.0,0.0,0
TN156455,Nabeul,Grombalia,Khanguet El Hojjej,3,3,100.0,2,66.7,20.8,93.9,2,66.7,2,0,0,2,0,0,66.7,0.0,0.0,0
TN156456,Nabeul,Grombalia,Grombalia Est,11,11,100.0,4,36.4,15.2,64.6,4,36.4,4,0,0,4,0,0,36.4,0.0,0.0,0
TN156457,Nabeul,Grombalia,Grombalia Ouest,9,9,100.0,0,0.0,0.0,29.9,0,0.0,0,0,0,0,0,0,0.0,0.0,0.0,0
TN156458,Nabeul,Grombalia,Djebel Terif,3,3,100.0,2,66.7,20.8,93.9,2,66.7,2,0,0,2,0,0,66.7,0.0,0.0,0
TN156459,Nabeul,Grombalia,Ain Tebournouk,2,2,100.0,1,50.0,9.5,90.5,1,50.0,1,0,0,1,0,0,50.0,0.0,0.0,0
TN156551,Nabeul,Bou Argoub,Sidi Dhaher,2,2,100.0,0,0.0,0.0,65.8,0,0.0,0,0,0,0,0,0,0.0,0.0,0.0,0
TN156552,Nabeul,Bou Argoub,El Machrouha,5,5,100.0,0,0.0,0.0,43.4,0,0.0,0,0,0,0,0,0,0.0,0.0,0.0,0
TN156553,Nabeul,Bou Argoub,Borj Hefaied,5,5,100.0,1,20.0,3.6,62.4,1,20.0,1,0,0,1,0,0,20.0,0.0,0.0,0
TN156554,Nabeul,Bou Argoub,Bou Argoub Nord,7,7,100.0,1,14.3,2.6,51.3,1,14.3,1,0,0,1,0,0,14.3,0.0,0.0,0
TN156555,Nabeul,Bou Argoub,Bou Argoub Sud,2,2,100.0,0,0.0,0.0,65.8,0,0.0,0,0,0,0,0,0,0.0,0.0,0.0,0
TN156556,Nabeul,Bou Argoub,Belli,4,3,75.0,0,0.0,0.0,56.2,0,0.0,0,0,0,0,0,0,0.0,0.0,0.0,0
TN156557,Nabeul,Bou Argoub,El Kharrouba,3,3,100.0,0,0.0,0.0,56.2,0,0.0,0,0,0,0,0,0,0.0,0.0,0.0,0
TN156651,Nabeul,Hammamet,Sidi Djedidi,8,8,100.0,8,100.0,67.6,100.0,8,100.0,8,0,0,8,0,0,100.0,0.0,0.0,0
TN156652,Nabeul,Hammamet,Latrach,3,3,100.0,0,0.0,0.0,56.2,0,0.0,0,0,0,0,0,0,0.0,0.0,0.0,0
TN156653,Nabeul,Hammamet,Bir Bou Regba,10,10,100.0,0,0.0,0.0,27.8,0,0.0,0,0,0,0,0,0,0.0,0.0,0.0,1
TN156654,Nabeul,Hammamet,Baraket Es-Sahel,10,10,100.0,3,30.0,10.8,60.3,3,30.0,3,0,0,3,0,0,30.0,0.0,0.0,0
TN156655,Nabeul,Hammamet,Hammamet Nord,8,8,100.0,1,12.5,2.2,47.1,1,12.5,1,0,0,1,0,0,12.5,0.0,0.0,0
TN156656,Nabeul,Hammamet,Hammamet Est,27,27,100.0,4,14.8,5.9,32.5,4,14.8,4,0,0,4,0,0,14.8,0.0,0.0,0
TN156657,Nabeul,Hammamet,Hammamet Ouest,2,2,100.0,0,0.0,0.0,65.8,0,0.0,0,0,0,0,0,0,0.0,0.0,0.0,0
TN156658,Nabeul,Hammamet,Mrezga,5,5,100.0,0,0.0,0.0,43.4,0,0.0,0,0,0,0,0,0,0.0,0.0,0.0,0
TN156659,Nabeul,Hammamet,Yasmin Hammamet,4,4,100.0,2,50.0,15.0,85.0,2,50.0,2,0,0,2,0,0,50.0,0.0,0.0,0
TN165151,Zaghouan,Zaghouan,Zaghouan Ville,4,4,100.0,3,75.0,30.1,95.4,5,125.0,5,0,0,3,0,0,75.0,0.0,0.0,0
TN165152,Zaghouan,Zaghouan,Zaghouan Nord,11,11,100.0,10,90.9,62.3,98.4,19,172.7,18,0,1,10,0,1,90.9,0.0,9.1,0
TN165153,Zaghouan,Zaghouan,Zaghouan Sud,5,5,100.0,4,80.0,37.6,96.4,7,140.0,7,0,0,4,0,0,80.0,0.0,0.0,0
TN165154,Zaghouan,Zaghouan,Bir Halima,3,3,100.0,3,100.0,43.8,100.0,3,100.0,3,0,0,3,0,0,100.0,0.0,0.0,0
TN165155,Zaghouan,Zaghouan,Mograne,5,5,100.0,4,80.0,37.6,96.4,5,100.0,5,0,0,4,0,0,80.0,0.0,0.0,0
TN165156,Zaghouan,Zaghouan,Jimla,2,2,100.0,1,50.0,9.5,90.5,1,50.0,1,0,0,1,0,0,50.0,0.0,0.0,0
TN165157,Zaghouan,Zaghouan,El Aitha,2,2,100.0,2,100.0,34.2,100.0,2,100.0,2,0,0,2,0,0,100.0,0.0,0.0,0
TN165158,Zaghouan,Zaghouan,Oued Erremel,3,3,100.0,1,33.3,6.1,79.2,3,100.0,3,0,0,1,0,0,33.3,0.0,0.0,0
TN165159,Zaghouan,Zaghouan,Oued Ezzit,2,2,100.0,2,100.0,34.2,100.0,4,200.0,4,0,0,2,0,0,100.0,0.0,0.0,0
TN165251,Zaghouan,Zriba,El Jouf Est,4,4,100.0,3,75.0,30.1,95.4,4,100.0,4,0,0,3,0,0,75.0,0.0,0.0,2
TN165252,Zaghouan,Zriba,El Jouf Ouest,2,2,100.0,2,100.0,34.2,100.0,3,150.0,3,0,0,2,0,0,100.0,0.0,0.0,0
TN165253,Zaghouan,Zriba,Ez-Zeriba Hammam Sud,6,6,100.0,5,83.3,43.6,97.0,9,150.0,8,0,1,5,0,1,83.3,0.0,16.7,0
TN165254,Zaghouan,Zriba,Ez-Zriba Hammam Nord,1,1,100.0,0,0.0,0.0,79.3,0,0.0,0,0,0,0,0,0,0.0,0.0,0.0,0
TN165255,Zaghouan,Zriba,Ez-Zeriba Village,2,2,100.0,2,100.0,34.2,100.0,3,150.0,3,0,0,2,0,0,100.0,0.0,0.0,0
TN165256,Zaghouan,Zriba,Bou Achir,1,1,100.0,1,100.0,20.7,100.0,2,200.0,2,0,0,1,0,0,100.0,0.0,0.0,0
TN165257,Zaghouan,Zriba,Jeradou,1,1,100.0,1,100.0,20.7,100.0,1,100.0,1,0,0,1,0,0,100.0,0.0,0.0,0
TN165258,Zaghouan,Zriba,Ain El Batria,2,2,100.0,2,100.0,34.2,100.0,3,150.0,3,0,0,2,0,0,100.0,0.0,0.0,0
TN165351,Zaghouan,Bir Mchergua,Bir M'Chergua,6,6,100.0,5,83.3,43.6,97.0,5,83.3,5,0,0,5,0,0,83.3,0.0,0.0,1
TN165352,Zaghouan,Bir Mchergua,Bir M'Chergua Gare,2,1,50.0,1,100.0,20.7,100.0,1,100.0,1,0,0,1,0,0,100.0,0.0,0.0,0
TN165353,Zaghouan,Bir Mchergua,Daleil El Arous,2,2,100.0,1,50.0,9.5,90.5,2,100.0,2,0,0,1,0,0,50.0,0.0,0.0,0
TN165354,Zaghouan,Bir Mchergua,Smenja,3,2,66.7,2,100.0,34.2,100.0,3,150.0,3,0,0,2,0,0,100.0,0.0,0.0,0
TN165355,Zaghouan,Bir Mchergua,Jebel Oust,4,4,100.0,4,100.0,51.0,100.0,4,100.0,4,0,0,4,0,0,100.0,0.0,0.0,0
TN165356,Zaghouan,Bir Mchergua,Ain Essafsaf,2,2,100.0,0,0.0,0.0,65.8,0,0.0,0,0,0,0,0,0,0.0,0.0,0.0,0
TN165357,Zaghouan,Bir Mchergua,Boucha,1,1,100.0,1,100.0,20.7,100.0,3,300.0,3,0,0,1,0,0,100.0,0.0,0.0,0
TN165358,Zaghouan,Bir Mchergua,Ain Asker,2,2,100.0,1,50.0,9.5,90.5,1,50.0,1,0,0,1,0,0,50.0,0.0,0.0,0
TN165451,Zaghouan,Fahs,Banlieu D'El Fahs,12,9,75.0,8,88.9,56.5,98.0,9,100.0,9,0,0,8,0,0,88.9,0.0,0.0,0
TN165452,Zaghouan,Fahs,Jouguar,2,2,100.0,0,0.0,0.0,65.8,0,0.0,0,0,0,0,0,0,0.0,0.0,0.0,0
TN165453,Zaghouan,Fahs,Bir Magra,2,2,100.0,0,0.0,0.0,65.8,0,0.0,0,0,0,0,0,0,0.0,0.0,0.0,0
TN165454,Zaghouan,Fahs,Oum El Abouab,3,3,100.0,2,66.7,20.8,93.9,2,66.7,2,0,0,2,0,0,66.7,0.0,0.0,0
TN165455,Zaghouan,Fahs,Ouled Ezzouabi,1,1,100.0,1,100.0,20.7,100.0,1,100.0,1,0,0,1,0,0,100.0,0.0,0.0,0
TN165456,Zaghouan,Fahs,El Fahs,9,8,88.9,3,37.5,13.7,69.4,3,37.5,3,0,0,3,0,0,37.5,0.0,0.0,0
TN165457,Zaghouan,Fahs,Ed-Droua,4,4,100.0,3,75.0,30.1,95.4,3,75.0,3,0,0,3,0,0,75.0,0.0,0.0,0
TN165458,Zaghouan,Fahs,El Ghrifet,3,3,100.0,3,100.0,43.8,100.0,4,133.3,4,0,0,3,0,0,100.0,0.0,0.0,0
TN165459,Zaghouan,Fahs,Bent Saidane,2,2,100.0,2,100.0,34.2,100.0,3,150.0,3,0,0,2,0,0,100.0,0.0,0.0,0
TN165460,Zaghouan,Fahs,El Amiem Nord,3,3,100.0,2,66.7,20.8,93.9,2,66.7,2,0,0,2,0,0,66.7,0.0,0.0,0
TN165461,Zaghouan,Fahs,El Amiem Sud,3,3,100.0,1,33.3,6.1,79.2,1,33.3,1,0,0,1,0,0,33.3,0.0,0.0,0
TN165462,Zaghouan,Fahs,Oued El Khadhra,1,1,100.0,1,100.0,20.7,100.0,2,200.0,2,0,0,1,0,0,100.0,0.0,0.0,0
TN165463,Zaghouan,Fahs,Telil Essalhi,3,3,100.0,0,0.0,0.0,56.2,0,0.0,0,0,0,0,0,0,0.0,0.0,0.0,0
TN165551,Zaghouan,Nadhour,En Nadhour,11,11,100.0,8,72.7,43.4,90.3,8,72.7,8,0,0,8,0,0,72.7,0.0,0.0,0
TN165552,Zaghouan,Nadhour,Ain El Batthoum,5,5,100.0,4,80.0,37.6,96.4,6,120.0,6,0,0,4,0,0,80.0,0.0,0.0,0
TN165553,Zaghouan,Nadhour,Saouar,3,3,100.0,2,66.7,20.8,93.9,3,100.0,3,0,0,2,0,0,66.7,0.0,0.0,0
TN165554,Zaghouan,Nadhour,Bir Chaouch,5,5,100.0,5,100.0,56.6,100.0,7,140.0,6,0,1,5,0,1,100.0,0.0,20.0,0
TN165555,Zaghouan,Nadhour,Sougas,5,5,100.0,3,60.0,23.1,88.2,5,100.0,5,0,0,3,0,0,60.0,0.0,0.0,0
TN165651,Zaghouan,Saouaf,Saouef Est,5,4,80.0,4,100.0,51.0,100.0,7,175.0,7,0,0,4,0,0,100.0,0.0,0.0,0
TN165652,Zaghouan,Saouaf,Saouef Ouest,3,2,66.7,2,100.0,34.2,100.0,4,200.0,4,0,0,2,0,0,100.0,0.0,0.0,0
TN165653,Zaghouan,Saouaf,El Hamira,2,1,50.0,1,100.0,20.7,100.0,2,200.0,2,0,0,1,0,0,100.0,0.0,0.0,0
TN165654,Zaghouan,Saouaf,Deghafla Est,2,2,100.0,2,100.0,34.2,100.0,4,200.0,4,0,0,2,0,0,100.0,0.0,0.0,1
TN165655,Zaghouan,Saouaf,Deghafla Ouest,3,3,100.0,2,66.7,20.8,93.9,4,133.3,4,0,0,2,0,0,66.7,0.0,0.0,0
TN175151,Bizerte,Bizerte Nord,Hassen Nouri,4,3,75.0,0,0.0,0.0,56.2,0,0.0,0,0,0,0,0,0,0.0,0.0,0.0,0
TN175152,Bizerte,Bizerte Nord,Habib Bouguatfa,6,6,100.0,1,16.7,3.0,56.4,1,16.7,1,0,0,1,0,0,16.7,0.0,0.0,0
TN175153,Bizerte,Bizerte Nord,El Korniche,5,4,80.0,0,0.0,0.0,49.0,0,0.0,0,0,0,0,0,0,0.0,0.0,0.0,0
TN175154,Bizerte,Bizerte Nord,La Medina,8,7,87.5,0,0.0,0.0,35.4,0,0.0,0,0,0,0,0,0,0.0,0.0,0.0,0
TN175155,Bizerte,Bizerte Nord,Cheik Driss,1,1,100.0,0,0.0,0.0,79.3,0,0.0,0,0,0,0,0,0,0.0,0.0,0.0,0
TN175156,Bizerte,Bizerte Nord,El Canal,4,4,100.0,2,50.0,15.0,85.0,2,50.0,1,0,1,1,0,1,25.0,0.0,25.0,0
TN175157,Bizerte,Bizerte Nord,Bou Baker Bakir,5,5,100.0,3,60.0,23.1,88.2,4,80.0,3,0,1,3,0,1,60.0,0.0,20.0,0
TN175158,Bizerte,Bizerte Nord,Ain Mariam,8,8,100.0,0,0.0,0.0,32.4,0,0.0,0,0,0,0,0,0,0.0,0.0,0.0,0
TN175159,Bizerte,Bizerte Nord,Habib Haddad,14,13,92.9,1,7.7,1.4,33.3,1,7.7,1,0,0,1,0,0,7.7,0.0,0.0,0
TN175160,Bizerte,Bizerte Nord,El Motamar,6,5,83.3,1,20.0,3.6,62.4,1,20.0,1,0,0,1,0,0,20.0,0.0,0.0,0
TN175161,Bizerte,Bizerte Nord,El Hana,10,9,90.0,1,11.1,2.0,43.5,1,11.1,1,0,0,1,0,0,11.1,0.0,0.0,0
TN175162,Bizerte,Bizerte Nord,15 Octobre,3,3,100.0,0,0.0,0.0,56.2,0,0.0,0,0,0,0,0,0,0.0,0.0,0.0,0
TN175251,Bizerte,Jarzouna,Zarzouna Ouest,3,3,100.0,1,33.3,6.1,79.2,1,33.3,1,0,0,1,0,0,33.3,0.0,0.0,0
TN175252,Bizerte,Jarzouna,Zarzouna Est,4,4,100.0,1,25.0,4.6,69.9,1,25.0,1,0,0,1,0,0,25.0,0.0,0.0,0
TN175253,Bizerte,Jarzouna,Zarzouna Nord,3,3,100.0,3,100.0,43.8,100.0,4,133.3,3,0,1,3,0,1,100.0,0.0,33.3,0
TN175254,Bizerte,Jarzouna,Zarzouna Sud,10,10,100.0,5,50.0,23.7,76.3,7,70.0,5,0,2,5,0,2,50.0,0.0,20.0,0
TN175351,Bizerte,Bizerte Sud,Teskraia,3,3,100.0,3,100.0,43.8,100.0,4,133.3,4,0,0,3,0,0,100.0,0.0,0.0,0
TN175352,Bizerte,Bizerte Sud,Farhat Hached,9,8,88.9,3,37.5,13.7,69.4,3,37.5,3,0,0,3,0,0,37.5,0.0,0.0,0
TN175353,Bizerte,Bizerte Sud,Marnissa,3,3,100.0,2,66.7,20.8,93.9,2,66.7,2,0,0,2,0,0,66.7,0.0,0.0,0
TN175354,Bizerte,Bizerte Sud,Hicher,1,1,100.0,0,0.0,0.0,79.3,0,0.0,0,0,0,0,0,0,0.0,0.0,0.0,0
TN175355,Bizerte,Bizerte Sud,Sidi Ameur,2,2,100.0,0,0.0,0.0,65.8,0,0.0,0,0,0,0,0,0,0.0,0.0,0.0,0
TN175356,Bizerte,Bizerte Sud,Louata,6,6,100.0,0,0.0,0.0,39.0,0,0.0,0,0,0,0,0,0,0.0,0.0,0.0,0
TN175357,Bizerte,Bizerte Sud,Bab Mateur,5,5,100.0,0,0.0,0.0,43.4,0,0.0,0,0,0,0,0,0,0.0,0.0,0.0,0
TN175358,Bizerte,Bizerte Sud,Cite El Jala,3,2,66.7,0,0.0,0.0,65.8,0,0.0,0,0,0,0,0,0,0.0,0.0,0.0,0
TN175359,Bizerte,Bizerte Sud,El Massida,5,5,100.0,2,40.0,11.8,76.9,2,40.0,2,0,0,2,0,0,40.0,0.0,0.0,0
TN175360,Bizerte,Bizerte Sud,Sidi Ahmed,5,5,100.0,1,20.0,3.6,62.4,1,20.0,1,0,0,1,0,0,20.0,0.0,0.0,0
TN175451,Bizerte,Sejnane,Sedjnane,9,9,100.0,7,77.8,45.3,93.7,12,133.3,12,0,0,7,0,0,77.8,0.0,0.0,0
TN175452,Bizerte,Sejnane,El Maalia,5,5,100.0,0,0.0,0.0,43.4,0,0.0,0,0,0,0,0,0,0.0,0.0,0.0,0
TN175453,Bizerte,Sejnane,El Ababssa,3,3,100.0,0,0.0,0.0,56.2,0,0.0,0,0,0,0,0,0,0.0,0.0,0.0,0
TN175454,Bizerte,Sejnane,El Hachachna,5,5,100.0,2,40.0,11.8,76.9,2,40.0,2,0,0,2,0,0,40.0,0.0,0.0,0
TN175455,Bizerte,Sejnane,Sehabna,6,6,100.0,0,0.0,0.0,39.0,0,0.0,0,0,0,0,0,0,0.0,0.0,0.0,0
TN175456,Bizerte,Sejnane,Sidi Mechrek,3,3,100.0,2,66.7,20.8,93.9,3,100.0,3,0,0,2,0,0,66.7,0.0,0.0,0
TN175457,Bizerte,Sejnane,Amaden,5,5,100.0,1,20.0,3.6,62.4,3,60.0,3,0,0,1,0,0,20.0,0.0,0.0,0
TN175458,Bizerte,Sejnane,Mechargua,4,4,100.0,0,0.0,0.0,49.0,0,0.0,0,0,0,0,0,0,0.0,0.0,0.0,0
TN175551,Bizerte,Joumine,Ouled Ghanem,3,3,100.0,1,33.3,6.1,79.2,1,33.3,1,0,0,1,0,0,33.3,0.0,0.0,0
TN175552,Bizerte,Joumine,Essemman,4,4,100.0,0,0.0,0.0,49.0,0,0.0,0,0,0,0,0,0,0.0,0.0,0.0,0
TN175553,Bizerte,Joumine,Chenana,2,2,100.0,1,50.0,9.5,90.5,1,50.0,1,0,0,1,0,0,50.0,0.0,0.0,0
TN175554,Bizerte,Joumine,Tahent,3,2,66.7,2,100.0,34.2,100.0,2,100.0,2,0,0,2,0,0,100.0,0.0,0.0,0
TN175555,Bizerte,Joumine,Kef Ghrab,3,3,100.0,2,66.7,20.8,93.9,3,100.0,3,0,0,2,0,0,66.7,0.0,0.0,0
TN175556,Bizerte,Joumine,Berraies,3,3,100.0,3,100.0,43.8,100.0,3,100.0,3,0,0,3,0,0,100.0,0.0,0.0,0
TN175557,Bizerte,Joumine,Touajnia,5,5,100.0,2,40.0,11.8,76.9,2,40.0,2,0,0,2,0,0,40.0,0.0,0.0,0
TN175558,Bizerte,Joumine,Bazina,6,6,100.0,2,33.3,9.7,70.0,2,33.3,2,0,0,2,0,0,33.3,0.0,0.0,0
TN175559,Bizerte,Joumine,Rouaha,3,3,100.0,2,66.7,20.8,93.9,2,66.7,2,0,0,2,0,0,66.7,0.0,0.0,0
TN175651,Bizerte,Mateur,Mateur,11,11,100.0,1,9.1,1.6,37.7,1,9.1,1,0,0,1,0,0,9.1,0.0,0.0,1
TN175652,Bizerte,Mateur,Banlieue De Mateur,3,3,100.0,2,66.7,20.8,93.9,2,66.7,2,0,0,2,0,0,66.7,0.0,0.0,0
TN175653,Bizerte,Mateur,Mateur Sud,5,5,100.0,2,40.0,11.8,76.9,2,40.0,2,0,0,2,0,0,40.0,0.0,0.0,0
TN175654,Bizerte,Mateur,Cite En Nasr,3,3,100.0,1,33.3,6.1,79.2,1,33.3,1,0,0,1,0,0,33.3,0.0,0.0,0
TN175655,Bizerte,Mateur,Nefat,4,4,100.0,0,0.0,0.0,49.0,0,0.0,0,0,0,0,0,0,0.0,0.0,0.0,0
TN175656,Bizerte,Mateur,Cite Essadaka,3,3,100.0,2,66.7,20.8,93.9,2,66.7,2,0,0,2,0,0,66.7,0.0,0.0,0
TN175657,Bizerte,Mateur,Targuellache,3,3,100.0,0,0.0,0.0,56.2,0,0.0,0,0,0,0,0,0,0.0,0.0,0.0,0
TN175658,Bizerte,Mateur,Arab Majour,3,3,100.0,1,33.3,6.1,79.2,1,33.3,1,0,0,1,0,0,33.3,0.0,0.0,0
TN175659,Bizerte,Mateur,Behaya,2,2,100.0,1,50.0,9.5,90.5,2,100.0,2,0,0,1,0,0,50.0,0.0,0.0,0
TN175660,Bizerte,Mateur,Boumkhila,3,3,100.0,3,100.0,43.8,100.0,3,100.0,3,0,0,3,0,0,100.0,0.0,0.0,0
TN175751,Bizerte,Ghazala,Ghezala,6,5,83.3,5,100.0,56.6,100.0,5,100.0,5,0,0,5,0,0,100.0,0.0,0.0,0
TN175752,Bizerte,Ghazala,El Arab,3,3,100.0,3,100.0,43.8,100.0,4,133.3,4,0,0,3,0,0,100.0,0.0,0.0,0
TN175753,Bizerte,Ghazala,Dheouaouda,4,4,100.0,2,50.0,15.0,85.0,2,50.0,2,0,0,2,0,0,50.0,0.0,0.0,0
TN175754,Bizerte,Ghazala,Hached,4,4,100.0,3,75.0,30.1,95.4,3,75.0,3,0,0,3,0,0,75.0,0.0,0.0,0
TN175755,Bizerte,Ghazala,Ouled El May,1,1,100.0,1,100.0,20.7,100.0,1,100.0,1,0,0,1,0,0,100.0,0.0,0.0,0
TN175756,Bizerte,Ghazala,Sidi Aissa,4,4,100.0,3,75.0,30.1,95.4,3,75.0,3,0,0,3,0,0,75.0,0.0,0.0,0
TN175757,Bizerte,Ghazala,Rakb,3,3,100.0,3,100.0,43.8,100.0,3,100.0,3,0,0,3,0,0,100.0,0.0,0.0,0
TN175758,Bizerte,Ghazala,Bou Jerir,2,2,100.0,2,100.0,34.2,100.0,2,100.0,2,0,0,2,0,0,100.0,0.0,0.0,0
TN175759,Bizerte,Ghazala,Sidi Mansour,2,2,100.0,1,50.0,9.5,90.5,1,50.0,1,0,0,1,0,0,50.0,0.0,0.0,0
TN175851,Bizerte,Menzel Bourguiba,En-Najah (1),6,6,100.0,1,16.7,3.0,56.4,1,16.7,1,0,0,1,0,0,16.7,0.0,0.0,0
TN175852,Bizerte,Menzel Bourguiba,Gabtna (1),2,2,100.0,1,50.0,9.5,90.5,2,100.0,2,0,0,1,0,0,50.0,0.0,0.0,0
TN175853,Bizerte,Menzel Bourguiba,Gabtna (2),4,4,100.0,3,75.0,30.1,95.4,3,75.0,3,0,0,3,0,0,75.0,0.0,0.0,0
TN175854,Bizerte,Menzel Bourguiba,Cite Etthaoura,5,5,100.0,0,0.0,0.0,43.4,0,0.0,0,0,0,0,0,0,0.0,0.0,0.0,0
TN175855,Bizerte,Menzel Bourguiba,En-Najah (2),7,7,100.0,1,14.3,2.6,51.3,1,14.3,0,0,1,0,0,1,0.0,0.0,14.3,0
TN175856,Bizerte,Menzel Bourguiba,El Medina,17,17,100.0,2,11.8,3.3,34.3,2,11.8,2,0,0,2,0,0,11.8,0.0,0.0,0
TN175857,Bizerte,Menzel Bourguiba,Chelagmia,4,4,100.0,0,0.0,0.0,49.0,0,0.0,0,0,0,0,0,0,0.0,0.0,0.0,0
TN175858,Bizerte,Menzel Bourguiba,Cite Jardins,2,2,100.0,0,0.0,0.0,65.8,0,0.0,0,0,0,0,0,0,0.0,0.0,0.0,0
TN175951,Bizerte,Tinja,Tinja,9,9,100.0,2,22.2,6.3,54.7,2,22.2,2,0,0,2,0,0,22.2,0.0,0.0,0
TN175952,Bizerte,Tinja,Guengla,5,5,100.0,2,40.0,11.8,76.9,2,40.0,2,0,0,2,0,0,40.0,0.0,0.0,0
TN175953,Bizerte,Tinja,Ez-Zarour,3,3,100.0,3,100.0,43.8,100.0,3,100.0,3,0,0,3,0,0,100.0,0.0,0.0,0
TN176051,Bizerte,Utique,Utique,5,5,100.0,0,0.0,0.0,43.4,0,0.0,0,0,0,0,0,0,0.0,0.0,0.0,0
TN176052,Bizerte,Utique,Nouvelle Utique,2,2,100.0,2,100.0,34.2,100.0,2,100.0,2,0,0,2,0,0,100.0,0.0,0.0,0
TN176053,Bizerte,Utique,Besbassia,2,2,100.0,1,50.0,9.5,90.5,1,50.0,1,0,0,1,0,0,50.0,0.0,0.0,0
TN176054,Bizerte,Utique,El Houidh,2,1,50.0,1,100.0,20.7,100.0,1,100.0,1,0,0,1,0,0,100.0,0.0,0.0,0
TN176055,Bizerte,Utique,El Mabtouh,1,1,100.0,1,100.0,20.7,100.0,2,200.0,2,0,0,1,0,0,100.0,0.0,0.0,0
TN176056,Bizerte,Utique,Ain Ghelal,3,3,100.0,2,66.7,20.8,93.9,2,66.7,2,0,0,2,0,0,66.7,0.0,0.0,0
TN176057,Bizerte,Utique,Sidi Othman,1,1,100.0,1,100.0,20.7,100.0,1,100.0,1,0,0,1,0,0,100.0,0.0,0.0,0
TN176058,Bizerte,Utique,Bach Hamba,3,3,100.0,3,100.0,43.8,100.0,3,100.0,3,0,0,3,0,0,100.0,0.0,0.0,1
TN176151,Bizerte,Ghar El Melh,Ghar El Meleh,5,5,100.0,3,60.0,23.1,88.2,3,60.0,3,0,0,3,0,0,60.0,0.0,0.0,0
TN176152,Bizerte,Ghar El Melh,Bajou,3,3,100.0,3,100.0,43.8,100.0,4,133.3,4,0,0,3,0,0,100.0,0.0,0.0,0
TN176153,Bizerte,Ghar El Melh,Ousja,7,7,100.0,6,85.7,48.7,97.4,6,85.7,6,0,0,6,0,0,85.7,0.0,0.0,0
TN176154,Bizerte,Ghar El Melh,Zouaouine,3,3,100.0,3,100.0,43.8,100.0,4,133.3,4,0,0,3,0,0,100.0,0.0,0.0,0
TN176251,Bizerte,Menzel Jemil,Menzel Djemil Est,14,14,100.0,5,35.7,16.3,61.2,5,35.7,5,0,0,5,0,0,35.7,0.0,0.0,0
TN176252,Bizerte,Menzel Jemil,Menzel Djemil Ouest,7,7,100.0,2,28.6,8.2,64.1,3,42.9,3,0,0,2,0,0,28.6,0.0,0.0,0
TN176253,Bizerte,Menzel Jemil,Menzel Abderrahmen Est,8,8,100.0,5,62.5,30.6,86.3,5,62.5,4,0,1,4,0,1,50.0,0.0,12.5,0
TN176254,Bizerte,Menzel Jemil,Menzel Abderrahmen Ouest,6,6,100.0,2,33.3,9.7,70.0,2,33.3,2,0,0,2,0,0,33.3,0.0,0.0,1
TN176255,Bizerte,Menzel Jemil,El Azib,5,5,100.0,5,100.0,56.6,100.0,6,120.0,6,0,0,5,0,0,100.0,0.0,0.0,0
TN176351,Bizerte,El Alia,Sidi Ali Chabab,2,2,100.0,2,100.0,34.2,100.0,2,100.0,2,0,0,2,0,0,100.0,0.0,0.0,0
TN176352,Bizerte,El Alia,El Alia Nord,7,7,100.0,6,85.7,48.7,97.4,7,100.0,7,0,0,6,0,0,85.7,0.0,0.0,0
TN176353,Bizerte,El Alia,El Alia Sud,10,9,90.0,7,77.8,45.3,93.7,7,77.8,7,0,0,7,0,0,77.8,0.0,0.0,0
TN176354,Bizerte,El Alia,El Khetmine,5,5,100.0,4,80.0,37.6,96.4,4,80.0,4,0,0,4,0,0,80.0,0.0,0.0,0
TN176451,Bizerte,Ras Jebel,Ras El Djebel Nord,15,15,100.0,10,66.7,41.7,84.8,10,66.7,10,0,0,10,0,0,66.7,0.0,0.0,0
TN176452,Bizerte,Ras Jebel,Ras El Djebel Sud,10,10,100.0,6,60.0,31.3,83.2,7,70.0,7,0,0,6,0,0,60.0,0.0,0.0,0
TN176453,Bizerte,Ras Jebel,Metline,8,7,87.5,1,14.3,2.6,51.3,1,14.3,1,0,0,1,0,0,14.3,0.0,0.0,0
TN176454,Bizerte,Ras Jebel,Metline Ouest,3,3,100.0,1,33.3,6.1,79.2,1,33.3,1,0,0,1,0,0,33.3,0.0,0.0,0
TN176455,Bizerte,Ras Jebel,Sounine,3,3,100.0,3,100.0,43.8,100.0,3,100.0,3,0,0,3,0,0,100.0,0.0,0.0,0
TN176456,Bizerte,Ras Jebel,Rafraf,10,10,100.0,9,90.0,59.6,98.2,9,90.0,9,0,0,9,0,0,90.0,0.0,0.0,0
TN176457,Bizerte,Ras Jebel,El Garia,2,2,100.0,1,50.0,9.5,90.5,1,50.0,1,0,0,1,0,0,50.0,0.0,0.0,0
TN215151,Béja,Béja Nord,Beja,11,11,100.0,3,27.3,9.7,56.6,4,36.4,4,0,0,3,0,0,27.3,0.0,0.0,0
TN215152,Béja,Béja Nord,El Mzara,10,10,100.0,8,80.0,49.0,94.3,8,80.0,7,0,1,7,0,1,70.0,0.0,10.0,0
TN215153,Béja,Béja Nord,Ksar Bardo,7,6,85.7,4,66.7,30.0,90.3,5,83.3,4,0,1,4,0,1,66.7,0.0,16.7,0
TN215154,Béja,Béja Nord,Zouabi,5,5,100.0,2,40.0,11.8,76.9,2,40.0,2,0,0,2,0,0,40.0,0.0,0.0,0
TN215155,Béja,Béja Nord,El Manar,6,6,100.0,2,33.3,9.7,70.0,2,33.3,2,0,0,2,0,0,33.3,0.0,0.0,0
TN215156,Béja,Béja Nord,El Kasba,3,2,66.7,2,100.0,34.2,100.0,2,100.0,2,0,0,2,0,0,100.0,0.0,0.0,0
TN215157,Béja,Béja Nord,Azra,2,2,100.0,1,50.0,9.5,90.5,1,50.0,1,0,0,1,0,0,50.0,0.0,0.0,0
TN215158,Béja,Béja Nord,El Ghriria,2,2,100.0,2,100.0,34.2,100.0,2,100.0,2,0,0,2,0,0,100.0,0.0,0.0,0
TN215159,Béja,Béja Nord,El Mounchar,4,4,100.0,1,25.0,4.6,69.9,1,25.0,1,0,0,1,0,0,25.0,0.0,0.0,0
TN215160,Béja,Béja Nord,Ksar Mezouar,4,4,100.0,3,75.0,30.1,95.4,4,100.0,4,0,0,3,0,0,75.0,0.0,0.0,0
TN215161,Béja,Béja Nord,Bou Hzam,2,2,100.0,2,100.0,34.2,100.0,3,150.0,3,0,0,2,0,0,100.0,0.0,0.0,0
TN215162,Béja,Béja Nord,En-Nakachia,2,2,100.0,1,50.0,9.5,90.5,1,50.0,1,0,0,1,0,0,50.0,0.0,0.0,0
TN215163,Béja,Béja Nord,El Ghraba,2,2,100.0,2,100.0,34.2,100.0,4,200.0,4,0,0,2,0,0,100.0,0.0,0.0,0
TN215164,Béja,Béja Nord,Ain Soltane,2,2,100.0,2,100.0,34.2,100.0,2,100.0,2,0,0,2,0,0,100.0,0.0,0.0,0
TN215251,Béja,Béja Sud,Sidi Fredj,4,4,100.0,4,100.0,51.0,100.0,5,125.0,5,0,0,4,0,0,100.0,0.0,0.0,0
TN215252,Béja,Béja Sud,El Haouari,7,7,100.0,6,85.7,48.7,97.4,7,100.0,6,0,1,6,0,1,85.7,0.0,14.3,0
TN215253,Béja,Béja Sud,El Maagoula,6,6,100.0,5,83.3,43.6,97.0,6,100.0,6,0,0,5,0,0,83.3,0.0,0.0,0
TN215254,Béja,Béja Sud,Hammam Siala,2,2,100.0,0,0.0,0.0,65.8,0,0.0,0,0,0,0,0,0,0.0,0.0,0.0,0
TN215255,Béja,Béja Sud,Sidi Smail,5,4,80.0,2,50.0,15.0,85.0,2,50.0,2,0,0,2,0,0,50.0,0.0,0.0,0
TN215256,Béja,Béja Sud,Mekhachbia,2,1,50.0,1,100.0,20.7,100.0,1,100.0,1,0,0,1,0,0,100.0,0.0,0.0,0
TN215257,Béja,Béja Sud,Sidi Es-Shili,2,2,100.0,2,100.0,34.2,100.0,2,100.0,2,0,0,2,0,0,100.0,0.0,0.0,0
TN215258,Béja,Béja Sud,Zouagha,2,2,100.0,0,0.0,0.0,65.8,0,0.0,0,0,0,0,0,0,0.0,0.0,0.0,0
TN215259,Béja,Béja Sud,Mestouta,1,1,100.0,1,100.0,20.7,100.0,2,200.0,2,0,0,1,0,0,100.0,0.0,0.0,0
TN215351,Béja,Amdoun,Zahret Medien,5,5,100.0,4,80.0,37.6,96.4,4,80.0,4,0,0,4,0,0,80.0,0.0,0.0,0
TN215352,Béja,Amdoun,Zahret Medien Sud,2,2,100.0,2,100.0,34.2,100.0,2,100.0,2,0,0,2,0,0,100.0,0.0,0.0,0
TN215353,Béja,Amdoun,El Fraijia,1,1,100.0,1,100.0,20.7,100.0,2,200.0,2,0,0,1,0,0,100.0,0.0,0.0,0
TN215354,Béja,Amdoun,El Ghorfa,1,1,100.0,1,100.0,20.7,100.0,2,200.0,2,0,0,1,0,0,100.0,0.0,0.0,0
TN215355,Béja,Amdoun,Romadhnia,1,1,100.0,1,100.0,20.7,100.0,1,100.0,1,0,0,1,0,0,100.0,0.0,0.0,0
TN215356,Béja,Amdoun,Maghraoua,1,1,100.0,1,100.0,20.7,100.0,2,200.0,2,0,0,1,0,0,100.0,0.0,0.0,0
TN215357,Béja,Amdoun,Sabah,1,1,100.0,0,0.0,0.0,79.3,0,0.0,0,0,0,0,0,0,0.0,0.0,0.0,0
TN215358,Béja,Amdoun,El Mejaless,2,2,100.0,2,100.0,34.2,100.0,4,200.0,4,0,0,2,0,0,100.0,0.0,0.0,0
TN215359,Béja,Amdoun,El Hamra,2,2,100.0,2,100.0,34.2,100.0,4,200.0,4,0,0,2,0,0,100.0,0.0,0.0,0
TN215360,Béja,Amdoun,Ghazia,2,2,100.0,1,50.0,9.5,90.5,2,100.0,2,0,0,1,0,0,50.0,0.0,0.0,0
TN215361,Béja,Amdoun,Malek,1,1,100.0,1,100.0,20.7,100.0,2,200.0,2,0,0,1,0,0,100.0,0.0,0.0,0
TN215362,Béja,Amdoun,Tarhouni,1,1,100.0,1,100.0,20.7,100.0,2,200.0,2,0,0,1,0,0,100.0,0.0,0.0,0
TN215363,Béja,Amdoun,El Goussa,2,2,100.0,2,100.0,34.2,100.0,5,250.0,5,0,0,2,0,0,100.0,0.0,0.0,0
TN215364,Béja,Amdoun,El Djouza,1,1,100.0,1,100.0,20.7,100.0,2,200.0,2,0,0,1,0,0,100.0,0.0,0.0,0
TN215451,Béja,Nefza,Nefza Est,5,5,100.0,5,100.0,56.6,100.0,7,140.0,5,0,2,5,0,2,100.0,0.0,40.0,0
TN215452,Béja,Nefza,Nefza Ouest,7,7,100.0,6,85.7,48.7,97.4,10,142.9,9,0,1,6,0,1,85.7,0.0,14.3,0
TN215453,Béja,Nefza,Ouachtata,4,4,100.0,4,100.0,51.0,100.0,9,225.0,7,0,2,4,0,2,100.0,0.0,50.0,0
TN215454,Béja,Nefza,Kap Negro,2,2,100.0,2,100.0,34.2,100.0,5,250.0,5,0,0,2,0,0,100.0,0.0,0.0,0
TN215455,Béja,Nefza,Ezzouaraa,3,3,100.0,3,100.0,43.8,100.0,5,166.7,5,0,0,3,0,0,100.0,0.0,0.0,1
TN215456,Béja,Nefza,Bou-Zenna,2,2,100.0,2,100.0,34.2,100.0,4,200.0,4,0,0,2,0,0,100.0,0.0,0.0,0
TN215457,Béja,Nefza,Maktaa Hadid,1,1,100.0,1,100.0,20.7,100.0,1,100.0,1,0,0,1,0,0,100.0,0.0,0.0,0
TN215458,Béja,Nefza,Bellif,2,2,100.0,1,50.0,9.5,90.5,2,100.0,1,0,1,1,0,1,50.0,0.0,50.0,0
TN215459,Béja,Nefza,Djebel Ediss,5,5,100.0,5,100.0,56.6,100.0,6,120.0,6,0,0,5,0,0,100.0,0.0,0.0,0
TN215460,Béja,Nefza,Fatnassa,2,2,100.0,2,100.0,34.2,100.0,5,250.0,4,0,1,2,0,1,100.0,0.0,50.0,0
TN215461,Béja,Nefza,Ghayadha,1,1,100.0,1,100.0,20.7,100.0,2,200.0,2,0,0,1,0,0,100.0,0.0,0.0,0
TN215462,Béja,Nefza,Zaga,3,3,100.0,3,100.0,43.8,100.0,4,133.3,4,0,0,3,0,0,100.0,0.0,0.0,0
TN215463,Béja,Nefza,Tebaba,2,2,100.0,2,100.0,34.2,100.0,2,100.0,2,0,0,2,0,0,100.0,0.0,0.0,0
TN215464,Béja,Nefza,Oued El Maaden,2,2,100.0,2,100.0,34.2,100.0,3,150.0,3,0,0,2,0,0,100.0,0.0,0.0,0
TN215465,Béja,Nefza,Djamila,4,4,100.0,4,100.0,51.0,100.0,6,150.0,5,0,1,4,0,1,100.0,0.0,25.0,0
TN215466,Béja,Nefza,Dehiret,2,2,100.0,2,100.0,34.2,100.0,4,200.0,3,0,1,2,0,1,100.0,0.0,50.0,0
TN215551,Béja,Téboursouk,Teboursouk Ville,3,3,100.0,3,100.0,43.8,100.0,3,100.0,3,0,0,3,0,0,100.0,0.0,0.0,0
TN215552,Béja,Téboursouk,Ain El Karma,4,4,100.0,4,100.0,51.0,100.0,4,100.0,4,0,0,4,0,0,100.0,0.0,0.0,0
TN215553,Béja,Téboursouk,El Menchia,4,4,100.0,4,100.0,51.0,100.0,5,125.0,5,0,0,4,0,0,100.0,0.0,0.0,0
TN215554,Béja,Téboursouk,Dougga,3,3,100.0,1,33.3,6.1,79.2,1,33.3,1,0,0,1,0,0,33.3,0.0,0.0,0
TN215555,Béja,Téboursouk,Rihana,1,1,100.0,1,100.0,20.7,100.0,1,100.0,1,0,0,1,0,0,100.0,0.0,0.0,0
TN215556,Béja,Téboursouk,Ain El Melliti,2,1,50.0,1,100.0,20.7,100.0,1,100.0,1,0,0,1,0,0,100.0,0.0,0.0,0
TN215557,Béja,Téboursouk,Fadden Es-Souk,2,2,100.0,2,100.0,34.2,100.0,2,100.0,2,0,0,2,0,0,100.0,0.0,0.0,0
TN215558,Béja,Téboursouk,Ain El Hammam,1,1,100.0,1,100.0,20.7,100.0,2,200.0,2,0,0,1,0,0,100.0,0.0,0.0,0
TN215559,Béja,Téboursouk,Ain Djammala,2,2,100.0,2,100.0,34.2,100.0,3,150.0,3,0,0,2,0,0,100.0,0.0,0.0,0
TN215560,Béja,Téboursouk,Bir Ettouta,2,2,100.0,2,100.0,34.2,100.0,3,150.0,3,0,0,2,0,0,100.0,0.0,0.0,0
TN215651,Béja,Thibar,Tibar,3,3,100.0,3,100.0,43.8,100.0,3,100.0,3,0,0,3,0,0,100.0,0.0,0.0,0
TN215652,Béja,Thibar,Djebba,3,3,100.0,3,100.0,43.8,100.0,4,133.3,4,0,0,3,0,0,100.0,0.0,0.0,0
TN215653,Béja,Thibar,Ain Ed-Defali,2,2,100.0,2,100.0,34.2,100.0,3,150.0,3,0,0,2,0,0,100.0,0.0,0.0,0
TN215654,Béja,Thibar,En-Nechima,2,2,100.0,1,50.0,9.5,90.5,1,50.0,1,0,0,1,0,0,50.0,0.0,0.0,0
TN215751,Béja,Testour,Testour,2,1,50.0,1,100.0,20.7,100.0,1,100.0,1,0,0,1,0,0,100.0,0.0,0.0,0
TN215752,Béja,Testour,Ibn Zeydoun,4,4,100.0,3,75.0,30.1,95.4,4,100.0,4,0,0,3,0,0,75.0,0.0,0.0,1
TN215753,Béja,Testour,Cite 26 Fevrier,6,6,100.0,5,83.3,43.6,97.0,8,133.3,8,0,0,5,0,0,83.3,0.0,0.0,0
TN215754,Béja,Testour,Mezougha,2,2,100.0,2,100.0,34.2,100.0,2,100.0,2,0,0,2,0,0,100.0,0.0,0.0,0
TN215755,Béja,Testour,Zeldou,3,3,100.0,3,100.0,43.8,100.0,6,200.0,6,0,0,3,0,0,100.0,0.0,0.0,0
TN215756,Béja,Testour,Ouled Salama,2,2,100.0,1,50.0,9.5,90.5,2,100.0,2,0,0,1,0,0,50.0,0.0,0.0,0
TN215757,Béja,Testour,Es-Slouguia,6,6,100.0,6,100.0,61.0,100.0,12,200.0,12,0,0,6,0,0,100.0,0.0,0.0,0
TN215758,Béja,Testour,Ain Younes,3,3,100.0,3,100.0,43.8,100.0,5,166.7,5,0,0,3,0,0,100.0,0.0,0.0,0
TN215759,Béja,Testour,Es-Sekhira,2,2,100.0,2,100.0,34.2,100.0,3,150.0,3,0,0,2,0,0,100.0,0.0,0.0,0
TN215760,Béja,Testour,Oued Ezzargua,4,4,100.0,3,75.0,30.1,95.4,3,75.0,3,0,0,3,0,0,75.0,0.0,0.0,0
TN215761,Béja,Testour,Sidi Abdelaziz,1,1,100.0,1,100.0,20.7,100.0,3,300.0,3,0,0,1,0,0,100.0,0.0,0.0,0
TN215762,Béja,Testour,Sidi Ameur,1,1,100.0,0,0.0,0.0,79.3,0,0.0,0,0,0,0,0,0,0.0,0.0,0.0,0
TN215851,Béja,Goubellat,Goubellat,6,6,100.0,5,83.3,43.6,97.0,6,100.0,6,0,0,5,0,0,83.3,0.0,0.0,1
TN215852,Béja,Goubellat,El Gammarthi,1,1,100.0,1,100.0,20.7,100.0,1,100.0,1,0,0,1,0,0,100.0,0.0,0.0,0
TN215853,Béja,Goubellat,Guerram,1,1,100.0,1,100.0,20.7,100.0,1,100.0,1,0,0,1,0,0,100.0,0.0,0.0,0
TN215854,Béja,Goubellat,Dour Esmail,2,2,100.0,2,100.0,34.2,100.0,3,150.0,3,0,0,2,0,0,100.0,0.0,0.0,0
TN215855,Béja,Goubellat,Bir El Euch,2,2,100.0,2,100.0,34.2,100.0,2,100.0,2,0,0,2,0,0,100.0,0.0,0.0,0
TN215856,Béja,Goubellat,Kheniguet Ed-Dahane,1,1,100.0,1,100.0,20.7,100.0,3,300.0,3,0,0,1,0,0,100.0,0.0,0.0,0
TN215857,Béja,Goubellat,Khacheb,2,2,100.0,1,50.0,9.5,90.5,2,100.0,2,0,0,1,0,0,50.0,0.0,0.0,0
TN215858,Béja,Goubellat,Cheikh El Ouediane,2,2,100.0,1,50.0,9.5,90.5,1,50.0,1,0,0,1,0,0,50.0,0.0,0.0,0
TN215951,Béja,Mejez El Bab,Medjez El Bab Ville,5,5,100.0,2,40.0,11.8,76.9,2,40.0,1,0,1,1,0,1,20.0,0.0,20.0,0
TN215952,Béja,Mejez El Bab,Medjez El Bab Sud,4,4,100.0,1,25.0,4.6,69.9,2,50.0,1,0,1,1,0,1,25.0,0.0,25.0,0
TN215953,Béja,Mejez El Bab,Sidi Medien,2,2,100.0,1,50.0,9.5,90.5,1,50.0,1,0,0,1,0,0,50.0,0.0,0.0,0
TN215954,Béja,Mejez El Bab,El Ksar,2,2,100.0,1,50.0,9.5,90.5,1,50.0,1,0,0,1,0,0,50.0,0.0,0.0,0
TN215955,Béja,Mejez El Bab,El Heri,2,2,100.0,0,0.0,0.0,65.8,0,0.0,0,0,0,0,0,0,0.0,0.0,0.0,0
TN215956,Béja,Mejez El Bab,Tokaber,2,2,100.0,0,0.0,0.0,65.8,0,0.0,0,0,0,0,0,0,0.0,0.0,0.0,0
TN215957,Béja,Mejez El Bab,Chaouach,1,1,100.0,1,100.0,20.7,100.0,1,100.0,1,0,0,1,0,0,100.0,0.0,0.0,0
TN215958,Béja,Mejez El Bab,Sidi Nasr,3,3,100.0,0,0.0,0.0,56.2,0,0.0,0,0,0,0,0,0,0.0,0.0,0.0,0
TN215959,Béja,Mejez El Bab,Sidi Ahmed El Jedidi,1,1,100.0,0,0.0,0.0,79.3,0,0.0,0,0,0,0,0,0,0.0,0.0,0.0,0
TN215960,Béja,Mejez El Bab,El Gueriaat,2,2,100.0,0,0.0,0.0,65.8,0,0.0,0,0,0,0,0,0,0.0,0.0,0.0,0
TN215961,Béja,Mejez El Bab,Hidouss,1,1,100.0,0,0.0,0.0,79.3,0,0.0,0,0,0,0,0,0,0.0,0.0,0.0,0
TN215962,Béja,Mejez El Bab,El Mouatiss,7,7,100.0,1,14.3,2.6,51.3,1,14.3,1,0,0,1,0,0,14.3,0.0,0.0,0
TN215963,Béja,Mejez El Bab,Guerich El Ouedi,1,1,100.0,0,0.0,0.0,79.3,0,0.0,0,0,0,0,0,0,0.0,0.0,0.0,0
TN215964,Béja,Mejez El Bab,Sidi Erraies,6,6,100.0,1,16.7,3.0,56.4,1,16.7,1,0,0,1,0,0,16.7,0.0,0.0,0
TN225151,Jendouba,Jendouba Sud,Ezzeghaida,8,8,100.0,1,12.5,2.2,47.1,1,12.5,1,0,0,1,0,0,12.5,0.0,0.0,1
TN225152,Jendouba,Jendouba Sud,Jendouba Sud,12,12,100.0,4,33.3,13.8,60.9,5,41.7,5,0,0,4,0,0,33.3,0.0,0.0,0
TN225153,Jendouba,Jendouba Sud,En-Nour,13,13,100.0,7,53.8,29.1,76.8,7,53.8,6,0,1,6,0,1,46.2,0.0,7.7,0
TN225154,Jendouba,Jendouba Sud,Es-Saada,3,3,100.0,3,100.0,43.8,100.0,5,166.7,5,0,0,3,0,0,100.0,0.0,0.0,0
TN225155,Jendouba,Jendouba Sud,El Malga,4,4,100.0,2,50.0,15.0,85.0,2,50.0,2,0,0,2,0,0,50.0,0.0,0.0,0
TN225156,Jendouba,Jendouba Sud,Ettataouer,7,7,100.0,3,42.9,15.8,75.0,3,42.9,3,0,0,3,0,0,42.9,0.0,0.0,0
TN225157,Jendouba,Jendouba Sud,Souk Es-Sebt,4,4,100.0,1,25.0,4.6,69.9,1,25.0,0,0,1,0,0,1,0.0,0.0,25.0,0
TN225158,Jendouba,Jendouba Sud,El Aitha,4,4,100.0,1,25.0,4.6,69.9,1,25.0,0,0,1,0,0,1,0.0,0.0,25.0,0
TN225159,Jendouba,Jendouba Sud,Ain Karima,2,2,100.0,0,0.0,0.0,65.8,0,0.0,0,0,0,0,0,0,0.0,0.0,0.0,0
TN225160,Jendouba,Jendouba Sud,Maalla,1,1,100.0,1,100.0,20.7,100.0,1,100.0,1,0,0,1,0,0,100.0,0.0,0.0,0
TN225161,Jendouba,Jendouba Sud,El-Jerif,4,4,100.0,4,100.0,51.0,100.0,4,100.0,4,0,0,4,0,0,100.0,0.0,0.0,0
TN225162,Jendouba,Jendouba Sud,El Azima,3,3,100.0,1,33.3,6.1,79.2,1,33.3,1,0,0,1,0,0,33.3,0.0,0.0,0
TN225251,Jendouba,Jendouba Nord,El Ferdous,10,10,100.0,7,70.0,39.7,89.2,8,80.0,7,0,1,7,0,1,70.0,0.0,10.0,0
TN225252,Jendouba,Jendouba Nord,El Hedi Ben Hassine,4,4,100.0,2,50.0,15.0,85.0,3,75.0,3,0,0,2,0,0,50.0,0.0,0.0,0
TN225253,Jendouba,Jendouba Nord,Ezzouhour,2,2,100.0,2,100.0,34.2,100.0,3,150.0,3,0,0,2,0,0,100.0,0.0,0.0,0
TN225254,Jendouba,Jendouba Nord,El Khadhra,3,3,100.0,3,100.0,43.8,100.0,4,133.3,4,0,0,3,0,0,100.0,0.0,0.0,0
TN225255,Jendouba,Jendouba Nord,Es-Souani,3,3,100.0,0,0.0,0.0,56.2,0,0.0,0,0,0,0,0,0,0.0,0.0,0.0,0
TN225256,Jendouba,Jendouba Nord,Bulla-Regja,4,4,100.0,2,50.0,15.0,85.0,3,75.0,3,0,0,2,0,0,50.0,0.0,0.0,0
TN225257,Jendouba,Jendouba Nord,Zatfoura,4,4,100.0,2,50.0,15.0,85.0,3,75.0,3,0,0,2,0,0,50.0,0.0,0.0,0
TN225258,Jendouba,Jendouba Nord,Chemtou,3,3,100.0,1,33.3,6.1,79.2,1,33.3,1,0,0,1,0,0,33.3,0.0,0.0,0
TN225259,Jendouba,Jendouba Nord,Ed-Dir,3,3,100.0,3,100.0,43.8,100.0,6,200.0,6,0,0,3,0,0,100.0,0.0,0.0,0
TN225260,Jendouba,Jendouba Nord,Souk Djemaa,3,3,100.0,2,66.7,20.8,93.9,2,66.7,2,0,0,2,0,0,66.7,0.0,0.0,0
TN225351,Jendouba,Bousalem,Bou Salem Nord,13,13,100.0,4,30.8,12.7,57.6,4,30.8,4,0,0,4,0,0,30.8,0.0,0.0,0
TN225352,Jendouba,Bousalem,Bou Salem Sud,2,2,100.0,1,50.0,9.5,90.5,2,100.0,2,0,0,1,0,0,50.0,0.0,0.0,0
TN225353,Jendouba,Bousalem,Erroumani,2,2,100.0,2,100.0,34.2,100.0,2,100.0,2,0,0,2,0,0,100.0,0.0,0.0,0
TN225354,Jendouba,Bousalem,El Brahmi,3,3,100.0,2,66.7,20.8,93.9,2,66.7,2,0,0,2,0,0,66.7,0.0,0.0,0
TN225355,Jendouba,Bousalem,El Marja,3,3,100.0,0,0.0,0.0,56.2,0,0.0,0,0,0,0,0,0,0.0,0.0,0.0,0
TN225356,Jendouba,Bousalem,Bir Lakhdar,4,4,100.0,3,75.0,30.1,95.4,3,75.0,3,0,0,3,0,0,75.0,0.0,0.0,0
TN225357,Jendouba,Bousalem,El Koudia,2,2,100.0,2,100.0,34.2,100.0,2,100.0,2,0,0,2,0,0,100.0,0.0,0.0,0
TN225358,Jendouba,Bousalem,El Msanghouche,4,4,100.0,1,25.0,4.6,69.9,1,25.0,1,0,0,1,0,0,25.0,0.0,0.0,1
TN225359,Jendouba,Bousalem,Sidi Abid,2,2,100.0,2,100.0,34.2,100.0,2,100.0,2,0,0,2,0,0,100.0,0.0,0.0,0
TN225451,Jendouba,Tabarka,Tabarka,13,13,100.0,6,46.2,23.2,70.9,7,53.8,4,0,3,4,0,3,30.8,0.0,23.1,0
TN225452,Jendouba,Tabarka,Raihane,7,7,100.0,3,42.9,15.8,75.0,4,57.1,4,0,0,3,0,0,42.9,0.0,0.0,0
TN225453,Jendouba,Tabarka,El Hamdia,8,8,100.0,5,62.5,30.6,86.3,5,62.5,5,0,0,5,0,0,62.5,0.0,0.0,0
TN225454,Jendouba,Tabarka,El Hammam,3,3,100.0,2,66.7,20.8,93.9,4,133.3,4,0,0,2,0,0,66.7,0.0,0.0,0
TN225455,Jendouba,Tabarka,Ain Es-Sobh,6,6,100.0,6,100.0,61.0,100.0,6,100.0,6,0,0,6,0,0,100.0,0.0,0.0,1
TN225456,Jendouba,Tabarka,Nadhour,5,5,100.0,3,60.0,23.1,88.2,5,100.0,5,0,0,3,0,0,60.0,0.0,0.0,0
TN225457,Jendouba,Tabarka,Melloula,1,1,100.0,1,100.0,20.7,100.0,3,300.0,3,0,0,1,0,0,100.0,0.0,0.0,0
TN225458,Jendouba,Tabarka,Ain Es-Snoussi,4,4,100.0,4,100.0,51.0,100.0,4,100.0,4,0,0,4,0,0,100.0,0.0,0.0,0
TN225551,Jendouba,Aïn Draham,Ain Drahem Ville,10,10,100.0,3,30.0,10.8,60.3,4,40.0,3,0,1,3,0,1,30.0,0.0,10.0,1
TN225552,Jendouba,Aïn Draham,Ain Draham Banlieue,3,3,100.0,3,100.0,43.8,100.0,4,133.3,4,0,0,3,0,0,100.0,0.0,0.0,0
TN225553,Jendouba,Aïn Draham,Ouled Sedra,3,3,100.0,3,100.0,43.8,100.0,4,133.3,4,0,0,3,0,0,100.0,0.0,0.0,0
TN225554,Jendouba,Aïn Draham,El Atatfa,3,3,100.0,3,100.0,43.8,100.0,3,100.0,3,0,0,3,0,0,100.0,0.0,0.0,0
TN225555,Jendouba,Aïn Draham,El Homrane,2,2,100.0,1,50.0,9.5,90.5,1,50.0,1,0,0,1,0,0,50.0,0.0,0.0,0
TN225556,Jendouba,Aïn Draham,Etbainia,3,3,100.0,2,66.7,20.8,93.9,2,66.7,2,0,0,2,0,0,66.7,0.0,0.0,0
TN225557,Jendouba,Aïn Draham,Khemairia,6,6,100.0,4,66.7,30.0,90.3,4,66.7,4,0,0,4,0,0,66.7,0.0,0.0,0
TN225558,Jendouba,Aïn Draham,Selloul,3,3,100.0,2,66.7,20.8,93.9,3,100.0,3,0,0,2,0,0,66.7,0.0,0.0,0
TN225559,Jendouba,Aïn Draham,Er-Rouii,3,3,100.0,2,66.7,20.8,93.9,2,66.7,2,0,0,2,0,0,66.7,0.0,0.0,1
TN225560,Jendouba,Aïn Draham,Tegma,2,2,100.0,1,50.0,9.5,90.5,1,50.0,1,0,0,1,0,0,50.0,0.0,0.0,0
TN225561,Jendouba,Aïn Draham,Ain Salam,2,2,100.0,2,100.0,34.2,100.0,3,150.0,3,0,0,2,0,0,100.0,0.0,0.0,0
TN225562,Jendouba,Aïn Draham,Oued Ezzan,1,1,100.0,1,100.0,20.7,100.0,2,200.0,2,0,0,1,0,0,100.0,0.0,0.0,0
TN225651,Jendouba,Fernana,Fernana,10,10,100.0,6,60.0,31.3,83.2,6,60.0,6,0,0,6,0,0,60.0,0.0,0.0,0
TN225652,Jendouba,Fernana,Oued Ghrib,5,5,100.0,3,60.0,23.1,88.2,3,60.0,3,0,0,3,0,0,60.0,0.0,0.0,1
TN225653,Jendouba,Fernana,Rabiaa,2,2,100.0,1,50.0,9.5,90.5,2,100.0,2,0,0,1,0,0,50.0,0.0,0.0,0
TN225654,Jendouba,Fernana,Ouled Mefada,3,3,100.0,3,100.0,43.8,100.0,4,133.3,4,0,0,3,0,0,100.0,0.0,0.0,0
TN225655,Jendouba,Fernana,El Gouaidia,3,3,100.0,3,100.0,43.8,100.0,4,133.3,4,0,0,3,0,0,100.0,0.0,0.0,0
TN225656,Jendouba,Fernana,Beni M'Tir,1,1,100.0,1,100.0,20.7,100.0,3,300.0,3,0,0,1,0,0,100.0,0.0,0.0,0
TN225657,Jendouba,Fernana,Gloub Ethirane,2,2,100.0,1,50.0,9.5,90.5,1,50.0,1,0,0,1,0,0,50.0,0.0,0.0,0
TN225658,Jendouba,Fernana,Gloub Ethirane Nord,2,2,100.0,2,100.0,34.2,100.0,3,150.0,3,0,0,2,0,0,100.0,0.0,0.0,0
TN225659,Jendouba,Fernana,Hedhil,2,2,100.0,2,100.0,34.2,100.0,4,200.0,4,0,0,2,0,0,100.0,0.0,0.0,0
TN225660,Jendouba,Fernana,El Adhar,3,3,100.0,3,100.0,43.8,100.0,4,133.3,4,0,0,3,0,0,100.0,0.0,0.0,0
TN225661,Jendouba,Fernana,Jaouaouada,4,4,100.0,4,100.0,51.0,100.0,6,150.0,6,0,0,4,0,0,100.0,0.0,0.0,0
TN225662,Jendouba,Fernana,Ain El Beya,4,4,100.0,4,100.0,51.0,100.0,6,150.0,6,0,0,4,0,0,100.0,0.0,0.0,0
TN225663,Jendouba,Fernana,Bou Hertma,2,2,100.0,2,100.0,34.2,100.0,3,150.0,3,0,0,2,0,0,100.0,0.0,0.0,0
TN225664,Jendouba,Fernana,Halima,4,4,100.0,4,100.0,51.0,100.0,5,125.0,5,0,0,4,0,0,100.0,0.0,0.0,0
TN225665,Jendouba,Fernana,Sidi Ammar,2,2,100.0,0,0.0,0.0,65.8,0,0.0,0,0,0,0,0,0,0.0,0.0,0.0,0
TN225751,Jendouba,Ghardimaou,Ghardimaou,16,16,100.0,12,75.0,50.5,89.8,13,81.2,13,0,0,12,0,0,75.0,0.0,0.0,1
TN225752,Jendouba,Ghardimaou,Ghardimaou Nord,2,2,100.0,2,100.0,34.2,100.0,2,100.0,2,0,0,2,0,0,100.0,0.0,0.0,0
TN225753,Jendouba,Ghardimaou,El Maaden,4,4,100.0,3,75.0,30.1,95.4,4,100.0,4,0,0,3,0,0,75.0,0.0,0.0,0
TN225754,Jendouba,Ghardimaou,Er-Rakha,4,4,100.0,2,50.0,15.0,85.0,5,125.0,5,0,0,2,0,0,50.0,0.0,0.0,0
TN225755,Jendouba,Ghardimaou,Ain Soltane,4,4,100.0,4,100.0,51.0,100.0,5,125.0,5,0,0,4,0,0,100.0,0.0,0.0,0
TN225756,Jendouba,Ghardimaou,Ouechtata,3,3,100.0,2,66.7,20.8,93.9,6,200.0,6,0,0,2,0,0,66.7,0.0,0.0,0
TN225757,Jendouba,Ghardimaou,Ed-Daoura,5,5,100.0,4,80.0,37.6,96.4,4,80.0,4,0,0,4,0,0,80.0,0.0,0.0,0
TN225758,Jendouba,Ghardimaou,Es-Sraia,6,6,100.0,4,66.7,30.0,90.3,6,100.0,6,0,0,4,0,0,66.7,0.0,0.0,0
TN225759,Jendouba,Ghardimaou,Forgassen,3,3,100.0,1,33.3,6.1,79.2,1,33.3,1,0,0,1,0,0,33.3,0.0,0.0,0
TN225760,Jendouba,Ghardimaou,Fej Hassine,3,3,100.0,2,66.7,20.8,93.9,3,100.0,3,0,0,2,0,0,66.7,0.0,0.0,0
TN225761,Jendouba,Ghardimaou,Mrassen,4,4,100.0,3,75.0,30.1,95.4,3,75.0,3,0,0,3,0,0,75.0,0.0,0.0,0
TN225762,Jendouba,Ghardimaou,El Galaa,8,8,100.0,0,0.0,0.0,32.4,0,0.0,0,0,0,0,0,0,0.0,0.0,0.0,0
TN225851,Jendouba,Oued Mliz,Oued Meliz Est,7,7,100.0,7,100.0,64.6,100.0,9,128.6,9,0,0,7,0,0,100.0,0.0,0.0,0
TN225852,Jendouba,Oued Mliz,Oued Meliz Ouest,2,2,100.0,2,100.0,34.2,100.0,2,100.0,2,0,0,2,0,0,100.0,0.0,0.0,0
TN225853,Jendouba,Oued Mliz,Dkhailia,4,4,100.0,4,100.0,51.0,100.0,6,150.0,6,0,0,4,0,0,100.0,0.0,0.0,0
TN225854,Jendouba,Oued Mliz,Hakim Nord,1,1,100.0,1,100.0,20.7,100.0,1,100.0,1,0,0,1,0,0,100.0,0.0,0.0,0
TN225855,Jendouba,Oued Mliz,Hakim Sud,4,4,100.0,4,100.0,51.0,100.0,4,100.0,4,0,0,4,0,0,100.0,0.0,0.0,0
TN225951,Jendouba,Balta Bou Aouane,Assila,3,3,100.0,1,33.3,6.1,79.2,1,33.3,1,0,0,1,0,0,33.3,0.0,0.0,0
TN225952,Jendouba,Balta Bou Aouane,Ghezala,3,3,100.0,1,33.3,6.1,79.2,1,33.3,1,0,0,1,0,0,33.3,0.0,0.0,0
TN225953,Jendouba,Balta Bou Aouane,El Aouaoudha,3,3,100.0,3,100.0,43.8,100.0,3,100.0,3,0,0,3,0,0,100.0,0.0,0.0,0
TN225954,Jendouba,Balta Bou Aouane,El Baldia,1,1,100.0,1,100.0,20.7,100.0,1,100.0,1,0,0,1,0,0,100.0,0.0,0.0,0
TN225955,Jendouba,Balta Bou Aouane,Cheouaoula,3,3,100.0,0,0.0,0.0,56.2,0,0.0,0,0,0,0,0,0,0.0,0.0,0.0,0
TN225956,Jendouba,Balta Bou Aouane,Beni M'Hamed,3,3,100.0,0,0.0,0.0,56.2,0,0.0,0,0,0,0,0,0,0.0,0.0,0.0,0
TN225957,Jendouba,Balta Bou Aouane,Somrane,3,3,100.0,1,33.3,6.1,79.2,1,33.3,1,0,0,1,0,0,33.3,0.0,0.0,0
TN225958,Jendouba,Balta Bou Aouane,Balta,3,3,100.0,0,0.0,0.0,56.2,0,0.0,0,0,0,0,0,0,0.0,0.0,0.0,1
TN225959,Jendouba,Balta Bou Aouane,Abdeljaber,1,1,100.0,1,100.0,20.7,100.0,1,100.0,1,0,0,1,0,0,100.0,0.0,0.0,0
TN225960,Jendouba,Balta Bou Aouane,Bou Aouane,4,4,100.0,1,25.0,4.6,69.9,1,25.0,1,0,0,1,0,0,25.0,0.0,0.0,0
TN225961,Jendouba,Balta Bou Aouane,Oued Kesseb,3,3,100.0,3,100.0,43.8,100.0,3,100.0,3,0,0,3,0,0,100.0,0.0,0.0,0
TN225962,Jendouba,Balta Bou Aouane,Boulaaba,3,3,100.0,2,66.7,20.8,93.9,2,66.7,2,0,0,2,0,0,66.7,0.0,0.0,0
TN235151,Le Kef,Kef Ouest,Oued Remel Nord,2,2,100.0,1,50.0,9.5,90.5,1,50.0,1,0,0,1,0,0,50.0,0.0,0.0,0
TN235152,Le Kef,Kef Ouest,Oued Remel Sud,6,5,83.3,5,100.0,56.6,100.0,5,100.0,5,0,0,5,0,0,100.0,0.0,0.0,0
TN235153,Le Kef,Kef Ouest,Haouareth Sud,19,18,94.7,16,88.9,67.2,96.9,16,88.9,16,0,0,16,0,0,88.9,0.0,0.0,0
TN235251,Le Kef,Kef Est,Charfine,8,8,100.0,8,100.0,67.6,100.0,9,112.5,8,0,1,8,0,1,100.0,0.0,12.5,0
TN235252,Le Kef,Kef Est,Ben Ainine,6,5,83.3,4,80.0,37.6,96.4,5,100.0,5,0,0,4,0,0,80.0,0.0,0.0,1
TN235253,Le Kef,Kef Est,Haouareth Nord,5,5,100.0,2,40.0,11.8,76.9,2,40.0,2,0,0,2,0,0,40.0,0.0,0.0,0
TN235254,Le Kef,Kef Est,Zaafrane,5,5,100.0,3,60.0,23.1,88.2,3,60.0,3,0,0,3,0,0,60.0,0.0,0.0,0
TN235255,Le Kef,Kef Est,Oued Souani,2,2,100.0,2,100.0,34.2,100.0,2,100.0,2,0,0,2,0,0,100.0,0.0,0.0,0
TN235256,Le Kef,Kef Est,Oued Souani Sud,2,2,100.0,2,100.0,34.2,100.0,2,100.0,2,0,0,2,0,0,100.0,0.0,0.0,0
TN235257,Le Kef,Kef Est,Dyr El Kef,6,6,100.0,4,66.7,30.0,90.3,4,66.7,4,0,0,4,0,0,66.7,0.0,0.0,0
TN235258,Le Kef,Kef Est,Hached,5,4,80.0,3,75.0,30.1,95.4,3,75.0,3,0,0,3,0,0,75.0,0.0,0.0,0
TN235351,Le Kef,Nebeur,Nebeur,4,4,100.0,4,100.0,51.0,100.0,4,100.0,4,0,0,4,0,0,100.0,0.0,0.0,0
TN235352,Le Kef,Nebeur,Sarkaouna,2,2,100.0,2,100.0,34.2,100.0,2,100.0,2,0,0,2,0,0,100.0,0.0,0.0,0
TN235353,Le Kef,Nebeur,Tel El Ghozlane,2,2,100.0,2,100.0,34.2,100.0,2,100.0,2,0,0,2,0,0,100.0,0.0,0.0,0
TN235354,Le Kef,Nebeur,Sidi Khiar,3,3,100.0,3,100.0,43.8,100.0,3,100.0,3,0,0,3,0,0,100.0,0.0,0.0,0
TN235355,Le Kef,Nebeur,Mellala,2,2,100.0,2,100.0,34.2,100.0,2,100.0,2,0,0,2,0,0,100.0,0.0,0.0,0
TN235356,Le Kef,Nebeur,Ledhieb,3,3,100.0,2,66.7,20.8,93.9,2,66.7,2,0,0,2,0,0,66.7,0.0,0.0,0
TN235357,Le Kef,Nebeur,Touiref,3,3,100.0,3,100.0,43.8,100.0,3,100.0,3,0,0,3,0,0,100.0,0.0,0.0,0
TN235358,Le Kef,Nebeur,Mellegue,2,2,100.0,1,50.0,9.5,90.5,1,50.0,1,0,0,1,0,0,50.0,0.0,0.0,1
TN235359,Le Kef,Nebeur,Bahra,4,4,100.0,3,75.0,30.1,95.4,3,75.0,3,0,0,3,0,0,75.0,0.0,0.0,0
TN235360,Le Kef,Nebeur,Sidi Medien,2,2,100.0,1,50.0,9.5,90.5,1,50.0,1,0,0,1,0,0,50.0,0.0,0.0,1
TN235361,Le Kef,Nebeur,El Ksar,2,2,100.0,2,100.0,34.2,100.0,2,100.0,2,0,0,2,0,0,100.0,0.0,0.0,0
TN235362,Le Kef,Nebeur,Chetatla,2,2,100.0,1,50.0,9.5,90.5,1,50.0,1,0,0,1,0,0,50.0,0.0,0.0,0
TN235363,Le Kef,Nebeur,Oueljet Essedra,2,2,100.0,2,100.0,34.2,100.0,2,100.0,2,0,0,2,0,0,100.0,0.0,0.0,0
TN235451,Le Kef,Sakiet Sidi Youssef,Sakiet Sidi Youssef,5,5,100.0,5,100.0,56.6,100.0,5,100.0,5,0,0,5,0,0,100.0,0.0,0.0,0
TN235452,Le Kef,Sakiet Sidi Youssef,Es-Sefeia,2,2,100.0,2,100.0,34.2,100.0,2,100.0,2,0,0,2,0,0,100.0,0.0,0.0,0
TN235453,Le Kef,Sakiet Sidi Youssef,Ain Mazer,3,3,100.0,3,100.0,43.8,100.0,3,100.0,3,0,0,3,0,0,100.0,0.0,0.0,0
TN235454,Le Kef,Sakiet Sidi Youssef,Djeradou,3,3,100.0,3,100.0,43.8,100.0,3,100.0,3,0,0,3,0,0,100.0,0.0,0.0,0
TN235455,Le Kef,Sakiet Sidi Youssef,Forchane,4,4,100.0,4,100.0,51.0,100.0,4,100.0,4,0,0,4,0,0,100.0,0.0,0.0,0
TN235456,Le Kef,Sakiet Sidi Youssef,Ain El Karma,3,3,100.0,3,100.0,43.8,100.0,3,100.0,3,0,0,3,0,0,100.0,0.0,0.0,0
TN235457,Le Kef,Sakiet Sidi Youssef,Sidi Rabeh,2,2,100.0,1,50.0,9.5,90.5,1,50.0,1,0,0,1,0,0,50.0,0.0,0.0,0
TN235458,Le Kef,Sakiet Sidi Youssef,Et-Tabia,1,1,100.0,0,0.0,0.0,79.3,0,0.0,0,0,0,0,0,0,0.0,0.0,0.0,0
TN235551,Le Kef,Tajerouine,Tajerouine Nord,2,2,100.0,2,100.0,34.2,100.0,2,100.0,2,0,0,2,0,0,100.0,0.0,0.0,0
TN235552,Le Kef,Tajerouine,Tajerouine Sud,7,7,100.0,7,100.0,64.6,100.0,7,100.0,7,0,0,7,0,0,100.0,0.0,0.0,0
TN235553,Le Kef,Tajerouine,Ain El Abar,3,3,100.0,3,100.0,43.8,100.0,3,100.0,3,0,0,3,0,0,100.0,0.0,0.0,0
TN235554,Le Kef,Tajerouine,Cite Bourguiba,6,6,100.0,5,83.3,43.6,97.0,6,100.0,6,0,0,5,0,0,83.3,0.0,0.0,0
TN235555,Le Kef,Tajerouine,Sidi M'Tir,2,2,100.0,1,50.0,9.5,90.5,1,50.0,1,0,0,1,0,0,50.0,0.0,0.0,0
TN235556,Le Kef,Tajerouine,Ennajet,1,1,100.0,1,100.0,20.7,100.0,1,100.0,1,0,0,1,0,0,100.0,0.0,0.0,0
TN235557,Le Kef,Tajerouine,Sidi Abdelbasset,3,3,100.0,3,100.0,43.8,100.0,3,100.0,3,0,0,3,0,0,100.0,0.0,0.0,0
TN235558,Le Kef,Tajerouine,Jezza,2,2,100.0,1,50.0,9.5,90.5,1,50.0,1,0,0,1,0,0,50.0,0.0,0.0,0
TN235559,Le Kef,Tajerouine,El Houdh,3,3,100.0,3,100.0,43.8,100.0,3,100.0,3,0,0,3,0,0,100.0,0.0,0.0,0
TN235560,Le Kef,Tajerouine,Menzel Salem,2,2,100.0,2,100.0,34.2,100.0,2,100.0,2,0,0,2,0,0,100.0,0.0,0.0,0
TN235561,Le Kef,Tajerouine,Borj Eddiouana,2,2,100.0,0,0.0,0.0,65.8,0,0.0,0,0,0,0,0,0,0.0,0.0,0.0,0
TN235562,Le Kef,Tajerouine,Garn Halfaia,1,1,100.0,0,0.0,0.0,79.3,0,0.0,0,0,0,0,0,0,0.0,0.0,0.0,1
TN235651,Le Kef,Kalaat Senan,Kalaat Snan,9,9,100.0,8,88.9,56.5,98.0,8,88.9,8,0,0,8,0,0,88.9,0.0,0.0,0
TN235652,Le Kef,Kalaat Senan,Bou Jabeur,3,3,100.0,2,66.7,20.8,93.9,2,66.7,2,0,0,2,0,0,66.7,0.0,0.0,0
TN235653,Le Kef,Kalaat Senan,Safsaf,1,1,100.0,1,100.0,20.7,100.0,1,100.0,1,0,0,1,0,0,100.0,0.0,0.0,0
TN235654,Le Kef,Kalaat Senan,Mzita,1,1,100.0,1,100.0,20.7,100.0,1,100.0,1,0,0,1,0,0,100.0,0.0,0.0,0
TN235655,Le Kef,Kalaat Senan,El Falta,1,1,100.0,1,100.0,20.7,100.0,2,200.0,2,0,0,1,0,0,100.0,0.0,0.0,0
TN235656,Le Kef,Kalaat Senan,Sed El Khir,2,2,100.0,2,100.0,34.2,100.0,2,100.0,2,0,0,2,0,0,100.0,0.0,0.0,0
TN235657,Le Kef,Kalaat Senan,Ain Snan,2,2,100.0,1,50.0,9.5,90.5,1,50.0,1,0,0,1,0,0,50.0,0.0,0.0,0
TN235658,Le Kef,Kalaat Senan,El Hamaima,1,1,100.0,1,100.0,20.7,100.0,1,100.0,1,0,0,1,0,0,100.0,0.0,0.0,0
TN235659,Le Kef,Kalaat Senan,El Mahjouba,2,2,100.0,2,100.0,34.2,100.0,2,100.0,2,0,0,2,0,0,100.0,0.0,0.0,0
TN235751,Le Kef,Kalaa Khesba,Kalaat Khasba,4,4,100.0,2,50.0,15.0,85.0,2,50.0,2,0,0,2,0,0,50.0,0.0,0.0,0
TN235753,Le Kef,Kalaa Khesba,Sidi Ahmed Essalah,2,2,100.0,2,100.0,34.2,100.0,2,100.0,2,0,0,2,0,0,100.0,0.0,0.0,0
TN235754,Le Kef,Kalaa Khesba,En-Nadhour,2,2,100.0,1,50.0,9.5,90.5,1,50.0,1,0,0,1,0,0,50.0,0.0,0.0,0
TN235851,Le Kef,Jerissa,Djerissa Centre,3,3,100.0,2,66.7,20.8,93.9,2,66.7,2,0,0,2,0,0,66.7,0.0,0.0,0
TN235852,Le Kef,Jerissa,Djerissa Nord,2,2,100.0,2,100.0,34.2,100.0,2,100.0,2,0,0,2,0,0,100.0,0.0,0.0,0
TN235853,Le Kef,Jerissa,Djerissa Sud,3,3,100.0,3,100.0,43.8,100.0,4,133.3,3,0,1,3,0,1,100.0,0.0,33.3,0
TN235854,Le Kef,Jerissa,Besseriana,1,1,100.0,1,100.0,20.7,100.0,1,100.0,1,0,0,1,0,0,100.0,0.0,0.0,0
TN235855,Le Kef,Jerissa,Fej Ettameur,4,4,100.0,2,50.0,15.0,85.0,2,50.0,2,0,0,2,0,0,50.0,0.0,0.0,0
TN235856,Le Kef,Jerissa,Enneayem,1,1,100.0,1,100.0,20.7,100.0,1,100.0,1,0,0,1,0,0,100.0,0.0,0.0,0
TN235951,Le Kef,Ksour,El Ksour,7,7,100.0,3,42.9,15.8,75.0,3,42.9,3,0,0,3,0,0,42.9,0.0,0.0,0
TN235952,Le Kef,Ksour,Ain El Ksiba,4,4,100.0,3,75.0,30.1,95.4,3,75.0,3,0,0,3,0,0,75.0,0.0,0.0,0
TN235953,Le Kef,Ksour,Banou,1,1,100.0,0,0.0,0.0,79.3,0,0.0,0,0,0,0,0,0,0.0,0.0,0.0,0
TN235954,Le Kef,Ksour,Louata,1,1,100.0,1,100.0,20.7,100.0,1,100.0,1,0,0,1,0,0,100.0,0.0,0.0,0
TN235955,Le Kef,Ksour,Ain Fedhil,3,3,100.0,0,0.0,0.0,56.2,0,0.0,0,0,0,0,0,0,0.0,0.0,0.0,0
TN235956,Le Kef,Ksour,Ezzitouna,4,4,100.0,4,100.0,51.0,100.0,4,100.0,4,0,0,4,0,0,100.0,0.0,0.0,0
TN236051,Le Kef,Dahmani,Dahmani,9,8,88.9,8,100.0,67.6,100.0,12,150.0,10,0,2,8,0,2,100.0,0.0,25.0,1
TN236052,Le Kef,Dahmani,Dahmani Nord,4,4,100.0,4,100.0,51.0,100.0,4,100.0,4,0,0,4,0,0,100.0,0.0,0.0,0
TN236053,Le Kef,Dahmani,Zouarine,5,5,100.0,5,100.0,56.6,100.0,5,100.0,5,0,0,5,0,0,100.0,0.0,0.0,0
TN236054,Le Kef,Dahmani,Thermda,3,3,100.0,3,100.0,43.8,100.0,3,100.0,3,0,0,3,0,0,100.0,0.0,0.0,0
TN236055,Le Kef,Dahmani,Abida,2,2,100.0,1,50.0,9.5,90.5,1,50.0,1,0,0,1,0,0,50.0,0.0,0.0,0
TN236056,Le Kef,Dahmani,Ebba,4,4,100.0,2,50.0,15.0,85.0,3,75.0,2,0,1,2,0,1,50.0,0.0,25.0,1
TN236057,Le Kef,Dahmani,El Medeina,2,2,100.0,2,100.0,34.2,100.0,2,100.0,2,0,0,2,0,0,100.0,0.0,0.0,0
TN236058,Le Kef,Dahmani,Sidi Baraket Nord,1,1,100.0,1,100.0,20.7,100.0,1,100.0,1,0,0,1,0,0,100.0,0.0,0.0,0
TN236059,Le Kef,Dahmani,Sidi Baraket Sud,3,3,100.0,1,33.3,6.1,79.2,1,33.3,1,0,0,1,0,0,33.3,0.0,0.0,0
TN236151,Le Kef,Es Sers,Es-Sers Nord,2,2,100.0,1,50.0,9.5,90.5,1,50.0,1,0,0,1,0,0,50.0,0.0,0.0,0
TN236152,Le Kef,Es Sers,Es-Sers Sud,6,6,100.0,3,50.0,18.8,81.2,3,50.0,3,0,0,3,0,0,50.0,0.0,0.0,0
TN236153,Le Kef,Es Sers,Cite Ennour,4,4,100.0,3,75.0,30.1,95.4,3,75.0,3,0,0,3,0,0,75.0,0.0,0.0,0
TN236154,Le Kef,Es Sers,Bousliaa,2,2,100.0,0,0.0,0.0,65.8,0,0.0,0,0,0,0,0,0,0.0,0.0,0.0,0
TN236155,Le Kef,Es Sers,Lorbeus,2,2,100.0,1,50.0,9.5,90.5,1,50.0,0,0,1,0,0,1,0.0,0.0,50.0,0
TN236156,Le Kef,Es Sers,El Marja,2,2,100.0,1,50.0,9.5,90.5,1,50.0,1,0,0,1,0,0,50.0,0.0,0.0,0
TN236157,Le Kef,Es Sers,El Abar,1,1,100.0,1,100.0,20.7,100.0,1,100.0,1,0,0,1,0,0,100.0,0.0,0.0,0
TN236158,Le Kef,Es Sers,El Abar Est,2,2,100.0,2,100.0,34.2,100.0,2,100.0,2,0,0,2,0,0,100.0,0.0,0.0,0
TN236159,Le Kef,Es Sers,Elles,2,2,100.0,0,0.0,0.0,65.8,0,0.0,0,0,0,0,0,0,0.0,0.0,0.0,0
TN245151,Siliana,Siliana Nord,Siliana Ville,15,15,100.0,10,66.7,41.7,84.8,10,66.7,10,0,0,10,0,0,66.7,0.0,0.0,0
TN245152,Siliana,Siliana Nord,Siliana Nord,5,5,100.0,5,100.0,56.6,100.0,6,120.0,6,0,0,5,0,0,100.0,0.0,0.0,0
TN245153,Siliana,Siliana Nord,El Arab,4,4,100.0,2,50.0,15.0,85.0,2,50.0,2,0,0,2,0,0,50.0,0.0,0.0,0
TN245154,Siliana,Siliana Nord,Jema,3,3,100.0,2,66.7,20.8,93.9,2,66.7,2,0,0,2,0,0,66.7,0.0,0.0,0
TN245155,Siliana,Siliana Nord,Massouj,2,2,100.0,2,100.0,34.2,100.0,3,150.0,3,0,0,2,0,0,100.0,0.0,0.0,0
TN245156,Siliana,Siliana Nord,El Jouii,3,3,100.0,2,66.7,20.8,93.9,6,200.0,6,0,0,2,0,0,66.7,0.0,0.0,3
TN245157,Siliana,Siliana Nord,El Khalsa,2,2,100.0,0,0.0,0.0,65.8,0,0.0,0,0,0,0,0,0,0.0,0.0,0.0,0
TN245158,Siliana,Siliana Nord,Ain Ed-Dissa,1,1,100.0,0,0.0,0.0,79.3,0,0.0,0,0,0,0,0,0,0.0,0.0,0.0,0
TN245251,Siliana,Siliana Sud,Siliana Sud,9,9,100.0,7,77.8,45.3,93.7,7,77.8,7,0,0,7,0,0,77.8,0.0,0.0,1
TN245252,Siliana,Siliana Sud,Marj Mokaddem,2,2,100.0,1,50.0,9.5,90.5,1,50.0,1,0,0,1,0,0,50.0,0.0,0.0,0
TN245253,Siliana,Siliana Sud,Es-Sefina,5,5,100.0,3,60.0,23.1,88.2,6,120.0,6,0,0,3,0,0,60.0,0.0,0.0,0
TN245254,Siliana,Siliana Sud,Sidi Morched,6,6,100.0,5,83.3,43.6,97.0,5,83.3,5,0,0,5,0,0,83.3,0.0,0.0,0
TN245255,Siliana,Siliana Sud,Sidi Mansour,3,3,100.0,2,66.7,20.8,93.9,2,66.7,2,0,0,2,0,0,66.7,0.0,0.0,0
TN245256,Siliana,Siliana Sud,Sidi Hmada,2,2,100.0,2,100.0,34.2,100.0,2,100.0,2,0,0,2,0,0,100.0,0.0,0.0,0
TN245257,Siliana,Siliana Sud,Sejja,3,3,100.0,3,100.0,43.8,100.0,4,133.3,4,0,0,3,0,0,100.0,0.0,0.0,0
TN245258,Siliana,Siliana Sud,Ouled Zenag,3,3,100.0,1,33.3,6.1,79.2,1,33.3,1,0,0,1,0,0,33.3,0.0,0.0,0
TN245259,Siliana,Siliana Sud,El Kabel,5,5,100.0,3,60.0,23.1,88.2,3,60.0,3,0,0,3,0,0,60.0,0.0,0.0,3
TN245351,Siliana,Bouarada,Banlieue De Bouarada,3,3,100.0,1,33.3,6.1,79.2,1,33.3,1,0,0,1,0,0,33.3,0.0,0.0,0
TN245352,Siliana,Bouarada,Bouarada,11,11,100.0,4,36.4,15.2,64.6,5,45.5,5,0,0,4,0,0,36.4,0.0,0.0,0
TN245353,Siliana,Bouarada,Fatis,1,1,100.0,0,0.0,0.0,79.3,0,0.0,0,0,0,0,0,0,0.0,0.0,0.0,0
TN245354,Siliana,Bouarada,Henchir Er-Roman,3,3,100.0,0,0.0,0.0,56.2,0,0.0,0,0,0,0,0,0,0.0,0.0,0.0,0
TN245355,Siliana,Bouarada,Sidi Abdennour,1,1,100.0,0,0.0,0.0,79.3,0,0.0,0,0,0,0,0,0,0.0,0.0,0.0,0
TN245356,Siliana,Bouarada,Tarf Ech-Chena,2,2,100.0,1,50.0,9.5,90.5,1,50.0,1,0,0,1,0,0,50.0,0.0,0.0,0
TN245451,Siliana,Gaafour,Gaafour Est,6,6,100.0,5,83.3,43.6,97.0,5,83.3,5,0,0,5,0,0,83.3,0.0,0.0,0
TN245452,Siliana,Gaafour,Gaafour Ouest,3,3,100.0,3,100.0,43.8,100.0,3,100.0,3,0,0,3,0,0,100.0,0.0,0.0,0
TN245453,Siliana,Gaafour,El Khouat,2,2,100.0,1,50.0,9.5,90.5,1,50.0,1,0,0,1,0,0,50.0,0.0,0.0,0
TN245454,Siliana,Gaafour,Ain Zerig,3,3,100.0,2,66.7,20.8,93.9,2,66.7,2,0,0,2,0,0,66.7,0.0,0.0,0
TN245455,Siliana,Gaafour,El Ahouez Nord,1,1,100.0,1,100.0,20.7,100.0,1,100.0,1,0,0,1,0,0,100.0,0.0,0.0,0
TN245456,Siliana,Gaafour,El Ahouez Sud,1,1,100.0,1,100.0,20.7,100.0,1,100.0,1,0,0,1,0,0,100.0,0.0,0.0,0
TN245457,Siliana,Gaafour,El Aksab,2,2,100.0,2,100.0,34.2,100.0,2,100.0,2,0,0,2,0,0,100.0,0.0,0.0,0
TN245551,Siliana,El Krib,El Krib Nord,6,6,100.0,4,66.7,30.0,90.3,5,83.3,5,0,0,4,0,0,66.7,0.0,0.0,0
TN245552,Siliana,El Krib,El Krib Sud,2,2,100.0,2,100.0,34.2,100.0,2,100.0,2,0,0,2,0,0,100.0,0.0,0.0,0
TN245553,Siliana,El Krib,Dokhania,3,3,100.0,0,0.0,0.0,56.2,0,0.0,0,0,0,0,0,0,0.0,0.0,0.0,0
TN245554,Siliana,El Krib,Hammam Biadha Nord,1,1,100.0,1,100.0,20.7,100.0,1,100.0,1,0,0,1,0,0,100.0,0.0,0.0,0
TN245555,Siliana,El Krib,Hammam Biadha Sud,3,3,100.0,2,66.7,20.8,93.9,2,66.7,2,0,0,2,0,0,66.7,0.0,0.0,0
TN245556,Siliana,El Krib,Borj El Messaoudi Nord,3,3,100.0,2,66.7,20.8,93.9,2,66.7,2,0,0,2,0,0,66.7,0.0,0.0,0
TN245557,Siliana,El Krib,Borj El Messaoudi Sud,3,3,100.0,1,33.3,6.1,79.2,1,33.3,1,0,0,1,0,0,33.3,0.0,0.0,0
TN245651,Siliana,Bourouis,Bourouis Nord,5,5,100.0,2,40.0,11.8,76.9,2,40.0,2,0,0,2,0,0,40.0,0.0,0.0,1
TN245652,Siliana,Bourouis,Bourouis Sud,2,2,100.0,0,0.0,0.0,65.8,0,0.0,0,0,0,0,0,0,0.0,0.0,0.0,0
TN245653,Siliana,Bourouis,Ettricha,1,1,100.0,1,100.0,20.7,100.0,1,100.0,1,0,0,1,0,0,100.0,0.0,0.0,0
TN245654,Siliana,Bourouis,El Abbassi,2,2,100.0,1,50.0,9.5,90.5,1,50.0,1,0,0,1,0,0,50.0,0.0,0.0,0
TN245655,Siliana,Bourouis,Ain Achour,3,2,66.7,0,0.0,0.0,65.8,0,0.0,0,0,0,0,0,0,0.0,0.0,0.0,0
TN245656,Siliana,Bourouis,El Krib Gare,2,2,100.0,0,0.0,0.0,65.8,0,0.0,0,0,0,0,0,0,0.0,0.0,0.0,0
TN245751,Siliana,Makthar,Makthar Nord,2,2,100.0,2,100.0,34.2,100.0,2,100.0,2,0,0,2,0,0,100.0,0.0,0.0,0
TN245752,Siliana,Makthar,Makthar Sud,9,9,100.0,9,100.0,70.1,100.0,16,177.8,16,0,0,9,0,0,100.0,0.0,0.0,0
TN245753,Siliana,Makthar,Sayar,3,3,100.0,3,100.0,43.8,100.0,3,100.0,3,0,0,3,0,0,100.0,0.0,0.0,0
TN245754,Siliana,Makthar,El Garaa,2,2,100.0,1,50.0,9.5,90.5,1,50.0,1,0,0,1,0,0,50.0,0.0,0.0,0
TN245755,Siliana,Makthar,Bez,3,3,100.0,3,100.0,43.8,100.0,3,100.0,3,0,0,3,0,0,100.0,0.0,0.0,0
TN245756,Siliana,Makthar,Beni Hazem,2,2,100.0,1,50.0,9.5,90.5,1,50.0,1,0,0,1,0,0,50.0,0.0,0.0,0
TN245757,Siliana,Makthar,Ras El Ouedi,2,2,100.0,2,100.0,34.2,100.0,3,150.0,3,0,0,2,0,0,100.0,0.0,0.0,0
TN245758,Siliana,Makthar,Saddine,2,2,100.0,2,100.0,34.2,100.0,2,100.0,2,0,0,2,0,0,100.0,0.0,0.0,0
TN245759,Siliana,Makthar,Chouarnia,1,1,100.0,1,100.0,20.7,100.0,1,100.0,1,0,0,1,0,0,100.0,0.0,0.0,0
TN245760,Siliana,Makthar,Sened El Haddad,2,2,100.0,2,100.0,34.2,100.0,2,100.0,2,0,0,2,0,0,100.0,0.0,0.0,0
TN245761,Siliana,Makthar,Soualem,3,3,100.0,3,100.0,43.8,100.0,3,100.0,3,0,0,3,0,0,100.0,0.0,0.0,0
TN245851,Siliana,Rouhia,El Hababsa Nord,3,3,100.0,2,66.7,20.8,93.9,2,66.7,2,0,0,2,0,0,66.7,0.0,0.0,0
TN245852,Siliana,Rouhia,El Hababsa Sud,3,3,100.0,1,33.3,6.1,79.2,1,33.3,1,0,0,1,0,0,33.3,0.0,0.0,0
TN245853,Siliana,Rouhia,El Jamilet,5,5,100.0,5,100.0,56.6,100.0,6,120.0,6,0,0,5,0,0,100.0,0.0,0.0,0
TN245854,Siliana,Rouhia,Es-Semiret Nord,3,3,100.0,3,100.0,43.8,100.0,9,300.0,9,0,0,3,0,0,100.0,0.0,0.0,0
TN245855,Siliana,Rouhia,Es-Semirat Sud,2,2,100.0,0,0.0,0.0,65.8,0,0.0,0,0,0,0,0,0,0.0,0.0,0.0,0
TN245856,Siliana,Rouhia,El Messahla,1,1,100.0,1,100.0,20.7,100.0,2,200.0,2,0,0,1,0,0,100.0,0.0,0.0,0
TN245857,Siliana,Rouhia,El Haria,2,2,100.0,2,100.0,34.2,100.0,2,100.0,2,0,0,2,0,0,100.0,0.0,0.0,0
TN245858,Siliana,Rouhia,Er-Rouhia,9,9,100.0,5,55.6,26.7,81.1,5,55.6,5,0,0,5,0,0,55.6,0.0,0.0,0
TN245859,Siliana,Rouhia,El Hamaima,1,1,100.0,1,100.0,20.7,100.0,1,100.0,1,0,0,1,0,0,100.0,0.0,0.0,0
TN245860,Siliana,Rouhia,Bou-Ajila,3,3,100.0,2,66.7,20.8,93.9,3,100.0,3,0,0,2,0,0,66.7,0.0,0.0,0
TN245951,Siliana,Kesra,Kesra,4,4,100.0,4,100.0,51.0,100.0,4,100.0,4,0,0,4,0,0,100.0,0.0,0.0,0
TN245952,Siliana,Kesra,El Hammam,1,1,100.0,1,100.0,20.7,100.0,1,100.0,1,0,0,1,0,0,100.0,0.0,0.0,0
TN245953,Siliana,Kesra,El Mansoura Nord,2,2,100.0,2,100.0,34.2,100.0,2,100.0,2,0,0,2,0,0,100.0,0.0,0.0,0
TN245954,Siliana,Kesra,El Mansoura Sud,2,2,100.0,1,50.0,9.5,90.5,1,50.0,1,0,0,1,0,0,50.0,0.0,0.0,0
TN245955,Siliana,Kesra,Bou Abdallah,2,2,100.0,2,100.0,34.2,100.0,4,200.0,4,0,0,2,0,0,100.0,0.0,0.0,1
TN245956,Siliana,Kesra,El Karia Nord,2,2,100.0,2,100.0,34.2,100.0,3,150.0,3,0,0,2,0,0,100.0,0.0,0.0,0
TN245957,Siliana,Kesra,El Karia Sud,2,2,100.0,2,100.0,34.2,100.0,2,100.0,2,0,0,2,0,0,100.0,0.0,0.0,0
TN245958,Siliana,Kesra,El Foudhoul,2,2,100.0,2,100.0,34.2,100.0,2,100.0,2,0,0,2,0,0,100.0,0.0,0.0,1
TN245959,Siliana,Kesra,El Louza,2,2,100.0,2,100.0,34.2,100.0,2,100.0,2,0,0,2,0,0,100.0,0.0,0.0,0
TN246051,Siliana,Bargou,Bargou,5,5,100.0,3,60.0,23.1,88.2,3,60.0,3,0,0,3,0,0,60.0,0.0,0.0,0
TN246052,Siliana,Bargou,Banlieue Bargou,2,2,100.0,2,100.0,34.2,100.0,2,100.0,2,0,0,2,0,0,100.0,0.0,0.0,0
TN246053,Siliana,Bargou,Ouled Fredj,1,1,100.0,1,100.0,20.7,100.0,2,200.0,2,0,0,1,0,0,100.0,0.0,0.0,0
TN246054,Siliana,Bargou,Sidi Said,2,2,100.0,2,100.0,34.2,100.0,3,150.0,3,0,0,2,0,0,100.0,0.0,0.0,0
TN246055,Siliana,Bargou,Ain Fourna,1,1,100.0,1,100.0,20.7,100.0,2,200.0,2,0,0,1,0,0,100.0,0.0,0.0,0
TN246056,Siliana,Bargou,Ain Bous Saadia,2,2,100.0,1,50.0,9.5,90.5,1,50.0,1,0,0,1,0,0,50.0,0.0,0.0,0
TN246057,Siliana,Bargou,Ed-Derija,3,3,100.0,3,100.0,43.8,100.0,4,133.3,4,0,0,3,0,0,100.0,0.0,0.0,0
TN246058,Siliana,Bargou,El Behirin,2,2,100.0,1,50.0,9.5,90.5,1,50.0,1,0,0,1,0,0,50.0,0.0,0.0,0
TN246151,Siliana,Laroussa,El Aroussa,6,6,100.0,6,100.0,61.0,100.0,6,100.0,6,0,0,6,0,0,100.0,0.0,0.0,0
TN246152,Siliana,Laroussa,Bou Jlida,1,1,100.0,1,100.0,20.7,100.0,1,100.0,1,0,0,1,0,0,100.0,0.0,0.0,0
TN246153,Siliana,Laroussa,Er Remil,2,2,100.0,0,0.0,0.0,65.8,0,0.0,0,0,0,0,0,0,0.0,0.0,0.0,0
TN246154,Siliana,Laroussa,Mousrata,1,1,100.0,0,0.0,0.0,79.3,0,0.0,0,0,0,0,0,0,0.0,0.0,0.0,0
TN246155,Siliana,Laroussa,Sidi Ayed,1,1,100.0,1,100.0,20.7,100.0,1,100.0,1,0,0,1,0,0,100.0,0.0,0.0,0
TN315151,Sousse,Sousse Médina,Bou Jaafer,4,4,100.0,4,100.0,51.0,100.0,4,100.0,4,0,0,4,0,0,100.0,0.0,0.0,0
TN315152,Sousse,Sousse Médina,El Medina,3,3,100.0,1,33.3,6.1,79.2,1,33.3,1,0,0,1,0,0,33.3,0.0,0.0,0
TN315153,Sousse,Sousse Médina,Ali Belhouan,6,6,100.0,5,83.3,43.6,97.0,5,83.3,5,0,0,5,0,0,83.3,0.0,0.0,0
TN315154,Sousse,Sousse Médina,Mohamed Maarouf,5,5,100.0,3,60.0,23.1,88.2,5,100.0,4,0,1,3,0,1,60.0,0.0,20.0,0
TN315155,Sousse,Sousse Médina,Khezama,13,13,100.0,13,100.0,77.2,100.0,13,100.0,13,0,0,13,0,0,100.0,0.0,0.0,0
TN315254,Sousse,Sousse Riadh,Ezzouhour,13,13,100.0,10,76.9,49.7,91.8,16,123.1,16,0,0,10,0,0,76.9,0.0,0.0,0
TN315255,Sousse,Sousse Riadh,Cite Er-Riadh,23,23,100.0,22,95.7,79.0,99.2,28,121.7,28,0,0,22,0,0,95.7,0.0,0.0,0
TN315351,Sousse,Sousse Jaouhara,Oued Blibane,4,4,100.0,1,25.0,4.6,69.9,1,25.0,1,0,0,1,0,0,25.0,0.0,0.0,0
TN315352,Sousse,Sousse Jaouhara,Hached,6,6,100.0,1,16.7,3.0,56.4,1,16.7,1,0,0,1,0,0,16.7,0.0,0.0,0
TN315353,Sousse,Sousse Jaouhara,Hedi Chaker,9,9,100.0,4,44.4,18.9,73.3,4,44.4,4,0,0,4,0,0,44.4,0.0,0.0,0
TN315354,Sousse,Sousse Jaouhara,Bou Hassina,15,15,100.0,3,20.0,7.0,45.2,3,20.0,3,0,0,3,0,0,20.0,0.0,0.0,0
TN315355,Sousse,Sousse Jaouhara,Mohamed El Karoui,12,12,100.0,6,50.0,25.4,74.6,6,50.0,6,0,0,6,0,0,50.0,0.0,0.0,0
TN315356,Sousse,Sousse Jaouhara,Sahloul,11,11,100.0,8,72.7,43.4,90.3,9,81.8,9,0,0,8,0,0,72.7,0.0,0.0,0
TN315451,Sousse,Sousse Sidi Abdelhamid,Taieb M'Hiri,16,16,100.0,13,81.2,57.0,93.4,14,87.5,14,0,0,13,0,0,81.2,0.0,0.0,0
TN315452,Sousse,Sousse Sidi Abdelhamid,Ibn Khaldoun,8,8,100.0,7,87.5,52.9,97.8,7,87.5,7,0,0,7,0,0,87.5,0.0,0.0,0
TN315453,Sousse,Sousse Sidi Abdelhamid,Ksibet Ech-Chatt,6,6,100.0,6,100.0,61.0,100.0,8,133.3,8,0,0,6,0,0,100.0,0.0,0.0,0
TN315454,Sousse,Sousse Sidi Abdelhamid,Sidi Abdelhamid,5,5,100.0,5,100.0,56.6,100.0,7,140.0,7,0,0,5,0,0,100.0,0.0,0.0,0
TN315551,Sousse,Hammam Sousse,El Medina,12,12,100.0,1,8.3,1.5,35.4,1,8.3,1,0,0,1,0,0,8.3,0.0,0.0,0
TN315552,Sousse,Hammam Sousse,El Kantaoui,3,3,100.0,2,66.7,20.8,93.9,2,66.7,2,0,0,2,0,0,66.7,0.0,0.0,0
TN315553,Sousse,Hammam Sousse,Bir Moussa,11,11,100.0,4,36.4,15.2,64.6,4,36.4,4,0,0,4,0,0,36.4,0.0,0.0,0
TN315554,Sousse,Hammam Sousse,Sahloul,14,14,100.0,5,35.7,16.3,61.2,6,42.9,5,0,1,4,0,1,28.6,0.0,7.1,0
TN315555,Sousse,Hammam Sousse,El Gharabi,3,3,100.0,2,66.7,20.8,93.9,3,100.0,3,0,0,2,0,0,66.7,0.0,0.0,0
TN315651,Sousse,Akouda,Akouda Est,11,10,90.9,1,10.0,1.8,40.4,1,10.0,1,0,0,1,0,0,10.0,0.0,0.0,0
TN315652,Sousse,Akouda,Akouda Ouest,7,6,85.7,3,50.0,18.8,81.2,3,50.0,3,0,0,3,0,0,50.0,0.0,0.0,0
TN315653,Sousse,Akouda,Chott Meriam,5,5,100.0,3,60.0,23.1,88.2,3,60.0,3,0,0,3,0,0,60.0,0.0,0.0,0
TN315654,Sousse,Akouda,Chott Er-Romane,2,2,100.0,1,50.0,9.5,90.5,1,50.0,1,0,0,1,0,0,50.0,0.0,0.0,0
TN315655,Sousse,Akouda,El Fokaia,1,1,100.0,0,0.0,0.0,79.3,0,0.0,0,0,0,0,0,0,0.0,0.0,0.0,0
TN315656,Sousse,Akouda,Ettantana,2,2,100.0,2,100.0,34.2,100.0,2,100.0,2,0,0,2,0,0,100.0,0.0,0.0,0
TN315751,Sousse,Kalaa Kebira,El Jarabaa,7,7,100.0,3,42.9,15.8,75.0,3,42.9,3,0,0,3,0,0,42.9,0.0,0.0,0
TN315752,Sousse,Kalaa Kebira,Zearna Ouest,4,4,100.0,3,75.0,30.1,95.4,3,75.0,3,0,0,3,0,0,75.0,0.0,0.0,0
TN315753,Sousse,Kalaa Kebira,Zearna Est,13,13,100.0,9,69.2,42.4,87.3,9,69.2,8,0,1,8,0,1,61.5,0.0,7.7,0
TN315754,Sousse,Kalaa Kebira,Ouled Mhamed,7,7,100.0,4,57.1,25.0,84.2,5,71.4,5,0,0,4,0,0,57.1,0.0,0.0,0
TN315755,Sousse,Kalaa Kebira,Essed Ouest,4,4,100.0,4,100.0,51.0,100.0,4,100.0,4,0,0,4,0,0,100.0,0.0,0.0,0
TN315756,Sousse,Kalaa Kebira,Balaoum,2,2,100.0,1,50.0,9.5,90.5,1,50.0,1,0,0,1,0,0,50.0,0.0,0.0,0
TN315851,Sousse,Sidi Bou Ali,Sidi Bou Ali,8,8,100.0,1,12.5,2.2,47.1,1,12.5,1,0,0,1,0,0,12.5,0.0,0.0,1
TN315852,Sousse,Sidi Bou Ali,Essed Sud,1,1,100.0,1,100.0,20.7,100.0,1,100.0,1,0,0,1,0,0,100.0,0.0,0.0,0
TN315853,Sousse,Sidi Bou Ali,Essed Nord (Essateh),2,2,100.0,2,100.0,34.2,100.0,2,100.0,2,0,0,2,0,0,100.0,0.0,0.0,0
TN315854,Sousse,Sidi Bou Ali,Ech-Chouicha,1,1,100.0,1,100.0,20.7,100.0,1,100.0,1,0,0,1,0,0,100.0,0.0,0.0,0
TN315855,Sousse,Sidi Bou Ali,Ouriemma,1,1,100.0,0,0.0,0.0,79.3,0,0.0,0,0,0,0,0,0,0.0,0.0,0.0,0
TN315856,Sousse,Sidi Bou Ali,Menzel El Mahatta,2,2,100.0,1,50.0,9.5,90.5,1,50.0,1,0,0,1,0,0,50.0,0.0,0.0,0
TN315857,Sousse,Sidi Bou Ali,Mehadhba,1,1,100.0,1,100.0,20.7,100.0,1,100.0,1,0,0,1,0,0,100.0,0.0,0.0,0
TN315951,Sousse,Hergla,Hergla,6,6,100.0,5,83.3,43.6,97.0,5,83.3,5,0,0,5,0,0,83.3,0.0,0.0,0
TN315952,Sousse,Hergla,El Aribet,1,1,100.0,1,100.0,20.7,100.0,1,100.0,1,0,0,1,0,0,100.0,0.0,0.0,0
TN315953,Sousse,Hergla,Essouieh,1,1,100.0,1,100.0,20.7,100.0,1,100.0,1,0,0,1,0,0,100.0,0.0,0.0,0
TN316051,Sousse,Enfidha,Enfidha,10,10,100.0,8,80.0,49.0,94.3,8,80.0,8,0,0,8,0,0,80.0,0.0,0.0,0
TN316052,Sousse,Enfidha,El Frada,2,2,100.0,1,50.0,9.5,90.5,1,50.0,1,0,0,1,0,0,50.0,0.0,0.0,0
TN316053,Sousse,Enfidha,Gerimet Est,3,3,100.0,3,100.0,43.8,100.0,3,100.0,3,0,0,3,0,0,100.0,0.0,0.0,0
TN316054,Sousse,Enfidha,Gerimet Ouest,5,5,100.0,3,60.0,23.1,88.2,5,100.0,5,0,0,3,0,0,60.0,0.0,0.0,0
TN316055,Sousse,Enfidha,Chegarnia,3,3,100.0,1,33.3,6.1,79.2,1,33.3,1,0,0,1,0,0,33.3,0.0,0.0,0
TN316056,Sousse,Enfidha,Ouled Abdellah,2,2,100.0,0,0.0,0.0,65.8,0,0.0,0,0,0,0,0,0,0.0,0.0,0.0,1
TN316057,Sousse,Enfidha,Takrouna,1,1,100.0,1,100.0,20.7,100.0,2,200.0,2,0,0,1,0,0,100.0,0.0,0.0,0
TN316058,Sousse,Enfidha,Menzel Fateh,1,1,100.0,0,0.0,0.0,79.3,0,0.0,0,0,0,0,0,0,0.0,0.0,0.0,1
TN316059,Sousse,Enfidha,El Garci,2,2,100.0,2,100.0,34.2,100.0,2,100.0,2,0,0,2,0,0,100.0,0.0,0.0,0
TN316060,Sousse,Enfidha,Ain Medhaker,3,3,100.0,0,0.0,0.0,56.2,0,0.0,0,0,0,0,0,0,0.0,0.0,0.0,0
TN316061,Sousse,Enfidha,Hicher,5,5,100.0,4,80.0,37.6,96.4,4,80.0,4,0,0,4,0,0,80.0,0.0,0.0,0
TN316062,Sousse,Enfidha,Menzel Dar Belouar,2,2,100.0,2,100.0,34.2,100.0,2,100.0,2,0,0,2,0,0,100.0,0.0,0.0,0
TN316063,Sousse,Enfidha,M'Rabet Hached,3,3,100.0,3,100.0,43.8,100.0,4,133.3,4,0,0,3,0,0,100.0,0.0,0.0,0
TN316151,Sousse,Bouficha,Bouficha,7,7,100.0,6,85.7,48.7,97.4,8,114.3,8,0,0,6,0,0,85.7,0.0,0.0,0
TN316152,Sousse,Bouficha,Oued El Kharroub,1,1,100.0,1,100.0,20.7,100.0,2,200.0,2,0,0,1,0,0,100.0,0.0,0.0,0
TN316153,Sousse,Bouficha,Sidi Khalifa,2,2,100.0,1,50.0,9.5,90.5,2,100.0,2,0,0,1,0,0,50.0,0.0,0.0,0
TN316154,Sousse,Bouficha,Essafha,3,3,100.0,3,100.0,43.8,100.0,3,100.0,3,0,0,3,0,0,100.0,0.0,0.0,0
TN316155,Sousse,Bouficha,Sidi Said,2,2,100.0,1,50.0,9.5,90.5,1,50.0,1,0,0,1,0,0,50.0,0.0,0.0,0
TN316156,Sousse,Bouficha,Ain Errahma,2,2,100.0,2,100.0,34.2,100.0,4,200.0,4,0,0,2,0,0,100.0,0.0,0.0,0
TN316157,Sousse,Bouficha,El Methalit,1,1,100.0,0,0.0,0.0,79.3,0,0.0,0,0,0,0,0,0,0.0,0.0,0.0,0
TN316158,Sousse,Bouficha,Esselloum,2,2,100.0,2,100.0,34.2,100.0,2,100.0,2,0,0,2,0,0,100.0,0.0,0.0,0
TN316159,Sousse,Bouficha,Sidi M'Tir,3,3,100.0,3,100.0,43.8,100.0,4,133.3,4,0,0,3,0,0,100.0,0.0,0.0,0
TN316251,Sousse,Kondar,Kondar,4,4,100.0,3,75.0,30.1,95.4,3,75.0,3,0,0,3,0,0,75.0,0.0,0.0,0
TN316252,Sousse,Kondar,Bir El Jedid,1,1,100.0,0,0.0,0.0,79.3,0,0.0,0,0,0,0,0,0,0.0,0.0,0.0,0
TN316253,Sousse,Kondar,Belalma,1,1,100.0,1,100.0,20.7,100.0,1,100.0,1,0,0,1,0,0,100.0,0.0,0.0,0
TN316254,Sousse,Kondar,Bechachma,2,2,100.0,2,100.0,34.2,100.0,4,200.0,4,0,0,2,0,0,100.0,0.0,0.0,0
TN316255,Sousse,Kondar,Ouled El Abed,1,1,100.0,0,0.0,0.0,79.3,0,0.0,0,0,0,0,0,0,0.0,0.0,0.0,0
TN316256,Sousse,Kondar,Gmata,1,1,100.0,1,100.0,20.7,100.0,2,200.0,2,0,0,1,0,0,100.0,0.0,0.0,0
TN316257,Sousse,Kondar,Ouled Ameur,2,2,100.0,0,0.0,0.0,65.8,0,0.0,0,0,0,0,0,0,0.0,0.0,0.0,0
TN316351,Sousse,Sidi El Heni,Sidi El Heni Centre,4,4,100.0,2,50.0,15.0,85.0,2,50.0,2,0,0,2,0,0,50.0,0.0,0.0,0
TN316352,Sousse,Sidi El Heni,Sidi El Heni Ouest,3,3,100.0,2,66.7,20.8,93.9,2,66.7,2,0,0,2,0,0,66.7,0.0,0.0,0
TN316353,Sousse,Sidi El Heni,Sidi El Heni Sud,2,2,100.0,2,100.0,34.2,100.0,2,100.0,2,0,0,2,0,0,100.0,0.0,0.0,0
TN316354,Sousse,Sidi El Heni,Ouled Ali Belhani,1,1,100.0,1,100.0,20.7,100.0,1,100.0,1,0,0,1,0,0,100.0,0.0,0.0,0
TN316355,Sousse,Sidi El Heni,Kroussia Ouest,2,2,100.0,1,50.0,9.5,90.5,1,50.0,1,0,0,1,0,0,50.0,0.0,0.0,0
TN316356,Sousse,Sidi El Heni,Kroussia Centrale,3,2,66.7,2,100.0,34.2,100.0,2,100.0,2,0,0,2,0,0,100.0,0.0,0.0,0
TN316451,Sousse,M'Saken,Ettouara Nord,5,5,100.0,5,100.0,56.6,100.0,5,100.0,5,0,0,5,0,0,100.0,0.0,0.0,0
TN316452,Sousse,M'Saken,Ettouara Sud,2,2,100.0,1,50.0,9.5,90.5,1,50.0,1,0,0,1,0,0,50.0,0.0,0.0,0
TN316453,Sousse,M'Saken,Jedidine,5,5,100.0,2,40.0,11.8,76.9,2,40.0,2,0,0,2,0,0,40.0,0.0,0.0,0
TN316454,Sousse,M'Saken,Jebline,6,6,100.0,4,66.7,30.0,90.3,4,66.7,4,0,0,4,0,0,66.7,0.0,0.0,0
TN316455,Sousse,M'Saken,Habib Thameur,4,4,100.0,4,100.0,51.0,100.0,4,100.0,4,0,0,4,0,0,100.0,0.0,0.0,0
TN316456,Sousse,M'Saken,Mouredine,3,3,100.0,3,100.0,43.8,100.0,6,200.0,6,0,0,3,0,0,100.0,0.0,0.0,0
TN316457,Sousse,M'Saken,Mneaema,2,2,100.0,1,50.0,9.5,90.5,1,50.0,1,0,0,1,0,0,50.0,0.0,0.0,0
TN316458,Sousse,M'Saken,El Gharbine,3,3,100.0,3,100.0,43.8,100.0,3,100.0,3,0,0,3,0,0,100.0,0.0,0.0,0
TN316459,Sousse,M'Saken,El Kenaies,4,4,100.0,4,100.0,51.0,100.0,4,100.0,4,0,0,4,0,0,100.0,0.0,0.0,0
TN316460,Sousse,M'Saken,El Kebline,2,2,100.0,1,50.0,9.5,90.5,1,50.0,1,0,0,1,0,0,50.0,0.0,0.0,0
TN316461,Sousse,M'Saken,Ennour,3,3,100.0,0,0.0,0.0,56.2,0,0.0,0,0,0,0,0,0,0.0,0.0,0.0,0
TN316462,Sousse,M'Saken,El Frady,2,2,100.0,2,100.0,34.2,100.0,4,200.0,4,0,0,2,0,0,100.0,0.0,0.0,0
TN316463,Sousse,M'Saken,Borgine,4,4,100.0,4,100.0,51.0,100.0,4,100.0,4,0,0,4,0,0,100.0,0.0,0.0,0
TN316464,Sousse,M'Saken,Beni Rabiaa,2,2,100.0,2,100.0,34.2,100.0,3,150.0,3,0,0,2,0,0,100.0,0.0,0.0,0
TN316465,Sousse,M'Saken,Beni Khalthoum,2,2,100.0,2,100.0,34.2,100.0,2,100.0,2,0,0,2,0,0,100.0,0.0,0.0,0
TN316466,Sousse,M'Saken,Nejajra,8,8,100.0,4,50.0,21.5,78.5,4,50.0,4,0,0,4,0,0,50.0,0.0,0.0,0
TN316467,Sousse,M'Saken,Messadine,8,8,100.0,3,37.5,13.7,69.4,3,37.5,3,0,0,3,0,0,37.5,0.0,0.0,0
TN316551,Sousse,Kalaa Sghira,Kalaa Seghira Est,6,6,100.0,6,100.0,61.0,100.0,7,116.7,7,0,0,6,0,0,100.0,0.0,0.0,0
TN316552,Sousse,Kalaa Sghira,Kalaa Seghira Hached,6,6,100.0,5,83.3,43.6,97.0,5,83.3,5,0,0,5,0,0,83.3,0.0,0.0,0
TN316553,Sousse,Kalaa Sghira,Kalaa Seghira Ville,13,13,100.0,8,61.5,35.5,82.3,9,69.2,8,0,1,8,0,1,61.5,0.0,7.7,2
TN316554,Sousse,Kalaa Sghira,En-Nagr,2,2,100.0,1,50.0,9.5,90.5,1,50.0,1,0,0,1,0,0,50.0,0.0,0.0,0
TN316555,Sousse,Kalaa Sghira,Oued Leya,1,1,100.0,0,0.0,0.0,79.3,0,0.0,0,0,0,0,0,0,0.0,0.0,0.0,0
TN316651,Sousse,Zaouia Ksiba Thraya,Zaouit Sousse,14,14,100.0,12,85.7,60.1,96.0,13,92.9,12,0,1,12,0,1,85.7,0.0,7.1,0
TN316652,Sousse,Zaouia Ksiba Thraya,Ksibet Sousse,8,8,100.0,8,100.0,67.6,100.0,12,150.0,12,0,0,8,0,0,100.0,0.0,0.0,0
TN316653,Sousse,Zaouia Ksiba Thraya,Thrayet,2,2,100.0,1,50.0,9.5,90.5,1,50.0,1,0,0,1,0,0,50.0,0.0,0.0,0
TN325151,Monastir,Monastir,El Medina,7,7,100.0,5,71.4,35.9,91.8,6,85.7,4,0,2,4,0,2,57.1,0.0,28.6,0
TN325152,Monastir,Monastir,El Medina 2,7,7,100.0,6,85.7,48.7,97.4,14,200.0,13,0,1,6,0,1,85.7,0.0,14.3,0
TN325153,Monastir,Monastir,Bab El Gharbi,15,15,100.0,15,100.0,79.6,100.0,25,166.7,25,0,0,15,0,0,100.0,0.0,0.0,1
TN325154,Monastir,Monastir,Er-Rbat,7,7,100.0,3,42.9,15.8,75.0,6,85.7,4,0,2,3,0,2,42.9,0.0,28.6,0
TN325155,Monastir,Monastir,El Helia,7,7,100.0,7,100.0,64.6,100.0,12,171.4,12,0,0,7,0,0,100.0,0.0,0.0,0
TN325156,Monastir,Monastir,El Halia 2,10,10,100.0,10,100.0,72.2,100.0,15,150.0,14,0,1,10,0,1,100.0,0.0,10.0,1
TN325157,Monastir,Monastir,Skanes,14,14,100.0,13,92.9,68.5,98.7,17,121.4,17,0,0,13,0,0,92.9,0.0,0.0,0
TN325158,Monastir,Monastir,Khenis Sud,7,7,100.0,5,71.4,35.9,91.8,5,71.4,5,0,0,5,0,0,71.4,0.0,0.0,0
TN325159,Monastir,Monastir,Khenis Nord,3,3,100.0,3,100.0,43.8,100.0,3,100.0,3,0,0,3,0,0,100.0,0.0,0.0,0
TN325251,Monastir,Ouerdanine,Ouerdanine Nord,5,5,100.0,5,100.0,56.6,100.0,7,140.0,7,0,0,5,0,0,100.0,0.0,0.0,0
TN325252,Monastir,Ouerdanine,Ouerdaninie Sud,10,10,100.0,9,90.0,59.6,98.2,15,150.0,15,0,0,9,0,0,90.0,0.0,0.0,1
TN325253,Monastir,Ouerdanine,Menzel Khair,1,1,100.0,1,100.0,20.7,100.0,1,100.0,1,0,0,1,0,0,100.0,0.0,0.0,0
TN325254,Monastir,Ouerdanine,Sidi Bou Othman,1,1,100.0,1,100.0,20.7,100.0,3,300.0,3,0,0,1,0,0,100.0,0.0,0.0,0
TN325255,Monastir,Ouerdanine,Oued El Jebs,1,1,100.0,1,100.0,20.7,100.0,1,100.0,1,0,0,1,0,0,100.0,0.0,0.0,0
TN325351,Monastir,Sahline,Sahline Est,6,6,100.0,6,100.0,61.0,100.0,6,100.0,6,0,0,6,0,0,100.0,0.0,0.0,0
TN325352,Monastir,Sahline,Sahline Ouest,5,5,100.0,5,100.0,56.6,100.0,6,120.0,6,0,0,5,0,0,100.0,0.0,0.0,1
TN325353,Monastir,Sahline,Sidi Ameur,5,5,100.0,5,100.0,56.6,100.0,5,100.0,5,0,0,5,0,0,100.0,0.0,0.0,0
TN325354,Monastir,Sahline,Mootmar,3,3,100.0,3,100.0,43.8,100.0,3,100.0,3,0,0,3,0,0,100.0,0.0,0.0,0
TN325355,Monastir,Sahline,Masjed Aissa,2,2,100.0,2,100.0,34.2,100.0,4,200.0,4,0,0,2,0,0,100.0,0.0,0.0,0
TN325451,Monastir,Zeramdine,Mezaougha,3,3,100.0,2,66.7,20.8,93.9,2,66.7,2,0,0,2,0,0,66.7,0.0,0.0,0
TN325452,Monastir,Zeramdine,Menzel Hayet,4,4,100.0,4,100.0,51.0,100.0,4,100.0,4,0,0,4,0,0,100.0,0.0,0.0,0
TN325453,Monastir,Zeramdine,Melichet,4,4,100.0,3,75.0,30.1,95.4,5,125.0,5,0,0,3,0,0,75.0,0.0,0.0,1
TN325454,Monastir,Zeramdine,Zeramdine Nord,6,6,100.0,2,33.3,9.7,70.0,2,33.3,2,0,0,2,0,0,33.3,0.0,0.0,0
TN325455,Monastir,Zeramdine,Zeramdine Sud,8,8,100.0,0,0.0,0.0,32.4,0,0.0,0,0,0,0,0,0,0.0,0.0,0.0,0
TN325551,Monastir,Beni Hassen,Beni Hassen Sud,4,4,100.0,4,100.0,51.0,100.0,4,100.0,4,0,0,4,0,0,100.0,0.0,0.0,0
TN325552,Monastir,Beni Hassen,Beni Hassen Nord,2,2,100.0,2,100.0,34.2,100.0,2,100.0,2,0,0,2,0,0,100.0,0.0,0.0,0
TN325553,Monastir,Beni Hassen,Hatem,1,1,100.0,1,100.0,20.7,100.0,2,200.0,2,0,0,1,0,0,100.0,0.0,0.0,0
TN325554,Monastir,Beni Hassen,El Jnaiha,1,1,100.0,1,100.0,20.7,100.0,1,100.0,1,0,0,1,0,0,100.0,0.0,0.0,0
TN325555,Monastir,Beni Hassen,Ghnada,3,3,100.0,3,100.0,43.8,100.0,3,100.0,3,0,0,3,0,0,100.0,0.0,0.0,0
TN325651,Monastir,Jammel,Jamel Sud,8,8,100.0,8,100.0,67.6,100.0,9,112.5,9,0,0,8,0,0,100.0,0.0,0.0,0
TN325652,Monastir,Jammel,Jamel Nord,2,2,100.0,2,100.0,34.2,100.0,2,100.0,2,0,0,2,0,0,100.0,0.0,0.0,0
TN325653,Monastir,Jammel,Jamel Est,14,14,100.0,10,71.4,45.4,88.3,13,92.9,13,0,0,10,0,0,71.4,0.0,0.0,1
TN325654,Monastir,Jammel,Jamel Ouest,12,12,100.0,9,75.0,46.8,91.1,9,75.0,9,0,0,9,0,0,75.0,0.0,0.0,1
TN325655,Monastir,Jammel,Zaouiet Kontoch,4,4,100.0,4,100.0,51.0,100.0,4,100.0,4,0,0,4,0,0,100.0,0.0,0.0,0
TN325656,Monastir,Jammel,Bir Taieb,1,1,100.0,1,100.0,20.7,100.0,1,100.0,1,0,0,1,0,0,100.0,0.0,0.0,0
TN325657,Monastir,Jammel,Menzel Kamel,7,7,100.0,6,85.7,48.7,97.4,8,114.3,8,0,0,6,0,0,85.7,0.0,0.0,0
TN325658,Monastir,Jammel,El Hdadra,1,1,100.0,1,100.0,20.7,100.0,2,200.0,2,0,0,1,0,0,100.0,0.0,0.0,0
TN325659,Monastir,Jammel,Et-Teyaira,1,1,100.0,0,0.0,0.0,79.3,0,0.0,0,0,0,0,0,0,0.0,0.0,0.0,0
TN325751,Monastir,Bembla,Bembla,6,6,100.0,6,100.0,61.0,100.0,6,100.0,6,0,0,6,0,0,100.0,0.0,0.0,0
TN325752,Monastir,Bembla,Bembla Ouest,4,4,100.0,4,100.0,51.0,100.0,7,175.0,7,0,0,4,0,0,100.0,0.0,0.0,0
TN325753,Monastir,Bembla,El Manara,3,3,100.0,3,100.0,43.8,100.0,7,233.3,7,0,0,3,0,0,100.0,0.0,0.0,0
TN325754,Monastir,Bembla,Menzel En-Nour,9,9,100.0,7,77.8,45.3,93.7,8,88.9,8,0,0,7,0,0,77.8,0.0,0.0,0
TN325755,Monastir,Bembla,El Masdour,2,2,100.0,2,100.0,34.2,100.0,2,100.0,2,0,0,2,0,0,100.0,0.0,0.0,0
TN325756,Monastir,Bembla,Menzel Harb,1,1,100.0,1,100.0,20.7,100.0,3,300.0,3,0,0,1,0,0,100.0,0.0,0.0,0
TN325851,Monastir,Moknine,Moknine Est,13,13,100.0,5,38.5,17.7,64.5,5,38.5,5,0,0,5,0,0,38.5,0.0,0.0,0
TN325852,Monastir,Moknine,Moknine Sud,2,2,100.0,0,0.0,0.0,65.8,0,0.0,0,0,0,0,0,0,0.0,0.0,0.0,0
TN325853,Monastir,Moknine,Moknine Nord,4,4,100.0,1,25.0,4.6,69.9,1,25.0,1,0,0,1,0,0,25.0,0.0,0.0,0
TN325854,Monastir,Moknine,Ras El Ouad,11,11,100.0,3,27.3,9.7,56.6,3,27.3,3,0,0,3,0,0,27.3,0.0,0.0,0
TN325855,Monastir,Moknine,Moknine Ouest,6,6,100.0,2,33.3,9.7,70.0,2,33.3,2,0,0,2,0,0,33.3,0.0,0.0,0
TN325856,Monastir,Moknine,Kheredine,8,8,100.0,3,37.5,13.7,69.4,3,37.5,3,0,0,3,0,0,37.5,0.0,0.0,0
TN325857,Monastir,Moknine,Sidi Bennour,6,6,100.0,4,66.7,30.0,90.3,4,66.7,4,0,0,4,0,0,66.7,0.0,0.0,0
TN325858,Monastir,Moknine,Menzel Farsi,3,3,100.0,1,33.3,6.1,79.2,1,33.3,1,0,0,1,0,0,33.3,0.0,0.0,0
TN325859,Monastir,Moknine,Cherahil,5,5,100.0,0,0.0,0.0,43.4,0,0.0,0,0,0,0,0,0,0.0,0.0,0.0,0
TN325860,Monastir,Moknine,Amiret El Fehoul,7,7,100.0,0,0.0,0.0,35.4,0,0.0,0,0,0,0,0,0,0.0,0.0,0.0,0
TN325861,Monastir,Moknine,Amiret El Hojjaj,9,9,100.0,3,33.3,12.1,64.6,3,33.3,3,0,0,3,0,0,33.3,0.0,0.0,0
TN325862,Monastir,Moknine,Amiret Touazra,4,4,100.0,1,25.0,4.6,69.9,1,25.0,1,0,0,1,0,0,25.0,0.0,0.0,0
TN325863,Monastir,Moknine,Amiret Touazra Sud,3,3,100.0,2,66.7,20.8,93.9,2,66.7,2,0,0,2,0,0,66.7,0.0,0.0,0
TN325951,Monastir,Bekalta,Bekalta Nord,6,6,100.0,6,100.0,61.0,100.0,7,116.7,7,0,0,6,0,0,100.0,0.0,0.0,0
TN325952,Monastir,Bekalta,Beklta Sud,6,6,100.0,6,100.0,61.0,100.0,10,166.7,10,0,0,6,0,0,100.0,0.0,0.0,0
TN325953,Monastir,Bekalta,El Baghdadi,1,1,100.0,1,100.0,20.7,100.0,2,200.0,2,0,0,1,0,0,100.0,0.0,0.0,0
TN325954,Monastir,Bekalta,Beklta Est,2,2,100.0,2,100.0,34.2,100.0,4,200.0,4,0,0,2,0,0,100.0,0.0,0.0,0
TN326051,Monastir,Teboulba,Houmet Essouk,7,7,100.0,7,100.0,64.6,100.0,12,171.4,12,0,0,7,0,0,100.0,0.0,0.0,1
TN326052,Monastir,Teboulba,El Fadhline,3,3,100.0,3,100.0,43.8,100.0,4,133.3,4,0,0,3,0,0,100.0,0.0,0.0,0
TN326053,Monastir,Teboulba,El Aiaicha,5,5,100.0,5,100.0,56.6,100.0,13,260.0,13,0,0,5,0,0,100.0,0.0,0.0,0
TN326054,Monastir,Teboulba,Sokrine,8,8,100.0,8,100.0,67.6,100.0,12,150.0,12,0,0,8,0,0,100.0,0.0,0.0,0
TN326055,Monastir,Teboulba,Bou-Driss,4,4,100.0,4,100.0,51.0,100.0,5,125.0,5,0,0,4,0,0,100.0,0.0,0.0,0
TN326151,Monastir,Ksar Hellal,Ayed,8,8,100.0,8,100.0,67.6,100.0,11,137.5,11,0,0,8,0,0,100.0,0.0,0.0,0
TN326152,Monastir,Ksar Hellal,Soua,18,18,100.0,17,94.4,74.2,99.0,17,94.4,17,0,0,17,0,0,94.4,0.0,0.0,0
TN326153,Monastir,Ksar Hellal,Bouzouita,5,5,100.0,5,100.0,56.6,100.0,5,100.0,5,0,0,5,0,0,100.0,0.0,0.0,0
TN326154,Monastir,Ksar Hellal,Cite Erriadh,10,10,100.0,9,90.0,59.6,98.2,10,100.0,10,0,0,9,0,0,90.0,0.0,0.0,0
TN326251,Monastir,Ksibet El Mediouni,Ksibet El Mediouni,10,10,100.0,10,100.0,72.2,100.0,11,110.0,11,0,0,10,0,0,100.0,0.0,0.0,0
TN326252,Monastir,Ksibet El Mediouni,Touza,6,6,100.0,6,100.0,61.0,100.0,6,100.0,6,0,0,6,0,0,100.0,0.0,0.0,0
TN326253,Monastir,Ksibet El Mediouni,Benen Sud,5,5,100.0,0,0.0,0.0,43.4,0,0.0,0,0,0,0,0,0,0.0,0.0,0.0,0
TN326254,Monastir,Ksibet El Mediouni,Benen Nord,5,5,100.0,0,0.0,0.0,43.4,0,0.0,0,0,0,0,0,0,0.0,0.0,0.0,0
TN326255,Monastir,Ksibet El Mediouni,Bodher,1,1,100.0,1,100.0,20.7,100.0,1,100.0,1,0,0,1,0,0,100.0,0.0,0.0,0
TN326351,Monastir,Sayada-Lamta-Bou Hjar,Sayada Est,8,8,100.0,7,87.5,52.9,97.8,8,100.0,8,0,0,7,0,0,87.5,0.0,0.0,0
TN326352,Monastir,Sayada-Lamta-Bou Hjar,Sayada Ouest,5,5,100.0,5,100.0,56.6,100.0,6,120.0,6,0,0,5,0,0,100.0,0.0,0.0,0
TN326353,Monastir,Sayada-Lamta-Bou Hjar,Lamta,5,5,100.0,5,100.0,56.6,100.0,7,140.0,7,0,0,5,0,0,100.0,0.0,0.0,1
TN326354,Monastir,Sayada-Lamta-Bou Hjar,Bou-Hjar,5,5,100.0,4,80.0,37.6,96.4,5,100.0,5,0,0,4,0,0,80.0,0.0,0.0,0
TN335151,Mahdia,Mahdia,Mahdia,9,9,100.0,2,22.2,6.3,54.7,2,22.2,2,0,0,2,0,0,22.2,0.0,0.0,0
TN335152,Mahdia,Mahdia,Zouila,4,4,100.0,1,25.0,4.6,69.9,1,25.0,1,0,0,1,0,0,25.0,0.0,0.0,0
TN335153,Mahdia,Mahdia,Zouila Sud,2,2,100.0,1,50.0,9.5,90.5,1,50.0,1,0,0,1,0,0,50.0,0.0,0.0,0
TN335154,Mahdia,Mahdia,Rejiche,5,5,100.0,1,20.0,3.6,62.4,1,20.0,1,0,0,1,0,0,20.0,0.0,0.0,0
TN335155,Mahdia,Mahdia,Rejiche Sud,5,5,100.0,2,40.0,11.8,76.9,2,40.0,2,0,0,2,0,0,40.0,0.0,0.0,0
TN335156,Mahdia,Mahdia,Chiba,2,2,100.0,1,50.0,9.5,90.5,1,50.0,1,0,0,1,0,0,50.0,0.0,0.0,0
TN335157,Mahdia,Mahdia,Es-Saad,3,3,100.0,2,66.7,20.8,93.9,2,66.7,2,0,0,2,0,0,66.7,0.0,0.0,0
TN335158,Mahdia,Mahdia,Jaouaouda,3,3,100.0,0,0.0,0.0,56.2,0,0.0,0,0,0,0,0,0,0.0,0.0,0.0,0
TN335159,Mahdia,Mahdia,Ez-Zahra,12,12,100.0,3,25.0,8.9,53.2,3,25.0,3,0,0,3,0,0,25.0,0.0,0.0,1
TN335160,Mahdia,Mahdia,Zegana,3,3,100.0,1,33.3,6.1,79.2,1,33.3,1,0,0,1,0,0,33.3,0.0,0.0,0
TN335161,Mahdia,Mahdia,Hiboun,12,12,100.0,3,25.0,8.9,53.2,3,25.0,3,0,0,3,0,0,25.0,0.0,0.0,0
TN335162,Mahdia,Mahdia,Er-Remal,4,4,100.0,0,0.0,0.0,49.0,0,0.0,0,0,0,0,0,0,0.0,0.0,0.0,0
TN335163,Mahdia,Mahdia,El Hekaima Est,3,3,100.0,1,33.3,6.1,79.2,1,33.3,1,0,0,1,0,0,33.3,0.0,0.0,0
TN335164,Mahdia,Mahdia,Hekaima Ouest,2,2,100.0,0,0.0,0.0,65.8,0,0.0,0,0,0,0,0,0,0.0,0.0,0.0,0
TN335251,Mahdia,Boumerdès,Bou Merdes,4,4,100.0,4,100.0,51.0,100.0,5,125.0,5,0,0,4,0,0,100.0,0.0,0.0,0
TN335252,Mahdia,Boumerdès,El Houes,3,3,100.0,2,66.7,20.8,93.9,3,100.0,3,0,0,2,0,0,66.7,0.0,0.0,0
TN335253,Mahdia,Boumerdès,Kerker,6,6,100.0,5,83.3,43.6,97.0,5,83.3,5,0,0,5,0,0,83.3,0.0,0.0,0
TN335254,Mahdia,Boumerdès,Zerata,2,1,50.0,1,100.0,20.7,100.0,1,100.0,1,0,0,1,0,0,100.0,0.0,0.0,0
TN335255,Mahdia,Boumerdès,Er-Rouadhi,3,3,100.0,3,100.0,43.8,100.0,3,100.0,3,0,0,3,0,0,100.0,0.0,0.0,0
TN335256,Mahdia,Boumerdès,Ech-Chouariaa,2,2,100.0,1,50.0,9.5,90.5,1,50.0,1,0,0,1,0,0,50.0,0.0,0.0,0
TN335257,Mahdia,Boumerdès,Bouhlale El Ali Sud,4,4,100.0,2,50.0,15.0,85.0,2,50.0,2,0,0,2,0,0,50.0,0.0,0.0,0
TN335258,Mahdia,Boumerdès,Bouhlale El Ali Nord,2,2,100.0,2,100.0,34.2,100.0,3,150.0,3,0,0,2,0,0,100.0,0.0,0.0,0
TN335259,Mahdia,Boumerdès,Menzel Hamza,2,2,100.0,2,100.0,34.2,100.0,2,100.0,2,0,0,2,0,0,100.0,0.0,0.0,0
TN335351,Mahdia,Ouled Chamekh,Ouled Chamekh Sud,6,6,100.0,3,50.0,18.8,81.2,3,50.0,3,0,0,3,0,0,50.0,0.0,0.0,0
TN335352,Mahdia,Ouled Chamekh,Ouled Chamekh Nord,3,3,100.0,2,66.7,20.8,93.9,2,66.7,2,0,0,2,0,0,66.7,0.0,0.0,0
TN335353,Mahdia,Ouled Chamekh,Ouled Amor,3,3,100.0,0,0.0,0.0,56.2,0,0.0,0,0,0,0,0,0,0.0,0.0,0.0,1
TN335354,Mahdia,Ouled Chamekh,Chehimet Nord,2,2,100.0,1,50.0,9.5,90.5,1,50.0,1,0,0,1,0,0,50.0,0.0,0.0,0
TN335355,Mahdia,Ouled Chamekh,El Ajilet,4,4,100.0,4,100.0,51.0,100.0,4,100.0,4,0,0,4,0,0,100.0,0.0,0.0,0
TN335356,Mahdia,Ouled Chamekh,Es-Somra,2,2,100.0,1,50.0,9.5,90.5,1,50.0,1,0,0,1,0,0,50.0,0.0,0.0,0
TN335357,Mahdia,Ouled Chamekh,Bou Slim,1,0,0.0,0,,,,0,,0,0,0,0,0,0,,,,0
TN335358,Mahdia,Ouled Chamekh,Meharza Nord,2,2,100.0,2,100.0,34.2,100.0,2,100.0,2,0,0,2,0,0,100.0,0.0,0.0,0
TN335451,Mahdia,Chorbane,Chorbane,6,6,100.0,5,83.3,43.6,97.0,8,133.3,8,0,0,5,0,0,83.3,0.0,0.0,0
TN335452,Mahdia,Chorbane,El Maati,1,1,100.0,1,100.0,20.7,100.0,2,200.0,2,0,0,1,0,0,100.0,0.0,0.0,0
TN335453,Mahdia,Chorbane,Ech-Chahda Sud,1,1,100.0,1,100.0,20.7,100.0,3,300.0,3,0,0,1,0,0,100.0,0.0,0.0,0
TN335454,Mahdia,Chorbane,Ech-Chahda Est,1,1,100.0,1,100.0,20.7,100.0,1,100.0,1,0,0,1,0,0,100.0,0.0,0.0,0
TN335455,Mahdia,Chorbane,El Gouacem Ouest,4,4,100.0,4,100.0,51.0,100.0,6,150.0,6,0,0,4,0,0,100.0,0.0,0.0,0
TN335456,Mahdia,Chorbane,El Gouacem Est,5,5,100.0,2,40.0,11.8,76.9,3,60.0,3,0,0,2,0,0,40.0,0.0,0.0,0
TN335457,Mahdia,Chorbane,Ech-Charaf,1,1,100.0,1,100.0,20.7,100.0,1,100.0,1,0,0,1,0,0,100.0,0.0,0.0,0
TN335458,Mahdia,Chorbane,El Gradha Ouest,1,1,100.0,1,100.0,20.7,100.0,2,200.0,2,0,0,1,0,0,100.0,0.0,0.0,0
TN335459,Mahdia,Chorbane,El Gradha Est,3,3,100.0,2,66.7,20.8,93.9,2,66.7,2,0,0,2,0,0,66.7,0.0,0.0,0
TN335460,Mahdia,Chorbane,Ouled El Hannachi,3,3,100.0,2,66.7,20.8,93.9,2,66.7,2,0,0,2,0,0,66.7,0.0,0.0,0
TN335551,Mahdia,Hbira,Hebira,3,2,66.7,1,50.0,9.5,90.5,1,50.0,1,0,0,1,0,0,50.0,0.0,0.0,0
TN335552,Mahdia,Hbira,Menzel Hached,3,3,100.0,2,66.7,20.8,93.9,3,100.0,3,0,0,2,0,0,66.7,0.0,0.0,0
TN335553,Mahdia,Hbira,Regaigua,1,1,100.0,1,100.0,20.7,100.0,1,100.0,1,0,0,1,0,0,100.0,0.0,0.0,0
TN335554,Mahdia,Hbira,Ech-Chahda Ouest,3,3,100.0,3,100.0,43.8,100.0,7,233.3,7,0,0,3,0,0,100.0,0.0,0.0,0
TN335555,Mahdia,Hbira,El Maherza Sud,2,2,100.0,2,100.0,34.2,100.0,5,250.0,5,0,0,2,0,0,100.0,0.0,0.0,0
TN335651,Mahdia,Souassi,Essouassi,11,11,100.0,8,72.7,43.4,90.3,8,72.7,8,0,0,8,0,0,72.7,0.0,0.0,0
TN335652,Mahdia,Souassi,Es-Saida,2,2,100.0,2,100.0,34.2,100.0,2,100.0,2,0,0,2,0,0,100.0,0.0,0.0,0
TN335653,Mahdia,Souassi,Sidi Naceur,3,3,100.0,3,100.0,43.8,100.0,3,100.0,3,0,0,3,0,0,100.0,0.0,0.0,0
TN335654,Mahdia,Souassi,Sidi Zid,6,6,100.0,6,100.0,61.0,100.0,7,116.7,7,0,0,6,0,0,100.0,0.0,0.0,0
TN335655,Mahdia,Souassi,Bou Helal,4,4,100.0,2,50.0,15.0,85.0,2,50.0,2,0,0,2,0,0,50.0,0.0,0.0,0
TN335656,Mahdia,Souassi,Cherichira,4,4,100.0,3,75.0,30.1,95.4,4,100.0,4,0,0,3,0,0,75.0,0.0,0.0,2
TN335657,Mahdia,Souassi,El Kesasba,5,5,100.0,4,80.0,37.6,96.4,5,100.0,5,0,0,4,0,0,80.0,0.0,0.0,0
TN335658,Mahdia,Souassi,Ez-Zairat,2,2,100.0,1,50.0,9.5,90.5,1,50.0,1,0,0,1,0,0,50.0,0.0,0.0,0
TN335659,Mahdia,Souassi,Ouled Moulahem Nord,3,3,100.0,3,100.0,43.8,100.0,4,133.3,4,0,0,3,0,0,100.0,0.0,0.0,0
TN335660,Mahdia,Souassi,Ouled Moulahem Ouest,3,3,100.0,3,100.0,43.8,100.0,3,100.0,3,0,0,3,0,0,100.0,0.0,0.0,0
TN335661,Mahdia,Souassi,Ech-Chahimet Sud,5,5,100.0,5,100.0,56.6,100.0,5,100.0,5,0,0,5,0,0,100.0,0.0,0.0,0
TN335751,Mahdia,El Jem,Es-Zaouia,11,11,100.0,9,81.8,52.3,94.9,9,81.8,9,0,0,9,0,0,81.8,0.0,0.0,0
TN335752,Mahdia,El Jem,El Mourabitine,6,6,100.0,6,100.0,61.0,100.0,6,100.0,6,0,0,6,0,0,100.0,0.0,0.0,0
TN335753,Mahdia,El Jem,Riadh Bou Helal,3,3,100.0,3,100.0,43.8,100.0,3,100.0,3,0,0,3,0,0,100.0,0.0,0.0,0
TN335754,Mahdia,El Jem,El Aitha,2,2,100.0,1,50.0,9.5,90.5,1,50.0,1,0,0,1,0,0,50.0,0.0,0.0,0
TN335755,Mahdia,El Jem,El Mechalet,2,2,100.0,2,100.0,34.2,100.0,3,150.0,3,0,0,2,0,0,100.0,0.0,0.0,0
TN335756,Mahdia,El Jem,Zeghabna,3,3,100.0,3,100.0,43.8,100.0,3,100.0,3,0,0,3,0,0,100.0,0.0,0.0,0
TN335757,Mahdia,El Jem,Touahria,2,2,100.0,2,100.0,34.2,100.0,2,100.0,2,0,0,2,0,0,100.0,0.0,0.0,0
TN335758,Mahdia,El Jem,El Ababsa,2,2,100.0,2,100.0,34.2,100.0,2,100.0,2,0,0,2,0,0,100.0,0.0,0.0,0
TN335759,Mahdia,El Jem,Talalsa,5,5,100.0,5,100.0,56.6,100.0,7,140.0,7,0,0,5,0,0,100.0,0.0,0.0,0
TN335760,Mahdia,El Jem,El Achaba,4,3,75.0,3,100.0,43.8,100.0,3,100.0,3,0,0,3,0,0,100.0,0.0,0.0,0
TN335851,Mahdia,Chebba,Chebba Nord,13,13,100.0,12,92.3,66.7,98.6,12,92.3,12,0,0,12,0,0,92.3,0.0,0.0,0
TN335852,Mahdia,Chebba,Chebba Sud,7,7,100.0,6,85.7,48.7,97.4,7,100.0,7,0,0,6,0,0,85.7,0.0,0.0,0
TN335853,Mahdia,Chebba,Es-Saafet,2,2,100.0,1,50.0,9.5,90.5,1,50.0,1,0,0,1,0,0,50.0,0.0,0.0,0
TN335951,Mahdia,Melloulech,Melloulech,8,8,100.0,8,100.0,67.6,100.0,10,125.0,10,0,0,8,0,0,100.0,0.0,0.0,1
TN335952,Mahdia,Melloulech,El Aitha,3,3,100.0,3,100.0,43.8,100.0,5,166.7,5,0,0,3,0,0,100.0,0.0,0.0,0
TN335953,Mahdia,Melloulech,El Mansoura,3,3,100.0,3,100.0,43.8,100.0,3,100.0,3,0,0,3,0,0,100.0,0.0,0.0,0
TN335954,Mahdia,Melloulech,Ben Hssine,4,4,100.0,4,100.0,51.0,100.0,4,100.0,4,0,0,4,0,0,100.0,0.0,0.0,0
TN335955,Mahdia,Melloulech,Sidi Abdellaziz,1,1,100.0,1,100.0,20.7,100.0,2,200.0,2,0,0,1,0,0,100.0,0.0,0.0,0
TN336051,Mahdia,Sidi Alouane,Sidi Alouane Ouest,4,4,100.0,3,75.0,30.1,95.4,3,75.0,3,0,0,3,0,0,75.0,0.0,0.0,0
TN336052,Mahdia,Sidi Alouane,Sidi Alouane Est,4,4,100.0,2,50.0,15.0,85.0,2,50.0,2,0,0,2,0,0,50.0,0.0,0.0,0
TN336053,Mahdia,Sidi Alouane,Zorda,3,3,100.0,3,100.0,43.8,100.0,4,133.3,4,0,0,3,0,0,100.0,0.0,0.0,0
TN336054,Mahdia,Sidi Alouane,Sakiet El Khadem,3,3,100.0,3,100.0,43.8,100.0,3,100.0,3,0,0,3,0,0,100.0,0.0,0.0,0
TN336055,Mahdia,Sidi Alouane,El Bassatine,2,2,100.0,2,100.0,34.2,100.0,3,150.0,3,0,0,2,0,0,100.0,0.0,0.0,0
TN336056,Mahdia,Sidi Alouane,Oued Beja Nord,3,3,100.0,3,100.0,43.8,100.0,3,100.0,3,0,0,3,0,0,100.0,0.0,0.0,0
TN336057,Mahdia,Sidi Alouane,Oued Beja Sud,2,2,100.0,1,50.0,9.5,90.5,1,50.0,1,0,0,1,0,0,50.0,0.0,0.0,1
TN336058,Mahdia,Sidi Alouane,Zalba Est,2,2,100.0,1,50.0,9.5,90.5,1,50.0,1,0,0,1,0,0,50.0,0.0,0.0,0
TN336059,Mahdia,Sidi Alouane,Zalba Ouest,3,3,100.0,2,66.7,20.8,93.9,2,66.7,2,0,0,2,0,0,66.7,0.0,0.0,0
TN336060,Mahdia,Sidi Alouane,En-Nozha,2,2,100.0,2,100.0,34.2,100.0,3,150.0,3,0,0,2,0,0,100.0,0.0,0.0,0
TN336061,Mahdia,Sidi Alouane,Oued Guellat,3,3,100.0,3,100.0,43.8,100.0,3,100.0,3,0,0,3,0,0,100.0,0.0,0.0,0
TN336062,Mahdia,Sidi Alouane,Es-Saada,5,5,100.0,4,80.0,37.6,96.4,4,80.0,4,0,0,4,0,0,80.0,0.0,0.0,0
TN336151,Mahdia,Ksour Essef,El Ksar,9,9,100.0,5,55.6,26.7,81.1,5,55.6,5,0,0,5,0,0,55.6,0.0,0.0,0
TN336152,Mahdia,Ksour Essef,Ksour Essaf Riadh,6,6,100.0,4,66.7,30.0,90.3,4,66.7,4,0,0,4,0,0,66.7,0.0,0.0,0
TN336153,Mahdia,Ksour Essef,El Ktanine,5,5,100.0,4,80.0,37.6,96.4,5,100.0,5,0,0,4,0,0,80.0,0.0,0.0,0
TN336154,Mahdia,Ksour Essef,Ksour Essaf Ettakaddoum,1,1,100.0,1,100.0,20.7,100.0,1,100.0,1,0,0,1,0,0,100.0,0.0,0.0,0
TN336155,Mahdia,Ksour Essef,Salakta,5,5,100.0,2,40.0,11.8,76.9,2,40.0,2,0,0,2,0,0,40.0,0.0,0.0,0
TN336157,Mahdia,Ksour Essef,Ouled Salah,3,3,100.0,1,33.3,6.1,79.2,1,33.3,1,0,0,1,0,0,33.3,0.0,0.0,0
TN336158,Mahdia,Ksour Essef,Sidi Assaker Ouest,1,1,100.0,1,100.0,20.7,100.0,1,100.0,1,0,0,1,0,0,100.0,0.0,0.0,0
TN336159,Mahdia,Ksour Essef,Recharcha,5,5,100.0,1,20.0,3.6,62.4,1,20.0,1,0,0,1,0,0,20.0,0.0,0.0,0
TN336160,Mahdia,Ksour Essef,El Hessinet,3,3,100.0,1,33.3,6.1,79.2,1,33.3,1,0,0,1,0,0,33.3,0.0,0.0,0
TN336161,Mahdia,Ksour Essef,El Bradaa Sud,4,4,100.0,4,100.0,51.0,100.0,4,100.0,4,0,0,4,0,0,100.0,0.0,0.0,0
TN336162,Mahdia,Ksour Essef,El Bradaa Nord,4,4,100.0,4,100.0,51.0,100.0,4,100.0,4,0,0,4,0,0,100.0,0.0,0.0,0
TN345151,Sfax,Sfax Médina,La Medina,3,3,100.0,3,100.0,43.8,100.0,3,100.0,3,0,0,3,0,0,100.0,0.0,0.0,0
TN345152,Sfax,Sfax Médina,Bab El Bhar,6,6,100.0,3,50.0,18.8,81.2,3,50.0,3,0,0,3,0,0,50.0,0.0,0.0,0
TN345153,Sfax,Sfax Médina,Cite El Khiari,7,7,100.0,4,57.1,25.0,84.2,4,57.1,4,0,0,4,0,0,57.1,0.0,0.0,0
TN345154,Sfax,Sfax Médina,El Bassatine,14,14,100.0,4,28.6,11.7,54.6,4,28.6,4,0,0,4,0,0,28.6,0.0,0.0,0
TN345155,Sfax,Sfax Médina,Er-Rbadh,8,8,100.0,6,75.0,40.9,92.9,6,75.0,6,0,0,6,0,0,75.0,0.0,0.0,0
TN345156,Sfax,Sfax Médina,15 Novembre,8,8,100.0,6,75.0,40.9,92.9,6,75.0,6,0,0,6,0,0,75.0,0.0,0.0,0
TN345157,Sfax,Sfax Médina,Ain Chaikh Rouhou,4,4,100.0,3,75.0,30.1,95.4,3,75.0,3,0,0,3,0,0,75.0,0.0,0.0,1
TN345158,Sfax,Sfax Médina,Cite Ettaouidhi,3,3,100.0,3,100.0,43.8,100.0,4,133.3,4,0,0,3,0,0,100.0,0.0,0.0,0
TN345159,Sfax,Sfax Médina,Merkez Kaddour,1,1,100.0,0,0.0,0.0,79.3,0,0.0,0,0,0,0,0,0,0.0,0.0,0.0,0
TN345160,Sfax,Sfax Médina,Merkez El Pacha,5,5,100.0,2,40.0,11.8,76.9,2,40.0,2,0,0,2,0,0,40.0,0.0,0.0,0
TN345161,Sfax,Sfax Médina,Sidi Abbes,7,7,100.0,4,57.1,25.0,84.2,5,71.4,5,0,0,4,0,0,57.1,0.0,0.0,0
TN345162,Sfax,Sfax Médina,Mohamed Ali,10,10,100.0,5,50.0,23.7,76.3,5,50.0,5,0,0,5,0,0,50.0,0.0,0.0,0
TN345251,Sfax,Sfax Ouest,Merkez Chaker,13,13,100.0,7,53.8,29.1,76.8,7,53.8,7,0,0,7,0,0,53.8,0.0,0.0,0
TN345252,Sfax,Sfax Ouest,Cite El Habib,17,17,100.0,12,70.6,46.9,86.7,12,70.6,12,0,0,12,0,0,70.6,0.0,0.0,0
TN345253,Sfax,Sfax Ouest,Soukra,8,8,100.0,4,50.0,21.5,78.5,4,50.0,4,0,0,4,0,0,50.0,0.0,0.0,0
TN345254,Sfax,Sfax Ouest,El Alia,8,8,100.0,5,62.5,30.6,86.3,5,62.5,5,0,0,5,0,0,62.5,0.0,0.0,1
TN345255,Sfax,Sfax Ouest,Oued Er-Rmel,8,8,100.0,7,87.5,52.9,97.8,7,87.5,7,0,0,7,0,0,87.5,0.0,0.0,1
TN345256,Sfax,Sfax Ouest,El Houda,10,10,100.0,4,40.0,16.8,68.7,5,50.0,5,0,0,4,0,0,40.0,0.0,0.0,0
TN345257,Sfax,Sfax Ouest,Cite El Bahri,13,13,100.0,8,61.5,35.5,82.3,8,61.5,8,0,0,8,0,0,61.5,0.0,0.0,0
TN345351,Sfax,Sakiet Ezzit,Sakiet Ezzit,21,21,100.0,7,33.3,17.2,54.6,7,33.3,7,0,0,7,0,0,33.3,0.0,0.0,0
TN345352,Sfax,Sakiet Ezzit,Merkez Bouassida,8,8,100.0,3,37.5,13.7,69.4,3,37.5,3,0,0,3,0,0,37.5,0.0,0.0,0
TN345353,Sfax,Sakiet Ezzit,Es-Sedra,12,12,100.0,3,25.0,8.9,53.2,3,25.0,3,0,0,3,0,0,25.0,0.0,0.0,1
TN345354,Sfax,Sakiet Ezzit,Chihia,12,12,100.0,3,25.0,8.9,53.2,3,25.0,3,0,0,3,0,0,25.0,0.0,0.0,0
TN345355,Sfax,Sakiet Ezzit,Teniour,17,17,100.0,6,35.3,17.3,58.7,6,35.3,6,0,0,6,0,0,35.3,0.0,0.0,0
TN345356,Sfax,Sakiet Ezzit,Sidi Salah,3,3,100.0,3,100.0,43.8,100.0,3,100.0,3,0,0,3,0,0,100.0,0.0,0.0,0
TN345357,Sfax,Sakiet Ezzit,El Ons,5,5,100.0,2,40.0,11.8,76.9,2,40.0,2,0,0,2,0,0,40.0,0.0,0.0,0
TN345451,Sfax,Sakiet Eddaier,Sakiet Eddaier,13,13,100.0,1,7.7,1.4,33.3,1,7.7,1,0,0,1,0,0,7.7,0.0,0.0,0
TN345452,Sfax,Sakiet Eddaier,Khiria,5,5,100.0,0,0.0,0.0,43.4,0,0.0,0,0,0,0,0,0,0.0,0.0,0.0,0
TN345453,Sfax,Sakiet Eddaier,Merkez Es-Sebai,11,11,100.0,1,9.1,1.6,37.7,1,9.1,1,0,0,1,0,0,9.1,0.0,0.0,0
TN345454,Sfax,Sakiet Eddaier,Bedarna,3,3,100.0,1,33.3,6.1,79.2,1,33.3,1,0,0,1,0,0,33.3,0.0,0.0,0
TN345455,Sfax,Sakiet Eddaier,Sidi Mansour,11,11,100.0,1,9.1,1.6,37.7,1,9.1,1,0,0,1,0,0,9.1,0.0,0.0,0
TN345456,Sfax,Sakiet Eddaier,Cite Bourguiba,15,14,93.3,3,21.4,7.6,47.6,3,21.4,3,0,0,3,0,0,21.4,0.0,0.0,0
TN345457,Sfax,Sakiet Eddaier,Saltnia,13,13,100.0,3,23.1,8.2,50.3,3,23.1,3,0,0,3,0,0,23.1,0.0,0.0,0
TN345458,Sfax,Sakiet Eddaier,Merkez Kaaniche,10,10,100.0,2,20.0,5.7,51.0,2,20.0,2,0,0,2,0,0,20.0,0.0,0.0,1
TN345551,Sfax,Sfax Sud,El Ain,21,21,100.0,6,28.6,13.8,50.0,7,33.3,7,0,0,6,0,0,28.6,0.0,0.0,0
TN345552,Sfax,Sfax Sud,Gremda,11,11,100.0,4,36.4,15.2,64.6,4,36.4,4,0,0,4,0,0,36.4,0.0,0.0,0
TN345553,Sfax,Sfax Sud,Bouzaiane,16,16,100.0,4,25.0,10.2,49.5,5,31.2,5,0,0,4,0,0,25.0,0.0,0.0,0
TN345554,Sfax,Sfax Sud,El Afrane Nord,15,15,100.0,6,40.0,19.8,64.3,9,60.0,9,0,0,6,0,0,40.0,0.0,0.0,0
TN345555,Sfax,Sfax Sud,Khazanet,10,10,100.0,4,40.0,16.8,68.7,4,40.0,4,0,0,4,0,0,40.0,0.0,0.0,0
TN345556,Sfax,Sfax Sud,El Aouabed,5,5,100.0,5,100.0,56.6,100.0,5,100.0,5,0,0,5,0,0,100.0,0.0,0.0,0
TN345557,Sfax,Sfax Sud,Ayoun El Mayel,9,9,100.0,7,77.8,45.3,93.7,7,77.8,7,0,0,7,0,0,77.8,0.0,0.0,0
TN345651,Sfax,Thyna,Tina,18,18,100.0,12,66.7,43.7,83.7,12,66.7,12,0,0,12,0,0,66.7,0.0,0.0,0
TN345652,Sfax,Thyna,Sidi Abid,8,8,100.0,3,37.5,13.7,69.4,3,37.5,3,0,0,3,0,0,37.5,0.0,0.0,1
TN345653,Sfax,Thyna,El Hajeb,14,14,100.0,8,57.1,32.6,78.6,8,57.1,8,0,0,8,0,0,57.1,0.0,0.0,0
TN345751,Sfax,Agareb,Agareb,12,12,100.0,11,91.7,64.6,98.5,12,100.0,12,0,0,11,0,0,91.7,0.0,0.0,1
TN345752,Sfax,Agareb,Gargour,8,8,100.0,3,37.5,13.7,69.4,3,37.5,3,0,0,3,0,0,37.5,0.0,0.0,0
TN345753,Sfax,Agareb,Bouledhieb,5,5,100.0,4,80.0,37.6,96.4,4,80.0,4,0,0,4,0,0,80.0,0.0,0.0,0
TN345754,Sfax,Agareb,El Mahrouka,4,4,100.0,4,100.0,51.0,100.0,4,100.0,4,0,0,4,0,0,100.0,0.0,0.0,0
TN345755,Sfax,Agareb,Ettorba,5,5,100.0,3,60.0,23.1,88.2,3,60.0,3,0,0,3,0,0,60.0,0.0,0.0,0
TN345756,Sfax,Agareb,Ben Sahloun,3,3,100.0,2,66.7,20.8,93.9,2,66.7,2,0,0,2,0,0,66.7,0.0,0.0,0
TN345757,Sfax,Agareb,Zeliana,1,1,100.0,1,100.0,20.7,100.0,1,100.0,1,0,0,1,0,0,100.0,0.0,0.0,0
TN345758,Sfax,Agareb,Es-Soghar,2,2,100.0,2,100.0,34.2,100.0,2,100.0,2,0,0,2,0,0,100.0,0.0,0.0,0
TN345851,Sfax,Jebeniana,Djebeniana,13,13,100.0,2,15.4,4.3,42.2,2,15.4,2,0,0,2,0,0,15.4,0.0,0.0,0
TN345852,Sfax,Jebeniana,Batria,5,5,100.0,0,0.0,0.0,43.4,0,0.0,0,0,0,0,0,0,0.0,0.0,0.0,0
TN345853,Sfax,Jebeniana,Baltech,2,2,100.0,0,0.0,0.0,65.8,0,0.0,0,0,0,0,0,0,0.0,0.0,0.0,0
TN345854,Sfax,Jebeniana,Hazeg,7,7,100.0,1,14.3,2.6,51.3,2,28.6,2,0,0,1,0,0,14.3,0.0,0.0,0
TN345855,Sfax,Jebeniana,El Kalelja,2,2,100.0,1,50.0,9.5,90.5,1,50.0,1,0,0,1,0,0,50.0,0.0,0.0,0
TN345856,Sfax,Jebeniana,El Ajengna,6,6,100.0,3,50.0,18.8,81.2,3,50.0,3,0,0,3,0,0,50.0,0.0,0.0,1
TN345857,Sfax,Jebeniana,El Louza,3,3,100.0,1,33.3,6.1,79.2,1,33.3,1,0,0,1,0,0,33.3,0.0,0.0,0
TN345858,Sfax,Jebeniana,El Houdh,4,4,100.0,0,0.0,0.0,49.0,0,0.0,0,0,0,0,0,0,0.0,0.0,0.0,0
TN345951,Sfax,El Amra,El Amra,7,7,100.0,7,100.0,64.6,100.0,8,114.3,8,0,0,7,0,0,100.0,0.0,0.0,0
TN345952,Sfax,El Amra,Beliana,5,5,100.0,2,40.0,11.8,76.9,2,40.0,2,0,0,2,0,0,40.0,0.0,0.0,1
TN345953,Sfax,El Amra,El Mesatria,4,4,100.0,2,50.0,15.0,85.0,6,150.0,6,0,0,2,0,0,50.0,0.0,0.0,0
TN345954,Sfax,El Amra,Es Salam,3,3,100.0,1,33.3,6.1,79.2,1,33.3,1,0,0,1,0,0,33.3,0.0,0.0,0
TN345955,Sfax,El Amra,Dherra Beni Ziad,4,4,100.0,4,100.0,51.0,100.0,6,150.0,6,0,0,4,0,0,100.0,0.0,0.0,0
TN345956,Sfax,El Amra,Bou Derbala,3,3,100.0,3,100.0,43.8,100.0,4,133.3,4,0,0,3,0,0,100.0,0.0,0.0,0
TN346051,Sfax,Hencha,El Hencha,12,12,100.0,7,58.3,32.0,80.7,7,58.3,7,0,0,7,0,0,58.3,0.0,0.0,0
TN346052,Sfax,Hencha,En-Nasr,4,4,100.0,4,100.0,51.0,100.0,4,100.0,4,0,0,4,0,0,100.0,0.0,0.0,0
TN346053,Sfax,Hencha,Sidi Hassen Belhaj,5,5,100.0,4,80.0,37.6,96.4,4,80.0,4,0,0,4,0,0,80.0,0.0,0.0,0
TN346054,Sfax,Hencha,Dokhane,3,3,100.0,2,66.7,20.8,93.9,2,66.7,2,0,0,2,0,0,66.7,0.0,0.0,0
TN346055,Sfax,Hencha,Bir Chaaba,5,5,100.0,2,40.0,11.8,76.9,2,40.0,2,0,0,2,0,0,40.0,0.0,0.0,0
TN346056,Sfax,Hencha,Merkez Mosbah,5,5,100.0,5,100.0,56.6,100.0,5,100.0,5,0,0,5,0,0,100.0,0.0,0.0,0
TN346057,Sfax,Hencha,Bir Salah,4,4,100.0,3,75.0,30.1,95.4,3,75.0,3,0,0,3,0,0,75.0,0.0,0.0,0
TN346058,Sfax,Hencha,El Hajjara,3,3,100.0,3,100.0,43.8,100.0,3,100.0,3,0,0,3,0,0,100.0,0.0,0.0,0
TN346059,Sfax,Hencha,Jouaouda,4,4,100.0,0,0.0,0.0,49.0,0,0.0,0,0,0,0,0,0,0.0,0.0,0.0,0
TN346151,Sfax,Menzel Chaker,Menzel Chaker,5,5,100.0,0,0.0,0.0,43.4,0,0.0,0,0,0,0,0,0,0.0,0.0,0.0,0
TN346152,Sfax,Menzel Chaker,Bou Jarboue,4,4,100.0,0,0.0,0.0,49.0,0,0.0,0,0,0,0,0,0,0.0,0.0,0.0,0
TN346153,Sfax,Menzel Chaker,Majel Edarj,4,4,100.0,4,100.0,51.0,100.0,6,150.0,6,0,0,4,0,0,100.0,0.0,0.0,0
TN346154,Sfax,Menzel Chaker,Bir Mellouli,1,1,100.0,0,0.0,0.0,79.3,0,0.0,0,0,0,0,0,0,0.0,0.0,0.0,0
TN346155,Sfax,Menzel Chaker,Bechka,2,2,100.0,0,0.0,0.0,65.8,0,0.0,0,0,0,0,0,0,0.0,0.0,0.0,0
TN346156,Sfax,Menzel Chaker,Bou-Thadi,2,2,100.0,1,50.0,9.5,90.5,3,150.0,3,0,0,1,0,0,50.0,0.0,0.0,0
TN346157,Sfax,Menzel Chaker,El Bokaa El Bidha,3,3,100.0,0,0.0,0.0,56.2,0,0.0,0,0,0,0,0,0,0.0,0.0,0.0,0
TN346158,Sfax,Menzel Chaker,El Aouadhna,4,4,100.0,0,0.0,0.0,49.0,0,0.0,0,0,0,0,0,0,0.0,0.0,0.0,0
TN346159,Sfax,Menzel Chaker,Telil El Ajla,2,2,100.0,0,0.0,0.0,65.8,0,0.0,0,0,0,0,0,0,0.0,0.0,0.0,1
TN346160,Sfax,Menzel Chaker,El Achech,5,5,100.0,0,0.0,0.0,43.4,0,0.0,0,0,0,0,0,0,0.0,0.0,0.0,0
TN346161,Sfax,Menzel Chaker,El Hadj Kacem,2,2,100.0,0,0.0,0.0,65.8,0,0.0,0,0,0,0,0,0,0.0,0.0,0.0,0
TN346162,Sfax,Menzel Chaker,Chaleb,5,5,100.0,0,0.0,0.0,43.4,0,0.0,0,0,0,0,0,0,0.0,0.0,0.0,0
TN346251,Sfax,El Ghraiba,El Ghraiba,4,4,100.0,4,100.0,51.0,100.0,4,100.0,4,0,0,4,0,0,100.0,0.0,0.0,0
TN346252,Sfax,El Ghraiba,El Manar,5,5,100.0,3,60.0,23.1,88.2,3,60.0,3,0,0,3,0,0,60.0,0.0,0.0,0
TN346253,Sfax,El Ghraiba,El Hchichina Sud,3,3,100.0,3,100.0,43.8,100.0,3,100.0,3,0,0,3,0,0,100.0,0.0,0.0,0
TN346254,Sfax,El Ghraiba,Hchichina Nord,2,2,100.0,2,100.0,34.2,100.0,3,150.0,3,0,0,2,0,0,100.0,0.0,0.0,0
TN346255,Sfax,El Ghraiba,El Chaal,1,1,100.0,1,100.0,20.7,100.0,1,100.0,1,0,0,1,0,0,100.0,0.0,0.0,0
TN346351,Sfax,Bir Ali Ben Khélifa,Bir Ali Ben Khelifa,9,9,100.0,1,11.1,2.0,43.5,1,11.1,1,0,0,1,0,0,11.1,0.0,0.0,0
TN346352,Sfax,Bir Ali Ben Khélifa,Sidi Dhaher,5,5,100.0,0,0.0,0.0,43.4,0,0.0,0,0,0,0,0,0,0.0,0.0,0.0,0
TN346353,Sfax,Bir Ali Ben Khélifa,Sidi Ali Belabed,5,5,100.0,2,40.0,11.8,76.9,2,40.0,2,0,0,2,0,0,40.0,0.0,0.0,0
TN346354,Sfax,Bir Ali Ben Khélifa,Bou Slim,2,2,100.0,2,100.0,34.2,100.0,3,150.0,3,0,0,2,0,0,100.0,0.0,0.0,0
TN346355,Sfax,Bir Ali Ben Khélifa,El Abraj,4,4,100.0,4,100.0,51.0,100.0,6,150.0,6,0,0,4,0,0,100.0,0.0,0.0,0
TN346356,Sfax,Bir Ali Ben Khélifa,Sdiret Sud,2,2,100.0,1,50.0,9.5,90.5,1,50.0,1,0,0,1,0,0,50.0,0.0,0.0,0
TN346357,Sfax,Bir Ali Ben Khélifa,Sdiret Nord,6,6,100.0,4,66.7,30.0,90.3,4,66.7,4,0,0,4,0,0,66.7,0.0,0.0,0
TN346358,Sfax,Bir Ali Ben Khélifa,El Gandoul,6,6,100.0,4,66.7,30.0,90.3,4,66.7,4,0,0,4,0,0,66.7,0.0,0.0,1
TN346359,Sfax,Bir Ali Ben Khélifa,Oued Ech-Cheikh,5,5,100.0,0,0.0,0.0,43.4,0,0.0,0,0,0,0,0,0,0.0,0.0,0.0,1
TN346360,Sfax,Bir Ali Ben Khélifa,Ouadrane Sud,7,7,100.0,0,0.0,0.0,35.4,0,0.0,0,0,0,0,0,0,0.0,0.0,0.0,0
TN346361,Sfax,Bir Ali Ben Khélifa,Ouadrane Nord,6,6,100.0,2,33.3,9.7,70.0,2,33.3,2,0,0,2,0,0,33.3,0.0,0.0,0
TN346362,Sfax,Bir Ali Ben Khélifa,En-Nadhour,9,9,100.0,0,0.0,0.0,29.9,0,0.0,0,0,0,0,0,0,0.0,0.0,0.0,0
TN346451,Sfax,Skhira,Sbih,3,2,66.7,2,100.0,34.2,100.0,2,100.0,2,0,0,2,0,0,100.0,0.0,0.0,0
TN346452,Sfax,Skhira,El Khadhra,6,6,100.0,5,83.3,43.6,97.0,5,83.3,5,0,0,5,0,0,83.3,0.0,0.0,0
TN346453,Sfax,Skhira,Naoual,5,5,100.0,5,100.0,56.6,100.0,6,120.0,6,0,0,5,0,0,100.0,0.0,0.0,0
TN346454,Sfax,Skhira,Skhira,14,14,100.0,14,100.0,78.5,100.0,18,128.6,18,0,0,14,0,0,100.0,0.0,0.0,0
TN346455,Sfax,Skhira,El Kenitra,5,5,100.0,5,100.0,56.6,100.0,6,120.0,6,0,0,5,0,0,100.0,0.0,0.0,0
TN346456,Sfax,Skhira,Sidi Mohamed,6,6,100.0,6,100.0,61.0,100.0,12,200.0,12,0,0,6,0,0,100.0,0.0,0.0,0
TN346457,Sfax,Skhira,El Hammada,4,4,100.0,4,100.0,51.0,100.0,10,250.0,10,0,0,4,0,0,100.0,0.0,0.0,0
TN346551,Sfax,Mahres,Mahres,11,11,100.0,2,18.2,5.1,47.7,2,18.2,2,0,0,2,0,0,18.2,0.0,0.0,0
TN346552,Sfax,Mahres,Mahres Sud,6,6,100.0,2,33.3,9.7,70.0,2,33.3,2,0,0,2,0,0,33.3,0.0,0.0,0
TN346553,Sfax,Mahres,Chaffar,8,8,100.0,4,50.0,21.5,78.5,4,50.0,4,0,0,4,0,0,50.0,0.0,0.0,0
TN346554,Sfax,Mahres,Sidi Ghrib,3,3,100.0,3,100.0,43.8,100.0,3,100.0,3,0,0,3,0,0,100.0,0.0,0.0,0
TN346555,Sfax,Mahres,Aithet Chelaia,3,3,100.0,2,66.7,20.8,93.9,2,66.7,2,0,0,2,0,0,66.7,0.0,0.0,0
TN346556,Sfax,Mahres,Es-Smara,2,2,100.0,2,100.0,34.2,100.0,2,100.0,2,0,0,2,0,0,100.0,0.0,0.0,0
TN346651,Sfax,Kerkennah,El Ataya,3,3,100.0,3,100.0,43.8,100.0,3,100.0,3,0,0,3,0,0,100.0,0.0,0.0,0
TN346652,Sfax,Kerkennah,El Ramla,3,3,100.0,2,66.7,20.8,93.9,2,66.7,2,0,0,2,0,0,66.7,0.0,0.0,0
TN346653,Sfax,Kerkennah,Sidi Frej,1,1,100.0,1,100.0,20.7,100.0,2,200.0,2,0,0,1,0,0,100.0,0.0,0.0,0
TN346654,Sfax,Kerkennah,Melita,4,4,100.0,3,75.0,30.1,95.4,3,75.0,3,0,0,3,0,0,75.0,0.0,0.0,0
TN346655,Sfax,Kerkennah,El Kalabine,1,1,100.0,1,100.0,20.7,100.0,1,100.0,1,0,0,1,0,0,100.0,0.0,0.0,0
TN346656,Sfax,Kerkennah,En-Najet,2,2,100.0,2,100.0,34.2,100.0,3,150.0,3,0,0,2,0,0,100.0,0.0,0.0,0
TN346657,Sfax,Kerkennah,El Chargui,1,1,100.0,1,100.0,20.7,100.0,1,100.0,1,0,0,1,0,0,100.0,0.0,0.0,0
TN346658,Sfax,Kerkennah,El Kantra,1,1,100.0,1,100.0,20.7,100.0,1,100.0,1,0,0,1,0,0,100.0,0.0,0.0,0
TN346659,Sfax,Kerkennah,El Kraten,1,1,100.0,1,100.0,20.7,100.0,3,300.0,3,0,0,1,0,0,100.0,0.0,0.0,0
TN346660,Sfax,Kerkennah,Ouled Kacem,1,1,100.0,1,100.0,20.7,100.0,1,100.0,1,0,0,1,0,0,100.0,0.0,0.0,0
TN415151,Kairouan,Kairouan Nord,Al Ansar,1,1,100.0,0,0.0,0.0,79.3,0,0.0,0,0,0,0,0,0,0.0,0.0,0.0,0
TN415152,Kairouan,Kairouan Nord,El Jemaa Nord,1,1,100.0,0,0.0,0.0,79.3,0,0.0,0,0,0,0,0,0,0.0,0.0,0.0,0
TN415153,Kairouan,Kairouan Nord,El Jemaa Sud,2,2,100.0,2,100.0,34.2,100.0,2,100.0,2,0,0,2,0,0,100.0,0.0,0.0,0
TN415154,Kairouan,Kairouan Nord,Kebilia Nord,2,2,100.0,2,100.0,34.2,100.0,2,100.0,2,0,0,2,0,0,100.0,0.0,0.0,0
TN415155,Kairouan,Kairouan Nord,Jeblia Nord,8,8,100.0,3,37.5,13.7,69.4,3,37.5,3,0,0,3,0,0,37.5,0.0,0.0,0
TN415156,Kairouan,Kairouan Nord,Jeblia Sud,1,1,100.0,0,0.0,0.0,79.3,0,0.0,0,0,0,0,0,0,0.0,0.0,0.0,0
TN415157,Kairouan,Kairouan Nord,El Menchia,3,3,100.0,1,33.3,6.1,79.2,1,33.3,1,0,0,1,0,0,33.3,0.0,0.0,0
TN415158,Kairouan,Kairouan Nord,Al Aghalba,3,3,100.0,2,66.7,20.8,93.9,2,66.7,2,0,0,2,0,0,66.7,0.0,0.0,1
TN415159,Kairouan,Kairouan Nord,Elbaten,2,2,100.0,0,0.0,0.0,65.8,0,0.0,0,0,0,0,0,0,0.0,0.0,0.0,0
TN415160,Kairouan,Kairouan Nord,Dheraa Ettammar,2,2,100.0,0,0.0,0.0,65.8,0,0.0,0,0,0,0,0,0,0.0,0.0,0.0,0
TN415161,Kairouan,Kairouan Nord,Metbasta,1,1,100.0,0,0.0,0.0,79.3,0,0.0,0,0,0,0,0,0,0.0,0.0,0.0,0
TN415162,Kairouan,Kairouan Nord,El Ghabet,3,3,100.0,3,100.0,43.8,100.0,3,100.0,3,0,0,3,0,0,100.0,0.0,0.0,0
TN415251,Kairouan,Kairouan Sud,Elmansoura Nord,3,3,100.0,2,66.7,20.8,93.9,2,66.7,2,0,0,2,0,0,66.7,0.0,0.0,1
TN415252,Kairouan,Kairouan Sud,Elmansoura Sud,4,4,100.0,3,75.0,30.1,95.4,4,100.0,4,0,0,3,0,0,75.0,0.0,0.0,0
TN415253,Kairouan,Kairouan Sud,Keblia Sud,3,3,100.0,2,66.7,20.8,93.9,2,66.7,2,0,0,2,0,0,66.7,0.0,0.0,0
TN415254,Kairouan,Kairouan Sud,Merguellil,1,1,100.0,1,100.0,20.7,100.0,1,100.0,1,0,0,1,0,0,100.0,0.0,0.0,0
TN415255,Kairouan,Kairouan Sud,Rakada,1,1,100.0,1,100.0,20.7,100.0,1,100.0,1,0,0,1,0,0,100.0,0.0,0.0,0
TN415256,Kairouan,Kairouan Sud,Zroud,2,2,100.0,0,0.0,0.0,65.8,0,0.0,0,0,0,0,0,0,0.0,0.0,0.0,0
TN415257,Kairouan,Kairouan Sud,Ettaen,2,2,100.0,2,100.0,34.2,100.0,2,100.0,2,0,0,2,0,0,100.0,0.0,0.0,0
TN415258,Kairouan,Kairouan Sud,Ouled Nhar,2,2,100.0,1,50.0,9.5,90.5,1,50.0,1,0,0,1,0,0,50.0,0.0,0.0,0
TN415259,Kairouan,Kairouan Sud,Khazazia,4,4,100.0,2,50.0,15.0,85.0,2,50.0,2,0,0,2,0,0,50.0,0.0,0.0,0
TN415260,Kairouan,Kairouan Sud,El Makhsouma,2,2,100.0,1,50.0,9.5,90.5,2,100.0,2,0,0,1,0,0,50.0,0.0,0.0,1
TN415261,Kairouan,Kairouan Sud,El Nebech,2,2,100.0,1,50.0,9.5,90.5,1,50.0,1,0,0,1,0,0,50.0,0.0,0.0,0
TN415262,Kairouan,Kairouan Sud,Zaafrana,3,3,100.0,3,100.0,43.8,100.0,4,133.3,4,0,0,3,0,0,100.0,0.0,0.0,0
TN415263,Kairouan,Kairouan Sud,El Khadra,2,2,100.0,2,100.0,34.2,100.0,3,150.0,3,0,0,2,0,0,100.0,0.0,0.0,0
TN415264,Kairouan,Kairouan Sud,El Hammam,4,4,100.0,3,75.0,30.1,95.4,3,75.0,3,0,0,3,0,0,75.0,0.0,0.0,0
TN415265,Kairouan,Kairouan Sud,Beriket El Argoub,2,2,100.0,2,100.0,34.2,100.0,2,100.0,2,0,0,2,0,0,100.0,0.0,0.0,0
TN415351,Kairouan,Chebika,Echbika,4,4,100.0,2,50.0,15.0,85.0,2,50.0,2,0,0,2,0,0,50.0,0.0,0.0,0
TN415352,Kairouan,Chebika,Jaouaouda,4,4,100.0,1,25.0,4.6,69.9,1,25.0,1,0,0,1,0,0,25.0,0.0,0.0,0
TN415353,Kairouan,Chebika,El Aouamria,2,2,100.0,1,50.0,9.5,90.5,1,50.0,1,0,0,1,0,0,50.0,0.0,0.0,0
TN415354,Kairouan,Chebika,Errouisset,3,3,100.0,3,100.0,43.8,100.0,4,133.3,4,0,0,3,0,0,100.0,0.0,0.0,0
TN415355,Kairouan,Chebika,Abida,4,4,100.0,3,75.0,30.1,95.4,3,75.0,3,0,0,3,0,0,75.0,0.0,0.0,0
TN415356,Kairouan,Chebika,Sidi Ali Ben Salem,4,4,100.0,0,0.0,0.0,49.0,0,0.0,0,0,0,0,0,0,0.0,0.0,0.0,0
TN415357,Kairouan,Chebika,Hammed,2,2,100.0,2,100.0,34.2,100.0,3,150.0,3,0,0,2,0,0,100.0,0.0,0.0,0
TN415358,Kairouan,Chebika,El Karma,3,3,100.0,1,33.3,6.1,79.2,1,33.3,1,0,0,1,0,0,33.3,0.0,0.0,0
TN415451,Kairouan,Sbikha,Sbikha Centre,4,4,100.0,2,50.0,15.0,85.0,2,50.0,2,0,0,2,0,0,50.0,0.0,0.0,0
TN415452,Kairouan,Sbikha,Ain Bou Morra,2,2,100.0,1,50.0,9.5,90.5,1,50.0,1,0,0,1,0,0,50.0,0.0,0.0,0
TN415453,Kairouan,Sbikha,El Friouet,2,2,100.0,1,50.0,9.5,90.5,2,100.0,2,0,0,1,0,0,50.0,0.0,0.0,0
TN415454,Kairouan,Sbikha,Sidi Messaoud,3,3,100.0,1,33.3,6.1,79.2,1,33.3,1,0,0,1,0,0,33.3,0.0,0.0,0
TN415455,Kairouan,Sbikha,Ed-Dekhila,4,4,100.0,1,25.0,4.6,69.9,2,50.0,2,0,0,1,0,0,25.0,0.0,0.0,0
TN415456,Kairouan,Sbikha,Ed-Dheriaat,5,5,100.0,1,20.0,3.6,62.4,1,20.0,1,0,0,1,0,0,20.0,0.0,0.0,0
TN415457,Kairouan,Sbikha,El Gfi,4,4,100.0,2,50.0,15.0,85.0,3,75.0,3,0,0,2,0,0,50.0,0.0,0.0,0
TN415458,Kairouan,Sbikha,El Alam,2,2,100.0,2,100.0,34.2,100.0,2,100.0,2,0,0,2,0,0,100.0,0.0,0.0,0
TN415459,Kairouan,Sbikha,El Katifa,1,1,100.0,1,100.0,20.7,100.0,1,100.0,1,0,0,1,0,0,100.0,0.0,0.0,0
TN415460,Kairouan,Sbikha,El Aouitha,3,3,100.0,3,100.0,43.8,100.0,4,133.3,4,0,0,3,0,0,100.0,0.0,0.0,0
TN415461,Kairouan,Sbikha,Sisseb,1,1,100.0,1,100.0,20.7,100.0,1,100.0,1,0,0,1,0,0,100.0,0.0,0.0,0
TN415462,Kairouan,Sbikha,Ech-Chorfa,2,2,100.0,0,0.0,0.0,65.8,0,0.0,0,0,0,0,0,0,0.0,0.0,0.0,0
TN415463,Kairouan,Sbikha,Chogafia,3,3,100.0,2,66.7,20.8,93.9,2,66.7,2,0,0,2,0,0,66.7,0.0,0.0,0
TN415464,Kairouan,Sbikha,Serdiania,2,2,100.0,2,100.0,34.2,100.0,3,150.0,3,0,0,2,0,0,100.0,0.0,0.0,0
TN415465,Kairouan,Sbikha,Oued El Khraouia,1,1,100.0,1,100.0,20.7,100.0,1,100.0,1,0,0,1,0,0,100.0,0.0,0.0,0
TN415551,Kairouan,Oueslatia,Maarouf,3,3,100.0,1,33.3,6.1,79.2,1,33.3,1,0,0,1,0,0,33.3,0.0,0.0,0
TN415552,Kairouan,Oueslatia,El Ooueslatia Est,2,2,100.0,1,50.0,9.5,90.5,2,100.0,2,0,0,1,0,0,50.0,0.0,0.0,0
TN415553,Kairouan,Oueslatia,El Ooueslatia Ouest,3,3,100.0,2,66.7,20.8,93.9,3,100.0,3,0,0,2,0,0,66.7,0.0,0.0,0
TN415554,Kairouan,Oueslatia,El Menzel,3,3,100.0,3,100.0,43.8,100.0,5,166.7,5,0,0,3,0,0,100.0,0.0,0.0,0
TN415555,Kairouan,Oueslatia,Djebel Essarj,3,3,100.0,3,100.0,43.8,100.0,6,200.0,6,0,0,3,0,0,100.0,0.0,0.0,0
TN415556,Kairouan,Oueslatia,Zaghdoud,3,3,100.0,1,33.3,6.1,79.2,1,33.3,1,0,0,1,0,0,33.3,0.0,0.0,2
TN415557,Kairouan,Oueslatia,Djebel Oouestat,3,3,100.0,3,100.0,43.8,100.0,3,100.0,3,0,0,3,0,0,100.0,0.0,0.0,0
TN415558,Kairouan,Oueslatia,Djebel Erreihane,4,4,100.0,2,50.0,15.0,85.0,2,50.0,2,0,0,2,0,0,50.0,0.0,0.0,0
TN415559,Kairouan,Oueslatia,Ain Djeloula,5,5,100.0,5,100.0,56.6,100.0,6,120.0,6,0,0,5,0,0,100.0,0.0,0.0,0
TN415560,Kairouan,Oueslatia,Oued El Ksab,1,1,100.0,0,0.0,0.0,79.3,0,0.0,0,0,0,0,0,0,0.0,0.0,0.0,0
TN415561,Kairouan,Oueslatia,El Behair,4,4,100.0,3,75.0,30.1,95.4,3,75.0,3,0,0,3,0,0,75.0,0.0,0.0,0
TN415651,Kairouan,Haffouz,Hafouz Centre,3,3,100.0,2,66.7,20.8,93.9,2,66.7,2,0,0,2,0,0,66.7,0.0,0.0,0
TN415652,Kairouan,Haffouz,Khit El Oued,6,6,100.0,3,50.0,18.8,81.2,3,50.0,3,0,0,3,0,0,50.0,0.0,0.0,0
TN415653,Kairouan,Haffouz,Oued El Jabbes,3,3,100.0,3,100.0,43.8,100.0,4,133.3,4,0,0,3,0,0,100.0,0.0,0.0,0
TN415654,Kairouan,Haffouz,El Ain El Beidha,4,4,100.0,2,50.0,15.0,85.0,2,50.0,2,0,0,2,0,0,50.0,0.0,0.0,0
TN415655,Kairouan,Haffouz,El Houfia,3,3,100.0,3,100.0,43.8,100.0,4,133.3,4,0,0,3,0,0,100.0,0.0,0.0,0
TN415656,Kairouan,Haffouz,Cherichira,2,2,100.0,2,100.0,34.2,100.0,3,150.0,3,0,0,2,0,0,100.0,0.0,0.0,0
TN415657,Kairouan,Haffouz,Traza Sud,3,3,100.0,0,0.0,0.0,56.2,0,0.0,0,0,0,0,0,0,0.0,0.0,0.0,1
TN415658,Kairouan,Haffouz,Ouled Khalfallah,2,2,100.0,2,100.0,34.2,100.0,2,100.0,2,0,0,2,0,0,100.0,0.0,0.0,0
TN415751,Kairouan,Alaa,El Alaa,5,5,100.0,3,60.0,23.1,88.2,3,60.0,3,0,0,3,0,0,60.0,0.0,0.0,0
TN415752,Kairouan,Alaa,El Messaid,4,4,100.0,3,75.0,30.1,95.4,5,125.0,5,0,0,3,0,0,75.0,0.0,0.0,0
TN415753,Kairouan,Alaa,El Guettar,3,3,100.0,3,100.0,43.8,100.0,4,133.3,4,0,0,3,0,0,100.0,0.0,0.0,0
TN415754,Kairouan,Alaa,Messiouta El Hanachir,4,4,100.0,2,50.0,15.0,85.0,2,50.0,2,0,0,2,0,0,50.0,0.0,0.0,6
TN415755,Kairouan,Alaa,Messiouta Ennaguaz,3,3,100.0,3,100.0,43.8,100.0,5,166.7,5,0,0,3,0,0,100.0,0.0,0.0,0
TN415756,Kairouan,Alaa,Sayada Nord,4,4,100.0,3,75.0,30.1,95.4,3,75.0,3,0,0,3,0,0,75.0,0.0,0.0,0
TN415757,Kairouan,Alaa,Sayada Sud,3,3,100.0,2,66.7,20.8,93.9,3,100.0,3,0,0,2,0,0,66.7,0.0,0.0,0
TN415758,Kairouan,Alaa,Ouled Amor,3,3,100.0,0,0.0,0.0,56.2,0,0.0,0,0,0,0,0,0,0.0,0.0,0.0,0
TN415759,Kairouan,Alaa,Tarza Nord,2,2,100.0,2,100.0,34.2,100.0,2,100.0,2,0,0,2,0,0,100.0,0.0,0.0,0
TN415851,Kairouan,Hajeb El Ayoun,El Hajeb Centre,11,11,100.0,9,81.8,52.3,94.9,9,81.8,9,0,0,9,0,0,81.8,0.0,0.0,1
TN415852,Kairouan,Hajeb El Ayoun,Ahouaz El Hajeb,3,3,100.0,2,66.7,20.8,93.9,2,66.7,2,0,0,2,0,0,66.7,0.0,0.0,0
TN415853,Kairouan,Hajeb El Ayoun,Chaouachi,4,4,100.0,2,50.0,15.0,85.0,2,50.0,2,0,0,2,0,0,50.0,0.0,0.0,0
TN415854,Kairouan,Hajeb El Ayoun,Esserja,4,4,100.0,4,100.0,51.0,100.0,4,100.0,4,0,0,4,0,0,100.0,0.0,0.0,0
TN415855,Kairouan,Hajeb El Ayoun,El Kantra,2,2,100.0,2,100.0,34.2,100.0,3,150.0,3,0,0,2,0,0,100.0,0.0,0.0,0
TN415856,Kairouan,Hajeb El Ayoun,El Hadaya,3,3,100.0,3,100.0,43.8,100.0,3,100.0,3,0,0,3,0,0,100.0,0.0,0.0,0
TN415857,Kairouan,Hajeb El Ayoun,El Ghouiba,4,4,100.0,4,100.0,51.0,100.0,4,100.0,4,0,0,4,0,0,100.0,0.0,0.0,0
TN415858,Kairouan,Hajeb El Ayoun,Oued El Hajel,5,5,100.0,4,80.0,37.6,96.4,6,120.0,6,0,0,4,0,0,80.0,0.0,0.0,0
TN415859,Kairouan,Hajeb El Ayoun,Errehima,3,3,100.0,2,66.7,20.8,93.9,2,66.7,2,0,0,2,0,0,66.7,0.0,0.0,0
TN415951,Kairouan,Nasrallah,Nasrallah Centre,3,3,100.0,3,100.0,43.8,100.0,4,133.3,4,0,0,3,0,0,100.0,0.0,0.0,0
TN415952,Kairouan,Nasrallah,Nasrallah Banlieue,6,6,100.0,1,16.7,3.0,56.4,1,16.7,1,0,0,1,0,0,16.7,0.0,0.0,0
TN415953,Kairouan,Nasrallah,El Hmidet,3,3,100.0,2,66.7,20.8,93.9,3,100.0,3,0,0,2,0,0,66.7,0.0,0.0,0
TN415954,Kairouan,Nasrallah,El Fejij,7,7,100.0,5,71.4,35.9,91.8,5,71.4,5,0,0,5,0,0,71.4,0.0,0.0,0
TN415955,Kairouan,Nasrallah,Ettouila,3,3,100.0,3,100.0,43.8,100.0,5,166.7,5,0,0,3,0,0,100.0,0.0,0.0,0
TN415956,Kairouan,Nasrallah,El Manara,5,5,100.0,2,40.0,11.8,76.9,2,40.0,2,0,0,2,0,0,40.0,0.0,0.0,0
TN415957,Kairouan,Nasrallah,El Kabbara,4,4,100.0,1,25.0,4.6,69.9,1,25.0,1,0,0,1,0,0,25.0,0.0,0.0,0
TN415958,Kairouan,Nasrallah,El Briket,2,2,100.0,0,0.0,0.0,65.8,0,0.0,0,0,0,0,0,0,0.0,0.0,0.0,0
TN416051,Kairouan,Chrarda,Echrarda,6,6,100.0,4,66.7,30.0,90.3,5,83.3,5,0,0,4,0,0,66.7,0.0,0.0,0
TN416052,Kairouan,Chrarda,Bir El Helou,6,6,100.0,3,50.0,18.8,81.2,4,66.7,4,0,0,3,0,0,50.0,0.0,0.0,0
TN416053,Kairouan,Chrarda,Ouled Farjallah Sud,3,3,100.0,0,0.0,0.0,56.2,0,0.0,0,0,0,0,0,0,0.0,0.0,0.0,0
TN416054,Kairouan,Chrarda,Cheraitia Sud,6,6,100.0,6,100.0,61.0,100.0,6,100.0,6,0,0,6,0,0,100.0,0.0,0.0,0
TN416055,Kairouan,Chrarda,El Ksour,6,6,100.0,5,83.3,43.6,97.0,9,150.0,9,0,0,5,0,0,83.3,0.0,0.0,0
TN416151,Kairouan,Bouhajla,Bouhajla Centre,5,5,100.0,0,0.0,0.0,43.4,0,0.0,0,0,0,0,0,0,0.0,0.0,0.0,1
TN416152,Kairouan,Bouhajla,Bouhajla El Ahouez,3,3,100.0,1,33.3,6.1,79.2,1,33.3,1,0,0,1,0,0,33.3,0.0,0.0,0
TN416153,Kairouan,Bouhajla,Jehina Sud,4,4,100.0,1,25.0,4.6,69.9,1,25.0,1,0,0,1,0,0,25.0,0.0,0.0,0
TN416154,Kairouan,Bouhajla,Jehina Nord,3,3,100.0,3,100.0,43.8,100.0,3,100.0,3,0,0,3,0,0,100.0,0.0,0.0,0
TN416155,Kairouan,Bouhajla,El Ketitir,2,2,100.0,1,50.0,9.5,90.5,1,50.0,1,0,0,1,0,0,50.0,0.0,0.0,0
TN416156,Kairouan,Bouhajla,Ouled Achour,2,2,100.0,2,100.0,34.2,100.0,2,100.0,2,0,0,2,0,0,100.0,0.0,0.0,0
TN416157,Kairouan,Bouhajla,El Fatah,3,3,100.0,1,33.3,6.1,79.2,1,33.3,1,0,0,1,0,0,33.3,0.0,0.0,0
TN416158,Kairouan,Bouhajla,Ouled Fardjallah Nord,5,5,100.0,1,20.0,3.6,62.4,1,20.0,1,0,0,1,0,0,20.0,0.0,0.0,0
TN416159,Kairouan,Bouhajla,Ennasr,3,3,100.0,1,33.3,6.1,79.2,1,33.3,1,0,0,1,0,0,33.3,0.0,0.0,0
TN416160,Kairouan,Bouhajla,Bir Msikine,3,3,100.0,2,66.7,20.8,93.9,2,66.7,2,0,0,2,0,0,66.7,0.0,0.0,0
TN416161,Kairouan,Bouhajla,El Mouisset,3,3,100.0,0,0.0,0.0,56.2,0,0.0,0,0,0,0,0,0,0.0,0.0,0.0,0
TN416162,Kairouan,Bouhajla,Bir Bousari,2,2,100.0,0,0.0,0.0,65.8,0,0.0,0,0,0,0,0,0,0.0,0.0,0.0,0
TN416163,Kairouan,Bouhajla,Cheraitia Nord,4,4,100.0,0,0.0,0.0,49.0,0,0.0,0,0,0,0,0,0,0.0,0.0,0.0,0
TN416164,Kairouan,Bouhajla,Chouamekh,2,2,100.0,2,100.0,34.2,100.0,2,100.0,2,0,0,2,0,0,100.0,0.0,0.0,0
TN425151,Kassérine,Kasserine Nord,Ennour Est,23,23,100.0,11,47.8,29.2,67.0,12,52.2,12,0,0,11,0,0,47.8,0.0,0.0,2
TN425152,Kassérine,Kasserine Nord,Ennour Ouest,7,7,100.0,0,0.0,0.0,35.4,0,0.0,0,0,0,0,0,0,0.0,0.0,0.0,0
TN425153,Kassérine,Kasserine Nord,El Bassatine,16,16,100.0,3,18.8,6.6,43.0,3,18.8,3,0,0,3,0,0,18.8,0.0,0.0,4
TN425154,Kassérine,Kasserine Nord,El Khadhra,3,3,100.0,2,66.7,20.8,93.9,2,66.7,2,0,0,2,0,0,66.7,0.0,0.0,0
TN425155,Kassérine,Kasserine Nord,El Arich,2,2,100.0,1,50.0,9.5,90.5,1,50.0,1,0,0,1,0,0,50.0,0.0,0.0,0
TN425156,Kassérine,Kasserine Nord,Boulaaba,5,5,100.0,4,80.0,37.6,96.4,5,100.0,5,0,0,4,0,0,80.0,0.0,0.0,0
TN425251,Kassérine,Kasserine Sud,El Aouija,4,4,100.0,2,50.0,15.0,85.0,2,50.0,2,0,0,2,0,0,50.0,0.0,0.0,0
TN425252,Kassérine,Kasserine Sud,Boulhijet,3,3,100.0,2,66.7,20.8,93.9,3,100.0,3,0,0,2,0,0,66.7,0.0,0.0,0
TN425253,Kassérine,Kasserine Sud,Meghdoudech,1,1,100.0,1,100.0,20.7,100.0,1,100.0,1,0,0,1,0,0,100.0,0.0,0.0,0
TN425254,Kassérine,Kasserine Sud,Bouzguam,7,7,100.0,3,42.9,15.8,75.0,4,57.1,4,0,0,3,0,0,42.9,0.0,0.0,1
TN425255,Kassérine,Kasserine Sud,Eddoghra,2,2,100.0,1,50.0,9.5,90.5,1,50.0,1,0,0,1,0,0,50.0,0.0,0.0,0
TN425256,Kassérine,Kasserine Sud,Sidi Harreth,1,1,100.0,1,100.0,20.7,100.0,1,100.0,1,0,0,1,0,0,100.0,0.0,0.0,0
TN425351,Kassérine,Ezzouhour,Ezzouhour Est (1),1,1,100.0,1,100.0,20.7,100.0,1,100.0,1,0,0,1,0,0,100.0,0.0,0.0,0
TN425352,Kassérine,Ezzouhour,Ezzouhour Est (2),3,3,100.0,3,100.0,43.8,100.0,3,100.0,3,0,0,3,0,0,100.0,0.0,0.0,0
TN425353,Kassérine,Ezzouhour,Ezzouhour Ouest (1),2,2,100.0,2,100.0,34.2,100.0,3,150.0,3,0,0,2,0,0,100.0,0.0,0.0,0
TN425354,Kassérine,Ezzouhour,Ezzouhour Ouest (2),3,3,100.0,1,33.3,6.1,79.2,1,33.3,1,0,0,1,0,0,33.3,0.0,0.0,0
TN425355,Kassérine,Ezzouhour,Ezzouhour Ouest (3),10,9,90.0,4,44.4,18.9,73.3,4,44.4,4,0,0,4,0,0,44.4,0.0,0.0,0
TN425356,Kassérine,Ezzouhour,Ezzouhour Ouest (4),3,3,100.0,2,66.7,20.8,93.9,4,133.3,4,0,0,2,0,0,66.7,0.0,0.0,0
TN425451,Kassérine,Hassi El Ferid,Hassi El Ferid,9,9,100.0,5,55.6,26.7,81.1,7,77.8,7,0,0,5,0,0,55.6,0.0,0.0,1
TN425452,Kassérine,Hassi El Ferid,El Hechim,3,3,100.0,3,100.0,43.8,100.0,6,200.0,6,0,0,3,0,0,100.0,0.0,0.0,0
TN425453,Kassérine,Hassi El Ferid,Khanguet Jezia,3,3,100.0,2,66.7,20.8,93.9,2,66.7,2,0,0,2,0,0,66.7,0.0,0.0,0
TN425454,Kassérine,Hassi El Ferid,Essalloum,3,3,100.0,3,100.0,43.8,100.0,4,133.3,4,0,0,3,0,0,100.0,0.0,0.0,0
TN425455,Kassérine,Hassi El Ferid,El Kamour,7,7,100.0,3,42.9,15.8,75.0,5,71.4,5,0,0,3,0,0,42.9,0.0,0.0,0
TN425551,Kassérine,Sbeitla,Sbeitla,12,12,100.0,1,8.3,1.5,35.4,1,8.3,1,0,0,1,0,0,8.3,0.0,0.0,0
TN425552,Kassérine,Sbeitla,Cite Essourour,6,6,100.0,2,33.3,9.7,70.0,2,33.3,2,0,0,2,0,0,33.3,0.0,0.0,1
TN425553,Kassérine,Sbeitla,Semama,3,3,100.0,2,66.7,20.8,93.9,3,100.0,3,0,0,2,0,0,66.7,0.0,0.0,1
TN425554,Kassérine,Sbeitla,Errakhmet,5,5,100.0,0,0.0,0.0,43.4,0,0.0,0,0,0,0,0,0,0.0,0.0,0.0,0
TN425555,Kassérine,Sbeitla,El Gounna,4,4,100.0,0,0.0,0.0,49.0,0,0.0,0,0,0,0,0,0,0.0,0.0,0.0,0
TN425556,Kassérine,Sbeitla,Eddouleb,6,6,100.0,0,0.0,0.0,39.0,0,0.0,0,0,0,0,0,0,0.0,0.0,0.0,1
TN425557,Kassérine,Sbeitla,Ech-Charaya,4,4,100.0,2,50.0,15.0,85.0,3,75.0,3,0,0,2,0,0,50.0,0.0,0.0,0
TN425558,Kassérine,Sbeitla,Machrek Ech-Chams,5,5,100.0,3,60.0,23.1,88.2,4,80.0,4,0,0,3,0,0,60.0,0.0,0.0,0
TN425559,Kassérine,Sbeitla,Ouassaia,5,4,80.0,3,75.0,30.1,95.4,4,100.0,4,0,0,3,0,0,75.0,0.0,0.0,2
TN425560,Kassérine,Sbeitla,El Khadhra,5,5,100.0,1,20.0,3.6,62.4,1,20.0,1,0,0,1,0,0,20.0,0.0,0.0,0
TN425561,Kassérine,Sbeitla,El Athar,4,4,100.0,0,0.0,0.0,49.0,0,0.0,0,0,0,0,0,0,0.0,0.0,0.0,0
TN425562,Kassérine,Sbeitla,El Mezara,3,3,100.0,1,33.3,6.1,79.2,1,33.3,1,0,0,1,0,0,33.3,0.0,0.0,0
TN425563,Kassérine,Sbeitla,El Garaa El Hamra,8,8,100.0,0,0.0,0.0,32.4,0,0.0,0,0,0,0,0,0,0.0,0.0,0.0,0
TN425564,Kassérine,Sbeitla,El Ksar,5,5,100.0,2,40.0,11.8,76.9,2,40.0,2,0,0,2,0,0,40.0,0.0,0.0,0
TN425651,Kassérine,Sbiba,Sbiba,11,11,100.0,3,27.3,9.7,56.6,3,27.3,3,0,0,3,0,0,27.3,0.0,0.0,1
TN425652,Kassérine,Sbiba,El Ahouaz,7,7,100.0,6,85.7,48.7,97.4,6,85.7,6,0,0,6,0,0,85.7,0.0,0.0,0
TN425653,Kassérine,Sbiba,Oued El Hatab,4,4,100.0,2,50.0,15.0,85.0,2,50.0,2,0,0,2,0,0,50.0,0.0,0.0,0
TN425654,Kassérine,Sbiba,Brahim Ezzahhar,8,8,100.0,3,37.5,13.7,69.4,3,37.5,3,0,0,3,0,0,37.5,0.0,0.0,3
TN425655,Kassérine,Sbiba,Ain Zaiene,5,5,100.0,1,20.0,3.6,62.4,1,20.0,1,0,0,1,0,0,20.0,0.0,0.0,0
TN425656,Kassérine,Sbiba,Etthamed,4,4,100.0,3,75.0,30.1,95.4,4,100.0,4,0,0,3,0,0,75.0,0.0,0.0,0
TN425657,Kassérine,Sbiba,Ain El Khemaissia,5,4,80.0,1,25.0,4.6,69.9,1,25.0,1,0,0,1,0,0,25.0,0.0,0.0,0
TN425751,Kassérine,Jedeliane,Djedliane,7,7,100.0,4,57.1,25.0,84.2,4,57.1,4,0,0,4,0,0,57.1,0.0,0.0,0
TN425752,Kassérine,Jedeliane,Fej Terbah,3,3,100.0,1,33.3,6.1,79.2,2,66.7,2,0,0,1,0,0,33.3,0.0,0.0,0
TN425753,Kassérine,Jedeliane,Ain El Hamadna,1,1,100.0,1,100.0,20.7,100.0,1,100.0,1,0,0,1,0,0,100.0,0.0,0.0,0
TN425754,Kassérine,Jedeliane,Mehrza,2,2,100.0,1,50.0,9.5,90.5,1,50.0,1,0,0,1,0,0,50.0,0.0,0.0,0
TN425755,Kassérine,Jedeliane,Ain Oum El Jedour,4,4,100.0,3,75.0,30.1,95.4,3,75.0,3,0,0,3,0,0,75.0,0.0,0.0,0
TN425851,Kassérine,Ayoun,El Ayoun,5,5,100.0,2,40.0,11.8,76.9,2,40.0,2,0,0,2,0,0,40.0,0.0,0.0,0
TN425852,Kassérine,Ayoun,El Grine,5,5,100.0,5,100.0,56.6,100.0,5,100.0,5,0,0,5,0,0,100.0,0.0,0.0,0
TN425853,Kassérine,Ayoun,El Brek,4,4,100.0,1,25.0,4.6,69.9,3,75.0,3,0,0,1,0,0,25.0,0.0,0.0,0
TN425854,Kassérine,Ayoun,El Baouajer,2,2,100.0,0,0.0,0.0,65.8,0,0.0,0,0,0,0,0,0,0.0,0.0,0.0,0
TN425855,Kassérine,Ayoun,Tiwicha,4,4,100.0,1,25.0,4.6,69.9,2,50.0,2,0,0,1,0,0,25.0,0.0,0.0,0
TN425856,Kassérine,Ayoun,Ain Esselsela,2,2,100.0,1,50.0,9.5,90.5,1,50.0,1,0,0,1,0,0,50.0,0.0,0.0,0
TN425951,Kassérine,Thala,Thala Est,6,6,100.0,3,50.0,18.8,81.2,3,50.0,3,0,0,3,0,0,50.0,0.0,0.0,1
TN425952,Kassérine,Thala,Thala Ouest,8,8,100.0,4,50.0,21.5,78.5,4,50.0,4,0,0,4,0,0,50.0,0.0,0.0,0
TN425953,Kassérine,Thala,Eddachra,3,3,100.0,0,0.0,0.0,56.2,0,0.0,0,0,0,0,0,0,0.0,0.0,0.0,0
TN425954,Kassérine,Thala,Ain Aj-Jadeida,3,3,100.0,1,33.3,6.1,79.2,1,33.3,1,0,0,1,0,0,33.3,0.0,0.0,0
TN425955,Kassérine,Thala,Barmajna,1,1,100.0,1,100.0,20.7,100.0,1,100.0,1,0,0,1,0,0,100.0,0.0,0.0,0
TN425956,Kassérine,Thala,Oued Errachech,1,1,100.0,1,100.0,20.7,100.0,2,200.0,2,0,0,1,0,0,100.0,0.0,0.0,0
TN425957,Kassérine,Thala,El Joua,2,2,100.0,0,0.0,0.0,65.8,0,0.0,0,0,0,0,0,0,0.0,0.0,0.0,0
TN425958,Kassérine,Thala,El Hamed,3,3,100.0,1,33.3,6.1,79.2,1,33.3,1,0,0,1,0,0,33.3,0.0,0.0,0
TN425959,Kassérine,Thala,Zelfane,2,2,100.0,0,0.0,0.0,65.8,0,0.0,0,0,0,0,0,0,0.0,0.0,0.0,0
TN425960,Kassérine,Thala,Boulahnech,1,1,100.0,0,0.0,0.0,79.3,0,0.0,0,0,0,0,0,0,0.0,0.0,0.0,0
TN425961,Kassérine,Thala,Sidi M'Hammed,2,2,100.0,0,0.0,0.0,65.8,0,0.0,0,0,0,0,0,0,0.0,0.0,0.0,0
TN425962,Kassérine,Thala,Ouljet Edhel,2,2,100.0,0,0.0,0.0,65.8,0,0.0,0,0,0,0,0,0,0.0,0.0,0.0,0
TN425963,Kassérine,Thala,Ech-Chaffai,1,1,100.0,0,0.0,0.0,79.3,0,0.0,0,0,0,0,0,0,0.0,0.0,0.0,0
TN426051,Kassérine,Hidra,Hidra,4,4,100.0,0,0.0,0.0,49.0,0,0.0,0,0,0,0,0,0,0.0,0.0,0.0,0
TN426052,Kassérine,Hidra,T'Baga,2,2,100.0,0,0.0,0.0,65.8,0,0.0,0,0,0,0,0,0,0.0,0.0,0.0,0
TN426053,Kassérine,Hidra,El Mekimen,2,2,100.0,0,0.0,0.0,65.8,0,0.0,0,0,0,0,0,0,0.0,0.0,0.0,0
TN426054,Kassérine,Hidra,Lajrad,2,2,100.0,0,0.0,0.0,65.8,0,0.0,0,0,0,0,0,0,0.0,0.0,0.0,0
TN426055,Kassérine,Hidra,Es-Sray,1,1,100.0,0,0.0,0.0,79.3,0,0.0,0,0,0,0,0,0,0.0,0.0,0.0,0
TN426056,Kassérine,Hidra,Ain Eddefla,1,1,100.0,1,100.0,20.7,100.0,1,100.0,1,0,0,1,0,0,100.0,0.0,0.0,0
TN426151,Kassérine,Foussana,Foussana,10,9,90.0,0,0.0,0.0,29.9,0,0.0,0,0,0,0,0,0,0.0,0.0,0.0,0
TN426152,Kassérine,Foussana,Foussana Lahouaz,4,4,100.0,0,0.0,0.0,49.0,0,0.0,0,0,0,0,0,0,0.0,0.0,0.0,0
TN426153,Kassérine,Foussana,Khmouda Nord,5,5,100.0,1,20.0,3.6,62.4,1,20.0,1,0,0,1,0,0,20.0,0.0,0.0,0
TN426154,Kassérine,Foussana,Khmouda Sud,3,3,100.0,1,33.3,6.1,79.2,1,33.3,1,0,0,1,0,0,33.3,0.0,0.0,1
TN426155,Kassérine,Foussana,Ouled Mahfoudh,3,3,100.0,0,0.0,0.0,56.2,0,0.0,0,0,0,0,0,0,0.0,0.0,0.0,0
TN426156,Kassérine,Foussana,Afrane,2,2,100.0,1,50.0,9.5,90.5,1,50.0,1,0,0,1,0,0,50.0,0.0,0.0,0
TN426157,Kassérine,Foussana,El Meziraa,4,4,100.0,0,0.0,0.0,49.0,0,0.0,0,0,0,0,0,0,0.0,0.0,0.0,0
TN426158,Kassérine,Foussana,El Aadhira,1,1,100.0,0,0.0,0.0,79.3,0,0.0,0,0,0,0,0,0,0.0,0.0,0.0,1
TN426159,Kassérine,Foussana,El Hazza,3,3,100.0,3,100.0,43.8,100.0,3,100.0,3,0,0,3,0,0,100.0,0.0,0.0,0
TN426160,Kassérine,Foussana,El Brika,3,3,100.0,2,66.7,20.8,93.9,4,133.3,4,0,0,2,0,0,66.7,0.0,0.0,1
TN426161,Kassérine,Foussana,Bouderiass,3,3,100.0,1,33.3,6.1,79.2,1,33.3,1,0,0,1,0,0,33.3,0.0,0.0,0
TN426162,Kassérine,Foussana,Ain El Jinene,1,1,100.0,1,100.0,20.7,100.0,2,200.0,2,0,0,1,0,0,100.0,0.0,0.0,1
TN426163,Kassérine,Foussana,Er-Rtibet,2,2,100.0,0,0.0,0.0,65.8,0,0.0,0,0,0,0,0,0,0.0,0.0,0.0,0
TN426251,Kassérine,Feriana,Feriana,10,10,100.0,8,80.0,49.0,94.3,8,80.0,8,0,0,8,0,0,80.0,0.0,0.0,1
TN426252,Kassérine,Feriana,El Erg,5,5,100.0,4,80.0,37.6,96.4,4,80.0,4,0,0,4,0,0,80.0,0.0,0.0,1
TN426253,Kassérine,Feriana,El Ahouach,10,10,100.0,9,90.0,59.6,98.2,9,90.0,9,0,0,9,0,0,90.0,0.0,0.0,1
TN426254,Kassérine,Feriana,Es-Skhirat,4,4,100.0,2,50.0,15.0,85.0,2,50.0,2,0,0,2,0,0,50.0,0.0,0.0,0
TN426255,Kassérine,Feriana,El Araar,2,2,100.0,2,100.0,34.2,100.0,2,100.0,2,0,0,2,0,0,100.0,0.0,0.0,0
TN426256,Kassérine,Feriana,Hanachi,4,4,100.0,3,75.0,30.1,95.4,3,75.0,3,0,0,3,0,0,75.0,0.0,0.0,1
TN426257,Kassérine,Feriana,Garet En-Naam,4,4,100.0,2,50.0,15.0,85.0,2,50.0,2,0,0,2,0,0,50.0,0.0,0.0,0
TN426258,Kassérine,Feriana,Bouchebka,3,3,100.0,3,100.0,43.8,100.0,4,133.3,4,0,0,3,0,0,100.0,0.0,0.0,0
TN426259,Kassérine,Feriana,Om Ali,3,3,100.0,2,66.7,20.8,93.9,2,66.7,2,0,0,2,0,0,66.7,0.0,0.0,0
TN426260,Kassérine,Feriana,Bouhaya,2,2,100.0,2,100.0,34.2,100.0,3,150.0,3,0,0,2,0,0,100.0,0.0,0.0,0
TN426261,Kassérine,Feriana,Telept,6,6,100.0,6,100.0,61.0,100.0,8,133.3,8,0,0,6,0,0,100.0,0.0,0.0,0
TN426262,Kassérine,Feriana,Abdeladhim,2,2,100.0,1,50.0,9.5,90.5,2,100.0,2,0,0,1,0,0,50.0,0.0,0.0,1
TN426351,Kassérine,Majel Belabbes,Majel Bel Abbes Nord,6,5,83.3,4,80.0,37.6,96.4,4,80.0,4,0,0,4,0,0,80.0,0.0,0.0,0
TN426352,Kassérine,Majel Belabbes,Majel Bel Abbes Sud,5,5,100.0,3,60.0,23.1,88.2,5,100.0,5,0,0,3,0,0,60.0,0.0,0.0,0
TN426353,Kassérine,Majel Belabbes,Oum Laksab,7,7,100.0,2,28.6,8.2,64.1,2,28.6,2,0,0,2,0,0,28.6,0.0,0.0,0
TN426354,Kassérine,Majel Belabbes,Ennadhour,2,2,100.0,2,100.0,34.2,100.0,5,250.0,5,0,0,2,0,0,100.0,0.0,0.0,0
TN426355,Kassérine,Majel Belabbes,Henchir Oum El Khir,1,1,100.0,1,100.0,20.7,100.0,3,300.0,3,0,0,1,0,0,100.0,0.0,0.0,0
TN426356,Kassérine,Majel Belabbes,Soula,5,5,100.0,3,60.0,23.1,88.2,5,100.0,5,0,0,3,0,0,60.0,0.0,0.0,0
TN426357,Kassérine,Majel Belabbes,Groua El Jedra,3,3,100.0,2,66.7,20.8,93.9,5,166.7,5,0,0,2,0,0,66.7,0.0,0.0,0
TN435151,Sidi Bou Zid,Sidi Bouzid Ouest,Sidi Bouzid,9,9,100.0,8,88.9,56.5,98.0,10,111.1,10,0,0,8,0,0,88.9,0.0,0.0,0
TN435152,Sidi Bou Zid,Sidi Bouzid Ouest,Ennour,11,11,100.0,8,72.7,43.4,90.3,9,81.8,9,0,0,8,0,0,72.7,0.0,0.0,2
TN435153,Sidi Bou Zid,Sidi Bouzid Ouest,Sidi Salem,5,5,100.0,0,0.0,0.0,43.4,0,0.0,0,0,0,0,0,0,0.0,0.0,0.0,1
TN435154,Sidi Bou Zid,Sidi Bouzid Ouest,El Hichria,5,5,100.0,4,80.0,37.6,96.4,9,180.0,9,0,0,4,0,0,80.0,0.0,0.0,0
TN435155,Sidi Bou Zid,Sidi Bouzid Ouest,El Friou,5,5,100.0,2,40.0,11.8,76.9,3,60.0,3,0,0,2,0,0,40.0,0.0,0.0,0
TN435156,Sidi Bou Zid,Sidi Bouzid Ouest,Sadakia,2,2,100.0,0,0.0,0.0,65.8,0,0.0,0,0,0,0,0,0,0.0,0.0,0.0,0
TN435157,Sidi Bou Zid,Sidi Bouzid Ouest,Oum El Adham (1),2,2,100.0,1,50.0,9.5,90.5,1,50.0,1,0,0,1,0,0,50.0,0.0,0.0,0
TN435158,Sidi Bou Zid,Sidi Bouzid Ouest,Oum El Adham (2),3,3,100.0,0,0.0,0.0,56.2,0,0.0,0,0,0,0,0,0,0.0,0.0,0.0,0
TN435159,Sidi Bou Zid,Sidi Bouzid Ouest,Ettouila,9,9,100.0,1,11.1,2.0,43.5,1,11.1,1,0,0,1,0,0,11.1,0.0,0.0,0
TN435160,Sidi Bou Zid,Sidi Bouzid Ouest,Ennasr,1,1,100.0,1,100.0,20.7,100.0,1,100.0,1,0,0,1,0,0,100.0,0.0,0.0,0
TN435161,Sidi Bou Zid,Sidi Bouzid Ouest,Sidi Bouzid Sud,10,10,100.0,8,80.0,49.0,94.3,8,80.0,8,0,0,8,0,0,80.0,0.0,0.0,0
TN435162,Sidi Bou Zid,Sidi Bouzid Ouest,Sidi Bouzid Ouest,7,7,100.0,7,100.0,64.6,100.0,8,114.3,8,0,0,7,0,0,100.0,0.0,0.0,0
TN435251,Sidi Bou Zid,Sidi Bouzid Est,El Ahouaz,3,3,100.0,3,100.0,43.8,100.0,5,166.7,5,0,0,3,0,0,100.0,0.0,0.0,0
TN435252,Sidi Bou Zid,Sidi Bouzid Est,Bennour,5,5,100.0,2,40.0,11.8,76.9,2,40.0,2,0,0,2,0,0,40.0,0.0,0.0,1
TN435253,Sidi Bou Zid,Sidi Bouzid Est,Faiedh,5,5,100.0,2,40.0,11.8,76.9,2,40.0,2,0,0,2,0,0,40.0,0.0,0.0,0
TN435254,Sidi Bou Zid,Sidi Bouzid Est,El Assouad,6,6,100.0,2,33.3,9.7,70.0,2,33.3,2,0,0,2,0,0,33.3,0.0,0.0,0
TN435255,Sidi Bou Zid,Sidi Bouzid Est,El Amra,2,2,100.0,2,100.0,34.2,100.0,4,200.0,4,0,0,2,0,0,100.0,0.0,0.0,0
TN435256,Sidi Bou Zid,Sidi Bouzid Est,El Makarem,4,4,100.0,0,0.0,0.0,49.0,0,0.0,0,0,0,0,0,0,0.0,0.0,0.0,0
TN435257,Sidi Bou Zid,Sidi Bouzid Est,El Makarem Est,3,3,100.0,1,33.3,6.1,79.2,2,66.7,2,0,0,1,0,0,33.3,0.0,0.0,1
TN435258,Sidi Bou Zid,Sidi Bouzid Est,El Okla,4,4,100.0,4,100.0,51.0,100.0,8,200.0,8,0,0,4,0,0,100.0,0.0,0.0,0
TN435259,Sidi Bou Zid,Sidi Bouzid Est,Ain Rebaou,4,4,100.0,2,50.0,15.0,85.0,2,50.0,2,0,0,2,0,0,50.0,0.0,0.0,0
TN435260,Sidi Bou Zid,Sidi Bouzid Est,El Henia Abazid,3,3,100.0,2,66.7,20.8,93.9,2,66.7,2,0,0,2,0,0,66.7,0.0,0.0,0
TN435261,Sidi Bou Zid,Sidi Bouzid Est,Garet Hadid,4,4,100.0,2,50.0,15.0,85.0,3,75.0,3,0,0,2,0,0,50.0,0.0,0.0,0
TN435262,Sidi Bou Zid,Sidi Bouzid Est,Ezzitouna,4,4,100.0,3,75.0,30.1,95.4,6,150.0,6,0,0,3,0,0,75.0,0.0,0.0,0
TN435351,Sidi Bou Zid,Jelma,Jilma Est,3,3,100.0,2,66.7,20.8,93.9,2,66.7,2,0,0,2,0,0,66.7,0.0,0.0,0
TN435352,Sidi Bou Zid,Jelma,Jilma Ouest,9,9,100.0,8,88.9,56.5,98.0,9,100.0,9,0,0,8,0,0,88.9,0.0,0.0,0
TN435353,Sidi Bou Zid,Jelma,Lazirek,2,2,100.0,0,0.0,0.0,65.8,0,0.0,0,0,0,0,0,0,0.0,0.0,0.0,0
TN435354,Sidi Bou Zid,Jelma,Selta,4,4,100.0,2,50.0,15.0,85.0,2,50.0,2,0,0,2,0,0,50.0,0.0,0.0,0
TN435355,Sidi Bou Zid,Jelma,Zoghmar,3,3,100.0,2,66.7,20.8,93.9,2,66.7,2,0,0,2,0,0,66.7,0.0,0.0,0
TN435356,Sidi Bou Zid,Jelma,Ghedir Ezzitoun,5,5,100.0,3,60.0,23.1,88.2,5,100.0,5,0,0,3,0,0,60.0,0.0,0.0,0
TN435357,Sidi Bou Zid,Jelma,Baten Elghezel Sud,1,1,100.0,0,0.0,0.0,79.3,0,0.0,0,0,0,0,0,0,0.0,0.0,0.0,0
TN435358,Sidi Bou Zid,Jelma,Baten Elghezel Nord,2,2,100.0,2,100.0,34.2,100.0,3,150.0,3,0,0,2,0,0,100.0,0.0,0.0,0
TN435359,Sidi Bou Zid,Jelma,El Adhla,3,3,100.0,2,66.7,20.8,93.9,2,66.7,2,0,0,2,0,0,66.7,0.0,0.0,0
TN435360,Sidi Bou Zid,Jelma,El Hamima,3,3,100.0,2,66.7,20.8,93.9,2,66.7,2,0,0,2,0,0,66.7,0.0,0.0,1
TN435361,Sidi Bou Zid,Jelma,El Abaiedh,2,2,100.0,2,100.0,34.2,100.0,3,150.0,3,0,0,2,0,0,100.0,0.0,0.0,0
TN435451,Sidi Bou Zid,Sabalat Ouled Asker,Cebalet,5,5,100.0,0,0.0,0.0,43.4,0,0.0,0,0,0,0,0,0,0.0,0.0,0.0,0
TN435452,Sidi Bou Zid,Sabalat Ouled Asker,El Amra,5,5,100.0,1,20.0,3.6,62.4,2,40.0,2,0,0,1,0,0,20.0,0.0,0.0,0
TN435453,Sidi Bou Zid,Sabalat Ouled Asker,Essed,5,5,100.0,5,100.0,56.6,100.0,11,220.0,11,0,0,5,0,0,100.0,0.0,0.0,0
TN435454,Sidi Bou Zid,Sabalat Ouled Asker,Meghila,3,3,100.0,2,66.7,20.8,93.9,3,100.0,3,0,0,2,0,0,66.7,0.0,0.0,0
TN435455,Sidi Bou Zid,Sabalat Ouled Asker,El Ayoun,3,3,100.0,3,100.0,43.8,100.0,3,100.0,3,0,0,3,0,0,100.0,0.0,0.0,0
TN435551,Sidi Bou Zid,Bir El Hfay,Bir El Hafey,12,12,100.0,9,75.0,46.8,91.1,10,83.3,10,0,0,9,0,0,75.0,0.0,0.0,0
TN435552,Sidi Bou Zid,Bir El Hfay,El Mohamdia,1,1,100.0,0,0.0,0.0,79.3,0,0.0,0,0,0,0,0,0,0.0,0.0,0.0,0
TN435553,Sidi Bou Zid,Bir El Hfay,El Ksar,3,3,100.0,0,0.0,0.0,56.2,0,0.0,0,0,0,0,0,0,0.0,0.0,0.0,0
TN435554,Sidi Bou Zid,Bir El Hfay,Bir Amama,4,4,100.0,4,100.0,51.0,100.0,7,175.0,7,0,0,4,0,0,100.0,0.0,0.0,0
TN435555,Sidi Bou Zid,Bir El Hfay,El Mezara,3,3,100.0,2,66.7,20.8,93.9,2,66.7,2,0,0,2,0,0,66.7,0.0,0.0,0
TN435556,Sidi Bou Zid,Bir El Hfay,Essalama,3,3,100.0,2,66.7,20.8,93.9,4,133.3,4,0,0,2,0,0,66.7,0.0,0.0,0
TN435557,Sidi Bou Zid,Bir El Hfay,Ourgha,3,3,100.0,3,100.0,43.8,100.0,4,133.3,4,0,0,3,0,0,100.0,0.0,0.0,0
TN435558,Sidi Bou Zid,Bir El Hfay,Rahal,5,5,100.0,4,80.0,37.6,96.4,4,80.0,4,0,0,4,0,0,80.0,0.0,0.0,0
TN435559,Sidi Bou Zid,Bir El Hfay,Bir Bousbiaa,2,2,100.0,0,0.0,0.0,65.8,0,0.0,0,0,0,0,0,0,0.0,0.0,0.0,0
TN435651,Sidi Bou Zid,Sidi Ali Ben Aoun,Sidi Ali Ben Aoun,10,10,100.0,9,90.0,59.6,98.2,12,120.0,12,0,0,9,0,0,90.0,0.0,0.0,2
TN435652,Sidi Bou Zid,Sidi Ali Ben Aoun,Errabta,5,5,100.0,4,80.0,37.6,96.4,4,80.0,4,0,0,4,0,0,80.0,0.0,0.0,0
TN435653,Sidi Bou Zid,Sidi Ali Ben Aoun,Essahla,2,2,100.0,2,100.0,34.2,100.0,3,150.0,3,0,0,2,0,0,100.0,0.0,0.0,0
TN435654,Sidi Bou Zid,Sidi Ali Ben Aoun,El Ouaara,3,3,100.0,2,66.7,20.8,93.9,4,133.3,4,0,0,2,0,0,66.7,0.0,0.0,0
TN435655,Sidi Bou Zid,Sidi Ali Ben Aoun,Ouled Brahim,2,2,100.0,2,100.0,34.2,100.0,2,100.0,2,0,0,2,0,0,100.0,0.0,0.0,0
TN435656,Sidi Bou Zid,Sidi Ali Ben Aoun,El Mansoura Est,2,2,100.0,0,0.0,0.0,65.8,0,0.0,0,0,0,0,0,0,0.0,0.0,0.0,0
TN435657,Sidi Bou Zid,Sidi Ali Ben Aoun,El Mansoura Ouest,2,2,100.0,1,50.0,9.5,90.5,1,50.0,1,0,0,1,0,0,50.0,0.0,0.0,0
TN435751,Sidi Bou Zid,Menzel Bouzaiene,Menzel Bouzaiane,4,4,100.0,4,100.0,51.0,100.0,6,150.0,4,0,2,4,0,2,100.0,0.0,50.0,0
TN435752,Sidi Bou Zid,Menzel Bouzaiene,En-Nouamer,8,8,100.0,8,100.0,67.6,100.0,10,125.0,8,0,2,8,0,2,100.0,0.0,25.0,0
TN435753,Sidi Bou Zid,Menzel Bouzaiene,Kallel,6,6,100.0,6,100.0,61.0,100.0,10,166.7,9,0,1,6,0,1,100.0,0.0,16.7,0
TN435754,Sidi Bou Zid,Menzel Bouzaiene,El Khorchef,4,4,100.0,3,75.0,30.1,95.4,4,100.0,4,0,0,3,0,0,75.0,0.0,0.0,0
TN435755,Sidi Bou Zid,Menzel Bouzaiene,El Kharrouba,5,5,100.0,5,100.0,56.6,100.0,7,140.0,7,0,0,5,0,0,100.0,0.0,0.0,0
TN435756,Sidi Bou Zid,Menzel Bouzaiene,El Omria,4,4,100.0,4,100.0,51.0,100.0,5,125.0,4,0,1,4,0,1,100.0,0.0,25.0,0
TN435757,Sidi Bou Zid,Menzel Bouzaiene,El Omrane,4,4,100.0,3,75.0,30.1,95.4,4,100.0,3,0,1,3,0,1,75.0,0.0,25.0,0
TN435851,Sidi Bou Zid,Meknassi,El Jebbes,1,1,100.0,1,100.0,20.7,100.0,1,100.0,1,0,0,1,0,0,100.0,0.0,0.0,0
TN435852,Sidi Bou Zid,Meknassi,Gheris Ouest,3,3,100.0,3,100.0,43.8,100.0,3,100.0,3,0,0,3,0,0,100.0,0.0,0.0,0
TN435853,Sidi Bou Zid,Meknassi,Mech,3,3,100.0,3,100.0,43.8,100.0,3,100.0,3,0,0,3,0,0,100.0,0.0,0.0,0
TN435854,Sidi Bou Zid,Meknassi,Meknassy Est,4,4,100.0,4,100.0,51.0,100.0,7,175.0,4,0,3,4,0,3,100.0,0.0,75.0,0
TN435855,Sidi Bou Zid,Meknassi,Meknassy Ouest,4,4,100.0,4,100.0,51.0,100.0,8,200.0,4,0,4,4,0,4,100.0,0.0,100.0,0
TN435856,Sidi Bou Zid,Meknassi,Meknassy Nord,5,5,100.0,5,100.0,56.6,100.0,8,160.0,4,0,4,4,0,4,80.0,0.0,80.0,1
TN435857,Sidi Bou Zid,Meknassi,Ezzouaraa,1,1,100.0,1,100.0,20.7,100.0,2,200.0,2,0,0,1,0,0,100.0,0.0,0.0,0
TN435858,Sidi Bou Zid,Meknassi,El Mabrouka,1,1,100.0,1,100.0,20.7,100.0,1,100.0,1,0,0,1,0,0,100.0,0.0,0.0,0
TN435859,Sidi Bou Zid,Meknassi,Ennasr,2,2,100.0,2,100.0,34.2,100.0,3,150.0,3,0,0,2,0,0,100.0,0.0,0.0,0
TN435951,Sidi Bou Zid,Souk Jedid,Souk Jedid,4,4,100.0,3,75.0,30.1,95.4,3,75.0,3,0,0,3,0,0,75.0,0.0,0.0,0
TN435952,Sidi Bou Zid,Souk Jedid,Ghiriouis,3,3,100.0,1,33.3,6.1,79.2,1,33.3,1,0,0,1,0,0,33.3,0.0,0.0,0
TN435953,Sidi Bou Zid,Souk Jedid,Ksaira,2,2,100.0,2,100.0,34.2,100.0,2,100.0,2,0,0,2,0,0,100.0,0.0,0.0,0
TN435954,Sidi Bou Zid,Souk Jedid,Sekdal,3,3,100.0,2,66.7,20.8,93.9,2,66.7,2,0,0,2,0,0,66.7,0.0,0.0,0
TN435955,Sidi Bou Zid,Souk Jedid,Erremelia,5,5,100.0,5,100.0,56.6,100.0,8,160.0,8,0,0,5,0,0,100.0,0.0,0.0,1
TN435956,Sidi Bou Zid,Souk Jedid,Ezzafzaf,4,4,100.0,4,100.0,51.0,100.0,7,175.0,7,0,0,4,0,0,100.0,0.0,0.0,0
TN435957,Sidi Bou Zid,Souk Jedid,Bir Badr,3,3,100.0,3,100.0,43.8,100.0,4,133.3,4,0,0,3,0,0,100.0,0.0,0.0,0
TN436051,Sidi Bou Zid,Mazzouna,Mezzouna,7,7,100.0,6,85.7,48.7,97.4,7,100.0,7,0,0,6,0,0,85.7,0.0,0.0,3
TN436052,Sidi Bou Zid,Mazzouna,El Founi,3,3,100.0,2,66.7,20.8,93.9,2,66.7,2,0,0,2,0,0,66.7,0.0,0.0,0
TN436053,Sidi Bou Zid,Mazzouna,Bou Hedma,4,4,100.0,4,100.0,51.0,100.0,7,175.0,7,0,0,4,0,0,100.0,0.0,0.0,0
TN436054,Sidi Bou Zid,Mazzouna,El Gheris Est,2,2,100.0,1,50.0,9.5,90.5,1,50.0,1,0,0,1,0,0,50.0,0.0,0.0,0
TN436055,Sidi Bou Zid,Mazzouna,Khobna,2,2,100.0,2,100.0,34.2,100.0,4,200.0,4,0,0,2,0,0,100.0,0.0,0.0,0
TN436056,Sidi Bou Zid,Mazzouna,Eddaouara,2,2,100.0,2,100.0,34.2,100.0,3,150.0,3,0,0,2,0,0,100.0,0.0,0.0,0
TN436057,Sidi Bou Zid,Mazzouna,El Khaoui,2,2,100.0,2,100.0,34.2,100.0,3,150.0,3,0,0,2,0,0,100.0,0.0,0.0,0
TN436058,Sidi Bou Zid,Mazzouna,El Besbes,2,2,100.0,2,100.0,34.2,100.0,3,150.0,3,0,0,2,0,0,100.0,0.0,0.0,0
TN436059,Sidi Bou Zid,Mazzouna,Essed,4,4,100.0,3,75.0,30.1,95.4,7,175.0,7,0,0,3,0,0,75.0,0.0,0.0,0
TN436151,Sidi Bou Zid,Regueb,Regueb,12,12,100.0,4,33.3,13.8,60.9,4,33.3,4,0,0,4,0,0,33.3,0.0,0.0,0
TN436152,Sidi Bou Zid,Regueb,Khechem Ouest,4,4,100.0,4,100.0,51.0,100.0,7,175.0,7,0,0,4,0,0,100.0,0.0,0.0,0
TN436153,Sidi Bou Zid,Regueb,Essaida Nord,7,7,100.0,3,42.9,15.8,75.0,3,42.9,3,0,0,3,0,0,42.9,0.0,0.0,0
TN436154,Sidi Bou Zid,Regueb,Ksar El Hammam Est,4,4,100.0,1,25.0,4.6,69.9,1,25.0,1,0,0,1,0,0,25.0,0.0,0.0,1
TN436155,Sidi Bou Zid,Regueb,Gouleb,5,5,100.0,0,0.0,0.0,43.4,0,0.0,0,0,0,0,0,0,0.0,0.0,0.0,0
TN436156,Sidi Bou Zid,Regueb,Erradhaa,3,3,100.0,3,100.0,43.8,100.0,4,133.3,4,0,0,3,0,0,100.0,0.0,0.0,0
TN436157,Sidi Bou Zid,Regueb,Erradhaa Est,3,3,100.0,3,100.0,43.8,100.0,5,166.7,5,0,0,3,0,0,100.0,0.0,0.0,0
TN436158,Sidi Bou Zid,Regueb,Boudinar,2,2,100.0,0,0.0,0.0,65.8,0,0.0,0,0,0,0,0,0,0.0,0.0,0.0,0
TN436159,Sidi Bou Zid,Regueb,Ksar El Hammam Ouest,3,3,100.0,3,100.0,43.8,100.0,3,100.0,3,0,0,3,0,0,100.0,0.0,0.0,0
TN436160,Sidi Bou Zid,Regueb,Gobrar,3,3,100.0,0,0.0,0.0,56.2,0,0.0,0,0,0,0,0,0,0.0,0.0,0.0,0
TN436161,Sidi Bou Zid,Regueb,Rihana,3,3,100.0,3,100.0,43.8,100.0,3,100.0,3,0,0,3,0,0,100.0,0.0,0.0,0
TN436162,Sidi Bou Zid,Regueb,Essekba,1,1,100.0,1,100.0,20.7,100.0,1,100.0,1,0,0,1,0,0,100.0,0.0,0.0,0
TN436163,Sidi Bou Zid,Regueb,Khechem Est,4,4,100.0,4,100.0,51.0,100.0,6,150.0,6,0,0,4,0,0,100.0,0.0,0.0,0
TN436164,Sidi Bou Zid,Regueb,Essaida Sud,3,3,100.0,2,66.7,20.8,93.9,2,66.7,2,0,0,2,0,0,66.7,0.0,0.0,0
TN436165,Sidi Bou Zid,Regueb,Essaida Est,4,4,100.0,3,75.0,30.1,95.4,3,75.0,3,0,0,3,0,0,75.0,0.0,0.0,0
TN436166,Sidi Bou Zid,Regueb,Ferch Gharib,3,3,100.0,3,100.0,43.8,100.0,7,233.3,7,0,0,3,0,0,100.0,0.0,0.0,0
TN436167,Sidi Bou Zid,Regueb,Ouled Ayouni,2,2,100.0,1,50.0,9.5,90.5,1,50.0,1,0,0,1,0,0,50.0,0.0,0.0,0
TN436251,Sidi Bou Zid,Ouled Haffouz,Ouled Haffouz,5,5,100.0,3,60.0,23.1,88.2,3,60.0,3,0,0,3,0,0,60.0,0.0,0.0,1
TN436252,Sidi Bou Zid,Ouled Haffouz,Dheouibet Sud,4,4,100.0,2,50.0,15.0,85.0,3,75.0,3,0,0,2,0,0,50.0,0.0,0.0,0
TN436253,Sidi Bou Zid,Ouled Haffouz,Sidi Khelif,3,3,100.0,2,66.7,20.8,93.9,2,66.7,2,0,0,2,0,0,66.7,0.0,0.0,0
TN436254,Sidi Bou Zid,Ouled Haffouz,El Henia,3,3,100.0,2,66.7,20.8,93.9,2,66.7,2,0,0,2,0,0,66.7,0.0,0.0,1
TN436255,Sidi Bou Zid,Ouled Haffouz,Kassouda,3,3,100.0,2,66.7,20.8,93.9,2,66.7,2,0,0,2,0,0,66.7,0.0,0.0,0
TN436256,Sidi Bou Zid,Ouled Haffouz,El Mebarkia,3,3,100.0,1,33.3,6.1,79.2,1,33.3,1,0,0,1,0,0,33.3,0.0,0.0,0
TN436257,Sidi Bou Zid,Ouled Haffouz,Ech-Cheouachia,1,1,100.0,1,100.0,20.7,100.0,2,200.0,2,0,0,1,0,0,100.0,0.0,0.0,0
TN436258,Sidi Bou Zid,Ouled Haffouz,Sidi Ellafi,1,1,100.0,0,0.0,0.0,79.3,0,0.0,0,0,0,0,0,0,0.0,0.0,0.0,0
TN436259,Sidi Bou Zid,Ouled Haffouz,Dheouibet Nord,3,3,100.0,3,100.0,43.8,100.0,7,233.3,7,0,0,3,0,0,100.0,0.0,0.0,0
TN515151,Gabès,Gabès Médina,Secteur (1),4,4,100.0,2,50.0,15.0,85.0,2,50.0,1,0,1,1,0,1,25.0,0.0,25.0,0
TN515152,Gabès,Gabès Médina,Secteur (2),6,6,100.0,4,66.7,30.0,90.3,4,66.7,3,0,1,3,0,1,50.0,0.0,16.7,0
TN515153,Gabès,Gabès Médina,Secteur (3),15,15,100.0,7,46.7,24.8,69.9,7,46.7,5,0,2,5,0,2,33.3,0.0,13.3,0
TN515154,Gabès,Gabès Médina,Secteur (4),6,6,100.0,3,50.0,18.8,81.2,3,50.0,2,0,1,2,0,1,33.3,0.0,16.7,0
TN515155,Gabès,Gabès Médina,Chott Sidi Abdesselam,6,6,100.0,3,50.0,18.8,81.2,3,50.0,3,0,0,3,0,0,50.0,0.0,0.0,0
TN515251,Gabès,Gabès Ouest,Er-Remathi,3,3,100.0,3,100.0,43.8,100.0,3,100.0,3,0,0,3,0,0,100.0,0.0,0.0,0
TN515252,Gabès,Gabès Ouest,Bou-Chemma,9,9,100.0,8,88.9,56.5,98.0,8,88.9,7,0,1,7,0,1,77.8,0.0,11.1,0
TN515253,Gabès,Gabès Ouest,Nahal,2,2,100.0,2,100.0,34.2,100.0,2,100.0,2,0,0,2,0,0,100.0,0.0,0.0,0
TN515254,Gabès,Gabès Ouest,Jaouaoula,1,1,100.0,1,100.0,20.7,100.0,1,100.0,1,0,0,1,0,0,100.0,0.0,0.0,0
TN515255,Gabès,Gabès Ouest,Chenini Nord,2,2,100.0,1,50.0,9.5,90.5,1,50.0,1,0,0,1,0,0,50.0,0.0,0.0,0
TN515256,Gabès,Gabès Ouest,Chenini Est,4,4,100.0,1,25.0,4.6,69.9,2,50.0,1,0,1,1,0,1,25.0,0.0,25.0,0
TN515257,Gabès,Gabès Ouest,Chenini Ouest,4,4,100.0,3,75.0,30.1,95.4,4,100.0,3,0,1,3,0,1,75.0,0.0,25.0,0
TN515351,Gabès,Gabès Sud,Teboulbou,15,15,100.0,8,53.3,30.1,75.2,12,80.0,5,0,7,5,0,7,33.3,0.0,46.7,0
TN515352,Gabès,Gabès Sud,Sidi Boulbaba,18,18,100.0,8,44.4,24.6,66.3,8,44.4,5,0,3,5,0,3,27.8,0.0,16.7,0
TN515353,Gabès,Gabès Sud,Zrig Eddakhlania,4,4,100.0,0,0.0,0.0,49.0,0,0.0,0,0,0,0,0,0,0.0,0.0,0.0,0
TN515354,Gabès,Gabès Sud,Secteur (5),14,13,92.9,5,38.5,17.7,64.5,6,46.2,3,0,3,3,0,3,23.1,0.0,23.1,0
TN515355,Gabès,Gabès Sud,El Medou,3,3,100.0,2,66.7,20.8,93.9,2,66.7,2,0,0,2,0,0,66.7,0.0,0.0,0
TN515356,Gabès,Gabès Sud,Limaoua,1,1,100.0,1,100.0,20.7,100.0,1,100.0,1,0,0,1,0,0,100.0,0.0,0.0,0
TN515357,Gabès,Gabès Sud,El Amazir,1,1,100.0,1,100.0,20.7,100.0,2,200.0,2,0,0,1,0,0,100.0,0.0,0.0,0
TN515451,Gabès,Ghannouch,Ghanouch Est,6,6,100.0,4,66.7,30.0,90.3,5,83.3,5,0,0,4,0,0,66.7,0.0,0.0,0
TN515452,Gabès,Ghannouch,Ghanouch Ouest,7,7,100.0,6,85.7,48.7,97.4,7,100.0,7,0,0,6,0,0,85.7,0.0,0.0,1
TN515453,Gabès,Ghannouch,Ghanouche Sud,6,6,100.0,3,50.0,18.8,81.2,3,50.0,3,0,0,3,0,0,50.0,0.0,0.0,0
TN515454,Gabès,Ghannouch,Ghanouche Nord,3,3,100.0,2,66.7,20.8,93.9,2,66.7,2,0,0,2,0,0,66.7,0.0,0.0,0
TN515551,Gabès,Metouia,El Metouia Nord,2,2,100.0,2,100.0,34.2,100.0,2,100.0,2,0,0,2,0,0,100.0,0.0,0.0,0
TN515552,Gabès,Metouia,El Metouia Sud,10,10,100.0,10,100.0,72.2,100.0,11,110.0,11,0,0,10,0,0,100.0,0.0,0.0,0
TN515553,Gabès,Metouia,Ouedhref Nord,4,4,100.0,3,75.0,30.1,95.4,3,75.0,3,0,0,3,0,0,75.0,0.0,0.0,0
TN515554,Gabès,Metouia,Ouedhref Sud,4,4,100.0,2,50.0,15.0,85.0,2,50.0,2,0,0,2,0,0,50.0,0.0,0.0,0
TN515555,Gabès,Metouia,El Akarit,2,2,100.0,2,100.0,34.2,100.0,5,250.0,5,0,0,2,0,0,100.0,0.0,0.0,0
TN515556,Gabès,Metouia,El Hicha,2,2,100.0,1,50.0,9.5,90.5,1,50.0,1,0,0,1,0,0,50.0,0.0,0.0,1
TN515557,Gabès,Metouia,El Mida,2,2,100.0,2,100.0,34.2,100.0,3,150.0,3,0,0,2,0,0,100.0,0.0,0.0,0
TN515651,Gabès,Menzel Habib,Oued Ezzitoun,2,2,100.0,2,100.0,34.2,100.0,3,150.0,3,0,0,2,0,0,100.0,0.0,0.0,0
TN515652,Gabès,Menzel Habib,El Fejij,2,2,100.0,1,50.0,9.5,90.5,2,100.0,2,0,0,1,0,0,50.0,0.0,0.0,0
TN515653,Gabès,Menzel Habib,El Mehemla,3,3,100.0,2,66.7,20.8,93.9,2,66.7,2,0,0,2,0,0,66.7,0.0,0.0,0
TN515654,Gabès,Menzel Habib,Es-Saki,3,3,100.0,3,100.0,43.8,100.0,6,200.0,6,0,0,3,0,0,100.0,0.0,0.0,0
TN515655,Gabès,Menzel Habib,Rabiaa Ouali,4,4,100.0,4,100.0,51.0,100.0,6,150.0,6,0,0,4,0,0,100.0,0.0,0.0,0
TN515656,Gabès,Menzel Habib,Zoughrata,2,2,100.0,1,50.0,9.5,90.5,2,100.0,2,0,0,1,0,0,50.0,0.0,0.0,0
TN515657,Gabès,Menzel Habib,Menzel El Habib,4,4,100.0,4,100.0,51.0,100.0,4,100.0,4,0,0,4,0,0,100.0,0.0,0.0,0
TN515751,Gabès,Hamma,Secteur Nord,3,3,100.0,2,66.7,20.8,93.9,2,66.7,1,0,1,1,0,1,33.3,0.0,33.3,0
TN515752,Gabès,Hamma,El Ksar,7,7,100.0,6,85.7,48.7,97.4,9,128.6,4,0,5,4,0,5,57.1,0.0,71.4,1
TN515753,Gabès,Hamma,Secteur Est (1),13,13,100.0,11,84.6,57.8,95.7,16,123.1,10,0,6,10,0,6,76.9,0.0,46.2,0
TN515754,Gabès,Hamma,Secteur Est (2),4,4,100.0,3,75.0,30.1,95.4,4,100.0,2,0,2,2,0,2,50.0,0.0,50.0,0
TN515755,Gabès,Hamma,Secteur Sud,6,6,100.0,3,50.0,18.8,81.2,5,83.3,3,0,2,3,0,2,50.0,0.0,33.3,2
TN515756,Gabès,Hamma,Farhat Hached,2,2,100.0,0,0.0,0.0,65.8,0,0.0,0,0,0,0,0,0,0.0,0.0,0.0,0
TN515757,Gabès,Hamma,Chanchou,1,1,100.0,1,100.0,20.7,100.0,2,200.0,1,0,1,1,0,1,100.0,0.0,100.0,0
TN515758,Gabès,Hamma,El Behaier,3,3,100.0,1,33.3,6.1,79.2,1,33.3,0,0,1,0,0,1,0.0,0.0,33.3,0
TN515759,Gabès,Hamma,Bechima El Borj,2,2,100.0,2,100.0,34.2,100.0,4,200.0,2,0,2,2,0,2,100.0,0.0,100.0,0
TN515760,Gabès,Hamma,Bechima El Kalb,3,3,100.0,3,100.0,43.8,100.0,3,100.0,2,0,1,2,0,1,66.7,0.0,33.3,0
TN515761,Gabès,Hamma,Bou Attouch,5,5,100.0,4,80.0,37.6,96.4,8,160.0,4,0,4,4,0,4,80.0,0.0,80.0,0
TN515762,Gabès,Hamma,Habib Thameur,5,5,100.0,4,80.0,37.6,96.4,7,140.0,3,0,4,3,0,4,60.0,0.0,80.0,0
TN515763,Gabès,Hamma,Secteur Ouest,4,4,100.0,2,50.0,15.0,85.0,2,50.0,0,0,2,0,0,2,0.0,0.0,50.0,0
TN515851,Gabès,Matmata,Matmata,7,7,100.0,4,57.1,25.0,84.2,4,57.1,4,0,0,4,0,0,57.1,0.0,0.0,0
TN515852,Gabès,Matmata,Techine,2,2,100.0,2,100.0,34.2,100.0,2,100.0,2,0,0,2,0,0,100.0,0.0,0.0,0
TN515853,Gabès,Matmata,Tamazrat,2,2,100.0,2,100.0,34.2,100.0,2,100.0,2,0,0,2,0,0,100.0,0.0,0.0,0
TN515951,Gabès,Matmata Nouvelle,Nouvelle Matmata,7,7,100.0,5,71.4,35.9,91.8,5,71.4,5,0,0,5,0,0,71.4,0.0,0.0,0
TN515952,Gabès,Matmata Nouvelle,Heddaj,3,3,100.0,2,66.7,20.8,93.9,2,66.7,2,0,0,2,0,0,66.7,0.0,0.0,0
TN515953,Gabès,Matmata Nouvelle,Ez-Zeraoua,2,2,100.0,1,50.0,9.5,90.5,1,50.0,1,0,0,1,0,0,50.0,0.0,0.0,0
TN515954,Gabès,Matmata Nouvelle,Beni Aissa,1,1,100.0,1,100.0,20.7,100.0,1,100.0,1,0,0,1,0,0,100.0,0.0,0.0,0
TN515955,Gabès,Matmata Nouvelle,Beni Zalten,4,4,100.0,3,75.0,30.1,95.4,3,75.0,3,0,0,3,0,0,75.0,0.0,0.0,0
TN516051,Gabès,Mareth,Mareth,14,14,100.0,13,92.9,68.5,98.7,16,114.3,13,0,3,13,0,3,92.9,0.0,21.4,0
TN516052,Gabès,Mareth,Mareth Nord,8,8,100.0,7,87.5,52.9,97.8,10,125.0,7,0,3,7,0,3,87.5,0.0,37.5,1
TN516053,Gabès,Mareth,Sidi Touati,2,2,100.0,0,0.0,0.0,65.8,0,0.0,0,0,0,0,0,0,0.0,0.0,0.0,0
TN516054,Gabès,Mareth,Ez-Zerkine,2,2,100.0,1,50.0,9.5,90.5,1,50.0,1,0,0,1,0,0,50.0,0.0,0.0,0
TN516055,Gabès,Mareth,Ayoun Ez-Zerkine,3,3,100.0,1,33.3,6.1,79.2,1,33.3,1,0,0,1,0,0,33.3,0.0,0.0,0
TN516056,Gabès,Mareth,Ourafinine,1,1,100.0,1,100.0,20.7,100.0,1,100.0,1,0,0,1,0,0,100.0,0.0,0.0,0
TN516057,Gabès,Mareth,Ezzarat,6,6,100.0,6,100.0,61.0,100.0,11,183.3,11,0,0,6,0,0,100.0,0.0,0.0,1
TN516058,Gabès,Mareth,El Alaya,3,3,100.0,2,66.7,20.8,93.9,2,66.7,2,0,0,2,0,0,66.7,0.0,0.0,0
TN516059,Gabès,Mareth,Arram,5,5,100.0,4,80.0,37.6,96.4,5,100.0,4,0,1,4,0,1,80.0,0.0,20.0,0
TN516060,Gabès,Mareth,Ketana,5,5,100.0,2,40.0,11.8,76.9,3,60.0,2,0,1,2,0,1,40.0,0.0,20.0,0
TN516061,Gabès,Mareth,Toujane,1,1,100.0,0,0.0,0.0,79.3,0,0.0,0,0,0,0,0,0,0.0,0.0,0.0,0
TN516062,Gabès,Mareth,Zemarten,2,2,100.0,1,50.0,9.5,90.5,1,50.0,1,0,0,1,0,0,50.0,0.0,0.0,0
TN516063,Gabès,Mareth,Zerig El Ghandri,2,2,100.0,2,100.0,34.2,100.0,3,150.0,3,0,0,2,0,0,100.0,0.0,0.0,0
TN516064,Gabès,Mareth,Ain Tounine,4,4,100.0,2,50.0,15.0,85.0,2,50.0,2,0,0,2,0,0,50.0,0.0,0.0,0
TN516065,Gabès,Mareth,Dekhilet Toujane,7,7,100.0,7,100.0,64.6,100.0,7,100.0,7,0,0,7,0,0,100.0,0.0,0.0,0
TN525151,Médenine,Médenine Nord,Beni Ghezail,1,1,100.0,0,0.0,0.0,79.3,0,0.0,0,0,0,0,0,0,0.0,0.0,0.0,0
TN525152,Médenine,Médenine Nord,02 Mai,5,5,100.0,1,20.0,3.6,62.4,1,20.0,1,0,0,1,0,0,20.0,0.0,0.0,0
TN525153,Médenine,Médenine Nord,Mednine Ouest,11,8,72.7,3,37.5,13.7,69.4,3,37.5,3,0,0,3,0,0,37.5,0.0,0.0,0
TN525154,Médenine,Médenine Nord,20 Mars,3,3,100.0,0,0.0,0.0,56.2,0,0.0,0,0,0,0,0,0,0.0,0.0,0.0,0
TN525155,Médenine,Médenine Nord,Mednine Nord,21,20,95.2,9,45.0,25.8,65.8,10,50.0,10,0,0,9,0,0,45.0,0.0,0.0,0
TN525156,Médenine,Médenine Nord,Oum Ettameur Ouest,4,4,100.0,0,0.0,0.0,49.0,0,0.0,0,0,0,0,0,0,0.0,0.0,0.0,1
TN525157,Médenine,Médenine Nord,Oum Ettameur Est,2,2,100.0,1,50.0,9.5,90.5,1,50.0,1,0,0,1,0,0,50.0,0.0,0.0,0
TN525158,Médenine,Médenine Nord,Koutine,3,3,100.0,0,0.0,0.0,56.2,0,0.0,0,0,0,0,0,0,0.0,0.0,0.0,0
TN525251,Médenine,Médenine Sud,Mednine Sud,18,18,100.0,10,55.6,33.7,75.4,10,55.6,10,0,0,10,0,0,55.6,0.0,0.0,0
TN525252,Médenine,Médenine Sud,Mednine Est,10,10,100.0,10,100.0,72.2,100.0,11,110.0,10,0,1,10,0,1,100.0,0.0,10.0,0
TN525253,Médenine,Médenine Sud,El Labba,5,5,100.0,4,80.0,37.6,96.4,4,80.0,4,0,0,4,0,0,80.0,0.0,0.0,0
TN525254,Médenine,Médenine Sud,Hessi Amor,7,6,85.7,0,0.0,0.0,39.0,0,0.0,0,0,0,0,0,0,0.0,0.0,0.0,1
TN525255,Médenine,Médenine Sud,Oued Esseder,2,2,100.0,0,0.0,0.0,65.8,0,0.0,0,0,0,0,0,0,0.0,0.0,0.0,0
TN525256,Médenine,Médenine Sud,Hessi Mednine,2,2,100.0,2,100.0,34.2,100.0,2,100.0,2,0,0,2,0,0,100.0,0.0,0.0,0
TN525257,Médenine,Médenine Sud,Darghoulia,4,3,75.0,0,0.0,0.0,56.2,0,0.0,0,0,0,0,0,0,0.0,0.0,0.0,0
TN525258,Médenine,Médenine Sud,Souitir,1,1,100.0,1,100.0,20.7,100.0,1,100.0,1,0,0,1,0,0,100.0,0.0,0.0,0
TN525259,Médenine,Médenine Sud,Nouvelle Amra,3,3,100.0,0,0.0,0.0,56.2,0,0.0,0,0,0,0,0,0,0.0,0.0,0.0,0
TN525260,Médenine,Médenine Sud,Bou-Ghrara,10,10,100.0,0,0.0,0.0,27.8,0,0.0,0,0,0,0,0,0,0.0,0.0,0.0,0
TN525351,Médenine,Beni Khedache,Beni-Khedech,40,39,97.5,30,76.9,61.7,87.4,32,82.1,32,0,0,30,0,0,76.9,0.0,0.0,0
TN525451,Médenine,Ben Guerdane,Ben Guerdane Nord,69,63,91.3,39,61.9,49.6,72.9,42,66.7,35,0,7,34,0,7,54.0,0.0,11.1,2
TN525551,Médenine,Zarzis,Zarzis,15,14,93.3,12,85.7,60.1,96.0,17,121.4,12,0,5,12,0,5,85.7,0.0,35.7,1
TN525552,Médenine,Zarzis,20 Mars,5,5,100.0,4,80.0,37.6,96.4,5,100.0,4,0,1,4,0,1,80.0,0.0,20.0,0
TN525553,Médenine,Zarzis,Tahar Sfar,3,3,100.0,2,66.7,20.8,93.9,2,66.7,2,0,0,2,0,0,66.7,0.0,0.0,0
TN525554,Médenine,Zarzis,Ejdaria,1,1,100.0,1,100.0,20.7,100.0,1,100.0,1,0,0,1,0,0,100.0,0.0,0.0,0
TN525555,Médenine,Zarzis,El Bassatine,5,4,80.0,3,75.0,30.1,95.4,4,100.0,3,0,1,3,0,1,75.0,0.0,25.0,0
TN525556,Médenine,Zarzis,Essouihel,8,6,75.0,4,66.7,30.0,90.3,6,100.0,4,0,2,4,0,2,66.7,0.0,33.3,0
TN525557,Médenine,Zarzis,Oued Ettieb,8,8,100.0,6,75.0,40.9,92.9,6,75.0,6,0,0,6,0,0,75.0,0.0,0.0,1
TN525558,Médenine,Zarzis,Hassi El Jerbi,5,3,60.0,2,66.7,20.8,93.9,2,66.7,1,0,1,1,0,1,33.3,0.0,33.3,1
TN525559,Médenine,Zarzis,Khaoui El Ghedir,2,2,100.0,0,0.0,0.0,65.8,0,0.0,0,0,0,0,0,0,0.0,0.0,0.0,0
TN525560,Médenine,Zarzis,Hamadi,7,6,85.7,4,66.7,30.0,90.3,4,66.7,4,0,0,4,0,0,66.7,0.0,0.0,0
TN525561,Médenine,Zarzis,Hichem E L Hamadi,6,5,83.3,2,40.0,11.8,76.9,2,40.0,2,0,0,2,0,0,40.0,0.0,0.0,0
TN525562,Médenine,Zarzis,El Ghorabet,2,2,100.0,1,50.0,9.5,90.5,1,50.0,1,0,0,1,0,0,50.0,0.0,0.0,0
TN525563,Médenine,Zarzis,El Grebis,4,4,100.0,2,50.0,15.0,85.0,2,50.0,2,0,0,2,0,0,50.0,0.0,0.0,0
TN525564,Médenine,Zarzis,Hamadi Boutoufaha,4,3,75.0,3,100.0,43.8,100.0,4,133.3,2,0,2,2,0,2,66.7,0.0,66.7,0
TN525565,Médenine,Zarzis,El Ogla,2,2,100.0,0,0.0,0.0,65.8,0,0.0,0,0,0,0,0,0,0.0,0.0,0.0,0
TN525566,Médenine,Zarzis,Chammakh,4,3,75.0,3,100.0,43.8,100.0,3,100.0,2,0,1,2,0,1,66.7,0.0,33.3,0
TN525651,Médenine,Houmt Souk,Taourit,6,4,66.7,2,50.0,15.0,85.0,3,75.0,2,0,1,2,0,1,50.0,0.0,25.0,0
TN525652,Médenine,Houmt Souk,Bou Melel,10,9,90.0,5,55.6,26.7,81.1,5,55.6,4,0,1,4,0,1,44.4,0.0,11.1,0
TN525653,Médenine,Houmt Souk,El Jouamaa,5,5,100.0,3,60.0,23.1,88.2,4,80.0,2,0,2,2,0,2,40.0,0.0,40.0,0
TN525654,Médenine,Houmt Souk,Fatou,4,3,75.0,3,100.0,43.8,100.0,3,100.0,2,0,1,2,0,1,66.7,0.0,33.3,0
TN525655,Médenine,Houmt Souk,Mazraia,4,4,100.0,2,50.0,15.0,85.0,2,50.0,2,0,0,2,0,0,50.0,0.0,0.0,0
TN525656,Médenine,Houmt Souk,Sedghaiane,5,5,100.0,3,60.0,23.1,88.2,3,60.0,3,0,0,3,0,0,60.0,0.0,0.0,0
TN525657,Médenine,Houmt Souk,Oualeg,3,3,100.0,2,66.7,20.8,93.9,2,66.7,2,0,0,2,0,0,66.7,0.0,0.0,0
TN525658,Médenine,Houmt Souk,Essouani,6,6,100.0,3,50.0,18.8,81.2,4,66.7,2,0,2,2,0,2,33.3,0.0,33.3,0
TN525659,Médenine,Houmt Souk,Erriadh,10,9,90.0,6,66.7,35.4,87.9,7,77.8,5,0,2,5,0,2,55.6,0.0,22.2,0
TN525660,Médenine,Houmt Souk,El Hachene,3,3,100.0,2,66.7,20.8,93.9,2,66.7,1,0,1,1,0,1,33.3,0.0,33.3,0
TN525661,Médenine,Houmt Souk,Mellita,6,6,100.0,5,83.3,43.6,97.0,5,83.3,3,0,2,3,0,2,50.0,0.0,33.3,0
TN525751,Médenine,Djerba Midoun,Midoun,19,15,78.9,5,33.3,15.2,58.3,5,33.3,5,0,0,5,0,0,33.3,0.0,0.0,1
TN525752,Médenine,Djerba Midoun,Arkou,9,9,100.0,4,44.4,18.9,73.3,4,44.4,4,0,0,4,0,0,44.4,0.0,0.0,0
TN525753,Médenine,Djerba Midoun,El Mahboubine,4,4,100.0,0,0.0,0.0,49.0,0,0.0,0,0,0,0,0,0,0.0,0.0,0.0,0
TN525754,Médenine,Djerba Midoun,Beni Maaguel,4,3,75.0,1,33.3,6.1,79.2,1,33.3,1,0,0,1,0,0,33.3,0.0,0.0,0
TN525755,Médenine,Djerba Midoun,Sedouikech,7,6,85.7,1,16.7,3.0,56.4,1,16.7,1,0,0,1,0,0,16.7,0.0,0.0,0
TN525756,Médenine,Djerba Midoun,El May,10,9,90.0,3,33.3,12.1,64.6,4,44.4,3,0,1,3,0,1,33.3,0.0,11.1,0
TN525757,Médenine,Djerba Midoun,Robbana,2,1,50.0,0,0.0,0.0,79.3,0,0.0,0,0,0,0,0,0,0.0,0.0,0.0,0
TN525851,Médenine,Djerba Ajim,Ajim,25,19,76.0,7,36.8,19.1,59.0,8,42.1,6,0,2,6,0,2,31.6,0.0,10.5,1
TN525951,Médenine,Sidi Makhlouf,Sidi Makhlouf,4,4,100.0,2,50.0,15.0,85.0,2,50.0,2,0,0,2,0,0,50.0,0.0,0.0,0
TN525952,Médenine,Sidi Makhlouf,El Grine,1,1,100.0,1,100.0,20.7,100.0,1,100.0,1,0,0,1,0,0,100.0,0.0,0.0,0
TN525953,Médenine,Sidi Makhlouf,El Maghzaouia,2,2,100.0,0,0.0,0.0,65.8,0,0.0,0,0,0,0,0,0,0.0,0.0,0.0,0
TN525954,Médenine,Sidi Makhlouf,El Jourf,4,4,100.0,0,0.0,0.0,49.0,0,0.0,0,0,0,0,0,0,0.0,0.0,0.0,0
TN525955,Médenine,Sidi Makhlouf,Bedoui,1,1,100.0,1,100.0,20.7,100.0,1,100.0,1,0,0,1,0,0,100.0,0.0,0.0,0
TN525956,Médenine,Sidi Makhlouf,Amra,5,4,80.0,0,0.0,0.0,49.0,0,0.0,0,0,0,0,0,0,0.0,0.0,0.0,0
TN525957,Médenine,Sidi Makhlouf,Er Ragouba Est,4,4,100.0,3,75.0,30.1,95.4,3,75.0,3,0,0,3,0,0,75.0,0.0,0.0,0
TN525958,Médenine,Sidi Makhlouf,Er Ragouba Ouest,3,2,66.7,1,50.0,9.5,90.5,1,50.0,1,0,0,1,0,0,50.0,0.0,0.0,0
TN525959,Médenine,Sidi Makhlouf,El Ghabai,2,2,100.0,2,100.0,34.2,100.0,2,100.0,2,0,0,2,0,0,100.0,0.0,0.0,0
TN525960,Médenine,Sidi Makhlouf,El Gosba,2,2,100.0,1,50.0,9.5,90.5,1,50.0,1,0,0,1,0,0,50.0,0.0,0.0,0
TN525961,Médenine,Sidi Makhlouf,Darjaoua,3,3,100.0,3,100.0,43.8,100.0,5,166.7,5,0,0,3,0,0,100.0,0.0,0.0,0
TN535151,Tataouine,Tataouine Nord,En-Nozha,5,5,100.0,1,20.0,3.6,62.4,1,20.0,1,0,0,1,0,0,20.0,0.0,0.0,0
TN535152,Tataouine,Tataouine Nord,Ettadhamen,8,8,100.0,1,12.5,2.2,47.1,1,12.5,1,0,0,1,0,0,12.5,0.0,0.0,0
TN535153,Tataouine,Tataouine Nord,En-Nasr,4,4,100.0,0,0.0,0.0,49.0,0,0.0,0,0,0,0,0,0,0.0,0.0,0.0,0
TN535154,Tataouine,Tataouine Nord,Oued El Gemah,7,7,100.0,1,14.3,2.6,51.3,1,14.3,1,0,0,1,0,0,14.3,0.0,0.0,2
TN535155,Tataouine,Tataouine Nord,Berourmet,9,9,100.0,3,33.3,12.1,64.6,3,33.3,3,0,0,3,0,0,33.3,0.0,0.0,0
TN535156,Tataouine,Tataouine Nord,Telelt,2,2,100.0,0,0.0,0.0,65.8,0,0.0,0,0,0,0,0,0,0.0,0.0,0.0,0
TN535157,Tataouine,Tataouine Nord,Oued El Ghar,7,7,100.0,2,28.6,8.2,64.1,2,28.6,2,0,0,2,0,0,28.6,0.0,0.0,1
TN535158,Tataouine,Tataouine Nord,El Maouna,1,1,100.0,0,0.0,0.0,79.3,0,0.0,0,0,0,0,0,0,0.0,0.0,0.0,0
TN535159,Tataouine,Tataouine Nord,Ezzahra,6,6,100.0,6,100.0,61.0,100.0,6,100.0,6,0,0,6,0,0,100.0,0.0,0.0,0
TN535160,Tataouine,Tataouine Nord,Gattoufa,1,1,100.0,1,100.0,20.7,100.0,1,100.0,1,0,0,1,0,0,100.0,0.0,0.0,0
TN535161,Tataouine,Tataouine Nord,Khetma,4,4,100.0,3,75.0,30.1,95.4,4,100.0,4,0,0,3,0,0,75.0,0.0,0.0,0
TN535162,Tataouine,Tataouine Nord,Essaada,1,1,100.0,1,100.0,20.7,100.0,1,100.0,1,0,0,1,0,0,100.0,0.0,0.0,0
TN535163,Tataouine,Tataouine Nord,El Galaa Est,3,3,100.0,0,0.0,0.0,56.2,0,0.0,0,0,0,0,0,0,0.0,0.0,0.0,0
TN535164,Tataouine,Tataouine Nord,El Galaa Ouest,3,3,100.0,1,33.3,6.1,79.2,2,66.7,2,0,0,1,0,0,33.3,0.0,0.0,0
TN535165,Tataouine,Tataouine Nord,Beni Belal,4,4,100.0,3,75.0,30.1,95.4,3,75.0,3,0,0,3,0,0,75.0,0.0,0.0,0
TN535251,Tataouine,Tataouine Sud,Tataouine Ville,7,7,100.0,4,57.1,25.0,84.2,4,57.1,4,0,0,4,0,0,57.1,0.0,0.0,1
TN535252,Tataouine,Tataouine Sud,Tataouine Superieure,3,3,100.0,0,0.0,0.0,56.2,0,0.0,0,0,0,0,0,0,0.0,0.0,0.0,0
TN535253,Tataouine,Tataouine Sud,El Maztouria Sud,2,2,100.0,0,0.0,0.0,65.8,0,0.0,0,0,0,0,0,0,0.0,0.0,0.0,0
TN535254,Tataouine,Tataouine Sud,El Maztouria Nord,2,2,100.0,1,50.0,9.5,90.5,1,50.0,1,0,0,1,0,0,50.0,0.0,0.0,0
TN535255,Tataouine,Tataouine Sud,Gharghar,2,2,100.0,0,0.0,0.0,65.8,0,0.0,0,0,0,0,0,0,0.0,0.0,0.0,0
TN535256,Tataouine,Tataouine Sud,Cite El Barr,3,3,100.0,1,33.3,6.1,79.2,1,33.3,1,0,0,1,0,0,33.3,0.0,0.0,0
TN535257,Tataouine,Tataouine Sud,Ksar El Moukabala,3,3,100.0,1,33.3,6.1,79.2,1,33.3,1,0,0,1,0,0,33.3,0.0,0.0,0
TN535258,Tataouine,Tataouine Sud,Nouvelle Chnini,1,1,100.0,0,0.0,0.0,79.3,0,0.0,0,0,0,0,0,0,0.0,0.0,0.0,0
TN535259,Tataouine,Tataouine Sud,Chenini,1,1,100.0,0,0.0,0.0,79.3,0,0.0,0,0,0,0,0,0,0.0,0.0,0.0,0
TN535260,Tataouine,Tataouine Sud,Eddouiret,1,1,100.0,0,0.0,0.0,79.3,0,0.0,0,0,0,0,0,0,0.0,0.0,0.0,0
TN535261,Tataouine,Tataouine Sud,El Mesreb,4,4,100.0,0,0.0,0.0,49.0,0,0.0,0,0,0,0,0,0,0.0,0.0,0.0,0
TN535262,Tataouine,Tataouine Sud,Erroghba,7,7,100.0,3,42.9,15.8,75.0,3,42.9,3,0,0,3,0,0,42.9,0.0,0.0,0
TN535263,Tataouine,Tataouine Sud,Ras El Ouedi,1,1,100.0,0,0.0,0.0,79.3,0,0.0,0,0,0,0,0,0,0.0,0.0,0.0,0
TN535264,Tataouine,Tataouine Sud,Bir Thalathine,1,1,100.0,0,0.0,0.0,79.3,0,0.0,0,0,0,0,0,0,0.0,0.0,0.0,0
TN535265,Tataouine,Tataouine Sud,Beni Barka-Tounket,2,2,100.0,0,0.0,0.0,65.8,0,0.0,0,0,0,0,0,0,0.0,0.0,0.0,0
TN535351,Tataouine,Samar,Kerchaou,3,3,100.0,1,33.3,6.1,79.2,1,33.3,1,0,0,1,0,0,33.3,0.0,0.0,0
TN535352,Tataouine,Samar,Smar,6,6,100.0,5,83.3,43.6,97.0,5,83.3,5,0,0,5,0,0,83.3,0.0,0.0,0
TN535353,Tataouine,Samar,El Ghariani,1,1,100.0,0,0.0,0.0,79.3,0,0.0,0,0,0,0,0,0,0.0,0.0,0.0,0
TN535354,Tataouine,Samar,Errahech,1,1,100.0,0,0.0,0.0,79.3,0,0.0,0,0,0,0,0,0,0.0,0.0,0.0,0
TN535355,Tataouine,Samar,El Morra,2,2,100.0,1,50.0,9.5,90.5,1,50.0,1,0,0,1,0,0,50.0,0.0,0.0,0
TN535356,Tataouine,Samar,Ksar Aoun,3,3,100.0,2,66.7,20.8,93.9,2,66.7,2,0,0,2,0,0,66.7,0.0,0.0,0
TN535357,Tataouine,Samar,Ksar Mehira,4,4,100.0,1,25.0,4.6,69.9,1,25.0,1,0,0,1,0,0,25.0,0.0,0.0,0
TN535358,Tataouine,Samar,Beni Mehira Est,2,2,100.0,0,0.0,0.0,65.8,0,0.0,0,0,0,0,0,0,0.0,0.0,0.0,0
TN535451,Tataouine,Bir Lahmar,Bir Lahmar Est,2,2,100.0,1,50.0,9.5,90.5,1,50.0,1,0,0,1,0,0,50.0,0.0,0.0,0
TN535452,Tataouine,Bir Lahmar,Bir Lahmar Ouest,2,2,100.0,0,0.0,0.0,65.8,0,0.0,0,0,0,0,0,0,0.0,0.0,0.0,0
TN535453,Tataouine,Bir Lahmar,Sened,4,4,100.0,1,25.0,4.6,69.9,1,25.0,1,0,0,1,0,0,25.0,0.0,0.0,0
TN535454,Tataouine,Bir Lahmar,El Argoub,1,1,100.0,0,0.0,0.0,79.3,0,0.0,0,0,0,0,0,0,0.0,0.0,0.0,0
TN535455,Tataouine,Bir Lahmar,Grager,1,1,100.0,0,0.0,0.0,79.3,0,0.0,0,0,0,0,0,0,0.0,0.0,0.0,0
TN535456,Tataouine,Bir Lahmar,El Medina,1,1,100.0,0,0.0,0.0,79.3,0,0.0,0,0,0,0,0,0,0.0,0.0,0.0,0
TN535457,Tataouine,Bir Lahmar,El Bassatine,1,1,100.0,0,0.0,0.0,79.3,0,0.0,0,0,0,0,0,0,0.0,0.0,0.0,0
TN535551,Tataouine,Ghomrassen,Ghomrassen,2,2,100.0,0,0.0,0.0,65.8,0,0.0,0,0,0,0,0,0,0.0,0.0,0.0,0
TN535552,Tataouine,Ghomrassen,El Ouaha,3,3,100.0,0,0.0,0.0,56.2,0,0.0,0,0,0,0,0,0,0.0,0.0,0.0,0
TN535553,Tataouine,Ghomrassen,Ezzouhour,3,3,100.0,0,0.0,0.0,56.2,0,0.0,0,0,0,0,0,0,0.0,0.0,0.0,0
TN535554,Tataouine,Ghomrassen,El Ghordhab,2,2,100.0,0,0.0,0.0,65.8,0,0.0,0,0,0,0,0,0,0.0,0.0,0.0,0
TN535555,Tataouine,Ghomrassen,El Ferch,2,2,100.0,1,50.0,9.5,90.5,1,50.0,1,0,0,1,0,0,50.0,0.0,0.0,0
TN535556,Tataouine,Ghomrassen,Guermassa,1,1,100.0,1,100.0,20.7,100.0,1,100.0,1,0,0,1,0,0,100.0,0.0,0.0,0
TN535557,Tataouine,Ghomrassen,Ksar El Haddada,2,2,100.0,0,0.0,0.0,65.8,0,0.0,0,0,0,0,0,0,0.0,0.0,0.0,0
TN535558,Tataouine,Ghomrassen,Nouvelle Medina,5,5,100.0,0,0.0,0.0,43.4,0,0.0,0,0,0,0,0,0,0.0,0.0,0.0,0
TN535559,Tataouine,Ghomrassen,Ksar El Mourabitine,2,2,100.0,0,0.0,0.0,65.8,0,0.0,0,0,0,0,0,0,0.0,0.0,0.0,0
TN535560,Tataouine,Ghomrassen,Oued El Khil,1,1,100.0,0,0.0,0.0,79.3,0,0.0,0,0,0,0,0,0,0.0,0.0,0.0,0
TN535651,Tataouine,Dhiba,Dhehbia Est,4,4,100.0,4,100.0,51.0,100.0,6,150.0,6,0,0,4,0,0,100.0,0.0,0.0,0
TN535652,Tataouine,Dhiba,Dhehbia Ouest,4,4,100.0,4,100.0,51.0,100.0,7,175.0,7,0,0,4,0,0,100.0,0.0,0.0,0
TN535751,Tataouine,Remada,Remada Est,5,5,100.0,4,80.0,37.6,96.4,4,80.0,4,0,0,4,0,0,80.0,0.0,0.0,1
TN535752,Tataouine,Remada,Remada Ouest,4,4,100.0,3,75.0,30.1,95.4,6,150.0,6,0,0,3,0,0,75.0,0.0,0.0,0
TN535753,Tataouine,Remada,Nekrif,1,1,100.0,1,100.0,20.7,100.0,1,100.0,1,0,0,1,0,0,100.0,0.0,0.0,0
TN535754,Tataouine,Remada,Kenbout,2,2,100.0,1,50.0,9.5,90.5,2,100.0,2,0,0,1,0,0,50.0,0.0,0.0,0
TN535755,Tataouine,Remada,Bir Amir,1,1,100.0,0,0.0,0.0,79.3,0,0.0,0,0,0,0,0,0,0.0,0.0,0.0,0
TN535756,Tataouine,Remada,Borj El Khadhra,2,2,100.0,0,0.0,0.0,65.8,0,0.0,0,0,0,0,0,0,0.0,0.0,0.0,0
TN535757,Tataouine,Remada,Meghani,1,1,100.0,1,100.0,20.7,100.0,2,200.0,2,0,0,1,0,0,100.0,0.0,0.0,0
TN615151,Gafsa,Gafsa Nord,Guetis,3,3,100.0,3,100.0,43.8,100.0,3,100.0,3,0,0,3,0,0,100.0,0.0,0.0,0
TN615152,Gafsa,Gafsa Nord,Er-Rahiba,3,3,100.0,0,0.0,0.0,56.2,0,0.0,0,0,0,0,0,0,0.0,0.0,0.0,0
TN615153,Gafsa,Gafsa Nord,Er-Rahiba Sud,2,2,100.0,1,50.0,9.5,90.5,1,50.0,1,0,0,1,0,0,50.0,0.0,0.0,0
TN615154,Gafsa,Gafsa Nord,Ksour El Akhoua,1,1,100.0,1,100.0,20.7,100.0,2,200.0,2,0,0,1,0,0,100.0,0.0,0.0,0
TN615155,Gafsa,Gafsa Nord,El Mouthides,1,1,100.0,1,100.0,20.7,100.0,2,200.0,2,0,0,1,0,0,100.0,0.0,0.0,0
TN615156,Gafsa,Gafsa Nord,Fej,3,3,100.0,3,100.0,43.8,100.0,3,100.0,3,0,0,3,0,0,100.0,0.0,0.0,0
TN615157,Gafsa,Gafsa Nord,Menzel Mimoun,2,2,100.0,1,50.0,9.5,90.5,1,50.0,1,0,0,1,0,0,50.0,0.0,0.0,0
TN615251,Gafsa,Sidi Aich,Sidi Aich,5,5,100.0,3,60.0,23.1,88.2,3,60.0,3,0,0,3,0,0,60.0,0.0,0.0,0
TN615252,Gafsa,Sidi Aich,Sidi Aich Est,2,2,100.0,2,100.0,34.2,100.0,2,100.0,2,0,0,2,0,0,100.0,0.0,0.0,0
TN615253,Gafsa,Sidi Aich,El Amaima,2,2,100.0,0,0.0,0.0,65.8,0,0.0,0,0,0,0,0,0,0.0,0.0,0.0,0
TN615254,Gafsa,Sidi Aich,Menzel Gamoudi,1,1,100.0,0,0.0,0.0,79.3,0,0.0,0,0,0,0,0,0,0.0,0.0,0.0,0
TN615255,Gafsa,Sidi Aich,El Karia,3,3,100.0,2,66.7,20.8,93.9,2,66.7,2,0,0,2,0,0,66.7,0.0,0.0,0
TN615256,Gafsa,Sidi Aich,Es-Souinia,1,1,100.0,1,100.0,20.7,100.0,1,100.0,1,0,0,1,0,0,100.0,0.0,0.0,0
TN615351,Gafsa,Ksar,El Ksar,12,12,100.0,10,83.3,55.2,95.3,12,100.0,3,0,9,3,0,9,25.0,0.0,75.0,0
TN615352,Gafsa,Ksar,El Ksar Est,2,2,100.0,2,100.0,34.2,100.0,5,250.0,3,0,2,2,0,2,100.0,0.0,100.0,0
TN615353,Gafsa,Ksar,Lala,5,5,100.0,1,20.0,3.6,62.4,1,20.0,1,0,0,1,0,0,20.0,0.0,0.0,0
TN615354,Gafsa,Ksar,Cite Hached,4,4,100.0,3,75.0,30.1,95.4,3,75.0,3,0,0,3,0,0,75.0,0.0,0.0,0
TN615355,Gafsa,Ksar,Amra,3,3,100.0,3,100.0,43.8,100.0,4,133.3,4,0,0,3,0,0,100.0,0.0,0.0,0
TN615356,Gafsa,Ksar,El Matar,4,4,100.0,4,100.0,51.0,100.0,7,175.0,1,0,6,1,0,4,25.0,0.0,100.0,0
TN615451,Gafsa,Gafsa Sud,Gafsa Ville,9,9,100.0,4,44.4,18.9,73.3,5,55.6,5,0,0,4,0,0,44.4,0.0,0.0,0
TN615452,Gafsa,Gafsa Sud,Gafsa Est,5,5,100.0,4,80.0,37.6,96.4,5,100.0,4,0,1,4,0,1,80.0,0.0,20.0,0
TN615453,Gafsa,Gafsa Sud,Cite Essourour,11,11,100.0,6,54.5,28.0,78.7,7,63.6,6,0,1,6,0,1,54.5,0.0,9.1,0
TN615454,Gafsa,Gafsa Sud,El Assala,19,19,100.0,13,68.4,46.0,84.6,15,78.9,15,0,0,13,0,0,68.4,0.0,0.0,3
TN615455,Gafsa,Gafsa Sud,Sidi Ahmed Zarrouk,5,5,100.0,1,20.0,3.6,62.4,1,20.0,1,0,0,1,0,0,20.0,0.0,0.0,0
TN615456,Gafsa,Gafsa Sud,Oued Ailou,6,5,83.3,4,80.0,37.6,96.4,7,140.0,5,0,2,3,0,2,60.0,0.0,40.0,1
TN615457,Gafsa,Gafsa Sud,El Moula,1,1,100.0,0,0.0,0.0,79.3,0,0.0,0,0,0,0,0,0,0.0,0.0,0.0,0
TN615458,Gafsa,Gafsa Sud,Cite Ennour,7,7,100.0,3,42.9,15.8,75.0,3,42.9,3,0,0,3,0,0,42.9,0.0,0.0,0
TN615459,Gafsa,Gafsa Sud,Cite Ech-Chabab,14,14,100.0,7,50.0,26.8,73.2,8,57.1,8,0,0,7,0,0,50.0,0.0,0.0,0
TN615460,Gafsa,Gafsa Sud,El Aguila,2,2,100.0,1,50.0,9.5,90.5,1,50.0,1,0,0,1,0,0,50.0,0.0,0.0,0
TN615461,Gafsa,Gafsa Sud,Kef Derbi,4,4,100.0,1,25.0,4.6,69.9,1,25.0,1,0,0,1,0,0,25.0,0.0,0.0,0
TN615462,Gafsa,Gafsa Sud,En-Nadhour,2,2,100.0,1,50.0,9.5,90.5,1,50.0,1,0,0,1,0,0,50.0,0.0,0.0,0
TN615551,Gafsa,Oum Larais,Oum El Aksab,3,3,100.0,2,66.7,20.8,93.9,2,66.7,2,0,0,2,0,0,66.7,0.0,0.0,1
TN615552,Gafsa,Oum Larais,Sidi Boubaker,4,4,100.0,2,50.0,15.0,85.0,2,50.0,2,0,0,2,0,0,50.0,0.0,0.0,0
TN615553,Gafsa,Oum Larais,Oum El Araies Centre,7,7,100.0,2,28.6,8.2,64.1,2,28.6,2,0,0,2,0,0,28.6,0.0,0.0,0
TN615554,Gafsa,Oum Larais,Oum El Araies Gare,13,13,100.0,1,7.7,1.4,33.3,1,7.7,1,0,0,1,0,0,7.7,0.0,0.0,0
TN615555,Gafsa,Oum Larais,Ech-Channoufia,3,3,100.0,0,0.0,0.0,56.2,0,0.0,0,0,0,0,0,0,0.0,0.0,0.0,0
TN615556,Gafsa,Oum Larais,Es-Souitir,2,2,100.0,0,0.0,0.0,65.8,0,0.0,0,0,0,0,0,0,0.0,0.0,0.0,0
TN615557,Gafsa,Oum Larais,Daouara,2,2,100.0,0,0.0,0.0,65.8,0,0.0,0,0,0,0,0,0,0.0,0.0,0.0,0
TN615651,Gafsa,Redeyef,Redeyef Centre,3,3,100.0,1,33.3,6.1,79.2,1,33.3,1,0,0,1,0,0,33.3,0.0,0.0,1
TN615652,Gafsa,Redeyef,Redeyef Nord,4,4,100.0,2,50.0,15.0,85.0,2,50.0,2,0,0,2,0,0,50.0,0.0,0.0,0
TN615653,Gafsa,Redeyef,Redeyef Sud,7,7,100.0,5,71.4,35.9,91.8,6,85.7,6,0,0,5,0,0,71.4,0.0,0.0,0
TN615654,Gafsa,Redeyef,Redeyef Gare,9,9,100.0,7,77.8,45.3,93.7,7,77.8,7,0,0,7,0,0,77.8,0.0,0.0,0
TN615655,Gafsa,Redeyef,Tabdit,2,2,100.0,0,0.0,0.0,65.8,0,0.0,0,0,0,0,0,0,0.0,0.0,0.0,0
TN615751,Gafsa,Metlaoui,Metlaoui Centre,6,6,100.0,5,83.3,43.6,97.0,5,83.3,5,0,0,5,0,0,83.3,0.0,0.0,0
TN615752,Gafsa,Metlaoui,Metlaoui Gare,5,5,100.0,2,40.0,11.8,76.9,2,40.0,2,0,0,2,0,0,40.0,0.0,0.0,0
TN615753,Gafsa,Metlaoui,El Mziraa,3,3,100.0,1,33.3,6.1,79.2,1,33.3,1,0,0,1,0,0,33.3,0.0,0.0,0
TN615754,Gafsa,Metlaoui,Krichet Naam,1,1,100.0,1,100.0,20.7,100.0,1,100.0,1,0,0,1,0,0,100.0,0.0,0.0,0
TN615755,Gafsa,Metlaoui,Cite El Amel Ouest,2,2,100.0,2,100.0,34.2,100.0,2,100.0,2,0,0,2,0,0,100.0,0.0,0.0,0
TN615756,Gafsa,Metlaoui,Cite El Amel Est,7,7,100.0,1,14.3,2.6,51.3,1,14.3,1,0,0,1,0,0,14.3,0.0,0.0,0
TN615757,Gafsa,Metlaoui,Thalja,5,4,80.0,4,100.0,51.0,100.0,4,100.0,4,0,0,4,0,0,100.0,0.0,0.0,0
TN615758,Gafsa,Metlaoui,Oued El Arta,2,2,100.0,2,100.0,34.2,100.0,2,100.0,2,0,0,2,0,0,100.0,0.0,0.0,0
TN615759,Gafsa,Metlaoui,El Magroun,2,2,100.0,1,50.0,9.5,90.5,1,50.0,1,0,0,1,0,0,50.0,0.0,0.0,0
TN615851,Gafsa,Mdhilla,Mdhila Centre,5,5,100.0,3,60.0,23.1,88.2,3,60.0,3,0,0,3,0,0,60.0,0.0,0.0,0
TN615852,Gafsa,Mdhilla,Cite Des Travailleurs,6,6,100.0,2,33.3,9.7,70.0,2,33.3,2,0,0,2,0,0,33.3,0.0,0.0,0
TN615853,Gafsa,Mdhilla,Sahib,2,2,100.0,2,100.0,34.2,100.0,5,250.0,5,0,0,2,0,0,100.0,0.0,0.0,0
TN615854,Gafsa,Mdhilla,El Segui,1,1,100.0,0,0.0,0.0,79.3,0,0.0,0,0,0,0,0,0,0.0,0.0,0.0,0
TN615951,Gafsa,Guetar,El Guetar Ouest,6,6,100.0,3,50.0,18.8,81.2,3,50.0,3,0,0,3,0,0,50.0,0.0,0.0,0
TN615952,Gafsa,Guetar,El Ortos,2,2,100.0,1,50.0,9.5,90.5,1,50.0,1,0,0,1,0,0,50.0,0.0,0.0,0
TN615953,Gafsa,Guetar,El Guetar Est,4,4,100.0,1,25.0,4.6,69.9,1,25.0,1,0,0,1,0,0,25.0,0.0,0.0,0
TN615954,Gafsa,Guetar,El Ongue,2,2,100.0,0,0.0,0.0,65.8,0,0.0,0,0,0,0,0,0,0.0,0.0,0.0,0
TN615955,Gafsa,Guetar,Es-Saket,2,2,100.0,1,50.0,9.5,90.5,1,50.0,1,0,0,1,0,0,50.0,0.0,0.0,0
TN615956,Gafsa,Guetar,Bir Saad,2,2,100.0,2,100.0,34.2,100.0,2,100.0,2,0,0,2,0,0,100.0,0.0,0.0,0
TN616051,Gafsa,Belkhir,El Ayaicha,4,4,100.0,4,100.0,51.0,100.0,5,125.0,5,0,0,4,0,0,100.0,0.0,0.0,0
TN616052,Gafsa,Belkhir,Belkhir,4,4,100.0,3,75.0,30.1,95.4,3,75.0,3,0,0,3,0,0,75.0,0.0,0.0,0
TN616053,Gafsa,Belkhir,Et-Talh Est,2,2,100.0,1,50.0,9.5,90.5,1,50.0,1,0,0,1,0,0,50.0,0.0,0.0,0
TN616054,Gafsa,Belkhir,Et-Talh Ouest,5,5,100.0,5,100.0,56.6,100.0,6,120.0,6,0,0,5,0,0,100.0,0.0,0.0,0
TN616055,Gafsa,Belkhir,Jbilet Ouest,3,3,100.0,2,66.7,20.8,93.9,2,66.7,2,0,0,2,0,0,66.7,0.0,0.0,1
TN616056,Gafsa,Belkhir,Ouled El Hadj,2,2,100.0,2,100.0,34.2,100.0,3,150.0,3,0,0,2,0,0,100.0,0.0,0.0,0
TN616151,Gafsa,Sened,Sned,9,9,100.0,7,77.8,45.3,93.7,7,77.8,7,0,0,7,0,0,77.8,0.0,0.0,0
TN616152,Gafsa,Sened,Sned-Nord,1,1,100.0,1,100.0,20.7,100.0,1,100.0,1,0,0,1,0,0,100.0,0.0,0.0,0
TN616153,Gafsa,Sened,Sanouche,5,5,100.0,5,100.0,56.6,100.0,5,100.0,5,0,0,5,0,0,100.0,0.0,0.0,0
TN616154,Gafsa,Sened,Djedida,4,4,100.0,3,75.0,30.1,95.4,3,75.0,3,0,0,3,0,0,75.0,0.0,0.0,0
TN616155,Gafsa,Sened,Abdessadok,6,6,100.0,3,50.0,18.8,81.2,3,50.0,3,0,0,3,0,0,50.0,0.0,0.0,0
TN616156,Gafsa,Sened,Majoura,7,7,100.0,7,100.0,64.6,100.0,11,157.1,11,0,0,7,0,0,100.0,0.0,0.0,0
TN616157,Gafsa,Sened,Alim,7,7,100.0,7,100.0,64.6,100.0,7,100.0,7,0,0,7,0,0,100.0,0.0,0.0,0
TN625151,Tozeur,Tozeur,Masghouna,1,1,100.0,1,100.0,20.7,100.0,1,100.0,1,0,0,1,0,0,100.0,0.0,0.0,0
TN625152,Tozeur,Tozeur,Ez-Zebda,2,2,100.0,2,100.0,34.2,100.0,2,100.0,2,0,0,2,0,0,100.0,0.0,0.0,0
TN625153,Tozeur,Tozeur,El Habaila,2,2,100.0,2,100.0,34.2,100.0,2,100.0,2,0,0,2,0,0,100.0,0.0,0.0,0
TN625154,Tozeur,Tozeur,El Haouadef,3,3,100.0,0,0.0,0.0,56.2,0,0.0,0,0,0,0,0,0,0.0,0.0,0.0,0
TN625155,Tozeur,Tozeur,El Keitna,1,1,100.0,1,100.0,20.7,100.0,1,100.0,1,0,0,1,0,0,100.0,0.0,0.0,0
TN625156,Tozeur,Tozeur,Ras Draa-Helba,3,3,100.0,3,100.0,43.8,100.0,3,100.0,3,0,0,3,0,0,100.0,0.0,0.0,0
TN625157,Tozeur,Tozeur,El Ezdihar,6,6,100.0,5,83.3,43.6,97.0,5,83.3,5,0,0,5,0,0,83.3,0.0,0.0,0
TN625158,Tozeur,Tozeur,Cite L'Aeroport,8,8,100.0,6,75.0,40.9,92.9,6,75.0,6,0,0,6,0,0,75.0,0.0,0.0,0
TN625159,Tozeur,Tozeur,Ech-Chabia,5,5,100.0,4,80.0,37.6,96.4,4,80.0,3,0,1,3,0,1,60.0,0.0,20.0,0
TN625160,Tozeur,Tozeur,El-Hadher,5,5,100.0,3,60.0,23.1,88.2,3,60.0,2,0,1,2,0,1,40.0,0.0,20.0,0
TN625251,Tozeur,Degueche,Degach Nord,3,3,100.0,3,100.0,43.8,100.0,3,100.0,3,0,0,3,0,0,100.0,0.0,0.0,0
TN625252,Tozeur,Degueche,Degach Sud,4,4,100.0,4,100.0,51.0,100.0,7,175.0,7,0,0,4,0,0,100.0,0.0,0.0,0
TN625253,Tozeur,Degueche,Sebaa Abar,4,4,100.0,4,100.0,51.0,100.0,4,100.0,4,0,0,4,0,0,100.0,0.0,0.0,0
TN625254,Tozeur,Degueche,El Mahassen,4,4,100.0,3,75.0,30.1,95.4,4,100.0,4,0,0,3,0,0,75.0,0.0,0.0,0
TN625255,Tozeur,Degueche,Bou Helal,4,4,100.0,3,75.0,30.1,95.4,3,75.0,3,0,0,3,0,0,75.0,0.0,0.0,0
TN625256,Tozeur,Degueche,El Hamma,4,4,100.0,3,75.0,30.1,95.4,3,75.0,3,0,0,3,0,0,75.0,0.0,0.0,0
TN625257,Tozeur,Degueche,Chakmou,1,1,100.0,1,100.0,20.7,100.0,1,100.0,1,0,0,1,0,0,100.0,0.0,0.0,0
TN625258,Tozeur,Degueche,Dghoumes,3,3,100.0,0,0.0,0.0,56.2,0,0.0,0,0,0,0,0,0,0.0,0.0,0.0,0
TN625259,Tozeur,Degueche,En-Namlat,2,2,100.0,2,100.0,34.2,100.0,2,100.0,2,0,0,2,0,0,100.0,0.0,0.0,0
TN625351,Tozeur,Tamaghza,Tameghza,3,3,100.0,3,100.0,43.8,100.0,3,100.0,3,0,0,3,0,0,100.0,0.0,0.0,0
TN625352,Tozeur,Tamaghza,Chebika,2,2,100.0,2,100.0,34.2,100.0,2,100.0,2,0,0,2,0,0,100.0,0.0,0.0,0
TN625353,Tozeur,Tamaghza,Midas,1,1,100.0,1,100.0,20.7,100.0,1,100.0,1,0,0,1,0,0,100.0,0.0,0.0,0
TN625354,Tozeur,Tamaghza,Ain El Karma,2,2,100.0,0,0.0,0.0,65.8,0,0.0,0,0,0,0,0,0,0.0,0.0,0.0,0
TN625356,Tozeur,Tamaghza,Er-Remitha,1,1,100.0,1,100.0,20.7,100.0,1,100.0,1,0,0,1,0,0,100.0,0.0,0.0,0
TN625451,Tozeur,Nefta,Chafai Ech-Cherif,3,3,100.0,2,66.7,20.8,93.9,2,66.7,2,0,0,2,0,0,66.7,0.0,0.0,0
TN625453,Tozeur,Nefta,El Ouaha,2,2,100.0,2,100.0,34.2,100.0,2,100.0,2,0,0,2,0,0,100.0,0.0,0.0,0
TN625454,Tozeur,Nefta,Es-Seni,2,2,100.0,1,50.0,9.5,90.5,1,50.0,1,0,0,1,0,0,50.0,0.0,0.0,0
TN625455,Tozeur,Nefta,El Ayoun,2,2,100.0,1,50.0,9.5,90.5,1,50.0,1,0,0,1,0,0,50.0,0.0,0.0,0
TN625456,Tozeur,Nefta,Ettahir,2,2,100.0,2,100.0,34.2,100.0,2,100.0,1,0,1,1,0,1,50.0,0.0,50.0,0
TN625457,Tozeur,Nefta,El-Assil,2,2,100.0,1,50.0,9.5,90.5,1,50.0,1,0,0,1,0,0,50.0,0.0,0.0,0
TN625458,Tozeur,Nefta,El Khadar Ben Houssine,4,3,75.0,1,33.3,6.1,79.2,1,33.3,1,0,0,1,0,0,33.3,0.0,0.0,0
TN625551,Tozeur,Hazoua,Hazoua,3,3,100.0,2,66.7,20.8,93.9,2,66.7,2,0,0,2,0,0,66.7,0.0,0.0,0
TN625552,Tozeur,Hazoua,Hattem,2,2,100.0,1,50.0,9.5,90.5,1,50.0,1,0,0,1,0,0,50.0,0.0,0.0,0
TN625553,Tozeur,Hazoua,Ain Ouled El Ggerissi,1,1,100.0,1,100.0,20.7,100.0,1,100.0,1,0,0,1,0,0,100.0,0.0,0.0,0
TN635151,Kebili,Kebili Sud,Kebili Sud,4,4,100.0,3,75.0,30.1,95.4,7,175.0,4,0,3,3,0,3,75.0,0.0,75.0,0
TN635152,Kebili,Kebili Sud,Bazma,4,4,100.0,4,100.0,51.0,100.0,8,200.0,7,0,1,4,0,1,100.0,0.0,25.0,0
TN635153,Kebili,Kebili Sud,Jemna Nord,2,2,100.0,1,50.0,9.5,90.5,1,50.0,1,0,0,1,0,0,50.0,0.0,0.0,0
TN635154,Kebili,Kebili Sud,Jemna Sud,3,3,100.0,1,33.3,6.1,79.2,1,33.3,1,0,0,1,0,0,33.3,0.0,0.0,1
TN635155,Kebili,Kebili Sud,Bechelli,4,4,100.0,0,0.0,0.0,49.0,0,0.0,0,0,0,0,0,0,0.0,0.0,0.0,0
TN635156,Kebili,Kebili Sud,Jersine,2,2,100.0,2,100.0,34.2,100.0,5,250.0,3,0,2,2,0,2,100.0,0.0,100.0,0
TN635157,Kebili,Kebili Sud,El Blidete,3,3,100.0,2,66.7,20.8,93.9,3,100.0,3,0,0,2,0,0,66.7,0.0,0.0,0
TN635158,Kebili,Kebili Sud,Beni Mehemed,3,3,100.0,1,33.3,6.1,79.2,1,33.3,0,0,1,0,0,1,0.0,0.0,33.3,0
TN635159,Kebili,Kebili Sud,Janoura,3,3,100.0,3,100.0,43.8,100.0,5,166.7,3,0,2,3,0,2,100.0,0.0,66.7,0
TN635251,Kebili,Kebili Nord,Kebeli Nord,4,4,100.0,4,100.0,51.0,100.0,8,200.0,4,0,4,4,0,4,100.0,0.0,100.0,0
TN635252,Kebili,Kebili Nord,El Mansoura,4,4,100.0,4,100.0,51.0,100.0,6,150.0,4,0,2,4,0,2,100.0,0.0,50.0,0
TN635253,Kebili,Kebili Nord,Errabta,2,2,100.0,2,100.0,34.2,100.0,3,150.0,2,0,1,2,0,1,100.0,0.0,50.0,0
TN635254,Kebili,Kebili Nord,Tonbar,3,3,100.0,3,100.0,43.8,100.0,4,133.3,3,0,1,3,0,1,100.0,0.0,33.3,0
TN635255,Kebili,Kebili Nord,Limagues Estiffimia,2,2,100.0,2,100.0,34.2,100.0,4,200.0,2,0,2,2,0,2,100.0,0.0,100.0,0
TN635256,Kebili,Kebili Nord,Telmine,2,2,100.0,1,50.0,9.5,90.5,1,50.0,0,0,1,0,0,1,0.0,0.0,50.0,1
TN635257,Kebili,Kebili Nord,Tenbib,2,2,100.0,2,100.0,34.2,100.0,3,150.0,2,0,1,2,0,1,100.0,0.0,50.0,0
TN635258,Kebili,Kebili Nord,Saidane,4,4,100.0,1,25.0,4.6,69.9,1,25.0,1,0,0,1,0,0,25.0,0.0,0.0,0
TN635259,Kebili,Kebili Nord,El Gattaya,1,1,100.0,1,100.0,20.7,100.0,1,100.0,1,0,0,1,0,0,100.0,0.0,0.0,0
TN635260,Kebili,Kebili Nord,Kebeli Est,5,5,100.0,5,100.0,56.6,100.0,8,160.0,5,0,3,5,0,3,100.0,0.0,60.0,0
TN635351,Kebili,Souk El Ahed,El Menchia,6,6,100.0,6,100.0,61.0,100.0,7,116.7,1,0,6,1,0,6,16.7,0.0,100.0,0
TN635352,Kebili,Souk El Ahed,Bou Abdellah,7,7,100.0,5,71.4,35.9,91.8,5,71.4,0,0,5,0,0,5,0.0,0.0,71.4,1
TN635353,Kebili,Souk El Ahed,Oum Essoumaa,6,6,100.0,4,66.7,30.0,90.3,5,83.3,0,0,5,0,0,4,0.0,0.0,66.7,0
TN635354,Kebili,Souk El Ahed,Ezzaouaia,2,2,100.0,1,50.0,9.5,90.5,1,50.0,0,0,1,0,0,1,0.0,0.0,50.0,0
TN635355,Kebili,Souk El Ahed,Bechri,4,4,100.0,1,25.0,4.6,69.9,1,25.0,0,0,1,0,0,1,0.0,0.0,25.0,0
TN635356,Kebili,Souk El Ahed,Fatnassa,3,3,100.0,2,66.7,20.8,93.9,2,66.7,0,0,2,0,0,2,0.0,0.0,66.7,1
TN635357,Kebili,Souk El Ahed,Negga,4,4,100.0,2,50.0,15.0,85.0,2,50.0,0,0,2,0,0,2,0.0,0.0,50.0,0
TN635451,Kebili,Douz Nord,Douz Est,6,6,100.0,4,66.7,30.0,90.3,4,66.7,3,0,1,3,0,1,50.0,0.0,16.7,0
TN635452,Kebili,Douz Nord,El Golaa,8,8,100.0,1,12.5,2.2,47.1,1,12.5,0,0,1,0,0,1,0.0,0.0,12.5,1
TN635453,Kebili,Douz Nord,El Aouina Nord,3,3,100.0,1,33.3,6.1,79.2,2,66.7,1,0,1,1,0,1,33.3,0.0,33.3,0
TN635454,Kebili,Douz Nord,El Aouina Sud,5,5,100.0,2,40.0,11.8,76.9,3,60.0,1,0,2,1,0,2,20.0,0.0,40.0,0
TN635455,Kebili,Douz Nord,El Abadla,4,4,100.0,1,25.0,4.6,69.9,2,50.0,1,0,1,1,0,1,25.0,0.0,25.0,1
TN635551,Kebili,Douz Sud,Douz Ouest,5,5,100.0,1,20.0,3.6,62.4,1,20.0,0,0,1,0,0,1,0.0,0.0,20.0,0
TN635552,Kebili,Douz Sud,El Adhara,4,4,100.0,3,75.0,30.1,95.4,3,75.0,2,0,1,2,0,1,50.0,0.0,25.0,0
TN635554,Kebili,Douz Sud,Nouil Nord,2,2,100.0,2,100.0,34.2,100.0,2,100.0,2,0,0,2,0,0,100.0,0.0,0.0,0
TN635555,Kebili,Douz Sud,Nouil Sud,2,2,100.0,2,100.0,34.2,100.0,3,150.0,3,0,0,2,0,0,100.0,0.0,0.0,0
TN635651,Kebili,Faouar,Sabria Ouest,4,4,100.0,4,100.0,51.0,100.0,4,100.0,4,0,0,4,0,0,100.0,0.0,0.0,0
TN635652,Kebili,Faouar,Sabria Est,2,2,100.0,0,0.0,0.0,65.8,0,0.0,0,0,0,0,0,0,0.0,0.0,0.0,0
TN635653,Kebili,Faouar,Gharib,3,3,100.0,0,0.0,0.0,56.2,0,0.0,0,0,0,0,0,0,0.0,0.0,0.0,0
TN635654,Kebili,Faouar,Gueidma,3,3,100.0,0,0.0,0.0,56.2,0,0.0,0,0,0,0,0,0,0.0,0.0,0.0,0
TN635655,Kebili,Faouar,Rejim Maatoug,5,5,100.0,2,40.0,11.8,76.9,2,40.0,2,0,0,2,0,0,40.0,0.0,0.0,0
TN635656,Kebili,Faouar,El Matrouha,1,1,100.0,0,0.0,0.0,79.3,0,0.0,0,0,0,0,0,0,0.0,0.0,0.0,0
TN635657,Kebili,Faouar,Bichni-Edarjin,3,3,100.0,3,100.0,43.8,100.0,4,133.3,3,0,1,3,0,1,100.0,0.0,33.3,0
