bureau_code,reps_rows_filled,rep_row1,rep_row2,rep_row3,row1_score,row2_score,row3_score,register_cc,row_shift
01010110201,1,1,0,0,0.03872,0.00000,0.00000,0.9275,0
01010110202,0,0,0,0,0.00000,0.00240,0.00693,0.9699,-1
01010110203,1,1,0,0,0.14505,0.00000,0.00000,0.9424,2
01010110204,0,0,0,0,0.00000,0.00000,0.00000,0.9206,1
01010110205,1,1,0,0,0.01663,0.00913,0.00238,0.9623,-1
0101011205,1,1,0,0,0.01663,0.00913,0.00238,0.9623,-1
01010210101,1,1,0,0,0.08083,0.00000,0.00000,0.9631,-2
01010310101,1,1,0,0,0.06374,0.00000,0.00000,0.9733,1
01010310102,0,0,0,0,0.00000,0.00000,0.00000,0.9318,-1
01010410101,0,0,0,0,0.00000,0.00000,0.00000,0.9478,0
01010410102,0,0,0,0,0.00000,0.00000,0.00000,0.9161,1
01010410103,1,1,0,0,0.14524,0.00000,0.00000,0.8956,0
01010510101,1,1,0,0,0.10984,0.00000,0.00000,0.7699,6
01010510102,0,0,0,0,0.00000,0.00000,0.00000,0.9546,-1
01020110101,1,1,0,0,0.09567,0.00000,0.00000,0.9901,-1
01020110102,0,0,0,0,0.00000,0.00000,0.00000,0.9837,2
01020110103,1,1,0,0,0.01179,0.00000,0.00000,0.9798,0
01020110104,0,0,0,0,0.00000,0.00000,0.00000,0.9839,-1
01020110201,1,1,0,0,0.10875,0.00000,0.00000,0.9830,1
01020110202,1,1,0,0,0.01839,0.00000,0.00000,0.9637,-4
01020110203,1,1,0,0,0.12057,0.00000,0.00000,0.9748,1
01020110301,1,1,0,0,0.06818,0.00000,0.00000,0.9769,1
01020110302,0,0,0,0,0.00000,0.00000,0.00000,0.9925,-1
01020110303,1,1,0,0,0.09451,0.00000,0.00000,0.9819,0
01020210101,0,0,0,0,0.00000,0.00000,0.00000,0.9731,-2
01020210102,1,1,0,0,0.09112,0.00000,0.00000,0.9876,-1
01020210103,0,0,0,0,0.00000,0.00000,0.00000,0.9828,0
01020210104,0,0,0,0,0.00000,0.00000,0.00000,0.9657,2
01020210105,1,1,0,0,0.05682,0.00219,0.00000,0.9872,0
01020210106,2,1,1,0,0.09451,0.06856,0.00000,0.9921,-1
01020210201,1,1,0,0,0.07517,0.00000,0.00000,0.9892,-1
01020210202,1,1,0,0,0.11644,0.00000,0.00000,0.9881,0
01020210203,0,0,0,0,0.00000,0.00000,0.00000,0.9733,2
01020210204,1,1,0,0,0.09670,0.00000,0.00000,0.9759,0
01020210205,0,0,0,0,0.00000,0.00000,0.00000,0.9692,2
01020210206,0,0,0,0,0.00000,0.00000,0.00000,0.9846,-2
01020210207,0,0,0,0,0.00000,0.00000,0.00000,0.9811,1
01020210301,1,1,0,0,0.09318,0.00000,0.00000,0.9734,2
01020210302,1,1,0,0,0.10165,0.00000,0.00000,0.9545,1
01020210303,0,0,0,0,0.00000,0.00000,0.00000,0.9743,1
01020210304,2,1,1,0,0.10251,0.11390,0.00000,0.9822,-1
01020210305,0,0,0,0,0.00000,0.00000,0.00000,0.9870,-1
01020210306,0,0,0,0,0.00440,0.00000,0.00000,0.9712,0
01020210401,1,1,0,0,0.06388,0.00000,0.00000,0.9857,1
01020310101,1,1,0,0,0.09567,0.00000,0.00000,0.9882,-2
01020310102,1,1,0,0,0.12939,0.00000,0.00219,0.9715,-1
01020310201,1,1,0,0,0.13501,0.00000,0.00000,0.9928,1
01020310301,1,1,0,0,0.08656,0.00000,0.00000,0.9917,-1
01020310302,1,1,0,0,0.11429,0.00000,0.00000,0.9826,1
01020310303,1,1,0,0,0.10377,0.00000,0.00000,0.9741,2
01020310401,1,1,0,0,0.10330,0.00000,0.00000,0.9876,-1
01020310402,2,1,1,0,0.05923,0.08636,0.00877,0.9647,1
01020310501,1,1,0,0,0.08200,0.00000,0.00000,0.9730,1
01020310502,1,1,0,0,0.12736,0.00000,0.00000,0.9765,2
01020310601,1,1,0,0,0.09890,0.00000,0.00000,0.9756,1
01020310602,0,0,0,0,0.00000,0.00000,0.00000,0.9647,2
01020310603,0,0,0,0,0.00000,0.00000,0.00000,0.9626,2
01020410101,0,0,0,0,0.00000,0.00000,0.00000,0.9866,0
01020410201,0,0,0,0,0.00000,0.00000,0.00000,0.9712,-1
01020410202,1,1,0,0,0.14318,0.00000,0.00000,0.9804,0
01020410203,0,0,0,0,0.00000,0.00000,0.00000,0.9845,0
01020410204,1,1,0,0,0.05921,0.00000,0.00000,0.9758,1
01020410205,0,0,0,0,0.00000,0.00000,0.00000,0.9854,-1
01020410206,0,0,0,0,0.00000,0.00000,0.00000,0.9799,0
01020410301,1,1,0,0,0.12736,0.00000,0.00000,0.9769,-1
01020410302,1,1,0,0,0.09545,0.00000,0.00000,0.9842,-2
01020410303,0,0,0,0,0.00000,0.00000,0.00000,0.9643,0
01020510101,0,0,0,0,0.00000,0.00000,0.00000,0.9650,2
01020510102,0,0,0,0,0.00000,0.00000,0.00000,0.9806,0
01020510103,1,1,0,0,0.14318,0.00000,0.00000,0.9743,0
01020510104,1,0,1,0,0.00228,0.01974,0.00219,0.9800,0
01020610101,0,0,0,0,0.00000,0.00000,0.00219,0.9805,1
01020610102,0,0,0,0,0.00000,0.00000,0.00000,0.9908,0
01020610103,0,0,0,0,0.00000,0.00000,0.00000,0.9785,-1
01020710101,1,1,0,0,0.08656,0.00000,0.00000,0.9825,0
01020710102,0,0,0,0,0.00000,0.00000,0.00000,0.9725,5
01020710103,1,1,0,0,0.10000,0.00000,0.00000,0.9775,1
01020810101,0,0,0,0,0.00000,0.00000,0.00000,0.9815,1
01020810102,0,0,0,0,0.00000,0.00000,0.00000,0.9870,2
01020910101,1,1,0,0,0.12766,0.00000,0.00000,0.9701,0
01020910102,1,1,0,0,0.15059,0.00000,0.00000,0.9687,1
01020910103,1,1,0,0,0.12955,0.00000,0.00000,0.9839,0
01030110101,0,0,0,0,0.00000,0.00000,0.00000,0.9924,0
01030110102,1,1,0,0,0.09836,0.00000,0.00000,0.9867,1
01030110103,1,1,0,0,0.09133,0.00000,0.00000,0.9879,1
01030110104,1,1,0,0,0.12190,0.00000,0.00000,0.9893,-1
01030110105,1,1,0,0,0.06306,0.00000,0.00000,0.9903,1
01030110106,3,1,1,1,0.02576,0.02576,0.01405,0.9802,0
01030110107,2,1,1,0,0.14317,0.06982,0.00000,0.9907,1
01030110108,1,1,0,0,0.08333,0.00000,0.00000,0.9833,0
01030110109,0,0,0,0,0.00468,0.00000,0.00000,0.9858,0
01030110110,1,1,0,0,0.16667,0.00000,0.00000,0.9820,1
01030210101,1,1,0,0,0.08019,0.00000,0.00000,0.9730,1
01030210102,1,1,0,0,0.10023,0.00000,0.00000,0.9743,0
01030210103,1,1,0,0,0.08991,0.00000,0.00000,0.9839,0
01030310101,1,1,0,0,0.06546,0.00000,0.00000,0.9890,1
01030310102,1,1,0,0,0.12162,0.00000,0.00000,0.9810,1
01030410101,1,1,0,0,0.01139,0.00229,0.00000,0.9894,0
01030410102,1,1,0,0,0.08884,0.00000,0.00000,0.9373,1
01030410103,1,1,0,0,0.02500,0.00440,0.00000,0.9797,-1
01030410104,1,1,0,0,0.02733,0.00000,0.00000,0.9798,0
01030510101,1,1,0,0,0.18925,0.00000,0.00000,0.9840,1
01030510102,0,0,0,0,0.00000,0.00000,0.00000,0.9759,0
01030510103,1,1,0,0,0.19438,0.00000,0.00000,0.9796,1
01030510201,1,1,0,0,0.11944,0.00000,0.00000,0.9809,0
01030610101,1,1,0,0,0.07026,0.00000,0.00000,0.9822,-1
01030610102,0,0,0,0,0.00000,0.00000,0.00000,0.9838,-1
01030610103,1,1,0,0,0.02342,0.00000,0.00000,0.9057,4
01030610201,1,1,0,0,0.09929,0.00000,0.00000,0.9851,0
01030610202,0,0,0,0,0.00000,0.00000,0.00000,0.9822,-1
01030610301,0,0,0,0,0.00000,0.00000,0.00000,0.9854,-1
01040110101,0,0,0,0,0.00000,0.00000,0.00000,0.9541,2
01040110102,0,0,0,0,0.00000,0.00000,0.00000,0.9507,2
01040110103,0,0,0,0,0.00000,0.00000,0.00000,0.9400,3
01040110104,0,0,0,0,0.00000,0.00000,0.00000,0.9249,2
01040110105,0,0,0,0,0.00000,0.00000,0.00000,0.9323,2
01040210101,0,0,0,0,0.00000,0.00000,0.00000,0.9394,3
01040210102,0,0,0,0,0.00000,0.00000,0.00000,0.8972,3
01040210201,0,0,0,0,0.00000,0.00000,0.00000,0.9391,3
01040210202,0,0,0,0,0.00000,0.00000,0.00000,0.8907,3
01040310101,0,0,0,0,0.00000,0.00000,0.00000,0.9868,1
01040410101,1,1,0,0,0.06154,0.00000,0.00000,0.9533,1
01040510101,1,1,0,0,0.05455,0.00000,0.00000,0.9009,4
01040510102,1,1,0,0,0.08608,0.00000,0.00000,0.9465,2
01040510103,0,0,0,0,0.00000,0.00000,0.00000,0.9449,2
01040510104,0,0,0,0,0.00000,0.00000,0.00000,0.8965,4
01040510105,0,0,0,0,0.00000,0.00000,0.00000,0.9203,3
01040610101,1,1,0,0,0.08791,0.00000,0.00000,0.9287,3
01040610102,1,1,0,0,0.02506,0.00000,0.00000,0.9488,2
01040610103,1,1,0,0,0.05882,0.00000,0.00000,0.9528,2
01040610104,1,1,0,0,0.05275,0.00000,0.00000,0.9518,2
01040610105,0,0,0,0,0.00000,0.00000,0.00000,0.9368,3
01040610106,1,1,0,0,0.10023,0.00000,0.00000,0.9307,2
01050110101,0,0,0,0,0.00000,0.00000,0.00000,0.9768,1
01050110102,0,0,0,0,0.00000,0.00000,0.00000,0.9623,0
01050110103,1,1,0,0,0.03409,0.00000,0.00000,0.9424,2
01050110104,1,1,0,0,0.12045,0.00000,0.00000,0.9453,2
01050110105,1,1,0,0,0.06619,0.00000,0.00000,0.9680,1
01050110106,1,1,0,0,0.10402,0.00000,0.00000,0.9705,1
01050210101,3,1,1,1,0.04100,0.02114,0.06606,0.9586,1
01050210102,1,1,0,0,0.04481,0.00000,0.00000,0.9639,1
01050210103,1,1,0,0,0.12698,0.00000,0.00000,0.8576,6
01050210104,1,1,0,0,0.09112,0.00000,0.00000,0.9518,1
01050210201,1,1,0,0,0.07269,0.00000,0.00000,0.9376,1
01050210202,1,1,0,0,0.04728,0.00000,0.00000,0.9451,-1
01050210203,0,0,0,0,0.00000,0.00000,0.00000,0.9671,0
01050210204,1,1,0,0,0.03783,0.00000,0.00000,0.9718,1
01050210205,1,1,0,0,0.11442,0.00000,0.00000,0.9788,0
01050210301,1,1,0,0,0.11845,0.00000,0.00000,0.9591,1
01050310101,1,1,0,0,0.12736,0.00000,0.00000,0.9129,2
01050310102,1,1,0,0,0.04019,0.00000,0.00000,0.9698,0
01050310103,1,1,0,0,0.01535,0.00000,0.00000,0.9833,0
01050410101,0,0,0,0,0.00000,0.00000,0.00000,0.9664,1
01050410102,2,1,1,0,0.10909,0.14091,0.00000,0.9718,0
01050410103,0,0,0,0,0.00000,0.00000,0.00000,0.9729,1
01050410201,1,1,0,0,0.09567,0.00000,0.00000,0.9350,3
01050410202,1,1,0,0,0.05467,0.00000,0.00000,0.9789,1
01050410203,1,1,0,0,0.07547,0.00000,0.00000,0.8814,2
01050410301,2,1,1,0,0.02594,0.09906,0.00000,0.8956,2
01050510101,0,0,0,0,0.00000,0.00000,0.00000,0.9732,1
01050510102,0,0,0,0,0.00000,0.00000,0.00000,0.9623,1
01050510201,0,0,0,0,0.00000,0.00000,0.00000,0.9642,2
01050510202,1,1,0,0,0.03415,0.00000,0.00000,0.8832,3
01050510203,0,0,0,0,0.00000,0.00000,0.00000,0.9259,3
01050610101,1,1,0,0,0.06834,0.00000,0.00000,0.9626,1
01050610102,0,0,0,0,0.00000,0.00000,0.00000,0.9239,4
01050610201,1,1,0,0,0.07033,0.00000,0.00000,0.9706,0
01060110101,2,1,1,0,0.12747,0.12308,0.00000,0.9778,1
01060110102,1,1,0,0,0.01655,0.00440,0.00000,0.9783,-1
01060110103,1,1,0,0,0.11369,0.00000,0.00000,0.9786,1
01060210101,1,1,0,0,0.10251,0.00000,0.00000,0.9766,2
01060210102,1,1,0,0,0.07062,0.00000,0.00000,1.0000,-1
01060210103,2,1,1,0,0.16364,0.03636,0.00000,0.9906,1
01060210104,1,1,0,0,0.02128,0.00000,0.00000,0.9555,1
01060210105,1,1,0,0,0.11591,0.00000,0.00000,0.9699,1
01060210106,1,1,0,0,0.08428,0.00000,0.00000,0.9894,0
01060210107,1,1,0,0,0.04556,0.00000,0.00000,0.9353,2
01060310101,1,1,0,0,0.10682,0.00000,0.00000,0.9180,2
01060310102,1,1,0,0,0.13158,0.00000,0.00000,0.9724,1
01060410101,1,1,0,0,0.06798,0.00000,0.00000,0.9254,1
01060410102,1,1,0,0,0.10000,0.00000,0.00000,0.9775,2
01060410103,1,1,0,0,0.07801,0.00000,0.00000,0.9345,1
01060410104,1,1,0,0,0.13053,0.00000,0.00000,0.9213,3
01060410201,1,1,0,0,0.12530,0.00000,0.00000,0.9626,0
01060410202,2,1,1,0,0.13846,0.11321,0.00000,0.9621,1
01060410203,2,1,1,0,0.14773,0.13475,0.00000,0.9203,0
01060410204,0,0,0,0,0.00000,0.00000,0.00000,0.9889,0
01060510101,1,1,0,0,0.07473,0.00000,0.00000,0.9238,0
01060510102,2,1,1,0,0.07780,0.08132,0.00000,0.9840,-1
01060510103,0,0,0,0,0.00000,0.00000,0.00000,0.9861,-1
01060610101,1,1,0,0,0.03066,0.00000,0.00000,0.9788,2
01060610102,1,1,0,0,0.11751,0.00000,0.00000,0.9538,0
01060610201,0,0,0,0,0.00223,0.00000,0.00000,0.9690,1
01060610202,2,1,1,0,0.13409,0.13182,0.00000,0.9821,2
01060610203,1,1,0,0,0.04502,0.00000,0.00000,0.9644,0
01060610204,2,1,1,0,0.08447,0.10550,0.00000,0.9626,0
01060610205,1,1,0,0,0.15132,0.00000,0.00000,0.9778,3
01060610206,0,0,0,0,0.00278,0.00000,0.00000,0.9654,2
01060710101,2,1,1,0,0.14155,0.12530,0.00000,0.9655,1
01060710102,1,1,0,0,0.03645,0.00000,0.00000,0.9722,1
01060710201,1,1,0,0,0.11136,0.00000,0.00000,0.9654,1
01060710202,1,1,0,0,0.09112,0.00000,0.00000,0.9737,2
01060710203,1,1,0,0,0.11591,0.00000,0.00000,0.9781,2
01060810101,1,1,0,0,0.02721,0.00907,0.00000,0.9756,2
01060910101,2,1,1,0,0.12972,0.09929,0.00000,0.9787,1
01070110101,0,0,0,0,0.00000,0.00000,0.00000,0.9697,-3
01070110102,0,0,0,0,0.00000,0.00000,0.00000,0.9423,-2
01070110103,0,0,0,0,0.00000,0.00000,0.00000,0.9216,0
01070110104,1,1,0,0,0.05423,0.00000,0.00000,0.9583,2
01070110105,0,0,0,0,0.00000,0.00000,0.00000,0.9667,-1
01070110106,0,0,0,0,0.00000,0.00000,0.00000,0.8620,4
01070110201,2,1,1,0,0.11390,0.05687,0.00000,0.8982,0
01070110202,1,1,0,0,0.06865,0.00000,0.00000,0.8984,4
01070110203,0,0,0,0,0.00000,0.00000,0.00000,0.8697,3
01070110204,0,0,0,0,0.00000,0.00000,0.00000,0.9463,-1
01070210101,1,1,0,0,0.13656,0.00000,0.00000,0.9788,-1
01070210201,1,1,0,0,0.08945,0.00000,0.00000,0.9730,-2
01070210202,0,0,0,0,0.00000,0.00000,0.00000,0.9264,3
01070210203,0,0,0,0,0.00000,0.00000,0.00000,0.9065,2
01070210401,0,0,0,0,0.00000,0.00000,0.00238,0.9690,-2
01070310101,2,1,1,0,0.08811,0.03744,0.00000,0.9371,0
01070310102,0,0,0,0,0.00000,0.00000,0.00000,0.9572,-3
01070310103,0,0,0,0,0.00000,0.00000,0.00000,0.9490,-2
01070310104,0,0,0,0,0.00000,0.00220,0.00000,0.9377,1
01070310105,0,0,0,0,0.00000,0.00000,0.00000,0.9310,-2
01070310106,0,0,0,0,0.00219,0.00000,0.00000,0.7882,4
01070410101,0,0,0,0,0.00000,0.00000,0.00000,0.9600,1
01070410102,1,1,0,0,0.07094,0.00000,0.00000,0.9458,-1
01070410103,0,0,0,0,0.00000,0.00000,0.00000,0.9000,2
01070410104,0,0,0,0,0.00000,0.00000,0.00000,0.9527,0
01070510101,1,1,0,0,0.07110,0.00000,0.00000,0.9489,1
01070510102,1,1,0,0,0.14005,0.00000,0.00000,0.9506,-1
01070510201,0,0,0,0,0.00000,0.00000,0.00000,0.9297,-1
01070510202,0,0,0,0,0.00000,0.00000,0.00000,0.9111,-2
01070510203,1,1,0,0,0.13272,0.00000,0.00000,0.9001,0
01070610101,2,1,1,0,0.08571,0.12984,0.00000,0.9439,3
01070610201,1,1,0,0,0.09339,0.00000,0.00000,0.8133,6
01070610202,1,1,0,0,0.11163,0.00000,0.00000,0.9606,0
01070610203,0,0,0,0,0.00000,0.00000,0.00000,0.9822,-1
01070610301,1,1,0,0,0.10706,0.00000,0.00000,0.9552,-1
01070710101,1,1,0,0,0.06650,0.00000,0.00000,0.9711,-1
01070710102,0,0,0,0,0.00000,0.00000,0.00000,0.9039,1
01070710103,0,0,0,0,0.00000,0.00000,0.00000,0.9695,-1
01070710201,0,0,0,0,0.00000,0.00000,0.00000,0.9018,0
01070710202,0,0,0,0,0.00000,0.00000,0.00000,0.9149,1
01070710203,1,1,0,0,0.07780,0.00000,0.00000,0.9531,0
01070710204,0,0,0,0,0.00000,0.00000,0.00000,0.9477,-2
01070710205,0,0,0,0,0.00000,0.00000,0.00000,0.9478,-1
01070710301,0,0,0,0,0.00000,0.00244,0.00000,0.9270,1
01070710302,0,0,0,0,0.00000,0.00000,0.00000,0.9364,-1
01070810101,0,0,0,0,0.00000,0.00000,0.00000,0.9376,-2
01070810102,1,1,0,0,0.07109,0.00000,0.00000,0.9330,-2
01070810103,0,0,0,0,0.00000,0.00000,0.00000,0.9625,0
01070810104,0,0,0,0,0.00000,0.00000,0.00000,0.9417,-3
01070810105,0,0,0,0,0.00000,0.00000,0.00000,0.9655,-2
01080110101,0,0,0,0,0.00000,0.00000,0.00000,0.9328,3
01080110102,0,0,0,0,0.00000,0.00000,0.00000,0.8898,3
01080110103,0,0,0,0,0.00000,0.00000,0.00000,0.9454,1
01080210101,1,1,0,0,0.06863,0.00000,0.00000,0.9741,-1
01080210102,1,1,0,0,0.01182,0.00000,0.00000,0.9783,-1
01080210103,1,1,0,0,0.01229,0.00228,0.00000,0.9740,-1
01080210104,1,1,0,0,0.07583,0.00000,0.00000,0.9748,0
01080210105,1,1,0,0,0.06147,0.00000,0.00000,0.9625,0
01080210201,0,0,0,0,0.00000,0.00000,0.00000,0.9171,1
01080210202,1,1,0,0,0.04328,0.00000,0.00000,0.9576,2
01080210203,0,0,0,0,0.00000,0.00000,0.00000,0.9322,2
01080310101,1,1,0,0,0.07745,0.00000,0.00000,0.9558,1
01080310102,0,0,0,0,0.00000,0.00000,0.00000,0.9793,0
01080310103,0,0,0,0,0.00000,0.00000,0.00000,0.9735,1
01080310201,1,1,0,0,0.09339,0.00000,0.00000,0.9659,1
01080310202,0,0,0,0,0.00000,0.00000,0.00000,0.9809,-1
01080310203,0,0,0,0,0.00000,0.00000,0.00000,0.9093,3
01080410101,1,1,0,0,0.10526,0.00000,0.00000,0.9444,0
01080410102,1,1,0,0,0.04328,0.00000,0.00000,0.9421,2
01080410201,1,1,0,0,0.10682,0.00000,0.00000,0.9705,1
01080410202,1,1,0,0,0.03555,0.00000,0.00000,0.9471,-1
01080410203,1,1,0,0,0.08019,0.00000,0.00000,0.9246,3
01080410204,1,1,0,0,0.02071,0.00000,0.00000,0.9357,2
01080410205,1,1,0,0,0.06150,0.00000,0.00000,0.8808,3
01080410301,1,1,0,0,0.06383,0.00000,0.00000,0.9687,1
01080410302,1,1,0,0,0.01316,0.00708,0.00000,0.9033,3
01080410303,1,1,0,0,0.09220,0.00000,0.00000,0.9309,2
01080410304,1,1,0,0,0.07062,0.00000,0.00000,0.8547,2
01080510101,0,0,0,0,0.00000,0.00000,0.00000,0.9650,1
01080510102,0,0,0,0,0.00000,0.00000,0.00000,0.9512,1
01080510103,0,0,0,0,0.00000,0.00000,0.00000,0.9240,1
01080510104,0,0,0,0,0.00000,0.00000,0.00000,0.9680,-1
01080510105,0,0,0,0,0.00000,0.00000,0.00000,0.9682,1
01080510107,1,1,0,0,0.08009,0.00000,0.00000,0.9666,0
01080510108,0,0,0,0,0.00000,0.00000,0.00000,0.9697,1
01080610101,0,0,0,0,0.00000,0.00000,0.00000,0.9715,1
01080710101,1,1,0,0,0.08390,0.00000,0.00000,0.9333,3
01080710102,1,1,0,0,0.09817,0.00000,0.00000,0.9412,1
01080710103,1,1,0,0,0.08019,0.00000,0.00000,0.9147,2
01090110101,0,0,0,0,0.00000,0.00000,0.00000,0.9540,-2
01090210101,1,1,0,0,0.08274,0.00000,0.00000,0.9420,-1
01090210102,0,0,0,0,0.00000,0.00000,0.00000,0.9302,-1
01090210103,0,0,0,0,0.00000,0.00000,0.00000,0.8940,0
01090210104,0,0,0,0,0.00000,0.00000,0.00000,0.9825,2
01090310101,1,1,0,0,0.11765,0.00000,0.00000,0.9697,0
01090310102,0,0,0,0,0.00000,0.00000,0.00000,0.9739,-1
01090310103,0,0,0,0,0.00000,0.00000,0.00000,0.9603,0
01090310104,0,0,0,0,0.00000,0.00000,0.00000,0.9605,2
01090310105,0,0,0,0,0.00000,0.00000,0.00000,0.9598,-1
01090310106,0,0,0,0,0.00000,0.00000,0.00000,0.9046,-1
01090410101,1,1,0,0,0.05349,0.00000,0.00000,0.9741,-1
01090510101,1,1,0,0,0.08409,0.00000,0.00000,0.9747,1
01090610101,0,0,0,0,0.00000,0.00000,0.00000,0.9175,3
01090710101,0,0,0,0,0.00000,0.00000,0.00000,0.9583,-3
01090710102,0,0,0,0,0.00000,0.00000,0.00000,0.9387,0
01090710103,0,0,0,0,0.00000,0.00000,0.00000,0.9376,2
01090710104,0,0,0,0,0.00000,0.00000,0.00000,0.9630,0
01090710105,1,1,0,0,0.07565,0.00000,0.00000,0.8135,-1
01090810101,0,0,0,0,0.00000,0.00000,0.00000,0.9504,0
01090810102,0,0,0,0,0.00000,0.00000,0.00000,0.8962,1
01090810103,1,1,0,0,0.02025,0.00000,0.00000,0.8375,1
01090810201,1,1,0,0,0.08941,0.00000,0.00000,0.6504,5
01090910101,2,1,1,0,0.13436,0.02863,0.00000,0.9715,1
01090910102,0,0,0,0,0.00000,0.00000,0.00000,0.9547,-2
01090910103,0,0,0,0,0.00000,0.00000,0.00000,0.9639,-1
01090910104,0,0,0,0,0.00000,0.00000,0.00000,0.9639,-1
01090910105,0,0,0,0,0.00000,0.00000,0.00000,0.9502,1
0109100101,1,1,0,0,0.07783,0.00000,0.00000,0.9277,4
01091110101,0,0,0,0,0.00455,0.00000,0.00455,0.9741,1
01091110102,2,1,1,0,0.03864,0.02955,0.00000,0.9811,3
01091110103,1,1,0,0,0.05882,0.00000,0.00000,0.7877,3
01091210101,1,1,0,0,0.05708,0.00000,0.00000,0.9418,-1
01091210102,1,1,0,0,0.06794,0.00000,0.00000,0.9794,1
01091210103,1,1,0,0,0.07711,0.00239,0.00000,0.9415,-3
01100110101,1,1,0,0,0.12679,0.00000,0.00000,0.9513,-1
01100110102,1,1,0,0,0.07619,0.00000,0.00000,0.9762,-1
01100110103,0,0,0,0,0.00000,0.00000,0.00000,0.8915,2
01100110104,1,1,0,0,0.09005,0.00000,0.00000,0.9653,-2
01100110105,0,0,0,0,0.00000,0.00000,0.00000,0.9698,0
01100110106,0,0,0,0,0.00000,0.00000,0.00000,0.9698,-1
01100110107,1,0,0,1,0.00491,0.00713,0.01229,0.9646,-1
01100110108,0,0,0,0,0.00220,0.00220,0.00440,0.8989,0
01100210101,2,1,1,0,0.10909,0.06818,0.00000,0.9797,0
01100210102,2,1,1,0,0.04795,0.09132,0.00000,0.9676,1
01100210201,1,1,0,0,0.09091,0.00000,0.00000,0.9538,0
01100210202,1,1,0,0,0.12996,0.00000,0.00000,0.9613,-1
01100310101,1,1,0,0,0.06398,0.00000,0.00000,0.9523,0
01100310102,0,0,0,0,0.00000,0.00000,0.00000,0.9502,-1
01100310103,1,0,0,1,0.00000,0.00000,0.08294,0.9308,0
01100310104,1,1,0,0,0.04557,0.00000,0.00000,0.9514,0
01100410101,1,1,0,0,0.05425,0.00236,0.00000,0.9827,1
01100410102,1,1,0,0,0.07621,0.00000,0.00000,0.9608,-2
01100410103,0,0,0,0,0.00000,0.00000,0.00000,0.9666,-1
01100410104,1,1,0,0,0.08696,0.00000,0.00000,0.9650,-1
01100410105,0,0,0,0,0.00000,0.00000,0.00000,0.9670,0
01100410106,0,0,0,0,0.00000,0.00000,0.00000,0.9532,-2
01100410107,0,0,0,0,0.00000,0.00000,0.00000,0.8711,-1
01100410108,0,0,0,0,0.00000,0.00000,0.00000,0.8974,0
01100410109,1,1,0,0,0.11390,0.00000,0.00000,0.9695,-2
01100410110,1,1,0,0,0.10023,0.00000,0.00000,0.8885,2
01100410201,0,0,0,0,0.00000,0.00000,0.00000,0.9681,0
01100410202,1,1,0,0,0.10968,0.00000,0.00000,0.9678,1
01100410203,1,1,0,0,0.06835,0.00000,0.00000,0.9662,-2
01100410204,1,1,0,0,0.07824,0.00000,0.00000,0.7934,2
01100410205,0,0,0,0,0.00000,0.00000,0.00000,0.9185,1
01100510101,3,1,1,1,0.12156,0.13470,0.13270,0.9596,-2
01100510102,3,1,1,1,0.09800,0.05568,0.07527,0.9701,-3
01100510103,2,1,1,0,0.09657,0.08000,0.00000,0.9332,0
01100510104,1,1,0,0,0.06368,0.00000,0.00000,0.9092,0
01100510105,1,1,0,0,0.08390,0.00000,0.00000,0.7469,3
01100610101,1,1,0,0,0.04185,0.00000,0.00000,0.9784,-1
01100610102,1,1,0,0,0.11982,0.00000,0.00000,0.9696,2
01100610103,0,0,0,0,0.00000,0.00000,0.00000,0.9465,-2
01100610104,0,0,0,0,0.00000,0.00000,0.00000,0.8914,0
01100610105,0,0,0,0,0.00000,0.00000,0.00000,0.9834,1
01100610201,1,1,0,0,0.14978,0.00000,0.00000,0.9504,-1
01100610202,1,1,0,0,0.07991,0.00000,0.00000,0.9278,2
01100610203,0,0,0,0,0.00000,0.00000,0.00000,0.9582,1
01100610204,0,0,0,0,0.00000,0.00000,0.00000,0.9430,2
01100610205,0,0,0,0,0.00000,0.00000,0.00000,0.9923,-1
01100610206,0,0,0,0,0.00000,0.00000,0.00000,0.9628,1
01100610207,1,1,0,0,0.05134,0.00000,0.00000,0.9391,3
01100610208,0,0,0,0,0.00000,0.00000,0.00000,0.9414,1
01100610209,0,0,0,0,0.00000,0.00000,0.00000,0.9004,2
01100610301,0,0,0,0,0.00000,0.00000,0.00000,0.9891,1
01100610303,1,1,0,0,0.08061,0.00000,0.00000,0.5303,8
01100610304,0,0,0,0,0.00000,0.00000,0.00000,0.9629,1
01100610305,0,0,0,0,0.00000,0.00000,0.00000,0.9277,2
01100710101,1,1,0,0,0.07092,0.00000,0.00000,0.9673,0
01100810101,0,0,0,0,0.00000,0.00000,0.00000,0.9144,1
01100810102,0,0,0,0,0.00000,0.00000,0.00000,0.8861,3
01100810103,0,0,0,0,0.00000,0.00000,0.00000,0.9243,2
01100810104,0,0,0,0,0.00000,0.00000,0.00000,0.9648,0
01100810105,0,0,0,0,0.00000,0.00000,0.00000,0.7732,2
01100810201,1,1,0,0,0.08511,0.00000,0.00000,0.9348,-2
01100810202,0,0,0,0,0.00997,0.00321,0.00641,0.9076,4
01100810203,2,1,0,1,0.01386,0.00000,0.01152,0.9622,-3
01100910101,0,0,0,0,0.00000,0.00000,0.00000,0.9718,-2
01100910102,1,1,0,0,0.11213,0.00000,0.00000,0.9433,-1
01100910103,1,1,0,0,0.11845,0.00000,0.00000,0.9194,-1
01100910201,0,0,0,0,0.00000,0.00000,0.00000,0.9189,1
01100910202,1,1,0,0,0.05708,0.00000,0.00000,0.9248,-1
01100910203,1,1,0,0,0.08612,0.00000,0.00000,0.9744,-2
01100910204,0,0,0,0,0.00000,0.00000,0.00000,0.9491,3
01100910205,0,0,0,0,0.00000,0.00000,0.00000,0.7966,0
01101010101,1,1,0,0,0.09795,0.00000,0.00000,0.9282,2
01110110101,1,1,0,0,0.07973,0.00000,0.00000,0.9369,1
01110210101,1,1,0,0,0.14725,0.00000,0.00000,0.9787,1
01110210102,0,0,0,0,0.00000,0.00000,0.00000,0.9764,-1
01110210104,1,1,0,0,0.04318,0.00000,0.00000,0.9713,0
01110210105,0,0,0,0,0.00000,0.00000,0.00000,0.9704,0
01110210201,1,1,0,0,0.09955,0.00000,0.00000,0.5415,12
01110210202,2,1,1,0,0.01591,0.01364,0.00682,0.9762,0
01110210203,0,0,0,0,0.00000,0.00000,0.00000,0.9556,0
01110210204,2,1,1,0,0.10909,0.05467,0.00000,0.9759,-1
01110210301,1,1,0,0,0.09339,0.00000,0.00000,0.9662,-1
01110210302,1,1,0,0,0.09112,0.00000,0.00000,0.9795,1
01110210303,0,0,0,0,0.00000,0.00000,0.00000,0.9634,-1
01110210304,0,0,0,0,0.00000,0.00000,0.00000,0.9845,-1
01110210305,0,0,0,0,0.00000,0.00000,0.00000,0.9838,-1
01110210401,0,0,0,0,0.00000,0.00000,0.00000,0.8853,5
01110310101,1,1,0,0,0.06150,0.00000,0.00000,0.9510,1
01110310102,0,0,0,0,0.00000,0.00000,0.00000,0.9723,-1
01110310103,0,0,0,0,0.00000,0.00000,0.00000,0.9783,-1
01110310201,0,0,0,0,0.00000,0.00000,0.00000,0.9204,2
01110310202,1,1,0,0,0.03774,0.00000,0.00000,0.9138,3
01110410101,0,0,0,0,0.00000,0.00000,0.00000,0.9530,0
01110410102,0,0,0,0,0.00000,0.00000,0.00000,0.9684,1
01110410103,0,0,0,0,0.00000,0.00000,0.00000,0.8735,4
01110410104,0,0,0,0,0.00000,0.00000,0.00000,0.9774,0
01110410105,0,0,0,0,0.00000,0.00000,0.00000,0.8733,2
01110410201,0,0,0,0,0.00000,0.00000,0.00000,0.9797,1
01110410202,1,1,0,0,0.13864,0.00000,0.00000,0.9781,1
01110410203,0,0,0,0,0.00000,0.00000,0.00000,0.9757,1
01110410301,0,0,0,0,0.00000,0.00000,0.00000,0.9551,1
01110510101,0,0,0,0,0.00000,0.00000,0.00000,0.9781,-1
01110510102,0,0,0,0,0.00000,0.00000,0.00000,0.9628,1
01110510103,0,0,0,0,0.00000,0.00000,0.00000,0.9726,1
01110510104,1,1,0,0,0.05896,0.00000,0.00000,0.9715,0
01110510201,0,0,0,0,0.00000,0.00000,0.00000,0.9838,-2
01110510202,0,0,0,0,0.00000,0.00000,0.00000,0.9608,0
01120110101,0,0,0,0,0.00000,0.00000,0.00000,0.9653,1
01120210101,0,0,0,0,0.00000,0.00000,0.00000,0.9173,3
01120210102,1,1,0,0,0.10478,0.00000,0.00000,0.9583,1
01120210103,2,1,1,0,0.03774,0.05366,0.00000,0.8694,3
01120210104,1,1,0,0,0.05660,0.00000,0.00000,0.9389,1
01120210105,0,0,0,0,0.00000,0.00000,0.00000,0.9632,0
01120210106,0,0,0,0,0.00000,0.00000,0.00000,0.9409,3
01120210107,1,1,0,0,0.17211,0.00000,0.00000,0.5368,11
01120210108,0,0,0,0,0.00000,0.00000,0.00000,0.9058,3
01120210109,1,1,0,0,0.09868,0.00000,0.00000,0.9289,2
01120210110,0,0,0,0,0.00000,0.00000,0.00000,0.9215,3
01120210111,0,0,0,0,0.00000,0.00000,0.00000,0.9717,0
01120210112,0,0,0,0,0.00000,0.00000,0.00000,0.9784,0
01120210113,0,0,0,0,0.00000,0.00000,0.00000,0.9600,1
01120310101,2,1,0,1,0.17312,0.00000,0.08428,0.9591,1
01120310102,0,0,0,0,0.00000,0.00000,0.00000,0.9688,1
01120310103,0,0,0,0,0.00000,0.00000,0.00000,0.9619,0
01120310104,0,0,0,0,0.00000,0.00000,0.00000,0.9932,-1
01120410101,0,0,0,0,0.00000,0.00000,0.00000,0.9758,0
01120410102,1,1,0,0,0.09091,0.00000,0.00000,0.8654,4
01120410201,1,1,0,0,0.10746,0.00000,0.00000,0.9703,1
01120410202,0,0,0,0,0.00000,0.00000,0.00000,0.9673,2
01120510101,0,0,0,0,0.00000,0.00000,0.00000,0.9710,1
01120510102,2,1,1,0,0.10849,0.07289,0.00000,0.9584,1
01120510103,0,0,0,0,0.00000,0.00000,0.00000,0.9578,1
01120510201,0,0,0,0,0.00000,0.00000,0.00000,0.9738,1
01120510202,0,0,0,0,0.00000,0.00000,0.00000,0.9740,1
01120610101,0,0,0,0,0.00000,0.00000,0.00000,0.9730,1
01120610102,1,1,0,0,0.04328,0.00000,0.00000,0.9147,3
01120610103,1,1,0,0,0.08636,0.00000,0.00000,0.9367,2
01121110301,1,1,0,0,0.08200,0.00000,0.00000,0.9155,1
01130110101,0,0,0,0,0.00000,0.00000,0.00232,0.9591,1
01130110102,0,0,0,0,0.00000,0.00000,0.00000,0.7696,6
01130110103,0,0,0,0,0.00000,0.00000,0.00000,0.9535,-1
01130110104,0,0,0,0,0.00000,0.00000,0.00000,0.9605,-2
01130110105,0,0,0,0,0.00000,0.00000,0.00000,0.9590,-2
01130210101,0,0,0,0,0.00000,0.00000,0.00000,0.9288,-2
01130210102,0,0,0,0,0.00000,0.00000,0.00000,0.9465,-1
01130210103,0,0,0,0,0.00000,0.00000,0.00000,0.7882,0
01130210104,0,0,0,0,0.00000,0.00000,0.00000,0.9474,0
01130210105,0,0,0,0,0.00000,0.00000,0.00000,0.9477,-3
01130310101,0,0,0,0,0.00000,0.00000,0.00000,0.9779,-2
01130410101,0,0,0,0,0.00000,0.00000,0.00000,0.9757,-2
01130510101,0,0,0,0,0.00000,0.00000,0.00000,0.9189,0
01130510102,0,0,0,0,0.00000,0.00000,0.00000,0.9577,1
01130510103,0,0,0,0,0.00000,0.00000,0.00000,0.9404,3
01130610101,1,1,0,0,0.10769,0.00000,0.00000,0.9260,2
01130610102,0,0,0,0,0.00000,0.00000,0.00000,0.9008,2
01130610103,1,1,0,0,0.02370,0.00000,0.00000,0.9694,0
01130610104,0,0,0,0,0.00000,0.00000,0.00000,0.8276,2
01130610105,0,0,0,0,0.00000,0.00000,0.00000,0.9621,-1
01130610106,0,0,0,0,0.00000,0.00000,0.00000,0.9608,1
01130610201,0,0,0,0,0.00000,0.00000,0.00000,0.8837,0
01130610202,1,1,0,0,0.07565,0.00000,0.00000,0.9286,-2
01130610203,0,0,0,0,0.00000,0.00000,0.00000,0.9238,1
01130610204,0,0,0,0,0.00000,0.00000,0.00000,0.9331,-2
01130710101,0,0,0,0,0.00000,0.00000,0.00000,0.9782,1
01130710102,0,0,0,0,0.00000,0.00000,0.00000,0.7609,2
01130810101,0,0,0,0,0.00000,0.00000,0.00000,0.9737,0
01130810102,0,0,0,0,0.00000,0.00000,0.00000,0.9724,1
01130810103,0,0,0,0,0.00000,0.00000,0.00000,0.9500,0
01130810104,0,0,0,0,0.00000,0.00000,0.00000,0.9752,-1
01130810105,0,0,0,0,0.00000,0.00000,0.00000,0.9190,4
01140110101,0,0,0,0,0.00000,0.00000,0.00000,0.9743,1
01140110102,0,0,0,0,0.00000,0.00000,0.00000,0.9802,0
01140110103,1,1,0,0,0.05000,0.00000,0.00000,0.9818,2
01140110104,1,1,0,0,0.14588,0.00000,0.00219,0.9749,2
01140110105,0,0,0,0,0.00000,0.00000,0.00000,0.9808,1
01140110106,0,0,0,0,0.00000,0.00000,0.00000,0.9792,0
01140110107,0,0,0,0,0.00000,0.00000,0.00000,0.9778,1
01140210101,1,1,0,0,0.14318,0.00000,0.00000,0.9809,2
01140310101,1,1,0,0,0.09112,0.00000,0.00000,0.8735,1
01140310102,1,1,0,0,0.05570,0.00000,0.00000,0.8612,0
01140310103,0,0,0,0,0.00000,0.00000,0.00000,0.9167,2
01140310104,0,0,0,0,0.00000,0.00000,0.00000,0.8969,1
01140310105,0,0,0,0,0.00000,0.00000,0.00000,0.9274,0
01140310201,1,1,0,0,0.10550,0.00000,0.00000,0.9666,-2
01140310202,0,0,0,0,0.00000,0.00000,0.00000,0.8683,-1
01140310203,0,0,0,0,0.00000,0.00000,0.00000,0.9781,-2
01140310204,0,0,0,0,0.00000,0.00000,0.00000,0.8875,0
01140310205,0,0,0,0,0.00000,0.00000,0.00000,0.8212,3
01140410101,0,0,0,0,0.00000,0.00000,0.00000,0.9023,0
01140510101,1,1,0,0,0.07820,0.00000,0.00000,0.9575,1
01140510102,0,0,0,0,0.00000,0.00228,0.00000,0.9453,2
01140510103,0,0,0,0,0.00000,0.00000,0.00000,0.9745,0
01140510104,0,0,0,0,0.00000,0.00000,0.00000,0.9196,2
01140510105,0,0,0,0,0.00000,0.00000,0.00000,0.9842,2
01140710101,1,1,0,0,0.01655,0.00000,0.00000,0.9280,1
01140810101,1,1,0,0,0.12273,0.00000,0.00000,0.9676,1
01140910101,1,1,0,0,0.05923,0.00000,0.00000,0.9325,3
01140910102,1,1,0,0,0.07745,0.00000,0.00000,0.8697,3
01140910103,1,1,0,0,0.06181,0.00000,0.00000,0.9792,0
01140910104,0,0,0,0,0.00000,0.00000,0.00000,0.9692,1
01140910105,0,0,0,0,0.00000,0.00000,0.00000,0.9633,-1
01140910106,1,1,0,0,0.03855,0.00000,0.00000,0.9656,0
01140910107,1,1,0,0,0.11818,0.00000,0.00000,0.9706,1
01141010101,0,0,0,0,0.00000,0.00000,0.00000,0.9663,1
01141110101,2,1,1,0,0.09773,0.12308,0.00000,0.9684,2
01150110101,0,0,0,0,0.00000,0.00000,0.00000,0.9485,2
01150110102,0,0,0,0,0.00000,0.00000,0.00000,0.9689,0
01150210101,0,0,0,0,0.00000,0.00000,0.00000,0.9728,0
01150210201,0,0,0,0,0.00000,0.00000,0.00000,0.9634,2
01150310101,0,0,0,0,0.00000,0.00000,0.00000,0.9739,-1
01150410101,0,0,0,0,0.00000,0.00000,0.00000,0.9716,1
01150510101,0,0,0,0,0.00000,0.00228,0.00236,0.9838,-1
01150510102,0,0,0,0,0.00000,0.00000,0.00000,0.9685,0
01150510103,0,0,0,0,0.00000,0.00456,0.00000,0.9526,1
01150510201,0,0,0,0,0.00000,0.00000,0.00000,0.8882,1
01150610101,0,0,0,0,0.00000,0.00000,0.00000,0.9737,0
01150710101,1,1,0,0,0.15802,0.00000,0.00000,0.9419,2
01150710102,0,0,0,0,0.00000,0.00000,0.00000,0.9475,1
01150710103,0,0,0,0,0.00000,0.00000,0.00000,0.8550,3
01150710104,0,0,0,0,0.00000,0.00000,0.00000,0.8743,3
01150710105,2,1,1,0,0.06573,0.01951,0.00704,0.8753,4
01150710106,1,1,0,0,0.05455,0.00000,0.00000,0.9649,1
01150710107,1,0,0,1,0.00000,0.00000,0.01707,0.9057,2
01150710108,0,0,0,0,0.00000,0.00000,0.00000,0.9310,0
01150710109,0,0,0,0,0.00000,0.00000,0.00000,0.9105,1
01150710110,0,0,0,0,0.00000,0.00000,0.00000,0.9668,0
01150710111,0,0,0,0,0.00000,0.00000,0.00000,0.9418,1
01150810101,1,1,0,0,0.08844,0.00000,0.00000,0.7977,4
01150810102,0,0,0,0,0.00000,0.00000,0.00000,0.8935,4
01150810103,0,0,0,0,0.00000,0.00000,0.00000,0.9268,2
01150810104,0,0,0,0,0.00000,0.00000,0.00000,0.9401,2
01150910101,2,1,1,0,0.04235,0.05227,0.00000,0.9261,2
01150910102,0,0,0,0,0.00000,0.00000,0.00000,0.9180,1
01150910103,0,0,0,0,0.00000,0.00000,0.00000,0.9205,3
01150910104,0,0,0,0,0.00000,0.00000,0.00000,0.9045,3
01150910201,0,0,0,0,0.00000,0.00000,0.00000,0.8959,3
01150910202,0,0,0,0,0.00000,0.00000,0.00000,0.8911,4
01151010101,1,1,0,0,0.10478,0.00000,0.00000,0.9647,1
01151010102,0,0,0,0,0.00000,0.00000,0.00000,0.9380,2
01151010103,0,0,0,0,0.00000,0.00000,0.00000,0.9705,1
01151010104,0,0,0,0,0.00000,0.00000,0.00000,0.4550,10
01151010201,0,0,0,0,0.00000,0.00000,0.00000,0.8703,1
01151010202,0,0,0,0,0.00000,0.00000,0.00000,0.9186,2
01151010203,0,0,0,0,0.00000,0.00000,0.00000,0.9722,0
01151110101,1,1,0,0,0.05674,0.00000,0.00000,0.9431,1
01151110102,0,0,0,0,0.00000,0.00000,0.00000,0.8726,5
01151110103,1,1,0,0,0.07289,0.00000,0.00000,0.9447,2
01151110104,0,0,0,0,0.00000,0.00000,0.00000,0.9508,1
01151110105,0,0,0,0,0.00000,0.00000,0.00000,0.9506,0
01151110106,0,0,0,0,0.00000,0.00000,0.00000,0.9632,0
01151110107,0,0,0,0,0.00000,0.00000,0.00000,0.8537,4
01151110108,0,0,0,0,0.00000,0.00000,0.00000,0.9795,1
01151110201,0,0,0,0,0.00000,0.00000,0.00000,0.9181,4
01151110202,0,0,0,0,0.00220,0.00000,0.00441,0.9379,1
01151110203,1,1,0,0,0.03546,0.00000,0.00000,0.9224,2
01151110204,0,0,0,0,0.00000,0.00000,0.00000,0.9119,2
01151210101,0,0,0,0,0.00000,0.00000,0.00000,0.9670,2
01151210102,0,0,0,0,0.00000,0.00000,0.00000,0.9637,1
01151210103,0,0,0,0,0.00000,0.00000,0.00000,0.9750,2
01151310101,1,1,0,0,0.13409,0.00000,0.00000,0.8744,4
01151310102,0,0,0,0,0.00000,0.00000,0.00000,0.9734,1
01151310103,0,0,0,0,0.00000,0.00000,0.00000,0.9561,2
01151410101,0,0,0,0,0.00000,0.00000,0.00000,0.9689,1
01151410102,0,0,0,0,0.00000,0.00000,0.00000,0.9534,1
01151410103,0,0,0,0,0.00000,0.00000,0.00000,0.9388,1
01151410201,0,0,0,0,0.00000,0.00000,0.00000,0.9686,2
01151410202,0,0,0,0,0.00000,0.00000,0.00000,0.9610,1
01160110101,0,0,0,0,0.00000,0.00000,0.00000,0.9504,-1
01160110102,1,1,0,0,0.05924,0.00000,0.00000,0.9562,0
01160210101,0,0,0,0,0.00000,0.00000,0.00000,0.9323,1
01160310101,0,0,0,0,0.00000,0.00000,0.00000,0.9540,1
01160310102,1,1,0,0,0.08511,0.00000,0.00000,0.9639,1
01160410101,1,1,0,0,0.11187,0.00000,0.00000,0.9592,1
01160410102,0,0,0,0,0.00000,0.00000,0.00000,0.9590,2
01160410103,1,1,0,0,0.06651,0.00000,0.00000,0.9663,-1
01160510101,0,0,0,0,0.00000,0.00000,0.00000,0.8659,3
01160510102,1,1,0,0,0.07205,0.00000,0.00000,0.8205,6
01160510103,1,1,0,0,0.04492,0.00000,0.00000,0.9396,1
01160510104,0,0,0,0,0.00000,0.00000,0.00000,0.9164,3
01160510201,1,1,0,0,0.11883,0.00000,0.00000,0.9249,0
01160510202,1,1,0,0,0.07517,0.00000,0.00000,0.9597,0
01160610101,1,1,0,0,0.09693,0.00000,0.00000,0.9047,4
01160610102,1,1,0,0,0.10274,0.00000,0.00000,0.9743,1
01160710101,1,1,0,0,0.05908,0.00000,0.00000,0.8930,3
01160710202,1,1,0,0,0.05882,0.00000,0.00000,0.8534,3
01170110101,0,0,0,0,0.00685,0.00000,0.00000,0.9711,1
01170110102,1,1,0,0,0.06150,0.00000,0.00000,0.9184,4
01170110103,1,1,0,0,0.08038,0.00000,0.00000,0.9435,0
01170110104,0,0,0,0,0.00000,0.00000,0.00000,0.9440,0
01170110105,0,0,0,0,0.00000,0.00000,0.00000,0.9319,3
01170110201,1,1,0,0,0.09361,0.00000,0.00000,0.9651,1
01170110202,1,1,0,0,0.10849,0.00000,0.00000,0.8810,3
01170110203,0,0,0,0,0.00000,0.00000,0.00000,0.9419,2
01170110204,1,1,0,0,0.05023,0.00000,0.00000,0.9594,1
01170110205,0,0,0,0,0.00000,0.00000,0.00000,0.9073,3
01170110301,1,1,0,0,0.04784,0.00000,0.00000,0.9334,3
01170110304,0,0,0,0,0.00000,0.00000,0.00000,0.5746,9
01170110401,0,0,0,0,0.00000,0.00000,0.00000,0.9345,2
01170110402,1,1,0,0,0.06840,0.00000,0.00000,0.9188,3
01170110403,0,0,0,0,0.00000,0.00000,0.00000,0.9083,3
01170110404,1,1,0,0,0.06349,0.00000,0.00000,0.8853,4
01170110405,1,1,0,0,0.06161,0.00000,0.00000,0.9417,2
01170110501,0,0,0,0,0.00000,0.00000,0.00000,0.9486,2
01170210101,1,1,0,0,0.10110,0.00000,0.00000,0.9014,2
01170210102,1,1,0,0,0.04657,0.00000,0.00000,0.9455,0
01170210103,0,0,0,0,0.00683,0.00000,0.00000,0.9662,0
01170210104,1,1,0,0,0.08491,0.00000,0.00000,0.9397,2
01170210105,0,0,0,0,0.00000,0.00000,0.00000,0.8986,4
01170210106,0,0,0,0,0.00000,0.00000,0.00000,0.9149,2
01170210107,1,1,0,0,0.09268,0.00000,0.00000,0.9293,2
01170210108,1,1,0,0,0.05213,0.00000,0.00000,0.9678,-1
01170310101,1,1,0,0,0.05637,0.00000,0.00000,0.9314,2
01170410102,0,0,0,0,0.00000,0.00000,0.00000,0.9627,1
01170510101,0,0,0,0,0.00000,0.00000,0.00000,0.9695,1
01170510102,1,1,0,0,0.08747,0.00000,0.00000,0.9346,2
01170510103,0,0,0,0,0.00000,0.00000,0.00000,0.9569,1
01180110101,2,1,1,0,0.06634,0.06856,0.00236,0.9646,0
01180110102,2,1,1,0,0.06818,0.06818,0.00000,0.9084,2
01180110103,2,1,1,0,0.06147,0.01139,0.00000,0.9189,3
01180110104,2,1,1,0,0.06621,0.05392,0.00000,0.9709,1
01180110201,1,1,0,0,0.08467,0.00000,0.00000,0.9611,1
01180110202,3,1,1,1,0.03189,0.05263,0.09242,0.9687,1
01180110203,1,1,0,0,0.05201,0.00000,0.00000,0.9514,2
01180210101,1,1,0,0,0.04615,0.00000,0.00000,0.9009,2
01180210102,1,1,0,0,0.08182,0.00000,0.00000,0.9446,3
01180210103,1,1,0,0,0.04255,0.00000,0.00000,0.9431,1
01180310101,1,1,0,0,0.05286,0.00000,0.00000,0.9744,0
01180310102,0,0,0,0,0.00000,0.00000,0.00000,0.9214,3
01180310103,1,1,0,0,0.04556,0.00000,0.00000,0.9193,3
01180310104,1,1,0,0,0.04914,0.00000,0.00000,0.9715,1
01180410101,1,1,0,0,0.06619,0.00000,0.00000,0.8966,2
01180510101,2,1,0,1,0.04739,0.00000,0.09456,0.9592,1
01180510102,2,1,1,0,0.07125,0.06634,0.00000,0.9413,1
01180510103,1,1,0,0,0.04293,0.00000,0.00000,0.9579,1
01180610101,2,1,1,0,0.06378,0.07329,0.00000,0.9358,2
01180610102,2,1,1,0,0.06136,0.03538,0.00000,0.9135,0
01180610103,1,1,0,0,0.08864,0.00000,0.00000,0.9157,4
01180610104,1,1,0,0,0.06326,0.00000,0.00000,0.9352,3
01180610105,1,1,0,0,0.05910,0.00000,0.00000,0.9261,2
01180610106,2,1,1,0,0.12264,0.13443,0.00000,0.9277,3
01180710101,1,1,0,0,0.12128,0.00000,0.00000,0.9698,0
01180810101,0,0,0,0,0.00473,0.00000,0.00000,0.9294,2
01190110101,0,0,0,0,0.00000,0.00000,0.00000,0.9505,-1
01190110102,0,0,0,0,0.00000,0.00000,0.00000,0.9764,0
01190110103,0,0,0,0,0.00000,0.00000,0.00000,0.8800,5
01190110201,0,0,0,0,0.00000,0.00000,0.00000,0.9757,0
01190110202,0,0,0,0,0.00000,0.00000,0.00000,0.4905,11
01190210101,0,0,0,0,0.00000,0.00000,0.00000,0.9761,0
01190210102,0,0,0,0,0.00000,0.00000,0.00000,0.9553,-1
01190210103,1,1,0,0,0.07991,0.00000,0.00000,0.7884,4
01190210104,0,0,0,0,0.00000,0.00000,0.00000,0.9773,1
01190310101,0,0,0,0,0.00000,0.00000,0.00000,0.9280,3
01190310102,0,0,0,0,0.00228,0.00000,0.00000,0.9574,1
01190410101,0,0,0,0,0.00000,0.00000,0.00000,0.4950,5
01190510101,0,0,0,0,0.00000,0.00000,0.00000,0.9726,0
01190510102,0,0,0,0,0.00000,0.00000,0.00000,0.9568,0
01190510103,0,0,0,0,0.00000,0.00000,0.00000,0.9522,-2
01190510104,0,0,0,0,0.00000,0.00000,0.00000,0.9519,-1
01190510201,0,0,0,0,0.00000,0.00000,0.00000,0.9628,-2
01190510202,0,0,0,0,0.00000,0.00000,0.00000,0.9466,0
01190510203,0,0,0,0,0.00000,0.00000,0.00000,0.8808,2
01190610101,0,0,0,0,0.00000,0.00000,0.00000,0.9433,2
01200110101,1,1,0,0,0.10875,0.00000,0.00000,0.9839,0
01200110102,1,1,0,0,0.06364,0.00000,0.00000,0.9832,0
01200110103,1,1,0,0,0.11617,0.00000,0.00000,0.9843,-1
01200110104,0,0,0,0,0.00000,0.00000,0.00000,0.9807,-1
01200110201,1,1,0,0,0.13636,0.00000,0.00000,0.9799,2
01200110202,1,1,0,0,0.04751,0.00000,0.00000,0.9701,0
01200110203,2,1,1,0,0.13636,0.10455,0.00000,0.9756,0
01200110204,2,1,1,0,0.12719,0.08864,0.00000,0.9762,1
01200110205,1,1,0,0,0.14773,0.00000,0.00000,0.9742,1
01200110206,1,1,0,0,0.13679,0.00000,0.00000,0.9820,2
01200210101,3,1,1,1,0.10000,0.11136,0.11818,0.9806,0
01200210102,0,0,0,0,0.00000,0.00000,0.00000,0.9875,-1
01200210103,1,1,0,0,0.12273,0.00000,0.00000,0.9831,-2
01200210104,1,1,0,0,0.10407,0.00000,0.00000,0.9726,1
01200210105,1,1,0,0,0.08511,0.00000,0.00000,0.9911,0
01200310101,1,1,0,0,0.07710,0.00000,0.00000,0.3689,11
01200310102,1,1,0,0,0.08789,0.00000,0.00000,0.9763,1
01200310201,1,1,0,0,0.06818,0.00000,0.00000,0.9716,1
01200310202,2,1,1,0,0.08747,0.07565,0.00000,0.9848,-1
01200310203,1,1,0,0,0.15000,0.00000,0.00000,0.9776,2
01200410101,1,1,0,0,0.11597,0.00000,0.00000,0.9685,1
01200410102,0,0,0,0,0.00000,0.00000,0.00000,0.9724,0
01200410103,1,1,0,0,0.10706,0.00000,0.00000,0.9785,1
01200410104,0,0,0,0,0.00000,0.00000,0.00000,0.9855,0
01200410105,0,0,0,0,0.00000,0.00000,0.00000,0.9807,2
01200410106,0,0,0,0,0.00000,0.00000,0.00000,0.9861,0
01200410107,0,0,0,0,0.00000,0.00000,0.00000,0.9756,2
01200410108,0,0,0,0,0.00000,0.00000,0.00000,0.9853,1
01200510101,1,1,0,0,0.09091,0.00000,0.00000,0.9786,0
01200510102,1,1,0,0,0.10330,0.00000,0.00000,0.9732,0
01200510103,0,0,0,0,0.00000,0.00000,0.00000,0.9798,0
01200510201,1,1,0,0,0.01754,0.00455,0.00000,0.9811,2
01200510202,1,1,0,0,0.09513,0.00000,0.00000,0.9544,3
01200510301,1,1,0,0,0.12235,0.00000,0.00000,0.9779,2
01200610101,2,1,1,0,0.07745,0.17089,0.00000,0.9705,2
01200610102,1,1,0,0,0.12500,0.00000,0.00000,0.9743,1
01200610103,1,1,0,0,0.09220,0.00000,0.00000,0.9885,0
01200610104,1,1,0,0,0.12869,0.00000,0.00000,0.9708,1
01200610105,1,1,0,0,0.10638,0.00000,0.00000,0.9767,0
01200710101,1,1,0,0,0.12984,0.00000,0.00000,0.9898,1
01200710102,1,1,0,0,0.08571,0.00000,0.00000,0.9826,1
01200710103,0,0,0,0,0.00228,0.00000,0.00000,0.9675,0
01200710104,2,1,1,0,0.11820,0.09339,0.00000,0.9612,2
01200710105,1,1,0,0,0.06834,0.00000,0.00000,0.9843,-2
01200710106,1,1,0,0,0.08511,0.00000,0.00000,0.9936,0
01200710107,1,1,0,0,0.09953,0.00000,0.00000,0.9878,0
01200710108,0,0,0,0,0.00000,0.00000,0.00000,0.9745,2
01200710109,1,1,0,0,0.07955,0.00000,0.00000,0.9770,0
01200710110,0,0,0,0,0.00000,0.00000,0.00000,0.9814,0
01200710111,1,1,0,0,0.12085,0.00000,0.00000,0.9852,0
01200810101,1,1,0,0,0.18907,0.00227,0.00000,0.9802,2
01200810201,0,0,0,0,0.00000,0.00000,0.00000,0.9826,-1
01200810202,1,1,0,0,0.12293,0.00000,0.00000,0.9823,1
01200810203,0,0,0,0,0.00000,0.00000,0.00000,0.9931,0
01200810301,2,1,1,0,0.03189,0.02500,0.00000,0.9691,2
01200810302,2,1,1,0,0.09977,0.18141,0.00000,0.9702,1
01200810303,1,1,0,0,0.09430,0.00000,0.00000,0.9754,1
01200810304,1,1,0,0,0.08884,0.00000,0.00000,0.9762,0
01200810305,1,1,0,0,0.09091,0.00000,0.00000,0.9674,1
01200910101,1,1,0,0,0.12128,0.00000,0.00000,0.9744,2
01200910201,1,1,0,0,0.13158,0.00000,0.00000,0.9686,1
01200910202,1,1,0,0,0.12035,0.00000,0.00000,0.9782,2
01200910301,1,1,0,0,0.07062,0.00000,0.00000,0.9894,0
01200910401,2,1,1,0,0.08409,0.12955,0.00000,0.9664,1
01200910402,2,1,1,0,0.09977,0.05470,0.00000,0.9632,1
01210110101,0,0,0,0,0.00000,0.00000,0.00000,0.9756,-1
01210110102,0,0,0,0,0.00000,0.00000,0.00000,0.9567,2
01210110103,0,0,0,0,0.00000,0.00000,0.00000,0.9284,1
01210110104,0,0,0,0,0.00000,0.00000,0.00000,0.9323,3
01210110105,0,0,0,0,0.00000,0.00000,0.00000,0.9544,0
01210210101,1,1,0,0,0.05437,0.00000,0.00000,0.9689,1
01210210102,0,0,0,0,0.00000,0.00000,0.00000,0.8722,5
01210310101,0,0,0,0,0.00000,0.00000,0.00000,0.9468,2
01210310102,0,0,0,0,0.00000,0.00000,0.00000,0.9589,1
01210410101,0,0,0,0,0.00000,0.00000,0.00000,0.9679,0
01210410102,1,1,0,0,0.05467,0.00000,0.00000,0.9517,1
01210410103,0,0,0,0,0.00000,0.00000,0.00000,0.9592,0
01210410104,0,0,0,0,0.00000,0.00000,0.00000,0.9301,1
01210510101,0,0,0,0,0.00000,0.00000,0.00000,0.8860,5
01210510102,0,0,0,0,0.00000,0.00000,0.00000,0.9252,0
01210510103,0,0,0,0,0.00000,0.00000,0.00000,0.9155,0
01210610101,0,0,0,0,0.00000,0.00000,0.00000,0.9001,2
01210610102,0,0,0,0,0.00000,0.00000,0.00000,0.9701,0
01210610103,0,0,0,0,0.00000,0.00000,0.00000,0.9283,1
01210610104,0,0,0,0,0.00000,0.00000,0.00000,0.9374,0
01210610201,0,0,0,0,0.00000,0.00000,0.00000,0.9510,1
01210610202,0,0,0,0,0.00000,0.00000,0.00000,0.9442,1
01210610203,0,0,0,0,0.00000,0.00000,0.00000,0.8470,5
01210610204,0,0,0,0,0.00000,0.00000,0.00000,0.9149,1
01210610205,0,0,0,0,0.00000,0.00000,0.00000,0.8830,2
02010110101,0,0,0,0,0.00228,0.00000,0.00000,0.9592,-1
02010110102,0,0,0,0,0.00000,0.00000,0.00000,0.9472,2
02010110201,0,0,0,0,0.00000,0.00000,0.00000,0.9443,2
02010110202,0,0,0,0,0.00000,0.00000,0.00000,0.4619,11
02010110203,0,0,0,0,0.00000,0.00000,0.00000,0.9109,3
02010110204,0,0,0,0,0.00000,0.00000,0.00000,0.9311,2
02010210101,1,1,0,0,0.04167,0.00000,0.00000,0.9332,2
02010210102,1,1,0,0,0.10909,0.00000,0.00000,0.8992,4
02010210103,0,0,0,0,0.00000,0.00000,0.00000,0.9418,2
02010210104,1,1,0,0,0.10549,0.00000,0.00000,0.9291,1
02010210105,0,0,0,0,0.00000,0.00000,0.00000,0.9253,2
02010210106,0,0,0,0,0.00000,0.00000,0.00000,0.9064,5
02010210107,1,1,0,0,0.01367,0.00236,0.00000,0.9271,2
02010210108,0,0,0,0,0.00000,0.00000,0.00000,0.9188,3
02010210109,0,0,0,0,0.00000,0.00000,0.00000,0.9035,5
02010210110,0,0,0,0,0.00000,0.00000,0.00000,0.8979,4
02010310101,0,0,0,0,0.00227,0.00000,0.00000,0.9555,1
02010310102,0,0,0,0,0.00000,0.00000,0.00000,0.9567,-1
02010410101,0,0,0,0,0.00000,0.00000,0.00000,0.8752,2
02010410102,0,0,0,0,0.00000,0.00000,0.00000,0.8755,2
02010410103,0,0,0,0,0.00000,0.00000,0.00000,0.9468,2
02010410104,0,0,0,0,0.00000,0.00000,0.00000,0.9085,1
02010410105,0,0,0,0,0.00000,0.00000,0.00000,0.9223,2
02010410201,0,0,0,0,0.00000,0.00227,0.00000,0.9259,3
02010420101,0,0,0,0,0.00000,0.00000,0.00000,0.9343,1
02010420102,0,0,0,0,0.00000,0.00000,0.00000,0.9495,1
02010420103,0,0,0,0,0.00000,0.00000,0.00000,0.9495,1
02010420104,0,0,0,0,0.00227,0.00000,0.00000,0.8825,2
02020110101,1,1,0,0,0.15596,0.00000,0.00000,0.9656,2
02020110102,1,1,0,0,0.11429,0.00000,0.00000,0.8562,5
02020110103,0,0,0,0,0.00000,0.00000,0.00000,0.9456,2
02020110104,0,0,0,0,0.00000,0.00000,0.00000,0.9736,2
02020110201,1,1,0,0,0.09361,0.00229,0.00000,0.9382,2
02020110202,1,1,0,0,0.05034,0.00000,0.00000,0.9653,2
02020110301,0,0,0,0,0.00000,0.00000,0.00000,0.9806,2
02020110302,0,0,0,0,0.00236,0.00000,0.00000,0.9555,3
02020110303,1,1,0,0,0.08370,0.00000,0.00000,0.9805,0
02020110304,0,0,0,0,0.00000,0.00000,0.00000,0.9696,1
02020110401,1,1,0,0,0.05920,0.00000,0.00000,0.9316,3
02020110402,0,0,0,0,0.00000,0.00000,0.00000,0.9677,2
02020110403,0,0,0,0,0.00000,0.00000,0.00000,0.9442,3
02020110404,0,0,0,0,0.00000,0.00000,0.00000,0.9734,1
02020110501,1,1,0,0,0.02278,0.00000,0.00000,0.9720,2
02020110502,0,0,0,0,0.00000,0.00000,0.00000,0.9252,2
02020110503,0,0,0,0,0.00000,0.00000,0.00000,0.9734,1
02020210101,1,1,0,0,0.06373,0.00000,0.00000,0.9189,4
02020210201,1,1,0,0,0.04338,0.00000,0.00000,0.9608,-2
02020210202,0,0,0,0,0.00000,0.00000,0.00000,0.9392,1
02020210301,2,1,1,0,0.07042,0.10000,0.00000,0.5536,11
02020210302,1,1,0,0,0.04119,0.00000,0.00000,0.9703,1
02020210303,0,0,0,0,0.00440,0.00228,0.00220,0.9745,1
02020210304,0,0,0,0,0.00000,0.00000,0.00000,0.9788,1
02020210305,0,0,0,0,0.00000,0.00000,0.00000,0.9469,2
02020210401,1,1,0,0,0.09302,0.00000,0.00000,0.9257,3
02020310101,1,1,0,0,0.10934,0.00000,0.00000,0.8989,2
02020310201,0,0,0,0,0.00000,0.00000,0.00000,0.9653,1
02020310202,1,1,0,0,0.05379,0.00000,0.00000,0.9807,1
02020310203,0,0,0,0,0.00000,0.00455,0.00439,0.9401,2
02020310301,2,1,1,0,0.11429,0.07062,0.00000,0.9371,0
02020310302,0,0,0,0,0.00000,0.00000,0.00000,0.9459,1
02020310303,0,0,0,0,0.00000,0.00000,0.00000,0.9723,1
02020310304,0,0,0,0,0.00000,0.00000,0.00000,0.9771,1
02020310401,1,1,0,0,0.06150,0.00000,0.00000,0.9633,2
02020310501,0,0,0,0,0.00000,0.00000,0.00000,0.9685,1
02020310502,0,0,0,0,0.00000,0.00000,0.00000,0.9628,1
02020410101,1,1,0,0,0.06843,0.00000,0.00000,0.9715,1
02020410102,1,1,0,0,0.07033,0.00000,0.00000,0.9473,2
02020410103,0,0,0,0,0.00000,0.00000,0.00000,0.9432,2
02020410201,0,0,0,0,0.00000,0.00000,0.00000,0.9700,2
02020410202,0,0,0,0,0.00000,0.00000,0.00000,0.9290,4
02020410301,2,1,1,0,0.05286,0.08238,0.00000,0.9697,1
02020410302,0,0,0,0,0.00000,0.00000,0.00000,0.9658,1
02020410303,0,0,0,0,0.00000,0.00000,0.00000,0.9668,1
02020410304,0,0,0,0,0.00000,0.00000,0.00000,0.9524,3
02020410401,2,1,1,0,0.09692,0.08009,0.00000,0.9427,1
02020410402,0,0,0,0,0.00000,0.00000,0.00229,0.9334,2
02020510101,1,1,0,0,0.09342,0.00000,0.00000,0.9555,2
02021010202,0,0,0,0,0.00000,0.00000,0.00000,0.9175,4
02030110101,0,0,0,0,0.00219,0.00633,0.00000,0.4715,9
02030110102,0,0,0,0,0.00000,0.00000,0.00000,0.8728,3
02030110103,1,1,0,0,0.07547,0.00000,0.00000,0.9296,4
02030110104,0,0,0,0,0.00680,0.00000,0.00000,0.8970,4
02030110201,1,1,0,0,0.06576,0.00000,0.00000,0.8685,5
02030110202,0,0,0,0,0.00000,0.00000,0.00000,0.9574,1
02030110203,0,0,0,0,0.00000,0.00000,0.00000,0.9354,1
02030210102,0,0,0,0,0.00000,0.00000,0.00000,0.9553,-1
02030210103,1,1,0,0,0.05437,0.00000,0.00000,0.9500,-1
02030210104,0,0,0,0,0.00000,0.00000,0.00000,0.9194,2
02030210105,0,0,0,0,0.00000,0.00000,0.00000,0.5616,11
02030210106,0,0,0,0,0.00000,0.00000,0.00000,0.9591,1
02030310101,0,0,0,0,0.00000,0.00000,0.00000,0.9681,0
02030310102,0,0,0,0,0.00000,0.00000,0.00000,0.9168,3
02030310103,0,0,0,0,0.00000,0.00000,0.00000,0.9506,0
02030310104,1,1,0,0,0.04728,0.00000,0.00000,0.9608,1
02030310105,1,1,0,0,0.01651,0.00000,0.00000,0.9041,3
02030410101,1,1,0,0,0.09906,0.00000,0.00000,0.9421,1
02030410102,0,0,0,0,0.00000,0.00000,0.00000,0.9709,2
02030410103,0,0,0,0,0.00000,0.00000,0.00000,0.9586,0
02030410104,0,0,0,0,0.00000,0.00000,0.00000,0.9334,2
02030410105,0,0,0,0,0.00000,0.00000,0.00000,0.9126,2
02030410106,0,0,0,0,0.00000,0.00000,0.00000,0.9629,1
02030410201,0,0,0,0,0.00220,0.00000,0.00000,0.9537,0
02030410202,1,1,0,0,0.06813,0.00000,0.00000,0.9653,1
02030410203,0,0,0,0,0.00000,0.00000,0.00000,0.9321,2
02030410301,0,0,0,0,0.00000,0.00000,0.00000,0.9695,0
02030410302,0,0,0,0,0.00000,0.00000,0.00000,0.9151,4
02030410401,0,0,0,0,0.00000,0.00000,0.00000,0.5109,10
02030410402,0,0,0,0,0.00000,0.00000,0.00000,0.3506,13
02030410403,0,0,0,0,0.00000,0.00000,0.00000,0.5278,10
02030410501,1,1,0,0,0.09091,0.00000,0.00000,0.9129,4
02030410502,1,1,0,0,0.04328,0.00000,0.00000,0.9555,1
02030510101,1,1,0,0,0.03546,0.00236,0.00000,0.9761,0
02030510102,0,0,0,0,0.00000,0.00000,0.00000,0.9781,0
02030510201,1,1,0,0,0.12418,0.00000,0.00000,0.5457,11
02030510202,1,1,0,0,0.02757,0.00000,0.00000,0.3108,-12
02030510203,0,0,0,0,0.00000,0.00000,0.00000,0.9719,1
02030510301,1,1,0,0,0.05909,0.00000,0.00000,0.8649,3
02030510302,0,0,0,0,0.00000,0.00000,0.00000,0.9413,1
02030510401,1,1,0,0,0.05779,0.00000,0.00000,0.7910,4
02030510402,0,0,0,0,0.00000,0.00000,0.00000,0.8839,3
02030510403,0,0,0,0,0.00000,0.00000,0.00000,0.9024,1
02040110101,1,1,0,0,0.11899,0.00000,0.00000,0.9749,1
02040110102,0,0,0,0,0.00000,0.00000,0.00000,0.9700,0
02040110103,0,0,0,0,0.00000,0.00000,0.00000,0.9398,1
02040110104,0,0,0,0,0.00000,0.00000,0.00000,0.9331,1
02040110105,0,0,0,0,0.00000,0.00000,0.00000,0.9427,1
02040110201,0,0,0,0,0.00000,0.00000,0.00000,0.9547,1
02040110202,1,1,0,0,0.08228,0.00000,0.00000,0.8936,4
02040110203,0,0,0,0,0.00000,0.00000,0.00000,0.9234,2
02040110204,0,0,0,0,0.00000,0.00000,0.00000,0.9706,1
02040110205,0,0,0,0,0.00000,0.00000,0.00000,0.9261,1
02040110206,0,0,0,0,0.00000,0.00000,0.00000,0.9230,3
02040110301,0,0,0,0,0.00000,0.00000,0.00000,0.9072,1
02040110302,1,1,0,0,0.08571,0.00000,0.00000,0.9486,1
02040110303,0,0,0,0,0.00000,0.00000,0.00000,0.9539,2
02040110304,0,0,0,0,0.00000,0.00000,0.00000,0.9481,1
02040110305,0,0,0,0,0.00000,0.00000,0.00000,0.8627,4
02040110401,1,1,0,0,0.06127,0.00000,0.00000,0.8872,4
02040110501,0,0,0,0,0.00000,0.00000,0.00000,0.9365,2
02040210101,0,0,0,0,0.00000,0.00000,0.00000,0.8840,2
02040210102,0,0,0,0,0.00000,0.00000,0.00000,0.9038,1
02040210103,0,0,0,0,0.00000,0.00000,0.00000,0.9476,0
02040210104,0,0,0,0,0.00000,0.00000,0.00000,0.8814,3
02040210201,0,0,0,0,0.00000,0.00000,0.00000,0.9056,3
02040210202,0,0,0,0,0.00000,0.00000,0.00000,0.9338,2
02040210203,1,1,0,0,0.11617,0.00000,0.00000,0.9705,2
02040210204,0,0,0,0,0.00000,0.00000,0.00000,0.8779,4
02040210205,0,0,0,0,0.00000,0.00455,0.00000,0.9066,2
02040210301,0,0,0,0,0.00000,0.00000,0.00000,0.9461,1
02040210302,1,1,0,0,0.06798,0.00000,0.00000,0.9036,3
02040210303,0,0,0,0,0.00000,0.00000,0.00000,0.9172,3
02040210304,0,0,0,0,0.00000,0.00000,0.00000,0.9248,2
02040210305,0,0,0,0,0.00000,0.00000,0.00000,0.9502,1
02040210401,0,0,0,0,0.00000,0.00000,0.00000,0.8886,4
02040210402,1,1,0,0,0.04941,0.00000,0.00000,0.8959,4
02040210403,0,0,0,0,0.00000,0.00000,0.00000,0.9351,1
02040210404,0,0,0,0,0.00000,0.00000,0.00000,0.9417,1
02040210405,0,0,0,0,0.00000,0.00000,0.00000,0.7937,5
02040310101,0,0,0,0,0.00000,0.00000,0.00000,0.9143,1
02040310102,0,0,0,0,0.00000,0.00000,0.00000,0.9064,2
02040310103,1,1,0,0,0.08571,0.00000,0.00000,0.9535,1
02040310104,0,0,0,0,0.00000,0.00000,0.00000,0.9078,2
02040310105,0,0,0,0,0.00000,0.00000,0.00000,0.9395,1
02040310106,0,0,0,0,0.00000,0.00000,0.00000,0.9090,5
02040310201,0,0,0,0,0.00000,0.00000,0.00000,0.8990,2
02040310202,0,0,0,0,0.00000,0.00000,0.00000,0.9482,3
02040310203,0,0,0,0,0.00000,0.00000,0.00000,0.9505,1
02040310204,1,1,0,0,0.04762,0.00000,0.00000,0.4392,9
02040410101,1,1,0,0,0.06378,0.00000,0.00000,0.9533,1
02040410102,0,0,0,0,0.00000,0.00000,0.00000,0.9089,4
02040410201,1,1,0,0,0.05033,0.00000,0.00000,0.5798,12
02040410202,2,1,1,0,0.03139,0.08296,0.00000,0.5156,-15
02040410203,0,0,0,0,0.00000,0.00000,0.00000,0.9721,0
02040410204,0,0,0,0,0.00000,0.00000,0.00000,0.9670,2
02040410205,0,0,0,0,0.00000,0.00000,0.00000,0.9434,2
02040410206,0,0,0,0,0.00000,0.00000,0.00000,0.9643,2
02040410301,0,0,0,0,0.00000,0.00000,0.00000,0.9364,2
02040410302,0,0,0,0,0.00000,0.00000,0.00000,0.9363,1
02040410303,0,0,0,0,0.00000,0.00000,0.00000,0.9110,2
02040410304,0,0,0,0,0.00000,0.00000,0.00000,0.9434,2
02040410305,1,1,0,0,0.10706,0.00000,0.00000,0.9575,0
02040410306,0,0,0,0,0.00000,0.00000,0.00000,0.9233,3
02040410401,1,1,0,0,0.05455,0.00000,0.00000,0.9342,3
02040410402,0,0,0,0,0.00000,0.00000,0.00000,0.9065,1
02040410403,0,0,0,0,0.00000,0.00000,0.00000,0.8449,4
02040410404,0,0,0,0,0.00438,0.00875,0.00000,0.8728,5
02040410501,0,0,0,0,0.00000,0.00000,0.00000,0.8807,3
02040410502,1,1,0,0,0.07973,0.00000,0.00000,0.9064,1
02040510101,1,1,0,0,0.08096,0.00000,0.00000,0.8475,5
02040510102,0,0,0,0,0.00000,0.00000,0.00000,0.9533,2
02040610101,1,1,0,0,0.10431,0.00000,0.00000,0.8786,5
02040610102,0,0,0,0,0.00000,0.00000,0.00000,0.9255,4
02040610103,0,0,0,0,0.00000,0.00000,0.00000,0.9474,2
02050110101,0,0,0,0,0.00000,0.00000,0.00000,0.9473,1
02050110102,0,0,0,0,0.00000,0.00000,0.00000,0.9547,1
02050110103,1,1,0,0,0.08571,0.00000,0.00000,0.4718,10
02050210101,0,0,0,0,0.00000,0.00000,0.00000,0.9173,1
02050210102,1,1,0,0,0.07895,0.00000,0.00000,0.9209,1
02050210104,1,1,0,0,0.06378,0.00000,0.00000,0.9339,1
02050210105,0,0,0,0,0.00000,0.00000,0.00000,0.8890,4
02050210201,0,0,0,0,0.00000,0.00000,0.00000,0.5442,12
02050210202,0,0,0,0,0.00000,0.00000,0.00000,0.5006,10
02050210203,1,1,0,0,0.03628,0.00000,0.00000,0.5167,10
02050211003,1,1,0,0,0.06364,0.00000,0.00000,0.9640,2
02050310101,0,0,0,0,0.00000,0.00000,0.00000,0.9611,1
02050310102,0,0,0,0,0.00000,0.00000,0.00000,0.9383,1
02050310103,0,0,0,0,0.00000,0.00000,0.00000,0.9491,1
02050310104,0,0,0,0,0.00000,0.00000,0.00000,0.9610,0
02050310105,1,1,0,0,0.07062,0.00000,0.00000,0.9657,2
02050410101,1,1,0,0,0.05908,0.00000,0.00000,0.8335,5
02050510101,0,0,0,0,0.00000,0.00000,0.00000,0.8956,3
02050510102,0,0,0,0,0.00000,0.00000,0.00000,0.9056,3
02050510201,0,0,0,0,0.00000,0.00000,0.00000,0.9549,1
02050510202,0,0,0,0,0.00000,0.00000,0.00000,0.9082,3
02050610101,1,1,0,0,0.07937,0.00000,0.00000,0.9168,2
02050610102,0,0,0,0,0.00000,0.00000,0.00000,0.9265,2
02050610201,0,0,0,0,0.00000,0.00000,0.00000,0.9606,1
02050610202,0,0,0,0,0.00000,0.00000,0.00000,0.9610,1
02050610301,3,1,1,1,0.01978,0.02278,0.02418,0.9525,1
02050610302,1,1,0,0,0.06150,0.00000,0.00000,0.9490,1
02050610303,0,0,0,0,0.00000,0.00000,0.00000,0.9318,2
02060110101,0,0,0,0,0.00000,0.00000,0.00000,0.9591,1
02060110102,0,0,0,0,0.00000,0.00000,0.00000,0.9687,1
02060110201,1,1,0,0,0.07745,0.00000,0.00000,0.9391,1
02060110202,0,0,0,0,0.00000,0.00000,0.00000,0.9339,1
02060110203,0,0,0,0,0.00000,0.00000,0.00000,0.9303,1
02060110204,0,0,0,0,0.00000,0.00000,0.00000,0.9223,2
02060110301,1,1,0,0,0.02588,0.00000,0.00000,0.8893,4
02060110302,0,0,0,0,0.00000,0.00000,0.00000,0.9408,1
02060110303,1,1,0,0,0.07289,0.00000,0.00000,0.9631,1
02060110304,0,0,0,0,0.00000,0.00000,0.00000,0.9011,1
02060110305,0,0,0,0,0.00000,0.00000,0.00000,0.9432,1
02060210101,0,0,0,0,0.00000,0.00000,0.00000,0.9668,2
02060210102,1,1,0,0,0.06067,0.00000,0.00000,0.8807,4
02060310101,1,1,0,0,0.06308,0.00000,0.00000,0.9677,1
02060310102,0,0,0,0,0.00000,0.00000,0.00000,0.8991,3
02060310103,0,0,0,0,0.00000,0.00000,0.00000,0.9212,3
02060310104,0,0,0,0,0.00000,0.00000,0.00000,0.8724,3
02060320101,1,1,0,0,0.03896,0.00000,0.00000,0.3088,-11
02060320102,1,1,0,0,0.07843,0.00000,0.00000,0.8972,1
02060320103,0,0,0,0,0.00000,0.00000,0.00000,0.8713,3
02060320104,0,0,0,0,0.00000,0.00000,0.00000,0.8687,3
02060320105,0,0,0,0,0.00000,0.00000,0.00000,0.9439,1
02060410101,1,1,0,0,0.07745,0.00000,0.00000,0.9604,1
02060410102,0,0,0,0,0.00000,0.00000,0.00000,0.3920,12
02060410103,1,1,0,0,0.07500,0.00000,0.00000,0.9221,2
02060410201,1,1,0,0,0.05275,0.00000,0.00000,0.9554,0
02060410202,0,0,0,0,0.00000,0.00000,0.00000,0.9509,1
02060410301,1,1,0,0,0.07045,0.00000,0.00000,0.9576,0
02070110101,0,0,0,0,0.00000,0.00000,0.00000,0.9617,1
02070110102,0,0,0,0,0.00000,0.00000,0.00000,0.9499,0
02070110103,1,1,0,0,0.04706,0.00000,0.00000,0.8649,4
02070110104,1,1,0,0,0.11162,0.00000,0.00000,0.9603,1
02070110105,1,0,1,0,0.00000,0.09430,0.00000,0.8989,3
02070110106,0,0,0,0,0.00000,0.00000,0.00000,0.9512,1
02070110107,0,0,0,0,0.00000,0.00000,0.00000,0.9431,1
02070110108,0,0,0,0,0.00000,0.00000,0.00000,0.9583,2
02070110201,0,0,0,0,0.00000,0.00000,0.00000,0.9449,1
02070110202,0,0,0,0,0.00000,0.00000,0.00000,0.9522,1
02070110203,0,0,0,0,0.00000,0.00000,0.00000,0.9573,1
02070110204,0,0,0,0,0.00000,0.00000,0.00000,0.9331,2
02070110205,0,0,0,0,0.00000,0.00000,0.00000,0.8748,3
02070110206,0,0,0,0,0.00000,0.00000,0.00000,0.9469,1
02070110207,0,0,0,0,0.00000,0.00000,0.00000,0.9686,1
02070110301,1,1,0,0,0.04953,0.00000,0.00000,0.8907,3
02070210101,1,1,0,0,0.06150,0.00000,0.00000,0.9430,1
02070310101,0,0,0,0,0.00000,0.00000,0.00000,0.9554,1
02070310102,1,1,0,0,0.07329,0.00000,0.00000,0.9503,2
02070310201,0,0,0,0,0.00000,0.00000,0.00000,0.9506,1
02070310202,0,0,0,0,0.00000,0.00000,0.00000,0.9359,1
02070310203,1,1,0,0,0.10658,0.00000,0.00000,0.8896,4
02070410101,0,0,0,0,0.00000,0.00219,0.00000,0.9262,1
02070410102,0,0,0,0,0.00000,0.00000,0.00000,0.9305,1
02070410201,0,0,0,0,0.00000,0.00000,0.00000,0.9354,1
02070410202,0,0,0,0,0.00000,0.00000,0.00000,0.9144,3
02070410203,0,0,0,0,0.00000,0.00000,0.00000,0.9487,1
02070410204,0,0,0,0,0.00000,0.00000,0.00000,0.9575,0
02070510101,0,0,0,0,0.00000,0.00000,0.00000,0.9541,1
02070510102,1,1,0,0,0.08636,0.00000,0.00000,0.9191,3
02070510201,0,0,0,0,0.00000,0.00000,0.00000,0.8722,3
02070510202,1,1,0,0,0.07659,0.00000,0.00000,0.8547,3
02070510203,1,1,0,0,0.06150,0.00000,0.00000,0.9580,0
02070510204,0,0,0,0,0.00000,0.00000,0.00000,0.8239,4
02070610101,1,1,0,0,0.04577,0.00228,0.00000,0.9555,0
02080110101,1,1,0,0,0.03791,0.00458,0.00000,0.9419,-1
02080110102,0,0,0,0,0.00000,0.00000,0.00000,0.9659,1
02080110103,1,1,0,0,0.09670,0.00000,0.00000,0.9139,3
02080110104,0,0,0,0,0.00000,0.00000,0.00000,0.9608,2
02080110201,1,1,0,0,0.06383,0.00000,0.00000,0.9471,1
02080120101,0,0,0,0,0.00000,0.00000,0.00000,0.9442,2
02080120102,0,0,0,0,0.00000,0.00000,0.00000,0.9346,2
02080120103,1,1,0,0,0.06904,0.00000,0.00000,0.9330,4
02080120104,0,0,0,0,0.00000,0.00000,0.00220,0.9538,2
02080120105,0,0,0,0,0.00000,0.00000,0.00000,0.8721,5
02080210101,0,0,0,0,0.00000,0.00000,0.00000,0.4742,12
02080210102,0,0,0,0,0.00000,0.00000,0.00000,0.8951,4
02080210103,1,1,0,0,0.03282,0.00000,0.00000,0.8601,4
02080210104,1,1,0,0,0.10706,0.00000,0.00000,0.9001,4
02080210201,1,0,0,1,0.00000,0.00000,0.10142,0.9319,1
02080210202,1,1,0,0,0.03302,0.00000,0.00000,0.9349,1
02080310101,0,0,0,0,0.00000,0.00000,0.00000,0.9115,4
02080310102,0,0,0,0,0.00000,0.00000,0.00000,0.9587,1
02080310103,0,0,0,0,0.00000,0.00000,0.00000,0.9220,3
02080310104,0,0,0,0,0.00000,0.00000,0.00000,0.9603,1
02080320101,0,0,0,0,0.00000,0.00000,0.00000,0.8958,3
02080320102,0,0,0,0,0.00000,0.00000,0.00000,0.9332,1
02080320103,1,1,0,0,0.06576,0.00000,0.00000,0.8485,4
02080320104,0,0,0,0,0.00000,0.00000,0.00000,0.8781,4
02080320105,0,0,0,0,0.00219,0.00000,0.00000,0.9420,2
02090110101,1,1,0,0,0.02278,0.00000,0.00000,0.9574,0
02090110102,1,1,0,0,0.01139,0.00000,0.00000,0.9046,1
02090110103,1,1,0,0,0.04255,0.00000,0.00000,0.9332,1
02090110104,0,0,0,0,0.00455,0.00000,0.00000,0.9340,2
02090110105,1,1,0,0,0.09628,0.00000,0.00000,0.9377,2
02090110106,0,0,0,0,0.00000,0.00000,0.00000,0.9474,1
02090210101,1,1,0,0,0.05455,0.00000,0.00000,0.9366,2
02090210102,1,1,0,0,0.02045,0.00000,0.00000,0.9358,2
02090310101,1,1,0,0,0.07973,0.00000,0.00000,0.9356,2
02090310102,1,1,0,0,0.10989,0.00000,0.00000,0.9259,2
02090310201,1,1,0,0,0.05000,0.00000,0.00000,0.9369,2
02090410101,0,0,0,0,0.00000,0.00000,0.00000,0.8806,4
02090410102,1,1,0,0,0.15130,0.00000,0.00000,0.9629,0
02090410103,1,1,0,0,0.05923,0.00000,0.00000,0.9249,1
02090410104,1,1,0,0,0.07483,0.00000,0.00000,0.8943,4
02090410105,1,1,0,0,0.05677,0.00421,0.00000,0.8758,4
02090410201,1,0,0,1,0.00000,0.00000,0.06576,0.8673,4
02090410202,1,1,0,0,0.01538,0.00228,0.00000,0.9673,1
02090410203,1,1,0,0,0.06378,0.00000,0.00000,0.9530,1
02090410204,1,1,0,0,0.12955,0.00000,0.00000,0.9125,4
02090410205,1,1,0,0,0.03586,0.00000,0.00000,0.8970,1
02090410301,1,1,0,0,0.01313,0.00455,0.00000,0.9285,1
02090410302,1,1,0,0,0.06818,0.00000,0.00000,0.9142,2
02090410303,1,1,0,0,0.07253,0.00000,0.00000,0.9599,0
02090510101,1,1,0,0,0.09091,0.00000,0.00000,0.8352,5
02090510102,1,1,0,0,0.05227,0.00000,0.00000,0.9436,2
02090510103,1,1,0,0,0.08617,0.00000,0.00000,0.8532,4
02090510104,0,0,0,0,0.00000,0.00000,0.00000,0.8962,2
02090510105,0,0,0,0,0.00000,0.00000,0.00000,0.9357,2
02090610101,0,0,0,0,0.00000,0.00000,0.00000,0.9267,2
02090610102,1,1,0,0,0.03186,0.00000,0.00000,0.8885,2
02090610103,1,1,0,0,0.09276,0.00000,0.00000,0.9381,2
02090610201,1,1,0,0,0.05000,0.00000,0.00000,0.9086,1
02090610202,1,1,0,0,0.03417,0.00000,0.00000,0.9309,1
02090610203,1,1,0,0,0.02045,0.00000,0.00000,0.9311,1
02090610301,0,0,0,0,0.00000,0.00000,0.00000,0.8878,3
02090610302,1,1,0,0,0.06132,0.00000,0.00000,0.8805,3
02090610401,1,1,0,0,0.05437,0.00000,0.00000,0.9015,1
02090710101,1,1,0,0,0.05455,0.00000,0.00000,0.9380,2
02090710102,1,1,0,0,0.07048,0.00000,0.00000,0.9580,0
02090710103,1,1,0,0,0.08844,0.00000,0.00000,0.9262,3
02090710104,1,1,0,0,0.07483,0.00000,0.00000,0.9037,3
02090710105,1,1,0,0,0.04255,0.00000,0.00000,0.9481,1
02090810101,0,0,0,0,0.00683,0.00000,0.00000,0.9272,0
02100110101,1,1,0,0,0.05882,0.00000,0.00000,0.9668,0
02100110301,0,0,0,0,0.00000,0.00000,0.00000,0.4346,10
02100110302,1,1,0,0,0.08409,0.00000,0.00000,0.8986,4
02100210101,1,1,0,0,0.07092,0.00000,0.00000,0.9618,0
02100210102,0,0,0,0,0.00000,0.00000,0.00000,0.9132,4
02100210201,2,1,1,0,0.07002,0.02845,0.00000,0.9202,4
02100210202,1,1,0,0,0.06136,0.00000,0.00000,0.8945,5
02100210203,0,0,0,0,0.00000,0.00000,0.00000,0.9229,3
02100210301,1,1,0,0,0.05386,0.00000,0.00000,0.4605,12
02100210302,1,1,0,0,0.05033,0.00000,0.00000,0.8978,5
02100210401,0,0,0,0,0.00000,0.00000,0.00000,0.9329,1
02100210402,1,1,0,0,0.04060,0.00000,0.00000,0.3758,-10
02100210403,1,1,0,0,0.16079,0.00000,0.00000,0.9621,2
02100210501,1,1,0,0,0.07517,0.00000,0.00000,0.9531,1
02100310101,0,0,0,0,0.00000,0.00000,0.00000,0.9720,1
02100310102,1,1,0,0,0.06369,0.00000,0.00000,0.9685,2
02100310103,2,1,1,0,0.11031,0.13525,0.00000,0.9629,-1
02100310104,1,1,0,0,0.08571,0.00000,0.00000,0.9712,1
02100310201,1,1,0,0,0.05727,0.00000,0.00441,0.9753,1
02100310202,1,1,0,0,0.05669,0.00000,0.00000,0.5741,10
02100310203,1,1,0,0,0.05950,0.00000,0.00000,0.9726,1
02100410101,1,1,0,0,0.05011,0.00000,0.00000,0.9653,1
02100410201,1,1,0,0,0.05495,0.00000,0.00000,0.9514,0
02100410202,1,1,0,0,0.02670,0.00000,0.00000,0.5182,11
02100510101,2,1,1,0,0.11136,0.06132,0.00000,0.9381,1
02100510102,1,1,0,0,0.02804,0.00000,0.00000,0.9051,4
02100510201,1,1,0,0,0.04805,0.00000,0.00000,0.9714,1
02100610101,2,1,1,0,0.04082,0.03855,0.00000,0.5136,10
02100610102,0,0,0,0,0.00000,0.00000,0.00000,0.9712,1
02100610103,0,0,0,0,0.00000,0.00000,0.00000,0.9708,1
02100610104,1,1,0,0,0.04805,0.00000,0.00000,0.9806,1
02100610105,0,0,0,0,0.00000,0.00000,0.00000,0.8802,4
02100610201,0,0,0,0,0.00000,0.00000,0.00000,0.9658,0
02100610202,2,1,1,0,0.09459,0.11039,0.00000,0.4855,11
02100610203,1,1,0,0,0.07026,0.00000,0.00000,0.9776,-1
02100610204,0,0,0,0,0.00000,0.00000,0.00000,0.9787,-1
02100610205,1,1,0,0,0.07963,0.00000,0.00000,0.9713,-1
02100610301,1,1,0,0,0.07692,0.00000,0.00000,0.9674,1
02100610302,0,0,0,0,0.00000,0.00000,0.00000,0.9351,2
02100710101,0,0,0,0,0.00455,0.00658,0.00000,0.9234,2
02100710102,0,0,0,0,0.00000,0.00000,0.00000,0.9611,1
02100710103,1,1,0,0,0.07973,0.00000,0.00000,0.9608,0
02100710104,2,1,1,0,0.09231,0.12747,0.00000,0.9182,0
02100710105,1,1,0,0,0.08656,0.00000,0.00000,0.9568,0
02100710106,0,0,0,0,0.00000,0.00000,0.00000,0.9777,0
02100710201,1,1,0,0,0.10934,0.00000,0.00000,0.9646,2
02100710202,0,0,0,0,0.00000,0.00000,0.00000,0.9766,-1
02100710203,0,0,0,0,0.00000,0.00000,0.00000,0.9617,1
02100710204,0,0,0,0,0.00000,0.00000,0.00000,0.9760,0
02100710205,0,0,0,0,0.00000,0.00000,0.00000,0.9718,0
02100710206,0,0,0,0,0.00000,0.00000,0.00000,0.9091,2
02100710301,1,1,0,0,0.01595,0.00000,0.00000,0.9532,0
021010201,1,1,0,0,0.01532,0.00000,0.00000,0.9240,3
021010202,1,1,0,0,0.07045,0.00000,0.00000,0.9046,2
02110110101,1,1,0,0,0.05721,0.00000,0.00000,0.9347,0
02110110102,1,1,0,0,0.06154,0.00000,0.00000,0.9495,0
02110110103,0,0,0,0,0.00000,0.00000,0.00000,0.9633,0
02110110201,1,1,0,0,0.08000,0.00000,0.00000,0.9280,2
02110110202,0,0,0,0,0.00000,0.00000,0.00000,0.9704,1
02110210101,1,1,0,0,0.07843,0.00000,0.00000,0.9353,1
02110210102,0,0,0,0,0.00000,0.00000,0.00000,0.9539,1
02110210201,0,0,0,0,0.00000,0.00000,0.00000,0.9664,1
02110310101,0,0,0,0,0.00000,0.00000,0.00000,0.9347,1
02110310201,0,0,0,0,0.00000,0.00000,0.00000,0.8894,4
02110310202,0,0,0,0,0.00000,0.00000,0.00000,0.9286,1
02110310203,0,0,0,0,0.00000,0.00000,0.00000,0.9361,3
02110410101,1,1,0,0,0.05227,0.00000,0.00000,0.9143,2
02110410102,1,1,0,0,0.11348,0.00000,0.00000,0.9685,1
02110410103,0,0,0,0,0.00000,0.00000,0.00000,0.9698,0
02110410201,0,0,0,0,0.00000,0.00000,0.00000,0.8818,2
02110510101,1,1,0,0,0.06863,0.00000,0.00000,0.9652,0
02110510102,1,1,0,0,0.06618,0.00000,0.00000,0.9701,0
02110710101,0,0,0,0,0.00000,0.00000,0.00000,0.9252,2
02110710201,0,0,0,0,0.00000,0.00000,0.00000,0.9684,0
02110810101,0,0,0,0,0.00000,0.00000,0.00000,0.8885,4
02110810201,1,1,0,0,0.09112,0.00000,0.00000,0.9765,1
02110810202,0,0,0,0,0.00000,0.00000,0.00000,0.9615,2
02110910101,1,1,0,0,0.02845,0.00000,0.00000,0.9250,3
02110910201,0,0,0,0,0.00000,0.00000,0.00000,0.8802,3
02110910301,0,0,0,0,0.00000,0.00000,0.00000,0.8676,4
02111010201,0,0,0,0,0.00000,0.00000,0.00000,0.9387,3
02111110101,1,1,0,0,0.08370,0.00000,0.00000,0.9572,1
02111110102,2,1,1,0,0.11136,0.07440,0.00000,0.9065,3
02111110201,0,0,0,0,0.00000,0.00000,0.00000,0.9445,0
02111110202,1,1,0,0,0.05895,0.00000,0.00000,0.8503,4
02111210101,1,1,0,0,0.02494,0.00000,0.00000,0.9126,4
02111210201,0,0,0,0,0.00000,0.00000,0.00000,0.8894,4
02111310101,1,1,0,0,0.04989,0.00000,0.00000,0.8729,3
02111310102,1,1,0,0,0.08333,0.00000,0.00000,0.9284,1
02111310201,1,1,0,0,0.03501,0.00000,0.00000,0.9258,3
02111310202,0,0,0,0,0.00000,0.00000,0.00000,0.9475,2
02111310203,0,0,0,0,0.00000,0.00000,0.00000,0.9509,2
02111310204,0,0,0,0,0.00000,0.00000,0.00000,0.9438,1
02111310301,1,1,0,0,0.01822,0.00000,0.00000,0.9607,1
02111310302,0,0,0,0,0.00000,0.00000,0.00000,0.3496,11
02111310303,0,0,0,0,0.00000,0.00000,0.00000,0.9340,0
02111310304,0,0,0,0,0.00000,0.00000,0.00000,0.8974,3
02111310305,0,0,0,0,0.00000,0.00000,0.00000,0.9659,1
02111310306,0,0,0,0,0.00000,0.00000,0.00000,0.9236,3
02111310307,0,0,0,0,0.00000,0.00000,0.00000,0.9143,2
02111410101,0,0,0,0,0.00000,0.00000,0.00000,0.9664,0
02111410102,1,1,0,0,0.06824,0.00000,0.00000,0.8873,3
02111410201,1,1,0,0,0.01595,0.00000,0.00000,0.9519,1
02111410202,1,1,0,0,0.01595,0.00000,0.00000,0.9723,1
02111410203,1,1,0,0,0.06374,0.00000,0.00000,0.9489,1
02116610101,2,1,1,0,0.07062,0.04430,0.00000,0.9702,1
02120110101,1,1,0,0,0.16818,0.00000,0.00219,0.9806,1
02120110102,1,1,0,0,0.03425,0.00000,0.00000,0.9802,1
02120110103,1,1,0,0,0.13158,0.00000,0.00000,0.9622,2
02120210101,1,1,0,0,0.08656,0.00000,0.00000,0.9472,3
02120210102,1,1,0,0,0.06813,0.00000,0.00000,0.9483,3
02120310101,2,1,1,0,0.03456,0.08969,0.00000,0.5530,-15
02120410101,1,1,0,0,0.09250,0.00241,0.00239,0.9825,-1
02120410102,1,1,0,0,0.09069,0.00000,0.00000,0.9730,1
02120410103,1,1,0,0,0.14849,0.00000,0.00000,0.9661,2
02120510101,1,1,0,0,0.22042,0.00000,0.00420,0.9471,3
02120510102,1,1,0,0,0.15081,0.00000,0.00000,0.9566,5
02120510103,1,1,0,0,0.20979,0.00000,0.00000,0.9828,0
02120510104,1,1,0,0,0.16865,0.00000,0.00000,0.9799,1
02120610101,1,1,0,0,0.05240,0.00000,0.00000,0.5760,11
02120610102,1,1,0,0,0.07323,0.00000,0.00000,0.9815,0
02120610103,2,1,1,0,0.28855,0.01139,0.00000,0.9684,-1
02120610104,1,1,0,0,0.29817,0.00220,0.00000,0.9581,2
02120610105,1,1,0,0,0.05825,0.00427,0.00000,0.9133,-2
02120610106,1,1,0,0,0.19500,0.00962,0.00000,0.9646,1
02120710102,1,1,0,0,0.07710,0.00000,0.00000,0.5318,12
02120710103,0,0,0,0,0.00000,0.00230,0.00241,0.9747,2
02120810101,1,1,0,0,0.10251,0.00000,0.00000,0.9529,2
03010110101,0,0,0,0,0.00000,0.00000,0.00000,0.7876,5
03010110102,1,1,0,0,0.08222,0.00000,0.00000,0.5567,11
03010110103,1,1,0,0,0.12993,0.00000,0.00000,0.5360,10
03010110104,1,1,0,0,0.04911,0.00000,0.00000,0.5424,8
03010110105,0,0,0,0,0.00000,0.00000,0.00000,0.5342,10
03010210101,0,0,0,0,0.00000,0.00000,0.00000,0.5937,10
03010210102,0,0,0,0,0.00000,0.00000,0.00000,0.4884,10
03010210103,0,0,0,0,0.00000,0.00000,0.00000,0.5690,7
03010210104,2,0,1,1,0.00000,0.01766,0.01101,0.3758,14
03010210201,1,1,0,0,0.08585,0.00000,0.00000,0.9432,3
03010210202,0,0,0,0,0.00000,0.00000,0.00000,0.9002,1
03010210301,1,1,0,0,0.05459,0.00000,0.00000,0.6517,15
03010210302,1,1,0,0,0.13072,0.00218,0.00000,0.9354,3
03010210303,2,1,1,0,0.03256,0.07676,0.00000,0.4737,-2
03010210304,1,1,0,0,0.06831,0.00000,0.00000,0.4922,9
03010210305,1,1,0,0,0.05077,0.00000,0.00000,0.4301,15
03010210401,1,1,0,0,0.11013,0.00232,0.00000,0.9496,1
03010210402,1,1,0,0,0.11888,0.00000,0.00000,0.9786,-1
03010210403,1,1,0,0,0.12871,0.00000,0.00000,0.9626,0
03010310101,2,1,1,0,0.13054,0.11888,0.00000,0.9715,-1
03010310201,2,1,1,0,0.11138,0.01205,0.00000,0.4911,8
03010310202,1,1,0,0,0.06373,0.00000,0.00000,0.4214,12
03010310204,1,1,0,0,0.11572,0.00000,0.00000,0.4845,9
03010310205,2,1,1,0,0.09934,0.07726,0.00000,0.4490,14
03010310206,1,1,0,0,0.01747,0.00652,0.00000,0.5571,12
03010310208,2,1,0,1,0.12255,0.00472,0.01367,0.9434,1
03010410102,1,1,0,0,0.03091,0.00000,0.00000,0.5358,11
03010410103,1,1,0,0,0.08009,0.00000,0.00000,0.4936,10
03010410201,1,1,0,0,0.13303,0.00000,0.00000,0.5450,10
03010410202,0,0,0,0,0.00000,0.00000,0.00000,0.5397,10
03010410203,0,0,0,0,0.00000,0.00000,0.00000,0.4345,9
03010410204,0,0,0,0,0.00000,0.00000,0.00000,0.6134,12
03010510101,2,1,1,0,0.09201,0.11806,0.00000,0.4575,12
03010510102,0,0,0,0,0.00000,0.00000,0.00000,0.4214,8
03010510103,0,0,0,0,0.00000,0.00000,0.00211,0.5370,9
03010510201,1,1,0,0,0.05991,0.00000,0.00000,0.5525,8
03010510202,1,1,0,0,0.07930,0.00000,0.00000,0.4193,15
03010510203,0,0,0,0,0.00000,0.00000,0.00000,0.6039,13
03010510204,2,1,1,0,0.04086,0.04979,0.00000,0.3929,-10
03010610101,0,0,0,0,0.00000,0.00000,0.00000,0.5498,9
03010610102,1,1,0,0,0.09649,0.00000,0.00000,0.5428,9
03010610103,1,1,0,0,0.03548,0.00633,0.00000,0.5686,8
03010610104,0,0,0,0,0.00000,0.00000,0.00000,0.5573,9
03010610105,1,1,0,0,0.02870,0.00000,0.00000,0.5422,8
03010610202,1,1,0,0,0.06601,0.00000,0.00000,0.4467,14
03010610203,1,1,0,0,0.05069,0.00442,0.00000,0.5354,10
03010610204,1,1,0,0,0.07979,0.00000,0.00000,0.5033,9
03010710101,1,1,0,0,0.06402,0.00000,0.00000,0.5547,9
03010710102,1,1,0,0,0.06652,0.00000,0.00000,0.4831,8
03010710103,0,0,0,0,0.00000,0.00000,0.00000,0.4801,9
03010710104,2,1,1,0,0.07761,0.01747,0.00000,0.6004,8
03010710201,0,0,0,0,0.00000,0.00000,0.00000,0.5422,10
03010710202,0,0,0,0,0.00000,0.00000,0.00000,0.5660,7
03010710203,0,0,0,0,0.00000,0.00222,0.00000,0.4682,9
03010710204,1,1,0,0,0.06193,0.00000,0.00000,0.5667,10
03010710205,0,0,0,0,0.00000,0.00000,0.00000,0.5701,9
03010810101,1,1,0,0,0.06221,0.00000,0.00000,0.5637,10
03010810102,1,1,0,0,0.13194,0.00000,0.00000,0.5691,9
03010810103,1,1,0,0,0.08609,0.00000,0.00000,0.5465,7
03010810104,1,1,0,0,0.06874,0.00000,0.00211,0.5616,10
03010810202,0,0,0,0,0.00000,0.00000,0.00000,0.5823,8
03010810203,0,0,0,0,0.00000,0.00000,0.00000,0.9390,-2
03010810204,0,0,0,0,0.00000,0.00000,0.00000,0.4254,15
03010810301,2,1,1,0,0.08467,0.09611,0.00000,0.9605,0
03010810302,1,1,0,0,0.10297,0.00000,0.00000,0.9394,2
03010810303,1,0,1,0,0.00881,0.02506,0.00000,0.9534,0
03010810304,2,1,1,0,0.06881,0.08257,0.00000,0.5279,10
03010810402,1,1,0,0,0.05963,0.00000,0.00000,0.4836,9
03010810403,2,1,1,0,0.06105,0.03376,0.00000,0.5616,9
03010810404,0,0,0,0,0.00000,0.00000,0.00000,0.5317,8
03010810405,0,0,0,0,0.00000,0.00000,0.00000,0.5531,8
03010910101,1,1,0,0,0.08392,0.00000,0.00000,0.9714,0
03010910102,1,1,0,0,0.10240,0.00000,0.00000,0.9506,3
03010910103,0,0,0,0,0.00000,0.00232,0.00000,0.9540,1
03010910201,1,1,0,0,0.06402,0.00000,0.00000,0.4705,10
03010910202,1,1,0,0,0.03899,0.00883,0.00000,0.5325,9
03010910203,1,1,0,0,0.10092,0.00000,0.00000,0.5700,13
03010910204,1,1,0,0,0.03440,0.00000,0.00000,0.5309,10
03010910205,1,1,0,0,0.11338,0.00000,0.00000,0.9470,1
03010910206,0,0,0,0,0.00000,0.00000,0.00000,0.5761,8
03010910301,1,1,0,0,0.07424,0.00218,0.00633,0.5467,11
03010910302,1,1,0,0,0.07128,0.00000,0.00000,0.4587,14
03010910401,1,1,0,0,0.07692,0.00000,0.00000,0.5485,14
03010910402,1,1,0,0,0.08031,0.00000,0.00248,0.9334,0
03010910403,1,1,0,0,0.02752,0.00000,0.00000,0.4494,12
03010910404,1,1,0,0,0.07860,0.00000,0.00000,0.5538,12
03010910405,0,0,0,0,0.00000,0.00000,0.00000,0.5943,14
03020110101,1,1,0,0,0.12993,0.00000,0.00000,0.9382,2
03020110201,1,1,0,0,0.14351,0.00000,0.00219,0.9338,1
03020110202,1,1,0,0,0.09745,0.00000,0.00000,0.9613,-1
03020110203,0,0,0,0,0.00696,0.00696,0.00000,0.9613,0
03020210101,1,1,0,0,0.11954,0.00000,0.00000,0.9443,0
03020210102,1,1,0,0,0.08370,0.00000,0.00000,0.9690,0
03020210103,1,1,0,0,0.10023,0.00219,0.00000,0.9588,-1
03020210104,1,1,0,0,0.10805,0.00442,0.00000,0.9626,0
03020210201,0,0,0,0,0.00000,0.00000,0.00000,0.9622,-1
03020210202,1,1,0,0,0.12136,0.00000,0.00000,0.9266,-1
03020210203,3,1,1,1,0.03947,0.02955,0.01974,0.9499,2
03020210204,0,0,0,0,0.00000,0.00000,0.00000,0.9435,2
03020210301,0,0,0,0,0.00000,0.00000,0.00219,0.9394,0
03020210302,0,0,0,0,0.00000,0.00000,0.00000,0.9354,0
03020210303,1,1,0,0,0.14579,0.00000,0.00000,0.9602,0
03020310101,1,1,0,0,0.14640,0.00000,0.00000,0.9458,1
03020310102,0,0,0,0,0.00000,0.00000,0.00000,0.9276,0
03020310201,1,1,0,0,0.15851,0.00000,0.00000,0.9614,0
03020310202,1,1,0,0,0.06437,0.00000,0.00000,0.9619,2
03020310203,1,1,0,0,0.13689,0.00000,0.00000,0.9506,0
03020310204,1,1,0,0,0.13753,0.00000,0.00240,0.9429,1
03020310301,1,1,0,0,0.13986,0.00000,0.00000,0.9603,-1
03020310302,0,0,0,0,0.00000,0.00000,0.00466,0.9437,-3
03020310303,1,1,0,0,0.05556,0.00000,0.00000,0.9384,0
03020310401,1,1,0,0,0.10956,0.00000,0.00224,0.9308,3
03020310402,1,1,0,0,0.11200,0.00000,0.00000,0.9291,2
03020310403,1,1,0,0,0.07982,0.00000,0.00000,0.9761,0
03020310501,1,1,0,0,0.08625,0.00000,0.00000,0.9310,3
03020410101,1,0,0,1,0.00000,0.00448,0.01121,0.9592,-1
03020410102,1,1,0,0,0.07322,0.00000,0.00000,0.9502,2
03020410103,1,1,0,0,0.11547,0.00000,0.00000,0.9359,2
03020410201,2,1,1,0,0.09833,0.07322,0.00897,0.9443,1
03020410202,1,1,0,0,0.08159,0.00000,0.00000,0.9171,2
03020410203,1,1,0,0,0.09375,0.00000,0.00000,0.9322,1
03020410204,0,0,0,0,0.00000,0.00000,0.00000,0.9354,4
03020410205,1,1,0,0,0.07143,0.00000,0.00000,0.9413,3
03020410206,1,1,0,0,0.15385,0.00225,0.00000,0.9624,1
03020410207,1,1,0,0,0.08296,0.00000,0.00000,0.9160,1
03020510101,1,1,0,0,0.04523,0.00000,0.00000,0.6064,9
03020510102,0,0,0,0,0.00231,0.00484,0.00000,0.6271,8
03020510103,1,1,0,0,0.06340,0.00000,0.00000,0.4794,8
03020510104,0,0,0,0,0.00000,0.00000,0.00000,0.4933,7
03020510201,2,1,1,0,0.02584,0.08728,0.00000,0.5644,-15
03020510202,2,1,1,0,0.09110,0.05720,0.00000,0.4573,14
03020510301,1,1,0,0,0.02174,0.00000,0.00000,0.4546,15
03020510302,1,1,0,0,0.03015,0.00000,0.00253,0.5248,12
03020510303,0,0,0,0,0.00000,0.00000,0.00000,0.9632,0
03020510304,1,1,0,0,0.06329,0.00000,0.00314,0.4871,13
03020510402,0,0,0,0,0.00824,0.00000,0.00000,0.3816,-13
03020510502,1,1,0,0,0.01656,0.00000,0.00000,0.5021,13
03020510503,2,1,1,0,0.03365,0.05288,0.00000,0.4260,5
03020510504,1,1,0,0,0.07339,0.00000,0.00000,0.5840,10
03030110101,1,1,0,0,0.05229,0.00000,0.00000,0.4343,14
03030110102,1,1,0,0,0.05765,0.00887,0.00000,0.5042,7
03030110103,1,1,0,0,0.07761,0.00000,0.00000,0.5631,7
03030110104,0,0,0,0,0.00000,0.00000,0.00000,0.5639,9
03030110105,2,1,1,0,0.01392,0.04176,0.00000,0.4842,8
03030110106,0,0,0,0,0.00000,0.00000,0.00000,0.5418,7
03030110201,1,1,0,0,0.11927,0.00000,0.00000,0.5766,9
03030110202,2,1,1,0,0.06947,0.04587,0.00221,0.5011,9
03030110203,2,1,1,0,0.01774,0.01109,0.00000,0.6063,7
03030110204,1,1,0,0,0.12529,0.00223,0.00000,0.9427,1
03030110205,1,1,0,0,0.03955,0.00000,0.00000,0.4701,14
03030110206,1,1,0,0,0.11727,0.00000,0.00000,0.8909,2
03030110301,1,1,0,0,0.14557,0.00000,0.00000,0.5583,11
03030110302,1,1,0,0,0.03789,0.00000,0.00000,0.4287,8
03030110303,1,1,0,0,0.10101,0.00000,0.00000,0.5711,8
03030110304,1,1,0,0,0.09978,0.00000,0.00000,0.5881,9
03030110305,1,1,0,0,0.05240,0.00000,0.00211,0.5306,11
03030110306,1,1,0,0,0.07062,0.00000,0.00000,0.9658,1
03030210101,1,1,0,0,0.10956,0.00224,0.00000,0.9605,1
03030210102,1,1,0,0,0.06032,0.00224,0.00000,0.9588,-1
03030210103,1,1,0,0,0.04167,0.00000,0.00000,0.5786,11
03030210104,1,1,0,0,0.13393,0.00000,0.00000,0.9418,1
03030210105,1,1,0,0,0.11329,0.00000,0.00000,0.9463,-1
03030210106,1,1,0,0,0.14617,0.00000,0.00000,0.9658,-1
03030310101,1,1,0,0,0.04817,0.00000,0.00000,0.4781,8
03030310102,1,1,0,0,0.06402,0.00000,0.00000,0.3858,13
03030310103,1,1,0,0,0.06652,0.00000,0.00000,0.5474,9
03030310104,1,1,0,0,0.03661,0.00000,0.00000,0.4097,-14
03030410101,1,1,0,0,0.10090,0.00000,0.00000,0.9689,-1
03030510101,0,0,0,0,0.00000,0.00209,0.00000,0.9409,1
03030510102,1,1,0,0,0.05804,0.00000,0.00417,0.9479,3
03030610101,1,1,0,0,0.11888,0.00000,0.00000,0.9436,0
03030610102,1,1,0,0,0.09049,0.00000,0.00000,0.9510,1
03030610103,1,1,0,0,0.11111,0.00000,0.00000,0.9608,0
03030610202,1,1,0,0,0.07193,0.00000,0.00000,0.9530,0
03030710101,1,1,0,0,0.08817,0.00000,0.00000,0.9593,1
03030710102,1,1,0,0,0.11659,0.00224,0.00000,0.9563,-2
03030710103,1,1,0,0,0.01515,0.00224,0.00000,0.9643,-2
03030710201,2,1,1,0,0.07113,0.10256,0.00000,0.9748,0
03030710202,1,1,0,0,0.11369,0.00000,0.00000,0.9415,2
03030810101,1,1,0,0,0.10209,0.00000,0.00218,0.9402,2
03030810102,1,1,0,0,0.14126,0.00000,0.00448,0.9475,2
03030810103,2,1,1,0,0.12065,0.04688,0.00928,0.9510,1
03030810104,1,1,0,0,0.06961,0.00000,0.00000,0.9383,1
03030810105,1,1,0,0,0.10023,0.00000,0.00000,0.9751,-1
03030810106,0,0,0,0,0.00226,0.00870,0.00000,0.9385,3
03030810107,1,1,0,0,0.07193,0.00000,0.00000,0.9425,1
03030810201,1,1,0,0,0.13229,0.00000,0.00000,0.9234,2
03030810202,1,1,0,0,0.10448,0.00000,0.00000,0.9589,1
03030810203,1,0,0,1,0.00000,0.00673,0.16937,0.9662,1
03030810204,0,0,0,0,0.00000,0.00000,0.00000,0.9484,1
03030810301,1,1,0,0,0.07178,0.00000,0.00000,0.9707,1
03030810302,2,1,1,0,0.08293,0.07780,0.00000,0.9655,0
03030810303,1,1,0,0,0.08585,0.00000,0.00000,0.9545,2
03030910101,1,1,0,0,0.18451,0.00000,0.00000,0.9617,0
03040110101,0,0,0,0,0.00000,0.00000,0.00000,0.9719,0
03040110102,0,0,0,0,0.00000,0.00000,0.00000,0.9606,1
03040110104,0,0,0,0,0.00000,0.00000,0.00000,0.9775,-2
03040110105,1,1,0,0,0.01570,0.00673,0.00000,0.8887,4
03040110106,1,1,0,0,0.10987,0.00000,0.00000,0.9500,3
03040110107,0,0,0,0,0.00000,0.00000,0.00000,0.9661,0
03040110201,0,0,0,0,0.00000,0.00000,0.00446,0.9349,1
03040110202,0,0,0,0,0.00000,0.00000,0.00000,0.9666,-1
03040110203,0,0,0,0,0.00000,0.00000,0.00000,0.9487,2
03040110204,0,0,0,0,0.00000,0.00224,0.00448,0.9730,0
03040210101,1,1,0,0,0.15618,0.00000,0.00448,0.9725,1
03040210102,0,0,0,0,0.00000,0.00000,0.00000,0.9383,1
03040210103,1,1,0,0,0.15022,0.00000,0.00000,0.9584,2
03040210104,1,1,0,0,0.08520,0.00000,0.00000,0.9688,0
03040210105,0,0,0,0,0.00000,0.00000,0.00000,0.9708,1
03040210106,1,1,0,0,0.01632,0.00000,0.00000,0.9680,0
03040210201,1,1,0,0,0.08585,0.00000,0.00000,0.9307,3
03040310101,0,0,0,0,0.00000,0.00000,0.00000,0.9394,-1
03040310102,2,1,0,1,0.01160,0.00000,0.01345,0.9410,0
03040310103,1,1,0,0,0.06710,0.00000,0.00000,0.9483,-2
03040310104,1,1,0,0,0.13853,0.00232,0.00000,0.9626,0
03040310201,0,0,0,0,0.00000,0.00000,0.00224,0.9387,1
03040310202,1,1,0,0,0.12338,0.00000,0.00000,0.9699,-1
03040310203,0,0,0,0,0.00000,0.00000,0.00000,0.9387,1
03040310204,1,1,0,0,0.07579,0.00000,0.00000,0.9544,1
03040310205,0,,,,,,,0.9441,0
03040310206,0,0,0,0,0.00000,0.00224,0.00000,0.9681,-1
03040310207,0,0,0,0,0.00000,0.00000,0.00000,0.9708,1
03040410101,0,0,0,0,0.00000,0.00000,0.00219,0.9556,3
03040410103,0,0,0,0,0.00000,0.00000,0.00000,0.9707,0
03040410201,1,1,0,0,0.08585,0.00000,0.00000,0.9638,-1
03040410202,1,1,0,0,0.03016,0.00418,0.00000,0.9598,0
03040410203,0,0,0,0,0.00000,0.00466,0.00000,0.9466,0
03040410204,0,0,0,0,0.00000,0.00000,0.00000,0.9734,1
03040510101,1,1,0,0,0.10173,0.00000,0.00224,0.9510,-1
03040510102,1,1,0,0,0.07105,0.00254,0.00000,0.9693,-1
03040510103,0,0,0,0,0.00000,0.00446,0.00000,0.9432,0
03040510104,1,1,0,0,0.15208,0.00000,0.00000,0.9699,2
03040510105,0,0,0,0,0.00000,0.00000,0.00000,0.9474,2
03040510106,0,0,0,0,0.00000,0.00000,0.00000,0.9739,0
03040510202,0,0,0,0,0.00000,0.00000,0.00000,0.9326,3
03040510203,0,0,0,0,0.00000,0.00000,0.00000,0.9573,0
03040510204,1,1,0,0,0.08542,0.00000,0.00000,0.9384,2
03040510205,0,0,0,0,0.00000,0.00000,0.00000,0.9563,-1
03040510206,0,0,0,0,0.00000,0.00000,0.00000,0.9722,0
03040510207,0,0,0,0,0.00000,0.00000,0.00000,0.9428,2
03040610101,0,0,0,0,0.00000,0.00000,0.00000,0.9469,1
03040610102,0,0,0,0,0.00000,0.00000,0.00000,0.9476,1
03040610201,0,0,0,0,0.00000,0.00000,0.00000,0.9448,1
03040610202,0,0,0,0,0.00000,0.00000,0.00000,0.9600,-2
03040610301,1,1,0,0,0.08458,0.00000,0.00000,0.9654,1
03040610302,1,1,0,0,0.10762,0.00000,0.00000,0.9712,0
03040610303,2,1,1,0,0.05157,0.01632,0.00224,0.9556,0
03040610305,1,1,0,0,0.02691,0.00466,0.00000,0.9535,3
03040610306,1,1,0,0,0.14219,0.00000,0.00000,0.9659,-1
03040610307,1,1,0,0,0.09204,0.00000,0.00000,0.9535,-1
03040710101,2,1,1,0,0.04036,0.06054,0.00000,0.9714,2
03040710102,0,0,0,0,0.00000,0.00000,0.00000,0.9350,2
03040710201,0,0,0,0,0.00000,0.00000,0.00000,0.9481,2
03040710202,0,0,0,0,0.00000,0.00224,0.00000,0.9717,1
03040710203,0,0,0,0,0.00000,0.00000,0.00000,0.9641,-1
03040710204,0,0,0,0,0.00000,0.00000,0.00000,0.9511,0
03040710205,0,0,0,0,0.00000,0.00000,0.00000,0.9556,1
03040710206,0,0,0,0,0.00000,0.00000,0.00000,0.9298,2
03050110101,1,1,0,0,0.12500,0.00000,0.00000,0.9331,2
03050110102,0,0,0,0,0.00000,0.00000,0.00000,0.9431,0
03050110103,1,1,0,0,0.08874,0.00464,0.00000,0.9661,-1
03050110104,1,1,0,0,0.09865,0.00000,0.00000,0.9604,1
03050110201,0,0,0,0,0.00000,0.00000,0.00249,0.9484,2
03050210101,1,1,0,0,0.04260,0.00000,0.00418,0.9697,-1
03050210102,1,1,0,0,0.01624,0.00000,0.00000,0.9643,-1
03050210103,0,0,0,0,0.00000,0.00223,0.00000,0.9451,1
03050210104,0,0,0,0,0.00000,0.00220,0.00000,0.9436,0
03050210105,1,1,0,0,0.03579,0.00000,0.00000,0.9723,1
03050210201,1,1,0,0,0.02488,0.00000,0.00000,0.9597,-1
03050210202,1,1,0,0,0.10460,0.00000,0.00000,0.9577,0
03050210203,1,1,0,0,0.11607,0.00000,0.00000,0.9447,1
03050210204,1,1,0,0,0.13203,0.00000,0.00000,0.9462,1
03050210301,1,1,0,0,0.13750,0.00000,0.00000,0.9125,4
03050210302,0,0,0,0,0.00000,0.00000,0.00000,0.9678,-1
03050210303,0,0,0,0,0.00000,0.00000,0.00000,0.9262,0
03050210304,0,0,0,0,0.00000,0.00000,0.00000,0.9151,6
03050310101,0,0,0,0,0.00000,0.00000,0.00000,0.9635,-1
03050310102,0,0,0,0,0.00000,0.00000,0.00224,0.9400,1
03050310201,1,1,0,0,0.06407,0.00000,0.00000,0.9616,1
03050310301,1,1,0,0,0.15545,0.00224,0.00000,0.9482,1
03050310302,1,1,0,0,0.13407,0.00000,0.00000,0.9450,3
03050310303,0,0,0,0,0.00000,0.00000,0.00000,0.9456,1
03050310304,0,0,0,0,0.00000,0.00000,0.00000,0.9526,3
03050310401,0,0,0,0,0.00232,0.00000,0.00000,0.9476,0
03050310402,0,0,0,0,0.00000,0.00000,0.00209,0.9536,1
03050310403,1,1,0,0,0.03248,0.00000,0.00224,0.9761,0
03050310501,3,1,1,1,0.01412,0.02500,0.03140,0.9598,-2
03050310502,1,1,0,0,0.14055,0.00000,0.00000,0.9674,1
03050310503,0,0,0,0,0.00233,0.00000,0.00000,0.9646,0
03050310504,2,1,1,0,0.04933,0.10905,0.00224,0.9528,1
03050310601,0,0,0,0,0.00000,0.00000,0.00000,0.9689,1
03050310602,0,0,0,0,0.00000,0.00000,0.00225,0.9584,0
03050310603,0,0,0,0,0.00000,0.00000,0.00000,0.9524,1
03050410101,1,0,0,1,0.00000,0.00000,0.01111,0.9512,1
03050410201,2,1,1,0,0.03695,0.01155,0.00889,0.9529,0
03050410202,0,0,0,0,0.00000,0.00000,0.00224,0.9696,-1
03050410203,0,0,0,0,0.00224,0.00000,0.00000,0.9736,0
03050410204,0,0,0,0,0.00000,0.00000,0.00000,0.9497,0
03050410301,0,0,0,0,0.00000,0.00000,0.00224,0.9588,1
03050410302,0,0,0,0,0.00000,0.00000,0.00000,0.9404,1
03050410303,0,0,0,0,0.00000,0.00000,0.00000,0.9356,0
03050510101,0,0,0,0,0.00000,0.00000,0.00000,0.9713,-1
03050510102,0,0,0,0,0.00000,0.00000,0.00224,0.9700,1
03050510103,0,0,0,0,0.00000,0.00232,0.00446,0.9347,2
03050510104,1,1,0,0,0.04429,0.00000,0.00000,0.9673,-1
03050510105,2,0,1,1,0.00000,0.04408,0.01392,0.9635,0
03050510106,1,0,1,0,0.00673,0.10314,0.00000,0.9472,0
03050510201,1,1,0,0,0.13689,0.00000,0.00000,0.9671,0
03050510202,1,0,1,0,0.00418,0.02691,0.00000,0.9549,1
03050510203,0,0,0,0,0.00000,0.00000,0.00000,0.9531,-1
03050510204,0,0,0,0,0.00000,0.00000,0.00000,0.9723,-1
03050510205,0,0,0,0,0.00000,0.00000,0.00000,0.9568,0
03050510206,0,0,0,0,0.00000,0.00448,0.00000,0.9464,1
03050610101,0,0,0,0,0.00000,0.00000,0.00000,0.9523,0
03050610102,0,0,0,0,0.00000,0.00000,0.00000,0.9479,1
03050610103,0,0,0,0,0.00000,0.00000,0.00000,0.9647,-2
03050610104,0,0,0,0,0.00000,0.00000,0.00000,0.9387,0
03050610201,1,1,0,0,0.12065,0.00000,0.00000,0.9640,0
03050610202,0,0,0,0,0.00000,0.00000,0.00000,0.9685,2
03050610203,0,0,0,0,0.00000,0.00000,0.00000,0.9553,1
03050610204,0,0,0,0,0.00000,0.00270,0.00000,0.9342,-1
03050610205,1,1,0,0,0.10886,0.00000,0.00000,0.9589,3
03050610206,0,0,0,0,0.00000,0.00000,0.00000,0.9638,1
03050610207,0,0,0,0,0.00000,0.00000,0.00000,0.9306,1
03050610301,0,0,0,0,0.00000,0.00000,0.00000,0.9482,0
03050610302,1,1,0,0,0.10396,0.00000,0.00000,0.9650,0
03050610303,3,1,1,1,0.04640,0.05336,0.05628,0.9420,1
03050610304,0,0,0,0,0.00000,0.00224,0.00000,0.9464,1
03050610305,0,0,0,0,0.00928,0.00464,0.00224,0.9433,0
03050610306,1,1,0,0,0.05882,0.00000,0.00000,0.9639,0
03050710101,0,0,0,0,0.00000,0.00000,0.00000,0.9445,0
03050710201,1,1,0,0,0.08121,0.00000,0.00000,0.9684,-1
03050710202,0,0,0,0,0.00000,0.00000,0.00223,0.9466,0
03050710203,1,1,0,0,0.11085,0.00000,0.00000,0.9483,1
03050710204,0,0,0,0,0.00000,0.00000,0.00000,0.9642,0
03050710205,0,0,0,0,0.00000,0.00000,0.00000,0.9369,0
03050710206,0,0,0,0,0.00000,0.00000,0.00000,0.9474,2
03050710207,1,1,0,0,0.08314,0.00000,0.00000,0.9668,-1
03060110101,1,1,0,0,0.10090,0.00000,0.00000,0.9684,1
03060110102,0,0,0,0,0.00000,0.00000,0.00000,0.9745,1
03060110201,1,1,0,0,0.06710,0.00000,0.00628,0.9509,0
03060110202,0,0,0,0,0.00224,0.00000,0.00000,0.9570,-2
03060210101,1,1,0,0,0.18097,0.00000,0.00000,0.9594,-1
03060210102,2,1,1,0,0.03125,0.01562,0.00000,0.9457,1
03060310101,0,0,0,0,0.00000,0.00000,0.00208,0.9529,1
03060310201,1,1,0,0,0.07463,0.00000,0.00000,0.9525,1
03060310202,0,0,0,0,0.00000,0.00000,0.00000,0.9702,-2
03060310301,1,1,0,0,0.11435,0.00000,0.00000,0.9745,0
03060310302,1,1,0,0,0.12821,0.00000,0.00000,0.9776,-2
03060410101,0,0,0,0,0.00000,0.00000,0.00000,0.9516,1
03060410201,0,0,0,0,0.00000,0.00000,0.00000,0.9516,-2
03060410301,1,1,0,0,0.13921,0.00000,0.00000,0.9480,2
03060410302,2,1,1,0,0.02797,0.01865,0.00000,0.9515,-1
03060410303,0,0,0,0,0.00000,0.00000,0.00000,0.9443,1
03060410304,1,1,0,0,0.10441,0.00000,0.00000,0.9740,1
03060410305,1,1,0,0,0.09745,0.00000,0.00000,0.9578,2
03060410306,0,0,0,0,0.00000,0.00000,0.00000,0.9737,0
03060510101,1,1,0,0,0.13397,0.00000,0.00000,0.9510,0
03060510102,1,1,0,0,0.02167,0.00298,0.00000,0.9332,1
03060510201,1,1,0,0,0.12554,0.00000,0.00000,0.9446,1
03070110101,3,1,1,1,0.01865,0.01121,0.01624,0.9474,1
03070110201,1,1,0,0,0.10538,0.00000,0.00000,0.9429,0
03070210101,0,0,0,0,0.00000,0.00000,0.00000,0.9647,-2
03070210102,1,1,0,0,0.02098,0.00233,0.00000,0.9725,-1
03070310101,1,1,0,0,0.10458,0.00000,0.00000,0.9355,2
03070310201,1,1,0,0,0.08744,0.00000,0.00000,0.9676,-1
03070410101,1,1,0,0,0.08482,0.00000,0.00000,0.9517,3
03070410102,1,1,0,0,0.09453,0.00000,0.00000,0.9609,1
03070410103,1,1,0,0,0.13986,0.00000,0.00000,0.9427,2
03070410104,1,1,0,0,0.06965,0.00000,0.00000,0.9694,-2
03070410201,1,1,0,0,0.11659,0.00000,0.00000,0.9554,1
03070410202,1,1,0,0,0.12277,0.00000,0.00000,0.9559,0
03070410203,1,1,0,0,0.10317,0.00000,0.00000,0.9740,-2
03070510101,1,1,0,0,0.06961,0.00000,0.00000,0.9751,0
03070510102,1,1,0,0,0.01345,0.00233,0.00000,0.9582,0
03070510201,1,1,0,0,0.08259,0.00000,0.00000,0.9548,1
03070510202,0,0,0,0,0.00000,0.00000,0.00000,0.9622,0
03070510203,1,1,0,0,0.15368,0.00871,0.00000,0.9602,1
03070510301,0,0,0,0,0.00897,0.00233,0.00000,0.9644,-1
03070510302,1,1,0,0,0.12761,0.00000,0.00000,0.9701,0
03070610101,1,1,0,0,0.12121,0.00000,0.00000,0.9751,-1
03070610102,1,1,0,0,0.01046,0.00224,0.00000,0.9535,1
04010110101,1,1,0,0,0.08716,0.00000,0.00000,0.9812,0
04010110103,0,0,0,0,0.00000,0.00000,0.00000,0.9644,-2
04010110202,2,1,1,0,0.07952,0.08140,0.00000,0.9617,-1
04010110203,1,1,0,0,0.12262,0.00000,0.00000,0.9771,-1
04010120101,1,1,0,0,0.08824,0.00000,0.00000,0.9808,0
04010120102,1,1,0,0,0.09091,0.00000,0.00000,0.9486,1
04010210101,1,1,0,0,0.07110,0.00000,0.00000,0.9789,-1
04010210201,1,1,0,0,0.13212,0.00220,0.00000,0.9634,0
04010310101,1,1,0,0,0.01147,0.00000,0.00000,0.9837,1
04010310201,1,1,0,0,0.10875,0.00000,0.00000,0.9835,0
04010410101,1,1,0,0,0.06364,0.00000,0.00000,0.9670,1
04010410103,1,1,0,0,0.11670,0.00000,0.00000,0.9622,2
04020110101,0,0,0,0,0.00000,0.00000,0.00000,0.9603,1
04020110201,0,0,0,0,0.00000,0.00000,0.00000,0.9689,0
04020110202,0,0,0,0,0.00000,0.00000,0.00000,0.9760,2
04020110203,0,0,0,0,0.00000,0.00000,0.00000,0.9692,-1
04020110301,1,1,0,0,0.10588,0.00000,0.00000,0.9728,1
04020110401,1,1,0,0,0.02506,0.00000,0.00000,0.9780,0
04020110402,0,0,0,0,0.00000,0.00000,0.00000,0.9622,-1
04020110403,1,1,0,0,0.10251,0.00000,0.00000,0.9822,0
04020110404,0,0,0,0,0.00228,0.00000,0.00000,0.9840,1
04020110405,0,0,0,0,0.00000,0.00000,0.00000,0.9725,3
04020110501,0,0,0,0,0.00000,0.00000,0.00000,0.5647,2
04020110502,0,0,0,0,0.00000,0.00000,0.00000,0.9815,0
04020110503,0,0,0,0,0.00000,0.00000,0.00000,0.9644,-1
04020110601,1,1,0,0,0.07955,0.00000,0.00000,0.9753,2
04020110602,0,0,0,0,0.00000,0.00000,0.00000,0.9566,2
04020210101,1,1,0,0,0.10297,0.00000,0.00000,0.9701,1
04020210102,0,0,0,0,0.00000,0.00000,0.00000,0.9669,0
04020210201,1,1,0,0,0.09234,0.00000,0.00000,0.9842,0
04020310101,0,0,0,0,0.00000,0.00000,0.00000,0.9655,1
04020310102,0,0,0,0,0.00000,0.00000,0.00000,0.9737,1
04020410101,0,0,0,0,0.00000,0.00000,0.00000,0.9358,0
04020410201,0,0,0,0,0.00000,0.00000,0.00000,0.9769,0
04020410202,1,1,0,0,0.10706,0.00000,0.00000,0.9688,1
04020410203,1,1,0,0,0.07108,0.00000,0.00000,0.9819,0
04020510101,3,1,1,1,0.02288,0.02517,0.01367,0.9723,1
04020510102,1,1,0,0,0.09251,0.00000,0.00000,0.9753,1
04020610101,1,1,0,0,0.05823,0.00000,0.00000,0.9597,0
04020610201,1,1,0,0,0.05239,0.00000,0.00000,0.9843,0
04020610202,1,1,0,0,0.07816,0.00221,0.00000,0.9832,0
04020610203,0,0,0,0,0.00000,0.00000,0.00000,0.9659,2
04020610204,0,0,0,0,0.00000,0.00000,0.00000,0.9625,1
04030110102,1,1,0,0,0.07765,0.00000,0.00000,0.9798,0
04030210101,2,1,1,0,0.08557,0.05868,0.00000,0.9818,-1
04030210102,0,,,,,,,0.3392,5
04030210301,1,1,0,0,0.15473,0.00000,0.00000,0.9461,-1
04030310101,1,1,0,0,0.08738,0.00000,0.00000,0.9648,1
04030310102,1,1,0,0,0.10976,0.00000,0.00000,0.9743,2
04030410101,1,1,0,0,0.07745,0.00000,0.00000,0.9813,0
04030410102,2,1,1,0,0.11111,0.07973,0.00000,0.9806,2
04030410201,1,1,0,0,0.13626,0.00000,0.00000,0.9667,2
04030410202,1,1,0,0,0.06783,0.00000,0.00000,0.9716,1
04030410203,1,1,0,0,0.06897,0.00234,0.00000,0.9778,2
04030410205,1,1,0,0,0.05195,0.00000,0.00208,0.9852,1
04030410303,1,1,0,0,0.01891,0.00000,0.00000,0.9760,1
04030410304,1,1,0,0,0.06222,0.00000,0.00000,0.9602,-3
04030410305,1,1,0,0,0.05721,0.00000,0.00000,0.9766,0
04030410306,2,1,1,0,0.07727,0.11086,0.00000,0.9703,1
04030410307,0,0,0,0,0.00000,0.00000,0.00000,0.9793,0
04030510101,1,1,0,0,0.06378,0.00000,0.00000,0.9797,-1
04030510102,1,1,0,0,0.09339,0.00000,0.00000,0.9834,1
04030610101,1,1,0,0,0.08736,0.00000,0.00000,0.9708,0
04030610102,1,1,0,0,0.11591,0.00000,0.00000,0.9845,-1
04030710101,1,1,0,0,0.07805,0.00000,0.00000,0.9165,2
04030710201,1,1,0,0,0.12225,0.00000,0.00000,0.9694,1
04030710202,1,1,0,0,0.02278,0.00228,0.00000,0.9598,0
04030810101,1,1,0,0,0.09069,0.00000,0.00000,0.9823,0
04030810102,1,1,0,0,0.06840,0.00000,0.00000,0.9821,1
04040110101,1,1,0,0,0.10609,0.00000,0.00000,0.9816,1
04040110102,1,1,0,0,0.16588,0.00000,0.00000,0.9781,1
04040110103,1,1,0,0,0.08491,0.00000,0.00000,0.9670,2
04040210101,1,1,0,0,0.15202,0.00000,0.00000,0.9794,2
04040210102,1,1,0,0,0.08019,0.00000,0.00000,0.9734,0
04040210103,0,0,0,0,0.00000,0.00000,0.00000,0.9700,-1
04040210203,1,1,0,0,0.11398,0.00000,0.00000,0.9796,1
04040210204,1,1,0,0,0.06776,0.00000,0.00000,0.9771,1
04040220101,1,1,0,0,0.11384,0.00000,0.00000,0.9800,1
04040220102,1,1,0,0,0.08929,0.00000,0.00000,0.9820,1
04040310101,1,1,0,0,0.07416,0.00000,0.00000,0.9774,0
04040310102,1,1,0,0,0.10984,0.00000,0.00000,0.9830,1
04040310201,1,1,0,0,0.06921,0.00000,0.00000,0.9869,0
04040410101,1,1,0,0,0.09211,0.00000,0.00000,0.9757,2
04040410201,1,1,0,0,0.07673,0.00000,0.00000,0.9808,0
04040410301,0,0,0,0,0.00000,0.00000,0.00000,0.9898,-1
04050110101,0,0,0,0,0.00000,0.00000,0.00000,0.9775,0
04050110201,1,1,0,0,0.05682,0.00000,0.00000,0.9758,1
04050110202,1,1,0,0,0.04953,0.00000,0.00000,0.9816,0
04050110203,1,1,0,0,0.03704,0.00000,0.00000,0.9737,0
04050110204,0,0,0,0,0.00000,0.00000,0.00000,0.9743,0
04050110301,1,1,0,0,0.11316,0.00000,0.00000,0.9554,-3
04050110302,0,0,0,0,0.00000,0.00000,0.00000,0.9759,1
04050210101,2,1,1,0,0.07432,0.14935,0.00000,0.9808,1
04050210201,1,0,0,1,0.00000,0.00000,0.01136,0.9713,-1
04050210202,0,0,0,0,0.00000,0.00000,0.00000,0.9802,0
04050210203,1,1,0,0,0.09956,0.00000,0.00000,0.9819,1
04050210204,1,1,0,0,0.09198,0.00000,0.00000,0.9840,1
04050210205,0,0,0,0,0.00000,0.00000,0.00000,0.9853,1
04050210206,0,0,0,0,0.00227,0.00236,0.00000,0.9704,1
04050210208,0,0,0,0,0.00000,0.00000,0.00000,0.9863,1
04050310101,1,1,0,0,0.08764,0.00474,0.00000,0.9814,0
04050410101,1,0,1,0,0.00225,0.02247,0.00000,0.9680,1
04050410102,0,0,0,0,0.00000,0.00000,0.00000,0.9823,2
04050410103,0,0,0,0,0.00000,0.00000,0.00225,0.9742,0
04050410104,0,0,0,0,0.00000,0.00000,0.00000,0.9801,-1
04050410105,1,1,0,0,0.06754,0.00000,0.00000,0.9792,-1
04050410201,1,1,0,0,0.12815,0.00000,0.00000,0.9734,0
04050410202,1,1,0,0,0.10337,0.00000,0.00000,0.9863,0
04050410203,0,0,0,0,0.00000,0.00000,0.00000,0.9854,0
04050410301,0,,,,,,,0.9775,1
04050410302,0,0,0,0,0.00000,0.00000,0.00000,0.9814,1
04050410303,0,0,0,0,0.00000,0.00000,0.00000,0.9776,-1
04050410304,0,0,0,0,0.00674,0.00000,0.00000,0.9666,2
04050410305,0,0,0,0,0.00000,0.00000,0.00000,0.9844,0
04050410306,1,1,0,0,0.13034,0.00000,0.00000,0.9791,0
04050510101,1,1,0,0,0.10501,0.00000,0.00000,0.9707,1
04050510105,0,0,0,0,0.00000,0.00000,0.00000,0.9798,0
04050510106,0,0,0,0,0.00000,0.00000,0.00000,0.9776,1
04050510107,0,0,0,0,0.00000,0.00000,0.00000,0.9672,0
04050510108,0,0,0,0,0.00000,0.00000,0.00000,0.9830,1
04050510201,1,1,0,0,0.11183,0.00000,0.00000,0.9748,2
04050510202,1,1,0,0,0.10142,0.00000,0.00000,0.9740,1
04050510203,0,0,0,0,0.00000,0.00000,0.00000,0.9754,0
04050510204,0,0,0,0,0.00000,0.00000,0.00000,0.9814,1
04050510205,0,0,0,0,0.00000,0.00000,0.00000,0.9555,0
04050510301,1,1,0,0,0.09198,0.00000,0.00000,0.9803,1
04050510302,0,0,0,0,0.00000,0.00000,0.00000,0.9728,1
04050510303,0,0,0,0,0.00000,0.00000,0.00000,0.9810,0
04060110101,0,0,0,0,0.00000,0.00000,0.00000,0.9716,0
04060110103,0,0,0,0,0.00000,0.00000,0.00000,0.9784,0
04060110201,1,1,0,0,0.15789,0.00000,0.00000,0.9742,1
04060110202,0,0,0,0,0.00000,0.00000,0.00000,0.9795,-1
04060110301,0,0,0,0,0.00000,0.00000,0.00000,0.9646,-4
04060110302,0,0,0,0,0.00000,0.00000,0.00000,0.9756,0
04060210101,1,1,0,0,0.06378,0.00000,0.00000,0.9651,1
04060210201,0,0,0,0,0.00000,0.00000,0.00000,0.9836,1
04060310101,1,1,0,0,0.07798,0.00000,0.00000,0.9719,2
04060310102,1,1,0,0,0.08352,0.00000,0.00000,0.9805,1
04060310103,0,0,0,0,0.00000,0.00000,0.00000,0.9696,-2
04060410102,0,0,0,0,0.00000,0.00000,0.00000,0.9868,1
04060410201,1,1,0,0,0.05955,0.00000,0.00000,0.9663,-2
04060410301,0,0,0,0,0.00000,0.00000,0.00000,0.9747,2
04060410302,0,0,0,0,0.00000,0.00000,0.00000,0.9706,0
04060410401,1,1,0,0,0.06856,0.00000,0.00000,0.9705,-1
04060510101,1,1,0,0,0.06856,0.00000,0.00000,0.9842,0
04060610101,2,1,1,0,0.13397,0.13126,0.00000,0.9620,-2
04060710101,0,0,0,0,0.00000,0.00000,0.00000,0.9674,1
04060710102,0,0,0,0,0.00000,0.00000,0.00000,0.9720,0
04060710103,0,0,0,0,0.00000,0.00000,0.00000,0.9773,0
04060710105,0,0,0,0,0.00000,0.00000,0.00000,0.9759,2
04060710201,0,0,0,0,0.00000,0.00000,0.00000,0.9723,0
04060710202,0,0,0,0,0.00000,0.00000,0.00000,0.9730,0
04060710203,0,0,0,0,0.00000,0.00000,0.00000,0.9686,1
04060710204,0,0,0,0,0.00000,0.00000,0.00000,0.9712,1
04060710301,0,0,0,0,0.00000,0.00220,0.00000,0.9779,-1
04060710302,2,1,1,0,0.10092,0.08945,0.00000,0.9755,1
04060710303,0,0,0,0,0.00000,0.00000,0.00000,0.9750,1
04070110101,1,1,0,0,0.08989,0.00000,0.00000,0.9842,1
04070110102,0,0,0,0,0.00000,0.00000,0.00000,0.9797,2
04070110103,1,1,0,0,0.10329,0.00000,0.00000,0.9779,1
04070110104,0,0,0,0,0.00000,0.00000,0.00000,0.9859,0
04070110105,1,1,0,0,0.02785,0.00000,0.00000,0.9719,0
04070110202,1,1,0,0,0.04944,0.00000,0.00000,0.9721,1
04070110204,0,0,0,0,0.00000,0.00000,0.00000,0.9763,1
04070110206,0,0,0,0,0.00000,0.00000,0.00000,0.9821,1
04070110301,1,1,0,0,0.10135,0.00000,0.00000,0.9575,2
04070110302,1,1,0,0,0.10158,0.00000,0.00000,0.9667,2
04070110303,1,1,0,0,0.02826,0.00000,0.00000,0.9822,2
04070110304,1,1,0,0,0.10824,0.00000,0.00000,0.9758,2
04070210101,2,1,1,0,0.12412,0.11241,0.00000,0.9723,-1
04070210201,2,1,1,0,0.11991,0.03846,0.00000,0.9809,0
04070210202,0,0,0,0,0.00000,0.00000,0.00000,0.9733,1
04070310101,0,0,0,0,0.00000,0.00000,0.00000,0.9666,0
04070310102,0,,,,,,,0.4972,3
04070310103,0,0,0,0,0.00868,0.00000,0.00000,0.9667,0
04070310104,0,0,0,0,0.00000,0.00000,0.00000,0.9755,1
04070310201,0,0,0,0,0.00000,0.00000,0.00000,0.9837,0
04070310202,1,1,0,0,0.01914,0.00000,0.00000,0.9841,0
04070410101,0,0,0,0,0.00000,0.00000,0.00000,0.9736,2
04070410102,1,1,0,0,0.02830,0.00000,0.00000,0.9855,1
04070410103,0,0,0,0,0.00000,0.00000,0.00000,0.5346,2
04070410201,1,1,0,0,0.12673,0.00000,0.00000,0.9785,0
04070410202,1,1,0,0,0.11512,0.00000,0.00000,0.9699,1
04070510101,0,0,0,0,0.00434,0.00000,0.00711,0.9852,1
04070510102,1,1,0,0,0.07876,0.00000,0.00000,0.9808,0
04070510103,0,0,0,0,0.00000,0.00000,0.00000,0.9799,0
04070510104,0,0,0,0,0.00000,0.00000,0.00000,0.9687,1
04070510106,0,0,0,0,0.00000,0.00000,0.00000,0.4968,1
04070510201,0,0,0,0,0.00000,0.00000,0.00000,0.9791,2
04070510202,2,1,1,0,0.08182,0.13258,0.00000,0.9855,0
04070510203,1,1,0,0,0.11685,0.00000,0.00000,0.9810,0
04070510204,0,0,0,0,0.00000,0.00000,0.00000,0.9802,-1
04070510205,1,1,0,0,0.11217,0.00000,0.00000,0.9763,1
04070510301,0,0,0,0,0.00000,0.00000,0.00241,0.9758,-1
04070510302,1,1,0,0,0.05685,0.00239,0.00000,0.9851,1
04070510303,0,0,0,0,0.00000,0.00000,0.00000,0.9870,1
04070510304,0,0,0,0,0.00000,0.00000,0.00000,0.9736,-1
04070510305,0,0,0,0,0.00000,0.00000,0.00000,0.4629,4
04070510306,0,0,0,0,0.00000,0.00000,0.00000,0.9711,1
04070610102,0,0,0,0,0.00000,0.00000,0.00000,0.9845,1
04070610104,0,0,0,0,0.00000,0.00000,0.00000,0.9661,-1
04070610105,0,0,0,0,0.00000,0.00000,0.00000,0.9855,-1
04070610106,0,0,0,0,0.00000,0.00000,0.00000,0.9865,-1
04080110101,0,0,0,0,0.00000,0.00000,0.00000,0.9767,3
04080110102,0,0,0,0,0.00000,0.00000,0.00000,0.9784,2
04080210101,1,1,0,0,0.08200,0.00000,0.00227,0.9705,2
04080210102,1,1,0,0,0.06413,0.00000,0.00000,0.9793,2
04080210103,0,0,0,0,0.00000,0.00000,0.00000,0.9719,-1
04080210201,2,1,1,0,0.03829,0.01735,0.00000,0.9786,1
04080210301,2,1,1,0,0.01456,0.01636,0.00000,0.9806,1
04080210302,2,1,1,0,0.11287,0.06338,0.00000,0.9650,1
04080310101,1,1,0,0,0.05192,0.00000,0.00000,0.9772,1
04080310102,0,0,0,0,0.00000,0.00000,0.00000,0.9721,0
04080310103,0,0,0,0,0.00000,0.00000,0.00000,0.9826,2
04080310104,0,0,0,0,0.00000,0.00000,0.00000,0.9843,0
04080310201,1,1,0,0,0.07416,0.00000,0.00000,0.9722,1
04080310202,1,0,0,1,0.00000,0.00000,0.07675,0.9841,1
04080410101,1,1,0,0,0.12736,0.00000,0.00000,0.9814,1
04080410102,0,0,0,0,0.00000,0.00000,0.00000,0.9774,3
04080410103,0,0,0,0,0.00000,0.00000,0.00000,0.9855,1
04080410202,0,0,0,0,0.00000,0.00000,0.00000,0.9807,2
04080410203,0,0,0,0,0.00000,0.00000,0.00000,0.9578,-2
04080410204,0,0,0,0,0.00000,0.00000,0.00000,0.9772,2
04080410205,0,0,0,0,0.00000,0.00000,0.00000,0.9791,0
04080410301,0,0,0,0,0.00000,0.00000,0.00000,0.9801,1
04080410302,0,0,0,0,0.00000,0.00450,0.00000,0.9707,-1
04080410303,0,0,0,0,0.00000,0.00000,0.00000,0.9663,1
04080410304,1,1,0,0,0.04965,0.00000,0.00000,0.9623,-1
04080410305,0,0,0,0,0.00000,0.00000,0.00000,0.9793,2
04080510101,0,0,0,0,0.00000,0.00000,0.00000,0.9718,1
04080510102,1,1,0,0,0.07078,0.00000,0.00000,0.9773,4
04080510103,1,1,0,0,0.13288,0.00000,0.00000,0.9722,2
04080510201,2,1,1,0,0.08389,0.15894,0.00000,0.9588,4
04080510202,1,1,0,0,0.04966,0.00000,0.00000,0.9805,0
04080510203,1,1,0,0,0.14052,0.00000,0.00000,0.9713,1
04080510301,1,1,0,0,0.16822,0.00000,0.00000,0.9650,1
04080510302,1,1,0,0,0.10526,0.00000,0.00000,0.9592,2
04080610101,1,1,0,0,0.11820,0.00000,0.00000,0.9763,0
04080610102,1,1,0,0,0.05374,0.00000,0.00000,0.9782,1
04080610103,0,0,0,0,0.00000,0.00000,0.00000,0.9090,2
04080610105,0,0,0,0,0.00000,0.00000,0.00000,0.9775,-1
04080710101,1,1,0,0,0.13696,0.00000,0.00000,0.9726,1
04080710102,1,1,0,0,0.03667,0.00000,0.00000,0.9806,1
04080710103,1,1,0,0,0.08852,0.00000,0.00000,0.9368,-4
04080710201,2,1,1,0,0.04177,0.06634,0.00000,0.9714,0
04080710202,0,0,0,0,0.00000,0.00000,0.00000,0.9734,2
04080710203,0,0,0,0,0.00000,0.00000,0.00000,0.9609,1
04080710204,0,0,0,0,0.00000,0.00000,0.00000,0.9749,1
05010110101,1,1,0,0,0.17273,0.00000,0.00000,0.9565,2
05010110102,0,0,0,0,0.00000,0.00000,0.00000,0.9855,-1
05010210101,0,0,0,0,0.00442,0.00000,0.00000,0.9837,-2
05010210201,0,0,0,0,0.00000,0.00000,0.00000,0.9647,1
05010210202,1,1,0,0,0.07780,0.00000,0.00000,0.9579,0
05010310101,0,0,0,0,0.00000,0.00000,0.00000,0.9799,1
05010310201,0,0,0,0,0.00000,0.00000,0.00000,0.9461,0
05010310301,2,1,1,0,0.01822,0.03636,0.00000,0.9728,0
05010410101,1,1,0,0,0.13053,0.00000,0.00000,0.9873,-2
05010410201,1,1,0,0,0.11085,0.00000,0.00000,0.9594,1
05010410301,1,1,0,0,0.08369,0.00000,0.00000,0.9825,1
05010510101,0,0,0,0,0.00000,0.00000,0.00000,0.9779,0
05010510102,0,0,0,0,0.00000,0.00000,0.00000,0.9770,-2
05010510103,0,0,0,0,0.00000,0.00000,0.00000,0.9560,-1
05010610101,0,0,0,0,0.00236,0.00000,0.00000,0.9887,-2
05010610201,0,0,0,0,0.00000,0.00000,0.00222,0.9866,-2
05010610301,0,0,0,0,0.00000,0.00000,0.00000,0.9599,1
05010710101,0,0,0,0,0.00000,0.00000,0.00000,0.9885,-3
05010710102,0,0,0,0,0.00000,0.00000,0.00000,0.9597,0
05010710201,1,1,0,0,0.09333,0.00000,0.00000,0.9802,-2
05010710202,0,0,0,0,0.00000,0.00000,0.00000,0.9573,2
05010710203,0,0,0,0,0.00000,0.00000,0.00221,0.9748,-1
05010810101,1,1,0,0,0.07937,0.00000,0.00000,0.9584,1
05010810201,0,0,0,0,0.00000,0.00000,0.00000,0.9829,-1
05010810301,1,1,0,0,0.09481,0.00000,0.00000,0.9866,-1
05010910101,1,1,0,0,0.05088,0.00000,0.00000,0.9905,-3
05011010101,1,1,0,0,0.10177,0.00000,0.00000,0.9881,0
05011010102,0,0,0,0,0.00000,0.00000,0.00619,0.9723,-2
05011010103,0,0,0,0,0.00000,0.00000,0.00000,0.9828,-1
05011110201,0,0,0,0,0.00000,0.00000,0.00000,0.9744,2
05011110301,0,0,0,0,0.00000,0.00000,0.00000,0.9628,3
05011210101,1,1,0,0,0.07606,0.00000,0.00000,0.9737,0
05011210201,1,1,0,0,0.17011,0.00000,0.00000,0.9468,1
05011210301,1,1,0,0,0.05517,0.00000,0.00000,0.9845,0
05020110101,1,1,0,0,0.08850,0.00000,0.00000,0.9778,-1
05020110201,1,1,0,0,0.08294,0.00000,0.00000,0.9784,-2
05020110202,0,0,0,0,0.00000,0.00000,0.00000,0.9878,-2
05020210101,1,1,0,0,0.11275,0.00000,0.00000,0.9833,-3
05020210102,1,1,0,0,0.11529,0.00000,0.00000,0.9626,0
05020210103,0,0,0,0,0.00000,0.00000,0.00000,0.9754,1
05020210201,1,1,0,0,0.07579,0.00000,0.00000,0.9582,0
05020310101,1,1,0,0,0.09735,0.00000,0.00000,0.9864,0
05020310201,1,1,0,0,0.07356,0.00000,0.00000,0.9871,-1
05020410101,1,1,0,0,0.02947,0.00000,0.00000,0.3984,12
05020410102,1,1,0,0,0.03448,0.00000,0.00000,0.9859,-1
05020510101,0,0,0,0,0.00000,0.00000,0.00000,0.9756,-1
05020510102,0,0,0,0,0.00000,0.00000,0.00000,0.9902,1
05020510103,0,0,0,0,0.00000,0.00000,0.00000,0.9885,-3
05020610101,0,0,0,0,0.00000,0.00000,0.00000,0.9800,3
05020610102,0,0,0,0,0.00000,0.00885,0.00000,0.9887,-2
05020610201,1,1,0,0,0.11778,0.00000,0.00000,0.9837,-2
05020610301,1,1,0,0,0.10539,0.00468,0.00000,0.9686,3
05020710101,0,0,0,0,0.00000,0.00000,0.00000,0.9797,-3
05020710102,2,1,1,0,0.14602,0.07075,0.00000,0.9607,1
05020810101,1,1,0,0,0.05000,0.00000,0.00000,0.9809,-1
05020810102,0,0,0,0,0.00000,0.00000,0.00000,0.9480,0
05020810103,0,0,0,0,0.00000,0.00000,0.00000,0.9858,-2
05020810201,0,0,0,0,0.00000,0.00000,0.00000,0.9580,1
05020810202,0,0,0,0,0.00000,0.00000,0.00000,0.9800,-2
05020810203,1,1,0,0,0.11504,0.00000,0.00000,0.9892,-1
05020810301,0,0,0,0,0.00000,0.00000,0.00000,0.9565,1
05020810302,0,0,0,0,0.00000,0.00000,0.00000,0.9828,-3
05020810303,0,0,0,0,0.00000,0.00000,0.00000,0.9799,-1
05020810401,0,0,0,0,0.00000,0.00000,0.00000,0.9886,-2
05020810402,0,0,0,0,0.00000,0.00000,0.00000,0.9530,1
05020810403,1,1,0,0,0.08088,0.00000,0.00000,0.9875,-2
05020810404,1,1,0,0,0.07517,0.00000,0.00000,0.9474,3
05020910101,1,1,0,0,0.05747,0.00000,0.00000,0.9857,0
05020910201,1,1,0,0,0.05147,0.00000,0.00000,0.9683,1
05021210102,1,1,0,0,0.07317,0.00000,0.00000,0.9194,-1
05030110101,1,1,0,0,0.09425,0.00000,0.00000,0.9882,-1
05030110201,0,0,0,0,0.00000,0.00000,0.00000,0.9791,2
05030110202,1,1,0,0,0.06250,0.00000,0.00000,0.9608,1
05030110203,1,1,0,0,0.09649,0.00000,0.00000,0.9727,0
05030110204,0,0,0,0,0.00000,0.00000,0.00000,0.9842,-2
05030110205,0,0,0,0,0.00000,0.00000,0.00000,0.9825,1
05030110301,0,0,0,0,0.00000,0.00000,0.00000,0.9814,1
05030210101,1,1,0,0,0.05392,0.00000,0.00000,0.9639,-1
05030210102,1,1,0,0,0.05752,0.00000,0.00000,0.9898,-2
05030210201,1,1,0,0,0.05977,0.00000,0.00000,0.9906,-1
05030210202,1,1,0,0,0.10629,0.00000,0.00000,0.9640,1
05030310101,0,0,0,0,0.00000,0.00000,0.00000,0.9632,-2
05030310102,0,0,0,0,0.00000,0.00000,0.00000,0.9708,1
05030310103,1,1,0,0,0.15012,0.00000,0.00000,0.9897,-1
05030310104,0,0,0,0,0.00000,0.00000,0.00000,0.9883,0
05030310201,0,0,0,0,0.00000,0.00000,0.00000,0.9750,-2
05030310202,0,0,0,0,0.00000,0.00000,0.00000,0.9835,-1
05030310301,0,0,0,0,0.00000,0.00000,0.00000,0.9795,-2
05030310302,0,0,0,0,0.00000,0.00000,0.00000,0.9848,-2
05030410101,3,1,1,1,0.15044,0.14159,0.14381,0.9899,-2
05030410201,1,1,0,0,0.12190,0.00000,0.00000,0.9665,1
05030410202,0,0,0,0,0.00462,0.00246,0.00000,0.9890,0
05030510101,0,0,0,0,0.00000,0.00000,0.00000,0.9654,2
05030510201,1,1,0,0,0.02407,0.00000,0.00000,0.9650,0
05030510202,0,0,0,0,0.00000,0.00000,0.00000,0.9821,2
05030610101,0,0,0,0,0.00000,0.00000,0.00000,0.9887,-3
05030610201,1,1,0,0,0.01185,0.00000,0.00000,0.9578,-1
05030610202,1,1,0,0,0.01106,0.00462,0.00690,0.9854,1
05030610301,3,1,1,1,0.02364,0.02059,0.02283,0.9635,2
05030710101,1,0,1,0,0.00935,0.01348,0.00000,0.9596,1
05030710102,1,1,0,0,0.10345,0.00000,0.00000,0.9863,0
05030710103,0,0,0,0,0.00000,0.00000,0.00000,0.9849,-1
05030710201,1,1,0,0,0.06373,0.00000,0.00000,0.9865,0
05030810101,1,1,0,0,0.09502,0.00000,0.00000,0.9581,1
05030810102,1,1,0,0,0.07333,0.00000,0.00000,0.9883,-3
05030810103,1,1,0,0,0.02128,0.00000,0.00000,0.9448,0
05030810104,0,0,0,0,0.00000,0.00000,0.00000,0.9713,-1
05030810105,0,0,0,0,0.00000,0.00000,0.00000,0.9595,1
05030810201,0,0,0,0,0.00000,0.00000,0.00000,0.9839,-3
05030810202,1,1,0,0,0.11947,0.00000,0.00000,0.9793,-3
05030810301,1,1,0,0,0.13717,0.00000,0.00000,0.9846,-3
05030810302,0,0,0,0,0.00000,0.00000,0.00000,0.9897,-1
05030810303,1,1,0,0,0.08966,0.00000,0.00000,0.9878,0
05030810304,1,0,1,0,0.00000,0.01549,0.00230,0.9725,0
05030810401,1,1,0,0,0.11737,0.00661,0.00000,0.9568,2
05030810402,0,0,0,0,0.00000,0.00000,0.00000,0.9846,-1
05030910101,2,1,1,0,0.09198,0.11947,0.00000,0.9627,0
05030910102,0,0,0,0,0.00000,0.00000,0.00000,0.9618,0
05030910103,0,0,0,0,0.00230,0.00825,0.00230,0.9874,-2
05030910201,0,0,0,0,0.00000,0.00000,0.00000,0.9901,-2
05030910202,0,0,0,0,0.00000,0.00000,0.00000,0.9582,0
05030910203,0,0,0,0,0.00000,0.00000,0.00000,0.9620,1
05030910301,1,1,0,0,0.06236,0.00000,0.00000,0.9850,-2
05030910401,1,1,0,0,0.09292,0.00000,0.00000,0.9874,-1
05030910402,0,0,0,0,0.00000,0.00000,0.00000,0.9807,-1
05030910403,0,0,0,0,0.00000,0.00000,0.00000,0.9804,-2
05030910404,0,0,0,0,0.00000,0.00000,0.00000,0.9741,-2
05030910501,1,1,0,0,0.10805,0.00000,0.00000,0.9592,2
05031010101,0,0,0,0,0.00000,0.00000,0.00000,0.9859,1
05031010102,0,0,0,0,0.00000,0.00000,0.00000,0.9652,0
05031010103,1,1,0,0,0.11364,0.00000,0.00000,0.9769,0
05031010104,0,0,0,0,0.00000,0.00000,0.00000,0.9905,-3
05031110101,0,0,0,0,0.00000,0.00000,0.00000,0.9835,-3
05031110201,0,0,0,0,0.00000,0.00000,0.00000,0.9610,2
05031210101,1,1,0,0,0.11283,0.00000,0.00000,0.9909,-3
050401010201,1,1,0,0,0.13103,0.00000,0.00000,0.9908,-1
05040110101,2,1,1,0,0.13164,0.10855,0.00000,0.9754,0
05040110202,1,1,0,0,0.05665,0.00236,0.00000,0.9785,1
05040210101,2,1,1,0,0.07522,0.07075,0.00221,0.9838,-1
05040210201,1,0,1,0,0.00000,0.04406,0.00354,0.3998,-14
05040210301,3,1,1,1,0.09691,0.07356,0.11034,0.9862,-1
05040310101,2,1,1,0,0.08351,0.16060,0.00000,0.9645,2
05040310102,1,1,0,0,0.07126,0.00000,0.00000,0.9860,-1
05040410101,0,0,0,0,0.00000,0.00000,0.00000,0.9780,-1
05040410201,0,0,0,0,0.00000,0.00000,0.00000,0.9784,1
05040510101,1,1,0,0,0.05252,0.00000,0.00000,0.9403,2
05040510102,0,0,0,0,0.00887,0.00000,0.00000,0.9691,2
05040510103,1,1,0,0,0.09932,0.00000,0.00000,0.9698,1
05040510201,0,0,0,0,0.00000,0.00000,0.00000,0.9785,1
05040510301,2,1,1,0,0.12832,0.15487,0.00000,0.9886,0
05040510302,1,1,0,0,0.05081,0.00000,0.00000,0.9760,-1
05040510401,0,0,0,0,0.00000,0.00000,0.00000,0.9623,-1
05040510501,1,1,0,0,0.10352,0.00000,0.00000,0.9643,0
05040510502,0,0,0,0,0.00242,0.00000,0.00000,0.9616,1
05040610101,2,1,1,0,0.07889,0.06186,0.00000,0.9692,1
05040610102,0,0,0,0,0.00230,0.00000,0.00230,0.9908,-1
05040610103,1,1,0,0,0.08255,0.00000,0.00000,0.9702,0
05040610201,0,0,0,0,0.00000,0.00000,0.00458,0.9614,0
05040710201,0,0,0,0,0.00000,0.00000,0.00000,0.9863,-2
05040710301,1,1,0,0,0.05066,0.00000,0.00000,0.9643,0
05040710302,1,1,0,0,0.18100,0.00679,0.00227,0.9717,1
05040810101,1,1,0,0,0.06840,0.00000,0.00000,0.9874,-1
05040810201,0,0,0,0,0.00000,0.00000,0.00000,0.9725,-2
05040810202,0,0,0,0,0.00000,0.00000,0.00000,0.9889,-2
05040810301,2,1,1,0,0.12933,0.15935,0.00000,0.9892,-2
05040910101,1,1,0,0,0.05517,0.00000,0.00000,0.9844,1
05040910102,1,1,0,0,0.08000,0.00000,0.00000,0.9845,1
05040910103,0,0,0,0,0.00000,0.00000,0.00000,0.9654,0
05041010101,1,1,0,0,0.08726,0.00000,0.00000,0.9830,-1
05041010201,0,0,0,0,0.00000,0.00000,0.00000,0.9841,-1
05041010301,0,0,0,0,0.00000,0.00000,0.00000,0.9681,0
05050110101,1,1,0,0,0.08467,0.00000,0.00000,0.9656,1
05050110102,1,1,0,0,0.08049,0.00000,0.00000,0.9671,-1
05050110103,1,1,0,0,0.05310,0.00000,0.00000,0.9749,-2
05050110201,0,0,0,0,0.00000,0.00000,0.00000,0.9820,0
05050110202,1,1,0,0,0.06579,0.00000,0.00000,0.9865,0
05050110301,0,0,0,0,0.00000,0.00000,0.00000,0.9734,-2
05050110302,1,1,0,0,0.10984,0.00000,0.00000,0.9892,-1
05050110303,0,0,0,0,0.00000,0.00000,0.00000,0.9827,-2
05050210101,0,0,0,0,0.00000,0.00000,0.00221,0.9552,-2
05050210201,3,1,1,1,0.04368,0.05517,0.07126,0.9821,0
05050210301,0,0,0,0,0.00444,0.00000,0.00000,0.9853,-1
05050310101,1,1,0,0,0.07852,0.00000,0.00000,0.9899,-1
05050310201,0,0,0,0,0.00000,0.00000,0.00000,0.9794,-2
05050310202,0,0,0,0,0.00000,0.00000,0.00000,0.9829,-2
05050310301,2,1,1,0,0.04598,0.09153,0.00000,0.9813,-1
05050310302,0,0,0,0,0.00000,0.00000,0.00000,0.9639,0
05050310401,1,1,0,0,0.07126,0.00000,0.00000,0.9819,0
05050310402,0,0,0,0,0.00000,0.00000,0.00000,0.9842,-1
05050410101,0,0,0,0,0.00000,0.00000,0.00000,0.9734,-1
05050410301,0,0,0,0,0.00000,0.00000,0.00000,0.9835,-1
05050410302,1,1,0,0,0.09579,0.00000,0.00000,0.9520,1
05050410401,1,1,0,0,0.11264,0.00000,0.00000,0.9790,-3
0505041201,3,1,1,1,0.05868,0.03912,0.05868,0.9726,0
05050510101,1,1,0,0,0.04318,0.00000,0.00000,0.9777,1
05050510102,0,0,0,0,0.00000,0.00000,0.00000,0.9737,-2
05050510201,2,1,1,0,0.10309,0.12815,0.00000,0.9611,0
05050510202,1,1,0,0,0.04279,0.00000,0.00000,0.9768,0
05050510203,1,1,0,0,0.06373,0.00000,0.00000,0.9832,-2
05050510301,0,0,0,0,0.00000,0.00000,0.00000,0.9704,2
05050510302,1,1,0,0,0.09273,0.00000,0.00000,0.9662,1
05050510303,0,0,0,0,0.00000,0.00000,0.00000,0.9571,1
05050510304,0,0,0,0,0.00000,0.00000,0.00000,0.9856,0
05050510305,0,0,0,0,0.00000,0.00000,0.00000,0.9562,-1
05050510401,1,1,0,0,0.10541,0.00000,0.00000,0.9644,0
05050510402,0,0,0,0,0.00000,0.00000,0.00000,0.9731,0
05050510403,0,0,0,0,0.00000,0.00000,0.00000,0.9534,3
05050610101,1,1,0,0,0.01831,0.00000,0.00000,0.9648,1
05050610201,1,1,0,0,0.08444,0.00000,0.00000,0.9741,-1
05050610301,1,1,0,0,0.16150,0.00000,0.00000,0.9891,-2
05050610401,1,1,0,0,0.07743,0.00000,0.00000,0.9818,-2
05050710101,1,1,0,0,0.12389,0.00000,0.00000,0.9516,2
05050710102,1,1,0,0,0.06338,0.00000,0.00000,0.9674,1
05050710103,1,1,0,0,0.11062,0.00000,0.00000,0.9901,-2
05050710104,1,0,1,0,0.00000,0.07159,0.00000,0.9871,1
05050710202,1,1,0,0,0.07598,0.00000,0.00000,0.9844,-1
05050810101,3,1,1,1,0.04657,0.04657,0.09885,0.9908,-3
05060110101,0,0,0,0,0.00000,0.00000,0.00000,0.9725,0
05060110201,1,1,0,0,0.09333,0.00000,0.00000,0.9910,-3
05060110202,1,1,0,0,0.09956,0.00000,0.00000,0.9632,-1
05060210101,0,0,0,0,0.00000,0.00000,0.00000,0.9743,-3
05060210201,1,1,0,0,0.09425,0.00000,0.00000,0.9651,2
05060310101,1,1,0,0,0.09195,0.00000,0.00000,0.9881,-3
05060310201,1,1,0,0,0.10222,0.00000,0.00000,0.9809,0
05060310301,0,0,0,0,0.00000,0.00000,0.00000,0.9788,2
05060310302,0,0,0,0,0.00000,0.00000,0.00000,0.9800,-2
05060310401,1,1,0,0,0.07075,0.00000,0.00000,0.9838,-1
05060310501,1,1,0,0,0.09624,0.00000,0.00000,0.9594,1
05060410101,1,1,0,0,0.09647,0.00000,0.00000,0.9656,1
05060410201,1,1,0,0,0.02517,0.00000,0.00000,0.9706,0
05060410301,1,1,0,0,0.10849,0.00000,0.00000,0.9714,2
05060510101,1,1,0,0,0.04204,0.00000,0.00000,0.9738,0
05060510201,1,1,0,0,0.03676,0.00000,0.00000,0.9790,-2
05060510301,1,1,0,0,0.10023,0.00000,0.00000,0.9525,2
05060610101,2,1,1,0,0.09195,0.09425,0.00000,0.9841,0
05060610201,1,1,0,0,0.07463,0.00000,0.00000,0.9561,1
05060610202,1,1,0,0,0.01333,0.00230,0.00000,0.9771,-1
05060710101,1,1,0,0,0.21609,0.00000,0.00000,0.9817,-1
05060710201,0,0,0,0,0.00000,0.00000,0.00000,0.9772,1
05060810101,1,1,0,0,0.09956,0.00000,0.00000,0.9867,1
05060810201,0,0,0,0,0.00000,0.00000,0.00000,0.9847,-1
05060810301,2,1,1,0,0.10393,0.10575,0.00000,0.9879,-1
05060910101,1,1,0,0,0.05602,0.00000,0.00000,0.9891,0
05060910201,2,1,1,0,0.07552,0.04688,0.00000,0.9802,2
05060910301,1,1,0,0,0.06388,0.00000,0.00000,0.9620,2
05061010101,1,1,0,0,0.06637,0.00000,0.00000,0.9698,1
05061010201,0,0,0,0,0.00000,0.00000,0.00000,0.9892,-2
05061010202,0,0,0,0,0.00000,0.00000,0.00000,0.9788,2
05061010301,0,0,0,0,0.00000,0.00000,0.00215,0.9903,-1
05061010302,0,0,0,0,0.00000,0.00000,0.00000,0.9746,1
05061010303,1,1,0,0,0.03304,0.00000,0.00000,0.9688,-1
05061010401,0,0,0,0,0.00472,0.00000,0.00221,0.9762,-3
05061010402,0,0,0,0,0.00000,0.00000,0.00000,0.9915,-1
05061010403,0,0,0,0,0.00000,0.00000,0.00000,0.9901,-1
05061010501,0,0,0,0,0.00000,0.00000,0.00000,0.9821,-2
05061110101,1,1,0,0,0.11724,0.00000,0.00000,0.9849,0
05061110201,2,1,1,0,0.03000,0.05000,0.00000,0.9679,1
05061210101,2,1,1,0,0.08454,0.07743,0.00000,0.9149,2
05070110101,1,1,0,0,0.12500,0.00000,0.00000,0.9888,-2
05070110102,1,1,0,0,0.07232,0.00000,0.00000,0.9710,1
05070110103,0,0,0,0,0.00000,0.00000,0.00000,0.9572,0
05070110201,1,1,0,0,0.05930,0.00000,0.00000,0.9687,-1
05070110202,1,1,0,0,0.07676,0.00000,0.00000,0.9713,1
05070210101,2,1,1,0,0.09670,0.11520,0.00000,0.9713,-3
05070210201,0,0,0,0,0.00000,0.00000,0.00000,0.9906,-1
05070210202,0,0,0,0,0.00000,0.00000,0.00000,0.9667,0
05070210301,3,1,1,1,0.13778,0.05333,0.14602,0.9706,-3
05070310101,1,1,0,0,0.11034,0.00000,0.00000,0.9794,0
05070310201,3,1,1,1,0.12667,0.10162,0.12990,0.9809,-2
05070310301,1,1,0,0,0.02876,0.00000,0.00000,0.9845,1
05070310302,0,0,0,0,0.00000,0.00000,0.00000,0.9889,-3
05070310401,1,1,0,0,0.12727,0.00000,0.00000,0.9761,0
05070310501,0,0,0,0,0.00000,0.00000,0.00000,0.9876,-2
05070410101,0,0,0,0,0.00000,0.00889,0.00000,0.9895,-1
05070410201,0,0,0,0,0.00000,0.00000,0.00000,0.9851,-1
05070410301,0,0,0,0,0.00000,0.00000,0.00000,0.9387,0
05070410401,0,0,0,0,0.00000,0.00000,0.00000,0.4227,11
05070410402,0,0,0,0,0.00000,0.00000,0.00000,0.9636,1
05070410501,0,0,0,0,0.00000,0.00000,0.00000,0.9887,0
05070410502,0,0,0,0,0.00000,0.00000,0.00000,0.9695,2
05070410503,2,1,1,0,0.02050,0.01735,0.00000,0.9870,0
05070510101,1,1,0,0,0.13496,0.00000,0.00000,0.9897,-2
05070510102,1,1,0,0,0.09655,0.00000,0.00000,0.9851,-1
05070510201,0,0,0,0,0.00000,0.00000,0.00000,0.9841,-2
05070510202,1,0,0,1,0.00000,0.00000,0.06437,0.9806,-1
05070610101,0,0,0,0,0.00000,0.00000,0.00000,0.9823,-3
05070610201,1,1,0,0,0.08966,0.00000,0.00000,0.9847,-1
05070610202,1,1,0,0,0.06178,0.00000,0.00000,0.9549,1
05070610301,2,1,1,0,0.08804,0.06546,0.00000,0.9650,1
05070710101,2,1,1,0,0.11726,0.09071,0.00000,0.9807,-1
05070710201,1,0,0,1,0.00000,0.00000,0.08798,0.9857,-3
05070710301,1,1,0,0,0.07029,0.00000,0.00000,0.9788,1
05070710401,1,0,0,1,0.00000,0.00000,0.03908,0.9783,-1
05070810101,1,1,0,0,0.13333,0.00000,0.00000,0.9884,0
05070810102,0,0,0,0,0.00000,0.00000,0.00000,0.9889,-1
05070810103,1,1,0,0,0.15487,0.00000,0.00000,0.9836,-2
05070810201,1,1,0,0,0.08088,0.00000,0.00000,0.9574,0
05070810202,0,0,0,0,0.00000,0.00000,0.00000,0.9743,-1
05070810301,1,1,0,0,0.07126,0.00000,0.00000,0.9722,1
05070810401,1,1,0,0,0.06897,0.00000,0.00000,0.9806,-1
05070810402,1,1,0,0,0.08656,0.00000,0.00000,0.9720,0
05070810403,0,0,0,0,0.00868,0.00868,0.00455,0.9876,0
05070810404,2,1,1,0,0.08238,0.13272,0.00000,0.9700,-1
05070810501,1,1,0,0,0.05977,0.00000,0.00000,0.9700,-3
05070810502,1,1,0,0,0.10345,0.00000,0.00000,0.9304,2
05070810601,1,1,0,0,0.06195,0.00000,0.00000,0.9745,-1
05070810602,1,1,0,0,0.05747,0.00000,0.00000,0.9597,1
05070810603,1,1,0,0,0.08718,0.00000,0.00000,0.9724,2
05070910101,1,1,0,0,0.08736,0.00000,0.00000,0.9836,-1
05070910102,3,1,1,1,0.01991,0.03774,0.10805,0.9779,-1
05071010101,1,1,0,0,0.12128,0.00000,0.00000,0.9506,3
05071010201,0,0,0,0,0.00000,0.00000,0.00000,0.9876,-1
05071010301,2,1,1,0,0.06897,0.06897,0.00000,0.9805,0
05071110101,1,1,0,0,0.06207,0.00000,0.00000,0.9876,-2
05071110201,0,0,0,0,0.00472,0.00000,0.00000,0.9723,-1
05071110202,0,0,0,0,0.00000,0.00000,0.00000,0.9634,-1
050712010101,0,0,0,0,0.00000,0.00000,0.00000,0.9911,-2
05071210201,3,1,1,1,0.04889,0.09959,0.14807,0.9737,0
05071210202,3,1,1,1,0.13556,0.14222,0.13717,0.9873,-3
05080110101,1,1,0,0,0.07937,0.00000,0.00000,0.9698,0
05080110102,1,1,0,0,0.12168,0.00000,0.00000,0.9786,0
05080110201,3,1,1,1,0.05152,0.03641,0.07728,0.9568,0
05080110301,1,1,0,0,0.07187,0.00000,0.00000,0.9701,1
05080210101,1,1,0,0,0.08506,0.00000,0.00000,0.9711,0
05080210201,2,1,1,0,0.13111,0.14159,0.00000,0.9861,-3
05080210301,1,1,0,0,0.12832,0.00000,0.00000,0.9575,3
05080310101,2,1,1,0,0.12832,0.09735,0.00000,0.9776,0
05080310201,1,1,0,0,0.11013,0.00000,0.00000,0.9570,1
05080310202,1,1,0,0,0.08222,0.00000,0.00000,0.9667,2
05080410101,2,1,1,0,0.08046,0.07356,0.00000,0.9903,-1
05080410201,1,1,0,0,0.10549,0.00000,0.00000,0.9675,3
05080410202,1,1,0,0,0.09885,0.00000,0.00000,0.9865,1
05080510101,3,1,1,1,0.05973,0.06858,0.07356,0.9617,-1
05080610101,2,1,1,0,0.07253,0.12500,0.00000,0.9767,0
05080610201,1,1,0,0,0.10345,0.00000,0.00000,0.9814,1
05080710101,0,0,0,0,0.00706,0.00000,0.00000,0.9714,2
05080710201,1,1,0,0,0.07126,0.00000,0.00000,0.9789,-1
05080710202,1,1,0,0,0.08506,0.00000,0.00000,0.9737,-1
05080710301,1,0,1,0,0.00920,0.03908,0.00000,0.9833,0
05080810101,2,1,1,0,0.14602,0.10841,0.00000,0.9816,-3
05080810201,0,0,0,0,0.00000,0.00000,0.00000,0.9784,-3
05080910101,0,0,0,0,0.00000,0.00000,0.00000,0.9753,-3
05080910102,0,0,0,0,0.00000,0.00000,0.00000,0.9885,-2
05081010101,1,1,0,0,0.08736,0.00000,0.00000,0.9903,-2
05081010201,2,1,1,0,0.06710,0.08009,0.00000,0.9673,2
05081010202,0,0,0,0,0.00442,0.00245,0.00000,0.9639,0
05081010301,2,1,1,0,0.05752,0.07522,0.00000,0.9842,-1
05081110101,0,0,0,0,0.00412,0.00000,0.00000,0.9906,-1
05081110102,0,0,0,0,0.00000,0.00000,0.00000,0.9683,2
05081110201,1,1,0,0,0.09956,0.00000,0.00000,0.9603,2
05081110202,1,1,0,0,0.06636,0.00000,0.00000,0.9616,0
05081110203,1,1,0,0,0.07301,0.00000,0.00000,0.9662,-3
05081110204,1,1,0,0,0.07317,0.00000,0.00000,0.9633,1
05081110205,1,1,0,0,0.12832,0.00000,0.00000,0.9836,0
05081110301,0,0,0,0,0.00000,0.00000,0.00000,0.9791,-1
05081110302,0,0,0,0,0.00000,0.00000,0.00000,0.9706,0
05081110401,1,1,0,0,0.09195,0.00000,0.00000,0.9811,-1
05081210101,0,0,0,0,0.00000,0.00000,0.00000,0.9554,1
05081310101,1,1,0,0,0.09513,0.00000,0.00000,0.9527,0
05081310102,2,1,1,0,0.07598,0.04867,0.00000,0.9882,-3
05081410101,3,1,1,1,0.09735,0.12611,0.12168,0.9895,-2
05081410102,1,1,0,0,0.08866,0.00000,0.00000,0.9690,1
05081510101,1,1,0,0,0.10398,0.00000,0.00000,0.9902,-1
05081510102,0,0,0,0,0.00000,0.00000,0.00000,0.9629,-1
05081510201,1,1,0,0,0.09655,0.00000,0.00000,0.9886,0
05081510202,1,1,0,0,0.08506,0.00000,0.00000,0.9889,-3
05081510301,2,1,1,0,0.02889,0.02212,0.00000,0.9887,-1
05090110101,1,1,0,0,0.18455,0.00000,0.00000,0.9855,-2
05090110201,2,1,1,0,0.11959,0.05287,0.00460,0.9661,0
05090110202,1,1,0,0,0.19957,0.00000,0.00000,0.9902,-3
05090110301,2,1,1,0,0.06437,0.10345,0.00000,0.9628,2
05090210101,1,1,0,0,0.04318,0.00000,0.00000,0.9730,1
05090210102,1,1,0,0,0.01037,0.00000,0.00000,0.9821,-1
05090210201,1,1,0,0,0.17271,0.00000,0.00000,0.9728,-3
05090210301,1,1,0,0,0.09479,0.00000,0.00000,0.9853,-1
05090310101,1,1,0,0,0.05794,0.00000,0.00000,0.9660,0
05090410101,1,1,0,0,0.07126,0.00000,0.00000,0.9807,-2
05090410201,1,1,0,0,0.14216,0.00000,0.00000,0.9582,2
05090410301,1,1,0,0,0.10398,0.00000,0.00000,0.9634,0
05090410302,2,1,1,0,0.12389,0.07725,0.00000,0.9882,-1
05090410401,2,1,1,0,0.07301,0.11374,0.00000,0.9829,0
05090410501,1,1,0,0,0.07311,0.00000,0.00236,0.9828,-2
05090410502,1,1,0,0,0.05778,0.00000,0.00000,0.9867,-1
05090510101,1,1,0,0,0.08590,0.00000,0.00000,0.9747,1
05090510201,1,1,0,0,0.07965,0.00000,0.00000,0.9689,0
06010110101,2,1,1,0,0.09633,0.07500,0.00000,0.9636,0
06010110201,1,1,0,0,0.09955,0.00000,0.00000,0.9595,1
06010110301,1,1,0,0,0.07798,0.00238,0.00000,0.9514,0
06010210101,1,1,0,0,0.07860,0.00000,0.00000,0.9509,0
06010210201,1,0,0,1,0.00000,0.00000,0.10501,0.9541,1
06010310101,1,1,0,0,0.08145,0.00000,0.00000,0.9557,1
06010310102,0,0,0,0,0.00000,0.00000,0.00000,0.9615,1
06010310103,1,1,0,0,0.12896,0.00000,0.00000,0.9428,1
06010410101,1,1,0,0,0.08257,0.00000,0.00000,0.9314,0
06010510101,0,0,0,0,0.00000,0.00000,0.00000,0.9079,1
06010610101,0,0,0,0,0.00000,0.00000,0.00437,0.9549,1
06010610201,0,0,0,0,0.00000,0.00000,0.00000,0.8128,3
06010610301,1,1,0,0,0.10412,0.00000,0.00000,0.7208,6
06010610401,1,1,0,0,0.08297,0.00000,0.00000,0.9214,1
06020110101,1,1,0,0,0.11217,0.00000,0.00000,0.9438,0
06020110201,2,1,1,0,0.09404,0.05489,0.00000,0.9659,1
06020110301,1,1,0,0,0.08486,0.00000,0.00000,0.9586,1
06020110401,0,0,0,0,0.00000,0.00000,0.00000,0.9591,1
06020210101,2,1,1,0,0.07018,0.05300,0.00000,0.9603,0
06020210102,1,1,0,0,0.07466,0.00000,0.00000,0.9628,1
06020210201,2,1,1,0,0.02045,0.03636,0.00000,0.9557,1
06020210202,1,1,0,0,0.06550,0.00000,0.00000,0.8687,4
06020210301,1,1,0,0,0.08257,0.00000,0.00000,0.8982,3
06020210302,2,1,1,0,0.10064,0.11983,0.00000,0.9078,3
06020210401,2,1,1,0,0.08515,0.08182,0.00000,0.9692,1
06020210402,2,1,1,0,0.11468,0.16364,0.00000,0.9545,1
06020210403,1,1,0,0,0.05869,0.00000,0.00000,0.8917,3
06020310101,1,1,0,0,0.07126,0.00000,0.00000,0.8916,3
06020310201,1,1,0,0,0.11697,0.00000,0.00000,0.9130,1
06020310202,1,1,0,0,0.07466,0.00000,0.00230,0.8997,2
06020310203,1,1,0,0,0.11136,0.00000,0.00000,0.9607,2
06020410101,1,1,0,0,0.11136,0.00000,0.00000,0.9637,1
06020410201,1,1,0,0,0.09773,0.00000,0.00455,0.9428,0
06020410301,1,1,0,0,0.07642,0.00000,0.00000,0.9414,1
06020410401,1,1,0,0,0.06798,0.00000,0.00000,0.9617,1
06020410501,1,1,0,0,0.09368,0.00000,0.00000,0.9055,3
06020510101,1,1,0,0,0.12896,0.00000,0.00000,0.8943,3
06020510201,1,1,0,0,0.03846,0.00000,0.00000,0.8823,3
06020610101,1,1,0,0,0.07014,0.00000,0.00000,0.8863,3
06020610201,1,1,0,0,0.06561,0.00000,0.00000,0.8814,4
06020610301,1,1,0,0,0.09170,0.00000,0.00226,0.9071,1
06020710101,0,0,0,0,0.00000,0.00000,0.00000,0.9199,1
06020710201,0,0,0,0,0.00000,0.00000,0.00000,0.9332,1
06020710301,1,1,0,0,0.12670,0.00000,0.00000,0.9139,3
06020810101,1,1,0,0,0.09026,0.00000,0.00000,0.9191,2
06020910101,0,0,0,0,0.00000,0.00000,0.00000,0.9362,1
06020910102,1,1,0,0,0.02036,0.00437,0.00000,0.8650,3
06030110101,1,1,0,0,0.07062,0.00000,0.00000,0.8905,3
06030210101,1,1,0,0,0.11468,0.00000,0.00000,0.9502,0
06030210201,1,0,0,1,0.00000,0.00000,0.10746,0.9624,0
06030310101,0,0,0,0,0.00226,0.00679,0.00218,0.9520,1
06030310201,0,0,0,0,0.00000,0.00000,0.00000,0.8927,2
06030410101,0,0,0,0,0.00000,0.00000,0.00000,0.9592,1
06030410201,0,0,0,0,0.00000,0.00000,0.00000,0.9314,1
06030410202,1,1,0,0,0.08145,0.00229,0.00000,0.9642,0
06030410301,3,1,1,1,0.10451,0.01835,0.01965,0.9710,0
06030410302,1,1,0,0,0.11933,0.00000,0.00000,0.9652,0
06030410401,0,0,0,0,0.00000,0.00000,0.00000,0.9043,3
06030510101,2,1,0,1,0.01754,0.00000,0.01092,0.8847,0
06030510201,1,1,0,0,0.09170,0.00000,0.00000,0.9442,1
06030610101,0,0,0,0,0.00000,0.00000,0.00000,0.7879,5
06030610201,0,0,0,0,0.00000,0.00000,0.00000,0.9479,1
06030710101,0,0,0,0,0.00000,0.00000,0.00000,0.9666,0
06030710102,1,1,0,0,0.09976,0.00000,0.00000,0.8995,3
06030810101,1,1,0,0,0.02412,0.00922,0.00000,0.9757,-1
06030810201,0,0,0,0,0.00227,0.00455,0.00000,0.9673,0
06030910101,1,1,0,0,0.06413,0.00000,0.00000,0.9006,3
06030910102,1,1,0,0,0.05430,0.00238,0.00000,0.8621,4
06030910103,0,0,0,0,0.00226,0.00000,0.00000,0.9457,0
06030910104,1,1,0,0,0.07876,0.00000,0.00000,0.9597,0
06040110101,0,0,0,0,0.00000,0.00000,0.00000,0.9800,-1
06040110201,1,1,0,0,0.08715,0.00451,0.00000,0.8900,3
06040110301,1,1,0,0,0.11239,0.00000,0.00000,0.9555,1
06040210101,1,1,0,0,0.06987,0.00000,0.00000,0.9430,1
06040220101,1,1,0,0,0.08126,0.00000,0.00000,0.7813,6
06040220102,1,1,0,0,0.08076,0.00000,0.00000,0.9573,1
06040310101,1,1,0,0,0.13290,0.00000,0.00000,0.8901,2
06040310201,1,1,0,0,0.06109,0.00000,0.00000,0.9655,0
06040410101,1,1,0,0,0.04545,0.00000,0.00000,0.9654,0
06040410201,1,1,0,0,0.14847,0.00226,0.00873,0.9435,0
06050110101,1,1,0,0,0.06998,0.00000,0.00000,0.8943,3
06050110201,1,1,0,0,0.06109,0.00000,0.00000,0.8939,3
06050110301,1,1,0,0,0.07637,0.00000,0.00000,0.9561,0
06050110401,1,1,0,0,0.05011,0.00000,0.00000,0.8079,4
06050210101,0,0,0,0,0.00000,0.00000,0.00000,0.9420,1
06050210201,0,0,0,0,0.00000,0.00000,0.00000,0.9380,1
06050210202,0,0,0,0,0.00000,0.00000,0.00000,0.9490,1
06050210203,0,0,0,0,0.00955,0.00227,0.00000,0.9456,1
06050210301,0,0,0,0,0.00000,0.00000,0.00000,0.9558,1
06050210401,1,1,0,0,0.09091,0.00000,0.00000,0.9481,1
06050210402,1,1,0,0,0.10214,0.00000,0.00000,0.9105,1
06050310101,1,1,0,0,0.04805,0.00000,0.00000,0.8675,3
06050410101,0,0,0,0,0.00000,0.00000,0.00455,0.9519,1
06050510101,1,1,0,0,0.08715,0.00000,0.00000,0.8923,4
06050510201,1,1,0,0,0.09276,0.00000,0.00000,0.9045,3
06050510202,0,0,0,0,0.00000,0.00000,0.00000,0.9561,1
06050510301,1,1,0,0,0.08551,0.00000,0.00000,0.9553,1
06050610101,0,0,0,0,0.00000,0.00000,0.00000,0.9246,1
06050610201,0,0,0,0,0.00000,0.00000,0.00000,0.9399,1
06050610301,0,0,0,0,0.00000,0.00000,0.00000,0.9439,1
06060110101,0,,,,,,,0.9582,4
06060110102,0,0,0,0,0.00000,0.00000,0.00000,0.9332,4
06060120101,0,0,0,0,0.00000,0.00000,0.00000,0.9170,5
06060120102,1,1,0,0,0.05736,0.00000,0.00000,0.9404,4
06060210101,0,0,0,0,0.00000,0.00225,0.00000,0.9528,6
06060210201,1,1,0,0,0.07736,0.00000,0.00000,0.9680,2
06060310101,1,1,0,0,0.14661,0.00000,0.00000,0.9569,6
06060310201,0,,,,,,,0.9533,3
06070110101,0,0,0,0,0.00000,0.00000,0.00000,0.9202,1
06070110102,1,1,0,0,0.07675,0.00000,0.00000,0.8825,4
06070110201,0,0,0,0,0.00000,0.00000,0.00000,0.7831,4
06070110202,1,1,0,0,0.05204,0.00000,0.00000,0.8331,4
06070110203,0,0,0,0,0.00452,0.00000,0.00000,0.8451,3
06070210101,1,1,0,0,0.07957,0.00000,0.00000,0.8577,4
06070210201,3,1,1,1,0.01747,0.01747,0.02183,0.9261,2
06070210301,0,0,0,0,0.00000,0.00000,0.00000,0.9524,2
06070210401,1,0,0,1,0.00000,0.00000,0.04072,0.9665,1
06070210501,1,1,0,0,0.06109,0.00000,0.00000,0.9584,1
06070310101,1,1,0,0,0.09211,0.00000,0.00000,0.9383,0
06070310201,1,1,0,0,0.11354,0.00000,0.00000,0.9534,1
06070310202,1,1,0,0,0.09318,0.00000,0.00000,0.9598,1
06070310203,1,1,0,0,0.06332,0.00000,0.00000,0.9663,1
06070310301,1,1,0,0,0.09389,0.00000,0.00000,0.9493,1
06070310302,1,1,0,0,0.08282,0.00000,0.00000,0.9035,5
06070310401,1,1,0,0,0.13449,0.00000,0.00000,0.7465,7
06070310402,2,1,1,0,0.08824,0.11354,0.00000,0.9214,2
06070410101,1,1,0,0,0.12443,0.00219,0.00219,0.9372,1
06070410102,2,1,1,0,0.08145,0.07919,0.00000,0.9433,2
06070410103,1,1,0,0,0.07895,0.00000,0.00000,0.9669,1
06070410201,1,1,0,0,0.02262,0.00000,0.00000,0.8513,5
06070410202,1,1,0,0,0.14908,0.00000,0.00000,0.8783,2
06070410203,1,1,0,0,0.11312,0.00000,0.00000,0.9315,1
06070510101,1,1,0,0,0.07339,0.00000,0.00000,0.9455,1
06070510102,0,0,0,0,0.00000,0.00000,0.00000,0.9328,1
06070510201,1,1,0,0,0.06109,0.00000,0.00000,0.8672,1
06070510202,2,1,1,0,0.11239,0.07424,0.00000,0.9624,1
06070510203,1,1,0,0,0.08952,0.00000,0.00000,0.9147,2
06070610101,1,1,0,0,0.08297,0.00000,0.00000,0.9279,2
06070610201,1,1,0,0,0.12636,0.00000,0.00000,0.9146,4
06070610301,1,1,0,0,0.12273,0.00000,0.00000,0.9549,1
06070610302,0,0,0,0,0.00000,0.00000,0.00000,0.9169,2
06070610401,0,0,0,0,0.00000,0.00000,0.00000,0.9435,2
06070610501,1,1,0,0,0.02838,0.00227,0.00000,0.9574,1
06070710101,1,1,0,0,0.07466,0.00000,0.00000,0.9124,1
06070710201,1,1,0,0,0.09545,0.00000,0.00000,0.8941,3
06070810101,1,1,0,0,0.14967,0.00000,0.00000,0.8682,5
06070810201,1,1,0,0,0.09318,0.00000,0.00000,0.9641,0
06080110101,1,1,0,0,0.08789,0.00000,0.00000,0.8771,3
06080110102,1,1,0,0,0.07692,0.00000,0.00000,0.9483,1
06080110103,1,1,0,0,0.10706,0.00000,0.00000,0.8578,4
06080110104,0,0,0,0,0.00000,0.00000,0.00000,0.9636,1
06080120101,1,1,0,0,0.08257,0.00000,0.00000,0.9372,1
06080120102,1,1,0,0,0.10227,0.00000,0.00000,0.9125,1
06080120103,0,0,0,0,0.00000,0.00000,0.00000,0.8881,4
06080120104,1,1,0,0,0.14192,0.00000,0.00000,0.9141,1
06080120201,1,1,0,0,0.08314,0.00000,0.00000,0.9643,1
06080120203,1,1,0,0,0.07205,0.00000,0.00000,0.9489,0
06080130101,1,1,0,0,0.09547,0.00000,0.00000,0.9541,1
06080130102,1,1,0,0,0.09501,0.00000,0.00000,0.9477,1
06080130103,1,1,0,0,0.12385,0.00000,0.00000,0.9027,4
06080130201,1,1,0,0,0.12385,0.00000,0.00000,0.9664,0
06080130202,1,1,0,0,0.11842,0.00000,0.00000,0.9732,0
06080130203,1,1,0,0,0.14027,0.00000,0.00000,0.8603,4
06080130301,1,1,0,0,0.08551,0.00000,0.00000,0.9232,0
06080130302,1,1,0,0,0.07727,0.00000,0.00000,0.9648,0
06080210102,1,1,0,0,0.08716,0.00000,0.00000,0.9529,1
06080210201,1,1,0,0,0.11765,0.00000,0.00000,0.9615,0
06080210301,1,1,0,0,0.14192,0.00000,0.00000,0.9462,1
06080210401,1,1,0,0,0.03819,0.00000,0.00000,0.9563,1
06080210501,1,1,0,0,0.06635,0.00000,0.00000,0.9178,3
06080210601,1,1,0,0,0.06550,0.00000,0.00000,0.9520,0
06080310101,1,1,0,0,0.06787,0.00000,0.00000,0.9574,1
06080310201,1,1,0,0,0.10682,0.00227,0.00000,0.9554,1
06090110101,1,1,0,0,0.09389,0.00000,0.00000,0.9363,1
06090110201,1,0,0,1,0.00000,0.00229,0.08409,0.9732,1
06090110301,1,1,0,0,0.07919,0.00000,0.00000,0.8881,3
06090210101,1,1,0,0,0.07045,0.00000,0.00000,0.9050,1
06090310101,0,0,0,0,0.00000,0.00000,0.00000,0.9048,1
06090310201,3,1,1,1,0.03661,0.05263,0.04793,0.8880,4
06090410101,1,1,0,0,0.18052,0.00000,0.00000,0.9438,1
06090410201,1,1,0,0,0.14192,0.00000,0.00000,0.9379,1
06090410202,1,1,0,0,0.07232,0.00000,0.00000,0.8949,3
06090410301,1,1,0,0,0.05664,0.00000,0.00000,0.8470,3
06090410302,1,1,0,0,0.07670,0.00000,0.00000,0.9641,1
06090410401,1,1,0,0,0.08831,0.00000,0.00000,0.9600,1
06090410402,1,1,0,0,0.11639,0.00000,0.00000,0.9319,1
06090510101,1,1,0,0,0.06972,0.00000,0.00000,0.8891,1
06090510201,1,1,0,0,0.07876,0.00000,0.00229,0.9603,0
06090610101,0,0,0,0,0.00000,0.00000,0.00000,0.8955,1
06090610201,1,1,0,0,0.08602,0.00000,0.00000,0.9374,1
06090710101,1,1,0,0,0.03636,0.00000,0.00000,0.9682,1
06090710102,1,1,0,0,0.08903,0.00000,0.00000,0.8394,4
06090710201,2,1,1,0,0.07675,0.10965,0.00000,0.9525,1
06090710202,1,1,0,0,0.04513,0.00000,0.00000,0.9599,1
06090710203,1,1,0,0,0.08824,0.00000,0.00000,0.9238,1
06090710301,0,0,0,0,0.00000,0.00000,0.00000,0.9567,1
06090810101,1,1,0,0,0.09501,0.00000,0.00000,0.9630,1
06090810201,1,1,0,0,0.09242,0.00000,0.00000,0.8752,4
06090810301,1,1,0,0,0.07466,0.00000,0.00000,0.8933,4
06090910101,0,0,0,0,0.00000,0.00000,0.00000,0.9512,1
06090910201,2,1,1,0,0.11364,0.01250,0.00658,0.9442,1
06091010101,1,1,0,0,0.06398,0.00000,0.00000,0.8896,4
06091010201,2,1,1,0,0.01376,0.02850,0.00000,0.9388,1
06091010202,1,1,0,0,0.04299,0.00000,0.00000,0.9371,0
06091110101,1,1,0,0,0.07569,0.00000,0.00000,0.8676,4
06091210101,1,1,0,0,0.10740,0.00000,0.00000,0.9488,1
06091210102,1,1,0,0,0.08314,0.00000,0.00000,0.9535,1
06100110101,1,1,0,0,0.03318,0.00000,0.00000,0.8108,2
06100110201,1,1,0,0,0.09404,0.00000,0.00000,0.8853,3
06100210101,0,0,0,0,0.00000,0.00000,0.00000,0.9522,0
06100310101,1,1,0,0,0.07820,0.00000,0.00000,0.9033,3
06100310201,1,1,0,0,0.06136,0.00000,0.00000,0.9523,1
06100310301,1,1,0,0,0.08592,0.00000,0.00000,0.9453,1
06100410101,1,1,0,0,0.10917,0.00915,0.00000,0.9011,3
06100410301,1,1,0,0,0.05240,0.00000,0.00000,0.9496,1
06100410302,1,1,0,0,0.09481,0.00000,0.00000,0.8957,4
06100410303,1,1,0,0,0.10407,0.00000,0.00000,0.8930,2
06100410304,1,1,0,0,0.11468,0.00000,0.00000,0.9530,1
06100510101,0,0,0,0,0.00000,0.00000,0.00000,0.9493,1
06100510201,1,1,0,0,0.08716,0.00000,0.00000,0.9400,1
06100610101,1,1,0,0,0.06651,0.00000,0.00000,0.9373,1
06100610201,1,1,0,0,0.09174,0.00000,0.00000,0.9668,0
06100610301,1,1,0,0,0.12896,0.00000,0.00000,0.9533,0
06100710101,1,1,0,0,0.06335,0.00000,0.00000,0.9626,0
06100710201,1,1,0,0,0.10699,0.00000,0.00000,0.9626,0
06100810101,1,1,0,0,0.04977,0.00000,0.00000,0.9638,1
06100810201,1,1,0,0,0.12636,0.00000,0.00000,0.8893,4
06100810301,1,1,0,0,0.06178,0.00000,0.00000,0.8950,3
06100810401,1,1,0,0,0.06888,0.00000,0.00229,0.8622,2
06110110101,1,1,0,0,0.07727,0.00000,0.00000,0.9269,1
06110210101,1,1,0,0,0.08182,0.00000,0.00000,0.9305,1
06110310101,1,0,1,0,0.00452,0.02294,0.00000,0.9391,1
06110410101,1,1,0,0,0.10609,0.00000,0.00000,0.8647,3
06110410201,1,1,0,0,0.06651,0.00000,0.00000,0.8852,4
06110510101,0,0,0,0,0.00903,0.00000,0.00000,0.8312,4
06110510201,1,1,0,0,0.08182,0.00000,0.00000,0.9257,0
06110510301,0,0,0,0,0.00000,0.00000,0.00000,0.9453,1
06110610101,1,1,0,0,0.07675,0.00000,0.00000,0.9555,0
06110610201,1,1,0,0,0.07240,0.00000,0.00000,0.8777,4
06110710101,1,1,0,0,0.09825,0.00000,0.00000,0.9340,1
06110710201,0,0,0,0,0.00000,0.00000,0.00000,0.9371,0
06110810101,1,1,0,0,0.04072,0.00000,0.00000,0.8859,3
06110810201,1,1,0,0,0.08734,0.00000,0.00000,0.9211,1
06110810202,1,1,0,0,0.08945,0.00000,0.00000,0.9516,1
06110810203,1,1,0,0,0.07273,0.00000,0.00000,0.9434,1
06110810301,2,1,1,0,0.01747,0.01147,0.00000,0.9616,1
06110810302,1,1,0,0,0.04585,0.00000,0.00000,0.9535,1
06110810401,0,0,0,0,0.00218,0.00000,0.00000,0.8384,3
06110810402,1,1,0,0,0.10493,0.00000,0.00000,0.7668,7
06110810501,1,1,0,0,0.07240,0.00452,0.00452,0.8865,4
06110910101,1,1,0,0,0.05251,0.00000,0.00000,0.9562,1
06120110101,0,0,0,0,0.00000,0.00000,0.00000,0.8828,3
06120110201,1,1,0,0,0.14629,0.00917,0.00000,0.9296,1
06120210101,1,1,0,0,0.11364,0.00000,0.00000,0.9470,1
06120210201,1,1,0,0,0.06176,0.00000,0.00000,0.9383,0
06120310101,1,1,0,0,0.06335,0.00000,0.00000,0.9694,1
06120310201,1,1,0,0,0.04525,0.00000,0.00000,0.9594,1
06120310301,0,0,0,0,0.00000,0.00000,0.00000,0.9382,1
06120310302,1,1,0,0,0.09091,0.00000,0.00000,0.9577,1
06120410101,1,1,0,0,0.20455,0.00000,0.00000,0.9352,1
06120410102,1,1,0,0,0.07955,0.00000,0.00000,0.9650,0
06120510101,1,1,0,0,0.10321,0.00000,0.00000,0.7868,2
06120510201,1,1,0,0,0.08145,0.00000,0.00000,0.9449,1
06120610101,1,1,0,0,0.10092,0.00000,0.00000,0.9572,1
06120610201,1,1,0,0,0.06332,0.00000,0.00000,0.8964,4
06120610301,1,1,0,0,0.12200,0.00000,0.00000,0.8940,4
06120710101,1,1,0,0,0.03800,0.00000,0.00000,0.9003,3
06120710201,1,1,0,0,0.11404,0.00000,0.00000,0.9610,1
06120810101,1,1,0,0,0.12385,0.00000,0.00000,0.9548,1
06120810201,1,1,0,0,0.11790,0.00000,0.00000,0.9555,2
06120910101,1,1,0,0,0.11086,0.00000,0.00000,0.8358,3
06120910102,1,1,0,0,0.09308,0.00000,0.00000,0.9630,1
06120910201,1,1,0,0,0.07424,0.00000,0.00000,0.9458,0
06120910202,1,1,0,0,0.05463,0.00000,0.00000,0.9123,1
07010110101,0,0,0,0,0.00688,0.00000,0.00000,0.9429,2
07010110201,1,1,0,0,0.10069,0.00000,0.00220,0.9854,0
07010110301,1,1,0,0,0.07212,0.00000,0.00000,0.9862,1
07010110401,2,1,1,0,0.18029,0.09862,0.00000,0.9617,2
07010210101,0,0,0,0,0.00000,0.00000,0.00241,0.9646,-1
07010210201,0,0,0,0,0.00000,0.00000,0.00000,0.9485,2
07010210301,1,1,0,0,0.11213,0.00000,0.00000,0.9880,3
07010310101,1,1,0,0,0.08434,0.00000,0.00000,0.9816,1
07010310201,0,0,0,0,0.00000,0.00000,0.00000,0.9461,0
07010310301,1,1,0,0,0.09132,0.00000,0.00000,0.9618,0
07010410101,1,1,0,0,0.07692,0.00000,0.00000,0.9650,1
07010510101,1,1,0,0,0.07812,0.00000,0.00000,0.9178,-3
07010510102,1,1,0,0,0.12156,0.00000,0.00000,0.9626,0
07010510201,1,1,0,0,0.12615,0.00000,0.00000,0.9584,1
07010510202,1,0,0,1,0.00442,0.00000,0.01965,0.9771,0
07010510203,1,1,0,0,0.06250,0.00000,0.00000,0.9894,0
07010510204,0,0,0,0,0.00000,0.00000,0.00000,0.9821,0
07010510301,0,0,0,0,0.00000,0.00000,0.00000,0.9165,3
07010510401,1,1,0,0,0.05556,0.00000,0.00000,0.9619,1
07010510501,0,0,0,0,0.00000,0.00000,0.00261,0.9399,1
07010610101,0,0,0,0,0.00000,0.00000,0.00000,0.9744,0
07010610201,0,0,0,0,0.00229,0.00000,0.00000,0.9547,1
07010710101,3,1,1,1,0.06818,0.08597,0.06667,0.9442,0
07010710201,3,1,1,1,0.07780,0.03118,0.08796,0.9799,2
07010710301,3,1,1,1,0.13501,0.08696,0.09633,0.9444,3
07010810101,2,1,1,0,0.13730,0.09840,0.00000,0.9441,1
07010910101,1,1,0,0,0.12842,0.00442,0.00000,0.9880,0
07010910201,1,1,0,0,0.10162,0.00000,0.00000,0.9730,0
07011010101,0,0,0,0,0.00000,0.00000,0.00238,0.9391,1
07011010201,2,1,1,0,0.07933,0.07933,0.00000,0.9700,0
07011010301,1,1,0,0,0.05324,0.00000,0.00000,0.9871,-1
070110501,1,1,0,0,0.10435,0.00000,0.00000,0.9616,-1
07020110101,0,0,0,0,0.00000,0.00000,0.00000,0.9870,1
07020110201,0,0,0,0,0.00000,0.00000,0.00000,0.9708,1
07020210101,1,0,0,1,0.00000,0.00986,0.03945,0.3974,-15
07020210201,1,1,0,0,0.13043,0.00000,0.00000,0.9449,2
07020210202,1,1,0,0,0.07852,0.00000,0.00000,0.9833,0
07020210203,1,1,0,0,0.03432,0.00458,0.00000,0.9518,2
07020210301,1,1,0,0,0.05923,0.00000,0.00000,0.9446,1
07020210401,1,1,0,0,0.07569,0.00000,0.00000,0.9833,1
07020310101,1,1,0,0,0.12814,0.00000,0.00000,0.9801,0
07020410101,1,1,0,0,0.09353,0.00000,0.00000,0.9750,1
07020510101,0,0,0,0,0.00000,0.00000,0.00000,0.9396,2
07030110101,0,0,0,0,0.00000,0.00000,0.00000,0.9781,0
07030110201,0,0,0,0,0.00481,0.00000,0.00000,0.9619,-1
07030110301,0,0,0,0,0.00000,0.00221,0.00000,0.9226,-4
07030210102,1,1,0,0,0.08238,0.00000,0.00000,0.9511,1
07030210201,1,1,0,0,0.10602,0.00000,0.00000,0.9726,0
07030310101,2,0,1,1,0.00240,0.01923,0.01683,0.9445,0
07030310102,1,1,0,0,0.09975,0.00000,0.00000,0.9508,-1
07030310201,1,1,0,0,0.14183,0.00000,0.00000,0.9509,2
07030310202,1,1,0,0,0.12200,0.00000,0.00000,0.9512,3
07030310301,0,0,0,0,0.00000,0.00231,0.00000,0.9244,0
07030310401,0,0,0,0,0.00000,0.00000,0.00000,0.9822,0
07030410101,0,0,0,0,0.00000,0.00000,0.00000,0.9839,1
07030410201,0,0,0,0,0.00000,0.00000,0.00000,0.9878,0
07030410301,1,1,0,0,0.12470,0.00000,0.00000,0.9810,0
07030510101,1,1,0,0,0.10699,0.00000,0.00000,0.9814,0
07030510201,0,0,0,0,0.00000,0.00000,0.00000,0.9802,0
07030510301,1,1,0,0,0.08028,0.00000,0.00000,0.9867,2
07030610101,0,0,0,0,0.00000,0.00000,0.00000,0.9445,1
07030610201,1,1,0,0,0.06954,0.00000,0.00000,0.9788,1
07030610301,1,1,0,0,0.05048,0.00000,0.00000,0.9879,1
07030710101,1,1,0,0,0.08811,0.00000,0.00000,0.9397,2
07040110101,1,1,0,0,0.07158,0.00000,0.00000,0.9802,0
07040110201,1,1,0,0,0.04327,0.00000,0.00000,0.9497,3
07040210101,1,1,0,0,0.09633,0.00000,0.00000,0.9849,-1
07040210201,0,0,0,0,0.00000,0.00000,0.00000,0.9473,0
07040310101,2,1,1,0,0.06881,0.05505,0.00000,0.9406,1
07040310201,1,1,0,0,0.05516,0.00000,0.00000,0.9550,1
07040310301,1,1,0,0,0.09153,0.00000,0.00000,0.9441,2
07040410101,2,1,1,0,0.08257,0.10209,0.00000,0.9267,3
07040510101,1,1,0,0,0.12335,0.00000,0.00000,0.9649,0
07040510102,1,1,0,0,0.08168,0.00000,0.00000,0.9573,0
07040510103,0,0,0,0,0.00000,0.00000,0.00000,0.9530,0
07040510201,0,0,0,0,0.00000,0.00221,0.00000,0.9702,1
07040510202,1,1,0,0,0.05275,0.00231,0.00000,0.9786,0
07040610101,2,1,1,0,0.13657,0.09375,0.00000,0.9819,1
07040610201,1,1,0,0,0.08173,0.00000,0.00000,0.9869,1
07040710101,0,0,0,0,0.00231,0.00000,0.00000,0.9771,-1
07040710201,1,1,0,0,0.07604,0.00000,0.00000,0.9382,1
07040810101,2,1,0,1,0.10755,0.00000,0.13024,0.9444,0
07050110101,1,0,0,1,0.00000,0.00000,0.13702,0.9504,1
07050210101,1,1,0,0,0.10917,0.00000,0.00000,0.9475,2
07050210102,0,0,0,0,0.00000,0.00000,0.00000,0.9728,-1
07050310101,1,0,0,1,0.00741,0.00985,0.01481,0.9842,2
07050310201,0,0,0,0,0.00000,0.00000,0.00000,0.9885,0
07050410101,0,0,0,0,0.00000,0.00000,0.00000,0.9513,0
07050410201,1,1,0,0,0.12156,0.00000,0.00000,0.9829,-1
07050410301,1,0,1,0,0.00000,0.04268,0.00000,0.8774,-7
07050410302,0,0,0,0,0.00000,0.00000,0.00000,0.9539,-3
07050410303,1,1,0,0,0.11960,0.00000,0.00000,0.9007,-6
07050510101,3,1,1,1,0.11194,0.08153,0.08153,0.5744,1
07050510201,0,0,0,0,0.00000,0.00000,0.00238,0.9170,-3
07050510301,0,0,0,0,0.00000,0.00000,0.00000,0.9437,-1
07050610101,0,0,0,0,0.00000,0.00462,0.00000,0.9708,0
07050610201,0,0,0,0,0.00000,0.00000,0.00000,0.9407,3
07060110101,2,1,0,1,0.01606,0.00222,0.02074,0.9473,1
07060110201,0,0,0,0,0.00000,0.00000,0.00000,0.9601,1
07060110301,1,1,0,0,0.10321,0.00000,0.00000,0.9753,-1
07060210101,1,0,1,0,0.00754,0.07748,0.00000,0.9878,-1
07060210102,0,0,0,0,0.00000,0.00000,0.00000,0.9562,1
07060210201,0,0,0,0,0.00000,0.00000,0.00000,0.9725,0
07060210202,1,1,0,0,0.12579,0.00000,0.00000,0.9494,2
07060210301,0,0,0,0,0.00000,0.00000,0.00000,0.9851,1
07060210302,0,0,0,0,0.00000,0.00000,0.00221,0.9572,-1
07060210303,0,0,0,0,0.00000,0.00000,0.00000,0.9876,1
07060210401,0,0,0,0,0.00000,0.00000,0.00000,0.9619,0
07060210402,0,0,0,0,0.00000,0.00000,0.00000,0.9626,0
07060210403,1,1,0,0,0.09862,0.00211,0.00000,0.9856,1
07060210501,1,1,0,0,0.08102,0.00000,0.00000,0.9844,1
07060310101,0,0,0,0,0.00000,0.00000,0.00000,0.9841,1
07060410101,1,1,0,0,0.06636,0.00000,0.00000,0.9520,3
07060410201,0,0,0,0,0.00000,0.00000,0.00000,0.9792,0
07060510101,0,0,0,0,0.00000,0.00000,0.00000,0.9815,0
07060610101,0,0,0,0,0.00000,0.00000,0.00000,0.9478,0
07060610201,0,0,0,0,0.00211,0.00000,0.00000,0.9596,0
07060610301,0,0,0,0,0.00240,0.00000,0.00000,0.9730,-1
07070110101,1,1,0,0,0.07914,0.00000,0.00231,0.9537,0
07070110201,2,1,1,0,0.07500,0.09773,0.00000,0.9365,3
07070110301,1,0,1,0,0.00000,0.02083,0.00000,0.9784,-1
07070110401,1,0,1,0,0.00000,0.01606,0.00000,0.9526,2
07070110501,3,1,1,1,0.10755,0.07339,0.06422,0.9334,2
07070210101,1,1,0,0,0.13761,0.00000,0.00220,0.9463,2
07070210102,1,1,0,0,0.09868,0.00000,0.00000,0.9546,-2
07070210201,3,1,1,1,0.12037,0.08413,0.05048,0.9487,1
07070210301,0,0,0,0,0.00231,0.00000,0.00240,0.9571,0
07070210401,0,0,0,0,0.00924,0.00000,0.00000,0.9752,-1
07070310101,0,0,0,0,0.00655,0.00442,0.00229,0.9781,1
07070310201,0,0,0,0,0.00000,0.00000,0.00000,0.9850,0
07070310301,1,1,0,0,0.09502,0.00000,0.00000,0.9565,2
07070410101,1,1,0,0,0.10596,0.00000,0.00000,0.9613,2
07070410201,2,1,1,0,0.11806,0.12530,0.00000,0.9853,-1
07070410202,1,1,0,0,0.11670,0.00000,0.00000,0.9527,2
07070510101,1,1,0,0,0.04261,0.00000,0.00000,0.9415,-2
07070510102,1,1,0,0,0.15278,0.00000,0.00000,0.9803,0
07070510201,2,1,1,0,0.10805,0.04138,0.00229,0.9454,1
07070510202,1,1,0,0,0.09023,0.00000,0.00000,0.9781,-2
07070510203,0,0,0,0,0.00442,0.00218,0.00229,0.9591,2
07070510204,1,1,0,0,0.09615,0.00000,0.00000,0.9406,1
07070510205,1,0,0,1,0.00459,0.00438,0.01974,0.9333,-4
07070510301,1,1,0,0,0.13290,0.00000,0.00000,0.9377,2
07070510302,1,1,0,0,0.03440,0.00655,0.00000,0.9841,0
07070610101,1,1,0,0,0.11468,0.00000,0.00000,0.9854,-1
07070610201,0,0,0,0,0.00688,0.00000,0.00000,0.9641,0
07070710101,1,1,0,0,0.11752,0.00000,0.00000,0.9755,-1
07070710102,1,1,0,0,0.05276,0.00000,0.00000,0.9519,2
07070710201,1,1,0,0,0.13969,0.00000,0.00000,0.9837,1
07070710301,0,0,0,0,0.00000,0.00000,0.00000,0.9840,0
07070710302,1,1,0,0,0.06828,0.00000,0.00000,0.9707,0
07070710401,1,1,0,0,0.08716,0.00000,0.00000,0.9827,1
07070810101,1,1,0,0,0.09115,0.00000,0.00000,0.9249,-6
07070810201,0,0,0,0,0.00000,0.00000,0.00000,0.9509,1
07070810301,1,1,0,0,0.11009,0.00000,0.00000,0.9767,-1
07070910101,0,0,0,0,0.00000,0.00917,0.00229,0.9562,-1
07070910201,1,1,0,0,0.14349,0.00000,0.00000,0.9501,-2
07080110101,3,1,1,1,0.05327,0.10024,0.09412,0.9716,0
07080110301,3,1,1,1,0.03373,0.07519,0.10072,0.5940,0
07080210101,0,0,0,0,0.00000,0.00000,0.00000,0.9648,-1
07080210201,0,0,0,0,0.00000,0.00000,0.00000,0.9505,1
07080310101,0,0,0,0,0.00000,0.00000,0.00000,0.9535,0
07080310201,0,0,0,0,0.00000,0.00000,0.00000,0.9838,1
07080310301,1,1,0,0,0.15367,0.00000,0.00000,0.9525,0
07080310401,1,1,0,0,0.04863,0.00000,0.00000,0.8892,-5
07080410101,1,1,0,0,0.11354,0.00000,0.00000,0.9840,1
07080410201,1,1,0,0,0.10973,0.00000,0.00000,0.9429,1
07080410301,0,0,0,0,0.00000,0.00000,0.00000,0.9622,1
07080510101,0,0,0,0,0.00229,0.00000,0.00462,0.9542,2
07080510102,1,1,0,0,0.10893,0.00000,0.00000,0.9736,2
07080510103,1,1,0,0,0.12804,0.00000,0.00000,0.9830,0
07080510201,1,1,0,0,0.11298,0.00000,0.00000,0.9740,1
07080510202,2,1,1,0,0.10092,0.08894,0.00000,0.9703,0
07080610101,0,0,0,0,0.00218,0.00000,0.00000,0.9709,1
07080610102,1,1,0,0,0.03182,0.00000,0.00000,0.9443,1
07080610103,1,1,0,0,0.10947,0.00000,0.00000,0.9209,3
07080610201,0,0,0,0,0.00463,0.00221,0.00000,0.9840,-1
07080610202,1,1,0,0,0.07519,0.00000,0.00000,0.9304,2
07080610203,1,1,0,0,0.06526,0.00000,0.00000,0.9514,2
07080610301,0,0,0,0,0.00221,0.00000,0.00000,0.9854,-2
07080610303,0,0,0,0,0.00000,0.00000,0.00000,0.9593,0
07080610304,1,1,0,0,0.10552,0.00000,0.00000,0.9761,3
07080610401,1,1,0,0,0.12156,0.00000,0.00000,0.9854,2
07080610402,1,0,0,1,0.00000,0.00000,0.08115,0.9457,1
07080610403,0,0,0,0,0.00000,0.00220,0.00000,0.9539,-3
07080610501,1,1,0,0,0.13082,0.00000,0.00000,0.9631,-1
07080610502,1,1,0,0,0.06787,0.00000,0.00000,0.9110,3
07080710101,0,0,0,0,0.00000,0.00442,0.00000,0.9444,0
07080810101,1,1,0,0,0.13303,0.00000,0.00000,0.9850,-1
07080810201,2,1,1,0,0.06562,0.11364,0.00000,0.9664,-2
0708110201,3,1,1,1,0.16972,0.12260,0.08654,0.9802,1
07090110101,1,1,0,0,0.08696,0.00000,0.00000,0.9566,0
07090210101,1,1,0,0,0.11921,0.00000,0.00000,0.9567,1
07090310101,0,0,0,0,0.00000,0.00000,0.00000,0.9552,1
07090310201,1,1,0,0,0.10706,0.00000,0.00000,0.9424,2
07090410101,1,1,0,0,0.12933,0.00000,0.00000,0.9464,-1
07090410201,1,1,0,0,0.11162,0.00000,0.00000,0.9821,1
07090510101,1,1,0,0,0.12030,0.00000,0.00000,0.9479,1
07090510201,0,0,0,0,0.00000,0.00000,0.00000,0.9559,0
07090510301,1,1,0,0,0.08020,0.00000,0.00000,0.9738,0
07090610101,1,1,0,0,0.12844,0.00000,0.00000,0.9554,0
07090610201,1,1,0,0,0.06266,0.00000,0.00000,0.9843,2
07090610202,1,1,0,0,0.08271,0.00000,0.00000,0.9826,2
07090610301,3,1,1,1,0.13365,0.01101,0.01155,0.9374,0
07090610302,1,1,0,0,0.10022,0.00000,0.00000,0.9835,-1
07090610401,0,0,0,0,0.00000,0.00000,0.00000,0.9409,1
07090710101,1,1,0,0,0.08413,0.00000,0.00000,0.9859,-1
07090710102,1,1,0,0,0.10066,0.00000,0.00000,0.9299,2
07090710103,1,1,0,0,0.16812,0.00000,0.00000,0.9836,0
07100110101,1,1,0,0,0.13501,0.00000,0.00000,0.9597,-1
07100210101,1,1,0,0,0.13713,0.00000,0.00000,0.9790,0
07100210201,2,1,1,0,0.08716,0.12583,0.00000,0.9667,0
07100310101,1,1,0,0,0.05974,0.00000,0.00000,0.9184,-2
07100310201,1,1,0,0,0.08873,0.00000,0.00000,0.9182,3
07100410101,2,1,1,0,0.09353,0.09382,0.00000,0.9508,1
07100410102,1,1,0,0,0.06771,0.00270,0.00000,0.9463,1
07100510101,1,1,0,0,0.13598,0.00272,0.00000,0.9391,-3
07100510201,1,1,0,0,0.13730,0.00000,0.00000,0.9856,0
07100610101,1,1,0,0,0.08486,0.00000,0.00000,0.9822,1
07100610102,0,0,0,0,0.00000,0.00000,0.00000,0.9458,2
07100710101,1,1,0,0,0.11574,0.00000,0.00000,0.9804,0
07100710201,1,1,0,0,0.05695,0.00000,0.00000,0.9501,2
07100810101,2,1,1,0,0.07642,0.11579,0.00000,0.9894,0
07100810201,3,1,1,1,0.13969,0.07933,0.07452,0.9692,0
07100910101,3,1,1,1,0.11894,0.01887,0.01322,0.9390,3
07100910102,1,1,0,0,0.11899,0.00000,0.00000,0.9771,2
07100910201,1,1,0,0,0.07306,0.00000,0.00000,0.9840,1
07100910202,1,1,0,0,0.14790,0.00221,0.00458,0.9817,0
07110110101,1,1,0,0,0.10777,0.00000,0.00000,0.9758,1
07110110201,1,1,0,0,0.10155,0.00000,0.00000,0.9447,1
07110110301,1,1,0,0,0.13864,0.00000,0.00000,0.9788,1
07110210101,1,1,0,0,0.17661,0.00000,0.00442,0.8834,2
07110310101,0,0,0,0,0.00000,0.00000,0.00000,0.9228,1
07110310201,1,1,0,0,0.06881,0.00222,0.00000,0.9702,1
07110410101,1,1,0,0,0.08564,0.00000,0.00000,0.9785,0
07110410201,1,1,0,0,0.18996,0.00000,0.00000,0.9480,2
07110410301,1,1,0,0,0.13761,0.00221,0.00221,0.9427,1
07110510101,1,1,0,0,0.16145,0.00000,0.00240,0.9529,-2
07110510201,1,1,0,0,0.03009,0.00917,0.00917,0.9507,0
07110610101,1,1,0,0,0.11390,0.00210,0.00000,0.9441,2
07110610201,2,1,1,0,0.11538,0.10312,0.00240,0.9818,2
07110710101,2,1,1,0,0.01923,0.01442,0.00000,0.9770,0
07110710201,1,1,0,0,0.09862,0.00000,0.00000,0.9281,1
07110810101,1,1,0,0,0.12586,0.00000,0.00000,0.9586,0
07110810201,1,1,0,0,0.05492,0.00000,0.00000,0.9681,1
07110910101,1,0,0,1,0.00228,0.00000,0.03555,0.9468,2
07110910201,0,0,0,0,0.00917,0.00000,0.00000,0.9660,-1
07110910202,1,1,0,0,0.13889,0.00229,0.00000,0.9382,2
07111010101,3,1,1,1,0.10101,0.10761,0.11811,0.9097,1
07111010201,1,1,0,0,0.13877,0.00000,0.00000,0.9321,3
07111010202,1,1,0,0,0.14645,0.00000,0.00231,0.9743,1
07111010301,1,1,0,0,0.09375,0.00000,0.00231,0.9773,0
07111010302,2,1,1,0,0.06005,0.07572,0.00000,0.9760,0
07111010401,1,1,0,0,0.12583,0.00000,0.00000,0.9741,0
07111010402,1,1,0,0,0.13716,0.00000,0.00000,0.9412,0
07111010501,3,1,1,1,0.10155,0.04358,0.08945,0.9813,0
07111010502,3,1,1,1,0.10375,0.04587,0.08716,0.9803,0
07111110101,1,1,0,0,0.10096,0.00000,0.00229,0.9654,-1
07111110102,1,1,0,0,0.10526,0.00000,0.00229,0.9646,-1
08010110101,1,1,0,0,0.10984,0.00000,0.00000,0.9368,1
08010110201,1,1,0,0,0.10979,0.00000,0.00000,0.9585,2
08010110202,0,0,0,0,0.00000,0.00000,0.00000,0.9773,-1
08010110203,1,1,0,0,0.10407,0.00000,0.00000,0.9464,2
08010210101,1,1,0,0,0.07500,0.00227,0.00000,0.9548,0
08010210102,0,0,0,0,0.00000,0.00000,0.00000,0.9359,2
08010210103,0,0,0,0,0.00000,0.00000,0.00000,0.9553,1
08010210104,1,1,0,0,0.10870,0.00546,0.00000,0.9429,3
08010210203,1,1,0,0,0.07975,0.00000,0.00000,0.9731,1
08010210301,1,1,0,0,0.09545,0.00000,0.00000,0.9357,5
08010210302,1,1,0,0,0.10682,0.00000,0.00000,0.9562,3
08010210303,1,1,0,0,0.03103,0.00230,0.00000,0.9438,2
08010310101,1,1,0,0,0.08696,0.00000,0.00000,0.9344,2
08010310102,1,1,0,0,0.10526,0.00000,0.00239,0.9313,3
08010320102,0,0,0,0,0.00000,0.00000,0.00000,0.9640,-1
08010320103,1,1,0,0,0.21159,0.00000,0.00000,0.9666,1
08010320104,1,1,0,0,0.09969,0.00000,0.00312,0.9683,1
08020110101,1,1,0,0,0.05470,0.00000,0.00000,0.9352,3
08020110201,0,0,0,0,0.00000,0.00000,0.00000,0.9399,1
08020210101,1,1,0,0,0.04390,0.00000,0.00000,0.8693,2
08020210102,0,0,0,0,0.00000,0.00000,0.00000,0.9219,4
08020310101,2,1,1,0,0.04762,0.01651,0.00000,0.9153,2
08020410101,0,0,0,,0.00000,0.00000,,0.9430,1
08020410201,0,0,0,0,0.00000,0.00000,0.00000,0.9379,2
08020410202,0,0,0,0,0.00000,0.00000,0.00000,0.9255,-1
08020410203,0,0,0,0,0.00000,0.00000,0.00000,0.9387,2
08020410204,0,0,0,0,0.00000,0.00000,0.00000,0.9130,1
08020510101,0,,,,,,,0.9244,2
08020510102,1,1,0,0,0.07207,0.00000,0.00000,0.9040,3
08020610101,1,1,0,0,0.09227,0.00000,0.00000,0.9529,1
08020610201,1,1,0,0,0.09847,0.00000,0.00000,0.8427,4
08020610202,1,1,0,0,0.09483,0.00000,0.00000,0.9372,4
08020710101,1,1,0,0,0.03636,0.00000,0.00000,0.9277,3
08020810101,1,1,0,0,0.09091,0.00000,0.00000,0.9209,5
08020810201,0,0,0,0,0.00000,0.00000,0.00000,0.8947,2
08020810202,1,1,0,0,0.06484,0.00000,0.00000,0.9510,3
08030110101,0,0,0,0,0.00000,0.00000,0.00000,0.9616,0
08030110102,0,,,,,,,0.9418,1
08030110103,0,0,0,0,0.00000,0.00000,0.00000,0.8872,1
08030110201,0,0,0,0,0.00000,0.00000,0.00000,0.8850,1
08030110301,0,0,0,0,0.00000,0.00000,0.00000,0.8454,1
08030110302,0,0,0,0,0.00000,0.00000,0.00000,0.8634,1
08030210101,0,0,0,0,0.00000,0.00000,0.00000,0.8987,2
08030210102,1,1,0,0,0.05467,0.00000,0.00000,0.9246,1
08030210103,0,,,,,,,0.9555,1
08030210104,0,,,,,,,0.9662,2
08030210105,0,0,0,0,0.00000,0.00000,0.00000,0.9113,0
08030310101,0,0,0,0,0.00000,0.00000,0.00000,0.9511,2
08030310201,0,0,0,0,0.00000,0.00000,0.00000,0.9332,4
08030310202,0,0,0,0,0.00000,0.00000,0.00000,0.9355,1
08030310203,0,0,0,0,0.00000,0.00000,0.00000,0.9559,2
08030310204,0,0,0,0,0.00000,0.00000,0.00000,0.9396,3
08030410101,0,,,,,,,0.9450,1
08030410201,0,,,,,,,0.9163,2
08030410301,2,1,1,0,0.02564,0.02027,0.00000,0.8895,0
08030510101,0,0,0,0,0.00000,0.00000,0.00000,0.8842,2
08030510201,0,,,,,,,0.9356,1
08030610101,0,0,0,0,0.00000,0.00000,0.00000,0.9236,4
08030610102,0,0,0,0,0.00000,0.00000,0.00000,0.9276,2
08030610201,0,0,0,0,0.00000,0.00000,0.00000,0.9283,2
08030610301,1,1,0,0,0.07045,0.00000,0.00000,0.9383,2
08030610302,0,,,,,,,0.9329,1
08030710101,0,0,0,0,0.00000,0.00000,0.00000,0.9553,1
08030710201,0,,,,,,,0.9738,-1
08030810101,0,0,0,,0.00000,0.00000,,0.9391,2
08030810201,1,1,0,0,0.08716,0.00000,0.00000,0.9390,4
08030810202,0,0,0,0,0.00000,0.00000,0.00000,0.8935,5
08030810203,0,,,,,,,0.9355,3
08030810301,0,0,0,0,0.00000,0.00000,0.00000,0.9074,3
08030810302,0,0,0,0,0.00000,0.00000,0.00000,0.9222,2
08030810303,0,0,0,0,0.00000,0.00000,0.00000,0.9187,3
08030810401,0,0,0,0,0.00207,0.00873,0.00000,0.9311,2
08030810501,1,1,,,0.03440,,,0.9772,2
08030910101,1,1,0,0,0.03636,0.00000,0.00000,0.9407,2
08030910201,1,1,0,0,0.04657,0.00000,0.00000,0.8674,3
08030910301,0,0,0,0,0.00000,0.00000,0.00000,0.9202,4
08031010101,0,,,,,,,0.9591,1
08040110101,0,0,0,0,0.00000,0.00000,0.00227,0.9667,0
08040110102,0,0,0,0,0.00000,0.00000,0.00000,0.9520,2
08040110103,0,0,0,0,0.00000,0.00000,0.00000,0.9292,2
08040210101,0,0,0,0,0.00000,0.00000,0.00590,0.9718,2
08040210103,1,1,0,0,0.10250,0.00000,0.00000,0.9738,0
08040210104,0,0,0,0,0.00000,0.00000,0.00000,0.9386,1
08040210201,0,0,0,0,0.00000,0.00000,0.00000,0.9476,2
08040210202,0,0,0,0,0.00000,0.00000,0.00000,0.9733,1
08040210301,0,0,0,0,0.00000,0.00000,0.00000,0.9361,0
08040210302,0,0,0,0,0.00000,0.00000,0.00000,0.9692,0
08040210303,0,0,0,0,0.00000,0.00000,0.00000,0.9682,-1
08040210401,0,0,0,0,0.00000,0.00000,0.00000,0.9755,0
08040210402,0,0,0,0,0.00000,0.00000,0.00000,0.9750,-1
08040210403,0,0,0,0,0.00000,0.00000,0.00000,0.9795,-1
08040210404,0,0,0,0,0.00000,0.00000,0.00000,0.9777,-2
08040210405,1,1,0,0,0.03681,0.00000,0.00000,0.4780,1
08040310101,0,0,0,0,0.00000,0.00000,0.00000,0.9807,1
08040310102,0,0,0,0,0.00000,0.00000,0.00000,0.9789,1
08040310201,0,0,0,0,0.00000,0.00000,0.00000,0.9726,1
08040310202,1,1,0,0,0.05909,0.00000,0.00000,0.9816,0
08040310203,0,0,0,0,0.00000,0.00000,0.00000,0.9480,2
08040310204,0,0,0,0,0.00000,0.00000,0.00000,0.9551,2
08040410101,0,0,0,0,0.00000,0.00000,0.00000,0.9678,1
08040510101,0,0,0,0,0.00000,0.00000,0.00000,0.9749,-1
08040510102,0,0,0,0,0.00000,0.00000,0.00000,0.9789,-1
08040510103,1,1,0,0,0.04902,0.00000,0.00000,0.9815,-1
08040510104,1,1,0,0,0.08491,0.00000,0.00000,0.9850,1
08040610101,0,0,0,0,0.00000,0.00000,0.00000,0.9403,3
08040610102,0,0,0,0,0.00000,0.00000,0.00000,0.9787,-1
08040610201,0,0,0,0,0.00000,0.00238,0.00000,0.9490,1
08040610202,0,0,0,0,0.00000,0.00000,0.00000,0.9712,0
08040710101,0,0,0,0,0.00000,0.00000,0.00000,0.9471,1
08040710201,0,0,0,0,0.00000,0.00000,0.00000,0.9881,1
08040710202,0,0,0,0,0.00000,0.00263,0.00000,0.9715,0
08040710205,0,0,0,0,0.00000,0.00000,0.00000,0.9750,1
08040710206,0,0,0,0,0.00000,0.00000,0.00000,0.9385,3
08040710207,0,0,0,0,0.00000,0.00000,0.00000,0.9495,1
08040810101,0,0,0,0,0.00000,0.00000,0.00220,0.9794,-1
08040810201,1,1,0,0,0.05868,0.00000,0.00000,0.9812,1
08040810203,0,0,0,0,0.00000,0.00000,0.00000,0.9817,0
08040810301,0,0,0,0,0.00000,0.00000,0.00459,0.9682,-1
08040910101,0,0,0,0,0.00000,0.00000,0.00000,0.9764,-1
08040910102,0,0,0,0,0.00000,0.00000,0.00000,0.9750,0
08040910103,0,0,0,0,0.00000,0.00000,0.00000,0.9746,0
08040910104,1,1,0,0,0.07583,0.00000,0.00000,0.9862,2
08040910201,0,0,0,0,0.00000,0.00000,0.00000,0.9708,2
08040910202,0,0,0,0,0.00000,0.00000,0.00000,0.9779,0
08040910203,2,1,1,0,0.12881,0.10437,0.00000,0.9705,2
08040910204,0,0,0,0,0.00000,0.00000,0.00000,0.9823,0
08040910206,0,0,0,0,0.00000,0.00228,0.00000,0.9719,-1
08041010101,2,1,1,0,0.08428,0.07289,0.00000,0.9729,-1
08041010102,1,1,0,0,0.09065,0.00000,0.00000,0.9541,2
08041010103,0,0,0,0,0.00000,0.00000,0.00000,0.9744,1
08041010104,1,1,0,0,0.05839,0.00000,0.00000,0.9874,-1
08041010105,0,0,0,0,0.00000,0.00000,0.00000,0.9852,-2
08041110101,0,0,0,0,0.00000,0.00000,0.00000,0.9613,0
08041110103,0,0,0,0,0.00000,0.00000,0.00000,0.9643,0
08041210101,0,0,0,0,0.00000,0.00000,0.00000,0.9738,0
08041210102,0,0,0,0,0.00000,0.00000,0.00000,0.9823,-1
08041210103,0,0,0,0,0.00000,0.00000,0.00000,0.9805,-1
08041210104,0,0,0,0,0.00000,0.00000,0.00000,0.9793,0
08041210201,0,0,0,0,0.00000,0.00000,0.00000,0.9759,-1
08041210202,0,0,0,0,0.00000,0.00000,0.00000,0.9796,-1
08041210203,0,0,0,0,0.00000,0.00000,0.00000,0.9807,0
08041210301,0,0,0,0,0.00000,0.00000,0.00000,0.9672,1
08050110101,1,1,0,0,0.06588,0.00000,0.00000,0.9650,0
08050110102,1,1,0,0,0.06618,0.00000,0.00000,0.9722,1
08050110201,1,1,0,0,0.07335,0.00000,0.00000,0.9726,0
08050210101,1,1,0,0,0.12528,0.00000,0.00000,0.9275,2
08050210102,0,0,0,0,0.00000,0.00000,0.00000,0.9260,1
08050210103,0,0,0,0,0.00000,0.00000,0.00000,0.9543,0
08050210104,0,0,0,0,0.00000,0.00000,0.00000,0.9534,2
08050210105,0,0,0,0,0.00000,0.00000,0.00000,0.9492,1
08050220101,1,1,0,0,0.12500,0.00000,0.00000,0.9645,3
08050220102,0,0,0,0,0.00000,0.00000,0.00000,0.9520,2
08050220103,0,0,0,0,0.00000,0.00000,0.00000,0.9483,3
08050220104,0,0,0,0,0.00000,0.00000,0.00000,0.9591,4
08050310101,0,0,0,0,0.00000,0.00000,0.00000,0.9800,0
08050310102,0,0,0,0,0.00000,0.00000,0.00000,0.9812,-1
08050310103,1,1,0,0,0.11623,0.00000,0.00000,0.9672,2
08050320101,0,0,0,0,0.00000,0.00000,0.00000,0.9632,1
08050320201,1,1,0,0,0.07311,0.00000,0.00000,0.9184,3
08060110101,2,1,1,0,0.08333,0.06364,0.00000,0.9402,1
08060110102,1,1,0,0,0.06621,0.00000,0.00000,0.9123,4
08060110103,0,,,,,,,0.9481,2
08060110104,1,1,0,0,0.09693,0.00000,0.00000,0.9505,2
08060110105,0,0,0,0,0.00000,0.00000,0.00000,0.9216,2
08060110106,0,0,0,0,0.00000,0.00000,0.00000,0.9408,1
08060120101,2,1,1,0,0.05215,0.09729,0.00000,0.9370,4
08060120102,0,0,0,0,0.00000,0.00000,0.00000,0.9132,2
08060120104,0,0,0,0,0.00000,0.00000,0.00000,0.9551,2
08060210101,0,0,0,0,0.00000,0.00000,0.00000,0.9482,2
08060210102,0,0,0,0,0.00000,0.00000,0.00000,0.9494,3
08060210103,0,0,0,0,0.00000,0.00000,0.00000,0.9171,2
08060210201,1,1,0,0,0.06122,0.00000,0.00000,0.8859,4
08060310101,2,1,1,0,0.06089,0.09481,0.00000,0.9408,2
08060310102,1,1,0,0,0.07294,0.00000,0.00000,0.9304,1
08060310103,1,1,0,0,0.02771,0.00000,0.00000,0.8764,2
08060410101,1,1,0,0,0.03620,0.00000,0.00000,0.9632,2
08060410102,0,0,0,0,0.00000,0.00000,0.00000,0.9306,3
08060410103,0,0,0,0,0.00000,0.00000,0.00000,0.9367,2
08070110101,0,0,0,0,0.00000,0.00000,0.00000,0.9359,2
08070110201,0,0,0,0,0.00000,0.00000,0.00000,0.9191,2
08070110301,0,0,0,0,0.00000,0.00000,0.00000,0.9499,2
08070110302,0,0,0,0,0.00000,0.00000,0.00000,0.9292,1
08070210101,1,1,0,0,0.12037,0.00000,0.00000,0.9203,4
08070210201,0,0,0,0,0.00472,0.00000,0.00000,0.8961,1
08070310101,1,1,0,0,0.07726,0.00000,0.00000,0.9248,1
08070310201,0,0,0,0,0.00000,0.00000,0.00000,0.9442,1
08070310301,1,1,0,0,0.08122,0.00000,0.00000,0.8950,3
08070310302,2,1,1,0,0.02145,0.01823,0.00000,0.9011,1
08070310401,0,0,0,0,0.00000,0.00000,0.00000,0.9369,3
08070410101,3,1,1,1,0.03302,0.04953,0.06132,0.8833,1
08070410201,1,1,0,0,0.07937,0.00000,0.00000,0.9308,6
08070410301,0,,,,,,,0.9394,2
08070510101,0,0,0,0,0.00000,0.00000,0.00000,0.9299,2
08070510102,0,0,0,0,0.00000,0.00000,0.00000,0.9507,1
08070510201,1,1,0,0,0.08808,0.00000,0.00000,0.9268,3
08070510202,0,0,0,0,0.00000,0.00000,0.00000,0.9094,3
08070510203,0,0,0,0,0.00000,0.00000,0.00218,0.9474,3
08070510204,1,1,0,0,0.09176,0.00000,0.00000,0.9354,2
08070610101,1,1,0,0,0.06039,0.00000,0.00000,0.9574,2
08070610201,0,,,,,,,0.9431,2
08070610301,1,1,0,0,0.08941,0.00000,0.00000,0.9104,1
08070710101,1,1,0,0,0.06506,0.00000,0.00000,0.9246,1
08070710201,1,1,0,0,0.10762,0.00000,0.00000,0.9089,4
08070710301,0,,,,,,,0.9324,4
08070810101,1,1,0,0,0.09780,0.00000,0.00000,0.9294,1
08070810102,0,0,0,0,0.00000,0.00000,0.00000,0.9274,2
08070810201,1,1,0,0,0.12652,0.00000,0.00000,0.9052,3
08070910101,1,1,0,0,0.08467,0.00000,0.00000,0.9101,3
08070910201,2,1,1,0,0.11565,0.12018,0.00000,0.9386,2
08070910301,0,0,0,0,0.00000,0.00000,0.00000,0.9254,1
08080110101,0,0,0,0,0.00000,0.00000,0.00000,0.9395,3
08080110102,0,0,0,0,0.00000,0.00000,0.00000,0.9368,2
08080210101,0,0,0,0,0.00000,0.00000,0.00000,0.9753,0
08080210201,0,0,0,0,0.00000,0.00000,0.00000,0.9359,3
08080210202,1,1,0,0,0.07551,0.00000,0.00000,0.9150,3
08080210203,0,0,0,0,0.00000,0.00000,0.00000,0.9126,2
08080210204,0,0,0,0,0.00000,0.00000,0.00000,0.9162,2
08080210205,0,0,0,0,0.00000,0.00000,0.00000,0.9431,1
08080210302,0,0,0,0,0.00000,0.00000,0.00000,0.9210,2
08080310102,1,1,0,0,0.09112,0.00000,0.00000,0.9336,2
08080310103,0,0,0,0,0.00000,0.00000,0.00000,0.9093,3
08080410101,0,0,0,0,0.00000,0.00000,0.00000,0.9431,2
08080410102,1,1,0,0,0.14100,0.00000,0.00000,0.9371,5
08080410103,0,0,0,0,0.00000,0.00000,0.00000,0.9400,3
08080410104,1,1,0,0,0.05721,0.00000,0.00000,0.9304,2
08080410105,1,1,0,0,0.01373,0.00000,0.00000,0.9481,3
08080410201,2,1,1,0,0.05529,0.05963,0.00000,0.9680,0
08080410301,1,1,0,0,0.06378,0.00000,0.00000,0.9247,2
08080410302,0,0,0,0,0.00000,0.00000,0.00000,0.9172,3
08080410303,1,1,0,0,0.07269,0.00661,0.00000,0.9062,4
08080410304,0,0,0,0,0.00000,0.00000,0.00000,0.9208,4
08080510101,1,1,0,0,0.06475,0.00000,0.00000,0.8986,3
08080510102,1,1,0,0,0.06378,0.00000,0.00000,0.9129,4
08080510103,1,1,0,0,0.05787,0.00000,0.00000,0.9664,1
08080510201,1,1,0,0,0.08884,0.00000,0.00000,0.9386,2
08080510202,1,1,0,0,0.08389,0.00000,0.00000,0.9721,2
08080510301,1,1,0,0,0.11565,0.00000,0.00000,0.9546,2
08080510302,1,1,0,0,0.07877,0.00000,0.00000,0.9301,3
08080510303,1,1,0,0,0.09404,0.00000,0.00000,0.9526,3
08080510304,0,0,0,0,0.00000,0.00000,0.00000,0.9259,5
08080510305,0,0,0,0,0.00000,0.00000,0.00000,0.9106,3
08080510401,1,1,0,0,0.11638,0.00000,0.00000,0.9525,2
08080510402,0,0,0,0,0.00000,0.00000,0.00000,0.9362,2
08080510403,0,0,0,0,0.00000,0.00000,0.00000,0.9198,3
08080510404,1,1,0,0,0.11670,0.00000,0.00000,0.9556,1
08080510405,0,0,0,0,0.00000,0.00000,0.00000,0.9467,2
08080610101,1,1,0,0,0.07289,0.00000,0.00000,0.8777,3
08080610102,1,1,0,0,0.12115,0.00000,0.00000,0.9174,3
08080610103,1,1,0,0,0.05239,0.00000,0.00000,0.9323,2
08080610201,1,1,0,0,0.05921,0.00000,0.00000,0.9388,2
08080610202,1,1,0,0,0.09524,0.00000,0.00000,0.9410,4
08080610203,1,1,0,0,0.07356,0.00477,0.00000,0.8967,4
08080610204,1,1,0,0,0.04328,0.00000,0.00000,0.9402,3
08080610301,0,0,0,0,0.00000,0.00000,0.00000,0.9380,4
08080610401,1,1,0,0,0.07709,0.00000,0.00000,0.9408,3
08080610402,1,1,0,0,0.03759,0.00000,0.00000,0.9541,2
08080710101,1,1,0,0,0.02625,0.00000,0.00000,0.9301,3
08080710102,0,,,,,,,0.9209,1
08080710103,1,1,0,0,0.08772,0.00000,0.00000,0.9129,5
08090110101,0,0,0,0,0.00000,0.00000,0.00000,0.9613,1
08090110201,0,0,0,0,0.00000,0.00000,0.00000,0.9335,3
08090110301,1,1,0,0,0.07473,0.00000,0.00000,0.9448,2
08090110401,1,1,0,0,0.10965,0.00000,0.00000,0.9326,2
08090110501,0,0,0,0,0.00000,0.00000,0.00000,0.9627,1
08090210101,0,0,0,0,0.00000,0.00000,0.00000,0.9217,2
08090210201,0,0,0,0,0.00219,0.00000,0.00000,0.9305,2
08090210301,0,0,0,0,0.00000,0.00000,0.00000,0.9283,3
08090210401,0,0,0,0,0.00000,0.00000,0.00000,0.9155,4
08090210501,0,0,0,0,0.00000,0.00000,0.00000,0.9542,2
08090210601,0,0,0,0,0.00000,0.00000,0.00000,0.9407,2
08090310101,0,0,0,0,0.00000,0.00000,0.00000,0.9622,3
08090310201,0,0,0,0,0.00000,0.00000,0.00000,0.9393,3
08090310301,0,0,0,0,0.00000,0.00000,0.00000,0.9386,0
08090410101,0,0,0,0,0.00000,0.00000,0.00000,0.9510,2
08090410102,0,0,0,0,0.00000,0.00000,0.00000,0.9621,2
08090410201,0,0,0,0,0.00000,0.00000,0.00000,0.9173,3
08090410301,0,0,0,0,0.00000,0.00000,0.00000,0.9394,3
08090510101,0,0,0,0,0.00000,0.00000,0.00000,0.9222,2
08090510201,0,0,0,0,0.00000,0.00000,0.00000,0.9561,3
08090510202,0,0,0,0,0.00000,0.00000,0.00000,0.9610,3
08090510301,0,0,0,0,0.00000,0.00000,0.00000,0.9207,4
08090510401,0,0,0,0,0.00000,0.00000,0.00000,0.9168,3
08090610101,0,0,0,0,0.00000,0.00000,0.00000,0.9177,1
08090610201,0,0,0,0,0.00000,0.00000,0.00000,0.9209,3
08090610202,0,0,0,0,0.00000,0.00000,0.00000,0.9375,3
08090610301,3,1,1,1,0.05215,0.04535,0.04535,0.9613,3
08090710101,2,1,1,0,0.07253,0.06606,0.00000,0.9569,1
08090710102,2,1,1,0,0.04481,0.06364,0.00000,0.9426,2
08090710103,1,1,0,0,0.11899,0.00000,0.00000,0.9601,2
08090710104,2,1,1,0,0.09670,0.11321,0.00000,0.9204,2
08090710105,1,1,0,0,0.02288,0.00661,0.00000,0.9224,4
08090710201,0,0,0,0,0.00000,0.00000,0.00000,0.9148,1
08090710301,1,1,0,0,0.12702,0.00000,0.00000,0.9399,1
08090710401,2,1,1,0,0.12527,0.10769,0.00000,0.9557,4
08090710501,0,0,0,0,0.00000,0.00682,0.00000,0.9547,1
08090810101,2,1,1,0,0.10746,0.10503,0.00000,0.9393,3
08090810201,0,0,0,0,0.00000,0.00000,0.00000,0.9352,2
08090810301,1,1,0,0,0.07456,0.00000,0.00000,0.9196,1
08100110101,1,1,0,0,0.08491,0.00000,0.00000,0.9578,1
08100110102,1,1,0,0,0.09773,0.00000,0.00000,0.9488,2
08100110201,2,1,1,0,0.13002,0.14318,0.00000,0.9103,1
08100210101,1,1,0,0,0.10330,0.00000,0.00000,0.9440,3
08100210102,1,1,0,0,0.08676,0.00000,0.00000,0.9145,4
08100210103,2,1,1,0,0.05868,0.07483,0.00000,0.9095,2
08100310101,1,1,0,0,0.09263,0.00000,0.00000,0.9184,4
08100310102,1,1,0,0,0.06935,0.00000,0.00000,0.9623,1
08100310103,0,0,0,0,0.00000,0.00000,0.00000,0.9541,1
08100310201,1,1,0,0,0.13409,0.00000,0.00000,0.9187,2
08100320101,1,1,0,0,0.12073,0.00000,0.00000,0.9483,3
08100320102,1,1,0,0,0.09318,0.00000,0.00000,0.9446,4
08100320103,1,1,0,0,0.11392,0.00000,0.00219,0.9493,4
08100410101,1,1,0,0,0.01136,0.00000,0.00000,0.9112,4
08100410102,0,0,0,0,0.00000,0.00000,0.00000,0.9220,1
08100410201,1,1,0,0,0.08789,0.00000,0.00000,0.9157,2
08100410202,1,1,0,0,0.07895,0.00000,0.00000,0.9454,2
08100410203,0,0,0,0,0.00000,0.00000,0.00000,0.9592,2
0810510201,1,1,0,0,0.09430,0.00000,0.00000,0.9710,0
08110110301,1,1,0,0,0.09545,0.00000,0.00000,0.9702,2
08110110401,1,1,0,0,0.07657,0.00000,0.00000,0.9702,1
08110210101,1,1,0,0,0.09611,0.00000,0.00000,0.9540,0
08110210201,2,1,1,0,0.09513,0.05977,0.00000,0.9697,0
08110210202,1,1,0,0,0.07500,0.00000,0.00000,0.9483,1
08110310101,1,1,0,0,0.07750,0.00000,0.00000,0.9671,1
08110410101,1,1,0,0,0.13348,0.00000,0.00000,0.9438,2
08110410102,1,1,0,0,0.11765,0.00000,0.00000,0.9561,3
08110510101,1,1,0,0,0.05263,0.00000,0.00000,0.9707,1
08110510102,1,1,0,0,0.07876,0.00000,0.00000,0.9668,1
08110510103,0,0,0,0,0.00000,0.00000,0.00000,0.9685,0
08110610101,1,1,0,0,0.10501,0.00000,0.00000,0.9652,1
08110610102,1,1,0,0,0.11779,0.00222,0.00000,0.9718,2
08110610201,1,1,0,0,0.09840,0.00000,0.00000,0.9635,0
08110710101,1,1,0,0,0.01996,0.00915,0.00000,0.9556,2
08110710201,1,1,0,0,0.12319,0.00000,0.00000,0.9432,2
08110710301,1,1,0,0,0.12411,0.00000,0.00000,0.9706,-1
08110810101,1,1,0,0,0.10817,0.00000,0.00000,0.9401,2
08110810102,0,0,0,0,0.00655,0.00000,0.00905,0.9550,1
08110910101,1,1,0,0,0.01826,0.00685,0.00000,0.9738,-1
08110910201,1,1,0,0,0.07729,0.00000,0.00000,0.8889,3
08110910301,1,1,0,0,0.08592,0.00000,0.00000,0.9711,-1
08110910302,1,1,0,0,0.05263,0.00000,0.00000,0.9751,0
08110910304,1,1,0,0,0.11308,0.00000,0.00000,0.8354,5
08120110101,1,1,0,0,0.06132,0.00000,0.00000,0.9269,3
08120110102,0,0,0,0,0.00000,0.00000,0.00000,0.9463,3
08120110201,1,1,0,0,0.01735,0.00881,0.00000,0.9625,1
08120210101,2,1,1,0,0.11280,0.08656,0.00000,0.9411,3
08120210201,0,0,0,0,0.00000,0.00000,0.00000,0.9430,2
08120310101,1,1,0,0,0.04430,0.00000,0.00000,0.9328,1
08120310201,1,1,0,0,0.10849,0.00000,0.00000,0.9486,1
08120310202,1,1,0,0,0.10682,0.00000,0.00000,0.9551,4
08120410101,0,0,0,0,0.00000,0.00000,0.00000,0.9352,2
08120410201,0,0,0,0,0.00000,0.00000,0.00000,0.9452,1
08120410301,0,0,0,0,0.00000,0.00476,0.00229,0.9227,4
08120510101,1,1,0,0,0.06364,0.00000,0.00000,0.9468,3
08120510102,1,1,0,0,0.11905,0.00000,0.00000,0.9450,2
08120510103,0,0,0,0,0.00000,0.00000,0.00000,0.9128,0
08120610101,0,0,0,0,0.00000,0.00000,0.00000,0.9041,2
08120610102,1,1,0,0,0.10575,0.00000,0.00000,0.9628,3
08120610103,0,0,0,0,0.00000,0.00000,0.00000,0.9270,4
08120710101,0,0,0,0,0.00000,0.00000,0.00000,0.9393,3
08120710102,1,1,0,0,0.03163,0.00000,0.00000,0.9246,0
08120710201,0,0,0,0,0.00000,0.00000,0.00000,0.9564,2
08120810101,0,0,0,0,0.00000,0.00000,0.00000,0.9308,3
08120810102,0,0,0,0,0.00000,0.00000,0.00000,0.9185,5
08120810103,0,0,0,0,0.00000,0.00000,0.00000,0.9240,3
08120810104,0,0,0,0,0.00000,0.00000,0.00000,0.9602,1
08120810105,0,0,0,0,0.00230,0.00000,0.00000,0.9427,0
08120810106,0,0,0,0,0.00000,0.00000,0.00000,0.9175,4
08120810107,1,1,0,0,0.12045,0.00000,0.00000,0.9426,2
08120810201,0,0,0,0,0.00000,0.00000,0.00000,0.9477,2
08120810202,1,0,1,0,0.00219,0.01136,0.00000,0.9286,2
08120810203,0,0,0,0,0.00000,0.00000,0.00000,0.9413,1
08120810204,1,0,1,0,0.00000,0.02013,0.00000,0.9512,1
08120910101,1,1,0,0,0.08852,0.00000,0.00000,0.9536,2
08120910102,0,0,0,0,0.00000,0.00000,0.00000,0.9189,1
08120910103,0,0,0,0,0.00000,0.00000,0.00000,0.9567,2
08120910104,0,0,0,0,0.00000,0.00000,0.00000,0.9264,3
08121010101,0,0,0,0,0.00000,0.00000,0.00000,0.9519,4
08121010102,0,0,0,0,0.00000,0.00000,0.00000,0.9391,3
08121010201,0,0,0,0,0.00219,0.00000,0.00000,0.9541,2
08121010301,0,0,0,0,0.00000,0.00000,0.00915,0.9417,4
08130110101,0,0,0,0,0.00000,0.00000,0.00000,0.9143,2
08130110102,0,0,0,0,0.00000,0.00000,0.00000,0.9100,3
08130110103,0,0,0,0,0.00000,0.00000,0.00000,0.9539,2
08130110104,0,0,0,0,0.00000,0.00000,0.00000,0.9456,3
08130210101,0,0,0,0,0.00000,0.00000,0.00000,0.9567,1
08130210102,0,0,0,0,0.00000,0.00000,0.00000,0.9579,3
08130210103,0,0,0,0,0.00000,0.00000,0.00000,0.9588,2
08130210104,0,0,0,0,0.00000,0.00000,0.00000,0.8908,3
08130210105,0,0,0,0,0.00000,0.00000,0.00000,0.9588,2
08130210106,0,0,0,0,0.00000,0.00000,0.00000,0.9352,5
08130210107,0,0,0,0,0.00000,0.00000,0.00000,0.9273,2
08130210108,0,0,0,0,0.00000,0.00000,0.00000,0.9164,1
08130210201,0,0,0,0,0.00000,0.00000,0.00000,0.9632,2
08130210202,0,0,0,0,0.00000,0.00000,0.00000,0.9158,2
08130210203,0,0,0,0,0.00000,0.00000,0.00000,0.9513,2
08130210204,1,1,0,0,0.05227,0.00000,0.00000,0.9569,3
08130210205,1,1,0,0,0.09906,0.00000,0.00000,0.9615,3
08130210206,0,0,0,0,0.00000,0.00000,0.00000,0.9312,2
08130210207,0,0,0,0,0.00000,0.00000,0.00000,0.9299,4
08130210208,0,0,0,0,0.00000,0.00000,0.00000,0.9608,2
08130210209,0,0,0,0,0.00000,0.00000,0.00000,0.8995,2
08130310101,0,0,0,0,0.00000,0.00000,0.00000,0.9593,1
08130310102,0,0,0,0,0.00000,0.00000,0.00000,0.9158,3
08130310104,1,1,0,0,0.10965,0.00000,0.00000,0.9294,3
08130310105,0,0,0,0,0.00000,0.00000,0.00000,0.9519,4
08130310106,0,0,0,0,0.00000,0.00000,0.00000,0.9345,1
08130310107,0,0,0,0,0.00000,0.00000,0.00000,0.8793,3
08130410101,0,0,0,0,0.00000,0.00000,0.00000,0.9271,2
08130410201,1,1,0,0,0.09451,0.00000,0.00000,0.9563,3
08130410202,0,0,0,0,0.00000,0.00000,0.00000,0.9409,2
08130410203,0,0,0,0,0.00000,0.00682,0.00000,0.9542,1
08130410301,0,0,0,0,0.00000,0.00000,0.00000,0.9544,2
08130410302,0,0,0,0,0.00219,0.00000,0.00000,0.9512,2
08130410303,0,0,0,0,0.00000,0.00000,0.00000,0.9653,0
08130510101,0,0,0,0,0.00000,0.00226,0.00000,0.9201,1
08130510102,0,0,0,0,0.00000,0.00000,0.00000,0.9305,1
08130510103,0,0,0,0,0.00000,0.00000,0.00236,0.9393,5
08130510104,0,0,0,0,0.00000,0.00000,0.00000,0.9546,3
08130510201,0,0,0,0,0.00000,0.00000,0.00000,0.9545,2
08130610101,0,0,0,0,0.00000,0.00000,0.00000,0.9552,1
08130610201,0,0,0,0,0.00000,0.00000,0.00000,0.9375,4
08130710101,2,1,1,0,0.07317,0.06353,0.00000,0.9480,1
08130710201,0,0,0,0,0.00000,0.00000,0.00000,0.9252,3
08130810101,0,0,0,0,0.00000,0.00000,0.00000,0.9563,3
08130810201,1,1,0,0,0.07329,0.00000,0.00000,0.9553,3
08130810202,1,1,0,0,0.09389,0.00000,0.00000,0.9239,2
08130810301,1,1,0,0,0.10066,0.00000,0.00000,0.9550,2
08140110101,1,1,0,0,0.08605,0.00000,0.00000,0.8886,3
08140110102,1,1,0,0,0.06250,0.00000,0.00243,0.9753,1
08140110103,0,0,0,0,0.00000,0.00233,0.00000,0.8813,2
08140110104,1,1,0,0,0.13793,0.00000,0.00000,0.9396,2
08140110201,2,1,1,0,0.07425,0.05797,0.00000,0.9486,2
08140210101,1,1,0,0,0.07889,0.00000,0.00000,0.9333,2
08140210102,0,0,0,0,0.00000,0.00000,0.00000,0.9500,2
08140210103,0,0,0,0,0.00000,0.00000,0.00000,0.9718,1
08140210104,0,0,0,0,0.00000,0.00000,0.00000,0.9453,3
08140210105,1,1,0,0,0.14645,0.00000,0.00000,0.9312,0
08140210106,0,0,0,0,0.00000,0.00000,0.00000,0.8964,1
08140210201,1,1,0,0,0.09903,0.00000,0.00000,0.9695,1
08140210203,1,1,0,0,0.08238,0.00000,0.00000,0.9496,1
08140210204,0,0,0,0,0.00000,0.00000,0.00000,0.9558,1
08140210205,0,0,0,0,0.00000,0.00000,0.00000,0.9160,2
08140210206,0,0,0,0,0.00221,0.00000,0.00000,0.9197,1
08140210207,0,0,0,0,0.00000,0.00000,0.00000,0.8840,2
08140210208,0,0,0,0,0.00000,0.00000,0.00253,0.9671,1
08140310101,0,0,0,0,0.00000,0.00000,0.00000,0.8860,3
08140310201,0,0,0,0,0.00000,0.00000,0.00000,0.9694,1
08140310202,0,0,0,0,0.00000,0.00000,0.00240,0.9686,-1
08140310203,0,0,0,0,0.00000,0.00000,0.00000,0.8906,1
08140310204,0,0,0,0,0.00232,0.00464,0.00232,0.9157,1
08140310301,1,1,0,0,0.15700,0.00230,0.00000,0.9576,0
08140310302,2,1,1,0,0.04156,0.08313,0.00000,0.9657,0
08140410101,1,1,0,0,0.06818,0.00000,0.00000,0.9490,2
08140410102,1,1,0,0,0.09773,0.00000,0.00000,0.9460,1
08140410103,1,1,0,0,0.11572,0.00000,0.00000,0.9699,-1
08140410202,1,1,0,0,0.07356,0.00000,0.00000,0.9487,0
08140410203,0,0,0,0,0.00000,0.00000,0.00000,0.9213,2
08140410204,1,1,0,0,0.08696,0.00000,0.00000,0.9392,1
08140410205,0,0,0,0,0.00000,0.00232,0.00000,0.9644,0
08140510101,1,1,0,0,0.08736,0.00000,0.00000,0.9062,2
08140510102,1,1,0,0,0.02500,0.00000,0.00000,0.9677,1
08140510103,0,0,0,0,0.00000,0.00000,0.00000,0.9643,0
08140510201,1,1,0,0,0.13063,0.00000,0.00000,0.9209,0
08140510202,0,0,0,0,0.00000,0.00000,0.00000,0.9684,0
08140510203,0,0,0,0,0.00000,0.00000,0.00000,0.9717,1
09010110101,1,1,0,0,0.09412,0.00000,0.00000,0.9635,2
09010110102,1,1,0,0,0.12910,0.00000,0.00219,0.9638,0
09010210101,2,1,1,0,0.04368,0.12312,0.00000,0.9740,-1
09010210201,1,1,0,0,0.11685,0.00000,0.00000,0.9637,2
09010210202,1,1,0,0,0.03636,0.00000,0.00000,0.9524,1
09010210203,1,1,0,0,0.03283,0.00000,0.00000,0.9771,1
09010210204,1,1,0,0,0.07273,0.00000,0.00000,0.9505,0
09010210205,0,0,0,0,0.00000,0.00000,0.00000,0.9439,1
09010310101,2,1,1,0,0.16490,0.14725,0.00000,0.9621,2
09010310102,0,0,0,0,0.00000,0.00000,0.00000,0.9677,0
09010310103,1,1,0,0,0.08428,0.00000,0.00000,0.9632,0
09010310201,1,1,0,0,0.09596,0.00000,0.00000,0.9642,1
09010310202,1,1,0,0,0.02050,0.00000,0.00000,0.9552,1
09010310203,1,1,0,0,0.07092,0.00000,0.00000,0.9421,2
09010310204,1,1,0,0,0.08409,0.00000,0.00000,0.9662,0
09010410101,0,0,0,0,0.00000,0.00000,0.00000,0.9656,2
09010410102,0,0,0,0,0.00000,0.00000,0.00000,0.9444,0
09010510101,0,0,0,0,0.00000,0.00000,0.00000,0.9512,1
09010510201,0,0,0,0,0.00000,0.00000,0.00000,0.9740,2
09010610101,1,1,0,0,0.11321,0.00000,0.00000,0.9352,1
09010610102,0,0,0,0,0.00000,0.00000,0.00000,0.9725,2
09010610201,1,1,0,0,0.05215,0.00000,0.00000,0.9771,0
09010610202,2,1,1,0,0.01754,0.02412,0.00000,0.9764,1
09010610203,0,0,0,0,0.00000,0.00000,0.00000,0.9772,1
09010710101,1,1,0,0,0.14758,0.00000,0.00000,0.9634,1
09010710102,1,1,0,0,0.01688,0.00682,0.00000,0.9364,2
09010810101,1,0,0,1,0.00000,0.00219,0.05425,0.9466,0
09010810102,2,1,0,1,0.10769,0.00000,0.08636,0.9507,1
09010810103,1,1,0,0,0.09649,0.00000,0.00000,0.9678,2
09010810104,1,1,0,0,0.12121,0.00000,0.00000,0.9655,2
09010910101,2,1,1,0,0.05850,0.07838,0.00000,0.9712,1
09020110101,1,1,0,0,0.08531,0.00000,0.00000,0.9647,2
09020110102,0,0,0,0,0.00000,0.00000,0.00000,0.9650,0
09020110201,0,0,0,0,0.00000,0.00000,0.00000,0.9684,1
09020110202,0,0,0,0,0.00235,0.00000,0.00000,0.9521,1
09020110203,1,1,0,0,0.08491,0.00000,0.00000,0.9572,1
09020210101,3,1,1,1,0.04814,0.07045,0.07659,0.9701,1
09020310101,1,1,0,0,0.08753,0.00000,0.00000,0.9533,1
09020310102,1,1,0,0,0.10227,0.00000,0.00000,0.9691,0
09020410101,1,1,0,0,0.08428,0.00000,0.00000,0.9791,0
09020410102,1,1,0,0,0.08534,0.00000,0.00000,0.9600,0
09020410103,1,1,0,0,0.04595,0.00000,0.00000,0.9660,1
09020510101,1,1,0,0,0.07801,0.00000,0.00000,0.9377,1
09020510201,1,1,0,0,0.11491,0.00000,0.00000,0.9684,1
09020510301,1,1,0,0,0.10526,0.00000,0.00000,0.9710,2
09020510302,1,1,0,0,0.06579,0.00000,0.00000,0.9532,0
09020510303,0,0,0,0,0.00472,0.00235,0.00000,0.9415,2
09020510401,0,0,0,0,0.00000,0.00000,0.00000,0.9628,0
09020510402,0,0,0,0,0.00000,0.00000,0.00000,0.9676,0
09020510403,0,,,,,,,0.9476,1
09020510501,1,1,0,0,0.07456,0.00000,0.00000,0.9638,1
09020510502,1,1,0,0,0.08096,0.00000,0.00000,0.9653,0
09020610101,0,0,0,0,0.00000,0.00000,0.00000,0.9464,0
09020610201,0,0,0,0,0.00000,0.00000,0.00000,0.9535,1
09020610202,0,0,0,0,0.00000,0.00000,0.00000,0.9731,1
09020610301,1,1,0,0,0.04439,0.00000,0.00000,0.9394,1
09020610302,1,1,0,0,0.17460,0.00000,0.00000,0.9642,2
09020610303,0,0,0,0,0.00000,0.00000,0.00000,0.9500,1
09020710101,0,0,0,0,0.00000,0.00000,0.00000,0.9631,-1
09020710201,1,1,0,0,0.07808,0.00000,0.00000,0.9627,2
09020710301,1,1,0,0,0.08200,0.00000,0.00000,0.9709,1
09020710401,0,0,0,0,0.00000,0.00000,0.00000,0.9641,0
09020810101,1,1,0,0,0.09176,0.00000,0.00000,0.9540,2
09020810102,0,0,0,0,0.00000,0.00000,0.00000,0.9662,-1
09020910101,2,1,1,0,0.01882,0.02696,0.00471,0.9542,2
09020910201,1,1,0,0,0.08571,0.00000,0.00000,0.9675,1
09020910202,0,0,0,0,0.00000,0.00000,0.00000,0.9442,3
09020910203,0,0,0,0,0.00000,0.00219,0.00000,0.9517,1
09020910204,0,0,0,0,0.00000,0.00000,0.00000,0.9574,0
09020910205,0,0,0,0,0.00000,0.00000,0.00000,0.9451,1
09020910301,0,0,0,0,0.00000,0.00000,0.00000,0.9805,1
09020910302,1,1,0,0,0.06636,0.00000,0.00000,0.9843,1
09020910303,0,0,0,0,0.00000,0.00000,0.00000,0.9701,-1
09020910304,0,0,0,0,0.00000,0.00000,0.00000,0.9785,-2
09020910305,0,0,0,0,0.00000,0.00000,0.00000,0.9746,0
09021010101,2,1,1,0,0.04376,0.05455,0.00000,0.9792,1
09021010201,1,1,0,0,0.07937,0.00000,0.00000,0.9694,1
09021110101,0,0,0,0,0.00000,0.00000,0.00000,0.9570,1
09021110102,1,1,0,0,0.04091,0.00000,0.00000,0.9656,2
09021210101,1,1,0,0,0.06828,0.00000,0.00000,0.9709,1
09021210201,1,1,0,0,0.11181,0.00000,0.00000,0.9669,3
09021210301,1,1,0,0,0.06604,0.00000,0.00000,0.9729,2
09021310101,0,0,0,0,0.00000,0.00000,0.00000,0.9720,0
09021310102,0,0,0,0,0.00000,0.00000,0.00000,0.9692,1
09021310201,1,1,0,0,0.12028,0.00000,0.00000,0.9764,2
09021310202,2,1,1,0,0.07473,0.05909,0.00000,0.9666,2
09021310203,0,0,0,0,0.00000,0.00000,0.00000,0.9707,2
09021310204,1,1,0,0,0.05252,0.00000,0.00000,0.9780,1
09021310205,1,1,0,0,0.04595,0.00000,0.00000,0.9687,1
09021410101,1,1,0,0,0.04255,0.00000,0.00000,0.9557,0
09021410201,2,1,1,0,0.06140,0.08428,0.00000,0.9683,1
09021410301,0,0,0,0,0.00000,0.00000,0.00000,0.9744,-2
09021410302,1,1,0,0,0.07062,0.00000,0.00000,0.9652,1
09030110101,1,1,0,0,0.07256,0.00000,0.00000,0.9607,2
09030110102,1,1,0,0,0.07547,0.00000,0.00000,0.9567,1
09030110201,1,1,0,0,0.07500,0.00000,0.00000,0.9757,2
09030110202,2,1,1,0,0.09318,0.07955,0.00000,0.9596,1
09030210101,2,1,1,0,0.11648,0.10227,0.00000,0.9614,1
09030210201,1,1,0,0,0.07440,0.00000,0.00000,0.9674,0
09030310101,1,1,0,0,0.06127,0.00000,0.00000,0.9673,1
09030310102,1,1,0,0,0.07466,0.00000,0.00000,0.9586,2
09030310103,1,1,0,0,0.04615,0.00000,0.00000,0.9627,1
09030410101,0,0,0,0,0.00000,0.00000,0.00000,0.9762,-1
09030410102,1,1,0,0,0.10497,0.00000,0.00000,0.9466,2
09030410103,0,0,0,0,0.00000,0.00000,0.00000,0.9609,0
09030510101,0,0,0,0,0.00474,0.00458,0.00000,0.9714,1
09030610101,2,1,1,0,0.15945,0.10478,0.00000,0.9583,0
09030710101,1,1,0,0,0.07727,0.00000,0.00000,0.9398,2
09030710102,1,1,0,0,0.06818,0.00000,0.00000,0.9667,2
09030710103,1,1,0,0,0.07727,0.00000,0.00000,0.9674,3
09030710104,1,1,0,0,0.08255,0.00000,0.00000,0.9617,3
09030810101,1,1,0,0,0.06834,0.00000,0.00000,0.9512,0
09030810201,3,1,1,1,0.07598,0.07371,0.06132,0.9633,0
09030910101,2,1,1,0,0.07311,0.07843,0.00000,0.9741,1
09030910201,1,1,0,0,0.09314,0.00000,0.00000,0.9395,1
09031010101,1,1,0,0,0.04556,0.00000,0.00000,0.9588,2
09031010201,1,1,0,0,0.05455,0.00000,0.00000,0.9571,1
09040110101,1,1,0,0,0.12281,0.00000,0.00000,0.9719,2
09040110102,1,1,0,0,0.08649,0.00000,0.00000,0.9573,2
09040110103,1,1,0,0,0.09535,0.00000,0.00000,0.9738,1
09040110104,2,1,1,0,0.03824,0.05471,0.00000,0.9475,2
09040210101,2,1,1,0,0.04595,0.08409,0.00000,0.9448,4
09040210102,2,1,1,0,0.07659,0.06127,0.00000,0.9696,1
09040210103,2,1,1,0,0.07500,0.10455,0.00000,0.9624,0
09040210201,2,1,1,0,0.07500,0.05909,0.00000,0.9517,2
09040210301,2,1,1,0,0.03409,0.05189,0.00000,0.9536,-1
09040210401,2,1,1,0,0.07745,0.06593,0.00000,0.9495,3
09040310101,0,,,,,,,0.9334,3
09040310201,1,1,0,0,0.05479,0.00000,0.00000,0.9770,0
09040410101,2,1,1,0,0.08706,0.08491,0.00000,0.9580,3
09040410201,0,0,0,0,0.00000,0.00000,0.00000,0.9636,1
09040510101,1,1,0,0,0.06150,0.00000,0.00000,0.9794,1
09040510102,1,1,0,0,0.08772,0.00000,0.00000,0.9513,1
09040610101,2,1,1,0,0.12756,0.13712,0.00000,0.9559,1
09040610201,0,0,0,0,0.00000,0.00000,0.00000,0.9733,2
09040610202,1,1,0,0,0.08991,0.00000,0.00000,0.9618,1
09040610203,1,1,0,0,0.03235,0.00000,0.00000,0.9293,1
09040610301,2,1,1,0,0.08000,0.08235,0.00226,0.9785,-1
09040610302,2,1,1,0,0.06576,0.07483,0.00000,0.9566,1
09040710101,2,1,1,0,0.05556,0.09140,0.00000,0.9568,3
09040710201,2,1,1,0,0.07205,0.07692,0.00000,0.9564,2
09040710301,2,1,0,1,0.07062,0.00000,0.09339,0.9761,4
09040810101,0,0,0,0,0.00000,0.00000,0.00000,0.9697,0
09040910101,3,1,1,1,0.06147,0.08019,0.07108,0.9277,3
09041010101,1,1,0,0,0.04814,0.00000,0.00000,0.9635,2
09041010201,2,1,1,0,0.11390,0.09456,0.00000,0.9546,1
09041010301,2,1,1,0,0.07062,0.06565,0.00000,0.9655,1
09041110101,1,1,0,0,0.09868,0.00000,0.00000,0.9560,1
09041110201,1,1,0,0,0.11591,0.00000,0.00000,0.9370,3
09041210101,0,0,0,0,0.00000,0.00000,0.00000,0.9621,0
09041210102,1,1,0,0,0.08333,0.00000,0.00000,0.9411,4
09041210201,1,1,0,0,0.06349,0.00000,0.00000,0.9545,1
09041210202,1,0,0,1,0.00000,0.00000,0.05000,0.9681,1
09050110101,0,0,0,0,0.00000,0.00000,0.00000,0.9499,1
09050110102,1,1,0,0,0.06725,0.00000,0.00000,0.9518,1
09050210101,1,1,0,0,0.09868,0.00000,0.00000,0.9760,1
09050210102,1,1,0,0,0.05437,0.00000,0.00000,0.9388,0
09050210103,1,1,0,0,0.05570,0.00000,0.00000,0.9641,0
09050310101,1,1,0,0,0.06364,0.00000,0.00000,0.9718,1
09050310102,1,1,0,0,0.07273,0.00000,0.00000,0.9434,1
09050320101,2,1,1,0,0.05455,0.06593,0.00000,0.9445,2
09050410101,1,1,0,0,0.05695,0.00000,0.00000,0.9643,2
09050410201,2,1,1,0,0.08409,0.08315,0.00000,0.9450,0
09060110101,2,1,1,0,0.05823,0.07342,0.00000,0.9764,1
09060210101,2,1,1,0,0.06147,0.05263,0.00000,0.9545,1
09060210201,2,1,1,0,0.06413,0.06651,0.00000,0.9686,2
09060310101,1,1,0,0,0.07547,0.00000,0.00000,0.9752,-1
09060410101,2,1,1,0,0.05437,0.07062,0.00000,0.9737,1
09060510101,2,1,1,0,0.10088,0.09318,0.00000,0.9691,0
09060610101,2,1,1,0,0.08824,0.08920,0.00000,0.9710,0
09060710101,2,1,1,0,0.07018,0.08571,0.00000,0.9611,0
09060710102,3,1,1,1,0.10090,0.09417,0.07623,0.9557,2
09060810101,2,1,1,0,0.10000,0.06606,0.00000,0.9670,2
09060810201,2,1,1,0,0.07473,0.12061,0.00000,0.9646,1
09060910101,1,1,0,0,0.10000,0.00000,0.00000,0.9641,1
09060910201,1,1,0,0,0.07565,0.00000,0.00000,0.9648,0
09060910301,1,1,0,0,0.08428,0.00000,0.00000,0.9747,0
09060910302,2,1,1,0,0.10503,0.01136,0.00656,0.9687,1
09060910303,0,0,0,0,0.00000,0.00000,0.00000,0.9591,1
09061010101,1,1,0,0,0.14773,0.00000,0.00000,0.9700,3
09061010102,1,1,0,0,0.06140,0.00000,0.00000,0.9650,0
09061110101,0,0,0,0,0.00000,0.00000,0.00000,0.9656,2
09061210101,0,0,0,0,0.00000,0.00000,0.00000,0.9724,1
09061210201,2,1,1,0,0.05455,0.04545,0.00000,0.9605,2
09061310101,2,1,1,0,0.06360,0.05455,0.00000,0.9608,0
09061410101,2,1,1,0,0.08409,0.07955,0.00000,0.9677,-1
09070110101,1,1,0,0,0.07289,0.00220,0.00000,0.9725,1
09070210101,1,1,0,0,0.08408,0.00000,0.00000,0.9758,0
09070210201,1,1,0,0,0.05121,0.00000,0.00000,0.9316,0
09070310101,0,0,0,0,0.00000,0.00000,0.00000,0.9738,1
09070310201,2,1,1,0,0.13816,0.02961,0.00000,0.9609,1
09070410101,3,1,1,1,0.05868,0.04401,0.05134,0.9572,0
09070510101,1,1,0,0,0.13816,0.00000,0.00000,0.9576,2
09070510201,2,1,1,0,0.06150,0.04255,0.00000,0.9702,1
09070610101,0,0,0,0,0.00000,0.00000,0.00000,0.9558,2
09070610201,1,1,0,0,0.03728,0.00000,0.00000,0.9620,0
09070710101,1,1,0,0,0.11591,0.00000,0.00000,0.9726,1
09070710201,1,1,0,0,0.07463,0.00000,0.00000,0.9425,2
09070710202,2,1,1,0,0.07576,0.06250,0.00000,0.9625,1
09070710301,1,1,0,0,0.08428,0.00000,0.00000,0.9690,3
09070710302,1,0,0,1,0.00000,0.00000,0.06618,0.9452,0
09070710303,1,1,0,0,0.10682,0.00000,0.00000,0.9520,2
09070810101,1,1,0,0,0.08772,0.00000,0.00000,0.9701,0
09080110101,0,0,0,0,0.00000,0.00000,0.00000,0.9510,0
09080110201,0,,,,,,,0.9640,0
09080210101,0,0,0,0,0.00683,0.00000,0.00000,0.9495,0
09080210201,1,1,0,0,0.07727,0.00000,0.00000,0.9680,2
09080310101,0,0,0,0,0.00000,0.00000,0.00000,0.9479,-1
09080310102,0,0,0,0,0.00000,0.00000,0.00000,0.9610,-1
09080310201,0,0,0,0,0.00000,0.00000,0.00000,0.9454,0
09080310301,1,1,0,0,0.03864,0.00000,0.00000,0.9698,2
09080310302,0,0,0,0,0.00000,0.00000,0.00000,0.9552,1
09080310303,0,0,0,0,0.00000,0.00000,0.00000,0.9579,1
09080310304,0,0,0,0,0.00000,0.00000,0.00000,0.9510,1
09080410101,0,0,0,0,0.00000,0.00000,0.00000,0.9750,1
09080410102,0,0,0,0,0.00000,0.00000,0.00000,0.9720,1
09080510101,0,0,0,0,0.00000,0.00000,0.00000,0.9614,2
09080510201,0,0,0,0,0.00000,0.00000,0.00000,0.9426,2
09080610101,0,0,0,0,0.00000,0.00000,0.00000,0.9690,0
09080710101,0,0,0,0,0.00000,0.00000,0.00000,0.9715,0
09080810101,0,0,0,0,0.00000,0.00000,0.00000,0.9551,0
09080810102,0,0,0,0,0.00000,0.00000,0.00000,0.9639,2
09080810103,0,0,0,0,0.00000,0.00000,0.00000,0.9569,1
09080810201,0,0,0,0,0.00911,0.00000,0.00000,0.9545,1
09080810202,0,0,0,0,0.00000,0.00000,0.00000,0.9731,1
09080810203,0,0,0,0,0.00000,0.00000,0.00000,0.9628,-1
09080910101,0,0,0,0,0.00000,0.00000,0.00000,0.9437,1
09080910201,1,1,0,0,0.08439,0.00000,0.00000,0.9781,2
09081010101,0,0,0,0,0.00000,0.00000,0.00000,0.9612,0
09081010201,0,0,0,0,0.00000,0.00000,0.00000,0.9719,0
09081010301,0,0,0,0,0.00000,0.00000,0.00000,0.9577,2
09081110101,1,1,0,0,0.06803,0.00000,0.00000,0.9570,2
09081210101,0,0,0,0,0.00000,0.00000,0.00000,0.9626,-1
09081310101,0,0,0,0,0.00000,0.00000,0.00000,0.9464,1
09081310201,1,0,1,0,0.00454,0.06329,0.00000,0.9429,1
09081310202,0,0,0,0,0.00000,0.00000,0.00000,0.9571,1
09081310203,0,0,0,0,0.00000,0.00000,0.00000,0.9540,2
09081410101,1,1,0,0,0.05418,0.00000,0.00000,0.9705,0
09081410102,1,1,0,0,0.13407,0.00000,0.00000,0.9504,0
09081410103,0,0,0,0,0.00000,0.00000,0.00000,0.9337,1
09081410104,0,0,0,0,0.00000,0.00000,0.00000,0.9725,1
09081410105,0,0,0,0,0.00000,0.00000,0.00000,0.9639,0
09090110101,1,1,0,0,0.05910,0.00000,0.00000,0.9664,0
09090110102,1,1,0,0,0.14221,0.00000,0.00000,0.9577,2
09090110201,3,1,1,1,0.06054,0.10120,0.05349,0.9538,3
09090110202,1,1,0,0,0.08824,0.00000,0.00000,0.9346,1
09090210101,2,1,1,0,0.09847,0.09670,0.00000,0.9601,1
09090210201,1,1,0,0,0.06178,0.00000,0.00000,0.9435,2
09090210202,3,1,1,1,0.01535,0.01974,0.03636,0.9563,1
09090310101,1,1,0,0,0.05023,0.00000,0.00000,0.9359,1
09090310201,1,1,0,0,0.04028,0.00000,0.00000,0.9519,3
09090410101,1,1,0,0,0.07237,0.00000,0.00000,0.9592,0
09090410102,3,1,1,1,0.14442,0.08534,0.07045,0.9599,1
09090510101,0,0,0,0,0.00000,0.00218,0.00000,0.9348,1
09090510201,2,1,1,0,0.12073,0.08057,0.00000,0.9678,2
09090610101,1,1,0,0,0.06618,0.00000,0.00000,0.9699,1
09090610102,3,1,1,1,0.11442,0.10573,0.10069,0.9576,2
09090710101,2,1,1,0,0.11899,0.11220,0.00000,0.9619,3
09090710201,1,1,0,0,0.06136,0.00000,0.00000,0.9728,2
09090710202,1,1,0,0,0.10909,0.00000,0.00000,0.9798,0
09090710301,1,1,0,0,0.09567,0.00000,0.00000,0.9670,0
09090710302,1,1,0,0,0.08636,0.00000,0.00000,0.9723,-1
09090810101,2,1,1,0,0.08409,0.04318,0.00000,0.9741,2
09090810201,1,1,0,0,0.09070,0.00000,0.00000,0.9589,2
09090810202,1,1,0,0,0.11648,0.00000,0.00000,0.9491,2
09090910101,2,1,1,0,0.06619,0.02733,0.00000,0.9594,0
09091010101,3,1,1,1,0.05682,0.05455,0.07237,0.9596,1
09091010102,2,1,1,0,0.05921,0.05239,0.00000,0.9562,1
09091110101,3,1,1,1,0.01882,0.01412,0.01412,0.9658,1
09091110102,2,1,1,0,0.01471,0.01418,0.00000,0.9622,2
09091210101,1,1,0,0,0.05097,0.00000,0.00000,0.9717,-1
09091310101,1,1,0,0,0.07901,0.00000,0.00000,0.9651,1
09091310102,2,1,0,1,0.02412,0.00219,0.09091,0.9540,1
09091310103,1,1,0,0,0.01089,0.00000,0.00000,0.9569,0
09091310201,2,1,1,0,0.10893,0.13801,0.00000,0.9094,1
09091310202,1,1,0,0,0.06818,0.00000,0.00000,0.9644,1
09091410101,1,1,0,0,0.11404,0.00000,0.00000,0.9499,2
09091410102,2,1,1,0,0.11083,0.10541,0.00000,0.9569,2
09091410201,1,1,0,0,0.06346,0.00000,0.00000,0.9645,2
09091410301,3,1,1,1,0.04318,0.09649,0.09091,0.9651,0
09091410302,0,0,0,0,0.00000,0.00000,0.00000,0.9418,2
09091410303,1,1,0,0,0.09430,0.00000,0.00000,0.9676,1
09091410304,2,1,1,0,0.08491,0.08038,0.00000,0.9598,0
09091510101,1,1,0,0,0.08768,0.00000,0.00000,0.9319,3
09091510201,2,1,1,0,0.09670,0.13158,0.00000,0.9697,0
09091610101,2,1,1,0,0.07240,0.12207,0.00000,0.9628,3
09091610201,3,1,1,1,0.09190,0.07710,0.13377,0.9387,2
09091610301,2,1,1,0,0.10941,0.10503,0.00000,0.9696,1
09091610302,2,1,1,0,0.12000,0.10244,0.00000,0.9517,2
09120910105,1,1,0,0,0.07289,0.00000,0.00000,0.9059,4
10010110101,0,0,0,0,0.00000,0.00000,0.00000,0.9821,-1
10010110201,3,1,1,1,0.04805,0.04817,0.07212,0.9818,1
10010110301,0,0,0,0,0.00000,0.00000,0.00000,0.9593,1
10010210101,0,0,0,0,0.00000,0.00000,0.00000,0.9805,1
10010210102,0,0,0,0,0.00000,0.00000,0.00000,0.9784,0
10010210103,0,0,0,0,0.00000,0.00000,0.00000,0.9853,0
10010210104,0,0,0,0,0.00000,0.00000,0.00000,0.9222,-1
10010210201,1,1,0,0,0.06373,0.00000,0.00000,0.9843,2
10010210202,0,0,0,0,0.00000,0.00000,0.00000,0.9792,-1
10010210203,0,0,0,0,0.00000,0.00225,0.00000,0.9782,1
10010210301,0,0,0,0,0.00000,0.00000,0.00000,0.9815,1
10010310101,0,0,0,0,0.00000,0.00000,0.00000,0.9861,1
10010310102,0,0,0,0,0.00000,0.00000,0.00000,0.9846,0
10010310104,0,0,0,0,0.00000,0.00000,0.00000,0.9540,2
10010310105,0,0,0,0,0.00000,0.00000,0.00000,0.9782,0
10010310106,0,0,0,0,0.00000,0.00000,0.00000,0.9872,1
10010310201,0,0,0,0,0.00000,0.00000,0.00000,0.9805,1
10010310202,0,0,0,0,0.00235,0.00000,0.00000,0.9583,2
10010310203,0,0,0,0,0.00000,0.00234,0.00000,0.9795,2
10010310204,0,0,0,0,0.00000,0.00000,0.00000,0.9862,1
10010310302,0,0,0,0,0.00000,0.00000,0.00000,0.9867,0
10010310303,3,1,1,1,0.01970,0.01065,0.01355,0.3929,-10
10010310304,0,0,0,0,0.00000,0.00000,0.00000,0.9827,1
10010310305,1,1,0,0,0.08495,0.00000,0.00000,0.9859,0
10010310306,0,0,0,0,0.00000,0.00000,0.00000,0.9703,0
10010310307,0,0,0,0,0.00000,0.00000,0.00000,0.9853,1
10010310401,1,1,0,0,0.11650,0.00000,0.00000,0.9849,0
10010310402,0,0,0,0,0.00000,0.00000,0.00000,0.9640,2
10010310403,0,0,0,0,0.00000,0.00000,0.00000,0.9748,1
10010310404,0,0,0,0,0.00000,0.00000,0.00000,0.9862,2
10010310405,0,0,0,0,0.00000,0.00000,0.00000,0.9780,1
10010310501,0,0,0,0,0.00000,0.00000,0.00000,0.9868,1
10010310502,0,0,0,0,0.00000,0.00000,0.00000,0.9636,3
10010310503,0,0,0,0,0.00000,0.00000,0.00000,0.9671,0
10010310504,0,0,0,0,0.00000,0.00000,0.00000,0.9856,1
10010310505,0,0,0,0,0.00000,0.00000,0.00000,0.9783,0
10010410101,0,0,0,0,0.00000,0.00220,0.00000,0.9622,2
10010410102,0,0,0,0,0.00000,0.00000,0.00000,0.9848,1
10010510101,0,0,0,0,0.00000,0.00000,0.00000,0.9897,1
10010510102,0,0,0,0,0.00000,0.00000,0.00000,0.9764,1
10010510103,0,0,0,0,0.00000,0.00000,0.00000,0.9776,1
10010510104,0,0,0,0,0.00000,0.00000,0.00000,0.9806,1
10010510105,0,0,0,0,0.00000,0.00000,0.00000,0.9741,0
10010610101,0,0,0,0,0.00000,0.00000,0.00000,0.9769,1
10010610201,1,1,0,0,0.10256,0.00000,0.00000,0.9571,1
10010610202,0,0,0,0,0.00000,0.00000,0.00000,0.9865,1
10010610203,0,0,0,0,0.00000,0.00000,0.00000,0.9634,0
10010610204,0,0,0,0,0.00000,0.00000,0.00000,0.9698,1
10010610205,0,0,0,0,0.00000,0.00000,0.00000,0.9768,1
10010610301,1,1,0,0,0.03497,0.00000,0.00000,0.9906,-1
10010610302,0,0,0,0,0.00000,0.00000,0.00000,0.9717,-1
10010610401,1,1,0,0,0.09840,0.00000,0.00000,0.9642,2
10010710101,0,0,0,0,0.00000,0.00000,0.00000,0.9668,2
10010710102,0,0,0,0,0.00000,0.00000,0.00000,0.9796,1
10010710104,1,0,0,1,0.00000,0.00000,0.01573,0.9896,-1
10010710201,0,0,0,0,0.00000,0.00000,0.00000,0.9826,2
10010710202,0,0,0,0,0.00000,0.00000,0.00000,0.9760,0
10010710301,0,0,0,0,0.00000,0.00000,0.00000,0.9865,1
10010710302,0,0,0,0,0.00000,0.00000,0.00000,0.9870,-1
10010710303,0,0,0,0,0.00000,0.00000,0.00000,0.9716,3
10010710401,0,0,0,0,0.00000,0.00000,0.00000,0.9568,0
10010810101,1,1,0,0,0.03423,0.00000,0.00000,0.9760,0
10010810201,1,1,0,0,0.14988,0.00000,0.00000,0.9789,1
10010810301,1,1,0,0,0.06619,0.00000,0.00000,0.9719,1
10010810401,1,1,0,0,0.08280,0.00000,0.00000,0.9773,-1
10010810503,1,1,0,0,0.07586,0.00221,0.00000,0.9817,2
10010910101,1,1,0,0,0.11316,0.00000,0.00000,0.9601,4
10010910102,1,1,0,0,0.07657,0.00000,0.00000,0.9727,1
10010910201,0,0,0,0,0.00000,0.00000,0.00000,0.9853,0
10010910202,0,0,0,0,0.00000,0.00000,0.00000,0.9634,-1
10020110101,0,0,0,0,0.00000,0.00000,0.00000,0.9854,1
10020110201,1,1,0,0,0.16150,0.00000,0.00000,0.9651,2
10020210201,0,0,0,0,0.00000,0.00000,0.00000,0.9871,1
10020210202,0,0,0,0,0.00000,0.00221,0.00000,0.9415,1
10020210301,0,0,0,0,0.00000,0.00000,0.00000,0.9678,2
10020210401,1,1,0,0,0.03738,0.00000,0.00000,0.9767,-1
10020210501,0,0,0,0,0.00630,0.00232,0.00928,0.9787,3
10020210502,3,1,1,1,0.04419,0.04651,0.02804,0.9667,1
10020310101,1,1,0,0,0.06553,0.00000,0.00000,0.9842,2
10020310201,1,1,0,0,0.12528,0.00000,0.00000,0.9654,3
10020310301,1,1,0,0,0.08628,0.00000,0.00000,0.9837,2
10020410201,0,0,0,0,0.00000,0.00000,0.00000,0.9840,1
10020410202,1,1,0,0,0.08736,0.00000,0.00000,0.9806,0
10020410301,1,1,0,0,0.05034,0.00000,0.00000,0.9868,1
10020510101,0,0,0,0,0.00000,0.00000,0.00000,0.9620,3
10020510201,0,0,0,0,0.00000,0.00000,0.00000,0.9665,3
10020510301,1,1,0,0,0.13730,0.00000,0.00000,0.9846,1
10020510302,1,1,0,0,0.05825,0.00000,0.00000,0.9795,2
10020610101,0,0,0,0,0.00000,0.00234,0.00000,0.9852,2
10020610102,0,0,0,0,0.00000,0.00000,0.00000,0.9762,2
10030110101,1,1,0,0,0.10984,0.00000,0.00000,0.9630,3
10030110102,0,0,0,0,0.00000,0.00000,0.00208,0.9829,0
10030110104,1,1,0,0,0.05977,0.00000,0.00000,0.9798,1
10030110201,0,0,0,0,0.00458,0.00000,0.00000,0.9846,1
10030110202,1,1,0,0,0.15862,0.00000,0.00000,0.9677,0
10030110301,1,1,0,0,0.10805,0.00000,0.00000,0.9829,0
10030110302,1,1,0,0,0.11454,0.00000,0.00000,0.9846,-1
10030110303,1,1,0,0,0.10297,0.00000,0.00000,0.9676,-1
10030110304,1,1,0,0,0.09732,0.00000,0.00000,0.9868,-1
10030210101,0,0,0,0,0.00000,0.00000,0.00000,0.9851,1
10030210201,0,0,0,0,0.00000,0.00000,0.00000,0.9760,1
10030210301,0,0,0,0,0.00000,0.00000,0.00000,0.9843,2
10030210302,1,1,0,0,0.12335,0.00000,0.00000,0.9628,2
10030310102,1,1,0,0,0.06880,0.00000,0.00000,0.9733,0
10030310201,0,0,0,0,0.00000,0.00000,0.00000,0.9607,3
10030410101,0,0,0,0,0.00468,0.00000,0.00000,0.9841,1
10030410201,1,1,0,0,0.12815,0.00000,0.00000,0.9867,1
10030510101,0,0,0,0,0.00000,0.00000,0.00000,0.9802,-1
10030510201,0,0,0,0,0.00000,0.00000,0.00000,0.9862,0
10030510301,0,0,0,0,0.00000,0.00000,0.00000,0.9808,1
10030510401,3,1,1,1,0.04784,0.09709,0.12815,0.9599,2
10030510501,0,0,0,0,0.00000,0.00000,0.00000,0.9613,2
10030610101,0,0,0,0,0.00000,0.00000,0.00000,0.9784,1
10030610102,1,1,0,0,0.08405,0.00000,0.00000,0.9750,2
10030610201,1,1,0,0,0.11233,0.00000,0.00000,0.9875,0
10030610202,0,0,0,0,0.00000,0.00000,0.00000,0.9848,0
10030710101,0,0,0,0,0.00000,0.00000,0.00000,0.9871,1
10030710102,1,1,0,0,0.11034,0.00000,0.00000,0.9851,2
10030710301,0,0,0,0,0.00000,0.00000,0.00000,0.9573,-2
10030710401,0,0,0,0,0.00232,0.00000,0.00000,0.9573,1
10030810101,0,0,0,0,0.00000,0.00000,0.00000,0.9807,2
10030810102,0,0,0,0,0.00000,0.00000,0.00000,0.9839,1
10030810201,0,0,0,0,0.00000,0.00000,0.00000,0.9856,-1
10030810301,0,0,0,0,0.00000,0.00000,0.00000,0.9772,0
10030810302,0,0,0,0,0.00000,0.00000,0.00000,0.9744,-1
10040110101,0,0,0,0,0.00000,0.00000,0.00000,0.9788,3
10040110102,1,1,0,0,0.10949,0.00000,0.00000,0.9751,0
10040110201,0,0,0,0,0.00000,0.00000,0.00000,0.9799,0
10040110301,1,1,0,0,0.11408,0.00000,0.00000,0.9848,1
10040210101,0,0,0,0,0.00000,0.00000,0.00000,0.9572,2
10040210102,1,1,0,0,0.07282,0.00000,0.00000,0.9757,1
10040210201,0,0,0,0,0.00220,0.00220,0.00000,0.9816,1
10040210202,0,0,0,0,0.00000,0.00000,0.00000,0.9774,2
10040310101,0,0,0,0,0.00000,0.00000,0.00000,0.9849,-1
10040310102,0,0,0,0,0.00000,0.00000,0.00000,0.9831,-1
10040310103,0,0,0,0,0.00220,0.00000,0.00000,0.9791,1
10040310104,1,1,0,0,0.09735,0.00000,0.00000,0.9589,2
10040310201,1,1,0,0,0.08889,0.00000,0.00000,0.9823,2
10040310202,0,0,0,0,0.00000,0.00000,0.00000,0.9879,0
10040310203,1,1,0,0,0.08010,0.00220,0.00000,0.9643,2
10040310204,0,0,0,0,0.00000,0.00000,0.00000,0.9626,3
10040310301,1,1,0,0,0.13614,0.00000,0.00000,0.9834,2
10040310401,0,0,0,0,0.00000,0.00000,0.00000,0.9641,1
10040310402,0,0,0,0,0.00000,0.00000,0.00000,0.9801,1
10040310403,0,0,0,0,0.00000,0.00000,0.00000,0.9850,1
10040310404,0,0,0,0,0.00000,0.00000,0.00000,0.9796,1
10040410101,1,0,0,1,0.00000,0.00000,0.08273,0.9779,0
10040410102,0,0,0,0,0.00000,0.00000,0.00000,0.9734,2
10040510101,1,1,0,0,0.07161,0.00000,0.00000,0.9631,2
10040510201,1,1,0,0,0.06311,0.00000,0.00000,0.9810,2
10040510302,0,0,0,0,0.00221,0.00000,0.00000,0.9652,2
100406010204,0,0,0,0,0.00000,0.00000,0.00000,0.9591,1
10040610101,0,0,0,0,0.00000,0.00000,0.00000,0.9872,1
10040610201,1,1,0,0,0.10297,0.00000,0.00000,0.9816,2
10040610202,0,0,0,0,0.00000,0.00000,0.00000,0.9707,-1
10040610203,0,0,0,0,0.00000,0.00000,0.00000,0.9761,-1
10050110101,1,1,0,0,0.08966,0.00000,0.00000,0.9765,1
10050110102,1,1,0,0,0.05366,0.00000,0.00000,0.9823,-1
10050110103,0,0,0,0,0.00000,0.00000,0.00000,0.9889,1
10050110201,1,1,0,0,0.10115,0.00000,0.00000,0.9721,1
10050110202,1,1,0,0,0.16018,0.00000,0.00000,0.9810,1
10050210101,1,1,0,0,0.08658,0.00000,0.00000,0.9878,1
10050210102,1,1,0,0,0.10437,0.00000,0.00000,0.9791,1
10050210103,1,1,0,0,0.09153,0.00000,0.00000,0.9778,2
10050210104,1,1,0,0,0.06167,0.00000,0.00000,0.9860,-1
10050210201,1,1,0,0,0.04604,0.00000,0.00000,0.9867,-1
10050210202,1,1,0,0,0.11422,0.00000,0.00000,0.9880,1
10050310101,1,1,0,0,0.03908,0.00000,0.00000,0.9805,2
10050310103,1,1,0,0,0.07045,0.00000,0.00000,0.9303,6
10050310104,1,1,0,0,0.10160,0.00000,0.00000,0.9377,9
10050310105,1,1,0,0,0.09002,0.00000,0.00000,0.9695,-1
10050310201,1,1,0,0,0.10619,0.00000,0.00000,0.9567,2
10050310202,1,1,0,0,0.06897,0.00000,0.00000,0.9842,1
10050310203,1,1,0,0,0.10805,0.00000,0.00000,0.9855,1
10050310204,1,1,0,0,0.05583,0.00219,0.00467,0.9648,3
10050310205,1,1,0,0,0.10755,0.00000,0.00000,0.9867,2
10050310301,1,0,0,1,0.00000,0.00000,0.11522,0.9840,1
10050310302,0,0,0,0,0.00000,0.00000,0.00000,0.9864,0
10050310401,1,1,0,0,0.10979,0.00000,0.00000,0.9642,1
10050310501,1,1,0,0,0.07551,0.00000,0.00000,0.9826,0
10050310502,1,1,0,0,0.09536,0.00000,0.00000,0.9846,1
10050310503,1,1,0,0,0.08235,0.00000,0.00000,0.9757,0
10050310504,1,1,0,0,0.08879,0.00000,0.00000,0.9869,3
10050310601,1,1,0,0,0.09692,0.00000,0.00000,0.9625,2
10050310602,1,1,0,0,0.10297,0.00000,0.00000,0.9673,1
10050410101,1,1,0,0,0.17181,0.00000,0.00000,0.9565,3
10050510101,1,1,0,0,0.08889,0.00000,0.00000,0.9857,2
10050510102,1,1,0,0,0.01602,0.00000,0.00000,0.9799,2
10060110101,0,0,0,0,0.00000,0.00232,0.00000,0.9346,3
10060110102,0,0,0,0,0.00000,0.00000,0.00000,0.9440,3
10060110201,0,0,0,0,0.00000,0.00000,0.00000,0.9352,2
10060210101,0,0,0,0,0.00000,0.00000,0.00000,0.9750,2
10060210201,0,0,0,0,0.00000,0.00000,0.00000,0.9717,3
10060210202,0,0,0,0,0.00000,0.00000,0.00000,0.9695,4
10060210203,1,1,0,0,0.01376,0.00000,0.00000,0.9695,0
10060210301,0,0,0,0,0.00000,0.00000,0.00000,0.9390,1
10060310101,0,0,0,0,0.00000,0.00222,0.00000,0.9638,0
10060310102,2,0,1,1,0.00218,0.01104,0.01330,0.9761,1
10060310201,0,0,0,0,0.00221,0.00000,0.00000,0.9750,2
10060310202,0,0,0,0,0.00000,0.00000,0.00000,0.9660,1
10060310301,1,1,0,0,0.05950,0.00000,0.00000,0.9415,3
10060410101,0,0,0,0,0.00000,0.00000,0.00000,0.9588,4
10060410102,0,0,0,0,0.00000,0.00000,0.00000,0.9384,2
10060410201,1,1,0,0,0.10251,0.00000,0.00000,0.9673,2
10060410202,0,0,0,0,0.00000,0.00000,0.00000,0.9416,3
10060510101,0,0,0,0,0.00000,0.00000,0.00000,0.9759,2
10060510102,1,1,0,0,0.01905,0.00990,0.00000,0.9086,9
10060510201,1,1,0,0,0.07301,0.00000,0.00000,0.9733,1
10060510202,0,0,0,0,0.00220,0.00000,0.00000,0.9699,2
10060510301,0,0,0,0,0.00000,0.00000,0.00000,0.9530,5
10060510401,0,0,0,0,0.00000,0.00000,0.00000,0.9669,1
10060510402,0,0,0,0,0.00000,0.00000,0.00000,0.9283,3
10060610101,0,0,0,0,0.00000,0.00000,0.00000,0.9692,3
10060610102,1,0,0,1,0.00000,0.00000,0.01373,0.9500,1
10060710101,0,0,0,0,0.00000,0.00000,0.00000,0.9564,3
10060710102,0,0,0,0,0.00000,0.00000,0.00000,0.9599,2
10070110101,1,1,0,0,0.08590,0.00000,0.00000,0.9395,4
10070110201,1,1,0,0,0.07767,0.00000,0.00000,0.9692,1
10070110202,0,0,0,0,0.00000,0.00000,0.00000,0.9334,2
10070210101,0,0,0,0,0.00000,0.00000,0.00234,0.9750,2
10070210201,0,0,0,0,0.00000,0.00000,0.00000,0.9740,3
10070210301,0,0,0,0,0.00000,0.00000,0.00000,0.9728,3
10070210401,1,1,0,0,0.02771,0.00000,0.00000,0.9426,4
10070210402,1,1,0,0,0.01367,0.00000,0.00881,0.9394,2
10070210403,0,0,0,0,0.00000,0.00000,0.00000,0.9705,1
10070310101,0,0,0,0,0.00000,0.00000,0.00000,0.9516,3
10070310102,1,1,0,0,0.05097,0.00000,0.00000,0.9635,1
10070310201,1,1,0,0,0.13656,0.00000,0.00000,0.9693,1
10070310202,0,0,0,0,0.00000,0.00000,0.00000,0.9431,1
10070410101,1,1,0,0,0.13817,0.00000,0.00000,0.9459,1
10070410102,0,0,0,0,0.00000,0.00000,0.00000,0.9488,1
10070410201,1,1,0,0,0.06167,0.00000,0.00000,0.9521,1
10070410202,1,1,0,0,0.05388,0.00000,0.00000,0.9722,3
10070410203,0,0,0,0,0.00000,0.00000,0.00000,0.9737,1
10070510101,0,0,0,0,0.00000,0.00000,0.00000,0.9614,3
10070510201,0,0,0,0,0.00000,0.00000,0.00000,0.9733,3
10070510301,0,0,0,0,0.00000,0.00000,0.00000,0.9662,4
10080110101,1,1,0,0,0.05022,0.00000,0.00000,0.9714,2
10080110201,1,1,0,0,0.06608,0.00000,0.00000,0.9413,4
100802020201,0,0,0,0,0.00000,0.00000,0.00000,0.9713,0
10080210101,0,0,0,0,0.00234,0.00000,0.00000,0.9633,2
10080210201,1,1,0,0,0.03233,0.00000,0.00000,0.9399,4
10080210202,1,1,0,0,0.01502,0.00000,0.00000,0.8925,11
10080210203,1,1,0,0,0.07786,0.00000,0.00000,0.9432,3
10080210204,1,1,0,0,0.07517,0.00000,0.00000,0.9432,3
10080220101,1,1,0,0,0.09633,0.00000,0.00000,0.9723,2
10080220102,0,0,0,0,0.00000,0.00000,0.00000,0.9708,2
10080310101,0,0,0,0,0.00000,0.00000,0.00000,0.9353,1
10080310102,1,1,0,0,0.11899,0.00000,0.00000,0.9497,3
10080310103,1,1,0,0,0.09466,0.00000,0.00000,0.9505,1
10080310201,0,0,0,0,0.00000,0.00000,0.00000,0.9675,1
10080410101,1,1,0,0,0.11239,0.00000,0.00000,0.9674,2
100900201,0,0,0,0,0.00000,0.00000,0.00000,0.9396,3
10090110101,0,0,0,0,0.00000,0.00000,0.00000,0.9715,0
10090210101,0,0,0,0,0.00000,0.00000,0.00000,0.9605,2
10090210102,0,0,0,0,0.00000,0.00000,0.00000,0.9345,3
10090210103,0,0,0,0,0.00000,0.00000,0.00000,0.9724,2
10090210104,2,1,1,0,0.07586,0.16322,0.00230,0.9233,5
10090210201,1,1,0,0,0.12354,0.00000,0.00000,0.9674,2
10090210202,0,0,0,0,0.00000,0.00000,0.00000,0.9546,0
10090210203,1,1,0,0,0.09713,0.00000,0.00000,0.9711,1
10090210204,0,0,0,0,0.00000,0.00000,0.00000,0.9549,2
10090210205,0,0,0,0,0.00000,0.00000,0.00000,0.9531,1
10090220101,0,0,0,0,0.00000,0.00000,0.00000,0.9295,0
10090220102,1,1,0,0,0.02752,0.00000,0.00000,0.9400,2
10090220103,0,0,0,0,0.00000,0.00000,0.00000,0.9726,2
10090220104,0,0,0,0,0.00000,0.00000,0.00000,0.9678,3
10090220105,0,0,0,0,0.00000,0.00000,0.00000,0.9450,2
10090220106,0,0,0,0,0.00000,0.00000,0.00000,0.9691,1
10090220201,0,0,0,0,0.00000,0.00000,0.00000,0.9689,2
10090220202,1,1,0,0,0.08486,0.00000,0.00000,0.9183,4
10090220203,0,0,0,0,0.00000,0.00000,0.00000,0.9352,1
10090220204,0,0,0,0,0.00000,0.00000,0.00000,0.9562,2
10090220205,0,0,0,0,0.00000,0.00000,0.00000,0.9726,2
10090220301,1,1,0,0,0.07635,0.00000,0.00000,0.9728,2
10090220302,1,1,0,0,0.02697,0.00000,0.00000,0.9721,2
10090310101,0,0,0,0,0.00000,0.00000,0.00000,0.9722,1
10090310102,0,0,0,0,0.00000,0.00000,0.00000,0.9692,2
10090310103,0,0,0,0,0.00000,0.00000,0.00000,0.9490,0
10090310104,0,0,0,0,0.00000,0.00000,0.00000,0.9688,4
10090310105,0,0,0,0,0.00000,0.00000,0.00000,0.9729,1
10090310106,0,0,0,0,0.00000,0.00239,0.00000,0.9584,3
10090310107,0,0,0,0,0.00000,0.00000,0.00000,0.9768,1
10090310108,0,0,0,0,0.00000,0.00000,0.00000,0.9366,2
10090310109,0,0,0,0,0.00000,0.00000,0.00000,0.9682,1
10090320101,0,0,0,0,0.00000,0.00000,0.00000,0.9701,2
10090320102,0,0,0,0,0.00000,0.00000,0.00000,0.9702,3
10090320103,0,0,0,0,0.00000,0.00233,0.00000,0.9399,2
10090320201,0,0,0,0,0.00000,0.00000,0.00000,0.9689,2
10090320202,0,0,0,0,0.00000,0.00000,0.00000,0.9701,2
10090320203,0,0,0,0,0.00000,0.00000,0.00000,0.9610,2
10090320204,1,1,0,0,0.14126,0.00000,0.00000,0.9497,3
10090410101,0,0,0,0,0.00000,0.00000,0.00000,0.9601,1
10090410201,0,0,0,0,0.00000,0.00000,0.00000,0.9335,6
10090410301,1,1,0,0,0.06527,0.00000,0.00000,0.9567,2
10100110101,1,1,0,0,0.08716,0.00000,0.00000,0.9713,0
10100110102,1,1,0,0,0.05275,0.00000,0.00000,0.9420,3
10100110103,0,0,0,0,0.00238,0.00000,0.00000,0.9599,1
10100110201,1,1,0,0,0.05947,0.00000,0.00000,0.9645,3
10100110202,0,0,0,0,0.00000,0.00000,0.00000,0.9388,2
10100210101,2,1,1,0,0.02069,0.04673,0.00000,0.9430,3
10100210102,1,1,0,0,0.10069,0.00000,0.00000,0.9726,2
10100210201,1,1,0,0,0.11910,0.00000,0.00000,0.9686,2
10100310101,0,0,0,0,0.00000,0.00000,0.00000,0.9591,2
10100310102,1,1,0,0,0.07551,0.00000,0.00000,0.9744,1
10100310103,1,1,0,0,0.08046,0.00000,0.00000,0.9569,2
10100410101,0,0,0,0,0.00000,0.00000,0.00000,0.9721,3
10100410102,1,1,0,0,0.08028,0.00000,0.00000,0.9364,3
10100410103,0,0,0,0,0.00220,0.00000,0.00000,0.9534,5
10100410104,1,1,0,0,0.07870,0.00000,0.00000,0.8970,4
10100410105,0,0,0,0,0.00000,0.00000,0.00000,0.9713,2
10100410201,1,1,0,0,0.07110,0.00000,0.00000,0.9725,1
10100410202,0,0,0,0,0.00000,0.00000,0.00000,0.9672,1
10100410203,1,1,0,0,0.11468,0.00000,0.00000,0.9685,1
10100410204,0,0,0,0,0.00000,0.00000,0.00000,0.9706,1
10100410301,1,1,0,0,0.04092,0.00234,0.00000,0.9402,1
10100410302,1,1,0,0,0.03661,0.00661,0.00000,0.9557,3
10100410303,0,0,0,0,0.00000,0.00000,0.00000,0.9585,1
10100410304,1,1,0,0,0.09611,0.00000,0.00000,0.9720,3
10100410401,1,1,0,0,0.09828,0.00000,0.00000,0.9315,7
10100410402,0,0,0,0,0.00000,0.00000,0.00000,0.9781,1
10100410501,0,0,0,0,0.00441,0.00220,0.00000,0.9728,0
10100410502,1,1,0,0,0.09292,0.00000,0.00000,0.9369,3
10100410503,2,1,1,0,0.02203,0.02423,0.00966,0.9590,1
10100410601,1,1,0,0,0.04119,0.00000,0.00000,0.9723,1
10100410602,0,0,0,0,0.00000,0.00000,0.00000,0.9697,1
10100410603,1,1,0,0,0.10000,0.00000,0.00000,0.9367,4
10100410604,0,0,0,0,0.00000,0.00000,0.00000,0.9611,2
10100410701,1,1,0,0,0.03423,0.00000,0.00000,0.9599,3
10100410801,1,1,0,0,0.11163,0.00000,0.00000,0.9718,0
10100410802,1,1,0,0,0.01831,0.00229,0.00000,0.9668,2
10100510101,0,0,0,0,0.00000,0.00000,0.00000,0.9497,2
10100510102,0,0,0,0,0.00000,0.00000,0.00000,0.9647,1
10100510201,1,1,0,0,0.11239,0.00000,0.00000,0.9704,2
10100510202,1,1,0,0,0.03390,0.00000,0.00000,0.9530,1
10100510203,1,1,0,0,0.04587,0.00000,0.00000,0.9728,2
10110110101,0,0,0,0,0.00000,0.00000,0.00000,0.9670,1
10110110102,0,0,0,0,0.00000,0.00000,0.00000,0.9860,-2
10110110103,0,0,0,0,0.00000,0.00000,0.00000,0.9870,-1
10110110201,0,0,0,0,0.00000,0.00000,0.00441,0.9865,-2
10110110202,0,0,0,0,0.00000,0.00000,0.00000,0.9680,-1
10110110301,0,0,0,0,0.00000,0.00000,0.00000,0.9775,-1
10110110302,0,0,0,0,0.00000,0.00000,0.00000,0.9861,-1
10110110303,0,0,0,0,0.00000,0.00000,0.00000,0.9475,1
10110110401,0,0,0,0,0.00000,0.00000,0.00000,0.9871,-1
10110110402,0,0,0,0,0.00444,0.00000,0.00000,0.9828,-1
10110110403,0,0,0,0,0.00000,0.00000,0.00222,0.9819,-2
10110110404,0,0,0,0,0.00000,0.00000,0.00000,0.9522,1
10110210101,1,1,0,0,0.04380,0.00000,0.00000,0.9720,0
10110210201,1,1,0,0,0.04119,0.00000,0.00000,0.9706,1
10110210301,1,1,0,0,0.08083,0.00000,0.00000,0.9722,-1
10110310101,1,1,0,0,0.08370,0.00000,0.00000,0.9870,0
10110310201,1,1,0,0,0.10624,0.00000,0.00000,0.9827,0
10110410101,0,0,0,0,0.00000,0.00000,0.00000,0.9708,-1
10110410102,0,0,0,0,0.00000,0.00000,0.00000,0.9792,0
10110410103,0,0,0,0,0.00000,0.00000,0.00000,0.9776,0
10110410201,0,0,0,0,0.00000,0.00000,0.00000,0.9826,0
10110410202,0,0,0,0,0.00000,0.00000,0.00000,0.9718,0
10110410203,0,0,0,0,0.00000,0.00000,0.00000,0.9750,0
10110410204,0,0,0,0,0.00000,0.00000,0.00000,0.9734,1
10110510101,0,0,0,0,0.00222,0.00000,0.00000,0.9867,0
10110510102,0,0,0,0,0.00000,0.00000,0.00000,0.9871,-1
10110510201,1,1,0,0,0.01937,0.00000,0.00000,0.9800,1
10110610101,0,0,0,0,0.00000,0.00000,0.00000,0.9848,1
10110610102,0,0,0,0,0.00000,0.00000,0.00000,0.9839,-1
10110610103,0,0,0,0,0.00000,0.00000,0.00000,0.9793,-1
10110610104,0,0,0,0,0.00219,0.00000,0.00000,0.9841,0
10110610105,0,0,0,0,0.00000,0.00000,0.00000,0.9829,-2
10110610201,0,0,0,0,0.00000,0.00230,0.00000,0.9715,0
10110610202,0,0,0,0,0.00000,0.00000,0.00000,0.9684,0
10110610203,0,0,0,0,0.00000,0.00000,0.00000,0.9830,0
10110610301,0,0,0,0,0.00000,0.00000,0.00000,0.9750,-2
10110610302,0,0,0,0,0.00000,0.00000,0.00000,0.9855,-1
10110610401,0,0,0,0,0.00000,0.00000,0.00000,0.9822,-2
10110610402,0,0,0,0,0.00000,0.00000,0.00000,0.9812,0
10110610501,0,0,0,0,0.00000,0.00000,0.00000,0.9874,-1
10110710101,0,0,0,0,0.00491,0.00000,0.00243,0.9708,-1
10110710102,0,0,0,0,0.00000,0.00000,0.00000,0.9854,-1
10110710103,1,1,0,0,0.14398,0.00000,0.00000,0.9820,0
10110710104,0,0,0,0,0.00000,0.00000,0.00000,0.9869,0
10110710201,0,0,0,0,0.00000,0.00000,0.00000,0.9702,1
10110710301,0,0,0,0,0.00243,0.00000,0.00000,0.9884,-1
10110710302,0,0,0,0,0.00000,0.00000,0.00000,0.9770,-2
10110710401,0,0,0,0,0.00000,0.00000,0.00000,0.9711,1
10110710402,0,0,0,0,0.00000,0.00000,0.00000,0.9770,1
10110710403,0,0,0,0,0.00000,0.00000,0.00222,0.9845,0
10110710404,0,0,0,0,0.00000,0.00000,0.00000,0.9744,-1
10110810101,0,0,0,0,0.00000,0.00000,0.00000,0.9858,-1
10110810201,1,1,0,0,0.09246,0.00000,0.00000,0.9709,0
10110810301,1,1,0,0,0.05386,0.00000,0.00000,0.9698,-2
10110810302,1,1,0,0,0.07556,0.00000,0.00000,0.9843,0
10120110101,0,0,0,0,0.00000,0.00000,0.00000,0.9700,1
10120110102,0,0,0,0,0.00000,0.00000,0.00000,0.9686,1
10120110201,0,0,0,0,0.00664,0.00000,0.00000,0.9794,-2
10120210101,0,0,0,0,0.00000,0.00000,0.00000,0.9790,-1
10120210201,1,1,0,0,0.11724,0.00000,0.00000,0.9675,0
10120210202,1,1,0,0,0.12895,0.00000,0.00000,0.9797,-2
10120310101,0,0,0,0,0.00000,0.00000,0.00000,0.9864,-1
10120310201,1,1,0,0,0.06813,0.00000,0.00234,0.9760,0
10120310202,1,1,0,0,0.07094,0.00000,0.00000,0.9829,-1
10120410101,1,1,0,0,0.05057,0.00000,0.00000,0.9722,-1
10120410201,0,0,0,0,0.00000,0.00000,0.00000,0.9823,-1
10120410202,0,0,0,0,0.00000,0.00000,0.00000,0.9608,-1
10120410301,0,0,0,0,0.00000,0.00000,0.00000,0.9728,0
10120410302,0,0,0,0,0.00000,0.00000,0.00000,0.9818,-1
10120510101,1,1,0,0,0.11062,0.00000,0.00000,0.9800,0
10120510102,0,0,0,0,0.00000,0.00000,0.00000,0.9832,0
10120610101,1,1,0,0,0.14486,0.00000,0.00000,0.9862,0
10120610102,1,1,0,0,0.10398,0.00000,0.00000,0.9764,-1
10120610103,1,1,0,0,0.09133,0.00000,0.00000,0.9732,1
10120610201,2,1,1,0,0.20133,0.12136,0.00000,0.9846,0
10120610301,2,1,1,0,0.07090,0.10513,0.00000,0.9653,0
10120610302,2,1,1,0,0.06075,0.09195,0.00000,0.9809,-1
10120610401,1,1,0,0,0.06636,0.00000,0.00000,0.9751,-2
10120610402,0,0,0,0,0.00000,0.00000,0.00000,0.9811,-1
10120610403,0,0,0,0,0.00000,0.00000,0.00000,0.9666,1
10120610501,1,1,0,0,0.03465,0.00000,0.00000,0.9674,1
10120710101,1,1,0,0,0.05950,0.00000,0.00000,0.9839,0
10120710102,1,1,0,0,0.08186,0.00000,0.00000,0.9842,-2
10120710103,0,0,0,0,0.00000,0.00000,0.00000,0.9842,-2
10120710201,0,0,0,0,0.00000,0.00000,0.00000,0.9706,0
10120710202,0,0,0,0,0.00000,0.00000,0.00000,0.9858,-1
10120710203,1,1,0,0,0.06792,0.00000,0.00000,0.9880,0
10120710204,0,0,0,0,0.00000,0.00000,0.00000,0.9721,0
10120710205,0,0,0,0,0.00000,0.00000,0.00000,0.9862,2
10120710206,0,0,0,0,0.00000,0.00000,0.00000,0.9681,0
10120710301,1,1,0,0,0.11454,0.00000,0.00000,0.9717,-1
10120710302,0,0,0,0,0.00000,0.00000,0.00000,0.9803,0
10120710401,0,0,0,0,0.00000,0.00000,0.00000,0.9656,1
10120800201,0,0,0,0,0.00000,0.00000,0.00000,0.9865,0
10120810101,0,0,0,0,0.00000,0.00000,0.00000,0.9674,3
10120810102,0,0,0,0,0.00000,0.00000,0.00000,0.9794,-1
10120810103,0,0,0,0,0.00000,0.00000,0.00000,0.9394,-1
10120810301,0,0,0,0,0.00000,0.00000,0.00000,0.9808,-1
10120810302,0,0,0,0,0.00000,0.00000,0.00000,0.9857,-1
10120810303,0,0,0,0,0.00000,0.00000,0.00000,0.9886,-1
10120810304,0,0,0,0,0.00000,0.00000,0.00000,0.9884,-1
10120910101,0,0,0,0,0.00000,0.00000,0.00000,0.9861,-1
10120910102,1,1,0,0,0.01379,0.00000,0.00000,0.9732,2
10120910103,0,0,0,0,0.00000,0.00000,0.00000,0.9869,-1
10120910104,0,0,0,0,0.00234,0.00000,0.00229,0.9739,-2
10130110101,1,1,0,0,0.08238,0.00220,0.00000,0.9863,-2
10130110201,1,1,0,0,0.10581,0.00000,0.00000,0.9721,3
10130110202,1,1,0,0,0.08759,0.00000,0.00000,0.9903,1
10130110203,1,1,0,0,0.05747,0.00000,0.00000,0.9876,-1
10130110301,1,1,0,0,0.14988,0.00000,0.00000,0.9901,0
10130210101,0,0,0,0,0.00000,0.00000,0.00000,0.9886,1
10130210102,0,0,0,0,0.00000,0.00000,0.00000,0.9751,1
10130210103,0,0,0,0,0.00000,0.00000,0.00000,0.9858,1
10130210201,1,1,0,0,0.10219,0.00000,0.00000,0.9846,0
10130210202,1,1,0,0,0.09655,0.00000,0.00000,0.9774,-1
10130210203,0,0,0,0,0.00000,0.00000,0.00000,0.9903,1
10130210204,1,1,0,0,0.10177,0.00000,0.00000,0.9871,-1
10130210205,0,0,0,0,0.00000,0.00000,0.00000,0.9695,0
10130210301,0,0,0,0,0.00000,0.00000,0.00000,0.9729,1
10130210302,0,0,0,0,0.00703,0.00000,0.00000,0.9873,0
10130210303,0,0,0,0,0.00000,0.00000,0.00000,0.9900,-1
10130210304,0,0,0,0,0.00000,0.00000,0.00000,0.9900,-1
10130210305,0,0,0,0,0.00000,0.00000,0.00000,0.9850,0
10130210306,0,0,0,0,0.00000,0.00000,0.00000,0.9734,1
10130210307,0,0,0,0,0.00000,0.00000,0.00000,0.9776,-2
10130210401,0,0,0,0,0.00000,0.00000,0.00000,0.9869,-2
10130210402,1,1,0,0,0.08186,0.00000,0.00000,0.9793,0
10130210403,1,1,0,0,0.12414,0.00000,0.00000,0.9880,-1
10130210404,0,0,0,0,0.00000,0.00000,0.00000,0.9682,0
10130210405,0,0,0,0,0.00000,0.00000,0.00000,0.9702,1
10130210406,0,0,0,0,0.00000,0.00000,0.00000,0.9799,-1
10130210501,0,0,0,0,0.00000,0.00000,0.00000,0.9869,-1
10130210502,0,0,0,0,0.00000,0.00000,0.00000,0.9827,-2
10130210503,0,0,0,0,0.00000,0.00000,0.00000,0.9889,-1
10130210504,0,0,0,0,0.00000,0.00000,0.00000,0.9882,0
10130210505,0,0,0,0,0.00000,0.00000,0.00000,0.9897,-1
10130210601,0,0,0,0,0.00000,0.00000,0.00000,0.9578,0
10130310101,0,0,0,0,0.00000,0.00000,0.00000,0.9876,-1
10130310102,0,0,0,0,0.00000,0.00000,0.00000,0.9920,-2
10130310201,0,0,0,0,0.00000,0.00000,0.00000,0.9866,1
10130310202,1,1,0,0,0.04623,0.00000,0.00000,0.9763,-1
10130310203,2,1,1,0,0.15034,0.18720,0.00000,0.9822,-1
10130310301,0,0,0,0,0.00000,0.00000,0.00000,0.9864,0
10130310302,0,0,0,0,0.00000,0.00000,0.00000,0.9790,-1
10130310401,0,0,0,0,0.00000,0.00000,0.00000,0.9772,0
10130310402,0,0,0,0,0.00000,0.00000,0.00000,0.9809,-1
10130310403,0,0,0,0,0.00000,0.00000,0.00000,0.9895,-1
10130410101,0,0,0,0,0.00000,0.00000,0.00000,0.9853,-1
10130410201,0,0,0,0,0.00000,0.00000,0.00000,0.9728,1
10130410301,0,0,0,0,0.00000,0.00000,0.00000,0.9882,-1
10130510101,2,1,1,0,0.03044,0.02069,0.00000,0.9797,0
10130510102,1,1,0,0,0.12815,0.00000,0.00000,0.9671,3
10140110101,1,1,0,0,0.10115,0.00000,0.00000,0.9897,1
10140110102,0,0,0,0,0.00000,0.00000,0.00000,0.9830,-2
10140110201,0,0,0,0,0.00000,0.00000,0.00000,0.9728,0
10140110301,0,0,0,0,0.00000,0.00000,0.00000,0.9874,-1
10140110401,0,0,0,0,0.00000,0.00000,0.00000,0.9864,0
10140210101,1,1,0,0,0.08495,0.00000,0.00000,0.9715,0
10140210102,0,0,0,0,0.00000,0.00000,0.00000,0.9691,1
10140210201,0,0,0,0,0.00000,0.00000,0.00000,0.9560,0
10140310101,0,0,0,0,0.00000,0.00000,0.00000,0.9751,1
10140310102,0,0,0,0,0.00000,0.00000,0.00000,0.9678,-1
10140310201,0,0,0,0,0.00000,0.00000,0.00220,0.9857,2
10140310301,0,0,0,0,0.00000,0.00000,0.00000,0.9653,1
10140410101,0,0,0,0,0.00978,0.00243,0.00000,0.9794,-1
10140410102,0,0,0,0,0.00000,0.00000,0.00000,0.9864,-1
10140410103,1,1,0,0,0.05109,0.00000,0.00000,0.9875,-2
10140410201,1,1,0,0,0.11724,0.00000,0.00000,0.9856,-2
10140410202,1,1,0,0,0.02689,0.00000,0.00000,0.8413,3
10140410301,0,0,0,0,0.00000,0.00000,0.00000,0.9830,-1
10140410401,1,1,0,0,0.01768,0.00000,0.00000,0.9608,3
10140510101,1,1,0,0,0.09976,0.00000,0.00000,0.9890,-1
10140510102,1,1,0,0,0.13103,0.00000,0.00000,0.9737,-1
10140510201,1,1,0,0,0.11436,0.00000,0.00000,0.9707,-1
10140510202,0,0,0,0,0.00000,0.00000,0.00000,0.9782,-2
10140510204,0,0,0,0,0.00000,0.00000,0.00000,0.9801,0
10140510301,1,1,0,0,0.06636,0.00000,0.00000,0.9842,-2
10140510302,0,0,0,0,0.00000,0.00000,0.00000,0.9766,-1
10144010203,1,1,0,0,0.05977,0.00000,0.00000,0.9877,0
10150110101,1,1,0,0,0.07056,0.00000,0.00000,0.9702,0
10150110102,1,1,0,0,0.14550,0.00231,0.00000,0.9864,-1
10150110201,1,1,0,0,0.05967,0.00000,0.00000,0.9774,-1
10150110301,1,1,0,0,0.12165,0.00000,0.00000,0.9742,0
10150210101,1,1,0,0,0.01217,0.00487,0.00000,0.9809,-2
10150210102,2,1,1,0,0.09031,0.08506,0.00000,0.9862,-1
10150210103,0,0,0,0,0.00000,0.00000,0.00000,0.9863,1
10150210201,1,1,0,0,0.10680,0.00000,0.00000,0.9797,-2
10150210202,0,0,0,0,0.00000,0.00000,0.00000,0.9887,0
10150310101,1,1,0,0,0.07039,0.00000,0.00000,0.9750,-1
10150310201,1,1,0,0,0.09179,0.00000,0.00000,0.9732,0
10150310202,1,1,0,0,0.10398,0.00000,0.00000,0.9862,-2
10150310301,1,1,0,0,0.03893,0.00000,0.00000,0.9880,-2
10150310302,1,0,0,1,0.00000,0.00000,0.14512,0.9854,-1
10150310303,1,1,0,0,0.07094,0.00000,0.00000,0.9861,-1
10150310401,1,1,0,0,0.08966,0.00000,0.00000,0.9812,-1
10150310402,1,1,0,0,0.11504,0.00000,0.00000,0.9792,-1
10150310403,1,1,0,0,0.04348,0.00000,0.00000,0.9795,-1
10150310404,1,1,0,0,0.11294,0.00000,0.00000,0.9891,0
10150310405,1,1,0,0,0.07816,0.00000,0.00000,0.9913,-1
10150410101,1,1,0,0,0.08738,0.00000,0.00000,0.9884,-1
10150410201,1,1,0,0,0.06308,0.00000,0.00000,0.9894,-3
10150410301,0,0,0,0,0.00973,0.00487,0.00000,0.9835,0
10150410401,1,1,0,0,0.09195,0.00000,0.00000,0.9792,-1
10150410402,1,1,0,0,0.06083,0.00000,0.00000,0.9800,-2
10150510101,1,1,0,0,0.09840,0.00000,0.00000,0.9725,1
10150510201,1,1,0,0,0.10706,0.00000,0.00000,0.9682,0
10150510202,1,1,0,0,0.05057,0.00000,0.00000,0.9809,0
10150610101,1,1,0,0,0.11192,0.00000,0.00000,0.9889,1
10150610102,0,0,0,0,0.00000,0.00000,0.00000,0.9841,0
10150610201,1,1,0,0,0.03747,0.00000,0.00000,0.9849,0
10150610301,1,1,0,0,0.10132,0.00000,0.00000,0.9862,-1
10150710101,1,1,0,0,0.09005,0.00000,0.00000,0.9697,-1
10150710102,1,1,0,0,0.08411,0.00000,0.00000,0.9764,1
10150710201,1,1,0,0,0.09031,0.00000,0.00000,0.9710,1
10150710202,0,0,0,0,0.00000,0.00000,0.00000,0.9777,0
10150710203,1,1,0,0,0.07522,0.00000,0.00000,0.9886,-3
10150710204,0,0,0,0,0.00000,0.00000,0.00000,0.9881,0
10150710301,1,1,0,0,0.05950,0.00000,0.00000,0.9681,0
10150710302,1,1,0,0,0.08495,0.00000,0.00000,0.9835,-3
10150710401,1,1,0,0,0.07543,0.00000,0.00000,0.9823,-1
10150710402,1,1,0,0,0.08738,0.00000,0.00000,0.9848,-2
10150710501,1,1,0,0,0.16960,0.00000,0.00000,0.9714,1
10150710502,1,1,0,0,0.12586,0.00000,0.00000,0.9863,-1
10150710601,1,1,0,0,0.11054,0.00000,0.00000,0.9846,-1
10150810101,1,1,0,0,0.15419,0.00000,0.00000,0.9784,0
10150810201,0,0,0,0,0.00000,0.00000,0.00000,0.9696,1
10150810301,1,1,0,0,0.15265,0.00000,0.00000,0.9870,-2
10150910101,0,0,0,0,0.00000,0.00000,0.00000,0.9809,-1
10150910102,1,1,0,0,0.09292,0.00000,0.00000,0.9702,1
10150910103,0,0,0,0,0.00000,0.00000,0.00000,0.9890,0
10150910201,1,1,0,0,0.11724,0.00000,0.00000,0.9751,0
10160110101,1,1,0,0,0.06569,0.00000,0.00000,0.9738,1
10160110102,1,1,0,0,0.08759,0.00000,0.00000,0.9848,-1
10160110103,1,1,0,0,0.09709,0.00000,0.00000,0.9535,0
10160210101,1,1,0,0,0.10219,0.00000,0.00000,0.9850,-1
10160210102,1,1,0,0,0.11899,0.00000,0.00000,0.9643,0
10160210103,0,0,0,0,0.00000,0.00000,0.00000,0.9858,-1
10160210104,0,0,0,0,0.00000,0.00000,0.00000,0.9862,-1
10160210105,0,0,0,0,0.00000,0.00000,0.00000,0.9879,-2
10160210201,0,0,0,0,0.00000,0.00000,0.00000,0.9624,1
10160210202,0,0,0,0,0.00000,0.00000,0.00000,0.9637,0
10160210203,1,1,0,0,0.07489,0.00000,0.00000,0.9872,-1
10160210204,0,0,0,0,0.00000,0.00000,0.00000,0.9847,-2
10160310101,1,1,0,0,0.05721,0.00000,0.00000,0.9878,-2
10160310102,0,0,0,0,0.00000,0.00000,0.00000,0.9689,-1
10160310103,0,0,0,0,0.00000,0.00000,0.00000,0.9757,-2
10160310104,0,0,0,0,0.00000,0.00000,0.00000,0.9732,-1
10160310105,0,0,0,0,0.00000,0.00000,0.00000,0.9856,-1
10160310201,1,1,0,0,0.05868,0.00000,0.00000,0.9596,1
10160310202,0,0,0,0,0.00000,0.00000,0.00000,0.9911,-1
10160310203,0,0,0,0,0.00000,0.00000,0.00000,0.9690,-1
10160310204,0,0,0,0,0.00706,0.00998,0.00748,0.9781,0
10160310301,0,0,0,0,0.00000,0.00000,0.00000,0.9829,0
10160410101,0,0,0,0,0.00234,0.00000,0.00000,0.9781,-2
10160410201,0,0,0,0,0.00000,0.00000,0.00000,0.9850,0
10160510101,0,0,0,0,0.00000,0.00000,0.00000,0.9830,-1
10160510201,1,1,0,0,0.08495,0.00000,0.00000,0.9771,2
10160510202,1,1,0,0,0.09207,0.00000,0.00000,0.9879,0
10160510203,1,1,0,0,0.10352,0.00000,0.00000,0.9724,-1
10160510204,1,1,0,0,0.05752,0.00000,0.00000,0.9888,-2
10160510301,1,1,0,0,0.08190,0.00000,0.00000,0.9757,-2
10160510302,1,1,0,0,0.07282,0.00000,0.00000,0.9856,0
10160510303,0,0,0,0,0.00000,0.00000,0.00000,0.9901,-2
10160510401,1,1,0,0,0.12168,0.00000,0.00000,0.9830,-1
10160510402,0,0,0,0,0.00000,0.00000,0.00000,0.9888,-3
10160510403,0,0,0,0,0.00000,0.00000,0.00242,0.9677,0
10160510404,0,0,0,0,0.00000,0.00000,0.00000,0.9858,0
10160510405,0,0,0,0,0.00000,0.00000,0.00000,0.9872,-1
10160510501,1,1,0,0,0.09133,0.00000,0.00000,0.9808,-2
10160510502,1,1,0,0,0.12621,0.00000,0.00000,0.9811,-1
10160510503,1,1,0,0,0.08966,0.00000,0.00000,0.9661,0
10160510504,1,1,0,0,0.11084,0.00000,0.00000,0.9493,1
10160510505,1,1,0,0,0.11034,0.00000,0.00000,0.9822,-2
10160510506,1,1,0,0,0.10194,0.00000,0.00000,0.9900,0
10160510507,1,1,0,0,0.04667,0.00000,0.00000,0.9890,1
10160610101,1,1,0,0,0.12409,0.00000,0.00000,0.9803,-1
10160610201,0,0,0,0,0.00000,0.00000,0.00000,0.9533,1
10160610202,1,1,0,0,0.09133,0.00000,0.00000,0.9695,1
10160610203,1,1,0,0,0.13053,0.00000,0.00000,0.9560,0
10160610204,1,1,0,0,0.02655,0.00487,0.00000,0.9868,-1
10160610205,1,1,0,0,0.09113,0.00000,0.00000,0.9714,1
10160610206,0,0,0,0,0.00000,0.00000,0.00000,0.9810,-2
10160610207,0,0,0,0,0.00000,0.00000,0.00220,0.9823,-1
10160610301,1,0,1,0,0.00485,0.09223,0.00000,0.9879,-2
10160610302,2,1,1,0,0.14806,0.06763,0.00000,0.9843,-2
10160610303,1,1,0,0,0.11436,0.00000,0.00000,0.9853,1
10160610304,1,1,0,0,0.01217,0.00971,0.00000,0.9839,-1
10160610305,1,1,0,0,0.06083,0.00000,0.00000,0.9875,-1
1020410101,0,0,0,0,0.00000,0.00000,0.00000,0.9572,1
11010110101,1,1,0,0,0.07848,0.00000,0.00000,0.9763,0
11010110102,3,1,1,1,0.01139,0.02128,0.01758,0.9759,1
11010110202,1,1,0,0,0.04390,0.00000,0.00000,0.9403,0
11010110301,2,1,1,0,0.10831,0.04961,0.00000,0.9380,1
11010210101,2,1,1,0,0.09716,0.09220,0.00000,0.9632,1
11010210201,1,1,0,0,0.07583,0.00000,0.00000,0.9705,1
11010310101,0,0,0,0,0.00000,0.00000,0.00000,0.9370,1
11010310102,2,1,1,0,0.10127,0.07342,0.00000,0.9663,0
11010310103,2,1,1,0,0.09318,0.08182,0.00000,0.9324,3
11010310201,1,1,0,0,0.05437,0.00000,0.00000,0.9638,2
11010310202,3,1,1,1,0.03720,0.04545,0.05470,0.9293,2
11010310203,1,1,0,0,0.06739,0.00000,0.00000,0.9787,0
11010410101,0,0,0,0,0.00293,0.00000,0.00000,0.9757,1
11010510101,1,1,0,0,0.07045,0.00000,0.00000,0.9277,2
11010510102,2,1,1,0,0.03676,0.03872,0.00000,0.9729,0
11010610101,2,1,1,0,0.07611,0.08884,0.00000,0.9702,0
11010710101,1,1,0,0,0.03186,0.00000,0.00000,0.9727,1
11010810101,1,1,0,0,0.03676,0.00000,0.00000,0.9697,0
11010810201,1,0,1,0,0.00229,0.02370,0.00229,0.9306,0
11020110101,2,1,1,0,0.10127,0.07108,0.00000,0.9304,0
11020110102,1,1,0,0,0.09339,0.00000,0.00228,0.9381,2
11020110103,1,1,0,0,0.06346,0.00000,0.00000,0.9206,3
11020110201,0,0,0,0,0.00000,0.00000,0.00000,0.9410,0
11020110402,1,1,0,0,0.09524,0.00000,0.00000,0.9400,2
11020110403,1,1,0,0,0.05495,0.00000,0.00000,0.9168,2
11020110501,1,1,0,0,0.04176,0.00000,0.00000,0.9457,0
11020110502,0,0,0,0,0.00000,0.00000,0.00000,0.9345,1
11020210101,0,0,0,0,0.00000,0.00000,0.00000,0.9648,0
11020210201,1,1,0,0,0.08824,0.00000,0.00000,0.9375,0
11020210301,1,1,0,0,0.05914,0.00000,0.00000,0.9700,1
11020210401,1,1,0,0,0.07727,0.00000,0.00000,0.8970,3
11020310101,2,1,0,1,0.01013,0.00943,0.01013,0.9722,0
11020310201,1,1,0,0,0.07598,0.00000,0.00000,0.9409,0
11020310301,0,0,0,0,0.00000,0.00000,0.00000,0.9165,2
11020410101,1,1,0,0,0.07277,0.00000,0.00000,0.8520,3
11020410102,1,1,0,0,0.03960,0.00000,0.00000,0.9363,2
11020410201,0,0,0,0,0.00000,0.00000,0.00000,0.9648,0
11020510101,1,1,0,0,0.07050,0.00000,0.00000,0.9371,0
11020510201,2,1,1,0,0.10880,0.09346,0.00000,0.9688,2
11020510301,1,1,0,0,0.02364,0.00000,0.00000,0.9745,0
11020610101,1,0,1,0,0.00000,0.03125,0.00000,0.9791,0
11020610201,0,0,0,0,0.00000,0.00911,0.00000,0.9465,1
11020610202,0,0,0,0,0.00000,0.00000,0.00000,0.9138,2
11020610203,1,1,0,0,0.02733,0.00000,0.00000,0.9598,1
11020610204,0,0,0,0,0.00912,0.00000,0.00000,0.9738,0
11020610301,0,,,,,,,0.9779,0
11020610303,1,1,0,0,0.12000,0.00000,0.00000,0.8996,2
11020610304,0,0,0,0,0.00000,0.00000,0.00000,0.8975,2
11020710101,1,1,0,0,0.04696,0.00000,0.00000,0.8812,2
11020710201,0,0,0,0,0.00000,0.00000,0.00000,0.9730,1
11020710301,1,1,0,0,0.05910,0.00000,0.00000,0.9673,0
11020810101,1,1,0,0,0.04019,0.00000,0.00000,0.9776,0
11020910101,2,1,1,0,0.05695,0.07820,0.00000,0.9369,-1
11020910201,1,1,0,0,0.09795,0.00000,0.00000,0.8056,4
11021010101,0,0,0,0,0.00000,0.00000,0.00000,0.9140,1
11021010201,0,0,0,0,0.00000,0.00000,0.00000,0.9672,0
11021110101,0,0,0,0,0.00000,0.00000,0.00000,0.9763,0
11021110201,0,0,0,0,0.00000,0.00000,0.00000,0.9757,0
11021110301,0,0,0,0,0.00000,0.00000,0.00236,0.9670,0
11021210101,0,0,0,0,0.00000,0.00000,0.00000,0.9712,0
11021210201,0,0,0,0,0.00000,0.00000,0.00000,0.9772,0
11021310101,1,1,0,0,0.06618,0.00735,0.00000,0.9738,0
11030110102,1,1,0,0,0.04784,0.00000,0.00000,0.9783,1
11030110103,1,1,0,0,0.04178,0.00000,0.00000,0.9354,1
11030110104,1,1,0,0,0.11220,0.00000,0.00000,0.9496,1
11030110201,1,1,0,0,0.03544,0.00000,0.00000,0.9395,0
11030110202,0,0,0,0,0.00000,0.00000,0.00000,0.9711,1
11030110301,0,0,0,0,0.00000,0.00000,0.00000,0.9735,0
11030110401,1,1,0,0,0.06585,0.00000,0.00000,0.9111,2
11030110402,1,1,0,0,0.07828,0.00000,0.00000,0.9258,0
11030110501,0,0,0,0,0.00000,0.00000,0.00000,0.9379,1
11030110601,1,1,0,0,0.05425,0.00000,0.00000,0.9222,2
11030110701,1,1,0,0,0.07500,0.00000,0.00000,0.9745,0
11030210101,1,1,0,0,0.10000,0.00000,0.00228,0.9310,3
11030210201,2,1,1,0,0.07059,0.05623,0.00000,0.8855,1
11030210301,1,1,0,0,0.03965,0.00000,0.00000,0.9544,2
11030210401,2,1,1,0,0.05312,0.10241,0.00000,0.9748,0
11030210501,1,1,0,0,0.05674,0.00000,0.00000,0.9673,0
11030310201,1,1,0,0,0.07384,0.00000,0.00000,0.9131,2
11030310202,0,0,0,0,0.00000,0.00000,0.00000,0.9013,2
11030310301,2,1,1,0,0.09567,0.06606,0.00000,0.9371,1
11030310401,0,0,0,0,0.00000,0.00000,0.00000,0.9483,2
11030410101,2,1,1,0,0.05660,0.03485,0.00000,0.8843,2
11030410201,1,1,0,0,0.13002,0.00000,0.00000,0.9727,0
11030410301,0,0,0,0,0.00000,0.00000,0.00000,0.9696,0
11030510101,1,1,0,0,0.04315,0.00000,0.00000,0.9525,0
11030510201,3,1,1,1,0.04487,0.04934,0.04487,0.9674,2
11030510301,1,1,0,0,0.03182,0.00000,0.00000,0.8975,2
11030510401,1,1,0,0,0.01758,0.00000,0.00000,0.9292,2
11030510402,0,0,0,0,0.00000,0.00000,0.00000,0.9632,0
11040110101,3,1,1,1,0.08639,0.06283,0.06806,0.9721,0
11040210101,1,1,0,0,0.01259,0.00000,0.00000,0.9176,2
11040210201,1,1,0,0,0.05497,0.00000,0.00000,0.9035,2
11040210202,1,1,0,0,0.04167,0.00000,0.00000,0.9267,2
11040210203,1,1,0,0,0.04155,0.00000,0.00000,0.9265,2
11040210301,2,1,1,0,0.02683,0.03665,0.00758,0.8377,5
11040210302,0,0,0,0,0.00000,0.00000,0.00000,0.9355,0
11040310101,1,1,0,0,0.03186,0.00733,0.00000,0.9773,1
11040410101,1,1,0,0,0.07543,0.00000,0.00000,0.9383,0
11040410201,1,1,0,0,0.05930,0.00000,0.00000,0.9204,3
11040410202,1,1,0,0,0.10784,0.00000,0.00000,0.9719,0
11040410203,1,1,0,0,0.07101,0.00000,0.00000,0.9514,0
11040510101,0,0,0,0,0.00000,0.00000,0.00000,0.9155,2
11040510201,2,1,1,0,0.04290,0.05914,0.00000,0.9685,0
11040610101,2,1,1,0,0.07727,0.01532,0.00000,0.9236,2
11040610201,1,1,0,0,0.06132,0.00000,0.00000,0.9702,0
11040710101,0,0,0,0,0.00000,0.00000,0.00000,0.9727,-1
11040710201,0,0,0,0,0.00000,0.00000,0.00000,0.9470,-1
11040810101,1,1,0,0,0.04188,0.00000,0.00000,0.9290,3
11040810201,0,0,0,0,0.00000,0.00000,0.00000,0.9009,2
11050110101,1,1,0,0,0.01863,0.00000,0.00000,0.9372,3
11050110201,1,1,0,0,0.08088,0.00000,0.00000,0.9306,2
11050210101,1,1,0,0,0.08884,0.00000,0.00000,0.9544,0
11050210102,1,1,0,0,0.01956,0.00000,0.00000,0.9175,2
11050210103,1,1,0,0,0.07801,0.00000,0.00000,0.9712,1
11050310101,1,1,0,0,0.10380,0.00000,0.00000,0.9738,0
11050310201,0,0,0,0,0.00000,0.00000,0.00000,0.9723,1
11050410101,1,0,1,0,0.00519,0.02078,0.00000,0.9253,2
11050410201,1,1,0,0,0.07780,0.00000,0.00000,0.9683,-1
11050410301,2,1,1,0,0.02506,0.03297,0.00000,0.9549,1
11050410302,1,1,0,0,0.11458,0.00000,0.00000,0.9307,4
11050410303,3,1,1,1,0.02733,0.04728,0.03783,0.9728,0
11050510101,3,1,1,1,0.05201,0.05910,0.07973,0.9491,1
11050510102,2,1,1,0,0.05909,0.06765,0.00000,0.9375,0
11050510103,1,1,0,0,0.07329,0.00000,0.00000,0.9627,1
11050510104,3,1,1,1,0.04290,0.05108,0.05850,0.9708,1
11050510105,1,1,0,0,0.05440,0.00000,0.00000,0.9309,2
11050510201,1,1,0,0,0.04657,0.00000,0.00000,0.9755,0
11050510202,3,1,1,1,0.05702,0.05682,0.15682,0.9236,1
11050510301,2,1,1,0,0.04304,0.04810,0.00000,0.9603,0
11050510302,1,1,0,0,0.03621,0.00000,0.00000,0.9638,0
11050510401,0,0,0,0,0.00000,0.00236,0.00000,0.9217,1
11050510501,2,1,1,0,0.04100,0.08280,0.00000,0.9641,0
11050610101,2,1,1,0,0.07335,0.03423,0.00000,0.9174,2
11050610201,2,1,1,0,0.09906,0.05695,0.00000,0.9425,0
11050610202,0,0,0,0,0.00000,0.00708,0.00455,0.9036,1
11050610203,0,,,,,,,0.9591,0
11050710101,1,1,0,0,0.04965,0.00000,0.00000,0.9594,0
11050710201,2,1,1,0,0.04427,0.06989,0.00000,0.9638,1
11050710301,1,1,0,0,0.03563,0.00000,0.00000,0.9148,2
11050710302,1,1,0,0,0.11390,0.00000,0.00000,0.9586,0
11050710303,0,0,0,0,0.00000,0.00000,0.00000,0.8849,3
11050810101,0,0,0,0,0.00000,0.00000,0.00000,0.9763,0
11050810201,0,0,0,0,0.00488,0.00000,0.00000,0.9051,2
11050810301,2,1,0,1,0.13409,0.00472,0.02955,0.9106,2
11050910101,1,1,0,0,0.05910,0.00000,0.00000,0.9331,-1
11050910201,3,1,1,1,0.07033,0.07289,0.08274,0.9163,3
11060110201,2,1,1,0,0.05097,0.05051,0.00000,0.9127,2
11060210101,2,1,1,0,0.03784,0.03784,0.00000,0.9701,0
11060210201,3,1,1,1,0.09620,0.06021,0.04557,0.9497,0
11060310101,0,0,0,0,0.00000,0.00000,0.00000,0.9562,0
11060310201,3,1,1,1,0.04019,0.03081,0.02607,0.9737,0
11060310301,1,1,0,0,0.03665,0.00000,0.00000,0.8668,3
11060410201,3,1,1,1,0.07073,0.05759,0.09024,0.9719,1
11060410401,1,1,0,0,0.09318,0.00000,0.00000,0.9663,0
11060510101,3,1,1,1,0.06566,0.06846,0.05051,0.8818,2
11060510201,1,1,0,0,0.05467,0.00000,0.00000,0.9049,3
12010110101,0,0,0,0,0.00000,0.00000,0.00000,0.9815,0
12010110201,2,1,1,0,0.08717,0.05542,0.00000,0.9366,1
12010110202,0,0,0,0,0.00000,0.00000,0.00242,0.9161,1
12010110301,0,0,0,0,0.00000,0.00000,0.00000,0.9434,2
120102101,0,0,0,0,0.00000,0.00000,0.00000,0.9261,3
120102102,1,1,0,0,0.04388,0.00000,0.00000,0.9319,3
120102103,0,0,0,0,0.00484,0.00000,0.00000,0.9749,0
120102104,0,0,0,0,0.00000,0.00000,0.00000,0.9772,1
120102105,0,0,0,0,0.00000,0.00000,0.00000,0.9702,1
120103101,0,0,0,0,0.00000,0.00000,0.00000,0.9702,1
120103102,1,1,0,0,0.03935,0.00000,0.00000,0.9690,2
120103103,0,0,0,0,0.00000,0.00000,0.00000,0.8993,2
120103104,0,0,0,0,0.00000,0.00000,0.00000,0.9591,1
120104101,0,0,0,0,0.00000,0.00000,0.00000,0.9458,0
120104102,0,0,0,0,0.00000,0.00000,0.00000,0.9095,5
120105101,1,1,0,0,0.09135,0.00000,0.00000,0.9783,1
120105102,1,1,0,0,0.07268,0.00000,0.00000,0.9165,4
120105103,0,0,0,0,0.00000,0.00000,0.00000,0.9437,0
120106101,1,1,0,0,0.05769,0.00000,0.00000,0.8933,4
120106102,1,1,0,0,0.09375,0.00000,0.00000,0.9765,1
120107101,2,1,1,0,0.06019,0.03769,0.00000,0.9583,0
120107102,1,1,0,0,0.05288,0.00000,0.00000,0.9663,0
120107103,1,1,0,0,0.13317,0.00000,0.00000,0.9772,1
120108101,2,1,1,0,0.03769,0.04327,0.00000,0.9720,0
120108102,0,0,0,0,0.00000,0.00000,0.00000,0.9573,0
120109101,1,1,0,0,0.07990,0.00000,0.00000,0.9302,0
120110101,1,1,0,0,0.04600,0.00503,0.00240,0.9821,1
120110102,0,0,0,0,0.00000,0.00000,0.00000,0.9534,1
120110103,2,1,1,0,0.01144,0.02288,0.00458,0.9312,2
120110104,0,0,0,0,0.00000,0.00000,0.00000,0.9240,2
120111101,2,1,1,0,0.04808,0.04327,0.00000,0.9511,1
120111102,1,1,0,0,0.05529,0.00000,0.00000,0.9349,3
120112101,0,0,0,0,0.00000,0.00000,0.00000,0.9550,1
120112102,0,0,0,0,0.00000,0.00000,0.00000,0.9635,1
12011210301,1,1,0,0,0.06783,0.00000,0.00000,0.9475,1
120113101,2,1,1,0,0.06032,0.02410,0.00000,0.9690,0
120114101,1,1,0,0,0.05081,0.00000,0.00000,0.9140,3
120114102,0,0,0,0,0.00000,0.00000,0.00000,0.9747,0
120115101,1,1,0,0,0.07039,0.00000,0.00000,0.9797,1
120201101,0,0,0,0,0.00000,0.00000,0.00000,0.9762,1
120201102,0,0,0,0,0.00000,0.00000,0.00000,0.9575,1
120201103,0,0,0,0,0.00000,0.00000,0.00000,0.9612,1
120201104,1,1,0,0,0.10276,0.00000,0.00000,0.9146,4
120202011,1,1,0,0,0.07711,0.00000,0.00000,0.9142,2
120202102,1,1,0,0,0.05249,0.00000,0.00000,0.9156,1
120202103,2,1,1,0,0.06053,0.07161,0.00000,0.9524,1
120203101,0,0,0,0,0.00000,0.00000,0.00000,0.9354,3
120203102,1,1,0,0,0.01923,0.00000,0.00000,0.9812,0
120203103,0,0,0,0,0.00000,0.00000,0.00000,0.9341,3
120203104,0,0,0,0,0.00000,0.00000,0.00000,0.9789,2
120204101,1,1,0,0,0.10312,0.00000,0.00000,0.9194,3
120204102,0,0,0,0,0.00000,0.00000,0.00000,0.9802,2
120205101,0,0,0,0,0.00000,0.00000,0.00000,0.9387,2
120205102,1,1,0,0,0.01679,0.00000,0.00000,0.9688,0
120205103,0,0,0,0,0.00000,0.00243,0.00000,0.9732,1
120206101,0,0,0,0,0.00000,0.00000,0.00000,0.9365,0
120206102,0,0,0,0,0.00000,0.00000,0.00000,0.9481,1
120206103,0,0,0,0,0.00000,0.00000,0.00000,0.9627,2
120206104,0,0,0,0,0.00261,0.00000,0.00000,0.9033,1
120207101,1,1,0,0,0.03518,0.00000,0.00000,0.9752,1
120207102,1,1,0,0,0.10169,0.00000,0.00000,0.9622,0
120207103,0,0,0,0,0.00000,0.00000,0.00000,0.8902,2
120207104,0,0,0,0,0.00000,0.00000,0.00000,0.9082,2
120208101,1,1,0,0,0.10096,0.00000,0.00000,0.9635,1
120208102,2,1,1,0,0.08467,0.06475,0.00000,0.9673,0
120301101,1,1,0,0,0.10276,0.00000,0.00000,0.8892,4
120301102,1,1,0,0,0.10577,0.00000,0.00000,0.9756,2
120301103,0,0,0,0,0.00000,0.00000,0.00000,0.9373,2
120301104,1,0,1,0,0.00962,0.02163,0.00000,0.9753,2
120301105,1,1,0,0,0.05324,0.00000,0.00000,0.9807,0
120301106,0,0,0,0,0.00000,0.00000,0.00000,0.9312,2
120302101,1,1,0,0,0.02764,0.00000,0.00000,0.9814,2
120302102,1,1,0,0,0.06715,0.00000,0.00000,0.9348,1
120302103,1,1,0,0,0.10804,0.00000,0.00000,0.9610,1
12030210302,1,1,0,0,0.02837,0.00236,0.00000,0.9437,0
120302104,1,1,0,0,0.06538,0.00000,0.00000,0.9665,0
120302105,1,1,0,0,0.06533,0.00000,0.00000,0.9682,2
120303101,1,0,0,1,0.00721,0.00962,0.01202,0.9597,1
120303102,1,1,0,0,0.11380,0.00000,0.00000,0.9502,0
120303103,2,1,1,0,0.09399,0.08312,0.00000,0.8988,3
120303104,1,0,1,0,0.00240,0.01389,0.00463,0.9776,2
120303105,2,1,1,0,0.06954,0.05950,0.00000,0.9123,2
120303106,2,1,1,0,0.04337,0.09023,0.00000,0.8476,3
120304101,0,0,0,0,0.00000,0.00000,0.00000,0.9628,2
120304102,0,0,0,0,0.00000,0.00000,0.00000,0.9802,1
120304103,0,0,0,0,0.00000,0.00000,0.00000,0.9434,1
120305101,0,0,0,0,0.00253,0.00000,0.00000,0.9393,1
120305102,0,0,0,0,0.00000,0.00000,0.00000,0.9337,3
120305103,0,0,0,0,0.00000,0.00000,0.00000,0.9596,-1
120305104,0,0,0,0,0.00240,0.00000,0.00000,0.9372,2
120305105,1,1,0,0,0.03009,0.00000,0.00000,0.9331,4
120305106,1,1,0,0,0.12615,0.00000,0.00000,0.9598,0
12030910101,0,0,0,0,0.00000,0.00000,0.00000,0.9367,2
120401101,0,0,0,0,0.00000,0.00000,0.00000,0.9764,1
120401102,1,1,0,0,0.06527,0.00000,0.00000,0.9242,1
120401103,0,0,0,0,0.00242,0.00240,0.00463,0.9791,0
120401104,0,0,0,0,0.00000,0.00000,0.00000,0.9174,0
120401105,1,1,0,0,0.03974,0.00000,0.00000,0.9749,2
120402101,1,1,0,0,0.01474,0.00000,0.00000,0.8876,4
120402102,1,1,0,0,0.09615,0.00000,0.00000,0.9563,1
120402103,2,1,1,0,0.04805,0.05947,0.00000,0.9390,2
120403101,0,0,0,0,0.00000,0.00242,0.00251,0.9472,2
120403102,1,1,0,0,0.10480,0.00000,0.00000,0.9597,0
120403103,1,1,0,0,0.06010,0.00000,0.00000,0.9629,0
120403104,3,1,1,1,0.02863,0.03084,0.05492,0.9323,5
120404101,0,0,0,0,0.00000,0.00000,0.00000,0.9133,3
120404102,0,0,0,0,0.00000,0.00000,0.00000,0.9699,2
120404103,0,0,0,0,0.00000,0.00000,0.00251,0.9278,2
120405101,0,0,0,0,0.00000,0.00000,0.00000,0.9426,1
120405102,1,1,0,0,0.06234,0.00480,0.00000,0.9374,2
120405103,2,1,1,0,0.04738,0.01567,0.00000,0.9295,2
120406101,0,0,0,0,0.00241,0.00000,0.00000,0.9168,3
120406102,1,1,0,0,0.03472,0.00242,0.00000,0.9269,2
120406103,0,0,0,0,0.00240,0.00000,0.00000,0.8855,2
120406104,1,1,0,0,0.03769,0.00000,0.00000,0.9394,0
120407101,1,1,0,0,0.02611,0.00000,0.00000,0.9728,2
120407102,1,1,0,0,0.05769,0.00000,0.00000,0.9750,0
120408101,1,1,0,0,0.08271,0.00000,0.00000,0.9173,3
120408102,3,1,1,1,0.05963,0.04087,0.02163,0.9781,-1
120408103,0,,,,,,,0.9126,1
120409101,1,1,0,0,0.04817,0.00000,0.00000,0.9746,3
120409102,1,1,0,0,0.04556,0.00000,0.00000,0.9230,2
120409103,3,1,1,1,0.06729,0.05288,0.05769,0.9371,0
12040910301,1,0,0,1,0.00000,0.00000,0.02552,0.9694,-1
120501101,1,1,0,0,0.07434,0.00000,0.00000,0.9232,3
120501102,1,1,0,0,0.05783,0.00000,0.00000,0.9762,2
12050210101,1,1,0,0,0.04412,0.00000,0.00000,0.9834,0
12050210201,1,1,0,0,0.09231,0.00000,0.00000,0.9331,2
12050210202,0,0,0,0,0.00000,0.00000,0.00000,0.9377,1
12050210301,1,1,0,0,0.04119,0.00000,0.00000,0.9497,0
120503101,1,1,0,0,0.02792,0.00000,0.00000,0.9855,2
12050310102,0,0,0,0,0.00000,0.00000,0.00000,0.9407,0
12050310201,1,1,0,0,0.01882,0.00000,0.00000,0.9410,2
12050310202,0,0,0,0,0.00000,0.00000,0.00000,0.9734,1
12050410101,2,1,1,0,0.05455,0.06132,0.00000,0.9734,0
12050410102,1,1,0,0,0.01136,0.00000,0.00000,0.9646,0
120505101,1,1,0,0,0.07834,0.00000,0.00000,0.9626,2
120505102,1,1,0,0,0.03283,0.00000,0.00000,0.9207,3
120505103,0,0,0,0,0.00000,0.00000,0.00000,0.8197,5
12050610101,1,1,0,0,0.07727,0.00000,0.00000,0.9355,1
12050610102,1,1,0,0,0.02506,0.00682,0.00000,0.9717,0
120507101,1,1,0,0,0.04773,0.00000,0.00000,0.9159,5
120507102,0,0,0,0,0.00000,0.00000,0.00000,0.9178,4
120507103,0,0,0,0,0.00000,0.00000,0.00000,0.9254,3
120507104,0,0,0,0,0.00000,0.00000,0.00000,0.9026,4
120508101,0,0,0,0,0.00000,0.00000,0.00000,0.9304,2
120508102,0,0,0,0,0.00000,0.00000,0.00000,0.9176,5
120508103,1,1,0,0,0.04460,0.00000,0.00000,0.8548,5
120509102,0,0,0,0,0.00000,0.00000,0.00000,0.9609,0
12051010101,1,1,0,0,0.05682,0.00000,0.00000,0.9355,1
12051010102,0,0,0,0,0.00227,0.00000,0.00000,0.9540,1
120511101,1,1,0,0,0.02703,0.00000,0.00000,0.9812,1
12051110101,1,1,0,0,0.10284,0.00000,0.00000,0.9456,2
120512101,1,1,0,0,0.03890,0.00000,0.00000,0.9784,0
120513101,0,0,0,0,0.00000,0.00000,0.00000,0.8868,1
120513102,0,0,0,0,0.00000,0.00000,0.00000,0.9738,0
12051410101,2,1,1,0,0.09136,0.07160,0.00000,0.9355,5
12051410102,1,1,0,0,0.09220,0.00000,0.00000,0.9401,1
12051410201,1,1,0,0,0.06178,0.00000,0.00000,0.9694,1
120515101,1,1,0,0,0.04987,0.00000,0.00000,0.9768,2
120601101,0,0,0,0,0.00000,0.00000,0.00000,0.9306,3
120601102,1,1,0,0,0.06422,0.00000,0.00000,0.9204,2
120601103,1,1,0,0,0.04535,0.00000,0.00000,0.9810,0
120602101,0,0,0,0,0.00000,0.00000,0.00000,0.9104,3
120603101,0,0,0,0,0.00000,0.00000,0.00000,0.9500,0
12060310201,0,0,0,0,0.00000,0.00000,0.00000,0.9207,10
120604101,1,1,0,0,0.08945,0.00000,0.00000,0.9756,0
12060410102,2,1,0,1,0.04064,0.00000,0.01706,0.3753,-11
120605101,1,1,0,0,0.09339,0.00000,0.00000,0.9222,4
120606101,0,0,0,0,0.00000,0.00000,0.00000,0.8325,4
120607101,3,1,1,1,0.04077,0.04119,0.02746,0.9068,3
120607102,1,1,0,0,0.12740,0.00000,0.00000,0.9384,0
120607103,0,0,0,0,0.00000,0.00000,0.00000,0.9145,2
120607104,0,0,0,0,0.00000,0.00000,0.00000,0.9593,0
120607105,1,0,0,1,0.00000,0.00658,0.01364,0.9283,1
120607106,2,1,1,0,0.01695,0.04261,0.00231,0.9509,2
120607107,1,1,0,0,0.05651,0.00000,0.00000,0.9608,1
120608101,0,0,0,0,0.00000,0.00000,0.00442,0.9443,0
12060810201,1,1,0,0,0.08451,0.00000,0.00000,0.9715,0
12060810301,1,1,0,0,0.06818,0.00000,0.00000,0.9371,2
120609101,1,1,0,0,0.10478,0.00000,0.00000,0.9642,1
120609102,0,0,0,0,0.00000,0.00000,0.00000,0.9684,2
120610101,0,0,0,0,0.00000,0.00000,0.00000,0.9359,0
120611101,1,1,0,0,0.06383,0.00000,0.00000,0.9456,3
120611102,0,0,0,0,0.00000,0.00000,0.00000,0.9064,1
120611103,1,1,0,0,0.06683,0.00000,0.00000,0.8923,4
120612101,0,0,0,0,0.00000,0.00000,0.00000,0.9322,3
120612102,0,0,0,0,0.00000,0.00000,0.00000,0.9147,3
12067103,0,0,0,0,0.00000,0.00000,0.00000,0.9213,1
120701101,0,0,0,0,0.00000,0.00000,0.00000,0.9302,2
120701102,1,1,0,0,0.05519,0.00000,0.00000,0.9700,0
120701103,1,1,0,0,0.04087,0.00000,0.00000,0.9459,0
120701104,1,1,0,0,0.08040,0.00000,0.00000,0.9809,1
120702101,3,1,1,1,0.07390,0.10072,0.03837,0.9125,4
120702102,1,1,0,0,0.05336,0.00000,0.00000,0.9515,0
120702103,1,1,0,0,0.04798,0.00000,0.00000,0.9429,0
120703101,1,1,0,0,0.06299,0.00000,0.00000,0.9714,-1
120703102,2,1,1,0,0.04808,0.04808,0.00000,0.9802,0
120704101,1,1,0,0,0.08772,0.00000,0.00000,0.9333,4
120704102,0,0,0,0,0.00926,0.00924,0.00000,0.9644,2
120704103,0,0,0,0,0.00231,0.00000,0.00000,0.9756,1
120705101,1,1,0,0,0.03365,0.00000,0.00000,0.9820,1
120705102,0,0,0,0,0.00000,0.00000,0.00000,0.9502,-1
120705103,0,0,0,0,0.00000,0.00000,0.00000,0.9629,-1
120705104,2,1,1,0,0.05542,0.05542,0.00000,0.9778,0
120706101,2,1,1,0,0.08738,0.07748,0.00000,0.9770,0
120706103,2,1,1,0,0.06579,0.06533,0.00000,0.9407,0
120706104,2,1,1,0,0.06780,0.05529,0.00000,0.9774,1
120707101,1,1,0,0,0.05263,0.00000,0.00000,0.9342,3
120707102,2,1,1,0,0.02195,0.02613,0.00000,0.8997,2
120707103,0,0,0,0,0.00000,0.00000,0.00000,0.9754,1
120708101,0,0,0,0,0.00000,0.00000,0.00000,0.9604,0
120708102,0,0,0,0,0.00000,0.00000,0.00000,0.9760,-1
120708103,0,0,0,0,0.00000,0.00000,0.00000,0.9581,1
120709101,0,0,0,0,0.00000,0.00000,0.00000,0.9768,1
120801101,0,0,0,0,0.00000,0.00000,0.00000,0.9592,0
12080110103,0,0,0,0,0.00000,0.00000,0.00000,0.9380,2
120801102,0,0,0,0,0.00000,0.00000,0.00000,0.9468,1
120801103,0,0,0,0,0.00000,0.00000,0.00000,0.9625,1
120801104,0,0,0,0,0.00000,0.00000,0.00000,0.9483,0
120802101,1,1,0,0,0.11258,0.00000,0.00000,0.9040,5
120802102,1,1,0,0,0.02398,0.00241,0.00000,0.8918,3
120803101,0,0,0,0,0.00000,0.00000,0.00000,0.9762,2
120803102,1,1,0,0,0.06490,0.00000,0.00000,0.9777,1
120803103,0,0,0,0,0.00503,0.00251,0.00000,0.9768,0
120804101,0,0,0,0,0.00000,0.00000,0.00000,0.9724,0
120804102,1,1,0,0,0.02208,0.00000,0.00000,0.9762,0
120805101,0,0,0,0,0.00000,0.00000,0.00000,0.9492,1
120805102,0,0,0,0,0.00000,0.00000,0.00926,0.9723,2
120805103,0,0,0,0,0.00000,0.00000,0.00000,0.9694,0
120806101,0,0,0,0,0.00000,0.00000,0.00000,0.9561,1
120806102,0,0,0,0,0.00241,0.00000,0.00000,0.9352,1
120806103,0,0,0,0,0.00000,0.00000,0.00000,0.9176,2
120807101,1,1,0,0,0.03944,0.00000,0.00000,0.9677,1
120807102,1,1,0,0,0.08102,0.00000,0.00000,0.9740,1
120808101,0,0,0,0,0.01005,0.00485,0.00000,0.9553,0
120808102,0,0,0,0,0.00000,0.00000,0.00000,0.9480,2
120808103,0,0,0,0,0.00000,0.00000,0.00000,0.9119,1
120808104,0,0,0,0,0.00000,0.00000,0.00000,0.9624,1
120808105,0,0,0,0,0.00000,0.00000,0.00000,0.9497,2
120809101,0,0,0,0,0.00000,0.00000,0.00000,0.9803,2
120809102,0,0,0,0,0.00000,0.00000,0.00000,0.9755,1
12080910201,1,1,0,0,0.19613,0.00000,0.00000,0.9487,-1
120809103,1,1,0,0,0.02404,0.00000,0.00000,0.9249,1
120810101,0,0,0,0,0.00000,0.00000,0.00000,0.9352,3
120810102,0,0,0,0,0.00525,0.00000,0.00000,0.9427,2
120810103,0,0,0,0,0.00000,0.00000,0.00000,0.9791,0
120810104,0,0,0,0,0.00000,0.00000,0.00000,0.8909,2
120811101,0,0,0,0,0.00000,0.00000,0.00000,0.9070,3
120811102,0,0,0,0,0.00000,0.00000,0.00000,0.9296,3
120812101,1,1,0,0,0.04523,0.00251,0.00000,0.9789,0
120812102,1,1,0,0,0.07022,0.00000,0.00000,0.9725,0
120812103,0,0,0,0,0.00000,0.00000,0.00000,0.9697,2
120813101,0,0,0,0,0.00000,0.00000,0.00000,0.9408,1
120813102,0,0,0,0,0.00000,0.00000,0.00000,0.9073,3
120813103,1,1,0,0,0.06729,0.00000,0.00229,0.9725,1
120813104,0,0,0,0,0.00000,0.00000,0.00000,0.9739,1
120814101,1,1,0,0,0.07930,0.00000,0.00000,0.9406,4
120814102,1,1,0,0,0.07538,0.00000,0.00000,0.9112,4
120814103,1,1,0,0,0.06250,0.00000,0.00000,0.9801,2
12090110101,0,0,0,0,0.00000,0.00000,0.00216,0.9729,1
12090110201,1,1,0,0,0.13659,0.00000,0.00000,0.9377,1
12090110202,1,1,0,0,0.05122,0.00000,0.00000,0.9610,2
12090110301,1,1,0,0,0.13571,0.00000,0.00000,0.9459,4
12090210101,1,1,0,0,0.15618,0.00000,0.00000,0.9501,0
12090210102,0,0,0,0,0.00000,0.00000,0.00000,0.9505,2
12090210103,1,1,0,0,0.09318,0.00000,0.00000,0.9764,0
12090210104,1,1,0,0,0.07877,0.00000,0.00000,0.9469,3
12090210201,0,0,0,0,0.00000,0.00000,0.00000,0.9689,1
12090210202,1,1,0,0,0.03628,0.00000,0.00227,0.9581,0
12090210203,0,0,0,0,0.00905,0.00235,0.00000,0.9583,0
12090210302,1,1,0,0,0.11374,0.00000,0.00236,0.9391,1
12090210303,1,1,0,0,0.07018,0.00000,0.00000,0.9704,0
12090210401,1,1,0,0,0.04608,0.00000,0.00000,0.9451,2
12090310101,1,1,0,0,0.05952,0.00498,0.00249,0.9559,2
12090310201,1,1,0,0,0.11881,0.00000,0.00000,0.9456,2
12090310202,0,0,0,0,0.00706,0.00235,0.00000,0.9440,2
12090410101,1,1,0,0,0.09149,0.00000,0.00000,0.9775,-1
12090410102,1,1,0,0,0.10841,0.00000,0.00685,0.9329,1
12090410201,1,1,0,0,0.11792,0.00245,0.00235,0.9692,2
12090410301,1,1,0,0,0.04235,0.00000,0.00000,0.9502,2
12090510101,0,0,0,0,0.00000,0.00000,0.00000,0.9754,1
12090510102,1,1,0,0,0.06880,0.00000,0.00000,0.9440,1
12090510201,1,1,0,0,0.07311,0.00000,0.00000,0.9209,1
12090510202,0,0,0,0,0.00000,0.00000,0.00000,0.9691,0
12090610101,1,1,0,0,0.03297,0.00000,0.00000,0.9708,-1
12090610102,1,1,0,0,0.07075,0.00000,0.00000,0.9433,2
12090610201,1,1,0,0,0.04286,0.00000,0.00000,0.9396,4
12090610202,1,1,0,0,0.08409,0.00000,0.00000,0.9549,2
12090710101,2,1,1,0,0.04158,0.05000,0.00000,0.9632,0
12090710102,1,1,0,0,0.09136,0.00000,0.00000,0.9313,3
12090810101,1,1,0,0,0.12955,0.00000,0.00000,0.9517,0
12090810201,1,1,0,0,0.10658,0.00000,0.00000,0.9523,1
12090810301,1,1,0,0,0.06579,0.00000,0.00000,0.9741,0
12090910101,0,0,0,0,0.00440,0.00000,0.00000,0.9782,1
12090910301,3,1,1,1,0.05455,0.06606,0.05921,0.9613,1
12090910401,1,1,0,0,0.11648,0.00000,0.00000,0.9618,1
12090910501,1,1,0,0,0.05330,0.00000,0.00000,0.9405,0
121001101,0,0,0,0,0.00000,0.00000,0.00000,0.9811,-1
121001102,2,1,1,0,0.07452,0.11138,0.00000,0.9505,1
121001103,1,1,0,0,0.05769,0.00000,0.00000,0.9683,1
121002101,1,1,0,0,0.04119,0.00000,0.00000,0.9336,2
121002102,2,1,1,0,0.05950,0.06954,0.00000,0.9081,1
121003101,0,0,0,0,0.00000,0.00000,0.00000,0.9781,1
121003102,1,1,0,0,0.08020,0.00000,0.00000,0.9582,1
121003103,0,0,0,0,0.00000,0.00000,0.00000,0.9738,0
121003104,1,1,0,0,0.04282,0.00000,0.00000,0.9581,0
121004101,1,1,0,0,0.08193,0.00000,0.00000,0.9248,1
121004102,1,1,0,0,0.04020,0.00754,0.00726,0.8861,4
121005101,1,1,0,0,0.05505,0.00000,0.00000,0.9811,2
121005102,1,1,0,0,0.07286,0.00000,0.00000,0.9748,0
121005103,0,0,0,0,0.00000,0.00000,0.00000,0.9507,0
121006101,0,0,0,0,0.00000,0.00000,0.00000,0.9314,3
121006102,1,1,0,0,0.12761,0.00000,0.00000,0.9322,1
121006103,1,1,0,0,0.09113,0.00000,0.00000,0.9396,1
121006104,1,1,0,0,0.08102,0.00000,0.00000,0.9654,-1
121006105,0,0,0,0,0.00000,0.00000,0.00000,0.9436,0
121006106,0,0,0,0,0.00000,0.00000,0.00000,0.9343,1
121007101,0,0,0,0,0.00000,0.00000,0.00000,0.9457,1
121007102,0,0,0,0,0.00000,0.00000,0.00000,0.9460,1
121007103,0,0,0,0,0.00240,0.00000,0.00000,0.9615,1
121008101,1,1,0,0,0.03935,0.00000,0.00000,0.9773,1
121008102,2,1,1,0,0.09548,0.09201,0.00000,0.9775,1
121008103,1,1,0,0,0.05060,0.00000,0.00000,0.9428,1
12110110101,1,1,0,0,0.04773,0.00000,0.00000,0.9835,0
12110120101,1,1,0,0,0.09251,0.00229,0.00000,0.9529,0
12110130101,1,1,0,0,0.07483,0.00000,0.00000,0.9600,2
12110210101,1,1,0,0,0.07294,0.00000,0.00000,0.9474,3
12110210102,1,1,0,0,0.07045,0.00000,0.00000,0.9603,1
12110210103,1,1,0,0,0.06621,0.00000,0.00000,0.9627,2
12110220101,1,1,0,0,0.06865,0.00000,0.00000,0.9593,0
12110220201,2,1,1,0,0.03205,0.01709,0.00000,0.9501,-1
12120110101,1,1,0,0,0.10284,0.00000,0.00000,0.9681,0
12120110201,0,0,0,0,0.00000,0.00000,0.00000,0.9493,2
121202101,3,1,1,1,0.08128,0.06158,0.06158,0.9506,2
121202103,2,1,1,0,0.10069,0.09308,0.00000,0.9668,0
12120220101,1,1,0,0,0.07473,0.00000,0.00000,0.9820,2
121202202,1,1,0,0,0.06053,0.00000,0.00000,0.9775,2
12120310101,1,1,0,0,0.08600,0.00000,0.00000,0.9767,2
12120310102,0,0,0,0,0.00235,0.00000,0.00000,0.9755,1
121203102,0,0,0,0,0.00000,0.00000,0.00000,0.9214,4
121203103,1,1,0,0,0.03837,0.00000,0.00000,0.9502,2
121203201,1,1,0,0,0.07990,0.00000,0.00000,0.9686,0
121203202,1,1,0,0,0.07452,0.00000,0.00000,0.9767,0
121203203,1,1,0,0,0.04087,0.00000,0.00000,0.9801,0
121301101,0,0,0,0,0.00000,0.00000,0.00000,0.9562,1
121301102,0,0,0,0,0.00000,0.00000,0.00000,0.9220,4
121302101,0,0,0,0,0.00000,0.00000,0.00000,0.9806,1
121302102,1,1,0,0,0.03837,0.00000,0.00000,0.9021,3
121302103,0,0,0,0,0.00000,0.00000,0.00000,0.9608,0
121302104,0,0,0,0,0.00000,0.00000,0.00000,0.9211,2
121303101,0,0,0,0,0.00000,0.00000,0.00000,0.9670,0
121303102,0,0,0,0,0.00000,0.00000,0.00000,0.9767,2
121303103,1,1,0,0,0.03464,0.00000,0.00000,0.9266,2
121303104,1,1,0,0,0.04578,0.00000,0.00000,0.9750,1
121303105,0,0,0,0,0.00000,0.00000,0.00000,0.9724,0
121304101,0,0,0,0,0.00251,0.00000,0.00000,0.9603,0
121304102,1,0,1,0,0.00000,0.01856,0.00000,0.9601,2
121304103,0,0,0,0,0.00000,0.00000,0.00000,0.9753,1
121304104,1,1,0,0,0.08389,0.00000,0.00000,0.9769,1
121304105,0,0,0,0,0.00000,0.00000,0.00000,0.9769,1
121304106,0,0,0,0,0.00000,0.00000,0.00000,0.9753,0
121305101,2,1,1,0,0.11298,0.08654,0.00000,0.9631,1
121305102,1,1,0,0,0.11278,0.00000,0.00000,0.9135,3
121305103,1,1,0,0,0.07692,0.00000,0.00000,0.9737,2
13010110101,1,1,0,0,0.07177,0.00000,0.00000,0.9653,1
13010210101,1,1,0,0,0.07064,0.00000,0.00000,0.9574,2
13010210201,2,1,1,0,0.02064,0.01833,0.00000,0.9631,2
13010210202,1,0,0,1,0.00509,0.00763,0.11852,0.9656,1
13010310101,1,1,0,0,0.11927,0.00000,0.00000,0.9408,4
13010310201,2,1,1,0,0.04566,0.01142,0.00000,0.8861,4
13010410101,0,0,0,0,0.00000,0.00000,0.00000,0.9541,0
13010410102,1,1,0,0,0.11009,0.00000,0.00000,0.9315,4
13010410103,0,0,0,0,0.00000,0.00000,0.00000,0.9627,1
13010510101,1,0,1,0,0.00913,0.03194,0.00228,0.9291,4
13010510102,0,0,0,0,0.00000,0.00000,0.00000,0.9667,1
13010510103,0,0,0,0,0.00000,0.00000,0.00000,0.9707,1
13010510104,0,0,0,0,0.00000,0.00000,0.00000,0.9419,4
13010510201,0,0,0,0,0.00247,0.00000,0.00000,0.9536,1
13010510202,2,1,1,0,0.05023,0.01188,0.00000,0.9511,3
13010510203,1,1,0,0,0.07506,0.00000,0.00000,0.9591,1
13010510301,1,1,0,0,0.06420,0.00000,0.00000,0.9846,1
13010510302,1,1,0,0,0.02716,0.00000,0.00000,0.9819,0
13010510303,1,1,0,0,0.07710,0.00000,0.00000,0.9720,1
13010610101,0,0,0,0,0.00000,0.00000,0.00000,0.9541,0
13010610201,2,1,1,0,0.09817,0.09132,0.00000,0.9272,3
13010610202,2,1,1,0,0.10998,0.09174,0.00000,0.9642,2
13020110101,0,0,0,0,0.00000,0.00000,0.00238,0.9723,0
13020110201,0,0,0,0,0.00000,0.00000,0.00000,0.9746,-1
13020110301,3,1,1,1,0.03704,0.05275,0.08148,0.9847,1
13020110401,0,0,0,0,0.00000,0.00000,0.00000,0.9550,2
13020210101,0,0,0,0,0.00000,0.00000,0.00000,0.9517,1
13020210201,0,0,0,0,0.00000,0.00000,0.00000,0.9707,1
13020310101,0,0,0,0,0.00000,0.00000,0.00000,0.8396,6
13020310201,1,1,0,0,0.09633,0.00000,0.00000,0.9634,1
13020310202,0,0,0,0,0.00000,0.00000,0.00000,0.9693,1
13020310203,1,1,0,0,0.09877,0.00000,0.00000,0.9600,1
13020310301,0,0,0,0,0.00000,0.00000,0.00000,0.9741,1
13020410101,1,1,0,0,0.12844,0.00000,0.00000,0.9610,1
13020410201,1,1,0,0,0.06420,0.00254,0.00000,0.9582,2
13020410301,1,1,0,0,0.06988,0.00000,0.00000,0.9392,4
13020410401,1,1,0,0,0.08676,0.00000,0.00000,0.9102,3
13020410501,1,1,0,0,0.07339,0.00000,0.00000,0.9565,1
13020510101,2,1,1,0,0.06843,0.06651,0.00000,0.9764,1
13020510201,0,0,0,0,0.00000,0.00000,0.00000,0.9803,1
13020510301,1,0,0,1,0.00000,0.00000,0.01325,0.9592,0
13020510401,0,0,0,0,0.00000,0.00000,0.00000,0.9832,1
13020610101,0,,,,,,,0.9246,3
13020610201,1,1,0,0,0.06881,0.00000,0.00000,0.9720,0
13030110101,0,0,0,0,0.00000,0.00000,0.00000,0.9603,1
13030110201,1,1,0,0,0.04873,0.00000,0.00000,0.9599,1
13030210101,1,1,0,0,0.01325,0.00688,0.00000,0.9716,1
13030210201,1,1,0,0,0.10092,0.00000,0.00000,0.9591,1
13030210301,1,1,0,0,0.01606,0.00000,0.00000,0.9286,4
13030210501,0,0,0,0,0.00000,0.00000,0.00000,0.9584,1
13030310101,1,1,0,0,0.06154,0.00000,0.00000,0.9371,4
13030310201,0,0,0,0,0.00000,0.00000,0.00000,0.9807,1
13030310301,0,0,0,0,0.00983,0.00000,0.00000,0.9303,4
13030310401,2,1,1,0,0.08609,0.04850,0.00000,0.9777,0
13030310501,0,0,0,0,0.00988,0.00000,0.00000,0.9850,0
13030310502,1,1,0,0,0.13024,0.00000,0.00000,0.9358,4
13030310503,0,0,0,0,0.00000,0.00000,0.00000,0.9394,1
13030410201,2,1,1,0,0.12615,0.09630,0.00000,0.9684,1
13030410301,0,,,,,,,0.9718,2
13030410401,0,0,0,0,0.00000,0.00000,0.00000,0.9870,0
13030510101,1,1,0,0,0.10550,0.00000,0.00000,0.9836,1
13030610301,1,1,0,0,0.06193,0.00000,0.00000,0.9804,1
13040110101,1,1,0,0,0.03483,0.00000,0.00000,0.9222,3
13040110201,1,1,0,0,0.06878,0.00000,0.00000,0.9109,4
13040110202,1,0,1,0,0.00000,0.03800,0.00000,0.9459,3
13040110203,0,0,0,0,0.00000,0.00000,0.00000,0.9826,1
13040110301,0,0,0,0,0.00000,0.00000,0.00000,0.9515,1
13040110302,2,1,1,0,0.05160,0.01826,0.00000,0.9545,3
13040110303,0,0,0,0,0.00000,0.00000,0.00000,0.9724,1
13040110401,0,,,,,,,0.9637,0
13040110402,1,1,0,0,0.05046,0.00000,0.00000,0.9705,2
13040110403,0,0,0,0,0.00000,0.00000,0.00000,0.9473,2
13040110404,1,1,0,0,0.05185,0.00000,0.00000,0.9486,2
13040110501,0,0,0,0,0.00000,0.00000,0.00000,0.9501,2
13040110502,2,1,1,0,0.11605,0.08314,0.00000,0.9114,3
13040110503,0,0,0,0,0.00000,0.00917,0.00000,0.9558,1
13040110504,0,0,0,0,0.00000,0.00442,0.00000,0.9225,4
13040110601,3,1,1,1,0.05275,0.05023,0.05936,0.9229,3
13040210101,1,1,0,0,0.06173,0.00000,0.00000,0.9758,2
13040210102,1,1,0,0,0.07303,0.00000,0.00000,0.9460,1
13040210103,0,0,0,0,0.00000,0.00000,0.00000,0.9106,5
13040310101,0,0,0,0,0.00000,0.00000,0.00000,0.9178,2
13040310102,1,1,0,0,0.08486,0.00000,0.00000,0.9604,2
13040410101,1,1,0,0,0.06420,0.00000,0.00000,0.9299,2
13040410102,0,0,0,0,0.00000,0.00000,0.00000,0.9720,1
13040410103,1,1,0,0,0.08830,0.00000,0.00000,0.9227,5
13040410201,1,1,0,0,0.09817,0.00709,0.00220,0.9059,5
13040410202,1,1,0,0,0.07363,0.00000,0.00000,0.9548,1
13040410301,0,0,0,0,0.00000,0.00000,0.00000,0.9606,3
13040410302,0,0,0,0,0.00000,0.00000,0.00000,0.9573,1
13040410401,0,,,,,,,0.9659,1
13040410402,1,1,0,0,0.10287,0.00000,0.00000,0.9810,1
13040410403,0,0,0,0,0.00000,0.00440,0.00000,0.9247,4
13040410404,1,1,0,0,0.04566,0.00000,0.00000,0.9359,4
13040410405,0,0,0,0,0.00000,0.00000,0.00000,0.9554,0
13040410501,0,0,0,0,0.00459,0.00000,0.00000,0.9372,2
13040410502,0,0,0,0,0.00236,0.00000,0.00000,0.8452,7
13040410503,2,1,1,0,0.10811,0.09538,0.00000,0.9258,3
13040410504,1,1,0,0,0.10046,0.00000,0.00000,0.9149,5
13040410505,1,1,0,0,0.09174,0.00000,0.00000,0.9863,0
13040410601,0,0,0,0,0.00221,0.00000,0.00000,0.9693,2
13040410602,1,1,0,0,0.04194,0.00000,0.00000,0.9710,2
13040410603,0,0,0,0,0.00000,0.00000,0.00000,0.9152,4
13040410701,1,1,0,0,0.09132,0.00000,0.00000,0.9443,2
13040410702,1,1,0,0,0.09051,0.00000,0.00000,0.9473,3
13040410703,1,1,0,0,0.07534,0.00000,0.00000,0.9012,5
13040510101,0,0,0,0,0.00000,0.00000,0.00000,0.9552,3
13040510102,0,0,0,0,0.00000,0.00000,0.00000,0.8912,5
13040510103,0,0,0,0,0.00000,0.00000,0.00000,0.9785,0
13040510201,0,0,0,0,0.00662,0.00000,0.00228,0.9072,4
13040510202,0,0,0,0,0.00000,0.00000,0.00000,0.9805,1
13040510203,0,0,0,0,0.00000,0.00000,0.00000,0.9855,1
13040510204,0,0,0,0,0.00000,0.00247,0.00000,0.9783,1
13040610101,0,0,0,0,0.00000,0.00000,0.00000,0.6919,9
13040610201,1,1,0,0,0.09383,0.00000,0.00000,0.9282,3
13040610301,1,1,0,0,0.04587,0.00000,0.00000,0.9792,1
13040610302,1,1,0,0,0.06914,0.00000,0.00000,0.9565,2
13040610401,3,1,1,1,0.06651,0.08551,0.06193,0.9856,1
13050110101,0,0,0,0,0.00000,0.00000,0.00000,0.9583,2
13050110201,0,0,0,0,0.00000,0.00475,0.00228,0.9273,1
13050210101,1,1,0,0,0.10155,0.00000,0.00000,0.9455,3
13050210201,0,0,0,0,0.00000,0.00000,0.00000,0.9375,4
13050210301,1,1,0,0,0.05023,0.00000,0.00000,0.9259,4
13050310101,0,0,0,0,0.00000,0.00000,0.00000,0.9038,5
13050310201,0,0,0,0,0.00000,0.00000,0.00000,0.9469,1
13050310301,0,0,0,0,0.00229,0.00221,0.00000,0.9782,1
13050410101,0,0,0,0,0.00475,0.00000,0.00475,0.9438,1
13050510101,1,1,0,0,0.06164,0.00000,0.00000,0.9246,4
13050610101,0,0,0,0,0.00000,0.00000,0.00000,0.9322,4
13050710101,1,1,0,0,0.05789,0.00000,0.00000,0.8933,5
13050710102,1,1,0,0,0.05734,0.00000,0.00000,0.9775,1
13050710201,1,1,0,0,0.02948,0.00000,0.00000,0.8756,4
13050710301,1,1,0,0,0.03210,0.00000,0.00000,0.9822,1
13050710302,0,0,0,0,0.00000,0.00000,0.00000,0.9819,1
13050710303,0,0,0,0,0.00000,0.00000,0.00000,0.9592,2
13050810101,1,1,0,0,0.09174,0.00000,0.00000,0.9754,2
13050810102,0,0,0,0,0.00000,0.00000,0.00000,0.8856,4
13050810103,1,1,0,0,0.07569,0.00000,0.00000,0.9494,3
13050810201,0,0,0,0,0.00000,0.00000,0.00000,0.9389,3
13050810202,1,1,0,0,0.07339,0.00000,0.00000,0.9443,1
13050810301,1,1,0,0,0.07339,0.00000,0.00000,0.9714,1
13050810302,0,0,0,0,0.00000,0.00000,0.00000,0.9518,1
13050810401,1,1,0,0,0.01474,0.00879,0.00000,0.9168,4
13050910101,2,0,1,1,0.00459,0.01766,0.01376,0.9641,0
13050910201,0,0,0,0,0.00000,0.00000,0.00000,0.9358,3
13051010101,0,0,0,0,0.00000,0.00000,0.00000,0.9696,0
13051010201,0,0,0,0,0.00000,0.00222,0.00000,0.9848,0
13051110101,1,1,0,0,0.05963,0.00000,0.00000,0.9351,4
13051110102,0,0,0,0,0.00000,0.00000,0.00000,0.8995,5
13051110201,0,0,0,0,0.00000,0.00000,0.00000,0.9258,4
13051210101,2,1,1,0,0.09633,0.05897,0.00000,0.9335,2
13051310101,0,0,0,0,0.00000,0.00000,0.00000,0.9581,3
13051310201,0,0,0,0,0.00667,0.00000,0.00000,0.9468,0
13060110101,0,0,0,0,0.00000,0.00000,0.00000,0.9679,1
13060110201,1,1,0,0,0.07363,0.00000,0.00000,0.9434,3
13060110202,1,1,0,0,0.08486,0.00000,0.00000,0.9743,1
13060110203,1,1,0,0,0.03704,0.00000,0.00000,0.9757,0
13060110301,0,0,0,0,0.00000,0.00000,0.00000,0.9550,1
13060110401,0,0,0,0,0.00000,0.00000,0.00000,0.9853,1
13060110402,1,0,0,1,0.00000,0.00000,0.05251,0.9155,4
13060210101,1,1,0,0,0.10959,0.00000,0.00000,0.8874,5
13060310101,0,0,0,0,0.00000,0.00000,0.00000,0.9831,1
13060310201,1,1,0,0,0.07339,0.00000,0.00000,0.9595,0
13060310301,1,1,0,0,0.07656,0.00000,0.00000,0.9829,1
13060310401,1,1,0,0,0.15826,0.00000,0.00000,0.9482,4
13060410101,0,0,0,0,0.00000,0.00000,0.00000,0.9271,3
13060410201,0,0,0,0,0.00000,0.00000,0.00000,0.9566,0
13060410301,1,0,1,0,0.00442,0.02752,0.00000,0.9443,2
13060510101,1,1,0,0,0.09633,0.00000,0.00000,0.9754,1
13060510201,0,0,0,0,0.00000,0.00000,0.00220,0.9270,4
13070110101,1,1,0,0,0.13777,0.00000,0.00000,0.9428,3
13070110201,2,1,1,0,0.07601,0.07617,0.00000,0.9528,1
13070110301,0,,,,,,,0.9379,2
13070210101,0,0,0,0,0.00000,0.00000,0.00000,0.9335,3
13070210201,0,0,0,0,0.00000,0.00494,0.00000,0.9302,3
13070210301,0,0,0,0,0.00000,0.00000,0.00000,0.8953,4
13070210401,2,1,1,0,0.10370,0.08830,0.00000,0.9830,1
13070210501,2,1,1,0,0.06938,0.10321,0.00000,0.9797,1
13070210601,1,1,0,0,0.05432,0.00000,0.00000,0.9778,1
13070210701,0,0,0,0,0.00000,0.00000,0.00000,0.9688,3
13070310101,1,1,0,0,0.06667,0.00000,0.00000,0.9760,0
13070310201,3,1,1,1,0.09474,0.06843,0.07285,0.9537,3
13070310301,2,1,1,0,0.04619,0.06422,0.00000,0.9539,1
13070410101,1,1,0,0,0.04276,0.00000,0.00000,0.9868,0
13070410102,1,1,0,0,0.06193,0.00000,0.00000,0.9837,0
13070410201,2,1,1,0,0.05473,0.05505,0.00000,0.9723,0
13070410301,2,1,1,0,0.09817,0.10689,0.00000,0.9091,4
13070410401,1,0,0,1,0.00988,0.00494,0.01235,0.9837,0
13070410501,0,0,0,0,0.00238,0.00000,0.00000,0.9775,0
13070410601,0,0,0,0,0.00000,0.00000,0.00000,0.9742,1
13070410701,1,1,0,0,0.04785,0.00000,0.00000,0.9834,0
13070410801,1,1,0,0,0.13014,0.00000,0.00000,0.9047,4
13070510101,1,1,0,0,0.07160,0.00000,0.00000,0.9816,1
13070510201,1,1,0,0,0.03210,0.00000,0.00000,0.9566,3
13070510301,1,1,0,0,0.11852,0.00444,0.00000,0.9744,1
13080110101,3,1,1,1,0.03563,0.03974,0.03325,0.9481,1
13080110201,0,0,0,0,0.00000,0.00000,0.00000,0.9197,4
13080210101,0,0,0,0,0.00000,0.00000,0.00000,0.9684,1
13080310101,0,0,0,0,0.00000,0.00000,0.00442,0.9326,2
13080310201,2,1,1,0,0.01481,0.02375,0.00000,0.9849,1
13080410101,0,0,0,0,0.00231,0.00238,0.00000,0.9821,0
13080410201,0,0,0,0,0.00000,0.00000,0.00000,0.9657,0
13080510101,0,0,0,0,0.00000,0.00000,0.00000,0.9280,3
13080510102,0,0,0,0,0.00000,0.00000,0.00000,0.9431,3
13080510201,0,0,0,0,0.00000,0.00000,0.00475,0.9771,1
13080510202,3,1,1,1,0.01481,0.02469,0.02736,0.9866,1
13080610101,2,1,1,0,0.01142,0.03088,0.00000,0.9417,3
13090110101,0,0,0,0,0.00000,0.00000,0.00000,0.9619,1
13090110201,0,0,0,0,0.00000,0.00000,0.00229,0.9745,0
13090110301,1,1,0,0,0.07798,0.00000,0.00000,0.9433,4
13090110401,0,0,0,0,0.00000,0.00000,0.00222,0.9724,1
13090110501,0,0,0,0,0.00000,0.00442,0.00000,0.9361,4
13090110601,1,1,0,0,0.05936,0.00000,0.00000,0.9285,5
13090110602,0,0,0,0,0.00000,0.00000,0.00000,0.9604,0
13090110701,1,1,0,0,0.15672,0.00000,0.00000,0.9869,0
13090210101,1,1,0,0,0.07506,0.00000,0.00000,0.9362,2
13090210201,1,1,0,0,0.09630,0.00000,0.00000,0.8815,4
13090210301,1,1,0,0,0.07838,0.00000,0.00000,0.9261,4
13090210401,1,1,0,0,0.06413,0.00000,0.00000,0.9423,3
13090210501,1,1,0,0,0.01728,0.00000,0.00000,0.9729,1
13090210601,0,0,0,0,0.00000,0.00000,0.00000,0.9681,2
13090210602,1,1,0,0,0.05820,0.00000,0.00000,0.9881,1
13090310101,1,1,0,0,0.01370,0.00000,0.00000,0.9452,3
13090310102,0,0,0,0,0.00000,0.00000,0.00000,0.9530,1
13090310201,1,1,0,0,0.06193,0.00000,0.00000,0.9724,1
13090310301,2,1,1,0,0.05185,0.05679,0.00000,0.9573,1
13090410101,0,0,0,0,0.00236,0.00440,0.00000,0.9301,3
13090410102,0,0,0,0,0.00000,0.00000,0.00000,0.9779,1
13090410103,0,0,0,0,0.00000,0.00000,0.00000,0.9639,2
13090410201,1,1,0,0,0.08486,0.00000,0.00000,0.9788,0
13090410202,0,0,0,0,0.00000,0.00000,0.00000,0.9228,3
13090410203,3,1,1,1,0.04636,0.04038,0.05740,0.9824,1
13090410301,1,1,0,0,0.04691,0.00000,0.00000,0.9636,2
13090410302,1,1,0,0,0.09383,0.00000,0.00000,0.9799,0
13090410303,0,0,0,0,0.00000,0.00000,0.00000,0.9423,3
13090410304,0,0,0,0,0.00000,0.00000,0.00000,0.9767,2
13090410401,1,1,0,0,0.06623,0.00000,0.00442,0.9750,2
13090510101,0,0,0,0,0.00000,0.00000,0.00000,0.9658,1
13090510201,0,0,0,0,0.00000,0.00000,0.00000,0.9350,3
13090510202,1,1,0,0,0.10321,0.00000,0.00000,0.9254,4
13090510301,0,0,0,0,0.00000,0.00000,0.00000,0.9510,3
13090510302,0,0,0,0,0.00000,0.00000,0.00000,0.9796,1
13090610101,0,0,0,0,0.00000,0.00000,0.00000,0.9778,1
13090610202,0,0,0,0,0.00000,0.00000,0.00000,0.9168,3
13090610301,0,0,0,0,0.00000,0.00239,0.00000,0.9480,1
13090610302,1,1,0,0,0.07763,0.00000,0.00000,0.9371,4
13090710101,1,0,0,1,0.00000,0.00000,0.07569,0.9486,3
13090710201,0,0,0,0,0.00000,0.00000,0.00000,0.9241,4
13090710202,2,1,1,0,0.02222,0.01376,0.00000,0.9607,0
13090710301,0,0,0,0,0.00000,0.00000,0.00000,0.9554,2
13100110101,0,0,0,0,0.00000,0.00000,0.00000,0.9786,1
13100110102,0,0,0,0,0.00000,0.00000,0.00000,0.9872,1
13100110103,0,0,0,0,0.00000,0.00000,0.00000,0.9520,1
13100110201,0,0,0,0,0.00000,0.00247,0.00688,0.9813,1
13100210101,0,0,0,0,0.00000,0.00000,0.00000,0.9669,1
13100210102,1,0,1,0,0.00950,0.01111,0.00718,0.9844,1
13100210201,1,1,0,0,0.09633,0.00000,0.00000,0.9863,0
13100210301,0,0,0,0,0.00000,0.00000,0.00000,0.9089,4
13100210302,0,0,0,0,0.00000,0.00000,0.00000,0.9484,3
13100310101,0,0,0,0,0.00000,0.00000,0.00000,0.8369,5
13100310201,0,0,0,0,0.00000,0.00000,0.00000,0.9729,1
13100310301,0,0,0,0,0.00000,0.00000,0.00000,0.9660,1
13100310401,0,0,0,0,0.00000,0.00000,0.00000,0.9497,1
13100310501,0,0,0,0,0.00000,0.00000,0.00000,0.8600,3
13100310502,0,0,0,0,0.00000,0.00000,0.00000,0.9789,1
131004010102,0,0,0,0,0.00000,0.00000,0.00000,0.9400,3
13100410101,0,0,0,0,0.00000,0.00000,0.00000,0.9765,0
13100410201,2,0,1,1,0.00221,0.01425,0.01104,0.9541,3
13100410301,0,0,0,0,0.00000,0.00000,0.00000,0.9448,4
13100410401,0,0,0,0,0.00000,0.00000,0.00000,0.9674,1
13100510101,1,1,0,0,0.04955,0.00000,0.00000,0.9361,3
13100510102,1,1,0,0,0.11111,0.00000,0.00000,0.9478,3
13100510103,0,0,0,0,0.00000,0.00000,0.00000,0.9739,1
13100510201,2,1,1,0,0.08571,0.06393,0.00000,0.9408,4
13100510301,0,0,0,0,0.00000,0.00000,0.00222,0.9756,1
13100610101,0,0,0,0,0.00249,0.00000,0.00000,0.9842,0
13100610201,0,0,0,0,0.00238,0.00662,0.00889,0.9658,1
13100610301,0,0,0,0,0.00000,0.00000,0.00000,0.9606,1
13100610401,0,0,0,0,0.00000,0.00000,0.00000,0.9291,4
13100610501,0,0,0,0,0.00000,0.00000,0.00000,0.9759,2
13100610601,0,0,0,0,0.00000,0.00000,0.00000,0.9624,1
13100610701,0,0,0,0,0.00000,0.00000,0.00000,0.9818,1
13100610801,0,0,0,0,0.00000,0.00000,0.00459,0.9800,0
13100710101,0,0,0,0,0.00478,0.00889,0.00718,0.9846,1
13100710201,1,1,0,0,0.07160,0.00000,0.00000,0.9598,3
13100710202,1,1,0,0,0.09026,0.00000,0.00000,0.9406,4
13100710301,0,0,0,0,0.00000,0.00000,0.00000,0.9026,3
13100710401,0,0,0,0,0.00000,0.00000,0.00000,0.9310,3
13100810101,1,0,1,0,0.00000,0.01370,0.00000,0.9165,4
13100810201,0,0,0,0,0.00000,0.00000,0.00000,0.9754,1
13100810301,0,0,0,0,0.00000,0.00000,0.00000,0.9810,1
13100810302,0,0,0,0,0.00000,0.00000,0.00000,0.9796,1
13100910101,0,0,0,0,0.00000,0.00000,0.00000,0.9532,3
13100910201,1,1,0,0,0.05734,0.00000,0.00000,0.9301,3
13100910202,0,0,0,0,0.00238,0.00475,0.00688,0.9332,4
13101010201,2,1,1,0,0.08609,0.11605,0.00000,0.9433,3
13101010301,1,1,0,0,0.06180,0.00000,0.00000,0.9207,5
13101010401,1,1,0,0,0.13514,0.00000,0.00000,0.9381,4
13101010501,1,1,0,0,0.02294,0.00746,0.00000,0.9755,1
13101010601,2,1,1,0,0.05505,0.05502,0.00000,0.9847,1
13101110101,1,1,0,0,0.09383,0.00000,0.00000,0.9700,1
13101110102,0,0,0,0,0.00000,0.00000,0.00000,0.9238,3
13101110103,0,0,0,0,0.00000,0.00494,0.00229,0.8911,3
13101110104,0,0,0,0,0.00000,0.00221,0.00000,0.9597,1
13101110201,0,0,0,0,0.00000,0.00000,0.00000,0.9499,1
13101110202,1,1,0,0,0.06881,0.00000,0.00000,0.9838,1
13101210101,0,0,0,0,0.00000,0.00000,0.00000,0.9826,1
13101210102,0,0,0,0,0.00000,0.00000,0.00000,0.9339,3
13101210103,0,0,0,0,0.00000,0.00000,0.00000,0.9532,4
13101210201,1,1,0,0,0.06467,0.00000,0.00000,0.9753,1
13101210202,0,0,0,0,0.00000,0.00000,0.00000,0.9400,4
13101210203,0,0,0,0,0.00000,0.00000,0.00000,0.9237,4
13101210204,0,0,0,0,0.00000,0.00000,0.00000,0.9254,4
13101210301,0,0,0,0,0.00000,0.00000,0.00000,0.9393,1
13101210302,0,0,0,0,0.00000,0.00000,0.00239,0.9123,4
13101210401,0,0,0,0,0.00000,0.00000,0.00000,0.9810,1
13101210402,0,0,0,0,0.00000,0.00000,0.00000,0.9254,2
13101210403,0,0,0,0,0.00000,0.00000,0.00000,0.9385,4
13101310101,3,1,1,1,0.05298,0.01147,0.09556,0.9724,1
13101310201,1,1,0,0,0.13761,0.00000,0.00000,0.9811,1
13101310301,2,1,1,0,0.02222,0.02469,0.00000,0.9533,0
13101410101,1,1,0,0,0.04358,0.00000,0.00000,0.9818,1
13101410201,2,1,1,0,0.06173,0.14220,0.00000,0.9495,1
13101410301,0,0,0,0,0.00000,0.00000,0.00000,0.9703,1
13101410401,0,0,0,0,0.00000,0.00000,0.00000,0.9534,1
13101410501,1,1,0,0,0.14925,0.00000,0.00000,0.9793,1
13110110101,0,0,0,0,0.00229,0.00688,0.00000,0.9701,1
13110110201,1,1,0,0,0.06938,0.00000,0.00000,0.9826,1
13110110202,1,1,0,0,0.01728,0.00000,0.00000,0.9482,4
13110110203,1,1,0,0,0.04038,0.00000,0.00000,0.9535,1
13110110301,1,1,0,0,0.08551,0.00000,0.00000,0.9538,1
13110110302,1,1,0,0,0.11187,0.00442,0.00000,0.9280,4
13110110401,1,1,0,0,0.02963,0.00000,0.00000,0.9693,1
13110110402,1,1,0,0,0.08447,0.00238,0.00000,0.9178,3
13110110501,1,1,0,0,0.06193,0.00000,0.00000,0.9841,1
13110110502,1,1,0,0,0.03899,0.00000,0.00000,0.9755,0
13110210101,1,1,0,0,0.05938,0.00000,0.00000,0.9818,1
13110210201,1,1,0,0,0.05701,0.00000,0.00000,0.9496,3
13110210301,1,1,0,0,0.09091,0.00000,0.00000,0.9425,4
13110210401,1,1,0,0,0.01188,0.00442,0.00000,0.9455,2
13110310101,1,1,0,0,0.09877,0.00000,0.00000,0.9315,5
13110310201,1,1,0,0,0.03731,0.00000,0.00000,0.9829,1
13110410101,0,0,0,0,0.00000,0.00000,0.00000,0.9834,0
13110410201,1,1,0,0,0.01147,0.00247,0.00000,0.9482,3
13110410301,2,1,1,0,0.10375,0.01376,0.00688,0.9423,3
13110410302,1,1,0,0,0.07339,0.00000,0.00000,0.9812,1
13110410303,1,1,0,0,0.05024,0.00000,0.00000,0.9735,1
13110510201,1,1,0,0,0.06667,0.00000,0.00000,0.9666,2
13110510301,1,1,0,0,0.06651,0.00000,0.00000,0.9812,1
13110610201,1,1,0,0,0.05963,0.00000,0.00473,0.9458,3
13110610301,2,1,1,0,0.06468,0.05505,0.00000,0.9859,0
13110710101,1,1,0,0,0.07110,0.00000,0.00000,0.8978,4
13110710201,1,1,0,0,0.05701,0.00000,0.00000,0.9602,1
13110710301,2,1,1,0,0.14321,0.11605,0.00000,0.9296,4
13110810101,1,1,0,0,0.07798,0.00000,0.00000,0.9458,3
13110810102,1,1,0,0,0.08257,0.00000,0.00000,0.9670,0
13110810201,1,1,0,0,0.07407,0.00000,0.00000,0.9820,1
13110810202,2,1,1,0,0.07711,0.12352,0.00000,0.9819,1
13110810203,1,1,0,0,0.09404,0.00000,0.00000,0.9827,1
13110810204,2,1,1,0,0.03899,0.06914,0.00000,0.9461,1
13110910201,1,1,0,0,0.06621,0.00000,0.00000,0.8976,5
13110910301,1,1,0,0,0.10550,0.00000,0.00000,0.9810,1
13110910401,1,1,0,0,0.12385,0.00000,0.00000,0.9427,1
13110910501,1,1,0,0,0.04988,0.00000,0.00000,0.9729,1
13111010101,1,1,0,0,0.02985,0.00000,0.00000,0.9382,1
13111010201,2,1,1,0,0.08373,0.06914,0.00000,0.9685,1
13111110101,1,1,0,0,0.05963,0.00000,0.00000,0.9580,2
13111110102,0,0,0,0,0.00000,0.00000,0.00000,0.9835,0
13111110103,1,1,0,0,0.07306,0.00000,0.00000,0.9393,4
13111110201,1,1,0,0,0.08486,0.00000,0.00000,0.9528,2
13111110202,1,1,0,0,0.04938,0.00000,0.00000,0.9832,1
13111110203,1,1,0,0,0.14251,0.00000,0.00000,0.9053,5
13111110204,1,1,0,0,0.03333,0.00238,0.00000,0.9595,2
13111110301,1,1,0,0,0.09713,0.00000,0.00000,0.9673,0
13111110302,1,1,0,0,0.04667,0.00688,0.00444,0.9702,0
13111110401,1,1,0,0,0.03704,0.00000,0.00000,0.9464,2
13111210101,0,0,0,0,0.00000,0.00000,0.00000,0.9744,1
13111210201,1,1,0,0,0.03670,0.00000,0.00000,0.9821,0
13111210301,1,1,0,0,0.05023,0.00000,0.00000,0.9367,3
13111210401,0,0,0,0,0.00000,0.00249,0.00000,0.9819,1
13120110101,1,1,0,0,0.07947,0.00000,0.00000,0.9634,1
13120110201,0,0,0,0,0.00000,0.00000,0.00000,0.8934,4
13120210101,1,1,0,0,0.07991,0.00000,0.00000,0.9189,4
13120210201,2,1,1,0,0.04691,0.04198,0.00000,0.9592,3
13120210301,2,1,1,0,0.05275,0.04128,0.00000,0.8775,5
13120310101,1,1,0,0,0.11258,0.00000,0.00000,0.9042,4
13120310201,1,1,0,0,0.05926,0.00000,0.00000,0.9293,4
13120310301,1,1,0,0,0.03899,0.00000,0.00000,0.9809,0
13120410101,0,0,0,0,0.00000,0.00000,0.00000,0.9621,1
13120410201,0,0,0,0,0.00000,0.00000,0.00000,0.9413,3
13120510201,0,0,0,0,0.00000,0.00000,0.00000,0.9532,1
13120610101,0,0,0,0,0.00000,0.00000,0.00000,0.9570,3
13120610201,0,0,0,0,0.00000,0.00000,0.00000,0.9228,4
13120610202,0,0,0,0,0.00000,0.00000,0.00000,0.9556,3
13120610301,0,0,0,0,0.00000,0.00718,0.00000,0.9836,0
13120710101,0,0,0,0,0.00000,0.00000,0.00000,0.9077,4
13120710201,0,0,0,0,0.00000,0.00000,0.00000,0.9349,2
13120710301,0,0,0,0,0.00459,0.00442,0.00685,0.8735,5
13120810201,1,1,0,0,0.07160,0.00000,0.00000,0.9649,1
13120810202,0,0,0,0,0.00459,0.00000,0.00000,0.9845,1
13120910101,1,1,0,0,0.08314,0.00000,0.00000,0.9798,1
13120910201,1,1,0,0,0.11009,0.00000,0.00000,0.9675,2
13120910202,0,0,0,0,0.00000,0.00000,0.00000,0.9500,2
13121010101,2,1,1,0,0.01188,0.02523,0.00000,0.9827,1
13121010201,0,0,0,0,0.00000,0.00000,0.00000,0.9599,0
13121010301,0,0,0,0,0.00000,0.00000,0.00000,0.9299,1
13121010401,1,1,0,0,0.10811,0.00000,0.00000,0.9473,3
13121010402,0,0,0,0,0.00229,0.00000,0.00000,0.9356,4
13121110101,3,1,1,1,0.08642,0.04358,0.01914,0.9768,1
13121210101,0,0,0,0,0.00000,0.00000,0.00000,0.9520,1
13121210102,0,0,0,0,0.00000,0.00000,0.00221,0.9430,3
13121210104,0,0,0,0,0.00229,0.00000,0.00221,0.9302,4
13121210105,0,0,0,0,0.00000,0.00000,0.00000,0.9794,1
13121210106,0,0,0,0,0.00000,0.00000,0.00000,0.9664,1
13121210201,1,0,1,0,0.00000,0.01493,0.00231,0.9395,0
13121210202,0,0,0,0,0.00000,0.00000,0.00000,0.9849,1
13121210203,0,0,0,0,0.00000,0.00000,0.00000,0.9753,1
13121210301,0,0,0,0,0.00000,0.00000,0.00000,0.9399,3
13121210401,0,0,0,0,0.00000,0.00000,0.00000,0.9838,1
13121310101,0,,,,,,,0.9411,3
13121310201,0,0,0,0,0.00000,0.00000,0.00000,0.9412,4
13121310301,0,0,0,0,0.00000,0.00000,0.00000,0.9551,2
13121310401,0,,,,,,,0.9658,2
13130110101,2,1,1,0,0.04358,0.03210,0.00000,0.9369,4
13130210101,1,0,0,1,0.00000,0.00000,0.04415,0.8811,4
13130210201,0,0,0,0,0.00000,0.00000,0.00000,0.8620,5
13130210301,0,0,0,0,0.00000,0.00000,0.00221,0.9139,2
13130210401,0,0,0,0,0.00000,0.00221,0.00000,0.8938,4
13130210501,1,1,0,0,0.07601,0.00000,0.00000,0.9790,1
13130210601,0,0,0,0,0.00000,0.00000,0.00254,0.9495,1
13130210701,0,0,0,0,0.00444,0.00249,0.00000,0.9848,0
13130310101,2,1,1,0,0.05275,0.06420,0.00000,0.9634,1
13130310201,0,0,0,0,0.00000,0.00000,0.00000,0.9412,3
13130310301,1,1,0,0,0.07617,0.00000,0.00000,0.8942,4
13130310401,0,0,0,0,0.00000,0.00000,0.00000,0.9787,2
13130410101,3,1,1,1,0.09492,0.08209,0.04198,0.9786,1
13130410201,2,1,1,0,0.07506,0.05275,0.00000,0.9290,4
13130410301,1,0,1,0,0.00000,0.05701,0.00000,0.9693,0
13130510101,2,1,1,0,0.07534,0.07569,0.00000,0.9245,4
13130510201,0,0,0,0,0.00000,0.00000,0.00000,0.9675,2
13130510301,0,0,0,0,0.00000,0.00000,0.00000,0.9436,4
13130510401,2,1,0,1,0.09026,0.00442,0.05275,0.9382,3
13130510501,1,1,0,0,0.05897,0.00000,0.00000,0.9347,4
13130610101,1,1,0,0,0.03373,0.00000,0.00000,0.9150,3
13130610102,3,1,1,1,0.15138,0.04358,0.05543,0.9788,1
13130610103,1,1,0,0,0.08395,0.00000,0.00000,0.9546,1
13130610104,1,1,0,0,0.12589,0.00000,0.00000,0.9818,1
13130610201,0,0,0,0,0.00662,0.00000,0.00000,0.9515,4
13130610301,1,1,0,0,0.11872,0.00000,0.00000,0.9371,3
13130710101,3,1,1,1,0.08257,0.05432,0.05734,0.9682,0
14010110101,2,1,1,0,0.13212,0.09339,0.00000,0.9872,0
14010110201,1,1,0,0,0.05701,0.00000,0.00000,0.9718,0
14010110301,1,1,0,0,0.03922,0.00000,0.00000,0.8292,5
14010210101,1,1,0,0,0.08551,0.00000,0.00000,0.9878,-2
14010210201,2,1,1,0,0.09589,0.07551,0.00000,0.9789,-2
14010210301,2,1,1,0,0.07126,0.07838,0.00000,0.9839,0
14010310101,0,0,0,0,0.00000,0.00000,0.00000,0.9837,-2
14010310201,1,1,0,0,0.12555,0.00000,0.00000,0.9407,0
14010310301,0,0,0,0,0.00000,0.00000,0.00236,0.9906,-1
14010310302,1,1,0,0,0.06593,0.00000,0.00000,0.8437,4
14010310303,0,0,0,0,0.00000,0.00000,0.00000,0.9855,-1
14010310401,1,1,0,0,0.10069,0.00000,0.00000,0.9763,-1
14010310402,0,0,0,0,0.00000,0.00000,0.00000,0.9825,0
14010310501,0,0,0,0,0.00000,0.00000,0.00000,0.9693,-1
14010310502,1,1,0,0,0.08150,0.00000,0.00000,0.9783,-1
14010310503,0,0,0,0,0.00000,0.00000,0.00000,0.9853,-2
14010310504,0,0,0,0,0.00000,0.00000,0.00000,0.9319,-1
14010310505,0,0,0,0,0.00000,0.00000,0.00000,0.9862,0
14010410101,1,1,0,0,0.08150,0.00000,0.00000,0.9753,0
14010510101,0,0,0,0,0.00000,0.00000,0.00000,0.9852,0
14010510201,1,0,0,1,0.00000,0.00000,0.09471,0.9861,-3
14010610101,0,0,0,0,0.00000,0.00000,0.00000,0.9787,-2
14010610201,0,0,0,0,0.00000,0.00000,0.00000,0.9829,-1
14010710101,1,1,0,0,0.08867,0.00000,0.00000,0.9884,-1
14010710201,1,1,0,0,0.04976,0.00000,0.00000,0.9856,-2
14010710202,1,1,0,0,0.05701,0.00000,0.00000,0.9878,0
14010810101,2,1,1,0,0.05227,0.04535,0.00000,0.8528,4
14010810201,2,1,1,0,0.11009,0.08945,0.00000,0.9784,-2
14010810301,3,1,1,1,0.05000,0.08511,0.11845,0.8430,4
14010910101,0,0,0,0,0.00000,0.00000,0.00000,0.9780,-1
14010910201,0,0,0,0,0.00000,0.00000,0.00000,0.9793,-2
14010910301,0,0,0,0,0.00000,0.00000,0.00000,0.9786,-2
14011010101,0,0,0,0,0.00000,0.00000,0.00000,0.9787,0
14011010201,0,0,0,0,0.00000,0.00000,0.00000,0.9891,0
14011010301,1,1,0,0,0.07947,0.00000,0.00000,0.9769,-1
14011010302,0,0,0,0,0.00000,0.00000,0.00000,0.9766,-1
14011110101,1,1,0,0,0.07311,0.00000,0.00000,0.7437,6
14011110201,1,1,0,0,0.11639,0.00000,0.00000,0.9878,-2
14011110301,1,1,0,0,0.10427,0.00000,0.00000,0.9818,-1
14011210101,0,0,0,0,0.00000,0.00000,0.00000,0.9871,0
14011210201,0,0,0,0,0.00000,0.00000,0.00000,0.9879,-2
14011210301,0,0,0,0,0.00000,0.00000,0.00000,0.9823,0
14011210401,0,0,0,0,0.00000,0.00000,0.00000,0.7595,5
14011210501,0,0,0,0,0.00000,0.00000,0.00000,0.9783,-1
14020110101,2,1,1,0,0.08040,0.04600,0.00000,0.9777,-3
14020110102,1,1,0,0,0.04989,0.00000,0.00000,0.8167,4
14020110201,2,1,1,0,0.10905,0.04196,0.00000,0.9798,0
14020110301,2,1,1,0,0.01116,0.01211,0.00000,0.9892,-2
14020210101,2,1,1,0,0.09951,0.07767,0.00000,0.9871,-2
14020210201,2,1,1,0,0.02188,0.04595,0.00000,0.8445,3
14020210202,1,1,0,0,0.06818,0.00000,0.00000,0.9862,-1
14020210301,2,1,1,0,0.02913,0.07692,0.00000,0.9633,0
140203010301,1,1,0,0,0.11442,0.00000,0.00000,0.9886,-1
14020310101,1,1,0,0,0.07606,0.00224,0.00000,0.9818,-2
14020310201,2,1,1,0,0.07264,0.01392,0.00000,0.9909,-1
14020410101,1,1,0,0,0.03944,0.00000,0.00000,0.9883,-2
14020410201,1,1,0,0,0.08585,0.00000,0.00000,0.9740,-2
14020410301,1,1,0,0,0.05085,0.00000,0.00000,0.9874,-3
14020410302,1,1,0,0,0.07243,0.00000,0.00000,0.9840,-2
14020510101,1,1,0,0,0.09790,0.00000,0.00000,0.9826,0
14020510102,0,0,0,0,0.00000,0.00000,0.00000,0.9818,-2
14020510103,1,1,0,0,0.07925,0.00000,0.00000,0.9821,-2
14020510201,1,1,0,0,0.13986,0.00000,0.00000,0.9776,0
14020510301,0,0,0,0,0.00000,0.00000,0.00000,0.9830,-1
14020510401,1,1,0,0,0.10956,0.00000,0.00000,0.9828,-1
14020510501,1,1,0,0,0.10673,0.00000,0.00000,0.9776,-1
14030110101,1,1,0,0,0.17371,0.00000,0.00000,0.9782,-1
14030110201,2,1,1,0,0.06806,0.07065,0.00000,0.9864,-1
14030210101,2,1,1,0,0.05430,0.07466,0.00000,0.9618,-2
14030210201,2,1,1,0,0.07107,0.12225,0.00000,0.9864,-2
14030310101,2,1,1,0,0.09955,0.06808,0.00000,0.9861,0
14030310201,3,1,1,1,0.12018,0.11565,0.10884,0.9556,-1
14030410101,1,1,0,0,0.11312,0.00000,0.00000,0.9880,-1
14030410201,1,1,0,0,0.01131,0.00905,0.00000,0.7842,5
14030510101,3,1,1,1,0.10860,0.09882,0.07014,0.9598,0
14030510201,0,0,0,0,0.00000,0.00000,0.00000,0.9752,0
14030510202,2,1,1,0,0.07329,0.06618,0.00000,0.9802,0
14030510301,2,1,1,0,0.04773,0.05682,0.00000,0.8870,4
14030610101,1,1,0,0,0.09859,0.00000,0.00000,0.9886,-2
14030610201,0,0,0,0,0.00000,0.00000,0.00000,0.8790,4
14030710101,1,1,0,0,0.06787,0.00000,0.00000,0.9739,-2
14030710201,0,0,0,0,0.00000,0.00000,0.00000,0.9757,-1
14030710301,1,1,0,0,0.10917,0.00000,0.00000,0.9749,-1
14030810101,3,1,1,1,0.03059,0.13176,0.10269,0.9750,-2
14030810102,2,1,1,0,0.05122,0.07824,0.00000,0.9748,-1
14030810201,1,1,0,0,0.04976,0.00000,0.00000,0.9867,-1
14030810202,1,1,0,0,0.06374,0.00000,0.00000,0.9814,-2
14030810203,1,1,0,0,0.10773,0.00000,0.00000,0.9768,0
14030810301,1,1,0,0,0.08471,0.00000,0.00000,0.9891,-2
14030810302,1,1,0,0,0.07529,0.00000,0.00000,0.9874,0
14030910101,3,1,1,1,0.05855,0.11737,0.07901,0.9824,-1
14030910201,2,1,1,0,0.04289,0.07449,0.00000,0.9804,0
14030910301,1,1,0,0,0.09024,0.00000,0.00000,0.9854,0
14030910401,1,1,0,0,0.12443,0.00000,0.00000,0.9816,-2
14040110101,1,0,0,1,0.00000,0.00000,0.06398,0.9753,0
14040210101,2,1,1,0,0.09479,0.08531,0.00000,0.9706,-1
14040310101,1,1,0,0,0.06383,0.00000,0.00000,0.9803,0
14040310201,1,1,0,0,0.10502,0.00000,0.00000,0.9805,0
14040310301,1,1,0,0,0.10352,0.00000,0.00000,0.9692,-1
14040410101,1,1,0,0,0.05838,0.00000,0.00000,0.9705,0
14040510101,2,1,1,0,0.05727,0.12357,0.00000,0.9891,-1
14040510102,2,1,1,0,0.09190,0.09847,0.00000,0.7825,4
14040510103,2,1,1,0,0.04235,0.05430,0.00000,0.7971,6
14040510104,0,0,0,0,0.00915,0.00000,0.00000,0.9754,-1
14040610101,1,1,0,0,0.09817,0.00000,0.00000,0.9834,0
14040610102,2,1,1,0,0.17536,0.08726,0.00000,0.9899,-1
14040610201,2,1,1,0,0.10731,0.13699,0.00000,0.9680,0
14040610202,2,1,1,0,0.17352,0.09132,0.00000,0.9692,-2
14040610203,2,1,1,0,0.12559,0.21053,0.00000,0.9826,-1
14040710101,3,1,1,1,0.08491,0.07614,0.01519,0.9772,-1
14040710201,2,1,1,0,0.08447,0.14218,0.00000,0.9757,-1
14040710202,2,1,1,0,0.12555,0.08389,0.00000,0.9736,-1
14040710203,2,1,1,0,0.06863,0.06373,0.00000,0.9870,0
14040810101,0,0,0,0,0.00709,0.00983,0.00000,0.9682,-1
14040810102,1,1,0,0,0.09655,0.00000,0.00000,0.9384,-2
14040910101,1,1,0,0,0.11213,0.00000,0.00000,0.9875,-1
14040910201,1,1,0,0,0.08621,0.00000,0.00000,0.9745,-1
14040910301,1,1,0,0,0.10664,0.00000,0.00000,0.9875,-2
14050110101,1,1,0,0,0.13093,0.00000,0.00000,0.9774,0
14050110201,3,1,1,1,0.12235,0.05623,0.06601,0.9892,-1
14050120101,2,1,1,0,0.10284,0.04176,0.00000,0.8538,4
14050120201,1,1,0,0,0.07512,0.00000,0.00000,0.9865,-2
14050210101,0,0,0,0,0.00000,0.00000,0.00000,0.9765,-1
14050210201,0,0,0,0,0.00000,0.00000,0.00000,0.9846,-1
14050220101,0,0,0,0,0.00000,0.00000,0.00000,0.9760,-2
14050220201,2,1,1,0,0.08096,0.10455,0.00000,0.8699,4
14050220301,1,1,0,0,0.08553,0.00000,0.00000,0.9681,3
14050310101,3,1,1,1,0.15837,0.14253,0.18337,0.9810,-1
14050310201,3,1,1,1,0.08685,0.10407,0.08000,0.9764,-2
14050310301,1,1,0,0,0.07174,0.00000,0.00000,0.9909,-2
14050320101,2,1,1,0,0.09029,0.07675,0.00000,0.9835,-2
14050320201,0,0,0,0,0.00000,0.00000,0.00000,0.9870,-1
14060110101,0,0,0,0,0.00000,0.00000,0.00000,0.9348,-2
14060110201,2,1,1,0,0.06374,0.08553,0.00000,0.9153,3
14060110202,1,1,0,0,0.10069,0.00000,0.00000,0.9886,0
14060210101,0,0,0,0,0.00000,0.00000,0.00000,0.9836,-1
14060210201,2,1,1,0,0.10811,0.08354,0.00000,0.9901,-2
14060210301,1,1,0,0,0.08830,0.00000,0.00000,0.9780,-1
14060210401,0,0,0,0,0.00000,0.00000,0.00000,0.9809,0
14060310101,2,1,1,0,0.08009,0.08238,0.00000,0.9855,-1
14060310201,2,1,1,0,0.08274,0.10165,0.00000,0.9919,-1
14060310301,3,1,1,1,0.06651,0.05963,0.06407,0.9798,0
14060410101,2,1,1,0,0.11468,0.10321,0.00000,0.9734,-2
14060510101,0,0,0,0,0.00000,0.00000,0.00000,0.9787,-2
14060510201,0,0,0,0,0.00000,0.00000,0.00000,0.9899,-2
14060510301,1,1,0,0,0.16422,0.00000,0.00000,0.9880,-1
14060610101,1,1,0,0,0.09190,0.00000,0.00000,0.8715,4
14060610201,1,1,0,0,0.12085,0.00000,0.00000,0.9907,0
14060610301,1,1,0,0,0.09716,0.00000,0.00000,0.9899,-2
14060610401,1,1,0,0,0.07062,0.00000,0.00000,0.9109,3
14060610402,1,1,0,0,0.09318,0.00000,0.00000,0.8634,4
14060710101,0,0,0,0,0.00000,0.00000,0.00000,0.9902,-1
14060810101,0,0,0,0,0.00000,0.00000,0.00000,0.9845,-2
14060810201,1,1,0,0,0.07780,0.00000,0.00000,0.9886,-2
14060810301,1,1,0,0,0.08219,0.00000,0.00000,0.9898,-1
14060910101,0,0,0,0,0.00000,0.00000,0.00000,0.9912,-2
14060910201,1,1,0,0,0.09713,0.00000,0.00000,0.9881,-2
14060910301,1,1,0,0,0.10926,0.00000,0.00000,0.9826,-3
14070110101,3,1,1,1,0.07346,0.05213,0.07583,0.9762,-1
14070110102,1,1,0,0,0.04566,0.00000,0.00000,0.9822,-2
14070110201,1,1,0,0,0.10689,0.00000,0.00000,0.9789,0
14070210101,0,0,0,0,0.00000,0.00000,0.00000,0.9808,0
14070210201,0,0,0,0,0.00000,0.00000,0.00000,0.9883,-2
14070210301,0,0,0,0,0.00000,0.00000,0.00000,0.9873,-1
14070310101,0,0,0,0,0.00000,0.00000,0.00000,0.9798,-2
14070410101,1,1,0,0,0.12128,0.00000,0.00000,0.9913,-2
14070410201,0,0,0,0,0.00000,0.00000,0.00000,0.9875,-1
14070410301,1,1,0,0,0.13216,0.00000,0.00000,0.9780,-1
14070510101,1,1,0,0,0.08811,0.00661,0.00917,0.9775,-1
14070510102,1,1,0,0,0.09456,0.00000,0.00000,0.9760,-1
14070510201,0,0,0,0,0.00000,0.00000,0.00000,0.9907,0
14070510301,1,1,0,0,0.07078,0.00000,0.00000,0.9795,0
14070510401,1,1,0,0,0.07862,0.00000,0.00000,0.9798,-1
14070510501,1,1,0,0,0.09264,0.00000,0.00000,0.9777,-2
14070510502,0,0,0,0,0.00000,0.00000,0.00000,0.9837,-2
14070510503,1,1,0,0,0.10427,0.00220,0.00000,0.9811,0
14070510504,1,1,0,0,0.08057,0.00000,0.00000,0.9772,-1
14070510601,0,0,0,0,0.00000,0.00000,0.00000,0.9924,-2
14070510602,1,1,0,0,0.05950,0.00000,0.00000,0.9805,-1
14070510603,2,1,1,0,0.12329,0.09589,0.00000,0.9793,-1
14070610101,0,0,0,0,0.00000,0.00000,0.00000,0.8254,5
14070610201,0,0,0,0,0.00000,0.00000,0.00000,0.9777,-1
14070710101,2,1,1,0,0.08531,0.08168,0.00000,0.9761,0
14070710201,2,1,1,0,0.12827,0.12589,0.00000,0.9729,0
14070710202,2,1,1,0,0.05531,0.07339,0.00000,0.9720,-2
14070710301,1,1,0,0,0.06176,0.00000,0.00000,0.9768,-1
14070810101,0,0,0,0,0.00000,0.00000,0.00000,0.9760,-2
14070810201,1,1,0,0,0.12352,0.00000,0.00000,0.9914,-1
14070810202,0,0,0,0,0.00662,0.00000,0.00000,0.9811,0
14070810301,1,1,0,0,0.13981,0.00000,0.00000,0.9859,-2
14070810401,1,1,0,0,0.05450,0.00000,0.00000,0.9866,-1
14070910101,2,1,1,0,0.03563,0.12100,0.00000,0.9828,-2
14070910201,0,0,0,0,0.00713,0.00000,0.00000,0.9803,-2
14070910301,1,1,0,0,0.10926,0.00000,0.00000,0.9788,-1
14080110101,1,1,0,0,0.08126,0.00000,0.00000,0.9730,-2
14080110201,2,1,1,0,0.05412,0.08941,0.00000,0.9759,-1
14080210101,1,1,0,0,0.06353,0.00000,0.00000,0.9850,0
14080210202,2,1,1,0,0.10329,0.12676,0.00000,0.9897,-1
14080310101,1,1,0,0,0.08451,0.00000,0.00000,0.9781,0
14080310201,0,0,0,0,0.00000,0.00000,0.00000,0.9738,-1
14080310301,1,1,0,0,0.04634,0.00000,0.00000,0.9835,0
14080410101,0,0,0,0,0.00000,0.00000,0.00000,0.9788,-2
14080510101,2,1,1,0,0.10407,0.09783,0.00000,0.9815,-2
14080510102,1,1,0,0,0.05634,0.00000,0.00000,0.9791,-1
14080610101,0,0,0,0,0.00000,0.00000,0.00000,0.9852,-2
14080610201,1,1,0,0,0.12984,0.00000,0.00000,0.9611,-1
14080610301,1,1,0,0,0.07294,0.00000,0.00000,0.9791,0
14080710101,1,1,0,0,0.08941,0.00000,0.00000,0.9894,-1
14080710201,1,1,0,0,0.04977,0.00000,0.00000,0.9834,-1
14080710301,1,1,0,0,0.09624,0.00000,0.00000,0.9898,-1
14080710302,0,0,0,0,0.00000,0.00000,0.00000,0.9891,-2
14080710303,2,1,1,0,0.08685,0.09390,0.00000,0.9864,-1
14080710304,1,1,0,0,0.15939,0.00000,0.00000,0.9860,0
14080710305,1,1,0,0,0.08261,0.00000,0.00000,0.9791,0
14080710401,1,1,0,0,0.10094,0.00000,0.00000,0.9787,0
14080710402,1,1,0,0,0.08844,0.00000,0.00000,0.9149,0
14080810101,0,0,0,0,0.00000,0.00000,0.00000,0.8890,4
14080810201,1,1,0,0,0.13176,0.00000,0.00000,0.9829,-2
14080810202,1,1,0,0,0.10488,0.00000,0.00000,0.9792,0
14080910101,0,0,0,0,0.00000,0.00000,0.00000,0.9771,-1
14080910201,1,1,0,0,0.09046,0.00000,0.00000,0.9845,-1
14080910301,0,0,0,0,0.00000,0.00000,0.00000,0.9914,-1
14080910401,1,1,0,0,0.07042,0.00000,0.00000,0.9761,0
14081010101,0,0,0,0,0.00000,0.00000,0.00000,0.9894,-1
14081010201,0,0,0,0,0.00000,0.00000,0.00000,0.9703,-2
14081010301,2,1,1,0,0.11899,0.17073,0.00000,0.9779,-2
14081010401,2,1,1,0,0.08235,0.02824,0.00000,0.9909,-1
14081010501,1,1,0,0,0.07981,0.00000,0.00000,0.9909,-1
14081110101,0,0,0,0,0.00000,0.00000,0.00000,0.9878,-2
14081110201,0,0,0,0,0.00000,0.00000,0.00000,0.9904,-2
1408210201,1,1,0,0,0.06103,0.00000,0.00000,0.9803,-2
14090110101,0,0,0,0,0.00000,0.00000,0.00000,0.7972,4
14090110102,0,0,0,0,0.00000,0.00000,0.00000,0.8749,4
14090110103,0,0,0,0,0.00000,0.00000,0.00000,0.7885,5
14090110104,0,0,0,0,0.00000,0.00000,0.00000,0.7969,5
14090110201,0,0,0,0,0.00000,0.00000,0.00000,0.7848,5
14090210101,3,1,1,1,0.02050,0.09091,0.06136,0.7966,4
14090210102,2,1,1,0,0.08791,0.06374,0.00000,0.7897,4
14090210201,1,1,0,0,0.08009,0.00000,0.00000,0.9642,0
14090210301,3,1,1,1,0.03070,0.04825,0.08315,0.8329,4
14090210401,2,1,1,0,0.04545,0.06591,0.00000,0.7587,6
14090310101,2,1,1,0,0.07745,0.06834,0.00000,0.8788,4
14090310201,0,0,0,0,0.00219,0.00000,0.00000,0.8022,5
14090310301,0,0,0,0,0.00000,0.00000,0.00000,0.8232,4
14090310302,0,0,0,0,0.00000,0.00000,0.00000,0.7013,5
14090310401,0,0,0,0,0.00000,0.00000,0.00000,0.7832,4
14090410101,1,1,0,0,0.04308,0.00000,0.00000,0.7206,6
14090410201,1,1,0,0,0.05689,0.00000,0.00000,0.7011,7
14090410301,1,1,0,0,0.05695,0.00000,0.00000,0.8291,4
14090510101,1,1,0,0,0.08636,0.00000,0.00000,0.7869,5
14090510201,0,0,0,0,0.00000,0.00000,0.00000,0.6777,5
14090510301,2,1,1,0,0.10503,0.08864,0.00000,0.8783,4
14100110101,1,1,0,0,0.06865,0.00000,0.00000,0.9761,-2
14100110201,3,1,1,1,0.13014,0.14570,0.12362,0.9815,0
14100110301,1,1,0,0,0.06404,0.00000,0.00000,0.9748,0
14100110401,2,1,1,0,0.11894,0.13303,0.00000,0.9793,0
14100110501,2,1,1,0,0.07339,0.07285,0.00000,0.9869,-1
14100210101,1,1,0,0,0.02268,0.00000,0.00000,0.8174,6
14100210102,1,1,0,0,0.11312,0.00000,0.00000,0.9777,-2
14100210201,2,1,1,0,0.08734,0.08515,0.00000,0.9806,0
14100210301,3,1,1,1,0.04930,0.07805,0.07765,0.9878,-1
14100310101,1,1,0,0,0.05882,0.00000,0.00000,0.9674,-1
14100310102,1,1,0,0,0.05634,0.00000,0.00000,0.9899,-2
14100410101,2,1,1,0,0.08163,0.12217,0.00000,0.9736,-2
14100510101,2,1,1,0,0.06829,0.05366,0.00000,0.9824,-1
14100510102,1,1,0,0,0.11565,0.00000,0.00000,0.9700,-2
14100510201,1,1,0,0,0.06824,0.00000,0.00000,0.9751,0
14100610101,0,0,0,0,0.00000,0.00000,0.00000,0.9885,-2
14100610102,1,1,0,0,0.10633,0.00000,0.00000,0.9793,-2
14100610201,1,1,0,0,0.10274,0.00000,0.00000,0.9838,-1
14100710101,1,1,0,0,0.09859,0.00000,0.00000,0.9797,-2
14100710201,1,1,0,0,0.11736,0.00000,0.00000,0.9896,-2
14100710301,1,1,0,0,0.10824,0.00000,0.00000,0.9666,0
14100710302,1,1,0,0,0.07294,0.00000,0.00000,0.9739,0
14100810101,1,1,0,0,0.17805,0.00000,0.00000,0.9845,-1
14100810201,0,0,0,0,0.00000,0.00000,0.00000,0.8665,4
14100810301,0,0,0,0,0.00000,0.00000,0.00000,0.7707,5
14110110101,1,1,0,0,0.08817,0.00000,0.00000,0.9901,-1
14110110102,2,1,1,0,0.13594,0.06452,0.00000,0.9801,-2
14110110201,3,1,1,1,0.08010,0.05128,0.06294,0.9585,0
14110210101,0,0,0,0,0.00000,0.00000,0.00000,0.9926,-2
14110210201,0,0,0,0,0.00000,0.00000,0.00000,0.9887,-1
14110210202,0,0,0,0,0.00000,0.00000,0.00000,0.9767,-2
14110210301,1,1,0,0,0.09739,0.00000,0.00000,0.9863,0
14110210302,1,1,0,0,0.08371,0.00000,0.00000,0.7938,5
14110210303,0,0,0,0,0.00000,0.00000,0.00000,0.8665,4
14110310101,1,1,0,0,0.09843,0.00000,0.00000,0.9900,-1
14110310201,1,1,0,0,0.21330,0.00000,0.00000,0.9657,-1
14110310202,1,1,0,0,0.13033,0.00000,0.00000,0.9831,0
14110410101,1,1,0,0,0.09977,0.00000,0.00000,0.9926,-1
14110410201,3,1,1,1,0.11369,0.09111,0.12000,0.9866,-1
14110510101,2,1,1,0,0.09598,0.10278,0.00000,0.9782,-1
14110510201,3,1,1,1,0.05357,0.08259,0.08475,0.9874,-2
14110510202,2,1,1,0,0.09255,0.06378,0.00000,0.9901,-1
14110510301,3,1,1,1,0.09592,0.05736,0.05463,0.9763,0
14110610101,1,1,0,0,0.11354,0.00000,0.00000,0.9849,-2
14110610102,1,1,0,0,0.08145,0.00000,0.00000,0.9814,0
14110610201,0,0,0,0,0.00000,0.00000,0.00000,0.9746,-1
14110610202,0,0,0,0,0.00000,0.00000,0.00000,0.9785,0
14110710101,1,1,0,0,0.06872,0.00000,0.00000,0.9921,-1
14110710201,0,0,0,0,0.00219,0.00000,0.00000,0.8312,4
14110710301,2,1,1,0,0.10417,0.06647,0.00000,0.8466,4
14110810101,1,1,0,0,0.05755,0.00000,0.00000,0.9775,-1
14110810102,1,1,0,0,0.10791,0.00000,0.00000,0.9903,-2
14110810201,0,0,0,0,0.00000,0.00000,0.00000,0.9781,-1
14110810301,1,1,0,0,0.08294,0.00000,0.00000,0.9830,-2
14110810401,1,1,0,0,0.10766,0.00000,0.00000,0.9827,-3
14110910101,1,1,0,0,0.06754,0.00000,0.00000,0.9904,-2
14110910201,1,1,0,0,0.05418,0.00000,0.00000,0.9822,-1
14110910301,1,1,0,0,0.10427,0.00000,0.00000,0.9906,0
14110910401,1,1,0,0,0.09953,0.00000,0.00000,0.9726,0
14111010101,1,1,0,0,0.08531,0.00000,0.00000,0.9828,-2
14111010201,1,1,0,0,0.12415,0.00000,0.00000,0.9797,0
14111010202,0,0,0,0,0.00000,0.00000,0.00000,0.9768,-1
14111010301,1,1,0,0,0.11845,0.00000,0.00000,0.9884,-2
14111010302,0,0,0,0,0.00000,0.00000,0.00000,0.9850,-2
14111110101,1,1,0,0,0.08061,0.00000,0.00000,0.9771,0
14111110102,0,0,0,0,0.00000,0.00000,0.00000,0.9880,-1
14111110201,2,1,1,0,0.02948,0.04535,0.00000,0.8249,5
14111110301,0,0,0,0,0.00000,0.00000,0.00000,0.9888,-2
14120110101,0,0,0,0,0.00000,0.00000,0.00000,0.9887,-1
14120110201,0,0,0,0,0.00000,0.00000,0.00229,0.9781,0
14120210101,0,0,0,0,0.00000,0.00000,0.00000,0.9713,-1
14120210102,0,0,0,0,0.00000,0.00000,0.00000,0.9781,0
14120210201,1,1,0,0,0.09840,0.00711,0.00000,0.9823,-1
14120210301,0,0,0,0,0.00000,0.00000,0.00000,0.9706,-2
14120210302,0,0,0,0,0.00000,0.00000,0.00000,0.9877,-1
14120210401,0,0,0,0,0.00000,0.00000,0.00000,0.7802,5
14120210402,0,0,0,0,0.00000,0.00000,0.00000,0.8013,5
14120210501,0,0,0,0,0.00000,0.00000,0.00000,0.9709,-2
14120210502,0,0,0,0,0.00000,0.00000,0.00000,0.9785,0
14120310101,1,1,0,0,0.03409,0.00000,0.00000,0.8663,4
14120410101,0,0,0,0,0.00246,0.00000,0.00000,0.9820,-1
14120410102,1,1,0,0,0.10427,0.00000,0.00000,0.9874,-2
14120410201,1,1,0,0,0.10731,0.00000,0.00000,0.9727,-1
14120410202,1,1,0,0,0.01663,0.00000,0.00000,0.9784,-1
14120410203,1,1,0,0,0.08889,0.00000,0.00000,0.8325,4
14120410204,1,1,0,0,0.02517,0.00686,0.00000,0.9749,0
14120410205,1,1,0,0,0.08884,0.00000,0.00000,0.9847,-1
14120410206,1,1,0,0,0.05677,0.00000,0.00000,0.7973,5
14120410301,0,0,0,0,0.00000,0.00000,0.00000,0.9836,0
14120410302,2,1,1,0,0.07973,0.04100,0.00000,0.8787,4
14120410303,1,1,0,0,0.08467,0.00000,0.00000,0.9811,0
14120510101,1,1,0,0,0.12530,0.00000,0.00000,0.9853,-2
14120510102,0,0,0,0,0.00000,0.00000,0.00000,0.9803,-1
14120610101,1,0,1,0,0.00883,0.01766,0.00000,0.9857,0
14120610201,0,0,0,0,0.00000,0.00000,0.00000,0.9862,0
14120610202,0,0,0,0,0.00000,0.00000,0.00000,0.9814,-2
14120710101,0,0,0,0,0.00000,0.00000,0.00000,0.9682,0
14120710102,1,1,0,0,0.12559,0.00000,0.00000,0.9846,-1
14120710103,1,1,0,0,0.12322,0.00000,0.00000,0.9883,-1
14120710104,1,1,0,0,0.09242,0.00000,0.00000,0.9838,-2
14120710105,1,1,0,0,0.06398,0.00000,0.00000,0.9843,-1
14120710106,1,1,0,0,0.09716,0.00000,0.00000,0.9840,-1
14120710201,1,1,0,0,0.10664,0.00000,0.00000,0.9859,-1
14120710202,2,1,1,0,0.09716,0.12559,0.00000,0.9886,0
14120710203,2,1,1,0,0.22038,0.09479,0.00000,0.9698,-1
14120810101,0,0,0,0,0.00000,0.00000,0.00000,0.8411,4
14120810102,0,0,0,0,0.00000,0.00000,0.00237,0.9754,-1
14120810201,1,1,0,0,0.08168,0.00000,0.00000,0.9848,-2
14120810202,1,1,0,0,0.03800,0.00000,0.00000,0.9687,0
14120810203,1,1,0,0,0.10755,0.00000,0.00000,0.9854,-1
14120810301,1,1,0,0,0.09633,0.00000,0.00000,0.9723,-2
14120810302,1,1,0,0,0.06888,0.00000,0.00000,0.9788,-1
14120810303,1,1,0,0,0.10526,0.00000,0.00000,0.9840,0
14120810304,1,1,0,0,0.07601,0.00000,0.00000,0.9706,1
14120810305,0,0,0,0,0.00474,0.00711,0.00000,0.9796,-2
14120910101,1,1,0,0,0.06865,0.00000,0.00000,0.9820,-1
14120910102,2,1,1,0,0.12128,0.07709,0.00000,0.9793,0
14120910103,1,1,0,0,0.11899,0.00000,0.00000,0.9569,-1
14120910104,1,1,0,0,0.11164,0.00473,0.00000,0.9827,0
14120910201,1,1,0,0,0.09934,0.00000,0.00000,0.9790,0
14120910202,1,1,0,0,0.07363,0.00000,0.00000,0.9874,-1
14120910203,1,1,0,0,0.20142,0.00000,0.00000,0.9780,-2
14121010101,0,0,0,0,0.00229,0.00000,0.00000,0.9832,-1
14121010201,0,0,0,0,0.00000,0.00000,0.00000,0.9713,-1
14121010202,0,0,0,0,0.00000,0.00000,0.00000,0.9708,0
14121010301,1,1,0,0,0.07489,0.00229,0.00000,0.9814,0
14121010302,1,0,1,0,0.00220,0.01322,0.00000,0.9706,-2
14130110101,1,1,0,0,0.09790,0.00000,0.00000,0.9818,0
14130110102,1,1,0,0,0.05828,0.00000,0.00000,0.9906,-1
14130110201,1,1,0,0,0.07595,0.00000,0.00000,0.8806,4
14130110301,1,1,0,0,0.09722,0.00000,0.00000,0.9907,-2
14130110401,1,1,0,0,0.06742,0.00000,0.00000,0.9459,0
14130210101,1,1,0,0,0.09375,0.00000,0.00000,0.9870,-2
14130210201,2,1,1,0,0.04640,0.05324,0.00000,0.9752,-2
14130310101,0,0,0,0,0.00000,0.00000,0.00000,0.9820,-1
14130310201,0,0,0,0,0.00000,0.00000,0.00000,0.9891,-1
14130410101,0,0,0,0,0.00000,0.00000,0.00000,0.9790,-1
14130410201,1,1,0,0,0.06265,0.00000,0.00000,0.9677,0
14130510101,3,1,1,1,0.06784,0.04116,0.04358,0.9902,-2
14130510201,3,1,1,1,0.08981,0.07524,0.09557,0.9793,-1
14130510202,0,0,0,0,0.00000,0.00000,0.00000,0.9170,3
14130610101,1,1,0,0,0.11601,0.00000,0.00000,0.9734,-2
14130610102,1,1,0,0,0.06032,0.00000,0.00000,0.9788,0
14130710101,1,1,0,0,0.11137,0.00000,0.00000,0.9665,-1
14130710102,1,1,0,0,0.03132,0.00000,0.00000,0.9809,-1
14130710201,1,1,0,0,0.07572,0.00000,0.00000,0.9855,0
14130710301,1,1,0,0,0.11384,0.00000,0.00000,0.9894,-1
14130710401,1,1,0,0,0.06527,0.00000,0.00000,0.9821,-1
14130710402,1,1,0,0,0.10680,0.00000,0.00000,0.9754,0
14130710403,2,1,1,0,0.11655,0.09598,0.00000,0.9807,0
14130710404,3,1,1,1,0.03163,0.02184,0.04206,0.9681,-1
14130710501,0,0,0,0,0.00447,0.00000,0.00000,0.9866,-1
14130710601,1,0,1,0,0.00223,0.05800,0.00000,0.9905,-1
14140110101,2,1,1,0,0.05621,0.07260,0.00000,0.9695,0
14140110201,0,0,0,0,0.00235,0.00226,0.00000,0.9872,0
14140110301,1,1,0,0,0.02582,0.00000,0.00000,0.9838,-1
14140110401,1,1,0,0,0.04515,0.00000,0.00000,0.9893,-1
14140210101,1,1,0,0,0.08274,0.00000,0.00000,0.9873,-2
14140210201,1,1,0,0,0.07805,0.00244,0.00000,0.9766,0
14140210301,3,1,1,1,0.11565,0.09434,0.07765,0.9618,-1
14140210401,1,1,0,0,0.09512,0.00000,0.00000,0.9834,-1
14140210501,1,1,0,0,0.06557,0.00000,0.00000,0.9858,-1
14140310101,0,0,0,0,0.00000,0.00000,0.00000,0.9831,-1
14140310201,1,1,0,0,0.06803,0.00000,0.00000,0.8115,5
14140310301,2,1,1,0,0.07090,0.08313,0.00000,0.8703,4
14140310401,1,1,0,0,0.06588,0.00227,0.00227,0.9791,-2
14140410101,1,1,0,0,0.10860,0.00000,0.00000,0.9901,-2
14140410201,2,1,1,0,0.09783,0.13850,0.00000,0.9844,0
14140410301,1,1,0,0,0.08578,0.00000,0.00000,0.9768,0
14140410401,1,1,0,0,0.10633,0.00000,0.00000,0.9729,0
14140510101,1,1,0,0,0.11475,0.00234,0.00903,0.9825,0
14140510102,1,1,0,0,0.08537,0.00000,0.00000,0.9839,0
14140510103,2,1,1,0,0.07260,0.14898,0.00000,0.9758,-2
14140510201,0,0,0,0,0.00713,0.00000,0.00000,0.9878,-2
14140510301,1,1,0,0,0.13033,0.00000,0.00000,0.9809,-2
14140510401,1,1,0,0,0.05727,0.00000,0.00000,0.9801,-1
14140510501,1,1,0,0,0.10565,0.00000,0.00000,0.9821,0
14140510601,1,1,0,0,0.04739,0.00000,0.00000,0.9741,0
14140610101,2,1,1,0,0.07534,0.06147,0.00000,0.9856,-1
14140610201,2,1,1,0,0.11639,0.09026,0.00000,0.9744,-2
14140610301,1,1,0,0,0.04976,0.00000,0.00000,0.9786,-1
14140610302,1,1,0,0,0.09137,0.00000,0.00000,0.9880,-1
14140610401,1,1,0,0,0.09155,0.00000,0.00000,0.9868,-1
14140610402,3,1,1,1,0.07042,0.07746,0.14118,0.9733,-1
14140710101,1,1,0,0,0.08371,0.00000,0.00000,0.9709,-1
14140710102,2,1,1,0,0.17421,0.10633,0.00000,0.9794,0
14140710103,2,1,1,0,0.06792,0.11737,0.00000,0.9754,0
14140710104,1,1,0,0,0.10407,0.00000,0.00000,0.9899,-2
15010110101,1,1,0,0,0.08333,0.00000,0.00000,0.9710,1
15010110201,1,1,0,0,0.08173,0.00000,0.00000,0.9633,-1
15010110202,2,1,1,0,0.12141,0.08811,0.00000,0.9740,0
15010110301,0,0,0,0,0.00000,0.00000,0.00231,0.9633,0
15010110401,1,1,0,0,0.06834,0.00000,0.00000,0.9757,2
15010110402,1,1,0,0,0.06921,0.00000,0.00000,0.9775,1
15010110403,0,0,0,0,0.00231,0.00000,0.00220,0.9815,2
15010210101,1,1,0,0,0.11454,0.00000,0.00000,0.9677,0
15010210102,0,0,0,0,0.00000,0.00000,0.00445,0.9509,2
15010210201,1,1,0,0,0.10791,0.00000,0.00000,0.9551,2
15010210202,0,0,0,0,0.00000,0.00000,0.00000,0.9685,0
15010310101,1,1,0,0,0.09353,0.00000,0.00000,0.9759,1
15010310102,1,1,0,0,0.07745,0.00629,0.00000,0.9661,1
15010310201,1,1,0,0,0.10615,0.00000,0.00000,0.9587,2
15010310301,1,1,0,0,0.09112,0.00000,0.00000,0.9654,-1
15010310302,1,1,0,0,0.12009,0.00000,0.00000,0.9781,0
15010310401,1,1,0,0,0.11724,0.00000,0.00000,0.9723,0
15010310402,0,0,0,0,0.00000,0.00000,0.00000,0.9694,-1
15010310502,1,1,0,0,0.16346,0.00000,0.00000,0.9713,0
15010410101,1,1,0,0,0.13596,0.00000,0.00000,0.9747,2
15010410102,1,1,0,0,0.09692,0.00000,0.00000,0.9676,0
15010410103,0,0,0,0,0.00000,0.00000,0.00000,0.9729,-1
15010510101,0,0,0,0,0.00000,0.00000,0.00000,0.9696,2
15010510201,0,0,0,0,0.00000,0.00220,0.00000,0.9703,1
15020110101,1,1,0,0,0.07930,0.00000,0.00000,0.9775,1
15020110102,1,1,0,0,0.05995,0.00000,0.00000,0.9696,2
15020110201,0,0,0,0,0.00000,0.00000,0.00000,0.9495,1
15020110301,1,1,0,0,0.05450,0.00000,0.00000,0.9565,3
15020110401,1,1,0,0,0.07852,0.00000,0.00000,0.9643,0
15020110402,1,1,0,0,0.01750,0.00000,0.00000,0.9730,2
15020110403,0,0,0,0,0.00000,0.00000,0.00229,0.9337,-1
15020110501,1,1,0,0,0.04348,0.00000,0.00000,0.9374,-4
15020110502,1,1,0,0,0.07160,0.00000,0.00000,0.8817,5
15020210101,1,1,0,0,0.08168,0.00000,0.00000,0.9735,0
15020310101,1,1,0,0,0.08115,0.00000,0.00000,0.9831,0
15020310201,1,1,0,0,0.05721,0.00000,0.00000,0.9554,0
15020310301,1,1,0,0,0.02516,0.00220,0.00000,0.9354,0
15020310401,1,1,0,0,0.11506,0.00000,0.00000,0.9039,2
15020310501,1,1,0,0,0.10352,0.00000,0.00000,0.9094,5
15020310502,1,1,0,0,0.11013,0.00000,0.00000,0.9574,0
15020310601,1,1,0,0,0.05695,0.00000,0.00000,0.9077,2
15020410101,1,1,0,0,0.05093,0.00000,0.00000,0.9610,2
15020410201,2,1,1,0,0.08592,0.07306,0.00000,0.9345,-1
15020410301,1,1,0,0,0.07914,0.00000,0.00000,0.9661,0
15020410401,2,1,1,0,0.09934,0.07780,0.00000,0.9563,0
15020410402,2,1,1,0,0.08924,0.08924,0.00000,0.9531,2
15020420101,2,1,1,0,0.05312,0.07930,0.00000,0.9752,1
15020420102,1,1,0,0,0.05476,0.00000,0.00000,0.9010,4
15030110101,1,1,0,0,0.06378,0.00000,0.00000,0.9332,2
15030110201,1,1,0,0,0.08150,0.00000,0.00000,0.9770,0
15030110202,2,1,1,0,0.06865,0.08545,0.00000,0.9640,0
15030110203,1,1,0,0,0.02428,0.00000,0.00000,0.9655,2
15030110204,0,0,0,0,0.00000,0.00000,0.00000,0.9123,2
15030110301,0,0,0,0,0.00000,0.00000,0.00000,0.9621,1
15030110302,1,1,0,0,0.11316,0.00000,0.00000,0.9603,0
15030110303,1,1,0,0,0.05386,0.00000,0.00000,0.9425,2
15030110401,2,1,1,0,0.04415,0.06402,0.00000,0.9344,3
15030110402,1,1,0,0,0.14885,0.00000,0.00000,0.9575,2
15030110403,1,1,0,0,0.13189,0.00000,0.00000,0.9770,1
15030110404,1,1,0,0,0.13216,0.00000,0.00000,0.9250,3
15030110501,1,1,0,0,0.05516,0.00000,0.00000,0.9755,0
15030210101,2,1,1,0,0.08506,0.05081,0.00000,0.9330,-1
15030210102,3,1,1,1,0.05312,0.04157,0.10667,0.9362,1
15030310101,1,1,0,0,0.04386,0.00000,0.00000,0.9078,3
15030310201,3,1,1,1,0.07895,0.09382,0.10307,0.9110,4
15030310202,1,1,0,0,0.17321,0.00000,0.00000,0.9611,1
15030310203,2,1,1,0,0.07390,0.07159,0.00000,0.9163,0
15030410101,0,0,0,0,0.00000,0.00000,0.00000,0.9076,3
15030410102,1,1,0,0,0.08924,0.00000,0.00000,0.9717,1
15030410301,1,1,0,0,0.08159,0.00000,0.00000,0.8888,4
15030510101,2,1,1,0,0.04728,0.02128,0.00000,0.9773,0
15030510201,1,1,0,0,0.12996,0.00000,0.00000,0.9599,2
15030610101,0,0,0,0,0.00000,0.00000,0.00000,0.9705,1
15030610201,1,1,0,0,0.04415,0.00000,0.00000,0.9748,1
15030610202,0,0,0,0,0.00000,0.00000,0.00000,0.9773,0
15030610203,0,0,0,0,0.00000,0.00000,0.00000,0.9433,2
15030610204,0,0,0,0,0.00217,0.00000,0.00434,0.9087,3
15040110101,0,0,0,0,0.00000,0.00000,0.00000,0.9668,2
15040110201,1,1,0,0,0.04918,0.00000,0.00000,0.9723,2
15040210101,1,1,0,0,0.02643,0.00000,0.00000,0.9325,1
15040210201,0,0,0,0,0.00000,0.00000,0.00000,0.9770,0
15040310101,0,0,0,0,0.00000,0.00000,0.00000,0.9335,0
15040310201,0,0,0,0,0.00000,0.00000,0.00000,0.9180,3
15040410101,1,0,1,0,0.00481,0.01149,0.00481,0.9035,5
15040410201,0,0,0,0,0.00000,0.00000,0.00000,0.9764,1
15040410202,1,1,0,0,0.12385,0.00000,0.00000,0.9617,1
15040410301,0,0,0,0,0.00000,0.00000,0.00000,0.9706,2
15040510101,0,0,0,0,0.00000,0.00228,0.00000,0.8730,3
15040510102,1,1,0,0,0.05066,0.00000,0.00000,0.9132,3
15040510201,0,0,0,0,0.00000,0.00000,0.00000,0.9059,1
15040510202,1,1,0,0,0.09272,0.00000,0.00000,0.9758,1
15040510301,1,1,0,0,0.07285,0.00000,0.00000,0.9802,0
15040510302,1,1,0,0,0.01205,0.01003,0.00752,0.9746,1
15040610101,1,1,0,0,0.09398,0.00000,0.00000,0.9171,1
15040610201,1,1,0,0,0.04846,0.00000,0.00000,0.9156,1
15050110101,1,1,0,0,0.12385,0.00000,0.00000,0.9232,-1
15050110102,1,1,0,0,0.05263,0.00000,0.00000,0.9151,-1
15050110103,1,1,0,0,0.07506,0.00000,0.00000,0.9033,3
15050110201,0,0,0,0,0.00000,0.00000,0.00000,0.9801,2
15050110202,1,1,0,0,0.04555,0.00000,0.00000,0.8826,3
15050310101,0,0,0,0,0.00000,0.00000,0.00000,0.9680,1
15050310102,1,1,0,0,0.08115,0.00239,0.00000,0.8995,2
15050310103,0,0,0,0,0.00000,0.00000,0.00000,0.9034,2
15050310201,1,1,0,0,0.11983,0.00000,0.00000,0.9718,3
15050310202,0,0,0,0,0.00000,0.00000,0.00000,0.9719,0
15050410101,1,1,0,0,0.07434,0.00000,0.00000,0.9430,1
15050410102,1,1,0,0,0.14880,0.00000,0.00000,0.8911,4
15050410201,0,0,0,0,0.00000,0.00000,0.00000,0.9281,1
15050410202,1,1,0,0,0.02832,0.00000,0.00000,0.9601,-2
15050410301,1,1,0,0,0.05950,0.00000,0.00000,0.9557,2
15050410302,1,1,0,0,0.04077,0.00000,0.00231,0.9194,2
15050510101,0,0,0,0,0.00000,0.00000,0.00000,0.9079,1
15050510102,1,1,0,0,0.05263,0.00220,0.00000,0.9381,0
15050510103,0,0,0,0,0.00000,0.00000,0.00000,0.9503,0
15050610101,1,1,0,0,0.08467,0.00000,0.00000,0.9775,0
15050610201,0,0,0,0,0.00000,0.00000,0.00231,0.9792,2
15050710101,0,0,0,0,0.00000,0.00000,0.00000,0.9750,0
15050710102,1,1,0,0,0.16465,0.00000,0.00000,0.9614,2
15050710201,0,0,0,0,0.00000,0.00000,0.00000,0.8922,3
15050710202,0,0,0,0,0.00000,0.00000,0.00000,0.9312,2
15050710301,0,0,0,0,0.00000,0.00000,0.00000,0.9709,2
15050710302,0,0,0,0,0.00000,0.00000,0.00000,0.9469,2
15050710303,0,0,0,0,0.00000,0.00000,0.00000,0.9702,3
15050810101,1,1,0,0,0.10855,0.00000,0.00000,0.9709,0
15050810102,1,1,0,0,0.08686,0.00000,0.00000,0.9808,1
15050910101,1,1,0,0,0.10312,0.00000,0.00000,0.9338,0
15051010101,1,1,0,0,0.06360,0.00000,0.00000,0.8959,4
15051010102,1,1,0,0,0.04388,0.00000,0.00000,0.9743,1
15060110101,1,1,0,0,0.10069,0.00000,0.00000,0.9725,1
15060110102,0,0,0,0,0.00000,0.00000,0.00000,0.9658,0
15060110201,0,0,0,0,0.00000,0.00000,0.00000,0.9637,1
15060110202,1,1,0,0,0.11233,0.00000,0.00000,0.9679,1
15060110301,0,0,0,0,0.00000,0.00000,0.00000,0.9737,1
15060110302,0,0,0,0,0.00000,0.00000,0.00000,0.9705,1
15060210101,0,0,0,0,0.00000,0.00000,0.00000,0.9673,0
15060310101,1,1,0,0,0.12115,0.00000,0.00000,0.9716,1
15060310102,0,0,0,0,0.00000,0.00000,0.00000,0.9651,-1
15060310103,0,0,0,0,0.00000,0.00000,0.00000,0.9746,0
15060320101,1,1,0,0,0.15859,0.00000,0.00000,0.9757,2
15060320102,1,1,0,0,0.07048,0.00000,0.00000,0.9708,0
15060410101,2,1,1,0,0.09700,0.09700,0.00000,0.9667,0
15060410201,3,1,1,1,0.12281,0.13180,0.08114,0.9628,1
15070110101,0,0,0,0,0.00241,0.00000,0.00000,0.9742,1
15070110201,0,0,0,0,0.00000,0.00000,0.00000,0.9619,5
15070210101,0,0,0,0,0.00000,0.00000,0.00000,0.9765,1
15070210201,0,0,0,0,0.00000,0.00000,0.00000,0.9516,0
15070310101,0,0,0,0,0.00000,0.00000,0.00000,0.9699,0
15070310201,0,0,0,0,0.00000,0.00000,0.00000,0.9082,4
15070310301,0,0,0,0,0.00000,0.00000,0.00000,0.9194,3
15070410101,0,0,0,0,0.00000,0.00000,0.00000,0.9625,2
15070410201,0,0,0,0,0.00000,0.00000,0.00000,0.9718,0
15070410301,0,0,0,0,0.00000,0.00000,0.00000,0.9725,0
15070410302,0,0,0,0,0.00000,0.00000,0.00000,0.9680,2
15070410401,0,0,0,0,0.00000,0.00000,0.00000,0.8904,4
15070410402,0,0,0,0,0.00000,0.00000,0.00000,0.9095,3
15070410403,1,1,0,0,0.07048,0.00000,0.00000,0.9673,0
15070410501,0,0,0,0,0.00000,0.00000,0.00000,0.9577,0
15070410601,0,0,0,0,0.00000,0.00000,0.00000,0.9287,0
15070410602,0,0,0,0,0.00000,0.00000,0.00000,0.9674,5
15070410701,0,0,0,0,0.00000,0.00000,0.00000,0.9759,0
15070410702,0,0,0,0,0.00000,0.00000,0.00000,0.9558,0
15070410703,0,0,0,0,0.00000,0.00000,0.00000,0.8578,5
15070510101,0,0,0,0,0.00000,0.00000,0.00000,0.8785,2
15070510102,1,1,0,0,0.10979,0.00000,0.00000,0.9106,2
15070510103,0,0,0,0,0.00000,0.00000,0.00000,0.8956,2
15070510201,0,0,0,0,0.00000,0.00000,0.00229,0.9305,0
15070510301,0,0,0,0,0.00000,0.00000,0.00000,0.9565,2
15070510302,1,1,0,0,0.05492,0.00000,0.00000,0.9337,0
15070510401,0,0,0,0,0.00000,0.00000,0.00000,0.9727,3
15080110101,0,0,0,0,0.00000,0.00000,0.00000,0.9666,2
15080110201,1,1,0,0,0.02050,0.00837,0.00000,0.8945,3
15080210101,1,1,0,0,0.05950,0.00000,0.00000,0.9419,2
15080210201,1,1,0,0,0.05517,0.00000,0.00000,0.9284,2
15080210301,1,1,0,0,0.10273,0.00000,0.00000,0.9490,2
15080210401,2,1,1,0,0.08811,0.07709,0.00000,0.8843,3
15080210501,1,1,0,0,0.06150,0.00000,0.00000,0.8998,4
15080310101,2,1,1,0,0.10596,0.09492,0.00000,0.9211,0
15080310201,1,1,0,0,0.04626,0.00000,0.00000,0.9325,1
15080310202,1,1,0,0,0.06178,0.00000,0.00000,0.9795,1
15080310301,1,1,0,0,0.11530,0.00000,0.00000,0.9693,1
15080410101,2,1,1,0,0.05286,0.03744,0.00000,0.9532,2
15080410102,1,1,0,0,0.14628,0.00000,0.00000,0.9793,1
15080510101,0,0,0,0,0.00000,0.00000,0.00000,0.9700,1
15080510102,1,1,0,0,0.04577,0.00000,0.00000,0.9665,1
15080510103,1,1,0,0,0.14787,0.00995,0.00000,0.9164,1
15080510201,1,1,0,0,0.05507,0.00000,0.00000,0.9101,4
15080610101,1,1,0,0,0.07780,0.00000,0.00000,0.9626,1
15080610201,1,1,0,0,0.09251,0.00000,0.00000,0.9673,1
15080610301,1,1,0,0,0.04861,0.00000,0.00000,0.9182,2
15090110101,1,1,0,0,0.14088,0.00000,0.00000,0.9775,1
15090110201,1,1,0,0,0.07434,0.00000,0.00000,0.9788,-1
15090110202,1,1,0,0,0.05721,0.00000,0.00000,0.9645,1
15090110301,0,0,0,0,0.00000,0.00000,0.00000,0.9660,-1
15090210101,1,1,0,0,0.10115,0.00000,0.00000,0.9692,0
15090210102,1,1,0,0,0.12240,0.00000,0.00000,0.9543,1
15090210103,1,1,0,0,0.01322,0.00000,0.00000,0.9610,1
15090220101,1,1,0,0,0.02288,0.00000,0.00000,0.9700,0
15090220201,1,1,0,0,0.03524,0.00229,0.00000,0.9717,0
15090310101,0,0,0,0,0.00000,0.00000,0.00000,0.9758,-1
15090310201,1,1,0,0,0.12874,0.00000,0.00000,0.9675,1
15090310301,0,0,0,0,0.00000,0.00000,0.00000,0.9608,-1
15090320101,1,1,0,0,0.14797,0.00000,0.00000,0.9727,1
15090320201,1,1,0,0,0.06636,0.00000,0.00000,0.9626,2
15090320301,0,0,0,0,0.00000,0.00000,0.00000,0.9663,0
15100110101,1,1,0,0,0.06733,0.00000,0.00000,0.9562,0
15100120101,1,1,0,0,0.20046,0.00000,0.00000,0.9712,2
15100130101,1,1,0,0,0.05800,0.00000,0.00000,0.9780,2
15100210101,1,1,0,0,0.12649,0.00000,0.00000,0.9620,1
15100210201,0,0,0,0,0.00000,0.00000,0.00000,0.9678,1
15100220101,1,1,0,0,0.07551,0.00000,0.00000,0.9688,2
15100220201,0,0,0,0,0.00000,0.00000,0.00000,0.9724,1
15110110101,1,1,0,0,0.07489,0.00000,0.00000,0.9605,1
15110110201,1,1,0,0,0.09251,0.00000,0.00000,0.9630,1
15110210101,0,0,0,0,0.00000,0.00000,0.00000,0.9659,-1
15110210201,0,0,0,0,0.00000,0.00000,0.00000,0.9734,1
15110310101,1,1,0,0,0.07126,0.00000,0.00000,0.9579,0
15110310201,0,0,0,0,0.00000,0.00000,0.00000,0.9663,1
15110310301,1,1,0,0,0.09195,0.00439,0.00439,0.9797,2
15110410101,1,1,0,0,0.18640,0.00000,0.00000,0.9676,0
15110410201,0,0,0,0,0.00000,0.00000,0.00000,0.9652,0
15110410203,0,0,0,0,0.00000,0.00219,0.00000,0.9764,2
15110510101,1,1,0,0,0.08696,0.00000,0.00000,0.9791,-1
15110510201,1,1,0,0,0.06467,0.00000,0.00000,0.9524,2
15110610101,0,0,0,0,0.00000,0.00000,0.00000,0.9779,1
15120110101,2,1,1,0,0.05950,0.03218,0.00480,0.9517,0
15120110102,2,1,1,0,0.08811,0.07323,0.00000,0.9620,1
15120110103,1,1,0,0,0.04119,0.00240,0.00000,0.9539,2
15120110201,0,0,0,0,0.00000,0.00000,0.00000,0.9705,1
15120110202,1,1,0,0,0.06865,0.00000,0.00000,0.9773,1
15120110203,1,1,0,0,0.12471,0.00000,0.00000,0.9744,0
15120110204,0,0,0,0,0.00000,0.00000,0.00252,0.9605,-1
15120110301,1,1,0,0,0.10352,0.00000,0.00000,0.9711,2
15120110302,0,0,0,0,0.00000,0.00000,0.00000,0.9617,3
15120110303,1,1,0,0,0.09856,0.00000,0.00000,0.9636,1
15120110401,1,1,0,0,0.06122,0.00000,0.00000,0.9655,3
15120110402,1,1,0,0,0.07843,0.00000,0.00000,0.9676,0
15120110403,1,1,0,0,0.09785,0.00000,0.00000,0.9667,1
15120110404,1,1,0,0,0.12009,0.00000,0.00000,0.9767,1
15120110501,3,1,1,1,0.12136,0.09709,0.05097,0.6128,-1
15120110502,1,1,0,0,0.09153,0.00000,0.00000,0.9705,0
15120110601,0,0,0,0,0.00000,0.00000,0.00000,0.9606,1
15120110602,1,1,0,0,0.07094,0.00000,0.00000,0.9719,2
15120110603,0,0,0,0,0.00000,0.00000,0.00000,0.9703,-1
15120210101,0,0,0,0,0.00000,0.00000,0.00000,0.8866,4
15120210201,1,1,0,0,0.12357,0.00000,0.00000,0.9767,1
15120310101,0,0,0,0,0.00000,0.00000,0.00000,0.9824,1
15120310102,0,0,0,0,0.00000,0.00000,0.00000,0.9742,1
15120410101,1,1,0,0,0.03965,0.00000,0.00000,0.9581,1
15120410201,0,0,0,0,0.00000,0.00000,0.00000,0.9721,-1
15120510101,1,1,0,0,0.11038,0.00000,0.00000,0.9743,2
15120510102,2,1,1,0,0.07094,0.05543,0.00000,0.9642,1
15120510103,1,1,0,0,0.10755,0.00000,0.00000,0.9718,-1
15120510104,1,1,0,0,0.10251,0.00000,0.00000,0.9687,0
15120510201,2,1,1,0,0.02398,0.02746,0.00000,0.9749,0
15120510202,1,1,0,0,0.07092,0.00000,0.00000,0.9436,3
15120510203,0,0,0,0,0.00000,0.00000,0.00000,0.9636,-1
15120510204,0,0,0,0,0.00000,0.00000,0.00000,0.9684,1
15120510205,0,0,0,0,0.00000,0.00000,0.00000,0.9464,3
15120510301,0,0,0,0,0.00000,0.00000,0.00000,0.9742,0
15120510302,0,0,0,0,0.00000,0.00000,0.00000,0.9579,0
15120610101,1,1,0,0,0.17181,0.00228,0.00000,0.9742,1
15120610102,0,0,0,0,0.00000,0.00000,0.00000,0.9059,2
15120610103,0,0,0,0,0.00000,0.00000,0.00000,0.9752,0
15120610104,0,0,0,0,0.00000,0.00000,0.00000,0.9745,0
15120610105,0,0,0,0,0.00000,0.00000,0.00000,0.9704,-1
15120610201,1,1,0,0,0.09912,0.00000,0.00000,0.9798,-1
15120610202,1,1,0,0,0.04677,0.00000,0.00000,0.9724,1
15120610203,1,1,0,0,0.13175,0.00000,0.00000,0.9447,3
15120610301,0,0,0,0,0.00000,0.00000,0.00000,0.9647,1
15120610302,1,1,0,0,0.05172,0.00000,0.00000,0.9463,4
15120610303,0,0,0,0,0.00000,0.00000,0.00000,0.9752,2
15120610304,0,0,0,0,0.00000,0.00000,0.00000,0.9607,1
15120610401,1,1,0,0,0.08428,0.00000,0.00000,0.9687,2
15120610402,2,1,1,0,0.09238,0.07269,0.00000,0.9200,1
15120710101,1,1,0,0,0.03645,0.00219,0.00000,0.9634,0
15120710102,0,0,0,0,0.00241,0.00000,0.00000,0.9349,0
15120710103,0,0,0,0,0.00000,0.00000,0.00000,0.9642,1
15120710104,0,0,0,0,0.00000,0.00000,0.00000,0.9535,2
15120710105,1,1,0,0,0.10307,0.00000,0.00000,0.9597,2
15120710106,1,1,0,0,0.08553,0.00000,0.00000,0.9036,4
15120710107,0,0,0,0,0.00000,0.00000,0.00000,0.9719,-1
15120810101,1,1,0,0,0.05489,0.00000,0.00000,0.9660,-1
15120810102,0,0,0,0,0.00000,0.00000,0.00000,0.9669,1
15120810103,0,0,0,0,0.00000,0.00000,0.00000,0.9586,1
15120810201,0,0,0,0,0.00000,0.00000,0.00000,0.9732,1
15120810202,0,0,0,0,0.00000,0.00000,0.00000,0.9678,1
15120910101,1,1,0,0,0.10023,0.00000,0.00000,0.9803,0
15120910102,0,0,0,0,0.00000,0.00000,0.00000,0.9658,1
15120910103,2,1,1,0,0.03926,0.09031,0.00000,0.9659,1
15120910201,1,1,0,0,0.15704,0.00000,0.00000,0.9602,0
15120910202,1,1,0,0,0.08776,0.00000,0.00000,0.9512,0
15121010101,2,1,1,0,0.04119,0.06536,0.00000,0.9774,2
15121010201,1,1,0,0,0.11316,0.00000,0.00000,0.9651,1
15121010202,0,0,0,0,0.00000,0.00000,0.00000,0.9760,2
15121010203,1,1,0,0,0.10573,0.00000,0.00000,0.9711,1
15121010204,0,0,0,0,0.00000,0.00000,0.00000,0.9668,0
15121010205,1,1,0,0,0.04157,0.00000,0.00000,0.9661,2
15121010301,0,0,0,0,0.00000,0.00000,0.00000,0.9785,0
15121010401,0,0,0,0,0.00000,0.00000,0.00000,0.9625,2
15121110101,0,0,0,0,0.00000,0.00000,0.00000,0.9740,0
15121110201,0,0,0,0,0.00000,0.00000,0.00000,0.9719,0
15121110301,1,1,0,0,0.07966,0.00000,0.00000,0.9746,1
15121110401,0,0,0,0,0.00000,0.00000,0.00000,0.9679,3
15121210101,2,1,1,0,0.07390,0.14088,0.00000,0.9801,1
15121210102,2,1,1,0,0.11031,0.08966,0.00000,0.9758,-1
15121210103,2,1,1,0,0.03218,0.01379,0.00000,0.9652,0
15121210104,2,1,1,0,0.11085,0.06697,0.00000,0.9737,2
15121210105,2,1,1,0,0.08491,0.08738,0.00000,0.9774,3
15121210106,1,1,0,0,0.14537,0.00000,0.00000,0.9701,1
15130110101,0,0,0,0,0.00000,0.00000,0.00441,0.9619,0
15130110201,0,0,0,0,0.00221,0.00000,0.00000,0.9619,0
15130110301,0,0,0,0,0.00000,0.00000,0.00000,0.9764,1
15130210101,1,0,0,1,0.00000,0.00000,0.05516,0.9010,2
15130210201,0,0,0,0,0.00230,0.00000,0.00000,0.9760,0
15130310101,1,1,0,0,0.08046,0.00000,0.00000,0.9662,0
15130310201,1,1,0,0,0.14435,0.00000,0.00000,0.9694,1
15130310301,1,1,0,0,0.12500,0.00000,0.00000,0.9664,0
15130410101,2,1,1,0,0.06150,0.05492,0.00000,0.9726,0
15130510101,2,1,1,0,0.09308,0.08153,0.00000,0.9664,0
15130610101,1,1,0,0,0.07930,0.00000,0.00000,0.9774,1
15130610201,1,1,0,0,0.02864,0.00000,0.00000,0.9671,0
15130610301,1,1,0,0,0.18421,0.00000,0.00220,0.9686,2
15130710101,1,1,0,0,0.10755,0.00000,0.00000,0.9682,1
15130710201,0,0,0,0,0.00000,0.00000,0.00000,0.9640,1
155010310501,0,0,0,0,0.00000,0.00000,0.00000,0.9527,-1
16010110101,1,1,0,0,0.06353,0.00000,0.00000,0.9251,3
16010210101,1,1,0,0,0.08145,0.00000,0.00000,0.8021,6
16010210201,1,1,0,0,0.01256,0.00000,0.00000,0.8344,4
16010310101,1,1,0,0,0.08787,0.00000,0.00000,0.8082,7
16010310201,1,1,0,0,0.08163,0.00000,0.00000,0.8848,1
16010310202,1,1,0,0,0.03972,0.00000,0.00000,0.7878,5
16010410101,2,1,1,0,0.03401,0.02118,0.00000,0.9066,2
16010410201,2,1,1,0,0.04948,0.03526,0.00000,0.8161,4
16010510101,0,0,0,0,0.00000,0.00000,0.00000,0.9728,1
16010510201,0,0,0,0,0.00000,0.00000,0.00000,0.8993,3
16010610101,1,1,0,0,0.08844,0.00000,0.00000,0.8962,1
16020110101,0,0,0,0,0.00000,0.00000,0.00000,0.9169,2
16020110102,1,1,0,0,0.04167,0.00000,0.00000,0.9225,3
16020110103,2,1,1,0,0.01364,0.01754,0.00000,0.8979,3
16020110201,1,1,0,0,0.08617,0.00000,0.00000,0.8583,4
16020110202,1,1,0,0,0.03963,0.00000,0.00000,0.8504,6
16020110203,1,1,0,0,0.04675,0.00000,0.00000,0.8953,2
16020210101,1,1,0,0,0.12281,0.00000,0.00000,0.9355,3
16020210201,2,1,1,0,0.01309,0.02162,0.00000,0.9377,2
16020210202,0,0,0,0,0.00000,0.00000,0.00000,0.9218,2
16020210203,0,0,0,0,0.00000,0.00000,0.00000,0.9309,2
16020210301,1,1,0,0,0.03627,0.00000,0.00000,0.8451,6
16020310101,1,1,0,0,0.07018,0.00000,0.00000,0.8121,6
16020310102,1,1,0,0,0.03991,0.00000,0.00000,0.9201,1
16020410101,1,1,0,0,0.04167,0.00000,0.00000,0.9327,2
16020410102,3,1,1,1,0.04779,0.01062,0.01460,0.3200,-13
16020410201,0,0,0,0,0.00000,0.00000,0.00000,0.8478,3
16020410202,1,1,0,0,0.05882,0.00000,0.00000,0.8017,5
16020410203,1,1,0,0,0.09070,0.00000,0.00000,0.8208,3
16020510101,1,1,0,0,0.08831,0.00000,0.00000,0.8790,2
16020610101,1,1,0,0,0.01944,0.00000,0.00000,0.9325,2
16020610102,1,1,0,0,0.04545,0.00000,0.00000,0.9016,3
16020710101,0,0,0,0,0.00000,0.00000,0.00000,0.7769,4
16020710102,0,0,0,0,0.00000,0.00000,0.00000,0.8325,4
16020710103,0,0,0,0,0.00000,0.00000,0.00000,0.8113,6
16020810101,1,1,0,0,0.08937,0.00000,0.00000,0.8069,6
16020810102,1,1,0,0,0.06561,0.00000,0.00000,0.8251,5
16020810103,1,1,0,0,0.05215,0.00000,0.00000,0.8639,4
16020810201,0,0,0,0,0.00000,0.00000,0.00000,0.7777,3
16020810202,0,0,0,0,0.00000,0.00000,0.00000,0.8944,3
16020810301,1,1,0,0,0.04369,0.00000,0.00000,0.8178,5
16020810302,1,1,0,0,0.12955,0.00000,0.00000,0.9278,4
16020810303,1,1,0,0,0.06048,0.00000,0.00000,0.9360,3
16020910101,1,1,0,0,0.06109,0.00000,0.00000,0.8036,5
16020910102,1,1,0,0,0.08904,0.00000,0.00000,0.9443,3
16020910201,1,1,0,0,0.03763,0.00000,0.00000,0.8046,4
16021010101,1,1,0,0,0.02494,0.00000,0.00000,0.9373,2
16030110101,1,1,0,0,0.04989,0.00000,0.00000,0.8780,4
16030110201,1,1,0,0,0.09685,0.00000,0.00000,0.8293,6
16030110202,0,0,0,0,0.00000,0.00000,0.00000,0.8964,2
16030120101,1,1,0,0,0.03243,0.00000,0.00000,0.9034,0
16030210101,1,1,0,0,0.09297,0.00000,0.00000,0.8201,4
16030220101,1,1,0,0,0.06067,0.00000,0.00000,0.8394,5
16030310101,1,1,0,0,0.05869,0.00000,0.00000,0.7825,5
16040110101,1,1,0,0,0.07190,0.00000,0.00000,0.8264,5
16040120101,0,0,0,0,0.00000,0.00000,0.00000,0.7939,5
16040130101,1,1,0,0,0.05882,0.00000,0.00000,0.9401,1
16040210101,1,1,0,0,0.06772,0.00000,0.00000,0.8663,3
16040210201,0,0,0,0,0.00000,0.00000,0.00000,0.9107,1
16040310101,1,1,0,0,0.12273,0.00000,0.00000,0.9341,1
16050110101,0,0,0,0,0.00000,0.00000,0.00000,0.9644,-2
16050110201,2,1,1,0,0.04835,0.05239,0.00000,0.9717,1
16050110301,1,1,0,0,0.09773,0.00000,0.00000,0.9414,0
16050110302,1,1,0,0,0.10000,0.00000,0.00000,0.9565,0
16050210101,1,1,0,0,0.06561,0.00000,0.00000,0.9064,3
16050210102,1,0,0,1,0.00000,0.00000,0.09916,0.9375,2
16050210202,1,1,0,0,0.05437,0.00000,0.00000,0.9561,1
16050310101,0,0,0,0,0.00000,0.00000,0.00000,0.8887,4
16050310201,0,0,0,0,0.00000,0.00000,0.00000,0.8439,3
16050310202,0,0,0,0,0.00000,0.00000,0.00000,0.9085,0
16050410101,2,1,1,0,0.07937,0.09977,0.00000,0.9043,3
16050410102,2,1,1,0,0.05896,0.04545,0.00000,0.9633,0
16050410201,1,1,0,0,0.01412,0.00000,0.00000,0.9132,0
16050410202,3,1,1,1,0.01584,0.02582,0.01313,0.8933,3
16050510101,1,1,0,0,0.04585,0.00000,0.00000,0.9480,0
16050510102,1,1,0,0,0.03913,0.00000,0.00000,0.8527,3
16050510201,1,1,0,0,0.07075,0.00000,0.00000,0.9673,0
16050610101,1,1,0,0,0.06619,0.00000,0.00000,0.9509,0
16050610102,1,1,0,0,0.03235,0.00000,0.00000,0.9304,1
16050610201,1,1,0,0,0.06364,0.00000,0.00000,0.9586,1
16050610202,1,1,0,0,0.04535,0.00000,0.00000,0.8939,2
16060110101,0,0,0,0,0.00000,0.00000,0.00000,0.9578,1
16060110102,1,1,0,0,0.04357,0.00000,0.00000,0.9641,1
16060210101,1,1,0,0,0.15682,0.00000,0.00000,0.8989,-2
16060210102,1,1,0,0,0.04225,0.00000,0.00000,0.8901,2
16060310102,1,1,0,0,0.05947,0.00000,0.00000,0.9640,-1
16060310103,0,0,0,0,0.00000,0.00000,0.00000,0.9742,-1
16060310104,0,0,0,0,0.00000,0.00000,0.00000,0.9359,-1
16060410101,1,1,0,0,0.02721,0.00000,0.00000,0.9389,-3
16060410102,0,0,0,0,0.00000,0.00000,0.00000,0.9808,0
16060510101,1,1,0,0,0.07289,0.00000,0.00000,0.9727,-2
16060510201,2,0,1,1,0.00218,0.01471,0.01089,0.8900,1
16060510202,1,1,0,0,0.06132,0.00000,0.00000,0.9597,1
16060610101,1,1,0,0,0.07018,0.00000,0.00000,0.9694,0
16060710101,1,1,0,0,0.07919,0.00000,0.00000,0.8683,1
16060710102,1,1,0,0,0.08726,0.00000,0.00000,0.9761,0
16060810101,0,0,0,0,0.00000,0.00000,0.00000,0.9233,0
16060810102,1,1,0,0,0.08656,0.00000,0.00000,0.9424,0
16110410202,1,1,0,0,0.08020,0.00000,0.00480,0.9707,0
17010110101,0,0,0,0,0.00000,0.00000,0.00000,0.5011,12
17010110201,1,1,0,0,0.03160,0.00000,0.00000,0.3042,-8
17010210101,1,1,0,0,0.05252,0.00000,0.00000,0.6065,11
17010210201,1,1,0,0,0.07512,0.00000,0.00000,0.5328,12
17010210202,2,1,1,0,0.03139,0.04709,0.00000,0.3382,-9
17010210301,1,1,0,0,0.06787,0.00000,0.00000,0.5029,13
17010310101,2,1,1,0,0.05882,0.04525,0.00000,0.3908,11
17010310201,1,1,0,0,0.05669,0.00000,0.00000,0.5045,12
17010310202,1,1,0,0,0.05022,0.00000,0.00000,0.5325,12
17010410101,0,0,0,0,0.00000,0.00000,0.00000,0.4976,12
17010410201,1,1,0,0,0.03721,0.00000,0.00000,0.5071,-14
17010410202,0,0,0,0,0.00000,0.00000,0.00000,0.5150,10
17010510101,0,0,0,0,0.00000,0.00000,0.00000,0.4761,12
17010510201,0,0,0,0,0.00000,0.00000,0.00000,0.5258,12
17020110101,1,1,0,0,0.04464,0.00000,0.00000,0.4971,-13
17020110102,1,1,0,0,0.09874,0.00000,0.00000,0.5317,12
17020110201,1,1,0,0,0.07675,0.00000,0.00000,0.4951,12
17020110202,1,1,0,0,0.10870,0.00000,0.00000,0.3994,11
17020210101,0,0,0,0,0.00000,0.00000,0.00000,0.4810,12
17020210201,1,1,0,0,0.10893,0.00000,0.00000,0.5289,12
17020210202,0,0,0,0,0.00000,0.00000,0.00000,0.5294,12
17020210203,0,0,0,0,0.00000,0.00000,0.00000,0.5965,10
17020210301,0,0,0,0,0.00000,0.00000,0.00000,0.4743,12
17020310201,0,0,0,0,0.00000,0.00000,0.00000,0.5240,12
17020310202,1,1,0,0,0.10000,0.00000,0.00000,0.3709,12
17020410101,1,1,0,0,0.02179,0.00000,0.00000,0.5049,12
17020410102,2,1,1,0,0.03513,0.08010,0.00000,0.5191,12
17020510101,1,1,0,0,0.04793,0.00000,0.00000,0.5112,12
17020510102,1,1,0,0,0.05672,0.00000,0.00000,0.5257,11
17030110101,1,1,0,0,0.05430,0.00000,0.00000,0.5275,12
17030110102,0,0,0,0,0.00000,0.00000,0.00000,0.4931,12
17030110201,2,1,0,1,0.05229,0.00000,0.02407,0.5218,12
17030110202,0,0,0,0,0.00000,0.00000,0.00000,0.5345,12
17030210101,1,1,0,0,0.02320,0.00000,0.00000,0.3580,-10
17030210201,1,1,0,0,0.02685,0.00000,0.00000,0.5591,-13
17030210202,1,1,0,0,0.11765,0.00000,0.00000,0.5325,12
17030210301,0,0,0,0,0.00000,0.00000,0.00000,0.6075,10
17030210302,3,1,1,1,0.03132,0.04516,0.08075,0.5390,-13
17030310101,0,0,0,0,0.00000,0.00000,0.00000,0.6149,10
17030310102,2,1,1,0,0.07563,0.05430,0.00000,0.5327,13
17030310103,1,1,0,0,0.02915,0.00224,0.00000,0.5387,-14
17030410101,0,0,0,0,0.00000,0.00000,0.00000,0.4683,11
17030410102,0,0,0,0,0.00000,0.00000,0.00000,0.5185,13
17030410201,1,1,0,0,0.08096,0.00000,0.00000,0.4429,12
17030410202,0,0,0,0,0.00000,0.00000,0.00000,0.5324,13
17030410203,0,0,0,0,0.00000,0.00000,0.00000,0.3676,12
17030410301,1,1,0,0,0.09297,0.00000,0.00000,0.6262,11
17030410401,0,0,0,0,0.00000,0.00000,0.00000,0.4861,12
17030410402,0,0,0,0,0.00000,0.00000,0.00000,0.4992,10
17030510101,1,1,0,0,0.12698,0.00000,0.00000,0.6109,10
17030510102,1,1,0,0,0.07407,0.00000,0.00000,0.5298,12
17030510103,1,1,0,0,0.04989,0.00000,0.00000,0.4957,12
17030510201,1,1,0,0,0.06100,0.00000,0.00000,0.5382,12
17030510202,1,1,0,0,0.02466,0.00000,0.00000,0.3149,-8
17030510203,1,1,0,0,0.02237,0.00000,0.00000,0.4273,-14
17040110101,0,0,0,0,0.00000,0.00000,0.00000,0.5367,12
17040210101,1,1,0,0,0.03521,0.00000,0.00000,0.5228,10
17040220101,1,1,0,0,0.08715,0.00000,0.00000,0.5204,13
17040240101,0,0,0,0,0.00000,0.00000,0.00000,0.4976,12
17040240201,0,0,0,0,0.00000,0.00000,0.00000,0.5121,12
17050110101,2,1,1,0,0.03261,0.05230,0.00000,0.3123,-10
17050110102,0,0,0,0,0.00000,0.00000,0.00000,0.5132,11
17050210101,2,1,1,0,0.08211,0.08497,0.00000,0.5161,12
17050210102,1,1,0,0,0.08000,0.00000,0.00000,0.4994,12
17050210201,1,1,0,0,0.11354,0.00000,0.00000,0.5167,12
17050210202,1,0,1,0,0.00000,0.06739,0.00000,0.4790,11
17050210301,1,1,0,0,0.04575,0.00000,0.00000,0.5480,12
17050210302,2,1,1,0,0.02902,0.08091,0.00000,0.3348,-11
17050310101,1,1,0,0,0.11789,0.00000,0.00000,0.5014,10
17050310102,1,1,0,0,0.06565,0.00000,0.00000,0.5105,11
17050310201,2,1,1,0,0.03478,0.09130,0.00000,0.3433,-9
17050310202,0,0,0,0,0.00000,0.00000,0.00000,0.5279,12
17050310301,2,1,1,0,0.05882,0.08145,0.00000,0.4191,11
17050310401,0,0,0,0,0.00000,0.00000,0.00000,0.4162,12
17050410101,1,1,0,0,0.02703,0.00000,0.00000,0.3354,-11
17050410102,0,0,0,0,0.00000,0.00000,0.00000,0.4864,12
17050410201,1,1,0,0,0.04930,0.00000,0.00000,0.6108,10
17050410202,0,0,0,0,0.00907,0.00871,0.00871,0.5899,11
17050510101,1,1,0,0,0.07937,0.00000,0.00000,0.5222,11
17050510102,1,1,0,0,0.07407,0.00000,0.00000,0.5214,11
17050510201,1,1,0,0,0.17647,0.00000,0.00000,0.5726,11
17050510301,1,1,0,0,0.02489,0.00679,0.00000,0.4425,12
17050510302,0,0,0,0,0.00000,0.00000,0.00000,0.4912,12
17050510303,1,1,0,0,0.06737,0.00000,0.00000,0.4948,12
17050510401,1,1,0,0,0.08096,0.00000,0.00000,0.5208,12
17050610101,1,1,0,0,0.04695,0.00000,0.00000,0.5968,10
17050610201,1,1,0,0,0.12421,0.00000,0.00000,0.4807,12
17050610202,1,1,0,0,0.02731,0.00000,0.00000,0.5153,12
17050710101,0,0,0,0,0.00000,0.00000,0.00000,0.5214,11
17050710201,1,1,0,0,0.06459,0.00000,0.00000,0.5212,12
17050710301,2,1,1,0,0.04301,0.03888,0.00000,0.6336,-15
17050710302,0,0,0,0,0.00000,0.00000,0.00000,0.5316,12
17060110101,2,1,1,0,0.06338,0.05882,0.00000,0.5168,13
17060110201,0,0,0,0,0.00000,0.00000,0.00000,0.4699,11
17060110202,1,1,0,0,0.10240,0.00000,0.00000,0.5439,12
17060210101,2,1,1,0,0.12035,0.07221,0.00000,0.5011,12
17060210201,3,1,1,1,0.06341,0.02913,0.05122,0.5161,12
17060210301,1,1,0,0,0.01532,0.00000,0.00000,0.5278,12
17060210302,2,1,1,0,0.04139,0.07773,0.00000,0.5266,12
17060310101,0,0,0,0,0.00000,0.00000,0.00000,0.3425,13
17060310102,0,0,0,0,0.00000,0.00000,0.00000,0.5176,12
17060310201,0,0,0,0,0.00000,0.00000,0.00000,0.5040,12
17060310301,1,1,0,0,0.03871,0.00000,0.00000,0.5497,-14
17060410101,0,0,0,0,0.00000,0.00000,0.00000,0.4966,12
17060410201,1,1,0,0,0.03656,0.00000,0.00000,0.5208,-13
17060410301,1,1,0,0,0.08932,0.00000,0.00000,0.4952,13
17060510101,2,1,1,0,0.09502,0.07029,0.00000,0.5469,11
17060510102,3,1,1,1,0.04299,0.04525,0.04308,0.5555,12
17060610101,1,1,0,0,0.03139,0.00000,0.00000,0.5419,-14
17060610102,2,1,1,0,0.03846,0.04525,0.00000,0.4838,12
17060610103,0,0,0,0,0.00000,0.00000,0.00000,0.5259,12
17060710101,0,0,0,0,0.00000,0.00000,0.00000,0.5080,12
17060710102,1,1,0,0,0.02311,0.00000,0.00000,0.4828,13
17060810101,0,,,,,,,0.5690,11
17060810102,1,1,0,0,0.08279,0.00000,0.00000,0.5191,11
17060810103,2,1,1,0,0.08390,0.08617,0.00000,0.5179,11
17060910101,1,0,1,0,0.00218,0.02832,0.00654,0.5431,12
17060910102,1,1,0,0,0.03356,0.00000,0.00000,0.5673,-15
17060910103,2,1,1,0,0.09297,0.09053,0.00000,0.4400,12
17060910201,3,1,1,1,0.05447,0.06754,0.06987,0.5356,12
17070110101,1,1,0,0,0.06933,0.00000,0.00000,0.5117,11
17070110102,3,1,1,1,0.02381,0.07098,0.03247,0.3078,-12
17070210101,1,1,0,0,0.06109,0.00000,0.00000,0.5297,12
17070310101,3,1,1,1,0.03226,0.04027,0.08969,0.4879,-14
17070310102,1,1,0,0,0.05022,0.00000,0.00000,0.5300,13
17070310201,1,1,0,0,0.09050,0.00000,0.00000,0.4713,11
17070310202,3,1,1,1,0.02685,0.03356,0.02592,0.5584,-14
17070410101,1,1,0,0,0.03057,0.00000,0.00000,0.5246,12
17070410102,2,1,1,0,0.03132,0.09356,0.00000,0.5665,-14
17070510101,1,1,0,0,0.02489,0.00000,0.00000,0.5070,11
17070510102,2,1,1,0,0.02941,0.04211,0.00000,0.5046,11
17070610101,0,0,0,0,0.00000,0.00000,0.00000,0.5198,12
17070610201,0,0,0,0,0.00000,0.00000,0.00000,0.5255,13
17070610301,1,1,0,0,0.05870,0.00000,0.00000,0.4614,12
17070610401,0,0,0,0,0.00000,0.00000,0.00000,0.6201,10
17070710101,1,1,0,0,0.06100,0.00000,0.00000,0.5346,12
17070710201,1,1,0,0,0.03704,0.00000,0.00000,0.5212,11
17070710202,2,1,1,0,0.04814,0.07353,0.00000,0.5288,12
17070810101,2,1,1,0,0.07002,0.03846,0.00000,0.5262,13
17070810102,3,1,1,1,0.02928,0.05830,0.05206,0.3652,-12
17070810103,1,1,0,0,0.05569,0.00000,0.00000,0.4512,12
17070810104,0,,,,,,,0.6018,11
17070810201,2,1,1,0,0.09502,0.07190,0.00000,0.5324,12
17070910101,2,1,1,0,0.12896,0.02845,0.00000,0.6013,10
17070910102,2,1,1,0,0.05011,0.07983,0.00000,0.5239,12
17070910201,2,1,1,0,0.06769,0.12421,0.00000,0.6251,8
17070910202,3,1,1,1,0.02093,0.04036,0.05349,0.4952,-13
17071010101,2,1,1,0,0.05474,0.06565,0.00000,0.5250,12
17071010201,2,1,1,0,0.06546,0.01354,0.00000,0.5014,12
18010110101,0,0,0,0,0.00000,0.00000,0.00000,0.9700,2
18010110102,0,0,0,0,0.00000,0.00000,0.00000,0.9664,3
18010110103,0,0,0,0,0.00000,0.00000,0.00000,0.9565,0
18010110201,0,0,0,0,0.00000,0.00000,0.00000,0.9683,1
18010110203,0,0,0,0,0.00000,0.00000,0.00000,0.9426,3
18010110204,1,1,0,0,0.06754,0.00000,0.00000,0.9215,5
18010110205,0,0,0,0,0.00000,0.00000,0.00000,0.9737,2
18010110206,0,0,0,0,0.00000,0.00000,0.00000,0.9732,2
18010110301,0,0,0,0,0.00000,0.00000,0.00000,0.9780,1
18010110302,0,0,0,0,0.00000,0.00000,0.00000,0.9441,1
18010210101,1,1,0,0,0.08595,0.00000,0.00000,0.8958,4
18010210102,0,0,0,0,0.00000,0.00000,0.00000,0.9128,3
18010210103,0,0,0,0,0.00000,0.00000,0.00000,0.9714,0
18010210201,0,0,0,0,0.00000,0.00000,0.00000,0.9473,2
18010210301,1,1,0,0,0.08352,0.00000,0.00000,0.9501,3
18010210302,1,1,0,0,0.09713,0.00000,0.00000,0.9501,1
18010210303,0,0,0,0,0.00000,0.00000,0.00000,0.9536,1
18010310101,1,1,0,0,0.09713,0.00000,0.00000,0.9667,1
18010310102,1,1,0,0,0.08168,0.00000,0.00000,0.9733,1
18010410101,0,0,0,0,0.00000,0.00000,0.00000,0.9649,1
18010510101,1,1,0,0,0.08295,0.00000,0.00000,0.9720,0
18010510102,0,0,0,0,0.00000,0.00000,0.00000,0.9246,3
18010610101,0,0,0,0,0.00000,0.00000,0.00000,0.9692,-1
18010610102,1,1,0,0,0.11848,0.00000,0.00000,0.9294,3
18010610103,0,0,0,0,0.00000,0.00000,0.00000,0.9682,1
18010610104,1,1,0,0,0.12320,0.00000,0.00000,0.9780,0
18010610105,1,1,0,0,0.10596,0.00000,0.00000,0.9174,4
18020110101,1,1,0,0,0.02948,0.00000,0.00000,0.9854,-1
18020110102,0,0,0,0,0.00000,0.00000,0.00000,0.9602,-1
18020210102,0,0,0,0,0.00000,0.00000,0.00000,0.9858,-2
18020210201,1,1,0,0,0.10599,0.00000,0.00000,0.9619,-2
18020210202,1,1,0,0,0.15894,0.00000,0.00000,0.9557,1
18020210203,0,0,0,0,0.00000,0.00000,0.00000,0.9703,-1
18020210204,1,0,1,0,0.00638,0.01831,0.00000,0.9824,-1
18020210205,2,1,1,0,0.05556,0.13043,0.00000,0.9809,-1
18020210206,1,1,0,0,0.06838,0.00000,0.00000,0.9845,-1
18020220101,1,1,0,0,0.07188,0.00000,0.00000,0.9805,-1
18020220102,1,1,0,0,0.13187,0.00000,0.00000,0.9812,-1
18020220201,1,1,0,0,0.02553,0.00000,0.00000,0.9809,1
18020220202,1,1,0,0,0.08756,0.00000,0.00000,0.9718,-1
18020220203,1,1,0,0,0.08009,0.00000,0.00000,0.9255,1
18020220204,1,1,0,0,0.03890,0.00000,0.00000,0.9787,-1
18020310101,2,1,1,0,0.09908,0.11966,0.00000,0.9894,0
18020310102,2,1,1,0,0.11512,0.10233,0.00000,0.9886,-2
18020310103,1,1,0,0,0.08373,0.00000,0.00000,0.9564,-2
18020310104,1,1,0,0,0.08444,0.00000,0.00000,0.9469,1
18020310201,1,1,0,0,0.06593,0.00000,0.00000,0.9801,1
18020320101,1,1,0,0,0.08830,0.00000,0.00000,0.9520,3
18020320201,3,1,1,1,0.09670,0.10110,0.09176,0.9401,1
18020320202,1,1,0,0,0.14168,0.00000,0.00000,0.9688,-1
18030110101,1,1,0,0,0.09471,0.00000,0.00000,0.9692,0
18030110201,1,1,0,0,0.05034,0.00000,0.00000,0.9438,-1
18030110202,2,1,1,0,0.06682,0.10599,0.00000,0.9801,0
18030110203,0,0,0,0,0.00924,0.00000,0.00000,0.9597,1
18030110301,1,1,0,0,0.07062,0.00000,0.00000,0.9181,2
18030110302,1,1,0,0,0.08609,0.00000,0.00000,0.9841,-1
18030210101,2,1,1,0,0.08352,0.06402,0.00000,0.9495,2
18030210102,2,1,1,0,0.08444,0.07064,0.00000,0.9845,0
18030210103,0,0,0,0,0.00000,0.00000,0.00000,0.9659,2
18030210104,1,1,0,0,0.15789,0.00000,0.00000,0.9636,-1
18030210105,1,1,0,0,0.10204,0.00000,0.00000,0.9508,2
18030210106,0,0,0,0,0.00000,0.00000,0.00000,0.9708,-1
18030210107,1,1,0,0,0.12586,0.00000,0.00000,0.9779,-1
18030210201,1,1,0,0,0.09890,0.00000,0.00000,0.9402,3
18030210202,0,0,0,0,0.00000,0.00000,0.00000,0.9461,2
18030210203,1,1,0,0,0.11479,0.00000,0.00000,0.9561,-1
18030210204,1,1,0,0,0.15673,0.00000,0.00000,0.9809,-1
18030210205,1,1,0,0,0.02649,0.00458,0.00000,0.9750,0
18030210206,0,0,0,0,0.00000,0.00000,0.00000,0.9849,-1
18030310101,1,1,0,0,0.09840,0.00000,0.00000,0.9465,2
18030310102,1,1,0,0,0.01382,0.00686,0.00000,0.9673,-1
18030310103,1,1,0,0,0.13501,0.00000,0.00000,0.9573,-1
18030310201,0,0,0,0,0.00000,0.00000,0.00000,0.9502,1
18030310202,1,1,0,0,0.07660,0.00000,0.00000,0.9550,2
18030310301,0,0,0,0,0.00000,0.00000,0.00000,0.9507,2
18030410101,1,1,0,0,0.09713,0.00000,0.00000,0.9840,-1
18030410102,0,0,0,0,0.00000,0.00000,0.00000,0.9705,-1
18030510101,0,0,0,0,0.00000,0.00000,0.00000,0.9546,0
18040110101,1,1,0,0,0.09050,0.00000,0.00000,0.9701,-2
18040110201,0,0,0,0,0.00000,0.00000,0.00000,0.9822,-1
18040110202,1,1,0,0,0.13907,0.00000,0.00000,0.9863,-1
18040110203,0,0,0,0,0.00000,0.00000,0.00000,0.9485,2
18040110204,0,0,0,0,0.00000,0.00000,0.00000,0.9524,-1
18040110301,1,1,0,0,0.06407,0.00000,0.00000,0.9691,-1
18040110302,0,0,0,0,0.00000,0.00000,0.00000,0.9828,-1
18040210101,1,1,0,0,0.09238,0.00000,0.00000,0.9787,0
18040210102,0,0,0,0,0.00000,0.00000,0.00000,0.9762,-1
18040210201,1,1,0,0,0.10110,0.00000,0.00000,0.9316,2
18040210202,1,1,0,0,0.11038,0.00000,0.00000,0.9609,-1
18040210203,1,1,0,0,0.15453,0.00000,0.00000,0.9843,-1
18040210204,0,0,0,0,0.00000,0.00000,0.00000,0.9381,2
18040210205,0,0,0,0,0.00000,0.00000,0.00000,0.9872,-1
18040210301,1,1,0,0,0.11556,0.00000,0.00213,0.9791,-1
18040210302,1,1,0,0,0.07947,0.00000,0.00000,0.9817,0
18040210303,1,1,0,0,0.11060,0.00000,0.00000,0.9685,-1
18040210401,1,1,0,0,0.08009,0.00000,0.00000,0.9525,-1
18040210402,0,0,0,0,0.00444,0.00221,0.00000,0.9774,-1
18040210403,0,0,0,0,0.00000,0.00000,0.00000,0.9492,-1
18040310101,1,1,0,0,0.12555,0.00000,0.00000,0.9617,1
18040310102,0,0,0,0,0.00000,0.00000,0.00000,0.9386,2
18040310103,1,1,0,0,0.11038,0.00000,0.00000,0.9650,-1
18040310104,1,1,0,0,0.16247,0.00000,0.00000,0.9848,-1
18040410101,1,1,0,0,0.10369,0.00000,0.00000,0.9785,-1
18040410201,1,1,0,0,0.07323,0.00000,0.00000,0.9842,-1
18040410301,1,1,0,0,0.04805,0.00000,0.00000,0.9749,1
18040410401,1,1,0,0,0.13187,0.00000,0.00000,0.9609,2
18040510101,1,1,0,0,0.02335,0.00220,0.00000,0.9828,1
18040510102,0,0,0,0,0.00000,0.00000,0.00000,0.9561,1
18040510201,1,1,0,0,0.10297,0.00000,0.00000,0.9832,-2
18040510202,1,1,0,0,0.13830,0.00000,0.00000,0.9634,-1
18040510203,0,0,0,0,0.00000,0.00000,0.00000,0.9661,-1
18040510301,1,1,0,0,0.05459,0.00000,0.00000,0.9585,-1
18040510302,0,0,0,0,0.00000,0.00000,0.00000,0.9841,-1
18040610101,1,1,0,0,0.06872,0.00000,0.00000,0.9785,-1
18040610201,0,0,0,0,0.00000,0.00000,0.00000,0.9820,-1
18050110101,1,1,0,0,0.07094,0.00000,0.00000,0.9854,-1
18050110102,0,0,0,0,0.00000,0.00000,0.00220,0.9606,-1
18050110103,0,0,0,0,0.00000,0.00000,0.00000,0.9455,2
18050210101,3,1,1,1,0.01987,0.03456,0.05034,0.9821,-1
18050210102,1,1,0,0,0.10984,0.00000,0.00000,0.9236,2
18050310101,1,1,0,0,0.12804,0.00000,0.00000,0.9474,3
18050310102,1,1,0,0,0.09153,0.00000,0.00000,0.9727,-1
18050410101,1,1,0,0,0.06374,0.00000,0.00000,0.9520,2
18050410102,1,1,0,0,0.04556,0.00000,0.00000,0.9414,2
18050410103,0,0,0,0,0.00000,0.00000,0.00000,0.9669,0
18050410104,0,0,0,0,0.00000,0.00000,0.00000,0.9688,2
18050410201,1,1,0,0,0.03304,0.00000,0.00000,0.9813,1
18050410202,1,1,0,0,0.09692,0.00000,0.00000,0.9777,1
18050410203,1,1,0,0,0.19426,0.00000,0.00000,0.9780,-1
18050410204,1,1,0,0,0.08696,0.00000,0.00000,0.9761,-1
18050410205,1,1,0,0,0.03204,0.00000,0.00000,0.9709,1
18050410206,1,1,0,0,0.08467,0.00000,0.00000,0.9185,4
18050510101,1,1,0,0,0.09051,0.00000,0.00000,0.9826,-1
18050510102,0,0,0,0,0.00000,0.00000,0.00000,0.9552,-1
18050610101,2,1,1,0,0.15778,0.15232,0.00000,0.9678,-2
18050710101,0,0,0,0,0.00000,0.00000,0.00000,0.9778,-1
18050710102,0,0,0,0,0.00000,0.00000,0.00000,0.9841,-1
18050710103,0,0,0,0,0.00000,0.00000,0.00000,0.9854,-2
18050810101,1,1,0,0,0.09479,0.00000,0.00000,0.9670,0
18050810102,1,1,0,0,0.12141,0.00000,0.00000,0.9733,1
18050810201,1,1,0,0,0.07373,0.00000,0.00000,0.9805,-1
18050910101,0,0,0,0,0.00000,0.00000,0.00000,0.9402,0
18050910201,0,0,0,0,0.00000,0.00000,0.00000,0.9555,0
18050910301,3,1,1,1,0.12362,0.08009,0.08756,0.9602,-1
18050910401,1,1,0,0,0.07660,0.00000,0.00000,0.9609,1
18050910402,1,1,0,0,0.07556,0.00000,0.00000,0.9565,1
18051010101,1,1,0,0,0.10817,0.00000,0.00000,0.9750,1
18051010201,1,1,0,0,0.10375,0.00000,0.00000,0.9781,1
18051010301,2,1,1,0,0.09011,0.09611,0.00000,0.9150,3
18051110101,1,1,0,0,0.09382,0.00000,0.00000,0.9449,2
18051110102,1,1,0,0,0.09051,0.00000,0.00000,0.9742,-1
18051210101,1,1,0,0,0.07692,0.00000,0.00000,0.9434,2
18051310101,1,1,0,0,0.07726,0.00000,0.00000,0.9869,-1
18051310201,0,0,0,0,0.00000,0.00000,0.00000,0.9271,0
18051310202,1,1,0,0,0.13272,0.00000,0.00000,0.9771,0
18051310301,1,1,0,0,0.02288,0.00000,0.00000,0.9558,-1
18051310302,1,1,0,0,0.09382,0.00000,0.00000,0.9225,2
18060110101,2,1,1,0,0.02746,0.02889,0.00000,0.9842,-1
18060110102,1,1,0,0,0.06407,0.00000,0.00000,0.9839,-1
18060210101,1,1,0,0,0.11013,0.00000,0.00000,0.9631,2
18060210102,1,1,0,0,0.09611,0.00000,0.00000,0.8967,4
18060210103,1,1,0,0,0.04415,0.00000,0.00000,0.9618,-1
18060310101,0,0,0,0,0.00000,0.00000,0.00000,0.9604,-1
18060410101,1,1,0,0,0.05495,0.00000,0.00000,0.9176,4
18060410102,1,1,0,0,0.05695,0.00000,0.00000,0.9595,2
18060410103,1,1,0,0,0.15166,0.00000,0.00000,0.9783,1
18060410201,0,0,0,0,0.00000,0.00000,0.00000,0.9385,1
18060410202,1,1,0,0,0.14505,0.00000,0.00000,0.9431,2
18060410203,1,1,0,0,0.10472,0.00000,0.00000,0.9799,-1
18060410301,3,1,1,1,0.09272,0.13959,0.08696,0.9780,-1
18060510101,2,1,1,0,0.15899,0.10375,0.00000,0.9522,-1
18060510201,0,0,0,0,0.00000,0.00000,0.00000,0.9756,-1
18060610101,1,1,0,0,0.14505,0.00000,0.00000,0.9537,2
18060610102,0,0,0,0,0.00000,0.00000,0.00000,0.9871,-1
18060710101,2,1,1,0,0.06221,0.03204,0.00000,0.9566,-1
18060710201,1,1,0,0,0.07726,0.00000,0.00000,0.9820,-1
18060710202,1,1,0,0,0.08389,0.00000,0.00000,0.9682,-1
18060810101,2,1,1,0,0.06178,0.05069,0.00000,0.9848,-1
18060810102,2,1,1,0,0.09670,0.18246,0.00000,0.9785,0
18060910101,2,1,1,0,0.05492,0.06378,0.00000,0.9517,2
18070110101,1,1,0,0,0.04286,0.00000,0.00000,0.9780,0
18070110102,2,1,1,0,0.07732,0.08395,0.00000,0.9834,1
18070110103,0,0,0,0,0.00000,0.00000,0.00000,0.9737,0
18070210101,1,1,0,0,0.13501,0.00000,0.00000,0.9849,-1
18070210102,0,0,0,0,0.00219,0.00000,0.00000,0.9573,1
18070210103,0,0,0,0,0.00000,0.00000,0.00000,0.9820,-1
18070310101,0,0,0,0,0.00000,0.00000,0.00000,0.9358,2
18070310102,0,0,0,0,0.00000,0.00000,0.00000,0.9881,-2
18070310103,0,0,0,0,0.00000,0.00000,0.00000,0.9884,0
18070310104,0,0,0,0,0.00000,0.00000,0.00000,0.9849,0
18070310105,0,0,0,0,0.00000,0.00000,0.00000,0.9830,-1
18070310201,0,0,0,0,0.00000,0.00000,0.00000,0.9519,2
18070310202,0,0,0,0,0.00000,0.00000,0.00000,0.9892,0
18070310301,0,0,0,0,0.00000,0.00000,0.00000,0.9827,-1
18070310302,1,1,0,0,0.05740,0.00000,0.00000,0.9625,-1
18070310303,0,0,0,0,0.00000,0.00000,0.00000,0.9426,2
18070310304,1,0,1,0,0.00000,0.01111,0.00000,0.9794,-1
18070310305,0,0,0,0,0.00000,0.00000,0.00000,0.9572,-1
18070410101,0,0,0,0,0.00000,0.00000,0.00000,0.9665,0
18070410102,0,0,0,0,0.00000,0.00000,0.00000,0.9651,2
18070410201,1,1,0,0,0.04028,0.00000,0.00000,0.9412,2
18070410202,1,1,0,0,0.02110,0.00000,0.00000,0.9844,0
18070410203,0,0,0,0,0.00000,0.00000,0.00000,0.9833,-1
18070410204,0,0,0,0,0.00000,0.00000,0.00000,0.9670,0
18070410205,1,1,0,0,0.04148,0.00000,0.00000,0.9613,3
18070410206,0,0,0,0,0.00000,0.00000,0.00000,0.9889,0
18070410207,1,1,0,0,0.13100,0.00000,0.00000,0.9855,0
18070410208,0,0,0,0,0.00000,0.00000,0.00000,0.9851,0
18070410209,0,0,0,0,0.00000,0.00000,0.00000,0.9479,2
18070510101,2,1,1,0,0.06118,0.06962,0.00000,0.9792,-1
18070510102,0,0,0,0,0.00000,0.00000,0.00000,0.9753,0
18070510103,1,1,0,0,0.06127,0.00000,0.00000,0.9817,1
18070510104,0,0,0,0,0.00000,0.00000,0.00000,0.9570,2
18070510105,0,0,0,0,0.00000,0.00000,0.00000,0.9685,0
18070510106,0,0,0,0,0.00000,0.00000,0.00000,0.9620,2
18070510107,0,0,0,0,0.00000,0.00000,0.00000,0.9476,1
18070510201,1,1,0,0,0.06061,0.00000,0.00000,0.9806,-1
18070510202,0,0,0,0,0.00000,0.00000,0.00000,0.9756,0
18070510203,2,1,1,0,0.01966,0.01229,0.00000,0.9717,-1
18070510204,0,0,0,0,0.00000,0.00000,0.00000,0.9559,0
18070510205,0,0,0,0,0.00000,0.00000,0.00000,0.9805,-1
18070510206,0,0,0,0,0.00000,0.00000,0.00000,0.9576,0
18070510207,1,1,0,0,0.18765,0.00000,0.00000,0.9759,-1
18080110101,2,1,1,0,0.20971,0.10427,0.00000,0.9677,-1
18080110102,0,0,0,0,0.00000,0.00000,0.00000,0.9758,-2
18080110103,3,1,1,1,0.05991,0.03226,0.05532,0.9587,-1
18080110201,1,1,0,0,0.08791,0.00000,0.00000,0.9553,1
18080110202,1,1,0,0,0.13846,0.00000,0.00000,0.9456,2
18080110203,1,1,0,0,0.08057,0.00000,0.00000,0.9877,-2
18080110204,0,0,0,0,0.00000,0.00444,0.00000,0.9760,-1
18080110205,0,0,0,0,0.00000,0.00000,0.00000,0.9633,-1
18080110301,1,1,0,0,0.05760,0.00000,0.00000,0.9870,-2
18080110302,1,1,0,0,0.16336,0.00000,0.00000,0.9821,-1
18080110303,1,1,0,0,0.04839,0.00000,0.00000,0.9879,-2
18080110401,3,1,1,1,0.03974,0.10817,0.14349,0.9764,-1
18080110402,2,1,1,0,0.09153,0.03974,0.00000,0.9831,-1
18080210101,1,1,0,0,0.01843,0.00000,0.00000,0.9843,-1
18080210102,1,1,0,0,0.04667,0.00000,0.00000,0.9812,-1
18080210103,1,1,0,0,0.06407,0.00000,0.00000,0.9798,0
18080210104,1,1,0,0,0.11479,0.00000,0.00000,0.9848,-1
18080210201,3,1,1,1,0.09272,0.09242,0.08924,0.9713,-1
18080210202,1,1,0,0,0.09934,0.00000,0.00000,0.9797,-1
18080210203,1,1,0,0,0.06221,0.00000,0.00000,0.9806,-1
18080210301,0,0,0,0,0.00915,0.00000,0.00000,0.9732,-1
18080210302,2,1,1,0,0.11479,0.11700,0.00000,0.9800,0
18080220101,1,1,0,0,0.13730,0.00000,0.00000,0.9322,2
18080220102,2,1,1,0,0.06636,0.05721,0.00000,0.9725,-1
18080220103,1,1,0,0,0.02288,0.00458,0.00000,0.9755,-1
18080220104,1,1,0,0,0.12212,0.00000,0.00000,0.9537,-1
18080310101,1,1,0,0,0.10755,0.00000,0.00000,0.9512,2
18080310102,0,0,0,0,0.00000,0.00000,0.00000,0.9852,-1
18080310103,2,1,1,0,0.03661,0.05300,0.00000,0.9549,-1
18080310104,1,1,0,0,0.08830,0.00000,0.00000,0.9610,-1
18080310105,1,1,0,0,0.01843,0.00000,0.00000,0.9658,-2
18080310106,1,1,0,0,0.11038,0.00000,0.00000,0.9841,-1
18080310107,2,1,1,0,0.07187,0.02991,0.00442,0.9830,-1
18080310201,1,1,0,0,0.09795,0.00000,0.00000,0.9373,2
18080310202,3,1,1,1,0.08986,0.08525,0.10297,0.9863,0
18080310203,1,1,0,0,0.12362,0.00000,0.00000,0.9375,1
18080310301,1,1,0,0,0.08009,0.00000,0.00000,0.9823,-1
18080320101,0,0,0,0,0.00915,0.00229,0.00000,0.9836,-1
18080320102,1,1,0,0,0.16820,0.00000,0.00000,0.9776,-1
18080320103,1,1,0,0,0.16777,0.00000,0.00000,0.9775,-1
18080320104,1,1,0,0,0.12357,0.00000,0.00000,0.9725,-1
18080320105,1,1,0,0,0.06178,0.00000,0.00000,0.9626,2
18080320106,1,1,0,0,0.04857,0.00000,0.00000,0.9668,-1
18080320107,1,1,0,0,0.06571,0.00000,0.00000,0.9616,-1
18080320201,2,1,1,0,0.11751,0.02517,0.00000,0.9832,-2
18080320202,2,1,1,0,0.02304,0.01545,0.00000,0.9840,-1
18080320203,0,0,0,0,0.00000,0.00000,0.00000,0.9803,-1
18080320204,1,1,0,0,0.12526,0.00000,0.00000,0.9430,3
18080320205,2,1,1,0,0.05034,0.08009,0.00000,0.9848,-1
18090110101,0,0,0,0,0.00000,0.00000,0.00000,0.9848,-1
18090110102,1,1,0,0,0.14516,0.00000,0.00000,0.9820,-1
18090110103,0,0,0,0,0.00000,0.00691,0.00000,0.9739,-1
18090210101,1,1,0,0,0.03617,0.00000,0.00000,0.9812,0
18090210102,1,1,0,0,0.09829,0.00922,0.00000,0.9752,0
18090210103,1,1,0,0,0.06402,0.00000,0.00000,0.9830,0
18090210104,1,1,0,0,0.10069,0.00000,0.00000,0.9808,-1
18090310101,1,1,0,0,0.18480,0.00000,0.00000,0.9468,2
18090310102,1,1,0,0,0.09611,0.00000,0.00000,0.9558,-1
18090310103,1,1,0,0,0.09451,0.00000,0.00000,0.9214,3
18090310104,1,1,0,0,0.14579,0.00000,0.00000,0.9800,-1
18090310105,1,1,0,0,0.06378,0.00000,0.00000,0.9522,2
18090310106,1,1,0,0,0.09051,0.00000,0.00000,0.9633,-1
18090310201,1,1,0,0,0.10023,0.00000,0.00000,0.9170,2
18090310202,1,1,0,0,0.10069,0.00000,0.00000,0.9513,2
18090310203,1,1,0,0,0.07726,0.00000,0.00000,0.9829,-1
18090310204,1,1,0,0,0.03753,0.00000,0.00000,0.9586,-1
18090310205,1,1,0,0,0.18322,0.00000,0.00000,0.9485,-1
18090310206,1,1,0,0,0.07726,0.00000,0.00000,0.9286,0
18090310207,1,1,0,0,0.10023,0.00000,0.00000,0.9431,2
18090410101,1,1,0,0,0.12731,0.00000,0.00000,0.9750,-1
18090410102,0,0,0,0,0.00000,0.00000,0.00000,0.9830,0
18090410103,1,1,0,0,0.13024,0.00000,0.00000,0.9823,-1
18090410104,1,1,0,0,0.13024,0.00000,0.00000,0.9822,-1
18090410201,1,1,0,0,0.03917,0.00000,0.00000,0.9813,0
18090410202,1,1,0,0,0.08295,0.00000,0.00000,0.9827,-1
18090510101,2,1,1,0,0.09382,0.08214,0.00000,0.9803,-1
18090510102,2,1,1,0,0.07726,0.10883,0.00000,0.9583,-1
18090510103,1,1,0,0,0.17439,0.00000,0.00000,0.9736,-1
18090510104,0,0,0,0,0.00000,0.00000,0.00000,0.9575,1
18090510105,0,0,0,0,0.00000,0.00000,0.00000,0.9885,-1
18100110101,0,0,0,0,0.00662,0.00000,0.00000,0.9746,0
18100110102,0,0,0,0,0.00000,0.00000,0.00000,0.9774,1
18100110201,1,1,0,0,0.11899,0.00000,0.00000,0.9818,0
18100110202,1,1,0,0,0.06181,0.00000,0.00000,0.9785,1
18100110203,1,1,0,0,0.10297,0.00000,0.00000,0.9839,-1
18100110301,0,0,0,0,0.00000,0.00000,0.00000,0.9433,3
18100110302,1,1,0,0,0.10251,0.00000,0.00000,0.9528,2
18100110304,0,0,0,0,0.00000,0.00000,0.00000,0.9592,-2
18100110305,0,0,0,0,0.00000,0.00000,0.00000,0.9809,-1
18100210101,1,1,0,0,0.06374,0.00000,0.00000,0.9522,2
18100210102,0,0,0,0,0.00000,0.00000,0.00000,0.9747,-1
18100210103,0,0,0,0,0.00000,0.00000,0.00000,0.9661,0
18100210104,0,0,0,0,0.00458,0.00000,0.00000,0.9790,-1
18100210105,0,0,0,0,0.00000,0.00000,0.00000,0.9411,1
18100210106,0,0,0,0,0.00000,0.00000,0.00000,0.9854,-1
18100210107,0,0,0,0,0.00000,0.00000,0.00000,0.9330,2
18100210201,1,1,0,0,0.08238,0.00000,0.00000,0.9893,-1
18100210202,0,0,0,0,0.00000,0.00000,0.00000,0.9568,3
18100210203,0,0,0,0,0.00000,0.00000,0.00000,0.9428,1
18100210204,1,1,0,0,0.08756,0.00000,0.00000,0.9871,-1
18100210205,0,0,0,0,0.00000,0.00000,0.00000,0.9791,-1
18100210206,0,0,0,0,0.00000,0.00000,0.00000,0.9815,1
18100210301,0,0,0,0,0.00000,0.00000,0.00000,0.9876,-1
18100210302,0,0,0,0,0.00000,0.00000,0.00000,0.9584,-2
18100310101,1,1,0,0,0.21192,0.00000,0.00000,0.9856,-1
18100310102,0,0,0,0,0.00000,0.00000,0.00000,0.9835,-1
18100310103,0,0,0,0,0.00000,0.00000,0.00000,0.9846,-1
18100310201,0,0,0,0,0.00000,0.00000,0.00000,0.9814,-1
18100310202,0,0,0,0,0.00000,0.00000,0.00000,0.9886,-1
18100310203,0,0,0,0,0.00000,0.00000,0.00000,0.9413,1
18100410101,1,1,0,0,0.11294,0.00000,0.00000,0.9689,-1
18100410102,0,0,0,0,0.00000,0.00000,0.00000,0.9818,-1
18100410103,0,0,0,0,0.00000,0.00000,0.00000,0.9754,-1
18100410104,1,1,0,0,0.11213,0.00000,0.00000,0.9789,-1
18100410105,1,1,0,0,0.06596,0.00000,0.00000,0.9802,-1
18100410201,2,1,1,0,0.03890,0.15811,0.00000,0.9694,-1
18100410202,1,1,0,0,0.11670,0.00000,0.00000,0.9447,2
18100410301,0,0,0,0,0.00000,0.00000,0.00000,0.9602,2
18100410302,1,1,0,0,0.16777,0.00000,0.00000,0.9868,-1
18100410303,1,1,0,0,0.05069,0.00000,0.00000,0.9723,-1
18100410304,1,1,0,0,0.01104,0.00000,0.00000,0.9752,-1
18100510101,0,0,0,0,0.00000,0.00000,0.00000,0.9498,0
18100510102,1,1,0,0,0.08371,0.00000,0.00000,0.9735,1
18100510103,1,1,0,0,0.10577,0.00000,0.00000,0.9270,3
18100510201,1,0,1,0,0.00000,0.10427,0.00000,0.9720,0
18100510202,1,1,0,0,0.04087,0.00000,0.00000,0.9293,1
18100510203,1,1,0,0,0.19630,0.00000,0.00218,0.9768,1
18100510204,0,0,0,0,0.00000,0.00000,0.00000,0.9741,-1
18100510205,1,1,0,0,0.16937,0.00000,0.00000,0.9803,0
18100510301,0,0,0,0,0.00000,0.00000,0.00000,0.9766,0
18100510302,0,0,0,0,0.00000,0.00000,0.00000,0.9228,3
18100510303,0,0,0,0,0.00000,0.00000,0.00000,0.9736,0
18100510304,0,0,0,0,0.00000,0.00000,0.00000,0.9762,2
18100610101,1,1,0,0,0.14286,0.00000,0.00000,0.9822,-1
18100610102,0,0,0,0,0.00000,0.00000,0.00000,0.9839,-1
18100610103,0,0,0,0,0.00000,0.00000,0.00000,0.9878,-1
18100610104,0,0,0,0,0.00000,0.00000,0.00000,0.9536,1
18110110101,1,1,0,0,0.14188,0.00000,0.00000,0.9800,-1
18110110102,1,1,0,0,0.13404,0.00000,0.00000,0.9565,2
18110110103,1,1,0,0,0.02667,0.00000,0.00000,0.9868,-1
18110110104,1,1,0,0,0.06636,0.00000,0.00000,0.9657,0
18110110201,0,0,0,0,0.00000,0.00000,0.00000,0.9821,-1
18110110202,1,1,0,0,0.16703,0.00000,0.00000,0.9443,2
18110110203,1,1,0,0,0.09382,0.00000,0.00000,0.9765,-1
18110110204,1,1,0,0,0.11258,0.00000,0.00000,0.9720,-2
18110210101,1,1,0,0,0.26889,0.00000,0.00000,0.9763,-1
18110210102,1,1,0,0,0.08884,0.00000,0.00000,0.9309,3
18110210103,1,1,0,0,0.10817,0.00000,0.00000,0.9818,-1
18110210104,1,1,0,0,0.11617,0.00000,0.00000,0.9446,1
18110210201,1,1,0,0,0.12141,0.00000,0.00000,0.9797,-1
18110210202,1,1,0,0,0.05492,0.00911,0.00000,0.9286,2
18110210203,0,0,0,0,0.00000,0.00000,0.00000,0.9780,0
18110210204,1,1,0,0,0.12804,0.00000,0.00000,0.9843,-1
18110220101,1,1,0,0,0.24283,0.00000,0.00000,0.9867,-1
18110220102,1,1,0,0,0.11442,0.00000,0.00000,0.9866,-1
18110220104,0,0,0,0,0.00000,0.00000,0.00000,0.9845,-1
18110220201,2,1,1,0,0.06843,0.08830,0.00000,0.9815,-1
18110220202,1,1,0,0,0.07780,0.00000,0.00000,0.9546,1
18110220301,1,1,0,0,0.10069,0.00000,0.00000,0.9154,0
18110220302,1,1,0,0,0.08009,0.00000,0.00000,0.9075,3
18110220303,0,0,0,0,0.00000,0.00000,0.00000,0.9566,0
18110310101,1,1,0,0,0.05239,0.00000,0.00000,0.9526,2
18110310102,1,1,0,0,0.11837,0.00000,0.00000,0.9538,2
18110310201,1,1,0,0,0.06407,0.00000,0.00000,0.9537,2
18110310202,2,1,1,0,0.10222,0.08238,0.00000,0.9808,-1
18110310203,2,1,1,0,0.10755,0.02059,0.00458,0.9515,1
18110410101,1,1,0,0,0.07834,0.00000,0.00000,0.9824,-1
18110410102,2,1,1,0,0.02995,0.06912,0.00000,0.9765,-1
18110410103,1,1,0,0,0.18085,0.00000,0.00000,0.9800,-1
18110410201,2,1,1,0,0.08590,0.05721,0.00000,0.9853,1
18110410202,1,1,0,0,0.09446,0.00000,0.00000,0.9860,-1
18110410203,1,1,0,0,0.12115,0.00000,0.00000,0.9768,-1
18120110101,1,1,0,0,0.08830,0.00000,0.00000,0.9531,-1
18120210101,1,1,0,0,0.11921,0.00000,0.00000,0.9656,-1
18120210201,1,1,0,0,0.10755,0.00000,0.00000,0.9843,-1
18120310101,0,0,0,0,0.00686,0.00444,0.00000,0.9556,1
18120310201,0,0,0,0,0.00000,0.00000,0.00000,0.9563,-2
18120310301,1,1,0,0,0.02995,0.00000,0.00000,0.9843,-1
18120410101,1,1,0,0,0.21413,0.00000,0.00000,0.9622,-1
18120410102,0,0,0,0,0.00000,0.00000,0.00000,0.9854,-1
18120410103,0,0,0,0,0.00922,0.00889,0.00000,0.9739,-1
18120410104,0,0,0,0,0.00000,0.00000,0.00000,0.9847,-1
18120510101,1,1,0,0,0.10714,0.00000,0.00000,0.9773,0
18120510201,0,0,0,0,0.00000,0.00000,0.00000,0.9806,0
18120610101,1,1,0,0,0.06818,0.00000,0.00000,0.9237,3
18120610201,1,1,0,0,0.07260,0.00000,0.00000,0.8874,3
18120610202,1,1,0,0,0.19111,0.00000,0.00000,0.9841,0
18130110101,1,1,0,0,0.10138,0.00000,0.00000,0.9738,-2
18130110201,1,1,0,0,0.02746,0.00662,0.00000,0.9647,-2
18130210101,1,1,0,0,0.05721,0.00000,0.00000,0.9735,1
18130310101,1,1,0,0,0.05495,0.00000,0.00000,0.9576,2
18130410101,1,1,0,0,0.05077,0.00000,0.00000,0.9829,-1
18130510101,1,1,0,0,0.10155,0.00000,0.00000,0.9655,1
18130510102,1,1,0,0,0.01766,0.00442,0.00686,0.9645,1
18130510103,1,1,0,0,0.05519,0.00000,0.00000,0.9819,-1
18130510104,0,0,0,0,0.00000,0.00000,0.00000,0.9657,-1
18130510201,0,0,0,0,0.00000,0.00000,0.00000,0.9711,-1
18130510202,0,0,0,0,0.00000,0.00000,0.00000,0.9853,-1
18130510203,0,0,0,0,0.00000,0.00000,0.00000,0.9710,-1
18130510204,0,0,0,0,0.00222,0.00000,0.00000,0.9831,-1
18130610101,1,1,0,0,0.07947,0.00000,0.00000,0.9856,-1
18130610102,0,0,0,0,0.00000,0.00000,0.00000,0.9843,-1
18130710101,0,0,0,0,0.00000,0.00000,0.00000,0.9829,-1
18140110101,2,1,1,0,0.07329,0.06150,0.00000,0.9376,2
18140110102,2,1,1,0,0.06828,0.07094,0.00000,0.9506,2
18140210101,1,1,0,0,0.07285,0.00000,0.00000,0.9796,-1
18140310101,0,0,0,0,0.00000,0.00000,0.00000,0.9817,-1
18140410101,2,1,1,0,0.11845,0.11868,0.00000,0.9513,2
18140510101,0,0,0,0,0.00000,0.00000,0.00000,0.9836,-1
18140610101,0,0,0,0,0.00000,0.00000,0.00000,0.9777,-2
18140610102,0,0,0,0,0.00000,0.00000,0.00000,0.9832,-1
18140710101,1,1,0,0,0.15011,0.00000,0.00000,0.9800,-2
18140710102,1,1,0,0,0.08525,0.00000,0.00000,0.9795,-1
18140710103,1,1,0,0,0.10989,0.00000,0.00000,0.9409,3
18140710104,0,0,0,0,0.00000,0.00000,0.00000,0.9793,-1
18150110101,1,1,0,0,0.07064,0.00000,0.00000,0.9824,0
18150110102,1,1,0,0,0.10375,0.00000,0.00000,0.9786,-1
18150110103,1,1,0,0,0.13846,0.00000,0.00000,0.9486,2
18150110104,1,1,0,0,0.05740,0.00000,0.00000,0.9869,-1
18150210101,1,1,0,0,0.05721,0.00000,0.00000,0.9517,1
18150210102,0,0,0,0,0.00000,0.00000,0.00000,0.9748,-1
18150310101,1,1,0,0,0.09091,0.00000,0.00000,0.9655,3
18150310102,1,1,0,0,0.06843,0.00000,0.00000,0.9847,-1
18150310103,1,1,0,0,0.13024,0.00000,0.00000,0.9525,2
18150310104,1,1,0,0,0.09934,0.00000,0.00000,0.9844,-1
18150310201,1,1,0,0,0.15673,0.00000,0.00000,0.9852,-1
18150410101,1,1,0,0,0.06623,0.00000,0.00000,0.9536,1
18150410102,0,0,0,0,0.00000,0.00000,0.00000,0.9703,-1
18150410103,0,0,0,0,0.00000,0.00000,0.00000,0.9778,-1
18150410104,1,1,0,0,0.14806,0.00000,0.00000,0.9584,2
18150410201,1,1,0,0,0.09908,0.00000,0.00000,0.9867,-1
18150410202,1,1,0,0,0.11700,0.00000,0.00000,0.9841,-1
18150510101,1,1,0,0,0.09217,0.00000,0.00000,0.9868,-1
18150510102,0,0,0,0,0.00000,0.00000,0.00000,0.9817,-1
18150510103,1,1,0,0,0.10375,0.00000,0.00000,0.9853,0
18150510104,0,0,0,0,0.00000,0.00686,0.00000,0.9868,-1
18150510105,0,0,0,0,0.00000,0.00000,0.00000,0.9849,-1
18150610101,1,1,0,0,0.09333,0.00000,0.00000,0.9855,-1
18150610102,0,0,0,0,0.00889,0.00686,0.00000,0.9860,-1
18150610201,1,1,0,0,0.07726,0.00000,0.00000,0.9835,-1
18150610202,1,1,0,0,0.05740,0.00000,0.00000,0.9579,0
18150710101,1,1,0,0,0.14744,0.00000,0.00000,0.9588,-1
18150710102,1,1,0,0,0.09492,0.00000,0.00000,0.9789,-1
18150710103,1,1,0,0,0.08238,0.00000,0.00000,0.9819,-1
18150810101,3,1,1,1,0.08696,0.08009,0.04423,0.9726,0
18150810201,1,1,0,0,0.10549,0.00000,0.00000,0.9397,2
18150910101,0,0,0,0,0.00000,0.00000,0.00000,0.9833,-1
18150910102,1,1,0,0,0.20595,0.00000,0.00000,0.9819,-1
18151010101,1,1,0,0,0.07285,0.00000,0.00000,0.9829,0
18151010102,1,1,0,0,0.06834,0.00000,0.00000,0.9472,2
18151010103,1,1,0,0,0.08525,0.00000,0.00000,0.9812,-1
18151010104,1,1,0,0,0.11038,0.00000,0.00000,0.9475,2
18151110101,3,1,1,1,0.16018,0.13024,0.14790,0.9848,-2
18151110102,2,1,1,0,0.06452,0.03890,0.00000,0.9858,-1
18151110201,1,1,0,0,0.15103,0.00000,0.00000,0.9579,-1
18151210101,1,1,0,0,0.16000,0.00000,0.00000,0.9775,-1
18151210102,0,0,0,0,0.00000,0.00000,0.00000,0.9527,2
18151210103,1,1,0,0,0.06977,0.00000,0.00000,0.9586,3
18151210104,1,1,0,0,0.07834,0.00000,0.00000,0.9830,-1
18151210105,0,0,0,0,0.00000,0.00000,0.00000,0.9409,2
18151210106,0,0,0,0,0.00000,0.00000,0.00000,0.9640,-1
18151210201,0,0,0,0,0.00000,0.00000,0.00000,0.9487,1
18151210202,0,0,0,0,0.00000,0.00000,0.00000,0.9483,2
18151310101,0,0,0,0,0.00000,0.00000,0.00000,0.9824,-1
18151310102,1,1,0,0,0.07125,0.00000,0.00000,0.9772,-1
18151410101,1,1,0,0,0.11556,0.00000,0.00000,0.9863,-1
18151410102,1,1,0,0,0.09556,0.00000,0.00000,0.9798,0
18151410201,0,0,0,0,0.00000,0.00000,0.00000,0.9876,-1
18151410202,0,0,0,0,0.00000,0.00000,0.00000,0.9873,-1
18151410203,0,0,0,0,0.00000,0.00000,0.00000,0.9772,-1
18151410204,1,1,0,0,0.13245,0.00000,0.00000,0.9848,-1
18151410301,1,1,0,0,0.01831,0.00221,0.00000,0.9847,-1
18151410302,0,0,0,0,0.00221,0.00000,0.00667,0.9832,-1
18151510101,0,0,0,0,0.00000,0.00000,0.00000,0.9499,2
18151510102,0,0,0,0,0.00000,0.00686,0.00000,0.9881,-1
18151510103,0,0,0,0,0.00000,0.00000,0.00000,0.9770,-1
18151610101,2,1,1,0,0.17219,0.05300,0.00000,0.9565,-1
18151610102,1,1,0,0,0.10667,0.00000,0.00000,0.9711,0
18151710101,1,1,0,0,0.09272,0.00000,0.00000,0.9845,-1
18151710102,1,1,0,0,0.12102,0.00000,0.00000,0.9801,1
18160110101,1,1,0,0,0.08085,0.00000,0.00000,0.9807,1
18160210101,1,1,0,0,0.06636,0.00000,0.00000,0.9600,1
18160310101,1,1,0,0,0.01545,0.00000,0.00000,0.9354,0
18160310102,1,1,0,0,0.10118,0.00000,0.00000,0.9273,3
18160310103,1,1,0,0,0.08009,0.00000,0.00000,0.9170,3
18160320101,0,0,0,0,0.00000,0.00000,0.00000,0.9729,0
18160320102,1,1,0,0,0.10319,0.00000,0.00000,0.9282,4
18160330101,1,1,0,0,0.03917,0.00000,0.00000,0.9752,1
19010110101,1,1,0,0,0.06527,0.00000,0.00000,0.9239,1
19010110201,1,1,0,0,0.06193,0.00000,0.00000,0.5260,11
19010110202,1,1,0,0,0.07243,0.00000,0.00000,0.9776,0
19010110203,1,1,0,0,0.05128,0.00000,0.00000,0.9871,0
19010210101,1,1,0,0,0.04328,0.00000,0.00000,0.9832,1
19010210102,1,1,0,0,0.06221,0.00000,0.00000,0.9282,3
19010220101,1,1,0,0,0.03695,0.00000,0.00000,0.9355,2
19010220201,1,1,0,0,0.06553,0.00000,0.00000,0.9216,3
19010310101,0,0,0,0,0.00000,0.00000,0.00000,0.9857,-1
19010310102,1,1,0,0,0.08537,0.00000,0.00000,0.9568,0
19010310201,0,0,0,0,0.00000,0.00000,0.00000,0.9870,-2
19010410101,0,0,0,0,0.00222,0.00000,0.00222,0.9845,-1
19010410201,0,0,0,0,0.00000,0.00000,0.00000,0.9239,1
19010410301,0,0,0,0,0.00000,0.00000,0.00000,0.9682,0
19010410401,0,0,0,0,0.00000,0.00000,0.00000,0.9246,0
19010410501,1,1,0,0,0.06835,0.00000,0.00000,0.9446,2
19020110101,1,1,0,0,0.07565,0.00000,0.00000,0.8949,4
19020110201,2,1,1,0,0.04388,0.02540,0.00000,0.9579,2
19020110202,2,1,1,0,0.05085,0.02564,0.00000,0.9217,2
19020110203,1,1,0,0,0.01606,0.00662,0.00000,0.8761,4
19020110204,1,1,0,0,0.08945,0.00000,0.00000,0.8933,5
19020210101,1,1,0,0,0.10162,0.00000,0.00000,0.9410,2
19020210102,1,1,0,0,0.04872,0.00000,0.00000,0.8802,5
19020210103,1,1,0,0,0.07317,0.00000,0.00000,0.8179,6
19020210201,0,0,0,0,0.00000,0.00000,0.00000,0.9175,2
19020210202,1,1,0,0,0.07269,0.00000,0.00000,0.9638,2
19020210204,1,1,0,0,0.06467,0.00000,0.00000,0.8817,3
19020210205,1,1,0,0,0.11547,0.00000,0.00000,0.8856,2
19020210301,1,1,0,0,0.07711,0.00000,0.00000,0.9264,2
19020210302,1,1,0,0,0.05734,0.00000,0.00000,0.8215,5
19020210303,0,0,0,0,0.00242,0.00000,0.00000,0.8826,5
19020310101,1,1,0,0,0.03111,0.00000,0.00000,0.9507,2
19020310102,1,1,0,0,0.07621,0.00000,0.00000,0.9488,2
19020310201,1,1,0,0,0.07339,0.00000,0.00000,0.8449,4
19020410101,1,1,0,0,0.01778,0.00000,0.00000,0.9591,2
19020410102,1,1,0,0,0.11290,0.00000,0.00000,0.9008,2
19020510101,1,1,0,0,0.08858,0.00000,0.00000,0.9414,1
19020510102,1,1,0,0,0.08486,0.00000,0.00000,0.8367,6
19020610101,1,1,0,0,0.02995,0.00000,0.00000,0.9302,2
19020610201,1,1,0,0,0.03024,0.00000,0.00000,0.9245,4
19020610202,1,1,0,0,0.06222,0.00000,0.00000,0.9545,1
19020610301,1,1,0,0,0.04449,0.00000,0.00000,0.9562,2
19020710101,1,1,0,0,0.04878,0.00000,0.00000,0.8988,5
19020710102,0,0,0,0,0.00000,0.00000,0.00000,0.9563,2
19020810101,1,1,0,0,0.12673,0.00000,0.00000,0.9490,2
19020810102,1,1,0,0,0.09238,0.00000,0.00000,0.9234,2
19020810103,1,1,0,0,0.09313,0.00000,0.00000,0.8260,6
19020810201,0,0,0,0,0.00441,0.00000,0.00000,0.9508,3
19020810202,1,1,0,0,0.16667,0.00000,0.00000,0.8525,3
19020810203,1,1,0,0,0.05104,0.00000,0.00000,0.9033,4
19020910101,2,1,1,0,0.03814,0.08259,0.00000,0.9054,1
19020910201,1,1,0,0,0.05508,0.00000,0.00000,0.9499,2
19021010101,1,1,0,0,0.06136,0.00000,0.00000,0.8439,5
19021010102,1,1,0,0,0.01446,0.00000,0.00000,0.9637,2
19021010201,1,1,0,0,0.05556,0.00000,0.00000,0.9566,2
19021020303,1,1,0,0,0.05669,0.00000,0.00000,0.8840,5
19030110101,1,1,0,0,0.01152,0.00000,0.00000,0.9294,2
19030110201,0,0,0,0,0.00000,0.00000,0.00000,0.9350,0
19030210101,1,1,0,0,0.03778,0.00000,0.00000,0.9483,1
19030210201,1,1,0,0,0.05111,0.00000,0.00000,0.9304,2
19030210202,1,1,0,0,0.08159,0.00000,0.00000,0.9485,1
19030210203,1,1,0,0,0.06144,0.00000,0.00000,0.9607,-1
19030210204,0,0,0,0,0.00000,0.00000,0.00000,0.9296,1
19030210205,1,1,0,0,0.03778,0.00000,0.00000,0.9685,0
19030210301,1,1,0,0,0.04608,0.00000,0.00000,0.9604,-1
19030210302,1,1,0,0,0.16990,0.00000,0.00000,0.9326,3
19030210303,1,1,0,0,0.08102,0.00000,0.00000,0.9436,1
19030210401,0,0,0,0,0.00000,0.00000,0.00000,0.9436,1
19030210402,0,0,0,0,0.00000,0.00000,0.00000,0.9854,-1
19030310101,1,1,0,0,0.08092,0.00000,0.00000,0.9262,3
19030310201,0,0,0,0,0.01008,0.00506,0.00000,0.9198,2
19030310202,1,1,0,0,0.09217,0.00000,0.00000,0.9533,1
19030310301,1,1,0,0,0.11335,0.00000,0.00000,0.9333,0
19030310302,1,1,0,0,0.03373,0.00000,0.00000,0.9432,2
19030410101,2,1,1,0,0.03456,0.02309,0.00000,0.9619,-1
19030410102,2,1,1,0,0.03874,0.04030,0.00000,0.9659,-1
19030410201,1,1,0,0,0.06536,0.00000,0.00000,0.9625,1
19030410301,1,1,0,0,0.06295,0.00000,0.00000,0.9511,1
19030510101,1,1,0,0,0.05239,0.00000,0.00000,0.9399,2
19030510102,1,1,0,0,0.02025,0.00528,0.00000,0.9656,0
19030510201,1,1,0,0,0.06297,0.00000,0.00000,0.9477,2
19030510301,0,0,0,0,0.00000,0.00000,0.00000,0.9814,-1
19030510401,2,1,1,0,0.05516,0.07780,0.00000,0.9598,1
19030610102,1,1,0,0,0.04662,0.00000,0.00000,0.9413,2
19030710101,1,1,0,0,0.02304,0.00000,0.00000,0.9158,0
19030710201,2,1,1,0,0.06697,0.08370,0.00000,0.9311,3
19030710301,1,1,0,0,0.11189,0.00000,0.00000,0.9592,2
19030810101,1,1,0,0,0.06697,0.00000,0.00000,0.9392,2
19030810102,1,1,0,0,0.08986,0.00000,0.00000,0.9335,2
19030810201,1,1,0,0,0.07110,0.00000,0.00000,0.9448,1
19030910101,1,1,0,0,0.08525,0.00000,0.00000,0.9416,2
19030910102,1,1,0,0,0.10905,0.00000,0.00000,0.9198,1
19030910201,1,1,0,0,0.12889,0.00000,0.00000,0.9412,0
19031010102,0,0,0,0,0.00000,0.00000,0.00000,0.9247,0
19031010201,1,1,0,0,0.01552,0.00000,0.00000,0.9330,1
19031010301,1,1,0,0,0.05765,0.00000,0.00000,0.9597,0
19031110101,2,1,1,0,0.02889,0.04667,0.00000,0.9635,1
19031110201,1,1,0,0,0.04157,0.00000,0.00000,0.9641,2
19031110202,1,1,0,0,0.06731,0.00000,0.00000,0.9628,1
19031110301,1,1,0,0,0.13667,0.00000,0.00000,0.9456,3
19031110401,1,1,0,0,0.10138,0.00000,0.00000,0.9452,2
19031110402,1,1,0,0,0.06780,0.00000,0.00000,0.9583,1
19033110101,1,1,0,0,0.04966,0.00000,0.00000,0.9257,2
19040110101,2,1,1,0,0.06452,0.01453,0.00000,0.9433,0
19040110102,0,0,0,0,0.00000,0.00000,0.00223,0.9821,0
19040210101,1,1,0,0,0.05220,0.00000,0.00000,0.9366,2
19040210102,1,1,0,0,0.06582,0.00000,0.00000,0.9684,0
19040210103,1,1,0,0,0.08314,0.00000,0.00000,0.9858,-1
19040210201,1,1,0,0,0.06538,0.00000,0.00000,0.9504,0
19040210202,2,1,1,0,0.12288,0.10138,0.00000,0.9674,0
19040210301,1,1,0,0,0.13857,0.00000,0.00000,0.9747,0
19040210302,0,0,0,0,0.00000,0.00000,0.00000,0.9274,3
19040310101,1,1,0,0,0.06928,0.00000,0.00000,0.9669,0
19040310102,1,1,0,0,0.05569,0.00000,0.00000,0.9735,1
19040310103,1,1,0,0,0.08010,0.00000,0.00000,0.9626,0
19040310104,1,1,0,0,0.08370,0.00000,0.00000,0.9573,1
19040310105,1,1,0,0,0.07621,0.00000,0.00000,0.9486,1
19040310106,1,1,0,0,0.05594,0.00000,0.00000,0.9863,-1
19040320101,0,0,0,0,0.00000,0.00000,0.00000,0.9706,-1
19040320102,1,1,0,0,0.09049,0.00000,0.00000,0.9364,2
19040320103,1,1,0,0,0.08986,0.00000,0.00000,0.9176,2
19040320104,1,1,0,0,0.08121,0.00000,0.00000,0.9784,-1
19040320105,1,1,0,0,0.06682,0.00000,0.00000,0.9501,0
19040320201,1,1,0,0,0.04128,0.00000,0.00000,0.9778,-2
19040320202,1,1,0,0,0.05361,0.00000,0.00000,0.9766,-1
19040410101,1,1,0,0,0.02222,0.00466,0.00000,0.9185,2
19040410102,1,1,0,0,0.09007,0.00000,0.00000,0.9818,1
19040410201,1,1,0,0,0.10624,0.00000,0.00000,0.9791,0
19040410301,1,1,0,0,0.06027,0.00000,0.00000,0.9796,0
19050110101,0,0,0,0,0.00000,0.00000,0.00000,0.9664,2
19050110102,0,0,0,0,0.00000,0.00000,0.00000,0.9476,1
19050110201,0,0,0,0,0.00000,0.00000,0.00000,0.9378,1
19050210101,1,1,0,0,0.11697,0.00000,0.00000,0.9285,1
19050210102,0,0,0,0,0.00000,0.00000,0.00000,0.9666,1
19050210201,0,0,0,0,0.00000,0.00000,0.00000,0.9327,3
19050310101,0,0,0,0,0.00000,0.00000,0.00000,0.9164,3
19050310102,0,0,0,0,0.00000,0.00000,0.00000,0.9633,2
19050410101,0,0,0,0,0.00000,0.00000,0.00000,0.9493,2
19050410102,0,0,0,0,0.00000,0.00000,0.00000,0.9470,3
19050410201,0,0,0,0,0.00000,0.00000,0.00000,0.9463,1
19050410202,0,0,0,0,0.00000,0.00000,0.00000,0.9568,1
19050510101,1,1,0,0,0.07053,0.00000,0.00000,0.9461,3
19050510102,0,0,0,0,0.00000,0.00000,0.00000,0.9192,2
19050510103,0,0,0,0,0.00000,0.00000,0.00000,0.9444,1
19050610101,0,0,0,0,0.00000,0.00000,0.00000,0.9560,0
19050610102,0,0,0,0,0.00000,0.00000,0.00562,0.9249,2
19050610103,0,0,0,0,0.00000,0.00000,0.00000,0.9332,1
19050610201,1,1,0,0,0.07229,0.00000,0.00000,0.9545,1
19050610202,1,1,0,0,0.03989,0.00000,0.00000,0.9507,1
19050610301,0,0,0,0,0.00000,0.00000,0.00000,0.9460,1
19050610302,0,0,0,0,0.00000,0.00000,0.00000,0.9481,3
19050610303,0,0,0,0,0.00000,0.00000,0.00000,0.9542,-1
19050610401,0,0,0,0,0.00000,0.00000,0.00000,0.9260,1
19050610402,1,1,0,0,0.01446,0.00000,0.00000,0.9471,2
19050610403,1,0,1,0,0.00000,0.01944,0.00000,0.9706,0
19050610404,0,0,0,0,0.00000,0.00000,0.00000,0.9439,3
19050710101,1,1,0,0,0.09375,0.00000,0.00000,0.9346,2
19050710102,0,0,0,0,0.00212,0.00000,0.00000,0.9554,1
19050710201,1,1,0,0,0.09112,0.00000,0.00000,0.9627,1
19050810101,1,1,0,0,0.08776,0.00000,0.00000,0.9340,3
19050810102,0,0,0,0,0.00000,0.00000,0.00000,0.9656,3
19050810201,1,1,0,0,0.05610,0.00000,0.00000,0.9437,2
19050810202,0,0,0,0,0.00000,0.00000,0.00000,0.9632,2
19050810203,0,0,0,0,0.00000,0.00000,0.00000,0.9573,2
19050810204,0,0,0,0,0.00000,0.00000,0.00000,0.9306,2
19050810301,0,0,0,0,0.00000,0.00000,0.00000,0.9579,1
19050810302,0,0,0,0,0.00000,0.00000,0.00000,0.4705,-4
19050810303,0,0,0,0,0.00000,0.00000,0.00000,0.9327,2
19050910101,1,1,0,0,0.04608,0.00000,0.00000,0.9396,2
19050910102,0,0,0,0,0.00000,0.00000,0.00000,0.9505,4
19050910103,0,0,0,0,0.00000,0.00000,0.00000,0.9665,1
19050910104,0,0,0,0,0.00667,0.00000,0.00000,0.9664,2
19051010101,1,1,0,0,0.03341,0.00000,0.00000,0.9247,1
19051010102,0,0,0,0,0.00000,0.00000,0.00000,0.9414,1
19051110101,1,1,0,0,0.05588,0.00285,0.00284,0.9551,1
19051110102,0,0,0,0,0.00234,0.00000,0.00000,0.9232,2
19051210101,0,0,0,0,0.00000,0.00000,0.00000,0.9527,2
19051210201,0,0,0,0,0.00000,0.00000,0.00000,0.9199,2
19051210202,0,0,0,0,0.00000,0.00000,0.00000,0.9417,2
19051210203,0,0,0,0,0.00000,0.00000,0.00000,0.9380,2
19051210204,1,1,0,0,0.12867,0.00000,0.00000,0.9529,1
19051210301,1,1,0,0,0.05793,0.00000,0.00000,0.9556,0
19051210302,0,0,0,0,0.00000,0.00000,0.00000,0.9663,3
19051210303,0,0,0,0,0.00000,0.00000,0.00000,0.9672,2
19051210401,0,0,0,0,0.00000,0.00000,0.00000,0.9720,1
19051210402,1,1,0,0,0.04439,0.00000,0.00000,0.9707,1
19051210403,0,0,0,0,0.00000,0.00000,0.00000,0.9632,1
19051210404,0,0,0,0,0.00000,0.00000,0.00000,0.9662,2
19060110101,0,0,0,0,0.00000,0.00000,0.00000,0.9620,1
19060110201,1,1,0,0,0.10491,0.00000,0.00000,0.9562,2
19060210101,1,1,0,0,0.05674,0.00000,0.00000,0.9008,4
19060210102,0,0,0,0,0.00000,0.00000,0.00000,0.9228,2
19060310101,1,1,0,0,0.03348,0.00000,0.00000,0.9626,1
19060310201,1,1,0,0,0.08705,0.00000,0.00000,0.9714,1
19060310202,1,1,0,0,0.07018,0.00000,0.00000,0.8629,4
19060310301,1,1,0,0,0.04116,0.00000,0.00000,0.9041,3
19060410101,1,1,0,0,0.07333,0.00000,0.00000,0.9529,1
19060410201,1,1,0,0,0.09111,0.00000,0.00000,0.9255,2
19060510101,0,0,0,0,0.00000,0.00000,0.00000,0.9193,4
19060510201,1,1,0,0,0.13936,0.00000,0.00000,0.9210,1
19060510301,1,1,0,0,0.02423,0.00000,0.00000,0.8355,5
19060510302,1,1,0,0,0.05333,0.00000,0.00000,0.9035,3
19060510303,0,0,0,0,0.00000,0.00000,0.00000,0.9642,1
19060510304,0,0,0,0,0.00000,0.00000,0.00000,0.9732,1
19060610101,1,1,0,0,0.04222,0.00000,0.00000,0.9354,2
19060610201,1,1,0,0,0.07373,0.00000,0.00000,0.8982,4
19060610301,0,0,0,0,0.00000,0.00000,0.00000,0.9437,3
19060710101,0,0,0,0,0.00000,0.00000,0.00000,0.9501,1
19060710201,0,0,0,0,0.00000,0.00000,0.00000,0.9030,2
19060710301,1,1,0,0,0.03594,0.00879,0.00000,0.8859,5
19060810101,1,1,0,0,0.06726,0.00000,0.00000,0.9047,6
19070110101,1,1,0,0,0.06651,0.00000,0.00000,0.9633,2
19070110102,0,0,0,0,0.00000,0.00000,0.00000,0.9354,2
19070110201,2,1,1,0,0.05800,0.07193,0.00000,0.9547,2
19070210101,1,1,0,0,0.14667,0.00000,0.00000,0.9636,1
19070210102,1,1,0,0,0.06829,0.00000,0.00000,0.9484,3
19070210201,1,1,0,0,0.09880,0.00000,0.00000,0.9439,2
19070310101,1,1,0,0,0.14320,0.00000,0.00000,0.9567,3
19070310102,1,1,0,0,0.10069,0.00000,0.00000,0.9528,2
19070410101,0,0,0,0,0.00000,0.00000,0.00000,0.9759,1
19070410102,1,1,0,0,0.07517,0.00000,0.00000,0.9753,-1
19070510101,1,1,0,0,0.05841,0.00000,0.00000,0.9619,1
19070510102,1,1,0,0,0.03991,0.00000,0.00000,0.9608,1
19070510103,1,1,0,0,0.10092,0.00633,0.00000,0.9646,1
19070510104,2,1,1,0,0.07373,0.07193,0.00000,0.9610,1
19070610101,1,1,0,0,0.07226,0.00000,0.00000,0.9656,0
19070610201,2,1,1,0,0.05300,0.06682,0.00000,0.9599,2
19070710101,1,1,0,0,0.09977,0.00000,0.00000,0.9616,2
19070710102,0,0,0,0,0.00000,0.00000,0.00000,0.9648,1
19070710201,1,1,0,0,0.06422,0.00000,0.00000,0.9443,1
19070710202,0,0,0,0,0.00000,0.00000,0.00000,0.9443,0
19070810101,1,1,0,0,0.05316,0.00000,0.00000,0.9421,3
19070810102,1,1,0,0,0.08717,0.00000,0.00000,0.9597,0
19070810103,1,1,0,0,0.06294,0.00000,0.00000,0.9589,1
19070810201,1,1,0,0,0.13725,0.00000,0.00000,0.9240,3
19070810202,1,1,0,0,0.05542,0.00000,0.00000,0.9452,4
19070810203,0,0,0,0,0.00000,0.00000,0.00000,0.9338,2
19070910101,1,1,0,0,0.03070,0.00000,0.00000,0.9652,2
19070910201,1,1,0,0,0.06971,0.00249,0.00000,0.9503,3
19080110101,0,0,0,0,0.00000,0.00000,0.00000,0.9740,0
19080110102,0,0,0,0,0.00000,0.00000,0.00264,0.9553,1
19080110103,0,0,0,0,0.00000,0.00000,0.00000,0.9508,0
19080120101,1,1,0,0,0.11408,0.00000,0.00000,0.9393,3
19080120102,0,0,0,0,0.00000,0.00000,0.00000,0.9423,2
19080210101,1,1,0,0,0.14019,0.00000,0.00000,0.9637,1
19080210102,0,0,0,0,0.00000,0.00000,0.00000,0.9438,2
19080210103,0,0,0,0,0.00000,0.00000,0.00000,0.9502,3
19080220101,1,1,0,0,0.06444,0.00000,0.00000,0.9581,2
19080230101,0,0,0,0,0.00000,0.00000,0.00000,0.9547,2
19090110101,1,1,0,0,0.01996,0.00000,0.00000,0.9510,2
19090110102,2,1,1,0,0.04619,0.07748,0.00000,0.9529,3
19090210101,1,1,0,0,0.10444,0.00000,0.00000,0.9334,1
19090210102,0,0,0,0,0.00000,0.00000,0.00000,0.9478,2
19090210201,1,1,0,0,0.11060,0.00000,0.00000,0.9371,1
19090210301,1,1,0,0,0.08049,0.00000,0.00000,0.9410,2
19090210302,1,1,0,0,0.08756,0.00000,0.00000,0.9434,1
19090310101,2,1,1,0,0.08193,0.07604,0.00000,0.9631,1
19090310201,1,1,0,0,0.11521,0.00000,0.00000,0.9543,2
19090410101,1,1,0,0,0.10361,0.00000,0.00000,0.9592,2
19090410102,0,0,0,0,0.00000,0.00000,0.00000,0.9489,4
19090510101,1,1,0,0,0.06032,0.00000,0.00000,0.9592,3
19090510102,1,1,0,0,0.07173,0.00000,0.00000,0.9406,3
19090510201,0,0,0,0,0.00000,0.00000,0.00000,0.9368,1
19090610101,1,1,0,0,0.07952,0.00000,0.00000,0.9456,1
19090610201,1,1,0,0,0.07342,0.00000,0.00000,0.9643,0
19090610202,2,1,1,0,0.09513,0.04578,0.00000,0.9619,1
19090710101,1,1,0,0,0.04600,0.00000,0.00000,0.9310,3
19090710201,1,1,0,0,0.04861,0.00000,0.00000,0.9538,1
19090710202,1,1,0,0,0.06452,0.00000,0.00000,0.9503,0
19090810101,1,1,0,0,0.10321,0.00000,0.00000,0.9439,3
19090810102,0,0,0,0,0.00000,0.00000,0.00000,0.9176,3
19090810201,1,1,0,0,0.04408,0.00000,0.00000,0.9619,2
19090810202,0,0,0,0,0.00000,0.00000,0.00000,0.9418,3
19090910101,1,1,0,0,0.06422,0.00000,0.00000,0.9480,3
19090910201,1,1,0,0,0.08486,0.00000,0.00000,0.9537,2
19090910202,0,0,0,0,0.00000,0.00000,0.00000,0.9666,2
19090910301,1,1,0,0,0.04429,0.00000,0.00000,0.9551,3
19091010101,1,1,0,0,0.07459,0.00000,0.00000,0.9433,2
19091010102,1,1,0,0,0.05568,0.00000,0.00000,0.9523,2
19091110101,1,1,0,0,0.10843,0.00000,0.00000,0.9623,2
19091110102,1,1,0,0,0.12121,0.00000,0.00000,0.9290,3
19091110103,1,1,0,0,0.11888,0.00000,0.00000,0.9570,1
19091210101,1,1,0,0,0.09790,0.00000,0.00000,0.9547,0
19091210201,1,1,0,0,0.11084,0.00000,0.00000,0.9491,2
19091210301,1,1,0,0,0.07539,0.00000,0.00000,0.9524,2
19100110101,1,1,0,0,0.06988,0.00000,0.00000,0.9637,2
19100210101,3,1,1,1,0.08986,0.09217,0.07470,0.9537,2
19100310101,1,1,0,0,0.13111,0.00000,0.00000,0.9657,2
19100410101,1,1,0,0,0.03879,0.00000,0.00000,0.8627,6
19100410201,1,1,0,0,0.02535,0.00000,0.00000,0.8824,5
19100410202,0,0,0,0,0.00000,0.00000,0.00000,0.8407,5
19100510101,2,1,1,0,0.09856,0.06881,0.00000,0.8484,5
19100610101,2,1,1,0,0.05000,0.06604,0.00000,0.9163,2
19100610201,0,0,0,0,0.00000,0.00000,0.00000,0.8412,5
19100610301,0,0,0,0,0.00000,0.00693,0.00424,0.9325,2
19100610302,0,0,0,0,0.00000,0.00000,0.00000,0.8339,4
19100610401,0,0,0,0,0.00000,0.00000,0.00000,0.9438,2
19100710101,1,1,0,0,0.05147,0.00000,0.00000,0.9196,3
19100710102,1,1,0,0,0.06430,0.00000,0.00000,0.8732,5
19100710103,2,1,1,0,0.04116,0.04819,0.00000,0.9484,2
19100710201,2,1,1,0,0.06506,0.06221,0.00000,0.8945,2
19100810101,2,1,1,0,0.04878,0.07159,0.00000,0.9424,2
19100910101,1,1,0,0,0.07621,0.00000,0.00000,0.9446,2
19100910201,1,1,0,0,0.03148,0.00000,0.00000,0.9629,1
19100910202,0,0,0,0,0.00000,0.00000,0.00000,0.9318,2
19101010101,0,0,0,0,0.00000,0.00000,0.00000,0.8587,4
19101010102,1,1,0,0,0.04719,0.00000,0.00000,0.9614,2
19101010103,1,1,0,0,0.04843,0.00000,0.00000,0.9344,2
19101010201,2,1,1,0,0.03820,0.04481,0.00000,0.9571,2
19101010301,2,1,1,0,0.03812,0.07240,0.00000,0.8704,5
19101010401,2,1,1,0,0.10579,0.11083,0.00000,0.9186,1
19110110101,0,0,0,0,0.00000,0.00000,0.00000,0.9748,1
19110110102,0,0,0,0,0.00000,0.00000,0.00000,0.9322,0
19110110103,0,0,0,0,0.00000,0.00000,0.00000,0.9863,1
19110110104,0,0,0,0,0.00000,0.00000,0.00000,0.9606,1
19110110201,1,1,0,0,0.09677,0.00000,0.00000,0.9163,2
19110110202,1,1,0,0,0.05778,0.00000,0.00000,0.9678,-1
19110110301,1,1,0,0,0.06452,0.00439,0.00000,0.9828,0
19110110302,1,1,0,0,0.08525,0.00000,0.00000,0.9325,0
19110110303,0,0,0,0,0.00000,0.00000,0.00000,0.9443,-2
19110110304,1,1,0,0,0.07709,0.00000,0.00000,0.9166,1
19110210101,1,1,0,0,0.06467,0.00000,0.00000,0.9784,-2
19110210102,1,1,0,0,0.08756,0.00000,0.00000,0.9495,1
19110210201,1,1,0,0,0.04025,0.00000,0.00000,0.9476,0
19110210202,0,0,0,0,0.00000,0.00000,0.00000,0.9743,0
19110210203,0,0,0,0,0.00462,0.00462,0.00000,0.9459,2
191103010201,1,1,0,0,0.12500,0.00000,0.00000,0.9261,2
191103010202,0,0,0,0,0.00000,0.00000,0.00000,0.9847,0
19110310101,0,0,0,0,0.00000,0.00000,0.00000,0.9766,-2
19110410101,1,1,0,0,0.03111,0.00000,0.00000,0.9408,-1
19110410201,1,1,0,0,0.08545,0.00000,0.00000,0.9878,0
19110410202,0,0,0,0,0.00000,0.00000,0.00000,0.9784,-2
19110410301,0,0,0,0,0.00000,0.00000,0.00000,0.9617,-1
19110410302,0,0,0,0,0.00000,0.00000,0.00000,0.9861,-1
19110510101,1,1,0,0,0.07418,0.00000,0.00000,0.9827,0
19110610101,1,1,0,0,0.09469,0.00000,0.00000,0.9779,-1
19110710102,1,1,0,0,0.10162,0.00000,0.00000,0.9423,1
19110710201,0,0,0,0,0.00000,0.00893,0.00000,0.9836,-1
19110710202,1,0,1,0,0.00000,0.05828,0.00000,0.9869,-1
19110710203,0,0,0,0,0.00000,0.00000,0.00000,0.9796,1
19110710204,1,1,0,0,0.06000,0.00000,0.00000,0.9833,-2
19120110101,1,1,0,0,0.06697,0.00000,0.00000,0.9451,4
19120110102,1,1,0,0,0.07026,0.00701,0.00467,0.9446,1
19120110103,2,1,1,0,0.09852,0.09694,0.00000,0.9374,4
19120210101,0,0,0,0,0.00971,0.00252,0.00000,0.9317,2
19120210201,1,1,0,0,0.10000,0.00000,0.00000,0.9459,1
19120210301,1,1,0,0,0.02079,0.00441,0.00000,0.9588,3
19120310101,1,1,0,0,0.09557,0.00000,0.00000,0.9445,1
19120310201,1,1,0,0,0.11491,0.00000,0.00000,0.9592,1
19120310301,1,1,0,0,0.09049,0.00000,0.00000,0.9458,3
19120310302,1,1,0,0,0.05568,0.00000,0.00000,0.9349,2
19120410101,2,1,1,0,0.04711,0.04045,0.00000,0.9442,2
19120510101,2,1,1,0,0.09235,0.05623,0.00000,0.9545,1
19120510201,1,1,0,0,0.11927,0.00000,0.00000,0.9617,2
19120510301,1,1,0,0,0.07952,0.00000,0.00000,0.9462,1
19120510302,2,1,1,0,0.01865,0.02179,0.00000,0.9398,2
19120510401,1,1,0,0,0.04534,0.00000,0.00000,0.9637,2
19120510402,2,0,1,1,0.00000,0.03333,0.04048,0.8865,1
19120510403,1,1,0,0,0.11316,0.00000,0.00000,0.9488,3
19120510404,1,1,0,0,0.15904,0.00000,0.00000,0.9512,1
19130110101,1,1,0,0,0.01918,0.00231,0.00000,0.9472,2
19130210101,2,1,1,0,0.05300,0.06430,0.00000,0.9271,4
19130210201,3,1,1,1,0.08065,0.07470,0.09469,0.9546,1
19130210301,2,1,1,0,0.07470,0.06961,0.00000,0.9512,2
19130310101,2,1,1,0,0.08730,0.12137,0.00000,0.9596,2
19130310201,3,1,1,1,0.06715,0.04796,0.04388,0.9388,0
19130410101,1,1,0,0,0.07930,0.00000,0.00000,0.9378,3
19130410201,2,1,1,0,0.03306,0.05143,0.00000,0.9493,3
19130410202,0,0,0,0,0.00000,0.00000,0.00000,0.9252,3
19130510101,0,0,0,0,0.00000,0.00000,0.00000,0.9639,0
19130510102,1,1,0,0,0.10780,0.00000,0.00000,0.9632,1
19130510201,1,1,0,0,0.09693,0.00000,0.00000,0.9267,2
20010110101,2,1,1,0,0.08557,0.05303,0.00000,0.9392,0
20010210101,1,1,0,0,0.09545,0.00000,0.00000,0.9467,1
20010210102,2,1,1,0,0.10156,0.10156,0.00000,0.9370,1
20010210103,1,1,0,0,0.07617,0.00000,0.00000,0.9824,-1
20010210201,2,1,1,0,0.02845,0.04575,0.00000,0.5963,13
20010210202,2,1,1,0,0.08182,0.08255,0.00000,0.9427,2
20010210203,2,1,1,0,0.02733,0.05239,0.00000,0.9787,0
20010310101,1,1,0,0,0.10110,0.00000,0.00000,0.9610,2
20010310201,3,1,1,1,0.08491,0.03864,0.06383,0.9790,0
20010410101,2,1,1,0,0.08920,0.10094,0.00000,0.9433,2
20010410201,1,1,0,0,0.08333,0.00000,0.00000,0.9438,2
20010420101,1,1,0,0,0.12354,0.00000,0.00000,0.9588,3
20010420102,1,1,0,0,0.06378,0.00000,0.00000,0.9746,0
20010420103,1,1,0,0,0.09276,0.00000,0.00000,0.9422,2
20010420104,1,1,0,0,0.07801,0.00000,0.00000,0.9766,0
20020110101,1,1,0,0,0.08511,0.00000,0.00000,0.9636,0
20020110102,1,1,0,0,0.11321,0.00000,0.00000,0.9521,2
20020110103,1,1,0,0,0.05239,0.00000,0.00000,0.9781,-1
20020110104,1,1,0,0,0.08553,0.00000,0.00000,0.9373,2
20020110201,1,1,0,0,0.07895,0.00000,0.00000,0.9779,1
20020110202,1,1,0,0,0.02626,0.00000,0.00000,0.9354,1
20020210101,1,1,0,0,0.09231,0.00000,0.00000,0.9822,0
20020210102,1,1,0,0,0.03956,0.00000,0.00000,0.9777,-1
20020210103,2,1,1,0,0.05492,0.05239,0.00000,0.9878,0
20020210104,2,1,1,0,0.07018,0.03728,0.00000,0.9400,2
20020210105,1,1,0,0,0.08352,0.00000,0.00000,0.9645,0
20020310101,1,1,0,0,0.05674,0.00000,0.00000,0.9522,0
20020310201,1,1,0,0,0.05189,0.00000,0.00000,0.9468,2
20020310202,1,1,0,0,0.06591,0.00000,0.00000,0.9378,2
20020310203,1,1,0,0,0.07062,0.00000,0.00000,0.9644,0
20020310204,1,1,0,0,0.07912,0.00000,0.00000,0.9779,0
20020410101,2,1,1,0,0.08428,0.10307,0.00000,0.9472,2
20020410102,2,1,1,0,0.09670,0.05695,0.00000,0.9797,0
20020510101,1,1,0,0,0.07188,0.00000,0.00000,0.9751,-1
20020510102,1,1,0,0,0.05492,0.00000,0.00000,0.9805,-1
20020510103,1,1,0,0,0.03956,0.00000,0.00000,0.9763,0
20030110101,0,0,0,0,0.00000,0.00000,0.00000,0.9724,0
20030110201,0,,,,,,,0.9783,1
20030110301,0,0,0,0,0.00000,0.00000,0.00000,0.9540,2
20030110302,0,0,0,0,0.00000,0.00000,0.00000,0.9554,2
20030210101,0,0,0,0,0.00000,0.00000,0.00000,0.9792,0
20030210102,1,1,0,0,0.06374,0.00000,0.00000,0.9758,0
20030210103,0,0,0,0,0.00000,0.00000,0.00000,0.9783,0
20030210104,0,0,0,0,0.00000,0.00000,0.00000,0.9743,-1
20030310101,0,0,0,0,0.00000,0.00000,0.00000,0.5591,14
20030310102,0,0,0,0,0.00000,0.00000,0.00000,0.9493,2
20030310103,0,0,0,0,0.00000,0.00000,0.00000,0.5310,12
20030310104,0,0,0,0,0.00000,0.00000,0.00000,0.5483,13
20030310105,0,0,0,0,0.00000,0.00000,0.00000,0.9259,3
20030310106,0,0,0,0,0.00000,0.00000,0.00000,0.9778,1
20030310201,0,0,0,0,0.00000,0.00000,0.00000,0.9525,2
20030310202,1,1,0,0,0.04615,0.00000,0.00000,0.9544,-1
20030310203,1,1,0,0,0.06338,0.00000,0.00000,0.5799,13
20030310204,1,1,0,0,0.07937,0.00000,0.00000,0.9638,2
20030310205,1,1,0,0,0.06667,0.00000,0.00000,0.9612,2
20030310206,2,1,1,0,0.03261,0.08009,0.00000,0.3934,-12
20030310207,0,0,0,0,0.00000,0.00000,0.00000,0.9453,2
20030410101,1,1,0,0,0.08884,0.00000,0.00000,0.9694,0
20030410102,0,0,0,0,0.00000,0.00227,0.00000,0.9432,1
20030410103,0,0,0,0,0.00000,0.00000,0.00000,0.9352,2
20030410104,1,1,0,0,0.10297,0.00000,0.00000,0.9624,-1
20030410201,0,0,0,0,0.00000,0.00000,0.00000,0.9265,1
20030410202,0,0,0,0,0.00000,0.00000,0.00000,0.9783,-1
20030510101,0,0,0,0,0.00000,0.00000,0.00000,0.9549,0
20030510201,0,0,0,0,0.00000,0.00000,0.00000,0.9787,0
20030610101,1,1,0,0,0.11033,0.00000,0.00000,0.9451,2
20030610102,0,0,0,0,0.00000,0.00000,0.00000,0.9484,1
20030610201,0,0,0,0,0.00000,0.00000,0.00000,0.9686,0
20030610301,0,0,0,0,0.00000,0.00000,0.00000,0.9465,0
20030610302,0,0,0,0,0.00000,0.00000,0.00000,0.9705,1
20030610401,1,1,0,0,0.08636,0.00000,0.00000,0.9669,0
20030610402,0,0,0,0,0.00000,0.00000,0.00000,0.9705,0
20030610403,1,1,0,0,0.04784,0.00000,0.00000,0.9350,0
20030710101,2,1,1,0,0.02810,0.02489,0.00000,0.5293,12
20030710201,1,1,0,0,0.04091,0.00000,0.00000,0.9648,1
20030710202,1,1,0,0,0.09868,0.00000,0.00000,0.8846,2
20030710203,0,0,0,0,0.00000,0.00000,0.00000,0.9783,0
20030710204,0,0,0,0,0.00000,0.00000,0.00000,0.9259,1
20030710301,0,0,0,0,0.00000,0.00000,0.00000,0.9744,-1
20030710302,0,0,0,0,0.00000,0.00000,0.00000,0.9328,2
20030710401,1,1,0,0,0.03073,0.00000,0.00000,0.9669,0
20030710402,0,0,0,0,0.00000,0.00000,0.00000,0.9777,-1
20030710403,0,0,0,0,0.00000,0.00000,0.00000,0.9779,-1
20030710404,0,0,0,0,0.00000,0.00000,0.00000,0.9519,0
20030810101,0,0,0,0,0.00000,0.00000,0.00000,0.9635,-1
20030810201,0,0,0,0,0.00000,0.00000,0.00000,0.9547,1
20030810301,1,1,0,0,0.05204,0.00000,0.00000,0.5127,12
20030810401,1,1,0,0,0.04492,0.00000,0.00000,0.9485,1
20030810402,1,1,0,0,0.07710,0.00000,0.00000,0.9534,1
20030810501,1,1,0,0,0.06326,0.00000,0.00000,0.9471,0
20030910201,0,0,0,0,0.00000,0.00000,0.00000,0.5383,11
20030910301,1,1,0,0,0.08706,0.00000,0.00000,0.9618,1
20030910401,0,0,0,0,0.00000,0.00000,0.00000,0.9391,2
20031010101,0,0,0,0,0.00000,0.00000,0.00000,0.9611,0
20031010201,1,1,0,0,0.12500,0.00000,0.00000,0.9638,2
20031010202,1,1,0,0,0.01814,0.00000,0.00000,0.9480,3
20031110101,0,0,0,0,0.00000,0.00000,0.00000,0.9648,1
20031110201,0,0,0,0,0.00000,0.00000,0.00000,0.9691,0
20031110301,0,0,0,0,0.00000,0.00000,0.00000,0.5709,13
20031110401,1,1,0,0,0.05398,0.00000,0.00000,0.9744,2
20031110501,0,0,0,0,0.00000,0.00000,0.00000,0.5383,11
20031110502,0,0,0,0,0.00000,0.00000,0.00000,0.9702,1
20031110601,1,1,0,0,0.11338,0.00000,0.00000,0.9568,2
20031110701,0,0,0,0,0.00000,0.00000,0.00000,0.9694,1
20031110801,1,1,0,0,0.13436,0.00000,0.00000,0.9724,-1
20031110802,0,0,0,0,0.00000,0.00000,0.00000,0.9364,2
20031210101,0,0,0,0,0.00242,0.00000,0.00000,0.9390,2
20031210103,1,1,0,0,0.13667,0.00000,0.00000,0.9426,3
20031210201,0,0,0,0,0.00000,0.00000,0.00000,0.9558,2
20031210202,0,0,0,0,0.00000,0.00000,0.00000,0.9332,2
20031210301,0,,,,,,,0.9664,0
20031210401,0,0,0,0,0.00000,0.00000,0.00000,0.9652,0
20031210501,0,0,0,0,0.00000,0.00000,0.00000,0.9654,2
20031210601,0,0,0,0,0.00000,0.00000,0.00000,0.5761,12
20031310101,0,0,0,0,0.00000,0.00000,0.00000,0.9571,3
20031310201,1,1,0,0,0.09545,0.00000,0.00000,0.9586,2
20031310202,0,0,0,0,0.00000,0.00000,0.00000,0.9571,0
20040110101,2,1,1,0,0.05923,0.06834,0.00000,0.9756,-1
20040110102,2,1,1,0,0.13212,0.10875,0.00000,0.9620,2
20040110201,3,1,1,1,0.06150,0.06360,0.07745,0.9760,1
20040110202,1,1,0,0,0.07240,0.00000,0.00000,0.5156,11
20040110203,1,1,0,0,0.05442,0.00000,0.00000,0.9371,3
20040110301,2,1,1,0,0.04082,0.01754,0.00000,0.9343,1
20040110302,1,1,0,0,0.03744,0.00000,0.00000,0.9674,1
20040210101,3,1,1,1,0.11085,0.09545,0.07746,0.9678,1
20040210102,0,0,0,0,0.00000,0.00000,0.00000,0.9360,1
20040210103,1,1,0,0,0.11520,0.00000,0.00000,0.9505,2
20040210201,1,1,0,0,0.07045,0.00000,0.00000,0.9451,2
20040210202,1,1,0,0,0.02045,0.00219,0.00000,0.9526,1
20040210301,2,1,1,0,0.10284,0.11818,0.00000,0.9670,1
20040210302,1,1,0,0,0.07483,0.00000,0.00000,0.9590,2
20040210401,2,1,1,0,0.10675,0.09955,0.00000,0.9463,3
20040210402,3,1,1,1,0.09297,0.07659,0.10227,0.9622,2
20040210403,1,1,0,0,0.09859,0.00000,0.00000,0.9477,2
20040310101,0,0,0,0,0.00000,0.00000,0.00000,0.9457,2
20040310102,2,1,1,0,0.07745,0.03409,0.00000,0.9752,-1
20040310103,2,1,1,0,0.06962,0.10088,0.00000,0.9122,2
20040310201,2,1,1,0,0.11233,0.10251,0.00000,0.9790,-1
20040310202,0,0,0,0,0.00000,0.00000,0.00000,0.9271,2
20040310203,0,0,0,0,0.00000,0.00000,0.00000,0.9699,-1
20040310204,0,0,0,0,0.00000,0.00000,0.00000,0.9759,0
20040410101,1,1,0,0,0.09430,0.00000,0.00000,0.9500,3
20040410201,1,1,0,0,0.06118,0.00000,0.00000,0.9580,2
20040410202,2,1,1,0,0.12727,0.07045,0.00000,0.9544,1
20040410203,1,1,0,0,0.08409,0.00000,0.00000,0.9436,2
20040410204,0,0,0,0,0.00000,0.00000,0.00000,0.9584,2
20040410205,1,1,0,0,0.12281,0.00000,0.00000,0.9306,1
20040410206,0,0,0,0,0.00000,0.00000,0.00000,0.9431,2
20040510101,3,1,1,1,0.04645,0.08252,0.10269,0.9567,2
20040510102,3,1,1,1,0.15529,0.08844,0.06118,0.9480,2
20040510103,2,1,1,0,0.08182,0.08962,0.00000,0.9582,1
20040510201,0,0,0,0,0.00000,0.00000,0.00000,0.9638,1
20040510202,1,1,0,0,0.07675,0.00219,0.00000,0.9506,3
20040510203,3,1,1,1,0.01887,0.14545,0.16274,0.9717,1
20040510204,2,1,1,0,0.10824,0.05882,0.00000,0.5580,12
20040610101,1,1,0,0,0.06765,0.00000,0.00000,0.9715,0
20040610102,1,1,0,0,0.09150,0.00226,0.00235,0.9358,4
20040610103,2,1,1,0,0.11370,0.06015,0.00000,0.9619,1
20040610104,1,1,0,0,0.12955,0.00000,0.00000,0.9632,1
20040610105,1,1,0,0,0.05430,0.00000,0.00000,0.9409,2
20040610106,1,1,0,0,0.06998,0.00000,0.00000,0.9455,0
20040610201,1,1,0,0,0.10478,0.00000,0.00000,0.9493,1
20040610202,3,1,1,1,0.06335,0.11502,0.08163,0.9422,2
20040610203,0,,,,,,,0.9648,1
20040610301,2,1,1,0,0.07092,0.07973,0.00000,0.9675,0
20040610302,2,1,1,0,0.04728,0.04492,0.00000,0.9631,3
20040610303,2,1,1,0,0.05128,0.08559,0.00000,0.9708,0
20040610304,2,1,0,1,0.07317,0.00000,0.09535,0.9684,2
20040610305,3,1,1,1,0.12301,0.12088,0.10526,0.9806,-1
20040610306,1,1,0,0,0.11086,0.00219,0.00000,0.9504,1
20040710101,1,1,0,0,0.09297,0.00000,0.00000,0.9291,3
20040710102,1,1,0,0,0.06818,0.00000,0.00000,0.9598,0
20040710103,1,1,0,0,0.13384,0.00000,0.00000,0.9530,0
20040710104,0,0,0,0,0.00000,0.00000,0.00000,0.9318,2
20040710201,0,0,0,0,0.00000,0.00000,0.00000,0.9533,0
20040710202,1,1,0,0,0.08864,0.00219,0.00000,0.9588,2
20040710203,1,1,0,0,0.10227,0.00000,0.00000,0.9660,2
20040810101,1,1,0,0,0.15529,0.00000,0.00000,0.9366,3
20040810102,1,1,0,0,0.11557,0.00000,0.00235,0.9420,2
20040810201,1,1,0,0,0.09535,0.00000,0.00000,0.9358,3
20040910101,2,1,1,0,0.07853,0.08924,0.00000,0.9624,3
20040910102,1,1,0,0,0.04738,0.00000,0.00000,0.9531,0
20040910103,1,1,0,0,0.13043,0.00000,0.00000,0.9612,1
20040910104,1,1,0,0,0.07450,0.00000,0.00000,0.9577,2
20040910105,1,1,0,0,0.09091,0.00000,0.00000,0.9671,2
20040910106,2,1,1,0,0.07002,0.11086,0.00000,0.9714,0
20040910107,2,1,1,0,0.14286,0.12473,0.00000,0.9368,0
20040910201,1,1,0,0,0.08333,0.00000,0.00000,0.9700,1
20040910202,2,1,1,0,0.06972,0.05459,0.00000,0.5099,11
20040910203,1,1,0,0,0.05467,0.00000,0.00000,0.9803,1
20040910204,1,1,0,0,0.10307,0.00000,0.00000,0.9665,1
20040910205,0,,,,,,,0.9639,0
20040910301,1,1,0,0,0.09951,0.00000,0.00000,0.9447,1
20040910302,1,1,0,0,0.09391,0.00000,0.00000,0.9355,1
20050110101,3,1,1,1,0.07973,0.08656,0.08428,0.9776,0
20050110102,3,1,1,1,0.04255,0.03736,0.09112,0.9787,0
20050110201,3,1,1,1,0.07565,0.07517,0.07456,0.9768,0
20050110202,1,1,0,0,0.03211,0.00000,0.00000,0.9727,1
20050110203,1,1,0,0,0.05467,0.00000,0.00000,0.9788,-2
20050110204,1,1,0,0,0.06383,0.00000,0.00000,0.9779,-1
20050110301,1,1,0,0,0.07237,0.00000,0.00000,0.9561,0
20050110302,1,1,0,0,0.08038,0.00000,0.00000,0.9727,0
20050110303,1,1,0,0,0.05189,0.00000,0.00000,0.9620,2
20050110401,1,1,0,0,0.07329,0.00000,0.00000,0.9658,0
20050210101,2,1,1,0,0.08182,0.08000,0.00000,0.9582,0
20050210102,1,1,0,0,0.09231,0.00000,0.00000,0.9714,0
20050210103,2,1,1,0,0.03297,0.05467,0.00000,0.9829,0
20050210201,1,1,0,0,0.05201,0.00000,0.00000,0.9843,0
20050210202,1,1,0,0,0.02050,0.00000,0.00000,0.9739,-1
20050310101,3,1,1,1,0.09318,0.09456,0.04773,0.9599,2
20050410101,1,1,0,0,0.04176,0.00000,0.00000,0.9779,-1
20050510101,1,1,0,0,0.06360,0.00000,0.00000,0.9410,3
20060110101,1,1,0,0,0.02045,0.00000,0.00000,0.9466,2
20060110102,1,1,0,0,0.11335,0.00000,0.00000,0.9681,0
20060210101,3,1,1,1,0.05634,0.08049,0.18118,0.9668,2
20060210102,0,0,0,0,0.00680,0.00000,0.00000,0.9452,0
20060210201,3,1,1,1,0.08617,0.09276,0.10658,0.9241,1
20060310101,1,1,0,0,0.13626,0.00000,0.00000,0.9549,2
20060310102,1,1,0,0,0.08605,0.00000,0.00000,0.9619,1
20060310103,1,1,0,0,0.09361,0.00000,0.00227,0.9479,2
20060310201,1,1,0,0,0.11917,0.00000,0.00000,0.9511,2
20060310202,1,1,0,0,0.10884,0.00000,0.00000,0.9449,3
20060410101,3,1,1,1,0.09466,0.07963,0.10070,0.9447,2
20060410201,1,1,0,0,0.04835,0.00000,0.00000,0.9625,2
20060410202,0,,,,,,,0.9646,1
20060410203,2,1,1,0,0.12000,0.09050,0.00000,0.9533,1
20060510101,0,0,0,0,0.00000,0.00000,0.00422,0.9660,2
20060510201,1,1,0,0,0.08924,0.00000,0.00000,0.9068,2
20060510202,0,0,0,0,0.00000,0.00000,0.00000,0.9390,1
20060510301,1,1,0,0,0.07473,0.00000,0.00000,0.9330,4
20060510302,1,1,0,0,0.08981,0.00000,0.00000,0.9645,1
20060510303,1,1,0,0,0.13245,0.00000,0.00000,0.9522,3
20060510304,2,1,1,0,0.11187,0.10731,0.00000,0.9473,2
20060510305,1,1,0,0,0.06840,0.00000,0.00000,0.9721,2
20060510306,1,1,0,0,0.09713,0.00000,0.00000,0.9631,0
20060610101,3,1,1,1,0.09524,0.12235,0.10680,0.9398,0
20070110101,1,1,0,0,0.03586,0.00000,0.00000,0.9733,0
20070210101,1,1,0,0,0.09615,0.00442,0.00221,0.9703,-1
20070210201,1,1,0,0,0.11338,0.00000,0.00000,0.9467,3
20070210202,1,1,0,0,0.08232,0.00000,0.00000,0.9295,3
20070310101,1,1,0,0,0.06136,0.00000,0.00000,0.9425,2
20070310102,1,1,0,0,0.01651,0.00000,0.00000,0.9570,0
20070410101,1,1,0,0,0.05643,0.00226,0.00000,0.9111,1
20070410102,1,1,0,0,0.08636,0.00000,0.00000,0.9601,1
20070410103,1,1,0,0,0.13679,0.00000,0.00000,0.9488,3
20070410104,0,0,0,0,0.00000,0.00000,0.00000,0.9572,1
20070510101,2,1,1,0,0.07973,0.03538,0.00000,0.9761,1
20080110101,0,0,0,0,0.00000,0.00000,0.00000,0.9432,0
20080210101,2,1,1,0,0.11707,0.10244,0.00000,0.9375,2
20080310101,1,1,0,0,0.08114,0.00000,0.00000,0.9461,1
20080410101,1,1,0,0,0.05189,0.00000,0.00000,0.9463,0
20080410102,1,1,0,0,0.10782,0.00000,0.00000,0.9629,1
20080510101,1,1,0,0,0.11813,0.00000,0.00000,0.9549,2
20080510201,1,1,0,0,0.01134,0.00000,0.00000,0.9562,2
20080510202,1,1,0,0,0.09692,0.00000,0.00000,0.9602,1
20080510203,0,0,0,0,0.00000,0.00000,0.00000,0.9356,0
20080510301,0,0,0,0,0.00000,0.00000,0.00000,0.9696,-1
20080510302,1,1,0,0,0.06522,0.00000,0.00242,0.9692,2
20080510303,0,0,0,0,0.00000,0.00000,0.00000,0.9409,2
20080510304,1,1,0,0,0.08983,0.00000,0.00000,0.9522,2
20080510401,2,1,1,0,0.09390,0.08920,0.00000,0.9496,2
20080510402,2,1,1,0,0.10402,0.06834,0.00000,0.9523,2
20080510501,0,0,0,0,0.00000,0.00000,0.00000,0.9357,2
20080510502,3,1,1,1,0.10431,0.06576,0.08163,0.9669,2
20080510503,1,1,0,0,0.14646,0.00000,0.00000,0.9549,1
20080510504,1,1,,,0.10658,,,0.9578,3
20080610101,0,0,0,0,0.00000,0.00000,0.00000,0.9549,2
20080610102,1,1,0,0,0.10407,0.00000,0.00000,0.9413,1
20080610103,1,1,0,0,0.10884,0.00000,0.00000,0.9249,3
20080610201,0,0,0,0,0.00000,0.00000,0.00000,0.9611,2
20080610202,1,1,0,0,0.11765,0.00000,0.00000,0.9486,1
20080610203,1,1,0,0,0.04386,0.00000,0.00000,0.9683,1
20080610301,1,1,0,0,0.10769,0.00000,0.00000,0.9656,2
20080610302,1,0,1,0,0.00000,0.15098,0.00000,0.9540,2
20080610401,1,1,0,0,0.05201,0.00000,0.00000,0.9603,1
20080610402,1,1,0,0,0.13443,0.00000,0.00000,0.9510,2
20080610403,1,1,0,0,0.07483,0.00000,0.00000,0.9382,2
20080610501,1,1,0,0,0.14052,0.00000,0.00000,0.9481,1
20080710101,1,1,0,0,0.08842,0.00000,0.00000,0.9510,2
20080710102,1,1,0,0,0.07289,0.00000,0.00000,0.9312,2
20080710103,1,1,0,0,0.08333,0.00000,0.00000,0.9670,2
20080710104,1,1,0,0,0.11136,0.00000,0.00000,0.9612,1
20080710105,1,1,0,0,0.09751,0.00000,0.00000,0.9709,2
20080710106,1,1,0,0,0.11818,0.00000,0.00000,0.9343,3
20080710107,1,1,0,0,0.08393,0.00000,0.00000,0.9434,1
20080710108,2,1,1,0,0.07517,0.06619,0.00000,0.9587,3
20080810101,1,1,0,0,0.11512,0.00000,0.00000,0.9456,3
20080810102,1,1,0,0,0.11565,0.00000,0.00000,0.9659,1
20080810103,1,1,0,0,0.07353,0.00000,0.00000,0.9676,0
20080810201,1,1,0,0,0.13412,0.00000,0.00000,0.9486,3
20080910101,1,1,0,0,0.08780,0.00000,0.00000,0.9376,2
20080910102,1,1,0,0,0.09430,0.00000,0.00000,0.9585,2
20080910103,2,1,1,0,0.13864,0.12664,0.00000,0.9642,2
20080910201,1,1,0,0,0.15317,0.00227,0.00000,0.9451,3
20080910301,1,1,0,0,0.09383,0.00000,0.00000,0.9536,1
20080910302,1,1,0,0,0.08333,0.00000,0.00000,0.9497,1
20080910303,2,1,1,0,0.01185,0.01422,0.00000,0.9683,3
20090110101,1,1,0,0,0.07273,0.00000,0.00000,0.9758,1
20090110102,0,0,0,0,0.00000,0.00000,0.00000,0.9689,-1
20090110201,1,1,0,0,0.07273,0.00000,0.00000,0.9314,2
20090210101,2,1,1,0,0.03922,0.04412,0.00000,0.9502,0
20090210201,2,1,1,0,0.16785,0.12984,0.00228,0.9615,-1
20090210202,1,1,0,0,0.08597,0.00000,0.00000,0.9464,1
20090210301,0,0,0,0,0.00000,0.00000,0.00000,0.9288,3
20090310101,0,0,0,0,0.00000,0.00000,0.00000,0.9340,2
20090310201,0,0,0,0,0.00000,0.00000,0.00000,0.9594,0
20090310202,0,0,0,0,0.00000,0.00000,0.00000,0.9742,1
20090310203,0,0,0,0,0.00227,0.00000,0.00000,0.9416,1
20090310204,0,0,0,0,0.00000,0.00000,0.00000,0.9470,3
20090310205,0,0,0,0,0.00000,0.00000,0.00000,0.9610,3
20090310301,0,0,0,0,0.00000,0.00000,0.00000,0.9431,1
20090310302,0,0,0,0,0.00000,0.00000,0.00000,0.9775,1
20090410101,0,0,0,0,0.00000,0.00000,0.00000,0.9631,1
20090410201,1,1,0,0,0.07062,0.00000,0.00000,0.9804,0
20090410202,0,0,0,0,0.00000,0.00000,0.00000,0.9722,0
20090410301,1,1,0,0,0.10658,0.00000,0.00000,0.9634,1
20090410302,0,0,0,0,0.00000,0.00000,0.00000,0.9482,2
20090410303,0,0,0,0,0.00000,0.00000,0.00000,0.9512,1
20090510101,0,0,0,0,0.00706,0.00000,0.00000,0.9640,1
20090510201,1,1,0,0,0.13033,0.00000,0.00000,0.9641,3
20090510301,1,1,0,0,0.11972,0.00000,0.00000,0.9689,1
20090510401,1,1,0,0,0.07930,0.00000,0.00000,0.9732,1
20100110101,2,1,1,0,0.04328,0.04728,0.00000,0.9665,0
20100110201,1,1,0,0,0.09773,0.00000,0.00000,0.9544,2
20100110202,1,1,0,0,0.03965,0.00000,0.00000,0.9403,5
20100110203,0,0,0,0,0.00000,0.00000,0.00000,0.9599,2
20100110204,1,1,0,0,0.06364,0.00000,0.00000,0.9495,1
20100210101,1,1,0,0,0.06132,0.00000,0.00000,0.9338,2
20100210102,1,1,0,0,0.06863,0.00000,0.00000,0.9783,1
20100210103,0,0,0,0,0.00000,0.00000,0.00000,0.9822,0
20100210104,1,1,0,0,0.04100,0.00000,0.00000,0.9817,0
20100210105,1,1,0,0,0.07709,0.00000,0.00000,0.9761,0
20100210106,1,1,0,0,0.01758,0.00000,0.00000,0.9518,1
20100220101,1,1,0,0,0.11162,0.00000,0.00000,0.9728,0
20100220102,2,1,1,0,0.05727,0.04805,0.00000,0.9794,0
20100310101,2,1,1,0,0.09112,0.05923,0.00000,0.9797,0
20100310201,1,1,0,0,0.05033,0.00000,0.00000,0.9071,3
20100310202,1,1,0,0,0.05215,0.00000,0.00000,0.9475,2
20100310203,1,1,0,0,0.05000,0.00000,0.00000,0.9745,1
20100310204,1,1,0,0,0.11842,0.00000,0.00000,0.9593,2
20100410101,1,1,0,0,0.04545,0.00000,0.00000,0.9488,2
20100410102,2,1,1,0,0.09434,0.05882,0.00000,0.6536,15
20100410103,1,1,0,0,0.08132,0.00000,0.00000,0.9823,0
20100410201,2,1,1,0,0.10251,0.07062,0.00000,0.9806,0
20100410202,2,1,1,0,0.08274,0.07033,0.00000,0.9683,0
201101010401,1,1,0,0,0.07973,0.00000,0.00000,0.9792,0
201101010402,1,1,0,0,0.08132,0.00000,0.00000,0.9852,0
20110110201,1,1,0,0,0.09220,0.00000,0.00000,0.9880,0
20110110202,1,1,0,0,0.04835,0.00000,0.00000,0.9851,0
20110110301,2,1,1,0,0.07745,0.06136,0.00000,0.9656,1
20110110302,3,1,1,1,0.09231,0.08884,0.09339,0.9897,0
20110210101,2,1,1,0,0.05714,0.05066,0.00000,0.9901,0
20110210102,3,1,1,1,0.04415,0.05066,0.04846,0.9763,1
20110210103,3,1,1,1,0.06834,0.05437,0.08864,0.9551,0
20110210104,3,1,1,1,0.07440,0.06565,0.02947,0.9602,2
20110210201,2,1,1,0,0.02824,0.08182,0.00000,0.9619,1
20110310101,1,1,0,0,0.05669,0.00000,0.00000,0.4889,12
20110310102,1,1,0,0,0.08274,0.00000,0.00000,0.9822,0
20110310201,2,1,1,0,0.08571,0.08200,0.00000,0.9864,0
20110410101,2,1,1,0,0.11085,0.02733,0.00000,0.9580,2
20110410102,1,1,0,0,0.04492,0.00000,0.00000,0.9632,2
20110410103,1,1,0,0,0.08114,0.00000,0.00000,0.9691,0
20110410104,1,1,0,0,0.03645,0.00000,0.00000,0.9750,0
20110510101,1,1,0,0,0.05011,0.00000,0.00000,0.9810,0
20110510102,2,1,1,0,0.10402,0.04396,0.00000,0.9783,0
20110510103,1,1,0,0,0.07029,0.00000,0.00000,0.9502,2
20110510104,2,1,1,0,0.11617,0.09112,0.00000,0.9750,1
20110510105,3,1,1,1,0.05470,0.05470,0.19955,0.9670,0
20110510106,2,1,1,0,0.03189,0.08200,0.00000,0.9657,0
20110510107,2,1,1,0,0.06818,0.09670,0.00000,0.9480,2
20120110101,1,1,0,0,0.06828,0.00000,0.00000,0.9842,0
20120110201,1,1,0,0,0.09567,0.00000,0.00000,0.9739,-1
20120110202,1,1,0,0,0.05227,0.00000,0.00000,0.9503,2
20120110203,1,1,0,0,0.07033,0.00000,0.00000,0.9755,-1
20120110204,1,1,0,0,0.04545,0.00000,0.00000,0.9609,2
20120210101,2,1,1,0,0.06383,0.06856,0.00000,0.9671,-1
20120210102,1,1,0,0,0.08884,0.00000,0.00000,0.9622,-1
20120210103,1,1,0,0,0.06865,0.00000,0.00000,0.9890,-1
20120210104,1,1,0,0,0.02733,0.00000,0.00000,0.9860,-1
20120210201,1,1,0,0,0.06863,0.00000,0.00000,0.9849,0
20120210202,1,1,0,0,0.07912,0.00000,0.00000,0.9896,0
20120210203,1,1,0,0,0.06818,0.00000,0.00000,0.9460,2
20120210204,0,0,0,0,0.00000,0.00000,0.00000,0.9608,1
20120210301,1,1,0,0,0.08009,0.00000,0.00000,0.9811,0
20120210302,1,1,0,0,0.06378,0.00000,0.00000,0.9803,0
20120310101,1,1,0,0,0.08656,0.00000,0.00000,0.9675,0
20120310102,1,1,0,0,0.06834,0.00000,0.00000,0.9894,-1
20120310103,1,1,0,0,0.10706,0.00000,0.00000,0.9850,0
20120310104,1,1,0,0,0.05201,0.00000,0.00000,0.9681,0
20120310105,1,1,0,0,0.08467,0.00000,0.00000,0.9828,0
20120310201,1,1,0,0,0.04556,0.00000,0.00000,0.9831,0
20120310202,1,1,0,0,0.08962,0.00000,0.00000,0.9007,3
20120310203,1,1,0,0,0.02733,0.00000,0.00000,0.9840,0
20120310301,1,1,0,0,0.08768,0.00000,0.00000,0.9877,0
20120310302,1,1,0,0,0.03073,0.00000,0.00000,0.9664,0
20120310303,1,1,0,0,0.07256,0.00000,0.00000,0.8299,3
20120310304,1,1,0,0,0.06164,0.00000,0.00000,0.9831,1
20120310305,1,1,0,0,0.03310,0.00000,0.00000,0.9683,1
20120310401,1,1,0,0,0.06619,0.00000,0.00000,0.9878,-1
20120320101,1,1,0,0,0.07092,0.00000,0.00000,0.9862,0
20120320102,1,1,0,0,0.03645,0.00219,0.00000,0.9706,0
20120320103,1,1,0,0,0.07094,0.00000,0.00000,0.9842,0
20120320104,0,0,0,0,0.00000,0.00000,0.00000,0.9589,1
20120410101,2,1,1,0,0.07930,0.06378,0.00000,0.9881,-1
20120410102,1,1,0,0,0.09611,0.00000,0.00000,0.9822,0
20120410103,1,1,0,0,0.08114,0.00000,0.00000,0.9436,0
20120410104,1,1,0,0,0.04396,0.00000,0.00000,0.9848,0
20120410201,3,1,1,1,0.06378,0.04556,0.02961,0.9624,1
20120410301,1,1,0,0,0.08791,0.00000,0.00000,0.9569,0
20120410302,1,1,0,0,0.07029,0.00000,0.00000,0.9431,3
20120410303,1,1,0,0,0.06132,0.00000,0.00000,0.9737,1
20130110101,0,0,0,0,0.00000,0.00000,0.00000,0.9511,2
20130110201,0,0,0,0,0.00000,0.00000,0.00000,0.9736,-2
20130110202,0,0,0,0,0.00000,0.00000,0.00000,0.9562,2
20130110203,0,0,0,0,0.00000,0.00000,0.00000,0.9732,-1
20130110301,0,0,0,0,0.00000,0.00000,0.00000,0.9771,-1
20130210101,0,0,0,0,0.00000,0.00000,0.00000,0.9512,2
20130210102,0,0,0,0,0.00000,0.00000,0.00000,0.9817,-1
20130210103,0,0,0,0,0.00439,0.00000,0.00000,0.9414,2
20130210104,0,0,0,0,0.00000,0.00000,0.00000,0.9378,2
20130210105,0,0,0,0,0.00000,0.00000,0.00000,0.9741,1
20130310101,1,1,0,0,0.07659,0.00000,0.00000,0.9707,1
20130410101,1,1,0,0,0.11846,0.00000,0.00000,0.9601,2
20130410102,1,1,0,0,0.17955,0.00000,0.00000,0.9675,1
20130410103,1,1,0,0,0.15455,0.00000,0.00000,0.9541,3
20130410201,1,1,0,0,0.03636,0.00227,0.00000,0.9341,2
20130410202,1,1,0,0,0.05275,0.00000,0.00000,0.9769,1
20130410203,1,1,0,0,0.04176,0.00456,0.00000,0.9677,-1
20130510101,2,1,1,0,0.07346,0.05437,0.00000,0.9762,1
20130510102,1,1,0,0,0.08245,0.00000,0.00000,0.9136,1
20130510103,1,1,0,0,0.02364,0.00000,0.00000,0.9340,2
20130510201,0,0,0,0,0.00911,0.00000,0.00000,0.9695,-1
20130510202,1,1,0,0,0.09567,0.00000,0.00000,0.9819,0
20130510203,1,1,0,0,0.05464,0.00000,0.00000,0.9455,2
20130510301,1,1,0,0,0.07045,0.00000,0.00000,0.9726,0
20130510302,1,1,0,0,0.07955,0.00000,0.00000,0.9437,3
20130510303,1,1,0,0,0.08132,0.00000,0.00000,0.9761,0
20130510304,1,1,0,0,0.04492,0.00000,0.00000,0.9674,0
2030910101,0,0,0,0,0.00000,0.00000,0.00000,0.9456,0
21009120201,1,1,0,0,0.12028,0.00000,0.00000,0.9801,1
2101010101,0,0,0,0,0.00000,0.00000,0.00227,0.9118,3
21010110101,0,0,0,0,0.00000,0.00000,0.00227,0.9118,3
21010110201,0,0,0,0,0.00000,0.00000,0.00000,0.9861,0
21010110202,0,0,0,0,0.00000,0.00000,0.00000,0.9712,1
21010210101,1,1,0,0,0.07692,0.00000,0.00000,0.9645,1
21010210201,1,1,0,0,0.08491,0.00000,0.00000,0.9795,1
21010210301,1,1,0,0,0.08864,0.00000,0.00000,0.9876,1
21010310101,0,0,0,0,0.00659,0.00000,0.00000,0.9782,1
21010310102,0,0,0,0,0.00000,0.00000,0.00000,0.9575,0
21010310103,0,0,0,0,0.00000,0.00000,0.00000,0.9740,0
21010310104,1,1,0,0,0.15094,0.00000,0.00000,0.9704,1
21010310201,1,1,0,0,0.16667,0.00000,0.00000,0.9842,0
21010310202,1,1,0,0,0.12471,0.00000,0.00000,0.9613,2
21010310301,1,1,0,0,0.02733,0.00000,0.00000,0.9743,1
21010310302,1,1,0,0,0.10682,0.00000,0.00000,0.9626,2
21010310401,0,0,0,0,0.00000,0.00000,0.00000,0.9687,2
21010310501,1,1,0,0,0.10706,0.00000,0.00000,0.9617,2
21010310601,1,1,0,0,0.07955,0.00000,0.00000,0.9615,0
21010310602,0,0,0,0,0.00000,0.00000,0.00000,0.9630,0
21010410101,1,1,0,0,0.04835,0.00000,0.00000,0.9647,1
21010410102,1,1,0,0,0.06576,0.00219,0.00000,0.9181,2
21010410201,1,1,0,0,0.01651,0.00000,0.00000,0.9562,1
21010410202,0,0,0,0,0.00709,0.00000,0.00000,0.9803,1
21010510101,0,0,0,0,0.00000,0.00000,0.00000,0.9535,2
21010510201,1,1,0,0,0.09645,0.00000,0.00000,0.9832,2
21010510301,1,1,0,0,0.10330,0.00000,0.00000,0.9348,2
21010510401,3,1,1,1,0.01535,0.02851,0.04386,0.9675,2
21010510402,0,0,0,0,0.00000,0.00000,0.00000,0.9819,1
21010610101,1,1,0,0,0.10263,0.00000,0.00000,0.9692,0
21010610102,0,0,0,0,0.00000,0.00000,0.00000,0.9831,2
21010610201,1,1,0,0,0.12939,0.00000,0.00000,0.9839,2
21010610301,1,1,0,0,0.08617,0.00000,0.00000,0.9662,2
21010710101,1,1,0,0,0.09868,0.00000,0.00000,0.9856,0
21010710201,0,0,0,0,0.00000,0.00000,0.00000,0.9670,1
21010710301,1,1,0,0,0.09929,0.00000,0.00000,0.9534,1
21010810101,1,1,0,0,0.05721,0.00000,0.00000,0.9762,2
21010810201,1,1,0,0,0.09868,0.00000,0.00000,0.9699,1
21010810301,1,1,0,0,0.13377,0.00000,0.00000,0.9818,1
21010810401,0,0,0,0,0.00000,0.00000,0.00000,0.9826,0
21010810402,1,1,0,0,0.12756,0.00000,0.00000,0.9794,0
21010910101,1,1,0,0,0.07517,0.00000,0.00000,0.9660,1
21010910201,1,1,0,0,0.12028,0.00000,0.00000,0.9801,1
21010910301,1,1,0,0,0.02752,0.00221,0.00000,0.9696,3
21010910401,1,1,0,0,0.08772,0.00000,0.00000,0.9588,1
21020110101,2,1,1,0,0.14917,0.10685,0.00000,0.9786,2
21020110201,3,1,1,1,0.06388,0.04739,0.05708,0.9506,0
21020110301,3,1,1,1,0.02703,0.08802,0.09906,0.9285,1
21020110302,2,1,1,0,0.06829,0.07090,0.00244,0.9254,2
21020210101,1,1,0,0,0.06667,0.00000,0.00000,0.8541,3
21020210201,1,1,0,0,0.09534,0.00000,0.00000,0.9665,1
21020210301,0,0,0,0,0.00000,0.00000,0.00000,0.9479,0
21020210401,1,1,0,0,0.09795,0.00000,0.00000,0.9737,0
21020210501,1,1,0,0,0.05910,0.00000,0.00000,0.9316,0
21020210601,1,1,0,0,0.03555,0.00000,0.00000,0.9804,0
21020310101,1,1,0,0,0.02195,0.00000,0.00000,0.9641,1
21020310102,1,1,0,0,0.08238,0.00000,0.00000,0.9711,0
21020310103,1,1,0,0,0.04965,0.00000,0.00000,0.9562,0
21020310104,3,1,1,1,0.04492,0.06147,0.08983,0.9619,1
21020310105,2,1,1,0,0.13981,0.12531,0.00000,0.9635,1
21020310201,2,1,1,0,0.01367,0.01319,0.00456,0.9742,2
21020310301,1,1,0,0,0.02519,0.00000,0.00000,0.9104,3
21020310401,1,1,0,0,0.08219,0.00000,0.00000,0.9647,-1
21020310501,1,1,0,0,0.09906,0.00000,0.00000,0.9686,0
21020310601,1,1,0,0,0.08491,0.00000,0.00000,0.9797,0
21020310701,1,1,0,0,0.12530,0.00227,0.00000,0.9796,0
21020310702,2,1,1,0,0.04595,0.04054,0.00000,0.9587,0
21020310801,1,1,0,0,0.02286,0.00000,0.00000,0.9746,1
21020310901,2,1,1,0,0.01519,0.01229,0.00000,0.9717,1
21020410101,2,1,1,0,0.04728,0.02703,0.00000,0.9519,0
21020410201,1,1,0,0,0.10476,0.00000,0.00000,0.9752,1
21020410301,1,1,0,0,0.14363,0.00000,0.00000,0.9665,1
21020410302,1,1,0,0,0.07801,0.00000,0.00000,0.9804,0
21020410401,1,1,0,0,0.11845,0.00000,0.00000,0.9561,1
21020510101,1,1,0,0,0.04623,0.00000,0.00000,0.9027,3
21020510201,2,1,1,0,0.04401,0.05570,0.00000,0.9560,0
21020510301,2,1,1,0,0.04805,0.02423,0.00000,0.9709,0
21020510401,3,1,1,1,0.03676,0.04784,0.04019,0.9410,0
21020510501,3,1,1,1,0.02618,0.03141,0.02618,0.9677,0
21020510601,1,1,0,0,0.06849,0.00000,0.00000,0.9560,0
21020610101,0,0,0,0,0.00463,0.00000,0.00000,0.9786,2
21020610102,1,1,0,0,0.05651,0.00000,0.00000,0.9725,0
21020610201,1,1,0,0,0.07579,0.00000,0.00000,0.9755,0
21020710101,2,1,1,0,0.09231,0.02960,0.00000,0.8956,2
21020710201,1,1,0,0,0.04965,0.00000,0.00000,0.9078,2
21020710301,1,1,0,0,0.04304,0.00000,0.00000,0.9348,0
21020710401,1,1,0,0,0.07565,0.00000,0.00000,0.9044,3
21020710501,1,1,0,0,0.10478,0.00000,0.00000,0.8816,3
21030110101,0,0,0,0,0.00439,0.00000,0.00000,0.9753,3
21030110201,1,1,0,0,0.07547,0.00228,0.00000,0.9590,1
21030110301,0,0,0,0,0.00000,0.00000,0.00000,0.9723,2
21030210101,1,1,0,0,0.07500,0.00000,0.00000,0.9670,1
21030210102,1,1,0,0,0.10165,0.00000,0.00000,0.9852,-1
21030210103,1,1,0,0,0.08409,0.00000,0.00000,0.9718,-1
21030210104,1,1,0,0,0.15227,0.00000,0.00000,0.9644,1
21030210201,2,1,1,0,0.10706,0.06136,0.00000,0.9793,-1
21030210202,1,1,0,0,0.09231,0.00000,0.00000,0.9879,0
21030210301,1,1,0,0,0.03864,0.00000,0.00000,0.9800,-1
21030310101,3,1,1,1,0.14545,0.16941,0.16629,0.9839,1
21030310201,3,1,1,1,0.08409,0.13864,0.10000,0.9698,1
21030310301,0,0,0,0,0.00000,0.00000,0.00000,0.9797,-2
21030310302,0,0,0,0,0.00000,0.00000,0.00000,0.9648,-1
21030410101,1,1,0,0,0.01422,0.00000,0.00000,0.9712,1
21030410102,0,0,0,0,0.00455,0.00227,0.00000,0.9693,-1
21030410201,1,1,0,0,0.14483,0.00000,0.00000,0.9796,-1
21030410202,1,1,0,0,0.04091,0.00227,0.00000,0.9679,0
21030410203,0,0,0,0,0.00000,0.00000,0.00000,0.9844,1
21030510201,1,1,0,0,0.09011,0.00000,0.00000,0.9851,0
21030510301,1,1,0,0,0.03073,0.00228,0.00000,0.9794,0
21030510302,2,1,1,0,0.08864,0.02412,0.00709,0.9542,0
21030610101,1,1,0,0,0.12061,0.00000,0.00000,0.9780,0
21030610201,1,1,0,0,0.11816,0.00000,0.00000,0.9265,-1
21030610202,2,1,1,0,0.12719,0.07456,0.00227,0.9488,0
21030610203,2,1,1,0,0.10110,0.07745,0.00000,0.9719,0
21040110101,1,1,0,0,0.07862,0.00000,0.00000,0.9812,-1
21040110201,1,1,0,0,0.12088,0.00000,0.00000,0.9631,1
21040110301,1,1,0,0,0.09929,0.00000,0.00000,0.9810,1
21040210101,2,1,1,0,0.05479,0.05263,0.00000,0.9670,2
21040210201,1,1,0,0,0.06383,0.00000,0.00000,0.9635,0
21040310101,1,1,0,0,0.04784,0.00000,0.00000,0.9586,1
21040410101,1,1,0,0,0.03728,0.00000,0.00000,0.9694,0
21040410102,1,1,0,0,0.11162,0.00000,0.00000,0.9568,3
21040410201,1,1,0,0,0.08057,0.00000,0.00000,0.9840,0
21040410202,1,1,0,0,0.11136,0.00000,0.00000,0.9686,2
21040510101,1,1,0,0,0.09211,0.00000,0.00000,0.9674,2
21040510102,1,1,0,0,0.13636,0.00000,0.00000,0.9444,1
21040510103,0,0,0,0,0.00000,0.00000,0.00000,0.9849,0
21040510201,1,1,0,0,0.09795,0.00000,0.00000,0.9630,1
21040510301,0,0,0,0,0.00000,0.00000,0.00000,0.9572,2
21050110101,1,1,0,0,0.08945,0.00000,0.00000,0.9697,1
21050110201,1,1,0,0,0.08571,0.00000,0.00000,0.9607,1
21050210101,1,1,0,0,0.05514,0.00000,0.00000,0.9076,4
21050210201,0,0,0,0,0.00000,0.00000,0.00000,0.9595,0
21050210301,1,1,0,0,0.06357,0.00000,0.00000,0.9708,1
21050210302,0,0,0,0,0.00000,0.00000,0.00000,0.9662,0
21050210303,0,0,0,0,0.00000,0.00000,0.00000,0.9556,1
21050210401,0,0,0,0,0.00000,0.00000,0.00000,0.9704,0
21050210501,1,1,0,0,0.08238,0.00000,0.00000,0.9661,1
21050210502,1,1,0,0,0.09716,0.00229,0.00000,0.9370,3
21050310101,0,0,0,0,0.00000,0.00000,0.00000,0.9713,2
21050310102,0,0,0,0,0.00000,0.00000,0.00000,0.9739,1
21050310103,0,0,0,0,0.00000,0.00000,0.00000,0.9630,0
21050310104,0,0,0,0,0.00000,0.00000,0.00000,0.8839,1
21050310105,0,0,0,0,0.00000,0.00000,0.00000,0.8993,3
21050310201,1,1,0,0,0.07692,0.00000,0.00000,0.8778,3
21050310202,0,0,0,0,0.00000,0.00000,0.00000,0.9506,0
21050310203,0,0,0,0,0.00000,0.00000,0.00000,0.9734,0
21050310204,0,0,0,0,0.00000,0.00000,0.00000,0.9740,0
21050310205,1,1,0,0,0.03859,0.00000,0.00000,0.9445,0
21050310206,0,0,0,0,0.00000,0.00000,0.00000,0.9671,2
21050410101,0,0,0,0,0.00244,0.00000,0.00000,0.9615,0
21050410201,1,1,0,0,0.05160,0.00000,0.00000,0.9746,1
21050410202,0,0,0,0,0.00000,0.00000,0.00000,0.9798,1
21050410203,0,0,0,0,0.00000,0.00000,0.00000,0.8876,3
21050410204,1,1,0,0,0.09483,0.00000,0.00000,0.9506,1
21050410301,0,0,0,0,0.00000,0.00000,0.00000,0.9580,0
21050510101,1,1,0,0,0.04462,0.00000,0.00000,0.9714,0
21050510102,1,1,0,0,0.05674,0.00000,0.00000,0.9628,1
21050510201,1,1,0,0,0.06510,0.00000,0.00000,0.9391,0
21050610101,0,0,0,0,0.00000,0.00000,0.00000,0.9700,0
21050610201,1,1,0,0,0.05236,0.00000,0.00000,0.9592,1
21050610202,1,1,0,0,0.01364,0.00000,0.00000,0.9628,1
21060110101,1,1,0,0,0.10859,0.00000,0.00000,0.9657,2
21060110201,1,1,0,0,0.16960,0.00000,0.00000,0.9857,1
21060110301,2,1,1,0,0.09670,0.08747,0.00000,0.9792,0
21060110401,2,1,1,0,0.02045,0.01364,0.00000,0.9526,0
21060210101,1,1,0,0,0.08991,0.00000,0.00000,0.9810,2
21060210201,0,0,0,0,0.00000,0.00909,0.00227,0.9857,0
21060310101,1,1,0,0,0.08636,0.00000,0.00000,0.9723,1
21060310201,1,1,0,0,0.08491,0.00000,0.00227,0.9660,1
21060310202,0,0,0,0,0.00000,0.00000,0.00000,0.9827,0
21060310301,0,0,0,0,0.00000,0.00000,0.00000,0.9825,0
21060310401,1,1,0,0,0.08255,0.00227,0.00000,0.9780,1
21060310501,1,1,0,0,0.06360,0.00000,0.00000,0.9628,1
21060410101,0,0,0,0,0.00000,0.00000,0.00000,0.9654,0
21060410201,1,1,0,0,0.02961,0.00000,0.00000,0.9787,2
21060410202,1,1,0,0,0.05450,0.00000,0.00000,0.9833,1
21060410301,1,1,0,0,0.09589,0.00000,0.00000,0.9600,2
21060410401,1,1,0,0,0.02844,0.00000,0.00000,0.9740,0
21060410501,1,1,0,0,0.07634,0.00000,0.00000,0.9783,0
21060510101,0,0,0,0,0.00000,0.00000,0.00000,0.9802,1
21060510201,0,0,0,0,0.00000,0.00000,0.00000,0.9852,-1
21060510301,0,0,0,0,0.00000,0.00000,0.00000,0.9779,0
21060510401,0,0,0,0,0.00000,0.00000,0.00000,0.9592,1
21060510501,0,0,0,0,0.00000,0.00000,0.00000,0.9680,0
21060510601,0,0,0,0,0.00441,0.00000,0.00000,0.9830,1
21060510701,0,0,0,0,0.00000,0.00000,0.00236,0.9813,2
21060510702,0,0,0,0,0.00000,0.00000,0.00000,0.9830,0
21060510801,0,0,0,0,0.00000,0.00000,0.00000,0.9700,-1
21060610101,2,1,1,0,0.16364,0.11623,0.00000,0.9565,1
21060610201,1,1,0,0,0.04657,0.00000,0.00000,0.9811,1
21060710101,1,1,0,0,0.09906,0.00909,0.00000,0.9622,0
21060710102,0,0,0,0,0.00244,0.00489,0.00244,0.9858,1
21060710103,1,1,0,0,0.01651,0.00228,0.00236,0.9845,2
21060710104,0,0,0,0,0.00000,0.00000,0.00000,0.9585,1
21060710201,0,0,0,0,0.00000,0.00000,0.00000,0.9608,2
21060710301,0,0,0,0,0.00000,0.00000,0.00000,0.9855,1
21060710302,0,0,0,0,0.00000,0.00000,0.00000,0.9558,2
21060710401,0,0,0,0,0.00236,0.00473,0.00000,0.9800,0
21060710402,0,0,0,0,0.00454,0.00000,0.00000,0.9586,0
21060810101,0,0,0,0,0.00000,0.00000,0.00228,0.9782,1
21060810201,0,0,0,0,0.00000,0.00000,0.00000,0.9611,0
21060810301,0,0,0,0,0.00246,0.00000,0.00000,0.9467,1
21060810401,0,0,0,0,0.00000,0.00000,0.00000,0.9513,2
21060810501,0,0,0,0,0.00000,0.00000,0.00000,0.9862,1
21060810601,0,0,0,0,0.00229,0.00000,0.00000,0.9629,1
21060910101,0,0,0,0,0.00439,0.00000,0.00000,0.9581,0
21060910201,1,0,1,0,0.00000,0.01182,0.00000,0.9652,2
21060910202,0,0,0,0,0.00456,0.00236,0.00000,0.9757,0
21060910301,1,1,0,0,0.18679,0.00000,0.00000,0.9813,2
21060910302,1,1,0,0,0.10118,0.00000,0.00000,0.9553,1
21061010101,0,0,0,0,0.00000,0.00000,0.00220,0.9826,0
21061010201,1,1,0,0,0.05227,0.00000,0.00000,0.9592,2
21061010301,0,0,0,0,0.00000,0.00000,0.00000,0.9660,2
21061010401,0,0,0,0,0.00000,0.00000,0.00000,0.9569,0
21061010501,0,0,0,0,0.00228,0.00000,0.00000,0.9836,2
21061110101,0,0,0,0,0.00236,0.00473,0.00000,0.9692,1
21061110201,0,0,0,0,0.00440,0.00000,0.00000,0.9862,0
21061110301,0,0,0,0,0.00455,0.00220,0.00000,0.9853,1
21061110401,0,0,0,0,0.00000,0.00000,0.00000,0.9596,-1
21061110501,0,0,0,0,0.00000,0.00000,0.00000,0.9592,2
21061110601,0,0,0,0,0.00514,0.00000,0.00000,0.9684,-1
21061210101,0,0,0,0,0.00000,0.00000,0.00000,0.9676,2
21061210201,1,1,0,0,0.15034,0.00000,0.00000,0.9801,1
21061210301,1,1,0,0,0.04556,0.00000,0.00000,0.9793,1
21061210401,0,0,0,0,0.00000,0.00000,0.00000,0.9824,2
21061210501,0,0,0,0,0.00000,0.00000,0.00000,0.9819,0
21061210601,0,0,0,0,0.00000,0.00000,0.00000,0.9607,0
21070110101,0,0,0,0,0.00000,0.00000,0.00000,0.9852,1
21070110201,0,0,0,0,0.00000,0.00000,0.00000,0.9687,-1
21070110301,0,0,0,0,0.00000,0.00000,0.00000,0.9782,2
21070110302,0,0,0,0,0.00221,0.00000,0.00000,0.9838,2
21070210101,0,0,0,0,0.00000,0.00000,0.00228,0.9835,0
21070210201,0,0,0,0,0.00000,0.00000,0.00000,0.9827,1
21070210202,1,1,0,0,0.01139,0.00236,0.00000,0.9782,0
21070210203,1,1,0,0,0.11209,0.00000,0.00000,0.9803,0
21070210301,1,1,0,0,0.03066,0.00000,0.00236,0.9836,1
21070210401,1,1,0,0,0.02273,0.00000,0.00454,0.9204,0
21070310101,0,0,0,0,0.00456,0.00000,0.00000,0.9811,1
21070310102,1,1,0,0,0.10227,0.00000,0.00000,0.9160,3
21070410101,0,0,0,0,0.00682,0.00000,0.00000,0.9862,1
21070410102,1,1,0,0,0.02288,0.00237,0.00000,0.9725,1
21070410201,0,0,0,0,0.00000,0.00000,0.00000,0.9799,1
21070510101,0,0,0,0,0.00000,0.00000,0.00000,0.9635,1
21070510102,0,0,0,0,0.00439,0.00456,0.00000,0.9774,0
21070510201,0,0,0,0,0.00000,0.00000,0.00000,0.9823,0
21070510301,0,0,0,0,0.00227,0.00000,0.00000,0.9723,-1
21070510401,0,0,0,0,0.00000,0.00219,0.00000,0.9791,1
21070610101,0,0,0,0,0.00943,0.00000,0.00000,0.9524,2
21070610201,0,0,0,0,0.00000,0.00000,0.00000,0.9717,1
21070710101,0,0,0,0,0.00000,0.00000,0.00000,0.9682,1
21070710201,2,1,1,0,0.01144,0.01139,0.00228,0.9781,1
21070710202,1,1,0,0,0.13377,0.00000,0.00000,0.9668,2
21070710203,0,0,0,0,0.00877,0.00227,0.00000,0.9676,1
21070710301,1,0,1,0,0.00000,0.01538,0.00000,0.9564,1
21070710401,0,0,0,0,0.00000,0.00000,0.00000,0.9793,1
21070710402,0,0,0,0,0.00000,0.00000,0.00000,0.9814,0
21070710501,1,1,0,0,0.10155,0.00000,0.00000,0.9736,1
21070710502,0,0,0,0,0.00000,0.00000,0.00000,0.9864,1
21070710503,0,0,0,0,0.00000,0.00000,0.00000,0.9835,0
21070710602,1,0,1,0,0.00661,0.01142,0.00000,0.9547,0
21070810101,0,0,0,0,0.00000,0.00000,0.00000,0.9610,1
21070810201,0,0,0,0,0.00455,0.00000,0.00000,0.9862,0
21070810202,0,0,0,0,0.00219,0.00219,0.00000,0.9632,1
21070810301,2,1,1,0,0.11321,0.11136,0.00000,0.9736,-1
21070810302,0,0,0,0,0.00000,0.00000,0.00000,0.9847,1
21070810303,0,0,0,0,0.00456,0.00228,0.00000,0.9860,0
21070810401,0,0,0,0,0.00000,0.00000,0.00000,0.9872,0
21071060101,0,0,0,0,0.00000,0.00000,0.00000,0.9626,1
21080110101,1,1,0,0,0.12035,0.00943,0.00000,0.9666,0
21080110102,0,0,0,0,0.00658,0.00000,0.00000,0.9594,0
21080110201,0,0,0,0,0.00000,0.00000,0.00000,0.9839,0
21080210101,0,0,0,0,0.00000,0.00911,0.00440,0.9784,1
21080210102,0,0,0,0,0.00221,0.00000,0.00000,0.9611,1
21080210103,0,0,0,0,0.00000,0.00000,0.00000,0.9643,1
21080210104,0,0,0,0,0.00000,0.00000,0.00000,0.9704,0
21080210105,0,0,0,0,0.00000,0.00000,0.00000,0.9732,0
21080310101,0,0,0,0,0.00000,0.00909,0.00000,0.9495,0
21080310102,1,0,1,0,0.00000,0.01655,0.00236,0.9858,0
21080310103,1,1,0,0,0.06591,0.00000,0.00000,0.9650,2
21080310104,1,1,0,0,0.01136,0.00000,0.00000,0.9844,0
21080310201,1,1,0,0,0.07824,0.00943,0.00000,0.9824,0
21080310202,0,0,0,0,0.00682,0.00439,0.00000,0.9756,1
21080310301,0,0,0,0,0.00000,0.00000,0.00000,0.9825,0
21080310302,1,0,1,0,0.00000,0.01136,0.00219,0.9769,0
21080310303,0,0,0,0,0.00000,0.00000,0.00000,0.9728,1
21080310304,0,0,0,0,0.00000,0.00000,0.00000,0.9804,0
21080310305,1,1,0,0,0.06619,0.00000,0.00000,0.9810,2
21080310306,0,0,0,0,0.00220,0.00220,0.00000,0.9773,1
21080310307,0,0,0,0,0.00877,0.00439,0.00000,0.9864,1
21080410101,0,0,0,0,0.00000,0.00227,0.00000,0.9857,1
21080410102,0,0,0,0,0.00000,0.00000,0.00000,0.9803,0
21080410103,0,0,0,0,0.00228,0.00228,0.00000,0.9744,0
21080410201,0,0,0,0,0.00000,0.00000,0.00000,0.9655,1
21080410202,0,0,0,0,0.00000,0.00000,0.00000,0.9859,1
21080410203,0,0,0,0,0.00228,0.00000,0.00000,0.9863,-1
21080410204,1,1,0,0,0.08409,0.00000,0.00000,0.9669,2
21080410301,1,1,0,0,0.08791,0.00000,0.00000,0.9824,0
21080410302,0,0,0,0,0.00000,0.00000,0.00000,0.9836,0
21080410303,0,0,0,0,0.00708,0.00682,0.00000,0.9859,0
21080410304,1,1,0,0,0.01412,0.00000,0.00000,0.9569,2
21080410305,2,0,1,1,0.00877,0.01136,0.01364,0.9686,-1
21080410401,1,1,0,0,0.14376,0.00000,0.00000,0.9858,1
21080410402,0,0,0,0,0.00000,0.00000,0.00000,0.9814,1
21080410403,0,0,0,0,0.00000,0.00000,0.00000,0.9780,-1
21080510101,0,0,0,0,0.00000,0.00000,0.00000,0.9600,1
21080510201,1,1,0,0,0.04965,0.00000,0.00000,0.9861,0
21080510202,0,0,0,0,0.00000,0.00000,0.00000,0.9698,1
21080510203,0,0,0,0,0.00000,0.00000,0.00000,0.9685,2
21080510204,0,0,0,0,0.00000,0.00000,0.00000,0.9862,1
21080510205,0,0,0,0,0.00000,0.00000,0.00000,0.9619,1
21080510206,0,0,0,0,0.00000,0.00000,0.00000,0.9694,1
21080510301,0,0,0,0,0.00000,0.00000,0.00000,0.9819,1
21080510302,0,0,0,0,0.00000,0.00000,0.00000,0.9613,2
21080510303,0,0,0,0,0.00000,0.00000,0.00000,0.9843,1
21080510304,0,0,0,0,0.00000,0.00000,0.00000,0.9685,-1
21080510305,0,0,0,0,0.00000,0.00000,0.00000,0.9763,1
21080510306,0,0,0,0,0.00000,0.00000,0.00000,0.9792,0
21080610101,0,0,0,0,0.00000,0.00455,0.00000,0.9268,1
21080610102,2,1,1,0,0.01266,0.01974,0.00000,0.9812,1
21080610103,1,0,1,0,0.00976,0.01263,0.00000,0.9728,2
21080610201,2,1,1,0,0.01587,0.01176,0.00000,0.9675,1
21080610202,0,0,0,0,0.00228,0.00000,0.00000,0.9823,0
21080610203,0,0,0,0,0.00000,0.00000,0.00000,0.9731,1
21080610204,0,0,0,0,0.00000,0.00000,0.00000,0.9844,2
21080610205,0,0,0,0,0.00000,0.00000,0.00000,0.9856,1
21080610301,1,1,0,0,0.09220,0.00228,0.00000,0.9748,2
21080610302,1,1,0,0,0.01364,0.00000,0.00000,0.9866,1
21080610303,1,0,0,1,0.00220,0.00456,0.01974,0.9782,1
21080710101,0,0,0,0,0.00000,0.00000,0.00000,0.9816,2
21080710102,0,0,0,0,0.00000,0.00000,0.00000,0.9751,0
21080710103,0,0,0,0,0.00000,0.00000,0.00000,0.9720,1
21080710201,1,1,0,0,0.11611,0.00000,0.00000,0.9805,1
21080710202,0,0,0,0,0.00000,0.00000,0.00000,0.9660,0
21080710203,0,0,0,0,0.00000,0.00000,0.00000,0.9799,1
21080710301,0,0,0,0,0.00000,0.00000,0.00000,0.9618,1
21080710302,3,1,1,1,0.03783,0.05437,0.03783,0.9435,1
21080710401,0,0,0,0,0.00000,0.00000,0.00000,0.9816,0
21080710402,0,0,0,0,0.00000,0.00000,0.00000,0.9670,2
21080710403,0,0,0,0,0.00000,0.00000,0.00000,0.9738,2
21080810101,0,0,0,0,0.00000,0.00000,0.00000,0.9834,0
21080810102,0,0,0,0,0.00000,0.00000,0.00000,0.9582,0
21080810103,1,1,0,0,0.06591,0.00000,0.00000,0.9612,2
21080810201,0,0,0,0,0.00000,0.00000,0.00000,0.9639,0
21080810202,0,0,0,0,0.00000,0.00000,0.00000,0.9744,2
21080810203,0,0,0,0,0.00000,0.00000,0.00000,0.9705,2
21080810301,0,0,0,0,0.00440,0.00000,0.00000,0.9825,1
21080810302,0,0,0,0,0.00980,0.00000,0.00000,0.9879,0
21080810303,0,0,0,0,0.00000,0.00000,0.00000,0.9801,1
21080810401,0,0,0,0,0.00220,0.00000,0.00000,0.9821,1
21090110101,1,1,0,0,0.09011,0.00000,0.00000,0.9728,1
21090110201,1,0,0,1,0.00000,0.00000,0.01442,0.9409,1
21090110202,0,0,0,0,0.00000,0.00000,0.00000,0.9531,0
21090110203,1,1,0,0,0.04605,0.00455,0.00000,0.9857,2
21090110204,0,0,0,0,0.00000,0.00000,0.00000,0.9637,2
21090210101,0,0,0,0,0.00000,0.00000,0.00000,0.9621,1
21090210102,0,0,0,0,0.00000,0.00000,0.00000,0.9669,1
21090210201,1,1,0,0,0.08747,0.00000,0.00000,0.9869,0
21090210202,0,0,0,0,0.00000,0.00000,0.00000,0.9616,-1
21090210203,0,0,0,0,0.00000,0.00000,0.00000,0.9793,-1
21090210204,0,0,0,0,0.00000,0.00000,0.00000,0.9710,0
21090210301,1,1,0,0,0.05682,0.00000,0.00000,0.9818,1
21090210302,0,0,0,0,0.00000,0.00000,0.00000,0.9843,1
21090210303,0,0,0,0,0.00000,0.00000,0.00000,0.9792,1
21090210401,1,1,0,0,0.08228,0.00000,0.00000,0.9788,1
21090210402,0,0,0,0,0.00236,0.00000,0.00000,0.9786,2
21090210403,0,0,0,0,0.00235,0.00000,0.00472,0.9864,1
21090310101,0,0,0,0,0.00000,0.00000,0.00000,0.9595,1
21090310102,1,1,0,0,0.16981,0.00000,0.00000,0.9458,2
21090310103,0,0,0,0,0.00000,0.00000,0.00000,0.9652,1
21090310104,0,0,0,0,0.00000,0.00000,0.00000,0.9841,1
21090310105,0,0,0,0,0.00000,0.00000,0.00000,0.9687,0
21090310106,0,0,0,0,0.00000,0.00000,0.00000,0.9851,1
21090310201,1,1,0,0,0.11162,0.00709,0.00000,0.9823,0
21090310202,0,0,0,0,0.00000,0.00000,0.00000,0.9550,2
21090310203,0,0,0,0,0.00000,0.00000,0.00000,0.9849,1
21090310301,0,0,0,0,0.00000,0.00000,0.00000,0.9760,1
21090310302,1,1,0,0,0.07506,0.00000,0.00000,0.9486,3
21090310303,0,0,0,0,0.00000,0.00000,0.00000,0.9868,-1
21090410101,1,1,0,0,0.04396,0.00000,0.00000,0.9847,0
21090410102,0,0,0,0,0.00000,0.00000,0.00000,0.9845,1
21090410103,0,0,0,0,0.00000,0.00000,0.00211,0.9832,1
21090410104,0,0,0,0,0.00000,0.00000,0.00000,0.9806,2
21090410105,0,0,0,0,0.00000,0.00000,0.00000,0.9651,0
21090410201,0,0,0,0,0.00000,0.00000,0.00000,0.9681,0
21090410202,0,0,0,0,0.00000,0.00000,0.00000,0.9845,0
21090410203,0,0,0,0,0.00000,0.00000,0.00000,0.9800,1
21090410204,1,1,0,0,0.09220,0.00000,0.00000,0.9722,1
21090410205,0,0,0,0,0.00000,0.00000,0.00000,0.9634,-1
21090410301,0,0,0,0,0.00243,0.00000,0.00000,0.9775,0
21090410302,1,1,0,0,0.05055,0.00709,0.00000,0.9822,0
21090410303,0,0,0,0,0.00000,0.00000,0.00000,0.9824,-1
21090410401,1,1,0,0,0.06250,0.00000,0.00000,0.9839,-1
21090410402,1,1,0,0,0.10934,0.00000,0.00000,0.9814,-1
21090410403,0,0,0,0,0.00000,0.00000,0.00000,0.9803,1
21090410501,1,1,0,0,0.10118,0.00000,0.00000,0.9835,2
21090510101,1,1,0,0,0.05896,0.00000,0.00000,0.9605,0
21090510102,0,0,0,0,0.00000,0.00000,0.00000,0.9814,1
21090510103,0,0,0,0,0.00000,0.00000,0.00911,0.9810,1
21090510104,0,0,0,0,0.00000,0.00000,0.00000,0.9674,1
21090510105,0,0,0,0,0.00000,0.00000,0.00000,0.9859,1
21090510201,0,0,0,0,0.00211,0.00000,0.00000,0.9823,0
21090510202,0,0,0,0,0.00000,0.00000,0.00000,0.9833,0
21090510203,0,0,0,0,0.00219,0.00000,0.00000,0.9624,1
21090510204,0,0,0,0,0.00227,0.00000,0.00000,0.9682,2
21090510205,1,1,0,0,0.08789,0.00000,0.00000,0.9781,1
21090510301,1,1,0,0,0.11364,0.00472,0.00000,0.9866,0
21090510302,1,1,0,0,0.08057,0.00237,0.00000,0.9830,-1
21090510303,0,0,0,0,0.00472,0.00000,0.00000,0.9847,1
21090510304,1,1,0,0,0.01389,0.00222,0.00000,0.9783,0
21090510401,0,0,0,0,0.00000,0.00000,0.00000,0.9601,0
21090510402,1,1,0,0,0.07763,0.00000,0.00000,0.9825,0
21090510403,1,1,0,0,0.09409,0.00000,0.00000,0.9862,-1
21090510404,0,0,0,0,0.00000,0.00000,0.00000,0.9604,0
21090510501,0,0,0,0,0.00000,0.00000,0.00000,0.9757,1
21090510502,0,0,0,0,0.00000,0.00000,0.00000,0.9854,0
21090510503,0,0,0,0,0.00000,0.00227,0.00000,0.9825,-1
21090610101,1,1,0,0,0.05000,0.00000,0.00000,0.9684,1
21090610102,2,1,0,1,0.10989,0.00846,0.01591,0.9571,1
21090610103,1,1,0,0,0.04784,0.00911,0.00000,0.9725,2
21090710101,0,0,0,0,0.00000,0.00000,0.00000,0.9790,1
21090710102,0,0,0,0,0.00683,0.00000,0.00000,0.9830,1
21090710103,1,1,0,0,0.07221,0.00000,0.00000,0.9664,2
21090710104,0,0,0,0,0.00000,0.00000,0.00000,0.9866,-1
21090710201,1,1,0,0,0.07517,0.00000,0.00000,0.9630,1
21090710202,0,0,0,0,0.00000,0.00000,0.00000,0.9709,1
21090710301,1,1,0,0,0.09954,0.00000,0.00000,0.9738,1
21090710302,0,0,0,0,0.00000,0.00000,0.00000,0.9691,0
21100110101,3,1,1,1,0.14251,0.05405,0.08904,0.9781,0
21100110102,1,1,0,0,0.04683,0.00000,0.00000,0.8906,3
21100110103,0,0,0,0,0.00000,0.00000,0.00000,0.8785,4
21100110104,0,0,0,0,0.00000,0.00000,0.00000,0.9723,0
21100110201,2,1,1,0,0.06853,0.07342,0.00000,0.9664,1
21100110202,0,0,0,0,0.00000,0.00000,0.00000,0.9683,1
21100110203,1,1,0,0,0.04324,0.00000,0.00000,0.9613,1
21100110204,0,0,0,0,0.00683,0.00228,0.00000,0.9721,1
21100110301,1,1,0,0,0.04810,0.00000,0.00000,0.9376,0
21100110302,0,0,0,0,0.00000,0.00000,0.00000,0.9710,1
21100110303,0,0,0,0,0.00000,0.00000,0.00000,0.9398,3
21100110304,0,0,0,0,0.00000,0.00489,0.00000,0.9737,2
21100110401,1,1,0,0,0.03977,0.00000,0.00000,0.9145,2
21100110402,0,0,0,0,0.00270,0.00000,0.00000,0.9728,1
21100110403,0,0,0,0,0.00000,0.00000,0.00000,0.9780,1
21100110404,0,0,0,0,0.00000,0.00000,0.00000,0.9621,1
21100210101,1,1,0,0,0.06904,0.00000,0.00000,0.9660,2
21100210201,0,0,0,0,0.00222,0.00000,0.00444,0.8939,2
21100210301,1,1,0,0,0.05962,0.00000,0.00000,0.9625,0
21100210302,0,0,0,0,0.00000,0.00000,0.00000,0.9587,0
21100210401,0,0,0,0,0.00000,0.00000,0.00000,0.9128,2
21100210501,0,0,0,0,0.00000,0.00000,0.00000,0.9429,0
21100210502,0,0,0,0,0.00000,0.00000,0.00000,0.9382,2
21100210601,1,1,0,0,0.06183,0.00000,0.00000,0.9646,2
21100210602,1,1,0,0,0.07820,0.00000,0.00000,0.9589,1
21100210603,0,0,0,0,0.00000,0.00000,0.00000,0.9669,2
21100310101,1,1,0,0,0.08086,0.00000,0.00000,0.9732,1
21100310201,1,1,0,0,0.02625,0.00000,0.00000,0.9594,1
21100310202,1,1,0,0,0.02079,0.00239,0.00000,0.9569,1
21100310301,1,1,0,0,0.07637,0.00000,0.00000,0.9534,1
21100310302,1,1,0,0,0.05172,0.00000,0.00000,0.9740,1
21100410101,2,1,1,0,0.04663,0.02618,0.00000,0.9593,1
21100410102,0,0,0,0,0.00000,0.00000,0.00000,0.9673,1
21100410103,0,0,0,0,0.00000,0.00000,0.00000,0.8951,4
21100410201,0,0,0,0,0.00000,0.00000,0.00000,0.9540,1
21100410202,0,0,0,0,0.00000,0.00000,0.00000,0.9570,1
21100410203,1,1,0,0,0.05111,0.00000,0.00000,0.8660,2
21100410301,1,1,0,0,0.09048,0.00000,0.00000,0.8689,2
21100410302,0,0,0,0,0.00000,0.00000,0.00000,0.9154,1
21100410303,0,0,0,0,0.00000,0.00000,0.00000,0.9733,1
21100410304,0,0,0,0,0.00000,0.00000,0.00000,0.9184,1
21100410305,0,0,0,0,0.00000,0.00000,0.00000,0.9778,1
21100410306,0,0,0,0,0.00000,0.00000,0.00000,0.9309,2
21100410401,1,1,0,0,0.02895,0.00000,0.00000,0.9628,2
21100410402,0,0,0,0,0.00000,0.00000,0.00000,0.9715,1
21100410403,0,0,0,0,0.00000,0.00000,0.00000,0.9395,2
21100410404,1,1,0,0,0.06619,0.00000,0.00000,0.8961,2
21100410501,1,1,0,0,0.07143,0.00000,0.00000,0.9707,1
21100410502,0,0,0,0,0.00000,0.00000,0.00000,0.9645,1
21100410503,0,0,0,0,0.00000,0.00000,0.00000,0.9698,1
21100410504,0,0,0,0,0.00000,0.00000,0.00000,0.9571,1
21100410601,0,0,0,0,0.00000,0.00000,0.00000,0.9655,2
21100510101,0,0,0,0,0.00000,0.00000,0.00000,0.8833,5
21100510102,0,0,0,0,0.00000,0.00000,0.00000,0.9667,2
21100510103,0,0,0,0,0.00000,0.00000,0.00000,0.9718,2
21100510104,0,0,0,0,0.00490,0.00000,0.00000,0.9797,1
21100510201,1,1,0,0,0.05525,0.00000,0.00000,0.9635,1
21100510202,0,0,0,0,0.00000,0.00000,0.00000,0.9160,3
21100510301,1,1,0,0,0.02950,0.00000,0.00000,0.9343,1
21100510302,0,0,0,0,0.00000,0.00252,0.00000,0.8918,3
21100510303,0,0,0,0,0.00218,0.00000,0.00000,0.9810,1
21100510304,0,0,0,0,0.00000,0.00000,0.00000,0.9724,2
21100510405,0,0,0,0,0.00000,0.00000,0.00000,0.9780,1
21100610101,1,1,0,0,0.06127,0.00000,0.00000,0.8626,5
21100610102,1,1,0,0,0.09153,0.00000,0.00000,0.9634,0
21100610201,0,0,0,0,0.00000,0.00000,0.00000,0.9611,2
21100610301,0,0,0,0,0.00000,0.00000,0.00000,0.9473,0
21100610401,1,1,0,0,0.06353,0.00000,0.00000,0.9022,4
21100610501,1,1,0,0,0.05038,0.00000,0.00000,0.9711,1
21100610502,1,1,0,0,0.03030,0.00000,0.00000,0.9059,3
21100610503,1,1,0,0,0.06846,0.00000,0.00000,0.9317,1
21100610504,1,1,0,0,0.04304,0.00000,0.00000,0.9083,1
21100710101,0,0,0,0,0.00000,0.00000,0.00000,0.8497,6
21100710102,0,0,0,0,0.00000,0.00000,0.00000,0.9417,2
21100710201,0,0,0,0,0.00000,0.00000,0.00000,0.9709,1
21100710301,1,1,0,0,0.05236,0.00000,0.00000,0.9737,1
21100710302,0,0,0,0,0.00000,0.00000,0.00000,0.9743,-1
21100710303,1,1,0,0,0.02844,0.00000,0.00000,0.9565,0
21100710304,0,0,0,0,0.00000,0.00980,0.00000,0.9575,1
21100710305,0,0,0,0,0.00458,0.00000,0.00000,0.9793,2
21100710306,2,1,1,0,0.04822,0.01269,0.00000,0.9726,1
21100710307,0,0,0,0,0.00000,0.00000,0.00000,0.9349,0
2110510401,1,1,0,0,0.07365,0.00000,0.00000,0.9392,2
2110510402,0,0,0,0,0.00000,0.00000,0.00000,0.9345,2
2110510403,1,1,0,0,0.03409,0.00000,0.00000,0.9633,2
2110510404,0,0,0,0,0.00000,0.00000,0.00000,0.9611,2
2110510405,0,0,0,0,0.00000,0.00000,0.00000,0.9780,1
21110110101,0,0,0,0,0.00000,0.00000,0.00000,0.9707,0
21110110102,1,1,0,0,0.06880,0.00000,0.00000,0.9630,0
21110110103,0,0,0,0,0.00000,0.00000,0.00000,0.9672,1
21110110104,0,0,0,0,0.00000,0.00000,0.00000,0.9530,1
21110110105,1,1,0,0,0.14225,0.00000,0.00000,0.9705,1
21110110201,1,1,0,0,0.10315,0.00000,0.00000,0.9728,1
21110110202,1,1,0,0,0.02222,0.00000,0.00267,0.9704,1
21110110203,1,1,0,0,0.05823,0.00000,0.00000,0.9201,2
21110210101,0,0,0,0,0.00000,0.00000,0.00000,0.9016,1
21110210102,0,0,0,0,0.00000,0.00000,0.00000,0.9705,0
21110210103,0,0,0,0,0.00220,0.00229,0.00000,0.9769,0
21110210201,1,1,0,0,0.03488,0.00291,0.00000,0.9628,1
21110210202,0,0,0,0,0.00000,0.00000,0.00000,0.9492,1
21110210301,0,0,0,0,0.00000,0.00000,0.00000,0.9457,0
21110210302,1,1,0,0,0.09735,0.00000,0.00000,0.9680,0
21110210303,2,1,1,0,0.10110,0.06154,0.00000,0.9568,0
21110210304,0,0,0,0,0.00000,0.00000,0.00000,0.9382,0
21110210401,1,1,0,0,0.09451,0.00000,0.00000,0.9516,1
21110310101,1,1,0,0,0.09024,0.00000,0.00000,0.8899,2
21110310102,1,1,0,0,0.02695,0.00000,0.00000,0.9684,1
21110310103,1,1,0,0,0.08314,0.00000,0.00000,0.8639,0
21110310201,1,1,0,0,0.04304,0.00000,0.00000,0.8859,5
21110310202,0,0,0,0,0.00228,0.00000,0.00000,0.9798,0
21110310203,1,1,0,0,0.06383,0.00000,0.00000,0.9540,0
21110310204,1,1,0,0,0.07329,0.00000,0.00000,0.9191,1
21110310205,1,1,0,0,0.07285,0.00000,0.00000,0.9568,1
21110310301,0,0,0,0,0.00000,0.00000,0.00000,0.9598,0
21110310302,1,1,0,0,0.03908,0.00000,0.00000,0.9285,1
21110310303,0,0,0,0,0.00000,0.00000,0.00000,0.9695,-1
21110310304,0,0,0,0,0.00000,0.00000,0.00000,0.9128,0
21110310305,0,0,0,0,0.00000,0.00000,0.00000,0.9648,0
21110410101,0,0,0,0,0.00000,0.00000,0.00000,0.8938,1
21110410102,1,1,0,0,0.05674,0.00000,0.00000,0.9364,1
21110410201,1,1,0,0,0.08352,0.00000,0.00000,0.9692,0
21110410202,1,1,0,0,0.03596,0.00000,0.00000,0.9417,2
21110410203,1,1,0,0,0.01322,0.00000,0.00000,0.9636,0
21110410204,0,0,0,0,0.00000,0.00000,0.00000,0.9727,-1
21110410205,0,0,0,0,0.00000,0.00000,0.00000,0.9665,1
21110410206,1,1,0,0,0.19294,0.00000,0.00000,0.9032,3
21110410301,1,1,0,0,0.12714,0.00254,0.00000,0.9555,1
21110410302,1,1,0,0,0.08354,0.00000,0.00000,0.9422,1
21110410303,0,0,0,0,0.00254,0.00244,0.00000,0.9526,1
21110410304,1,1,0,0,0.07181,0.00000,0.00000,0.9724,1
21110410305,1,1,0,0,0.08966,0.00000,0.00000,0.9439,0
21110410306,1,1,0,0,0.10406,0.00000,0.00000,0.9717,2
21110410402,1,1,0,0,0.03409,0.00000,0.00000,0.8961,3
21110410403,0,0,0,0,0.00000,0.00000,0.00000,0.9010,3
21110410404,0,0,0,0,0.00000,0.00000,0.00000,0.9156,1
21110510101,1,1,0,0,0.09031,0.00000,0.00000,0.9544,1
21110510201,1,1,0,0,0.09677,0.00000,0.00000,0.9504,-3
21110510202,1,1,0,0,0.12690,0.00000,0.00000,0.9689,1
21110510203,0,0,0,0,0.00000,0.00000,0.00000,0.9475,0
21110510204,0,0,0,0,0.00000,0.00000,0.00000,0.9644,0
21110510205,0,0,0,0,0.00000,0.00000,0.00000,0.9426,1
21110510206,1,1,0,0,0.02703,0.00000,0.00000,0.9537,1
21110510207,0,0,0,0,0.00000,0.00000,0.00000,0.9505,0
21110610101,1,1,0,0,0.07500,0.00000,0.00000,0.8861,3
21110610102,1,1,0,0,0.11839,0.00000,0.00000,0.9706,1
21110610103,0,0,0,0,0.00000,0.00000,0.00000,0.8942,3
21110610104,0,0,0,0,0.00000,0.00000,0.00000,0.9738,1
21110610105,0,0,0,0,0.00000,0.00000,0.00000,0.8827,0
21110610201,1,1,0,0,0.09817,0.00228,0.00000,0.9849,0
21110610202,1,1,0,0,0.06865,0.00000,0.00000,0.9698,1
21110610203,1,1,0,0,0.07551,0.00000,0.00000,0.9631,0
21110610204,0,0,0,0,0.00000,0.00000,0.00000,0.9647,2
21110610301,1,1,0,0,0.09885,0.00000,0.00000,0.9561,1
21110610302,0,0,0,0,0.00000,0.00000,0.00000,0.9604,0
21110610303,0,0,0,0,0.00000,0.00000,0.00000,0.9685,1
21110610304,1,1,0,0,0.08889,0.00000,0.00000,0.9664,1
21110710101,1,1,0,0,0.02517,0.00952,0.00000,0.9745,1
21110710102,0,0,0,0,0.00000,0.00000,0.00000,0.9707,1
21110710103,2,1,1,0,0.11111,0.06357,0.00000,0.9758,0
21110710104,1,1,0,0,0.04902,0.00000,0.00000,0.9616,0
21110710105,1,1,0,0,0.06562,0.00000,0.00000,0.9541,1
21110710201,1,1,0,0,0.06601,0.00000,0.00000,0.9483,0
21110710202,2,1,1,0,0.01050,0.01571,0.00000,0.9678,0
21110710203,1,1,0,0,0.09343,0.00000,0.00260,0.9647,1
21120110101,1,1,0,0,0.01311,0.00000,0.00000,0.9270,-3
21120110102,0,0,0,0,0.00000,0.00000,0.00000,0.9803,1
21120110103,1,1,0,0,0.05366,0.00000,0.00000,0.8797,3
21120110104,0,0,0,0,0.00000,0.00000,0.00000,0.9261,1
21120110201,0,0,0,0,0.00000,0.00261,0.00000,0.9716,0
21120110202,1,1,0,0,0.08219,0.00000,0.00000,0.9705,0
21120110203,1,1,0,0,0.04976,0.00000,0.00000,0.9616,-1
21120110204,1,1,0,0,0.09217,0.00000,0.00000,0.8969,0
21120210101,0,0,0,0,0.00000,0.00000,0.00000,0.9459,0
21120210102,0,0,0,0,0.00000,0.00000,0.00000,0.9431,1
21120210103,1,1,0,0,0.06013,0.00000,0.00000,0.9722,1
21120210201,1,1,0,0,0.06112,0.00000,0.00000,0.9720,0
21120210202,0,0,0,0,0.00000,0.00000,0.00000,0.9797,0
21120210203,0,0,0,0,0.00000,0.00000,0.00000,0.9772,0
21120210301,1,1,0,0,0.07670,0.00000,0.00000,0.9544,0
21120210302,0,0,0,0,0.00000,0.00000,0.00000,0.9763,1
21120210303,0,0,0,0,0.00000,0.00000,0.00000,0.9700,-1
21120210304,1,0,0,1,0.00000,0.00000,0.04619,0.9767,1
21120210305,0,0,0,0,0.00000,0.00000,0.00000,0.9156,1
21120210401,0,0,0,0,0.00000,0.00000,0.00000,0.9610,0
21120210402,0,0,0,0,0.00000,0.00230,0.00000,0.9160,0
21120210403,0,0,0,0,0.00000,0.00000,0.00000,0.9717,0
21120310101,2,1,1,0,0.09559,0.05896,0.00000,0.9699,1
21120310102,1,1,0,0,0.03791,0.00000,0.00000,0.9680,0
21120310103,1,1,0,0,0.03684,0.00000,0.00000,0.9516,0
21120410101,0,0,0,0,0.00000,0.00000,0.00000,0.9530,0
21120410102,0,0,0,0,0.00000,0.00000,0.00000,0.9799,0
21120410103,1,1,0,0,0.01222,0.00000,0.00000,0.9625,-1
21120410201,1,0,0,1,0.00000,0.00000,0.12827,0.8898,3
21120410202,1,1,0,0,0.05450,0.00000,0.00000,0.9442,1
21120410203,0,0,0,0,0.00000,0.00000,0.00000,0.9678,0
21120410204,2,1,1,0,0.03941,0.01232,0.00000,0.8985,4
21120510101,1,1,0,0,0.11794,0.00000,0.00000,0.9694,1
21120510102,1,1,0,0,0.03916,0.00000,0.00000,0.9032,3
21120510103,1,1,0,0,0.13111,0.00000,0.00000,0.9675,-1
21120510201,0,0,0,0,0.00000,0.00000,0.00000,0.9732,0
21120510202,1,1,0,0,0.02156,0.00000,0.00000,0.8966,3
21120510203,1,1,0,0,0.01114,0.00000,0.00000,0.9589,0
21120510204,1,1,0,0,0.06829,0.00000,0.00000,0.9647,0
21120510205,0,0,0,0,0.00267,0.00000,0.00000,0.8857,2
21120610101,1,1,0,0,0.07143,0.00000,0.00000,0.9453,1
21120610102,1,1,0,0,0.03333,0.00000,0.00000,0.9625,-1
21120610103,1,1,0,0,0.15233,0.00000,0.00000,0.9724,0
21120710101,1,1,0,0,0.04423,0.00000,0.00000,0.9668,1
21120710102,1,1,0,0,0.02600,0.00228,0.00000,0.9802,2
21120710103,0,0,0,0,0.00000,0.00000,0.00000,0.9569,1
21120710104,1,1,0,0,0.04974,0.00000,0.00000,0.9790,0
21120710105,0,0,0,0,0.00000,0.00000,0.00000,0.9750,1
21120710106,0,0,0,0,0.00000,0.00000,0.00000,0.9612,0
21120810101,1,1,0,0,0.09611,0.00000,0.00000,0.9421,1
21120810102,2,1,1,0,0.07583,0.07745,0.00000,0.9797,0
21120810103,1,1,0,0,0.04871,0.00000,0.00000,0.9573,1
21120810104,1,1,0,0,0.05676,0.00000,0.00000,0.9745,0
21120810201,0,0,0,0,0.00000,0.00000,0.00000,0.9750,0
21120810202,0,0,0,0,0.00000,0.00246,0.00000,0.9626,0
21120810203,0,0,0,0,0.00000,0.00000,0.00000,0.9752,0
21120910101,1,1,0,0,0.05492,0.00000,0.00000,0.9718,0
21120910102,1,1,0,0,0.08463,0.00000,0.00000,0.9762,0
21120910103,3,1,1,1,0.08311,0.04735,0.01075,0.9644,0
21120910104,0,0,0,0,0.00000,0.00000,0.00000,0.9772,0
21121010101,1,1,0,0,0.09343,0.00000,0.00000,0.9590,0
21121010102,0,0,0,0,0.00000,0.00000,0.00000,0.9345,0
21121010103,1,1,0,0,0.07876,0.00000,0.00000,0.9590,-1
21121010104,0,0,0,0,0.00000,0.00000,0.00000,0.9728,0
21121010201,1,1,0,0,0.11804,0.00000,0.00000,0.9300,-1
21121010202,1,1,0,0,0.05405,0.00000,0.00000,0.9579,0
21121010203,0,0,0,0,0.00000,0.00000,0.00000,0.9436,0
21121010301,0,0,0,0,0.00000,0.00000,0.00000,0.9112,1
21121010302,1,1,0,0,0.06897,0.00000,0.00000,0.8872,3
21121010401,0,0,0,0,0.00000,0.00000,0.00000,0.9537,2
21121110101,1,1,0,0,0.08780,0.00000,0.00000,0.9770,0
21121110102,0,0,0,0,0.00000,0.00000,0.00000,0.9385,0
21121110103,0,0,0,0,0.00000,0.00000,0.00000,0.9760,0
21121110104,0,0,0,0,0.00000,0.00000,0.00000,0.9380,0
21121110105,1,1,0,0,0.08600,0.00000,0.00000,0.9429,1
21121210101,0,0,0,0,0.00000,0.00000,0.00000,0.9103,2
21130110101,0,0,0,0,0.00000,0.00000,0.00000,0.9454,0
21130110201,0,0,0,0,0.00000,0.00000,0.00000,0.9838,1
21130110202,1,1,0,0,0.10638,0.00000,0.00000,0.9240,1
21130110203,0,0,0,0,0.00000,0.00000,0.00000,0.9629,3
21130110204,1,1,0,0,0.08370,0.00000,0.00000,0.9577,3
21130110301,1,1,0,0,0.08136,0.00000,0.00000,0.9519,0
211301120201,0,0,0,0,0.00000,0.00000,0.00000,0.9637,2
21130120101,1,1,0,0,0.07273,0.00000,0.00000,0.9643,1
21130120102,1,1,0,0,0.05122,0.00000,0.00000,0.9690,0
21130120103,1,1,0,0,0.05731,0.00000,0.00000,0.9777,0
21130120104,1,1,0,0,0.05674,0.00000,0.00000,0.9838,0
21130120201,0,0,0,0,0.00000,0.00000,0.00000,0.9637,2
21130120202,1,1,0,0,0.05729,0.00000,0.00000,0.9657,0
21130120203,0,0,0,0,0.00000,0.00000,0.00000,0.9700,1
21130210101,0,0,0,0,0.00000,0.00445,0.00462,0.9668,0
21130210201,0,0,0,0,0.00000,0.00000,0.00000,0.9739,0
21130210301,1,1,0,0,0.03621,0.00000,0.00000,0.9675,1
21130210302,0,0,0,0,0.00000,0.00000,0.00000,0.9450,0
21130210303,1,1,0,0,0.04082,0.00246,0.00000,0.8989,0
21130210401,1,1,0,0,0.11927,0.00000,0.00000,0.9786,2
21130210402,1,1,0,0,0.06684,0.00000,0.00000,0.9485,4
21130210403,0,0,0,0,0.00000,0.00000,0.00000,0.9528,5
21130310101,1,1,0,0,0.09011,0.00000,0.00000,0.9788,0
21130310102,1,1,0,0,0.13759,0.00000,0.00000,0.9815,2
21130310103,0,0,0,0,0.00909,0.00000,0.00000,0.9715,2
21130310104,0,0,0,0,0.00000,0.00000,0.00000,0.9767,0
21130310105,1,1,0,0,0.06429,0.00000,0.00000,0.9699,1
21130310201,0,0,0,0,0.00000,0.00000,0.00000,0.9569,1
21130310202,1,1,0,0,0.06027,0.00000,0.00000,0.8868,1
21130310301,1,1,0,0,0.03783,0.00000,0.00000,0.9861,-1
21130310302,1,1,0,0,0.10123,0.00000,0.00000,0.9799,2
21130310303,0,0,0,0,0.00000,0.00000,0.00000,0.9066,0
21130310304,1,1,0,0,0.08633,0.00000,0.00000,0.8878,0
21130320101,0,0,0,0,0.00000,0.00000,0.00000,0.8998,2
21130320102,1,1,0,0,0.06313,0.00000,0.00000,0.9590,0
21130320103,1,1,0,0,0.08033,0.00000,0.00000,0.9774,0
21130320104,0,0,0,0,0.00000,0.00000,0.00000,0.9704,1
21130320201,0,0,0,0,0.00000,0.00000,0.00000,0.8948,3
21130320202,1,1,0,0,0.06842,0.00000,0.00000,0.9544,0
21130320203,1,1,0,0,0.05967,0.00000,0.00000,0.9723,0
21140110101,0,0,0,0,0.00000,0.00000,0.00000,0.9204,1
21140110201,1,1,0,0,0.11818,0.00000,0.00000,0.9480,3
21140110301,0,0,0,0,0.00000,0.00228,0.00000,0.9443,-1
21140110401,1,1,0,0,0.08884,0.00000,0.00000,0.9797,1
21140110501,1,1,0,0,0.05495,0.00000,0.00000,0.9590,2
21140210101,1,1,0,0,0.04019,0.00000,0.00000,0.9832,0
21140210102,1,1,0,0,0.09451,0.00000,0.00000,0.9343,2
21140310101,1,1,0,0,0.08409,0.00219,0.00000,0.9702,1
21140310201,1,1,0,0,0.08747,0.00000,0.00000,0.9385,1
21140310301,1,1,0,0,0.15034,0.00236,0.00000,0.9620,2
21140310302,1,1,0,0,0.10330,0.00228,0.00000,0.9873,1
21140410101,1,1,0,0,0.09795,0.00000,0.00000,0.9855,1
21140410201,0,0,0,0,0.00000,0.00000,0.00000,0.9428,1
21140410301,1,1,0,0,0.07973,0.00000,0.00000,0.9774,0
21140510101,1,1,0,0,0.09112,0.00220,0.00000,0.9631,2
21140510201,1,1,0,0,0.09567,0.00000,0.00000,0.9522,-1
21140510301,0,0,0,0,0.00228,0.00911,0.00000,0.9721,1
21140510401,1,1,0,0,0.09693,0.00000,0.00000,0.9653,2
21140510501,1,1,0,0,0.06834,0.00473,0.00000,0.9773,1
21140610101,1,1,0,0,0.10155,0.00000,0.00000,0.9814,1
21140710101,1,1,0,0,0.11084,0.00000,0.00000,0.8680,1
21140710102,1,1,0,0,0.18040,0.00000,0.00000,0.8710,5
21140710103,1,1,0,0,0.06920,0.00000,0.00000,0.9483,1
21140710104,1,1,0,0,0.17907,0.00000,0.00000,0.9589,0
21140710201,1,1,0,0,0.09023,0.00000,0.00000,0.9522,3
21140710301,2,1,1,0,0.13090,0.16009,0.00000,0.9623,1
21140710302,2,1,1,0,0.01214,0.01937,0.00000,0.9505,1
21140710401,1,1,0,0,0.05580,0.00698,0.00000,0.9645,0
21140710501,1,1,0,0,0.02410,0.00000,0.00000,0.9786,1
21140710502,1,1,0,0,0.10913,0.00000,0.00000,0.8740,3
21140710503,1,1,0,0,0.07870,0.00000,0.00000,0.9537,3
21140710601,1,1,0,0,0.09534,0.00000,0.00000,0.9815,-1
21140810101,1,1,0,0,0.12911,0.00000,0.00000,0.9688,-1
21140810201,0,0,0,0,0.00000,0.00000,0.00000,0.9834,2
21140810301,1,1,0,0,0.12137,0.00000,0.00000,0.9612,2
21140810401,1,1,0,0,0.01552,0.00000,0.00000,0.9787,0
21140810501,0,0,0,0,0.00000,0.00243,0.00000,0.9778,2
21140810601,0,0,0,0,0.00000,0.00000,0.00000,0.9801,0
21140810602,0,0,0,0,0.00505,0.00000,0.00000,0.9644,2
21140810603,0,0,0,0,0.00231,0.00000,0.00000,0.9125,2
21150110101,0,0,0,0,0.00000,0.00000,0.00000,0.9524,0
21150110102,1,1,0,0,0.06349,0.00000,0.00000,0.9552,0
21150110103,1,1,0,0,0.01386,0.00000,0.00000,0.9618,2
21150210101,1,1,0,0,0.05011,0.00000,0.00000,0.9755,0
21150310101,1,1,0,0,0.11833,0.00000,0.00000,0.9567,0
21150310102,1,1,0,0,0.09091,0.00000,0.00000,0.9875,0
21150310103,1,1,0,0,0.10648,0.00000,0.00000,0.9775,1
21150410101,3,1,1,1,0.07159,0.06208,0.06481,0.9799,0
21150510101,1,1,0,0,0.10824,0.00000,0.00000,0.9624,1
21150610101,1,1,0,0,0.04232,0.00000,0.00000,0.9718,1
21150710101,2,1,1,0,0.11384,0.04911,0.00000,0.9638,1
21150710201,1,1,0,0,0.12993,0.00484,0.00000,0.9679,0
21150810101,1,1,0,0,0.18981,0.00000,0.00000,0.9410,0
21150910101,2,1,1,0,0.10088,0.11111,0.00000,0.9567,0
21151010101,1,1,0,0,0.11325,0.00000,0.00000,0.9850,0
21151010102,1,1,0,0,0.09070,0.00000,0.00000,0.9815,0
21151010103,1,1,0,0,0.09513,0.00000,0.00000,0.9848,-1
21151010201,0,0,0,0,0.00000,0.00000,0.00000,0.9803,0
21160110101,1,0,1,0,0.00682,0.01587,0.00000,0.9544,1
21160110102,0,0,0,0,0.00440,0.00000,0.00000,0.9777,1
21160110201,0,0,0,0,0.00473,0.00000,0.00000,0.9841,0
21160110301,0,0,0,0,0.00000,0.00000,0.00000,0.9780,0
21160110401,1,1,0,0,0.01099,0.00659,0.00000,0.9814,1
21160210101,0,0,0,0,0.00000,0.00000,0.00000,0.9695,0
21160210102,0,0,0,0,0.00000,0.00000,0.00000,0.9823,-1
21160210201,0,0,0,0,0.00227,0.00000,0.00000,0.9770,0
21160310101,0,0,0,0,0.00000,0.00000,0.00000,0.9761,0
21160310201,0,0,0,0,0.00000,0.00000,0.00000,0.9778,2
21160310301,0,0,0,0,0.00000,0.00000,0.00000,0.9614,0
21160410101,2,1,1,0,0.01319,0.01538,0.00000,0.9845,2
21160410201,0,0,0,0,0.00236,0.00000,0.00000,0.9650,1
21160410301,0,0,0,0,0.00000,0.00000,0.00000,0.9821,1
21160410401,0,0,0,0,0.00000,0.00000,0.00000,0.9654,-1
21160510101,0,0,0,0,0.00000,0.00000,0.00000,0.9845,1
21160510201,0,0,0,0,0.00911,0.00000,0.00000,0.9849,1
21160610101,0,0,0,0,0.00000,0.00000,0.00000,0.9840,1
21160610201,3,1,1,1,0.06136,0.16228,0.05702,0.9801,-1
21160710102,1,1,0,0,0.01538,0.00000,0.00423,0.9798,-1
21160710201,0,0,0,0,0.00000,0.00000,0.00000,0.9664,1
21160710301,0,0,0,0,0.00000,0.00000,0.00000,0.9751,0
21160810101,0,0,0,0,0.00000,0.00236,0.00000,0.9732,3
21160910101,0,0,0,0,0.00000,0.00000,0.00000,0.9679,0
21160910201,1,1,0,0,0.01096,0.00438,0.00658,0.9582,2
21161010101,0,0,0,0,0.00220,0.00000,0.00000,0.9861,1
21161010201,0,0,0,0,0.00456,0.00911,0.00000,0.9511,1
21161010401,0,0,0,0,0.00000,0.00000,0.00000,0.9881,1
21161010402,0,0,0,0,0.00901,0.00000,0.00000,0.9704,0
21161110101,2,1,1,0,0.09133,0.13318,0.00000,0.9661,1
21161110201,1,1,0,0,0.09368,0.00000,0.00000,0.9834,1
21161110301,2,1,1,0,0.09024,0.07783,0.00000,0.9868,1
21161110302,1,1,0,0,0.02165,0.00000,0.00000,0.9784,0
21161210101,0,0,0,0,0.00937,0.00000,0.00000,0.9724,-1
21161210102,0,0,0,0,0.00000,0.00000,0.00000,0.9863,0
21161210103,0,0,0,0,0.00000,0.00000,0.00000,0.9826,0
21161210104,0,0,0,0,0.00000,0.00000,0.00000,0.9770,1
21161210201,1,0,1,0,0.00000,0.01116,0.00000,0.9629,1
2116710101,0,0,0,0,0.00000,0.00000,0.00000,0.9834,0
22010110101,2,1,1,0,0.16435,0.08333,0.00000,0.9358,1
22010110102,2,1,1,0,0.16408,0.11833,0.00000,0.9400,1
22010110104,2,0,1,1,0.00000,0.11298,0.17361,0.9476,1
22010110201,2,1,1,0,0.16247,0.11233,0.00000,0.8591,1
22010110202,1,1,0,0,0.07243,0.00000,0.00000,0.9578,1
22010210101,2,1,1,0,0.16629,0.14550,0.00000,0.8677,1
22010210102,1,1,0,0,0.04128,0.00437,0.00000,0.9553,2
22010210103,2,1,1,0,0.18225,0.14188,0.00000,0.9563,0
22010210104,1,1,0,0,0.15972,0.00442,0.00221,0.9538,1
22010210201,2,1,1,0,0.15894,0.12009,0.00000,0.9600,2
22010210202,2,1,1,0,0.13909,0.13563,0.00000,0.8356,1
22010210203,0,0,0,0,0.00000,0.00229,0.00000,0.9570,0
22010210204,1,1,0,0,0.16972,0.00000,0.00000,0.9521,1
22010210301,2,1,1,0,0.13889,0.17593,0.00000,0.9603,1
22010210302,1,1,0,0,0.10817,0.00000,0.00000,0.9338,1
22010210303,0,0,0,0,0.00000,0.00231,0.00000,0.9347,0
22010210304,1,1,0,0,0.14815,0.00000,0.00000,0.9633,1
22010210305,1,1,0,0,0.10321,0.00220,0.00000,0.9577,2
22010310101,2,1,1,0,0.12740,0.12583,0.00463,0.9550,2
22010310102,1,1,0,0,0.11298,0.00000,0.00000,0.9555,2
22010310103,1,1,0,0,0.16106,0.00000,0.00231,0.9479,2
22010310104,0,0,0,0,0.00000,0.00000,0.00000,0.9403,1
22010410101,0,0,0,0,0.00000,0.00000,0.00000,0.9484,1
22010410201,1,1,0,0,0.21263,0.00000,0.00000,0.8895,2
22010410202,1,1,0,0,0.13426,0.00000,0.00251,0.9607,1
22010510101,1,1,0,0,0.08661,0.00273,0.00000,0.9606,1
22010510102,0,0,0,0,0.00000,0.00000,0.00000,0.9390,1
22010510103,0,0,0,0,0.00000,0.00000,0.00000,0.8400,3
22010510104,1,1,0,0,0.15673,0.00000,0.00000,0.9635,1
22010610101,2,1,1,0,0.30556,0.09713,0.00442,0.8429,3
22010610102,2,1,1,0,0.10185,0.11529,0.00000,0.9603,1
22010610201,2,0,1,1,0.00221,0.17647,0.18993,0.9553,1
22010610202,1,1,0,0,0.09382,0.00000,0.00000,0.9517,2
22010610203,0,0,0,0,0.00000,0.00000,0.00000,0.9620,1
22010610204,0,0,0,0,0.00000,0.00000,0.00000,0.9340,1
22010710101,2,1,1,0,0.09153,0.08633,0.00000,0.9546,1
22010810101,0,0,0,0,0.00000,0.00000,0.00000,0.9469,1
22010810201,0,0,0,0,0.00000,0.00000,0.00000,0.9584,1
22020110101,1,1,0,0,0.01101,0.00212,0.00220,0.9620,0
22020110102,2,1,1,0,0.18014,0.01386,0.00754,0.9627,2
22020110201,1,0,1,0,0.00251,0.02261,0.00000,0.9598,1
22020210101,2,1,1,0,0.14416,0.17824,0.00000,0.9134,0
22020210102,2,1,1,0,0.03009,0.01126,0.00000,0.9623,2
22020210103,1,0,0,1,0.00693,0.00881,0.02315,0.9616,0
22020210201,2,1,1,0,0.19134,0.15789,0.00000,0.8421,2
22020210202,2,1,1,0,0.07621,0.11343,0.00000,0.9559,1
22020310101,2,1,1,0,0.14634,0.17960,0.00000,0.8333,5
22020310102,2,1,1,0,0.16743,0.16998,0.00000,0.9584,0
22020410101,1,1,0,0,0.18307,0.00000,0.00000,0.8628,1
22020410102,1,1,0,0,0.15789,0.00000,0.00000,0.9410,-1
22020410103,1,1,0,0,0.09862,0.00000,0.00221,0.9325,3
22020510101,0,0,0,0,0.00000,0.00262,0.00253,0.9493,1
22020510201,2,1,1,0,0.15138,0.14679,0.00000,0.9485,-1
22020510301,2,1,1,0,0.17202,0.11468,0.00000,0.9419,1
22020510302,2,1,1,0,0.16583,0.13801,0.00000,0.9461,1
22020510303,2,1,1,0,0.07323,0.09912,0.00000,0.9261,3
22030110101,2,1,1,0,0.04157,0.05963,0.00000,0.9424,3
22030110201,3,1,1,1,0.07914,0.08291,0.05811,0.9612,1
22030210101,1,1,0,0,0.08068,0.00000,0.00000,0.9377,0
22030210201,1,1,0,0,0.09611,0.00000,0.00000,0.9308,4
22030210202,1,1,0,0,0.09611,0.00000,0.00000,0.8378,1
22030210203,1,1,0,0,0.07551,0.00000,0.00000,0.9527,2
22030220101,1,1,0,0,0.09164,0.00000,0.00000,0.9480,-1
22030220102,1,1,0,0,0.05263,0.00229,0.00000,0.9471,1
22030230101,1,1,0,0,0.14416,0.00000,0.00000,0.9583,1
22030230201,1,1,0,0,0.13187,0.00000,0.00000,0.9634,2
22030230202,1,1,0,0,0.07534,0.00000,0.00000,0.9331,2
22030230203,2,1,1,0,0.11429,0.15718,0.00000,0.9541,2
22030310101,1,1,0,0,0.07078,0.00000,0.00000,0.9639,0
22030310201,1,1,0,0,0.08884,0.00000,0.00000,0.8273,4
22040110101,0,0,0,0,0.00000,0.00000,0.00893,0.9625,1
22040210101,1,1,0,0,0.05275,0.00000,0.00000,0.9207,3
22040210201,1,0,0,1,0.00000,0.00000,0.12141,0.9307,2
22040210202,1,1,0,0,0.09655,0.00000,0.00000,0.9723,0
22040210203,1,1,0,0,0.10900,0.00000,0.00000,0.9659,-1
22040220101,1,1,0,0,0.10624,0.00000,0.00000,0.9386,1
22040220201,1,1,0,0,0.11670,0.00000,0.00000,0.9429,1
22040310101,0,0,0,0,0.00000,0.00000,0.00000,0.9432,3
22040310201,1,1,0,0,0.10984,0.00000,0.00000,0.9442,1
22040410101,1,1,0,0,0.08257,0.00000,0.00218,0.9439,2
22040410201,0,0,0,0,0.00000,0.00000,0.00000,0.8761,0
22040410301,0,0,0,0,0.00000,0.00000,0.00000,0.9566,2
22040410401,1,1,0,0,0.11468,0.00232,0.00232,0.9384,3
22050110101,1,1,0,0,0.08716,0.00000,0.00000,0.9436,1
22050110102,1,1,0,0,0.11038,0.00000,0.00000,0.9599,0
22050110103,1,1,0,0,0.10596,0.00000,0.00000,0.9385,1
22050110104,0,0,0,0,0.00000,0.00000,0.00000,0.9347,0
22050110105,0,0,0,0,0.00220,0.00000,0.00456,0.8220,5
22050110106,0,0,0,0,0.00000,0.00240,0.00000,0.9518,0
22050210101,1,1,0,0,0.06481,0.00000,0.00883,0.9357,1
22050210201,2,1,1,0,0.08467,0.11213,0.00000,0.9585,0
22050210202,1,1,0,0,0.08428,0.00000,0.00000,0.8439,4
22050210203,1,1,0,0,0.08924,0.00000,0.00000,0.9642,1
22050210301,0,0,0,0,0.00000,0.00000,0.00000,0.9376,-1
22050210302,0,0,0,0,0.00000,0.00000,0.00000,0.9416,0
22050310101,1,1,0,0,0.11239,0.00000,0.00000,0.9455,1
22050310102,1,1,0,0,0.10755,0.00000,0.00000,0.9575,-1
22050310103,0,0,0,0,0.00000,0.00000,0.00000,0.9398,1
22050410101,2,1,1,0,0.02703,0.05744,0.00000,0.9594,-1
22050410201,1,0,0,1,0.00229,0.00000,0.08768,0.9641,-1
22050410202,1,1,0,0,0.16247,0.00000,0.00000,0.9563,1
22050410203,0,0,0,0,0.00000,0.00000,0.00000,0.9571,0
22050410204,2,1,1,0,0.06636,0.04846,0.00000,0.9515,1
22050420101,1,1,0,0,0.13245,0.00000,0.00000,0.9678,0
22050420102,1,1,0,0,0.07342,0.00000,0.00000,0.9283,1
22060110101,2,1,1,0,0.08716,0.09375,0.00000,0.9529,0
22060210101,0,0,0,0,0.00000,0.00000,0.00262,0.9588,0
22060210102,1,1,0,0,0.10805,0.00000,0.00000,0.9628,-1
22060210201,1,1,0,0,0.17162,0.00000,0.00240,0.9446,1
22060310101,0,0,0,0,0.00229,0.00231,0.00000,0.9501,1
22060310102,0,0,0,0,0.00231,0.00000,0.00000,0.9484,1
22060310103,0,0,0,0,0.00442,0.00959,0.00221,0.9584,1
22060310201,2,1,1,0,0.20144,0.02643,0.00000,0.9110,1
22060310202,1,1,0,0,0.07870,0.00000,0.00000,0.9591,1
22060310203,0,0,0,0,0.00241,0.00000,0.00721,0.9671,1
22060310301,1,1,0,0,0.12019,0.00000,0.00000,0.9496,2
22060310302,1,1,0,0,0.14352,0.00000,0.00000,0.9570,1
22060310401,1,1,0,0,0.10276,0.00959,0.00693,0.9628,2
22060310402,0,0,0,0,0.00000,0.00000,0.00000,0.9233,1
22060310403,0,0,0,0,0.00481,0.00481,0.00459,0.9572,1
22060310404,1,0,1,0,0.00000,0.01157,0.00000,0.9551,1
22060310501,2,1,1,0,0.06789,0.08312,0.00756,0.9453,1
22060310502,0,0,0,0,0.00000,0.00000,0.00000,0.9344,0
22060410101,1,0,1,0,0.00221,0.01545,0.00000,0.9357,1
22060410201,1,1,0,0,0.09840,0.00000,0.00000,0.9557,0
22060410301,2,1,1,0,0.14120,0.14349,0.00231,0.9553,1
22060410302,2,1,1,0,0.05048,0.02083,0.00000,0.9435,1
22060410303,1,1,0,0,0.18705,0.00000,0.00000,0.9355,2
22060410304,1,1,0,0,0.08675,0.00000,0.00000,0.9634,1
22060410401,2,1,1,0,0.19222,0.11751,0.00000,0.9568,1
22060410402,2,1,1,0,0.14349,0.12615,0.00000,0.9601,1
22060410403,0,0,0,0,0.00000,0.00000,0.00000,0.9295,2
22060410404,0,0,0,0,0.00000,0.00000,0.00000,0.9585,1
22060410405,0,0,0,0,0.00000,0.00242,0.00000,0.9536,1
22060410501,2,1,1,0,0.14781,0.12874,0.00000,0.9272,1
22060410502,0,0,0,0,0.00694,0.00721,0.00480,0.9486,1
22060410504,0,0,0,0,0.00229,0.00883,0.00000,0.9443,1
220604710503,1,0,1,0,0.00221,0.01310,0.00421,0.9488,1
22060510101,0,0,0,0,0.00231,0.00000,0.00221,0.9366,2
22060510102,2,1,1,0,0.01439,0.02163,0.00915,0.9560,1
22060510103,0,0,0,0,0.00000,0.00228,0.00000,0.9652,-1
22060510104,0,0,0,0,0.00000,0.00000,0.00000,0.9557,1
22060610101,0,0,0,0,0.00000,0.00000,0.00000,0.8667,2
22060610102,0,0,0,0,0.00000,0.00000,0.00000,0.9519,-1
22060610103,1,1,0,0,0.04328,0.00236,0.00236,0.9727,-1
22060610201,1,1,0,0,0.07583,0.00000,0.00000,0.9624,1
22060610202,0,0,0,0,0.00000,0.00000,0.00000,0.8551,1
22060610203,1,0,1,0,0.00459,0.02540,0.00661,0.9254,2
22060610204,0,0,0,0,0.00220,0.00000,0.00441,0.8318,2
22060610205,0,0,0,0,0.00000,0.00000,0.00000,0.9698,0
22060610301,1,1,0,0,0.13725,0.00000,0.00000,0.9621,3
22060610302,1,1,0,0,0.10354,0.00272,0.00272,0.8970,1
22060610303,1,1,0,0,0.14097,0.00000,0.00221,0.9511,0
22060610304,1,1,0,0,0.12385,0.00000,0.00000,0.9560,2
22060610305,0,0,0,0,0.00000,0.00000,0.00000,0.9347,1
22060610401,0,0,0,0,0.00000,0.00221,0.00000,0.9432,0
22060610402,0,0,0,0,0.00883,0.00917,0.00000,0.9209,1
22060610403,1,1,0,0,0.09692,0.00000,0.00000,0.8212,2
22060610404,1,1,0,0,0.11374,0.00000,0.00000,0.9442,-1
22060610405,0,0,0,0,0.00000,0.00000,0.00000,0.9388,-1
22060710101,1,1,0,0,0.04087,0.00240,0.00000,0.9167,0
22070110101,1,1,0,0,0.10984,0.00000,0.00220,0.8496,2
22070210101,1,1,0,0,0.06143,0.00000,0.00000,0.9628,2
22070210201,1,1,0,0,0.09795,0.00000,0.00000,0.9276,3
22070210301,1,1,0,0,0.09375,0.00000,0.00000,0.9576,1
22070310101,1,1,0,0,0.08506,0.00000,0.00000,0.8701,-1
22070310102,1,1,0,0,0.08491,0.00000,0.00000,0.8922,0
22070410101,1,1,0,0,0.13534,0.00000,0.00000,0.9562,2
22070410201,1,1,0,0,0.09639,0.00000,0.00000,0.9442,2
22070410202,1,1,0,0,0.09339,0.00000,0.00000,0.9662,1
22070410203,1,1,0,0,0.11579,0.00000,0.00000,0.9527,2
22070410204,1,0,0,1,0.00000,0.00000,0.08696,0.9434,0
22070410205,1,1,0,0,0.01602,0.00000,0.00000,0.8407,1
22070410301,1,1,0,0,0.07109,0.00000,0.00000,0.9515,2
22070410302,1,1,0,0,0.15453,0.00220,0.00000,0.9463,0
22070410303,0,0,0,0,0.00000,0.00000,0.00000,0.9671,-1
22070510101,2,1,1,0,0.13163,0.07062,0.00000,0.9609,2
22070510102,0,0,0,0,0.00000,0.00000,0.00222,0.9661,-1
22070510201,0,0,0,0,0.00000,0.00426,0.00000,0.9128,0
22070510202,0,0,0,0,0.00000,0.00000,0.00000,0.9515,1
22070610101,1,1,0,0,0.09337,0.00000,0.00000,0.9221,-1
22070610102,0,0,0,0,0.00000,0.00000,0.00000,0.9637,1
22070710101,2,1,1,0,0.13761,0.20088,0.00662,0.9528,1
22070710102,0,0,0,0,0.00000,0.00000,0.00000,0.9643,-1
22070710201,1,1,0,0,0.06393,0.00000,0.00000,0.9522,1
22070710202,2,1,0,1,0.18554,0.00482,0.01453,0.9514,2
22080110101,1,1,0,0,0.13657,0.00221,0.00000,0.9545,2
22080110102,0,0,0,0,0.00883,0.00442,0.00000,0.9626,2
22080110103,0,0,0,0,0.00926,0.00231,0.00000,0.9415,1
22080110104,1,1,0,0,0.14908,0.00443,0.00222,0.9426,2
22080210101,1,1,0,0,0.14128,0.00000,0.00000,0.9180,1
22080210102,0,0,0,0,0.00000,0.00000,0.00000,0.9653,1
22080210103,1,1,0,0,0.13730,0.00441,0.00000,0.8288,5
22080210201,2,1,1,0,0.12141,0.01684,0.00000,0.9507,1
22080210202,1,1,0,0,0.16541,0.00253,0.00000,0.9463,1
22080210203,1,1,0,0,0.08873,0.00000,0.00000,0.9494,1
22080210204,0,0,0,0,0.00000,0.00421,0.00437,0.9545,1
22080210205,0,0,0,0,0.00915,0.00229,0.00000,0.9519,2
22080210301,0,0,0,0,0.00000,0.00000,0.00000,0.9295,1
22080210302,1,1,0,0,0.07726,0.00229,0.00441,0.9099,2
22080210401,0,0,0,0,0.00237,0.00000,0.00000,0.8481,1
22080210402,1,1,0,0,0.18764,0.00221,0.00000,0.9567,2
22080210403,0,0,0,0,0.00000,0.00688,0.00917,0.9555,2
22080210404,0,0,0,0,0.00000,0.00000,0.00000,0.9388,-1
22080210405,0,0,0,0,0.00222,0.00464,0.00723,0.9507,1
22080310101,1,1,0,0,0.07368,0.00000,0.00000,0.9538,1
22080310102,1,1,0,0,0.04119,0.00000,0.00000,0.9306,-1
22080310103,2,1,1,0,0.02410,0.01754,0.00000,0.9070,2
22080310104,2,1,1,0,0.15509,0.03125,0.00969,0.9475,2
22080310105,1,1,0,0,0.11617,0.00000,0.00228,0.8055,7
22080310106,0,0,0,0,0.00000,0.00842,0.00218,0.9545,2
22080410101,1,1,0,0,0.18807,0.00000,0.00221,0.9643,1
22080410102,1,0,0,1,0.00000,0.00421,0.01766,0.9588,2
22080410103,1,0,1,0,0.00463,0.01322,0.00962,0.9572,1
22080410104,3,1,1,1,0.11316,0.01199,0.01155,0.8248,6
22080410201,1,0,1,0,0.00240,0.02404,0.00693,0.9588,1
22080410202,1,1,0,0,0.11927,0.00000,0.00000,0.9642,1
22080510101,1,1,0,0,0.09424,0.00000,0.00000,0.9549,1
22080510102,1,1,0,0,0.13991,0.00000,0.00000,0.9599,1
22080510201,1,1,0,0,0.12442,0.00000,0.00000,0.9443,-1
22080510202,0,0,0,0,0.00000,0.00000,0.00000,0.9552,-1
22080510203,0,0,0,0,0.00000,0.00000,0.00000,0.9593,1
22080510204,0,0,0,0,0.00462,0.00462,0.00000,0.9617,2
22090110101,1,1,0,0,0.10984,0.00000,0.00000,0.9478,-1
22090110102,1,1,0,0,0.12528,0.00000,0.00000,0.9485,3
22090110103,3,1,1,1,0.07078,0.08057,0.07551,0.9169,3
22090110201,3,1,1,1,0.10297,0.07289,0.16079,0.9281,3
22090110202,2,1,1,0,0.08428,0.05923,0.00000,0.9376,2
22090110301,2,1,1,0,0.08467,0.07780,0.00000,0.9482,0
22090210101,0,0,0,0,0.00000,0.00000,0.00000,0.9616,0
22090210102,1,1,0,0,0.04615,0.00000,0.00000,0.9374,3
22090310101,0,0,0,0,0.00000,0.00000,0.00000,0.9379,1
22090310201,1,1,0,0,0.02247,0.00000,0.00000,0.9623,2
22090310301,1,1,0,0,0.11611,0.00000,0.00000,0.9641,-1
22090410101,1,1,0,0,0.08238,0.00000,0.00000,0.9295,4
22090410201,2,1,1,0,0.09840,0.07780,0.00000,0.9259,2
22090510201,0,0,0,0,0.00000,0.00000,0.00000,0.9268,3
22090510301,0,0,0,0,0.00000,0.00000,0.00000,0.8971,1
22090610101,2,1,1,0,0.21101,0.11674,0.00000,0.9457,2
22090610201,0,0,0,0,0.00000,0.00000,0.00000,0.9185,2
22090610301,1,0,0,1,0.00000,0.00000,0.07517,0.8934,2
22090610302,1,1,0,0,0.06834,0.00000,0.00000,0.9377,3
22090610303,1,1,0,0,0.12128,0.00000,0.00000,0.9037,-1
22090710101,1,1,0,0,0.09112,0.00000,0.00000,0.9396,1
22090710102,0,0,0,0,0.00220,0.00000,0.00000,0.9574,0
22090710201,0,0,0,0,0.00000,0.00000,0.00000,0.9467,1
22090810201,0,0,0,0,0.00000,0.00000,0.00000,0.9351,3
22090810301,2,1,1,0,0.13216,0.11253,0.00000,0.9654,2
22090810302,0,0,0,0,0.00000,0.00000,0.00000,0.9502,1
22090810303,1,1,0,0,0.12085,0.00442,0.00000,0.9636,0
22090810401,0,0,0,0,0.00000,0.00000,0.00262,0.9655,-1
22090910101,1,1,0,0,0.08830,0.00000,0.00000,0.9060,2
22090910201,1,1,0,0,0.09716,0.00000,0.00000,0.9131,3
22090910301,2,1,1,0,0.13948,0.08983,0.00000,0.9514,1
22090910302,2,1,1,0,0.05787,0.08929,0.00000,0.9568,1
22090910303,1,1,0,0,0.13571,0.00000,0.00000,0.8621,0
22090910304,1,1,0,0,0.14128,0.00000,0.00000,0.9487,-2
22090910305,1,1,0,0,0.16890,0.00000,0.00000,0.9267,1
22090910501,2,1,1,0,0.11778,0.17849,0.00000,0.9217,4
22090910601,0,0,0,0,0.00000,0.00000,0.00000,0.9509,2
22090910701,1,1,0,0,0.14416,0.00000,0.00000,0.9249,3
22090910801,1,1,0,0,0.11674,0.00000,0.00229,0.9215,-1
22090910901,1,1,0,0,0.05882,0.00000,0.00000,0.9254,3
22090911001,1,1,0,0,0.02288,0.00915,0.00000,0.9697,0
22091010101,1,1,0,0,0.05077,0.00000,0.00000,0.9278,0
22091010201,2,1,1,0,0.05896,0.03271,0.00000,0.9558,2
22091010202,2,0,1,1,0.00000,0.09011,0.16247,0.9290,3
22091010203,1,1,0,0,0.05977,0.00000,0.00229,0.8889,1
22091010301,2,1,1,0,0.08676,0.07078,0.00228,0.8990,0
22091010302,3,1,1,1,0.05251,0.02740,0.07109,0.9505,0
22091010401,0,0,0,0,0.00000,0.00000,0.00000,0.9034,2
22091010501,1,1,0,0,0.04502,0.00000,0.00000,0.9268,3
22091110101,0,,,,,,,0.9574,2
22100110101,3,1,1,1,0.14634,0.01552,0.01613,0.9471,2
22100120101,1,1,0,0,0.06422,0.00000,0.00000,0.9509,1
22100210101,1,1,0,0,0.11921,0.00000,0.00000,0.9608,2
22100210201,0,0,0,0,0.00714,0.00000,0.00000,0.9623,-1
22100310101,1,1,0,0,0.13466,0.00000,0.00000,0.8955,1
22100310201,1,1,0,0,0.11058,0.00000,0.00000,0.9372,1
22100310301,1,1,0,0,0.11298,0.00000,0.00000,0.9220,1
22100310302,0,0,0,0,0.00000,0.00000,0.00000,0.9642,1
22100320101,1,1,0,0,0.14423,0.00000,0.00000,0.9413,2
22100320102,0,0,0,0,0.00000,0.00000,0.00000,0.8357,1
22100320201,0,0,0,0,0.00000,0.00221,0.00000,0.9185,1
22110110101,1,1,0,0,0.11013,0.00000,0.00000,0.9575,2
22110110102,0,0,0,0,0.00000,0.00000,0.00000,0.9591,1
22110210101,1,1,0,0,0.07073,0.00000,0.00000,0.9594,1
22110210201,1,1,0,0,0.01822,0.00000,0.00000,0.9554,2
22110210301,0,0,0,0,0.00000,0.00000,0.00000,0.9312,1
22110210401,1,1,0,0,0.12530,0.00000,0.00000,0.9428,3
22110310101,1,1,0,0,0.04450,0.00000,0.00000,0.9342,2
22110410101,1,1,0,0,0.11674,0.00000,0.00000,0.9476,2
22110410102,1,1,0,0,0.06813,0.00000,0.00000,0.9185,4
22110410103,1,1,0,0,0.04100,0.00000,0.00000,0.9526,2
22110410104,0,0,0,0,0.00000,0.00000,0.00000,0.9466,2
22110410201,0,0,0,0,0.00000,0.00000,0.00000,0.9645,0
22110410202,1,1,0,0,0.09153,0.00000,0.00000,0.9481,0
22110410203,1,1,0,0,0.10526,0.00000,0.00229,0.9053,1
22110510101,1,1,0,0,0.12775,0.00000,0.00000,0.9548,0
22110510201,1,1,0,0,0.10427,0.00000,0.00000,0.9582,0
22110510301,0,0,0,0,0.00000,0.00000,0.00000,0.9668,1
22120110101,2,1,1,0,0.10316,0.08389,0.00000,0.9600,1
22120110201,2,1,1,0,0.09974,0.06527,0.00000,0.9592,1
22120110301,2,1,1,0,0.10072,0.08467,0.00661,0.9539,1
22120210101,0,0,0,0,0.00000,0.00000,0.00000,0.9437,2
22120210201,3,1,1,1,0.03815,0.11048,0.02180,0.9638,1
22120310101,1,1,0,0,0.14570,0.00221,0.00000,0.9611,2
22120310201,1,1,0,0,0.07625,0.00442,0.00000,0.9587,2
22120310301,0,0,0,0,0.00000,0.00000,0.00000,0.9570,2
22120410101,0,0,0,0,0.00754,0.00000,0.00000,0.9539,1
22120410201,3,1,1,1,0.17085,0.14536,0.19799,0.8431,1
22120410301,1,1,0,0,0.11038,0.00220,0.00000,0.8967,1
22120410401,1,1,0,0,0.12060,0.00000,0.00000,0.9563,2
22120510101,0,0,0,0,0.00221,0.00000,0.00000,0.9589,2
22120510201,2,1,1,0,0.15332,0.10984,0.00229,0.9560,1
22120610101,1,1,0,0,0.11135,0.00000,0.00000,0.9520,2
22120610301,1,1,0,0,0.10755,0.00000,0.00000,0.8323,3
22120610302,1,1,0,0,0.14196,0.00000,0.00000,0.9620,1
22120710101,1,1,0,0,0.10817,0.00000,0.00000,0.9527,3
22120710201,2,1,1,0,0.13272,0.08924,0.00000,0.9321,1
22130110101,2,1,1,0,0.14183,0.09700,0.00000,0.9542,1
22130110201,1,1,0,0,0.12583,0.00000,0.00000,0.9536,0
22130210101,1,1,0,0,0.09168,0.00000,0.00221,0.9394,0
22130210201,1,1,0,0,0.07434,0.00688,0.00000,0.9558,1
22130310101,1,1,0,0,0.02878,0.00924,0.00220,0.9408,1
22130310201,1,1,0,0,0.13216,0.00637,0.00000,0.9551,-1
22130310202,0,0,0,0,0.00000,0.00000,0.00000,0.9589,-1
22130310203,0,0,0,0,0.00229,0.00221,0.00000,0.9576,0
22130410101,1,1,0,0,0.17162,0.00000,0.00000,0.9525,2
22130410102,1,1,0,0,0.12586,0.00000,0.00000,0.9621,-1
22130420101,0,0,0,0,0.00000,0.00000,0.00000,0.9648,1
22130420102,1,1,0,0,0.12804,0.00000,0.00000,0.9678,-1
22130610201,1,1,0,0,0.10817,0.00221,0.00229,0.9580,2
23010110101,0,0,0,0,0.00000,0.00000,0.00000,0.9496,1
23010110201,1,1,0,0,0.04902,0.00000,0.00000,0.9604,1
23010110301,0,0,0,0,0.00000,0.00000,0.00000,0.9599,2
23010210101,1,1,0,0,0.06364,0.00000,0.00000,0.9546,1
23010210102,1,1,0,0,0.08789,0.00000,0.00000,0.9515,3
23010210103,1,1,0,0,0.06856,0.00000,0.00000,0.9566,1
23010210201,1,1,0,0,0.05921,0.00000,0.00000,0.9533,2
23010210202,0,0,0,0,0.00000,0.00000,0.00000,0.9512,1
23010310101,0,0,0,0,0.00000,0.00000,0.00000,0.9626,1
23010310102,1,1,0,0,0.03077,0.00000,0.00000,0.8766,3
23010310201,1,1,0,0,0.02273,0.00473,0.00000,0.9575,1
23010310202,1,1,0,0,0.11818,0.00000,0.00000,0.9370,2
23010310301,0,0,0,0,0.00000,0.00000,0.00000,0.9438,1
23010310302,1,1,0,0,0.06360,0.00000,0.00000,0.9497,2
23010310401,1,1,0,0,0.10088,0.00000,0.00000,0.9458,3
23010410101,2,1,1,0,0.01532,0.02845,0.00227,0.9448,1
23010410102,1,1,0,0,0.07595,0.00000,0.00000,0.9552,3
23010410103,1,1,0,0,0.07692,0.00000,0.00000,0.9446,0
23010410104,0,0,0,0,0.00000,0.00461,0.00000,0.9553,1
23010410201,0,0,0,0,0.00000,0.00000,0.00000,0.9619,1
23010410202,2,1,1,0,0.02941,0.02837,0.00000,0.9479,2
23010510101,0,0,0,0,0.00000,0.00000,0.00000,0.9551,2
23010510201,0,0,0,0,0.00236,0.00000,0.00000,0.9571,2
23010510202,0,0,0,0,0.00000,0.00000,0.00000,0.9620,1
23010510203,0,0,0,0,0.00000,0.00000,0.00000,0.9553,0
23010510301,0,0,0,0,0.00000,0.00000,0.00000,0.9587,2
23010510401,1,1,0,0,0.07727,0.00000,0.00000,0.9560,3
23010610101,0,0,0,0,0.00000,0.00000,0.00000,0.9529,2
23010610201,0,0,0,0,0.00000,0.00000,0.00000,0.9463,2
23010710101,0,0,0,0,0.00000,0.00000,0.00000,0.9534,2
23010710102,1,1,0,0,0.06579,0.00000,0.00000,0.9587,3
23010710201,1,1,0,0,0.06150,0.00000,0.00000,0.9583,1
23010710202,1,1,0,0,0.08409,0.00000,0.00000,0.9606,1
23010710203,1,1,0,0,0.05660,0.00000,0.00000,0.9520,2
23010810101,1,1,0,0,0.05669,0.00000,0.00000,0.9449,1
23010810102,1,1,0,0,0.09297,0.00000,0.00000,0.9478,3
23010810201,0,0,0,0,0.00000,0.00000,0.00000,0.8711,2
23010810202,1,1,0,0,0.03066,0.00000,0.00000,0.9627,2
23010810203,0,0,0,0,0.00000,0.00000,0.00000,0.9549,3
23010810204,1,1,0,0,0.07981,0.00000,0.00000,0.9536,3
23010810205,0,0,0,0,0.00000,0.00000,0.00000,0.9533,1
23010910101,1,1,0,0,0.07221,0.00000,0.00000,0.9481,3
23010910201,2,1,1,0,0.10613,0.03423,0.00000,0.9517,3
23010910301,1,1,0,0,0.05682,0.00000,0.00000,0.9477,1
23010910401,0,0,0,0,0.00000,0.00000,0.00000,0.9563,1
23010910402,1,1,0,0,0.13152,0.00000,0.00000,0.9510,1
23010910501,1,1,0,0,0.07547,0.00000,0.00000,0.9611,1
23010910601,1,1,0,0,0.06364,0.00000,0.00000,0.9648,2
23010910602,0,0,0,0,0.00000,0.00000,0.00000,0.9471,0
23010910603,0,0,0,0,0.00473,0.00000,0.00000,0.9633,1
23011010101,0,0,0,0,0.00000,0.00000,0.00000,0.9595,1
23011010201,0,0,0,0,0.00000,0.00000,0.00000,0.9597,2
23011010301,1,1,0,0,0.04728,0.00000,0.00000,0.9562,1
23011010401,0,0,0,0,0.00000,0.00000,0.00000,0.9459,3
23011010501,1,1,0,0,0.04045,0.00000,0.00000,0.9649,1
23011010502,0,0,0,0,0.00000,0.00000,0.00000,0.9564,3
23011010601,0,0,0,0,0.00000,0.00000,0.00000,0.9084,2
23011010602,1,1,0,0,0.05437,0.00000,0.00000,0.9202,2
23011110101,1,1,0,0,0.01179,0.00000,0.00000,0.9653,1
23011110201,1,1,0,0,0.04091,0.00000,0.00000,0.9520,3
23011110301,0,0,0,0,0.00683,0.00236,0.00000,0.9594,1
23011110401,1,1,0,0,0.02727,0.00000,0.00000,0.9598,3
23011110501,1,1,0,0,0.03872,0.00000,0.00000,0.9629,0
23011110502,1,1,0,0,0.06682,0.00924,0.00000,0.9378,3
23011110601,0,0,0,0,0.00000,0.00000,0.00000,0.9521,1
23011210101,1,1,0,0,0.02600,0.00000,0.00000,0.9547,1
23011210201,1,1,0,0,0.07273,0.00000,0.00000,0.9541,1
23011210301,1,1,0,0,0.06606,0.00000,0.00000,0.9684,2
23011210401,1,1,0,0,0.03182,0.00000,0.00000,0.9563,2
23011210402,0,0,0,0,0.00000,0.00000,0.00000,0.9427,0
23020110101,0,0,0,0,0.00907,0.00000,0.00000,0.9471,2
23020110201,0,0,0,0,0.00000,0.00439,0.00000,0.9577,1
23020210101,1,1,0,0,0.04941,0.00000,0.00000,0.9553,3
23020210201,1,1,0,0,0.06818,0.00000,0.00000,0.9501,1
23020210301,1,1,0,0,0.03855,0.00000,0.00000,0.9575,2
23020210401,1,1,0,0,0.01872,0.00000,0.00000,0.9471,2
23020310101,1,1,0,0,0.05669,0.00000,0.00000,0.9408,2
23020310201,1,1,0,0,0.06346,0.00000,0.00000,0.9541,1
23020410101,0,0,0,0,0.00000,0.00000,0.00000,0.9496,0
23020510101,1,1,0,0,0.02696,0.00000,0.00000,0.9559,0
23020510102,1,1,0,0,0.07675,0.00000,0.00000,0.9532,2
23020610101,3,1,1,1,0.03765,0.04989,0.06318,0.9497,2
23020610102,1,1,0,0,0.05909,0.00000,0.00000,0.9423,2
23020610201,1,1,0,0,0.06360,0.00000,0.00000,0.9517,1
23020610301,1,1,0,0,0.06346,0.00000,0.00000,0.9588,1
23020610401,1,1,0,0,0.06360,0.00000,0.00000,0.9595,2
23020710101,1,1,0,0,0.08200,0.00000,0.00000,0.9566,2
23020710201,1,1,0,0,0.08753,0.00000,0.00000,0.9567,2
23020710301,0,0,0,0,0.00000,0.00000,0.00000,0.9610,1
23020810101,1,1,0,0,0.07273,0.00000,0.00000,0.9580,3
23020810102,0,0,0,0,0.00000,0.00000,0.00000,0.9443,2
23020810103,1,1,0,0,0.08636,0.00000,0.00000,0.9493,2
23020810201,1,1,0,0,0.04989,0.00000,0.00000,0.9630,1
23020810301,1,1,0,0,0.09091,0.00000,0.00000,0.9212,1
23020810401,1,1,0,0,0.03521,0.00000,0.00000,0.9558,0
23020810402,1,1,0,0,0.10941,0.00000,0.00000,0.9539,2
23020810403,0,0,0,0,0.00000,0.00000,0.00000,0.9550,1
23020810501,1,1,0,0,0.04245,0.00000,0.00000,0.9472,2
23020910101,1,1,0,0,0.04082,0.00000,0.00000,0.9493,1
23020910201,1,1,0,0,0.06127,0.00000,0.00000,0.9577,2
23021010101,0,0,0,0,0.00000,0.00000,0.00000,0.9584,1
23021010201,1,1,0,0,0.06364,0.00000,0.00000,0.9426,3
23021010202,0,0,0,0,0.00000,0.00000,0.00000,0.9635,3
23021010301,0,0,0,0,0.00000,0.00000,0.00000,0.9579,3
23021110101,1,1,0,0,0.04318,0.00000,0.00000,0.9587,1
23021110201,1,1,0,0,0.04318,0.00000,0.00000,0.9498,2
23021210101,0,0,0,0,0.00000,0.00000,0.00000,0.9581,2
23021210201,0,0,0,0,0.00000,0.00000,0.00000,0.9526,1
23021310101,1,1,0,0,0.07062,0.00000,0.00000,0.9607,1
23021310201,1,1,0,0,0.09773,0.00000,0.00000,0.9501,0
23030110101,1,1,0,0,0.10575,0.00000,0.00000,0.9403,2
23030110102,1,1,0,0,0.02024,0.00000,0.00000,0.9338,1
23030110103,0,0,0,0,0.00000,0.00000,0.00000,0.9550,3
23030110104,0,0,0,0,0.00000,0.00000,0.00000,0.9413,1
23030110201,1,1,0,0,0.10427,0.00000,0.00000,0.9120,4
23030110202,1,1,0,0,0.01339,0.00000,0.00000,0.9127,3
23030110301,1,1,0,0,0.10268,0.00000,0.00000,0.9352,1
23030110302,1,1,0,0,0.10204,0.00000,0.00000,0.9338,5
23030110303,0,0,0,0,0.00000,0.00000,0.00000,0.9283,4
23030110401,0,0,0,0,0.00000,0.00000,0.00000,0.9536,1
23030110501,2,1,1,0,0.09557,0.09034,0.00000,0.9309,2
23030210101,0,0,0,0,0.00000,0.00000,0.00000,0.9372,2
23030310101,1,1,0,0,0.09443,0.00000,0.00000,0.9114,2
23030310102,1,1,0,0,0.01632,0.00699,0.00699,0.9481,2
23030410101,0,0,0,0,0.00000,0.00000,0.00000,0.9328,3
23030410102,0,0,0,0,0.00000,0.00000,0.00000,0.9216,1
23030410103,0,0,0,0,0.00000,0.00000,0.00000,0.9259,3
23030410202,0,0,0,0,0.00000,0.00000,0.00000,0.9385,3
23030410302,0,0,0,0,0.00000,0.00000,0.00000,0.9556,2
23030410303,0,0,0,0,0.00000,0.00000,0.00000,0.9435,2
23030410304,0,0,0,0,0.00000,0.00000,0.00000,0.9423,2
23030413001,1,1,0,0,0.01389,0.00000,0.00000,0.9451,2
23030510101,1,1,0,0,0.01713,0.00887,0.00000,0.9607,2
23030610101,0,0,0,0,0.00000,0.00000,0.00000,0.9066,1
23040110101,3,1,1,1,0.07692,0.01903,0.02114,0.9436,0
23040110201,1,1,0,0,0.03433,0.00000,0.00000,0.9428,3
23040110202,0,0,0,0,0.00000,0.00000,0.00000,0.9535,2
23040110203,0,0,0,0,0.00450,0.00234,0.00417,0.9269,3
23040110204,1,1,0,0,0.10944,0.00000,0.00000,0.9301,2
23040210101,1,1,0,0,0.03991,0.00000,0.00000,0.9410,1
23040210102,1,1,0,0,0.10575,0.00000,0.00000,0.9284,2
23040210203,0,0,0,0,0.00000,0.00000,0.00000,0.9464,2
23040310101,3,1,1,1,0.02179,0.03365,0.02564,0.9292,1
23040310102,0,0,0,0,0.00000,0.00000,0.00000,0.9226,1
23040310103,1,1,0,0,0.02832,0.00440,0.00000,0.9381,1
23040310104,0,0,0,0,0.00000,0.00000,0.00000,0.9477,3
23040310201,1,1,0,0,0.07692,0.00000,0.00000,0.9346,2
23040310202,1,1,0,0,0.01453,0.00000,0.00000,0.9406,4
23040310301,1,0,1,0,0.00000,0.01515,0.00000,0.9302,2
23040310401,1,1,0,0,0.09242,0.00000,0.00000,0.9351,1
23040310501,0,0,0,0,0.00000,0.00000,0.00000,0.9411,1
23040310502,0,0,0,0,0.00000,0.00000,0.00000,0.9381,2
23040410101,0,0,0,0,0.00000,0.00000,0.00000,0.9446,-1
23040410102,2,1,1,0,0.07459,0.02614,0.00000,0.9476,2
23040410201,1,1,0,0,0.05911,0.00000,0.00000,0.9476,1
23040410202,1,1,0,0,0.01620,0.00000,0.00000,0.9343,2
23040410203,3,1,1,1,0.03456,0.03571,0.01152,0.9326,2
23040410204,0,0,0,0,0.00208,0.00000,0.00000,0.9519,3
23040510101,1,1,0,0,0.06250,0.00000,0.00000,0.9341,2
23040510201,1,1,0,0,0.08676,0.00000,0.00000,0.9298,1
23040510202,0,0,0,0,0.00000,0.00000,0.00000,0.9375,2
23040510203,1,1,0,0,0.06205,0.00000,0.00000,0.9411,3
23040510204,0,0,0,0,0.00000,0.00000,0.00000,0.9418,2
23040510205,0,0,0,0,0.00000,0.00000,0.00000,0.9320,2
23040510206,1,1,0,0,0.03415,0.00000,0.00000,0.9338,3
23040510301,1,1,0,0,0.05450,0.00000,0.00000,0.9463,1
23040510302,1,1,0,0,0.12821,0.00000,0.00000,0.9370,3
23040610101,1,1,0,0,0.02575,0.00000,0.00000,0.9441,1
23040610102,0,0,0,0,0.00000,0.00000,0.00000,0.9370,4
23040610201,1,1,0,0,0.03571,0.00000,0.00000,0.9445,3
23040610301,1,1,0,0,0.01671,0.00477,0.00000,0.9326,4
23040610302,0,0,0,0,0.00000,0.00000,0.00000,0.9312,1
23040710101,2,1,1,0,0.06867,0.11803,0.00000,0.9308,2
23040710102,0,0,0,0,0.00000,0.00000,0.00000,0.9523,1
23040710103,1,1,0,0,0.14597,0.00000,0.00000,0.9333,1
23040710104,0,0,0,0,0.00000,0.00000,0.00000,0.9257,3
23040710105,0,0,0,0,0.00000,0.00000,0.00000,0.9454,2
23040710106,0,0,0,0,0.00000,0.00000,0.00000,0.9417,0
23040810101,1,1,0,0,0.04688,0.00000,0.00000,0.9415,3
23040810102,1,1,0,0,0.11429,0.00000,0.00000,0.9340,2
23040810201,0,0,0,0,0.00000,0.00000,0.00000,0.9386,4
23040810202,1,1,0,0,0.12336,0.00000,0.00000,0.9440,2
23040910101,0,0,0,0,0.00000,0.00000,0.00000,0.9444,1
23040910102,1,1,0,0,0.09268,0.00000,0.00000,0.9151,4
23040910201,1,1,0,0,0.07483,0.00000,0.00000,0.9402,3
23040910202,0,0,0,0,0.00211,0.00423,0.00659,0.9323,1
23041010101,2,1,1,0,0.05134,0.01948,0.00000,0.9338,2
23041010201,1,1,0,0,0.17548,0.00000,0.00000,0.9190,5
23041010202,1,1,0,0,0.02247,0.00210,0.00000,0.9296,3
23041010203,0,0,0,0,0.00000,0.00000,0.00000,0.9447,3
23041010204,1,1,0,0,0.08764,0.00000,0.00000,0.9515,1
23041010301,1,1,0,0,0.08658,0.00000,0.00000,0.9235,2
23041110101,1,1,0,0,0.04339,0.00000,0.00000,0.9487,3
23041110201,1,1,0,0,0.05628,0.00000,0.00000,0.9453,1
23041110202,0,0,0,0,0.00000,0.00000,0.00000,0.9393,3
23050110101,0,0,0,0,0.00000,0.00000,0.00000,0.9645,0
23050110102,1,1,0,0,0.06818,0.00000,0.00000,0.9538,1
23050110201,1,1,0,0,0.03310,0.00000,0.00000,0.9464,2
23050110202,0,0,0,0,0.00000,0.00000,0.00000,0.9322,1
23050110301,1,1,0,0,0.08182,0.00000,0.00000,0.9609,2
23050110401,1,1,0,0,0.02198,0.00000,0.00000,0.9577,2
23050110402,0,0,0,0,0.00000,0.00000,0.00000,0.9613,1
23050110501,0,0,0,0,0.00000,0.00000,0.00000,0.9544,1
23050110601,3,1,1,1,0.08390,0.06803,0.07483,0.9559,1
23050210101,0,0,0,0,0.00000,0.00000,0.00000,0.9585,2
23050210102,0,0,0,0,0.00000,0.00000,0.00000,0.9624,2
23050210201,1,1,0,0,0.06136,0.00000,0.00000,0.9568,1
23050210301,2,1,1,0,0.05023,0.07306,0.00000,0.9520,1
23050210302,0,0,0,0,0.00000,0.00000,0.00000,0.9623,3
23050210303,0,0,0,0,0.00000,0.00000,0.00000,0.9563,1
23050210304,0,0,0,0,0.00000,0.00000,0.00000,0.9598,1
23050210401,1,1,0,0,0.11162,0.00000,0.00000,0.9665,1
23050210402,0,0,0,0,0.00000,0.00000,0.00000,0.9482,3
23050210501,0,0,0,0,0.00000,0.00000,0.00000,0.9573,0
23050310101,0,0,0,0,0.00000,0.00000,0.00000,0.9517,2
23050310102,0,0,0,0,0.00000,0.00000,0.00000,0.9511,1
23050310103,0,0,0,0,0.00000,0.00000,0.00000,0.9571,1
23050310104,0,0,0,0,0.00000,0.00000,0.00000,0.9375,1
23050410101,1,1,0,0,0.12045,0.00000,0.00000,0.9563,2
23050410201,1,1,0,0,0.05843,0.00000,0.00000,0.9520,1
23050410202,0,0,0,0,0.00000,0.00000,0.00000,0.9421,-1
23050410203,0,0,0,0,0.00000,0.00000,0.00000,0.9610,1
23050510101,1,1,0,0,0.16052,0.00000,0.00000,0.9363,3
23050510102,0,0,0,0,0.00000,0.00000,0.00000,0.9595,2
23050610101,0,0,0,0,0.00000,0.00000,0.00000,0.9524,2
23050610102,0,0,0,0,0.00000,0.00000,0.00000,0.9632,3
23050610201,0,0,0,0,0.00000,0.00000,0.00000,0.8595,-4
23050610301,1,1,0,0,0.04167,0.00000,0.00000,0.9592,2
23050610302,0,0,0,0,0.00000,0.00000,0.00000,0.9658,2
23050610303,0,0,0,0,0.00000,0.00000,0.00000,0.9627,2
23050610401,0,0,0,0,0.00000,0.00000,0.00000,0.9567,1
23050710101,0,0,0,0,0.00000,0.00000,0.00000,0.9588,1
23050710102,0,0,0,0,0.00000,0.00000,0.00000,0.9568,0
23050710103,1,1,0,0,0.08955,0.00000,0.00000,0.9578,1
23050710201,1,1,0,0,0.04396,0.00000,0.00000,0.9517,1
23050710301,1,1,0,0,0.05467,0.00000,0.00000,0.9616,0
23050710302,0,0,0,0,0.00000,0.00000,0.00000,0.9441,1
23050710303,0,0,0,0,0.00000,0.00000,0.00000,0.9593,0
23050710304,0,0,0,0,0.00000,0.00000,0.00000,0.9594,3
23050710305,0,0,0,0,0.00000,0.00000,0.00000,0.9650,1
23050710401,0,0,0,0,0.00000,0.00000,0.00000,0.9514,2
23050710402,0,0,0,0,0.00000,0.00000,0.00000,0.9582,2
23050710403,1,1,0,0,0.03417,0.00000,0.00000,0.9643,2
23050710404,0,0,0,0,0.00000,0.00000,0.00000,0.9527,2
23050710405,0,0,0,0,0.00000,0.00000,0.00000,0.9534,1
23050710406,1,1,0,0,0.01818,0.00000,0.00000,0.9536,2
23050710407,0,0,0,0,0.00000,0.00000,0.00000,0.9583,3
23050710501,1,1,0,0,0.06818,0.00000,0.00000,0.9599,1
23050710502,1,0,1,0,0.00000,0.04615,0.00000,0.9555,0
23050710601,0,0,0,0,0.00000,0.00000,0.00000,0.9502,1
23060110101,1,0,0,1,0.00000,0.00000,0.05714,0.9447,2
23060110201,2,1,1,0,0.11058,0.08333,0.00000,0.9354,5
23060110202,0,0,0,0,0.00000,0.00000,0.00000,0.9442,0
23060110301,1,1,0,0,0.08654,0.00000,0.00000,0.9407,4
23060110302,1,1,0,0,0.10491,0.00000,0.00000,0.9348,3
23060210101,1,1,0,0,0.03678,0.00000,0.00000,0.9517,3
23060210102,0,0,0,0,0.00000,0.00000,0.00000,0.9460,3
23060210201,1,1,0,0,0.08333,0.00000,0.00000,0.9305,3
23060210202,2,1,1,0,0.09740,0.07576,0.00000,0.9200,2
23060210301,0,0,0,0,0.00000,0.00000,0.00000,0.9133,4
23060310101,0,0,0,0,0.00237,0.00000,0.00000,0.9327,2
23060410101,1,1,0,0,0.10300,0.00000,0.00000,0.9422,0
23060410102,1,1,0,0,0.01802,0.00000,0.00000,0.9385,1
23060410103,2,1,1,0,0.06250,0.01351,0.00000,0.9466,1
23060410104,1,1,0,0,0.06635,0.00474,0.00000,0.9401,3
23060410105,2,1,1,0,0.10714,0.09740,0.00000,0.9438,1
23060410201,2,1,1,0,0.07191,0.03239,0.00449,0.9456,2
23060410202,1,1,0,0,0.08193,0.00000,0.00000,0.9332,2
23060410203,0,0,0,0,0.00000,0.00000,0.00000,0.9328,2
23060510101,0,0,0,0,0.00000,0.00000,0.00000,0.9458,1
23060510102,1,1,0,0,0.07452,0.00240,0.00000,0.9432,-1
23060510201,1,1,0,0,0.11548,0.00000,0.00000,0.9318,5
23060610101,0,0,0,0,0.00000,0.00000,0.00000,0.9216,1
23060610102,3,1,1,1,0.05204,0.01426,0.03055,0.9355,1
23060710101,0,0,0,0,0.00000,0.00000,0.00000,0.9414,2
23060710102,1,1,0,0,0.06920,0.00000,0.00000,0.9290,3
23060810101,1,1,0,0,0.01458,0.00481,0.00208,0.9278,2
23060810201,1,1,0,0,0.09725,0.00000,0.00000,0.9378,2
23060810202,0,0,0,0,0.00000,0.00000,0.00000,0.9214,2
23060810301,1,1,0,0,0.05634,0.00000,0.00211,0.9176,4
23060910101,1,1,0,0,0.10490,0.00000,0.00000,0.9264,2
23060910102,1,1,0,0,0.08929,0.00000,0.00000,0.8363,2
23060910103,1,1,0,0,0.07301,0.00000,0.00000,0.9475,1
23060910104,2,1,1,0,0.04264,0.08008,0.00000,0.9233,3
23060910105,2,1,1,0,0.05634,0.06109,0.00000,0.9507,1
23060910106,2,1,1,0,0.04545,0.04339,0.00460,0.9274,2
23060910107,0,0,0,0,0.00000,0.00000,0.00000,0.9458,1
23060910108,1,1,0,0,0.02252,0.00000,0.00000,0.9314,3
23060910109,1,1,0,0,0.09242,0.00000,0.00000,0.9200,3
23060910110,2,1,1,0,0.01422,0.03318,0.00000,0.9331,3
23060910201,2,1,1,0,0.12793,0.03625,0.00000,0.9344,2
23060910202,1,1,0,0,0.15079,0.00000,0.00000,0.9252,2
23060910203,2,1,1,0,0.06303,0.07925,0.00000,0.9306,2
23060910204,1,1,0,0,0.08046,0.00000,0.00000,0.9295,1
23060910205,1,1,0,0,0.05556,0.00000,0.00000,0.9463,3
23061010101,1,0,0,1,0.00000,0.00000,0.09390,0.9291,2
23061010201,2,1,1,0,0.09557,0.02597,0.00649,0.9127,1
23061010202,1,1,0,0,0.08407,0.00000,0.00000,0.9393,1
23061010203,0,0,0,0,0.00000,0.00000,0.00000,0.9466,2
23061010301,1,1,0,0,0.02546,0.00670,0.00000,0.9490,1
23061110101,1,1,0,0,0.08471,0.00000,0.00000,0.9111,2
23061110102,1,1,0,0,0.06780,0.00000,0.00000,0.9216,4
23061110103,0,0,0,0,0.00000,0.00000,0.00000,0.9323,2
23061110201,1,1,0,0,0.05973,0.00000,0.00000,0.9292,4
23061110202,1,1,0,0,0.10829,0.00000,0.00000,0.9294,1
23061110203,2,1,1,0,0.02902,0.01632,0.00000,0.9512,0
23061110301,0,0,0,0,0.00000,0.00000,0.00000,0.9279,1
23061210101,1,1,0,0,0.06731,0.00000,0.00000,0.9257,3
23061210102,1,1,0,0,0.11084,0.00000,0.00000,0.9383,3
23061210201,1,1,0,0,0.08392,0.00000,0.00000,0.9457,3
23061210202,2,1,1,0,0.09168,0.11611,0.00228,0.9472,0
23061310101,0,0,0,0,0.00231,0.00000,0.00000,0.9303,2
23061310102,0,0,0,0,0.00000,0.00000,0.00000,0.9485,0
23061410101,1,1,0,0,0.06197,0.00000,0.00000,0.9214,1
23061410201,1,1,0,0,0.11343,0.00000,0.00000,0.9429,2
23061410202,1,1,0,0,0.07822,0.00000,0.00000,0.9254,3
23061410203,1,1,0,0,0.10256,0.00000,0.00000,0.9416,4
23061510101,0,0,0,0,0.00000,0.00000,0.00000,0.9300,2
23061510201,1,1,0,0,0.09276,0.00000,0.00000,0.9464,5
23061510301,2,0,1,1,0.00691,0.05088,0.03097,0.9514,2
23061510302,0,0,0,0,0.00000,0.00000,0.00000,0.9229,2
23061510401,1,1,0,0,0.05579,0.00000,0.00000,0.9348,3
23061510501,0,0,0,0,0.00000,0.00000,0.00000,0.9300,3
23061610101,2,1,1,0,0.13853,0.01351,0.00000,0.9156,1
23061610201,1,1,0,0,0.16197,0.00000,0.00000,0.9422,4
23061610301,1,1,0,0,0.08571,0.00000,0.00000,0.9452,1
23061610401,0,0,0,0,0.00235,0.00242,0.00000,0.9307,3
23061610402,0,0,0,0,0.00000,0.00000,0.00000,0.9341,2
23061610501,1,1,0,0,0.02683,0.00000,0.00000,0.9197,0
23061610502,1,1,0,0,0.07991,0.00000,0.00000,0.9414,3
23061610601,0,0,0,0,0.00000,0.00000,0.00000,0.9394,2
23070110101,0,0,0,0,0.00000,0.00000,0.00000,0.9634,1
23070110201,0,0,0,0,0.00000,0.00000,0.00000,0.9665,1
23070110301,0,0,0,0,0.00000,0.00000,0.00000,0.9689,0
23070110401,0,0,0,0,0.00000,0.00000,0.00000,0.8673,2
23070210101,1,1,0,0,0.03175,0.00000,0.00000,0.9286,1
23070210201,2,1,1,0,0.07569,0.08486,0.00000,0.9529,3
23070210301,2,1,1,0,0.04605,0.06591,0.00000,0.9082,1
23070310101,1,1,0,0,0.05392,0.00000,0.00000,0.9566,3
23070310201,0,0,0,0,0.00000,0.00000,0.00000,0.9683,1
23070310202,1,1,0,0,0.06364,0.00000,0.00000,0.8999,1
23070310301,1,1,0,0,0.07598,0.00000,0.00000,0.9527,3
23070410101,1,1,0,0,0.05682,0.00438,0.00000,0.9709,1
23070410201,0,0,0,0,0.00000,0.00000,0.00000,0.9593,1
23070410301,1,1,0,0,0.07273,0.00000,0.00000,0.9201,4
23070510101,1,1,0,0,0.10227,0.00000,0.00000,0.9382,3
23070510201,1,1,0,0,0.06364,0.00000,0.00000,0.9572,0
23070610101,1,1,0,0,0.02358,0.00000,0.00000,0.9662,3
23070710101,0,0,0,0,0.00000,0.00000,0.00000,0.9653,0
23070710201,1,1,0,0,0.07727,0.00000,0.00000,0.9367,0
23070810101,0,0,0,0,0.00000,0.00000,0.00000,0.8688,0
23070810201,0,0,0,0,0.00000,0.00000,0.00000,0.9674,1
23070910101,1,1,0,0,0.07221,0.00000,0.00000,0.9675,3
23071010101,0,0,0,0,0.00438,0.00000,0.00000,0.9531,0
23071010102,0,0,0,0,0.00000,0.00000,0.00000,0.9410,1
23071010103,0,0,0,0,0.00685,0.00457,0.00000,0.9277,1
23071010201,0,0,0,0,0.00000,0.00000,0.00000,0.9036,5
23071110101,0,0,0,0,0.00234,0.00000,0.00000,0.9425,6
23071110201,0,0,0,0,0.00000,0.00000,0.00000,0.9668,3
23071110301,0,0,0,0,0.00000,0.00000,0.00000,0.9640,1
23071110401,0,0,0,0,0.00000,0.00000,0.00000,0.9217,2
23071110501,0,0,0,0,0.00000,0.00000,0.00000,0.8592,1
230801101,0,0,0,0,0.00000,0.00000,0.00000,0.9174,3
23080110201,0,0,0,0,0.00000,0.00000,0.00000,0.9636,1
23080110301,0,0,0,0,0.00000,0.00000,0.00000,0.9568,2
23080110401,0,0,0,0,0.00000,0.00000,0.00000,0.9527,3
23080210101,1,1,0,0,0.05580,0.00000,0.00000,0.9407,3
23080310101,1,1,0,0,0.12159,0.00000,0.00000,0.9575,2
23080310201,1,1,0,0,0.10330,0.00000,0.00000,0.9228,2
23080310202,1,1,0,0,0.03077,0.00000,0.00000,0.9390,1
23080310301,0,0,0,0,0.00000,0.00000,0.00000,0.9313,2
23080310401,1,1,0,0,0.09201,0.00000,0.00000,0.9513,3
23080410101,1,1,0,0,0.01758,0.00000,0.00488,0.9541,3
23080410201,2,0,1,1,0.00000,0.03533,0.04348,0.4506,-1
23080410301,0,0,0,0,0.00000,0.00000,0.00000,0.9399,3
23080410401,0,0,0,0,0.00000,0.00000,0.00000,0.9408,1
23080410402,0,0,0,0,0.00000,0.00000,0.00000,0.9369,3
23080410501,0,0,0,0,0.00440,0.00915,0.00000,0.9343,3
23080410601,0,0,0,0,0.00000,0.00000,0.00000,0.9237,4
23080410701,0,0,0,0,0.00000,0.00000,0.00000,0.9486,1
23080410801,0,0,0,0,0.00000,0.00000,0.00000,0.9589,0
23080410901,0,0,0,0,0.00000,0.00000,0.00000,0.9538,2
23080510101,0,0,0,0,0.00000,0.00000,0.00000,0.9305,1
23080510201,0,0,0,0,0.00463,0.00463,0.00000,0.9314,1
23080510301,1,0,1,0,0.00436,0.03571,0.00218,0.9363,1
23080510401,0,0,0,0,0.00000,0.00000,0.00000,0.9214,2
23080510402,0,0,0,0,0.00000,0.00000,0.00000,0.9507,1
23080510501,0,0,0,0,0.00000,0.00000,0.00000,0.9373,0
23080510601,0,0,0,0,0.00000,0.00000,0.00000,0.9400,1
23080610101,1,1,0,0,0.03516,0.00000,0.00000,0.9480,2
23080610201,1,1,0,0,0.04017,0.00000,0.00000,0.9525,2
23080710101,0,0,0,0,0.00000,0.00000,0.00000,0.9408,4
23080710201,0,0,0,0,0.00000,0.00000,0.00000,0.9295,3
23080710202,0,0,0,0,0.00000,0.00000,0.00000,0.9607,3
23080810101,1,0,1,0,0.00220,0.04396,0.00000,0.9379,3
23080810102,1,1,0,0,0.07805,0.00000,0.00000,0.9514,3
23080810201,0,0,0,0,0.00000,0.00000,0.00000,0.9608,2
23080810202,1,1,0,0,0.09804,0.00000,0.00000,0.9544,0
23080810203,0,0,0,0,0.00634,0.00000,0.00000,0.9240,3
23080810204,1,1,0,0,0.02439,0.00000,0.00000,0.9373,2
23080810301,1,1,0,0,0.10782,0.00000,0.00000,0.9412,2
23080810302,0,0,0,0,0.00000,0.00000,0.00000,0.9506,2
23080810303,0,0,0,0,0.00000,0.00000,0.00000,0.9568,2
23080810304,0,0,0,0,0.00000,0.00000,0.00000,0.9508,1
23080810305,0,0,0,0,0.00000,0.00000,0.00000,0.9522,2
23080810401,1,1,0,0,0.05074,0.00000,0.00000,0.9540,0
23080810402,0,0,0,0,0.00000,0.00000,0.00000,0.9362,1
23080810403,1,1,0,0,0.04077,0.00000,0.00000,0.9375,-1
23080810404,0,0,0,0,0.00000,0.00000,0.00000,0.9420,1
23080810501,2,1,1,0,0.03540,0.02772,0.00000,0.9235,2
23080810502,1,1,0,0,0.05634,0.00000,0.00000,0.9492,0
23080810503,1,1,0,0,0.08132,0.00000,0.00000,0.9341,1
23080910101,1,1,0,0,0.09244,0.00000,0.00000,0.9281,2
23080910102,1,1,0,0,0.08858,0.00000,0.00000,0.9443,0
23080910103,1,1,0,0,0.05462,0.00000,0.00000,0.9263,2
23080910104,2,1,1,0,0.08403,0.09201,0.00000,0.9505,2
23080910105,1,1,0,0,0.14815,0.00000,0.00000,0.9492,0
23080910201,1,1,0,0,0.05920,0.00000,0.00000,0.9507,3
23080910202,1,1,0,0,0.11504,0.00000,0.00000,0.9234,4
23080910203,1,1,0,0,0.07143,0.00000,0.00000,0.9496,3
23080910301,1,1,0,0,0.08259,0.00000,0.00000,0.9376,3
23080910302,1,1,0,0,0.11261,0.00000,0.00000,0.9386,2
23081010101,0,0,0,0,0.00000,0.00000,0.00000,0.9583,4
23081010102,0,0,0,0,0.00000,0.00000,0.00000,0.9524,2
23090110101,0,0,0,0,0.00000,0.00000,0.00000,0.9438,2
23090110102,0,0,0,0,0.00000,0.00000,0.00000,0.9429,4
23090110103,0,0,0,0,0.00000,0.00000,0.00000,0.9342,1
23090210101,0,0,0,0,0.00000,0.00000,0.00000,0.9333,2
23090210201,0,0,0,0,0.00000,0.00000,0.00000,0.9267,2
23090210202,0,0,0,0,0.00000,0.00000,0.00000,0.9349,2
23090210203,0,0,0,0,0.00000,0.00000,0.00000,0.9465,3
23090210301,1,1,0,0,0.03896,0.00000,0.00000,0.9498,0
23090310101,1,1,0,0,0.05419,0.00000,0.00000,0.9482,-1
23090310201,0,0,0,0,0.00000,0.00000,0.00000,0.9309,1
23090410101,0,0,0,0,0.00000,0.00000,0.00000,0.9320,2
23090410201,1,1,0,0,0.06494,0.00000,0.00000,0.9422,3
23090410301,0,0,0,0,0.00000,0.00000,0.00000,0.9309,3
23090410401,0,0,0,0,0.00000,0.00000,0.00000,0.9351,1
23090510101,0,0,0,0,0.00000,0.00000,0.00000,0.9518,2
230906101401,0,0,0,0,0.00000,0.00000,0.00000,0.9542,1
23090610201,0,0,0,0,0.00000,0.00000,0.00000,0.9054,2
23090610301,0,0,0,0,0.00000,0.00000,0.00000,0.9519,0
23090710101,0,0,0,0,0.00426,0.00000,0.00000,0.9285,1
23090710201,0,0,0,0,0.00000,0.00469,0.00204,0.9319,2
23090710301,0,0,0,0,0.00000,0.00000,0.00000,0.9437,1
23090710302,0,0,0,0,0.00469,0.00211,0.00000,0.9258,5
23090710303,1,0,1,0,0.00000,0.01717,0.00000,0.9408,2
23090710304,0,0,0,0,0.00000,0.00000,0.00000,0.9441,1
23090710305,1,1,0,0,0.09980,0.00000,0.00000,0.9418,4
23090710306,0,0,0,0,0.00000,0.00000,0.00000,0.9359,3
23090710307,0,0,0,0,0.00000,0.00000,0.00000,0.9472,3
23090710308,0,0,0,0,0.00000,0.00000,0.00000,0.9487,0
23090710401,0,0,0,0,0.00000,0.00000,0.00000,0.9154,1
23090710402,0,0,0,0,0.00000,0.00000,0.00000,0.9494,2
23090710501,1,1,0,0,0.01878,0.00000,0.00000,0.9382,2
23090710502,1,1,0,0,0.09150,0.00000,0.00000,0.7994,4
23090710503,1,1,0,0,0.06019,0.00000,0.00000,0.9242,3
23090710601,1,1,0,0,0.05324,0.00000,0.00000,0.9263,3
23090710602,0,0,0,0,0.00000,0.00000,0.00000,0.9383,1
23090710701,1,1,0,0,0.08717,0.00000,0.00000,0.9182,2
23090710702,2,1,1,0,0.04863,0.07188,0.00000,0.9464,3
23090710703,1,1,0,0,0.05450,0.00000,0.00000,0.9449,1
23090710704,1,1,0,0,0.03081,0.00000,0.00000,0.9169,0
23090810101,1,1,0,0,0.08413,0.00000,0.00000,0.9240,3
23090810102,1,1,0,0,0.03286,0.00000,0.00000,0.9409,4
23090810103,1,1,0,0,0.09901,0.00000,0.00000,0.9332,3
23090810104,1,1,0,0,0.03571,0.00000,0.00000,0.9410,1
23090810201,1,1,0,0,0.04494,0.00000,0.00000,0.9510,1
23090810202,0,0,0,0,0.00000,0.00000,0.00000,0.9358,1
23090810203,0,0,0,0,0.00000,0.00000,0.00000,0.9342,2
23090810301,0,0,0,0,0.00000,0.00000,0.00000,0.9484,3
23090810302,0,0,0,0,0.00000,0.00000,0.00000,0.9350,2
23090810401,0,0,0,0,0.00000,0.00000,0.00000,0.9438,2
23090810402,0,0,0,0,0.00000,0.00213,0.00000,0.9405,1
24010110101,0,0,0,0,0.00000,0.00000,0.00000,0.9858,0
24010210101,0,0,0,0,0.00000,0.00000,0.00000,0.9615,0
24010210201,1,1,0,0,0.06279,0.00000,0.00000,0.9529,0
24010310101,0,0,0,0,0.00000,0.00000,0.00000,0.9870,-1
24010310201,0,0,0,0,0.00000,0.00000,0.00000,0.9500,-1
24010410101,0,0,0,0,0.00000,0.00000,0.00000,0.9889,0
24010410201,1,1,0,0,0.09150,0.00000,0.00000,0.9623,2
24010410202,0,0,0,0,0.00000,0.00000,0.00000,0.9481,1
24010410301,0,0,0,0,0.00000,0.00000,0.00000,0.9800,2
24010510101,0,0,0,0,0.00000,0.00000,0.00000,0.9884,-1
24010610101,0,0,0,0,0.00000,0.00000,0.00000,0.9511,1
24010710101,0,0,0,0,0.00000,0.00000,0.00000,0.9632,2
24020110101,1,1,0,0,0.11765,0.00000,0.00000,0.9858,-1
24020110201,0,0,0,0,0.00000,0.00000,0.00000,0.9442,1
24020120101,1,1,0,0,0.07598,0.00000,0.00000,0.9634,1
24020120201,1,0,0,1,0.00000,0.00000,0.04299,0.9624,-1
24020120202,1,1,0,0,0.05405,0.00000,0.00000,0.9518,3
24020130101,1,1,0,0,0.13953,0.00000,0.00000,0.9430,1
24020210101,0,0,0,0,0.00000,0.00000,0.00000,0.9704,1
24020310101,1,1,0,0,0.08937,0.00000,0.00000,0.9809,-1
24020310102,0,0,0,0,0.00000,0.00000,0.00000,0.9798,1
24020310201,0,0,0,0,0.00000,0.00000,0.00000,0.9503,2
24030110101,0,0,0,0,0.00000,0.00000,0.00000,0.9504,3
24030210101,1,1,0,0,0.07973,0.00000,0.00000,0.9894,0
24030210201,0,0,0,0,0.00000,0.00000,0.00000,0.9743,1
24030310101,0,0,0,0,0.00000,0.00000,0.00000,0.9342,7
24030310201,0,0,0,0,0.00000,0.00000,0.00000,0.9794,1
24030410101,1,1,0,0,0.08010,0.00000,0.00000,0.9733,-1
24030410102,0,0,0,0,0.00000,0.00000,0.00000,0.9720,0
24030410201,1,1,0,0,0.09368,0.00000,0.00000,0.9555,2
24030510101,1,1,0,0,0.05180,0.00000,0.00000,0.9520,1
24030510201,0,0,0,0,0.00000,0.00000,0.00000,0.9535,1
24030510301,0,0,0,0,0.00000,0.00000,0.00228,0.9075,0
24030510302,0,0,0,0,0.00000,0.00000,0.00000,0.9759,1
24040110101,0,0,0,0,0.00000,0.00000,0.00000,0.9670,0
24040210101,1,1,0,0,0.05854,0.00000,0.00000,0.9573,3
24040210201,0,0,0,0,0.00000,0.00000,0.00000,0.9739,0
24040210202,1,1,0,0,0.08495,0.00000,0.00000,0.9213,1
24040210301,0,0,0,0,0.00000,0.00000,0.00000,0.9774,0
24040210302,0,0,0,0,0.00000,0.00000,0.00000,0.9876,0
24040210401,0,0,0,0,0.00000,0.00000,0.00000,0.9858,0
24040210402,1,1,0,0,0.12802,0.00000,0.00000,0.9538,3
24040310101,0,0,0,0,0.00000,0.00000,0.00000,0.9862,0
24040310102,0,0,0,0,0.00000,0.00000,0.00000,0.9514,2
24040410101,1,1,0,0,0.08824,0.00000,0.00000,0.9819,0
24040410201,0,0,0,0,0.00000,0.00000,0.00000,0.8507,1
24040510101,0,0,0,0,0.00000,0.00000,0.00000,0.9862,-1
24040510201,0,0,0,0,0.00000,0.00228,0.00000,0.9877,0
24040510202,0,0,0,0,0.00000,0.00000,0.00000,0.9750,0
24040510301,0,0,0,0,0.00000,0.00000,0.00000,0.9503,1
24040610101,0,0,0,0,0.00000,0.00000,0.00000,0.9804,-1
24040610201,0,0,0,0,0.00000,0.00000,0.00000,0.9859,0
24040710101,0,0,0,0,0.00000,0.00000,0.00000,0.9645,-1
24040810101,0,0,0,0,0.00000,0.00000,0.00000,0.9839,1
24040810102,0,0,0,0,0.00000,0.00000,0.00000,0.9687,0
24040810201,0,0,0,0,0.00000,0.00000,0.00000,0.9508,2
24040910101,0,0,0,0,0.00000,0.00000,0.00000,0.9820,-1
24040910102,0,0,0,0,0.00000,0.00000,0.00000,0.9883,-1
24040910103,1,1,0,0,0.07212,0.00000,0.00000,0.9444,3
24040910201,1,1,0,0,0.04260,0.00000,0.00000,0.9490,3
24040910202,1,1,0,0,0.02715,0.00000,0.00000,0.9480,1
24040910203,1,1,0,0,0.11486,0.00000,0.00000,0.8571,3
24040910301,1,1,0,0,0.01932,0.00233,0.00000,0.9569,0
24041010101,1,1,0,0,0.16849,0.00000,0.00000,0.9844,0
24041010102,0,0,0,0,0.00000,0.00000,0.00000,0.9480,2
24041010201,0,0,0,0,0.00000,0.00000,0.00000,0.9617,1
24041110101,0,0,0,0,0.00000,0.00000,0.00000,0.9892,0
24041210101,0,0,0,0,0.00000,0.00000,0.00000,0.9596,1
24041310101,0,0,0,0,0.00000,0.00233,0.00000,0.9890,0
24041410101,0,0,0,0,0.00000,0.00000,0.00242,0.9774,0
24041410102,0,0,0,0,0.00000,0.00000,0.00000,0.9839,0
24041510101,1,1,0,0,0.07711,0.00000,0.00000,0.9398,4
24041510102,0,0,0,0,0.00000,0.00000,0.00000,0.9858,-1
24041510103,0,0,0,0,0.00000,0.00000,0.00000,0.9787,-1
24050110101,0,0,0,0,0.00000,0.00000,0.00000,0.9652,1
24050110102,1,1,0,0,0.04589,0.00000,0.00000,0.9776,0
24050110103,0,0,0,0,0.00000,0.00000,0.00000,0.9555,0
24050110104,1,1,0,0,0.10437,0.00000,0.00000,0.9845,1
24050110201,0,0,0,0,0.00000,0.00000,0.00000,0.9809,-1
24050110202,0,0,0,0,0.00000,0.00000,0.00000,0.9658,-1
24050110203,0,0,0,0,0.00000,0.00000,0.00000,0.9641,1
24050110301,0,0,0,0,0.00000,0.00000,0.00000,0.9488,1
24050210101,1,1,0,0,0.02902,0.00000,0.00000,0.9780,0
24050210201,1,1,0,0,0.05882,0.00000,0.00000,0.9770,-1
24050210301,1,1,0,0,0.13575,0.00000,0.00000,0.9571,1
24050210302,1,1,0,0,0.09302,0.00000,0.00000,0.9639,-1
24050210401,1,1,0,0,0.03524,0.00000,0.00000,0.9777,0
24050210501,1,1,0,0,0.05556,0.00000,0.00000,0.9563,0
24050310101,1,1,0,0,0.13318,0.00000,0.00000,0.9490,1
24050410101,0,0,0,0,0.00000,0.00000,0.00000,0.9774,-1
24050410201,0,0,0,0,0.00000,0.00000,0.00000,0.9636,1
24050410301,0,0,0,0,0.00901,0.00000,0.00225,0.9805,0
24050510101,2,1,1,0,0.04167,0.01101,0.00000,0.9683,0
24050510201,0,0,0,0,0.00000,0.00000,0.00000,0.9583,0
24050510301,2,1,1,0,0.06250,0.11779,0.00000,0.9719,-1
24050610101,1,0,1,0,0.00875,0.01094,0.00911,0.9492,3
24050710101,0,0,0,0,0.00000,0.00000,0.00000,0.9575,0
24050710102,1,1,0,0,0.06039,0.00000,0.00000,0.9877,0
24050710103,0,0,0,0,0.00000,0.00000,0.00000,0.9845,0
24050710201,0,0,0,0,0.00000,0.00000,0.00000,0.9865,-1
24050710202,0,0,0,0,0.00000,0.00698,0.00000,0.9525,2
24050810101,0,0,0,0,0.00000,0.00000,0.00000,0.9432,1
24050810201,0,0,0,0,0.00000,0.00000,0.00000,0.9756,-1
24050810202,0,0,0,0,0.00000,0.00000,0.00000,0.9490,1
24050810203,0,0,0,0,0.00000,0.00000,0.00000,0.9526,2
24050910101,0,0,0,0,0.00000,0.00000,0.00000,0.9562,0
24050910201,0,0,0,0,0.00000,0.00000,0.00000,0.9672,0
24050910301,0,0,0,0,0.00000,0.00000,0.00000,0.9791,0
24050910401,0,0,0,0,0.00000,0.00000,0.00000,0.9706,0
24050910402,1,1,0,0,0.18396,0.00000,0.00000,0.9820,2
24050910501,1,1,0,0,0.08392,0.00000,0.00000,0.9597,1
24050910502,2,1,0,1,0.01168,0.00911,0.01313,0.9656,-1
24050910503,0,0,0,0,0.00000,0.00000,0.00000,0.9606,1
24050910601,1,1,0,0,0.10698,0.00000,0.00000,0.9558,0
24051010101,1,1,0,0,0.05430,0.00000,0.00000,0.9479,2
24051010201,1,1,0,0,0.07524,0.00000,0.00000,0.9675,-2
24051010301,1,1,0,0,0.01869,0.00000,0.00000,0.9877,0
24051010401,0,0,0,0,0.00000,0.00000,0.00000,0.9598,-1
24051110101,0,0,0,0,0.00000,0.00000,0.00000,0.9712,0
24051110201,0,0,0,0,0.00000,0.00000,0.00000,0.9895,-1
24051210101,1,1,0,0,0.11111,0.00242,0.00483,0.9709,1
24051210201,1,1,0,0,0.10337,0.00000,0.00000,0.9884,-1
24051210301,1,1,0,0,0.04186,0.00000,0.00000,0.9889,1
24051210401,0,0,0,0,0.00000,0.00000,0.00000,0.9367,2
24051310101,1,1,0,0,0.11538,0.00000,0.00000,0.9654,-1
24051410101,1,1,0,0,0.16279,0.00000,0.00000,0.9576,2
24051410102,0,0,0,0,0.00000,0.00000,0.00000,0.9841,-1
24051410201,1,1,0,0,0.11765,0.00000,0.00000,0.9728,-2
24051410202,0,0,0,0,0.00000,0.00000,0.00000,0.9726,0
24051410301,1,1,0,0,0.11160,0.00000,0.00000,0.9859,2
24051410401,0,0,0,0,0.00000,0.00000,0.00000,0.9780,1
24051410501,0,0,0,0,0.00000,0.00000,0.00000,0.9642,-1
24051510101,1,1,0,0,0.07843,0.00000,0.00000,0.9806,0
24051510201,0,0,0,0,0.00000,0.00000,0.00000,0.9884,0
24051510202,1,1,0,0,0.08597,0.00000,0.00000,0.9854,-1
24051510301,0,0,0,0,0.00000,0.00000,0.00000,0.9504,3
24051510302,1,1,0,0,0.10478,0.00467,0.00438,0.9888,-1
24051510303,0,0,0,0,0.00000,0.00000,0.00000,0.9610,0
24051510304,0,0,0,0,0.00000,0.00218,0.00000,0.9694,0
24060110101,3,1,1,1,0.12035,0.08178,0.09112,0.9396,0
24060120101,1,1,0,0,0.07944,0.00000,0.00000,0.9816,1
24060120102,1,1,0,0,0.11983,0.00000,0.00000,0.9557,0
24060130101,1,1,0,0,0.10465,0.00000,0.00000,0.9868,2
24060210101,2,1,1,0,0.09955,0.07240,0.00000,0.9789,1
24060210201,2,1,1,0,0.16981,0.11765,0.00236,0.9764,1
24060210301,1,1,0,0,0.06490,0.00000,0.00000,0.9248,1
24060220101,2,1,1,0,0.08937,0.08371,0.00000,0.9884,0
24070110101,0,0,0,0,0.00000,0.00000,0.00000,0.9751,-1
24070110201,0,0,0,0,0.00000,0.00000,0.00000,0.9500,2
24070210101,0,0,0,0,0.00000,0.00000,0.00000,0.9752,1
24070310101,0,0,0,0,0.00000,0.00000,0.00000,0.9601,-1
24070310201,1,1,0,0,0.02535,0.00000,0.00000,0.9763,-1
24070310301,1,1,0,0,0.08140,0.00000,0.00000,0.9313,1
24070310302,1,1,0,0,0.06039,0.00000,0.00000,0.9486,2
24070310401,1,1,0,0,0.06561,0.00000,0.00000,0.9563,3
24070410101,2,1,1,0,0.07729,0.04525,0.00000,0.9456,2
24070410102,1,1,0,0,0.08696,0.00000,0.00000,0.9595,2
24070410201,3,1,1,1,0.06512,0.08213,0.06522,0.9573,0
24070410301,1,1,0,0,0.01525,0.00679,0.00226,0.9536,1
24070510101,0,0,0,0,0.00000,0.00000,0.00000,0.9544,2
24070510201,2,1,1,0,0.12136,0.14252,0.00000,0.9862,-1
24070610101,2,1,1,0,0.05447,0.07407,0.00000,0.9710,1
24070710101,1,1,0,0,0.07246,0.00000,0.00000,0.9791,0
24070710504,0,0,0,0,0.00000,0.00000,0.00000,0.9678,1
24080110101,0,0,0,0,0.00000,0.00000,0.00000,0.9836,1
24080110201,0,0,0,0,0.00000,0.00000,0.00000,0.9412,1
24080110202,0,0,0,0,0.00000,0.00000,0.00000,0.9560,1
24080210101,1,1,0,0,0.10386,0.00000,0.00000,0.9387,2
24080210102,0,0,0,0,0.00000,0.00000,0.00000,0.9758,2
24080310101,0,0,0,0,0.00000,0.00000,0.00000,0.9539,2
24080310201,0,0,0,0,0.00000,0.00000,0.00000,0.9423,2
24080410101,0,0,0,0,0.00000,0.00000,0.00000,0.9509,3
24080410201,0,0,0,0,0.00000,0.00000,0.00000,0.9500,1
24080410202,0,0,0,0,0.00000,0.00000,0.00000,0.9565,1
24080410301,0,0,0,0,0.00000,0.00000,0.00000,0.9480,0
24080410401,0,0,0,0,0.00000,0.00000,0.00000,0.9517,2
24080510101,0,0,0,0,0.00000,0.00000,0.00000,0.9871,-1
24080510102,0,0,0,0,0.00000,0.00000,0.00000,0.9652,0
24080510201,0,0,0,0,0.00000,0.00000,0.00000,0.9831,0
24080610101,0,0,0,0,0.00000,0.00000,0.00000,0.9771,0
24080610201,0,0,0,0,0.00000,0.00000,0.00000,0.9489,2
24080710101,1,1,0,0,0.12528,0.00219,0.00000,0.9464,0
24080810101,0,0,0,0,0.00000,0.00000,0.00000,0.9695,1
24080810102,0,0,0,0,0.00000,0.00000,0.00000,0.9504,1
24080910101,0,0,0,0,0.00000,0.00000,0.00000,0.9481,2
24080910201,0,0,0,0,0.00000,0.00000,0.00000,0.9859,-1
24081010101,0,0,0,0,0.00000,0.00000,0.00000,0.9544,3
