governorate_ar,constituency_ar,imada_ar,adm4_pcode,adm4_name_ar,adm4_name,adm3_pcode,delegation_name,governorate_name,lat,lon,area_sqkm,registry_voters,match_score,match_method,match_scope
أريانة,أريانة المدينة,أريانة الجديدة,TN125151,اريانة الجديدة,La Nouvelle Ariana,TN1251,Ariana Médina,Ariana,36.85376897,10.18236318,0.535224,5209,1.0000,scoped,constituency
أريانة,أريانة المدينة,أريانة العليا,TN125152,أريانة العليا,Ariana Superieur,TN1251,Ariana Médina,Ariana,36.87339252,10.16711195,6.202261,16430,1.0000,scoped,constituency
أريانة,أريانة المدينة,أريانة المدينة,TN125153,اريانة المدينة,L'Ariana Ville,TN1251,Ariana Médina,Ariana,36.86879905,10.18448870,0.889464,10593,1.0000,scoped,constituency
أريانة,أريانة المدينة,التعمير,TN125156,التعمير,Etaamir,TN1251,Ariana Médina,Ariana,36.86687855,10.19242055,1.139266,7805,1.0000,scoped,constituency
أريانة,أريانة المدينة,المنزه الخامس,TN125154,المنزه الخامس,El Menzah V,TN1251,Ariana Médina,Ariana,36.84802069,10.17592466,1.351132,8318,1.0000,scoped,constituency
أريانة,أريانة المدينة,المنزه السادس,TN125155,المنزه السادس,El Menzah VI,TN1251,Ariana Médina,Ariana,36.84837817,10.16339437,0.836472,10524,1.0000,scoped,constituency
أريانة,أريانة المدينة,النصر 1,TN125158,النصر 1,Ennasr 1,TN1251,Ariana Médina,Ariana,36.85924518,10.17001653,2.221725,9874,1.0000,scoped,constituency
أريانة,أريانة المدينة,النصر 2,TN125159,النصر 2,Ennasr 2,TN1251,Ariana Médina,Ariana,36.86587929,10.15528512,3.888443,21598,1.0000,scoped,constituency
أريانة,أريانة المدينة,الياسمينة,TN125157,الياسمينة,El Yasmina,TN1251,Ariana Médina,Ariana,36.85363432,10.19406671,1.323836,18421,1.0000,scoped,constituency
أريانة,المنيهلة,15 أكتوبر,TN125755,15أكتوبر,15 Octobre,TN1257,Mnihla,Ariana,36.85660943,10.09115066,3.112211,4567,1.0000,scoped,constituency
أريانة,المنيهلة,البساتين,TN125754,البساتين,El-Bassatine,TN1257,Mnihla,Ariana,36.84568768,10.10101022,0.949587,11410,1.0000,scoped,constituency
أريانة,المنيهلة,الرفاهة,TN125752,الرفاهة,Errafaha,TN1257,Mnihla,Ariana,36.86663215,10.12920635,10.047668,12830,1.0000,scoped,constituency
أريانة,المنيهلة,المنيهلة,TN125751,المنيهلة,El Mnihla,TN1257,Mnihla,Ariana,36.86741030,10.09970448,8.892346,11396,1.0000,scoped,constituency
أريانة,المنيهلة,النصر,TN125753,النصر,En-Nasr,TN1257,Mnihla,Ariana,36.84218631,10.11189315,0.567690,20755,1.0000,scoped,constituency
أريانة,حي التضامن,18جانفي,TN125654,18جانفي,18 Janvier,TN1256,Ettadhamen,Ariana,36.83150334,10.10299281,0.472002,21700,1.0000,scoped,constituency
أريانة,حي التضامن,2مارس,TN125655,20مارس,20 Mars,TN1256,Ettadhamen,Ariana,36.83760460,10.10128182,0.366136,6660,0.9091,scoped,constituency
أريانة,حي التضامن,ابن خلدون,TN125652,ابن خلدون,Ibn Khaldoun,TN1256,Ettadhamen,Ariana,36.83692012,10.11224653,0.243341,680,1.0000,scoped,constituency
أريانة,حي التضامن,ابو القاسم الشابي,TN125658,ابو القاسم الشابي,Abulkassem Ech-Chebbi,TN1256,Ettadhamen,Ariana,36.83872158,10.10785871,0.278062,1743,1.0000,scoped,constituency
أريانة,حي التضامن,التضامن 4,TN125651,حي التضامن,Cite Ettadhamen,TN1256,Ettadhamen,Ariana,36.83262089,10.11310238,0.454671,4964,0.8235,near,constituency
أريانة,حي التضامن,المنجي سليم,TN125656,منجي سليم,Mongi Slim,TN1256,Ettadhamen,Ariana,36.84081907,10.09802486,0.184212,4578,0.9000,scoped,constituency
أريانة,حي التضامن,حي التضامن,TN125651,حي التضامن,Cite Ettadhamen,TN1256,Ettadhamen,Ariana,36.83262089,10.11310238,0.454671,17225,1.0000,scoped,constituency
أريانة,حي التضامن,خير الدين باشا,TN125659,خير الدين باشا,Khaireddine Pacha,TN1256,Ettadhamen,Ariana,36.84217024,10.10421142,0.213810,981,1.0000,scoped,constituency
أريانة,روّاد 1,جعفر,TN125351,جعفر,Jaafer,TN1253,Raoued,Ariana,36.91682335,10.18253604,2.477105,16129,1.0000,scoped,constituency
أريانة,روّاد 1,رواد,TN125355,روّاد,Raoued,TN1253,Raoued,Ariana,36.96013903,10.20523359,14.437187,11726,1.0000,scoped,constituency
أريانة,روّاد 1,سيدي عمر بوخطيوة,TN125357,سيدي عمر بوخطيوة,Sidi Amor Bou Khtioua,TN1253,Raoued,Ariana,36.94026433,10.17356400,9.645599,8716,1.0000,scoped,constituency
أريانة,روّاد 2,الغزالة,TN125354,الغزالة,El Ghazala,TN1253,Raoued,Ariana,36.88258552,10.17916892,1.223273,13624,1.0000,scoped,constituency
أريانة,روّاد 2,المدينة الفاضلة,TN125353,المدينة الفاضلة,El Medina El Fadhila,TN1253,Raoued,Ariana,36.89758175,10.16401146,6.569129,6815,1.0000,scoped,constituency
أريانة,روّاد 2,النخيلات,TN125352,النخيلات,Enkhilet,TN1253,Raoued,Ariana,36.89268659,10.19604731,4.050133,13867,1.0000,scoped,constituency
أريانة,روّاد 2,برج الطويل,TN125356,برج الطويل,Bourj Ettouil,TN1253,Raoued,Ariana,36.92307769,10.13944987,17.790158,8136,1.0000,scoped,constituency
أريانة,سكرة 1,البساتين,TN125253,البساتين,El Bessatine,TN1252,Soukra,Ariana,36.87648539,10.23103010,3.095042,4103,1.0000,scoped,constituency
أريانة,سكرة 1,دار فضال,TN125252,دار فضال,Dar Fadhal,TN1252,Soukra,Ariana,36.86588751,10.24253330,2.375755,13734,1.0000,scoped,constituency
أريانة,سكرة 1,سكرة,TN125251,سكرة,Soukra,TN1252,Soukra,Ariana,36.87619251,10.25821522,8.426084,19977,1.0000,scoped,constituency
أريانة,سكرة 1,شطرانة,TN125254,شطرانة,Chotrana,TN1252,Soukra,Ariana,36.89526013,10.21943831,6.680596,8093,1.0000,scoped,constituency
أريانة,سكرة 2,التعمير الخامس,TN125257,التعمير,Ettaamir,TN1252,Soukra,Ariana,36.87474335,10.21097287,2.006707,14675,0.9000,scoped,constituency
أريانة,سكرة 2,النسيم,TN125256,النسيم,Ennasim,TN1252,Soukra,Ariana,36.87628642,10.19506466,2.714111,19228,1.0000,scoped,constituency
أريانة,سكرة 2,برج الوزير,TN125255,برج الوزير,Borj El Ouzir,TN1252,Soukra,Ariana,36.86071727,10.20930641,3.010268,8805,1.0000,scoped,constituency
أريانة,قلعة الأندلس - سيدي ثابت,الحسيان,TN125455,الحسيان,El Hessiane,TN1254,Kalaat El Andalous,Ariana,36.98827072,10.18219721,29.195867,537,1.0000,scoped,constituency
أريانة,قلعة الأندلس - سيدي ثابت,المنجي سليم,TN125553,المنجي سليم,Mongi Slim,TN1255,Sidi Thabet,Ariana,36.89504780,10.02586213,16.788542,2969,1.0000,scoped,constituency
أريانة,قلعة الأندلس - سيدي ثابت,النحلي,TN125456,النحلي,Ennahli,TN1254,Kalaat El Andalous,Ariana,36.90217702,10.12179226,7.957027,1380,1.0000,scoped,constituency
أريانة,قلعة الأندلس - سيدي ثابت,بجاوة,TN125552,بجاوة,Bejaoua,TN1255,Sidi Thabet,Ariana,36.86218009,10.01523459,13.464852,2194,1.0000,scoped,constituency
أريانة,قلعة الأندلس - سيدي ثابت,بوحنش,TN125454,بوحنش,Bou Hanach,TN1254,Kalaat El Andalous,Ariana,36.96121024,10.11713982,39.195341,1522,1.0000,scoped,constituency
أريانة,قلعة الأندلس - سيدي ثابت,سبالة بن عمار,TN125554,سبالة بن عمار,Cebalet Ben Ammar,TN1255,Sidi Thabet,Ariana,36.91055471,10.09785342,20.214633,4346,1.0000,scoped,constituency
أريانة,قلعة الأندلس - سيدي ثابت,سيدي ثابت,TN125551,سيدي ثابت,Sidi Thabet,TN1255,Sidi Thabet,Ariana,36.90201174,10.05866472,13.429154,7118,1.0000,scoped,constituency
أريانة,قلعة الأندلس - سيدي ثابت,شرفش,TN125555,شرفش,Chorfech,TN1255,Sidi Thabet,Ariana,36.94902387,10.04994379,33.245882,2528,1.0000,scoped,constituency
أريانة,قلعة الأندلس - سيدي ثابت,قلعة الاندلس الشرقية,TN125451,قلعة الاندلس الشرقية,Kalaat El Andalous Est,TN1254,Kalaat El Andalous,Ariana,37.06357054,10.14772051,60.233652,8050,1.0000,scoped,constituency
أريانة,قلعة الأندلس - سيدي ثابت,قلعة الاندلس الغربية,TN125452,قلعة الاندلس الغربية,Kalaat El Andalous Ouest,TN1254,Kalaat El Andalous,Ariana,37.05756168,10.10519395,23.350525,6896,1.0000,scoped,constituency
أريانة,قلعة الأندلس - سيدي ثابت,قنطرة بنزرت,TN125453,قنطرة بنزرت,Pont De Bizerte,TN1254,Kalaat El Andalous,Ariana,36.99081845,10.07653244,29.420761,2290,1.0000,scoped,constituency
القصرين,القصرين الجنوبية - حاسي الفريد,الدغرة,TN425255,الدغرة,Eddoghra,TN4252,Kasserine Sud,Kassérine,35.17399838,8.69796749,107.393127,1563,1.0000,scoped,constituency
القصرين,القصرين الجنوبية - حاسي الفريد,السلوم,TN425454,السلوم,Essalloum,TN4254,Hassi El Ferid,Kassérine,35.08887966,8.98242476,85.037631,1768,1.0000,scoped,constituency
القصرين,القصرين الجنوبية - حاسي الفريد,العويجة,TN425251,العويجة,El Aouija,TN4252,Kasserine Sud,Kassérine,35.11531359,8.88485381,212.875159,2675,1.0000,scoped,constituency
القصرين,القصرين الجنوبية - حاسي الفريد,الكامور,TN425455,الكامور,El Kamour,TN4254,Hassi El Ferid,Kassérine,34.87416579,8.83473279,341.263813,5365,1.0000,scoped,constituency
القصرين,القصرين الجنوبية - حاسي الفريد,الهشيم,TN425452,الهشيم,El Hechim,TN4254,Hassi El Ferid,Kassérine,34.99734997,9.00673623,150.160482,1522,1.0000,scoped,constituency
القصرين,القصرين الجنوبية - حاسي الفريد,بوزقام,TN425254,بوزقام,Bouzguam,TN4252,Kasserine Sud,Kassérine,35.22539370,8.89364930,83.665377,7475,1.0000,scoped,constituency
القصرين,القصرين الجنوبية - حاسي الفريد,بولهيجات,TN425252,بولهيجات,Boulhijet,TN4252,Kasserine Sud,Kassérine,35.06601504,8.63581247,149.542398,1562,1.0000,scoped,constituency
القصرين,القصرين الجنوبية - حاسي الفريد,حاسي الفريد,TN425451,حاسي الفريد,Hassi El Ferid,TN4254,Hassi El Ferid,Kassérine,34.94185729,8.93829902,257.825101,5163,1.0000,scoped,constituency
القصرين,القصرين الجنوبية - حاسي الفريد,خنقة الجازية,TN425453,خنقة الجازية,Khanguet Jezia,TN4254,Hassi El Ferid,Kassérine,35.06737428,9.09771898,134.825745,1692,1.0000,scoped,constituency
القصرين,القصرين الجنوبية - حاسي الفريد,سيدي حراث,TN425256,سيدي حراث,Sidi Harreth,TN4252,Kasserine Sud,Kassérine,35.25925167,8.80924336,79.655203,1083,1.0000,scoped,constituency
القصرين,القصرين الجنوبية - حاسي الفريد,مقدودش,TN425253,مقدودش,Meghdoudech,TN4252,Kasserine Sud,Kassérine,35.00503436,8.69741268,232.349559,2601,1.0000,scoped,constituency
القصرين,القصرين الشمالية - الزهور,البساتين,TN425153,البساتين,El Bassatine,TN4251,Kasserine Nord,Kassérine,35.17577709,8.83872162,2.965745,17398,1.0000,scoped,constituency
القصرين,القصرين الشمالية - الزهور,الخضراء,TN425154,الخضراء,El Khadhra,TN4251,Kasserine Nord,Kassérine,35.16799589,8.81173447,3.382115,3451,1.0000,scoped,constituency
القصرين,القصرين الشمالية - الزهور,الزهور الشرقي 1,TN425351,الزهور الشرقي 1,Ezzouhour Est (1),TN4253,Ezzouhour,Kassérine,35.16496511,8.83516627,0.276607,864,1.0000,scoped,constituency
القصرين,القصرين الشمالية - الزهور,الزهور الشرقي 2,TN425352,الزهور الشرقي 2,Ezzouhour Est (2),TN4253,Ezzouhour,Kassérine,35.15679188,8.83948823,0.521854,2542,1.0000,scoped,constituency
القصرين,القصرين الشمالية - الزهور,الزهور الغربي 1,TN425353,الزهور الغربي 1,Ezzouhour Ouest (1),TN4253,Ezzouhour,Kassérine,35.15882300,8.83462708,0.161988,1317,1.0000,scoped,constituency
القصرين,القصرين الشمالية - الزهور,الزهور الغربي 2,TN425354,الزهور الغربي 2,Ezzouhour Ouest (2),TN4253,Ezzouhour,Kassérine,35.15427271,8.83530785,0.578610,2800,1.0000,scoped,constituency
القصرين,القصرين الشمالية - الزهور,الزهور الغربي 3,TN425355,الزهور الغربي 3,Ezzouhour Ouest (3),TN4253,Ezzouhour,Kassérine,35.15669773,8.82747925,0.745212,10469,1.0000,scoped,constituency
القصرين,القصرين الشمالية - الزهور,الزهور الغربي 4,TN425356,الزهور الغربي 4,Ezzouhour Ouest (4),TN4253,Ezzouhour,Kassérine,35.16125415,8.81864060,0.886295,2254,1.0000,scoped,constituency
القصرين,القصرين الشمالية - الزهور,العريش,TN425155,العريش,El Arich,TN4251,Kasserine Nord,Kassérine,35.20825403,8.80823441,41.402647,2069,1.0000,scoped,constituency
القصرين,القصرين الشمالية - الزهور,النور الشرقي,TN425151,النور الشرقي,Ennour Est,TN4251,Kasserine Nord,Kassérine,35.17246856,8.85338994,2.735847,26069,1.0000,scoped,constituency
القصرين,القصرين الشمالية - الزهور,النور الغربي,TN425152,النور الغربي,Ennour Ouest,TN4251,Kasserine Nord,Kassérine,35.15913063,8.84698488,1.846547,7467,1.0000,scoped,constituency
القصرين,القصرين الشمالية - الزهور,بولعابة,TN425156,بولعابة,Boulaaba,TN4251,Kasserine Nord,Kassérine,35.22283047,8.73407549,45.446521,2282,1.0000,scoped,constituency
القصرين,تالة - حيدرة - فوسانة,أفران,TN426156,أفران,Afrane,TN4261,Foussana,Kassérine,35.42789827,8.40685895,104.201189,1551,1.0000,scoped,constituency
القصرين,تالة - حيدرة - فوسانة,أولاد محفوظ,TN426155,أولاد محفوظ,Ouled Mahfoudh,TN4261,Foussana,Kassérine,35.34725039,8.56241325,98.781299,2370,1.0000,scoped,constituency
القصرين,تالة - حيدرة - فوسانة,الأجرد,TN426054,الأجرد,Lajrad,TN4260,Hidra,Kassérine,35.45757745,8.56171299,120.724396,597,1.0000,scoped,constituency
القصرين,تالة - حيدرة - فوسانة,البريكة,TN426160,البريكة,El Brika,TN4261,Foussana,Kassérine,35.24260133,8.66541221,78.927975,1235,1.0000,scoped,constituency
القصرين,تالة - حيدرة - فوسانة,الجوي,TN425957,الجوى,El Joua,TN4259,Thala,Kassérine,35.51429270,8.75415642,93.357332,1539,1.0000,scoped,constituency
القصرين,تالة - حيدرة - فوسانة,الحازة,TN426159,الحازة,El Hazza,TN4261,Foussana,Kassérine,35.36905195,8.39109912,102.649947,1063,1.0000,scoped,constituency
القصرين,تالة - حيدرة - فوسانة,الحماد,TN425958,الحماد,El Hamed,TN4259,Thala,Kassérine,35.48883247,8.68777807,108.044324,1007,1.0000,scoped,constituency
القصرين,تالة - حيدرة - فوسانة,الدشرة,TN425953,الدشرة,Eddachra,TN4259,Thala,Kassérine,35.64180276,8.63152241,70.071446,1318,1.0000,scoped,constituency
القصرين,تالة - حيدرة - فوسانة,الرطيبات,TN426163,الرطيبات,Er-Rtibet,TN4261,Foussana,Kassérine,35.40128342,8.70548590,29.761814,1973,1.0000,scoped,constituency
القصرين,تالة - حيدرة - فوسانة,الشافعي,TN425963,الشافعي,Ech-Chaffai,TN4259,Thala,Kassérine,35.54505090,8.60285364,75.226797,609,1.0000,scoped,constituency
القصرين,تالة - حيدرة - فوسانة,الصري,TN426055,الصري,Es-Sray,TN4260,Hidra,Kassérine,35.55698955,8.39731002,71.848190,272,1.0000,scoped,constituency
القصرين,تالة - حيدرة - فوسانة,الطباقة,TN426052,الطباقة,T'Baga,TN4260,Hidra,Kassérine,35.50482107,8.45804797,74.132301,1206,1.0000,scoped,constituency
القصرين,تالة - حيدرة - فوسانة,العذيرة,TN426158,العذيرة,El Aadhira,TN4261,Foussana,Kassérine,35.31883340,8.48900719,65.309326,1819,1.0000,scoped,constituency
القصرين,تالة - حيدرة - فوسانة,المزيرعة,TN426157,المزيرعة,El Meziraa,TN4261,Foussana,Kassérine,35.29284335,8.62080427,72.150390,2184,1.0000,scoped,constituency
القصرين,تالة - حيدرة - فوسانة,المكيمن,TN426053,المكيمن,El Mekimen,TN4260,Hidra,Kassérine,35.63196239,8.47302308,97.162312,525,1.0000,scoped,constituency
القصرين,تالة - حيدرة - فوسانة,برماجنة,TN425955,برماجنة,Barmajna,TN4259,Thala,Kassérine,35.63139150,8.69830293,66.188022,483,1.0000,scoped,constituency
القصرين,تالة - حيدرة - فوسانة,بو الاحناش,TN425960,بو الأحناش,Boulahnech,TN4259,Thala,Kassérine,35.68702342,8.72689751,36.048368,743,1.0000,scoped,constituency
القصرين,تالة - حيدرة - فوسانة,بودرياس,TN426161,بودرياس,Bouderiass,TN4261,Foussana,Kassérine,35.25029986,8.47334447,81.088748,2259,1.0000,scoped,constituency
القصرين,تالة - حيدرة - فوسانة,تالة الشرقية,TN425951,تالة الشرقية,Thala Est,TN4259,Thala,Kassérine,35.57762530,8.67090233,1.442886,5274,1.0000,scoped,constituency
القصرين,تالة - حيدرة - فوسانة,تالة الغربية,TN425952,تالة الغربية,Thala Ouest,TN4259,Thala,Kassérine,35.57715928,8.66712026,1.344182,7437,1.0000,scoped,constituency
القصرين,تالة - حيدرة - فوسانة,حيدرة,TN426051,حيدرة,Hidra,TN4260,Hidra,Kassérine,35.55780706,8.50114601,106.845634,3342,1.0000,scoped,constituency
القصرين,تالة - حيدرة - فوسانة,خمودة الجنوبية,TN426154,خمودةالجنوبية,Khmouda Sud,TN4261,Foussana,Kassérine,35.34754183,8.78148766,52.118494,2146,1.0000,scoped,constituency
القصرين,تالة - حيدرة - فوسانة,خمودة الشمالية,TN426153,خمودة الشمالية,Khmouda Nord,TN4261,Foussana,Kassérine,35.32256369,8.71912553,53.071075,3856,1.0000,scoped,constituency
القصرين,تالة - حيدرة - فوسانة,زلفان,TN425959,زلفان,Zelfane,TN4259,Thala,Kassérine,35.41921269,8.77465779,50.974169,2157,1.0000,scoped,constituency
القصرين,تالة - حيدرة - فوسانة,سيدي محمد,TN425961,سيدي محمد,Sidi M'Hammed,TN4259,Thala,Kassérine,35.72607231,8.77806606,72.286790,668,1.0000,scoped,constituency
القصرين,تالة - حيدرة - فوسانة,عين الجديدة,TN425954,عين الجديدة,Ain Aj-Jadeida,TN4259,Thala,Kassérine,35.63644138,8.75005009,41.758535,2782,1.0000,scoped,constituency
القصرين,تالة - حيدرة - فوسانة,عين الجنان,TN426162,عين الجنان,Ain El Jinene,TN4261,Foussana,Kassérine,35.29433944,8.37830895,71.598392,1196,1.0000,scoped,constituency
القصرين,تالة - حيدرة - فوسانة,عين الدفلة,TN426056,عين الدفلة,Ain Eddefla,TN4260,Hidra,Kassérine,35.60680435,8.57044298,25.333862,767,1.0000,scoped,constituency
القصرين,تالة - حيدرة - فوسانة,فوسانة,TN426151,فوسانة,Foussana,TN4261,Foussana,Kassérine,35.35110798,8.62223816,21.961323,10968,1.0000,scoped,constituency
القصرين,تالة - حيدرة - فوسانة,فوسانة الأحواز,TN426152,فوسانة الأحواز,Foussana Lahouaz,TN4261,Foussana,Kassérine,35.35541997,8.67580450,81.499340,2547,1.0000,scoped,constituency
القصرين,تالة - حيدرة - فوسانة,وادي الرشح,TN425956,وادي الرشح,Oued Errachech,TN4259,Thala,Kassérine,35.43097625,8.72724233,17.286048,645,1.0000,scoped,constituency
القصرين,تالة - حيدرة - فوسانة,ولجة الظل,TN425962,ولجة الظل,Ouljet Edhel,TN4259,Thala,Kassérine,35.73737007,8.67738435,82.627834,764,1.0000,scoped,constituency
القصرين,سبيبة - جدليان - العيون,إبراهيم الزهار,TN425654,إبراهيم الزهار,Brahim Ezzahhar,TN4256,Sbiba,Kassérine,35.54073501,9.22986733,83.279084,4168,1.0000,scoped,constituency
القصرين,سبيبة - جدليان - العيون,الأحواز,TN425652,الأحواز,El Ahouaz,TN4256,Sbiba,Kassérine,35.50773205,9.06668557,63.419764,5674,1.0000,scoped,constituency
القصرين,سبيبة - جدليان - العيون,البرك,TN425853,البرك,El Brek,TN4258,Ayoun,Kassérine,35.47146069,8.84121536,41.310232,2631,1.0000,scoped,constituency
القصرين,سبيبة - جدليان - العيون,البواجر,TN425854,البواجر,El Baouajer,TN4258,Ayoun,Kassérine,35.57767875,8.84130690,69.234109,1445,1.0000,scoped,constituency
القصرين,سبيبة - جدليان - العيون,الثماد,TN425656,الثماد,Etthamed,TN4256,Sbiba,Kassérine,35.45808891,9.23203821,85.947084,2441,1.0000,scoped,constituency
القصرين,سبيبة - جدليان - العيون,العيون,TN425851,العيون,El Ayoun,TN4258,Ayoun,Kassérine,35.53483241,8.85792677,70.454075,3486,1.0000,scoped,constituency
القصرين,سبيبة - جدليان - العيون,القرين,TN425852,القرين,El Grine,TN4258,Ayoun,Kassérine,35.41019308,8.84797319,56.162218,3427,1.0000,scoped,constituency
القصرين,سبيبة - جدليان - العيون,توشة,TN425855,توشة,Tiwicha,TN4258,Ayoun,Kassérine,35.48390995,8.94793178,116.087333,2722,1.0000,scoped,constituency
القصرين,سبيبة - جدليان - العيون,جدليان,TN425751,جدليان,Djedliane,TN4257,Jedeliane,Kassérine,35.59756254,9.04405225,46.874951,5674,1.0000,scoped,constituency
القصرين,سبيبة - جدليان - العيون,سبيبة,TN425651,سبيبة,Sbiba,TN4256,Sbiba,Kassérine,35.54476458,9.04579273,50.169197,11370,1.0000,scoped,constituency
القصرين,سبيبة - جدليان - العيون,عين أم الجدور,TN425755,عين أم الجدور,Ain Oum El Jedour,TN4257,Jedeliane,Kassérine,35.63351551,8.93681449,62.860995,1116,1.0000,scoped,constituency
القصرين,سبيبة - جدليان - العيون,عين الحمادنة,TN425753,عين الحمادنة,Ain El Hamadna,TN4257,Jedeliane,Kassérine,35.65654252,8.83020381,44.530893,920,1.0000,scoped,constituency
القصرين,سبيبة - جدليان - العيون,عين الخمائسية,TN425657,عين الخمائسية,Ain El Khemaissia,TN4256,Sbiba,Kassérine,35.47050288,9.12822814,61.820380,4702,1.0000,scoped,constituency
القصرين,سبيبة - جدليان - العيون,عين السلسلة,TN425856,عين السلسلة,Ain Esselsela,TN4258,Ayoun,Kassérine,35.57265658,8.96302059,58.328733,1048,1.0000,scoped,constituency
القصرين,سبيبة - جدليان - العيون,عين زيان,TN425655,عين زيان,Ain Zaiene,TN4256,Sbiba,Kassérine,35.41369870,9.18710126,47.477231,3347,1.0000,scoped,constituency
القصرين,سبيبة - جدليان - العيون,فج تربح,TN425752,فج تربح,Fej Terbah,TN4257,Jedeliane,Kassérine,35.69849910,8.92441003,85.581829,1682,1.0000,scoped,constituency
القصرين,سبيبة - جدليان - العيون,محرزة,TN425754,محرزة,Mehrza,TN4257,Jedeliane,Kassérine,35.61513425,8.83981816,35.254654,690,1.0000,scoped,constituency
القصرين,سبيبة - جدليان - العيون,وادي الحطب,TN425653,وادي الحطب,Oued El Hatab,TN4256,Sbiba,Kassérine,35.58277418,9.12504102,55.357104,3213,1.0000,scoped,constituency
القصرين,سبيطلة,الآثار,TN425561,الأثار,El Athar,TN4255,Sbeitla,Kassérine,35.16352758,9.09883360,117.463256,3419,1.0000,scoped,constituency
القصرين,سبيطلة,الخضراء,TN425560,الخضراء,El Khadhra,TN4255,Sbeitla,Kassérine,35.24660600,9.16003358,84.645449,3646,1.0000,scoped,constituency
القصرين,سبيطلة,الدولاب,TN425556,الدولاب,Eddouleb,TN4255,Sbeitla,Kassérine,35.37663762,9.05774181,104.658760,3350,1.0000,scoped,constituency
القصرين,سبيطلة,الرخمات,TN425554,الرخمات,Errakhmet,TN4255,Sbeitla,Kassérine,35.07081856,9.22510307,64.557170,3180,1.0000,scoped,constituency
القصرين,سبيطلة,الشرائع,TN425557,الشرائع,Ech-Charaya,TN4255,Sbeitla,Kassérine,35.21487504,9.01435305,69.138195,3666,1.0000,scoped,constituency
القصرين,سبيطلة,القرعة الحمراء,TN425563,القرعة الحمراء,El Garaa El Hamra,TN4255,Sbeitla,Kassérine,35.12130365,9.17267050,108.724520,5614,1.0000,scoped,constituency
القصرين,سبيطلة,القصر,TN425564,القصر,El Ksar,TN4255,Sbeitla,Kassérine,35.25501009,9.07044804,27.146773,2727,1.0000,scoped,constituency
القصرين,سبيطلة,القنة,TN425555,الفنة,El Gounna,TN4255,Sbeitla,Kassérine,35.40394569,9.10393596,103.182067,2693,0.8000,near,constituency
القصرين,سبيطلة,المزارة,TN425562,المزارة,El Mezara,TN4255,Sbeitla,Kassérine,35.07432825,9.17068375,62.993411,2193,1.0000,scoped,constituency
القصرين,سبيطلة,الوساعية,TN425559,الوساعية,Ouassaia,TN4255,Sbeitla,Kassérine,35.29324321,8.93198681,142.252255,3424,1.0000,scoped,constituency
القصرين,سبيطلة,حي السرور,TN425552,حي السرور,Cite Essourour,TN4255,Sbeitla,Kassérine,35.22020152,9.13630528,2.394914,6482,1.0000,scoped,constituency
القصرين,سبيطلة,سبيطلة,TN425551,سبيطلة,Sbeitla,TN4255,Sbeitla,Kassérine,35.24057080,9.11165760,6.574325,14012,1.0000,scoped,constituency
القصرين,سبيطلة,سمامة,TN425553,سمامة,Semama,TN4255,Sbeitla,Kassérine,35.37360162,8.91695099,118.537126,2702,1.0000,scoped,constituency
القصرين,سبيطلة,مشرق الشمس,TN425558,مشرق الشمس,Machrek Ech-Chams,TN4255,Sbeitla,Kassérine,35.32353323,9.03201409,103.032695,2948,1.0000,scoped,constituency
القصرين,ماجل بالعباس - فريانة,أم الاقصاب,TN426353,أم الأقصاب,Oum Laksab,TN4263,Majel Belabbes,Kassérine,34.74286815,8.40767292,210.013203,2848,1.0000,scoped,constituency
القصرين,ماجل بالعباس - فريانة,أم علي,TN426259,أم علي,Om Ali,TN4262,Feriana,Kassérine,35.03936806,8.39391339,127.694294,954,1.0000,scoped,constituency
القصرين,ماجل بالعباس - فريانة,الأحواش,TN426253,الأحواش,El Ahouach,TN4262,Feriana,Kassérine,34.91500385,8.53059572,63.771953,9743,1.0000,scoped,constituency
القصرين,ماجل بالعباس - فريانة,الصخيرات,TN426254,الصخيرات,Es-Skhirat,TN4262,Feriana,Kassérine,34.87533880,8.31592218,112.174419,1699,1.0000,scoped,constituency
القصرين,ماجل بالعباس - فريانة,العرعار,TN426255,العرعار,El Araar,TN4262,Feriana,Kassérine,34.92008974,8.35939685,81.811067,743,1.0000,scoped,constituency
القصرين,ماجل بالعباس - فريانة,العرق,TN426252,العرق,El Erg,TN4262,Feriana,Kassérine,34.90529333,8.59663802,52.849737,3247,1.0000,scoped,constituency
القصرين,ماجل بالعباس - فريانة,الناظور,TN426354,الناظور,Ennadhour,TN4263,Majel Belabbes,Kassérine,34.72860902,8.69891587,74.408018,1655,1.0000,scoped,constituency
القصرين,ماجل بالعباس - فريانة,بوحية,TN426260,بوحية,Bouhaya,TN4262,Feriana,Kassérine,35.11007555,8.56735747,76.374460,1138,1.0000,scoped,constituency
القصرين,ماجل بالعباس - فريانة,بوشبكة,TN426258,بوشبكة,Bouchebka,TN4262,Feriana,Kassérine,35.11007555,8.45123933,128.557242,1692,1.0000,scoped,constituency
القصرين,ماجل بالعباس - فريانة,تلابت,TN426261,تلابت,Telept,TN4262,Feriana,Kassérine,34.98907296,8.59454586,18.637577,6047,1.0000,scoped,constituency
القصرين,ماجل بالعباس - فريانة,حناشي,TN426256,حناشي,Hanachi,TN4262,Feriana,Kassérine,34.93114780,8.45620660,92.886940,1267,1.0000,scoped,constituency
القصرين,ماجل بالعباس - فريانة,صولة,TN426356,صولة,Soula,TN4263,Majel Belabbes,Kassérine,34.82409144,8.43583092,143.775029,3969,1.0000,scoped,constituency
القصرين,ماجل بالعباس - فريانة,عبد العظيم,TN426262,عبد العظيم,Abdeladhim,TN4262,Feriana,Kassérine,35.19116945,8.56025941,119.665596,581,1.0000,scoped,constituency
القصرين,ماجل بالعباس - فريانة,فريانة,TN426251,فريانة,Feriana,TN4262,Feriana,Kassérine,34.96014709,8.58660015,11.351226,10123,1.0000,scoped,constituency
القصرين,ماجل بالعباس - فريانة,قارة النعام,TN426257,قارة النعام,Garet En-Naam,TN4262,Feriana,Kassérine,35.03449593,8.52997814,120.211764,3023,1.0000,scoped,constituency
القصرين,ماجل بالعباس - فريانة,قروع الجدرة,TN426357,قروع الجدرة,Groua El Jedra,TN4263,Majel Belabbes,Kassérine,34.82088894,8.66534491,148.941542,1056,1.0000,scoped,constituency
القصرين,ماجل بالعباس - فريانة,ماجل بلعباس الجنوبية,TN426352,ماجل بالعباس الجنوبية,Majel Bel Abbes Sud,TN4263,Majel Belabbes,Kassérine,34.68801343,8.56452766,155.645600,2616,0.9730,scoped,constituency
القصرين,ماجل بالعباس - فريانة,ماجل بلعباس الشمالية,TN426351,ماجل بالعباس الشمالية,Majel Bel Abbes Nord,TN4263,Majel Belabbes,Kassérine,34.80411803,8.55542272,80.689819,6294,0.9730,scoped,constituency
القصرين,ماجل بالعباس - فريانة,هنشير أم الخير,TN426355,هنشير أم الخير,Henchir Oum El Khir,TN4263,Majel Belabbes,Kassérine,34.77641268,8.75206114,73.759608,506,1.0000,scoped,constituency
القيروان,السبيخة - الوسلاتية - عين جلولة,البحاير,TN415561,البحاير,El Behair,TN4155,Oueslatia,Kairouan,35.85590626,9.55120682,75.041592,2216,1.0000,scoped,constituency
القيروان,السبيخة - الوسلاتية - عين جلولة,الدخيلة,TN415455,الدخيلة,Ed-Dekhila,TN4154,Sbikha,Kairouan,35.85473304,9.99092315,91.688583,3418,1.0000,scoped,constituency
القيروان,السبيخة - الوسلاتية - عين جلولة,الذريعات,TN415456,الدريعات,Ed-Dheriaat,TN4154,Sbikha,Kairouan,35.96685243,10.12809702,106.954844,7046,0.8750,scoped,constituency
القيروان,السبيخة - الوسلاتية - عين جلولة,السبيخة المركز,TN415451,السبيخة المركز,Sbikha Centre,TN4154,Sbikha,Kairouan,35.95113469,10.01868644,24.452385,8990,1.0000,scoped,constituency
القيروان,السبيخة - الوسلاتية - عين جلولة,الشرفة,TN415462,الشرفة,Ech-Chorfa,TN4154,Sbikha,Kairouan,35.83624151,9.89733411,85.442963,2034,1.0000,scoped,constituency
القيروان,السبيخة - الوسلاتية - عين جلولة,الشقافية,TN415463,الشقافية,Chogafia,TN4154,Sbikha,Kairouan,35.90374039,9.85132444,90.403767,2933,1.0000,scoped,constituency
القيروان,السبيخة - الوسلاتية - عين جلولة,العلم,TN415458,العلم,El Alam,TN4154,Sbikha,Kairouan,35.86837382,10.09689929,144.086182,3825,1.0000,scoped,constituency
القيروان,السبيخة - الوسلاتية - عين جلولة,العويثة,TN415460,العويثة,El Aouitha,TN4154,Sbikha,Kairouan,36.00468230,10.22892530,52.992247,5248,1.0000,scoped,constituency
القيروان,السبيخة - الوسلاتية - عين جلولة,الفريوات,TN415453,الفريوات,El Friouet,TN4154,Sbikha,Kairouan,35.99204137,9.98002858,53.135645,2594,1.0000,scoped,constituency
القيروان,السبيخة - الوسلاتية - عين جلولة,القطيفة,TN415459,القطيفة,El Katifa,TN4154,Sbikha,Kairouan,35.91967381,10.12548586,57.296104,1349,1.0000,scoped,constituency
القيروان,السبيخة - الوسلاتية - عين جلولة,القفي,TN415457,القفى,El Gfi,TN4154,Sbikha,Kairouan,36.08672967,10.17692270,64.752340,3740,1.0000,scoped,constituency
القيروان,السبيخة - الوسلاتية - عين جلولة,المنزل,TN415554,المنزل,El Menzel,TN4155,Oueslatia,Kairouan,35.75907626,9.56063116,103.924096,1501,1.0000,scoped,constituency
القيروان,السبيخة - الوسلاتية - عين جلولة,الوسلاتية الشرقية,TN415552,الوسلاتية الشرقية,El Ooueslatia Est,TN4155,Oueslatia,Kairouan,35.85330899,9.60666079,11.265813,2455,1.0000,scoped,constituency
القيروان,السبيخة - الوسلاتية - عين جلولة,الوسلاتية الغربية,TN415553,الوسلاتية الغربية,El Ooueslatia Ouest,TN4155,Oueslatia,Kairouan,35.84962984,9.58655846,0.694844,7325,1.0000,scoped,constituency
القيروان,السبيخة - الوسلاتية - عين جلولة,جبل الريحان,TN415558,جبل الريحان,Djebel Erreihane,TN4155,Oueslatia,Kairouan,35.79749709,9.65771264,71.938864,1462,1.0000,scoped,constituency
القيروان,السبيخة - الوسلاتية - عين جلولة,جبل السرج,TN415555,جبل السرج,Djebel Essarj,TN4155,Oueslatia,Kairouan,35.93414173,9.60190420,91.762111,3033,1.0000,scoped,constituency
القيروان,السبيخة - الوسلاتية - عين جلولة,جبل وسلات,TN415557,جبل وسلات,Djebel Oouestat,TN4155,Oueslatia,Kairouan,35.78525592,9.73041837,100.437022,1767,1.0000,scoped,constituency
القيروان,السبيخة - الوسلاتية - عين جلولة,زغدود,TN415556,زغدود,Zaghdoud,TN4155,Oueslatia,Kairouan,35.91390074,9.71735600,176.327437,2286,1.0000,scoped,constituency
القيروان,السبيخة - الوسلاتية - عين جلولة,سرديانة,TN415464,سرديانة,Serdiania,TN4154,Sbikha,Kairouan,35.92920393,9.95194066,51.619734,2378,1.0000,scoped,constituency
القيروان,السبيخة - الوسلاتية - عين جلولة,سيدي مسعود,TN415454,سيدي مسعود,Sidi Messaoud,TN4154,Sbikha,Kairouan,36.01035646,9.88178685,116.150591,4103,1.0000,scoped,constituency
القيروان,السبيخة - الوسلاتية - عين جلولة,سيسب,TN415461,سيسب,Sisseb,TN4154,Sbikha,Kairouan,35.98895217,10.18101396,53.613462,3552,1.0000,scoped,constituency
القيروان,السبيخة - الوسلاتية - عين جلولة,عين بومرة,TN415452,عين بومرة,Ain Bou Morra,TN4154,Sbikha,Kairouan,35.96766339,9.93618321,32.236860,2366,1.0000,scoped,constituency
القيروان,السبيخة - الوسلاتية - عين جلولة,عين جلولة,TN415559,عين جلولة,Ain Djeloula,TN4155,Oueslatia,Kairouan,35.79865818,9.80281336,95.295678,4403,1.0000,scoped,constituency
القيروان,السبيخة - الوسلاتية - عين جلولة,معروف,TN415551,معروف,Maarouf,TN4155,Oueslatia,Kairouan,36.00571178,9.70001470,103.990275,2361,1.0000,scoped,constituency
القيروان,السبيخة - الوسلاتية - عين جلولة,وادي الخريوع,TN415465,واد الخريوع,Oued El Khraouia,TN4154,Sbikha,Kairouan,36.06225644,10.09158269,33.391351,1879,0.9524,scoped,constituency
القيروان,السبيخة - الوسلاتية - عين جلولة,وادي القصب,TN415560,وادي القصب,Oued El Ksab,TN4155,Oueslatia,Kairouan,36.05818669,9.76979175,81.786379,1660,1.0000,scoped,constituency
القيروان,الشبيكة - حفوز,أولاد خلف اللّه,TN415658,أولاد خلف الله,Ouled Khalfallah,TN4156,Haffouz,Kairouan,35.51668697,9.78323236,55.270691,2025,1.0000,scoped,constituency
القيروان,الشبيكة - حفوز,الجواودة,TN415352,الجواودة,Jaouaouda,TN4153,Chebika,Kairouan,35.68858162,9.91270628,64.904096,3659,1.0000,scoped,constituency
القيروان,الشبيكة - حفوز,الحوفية,TN415655,الحوفية,El Houfia,TN4156,Haffouz,Kairouan,35.62163061,9.76724213,95.059686,4215,1.0000,scoped,constituency
القيروان,الشبيكة - حفوز,الرويسات,TN415354,الرويسات,Errouisset,TN4153,Chebika,Kairouan,35.76722130,9.91060640,119.432736,2100,1.0000,scoped,constituency
القيروان,الشبيكة - حفوز,الشبيكة,TN415351,الشبيكة,Echbika,TN4153,Chebika,Kairouan,35.62494939,9.90639061,85.408023,7596,1.0000,scoped,constituency
القيروان,الشبيكة - حفوز,الشريشيرة,TN415656,الشريشيرة,Cherichira,TN4156,Haffouz,Kairouan,35.69011632,9.78006605,120.596603,3406,1.0000,scoped,constituency
القيروان,الشبيكة - حفوز,العوامرية,TN415353,العوامرية,El Aouamria,TN4153,Chebika,Kairouan,35.67431906,9.98486254,25.767558,3244,1.0000,scoped,constituency
القيروان,الشبيكة - حفوز,العين البيضاء,TN415654,العين البيضاء,El Ain El Beidha,TN4156,Haffouz,Kairouan,35.49918958,9.71214232,74.978030,6613,1.0000,scoped,constituency
القيروان,الشبيكة - حفوز,الكرمة,TN415358,الكرمة,El Karma,TN4153,Chebika,Kairouan,35.54237668,9.82048972,68.848965,2284,1.0000,scoped,constituency
القيروان,الشبيكة - حفوز,حفوز المركز,TN415651,حفوز المركز,Hafouz Centre,TN4156,Haffouz,Kairouan,35.63446360,9.68558555,27.091018,9889,1.0000,scoped,constituency
القيروان,الشبيكة - حفوز,خيط الوادي,TN415652,خيط الوادي,Khit El Oued,TN4156,Haffouz,Kairouan,35.71765110,9.63027093,103.702656,5146,1.0000,scoped,constituency
القيروان,الشبيكة - حفوز,سيدي علي بن سالم,TN415356,سيدي علي بن سالم,Sidi Ali Ben Salem,TN4153,Chebika,Kairouan,35.57761477,9.89499838,30.318474,2471,1.0000,scoped,constituency
القيروان,الشبيكة - حفوز,طرزة الجنوبية,TN415657,طرزة الجنوبية,Traza Sud,TN4156,Haffouz,Kairouan,35.53806195,9.63332214,77.550918,2206,1.0000,scoped,constituency
القيروان,الشبيكة - حفوز,عبيدة,TN415355,عبيدة,Abida,TN4153,Chebika,Kairouan,35.57402616,10.00199148,73.149605,4404,1.0000,scoped,constituency
القيروان,الشبيكة - حفوز,هماد,TN415357,هماد,Hammed,TN4153,Chebika,Kairouan,35.52716641,9.90205412,44.800117,2338,1.0000,scoped,constituency
القيروان,الشبيكة - حفوز,وادي الجباس,TN415653,وادي الجباس,Oued El Jabbes,TN4156,Haffouz,Kairouan,35.62976439,9.64672435,57.059319,1971,1.0000,scoped,constituency
القيروان,العلاء - حاجب العيون,أحواز الحاجب,TN415852,أحواز الحاجب,Ahouaz El Hajeb,TN4158,Hajeb El Ayoun,Kairouan,35.34879820,9.52804883,46.048638,1637,1.0000,scoped,constituency
القيروان,العلاء - حاجب العيون,أولاد عمر,TN415758,أولاد عمر,Ouled Amor,TN4157,Alaa,Kairouan,35.67052917,9.52185493,25.328564,2008,1.0000,scoped,constituency
القيروان,العلاء - حاجب العيون,الحاجب المركز,TN415851,الحاجب المركز,El Hajeb Centre,TN4158,Hajeb El Ayoun,Kairouan,35.39810434,9.53538783,14.172673,9922,1.0000,scoped,constituency
القيروان,العلاء - حاجب العيون,الرحيمة,TN415859,الرحيمة,Errehima,TN4158,Hajeb El Ayoun,Kairouan,35.47563193,9.62944115,52.261691,2291,1.0000,scoped,constituency
القيروان,العلاء - حاجب العيون,السرجة,TN415854,السرجة,Esserja,TN4158,Hajeb El Ayoun,Kairouan,35.53854269,9.45615038,50.901799,2905,1.0000,scoped,constituency
القيروان,العلاء - حاجب العيون,الشواشي,TN415853,الشواشي,Chaouachi,TN4158,Hajeb El Ayoun,Kairouan,35.53212814,9.52328962,87.591662,2964,1.0000,scoped,constituency
القيروان,العلاء - حاجب العيون,العلا,TN415751,العلا,El Alaa,TN4157,Alaa,Kairouan,35.62522866,9.59111209,23.684760,6825,1.0000,scoped,constituency
القيروان,العلاء - حاجب العيون,الغويبة,TN415857,الغويبة,El Ghouiba,TN4158,Hajeb El Ayoun,Kairouan,35.37181898,9.57932285,37.420113,3158,1.0000,scoped,constituency
القيروان,العلاء - حاجب العيون,القطار,TN415753,القطار,El Guettar,TN4157,Alaa,Kairouan,35.61953852,9.52111591,19.383414,3000,1.0000,scoped,constituency
القيروان,العلاء - حاجب العيون,القنطرة,TN415855,القنطرة,El Kantra,TN4158,Hajeb El Ayoun,Kairouan,35.44792536,9.51207126,39.156343,1706,1.0000,scoped,constituency
القيروان,العلاء - حاجب العيون,المساعيد,TN415752,المساعيد,El Messaid,TN4157,Alaa,Kairouan,35.70882097,9.49091816,49.336181,2693,1.0000,scoped,constituency
القيروان,العلاء - حاجب العيون,الهدايا,TN415856,الهدايا,El Hadaya,TN4158,Hajeb El Ayoun,Kairouan,35.42780072,9.63872747,106.498825,2468,1.0000,scoped,constituency
القيروان,العلاء - حاجب العيون,صيادة الجنوبية,TN415757,صيادة الجنوبية,Sayada Sud,TN4157,Alaa,Kairouan,35.61900096,9.39210689,52.843372,1687,1.0000,scoped,constituency
القيروان,العلاء - حاجب العيون,صيادة الشمالية,TN415756,صيادة الشمالية,Sayada Nord,TN4157,Alaa,Kairouan,35.67304144,9.34292666,60.006999,2013,1.0000,scoped,constituency
القيروان,العلاء - حاجب العيون,طرزة الشمالية,TN415759,طرزة الشمالية,Tarza Nord,TN4157,Alaa,Kairouan,35.56506983,9.57493169,53.867620,2422,1.0000,scoped,constituency
القيروان,العلاء - حاجب العيون,مسيوتة النقاز,TN415755,مسيوتة النقاز,Messiouta Ennaguaz,TN4157,Alaa,Kairouan,35.63498167,9.47578095,43.075629,2340,1.0000,scoped,constituency
القيروان,العلاء - حاجب العيون,مسيوتة الهناشير,TN415754,مسيوتة الهناشير,Messiouta El Hanachir,TN4157,Alaa,Kairouan,35.66415449,9.42530323,33.767433,1850,1.0000,scoped,constituency
القيروان,العلاء - حاجب العيون,وادي الحجل,TN415858,وادي الحجل,Oued El Hajel,TN4158,Hajeb El Ayoun,Kairouan,35.31385728,9.63448364,148.886395,3334,1.0000,scoped,constituency
القيروان,القيروان الجنوبية,أولاد نهار,TN415258,أولاد نهار,Ouled Nhar,TN4152,Kairouan Sud,Kairouan,35.64455865,10.22402026,50.732246,1956,1.0000,scoped,constituency
القيروان,القيروان الجنوبية,التبان,TN415257,التبان,Ettaen,TN4152,Kairouan Sud,Kairouan,35.65991099,10.11480612,4.252668,5664,1.0000,scoped,constituency
القيروان,القيروان الجنوبية,الحمام,TN415264,الحمام,El Hammam,TN4152,Kairouan Sud,Kairouan,35.51114991,9.98666476,37.131351,3275,1.0000,scoped,constituency
القيروان,القيروان الجنوبية,الخزازية,TN415259,الخزازية,Khazazia,TN4152,Kairouan Sud,Kairouan,35.61300257,10.22771105,42.929937,3742,1.0000,scoped,constituency
القيروان,القيروان الجنوبية,الخضراء,TN415263,الخضراء,El Khadra,TN4152,Kairouan Sud,Kairouan,35.47911197,9.96718598,22.514191,1642,1.0000,scoped,constituency
القيروان,القيروان الجنوبية,القبلية الجنوبية,TN415253,القبلية الجنوبية,Keblia Sud,TN4152,Kairouan Sud,Kairouan,35.65880576,10.10220115,2.735668,8839,1.0000,scoped,constituency
القيروان,القيروان الجنوبية,المخصومة,TN415260,المخصومة,El Makhsouma,TN4152,Kairouan Sud,Kairouan,35.57282797,10.20622613,42.418472,2512,1.0000,scoped,constituency
القيروان,القيروان الجنوبية,المنصورة الجنوبية,TN415252,المنصورة الجنوبية,Elmansoura Sud,TN4152,Kairouan Sud,Kairouan,35.65501841,10.09244925,2.058028,19120,1.0000,scoped,constituency
القيروان,القيروان الجنوبية,المنصورة الشمالية,TN415251,المنصورة الشمالية,Elmansoura Nord,TN4152,Kairouan Sud,Kairouan,35.66028619,10.08204530,2.638456,12889,1.0000,scoped,constituency
القيروان,القيروان الجنوبية,النبش,TN415261,النبش,El Nebech,TN4152,Kairouan Sud,Kairouan,35.51059722,10.20775141,44.643012,2438,1.0000,scoped,constituency
القيروان,القيروان الجنوبية,بريكات العرقوب,TN415265,بريكات العرقوب,Beriket El Argoub,TN4152,Kairouan Sud,Kairouan,35.47048135,9.91210242,19.823731,1871,1.0000,scoped,constituency
القيروان,القيروان الجنوبية,رقادة,TN415255,رقادة,Rakada,TN4152,Kairouan Sud,Kairouan,35.61793004,10.06423496,28.940871,4311,1.0000,scoped,constituency
القيروان,القيروان الجنوبية,زرود,TN415256,زرود,Zroud,TN4152,Kairouan Sud,Kairouan,35.65876069,10.15456197,57.743916,2114,1.0000,scoped,constituency
القيروان,القيروان الجنوبية,زعفرانة,TN415262,زعفرانة,Zaafrana,TN4152,Kairouan Sud,Kairouan,35.55502658,10.09736677,113.573441,3177,1.0000,scoped,constituency
القيروان,القيروان الجنوبية,مرق الليل,TN415254,مرق الليل,Merguellil,TN4152,Kairouan Sud,Kairouan,35.64759886,10.02294873,46.891891,1501,1.0000,scoped,constituency
القيروان,القيروان الشمالية,الاغالبة,TN415158,الأغالبة,Al Aghalba,TN4151,Kairouan Nord,Kairouan,35.67318798,10.07978996,1.182078,9599,1.0000,scoped,constituency
القيروان,القيروان الشمالية,الانصار,TN415151,الأنصار,Al Ansar,TN4151,Kairouan Nord,Kairouan,35.67560255,10.09912085,0.110402,564,1.0000,scoped,constituency
القيروان,القيروان الشمالية,الباطن,TN415159,الباطن,Elbaten,TN4151,Kairouan Nord,Kairouan,35.74306749,10.02909985,110.093344,4803,1.0000,scoped,constituency
القيروان,القيروان الشمالية,الجامع الجنوبية,TN415153,الجامع الجنوبية,El Jemaa Sud,TN4151,Kairouan Nord,Kairouan,35.68011139,10.10952414,1.171330,4819,1.0000,scoped,constituency
القيروان,القيروان الشمالية,الجامع الشمالية,TN415152,الجامع الشمالية,El Jemaa Nord,TN4151,Kairouan Nord,Kairouan,35.68726980,10.10952851,1.467357,6536,1.0000,scoped,constituency
القيروان,القيروان الشمالية,الجبلية الجنوبية,TN415156,الجبلية الجنوبية,Jeblia Sud,TN4151,Kairouan Nord,Kairouan,35.67545129,10.09146799,0.348783,594,1.0000,scoped,constituency
القيروان,القيروان الشمالية,الجبلية الشمالية,TN415155,الجبلية الشمالية,Jeblia Nord,TN4151,Kairouan Nord,Kairouan,35.69123598,10.08796351,5.087924,22250,1.0000,scoped,constituency
القيروان,القيروان الشمالية,الغابات,TN415162,الغابات,El Ghabet,TN4151,Kairouan Nord,Kairouan,35.72143128,10.18003971,44.980511,3856,1.0000,scoped,constituency
القيروان,القيروان الشمالية,القبلية الشمالية,TN415154,القبلية الشمالية,Kebilia Nord,TN4151,Kairouan Nord,Kairouan,35.67152419,10.09491789,0.781411,5999,1.0000,scoped,constituency
القيروان,القيروان الشمالية,المتبسطة,TN415161,المتبسطة,Metbasta,TN4151,Kairouan Nord,Kairouan,35.77833972,10.16209645,30.463068,1939,1.0000,scoped,constituency
القيروان,القيروان الشمالية,المنشية,TN415157,المنشية,El Menchia,TN4151,Kairouan Nord,Kairouan,35.67982254,10.07826388,1.173215,15033,1.0000,scoped,constituency
القيروان,القيروان الشمالية,ذراع التمار,TN415160,ذراع التمار,Dheraa Ettammar,TN4151,Kairouan Nord,Kairouan,35.74495835,10.10111553,53.999080,981,1.0000,scoped,constituency
القيروان,بوحجلة,أولاد عاشور,TN416156,أولاد عاشور,Ouled Achour,TN4161,Bouhajla,Kairouan,35.32534996,10.16521900,55.345104,2304,1.0000,scoped,constituency
القيروان,بوحجلة,أولاد فرج اللّه الشمالية,TN416158,أولاد فرج اللّه الشمالية,Ouled Fardjallah Nord,TN4161,Bouhajla,Kairouan,35.24610333,10.14158828,55.977171,2109,1.0000,scoped,constituency
القيروان,بوحجلة,الشرائطية الشمالية,TN416163,الشرايطية الشمالية,Cheraitia Nord,TN4161,Bouhajla,Kairouan,35.28155556,10.05637074,71.578038,5761,1.0000,scoped,constituency
القيروان,بوحجلة,الشوامخ,TN416164,الشوامخ,Chouamekh,TN4161,Bouhajla,Kairouan,35.45783065,10.00284402,34.635507,3103,1.0000,scoped,constituency
القيروان,بوحجلة,الفتح,TN416157,الفتح,El Fatah,TN4161,Bouhajla,Kairouan,35.39444811,10.12478555,56.296795,3463,1.0000,scoped,constituency
القيروان,بوحجلة,القطيطير,TN416155,القطيطير,El Ketitir,TN4161,Bouhajla,Kairouan,35.33058612,10.09511829,48.841447,3039,1.0000,scoped,constituency
القيروان,بوحجلة,المويسات,TN416161,المويسات,El Mouisset,TN4161,Bouhajla,Kairouan,35.41454775,9.96119869,37.205302,5463,1.0000,scoped,constituency
القيروان,بوحجلة,النصر,TN416159,النصر,Ennasr,TN4161,Bouhajla,Kairouan,35.48532389,10.13845161,111.544199,5710,1.0000,scoped,constituency
القيروان,بوحجلة,بئر بوساري,TN416162,بئر بوساري,Bir Bousari,TN4161,Bouhajla,Kairouan,35.38895636,9.93437700,36.777549,2119,1.0000,scoped,constituency
القيروان,بوحجلة,بئر مسيكين,TN416160,بئر مسكين,Bir Msikine,TN4161,Bouhajla,Kairouan,35.45476312,10.06223777,40.818996,2697,0.9412,scoped,constituency
القيروان,بوحجلة,بوحجلة الأحواز,TN416152,بوحجلة الأحواز,Bouhajla El Ahouez,TN4161,Bouhajla,Kairouan,35.38206667,10.00205558,33.068856,4615,1.0000,scoped,constituency
القيروان,بوحجلة,بوحجلة المركز,TN416151,بوحجلة المركز,Bouhajla Centre,TN4161,Bouhajla,Kairouan,35.39311823,10.04449189,32.183091,12164,1.0000,scoped,constituency
القيروان,بوحجلة,جهينة الجنوبية,TN416153,جهينة الجنوبية,Jehina Sud,TN4161,Bouhajla,Kairouan,35.30098856,10.00868770,29.941424,3836,1.0000,scoped,constituency
القيروان,بوحجلة,جهينة الشمالية,TN416154,جهينة الشمالية,Jehina Nord,TN4161,Bouhajla,Kairouan,35.32117878,9.95408943,45.244527,3304,1.0000,scoped,constituency
القيروان,نصر اللّه - منزل مهيري - الشراردة,أولاد فرج اللّه الجنوبية,TN416053,أولاد فرج اللّه الجنوبية,Ouled Farjallah Sud,TN4160,Chrarda,Kairouan,35.17861429,10.18205196,53.608681,2445,1.0000,scoped,constituency
القيروان,نصر اللّه - منزل مهيري - الشراردة,البريكات,TN415958,البريكات,El Briket,TN4159,Nasrallah,Kairouan,35.22395434,9.92944392,57.322629,3556,1.0000,scoped,constituency
القيروان,نصر اللّه - منزل مهيري - الشراردة,الحميدات,TN415953,الحميدات,El Hmidet,TN4159,Nasrallah,Kairouan,35.48304781,9.85415472,34.954727,2167,1.0000,scoped,constituency
القيروان,نصر اللّه - منزل مهيري - الشراردة,الشرائطية الجنوبية,TN416054,الشرائطية الجنوبية,Cheraitia Sud,TN4160,Chrarda,Kairouan,35.18235805,10.07819382,72.836724,3355,1.0000,scoped,constituency
القيروان,نصر اللّه - منزل مهيري - الشراردة,الشراردة,TN416051,الشراردة,Echrarda,TN4160,Chrarda,Kairouan,35.09714989,10.02783044,74.471206,8847,1.0000,scoped,constituency
القيروان,نصر اللّه - منزل مهيري - الشراردة,الطويلة,TN415955,الطويلة,Ettouila,TN4159,Nasrallah,Kairouan,35.39966542,9.74009702,113.513415,3127,1.0000,scoped,constituency
القيروان,نصر اللّه - منزل مهيري - الشراردة,الفجيج,TN415954,الفجيج,El Fejij,TN4159,Nasrallah,Kairouan,35.40193846,9.84276667,114.213115,5283,1.0000,scoped,constituency
القيروان,نصر اللّه - منزل مهيري - الشراردة,القصور,TN416055,القصور,El Ksour,TN4160,Chrarda,Kairouan,35.22678767,9.99760610,65.825374,4315,1.0000,scoped,constituency
القيروان,نصر اللّه - منزل مهيري - الشراردة,الكبارة,TN415957,الكبارة,El Kabbara,TN4159,Nasrallah,Kairouan,35.19806537,9.77253865,62.743191,2439,1.0000,scoped,constituency
القيروان,نصر اللّه - منزل مهيري - الشراردة,المنارة,TN415956,المنارة,El Manara,TN4159,Nasrallah,Kairouan,35.27732676,9.76646313,143.126885,4041,1.0000,scoped,constituency
القيروان,نصر اللّه - منزل مهيري - الشراردة,بئر الحلو,TN416052,بئر الحلو,Bir El Helou,TN4160,Chrarda,Kairouan,35.12436801,10.09720639,63.149322,3905,1.0000,scoped,constituency
القيروان,نصر اللّه - منزل مهيري - الشراردة,نصر الله الأحواز,TN415952,نصر الله الأحواز,Nasrallah Banlieue,TN4159,Nasrallah,Kairouan,35.26647424,9.86676183,133.743585,4482,1.0000,scoped,constituency
القيروان,نصر اللّه - منزل مهيري - الشراردة,نصر اللّه المركز,TN415951,نصر اللّه المركز,Nasrallah Centre,TN4159,Nasrallah,Kairouan,35.36204447,9.82984528,25.481042,5192,1.0000,scoped,constituency
الكاف,القلعة الخصباء - الجريصة - القصور - الدهماني - السرس,ابة,TN236056,أبة,Ebba,TN2360,Dahmani,Le Kef,35.93510585,8.77646596,103.261292,1179,1.0000,scoped,constituency
الكاف,القلعة الخصباء - الجريصة - القصور - الدهماني - السرس,الآبار,TN236157,الأبار,El Abar,TN2361,Es Sers,Le Kef,36.01475955,9.12986570,27.263995,1049,1.0000,scoped,constituency
الكاف,القلعة الخصباء - الجريصة - القصور - الدهماني - السرس,الآبار الشرقية,TN236158,الأبار الشرقية,El Abar Est,TN2361,Es Sers,Le Kef,36.06609707,9.13328608,24.006574,544,1.0000,scoped,constituency
الكاف,القلعة الخصباء - الجريصة - القصور - الدهماني - السرس,الاربص,TN236155,الأربص,Lorbeus,TN2361,Es Sers,Le Kef,36.09530130,8.85776553,96.930719,1442,1.0000,scoped,constituency
الكاف,القلعة الخصباء - الجريصة - القصور - الدهماني - السرس,الجريصة الجنوبية,TN235853,الجريصة الجنوبية,Djerissa Sud,TN2358,Jerissa,Le Kef,35.83788355,8.62333085,1.678579,2270,1.0000,scoped,constituency
الكاف,القلعة الخصباء - الجريصة - القصور - الدهماني - السرس,الجريصة الشمالية,TN235852,الجريصة الشمالية,Djerissa Nord,TN2358,Jerissa,Le Kef,35.84431676,8.64501818,1.853524,1377,1.0000,scoped,constituency
الكاف,القلعة الخصباء - الجريصة - القصور - الدهماني - السرس,الجريصة المركزية,TN235851,الجريصة المركزية,Djerissa Centre,TN2358,Jerissa,Le Kef,35.84439676,8.61982398,1.774446,2965,1.0000,scoped,constituency
الكاف,القلعة الخصباء - الجريصة - القصور - الدهماني - السرس,الدهماني,TN236051,الدهماني,Dahmani,TN2360,Dahmani,Le Kef,35.94124232,8.84042161,3.713973,9024,1.0000,scoped,constituency
الكاف,القلعة الخصباء - الجريصة - القصور - الدهماني - السرس,الدهماني الشمالية,TN236052,الدهماني الشمالية,Dahmani Nord,TN2360,Dahmani,Le Kef,35.94446222,8.82599189,1.801271,3416,1.0000,scoped,constituency
الكاف,القلعة الخصباء - الجريصة - القصور - الدهماني - السرس,الزوارين,TN236053,الزوارين,Zouarine,TN2360,Dahmani,Le Kef,35.97225210,8.91317442,117.126810,3322,1.0000,scoped,constituency
الكاف,القلعة الخصباء - الجريصة - القصور - الدهماني - السرس,الزيتونة,TN235956,الزيتونة,Ezzitouna,TN2359,Ksour,Le Kef,35.78339323,8.97310435,100.045286,1965,1.0000,scoped,constituency
الكاف,القلعة الخصباء - الجريصة - القصور - الدهماني - السرس,السرس الجنوبية,TN236152,السرس الجنوبية,Es-Sers Sud,TN2361,Es Sers,Le Kef,36.08496467,9.08696766,37.610982,3858,1.0000,scoped,constituency
الكاف,القلعة الخصباء - الجريصة - القصور - الدهماني - السرس,السرس الشمالية,TN236151,السرس الشمالية,Es-Sers Nord,TN2361,Es Sers,Le Kef,36.13053062,9.03497780,70.221523,1373,1.0000,scoped,constituency
الكاف,القلعة الخصباء - الجريصة - القصور - الدهماني - السرس,القصور,TN235951,القصور,El Ksour,TN2359,Ksour,Le Kef,35.90779817,8.89394570,25.591819,5800,1.0000,scoped,constituency
الكاف,القلعة الخصباء - الجريصة - القصور - الدهماني - السرس,القلعة الخصباء,TN235751,القلعة الخصباء,Kalaat Khasba,TN2357,Kalaa Khesba,Le Kef,35.66142080,8.58392095,19.715386,3210,1.0000,scoped,constituency
الكاف,القلعة الخصباء - الجريصة - القصور - الدهماني - السرس,اللاس,TN236159,الآس,Elles,TN2361,Es Sers,Le Kef,35.98485671,9.06003450,56.569734,1148,0.8889,scoped,constituency
الكاف,القلعة الخصباء - الجريصة - القصور - الدهماني - السرس,اللواتة,TN235954,اللواتة,Louata,TN2359,Ksour,Le Kef,35.80784567,9.01151674,34.616786,715,1.0000,scoped,constituency
الكاف,القلعة الخصباء - الجريصة - القصور - الدهماني - السرس,المدينة,TN236057,المداينة,El Medeina,TN2360,Dahmani,Le Kef,35.88678561,8.82944716,71.233568,1105,0.9333,scoped,constituency
الكاف,القلعة الخصباء - الجريصة - القصور - الدهماني - السرس,المرجى,TN236156,المرجى,El Marja,TN2361,Es Sers,Le Kef,36.03325250,9.06944470,39.916433,1744,1.0000,scoped,constituency
الكاف,القلعة الخصباء - الجريصة - القصور - الدهماني - السرس,الناظور,TN235754,الناظور,En-Nadhour,TN2357,Kalaa Khesba,Le Kef,35.71640805,8.48237519,85.142157,500,1.0000,scoped,constituency
الكاف,القلعة الخصباء - الجريصة - القصور - الدهماني - السرس,النعايم,TN235856,النعايم,Enneayem,TN2358,Jerissa,Le Kef,35.78159147,8.63469478,35.628578,262,1.0000,scoped,constituency
الكاف,القلعة الخصباء - الجريصة - القصور - الدهماني - السرس,بانو,TN235953,بانو,Banou,TN2359,Ksour,Le Kef,35.79795023,8.91878745,73.162837,1200,1.0000,scoped,constituency
الكاف,القلعة الخصباء - الجريصة - القصور - الدهماني - السرس,بسريانة,TN235854,بسريانة,Besseriana,TN2358,Jerissa,Le Kef,35.82109239,8.58531255,35.905106,677,1.0000,scoped,constituency
الكاف,القلعة الخصباء - الجريصة - القصور - الدهماني - السرس,بوصليعة,TN236154,بوصليعة,Bousliaa,TN2361,Es Sers,Le Kef,36.03715903,8.98536339,72.111252,1785,1.0000,scoped,constituency
الكاف,القلعة الخصباء - الجريصة - القصور - الدهماني - السرس,ثرمدة,TN236054,ثرمدة,Thermda,TN2360,Dahmani,Le Kef,36.04463946,8.87703201,82.444105,1669,1.0000,scoped,constituency
الكاف,القلعة الخصباء - الجريصة - القصور - الدهماني - السرس,حي النور,TN236153,حي النور,Cite Ennour,TN2361,Es Sers,Le Kef,36.08485219,9.00887132,6.135294,5204,1.0000,scoped,constituency
الكاف,القلعة الخصباء - الجريصة - القصور - الدهماني - السرس,سيدي أحمد الصالح,TN235753,سيدي أحمد الصالح,Sidi Ahmed Essalah,TN2357,Kalaa Khesba,Le Kef,35.74839205,8.56916731,78.830258,1382,1.0000,scoped,constituency
الكاف,القلعة الخصباء - الجريصة - القصور - الدهماني - السرس,سيدي بركات الجنوبية,TN236059,سيدي بركات الجنوبية,Sidi Baraket Sud,TN2360,Dahmani,Le Kef,35.82162142,8.80651371,42.256096,739,1.0000,scoped,constituency
الكاف,القلعة الخصباء - الجريصة - القصور - الدهماني - السرس,سيدي بركات الشمالية,TN236058,سيدي بركات الشمالية,Sidi Baraket Nord,TN2360,Dahmani,Le Kef,35.82440899,8.76251789,46.247197,586,1.0000,scoped,constituency
الكاف,القلعة الخصباء - الجريصة - القصور - الدهماني - السرس,عبيدة,TN236055,عبيدة,Abida,TN2360,Dahmani,Le Kef,36.02711546,8.73830431,82.300175,1457,1.0000,scoped,constituency
الكاف,القلعة الخصباء - الجريصة - القصور - الدهماني - السرس,عين القصيبة,TN235952,عين القصيبة,Ain El Ksiba,TN2359,Ksour,Le Kef,35.78890906,8.85767224,80.976766,2417,1.0000,scoped,constituency
الكاف,القلعة الخصباء - الجريصة - القصور - الدهماني - السرس,عين فضيل,TN235955,عين فضيل,Ain Fedhil,TN2359,Ksour,Le Kef,35.91000285,9.01658304,136.007737,1075,1.0000,scoped,constituency
الكاف,القلعة الخصباء - الجريصة - القصور - الدهماني - السرس,فج التمر,TN235855,فج التمر,Fej Ettameur,TN2358,Jerissa,Le Kef,35.83685072,8.68391659,99.538463,996,1.0000,scoped,constituency
الكاف,القلعة الخصباء - الجريصة - القصور - الدهماني - السرس,هنطاية,TN235752,هنطاية,Hentaia,TN2357,Kalaa Khesba,Le Kef,35.69125067,8.54915912,22.791314,340,1.0000,scoped,constituency
الكاف,الكاف الغربية - الكاف الشرقية,الحوارث الجنوبية,TN235153,الحوارث الجنوبية,Haouareth Sud,TN2351,Kef Ouest,Le Kef,36.16616128,8.69969860,3.107507,21539,1.0000,scoped,constituency
الكاف,الكاف الغربية - الكاف الشرقية,الحوارث الشمالية,TN235253,الحوارث الشمالية,Haouareth Nord,TN2352,Kef Est,Le Kef,36.18183201,8.70342649,1.337412,5883,1.0000,scoped,constituency
الكاف,الكاف الغربية - الكاف الشرقية,الزعفران,TN235254,الزعفران,Zaafrane,TN2352,Kef Est,Le Kef,36.15165497,8.79599459,117.752373,3734,1.0000,scoped,constituency
الكاف,الكاف الغربية - الكاف الشرقية,الشرفيين,TN235251,الشرفين,Charfine,TN2352,Kef Est,Le Kef,36.18192944,8.71875700,1.006865,7500,0.9333,scoped,constituency
الكاف,الكاف الغربية - الكاف الشرقية,بنعنين,TN235252,بنعنين,Ben Ainine,TN2352,Kef Est,Le Kef,36.17086934,8.71832031,3.977508,7031,1.0000,scoped,constituency
الكاف,الكاف الغربية - الكاف الشرقية,حشاد,TN235258,حشاد,Hached,TN2352,Kef Est,Le Kef,36.17268765,8.70308336,0.504365,7181,1.0000,scoped,constituency
الكاف,الكاف الغربية - الكاف الشرقية,دير الكاف,TN235257,دير الكاف,Dyr El Kef,TN2352,Kef Est,Le Kef,36.21427900,8.79307886,68.581785,3928,1.0000,scoped,constituency
الكاف,الكاف الغربية - الكاف الشرقية,وادي الرمل الجنوبية,TN235152,وادي الرمل الجنوبية,Oued Remel Sud,TN2351,Kef Ouest,Le Kef,36.12715305,8.60597469,141.161039,4620,1.0000,scoped,constituency
الكاف,الكاف الغربية - الكاف الشرقية,وادي الرمل الشمالية,TN235151,وادي الرمل الشمالية,Oued Remel Nord,TN2351,Kef Ouest,Le Kef,36.19559193,8.65539432,66.440833,1265,1.0000,scoped,constituency
الكاف,الكاف الغربية - الكاف الشرقية,وادي السواني,TN235255,وادي السواني,Oued Souani,TN2352,Kef Est,Le Kef,36.21211604,8.98542060,95.001085,1706,1.0000,scoped,constituency
الكاف,الكاف الغربية - الكاف الشرقية,وادي السواني الجنوبية,TN235256,وادي السواني الجنوبي,Oued Souani Sud,TN2352,Kef Est,Le Kef,36.17293492,8.92097625,107.310970,995,0.9730,scoped,constituency
الكاف,نبر - الطويرف - ساقية سيدي يوسف - تاجروين - قلعة سنان,الأذياب,TN235356,الأذياب,Ledhieb,TN2353,Nebeur,Le Kef,36.37052050,8.71452082,43.596172,622,1.0000,scoped,constituency
الكاف,نبر - الطويرف - ساقية سيدي يوسف - تاجروين - قلعة سنان,الحميمة,TN235658,الحميمة,El Hamaima,TN2356,Kalaat Senan,Le Kef,35.91999110,8.35180622,68.230202,511,1.0000,scoped,constituency
الكاف,نبر - الطويرف - ساقية سيدي يوسف - تاجروين - قلعة سنان,الحوض,TN235559,الحوض,El Houdh,TN2355,Tajerouine,Le Kef,35.92128636,8.67427611,87.202185,1202,1.0000,scoped,constituency
الكاف,نبر - الطويرف - ساقية سيدي يوسف - تاجروين - قلعة سنان,السفاية,TN235452,السفاية,Es-Sefeia,TN2354,Sakiet Sidi Youssef,Le Kef,36.25282897,8.39387811,43.066163,473,1.0000,scoped,constituency
الكاف,نبر - الطويرف - ساقية سيدي يوسف - تاجروين - قلعة سنان,الشتاتلة,TN235362,الشتاتلة,Chetatla,TN2353,Nebeur,Le Kef,36.36916855,8.94567819,34.658379,793,1.0000,scoped,constituency
الكاف,نبر - الطويرف - ساقية سيدي يوسف - تاجروين - قلعة سنان,الصفصاف,TN235653,الصفصاف,Safsaf,TN2356,Kalaat Senan,Le Kef,35.67404724,8.39194233,69.233099,305,1.0000,scoped,constituency
الكاف,نبر - الطويرف - ساقية سيدي يوسف - تاجروين - قلعة سنان,الطابية,TN235458,الطابية,Et-Tabia,TN2354,Sakiet Sidi Youssef,Le Kef,36.02177054,8.38658257,108.301483,765,1.0000,scoped,constituency
الكاف,نبر - الطويرف - ساقية سيدي يوسف - تاجروين - قلعة سنان,الطويرف,TN235357,الطويرف,Touiref,TN2353,Nebeur,Le Kef,36.31304577,8.56826114,73.333425,2976,1.0000,scoped,constituency
الكاف,نبر - الطويرف - ساقية سيدي يوسف - تاجروين - قلعة سنان,الفالتة,TN235655,الفالتة,El Falta,TN2356,Kalaat Senan,Le Kef,35.91703935,8.28509791,51.899844,843,1.0000,scoped,constituency
الكاف,نبر - الطويرف - ساقية سيدي يوسف - تاجروين - قلعة سنان,القصر,TN235361,القصر,El Ksar,TN2353,Nebeur,Le Kef,36.37267171,8.84093792,39.405039,2080,1.0000,scoped,constituency
الكاف,نبر - الطويرف - ساقية سيدي يوسف - تاجروين - قلعة سنان,المحجوبة,TN235659,المحجوبة,El Mahjouba,TN2356,Kalaat Senan,Le Kef,35.78330052,8.51879363,48.003726,948,1.0000,scoped,constituency
الكاف,نبر - الطويرف - ساقية سيدي يوسف - تاجروين - قلعة سنان,النجاة,TN235556,النجاة,Ennajet,TN2355,Tajerouine,Le Kef,36.06273867,8.66889102,37.028228,430,1.0000,scoped,constituency
الكاف,نبر - الطويرف - ساقية سيدي يوسف - تاجروين - قلعة سنان,برج الديوانة,TN235561,برج الديوانة,Borj Eddiouana,TN2355,Tajerouine,Le Kef,35.92211726,8.41675080,70.173930,278,1.0000,scoped,constituency
الكاف,نبر - الطويرف - ساقية سيدي يوسف - تاجروين - قلعة سنان,بهرة,TN235359,بهرة,Bahra,TN2353,Nebeur,Le Kef,36.27787098,8.84897693,85.122187,2880,1.0000,scoped,constituency
الكاف,نبر - الطويرف - ساقية سيدي يوسف - تاجروين - قلعة سنان,بوجابر,TN235652,بوجابر,Bou Jabeur,TN2356,Kalaat Senan,Le Kef,35.74013703,8.29352326,45.047917,763,1.0000,scoped,constituency
الكاف,نبر - الطويرف - ساقية سيدي يوسف - تاجروين - قلعة سنان,تاجروين الجنوبية,TN235552,تاجروين الجنوبية,Tajerouine Sud,TN2355,Tajerouine,Le Kef,35.87140475,8.57291138,22.496763,6006,1.0000,scoped,constituency
الكاف,نبر - الطويرف - ساقية سيدي يوسف - تاجروين - قلعة سنان,تاجروين الشمالية,TN235551,تاجروين الشمالية,Tajerouine Nord,TN2355,Tajerouine,Le Kef,35.91954059,8.57917902,27.611737,796,1.0000,scoped,constituency
الكاف,نبر - الطويرف - ساقية سيدي يوسف - تاجروين - قلعة سنان,تل الغزلان,TN235353,تل الغزلان,Tel El Ghozlane,TN2353,Nebeur,Le Kef,36.39547761,8.89554901,53.496169,1746,1.0000,scoped,constituency
الكاف,نبر - الطويرف - ساقية سيدي يوسف - تاجروين - قلعة سنان,جرادو,TN235454,جرادو,Djeradou,TN2354,Sakiet Sidi Youssef,Le Kef,36.25498527,8.51293266,137.163829,1685,1.0000,scoped,constituency
الكاف,نبر - الطويرف - ساقية سيدي يوسف - تاجروين - قلعة سنان,جزة,TN235558,جزة,Jezza,TN2355,Tajerouine,Le Kef,35.97359949,8.63823396,77.614896,1324,1.0000,scoped,constituency
الكاف,نبر - الطويرف - ساقية سيدي يوسف - تاجروين - قلعة سنان,حي بورقيبة,TN235554,حي بورقيبة,Cite Bourguiba,TN2355,Tajerouine,Le Kef,35.93980503,8.48504530,74.836686,4478,1.0000,scoped,constituency
الكاف,نبر - الطويرف - ساقية سيدي يوسف - تاجروين - قلعة سنان,ساقية سيدي يوسف,TN235451,ساقية سيدي يوسف,Sakiet Sidi Youssef,TN2354,Sakiet Sidi Youssef,Le Kef,36.22158130,8.36748757,12.033456,6502,1.0000,scoped,constituency
الكاف,نبر - الطويرف - ساقية سيدي يوسف - تاجروين - قلعة سنان,سد الخير,TN235656,سد الخير,Sed El Khir,TN2356,Kalaat Senan,Le Kef,35.83046834,8.34356559,104.327107,659,1.0000,scoped,constituency
الكاف,نبر - الطويرف - ساقية سيدي يوسف - تاجروين - قلعة سنان,سركونة,TN235352,سركونة,Sarkaouna,TN2353,Nebeur,Le Kef,36.25825927,8.67870627,93.809142,311,1.0000,scoped,constituency
الكاف,نبر - الطويرف - ساقية سيدي يوسف - تاجروين - قلعة سنان,سيدي خيار,TN235354,سيدي خيار,Sidi Khiar,TN2353,Nebeur,Le Kef,36.35552527,8.78126349,68.085180,1905,1.0000,scoped,constituency
الكاف,نبر - الطويرف - ساقية سيدي يوسف - تاجروين - قلعة سنان,سيدي رابح,TN235457,سيدي رابح,Sidi Rabeh,TN2354,Sakiet Sidi Youssef,Le Kef,36.06104124,8.35979443,74.727227,1541,1.0000,scoped,constituency
الكاف,نبر - الطويرف - ساقية سيدي يوسف - تاجروين - قلعة سنان,سيدي عبد الباسط,TN235557,سيدي عبد الباسط,Sidi Abdelbasset,TN2355,Tajerouine,Le Kef,36.04780915,8.53408877,92.303594,1335,1.0000,scoped,constituency
الكاف,نبر - الطويرف - ساقية سيدي يوسف - تاجروين - قلعة سنان,سيدي مدين,TN235360,سيدي مدنين,Sidi Medien,TN2353,Nebeur,Le Kef,36.29932540,8.93191819,47.205821,1070,0.9412,scoped,constituency
الكاف,نبر - الطويرف - ساقية سيدي يوسف - تاجروين - قلعة سنان,سيدي مطير,TN235555,سيد مطير,Sidi M'Tir,TN2355,Tajerouine,Le Kef,36.04983449,8.62082378,64.161855,1646,0.9333,scoped,constituency
الكاف,نبر - الطويرف - ساقية سيدي يوسف - تاجروين - قلعة سنان,عين الآبار,TN235553,عين الأبار,Ain El Abar,TN2355,Tajerouine,Le Kef,35.85510631,8.43183119,75.470445,3219,1.0000,scoped,constituency
الكاف,نبر - الطويرف - ساقية سيدي يوسف - تاجروين - قلعة سنان,عين الكرمة,TN235456,عين الكرمة,Ain El Karma,TN2354,Sakiet Sidi Youssef,Le Kef,36.15522932,8.36330443,105.920013,1507,1.0000,scoped,constituency
الكاف,نبر - الطويرف - ساقية سيدي يوسف - تاجروين - قلعة سنان,عين سنان,TN235657,عين سنان,Ain Snan,TN2356,Kalaat Senan,Le Kef,35.75920963,8.40079654,48.270286,813,1.0000,scoped,constituency
الكاف,نبر - الطويرف - ساقية سيدي يوسف - تاجروين - قلعة سنان,عين مازر,TN235453,عين مازر,Ain Mazer,TN2354,Sakiet Sidi Youssef,Le Kef,36.33287204,8.45215472,89.420907,1270,1.0000,scoped,constituency
الكاف,نبر - الطويرف - ساقية سيدي يوسف - تاجروين - قلعة سنان,فرشان,TN235455,فرشان,Forchane,TN2354,Sakiet Sidi Youssef,Le Kef,36.18418912,8.47539909,160.093718,1193,1.0000,scoped,constituency
الكاف,نبر - الطويرف - ساقية سيدي يوسف - تاجروين - قلعة سنان,قرن حلفاية,TN235562,قرن حلفاية,Garn Halfaia,TN2355,Tajerouine,Le Kef,35.99436410,8.47261703,90.904711,314,1.0000,scoped,constituency
الكاف,نبر - الطويرف - ساقية سيدي يوسف - تاجروين - قلعة سنان,قلعة سنان,TN235651,قلعة سنان,Kalaat Snan,TN2356,Kalaat Senan,Le Kef,35.76962800,8.34701500,30.458865,7360,1.0000,scoped,constituency
الكاف,نبر - الطويرف - ساقية سيدي يوسف - تاجروين - قلعة سنان,مزيتة,TN235654,مزيتة,Mzita,TN2356,Kalaat Senan,Le Kef,35.79979854,8.44627391,50.029105,361,1.0000,scoped,constituency
الكاف,نبر - الطويرف - ساقية سيدي يوسف - تاجروين - قلعة سنان,ملاق,TN235358,ملاق,Mellegue,TN2353,Nebeur,Le Kef,36.32792917,8.73855430,19.016597,1121,1.0000,scoped,constituency
الكاف,نبر - الطويرف - ساقية سيدي يوسف - تاجروين - قلعة سنان,ملالة,TN235355,ملالة,Mellala,TN2353,Nebeur,Le Kef,36.35215963,8.64829335,70.228127,990,1.0000,scoped,constituency
الكاف,نبر - الطويرف - ساقية سيدي يوسف - تاجروين - قلعة سنان,منزل سالم,TN235560,منزل سالم,Menzel Salem,TN2355,Tajerouine,Le Kef,35.85136600,8.47521891,2.476042,1442,1.0000,scoped,constituency
الكاف,نبر - الطويرف - ساقية سيدي يوسف - تاجروين - قلعة سنان,نبر,TN235351,نبر,Nebeur,TN2353,Nebeur,Le Kef,36.27782952,8.75871692,49.915350,4064,1.0000,scoped,constituency
الكاف,نبر - الطويرف - ساقية سيدي يوسف - تاجروين - قلعة سنان,ولجة السدرة,TN235363,ولجة السدرة,Oueljet Essedra,TN2353,Nebeur,Le Kef,36.36472363,8.56377200,41.544102,738,1.0000,scoped,constituency
المنستير,الساحلين - الوردانين - بنبلة,الساحلين الشرقية,TN325351,الساحلين الشرقية,Sahline Est,TN3253,Sahline,Monastir,35.73567099,10.74891647,14.686476,6171,1.0000,scoped,constituency
المنستير,الساحلين - الوردانين - بنبلة,الساحلين الغربية,TN325352,الساحلين الغربية,Sahline Ouest,TN3253,Sahline,Monastir,35.74883261,10.70744412,7.866675,6323,1.0000,scoped,constituency
المنستير,الساحلين - الوردانين - بنبلة,المصدور,TN325755,المصدور,El Masdour,TN3257,Bembla,Monastir,35.67070437,10.73027300,11.175947,2539,1.0000,scoped,constituency
المنستير,الساحلين - الوردانين - بنبلة,المنارة,TN325753,المنارة,El Manara,TN3257,Bembla,Monastir,35.68853130,10.76369513,4.842550,1833,1.0000,scoped,constituency
المنستير,الساحلين - الوردانين - بنبلة,الوردانين الجنوبية,TN325252,الوردانين الجنوبية,Ouerdaninie Sud,TN3252,Ouerdanine,Monastir,35.69382292,10.65665106,17.787911,10385,1.0000,scoped,constituency
المنستير,الساحلين - الوردانين - بنبلة,الوردانين الشمالية,TN325251,الوردانين الشمالية,Ouerdanine Nord,TN3252,Ouerdanine,Monastir,35.72367650,10.65203745,15.774947,5282,1.0000,scoped,constituency
المنستير,الساحلين - الوردانين - بنبلة,بنبلة,TN325751,بنبلة,Bembla,TN3257,Bembla,Monastir,35.70268410,10.77610123,5.572740,6851,1.0000,scoped,constituency
المنستير,الساحلين - الوردانين - بنبلة,بنبلة الغربية,TN325752,بنبلة الغربية,Bembla Ouest,TN3257,Bembla,Monastir,35.67998300,10.79035015,10.876866,3256,1.0000,scoped,constituency
المنستير,الساحلين - الوردانين - بنبلة,سيدي بوعثمان,TN325254,سيدي بوعثمان,Sidi Bou Othman,TN3252,Ouerdanine,Monastir,35.67710635,10.69774163,6.249336,546,1.0000,scoped,constituency
المنستير,الساحلين - الوردانين - بنبلة,سيدي عامر,TN325353,سيدي عامر,Sidi Ameur,TN3253,Sahline,Monastir,35.73319057,10.69834206,5.662910,5177,1.0000,scoped,constituency
المنستير,الساحلين - الوردانين - بنبلة,مسجد عيسى,TN325355,مسجد عيسى,Masjed Aissa,TN3253,Sahline,Monastir,35.71845289,10.71737593,7.601636,1451,1.0000,scoped,constituency
المنستير,الساحلين - الوردانين - بنبلة,معتمر,TN325354,معتمر,Mootmar,TN3253,Sahline,Monastir,35.74066590,10.68027509,6.466285,3254,1.0000,scoped,constituency
المنستير,الساحلين - الوردانين - بنبلة,منزل النور,TN325754,منزل النور,Menzel En-Nour,TN3257,Bembla,Monastir,35.66496537,10.77476120,8.969213,9174,1.0000,scoped,constituency
المنستير,الساحلين - الوردانين - بنبلة,منزل حرب,TN325756,منزل حرب,Menzel Harb,TN3257,Bembla,Monastir,35.70207385,10.74310467,7.482357,1122,1.0000,scoped,constituency
المنستير,الساحلين - الوردانين - بنبلة,منزل خير,TN325253,منزل خير,Menzel Khair,TN3252,Ouerdanine,Monastir,35.69072930,10.70591755,5.277660,876,1.0000,scoped,constituency
المنستير,الساحلين - الوردانين - بنبلة,وادي الجبس,TN325255,وادي الجبس,Oued El Jebs,TN3252,Ouerdanine,Monastir,35.67979046,10.67507902,6.226832,405,1.0000,scoped,constituency
المنستير,المكنين,الشراحيل,TN325859,الشراحيل,Cherahil,TN3258,Moknine,Monastir,35.51185305,10.85661445,15.493744,3694,1.0000,scoped,constituency
المنستير,المكنين,المكنين الجوفية,TN325853,المكنين الجوفية,Moknine Nord,TN3258,Moknine,Monastir,35.63395823,10.90048315,0.311167,4295,1.0000,scoped,constituency
المنستير,المكنين,المكنين الشرقية,TN325851,المكنين الشرقية,Moknine Est,TN3258,Moknine,Monastir,35.62575291,10.92062258,6.078068,15508,1.0000,scoped,constituency
المنستير,المكنين,المكنين الغربية,TN325855,المكنين الغربية,Moknine Ouest,TN3258,Moknine,Monastir,35.63296629,10.88785929,1.386985,6485,1.0000,scoped,constituency
المنستير,المكنين,المكنين القبلية,TN325852,المكنين القبلية,Moknine Sud,TN3258,Moknine,Monastir,35.58408516,10.90498594,26.433620,1317,1.0000,scoped,constituency
المنستير,المكنين,خير الدين,TN325856,خير الدين,Kheredine,TN3258,Moknine,Monastir,35.60089278,10.86366221,18.331878,7052,1.0000,scoped,constituency
المنستير,المكنين,راس الوادي,TN325854,رأس الوادي,Ras El Ouad,TN3258,Moknine,Monastir,35.64103720,10.91379872,4.070713,10200,1.0000,scoped,constituency
المنستير,المكنين,سيدي بنور,TN325857,سيدي بنور,Sidi Bennour,TN3258,Moknine,Monastir,35.52816710,10.90038849,19.424700,3789,1.0000,scoped,constituency
المنستير,المكنين,عميرة التوازرة,TN325862,عميرة التوازرة,Amiret Touazra,TN3258,Moknine,Monastir,35.46901579,10.75105435,19.221244,2523,1.0000,scoped,constituency
المنستير,المكنين,عميرة التوازرة الجنوبية,TN325863,عميرة التوزارةالجنوبية,Amiret Touazra Sud,TN3258,Moknine,Monastir,35.47248078,10.76976105,4.191656,2072,0.9524,scoped,constituency
المنستير,المكنين,عميرة الحجاج,TN325861,عميرة الحجاج,Amiret El Hojjaj,TN3258,Moknine,Monastir,35.50445138,10.80937512,26.300571,5919,1.0000,scoped,constituency
المنستير,المكنين,عميرة الفحول,TN325860,عميرة الفحول,Amiret El Fehoul,TN3258,Moknine,Monastir,35.46572360,10.81291512,29.940428,3934,1.0000,scoped,constituency
المنستير,المكنين,منزل فارسي,TN325858,منزل فارسي,Menzel Farsi,TN3258,Moknine,Monastir,35.56050941,10.86552940,26.095559,2919,1.0000,scoped,constituency
المنستير,المنستير 1,الربط,TN325154,الربط,Er-Rbat,TN3251,Monastir,Monastir,35.77739127,10.82411658,1.174024,7138,1.0000,scoped,constituency
المنستير,المنستير 1,المدينة,TN325151,المدينة,El Medina,TN3251,Monastir,Monastir,35.76940437,10.83264592,0.675671,7686,1.0000,scoped,constituency
المنستير,المنستير 1,المدينة 2,TN325152,المدينة 2,El Medina 2,TN3251,Monastir,Monastir,35.75962760,10.83352858,1.883437,8566,1.0000,scoped,constituency
المنستير,المنستير 1,باب الغربي,TN325153,باب الغربي,Bab El Gharbi,TN3251,Monastir,Monastir,35.77037509,10.81946942,1.467736,16971,1.0000,scoped,constituency
المنستير,المنستير 2,الحلية,TN325155,الحلية,El Helia,TN3251,Monastir,Monastir,35.74407305,10.81882975,4.470619,7342,1.0000,scoped,constituency
المنستير,المنستير 2,الحلية 2,TN325156,الحلية 2,El Halia 2,TN3251,Monastir,Monastir,35.74767545,10.79316003,8.547689,9743,1.0000,scoped,constituency
المنستير,المنستير 2,خنيس,TN325158,خنيس الجنوبية,Khenis Sud,TN3251,Monastir,Monastir,35.70328937,10.81787564,2.840957,8156,0.9000,scoped,constituency
المنستير,المنستير 2,خنيس الشمالية,TN325159,خنيس الشمالية,Khenis Nord,TN3251,Monastir,Monastir,35.72364750,10.78614864,14.807209,1931,1.0000,scoped,constituency
المنستير,المنستير 2,صقانس,TN325157,صقانص,Skanes,TN3251,Monastir,Monastir,35.76590508,10.77701691,24.736329,16870,0.8000,near,constituency
المنستير,جمال,الطيايرة,TN325659,الطيايرة,Et-Teyaira,TN3256,Jammel,Monastir,35.56845866,10.77584128,16.666011,1166,1.0000,scoped,constituency
المنستير,جمال,الهدادرة,TN325658,الهدادرة,El Hdadra,TN3256,Jammel,Monastir,35.60223404,10.63025652,42.225525,822,1.0000,scoped,constituency
المنستير,جمال,بئر الطيب,TN325656,بئر الطيب,Bir Taieb,TN3256,Jammel,Monastir,35.65767316,10.67737187,12.235078,1103,1.0000,scoped,constituency
المنستير,جمال,جمال الجوفية,TN325652,جمال الجوفية,Jamel Nord,TN3256,Jammel,Monastir,35.63251854,10.72373895,9.867298,1756,1.0000,scoped,constituency
المنستير,جمال,جمال الشرقية,TN325653,جمال الشرقية,Jamel Est,TN3256,Jammel,Monastir,35.61663888,10.79627827,19.787594,14018,1.0000,scoped,constituency
المنستير,جمال,جمال الغربية,TN325654,جمال الغربية,Jamel Ouest,TN3256,Jammel,Monastir,35.60416719,10.74296291,11.649258,11555,1.0000,scoped,constituency
المنستير,جمال,جمال القبلية,TN325651,جمال القبلية,Jamel Sud,TN3256,Jammel,Monastir,35.60770317,10.76863115,6.044061,10475,1.0000,scoped,constituency
المنستير,جمال,زاوية قنطش,TN325655,زاوية قنطش,Zaouiet Kontoch,TN3256,Jammel,Monastir,35.64674073,10.76186869,12.185480,4841,1.0000,scoped,constituency
المنستير,جمال,منزل كامل,TN325657,منزل كامل,Menzel Kamel,TN3256,Jammel,Monastir,35.63592050,10.66178550,25.903968,6731,1.0000,scoped,constituency
المنستير,زرمدين - بني حسان,الجنائحة,TN325554,الجنائحة,El Jnaiha,TN3255,Beni Hassen,Monastir,35.52610476,10.77249260,16.689602,589,1.0000,scoped,constituency
المنستير,زرمدين - بني حسان,الغنادة,TN325555,الغنادة,Ghnada,TN3255,Beni Hassen,Monastir,35.49764813,10.67938804,24.409945,2200,1.0000,scoped,constituency
المنستير,زرمدين - بني حسان,المزاوغة,TN325451,المزاوغة,Mezaougha,TN3254,Zeramdine,Monastir,35.59527372,10.56332970,61.378506,1964,1.0000,scoped,constituency
المنستير,زرمدين - بني حسان,المليشات,TN325453,المليشات,Melichet,TN3254,Zeramdine,Monastir,35.52387650,10.55019122,66.430043,3622,1.0000,scoped,constituency
المنستير,زرمدين - بني حسان,بني حسان الجوفية,TN325552,بني حسان الجوفية,Beni Hassen Nord,TN3255,Beni Hassen,Monastir,35.57593240,10.80721503,7.359741,2476,1.0000,scoped,constituency
المنستير,زرمدين - بني حسان,بني حسان القبلية,TN325551,بني حسان القبلية,Beni Hassen Sud,TN3255,Beni Hassen,Monastir,35.55364834,10.82409536,22.619301,4838,1.0000,scoped,constituency
المنستير,زرمدين - بني حسان,حاتم,TN325553,حاتم,Hatem,TN3255,Beni Hassen,Monastir,35.51858727,10.74128819,15.234291,1263,1.0000,scoped,constituency
المنستير,زرمدين - بني حسان,زرمدين الجنوبية,TN325455,زرميدين الجنوبية,Zeramdine Sud,TN3254,Zeramdine,Monastir,35.54521406,10.69844303,47.538611,8292,0.9655,scoped,constituency
المنستير,زرمدين - بني حسان,زرمدين الشمالية,TN325454,زرمدين الشمالية,Zeramdine Nord,TN3254,Zeramdine,Monastir,35.58074525,10.70002199,46.310109,6716,1.0000,scoped,constituency
المنستير,زرمدين - بني حسان,منزل الحياة,TN325452,منزل الحياة,Menzel Hayet,TN3254,Zeramdine,Monastir,35.52579904,10.62739001,27.086360,3831,1.0000,scoped,constituency
المنستير,طبلبة - البقالطة - صيادة - لمطة - بوحجر,البغدادي,TN325953,البغدادي,El Baghdadi,TN3259,Bekalta,Monastir,35.57149594,11.00997254,10.791362,512,1.0000,scoped,constituency
المنستير,طبلبة - البقالطة - صيادة - لمطة - بوحجر,البقالطة الجنوبية,TN325952,البقالطة الجنوبية,Beklta Sud,TN3259,Bekalta,Monastir,35.59735077,10.99701965,12.183902,5837,1.0000,scoped,constituency
المنستير,طبلبة - البقالطة - صيادة - لمطة - بوحجر,البقالطة الشرقية,TN325954,البقالطة الشرقية,Beklta Est,TN3259,Bekalta,Monastir,35.61038767,11.02881364,10.957446,1892,1.0000,scoped,constituency
المنستير,طبلبة - البقالطة - صيادة - لمطة - بوحجر,البقالطة الشمالية,TN325951,البقالطة الشمالية,Bekalta Nord,TN3259,Bekalta,Monastir,35.62743682,11.00427716,10.057685,6097,1.0000,scoped,constituency
المنستير,طبلبة - البقالطة - صيادة - لمطة - بوحجر,السكرين,TN326054,السكرين,Sokrine,TN3260,Teboulba,Monastir,35.65292743,10.96484204,4.075197,9001,1.0000,scoped,constituency
المنستير,طبلبة - البقالطة - صيادة - لمطة - بوحجر,العيايشة,TN326053,العيايشة,El Aiaicha,TN3260,Teboulba,Monastir,35.62891737,10.95556324,7.045558,5263,1.0000,scoped,constituency
المنستير,طبلبة - البقالطة - صيادة - لمطة - بوحجر,الفضلين,TN326052,الفضلين,El Fadhline,TN3260,Teboulba,Monastir,35.63890846,10.98628914,1.721150,2720,1.0000,scoped,constituency
المنستير,طبلبة - البقالطة - صيادة - لمطة - بوحجر,بوحجر,TN326354,بوحجر,Bou-Hjar,TN3263,Sayada-Lamta-Bou Hjar,Monastir,35.66929081,10.86246112,4.327148,4929,1.0000,scoped,constituency
المنستير,طبلبة - البقالطة - صيادة - لمطة - بوحجر,بودريس,TN326055,بودريس,Bou-Driss,TN3260,Teboulba,Monastir,35.64481447,10.94743444,5.657041,4315,1.0000,scoped,constituency
المنستير,طبلبة - البقالطة - صيادة - لمطة - بوحجر,حومة السوق,TN326051,حومة السوق,Houmet Essouk,TN3260,Teboulba,Monastir,35.64336303,10.97394997,0.971336,9225,1.0000,scoped,constituency
المنستير,طبلبة - البقالطة - صيادة - لمطة - بوحجر,صيادة الشرقية,TN326351,صيادة الشرقية,Sayada Est,TN3263,Sayada-Lamta-Bou Hjar,Monastir,35.66640917,10.90845388,2.686321,9455,1.0000,scoped,constituency
المنستير,طبلبة - البقالطة - صيادة - لمطة - بوحجر,صيادة الغربية,TN326352,صيادة الغربية,Sayada Ouest,TN3263,Sayada-Lamta-Bou Hjar,Monastir,35.66058638,10.90542726,3.958542,4560,1.0000,scoped,constituency
المنستير,طبلبة - البقالطة - صيادة - لمطة - بوحجر,لمطة,TN326353,لمطة,Lamta,TN3263,Sayada-Lamta-Bou Hjar,Monastir,35.66960647,10.87900272,1.809855,5087,1.0000,scoped,constituency
المنستير,قصر هلال - قصيبة المديوني,بنان الجوفية,TN326254,بنان الجوفية,Benen Nord,TN3262,Ksibet El Mediouni,Monastir,35.67550362,10.82086437,4.161818,4828,1.0000,scoped,constituency
المنستير,قصر هلال - قصيبة المديوني,بنان القبلية,TN326253,بنان القبلية,Benen Sud,TN3262,Ksibet El Mediouni,Monastir,35.66712516,10.84496223,4.490034,5565,1.0000,scoped,constituency
المنستير,قصر هلال - قصيبة المديوني,بوزويتة,TN326153,بوزويتة,Bouzouita,TN3261,Ksar Hellal,Monastir,35.62090649,10.85868916,6.497091,4165,1.0000,scoped,constituency
المنستير,قصر هلال - قصيبة المديوني,بوضر,TN326255,بوضر,Bodher,TN3262,Ksibet El Mediouni,Monastir,35.65800917,10.81810843,9.840451,1221,1.0000,scoped,constituency
المنستير,قصر هلال - قصيبة المديوني,حي الرياض,TN326154,حي الرياض,Cite Erriadh,TN3261,Ksar Hellal,Monastir,35.65315280,10.85882066,4.027629,9509,1.0000,scoped,constituency
المنستير,قصر هلال - قصيبة المديوني,صوة,TN326152,صوة,Soua,TN3261,Ksar Hellal,Monastir,35.64140317,10.86445354,6.602317,19191,1.0000,scoped,constituency
المنستير,قصر هلال - قصيبة المديوني,طوزة,TN326252,طوزة,Touza,TN3262,Ksibet El Mediouni,Monastir,35.61714616,10.83150836,12.892120,6169,1.0000,scoped,constituency
المنستير,قصر هلال - قصيبة المديوني,عياد,TN326151,عياد,Ayed,TN3261,Ksar Hellal,Monastir,35.65160000,10.90618842,4.887521,8777,1.0000,scoped,constituency
المنستير,قصر هلال - قصيبة المديوني,قصيبة المديوني,TN326251,قصيبةالمديوني,Ksibet El Mediouni,TN3262,Ksibet El Mediouni,Monastir,35.68513609,10.83719168,5.739406,11496,1.0000,scoped,constituency
المهدية,أولاد شامخ - هبيرة - شربان,أولاد الحناشي,TN335460,أولاد الحناشي,Ouled El Hannachi,TN3354,Chorbane,Mahdia,35.29709575,10.45531280,28.494231,2079,1.0000,scoped,constituency
المهدية,أولاد شامخ - هبيرة - شربان,أولاد الشامخ الجنوبية,TN335351,أولاد الشامخ الجنوبية,Ouled Chamekh Sud,TN3353,Ouled Chamekh,Mahdia,35.49931797,10.32179722,61.392608,5330,1.0000,scoped,constituency
المهدية,أولاد شامخ - هبيرة - شربان,أولاد الشامخ الشمالية,TN335352,أولاد الشامخ الشمالية,Ouled Chamekh Nord,TN3353,Ouled Chamekh,Mahdia,35.53363694,10.25519673,56.912819,2727,1.0000,scoped,constituency
المهدية,أولاد شامخ - هبيرة - شربان,أولاد عمر,TN335353,أولاد عمر,Ouled Amor,TN3353,Ouled Chamekh,Mahdia,35.47661025,10.41127744,42.049789,2382,1.0000,scoped,constituency
المهدية,أولاد شامخ - هبيرة - شربان,الرقايقة,TN335553,الرقايقة,Regaigua,TN3355,Hbira,Mahdia,35.22555441,10.29188408,29.267705,893,1.0000,scoped,constituency
المهدية,أولاد شامخ - هبيرة - شربان,السمرة,TN335356,السمرة,Es-Somra,TN3353,Ouled Chamekh,Mahdia,35.44041893,10.27930375,36.298923,1220,1.0000,scoped,constituency
المهدية,أولاد شامخ - هبيرة - شربان,الشحدة الشرقية,TN335454,الشحدة الشرقية,Ech-Chahda Est,TN3354,Chorbane,Mahdia,35.30784326,10.34563668,38.799921,355,1.0000,scoped,constituency
المهدية,أولاد شامخ - هبيرة - شربان,الشحدة الغربية,TN335554,الشحدة الغربية,Ech-Chahda Ouest,TN3355,Hbira,Mahdia,35.26627855,10.22886491,65.788666,2119,1.0000,scoped,constituency
المهدية,أولاد شامخ - هبيرة - شربان,الشحدة القبلية,TN335453,الشحدة القبلية,Ech-Chahda Sud,TN3354,Chorbane,Mahdia,35.25695416,10.31965762,54.042870,1042,1.0000,scoped,constituency
المهدية,أولاد شامخ - هبيرة - شربان,الشحيمات الشمالية,TN335354,الشحيمات الشمالية,Chehimet Nord,TN3353,Ouled Chamekh,Mahdia,35.43069170,10.39037079,27.131543,2175,1.0000,scoped,constituency
المهدية,أولاد شامخ - هبيرة - شربان,الشرف,TN335457,الشرف,Ech-Charaf,TN3354,Chorbane,Mahdia,35.17946237,10.39609905,46.923965,1202,1.0000,scoped,constituency
المهدية,أولاد شامخ - هبيرة - شربان,العجيلات,TN335355,العجيلات,El Ajilet,TN3353,Ouled Chamekh,Mahdia,35.42948868,10.35271409,52.992223,4116,1.0000,scoped,constituency
المهدية,أولاد شامخ - هبيرة - شربان,القرادحة الشرقية,TN335459,القرادحةالشرقية,El Gradha Est,TN3354,Chorbane,Mahdia,35.22249494,10.50990295,34.830113,2067,1.0000,scoped,constituency
المهدية,أولاد شامخ - هبيرة - شربان,القرادحة الغربية,TN335458,القرادحة الغربية,El Gradha Ouest,TN3354,Chorbane,Mahdia,35.21988257,10.46151605,26.665246,1069,1.0000,scoped,constituency
المهدية,أولاد شامخ - هبيرة - شربان,القواسم الشرقية,TN335456,القواسم الشرقية,El Gouacem Est,TN3354,Chorbane,Mahdia,35.17488263,10.52600149,78.802706,3618,1.0000,scoped,constituency
المهدية,أولاد شامخ - هبيرة - شربان,القواسم الغربية,TN335455,القواسم الغربية,El Gouacem Ouest,TN3354,Chorbane,Mahdia,35.13852838,10.41803349,51.199687,3099,1.0000,scoped,constituency
المهدية,أولاد شامخ - هبيرة - شربان,المحارزة الجنوبية,TN335555,المحارزة الجنوبية,El Maherza Sud,TN3355,Hbira,Mahdia,35.34761791,10.25654713,131.084031,2048,1.0000,scoped,constituency
المهدية,أولاد شامخ - هبيرة - شربان,المحارزة الشمالية,TN335358,المحارزة الشمالية,Meharza Nord,TN3353,Ouled Chamekh,Mahdia,35.39260018,10.27942115,48.749657,1719,1.0000,scoped,constituency
المهدية,أولاد شامخ - هبيرة - شربان,المعاطي,TN335452,المعاطي,El Maati,TN3354,Chorbane,Mahdia,35.18589275,10.36823478,26.588167,961,1.0000,scoped,constituency
المهدية,أولاد شامخ - هبيرة - شربان,بوسليم,TN335357,بوسليم,Bou Slim,TN3353,Ouled Chamekh,Mahdia,35.45542551,10.23633380,32.227268,1040,1.0000,scoped,constituency
المهدية,أولاد شامخ - هبيرة - شربان,شربان,TN335451,شربان,Chorbane,TN3354,Chorbane,Mahdia,35.26255851,10.40818687,58.139341,6334,1.0000,scoped,constituency
المهدية,أولاد شامخ - هبيرة - شربان,منزل حشاد,TN335552,منزل حشاد,Menzel Hached,TN3355,Hbira,Mahdia,35.16420722,10.30770066,38.020690,1896,1.0000,scoped,constituency
المهدية,أولاد شامخ - هبيرة - شربان,هبيرة,TN335551,هبيرة,Hebira,TN3355,Hbira,Mahdia,35.19680459,10.24924449,51.655084,2709,1.0000,scoped,constituency
المهدية,الجم,التلالسة,TN335759,التلالسة,Talalsa,TN3357,El Jem,Mahdia,35.33161293,10.77880101,12.583457,4326,1.0000,scoped,constituency
المهدية,الجم,الزاوية,TN335751,الزاوية,Es-Zaouia,TN3357,El Jem,Mahdia,35.30182464,10.71575717,12.114253,12131,1.0000,scoped,constituency
المهدية,الجم,الزغابنة,TN335756,الزغابنة,Zeghabna,TN3357,El Jem,Mahdia,35.25425577,10.71334426,46.563932,2201,1.0000,scoped,constituency
المهدية,الجم,الطواهرة,TN335757,الطواهرية,Touahria,TN3357,El Jem,Mahdia,35.32133929,10.79589434,13.471228,2379,0.9412,scoped,constituency
المهدية,الجم,العبابسة,TN335758,العبابسة,El Ababsa,TN3357,El Jem,Mahdia,35.36953548,10.75656522,38.959919,2160,1.0000,scoped,constituency
المهدية,الجم,العشابة,TN335760,العشابة,El Achaba,TN3357,El Jem,Mahdia,35.28222928,10.79846761,46.517348,3420,1.0000,scoped,constituency
المهدية,الجم,العيثة,TN335754,العيثة,El Aitha,TN3357,El Jem,Mahdia,35.27435090,10.65351846,43.965250,1717,1.0000,scoped,constituency
المهدية,الجم,المرابطين,TN335752,المرابطين,El Mourabitine,TN3357,El Jem,Mahdia,35.30167441,10.69127888,8.797486,6103,1.0000,scoped,constituency
المهدية,الجم,المشالات,TN335755,المشالات,El Mechalet,TN3357,El Jem,Mahdia,35.33779936,10.68305453,48.423437,1544,1.0000,scoped,constituency
المهدية,الجم,رياض بوهلال,TN335753,رياض بوهلال,Riadh Bou Helal,TN3357,El Jem,Mahdia,35.26937937,10.60279497,15.037545,3083,1.0000,scoped,constituency
المهدية,الرجيش - قصور الساف - البرادعة,أولاد صالح,TN336157,أولاد صالح,Ouled Salah,TN3361,Ksour Essef,Mahdia,35.43607080,10.90790255,15.524000,2347,1.0000,scoped,constituency
المهدية,الرجيش - قصور الساف - البرادعة,البرادعة الجنوبية,TN336161,البرادعة الجنوبية,El Bradaa Sud,TN3361,Ksour Essef,Mahdia,35.32980289,11.02120710,29.073193,3132,1.0000,scoped,constituency
المهدية,الرجيش - قصور الساف - البرادعة,البرادعة الشمالية,TN336162,البرادعة الشمالية,El Bradaa Nord,TN3361,Ksour Essef,Mahdia,35.35082670,10.96798197,22.071499,3440,1.0000,scoped,constituency
المهدية,الرجيش - قصور الساف - البرادعة,الحسينات,TN336160,الحسينات,El Hessinet,TN3361,Ksour Essef,Mahdia,35.30583824,11.00021890,14.263701,2913,1.0000,scoped,constituency
المهدية,الرجيش - قصور الساف - البرادعة,الرشارشة,TN336159,الرشارشة,Recharcha,TN3361,Ksour Essef,Mahdia,35.28072692,10.96549284,21.963250,3731,1.0000,scoped,constituency
المهدية,الرجيش - قصور الساف - البرادعة,القصر,TN336151,القصر,El Ksar,TN3361,Ksour Essef,Mahdia,35.43475138,10.99326092,7.911055,11735,1.0000,scoped,constituency
المهدية,الرجيش - قصور الساف - البرادعة,القطانين,TN336153,القطاتين,El Ktanine,TN3361,Ksour Essef,Mahdia,35.39255389,10.96124361,21.159553,4335,0.8750,scoped,constituency
المهدية,الرجيش - قصور الساف - البرادعة,رجيش,TN335154,رجيش,Rejiche,TN3351,Mahdia,Mahdia,35.46219062,11.01346584,8.379234,5371,1.0000,scoped,governorate
المهدية,الرجيش - قصور الساف - البرادعة,رجيش الجنوبية,TN335155,رجيش الجنوبية,Rejiche Sud,TN3351,Mahdia,Mahdia,35.46088306,11.03648021,7.043073,3796,1.0000,scoped,governorate
المهدية,الرجيش - قصور الساف - البرادعة,سلقطة,TN336155,سلقطة,Salakta,TN3361,Ksour Essef,Mahdia,35.40797384,11.02638764,25.873042,3941,1.0000,scoped,constituency
المهدية,الرجيش - قصور الساف - البرادعة,سيدي عساكر الغربية,TN336158,سيدي عساكر الغربية,Sidi Assaker Ouest,TN3361,Ksour Essef,Mahdia,35.42048756,10.88365033,12.641822,1028,1.0000,scoped,constituency
المهدية,الرجيش - قصور الساف - البرادعة,قصور الساف التقدم,TN336154,قصور الساف التقدم,Ksour Essaf Ettakaddoum,TN3361,Ksour Essef,Mahdia,35.43206115,10.95518854,25.443226,1129,1.0000,scoped,constituency
المهدية,الرجيش - قصور الساف - البرادعة,قصور الساف الرياض,TN336152,قصور الساف الرياض,Ksour Essaf Riadh,TN3361,Ksour Essef,Mahdia,35.41656985,11.00410238,2.916288,6206,1.0000,scoped,constituency
المهدية,الشابة - ملولش - سيدي علوان,البساتين,TN336055,البساتين,El Bassatine,TN3360,Sidi Alouane,Mahdia,35.39472838,10.90406400,7.400085,1832,1.0000,scoped,constituency
المهدية,الشابة - ملولش - سيدي علوان,السعادة,TN336062,السعادة,Es-Saada,TN3360,Sidi Alouane,Mahdia,35.36196484,10.82442872,22.797730,4030,1.0000,scoped,constituency
المهدية,الشابة - ملولش - سيدي علوان,السعفات,TN335853,السعفات,Es-Saafet,TN3358,Chebba,Mahdia,35.26760757,11.03711628,27.897713,1445,1.0000,scoped,constituency
المهدية,الشابة - ملولش - سيدي علوان,الشابة الجنوبية,TN335852,الشابة الجنوبية,Chebba Sud,TN3358,Chebba,Mahdia,35.19964250,11.06065996,48.792920,6909,1.0000,scoped,constituency
المهدية,الشابة - ملولش - سيدي علوان,الشابة الشمالية,TN335851,الشابة الشمالية,Chebba Nord,TN3358,Chebba,Mahdia,35.24016086,11.06782428,39.791386,14271,1.0000,scoped,constituency
المهدية,الشابة - ملولش - سيدي علوان,العيثة,TN335952,العيثة,El Aitha,TN3359,Melloulech,Mahdia,35.18549088,11.01142936,21.535012,2852,1.0000,scoped,constituency
المهدية,الشابة - ملولش - سيدي علوان,الغضابنة,TN336156,الغضابنة,Ghedabna,TN3361,Ksour Essef,Mahdia,35.30165183,11.03863571,21.643468,3769,1.0000,scoped,governorate
المهدية,الشابة - ملولش - سيدي علوان,المنصورة,TN335953,المنصورة,El Mansoura,TN3359,Melloulech,Mahdia,35.15909718,10.95332953,34.395503,3318,1.0000,scoped,constituency
المهدية,الشابة - ملولش - سيدي علوان,النزهة,TN336060,النزهة,En-Nozha,TN3360,Sidi Alouane,Mahdia,35.17308057,10.86111104,22.670341,1909,1.0000,scoped,constituency
المهدية,الشابة - ملولش - سيدي علوان,بن حسين,TN335954,بن حسين,Ben Hssine,TN3359,Melloulech,Mahdia,35.22785547,10.96397674,41.912218,2854,1.0000,scoped,constituency
المهدية,الشابة - ملولش - سيدي علوان,زالبة الشرقية,TN336058,زالبة الشرقية,Zalba Est,TN3360,Sidi Alouane,Mahdia,35.22804894,10.89202442,56.149186,1755,1.0000,scoped,constituency
المهدية,الشابة - ملولش - سيدي علوان,زالبة الغربية,TN336059,زالبة الغربية,Zalba Ouest,TN3360,Sidi Alouane,Mahdia,35.21687126,10.82960468,37.546995,2049,1.0000,scoped,constituency
المهدية,الشابة - ملولش - سيدي علوان,زردة,TN336053,زردة,Zorda,TN3360,Sidi Alouane,Mahdia,35.29286843,10.91794217,32.718980,1927,1.0000,scoped,constituency
المهدية,الشابة - ملولش - سيدي علوان,ساقية الخادم,TN336054,ساقيةالخادم,Sakiet El Khadem,TN3360,Sidi Alouane,Mahdia,35.37882755,10.88033091,15.233449,3214,1.0000,scoped,constituency
المهدية,الشابة - ملولش - سيدي علوان,سيدي عبد العزيز,TN335955,سيدي عبد العزيز,Sidi Abdellaziz,TN3359,Melloulech,Mahdia,35.11099606,10.97347989,18.331066,591,1.0000,scoped,constituency
المهدية,الشابة - ملولش - سيدي علوان,سيدي علوان الشرقية,TN336052,سيدي علوان الشرقية,Sidi Alouane Est,TN3360,Sidi Alouane,Mahdia,35.36086242,10.95055512,9.030593,4447,1.0000,scoped,constituency
المهدية,الشابة - ملولش - سيدي علوان,سيدي علوان الغربية,TN336051,سيدي علوان الغربية,Sidi Alouane Ouest,TN3360,Sidi Alouane,Mahdia,35.36373187,10.91794303,17.413585,3958,1.0000,scoped,constituency
المهدية,الشابة - ملولش - سيدي علوان,ملولش,TN335951,ملولش,Melloulech,TN3359,Melloulech,Mahdia,35.14243345,11.00751408,44.138070,7960,1.0000,scoped,constituency
المهدية,الشابة - ملولش - سيدي علوان,وادي باجة الجنوبية,TN336057,وادي باجة الجنوبية,Oued Beja Sud,TN3360,Sidi Alouane,Mahdia,35.30151856,10.85685923,34.732002,1787,1.0000,scoped,constituency
المهدية,الشابة - ملولش - سيدي علوان,وادي باجة الشمالية,TN336056,وادي باجة الشمالية,Oued Beja Nord,TN3360,Sidi Alouane,Mahdia,35.35549109,10.86375155,18.019206,3034,1.0000,scoped,constituency
المهدية,الشابة - ملولش - سيدي علوان,وادي قلات,TN336061,وادي قلات,Oued Guellat,TN3360,Sidi Alouane,Mahdia,35.39917922,10.84249557,15.195574,1585,1.0000,scoped,constituency
المهدية,المهدية,الجواودة,TN335158,الجواودة,Jaouaouda,TN3351,Mahdia,Mahdia,35.48384966,10.88563245,15.167883,2572,1.0000,scoped,constituency
المهدية,المهدية,الحكايمة الشرقية,TN335163,الحكايمة الشرقية,El Hekaima Est,TN3351,Mahdia,Mahdia,35.45375035,10.88213709,10.792820,3479,1.0000,scoped,constituency
المهدية,المهدية,الحكايمة الغربية,TN335164,الحكايمة الغربية,Hekaima Ouest,TN3351,Mahdia,Mahdia,35.45249987,10.84926132,11.178587,1476,1.0000,scoped,constituency
المهدية,المهدية,الرمل,TN335162,الرمل,Er-Remal,TN3351,Mahdia,Mahdia,35.50934325,11.04147758,1.003677,4550,1.0000,scoped,constituency
المهدية,المهدية,الزقانة,TN335160,الزقانة,Zegana,TN3351,Mahdia,Mahdia,35.47411846,10.99706565,17.674624,2664,1.0000,scoped,constituency
المهدية,المهدية,الزهراء,TN335159,الزهراء,Ez-Zahra,TN3351,Mahdia,Mahdia,35.50012758,11.01149616,18.215270,13810,1.0000,scoped,constituency
المهدية,المهدية,السعد,TN335157,السعد,Es-Saad,TN3351,Mahdia,Mahdia,35.47663293,10.93689588,25.497950,3253,1.0000,scoped,constituency
المهدية,المهدية,المهدية,TN335151,المهدية,Mahdia,TN3351,Mahdia,Mahdia,35.50440978,11.07104356,0.649138,9906,1.0000,scoped,constituency
المهدية,المهدية,زويلة,TN335152,زويلة,Zouila,TN3351,Mahdia,Mahdia,35.50667013,11.05802650,0.640584,5045,1.0000,scoped,constituency
المهدية,المهدية,زويلة الجنوبية,TN335153,زويلة الجنوبية,Zouila Sud,TN3351,Mahdia,Mahdia,35.49311635,11.05462119,2.319672,1559,1.0000,scoped,constituency
المهدية,المهدية,شيبة,TN335156,شيبة,Chiba,TN3351,Mahdia,Mahdia,35.51736583,10.94227521,19.254087,2022,1.0000,scoped,constituency
المهدية,المهدية,هيبون,TN335161,هيبون,Hiboun,TN3351,Mahdia,Mahdia,35.53143077,10.99701612,28.158143,13058,1.0000,scoped,constituency
المهدية,بومرداس - السواسي,أولاد عمر السيدة,TN335652,السيدة,Es-Saida,TN3356,Souassi,Mahdia,35.36614536,10.57609360,19.107098,1342,0.9000,scoped,constituency
المهدية,بومرداس - السواسي,أولاد مولاهم الشمالية,TN335659,أولاد مولاهم الشمالية,Ouled Moulahem Nord,TN3356,Souassi,Mahdia,35.35487691,10.44754891,27.372157,2932,1.0000,scoped,constituency
المهدية,بومرداس - السواسي,أولاد مولاهم الغربية,TN335660,أولاد مولاهم الغربية,Ouled Moulahem Ouest,TN3356,Souassi,Mahdia,35.34603881,10.40044556,23.170077,2033,1.0000,scoped,constituency
المهدية,بومرداس - السواسي,الحوس,TN335252,الحوس,El Houes,TN3352,Boumerdès,Mahdia,35.44971330,10.74166952,7.241728,2475,1.0000,scoped,constituency
المهدية,بومرداس - السواسي,الرواضي,TN335255,الرواضي,Er-Rouadhi,TN3352,Boumerdès,Mahdia,35.40771777,10.70544016,21.305644,3093,1.0000,scoped,constituency
المهدية,بومرداس - السواسي,الزراطة,TN335254,الزراطة,Zerata,TN3352,Boumerdès,Mahdia,35.43648014,10.68045039,17.779866,1338,1.0000,scoped,constituency
المهدية,بومرداس - السواسي,الزعيرات,TN335658,الزعيرات,Ez-Zairat,TN3356,Souassi,Mahdia,35.30528646,10.42083199,11.889745,1856,1.0000,scoped,constituency
المهدية,بومرداس - السواسي,السواسي,TN335651,السواسي,Essouassi,TN3356,Souassi,Mahdia,35.32961951,10.55079488,36.503141,10634,1.0000,scoped,constituency
المهدية,بومرداس - السواسي,الشحيمات القبلية,TN335661,الشحيمات القبلية,Ech-Chahimet Sud,TN3356,Souassi,Mahdia,35.40926756,10.45427867,63.137440,3885,1.0000,scoped,constituency
المهدية,بومرداس - السواسي,الشريشيرة,TN335656,الشريشيرة,Cherichira,TN3356,Souassi,Mahdia,35.29815356,10.50643970,32.679359,3152,1.0000,scoped,constituency
المهدية,بومرداس - السواسي,الشوارعية,TN335256,الشوارعية,Ech-Chouariaa,TN3352,Boumerdès,Mahdia,35.43228810,10.75787802,19.379531,1961,1.0000,scoped,constituency
المهدية,بومرداس - السواسي,الكساسبة,TN335657,الكساسبة,El Kesasba,TN3356,Souassi,Mahdia,35.38547020,10.61170795,44.688586,4187,1.0000,scoped,constituency
المهدية,بومرداس - السواسي,بومرداس,TN335251,بومرداس,Bou Merdes,TN3352,Boumerdès,Mahdia,35.46100688,10.70910969,18.924597,4562,1.0000,scoped,constituency
المهدية,بومرداس - السواسي,بوهلال العلي الجوفية,TN335258,بوهلال العلي الجوفية,Bouhlale El Ali Nord,TN3352,Boumerdès,Mahdia,35.43425174,10.61503436,38.584289,1972,1.0000,scoped,constituency
المهدية,بومرداس - السواسي,بوهلال العلي القبلية,TN335257,بوهلال العلي القبلية,Bouhlale El Ali Sud,TN3352,Boumerdès,Mahdia,35.38547020,10.67170497,29.898069,3456,1.0000,scoped,constituency
المهدية,بومرداس - السواسي,سيدي الناصر,TN335653,سيدي الناصر,Sidi Naceur,TN3356,Souassi,Mahdia,35.31781286,10.60043393,20.664206,3462,1.0000,scoped,constituency
المهدية,بومرداس - السواسي,سيدي بوهلال,TN335655,بوهلال,Bou Helal,TN3356,Souassi,Mahdia,35.26164567,10.54627831,41.151761,3268,0.9000,scoped,constituency
المهدية,بومرداس - السواسي,سيدي زيد,TN335654,سيدي زيد,Sidi Zid,TN3356,Souassi,Mahdia,35.35684894,10.49485191,22.745942,5219,1.0000,scoped,constituency
المهدية,بومرداس - السواسي,كركر,TN335253,كركر,Kerker,TN3352,Boumerdès,Mahdia,35.47500812,10.65069169,17.062754,5643,1.0000,scoped,constituency
المهدية,بومرداس - السواسي,منزل حمزة,TN335259,منزل حمزة,Menzel Hamza,TN3352,Boumerdès,Mahdia,35.40890966,10.80243654,20.847415,1694,1.0000,scoped,constituency
باجة,باجة الجنوبية - تيبار - تبرسق,المخشبية,TN215256,المخشبية,Mekhachbia,TN2152,Béja Sud,Béja,36.67662045,9.28126102,92.387149,1572,1.0000,scoped,constituency
باجة,باجة الجنوبية - تيبار - تبرسق,المعقولة,TN215253,المعقولة,El Maagoula,TN2152,Béja Sud,Béja,36.70737780,9.20302964,21.158058,6350,1.0000,scoped,constituency
باجة,باجة الجنوبية - تيبار - تبرسق,المنشية,TN215553,المنشية,El Menchia,TN2155,Téboursouk,Béja,36.45377896,9.20331330,17.955284,4157,1.0000,scoped,constituency
باجة,باجة الجنوبية - تيبار - تبرسق,النشيمة,TN215654,النشيمة,En-Nechima,TN2156,Thibar,Béja,36.57249260,9.08743267,19.083430,1438,1.0000,scoped,constituency
باجة,باجة الجنوبية - تيبار - تبرسق,الهواري,TN215252,الهواري,El Haouari,TN2152,Béja Sud,Béja,36.71837219,9.18524791,0.676068,7909,1.0000,scoped,constituency
باجة,باجة الجنوبية - تيبار - تبرسق,بئر التوتة,TN215560,بئر التوتة,Bir Ettouta,TN2155,Téboursouk,Béja,36.52583432,9.25896143,59.238974,1032,1.0000,scoped,constituency
باجة,باجة الجنوبية - تيبار - تبرسق,تبرسق المدينة,TN215551,تبرسق المدينة,Teboursouk Ville,TN2155,Téboursouk,Béja,36.45639700,9.25855367,3.086862,3481,1.0000,scoped,constituency
باجة,باجة الجنوبية - تيبار - تبرسق,تيبار,TN215651,تيبار,Tibar,TN2156,Thibar,Béja,36.52822238,9.12192431,30.904602,3327,1.0000,scoped,constituency
باجة,باجة الجنوبية - تيبار - تبرسق,حمام سيالة,TN215254,حمام سيالة,Hammam Siala,TN2152,Béja Sud,Béja,36.67751609,9.16609269,67.119504,2101,1.0000,scoped,constituency
باجة,باجة الجنوبية - تيبار - تبرسق,دجبة,TN215652,دجبة,Djebba,TN2156,Thibar,Béja,36.48099404,9.11503722,34.253564,3021,1.0000,scoped,constituency
باجة,باجة الجنوبية - تيبار - تبرسق,دقة,TN215554,دقة,Dougga,TN2155,Téboursouk,Béja,36.39060297,9.24582908,71.068624,2653,1.0000,scoped,constituency
باجة,باجة الجنوبية - تيبار - تبرسق,ريحانة,TN215555,ريحانة,Rihana,TN2155,Téboursouk,Béja,36.42733372,9.13116851,49.649304,852,1.0000,scoped,constituency
باجة,باجة الجنوبية - تيبار - تبرسق,زواغة,TN215258,زواغة,Zouagha,TN2152,Béja Sud,Béja,36.65787858,9.07470589,33.113312,1434,1.0000,scoped,constituency
باجة,باجة الجنوبية - تيبار - تبرسق,سيدي اسماعيل,TN215255,سيدي إسماعيل,Sidi Smail,TN2152,Béja Sud,Béja,36.57840130,9.15188225,62.941443,4300,1.0000,scoped,constituency
باجة,باجة الجنوبية - تيبار - تبرسق,سيدي السهيلي,TN215257,سيدي السهيلي,Sidi Es-Shili,TN2152,Béja Sud,Béja,36.62533146,9.11270199,45.648371,1957,1.0000,scoped,constituency
باجة,باجة الجنوبية - تيبار - تبرسق,سيدي فرج,TN215251,سيدي فرج,Sidi Fredj,TN2152,Béja Sud,Béja,36.72203792,9.19605448,1.830262,4181,1.0000,scoped,constituency
باجة,باجة الجنوبية - تيبار - تبرسق,عين الحمام,TN215558,عين الحمام,Ain El Hammam,TN2155,Téboursouk,Béja,36.40138051,9.15665606,31.768739,296,1.0000,scoped,constituency
باجة,باجة الجنوبية - تيبار - تبرسق,عين الدفالي,TN215653,عين الدفالي,Ain Ed-Defali,TN2156,Thibar,Béja,36.47510164,9.06637809,30.179078,1118,1.0000,scoped,constituency
باجة,باجة الجنوبية - تيبار - تبرسق,عين الكرمة,TN215552,عين الكرمة,Ain El Karma,TN2155,Téboursouk,Béja,36.46810498,9.25171307,8.705128,4017,1.0000,scoped,constituency
باجة,باجة الجنوبية - تيبار - تبرسق,عين المليتي,TN215556,عين المليتي,Ain El Melliti,TN2155,Téboursouk,Béja,36.50430682,9.19340781,48.764726,1068,1.0000,scoped,constituency
باجة,باجة الجنوبية - تيبار - تبرسق,عين جمالة,TN215559,عين جمالة,Ain Djammala,TN2155,Téboursouk,Béja,36.48305389,9.29890697,61.916982,841,1.0000,scoped,constituency
باجة,باجة الجنوبية - تيبار - تبرسق,فدان السوق,TN215557,فدان السوق,Fadden Es-Souk,TN2155,Téboursouk,Béja,36.41284790,9.31651844,43.295968,1038,1.0000,scoped,constituency
باجة,باجة الجنوبية - تيبار - تبرسق,مستوتة,TN215259,مستوتة,Mestouta,TN2152,Béja Sud,Béja,36.60467014,9.21758024,39.686935,1257,1.0000,scoped,constituency
باجة,باجة الشمالية,الزوابي,TN215154,الزوابي,Zouabi,TN2151,Béja Nord,Béja,36.72787939,9.17458904,0.304149,5912,1.0000,scoped,constituency
باجة,باجة الشمالية,الغرابة,TN215163,الغرابة,El Ghraba,TN2151,Béja Nord,Béja,36.89208907,9.20634023,41.683924,1313,1.0000,scoped,constituency
باجة,باجة الشمالية,الغيرية,TN215158,الغيرية,El Ghriria,TN2151,Béja Nord,Béja,36.71803953,9.10905518,31.813421,1946,1.0000,scoped,constituency
باجة,باجة الشمالية,القصبة,TN215156,القصبة,El Kasba,TN2151,Béja Nord,Béja,36.72076320,9.17563535,0.667434,2667,1.0000,scoped,constituency
باجة,باجة الشمالية,المزارة,TN215152,المزارة,El Mzara,TN2151,Béja Nord,Béja,36.73618531,9.19019379,3.916202,10097,1.0000,scoped,constituency
باجة,باجة الشمالية,المنار,TN215155,المنار,El Manar,TN2151,Béja Nord,Béja,36.73388350,9.16961819,0.579178,6306,1.0000,scoped,constituency
باجة,باجة الشمالية,المنشار,TN215159,المنشار,El Mounchar,TN2151,Béja Nord,Béja,36.74037416,9.28698924,84.231954,3302,1.0000,scoped,constituency
باجة,باجة الشمالية,النقاشية,TN215162,النقاشية,En-Nakachia,TN2151,Béja Nord,Béja,36.85785204,9.25417644,43.692331,1669,1.0000,scoped,constituency
باجة,باجة الشمالية,باجة,TN215151,باجة,Beja,TN2151,Béja Nord,Béja,36.72578038,9.18282886,0.578225,12045,1.0000,scoped,constituency
باجة,باجة الشمالية,بوحزام,TN215161,بوحزام,Bou Hzam,TN2151,Béja Nord,Béja,36.79578698,9.23253943,66.540151,1862,1.0000,scoped,constituency
باجة,باجة الشمالية,عزرة,TN215157,عزرة,Azra,TN2151,Béja Nord,Béja,36.75223373,9.15608094,27.713098,1626,1.0000,scoped,constituency
باجة,باجة الشمالية,عين سلطان,TN215164,عين سلطان,Ain Soltane,TN2151,Béja Nord,Béja,36.81429448,9.15680349,50.275152,2190,1.0000,scoped,constituency
باجة,باجة الشمالية,قصر باردو,TN215153,قصر باردو,Ksar Bardo,TN2151,Béja Nord,Béja,36.73510877,9.17520877,0.581754,7738,1.0000,scoped,constituency
باجة,باجة الشمالية,قصر مزوار,TN215160,قصر مزوار,Ksar Mezouar,TN2151,Béja Nord,Béja,36.82826643,9.33540159,75.227613,3188,1.0000,scoped,constituency
باجة,عمدون - نفزة,الجميلة,TN215465,الجميلة,Djamila,TN2154,Nefza,Béja,36.94429630,9.07196435,26.931994,3332,1.0000,scoped,constituency
باجة,عمدون - نفزة,الجوزة,TN215364,الجوزة,El Djouza,TN2153,Amdoun,Béja,36.85044981,9.01245442,21.585551,715,1.0000,scoped,constituency
باجة,عمدون - نفزة,الحمراء,TN215359,الحمراء,El Hamra,TN2153,Amdoun,Béja,36.86642573,9.04066092,20.548563,1082,1.0000,scoped,constituency
باجة,عمدون - نفزة,الرماضنية,TN215355,الرماضنية,Romadhnia,TN2153,Amdoun,Béja,36.77939441,8.99947984,15.213336,916,1.0000,scoped,constituency
باجة,عمدون - نفزة,الزوارع,TN215455,الزوارع,Ezzouaraa,TN2154,Nefza,Béja,36.99584566,8.96061628,61.003061,2862,1.0000,scoped,constituency
باجة,عمدون - نفزة,الطبابة,TN215463,الطبابة,Tebaba,TN2154,Nefza,Béja,36.88852812,9.07640104,44.827120,1556,1.0000,scoped,constituency
باجة,عمدون - نفزة,الطرهوني,TN215362,الطرهوني,Tarhouni,TN2153,Amdoun,Béja,36.69340430,9.05337638,25.470384,904,1.0000,scoped,constituency
باجة,عمدون - نفزة,الظهيرات,TN215466,الظهيرات,Dehiret,TN2154,Nefza,Béja,36.94310055,9.11958757,20.307924,1560,1.0000,scoped,constituency
باجة,عمدون - نفزة,الغرفة,TN215354,الغرفة,El Ghorfa,TN2153,Amdoun,Béja,36.81657894,8.95721926,18.258578,689,1.0000,scoped,constituency
باجة,عمدون - نفزة,الفرايجية,TN215353,الفرايجية,El Fraijia,TN2153,Amdoun,Béja,36.82260387,8.98306965,13.163070,713,1.0000,scoped,constituency
باجة,عمدون - نفزة,القوسة,TN215363,القوسة,El Goussa,TN2153,Amdoun,Béja,36.75367229,9.04009043,23.842134,1348,1.0000,scoped,constituency
باجة,عمدون - نفزة,المجالس,TN215358,المجالس,El Mejaless,TN2153,Amdoun,Béja,36.81946901,9.05789577,13.083943,734,1.0000,scoped,constituency
باجة,عمدون - نفزة,بالليف,TN215458,بالليف,Bellif,TN2154,Nefza,Béja,37.02396109,9.06917979,24.314994,1774,1.0000,scoped,constituency
باجة,عمدون - نفزة,بوزنة,TN215456,بوزنة,Bou-Zenna,TN2154,Nefza,Béja,36.98293569,9.16863212,29.299400,1848,1.0000,scoped,constituency
باجة,عمدون - نفزة,جبل الديس,TN215459,جبل الديس,Djebel Ediss,TN2154,Nefza,Béja,37.02018555,9.15508298,49.032433,4147,1.0000,scoped,constituency
باجة,عمدون - نفزة,زاقة,TN215462,زاقة,Zaga,TN2154,Nefza,Béja,36.92420369,9.02606942,34.158890,2837,1.0000,scoped,constituency
باجة,عمدون - نفزة,زهرة مدين,TN215351,زهرة مدين,Zahret Medien,TN2153,Amdoun,Béja,36.78193976,9.08896788,9.540205,4122,1.0000,scoped,constituency
باجة,عمدون - نفزة,زهرة مدين الجنوبية,TN215352,زهرة مدين الجنوبية,Zahret Medien Sud,TN2153,Amdoun,Béja,36.76025852,9.08770870,18.668599,2543,1.0000,scoped,constituency
باجة,عمدون - نفزة,صباح,TN215357,صباح,Sabah,TN2153,Amdoun,Béja,36.80032151,9.07665098,10.337348,853,1.0000,scoped,constituency
باجة,عمدون - نفزة,غزية,TN215360,غزية,Ghazia,TN2153,Amdoun,Béja,36.81666265,9.10799652,18.192315,1619,1.0000,scoped,constituency
باجة,عمدون - نفزة,غياضة,TN215461,غياضة,Ghayadha,TN2154,Nefza,Béja,36.93581961,9.15363051,31.090988,1050,1.0000,scoped,constituency
باجة,عمدون - نفزة,فطناسة,TN215460,فطناسة,Fatnassa,TN2154,Nefza,Béja,36.94000034,9.21521809,26.033504,1419,1.0000,scoped,constituency
باجة,عمدون - نفزة,كاف النيقرو,TN215454,كاب النيقرو,Kap Negro,TN2154,Nefza,Béja,37.09036414,9.03176508,81.713212,1809,0.9000,scoped,constituency
باجة,عمدون - نفزة,مالك,TN215361,مالك,Malek,TN2153,Amdoun,Béja,36.79724057,9.03794991,19.717080,1042,1.0000,scoped,constituency
باجة,عمدون - نفزة,مغراوة,TN215356,مغراوة,Maghraoua,TN2153,Amdoun,Béja,36.77865142,8.94870795,10.734643,558,1.0000,scoped,constituency
باجة,عمدون - نفزة,مقطع حديد,TN215457,مقطع حديد,Maktaa Hadid,TN2154,Nefza,Béja,37.05191248,8.99547765,63.337009,1193,1.0000,scoped,constituency
باجة,عمدون - نفزة,نفزة الشرقية,TN215451,نفزة الشرقية,Nefza Est,TN2154,Nefza,Béja,36.98889181,9.08343128,10.908035,4398,1.0000,scoped,constituency
باجة,عمدون - نفزة,نفزة الغربية,TN215452,نفزة الغربية,Nefza Ouest,TN2154,Nefza,Béja,36.98212704,9.04811473,27.215544,6960,1.0000,scoped,constituency
باجة,عمدون - نفزة,وادي المعدن,TN215464,وادي المعدن,Oued El Maaden,TN2154,Nefza,Béja,36.85611163,9.11922843,35.075762,1540,1.0000,scoped,constituency
باجة,عمدون - نفزة,وشتاتة,TN215453,وشتاتة,Ouachtata,TN2154,Nefza,Béja,36.93530098,8.95794271,27.671851,4405,1.0000,scoped,constituency
باجة,مجاز الباب - قبلاط - تستور,أولاد سلامة,TN215756,أولاد سلامة,Ouled Salama,TN2157,Testour,Béja,36.49282622,9.51131508,51.755163,1151,1.0000,scoped,constituency
باجة,مجاز الباب - قبلاط - تستور,ابن زيدون,TN215752,إبن زيدون,Ibn Zeydoun,TN2157,Testour,Béja,36.54041125,9.42359795,11.427970,4156,1.0000,scoped,constituency
باجة,مجاز الباب - قبلاط - تستور,السلوقية,TN215757,السلوقية,Es-Slouguia,TN2157,Testour,Béja,36.56372664,9.54205670,83.938861,4458,1.0000,scoped,constituency
باجة,مجاز الباب - قبلاط - تستور,الصخيرة,TN215759,الصخيرة,Es-Sekhira,TN2157,Testour,Béja,36.59806594,9.43014504,28.586303,1049,1.0000,scoped,constituency
باجة,مجاز الباب - قبلاط - تستور,القريعات,TN215960,القريعات,El Gueriaat,TN2159,Mejez El Bab,Béja,36.69120387,9.75215905,35.044799,1668,1.0000,scoped,constituency
باجة,مجاز الباب - قبلاط - تستور,القصر,TN215954,القصر,El Ksar,TN2159,Mejez El Bab,Béja,36.78357461,9.52916208,64.919603,1022,1.0000,scoped,constituency
باجة,مجاز الباب - قبلاط - تستور,القمرتي,TN215852,القمرتي,El Gammarthi,TN2158,Goubellat,Béja,36.54552049,9.63789146,24.299807,1121,1.0000,scoped,constituency
باجة,مجاز الباب - قبلاط - تستور,المواطيس,TN215962,المواطيس,El Mouatiss,TN2159,Mejez El Bab,Béja,36.66491738,9.64914936,19.916189,6861,1.0000,scoped,constituency
باجة,مجاز الباب - قبلاط - تستور,الهري,TN215955,الهري,El Heri,TN2159,Mejez El Bab,Béja,36.71679020,9.64336883,46.291968,2196,1.0000,scoped,constituency
باجة,مجاز الباب - قبلاط - تستور,بئر العش,TN215855,بئر العش,Bir El Euch,TN2158,Goubellat,Béja,36.45958653,9.62993101,51.894014,1177,1.0000,scoped,constituency
باجة,مجاز الباب - قبلاط - تستور,تستور,TN215751,تستور,Testour,TN2157,Testour,Béja,36.54657215,9.45967794,18.570402,2413,1.0000,scoped,constituency
باجة,مجاز الباب - قبلاط - تستور,توكابر,TN215956,توكابر,Tokaber,TN2159,Mejez El Bab,Béja,36.70586949,9.51407844,27.905167,1062,1.0000,scoped,constituency
باجة,مجاز الباب - قبلاط - تستور,حي 26 فيفري,TN215753,حي 26 فيفري,Cite 26 Fevrier,TN2157,Testour,Béja,36.54657029,9.44475984,1.027138,5347,1.0000,scoped,constituency
باجة,مجاز الباب - قبلاط - تستور,حيدوس,TN215961,حيدوس,Hidouss,TN2159,Mejez El Bab,Béja,36.75720942,9.57409988,49.376331,543,1.0000,scoped,constituency
باجة,مجاز الباب - قبلاط - تستور,خشاب,TN215857,خشاب,Khacheb,TN2158,Goubellat,Béja,36.59172605,9.71421764,84.557552,995,1.0000,scoped,constituency
باجة,مجاز الباب - قبلاط - تستور,خنيقة الدهان,TN215856,خنقية الدهان,Kheniguet Ed-Dahane,TN2158,Goubellat,Béja,36.46333138,9.69985465,33.531872,903,0.9091,scoped,constituency
باجة,مجاز الباب - قبلاط - تستور,دور اسماعيل,TN215854,دور إسماعيل,Dour Esmail,TN2158,Goubellat,Béja,36.54747286,9.78180548,86.550858,1527,1.0000,scoped,constituency
باجة,مجاز الباب - قبلاط - تستور,زلدو,TN215755,زلدو,Zeldou,TN2157,Testour,Béja,36.58147971,9.29583984,72.970252,1311,1.0000,scoped,constituency
باجة,مجاز الباب - قبلاط - تستور,سيدي أحمد الجديدي,TN215959,سيدي أحمد الجديدي,Sidi Ahmed El Jedidi,TN2159,Mejez El Bab,Béja,36.65820696,9.54603227,21.518640,1256,1.0000,scoped,constituency
باجة,مجاز الباب - قبلاط - تستور,سيدي الرائس,TN215964,سيدي الرايس,Sidi Erraies,TN2159,Mejez El Bab,Béja,36.61337259,9.63134093,36.472255,6349,1.0000,scoped,constituency
باجة,مجاز الباب - قبلاط - تستور,سيدي عامر,TN215762,سيدي عامر,Sidi Ameur,TN2157,Testour,Béja,36.68628961,9.39445941,96.648956,345,1.0000,scoped,constituency
باجة,مجاز الباب - قبلاط - تستور,سيدي عبد العزيز,TN215761,سيدي عبد العزيز,Sidi Abdelaziz,TN2157,Testour,Béja,36.64920362,9.49702661,86.871593,815,1.0000,scoped,constituency
باجة,مجاز الباب - قبلاط - تستور,سيدي مدين,TN215953,سيدي مدين,Sidi Medien,TN2159,Mejez El Bab,Béja,36.63957563,9.74821321,32.543820,1310,1.0000,scoped,constituency
باجة,مجاز الباب - قبلاط - تستور,سيدي نصر,TN215958,سيدي نصر,Sidi Nasr,TN2159,Mejez El Bab,Béja,36.69330280,9.58565393,29.000085,1731,1.0000,scoped,constituency
باجة,مجاز الباب - قبلاط - تستور,شواش,TN215957,شواش,Chaouach,TN2159,Mejez El Bab,Béja,36.71907513,9.56074733,21.793515,917,1.0000,scoped,constituency
باجة,مجاز الباب - قبلاط - تستور,شيخ الوديان,TN215858,شيخ الوديان,Cheikh El Ouediane,TN2158,Goubellat,Béja,36.50237336,9.71426215,29.862292,1288,1.0000,scoped,constituency
باجة,مجاز الباب - قبلاط - تستور,عين يونس,TN215758,عين يونس,Ain Younes,TN2157,Testour,Béja,36.49989093,9.40405376,111.523550,1319,1.0000,scoped,constituency
باجة,مجاز الباب - قبلاط - تستور,قبلاط,TN215851,قبلاط,Goubellat,TN2158,Goubellat,Béja,36.54635434,9.68537299,30.406316,4732,1.0000,scoped,constituency
باجة,مجاز الباب - قبلاط - تستور,قرام,TN215853,قرام,Guerram,TN2158,Goubellat,Béja,36.49645593,9.58058901,74.477232,1286,1.0000,scoped,constituency
باجة,مجاز الباب - قبلاط - تستور,قريش الوادي,TN215963,قريش الوادي,Guerich El Ouedi,TN2159,Mejez El Bab,Béja,36.69474426,9.70396954,42.883957,1014,1.0000,scoped,constituency
باجة,مجاز الباب - قبلاط - تستور,مجاز الباب الجنوبية,TN215952,مجاز الباب الجنوبية,Medjez El Bab Sud,TN2159,Mejez El Bab,Béja,36.63337558,9.57985116,18.023067,3366,1.0000,scoped,constituency
باجة,مجاز الباب - قبلاط - تستور,مجاز الباب المدينة,TN215951,مجاز الباب المدينة,Medjez El Bab Ville,TN2159,Mejez El Bab,Béja,36.61686152,9.58943792,14.380754,5598,1.0000,scoped,constituency
باجة,مجاز الباب - قبلاط - تستور,مزوغة,TN215754,مزوغة,Mezougha,TN2157,Testour,Béja,36.60896110,9.33822533,51.189788,836,1.0000,scoped,constituency
باجة,مجاز الباب - قبلاط - تستور,وادي الزرقاء,TN215760,وادي الزرقاء,Oued Ezzargua,TN2157,Testour,Béja,36.64995177,9.43353173,28.168236,3914,1.0000,scoped,constituency
بن عروس,المحمدية,المحمدية,TN136051,المحمدية,Mohamedia,TN1360,M'Hamdia,Ben Arous,36.67475086,10.14644394,4.143801,17175,1.0000,scoped,constituency
بن عروس,المحمدية,المنجي سليم,TN136052,المنجي سليم,Mongi Selim,TN1360,M'Hamdia,Ben Arous,36.69078051,10.15087749,0.768440,9535,1.0000,scoped,constituency
بن عروس,المحمدية,حي السعادة,TN136053,حي السعادة,Cite Es-Saada,TN1360,M'Hamdia,Ben Arous,36.65575823,10.16398614,10.958506,10082,1.0000,scoped,constituency
بن عروس,المحمدية,حي النسيم,TN136054,حي النسيم,Cite El Nassim,TN1360,M'Hamdia,Ben Arous,36.67366532,10.18168455,9.871153,11163,1.0000,scoped,constituency
بن عروس,المحمدية,سيدي فرج,TN136055,سيدي فرج,Sidi Frej,TN1360,M'Hamdia,Ben Arous,36.64530469,10.09548984,72.641007,1776,1.0000,scoped,constituency
بن عروس,المروج - بئر القصعة,المروج 1,TN135351,المروج 1,El Mourouj (1),TN1353,El Mourouj,Ben Arous,36.73071734,10.19890641,1.631226,18386,1.0000,scoped,constituency
بن عروس,المروج - بئر القصعة,المروج 3,TN135352,المروج 3,El Mourouj (3),TN1353,El Mourouj,Ben Arous,36.72719977,10.20964371,2.870213,20533,1.0000,scoped,constituency
بن عروس,المروج - بئر القصعة,المروج 4,TN135353,المروج 4,El Mourouj (4),TN1353,El Mourouj,Ben Arous,36.71660009,10.20486897,1.118015,12082,1.0000,scoped,constituency
بن عروس,المروج - بئر القصعة,بئر القصعة,TN135355,بئر القصعة,Bir Kassaa,TN1353,El Mourouj,Ben Arous,36.73909117,10.21121384,0.880742,1944,1.0000,scoped,constituency
بن عروس,المروج - فرحات حشاد,المروج 5,TN135354,المروج 5,El Mourouj (5),TN1353,El Mourouj,Ben Arous,36.70488242,10.21615526,5.112724,22969,1.0000,scoped,constituency
بن عروس,المروج - فرحات حشاد,فرحات حشاد,TN135356,فرحات حشاد,Farhat Hached,TN1353,El Mourouj,Ben Arous,36.72119576,10.23109317,4.390412,3775,1.0000,scoped,constituency
بن عروس,بن عروس - المدينة الجديدة,الرابطة,TN135255,الرابطة,Errabta,TN1352,Nouvelle Médina,Ben Arous,36.73818314,10.24896068,2.319323,8492,1.0000,scoped,constituency
بن عروس,بن عروس - المدينة الجديدة,المدينة الجديدة 1,TN135251,المدينة الجديدة 1,La Nouvelle Medina (1),TN1352,Nouvelle Médina,Ben Arous,36.75105572,10.24739131,0.408773,7561,1.0000,scoped,constituency
بن عروس,بن عروس - المدينة الجديدة,المدينة الجديدة2,TN135252,المدينة الجديدة 2,La Nouvelle Medina (2),TN1352,Nouvelle Médina,Ben Arous,36.74372207,10.26071047,1.433308,5796,1.0000,scoped,constituency
بن عروس,بن عروس - المدينة الجديدة,المهيري,TN135153,المهيري,El Mehiri,TN1351,Ben Arous,Ben Arous,36.75249520,10.23547766,2.410353,3842,1.0000,scoped,constituency
بن عروس,بن عروس - المدينة الجديدة,الياسمينات,TN135254,الياسمينات,El Yasminet,TN1352,Nouvelle Médina,Ben Arous,36.72855998,10.24228527,3.391332,16974,1.0000,scoped,constituency
بن عروس,بن عروس - المدينة الجديدة,بن عروس الشرقية,TN135151,بن عروس الشرقية,Ben Arous Est,TN1351,Ben Arous,Ben Arous,36.75773695,10.22464172,0.618739,8358,1.0000,scoped,constituency
بن عروس,بن عروس - المدينة الجديدة,بن عروس الغربية,TN135154,بن عروس الغربية,Ben Arous Ouest,TN1351,Ben Arous,Ben Arous,36.74698815,10.21745269,1.084294,5565,1.0000,scoped,constituency
بن عروس,بن عروس - المدينة الجديدة,حي ابن عرفة,TN135152,حي ابن عرفة,Cite Ibn Arafa,TN1351,Ben Arous,Ben Arous,36.76156038,10.22243975,0.361903,835,1.0000,scoped,constituency
بن عروس,بن عروس - المدينة الجديدة,حي الاسكان,TN135156,حي الاسكان,Cite El Iskane,TN1351,Ben Arous,Ben Arous,36.73773853,10.22397332,1.194339,4217,1.0000,scoped,constituency
بن عروس,بن عروس - المدينة الجديدة,سيدي بن عروس,TN135155,سيدي بن عروس,Sidi Ben Arous,TN1351,Ben Arous,Ben Arous,36.75368576,10.21710229,0.810012,7374,1.0000,scoped,constituency
بن عروس,بن عروس - المدينة الجديدة,سيدي مصباح,TN135253,سيدي مصباح,Sidi Mosbah,TN1352,Nouvelle Médina,Ben Arous,36.74362308,10.23917437,0.529886,11044,1.0000,scoped,constituency
بن عروس,بومهل البساتين - الزهراء,18جانفي,TN135753,18جانفي,18 Janvier,TN1357,Ezzahra,Ben Arous,36.74581674,10.30038561,0.864602,6271,1.0000,scoped,constituency
بن عروس,بومهل البساتين - الزهراء,البساتين,TN135652,البساتين,El Bassatine,TN1356,Boumhel,Ben Arous,36.72820659,10.29314892,5.113916,12142,1.0000,scoped,constituency
بن عروس,بومهل البساتين - الزهراء,البساتين الغربية,TN135654,البساتين الغربية,El Bassatine El Gharbya,TN1356,Boumhel,Ben Arous,36.72755112,10.26821032,5.072237,2393,1.0000,scoped,constituency
بن عروس,بومهل البساتين - الزهراء,الزهراء المدينة,TN135751,الزهراء المدينة,Ez-Zahra Ville,TN1357,Ezzahra,Ben Arous,36.74915353,10.30829523,2.128105,12034,1.0000,scoped,constituency
بن عروس,بومهل البساتين - الزهراء,برج الوزير,TN135754,برج الوزير,Borj El Louzir,TN1357,Ezzahra,Ben Arous,36.74633558,10.28747016,2.580496,2602,1.0000,scoped,constituency
بن عروس,بومهل البساتين - الزهراء,بومهل,TN135651,بومهل,Bou Mhel,TN1356,Boumhel,Ben Arous,36.71444089,10.31127879,4.400524,11227,1.0000,scoped,constituency
بن عروس,بومهل البساتين - الزهراء,حي الحبيب,TN135752,حي الحبيب,Cite El Habib,TN1357,Ezzahra,Ben Arous,36.73953091,10.30949366,1.428233,9941,1.0000,scoped,constituency
بن عروس,بومهل البساتين - الزهراء,شالة,TN135653,شالة,Chela,TN1356,Boumhel,Ben Arous,36.70537385,10.29824506,5.585541,5890,1.0000,scoped,constituency
بن عروس,حمام الأنف - حمام الشط,بئر الباي,TN135551,بئر الباي,Bir El Bey,TN1355,Hammam Chott,Ben Arous,36.70271486,10.37001478,6.203123,5538,1.0000,scoped,constituency
بن عروس,حمام الأنف - حمام الشط,برج السدرية,TN135552,برج السدرية,Borj Cedria,TN1355,Hammam Chott,Ben Arous,36.68012817,10.38117342,18.913232,11899,1.0000,scoped,constituency
بن عروس,حمام الأنف - حمام الشط,حمام الانف المدينة,TN135451,حمام الانف المدينة,Hammam Lif Ville,TN1354,Hammam Lif,Ben Arous,36.72718988,10.33171449,1.135473,10420,1.0000,scoped,constituency
بن عروس,حمام الأنف - حمام الشط,حمام الانف المدينة 2,TN135452,حمام الانف المدينة 2,Hammem Lif Ville 2,TN1354,Hammam Lif,Ben Arous,36.72944129,10.34219353,0.319066,633,1.0000,scoped,constituency
بن عروس,حمام الأنف - حمام الشط,حمام الانف الملعب,TN135455,حمام الانف الملعب,Hammam Lif El Malaab,TN1354,Hammam Lif,Ben Arous,36.72465960,10.35154296,0.793594,5772,1.0000,scoped,constituency
بن عروس,حمام الأنف - حمام الشط,حمام الانف بوقرنين,TN135453,حمام الانف بوقرنين,Hammem Lif Bou Kornine,TN1354,Hammam Lif,Ben Arous,36.73542141,10.32880221,0.645740,6627,1.0000,scoped,constituency
بن عروس,حمام الأنف - حمام الشط,حمام الشط,TN135553,حمام الشط,Hammem Chatt,TN1355,Hammam Chott,Ben Arous,36.71653959,10.36527581,1.599845,10773,1.0000,scoped,constituency
بن عروس,حمام الأنف - حمام الشط,حي محمد علي,TN135456,حي محمد علي,Cite Mohamed Ali,TN1354,Hammam Lif,Ben Arous,36.71183094,10.33590330,7.059458,5880,1.0000,scoped,constituency
بن عروس,حمام الأنف - حمام الشط,فرحات حشاد,TN135454,فرحات حشاد,Farhat Hached,TN1354,Hammam Lif,Ben Arous,36.72587034,10.32128543,1.391628,899,1.0000,scoped,constituency
بن عروس,رادس - مقرين,الطيب المهيري,TN135853,الطيب المهيري,Taieb Mehiri,TN1358,Radès,Ben Arous,36.78308904,10.27990318,2.027188,6736,1.0000,scoped,constituency
بن عروس,رادس - مقرين,المنجي سليم,TN135855,المنجي سليم,Mongi Slim,TN1358,Radès,Ben Arous,36.77089335,10.26965316,0.432485,1986,1.0000,scoped,constituency
بن عروس,رادس - مقرين,جوهرة,TN135953,جوهرة,Jawhara,TN1359,Mégrine,Ben Arous,36.77864720,10.22015185,1.504950,3389,1.0000,scoped,constituency
بن عروس,رادس - مقرين,رادس الغابة,TN135856,رادس الغابة,Rades Foret,TN1358,Radès,Ben Arous,36.75303290,10.26570490,4.918871,3309,1.0000,scoped,constituency
بن عروس,رادس - مقرين,رادس المدينة,TN135851,رادس المدينة,Rades Ville,TN1358,Radès,Ben Arous,36.76364237,10.26667423,1.590515,14725,1.0000,scoped,constituency
بن عروس,رادس - مقرين,رادس الملاحة,TN135852,رادس الملاحة,Rades Mellaha,TN1358,Radès,Ben Arous,36.78975207,10.27203670,6.374544,5321,1.0000,scoped,constituency
بن عروس,رادس - مقرين,رادس رمادة,TN135854,رادس رمادة,Rades Remada,TN1358,Radès,Ben Arous,36.77472840,10.27789745,1.071037,8047,1.0000,scoped,constituency
بن عروس,رادس - مقرين,رادس مليان,TN135857,رادس مليان,Rades Meliane,TN1358,Radès,Ben Arous,36.76481693,10.28787589,2.908591,5655,1.0000,scoped,constituency
بن عروس,رادس - مقرين,سيدي رزيق,TN135957,سيدي رزيق,Sidi Rezig,TN1359,Mégrine,Ben Arous,36.76361928,10.24857717,0.451280,2298,1.0000,scoped,constituency
بن عروس,رادس - مقرين,سيدي رزيق 2,TN135958,سيدي رزيق 2,Sidi Rezig (2),TN1359,Mégrine,Ben Arous,36.76222993,10.23881180,1.489262,526,1.0000,scoped,constituency
بن عروس,رادس - مقرين,مقرين الرياض,TN135952,مقرين الرياض,Megrine Riadh,TN1359,Mégrine,Ben Arous,36.77046329,10.22326114,1.167572,2959,1.0000,scoped,constituency
بن عروس,رادس - مقرين,مقرين العليا,TN135951,مقرين العليا,Megrine Superieure,TN1359,Mégrine,Ben Arous,36.77583731,10.25184874,3.298823,5284,1.0000,scoped,constituency
بن عروس,رادس - مقرين,مقرين شاكر,TN135955,مقرين شاكر,Megrine Chaker,TN1359,Mégrine,Ben Arous,36.78078238,10.23923834,1.849280,6968,1.0000,scoped,constituency
بن عروس,رادس - مقرين,مقرين شاكر2,TN135956,مقرين شاكر2,Megrine Chaker (2),TN1359,Mégrine,Ben Arous,36.78274668,10.22750686,0.533446,3352,1.0000,scoped,constituency
بن عروس,رادس - مقرين,منزل مبروك,TN135954,منزل مبروك,Menzel Mabrouk,TN1359,Mégrine,Ben Arous,36.77630996,10.23257415,0.383582,479,1.0000,scoped,constituency
بن عروس,رادس - مقرين,نوبو,TN135858,نوبو,Noubou,TN1358,Radès,Ben Arous,36.75776370,10.27917588,0.418972,2120,1.0000,scoped,constituency
بن عروس,فوشانة,المغيرة,TN136154,المغيرة,El Mghira,TN1361,Fouchana,Ben Arous,36.72115029,10.15609085,8.513639,3974,1.0000,scoped,constituency
بن عروس,فوشانة,الهضاب,TN136153,الهضاب,El Hidhab,TN1361,Fouchana,Ben Arous,36.70373128,10.18049154,8.975941,10211,1.0000,scoped,constituency
بن عروس,فوشانة,حي المستقبل,TN136152,حي المستقبل,Cite El Mostakbel,TN1361,Fouchana,Ben Arous,36.69624304,10.15871846,1.272908,7555,1.0000,scoped,constituency
بن عروس,فوشانة,دوار الحوش,TN136157,دوار الحوش,Douar Elhouch,TN1361,Fouchana,Ben Arous,36.68413409,10.22639722,3.045104,1899,1.0000,scoped,constituency
بن عروس,فوشانة,شبدّة,TN136156,شبدّة,Chebeda,TN1361,Fouchana,Ben Arous,36.67350082,10.21830363,8.297088,3218,1.0000,scoped,constituency
بن عروس,فوشانة,فوشانة,TN136151,فوشانة,Fouchana,TN1361,Fouchana,Ben Arous,36.69470867,10.17247775,4.926342,15185,1.0000,scoped,constituency
بن عروس,فوشانة,نعسان,TN136155,نعسان,Naassen,TN1361,Fouchana,Ben Arous,36.69710922,10.23534346,3.771845,15821,1.0000,scoped,constituency
بن عروس,مرناق,أوذنة,TN136263,أوذنة,Oudna,TN1362,Mornag,Ben Arous,36.60005327,10.18214428,31.724431,2335,1.0000,scoped,constituency
بن عروس,مرناق,الخليدية,TN136253,الخليلدية,Khelidia,TN1362,Mornag,Ben Arous,36.62673485,10.15499788,23.407920,5155,0.9412,scoped,constituency
بن عروس,مرناق,الرسالة,TN136262,الرسالة,Errisala,TN1362,Mornag,Ben Arous,36.66276079,10.33805188,39.817969,3118,1.0000,scoped,constituency
بن عروس,مرناق,الزاوية,TN136254,الزاوية,Ez-Zaouia,TN1362,Mornag,Ben Arous,36.70586959,10.27309705,6.951557,4598,1.0000,scoped,constituency
بن عروس,مرناق,السلام,TN136261,السلام,Essalem,TN1362,Mornag,Ben Arous,36.61968546,10.23377145,26.867921,4384,1.0000,scoped,constituency
بن عروس,مرناق,القصيبي,TN136264,القصيبي,El Kessibi,TN1362,Mornag,Ben Arous,36.59464681,10.27564457,37.796851,1864,1.0000,scoped,constituency
بن عروس,مرناق,القنة,TN136259,القنة,El Gounna,TN1362,Mornag,Ben Arous,36.56334840,10.18947899,23.695498,815,1.0000,scoped,constituency
بن عروس,مرناق,الكبوطي,TN136257,الكبوطي,Kabouti,TN1362,Mornag,Ben Arous,36.56241464,10.32832218,44.816406,1875,1.0000,scoped,constituency
بن عروس,مرناق,جبل الرصاص,TN136255,جبل الرصاص,Djebel Ressas,TN1362,Mornag,Ben Arous,36.60315426,10.33016771,31.028642,2902,1.0000,scoped,constituency
بن عروس,مرناق,سيدي سالم القارصي,TN136256,سيدي سالم القارصي,Sidi Salem El Garsi,TN1362,Mornag,Ben Arous,36.49460492,10.30489395,54.867901,643,1.0000,scoped,constituency
بن عروس,مرناق,سيدي سعد,TN136260,سيدي سعد,Sidi Saad,TN1362,Mornag,Ben Arous,36.67557914,10.24921124,23.424948,3973,1.0000,scoped,constituency
بن عروس,مرناق,عين رقاد,TN136258,عين رقاد,Ain Rekad,TN1362,Mornag,Ben Arous,36.53003376,10.22580274,36.210474,710,1.0000,scoped,constituency
بن عروس,مرناق,مرناق,TN136251,مرناق,Mornag,TN1362,Mornag,Ben Arous,36.66721303,10.29794079,10.045358,14804,1.0000,scoped,constituency
بن عروس,مرناق,مرناق الغربية,TN136252,مرناق الغربية,Mornag Ouest,TN1362,Mornag,Ben Arous,36.66386866,10.28493120,7.047098,5777,1.0000,scoped,constituency
بنزرت,بنزرت الجنوبية,اللواتة,TN175356,اللواتة,Louata,TN1753,Bizerte Sud,Bizerte,37.21442198,9.71975002,65.320166,5475,1.0000,scoped,constituency
بنزرت,بنزرت الجنوبية,المصيدة,TN175359,المصيدة,El Massida,TN1753,Bizerte Sud,Bizerte,37.25516383,9.82575875,7.881672,6588,1.0000,scoped,constituency
بنزرت,بنزرت الجنوبية,باب ماطر,TN175357,باب ماطر,Bab Mateur,TN1753,Bizerte Sud,Bizerte,37.26848735,9.84212682,0.873164,5961,1.0000,scoped,constituency
بنزرت,بنزرت الجنوبية,تسكراية,TN175351,تسكراية,Teskraia,TN1753,Bizerte Sud,Bizerte,37.24943935,9.51887248,77.576646,1731,1.0000,scoped,constituency
بنزرت,بنزرت الجنوبية,حي الجلاء,TN175358,حي الجلاء,Cite El Jala,TN1753,Bizerte Sud,Bizerte,37.27232484,9.84926731,1.978592,2482,1.0000,scoped,constituency
بنزرت,بنزرت الجنوبية,سيدي احمد,TN175360,سيدي أحمد,Sidi Ahmed,TN1753,Bizerte Sud,Bizerte,37.25138866,9.74940085,50.538785,4557,1.0000,scoped,constituency
بنزرت,بنزرت الجنوبية,سيدي عامر,TN175355,سيدي عامر,Sidi Ameur,TN1753,Bizerte Sud,Bizerte,37.21655377,9.61511645,59.337718,1077,1.0000,scoped,constituency
بنزرت,بنزرت الجنوبية,فرحات حشاد,TN175352,فرحات حشاد,Farhat Hached,TN1753,Bizerte Sud,Bizerte,37.28005179,9.79259367,23.869392,9478,1.0000,scoped,constituency
بنزرت,بنزرت الجنوبية,مرنيصة,TN175353,مرنيصة,Marnissa,TN1753,Bizerte Sud,Bizerte,37.31133029,9.72654084,40.918773,3033,1.0000,scoped,constituency
بنزرت,بنزرت الجنوبية,هيشر,TN175354,هيشر,Hicher,TN1753,Bizerte Sud,Bizerte,37.28561339,9.64350712,77.880449,930,1.0000,scoped,constituency
بنزرت,بنزرت الشمالية,15أكتوبر,TN175162,15أكتوبر,15 Octobre,TN1751,Bizerte Nord,Bizerte,37.28485532,9.84799575,1.210893,3737,1.0000,scoped,constituency
بنزرت,بنزرت الشمالية,الحبيب الحداد,TN175159,الحبيب الحداد,Habib Haddad,TN1751,Bizerte Nord,Bizerte,37.28747130,9.85909882,1.452119,14075,1.0000,scoped,constituency
بنزرت,بنزرت الشمالية,الحبيب بوقطفة,TN175152,الحبيب بوقطفة,Habib Bouguatfa,TN1751,Bizerte Nord,Bizerte,37.27275542,9.86539650,0.719177,6818,1.0000,scoped,constituency
بنزرت,بنزرت الشمالية,الشيخ إدريس,TN175155,الشيخ إدريس,Cheik Driss,TN1751,Bizerte Nord,Bizerte,37.27438289,9.87147381,0.090219,456,1.0000,scoped,constituency
بنزرت,بنزرت الشمالية,القنال,TN175156,القنال,El Canal,TN1751,Bizerte Nord,Bizerte,37.27287976,9.87563483,0.230832,4844,1.0000,scoped,constituency
بنزرت,بنزرت الشمالية,الكرنيش,TN175153,الكرنيش,El Korniche,TN1751,Bizerte Nord,Bizerte,37.31096047,9.86539439,4.880153,6255,1.0000,scoped,constituency
بنزرت,بنزرت الشمالية,المؤتمر,TN175160,المؤتمر,El Motamar,TN1751,Bizerte Nord,Bizerte,37.27474993,9.85901928,0.987706,6515,1.0000,scoped,constituency
بنزرت,بنزرت الشمالية,المدينة,TN175154,المدينة,La Medina,TN1751,Bizerte Nord,Bizerte,37.27737319,9.87457049,0.480464,15055,1.0000,scoped,constituency
بنزرت,بنزرت الشمالية,الهناء,TN175161,الهناء,El Hana,TN1751,Bizerte Nord,Bizerte,37.28425388,9.86606176,0.539999,11903,1.0000,scoped,constituency
بنزرت,بنزرت الشمالية,بوبكر باكير,TN175157,بوبكر باكير,Bou Baker Bakir,TN1751,Bizerte Nord,Bizerte,37.26813176,9.86762695,0.831194,5423,1.0000,scoped,constituency
بنزرت,بنزرت الشمالية,حسن النوري,TN175151,حسن النوري,Hassen Nouri,TN1751,Bizerte Nord,Bizerte,37.28414043,9.87485345,0.869687,5462,1.0000,scoped,constituency
بنزرت,بنزرت الشمالية,عين مريم,TN175158,عين مريم,Ain Mariam,TN1751,Bizerte Nord,Bizerte,37.30895481,9.81263251,34.283283,8137,1.0000,scoped,constituency
بنزرت,سجنان - جومين - غزالة,أولاد الماي,TN175755,أولاد الماي,Ouled El May,TN1757,Ghazala,Bizerte,37.14162691,9.43404664,62.204510,722,1.0000,scoped,constituency
بنزرت,سجنان - جومين - غزالة,أولاد غانم,TN175551,أولاد غانم,Ouled Ghanem,TN1755,Joumine,Bizerte,36.99000841,9.36518074,63.201841,3357,1.0000,scoped,constituency
بنزرت,سجنان - جومين - غزالة,الحشاشنة,TN175454,الحشاشنة,El Hachachna,TN1754,Sejnane,Bizerte,37.12935842,9.28578788,56.298767,5055,1.0000,scoped,constituency
بنزرت,سجنان - جومين - غزالة,الذواودة,TN175753,الذواودة,Dheouaouda,TN1757,Ghazala,Bizerte,37.02088409,9.40294200,42.433839,2423,1.0000,scoped,constituency
بنزرت,سجنان - جومين - غزالة,السحابنة,TN175455,السحابنة,Sehabna,TN1754,Sejnane,Bizerte,37.09392281,9.14108632,81.109079,3667,1.0000,scoped,constituency
بنزرت,سجنان - جومين - غزالة,السمان,TN175552,السمان,Essemman,TN1755,Joumine,Bizerte,36.91365167,9.37900997,67.835199,2185,1.0000,scoped,constituency
بنزرت,سجنان - جومين - غزالة,الشنانة,TN175553,الشنانة,Chenana,TN1755,Joumine,Bizerte,36.93663609,9.33135539,17.973315,1904,1.0000,scoped,constituency
بنزرت,سجنان - جومين - غزالة,الطواجنية,TN175557,الطواجنية,Touajnia,TN1755,Joumine,Bizerte,36.97493279,9.24007695,47.753416,2772,1.0000,scoped,constituency
بنزرت,سجنان - جومين - غزالة,العبابسة,TN175453,العبابسة,El Ababssa,TN1754,Sejnane,Bizerte,37.15372282,9.37473900,103.163467,2094,1.0000,scoped,constituency
بنزرت,سجنان - جومين - غزالة,العرب,TN175752,العرب,El Arab,TN1757,Ghazala,Bizerte,37.15582771,9.54808834,52.766352,2224,1.0000,scoped,constituency
بنزرت,سجنان - جومين - غزالة,المشارقة,TN175458,المشارقة,Mechargua,TN1754,Sejnane,Bizerte,37.13602868,9.20881851,49.170577,3394,1.0000,scoped,constituency
بنزرت,سجنان - جومين - غزالة,المعالية,TN175452,المعالية,El Maalia,TN1754,Sejnane,Bizerte,37.06588215,9.31235450,59.906558,3991,1.0000,scoped,constituency
بنزرت,سجنان - جومين - غزالة,امادن,TN175457,أمادن,Amaden,TN1754,Sejnane,Bizerte,37.21220809,9.35376604,145.758275,2693,1.0000,scoped,constituency
بنزرت,سجنان - جومين - غزالة,بازينة,TN175558,بازينة,Bazina,TN1755,Joumine,Bizerte,36.95821075,9.29869171,17.474562,6508,1.0000,scoped,constituency
بنزرت,سجنان - جومين - غزالة,بالرايس,TN175556,بالرايس,Berraies,TN1755,Joumine,Bizerte,36.79183846,9.43622102,113.550996,1051,1.0000,scoped,constituency
بنزرت,سجنان - جومين - غزالة,بوجرير,TN175758,بوجرير,Bou Jerir,TN1757,Ghazala,Bizerte,37.06406071,9.38095317,24.863342,1432,1.0000,scoped,constituency
بنزرت,سجنان - جومين - غزالة,تاهنت,TN175554,تاهنت,Tahent,TN1755,Joumine,Bizerte,36.89733405,9.50014401,84.221297,1770,1.0000,scoped,constituency
بنزرت,سجنان - جومين - غزالة,حشاد,TN175754,حشاد,Hached,TN1757,Ghazala,Bizerte,37.05711639,9.57443825,32.291749,3479,1.0000,scoped,constituency
بنزرت,سجنان - جومين - غزالة,ركب,TN175757,ركب,Rakb,TN1757,Ghazala,Bizerte,37.04272416,9.49041879,48.084842,2288,1.0000,scoped,constituency
بنزرت,سجنان - جومين - غزالة,رواحة,TN175559,رواحة,Rouaha,TN1755,Joumine,Bizerte,36.90656308,9.30007420,41.423608,2259,1.0000,scoped,constituency
بنزرت,سجنان - جومين - غزالة,سجنان,TN175451,سجنان,Sedjnane,TN1754,Sejnane,Bizerte,37.04595777,9.24034803,54.059151,8683,1.0000,scoped,constituency
بنزرت,سجنان - جومين - غزالة,سيدي عيسى,TN175756,سيدي عيسى,Sidi Aissa,TN1757,Ghazala,Bizerte,37.11291121,9.48265166,39.124533,2264,1.0000,scoped,constituency
بنزرت,سجنان - جومين - غزالة,سيدي مشرق,TN175456,سيدي مشرق,Sidi Mechrek,TN1754,Sejnane,Bizerte,37.16287083,9.15525045,77.372838,2584,1.0000,scoped,constituency
بنزرت,سجنان - جومين - غزالة,سيدي منصور,TN175759,سيدي منصور,Sidi Mansour,TN1757,Ghazala,Bizerte,36.99305585,9.47561812,46.273615,1492,1.0000,scoped,constituency
بنزرت,سجنان - جومين - غزالة,غزالة,TN175751,غزالة,Ghezala,TN1757,Ghazala,Bizerte,37.10645557,9.58387440,61.750396,5902,1.0000,scoped,constituency
بنزرت,سجنان - جومين - غزالة,كاف غراب,TN175555,كاف غراب,Kef Ghrab,TN1755,Joumine,Bizerte,36.86912657,9.44264876,98.691306,1540,1.0000,scoped,constituency
بنزرت,غار الملح - العالية - راس الجبل,الختمين,TN176354,الختمين,El Khetmine,TN1763,El Alia,Bizerte,37.13817703,9.97184567,42.130339,4540,1.0000,scoped,constituency
بنزرت,غار الملح - العالية - راس الجبل,الزواوين,TN176154,الزواوين,Zouaouine,TN1761,Ghar El Melh,Bizerte,37.11580826,10.02719355,21.584029,2380,1.0000,scoped,constituency
بنزرت,غار الملح - العالية - راس الجبل,العالية الجنوبية,TN176353,العالية الجنوبية,El Alia Sud,TN1763,El Alia,Bizerte,37.16023142,10.03340294,12.207832,10501,1.0000,scoped,constituency
بنزرت,غار الملح - العالية - راس الجبل,العالية الشمالية,TN176352,العالية الشمالية,El Alia Nord,TN1763,El Alia,Bizerte,37.17592851,10.00180360,21.766635,7100,1.0000,scoped,constituency
بنزرت,غار الملح - العالية - راس الجبل,القرية,TN176457,القرية,El Garia,TN1764,Ras Jebel,Bizerte,37.21877288,10.03459974,10.320803,1867,1.0000,scoped,constituency
بنزرت,غار الملح - العالية - راس الجبل,الماتلين,TN176453,الماتلين,Metline,TN1764,Ras Jebel,Bizerte,37.24220610,10.06773968,11.935740,7031,1.0000,scoped,constituency
بنزرت,غار الملح - العالية - راس الجبل,الماتلين الغربية,TN176454,الماتلين الغربية,Metline Ouest,TN1764,Ras Jebel,Bizerte,37.24021032,10.03117293,9.761653,3395,1.0000,scoped,constituency
بنزرت,غار الملح - العالية - راس الجبل,باجو,TN176152,باجو,Bajou,TN1761,Ghar El Melh,Bizerte,37.16451242,10.13022546,17.127272,3105,1.0000,scoped,constituency
بنزرت,غار الملح - العالية - راس الجبل,رأس الجبل الجنوبية,TN176452,رأس الجبل الجنوبية,Ras El Djebel Sud,TN1764,Ras Jebel,Bizerte,37.21200672,10.10538785,14.753052,10809,1.0000,scoped,constituency
بنزرت,غار الملح - العالية - راس الجبل,رأس الجبل الشمالية,TN176451,رأس الجبل الشمالية,Ras El Djebel Nord,TN1764,Ras Jebel,Bizerte,37.21658756,10.14453814,15.135936,16211,1.0000,scoped,constituency
بنزرت,غار الملح - العالية - راس الجبل,رفراف,TN176456,رفراف,Rafraf,TN1764,Ras Jebel,Bizerte,37.19238495,10.16939789,17.141243,10377,1.0000,scoped,constituency
بنزرت,غار الملح - العالية - راس الجبل,سيدي علي الشباب,TN176351,سيدي علي الشباب,Sidi Ali Chabab,TN1763,El Alia,Bizerte,37.19810104,10.04562364,8.838436,1315,1.0000,scoped,constituency
بنزرت,غار الملح - العالية - راس الجبل,صونين,TN176455,صونين,Sounine,TN1764,Ras Jebel,Bizerte,37.20470494,10.16298594,5.069559,3077,1.0000,scoped,constituency
بنزرت,غار الملح - العالية - راس الجبل,عوسجة,TN176153,عوسجة,Ousja,TN1761,Ghar El Melh,Bizerte,37.16881354,10.07853868,39.570040,6744,1.0000,scoped,constituency
بنزرت,غار الملح - العالية - راس الجبل,غار الملح,TN176151,غار الملح,Ghar El Meleh,TN1761,Ghar El Melh,Bizerte,37.16775046,10.23719928,14.045989,5021,1.0000,scoped,constituency
بنزرت,ماطر - أوتيك,أحواز ماطر,TN175652,أحواز ماطر,Banlieue De Mateur,TN1756,Mateur,Bizerte,37.07826852,9.67260910,47.104336,3151,1.0000,scoped,constituency
بنزرت,ماطر - أوتيك,أوتيك,TN176051,أوتيك,Utique,TN1760,Utique,Bizerte,37.05821447,10.05492746,53.739768,4323,1.0000,scoped,constituency
بنزرت,ماطر - أوتيك,أوتيك الجديدة,TN176052,أوتيك الجديدة,Nouvelle Utique,TN1760,Utique,Bizerte,37.11601917,10.11786189,42.050796,2258,1.0000,scoped,constituency
بنزرت,ماطر - أوتيك,البسباسية,TN176053,البسباسية,Besbassia,TN1760,Utique,Bizerte,37.06778741,9.92594035,32.190216,1744,1.0000,scoped,constituency
بنزرت,ماطر - أوتيك,الحويض,TN176054,الحويض,El Houidh,TN1760,Utique,Bizerte,37.07311886,9.97668558,43.257148,1537,1.0000,scoped,constituency
بنزرت,ماطر - أوتيك,المبطوح,TN176055,المطبوح,El Mabtouh,TN1760,Utique,Bizerte,36.97890098,9.93786819,99.217478,805,0.8571,scoped,constituency
بنزرت,ماطر - أوتيك,باش حانبة,TN176058,باش حانبة,Bach Hamba,TN1760,Utique,Bizerte,36.95823207,9.98611186,39.152964,1715,1.0000,scoped,constituency
بنزرت,ماطر - أوتيك,بهاية,TN175659,بهاية,Behaya,TN1756,Mateur,Bizerte,36.94364405,9.56743022,118.989395,2377,1.0000,scoped,constituency
بنزرت,ماطر - أوتيك,بومخيلة,TN175660,بومخيلة,Boumkhila,TN1756,Mateur,Bizerte,37.00427371,9.56701746,57.072807,2095,1.0000,scoped,constituency
بنزرت,ماطر - أوتيك,ترقلاش,TN175657,ترقلاش,Targuellache,TN1756,Mateur,Bizerte,36.95589289,9.76252937,105.271970,1405,1.0000,scoped,constituency
بنزرت,ماطر - أوتيك,حي الصداقة,TN175656,حي الصداقة,Cite Essadaka,TN1756,Mateur,Bizerte,37.04527763,9.65316779,0.982239,3408,1.0000,scoped,constituency
بنزرت,ماطر - أوتيك,حي النصر,TN175654,حي النصر,Cite En Nasr,TN1756,Mateur,Bizerte,37.05337463,9.61950769,26.828273,3023,1.0000,scoped,constituency
بنزرت,ماطر - أوتيك,سيدي عثمان,TN176057,سيدي عثمان,Sidi Othman,TN1760,Utique,Bizerte,36.97271921,9.87174314,26.670674,955,1.0000,scoped,constituency
بنزرت,ماطر - أوتيك,عرب ماجور,TN175658,عرب ماجور,Arab Majour,TN1756,Mateur,Bizerte,36.95408124,9.67225697,122.998069,2287,1.0000,scoped,constituency
بنزرت,ماطر - أوتيك,عين غلال,TN176056,عين غلال,Ain Ghelal,TN1760,Utique,Bizerte,37.03217782,9.86478504,45.069852,2030,1.0000,scoped,constituency
بنزرت,ماطر - أوتيك,ماطر,TN175651,ماطر,Mateur,TN1756,Mateur,Bizerte,37.03706206,9.68122493,8.340273,13823,1.0000,scoped,constituency
بنزرت,ماطر - أوتيك,ماطر الجنوبية,TN175653,ماطر الجنوبية,Mateur Sud,TN1756,Mateur,Bizerte,37.03962384,9.66013500,0.262301,5423,1.0000,scoped,constituency
بنزرت,ماطر - أوتيك,نفات,TN175655,نفات,Nefat,TN1756,Mateur,Bizerte,37.04771264,9.74935895,76.552382,2176,1.0000,scoped,constituency
بنزرت,منزل بورقيبة - تينجة,الزعرور,TN175953,الزعرور,Ez-Zarour,TN1759,Tinja,Bizerte,37.10789306,9.74716611,49.792327,1752,1.0000,scoped,constituency
بنزرت,منزل بورقيبة - تينجة,الشلاغمية,TN175857,الشلاغمية,Chelagmia,TN1758,Menzel Bourguiba,Bizerte,37.13483394,9.79291031,7.055689,4364,1.0000,scoped,constituency
بنزرت,منزل بورقيبة - تينجة,المدينة,TN175856,المدينة,El Medina,TN1758,Menzel Bourguiba,Bizerte,37.14981121,9.80264485,8.328654,20277,1.0000,scoped,constituency
بنزرت,منزل بورقيبة - تينجة,النجاح 1,TN175851,النجاح 1,En-Najah (1),TN1758,Menzel Bourguiba,Bizerte,37.15207219,9.77885198,0.954109,7995,1.0000,scoped,constituency
بنزرت,منزل بورقيبة - تينجة,النجاح 2,TN175855,النجاح 2,En-Najah (2),TN1758,Menzel Bourguiba,Bizerte,37.14212921,9.77712276,1.985221,7691,1.0000,scoped,constituency
بنزرت,منزل بورقيبة - تينجة,تينجة,TN175951,تينجة,Tinja,TN1759,Tinja,Bizerte,37.14847483,9.76198217,6.957560,10654,1.0000,scoped,constituency
بنزرت,منزل بورقيبة - تينجة,حي الثورة,TN175854,حي الثورة,Cite Etthaoura,TN1758,Menzel Bourguiba,Bizerte,37.14637912,9.79422322,0.542413,5668,1.0000,scoped,constituency
بنزرت,منزل بورقيبة - تينجة,حي الحدائق,TN175858,حي الحدائق,Cite Jardins,TN1758,Menzel Bourguiba,Bizerte,37.16298825,9.78750725,2.278877,1518,1.0000,scoped,constituency
بنزرت,منزل بورقيبة - تينجة,قبطنة 1,TN175852,قبطنة 1,Gabtna (1),TN1758,Menzel Bourguiba,Bizerte,37.12000286,9.88004973,47.258088,1331,1.0000,scoped,constituency
بنزرت,منزل بورقيبة - تينجة,قبطنة 2,TN175853,قبطنة 2,Gabtna (2),TN1758,Menzel Bourguiba,Bizerte,37.08552845,9.82388559,60.095576,3485,1.0000,scoped,constituency
بنزرت,منزل بورقيبة - تينجة,قنقلة,TN175952,قنقلة,Guengla,TN1759,Tinja,Bizerte,37.17308089,9.77787433,4.079303,5464,1.0000,scoped,constituency
بنزرت,منزل جميل - جرزونة,العزيب,TN176255,العزيب,El Azib,TN1762,Menzel Jemil,Bizerte,37.18679508,9.94754190,25.945991,4906,1.0000,scoped,constituency
بنزرت,منزل جميل - جرزونة,جرزونة الجنوبية,TN175254,جرزونة الجنوبية,Zarzouna Sud,TN1752,Jarzouna,Bizerte,37.25242670,9.87871868,0.729528,12066,1.0000,scoped,constituency
بنزرت,منزل جميل - جرزونة,جرزونة الشرقية,TN175252,جرزونة الشرقية,Zarzouna Est,TN1752,Jarzouna,Bizerte,37.25784254,9.89026645,4.032029,3820,1.0000,scoped,constituency
بنزرت,منزل جميل - جرزونة,جرزونة الشمالية,TN175253,جرزونة الشمالية,Zarzouna Nord,TN1752,Jarzouna,Bizerte,37.26207974,9.87589947,0.348022,3039,1.0000,scoped,constituency
بنزرت,منزل جميل - جرزونة,جرزونة الغربية,TN175251,جرزونة الغربية,Zarzouna Ouest,TN1752,Jarzouna,Bizerte,37.25776472,9.87357451,0.429275,2931,1.0000,scoped,constituency
بنزرت,منزل جميل - جرزونة,منزل جميل الشرقية,TN176251,منزل جميل الشرقية,Menzel Djemil Est,TN1762,Menzel Jemil,Bizerte,37.22094563,9.98570838,39.621789,16219,1.0000,scoped,constituency
بنزرت,منزل جميل - جرزونة,منزل جميل الغربية,TN176252,منزل جميل الغربية,Menzel Djemil Ouest,TN1762,Menzel Jemil,Bizerte,37.23453839,9.90162796,7.273933,6278,1.0000,scoped,constituency
بنزرت,منزل جميل - جرزونة,منزل عبد الرحمان الشرقية,TN176253,منزل عبد الرحمان الشرقية,Menzel Abderrahmen Est,TN1762,Menzel Jemil,Bizerte,37.24342438,9.87004060,3.439403,9367,1.0000,scoped,constituency
بنزرت,منزل جميل - جرزونة,منزل عبد الرحمان الغربية,TN176254,منزل عبد الرحمان الغربية,Menzel Abderrahmen Ouest,TN1762,Menzel Jemil,Bizerte,37.23841838,9.85021432,6.231550,2901,1.0000,scoped,constituency
تطاوين,تطاوين الجنوبية - بئر الأحمر - غمراسن,البئر الأحمر الشرقية,TN535451,بئر الاحمر الشرقية,Bir Lahmar Est,TN5354,Bir Lahmar,Tataouine,33.18008432,10.51425871,69.247347,1428,0.9412,scoped,constituency
تطاوين,تطاوين الجنوبية - بئر الأحمر - غمراسن,البئر الأحمر الغربية,TN535452,بئر الاحمر الغربية,Bir Lahmar Ouest,TN5354,Bir Lahmar,Tataouine,33.18327255,10.40580881,15.546290,1153,0.9412,scoped,constituency
تطاوين,تطاوين الجنوبية - بئر الأحمر - غمراسن,البساتين,TN535457,البساتين,El Bassatine,TN5354,Bir Lahmar,Tataouine,33.20718428,10.47342192,15.922864,807,1.0000,scoped,constituency
تطاوين,تطاوين الجنوبية - بئر الأحمر - غمراسن,الدويرات,TN535260,الدويرات,Eddouiret,TN5352,Tataouine Sud,Tataouine,32.81155395,10.08304709,289.323464,656,1.0000,scoped,constituency
تطاوين,تطاوين الجنوبية - بئر الأحمر - غمراسن,الرقبة,TN535262,الرقبة,Erroghba,TN5352,Tataouine Sud,Tataouine,32.90259967,10.42128371,3.199384,5870,1.0000,scoped,constituency
تطاوين,تطاوين الجنوبية - بئر الأحمر - غمراسن,الزهور,TN535553,الزهور,Ezzouhour,TN5355,Ghomrassen,Tataouine,33.06091630,10.33066276,1.790248,2316,1.0000,scoped,constituency
تطاوين,تطاوين الجنوبية - بئر الأحمر - غمراسن,السند,TN535453,السند,Sened,TN5354,Bir Lahmar,Tataouine,33.15509418,10.38558516,29.286255,2948,1.0000,scoped,constituency
تطاوين,تطاوين الجنوبية - بئر الأحمر - غمراسن,العرقوب,TN535454,العرقوب,El Argoub,TN5354,Bir Lahmar,Tataouine,33.10041060,10.34527718,20.311848,282,1.0000,scoped,constituency
تطاوين,تطاوين الجنوبية - بئر الأحمر - غمراسن,الفرش,TN535555,الفرش,El Ferch,TN5355,Ghomrassen,Tataouine,32.97786034,10.31829879,55.240149,1592,1.0000,scoped,constituency
تطاوين,تطاوين الجنوبية - بئر الأحمر - غمراسن,القرضاب,TN535554,القرضاب,El Ghordhab,TN5355,Ghomrassen,Tataouine,33.09084964,10.51272156,91.710236,569,1.0000,scoped,constituency
تطاوين,تطاوين الجنوبية - بئر الأحمر - غمراسن,المدينة,TN535456,المدينة,El Medina,TN5354,Bir Lahmar,Tataouine,33.13258484,10.47745033,56.778703,1010,1.0000,scoped,constituency
تطاوين,تطاوين الجنوبية - بئر الأحمر - غمراسن,المدينة الجديدة,TN535558,المدينة الجديدة,Nouvelle Medina,TN5355,Ghomrassen,Tataouine,33.06484800,10.26003415,114.132218,2972,1.0000,scoped,constituency
تطاوين,تطاوين الجنوبية - بئر الأحمر - غمراسن,المزطورية الجنوبية,TN535253,المزطورية الجنوبية,El Maztouria Sud,TN5352,Tataouine Sud,Tataouine,32.84054766,10.47925919,12.693718,1970,1.0000,scoped,constituency
تطاوين,تطاوين الجنوبية - بئر الأحمر - غمراسن,المزطورية الشمالية,TN535254,المزطورية الشمالية,El Maztouria Nord,TN5352,Tataouine Sud,Tataouine,32.86661292,10.47005194,13.537369,1126,1.0000,scoped,constituency
تطاوين,تطاوين الجنوبية - بئر الأحمر - غمراسن,المسرب,TN535261,المسرب,El Mesreb,TN5352,Tataouine Sud,Tataouine,32.87194559,10.38501226,118.293338,3047,1.0000,scoped,constituency
تطاوين,تطاوين الجنوبية - بئر الأحمر - غمراسن,الواحة,TN535552,الواحة,El Ouaha,TN5355,Ghomrassen,Tataouine,33.05845031,10.33855189,0.799079,3349,1.0000,scoped,constituency
تطاوين,تطاوين الجنوبية - بئر الأحمر - غمراسن,بئر الثلاثين,TN535264,بئر الثلاثين,Bir Thalathine,TN5352,Tataouine Sud,Tataouine,32.69199644,10.34619650,308.847234,901,1.0000,scoped,constituency
تطاوين,تطاوين الجنوبية - بئر الأحمر - غمراسن,بني بركة-تونكت,TN535265,بني بركة - تونكت,Beni Barka-Tounket,TN5352,Tataouine Sud,Tataouine,32.89448292,10.47300970,33.192268,1065,1.0000,scoped,constituency
تطاوين,تطاوين الجنوبية - بئر الأحمر - غمراسن,تطاوين العليا,TN535252,تطاوين العليا,Tataouine Superieure,TN5352,Tataouine Sud,Tataouine,32.91926142,10.44054972,0.734157,2532,1.0000,scoped,constituency
تطاوين,تطاوين الجنوبية - بئر الأحمر - غمراسن,تطاوين المدينة,TN535251,تطاوين المدينة,Tataouine Ville,TN5352,Tataouine Sud,Tataouine,32.93478167,10.45004011,0.768051,6606,1.0000,scoped,constituency
تطاوين,تطاوين الجنوبية - بئر الأحمر - غمراسن,حي البر,TN535256,حي البر,Cite El Barr,TN5352,Tataouine Sud,Tataouine,32.91861168,10.43097866,1.843700,2759,1.0000,scoped,constituency
تطاوين,تطاوين الجنوبية - بئر الأحمر - غمراسن,رأس الوادي,TN535263,رأس الوادي,Ras El Ouedi,TN5352,Tataouine Sud,Tataouine,32.71451579,10.09957719,707.762687,437,1.0000,scoped,constituency
تطاوين,تطاوين الجنوبية - بئر الأحمر - غمراسن,شنني,TN535259,شنني,Chenini,TN5352,Tataouine Sud,Tataouine,32.93878322,10.18910648,200.489815,530,1.0000,scoped,constituency
تطاوين,تطاوين الجنوبية - بئر الأحمر - غمراسن,شنني الجديدة,TN535258,شنني الجديدة,Nouvelle Chnini,TN5352,Tataouine Sud,Tataouine,32.91133172,10.00931559,206.879870,281,1.0000,scoped,constituency
تطاوين,تطاوين الجنوبية - بئر الأحمر - غمراسن,غرغار,TN535255,غرغار,Gharghar,TN5352,Tataouine Sud,Tataouine,32.91525992,10.43986174,0.805714,2598,1.0000,scoped,constituency
تطاوين,تطاوين الجنوبية - بئر الأحمر - غمراسن,غمراسن,TN535551,غمراسن,Ghomrassen,TN5355,Ghomrassen,Tataouine,33.06154698,10.34765475,1.163395,1906,1.0000,scoped,constituency
تطاوين,تطاوين الجنوبية - بئر الأحمر - غمراسن,قراقر,TN535455,قراقر,Grager,TN5354,Bir Lahmar,Tataouine,33.10748880,10.39547374,37.256743,318,1.0000,scoped,constituency
تطاوين,تطاوين الجنوبية - بئر الأحمر - غمراسن,قرماسة,TN535556,قرماسة,Guermassa,TN5355,Ghomrassen,Tataouine,33.02488044,10.10762135,319.979733,1107,1.0000,scoped,constituency
تطاوين,تطاوين الجنوبية - بئر الأحمر - غمراسن,قصر الحدادة,TN535557,قصر الحدادة,Ksar El Haddada,TN5355,Ghomrassen,Tataouine,33.11029195,10.30485179,47.867404,1330,1.0000,scoped,constituency
تطاوين,تطاوين الجنوبية - بئر الأحمر - غمراسن,قصر المرابطين,TN535559,قصر المرابطين,Ksar El Mourabitine,TN5355,Ghomrassen,Tataouine,33.03518468,10.40758805,46.768282,1438,1.0000,scoped,constituency
تطاوين,تطاوين الجنوبية - بئر الأحمر - غمراسن,قصر المقابلة,TN535257,قصر المقابلة,Ksar El Moukabala,TN5352,Tataouine Sud,Tataouine,32.92490371,10.42953146,1.479712,2683,1.0000,scoped,constituency
تطاوين,تطاوين الجنوبية - بئر الأحمر - غمراسن,وادي الخيل,TN535560,وادي الخيل,Oued El Khil,TN5355,Ghomrassen,Tataouine,33.14901525,10.32648654,12.974367,429,1.0000,scoped,constituency
تطاوين,تطاوين الشمالية - بني مهيرة - الصمار,التضامن,TN535152,التضامن,Ettadhamen,TN5351,Tataouine Nord,Tataouine,32.92454520,10.45896673,1.509090,9481,1.0000,scoped,constituency
تطاوين,تطاوين الشمالية - بني مهيرة - الصمار,الرهاش,TN535354,الرهاش,Errahech,TN5353,Samar,Tataouine,32.91794827,10.95330051,96.515768,231,1.0000,scoped,constituency
تطاوين,تطاوين الشمالية - بني مهيرة - الصمار,الزهراء,TN535159,الزهراء,Ezzahra,TN5351,Tataouine Nord,Tataouine,32.57206717,10.81642471,1325.191196,3530,1.0000,scoped,constituency
تطاوين,تطاوين الشمالية - بني مهيرة - الصمار,السعادة,TN535162,السعادة,Essaada,TN5351,Tataouine Nord,Tataouine,32.89104603,10.72673807,156.903120,967,1.0000,scoped,constituency
تطاوين,تطاوين الشمالية - بني مهيرة - الصمار,الصمار,TN535352,الصمار,Smar,TN5353,Samar,Tataouine,33.03141364,10.90958918,167.088364,3634,1.0000,scoped,constituency
تطاوين,تطاوين الشمالية - بني مهيرة - الصمار,الغرياني,TN535353,الغر ياني,El Ghariani,TN5353,Samar,Tataouine,32.97193094,10.95229102,186.009183,627,1.0000,scoped,constituency
تطاوين,تطاوين الشمالية - بني مهيرة - الصمار,القلعة الشرقية,TN535163,القلعة الشرقية,El Galaa Est,TN5351,Tataouine Nord,Tataouine,32.65654891,10.60058678,392.062549,1902,1.0000,scoped,constituency
تطاوين,تطاوين الشمالية - بني مهيرة - الصمار,القلعة الغربية,TN535164,القلعة الغربية,El Galaa Ouest,TN5351,Tataouine Nord,Tataouine,32.65654891,10.47587594,302.919143,1624,1.0000,scoped,constituency
تطاوين,تطاوين الشمالية - بني مهيرة - الصمار,المرة,TN535355,المرة,El Morra,TN5353,Samar,Tataouine,32.60383918,11.10047013,393.916951,455,1.0000,scoped,constituency
تطاوين,تطاوين الشمالية - بني مهيرة - الصمار,المعونة,TN535158,المعونة,El Maouna,TN5351,Tataouine Nord,Tataouine,33.03898843,10.66863105,135.628647,283,1.0000,scoped,constituency
تطاوين,تطاوين الشمالية - بني مهيرة - الصمار,النزهة,TN535151,النزهة,En-Nozha,TN5351,Tataouine Nord,Tataouine,32.93537267,10.45340986,0.763785,5843,1.0000,scoped,constituency
تطاوين,تطاوين الشمالية - بني مهيرة - الصمار,النصر,TN535153,النصر,En-Nasr,TN5351,Tataouine Nord,Tataouine,32.93669775,10.45906727,0.660166,3797,1.0000,scoped,constituency
تطاوين,تطاوين الشمالية - بني مهيرة - الصمار,برورمت,TN535155,برورمت,Berourmet,TN5351,Tataouine Nord,Tataouine,32.96661993,10.45980525,9.609532,5674,1.0000,scoped,constituency
تطاوين,تطاوين الشمالية - بني مهيرة - الصمار,بني بلال,TN535165,بني بلال,Beni Belal,TN5351,Tataouine Nord,Tataouine,32.92878222,10.62765104,83.106485,1102,1.0000,scoped,constituency
تطاوين,تطاوين الشمالية - بني مهيرة - الصمار,بني مهيرة الشرقية,TN535358,بني مهيرة الشرقية,Beni Mehira Est,TN5353,Samar,Tataouine,32.61334966,10.99085576,241.075875,1225,1.0000,scoped,constituency
تطاوين,تطاوين الشمالية - بني مهيرة - الصمار,تلالت,TN535156,تلالت,Telelt,TN5351,Tataouine Nord,Tataouine,32.98098878,10.40651404,78.308003,1368,1.0000,scoped,constituency
تطاوين,تطاوين الشمالية - بني مهيرة - الصمار,خاتمة,TN535161,جاتمة,Khetma,TN5351,Tataouine Nord,Tataouine,32.88225719,10.60909358,94.003601,1373,0.8000,near,constituency
تطاوين,تطاوين الشمالية - بني مهيرة - الصمار,قصر عون,TN535356,قصر عون,Ksar Aoun,TN5353,Samar,Tataouine,32.62168977,11.04074013,440.490320,1569,1.0000,scoped,constituency
تطاوين,تطاوين الشمالية - بني مهيرة - الصمار,قصر مهيرة,TN535357,قصر مهيرة,Ksar Mehira,TN5353,Samar,Tataouine,32.59103899,10.96414217,342.608734,2891,1.0000,scoped,constituency
تطاوين,تطاوين الشمالية - بني مهيرة - الصمار,قطوفة,TN535160,قطوفة,Gattoufa,TN5351,Tataouine Nord,Tataouine,32.93576115,10.54710092,70.120312,730,1.0000,scoped,constituency
تطاوين,تطاوين الشمالية - بني مهيرة - الصمار,كرشاو,TN535351,كرشاو,Kerchaou,TN5353,Samar,Tataouine,33.03991319,10.77388057,122.236528,1708,1.0000,scoped,constituency
تطاوين,تطاوين الشمالية - بني مهيرة - الصمار,وادي الغار,TN535157,وادي الغار,Oued El Ghar,TN5351,Tataouine Nord,Tataouine,33.00528728,10.54883180,186.727813,6453,1.0000,scoped,constituency
تطاوين,تطاوين الشمالية - بني مهيرة - الصمار,وادي القمح,TN535154,وادي القمح,Oued El Gemah,TN5351,Tataouine Nord,Tataouine,32.92402215,10.46482121,0.954036,6267,1.0000,scoped,constituency
تطاوين,ذهيبة - رمادة,بئر عمير,TN535755,بئر عمير,Bir Amir,TN5357,Remada,Tataouine,32.58162930,9.42229334,3588.663214,455,1.0000,scoped,constituency
تطاوين,ذهيبة - رمادة,برج الخضراء,TN535756,برج الخضراء,Borj El Khadhra,TN5357,Remada,Tataouine,30.97069475,9.82917791,10699.823433,3,1.0000,scoped,constituency
تطاوين,ذهيبة - رمادة,ذهيبة الشرقية,TN535651,ذهبية الشرقية,Dhehbia Est,TN5356,Dhiba,Tataouine,32.21909034,10.86654674,1132.478154,2143,0.9167,scoped,constituency
تطاوين,ذهيبة - رمادة,ذهيبة الغربية,TN535652,ذهبية الغربية,Dhehbia Ouest,TN5356,Dhiba,Tataouine,31.81333500,10.31911849,1971.337189,1394,0.9167,scoped,constituency
تطاوين,ذهيبة - رمادة,رمادة الشرقية,TN535751,رمادة الشرقية,Remada Est,TN5357,Remada,Tataouine,32.43454711,10.44276432,848.084726,2003,1.0000,scoped,constituency
تطاوين,ذهيبة - رمادة,رمادة الغربية,TN535752,رمادة الغربية,Remada Ouest,TN5357,Remada,Tataouine,32.03021086,9.54340619,9769.732284,3077,1.0000,scoped,constituency
تطاوين,ذهيبة - رمادة,كنبوت,TN535754,كنبوت,Kenbout,TN5357,Remada,Tataouine,32.19765037,10.07248727,1090.237409,533,1.0000,scoped,constituency
تطاوين,ذهيبة - رمادة,مغنى,TN535757,مغنى,Meghani,TN5357,Remada,Tataouine,32.31755454,10.63479458,489.334877,241,1.0000,scoped,constituency
تطاوين,ذهيبة - رمادة,نكريف,TN535753,نكريف,Nekrif,TN5357,Remada,Tataouine,32.09876703,10.39462072,685.813580,783,1.0000,scoped,constituency
توزر,توزر,الإزدهار,TN625157,الإزدهار,El Ezdihar,TN6251,Tozeur,Tozeur,33.95799897,8.13747084,16.637723,6374,1.0000,scoped,constituency
توزر,توزر,الحضر,TN625160,الحضر,El-Hadher,TN6251,Tozeur,Tozeur,33.79429856,8.11967241,281.158988,4969,1.0000,scoped,constituency
توزر,توزر,الزبدة,TN625152,الزبدة,Ez-Zebda,TN6251,Tozeur,Tozeur,33.91966898,8.13453961,0.102962,2324,1.0000,scoped,constituency
توزر,توزر,الشابية,TN625159,الشابية,Ech-Chabia,TN6251,Tozeur,Tozeur,33.89084465,8.04442009,22.161360,4554,1.0000,scoped,constituency
توزر,توزر,القيطنة,TN625155,القيطنة,El Keitna,TN6251,Tozeur,Tozeur,33.92588346,8.13463980,0.456733,1,1.0000,scoped,constituency
توزر,توزر,الهبائلة,TN625153,الهبائلة,El Habaila,TN6251,Tozeur,Tozeur,33.91708065,8.13373334,0.228782,2148,1.0000,scoped,constituency
توزر,توزر,الهوادف,TN625154,الهوادف,El Haouadef,TN6251,Tozeur,Tozeur,33.81464583,8.22295726,187.590066,2936,1.0000,scoped,constituency
توزر,توزر,حي المطار,TN625158,حي المطار,Cite L'Aeroport,TN6251,Tozeur,Tozeur,34.01858209,8.04348376,296.696785,8447,1.0000,scoped,constituency
توزر,توزر,رأس الذراع حلبة,TN625156,رأس الذراع حلبة,Ras Draa-Helba,TN6251,Tozeur,Tozeur,33.95269684,8.16513767,12.367333,3694,1.0000,scoped,constituency
توزر,توزر,مسغونة,TN625151,مسغونة,Masghouna,TN6251,Tozeur,Tozeur,33.92070345,8.13185992,0.145980,988,1.0000,scoped,constituency
توزر,دقاش - حامة الجريد - تمغزة,الحامة,TN625256,الحامة,El Hamma,TN6252,Degueche,Tozeur,34.07813774,8.10342718,124.589874,3334,1.0000,scoped,constituency
توزر,دقاش - حامة الجريد - تمغزة,الرميثة,TN625356,الرميثة,Er-Remitha,TN6253,Tamaghza,Tozeur,34.43805423,7.97891971,19.639690,469,1.0000,scoped,constituency
توزر,دقاش - حامة الجريد - تمغزة,الشبيكة,TN625352,الشبيكة,Chebika,TN6253,Tamaghza,Tozeur,34.21700421,7.90336816,664.892421,949,1.0000,scoped,constituency
توزر,دقاش - حامة الجريد - تمغزة,المحاسن,TN625254,المحاسن,El Mahassen,TN6252,Degueche,Tozeur,33.91335372,8.34663341,55.214052,3063,1.0000,scoped,constituency
توزر,دقاش - حامة الجريد - تمغزة,النملات,TN625259,النملات,En-Namlat,TN6252,Degueche,Tozeur,33.99053813,8.16186123,2.198265,2038,1.0000,scoped,constituency
توزر,دقاش - حامة الجريد - تمغزة,بوهلال,TN625255,بوهلال,Bou Helal,TN6252,Degueche,Tozeur,33.94926465,8.33758200,57.238515,2849,1.0000,scoped,constituency
توزر,دقاش - حامة الجريد - تمغزة,تمغزة,TN625351,تمغزة,Tameghza,TN6253,Tamaghza,Tozeur,34.38171500,7.95043521,34.674483,2059,1.0000,scoped,constituency
توزر,دقاش - حامة الجريد - تمغزة,دغومس,TN625258,دغومس,Dghoumes,TN6252,Degueche,Tozeur,33.94862560,8.45292963,456.010454,1622,1.0000,scoped,constituency
توزر,دقاش - حامة الجريد - تمغزة,دقاش الجنوبية,TN625252,دقاش الجنوبية,Degach Sud,TN6252,Degueche,Tozeur,33.89024474,8.24792630,105.065843,4302,1.0000,scoped,constituency
توزر,دقاش - حامة الجريد - تمغزة,دقاش الشمالية,TN625251,دقاش الشمالية,Degach Nord,TN6252,Degueche,Tozeur,33.98897558,8.22193795,0.691550,2377,1.0000,scoped,constituency
توزر,دقاش - حامة الجريد - تمغزة,سبع آبار,TN625253,سبع أبار,Sebaa Abar,TN6252,Degueche,Tozeur,33.90367319,8.30006055,151.009992,2838,1.0000,scoped,constituency
توزر,دقاش - حامة الجريد - تمغزة,شاكمو,TN625257,شاكمو,Chakmou,TN6252,Degueche,Tozeur,34.17840693,8.13377769,456.206741,397,1.0000,scoped,constituency
توزر,دقاش - حامة الجريد - تمغزة,عين الكرمة,TN625354,عين الكرمة,Ain El Karma,TN6253,Tamaghza,Tozeur,34.44397309,8.05705660,130.624166,1054,1.0000,scoped,constituency
توزر,دقاش - حامة الجريد - تمغزة,ميداس,TN625353,ميداس,Midas,TN6253,Tamaghza,Tozeur,34.40913488,7.91613427,23.617193,563,1.0000,scoped,constituency
توزر,نفطة - حزوة,الاصيل,TN625457,الأصيل,El-Assil,TN6254,Nefta,Tozeur,33.87465807,7.87401331,0.137697,1580,1.0000,scoped,constituency
توزر,نفطة - حزوة,التحرير,TN625456,التحرير,Ettahir,TN6254,Nefta,Tozeur,33.87039859,7.88320406,0.084354,1981,1.0000,scoped,constituency
توزر,نفطة - حزوة,الخضر بن حسين,TN625458,الخضر بن حسين,El Khadar Ben Houssine,TN6254,Nefta,Tozeur,33.97797235,7.77733749,157.494680,4216,1.0000,scoped,constituency
توزر,نفطة - حزوة,السنى,TN625454,السني,Es-Seni,TN6254,Nefta,Tozeur,33.83903660,7.88822369,13.085492,1709,1.0000,scoped,constituency
توزر,نفطة - حزوة,الشافعي الشريف,TN625451,الشافعي الشريف,Chafai Ech-Cherif,TN6254,Nefta,Tozeur,33.99161260,7.88876768,430.891911,2572,1.0000,scoped,constituency
توزر,نفطة - حزوة,العيون,TN625455,العيون,El Ayoun,TN6254,Nefta,Tozeur,33.67548434,7.99169794,672.558844,2315,1.0000,scoped,constituency
توزر,نفطة - حزوة,الواحة,TN625453,الواحة,El Ouaha,TN6254,Nefta,Tozeur,33.69246489,7.79645454,334.644406,1904,1.0000,scoped,constituency
توزر,نفطة - حزوة,حزوة,TN625551,حزوة,Hazoua,TN6255,Hazoua,Tozeur,33.76641627,7.63284987,85.791787,2558,1.0000,scoped,constituency
توزر,نفطة - حزوة,حطام,TN625552,حطام,Hattem,TN6255,Hazoua,Tozeur,33.95748206,7.64480636,577.687080,916,1.0000,scoped,constituency
توزر,نفطة - حزوة,عين أولاد الغريسي,TN625553,عين أولاد اللغريسي,Ain Ouled El Ggerissi,TN6255,Hazoua,Tozeur,33.61044252,7.72220686,592.766389,532,0.9677,scoped,constituency
توزر,نفطة - حزوة,غرة جوان,TN625452,01جوان,01 Juin,TN6254,Nefta,Tozeur,33.87967381,7.97172166,28.249972,1864,1.0000,alias,constituency
تونس,التحرير - باردو,إبن سيناء,TN116064,إبن سيناء,Ibn Sina,TN1160,Bardo,Tunis,36.82976038,10.11684408,0.275608,1648,1.0000,scoped,constituency
تونس,التحرير - باردو,الإقامة الطيبة,TN116056,الإقامة الطيبة,Bonne Residence,TN1160,Bardo,Tunis,36.80528276,10.14593583,0.496793,567,1.0000,scoped,constituency
تونس,التحرير - باردو,البساتين,TN116061,البساتين,El Bassatine,TN1160,Bardo,Tunis,36.81800621,10.13801446,0.336067,606,1.0000,scoped,constituency
تونس,التحرير - باردو,التحرير الأول,TN115751,التحرير الأول,Ettahrir (1),TN1157,El Tahrir,Tunis,36.82358794,10.12425026,0.253432,12130,1.0000,scoped,constituency
تونس,التحرير - باردو,التحرير الثالث,TN115753,التحرير الثالث,Ettahrir (3),TN1157,El Tahrir,Tunis,36.82417508,10.12921491,0.316505,613,1.0000,scoped,constituency
تونس,التحرير - باردو,التحرير الثاني,TN115752,التحرير الثاني,Ettahrir (2),TN1157,El Tahrir,Tunis,36.82945233,10.12317104,0.378227,2049,1.0000,scoped,constituency
تونس,التحرير - باردو,التحرير العلوي,TN115754,التحرير العلوي,Ettahrir Superieur,TN1157,El Tahrir,Tunis,36.83363443,10.12076768,0.232880,3098,1.0000,scoped,constituency
تونس,التحرير - باردو,الحديقة - (التحرير),TN115755,الحديقة,El Hadika,TN1157,El Tahrir,Tunis,36.82248869,10.13340117,0.497239,1471,1.0000,scoped,constituency
تونس,التحرير - باردو,الحديقة - (باردو),TN115755,الحديقة,El Hadika,TN1157,El Tahrir,Tunis,36.82248869,10.13340117,0.497239,1078,1.0000,scoped,constituency
تونس,التحرير - باردو,السعادة,TN116062,السعادة,Es-Saada,TN1160,Bardo,Tunis,36.79845406,10.12140415,0.368769,3697,1.0000,scoped,constituency
تونس,التحرير - باردو,الفتح,TN116058,الفتح,El Fath,TN1160,Bardo,Tunis,36.80049607,10.12694806,0.377954,897,1.0000,scoped,constituency
تونس,التحرير - باردو,باردو,TN116051,باردو,Le Bardo,TN1160,Bardo,Tunis,36.81242336,10.14054593,0.509056,13525,1.0000,scoped,constituency
تونس,التحرير - باردو,باردو الجنوبي,TN116053,باردو الجنوبي,Le Bardo Sud,TN1160,Bardo,Tunis,36.80317427,10.13520734,0.324941,4114,1.0000,scoped,constituency
تونس,التحرير - باردو,باردو الشمالي,TN116052,باردو الشمالي,Le Bardo Nord,TN1160,Bardo,Tunis,36.81364704,10.13285363,0.649691,6997,1.0000,scoped,constituency
تونس,التحرير - باردو,بوشوشة,TN116055,بوشوشة,Bou-Choucha,TN1160,Bardo,Tunis,36.81061370,10.14677365,0.465294,8620,1.0000,scoped,constituency
تونس,التحرير - باردو,خزندار,TN116057,خزندار,Khaznadar,TN1160,Bardo,Tunis,36.80601592,10.12720275,0.975461,14783,1.0000,scoped,constituency
تونس,التحرير - باردو,قصر البرطال,TN116063,قصر البرطال,Ksar-El Bortal,TN1160,Bardo,Tunis,36.81623103,10.11972402,0.507499,3699,1.0000,scoped,constituency
تونس,التحرير - باردو,قصر السعيد,TN116059,قصر السعيد,Ksar-Said,TN1160,Bardo,Tunis,36.81246357,10.12628801,0.764032,3669,1.0000,scoped,constituency
تونس,التحرير - باردو,قصر السعيد الثاني,TN116060,قصر السعيد الثاني,Ksar-Said II,TN1160,Bardo,Tunis,36.82304523,10.11921962,0.330315,5337,1.0000,scoped,constituency
تونس,الحرائرية,الحرائرية,TN116351,الحرايرية,El-Hrairia,TN1163,Hrairia,Tunis,36.78982543,10.12223568,0.474184,11394,1.0000,scoped,constituency
تونس,الحرائرية,الزهروني,TN116359,الزهروني,Ezzahrouni,TN1163,Hrairia,Tunis,36.78364156,10.10864640,1.235167,23457,1.0000,scoped,constituency
تونس,الحرائرية,الزهور الخامس,TN116352,الزهور الخامس,Ezzouhour V,TN1163,Hrairia,Tunis,36.78844256,10.10456372,0.554724,14737,1.0000,scoped,constituency
تونس,الحرائرية,العقبة,TN116353,العقبة,El Akba,TN1163,Hrairia,Tunis,36.79529497,10.09739134,0.914758,11303,1.0000,scoped,constituency
تونس,الحرائرية,العقبة العليا,TN116354,العقبة العليا,El Akba Superieur,TN1163,Hrairia,Tunis,36.78804261,10.09185915,2.827707,4470,1.0000,scoped,constituency
تونس,الحرائرية,العنتيت,TN116356,العنتيت,El Antit,TN1163,Hrairia,Tunis,36.79574507,10.11124118,0.225454,3041,1.0000,scoped,constituency
تونس,الحرائرية,الفلة,TN116357,الفلة,El Foula,TN1163,Hrairia,Tunis,36.79408262,10.10511585,0.476214,3330,1.0000,scoped,constituency
تونس,الحرائرية,طارق بن زياد,TN116358,طارق بن زياد,Tarak Ibn Ziad,TN1163,Hrairia,Tunis,36.79268939,10.11347018,0.637689,2147,1.0000,scoped,constituency
تونس,الحرائرية,غدير القلة,TN116355,غدير القلة,Ghedir El Golla,TN1163,Hrairia,Tunis,36.78076284,10.04915614,16.637415,3230,1.0000,scoped,constituency
تونس,السيجومي - الزهور,الزهور,TN116251,الزهور,Ezzouhour,TN1162,Ezzouhour,Tunis,36.79742649,10.13409957,0.332716,11862,1.0000,scoped,constituency
تونس,السيجومي - الزهور,الزهور الرابع,TN116252,الزهور الرابع,Ezzouhour IV,TN1162,Ezzouhour,Tunis,36.79530108,10.12681521,0.312880,3551,1.0000,scoped,constituency
تونس,السيجومي - الزهور,السعادة,TN116253,السعادة,Es-Saada,TN1162,Ezzouhour,Tunis,36.79946315,10.14907518,0.396204,2164,1.0000,scoped,constituency
تونس,السيجومي - الزهور,السمران,TN116254,السمران,Es-Soumrane,TN1162,Ezzouhour,Tunis,36.79915856,10.14025787,0.392932,4932,1.0000,scoped,constituency
تونس,السيجومي - الزهور,الملاسين,TN116156,الملاسين,Mellassine,TN1161,Sijoumi,Tunis,36.79515014,10.15160312,0.272992,6094,1.0000,scoped,constituency
تونس,السيجومي - الزهور,النجاح,TN116153,النجاح,En-Najah,TN1161,Sijoumi,Tunis,36.79356330,10.15829054,0.474154,3785,1.0000,scoped,constituency
تونس,السيجومي - الزهور,بئر عنيبة,TN116155,بئر عنيبة,Bir Anniba,TN1161,Sijoumi,Tunis,36.78854822,10.16522245,0.195232,355,1.0000,scoped,constituency
تونس,السيجومي - الزهور,باش حانبة,TN116256,باش حانبة,Bach-Hamba,TN1162,Ezzouhour,Tunis,36.79107592,10.13273882,0.936255,4051,1.0000,scoped,constituency
تونس,السيجومي - الزهور,حي الشهداء,TN116154,حي الشهداء,Cite Des Martyrs,TN1161,Sijoumi,Tunis,36.77709989,10.17009696,0.292701,828,1.0000,scoped,constituency
تونس,السيجومي - الزهور,حي الطيران,TN116255,حي الطيران,Cite Tayarane,TN1162,Ezzouhour,Tunis,36.79398952,10.14394836,0.428829,5652,1.0000,scoped,constituency
تونس,السيجومي - الزهور,حي هلال,TN116151,حي هلال,Cite Helel,TN1161,Sijoumi,Tunis,36.78518462,10.16512679,0.315271,7771,1.0000,scoped,constituency
تونس,السيجومي - الزهور,علي البلهوان - (السيجومي),TN116152,علي البلهوان,Ali Belhouane,TN1161,Sijoumi,Tunis,36.79692316,10.16016613,0.250964,7543,1.0000,scoped,constituency
تونس,العمران - العمران الاعلى,أحمد التليلي,TN115658,أحمد التليلي,Ahmed Tlili,TN1156,Omrane Supérieur,Tunis,36.83212114,10.13255250,0.290206,3833,1.0000,scoped,constituency
تونس,العمران - العمران الاعلى,الجبل الأحمر,TN115552,الجبل الأحمر,Djebel El Ahmar,TN1155,Omrane,Tunis,36.82175710,10.16073870,0.085279,7276,1.0000,scoped,constituency
تونس,العمران - العمران الاعلى,الرمانة,TN115652,الرمانة,El Romana,TN1156,Omrane Supérieur,Tunis,36.82480533,10.14153678,0.223598,8672,1.0000,scoped,constituency
تونس,العمران - العمران الاعلى,الصديق,TN115659,الصديق,Es-Sadique,TN1156,Omrane Supérieur,Tunis,36.83134745,10.12687083,0.396565,1602,1.0000,scoped,constituency
تونس,العمران - العمران الاعلى,العمران,TN115551,العمران,El Omrane,TN1155,Omrane,Tunis,36.81500293,10.16763181,1.437924,10510,1.0000,scoped,constituency
تونس,العمران - العمران الاعلى,العمران الأعلى,TN115656,العمران الأعلى,El Omrane Superieur,TN1156,Omrane Supérieur,Tunis,36.84161408,10.13018813,0.547715,9315,1.0000,scoped,constituency
تونس,العمران - العمران الاعلى,النسيم,TN115657,النسيم,El Nassim,TN1156,Omrane Supérieur,Tunis,36.84164868,10.12537483,0.381382,2925,1.0000,scoped,constituency
تونس,العمران - العمران الاعلى,بئر عتيق,TN115555,بئر عتيق,Bir Atig,TN1155,Omrane,Tunis,36.81902236,10.15401277,0.712523,3238,1.0000,scoped,constituency
تونس,العمران - العمران الاعلى,حي الإنطلاقة,TN115655,حي الإنطلاقة,Cite El Intilaka,TN1156,Omrane Supérieur,Tunis,36.84029697,10.12024397,0.513139,8845,1.0000,scoped,constituency
تونس,العمران - العمران الاعلى,حي الزياتين,TN115553,حي الزياتين,Cite Des Oliviers,TN1155,Omrane,Tunis,36.82391336,10.15740818,1.094667,7993,1.0000,scoped,constituency
تونس,العمران - العمران الاعلى,حي بن خلدون الأول,TN115651,حي بن خلدون الأول,Cite Ibn Khaldoun I,TN1156,Omrane Supérieur,Tunis,36.82802848,10.13993893,0.349379,5622,1.0000,scoped,constituency
تونس,العمران - العمران الاعلى,حي بن خلدون الثاني,TN115653,حي بن خلدون الثاني,Cite Ibn Khaldoun II,TN1156,Omrane Supérieur,Tunis,36.83139898,10.13753781,0.346963,874,1.0000,scoped,constituency
تونس,العمران - العمران الاعلى,حي بن خلدون السادس,TN115654,حي بن خلدون السادس,Cite Ibn Khaldoun VI,TN1156,Omrane Supérieur,Tunis,36.83602709,10.12542616,0.190571,778,1.0000,scoped,constituency
تونس,العمران - العمران الاعلى,رأس الطابية,TN115554,رأس الطابية,Ras Tabia,TN1155,Omrane,Tunis,36.82003785,10.14523757,1.025766,4783,1.0000,scoped,constituency
تونس,العمران - العمران الاعلى,وادي السبعي,TN115556,وادي السبعي,Oued El Sebai,TN1155,Omrane,Tunis,36.82487603,10.16464096,0.605583,2727,1.0000,scoped,constituency
تونس,الكبارية,إبن سينا 1,TN116656,إبن سينا 1,Ibn Sina 1,TN1166,Kabaria,Tunis,36.75691514,10.18272573,0.817133,11972,1.0000,scoped,constituency
تونس,الكبارية,إبن سينا 2,TN116657,إبن سينا 2,Ibn Sina 2,TN1166,Kabaria,Tunis,36.74019579,10.18490621,5.318016,6718,1.0000,scoped,constituency
تونس,الكبارية,الكبارية 1,TN116651,الكبارية 1,El Kabaria (1),TN1166,Kabaria,Tunis,36.76135798,10.19383332,0.433431,6978,1.0000,scoped,constituency
تونس,الكبارية,الكبارية 2,TN116652,الكبارية 2,El Kabaria (2),TN1166,Kabaria,Tunis,36.75903001,10.18908000,0.202289,4224,1.0000,scoped,constituency
تونس,الكبارية,الكبارية 3,TN116653,الكبارية 3,El Kabaria (3),TN1166,Kabaria,Tunis,36.75625149,10.19675556,0.497891,5648,1.0000,scoped,constituency
تونس,الكبارية,الكبارية 4,TN116654,الكبارية 4,El Kabaria (4),TN1166,Kabaria,Tunis,36.75166181,10.19193672,0.631444,6236,1.0000,scoped,constituency
تونس,الكبارية,المروج 2,TN116658,المروج 2,El Mourouj (2),TN1166,Kabaria,Tunis,36.74032095,10.19920926,1.400973,11974,1.0000,scoped,constituency
تونس,الكبارية,حي النور,TN116655,حي النور,Cite Ennour,TN1166,Kabaria,Tunis,36.74932700,10.20172285,0.878192,6129,1.0000,scoped,constituency
تونس,الكرم,البئر الحلو,TN117057,بئر الحلو,Bir El Helou,TN1170,Le Kram,Tunis,36.84389879,10.31217226,0.360631,3066,0.9000,scoped,constituency
تونس,الكرم,البحيرة,TN117053,البحيرة,El Bouhaira,TN1170,Le Kram,Tunis,36.85437220,10.29299205,4.056059,8797,1.0000,scoped,constituency
تونس,الكرم,الرياض,TN117052,الرياض,Erriadh,TN1170,Le Kram,Tunis,36.83704330,10.30986665,0.902171,7551,1.0000,scoped,constituency
تونس,الكرم,الكرم الشرقي,TN117051,الكرم الشرقي,Le Kram Est,TN1170,Le Kram,Tunis,36.83494312,10.31843204,0.572403,12053,1.0000,scoped,constituency
تونس,الكرم,الكرم الغربي,TN117055,الكرم الغربي,Le Kram Ouest,TN1170,Le Kram,Tunis,36.84088113,10.30557154,0.509412,14619,1.0000,scoped,constituency
تونس,الكرم,سيدي عمر,TN117056,سيدي عمر,Sidi Amor,TN1170,Le Kram,Tunis,36.84666390,10.29964167,1.362496,657,1.0000,scoped,constituency
تونس,الكرم,سيدي فرج,TN117054,سيدي فرج,Sidi Fredj,TN1170,Le Kram,Tunis,36.85992887,10.27757458,1.824480,3739,1.0000,scoped,constituency
تونس,المدينة - باب سويقة,التوفيق,TN115260,التوفيق,El Taoufik,TN1152,Médina,Tunis,36.79954644,10.16429981,0.232796,5195,1.0000,scoped,constituency
تونس,المدينة - باب سويقة,الحفصية,TN115252,الحفصية,El Hafsia,TN1152,Médina,Tunis,36.80320770,10.17137056,0.110702,7194,1.0000,scoped,constituency
تونس,المدينة - باب سويقة,الحلفاوين,TN115456,الحلفاوين,El Halfaouine,TN1154,Bab Souika,Tunis,36.80739392,10.16563110,0.123650,8025,1.0000,scoped,constituency
تونس,المدينة - باب سويقة,الزاوية البكرية,TN115459,الزاوية البكرية,Zaouiet El Bekria,TN1154,Bab Souika,Tunis,36.80835493,10.16147958,0.074782,331,1.0000,scoped,constituency
تونس,المدينة - باب سويقة,الزرارعية,TN115258,الزرارعية,El Zraria,TN1152,Médina,Tunis,36.80114305,10.17384587,0.126745,596,1.0000,scoped,constituency
تونس,المدينة - باب سويقة,الصباغين,TN115261,الصباغين,El Sabaghine,TN1152,Médina,Tunis,36.79435858,10.17350018,0.079526,670,1.0000,scoped,constituency
تونس,المدينة - باب سويقة,المدينة,TN115251,المدينة,La Medina,TN1152,Médina,Tunis,36.80288704,10.16803723,0.096982,574,1.0000,scoped,constituency
تونس,المدينة - باب سويقة,باب البنات,TN115253,باب البنات,Bab Benat,TN1152,Médina,Tunis,36.80064962,10.16702080,0.099264,5675,1.0000,scoped,constituency
تونس,المدينة - باب سويقة,باب الخضراء,TN115452,باب الخضراء,Bab El Khadra,TN1154,Bab Souika,Tunis,36.81035211,10.17128434,0.178000,11748,1.0000,scoped,constituency
تونس,المدينة - باب سويقة,باب العسل,TN115455,باب العسل,Bab El Assel,TN1154,Bab Souika,Tunis,36.81125229,10.16693041,0.180388,581,1.0000,scoped,constituency
تونس,المدينة - باب سويقة,باب المنارة,TN115256,باب المنارة,Bab Mnara,TN1152,Médina,Tunis,36.79498618,10.16630487,0.296270,5473,1.0000,scoped,constituency
تونس,المدينة - باب سويقة,باب سعدون,TN115453,باب سعدون,Bab Saadoun,TN1154,Bab Souika,Tunis,36.80636125,10.16298983,0.097219,5420,1.0000,scoped,constituency
تونس,المدينة - باب سويقة,باب سيدي عبد السلام,TN115458,باب سيدي عبد السلام,Bab Sidi Abdessalem,TN1154,Bab Souika,Tunis,36.80936072,10.16487347,0.078000,763,1.0000,scoped,constituency
تونس,المدينة - باب سويقة,برج زوارة,TN115454,برج زوارة,Borj Zouara,TN1154,Bab Souika,Tunis,36.80428630,10.15660951,1.073205,697,1.0000,scoped,constituency
تونس,المدينة - باب سويقة,تربة الباي,TN115257,تربة الباي,Tourbet El Bey,TN1152,Médina,Tunis,36.79407106,10.17114975,0.110600,5787,1.0000,scoped,constituency
تونس,المدينة - باب سويقة,ترنجة,TN115451,ترنجة,Tronja,TN1154,Bab Souika,Tunis,36.80400639,10.17391970,0.107059,8509,1.0000,scoped,constituency
تونس,المدينة - باب سويقة,حمام الرميمي,TN115460,حمام الرميمي,Hammam El Rmimi,TN1154,Bab Souika,Tunis,36.80694269,10.17252143,0.094375,575,1.0000,scoped,constituency
تونس,المدينة - باب سويقة,سوق النحاس,TN115254,سوق النحاس,Souk El Nhes,TN1152,Médina,Tunis,36.79986102,10.17054125,0.082031,589,1.0000,scoped,constituency
تونس,المدينة - باب سويقة,سيدي الجبالي,TN115461,سيدي الجبالي,Sidi Djebali,TN1154,Bab Souika,Tunis,36.80447103,10.16558483,0.087884,274,1.0000,scoped,constituency
تونس,المدينة - باب سويقة,سيدي بومنديل,TN115262,سيدي بومنديل,Sidi Boumendil,TN1152,Médina,Tunis,36.79451385,10.17531797,0.059549,3860,1.0000,scoped,constituency
تونس,المدينة - باب سويقة,سيدي علي عزوز,TN115259,سيدي علي عزوز,Sidi Ali Azouz,TN1152,Médina,Tunis,36.79724849,10.17391168,0.078556,2654,1.0000,scoped,constituency
تونس,الوردية - جبل الجلود,الأفران,TN116856,الأفران,El Afrane,TN1168,Jebel Jelloud,Tunis,36.77351802,10.19725223,0.722456,2005,1.0000,scoped,constituency
تونس,الوردية - جبل الجلود,السبخاء,TN116855,السبخاء,Es-Sebkha,TN1168,Jebel Jelloud,Tunis,36.76998231,10.21107678,1.933737,152,1.0000,scoped,constituency
تونس,الوردية - جبل الجلود,الطاهر صفر,TN116553,الطاهر صفر,Tahar Sfar,TN1165,El Ouardia,Tunis,36.77165668,10.17453487,0.471174,733,1.0000,scoped,constituency
تونس,الوردية - جبل الجلود,القرجومة,TN116853,القرجومة,El Garjouma,TN1168,Jebel Jelloud,Tunis,36.76590732,10.19838502,0.361723,1968,1.0000,scoped,constituency
تونس,الوردية - جبل الجلود,الوردية,TN116551,الوردية,El Ouardia,TN1165,El Ouardia,Tunis,36.76549483,10.17778461,1.363296,16608,1.0000,scoped,constituency
تونس,الوردية - جبل الجلود,بوقطفة,TN116552,بوقطفة,Bou-Gatfa,TN1165,El Ouardia,Tunis,36.77505136,10.19020918,0.463240,3971,1.0000,scoped,constituency
تونس,الوردية - جبل الجلود,جبل الجلود,TN116857,جبل الجلود,Djebel Djeloud,TN1168,Jebel Jelloud,Tunis,36.76860848,10.20422357,0.273768,4543,1.0000,scoped,constituency
تونس,الوردية - جبل الجلود,حي الإزدهار,TN116554,حي الإزدهار,Cite El Izdihar,TN1165,El Ouardia,Tunis,36.77252536,10.18390397,0.432924,4069,1.0000,scoped,constituency
تونس,الوردية - جبل الجلود,حي الفتح,TN116854,حي الفتح,Cite El Fath,TN1168,Jebel Jelloud,Tunis,36.75706512,10.20637989,1.406003,7279,1.0000,scoped,constituency
تونس,الوردية - جبل الجلود,حي محمد علي,TN116555,حي محمد علي,Cite Mohamed Ali,TN1165,El Ouardia,Tunis,36.76644661,10.18938982,0.500027,4778,1.0000,scoped,constituency
تونس,الوردية - جبل الجلود,سيدي بلحسن,TN116556,سيدي بلحسن,Sidi Belhassen,TN1165,El Ouardia,Tunis,36.77897941,10.18657223,0.787022,3609,1.0000,scoped,constituency
تونس,الوردية - جبل الجلود,سيدي فتح الله,TN116851,سيدي فتح الله,Sidi Fathallah,TN1168,Jebel Jelloud,Tunis,36.76306433,10.21049982,0.408629,2220,1.0000,scoped,constituency
تونس,الوردية - جبل الجلود,علي باش حانبة,TN116852,علي باش حانبة,Ali Bach-Hamba,TN1168,Jebel Jelloud,Tunis,36.77017014,10.19904068,0.167623,1917,1.0000,scoped,constituency
تونس,باب البحر - سيدي البشير,أبو القاسم الشابي,TN116755,أبو القاسم الشابي,Abulkacem Ech-Chebbi,TN1167,Sidi El Béchir,Tunis,36.78720930,10.17351679,0.413824,4692,1.0000,scoped,constituency
تونس,باب البحر - سيدي البشير,الحبيب ثامر,TN115355,الحبيب ثامر,Habib Thameur,TN1153,Bab Bhar,Tunis,36.80334805,10.20034657,1.867954,6251,1.0000,scoped,constituency
تونس,باب البحر - سيدي البشير,الحدائق,TN115352,الحدائق,Les Jardins,TN1153,Bab Bhar,Tunis,36.80938034,10.18959731,1.742663,5387,1.0000,scoped,constituency
تونس,باب البحر - سيدي البشير,السيدة المنوبية,TN116756,السيدة المنوبية,Saida Manoubia,TN1167,Sidi El Béchir,Tunis,36.78010821,10.17021298,0.412511,4283,1.0000,scoped,constituency
تونس,باب البحر - سيدي البشير,المنجي سليم,TN115354,المنجي سليم,Mongi Slim,TN1153,Bab Bhar,Tunis,36.80254119,10.17800491,0.332490,314,1.0000,scoped,constituency
تونس,باب البحر - سيدي البشير,الهادي شاكر,TN115357,الهادي شاكر,Hedi Chaker,TN1153,Bab Bhar,Tunis,36.81151734,10.17697164,0.369194,3494,1.0000,scoped,constituency
تونس,باب البحر - سيدي البشير,باب البحر,TN115351,باب البحر,Bab El Bhar,TN1153,Bab Bhar,Tunis,36.79414983,10.17750126,0.440963,10588,1.0000,scoped,constituency
تونس,باب البحر - سيدي البشير,بحيرة تونس,TN115353,بحيرة تونس,Lac De Tunis,TN1153,Bab Bhar,Tunis,36.79090043,10.19886569,5.824315,1738,1.0000,scoped,constituency
تونس,باب البحر - سيدي البشير,سيدي البحري,TN115358,سيدي البحري,Sidi El Bahri,TN1153,Bab Bhar,Tunis,36.80760816,10.17612119,0.132535,5778,1.0000,scoped,constituency
تونس,باب البحر - سيدي البشير,سيدي البشير,TN116751,سيدي البشير,Sidi El Bechir,TN1167,Sidi El Béchir,Tunis,36.78819571,10.18253279,0.717545,1401,1.0000,scoped,constituency
تونس,باب البحر - سيدي البشير,سيدي منصور,TN116752,سيدي منصور,Sidi Mansour,TN1167,Sidi El Béchir,Tunis,36.79009799,10.17491346,0.162487,469,1.0000,scoped,constituency
تونس,باب البحر - سيدي البشير,فرحات حشاد - (سيدي البشير),TN116751,سيدي البشير,Sidi El Bechir,TN1167,Sidi El Béchir,Tunis,36.78819571,10.18253279,0.717545,6713,1.0000,scoped,constituency
تونس,باب البحر - سيدي البشير,معقل الزعيم,TN116753,معقل الزعيم,Maakel Ezzaim,TN1167,Sidi El Béchir,Tunis,36.79085888,10.16874276,0.307230,301,1.0000,scoped,constituency
تونس,حلق الوادي,الطيب المهيري,TN116954,الطيب المهيري,Taieb Mhiri,TN1169,La Goulette,Tunis,36.83670185,10.27943460,16.830746,22782,1.0000,scoped,constituency
تونس,حلق الوادي,حلق الوادي,TN116951,حلق الوادي,La Goulette,TN1169,La Goulette,Tunis,36.81337641,10.28767489,1.691083,9478,1.0000,scoped,constituency
تونس,حلق الوادي,حلق الوادي كازينو,TN116952,حلق الوادي كازينو,La Goulette Casino,TN1169,La Goulette,Tunis,36.82215211,10.30747708,0.411465,493,1.0000,scoped,constituency
تونس,حلق الوادي,حي السلامة,TN116955,حي السلامة,Cite Essalama,TN1169,La Goulette,Tunis,36.85531890,10.27013963,0.212037,1558,1.0000,scoped,constituency
تونس,حلق الوادي,خير الدين,TN116953,خير الدين,Kheireddine,TN1169,La Goulette,Tunis,36.82971357,10.30896959,0.950930,3833,1.0000,scoped,constituency
تونس,حي الخضراء - المنزه,(علي البلهوان - (حي الخضراء,TN115951,حي الخضراء,Cite El Khadra,TN1159,Cité El Khadra,Tunis,36.83219421,10.19273699,0.290610,7768,1.0000,scoped,constituency
تونس,حي الخضراء - المنزه,(فرحات حشاد - (حي الخضراء,TN115951,حي الخضراء,Cite El Khadra,TN1159,Cité El Khadra,Tunis,36.83219421,10.19273699,0.290610,3743,1.0000,scoped,constituency
تونس,حي الخضراء - المنزه,البحيرة,TN115957,البحيرة,El Bouhaira,TN1159,Cité El Khadra,Tunis,36.82341429,10.23153519,19.924247,4383,1.0000,scoped,constituency
تونس,حي الخضراء - المنزه,الشرقية,TN115953,الشرقية,Ech-Charguia,TN1159,Cité El Khadra,Tunis,36.84785783,10.22514763,10.547157,312,1.0000,scoped,constituency
تونس,حي الخضراء - المنزه,الفتح,TN115853,الفتح,El Fath,TN1158,El Menzah,Tunis,36.84591329,10.13718597,1.494026,1307,1.0000,scoped,constituency
تونس,حي الخضراء - المنزه,المنار,TN115854,المنار,El Manar,TN1158,El Menzah,Tunis,36.84406614,10.15389817,3.039867,15703,1.0000,scoped,constituency
تونس,حي الخضراء - المنزه,المنار1,TN115855,المنار1,El Manar (1),TN1158,El Menzah,Tunis,36.83355572,10.14708490,1.559443,6141,1.0000,scoped,constituency
تونس,حي الخضراء - المنزه,المنزه,TN115852,المنزه,El Menzah,TN1158,El Menzah,Tunis,36.84044567,10.17568488,1.009076,9452,1.0000,scoped,constituency
تونس,حي الخضراء - المنزه,حي الحدائق,TN115952,حي الحدائق,Cite Jardin,TN1159,Cité El Khadra,Tunis,36.82639368,10.18399700,0.903675,3280,1.0000,scoped,constituency
تونس,حي الخضراء - المنزه,حي الخضراء,TN115951,حي الخضراء,Cite El Khadra,TN1159,Cité El Khadra,Tunis,36.83219421,10.19273699,0.290610,7692,1.0000,scoped,constituency
تونس,حي الخضراء - المنزه,حي السلام,TN115958,حي السلام,Hay Es Salem,TN1159,Cité El Khadra,Tunis,36.84033399,10.19168481,2.771788,151,1.0000,scoped,constituency
تونس,حي الخضراء - المنزه,خير الدين باشا,TN115954,خير الدين باشا,Khereiddine Pacha,TN1159,Cité El Khadra,Tunis,36.82083727,10.18978401,1.204613,415,1.0000,scoped,constituency
تونس,حي الخضراء - المنزه,غرة جوان,TN115851,01جوان,01 Juin,TN1158,El Menzah,Tunis,36.82835183,10.17318011,2.914864,6256,1.0000,alias,constituency
تونس,سيدي حسين,14 جانفي,TN116459,14جانفي,14 Janvier,TN1164,Sidi Hassine,Tunis,36.76564666,10.10321196,1.407083,10750,1.0000,scoped,constituency
تونس,سيدي حسين,20مارس,TN116455,20مارس,20 Mars,TN1164,Sidi Hassine,Tunis,36.74476228,10.10540404,3.705043,5836,1.0000,scoped,constituency
تونس,سيدي حسين,25جويلية,TN116458,25جويلية,25 Juillet,TN1164,Sidi Hassine,Tunis,36.75071051,10.12037442,1.356403,5286,1.0000,scoped,constituency
تونس,سيدي حسين,الجيارة,TN116453,الجيارة,El Jaiara,TN1164,Sidi Hassine,Tunis,36.77601193,10.10783876,1.139836,9778,1.0000,scoped,constituency
تونس,سيدي حسين,برج شاكير,TN116451,برج شاكير,Borj-Chakir,TN1164,Sidi Hassine,Tunis,36.75290626,10.06803855,24.501725,6520,1.0000,scoped,constituency
تونس,سيدي حسين,بيرين,TN116456,بيرين,Byrine,TN1164,Sidi Hassine,Tunis,36.71895601,10.09670404,20.376974,6384,1.0000,scoped,constituency
تونس,سيدي حسين,سيدي حسين,TN116452,سيدي حسين,Sidi Hassine,TN1164,Sidi Hassine,Tunis,36.77788128,10.11680746,1.344345,15062,1.0000,scoped,constituency
تونس,سيدي حسين,عطار,TN116454,عطار,Attar,TN1164,Sidi Hassine,Tunis,36.76314622,10.11331011,0.963764,9841,1.0000,scoped,constituency
تونس,سيدي حسين,مغيرة إنزال,TN116457,المغيرة إنزال,Meghiret Inzel,TN1164,Sidi Hassine,Tunis,36.72553606,10.12292836,9.674593,5434,0.9091,scoped,constituency
تونس,قرطاج - المرسى,أميلكار,TN115152,أميلكار,Amilcar,TN1151,Carthage,Tunis,36.87175355,10.33733156,0.685830,2389,1.0000,scoped,constituency
تونس,قرطاج - المرسى,البحر الأزرق,TN117160,البحر الأزرق,El Bahr El Azrak,TN1171,La Marsa,Tunis,36.88106119,10.28923947,7.635104,9311,1.0000,scoped,constituency
تونس,قرطاج - المرسى,الرميلة,TN117155,الرميلة,Er-Rmila,TN1171,La Marsa,Tunis,36.89113594,10.30135073,1.348104,3264,1.0000,scoped,constituency
تونس,قرطاج - المرسى,المرسى الحدائق,TN117153,المرسى الحدائق,La Marsa Hadayek,TN1171,La Marsa,Tunis,36.87768430,10.31160358,1.004480,4089,1.0000,scoped,constituency
تونس,قرطاج - المرسى,المرسى الرياض,TN117154,المرسى الرياض,La Marsa Erriadh,TN1171,La Marsa,Tunis,36.88809961,10.31349471,0.410475,18125,1.0000,scoped,constituency
تونس,قرطاج - المرسى,المرسى الشاطئ,TN117151,المرسى الشاطيء,La Marsa Plage,TN1171,La Marsa,Tunis,36.91110776,10.31601024,8.657672,5727,0.9600,scoped,constituency
تونس,قرطاج - المرسى,المرسى المدينة,TN117152,المرسى المدينة,La Marsa Medina,TN1171,La Marsa,Tunis,36.88047069,10.32051953,1.265787,22434,1.0000,scoped,constituency
تونس,قرطاج - المرسى,المرسى المنتزه,TN117156,المرسى المنتزه,La Marsa El Montazeh,TN1171,La Marsa,Tunis,36.87377094,10.32599619,1.768480,538,1.0000,scoped,constituency
تونس,قرطاج - المرسى,الياسمينة,TN115155,الياسمينة,Le Jasmin,TN1151,Carthage,Tunis,36.84717816,10.30964126,0.155753,6202,1.0000,scoped,constituency
تونس,قرطاج - المرسى,حي محمد علي,TN115156,حي محمد علي,Cite Mohamed Ali,TN1151,Carthage,Tunis,36.85193072,10.31096595,0.671829,2478,1.0000,scoped,constituency
تونس,قرطاج - المرسى,سيدي بوسعيد,TN115151,سيدي بوسعيد,Sidi Bou Said,TN1151,Carthage,Tunis,36.87105783,10.34800908,1.490064,4627,1.0000,scoped,constituency
تونس,قرطاج - المرسى,سيدي داود,TN117159,سيدي داود,Sidi Daoued,TN1171,La Marsa,Tunis,36.86373352,10.30768332,1.045926,9256,1.0000,scoped,constituency
تونس,قرطاج - المرسى,قرطاج الشاطىء,TN115154,قرطاج الشاطىء,Carthage Plage,TN1151,Carthage,Tunis,36.85140788,10.32957575,1.873974,3689,1.0000,scoped,constituency
تونس,قرطاج - المرسى,قرطاج بيرصا,TN115153,قرطاج بيرصا,Carthage Byrsa,TN1151,Carthage,Tunis,36.85664353,10.32411789,3.451300,10218,1.0000,scoped,constituency
تونس,قرطاج - المرسى,قمرت,TN117157,قمرت,Gammarth,TN1171,La Marsa,Tunis,36.90720426,10.29351153,6.845707,9179,1.0000,scoped,constituency
تونس,قرطاج - المرسى,قمرت العليا,TN117158,قمرت العليا,Gammarth Superieur,TN1171,La Marsa,Tunis,36.89179665,10.31023579,1.193565,569,1.0000,scoped,constituency
جندوبة,بوسالم - بلطة بوعوان,البئر الأخضر,TN225356,البئر الأخضر,Bir Lakhdar,TN2253,Bousalem,Jendouba,36.56819832,8.95023745,28.524046,3388,1.0000,scoped,constituency
جندوبة,بوسالم - بلطة بوعوان,البراهمي,TN225354,البراهمي,El Brahmi,TN2253,Bousalem,Jendouba,36.61029416,8.88284309,46.756375,3152,1.0000,scoped,constituency
جندوبة,بوسالم - بلطة بوعوان,البلدية,TN225954,البلدية,El Baldia,TN2259,Balta Bou Aouane,Jendouba,36.68118930,8.85735323,21.496197,2593,1.0000,scoped,constituency
جندوبة,بوسالم - بلطة بوعوان,الروماني,TN225353,الروماني,Erroumani,TN2253,Bousalem,Jendouba,36.62455081,9.02722779,29.695114,1881,1.0000,scoped,constituency
جندوبة,بوسالم - بلطة بوعوان,السمران,TN225957,السمران,Somrane,TN2259,Balta Bou Aouane,Jendouba,36.66596445,8.95985991,29.410786,3479,1.0000,scoped,constituency
جندوبة,بوسالم - بلطة بوعوان,الشواولة,TN225955,الشواولة,Cheouaoula,TN2259,Balta Bou Aouane,Jendouba,36.70996340,8.84871582,17.958391,1888,1.0000,scoped,constituency
جندوبة,بوسالم - بلطة بوعوان,العواوضة,TN225953,العواوضة,El Aouaoudha,TN2259,Balta Bou Aouane,Jendouba,36.69186686,8.90834000,35.744922,2569,1.0000,scoped,constituency
جندوبة,بوسالم - بلطة بوعوان,الكدية,TN225357,الكدية,El Koudia,TN2253,Bousalem,Jendouba,36.54796920,8.99620270,42.315565,1701,1.0000,scoped,constituency
جندوبة,بوسالم - بلطة بوعوان,المرجى,TN225355,المرجى,El Marja,TN2253,Bousalem,Jendouba,36.53069186,8.93029955,49.811712,3086,1.0000,scoped,constituency
جندوبة,بوسالم - بلطة بوعوان,المنقوش,TN225358,المنقوش,El Msanghouche,TN2253,Bousalem,Jendouba,36.55545484,9.04639033,44.426630,3235,1.0000,scoped,constituency
جندوبة,بوسالم - بلطة بوعوان,بلطة,TN225958,بلطة,Balta,TN2259,Balta Bou Aouane,Jendouba,36.70341933,8.95446852,12.237498,2965,1.0000,scoped,constituency
جندوبة,بوسالم - بلطة بوعوان,بني محمد,TN225956,بني محمد,Beni M'Hamed,TN2259,Balta Bou Aouane,Jendouba,36.75899547,8.91258954,24.341197,1417,1.0000,scoped,constituency
جندوبة,بوسالم - بلطة بوعوان,بوسالم الجنوبية,TN225352,بوسالم الجنوبية,Bou Salem Sud,TN2253,Bousalem,Jendouba,36.60842433,8.98008741,1.654800,2350,1.0000,scoped,constituency
جندوبة,بوسالم - بلطة بوعوان,بوسالم الشمالية,TN225351,بوسالم الشمالية,Bou Salem Nord,TN2253,Bousalem,Jendouba,36.60466935,8.95329124,6.494305,13790,1.0000,scoped,constituency
جندوبة,بوسالم - بلطة بوعوان,بوعوان,TN225960,بوعوان,Bou Aouane,TN2259,Balta Bou Aouane,Jendouba,36.69463171,9.00599990,22.206104,4686,1.0000,scoped,constituency
جندوبة,بوسالم - بلطة بوعوان,بولعابة,TN225962,بولعابة,Boulaaba,TN2259,Balta Bou Aouane,Jendouba,36.63565333,8.82659202,31.018714,1897,1.0000,scoped,constituency
جندوبة,بوسالم - بلطة بوعوان,سيدي عبيد,TN225359,سيدي عبيد,Sidi Abid,TN2253,Bousalem,Jendouba,36.48447235,8.98700865,46.877305,2339,1.0000,scoped,constituency
جندوبة,بوسالم - بلطة بوعوان,عبد الجبار,TN225959,عبد الجبار,Abdeljaber,TN2259,Balta Bou Aouane,Jendouba,36.70075734,8.97864075,11.896382,1249,1.0000,scoped,constituency
جندوبة,بوسالم - بلطة بوعوان,عسيلة,TN225951,عسيلة,Assila,TN2259,Balta Bou Aouane,Jendouba,36.63933242,8.99160140,22.737536,3185,1.0000,scoped,constituency
جندوبة,بوسالم - بلطة بوعوان,غزالة,TN225952,غزالة,Ghezala,TN2259,Balta Bou Aouane,Jendouba,36.65647037,8.86335018,29.037621,1764,1.0000,scoped,constituency
جندوبة,بوسالم - بلطة بوعوان,وادي كساب,TN225961,وادي كساب,Oued Kesseb,TN2259,Balta Bou Aouane,Jendouba,36.74442233,8.98220706,31.058161,1042,1.0000,scoped,constituency
جندوبة,جندوبة,التطور,TN225156,التطور,Ettataouer,TN2251,Jendouba Sud,Jendouba,36.47353833,8.80146121,16.343507,7248,1.0000,scoped,constituency
جندوبة,جندوبة,الجريف,TN225161,الجريف,El-Jerif,TN2251,Jendouba Sud,Jendouba,36.43078399,8.71276692,38.530266,3494,1.0000,scoped,constituency
جندوبة,جندوبة,الزغادية,TN225151,الزغايدة,Ezzeghaida,TN2251,Jendouba Sud,Jendouba,36.50341454,8.77408286,1.808140,8048,0.8750,scoped,constituency
جندوبة,جندوبة,السعادة,TN225154,السعادة,Es-Saada,TN2251,Jendouba Sud,Jendouba,36.45352692,8.76111797,37.777788,2791,1.0000,scoped,constituency
جندوبة,جندوبة,العزيمة,TN225162,العزيمة,El Azima,TN2251,Jendouba Sud,Jendouba,36.54464419,8.87241106,20.710268,2761,1.0000,scoped,constituency
جندوبة,جندوبة,العيثة,TN225158,العيثة,El Aitha,TN2251,Jendouba Sud,Jendouba,36.46998543,8.87797153,16.087829,3571,1.0000,scoped,constituency
جندوبة,جندوبة,الملقى,TN225155,الملقى,El Malga,TN2251,Jendouba Sud,Jendouba,36.50301335,8.82944948,32.113745,3027,1.0000,scoped,constituency
جندوبة,جندوبة,النور,TN225153,النور,En-Nour,TN2251,Jendouba Sud,Jendouba,36.50826436,8.78750464,0.924467,14070,1.0000,scoped,constituency
جندوبة,جندوبة,جندوبة الجنوبية,TN225152,جندوبة الجنوبية,Jendouba Sud,TN2251,Jendouba Sud,Jendouba,36.49691992,8.78222189,2.199550,12560,1.0000,scoped,constituency
جندوبة,جندوبة,سوق السبت,TN225157,سوق السبت,Souk Es-Sebt,TN2251,Jendouba Sud,Jendouba,36.47982946,8.89992151,28.228427,4141,1.0000,scoped,constituency
جندوبة,جندوبة,عين كريمة,TN225159,عين الكريمة,Ain Karima,TN2251,Jendouba Sud,Jendouba,36.44720940,8.85929706,25.534934,1503,0.8889,scoped,constituency
جندوبة,جندوبة,معلة,TN225160,معلة,Maalla,TN2251,Jendouba Sud,Jendouba,36.42270622,8.80638568,34.031417,785,1.0000,scoped,constituency
جندوبة,جندوبة الشمالية - فرنانة,أولاد مفدة,TN225654,أولاد مفدة,Ouled Mefada,TN2256,Fernana,Jendouba,36.65527098,8.48634600,24.072810,2936,1.0000,scoped,constituency
جندوبة,جندوبة الشمالية - فرنانة,الجواودة,TN225661,الجواودة,Jaouaouada,TN2256,Fernana,Jendouba,36.67988183,8.52169641,16.114396,2664,1.0000,scoped,constituency
جندوبة,جندوبة الشمالية - فرنانة,الخضراء,TN225254,الخضراء,El Khadhra,TN2252,Jendouba Nord,Jendouba,36.48223464,8.70495856,31.489223,2307,1.0000,scoped,constituency
جندوبة,جندوبة الشمالية - فرنانة,الدير,TN225259,الدير,Ed-Dir,TN2252,Jendouba Nord,Jendouba,36.57626007,8.54295814,23.906832,1872,1.0000,scoped,constituency
جندوبة,جندوبة الشمالية - فرنانة,الزهور,TN225253,الزهور,Ezzouhour,TN2252,Jendouba Nord,Jendouba,36.57196285,8.83833476,34.106951,1654,1.0000,scoped,constituency
جندوبة,جندوبة الشمالية - فرنانة,السواني,TN225255,السواني,Es-Souani,TN2252,Jendouba Nord,Jendouba,36.52827516,8.66932975,38.876165,2828,1.0000,scoped,constituency
جندوبة,جندوبة الشمالية - فرنانة,العاذر,TN225660,العاذر,El Adhar,TN2256,Fernana,Jendouba,36.70301925,8.58475439,29.873744,1944,1.0000,scoped,constituency
جندوبة,جندوبة الشمالية - فرنانة,الفردوس,TN225251,الفردوس,El Ferdous,TN2252,Jendouba Nord,Jendouba,36.51150282,8.72491008,20.810130,10911,1.0000,scoped,constituency
جندوبة,جندوبة الشمالية - فرنانة,القوايدية,TN225655,القوايدية,El Gouaidia,TN2256,Fernana,Jendouba,36.68620056,8.72042456,33.279496,2246,1.0000,scoped,constituency
جندوبة,جندوبة الشمالية - فرنانة,الهادي بن حسين,TN225252,الهادي بن حسين,El Hedi Ben Hassine,TN2252,Jendouba Nord,Jendouba,36.52046878,8.76955908,5.391032,4494,1.0000,scoped,constituency
جندوبة,جندوبة الشمالية - فرنانة,بلاريجيا,TN225256,بلاريجيا,Bulla-Regja,TN2252,Jendouba Nord,Jendouba,36.55216012,8.77379460,37.008976,3969,1.0000,scoped,constituency
جندوبة,جندوبة الشمالية - فرنانة,بني مطير,TN225656,بني مطير,Beni M'Tir,TN2256,Fernana,Jendouba,36.73095283,8.72593296,7.841363,823,1.0000,scoped,constituency
جندوبة,جندوبة الشمالية - فرنانة,بوهرتمة,TN225663,بوهرتمة,Bou Hertma,TN2256,Fernana,Jendouba,36.70183677,8.77707288,33.618016,2076,1.0000,scoped,constituency
جندوبة,جندوبة الشمالية - فرنانة,حليمة,TN225664,حليمة,Halima,TN2256,Fernana,Jendouba,36.60984874,8.52492553,32.297732,3241,1.0000,scoped,constituency
جندوبة,جندوبة الشمالية - فرنانة,ربيعة,TN225653,ربيعة,Rabiaa,TN2256,Fernana,Jendouba,36.59398962,8.75774820,33.351248,1860,1.0000,scoped,constituency
جندوبة,جندوبة الشمالية - فرنانة,زطفورة,TN225257,زطفورة,Zatfoura,TN2252,Jendouba Nord,Jendouba,36.57096677,8.68095648,36.096842,3652,1.0000,scoped,constituency
جندوبة,جندوبة الشمالية - فرنانة,سوق الجمعة,TN225260,سوق الجمعة,Souk Djemaa,TN2252,Jendouba Nord,Jendouba,36.57955164,8.59404591,24.618471,2663,1.0000,scoped,constituency
جندوبة,جندوبة الشمالية - فرنانة,سيدي عمار,TN225665,سيدي عمار,Sidi Ammar,TN2256,Fernana,Jendouba,36.62368981,8.73887919,28.527392,1677,1.0000,scoped,constituency
جندوبة,جندوبة الشمالية - فرنانة,شمتو,TN225258,شمتو,Chemtou,TN2252,Jendouba Nord,Jendouba,36.52451408,8.58322048,37.144485,2511,1.0000,scoped,constituency
جندوبة,جندوبة الشمالية - فرنانة,عين البية,TN225662,عين البية,Ain El Beya,TN2256,Fernana,Jendouba,36.65532478,8.62741378,18.714513,2779,1.0000,scoped,constituency
جندوبة,جندوبة الشمالية - فرنانة,فرنانة,TN225651,فرنانة,Fernana,TN2256,Fernana,Jendouba,36.67401127,8.69155945,33.607431,10318,1.0000,scoped,constituency
جندوبة,جندوبة الشمالية - فرنانة,قلوب الثيران,TN225657,قلوب الثيران,Gloub Ethirane,TN2256,Fernana,Jendouba,36.63794528,8.60865544,20.045120,2393,1.0000,scoped,constituency
جندوبة,جندوبة الشمالية - فرنانة,قلوب الثيران الشمالية,TN225658,قلوب الثيران الشمالية,Gloub Ethirane Nord,TN2256,Fernana,Jendouba,36.62885143,8.56349381,36.002610,1939,1.0000,scoped,constituency
جندوبة,جندوبة الشمالية - فرنانة,هذيل,TN225659,هذيل,Hedhil,TN2256,Fernana,Jendouba,36.67626640,8.62015228,12.112406,1868,1.0000,scoped,constituency
جندوبة,جندوبة الشمالية - فرنانة,وادي غريب,TN225652,وادي غريب,Oued Ghrib,TN2256,Fernana,Jendouba,36.61084198,8.67169386,38.432830,4213,1.0000,scoped,constituency
جندوبة,طبرقة - عين دراهم,أولاد سدرة,TN225553,أولاد سدرة,Ouled Sedra,TN2255,Aïn Draham,Jendouba,36.84484666,8.69320321,69.351514,2559,1.0000,scoped,constituency
جندوبة,طبرقة - عين دراهم,التباينية,TN225556,التباينية,Etbainia,TN2255,Aïn Draham,Jendouba,36.76851232,8.74998653,44.148419,2162,1.0000,scoped,constituency
جندوبة,طبرقة - عين دراهم,الحامدية,TN225453,الحامدية,El Hamdia,TN2254,Tabarka,Jendouba,36.91782758,8.78391361,31.067340,7061,1.0000,scoped,constituency
جندوبة,طبرقة - عين دراهم,الحمام,TN225454,الحمام,El Hammam,TN2254,Tabarka,Jendouba,36.88714289,8.83745324,48.957814,2392,1.0000,scoped,constituency
جندوبة,طبرقة - عين دراهم,الحمران,TN225555,الحمران,El Homrane,TN2255,Aïn Draham,Jendouba,36.78457776,8.85660425,57.603756,1062,1.0000,scoped,constituency
جندوبة,طبرقة - عين دراهم,الخمايرية,TN225557,الخمايرية,Khemairia,TN2255,Aïn Draham,Jendouba,36.75138269,8.58655821,58.153364,3869,1.0000,scoped,constituency
جندوبة,طبرقة - عين دراهم,الرويعي,TN225559,الرويعي,Er-Rouii,TN2255,Aïn Draham,Jendouba,36.74423097,8.53910798,39.858950,2578,1.0000,scoped,constituency
جندوبة,طبرقة - عين دراهم,الريحان,TN225452,الريحان,Raihane,TN2254,Tabarka,Jendouba,36.88712849,8.74360907,50.019178,6866,1.0000,scoped,constituency
جندوبة,طبرقة - عين دراهم,العطاطفة,TN225554,العطاطفة,El Atatfa,TN2255,Aïn Draham,Jendouba,36.81761320,8.74297576,37.236856,2285,1.0000,scoped,constituency
جندوبة,طبرقة - عين دراهم,الناظور,TN225456,الناظور,Nadhour,TN2254,Tabarka,Jendouba,36.89618773,8.92198268,63.703611,3399,1.0000,scoped,constituency
جندوبة,طبرقة - عين دراهم,تاقمة,TN225560,تاقمة,Tegma,TN2255,Aïn Draham,Jendouba,36.72122848,8.50189814,31.586657,1935,1.0000,scoped,constituency
جندوبة,طبرقة - عين دراهم,سلول,TN225558,سلول,Selloul,TN2255,Aïn Draham,Jendouba,36.71656123,8.64692661,39.726363,2254,1.0000,scoped,constituency
جندوبة,طبرقة - عين دراهم,طبرقة,TN225451,طبرقة,Tabarka,TN2254,Tabarka,Jendouba,36.94396764,8.74363889,14.364516,14888,1.0000,scoped,constituency
جندوبة,طبرقة - عين دراهم,عين السنوسي,TN225458,عين السنوسي,Ain Es-Snoussi,TN2254,Tabarka,Jendouba,36.84423212,8.92442009,59.292550,1574,1.0000,scoped,constituency
جندوبة,طبرقة - عين دراهم,عين الصبح,TN225455,عين الصبح,Ain Es-Sobh,TN2254,Tabarka,Jendouba,36.96913009,8.87356824,69.647225,5615,1.0000,scoped,constituency
جندوبة,طبرقة - عين دراهم,عين دراهم الأحواز,TN225552,عين دراهم الأحواز,Ain Draham Banlieue,TN2255,Aïn Draham,Jendouba,36.77095108,8.70757732,16.836460,2028,1.0000,scoped,constituency
جندوبة,طبرقة - عين دراهم,عين دراهم المدينة,TN225551,عين دراهم المدينة,Ain Drahem Ville,TN2255,Aïn Draham,Jendouba,36.77335783,8.68762711,2.891884,8981,1.0000,scoped,constituency
جندوبة,طبرقة - عين دراهم,عين سلام,TN225561,عين سلام,Ain Salam,TN2255,Aïn Draham,Jendouba,36.73660521,8.80114369,42.336358,1007,1.0000,scoped,constituency
جندوبة,طبرقة - عين دراهم,ملولة,TN225457,ملولة,Melloula,TN2254,Tabarka,Jendouba,36.93281666,8.68177542,39.301503,1001,1.0000,scoped,constituency
جندوبة,طبرقة - عين دراهم,وادي الزان,TN225562,وادي الزان,Oued Ezzan,TN2255,Aïn Draham,Jendouba,36.81096944,8.80553875,49.567260,825,1.0000,scoped,constituency
جندوبة,غار الدماء - وادي مليز,الدخايلية,TN225853,الدخايلية,Dkhailia,TN2258,Oued Mliz,Jendouba,36.52958722,8.51948645,43.305046,3707,1.0000,scoped,constituency
جندوبة,غار الدماء - وادي مليز,الدورة,TN225757,الدورة,Ed-Daoura,TN2257,Ghardimaou,Jendouba,36.47232203,8.45840660,32.575129,5275,1.0000,scoped,constituency
جندوبة,غار الدماء - وادي مليز,الرخاء,TN225754,الرخاء,Er-Rakha,TN2257,Ghardimaou,Jendouba,36.43345835,8.42815925,54.985395,2776,1.0000,scoped,constituency
جندوبة,غار الدماء - وادي مليز,الصرية,TN225758,الصرية,Es-Sraia,TN2257,Ghardimaou,Jendouba,36.46065420,8.24963076,66.072419,4660,1.0000,scoped,constituency
جندوبة,غار الدماء - وادي مليز,القلعة,TN225762,القلعة,El Galaa,TN2257,Ghardimaou,Jendouba,36.54977349,8.47398713,60.551068,5986,1.0000,scoped,constituency
جندوبة,غار الدماء - وادي مليز,المراسن,TN225761,المراسن,Mrassen,TN2257,Ghardimaou,Jendouba,36.49047325,8.41333241,39.003452,4038,1.0000,scoped,constituency
جندوبة,غار الدماء - وادي مليز,المعدن,TN225753,المعدن,El Maaden,TN2257,Ghardimaou,Jendouba,36.58947391,8.43310200,34.343367,3257,1.0000,scoped,constituency
جندوبة,غار الدماء - وادي مليز,حكيم الجنوبية,TN225855,حكيم الجنوبية,Hakim Sud,TN2258,Oued Mliz,Jendouba,36.44213688,8.63763092,58.321875,3581,1.0000,scoped,constituency
جندوبة,غار الدماء - وادي مليز,حكيم الشمالية,TN225854,حكيم الشمالية,Hakim Nord,TN2258,Oued Mliz,Jendouba,36.48660092,8.64334134,21.920414,674,1.0000,scoped,constituency
جندوبة,غار الدماء - وادي مليز,عين سلطان,TN225755,عين سلطان,Ain Soltane,TN2257,Ghardimaou,Jendouba,36.52582785,8.33503005,59.126508,2845,1.0000,scoped,constituency
جندوبة,غار الدماء - وادي مليز,غار الدماء,TN225751,غار الدماء,Ghardimaou,TN2257,Ghardimaou,Jendouba,36.44677365,8.44454779,1.858686,19151,1.0000,scoped,constituency
جندوبة,غار الدماء - وادي مليز,غار الدماء الشمالية,TN225752,غار الدماء الشمالية,Ghardimaou Nord,TN2257,Ghardimaou,Jendouba,36.45121628,8.43465567,2.264520,1870,1.0000,scoped,constituency
جندوبة,غار الدماء - وادي مليز,فج حسين,TN225760,فج حسين,Fej Hassine,TN2257,Ghardimaou,Jendouba,36.38336260,8.45223390,62.643427,1355,1.0000,scoped,constituency
جندوبة,غار الدماء - وادي مليز,فرقصان,TN225759,فرقصان,Forgassen,TN2257,Ghardimaou,Jendouba,36.54880693,8.41842850,44.060691,2624,1.0000,scoped,constituency
جندوبة,غار الدماء - وادي مليز,وادي مليز الشرقية,TN225851,واد مليز الشرقية,Oued Meliz Est,TN2258,Oued Mliz,Jendouba,36.44373272,8.56525609,41.748778,6249,0.9655,scoped,constituency
جندوبة,غار الدماء - وادي مليز,وادي مليز الغربية,TN225852,واد مليز الغريبة,Oued Meliz Ouest,TN2258,Oued Mliz,Jendouba,36.43676144,8.51591586,33.063311,1444,0.8966,scoped,constituency
جندوبة,غار الدماء - وادي مليز,وشتاتة,TN225756,وشتاتة,Ouechtata,TN2257,Ghardimaou,Jendouba,36.50547069,8.24994227,61.055311,3050,1.0000,scoped,constituency
زغوان,الناظور - صواف,الحميرة,TN165653,الحميرة,El Hamira,TN1656,Saouaf,Zaghouan,36.20986157,10.23260565,60.924974,1429,1.0000,scoped,constituency
زغوان,الناظور - صواف,الدغافلة الشرقية,TN165654,الدغافلة الشرقية,Deghafla Est,TN1656,Saouaf,Zaghouan,36.19124628,10.11478677,30.558114,2092,1.0000,scoped,constituency
زغوان,الناظور - صواف,الدغافلة الغربية,TN165655,الدغافلة الغربية,Deghafla Ouest,TN1656,Saouaf,Zaghouan,36.19643801,10.07198235,57.181925,1043,1.0000,scoped,constituency
زغوان,الناظور - صواف,الناظور,TN165551,الناظور,En Nadhour,TN1655,Nadhour,Zaghouan,36.11560359,10.08889454,59.848070,10429,1.0000,scoped,constituency
زغوان,الناظور - صواف,بئر الشاوش,TN165554,بئر الشاوش,Bir Chaouch,TN1655,Nadhour,Zaghouan,36.07928990,10.04295272,57.920313,4863,1.0000,scoped,constituency
زغوان,الناظور - صواف,سوغاس,TN165555,سوغاس,Sougas,TN1655,Nadhour,Zaghouan,36.10604954,9.91261936,118.136456,3917,1.0000,scoped,constituency
زغوان,الناظور - صواف,صوار,TN165553,صوار,Saouar,TN1655,Nadhour,Zaghouan,36.16833151,9.96486205,77.189426,1561,1.0000,scoped,constituency
زغوان,الناظور - صواف,صواف الشرقية,TN165651,صواف الشرقية,Saouef Est,TN1656,Saouaf,Zaghouan,36.25089559,10.16392215,51.065038,3036,1.0000,scoped,constituency
زغوان,الناظور - صواف,صواف الغربية,TN165652,صواف الغربية,Saouef Ouest,TN1656,Saouaf,Zaghouan,36.19460672,10.15794251,61.263728,2510,1.0000,scoped,constituency
زغوان,الناظور - صواف,عين البطوم,TN165552,عين البطوم,Ain El Batthoum,TN1655,Nadhour,Zaghouan,36.06287901,10.00621923,42.544616,5128,1.0000,scoped,constituency
زغوان,بئر مشارقة - الفحص,أحواز الفحص,TN165451,أحواز الفحص,Banlieu D'El Fahs,TN1654,Fahs,Zaghouan,36.37673298,9.91624539,9.559418,13201,1.0000,scoped,constituency
زغوان,بئر مشارقة - الفحص,أم الأبواب,TN165454,أم الأبواب,Oum El Abouab,TN1654,Fahs,Zaghouan,36.18170416,9.82109152,142.769091,1385,1.0000,scoped,constituency
زغوان,بئر مشارقة - الفحص,أولاد الزوابي,TN165455,أولاد الزوابي,Ouled Ezzouabi,TN1654,Fahs,Zaghouan,36.09236379,9.84005309,20.523564,317,1.0000,scoped,constituency
زغوان,بئر مشارقة - الفحص,الدروع,TN165457,الدروع,Ed-Droua,TN1654,Fahs,Zaghouan,36.23640062,9.75476547,97.798048,1725,1.0000,scoped,constituency
زغوان,بئر مشارقة - الفحص,العمايم الجنوبية,TN165461,العمايم الجنوبية,El Amiem Sud,TN1654,Fahs,Zaghouan,36.27901756,9.86615087,46.287469,2568,1.0000,scoped,constituency
زغوان,بئر مشارقة - الفحص,العمايم الشمالية,TN165460,العمايم الشمالية,El Amiem Nord,TN1654,Fahs,Zaghouan,36.32971224,9.86882648,67.459279,2301,1.0000,scoped,constituency
زغوان,بئر مشارقة - الفحص,الغريفات,TN165458,الغريفات,El Ghrifet,TN1654,Fahs,Zaghouan,36.42471089,9.85677484,165.010153,2664,1.0000,scoped,constituency
زغوان,بئر مشارقة - الفحص,الفحص,TN165456,الفحص,El Fahs,TN1654,Fahs,Zaghouan,36.36317533,9.89984163,19.070363,9269,1.0000,scoped,constituency
زغوان,بئر مشارقة - الفحص,بئر مشارقة,TN165351,بئر مشارقة,Bir M'Chergua,TN1653,Bir Mchergua,Zaghouan,36.50442274,9.96124830,49.496464,5629,1.0000,scoped,constituency
زغوان,بئر مشارقة - الفحص,بئر مشارقة المحطة,TN165352,بئر مشارقة المحطة,Bir M'Chergua Gare,TN1653,Bir Mchergua,Zaghouan,36.49498051,10.05478463,43.704239,1846,1.0000,scoped,constituency
زغوان,بئر مشارقة - الفحص,بئر مقرة,TN165453,بئر مقرة,Bir Magra,TN1654,Fahs,Zaghouan,36.33256228,9.75796656,69.205939,972,1.0000,scoped,constituency
زغوان,بئر مشارقة - الفحص,بنت سعيدان,TN165459,بنت سعيدان,Bent Saidane,TN1654,Fahs,Zaghouan,36.27670315,9.95185668,79.833624,1601,1.0000,scoped,constituency
زغوان,بئر مشارقة - الفحص,بوشة,TN165357,بوشة,Boucha,TN1653,Bir Mchergua,Zaghouan,36.51103945,9.83599229,61.096407,794,1.0000,scoped,constituency
زغوان,بئر مشارقة - الفحص,تليل الصالحي,TN165463,تليل الصالحي,Telil Essalhi,TN1654,Fahs,Zaghouan,36.26081517,9.66773982,83.252202,930,1.0000,scoped,constituency
زغوان,بئر مشارقة - الفحص,جبل الوسط,TN165355,جبل الوسط,Jebel Oust,TN1653,Bir Mchergua,Zaghouan,36.56728760,10.06667660,118.094664,4596,1.0000,scoped,constituency
زغوان,بئر مشارقة - الفحص,جوقار,TN165452,جوقار,Jouguar,TN1654,Fahs,Zaghouan,36.26032013,10.02953875,58.318911,1421,1.0000,scoped,constituency
زغوان,بئر مشارقة - الفحص,دلائل العروس,TN165353,دلائل العروس,Daleil El Arous,TN1653,Bir Mchergua,Zaghouan,36.50493463,9.89601156,75.255450,713,1.0000,scoped,constituency
زغوان,بئر مشارقة - الفحص,سمنجة,TN165354,سمنجة,Smenja,TN1653,Bir Mchergua,Zaghouan,36.44780365,10.01008484,75.734726,2652,1.0000,scoped,constituency
زغوان,بئر مشارقة - الفحص,عين الصفصاف,TN165356,عين الصفصاف,Ain Essafsaf,TN1653,Bir Mchergua,Zaghouan,36.52487897,10.15814040,37.555245,1060,1.0000,scoped,constituency
زغوان,بئر مشارقة - الفحص,عين عسكر,TN165358,عين عسكر,Ain Asker,TN1653,Bir Mchergua,Zaghouan,36.59847629,9.98246693,73.887948,1544,1.0000,scoped,constituency
زغوان,بئر مشارقة - الفحص,وادي الخضراء,TN165462,وادي الخضراء,Oued El Khadhra,TN1654,Fahs,Zaghouan,36.34833029,9.97733518,67.500190,1660,1.0000,scoped,constituency
زغوان,زغوان - الزريبة,الجوف الشرقية,TN165251,الجوف الشرقية,El Jouf Est,TN1652,Zriba,Zaghouan,36.33297721,10.14848524,42.656961,3769,1.0000,scoped,constituency
زغوان,زغوان - الزريبة,الجوف الغربية,TN165252,الجوف الغربية,El Jouf Ouest,TN1652,Zriba,Zaghouan,36.29767220,10.10437797,53.007020,1595,1.0000,scoped,constituency
زغوان,زغوان - الزريبة,الزريبة الحمام الجنوبية,TN165253,الزريبة الحمام الجنوبية,Ez-Zeriba Hammam Sud,TN1652,Zriba,Zaghouan,36.31512221,10.20291469,27.130881,6176,1.0000,scoped,constituency
زغوان,زغوان - الزريبة,الزريبة الحمام الشمالية,TN165254,الزريبة الحمام الشمالية,Ez-Zriba Hammam Nord,TN1652,Zriba,Zaghouan,36.35712268,10.25322550,39.391584,1227,1.0000,scoped,constituency
زغوان,زغوان - الزريبة,الزريبة القرية,TN165255,الزريبة القرية,Ez-Zeriba Village,TN1652,Zriba,Zaghouan,36.32846794,10.25842349,29.433848,2073,1.0000,scoped,constituency
زغوان,زغوان - الزريبة,العيثة,TN165157,العيثة,El Aitha,TN1651,Zaghouan,Zaghouan,36.40878116,10.19453314,24.076792,2217,1.0000,scoped,constituency
زغوان,زغوان - الزريبة,بئر حليمة,TN165154,بئر حليمة,Bir Halima,TN1651,Zaghouan,Zaghouan,36.36088598,10.06827499,84.318426,2652,1.0000,scoped,constituency
زغوان,زغوان - الزريبة,بوعشير,TN165256,بوعشير,Bou Achir,TN1652,Zriba,Zaghouan,36.32896443,10.32732073,39.399436,1161,1.0000,scoped,constituency
زغوان,زغوان - الزريبة,جرادو,TN165257,جرادو,Jeradou,TN1652,Zriba,Zaghouan,36.26910713,10.32919974,59.356907,1186,1.0000,scoped,constituency
زغوان,زغوان - الزريبة,جيملة,TN165156,جيملة,Jimla,TN1651,Zaghouan,Zaghouan,36.47397934,10.19670589,75.973339,1466,1.0000,scoped,constituency
زغوان,زغوان - الزريبة,زغوان الجنوبية,TN165153,زغوان الجنوبية,Zaghouan Sud,TN1651,Zaghouan,Zaghouan,36.39850905,10.16152880,14.825164,4653,1.0000,scoped,constituency
زغوان,زغوان - الزريبة,زغوان الشمالية,TN165152,زغوان الشمالية,Zaghouan Nord,TN1651,Zaghouan,Zaghouan,36.41060202,10.14025672,5.633591,10706,1.0000,scoped,constituency
زغوان,زغوان - الزريبة,زغوان المدينة,TN165151,زغوان المدينة,Zaghouan Ville,TN1651,Zaghouan,Zaghouan,36.39765789,10.14388406,1.256555,4637,1.0000,scoped,constituency
زغوان,زغوان - الزريبة,عين الباطرية,TN165258,عين الباطريية,Ain El Batria,TN1652,Zriba,Zaghouan,36.26798313,10.25353574,49.050280,1947,0.9565,scoped,constituency
زغوان,زغوان - الزريبة,مقرن,TN165155,مقرن,Mograne,TN1651,Zaghouan,Zaghouan,36.42413339,10.09721531,73.095878,4466,1.0000,scoped,constituency
زغوان,زغوان - الزريبة,وادي الرمل,TN165158,وادي الرمل,Oued Erremel,TN1651,Zaghouan,Zaghouan,36.41045607,10.25346182,62.812140,1988,1.0000,scoped,constituency
زغوان,زغوان - الزريبة,وادي الزيت,TN165159,وادي الزيت,Oued Ezzit,TN1651,Zaghouan,Zaghouan,36.40595896,10.32877309,78.110844,1721,1.0000,scoped,constituency
سليانة,بوعرادة - قعفور - الكريب - بورويس - العروسة,أحواز بوعرادة,TN245351,أحواز بوعرادة,Banlieue De Bouarada,TN2453,Bouarada,Siliana,36.38467496,9.59773674,66.208567,1479,1.0000,scoped,constituency
سليانة,بوعرادة - قعفور - الكريب - بورويس - العروسة,الأحواز الجنوبية,TN245456,الأحواز الجنوبية,El Ahouez Sud,TN2454,Gaafour,Siliana,36.25781688,9.30483862,81.823204,318,1.0000,scoped,constituency
سليانة,بوعرادة - قعفور - الكريب - بورويس - العروسة,الأحواز الشمالية,TN245455,الأحواز الشمالية,El Ahouez Nord,TN2454,Gaafour,Siliana,36.28248802,9.36385979,84.724863,294,1.0000,scoped,constituency
سليانة,بوعرادة - قعفور - الكريب - بورويس - العروسة,الاخوات,TN245453,الأخوات,El Khouat,TN2454,Gaafour,Siliana,36.25001915,9.23062429,32.300129,1584,1.0000,scoped,constituency
سليانة,بوعرادة - قعفور - الكريب - بورويس - العروسة,الاقصاب,TN245457,الأقصاب,El Aksab,TN2454,Gaafour,Siliana,36.19200805,9.26792579,82.099365,1201,1.0000,scoped,constituency
سليانة,بوعرادة - قعفور - الكريب - بورويس - العروسة,التريشة,TN245653,التريشة,Ettricha,TN2456,Bourouis,Siliana,36.12470024,9.14420817,37.699804,556,1.0000,scoped,constituency
سليانة,بوعرادة - قعفور - الكريب - بورويس - العروسة,الدخانية,TN245553,الدخانية,Dokhania,TN2455,El Krib,Siliana,36.33854677,9.21865053,64.485542,1832,1.0000,scoped,constituency
سليانة,بوعرادة - قعفور - الكريب - بورويس - العروسة,الرميل,TN246153,الرميل,Er Remil,TN2461,Laroussa,Siliana,36.30826074,9.50692503,89.409880,911,1.0000,scoped,constituency
سليانة,بوعرادة - قعفور - الكريب - بورويس - العروسة,العباسي,TN245654,العباسي,El Abbassi,TN2456,Bourouis,Siliana,36.23717036,9.10583784,60.808288,1515,1.0000,scoped,constituency
سليانة,بوعرادة - قعفور - الكريب - بورويس - العروسة,العروسة,TN246151,العروسة,El Aroussa,TN2461,Laroussa,Siliana,36.39255268,9.44565248,110.165480,4581,1.0000,scoped,constituency
سليانة,بوعرادة - قعفور - الكريب - بورويس - العروسة,الكريب الجنوبية,TN245552,الكريب الجنوبية,El Krib Sud,TN2455,El Krib,Siliana,36.29949039,9.15740216,67.258277,3547,1.0000,scoped,constituency
سليانة,بوعرادة - قعفور - الكريب - بورويس - العروسة,الكريب الشمالية,TN245551,الكريب الشمالية,El Krib Nord,TN2455,El Krib,Siliana,36.33560507,9.10935783,27.131051,4142,1.0000,scoped,constituency
سليانة,بوعرادة - قعفور - الكريب - بورويس - العروسة,برج المسعودي الجنوبية,TN245557,برج المسعودي الجنوبية,Borj El Messaoudi Sud,TN2455,El Krib,Siliana,36.29311148,8.98827554,60.071503,1876,1.0000,scoped,constituency
سليانة,بوعرادة - قعفور - الكريب - بورويس - العروسة,برج المسعودي الشمالية,TN245556,برج المسعودي الشمالية,Borj El Messaoudi Nord,TN2455,El Krib,Siliana,36.32076322,9.05156210,71.562358,1783,1.0000,scoped,constituency
سليانة,بوعرادة - قعفور - الكريب - بورويس - العروسة,بوجليدة,TN246152,بوجليدة,Bou Jlida,TN2461,Laroussa,Siliana,36.41745385,9.51947045,66.334643,1260,1.0000,scoped,constituency
سليانة,بوعرادة - قعفور - الكريب - بورويس - العروسة,بورويس الجنوبية,TN245652,بورويس الجنوبية,Bourouis Sud,TN2456,Bourouis,Siliana,36.16992483,9.17967259,79.377996,974,1.0000,scoped,constituency
سليانة,بوعرادة - قعفور - الكريب - بورويس - العروسة,بورويس الشمالية,TN245651,بورويس الشمالية,Bourouis Nord,TN2456,Bourouis,Siliana,36.17737009,9.12783596,6.552772,3850,1.0000,scoped,constituency
سليانة,بوعرادة - قعفور - الكريب - بورويس - العروسة,بوعرادة,TN245352,بوعرادة,Bouarada,TN2453,Bouarada,Siliana,36.34793513,9.63642923,5.496665,11683,1.0000,scoped,constituency
سليانة,بوعرادة - قعفور - الكريب - بورويس - العروسة,حمام بياضة الجنوبية,TN245555,حمام بياضة الجنوبية,Hammam Biadha Sud,TN2455,El Krib,Siliana,36.38476528,9.04125396,79.393038,1796,1.0000,scoped,constituency
سليانة,بوعرادة - قعفور - الكريب - بورويس - العروسة,حمام بياضة الشمالية,TN245554,حمام بياضة الشمالية,Hammam Biadha Nord,TN2455,El Krib,Siliana,36.42931800,8.98826004,54.443981,766,1.0000,scoped,constituency
سليانة,بوعرادة - قعفور - الكريب - بورويس - العروسة,سيدي عبد النور,TN245355,سيدي عبد النور,Sidi Abdennour,TN2453,Bouarada,Siliana,36.28677984,9.58315501,67.561573,693,1.0000,scoped,constituency
سليانة,بوعرادة - قعفور - الكريب - بورويس - العروسة,سيدي عياد,TN246155,سيد عياد,Sidi Ayed,TN2461,Laroussa,Siliana,36.36671795,9.37058740,51.896538,634,0.9333,scoped,constituency
سليانة,بوعرادة - قعفور - الكريب - بورويس - العروسة,طرف الشناء,TN245356,طرف الشناء,Tarf Ech-Chena,TN2453,Bouarada,Siliana,36.32249613,9.66825917,59.102766,1257,1.0000,scoped,constituency
سليانة,بوعرادة - قعفور - الكريب - بورويس - العروسة,عين زريق,TN245454,عين زريق,Ain Zerig,TN2454,Gaafour,Siliana,36.19377755,9.40972775,142.972502,1439,1.0000,scoped,constituency
سليانة,بوعرادة - قعفور - الكريب - بورويس - العروسة,عين عاشور,TN245655,عين عاشور,Ain Achour,TN2456,Bourouis,Siliana,36.17817393,9.07154292,66.920713,2061,1.0000,scoped,constituency
سليانة,بوعرادة - قعفور - الكريب - بورويس - العروسة,فطيس,TN245353,فطيس,Fatis,TN2453,Bouarada,Siliana,36.40259800,9.70324825,88.423878,622,1.0000,scoped,constituency
سليانة,بوعرادة - قعفور - الكريب - بورويس - العروسة,قعفور الشرقية,TN245451,قعفور الشرقية,Gaafour Est,TN2454,Gaafour,Siliana,36.34349300,9.32088691,14.198946,4714,1.0000,scoped,constituency
سليانة,بوعرادة - قعفور - الكريب - بورويس - العروسة,قعفور الغربية,TN245452,قعفور الغربية,Gaafour Ouest,TN2454,Gaafour,Siliana,36.33276668,9.28882361,22.992330,3373,1.0000,scoped,constituency
سليانة,بوعرادة - قعفور - الكريب - بورويس - العروسة,محطة الكريب,TN245656,محطة الكريب,El Krib Gare,TN2456,Bourouis,Siliana,36.23907011,9.16988708,23.059373,789,1.0000,scoped,constituency
سليانة,بوعرادة - قعفور - الكريب - بورويس - العروسة,مسراطة,TN246154,مسراطة,Mousrata,TN2461,Laroussa,Siliana,36.31455421,9.43506420,42.802935,406,1.0000,scoped,constituency
سليانة,بوعرادة - قعفور - الكريب - بورويس - العروسة,هنشير الرومان,TN245354,هنشير الرومان,Henchir Er-Roman,TN2453,Bouarada,Siliana,36.22718308,9.52839994,89.967478,1023,1.0000,scoped,constituency
سليانة,سليانة - برقو,أحواز برقو,TN246052,أحواز برقو,Banlieue Bargou,TN2460,Bargou,Siliana,36.09638498,9.53191651,86.944868,480,1.0000,scoped,constituency
سليانة,سليانة - برقو,أولاد زناق,TN245258,أولاد زناق,Ouled Zenag,TN2452,Siliana Sud,Siliana,35.94297208,9.42752188,58.404818,1730,1.0000,scoped,constituency
سليانة,سليانة - برقو,أولاد فرج,TN246053,أولاد فرج,Ouled Fredj,TN2460,Bargou,Siliana,36.05376509,9.56924951,66.587790,752,1.0000,scoped,constituency
سليانة,سليانة - برقو,البحيرين,TN246058,البحيرين,El Behirin,TN2460,Bargou,Siliana,36.01354226,9.60751580,43.066633,814,1.0000,scoped,constituency
سليانة,سليانة - برقو,الجوي,TN245156,الجوي,El Jouii,TN2451,Siliana Nord,Siliana,36.06317967,9.19854557,67.335005,1294,1.0000,scoped,constituency
سليانة,سليانة - برقو,الخلصة,TN245157,الخلصة,El Khalsa,TN2451,Siliana Nord,Siliana,35.96908161,9.18261307,53.255482,682,1.0000,scoped,constituency
سليانة,سليانة - برقو,الدريجة,TN246057,الدريجة,Ed-Derija,TN2460,Bargou,Siliana,36.11328918,9.70019663,74.439066,1052,1.0000,scoped,constituency
سليانة,سليانة - برقو,السفينة,TN245253,السفينة,Es-Sefina,TN2452,Siliana Sud,Siliana,35.90269423,9.32385789,99.950430,1688,1.0000,scoped,constituency
سليانة,سليانة - برقو,العرب,TN245153,العرب,El Arab,TN2451,Siliana Nord,Siliana,36.11731895,9.44137252,76.870567,2152,1.0000,scoped,constituency
سليانة,سليانة - برقو,القابل,TN245259,القابل,El Kabel,TN2452,Siliana Sud,Siliana,36.00206118,9.41882299,71.719591,3125,1.0000,scoped,constituency
سليانة,سليانة - برقو,برقو,TN246051,برقو,Bargou,TN2460,Bargou,Siliana,36.09236733,9.56604724,1.166070,4941,1.0000,scoped,constituency
سليانة,سليانة - برقو,جامة,TN245154,جامة,Jema,TN2451,Siliana Nord,Siliana,36.09279796,9.30533863,113.292528,1675,1.0000,scoped,constituency
سليانة,سليانة - برقو,سجة,TN245257,سجة,Sejja,TN2452,Siliana Sud,Siliana,36.05033543,9.44833190,58.869165,1939,1.0000,scoped,constituency
سليانة,سليانة - برقو,سليانة الجنوبية,TN245251,سليانة الجنوبية,Siliana Sud,TN2452,Siliana Sud,Siliana,36.07842490,9.37089424,2.188934,10764,1.0000,scoped,constituency
سليانة,سليانة - برقو,سليانة الشمالية,TN245152,سليانة الشمالية,Siliana Nord,TN2451,Siliana Nord,Siliana,36.09804615,9.37658922,9.542715,5185,1.0000,scoped,constituency
سليانة,سليانة - برقو,سليانة المدينة,TN245151,سليانة المدينة,Siliana Ville,TN2451,Siliana Nord,Siliana,36.08946337,9.36179365,1.993077,15717,1.0000,scoped,constituency
سليانة,سليانة - برقو,سيدي حمادة,TN245256,سيدي حمادة,Sidi Hmada,TN2452,Siliana Sud,Siliana,35.98055994,9.54845267,39.807635,925,1.0000,scoped,constituency
سليانة,سليانة - برقو,سيدي سعيد,TN246054,سيدي سعيد,Sidi Said,TN2460,Bargou,Siliana,36.17706837,9.68683077,71.070608,1122,1.0000,scoped,constituency
سليانة,سليانة - برقو,سيدي مرشد,TN245254,سيدي مرشد,Sidi Morched,TN2452,Siliana Sud,Siliana,35.94043510,9.51265168,63.175438,4594,1.0000,scoped,constituency
سليانة,سليانة - برقو,سيدي منصور,TN245255,سيدي منصور,Sidi Mansour,TN2452,Siliana Sud,Siliana,36.01915337,9.32766168,59.162666,1378,1.0000,scoped,constituency
سليانة,سليانة - برقو,عين بوسعدية,TN246056,عين بوسعدية,Ain Bous Saadia,TN2460,Bargou,Siliana,36.05604530,9.65688779,56.303342,760,1.0000,scoped,constituency
سليانة,سليانة - برقو,عين ديسة,TN245158,عين ديسة,Ain Ed-Dissa,TN2451,Siliana Nord,Siliana,35.94060194,9.24365805,21.830869,364,1.0000,scoped,constituency
سليانة,سليانة - برقو,عين فرنة,TN246055,عين فرنة,Ain Fourna,TN2460,Bargou,Siliana,36.15358186,9.59507130,58.303868,992,1.0000,scoped,constituency
سليانة,سليانة - برقو,مرج مقدم,TN245252,مرج مقدم,Marj Mokaddem,TN2452,Siliana Sud,Siliana,35.97843783,9.27857235,39.898602,1031,1.0000,scoped,constituency
سليانة,سليانة - برقو,مصوج,TN245155,مصوج,Massouj,TN2451,Siliana Nord,Siliana,36.01044669,9.24226376,42.206114,1005,1.0000,scoped,constituency
سليانة,مكثر - الروحية - كسرى,الجميلات,TN245853,الجميلات,El Jamilet,TN2458,Rouhia,Siliana,35.65862700,9.25943441,77.428357,1142,1.0000,scoped,constituency
سليانة,مكثر - الروحية - كسرى,الحبابسة الجنوبية,TN245852,الحبابسة الجنوبية,El Hababsa Sud,TN2458,Rouhia,Siliana,35.54083337,9.37912455,98.975028,2185,1.0000,scoped,constituency
سليانة,مكثر - الروحية - كسرى,الحبابسة الشمالية,TN245851,الحبابسةالشمالية,El Hababsa Nord,TN2458,Rouhia,Siliana,35.57481141,9.27632971,138.107906,2244,1.0000,scoped,constituency
سليانة,مكثر - الروحية - كسرى,الحمام,TN245952,الحمام,El Hammam,TN2459,Kesra,Siliana,35.82417687,9.30261411,58.544231,777,1.0000,scoped,constituency
سليانة,مكثر - الروحية - كسرى,الحميمة,TN245859,الحميمة,El Hamaima,TN2458,Rouhia,Siliana,35.66491262,9.02538557,37.436876,1316,1.0000,scoped,constituency
سليانة,مكثر - الروحية - كسرى,الروحية,TN245858,الروحية,Er-Rouhia,TN2458,Rouhia,Siliana,35.66993832,9.09121371,79.430072,8992,1.0000,scoped,constituency
سليانة,مكثر - الروحية - كسرى,السميرات الجنوبية,TN245855,السميرات الجنوبية,Es-Semirat Sud,TN2458,Rouhia,Siliana,35.71719742,9.20345466,35.257027,623,1.0000,scoped,constituency
سليانة,مكثر - الروحية - كسرى,السميرات الشمالية,TN245854,السميرات الشمالية,Es-Semiret Nord,TN2458,Rouhia,Siliana,35.74431127,9.13799275,60.101779,1113,1.0000,scoped,constituency
سليانة,مكثر - الروحية - كسرى,السوالم,TN245761,السوالم,Soualem,TN2457,Makthar,Siliana,35.79772162,9.20104411,71.035335,2089,1.0000,scoped,constituency
سليانة,مكثر - الروحية - كسرى,الشوارنية,TN245759,الشوارنية,Chouarnia,TN2457,Makthar,Siliana,35.95510978,9.12690414,27.292707,834,1.0000,scoped,constituency
سليانة,مكثر - الروحية - كسرى,الفضول,TN245958,الفضول,El Foudhoul,TN2459,Kesra,Siliana,35.72669587,9.40368589,56.247281,1698,1.0000,scoped,constituency
سليانة,مكثر - الروحية - كسرى,القرعة,TN245754,القرعة,El Garaa,TN2457,Makthar,Siliana,35.88126630,9.25771751,35.587816,1124,1.0000,scoped,constituency
سليانة,مكثر - الروحية - كسرى,القرية الجنوبية,TN245957,القرية الجنوبية,El Karia Sud,TN2459,Kesra,Siliana,35.75892454,9.48540249,28.181367,1461,1.0000,scoped,constituency
سليانة,مكثر - الروحية - كسرى,القرية الشمالية,TN245956,القرية الشمالية,El Karia Nord,TN2459,Kesra,Siliana,35.77195534,9.43379680,33.330293,1469,1.0000,scoped,constituency
سليانة,مكثر - الروحية - كسرى,اللوزة,TN245959,اللوزة,El Louza,TN2459,Kesra,Siliana,35.74862264,9.27893738,83.613017,942,1.0000,scoped,constituency
سليانة,مكثر - الروحية - كسرى,المساحلة,TN245856,المساحلة,El Messahla,TN2458,Rouhia,Siliana,35.78195868,9.09377831,41.771831,861,1.0000,scoped,constituency
سليانة,مكثر - الروحية - كسرى,المنصورة الجنوبية,TN245954,المنصورة الجنوبية,El Mansoura Sud,TN2459,Kesra,Siliana,35.80363038,9.47225202,19.526413,1313,1.0000,scoped,constituency
سليانة,مكثر - الروحية - كسرى,المنصورة الشمالية,TN245953,المنصورة الشمالية,El Mansoura Nord,TN2459,Kesra,Siliana,35.83787390,9.48261997,36.794184,1107,1.0000,scoped,constituency
سليانة,مكثر - الروحية - كسرى,الهرية,TN245857,الهرية,El Haria,TN2458,Rouhia,Siliana,35.71954756,9.04905155,27.940018,935,1.0000,scoped,constituency
سليانة,مكثر - الروحية - كسرى,باز,TN245755,باز,Bez,TN2457,Makthar,Siliana,35.89310410,9.14078388,56.324462,1530,1.0000,scoped,constituency
سليانة,مكثر - الروحية - كسرى,بني حازم,TN245756,بني حازم,Beni Hazem,TN2457,Makthar,Siliana,35.86103937,9.06623558,33.681812,1221,1.0000,scoped,constituency
سليانة,مكثر - الروحية - كسرى,بوعبد اللّه,TN245955,بوعبد اللّه,Bou Abdallah,TN2459,Kesra,Siliana,35.87611850,9.43776088,47.262619,1292,1.0000,scoped,constituency
سليانة,مكثر - الروحية - كسرى,بوعجيلة,TN245860,بوعجيلة,Bou-Ajila,TN2458,Rouhia,Siliana,35.65369278,9.16920039,65.616072,2709,1.0000,scoped,constituency
سليانة,مكثر - الروحية - كسرى,راس الوادي,TN245757,رأس الوادي,Ras El Ouedi,TN2457,Makthar,Siliana,35.85101625,9.13337313,18.964059,1200,1.0000,scoped,constituency
سليانة,مكثر - الروحية - كسرى,سند الحداد,TN245760,سند الحداد,Sened El Haddad,TN2457,Makthar,Siliana,35.91684766,9.19407009,20.807089,1582,1.0000,scoped,constituency
سليانة,مكثر - الروحية - كسرى,صدّين,TN245758,الصدّين,Saddine,TN2457,Makthar,Siliana,35.80882346,9.06129778,37.130276,1409,0.9000,scoped,constituency
سليانة,مكثر - الروحية - كسرى,صيار,TN245753,صيار,Sayar,TN2457,Makthar,Siliana,35.84318272,9.22170968,38.996365,2225,1.0000,scoped,constituency
سليانة,مكثر - الروحية - كسرى,كسرى,TN245951,كسرى,Kesra,TN2459,Kesra,Siliana,35.79651648,9.36654840,75.982281,3456,1.0000,scoped,constituency
سليانة,مكثر - الروحية - كسرى,مكثر الجنوبية,TN245752,مكثر الجنوبية,Makthar Sud,TN2457,Makthar,Siliana,35.85228634,9.20039539,2.807786,6934,1.0000,scoped,constituency
سليانة,مكثر - الروحية - كسرى,مكثر الشمالية,TN245751,مكثر الشمالية,Makthar Nord,TN2457,Makthar,Siliana,35.86074398,9.18857048,4.682011,2268,1.0000,scoped,constituency
سوسة,الزاوية - القصيبة - الثريات,الثريات,TN316653,الثريّات,Thrayet,TN3166,Zaouia Ksiba Thraya,Sousse,35.75901392,10.65967126,9.054004,1934,1.0000,scoped,constituency
سوسة,الزاوية - القصيبة - الثريات,زاوية سوسة,TN316651,زاوية سوسة,Zaouit Sousse,TN3166,Zaouia Ksiba Thraya,Sousse,35.78588976,10.61730446,16.181143,15469,1.0000,scoped,constituency
سوسة,الزاوية - القصيبة - الثريات,قصيبة سوسة,TN316652,قصيبة سوسة,Ksibet Sousse,TN3166,Zaouia Ksiba Thraya,Sousse,35.75578948,10.62764412,11.801616,7798,1.0000,scoped,constituency
سوسة,القلعة الكبرى - سيدي بوعلي - كندار,أولاد العابد,TN316255,أولاد العابد,Ouled El Abed,TN3162,Kondar,Sousse,35.97666839,10.27718416,31.026405,832,1.0000,scoped,constituency
سوسة,القلعة الكبرى - سيدي بوعلي - كندار,أولاد عامر,TN316257,أولاد عامر,Ouled Ameur,TN3162,Kondar,Sousse,36.01670113,10.28749407,14.007906,1652,1.0000,scoped,constituency
سوسة,القلعة الكبرى - سيدي بوعلي - كندار,أولاد محمد,TN315754,أولاد محمد,Ouled Mhamed,TN3157,Kalaa Kebira,Sousse,35.85183041,10.45379697,33.043340,7137,1.0000,scoped,constituency
سوسة,القلعة الكبرى - سيدي بوعلي - كندار,البئر الجديد,TN316252,البئر الجديد,Bir El Jedid,TN3162,Kondar,Sousse,35.86898062,10.20344533,22.372654,566,1.0000,scoped,constituency
سوسة,القلعة الكبرى - سيدي بوعلي - كندار,البشاشمة,TN316254,البشاشمة,Bechachma,TN3162,Kondar,Sousse,35.81288260,10.19548749,33.794423,1494,1.0000,scoped,constituency
سوسة,القلعة الكبرى - سيدي بوعلي - كندار,البلالمة,TN316253,البلالمة,Belalma,TN3162,Kondar,Sousse,35.90872294,10.24865038,24.265558,963,1.0000,scoped,constituency
سوسة,القلعة الكبرى - سيدي بوعلي - كندار,الجرابعة,TN315751,الجرابعة,El Jarabaa,TN3157,Kalaa Kebira,Sousse,35.84110623,10.48932732,24.351490,8168,1.0000,scoped,constituency
سوسة,القلعة الكبرى - سيدي بوعلي - كندار,الزعارنة الشرقية,TN315753,الزعارنة الشرقية,Zearna Est,TN3157,Kalaa Kebira,Sousse,35.90273302,10.51576861,30.796334,14513,1.0000,scoped,constituency
سوسة,القلعة الكبرى - سيدي بوعلي - كندار,الزعارنة الغربية,TN315752,الزعارنةالغربية,Zearna Ouest,TN3157,Kalaa Kebira,Sousse,35.89292769,10.45549102,36.037385,5180,1.0000,scoped,constituency
سوسة,القلعة الكبرى - سيدي بوعلي - كندار,السد الجوفي,TN315853,السد الجوفي - السطح,Essed Nord (Essateh),TN3158,Sidi Bou Ali,Sousse,35.95471971,10.41639959,16.238697,1265,0.9000,scoped,constituency
سوسة,القلعة الكبرى - سيدي بوعلي - كندار,السد الغربي,TN315755,السد الغربي,Essed Ouest,TN3157,Kalaa Kebira,Sousse,35.92150184,10.38619652,22.144080,2123,1.0000,scoped,constituency
سوسة,القلعة الكبرى - سيدي بوعلي - كندار,السد القبلي,TN315852,السد القبلي,Essed Sud,TN3158,Sidi Bou Ali,Sousse,35.93217179,10.42238170,13.707185,1122,1.0000,scoped,constituency
سوسة,القلعة الكبرى - سيدي بوعلي - كندار,الشويشة,TN315854,الشويشة,Ech-Chouicha,TN3158,Sidi Bou Ali,Sousse,35.96609159,10.37086165,17.389733,656,1.0000,scoped,constituency
سوسة,القلعة الكبرى - سيدي بوعلي - كندار,القماطة,TN316256,القماطة,Gmata,TN3162,Kondar,Sousse,35.96173494,10.32864928,19.810320,514,1.0000,scoped,constituency
سوسة,القلعة الكبرى - سيدي بوعلي - كندار,المهاذبة,TN315857,المهاذبة,Mehadhba,TN3158,Sidi Bou Ali,Sousse,35.98523394,10.43886295,25.024178,1082,1.0000,scoped,constituency
سوسة,القلعة الكبرى - سيدي بوعلي - كندار,بلعوم,TN315756,بلعوم,Balaoum,TN3157,Kalaa Kebira,Sousse,35.85740662,10.37590230,92.012904,1894,1.0000,scoped,constituency
سوسة,القلعة الكبرى - سيدي بوعلي - كندار,سيدي بوعلي,TN315851,سيدي بوعلي,Sidi Bou Ali,TN3158,Sidi Bou Ali,Sousse,35.95935613,10.48006128,20.981937,9727,1.0000,scoped,constituency
سوسة,القلعة الكبرى - سيدي بوعلي - كندار,كندار,TN316251,كندار,Kondar,TN3162,Kondar,Sousse,35.93810911,10.28522345,33.045591,4420,1.0000,scoped,constituency
سوسة,القلعة الكبرى - سيدي بوعلي - كندار,منزل المحطة,TN315856,منزل المحطة,Menzel El Mahatta,TN3158,Sidi Bou Ali,Sousse,36.00513926,10.35617710,28.088059,1510,1.0000,scoped,constituency
سوسة,القلعة الكبرى - سيدي بوعلي - كندار,وريمة,TN315855,وريمة,Ouriemma,TN3158,Sidi Bou Ali,Sousse,35.92572267,10.45618284,8.089015,933,1.0000,scoped,constituency
سوسة,النفيضة - بوفيشة - هرقلة,أولاد عبد الله,TN316056,أولاد عبد الله,Ouled Abdellah,TN3160,Enfidha,Sousse,36.15107741,10.35422284,14.948211,2251,1.0000,scoped,constituency
سوسة,النفيضة - بوفيشة - هرقلة,السلوم,TN316158,السلوم,Esselloum,TN3161,Bouficha,Sousse,36.28881596,10.47600212,21.372639,1391,1.0000,scoped,constituency
سوسة,النفيضة - بوفيشة - هرقلة,السويح,TN315953,السويح,Essouieh,TN3159,Hergla,Sousse,36.03022044,10.39966969,35.114125,1094,1.0000,scoped,constituency
سوسة,النفيضة - بوفيشة - هرقلة,الشقارنية,TN316055,الشقارنية,Chegarnia,TN3160,Enfidha,Sousse,36.16223099,10.42108891,44.620163,3303,1.0000,scoped,constituency
سوسة,النفيضة - بوفيشة - هرقلة,الصفحة,TN316154,الصفحة,Essafha,TN3161,Bouficha,Sousse,36.19814791,10.35798412,40.006903,2718,1.0000,scoped,constituency
سوسة,النفيضة - بوفيشة - هرقلة,العريبات,TN315952,العريبات,El Aribet,TN3159,Hergla,Sousse,36.02997345,10.45605673,26.148072,1220,1.0000,scoped,constituency
سوسة,النفيضة - بوفيشة - هرقلة,الفرادة,TN316052,الفرادة,El Frada,TN3160,Enfidha,Sousse,36.08814796,10.32231815,36.321059,2093,1.0000,scoped,constituency
سوسة,النفيضة - بوفيشة - هرقلة,القارصي,TN316059,القارصي,El Garci,TN3160,Enfidha,Sousse,36.14572943,10.25187493,19.068005,1928,1.0000,scoped,constituency
سوسة,النفيضة - بوفيشة - هرقلة,المثاليث,TN316157,المثاليت,El Methalit,TN3161,Bouficha,Sousse,36.19052133,10.41386615,10.077891,917,0.8750,scoped,constituency
سوسة,النفيضة - بوفيشة - هرقلة,النفيضة,TN316051,النفيضة,Enfidha,TN3160,Enfidha,Sousse,36.09366934,10.41518910,83.985218,11447,1.0000,scoped,constituency
سوسة,النفيضة - بوفيشة - هرقلة,بوفيشة,TN316151,بوفيشة,Bouficha,TN3161,Bouficha,Sousse,36.30740792,10.44692778,15.615465,6878,1.0000,scoped,constituency
سوسة,النفيضة - بوفيشة - هرقلة,تكرونة,TN316057,تكرونة,Takrouna,TN3160,Enfidha,Sousse,36.14964829,10.32709153,2.349485,559,1.0000,scoped,constituency
سوسة,النفيضة - بوفيشة - هرقلة,سيدي خليفة,TN316153,سيدي خليفة,Sidi Khalifa,TN3161,Bouficha,Sousse,36.26620829,10.41492123,31.651728,1898,1.0000,scoped,constituency
سوسة,النفيضة - بوفيشة - هرقلة,سيدي سعيد,TN316155,سيدي سعيد,Sidi Said,TN3161,Bouficha,Sousse,36.34907798,10.41703772,45.536777,2006,1.0000,scoped,constituency
سوسة,النفيضة - بوفيشة - هرقلة,سيدي مطير,TN316159,سيدي مطير,Sidi M'Tir,TN3161,Bouficha,Sousse,36.35795354,10.48565321,28.095383,2170,1.0000,scoped,constituency
سوسة,النفيضة - بوفيشة - هرقلة,عين الرحمة,TN316156,عين الرحمة,Ain Errahma,TN3161,Bouficha,Sousse,36.22250237,10.42565827,50.943661,2247,1.0000,scoped,constituency
سوسة,النفيضة - بوفيشة - هرقلة,عين مذاكر,TN316060,عين مذاكر,Ain Medhaker,TN3160,Enfidha,Sousse,36.19330512,10.28856630,50.340326,2861,1.0000,scoped,constituency
سوسة,النفيضة - بوفيشة - هرقلة,قريميط الشرقية,TN316053,قريميط الشرقية,Gerimet Est,TN3160,Enfidha,Sousse,36.09413954,10.26961345,17.599765,1815,1.0000,scoped,constituency
سوسة,النفيضة - بوفيشة - هرقلة,قريميط الغربية,TN316054,قريميط الغربية,Gerimet Ouest,TN3160,Enfidha,Sousse,36.06667883,10.23124773,21.173556,4469,1.0000,scoped,constituency
سوسة,النفيضة - بوفيشة - هرقلة,مرابط حشاد,TN316063,مرابط حشاد,M'Rabet Hached,TN3160,Enfidha,Sousse,36.05854825,10.29288733,22.247419,1953,1.0000,scoped,constituency
سوسة,النفيضة - بوفيشة - هرقلة,منزل دار بلواعر,TN316062,منزل دار بلواعر,Menzel Dar Belouar,TN3160,Enfidha,Sousse,36.03454737,10.32744492,23.864719,2320,1.0000,scoped,constituency
سوسة,النفيضة - بوفيشة - هرقلة,منزل فاتح,TN316058,منزل فاتح,Menzel Fateh,TN3160,Enfidha,Sousse,36.13481404,10.30614127,10.763549,1202,1.0000,scoped,constituency
سوسة,النفيضة - بوفيشة - هرقلة,هرقلة,TN315951,هرقلة,Hergla,TN3159,Hergla,Sousse,36.02829798,10.49771499,34.198501,5444,1.0000,scoped,constituency
سوسة,النفيضة - بوفيشة - هرقلة,هيشر,TN316061,هيشر,Hicher,TN3160,Enfidha,Sousse,36.12411178,10.22953184,30.586341,3843,1.0000,scoped,constituency
سوسة,النفيضة - بوفيشة - هرقلة,وادي الخروب,TN316152,وادي الخروب,Oued El Kharroub,TN3161,Bouficha,Sousse,36.29604448,10.38737296,17.899890,1178,1.0000,scoped,constituency
سوسة,حمام سوسة - اكودة,أكودة الشرقية,TN315651,أكودة الشرقية,Akouda Est,TN3156,Akouda,Sousse,35.87910634,10.57343847,2.970105,11756,1.0000,scoped,constituency
سوسة,حمام سوسة - اكودة,أكودة الغربية,TN315652,أكودة الغربية,Akouda Ouest,TN3156,Akouda,Sousse,35.88241962,10.55757884,5.132148,7106,1.0000,scoped,constituency
سوسة,حمام سوسة - اكودة,الطنطانة,TN315656,الطنطانة,Ettantana,TN3156,Akouda,Sousse,35.91102232,10.56266328,8.342085,2316,1.0000,scoped,constituency
سوسة,حمام سوسة - اكودة,الغرابى,TN315555,الغرابي,El Gharabi,TN3155,Hammam Sousse,Sousse,35.85549714,10.58469398,1.054897,3324,1.0000,scoped,constituency
سوسة,حمام سوسة - اكودة,الفقاعية,TN315655,الفقاعية,El Fokaia,TN3156,Akouda,Sousse,35.94248762,10.52395122,11.335298,784,1.0000,scoped,constituency
سوسة,حمام سوسة - اكودة,القنطاوي,TN315552,القنطاوي,El Kantaoui,TN3155,Hammam Sousse,Sousse,35.89101422,10.58549972,8.218508,3939,1.0000,scoped,constituency
سوسة,حمام سوسة - اكودة,المدينة,TN315551,المدينة,El Medina,TN3155,Hammam Sousse,Sousse,35.86029539,10.59043672,1.050849,12994,1.0000,scoped,constituency
سوسة,حمام سوسة - اكودة,بئر موسى,TN315553,بئر موسى,Bir Moussa,TN3155,Hammam Sousse,Sousse,35.86433107,10.60198416,2.445814,13328,1.0000,scoped,constituency
سوسة,حمام سوسة - اكودة,سهلول,TN315554,سهلول,Sahloul,TN3155,Hammam Sousse,Sousse,35.84761103,10.58014986,5.225570,16270,1.0000,scoped,constituency
سوسة,حمام سوسة - اكودة,شط الرمان,TN315654,شط الرمان,Chott Er-Romane,TN3156,Akouda,Sousse,35.85544520,10.55356977,6.686216,1343,1.0000,scoped,constituency
سوسة,حمام سوسة - اكودة,شط مريم,TN315653,شط مريم,Chott Meriam,TN3156,Akouda,Sousse,35.93792485,10.54928888,10.296700,5705,1.0000,scoped,constituency
سوسة,سوسة الرياض,الزهور,TN315254,الزهور,Ezzouhour,TN3152,Sousse Riadh,Sousse,35.79350077,10.57612522,3.708535,14330,1.0000,scoped,constituency
سوسة,سوسة الرياض,حي الرياض,TN315255,حي الرياض,Cite Er-Riadh,TN3152,Sousse Riadh,Sousse,35.79952304,10.59325985,2.197335,25906,1.0000,scoped,constituency
سوسة,سوسة المدينة - سوسة سيدي عبد الحميد,إبن خلدون,TN315452,إبن خلدون,Ibn Khaldoun,TN3154,Sousse Sidi Abdelhamid,Sousse,35.80768555,10.64239630,1.726094,9787,1.0000,scoped,constituency
سوسة,سوسة المدينة - سوسة سيدي عبد الحميد,الطيب المهيري,TN315451,الطيب المهيري,Taieb M'Hiri,TN3154,Sousse Sidi Abdelhamid,Sousse,35.80937720,10.62949025,2.724221,20308,1.0000,scoped,constituency
سوسة,سوسة المدينة - سوسة سيدي عبد الحميد,المدينة,TN315152,المدينة,El Medina,TN3151,Sousse Médina,Sousse,35.82398636,10.63747781,0.427643,3821,1.0000,scoped,constituency
سوسة,سوسة المدينة - سوسة سيدي عبد الحميد,بوجعفر,TN315151,بوجعفر,Bou Jaafer,TN3151,Sousse Médina,Sousse,35.83910278,10.62881405,1.276588,5005,1.0000,scoped,constituency
سوسة,سوسة المدينة - سوسة سيدي عبد الحميد,خزامة,TN315155,خزامة,Khezama,TN3151,Sousse Médina,Sousse,35.85370385,10.61263015,2.771183,15587,1.0000,scoped,constituency
سوسة,سوسة المدينة - سوسة سيدي عبد الحميد,سيدي عبد الحميد,TN315454,سيدي عبد الحميد,Sidi Abdelhamid,TN3154,Sousse Sidi Abdelhamid,Sousse,35.79494572,10.66959730,2.441276,4755,1.0000,scoped,constituency
سوسة,سوسة المدينة - سوسة سيدي عبد الحميد,علي البلهوان,TN315153,علي البلهوان,Ali Belhouan,TN3151,Sousse Médina,Sousse,35.81627985,10.64296244,1.055721,7258,1.0000,scoped,constituency
سوسة,سوسة المدينة - سوسة سيدي عبد الحميد,قصيبة الشط,TN315453,قصيبة الشط,Ksibet Ech-Chatt,TN3154,Sousse Sidi Abdelhamid,Sousse,35.78873403,10.66276141,5.525000,6372,1.0000,scoped,constituency
سوسة,سوسة المدينة - سوسة سيدي عبد الحميد,محمد معروف,TN315154,محمد معروف,Mohamed Maarouf,TN3151,Sousse Médina,Sousse,35.82807016,10.64419637,1.129490,5772,1.0000,scoped,constituency
سوسة,سوسة جوهرة,الهادي شاكر,TN315353,الهادي شاكر,Hedi Chaker,TN3153,Sousse Jaouhara,Sousse,35.81311208,10.61893946,2.301343,11407,1.0000,scoped,constituency
سوسة,سوسة جوهرة,بوحسينة,TN315354,بوحسينة,Bou Hassina,TN3153,Sousse Jaouhara,Sousse,35.81885313,10.60946938,2.886081,18458,1.0000,scoped,constituency
سوسة,سوسة جوهرة,حشاد,TN315352,حشاد,Hached,TN3153,Sousse Jaouhara,Sousse,35.82909096,10.61779970,2.069487,5583,1.0000,scoped,constituency
سوسة,سوسة جوهرة,سهلول جوهرة,TN315356,سهلول,Sahloul,TN3153,Sousse Jaouhara,Sousse,35.83563625,10.60011415,3.330295,11775,0.9000,scoped,constituency
سوسة,سوسة جوهرة,محمد القروي,TN315355,محمد القروي,Mohamed El Karoui,TN3153,Sousse Jaouhara,Sousse,35.83355486,10.62413592,0.865017,12762,1.0000,scoped,constituency
سوسة,سوسة جوهرة,وادي بليبان,TN315351,وادي بليبان,Oued Blibane,TN3153,Sousse Jaouhara,Sousse,35.84396480,10.60512299,2.397268,5024,1.0000,scoped,constituency
سوسة,سيدي الهاني - القلعة الصغرى,أولاد علي بلهاني,TN316354,أولاد علي بلهاني,Ouled Ali Belhani,TN3163,Sidi El Heni,Sousse,35.70721248,10.35974600,27.910150,992,1.0000,scoped,constituency
سوسة,سيدي الهاني - القلعة الصغرى,القلعة الصغرى الشرقية,TN316551,القلعة الصغرى الشرقية,Kalaa Seghira Est,TN3165,Kalaa Sghira,Sousse,35.82155186,10.57709262,9.773027,5713,1.0000,scoped,constituency
سوسة,سيدي الهاني - القلعة الصغرى,القلعة الصغرى المدينة,TN316553,القلعة الصغرى المدينة,Kalaa Seghira Ville,TN3165,Kalaa Sghira,Sousse,35.80892460,10.54559447,9.790845,16015,1.0000,scoped,constituency
سوسة,سيدي الهاني - القلعة الصغرى,القلعة الصغرى حشاد,TN316552,القلعة الصغرى حشاد,Kalaa Seghira Hached,TN3165,Kalaa Sghira,Sousse,35.83158187,10.53220497,14.732562,4845,1.0000,scoped,constituency
سوسة,سيدي الهاني - القلعة الصغرى,النقر,TN316554,النقر,En-Nagr,TN3165,Kalaa Sghira,Sousse,35.80192347,10.49775423,16.476392,2110,1.0000,scoped,constituency
سوسة,سيدي الهاني - القلعة الصغرى,سيدي الهاني الجنوبية,TN316353,سيدي الهاني الجنوبية,Sidi El Heni Sud,TN3163,Sidi El Heni,Sousse,35.63720583,10.32836587,106.980695,1457,1.0000,scoped,constituency
سوسة,سيدي الهاني - القلعة الصغرى,سيدي الهاني الغربية,TN316352,سيدي الهاني الغربية,Sidi El Heni Ouest,TN3163,Sidi El Heni,Sousse,35.70681827,10.24361228,18.616068,1718,1.0000,scoped,constituency
سوسة,سيدي الهاني - القلعة الصغرى,سيدي الهاني المركزية,TN316351,سيدي الهاني المركزية,Sidi El Heni Centre,TN3163,Sidi El Heni,Sousse,35.70535444,10.29078169,19.198555,3969,1.0000,scoped,constituency
سوسة,سيدي الهاني - القلعة الصغرى,كروسية الغربية,TN316355,كروسية الغربية,Kroussia Ouest,TN3163,Sidi El Heni,Sousse,35.76721627,10.25661016,97.766086,1233,1.0000,scoped,constituency
سوسة,سيدي الهاني - القلعة الصغرى,كروسية المركزية,TN316356,كروسية المركزية,Kroussia Centrale,TN3163,Sidi El Heni,Sousse,35.75226300,10.34578987,50.435741,1837,1.0000,scoped,constituency
سوسة,سيدي الهاني - القلعة الصغرى,وادي لاية,TN316555,وادي لاية,Oued Leya,TN3165,Kalaa Sghira,Sousse,35.78636974,10.42657721,51.755889,468,1.0000,scoped,constituency
سوسة,مساكن,البرجين,TN316463,البرجين,Borgine,TN3164,M'Saken,Sousse,35.63409265,10.53558447,36.807677,4108,1.0000,scoped,constituency
سوسة,مساكن,التوارة الجنوبية,TN316452,التوارة الجنوبية,Ettouara Sud,TN3164,M'Saken,Sousse,35.73231058,10.57885286,0.245638,2000,1.0000,scoped,constituency
سوسة,مساكن,التوارة الشمالية,TN316451,التوارة الشمالية,Ettouara Nord,TN3164,M'Saken,Sousse,35.74394752,10.59000030,2.080407,6014,1.0000,scoped,constituency
سوسة,مساكن,الجبليين,TN316454,الجبليين,Jebline,TN3164,M'Saken,Sousse,35.72931743,10.57525551,0.327034,6653,1.0000,scoped,constituency
سوسة,مساكن,الجديديين,TN316453,الجديدين,Jedidine,TN3164,M'Saken,Sousse,35.75880694,10.57287980,10.845990,5554,0.9412,scoped,constituency
سوسة,مساكن,الحبيب ثامر,TN316455,الحبيب ثامر,Habib Thameur,TN3164,M'Saken,Sousse,35.73668204,10.48611125,82.111316,4175,1.0000,scoped,constituency
سوسة,مساكن,الغربيين,TN316458,الغربيين,El Gharbine,TN3164,M'Saken,Sousse,35.72396554,10.57535299,0.493863,3896,1.0000,scoped,constituency
سوسة,مساكن,الفرداي,TN316462,الفرادي,El Frady,TN3164,M'Saken,Sousse,35.58628982,10.51077186,13.770567,1173,0.8571,scoped,constituency
سوسة,مساكن,القبليين,TN316460,القبليين,El Kebline,TN3164,M'Saken,Sousse,35.70911340,10.62129150,12.892936,2173,1.0000,scoped,constituency
سوسة,مساكن,الكنائس,TN316459,الكنائس,El Kenaies,TN3164,M'Saken,Sousse,35.64773474,10.48134178,69.433364,4267,1.0000,scoped,constituency
سوسة,مساكن,المردين,TN316456,المردين,Mouredine,TN3164,M'Saken,Sousse,35.77002109,10.52139775,27.884406,2929,1.0000,scoped,constituency
سوسة,مساكن,المسعدين,TN316467,المسعدين,Messadine,TN3164,M'Saken,Sousse,35.76600084,10.60210279,5.691475,9083,1.0000,scoped,constituency
سوسة,مساكن,المناعمة,TN316457,المناعمة,Mneaema,TN3164,M'Saken,Sousse,35.70098024,10.52986906,22.633060,1572,1.0000,scoped,constituency
سوسة,مساكن,النجاجرة,TN316466,النجاجرة,Nejajra,TN3164,M'Saken,Sousse,35.69233209,10.56383648,14.594521,8689,1.0000,scoped,constituency
سوسة,مساكن,النور,TN316461,النور,Ennour,TN3164,M'Saken,Sousse,35.73881973,10.60562391,5.681626,3111,1.0000,scoped,constituency
سوسة,مساكن,بني ربيعة,TN316464,بني ربيعة,Beni Rabiaa,TN3164,M'Saken,Sousse,35.67602302,10.56821368,12.056614,2398,1.0000,scoped,constituency
سوسة,مساكن,بني كلثوم,TN316465,بني كلثوم,Beni Khalthoum,TN3164,M'Saken,Sousse,35.67565917,10.60952838,16.687659,2572,1.0000,scoped,constituency
سيدي بوزيد,الرقاب - السعيدة - أولاد حفوز,أولاد حفوز,TN436251,أولاد حفوز,Ouled Haffouz,TN4362,Ouled Haffouz,Sidi Bou Zid,35.08333704,9.84518260,23.640548,3721,1.0000,scoped,constituency
سيدي بوزيد,الرقاب - السعيدة - أولاد حفوز,أولاد عيوني,TN436167,أولاد عيوني,Ouled Ayouni,TN4361,Regueb,Sidi Bou Zid,34.82987763,9.83667930,41.612610,1277,1.0000,scoped,constituency
سيدي بوزيد,الرقاب - السعيدة - أولاد حفوز,الحنية,TN436254,الحنية,El Henia,TN4362,Ouled Haffouz,Sidi Bou Zid,35.07941175,9.76555041,59.652709,1883,1.0000,scoped,constituency
سيدي بوزيد,الرقاب - السعيدة - أولاد حفوز,الخشم الشرقية,TN436163,الخشم الشرقية,Khechem Est,TN4361,Regueb,Sidi Bou Zid,35.00171345,10.01625211,61.922550,3645,1.0000,scoped,constituency
سيدي بوزيد,الرقاب - السعيدة - أولاد حفوز,الخشم الغربية,TN436152,الخشم الغربية,Khechem Ouest,TN4361,Regueb,Sidi Bou Zid,35.02715163,9.95003708,33.968014,2917,1.0000,scoped,constituency
سيدي بوزيد,الرقاب - السعيدة - أولاد حفوز,الذويبات الجنوبية,TN436252,الدويبات الجنوبية,Dheouibet Sud,TN4362,Ouled Haffouz,Sidi Bou Zid,35.09452907,9.97240557,59.945030,2087,0.9375,scoped,constituency
سيدي بوزيد,الرقاب - السعيدة - أولاد حفوز,الذويبات الشمالية,TN436259,الذويبات الشمالية,Dheouibet Nord,TN4362,Ouled Haffouz,Sidi Bou Zid,35.16806526,9.93610288,55.020396,1645,1.0000,scoped,constituency
سيدي بوزيد,الرقاب - السعيدة - أولاد حفوز,الرضاع,TN436156,الرضاع,Erradhaa,TN4361,Regueb,Sidi Bou Zid,34.69003391,9.84259662,54.581157,2176,1.0000,scoped,constituency
سيدي بوزيد,الرقاب - السعيدة - أولاد حفوز,الرضاع الشرقية,TN436157,الرضاع الشرقية,Erradhaa Est,TN4361,Regueb,Sidi Bou Zid,34.71655520,9.88513379,38.968991,2173,1.0000,scoped,constituency
سيدي بوزيد,الرقاب - السعيدة - أولاد حفوز,الرقاب,TN436151,الرقاب,Regueb,TN4361,Regueb,Sidi Bou Zid,34.86040550,9.78663203,11.926120,11400,1.0000,scoped,constituency
سيدي بوزيد,الرقاب - السعيدة - أولاد حفوز,السعيدة الجنوبية,TN436164,السعيدة الجنوبية,Essaida Sud,TN4361,Regueb,Sidi Bou Zid,34.96562872,9.85659120,55.288117,2585,1.0000,scoped,constituency
سيدي بوزيد,الرقاب - السعيدة - أولاد حفوز,السعيدة الشرقية,TN436165,السعيدة الشرقية,Essaida Est,TN4361,Regueb,Sidi Bou Zid,34.90129280,9.96870976,57.373310,2997,1.0000,scoped,constituency
سيدي بوزيد,الرقاب - السعيدة - أولاد حفوز,السعيدة الشمالية,TN436153,السعيدة الشمالية,Essaida Nord,TN4361,Regueb,Sidi Bou Zid,34.97914229,9.92409553,84.766628,6009,1.0000,scoped,constituency
سيدي بوزيد,الرقاب - السعيدة - أولاد حفوز,السكبة,TN436162,السكبة,Essekba,TN4361,Regueb,Sidi Bou Zid,34.78161956,9.84368234,92.007589,1268,1.0000,scoped,constituency
سيدي بوزيد,الرقاب - السعيدة - أولاد حفوز,الشواشية,TN436257,الشواشية,Ech-Cheouachia,TN4362,Ouled Haffouz,Sidi Bou Zid,35.03826035,9.86138810,28.578255,899,1.0000,scoped,constituency
سيدي بوزيد,الرقاب - السعيدة - أولاد حفوز,المباركية,TN436256,المباركية,El Mebarkia,TN4362,Ouled Haffouz,Sidi Bou Zid,35.03418331,9.80624135,34.173687,1118,1.0000,scoped,constituency
سيدي بوزيد,الرقاب - السعيدة - أولاد حفوز,بودينار,TN436158,بودينار,Boudinar,TN4361,Regueb,Sidi Bou Zid,34.90419273,9.69617863,73.300553,1708,1.0000,scoped,constituency
سيدي بوزيد,الرقاب - السعيدة - أولاد حفوز,ريحانة,TN436161,ريحانة,Rihana,TN4361,Regueb,Sidi Bou Zid,34.82668091,9.69353295,106.059834,2530,1.0000,scoped,constituency
سيدي بوزيد,الرقاب - السعيدة - أولاد حفوز,سيدي اللافي,TN436258,سيدي اللافي,Sidi Ellafi,TN4362,Ouled Haffouz,Sidi Bou Zid,35.16750006,9.74722203,39.728438,1200,1.0000,scoped,constituency
سيدي بوزيد,الرقاب - السعيدة - أولاد حفوز,سيدي خليف,TN436253,سيدي خليف,Sidi Khelif,TN4362,Ouled Haffouz,Sidi Bou Zid,35.14422693,9.81448931,54.579238,1533,1.0000,scoped,constituency
سيدي بوزيد,الرقاب - السعيدة - أولاد حفوز,فرش غريب,TN436166,فرش غريب,Ferch Gharib,TN4361,Regueb,Sidi Bou Zid,34.80386817,9.91957562,36.996951,2367,1.0000,scoped,constituency
سيدي بوزيد,الرقاب - السعيدة - أولاد حفوز,قبرار,TN436160,قبرار,Gobrar,TN4361,Regueb,Sidi Bou Zid,34.94041777,9.82322793,49.198662,2224,1.0000,scoped,constituency
سيدي بوزيد,الرقاب - السعيدة - أولاد حفوز,قصر الحمام الشرقية,TN436154,قصر الحمام الشرقية,Ksar El Hammam Est,TN4361,Regueb,Sidi Bou Zid,34.87435732,9.89558598,66.201757,2668,1.0000,scoped,constituency
سيدي بوزيد,الرقاب - السعيدة - أولاد حفوز,قصر الحمام الغربية,TN436159,قصر الحمام الغربية,Ksar El Hammam Ouest,TN4361,Regueb,Sidi Bou Zid,34.92075960,9.77079385,81.393774,2599,1.0000,scoped,constituency
سيدي بوزيد,الرقاب - السعيدة - أولاد حفوز,قولاب,TN436155,قولاب,Gouleb,TN4361,Regueb,Sidi Bou Zid,34.75694907,9.73988286,89.542443,2838,1.0000,scoped,constituency
سيدي بوزيد,الرقاب - السعيدة - أولاد حفوز,كسودة,TN436255,كسودة,Kassouda,TN4362,Ouled Haffouz,Sidi Bou Zid,35.10840469,9.89195068,67.042937,2306,1.0000,scoped,constituency
سيدي بوزيد,بئر الحفي - سيدي علي بن عون,أولاد ابراهيم,TN435655,أولاد إبراهيم,Ouled Brahim,TN4356,Sidi Ali Ben Aoun,Sidi Bou Zid,34.77851499,8.98746069,63.169469,1569,1.0000,scoped,constituency
سيدي بوزيد,بئر الحفي - سيدي علي بن عون,الرابطة,TN435652,الرابطة,Errabta,TN4356,Sidi Ali Ben Aoun,Sidi Bou Zid,34.76067244,9.22545406,154.755082,3764,1.0000,scoped,constituency
سيدي بوزيد,بئر الحفي - سيدي علي بن عون,الساهلة,TN435653,الساهلة,Essahla,TN4356,Sidi Ali Ben Aoun,Sidi Bou Zid,34.83703481,9.08336475,94.716011,1348,1.0000,scoped,constituency
سيدي بوزيد,بئر الحفي - سيدي علي بن عون,السلامة,TN435556,السلامة,Essalama,TN4355,Bir El Hfay,Sidi Bou Zid,34.81703367,9.38051473,39.254848,2198,1.0000,scoped,constituency
سيدي بوزيد,بئر الحفي - سيدي علي بن عون,القصر,TN435553,القصر,El Ksar,TN4355,Bir El Hfay,Sidi Bou Zid,34.96864349,9.33963989,66.814985,2713,1.0000,scoped,constituency
سيدي بوزيد,بئر الحفي - سيدي علي بن عون,المحمدية,TN435552,المحمدية,El Mohamdia,TN4355,Bir El Hfay,Sidi Bou Zid,34.98322575,9.16019090,47.381775,358,1.0000,scoped,constituency
سيدي بوزيد,بئر الحفي - سيدي علي بن عون,المزارة,TN435555,المزارة,El Mezara,TN4355,Bir El Hfay,Sidi Bou Zid,34.96464630,9.27746416,66.712790,3379,1.0000,scoped,constituency
سيدي بوزيد,بئر الحفي - سيدي علي بن عون,المنصورة الشرقية,TN435656,المنصورة الشرقية,El Mansoura Est,TN4356,Sidi Ali Ben Aoun,Sidi Bou Zid,34.73440784,9.12070477,81.647425,1813,1.0000,scoped,constituency
سيدي بوزيد,بئر الحفي - سيدي علي بن عون,المنصورة الغربية,TN435657,المنصورة الغربية,El Mansoura Ouest,TN4356,Sidi Ali Ben Aoun,Sidi Bou Zid,34.74348209,9.04035361,51.768184,1615,1.0000,scoped,constituency
سيدي بوزيد,بئر الحفي - سيدي علي بن عون,الواعرة,TN435654,الواعرة,El Ouaara,TN4356,Sidi Ali Ben Aoun,Sidi Bou Zid,34.81016814,9.01608833,29.883676,1822,1.0000,scoped,constituency
سيدي بوزيد,بئر الحفي - سيدي علي بن عون,بئر الحفي,TN435551,بئر الحفي,Bir El Hafey,TN4355,Bir El Hfay,Sidi Bou Zid,34.95550086,9.19673557,95.243382,11884,1.0000,scoped,constituency
سيدي بوزيد,بئر الحفي - سيدي علي بن عون,بئر بوصبيع,TN435559,بئر بوصبيع,Bir Bousbiaa,TN4355,Bir El Hfay,Sidi Bou Zid,34.89777633,9.26778416,34.280909,2059,1.0000,scoped,constituency
سيدي بوزيد,بئر الحفي - سيدي علي بن عون,بئر عمامة,TN435554,بئر عمامة,Bir Amama,TN4355,Bir El Hfay,Sidi Bou Zid,34.87316857,9.30325087,51.558645,2267,1.0000,scoped,constituency
سيدي بوزيد,بئر الحفي - سيدي علي بن عون,رحال,TN435558,رحال,Rahal,TN4355,Bir El Hfay,Sidi Bou Zid,34.79079509,9.33738309,63.822185,4170,1.0000,scoped,constituency
سيدي بوزيد,بئر الحفي - سيدي علي بن عون,سيدي علي بن عون,TN435651,سيدي علي بن عون,Sidi Ali Ben Aoun,TN4356,Sidi Ali Ben Aoun,Sidi Bou Zid,34.88771316,9.14822496,138.668918,9324,1.0000,scoped,constituency
سيدي بوزيد,بئر الحفي - سيدي علي بن عون,ورغة,TN435557,ورغة,Ourgha,TN4355,Bir El Hfay,Sidi Bou Zid,34.78716891,9.29278648,50.024881,2085,1.0000,scoped,constituency
سيدي بوزيد,جلمة - سبالة أولاد عسكر,الابيض,TN435361,الأبيض,El Abaiedh,TN4353,Jelma,Sidi Bou Zid,35.43983899,9.45818430,50.603775,1966,1.0000,scoped,constituency
سيدي بوزيد,جلمة - سبالة أولاد عسكر,الحميمة,TN435360,الحميمة,El Hamima,TN4353,Jelma,Sidi Bou Zid,35.20793324,9.43310534,71.255230,3380,1.0000,scoped,constituency
سيدي بوزيد,جلمة - سبالة أولاد عسكر,السبالة,TN435451,السبالة,Cebalet,TN4354,Sabalat Ouled Asker,Sidi Bou Zid,35.18442632,9.27749213,31.539138,5166,1.0000,scoped,constituency
سيدي بوزيد,جلمة - سبالة أولاد عسكر,السد,TN435453,السد,Essed,TN4354,Sabalat Ouled Asker,Sidi Bou Zid,35.19861283,9.33834592,63.213935,3774,1.0000,scoped,constituency
سيدي بوزيد,جلمة - سبالة أولاد عسكر,العامرة,TN435452,العامرة,El Amra,TN4354,Sabalat Ouled Asker,Sidi Bou Zid,35.12349796,9.30795271,59.027616,4329,1.0000,scoped,constituency
سيدي بوزيد,جلمة - سبالة أولاد عسكر,العضلة,TN435359,العضلة,El Adhla,TN4353,Jelma,Sidi Bou Zid,35.42549647,9.41570530,64.917453,2230,1.0000,scoped,constituency
سيدي بوزيد,جلمة - سبالة أولاد عسكر,العيون,TN435455,العيون,El Ayoun,TN4354,Sabalat Ouled Asker,Sidi Bou Zid,35.31697023,9.21308944,72.524205,1640,1.0000,scoped,constituency
سيدي بوزيد,جلمة - سبالة أولاد عسكر,باطن الغزال الجنوبية,TN435357,باطن الغزال الجنوبية,Baten Elghezel Sud,TN4353,Jelma,Sidi Bou Zid,35.37689224,9.38413264,39.885693,702,1.0000,scoped,constituency
سيدي بوزيد,جلمة - سبالة أولاد عسكر,باطن الغزال الشمالية,TN435358,باطن الغزال الشمالية,Baten Elghezel Nord,TN4353,Jelma,Sidi Bou Zid,35.44703482,9.33575597,37.843206,1630,1.0000,scoped,constituency
سيدي بوزيد,جلمة - سبالة أولاد عسكر,جلمة الشرقية,TN435351,جملة الشرقية,Jilma Est,TN4353,Jelma,Sidi Bou Zid,35.32212175,9.44652079,51.468520,3165,0.9091,scoped,constituency
سيدي بوزيد,جلمة - سبالة أولاد عسكر,جلمة الغربية,TN435352,جلمة الغريبة,Jilma Ouest,TN4353,Jelma,Sidi Bou Zid,35.28315159,9.40038216,40.755179,8348,0.9091,scoped,constituency
سيدي بوزيد,جلمة - سبالة أولاد عسكر,زغمار,TN435355,زغمار,Zoghmar,TN4353,Jelma,Sidi Bou Zid,35.39733741,9.32680876,69.464315,1847,1.0000,scoped,constituency
سيدي بوزيد,جلمة - سبالة أولاد عسكر,سلتة,TN435354,سلتة,Selta,TN4353,Jelma,Sidi Bou Zid,35.36652365,9.26381278,80.594352,2753,1.0000,scoped,constituency
سيدي بوزيد,جلمة - سبالة أولاد عسكر,غدير الزيتون,TN435356,غدير الزيتون,Ghedir Ezzitoun,TN4353,Jelma,Sidi Bou Zid,35.28441424,9.49360216,89.672998,4041,1.0000,scoped,constituency
سيدي بوزيد,جلمة - سبالة أولاد عسكر,لزيرق,TN435353,لزيرق,Lazirek,TN4353,Jelma,Sidi Bou Zid,35.28060222,9.33901487,72.785402,1741,1.0000,scoped,constituency
سيدي بوزيد,جلمة - سبالة أولاد عسكر,مغيلة,TN435454,مغيلة,Meghila,TN4354,Sabalat Ouled Asker,Sidi Bou Zid,35.26672452,9.26250211,69.257466,2648,1.0000,scoped,constituency
سيدي بوزيد,سيدي بوزيد الشرقية - سوق الجديد,الأحواز,TN435251,الأحواز,El Ahouaz,TN4352,Sidi Bouzid Est,Sidi Bou Zid,34.99102903,9.50087627,50.629080,2865,1.0000,scoped,constituency
سيدي بوزيد,سيدي بوزيد الشرقية - سوق الجديد,الأسودة,TN435254,الأسود,El Assouad,TN4352,Sidi Bouzid Est,Sidi Bou Zid,35.07758664,9.53610341,117.315596,6582,0.9231,scoped,constituency
سيدي بوزيد,سيدي بوزيد الشرقية - سوق الجديد,الحنية ابازيد,TN435260,الحنية أبازيد,El Henia Abazid,TN4352,Sidi Bouzid Est,Sidi Bou Zid,35.02883695,9.73387163,51.055975,2358,1.0000,scoped,constituency
سيدي بوزيد,سيدي بوزيد الشرقية - سوق الجديد,الرميلية,TN435955,الرميلية,Erremelia,TN4359,Souk Jedid,Sidi Bou Zid,34.80362392,9.58534019,88.135789,2610,1.0000,scoped,constituency
سيدي بوزيد,سيدي بوزيد الشرقية - سوق الجديد,الزفزاف,TN435956,الزفزاف,Ezzafzaf,TN4359,Souk Jedid,Sidi Bou Zid,34.80002634,9.49271462,60.449646,3178,1.0000,scoped,constituency
سيدي بوزيد,سيدي بوزيد الشرقية - سوق الجديد,العامرة,TN435255,العامرة,El Amra,TN4352,Sidi Bouzid Est,Sidi Bou Zid,35.15322905,9.65093643,78.280114,1656,1.0000,scoped,constituency
سيدي بوزيد,سيدي بوزيد الشرقية - سوق الجديد,العقلة,TN435258,العقلة,El Okla,TN4352,Sidi Bouzid Est,Sidi Bou Zid,35.10186108,9.62345050,48.446455,3002,1.0000,scoped,constituency
سيدي بوزيد,سيدي بوزيد الشرقية - سوق الجديد,القصيرة,TN435953,القصيرة,Ksaira,TN4359,Souk Jedid,Sidi Bou Zid,34.97077246,9.60250644,13.763184,1754,1.0000,scoped,constituency
سيدي بوزيد,سيدي بوزيد الشرقية - سوق الجديد,المكارم,TN435256,المكارم,El Makarem,TN4352,Sidi Bouzid Est,Sidi Bou Zid,35.21956624,9.64934467,56.594763,2886,1.0000,scoped,constituency
سيدي بوزيد,سيدي بوزيد الشرقية - سوق الجديد,المكارم الشرقية,TN435257,المكارم الشرقية,El Makarem Est,TN4352,Sidi Bouzid Est,Sidi Bou Zid,35.23638446,9.56776671,54.380700,2280,1.0000,scoped,constituency
سيدي بوزيد,سيدي بوزيد الشرقية - سوق الجديد,بئر بدر,TN435957,بئر بدر,Bir Badr,TN4359,Souk Jedid,Sidi Bou Zid,34.86994443,9.52070649,65.889173,2401,1.0000,scoped,constituency
سيدي بوزيد,سيدي بوزيد الشرقية - سوق الجديد,بنور,TN435252,بنور,Bennour,TN4352,Sidi Bouzid Est,Sidi Bou Zid,35.18061117,9.54227466,98.078302,3148,1.0000,scoped,constituency
سيدي بوزيد,سيدي بوزيد الشرقية - سوق الجديد,سقدال,TN435954,سقدال,Sekdal,TN4359,Souk Jedid,Sidi Bou Zid,34.92568213,9.61208574,22.804341,2228,1.0000,scoped,constituency
سيدي بوزيد,سيدي بوزيد الشرقية - سوق الجديد,سوق الجديد,TN435951,سوق الجديد,Souk Jedid,TN4359,Souk Jedid,Sidi Bou Zid,34.90697098,9.58030802,57.494244,3330,1.0000,scoped,constituency
سيدي بوزيد,سيدي بوزيد الشرقية - سوق الجديد,عين رباو,TN435259,عين رباو,Ain Rebaou,TN4352,Sidi Bouzid Est,Sidi Bou Zid,34.99279544,9.69570751,75.511482,1831,1.0000,scoped,constituency
سيدي بوزيد,سيدي بوزيد الشرقية - سوق الجديد,غريويس,TN435952,غريويس,Ghiriouis,TN4359,Souk Jedid,Sidi Bou Zid,34.94629028,9.65358053,37.812769,1409,1.0000,scoped,constituency
سيدي بوزيد,سيدي بوزيد الشرقية - سوق الجديد,فائض,TN435253,فانض,Faiedh,TN4352,Sidi Bouzid Est,Sidi Bou Zid,35.07256038,9.68435917,58.688043,3943,0.7500,near,constituency
سيدي بوزيد,سيدي بوزيد الشرقية - سوق الجديد,قارة حديد,TN435261,قارة حديد,Garet Hadid,TN4352,Sidi Bouzid Est,Sidi Bou Zid,34.99615061,9.57651631,41.912896,2735,1.0000,scoped,constituency
سيدي بوزيد,سيدي بوزيد الغربية - الهيشرية,أم العظام 1,TN435157,أم العظام 1,Oum El Adham (1),TN4351,Sidi Bouzid Ouest,Sidi Bou Zid,35.10695510,9.39007791,37.577117,1675,1.0000,scoped,constituency
سيدي بوزيد,سيدي بوزيد الغربية - الهيشرية,أم العظام 2,TN435158,أم العظام 2,Oum El Adham (2),TN4351,Sidi Bouzid Ouest,Sidi Bou Zid,35.08316572,9.33925110,16.825357,2604,1.0000,scoped,constituency
سيدي بوزيد,سيدي بوزيد الغربية - الهيشرية,الزيتونة,TN435262,الزيتونة,Ezzitouna,TN4352,Sidi Bouzid Est,Sidi Bou Zid,34.91342743,9.49065348,64.309690,2927,1.0000,scoped,constituency
سيدي بوزيد,سيدي بوزيد الغربية - الهيشرية,الصداقية,TN435156,الصداقية,Sadakia,TN4351,Sidi Bouzid Ouest,Sidi Bou Zid,35.09684471,9.42740339,48.660444,2112,1.0000,scoped,constituency
سيدي بوزيد,سيدي بوزيد الغربية - الهيشرية,الطويلة,TN435159,الطويلة,Ettouila,TN4351,Sidi Bouzid Ouest,Sidi Bou Zid,34.99555840,9.41396563,122.327955,7500,1.0000,scoped,constituency
سيدي بوزيد,سيدي بوزيد الغربية - الهيشرية,الفريو,TN435155,الفريو,El Friou,TN4351,Sidi Bouzid Ouest,Sidi Bou Zid,34.83883045,9.42686566,47.980725,2959,1.0000,scoped,constituency
سيدي بوزيد,سيدي بوزيد الغربية - الهيشرية,النصر,TN435160,النصر,Ennasr,TN4351,Sidi Bouzid Ouest,Sidi Bou Zid,35.14829519,9.38335595,23.527240,1037,1.0000,scoped,constituency
سيدي بوزيد,سيدي بوزيد الغربية - الهيشرية,النور,TN435152,النور,Ennour,TN4351,Sidi Bouzid Ouest,Sidi Bou Zid,35.04212834,9.48467334,1.335860,13486,1.0000,scoped,constituency
سيدي بوزيد,سيدي بوزيد الغربية - الهيشرية,الهيشرية,TN435154,الهيشرية,El Hichria,TN4351,Sidi Bouzid Ouest,Sidi Bou Zid,34.89499926,9.40957034,71.401823,4607,1.0000,scoped,constituency
سيدي بوزيد,سيدي بوزيد الغربية - الهيشرية,سيدي بوزيد,TN435151,سيدي بوزيد,Sidi Bouzid,TN4351,Sidi Bouzid Ouest,Sidi Bou Zid,35.03484659,9.49283518,1.185151,10708,1.0000,scoped,constituency
سيدي بوزيد,سيدي بوزيد الغربية - الهيشرية,سيدي بوزيد الجنوبية,TN435161,سيدي بوزيد الجنوبية,Sidi Bouzid Sud,TN4351,Sidi Bouzid Ouest,Sidi Bou Zid,35.03262514,9.47865857,1.281660,11874,1.0000,scoped,constituency
سيدي بوزيد,سيدي بوزيد الغربية - الهيشرية,سيدي بوزيد الغربية,TN435162,سيدي بوزيد الغربية,Sidi Bouzid Ouest,TN4351,Sidi Bouzid Ouest,Sidi Bou Zid,35.03798092,9.47514787,1.267194,8801,1.0000,scoped,constituency
سيدي بوزيد,سيدي بوزيد الغربية - الهيشرية,سيدي سالم,TN435153,سيدي سالم,Sidi Salem,TN4351,Sidi Bouzid Ouest,Sidi Bou Zid,35.09440621,9.46688705,49.919125,3502,1.0000,scoped,constituency
سيدي بوزيد,منزل بوزيان - المكناسي - المزونة,البسباس,TN436058,البسباس,El Besbes,TN4360,Mazzouna,Sidi Bou Zid,34.43211204,9.84444630,232.195241,1532,1.0000,scoped,constituency
سيدي بوزيد,منزل بوزيان - المكناسي - المزونة,الجباس,TN435851,الجباس,El Jebbes,TN4358,Meknassi,Sidi Bou Zid,34.72084673,9.63481357,90.799253,591,1.0000,scoped,constituency
سيدي بوزيد,منزل بوزيان - المكناسي - المزونة,الخبنة,TN436055,الخبنة,Khobna,TN4360,Mazzouna,Sidi Bou Zid,34.36325370,9.61221052,228.304905,1426,1.0000,scoped,constituency
سيدي بوزيد,منزل بوزيان - المكناسي - المزونة,الخرشف,TN435754,الخرشف,El Khorchef,TN4357,Menzel Bouzaiene,Sidi Bou Zid,34.71392217,9.51198758,94.073269,2319,1.0000,scoped,constituency
سيدي بوزيد,منزل بوزيان - المكناسي - المزونة,الخروبة,TN435755,الخروبة,El Kharrouba,TN4357,Menzel Bouzaiene,Sidi Bou Zid,34.67156312,9.42783647,87.261603,1702,1.0000,scoped,constituency
سيدي بوزيد,منزل بوزيان - المكناسي - المزونة,الخوي,TN436057,الخوي,El Khaoui,TN4360,Mazzouna,Sidi Bou Zid,34.54851772,9.95209838,44.663351,1668,1.0000,scoped,constituency
سيدي بوزيد,منزل بوزيان - المكناسي - المزونة,الدوارة,TN436056,الدوارة,Eddaouara,TN4360,Mazzouna,Sidi Bou Zid,34.54123901,9.74038002,100.285279,1133,1.0000,scoped,constituency
سيدي بوزيد,منزل بوزيان - المكناسي - المزونة,الزوارع,TN435857,الزوارع,Ezzouaraa,TN4358,Meknassi,Sidi Bou Zid,34.73249722,9.70355588,46.855366,651,1.0000,scoped,constituency
سيدي بوزيد,منزل بوزيان - المكناسي - المزونة,السد,TN436059,السد,Essed,TN4360,Mazzouna,Sidi Bou Zid,34.42790370,9.72395085,144.659890,2174,1.0000,scoped,constituency
سيدي بوزيد,منزل بوزيان - المكناسي - المزونة,العمران,TN435757,العمران,El Omrane,TN4357,Menzel Bouzaiene,Sidi Bou Zid,34.53426437,9.40889543,112.259104,1996,1.0000,scoped,constituency
سيدي بوزيد,منزل بوزيان - المكناسي - المزونة,العمرية,TN435756,العمرية,El Omria,TN4357,Menzel Bouzaiene,Sidi Bou Zid,34.61948289,9.31993167,63.100779,1100,1.0000,scoped,constituency
سيدي بوزيد,منزل بوزيان - المكناسي - المزونة,الغريس الشرقية,TN436054,الغريس الشرقية,El Gheris Est,TN4360,Mazzouna,Sidi Bou Zid,34.61844848,9.83006261,74.009075,1306,1.0000,scoped,constituency
سيدي بوزيد,منزل بوزيان - المكناسي - المزونة,الغريس الغربية,TN435852,الغريس الغربية,Gheris Ouest,TN4358,Meknassi,Sidi Bou Zid,34.64664565,9.76708133,90.034828,1875,1.0000,scoped,constituency
سيدي بوزيد,منزل بوزيان - المكناسي - المزونة,الفوني,TN436052,الفوني,El Founi,TN4360,Mazzouna,Sidi Bou Zid,34.49366629,9.95874796,74.518486,1741,1.0000,scoped,constituency
سيدي بوزيد,منزل بوزيان - المكناسي - المزونة,المبروكة,TN435858,المبروكة,El Mabrouka,TN4358,Meknassi,Sidi Bou Zid,34.67897713,9.58602544,107.022687,735,1.0000,scoped,constituency
سيدي بوزيد,منزل بوزيان - المكناسي - المزونة,المزونة,TN436051,المزونة,Mezzouna,TN4360,Mazzouna,Sidi Bou Zid,34.55078427,9.85962629,79.964514,6609,1.0000,scoped,constituency
سيدي بوزيد,منزل بوزيان - المكناسي - المزونة,المكناسي الشرقية,TN435854,المكناسي الشرقية,Meknassy Est,TN4358,Meknassi,Sidi Bou Zid,34.58679082,9.65570394,68.804351,3996,1.0000,scoped,constituency
سيدي بوزيد,منزل بوزيان - المكناسي - المزونة,المكناسي الشمالية,TN435856,المكناسي الشمالية,Meknassy Nord,TN4358,Meknassi,Sidi Bou Zid,34.62241641,9.60162726,41.762871,4665,1.0000,scoped,constituency
سيدي بوزيد,منزل بوزيان - المكناسي - المزونة,المكناسي الغربية,TN435855,المكناسي الغربية,Meknassy Ouest,TN4358,Meknassi,Sidi Bou Zid,34.55161132,9.62023894,52.441061,3594,1.0000,scoped,constituency
سيدي بوزيد,منزل بوزيان - المكناسي - المزونة,النصر,TN435859,النصر,Ennasr,TN4358,Meknassi,Sidi Bou Zid,34.56386998,9.53313606,63.018148,1398,1.0000,scoped,constituency
سيدي بوزيد,منزل بوزيان - المكناسي - المزونة,النوامر,TN435752,النوامر,En-Nouamer,TN4357,Menzel Bouzaiene,Sidi Bou Zid,34.60943728,9.42834906,104.809202,5509,1.0000,scoped,constituency
سيدي بوزيد,منزل بوزيان - المكناسي - المزونة,بوهدمة,TN436053,بوهدمة,Bou Hedma,TN4360,Mazzouna,Sidi Bou Zid,34.43689714,9.55479150,159.114921,1921,1.0000,scoped,constituency
سيدي بوزيد,منزل بوزيان - المكناسي - المزونة,قلال,TN435753,قلال,Kallel,TN4357,Menzel Bouzaiene,Sidi Bou Zid,34.69537266,9.34916149,92.356935,4495,1.0000,scoped,constituency
سيدي بوزيد,منزل بوزيان - المكناسي - المزونة,مش,TN435853,مش,Mech,TN4358,Meknassi,Sidi Bou Zid,34.50641525,9.51790796,63.008062,1190,1.0000,scoped,constituency
سيدي بوزيد,منزل بوزيان - المكناسي - المزونة,منزل بوزيان,TN435751,منزل بوزيان,Menzel Bouzaiane,TN4357,Menzel Bouzaiene,Sidi Bou Zid,34.56962581,9.41779270,1.070869,4651,1.0000,scoped,constituency
صفاقس,الحنشة,الجواودة,TN346059,الجواودة,Jouaouda,TN3460,Hencha,Sfax,35.03314518,10.78372703,29.337798,2353,1.0000,scoped,constituency
صفاقس,الحنشة,الحجارة,TN346058,الحجارة,El Hajjara,TN3460,Hencha,Sfax,35.21145009,10.61946564,41.997212,2432,1.0000,scoped,constituency
صفاقس,الحنشة,الحنشة,TN346051,الحنشة,El Hencha,TN3460,Hencha,Sfax,35.12164156,10.76122759,105.902020,13055,1.0000,scoped,constituency
صفاقس,الحنشة,النصر,TN346052,النصر,En-Nasr,TN3460,Hencha,Sfax,34.96619280,10.73878361,83.764291,3765,1.0000,scoped,constituency
صفاقس,الحنشة,بئر الشعبة,TN346055,بئر الشعبة,Bir Chaaba,TN3460,Hencha,Sfax,35.05258769,10.71505523,27.628310,3705,1.0000,scoped,constituency
صفاقس,الحنشة,بئر صالح,TN346057,بئر صالح,Bir Salah,TN3460,Hencha,Sfax,35.19493093,10.70005745,37.954711,3875,1.0000,scoped,constituency
صفاقس,الحنشة,دخان,TN346054,دخان,Dokhane,TN3460,Hencha,Sfax,35.00434698,10.80485359,34.198246,1852,1.0000,scoped,constituency
صفاقس,الحنشة,سيدي حسن بالحاج,TN346053,سيدي حسن بالحاج,Sidi Hassen Belhaj,TN3460,Hencha,Sfax,35.20715104,10.77081830,94.512818,4001,1.0000,scoped,constituency
صفاقس,الحنشة,مركز مصباح,TN346056,مركز مصباح,Merkez Mosbah,TN3460,Hencha,Sfax,35.11213888,10.66702049,71.468269,3529,1.0000,scoped,constituency
صفاقس,الصخيرة - الغريبة - المحرس,الحشيشينة الجنوبية,TN346253,الحشيشينة الجنوبية,El Hchichina Sud,TN3462,El Ghraiba,Sfax,34.43503154,10.16813566,115.179643,2611,1.0000,scoped,constituency
صفاقس,الصخيرة - الغريبة - المحرس,الحشيشينة الشمالية,TN346254,الحشيشينة الشمالية,Hchichina Nord,TN3462,El Ghraiba,Sfax,34.54969755,10.14387274,80.866358,1425,1.0000,scoped,constituency
صفاقس,الصخيرة - الغريبة - المحرس,الحمادة,TN346457,الحمادة,El Hammada,TN3464,Skhira,Sfax,34.42241459,10.10715498,142.441715,2805,1.0000,scoped,constituency
صفاقس,الصخيرة - الغريبة - المحرس,الخضراء,TN346452,الخضراء,El Khadhra,TN3464,Skhira,Sfax,34.23707663,9.87523783,148.703238,3131,1.0000,scoped,constituency
صفاقس,الصخيرة - الغريبة - المحرس,السمارة,TN346556,السمارة,Es-Smara,TN3465,Mahres,Sfax,34.44930861,10.31418059,69.387488,2044,1.0000,scoped,constituency
صفاقس,الصخيرة - الغريبة - المحرس,الشعال,TN346255,الشعال,El Chaal,TN3462,El Ghraiba,Sfax,34.55881261,10.33350517,32.643715,999,1.0000,scoped,constituency
صفاقس,الصخيرة - الغريبة - المحرس,الشفار,TN346553,الشفار,Chaffar,TN3465,Mahres,Sfax,34.57472344,10.55610463,62.249551,7659,1.0000,scoped,constituency
صفاقس,الصخيرة - الغريبة - المحرس,الصخيرة,TN346454,الصخيرة,Skhira,TN3464,Skhira,Sfax,34.28825722,10.03160496,201.054015,11223,1.0000,scoped,constituency
صفاقس,الصخيرة - الغريبة - المحرس,الغريبة,TN346251,الغريبة,El Ghraiba,TN3462,El Ghraiba,Sfax,34.55935434,10.25475548,111.291283,3216,1.0000,scoped,constituency
صفاقس,الصخيرة - الغريبة - المحرس,القنيطرة,TN346455,القنيطرة,El Kenitra,TN3464,Skhira,Sfax,34.27248606,9.95683960,68.073134,3191,1.0000,scoped,constituency
صفاقس,الصخيرة - الغريبة - المحرس,المحرس,TN346551,المحرس,Mahres,TN3465,Mahres,Sfax,34.54660517,10.51646568,24.614587,13084,1.0000,scoped,constituency
صفاقس,الصخيرة - الغريبة - المحرس,المحرس الجنوبية,TN346552,المحرس الجنوبية,Mahres Sud,TN3465,Mahres,Sfax,34.56757390,10.42286736,119.623535,5208,1.0000,scoped,constituency
صفاقس,الصخيرة - الغريبة - المحرس,المنار,TN346252,المنار,El Manar,TN3462,El Ghraiba,Sfax,34.45573913,10.23395908,91.499547,4800,1.0000,scoped,constituency
صفاقس,الصخيرة - الغريبة - المحرس,سيدي غريب,TN346554,سيدي غريب,Sidi Ghrib,TN3465,Mahres,Sfax,34.50204795,10.37288197,73.616986,2575,1.0000,scoped,constituency
صفاقس,الصخيرة - الغريبة - المحرس,سيدي محمد,TN346456,سيدي محمد,Sidi Mohamed,TN3464,Skhira,Sfax,34.44620709,10.00191530,126.667041,3279,1.0000,scoped,constituency
صفاقس,الصخيرة - الغريبة - المحرس,صبيح,TN346451,صبيح,Sbih,TN3464,Skhira,Sfax,34.27568852,9.90354226,53.389125,3260,1.0000,scoped,constituency
صفاقس,الصخيرة - الغريبة - المحرس,عيثة الشلايا,TN346555,عيثة الشلايا,Aithet Chelaia,TN3465,Mahres,Sfax,34.61182617,10.48132212,86.414965,1958,1.0000,scoped,constituency
صفاقس,الصخيرة - الغريبة - المحرس,نوال,TN346453,نوال,Naoual,TN3464,Skhira,Sfax,34.37896287,9.92220958,168.978023,1586,1.0000,scoped,constituency
صفاقس,بئر علي بن خليفة,الابراج,TN346355,الأبراج,El Abraj,TN3463,Bir Ali Ben Khélifa,Sfax,34.62271063,10.25964596,83.985577,1670,1.0000,scoped,constituency
صفاقس,بئر علي بن خليفة,السديرات الجنوبية,TN346356,السديرات الجنوبية,Sdiret Sud,TN3463,Bir Ali Ben Khélifa,Sfax,34.57772560,10.10728105,71.474217,1305,1.0000,scoped,constituency
صفاقس,بئر علي بن خليفة,السديرات الشمالية,TN346357,السديرات الشمالية,Sdiret Nord,TN3463,Bir Ali Ben Khélifa,Sfax,34.67440206,10.17172407,91.063152,4066,1.0000,scoped,constituency
صفاقس,بئر علي بن خليفة,القندول,TN346358,القندول,El Gandoul,TN3463,Bir Ali Ben Khélifa,Sfax,34.65112313,10.03807697,74.253472,4164,1.0000,scoped,constituency
صفاقس,بئر علي بن خليفة,الناظور,TN346362,الناظور,En-Nadhour,TN3463,Bir Ali Ben Khélifa,Sfax,34.80415990,10.02905038,175.754057,6029,1.0000,scoped,constituency
صفاقس,بئر علي بن خليفة,بئر علي بن خليفة,TN346351,بئر علي بن خليفة,Bir Ali Ben Khelifa,TN3463,Bir Ali Ben Khélifa,Sfax,34.72730931,10.10133684,9.439353,8513,1.0000,scoped,constituency
صفاقس,بئر علي بن خليفة,بوسليم,TN346354,بوسليم,Bou Slim,TN3463,Bir Ali Ben Khélifa,Sfax,34.74911979,10.25295137,140.371497,965,1.0000,scoped,constituency
صفاقس,بئر علي بن خليفة,سيدي ظاهر,TN346352,سيدي ظاهر,Sidi Dhaher,TN3463,Bir Ali Ben Khélifa,Sfax,34.91906805,10.05597895,129.144691,3619,1.0000,scoped,constituency
صفاقس,بئر علي بن خليفة,سيدي علي بلعابد,TN346353,سيدي علي بالعابد,Sidi Ali Belabed,TN3463,Bir Ali Ben Khélifa,Sfax,34.78457868,10.17145586,133.213154,3515,0.9630,scoped,constituency
صفاقس,بئر علي بن خليفة,وادي الشيخ,TN346359,وادي الشيخ,Oued Ech-Cheikh,TN3463,Bir Ali Ben Khélifa,Sfax,34.68353728,10.08079170,74.296917,3278,1.0000,scoped,constituency
صفاقس,بئر علي بن خليفة,ودران الجنوبية,TN346360,ودران الجنوبية,Ouadrane Sud,TN3463,Bir Ali Ben Khélifa,Sfax,34.59891006,9.95480140,136.562206,3374,1.0000,scoped,constituency
صفاقس,بئر علي بن خليفة,ودران الشمالية,TN346361,ودران الشمالية,Ouadrane Nord,TN3463,Bir Ali Ben Khélifa,Sfax,34.71722776,9.96334562,88.508234,3908,1.0000,scoped,constituency
صفاقس,جبنيانة - العامرة,الحوض,TN345858,الحوض,El Houdh,TN3458,Jebeniana,Sfax,35.05787187,10.83050451,42.935242,4136,1.0000,scoped,constituency
صفاقس,جبنيانة - العامرة,السلام,TN345954,السلام,Es Salam,TN3459,El Amra,Sfax,34.97257277,10.83421743,23.877027,2908,1.0000,scoped,constituency
صفاقس,جبنيانة - العامرة,العامرة,TN345951,العامرة,El Amra,TN3459,El Amra,Sfax,34.97241159,10.89771253,20.485059,5951,1.0000,scoped,constituency
صفاقس,جبنيانة - العامرة,العجانقة,TN345856,العجانقة,El Ajengna,TN3458,Jebeniana,Sfax,35.13467313,10.89366007,46.716823,5954,1.0000,scoped,constituency
صفاقس,جبنيانة - العامرة,القلالجة,TN345855,القلالجة,El Kalelja,TN3458,Jebeniana,Sfax,35.07443686,10.90906101,40.910496,1575,1.0000,scoped,constituency
صفاقس,جبنيانة - العامرة,اللوزة,TN345857,اللوزة,El Louza,TN3458,Jebeniana,Sfax,35.03979305,11.00176623,14.979855,3219,1.0000,scoped,constituency
صفاقس,جبنيانة - العامرة,المساترية,TN345953,المسائرية,El Mesatria,TN3459,El Amra,Sfax,35.00786569,10.88566809,20.392928,4079,0.8889,scoped,constituency
صفاقس,جبنيانة - العامرة,بطرية,TN345852,بطرية,Batria,TN3458,Jebeniana,Sfax,35.08331820,10.99156239,26.947071,4055,1.0000,scoped,constituency
صفاقس,جبنيانة - العامرة,بلتش,TN345853,بلتش,Baltech,TN3458,Jebeniana,Sfax,35.10882969,10.84195575,39.177875,2283,1.0000,scoped,constituency
صفاقس,جبنيانة - العامرة,بليانة,TN345952,بليانة,Beliana,TN3459,El Amra,Sfax,34.99398967,10.93450093,16.334116,4863,1.0000,scoped,constituency
صفاقس,جبنيانة - العامرة,بودربالة,TN345956,بودربالة,Bou Derbala,TN3459,El Amra,Sfax,34.89195403,10.85933440,49.631973,3514,1.0000,scoped,constituency
صفاقس,جبنيانة - العامرة,جبنيانة,TN345851,جبنيانة,Djebeniana,TN3458,Jebeniana,Sfax,35.03391910,10.90314568,19.676105,12506,1.0000,scoped,constituency
صفاقس,جبنيانة - العامرة,حزق,TN345854,حزق,Hazeg,TN3458,Jebeniana,Sfax,35.03100836,10.95779793,21.980347,7222,1.0000,scoped,constituency
صفاقس,جبنيانة - العامرة,ذراع بني زياد,TN345955,ذراع بن زياد,Dherra Beni Ziad,TN3459,El Amra,Sfax,34.91936844,10.88759098,49.540809,3249,0.9524,scoped,constituency
صفاقس,ساقية الدائر,البدارنة,TN345454,البدارنة,Bedarna,TN3454,Sakiet Eddaier,Sfax,34.85938164,10.81413364,76.305425,2761,1.0000,scoped,constituency
صفاقس,ساقية الدائر,الخيرية,TN345452,الخيرية,Khiria,TN3454,Sakiet Eddaier,Sfax,34.78357598,10.77812270,2.229919,5464,1.0000,scoped,constituency
صفاقس,ساقية الدائر,السلطنية,TN345457,السلطينة,Saltnia,TN3454,Sakiet Eddaier,Sfax,34.79265259,10.81171503,8.937874,15742,0.8750,scoped,constituency
صفاقس,ساقية الدائر,حي بورقيبة,TN345456,حي بورقيبة,Cite Bourguiba,TN3454,Sakiet Eddaier,Sfax,34.76702130,10.79460410,3.754310,16167,1.0000,scoped,constituency
صفاقس,ساقية الدائر,ساقية الداير,TN345451,ساقية الدائر,Sakiet Eddaier,TN3454,Sakiet Eddaier,Sfax,34.79306449,10.78560415,2.954770,14868,1.0000,scoped,constituency
صفاقس,ساقية الدائر,سيدي منصور,TN345455,سيدي منصور,Sidi Mansour,TN3454,Sakiet Eddaier,Sfax,34.79585745,10.84518788,8.123675,12715,1.0000,scoped,constituency
صفاقس,ساقية الدائر,مركز السبعي,TN345453,مركز السبعي,Merkez Es-Sebai,TN3454,Sakiet Eddaier,Sfax,34.81409962,10.79377379,8.598957,10777,1.0000,scoped,constituency
صفاقس,ساقية الدائر,مركز كعنيش,TN345458,مركز كعنيش,Merkez Kaaniche,TN3454,Sakiet Eddaier,Sfax,34.77098468,10.77787284,2.253651,10747,1.0000,scoped,constituency
صفاقس,ساقية الزيت,الأنس,TN345357,الأنس,El Ons,TN3453,Sakiet Ezzit,Sfax,34.83202921,10.75654773,2.097578,5308,1.0000,scoped,constituency
صفاقس,ساقية الزيت,السدرة,TN345353,السدرة,Es-Sedra,TN3453,Sakiet Ezzit,Sfax,34.82959525,10.77316503,11.941380,12255,1.0000,scoped,constituency
صفاقس,ساقية الزيت,الشيحية,TN345354,الشيحية,Chihia,TN3453,Sakiet Ezzit,Sfax,34.78324793,10.74771243,2.900653,13295,1.0000,scoped,constituency
صفاقس,ساقية الزيت,تنيور,TN345355,تنيور,Teniour,TN3453,Sakiet Ezzit,Sfax,34.80368790,10.73737165,4.630076,17653,1.0000,scoped,constituency
صفاقس,ساقية الزيت,ساقية الزيت,TN345351,ساقية الزيت,Sakiet Ezzit,TN3453,Sakiet Ezzit,Sfax,34.80527630,10.76591457,4.552941,23255,1.0000,scoped,constituency
صفاقس,ساقية الزيت,سيدي صالح,TN345356,سيدي صالح,Sidi Salah,TN3453,Sakiet Ezzit,Sfax,34.88630537,10.73808118,63.444739,2718,1.0000,scoped,constituency
صفاقس,ساقية الزيت,مركز بوعصيدة,TN345352,مركز بوعصيدة,Merkez Bouassida,TN3453,Sakiet Ezzit,Sfax,34.78376675,10.76301427,3.192844,9585,1.0000,scoped,constituency
صفاقس,صفاقس الجنوبية,الأفران الشمالية,TN345554,الأفران الشمالية,El Afrane Nord,TN3455,Sfax Sud,Sfax,34.77988369,10.70352601,4.161725,18336,1.0000,scoped,constituency
صفاقس,صفاقس الجنوبية,الخزانات,TN345555,الخزانات,Khazanet,TN3455,Sfax Sud,Sfax,34.79483826,10.64791064,72.694170,8146,1.0000,scoped,constituency
صفاقس,صفاقس الجنوبية,العوابد,TN345556,العوابد,El Aouabed,TN3455,Sfax Sud,Sfax,34.84853920,10.63389577,33.062641,4623,1.0000,scoped,constituency
صفاقس,صفاقس الجنوبية,العين,TN345551,العين,El Ain,TN3455,Sfax Sud,Sfax,34.76724655,10.69362290,10.760956,24622,1.0000,scoped,constituency
صفاقس,صفاقس الجنوبية,بوزيان,TN345553,بوزيان,Bouzaiane,TN3455,Sfax Sud,Sfax,34.79121178,10.72632517,8.216053,16064,1.0000,scoped,constituency
صفاقس,صفاقس الجنوبية,عيون المايل,TN345557,عيون المايل,Ayoun El Mayel,TN3455,Sfax Sud,Sfax,34.87247026,10.67368422,61.286031,8196,1.0000,scoped,constituency
صفاقس,صفاقس الجنوبية,قرمدة,TN345552,قرمدة,Gremda,TN3455,Sfax Sud,Sfax,34.78419120,10.71369993,5.906130,10382,1.0000,scoped,constituency
صفاقس,صفاقس الغربية,العالية,TN345254,العالية,El Alia,TN3452,Sfax Ouest,Sfax,34.75211952,10.72190683,1.882984,8861,1.0000,scoped,constituency
صفاقس,صفاقس الغربية,الهدى,TN345256,الهدى,El Houda,TN3452,Sfax Ouest,Sfax,34.74365390,10.71094133,4.103391,11072,1.0000,scoped,constituency
صفاقس,صفاقس الغربية,حي البحري,TN345257,حي البحري,Cite El Bahri,TN3452,Sfax Ouest,Sfax,34.72753673,10.70721829,1.931125,14548,1.0000,scoped,constituency
صفاقس,صفاقس الغربية,حي الحبيب,TN345252,حي الحبيب,Cite El Habib,TN3452,Sfax Ouest,Sfax,34.72150727,10.72188601,2.524887,20990,1.0000,scoped,constituency
صفاقس,صفاقس الغربية,سكرة,TN345253,سكرة,Soukra,TN3452,Sfax Ouest,Sfax,34.72512339,10.73298647,2.112009,8954,1.0000,scoped,constituency
صفاقس,صفاقس الغربية,مركز شاكر,TN345251,مركز شاكر,Merkez Chaker,TN3452,Sfax Ouest,Sfax,34.73981865,10.74139447,2.208691,15158,1.0000,scoped,constituency
صفاقس,صفاقس الغربية,وادي الرمل,TN345255,وادي الرمل,Oued Er-Rmel,TN3452,Sfax Ouest,Sfax,34.73934442,10.72552027,1.432702,7974,1.0000,scoped,constituency
صفاقس,صفاقس المدينة,15نوفمبر,TN345156,15نوفمبر,15 Novembre,TN3451,Sfax Médina,Sfax,34.74698111,10.74602884,0.929251,8085,1.0000,scoped,constituency
صفاقس,صفاقس المدينة,البساتين,TN345154,البساتين,El Bassatine,TN3451,Sfax Médina,Sfax,34.74883785,10.76840940,2.529568,14297,1.0000,scoped,constituency
صفاقس,صفاقس المدينة,الحي التعويضي,TN345158,حي التعويضي,Cite Ettaouidhi,TN3451,Sfax Médina,Sfax,34.76124877,10.77694312,1.087359,2974,0.9091,scoped,constituency
صفاقس,صفاقس المدينة,الحي الخيري,TN345153,الحي الخيري,Cite El Khiari,TN3451,Sfax Médina,Sfax,34.71517280,10.74071212,9.631190,6999,1.0000,scoped,constituency
صفاقس,صفاقس المدينة,الربض,TN345155,الربض,Er-Rbadh,TN3451,Sfax Médina,Sfax,34.74943400,10.75457157,0.835776,10155,1.0000,scoped,constituency
صفاقس,صفاقس المدينة,المدينة,TN345151,المدينة,La Medina,TN3451,Sfax Médina,Sfax,34.73897355,10.75904532,0.830005,3881,1.0000,scoped,constituency
صفاقس,صفاقس المدينة,باب البحر,TN345152,باب البحر,Bab El Bhar,TN3451,Sfax Médina,Sfax,34.73143363,10.76951278,3.608074,7126,1.0000,scoped,constituency
صفاقس,صفاقس المدينة,سيدي عباس,TN345161,سيدي عباس,Sidi Abbes,TN3451,Sfax Médina,Sfax,34.76031972,10.72855415,2.203522,7606,1.0000,scoped,constituency
صفاقس,صفاقس المدينة,عين شيخ روحو,TN345157,عين شيخ روحو,Ain Chaikh Rouhou,TN3451,Sfax Médina,Sfax,34.75674306,10.74368628,2.096404,5182,1.0000,scoped,constituency
صفاقس,صفاقس المدينة,محمد علي,TN345162,محمد علي,Mohamed Ali,TN3451,Sfax Médina,Sfax,34.76640803,10.76697393,1.715653,11632,1.0000,scoped,constituency
صفاقس,صفاقس المدينة,مركز الباشا,TN345160,مركز الباشا,Merkez El Pacha,TN3451,Sfax Médina,Sfax,34.76291717,10.75102072,1.188830,6017,1.0000,scoped,constituency
صفاقس,صفاقس المدينة,مركز قدور,TN345159,مركز قدور,Merkez Kaddour,TN3451,Sfax Médina,Sfax,34.76354435,10.75863335,1.170631,1142,1.0000,scoped,constituency
صفاقس,طينة,الحاجب,TN345653,الحاجب,El Hajeb,TN3456,Thyna,Sfax,34.69763892,10.63697906,46.432966,14092,1.0000,scoped,constituency
صفاقس,طينة,سيد عبيد,TN345652,سيد عبيد,Sidi Abid,TN3456,Thyna,Sfax,34.68014758,10.68098446,20.907109,6759,1.0000,scoped,constituency
صفاقس,طينة,طينة,TN345651,طينة,Tina,TN3456,Thyna,Sfax,34.66919238,10.71068662,35.030986,21447,1.0000,scoped,constituency
صفاقس,عقارب,التربة,TN345755,التربة,Ettorba,TN3457,Agareb,Sfax,34.80345867,10.45691875,134.075485,3713,1.0000,scoped,constituency
صفاقس,عقارب,الصغار,TN345758,الصغار,Es-Soghar,TN3457,Agareb,Sfax,34.76346885,10.57481440,74.984531,1839,1.0000,scoped,constituency
صفاقس,عقارب,المحروقة,TN345754,المحروقة,El Mahrouka,TN3457,Agareb,Sfax,34.77630411,10.36837390,115.104124,2217,1.0000,scoped,constituency
صفاقس,عقارب,بن سهلون,TN345756,بن سهلون,Ben Sahloun,TN3457,Agareb,Sfax,34.66397073,10.40387764,118.019224,2203,1.0000,scoped,constituency
صفاقس,عقارب,بولذياب,TN345753,بولذياب,Bouledhieb,TN3457,Agareb,Sfax,34.70876105,10.38577780,85.877515,2653,1.0000,scoped,constituency
صفاقس,عقارب,زليانة,TN345757,زلبانة,Zeliana,TN3457,Agareb,Sfax,34.84860768,10.35033968,76.223080,941,0.8333,near,constituency
صفاقس,عقارب,عقارب,TN345751,عقارب,Agareb,TN3457,Agareb,Sfax,34.72586614,10.54281560,40.033753,12529,1.0000,scoped,constituency
صفاقس,عقارب,قرقور,TN345752,قرقور,Gargour,TN3457,Agareb,Sfax,34.64891371,10.58752129,91.118147,6010,1.0000,scoped,constituency
صفاقس,قرقنة,أولاد قاسم,TN346660,أولاد قاسم,Ouled Kacem,TN3466,Kerkennah,Sfax,34.70650279,11.17939642,7.734984,1083,1.0000,scoped,constituency
صفاقس,قرقنة,الرملة,TN346652,الرملة,El Ramla,TN3466,Kerkennah,Sfax,34.73151699,11.19536243,15.486389,3448,1.0000,scoped,constituency
صفاقس,قرقنة,الشرقي,TN346657,الشرقي,El Chargui,TN3466,Kerkennah,Sfax,34.75558802,11.24276726,10.248927,619,1.0000,scoped,constituency
صفاقس,قرقنة,العطايا,TN346651,العطايا,El Ataya,TN3466,Kerkennah,Sfax,34.74032866,11.27987462,11.621091,3222,1.0000,scoped,constituency
صفاقس,قرقنة,القراطن,TN346659,القراطن,El Kraten,TN3466,Kerkennah,Sfax,34.81453556,11.25835733,9.458320,1175,1.0000,scoped,constituency
صفاقس,قرقنة,القنطرة,TN346658,القنطرة,El Kantra,TN3466,Kerkennah,Sfax,34.67458982,11.13684514,3.273404,611,1.0000,scoped,constituency
صفاقس,قرقنة,الكلابين,TN346655,الكلابين,El Kalabine,TN3466,Kerkennah,Sfax,34.72446113,11.23757569,13.345338,536,1.0000,scoped,constituency
صفاقس,قرقنة,النجاة,TN346656,النجا ة,En-Najet,TN3466,Kerkennah,Sfax,34.77939869,11.25047260,23.664589,1037,1.0000,scoped,constituency
صفاقس,قرقنة,سيدي فرج,TN346653,سيدي فرج,Sidi Frej,TN3466,Kerkennah,Sfax,34.69873837,11.15007138,9.218095,720,1.0000,scoped,constituency
صفاقس,قرقنة,مليتة,TN346654,مليتة,Melita,TN3466,Kerkennah,Sfax,34.64340700,11.03777065,48.115279,3506,1.0000,scoped,constituency
صفاقس,منزل شاكر,الاعشاش,TN346160,الأعشاش,El Achech,TN3461,Menzel Chaker,Sfax,35.17082322,10.59500958,63.556848,3893,1.0000,scoped,constituency
صفاقس,منزل شاكر,البقعة البيضاء,TN346157,البقعة البيضاء,El Bokaa El Bidha,TN3461,Menzel Chaker,Sfax,34.94918230,10.55389784,123.372292,1878,1.0000,scoped,constituency
صفاقس,منزل شاكر,الحاج قاسم,TN346161,الحاج قاسم,El Hadj Kacem,TN3461,Menzel Chaker,Sfax,34.91114739,10.20939412,256.818608,2372,1.0000,scoped,constituency
صفاقس,منزل شاكر,العوادنة,TN346158,العوادنة,El Aouadhna,TN3461,Menzel Chaker,Sfax,35.08973511,10.55323994,96.035453,3001,1.0000,scoped,constituency
صفاقس,منزل شاكر,بئر الملولي,TN346154,بئر الملولي,Bir Mellouli,TN3461,Menzel Chaker,Sfax,34.88507359,10.53307115,102.372804,750,1.0000,scoped,constituency
صفاقس,منزل شاكر,بشكة,TN346155,بشكة,Bechka,TN3461,Menzel Chaker,Sfax,34.91637918,10.38984756,146.717787,1328,1.0000,scoped,constituency
صفاقس,منزل شاكر,بوثدي,TN346156,بوثدي,Bou-Thadi,TN3461,Menzel Chaker,Sfax,35.08739398,10.24380377,173.189539,1242,1.0000,scoped,constituency
صفاقس,منزل شاكر,بوجربوع,TN346152,بوجوبوع,Bou Jarboue,TN3461,Menzel Chaker,Sfax,35.00953989,10.67743855,110.308496,3050,0.8571,scoped,constituency
صفاقس,منزل شاكر,تليل العجلة,TN346159,تليل العجلة,Telil El Ajla,TN3461,Menzel Chaker,Sfax,35.04847295,10.13914370,156.286526,1557,1.0000,scoped,constituency
صفاقس,منزل شاكر,شعلاب,TN346162,شعلاب,Chaleb,TN3461,Menzel Chaker,Sfax,35.05762196,10.39934465,171.776225,2772,1.0000,scoped,constituency
صفاقس,منزل شاكر,ماجل الدرج,TN346153,ماجل الدرج,Majel Edarj,TN3461,Menzel Chaker,Sfax,34.96175516,10.62986419,70.432014,2585,1.0000,scoped,constituency
صفاقس,منزل شاكر,منزل شاكر,TN346151,منزل شاكر,Menzel Chaker,TN3461,Menzel Chaker,Sfax,34.98431814,10.34191923,165.417285,5103,1.0000,scoped,constituency
قابس,الحامة - الحامة الغربية,البحاير,TN515758,البحاير,El Behaier,TN5157,Hamma,Gabès,33.83974589,9.47392798,678.593914,1680,1.0000,scoped,constituency
قابس,الحامة - الحامة الغربية,الحبيب ثامر,TN515762,الحبيب ثامر,Habib Thameur,TN5157,Hamma,Gabès,33.82967715,9.69939305,96.205456,4735,1.0000,scoped,constituency
قابس,الحامة - الحامة الغربية,القصر,TN515752,القصر,El Ksar,TN5157,Hamma,Gabès,33.90735072,9.84388758,18.422661,7145,1.0000,scoped,constituency
قابس,الحامة - الحامة الغربية,المنطقة الشرقية 1,TN515753,(1) المنطقة الشرقية,Secteur Est (1),TN5157,Hamma,Gabès,33.88093868,9.81581884,6.074997,15333,0.9375,scoped,constituency
قابس,الحامة - الحامة الغربية,المنطقة الشرقية 2,TN515754,(2) المنطقة الشرقية,Secteur Est (2),TN5157,Hamma,Gabès,33.85177956,9.80881795,18.358130,4450,0.9375,scoped,constituency
قابس,الحامة - الحامة الغربية,المنطقة الشمالية,TN515751,المنطقة الشمالية,Secteur Nord,TN5157,Hamma,Gabès,33.96806210,9.83796262,134.205449,3313,1.0000,scoped,constituency
قابس,الحامة - الحامة الغربية,المنطقة الغربية,TN515763,المنطقة الغربية,Secteur Ouest,TN5157,Hamma,Gabès,33.81711245,9.76050559,44.230342,4584,1.0000,scoped,constituency
قابس,الحامة - الحامة الغربية,المنطقة القبلية,TN515755,المنطقة القبلية,Secteur Sud,TN5157,Hamma,Gabès,33.85514929,9.78574564,3.960463,5475,1.0000,scoped,constituency
قابس,الحامة - الحامة الغربية,بشيمة البرج,TN515759,بشيمة البرج,Bechima El Borj,TN5157,Hamma,Gabès,33.92948454,9.67655803,49.748419,1442,1.0000,scoped,constituency
قابس,الحامة - الحامة الغربية,بشيمة القلب,TN515760,بشيمة القلب,Bechima El Kalb,TN5157,Hamma,Gabès,33.94393964,9.71507384,49.946298,2797,1.0000,scoped,constituency
قابس,الحامة - الحامة الغربية,بوعطوش,TN515761,بوعطوش,Bou Attouch,TN5157,Hamma,Gabès,34.00358402,9.50164969,821.966037,4240,1.0000,scoped,constituency
قابس,الحامة - الحامة الغربية,شانشو,TN515757,شانشو,Chanchou,TN5157,Hamma,Gabès,33.82255660,9.85833446,230.150821,596,1.0000,scoped,constituency
قابس,الحامة - الحامة الغربية,فرحات حشاد,TN515756,فرحات حشاد,Farhat Hached,TN5157,Hamma,Gabès,33.70928785,9.60443428,490.131599,300,1.0000,scoped,constituency
قابس,غنوش - المطوية - وذرف - منزل الحبيب,السقي,TN515654,السقي,Es-Saki,TN5156,Menzel Habib,Gabès,34.16443065,9.33195933,117.256190,1410,1.0000,scoped,constituency
قابس,غنوش - المطوية - وذرف - منزل الحبيب,العكاريت,TN515555,العكاريت,El Akarit,TN5155,Metouia,Gabès,34.07703903,9.97541884,34.147094,1578,1.0000,scoped,constituency
قابس,غنوش - المطوية - وذرف - منزل الحبيب,الفجيج,TN515652,الفجيج,El Fejij,TN5156,Menzel Habib,Gabès,34.06983804,9.77655270,113.840947,583,1.0000,scoped,constituency
قابس,غنوش - المطوية - وذرف - منزل الحبيب,المطوية الجنوبية,TN515552,المطورية الجنوبية,El Metouia Sud,TN5155,Metouia,Gabès,33.94568506,9.97310739,41.044687,7526,0.9677,scoped,constituency
قابس,غنوش - المطوية - وذرف - منزل الحبيب,المطوية الشمالية,TN515551,المطويةالشمالية,El Metouia Nord,TN5155,Metouia,Gabès,34.03040223,10.01519376,70.953455,1853,1.0000,scoped,constituency
قابس,غنوش - المطوية - وذرف - منزل الحبيب,المهاملة,TN515653,المهاملة,El Mehemla,TN5156,Menzel Habib,Gabès,34.16999673,9.49965814,263.710093,1157,1.0000,scoped,constituency
قابس,غنوش - المطوية - وذرف - منزل الحبيب,الميدة,TN515557,الميدة,El Mida,TN5155,Metouia,Gabès,34.05441369,9.87632164,55.888220,2080,1.0000,scoped,constituency
قابس,غنوش - المطوية - وذرف - منزل الحبيب,الهيشة,TN515556,الهيشة,El Hicha,TN5155,Metouia,Gabès,34.15048583,9.96962532,106.730958,1700,1.0000,scoped,constituency
قابس,غنوش - المطوية - وذرف - منزل الحبيب,ربيعة والي,TN515655,ربيعة والي,Rabiaa Ouali,TN5156,Menzel Habib,Gabès,34.17106149,9.84077264,103.494839,2114,1.0000,scoped,constituency
قابس,غنوش - المطوية - وذرف - منزل الحبيب,زقراطة,TN515656,زقراطة,Zoughrata,TN5156,Menzel Habib,Gabès,34.13045549,9.81901943,75.889329,751,1.0000,scoped,constituency
قابس,غنوش - المطوية - وذرف - منزل الحبيب,غنوش الجنوبية,TN515453,غنوش الجنوبية,Ghanouche Sud,TN5154,Ghannouch,Gabès,33.92663716,10.05332678,5.378568,6856,1.0000,scoped,constituency
قابس,غنوش - المطوية - وذرف - منزل الحبيب,غنوش الشرقية,TN515451,غنوش الشرقية,Ghanouch Est,TN5154,Ghannouch,Gabès,33.93896165,10.07293355,1.657399,4786,1.0000,scoped,constituency
قابس,غنوش - المطوية - وذرف - منزل الحبيب,غنوش الشمالية,TN515454,غنوش الشمالية,Ghanouche Nord,TN5154,Ghannouch,Gabès,33.96168538,10.06080651,5.169042,2771,1.0000,scoped,constituency
قابس,غنوش - المطوية - وذرف - منزل الحبيب,غنوش الغربية,TN515452,غنوش الغربية,Ghanouch Ouest,TN5154,Ghannouch,Gabès,33.95429391,10.04940341,7.852062,6884,1.0000,scoped,constituency
قابس,غنوش - المطوية - وذرف - منزل الحبيب,منزل الحبيب,TN515657,منزل الحبيب,Menzel El Habib,TN5156,Menzel Habib,Gabès,34.23101203,9.67012026,109.325038,2584,1.0000,scoped,constituency
قابس,غنوش - المطوية - وذرف - منزل الحبيب,وادي الزيتون,TN515651,وادي الزيتون,Oued Ezzitoun,TN5156,Menzel Habib,Gabès,34.16217850,9.64536490,168.578932,901,1.0000,scoped,constituency
قابس,غنوش - المطوية - وذرف - منزل الحبيب,وذرف الجنوبية,TN515554,وذرف الجنوبية,Ouedhref Sud,TN5155,Metouia,Gabès,33.99004202,9.93027196,43.727333,3785,1.0000,scoped,constituency
قابس,غنوش - المطوية - وذرف - منزل الحبيب,وذرف الشمالية,TN515553,وذرف الشمالية,Ouedhref Nord,TN5155,Metouia,Gabès,34.04147224,9.94827048,59.842383,4100,1.0000,scoped,constituency
قابس,قابس الجنوبية,الأمازير,TN515357,الأمازير,El Amazir,TN5153,Gabès Sud,Gabès,33.75110848,9.97479417,42.089475,745,1.0000,scoped,constituency
قابس,قابس الجنوبية,المدو,TN515355,المدو,El Medou,TN5153,Gabès Sud,Gabès,33.80000525,10.01826786,117.992122,1894,1.0000,scoped,constituency
قابس,قابس الجنوبية,المنطقة الخامسة,TN515354,المنطقة الخامسة,Secteur (5),TN5153,Gabès Sud,Gabès,33.86791436,10.11667243,5.937846,15138,1.0000,scoped,constituency
قابس,قابس الجنوبية,تبلبو,TN515351,تبلبو,Teboulbou,TN5153,Gabès Sud,Gabès,33.81273557,10.13537208,67.573820,16033,1.0000,scoped,constituency
قابس,قابس الجنوبية,زريق الدخلانية,TN515353,زريق الدخلانية,Zrig Eddakhlania,TN5153,Gabès Sud,Gabès,33.85435162,10.10070598,1.947560,5102,1.0000,scoped,constituency
قابس,قابس الجنوبية,سيدي بولبابة,TN515352,سيدي بولبابة,Sidi Boulbaba,TN5153,Gabès Sud,Gabès,33.85653057,10.08811334,6.298073,20115,1.0000,scoped,constituency
قابس,قابس الجنوبية,ليماوة,TN515356,ليماوة,Limaoua,TN5153,Gabès Sud,Gabès,33.73030135,10.09482739,51.596432,515,1.0000,scoped,constituency
قابس,قابس المدينة - قابس الغربية,الجواولة,TN515254,الجواولة,Jaouaoula,TN5152,Gabès Ouest,Gabès,33.88116907,10.05742373,1.615389,1055,1.0000,scoped,constituency
قابس,قابس المدينة - قابس الغربية,الرماثي,TN515251,الرماثي,Er-Remathi,TN5152,Gabès Ouest,Gabès,33.87573951,9.94360646,74.551805,1719,1.0000,scoped,constituency
قابس,قابس المدينة - قابس الغربية,المنطقة الأولى,TN515151,المنطقة الأولى,Secteur (1),TN5151,Gabès Médina,Gabès,33.88826801,10.08605076,1.473058,5163,1.0000,scoped,constituency
قابس,قابس المدينة - قابس الغربية,المنطقة الثالثة,TN515153,المنطقة الثالثة,Secteur (3),TN5151,Gabès Médina,Gabès,33.89206874,10.09251933,3.084730,16930,1.0000,scoped,constituency
قابس,قابس المدينة - قابس الغربية,المنطقة الثانية,TN515152,المنطقة الثانية,Secteur (2),TN5151,Gabès Médina,Gabès,33.87700267,10.09210079,1.306256,6923,1.0000,scoped,constituency
قابس,قابس المدينة - قابس الغربية,المنطقة الرابعة,TN515154,المنطقة الرابعة,Secteur (4),TN5151,Gabès Médina,Gabès,33.88741328,10.10971128,2.881996,6283,1.0000,scoped,constituency
قابس,قابس المدينة - قابس الغربية,النحال,TN515253,النحال,Nahal,TN5152,Gabès Ouest,Gabès,33.88116907,10.07681017,3.406143,2098,1.0000,scoped,constituency
قابس,قابس المدينة - قابس الغربية,بوشمة,TN515252,بوشمة,Bou-Chemma,TN5152,Gabès Ouest,Gabès,33.90761255,10.02618102,50.075322,9660,1.0000,scoped,constituency
قابس,قابس المدينة - قابس الغربية,شط سيدي عبد السلام,TN515155,شط سيدي عبد السلام,Chott Sidi Abdesselam,TN5151,Gabès Médina,Gabès,33.91485808,10.08989218,7.769398,6934,1.0000,scoped,constituency
قابس,قابس المدينة - قابس الغربية,شنني الشرقية,TN515256,شنني الشرقية,Chenini Est,TN5152,Gabès Ouest,Gabès,33.86934850,10.05720677,0.852209,4097,1.0000,scoped,constituency
قابس,قابس المدينة - قابس الغربية,شنني الشمالية,TN515255,شنني الشمالية,Chenini Nord,TN5152,Gabès Ouest,Gabès,33.86548125,10.01368107,13.641713,1987,1.0000,scoped,constituency
قابس,قابس المدينة - قابس الغربية,شنني الغربية,TN515257,شنني الغربية,Chenini Ouest,TN5152,Gabès Ouest,Gabès,33.85948882,10.06220040,10.228376,3198,1.0000,scoped,constituency
قابس,مارث - دخيلة توجان - مطماطة - مطماطة الجديدة,الزارات,TN516057,الزارات,Ezzarat,TN5160,Mareth,Gabès,33.69521903,10.32552903,54.285294,6370,1.0000,scoped,constituency
قابس,مارث - دخيلة توجان - مطماطة - مطماطة الجديدة,الزراوة,TN515953,الزراوة,Ez-Zeraoua,TN5159,Matmata Nouvelle,Gabès,33.61009580,9.69408493,244.288888,1848,1.0000,scoped,constituency
قابس,مارث - دخيلة توجان - مطماطة - مطماطة الجديدة,الزركين,TN516054,الزركين,Ez-Zerkine,TN5160,Mareth,Gabès,33.71817727,10.26131914,42.016106,1669,1.0000,scoped,constituency
قابس,مارث - دخيلة توجان - مطماطة - مطماطة الجديدة,العلاية,TN516058,العلاية,El Alaya,TN5160,Mareth,Gabès,33.63662918,10.38676382,63.842158,1794,1.0000,scoped,constituency
قابس,مارث - دخيلة توجان - مطماطة - مطماطة الجديدة,بني زلطن,TN515955,بني زلطن,Beni Zalten,TN5159,Matmata Nouvelle,Gabès,33.55921428,10.10421649,88.878971,1341,1.0000,scoped,constituency
قابس,مارث - دخيلة توجان - مطماطة - مطماطة الجديدة,بني عيسى,TN515954,بني عيسى,Beni Aissa,TN5159,Matmata Nouvelle,Gabès,33.66058324,9.88186450,132.920563,551,1.0000,scoped,constituency
قابس,مارث - دخيلة توجان - مطماطة - مطماطة الجديدة,تشين,TN515852,تشين,Techine,TN5158,Matmata,Gabès,33.38674919,9.94065737,390.591912,954,1.0000,scoped,constituency
قابس,مارث - دخيلة توجان - مطماطة - مطماطة الجديدة,تمزرط,TN515853,طمزرط,Tamazrat,TN5158,Matmata,Gabès,33.49901456,9.72605052,697.106036,778,0.8000,near,constituency
قابس,مارث - دخيلة توجان - مطماطة - مطماطة الجديدة,توجان,TN516061,توجان,Toujane,TN5160,Mareth,Gabès,33.45720445,10.12294784,56.101063,698,1.0000,scoped,constituency
قابس,مارث - دخيلة توجان - مطماطة - مطماطة الجديدة,دخيلة توجان,TN516065,دخيلة توجان,Dekhilet Toujane,TN5160,Mareth,Gabès,33.44632850,10.21300070,61.783185,4699,1.0000,scoped,constituency
قابس,مارث - دخيلة توجان - مطماطة - مطماطة الجديدة,زريق الغندري,TN516063,زريق الغندري,Zerig El Ghandri,TN5160,Mareth,Gabès,33.71315843,10.15981727,47.123084,1899,1.0000,scoped,constituency
قابس,مارث - دخيلة توجان - مطماطة - مطماطة الجديدة,زمرتن,TN516062,زمرتن,Zemarten,TN5160,Mareth,Gabès,33.36891891,10.05693555,158.539272,888,1.0000,scoped,constituency
قابس,مارث - دخيلة توجان - مطماطة - مطماطة الجديدة,سيدي التواتي,TN516053,سيدي التواتي,Sidi Touati,TN5160,Mareth,Gabès,33.50398080,10.23028890,87.065563,2219,1.0000,scoped,constituency
قابس,مارث - دخيلة توجان - مطماطة - مطماطة الجديدة,عرام,TN516059,عرام,Arram,TN5160,Mareth,Gabès,33.55834282,10.32233820,95.702493,4203,1.0000,scoped,constituency
قابس,مارث - دخيلة توجان - مطماطة - مطماطة الجديدة,عين تونين,TN516064,عين تونين,Ain Tounine,TN5160,Mareth,Gabès,33.49752906,10.13700681,42.229969,1887,1.0000,scoped,constituency
قابس,مارث - دخيلة توجان - مطماطة - مطماطة الجديدة,عيون الزركين,TN516055,عيون الزركين,Ayoun Ez-Zerkine,TN5160,Mareth,Gabès,33.66623950,10.21288133,66.762564,2758,1.0000,scoped,constituency
قابس,مارث - دخيلة توجان - مطماطة - مطماطة الجديدة,كتانة,TN516060,كتانة,Ketana,TN5160,Mareth,Gabès,33.75830117,10.21466225,66.568452,4393,1.0000,scoped,constituency
قابس,مارث - دخيلة توجان - مطماطة - مطماطة الجديدة,مارث,TN516051,مارث,Mareth,TN5160,Mareth,Gabès,33.58047045,10.26607794,39.291253,13922,1.0000,scoped,constituency
قابس,مارث - دخيلة توجان - مطماطة - مطماطة الجديدة,مارث الشمالية,TN516052,مارث الشمالية,Mareth Nord,TN5160,Mareth,Gabès,33.62811160,10.24985705,66.547845,7015,1.0000,scoped,constituency
قابس,مارث - دخيلة توجان - مطماطة - مطماطة الجديدة,مطماطة,TN515851,مطماطة,Matmata,TN5158,Matmata,Gabès,33.50866202,9.97863194,153.968815,4173,1.0000,scoped,constituency
قابس,مارث - دخيلة توجان - مطماطة - مطماطة الجديدة,مطماطة الجديدة,TN515951,مطماطة الجديدة,Nouvelle Matmata,TN5159,Matmata Nouvelle,Gabès,33.65438563,9.98012227,111.465249,6770,1.0000,scoped,constituency
قابس,مارث - دخيلة توجان - مطماطة - مطماطة الجديدة,هداج,TN515952,هداج,Heddaj,TN5159,Matmata Nouvelle,Gabès,33.60415889,10.04451309,174.842038,1898,1.0000,scoped,constituency
قابس,مارث - دخيلة توجان - مطماطة - مطماطة الجديدة,واريفين,TN516056,واريفين,Ourafinine,TN5160,Mareth,Gabès,33.57720088,10.18737561,57.337961,428,1.0000,scoped,constituency
قبلي,دوز,العبادلة,TN635455,العبادلة,El Abadla,TN6354,Douz Nord,Kebili,33.52170330,9.38974208,333.267156,4020,1.0000,scoped,constituency
قبلي,دوز,العذارة,TN635552,العذارة,El Adhara,TN6355,Douz Sud,Kebili,33.04228182,8.97623189,1520.329311,3101,1.0000,scoped,constituency
قبلي,دوز,العوينة الجنوبية,TN635454,العوينة الجنوبية,El Aouina Sud,TN6354,Douz Nord,Kebili,33.12392090,9.43923616,834.204805,4407,1.0000,scoped,constituency
قبلي,دوز,العوينة الشمالية,TN635453,العوينة الشمالية,El Aouina Nord,TN6354,Douz Nord,Kebili,33.17578881,9.51236788,649.990009,3655,1.0000,scoped,constituency
قبلي,دوز,القلعة,TN635452,القلعة,El Golaa,TN6354,Douz Nord,Kebili,33.48705521,8.98866691,51.784256,6556,1.0000,scoped,constituency
قبلي,دوز,دوز الشرقية,TN635451,دوز الشرقية,Douz Est,TN6354,Douz Nord,Kebili,33.26746947,9.57215654,1588.808865,5648,1.0000,scoped,constituency
قبلي,دوز,دوز الغربية,TN635551,دوز الغربية,Douz Ouest,TN6355,Douz Sud,Kebili,33.05806830,9.36316517,1442.520418,4744,1.0000,scoped,constituency
قبلي,دوز,نويل الجنوبية,TN635555,نويل الجنوبية,Nouil Sud,TN6355,Douz Sud,Kebili,33.46671017,8.89197976,47.858237,1846,1.0000,scoped,constituency
قبلي,دوز,نويل الشمالية,TN635554,نويل الشمالية,Nouil Nord,TN6355,Douz Sud,Kebili,33.50088275,8.88245159,33.959652,1895,1.0000,scoped,constituency
قبلي,فوار - رجيم معتوق,الصابرية الشرقية,TN635652,الصابرية الشرقية,Sabria Est,TN6356,Faouar,Kebili,32.96999218,8.78062677,2281.761019,2216,1.0000,scoped,constituency
قبلي,فوار - رجيم معتوق,الصابرية الغربية,TN635651,الصابرية الغربية,Sabria Ouest,TN6356,Faouar,Kebili,32.94725501,8.42004336,2579.336858,3309,1.0000,scoped,constituency
قبلي,فوار - رجيم معتوق,المطروحة,TN635656,المطروحة,El Matrouha,TN6356,Faouar,Kebili,33.37970287,7.83359409,471.193771,166,1.0000,scoped,constituency
قبلي,فوار - رجيم معتوق,بشني - الدرجين,TN635657,بشني - الدرجين,Bichni-Edarjin,TN6356,Faouar,Kebili,33.62072054,8.53830624,1114.708172,1763,1.0000,scoped,constituency
قبلي,فوار - رجيم معتوق,رجيم معتوق,TN635655,رجيم معتوق,Rejim Maatoug,TN6356,Faouar,Kebili,33.40897078,8.14702771,2081.303485,2547,1.0000,scoped,constituency
قبلي,فوار - رجيم معتوق,غريب,TN635653,غريب,Gharib,TN6356,Faouar,Kebili,33.27383851,8.39436840,1162.641511,2991,1.0000,scoped,constituency
قبلي,فوار - رجيم معتوق,غيدمة,TN635654,غيدمة,Gueidma,TN6356,Faouar,Kebili,33.40782495,8.77316302,98.942876,1908,1.0000,scoped,constituency
قبلي,قبلي - سوق الأحد,أم الصمعة,TN635353,ام الصمعة,Oum Essoumaa,TN6353,Souk El Ahed,Kebili,33.92526055,8.83569429,337.232944,4474,1.0000,scoped,constituency
قبلي,قبلي - سوق الأحد,البليدات,TN635157,البليدات,El Blidete,TN6351,Kebili Sud,Kebili,33.57380244,8.85315078,100.697748,2271,1.0000,scoped,constituency
قبلي,قبلي - سوق الأحد,الرابطة,TN635253,الرابطة,Errabta,TN6352,Kebili Nord,Kebili,33.73539621,8.92585091,6.317976,1411,1.0000,scoped,constituency
قبلي,قبلي - سوق الأحد,الزوية,TN635354,الزاوية,Ezzaouaia,TN6353,Souk El Ahed,Kebili,33.92915863,8.75814488,224.127709,1560,0.9231,scoped,constituency
قبلي,قبلي - سوق الأحد,القطعاية,TN635259,القطعاية,El Gattaya,TN6352,Kebili Nord,Kebili,33.63348704,8.88466928,102.983729,1175,1.0000,scoped,constituency
قبلي,قبلي - سوق الأحد,المنشية,TN635351,المنشية,El Menchia,TN6353,Souk El Ahed,Kebili,33.95366951,9.05042048,459.589318,5495,1.0000,scoped,constituency
قبلي,قبلي - سوق الأحد,المنصورة,TN635252,المنصورة,El Mansoura,TN6352,Kebili Nord,Kebili,33.73050953,8.95533497,19.197569,3090,1.0000,scoped,constituency
قبلي,قبلي - سوق الأحد,بازمة,TN635152,بازمة,Bazma,TN6351,Kebili Sud,Kebili,33.66293676,9.04636498,118.326432,3903,1.0000,scoped,constituency
قبلي,قبلي - سوق الأحد,بشري,TN635355,بشري,Bechri,TN6353,Souk El Ahed,Kebili,33.89741162,8.69126393,270.479211,2847,1.0000,scoped,constituency
قبلي,قبلي - سوق الأحد,بشلى,TN635155,بشلى,Bechelli,TN6351,Kebili Sud,Kebili,33.60915200,8.94297079,38.047494,3255,1.0000,scoped,constituency
قبلي,قبلي - سوق الأحد,بني محمد,TN635158,بني محمّد,Beni Mehemed,TN6351,Kebili Sud,Kebili,33.57175948,8.92712300,41.616541,1954,1.0000,scoped,constituency
قبلي,قبلي - سوق الأحد,بو عبد الله,TN635352,بو عبد الله,Bou Abdellah,TN6353,Souk El Ahed,Kebili,33.95569570,8.94769112,346.209436,5877,1.0000,scoped,constituency
قبلي,قبلي - سوق الأحد,تلمين,TN635256,تلمين,Telmine,TN6352,Kebili Nord,Kebili,33.70474383,8.90959925,2.988793,1786,1.0000,scoped,constituency
قبلي,قبلي - سوق الأحد,تنبيب,TN635257,تنبيب,Tenbib,TN6352,Kebili Nord,Kebili,33.70835165,8.89283940,8.512012,1574,1.0000,scoped,constituency
قبلي,قبلي - سوق الأحد,جرسين,TN635156,جرسين,Jersine,TN6351,Kebili Sud,Kebili,33.62072054,8.72371273,147.295467,1945,1.0000,scoped,constituency
قبلي,قبلي - سوق الأحد,جمنة الجنوبية,TN635154,جمنة الجنوبية,Jemna Sud,TN6351,Kebili Sud,Kebili,33.57470100,9.26838972,423.146730,3020,1.0000,scoped,constituency
قبلي,قبلي - سوق الأحد,جمنة الشمالية,TN635153,جمنة الشمالية,Jemna Nord,TN6351,Kebili Sud,Kebili,33.61709582,9.25779123,233.492854,2405,1.0000,scoped,constituency
قبلي,قبلي - سوق الأحد,جنعورة,TN635159,جنعورة,Janoura,TN6351,Kebili Sud,Kebili,33.67244051,8.97163633,24.078864,2901,1.0000,scoped,constituency
قبلي,قبلي - سوق الأحد,سعيدان,TN635258,سعيدان,Saidane,TN6352,Kebili Nord,Kebili,33.75400351,9.24532858,374.123904,1035,1.0000,scoped,constituency
قبلي,قبلي - سوق الأحد,طنبار,TN635254,طنبار,Tonbar,TN6352,Kebili Nord,Kebili,33.72992590,8.89332170,9.148449,3497,1.0000,scoped,constituency
قبلي,قبلي - سوق الأحد,فطناسة,TN635356,فطناسة,Fatnassa,TN6353,Souk El Ahed,Kebili,33.82908726,8.57556259,504.206546,2075,1.0000,scoped,constituency
قبلي,قبلي - سوق الأحد,قبلي الجنوبية,TN635151,قبلي الجنوبية,Kebili Sud,TN6351,Kebili Sud,Kebili,33.70420854,9.01956229,15.341251,5160,1.0000,scoped,constituency
قبلي,قبلي - سوق الأحد,قبلي الشرقية,TN635260,قبلي الشرقية,Kebeli Est,TN6352,Kebili Nord,Kebili,33.73540592,8.98485885,7.170596,4546,1.0000,scoped,constituency
قبلي,قبلي - سوق الأحد,قبلي الشمالية,TN635251,قبلي الشمالية,Kebeli Nord,TN6352,Kebili Nord,Kebili,33.72490421,9.00865844,16.024775,5265,1.0000,scoped,constituency
قبلي,قبلي - سوق الأحد,ليماقس-استفطيمية,TN635255,ليماقس اسفطميمية,Limagues Estiffimia,TN6352,Kebili Nord,Kebili,33.94623452,9.17866899,658.823804,1922,0.9333,scoped,constituency
قبلي,قبلي - سوق الأحد,نقة,TN635357,نقة,Negga,TN6353,Souk El Ahed,Kebili,33.70107867,8.78540746,138.992970,2893,1.0000,scoped,constituency
قفصة,أم العرائس - سيدي بوبكر - الرديف - المتلوي - المضيلة,أم الأقصاب,TN615551,أم الأقصاب,Oum El Aksab,TN6155,Oum Larais,Gafsa,34.69289510,8.33537221,83.282703,1706,1.0000,scoped,constituency
قفصة,أم العرائس - سيدي بوبكر - الرديف - المتلوي - المضيلة,الثالجة,TN615757,الثالجة,Thalja,TN6157,Metlaoui,Gafsa,34.30828403,8.40117050,2.318718,4557,1.0000,scoped,constituency
قفصة,أم العرائس - سيدي بوبكر - الرديف - المتلوي - المضيلة,الحي العمالي,TN615852,الحي العمالي,Cite Des Travailleurs,TN6158,Mdhilla,Gafsa,34.30599753,8.74462441,11.914560,5931,1.0000,scoped,constituency
قفصة,أم العرائس - سيدي بوبكر - الرديف - المتلوي - المضيلة,الدوارة,TN615557,الدوارة,Daouara,TN6155,Oum Larais,Gafsa,34.49652218,8.54622726,180.281983,1744,1.0000,scoped,constituency
قفصة,أم العرائس - سيدي بوبكر - الرديف - المتلوي - المضيلة,الرديف الجنوبية,TN615653,الرديف الجنوبية,Redeyef Sud,TN6156,Redeyef,Gafsa,34.30082550,8.10113954,88.760495,5611,1.0000,scoped,constituency
قفصة,أم العرائس - سيدي بوبكر - الرديف - المتلوي - المضيلة,الرديف الشمالية,TN615652,الرديف الشمالية,Redeyef Nord,TN6156,Redeyef,Gafsa,34.39215242,8.11956960,24.896924,3704,1.0000,scoped,constituency
قفصة,أم العرائس - سيدي بوبكر - الرديف - المتلوي - المضيلة,الرديف المحطة,TN615654,الرديف المحطة,Redeyef Gare,TN6156,Redeyef,Gafsa,34.36951757,8.19770150,203.525559,9896,1.0000,scoped,constituency
قفصة,أم العرائس - سيدي بوبكر - الرديف - المتلوي - المضيلة,الرديف المركز,TN615651,الرديف المركز,Redeyef Centre,TN6156,Redeyef,Gafsa,34.37772042,8.14279866,0.401437,3954,1.0000,scoped,constituency
قفصة,أم العرائس - سيدي بوبكر - الرديف - المتلوي - المضيلة,السقي,TN615854,السقي,El Segui,TN6158,Mdhilla,Gafsa,34.14815046,8.72924167,355.536426,286,1.0000,scoped,constituency
قفصة,أم العرائس - سيدي بوبكر - الرديف - المتلوي - المضيلة,السويطير,TN615556,السويطير,Es-Souitir,TN6155,Oum Larais,Gafsa,34.57978927,8.30834614,216.951789,188,1.0000,scoped,constituency
قفصة,أم العرائس - سيدي بوبكر - الرديف - المتلوي - المضيلة,الشنوفية,TN615555,الشنوفية,Ech-Channoufia,TN6155,Oum Larais,Gafsa,34.50807660,8.40568219,164.647937,628,1.0000,scoped,constituency
قفصة,أم العرائس - سيدي بوبكر - الرديف - المتلوي - المضيلة,المتلوي المحطة,TN615752,المتلوي المحطة,Metlaoui Gare,TN6157,Metlaoui,Gafsa,34.30750589,8.42075700,3.754350,5163,1.0000,scoped,constituency
قفصة,أم العرائس - سيدي بوبكر - الرديف - المتلوي - المضيلة,المتلوي المركز,TN615751,المتلوي المركز,Metlaoui Centre,TN6157,Metlaoui,Gafsa,34.32195572,8.40228739,1.193626,6588,1.0000,scoped,constituency
قفصة,أم العرائس - سيدي بوبكر - الرديف - المتلوي - المضيلة,المزيرعة,TN615753,المزيرعة,El Mziraa,TN6157,Metlaoui,Gafsa,34.24413613,8.35667933,153.002599,3634,1.0000,scoped,constituency
قفصة,أم العرائس - سيدي بوبكر - الرديف - المتلوي - المضيلة,المظيلة المركز,TN615851,المظيلة المركز,Mdhila Centre,TN6158,Mdhilla,Gafsa,34.30604777,8.80052052,44.855233,4612,1.0000,scoped,constituency
قفصة,أم العرائس - سيدي بوبكر - الرديف - المتلوي - المضيلة,المقرون,TN615759,المقرون,El Magroun,TN6157,Metlaoui,Gafsa,34.32408651,8.39624868,0.873270,909,1.0000,scoped,constituency
قفصة,أم العرائس - سيدي بوبكر - الرديف - المتلوي - المضيلة,ام العرائس المحطة,TN615554,أم العرايس المحطة,Oum El Araies Gare,TN6155,Oum Larais,Gafsa,34.44532546,8.33093146,90.747233,13162,1.0000,scoped,constituency
قفصة,أم العرائس - سيدي بوبكر - الرديف - المتلوي - المضيلة,ام العرائس المركز,TN615553,أم العرايس المركزية,Oum El Araies Centre,TN6155,Oum Larais,Gafsa,34.51223994,8.22337392,146.912340,6446,0.9375,scoped,constituency
قفصة,أم العرائس - سيدي بوبكر - الرديف - المتلوي - المضيلة,تابديت,TN615655,تابديت,Tabdit,TN6156,Redeyef,Gafsa,34.40704594,8.26852455,86.185794,932,1.0000,scoped,constituency
قفصة,أم العرائس - سيدي بوبكر - الرديف - المتلوي - المضيلة,حي الامل الشرقي,TN615756,حي الامل الشرقي,Cite El Amel Est,TN6157,Metlaoui,Gafsa,34.32390208,8.40548112,0.231884,7079,1.0000,scoped,constituency
قفصة,أم العرائس - سيدي بوبكر - الرديف - المتلوي - المضيلة,حي الامل الغربي,TN615755,حي الامل الغربي,Cite El Amel Ouest,TN6157,Metlaoui,Gafsa,34.36471751,8.45963949,73.960219,2209,1.0000,scoped,constituency
قفصة,أم العرائس - سيدي بوبكر - الرديف - المتلوي - المضيلة,سيدي بوبكر,TN615552,سيدي بوبكر,Sidi Boubaker,TN6155,Oum Larais,Gafsa,34.63990968,8.44460480,93.752041,2177,1.0000,scoped,constituency
قفصة,أم العرائس - سيدي بوبكر - الرديف - المتلوي - المضيلة,صهيب,TN615853,صهيب,Sahib,TN6158,Mdhilla,Gafsa,34.26004403,8.66499036,232.140016,1682,1.0000,scoped,constituency
قفصة,أم العرائس - سيدي بوبكر - الرديف - المتلوي - المضيلة,كريشة النعام,TN615754,كريشة النعام,Krichet Naam,TN6157,Metlaoui,Gafsa,34.26870575,8.28145399,225.758576,165,1.0000,scoped,constituency
قفصة,أم العرائس - سيدي بوبكر - الرديف - المتلوي - المضيلة,وادي الارطة,TN615758,وادي الأرطة,Oued El Arta,TN6157,Metlaoui,Gafsa,34.37356815,8.38948228,61.903364,1795,1.0000,scoped,constituency
قفصة,القطار - بلخير - السند,أولاد الحاج,TN616056,أولاد الحاج,Ouled El Hadj,TN6160,Belkhir,Gafsa,34.27082506,9.33845164,73.203050,1508,1.0000,scoped,constituency
قفصة,القطار - بلخير - السند,الأرطس,TN615952,الأرطس,El Ortos,TN6159,Guetar,Gafsa,34.25276883,8.86570239,265.192101,1116,1.0000,scoped,constituency
قفصة,القطار - بلخير - السند,الساكت,TN615955,الساكت,Es-Saket,TN6159,Guetar,Gafsa,34.39549838,9.22053186,44.897935,1132,1.0000,scoped,constituency
قفصة,القطار - بلخير - السند,السند,TN616151,السند,Sned,TN6161,Sened,Gafsa,34.47689378,9.23033323,164.582747,7595,1.0000,scoped,constituency
قفصة,القطار - بلخير - السند,السند الشمالية,TN616152,السند الشمالية,Sned-Nord,TN6161,Sened,Gafsa,34.56485350,9.26735609,44.107789,1446,1.0000,scoped,constituency
قفصة,القطار - بلخير - السند,الطلح الشرقية,TN616053,الطلح الشرقية,Et-Talh Est,TN6160,Belkhir,Gafsa,34.39782120,9.46058122,154.825265,1013,1.0000,scoped,constituency
قفصة,القطار - بلخير - السند,الطلح الغربية,TN616054,الطلح الغربية,Et-Talh Ouest,TN6160,Belkhir,Gafsa,34.43974182,9.33126588,136.438890,1812,1.0000,scoped,constituency
قفصة,القطار - بلخير - السند,العنق,TN615954,العنق,El Ongue,TN6159,Guetar,Gafsa,34.35526017,9.12072183,73.723627,1882,1.0000,scoped,constituency
قفصة,القطار - بلخير - السند,العيايشة,TN616051,العيايشة,El Ayaicha,TN6160,Belkhir,Gafsa,34.25458412,9.23192839,220.330922,2342,1.0000,scoped,constituency
قفصة,القطار - بلخير - السند,القطار الشرقية,TN615953,القطار الشرقية,El Guetar Est,TN6159,Guetar,Gafsa,34.26501252,9.07100976,358.758531,4577,1.0000,scoped,constituency
قفصة,القطار - بلخير - السند,القطار الغربية,TN615951,القطار الغربية,El Guetar Ouest,TN6159,Guetar,Gafsa,34.22405131,8.96747490,132.934032,5835,1.0000,scoped,constituency
قفصة,القطار - بلخير - السند,بئر سعد,TN615956,بئر سعد,Bir Saad,TN6159,Guetar,Gafsa,34.35332673,9.24395241,57.884935,827,1.0000,scoped,constituency
قفصة,القطار - بلخير - السند,بلخير,TN616052,بلخير,Belkhir,TN6160,Belkhir,Gafsa,34.28162663,9.46053721,175.994882,3864,1.0000,scoped,constituency
قفصة,القطار - بلخير - السند,جبيلة الوسط,TN616055,جبيلة الوسط,Jbilet Ouest,TN6160,Belkhir,Gafsa,34.36097352,9.35765293,80.061006,2251,1.0000,scoped,constituency
قفصة,القطار - بلخير - السند,عليم,TN616157,عليم,Alim,TN6161,Sened,Gafsa,34.62760498,9.14951819,121.926556,3832,1.0000,scoped,constituency
قفصة,القطار - بلخير - السند,ماجورة,TN616156,ماجورة,Majoura,TN6161,Sened,Gafsa,34.62584031,9.23563925,118.584416,4092,1.0000,scoped,constituency
قفصة,قفصة الجنوبية,العسالة,TN615454,العسالة,El Assala,TN6154,Gafsa Sud,Gafsa,34.42826333,8.79524752,1.576168,20071,1.0000,scoped,constituency
قفصة,قفصة الجنوبية,العقيلة,TN615460,العقيلة,El Aguila,TN6154,Gafsa Sud,Gafsa,34.35918157,8.62213555,380.789090,1601,1.0000,scoped,constituency
قفصة,قفصة الجنوبية,المولى,TN615457,المولي,El Moula,TN6154,Gafsa Sud,Gafsa,34.43180677,8.79139378,0.516223,2405,1.0000,scoped,constituency
قفصة,قفصة الجنوبية,الناظور,TN615462,الناظور,En-Nadhour,TN6154,Gafsa Sud,Gafsa,34.56136386,8.65403509,204.106121,1303,1.0000,scoped,constituency
قفصة,قفصة الجنوبية,حي السرور,TN615453,حي السرور,Cite Essourour,TN6154,Gafsa Sud,Gafsa,34.45397515,8.78574225,8.287935,12099,1.0000,scoped,constituency
قفصة,قفصة الجنوبية,حي الشباب,TN615459,حي الشباب,Cite Ech-Chabab,TN6154,Gafsa Sud,Gafsa,34.44809615,8.76773598,13.183911,15302,1.0000,scoped,constituency
قفصة,قفصة الجنوبية,حي النور,TN615458,حي النور,Cite Ennour,TN6154,Gafsa Sud,Gafsa,34.42727239,8.77897557,1.058233,8209,1.0000,scoped,constituency
قفصة,قفصة الجنوبية,سيدي احمد زروق,TN615455,سيدي أحمد زروق,Sidi Ahmed Zarrouk,TN6154,Gafsa Sud,Gafsa,34.43242744,8.73511748,35.799523,5230,1.0000,scoped,constituency
قفصة,قفصة الجنوبية,قفصة الشرقية,TN615452,قفصة الشرقية,Gafsa Est,TN6154,Gafsa Sud,Gafsa,34.42725151,8.80634416,4.878369,4746,1.0000,scoped,constituency
قفصة,قفصة الجنوبية,قفصة المدينة,TN615451,قفصة المدينة,Gafsa Ville,TN6154,Gafsa Sud,Gafsa,34.40189242,8.76902255,12.467117,7159,1.0000,scoped,constituency
قفصة,قفصة الجنوبية,كاف دربي,TN615461,كاف دربي,Kef Derbi,TN6154,Gafsa Sud,Gafsa,34.58200416,8.57455057,87.083461,1459,1.0000,scoped,constituency
قفصة,قفصة الجنوبية,وادي ايلو,TN615456,واد أيلو,Oued Ailou,TN6154,Gafsa Sud,Gafsa,34.42708145,8.78628846,0.680614,7126,0.9333,scoped,constituency
قفصة,قفصة الشمالية - سيدي عيش - القصر - زانوش,الجديدة,TN616154,الجديدة,Djedida,TN6161,Sened,Gafsa,34.51851036,9.02103592,67.292472,2968,1.0000,scoped,governorate
قفصة,قفصة الشمالية - سيدي عيش - القصر - زانوش,الرحيبة,TN615152,الرحيبة,Er-Rahiba,TN6151,Gafsa Nord,Gafsa,34.54708051,8.95295063,76.416349,1580,1.0000,scoped,constituency
قفصة,قفصة الشمالية - سيدي عيش - القصر - زانوش,الرحيبة الجنوبية,TN615153,الرحيبة الجنوبية,Er-Rahiba Sud,TN6151,Gafsa Nord,Gafsa,34.49815397,8.91029499,65.176012,831,1.0000,scoped,constituency
قفصة,قفصة الشمالية - سيدي عيش - القصر - زانوش,السوينية,TN615256,السوينية,Es-Souinia,TN6152,Sidi Aich,Gafsa,34.68041579,8.89762396,38.722500,592,1.0000,scoped,constituency
قفصة,قفصة الشمالية - سيدي عيش - القصر - زانوش,العمايمية,TN615253,العمايمة,El Amaima,TN6152,Sidi Aich,Gafsa,34.66169078,8.69863370,120.404106,776,0.9412,scoped,constituency
قفصة,قفصة الشمالية - سيدي عيش - القصر - زانوش,الفج,TN615156,الفج,Fej,TN6151,Gafsa Nord,Gafsa,34.64790475,9.00037987,146.489331,1281,1.0000,scoped,constituency
قفصة,قفصة الشمالية - سيدي عيش - القصر - زانوش,القصر,TN615351,القصر,El Ksar,TN6153,Ksar,Gafsa,34.36661655,8.78098061,62.286663,13564,1.0000,scoped,constituency
قفصة,قفصة الشمالية - سيدي عيش - القصر - زانوش,القصر الشرقية,TN615352,القصر الشرقية,El Ksar Est,TN6153,Ksar,Gafsa,34.40236248,8.80246887,0.540695,2471,1.0000,scoped,constituency
قفصة,قفصة الشمالية - سيدي عيش - القصر - زانوش,المتكيدس,TN615155,المتكيدس,El Mouthides,TN6151,Gafsa Nord,Gafsa,34.57419509,8.74961173,65.439783,1135,1.0000,scoped,constituency
قفصة,قفصة الشمالية - سيدي عيش - القصر - زانوش,المطار,TN615356,المطار,El Matar,TN6153,Ksar,Gafsa,34.42694107,8.82686407,12.950464,4599,1.0000,scoped,constituency
قفصة,قفصة الشمالية - سيدي عيش - القصر - زانوش,حي حشاد,TN615354,حي حشاد,Cite Hached,TN6153,Ksar,Gafsa,34.39256605,8.81504025,0.850422,3578,1.0000,scoped,constituency
قفصة,قفصة الشمالية - سيدي عيش - القصر - زانوش,زانوش,TN616153,صانوش,Sanouche,TN6161,Sened,Gafsa,34.43462623,9.06365109,81.285751,5260,0.8000,near,governorate
قفصة,قفصة الشمالية - سيدي عيش - القصر - زانوش,سيدي عيش,TN615251,سيدي عيش,Sidi Aich,TN6152,Sidi Aich,Gafsa,34.69418151,8.78063275,44.652014,3347,1.0000,scoped,constituency
قفصة,قفصة الشمالية - سيدي عيش - القصر - زانوش,سيدي عيش الشرقية,TN615252,سيدي عيش الشرقية,Sidi Aich Est,TN6152,Sidi Aich,Gafsa,34.69680577,8.83080835,53.429433,971,1.0000,scoped,constituency
قفصة,قفصة الشمالية - سيدي عيش - القصر - زانوش,عبد الصادق,TN616155,عبد الصادق,Abdessadok,TN6161,Sened,Gafsa,34.48726562,9.08944426,170.611627,3868,1.0000,scoped,governorate
قفصة,قفصة الشمالية - سيدي عيش - القصر - زانوش,عمرة,TN615355,عمرة,Amra,TN6153,Ksar,Gafsa,34.43584174,8.93601171,142.194031,1324,1.0000,scoped,constituency
قفصة,قفصة الشمالية - سيدي عيش - القصر - زانوش,قصور الاخوة,TN615154,قصور الأخوة,Ksour El Akhoua,TN6151,Gafsa Nord,Gafsa,34.48383495,8.82071314,49.213715,581,1.0000,scoped,constituency
قفصة,قفصة الشمالية - سيدي عيش - القصر - زانوش,قطيس,TN615151,قطيس,Guetis,TN6151,Gafsa Nord,Gafsa,34.57447719,8.84402238,81.688445,1519,1.0000,scoped,constituency
قفصة,قفصة الشمالية - سيدي عيش - القصر - زانوش,لالة,TN615353,لالة,Lala,TN6153,Ksar,Gafsa,34.37920610,8.86020608,63.012878,4525,1.0000,scoped,constituency
قفصة,قفصة الشمالية - سيدي عيش - القصر - زانوش,منزل القمودي,TN615254,منزل القمودي,Menzel Gamoudi,TN6152,Sidi Aich,Gafsa,34.63036828,8.86643395,75.650218,389,1.0000,scoped,constituency
قفصة,قفصة الشمالية - سيدي عيش - القصر - زانوش,منزل ميمون,TN615157,منزل ميمون,Menzel Mimoun,TN6151,Gafsa Nord,Gafsa,34.66464576,9.09160206,50.389602,1323,1.0000,scoped,constituency
مدنين,بنقردان,الشهبانية,TN525461,الشهبانية,Chahbania,TN5254,Ben Guerdane,Médenine,33.23503161,10.75533808,503.031495,1626,1.0000,scoped,constituency
مدنين,بنقردان,الصياح,TN525453,الصياح,Essayah,TN5254,Ben Guerdane,Médenine,33.20290714,11.24335453,145.628993,5191,1.0000,scoped,constituency
مدنين,بنقردان,الطابعي,TN525457,الطابعي,Ettabai,TN5254,Ben Guerdane,Médenine,33.02074110,11.08254700,139.008919,6890,1.0000,scoped,constituency
مدنين,بنقردان,العامرية,TN525456,العامرية,El Amria,TN5254,Ben Guerdane,Médenine,32.75236572,11.18185985,922.782124,5725,1.0000,scoped,constituency
مدنين,بنقردان,المعمرات,TN525455,المعمرات,El Maamerat,TN5254,Ben Guerdane,Médenine,32.69894519,11.36817733,1748.590590,5135,1.0000,scoped,constituency
مدنين,بنقردان,النفاتية,TN525460,النفاتية,Neffatia,TN5254,Ben Guerdane,Médenine,33.20541953,10.91378552,327.970492,978,1.0000,scoped,constituency
مدنين,بنقردان,الوراسنية,TN525458,الوراسنية,Ourasnia,TN5254,Ben Guerdane,Médenine,33.20156070,11.05083444,150.496827,5286,1.0000,scoped,constituency
مدنين,بنقردان,بنقردان الجنوبية,TN525452,بن قردان الجنوبية,Ben Guerdane Sud,TN5254,Ben Guerdane,Médenine,33.13743342,11.22454114,4.146615,8290,1.0000,scoped,constituency
مدنين,بنقردان,بنقردان الشمالية,TN525451,بن قردان الشمالية,Ben Guerdane Nord,TN5254,Ben Guerdane,Médenine,33.14358243,11.21638985,2.854892,7498,1.0000,scoped,constituency
مدنين,بنقردان,جلال,TN525459,جلال,Jallel,TN5254,Ben Guerdane,Médenine,33.12257432,11.04975200,168.800145,7598,1.0000,scoped,constituency
مدنين,بنقردان,جميلة,TN525454,جميلة,Jamila,TN5254,Ben Guerdane,Médenine,32.96104211,11.44108369,539.748494,5160,1.0000,scoped,constituency
مدنين,بنقردان,شارب الراجل,TN525462,شارب الراجل,Chareb Errajel,TN5254,Ben Guerdane,Médenine,33.23604296,11.11477076,145.015774,3057,1.0000,scoped,constituency
مدنين,بني خداش,البحيرة,TN525362,البحيرة,El Behira,TN5253,Beni Khedache,Médenine,33.33130542,10.23488463,74.260017,1464,1.0000,scoped,constituency
مدنين,بني خداش,البنية,TN525357,البنية,El Benaina,TN5253,Beni Khedache,Médenine,33.17632807,10.16342889,210.245895,1999,1.0000,scoped,constituency
مدنين,بني خداش,الحميمة,TN525361,الحميمة,El Hamaima,TN5253,Beni Khedache,Médenine,33.37215715,10.16705574,89.257706,2001,1.0000,scoped,constituency
مدنين,بني خداش,الدخيلة,TN525353,الدخيلة,Eddekhila,TN5253,Beni Khedache,Médenine,33.26320095,10.34046032,68.301962,570,1.0000,scoped,constituency
مدنين,بني خداش,الفجيج,TN525358,الفجيج,El Fejij,TN5253,Beni Khedache,Médenine,33.20447672,10.03256660,131.156894,2003,1.0000,scoped,constituency
مدنين,بني خداش,القصر الجديد,TN525363,القصر الجديد,Ksar El Jedid,TN5253,Beni Khedache,Médenine,33.29717942,10.28213880,52.483478,2691,1.0000,scoped,constituency
مدنين,بني خداش,المنزلة,TN525359,المنزلة,El Menzela,TN5253,Beni Khedache,Médenine,33.27550015,9.91226957,279.066696,1060,1.0000,scoped,constituency
مدنين,بني خداش,بني خداش,TN525351,بني خداش,Beni-Khedech,TN5253,Beni Khedache,Médenine,33.25281527,10.20051238,37.117605,8065,1.0000,scoped,constituency
مدنين,بني خداش,رحالة,TN525352,رحالة,Rahala,TN5253,Beni Khedache,Médenine,33.23670568,10.26412368,30.411361,658,1.0000,scoped,constituency
مدنين,بني خداش,زغاية,TN525356,الزغاية,Zghaya,TN5253,Beni Khedache,Médenine,33.10297834,10.05554085,186.949430,2110,0.9000,scoped,constituency
مدنين,بني خداش,زمور,TN525360,زمور,Zammour,TN5253,Beni Khedache,Médenine,33.23751176,9.99448181,67.817326,773,1.0000,scoped,constituency
مدنين,بني خداش,وادي الخيل,TN525355,وادي الخيل,Oued El Khil,TN5253,Beni Khedache,Médenine,33.19050644,10.28356257,59.328733,1072,1.0000,scoped,constituency
مدنين,بني خداش,ورجيجن,TN525354,ورجيجن,Ouarjijene,TN5253,Beni Khedache,Médenine,33.21798765,10.38841433,73.064092,1274,1.0000,scoped,constituency
مدنين,جربة حومة السوق,الجوامع,TN525653,الجوامع,El Jouamaa,TN5256,Houmt Souk,Médenine,33.86896305,10.84984706,2.447199,4130,1.0000,scoped,constituency
مدنين,جربة حومة السوق,الحشان,TN525660,الحشان,El Hachene,TN5256,Houmt Souk,Médenine,33.84453519,10.80006049,16.416760,2834,1.0000,scoped,constituency
مدنين,جربة حومة السوق,الرياض,TN525659,الرياض,Erriadh,TN5256,Houmt Souk,Médenine,33.81983528,10.85681694,23.894011,9975,1.0000,scoped,constituency
مدنين,جربة حومة السوق,السواني,TN525658,السواني,Essouani,TN5256,Houmt Souk,Médenine,33.85556621,10.85942397,6.962906,6111,1.0000,scoped,constituency
مدنين,جربة حومة السوق,بوملال,TN525652,بوملال,Bou Melel,TN5256,Houmt Souk,Médenine,33.88304152,10.83350280,11.803164,10737,1.0000,scoped,constituency
مدنين,جربة حومة السوق,صدغيان,TN525656,صدغيان,Sedghaiane,TN5256,Houmt Souk,Médenine,33.83071845,10.92762860,15.780012,4978,1.0000,scoped,constituency
مدنين,جربة حومة السوق,طاوريت,TN525651,طاوريت,Taourit,TN5256,Houmt Souk,Médenine,33.87839693,10.86438431,2.278977,7172,1.0000,scoped,constituency
مدنين,جربة حومة السوق,فاطو,TN525654,فاطو,Fatou,TN5256,Houmt Souk,Médenine,33.86642269,10.88430163,4.974678,3903,1.0000,scoped,constituency
مدنين,جربة حومة السوق,مزراية,TN525655,مزراية,Mazraia,TN5256,Houmt Souk,Médenine,33.86890624,10.93187905,33.127257,4237,1.0000,scoped,constituency
مدنين,جربة حومة السوق,مليتة,TN525661,مليتة,Mellita,TN5256,Houmt Souk,Médenine,33.86920745,10.78528218,30.316934,6510,1.0000,scoped,constituency
مدنين,جربة حومة السوق,والغ,TN525657,والغ,Oualeg,TN5256,Houmt Souk,Médenine,33.82990485,10.88877957,14.280383,3163,1.0000,scoped,constituency
مدنين,جربة ميدون - جربة أجيم,أجيم,TN525851,اجيم,Ajim,TN5258,Djerba Ajim,Médenine,33.71987126,10.76504126,15.798464,10653,1.0000,scoped,constituency
مدنين,جربة ميدون - جربة أجيم,اركو,TN525752,اركو,Arkou,TN5257,Djerba Midoun,Médenine,33.78410262,11.02943004,41.718748,6618,1.0000,scoped,constituency
مدنين,جربة ميدون - جربة أجيم,الخنانسة,TN525852,الخنانسة,El Khenensa,TN5258,Djerba Ajim,Médenine,33.74564429,10.79721223,18.831375,945,1.0000,scoped,constituency
مدنين,جربة ميدون - جربة أجيم,القرع,TN525856,القرع,El Groa,TN5258,Djerba Ajim,Médenine,33.81001750,10.79963140,38.854706,2582,1.0000,scoped,constituency
مدنين,جربة ميدون - جربة أجيم,الماي,TN525756,الماي,El May,TN5257,Djerba Midoun,Médenine,33.79056531,10.90185615,21.576114,10950,1.0000,scoped,constituency
مدنين,جربة ميدون - جربة أجيم,المحبوبين,TN525753,المحبوبين,El Mahboubine,TN5257,Djerba Midoun,Médenine,33.79310125,10.96886782,19.593640,4657,1.0000,scoped,constituency
مدنين,جربة ميدون - جربة أجيم,بني معقل,TN525754,بني معقل,Beni Maaguel,TN5257,Djerba Midoun,Médenine,33.75777991,10.95029893,11.194735,3787,1.0000,scoped,constituency
مدنين,جربة ميدون - جربة أجيم,ربانة,TN525757,ربانة,Robbana,TN5257,Djerba Midoun,Médenine,33.76913897,10.89371336,8.876501,2136,1.0000,scoped,constituency
مدنين,جربة ميدون - جربة أجيم,صدويكش,TN525755,صدويكش,Sedouikech,TN5257,Djerba Midoun,Médenine,33.72716549,10.91547627,49.984192,6945,1.0000,scoped,constituency
مدنين,جربة ميدون - جربة أجيم,قلالة,TN525854,قلالة,Guellala,TN5258,Djerba Ajim,Médenine,33.71294495,10.87086712,43.620065,8289,1.0000,scoped,constituency
مدنين,جربة ميدون - جربة أجيم,مزران,TN525853,مزران,Mezrene,TN5258,Djerba Ajim,Médenine,33.76965904,10.75755622,22.569080,1041,1.0000,scoped,constituency
مدنين,جربة ميدون - جربة أجيم,ميدون,TN525751,ميدون,Midoun,TN5257,Djerba Midoun,Médenine,33.82465762,11.00697708,23.748269,22107,1.0000,scoped,constituency
مدنين,جربة ميدون - جربة أجيم,وادي الزبيب,TN525855,وادي الزبيب,Oued Ezzebib,TN5258,Djerba Ajim,Médenine,33.77272385,10.82014507,18.355234,2014,1.0000,scoped,constituency
مدنين,جرجيس,2مارس,TN525552,20مارس,20 Mars,TN5255,Zarzis,Médenine,33.50853444,11.10129844,1.615698,3996,0.9091,scoped,constituency
مدنين,جرجيس,البساتين,TN525555,البساتين,El Bassatine,TN5255,Zarzis,Médenine,33.52837953,11.09131885,5.035134,3474,1.0000,scoped,constituency
مدنين,جرجيس,الجدارية,TN525554,الجدارية,Ejdaria,TN5255,Zarzis,Médenine,33.32361675,11.14530925,47.230099,496,1.0000,scoped,constituency
مدنين,جرجيس,السويحل,TN525556,السويحل,Essouihel,TN5255,Zarzis,Médenine,33.53857879,11.10101526,6.228069,9175,1.0000,scoped,constituency
مدنين,جرجيس,الطاهر صفر,TN525553,الطاهر صفر,Tahar Sfar,TN5255,Zarzis,Médenine,33.51068109,11.11220753,1.919240,2974,1.0000,scoped,constituency
مدنين,جرجيس,العقلة,TN525565,العقلة,El Ogla,TN5255,Zarzis,Médenine,33.55990268,11.07416635,19.134872,2575,1.0000,scoped,constituency
مدنين,جرجيس,الغرابات,TN525562,الغرابات,El Ghorabet,TN5255,Zarzis,Médenine,33.40824916,10.82958188,219.526763,1332,1.0000,scoped,constituency
مدنين,جرجيس,القريبيس,TN525563,القريبيس,El Grebis,TN5255,Zarzis,Médenine,33.54495649,10.96446955,49.613389,2254,1.0000,scoped,constituency
مدنين,جرجيس,جرجيس,TN525551,جرجيس,Zarzis,TN5255,Zarzis,Médenine,33.43165000,11.08865052,31.181638,17682,1.0000,scoped,constituency
مدنين,جرجيس,حسي الجربي,TN525558,حسي الجربي,Hassi El Jerbi,TN5255,Zarzis,Médenine,33.61637384,11.02741083,25.514174,6009,1.0000,scoped,constituency
مدنين,جرجيس,حمادي,TN525560,حمادي,Hamadi,TN5255,Zarzis,Médenine,33.49457945,11.08327167,3.384167,7236,1.0000,scoped,constituency
مدنين,جرجيس,حمادي بو تفاحة,TN525564,حمادي بو تفاحة,Hamadi Boutoufaha,TN5255,Zarzis,Médenine,33.39259320,11.00628863,197.766414,3846,1.0000,scoped,constituency
مدنين,جرجيس,خوى الغدير,TN525559,خوي الغدير,Khaoui El Ghedir,TN5255,Zarzis,Médenine,33.52429200,10.99886305,28.470155,1362,1.0000,scoped,constituency
مدنين,جرجيس,شماخ,TN525566,شماخ,Chammakh,TN5255,Zarzis,Médenine,33.58528384,11.00261071,66.312299,2984,1.0000,scoped,constituency
مدنين,جرجيس,هشام الحمادي,TN525561,هشام الحمادي,Hichem E L Hamadi,TN5255,Zarzis,Médenine,33.45435195,10.96690423,159.235775,3838,1.0000,scoped,constituency
مدنين,جرجيس,وادي التياب,TN525557,واد التياب,Oued Ettieb,TN5255,Zarzis,Médenine,33.52805398,11.05020097,22.980146,6522,0.9474,scoped,constituency
مدنين,مدنين الجنوبية - سيدي مخلوف,الجرف,TN525954,الجرف,El Jourf,TN5259,Sidi Makhlouf,Médenine,33.65543075,10.68591068,74.432025,1689,1.0000,scoped,constituency
مدنين,مدنين الجنوبية - سيدي مخلوف,الدرجاوة,TN525961,الدرجاوة,Darjaoua,TN5259,Sidi Makhlouf,Médenine,33.54292189,10.46285746,21.818251,1382,1.0000,scoped,constituency
مدنين,مدنين الجنوبية - سيدي مخلوف,الدرغولية,TN525257,الدرغولية,Darghoulia,TN5252,Médenine Sud,Médenine,33.42294173,10.66956220,107.605478,1828,1.0000,scoped,constituency
مدنين,مدنين الجنوبية - سيدي مخلوف,الراقوبة الشرقية,TN525957,الراقوبة الشرقية,Er Ragouba Est,TN5259,Sidi Makhlouf,Médenine,33.47040739,10.43939935,37.213091,1919,1.0000,scoped,constituency
مدنين,مدنين الجنوبية - سيدي مخلوف,الراقوبة الغربية,TN525958,الراقوبة الغربية,Er Ragouba Ouest,TN5259,Sidi Makhlouf,Médenine,33.48507428,10.37792815,46.999075,1860,1.0000,scoped,constituency
مدنين,مدنين الجنوبية - سيدي مخلوف,السويطير,TN525258,السويطير,Souitir,TN5252,Médenine Sud,Médenine,33.39643799,10.72494020,74.241962,859,1.0000,scoped,constituency
مدنين,مدنين الجنوبية - سيدي مخلوف,الغباي,TN525959,الغباي,El Ghabai,TN5259,Sidi Makhlouf,Médenine,33.43157761,10.46990169,27.888707,1078,1.0000,scoped,constituency
مدنين,مدنين الجنوبية - سيدي مخلوف,القرين,TN525952,القرين,El Grine,TN5259,Sidi Makhlouf,Médenine,33.60915636,10.51622262,55.387885,877,1.0000,scoped,constituency
مدنين,مدنين الجنوبية - سيدي مخلوف,القصبة,TN525960,القصبة,El Gosba,TN5259,Sidi Makhlouf,Médenine,33.56797990,10.40912324,98.878731,2427,1.0000,scoped,constituency
مدنين,مدنين الجنوبية - سيدي مخلوف,اللبة,TN525253,اللبة,El Labba,TN5252,Médenine Sud,Médenine,33.28169639,10.51038898,99.647892,3262,1.0000,scoped,constituency
مدنين,مدنين الجنوبية - سيدي مخلوف,المغراوية,TN525953,المغزاوية,El Maghzaouia,TN5259,Sidi Makhlouf,Médenine,33.62077973,10.60323064,71.466648,1045,0.8889,scoped,constituency
مدنين,مدنين الجنوبية - سيدي مخلوف,بدوي,TN525955,بدوي,Bedoui,TN5259,Sidi Makhlouf,Médenine,33.51700138,10.54944594,134.677254,890,1.0000,scoped,constituency
مدنين,مدنين الجنوبية - سيدي مخلوف,بوغرارة,TN525260,بوغرارة,Bou-Ghrara,TN5252,Médenine Sud,Médenine,33.56579964,10.66236189,101.773151,6107,1.0000,scoped,constituency
مدنين,مدنين الجنوبية - سيدي مخلوف,حسي عمر,TN525254,حسي عمر,Hessi Amor,TN5252,Médenine Sud,Médenine,33.30404296,10.57673324,68.616308,4013,1.0000,scoped,constituency
مدنين,مدنين الجنوبية - سيدي مخلوف,حسي مدنين,TN525256,حسي مدنين,Hessi Mednine,TN5252,Médenine Sud,Médenine,33.43722551,10.62698549,67.138092,1532,1.0000,scoped,constituency
مدنين,مدنين الجنوبية - سيدي مخلوف,سيدي مخلوف,TN525951,سيدي مخلوف,Sidi Makhlouf,TN5259,Sidi Makhlouf,Médenine,33.52009054,10.49193796,38.592119,3708,1.0000,scoped,constituency
مدنين,مدنين الجنوبية - سيدي مخلوف,عمرة,TN525956,عمرة,Amra,TN5259,Sidi Makhlouf,Médenine,33.43404160,10.53677009,61.845951,2889,1.0000,scoped,constituency
مدنين,مدنين الجنوبية - سيدي مخلوف,عمرة الجديدة,TN525259,عمر الجديدة,Nouvelle Amra,TN5252,Médenine Sud,Médenine,33.45548327,10.61641787,41.766397,2010,0.9524,scoped,constituency
مدنين,مدنين الجنوبية - سيدي مخلوف,مدنين الجنوبية,TN525251,مدنين الجنوبية,Mednine Sud,TN5252,Médenine Sud,Médenine,33.32965469,10.50024337,11.343314,19715,1.0000,scoped,constituency
مدنين,مدنين الجنوبية - سيدي مخلوف,مدنين الشرقية,TN525252,مدنين الشرقية,Mednine Est,TN5252,Médenine Sud,Médenine,33.35636325,10.51518168,6.760874,10329,1.0000,scoped,constituency
مدنين,مدنين الجنوبية - سيدي مخلوف,وادي السدر,TN525255,وادي السدر,Oued Esseder,TN5252,Médenine Sud,Médenine,33.27494152,10.65331246,155.652538,1718,1.0000,scoped,constituency
مدنين,مدنين الشمالية,20 مارس,TN525154,20مارس,20 Mars,TN5251,Médenine Nord,Médenine,33.35181377,10.46805196,5.435867,3266,1.0000,scoped,constituency
مدنين,مدنين الشمالية,2ماي,TN525152,02ماي,02 Mai,TN5251,Médenine Nord,Médenine,33.32609398,10.47845881,3.589812,3705,1.0000,scoped,constituency
مدنين,مدنين الشمالية,أم التمر الشرقية,TN525157,أم التمر الشرقية,Oum Ettameur Est,TN5251,Médenine Nord,Médenine,33.40457512,10.39708003,46.882173,1010,1.0000,scoped,constituency
مدنين,مدنين الشمالية,أم التمر الغربية,TN525156,أم التمر الغربية,Oum Ettameur Ouest,TN5251,Médenine Nord,Médenine,33.38417284,10.32908376,144.013814,1783,1.0000,scoped,constituency
مدنين,مدنين الشمالية,بني غزيل,TN525151,بني عزيل,Beni Ghezail,TN5251,Médenine Nord,Médenine,33.27540952,10.43603971,65.320101,442,0.8571,scoped,constituency
مدنين,مدنين الشمالية,كوتين,TN525158,كوتين,Koutine,TN5251,Médenine Nord,Médenine,33.46054652,10.33096069,49.543268,1364,1.0000,scoped,constituency
مدنين,مدنين الشمالية,مدنين الشمالية,TN525155,مدنين الشمالية,Mednine Nord,TN5251,Médenine Nord,Médenine,33.36630568,10.48313825,15.364680,22719,1.0000,scoped,constituency
مدنين,مدنين الشمالية,مدنين الغربية,TN525153,مدنين الغربية,Mednine Ouest,TN5251,Médenine Nord,Médenine,33.33576533,10.46647268,4.140664,11225,1.0000,scoped,constituency
منوبة,الجديدة - طبربة - البطان,أحواز طبربة,TN145755,أحواز طبربة,Banlieue De Tebourba,TN1457,Tebourba,Manubah,36.83041553,9.82144316,7.696741,7606,1.0000,scoped,constituency
منوبة,الجديدة - طبربة - البطان,الانصارين,TN145752,الانصارين,El Ansarine,TN1457,Tebourba,Manubah,36.81410463,9.69286092,48.883663,1331,1.0000,scoped,constituency
منوبة,الجديدة - طبربة - البطان,البطان,TN145851,البطان,El Battane,TN1458,El Battan,Manubah,36.79866030,9.82183724,36.991190,7954,1.0000,scoped,constituency
منوبة,الجديدة - طبربة - البطان,الجديدة,TN145651,الجديدة,Djedaida,TN1456,Jedaida,Manubah,36.84490228,9.90616748,9.712429,15769,1.0000,scoped,constituency
منوبة,الجديدة - طبربة - البطان,الجديدة حشاد,TN145652,الجديدة حشاد,Djedaida Hached,TN1456,Jedaida,Manubah,36.86721334,9.89192814,31.236303,5265,1.0000,scoped,constituency
منوبة,الجديدة - طبربة - البطان,الحبيبية,TN145656,الحبيبية,El Habibia,TN1456,Jedaida,Manubah,36.81062162,9.95738825,16.892818,1348,1.0000,scoped,constituency
منوبة,الجديدة - طبربة - البطان,الدخيلة,TN145753,الدخيلة,Edkhila,TN1457,Tebourba,Manubah,36.86752763,9.69960358,41.512379,2898,1.0000,scoped,constituency
منوبة,الجديدة - طبربة - البطان,الرجاء,TN145756,الرجاء,Er-Raja,TN1457,Tebourba,Manubah,36.84910919,9.85468903,18.771115,7420,1.0000,scoped,constituency
منوبة,الجديدة - طبربة - البطان,الزاهرة,TN145655,الزاهرة,Ez-Zahra,TN1456,Jedaida,Manubah,36.82541568,9.91475199,14.665025,3890,1.0000,scoped,constituency
منوبة,الجديدة - طبربة - البطان,الشويقي,TN145757,الشويقي,Ech-Chouigui,TN1457,Tebourba,Manubah,36.89598011,9.81906715,122.203549,2471,1.0000,scoped,constituency
منوبة,الجديدة - طبربة - البطان,العروسية,TN145854,العروسية,El Aroussia,TN1458,El Battan,Manubah,36.79179662,9.74518821,25.969402,2054,1.0000,scoped,constituency
منوبة,الجديدة - طبربة - البطان,الملاحة,TN145754,الملاحة,El Mellaha,TN1457,Tebourba,Manubah,36.82073379,9.60946828,42.592140,950,1.0000,scoped,constituency
منوبة,الجديدة - طبربة - البطان,المنصورة,TN145654,المنصورة,El Mansoura,TN1456,Jedaida,Manubah,36.78597462,9.89996810,28.452218,2488,1.0000,scoped,constituency
منوبة,الجديدة - طبربة - البطان,المهرين,TN145853,المهرين,Mehrine,TN1458,El Battan,Manubah,36.76522862,9.80573156,33.076171,2057,1.0000,scoped,constituency
منوبة,الجديدة - طبربة - البطان,برج التومي,TN145852,برج التومي,Borj Ettoumi,TN1458,El Battan,Manubah,36.75835349,9.71167193,60.819042,3029,1.0000,scoped,constituency
منوبة,الجديدة - طبربة - البطان,شواط,TN145653,شواط,Chaouat,TN1456,Jedaida,Manubah,36.90626165,9.94335706,81.950660,5439,1.0000,scoped,constituency
منوبة,الجديدة - طبربة - البطان,طبربة,TN145751,طبربة,Tebourba,TN1457,Tebourba,Manubah,36.82225723,9.85901027,5.810491,13472,1.0000,scoped,constituency
منوبة,المرناقية - برج العامري,20 مـارس,TN145452,20مارس,20 Mars,TN1454,Mornaguia,Manubah,36.76152129,9.99503471,5.496927,3443,1.0000,scoped,constituency
منوبة,المرناقية - برج العامري,البساتين,TN145457,البساتين,El Bassatine,TN1454,Mornaguia,Manubah,36.76218049,9.92445528,27.828479,3228,1.0000,scoped,constituency
منوبة,المرناقية - برج العامري,الفجة,TN145454,الفجة,El Fejja,TN1454,Mornaguia,Manubah,36.64942690,9.96593716,124.284764,2113,1.0000,scoped,constituency
منوبة,المرناقية - برج العامري,المرناقية,TN145451,المرناقية,Mornaguia,TN1454,Mornaguia,Manubah,36.77077916,10.01255562,6.761031,15267,1.0000,scoped,constituency
منوبة,المرناقية - برج العامري,المرناقية الشمالية,TN145458,المرناقية الشمالية,Mornaguia Nord,TN1454,Mornaguia,Manubah,36.75440000,10.02471826,1.427814,1835,1.0000,scoped,constituency
منوبة,المرناقية - برج العامري,المساعدين,TN145554,المساعدين,El Moussadine,TN1455,Borj El Amri,Manubah,36.70293720,9.83825816,35.197253,2884,1.0000,scoped,constituency
منوبة,المرناقية - برج العامري,برج العامري,TN145551,برج العامري,Borj El Amri,TN1455,Borj El Amri,Manubah,36.73024029,9.88589477,33.819856,9007,1.0000,scoped,constituency
منوبة,المرناقية - برج العامري,برج النور,TN145553,برج النور,Borj Ennour,TN1455,Borj El Amri,Manubah,36.69158813,9.80290031,38.400131,2160,1.0000,scoped,constituency
منوبة,المرناقية - برج العامري,بورقبة,TN145453,بورقبة,Bouragba,TN1454,Mornaguia,Manubah,36.73272875,10.02392311,16.461207,2143,1.0000,scoped,constituency
منوبة,المرناقية - برج العامري,حميم,TN145456,حميم,Hmaiem,TN1454,Mornaguia,Manubah,36.67480382,10.04939165,58.201922,2545,1.0000,scoped,constituency
منوبة,المرناقية - برج العامري,سيدي علي الحطاب,TN145455,سيدي علي الحطاب,Sidi Ali El Hattab,TN1454,Mornaguia,Manubah,36.74615748,9.97712139,20.053838,1932,1.0000,scoped,constituency
منوبة,المرناقية - برج العامري,منزل الحبيب,TN145552,منزل الحبيب,Menzel Habib,TN1455,Borj El Amri,Manubah,36.64317571,9.87312517,68.430925,1767,1.0000,scoped,constituency
منوبة,دوار هيشر,حي الرياض,TN145253,حي الرياض,Cite Er-Riadh,TN1452,Douar Hicher,Manubah,36.82601871,10.07298921,1.615507,7908,1.0000,scoped,constituency
منوبة,دوار هيشر,حي الشباب,TN145255,حي الشباب,Cite Ech-Chabeb,TN1452,Douar Hicher,Manubah,36.84292779,10.08048883,4.526538,10483,1.0000,scoped,constituency
منوبة,دوار هيشر,حي النسيم,TN145254,حي النسيم,Cite Ennassim,TN1452,Douar Hicher,Manubah,36.83011679,10.09162489,0.976687,2120,1.0000,scoped,constituency
منوبة,دوار هيشر,خالد بن الوليد,TN145252,خالد بن الوليد,Khaled Ibn El Oualid,TN1452,Douar Hicher,Manubah,36.82673507,10.08219745,0.452542,17809,1.0000,scoped,constituency
منوبة,دوار هيشر,دوار هيشر,TN145251,دوار هيشر,Douar Hicher,TN1452,Douar Hicher,Manubah,36.82161245,10.09695495,1.517584,19753,1.0000,scoped,constituency
منوبة,منوبة,الدندان,TN145154,الدندان,Den-Den,TN1451,Manouba,Manubah,36.80533397,10.11307348,0.617710,17595,1.0000,scoped,constituency
منوبة,منوبة,الدندان الجنوبي,TN145156,الدندان الجنوبي,Den-Den Sud,TN1451,Manouba,Manubah,36.79956449,10.11161305,0.713773,1811,1.0000,scoped,constituency
منوبة,منوبة,سيدي عمر,TN145153,سيدي عمر,Sidi Amor,TN1451,Manouba,Manubah,36.81018003,10.07325696,6.100647,5652,1.0000,scoped,constituency
منوبة,منوبة,قصر السعيد,TN145155,قصر سعيد,Ksar-Said,TN1451,Manouba,Manubah,36.81666397,10.11081000,2.145878,5245,0.8750,scoped,constituency
منوبة,منوبة,منوبة,TN145151,منوبة,Manouba,TN1451,Manouba,Manubah,36.81315160,10.09174526,1.699205,20917,1.0000,scoped,constituency
منوبة,منوبة,منوبة الوسطى,TN145152,منوبة الوسطى,Manouba Centre,TN1451,Manouba,Manubah,36.80804641,10.10251569,0.890202,7736,1.0000,scoped,constituency
منوبة,وادي الليل,الرياض,TN145353,الرياض,Er Riadh,TN1453,Oued Ellil,Manubah,36.82526665,9.99058879,6.049895,1991,1.0000,scoped,constituency
منوبة,وادي الليل,السعيدة,TN145352,السعيدة,Es Saida,TN1453,Oued Ellil,Manubah,36.82189684,9.97331773,4.153600,6085,1.0000,scoped,constituency
منوبة,وادي الليل,القباعة,TN145357,القباعة,El Kobbaa,TN1453,Oued Ellil,Manubah,36.82086281,10.06023932,1.519667,7819,1.0000,scoped,constituency
منوبة,وادي الليل,النجاة,TN145355,النجاة,Ennajet,TN1453,Oued Ellil,Manubah,36.85311837,10.05361416,12.588457,15962,1.0000,scoped,constituency
منوبة,وادي الليل,حي الورد,TN145354,حي الورد,Cite El Ouerd,TN1453,Oued Ellil,Manubah,36.84403196,10.00934386,6.758775,7201,1.0000,scoped,constituency
منوبة,وادي الليل,صنهاجة,TN145356,صنهاجة,Sanhaja,TN1453,Oued Ellil,Manubah,36.81163507,10.02417067,21.043752,5660,1.0000,scoped,constituency
منوبة,وادي الليل,وادي الليل,TN145351,وادي الليل,Oued Ellil,TN1453,Oued Ellil,Manubah,36.83253622,10.04022431,5.675690,8381,1.0000,scoped,constituency
نابل,الحمامات,الأطرش,TN156652,الأطرش,Latrach,TN1566,Hammamet,Nabeul,36.47366521,10.48461973,43.710503,2485,1.0000,scoped,constituency
نابل,الحمامات,الحمامات الجوفية,TN156655,الحمامات الجوفية,Hammamet Nord,TN1566,Hammamet,Nabeul,36.43637229,10.63344233,35.606205,8545,1.0000,scoped,constituency
نابل,الحمامات,الحمامات الشرقية,TN156656,الحمامات الشرقية,Hammamet Est,TN1566,Hammamet,Nabeul,36.40077084,10.62293590,2.692341,33100,1.0000,scoped,constituency
نابل,الحمامات,الحمامات الغربية,TN156657,الحمامات الغربية,Hammamet Ouest,TN1566,Hammamet,Nabeul,36.41199775,10.58233322,6.649923,1882,1.0000,scoped,constituency
نابل,الحمامات,المرازقة,TN156658,المرازقة,Mrezga,TN1566,Hammamet,Nabeul,36.42203675,10.66200079,5.340697,6429,1.0000,scoped,constituency
نابل,الحمامات,بئر بورقبة,TN156653,بئر بورقبة,Bir Bou Regba,TN1566,Hammamet,Nabeul,36.45499550,10.55907180,47.111768,9718,1.0000,scoped,constituency
نابل,الحمامات,براكة الساحل,TN156654,براكة الساحل,Baraket Es-Sahel,TN1566,Hammamet,Nabeul,36.40409706,10.55494266,26.873950,10127,1.0000,scoped,constituency
نابل,الحمامات,سيدي الجديدي,TN156651,سيدي الجديدي,Sidi Djedidi,TN1566,Hammamet,Nabeul,36.42636343,10.42743448,146.708617,6881,1.0000,scoped,constituency
نابل,الحمامات,ياسمين الحمامات,TN156659,ياسمين الحمامات,Yasmin Hammamet,TN1566,Hammamet,Nabeul,36.33895618,10.51596606,7.515940,3235,1.0000,scoped,constituency
نابل,الهوارية - تاكلسة,العريمة,TN156053,العريمة,El Arima,TN1560,Takelsa,Nabeul,36.72920994,10.65347002,59.392045,3613,1.0000,scoped,constituency
نابل,الهوارية - تاكلسة,الهوارية الجوفية,TN155951,الهوارية الجوفية,El Haouaria Nord,TN1559,Haouaria,Nabeul,37.04680174,11.02556042,44.091565,11628,1.0000,scoped,constituency
نابل,الهوارية - تاكلسة,الهوارية القبلية,TN155952,الهوارية القبلية,El Haouaria Sud,TN1559,Haouaria,Nabeul,36.99667371,11.00788466,13.709957,2815,1.0000,scoped,constituency
نابل,الهوارية - تاكلسة,بئر الزيت,TN156052,بئر الزيت,Bir Ezzit,TN1560,Takelsa,Nabeul,36.78563276,10.69481887,47.262255,4134,1.0000,scoped,constituency
نابل,الهوارية - تاكلسة,بوكريم,TN155955,بوكريم,Bou Krim,TN1559,Haouaria,Nabeul,36.95150221,10.91642463,48.080094,2890,1.0000,scoped,constituency
نابل,الهوارية - تاكلسة,تاكلسة الجوفية,TN156054,تاكلسة الجوفية,Takelsa Nord,TN1560,Takelsa,Nabeul,36.83854441,10.62235745,44.856492,3216,1.0000,scoped,constituency
نابل,الهوارية - تاكلسة,تاكلسة الوسطى,TN156055,تاكلسة الوسطى,Takelsa Centre,TN1560,Takelsa,Nabeul,36.78937523,10.61513742,29.035629,4733,1.0000,scoped,constituency
نابل,الهوارية - تاكلسة,تزغران الشرقية,TN155956,تزغران الشرقية,Tazaghrane Est,TN1559,Haouaria,Nabeul,36.90566904,10.89241392,25.303890,1796,1.0000,scoped,constituency
نابل,الهوارية - تاكلسة,تزغران الغربية,TN155957,تزغران الغربية,Tazaghrane Ouest,TN1559,Haouaria,Nabeul,36.87944318,10.83578904,71.809168,3360,1.0000,scoped,constituency
نابل,الهوارية - تاكلسة,زاوية المقايز,TN155958,زاوية المقايز,Zaouiet El Megaiez,TN1559,Haouaria,Nabeul,36.93668773,10.84690435,28.461037,3435,1.0000,scoped,constituency
نابل,الهوارية - تاكلسة,صاحب الجبل الجوفية,TN155953,صاحب الجبل الشمالية,Saheb El Jebel Nord,TN1559,Haouaria,Nabeul,37.02175831,10.94640957,38.547249,5043,1.0000,alias,constituency
نابل,الهوارية - تاكلسة,صاحب الجبل القبلية,TN155954,صاحب الجبل القبلية,Saheb El Jebel Sud,TN1559,Haouaria,Nabeul,36.96795547,10.96900512,39.967894,4173,1.0000,scoped,constituency
نابل,الهوارية - تاكلسة,وادي العبيد,TN156051,وادي العبيد,Oued El Abid,TN1560,Takelsa,Nabeul,36.85664150,10.72291813,97.885150,2306,1.0000,scoped,constituency
نابل,بوعرقوب - بني خلاد,الخروبة,TN156557,الخروبة,El Kharrouba,TN1565,Bou Argoub,Nabeul,36.57197030,10.62652537,19.987331,1938,1.0000,scoped,constituency
نابل,بوعرقوب - بني خلاد,القبة الكبيرة,TN156354,القبة الكبيرة,Kobba El Kebira,TN1563,Beni Khalled,Nabeul,36.60347017,10.59223560,10.361237,3231,1.0000,scoped,constituency
نابل,بوعرقوب - بني خلاد,المشروحة,TN156552,المشروحة,El Machrouha,TN1565,Bou Argoub,Nabeul,36.53115846,10.59950049,20.908180,3928,1.0000,scoped,constituency
نابل,بوعرقوب - بني خلاد,بئر دراسن,TN156355,بئر دراسن,Bir Drassen,TN1563,Beni Khalled,Nabeul,36.62426368,10.68645383,36.149056,3262,1.0000,scoped,constituency
نابل,بوعرقوب - بني خلاد,برج حفيظ,TN156553,برج حفيظ,Borj Hefaied,TN1565,Bou Argoub,Nabeul,36.49594849,10.60519720,24.660284,3884,1.0000,scoped,constituency
نابل,بوعرقوب - بني خلاد,بلي,TN156556,بلي,Belli,TN1565,Bou Argoub,Nabeul,36.55140010,10.60822628,13.007663,4689,1.0000,scoped,constituency
نابل,بوعرقوب - بني خلاد,بني خلاد الجوفية,TN156351,بني خلاد الجوفية,Beni Khalled Nord,TN1563,Beni Khalled,Nabeul,36.64942152,10.58520041,6.869344,3275,1.0000,scoped,constituency
نابل,بوعرقوب - بني خلاد,بني خلاد الشرقية,TN156356,بني خلاد الشرقية,Bni Khaled Echarkya,TN1563,Beni Khalled,Nabeul,36.65123575,10.62463596,18.246715,14254,1.0000,scoped,constituency
نابل,بوعرقوب - بني خلاد,بني خلاد القبلية,TN156352,بني خلاد القبلية تومي,Beni Khalled Sud (Toumi),TN1563,Beni Khalled,Nabeul,36.62571357,10.61476484,38.890442,2467,0.9000,scoped,constituency
نابل,بوعرقوب - بني خلاد,بوعرقوب الجوفية,TN156554,بوعرقوب الجوفية,Bou Argoub Nord,TN1565,Bou Argoub,Nabeul,36.53155576,10.53400436,26.304208,6454,1.0000,scoped,constituency
نابل,بوعرقوب - بني خلاد,بوعرقوب القبلية,TN156555,بوعرقوب القبلية,Bou Argoub Sud,TN1565,Bou Argoub,Nabeul,36.50189186,10.53374480,18.594294,1509,1.0000,scoped,constituency
نابل,بوعرقوب - بني خلاد,زاوية الجديدي,TN156353,زاوية الجديدي,Zaouiet Djedidi,TN1563,Beni Khalled,Nabeul,36.64286007,10.56656447,4.115531,5269,1.0000,scoped,constituency
نابل,بوعرقوب - بني خلاد,سيدي الظاهر,TN156551,سيدي الظاهر,Sidi Dhaher,TN1565,Bou Argoub,Nabeul,36.55252986,10.55800332,8.109085,2318,1.0000,scoped,constituency
نابل,دار شعبان الفهري - بني خيار,الصمعة,TN155354,الصمعة,Somaa,TN1553,Beni Khiar,Nabeul,36.55245110,10.77073495,38.723343,6095,1.0000,scoped,constituency
نابل,دار شعبان الفهري - بني خيار,الفرينين,TN155253,الفرينين,El Frinine,TN1552,Dar Chaabane El Fehri,Nabeul,36.55480603,10.66200553,27.940327,1957,1.0000,scoped,constituency
نابل,دار شعبان الفهري - بني خيار,الفهري,TN155252,الفهري,El Fehri,TN1552,Dar Chaabane El Fehri,Nabeul,36.45672335,10.75742735,4.751657,26034,1.0000,scoped,constituency
نابل,دار شعبان الفهري - بني خيار,المعمورة,TN155353,المعمورة,El Maamoura,TN1553,Beni Khiar,Nabeul,36.48488413,10.80839034,11.693244,6774,1.0000,scoped,constituency
نابل,دار شعبان الفهري - بني خيار,بني خيار,TN155351,بني خيار,Beni Khiar,TN1553,Beni Khiar,Nabeul,36.50789302,10.75980178,32.779905,19595,1.0000,scoped,constituency
نابل,دار شعبان الفهري - بني خيار,حلفاء,TN155355,حلفاء,Halfa,TN1553,Beni Khiar,Nabeul,36.57708474,10.71362977,11.655176,1049,1.0000,scoped,constituency
نابل,دار شعبان الفهري - بني خيار,دار شعبان,TN155251,دار شعبان,Dar Chaabane,TN1552,Dar Chaabane El Fehri,Nabeul,36.47285407,10.75025542,3.856206,19186,1.0000,scoped,constituency
نابل,دار شعبان الفهري - بني خيار,ديار بنسالم,TN155352,ديار بن سالم,Diar Ben Salem,TN1553,Beni Khiar,Nabeul,36.50448575,10.79844348,11.489650,1954,1.0000,scoped,constituency
نابل,دار شعبان الفهري - بني خيار,عمرون,TN155254,عمرون,Amroun,TN1552,Dar Chaabane El Fehri,Nabeul,36.51407761,10.71898511,32.802577,1356,1.0000,scoped,constituency
نابل,سليمان,الشريفات,TN156152,الشريفات,Ech-Cherifet,TN1561,Soliman,Nabeul,36.71268261,10.53321685,18.600961,5261,1.0000,scoped,constituency
نابل,سليمان,المريسة,TN156151,المريسة,El Mraissa,TN1561,Soliman,Nabeul,36.79402224,10.57416163,49.159948,2731,1.0000,scoped,constituency
نابل,سليمان,بوشراي,TN156153,بوشراي,Bou Charray,TN1561,Soliman,Nabeul,36.66273734,10.52404355,25.500118,3224,1.0000,scoped,constituency
نابل,سليمان,سليمان,TN156154,سليمان,Soliman,TN1561,Soliman,Nabeul,36.71972899,10.48065228,42.318503,26635,1.0000,scoped,constituency
نابل,سليمان,سليمان الجنوبية,TN156155,سليمان الجنوبية,Soliman Sud,TN1561,Soliman,Nabeul,36.69442421,10.49783904,6.706741,4738,1.0000,scoped,constituency
نابل,قربة,بني عياش,TN155451,بني عياش,Beni Ayache,TN1554,Korba,Nabeul,36.66225331,10.78082336,60.433519,12058,1.0000,scoped,constituency
نابل,قربة,بوجريدة,TN155457,بوجريدة,Bou-Jerida,TN1554,Korba,Nabeul,36.60430985,10.74215074,36.107064,2454,1.0000,scoped,constituency
نابل,قربة,بولدين,TN155458,بولدين,Boulidine,TN1554,Korba,Nabeul,36.60671109,10.80068797,23.800165,1963,1.0000,scoped,constituency
نابل,قربة,تازركة,TN155456,تازركة,Tazerka,TN1554,Korba,Nabeul,36.53819444,10.82739191,19.497067,8207,1.0000,scoped,constituency
نابل,قربة,ديار الحجاج,TN155453,ديار الحجاج,Diar El Hojaj,TN1554,Korba,Nabeul,36.62895945,10.88203735,22.931707,3120,1.0000,scoped,constituency
نابل,قربة,قربة الشرقية,TN155454,قربة الشرقية,Korba Est,TN1554,Korba,Nabeul,36.59820562,10.85661466,14.650823,13847,1.0000,scoped,constituency
نابل,قربة,قربة الغربية,TN155455,قربة الغربية,Korba Ouest,TN1554,Korba,Nabeul,36.57772226,10.83260468,11.964098,12808,1.0000,scoped,constituency
نابل,قربة,قرعة ساسي,TN155452,قرعة ساسي,Garaet Sassi,TN1554,Korba,Nabeul,36.64811273,10.85760972,16.536729,2503,1.0000,scoped,constituency
نابل,قرمبالية,تركي,TN156454,تركي,Turki,TN1564,Grombalia,Nabeul,36.57287440,10.51256312,30.802607,3235,1.0000,scoped,constituency
نابل,قرمبالية,جبل طريف,TN156458,جبل طريف,Djebel Terif,TN1564,Grombalia,Nabeul,36.51711038,10.39775336,39.870985,2675,1.0000,scoped,constituency
نابل,قرمبالية,خنقة الحجاج,TN156455,خنقة الحجاج,Khanguet El Hojjej,TN1564,Grombalia,Nabeul,36.59862115,10.39775273,58.007338,3125,1.0000,scoped,constituency
نابل,قرمبالية,شماس,TN156452,شماس,Chammes,TN1564,Grombalia,Nabeul,36.64150394,10.46801234,25.711296,4476,1.0000,scoped,constituency
نابل,قرمبالية,عين طبرنق,TN156459,عين طبرنق,Ain Tebournouk,TN1564,Grombalia,Nabeul,36.53321598,10.44526097,49.047488,2093,1.0000,scoped,constituency
نابل,قرمبالية,فندق الجديد,TN156451,فندق الجديد,Fondouk Djedid,TN1564,Grombalia,Nabeul,36.66715719,10.43452566,40.003188,9568,1.0000,scoped,constituency
نابل,قرمبالية,قرنبالية الشرقية,TN156456,قرنبالية الشرقية,Grombalia Est,TN1564,Grombalia,Nabeul,36.62574730,10.51284803,20.772267,12124,1.0000,scoped,constituency
نابل,قرمبالية,قرنبالية الغربية,TN156457,قرنبالية الغربية,Grombalia Ouest,TN1564,Grombalia,Nabeul,36.59315969,10.47114233,20.449117,8378,1.0000,scoped,constituency
نابل,قرمبالية,نيانو,TN156453,نيانو,Nianou,TN1564,Grombalia,Nabeul,36.60112361,10.56384976,12.606488,3940,1.0000,scoped,constituency
نابل,قليببية - حمام الأغزاز,أزمور,TN155753,أزمور,Azmour,TN1557,Kelibia,Nabeul,36.92233791,11.01204649,33.321054,4513,1.0000,scoped,constituency
نابل,قليببية - حمام الأغزاز,حارة الشعراء,TN155853,حارة الشعراء,Harat Ech-Choara,TN1558,Hammam Ghezaz,Nabeul,36.95981690,11.02411088,3.156012,1342,1.0000,scoped,constituency
نابل,قليببية - حمام الأغزاز,حمام الغزاز,TN155851,حمام الغزاز,Hammam El Guezaz,TN1558,Hammam Ghezaz,Nabeul,36.88926407,11.06711528,28.115715,7745,1.0000,scoped,constituency
نابل,قليببية - حمام الأغزاز,دار علوش,TN155852,دار علوش,Dar Allouch,TN1558,Hammam Ghezaz,Nabeul,36.95773660,11.06462615,57.009787,3999,1.0000,scoped,constituency
نابل,قليببية - حمام الأغزاز,قليبية الشرقية,TN155754,قليبية الشرقية,Kelibia Est,TN1557,Kelibia,Nabeul,36.85736548,11.09066674,10.765432,30306,1.0000,scoped,constituency
نابل,قليببية - حمام الأغزاز,قليبية الغربية,TN155755,قليبية الغربية,Kelibia Ouest,TN1557,Kelibia,Nabeul,36.82857517,11.05635803,23.559919,11177,1.0000,scoped,constituency
نابل,قليببية - حمام الأغزاز,ملول,TN155752,ملول,Melloul,TN1557,Kelibia,Nabeul,36.89895242,10.97242015,27.511016,1982,1.0000,scoped,constituency
نابل,قليببية - حمام الأغزاز,وادي الخطف,TN155751,وادي الخطف,Oued El Khatf,TN1557,Kelibia,Nabeul,36.84860907,11.03384575,30.197101,2388,1.0000,scoped,constituency
نابل,قليببية - حمام الأغزاز,وزدرة,TN155854,وزدرة,Ouezdra,TN1558,Hammam Ghezaz,Nabeul,36.89513585,11.09850819,5.456851,1096,1.0000,scoped,constituency
نابل,منزل بوزلفة - الميدة,أم ذويل,TN155654,أم ذويل,Oum Dhouil,TN1556,El Mida,Nabeul,36.71705581,10.80390697,27.222133,2532,1.0000,scoped,constituency
نابل,منزل بوزلفة - الميدة,الرحمة,TN156252,الرحمة,Errahma,TN1562,Menzel Bouzelfa,Nabeul,36.69795846,10.72830646,39.516036,3709,1.0000,scoped,constituency
نابل,منزل بوزلفة - الميدة,القرشيين,TN155656,القرشيين,Korchine,TN1556,El Mida,Nabeul,36.68551760,10.85382624,16.172196,1741,1.0000,scoped,constituency
نابل,منزل بوزلفة - الميدة,الميدة,TN155652,الميدة,El Mida,TN1556,El Mida,Nabeul,36.74038503,10.84946784,35.896283,8480,1.0000,scoped,constituency
نابل,منزل بوزلفة - الميدة,تافلون,TN155651,تافلون,Tafelloum,TN1556,El Mida,Nabeul,36.68514817,10.90989591,29.754517,4004,1.0000,scoped,constituency
نابل,منزل بوزلفة - الميدة,داموس الحاجة,TN156251,داموس الحاجة,Damous El Hajja,TN1562,Menzel Bouzelfa,Nabeul,36.74113268,10.73930153,23.473208,2210,1.0000,scoped,constituency
نابل,منزل بوزلفة - الميدة,فرتونة,TN155653,فرتونة,Fartouna,TN1556,El Mida,Nabeul,36.76066443,10.77698151,29.216824,3299,1.0000,scoped,constituency
نابل,منزل بوزلفة - الميدة,لبنة,TN155655,لبنة,Lebna,TN1556,El Mida,Nabeul,36.71279032,10.93731487,16.947416,1977,1.0000,scoped,constituency
نابل,منزل بوزلفة - الميدة,منزل بوزلفة الجوفية,TN156253,منزل بوزلفة الجوفية,Menzel Bou Zelfa Nord,TN1562,Menzel Bouzelfa,Nabeul,36.68309465,10.63057842,41.995005,3927,1.0000,scoped,constituency
نابل,منزل بوزلفة - الميدة,منزل بوزلفة الغربية,TN156255,منزل بوزلفة الغربية,Menzel Bou Zelfa Ouest,TN1562,Menzel Bouzelfa,Nabeul,36.70603491,10.57355060,16.965243,9971,1.0000,scoped,constituency
نابل,منزل بوزلفة - الميدة,منزل بوزلفة القبلية,TN156254,منزل بوزلفة القبلية,Menzel Bou Zelfa Sud,TN1562,Menzel Bouzelfa,Nabeul,36.67657649,10.58333539,10.439621,11312,1.0000,scoped,constituency
نابل,منزل تميم,الرعينين,TN155552,الرعينين,Erainine,TN1555,Menzel Temime,Nabeul,36.86057617,10.91833940,31.510105,3174,1.0000,scoped,constituency
نابل,منزل تميم,الصقالبة,TN155554,الصقالبة,Skalba,TN1555,Menzel Temime,Nabeul,36.79300123,10.93309988,38.647531,5323,1.0000,scoped,constituency
نابل,منزل تميم,الطيب المهيري,TN155556,الطيب المهيري,Taieb Mehiri,TN1555,Menzel Temime,Nabeul,36.77800761,10.99927744,8.030945,11669,1.0000,scoped,constituency
نابل,منزل تميم,الوديان,TN155551,الوديان,El Ouediane,TN1555,Menzel Temime,Nabeul,36.80683173,10.82427414,63.528148,3771,1.0000,scoped,constituency
نابل,منزل تميم,بني عبد العزيز,TN155553,بني عبد العزيز,Beni-Abdelaziz,TN1555,Menzel Temime,Nabeul,36.83422709,10.97299738,44.966071,2157,1.0000,scoped,constituency
نابل,منزل تميم,عصفور,TN155558,عصفور,El Asfour,TN1555,Menzel Temime,Nabeul,36.75806323,10.91236689,36.519768,2305,1.0000,scoped,constituency
نابل,منزل تميم,علي البلهوان,TN155555,علي البلهوان,Ali Belhaouene,TN1555,Menzel Temime,Nabeul,36.79022343,10.99803884,7.206135,13162,1.0000,scoped,constituency
نابل,منزل تميم,لزدين,TN155559,لزيدين,Lezdine,TN1555,Menzel Temime,Nabeul,36.81726954,10.89437411,14.925574,2284,0.9091,scoped,constituency
نابل,منزل تميم,منزل حر,TN155557,منزل حر,Menzel Horr,TN1555,Menzel Temime,Nabeul,36.74234087,10.96994549,14.572336,4366,1.0000,scoped,constituency
نابل,نابل,الأسواق,TN155151,الأسواق,El Asouak,TN1551,Nabeul,Nabeul,36.45784465,10.73362503,0.701423,3514,1.0000,scoped,constituency
نابل,نابل,الحدائق,TN155155,الحدائق,El Hadayek,TN1551,Nabeul,Nabeul,36.44962632,10.74173013,1.894710,10275,1.0000,scoped,constituency
نابل,نابل,النور,TN155152,النور,Ennour,TN1551,Nabeul,Nabeul,36.47550977,10.71548581,5.973050,11309,1.0000,scoped,constituency
نابل,نابل,الهادي شاكر,TN155156,الهادي شاكر,Hedi Chaker,TN1551,Nabeul,Nabeul,36.49305194,10.66755163,45.745206,2072,1.0000,scoped,constituency
نابل,نابل,بئر شلوف,TN155153,بئر شلوف,Bir Challouf,TN1551,Nabeul,Nabeul,36.46553779,10.70664940,9.624831,25057,1.0000,scoped,constituency
نابل,نابل,نيابوليس,TN155154,نيابوليس,Niapolis,TN1551,Nabeul,Nabeul,36.43981093,10.69991390,8.720941,16070,1.0000,scoped,constituency
